<?xml version="1.0" encoding="UTF-8" standalone="yes"?>
<Audio>
	<entry id="1060200101" project="LAO" informant="INF020" reel="1a" region="1" narrative="_Q" label="Non-Interview" state="OK" sex="M " age="48" age_level="2" education="4" town="Guthrie" county="Logan" land_regions="D" locality="U" date="1962" latitude="35.87906" longitude="-97.42404" file_name="LAO(INF020)1a 01 Non-Interview.mp3" path_to_file="LAP\Projects\LAO\Speakers\LAO(INF020)\Audio\LAO(INF020)1a\LAO(INF020)1a 01 Non-Interview.mp3"/>
	<entry id="1060200102" project="LAO" informant="INF020" reel="1a" region="2" narrative="_Q" label="Non-Interview" state="OK" sex="M " age="48" age_level="2" education="4" town="Guthrie" county="Logan" land_regions="D" locality="U" date="1962" latitude="35.87906" longitude="-97.42404" file_name="LAO(INF020)1a 02 Non-Interview.mp3" path_to_file="LAP\Projects\LAO\Speakers\LAO(INF020)\Audio\LAO(INF020)1a\LAO(INF020)1a 02 Non-Interview.mp3"/>
	<entry id="1060200103" project="LAO" informant="INF020" reel="1a" region="3" narrative="_Q" label="Non-Interview " state="OK" sex="M " age="48" age_level="2" education="4" town="Guthrie" county="Logan" land_regions="D" locality="U" date="1962" latitude="35.87906" longitude="-97.42404" file_name="LAO(INF020)1a 03 Non-Interview .mp3" path_to_file="LAP\Projects\LAO\Speakers\LAO(INF020)\Audio\LAO(INF020)1a\LAO(INF020)1a 03 Non-Interview .mp3"/>
	<entry id="1060200104" project="LAO" informant="INF020" reel="1a" region="4" narrative="_Q" label="Dwellings" state="OK" sex="M " age="48" age_level="2" education="4" town="Guthrie" county="Logan" land_regions="D" locality="U" date="1962" latitude="35.87906" longitude="-97.42404" file_name="LAO(INF020)1a 04 Dwellings.mp3" path_to_file="LAP\Projects\LAO\Speakers\LAO(INF020)\Audio\LAO(INF020)1a\LAO(INF020)1a 04 Dwellings.mp3"/>
	<entry id="1060200105" project="LAO" informant="INF020" reel="1a" region="5" narrative="_Q" label="Food and Cooking" state="OK" sex="M " age="48" age_level="2" education="4" town="Guthrie" county="Logan" land_regions="D" locality="U" date="1962" latitude="35.87906" longitude="-97.42404" file_name="LAO(INF020)1a 05 Food and Cooking.mp3" path_to_file="LAP\Projects\LAO\Speakers\LAO(INF020)\Audio\LAO(INF020)1a\LAO(INF020)1a 05 Food and Cooking.mp3"/>
	<entry id="1060200106" project="LAO" informant="INF020" reel="1a" region="6" narrative="_Q" label="Containers and Utensils" state="OK" sex="M " age="48" age_level="2" education="4" town="Guthrie" county="Logan" land_regions="D" locality="U" date="1962" latitude="35.87906" longitude="-97.42404" file_name="LAO(INF020)1a 06 Containers and Utensils.mp3" path_to_file="LAP\Projects\LAO\Speakers\LAO(INF020)\Audio\LAO(INF020)1a\LAO(INF020)1a 06 Containers and Utensils.mp3"/>
	<entry id="1060200107" project="LAO" informant="INF020" reel="1a" region="7" narrative="_Q" label="The Farm" state="OK" sex="M " age="48" age_level="2" education="4" town="Guthrie" county="Logan" land_regions="D" locality="U" date="1962" latitude="35.87906" longitude="-97.42404" file_name="LAO(INF020)1a 07 The Farm.mp3" path_to_file="LAP\Projects\LAO\Speakers\LAO(INF020)\Audio\LAO(INF020)1a\LAO(INF020)1a 07 The Farm.mp3"/>
	<entry id="3060200101" project="LAO" informant="INF020" reel="1a" region="0" narrative="_I" label="Metadata" state="OK" sex="M " age="48" age_level="2" education="4" town="Guthrie" county="Logan" land_regions="D" locality="U" date="1962" latitude="35.87906" longitude="-97.42404" file_name="LAO(INF020)1ameta.txt" path_to_file="LAP\Projects\LAO\Speakers\LAO(INF020)\Audio\LAO(INF020)1a\LAO(INF020)1ameta.txt"/>
	<entry id="1060200108" project="LAO" informant="INF020" reel="1b" region="1" narrative="_Q" label="The Farm" state="OK" sex="M " age="48" age_level="2" education="4" town="Guthrie" county="Logan" land_regions="D" locality="U" date="1962" latitude="35.87906" longitude="-97.42404" file_name="LAO(INF020)1b 01 The Farm.mp3" path_to_file="LAP\Projects\LAO\Speakers\LAO(INF020)\Audio\LAO(INF020)1b\LAO(INF020)1b 01 The Farm.mp3"/>
	<entry id="1060200109" project="LAO" informant="INF020" reel="1b" region="2" narrative="_Q" label="The Farm" state="OK" sex="M " age="48" age_level="2" education="4" town="Guthrie" county="Logan" land_regions="D" locality="U" date="1962" latitude="35.87906" longitude="-97.42404" file_name="LAO(INF020)1b 02 The Farm.mp3" path_to_file="LAP\Projects\LAO\Speakers\LAO(INF020)\Audio\LAO(INF020)1b\LAO(INF020)1b 02 The Farm.mp3"/>
	<entry id="1060200110" project="LAO" informant="INF020" reel="1b" region="3" narrative="_Q" label="Verbs_Principal Parts" state="OK" sex="M " age="48" age_level="2" education="4" town="Guthrie" county="Logan" land_regions="D" locality="U" date="1962" latitude="35.87906" longitude="-97.42404" file_name="LAO(INF020)1b 03 Verbs_Principal Parts.mp3" path_to_file="LAP\Projects\LAO\Speakers\LAO(INF020)\Audio\LAO(INF020)1b\LAO(INF020)1b 03 Verbs_Principal Parts.mp3"/>
	<entry id="1060200111" project="LAO" informant="INF020" reel="1b" region="4" narrative="_Q" label="Vehicles" state="OK" sex="M " age="48" age_level="2" education="4" town="Guthrie" county="Logan" land_regions="D" locality="U" date="1962" latitude="35.87906" longitude="-97.42404" file_name="LAO(INF020)1b 04 Vehicles.mp3" path_to_file="LAP\Projects\LAO\Speakers\LAO(INF020)\Audio\LAO(INF020)1b\LAO(INF020)1b 04 Vehicles.mp3"/>
	<entry id="1060200112" project="LAO" informant="INF020" reel="1b" region="5" narrative="_Q" label="Vehicles" state="OK" sex="M " age="48" age_level="2" education="4" town="Guthrie" county="Logan" land_regions="D" locality="U" date="1962" latitude="35.87906" longitude="-97.42404" file_name="LAO(INF020)1b 05 Vehicles.mp3" path_to_file="LAP\Projects\LAO\Speakers\LAO(INF020)\Audio\LAO(INF020)1b\LAO(INF020)1b 05 Vehicles.mp3"/>
	<entry id="1060200113" project="LAO" informant="INF020" reel="1b" region="6" narrative="_Q" label="Sport and Play" state="OK" sex="M " age="48" age_level="2" education="4" town="Guthrie" county="Logan" land_regions="D" locality="U" date="1962" latitude="35.87906" longitude="-97.42404" file_name="LAO(INF020)1b 06 Sport and Play.mp3" path_to_file="LAP\Projects\LAO\Speakers\LAO(INF020)\Audio\LAO(INF020)1b\LAO(INF020)1b 06 Sport and Play.mp3"/>
	<entry id="1060200114" project="LAO" informant="INF020" reel="1b" region="7" narrative="_Q" label="Clothing" state="OK" sex="M " age="48" age_level="2" education="4" town="Guthrie" county="Logan" land_regions="D" locality="U" date="1962" latitude="35.87906" longitude="-97.42404" file_name="LAO(INF020)1b 07 Clothing.mp3" path_to_file="LAP\Projects\LAO\Speakers\LAO(INF020)\Audio\LAO(INF020)1b\LAO(INF020)1b 07 Clothing.mp3"/>
	<entry id="3060200102" project="LAO" informant="INF020" reel="1b" region="0" narrative="_I" label="Metadata" state="OK" sex="M " age="48" age_level="2" education="4" town="Guthrie" county="Logan" land_regions="D" locality="U" date="1962" latitude="35.87906" longitude="-97.42404" file_name="LAO(INF020)1bmeta.txt" path_to_file="LAP\Projects\LAO\Speakers\LAO(INF020)\Audio\LAO(INF020)1b\LAO(INF020)1bmeta.txt"/>
	<entry id="1060200115" project="LAO" informant="INF020" reel="1c" region="1" narrative="_Q" label="Dwellings" state="OK" sex="M " age="48" age_level="2" education="4" town="Guthrie" county="Logan" land_regions="D" locality="U" date="1962" latitude="35.87906" longitude="-97.42404" file_name="LAO(INF020)1c 01 Dwellings.mp3" path_to_file="LAP\Projects\LAO\Speakers\LAO(INF020)\Audio\LAO(INF020)1c\LAO(INF020)1c 01 Dwellings.mp3"/>
	<entry id="1060200116" project="LAO" informant="INF020" reel="1c" region="2" narrative="_Q" label="Topography" state="OK" sex="M " age="48" age_level="2" education="4" town="Guthrie" county="Logan" land_regions="D" locality="U" date="1962" latitude="35.87906" longitude="-97.42404" file_name="LAO(INF020)1c 02 Topography.mp3" path_to_file="LAP\Projects\LAO\Speakers\LAO(INF020)\Audio\LAO(INF020)1c\LAO(INF020)1c 02 Topography.mp3"/>
	<entry id="1060200117" project="LAO" informant="INF020" reel="1c" region="3" narrative="_Q" label="Topography" state="OK" sex="M " age="48" age_level="2" education="4" town="Guthrie" county="Logan" land_regions="D" locality="U" date="1962" latitude="35.87906" longitude="-97.42404" file_name="LAO(INF020)1c 03 Topography.mp3" path_to_file="LAP\Projects\LAO\Speakers\LAO(INF020)\Audio\LAO(INF020)1c\LAO(INF020)1c 03 Topography.mp3"/>
	<entry id="1060200118" project="LAO" informant="INF020" reel="1c" region="4" narrative="_Q" label="Domestic Animals" state="OK" sex="M " age="48" age_level="2" education="4" town="Guthrie" county="Logan" land_regions="D" locality="U" date="1962" latitude="35.87906" longitude="-97.42404" file_name="LAO(INF020)1c 04 Domestic Animals.mp3" path_to_file="LAP\Projects\LAO\Speakers\LAO(INF020)\Audio\LAO(INF020)1c\LAO(INF020)1c 04 Domestic Animals.mp3"/>
	<entry id="1060200119" project="LAO" informant="INF020" reel="1c" region="5" narrative="_Q" label="Domestic Animals " state="OK" sex="M " age="48" age_level="2" education="4" town="Guthrie" county="Logan" land_regions="D" locality="U" date="1962" latitude="35.87906" longitude="-97.42404" file_name="LAO(INF020)1c 05 Domestic Animals .mp3" path_to_file="LAP\Projects\LAO\Speakers\LAO(INF020)\Audio\LAO(INF020)1c\LAO(INF020)1c 05 Domestic Animals .mp3"/>
	<entry id="1060200120" project="LAO" informant="INF020" reel="1c" region="6" narrative="_Q" label="Calls to Animals " state="OK" sex="M " age="48" age_level="2" education="4" town="Guthrie" county="Logan" land_regions="D" locality="U" date="1962" latitude="35.87906" longitude="-97.42404" file_name="LAO(INF020)1c 06 Calls to Animals .mp3" path_to_file="LAP\Projects\LAO\Speakers\LAO(INF020)\Audio\LAO(INF020)1c\LAO(INF020)1c 06 Calls to Animals .mp3"/>
	<entry id="1060200121" project="LAO" informant="INF020" reel="1c" region="7" narrative="_Q" label="Agriculture" state="OK" sex="M " age="48" age_level="2" education="4" town="Guthrie" county="Logan" land_regions="D" locality="U" date="1962" latitude="35.87906" longitude="-97.42404" file_name="LAO(INF020)1c 07 Agriculture.mp3" path_to_file="LAP\Projects\LAO\Speakers\LAO(INF020)\Audio\LAO(INF020)1c\LAO(INF020)1c 07 Agriculture.mp3"/>
	<entry id="1060200122" project="LAO" informant="INF020" reel="1c" region="8" narrative="_Q" label="Conjunctions " state="OK" sex="M " age="48" age_level="2" education="4" town="Guthrie" county="Logan" land_regions="D" locality="U" date="1962" latitude="35.87906" longitude="-97.42404" file_name="LAO(INF020)1c 08 Conjunctions .mp3" path_to_file="LAP\Projects\LAO\Speakers\LAO(INF020)\Audio\LAO(INF020)1c\LAO(INF020)1c 08 Conjunctions .mp3"/>
	<entry id="3060200103" project="LAO" informant="INF020" reel="1c" region="0" narrative="_I" label="Metadata" state="OK" sex="M " age="48" age_level="2" education="4" town="Guthrie" county="Logan" land_regions="D" locality="U" date="1962" latitude="35.87906" longitude="-97.42404" file_name="LAO(INF020)1cmeta.txt" path_to_file="LAP\Projects\LAO\Speakers\LAO(INF020)\Audio\LAO(INF020)1c\LAO(INF020)1cmeta.txt"/>
	<entry id="1060200201" project="LAO" informant="INF020" reel="2a" region="1" narrative="_Q" label="Sport and Play " state="OK" sex="M " age="48" age_level="2" education="4" town="Guthrie" county="Logan" land_regions="D" locality="U" date="1962" latitude="35.87906" longitude="-97.42404" file_name="LAO(INF020)2a 01 Sport and Play .mp3" path_to_file="LAP\Projects\LAO\Speakers\LAO(INF020)\Audio\LAO(INF020)2a\LAO(INF020)2a 01 Sport and Play .mp3"/>
	<entry id="1060200202" project="LAO" informant="INF020" reel="2a" region="2" narrative="_Q" label="Food and Cooking" state="OK" sex="M " age="48" age_level="2" education="4" town="Guthrie" county="Logan" land_regions="D" locality="U" date="1962" latitude="35.87906" longitude="-97.42404" file_name="LAO(INF020)2a 02 Food and Cooking.mp3" path_to_file="LAP\Projects\LAO\Speakers\LAO(INF020)\Audio\LAO(INF020)2a\LAO(INF020)2a 02 Food and Cooking.mp3"/>
	<entry id="1060200203" project="LAO" informant="INF020" reel="2a" region="3" narrative="_Q" label="Food and Cooking" state="OK" sex="M " age="48" age_level="2" education="4" town="Guthrie" county="Logan" land_regions="D" locality="U" date="1962" latitude="35.87906" longitude="-97.42404" file_name="LAO(INF020)2a 03 Food and Cooking.mp3" path_to_file="LAP\Projects\LAO\Speakers\LAO(INF020)\Audio\LAO(INF020)2a\LAO(INF020)2a 03 Food and Cooking.mp3"/>
	<entry id="1060200204" project="LAO" informant="INF020" reel="2a" region="4" narrative="_Q" label="Food and Cooking" state="OK" sex="M " age="48" age_level="2" education="4" town="Guthrie" county="Logan" land_regions="D" locality="U" date="1962" latitude="35.87906" longitude="-97.42404" file_name="LAO(INF020)2a 04 Food and Cooking.mp3" path_to_file="LAP\Projects\LAO\Speakers\LAO(INF020)\Audio\LAO(INF020)2a\LAO(INF020)2a 04 Food and Cooking.mp3"/>
	<entry id="1060200205" project="LAO" informant="INF020" reel="2a" region="5" narrative="_Q" label="Vegetables" state="OK" sex="M " age="48" age_level="2" education="4" town="Guthrie" county="Logan" land_regions="D" locality="U" date="1962" latitude="35.87906" longitude="-97.42404" file_name="LAO(INF020)2a 05 Vegetables.mp3" path_to_file="LAP\Projects\LAO\Speakers\LAO(INF020)\Audio\LAO(INF020)2a\LAO(INF020)2a 05 Vegetables.mp3"/>
	<entry id="1060200206" project="LAO" informant="INF020" reel="2a" region="6" narrative="_Q" label="Vegetables " state="OK" sex="M " age="48" age_level="2" education="4" town="Guthrie" county="Logan" land_regions="D" locality="U" date="1962" latitude="35.87906" longitude="-97.42404" file_name="LAO(INF020)2a 06 Vegetables .mp3" path_to_file="LAP\Projects\LAO\Speakers\LAO(INF020)\Audio\LAO(INF020)2a\LAO(INF020)2a 06 Vegetables .mp3"/>
	<entry id="1060200207" project="LAO" informant="INF020" reel="2a" region="7" narrative="_Q" label="Food and Cooking" state="OK" sex="M " age="48" age_level="2" education="4" town="Guthrie" county="Logan" land_regions="D" locality="U" date="1962" latitude="35.87906" longitude="-97.42404" file_name="LAO(INF020)2a 07 Food and Cooking.mp3" path_to_file="LAP\Projects\LAO\Speakers\LAO(INF020)\Audio\LAO(INF020)2a\LAO(INF020)2a 07 Food and Cooking.mp3"/>
	<entry id="3060200201" project="LAO" informant="INF020" reel="2a" region="0" narrative="_I" label="Metadata" state="OK" sex="M " age="48" age_level="2" education="4" town="Guthrie" county="Logan" land_regions="D" locality="U" date="1962" latitude="35.87906" longitude="-97.42404" file_name="LAO(INF020)2ameta.txt" path_to_file="LAP\Projects\LAO\Speakers\LAO(INF020)\Audio\LAO(INF020)2a\LAO(INF020)2ameta.txt"/>
	<entry id="1060200208" project="LAO" informant="INF020" reel="2b" region="1" narrative="_Q" label="Wild Animals" state="OK" sex="M " age="48" age_level="2" education="4" town="Guthrie" county="Logan" land_regions="D" locality="U" date="1962" latitude="35.87906" longitude="-97.42404" file_name="LAO(INF020)2b 01 Wild Animals.mp3" path_to_file="LAP\Projects\LAO\Speakers\LAO(INF020)\Audio\LAO(INF020)2b\LAO(INF020)2b 01 Wild Animals.mp3"/>
	<entry id="1060200209" project="LAO" informant="INF020" reel="2b" region="2" narrative="_Q" label="Wild Animals" state="OK" sex="M " age="48" age_level="2" education="4" town="Guthrie" county="Logan" land_regions="D" locality="U" date="1962" latitude="35.87906" longitude="-97.42404" file_name="LAO(INF020)2b 02 Wild Animals.mp3" path_to_file="LAP\Projects\LAO\Speakers\LAO(INF020)\Audio\LAO(INF020)2b\LAO(INF020)2b 02 Wild Animals.mp3"/>
	<entry id="1060200210" project="LAO" informant="INF020" reel="2b" region="3" narrative="_Q" label="Topography" state="OK" sex="M " age="48" age_level="2" education="4" town="Guthrie" county="Logan" land_regions="D" locality="U" date="1962" latitude="35.87906" longitude="-97.42404" file_name="LAO(INF020)2b 03 Topography.mp3" path_to_file="LAP\Projects\LAO\Speakers\LAO(INF020)\Audio\LAO(INF020)2b\LAO(INF020)2b 03 Topography.mp3"/>
	<entry id="1060200211" project="LAO" informant="INF020" reel="2b" region="4" narrative="_Q" label="Family" state="OK" sex="M " age="48" age_level="2" education="4" town="Guthrie" county="Logan" land_regions="D" locality="U" date="1962" latitude="35.87906" longitude="-97.42404" file_name="LAO(INF020)2b 04 Family.mp3" path_to_file="LAP\Projects\LAO\Speakers\LAO(INF020)\Audio\LAO(INF020)2b\LAO(INF020)2b 04 Family.mp3"/>
	<entry id="1060200212" project="LAO" informant="INF020" reel="2b" region="5" narrative="_Q" label="Social Relations " state="OK" sex="M " age="48" age_level="2" education="4" town="Guthrie" county="Logan" land_regions="D" locality="U" date="1962" latitude="35.87906" longitude="-97.42404" file_name="LAO(INF020)2b 05 Social Relations .mp3" path_to_file="LAP\Projects\LAO\Speakers\LAO(INF020)\Audio\LAO(INF020)2b\LAO(INF020)2b 05 Social Relations .mp3"/>
	<entry id="1060200213" project="LAO" informant="INF020" reel="2b" region="6" narrative="_Q" label="Social Relations" state="OK" sex="M " age="48" age_level="2" education="4" town="Guthrie" county="Logan" land_regions="D" locality="U" date="1962" latitude="35.87906" longitude="-97.42404" file_name="LAO(INF020)2b 06 Social Relations.mp3" path_to_file="LAP\Projects\LAO\Speakers\LAO(INF020)\Audio\LAO(INF020)2b\LAO(INF020)2b 06 Social Relations.mp3"/>
	<entry id="1060200214" project="LAO" informant="INF020" reel="2b" region="7" narrative="_Q" label="Verbs_Principal Parts" state="OK" sex="M " age="48" age_level="2" education="4" town="Guthrie" county="Logan" land_regions="D" locality="U" date="1962" latitude="35.87906" longitude="-97.42404" file_name="LAO(INF020)2b 07 Verbs_Principal Parts.mp3" path_to_file="LAP\Projects\LAO\Speakers\LAO(INF020)\Audio\LAO(INF020)2b\LAO(INF020)2b 07 Verbs_Principal Parts.mp3"/>
	<entry id="3060200202" project="LAO" informant="INF020" reel="2b" region="0" narrative="_I" label="Metadata" state="OK" sex="M " age="48" age_level="2" education="4" town="Guthrie" county="Logan" land_regions="D" locality="U" date="1962" latitude="35.87906" longitude="-97.42404" file_name="LAO(INF020)2bmeta.txt" path_to_file="LAP\Projects\LAO\Speakers\LAO(INF020)\Audio\LAO(INF020)2b\LAO(INF020)2bmeta.txt"/>
	<entry id="1060200215" project="LAO" informant="INF020" reel="2c" region="1" narrative="_Q" label="Body Parts" state="OK" sex="M " age="48" age_level="2" education="4" town="Guthrie" county="Logan" land_regions="D" locality="U" date="1962" latitude="35.87906" longitude="-97.42404" file_name="LAO(INF020)2c 01 Body Parts.mp3" path_to_file="LAP\Projects\LAO\Speakers\LAO(INF020)\Audio\LAO(INF020)2c\LAO(INF020)2c 01 Body Parts.mp3"/>
	<entry id="1060200216" project="LAO" informant="INF020" reel="2c" region="2" narrative="_Q" label="Personal Characteristics" state="OK" sex="M " age="48" age_level="2" education="4" town="Guthrie" county="Logan" land_regions="D" locality="U" date="1962" latitude="35.87906" longitude="-97.42404" file_name="LAO(INF020)2c 02 Personal Characteristics.mp3" path_to_file="LAP\Projects\LAO\Speakers\LAO(INF020)\Audio\LAO(INF020)2c\LAO(INF020)2c 02 Personal Characteristics.mp3"/>
	<entry id="1060200217" project="LAO" informant="INF020" reel="2c" region="3" narrative="_Q" label="Illness and Death " state="OK" sex="M " age="48" age_level="2" education="4" town="Guthrie" county="Logan" land_regions="D" locality="U" date="1962" latitude="35.87906" longitude="-97.42404" file_name="LAO(INF020)2c 03 Illness and Death .mp3" path_to_file="LAP\Projects\LAO\Speakers\LAO(INF020)\Audio\LAO(INF020)2c\LAO(INF020)2c 03 Illness and Death .mp3"/>
	<entry id="1060200218" project="LAO" informant="INF020" reel="2c" region="4" narrative="_Q" label="Illness and Death " state="OK" sex="M " age="48" age_level="2" education="4" town="Guthrie" county="Logan" land_regions="D" locality="U" date="1962" latitude="35.87906" longitude="-97.42404" file_name="LAO(INF020)2c 04 Illness and Death .mp3" path_to_file="LAP\Projects\LAO\Speakers\LAO(INF020)\Audio\LAO(INF020)2c\LAO(INF020)2c 04 Illness and Death .mp3"/>
	<entry id="1060200219" project="LAO" informant="INF020" reel="2c" region="5" narrative="_Q" label="Social Relations " state="OK" sex="M " age="48" age_level="2" education="4" town="Guthrie" county="Logan" land_regions="D" locality="U" date="1962" latitude="35.87906" longitude="-97.42404" file_name="LAO(INF020)2c 05 Social Relations .mp3" path_to_file="LAP\Projects\LAO\Speakers\LAO(INF020)\Audio\LAO(INF020)2c\LAO(INF020)2c 05 Social Relations .mp3"/>
	<entry id="1060200220" project="LAO" informant="INF020" reel="2c" region="6" narrative="_Q" label="Public Institutions" state="OK" sex="M " age="48" age_level="2" education="4" town="Guthrie" county="Logan" land_regions="D" locality="U" date="1962" latitude="35.87906" longitude="-97.42404" file_name="LAO(INF020)2c 06 Public Institutions.mp3" path_to_file="LAP\Projects\LAO\Speakers\LAO(INF020)\Audio\LAO(INF020)2c\LAO(INF020)2c 06 Public Institutions.mp3"/>
	<entry id="1060200221" project="LAO" informant="INF020" reel="2c" region="7" narrative="_Q" label="Geography" state="OK" sex="M " age="48" age_level="2" education="4" town="Guthrie" county="Logan" land_regions="D" locality="U" date="1962" latitude="35.87906" longitude="-97.42404" file_name="LAO(INF020)2c 07 Geography.mp3" path_to_file="LAP\Projects\LAO\Speakers\LAO(INF020)\Audio\LAO(INF020)2c\LAO(INF020)2c 07 Geography.mp3"/>
	<entry id="3060200203" project="LAO" informant="INF020" reel="2c" region="0" narrative="_I" label="Metadata" state="OK" sex="M " age="48" age_level="2" education="4" town="Guthrie" county="Logan" land_regions="D" locality="U" date="1962" latitude="35.87906" longitude="-97.42404" file_name="LAO(INF020)2cmeta.txt" path_to_file="LAP\Projects\LAO\Speakers\LAO(INF020)\Audio\LAO(INF020)2c\LAO(INF020)2cmeta.txt"/>
	<entry id="1060200301" project="LAO" informant="INF020" reel="3a" region="1" narrative="_Q" label="Religion" state="OK" sex="M " age="48" age_level="2" education="4" town="Guthrie" county="Logan" land_regions="D" locality="U" date="1962" latitude="35.87906" longitude="-97.42404" file_name="LAO(INF020)3a 01 Religion.mp3" path_to_file="LAP\Projects\LAO\Speakers\LAO(INF020)\Audio\LAO(INF020)3a\LAO(INF020)3a 01 Religion.mp3"/>
	<entry id="1060200302" project="LAO" informant="INF020" reel="3a" region="2" narrative="_Q" label="Greetings and Salutations " state="OK" sex="M " age="48" age_level="2" education="4" town="Guthrie" county="Logan" land_regions="D" locality="U" date="1962" latitude="35.87906" longitude="-97.42404" file_name="LAO(INF020)3a 02 Greetings and Salutations .mp3" path_to_file="LAP\Projects\LAO\Speakers\LAO(INF020)\Audio\LAO(INF020)3a\LAO(INF020)3a 02 Greetings and Salutations .mp3"/>
	<entry id="1060200303" project="LAO" informant="INF020" reel="3a" region="3" narrative="_Q" label="Verbs_Principal Parts" state="OK" sex="M " age="48" age_level="2" education="4" town="Guthrie" county="Logan" land_regions="D" locality="U" date="1962" latitude="35.87906" longitude="-97.42404" file_name="LAO(INF020)3a 03 Verbs_Principal Parts.mp3" path_to_file="LAP\Projects\LAO\Speakers\LAO(INF020)\Audio\LAO(INF020)3a\LAO(INF020)3a 03 Verbs_Principal Parts.mp3"/>
	<entry id="1060200304" project="LAO" informant="INF020" reel="3a" region="4" narrative="_Q" label="Verbs_Be, Have, Do" state="OK" sex="M " age="48" age_level="2" education="4" town="Guthrie" county="Logan" land_regions="D" locality="U" date="1962" latitude="35.87906" longitude="-97.42404" file_name="LAO(INF020)3a 04 Verbs_Be, Have, Do.mp3" path_to_file="LAP\Projects\LAO\Speakers\LAO(INF020)\Audio\LAO(INF020)3a\LAO(INF020)3a 04 Verbs_Be, Have, Do.mp3"/>
	<entry id="1060200305" project="LAO" informant="INF020" reel="3a" region="5" narrative="_Q" label="Verbs_Be, Have, Do" state="OK" sex="M " age="48" age_level="2" education="4" town="Guthrie" county="Logan" land_regions="D" locality="U" date="1962" latitude="35.87906" longitude="-97.42404" file_name="LAO(INF020)3a 05 Verbs_Be, Have, Do.mp3" path_to_file="LAP\Projects\LAO\Speakers\LAO(INF020)\Audio\LAO(INF020)3a\LAO(INF020)3a 05 Verbs_Be, Have, Do.mp3"/>
	<entry id="1060200306" project="LAO" informant="INF020" reel="3a" region="6" narrative="_Q" label="Numerals " state="OK" sex="M " age="48" age_level="2" education="4" town="Guthrie" county="Logan" land_regions="D" locality="U" date="1962" latitude="35.87906" longitude="-97.42404" file_name="LAO(INF020)3a 06 Numerals .mp3" path_to_file="LAP\Projects\LAO\Speakers\LAO(INF020)\Audio\LAO(INF020)3a\LAO(INF020)3a 06 Numerals .mp3"/>
	<entry id="1060200307" project="LAO" informant="INF020" reel="3a" region="7" narrative="_Q" label="Time" state="OK" sex="M " age="48" age_level="2" education="4" town="Guthrie" county="Logan" land_regions="D" locality="U" date="1962" latitude="35.87906" longitude="-97.42404" file_name="LAO(INF020)3a 07 Time.mp3" path_to_file="LAP\Projects\LAO\Speakers\LAO(INF020)\Audio\LAO(INF020)3a\LAO(INF020)3a 07 Time.mp3"/>
	<entry id="3060200301" project="LAO" informant="INF020" reel="3a" region="0" narrative="_I" label="Metadata" state="OK" sex="M " age="48" age_level="2" education="4" town="Guthrie" county="Logan" land_regions="D" locality="U" date="1962" latitude="35.87906" longitude="-97.42404" file_name="LAO(INF020)3ameta.txt" path_to_file="LAP\Projects\LAO\Speakers\LAO(INF020)\Audio\LAO(INF020)3a\LAO(INF020)3ameta.txt"/>
	<entry id="1060200308" project="LAO" informant="INF020" reel="3b" region="1" narrative="_Q" label="Time" state="OK" sex="M " age="48" age_level="2" education="4" town="Guthrie" county="Logan" land_regions="D" locality="U" date="1962" latitude="35.87906" longitude="-97.42404" file_name="LAO(INF020)3b 01 Time.mp3" path_to_file="LAP\Projects\LAO\Speakers\LAO(INF020)\Audio\LAO(INF020)3b\LAO(INF020)3b 01 Time.mp3"/>
	<entry id="1060200309" project="LAO" informant="INF020" reel="3b" region="2" narrative="_Q" label="Weather" state="OK" sex="M " age="48" age_level="2" education="4" town="Guthrie" county="Logan" land_regions="D" locality="U" date="1962" latitude="35.87906" longitude="-97.42404" file_name="LAO(INF020)3b 02 Weather.mp3" path_to_file="LAP\Projects\LAO\Speakers\LAO(INF020)\Audio\LAO(INF020)3b\LAO(INF020)3b 02 Weather.mp3"/>
	<entry id="1060200310" project="LAO" informant="INF020" reel="3b" region="3" narrative="_Q" label="Verbs_Be, Have, Do" state="OK" sex="M " age="48" age_level="2" education="4" town="Guthrie" county="Logan" land_regions="D" locality="U" date="1962" latitude="35.87906" longitude="-97.42404" file_name="LAO(INF020)3b 03 Verbs_Be, Have, Do.mp3" path_to_file="LAP\Projects\LAO\Speakers\LAO(INF020)\Audio\LAO(INF020)3b\LAO(INF020)3b 03 Verbs_Be, Have, Do.mp3"/>
	<entry id="1060200311" project="LAO" informant="INF020" reel="3b" region="4" narrative="_Q" label="Verbs_Principal Parts" state="OK" sex="M " age="48" age_level="2" education="4" town="Guthrie" county="Logan" land_regions="D" locality="U" date="1962" latitude="35.87906" longitude="-97.42404" file_name="LAO(INF020)3b 04 Verbs_Principal Parts.mp3" path_to_file="LAP\Projects\LAO\Speakers\LAO(INF020)\Audio\LAO(INF020)3b\LAO(INF020)3b 04 Verbs_Principal Parts.mp3"/>
	<entry id="1060200312" project="LAO" informant="INF020" reel="3b" region="5" narrative="_Q" label="Preposition" state="OK" sex="M " age="48" age_level="2" education="4" town="Guthrie" county="Logan" land_regions="D" locality="U" date="1962" latitude="35.87906" longitude="-97.42404" file_name="LAO(INF020)3b 05 Preposition.mp3" path_to_file="LAP\Projects\LAO\Speakers\LAO(INF020)\Audio\LAO(INF020)3b\LAO(INF020)3b 05 Preposition.mp3"/>
	<entry id="1060200313" project="LAO" informant="INF020" reel="3b" region="6" narrative="_N" label="Names, Titles and Occupations" state="OK" sex="M " age="48" age_level="2" education="4" town="Guthrie" county="Logan" land_regions="D" locality="U" date="1962" latitude="35.87906" longitude="-97.42404" file_name="LAO(INF020)3b 06 Names, Titles and Occupations_N.mp3" path_to_file="LAP\Projects\LAO\Speakers\LAO(INF020)\Audio\LAO(INF020)3b\LAO(INF020)3b 06 Names, Titles and Occupations_N.mp3"/>
	<entry id="1060200314" project="LAO" informant="INF020" reel="3b" region="7" narrative="_Q" label="Names, Titles and Occupations" state="OK" sex="M " age="48" age_level="2" education="4" town="Guthrie" county="Logan" land_regions="D" locality="U" date="1962" latitude="35.87906" longitude="-97.42404" file_name="LAO(INF020)3b 07 Names, Titles and Occupations.mp3" path_to_file="LAP\Projects\LAO\Speakers\LAO(INF020)\Audio\LAO(INF020)3b\LAO(INF020)3b 07 Names, Titles and Occupations.mp3"/>
	<entry id="3060200302" project="LAO" informant="INF020" reel="3b" region="0" narrative="_I" label="Metadata" state="OK" sex="M " age="48" age_level="2" education="4" town="Guthrie" county="Logan" land_regions="D" locality="U" date="1962" latitude="35.87906" longitude="-97.42404" file_name="LAO(INF020)3bmeta.txt" path_to_file="LAP\Projects\LAO\Speakers\LAO(INF020)\Audio\LAO(INF020)3b\LAO(INF020)3bmeta.txt"/>
	<entry id="3060200001" project="LAO" informant="INF020" reel="0" region="0" narrative="_I" label="Biographical Information" state="OK" sex="M " age="48" age_level="2" education="4" town="Guthrie" county="Logan" land_regions="D" locality="U" date="1962" latitude="35.87906" longitude="-97.42404" file_name="LAO(INF020)BIO.txt" path_to_file="LAP\Projects\LAO\Speakers\LAO(INF020)\Text\LAO(INF020)BIO.txt"/>
</Audio>