<?xml version="1.0" encoding="UTF-8" standalone="yes"?>
<Audio>
	<entry id="1060090101" project="LAO" informant="INF009" reel="1" region="1" narrative="_Q" label="Dwellings" state="OK" sex="M " age="47" age_level="2" education="4" town="Okmulge" county="Okmulge " land_regions="D" locality="U" date="1962" latitude="35.6233" longitude="-95.97647" file_name="LAO(INF009)1a 01 Dwellings.mp3" path_to_file="LAP\Projects\LAO\Speakers\LAO(INF009)\Audio\LAO(INF009)1a\LAO(INF009)1a 01 Dwellings.mp3"/>
	<entry id="1060090102" project="LAO" informant="INF009" reel="1" region="2" narrative="_Q" label="Containers and Utensils " state="OK" sex="M " age="47" age_level="2" education="4" town="Okmulge" county="Okmulge " land_regions="D" locality="U" date="1962" latitude="35.6233" longitude="-95.97647" file_name="LAO(INF009)1a 02 Containers and Utensils .mp3" path_to_file="LAP\Projects\LAO\Speakers\LAO(INF009)\Audio\LAO(INF009)1a\LAO(INF009)1a 02 Containers and Utensils .mp3"/>
	<entry id="1060090103" project="LAO" informant="INF009" reel="1" region="3" narrative="_Q" label="Containers and Utensils" state="OK" sex="M " age="47" age_level="2" education="4" town="Okmulge" county="Okmulge " land_regions="D" locality="U" date="1962" latitude="35.6233" longitude="-95.97647" file_name="LAO(INF009)1a 03 Containers and Utensils.mp3" path_to_file="LAP\Projects\LAO\Speakers\LAO(INF009)\Audio\LAO(INF009)1a\LAO(INF009)1a 03 Containers and Utensils.mp3"/>
	<entry id="1060090104" project="LAO" informant="INF009" reel="1" region="4" narrative="_Q" label="The Farm" state="OK" sex="M " age="47" age_level="2" education="4" town="Okmulge" county="Okmulge " land_regions="D" locality="U" date="1962" latitude="35.6233" longitude="-95.97647" file_name="LAO(INF009)1a 04 The Farm.mp3" path_to_file="LAP\Projects\LAO\Speakers\LAO(INF009)\Audio\LAO(INF009)1a\LAO(INF009)1a 04 The Farm.mp3"/>
	<entry id="1060090105" project="LAO" informant="INF009" reel="1" region="5" narrative="_Q" label="The Farm" state="OK" sex="M " age="47" age_level="2" education="4" town="Okmulge" county="Okmulge " land_regions="D" locality="U" date="1962" latitude="35.6233" longitude="-95.97647" file_name="LAO(INF009)1a 05 The Farm.mp3" path_to_file="LAP\Projects\LAO\Speakers\LAO(INF009)\Audio\LAO(INF009)1a\LAO(INF009)1a 05 The Farm.mp3"/>
	<entry id="1060090106" project="LAO" informant="INF009" reel="1" region="6" narrative="_Q" label="Containers and Utensils" state="OK" sex="M " age="47" age_level="2" education="4" town="Okmulge" county="Okmulge " land_regions="D" locality="U" date="1962" latitude="35.6233" longitude="-95.97647" file_name="LAO(INF009)1a 06 Containers and Utensils.mp3" path_to_file="LAP\Projects\LAO\Speakers\LAO(INF009)\Audio\LAO(INF009)1a\LAO(INF009)1a 06 Containers and Utensils.mp3"/>
	<entry id="1060090107" project="LAO" informant="INF009" reel="1" region="7" narrative="_Q" label="Domestic Animals " state="OK" sex="M " age="47" age_level="2" education="4" town="Okmulge" county="Okmulge " land_regions="D" locality="U" date="1962" latitude="35.6233" longitude="-95.97647" file_name="LAO(INF009)1a 07 Domestic Animals .mp3" path_to_file="LAP\Projects\LAO\Speakers\LAO(INF009)\Audio\LAO(INF009)1a\LAO(INF009)1a 07 Domestic Animals .mp3"/>
	<entry id="3060090101" project="LAO" informant="INF009" reel="1" region="0" narrative="_I" label="Metadata" state="OK" sex="M " age="47" age_level="2" education="4" town="Okmulge" county="Okmulge " land_regions="D" locality="U" date="1962" latitude="35.6233" longitude="-95.97647" file_name="LAO(INF009)1ameta.txt" path_to_file="LAP\Projects\LAO\Speakers\LAO(INF009)\Audio\LAO(INF009)1a\LAO(INF009)1ameta.txt"/>
	<entry id="1060090108" project="LAO" informant="INF009" reel="1" region="1" narrative="_Q" label="Vehicles " state="OK" sex="M " age="47" age_level="2" education="4" town="Okmulge" county="Okmulge " land_regions="D" locality="U" date="1962" latitude="35.6233" longitude="-95.97647" file_name="LAO(INF009)1b 01 Vehicles .mp3" path_to_file="LAP\Projects\LAO\Speakers\LAO(INF009)\Audio\LAO(INF009)1b\LAO(INF009)1b 01 Vehicles .mp3"/>
	<entry id="1060090109" project="LAO" informant="INF009" reel="1" region="2" narrative="_Q" label="Sport and Play" state="OK" sex="M " age="47" age_level="2" education="4" town="Okmulge" county="Okmulge " land_regions="D" locality="U" date="1962" latitude="35.6233" longitude="-95.97647" file_name="LAO(INF009)1b 02 Sport and Play.mp3" path_to_file="LAP\Projects\LAO\Speakers\LAO(INF009)\Audio\LAO(INF009)1b\LAO(INF009)1b 02 Sport and Play.mp3"/>
	<entry id="1060090110" project="LAO" informant="INF009" reel="1" region="3" narrative="_Q" label="Clothing" state="OK" sex="M " age="47" age_level="2" education="4" town="Okmulge" county="Okmulge " land_regions="D" locality="U" date="1962" latitude="35.6233" longitude="-95.97647" file_name="LAO(INF009)1b 03 Clothing.mp3" path_to_file="LAP\Projects\LAO\Speakers\LAO(INF009)\Audio\LAO(INF009)1b\LAO(INF009)1b 03 Clothing.mp3"/>
	<entry id="1060090111" project="LAO" informant="INF009" reel="1" region="4" narrative="_Q" label="Topography" state="OK" sex="M " age="47" age_level="2" education="4" town="Okmulge" county="Okmulge " land_regions="D" locality="U" date="1962" latitude="35.6233" longitude="-95.97647" file_name="LAO(INF009)1b 04 Topography.mp3" path_to_file="LAP\Projects\LAO\Speakers\LAO(INF009)\Audio\LAO(INF009)1b\LAO(INF009)1b 04 Topography.mp3"/>
	<entry id="1060090112" project="LAO" informant="INF009" reel="1" region="5" narrative="_Q" label="Verbs_Principal Parts" state="OK" sex="M " age="47" age_level="2" education="4" town="Okmulge" county="Okmulge " land_regions="D" locality="U" date="1962" latitude="35.6233" longitude="-95.97647" file_name="LAO(INF009)1b 05 Verbs_Principal Parts.mp3" path_to_file="LAP\Projects\LAO\Speakers\LAO(INF009)\Audio\LAO(INF009)1b\LAO(INF009)1b 05 Verbs_Principal Parts.mp3"/>
	<entry id="1060090113" project="LAO" informant="INF009" reel="1" region="6" narrative="_Q" label="Domestic Animals " state="OK" sex="M " age="47" age_level="2" education="4" town="Okmulge" county="Okmulge " land_regions="D" locality="U" date="1962" latitude="35.6233" longitude="-95.97647" file_name="LAO(INF009)1b 06 Domestic Animals .mp3" path_to_file="LAP\Projects\LAO\Speakers\LAO(INF009)\Audio\LAO(INF009)1b\LAO(INF009)1b 06 Domestic Animals .mp3"/>
	<entry id="1060090114" project="LAO" informant="INF009" reel="1" region="7" narrative="_Q" label="Verbs_Principal Parts" state="OK" sex="M " age="47" age_level="2" education="4" town="Okmulge" county="Okmulge " land_regions="D" locality="U" date="1962" latitude="35.6233" longitude="-95.97647" file_name="LAO(INF009)1b 07 Verbs_Principal Parts.mp3" path_to_file="LAP\Projects\LAO\Speakers\LAO(INF009)\Audio\LAO(INF009)1b\LAO(INF009)1b 07 Verbs_Principal Parts.mp3"/>
	<entry id="3060090102" project="LAO" informant="INF009" reel="1" region="0" narrative="_I" label="Metadata" state="OK" sex="M " age="47" age_level="2" education="4" town="Okmulge" county="Okmulge " land_regions="D" locality="U" date="1962" latitude="35.6233" longitude="-95.97647" file_name="LAO(INF009)1bmeta.txt" path_to_file="LAP\Projects\LAO\Speakers\LAO(INF009)\Audio\LAO(INF009)1b\LAO(INF009)1bmeta.txt"/>
	<entry id="1060090115" project="LAO" informant="INF009" reel="1" region="1" narrative="_Q" label="Domestic Animals " state="OK" sex="M " age="47" age_level="2" education="4" town="Okmulge" county="Okmulge " land_regions="D" locality="U" date="1962" latitude="35.6233" longitude="-95.97647" file_name="LAO(INF009)1c 01 Domestic Animals .mp3" path_to_file="LAP\Projects\LAO\Speakers\LAO(INF009)\Audio\LAO(INF009)1c\LAO(INF009)1c 01 Domestic Animals .mp3"/>
	<entry id="1060090116" project="LAO" informant="INF009" reel="1" region="2" narrative="_Q" label="Adverbs" state="OK" sex="M " age="47" age_level="2" education="4" town="Okmulge" county="Okmulge " land_regions="D" locality="U" date="1962" latitude="35.6233" longitude="-95.97647" file_name="LAO(INF009)1c 02 Adverbs.mp3" path_to_file="LAP\Projects\LAO\Speakers\LAO(INF009)\Audio\LAO(INF009)1c\LAO(INF009)1c 02 Adverbs.mp3"/>
	<entry id="1060090117" project="LAO" informant="INF009" reel="1" region="3" narrative="_Q" label="Agriculture" state="OK" sex="M " age="47" age_level="2" education="4" town="Okmulge" county="Okmulge " land_regions="D" locality="U" date="1962" latitude="35.6233" longitude="-95.97647" file_name="LAO(INF009)1c 03 Agriculture.mp3" path_to_file="LAP\Projects\LAO\Speakers\LAO(INF009)\Audio\LAO(INF009)1c\LAO(INF009)1c 03 Agriculture.mp3"/>
	<entry id="1060090118" project="LAO" informant="INF009" reel="1" region="4" narrative="_Q" label="Food and Cooking" state="OK" sex="M " age="47" age_level="2" education="4" town="Okmulge" county="Okmulge " land_regions="D" locality="U" date="1962" latitude="35.6233" longitude="-95.97647" file_name="LAO(INF009)1c 04 Food and Cooking.mp3" path_to_file="LAP\Projects\LAO\Speakers\LAO(INF009)\Audio\LAO(INF009)1c\LAO(INF009)1c 04 Food and Cooking.mp3"/>
	<entry id="1060090119" project="LAO" informant="INF009" reel="1" region="5" narrative="_Q" label="Food and Cooking " state="OK" sex="M " age="47" age_level="2" education="4" town="Okmulge" county="Okmulge " land_regions="D" locality="U" date="1962" latitude="35.6233" longitude="-95.97647" file_name="LAO(INF009)1c 05 Food and Cooking .mp3" path_to_file="LAP\Projects\LAO\Speakers\LAO(INF009)\Audio\LAO(INF009)1c\LAO(INF009)1c 05 Food and Cooking .mp3"/>
	<entry id="1060090120" project="LAO" informant="INF009" reel="1" region="6" narrative="_Q" label="Food and Cooking" state="OK" sex="M " age="47" age_level="2" education="4" town="Okmulge" county="Okmulge " land_regions="D" locality="U" date="1962" latitude="35.6233" longitude="-95.97647" file_name="LAO(INF009)1c 06 Food and Cooking.mp3" path_to_file="LAP\Projects\LAO\Speakers\LAO(INF009)\Audio\LAO(INF009)1c\LAO(INF009)1c 06 Food and Cooking.mp3"/>
	<entry id="1060090121" project="LAO" informant="INF009" reel="1" region="7" narrative="_Q" label="Vegetables" state="OK" sex="M " age="47" age_level="2" education="4" town="Okmulge" county="Okmulge " land_regions="D" locality="U" date="1962" latitude="35.6233" longitude="-95.97647" file_name="LAO(INF009)1c 07 Vegetables.mp3" path_to_file="LAP\Projects\LAO\Speakers\LAO(INF009)\Audio\LAO(INF009)1c\LAO(INF009)1c 07 Vegetables.mp3"/>
	<entry id="3060090103" project="LAO" informant="INF009" reel="1" region="0" narrative="_I" label="Metadata" state="OK" sex="M " age="47" age_level="2" education="4" town="Okmulge" county="Okmulge " land_regions="D" locality="U" date="1962" latitude="35.6233" longitude="-95.97647" file_name="LAO(INF009)1cmeta.txt" path_to_file="LAP\Projects\LAO\Speakers\LAO(INF009)\Audio\LAO(INF009)1c\LAO(INF009)1cmeta.txt"/>
	<entry id="1060090201" project="LAO" informant="INF009" reel="2" region="1" narrative="_Q" label="Vegetables" state="OK" sex="M " age="47" age_level="2" education="4" town="Okmulge" county="Okmulge " land_regions="D" locality="U" date="1962" latitude="35.6233" longitude="-95.97647" file_name="LAO(INF009)2a 01 Vegetables.mp3" path_to_file="LAP\Projects\LAO\Speakers\LAO(INF009)\Audio\LAO(INF009)2a\LAO(INF009)2a 01 Vegetables.mp3"/>
	<entry id="1060090202" project="LAO" informant="INF009" reel="2" region="2" narrative="_Q" label="Sport and Play" state="OK" sex="M " age="47" age_level="2" education="4" town="Okmulge" county="Okmulge " land_regions="D" locality="U" date="1962" latitude="35.6233" longitude="-95.97647" file_name="LAO(INF009)2a 02 Sport and Play.mp3" path_to_file="LAP\Projects\LAO\Speakers\LAO(INF009)\Audio\LAO(INF009)2a\LAO(INF009)2a 02 Sport and Play.mp3"/>
	<entry id="1060090203" project="LAO" informant="INF009" reel="2" region="3" narrative="_Q" label="Sport and Play" state="OK" sex="M " age="47" age_level="2" education="4" town="Okmulge" county="Okmulge " land_regions="D" locality="U" date="1962" latitude="35.6233" longitude="-95.97647" file_name="LAO(INF009)2a 03 Sport and Play.mp3" path_to_file="LAP\Projects\LAO\Speakers\LAO(INF009)\Audio\LAO(INF009)2a\LAO(INF009)2a 03 Sport and Play.mp3"/>
	<entry id="1060090204" project="LAO" informant="INF009" reel="2" region="4" narrative="_Q" label="Sport and Play" state="OK" sex="M " age="47" age_level="2" education="4" town="Okmulge" county="Okmulge " land_regions="D" locality="U" date="1962" latitude="35.6233" longitude="-95.97647" file_name="LAO(INF009)2a 04 Sport and Play.mp3" path_to_file="LAP\Projects\LAO\Speakers\LAO(INF009)\Audio\LAO(INF009)2a\LAO(INF009)2a 04 Sport and Play.mp3"/>
	<entry id="1060090205" project="LAO" informant="INF009" reel="2" region="5" narrative="_Q" label="Sport and Play" state="OK" sex="M " age="47" age_level="2" education="4" town="Okmulge" county="Okmulge " land_regions="D" locality="U" date="1962" latitude="35.6233" longitude="-95.97647" file_name="LAO(INF009)2a 05 Sport and Play.mp3" path_to_file="LAP\Projects\LAO\Speakers\LAO(INF009)\Audio\LAO(INF009)2a\LAO(INF009)2a 05 Sport and Play.mp3"/>
	<entry id="1060090206" project="LAO" informant="INF009" reel="2" region="6" narrative="_Q" label="Trees and Shrubs" state="OK" sex="M " age="47" age_level="2" education="4" town="Okmulge" county="Okmulge " land_regions="D" locality="U" date="1962" latitude="35.6233" longitude="-95.97647" file_name="LAO(INF009)2a 06 Trees and Shrubs.mp3" path_to_file="LAP\Projects\LAO\Speakers\LAO(INF009)\Audio\LAO(INF009)2a\LAO(INF009)2a 06 Trees and Shrubs.mp3"/>
	<entry id="1060090207" project="LAO" informant="INF009" reel="2" region="7" narrative="_Q" label="Names, Titles and Occupations" state="OK" sex="M " age="47" age_level="2" education="4" town="Okmulge" county="Okmulge " land_regions="D" locality="U" date="1962" latitude="35.6233" longitude="-95.97647" file_name="LAO(INF009)2a 07 Names, Titles and Occupations.mp3" path_to_file="LAP\Projects\LAO\Speakers\LAO(INF009)\Audio\LAO(INF009)2a\LAO(INF009)2a 07 Names, Titles and Occupations.mp3"/>
	<entry id="3060090201" project="LAO" informant="INF009" reel="2" region="0" narrative="_I" label="Metadata" state="OK" sex="M " age="47" age_level="2" education="4" town="Okmulge" county="Okmulge " land_regions="D" locality="U" date="1962" latitude="35.6233" longitude="-95.97647" file_name="LAO(INF009)2ameta.txt" path_to_file="LAP\Projects\LAO\Speakers\LAO(INF009)\Audio\LAO(INF009)2a\LAO(INF009)2ameta.txt"/>
	<entry id="1060090208" project="LAO" informant="INF009" reel="2" region="1" narrative="_Q" label="Names, Titles and Occupations" state="OK" sex="M " age="47" age_level="2" education="4" town="Okmulge" county="Okmulge " land_regions="D" locality="U" date="1962" latitude="35.6233" longitude="-95.97647" file_name="LAO(INF009)2b 01 Names, Titles and Occupations.mp3" path_to_file="LAP\Projects\LAO\Speakers\LAO(INF009)\Audio\LAO(INF009)2b\LAO(INF009)2b 01 Names, Titles and Occupations.mp3"/>
	<entry id="1060090209" project="LAO" informant="INF009" reel="2" region="2" narrative="_Q" label="Vehicles " state="OK" sex="M " age="47" age_level="2" education="4" town="Okmulge" county="Okmulge " land_regions="D" locality="U" date="1962" latitude="35.6233" longitude="-95.97647" file_name="LAO(INF009)2b 02 Vehicles .mp3" path_to_file="LAP\Projects\LAO\Speakers\LAO(INF009)\Audio\LAO(INF009)2b\LAO(INF009)2b 02 Vehicles .mp3"/>
	<entry id="1060090210" project="LAO" informant="INF009" reel="2" region="3" narrative="_Q" label="Body Parts " state="OK" sex="M " age="47" age_level="2" education="4" town="Okmulge" county="Okmulge " land_regions="D" locality="U" date="1962" latitude="35.6233" longitude="-95.97647" file_name="LAO(INF009)2b 03 Body Parts .mp3" path_to_file="LAP\Projects\LAO\Speakers\LAO(INF009)\Audio\LAO(INF009)2b\LAO(INF009)2b 03 Body Parts .mp3"/>
	<entry id="1060090211" project="LAO" informant="INF009" reel="2" region="4" narrative="_Q" label="Social Relations" state="OK" sex="M " age="47" age_level="2" education="4" town="Okmulge" county="Okmulge " land_regions="D" locality="U" date="1962" latitude="35.6233" longitude="-95.97647" file_name="LAO(INF009)2b 04 Social Relations.mp3" path_to_file="LAP\Projects\LAO\Speakers\LAO(INF009)\Audio\LAO(INF009)2b\LAO(INF009)2b 04 Social Relations.mp3"/>
	<entry id="1060090212" project="LAO" informant="INF009" reel="2" region="5" narrative="_Q" label="Social Relations" state="OK" sex="M " age="47" age_level="2" education="4" town="Okmulge" county="Okmulge " land_regions="D" locality="U" date="1962" latitude="35.6233" longitude="-95.97647" file_name="LAO(INF009)2b 05 Social Relations.mp3" path_to_file="LAP\Projects\LAO\Speakers\LAO(INF009)\Audio\LAO(INF009)2b\LAO(INF009)2b 05 Social Relations.mp3"/>
	<entry id="1060090213" project="LAO" informant="INF009" reel="2" region="6" narrative="_Q" label="Social Relations" state="OK" sex="M " age="47" age_level="2" education="4" town="Okmulge" county="Okmulge " land_regions="D" locality="U" date="1962" latitude="35.6233" longitude="-95.97647" file_name="LAO(INF009)2b 06 Social Relations.mp3" path_to_file="LAP\Projects\LAO\Speakers\LAO(INF009)\Audio\LAO(INF009)2b\LAO(INF009)2b 06 Social Relations.mp3"/>
	<entry id="1060090214" project="LAO" informant="INF009" reel="2" region="7" narrative="_N" label="Business" state="OK" sex="M " age="47" age_level="2" education="4" town="Okmulge" county="Okmulge " land_regions="D" locality="U" date="1962" latitude="35.6233" longitude="-95.97647" file_name="LAO(INF009)2b 07 Business_N.mp3" path_to_file="LAP\Projects\LAO\Speakers\LAO(INF009)\Audio\LAO(INF009)2b\LAO(INF009)2b 07 Business_N.mp3"/>
	<entry id="3060090202" project="LAO" informant="INF009" reel="2" region="0" narrative="_I" label="Metadata" state="OK" sex="M " age="47" age_level="2" education="4" town="Okmulge" county="Okmulge " land_regions="D" locality="U" date="1962" latitude="35.6233" longitude="-95.97647" file_name="LAO(INF009)2bmeta.txt" path_to_file="LAP\Projects\LAO\Speakers\LAO(INF009)\Audio\LAO(INF009)2b\LAO(INF009)2bmeta.txt"/>
	<entry id="1060090215" project="LAO" informant="INF009" reel="2" region="1" narrative="_Q" label="Social Relations" state="OK" sex="M " age="47" age_level="2" education="4" town="Okmulge" county="Okmulge " land_regions="D" locality="U" date="1962" latitude="35.6233" longitude="-95.97647" file_name="LAO(INF009)2c 01 Social Relations.mp3" path_to_file="LAP\Projects\LAO\Speakers\LAO(INF009)\Audio\LAO(INF009)2c\LAO(INF009)2c 01 Social Relations.mp3"/>
	<entry id="1060090216" project="LAO" informant="INF009" reel="2" region="2" narrative="_Q" label="Personal Characteristics" state="OK" sex="M " age="47" age_level="2" education="4" town="Okmulge" county="Okmulge " land_regions="D" locality="U" date="1962" latitude="35.6233" longitude="-95.97647" file_name="LAO(INF009)2c 02 Personal Characteristics.mp3" path_to_file="LAP\Projects\LAO\Speakers\LAO(INF009)\Audio\LAO(INF009)2c\LAO(INF009)2c 02 Personal Characteristics.mp3"/>
	<entry id="1060090217" project="LAO" informant="INF009" reel="2" region="3" narrative="_Q" label="Illness and Death" state="OK" sex="M " age="47" age_level="2" education="4" town="Okmulge" county="Okmulge " land_regions="D" locality="U" date="1962" latitude="35.6233" longitude="-95.97647" file_name="LAO(INF009)2c 03 Illness and Death.mp3" path_to_file="LAP\Projects\LAO\Speakers\LAO(INF009)\Audio\LAO(INF009)2c\LAO(INF009)2c 03 Illness and Death.mp3"/>
	<entry id="1060090218" project="LAO" informant="INF009" reel="2" region="4" narrative="_Q" label="Social Relations" state="OK" sex="M " age="47" age_level="2" education="4" town="Okmulge" county="Okmulge " land_regions="D" locality="U" date="1962" latitude="35.6233" longitude="-95.97647" file_name="LAO(INF009)2c 04 Social Relations.mp3" path_to_file="LAP\Projects\LAO\Speakers\LAO(INF009)\Audio\LAO(INF009)2c\LAO(INF009)2c 04 Social Relations.mp3"/>
	<entry id="1060090219" project="LAO" informant="INF009" reel="2" region="5" narrative="_Q" label="Public Institutions" state="OK" sex="M " age="47" age_level="2" education="4" town="Okmulge" county="Okmulge " land_regions="D" locality="U" date="1962" latitude="35.6233" longitude="-95.97647" file_name="LAO(INF009)2c 05 Public Institutions.mp3" path_to_file="LAP\Projects\LAO\Speakers\LAO(INF009)\Audio\LAO(INF009)2c\LAO(INF009)2c 05 Public Institutions.mp3"/>
	<entry id="1060090220" project="LAO" informant="INF009" reel="2" region="6" narrative="_Q" label="Geography" state="OK" sex="M " age="47" age_level="2" education="4" town="Okmulge" county="Okmulge " land_regions="D" locality="U" date="1962" latitude="35.6233" longitude="-95.97647" file_name="LAO(INF009)2c 06 Geography.mp3" path_to_file="LAP\Projects\LAO\Speakers\LAO(INF009)\Audio\LAO(INF009)2c\LAO(INF009)2c 06 Geography.mp3"/>
	<entry id="1060090221" project="LAO" informant="INF009" reel="2" region="7" narrative="_Q" label="Greeting and Salutations" state="OK" sex="M " age="47" age_level="2" education="4" town="Okmulge" county="Okmulge " land_regions="D" locality="U" date="1962" latitude="35.6233" longitude="-95.97647" file_name="LAO(INF009)2c 07 Greeting and Salutations.mp3" path_to_file="LAP\Projects\LAO\Speakers\LAO(INF009)\Audio\LAO(INF009)2c\LAO(INF009)2c 07 Greeting and Salutations.mp3"/>
	<entry id="1060090222" project="LAO" informant="INF009" reel="2" region="8" narrative="_Q" label="Religion" state="OK" sex="M " age="47" age_level="2" education="4" town="Okmulge" county="Okmulge " land_regions="D" locality="U" date="1962" latitude="35.6233" longitude="-95.97647" file_name="LAO(INF009)2c 08 Religion.mp3" path_to_file="LAP\Projects\LAO\Speakers\LAO(INF009)\Audio\LAO(INF009)2c\LAO(INF009)2c 08 Religion.mp3"/>
	<entry id="3060090203" project="LAO" informant="INF009" reel="2" region="0" narrative="_I" label="Metadata" state="OK" sex="M " age="47" age_level="2" education="4" town="Okmulge" county="Okmulge " land_regions="D" locality="U" date="1962" latitude="35.6233" longitude="-95.97647" file_name="LAO(INF009)2cmeta.txt" path_to_file="LAP\Projects\LAO\Speakers\LAO(INF009)\Audio\LAO(INF009)2c\LAO(INF009)2cmeta.txt"/>
	<entry id="1060090301" project="LAO" informant="INF009" reel="3" region="1" narrative="_Q" label="Geography" state="OK" sex="M " age="47" age_level="2" education="4" town="Okmulge" county="Okmulge " land_regions="D" locality="U" date="1962" latitude="35.6233" longitude="-95.97647" file_name="LAO(INF009)3a 01 Geography.mp3" path_to_file="LAP\Projects\LAO\Speakers\LAO(INF009)\Audio\LAO(INF009)3a\LAO(INF009)3a 01 Geography.mp3"/>
	<entry id="1060090302" project="LAO" informant="INF009" reel="3" region="2" narrative="_Q" label="Public Institutions" state="OK" sex="M " age="47" age_level="2" education="4" town="Okmulge" county="Okmulge " land_regions="D" locality="U" date="1962" latitude="35.6233" longitude="-95.97647" file_name="LAO(INF009)3a 02 Public Institutions.mp3" path_to_file="LAP\Projects\LAO\Speakers\LAO(INF009)\Audio\LAO(INF009)3a\LAO(INF009)3a 02 Public Institutions.mp3"/>
	<entry id="1060090303" project="LAO" informant="INF009" reel="3" region="3" narrative="_Q" label="Verbs_Principal Parts" state="OK" sex="M " age="47" age_level="2" education="4" town="Okmulge" county="Okmulge " land_regions="D" locality="U" date="1962" latitude="35.6233" longitude="-95.97647" file_name="LAO(INF009)3a 03 Verbs_Principal Parts.mp3" path_to_file="LAP\Projects\LAO\Speakers\LAO(INF009)\Audio\LAO(INF009)3a\LAO(INF009)3a 03 Verbs_Principal Parts.mp3"/>
	<entry id="1060090304" project="LAO" informant="INF009" reel="3" region="4" narrative="_Q" label="The Farm" state="OK" sex="M " age="47" age_level="2" education="4" town="Okmulge" county="Okmulge " land_regions="D" locality="U" date="1962" latitude="35.6233" longitude="-95.97647" file_name="LAO(INF009)3a 04 The Farm.mp3" path_to_file="LAP\Projects\LAO\Speakers\LAO(INF009)\Audio\LAO(INF009)3a\LAO(INF009)3a 04 The Farm.mp3"/>
	<entry id="1060090305" project="LAO" informant="INF009" reel="3" region="5" narrative="_Q" label="Sport and Play" state="OK" sex="M " age="47" age_level="2" education="4" town="Okmulge" county="Okmulge " land_regions="D" locality="U" date="1962" latitude="35.6233" longitude="-95.97647" file_name="LAO(INF009)3a 05 Sport and Play.mp3" path_to_file="LAP\Projects\LAO\Speakers\LAO(INF009)\Audio\LAO(INF009)3a\LAO(INF009)3a 05 Sport and Play.mp3"/>
	<entry id="1060090306" project="LAO" informant="INF009" reel="3" region="6" narrative="_Q" label="Time" state="OK" sex="M " age="47" age_level="2" education="4" town="Okmulge" county="Okmulge " land_regions="D" locality="U" date="1962" latitude="35.6233" longitude="-95.97647" file_name="LAO(INF009)3a 06 Time.mp3" path_to_file="LAP\Projects\LAO\Speakers\LAO(INF009)\Audio\LAO(INF009)3a\LAO(INF009)3a 06 Time.mp3"/>
	<entry id="1060090307" project="LAO" informant="INF009" reel="3" region="7" narrative="_Q" label="Weather" state="OK" sex="M " age="47" age_level="2" education="4" town="Okmulge" county="Okmulge " land_regions="D" locality="U" date="1962" latitude="35.6233" longitude="-95.97647" file_name="LAO(INF009)3a 07 Weather.mp3" path_to_file="LAP\Projects\LAO\Speakers\LAO(INF009)\Audio\LAO(INF009)3a\LAO(INF009)3a 07 Weather.mp3"/>
	<entry id="3060090301" project="LAO" informant="INF009" reel="3" region="0" narrative="_I" label="Metadata" state="OK" sex="M " age="47" age_level="2" education="4" town="Okmulge" county="Okmulge " land_regions="D" locality="U" date="1962" latitude="35.6233" longitude="-95.97647" file_name="LAO(INF009)3ameta.txt" path_to_file="LAP\Projects\LAO\Speakers\LAO(INF009)\Audio\LAO(INF009)3a\LAO(INF009)3ameta.txt"/>
	<entry id="1060090308" project="LAO" informant="INF009" reel="3" region="1" narrative="_Q" label="Sport and Play" state="OK" sex="M " age="47" age_level="2" education="4" town="Okmulge" county="Okmulge " land_regions="D" locality="U" date="1962" latitude="35.6233" longitude="-95.97647" file_name="LAO(INF009)3b 01 Sport and Play.mp3" path_to_file="LAP\Projects\LAO\Speakers\LAO(INF009)\Audio\LAO(INF009)3b\LAO(INF009)3b 01 Sport and Play.mp3"/>
	<entry id="1060090309" project="LAO" informant="INF009" reel="3" region="2" narrative="_Q" label="Adverbs" state="OK" sex="M " age="47" age_level="2" education="4" town="Okmulge" county="Okmulge " land_regions="D" locality="U" date="1962" latitude="35.6233" longitude="-95.97647" file_name="LAO(INF009)3b 02 Adverbs.mp3" path_to_file="LAP\Projects\LAO\Speakers\LAO(INF009)\Audio\LAO(INF009)3b\LAO(INF009)3b 02 Adverbs.mp3"/>
	<entry id="1060090310" project="LAO" informant="INF009" reel="3" region="3" narrative="_Q" label="Social Relations" state="OK" sex="M " age="47" age_level="2" education="4" town="Okmulge" county="Okmulge " land_regions="D" locality="U" date="1962" latitude="35.6233" longitude="-95.97647" file_name="LAO(INF009)3b 03 Social Relations.mp3" path_to_file="LAP\Projects\LAO\Speakers\LAO(INF009)\Audio\LAO(INF009)3b\LAO(INF009)3b 03 Social Relations.mp3"/>
	<entry id="1060090311" project="LAO" informant="INF009" reel="3" region="4" narrative="_Q" label="Verbs_Principal Parts " state="OK" sex="M " age="47" age_level="2" education="4" town="Okmulge" county="Okmulge " land_regions="D" locality="U" date="1962" latitude="35.6233" longitude="-95.97647" file_name="LAO(INF009)3b 04 Verbs_Principal Parts .mp3" path_to_file="LAP\Projects\LAO\Speakers\LAO(INF009)\Audio\LAO(INF009)3b\LAO(INF009)3b 04 Verbs_Principal Parts .mp3"/>
	<entry id="1060090312" project="LAO" informant="INF009" reel="3" region="5" narrative="_Q" label="Wild Animals " state="OK" sex="M " age="47" age_level="2" education="4" town="Okmulge" county="Okmulge " land_regions="D" locality="U" date="1962" latitude="35.6233" longitude="-95.97647" file_name="LAO(INF009)3b 05 Wild Animals .mp3" path_to_file="LAP\Projects\LAO\Speakers\LAO(INF009)\Audio\LAO(INF009)3b\LAO(INF009)3b 05 Wild Animals .mp3"/>
	<entry id="1060090313" project="LAO" informant="INF009" reel="3" region="6" narrative="_Q" label="Geography" state="OK" sex="M " age="47" age_level="2" education="4" town="Okmulge" county="Okmulge " land_regions="D" locality="U" date="1962" latitude="35.6233" longitude="-95.97647" file_name="LAO(INF009)3b 06 Geography.mp3" path_to_file="LAP\Projects\LAO\Speakers\LAO(INF009)\Audio\LAO(INF009)3b\LAO(INF009)3b 06 Geography.mp3"/>
	<entry id="1060090314" project="LAO" informant="INF009" reel="3" region="7" narrative="_Q" label="The Farm " state="OK" sex="M " age="47" age_level="2" education="4" town="Okmulge" county="Okmulge " land_regions="D" locality="U" date="1962" latitude="35.6233" longitude="-95.97647" file_name="LAO(INF009)3b 07 The Farm .mp3" path_to_file="LAP\Projects\LAO\Speakers\LAO(INF009)\Audio\LAO(INF009)3b\LAO(INF009)3b 07 The Farm .mp3"/>
	<entry id="1060090315" project="LAO" informant="INF009" reel="3" region="8" narrative="_Q" label="Family " state="OK" sex="M " age="47" age_level="2" education="4" town="Okmulge" county="Okmulge " land_regions="D" locality="U" date="1962" latitude="35.6233" longitude="-95.97647" file_name="LAO(INF009)3b 08 Family .mp3" path_to_file="LAP\Projects\LAO\Speakers\LAO(INF009)\Audio\LAO(INF009)3b\LAO(INF009)3b 08 Family .mp3"/>
	<entry id="3060090302" project="LAO" informant="INF009" reel="3" region="0" narrative="_I" label="Metadata" state="OK" sex="M " age="47" age_level="2" education="4" town="Okmulge" county="Okmulge " land_regions="D" locality="U" date="1962" latitude="35.6233" longitude="-95.97647" file_name="LAO(INF009)3bmeta.txt" path_to_file="LAP\Projects\LAO\Speakers\LAO(INF009)\Audio\LAO(INF009)3b\LAO(INF009)3bmeta.txt"/>
	<entry id="3060090001" project="LAO" informant="INF009" reel="0" region="0" narrative="_I" label="Biographical Information" state="OK" sex="M " age="47" age_level="2" education="4" town="Okmulge" county="Okmulge " land_regions="D" locality="U" date="1962" latitude="35.6233" longitude="-95.97647" file_name="LAO(INF009)BIO.txt" path_to_file="LAP\Projects\LAO\Speakers\LAO(INF009)\Text\LAO(INF009)BIO.txt"/>
</Audio>