<?xml version="1.0" encoding="UTF-8" standalone="yes"?>
<Audio>
	<entry id="1060180101" project="LAO" informant="INF018" reel="1a" region="1" narrative="_Q" label="Wild Animals" state="OK" sex="F" age="72" age_level="3" education="2" town="Norman" county="Cleveland" land_regions="D" locality="U" date="1962" latitude="35.22045" longitude="-97.44733" file_name="LAO(INF018)1a 01 Wild Animals.mp3" path_to_file="LAP\Projects\LAO\Speakers\LAO(INF018)\Audio\LAO(INF018)1a\LAO(INF018)1a 01 Wild Animals.mp3"/>
	<entry id="1060180102" project="LAO" informant="INF018" reel="1a" region="2" narrative="_Q" label="Clothing" state="OK" sex="F" age="72" age_level="3" education="2" town="Norman" county="Cleveland" land_regions="D" locality="U" date="1962" latitude="35.22045" longitude="-97.44733" file_name="LAO(INF018)1a 02 Clothing.mp3" path_to_file="LAP\Projects\LAO\Speakers\LAO(INF018)\Audio\LAO(INF018)1a\LAO(INF018)1a 02 Clothing.mp3"/>
	<entry id="1060180103" project="LAO" informant="INF018" reel="1a" region="3" narrative="_Q" label="Dwellings" state="OK" sex="F" age="72" age_level="3" education="2" town="Norman" county="Cleveland" land_regions="D" locality="U" date="1962" latitude="35.22045" longitude="-97.44733" file_name="LAO(INF018)1a 03 Dwellings.mp3" path_to_file="LAP\Projects\LAO\Speakers\LAO(INF018)\Audio\LAO(INF018)1a\LAO(INF018)1a 03 Dwellings.mp3"/>
	<entry id="1060180104" project="LAO" informant="INF018" reel="1a" region="4" narrative="_Q" label="Names, Titles and Occupations" state="OK" sex="F" age="72" age_level="3" education="2" town="Norman" county="Cleveland" land_regions="D" locality="U" date="1962" latitude="35.22045" longitude="-97.44733" file_name="LAO(INF018)1a 04 Names, Titles and Occupations.mp3" path_to_file="LAP\Projects\LAO\Speakers\LAO(INF018)\Audio\LAO(INF018)1a\LAO(INF018)1a 04 Names, Titles and Occupations.mp3"/>
	<entry id="1060180105" project="LAO" informant="INF018" reel="1a" region="5" narrative="_Q" label="Dwellings" state="OK" sex="F" age="72" age_level="3" education="2" town="Norman" county="Cleveland" land_regions="D" locality="U" date="1962" latitude="35.22045" longitude="-97.44733" file_name="LAO(INF018)1a 05 Dwellings.mp3" path_to_file="LAP\Projects\LAO\Speakers\LAO(INF018)\Audio\LAO(INF018)1a\LAO(INF018)1a 05 Dwellings.mp3"/>
	<entry id="1060180106" project="LAO" informant="INF018" reel="1a" region="6" narrative="_Q" label="Containers and Utensils" state="OK" sex="F" age="72" age_level="3" education="2" town="Norman" county="Cleveland" land_regions="D" locality="U" date="1962" latitude="35.22045" longitude="-97.44733" file_name="LAO(INF018)1a 06 Containers and Utensils.mp3" path_to_file="LAP\Projects\LAO\Speakers\LAO(INF018)\Audio\LAO(INF018)1a\LAO(INF018)1a 06 Containers and Utensils.mp3"/>
	<entry id="1060180107" project="LAO" informant="INF018" reel="1a" region="7" narrative="_Q" label="Personal Characteristics" state="OK" sex="F" age="72" age_level="3" education="2" town="Norman" county="Cleveland" land_regions="D" locality="U" date="1962" latitude="35.22045" longitude="-97.44733" file_name="LAO(INF018)1a 07 Personal Characteristics.mp3" path_to_file="LAP\Projects\LAO\Speakers\LAO(INF018)\Audio\LAO(INF018)1a\LAO(INF018)1a 07 Personal Characteristics.mp3"/>
	<entry id="3060180101" project="LAO" informant="INF018" reel="1a" region="0" narrative="_I" label="Metadata" state="OK" sex="F" age="72" age_level="3" education="2" town="Norman" county="Cleveland" land_regions="D" locality="U" date="1962" latitude="35.22045" longitude="-97.44733" file_name="LAO(INF018)1ameta.txt" path_to_file="LAP\Projects\LAO\Speakers\LAO(INF018)\Audio\LAO(INF018)1a\LAO(INF018)1ameta.txt"/>
	<entry id="1060180108" project="LAO" informant="INF018" reel="1b" region="1" narrative="_Q" label="Illness and Death" state="OK" sex="F" age="72" age_level="3" education="2" town="Norman" county="Cleveland" land_regions="D" locality="U" date="1962" latitude="35.22045" longitude="-97.44733" file_name="LAO(INF018)1b 01 Illness and Death.mp3" path_to_file="LAP\Projects\LAO\Speakers\LAO(INF018)\Audio\LAO(INF018)1b\LAO(INF018)1b 01 Illness and Death.mp3"/>
	<entry id="1060180109" project="LAO" informant="INF018" reel="1b" region="2" narrative="_Q" label="Personal Characteristics" state="OK" sex="F" age="72" age_level="3" education="2" town="Norman" county="Cleveland" land_regions="D" locality="U" date="1962" latitude="35.22045" longitude="-97.44733" file_name="LAO(INF018)1b 02 Personal Characteristics.mp3" path_to_file="LAP\Projects\LAO\Speakers\LAO(INF018)\Audio\LAO(INF018)1b\LAO(INF018)1b 02 Personal Characteristics.mp3"/>
	<entry id="1060180110" project="LAO" informant="INF018" reel="1b" region="3" narrative="_Q" label="Food and Cooking" state="OK" sex="F" age="72" age_level="3" education="2" town="Norman" county="Cleveland" land_regions="D" locality="U" date="1962" latitude="35.22045" longitude="-97.44733" file_name="LAO(INF018)1b 03 Food and Cooking.mp3" path_to_file="LAP\Projects\LAO\Speakers\LAO(INF018)\Audio\LAO(INF018)1b\LAO(INF018)1b 03 Food and Cooking.mp3"/>
	<entry id="1060180111" project="LAO" informant="INF018" reel="1b" region="4" narrative="_Q" label="Business" state="OK" sex="F" age="72" age_level="3" education="2" town="Norman" county="Cleveland" land_regions="D" locality="U" date="1962" latitude="35.22045" longitude="-97.44733" file_name="LAO(INF018)1b 04 Business.mp3" path_to_file="LAP\Projects\LAO\Speakers\LAO(INF018)\Audio\LAO(INF018)1b\LAO(INF018)1b 04 Business.mp3"/>
	<entry id="1060180112" project="LAO" informant="INF018" reel="1b" region="5" narrative="_Q" label="Names, Titles and Occupations" state="OK" sex="F" age="72" age_level="3" education="2" town="Norman" county="Cleveland" land_regions="D" locality="U" date="1962" latitude="35.22045" longitude="-97.44733" file_name="LAO(INF018)1b 05 Names, Titles and Occupations.mp3" path_to_file="LAP\Projects\LAO\Speakers\LAO(INF018)\Audio\LAO(INF018)1b\LAO(INF018)1b 05 Names, Titles and Occupations.mp3"/>
	<entry id="1060180113" project="LAO" informant="INF018" reel="1b" region="6" narrative="_Q" label="Food and Cooking" state="OK" sex="F" age="72" age_level="3" education="2" town="Norman" county="Cleveland" land_regions="D" locality="U" date="1962" latitude="35.22045" longitude="-97.44733" file_name="LAO(INF018)1b 06 Food and Cooking.mp3" path_to_file="LAP\Projects\LAO\Speakers\LAO(INF018)\Audio\LAO(INF018)1b\LAO(INF018)1b 06 Food and Cooking.mp3"/>
	<entry id="1060180114" project="LAO" informant="INF018" reel="1b" region="7" narrative="_Q" label="Food and Cooking" state="OK" sex="F" age="72" age_level="3" education="2" town="Norman" county="Cleveland" land_regions="D" locality="U" date="1962" latitude="35.22045" longitude="-97.44733" file_name="LAO(INF018)1b 07 Food and Cooking.mp3" path_to_file="LAP\Projects\LAO\Speakers\LAO(INF018)\Audio\LAO(INF018)1b\LAO(INF018)1b 07 Food and Cooking.mp3"/>
	<entry id="3060180102" project="LAO" informant="INF018" reel="1b" region="0" narrative="_I" label="Metadata" state="OK" sex="F" age="72" age_level="3" education="2" town="Norman" county="Cleveland" land_regions="D" locality="U" date="1962" latitude="35.22045" longitude="-97.44733" file_name="LAO(INF018)1bmeta.txt" path_to_file="LAP\Projects\LAO\Speakers\LAO(INF018)\Audio\LAO(INF018)1b\LAO(INF018)1bmeta.txt"/>
	<entry id="1060180115" project="LAO" informant="INF018" reel="1c" region="1" narrative="_Q" label="Clothing" state="OK" sex="F" age="72" age_level="3" education="2" town="Norman" county="Cleveland" land_regions="D" locality="U" date="1962" latitude="35.22045" longitude="-97.44733" file_name="LAO(INF018)1c 01 Clothing.mp3" path_to_file="LAP\Projects\LAO\Speakers\LAO(INF018)\Audio\LAO(INF018)1c\LAO(INF018)1c 01 Clothing.mp3"/>
	<entry id="1060180116" project="LAO" informant="INF018" reel="1c" region="2" narrative="_Q" label="Dwellings" state="OK" sex="F" age="72" age_level="3" education="2" town="Norman" county="Cleveland" land_regions="D" locality="U" date="1962" latitude="35.22045" longitude="-97.44733" file_name="LAO(INF018)1c 02 Dwellings.mp3" path_to_file="LAP\Projects\LAO\Speakers\LAO(INF018)\Audio\LAO(INF018)1c\LAO(INF018)1c 02 Dwellings.mp3"/>
	<entry id="1060180117" project="LAO" informant="INF018" reel="1c" region="3" narrative="_Q" label="Weather" state="OK" sex="F" age="72" age_level="3" education="2" town="Norman" county="Cleveland" land_regions="D" locality="U" date="1962" latitude="35.22045" longitude="-97.44733" file_name="LAO(INF018)1c 03 Weather.mp3" path_to_file="LAP\Projects\LAO\Speakers\LAO(INF018)\Audio\LAO(INF018)1c\LAO(INF018)1c 03 Weather.mp3"/>
	<entry id="1060180118" project="LAO" informant="INF018" reel="1c" region="4" narrative="_Q" label="Dwellings" state="OK" sex="F" age="72" age_level="3" education="2" town="Norman" county="Cleveland" land_regions="D" locality="U" date="1962" latitude="35.22045" longitude="-97.44733" file_name="LAO(INF018)1c 04 Dwellings.mp3" path_to_file="LAP\Projects\LAO\Speakers\LAO(INF018)\Audio\LAO(INF018)1c\LAO(INF018)1c 04 Dwellings.mp3"/>
	<entry id="1060180119" project="LAO" informant="INF018" reel="1c" region="5" narrative="_Q" label="Domestic Animals" state="OK" sex="F" age="72" age_level="3" education="2" town="Norman" county="Cleveland" land_regions="D" locality="U" date="1962" latitude="35.22045" longitude="-97.44733" file_name="LAO(INF018)1c 05 Domestic Animals.mp3" path_to_file="LAP\Projects\LAO\Speakers\LAO(INF018)\Audio\LAO(INF018)1c\LAO(INF018)1c 05 Domestic Animals.mp3"/>
	<entry id="1060180120" project="LAO" informant="INF018" reel="1c" region="6" narrative="_Q" label="Agriculture" state="OK" sex="F" age="72" age_level="3" education="2" town="Norman" county="Cleveland" land_regions="D" locality="U" date="1962" latitude="35.22045" longitude="-97.44733" file_name="LAO(INF018)1c 06 Agriculture.mp3" path_to_file="LAP\Projects\LAO\Speakers\LAO(INF018)\Audio\LAO(INF018)1c\LAO(INF018)1c 06 Agriculture.mp3"/>
	<entry id="1060180121" project="LAO" informant="INF018" reel="1c" region="7" narrative="_Q" label="Domestic Animals" state="OK" sex="F" age="72" age_level="3" education="2" town="Norman" county="Cleveland" land_regions="D" locality="U" date="1962" latitude="35.22045" longitude="-97.44733" file_name="LAO(INF018)1c 07 Domestic Animals.mp3" path_to_file="LAP\Projects\LAO\Speakers\LAO(INF018)\Audio\LAO(INF018)1c\LAO(INF018)1c 07 Domestic Animals.mp3"/>
	<entry id="3060180103" project="LAO" informant="INF018" reel="1c" region="0" narrative="_I" label="Metadata" state="OK" sex="F" age="72" age_level="3" education="2" town="Norman" county="Cleveland" land_regions="D" locality="U" date="1962" latitude="35.22045" longitude="-97.44733" file_name="LAO(INF018)1cmeta.txt" path_to_file="LAP\Projects\LAO\Speakers\LAO(INF018)\Audio\LAO(INF018)1c\LAO(INF018)1cmeta.txt"/>
	<entry id="1060180201" project="LAO" informant="INF018" reel="2a" region="1" narrative="_Q" label="Social Relations" state="OK" sex="F" age="72" age_level="3" education="2" town="Norman" county="Cleveland" land_regions="D" locality="U" date="1962" latitude="35.22045" longitude="-97.44733" file_name="LAO(INF018)2a 01 Social Relations.mp3" path_to_file="LAP\Projects\LAO\Speakers\LAO(INF018)\Audio\LAO(INF018)2a\LAO(INF018)2a 01 Social Relations.mp3"/>
	<entry id="1060180202" project="LAO" informant="INF018" reel="2a" region="2" narrative="_Q" label="The Farm" state="OK" sex="F" age="72" age_level="3" education="2" town="Norman" county="Cleveland" land_regions="D" locality="U" date="1962" latitude="35.22045" longitude="-97.44733" file_name="LAO(INF018)2a 02 The Farm.mp3" path_to_file="LAP\Projects\LAO\Speakers\LAO(INF018)\Audio\LAO(INF018)2a\LAO(INF018)2a 02 The Farm.mp3"/>
	<entry id="1060180203" project="LAO" informant="INF018" reel="2a" region="3" narrative="_Q" label="The Farm" state="OK" sex="F" age="72" age_level="3" education="2" town="Norman" county="Cleveland" land_regions="D" locality="U" date="1962" latitude="35.22045" longitude="-97.44733" file_name="LAO(INF018)2a 03 The Farm.mp3" path_to_file="LAP\Projects\LAO\Speakers\LAO(INF018)\Audio\LAO(INF018)2a\LAO(INF018)2a 03 The Farm.mp3"/>
	<entry id="1060180204" project="LAO" informant="INF018" reel="2a" region="4" narrative="_Q" label="Public Institutions" state="OK" sex="F" age="72" age_level="3" education="2" town="Norman" county="Cleveland" land_regions="D" locality="U" date="1962" latitude="35.22045" longitude="-97.44733" file_name="LAO(INF018)2a 04 Public Institutions.mp3" path_to_file="LAP\Projects\LAO\Speakers\LAO(INF018)\Audio\LAO(INF018)2a\LAO(INF018)2a 04 Public Institutions.mp3"/>
	<entry id="1060180205" project="LAO" informant="INF018" reel="2a" region="5" narrative="_Q" label="Vehicles" state="OK" sex="F" age="72" age_level="3" education="2" town="Norman" county="Cleveland" land_regions="D" locality="U" date="1962" latitude="35.22045" longitude="-97.44733" file_name="LAO(INF018)2a 05 Vehicles.mp3" path_to_file="LAP\Projects\LAO\Speakers\LAO(INF018)\Audio\LAO(INF018)2a\LAO(INF018)2a 05 Vehicles.mp3"/>
	<entry id="1060180206" project="LAO" informant="INF018" reel="2a" region="6" narrative="_Q" label="Agriculture" state="OK" sex="F" age="72" age_level="3" education="2" town="Norman" county="Cleveland" land_regions="D" locality="U" date="1962" latitude="35.22045" longitude="-97.44733" file_name="LAO(INF018)2a 06 Agriculture.mp3" path_to_file="LAP\Projects\LAO\Speakers\LAO(INF018)\Audio\LAO(INF018)2a\LAO(INF018)2a 06 Agriculture.mp3"/>
	<entry id="1060180207" project="LAO" informant="INF018" reel="2a" region="7" narrative="_Q" label="Containers and Utensils" state="OK" sex="F" age="72" age_level="3" education="2" town="Norman" county="Cleveland" land_regions="D" locality="U" date="1962" latitude="35.22045" longitude="-97.44733" file_name="LAO(INF018)2a 07 Containers and Utensils.mp3" path_to_file="LAP\Projects\LAO\Speakers\LAO(INF018)\Audio\LAO(INF018)2a\LAO(INF018)2a 07 Containers and Utensils.mp3"/>
	<entry id="3060180201" project="LAO" informant="INF018" reel="2a" region="0" narrative="_I" label="Metadata" state="OK" sex="F" age="72" age_level="3" education="2" town="Norman" county="Cleveland" land_regions="D" locality="U" date="1962" latitude="35.22045" longitude="-97.44733" file_name="LAO(INF018)2ameta.txt" path_to_file="LAP\Projects\LAO\Speakers\LAO(INF018)\Audio\LAO(INF018)2a\LAO(INF018)2ameta.txt"/>
	<entry id="1060180208" project="LAO" informant="INF018" reel="2b" region="1" narrative="_Q" label="Domestic Animals" state="OK" sex="F" age="72" age_level="3" education="2" town="Norman" county="Cleveland" land_regions="D" locality="U" date="1962" latitude="35.22045" longitude="-97.44733" file_name="LAO(INF018)2b 01 Domestic Animals.mp3" path_to_file="LAP\Projects\LAO\Speakers\LAO(INF018)\Audio\LAO(INF018)2b\LAO(INF018)2b 01 Domestic Animals.mp3"/>
	<entry id="1060180209" project="LAO" informant="INF018" reel="2b" region="2" narrative="_Q" label="Food and Cooking" state="OK" sex="F" age="72" age_level="3" education="2" town="Norman" county="Cleveland" land_regions="D" locality="U" date="1962" latitude="35.22045" longitude="-97.44733" file_name="LAO(INF018)2b 02 Food and Cooking.mp3" path_to_file="LAP\Projects\LAO\Speakers\LAO(INF018)\Audio\LAO(INF018)2b\LAO(INF018)2b 02 Food and Cooking.mp3"/>
	<entry id="1060180210" project="LAO" informant="INF018" reel="2b" region="3" narrative="_Q" label="Dwellings" state="OK" sex="F" age="72" age_level="3" education="2" town="Norman" county="Cleveland" land_regions="D" locality="U" date="1962" latitude="35.22045" longitude="-97.44733" file_name="LAO(INF018)2b 03 Dwellings.mp3" path_to_file="LAP\Projects\LAO\Speakers\LAO(INF018)\Audio\LAO(INF018)2b\LAO(INF018)2b 03 Dwellings.mp3"/>
	<entry id="1060180211" project="LAO" informant="INF018" reel="2b" region="4" narrative="_Q" label="Containers and Utensils" state="OK" sex="F" age="72" age_level="3" education="2" town="Norman" county="Cleveland" land_regions="D" locality="U" date="1962" latitude="35.22045" longitude="-97.44733" file_name="LAO(INF018)2b 04 Containers and Utensils.mp3" path_to_file="LAP\Projects\LAO\Speakers\LAO(INF018)\Audio\LAO(INF018)2b\LAO(INF018)2b 04 Containers and Utensils.mp3"/>
	<entry id="1060180212" project="LAO" informant="INF018" reel="2b" region="5" narrative="_Q" label="Containers and Utensils" state="OK" sex="F" age="72" age_level="3" education="2" town="Norman" county="Cleveland" land_regions="D" locality="U" date="1962" latitude="35.22045" longitude="-97.44733" file_name="LAO(INF018)2b 05 Containers and Utensils.mp3" path_to_file="LAP\Projects\LAO\Speakers\LAO(INF018)\Audio\LAO(INF018)2b\LAO(INF018)2b 05 Containers and Utensils.mp3"/>
	<entry id="1060180213" project="LAO" informant="INF018" reel="2b" region="6" narrative="_Q" label="Containers and Utensils" state="OK" sex="F" age="72" age_level="3" education="2" town="Norman" county="Cleveland" land_regions="D" locality="U" date="1962" latitude="35.22045" longitude="-97.44733" file_name="LAO(INF018)2b 06 Containers and Utensils.mp3" path_to_file="LAP\Projects\LAO\Speakers\LAO(INF018)\Audio\LAO(INF018)2b\LAO(INF018)2b 06 Containers and Utensils.mp3"/>
	<entry id="1060180214" project="LAO" informant="INF018" reel="2b" region="7" narrative="_Q" label="Containers and Utensils" state="OK" sex="F" age="72" age_level="3" education="2" town="Norman" county="Cleveland" land_regions="D" locality="U" date="1962" latitude="35.22045" longitude="-97.44733" file_name="LAO(INF018)2b 07 Containers and Utensils.mp3" path_to_file="LAP\Projects\LAO\Speakers\LAO(INF018)\Audio\LAO(INF018)2b\LAO(INF018)2b 07 Containers and Utensils.mp3"/>
	<entry id="3060180202" project="LAO" informant="INF018" reel="2b" region="0" narrative="_I" label="Metadata" state="OK" sex="F" age="72" age_level="3" education="2" town="Norman" county="Cleveland" land_regions="D" locality="U" date="1962" latitude="35.22045" longitude="-97.44733" file_name="LAO(INF018)2bmeta.txt" path_to_file="LAP\Projects\LAO\Speakers\LAO(INF018)\Audio\LAO(INF018)2b\LAO(INF018)2bmeta.txt"/>
	<entry id="1060180215" project="LAO" informant="INF018" reel="2c" region="1" narrative="_Q" label="Vehicles" state="OK" sex="F" age="72" age_level="3" education="2" town="Norman" county="Cleveland" land_regions="D" locality="U" date="1962" latitude="35.22045" longitude="-97.44733" file_name="LAO(INF018)2c 01 Vehicles.mp3" path_to_file="LAP\Projects\LAO\Speakers\LAO(INF018)\Audio\LAO(INF018)2c\LAO(INF018)2c 01 Vehicles.mp3"/>
	<entry id="1060180216" project="LAO" informant="INF018" reel="2c" region="2" narrative="_Q" label="Food and Cooking" state="OK" sex="F" age="72" age_level="3" education="2" town="Norman" county="Cleveland" land_regions="D" locality="U" date="1962" latitude="35.22045" longitude="-97.44733" file_name="LAO(INF018)2c 02 Food and Cooking.mp3" path_to_file="LAP\Projects\LAO\Speakers\LAO(INF018)\Audio\LAO(INF018)2c\LAO(INF018)2c 02 Food and Cooking.mp3"/>
	<entry id="1060180217" project="LAO" informant="INF018" reel="2c" region="3" narrative="_Q" label="Names, Titles and Occupations" state="OK" sex="F" age="72" age_level="3" education="2" town="Norman" county="Cleveland" land_regions="D" locality="U" date="1962" latitude="35.22045" longitude="-97.44733" file_name="LAO(INF018)2c 03 Names, Titles and Occupations.mp3" path_to_file="LAP\Projects\LAO\Speakers\LAO(INF018)\Audio\LAO(INF018)2c\LAO(INF018)2c 03 Names, Titles and Occupations.mp3"/>
	<entry id="1060180218" project="LAO" informant="INF018" reel="2c" region="4" narrative="_Q" label="Clothing" state="OK" sex="F" age="72" age_level="3" education="2" town="Norman" county="Cleveland" land_regions="D" locality="U" date="1962" latitude="35.22045" longitude="-97.44733" file_name="LAO(INF018)2c 04 Clothing.mp3" path_to_file="LAP\Projects\LAO\Speakers\LAO(INF018)\Audio\LAO(INF018)2c\LAO(INF018)2c 04 Clothing.mp3"/>
	<entry id="1060180219" project="LAO" informant="INF018" reel="2c" region="5" narrative="_Q" label="Social Relations" state="OK" sex="F" age="72" age_level="3" education="2" town="Norman" county="Cleveland" land_regions="D" locality="U" date="1962" latitude="35.22045" longitude="-97.44733" file_name="LAO(INF018)2c 05 Social Relations.mp3" path_to_file="LAP\Projects\LAO\Speakers\LAO(INF018)\Audio\LAO(INF018)2c\LAO(INF018)2c 05 Social Relations.mp3"/>
	<entry id="1060180220" project="LAO" informant="INF018" reel="2c" region="6" narrative="_Q" label="Vehicles" state="OK" sex="F" age="72" age_level="3" education="2" town="Norman" county="Cleveland" land_regions="D" locality="U" date="1962" latitude="35.22045" longitude="-97.44733" file_name="LAO(INF018)2c 06 Vehicles.mp3" path_to_file="LAP\Projects\LAO\Speakers\LAO(INF018)\Audio\LAO(INF018)2c\LAO(INF018)2c 06 Vehicles.mp3"/>
	<entry id="1060180221" project="LAO" informant="INF018" reel="2c" region="7" narrative="_Q" label="Sport and Play" state="OK" sex="F" age="72" age_level="3" education="2" town="Norman" county="Cleveland" land_regions="D" locality="U" date="1962" latitude="35.22045" longitude="-97.44733" file_name="LAO(INF018)2c 07 Sport and Play.mp3" path_to_file="LAP\Projects\LAO\Speakers\LAO(INF018)\Audio\LAO(INF018)2c\LAO(INF018)2c 07 Sport and Play.mp3"/>
	<entry id="3060180203" project="LAO" informant="INF018" reel="2c" region="0" narrative="_I" label="Metadata" state="OK" sex="F" age="72" age_level="3" education="2" town="Norman" county="Cleveland" land_regions="D" locality="U" date="1962" latitude="35.22045" longitude="-97.44733" file_name="LAO(INF018)2cmeta.txt" path_to_file="LAP\Projects\LAO\Speakers\LAO(INF018)\Audio\LAO(INF018)2c\LAO(INF018)2cmeta.txt"/>
	<entry id="1060180301" project="LAO" informant="INF018" reel="3a" region="1" narrative="_Q" label="Names, Titles and Occupations" state="OK" sex="F" age="72" age_level="3" education="2" town="Norman" county="Cleveland" land_regions="D" locality="U" date="1962" latitude="35.22045" longitude="-97.44733" file_name="LAO(INF018)3a 01 Names, Titles and Occupations.mp3" path_to_file="LAP\Projects\LAO\Speakers\LAO(INF018)\Audio\LAO(INF018)3a\LAO(INF018)3a 01 Names, Titles and Occupations.mp3"/>
	<entry id="1060180302" project="LAO" informant="INF018" reel="3a" region="2" narrative="_Q" label="Clothing" state="OK" sex="F" age="72" age_level="3" education="2" town="Norman" county="Cleveland" land_regions="D" locality="U" date="1962" latitude="35.22045" longitude="-97.44733" file_name="LAO(INF018)3a 02 Clothing.mp3" path_to_file="LAP\Projects\LAO\Speakers\LAO(INF018)\Audio\LAO(INF018)3a\LAO(INF018)3a 02 Clothing.mp3"/>
	<entry id="1060180303" project="LAO" informant="INF018" reel="3a" region="3" narrative="_Q" label="Clothing" state="OK" sex="F" age="72" age_level="3" education="2" town="Norman" county="Cleveland" land_regions="D" locality="U" date="1962" latitude="35.22045" longitude="-97.44733" file_name="LAO(INF018)3a 03 Clothing.mp3" path_to_file="LAP\Projects\LAO\Speakers\LAO(INF018)\Audio\LAO(INF018)3a\LAO(INF018)3a 03 Clothing.mp3"/>
	<entry id="1060180304" project="LAO" informant="INF018" reel="3a" region="4" narrative="_Q" label="Vehicles" state="OK" sex="F" age="72" age_level="3" education="2" town="Norman" county="Cleveland" land_regions="D" locality="U" date="1962" latitude="35.22045" longitude="-97.44733" file_name="LAO(INF018)3a 04 Vehicles.mp3" path_to_file="LAP\Projects\LAO\Speakers\LAO(INF018)\Audio\LAO(INF018)3a\LAO(INF018)3a 04 Vehicles.mp3"/>
	<entry id="1060180305" project="LAO" informant="INF018" reel="3a" region="5" narrative="_Q" label="Clothing" state="OK" sex="F" age="72" age_level="3" education="2" town="Norman" county="Cleveland" land_regions="D" locality="U" date="1962" latitude="35.22045" longitude="-97.44733" file_name="LAO(INF018)3a 05 Clothing.mp3" path_to_file="LAP\Projects\LAO\Speakers\LAO(INF018)\Audio\LAO(INF018)3a\LAO(INF018)3a 05 Clothing.mp3"/>
	<entry id="1060180306" project="LAO" informant="INF018" reel="3a" region="6" narrative="_Q" label="Vegetables" state="OK" sex="F" age="72" age_level="3" education="2" town="Norman" county="Cleveland" land_regions="D" locality="U" date="1962" latitude="35.22045" longitude="-97.44733" file_name="LAO(INF018)3a 06 Vegetables.mp3" path_to_file="LAP\Projects\LAO\Speakers\LAO(INF018)\Audio\LAO(INF018)3a\LAO(INF018)3a 06 Vegetables.mp3"/>
	<entry id="1060180307" project="LAO" informant="INF018" reel="3a" region="7" narrative="_Q" label="Agriculture" state="OK" sex="F" age="72" age_level="3" education="2" town="Norman" county="Cleveland" land_regions="D" locality="U" date="1962" latitude="35.22045" longitude="-97.44733" file_name="LAO(INF018)3a 07 Agriculture.mp3" path_to_file="LAP\Projects\LAO\Speakers\LAO(INF018)\Audio\LAO(INF018)3a\LAO(INF018)3a 07 Agriculture.mp3"/>
	<entry id="3060180301" project="LAO" informant="INF018" reel="3a" region="0" narrative="_I" label="Metadata" state="OK" sex="F" age="72" age_level="3" education="2" town="Norman" county="Cleveland" land_regions="D" locality="U" date="1962" latitude="35.22045" longitude="-97.44733" file_name="LAO(INF018)3ameta.txt" path_to_file="LAP\Projects\LAO\Speakers\LAO(INF018)\Audio\LAO(INF018)3a\LAO(INF018)3ameta.txt"/>
	<entry id="1060180308" project="LAO" informant="INF018" reel="3b" region="1" narrative="_Q" label="Topography" state="OK" sex="F" age="72" age_level="3" education="2" town="Norman" county="Cleveland" land_regions="D" locality="U" date="1962" latitude="35.22045" longitude="-97.44733" file_name="LAO(INF018)3b 01 Topography.mp3" path_to_file="LAP\Projects\LAO\Speakers\LAO(INF018)\Audio\LAO(INF018)3b\LAO(INF018)3b 01 Topography.mp3"/>
	<entry id="1060180309" project="LAO" informant="INF018" reel="3b" region="2" narrative="_Q" label="The Farm" state="OK" sex="F" age="72" age_level="3" education="2" town="Norman" county="Cleveland" land_regions="D" locality="U" date="1962" latitude="35.22045" longitude="-97.44733" file_name="LAO(INF018)3b 02 The Farm.mp3" path_to_file="LAP\Projects\LAO\Speakers\LAO(INF018)\Audio\LAO(INF018)3b\LAO(INF018)3b 02 The Farm.mp3"/>
	<entry id="1060180310" project="LAO" informant="INF018" reel="3b" region="3" narrative="_Q" label="Topography" state="OK" sex="F" age="72" age_level="3" education="2" town="Norman" county="Cleveland" land_regions="D" locality="U" date="1962" latitude="35.22045" longitude="-97.44733" file_name="LAO(INF018)3b 03 Topography.mp3" path_to_file="LAP\Projects\LAO\Speakers\LAO(INF018)\Audio\LAO(INF018)3b\LAO(INF018)3b 03 Topography.mp3"/>
	<entry id="1060180311" project="LAO" informant="INF018" reel="3b" region="4" narrative="_Q" label="Topography" state="OK" sex="F" age="72" age_level="3" education="2" town="Norman" county="Cleveland" land_regions="D" locality="U" date="1962" latitude="35.22045" longitude="-97.44733" file_name="LAO(INF018)3b 04 Topography.mp3" path_to_file="LAP\Projects\LAO\Speakers\LAO(INF018)\Audio\LAO(INF018)3b\LAO(INF018)3b 04 Topography.mp3"/>
	<entry id="1060180312" project="LAO" informant="INF018" reel="3b" region="5" narrative="_Q" label="Topography" state="OK" sex="F" age="72" age_level="3" education="2" town="Norman" county="Cleveland" land_regions="D" locality="U" date="1962" latitude="35.22045" longitude="-97.44733" file_name="LAO(INF018)3b 05 Topography.mp3" path_to_file="LAP\Projects\LAO\Speakers\LAO(INF018)\Audio\LAO(INF018)3b\LAO(INF018)3b 05 Topography.mp3"/>
	<entry id="1060180313" project="LAO" informant="INF018" reel="3b" region="6" narrative="_Q" label="Names, Titles and Occupations" state="OK" sex="F" age="72" age_level="3" education="2" town="Norman" county="Cleveland" land_regions="D" locality="U" date="1962" latitude="35.22045" longitude="-97.44733" file_name="LAO(INF018)3b 06 Names, Titles and Occupations.mp3" path_to_file="LAP\Projects\LAO\Speakers\LAO(INF018)\Audio\LAO(INF018)3b\LAO(INF018)3b 06 Names, Titles and Occupations.mp3"/>
	<entry id="1060180314" project="LAO" informant="INF018" reel="3b" region="7" narrative="_Q" label="Wild Animals" state="OK" sex="F" age="72" age_level="3" education="2" town="Norman" county="Cleveland" land_regions="D" locality="U" date="1962" latitude="35.22045" longitude="-97.44733" file_name="LAO(INF018)3b 07 Wild Animals.mp3" path_to_file="LAP\Projects\LAO\Speakers\LAO(INF018)\Audio\LAO(INF018)3b\LAO(INF018)3b 07 Wild Animals.mp3"/>
	<entry id="3060180302" project="LAO" informant="INF018" reel="3b" region="0" narrative="_I" label="Metadata" state="OK" sex="F" age="72" age_level="3" education="2" town="Norman" county="Cleveland" land_regions="D" locality="U" date="1962" latitude="35.22045" longitude="-97.44733" file_name="LAO(INF018)3bmeta.txt" path_to_file="LAP\Projects\LAO\Speakers\LAO(INF018)\Audio\LAO(INF018)3b\LAO(INF018)3bmeta.txt"/>
	<entry id="1060180315" project="LAO" informant="INF018" reel="3c" region="1" narrative="_Q" label="Calls to Animals" state="OK" sex="F" age="72" age_level="3" education="2" town="Norman" county="Cleveland" land_regions="D" locality="U" date="1962" latitude="35.22045" longitude="-97.44733" file_name="LAO(INF018)3c 01 Calls to Animals.mp3" path_to_file="LAP\Projects\LAO\Speakers\LAO(INF018)\Audio\LAO(INF018)3c\LAO(INF018)3c 01 Calls to Animals.mp3"/>
	<entry id="1060180316" project="LAO" informant="INF018" reel="3c" region="2" narrative="_Q" label="Containers and Utensils" state="OK" sex="F" age="72" age_level="3" education="2" town="Norman" county="Cleveland" land_regions="D" locality="U" date="1962" latitude="35.22045" longitude="-97.44733" file_name="LAO(INF018)3c 02 Containers and Utensils.mp3" path_to_file="LAP\Projects\LAO\Speakers\LAO(INF018)\Audio\LAO(INF018)3c\LAO(INF018)3c 02 Containers and Utensils.mp3"/>
	<entry id="1060180317" project="LAO" informant="INF018" reel="3c" region="3" narrative="_Q" label="Food and Cooking" state="OK" sex="F" age="72" age_level="3" education="2" town="Norman" county="Cleveland" land_regions="D" locality="U" date="1962" latitude="35.22045" longitude="-97.44733" file_name="LAO(INF018)3c 03 Food and Cooking.mp3" path_to_file="LAP\Projects\LAO\Speakers\LAO(INF018)\Audio\LAO(INF018)3c\LAO(INF018)3c 03 Food and Cooking.mp3"/>
	<entry id="1060180318" project="LAO" informant="INF018" reel="3c" region="4" narrative="_Q" label="Dwellings" state="OK" sex="F" age="72" age_level="3" education="2" town="Norman" county="Cleveland" land_regions="D" locality="U" date="1962" latitude="35.22045" longitude="-97.44733" file_name="LAO(INF018)3c 04 Dwellings.mp3" path_to_file="LAP\Projects\LAO\Speakers\LAO(INF018)\Audio\LAO(INF018)3c\LAO(INF018)3c 04 Dwellings.mp3"/>
	<entry id="1060180319" project="LAO" informant="INF018" reel="3c" region="5" narrative="_Q" label="Illness and Death" state="OK" sex="F" age="72" age_level="3" education="2" town="Norman" county="Cleveland" land_regions="D" locality="U" date="1962" latitude="35.22045" longitude="-97.44733" file_name="LAO(INF018)3c 05 Illness and Death.mp3" path_to_file="LAP\Projects\LAO\Speakers\LAO(INF018)\Audio\LAO(INF018)3c\LAO(INF018)3c 05 Illness and Death.mp3"/>
	<entry id="1060180320" project="LAO" informant="INF018" reel="3c" region="6" narrative="_Q" label="Illness and Death" state="OK" sex="F" age="72" age_level="3" education="2" town="Norman" county="Cleveland" land_regions="D" locality="U" date="1962" latitude="35.22045" longitude="-97.44733" file_name="LAO(INF018)3c 06 Illness and Death.mp3" path_to_file="LAP\Projects\LAO\Speakers\LAO(INF018)\Audio\LAO(INF018)3c\LAO(INF018)3c 06 Illness and Death.mp3"/>
	<entry id="1060180321" project="LAO" informant="INF018" reel="3c" region="7" narrative="_Q" label="Domestic Animals" state="OK" sex="F" age="72" age_level="3" education="2" town="Norman" county="Cleveland" land_regions="D" locality="U" date="1962" latitude="35.22045" longitude="-97.44733" file_name="LAO(INF018)3c 07 Domestic Animals.mp3" path_to_file="LAP\Projects\LAO\Speakers\LAO(INF018)\Audio\LAO(INF018)3c\LAO(INF018)3c 07 Domestic Animals.mp3"/>
	<entry id="3060180303" project="LAO" informant="INF018" reel="3c" region="0" narrative="_I" label="Metadata" state="OK" sex="F" age="72" age_level="3" education="2" town="Norman" county="Cleveland" land_regions="D" locality="U" date="1962" latitude="35.22045" longitude="-97.44733" file_name="LAO(INF018)3cmeta.txt" path_to_file="LAP\Projects\LAO\Speakers\LAO(INF018)\Audio\LAO(INF018)3c\LAO(INF018)3cmeta.txt"/>
	<entry id="1060180401" project="LAO" informant="INF018" reel="4a" region="1" narrative="_Q" label="Containers and Utensils" state="OK" sex="F" age="72" age_level="3" education="2" town="Norman" county="Cleveland" land_regions="D" locality="U" date="1962" latitude="35.22045" longitude="-97.44733" file_name="LAO(INF018)4a 01 Containers and Utensils.mp3" path_to_file="LAP\Projects\LAO\Speakers\LAO(INF018)\Audio\LAO(INF018)4a\LAO(INF018)4a 01 Containers and Utensils.mp3"/>
	<entry id="1060180402" project="LAO" informant="INF018" reel="4a" region="2" narrative="_Q" label="Time" state="OK" sex="F" age="72" age_level="3" education="2" town="Norman" county="Cleveland" land_regions="D" locality="U" date="1962" latitude="35.22045" longitude="-97.44733" file_name="LAO(INF018)4a 02 Time.mp3" path_to_file="LAP\Projects\LAO\Speakers\LAO(INF018)\Audio\LAO(INF018)4a\LAO(INF018)4a 02 Time.mp3"/>
	<entry id="1060180403" project="LAO" informant="INF018" reel="4a" region="3" narrative="_Q" label="Calls to Animals" state="OK" sex="F" age="72" age_level="3" education="2" town="Norman" county="Cleveland" land_regions="D" locality="U" date="1962" latitude="35.22045" longitude="-97.44733" file_name="LAO(INF018)4a 03 Calls to Animals.mp3" path_to_file="LAP\Projects\LAO\Speakers\LAO(INF018)\Audio\LAO(INF018)4a\LAO(INF018)4a 03 Calls to Animals.mp3"/>
	<entry id="1060180404" project="LAO" informant="INF018" reel="4a" region="4" narrative="_Q" label="Vehicles" state="OK" sex="F" age="72" age_level="3" education="2" town="Norman" county="Cleveland" land_regions="D" locality="U" date="1962" latitude="35.22045" longitude="-97.44733" file_name="LAO(INF018)4a 04 Vehicles.mp3" path_to_file="LAP\Projects\LAO\Speakers\LAO(INF018)\Audio\LAO(INF018)4a\LAO(INF018)4a 04 Vehicles.mp3"/>
	<entry id="1060180405" project="LAO" informant="INF018" reel="4a" region="5" narrative="_Q" label="Agriculture" state="OK" sex="F" age="72" age_level="3" education="2" town="Norman" county="Cleveland" land_regions="D" locality="U" date="1962" latitude="35.22045" longitude="-97.44733" file_name="LAO(INF018)4a 05 Agriculture.mp3" path_to_file="LAP\Projects\LAO\Speakers\LAO(INF018)\Audio\LAO(INF018)4a\LAO(INF018)4a 05 Agriculture.mp3"/>
	<entry id="1060180406" project="LAO" informant="INF018" reel="4a" region="6" narrative="_Q" label="Vegetables" state="OK" sex="F" age="72" age_level="3" education="2" town="Norman" county="Cleveland" land_regions="D" locality="U" date="1962" latitude="35.22045" longitude="-97.44733" file_name="LAO(INF018)4a 06 Vegetables.mp3" path_to_file="LAP\Projects\LAO\Speakers\LAO(INF018)\Audio\LAO(INF018)4a\LAO(INF018)4a 06 Vegetables.mp3"/>
	<entry id="1060180407" project="LAO" informant="INF018" reel="4a" region="7" narrative="_Q" label="Clothing" state="OK" sex="F" age="72" age_level="3" education="2" town="Norman" county="Cleveland" land_regions="D" locality="U" date="1962" latitude="35.22045" longitude="-97.44733" file_name="LAO(INF018)4a 07 Clothing.mp3" path_to_file="LAP\Projects\LAO\Speakers\LAO(INF018)\Audio\LAO(INF018)4a\LAO(INF018)4a 07 Clothing.mp3"/>
	<entry id="3060180401" project="LAO" informant="INF018" reel="4a" region="0" narrative="_I" label="Metadata" state="OK" sex="F" age="72" age_level="3" education="2" town="Norman" county="Cleveland" land_regions="D" locality="U" date="1962" latitude="35.22045" longitude="-97.44733" file_name="LAO(INF018)4ameta.txt" path_to_file="LAP\Projects\LAO\Speakers\LAO(INF018)\Audio\LAO(INF018)4a\LAO(INF018)4ameta.txt"/>
	<entry id="1060180408" project="LAO" informant="INF018" reel="4b" region="1" narrative="_Q" label="Containers and Utensils" state="OK" sex="F" age="72" age_level="3" education="2" town="Norman" county="Cleveland" land_regions="D" locality="U" date="1962" latitude="35.22045" longitude="-97.44733" file_name="LAO(INF018)4b 01 Containers and Utensils.mp3" path_to_file="LAP\Projects\LAO\Speakers\LAO(INF018)\Audio\LAO(INF018)4b\LAO(INF018)4b 01 Containers and Utensils.mp3"/>
	<entry id="1060180409" project="LAO" informant="INF018" reel="4b" region="2" narrative="_Q" label="Food and Cooking" state="OK" sex="F" age="72" age_level="3" education="2" town="Norman" county="Cleveland" land_regions="D" locality="U" date="1962" latitude="35.22045" longitude="-97.44733" file_name="LAO(INF018)4b 02 Food and Cooking.mp3" path_to_file="LAP\Projects\LAO\Speakers\LAO(INF018)\Audio\LAO(INF018)4b\LAO(INF018)4b 02 Food and Cooking.mp3"/>
	<entry id="1060180410" project="LAO" informant="INF018" reel="4b" region="3" narrative="_Q" label="Personal Characteristics" state="OK" sex="F" age="72" age_level="3" education="2" town="Norman" county="Cleveland" land_regions="D" locality="U" date="1962" latitude="35.22045" longitude="-97.44733" file_name="LAO(INF018)4b 03 Personal Characteristics.mp3" path_to_file="LAP\Projects\LAO\Speakers\LAO(INF018)\Audio\LAO(INF018)4b\LAO(INF018)4b 03 Personal Characteristics.mp3"/>
	<entry id="1060180411" project="LAO" informant="INF018" reel="4b" region="4" narrative="_Q" label="Personal Characteristics" state="OK" sex="F" age="72" age_level="3" education="2" town="Norman" county="Cleveland" land_regions="D" locality="U" date="1962" latitude="35.22045" longitude="-97.44733" file_name="LAO(INF018)4b 04 Personal Characteristics.mp3" path_to_file="LAP\Projects\LAO\Speakers\LAO(INF018)\Audio\LAO(INF018)4b\LAO(INF018)4b 04 Personal Characteristics.mp3"/>
	<entry id="1060180412" project="LAO" informant="INF018" reel="4b" region="5" narrative="_Q" label="Food and Cooking" state="OK" sex="F" age="72" age_level="3" education="2" town="Norman" county="Cleveland" land_regions="D" locality="U" date="1962" latitude="35.22045" longitude="-97.44733" file_name="LAO(INF018)4b 05 Food and Cooking.mp3" path_to_file="LAP\Projects\LAO\Speakers\LAO(INF018)\Audio\LAO(INF018)4b\LAO(INF018)4b 05 Food and Cooking.mp3"/>
	<entry id="1060180413" project="LAO" informant="INF018" reel="4b" region="6" narrative="_Q" label="Illness and Death" state="OK" sex="F" age="72" age_level="3" education="2" town="Norman" county="Cleveland" land_regions="D" locality="U" date="1962" latitude="35.22045" longitude="-97.44733" file_name="LAO(INF018)4b 06 Illness and Death.mp3" path_to_file="LAP\Projects\LAO\Speakers\LAO(INF018)\Audio\LAO(INF018)4b\LAO(INF018)4b 06 Illness and Death.mp3"/>
	<entry id="1060180414" project="LAO" informant="INF018" reel="4b" region="7" narrative="_Q" label="Food and Cooking" state="OK" sex="F" age="72" age_level="3" education="2" town="Norman" county="Cleveland" land_regions="D" locality="U" date="1962" latitude="35.22045" longitude="-97.44733" file_name="LAO(INF018)4b 07 Food and Cooking.mp3" path_to_file="LAP\Projects\LAO\Speakers\LAO(INF018)\Audio\LAO(INF018)4b\LAO(INF018)4b 07 Food and Cooking.mp3"/>
	<entry id="3060180402" project="LAO" informant="INF018" reel="4b" region="0" narrative="_I" label="Metadata" state="OK" sex="F" age="72" age_level="3" education="2" town="Norman" county="Cleveland" land_regions="D" locality="U" date="1962" latitude="35.22045" longitude="-97.44733" file_name="LAO(INF018)4bmeta.txt" path_to_file="LAP\Projects\LAO\Speakers\LAO(INF018)\Audio\LAO(INF018)4b\LAO(INF018)4bmeta.txt"/>
	<entry id="1060180415" project="LAO" informant="INF018" reel="4c" region="1" narrative="_Q" label="Food and Cooking" state="OK" sex="F" age="72" age_level="3" education="2" town="Norman" county="Cleveland" land_regions="D" locality="U" date="1962" latitude="35.22045" longitude="-97.44733" file_name="LAO(INF018)4c 01 Food and Cooking.mp3" path_to_file="LAP\Projects\LAO\Speakers\LAO(INF018)\Audio\LAO(INF018)4c\LAO(INF018)4c 01 Food and Cooking.mp3"/>
	<entry id="1060180416" project="LAO" informant="INF018" reel="4c" region="2" narrative="_Q" label="Food and Cooking" state="OK" sex="F" age="72" age_level="3" education="2" town="Norman" county="Cleveland" land_regions="D" locality="U" date="1962" latitude="35.22045" longitude="-97.44733" file_name="LAO(INF018)4c 02 Food and Cooking.mp3" path_to_file="LAP\Projects\LAO\Speakers\LAO(INF018)\Audio\LAO(INF018)4c\LAO(INF018)4c 02 Food and Cooking.mp3"/>
	<entry id="1060180417" project="LAO" informant="INF018" reel="4c" region="3" narrative="_Q" label="Food and Cooking" state="OK" sex="F" age="72" age_level="3" education="2" town="Norman" county="Cleveland" land_regions="D" locality="U" date="1962" latitude="35.22045" longitude="-97.44733" file_name="LAO(INF018)4c 03 Food and Cooking.mp3" path_to_file="LAP\Projects\LAO\Speakers\LAO(INF018)\Audio\LAO(INF018)4c\LAO(INF018)4c 03 Food and Cooking.mp3"/>
	<entry id="1060180418" project="LAO" informant="INF018" reel="4c" region="4" narrative="_Q" label="Food and Cooking" state="OK" sex="F" age="72" age_level="3" education="2" town="Norman" county="Cleveland" land_regions="D" locality="U" date="1962" latitude="35.22045" longitude="-97.44733" file_name="LAO(INF018)4c 04 Food and Cooking.mp3" path_to_file="LAP\Projects\LAO\Speakers\LAO(INF018)\Audio\LAO(INF018)4c\LAO(INF018)4c 04 Food and Cooking.mp3"/>
	<entry id="1060180419" project="LAO" informant="INF018" reel="4c" region="5" narrative="_Q" label="Food and Cooking" state="OK" sex="F" age="72" age_level="3" education="2" town="Norman" county="Cleveland" land_regions="D" locality="U" date="1962" latitude="35.22045" longitude="-97.44733" file_name="LAO(INF018)4c 05 Food and Cooking.mp3" path_to_file="LAP\Projects\LAO\Speakers\LAO(INF018)\Audio\LAO(INF018)4c\LAO(INF018)4c 05 Food and Cooking.mp3"/>
	<entry id="1060180420" project="LAO" informant="INF018" reel="4c" region="6" narrative="_Q" label="Food and Cooking" state="OK" sex="F" age="72" age_level="3" education="2" town="Norman" county="Cleveland" land_regions="D" locality="U" date="1962" latitude="35.22045" longitude="-97.44733" file_name="LAO(INF018)4c 06 Food and Cooking.mp3" path_to_file="LAP\Projects\LAO\Speakers\LAO(INF018)\Audio\LAO(INF018)4c\LAO(INF018)4c 06 Food and Cooking.mp3"/>
	<entry id="1060180421" project="LAO" informant="INF018" reel="4c" region="7" narrative="_Q" label="Illness and Death" state="OK" sex="F" age="72" age_level="3" education="2" town="Norman" county="Cleveland" land_regions="D" locality="U" date="1962" latitude="35.22045" longitude="-97.44733" file_name="LAO(INF018)4c 07 Illness and Death.mp3" path_to_file="LAP\Projects\LAO\Speakers\LAO(INF018)\Audio\LAO(INF018)4c\LAO(INF018)4c 07 Illness and Death.mp3"/>
	<entry id="1060180422" project="LAO" informant="INF018" reel="4c" region="8" narrative="_Q" label="Containers and Utensils" state="OK" sex="F" age="72" age_level="3" education="2" town="Norman" county="Cleveland" land_regions="D" locality="U" date="1962" latitude="35.22045" longitude="-97.44733" file_name="LAO(INF018)4c 08 Containers and Utensils.mp3" path_to_file="LAP\Projects\LAO\Speakers\LAO(INF018)\Audio\LAO(INF018)4c\LAO(INF018)4c 08 Containers and Utensils.mp3"/>
	<entry id="3060180403" project="LAO" informant="INF018" reel="4c" region="0" narrative="_I" label="Metadata" state="OK" sex="F" age="72" age_level="3" education="2" town="Norman" county="Cleveland" land_regions="D" locality="U" date="1962" latitude="35.22045" longitude="-97.44733" file_name="LAO(INF018)4cmeta.txt" path_to_file="LAP\Projects\LAO\Speakers\LAO(INF018)\Audio\LAO(INF018)4c\LAO(INF018)4cmeta.txt"/>
	<entry id="1060180501" project="LAO" informant="INF018" reel="5a" region="1" narrative="_Q" label="Domestic Animals" state="OK" sex="F" age="72" age_level="3" education="2" town="Norman" county="Cleveland" land_regions="D" locality="U" date="1962" latitude="35.22045" longitude="-97.44733" file_name="LAO(INF018)5a 01 Domestic Animals.mp3" path_to_file="LAP\Projects\LAO\Speakers\LAO(INF018)\Audio\LAO(INF018)5a\LAO(INF018)5a 01 Domestic Animals.mp3"/>
	<entry id="1060180502" project="LAO" informant="INF018" reel="5a" region="2" narrative="_Q" label="Vegetables" state="OK" sex="F" age="72" age_level="3" education="2" town="Norman" county="Cleveland" land_regions="D" locality="U" date="1962" latitude="35.22045" longitude="-97.44733" file_name="LAO(INF018)5a 02 Vegetables.mp3" path_to_file="LAP\Projects\LAO\Speakers\LAO(INF018)\Audio\LAO(INF018)5a\LAO(INF018)5a 02 Vegetables.mp3"/>
	<entry id="1060180503" project="LAO" informant="INF018" reel="5a" region="3" narrative="_Q" label="Domestic Animals" state="OK" sex="F" age="72" age_level="3" education="2" town="Norman" county="Cleveland" land_regions="D" locality="U" date="1962" latitude="35.22045" longitude="-97.44733" file_name="LAO(INF018)5a 03 Domestic Animals.mp3" path_to_file="LAP\Projects\LAO\Speakers\LAO(INF018)\Audio\LAO(INF018)5a\LAO(INF018)5a 03 Domestic Animals.mp3"/>
	<entry id="1060180504" project="LAO" informant="INF018" reel="5a" region="4" narrative="_Q" label="Vegetables" state="OK" sex="F" age="72" age_level="3" education="2" town="Norman" county="Cleveland" land_regions="D" locality="U" date="1962" latitude="35.22045" longitude="-97.44733" file_name="LAO(INF018)5a 04 Vegetables.mp3" path_to_file="LAP\Projects\LAO\Speakers\LAO(INF018)\Audio\LAO(INF018)5a\LAO(INF018)5a 04 Vegetables.mp3"/>
	<entry id="1060180505" project="LAO" informant="INF018" reel="5a" region="5" narrative="_Q" label="Food and Cooking" state="OK" sex="F" age="72" age_level="3" education="2" town="Norman" county="Cleveland" land_regions="D" locality="U" date="1962" latitude="35.22045" longitude="-97.44733" file_name="LAO(INF018)5a 05 Food and Cooking.mp3" path_to_file="LAP\Projects\LAO\Speakers\LAO(INF018)\Audio\LAO(INF018)5a\LAO(INF018)5a 05 Food and Cooking.mp3"/>
	<entry id="1060180506" project="LAO" informant="INF018" reel="5a" region="6" narrative="_Q" label="Wild Animals" state="OK" sex="F" age="72" age_level="3" education="2" town="Norman" county="Cleveland" land_regions="D" locality="U" date="1962" latitude="35.22045" longitude="-97.44733" file_name="LAO(INF018)5a 06 Wild Animals.mp3" path_to_file="LAP\Projects\LAO\Speakers\LAO(INF018)\Audio\LAO(INF018)5a\LAO(INF018)5a 06 Wild Animals.mp3"/>
	<entry id="3060180501" project="LAO" informant="INF018" reel="5a" region="0" narrative="_I" label="Metadata" state="OK" sex="F" age="72" age_level="3" education="2" town="Norman" county="Cleveland" land_regions="D" locality="U" date="1962" latitude="35.22045" longitude="-97.44733" file_name="LAO(INF018)5ameta.txt" path_to_file="LAP\Projects\LAO\Speakers\LAO(INF018)\Audio\LAO(INF018)5a\LAO(INF018)5ameta.txt"/>
	<entry id="1060180507" project="LAO" informant="INF018" reel="5b" region="1" narrative="_Q" label="Wild Animals" state="OK" sex="F" age="72" age_level="3" education="2" town="Norman" county="Cleveland" land_regions="D" locality="U" date="1962" latitude="35.22045" longitude="-97.44733" file_name="LAO(INF018)5b 01 Wild Animals.mp3" path_to_file="LAP\Projects\LAO\Speakers\LAO(INF018)\Audio\LAO(INF018)5b\LAO(INF018)5b 01 Wild Animals.mp3"/>
	<entry id="1060180508" project="LAO" informant="INF018" reel="5b" region="2" narrative="_Q" label="Wild Animals" state="OK" sex="F" age="72" age_level="3" education="2" town="Norman" county="Cleveland" land_regions="D" locality="U" date="1962" latitude="35.22045" longitude="-97.44733" file_name="LAO(INF018)5b 02 Wild Animals.mp3" path_to_file="LAP\Projects\LAO\Speakers\LAO(INF018)\Audio\LAO(INF018)5b\LAO(INF018)5b 02 Wild Animals.mp3"/>
	<entry id="1060180509" project="LAO" informant="INF018" reel="5b" region="3" narrative="_Q" label="Food and Cooking" state="OK" sex="F" age="72" age_level="3" education="2" town="Norman" county="Cleveland" land_regions="D" locality="U" date="1962" latitude="35.22045" longitude="-97.44733" file_name="LAO(INF018)5b 03 Food and Cooking.mp3" path_to_file="LAP\Projects\LAO\Speakers\LAO(INF018)\Audio\LAO(INF018)5b\LAO(INF018)5b 03 Food and Cooking.mp3"/>
	<entry id="1060180510" project="LAO" informant="INF018" reel="5b" region="4" narrative="_Q" label="Topography" state="OK" sex="F" age="72" age_level="3" education="2" town="Norman" county="Cleveland" land_regions="D" locality="U" date="1962" latitude="35.22045" longitude="-97.44733" file_name="LAO(INF018)5b 04 Topography.mp3" path_to_file="LAP\Projects\LAO\Speakers\LAO(INF018)\Audio\LAO(INF018)5b\LAO(INF018)5b 04 Topography.mp3"/>
	<entry id="1060180511" project="LAO" informant="INF018" reel="5b" region="5" narrative="_Q" label="Public Institutions" state="OK" sex="F" age="72" age_level="3" education="2" town="Norman" county="Cleveland" land_regions="D" locality="U" date="1962" latitude="35.22045" longitude="-97.44733" file_name="LAO(INF018)5b 05 Public Institutions.mp3" path_to_file="LAP\Projects\LAO\Speakers\LAO(INF018)\Audio\LAO(INF018)5b\LAO(INF018)5b 05 Public Institutions.mp3"/>
	<entry id="1060180512" project="LAO" informant="INF018" reel="5b" region="6" narrative="_Q" label="Containers and Utensils" state="OK" sex="F" age="72" age_level="3" education="2" town="Norman" county="Cleveland" land_regions="D" locality="U" date="1962" latitude="35.22045" longitude="-97.44733" file_name="LAO(INF018)5b 06 Containers and Utensils.mp3" path_to_file="LAP\Projects\LAO\Speakers\LAO(INF018)\Audio\LAO(INF018)5b\LAO(INF018)5b 06 Containers and Utensils.mp3"/>
	<entry id="1060180513" project="LAO" informant="INF018" reel="5b" region="7" narrative="_Q" label="Wild Animals" state="OK" sex="F" age="72" age_level="3" education="2" town="Norman" county="Cleveland" land_regions="D" locality="U" date="1962" latitude="35.22045" longitude="-97.44733" file_name="LAO(INF018)5b 07 Wild Animals.mp3" path_to_file="LAP\Projects\LAO\Speakers\LAO(INF018)\Audio\LAO(INF018)5b\LAO(INF018)5b 07 Wild Animals.mp3"/>
	<entry id="3060180502" project="LAO" informant="INF018" reel="5b" region="0" narrative="_I" label="Metadata" state="OK" sex="F" age="72" age_level="3" education="2" town="Norman" county="Cleveland" land_regions="D" locality="U" date="1962" latitude="35.22045" longitude="-97.44733" file_name="LAO(INF018)5bmeta.txt" path_to_file="LAP\Projects\LAO\Speakers\LAO(INF018)\Audio\LAO(INF018)5b\LAO(INF018)5bmeta.txt"/>
	<entry id="1060180514" project="LAO" informant="INF018" reel="5c" region="1" narrative="_Q" label="Wild Animals" state="OK" sex="F" age="72" age_level="3" education="2" town="Norman" county="Cleveland" land_regions="D" locality="U" date="1962" latitude="35.22045" longitude="-97.44733" file_name="LAO(INF018)5c 01 Wild Animals.mp3" path_to_file="LAP\Projects\LAO\Speakers\LAO(INF018)\Audio\LAO(INF018)5c\LAO(INF018)5c 01 Wild Animals.mp3"/>
	<entry id="1060180515" project="LAO" informant="INF018" reel="5c" region="2" narrative="_Q" label="Vegetables" state="OK" sex="F" age="72" age_level="3" education="2" town="Norman" county="Cleveland" land_regions="D" locality="U" date="1962" latitude="35.22045" longitude="-97.44733" file_name="LAO(INF018)5c 02 Vegetables.mp3" path_to_file="LAP\Projects\LAO\Speakers\LAO(INF018)\Audio\LAO(INF018)5c\LAO(INF018)5c 02 Vegetables.mp3"/>
	<entry id="1060180516" project="LAO" informant="INF018" reel="5c" region="3" narrative="_Q" label="Trees and Shrubs" state="OK" sex="F" age="72" age_level="3" education="2" town="Norman" county="Cleveland" land_regions="D" locality="U" date="1962" latitude="35.22045" longitude="-97.44733" file_name="LAO(INF018)5c 03 Trees and Shrubs.mp3" path_to_file="LAP\Projects\LAO\Speakers\LAO(INF018)\Audio\LAO(INF018)5c\LAO(INF018)5c 03 Trees and Shrubs.mp3"/>
	<entry id="1060180517" project="LAO" informant="INF018" reel="5c" region="4" narrative="_Q" label="Family" state="OK" sex="F" age="72" age_level="3" education="2" town="Norman" county="Cleveland" land_regions="D" locality="U" date="1962" latitude="35.22045" longitude="-97.44733" file_name="LAO(INF018)5c 04 Family.mp3" path_to_file="LAP\Projects\LAO\Speakers\LAO(INF018)\Audio\LAO(INF018)5c\LAO(INF018)5c 04 Family.mp3"/>
	<entry id="1060180518" project="LAO" informant="INF018" reel="5c" region="5" narrative="_Q" label="Vehicles" state="OK" sex="F" age="72" age_level="3" education="2" town="Norman" county="Cleveland" land_regions="D" locality="U" date="1962" latitude="35.22045" longitude="-97.44733" file_name="LAO(INF018)5c 05 Vehicles.mp3" path_to_file="LAP\Projects\LAO\Speakers\LAO(INF018)\Audio\LAO(INF018)5c\LAO(INF018)5c 05 Vehicles.mp3"/>
	<entry id="1060180519" project="LAO" informant="INF018" reel="5c" region="6" narrative="_Q" label="Names, Titles and Occupations" state="OK" sex="F" age="72" age_level="3" education="2" town="Norman" county="Cleveland" land_regions="D" locality="U" date="1962" latitude="35.22045" longitude="-97.44733" file_name="LAO(INF018)5c 06 Names, Titles and Occupations.mp3" path_to_file="LAP\Projects\LAO\Speakers\LAO(INF018)\Audio\LAO(INF018)5c\LAO(INF018)5c 06 Names, Titles and Occupations.mp3"/>
	<entry id="1060180520" project="LAO" informant="INF018" reel="5c" region="7" narrative="_Q" label="Names, Titles and Occupations" state="OK" sex="F" age="72" age_level="3" education="2" town="Norman" county="Cleveland" land_regions="D" locality="U" date="1962" latitude="35.22045" longitude="-97.44733" file_name="LAO(INF018)5c 07 Names, Titles and Occupations.mp3" path_to_file="LAP\Projects\LAO\Speakers\LAO(INF018)\Audio\LAO(INF018)5c\LAO(INF018)5c 07 Names, Titles and Occupations.mp3"/>
	<entry id="1060180521" project="LAO" informant="INF018" reel="5c" region="8" narrative="_Q" label="Personal Characteristics" state="OK" sex="F" age="72" age_level="3" education="2" town="Norman" county="Cleveland" land_regions="D" locality="U" date="1962" latitude="35.22045" longitude="-97.44733" file_name="LAO(INF018)5c 08 Personal Characteristics.mp3" path_to_file="LAP\Projects\LAO\Speakers\LAO(INF018)\Audio\LAO(INF018)5c\LAO(INF018)5c 08 Personal Characteristics.mp3"/>
	<entry id="3060180502" project="LAO" informant="INF018" reel="5c" region="0" narrative="_I" label="Metadata" state="OK" sex="F" age="72" age_level="3" education="2" town="Norman" county="Cleveland" land_regions="D" locality="U" date="1962" latitude="35.22045" longitude="-97.44733" file_name="LAO(INF018)5cmeta.txt" path_to_file="LAP\Projects\LAO\Speakers\LAO(INF018)\Audio\LAO(INF018)5c\LAO(INF018)5cmeta.txt"/>
	<entry id="1060180601" project="LAO" informant="INF018" reel="6a" region="1" narrative="_Q" label="Illness and Death" state="OK" sex="F" age="72" age_level="3" education="2" town="Norman" county="Cleveland" land_regions="D" locality="U" date="1962" latitude="35.22045" longitude="-97.44733" file_name="LAO(INF018)6a 01 Illness and Death.mp3" path_to_file="LAP\Projects\LAO\Speakers\LAO(INF018)\Audio\LAO(INF018)6a\LAO(INF018)6a 01 Illness and Death.mp3"/>
	<entry id="1060180602" project="LAO" informant="INF018" reel="6a" region="2" narrative="_Q" label="Vehicles" state="OK" sex="F" age="72" age_level="3" education="2" town="Norman" county="Cleveland" land_regions="D" locality="U" date="1962" latitude="35.22045" longitude="-97.44733" file_name="LAO(INF018)6a 02 Vehicles.mp3" path_to_file="LAP\Projects\LAO\Speakers\LAO(INF018)\Audio\LAO(INF018)6a\LAO(INF018)6a 02 Vehicles.mp3"/>
	<entry id="1060180603" project="LAO" informant="INF018" reel="6a" region="3" narrative="_Q" label="Illness and Death" state="OK" sex="F" age="72" age_level="3" education="2" town="Norman" county="Cleveland" land_regions="D" locality="U" date="1962" latitude="35.22045" longitude="-97.44733" file_name="LAO(INF018)6a 03 Illness and Death.mp3" path_to_file="LAP\Projects\LAO\Speakers\LAO(INF018)\Audio\LAO(INF018)6a\LAO(INF018)6a 03 Illness and Death.mp3"/>
	<entry id="1060180604" project="LAO" informant="INF018" reel="6a" region="4" narrative="_Q" label="Illness and Death" state="OK" sex="F" age="72" age_level="3" education="2" town="Norman" county="Cleveland" land_regions="D" locality="U" date="1962" latitude="35.22045" longitude="-97.44733" file_name="LAO(INF018)6a 04 Illness and Death.mp3" path_to_file="LAP\Projects\LAO\Speakers\LAO(INF018)\Audio\LAO(INF018)6a\LAO(INF018)6a 04 Illness and Death.mp3"/>
	<entry id="1060180605" project="LAO" informant="INF018" reel="6a" region="5" narrative="_Q" label="Social Relations" state="OK" sex="F" age="72" age_level="3" education="2" town="Norman" county="Cleveland" land_regions="D" locality="U" date="1962" latitude="35.22045" longitude="-97.44733" file_name="LAO(INF018)6a 05 Social Relations.mp3" path_to_file="LAP\Projects\LAO\Speakers\LAO(INF018)\Audio\LAO(INF018)6a\LAO(INF018)6a 05 Social Relations.mp3"/>
	<entry id="1060180606" project="LAO" informant="INF018" reel="6a" region="6" narrative="_Q" label="Numerals" state="OK" sex="F" age="72" age_level="3" education="2" town="Norman" county="Cleveland" land_regions="D" locality="U" date="1962" latitude="35.22045" longitude="-97.44733" file_name="LAO(INF018)6a 06 Numerals.mp3" path_to_file="LAP\Projects\LAO\Speakers\LAO(INF018)\Audio\LAO(INF018)6a\LAO(INF018)6a 06 Numerals.mp3"/>
	<entry id="1060180607" project="LAO" informant="INF018" reel="6a" region="7" narrative="_Q" label="Public Institutions" state="OK" sex="F" age="72" age_level="3" education="2" town="Norman" county="Cleveland" land_regions="D" locality="U" date="1962" latitude="35.22045" longitude="-97.44733" file_name="LAO(INF018)6a 07 Public Institutions.mp3" path_to_file="LAP\Projects\LAO\Speakers\LAO(INF018)\Audio\LAO(INF018)6a\LAO(INF018)6a 07 Public Institutions.mp3"/>
	<entry id="3060180601" project="LAO" informant="INF018" reel="6a" region="0" narrative="_I" label="Metadata" state="OK" sex="F" age="72" age_level="3" education="2" town="Norman" county="Cleveland" land_regions="D" locality="U" date="1962" latitude="35.22045" longitude="-97.44733" file_name="LAO(INF018)6ameta.txt" path_to_file="LAP\Projects\LAO\Speakers\LAO(INF018)\Audio\LAO(INF018)6a\LAO(INF018)6ameta.txt"/>
	<entry id="1060180608" project="LAO" informant="INF018" reel="6b" region="1" narrative="_Q" label="Containers and Utensils" state="OK" sex="F" age="72" age_level="3" education="2" town="Norman" county="Cleveland" land_regions="D" locality="U" date="1962" latitude="35.22045" longitude="-97.44733" file_name="LAO(INF018)6b 01 Containers and Utensils.mp3" path_to_file="LAP\Projects\LAO\Speakers\LAO(INF018)\Audio\LAO(INF018)6b\LAO(INF018)6b 01 Containers and Utensils.mp3"/>
	<entry id="1060180609" project="LAO" informant="INF018" reel="6b" region="2" narrative="_Q" label="Geography" state="OK" sex="F" age="72" age_level="3" education="2" town="Norman" county="Cleveland" land_regions="D" locality="U" date="1962" latitude="35.22045" longitude="-97.44733" file_name="LAO(INF018)6b 02 Geography.mp3" path_to_file="LAP\Projects\LAO\Speakers\LAO(INF018)\Audio\LAO(INF018)6b\LAO(INF018)6b 02 Geography.mp3"/>
	<entry id="1060180610" project="LAO" informant="INF018" reel="6b" region="3" narrative="_Q" label="Geography" state="OK" sex="F" age="72" age_level="3" education="2" town="Norman" county="Cleveland" land_regions="D" locality="U" date="1962" latitude="35.22045" longitude="-97.44733" file_name="LAO(INF018)6b 03 Geography.mp3" path_to_file="LAP\Projects\LAO\Speakers\LAO(INF018)\Audio\LAO(INF018)6b\LAO(INF018)6b 03 Geography.mp3"/>
	<entry id="1060180611" project="LAO" informant="INF018" reel="6b" region="4" narrative="_Q" label="Geography" state="OK" sex="F" age="72" age_level="3" education="2" town="Norman" county="Cleveland" land_regions="D" locality="U" date="1962" latitude="35.22045" longitude="-97.44733" file_name="LAO(INF018)6b 04 Geography.mp3" path_to_file="LAP\Projects\LAO\Speakers\LAO(INF018)\Audio\LAO(INF018)6b\LAO(INF018)6b 04 Geography.mp3"/>
	<entry id="1060180612" project="LAO" informant="INF018" reel="6b" region="5" narrative="_Q" label="Religion" state="OK" sex="F" age="72" age_level="3" education="2" town="Norman" county="Cleveland" land_regions="D" locality="U" date="1962" latitude="35.22045" longitude="-97.44733" file_name="LAO(INF018)6b 05 Religion.mp3" path_to_file="LAP\Projects\LAO\Speakers\LAO(INF018)\Audio\LAO(INF018)6b\LAO(INF018)6b 05 Religion.mp3"/>
	<entry id="1060180613" project="LAO" informant="INF018" reel="6b" region="6" narrative="_Q" label="Adverbs" state="OK" sex="F" age="72" age_level="3" education="2" town="Norman" county="Cleveland" land_regions="D" locality="U" date="1962" latitude="35.22045" longitude="-97.44733" file_name="LAO(INF018)6b 06 Adverbs.mp3" path_to_file="LAP\Projects\LAO\Speakers\LAO(INF018)\Audio\LAO(INF018)6b\LAO(INF018)6b 06 Adverbs.mp3"/>
	<entry id="1060180614" project="LAO" informant="INF018" reel="6b" region="7" narrative="_Q" label="Illness and Death" state="OK" sex="F" age="72" age_level="3" education="2" town="Norman" county="Cleveland" land_regions="D" locality="U" date="1962" latitude="35.22045" longitude="-97.44733" file_name="LAO(INF018)6b 07 Illness and Death.mp3" path_to_file="LAP\Projects\LAO\Speakers\LAO(INF018)\Audio\LAO(INF018)6b\LAO(INF018)6b 07 Illness and Death.mp3"/>
	<entry id="3060180602" project="LAO" informant="INF018" reel="6b" region="0" narrative="_I" label="Metadata" state="OK" sex="F" age="72" age_level="3" education="2" town="Norman" county="Cleveland" land_regions="D" locality="U" date="1962" latitude="35.22045" longitude="-97.44733" file_name="LAO(INF018)6bmeta.txt" path_to_file="LAP\Projects\LAO\Speakers\LAO(INF018)\Audio\LAO(INF018)6b\LAO(INF018)6bmeta.txt"/>
	<entry id="1060180615" project="LAO" informant="INF018" reel="6c" region="1" narrative="_Q" label="Sport and Play" state="OK" sex="F" age="72" age_level="3" education="2" town="Norman" county="Cleveland" land_regions="D" locality="U" date="1962" latitude="35.22045" longitude="-97.44733" file_name="LAO(INF018)6c 01 Sport and Play.mp3" path_to_file="LAP\Projects\LAO\Speakers\LAO(INF018)\Audio\LAO(INF018)6c\LAO(INF018)6c 01 Sport and Play.mp3"/>
	<entry id="1060180616" project="LAO" informant="INF018" reel="6c" region="2" narrative="_Q" label="Public Institutions" state="OK" sex="F" age="72" age_level="3" education="2" town="Norman" county="Cleveland" land_regions="D" locality="U" date="1962" latitude="35.22045" longitude="-97.44733" file_name="LAO(INF018)6c 02 Public Institutions.mp3" path_to_file="LAP\Projects\LAO\Speakers\LAO(INF018)\Audio\LAO(INF018)6c\LAO(INF018)6c 02 Public Institutions.mp3"/>
	<entry id="1060180617" project="LAO" informant="INF018" reel="6c" region="3" narrative="_Q" label="Public Institutions" state="OK" sex="F" age="72" age_level="3" education="2" town="Norman" county="Cleveland" land_regions="D" locality="U" date="1962" latitude="35.22045" longitude="-97.44733" file_name="LAO(INF018)6c 03 Public Institutions.mp3" path_to_file="LAP\Projects\LAO\Speakers\LAO(INF018)\Audio\LAO(INF018)6c\LAO(INF018)6c 03 Public Institutions.mp3"/>
	<entry id="1060180618" project="LAO" informant="INF018" reel="6c" region="4" narrative="_Q" label="Vehicles" state="OK" sex="F" age="72" age_level="3" education="2" town="Norman" county="Cleveland" land_regions="D" locality="U" date="1962" latitude="35.22045" longitude="-97.44733" file_name="LAO(INF018)6c 04 Vehicles.mp3" path_to_file="LAP\Projects\LAO\Speakers\LAO(INF018)\Audio\LAO(INF018)6c\LAO(INF018)6c 04 Vehicles.mp3"/>
	<entry id="1060180619" project="LAO" informant="INF018" reel="6c" region="5" narrative="_Q" label="Vehicles" state="OK" sex="F" age="72" age_level="3" education="2" town="Norman" county="Cleveland" land_regions="D" locality="U" date="1962" latitude="35.22045" longitude="-97.44733" file_name="LAO(INF018)6c 05 Vehicles.mp3" path_to_file="LAP\Projects\LAO\Speakers\LAO(INF018)\Audio\LAO(INF018)6c\LAO(INF018)6c 05 Vehicles.mp3"/>
	<entry id="1060180620" project="LAO" informant="INF018" reel="6c" region="6" narrative="_Q" label="Dwellings" state="OK" sex="F" age="72" age_level="3" education="2" town="Norman" county="Cleveland" land_regions="D" locality="U" date="1962" latitude="35.22045" longitude="-97.44733" file_name="LAO(INF018)6c 06 Dwellings.mp3" path_to_file="LAP\Projects\LAO\Speakers\LAO(INF018)\Audio\LAO(INF018)6c\LAO(INF018)6c 06 Dwellings.mp3"/>
	<entry id="1060180621" project="LAO" informant="INF018" reel="6c" region="7" narrative="_Q" label="Time" state="OK" sex="F" age="72" age_level="3" education="2" town="Norman" county="Cleveland" land_regions="D" locality="U" date="1962" latitude="35.22045" longitude="-97.44733" file_name="LAO(INF018)6c 07 Time.mp3" path_to_file="LAP\Projects\LAO\Speakers\LAO(INF018)\Audio\LAO(INF018)6c\LAO(INF018)6c 07 Time.mp3"/>
	<entry id="3060180603" project="LAO" informant="INF018" reel="6c" region="0" narrative="_I" label="Metadata" state="OK" sex="F" age="72" age_level="3" education="2" town="Norman" county="Cleveland" land_regions="D" locality="U" date="1962" latitude="35.22045" longitude="-97.44733" file_name="LAO(INF018)6cmeta.txt" path_to_file="LAP\Projects\LAO\Speakers\LAO(INF018)\Audio\LAO(INF018)6c\LAO(INF018)6cmeta.txt"/>
	<entry id="1060180701" project="LAO" informant="INF018" reel="7a" region="1" narrative="_Q" label="Clothing" state="OK" sex="F" age="72" age_level="3" education="2" town="Norman" county="Cleveland" land_regions="D" locality="U" date="1962" latitude="35.22045" longitude="-97.44733" file_name="LAO(INF018)7a 01 Clothing.mp3" path_to_file="LAP\Projects\LAO\Speakers\LAO(INF018)\Audio\LAO(INF018)7a\LAO(INF018)7a 01 Clothing.mp3"/>
	<entry id="1060180702" project="LAO" informant="INF018" reel="7a" region="2" narrative="_Q" label="Weather" state="OK" sex="F" age="72" age_level="3" education="2" town="Norman" county="Cleveland" land_regions="D" locality="U" date="1962" latitude="35.22045" longitude="-97.44733" file_name="LAO(INF018)7a 02 Weather.mp3" path_to_file="LAP\Projects\LAO\Speakers\LAO(INF018)\Audio\LAO(INF018)7a\LAO(INF018)7a 02 Weather.mp3"/>
	<entry id="1060180703" project="LAO" informant="INF018" reel="7a" region="3" narrative="_Q" label="Weather" state="OK" sex="F" age="72" age_level="3" education="2" town="Norman" county="Cleveland" land_regions="D" locality="U" date="1962" latitude="35.22045" longitude="-97.44733" file_name="LAO(INF018)7a 03 Weather.mp3" path_to_file="LAP\Projects\LAO\Speakers\LAO(INF018)\Audio\LAO(INF018)7a\LAO(INF018)7a 03 Weather.mp3"/>
	<entry id="1060180704" project="LAO" informant="INF018" reel="7a" region="4" narrative="_Q" label="The Farm" state="OK" sex="F" age="72" age_level="3" education="2" town="Norman" county="Cleveland" land_regions="D" locality="U" date="1962" latitude="35.22045" longitude="-97.44733" file_name="LAO(INF018)7a 04 The Farm.mp3" path_to_file="LAP\Projects\LAO\Speakers\LAO(INF018)\Audio\LAO(INF018)7a\LAO(INF018)7a 04 The Farm.mp3"/>
	<entry id="1060180705" project="LAO" informant="INF018" reel="7a" region="5" narrative="_Q" label="Topography" state="OK" sex="F" age="72" age_level="3" education="2" town="Norman" county="Cleveland" land_regions="D" locality="U" date="1962" latitude="35.22045" longitude="-97.44733" file_name="LAO(INF018)7a 05 Topography.mp3" path_to_file="LAP\Projects\LAO\Speakers\LAO(INF018)\Audio\LAO(INF018)7a\LAO(INF018)7a 05 Topography.mp3"/>
	<entry id="1060180706" project="LAO" informant="INF018" reel="7a" region="6" narrative="_Q" label="Wild Animals" state="OK" sex="F" age="72" age_level="3" education="2" town="Norman" county="Cleveland" land_regions="D" locality="U" date="1962" latitude="35.22045" longitude="-97.44733" file_name="LAO(INF018)7a 06 Wild Animals.mp3" path_to_file="LAP\Projects\LAO\Speakers\LAO(INF018)\Audio\LAO(INF018)7a\LAO(INF018)7a 06 Wild Animals.mp3"/>
	<entry id="1060180707" project="LAO" informant="INF018" reel="7a" region="7" narrative="_Q" label="Pronouns" state="OK" sex="F" age="72" age_level="3" education="2" town="Norman" county="Cleveland" land_regions="D" locality="U" date="1962" latitude="35.22045" longitude="-97.44733" file_name="LAO(INF018)7a 07 Pronouns.mp3" path_to_file="LAP\Projects\LAO\Speakers\LAO(INF018)\Audio\LAO(INF018)7a\LAO(INF018)7a 07 Pronouns.mp3"/>
	<entry id="3060180701" project="LAO" informant="INF018" reel="7a" region="0" narrative="_I" label="Metadata" state="OK" sex="F" age="72" age_level="3" education="2" town="Norman" county="Cleveland" land_regions="D" locality="U" date="1962" latitude="35.22045" longitude="-97.44733" file_name="LAO(INF018)7ameta.txt" path_to_file="LAP\Projects\LAO\Speakers\LAO(INF018)\Audio\LAO(INF018)7a\LAO(INF018)7ameta.txt"/>
	<entry id="1060180708" project="LAO" informant="INF018" reel="7b" region="1" narrative="_Q" label="Pronouns" state="OK" sex="F" age="72" age_level="3" education="2" town="Norman" county="Cleveland" land_regions="D" locality="U" date="1962" latitude="35.22045" longitude="-97.44733" file_name="LAO(INF018)7b 01 Pronouns.mp3" path_to_file="LAP\Projects\LAO\Speakers\LAO(INF018)\Audio\LAO(INF018)7b\LAO(INF018)7b 01 Pronouns.mp3"/>
	<entry id="1060180709" project="LAO" informant="INF018" reel="7b" region="2" narrative="_Q" label="Verbs_Modals" state="OK" sex="F" age="72" age_level="3" education="2" town="Norman" county="Cleveland" land_regions="D" locality="U" date="1962" latitude="35.22045" longitude="-97.44733" file_name="LAO(INF018)7b 02 Verbs_Modals.mp3" path_to_file="LAP\Projects\LAO\Speakers\LAO(INF018)\Audio\LAO(INF018)7b\LAO(INF018)7b 02 Verbs_Modals.mp3"/>
	<entry id="1060180710" project="LAO" informant="INF018" reel="7b" region="3" narrative="_Q" label="Business" state="OK" sex="F" age="72" age_level="3" education="2" town="Norman" county="Cleveland" land_regions="D" locality="U" date="1962" latitude="35.22045" longitude="-97.44733" file_name="LAO(INF018)7b 03 Business.mp3" path_to_file="LAP\Projects\LAO\Speakers\LAO(INF018)\Audio\LAO(INF018)7b\LAO(INF018)7b 03 Business.mp3"/>
	<entry id="1060180711" project="LAO" informant="INF018" reel="7b" region="4" narrative="_Q" label="Public Institutions" state="OK" sex="F" age="72" age_level="3" education="2" town="Norman" county="Cleveland" land_regions="D" locality="U" date="1962" latitude="35.22045" longitude="-97.44733" file_name="LAO(INF018)7b 04 Public Institutions.mp3" path_to_file="LAP\Projects\LAO\Speakers\LAO(INF018)\Audio\LAO(INF018)7b\LAO(INF018)7b 04 Public Institutions.mp3"/>
	<entry id="1060180712" project="LAO" informant="INF018" reel="7b" region="5" narrative="_Q" label="Geography" state="OK" sex="F" age="72" age_level="3" education="2" town="Norman" county="Cleveland" land_regions="D" locality="U" date="1962" latitude="35.22045" longitude="-97.44733" file_name="LAO(INF018)7b 05 Geography.mp3" path_to_file="LAP\Projects\LAO\Speakers\LAO(INF018)\Audio\LAO(INF018)7b\LAO(INF018)7b 05 Geography.mp3"/>
	<entry id="1060180713" project="LAO" informant="INF018" reel="7b" region="6" narrative="_Q" label="Social Relations" state="OK" sex="F" age="72" age_level="3" education="2" town="Norman" county="Cleveland" land_regions="D" locality="U" date="1962" latitude="35.22045" longitude="-97.44733" file_name="LAO(INF018)7b 06 Social Relations.mp3" path_to_file="LAP\Projects\LAO\Speakers\LAO(INF018)\Audio\LAO(INF018)7b\LAO(INF018)7b 06 Social Relations.mp3"/>
	<entry id="3060180702" project="LAO" informant="INF018" reel="7b" region="0" narrative="_I" label="Metadata" state="OK" sex="F" age="72" age_level="3" education="2" town="Norman" county="Cleveland" land_regions="D" locality="U" date="1962" latitude="35.22045" longitude="-97.44733" file_name="LAO(INF018)7bmeta.txt" path_to_file="LAP\Projects\LAO\Speakers\LAO(INF018)\Audio\LAO(INF018)7b\LAO(INF018)7bmeta.txt"/>
	<entry id="1060180714" project="LAO" informant="INF018" reel="7c" region="1" narrative="_Q" label="Geography" state="OK" sex="F" age="72" age_level="3" education="2" town="Norman" county="Cleveland" land_regions="D" locality="U" date="1962" latitude="35.22045" longitude="-97.44733" file_name="LAO(INF018)7c 01 Geography.mp3" path_to_file="LAP\Projects\LAO\Speakers\LAO(INF018)\Audio\LAO(INF018)7c\LAO(INF018)7c 01 Geography.mp3"/>
	<entry id="1060180715" project="LAO" informant="INF018" reel="7c" region="2" narrative="_Q" label="Personal Characteristics" state="OK" sex="F" age="72" age_level="3" education="2" town="Norman" county="Cleveland" land_regions="D" locality="U" date="1962" latitude="35.22045" longitude="-97.44733" file_name="LAO(INF018)7c 02 Personal Characteristics.mp3" path_to_file="LAP\Projects\LAO\Speakers\LAO(INF018)\Audio\LAO(INF018)7c\LAO(INF018)7c 02 Personal Characteristics.mp3"/>
	<entry id="1060180716" project="LAO" informant="INF018" reel="7c" region="3" narrative="_Q" label="Family" state="OK" sex="F" age="72" age_level="3" education="2" town="Norman" county="Cleveland" land_regions="D" locality="U" date="1962" latitude="35.22045" longitude="-97.44733" file_name="LAO(INF018)7c 03 Family.mp3" path_to_file="LAP\Projects\LAO\Speakers\LAO(INF018)\Audio\LAO(INF018)7c\LAO(INF018)7c 03 Family.mp3"/>
	<entry id="1060180717" project="LAO" informant="INF018" reel="7c" region="4" narrative="_Q" label="Food and Cooking" state="OK" sex="F" age="72" age_level="3" education="2" town="Norman" county="Cleveland" land_regions="D" locality="U" date="1962" latitude="35.22045" longitude="-97.44733" file_name="LAO(INF018)7c 04 Food and Cooking.mp3" path_to_file="LAP\Projects\LAO\Speakers\LAO(INF018)\Audio\LAO(INF018)7c\LAO(INF018)7c 04 Food and Cooking.mp3"/>
	<entry id="3060180703" project="LAO" informant="INF018" reel="7c" region="0" narrative="_I" label="Metadata" state="OK" sex="F" age="72" age_level="3" education="2" town="Norman" county="Cleveland" land_regions="D" locality="U" date="1962" latitude="35.22045" longitude="-97.44733" file_name="LAO(INF018)7cmeta.txt" path_to_file="LAP\Projects\LAO\Speakers\LAO(INF018)\Audio\LAO(INF018)7c\LAO(INF018)7cmeta.txt"/>
	<entry id="3060180001" project="LAO" informant="INF018" reel="0" region="0" narrative="_I" label="Biographical Information" state="OK" sex="F" age="72" age_level="3" education="2" town="Norman" county="Cleveland" land_regions="D" locality="U" date="1962" latitude="35.22045" longitude="-97.44733" file_name="LAO(INF018)BIO.txt" path_to_file="LAP\Projects\LAO\Speakers\LAO(INF018)\Text\LAO(INF018)BIO.txt"/>
</Audio>