Informant,Response
001,-
002,swolR=14
003,-
004,swolR=14
005,swolA=14
006,swolRit=143
007,swolA=14
008,-
009,swolA=14
010,swolA=14
011,swolA=14
012,swolA=14
013,swolA=14
014,sw{o}lA=14
015,swoloe=13
016,swolA=14
017,swolA=14
018,-
019,swolRit=143
020,swolA=14
021,sw{aw}lA=14
022,swolA=14
023,swolR=14
024,swolA=14
025,swolR=14
026,-
027,swolA=14
028,swolAit=143
029,swolA(I)t=14
030,swoloe=13
031,-
032,-
033,swoloeIt=134
034,swoloe=13
035,swoloe=13
036,swolR=14
037,swoloe=13
038,swolA=14
039,sw{o}[l](A)
040,sw{o}lA=14
041,swolR=14
042,-
043,swolA=14
044,swolA=14
045,swolA=14
045,swolR=14
045,swolAit=143
046,swolA=14
047,swolRIt=144
048,swolA=14
049,swolAit=143
050,swolA=14
051,sw{o}loe=13
052,swolA=14
053,swolR=14
054,swolR(I)t=14
055,swolA=14
056,sw{o}lA=14
057,swoloeIt=134
058,swolAit=143
058,swolAwit=143
059,swol{R}=14
060,swolA=14
061,swolR=14
062,swolAIt=144
062,swolRIt=144
063,-
064,swolA=14
065,swolA=14
066,swol(A)It=14
067,swolA=14
068,-
069,sw{o}lR=14
070,swol(A)N=14
071,swolR=14
072,swol{R}=14
073,swoloe=13
074,swolAIt=144
074,swolRIt=144
075,swolRIt=144
076,swolA=14
077,swollAIt=144
078,swolAwIt=144
079,swoloeIt=134
080,-
081,swolAit=143
082,swollRd=14
083,swolR=14
084,swolAit=143
085,swolA=14
086,swolA=14
087,swolA=14
088,swolRd=14
089,-
090,swolA=14
091,swoloe=13
092,swolAit=143
093,swollRIt=144
094,swolArIt=144
095,swo[l]Ait=141
096,swolA=14
097,swolA=14
098,swoll(A)it=13
099,swolA=14
100,swoloe=13
101,swoloe=13
102,swolA=14
103,swoloe=13
104,swoloewit=132
105,swolA=14
106,swolA=14
107,swolAwit=143
108,swolA=14
109,swolo=13
110,swolA=14
111,swol(A)It=14
112,sw{o}lA=14
113,-
114,-
115,-
116,-
117,swolR=14
118,swolRIt=144
119,swol(A)It=14
120,swolRIt=144
121,swolA=14
122,swolA=14
123,swolAit=143
124,swoloeIt=134
125,swolA=14
126,swolAd=14
127,-
128,-
129,swolA=14
130,-
131,swolA=14
132,-
133,swolA=14
134,swolA=14
135,swol{R}=14
136,swolRIt=144
137,swoloe=13
138,swolA=14
139,swolRIt=144
140,swolA=14
141,swolRIt=144
142,swolA=14
143,swolA=14
144,swoloeit=132
145,-
146,swoloeit=133
147,-
148,swolAIt=144
148,swolRIt=144
149,swol(A)It=14
150,swolAit=143
151,swolR(I)t=14
152,swol{R}It=144
153,swolA=14
154,swolA=14
155,swolA=14
156,-
157,-
158,swolA=14
159,swolAIt=144
160,-
161,swolRit=341
162,swolRIt=144
163,swoloerIt=134
164,swoloe=13
165,sw{o}lA=14
166,swolA=14
167,swolA=14
168,-
169,swolA=14
170,swolRIt=144
171,sw{o}lA=14
172,swolRIt=144
173,-
174,-
175,-
176,-
177,swoluewIt=134
178,-
179,swolA(I)t=14
180,swolAit=143
181,swolA=14
182,-
183,swolRIt=144
184,swol{R}(I)t=14
185,swolAit=143
186,swol(A)It=14
187,-
188,swol(A)It=14
189,swolA=14
190,swolAit=143
191,shwo[l]oe=13
192,swolAit=143
193,swolA=14
194,swolAIt=144
195,-
196,-
197,swol{R}=14
198,-
199,swolRI(t)=144
200,swolRit=143
201,swoloe=13
202,swolA=14
203,swolA=14
204,-
205,-
206,swolRIt=144
207,swol(A)it=13
208,sw{aw}lA=14
209,swoloewIt=134
210,swolAIt=144
211,swolA=14
212,swolRIt=144
213,-
214,swoloewit=132
215,swolA(I)t=14
216,swolA=14
217,swolRIt=144
218,sw{o}lA=14
219,sw{o}lA=14
220,swollA=14
221,swolRit=143
222,sw{o}lA=14
223,swol{R}It=144
224,swollu{r}=13
225,swolA=14
226,swolRIt=144
227,swoloeIt=134
228,swolRit=143
229,sw{o}loe=13
230,sw{o}loewIt=134
231,sw{aw}loe=13
232,sw{o}loe=13
233,swolAit=143
234,swol(A)It=14
235,swolRIt=144
236,swolR=14
237,swol{R}=14
238,swolA=14
239,swoloewIt=134
240,swoloeIt=134
241,-
242,swolA=14
243,sw{o}lAwit=143
244,-
245,swolA=14
246,swolRit=143
247,swolA=14
248,sw{o}lA=14
248,sw{o}lR=14
249,swollA=14
250,swol{R}=14
251,swolAwIt=144
252,-
253,sw{aw}loeIt=134
254,swolRIt=144
255,swoloeit=133
256,swolR=14
257,swolRit=143
258,sw{o}lRIt=144
259,swoloewit=133
260,-
261,swoloeIt=134
261,swaloewIt=134
262,sw{aw}lA=14
263,swoloed=13
264,swolA=14
265,-
266,sw{o}loe=13
267,swol(A)It=14
268,-
269,shwolA=14
270,swollA=14
271,swo{r}l{R}=14
272,swolA=14
273,swoloewIt=134
274,sw{aw}loe=13
275,swal{R}=14
276,-
277,swalAwit=143
277,swol{R}it=143
278,swoloewit=132
279,swoloeIt=134
280,swolA=14
281,swolRIt=144
282,-
283,sw{o}loe=13
284,swoloe=13
285,-
286,swolA=14
287,swoloe=13
288,swolRIt=144
289,swolA=14
290,swolRIt=144
291,swolAit=143
292,swol(A)It=14
293,swolRIt=144
294,swolA=14
295,swolA(I)t=14
296,swol(A)It=14
297,swoloe=13
298,-
299,swolArIt=144
300,swolAwIt=144
301,swol{R}It=144
302,swolA=14
303,swol(A)It=14
304,swol{R}It=144
305,swol(A)It=14
306,swolRIt=144
307,swoloeIt=134
308,swoloewIt=134
309,thwollRIt=144
310,swoloe=13
311,sw{aw}loe=13
312,swolA=14
313,-
314,sw{aw}lAz=14
315,swolRIt=144
316,swawlAIt=144
317,swol(A)It=14
317,swol(A)rIt=14
318,-
319,sw{o}lA=14
320,swolR(I)t=14
321,swol{R}it=143
322,swolAIt=144
323,swolA=14
324,swol(A)It=14
325,swolAIt=144
326,swolA(I)t=14
327,swolAwIt=144
328,sw{o}l{R}wIt=144
329,swolAit=141
330,swol(A)It=14
331,swol(A)It=14
332,swol(A)It=14
333,swolRIt=144
334,swol(A)It=14
335,sw{aw}lA=14
336,swolAIt=144
337,swolA=14
338,swolA=14
339,swolA=14
340,swolA=14
341,swolRIt=144
342,swolA=14
343,swoloewIt=134
344,swolA=14
345,swolRIt=144
346,swolA=14
347,swolA=14
348,swolA=14
349,swolAIt=144
350,swolA=14
351,swolA=14
352,swoloewIt=134
353,swolR=14
354,swolR(I)t=14
355,swol{R}it=143
356,swolAIt=144
357,swoloeit=132
358,swolRit=143
359,swolR=14
360,swolA=14
361,swolA=14
362,swolA=14
363,swolAIt=144
364,swolA=14
365,-
366,-
367,swolRIt=144
368,-
369,swol{R}=14
370,sw{aw}l{R}=14
371,swol(A)It=14
372,swoloewIt=134
373,swolRIt=144
374,swolAIt=144
375,sw{aw}loe=13
376,-
377,swolA=14
378,swolAwIt=144
379,swolA=14
380,swolA=14
381,swolRIt=144
382,swol{R}It=144
383,swoloewit=132
384,swol(A)It=14
385,swolRIt=144
386,swolA=14
387,swol(A)It=14
388,swolR(I)t=14
389,swolAIt=144
390,sw{o}l{R}It=144
391,swolA=14
392,swolA=14
393,swolA=14
394,swolA=14
395,swolA=14
396,-
397,swolRIt=144
398,swolRIt=144
399,swol(A)It=14
400,swolA=14
401,sw{o}lA=14
402,swolA=14
403,swolAIt=144
404,swolA=14
405,sw{aw}lAwIt=144
406,sw{o}lA=14
407,swolA(I)t=14
408,swolA=14
409,swoloe=13
410,-
411,swol{R}It=144
412,-
413,swolA=14
414,swawloeNG=134
415,swol{R}it=143
416,swolRIt=144
417,swalA=14
418,sw{aw}lA=14
419,swolA=14
420,sw{o}l(A)It=14
421,swolA=14
422,-
423,-
424,swolA=14
425,-
426,swolRIt=144
427,sw{o}lRIt=144
428,swolA=14
429,-
430,swolAIt=144
431,sw{aw}lA=14
432,swolA=14
433,swolA=14
434,swolA=14
435,swolA=14
436,swolAIt=144
437,swolA=14
438,swolA=14
439,swolRIt=144
440,swolA=14
441,swolAIt=144
442,thwol(A)N=14
443,swoloeIt=134
444,swolA=14
445,-
446,swolA=14
447,swolRIt=144
448,sw{o}lAIt=144
449,swolA=14
450,swolA=14
451,swol{R}=14
452,swolA=14
453,-
454,swol{R}it=143
455,sw{o}lAit=143
456,swolA(I)t=14
457,swoloe=13
458,swolA=14
459,-
460,-
461,swolA=14
462,swawlRIt=144
463,-
464,swol(A)It=14
465,sw{aw}lRIt=144
466,swolAwIt=144
467,swolR=14
468,swol(A)It=14
469,sw{o}lRIt=144
470,sw{aw}l{R}It=144
471,swoloe{r}It=134
472,swol{R}=14
473,swol(A)It=14
474,swolAIt=144
475,swolRIt=144
476,swoloeIt=134
477,swolA=14
478,swol(A)It=14
479,swolA=14
480,swoloeIt=134
481,-
482,swolAit=143
483,-
484,swoloe=13
485,-
486,-
487,-
488,swolA=14
489,swolA=14
490,swolAwit=143
491,-
492,swolR=14
493,-
494,swolA=14
495,swoloe=13
496,swolA=14
497,-
498,sw{o}lR=14
499,swolA=14
500,-
501,swolA=14
502,sw{aw}loe=13
503,-
504,swolA=14
505,swolA=14
506,sw{aw}lRIt=144
507,-
508,-
509,-
510,-
511,-
512,-
513,swol(A)It=14
514,swolloe=13
515,swolI=14
516,swoloeIt=134
517,swoloe=13
518,sw{aw}lA=14
519,swolA=14
520,-
521,swolA=14
522,swolAIt=144
523,swoloewIt=134
524,swoloeIt=134
525,-
526,-
527,swolAit=143
528,swolA=14
529,-
530,swolA=14
531,-
532,swolAdIt=144
533,swolRd=14
534,swol{R}It=144
535,shwollRIt=144
536,-
537,-
538,swolA=14
539,swolRit=143
540,-
541,swoloeit=133
542,-
543,swolA=14
544,swoloez=13
545,sw{o}lA=14
546,-
547,swoloe=13
548,sw{o}lR=14
549,swolA=14
550,-
551,-
552,-
553,-
554,swolA=14
555,-
556,sw{o}lA=14
557,swolRIt=144
558,swoloewIt=134
559,-
560,-
561,-
562,swolR(I)t=14
563,swolAit=141
564,swoloeIt=134
565,swolAIt=144
566,-
567,swolA=14
568,-
569,swol(A)It=14
570,swolA=14
571,swolA(I)t=14
572,-
573,swol(A)it=13
574,swol{R}It=144
575,swol{R}It=144
576,sw{aw}lRIt=144
577,swol{R}rIt=144
578,sw{o}lAIt=144
579,swolAwIt=144
580,swol(A)It=14
581,swol{R}It=144
582,swolAit=143
583,swol{R}it=143
584,sw{o}lRIt=144
585,swol(A)It=14
586,-
587,swol(A)It=14
588,swolA=14
589,swolA(I)t=14
590,swolRit=143
591,swoloe=13
592,swolAwIt=144
593,swol(A)it=13
594,swol(A)It=14
595,swolA(I)t=14
595,swolAwIt=144
596,swolAwIt=144
597,swolRIt=144
598,swolAIt=144
599,swolAIt=144
600,swol(A)It=14
601,sw{o}l(A)It=14
602,swol(A)It=14
603,swolAit=143
604,swolRit=143
605,swolRIt=144
606,swolR=14
607,swol{R}it=143
608,swolA=14
609,swolI=14
610,swol(A)It=14
611,swolAIt=144
612,swol(A)It=14
613,swolRIt=144
614,swoloe=13
615,swoloeit=133
616,-
617,swolA=14
618,-
619,-
620,sw{o}lA=14
621,swolR=14
622,-
623,swolAit=143
624,swolRIt=144
625,swolA=14
626,-
627,-
628,-
629,swolAwIt=144
630,swolA=14
631,swolAit=143
632,-
633,swolAIt=144
634,swolR(I)t=14
635,swolRIt=144
636,swolRIt=144
637,swolA=14
638,-
639,sw{o}lAIt=144
640,swol(A)It=14
641,swolRIt=144
642,-
643,swoloewIt=134
644,-
645,swolAwit=143
646,swolRIt=144
647,swol(A)It=14
648,swolAwit=143
649,sw{o}loeIt=134
650,swol(A)It=14
651,-
652,swoloeIt=134
653,swolA=14
654,swoloe=13
655,swoloeIt=134
656,swoloewIt=134
657,swoloewIt=134
657X,swolA=14
657Y,swoloe=13
657Z,swolA=14
658,swol{R}it=143
659,swolA=14
660,sw{aw}l(A)It=14
661,swolRIt=144
662,swolA=14
663,swolA=14
664,-
665,-
666,swolA=14
667,swolAit=143
668,swolA=14
669,swoloeit=132
670,swolAIt=144
671,swoloeit=133
672,swolAIt=144
673,swol(A)It=14
674,swolRd=14
675,swolA=14
676,-
677,swolRIt=144
678,-
679,swolAdIt=144
680,swolAit=143
681,swolA=14
681,sw{o}lA=14
682,swalR=14
682,swolA=14
683,swol{R}wIt=144
684,sw{aw}lRit=143
685,swolA=14
686,swolRIt=144
687,swolRIt=144
688,swolA=14
689,sw{o}lRIt=144
690,swoloewIt=134
691,-
692,-
693,swoloe=13
694,swolR=14
695,swolA=14
696,swoloe=13
697,sw{o}lRIt=144
698,-
699,-
700,-
701,swolAIt=144
701,swolRIt=144
702,swolRIt=144
703,swol(A)It=14
704,swolAwNG=144
705,-
706,swoloeIt=134
707,swol(A)It=14
708,swoloewIt=134
709,swoloewIt=134
710,swoloeIt=134
711,swolA=14
712,swolA=14
713,-
714,swolA=14
715,swolA=14
716,swol{R}It=144
717,swolA=14
718,-
719,-
720,-
721,swolAIt=144
722,swawlA=14
723,swolR=14
724,swolA=14
725,swolA=14
726,swolRIt=144
727,swolA=14
727,sw{o}lR=14
728,swolA=14
729,sw{o}lA=14
730,swolAwIt=144
731,swoloe=13
732,swolA=14
733,-
734,-
735,-
736,-
737,swolRIt=144
738,swolA=14
739,-
740,-
741,swolA=14
742,swol{R}=14
743,swolR=14
744,-
745,-
746,-
747,swolAIt=144
748,swol(A)It=14
749,swolRIt=144
750,-
751,swol{R}=14
752,-
753,swoloewIt=134
754,swolAIt=144
755,swol(A)It=14
756,swolAIt=144
757,swolRIt=144
758,swolR(I)t=14
759,swolAIt=144
760,-
761,swol(A)It=14
762,-
763,-
764,swolA=14
764,swol{R}=14
765,swoloeIt=134
766,swolA=14
767,swolRIt=144
768,-
769,sw{o}lloeIt=134
770,swawlAit=341
771,swol(A)It=14
772,swolAIt=144
773,swolAit=143
774,-
775,swol(A)rIt=14
776,swolloeIt=134
777,-
778,swoloewit=132
779,swolAIt=144
780,sw{o}lA=14
781,swolAit=143
782,swolRIt=144
783,sw{o}lR=14
784,swol(A)It=14
785,swollA=14
786,swolRIt=144
787,swoloeit=132
788,sw{o}lA=14
788,swol{R}=14
789,swol(A)It=14
790,swolRit=143
791,swol(A)It=14
792,swolRIt=144
793,-
794,swolRIt=144
795,-
796,swolRIt=144
797,shwolRIt=144
798,swolA=14
799,-
800,swolRit=143
801,swolAit=143
802,swolA=14
803,swolAIt=144
804,-
805,sw{aw}lA=14
806,swolAwit=143
807,twollR=14
808,swolA=14
809,swolAIt=144
810,swol(A)It=14
811,swol(A)It=14
812,sw{aw}lAit=143
813,swol{R}It=144
814,swolRIt=144
815,swolR(I)t=14
816,swoloewIt=134
817,swolRIt=144
818,-
819,swolRIt=144
820,swollAIt=144
821,swol(A)it=13
822,swolRIt=144
823,swolRIt=144
824,swolloeIt=134
825,swol(A)It=14
826,swoloeIt=134
827,swoloeIt=134
828,swol(A)It=14
829,swolAIt=144
830,swollAit=142
831,swolAwit=143
832,-
833,swoloeIt=134
834,swoloewIt=134
835,swolAIt=144
836,swol{R}rIt=144
837,-
838,swol{R}=14
839,swol(A)It=14
840,swolR(I)t=14
841,swolA=14
842,swolAIt=144
843,swolRit=143
844,swolloeIt=134
845,swolAit=143
846,swol(A)it=13
847,-
848,swolA=14
849,swolA=14
850,swolR(I)t=14
851,-
852,-
853,swolRIt=144
854,swol{R}It=144
855,swol{R}It=144
856,-
857,swolA=14
858,-
859,swoloeit=123
860,swol(A)It=14
861,swolRIt=144
862,swolRIt=144
863,swoloe=13
864,swolueIt=134
865,sw{aw}lRIt=144
866,swoloeIt=134
867,swol{R}it=143
868,swol(A)It=14
869,swoloeIt=134
870,swoloeIt=134
871,sw{aw}lA=14
872,swol(A)It=14
873,swolRIt=144
874,swolRit=143
875,swoloeIt=134
876,swoloewIt=134
877,swoloeIt=134
878,swolA=14
879,-
880,-
881,-
882,swolRIt=144
883,swoloewIt=134
884,-
885,swolAIt=144
886,swolRIt=144
887,swolAit=143
888,swolAIt=144
889,swolAwIt=144
890,swoloeit=123
891,sw{o}loeit=133
892,swolAz=14
893,swolA=14
893,swoloe=13
894,swolAIt=144
895,swoloe=13
896,-
897,-
898,-
899,-
900,swolAwit=143
901,swoloeit=132
902,swoloe=13
903,-
904,swolAIt=144
905,swoloeIt=134
906,swolA=14
907,-
908,swoloe=13
909,-
910,swolAwIt=144
910,swoloewIt=134
911,swolAIt=144
