Informant,Response
001,-
002,{sh}rimp
003,-
004,{sh}rimp
005,{sh}rimp
006,-
007,-
008,-
009,-
010,{sh}remps
011,shremp
012,shrimps
013,shrimp
014,{s}rimp
015,shrimp
016,srimp
016,{s}rimp
017,-
018,-
019,shrimp
020,-
021,-
022,shrimp
022,{s}rimp
023,srimp
024,-
025,-
026,-
027,shrimp
028,{sh}rimp
029,{sh}rimp
030,-
031,-
032,-
033,-
034,shrimp
035,-
036,-
037,shrimp
038,shrimp
039,shrimp
039,{sh}rimp
040,{s}rimp
041,srimp
042,-
043,shrimp
044,{s}rimp
045,shrimp
045,{sh}rimp
046,shrimp
047,srimp
048,shremp
048,{sh}rimp
049,shrimp
050,-
051,shrimp
052,{sh}rimps
053,shremp
053,shrimp
053,shrimps
054,-
055,shrimp
055,shrimps
056,shrimp
057,{sh}rimp
058,shrimp
058,{sh}rimp
059,-
060,{sh}remp
061,-
062,shrimp
063,{sh}rimp
064,shrimp
065,-
066,srimp
066,swimp
067,-
068,{sh}rimp
069,shrimp
070,-
071,shrimp
072,{sh}rimp
073,shrimp
073,srimp
074,shremp
075,{sh}rimp
076,sreemp
076,{s}reemp
076,srimp
077,srimp
078,srimp
079,{sh}rimp
080,{s}rimp
081,shremp
082,srimp
083,srimp
084,swimp
084,swimps
085,shrimp
086,srimp
087,srimp
088,{s}rimp
089,-
090,srimp
091,-
092,{sh}rimp
092,{s}rimp
093,-
094,-
095,shrimp
096,shrimp
097,srimp
098,swimps
099,srimp
100,srimp
101,shrimp
101,{sh}rimp
102,shrimp
103,shrimp
103,{sh}rimp
104,{sh}rimp
104,{sh}rimps
105,{sh}rimp
106,srimp
107,shrimp
108,{sh}rimp
109,{sh}rimp
110,{sh}remp
111,shrimp
112,srimp
113,-
114,shrimp
114,{sh}rimp
115,{sh}rimp
116,-
117,shrimp
118,{sh}rimp
119,shrimps
120,shrimp
121,{s}rimp
122,shrimp
123,-
124,srimp
125,-
126,swimp
127,{sh}rimp
128,{sh}rimp
129,shremp
130,shrimp
131,{sh}rimp
132,shrimp
133,-
134,{s}rimp
135,shrimp
136,-
137,{sh}rimp
138,srimp
139,shrimp
139,{s}rimp
140,{sh}wimps
141,{sh}rimp
141,{s}rimp
142,srimp
143,srimp
144,shrimp
145,swimp
145,swimps
146,srimp
147,{sh}rimp
148,{s}rimp
149,swimps
150,shrimp
150,swimp
151,{sh}rimp
152,{s}rimp
153,{sh}rimp
154,-
155,-
156,-
157,-
158,shremp
159,{s}rimp
160,{sh}rimp
161,srimp
162,shremp
163,shrimp
164,shrimp
165,{sh}rimp
166,srimp
167,{sh}rimp
168,shrimp
169,srimp
170,shrimp
171,-
172,shrimp
172,srimp
173,{sh}rimp
174,{sh}rimp
175,-
176,shrimp
177,shrimp
177,{sh}rimp
178,{sh}rimp
179,{sh}rimp
179,{s}rimp
180,{sh}rimp
181,shrimp
182,shrimp
183,{sh}remp
184,{sh}rimp
185,{sh}rimp
186,{sh}rimp
187,srimp
188,swimp
189,{sh}rimp
190,{sh}rimp
191,shremp
191,shrimp
192,{s}rimp
193,swemp
194,srimp
195,shrimp
196,{sh}rimp
197,{sh}rimp
198,{sh}rimp
199,-
200,{sh}rimp
201,-
202,{s}rimp
203,-
204,{s}rimp
205,-
206,shrimp
207,swimp
208,-
209,{sh}rimp
210,swimp
210,swimps
211,shrimp
212,-
213,{sh}rimp
214,-
215,-
216,{s}rimp
217,shrimp
218,{sh}rimp
219,srimp
220,shrimp
221,shrimp
222,-
223,shremp
224,shwimps
225,{s}hrimp
226,{s}rimps
227,sh(r)imp
228,-
229,{sh}rimp
230,{s}rimp
231,shrimp
232,shrimp
233,shrimp
234,srimp
235,shrimp
236,shrimp
237,shrimp
237,{s}rimp
238,{sh}rimp
239,{sh}rimp
240,shrimp
240,shrimps
241,-
242,srimp
243,shrimp
244,-
245,{s}rimp
246,{sh}rimp
247,shrimp
247,srimp
248,{s}rimp
249,srimp
250,srimp
251,shrimps
252,-
253,srimp
253,shrimp
254,shrimp
255,-
256,{sh}rimp
257,shrimp
257,srimp
257,{s}rimp
258,srimp
259,shrimp
259,{sh}rimp
260,srimp
261,shremp
262,{sh}rimp
263,{sh}rimp
264,shrimp
265,{sh}rimp
266,shrimp
266,shrimps
267,shrimp
268,-
269,shrimp
269,{sh}remp
270,shrimp
270,shrim(p)
271,{sh}rimp
271,{sh}rimps
272,shrimp
272,srimp
273,shremp
273,shrimp
274,shrimp
275,srimp
276,shrimp
276,sremp
276,srimp
277,-
278,shrimp
279,shrimp
280,shrimp
280,{sh}rimps
281,srimp
281,srimps
282,-
283,shrimp
283,shrimps
284,shrimp
285,-
286,shrimp
287,-
288,shrimp
289,shrimp
290,-
291,srimp
292,{s}rimp
293,shrimp
293,{s}rimp
294,shrimp
294,{sh}rimp
295,shremp
296,shrimp
297,shrimp
297,{s}rimp
298,-
299,srimp
299,{s}rimp
300,shrimp
300,{sh}rimp
301,-
302,shrimp
303,swimp
304,srimp
304,srimps
305,shrimp
306,srimp
307,shrimp
308,shrimp
309,{sh}rimp
310,-
311,shrimp
311,{sh}rimp
312,shrimp
313,shrimp
314,shrimp
315,-
316,-
317,-
318,-
319,-
320,shrimp
321,shrimp
322,{s}rimp
323,shrimp
324,{sh}rimp
324,{s}rimp
325,{s}rimp
326,shrimp
327,srimp
327,{s}rimp
328,shrimp
329,{sh}rimp
330,shrim(p)
330,{s}rimp
331,-
332,srimp
333,shrimp
333,srem(p)
334,{s}rimp
335,-
336,{sh}rimp
337,shrimp
338,shrimp
339,-
340,swimp
341,-
342,-
343,shrimp
344,-
345,{sh}rimp
346,{sh}rimp
346,srimps
347,-
348,srimp
349,sremp
350,shrimp
351,-
352,{sh}rimp
353,shrimp
354,{sh}rimp
355,{sh}rimp
356,shrimp
357,{s}rimp
358,srimp
359,{sh}rimp
360,{sh}rimp
361,{s}rimp
362,-
363,shrimp
364,shrimp
365,-
366,-
367,-
368,{sh}rimp
369,{sh}rimp
370,shrimp
371,{sh}rimp
372,shrimp
373,srimp
374,srimp
374,{s}rimp
375,-
376,-
377,{sh}wemps
378,-
379,shrimp
380,{sh}rimp
381,-
382,srimp
382,srimps
383,{sh}rimp
384,{sh}rimp
385,srimp
386,{sh}rimp
387,{sh}rimp
388,{sh}rimp
389,{s}rimp
390,shrimp
391,shrimp
392,-
393,srimp
394,shrimp
394,srimp
395,{s}rimp
396,-
397,-
398,shrimp
399,shrimp
399,{sh}rimp
400,srimp
401,-
402,{sh}rimp
402,srimp
403,shrimp
403,srimp
404,{sh}rimp
405,{sh}rimp
406,srimp
407,shrimp
407,srimp
408,shrimp
408,{sh}rimp
409,srimp
409,{s}rimp
410,{sh}rimp
411,{s}rimp
412,-
413,shrimp
414,shrimp
415,srimp
416,{s}rimp
417,{s}rimp
418,shrimp
419,{sh}rimp
420,{sh}rimp
421,srimp
422,shrimp
423,shrimp
423,{s}rimp
424,shrimp
425,-
426,shrimp
427,{sh}rimp
428,{s}rimp
429,-
430,chrimp
431,{sh}rimp
432,srimp
433,shrimp
433,{sh}rimp
434,{sh}rimp
434,{sh}wimp
435,{s}rimp
436,srimp
437,shrimp
438,swimp
439,shreemp
440,shrimp
441,shrimp
442,shremp
442,shrimp
443,srimp
444,{sh}rimp
445,shrimp
446,{sh}rimp
447,{sh}rimp
448,shrimp
449,srimp
449,swimp
450,srimp
450,{s}rimp
451,{sh}rimp
452,srimp
453,-
454,{s}rimp
455,shrimp
456,shrimp
457,srimp
457,srimps
458,shrimp
459,-
460,srimp
461,-
462,srimp
462,{s}rimp
463,shrimp
464,swimp
465,{sh}rimps
466,shrimp
467,srimp
468,shtrimps
469,shrimp
470,shrimp
471,shrimp
472,{s}rimp
472,{s}rimps
473,swimp
474,srimp
475,{sh}rimp
476,{sh}rimp
477,shrimp
478,{s}rimp{s}
479,{sh}rimp
480,shrimp
481,shrimp
482,{sh}rimp
483,-
484,srimp
485,-
486,-
487,srimp
488,-
489,srimp
490,{s}rimp
491,-
492,srimp
493,{s}rimp
494,{s}rimp
495,shwimps
496,-
497,-
498,shrimp
499,srimp
500,-
501,shrimp
502,shrimp
503,-
504,shrimp
504,srimp
505,srimp
506,srimp
507,{s}wimp
508,shrimp
509,-
510,shrimp
511,srimp
512,-
513,{sh}rimp
514,{sh}rimp
515,{s}rimp
516,shrimp
517,shrimp
518,shrimps
519,shrimp
520,-
521,srimp
522,srimp
523,{s}rimp
524,shrimp
524,shrimps
525,srimp
526,-
527,srimp
528,{sh}rimp
529,-
530,swimps
531,-
532,{s}rimp
533,shrimp
534,-
535,srimp
536,shrimp
537,-
538,{sh}rimp
539,{s}wimp
540,-
541,{sh}rimp
542,-
543,swimp
543,swimps
544,{sh}rimp
545,-
546,-
547,{s}rimp
548,srimp
549,-
550,-
551,{sh}rimp
552,{sh}rimp
553,-
554,-
555,-
556,{sh}rimp
557,shrimp
558,shrimp
559,-
560,-
561,-
562,{s}rimp
563,shrimp
564,{sh}rimp
565,shrimp
565,{s}wimp
566,-
567,{s}rimp
568,-
569,{s}rimps
570,shrimp
571,{sh}rimp
572,{sh}rimp
573,-
574,skrimp
574,srimp
575,-
576,shrimp
576,srimp
577,shrimp
577,srimps
578,shrimp
579,-
580,swimp
580,swimps
581,shrimp
582,{sh}rimp
583,-
584,shrimp
585,{sh}wimp
586,-
587,{sh}wimp
588,{sh}rimp
588,{s}rimp
589,shrimp
589,shri[m]p
590,-
591,shrimp
592,-
593,swimps
594,{s}rimp
594,{sh}rimp
595,{sh}rimp
596,shrimp
597,{sh}rimp
598,srimps
599,shrimp
600,swimp
601,{sh}rimp
602,shrimps
603,-
604,{sh}rimp
605,shrimp
606,-
607,{sh}rimp
608,{s}rimp
609,swimps
610,swimp
611,shrimps
611,srimps
612,swimps
613,shrimp
613,{sh}rimp
614,-
615,shrimp
616,srimp
617,shrimp
618,{sh}rimp
619,{s}rimp
620,{sh}rimp
621,shremp
621,shrimp
622,shrimp
623,{s}rimp
624,srimp
625,shrimp
626,shrimp
627,{sh}rimps
628,shrimp
628,shrimps
629,{sh}rimp
630,srimp
631,{sh}rimp
632,srimp
633,shrimp
634,shrimp
634,{sh}rimp
635,shrimp
636,shrimps
637,srimp
637,swimp
638,shrimp
639,swimp
640,shwimp{s}
641,shremp
641,{sh}rimp
642,-
643,shrimp
644,-
645,-
646,{sh}rimp
647,{s}rimp
648,shrimp
649,shrimp
650,srimps
651,shrimp
652,shrimp
653,shrimp
654,-
655,shrimp
656,shrimp
656,shrimps
657,shrimp
657X,shrimp
657Y,shrimp
657Z,shrimp
658,{sh}rimp
659,shwimp
659,{sh}rimp
660,{sh}rimp
660,{s}wimp
661,shrimps
662,-
663,shrimp
664,shrimp
665,{s}wimps
666,shrimp
666,shrimps
667,{sh}rimp
668,chrimp
668,{sh}rimps
669,{sh}rimp
670,shrimp
670,{sh}rimps
671,shrimp
672,-
673,shrimps
674,{sh}rimp
675,-
676,-
677,{sh}rimps
678,shrimp
679,shrimp
680,shrimp
681,shrimp
682,shrimp
683,srimp
684,-
685,shrimp
686,{s}rimp
687,shremp
688,swimp
689,{sh}rimp
690,{sh}rimp
691,-
692,srimp
693,srimp
694,{sh}rimp
694,{s}rimp
695,shremp
696,{sh}rimp
697,swimp
698,{s}rimp
699,-
700,shremp
701,srimp
702,{sh}rimp
703,-
704,shrimp
705,shrimp
706,-
707,shrimp
708,{s}rimp
709,shrimp
710,shremp
711,shrimp
712,shremp
713,shrimp
714,{sh}rimp
715,-
716,srimp
716,{s}rimp
717,{sh}rimp
718,srimp
719,shrimp
720,srimp
721,shrimp
722,shrimp
723,{sh}rimp
724,shrimp
725,shrimp
726,srimp
727,{s}rimp
728,-
729,{s}rimp
730,srimp
731,shrimp
732,shrimp
733,-
734,-
735,shrimp
736,shrimp
737,shrimp
738,shremp
739,-
740,shrimp
741,{s}rimp
742,-
743,shrimp
744,shrimp
745,-
746,shrimp
747,shrimp
748,{s}wimps
749,shrimp
750,-
751,{s}rimp
752,-
753,shrimp
754,{s}rimp
755,shrimp
755,srimp
756,swimps
757,{sh}rimp
758,shrimp
759,-
760,-
761,{sh}rimp
761,strimps
762,{sh}rimp
762,sremp
762,srimp
763,-
764,{s}rimp
765,srimp
766,srimp
767,{s}rimp
768,swimps
769,shrimp
770,{sh}rimp
771,{sh}rimps
772,shrimp
773,shrimp
774,-
775,{sh}remp
776,shrimp
777,shrimp
777,{sh}rimp
778,{sh}rimp
779,-
780,shrimp
781,{sh}rimp
782,{sh}rimp
783,shrimp
784,swamp
785,{sh}rimp
786,srimp
787,shrimp
788,{sh}rimp
789,{s}rimp
790,shrimp
791,srimp
792,shrimp
792,{s}rimp
793,shrimp
794,shrimp
794,{sh}rimp
795,-
796,shrimp
797,{s}rimp
798,shrimp
798,{sh}rimp
799,-
800,{s}rimp
801,srimp
801,{s}rimp
802,swimp
803,-
804,-
805,shrimp
806,{sh}rimps
807,srimp
807,{s}rimp
808,shrimp
808,shrimps
809,shrim(p)
810,shrimp
810,{sh}rimp
811,shremp
812,shrimp
813,shrimp
813,srimp
814,{sh}rimp
815,{sh}rimp
816,shrimp
817,shrimp
817,shwimp
817,srimp
818,-
819,{sh}rimp
820,{sh}rimp
821,swimps
822,{sh}rimp
823,shrimp
824,shrimp
825,shremp
825,shrimp
826,shrimp
827,srimp
828,shrimps
829,shrimp
830,shrimp
831,srimp
832,-
833,{sh}rimp
834,shrimp
835,swimp
836,shremp
836,srimps
837,-
838,-
839,-
840,shrimp
841,shrimp
842,{s}rimp
842,{sh}rimps
843,shrimp
844,shrimp
845,shrimp
846,shrimp
846,{sh}rimp
847,-
848,{sh}rimp
849,{sh}rimp
850,{s}rimp
851,srimp
852,{s}rimp
853,shrimp
854,shrimp
855,-
856,-
857,srimp
858,{sh}rimp
859,shrimp
860,shrimps
860,shrim(p)z
861,{sh}rimp
862,shrimp
863,shrimp
864,srimp
864,srimps
864,swimp
865,{sh}rimp
866,{sh}rimp
867,shrimp
867,{sh}rimp
868,shrimp
869,{sh}rimp
870,shrimp
871,{sh}rimp
872,swimps
873,shrimp
874,shrimp
875,shrimp
876,shrimp
877,shrimp
878,{s}rimp
879,-
880,shrimp
881,-
882,{sh}rimp
883,shrimp
884,-
885,srimp
886,shrimp
887,shrimp
888,srimp
888,strimp
889,shrimp
890,shrimp
891,shrimp
892,shrimp
893,shrimp
894,{sh}rimp
895,shrimp
895,{s}reemp
896,shrimp
897,ch(r)imps
898,-
899,{s}rimp
900,srimp
900,{s}rimp
901,shrimp
902,shrimp
902,{sh}rimp
903,-
904,shrimp
904,srimp
905,{sh}rimp
905,{s}rimp
906,shrimp
907,shrimp
908,shrimp
909,-
910,shrimp
911,shrimp
