Informant,Response
001,-
002,{oy}{s}tRz=14
003,-
004,{oy}{s}tR{z}=14
005,{oy}st{R}{z}=14
006,{oy}{s}tR{z}=14
007,oyst{R}z=14
008,-
009,{oy}{s}tR{z}=14
010,oystR=14
011,{oy}{s}tR{z}=14
012,{oy}{s}tR=14
013,{oy}{s}tRz=14
014,oystRz=14
015,{oy}stR{z}=14
016,oyst[R]z=14
017,{oy}stRz=14
018,{oy}stRz=14
019,oy{s}tR{z}=14
020,oystRz=14
021,oystR=14
022,oystRz=14
023,{oy}stR{z}=14
024,oystR=14
025,oystRz=14
026,oy{s}tR{z}=14
027,oystRz=14
028,oysturz=13
029,oyst[R]z=14
030,oyst[R]z=14
031,oy{s}tRz=14
032,awrstR(z)=14
033,oystRz=14
034,oyst{R}z=14
035,oystR=14
036,-
037,oystRz=14
038,oystRz=14
039,oystR{z}=14
040,oyshtR=14
041,{oy}stRz=14
042,-
043,{oy}stR{z}=14
044,oer{s}tRz=14
045,oyst{R}z=14
045,{oy}stRz=14
046,oystR=14
047,oy{s}tRz=14
048,{oy}st[R]z=14
049,{oy}{s}t[R]z=14
050,{oy}shtR{z}=14
051,oyshtRz=14
052,oy{s}t[R]z=14
053,{oy}stRz=14
054,oy{s}t[R]z=14
055,oyshtR=14
056,oyshtRzh=14
057,oy{s}tR=14
058,aw{r}{s}tRz=14
059,oy{s}tR=14
060,oyst{R}=14
061,-
062,oyst[R]z=14
063,-
064,{oy}{s}tR=14
065,oystR=14
066,{oy}{s}t[R]z=14
067,oyst{R}z=14
068,-
069,oy{s}tRz=14
070,{oy}{s}t{R}z=14
071,oyshtRz=14
072,{oy}stRz=14
073,oysht[R]=14
074,oysht[R]=14
075,o{r}shtRz=14
076,oys{t}{R}z=14
077,oysst[R]sh=14
078,oysch[R]z=14
079,oystRz=14
080,-
081,oyst{R}z=14
082,-
083,oysturz=13
084,{oy}st[R]z=14
085,iest{R}z=14
086,oystRz=14
087,-
088,oystRz=14
089,-
090,oyst{R}z=14
091,{oy}st[R]z=14
092,oe{r}{s}tRz=14
093,{oy}sht[R]=14
094,{oy}st[R]=14
095,{oy}st[R]z=14
096,oyst[R]z=14
097,oysht[R]=14
098,oysht[R]z=14
099,{oy}st[R]z=14
100,oysht[R]=14
101,oy{s}tR=14
102,{oy}st{R}z=14
103,oyst[R]=14
104,oystRz=14
105,{oy}st[R]z=14
106,oyst{R}z=14
107,oyst{R}z=14
108,oy{s}tRz=14
109,oysch[R]z=14
110,iesht{R}=14
111,oyst[R]z=14
112,{oy}stRz=14
113,oyst[R]z=14
114,-
115,oyst{R}=14
116,oyst[R]=14
117,{oy}st[R]=14
118,oe{r}stRz=14
119,oysht[R]z=14
120,oysch{R}z=14
121,oysch[R]z=14
122,oyst[R]=14
123,oyst[R]z=14
124,oystRz=14
125,oyst[R]z=14
126,-
127,-
128,-
129,-
130,-
131,oyst[R]z=14
132,-
133,oyst{R}z=14
134,oyst[R]z=14
135,oysht[R]z=14
136,oy{s}ch[R]z=14
137,oy{s}t[R]z=14
138,awst[R]z=14
139,oyst[R]z=14
140,iest[R]z=14
141,oysht[R]z=14
142,oysht[R]=14
143,{oy}st[R]=14
144,oyst[R]z=14
145,iest[R]=14
146,oyst[R]z=14
147,oyst[R]=14
148,oyshch[R]z=14
149,{oy}st[R]z=14
150,oyst{R}=14
151,oy{s}tRz=14
152,oystR=14
153,-
154,oyst[R]z=14
155,oyst[R]z=14
156,-
157,-
158,-
159,oyst{R}=14
160,-
161,oyst[R]=14
162,awsht[R]z=14
163,oysht[R]=14
164,ooshtRz=14
165,oyst[R]z=14
166,oy{s}t[R]z=14
167,oy{s}t{R}z=14
168,-
169,-
170,oysch[R]z=14
171,oyshtRz=14
172,awsht[R]z=14
173,-
174,{oy}st[R]=14
175,-
176,{oy}st{R}z=14
177,oysht[R]z=14
178,-
179,aw{r}{s}t[R]=14
180,oy{s}t[R]z=14
181,oy{s}t{R}z=14
182,-
183,oyshch[R]z=14
184,oy{sh}tRz=14
185,oy{s}tR=14
186,{oy}stR{z}=14
187,-
188,oyst[R]z=14
189,oysht[R]=14
190,oyst[R]z=14
191,oy{s}tRz=14
192,oyst{R}z=14
193,oyschRz=14
194,oyst{R}z=14
195,oyst{R}z=14
196,{oy}{s}t{R}=14
197,{oy}{s}tR=14
198,-
199,-
200,oy{s}t[R]=14
201,ost[R]z=14
202,oyst[R]z=14
203,{oy}stR=14
204,-
205,-
206,{oy}{s}tR{z}=14
207,oyst[R]z=14
208,-
209,oy{s}ch[R]z=14
210,{oy}sch[R]z=14
211,-
212,{oy}stRz=14
213,oysty[R]=14
214,{oy}st[R]z=14
215,oysht{R}=14
216,oyst[R]=14
217,{oy}st[R]z=14
218,oyst[R]z=14
219,{oy}st[R]z=14
220,{oy}sht{R}{z}=14
221,oyst[R]z=14
222,{oy}{s}ty{R}z=14
223,oy{s}t{R}{z}=14
224,{oy}sht[R]zh=14
225,{oy}st[R]z=14
226,-
227,oyschRz=14
228,-
229,oyst[R]z=14
230,oystRz=14
231,oystRz=14
232,oystRz=14
233,oy{s}t{R}z=14
234,oy{s}t[R]=14
235,{oy}{s}tRz=14
236,oyrstRz=14
237,oyst{R}z=14
238,{oy}{s}tR{z}=14
239,oystRz=14
240,oystRz=14
241,-
242,{oy}st[R]=14
243,oysturz=13
244,-
245,oy{sh}t[R]z=14
246,oyst[R]z=14
247,{oy}sch[R]z=14
248,{oy}schRz=14
249,oysht[R]z=14
250,oyst[R]z=14
251,oysht[R]z=14
252,{oy}st[R]=14
253,oystRz=14
254,{oy}{sh}tR=14
255,-
256,-
257,oystRz=14
258,oystRz=14
259,-
260,-
261,oystRz=14
262,-
263,oyst[R]=14
264,oystRz=14
265,oyst[R]z=14
266,oy{s}tR=14
267,oyst[R]=14
268,-
269,{oy}{sh}tR=14
270,oystR=14
271,{oy}{s}t[R]z=14
272,oystRz=14
273,oyshtRsh=14
274,oystRz=14
275,{oy}st[R]z=14
276,oyst[R]z=14
277,oystR=14
278,oystRz=14
279,oystRz=14
280,oyst[R]z=14
281,oysht[R]z=14
282,-
283,{oy}sh(t)Rdh=14
284,oystR=14
285,-
286,oy{sh}tRz=14
287,-
288,oyst[R]z=14
289,oyst{R}z=14
290,oy{s}tRz=14
291,oy{s}tR=14
292,{oy}stRz=14
293,{oy}{s}t[R]z=14
294,oy{s}tRz=14
295,oy{s}t[R]z=14
296,{oy}st[R]z=14
297,o{s}tRz=14
298,-
299,u{r}st{R}z=14
300,oystRz=14
301,oy{sh}t{R}=14
302,{oy}{s}tR=14
303,o{r}sht[R]=14
304,orst{R}z=14
305,{oy}{s}tR=14
306,oyst[R]=14
307,oystRz=14
308,oyschRz=14
309,oyshtu[r]dh=13
310,-
311,oystRz=14
312,oyst[R]z=14
313,oystRz=14
314,oysch[R]z=14
315,-
316,oyst{R}z=14
317,-
318,-
319,oysturz=13
320,{oy}stRz=14
321,{oy}{s}t{R}z=14
321,{oy}{s}t{R}z=14
322,oy{s}chRz=14
323,oystRz=14
324,oystRz=14
325,oystR=14
326,{oy}sch[R]=14
327,{oy}st[R]=14
328,oy{s}tRz=14
329,oy{s}tRz=14
330,{oy}st[R]z=14
331,-
332,oyst[R]z=14
333,oystRz=14
334,oystRz=14
335,oystRz=14
336,oystRz=14
337,{oy}{s}t[R]z=14
338,oystRz=14
339,{oy}stRz=14
340,oyst[R]z=14
341,{oy}stRz=14
342,-
343,{oy}shtRz=14
344,oy{s}k[R]z=14
345,oysht[R]z=14
346,{oy}st[R]z=14
347,oyst[R]z=14
348,oy{s}tRz=14
349,oy{s}t{R}z=14
349,{oy}sht{R}=14
350,oystR=14
351,oyschRz=14
352,oy{s}chRz=14
353,-
354,oystRz=14
355,oystRz=14
356,oy{s}tRz=14
357,oyst[R]=14
358,oysht[R]z=14
359,oy{s}chRz=14
360,oy{s}chRz=14
361,oyshtR=14
362,{oy}stRz=14
363,oystrAz=14
364,oyst[R]z=14
365,oy{s}tRz=14
366,awsht[R]=14
367,-
368,oystRz=14
369,oysht[R]=14
370,oyst{R}z=14
371,oystRz=14
372,oysht[R]sh=14
373,oyst[R]z=14
374,oyschR=14
375,oystRz=14
376,-
377,-
378,{oy}schR=14
379,oysch[R]z=14
380,oysht[R]=14
381,oysch[R]z=14
382,oyst[R]z=14
383,oystRz=14
384,{oy}st[R]z=14
385,oy{sh}ch{R}=14
385,oy{s}ch[R]z=14
386,oyst[R]z=14
387,{oy}stRz=14
388,oy{s}t{R}z=14
389,aw{r}sch{R}s=14
389,{oy}sch[R]z=14
390,oyst[R]z=14
391,oy{s}tRz=14
392,oyst[R]z=14
392,{oy}st{R}z=14
393,{o}shtyR=14
394,oysht[R]=14
395,{oy}st[R]z=14
396,{oy}{s}t[R]z=14
397,-
398,{oy}{s}tch[R]z=14
399,{oy}sht[R]=14
400,{oy}st[R]z=14
401,-
402,oyst[R]z=14
403,oyst[R]z=14
404,oysht[R]=14
405,oyshchRd=14
406,{o}st{R}z=14
407,{oy}st[R]z=14
408,oy{s}chRz=14
409,oy{s}t[R]z=14
410,oysht[R]=14
411,{oy}st[R]z=14
412,-
413,oysht{R}z=14
414,oysht[R]z=14
415,oysty[R]z=14
416,oysch[R]z=14
417,oysch[R]z=14
418,oyst{R}z=14
419,{oy}st[R]z=14
420,{oy}st{R}z=14
421,oyst[R]=14
422,oyst[R]z=14
423,oyschRz=14
424,oy{s}t[R]z=14
425,-
426,{oy}stRz=14
427,{oy}{s}tRz=14
428,oysht[R]z=14
429,-
430,{oy}stRz=14
431,oystRz=14
432,oysch[R]z=14
433,oyschRz=14
434,oyst[R]z=14
435,oysch[R]z=14
436,oystR(z)=14
437,oystRz=14
438,{oy}{s}t[R]z=14
439,oysch[R]z=14
440,oy{s}t{R}z=14
441,oyst{R}z=14
442,oesht[R]zh=14
443,oy{s}tRz=14
444,oyst[R]z=14
445,oysch[R]z=14
446,oy{s}tR{z}=14
447,{oy}{s}t{R}z=14
447,{oy}{s}t{R}z=14
448,{oy}stRz=14
449,oysht[R]z=14
450,oyst[R]=14
451,{oy}st{R}z=14
452,oyshtRz=14
453,-
454,oyst[R]z=14
455,oystRz=14
456,oy{sh}t{R}z=14
457,oyst{R}z=14
458,oyschRz=14
459,-
460,oysht[R]z=14
461,oystRz=14
462,oysht{R}zh=14
462,oys[R]{z}=14
463,oy{s}tRz=14
464,oyst[R]z=14
465,{oy}stRz=14
466,oy{s}tRz=14
467,{oy}st{R}{z}=14
468,oysch[R]z=14
469,oyst{R}z=14
470,oerstRz=14
471,oy{s}{t}[R]z=14
472,oy{s}t[R]z=14
473,oy{s}t{R}=14
474,oyschRz=14
475,{oy}st[R]z=14
476,oystRz=14
477,oysht[R]=14
478,o{r}sht[R]=14
479,oysch[R]=14
480,oyst[R]=14
481,oysch[R]z=14
482,oyst[R]z=14
483,-
484,oyschRz=14
485,oyshtR=14
486,-
487,oysh{t}[R]=14
488,{oy}stR=14
489,oyst{R}z=14
490,oer{s}tR=14
490,oystRz=14
491,-
492,{oy}stRz=14
493,-
494,oystRz=14
495,oyrst[R]z=14
496,oystur=13
497,-
498,{oy}schRz=14
499,oyst{R}z=14
499,{oy}st{R}z=14
500,-
501,oysch[R]z=14
502,{oy}stRz=14
503,-
504,oyschRz=14
505,ost[R]z=14
505,{oy}st[R]z=14
506,{oy}sh(t)R=14
507,-
508,-
509,{oy}st{R}z=14
510,oysht[R]z=14
511,{oy}stRz=14
512,-
513,oyst[R]z=14
514,oystR=14
515,oysht[R]z=14
516,oyshtRz=14
517,oyschRz=14
518,-
519,oyst{R}z=14
520,-
521,{oy}st[R]z=14
522,oysch[R]z=14
523,oyshch[R]sh=14
524,oystyRz=14
525,{oy}st{R}z=14
526,-
527,oy{s}t{R}=14
528,{oy}st[R]z=14
529,-
530,{oy}st{R}z=14
531,-
532,{oy}st[R]z=14
533,oyschRz=14
533,oystRz=14
534,{oy}st{R}z=14
535,awrshtR=14
535,oyshchRzh=14
536,oystRz=14
537,-
538,{oy}{s}t[R]z=14
539,{oy}st[R]z=14
540,-
541,oyst{R}z=14
542,oysht{R}z=14
543,{oy}st[R]z=14
544,oyst{R}z=14
545,oyst[R]z=14
546,-
547,awrshtRz=14
548,oyst[R]z=14
549,-
550,-
551,oyst{R}z=14
552,{oy}st[R]z=14
553,-
554,-
555,-
556,{oy}st[R]z=14
557,{oy}st[R]z=14
558,oy{s}tRz=14
559,-
560,-
561,-
562,{oy}st{R}z=14
563,oyst[R]z=14
564,{oy}st[R]z=14
565,oyst[R]z=14
565,{oy}sty[R]z=14
566,-
567,oy{s}t[R]=14
568,oysht[R]z=14
569,oy{s}t[R]=14
570,{oy}sch[R]z=14
571,{oy}st[R]z=14
572,oysch{R}=14
573,oysht[R]=14
574,oy{s}ty[R]z=14
574,oy{s}ch[R]z=14
575,oyst[R]z=14
576,oystRz=14
577,oystk[R]=14
578,oyst{R}z=14
579,oyst[R]z=14
580,-
581,{oy}st[R]z=14
582,oyst[R]z=14
583,oysht[R]z=14
584,oy{s}t{R}z=14
585,oysht[R]z=14
586,-
587,{oy}sch[R]z=14
588,oysch[R]=14
589,oyshtRsh=14
590,{oy}st[R]z=14
591,oysht[R]=14
592,oyst[R]z=14
593,iest[R]z=14
594,{oy}st{R}=14
595,{oy}{s}tR{z}=14
596,oy{s}ch[R]z=14
597,oy{sh}tR{z}=14
598,oyst[R]z=14
599,oy{s}tRz=14
600,oyst[R]z=14
601,oystRz=14
602,oysch[R]=14
603,-
604,{oy}{s}tR{z}=14
605,oy{s}chRz=14
606,-
607,oyst[R]z=14
608,oysch[R]z=14
609,oysht[R]=14
610,oysht[R]z=14
611,-
612,ieshst[R]=14
613,oyst[R]z=14
614,oysch[R]=14
615,oyst{R}z=14
616,oysch[R]z=14
617,oysht[R]z=14
617,{oy}sht[R]dh=14
617,{oy}sht[R]zh=14
618,oyst[R]=14
619,{oy}st[R]z=14
620,oyst[R]z=14
621,oyst{R}z=14
621,{oy}st[R]z=14
622,oy{s}t[R]z=14
623,oyst{R}{z}=14
624,oyst[R]z=14
625,oysch[R]z=14
626,oyst[R]z=14
627,{o}st[R]z=14
628,oystRz=14
629,oyshtR{z}=14
630,{oy}sty[R]z=14
631,oy{s}tyRz=14
632,{oy}schRz=14
633,-
634,{oy}sht[R]z=14
635,oy{s}tR=14
636,oystRz=14
637,{oy}sty[R]=14
638,-
639,oyst{R}z=14
640,oysht[R]=14
641,oy{s}t[R]=14
642,-
643,oystRz=14
644,-
645,oy{s}t[R]z=14
646,oy{s}tRz=14
647,oyst[R]z=14
648,iest[R]=14
648,oysht[R]=14
649,oyst{R}z=14
650,awst[R]z=14
651,ie{s}t{R}z=14
652,oyst[R]z=14
653,oystRz=14
654,oyst[R]z=14
655,{oy}stRz=14
656,oystRz=14
657,oystRz=14
657X,oyst[R]z=14
657Y,oyst[R]z=14
657Z,oyst[R]z=14
658,aw{r}stRz=14
658,{oy}stRz=14
659,oyst[R]z=14
660,oyst[R]z=14
661,oysht[R]z=14
662,{oy}st[R]z=14
663,{oy}st[R]z=14
664,oysch[R]=14
665,iesty[R]z=14
666,{oy}st[R]z=14
667,{oy}st[R]z=14
668,oysh(t)[R]z=14
669,oy{s}t[R]z=14
670,oystRz=14
671,oyst[R]=14
672,oystR=14
672,oyschR=14
673,oyst[R]z=14
674,{oy}stR=14
675,oystRz=14
676,-
677,oyshtRz=14
678,oy{s}tR=14
679,oyshtRz=14
680,oyst{R}z=14
681,{oy}stRz=14
682,oyshtR=14
683,-
684,-
685,oystRz=14
686,{oy}stRz=14
687,oyschRz=14
688,iest[R]=14
689,oyst{R}z=14
690,oys{t}[R]z=14
691,-
692,oy{s}t[R]z=14
693,oysturz=13
694,oystRz=14
695,oystRz=14
696,oyst[R]z=14
697,{oy}st{R}z=14
698,{oy}st[R]z=14
699,-
700,oy{sh}tRz=14
701,{oy}st[R]=14
702,oyst[R]z=14
703,oystRz=14
704,oshtR=14
705,oy{s}chR=14
706,-
707,oy{s}tRz=14
708,oystR=14
709,oyschR=14
710,oystRz=14
711,oystRz=14
712,oy{s}tRz=14
713,-
714,oy{sh}tRz=14
715,-
716,o{r}{s}t[R]=14
717,-
718,oysht{R}=14
719,oy{s}tRz=14
720,-
721,oysht[R]z=14
722,{oy}stRz=14
723,oy{sh}tR=14
724,oyshtRz=14
725,iestRz=14
725,oystRz=14
726,aw{r}stRz=14
727,oy{s}tRz=14
728,-
729,-
730,{oy}stRz=14
731,oystR=14
732,oystewrz=13
733,-
734,-
735,oystRz=14
736,{oy}stRz=14
737,{oy}stRz=14
738,oy{sh}tRz=14
739,-
740,{oy}stRz=14
741,oystRz=14
742,{oy}stRz=14
743,-
744,-
745,-
746,oyst[R]z=14
747,oystRz=14
748,oyst[R]z=14
749,oystRz=14
750,-
751,oyst{R}z=14
752,-
753,oyschRz=14
754,{oy}st{R}z=14
755,oy{s}t[R]z=14
756,{oy}st{R}z=14
757,{oy}{s}tRz=14
758,{oy}shtRz=14
759,-
760,-
761,{oy}{s}t[R]z=14
762,oystRz=14
763,-
764,oy{s}{t}[R]z=14
765,{oy}stRz=14
766,{oy}st[R]z=14
767,oyschRz=14
768,{o}st{R}s=14
769,oy{s}tR{z}=14
770,{oy}st{R}z=14
771,awsch[R]z=14
772,oy{s}t[R]z=14
773,{oy}st[R]z=14
774,-
775,oysht[R]=14
776,oyshchRs=14
777,oysht[R]=14
778,ieschRz=14
779,oystRz=14
780,oystRz=14
781,{oy}st[R]z=14
782,oysch[R]z=14
783,-
784,oyst[R]z=14
785,oyst{R}z=14
786,{oy}stRz=14
787,oystRz=14
788,oyst[R]z=14
789,{oy}st{R}z=14
790,oy{s}tR{z}=14
791,aw{r}schRz=14
792,oystRz=14
793,{oy}stR=14
794,oe{r}stR=14
795,oysht[R]z=14
796,{oy}st{R}z=14
797,oyshtR=14
798,oys{t}[R]z=14
799,-
800,oystR=14
801,oy{s}t{R}z=14
802,ost{R}z=14
803,-
804,-
805,oy{s}tR=14
806,iesht[R]z=14
807,oyshtRz=14
808,oysht[R]z=14
809,oyst[R]z=14
810,oyst[R]z=14
811,oy{sh}t[R]z=14
812,{oy}{s}t[R]z=14
813,oy{sh}t[R]z=14
814,{oy}stRz=14
815,oy{s}tRs=14
816,oyst[R]z=14
817,oysht[R]z=14
817,oyst[R]z=14
818,-
819,{oy}{s}tRz=14
820,oy{sh}stR{z}=14
821,oyst[R]=14
822,oyst[R]z=14
823,{oy}stRz=14
824,oy{s}chRz=14
825,aw{r}sht[R]z=14
825,oysht[R]z=14
826,{oy}stRz=14
827,{oy}stR=14
828,oysch[R]z=14
829,oy{s}t[R]z=14
830,{o}shtRz=14
831,{oy}stRz=14
832,oyst[R]z=14
833,aw{r}{sh}t{R}z=14
834,oyshtRz=14
835,oyst{R}=14
836,awsht[R]z=14
836,oysht{R}z=14
837,-
838,oy{s}t{R}z=14
839,-
840,oyshtR{z}=14
841,{oy}st{R}z=14
842,oystRz=14
843,oyschRz=14
844,oystRz=14
845,oyschRz=14
846,oyst{R}z=14
847,-
848,{oy}st[R]z=14
849,oysht[R]z=14
850,oy{sh}tRz=14
850,oy{s}t[R]z=14
851,awst{R}z=14
851,{oy}stR=14
852,oyshtRz=14
853,oyschRz=14
854,oy{s}tRz=14
855,oy{s}tRz=14
856,oy{s}ch[R]=14
857,oyshtu[r]z=13
858,-
859,oystRz=14
860,oyst[R]z=14
861,{oy}{s}tRz=14
862,oyst{R}z=14
863,oystRz=14
864,oy{s}t[R]z=14
865,oyst[R]=14
866,{oy}t[R]z=14
867,oyst{R}z=14
868,oy{s}t[R]=14
869,{oy}{s}t[R]z=14
870,oyschoorz=13
871,oyst{R}z=14
872,oysht[R]z=14
873,oy{s}ch[R]{z}=14
874,oyst[R]z=14
875,oyst[R]=14
876,oy{s}tRz=14
877,oy{s}tR{z}=14
878,oystRz=14
879,-
880,oysht[R]z=14
881,oystR{z}=14
882,awrsht[R]z=14
882,awsh(t)[R]z=14
883,{oy}stRz=14
884,-
885,oystRz=14
886,aw{r}shtR{z}=14
887,oyshchRz=14
888,-
889,oystu{r}z=13
890,oyschRz=14
891,oystRz=14
892,-
893,iestRz=14
894,oy{s}tR{z}=14
895,oysht{R}z=14
896,-
897,-
898,-
899,oystRz=14
900,oyst{R}z=14
901,oystRz=14
902,oy{s}tRz=14
903,{oy}st[R]z=14
904,oyst[R]z=14
905,oystRz=14
906,{oy}st{R}=14
907,{oy}st{R}z=14
908,oy{s}t{R}z=14
909,-
910,oyst[R]z=14
911,oystR=14
