Informant,Response
001,muskeetR{z}=134
002,moskeetA=314
003,muskeetRz=134
004,muskeetAz=134
005,muskeetA=134
006,muskeetAz=314
007,-
008,mAskeetA=414
009,mAskeetA=414
010,mIskeetAz=414
011,-
012,mAskeetA=414
013,mAskeetAz=414
014,muskeetAz=314
015,muskeetAz=134
016,mAskeetoez=413
017,-
018,mAskeetA=414
019,muskeetA=134
020,(mA)skeetAz=14
021,-
022,mooskeetA=314
023,muskeetAz=134
024,-
025,(mA)skeetAz=14
026,-
027,mAskeetoez=413
028,muskeedA=134
029,mAskeetA=414
030,mAskeetAz=414
031,-
032,-
033,mAskeetAz=414
034,muskeetA=314
035,mAskeetAz=414
036,muskeetAz=134
037,mAskeetAz=414
038,muskeetA=314
039,mAskeetA{z}=414
040,mAskeetA{z}=414
041,mAskeetAz=414
042,muskeetA=134
043,muskeetAz=314
044,muskeetA=134
045,mAskeetAz=414
046,mAskeetA=414
047,mAskeetAz=414
048,muskeetAz=314
049,mAskeetAz=414
050,-
051,mAskeetoe{z}=413
052,muskeetAz=134
053,muskeetR=134
054,(mA)skeetA{z}=14
055,mIskeetA{z}=414
056,mAskeetoe=413
056,mAskeetA=414
057,mAskeetoe=413
058,mAskeetAz=414
059,-
060,muskeetAz=134
061,mAskeetR=414
062,mAskeetA=414
063,muskeetR=134
063,(mA)skitR=14
064,mAskeetA=414
065,mAskeetAz=414
066,muskeetA=134
067,-
068,mAskeetA=414
069,muskeetAz=314
070,mAskeetA=414
071,mIskeetR{z}=414
072,mAskeetAz=414
073,-
074,muskeetAz=134
075,mAskeetA=414
076,mAskeetAz=414
077,muskee{t}A{zh}=314
078,mAskeetoez=413
079,mAskeetA=414
080,mAskeetA=414
081,muskeetA=134
082,mAskee{t}A=414
083,muskee{t}Az=314
084,muskeetA=134
085,muskeet{R}z=214
086,mIskeetAz=414
087,muskeetAz=314
088,muskeetR=214
089,-
090,mAskeetRz=414
091,-
092,mAskeetAz=414
093,muskee{t}I{zh}=134
094,-
095,mAskeetA{zh}=414
096,mAskeetA=414
097,mIskeetAz=414
097,mIskeetR=414
098,muski{t}Adh=134
099,mAskeetAz=414
100,muskee{t}A=314
101,mAskee{t}oe=413
102,muskeetoez=313
103,mAskeedoez=413
104,mAskeetAz=414
105,mAskeetAz=414
106,mAskee{t}Az=414
107,mAskee{t}Az=414
108,mAskeetAz=414
109,-
110,moskeetoez=123
111,muskeetAz=314
112,muskeetA=314
113,mAskeetAz=414
114,mAskeetAz=414
114,muskeetA{z}=314
115,muskeetA=134
116,-
117,mAskeetA=414
118,muskeetA=314
119,mAskeetAz=414
120,mAskee{t}A{z}=414
121,muskee{t}A=314
122,mAskeetAz=414
123,-
124,-
125,-
126,(mA)skeetA=14
127,mAskeetAz=414
128,mAskeetA=414
129,mAskee{t}R=414
130,moeskee{t}A=314
131,muskeetAz=134
132,mAskeetA=414
133,muskyeetAz=214
134,muskeetA=134
135,mAskeetoe=413
136,muskeetAz=134
137,muskeetA=314
138,mAskeetA{z}=414
139,mAskeetAz=414
140,muskeetA=134
141,mAskeetAz=414
142,muskeetAz=314
143,muskeetA=134
144,mAskee{t}A=414
145,muskeetAz=134
146,mIskeetIz=414
147,mAskeetA=414
148,mAskeetR=414
148,mAskeet{R}=414
149,muskeetA=134
150,mAskeetA{z}=414
151,(mA)skeetR{z}=14
152,mAskeetAz=414
153,mAskeetAz=414
154,-
155,-
156,mAskeetA=414
157,muskeetA=314
158,mIskeetA{z}=414
159,mAskeetAz=414
160,mAskeetAz=414
161,mAskeetAz=414
162,mAskeetAz=414
163,moeskeetoe{z}=213
164,mAskeetoe=413
165,mAskeetA=414
166,mAskeetA=414
166,mAskeet{R}z=414
167,mAskeetAz=414
168,mAskeetA{z}=414
169,mAskeetA=414
170,mAskeetAz=414
171,mAskee{t}oe=413
172,mAskeetAz=414
173,mAskeetA=414
174,mAskeetA=414
175,-
176,mAskeetAz=414
177,mAskeetA=414
178,mAskeetAz=414
179,muskeetAz=134
180,muskeetAz=134
181,mAskeetAz=414
182,mAskeetIz=414
183,mAskee{t}A{z}=414
184,mIskeetRz=414
185,mAskeetA=414
186,mAskeetAz=414
187,moeskeetR=214
188,(mA)skeetA=14
189,mIskeetoe=413
190,mAskeetAz=414
191,mAskee{t}oe{z}=413
192,muskeetA=134
193,mAskeetAz=414
193,(mA)skeetRz=14
194,muskeet{R}z=134
195,miskeetA=314
196,mAskeetAz=414
197,mAskeet{R}=414
198,mAskeetR=414
199,mAski(t)R=414
200,mAskeetA=414
201,muskeetoez=213
202,mAskeetAz=414
203,mAskeetAz=414
204,muskeetA{z}=314
205,-
206,mAskeetAz=414
207,muskeetA=134
208,muskeetA=314
209,mAskeetA=414
210,mAskeetAz=414
211,mAskeet{R}=414
212,-
213,mAskeetA=414
214,mAskeetA=414
215,(mA)skeetAz=14
216,mAskeetA=414
217,mAskeetAz=414
218,mAskeetA=414
219,mAskeetAz=414
220,mIskee{t}R{z}=414
221,mAskeetAz=414
222,mAskeetAz=414
223,mIskeet{R}z=414
223,(mA)skeet{R}z=14
224,(mA)skee{t}Az=14
225,mAskeetAz=414
225,(mA)skeetAz=14
226,mAskeetAz=414
227,mAskeetoez=413
228,bAskeetA{z}=414
229,muskeetA{z}=134
230,mA(s)keetA=414
231,muskeetAz=314
232,moskeetoe=312
233,mAskeetA=414
233,(mA)skeet{R}z=14
234,(mA)skeetA=14
235,muskeet{R}z=134
236,mAskeetur=413
237,mIskeetR=414
238,muskeetA=314
239,mIskeetoez=413
240,mIskeetoez=413
241,-
242,mAskeetAs=414
243,mAskeetA=414
244,-
245,mAskeet{R}=414
246,mAskeetAz=414
247,mAskeetAz=414
248,mAskeetAz=414
249,mIskee{t}R{z}=414
250,mAskeetAz=414
251,mAskeetAz=414
252,-
253,mAskeetA=414
254,mAskeetAz=414
255,mAskeetA=414
256,mAskeetRz=414
257,mAskeetA=414
258,mAskeetAz=414
259,mAskeetA=414
260,mAskeetAz=414
261,miskeetoez=313
262,mIskeetA=414
263,mAskeetAz=414
264,mAskeetoez=413
265,-
266,mAskeetoe=413
267,mAskeetA=414
268,-
269,mAskee{t}{R}z=414
270,mAskee{t}oe{dh}=413
271,mAskeetAz=414
272,mAskeetAz=414
273,mAskeetoez=413
274,mAskeetoez=413
275,mAskeetAz=414
275,mAskeetRz=414
276,mAskeetAz=414
277,mAskeetAz=414
278,mAskeetoez=413
279,mIskeedoez=413
280,mAskeetA=414
281,mAskeetAz=414
282,-
283,(mA)skee{t}R{z}=14
284,mAskeetA=414
284,(mA)skeetRz=14
285,-
286,mAskeetoez=413
286,(mA)skeetoe{z}=13
287,mAskeetA=414
288,mAshkeetA{z}=414
288,mAskee{t}Az=414
289,miskeetooz=313
290,(mA)skeetRz=14
291,mAskeetA=414
292,muskeetR=314
293,mAskeetAz=414
294,mAskeetA{z}=414
295,mushskeetAz=134
296,muskeetA=134
297,mIskeetoez=413
298,mIskeetAz=414
299,mooskeetAz=314
300,mIskeetA{z}=414
301,muskeet{R}z=314
302,mAskeetA=414
303,muskeetA=134
304,muskeet(A)=13
305,muskeetA=134
306,mAskeetAz=414
307,mAskeetAz=414
308,mAskeetAz=414
309,muskee{t}u{z}=213
309,muskee{t}R{z}=314
310,mAskeetAz=414
311,muskeetoe=313
312,mAskeetAz=414
313,mAskweetoez=413
313,mAskeetoez=413
313,(mA)skeetRz=14
314,mIskeetAz=414
315,muskeetRz=314
316,moskeetA=134
317,mAskeet{R}{z}=414
318,-
319,mAskeetA=414
320,mAskeetAz=414
321,mAskeetAz=414
322,mAskeetAz=414
323,mAskeetA=414
324,mAskeetAz=414
325,mAskeetA=414
326,mAskeetA=414
327,muskeet{R}=134
328,mIskeetA=414
329,muskeedoe{z}=313
330,muskeetA=134
331,-
332,mAskee{t}I=414
333,muskeetR=134
334,mAskeetAz=414
335,-
336,mAskeetAz=414
337,muskeetA{z}=134
338,mAskeetAz=414
339,-
340,muskeetA=134
341,-
342,moeskee{t}A=314
343,mAskeetAz=414
344,muskeetA=134
345,mAskeetA=414
346,muskeetA=134
346,mAskeetA=414
347,muskeetA=134
348,mAskee{t}Az=414
349,mAskeetA=414
350,mAskeetA=414
351,mAskeetAz=414
352,mIskeetA=414
353,mAskeetA{z}=414
354,(mA)skeetAz=14
355,-
356,mAskeetAz=414
356,(mA)skeetRz=14
357,mAskeetAz=414
358,muskeedoe{z}=313
359,mAskeetA{z}=414
360,mAskeetA=414
361,mAskeetA{z}=414
362,mAskeet{R}z=414
363,muskeetAz=314
364,muskeetAz=214
365,mAskeetAz=414
366,mAskeetA=414
367,mAskeedA=414
368,mAskeetI{z}=414
369,mAskeetA=414
370,mAskeetAz=414
371,mAskeetAz=414
371,mAskeetoe=413
372,mAskeetA=414
373,muskee{t}A=134
374,mAskeetA=414
375,mAskeetAz=414
376,mAskeetAz=414
377,muskeetA=134
378,-
379,mAskeetAz=414
379,(mA)skeetAz=14
380,muskeetA=314
381,mAskeetA{z}=414
382,mAskeetAz=414
383,muskeetAz=134
384,mAskeetA=414
385,mAskeetRz=414
386,muskeetA=134
387,mAskeetAz=414
388,mAskeetAz=414
389,mAskeetA=414
390,mAskeetA=414
391,mAskeetAz=414
392,muskeetAz=134
393,mAskee{t}R{z}=414
394,mAskeetAz=414
395,mAskeetA=414
396,mAskeetA=414
397,mIskeet{R}=414
398,mAskeetA=414
399,muskeetA=314
400,muskeetA=134
401,muskeetA=314
401,(mA)skeetA=14
402,muskeetA=134
403,muskeetAz=134
404,mAskeetAz=414
405,mAskeetoez=413
406,muskeetA=134
407,mAskeetAz=414
408,mAskeetAz=414
409,mAskeetAz=414
410,mAskeetA=414
411,muskeetoe{z}=312
412,-
413,muskeet{R}z=314
413,mAskeet{R}z=414
414,mAskee{t}A=414
415,mIskeetA=414
416,mAskeetAz=414
417,mAskeetA=414
418,mAskeetA=414
419,mAskeetAz=414
420,mAskeetAz=414
421,mAskeetA=414
422,mAskeetA=414
423,mAskeetA=414
424,muskeetAz=134
425,mAskeetAz=414
426,mAskeetR=414
427,mAskeetAz=414
428,mAskeetA{z}=414
429,-
430,mAskeetAz=414
431,mAskeet{R}=414
432,-
433,mAskitAz=414
434,muskeetA=134
435,mAskeetA=414
435,mAskeetRz=414
436,muskeetA=314
437,mAskeetAz=414
438,mAskeetA(z)=414
438,(mA)skeetA=14
439,mIskee{t}Az=414
440,(mA)skeet{R}z=14
441,muskeetA=134
442,mAskee{t}A=414
442,(mA)skee{t}A{zh}=14
443,mAskeetAz=414
444,muskeetA=314
445,mAskeetAz=414
446,mAskeetAz=414
447,mAskeetAz=414
448,mAskeetA=414
449,muskeetA=314
450,muskeetA=314
451,mAskeetA=414
452,mAskeetAz=414
453,-
454,mAskeetAz=414
455,mAskeetA=414
456,mAskeetAz=414
457,mAskeetA{z}=414
458,mIskeetoez=413
459,-
460,mAskaitA{z}=414
461,mAskeetA=414
462,mAskee{t}A=414
463,mAskee{t}Az=414
464,(mA)skeetAz=14
465,(mA)skeet{A}z=14
466,mAskeetA=414
467,mAskeet{R}=414
468,mAskeetA=414
469,mAskeetAz=414
470,mAskeetA=414
471,mAskeetA=414
472,mIskeetA{z}=414
472,(mA)skeetR{z}=14
473,mAskeetAz=414
474,mAskeetAz=414
475,mAskeetAz=414
476,mAskeetAz=414
477,mAskeetA=414
478,mAskeetA=414
479,mAskeetAz=414
480,mAskeetAz=414
481,mAskeetoez=413
482,mAskeetA=414
483,-
484,mAskitoez=413
485,mAskeetoe=413
486,muskeetAz=314
487,(mA)skeet{R}z=14
488,mAskeetA=414
489,moeskeetA=314
490,muskeetA=314
491,-
492,muskee{t}A=314
492,muskee{t}Rz=314
493,mAskeetA=414
493,mAskeet{R}z=414
494,mAskeetAz=414
495,mAskeetAz=414
496,mAskeetAz=414
497,mAskee{t}{R}{z}=414
498,mAskeetA=414
499,muskeetA=314
500,-
501,mAskeetA=414
502,mAskeetoe=413
503,mAskeetAz=414
504,mAskeetoe=413
505,muskeetA=134
506,mAskeetR=414
507,mAskeetA=414
508,muskeetAz=214
509,-
510,mAskeetAz=414
511,mAskeetAz=414
512,-
513,mAskeetAz=414
514,mAskee{t}oez=413
515,mAskeetAz=414
516,mAskeetoez=413
517,mAskeetA=414
518,mAskeetA=414
519,mAskeetAz=414
519,mIskeet{R}{z}=414
520,-
521,mAskeetAz=414
522,mAskeetAz=414
523,mAskeetA=414
524,mAskeetA=414
525,mAskeetAz=414
526,mAskeetA=414
527,mIskeetIz=414
528,muskeetAz=314
529,mAskeetA=414
530,(mA)skeetAz=14
531,mAskeetAz=414
532,muskeetA=314
533,mAskeetAz=414
534,(mA)skeet{A}z=14
535,mAskee{t}Azh=414
536,mAskeetAz=414
537,mAskeetA=414
538,muskeetAz=314
539,mAskeetAz=414
540,mAskeetAz=414
540,(mA)skeetAz=14
541,miskee{t}Iz=314
541,mIskeetIz=414
542,mAskeet{R}=414
543,muskeetAz=134
544,mAskeetAz=414
545,muskeetA=314
546,-
547,muskeetA{z}=314
548,mAskeetAz=414
549,mIskeetIz=414
550,mAskeetA=414
551,mAskeetAz=414
552,muskeedAz=134
553,mAskeetAz=414
554,mAskeetAz=414
555,mIskeetA=414
556,mAskeetA=414
557,muskeetA=314
558,muskeedoe{z}=313
559,mAskeetA=414
560,-
561,-
562,mAskeetA=414
563,mAskeetA=414
564,mAskeetA=414
565,mAskeetAz=414
566,mAskeetAz=414
567,mAskee{t}Az=414
568,-
569,muskeetA=314
570,mAskeetAz=414
571,muskeetAz=124
572,mAskee{t}{R}=414
573,mAskeetAz=414
574,mAskeetA=414
574,(mA)skeetA=14
575,mAskeetA=414
576,mAskeeturz=413
577,mAskeetA=414
578,mAskeetA=414
579,mAskeetA=414
580,muskeetA=134
581,mAskeetAz=414
582,mAskeet{R}z=414
583,m{R}skeetAz=414
584,mAskeetA=414
585,muskeetAz=134
586,-
587,muskeetAz=314
587,mAskeetAz=414
588,mAskee{t}A=414
589,mAskeetoez=413
590,-
591,mAskeetA=414
592,-
593,muskeetA=134
594,muskeetA=314
595,mooskeetue{z}=313
596,mAskeetAz=414
597,mAskeet{R}z=414
598,muskeetA=314
599,mIskeetAz=414
600,mAskee{t}Az=414
601,muskeetA=314
602,muskeetAz=124
603,-
604,muskeetRz=314
605,mAskeetRz=414
606,-
607,mAskeetAz=414
608,mAskee{t}R=414
609,(mA)skeetAz=14
610,muskeetAz=314
611,-
612,miskeetA=314
612,(mA)skeetA=14
613,mAskeetAz=414
614,mAskeetoe=413
615,mAskeetA=414
616,mAskeetAz=414
617,mAskee{t}Az=414
618,mAskeetA=414
619,mAskeetAz=414
620,mAskeetAz=414
621,mAskeetA=414
622,mIskeetAz=414
623,mIskeetAz=414
624,mAskeetoez=413
625,mIskeetIz=414
626,-
627,(mA)skeetA=14
628,mAskeetRz=414
629,mAskeetA=414
630,mAskeetAz=414
631,-
632,mAskeetAz=414
632,mAskeet{R}=414
633,-
634,mAskeetR=414
635,mAskeetA=414
636,mAskeetRz=414
637,mAskeetAz=414
638,mIskeetAz=414
639,(mA)skeetA=14
639,(mA)skeet{R}z=14
640,mAskeetA=414
641,mAskee{t}A=414
642,-
643,mAskeetAz=414
644,-
645,-
646,mAskeetAz=414
647,-
648,mAskeetA=414
649,mAskeetAz=414
650,mAskeetA=414
651,mAskeetA=414
652,mAskeetAz=414
653,mIskeetIz=414
654,-
655,(mA)skeetoez=13
656,mAskeetR=414
657,mAskeetAz=414
657X,mAskitA=414
657Y,mIskeetoez=413
657Z,mAskeetAz=414
658,mAskeetIz=414
659,mAskeetAz=414
660,muskeetA=314
661,mAskee{t}I{z}=414
662,mAskeetA=414
663,mAskeetA=414
664,mAskeetAz=414
665,mAskeetAz=414
666,mAskeetA=414
667,moskeetAz=314
668,mAskeetA=414
669,MskeetA=414
670,mAskeetA=414
671,mAskeetA=414
672,mAskee{t}Az=414
673,mAskeetA=414
674,muskeet{R}z=314
675,miskeetA=214
676,-
677,mAskeetA{z}=414
678,mAskeetAz=414
679,mAskee{t}oe{z}=413
680,mAskeetA=414
681,muskeetRz=314
681,(mA)skeetRz=14
682,mIskeetAz=414
683,mIskeetA{z}=414
683,(mA)skeetR{z}=14
684,mAskeetR=414
685,mAskeetA=414
686,muskeetAz=314
687,mAskeetAz=414
688,muskeetAz=134
689,mAskeetA=414
690,muskeetA=134
691,mAskeetAz=414
692,mAskeetA=414
693,mAskeetoe=413
694,mAskeetAz=414
695,muskeetAz=314
696,(mA)skeetAz=14
697,mAskeetAz=414
698,mAskeetA=414
699,mAskeetAz=414
700,mAskeetA=414
701,mAskeetRz=414
702,mAskeetA=414
703,mAskeetA=414
704,muskeetA{z}=314
705,mAskeet{R}z=414
706,-
707,mAskeetAz=414
708,mAskeetA{z}=414
709,mIskeetoez=413
710,mAskeetoe=413
711,mAskeetAz=414
712,mAskeetoez=413
713,mAskeetAz=414
714,-
715,mIskeetAz=414
716,(mA)skee{t}{R}s=14
717,-
718,muskeetA=124
719,mAskeetAz=414
720,mAskeetA=414
721,mAskeetAz=414
722,(mA)skeetRz=14
723,muskeetRz=314
724,mAskeetA=414
725,mAskeetA=414
726,mAskee{t}R{z}=414
727,-
728,muskeetA=314
729,mAskeetAz=414
729,(mA)skeetRz=14
730,mAskeetAz=414
731,mAskeetoez=413
732,muskeetA=314
733,-
734,mAskeetA{z}=414
735,mAskee{t}A{z}=414
736,mAskeetAz=414
737,mAskeetAz=414
738,meskeetAs=134
739,-
740,-
741,mIskeetAz=414
742,mAskeetAz=414
743,-
744,mAskeetAz=414
744,mAskeetR=414
745,-
746,mIskeetA=414
747,mAskeetAz=414
748,muskeetA=134
749,-
750,muskeetA=134
751,mIskeetIz=414
752,mAskeetAz=414
752,mAskeetRz=414
753,mIskeetA=414
754,muskeetA=214
755,mAskeetA{z}=414
756,mAskeetA=414
756,(mA)skeet{R}=14
757,mAskeetAz=414
757,(mA)skeetAz=14
758,mAskeetA{z}=414
759,mAskeetAz=414
759,(mA)skeetAz=14
760,-
761,muskeetAz=134
762,mIskeetIz=414
763,-
764,mAskee{t}Az=414
765,mAskeetA=414
766,muskeetA=314
767,mAskeetA=414
768,muskeetA=134
769,mAskee{t}A=414
770,mAskeetAz=414
771,muskeetA=314
771,(mA)skeetAz=14
772,mAskeetAz=414
773,mAskeetA=414
774,-
775,mAskeetA=414
776,mIskee{t}i{z}=413
777,mAskeetAz=414
778,mAskeetAz=414
779,-
780,mAskeetA{z}=414
781,mAskeetAz=414
782,mAskeetR{z}=414
783,mAskeetR{z}=414
784,muskeetAz=134
785,muskee{t}A{z}=314
786,mAskeet{R}=414
787,mAskeetA=414
788,mAskeetAz=414
789,mAskeetAz=414
790,mAskeetRz=414
791,mAskeet{R}z=414
792,mAskeetR=414
792,(mA)skeetRz=14
793,mAskeetA=414
794,mAskeetRz=414
795,mAskeetA{z}=414
796,mAskeetAz=414
797,mAskee{t}A=414
798,mIskeetoe=413
799,-
800,mAskee{t}A=414
801,mAskeetA=414
802,mAskeetAz=414
803,mAskeetA=414
804,mAskeetA=414
805,mAskeetA=414
806,mAskee{t}{R}s=414
807,mAskee{t}R=414
808,muskeet{A}=314
809,-
810,meskeetAz=314
811,miskeetAz=314
811,mAskeetAz=414
812,mAskeetAz=414
813,muskeetA{z}=314
814,mAskeetA=414
815,mAskeetRz=414
816,mAskeetA{z}=414
817,mIskeet{R}z=414
817,(mA)skitR=14
818,(mA)skeetA=14
819,mAskeetR=414
820,mAskee{t}oe=413
821,mAskeetA=414
822,muskeetA=314
823,mAskeetR=414
824,mAskee{t}A=414
824,(mA)ski{t}R{z}=14
825,mAskeetAz=414
826,mAskeetA=414
827,muskeetA=314
828,mooskeetA=314
829,muskeetA=314
829,mIskeetA=414
830,mAskee{t}oe=413
831,mAskeetA=414
832,mAskeetA=414
833,mAskeetoe=413
834,mIskeetA{z}=414
835,muskeetAz=134
836,muskeetAz=134
836,mAskeet{R}z=414
837,muskeetAz=314
838,mAskeet{R}=414
839,mAskeetAz=414
840,(mA)skeetR{z}=14
841,(mA)skeetA=14
842,muskeetA=134
843,mAskeedoez=413
844,mAskee{t}R{z}=414
845,mAskeetAz=414
846,mAskeetAz=414
847,-
848,mAskeetAz=414
849,mAskeetAz=414
850,miskeetA=314
851,mAskeetAz=414
852,mAskeetAz=414
852,(mA)skeetR(z}=14
853,mIskeetAz=414
854,mIskeetA=414
855,mAskeetAz=414
856,mAskeetAz=414
856,mAskeetR=414
857,mAskeetA=414
858,mAskeetA=414
858,mAskeetRz=414
859,mAskeetAz=414
860,muskeetAz=314
861,mAskeetR=414
862,mAskeetAz=414
863,mAskeetoe=413
864,mooskeetA=314
864,mIskeetAz=414
865,muskeetA=314
866,mAskeetoe=413
867,mAskeetA=414
868,mAskeetA=414
869,mAskeetA=414
870,mAskeetA=414
871,mAskeetAz=414
872,moskeetA=314
873,mAskeetA=414
874,mAskeetA=414
875,mAskeetA=414
876,mAskeetoe=413
877,muskeetA=314
878,mAskeetAz=414
879,-
880,mAskeetAz=414
881,mAskeetoez=413
882,mIskeetAz=414
883,mAskeetoez=413
884,-
885,mAskeetAz=414
886,mAskeetAz=414
887,mAskeetAz=414
888,mAskee{t}oez=413
889,muskeetoez=312
890,mAskeetA=414
891,mAskeetoe{z}=413
892,-
893,mAskeetA=414
894,mAskeetAz=414
895,mAskeetoez=413
896,mAskeetA{z}=414
896,muskeetA{z}=314
897,mAskeetAz=414
898,muskeetoez=313
899,moskeetA=314
900,mooskeetoe=313
900,mAskeetoez=413
901,mAskeetoe=413
902,mAskeetoez=413
903,mAskeetAz=414
904,mAskeet{R}{z}=414
905,mAskeetA=414
906,mAskeetoez=413
907,mAskeetoez=413
908,mAskeetoez=413
909,-
910,mAskeetAz=414
910,mIskeetoe=413
911,mAskeetA=414
