Informant,Response
001,wawsp
002,wawsp(s)
003,wawsp(s)
004,wosp(s)
005,waspRz=14
005,wos(ps)
006,wosps
007,-
008,wosp
009,wawsp(s)
010,waws(ps)
010,wosps
011,wawspRz=14
011,wost(s)
012,wosp
013,wosps
014,wosp(s)
015,wawsp(s)
016,wosp
017,wawsp(s)
018,wawspRz=14
019,wawsp
020,wawst
021,waspR(z)=14
022,wosp
023,wawshpR{z}=14
024,wosps
025,wawsp(s)
025,was(ps)
026,wawsp
027,wosps
028,wosp
029,waws(p)
030,wosp(s)
031,-
032,wawsp(s)
033,wosps
034,wosp(s)
035,wosps
036,wawspRz=14
037,wosps
038,waws(p)
039,w{o}sp(s)
040,w{o}sp
041,w{o}sp(s)
042,wosp
043,wosps
044,wawsp(s)
045,wawsps
046,w{o}sps
047,wosps
048,wawst(s)
049,wosps
050,wost(s)
051,w{o}sp
052,wawsp(s)
053,wawsp(s)
054,wawst(s)
055,wosp(s)
056,-
057,wosps
058,wos(ps)
059,wawstIz=14
060,wosp
061,wawsp
062,wosp(s)
063,-
064,wawspRz=14
065,wawsp(s)
066,wost
067,wosp
068,-
069,w{o}st
070,wawsp(s)
071,w{o}sp
072,wosps
073,w{o}sp(s)
074,wawlts
075,w{o}sp
076,wos(ps)
077,wawshp
078,wosp
079,wosps
080,-
081,wosps
082,wawst
083,-
084,wawstIz=14
085,wosp(s)
086,wosp(s)
087,waws(ps)
088,wawst(s)
089,-
090,wawsp
091,wosp(s)
092,wosp(s)
093,wawshp(s)
093,woesp(s)
094,wawst
095,wosps
095,wasp(s)
096,wawsp
097,wosp
098,waws(ps)
099,wosp
100,waws(p)I{z}=14
101,wosps
102,-
103,waws(ps)
104,wosp
105,wosp
106,wosp
107,wosp(s)
108,wos(ps)
109,wawsp(s)
110,wawsp(s)
111,wawsp(s)
112,wawsp
113,wosp
114,-
115,wawsp
116,waws(ps)
117,wawsp(s)
118,wawsp
119,wostIz=14
120,wosp(s)
121,wawst
122,wosp
123,w{o}sps
124,wosp
125,waws(ps)
126,wawst
127,wawsp
128,-
129,wawsp(s)
130,wosp(s)
131,wawsp(s)
132,wawsts
133,wosp
134,wawst
135,wosp
136,wawstIz=14
137,w{o}sp
138,w{o}sps
138,w{o}sp(s)
139,w{o}sp
140,w{o}s(ps)
141,wosp(s)
142,wawst(s)
143,wawsp(s)
143,w{o}sp(s)
144,wawsp(s)
145,wawsts
146,wosp(s)
147,-
148,wos(ps)
149,wost
150,wawspI(s)=14
151,w{o}stIz=14
152,wosp(s)
153,wospIz=14
154,wawstIz=14
155,wosps
156,w{o}sfs
157,wothp(s)
158,wosp(s)
159,wosp
160,-
161,wawsp(s)
162,wos(p)
163,wawsp(s)
164,wosps
165,wawsp
166,wawst
167,wosp
168,wawsp
169,wost(s)
170,wost(s)
171,wosp
172,wos(p)
173,-
174,w{o}sp(s)
175,-
176,wosp
177,wosp(s)
178,w{o}sp(s)
179,wawst(s)
180,wawsp(s)
181,wawsp(s)
182,w{o}sp
183,wawsp
184,waws(ps)
185,wosps
186,wosp(s)
187,wost(s)
188,waws(t)Iz=14
189,wosp(s)
190,wosp(s)
191,wosps
192,waws(ps)
193,wawst(s)
194,wawstIz=14
195,waws(ps)
196,wosp(s)
197,w{o}sp(s)
198,wost(s)
199,-
200,waws(p)
201,waw(s)ps
202,wosps
203,wosp
204,wosp
205,-
206,wawsp
207,-
208,waws(ps)
209,w{o}sp(s)
210,wawsp
211,waws(ps)
212,w{o}st
213,wosp
214,wawsps
215,waws(p)Iz=14
216,wosps
217,wosp(s)
218,waws(p)
218,wawst
219,-
220,wosp(s)
221,wawst
222,wawst
223,wawst
224,wawsh(p)
224,woes(p)
225,wawsts
226,waws(p)
226,wawst
227,waws(p)
228,wosps
229,waws(p)Iz=14
230,wawst
231,wosps
232,w{o}sp
232,w{o}s(p)
233,waws(ps)
234,waws(p)
235,wawst(s)
236,wawst(s)
237,wawst(s)
238,wawsp(s)
239,w{o}sp(s)
240,wosps
241,-
242,wosp(s)
243,wawsp
244,-
245,wawsp(s)
246,wawsp(s)
247,wosp(s)
248,waws(ps)
249,wosps
250,wawst
251,waws(t)Iz=14
252,-
253,w{o}sps
254,wawsp
255,w{o}s(ps)
256,wawst
257,wosp(s)
258,wawsp(s)
259,wosp
260,w{o}sps
261,wosp
262,wawsp
263,wosp
264,wosp
265,waws(ps)
266,wosps
267,wosp(s)
268,-
269,washp(s)
270,wos(ps)
271,wawsp(s)
272,wosps
273,wosps
274,wosps
275,wawsp(s)
276,wawsp(s)
277,wosps
278,wosps
279,wosps
279,was(ps)
280,waws(p)Iz=14
281,waws(p)Iz=14
282,-
283,w{o}s(ps)
283,w{o}s(p)I{z}=14
284,w{o}sp(s)
285,-
286,wosps
287,wosp
288,wawsp(s)
288,was(ps)
289,waws(ps)
290,wospIz=14
291,wosp
292,wawspRz=14
293,wost(s)
294,w{o}sp(s)
295,wawst(s)
296,wosp(s)
297,wosp(s)
298,wawsp(s)
299,wosp(s)
300,wosp(s)
301,wosp{R}z=14
302,wawsp
303,waws(p)Iz=14
304,wawst
305,wawspR=14
306,wawst
307,wasps
308,wawst
309,waws(ps)
309,w{o}(s)p(s)
310,wawst
311,wawsp(s)
312,wosps
313,wosp
314,wawsp(s)
315,wosp
316,wawstIz=14
317,wost(s)
318,-
319,wawsp
320,wawspRz=14
320,wawsps
321,wawsp(s)
322,wosp(s)
323,wos(ps)
324,wosp(s)
325,wosp
325,waws(p)
326,wawsps
327,wosps
328,w{o}sps
329,wosp(s)
330,wawst(s)
331,waws(ps)
332,wawsp(s)
333,waws(ps)
334,w{o}sp
335,wawsp
336,wosps
337,wosp
338,wosp
339,wosp(s)
340,waws(p)
341,wosp
341,wos(p)
342,wosp(s)
343,wosp(s)
344,wos(p)
345,wosp
346,w{o}sp
347,wawst
348,wawsp(s)
349,waws(ps)
350,wawsp
350,wast
351,wosp
352,wos(ps)
353,-
354,wawst(s)
355,wawsp
355,waws(p)
355,wawst
356,wosp
357,wosps
358,w{o}sp
358,w{o}st
359,w{o}sp(s)
360,wosps
361,wosp(s)
362,waws(ps)
363,wost(s)
364,wawst(s)
365,wawst(s)
366,wosps
367,wasp(s)
368,wawsps
369,wosp
370,wosp
371,wosps
372,wosps
373,waws(ps)
374,wosp
375,wosps
376,waws(ps)
377,waws(ps)
378,wosp
379,wiesp
380,wawst
381,wawsp
382,wosp(s)
383,wosps
384,wawsp
385,wosp(s)
386,wosp
387,wosp(s)
388,wawst(s)
389,wawsp
389,wawst
390,wosp
391,wosp(s)
391,w{o}sp(s)
392,wawsp(s)
392,wawst(s)
393,w{o}sp(s)
394,wawsp(s)
394,wawst(s)
395,wawsp(s)
396,waws(p)
396,wawst
397,w{o}st(s)
398,w{o}st(s)
399,waws(ps)
399,wawstI{z}=14
400,waws(ps)
401,wawst(s)
402,waws(p)
402,wawst
403,waws(p)Iz=14
404,wawsps
405,wosp(s)
406,w{o}sp
407,wosps
408,wos(ps)
409,wosp(s)
410,waws(ps)
411,wawsp(s)
412,-
413,waws(ps)
414,waws(p)
415,wawst(s)
416,wosp(s)
417,wawsps
418,wosps
419,wosps
420,wawstIz=14
421,wawst(s)
422,wos(ps)
423,wosp
424,w{o}s(ps)
425,wawsp
426,wawstIz=14
427,wos(ps)
428,wosp(s)
429,-
430,wospIz=14
431,wawsps
432,wawstIz=14
433,wosp(s)
434,wawst(s)
435,wosp
436,wosp
437,wosps
438,wawst(s)
439,wawsp(s)
440,wosp
441,w{o}sps
442,wawshp(s)
442,wawsh(ps)
443,wosp(s)
444,wawsts
445,wiesp
446,wawsp(s)
447,wosp(s)
448,wawsp
449,waws(ps)
450,w{o}sp
450,w{o}st
451,wost
452,wosps
453,-
454,wawsp
455,wosp
456,wosp(s)
457,wos(ps)
458,wosp(s)
458,wos(ps)
459,-
460,wawstIz=14
461,w{o}sp(s)
462,wawshp
463,waws(p)Iz=14
464,wawstIs=14
465,wawstIz=14
466,w{o}sps
467,wawsp(s)
468,w{o}s(p)Iz=14
469,wawsp
470,wawsp(s)
471,wosps
472,wawstIz=14
473,wos(ps)
474,wawsp(s)
475,wawsp(s)
476,wawsp(s)
477,w{aw}sp
478,wos(p)
479,waws(ps)
480,wosp(s)
481,w{o}st
482,wost(s)
483,-
484,w{o}sp(s)
485,wies(p)
486,wosp(s)
487,wost(s)
488,wawsps
489,wospI{z}=14
490,wosp
491,-
492,wosp(s)
493,waws(p)
494,wawsp(s)
495,waws(p)
496,w{o}st(s)
497,wosp(s)
498,wosp(s)
499,wosp(s)
500,wost
501,w{o}sp
502,wawsp
503,-
504,wawsp
505,waws(p)
506,wawspR=14
507,wawst(s)
508,wos(p)
509,-
510,w{o}s(p)Iz=14
511,wawsp
512,-
513,wosp
514,wosp(s)
515,wosps
516,wosp
517,wosp
518,wawsp
519,wosps
520,wawsp
521,wawsp(s)
522,wosp(s)
523,wosp
524,wosp(s)
525,wawstIz=14
526,-
527,wawsp(s)
528,wawsp(s)
529,waws(ps)
530,waws(p)Iz=14
531,-
532,waws(p)
533,wosp
534,-
535,wosp(s)
536,wawsp(s)
537,wawsps
538,waws(ps)
539,wawsp
540,-
541,wosp
542,waw{r}st
543,w{o}stIz=14
544,waws(ps)
545,wawsp
546,-
547,waws(ps)
548,wawst(s)
549,wawsps
550,-
551,wosp(s)
552,waws(ps)
553,wawsp
554,wosp
555,waws(p)Iz=14
556,wosps
557,w{o}sp(s)
558,wawsp(s)
559,wawst
560,-
561,-
562,wosp(s)
563,wosp
564,wosps
565,wosp
566,wawst
567,w{o}sp
568,-
569,wawst
570,waws(ps)
571,waws(p)
572,wawsp
572,waws(p)
573,waws(p)Iz=14
574,wosp
575,wosp(s)
576,wawsp(s)
577,wawstI{z}=14
578,waws(ps)
579,w{o}sps
580,waws(p)
581,w{o}sp
582,w{o}sp(s)
583,wawst(s)
584,wawst(s)
585,wawstIz=14
586,-
587,waws(t)Iz=14
588,wawsp
588,wawst
589,waws(ps)
590,waws(ps)
590,w{o}sp(s)
591,wosp(s)
592,wosps
593,waws(ps)
593,waws(p)Iz=14
594,wawsp
595,wosp(s)
596,waws(p)
597,waw(s)ps
598,wos(ps)
599,wosp
600,w{aw}st(s)
601,wosp(s)
602,wawstIz=14
603,-
604,wosp
605,wosp(s)
606,wosp(s)
607,wawsp(s)
608,wawst(s)
609,waws(p)I{z}=14
610,waws(p)I{z}=14
611,w{o}sps
612,waws(ps)
613,wawsp(s)
614,w{o}s(ps)
615,wawsps
616,wosp(s)
617,wawsp(s)
618,-
619,wawsp(s)
620,wawsp(s)
621,wawsp(s)
622,wawsp(s)
623,wosp(s)
624,wosps
625,wawsp
626,-
627,waws(p)Iz=14
628,wosps
629,w{o}sp(s)
630,waws(ps)
631,-
632,wosp(s)
633,-
634,wosp(s)
635,wawsp(s)
636,waws(ps)
637,wos(p)
638,w{o}st
639,waws(ps)
640,waws(p)Iz=14
641,w{o}s(ps)
642,-
643,wosps
644,-
645,wosp(s)
646,wosp
647,-
648,wawst(s)
649,wawsp(s)
650,waws(ps)
651,-
652,wosps
653,wawsp(s)
654,-
655,wosps
656,wawsps
657,wosps
657X,wawsps
657Y,wosps
657Z,wosps
658,-
659,wawsp(s)
660,waws(ps)
661,w{o}s(ps)
662,wawsps
663,waws(ps)
664,wos(ps)
665,wawst
666,waws(ps)
667,w{o}s(ps)
668,w{o}sp
669,w{o}s(p)
670,wawst
671,wosp(s)
672,wost(s)
673,wawsp
673,wosp
674,wawst(s)
675,wosps
676,-
677,wosp(s)
678,wawst(s)
679,w{o}sp
680,wawsp(s)
681,wawst
682,w{o}s(ps)
683,wawsp(s)
684,wawsp(s)
685,w{o}sp
686,wawsp
686,wawst
687,wawsp
687,was(p)
688,wawstIz=14
688,waws(t)Is=14
689,waws(ps)
690,wosp
691,wosp
692,wawsp(s)
693,wawsp
694,wawsps
695,w{o}sp
696,wosp(s)
697,waws(ps)
698,wos(ps)
699,-
700,wawsp
701,wawsp
702,-
703,wos(ps)
704,wawstI{z}=14
705,w{o}sp
705,w{o}s(p)
706,-
707,w{o}s(ps)
708,waws(p)
709,wawsp
710,wosps
711,wosp(s)
712,wosps
713,wosp(s)
714,wawsp(s)
715,wawsp
716,wosp
717,wawsp(s)
718,wosp(s)
719,wawsps
720,wosp
721,wosp(s)
722,wawsp(s)
723,wawsp(s)
724,wosp
725,w{o}sps
726,wost
727,wawsp
728,wosp
729,wawst(s)
730,wawsp(s)
731,wosp
732,wawsps
733,-
734,wosps
735,wos(ps)
736,wawsps
737,wosp
738,wosp(s)
739,-
740,wawst
741,wosps
742,waws(p)
743,w{o}sp
744,wawsp
745,wawsp(s)
746,wosp(s)
747,-
748,waws(p)
749,wosp
750,wosp(s)
751,wosp
752,-
753,wosps
754,waws(p)Iz=14
755,wawsp
756,waws(p)Iz=14
757,wosps
758,w{o}sp(s)
759,-
760,-
761,waws(p)Iz=14
762,wawst(s)
763,-
764,waws(ps)
765,w{o}sp(s)
766,wawspIz=14
767,wawsp(s)
768,waws(p){R}z=14
769,wawsp(s)
770,wawsp(s)
771,wawstIz=14
772,waws(ps)
773,wost
774,-
775,wawstIz=14
776,wosp(s)
777,w{o}s(ps)
778,wosp(s)
779,wosps
780,wos(ps)
781,wost(s)
782,wawsps
783,waws(ps)
784,waws(p)Iz=14
785,wawsp(s)
786,wawstIz=14
787,wawsp(s)
788,wawst
789,waws(ps)
790,wawstI{z}=14
791,wospIz=14
792,wos(ps)
793,waws(ps)
794,wawstIz=14
795,wawsps
796,waws(ps)
797,w{o}sh(ps)
798,waws(ps)
799,-
800,wos(ps)
800,wast(s)
801,w{o}sp(s)
802,-
803,-
804,-
805,wosp(s)
806,wawsp(s)
807,wawst(s)
808,waws(ps)
809,wosps
810,wawsp(s)
811,waws(p)I{z}=14
812,wasp(s)
813,wosp
814,wawsp(s)
815,wos(ps)
816,wosps
817,wawsp(s)
817,w{o}st(s)
818,-
819,wawsp(s)
820,wosp(s)
821,wawstIz=14
822,wosps
823,wawsp(s)
824,wosp(s)
825,waws(ps)
825,wost(s)
826,wosp
827,wosp(s)
828,waws(ps)
829,wosp(s)
830,wo(s)ps
831,wosps
832,wawsp(s)
833,wosp(s)
834,wosp(s)
835,w{o}stIz=14
836,wawsp(s)
837,wosps
838,w{o}{r}s(p)
839,wosp(s)
840,wosp(s)
841,-
842,wawst(s)
843,wawsp(s)
844,wawshts
845,wosps
846,wosps
847,-
848,wawsps
849,wosps
850,w{o}sp
851,wawsp(s)
852,wawsp
853,wosh(ps)
853,wosp(s)
854,wawsp(s)
855,waws(ps)
856,-
857,-
858,-
859,wosps
860,waws(ps)
861,wawsp(s)
862,wosp
863,wosps
864,wawsp(s)
865,wawsp(s)
866,w{o}stIz=14
867,wosp(s)
868,waws(ps)
869,wawsp(s)
870,w{o}sps
871,wawsp
872,waws(ps)
873,wawsp
874,wawsps
875,wawsps
876,wosp(s)
877,wawsps
878,wosps
879,-
880,wosps
881,wosps
882,wawsp
882,wosp
883,wosps
884,-
885,wosps
885,wasts
886,wosps
887,wawsp(s)
888,w{o}s(p)I{z}=14
889,wosps
890,wo(s)ps
891,wawsps
892,wawsps
893,wosps
894,wawsp(s)
895,wosp(s)
896,-
897,-
898,wo(s)ps
899,wo(s)ps
900,wosps
901,waws(ps)
902,wosp(s)
903,-
904,wawsp(s)
905,wosps
906,wawsp
906,wosp
907,-
908,wosp(s)
909,-
910,wosps
911,wosps
