Informant,Response
001,ruets
002,ruets
003,ruets
004,ruet(s)
005,ruet
006,ruets
007,ruets
008,-
009,roots
010,ruets
011,ruets
012,ruet
013,ruets
014,ruets
015,ruets
016,ruets
017,ruets
018,ruets
019,ruets
020,ruets
021,ruets
022,ruet
023,ruets
024,ruets
025,-
026,ruets
027,ruets
028,ruets
029,ruets
030,roots
031,roots
032,ruet
033,ruets
034,ruets
035,ruets
036,ruets
037,ruets
038,ruets
039,ruets
040,ruets
041,rewts
042,-
043,roots
043,ruets
044,ruets
045,ruets
046,rewts
047,ruets
048,ruet(s)
049,ruets
050,ruet
051,ruets
052,ruet
053,ruets
054,ruets
055,rewt
056,ruets
057,roots
058,rewts
059,ruets
060,rewts
061,ruet
062,ruets
063,ruet
064,ruets
065,ruets
066,ruet
067,ruets
068,ruets
069,ruets
070,ruet
071,ruets
072,rewt
072,ruets
073,-
074,ruets
075,ruets
076,ruets
077,ruets
078,ruets
079,rewts
080,ruets
081,ruets
082,-
083,ruets
084,ruets
085,ruets
086,ruets
087,ruet
088,-
089,-
090,ruets
091,ruets
092,rewts
093,rewts
094,ruets
095,rewt
096,ruets
097,ruets
098,ruets
099,ruets
100,ruets
101,ruets
102,ruet
103,roots
103,ruets
104,ruets
105,ruets
106,ruets
107,ruets
108,ruets
109,ruets
110,roots
111,ruets
112,-
113,ruet
114,-
115,ruets
116,ruets
117,ruets
118,ruets
119,ruets
120,ruets
121,ruets
122,ruet
123,ruets
124,ruet
125,ruets
126,-
127,ruet
128,ruets
129,rewts
130,ruets
131,ruets
132,ruets
133,ruets
134,rewts
135,ruets
136,ruets
137,ruets
138,ruets
139,ruets
140,ruets
141,ruets
142,ruets
143,ruets
144,ruets
145,ruets
146,-
147,rewts
148,ruets
149,ruets
150,ruet
151,ruet
152,ruet
153,ruets
154,ruets
155,ruets
156,ruets
157,ruets
158,ruets
159,ruet
160,ruets
161,ruets
162,-
163,ruets
164,ruets
165,ruets
166,ruets
167,ruets
168,ruets
169,ruets
170,ruets
171,ruet
172,ruets
173,ruets
174,ruets
175,ruets
176,-
177,ruet
178,ruets
179,ruet
180,ruets
181,ruets
182,ruets
183,ruets
184,ruets
185,ruets
186,ruet
187,-
188,-
189,ruets
190,ruets
191,rewts
191,ruets
192,ruets
193,ruets
194,ruet
195,-
196,ruets
197,ruets
198,ruet
199,ruetsh
200,-
201,ruet
202,rue(t)s
203,ruet
204,ruets
205,-
206,ruets
207,ruets
208,ruets
209,ruets
210,-
211,ruets
212,ruets
213,-
214,rewts
215,ruets
216,ruets
217,ruets
218,ruets
219,ruet
220,rewts
221,ruets
222,ruets
223,-
224,ruetsh
225,ruets
226,ruet
227,ruets
228,ruets
229,ruets
230,ruets
231,ruet
232,ruets
233,root
233,ruets
234,ruets
235,ruets
236,ruets
237,ruets
238,rewts
239,ruets
240,rewts
241,-
242,ruets
243,ruets
244,ruet
245,ruets
246,ruet
247,ruets
248,ruet
249,rewtsh
250,ruets
251,ruets
252,ruets
253,ruets
254,ruet
255,ruets
256,ruets
257,ruets
258,ruets
259,ruets
260,ruets
261,ruets
262,-
263,ruets
264,ruets
265,ruets
266,ruets
267,ruets
268,-
269,ruets
269,ruetsh
270,rue{?}
271,ruet
272,ruet
273,ruets
274,ruets
275,-
276,ruets
277,-
278,ruets
279,ruets
280,ruets
281,ruets
282,-
283,ruet
284,ruets
285,-
286,ruets
287,-
288,ruets
289,ruets
290,ruets
291,ruets
292,ruet
293,ruets
294,ruets
295,rewts
296,ruet
297,ruets
298,-
299,ruet
300,ruets
301,ruets
302,ruet
303,ruets
304,ruets
305,ruet
306,ruets
307,ruets
308,roots
309,root
310,-
311,root
312,ruets
313,ruets
314,ruet
315,ruets
316,roots
317,ruets
318,-
319,ruets
320,ruets
321,ruets
322,ruets
323,ruets
324,ruets
325,ruet
326,ruets
327,ruets
328,ruets
329,ruets
330,ruets
331,ruets
332,ruetsh
333,ruets
334,ruets
335,ruets
336,ruets
337,ruets
338,ruet
339,ruets
340,-
341,ruets
342,-
343,ruets
344,ruets
345,ruets
346,roots
347,ruet
348,ruet
349,ruets
350,-
351,ruets
352,rewts
353,ruet
354,ruets
355,ruets
356,ruets
357,ruet
358,ruets
359,ruets
360,ruets
361,ruet
362,ruets
363,ruets
364,ruets
365,rewts
366,ruets
367,ruets
368,ruets
369,ruets
370,ruets
371,ruets
372,roots
373,rits
374,ruets
375,ruets
376,-
377,ruets
378,ruets
379,ruets
380,ruets
381,ruet
382,ruets
383,ruet
384,roots
385,ruets
386,root
387,ruets
388,ruets
389,ruets
390,ruets
391,ruet
392,ruets
393,ruet
394,ruets
395,ruet
396,ruet
397,ruets
398,ruets
399,ruets
400,ruet
401,-
402,ruets
403,root
404,ruets
405,ruets
406,ruets
407,ruets
408,ruets
409,ruets
410,ruets
411,ruets
412,-
413,ruets
414,ruets
415,ruets
416,ruets
417,ruets
418,ruets
419,ruets
420,ruets
421,root
422,ruets
423,roots
424,root
425,ruets
426,ruets
427,roots
428,ruets
429,-
430,-
431,ruet
432,ruet
433,rewts
434,ruets
435,ruets
436,roots
437,ruets
438,ruet
439,ruet
440,ruets
441,ruet
442,rewtsh
443,ruets
444,ruets
445,ruets
446,rewts
447,ruets
448,ruet
449,ruet
450,ruet
451,-
452,ruets
453,-
454,ruet
455,ruets
456,ruets
457,roots
458,ruets
459,-
460,rewt
461,ruet
462,rewtsh
463,ruet
464,ruets
465,ruets
466,-
467,ruet
468,ruet
469,ruets
470,ruet
471,ruets
472,ruet
473,ruet
474,ruets
475,rewts
476,ruets
477,ruet
478,ruet
479,ruets
480,rewts
481,root
482,-
483,-
484,ruets
485,ruets
486,-
487,ruet
488,ruets
489,ruets
490,rewt
491,-
492,ruets
493,-
494,-
495,ruets
496,ruets
497,ruets
498,ruet
499,ruets
500,ruets
501,ruets
502,ruets
503,-
504,ruets
505,ruets
506,ruets
507,ruets
508,ruets
509,ruets
510,-
511,root
511,rut
512,-
513,-
514,root
515,-
516,ruets
517,ruets
518,ruets
519,ruets
520,-
521,ruets
522,ruets
523,ruets
524,ruets
525,-
526,-
527,-
528,ruets
529,ruets
530,ruets
531,-
532,ruets
533,ruets
534,ruets
535,rewt
536,ruets
537,-
538,rewts
539,ruets
540,ruets
541,ruets
542,ruets
543,ruets
544,ruets
545,root
546,-
547,ruets
548,ruets
549,ruetId=14
550,ruet
551,ruets
552,roots
553,ruets
554,-
555,-
556,-
557,ruets
558,ruets
559,ruet
560,ruet
561,-
562,ruets
563,rewts
564,root
564,ruets
565,ruets
566,-
567,-
568,-
569,ruets
570,rewts
570,ruets
571,-
572,ruet
573,ruets
574,ruets
575,ruets
576,ruets
577,roots
577,ruets
578,ruets
579,ruets
580,ruet
581,ruets
582,ruet
583,ruets
584,ruets
585,rewts
586,-
587,ruets
588,ruets
589,ruets
590,roots
591,ruet
592,ruet
593,ruets
594,ruet
595,ruets
596,ruets
597,ruets
598,roots
599,ruet
600,ruet
600,rue{?}
601,ruets
602,ruets
603,-
604,ruets
605,ruet
606,ruetId=14
607,rewts
607,ruet
608,ruets
609,ruets
610,ruets
611,root
612,ruet
613,ruets
614,ruet
615,ruets
616,ruet
617,rewtsh
618,-
619,ruets
620,ruets
621,ruets
622,ruet
623,ruets
624,roots
624,ruets
625,ruets
626,-
627,-
628,ruets
629,ruets
630,-
631,ruets
632,-
633,ruets
634,ruet
635,ruets
636,ruets
637,ruet
638,ruets
639,ruets
640,ruets
641,roots
641,ruets
642,-
643,ruets
644,-
645,ruets
646,ruets
647,-
648,ruet
649,ruets
650,ruet
651,-
652,root
652,ruet
653,ruets
654,-
655,roots
656,ruets
657,ruets
657X,ruets
657Y,ruets
657Z,ruets
658,ruets
659,ruets
660,ruets
661,ruets
662,ruets
663,-
664,-
665,rue(t)
666,ruet
667,ruet
668,ruets
669,ruets
670,ruets
671,ruets
672,ruet
673,ruets
674,ruets
675,ruets
676,-
677,ruets
678,ruets
679,ruets
680,ruets
681,ruets
682,ruet
683,ruet
684,ruet
685,ruet
686,ruets
687,ruet
688,ruet
689,ruet
690,roots
691,ruets
692,ruets
693,ruet
694,ruets
695,ruets
696,ruets
697,ruets
698,-
699,-
700,-
701,ruets
702,-
703,ruets
704,roots
705,ruet
706,roots
707,ruets
708,ruets
709,ruets
710,ruet
711,ruets
712,ruets
713,roots
714,ruet
715,ruet
716,ruets
716,ruts
717,ruet
718,ruets
719,ruets
720,ruets
721,-
722,ruets
723,ruets
724,root
725,ruets
726,ruets
727,ruet
728,ruets
729,ruet
730,roots
731,roots
731,ruets
732,roots
733,ruet
734,ruets
735,ruets
736,ruets
737,ruets
738,ruets
739,-
740,ruets
741,ruets
742,ruets
743,-
744,ruets
745,-
746,-
747,ruet
748,ruet
749,ruets
750,-
751,ruets
752,ruets
753,ruets
754,ruet
755,ruets
756,ruet
757,ruet
758,-
759,-
760,ruets
761,ruets
762,ruets
763,-
764,ruets
765,ruets
766,root
766,ruet
766,rut
767,ruets
768,ruet
769,ruets
770,ruet
771,ruets
772,ruets
773,ruets
774,-
775,ruets
776,ruets
777,-
778,ruets
779,ruet
780,ruets
781,ruets
782,ruets
783,rewts
784,ruets
785,ruets
786,ruets
787,ruets
788,ruets
789,ruets
790,rewts
790,ruets
791,-
792,ruets
793,ruet
794,ruets
795,-
796,roots
797,ruetsh
798,ruet
799,ruet
800,ruets
801,ruets
802,ruets
803,-
804,ruet
805,ruet
806,ruets
806,rue(t)s
807,ruets
808,ruets
809,ruets
810,ruets
811,ruet
812,rewts
813,ruets
814,ruets
815,ruets
816,ruet
817,ruets
818,-
819,ruet
820,ruets
821,ruets
822,ruets
823,ruets
824,rewts
825,ruets
826,ruet
827,roots
827,ruets
828,ruet
829,ruets
830,roots
831,ruet
832,ruets
833,roots
834,ruets
835,ruets
836,ruets
837,-
838,ruets
839,ruets
840,ruets
841,ruets
842,ruets
843,ruet
844,ruets
845,ruets
846,ruets
847,ruet
848,ruets
849,ruets
850,ruets
851,-
852,ruets
853,ruets
854,ruets
855,ruets
856,ruets
857,-
858,ruets
859,ruets
860,ruets
861,ruets
862,-
863,ruets
864,rhuet
865,ruets
866,roots
867,ruets
868,ruets
869,root
870,ruets
871,-
872,ruet
873,ruet
874,ruets
875,ruets
876,ruets
877,ruets
878,-
879,-
880,ruet
881,ruet
882,ruets
883,rewts
884,-
885,ruets
886,ruets
887,ruets
888,ruets
889,ruets
890,ruets
891,ruets
892,ruets
893,ruet
894,ruet
895,ruets
896,-
897,roots
897,ruets
898,ruets
899,ruet
900,ruet
901,ruets
902,ruet
903,-
904,ruet
905,ruets
906,roots
907,-
908,ruet
909,-
910,ruets
911,ruets
