Informant,Response
001,razberIz=134
002,razberIz=134
003,-
004,razburIz=134
005,razbe[r]Iz=134
006,razburIz=134
007,razburIz=134
008,razburIz=134
009,razberI=134
010,razberIz=134
011,razberIz=134
012,razberIz=134
013,razberIz=134
014,razberIz=134
015,razburIz=134
016,razberIz=134
017,razberIz=134
018,razburIz=134
019,razberI=134
020,razbureez=123
021,razbereez=123
022,razberIz=134
023,razberIz=134
024,razberIz=134
025,-
026,razberIz=134
027,razberIz=134
028,razberIz=134
029,razberIz=134
030,-
031,-
032,razberIz=134
033,razberIz=134
034,razberIz=134
035,razberIz=134
036,rezburIz=134
037,razberI=134
038,razberAz=134
039,razburrI{z}=134
040,razberI=134
041,razberIz=134
042,razberIz=134
043,razberIz=134
044,razburI=134
045,razberIz=134
046,razberIz=134
047,razberIz=134
048,razberIz=134
049,razberI=134
050,razburIz=134
051,-
052,-
053,razburI=134
054,-
055,razberIz=134
056,-
057,razberI=134
058,razberIz=134
059,razburIz=134
060,razberIz=134
061,-
062,razberI{z}=134
063,-
064,razberIz=134
065,-
066,razbu{r}Iz=134
067,razberIz=134
068,-
069,razburI{z}=134
070,-
071,razberIz=134
072,razberIz=134
073,razberI=134
074,razberI=134
075,razberIz=134
076,razberIz=134
077,razberIz=134
078,-
079,-
080,-
081,-
082,-
083,razberIz=134
084,razbe[r]I=134
085,razberIz=134
086,razberIz=134
087,razberIz=134
088,-
089,-
090,razberIz=134
091,razberI=134
092,-
093,-
094,razberIz=134
095,rezbairI{z}=134
096,razberIz=134
097,-
098,razbe(rI){dh}=13
099,ra{z}berIz=134
100,razberI=134
101,razberI{z}=134
102,-
103,razberI=134
104,razberIz=134
105,razberIz=134
106,razberI=134
107,razberI=134
108,-
109,razberIz=134
110,-
111,razbe{r}I=134
112,-
113,-
114,-
115,-
116,-
117,razberIz=134
118,razberIz=134
119,razberIz=134
120,rasberIz=134
121,-
122,razberIz=134
123,razberIz=134
124,razberIz=134
125,razberIz=134
126,-
127,-
128,-
129,-
130,-
131,ra{t}berIz=134
132,-
133,razberIz=134
134,-
135,-
136,-
137,razberI=134
138,razberAz=134
139,ra{z}berIz=134
140,razberIz=134
141,razberIz=134
142,rastberI=134
143,razberIz=134
144,razberI=134
145,-
146,razberIz=134
147,-
148,-
149,razberIz=134
150,razberI{z}=134
151,razbarI=134
152,razberI=134
153,-
154,razbe{r}Iz=134
155,razberIz=134
156,-
157,-
158,-
159,razberIz=134
160,-
161,razburI=134
162,razberIz=134
163,razberIz=134
164,razberIz=134
165,razberIz=134
166,razberIz=134
167,rezberIz=134
168,-
169,rasberI=134
170,razberI=134
171,razberIz=134
172,razberIz=134
173,-
174,-
175,-
176,-
177,-
178,-
179,-
180,-
181,-
182,-
183,-
184,razberI=134
185,-
186,razbarIz=134
187,-
188,-
189,rasberI{z}=134
190,razberIz=134
191,ra{z}berI{z}=134
192,razberI=134
193,-
194,-
195,-
196,-
197,-
198,-
199,-
200,-
201,razberIz=134
202,-
203,-
204,-
205,-
206,razburIz=134
207,razbe{r}(I)z=31
208,-
209,razberIz=134
210,razbarIz=134
211,-
212,rasberIz=134
213,-
214,ra{z}berIz=134
215,-
216,-
217,-
218,-
219,razbu[r]I{z}=134
220,-
221,-
222,-
223,razbe{r}(I)=13
224,rasberIz=134
225,-
226,-
227,-
228,-
229,-
230,-
231,-
232,razberI=134
233,-
234,razbu{r}I=134
235,-
236,razberIz=134
237,razbu{r}(I)z=13
238,razberI=134
239,razberIz=134
240,razburIz=134
241,-
242,rasberIz=134
243,razberI=134
244,-
245,razberIz=134
246,rasberIz=134
247,razberI=134
248,razberI=134
249,-
250,-
251,-
252,-
253,razberI=134
254,-
255,-
256,rasberI=134
257,razberI=134
258,razberIz=134
259,razburIz=134
260,-
261,rozberI=134
262,razberIz=134
263,razberIz=134
264,razberIz=134
265,-
266,razburIz=134
267,razberIz=134
268,-
269,-
270,raspberI{z}=134
271,razberIz=134
272,razpberIz=134
273,razberIz=134
274,razberIz=134
275,-
276,razberIz=134
277,-
278,ra{z}berIz=134
279,razberIz=134
280,razberIz=134
281,razberI=134
282,-
283,raz{b}airI=134
283,razberIz=134
284,razberIz=134
285,-
286,razberI=134
287,-
288,rasburI=134
289,razberIz=134
290,razburI=134
291,rasberI=134
292,razberIz=134
293,razberIz=134
294,razberIz=134
295,razberIz=134
296,ra{z}berIz=134
297,-
298,razberI{z}=134
299,razberIz=134
300,razberIz=134
301,razburIz=134
302,razberIz=134
303,razbu{r}(I)z=13
304,razburI=134
305,razberIz=134
306,razberIz=134
307,razberIz=134
308,razberIz=134
309,ra{z}berI{z}=134
310,razberIz=134
311,razberIz=134
312,razberIz=134
313,razberIz=134
314,razberIz=134
315,-
316,-
317,razbu{r}I=134
318,-
319,razberIz=134
320,razberIz=134
321,razbu{r}Iz=134
322,razberIz=134
323,razberIz=134
324,razberI=134
325,razberIz=134
326,rasberIz=134
327,resbe{r}Iz=134
328,-
329,razberI=134
329,razburIz=134
330,razberIz=134
331,razbe(r)Iz=134
332,razbirI=134
333,razberI=134
334,razberIz=134
335,razberIz=134
336,razberI=134
337,-
338,razberIz=134
339,-
340,razbe[r](I){z}=13
341,razbe{r}I=134
342,-
343,razberIz=134
344,-
345,-
346,-
347,razberI=134
348,razberIz=134
349,razbe{r}Iz=134
350,razburI=134
351,razberIz=134
352,razberIz=134
353,razburIz=134
354,razberIz=134
355,-
356,-
357,rasberIz=134
358,razberI=134
359,razberI=134
360,razberI=134
361,razberI=134
362,razberIz=134
363,razberIz=134
364,razber(I)=13
365,-
366,razberI{z}=134
367,-
368,rezbarIz=134
369,-
370,razberIz=134
371,razberI=134
372,razberIz=134
373,razberIz=134
374,razberIz=134
375,razberIz=134
376,-
377,-
378,-
379,razberIz=134
380,razberI=134
381,-
382,razburIz=134
383,rasberI=134
384,razberIz=134
385,razbairI=134
386,razberIz=134
387,razberIz=134
388,-
389,-
390,razberIz=134
391,razberI{z}=134
392,razberIz=134
393,rasberIz=134
394,razburIz=134
395,razberIz=134
396,-
397,-
398,-
399,-
400,razberIz=134
401,-
402,rasberIz=134
403,razberI=134
404,rezbarIz=134
405,rozberI=134
406,-
407,-
408,-
409,-
410,razberIz=134
411,-
412,-
413,-
414,razberIz=134
415,-
416,-
417,-
418,-
419,razberIz=134
420,-
421,kArazberI=4134
422,razberIz=134
423,razberI=134
424,-
425,-
426,razberIz=134
427,razberI=134
428,rezberIz=134
429,-
430,razberIz=134
431,razberIz=134
432,-
433,-
434,-
435,rasberI=134
436,-
437,razberIz=134
438,razberI=134
439,rezberIz=134
440,razberI=134
441,rasberIz=134
442,radhbi{r}Idh=134
443,razberIz=134
444,razberI=134
445,razberI=134
446,-
447,razberI=134
448,razberIz=134
449,razberI=134
450,rasberI=134
451,-
452,razberIz=134
453,-
454,razberI=134
455,razberI=134
456,razberIz=134
457,razberI=134
458,-
459,-
460,rasberI=134
461,razberI=134
462,-
463,razberI=134
464,razberIz=134
465,rasberIz=134
466,rasberIz=134
467,-
468,rasberI=134
469,razberIz=134
470,razberI=134
471,rasberI=134
472,razberIz=134
473,-
474,razberIz=134
475,razberI=134
476,razberIz=134
477,razberI=134
478,razburI=134
479,razberI=134
480,-
481,razberIz=134
482,-
483,-
484,razberIz=134
485,razburIz=134
486,-
487,-
488,razberIz=134
489,-
490,razberIz=134
491,-
492,razberI=134
493,razbu{r}(I)z=13
494,-
495,razberIz=134
496,rasberI=134
497,razbu{r}I=134
498,razberIz=134
499,-
500,-
501,razberIz=134
502,razberIz=134
503,-
504,razberIz=134
505,-
506,razberIz=134
507,ra{t}burIz=134
508,-
509,-
510,razberIz=134
511,razberIz=134
512,-
513,rezberIz=134
514,razberIz=134
515,razburIz=134
516,-
517,razberIz=134
518,razberIz=134
519,razbu{r}Iz=134
520,-
521,razberIz=134
522,razberI=134
523,rezberIz=134
524,ra{z}berIz=134
525,rasberIz=134
526,-
527,razbe{r}Iz=134
528,-
529,-
530,razberIz=134
531,-
532,razberIz=134
533,razburI=134
534,-
535,-
536,-
537,-
538,razberI=134
539,razberIz=134
540,-
541,razberIz=134
542,-
543,razbai(rI)z=13
544,razberIz=134
545,-
546,-
547,razberI{z}=134
548,rezberIz=134
549,razberIz=134
550,-
551,razberIz=134
552,razberI=134
553,-
554,-
555,-
556,razberIz=134
557,razberIz=134
558,rezberIz=134
559,-
560,-
561,-
562,razberIz=134
563,razberIz=134
564,ra{z}berIz=134
565,razberIz=134
566,-
567,razbirI{z}=134
568,razberIz=134
569,razberIz=134
570,razberIz=134
571,razberA=134
572,-
573,razberIz=134
574,razberI=134
575,razberIz=134
576,razberI=134
577,razbe{r}Iz=134
578,razberI=134
579,razbA(rI)z=14
580,ra{z}berIz=134
581,razberIz=134
582,razberIz=134
583,razbe{r}Iz=134
584,razberIz=134
585,razberI=134
586,-
587,razbe{r}Iz=134
588,razberIz=134
589,razberIz=134
590,razberIz=134
591,razberIz=134
592,razberI=134
593,-
594,razbe{r}(I)=13
595,razberIz=134
596,rasberIz=134
597,-
598,ra{z}berAz=134
599,razberIz=134
600,rez{b}irI=134
601,razberIz=134
602,razberIz=134
603,-
604,razberIz=134
605,razberIz=134
606,-
607,razberIz=134
608,razberIz=134
609,-
610,razbai(rI)=13
611,rasbirI=134
612,rashberIz=134
613,razberI=134
614,-
615,razberIz=134
616,-
617,-
618,-
619,-
620,razberI=134
621,razberI=134
622,razberI=134
623,razberIz=134
624,rasberI=134
625,rasberIz=134
626,-
627,razberIz=134
628,razberIz=134
629,razberI=134
630,rasberI=134
631,-
632,razberIz=134
633,-
634,razba(rI)=13
635,razberI=134
636,razberIz=134
637,-
638,-
639,razba(rI)=13
640,rezbai(rI)z=13
641,radhberI=134
641,razberI=134
642,-
643,razberIz=134
644,-
645,razberIz=134
646,-
647,-
648,razberI=134
649,-
650,-
651,razberIz=134
652,razberIz=134
653,razberIz=134
654,-
655,razberIz=134
656,razberIz=134
657,razberI=134
657X,razberI=134
657Y,rasberI=134
657Z,razberIz=134
658,-
659,rezberIz=134
660,rawzberI=134
661,razberI=134
662,rasberI=134
663,-
664,-
665,razberI=134
666,-
667,-
668,razberIz=134
669,ra{z}berI=134
670,rasberI=134
671,razberI=134
672,-
673,-
674,razberI=134
675,ra{z}berIz=134
676,-
677,razberIz=134
678,rasberIz=134
679,razberI{z}=134
680,rezberIz=134
681,razberI{z}=134
682,razberIz=134
683,-
684,-
685,razberIz=134
686,razberIz=134
687,razburIz=134
688,razberA=134
689,-
690,-
691,-
692,razburIz=134
693,razberIz=134
694,razberIz=134
695,razberIz=134
696,razberIz=134
697,-
698,-
699,-
700,-
701,razberIz=134
702,razburIz=134
703,razberIz=134
704,razberI=134
705,-
706,-
707,ra(z)berIz=134
708,ra{z}berI{z}=134
709,-
710,razberIz=134
711,razberIz=134
712,razberIz=134
713,-
714,-
715,-
716,razbu{r}(I)z=13
717,-
718,razbai(rI)z=13
719,razberIz=134
720,razberIz=134
721,razberIz=134
722,razberIz=134
723,razburIz=134
724,-
725,razberIz=134
726,razberIz=134
727,razburI=134
728,-
729,-
730,-
731,razberIz=134
732,-
733,-
734,-
735,ra{z}pberIz=134
736,-
737,-
738,-
739,-
740,-
741,razberIz=134
742,razberIz=134
743,-
744,-
745,-
746,-
747,-
748,rezberIz=134
749,razberI=134
750,-
751,razberIz=134
752,razberIz=134
753,razberI{z}=134
754,ra{z}berI=134
755,ra{z}berIz=134
756,razberI=134
757,razberIz=134
758,razberIz=134
759,-
760,-
761,razburI=134
762,razberIz=134
763,-
764,razberIz=134
765,razberIz=134
766,razberIz=134
767,razberIz=134
768,rashberI=134
769,razberI{z}=134
770,razberI=134
771,razberIz=134
772,razberIz=134
773,rasberI=134
774,-
775,razberI=134
776,razberIz=134
777,razberI=134
778,razberIz=134
779,razberIz=134
780,razburI=134
781,razberI=134
782,razberIz=134
783,rezburIz=134
784,-
785,rasberIz=134
786,rasberIz=134
787,razberI=134
788,razberI{z}=134
789,razberI=134
790,razberIz=134
791,razberIz=134
792,razberIz=134
793,-
794,razberI=134
795,-
796,razberI=134
797,-
798,rasberI=134
799,-
800,razburIz=134
801,rezberIz=134
802,razberIz=134
803,-
804,-
805,rasberI=134
806,razberIz=134
807,razberI=134
808,rezberI=134
809,razberI=134
810,razberI=134
811,razberIz=134
812,-
813,raspberI{z}=134
814,razberI=134
815,-
816,razberI=134
817,razburI=134
818,-
819,razberI=134
820,rasberIs=134
821,razburIz=134
822,razberI=134
823,razberI=134
824,ra{dh}birI{dh}=134
825,razberI=134
826,rasberI=134
827,razberIz=134
828,rasberI=134
829,razburIz=134
830,ras{b}irIz=134
831,razberI=134
832,razberIz=134
833,razburIz=134
834,-
835,rasberI=134
836,razburI=134
837,-
838,razburIz=134
839,-
840,razburIz=134
841,-
842,razberI=134
843,razberIz=134
844,ra{z}berIz=134
845,razberIz=134
846,razburIz=134
847,-
848,-
849,razburIz=134
850,-
851,-
852,-
853,-
854,-
855,razberIz=134
856,razberI=134
857,rasburIz=134
858,-
859,razberIz=134
860,razburIz=134
861,razberIz=134
862,razberIz=134
863,razberIz=134
864,razberIz=134
864,rezbu[r]I=134
865,razberI=134
866,razberI=134
867,razburI=134
868,razberIz=134
869,resberI=134
870,razberIz=134
871,-
872,razberI=134
873,razberI=134
874,razberIz=134
875,rasberI=134
876,razburI=134
877,razberI=134
878,razberI=134
879,-
880,-
881,razberI=134
882,-
883,razberI=134
884,-
885,razberI=134
886,-
887,-
888,-
889,-
890,-
891,razberI{z}=134
892,-
893,rasberI=134
894,razberIz=134
895,razburI=134
896,-
897,-
898,rezberIz=134
899,rezberIz=134
900,razburIz=134
901,razberIz=134
902,razberIz=134
903,-
904,razbu{r}Iz=134
905,razberIz=134
906,rasberI=134
907,-
908,razburIz=134
909,-
910,razburIz=134
911,razberIz=134
