Informant,Response
001,cherI=14
002,cherI=14
003,cherI=14
004,churI=14
005,chirI=14
006,cherI=14
006,churI=14
007,cherI=14
008,churI=14
009,cherI=14
010,cherI=14
011,cherI=14
012,cherI=14
013,cherI=14
014,cherI=14
015,cherI=14
016,cherI=14
017,cherI=14
018,cherI=14
019,churI=14
020,churee=13
021,churI=14
022,cherI=14
023,cheree=13
024,cherI=14
025,churI=14
026,cheree=13
027,cheree=13
028,cherI=14
029,cherI=14
030,cherI=14
031,cherI=14
032,cherI=14
033,cherI=14
034,cherI=14
035,cherI=14
036,cherI=14
037,chirI=14
038,cherI=14
039,cherI=14
040,cherI=14
041,churIz=14
042,cherI=14
043,chereez=13
044,cherI=14
045,cherI=14
046,cheree=13
047,cherI=14
048,cherI=14
049,cherI=14
050,cherI=14
051,cheree=13
052,cheree=13
053,cherI=14
054,churI=14
055,cherI=14
056,cherI=14
057,churI=14
058,cherI=14
059,cherI=14
060,cherI=14
061,chirI=14
062,churI=14
063,cherI=14
064,churI=14
065,cherI=14
066,che(r)I=14
067,cherI=14
068,-
069,-
070,che{?}I=14
071,churI=14
072,cherI=14
073,-
074,cherI=14
075,cherI=14
076,cherI=14
077,-
078,churI=14
079,che{r}I=14
080,-
081,cherI=14
082,-
083,-
084,cherI=14
085,cherI=14
086,cherI=14
087,cherI=14
088,cherI=14
089,-
090,cherIz=14
091,cherI=14
092,cherI=14
093,cherI=14
094,cherI=14
095,chairI=14
096,cherI=14
097,cherI=14
098,cherI=14
099,cherI=14
100,cherI=14
101,churI=14
102,cherI=14
103,cherI=14
104,cherI=14
105,cherI=14
106,cherI=14
107,cherI=14
108,cherI=14
109,cherI=14
110,cherI=14
111,che{r}I=14
112,cherI=14
113,cheree=13
114,cherI=14
115,-
116,-
117,cherI=14
118,cherI=14
119,churI=14
120,cherI=14
121,cherIz=14
122,cherI=14
123,cherI=14
124,cherI=14
125,cherI=14
126,cherI=14
127,-
128,-
129,-
130,-
131,cherI=14
132,cherI=14
133,cherI=14
134,churI=14
135,cherI=14
136,cherI=14
137,cherI=14
138,cherI=14
139,cherI=14
140,-
141,cherIz=14
142,cherI=14
143,cherI=14
144,cherI=14
145,cherI=14
146,cherI=14
147,cherI=14
148,churI=14
149,cherI=14
150,cherI=14
151,-
152,cherI=14
153,-
154,cherI=14
155,cherI=14
156,cherI=14
157,cherIz=14
158,-
159,-
160,-
161,churI=14
162,-
163,cherI=14
164,cherI=14
165,-
166,-
167,cherI=14
168,cherI=14
169,cherI=14
170,cherI=14
170,churI=14
171,cherI=14
172,cherI=14
173,-
174,cherI=14
175,-
176,cherI=14
177,cherI=14
178,-
179,-
180,cherI=14
181,cherI=14
182,-
183,cherI=14
184,cherI=14
185,cherI=14
186,cherI=14
187,-
188,cherI=14
189,cherI=14
190,cherI=14
191,cherI=14
192,cherI=14
193,cherI=14
194,cherI=14
195,-
196,-
197,-
198,-
199,chai(r)I=14
199,cherI=14
200,cherI=14
201,cherI=14
202,chirI=14
203,cherI=14
204,-
205,-
206,cher(I)
207,che{r}I=14
207,che{r}(I)
208,cherI=14
209,cherI=14
210,charI=14
211,cherI=14
212,cherI=14
213,cherI=14
214,cherI=14
215,cherI=14
216,cherI=14
217,cherI=14
218,-
219,che[r](I)z
220,chirI=14
221,cherI=14
222,cherI=14
223,-
224,chairI=14
224,chirI=14
225,-
226,cherI=14
227,cherI=14
228,-
229,cherI=14
230,-
231,cherI=14
232,cherI=14
233,cherI=14
234,-
235,cherI=14
236,-
237,-
238,cherI=14
239,cherI=14
240,cherI=14
241,-
242,che{r}I=14
243,cherI=14
244,-
245,cherI=14
246,che{r}I=14
247,cherI=14
248,cherI=14
249,cherI=14
250,che{r}(I)
251,cherI=14
252,-
253,cherI=14
254,cherI=14
255,cherI=14
256,cherI=14
257,cherI=14
258,cherI=14
259,cherI=14
260,cherIz=14
261,churrI=14
262,cherI=14
263,cherI=14
264,cherI=14
265,cherIz=14
266,churI=14
267,cherI=14
268,-
269,cherI=14
270,cherI=14
271,cherI=14
272,cherI=14
273,cherI=14
274,cherI=14
275,cherIz=14
276,cherI=14
277,cherI=14
278,cherI=14
279,cherI=14
280,cherI=14
281,cherI=14
282,-
283,cherI=14
283,chirI=14
284,cherI=14
285,cherI=14
286,cherI=14
287,cherIz=14
288,churIz=14
289,cherI=14
290,churI=14
291,cherI=14
292,cherI=14
293,cherI=14
294,cherI=14
295,cherI=14
296,cherI=14
297,churI=14
298,cherIz=14
299,cherI=14
299,che{r}I=14
300,cherI=14
301,cherI=14
302,cherI=14
303,-
304,churrI=14
305,cherI=14
306,cherI=14
307,cherI=14
308,cherI=14
309,cherI=14
310,cherI=14
311,cherI=14
312,cherI=14
313,cherI=14
314,che{t}I=14
315,cherA=14
316,cherI=14
317,chairI=14
318,-
319,-
320,cherI=14
321,churI=14
322,cherI=14
323,cherI=14
324,cherI=14
325,cherI=14
326,cherI=14
327,chu{r}rI=14
328,cherI=14
329,cherI=14
330,cherI=14
330,che[r]I=14
331,che{r}I=14
332,chirI=14
333,cheree=13
334,cherI=14
335,cherI=14
336,cherI=14
337,cherI=14
338,cherI=14
339,cherI=14
340,cherI=14
341,cherI=14
342,chi{r}ee=13
343,cherI=14
344,cherI=14
345,churI=14
346,-
347,cherI=14
348,cherI=14
349,cherI=14
350,cherI=14
351,cherI=14
352,cherI=14
353,cherI=14
354,cherI=14
355,cherI=14
356,cherI=14
357,cherIz=14
358,cherI=14
359,churI=14
360,cherI=14
361,cherI=14
362,cherI=14
363,cherI=14
364,cherI=14
365,-
366,cherI=14
367,cherI=14
368,cherI=14
369,cherI=14
370,cherI=14
371,cherI=14
372,cherI=14
373,cherI=14
374,cherI=14
375,cherI=14
376,-
377,cherI=14
378,cherI=14
379,cherI=14
380,cherI=14
381,cherI=14
382,cherI=14
383,cherI=14
384,cherI=14
385,cherI=14
386,cherI=14
387,cherI=14
388,cherI=14
389,cherI=14
390,cherI=14
391,cherI=14
392,-
393,cherI=14
394,cherI=14
395,cherI=14
396,cherI=14
397,cherI=14
398,cherI=14
399,cherI=14
400,cherI=14
401,-
402,cherI=14
403,cherI=14
404,cherI=14
405,cherI=14
406,cherI=14
407,-
408,cherI=14
409,cherI=14
410,cherIz=14
411,cherI=14
412,-
413,churI=14
414,cherI=14
415,che{r}I=14
416,cherIz=14
417,cherI=14
418,cherI=14
419,cherI=14
420,che{r}I=14
421,cherI=14
422,cherI=14
423,cherI=14
424,cherA=14
425,-
426,cherI=14
427,cherI=14
428,cherI=14
429,-
430,cherI=14
431,cherI=14
432,cherI=14
433,cherI=14
434,-
435,cherI=14
436,cherI=14
437,cherI=14
438,cherI=14
439,cherI=14
440,cherIz=14
441,cherI=14
442,chi{r}(I)
443,cherI=14
444,cherI=14
445,cherI=14
446,churrI=14
447,cherI=14
448,cherI=14
449,cherI=14
450,cherI=14
451,cherI=14
452,cherIz=14
453,-
454,cherI=14
455,cherI=14
456,cherI=14
457,cherI=14
458,cherI=14
459,-
460,-
461,cherI=14
462,cherIz=14
463,cherI=14
464,-
465,cherI=14
466,cherI=14
467,cherI=14
468,-
469,cherI=14
470,cherI=14
471,cherI=14
472,cherI=14
473,-
474,cherI=14
475,cherI=14
476,-
477,cherI=14
478,cherI=14
479,cherI=14
480,cherI=14
481,cherI=14
482,-
483,-
484,cherI=14
485,cherI=14
486,cherI=14
487,cherI=14
488,cherI=14
489,cherI=14
490,cherI=14
491,cherI=14
492,cherI=14
493,-
494,-
495,cherI=14
496,cherI=14
497,cherIz=14
498,cherI=14
499,cherI=14
500,-
501,cherI=14
502,cherI=14
503,cherIz=14
504,cherI=14
505,cherI=14
506,cherI=14
507,che{r}Iz=14
508,cherI=14
509,-
510,cherI=14
511,-
512,-
513,cherI=14
514,chairI=14
514,cherI=14
515,churrI=14
516,cherI=14
517,cherI=14
518,cherI=14
519,cherI=14
520,-
521,cherIz=14
522,cherI=14
523,cherI=14
524,cherI=14
525,cherI=14
526,charee=13
527,che{r}I=14
528,cherI=14
529,-
530,cherI=14
531,-
532,cherI=14
533,cherI=14
534,cherI=14
535,cherI=14
536,cherI=14
537,-
538,cherI=14
539,cherI=14
540,-
541,-
542,churrI=14
543,-
544,cherI=14
545,cherIz=14
546,-
547,cherI=14
548,cherI=14
549,cherI=14
550,-
551,cherI=14
552,-
553,cherI=14
554,cherI{z}=14
555,-
556,cherI=14
557,cherI{z}=14
558,cherI=14
559,-
560,-
561,-
562,cherI=14
563,cherI=14
564,cherI=14
565,che(r)I=14
566,-
567,cherI=14
568,-
569,-
570,cherIz=14
570,churI=14
571,cherI=14
572,cherI=14
573,cherI=14
574,chu{r}rI=14
575,cherI=14
576,cherI=14
577,cherI=14
578,cherI=14
579,cherI=14
580,churI=14
581,cherI=14
582,cherI=14
583,-
584,cherI=14
585,-
586,-
587,cherI=14
587,che{r}I=14
588,cherI=14
589,cherI=14
590,cherIz=14
591,cherI=14
592,cherI=14
593,-
594,che[r]I=14
595,chirI=14
596,cherI=14
597,cherI=14
598,cherI=14
599,cherI=14
600,-
601,cherI=14
602,cherI=14
603,-
604,churI=14
605,cherI=14
606,churI=14
607,cherI=14
608,cherI=14
609,cherI=14
610,cherI=14
611,cherI=14
612,cherI=14
613,cherI=14
614,cherI=14
615,cherI=14
616,cherI=14
617,chirI=14
618,-
619,cherI=14
620,cherI=14
621,cherI=14
622,cherI=14
623,cherI=14
624,cherI=14
625,cherI=14
626,-
627,cherI=14
628,cherI=14
629,cherI=14
630,cherI=14
631,-
632,che(r)I=14
633,cherI=14
634,cherI=14
635,cherI=14
636,cherI=14
637,che{r}Iz=14
637,che(r)I=14
638,cherI{z}=14
639,che{r}I=14
640,cherI=14
640,churI=14
641,cherI=14
642,-
643,cherI=14
644,-
645,cherI=14
646,cherI=14
647,-
648,cherI=14
649,cherI=14
650,cherI=14
651,-
652,cherI=14
653,cherI=14
654,-
655,cherI=14
656,cherI=14
657,cherI=14
657X,cherI=14
657Y,cherI=14
657Z,cherI=14
658,cherI=14
659,cherI=14
660,-
661,cherI=14
662,cherI=14
663,-
664,-
665,che(r)I=14
666,cherI=14
667,cherI=14
668,cherI=14
669,-
670,cherIz=14
671,cherI=14
672,cherI=14
673,cherI=14
674,cherI=14
675,cherI=14
676,-
677,cherI=14
678,cherIz=14
679,chirI=14
680,churI=14
681,cherI=14
682,cherI=14
683,-
684,chirI=14
685,cherI=14
686,cherI=14
687,chirI=14
688,cherI=14
689,-
690,cherI=14
691,cherI=14
692,-
693,churI=14
694,cherI=14
695,cherI=14
696,-
697,cherI=14
698,-
699,che{r}I=14
700,cherIz=14
701,cherI=14
702,che{r}A=14
703,cherI=14
704,cherI=14
705,cherI=14
705,churI=14
706,-
707,cherI=14
708,cherI=14
709,cherI=14
710,cherI=14
710,churI=14
711,cherI=14
712,cherI=14
713,cherIz=14
714,cherI=14
715,cherI=14
716,chu{r}I=14
717,-
718,che(r)I=14
719,cherI=14
720,cherI=14
721,-
722,cherI=14
723,cherI=14
724,cherI=14
725,churI=14
726,churIz=14
727,churIz=14
728,cherI=14
729,cherI=14
730,cherI=14
731,cherI=14
732,cherI=14
733,chirIz=14
734,-
735,cherI=14
736,cherI=14
737,cherI=14
738,cherI=14
739,-
740,cherIz=14
741,cherI=14
742,cherI=14
743,cherIz=14
744,cherIz=14
745,-
746,chu{r}rIz=14
747,churI=14
748,cherI=14
749,cherI=14
750,cherI=14
751,cherI=14
752,cherI=14
753,cherI=14
754,cherI=14
755,cherI=14
756,-
757,cherI=14
758,cherI=14
759,-
760,-
761,cherI=14
762,cherI=14
763,-
764,cherI=14
765,cherI=14
766,cherI=14
767,cherI=14
768,cherI=14
769,-
770,cherI=14
771,cherI=14
772,cherI=14
772,churIz=14
773,che(r)I=14
774,-
775,cherI=14
776,cherI=14
777,cherI=14
778,cherI=14
779,churI=14
780,cherI=14
781,cherI=14
782,cherI=14
783,-
784,-
785,cherI=14
786,cherI=14
787,cherI=14
788,cherI=14
789,cherI=14
790,cherI=14
791,cherI=14
792,cherI=14
793,-
794,churI=14
795,-
796,cherI=14
797,cherI=14
798,chu{r}rI=14
799,-
800,cherI=14
801,cherI=14
802,cherI=14
803,-
804,-
805,cherIz=14
806,cherI=14
807,-
808,-
809,cherI=14
810,cherI=14
811,cherI=14
812,-
813,cherIz=14
814,cherIz=14
815,churIz=14
816,cherI=14
817,cherI=14
818,-
819,cherI=14
820,cheree=13
821,cherI=14
822,cherI=14
823,cherI=14
824,cherI=14
825,cherI=14
826,cherI=14
827,cherI=14
828,cherI=14
829,cherI=14
830,cherI=14
831,cherI=14
832,-
833,cherI=14
834,churI=14
835,-
836,cherI=14
836,che{r}I=14
837,cherI=14
837,churI=14
838,cherI=14
839,cherI=14
840,cherI=14
841,cherI=14
842,cherI=14
843,cherI=14
844,cherI=14
845,cherI=14
846,cherI=14
847,-
848,cherI=14
849,churI=14
850,cherI=14
851,-
852,cherI=14
853,cherI=14
854,cherI=14
855,cherI=14
856,cherIz=14
857,cherI=14
858,-
859,cherI=14
860,cherI=14
861,cherI=14
862,-
863,cherI=14
864,cherI=14
865,chirI=14
866,cherI=14
867,cherI=14
868,cherI=14
869,cherI=14
870,cherI=14
871,-
872,-
873,cherI=14
874,cherI=14
875,cherI=14
876,cherI=14
877,cherI=14
878,cherI=14
879,-
880,churI=14
881,cherI=14
882,cherI=14
883,cherI=14
884,-
885,cherI=14
886,cherI=14
887,churI=14
888,chirI=14
889,cherI=14
890,cherI=14
891,cherI=14
892,cherI=14
893,cherI=14
894,cherI=14
895,churI=14
896,-
897,-
898,-
899,-
900,chu{r}I=14
901,-
902,cherI=14
903,-
904,cherI=14
905,cherI=14
906,cherI=14
907,-
908,cherI=14
909,-
910,cherI=14
911,cherI=14
