Informant,Response
001,gerl
002,gurlz
003,gurl{z}
004,gur{l}z
005,gurlz
006,gur{l}
007,gurl
008,gurl
009,gurl
010,gurl
011,gurlz
012,gur{l}
013,gurl
014,gurl
015,gurl
016,gur{l}
017,gurl
018,gurl
019,gurl
020,gurl
021,gurl
022,gurl
023,gur{l}
024,gurl
025,gurl
026,gurl
027,gurl
028,gurl
029,gurl
030,gu{r}l
031,gurl
032,gurl
033,gur{l}z
034,gur{l}
035,gurl
036,gur{l}
037,gur{l}
038,gurl
039,gur[l]
040,gur{l}
041,gurl
042,gurlz
043,gurl
044,gurl
045,gurl
046,gur{l}z
047,-
048,gurl
049,gur[l]
050,gurlz
051,gur{l}
052,gurl
053,gurl{z}
054,gur{l}
055,gur{l}
056,gur[l]
057,gur{l}
057,gur[l]{z}
058,gur{l}
059,gurlz
060,gurl
061,gurlz
062,gurl{z}
062,gu{r}{l}
063,gur{l}
064,gur{l}z
065,gurl{z}
066,-
067,gurL=14
068,gur{l}
069,gur{l}
070,gur{l}
071,gurl{z}
072,gur{l}z
073,gur{l}z
074,gu[r]l
075,gurl
076,gu{r}l
077,gur[l]
077,gu[r]lz
078,gur{l}
079,gurl
080,gur{l}
081,gurl
082,gurlz
083,gurlz
084,gu[r]{l}
085,gurl
086,gurlz
087,gur{l}
088,gur{l}
089,-
090,-
091,gur{l}
092,gur{l}z
092,gu{r}{l}
093,gu[r][l]sh
094,gu[r]{l}
095,gur[l]{z}
096,gu[r]lz
097,gerl
097,gurl
098,gu[r][l]
099,gur{l}
100,gu[r][l]
101,gur{l}z
102,gurl
103,gurl{z}
104,gur{l}
105,gur{l}z
106,gurl
107,gurl{z}
108,gur{l}
109,gu[r]{l}
110,gu[r][l]z
111,gu{r}lz
112,-
113,gurl
114,gu[r]lz
114,gu[r]{l}
115,gu{r}{l}
116,gu[r]{l}
117,gu{r}{l}
118,gu{r}{l}
119,gu[r][l]z
120,gu[r]l
121,gu[r]{l}
122,gur{l}
123,gu[r]l
124,gur[l]z
125,gu{r}l
126,gu[r]l
127,gurl
128,gu[r]l
129,gurl
130,gurl
131,gu[r]lz
132,gu[r]l
133,gu[r]l
134,gu[r][l]{z}
135,gu{r}{l}
136,gu[r]l
137,gu{r}l
138,gu[r]l
139,gurl
140,gu[r]l
141,gurl
142,gu[r]lz
143,gu{r}{l}z
144,gur{l}
144,gu[r]{l}
145,gu[r]{l}
146,gurl
147,gu{r}{l}z
148,gurlz
149,gu[r]{l}
149,gu[r][l]
150,gurl
151,gurl{z}
151,gu[r]lz
152,gurl
153,gu{r}{l}
154,gurl
155,gurl
156,gu{r}{l}
157,gur{l}
158,gur{l}
159,gurl{z}
160,gu{r}l
161,gurl
162,-
163,gu[r]l
164,gur[l]{z}
165,-
166,-
167,gu{r}{l}
168,gur{l}
168,gu[r]{l}
169,gurl
169,gu[r]lz
170,gu[r]l
171,gurl{z}
172,gu[r]l
173,gurl
174,gu[r]l
175,gu{r}l
176,gu[r]l(z)
177,gur{l}z
178,gu{r}{l}
179,gur{l}z
180,gur{l}
181,gu[r]l
182,gu[r]l
183,gurl
184,gur[l]{z}
185,gur{l}z
186,gur{l}z
187,gur{l}
188,gu[r]{l}
189,gu[r]{l}
190,gu{r}{l}z
191,gur[l]{z}
192,gurl
193,gurlz
194,g{oo}{r}l
195,gurl
196,gu{r}{l}
197,gur{l}
198,gur{l}
199,gur[l]sh
199,gi[r][l]
200,gu{r}{l}
201,gurlz
202,gu{r}lz
203,gur{l}
204,gurl
204,gu[r]{l}
205,-
206,gur{l}
207,gur{l}z
208,gurlz
209,gurlz
210,gu[r]{l}
211,gurl
212,-
213,gu[r]{l}
214,gur{l}
214,gu[r]l
215,gu[r]{l}
216,gu{r}{l}
217,gurl
218,gur{l}
219,gurlz
220,gur[l]z
221,gurl
222,gu{r}{l}
223,gur{l}
224,gue[r]l
224,g{oo}[r][l]
225,gurl
226,gu[r]{l}
227,gur[l]z
228,gurlz
229,gurl{z}
230,gur{l}
231,gurl
232,gu{r}l{z}
233,gurl
234,gu[r]l
235,gurlz
236,gur{l}
237,gu{r}l
238,gurl
239,gur{l}
240,gur{l}z
241,gu[r]lz
242,gurlz
243,gur{l}
244,gu[r]{l}
245,gu[r]{l}
246,gu[r]l
247,gur{l}z
248,gur{l}
249,gur[l]
250,gu{r}lz
251,gu[r]l
251,gu{r}l
252,-
253,-
254,gur{l}z
255,gur{l}
256,gurl
257,gur{l}
258,gurl
259,gurl
260,gurl
261,gur[l]{z}
262,gurl
263,gu[r]{l}
264,gur{l}z
265,gu[r][l]z
266,gur{l}
266,gur[l]{z}
267,gur{l}
268,gu[r][l]
269,gur[l]{z}
270,gur(l)
271,gur{l}
272,gurlz
273,gur[l]
274,gurl{z}
275,gur{l}
276,-
277,gu[r]{l}z
278,gurlz
279,gur{l}
280,gur{l}z
281,gur[l]
282,gur{l}
283,gur[l]
284,gurl
285,gurlz
286,gur[l]{z}
287,-
288,gu{r}[l]
289,gurlz
289,gu{r}{l}z
290,gurlz
291,gurl
292,gurl
293,gur{l}
294,gurlz
295,gurl
295,gur{l}
296,gur{l}
297,gu{r}{l}
298,ge[r]lz
299,gu{r}{l}
300,gu{r}{l}
301,gu{r}{l}
302,gurl
303,gu{r}l
304,gur{l}
305,gurl
306,gurlz
307,gurlz
308,gurlz
309,gurl
310,gurl
311,gurl
312,gu[r]lz
313,gurlz
314,gu{r}{l}
315,gur{l}
316,gurlz
317,gur{l}z
317,gu{r}l
318,-
319,-
320,gurl
321,gurl
321,gu{r}{l}z
322,gurl
323,gurl
324,gurl
325,gur{l}
326,gur{l}
327,gu{r}l
328,gurl
329,gurl{z}
330,gu{r}{l}
330,gu[r]{l}
331,gu[r]l
332,gur(l)
332,goo{r}(l)
333,gurl
334,gurl
335,gur{l}z
336,gurlz
337,gu{r}l{z}
338,gur{l}z
339,gur{l}
340,gu[r][l]
341,gur{l}z
342,gurl
343,gur{l}
344,gu[r]l
345,gurl
346,gu[r]{l}z
347,gu{r}{l}
348,gurl
349,gu{r}l
349,gu[r]l
350,gurl
351,gurl{z}
352,gur{l}
353,gu[r]{l}
354,gur{l}
355,gur{l}
356,gur{l}z
357,gu{r}{l}
357,gu[r]{l}
358,gur{l}
359,gurl
360,gur{l}{z}
361,gur{l}
362,-
363,gurl
364,gu[r]l
365,-
366,gur{l}
367,gur{l}z
368,gur{l}{z}
369,gur[l]
370,gurlz
371,gur{l}
372,ge[r]lz
373,gi[r][l]
373,goo[r](l)z
374,gurlz
375,gurlz
376,gu{r}{l}z
377,gu[r]l
378,gur{l}
379,gurl
380,gu{r}l
381,gurl{z}
382,gu{r}lz
383,gur{l}z
384,gur{l}z
385,gu{r}{l}
386,gur{l}z
387,gur{l}z
388,gu[r]{l}
388,gu{r}[l]{z}
389,gur{l}
390,gur{l}
391,gur[l]
392,gu[r]l
393,gur{l}
394,gu{r}l{z}
395,gu{r}lz
396,gu{r}l
397,gur{l}
398,gur{l}
399,gu[r]{l}
400,-
401,gu[r]l
402,gu[r]{l}z
403,gu{r}l
403,gu[r]{l}
404,gu[r]l
404,gu[r][l]z
405,gur{l}
406,-
407,gurl
408,gurl{z}
409,gu[r][l]
410,gu[r]{l}
410,gu[r][l]z
411,gurlz
412,gu[r]l
413,gurlz
414,gir{l}
414,gur[l]{z}
415,gur{l}
416,gur{l}z
417,gu[r]{l}
418,gur{l}z
419,gur{l}
420,gu[r]lz
421,gue[r]{l}
421,gu{r}{l}z
422,gu[r]l
423,gur{l}
424,gu[r][l]{z}
425,gurlz
426,gur{l}
427,gurlz
428,gu{r}{l}
429,-
430,-
431,gurlz
432,gu[r]{l}
433,gurlz
434,gu[r]{l}
435,gur{l}z
436,gurl
437,gur{l}
438,gu[r]l
439,gurl
440,gurlz
441,gurlz
442,gi[r][l]{zh}
443,gurlz
444,gu{r}{l}
445,gur{l}
446,gur{l}z
447,gur{l}
448,gurl
449,gu[r]{l}
450,gu[r]l
451,gur{l}
452,gur[l]{z}
453,gru[r]{l}
454,gu{r}lz
455,gurl
456,gu{r}l
457,gur{l}
458,gur{l}
459,-
460,gu{r}lz
461,gurl
462,gur[l]
463,gurl
464,gu{r}{l}z
465,gu{r}l
466,gurlz
467,gurlz
468,gu[r]l
469,gurl
469,gu{r}l
470,gurl
471,gu[r]l
472,gu[r]{l}
473,gur{l}
474,gur{l}
475,gu[r]{l}
476,gur{l}z
477,gu[r]{l}
478,gu[r]l{z}
479,gu[r]l{z}
480,gur{l}
481,gu[r][l]
481,gurlz
482,gu[r]{l}
483,-
484,gur{l}
485,gur[l]z
486,gur{l}
487,-
488,gurl
489,gu{r}l
490,gurlz
491,gur{l}z
492,gurlz
493,gu{r}(l)z
494,-
495,gu[r]l
495,gu[r]{l}
496,-
497,gu{r}l
498,gur{l}
499,gu{r}l{z}
500,gur{l}
501,gur{l}
502,gurl{z}
503,gur{l}
504,gur{l}
505,gur{l}
506,gur{l}
507,gu[r]l
508,gur{l}
509,gu{r}l{z}
510,-
511,gurl
512,gu[r]{l}
513,gur{l}z
514,gur{l}z
515,gur{l}
516,gurlz
517,gurlz
518,gurl
519,gu{r}l
520,-
521,gu{r}lz
522,gurl
523,gurl
523,gu[r][l]{z}
524,gur{l}
525,-
526,gurl
527,gurlz
528,gu{r}{l}z
528,gu[r]{l}
529,gu{r}l
530,gu{r}l{z}
531,gurl
531,gu[r][l]z
532,gu[r]{l}
533,gurl
534,gu{r}{l}
535,gir[l]{z}
535,gur{l}{z}
536,gu{r}lz
537,gu[r]l
538,gur{l}
539,gur{l}z
540,gur{l}z
541,gurl
542,gu{r}lz
543,gu[r]lz
544,gu{r}l
545,gu[r]l
546,gur{l}
547,gur{l}
548,gur{l}z
549,gurlz
549,g{oo}{r}l
550,gu[r][l]
551,gurlz
552,gu{r}{l}
553,gu[r]{l}
554,gu[r]lz
555,gu[r]l
556,gu[r]l{z}
557,gur{l}
558,gur{l}
559,gurlz
560,gu[r][l]z
561,gur{l}
562,gur{l}
563,gu[r]{l}{z}
564,gur{l}z
565,gur{l}
566,gu[r][l]z
567,goo[r]lz
567,gu[r][l]
568,-
569,gu[r]l
570,gu[r]{l}
571,gur{l}
571,gu{r}{l}
572,gu{r}lz
573,gu[r][l]
574,gu[r]l
575,gu{r}{l}z
576,gurl
577,gu[r]l
578,gu{r}l
579,gu[r]{l}z
580,gu[r]{l}
581,gu{r}{l}z
582,gur{l}z
582,gu{r}{l}z
583,ge{r}l
584,gurl
585,gurl
586,gu[r]{l}
587,gu[r]{l}
588,gu[r]{l}
589,gu[r][l]z
590,gu[r]{l}
591,gurl
592,-
593,gu[r]l
594,gurl
595,gurl
596,gu[r]{l}
597,gurl{z}
598,gu{r}l{z}
599,gurlz
600,gur[l]
600,gur(l)
601,gur{l}
602,gur{l}
603,gurl
604,gur{l}
605,gur{l}
606,gu{r}l{z}
607,gu{r}{l}
608,gurlz
609,gu[r]{l}
610,gu[r][l]
611,goor{l}
611,goo[r][l]
612,gu[r]{l}z
613,gur{l}z
613,gu{r}{l}
614,gu[r]{l}
615,gur{l}
616,gur{l}z
617,gur[l]{z}
617,gu{r}[l]
618,gu{r}{l}
619,gu[r]l
619,gu[r]{l}
620,gur{l}
621,gur{l}z
622,gurl
623,gur{l}
624,gurl
625,gurl
626,gu[r]{l}z
627,gu[r]{l}
628,gur{l}
629,gur{l}
630,gur{l}
630,gu{r}{l}
630,gu[r]{l}
631,gurl
632,gur{l}
633,gur{l}
634,gur{l}
634,gu[r][l]
635,gurl
636,gurlz
637,gu[r]{l}
638,gu[r]lz
639,gu{r}lz
640,gu[r]{l}
641,gir{L}=14
642,-
643,gurlz
644,-
645,gu{r}l
646,gurl
647,gu[r]l
648,gu{r}l
649,gurl
650,gu[r]l
651,gu{r}{l}
651,gu[r]{l}z
652,gur{l}
653,gurlz
654,-
655,-
656,gur{l}
657,gur{l}
657X,gu[r]l{z}
657Y,gur{l}
657Y,gu{r}l
657Z,gurlz
657Z,gu{r}l
658,gur{l}
659,-
660,gu[r]l
661,gir[L]=14
661,gur[L]=14
662,-
663,gu{r}{l}z
664,gu[r]{l}z
665,gu[r][l]
666,gu[r]{l}{z}
667,gu{r}{l}
667,gu[r]{l}
668,gu{r}l
669,-
670,gurlz
671,gurl
672,gurl
673,gu[r]l
674,gurlz
675,gurl
676,gu{r}l
676,gu[r]l
677,gurlz
678,gur{l}
679,gur{l}dh
679,gur[l]{z}
680,gur{l}z
681,gur{l}{z}
682,gurlz
683,gurlz
684,-
685,gur{l}
686,-
687,gur{l}
688,gu[r]l
689,-
690,gu{r}l
691,gur[l]
692,gu{r}l
693,gurlz
694,gur{l}
695,gurlz
696,gu{r}{l}z
696,gu[r]{l}z
697,gu[r]l
698,gur{l}z
699,gu[r]{l}z
700,gur{l}
701,gur{l}
702,gurl
703,gurlz
704,gur{l}
705,gur{l}
705,gu{r}lz
706,gur{l}z
707,gur{l}z
708,gu{r}{l}{z}
709,gurlz
710,gur[l]{z}
711,gurl
712,gur[l]z
713,gurl
714,-
715,gurl
716,gu{r}l{z}
717,gurl
718,gu{r}l
719,gurl
720,gur{l}
721,gurlz
722,-
723,gurl
724,gur{l}z
725,-
726,gur{l}
727,gurlz
728,gu[r]l
729,gur{l}z
730,gur{l}
731,gurlz
732,gur{l}z
733,gur{l}z
734,gu{r}{l}z
735,gur{l}z
736,gurl
737,gurl
738,gur{l}{z}
739,-
740,gur{l}z
741,gurl
742,-
743,gur{l}z
744,gur{l}
745,-
746,gu{r}l{z}
747,gurl
748,gu[r]{l}
749,gurl
750,gur{l}
751,gurl{z}
752,gur{l}
753,gur{l}
754,gu{r}lz
755,gur{l}
756,gurl
757,gur{l}
758,gur{l}
759,-
760,gu{r}{l}z
761,gu[r]{l}
762,gurl
763,-
764,gu{r}l
765,gur{l}
766,gu{r}l
767,gurlz
768,gur(l)
769,gur{l}
770,gur{l}
771,gu[r]{l}
771,gu[r][l]
772,gurl
772,gu{r}{l}z
773,gu{r}{l}
773,gu[r]{l}z
774,gu[r]{l}
775,gu[r]l
776,gur{L}=14
777,gurlz
778,gur{l}
778,gu[r]{l}z
779,gur{l}
779,gur[l]z
780,gurlz
781,gu{r}{l}
782,gurl{z}
783,gurl{z}
784,gu[r]l
785,gur{l}
785,gur(l)
786,gur{l}
787,gur{l}
788,gu{r}{l}z
789,-
790,gur{l}z
791,gur{l}
792,gurl
793,gurlz
794,gurl
794,gur{l}
795,gu[r]lz
796,gur{l}
797,gur{l}
798,gu{r}l
799,gur{l}
800,gur{l}
801,gurl
802,gu{r}lz
803,gu[r]{l}
804,-
805,gu{r}l
806,gu[r]l
807,gur(l)
808,gu{r}l
809,gurl
810,-
811,gu[r][l]
812,gur{l}
813,gur{l}
814,gurl
815,gurl
816,gur{l}
817,gur{l}
818,-
819,gur{l}
820,gur{L}=14
821,gu[r]{l}
822,gurl
823,gur{l}
824,gur[l]
825,gu{r}L=14
826,gur{l}
827,gurl
827,gur{l}
828,gu[r]{l}
829,gu{r}l
830,gir[L]=14
831,gurl
832,gur{l}
833,gu{r}l
834,gur[l]{z}
835,gu{r}l
836,gu{r}l
837,gurlz
838,gu{r}{l}z
839,gur{l}
840,gurl{z}
841,gurl
842,gu[r]l
843,gu[r]{l}
844,gir[L]=14
845,gur{l}
846,gu{r}l
847,gur{l}
848,gur{l}z
849,gur{l}
850,gur{l}
851,gu{r}{l}{z}
852,gur[l]
853,gur{l}
854,gur{l}
855,gurl
856,gu[r]l
857,-
858,gur{l}
859,gur{l}
860,gu{r}l
861,gur{l}
862,gurlz
863,gur{l}
864,gu[r]l
865,gur{l}
866,gur{l}{z}
867,gu{r}l
868,gu[r]{l}
869,gur{l}
870,gur{l}
871,gu{r}{l}z
872,gu[r][l]
873,gur{l}
874,gur{l}
875,gu{r}{l}
876,gur{l}
877,gur{l}
878,gurl{z}
879,gu{r}{l}z
880,gu[r]{l}
881,-
882,-
883,gur{l}
884,-
885,gurlz
886,gur{l}
887,gurlz
888,gurldh
889,gu{r}l
889,gu{r}{l}
890,gur{l}
890,gu[r]{l}
891,gur{l}
892,gurl
893,gur{l}
894,gurl
895,gurl{z}
896,gu[r]l
897,-
898,gurlz
899,gurl{z}
900,gu{r}l
901,gu{r}lz
902,gurlz
903,gu[r]l
904,-
905,gur{l}
906,gur{l}
907,gurl
908,gu{r}l
909,gurlz
910,gu{r}l
911,gurl
