Informant,Response
001,!groe
001,*groed
001,#groed
002,#groen
003,#groed
004,*grue
004,#groen
004,#groed
005,!groe
005,#groen
006,!groe
006,*grue
006,#groen
007,!groe
007,*grue
007,#groen
008,#groeN=14
009,*groed
009,#groed
010,!groe
010,*grue
010,#groen
011,!groe
011,*grue
011,#groen
012,*groed
012,#groend
013,#groen
014,#groen
015,#groen
016,!groe
016,@groeNG=14
016,*grue
016,#groen
017,-
018,!groe
018,#groed
019,!groe
019,*grue
019,#groen
020,-
021,*groed
022,!groe
022,*grue
022,#groen
023,*groed
023,#groed
024,-
025,!groe
025,#groed
026,!groe
026,*groed
027,*grue
027,#groen
028,*groed
029,#groen
030,-
031,*grue
032,-
033,!groe
033,*grue
033,#grawn
034,-
035,*grue
036,!groe
036,*groed
036,#groed
037,*grue
038,!groe
038,*grue
038,*groed
039,!groe
039,*grue
039,#groen
040,!groe
040,*grue
040,#groen
041,*groed
041,#groed
042,!groe
042,*grue
042,#groen
043,*grue
044,&groez
044,*groed
044,#groed
045,!groe
045,*grue
045,#groen
046,*grue
046,#groen
047,!groe
047,#groed
048,!groe
048,*grue
048,#groen
049,!groe
049,*grue
049,#groen
050,-
051,!groe
051,*grue
051,#groen
052,#groed
053,!groe
053,@groeN=14
053,*grue
053,#groen
054,*groed
055,!groe
055,@groeNG=14
055,*grew
055,#groen
056,!groe
056,*grue
056,#groen
057,!groe
057,@groeNG=14
057,*grue
057,#groen
058,!groe
058,*grue
058,#groen
059,!groe
059,&groez
059,*groed
059,#groed
060,@groeNG=14
060,*grew
060,#grawn
061,*grue
061,*groed
061,*grued
061,#groen
062,!groe
062,*grue
062,#groen
063,@groeN=14
063,*grue
063,#groen
064,!groe
064,*groed
065,-
066,!groe
066,*grue
066,#grawn
067,-
068,@groewN=14
068,*grue
068,*grew
068,#groen
069,&groez
069,@groeN=14
069,*grue
069,*groed
069,#groed
070,!groe
070,*grue
070,#groen
071,!groe
071,*grue
071,*groed
071,#groen
071,#groed
071,#grue
072,!groe
072,&groez
072,*groed
072,#groen
073,!groe
073,*grue
073,#groen
074,!groe
074,*grue
074,#groen
075,!groe
075,*grue
075,#groen
076,*grue
076,#groen
077,!groe
077,*grue
077,#groed
078,!groe
078,*grue
078,#groen
079,!groe
079,*grue
079,#groen
080,*groed
080,#groen
080,#droen
081,!groe
081,*grue
081,*groen
081,#groen
082,*groed
083,!groe
083,*groed
083,#groen
084,!groe
084,&groez
084,#groen
085,!groe
085,#groen
086,!groe
086,*grue
086,#groen
087,!groe
087,*grue
087,#groen
088,!groe
088,*groed
088,#groed
089,!groe
089,&groedh
089,@groeing=13
089,#groen
090,!groe
090,*grue
090,*groed
091,-
092,!groe
092,@groeN=14
092,#groen
093,!groe
093,#groen
093,#groed
094,!groe
094,#groen
095,!groe
095,*grew
095,#groen
096,!groe
096,&groez
096,*grue
096,#groen
097,!groe
097,*grue
097,#groen
098,!groe
098,*groez
098,#groen
098,#groeN=14
099,!groe
099,*grue
099,#groen
100,!groe
100,*grue
100,#groen
101,!groe
101,*grue
101,#groen
102,*grue
102,#groen
103,!groe
103,*grue
103,#groen
104,!groe
104,*grue
104,#groen
105,!groe
105,#groen
106,!groe
106,*grue
106,#groen
107,!groe
107,@groeN=14
108,!groe
108,*grue
108,#groen
109,!groe
109,*grue
109,#groen
110,*grue
110,#groen
111,*groed
111,#groen
112,!groe
113,!groe
113,*groed
114,#groen
114,#groed
115,!groe
115,*grue
115,#groed
116,-
117,*grue
117,#groen
117,#groed
118,*grue
118,#groen
119,!groe
119,#groen
119,#groed
120,!groe
120,*grue
120,#groen
121,#groen
122,#groed
123,*grue
123,#groen
124,*grue
125,-
126,&groe
126,*grue
126,*groed
126,#groen
127,*grue
127,#groen
128,*groed
128,*groen
129,!groe
129,*grom
129,#groen
130,*grue
130,#groen
131,@groewN=14
131,*grue
131,#groen
131,#groeN=14
132,!groe
132,*grue
132,#groen
133,-
134,@groewN=14
134,*groed
134,#groen
134,#groed
135,*grue
135,#groen
136,!groe
136,*grue
136,#groen
136,#groe
137,!groe
137,*grue
137,#groen
138,!groe
138,*groed
138,#groen
138,#groed
139,!groe
139,*grue
139,#groen
140,*owtgroed=21
141,!groe
141,*grue
141,#groen
142,*grue
142,#groen
143,!groe
143,*grue
143,#groen
144,!groe
144,*grue
144,#groen
145,*grue
145,#grawn
146,!groe
146,*grue
146,#groen
147,!groe
147,*grue
147,#groen
148,@groeN=14
148,#groen
149,!groe
149,*grue
149,#groen
149,#groed
150,!groe
150,*grue
150,*groed
150,#groen
150,#groed
151,!groe
151,&groez
151,#groed
152,#groen
153,#groen
154,*groed
154,#groen
155,*grue
156,!groe
156,*grue
156,*groed
156,#groen
157,*grue
157,#groen
158,-
159,*grue
159,#groen
160,&groez
160,#groen
161,!groe
161,*grue
162,!groe
162,#groed
163,!groe
163,*grue
163,#groen
164,!groe
164,*grue
164,#groen
165,!groe
165,*groed
165,#groen
166,!groe
166,*groed
166,#groed
167,!groed
167,#grawn
168,*grue
168,#groen
169,&groe
169,#groen
170,!groe
170,*grue
170,#groen
171,-
172,!groe
172,#groen
173,*grue
173,#groen
174,*grew
174,#groen
175,!groe
175,*grue
175,#groen
176,*grue
177,#groen
178,&groez
178,*groed
178,#groed
179,!groe
180,!groe
180,*groed
180,#groewN=14
181,*grue
182,#groen
183,!groe
183,*grue
183,*groed
183,#groen
184,!groe
184,*grue
184,#groen
185,&groez
185,*grew
185,#groen
186,&groez
186,@groeN=14
186,*grue
186,#groen
187,!groe
187,*grue
187,*groed
187,#groen
188,!groe
188,*groed
188,#groed
189,!groe
189,*grue
189,#groen
190,!groe
190,&groez
190,*grue
190,*groed
190,#groen
191,!groe
191,&groez
191,*grue
191,*grew
191,#groen
192,*groed
192,#groen
192,#groeN=14
192,#groed
193,*groed
193,#groen
194,!groe
194,#groen
194,#groed
195,*grue
195,#groen
195,#groed
196,*grue
196,#groen
197,*groed
197,#groen
198,!groe
198,*grue
198,*groed
198,#groed
198,#grew
199,!groe
199,*grue
199,*groed
199,#hoemgroen=13
200,!owtgroe=31
200,#groen
201,*grue
201,#grawn
202,#groen
203,!groe
203,*grew
203,*groen
203,#groen
204,!groe
204,*grue
204,#groen
205,!groe
205,*grue
205,#groed
206,!groe
206,*groed
206,#groed
207,!groe
207,#groen
208,!groe
208,*grue
208,#groed
209,!groe
209,*grue
209,#groen
210,*groed
210,#groen
210,#groed
211,!groe
211,*grue
211,*groen
211,#groen
212,!groe
213,#groen
214,-
215,!groe
216,*grue
216,#groen
217,!groe
217,#groen
218,*groed
218,#groen
219,!groe
219,@groeN=14
219,*groed
219,#groed
220,!groe
220,@groein=13
220,*grew
220,#groen
221,#groen
221,#groed
222,!groe
222,*groed
222,#groen
222,#groed
223,!groe
223,*grue
223,*groed
223,*grued
223,#groen
223,#owtgroed=31
224,!groe
224,*grue
224,#groen
224,#groed
225,&groez
225,*groed
225,#groen
226,!groe
226,#groen
226,#grawn
227,!groe
227,*grue
227,#groen
228,!groe
228,*grue
228,#groen
229,*grue
229,#groen
230,#groen
231,*grue
231,#groen
232,!groe
232,*grue
232,#groen
233,!groe
233,*grue
233,#groen
234,!groe
235,!groe
235,*groed
236,#groed
237,!groe
237,@groeN=14
237,*groed
237,#groed
238,!groe
238,*groed
239,!groe
239,*grue
239,#groen
240,!groe
240,*grue
240,#groen
241,-
242,!graw
242,@groeN=14
242,*grue
242,#grawn
243,!groe
243,*grue
243,#groen
244,@groeN=14
245,!groe
245,*grue
245,#groen
246,*groed
246,#groed
247,!groe
247,*grue
247,#groen
248,!groe
248,&groez
248,*grue
248,#groen
248,#groed
249,*grew
249,#groen
250,!groe
250,*groed
250,#groed
251,-
252,&groez
252,*groed
253,*grue
253,#groen
254,!groe
254,#groen
255,!groe
255,#groen
256,!groe
256,*groed
256,#groen
256,#groed
257,!groe
257,*grue
257,*groed
257,#groed
258,*groed
258,*grued
259,*grue
259,#groen
260,!groe
260,#groen
260,#groed
261,!groe
261,*grue
261,#groen
262,#groen
263,!groe
263,*grue
263,#groen
264,!groe
264,#groen
264,#grawn
265,!groe
265,*groed
265,#groen
266,!groe
266,@groewNG=14
266,*grue
266,#groen
267,&groez
267,*groed
267,#groen
268,-
269,!groe
269,&groezh
269,*grue
269,*groed
269,#oevAgroen=143
270,!groe
270,*grue
270,#groen
271,!groe
271,*grue
271,#groen
271,#grawn
272,!groe
272,*grue
272,#groen
273,!groe
273,*grue
273,#groen
274,!groe
274,*grue
274,#groen
275,!groe
275,#groen
276,!groe
276,*groed
277,*grue
277,#groen
278,!groe
278,*grue
278,#groen
279,*grue
279,#groen
280,!groe
280,*grue
280,#grawn
281,!groe
281,*grue
281,#groen
282,-
283,!groe
283,!gru
283,#groen
284,!groe
284,@groeNG=14
284,*grue
284,#groen
285,!groe
285,@groeNG=14
286,!groe
286,*grue
286,#groen
287,#groen
288,!groe
288,*grue
288,#groen
289,!owtgroe=31
289,&groez
289,*grue
289,#groen
290,!groe
290,#groen
290,#groed
291,!groe
291,*grue
291,#groen
292,!groe
292,*grue
292,*groed
293,&groez
293,*groen
293,#groen
294,!groe
294,*grue
294,#groen
295,!groe
295,@groeN=14
295,*groed
295,*grued
295,#groed
296,*grue
296,#groen
296,#groed
297,!groe
297,*grue
297,#groen
298,*groed
299,!groe
299,*groed
299,#groed
300,!groe
300,*grue
300,#groen
301,*groed
302,!groe
302,*groed
302,#groed
303,#groed
304,!groe
304,*groed
304,#groed
305,!groe
305,*grue
305,#groen
306,*grue
306,#groen
307,!groe
307,*grue
307,#groen
308,-
309,@groeNG=14
310,#groen
311,-
312,#groen
313,-
314,*grue
314,#groen
315,#groen
316,#groen
316,#groed
317,!groe
317,*groen
318,!groe
318,*grue
318,*groed
318,#groen
318,#grue
319,#groed
320,!groe
320,#groed
321,!groe
321,*grue
321,#groen
322,!groe
322,*grue
322,#groen
323,!groe
323,*grue
323,#groen
324,&groez
324,#groen
325,!groe
325,*grue
325,#groen
326,&groez
326,*grue
326,#grue
327,!groe
327,*grue
327,#groen
328,!groe
328,*grue
328,#groen
329,!groe
329,*grue
329,#groen
330,!groe
330,*grue
330,*grew
330,*groed
330,#groen
330,#groed
331,-
332,!groe
332,&groedh
332,&groe
332,*grue
332,#groen
333,!groe
333,#groed
334,!groe
334,*grue
334,#groen
335,-
336,!groe
336,*grue
336,#groen
336,#groed
337,-
338,!groe
338,&groez
338,*grue
338,#grawn
339,-
340,!groe
340,#groed
340,#groe
341,-
342,!groe
342,*grew
343,!groe
343,*grue
343,#groen
344,!groe
344,*groed
344,#groen
344,#groed
345,!groe
345,*grue
345,#groen
346,@groeN=14
346,*grue
346,#groen
347,#groen
348,!groe
348,&groez
348,*groed
348,#groen
349,*groed
349,#groen
349,#groed
350,*grue
350,#groen
351,*grue
351,#groen
352,!groe
352,&groez
352,@groeNG=14
352,*grew
352,#groen
353,!groe
353,*groed
353,#groen
354,*groed
354,#groen
355,&groez
355,#groen
356,*grue
356,#grawn
357,!groe
357,*grue
357,#groen
358,!groe
358,#groen
359,!groe
359,*grue
359,#graw[n]
359,#groed
359,#grue
360,@groewNG=14
360,*grue
360,#groen
361,*grue
362,#groen
363,*groed
363,#groen
364,!groe
364,@groeN=14
364,#groen
364,#groed
365,!groe
365,#groen
366,!groe
367,!groe
367,*groed
368,*grue
368,#groen
369,!groe
369,#groen
370,!groe
370,*grue
371,*grue
372,*grue
372,#groen
373,!groe
373,&groez
373,*grue
373,#groen
374,!groe
374,*grue
374,#groen
375,-
376,#groen
377,#groen
378,-
379,*grue
379,#groen
380,!groe
380,*grue
380,#groed
380,#groen
381,!groe
381,*grue
382,!groe
383,!groe
383,*grue
383,#grawn
384,!groe
384,&groez
384,@groeing=13
384,*grue
384,#groen
385,#groen
385,#groed
386,!groe
386,*grue
386,#groen
387,!groe
387,@groewNG=14
387,*grue
387,#groen
388,!groe
388,*groed
388,#groen
388,#groed
389,!groe
389,*grue
389,#groen
390,@groeN=14
390,*grue
390,#groen
391,!groe
391,*grue
391,#groen
392,!grue
393,*grue
393,*grew
393,#groen
394,!groe
394,#groen
395,!groe
395,@groeN=14
395,#groen
396,-
397,!groe
397,*grue
397,#groed
398,*grue
398,#groen
399,!groe
399,#groen
400,@groeN=14
400,*grue
400,*groen
400,#groen
401,!groe
401,#groen
402,!groe
402,*grue
402,*groed
402,#groen
402,#groed
403,!groe
403,*grue
404,!groe
404,*grue
404,#groen
405,!groe
405,*grue
405,#groen
406,!groe
407,!groe
407,*grue
407,#groen
408,!groe
408,*grue
408,#groen
409,-
410,!groe
410,*grue
410,#groen
411,!groe
411,*grue
411,#groen
411,#groed
412,!groe
412,&groez
412,@groewN=14
413,*grue
413,#groen
414,!groe
414,*grue
414,#groen
415,*grue
415,*groed
415,#groen
415,#groed
416,@groeN=14
416,#groen
416,#grue
417,-
418,!groe
418,*grue
418,#groen
419,!groe
419,*grue
419,#groen
420,!groe
420,@groeN=14
420,*groed
421,#groen
422,!groe
423,*grue
423,#groen
424,*grue
424,#groen
425,!groe
425,*grue
426,!groe
426,&groez
426,*groed
426,#groed
427,!groe
427,*grue
427,#groen
428,!groe
428,*grue
428,#groen
429,!groe
429,*grue
429,#groen
430,-
431,!groe
431,#groen
431,#groed
432,!groe
432,*groed
432,#groen
432,#groed
433,!groe
433,*grue
433,#groen
434,!groe
434,*grue
434,*groed
434,#groen
435,!groe
435,*grue
435,#groen
436,!groe
436,*grue
436,*groed
436,#groen
437,!groe
437,*grue
437,#groen
438,!groe
438,#groen
439,#groed
440,!groe
440,*grue
440,#groen
441,*groed
441,#groen
442,!groe
442,*groed
442,#groen
442,#groed
443,!groe
443,@groeN=14
443,*grue
443,#groen
444,!groe
444,@groeN=14
444,#groen
445,!groe
445,*grue
445,#groen
446,@groewN=14
446,#groen
447,!groe
447,#groen
447,#groed
448,!groe
448,*grue
448,#groen
449,#groen
450,&groez
450,#groen
451,!groe
451,*groed
451,#groed
452,!groe
452,*grue
452,#groen
453,!groe
453,*groed
454,-
455,*grue
455,#groen
456,!groe
456,#groen
457,!groe
457,*grue
457,#groen
458,!groe
458,*grue
458,#groen
459,*groed
460,*groed
460,#groed
461,*grue
461,*groed
461,#groen
462,!groe
462,*grew
462,*groed
462,#groen
462,#groed
463,!groe
463,*grue
463,#groen
464,&groez
464,#groen
465,!groe
465,#groen
465,#groed
466,!groe
466,*grue
466,#groen
467,!groe
467,&groez
467,*groed
467,#groed
468,!groe
468,#groen
468,#groed
469,!groe
469,*groed
469,#groen
470,*grue
470,*groed
470,#groen
471,*grue
471,#groen
472,!groe
472,*grue
472,#groen
472,#groed
473,!groe
473,*grue
473,#groen
474,!groe
474,*grue
474,#groen
475,*grue
476,!groe
476,*grue
477,-
478,!groe
478,#groen
479,!groe
479,#groen
480,*grue
480,#groen
481,!groe
481,*groed
482,&groez
483,-
484,-
485,!groe
486,!groe
486,#groen
487,*grue
487,#groen
488,*groed
488,#groed
489,!groe
489,*groed
489,#groen
490,!groe
490,*grue
490,#groen
491,&groez
491,*groed
492,!groe
492,*groed
492,#groen
492,#groed
493,!groe
493,*grue
493,*groed
494,*grue
495,!groe
495,*groed
495,#groen
496,@groeNG=14
497,*grue
497,#groen
498,!groe
498,#groen
499,*grue
500,!groe
500,*grue
500,*groed
500,#groen
501,!groe
501,*grue
501,#groen
502,*grue
502,#groen
503,!groe
503,*groed
503,#groed
504,!groe
504,#groen
505,!groe
505,*grue
505,#groen
506,!groe
506,*grue
507,!groe
507,*grue
507,#groen
508,!groe
508,*grue
509,!groe
509,*grue
509,#groen
510,!groe
510,*grue
510,#groen
511,*grue
512,-
513,*groed
513,#groen
514,@groeN=14
514,#groen
515,!groe
515,*grue
515,#groen
516,!groe
516,*grue
516,#groen
517,!groe
517,*grue
517,#groen
518,#groen
519,#groen
520,-
521,#groen
522,!groe
522,*grue
522,#groen
523,!groe
523,*groe
523,#groen
524,!groe
524,*grue
524,#groen
525,*grue
526,*grue
527,!groe
527,*grue
527,#groen
528,!groe
528,&groez
529,#groen
530,!groe
531,!groe
531,@groeN=14
532,!groe
532,*groed
532,#groed
533,!groe
533,*grue
533,#groen
534,!groe
534,@groeN=14
534,*(g)roed
534,#groen
535,!groe
535,*grue
535,*grew
535,#groen
536,-
537,!groe
537,*groed
537,*groe
538,*grue
538,#groen
539,&groez
539,*grue
539,#groen
540,-
541,@groeN=14
541,#groen
542,*groed
542,#groen
543,*groed
544,!groe
545,!groe
546,@groeN=14
546,*grue
547,!groe
547,*grue
547,*groed
547,#grawn
548,!groe
548,*groed
548,#groed
549,*grue
549,#groen
550,!groe
550,*groed
551,!groe
551,*grue
551,#groen
552,&groez
553,!groe
553,*grue
553,#groen
554,!groe
555,-
556,#groen
557,!groe
557,*grue
557,#groen
558,!groe
558,*grue
558,#groen
559,!groe
559,*grue
559,#groen
559,#groed
560,*grue
560,#groen
561,*groed
561,#groen
562,!groe
562,&groez
562,@groewN=14
562,*grue
562,#grawn
563,!groe
563,*grue
563,#groen
564,!groe
564,*grue
564,#groen
565,!groe
565,*groed
565,#groen
565,#groed
566,!droe
566,*groed
566,#groen
567,!groe
567,&groez
567,*grue
567,#groen
568,*grue
569,!groe
569,*groed
569,#groed
570,!groe
571,!groe
571,*grue
571,*grawd
571,#groeN=14
572,!groe
572,#groen
572,#groed
573,!groe
573,*grue
573,#groen
573,#groed
574,!groe
574,*grue
575,!groe
575,*grue
575,#groen
576,-
577,*groed
577,#groen
578,#groed
579,*grue
580,!groe
580,*groed
580,#groe[n]
581,#groen
582,!groe
582,*grue
582,*groed
582,#groen
582,#groed
583,-
584,!groe
584,*grue
585,!groe
585,&groez
586,!groe
587,#groen
587,#groed
588,!groe
588,#groen
588,#groed
589,!groe
589,#groen
590,*grue
591,!groe
591,*grue
591,#groen
592,&groez
593,!groe
593,*grue
594,#groed
595,!groe
595,#groen
596,!groe
596,*groed
596,#groen
596,#groed
597,!groe
597,*groed
597,#groen
598,!groe
598,*grue
598,#groen
599,!groe
599,*grue
599,#groen
600,!groe
600,@grueN=14
600,*grue
600,*groed
600,#groen
600,#grued
601,*grue
602,!groe
602,*grue
602,*groo
602,#groen
603,!groe
603,*owtgroed=31
603,#groed
604,&groez
605,!groe
605,*grue
605,#groen
606,*groed
606,#groen
607,!groe
607,*groed
607,#groed
608,!groe
608,*grue
608,#groen
609,!groe
609,*grue
609,*groed
609,#groen
609,#groed
610,!groe
610,#groen
611,!groe
611,@groeN=14
611,*grue
611,#groen
612,!groe
612,#grawn
613,!groe
613,&groez
613,*grue
613,#groen
614,#groen
615,!groe
615,*grue
615,#groen
616,!groe
616,*grue
616,*groed
616,#groed
617,!groe
617,*grew
617,#groen
618,!groe
618,@groeNG=14
618,*grue
619,-
620,*grue
620,#groed
621,!groe
621,*grue
621,#groen
622,!groe
622,*grue
622,#groen
623,!groe
623,*grue
623,#groen
624,!groe
624,*grue
624,#groen
625,!groe
625,*groed
625,#groen
625,#groed
626,!groe
626,#groen
627,!groe
627,*groed
627,#groed
628,*groed
628,#groen
629,*grue
629,#groen
630,!groe
630,!grue
630,*grue
630,*groed
631,!groe
631,*grue
632,-
633,-
634,!groe
634,*grue
634,*groed
634,#groen
635,#groen
636,*groed
636,#groed
637,!groe
637,#groen
638,*grue
638,#groen
639,!groe
639,*groed
639,#groen
640,!groe
640,*groed
640,#groen
640,#groed
641,!groe
641,*grue
641,#groen
642,-
643,!groe
643,*grue
643,#groen
644,@groeN=14
644,*grue
645,-
646,!groe
646,@groeN=14
646,*grue
646,#groen
646,#groed
647,!groe
648,*grue
648,#groen
649,!groe
649,*grue
649,#groen
650,!groe
650,*grue
650,#groen
651,*grue
652,!groe
652,*grue
652,#groen
653,!groe
653,*grue
654,!groe
654,*grue
654,#groen
655,#groen
656,!groe
656,*grue
656,#groen
657,!graw
657,*grue
657,#groen
657X,!groe
657Y,!groe
657Y,*grue
657Y,#groen
657Z,!groe
657Z,*grue
657Z,#groen
658,!groe
659,!groe
659,&groez
659,*grue
660,#groed
661,&groez
661,@groeN=14
661,*grue
661,#groen
662,!groe
662,*grue
662,#groen
663,!groe
663,*groed
663,#groed
664,#grue
665,-
666,*groed
667,!groe
667,*groed
667,*grued
667,#groen
668,@groeN=14
668,*grue
668,#groen
669,!groe
670,&groez
670,@groeN=14
670,*grue
671,*grue
671,#groen
672,!groe
672,*groed
673,!groe
673,*grue
673,#groen
674,!groe
674,*groed
674,#groed
675,@groeN=14
675,#groen
676,*groed
676,#groen
677,!groe
677,*grue
677,#groen
678,*grue
678,*groed
678,#groeN=14
679,@groeN=14
679,*grue
679,#groen
680,*grue
680,#groen
681,!groe
681,*grue
681,*groe
682,!groe
682,*grue
682,#groen
682,#groed
683,!groe
683,*grue
683,#groen
684,!groe
684,*groed
684,#groen
685,!groe
685,@groeNG=14
685,*grue
685,#groen
686,!groe
686,*groed
687,!groe
687,*groed
687,#grawn
688,!grue
688,*groed
688,#groed
689,&groez
689,*grue
689,#groen
690,-
691,-
692,*grue
692,#groen
693,*grue
693,#groen
694,*grue
694,#groed
694,#grue
695,!groe
695,*grue
695,#groen
696,*grue
696,*grew
696,#groen
697,!groe
697,*groed
697,#groen
697,#groed
698,&groez
699,*grue
700,!groe
700,*grue
700,#groen
701,!groe
701,#groed
702,!groe
702,@groeN=14
702,#groen
703,!groe
703,*grue
704,!groe
704,*grue
704,#groen
705,!groe
705,*grue
705,#groen
706,-
707,*grue
707,#groen
708,@groeN=14
708,*grue
708,#groen
709,*grue
709,#groen
709,#grown
710,*grue
710,#groen
711,*grue
711,#groen
712,*grue
712,#groen
713,!groe
713,*grue
713,#groen
713,#grue
714,*groed
715,#groen
716,!groe
716,#groed
717,*grue
717,#groen
717,#groed
718,!groe
718,*groed
718,#groen
719,!groe
719,*grue
720,*grue
721,*groed
722,*groed
723,!groe
723,*groed
723,#groed
724,#groen
725,@groeN=14
726,@AgroeN=414
726,*groed
726,#groen
727,!groe
727,#groen
727,#groed
728,*grue
728,#groen
729,#groen
730,#groen
731,!groe
731,#groen
732,!groe
732,@groeN=14
732,*grue
732,#groen
733,!groe
733,*groed
734,*grue
734,*groed
734,#groen
735,!groe
735,@groeing=12
735,*grue
735,#groen
736,*grue
737,!groe
737,*groed
737,#groen
737,#groed
738,*grue
738,#groen
739,-
740,&groez
740,*grue
740,#groen
740,#groed
741,!groe
741,*grue
741,#groen
742,-
743,!groe
744,!groe
744,*grue
744,*groed
744,#groen
745,*grue
746,!groe
746,*groo
747,!groe
747,*grue
747,#groen
748,!groe
748,*grue
748,*groed
749,#groen
750,!groe
751,!groe
751,*grue
751,#groen
752,!groe
752,*grue
752,*groed
752,#owtgroen=31
753,!groe
753,*grue
753,#groen
754,!groe
755,-
756,!groe
756,*groed
756,#groen
757,!groe
757,&groez
757,*grew
757,#groen
758,!groe
758,#groen
759,*groed
759,*owtgroe=21
759,#groen
760,@groeN=14
761,!droe
761,*droe
761,#groen
761,#droed
762,!groe
762,*grue
762,#groen
763,*grue
764,*groed
764,#groen
764,#groed
765,*grue
765,#groen
766,!groe
766,*groen
766,#groen
767,!groe
767,@groeNG=14
767,*grue
767,#groen
767,#groed
768,@groeN=14
768,*groed
768,#groe
769,!groe
769,@groeN=14
769,*grue
769,#groen
770,!groe
770,*grue
770,#groen
771,!groe
771,#groe[n]
771,#groed
772,!groe
772,@groeN=14
772,*groed
772,#groed
773,!groe
773,*groed
773,#groed
774,*groed
775,!groe
775,*groed
775,#groed
776,@groeNG=14
776,@groeN=14
776,*grue
776,#groen
777,!groe
777,*grue
778,*grue
778,#groen
779,-
780,!groe
780,*grue
780,#groen
781,!groe
781,@groeN=14
781,*grue
781,*groed
782,!groe
782,*groed
782,#groen
783,!groe
783,*groed
783,#groen
784,*groed
784,#groen
784,#groed
785,!groe
785,*grue
785,#groen
786,*groed
786,#groed
787,!groe
787,*grue
787,#groen
788,!groe
788,@groeNG=14
788,#groen
788,#groed
789,!groe
789,*grue
789,*groed
789,#groed
790,!groe
790,&groez
790,*groed
790,#groed
791,!groe
791,*groed
791,#groen
791,#groed
792,@groeN=14
792,*groed
792,#groen
793,!groe
793,*grue
793,*groed
794,!groe
794,*grue
794,#owtgroed=21
795,!groe
795,*grue
795,#groen
796,!groe
796,*grue
796,*groed
796,#groen
797,!groe
797,*groed
798,!groe
798,#groen
799,*grue
799,#grawn
800,!groe
800,@groeN=14
800,*groed
800,#groen
801,!groe
801,@groeNG=14
801,#groen
801,#grawn
802,!groe
802,*groed
803,-
804,#groen
805,!groe
805,*groe
805,#groen
806,*grue
806,#groen
807,!groe
807,!groez
807,&groez
807,*grue
807,*groed
808,*groed
808,#groed
809,*grue
809,#groen
810,!groe
810,*grue
810,#groen
811,!groe
811,*grue
811,*groe
811,#groe[n]
812,!groe
812,*groed
812,#groen
812,#groed
813,!groe
813,*grue
813,*groed
813,#groen
814,!groe
814,*grue
814,#groen
815,&groez
815,*grue
816,*grue
816,#groen
817,!groe
817,*grue
817,*groed
817,#groen
817,#groed
818,!groe
819,*grue
819,*groed
819,#grawn
820,*grew
820,#groen
821,!groe
821,*groed
821,#groed
822,!groe
822,*grue
822,#groen
823,*groed
823,#groen
824,!groe
824,@groeing=13
824,*grew
824,*groo
824,#groen
825,!groe
825,*grue
825,*groed
825,#groen
826,*grue
826,#groen
827,*grue
827,#groed
828,*groed
828,#groed
829,*grue
829,#groen
830,!groe
830,@groeN=14
830,*grue
830,#groen
831,*grue
831,#groen
832,#groen
833,*grue
833,#groen
834,!groe
834,*grue
834,#groen
835,!groe
835,*groed
835,#grued
836,*grue
836,*groed
836,#groed
837,#groen
838,!groe
838,*groed
838,#groen
839,!groe
839,*groed
839,#grue
840,!groe
840,*grue
840,*groed
840,#groed
841,-
842,!groe
842,*grue
842,#groen
843,!groe
843,*grue
843,#groen
844,!groe
844,*grue
844,*grew
844,#groen
845,!groe
845,*grue
845,#groen
846,!groe
846,*grue
846,*groo
846,#groen
847,*grue
847,#groen
848,!groe
848,*grue
848,*groed
849,!groe
849,*groed
849,#groen
850,!groe
850,*grue
850,#groen
851,!groe
851,@groeN=14
852,!groe
852,*grue
853,!groe
853,*grue
853,#groen
854,!groe
854,#groen
855,!groe
855,*grue
855,*groed
855,#groen
856,!groe
856,*grue
856,*groed
856,#groen
856,#groed
857,*grue
857,#groen
857,#grawn
858,&groez
858,*grue
858,#groen
859,!groe
859,*grue
859,#groen
860,*groed
860,#groen
860,#groed
861,*grue
861,#groen
862,-
863,!groe
863,*grue
863,#groen
864,*groed
864,#groed
865,!groe
865,*grue
865,*groed
865,#groen
866,!groe
866,*grue
866,#grue
867,@groeNG=14
867,*grue
867,#groen
868,!groe
868,*grue
868,*grew
868,#groen
869,!groe
869,*grue
869,#groen
870,!groe
870,*grue
870,#groen
871,#groen
872,#groen
873,!groe
873,*grue
873,#groen
874,!groe
874,*grue
874,#groen
875,!groe
875,@groeN=14
875,*grue
875,#groen
876,!groe
876,*grue
876,#groen
877,!groe
877,@groewNG=14
877,*grue
877,#groen
878,*grue
878,#groen
879,&groez
880,!groe
880,*grue
880,#groen
881,!groe
881,*grue
881,#groen
882,!groe
882,*groed
882,#groen
882,#groed
883,!groe
883,*grue
883,*grew
883,#groen
884,!groe
884,*grue
885,!groe
885,*grue
885,#groen
886,&groez
886,*grue
886,#groen
887,!groe
887,*grue
887,#groen
888,!groe
888,@groeN=14
888,*groed
888,#groen
889,!groe
889,*grue
889,#groen
890,@groeN=14
890,*groo
890,#groen
891,!groe
891,*grue
891,#groen
892,!groe
892,*grue
893,!groe
893,*grue
893,#groen
894,!groe
894,@groeNG=14
894,*grue
894,#groen
895,!groe
895,*grue
895,#groen
896,!groe
897,-
898,#grawn
899,!groe
899,*grue
899,#groen
900,*grue
900,#groen
901,!groe
901,*groo
901,#groen
902,!groe
902,*grue
902,#groen
903,&groez
903,*grue
903,#groen
904,-
905,!groe
905,*grue
905,#groen
906,!groe
906,*grue
906,#groen
907,!groe
908,!groe
908,*grue
908,#groen
909,*grue
910,!groe
910,*grue
910,*groe
910,#groen
911,!groe
911,*grue
911,#groen
