Informant,Response
001,nefyue=13
002,nefyue=13
003,nefy{ue}=13
004,nefyue=13
005,nefyue=13
006,nefyue=13
007,nefyue=13
008,nefyue=13
009,-
010,nefyue=13
011,nefyue=13
012,nefyue=13
013,nefyue=13
014,nefyue=13
015,nefyue=13
016,nefyue=13
017,nefyue=13
018,nefyA=14
019,nefyue=13
020,nefyue=13
021,nefyue=13
022,nefyue=13
023,nefyue=13
024,nefyue=13
025,nefyue=13
026,nefyue=13
027,nefy{ue}=13
028,nafyue=13
029,-
030,nefyue=13
031,nevyue=13
032,nefyue=13
033,nefyue=13
034,nefyue=13
035,nefyue=13
036,nefyue=13
037,nefyue=13
038,nefyue=13
039,nefew=13
040,nefew=13
041,nefyue=13
042,nepyue=13
043,nefyue=13
044,nefyue=13
045,nefyew=13
046,nefyew=13
047,nefew=13
048,nefyue=13
049,nefyue=13
050,nefyue=13
051,nefew=13
052,nefy{ue}=13
053,nefyue=13
054,-
055,nefew=13
056,-
057,nefew=13
058,nefyue=13
059,nefyue=13
060,nefyue=13
061,nefyue=13
062,nefew=13
063,-
064,nefyue=13
065,nefyA=14
066,nefyue=13
067,-
068,-
069,nefyue=13
070,nefyue=13
071,nefew=13
072,nefyue=13
073,nefew=13
074,nefyue=13
075,nefew=13
076,nefyuez=13
077,nefyew=13
078,nefew=13
079,-
080,-
081,-
082,-
083,nefyue=13
084,nefyue=13
085,nefyew=13
086,nefyue=13
087,nefew=13
088,nefew=13
089,-
090,nefyue=13
091,-
092,nefyew=13
093,ne{f}yew=13
094,nefyA=14
095,ne{f}yew=13
096,nefew=13
097,nefewz=13
098,nefyew=13
099,nefyue=13
100,nefew=13
101,nefew=13
102,nefy{ue}=13
103,nefew=13
104,nefyue=13
105,nefyue=13
106,nefyue=13
107,nefyew=13
108,-
109,nefew=13
110,nefew=13
111,nefyew=13
112,-
113,nefyew=13
114,-
115,nefyue=13
116,-
117,-
118,nefyue=13
119,nefyue=13
120,nefyue=13
121,nefyue=13
122,nefew=13
123,nefy{ue}=13
124,nefyew=13
125,nefyue=13
126,-
127,-
128,nefyue=13
129,-
130,-
131,-
132,-
133,nefyue=13
134,nefyue=13
135,nefyue=13
136,nefew=13
137,nevew=13
138,nefyue=13
139,-
140,nefyue=13
141,nifew=13
142,nefyue=13
143,nefee=13
143,nefyuez=13
144,nefew=13
145,nifyue=13
146,nefyew=13
147,-
148,nefyue=13
149,nefyue=13
150,nefyue=13
151,nefew=13
152,nefyew=13
153,-
154,nefyue=13
155,nevyue=13
156,nefyue=13
157,-
158,-
159,nefyewz=13
160,-
161,nefyue=13
162,-
163,nefewz=13
164,nefew=13
165,nefyue=13
166,nefyue=13
167,nefyue=13
168,-
169,nefyue=13
170,nefyA=14
171,nefew=13
172,nefew=13
173,nefew=13
174,-
175,-
176,nefyue=13
177,nefyue=13
178,-
179,nefyue=13
180,-
181,-
182,-
183,nefew=13
184,nefew=13
185,nefyue=13
186,nefyI=14
187,-
188,nefyue=13
189,nefew=13
190,nefyue=13
191,ne{f}yew=13
192,nefyue=13
193,-
194,nefyue=13
195,-
196,-
197,-
198,-
199,ne{f}yue=13
200,nefyue=13
201,nefyue=13
202,nefyA=14
203,nefyue=13
204,-
205,-
206,nefyue=13
207,-
208,nefyue=13
209,nefew=13
210,nefyue=13
211,nefew=13
212,nefyue=13
213,nefyue=13
214,-
215,nefyew=13
215,nefy{ue}=13
216,nefyue=13
217,nefyue=13
218,-
219,nefyue=13
220,ne{f}yee=13
221,-
222,nefyue=13
223,nefyue=13
224,ni{f}yew=13
225,-
226,nefyA=14
227,nefew=13
228,nefyA=14
229,nefyue=13
230,nefew=13
231,nefyue=13
232,nefyew=13
233,nefyue=13
234,naifyue=13
235,nefy{ue}=13
236,nefyue=13
237,nefyew=13
238,nefyue=13
239,nefyew=13
240,nefyew=13
241,-
242,nefyue=13
243,nefyue=13
244,nefew=13
245,nefew=13
246,nefyA=14
247,nefyue=13
248,nefyue=13
249,ne{f}yew=13
250,-
251,nefyue=13
252,-
253,nefyue=13
254,nefyue=13
255,nefyue=13
256,nefyue=13
257,nefyue=13
258,nefyue=13
259,nefyue=13
260,-
261,nefew=13
262,-
263,nefyue=13
264,nefyue=13
265,nefyue=13
266,nefew=13
267,nefyue=13
268,nefew=13
269,nefew=13
270,ne{v}ew=13
271,ne{v}yue=13
272,nefyue=13
273,nefew=13
274,nefyue=13
275,nefew=13
276,lefyue=13
277,-
278,nefyue=13
279,nefew=13
280,nefyue=13
281,nefew=13
282,-
283,ne{f}(y)ue=13
284,nefyue=13
285,-
286,nefyew=13
287,-
288,nefew=13
289,nefyue=13
290,nefyue=13
291,nefy{ue}=13
292,nefyue=13
293,nefyue=13
294,nefew=13
295,nefyue=13
296,nefyue=13
297,nefew=13
298,nefew=13
299,nefyue=13
300,nefew=13
301,nefyue=13
302,nefyue=13
303,nefyue=13
304,neffyue=13
305,nefyue=13
306,nefew=13
307,nefyue=13
308,nefew=13
309,nefyew=13
310,nefyue=13
311,nefyue=13
312,nefew=13
312,nefIyue=143
313,nefyue=13
314,nefew=13
315,nefyue=13
316,nefyue=13
317,nefyue=13
318,-
319,-
320,nefyue=13
321,nefyew=13
322,nefyue=13
323,nefyue=13
324,nefyue=13
325,nefyue=13
326,nefyue=13
327,nefyue=13
328,-
329,nefew=13
330,nefyue=13
331,nefyue=13
332,nefyew=13
333,nefyue=13
334,nefyew=13
335,nefyue=13
336,nefyue=13
337,nefyue=13
338,-
339,nefyue=13
340,-
341,nefyue=13
342,nefyew=13
343,nefyue=13
344,nefyue=13
345,-
346,nefyue=13
347,nefyue=13
348,nefyue=13
349,nefyew=13
350,-
351,nefew=13
352,nefew=13
353,nefew=13
354,nefyue=13
355,nefyue=13
356,nefyue=13
357,nefew=13
358,nefew=13
359,nefew=13
360,nefew=13
361,nefew=13
362,nefyue=13
363,nefyue=13
364,nefyue=13
365,nifyue=13
366,nefI=14
367,nefyue=13
368,nefew=13
369,nefew=13
370,nefyue=13
371,nefyue=13
372,nefew=13
373,nefyue=13
374,nefew=13
375,nefyue=13
376,-
377,-
378,nefyue=13
379,nefew=13
380,nefew=13
381,nefew=13
382,nefyue=13
383,nefyue=13
384,nefyue=13
385,nefyue=13
386,nefyue=13
387,nefyue=13
388,nefew=13
389,-
390,nevyew=13
391,nefew=13
392,naifyue=13
392,nefyue=13
393,nifyew=13
394,nefyue=13
395,nefyue=13
396,-
397,nefew{z}=13
398,-
399,nefyew=13
400,nefyue=13
401,nefyue=13
402,nefyue=13
403,nefyue=13
404,nefyI=14
405,nef(y)ue=13
406,nefyue=13
407,nefyue=13
408,nefew=13
409,nefyA=14
410,nefewz=13
411,nefyue=13
412,-
413,nefyue=13
414,nefyue=13
415,nefyue=13
416,nefyue=13
417,nefew=13
418,nefew=13
419,nefyue=13
420,nefyue=13
421,nefyue=13
422,nefyA=14
423,nefyue=13
424,nefew=13
425,nefyue=13
426,nefyue=13
427,nefyew=13
428,nefew=13
429,-
430,nefyue=13
431,nefyue=13
432,nefew=13
433,nefew=13
434,nefyue=13
435,nefyA=14
436,nefyue=13
437,nefyue=13
438,nefyue=13
438,nifyue=13
439,nefew=13
440,nefyue=13
441,nefew=13
442,nefyI=14
443,nefyue=13
444,nefyA=14
445,nevew=13
446,nifyue=13
447,nefyue=13
448,nefyue=13
449,nefyA=14
450,nefyA=14
451,nefew=13
452,nefew13
453,nefyue=13
454,nefyue=13
455,nefyue=13
456,n{e}fyue=13
457,nefyue=13
458,nefew=13
459,-
460,nefyuez=13
461,nefyue=13
462,nefyew=13
463,nefyue=13
464,nefyue=13
465,nefyue=13
466,nefew=13
467,nifyue=13
468,nefew=13
469,nefyue=13
470,nefyue=13
471,nefyue=13
472,nefew=13
473,-
474,nefyue=13
475,nefyAz=14
476,n{e}fyue=13
477,nefew=13
478,nefew=13
479,nefew=13
480,nefyue=13
481,nefewz=13
482,nefyue=13
483,-
484,nefew=13
485,nefyew=13
486,-
487,-
488,nefyue=13
489,nefyue=13
490,nefyue=13
491,-
492,nefyue=13
493,nefyue=13
494,nefyue=13
495,n{e}fyue=13
496,nefyue=13
497,nefew=13
498,nefyue=13
499,nefew=13
500,-
501,nifew=13
502,n{e}fyue=13
503,-
504,nefew=13
505,-
506,nefyue=13
507,-
508,nefyue=13
509,nefyue=13
510,-
511,-
512,-
513,nefyue=13
514,nefyue=13
515,nefew=13
516,nefew=13
517,nefew=13
518,nefyue=13
519,nefyue=13
520,-
521,nefyA=14
522,nefyue=13
523,nefew=13
524,nefyue=13
525,nefyue=13
526,-
527,nefyA=14
528,-
529,-
530,nefyue=13
531,-
532,nefew=13
533,nefew=13
534,-
535,ni{f}yew=13
536,-
537,-
538,nevyuez=13
539,nefyue=13
540,-
541,nefyue=13
542,-
543,nefyue=13
544,nefyuez=13
545,n{e}fyue=13
546,-
547,nefewz=13
548,nefyue=13
549,nefyA=14
550,-
551,-
552,-
553,-
554,nefewz=13
555,-
556,nefyuez=13
557,nefew{z}=13
558,nefew=13
559,nefewz=13
560,-
561,-
562,nefyuez=13
563,nefyue=13
564,nefyue=13
565,nefyue=13
566,-
567,-
568,-
569,nefew=13
570,nefew=13
571,nefyue=13
572,nefew=13
573,nefew=13
574,nefyue=13
575,nifyA=14
576,nefyue=13
577,nefyue=13
578,nefyue=13
579,nefyue=13
580,nifew=13
581,nefyue{z}=13
582,nefyue=13
583,nefyue=13
584,nefyue=13
585,nefyue=13
586,-
587,nefyue=13
588,nefew=13
589,nefew=13
590,nefyue=13
591,nefew=13
592,nefyue=13
593,nefyue=13
594,nefyue=13
595,nefyI=14
596,nefew=13
597,nefew=13
598,nefyuez=13
599,nefyue=13
600,nefyew=13
601,-
602,nefew=13
603,-
604,-
605,n{e}few=13
606,nefewz=13
607,nefyue=13
608,nefyue=13
609,nefew=13
610,nefew=13
611,nefyue=13
612,-
613,nefyue=13
614,nefew=13
615,nefyue=13
616,nefyue=13
617,nefyew=13
618,-
619,-
620,nefyue=13
621,nefyue=13
622,nefyue=13
623,nefew=13
624,nefyue=13
625,-
626,-
627,nefyue=13
628,nefyA=14
629,nefew=13
630,nefyA=14
631,-
632,nefyuez=13
633,-
634,nefewz=13
635,nefyue=13
636,nefyue=13
637,-
638,nefew=13
639,nefyue=13
640,nefyI=14
641,nefyue=13
642,-
643,nefew=13
644,-
645,-
646,nefyue=13
647,nefyue=13
648,nefy{ue}=13
649,nefyue=13
650,nefyA=14
651,nefyA=14
652,nefyue=13
653,nefyue=13
654,nefewz=13
655,nefyue=13
656,nefew=13
657,nefew=13
657X,nefew=13
657Y,nefyue=13
657Z,nefyA=14
658,nafyA=14
658,nefyA=14
659,nefyAz=14
660,nefyA=14
661,nefy{ue}=13
662,nefyA=14
663,nefyuez=13
664,-
665,-
666,nefyA=14
667,nefyue=13
668,nefew=13
669,nefew=13
670,-
671,nefyA=14
672,nefyue=13
673,nefew=13
673,nefyI=14
674,nefyue=13
675,nefyue=13
676,-
677,nefewz=13
678,nefyue=13
679,nefew=13
680,nefyue=13
681,nefew=13
682,nefew=13
683,-
684,-
685,nefyue=13
686,nefyue=13
687,nefew=13
688,nefyue=13
689,nefyue=13
690,nefyue=13
691,-
692,nefyue=13
693,nefyue=13
694,nefyue=13
695,nefew=13
696,nefyue=13
697,-
698,-
699,-
700,-
701,nefyue=13
702,-
703,-
704,nefew=13
705,nefew=13
706,-
707,nefyue=13
708,nefyue=13
709,nefew=13
710,nefew=13
711,nefyue=13
712,nefew=13
713,nefyue=13
714,nefew=13
715,nefyue=13
716,nefyew=13
717,nefyue=13
718,nefyue=13
719,nefyue=13
720,nefyue=13
721,nefew=13
722,nefyue=13
723,nefew=13
724,nefyue=13
725,nefyue=13
726,nefyue=13
727,nefewz=13
728,nefyue=13
729,nefyue=13
730,nefyue=13
731,nefew=13
732,nefew=13
733,-
734,-
735,-
736,-
737,nefew=13
738,nefew=13
739,-
740,nefyue=13
741,nefyue=13
742,nefyue=13
743,-
744,-
745,-
746,-
747,nefyuez=13
748,nefew=13
749,nefyue=13
750,-
751,nefyue=13
752,nefyue=13
753,nefew=13
754,nefyue=13
755,nefew=13
756,nefyue=13
757,nefyue=13
758,nefewz=13
759,-
760,-
761,nefyA=14
762,-
763,nefyue=13
764,nefyue=13
765,n{e}fyue=13
766,nefyew=13
767,nefew=13
768,nefyue=13
769,nefy{ue}=13
770,nefyue=13
771,nefew=13
772,nefyue=13
773,nefyue=13
774,-
775,nefyue=13
776,nefew=13
777,nefew=13
778,nefew=13
779,-
780,nefew=13
781,nefyue=13
782,nefew=13
783,nefewz=13
784,nefyA=14
785,nefyew=13
786,nefyue=13
787,nefew=13
788,nefyue=13
789,nefyue=13
790,nefyue=13
791,nefyue=13
792,nefyue=13
793,-
794,nefyue=13
795,nefew=13
796,nefyue=13
797,nefyue=13
798,nefyue=13
799,nefyuez=13
800,nefyew=13
801,nefyue=13
802,nefyue=13
803,-
804,-
805,nefy{ue}=13
806,nefyA=14
807,nefyue=13
808,nefyew=13
809,nefyue=13
810,nefyA=14
810,nefyue=13
811,nefew=13
812,nefyue=13
813,nefyuez=13
814,nefy{ue}=13
815,nefyA=14
816,nefew=13
817,nefew=13
818,-
819,nefyee=13
820,nefyee=13
821,nefew=13
822,nefyue=13
823,nefyue=13
824,nefew=13
825,nefew=13
826,nefyue=13
827,nefyue=13
828,nefew=13
829,-
830,nefyew=13
831,nefyue=13
832,-
833,nefyew=13
834,nefyew=13
835,nefyue=13
836,nefyue=13
837,nefyuez=13
838,-
839,nefyue=13
840,nefew=13
841,nefyuez=13
842,nefyue=13
843,nefew=13
844,nefyew=13
844,nefyue=13
845,nefyue=13
846,nefyew=13
847,-
848,nefyue=13
849,nefew=13
850,nefew=13
851,-
852,nefew=13
853,nefew=13
854,nefew=13
855,nefyue=13
856,-
857,nefyue=13
858,nefyA=14
859,nefew=13
860,-
861,nefyue=13
862,nefyue=13
863,nefyue=13
864,nefyue=13
865,nefyue=13
866,nefy{ue}=13
867,nefyew=13
868,nefyue=13
869,nefyue=13
870,nefew=13
871,nefyew=13
872,nefew=13
873,nefew=13
874,nefyue=13
875,nefyue=13
876,nefew=13
877,nefyue=13
878,nefyue=13
879,-
880,nefew=13
881,-
882,nefew=13
883,nefyue=13
883,nevyue=13
884,-
885,nefyue=13
886,nefyue=13
887,nefew=13
888,nefyue=13
889,nefyue=13
890,nefew=13
891,nefyue=13
892,nefyue=13
893,nefyue=13
894,nefyue=13
895,nefew=13
896,-
897,nefy{ue}=13
898,-
899,nefew{z}=13
900,nefyew=13
901,nefyue=13
902,nefyue=13
903,nefyue=13
904,nefyue=13
905,nefyue=13
906,nefyue=13
907,-
908,nefyew=13
909,-
910,nefyA=14
910,nefyue=13
911,nefyue=13
