Informant,Response
001,merI=14
002,merI=14
003,mirI=14
004,murI=14
005,meree=13
006,merI=14
007,merI=14
008,-
009,merI=14
010,merrI=14
011,merI=14
012,meree=13
013,meree=13
014,merI=14
015,meree=13
016,merI=14
017,merI=14
018,muree=13
019,merI=14
020,meree=13
021,meree=13
022,murI=14
023,meree=13
024,meree=13
025,merI=14
026,muree=13
027,meree=13
028,meree=13
029,merI=14
030,merI=14
031,mairee=13
032,merI=14
033,merI=14
034,maree=13
034,merI=14
035,meree=13
036,merI=14
037,merI=14
038,merI=14
039,merI=14
040,mairI=14
041,merI=14
042,marI=14
043,meree=13
044,merI=14
045,merI=14
046,merI=14
047,-
048,merI=14
049,merI=14
050,meree=13
051,mairI=14
052,mairee=13
053,murI=14
054,mirI=14
055,merI=14
056,merI=14
057,mirI=14
058,merI=14
059,murI=14
060,mairI=14
061,merI=14
062,mairI=14
063,merI=14
064,merI=14
065,mairI=14
066,mairI=14
067,merI=14
068,merI=14
069,mairI=14
069,merI=14
070,merI=14
071,mairI=14
072,merI=14
073,mairI=14
074,mairI=14
075,mairI=14
076,mairI=14
077,mairI=14
078,mairI=14
079,me{r}I=14
080,-
081,merI=14
082,-
083,mairI=14
084,mairI=14
085,mairI=14
086,mairI=14
087,mairI=14
088,mairI=14
089,-
090,mairI=14
091,mairI=14
092,merI=14
093,mairI=14
094,merI=14
095,mairI=14
096,mairI=14
097,merI=14
098,mairI=14
098,mirI=14
099,mairI=14
100,merI=14
101,merI=14
102,-
103,mairI=14
104,merI=14
105,merI=14
106,mairI=14
106,merI=14
107,mairI=14
108,merI=14
109,mairI=14
110,mairI=14
111,mairI=14
111,merI=14
112,merI=14
113,-
114,mairee=13
115,merI=14
116,mairI=14
117,merI=14
118,mairI=14
119,mairI=14
120,mairI=14
121,mairI=14
122,mairI=14
123,merI=14
124,merI=14
125,mairI=14
126,mairI=14
127,merI=14
128,mairI=14
129,mairI=14
130,mairI=14
131,merI=14
132,mairI=14
133,mairI=14
134,mairI=14
134,merI=14
135,merI=14
136,mairI=14
137,mairI=14
138,mairI=14
138,marI=14
139,merI=14
140,merI=14
141,mairI=14
142,mairI=14
143,mairI=14
144,meree=13
145,mairI=14
146,merI=14
147,mairI=14
147,merI=14
148,mairI=14
149,mairI=14
149,merI=14
150,mairI=14
151,mairI=14
152,mairrI=14
153,merI=14
154,mairI=14
155,merI=14
156,mairI=14
157,mairI=14
157,merI=14
158,mairI=14
159,mairrI=14
160,merI=14
161,merI=14
162,merI=14
163,mairI=14
164,merI=14
165,mairI=14
166,mairI=14
167,merI=14
168,mairI=14
169,mairI=14
170,merI=14
171,merI=14
172,mairI=14
173,mairI=14
174,merI=14
175,-
176,mairee=13
177,mairI=14
178,mairI=14
179,merI=14
180,mairI=14
181,merI=14
182,mairI=14
183,mai{r}rI=14
184,mairI=14
184,merI=14
185,merI=14
186,merI=14
187,mairI=14
188,mairI=14
189,mairI=14
190,mairI=14
191,mairI=14
192,mairI=14
193,-
194,mairI=14
195,-
196,merI=14
197,merI=14
198,merI=14
199,me{r}I=14
199,mi{r}I=14
200,merI=14
201,merI=14
202,mairI=14
203,mairI=14
204,mai{r}rI=14
205,-
206,mairI=14
207,mairI=14
208,m{ai}rI=14
209,mairI=14
210,mairI=14
211,mairI=14
212,m{ai}rI=14
213,m{ai}rI=14
214,merI=14
215,mairI=14
216,mairI=14
217,merI=14
218,mairI=14
219,mairI=14
220,merI=14
221,mairI=14
222,mairI=14
223,mairI=14
224,mairI=14
225,mairI=14
225,merI=14
226,mairI=14
227,merI=14
228,merI=14
229,merI=14
230,merI=14
231,merI=14
232,merI=14
233,merI=14
234,merI=14
234,me{r}I=14
235,merI=14
236,merI=14
237,mairI=14
238,merI=14
239,mairrI=14
240,merI=14
241,-
242,me{r}I=14
243,merI=14
244,-
245,meree=13
246,mairI=14
247,merI=14
248,merI=14
249,merI=14
250,me{r}I=14
251,merI=14
252,-
253,merI=14
254,merI=14
255,-
256,mairI=14
257,merI=14
258,merI=14
259,murI=14
260,-
261,mairI=14
262,me{r}I=14
263,merI=14
264,merI=14
265,merI=14
266,mairI=14
267,mairI=14
268,-
269,miree=13
270,merI=14
271,merI=14
272,merI=14
273,merI=14
274,merI=14
275,mairI=14
276,merI=14
277,merI=14
278,merI=14
279,merI=14
280,merI=14
281,mairI=14
281,merI=14
282,-
283,merI=14
284,merI=14
285,-
286,merI=14
287,murI=14
288,merI=14
289,merrI=14
290,murI=14
291,merI=14
292,merI=14
293,mairI=14
294,merI=14
295,mairI=14
296,merI=14
297,merI=14
298,-
299,m{ai}rI=14
300,mairI=14
300,merI=14
301,muree=13
302,mairI=14
302,merI=14
303,mairI=14
304,merI=14
305,mairI=14
306,mairI=14
307,merI=14
308,mairI=14
309,merI=14
310,merI=14
311,merI=14
312,mairI=14
313,merI=14
314,merI=14
315,merI=14
316,mairI=14
317,mairI=14
318,-
319,-
320,merI=14
321,me{r}rI=14
322,merI=14
323,mairI=14
324,mairI=14
325,mairI=14
326,merI=14
327,mairI=14
328,mairI=14
328,merI=14
329,murI=14
330,mairI=14
331,mairI=14
332,m{ai}rI=14
333,mairI=14
334,merI=14
334,mirI=14
335,merI=14
336,merI=14
337,mairI=14
338,merI=14
339,merI=14
340,-
341,mairI=14
342,mai{r}I=14
342,mi{r}I=14
343,merI=14
344,m{ai}rI=14
345,mairI=14
346,mairI=14
347,merI=14
348,mairI=14
349,m{ai}rI=14
350,merI=14
351,mairI=14
352,mairI=14
353,mairI=14
354,mairI=14
355,mairI=14
356,merI=14
357,merI=14
358,merI=14
359,mairI=14
360,mairI=14
361,mairI=14
361,merI=14
362,mairI=14
363,mairI=14
364,merI=14
365,merI=14
366,mairI=14
367,merI=14
368,merI=14
369,mairI=14
370,m{ai}rI=14
371,merI=14
372,merI=14
373,m{ai}rI=14
374,mairI=14
375,merI=14
376,-
377,mairI=14
378,merI=14
379,mairI=14
380,mairI=14
381,merI=14
382,mai{r}rI=14
382,mai{t}I=14
382,mu{r}rI=14
383,merI=14
384,merI=14
385,mairI=14
386,merI=14
387,merI=14
388,mairI=14
389,mai[r]I=14
390,mairI=14
391,merI=14
392,-
393,merI=14
394,mairI=14
395,mairI=14
396,mairI=14
396,merI=14
397,mairI=14
398,marI=14
399,mairI=14
400,mairI=14
401,mairA=14
402,mairI=14
403,mairI=14
403,mair(I)
404,mairI=14
405,mairI=14
406,m{ai}rI=14
407,mairI=14
408,merI=14
409,mairI=14
410,merI=14
411,mairI=14
412,-
413,mairI=14
414,merI=14
415,mairI=14
416,mairI=14
417,mairI=14
417,merI=14
418,merI=14
419,merI=14
420,mairI=14
421,mairI=14
422,mairI=14
423,mairI=14
424,merI=14
425,mairrI=14
426,mairIz=14
427,merI=14
428,mairI=14
429,-
430,mairI=14
431,m{ai}rI=14
432,mairI=14
433,mairI=14
434,mairI=14
435,mairI=14
436,mairI=14
437,mairI=14
438,mairI=14
439,merI=14
440,mairI=14
441,mairI=14
442,mairI=14
443,merI=14
444,mairI=14
445,mairI=14
446,mairI=14
447,mairI=14
448,mairI=14
449,mairI=14
450,mairI=14
451,merI=14
452,-
453,merI=14
454,merI=14
455,merI=14
456,me{r}rI=14
457,merI=14
458,mairI=14
459,-
460,-
461,merI=14
462,mairI=14
463,merI=14
464,mairI=14
465,merI=14
466,merI=14
467,merI=14
468,merI=14
469,merI=14
470,merI=14
471,me{r}rI=14
472,mairI=14
473,mairI=14
474,merI=14
475,merI=14
476,merI=14
477,merI=14
478,merI=14
478,mirI=14
479,merI=14
480,merI=14
481,merI=14
482,mairI=14
483,-
484,mairI=14
485,merI=14
486,murI=14
487,-
488,m{ai}rI=14
489,mu{r}I=14
490,m{ai}rI=14
491,-
492,mairI=14
493,-
494,mairI=14
495,mairI=14
496,merI=14
497,-
498,mairI=14
499,mairI=14
499,m{ai}rI=14
499,merI=14
500,-
501,mairI=14
502,m{ai}rI=14
503,-
504,merI=14
505,mairI=14
505,merI=14
506,-
507,-
508,mairI=14
509,-
510,-
511,-
512,-
513,mairI=14
514,merI=14
515,merI=14
516,merI=14
517,merI=14
518,merI=14
519,mu{r}I=14
520,-
521,meree=13
522,mairI=14
523,merI=14
524,merI=14
525,-
526,merI=14
527,mairI=14
528,-
529,-
530,m{ai}rI=14
530,merrI=14
531,merI=14
532,mairI=14
533,mairI=14
533,merI=14
534,-
535,mairI=14
536,-
537,mai(r)I=14
538,mairI=14
539,merI=14
540,-
541,merI=14
542,-
543,mairI=14
544,merI=14
545,merI=14
546,-
547,merI=14
548,merI=14
549,mairI=14
550,-
551,-
552,-
553,mairI=14
554,-
555,-
556,-
557,mairI=14
558,mairI=14
559,-
560,-
561,-
562,merI=14
563,merI=14
564,mairI=14
565,mairI=14
566,mairI=14
567,-
568,-
569,mairI=14
570,mairI=14
571,merI=14
572,-
573,mairI=14
574,mairI=14
574,merI=14
575,mairI=14
576,mairI=14
577,mairI=14
577,me{r}rI=14
578,mairI=14
579,mairI=14
580,mairI=14
581,merI=14
582,mairI=14
583,mairI=14
584,merI=14
585,mairI=14
586,-
587,mairI=14
588,mairI=14
589,merI=14
590,merI=14
591,merI=14
592,mairI=14
593,mairI=14
594,mairI=14
595,mairI=14
596,mairI=14
597,mairI=14
598,merI=14
599,merI=14
600,mairI=14
601,mairI=14
602,merI=14
603,-
604,-
605,mairI{z}=14
606,mairI=14
607,mairI=14
608,merI=14
609,mairI=14
610,mairI=14
611,merI=14
611,mirI=14
612,mairI=14
613,merI=14
614,mairI=14
615,merI=14
616,merI=14
617,me{r}I=14
618,-
619,-
620,merI=14
621,merI=14
622,merI=14
623,merI=14
624,merI=14
625,me{r}I=14
626,merI=14
627,mairI=14
628,mairI=14
629,merI=14
630,me{r}rI=14
631,-
632,mairI=14
633,-
634,merI=14
635,merI=14
636,mairrI=14
637,mairI=14
638,mairI=14
639,merI=14
640,mairI=14
641,merI=14
642,-
643,merI=14
644,merI=14
645,merI=14
646,mairI=14
647,merI=14
648,merI=14
649,-
650,merI=14
651,merI=14
652,merI=14
653,merI=14
654,merI=14
655,merI=14
656,merI=14
657,merI=14
657X,merI=14
657Y,merI=14
657Z,merI=14
658,merI=14
659,moree=31
659,merI=14
660,mairI=14
661,m{ai}rI=14
662,merI=14
663,-
664,-
665,mairI=14
666,merI=14
667,mairI=14
668,merI=14
669,merI=14
670,-
671,merI=14
672,merI=14
673,mairI=14
674,merI=14
675,merI=14
676,-
677,mairI=14
678,merI=14
679,merI=14
680,merI=14
681,merI=14
682,mairI=14
682,merI=14
683,mairI=14
683,merI=14
684,-
685,merI=14
686,merI=14
687,murI=14
688,merI=14
689,merI=14
690,merI=14
691,mairI=14
692,merI=14
693,merI=14
694,merI=14
695,merI=14
696,merI=14
697,m{ai}rI=14
698,-
699,merI=14
700,-
701,mairI=14
702,-
703,merI=14
704,mairI=14
704,merI=14
704,murI=14
705,merI=14
706,-
707,merI=14
708,merI=14
708,mirI=14
709,merI=14
710,merI=14
711,merI=14
712,mairI=14
713,m{ai}rI=14
714,merI=14
715,merI=14
716,merI=14
716,mu{r}I=14
717,m{ai}rI=14
718,merI=14
718,me(r)I=14
719,mairI=14
719,merI=14
720,mairI=14
720,merI=14
721,merI=14
722,merI=14
723,murI=14
724,merI=14
725,merI=14
726,merI=14
727,merI=14
728,merI=14
728,me(r)I=14
729,merI=14
730,merI=14
731,mairI=14
732,merI=14
733,-
734,-
735,merI=14
736,merI=14
737,merI=14
738,mairI=14
739,-
740,mairI=14
741,merI=14
742,merI=14
743,-
744,-
745,-
746,me{r}rI=14
747,mairI=14
748,mairI=14
749,merI=14
750,merI=14
751,mairI=14
751,merI=14
752,merA=14
753,merI=14
754,mairrI=14
755,mairI=14
756,merI=14
757,mairI=14
758,mairI=14
759,-
760,-
761,mairI=14
762,-
763,-
764,mairI=14
765,merI=14
766,mairI=14
767,mairI=14
768,mairI=14
768,merI=14
769,merI=14
770,mairI=14
771,mairI=14
772,mairA=14
773,merI=14
774,-
775,mairI=14
776,marI=14
777,murI=14
778,merI=14
779,merI=14
780,merI=14
781,merI=14
782,mairI=14
783,-
784,mairI=14
785,m{ai}rI=14
786,mairI=14
787,merI=14
788,mairI=14
789,merI=14
790,merI=14
791,merI=14
792,merI=14
793,-
794,mirI=14
795,-
796,m{ai}rI=14
797,merI=14
798,merI=14
799,-
800,merI=14
801,merI=14
802,merI=14
803,merI=14
804,-
805,merI=14
806,mairI=14
806,me{t}I=14
807,merI=14
808,m{ai}rI=14
809,mairI=14
809,merI=14
810,merI=14
811,merI=14
812,-
813,merI=14
814,marI=14
815,merI=14
816,merI=14
817,merI=14
818,-
819,merI=14
820,merI=14
821,mairI=14
822,merI=14
823,merI=14
824,merI=14
824,murI=14
825,mairI=14
826,merI=14
827,merI=14
828,mairI=14
829,me{r}rI=14
830,merI=14
831,merI=14
832,-
833,me{r}I=14
833,me{r}rI=14
834,merI=14
834,murI=14
835,mairI=14
836,merI=14
836,me{r}rI=14
837,-
838,merI=14
839,merI=14
840,mairI=14
841,-
842,mairI=14
843,merI=14
844,m{ai}rI=14
844,merI=14
845,merI=14
846,merI=14
846,mu{r}I=14
847,-
848,merI=14
849,murI=14
850,mairee=13
851,-
852,merI=14
853,merI=14
854,murI=14
855,mairI=14
856,-
857,merI=14
857,mu[r]I=14
858,-
859,merI=14
860,me{r}rI=14
861,merI=14
862,m{ai}rI=14
863,merI=14
864,merI=14
865,merI=14
866,m{ai}rI=14
867,mu{r}I=14
868,merI=14
869,merI=14
870,merI=14
871,-
872,mairI=14
873,mairI=14
874,merI=14
875,merI=14
876,merI=14
877,merI=14
878,merI=14
879,-
880,merI=14
881,merI=14
882,merI=14
883,merrI=14
884,-
885,merI=14
886,merI=14
887,merI=14
888,merI=14
889,mu{r}rI=14
890,merI=14
891,merI=14
892,-
893,merI=14
894,merI=14
895,murI=14
896,-
897,-
898,merI=14
899,-
900,mu{r}I=14
901,merI=14
902,merI=14
903,-
904,mu{r}rI=14
905,merI=14
906,merI=14
907,marI=14
908,me{r}rI=14
909,-
910,merI=14
911,merI=14
