Informant,Response
001,-
002,jinrL=14
003,jenrL=14
004,jinrL=14
005,jenrL=14
006,jenrL=14
007,jen(r)L=14
008,jenRL=144
009,jenrL=14
010,jen(r)L=14
011,jenRL=144
012,jenrL=14
013,jenRL=144
014,jenrL=14
015,jenrL=14
016,jinrL=14
017,jenrL=14
018,jenrL=14
019,jenRL=144
020,jenrL=14
021,jenrL=14
022,jenrL=14
023,jenrL=14
024,jenrL=14
025,-
026,jenrL=14
027,jenRL=144
028,jenRL=144
029,jen(r)L=14
030,jinrL{z}=14
031,jenRL=144
032,jenrL=14
033,jinrL=14
034,jenRL=144
035,jenRL=144
036,jenRL=144
037,jenrL=14
038,jenrL=14
039,jeenRL=144
040,jinrL=14
040,jinRL=144
041,-
042,jenrL=14
043,jenrL=14
044,jenr[L]=14
045,jenArL=144
046,jenArL=144
047,jinrL=14
048,jenrL=14
049,jenIrL=144
050,jenrL=14
051,jinRl=14
051,jinrL=14
052,jen(r)L=14
053,jenrL=14
054,jenArL=144
054,jenn(r)L=14
055,jinrL=14
056,jenrL=14
057,jinArL=144
058,jenArL=144
059,jenArL=144
060,jenRL=144
061,jenRLz=144
062,jenArL=144
063,-
064,jenrL=14
065,jenrL=14
066,jen(r)L=14
067,jenrL=14
068,-
069,jenrL=14
070,jenrL=14
071,jinRL=144
072,jenrL=14
073,jenrL=14
073,jenArL=144
074,jinrL=14
075,jinrL=14
076,jenIrL=144
077,-
078,jinArL=144
079,jenrL=14
080,-
081,jenArL=144
082,-
083,jen{R}l=14
084,jin(r)L=14
085,jinrL=14
086,jenrL=14
087,jinrL=14
088,-
089,-
090,jin(r)L=14
091,ji[n]RL=144
092,jinrL=14
093,jenR[L]=144
094,jenrL=14
094,jenArL=144
095,jinr[L]=14
096,jinrL=14
097,jinrL=14
098,jin(r)L=14
099,jen(r)L=14
100,jin{R}l=14
101,jeenArL=144
102,jen{R}l=14
103,jinArL=144
104,jenArL=144
105,jenrL=14
106,jenArL=144
107,jen(r)L=14
108,jenArL=144
109,gyin(r)L=14
110,jin{t}L=14
111,jenIrL=144
112,jenrL=14
113,jenrL=14
114,-
115,-
116,-
117,jenArL=144
118,jenRL=144
119,jinRl=14
119,jinArL=144
120,jen(r)L=14
121,jin(r)L=14
122,jinrL=14
123,jenArL=144
124,jenRL=144
125,jenrL=14
125,jen(r)L=14
126,-
127,-
128,-
129,-
130,-
131,jenrL=14
132,-
133,jenrL=14
134,-
135,jenrL=14
135,jinrL=14
136,jin(r)L=14
137,jinrL=14
138,jen(r)L=14
139,jenArL=144
140,-
141,jinRl=14
142,jenrL=14
143,jinrL=14
144,jinArL=144
145,je[n]rL=14
145,jenArL=144
146,jenrL=14
147,-
148,ju{r}nrL=14
149,jenArL=144
150,jen(r)L=14
151,jinr[L]=14
152,jenrL=14
153,-
154,jinrL=14
155,jenrL=14
156,-
157,-
158,-
159,jenrL=14
160,-
161,jenrL=14
162,jinArL=144
163,jinRL=144
164,jinrL=14
165,jin(r)L=14
166,jenrL=14
167,jenrL=14
168,-
169,-
170,jenrL=14
171,jenrL=14
172,jenAr[L]=144
173,-
174,-
175,-
176,jenArL=144
177,junrL=14
178,-
179,jen(r)L=14
180,jenrL=14
181,-
182,-
183,jinrL=14
184,jinArL=144
185,jenrL=14
186,jenArL=144
187,-
188,je[n](r)l
188,je(n){?}L=14
189,jinArL=144
190,jinrL=14
191,jenr[L]=14
192,je(n)rL=14
193,jenrL=14
194,-
195,jenrL=14
196,-
197,-
198,-
199,-
200,-
201,jinrL=14
202,jenrL=14
203,jenrLz=14
204,-
205,-
206,jenrL=14
207,je[n](r)[L]=14
208,jenrL=14
209,jinArL=144
210,jinrL=14
211,jenArL=144
212,jenrL=14
213,jenrL=14
214,jenrL=14
215,-
216,jinrL=14
217,jenrL=14
218,-
219,jenrL=14
220,-
221,jenArL=144
222,jenrL=14
223,jenu{r}l=13
224,jinR[L]=144
225,-
226,-
227,jinRrL=144
228,jenr[L]=14
229,jenIrL{z}=144
230,-
231,jinrL=14
232,jenRL=144
233,jenrL=14
233,jenArL=144
234,jenrL=14
235,jenrL=14
236,jinrL=14
237,jenu{r}l=13
238,jenArL=144
239,jinrL=14
240,jinArL=144
241,-
242,jenrL=14
243,jinrL=14
244,-
245,jenrL=14
246,jen(r)L=14
247,jenrL=14
248,jenArL=144
249,jinRL=144
250,jenArL=144
251,jen(r)L=14
252,-
253,jinrL=14
254,jenrL=14
255,-
256,jen(r)L=14
257,jinrL=14
258,jenrL=14
259,jenrL=14
260,jinrL=14
261,jenArL=144
262,jen(r)L=14
263,-
264,jenrL=14
265,jinRrL=144
266,jinrL=14
267,jenrL=14
268,-
269,jenRL=144
270,jenR[L]=144
271,junrL=14
272,jenIrL=144
273,jenRL=144
274,jenrL=14
275,jinArL=144
276,jenrL=14
277,jenrL=14
278,jenArL=144
279,jinArL=144
280,jenrL=14
281,jinRL=144
282,-
283,je[n]R[L]=144
284,jenrL=14
285,-
286,jinArL=144
287,jenArL=144
288,jenrL=14
289,jenrL=14
290,jenrL=14
291,jenrL=14
292,jenrL=14
293,jenrL=14
294,jinArL=144
295,jenrL=14
296,jen(r)L=14
297,jinArL=144
298,-
299,jinrL=14
300,jinrL=14
301,jenrL=14
302,jenrL=14
303,jen(r)L=14
304,jun(r)L=14
305,jenrL=14
306,jinRL=144
307,jenrL=14
308,jinRL=144
309,jenrul=13
310,jenrL=14
311,jenRL=144
312,jinrL=14
313,jenRL=144
314,jeenr[L]=14
315,-
316,jen{R}l=14
317,jenrL=14
317,jinrL=14
318,-
319,-
320,jenArL=144
321,jenrL=14
322,jinrL=14
323,jenrL=14
324,jenrL=14
325,jenrL=14
326,jenrL=14
327,jen{R}l=14
328,jenArL=144
329,jinArL=144
330,jenrL=14
331,jen(r)L=14
332,jenr[L]=14
333,jinrL=14
334,jinrL=14
335,jenrL=14
336,jinrL=14
337,junrL=14
338,jenrL=14
339,jinArL=144
340,jin{t}L=14
341,jenrL=14
342,jinrL=14
343,jinrL=14
344,jen(r)L=14
345,jinrL=14
346,jenArL=144
347,-
348,jenrL=14
349,jenrL=14
350,jenArL=144
351,jinrL=14
352,jenArL=144
353,jinRl=14
354,jinArL=144
355,jinrL=14
356,jenArL=144
357,jinrL=14
358,jinArL=144
359,jinArL=144
360,jinArL=144
361,jinrL=14
362,jenrL=14
363,jenrL=14
364,jen(r)L=14
365,jenrL=14
366,jenAr[L]=144
367,jenrL=14
368,jenrL=14
369,jenRL=144
370,jinRL=144
371,jenRL=144
372,jinn{R}Rl=144
373,jenR[L]=144
374,jinRl=14
375,jenRl=14
376,-
377,-
378,jenrL=14
379,jinrL=14
380,jinrL=14
381,jinrL=14
382,jenrL=14
383,jenArL=144
384,jinArL=144
385,jen(r)L=14
386,jenArL=144
387,jenrL=14
388,jenn(r)L=14
389,jenrL=14
390,jinrL=14
391,jinrL=14
392,jen(r)L=14
392,jin(r)L=14
393,jenrL=14
394,jenrL=14
395,jen(r)L=14
396,jen(r)L=14
397,jin(r)L=14
398,jinArL=144
399,jenRl=14
400,jinrL=14
401,-
402,jenrL=14
403,jin(r)L=14
404,jin{R}l=14
405,jinArL=144
406,-
407,jenrL=14
408,jinArL=144
409,jinrL=14
410,-
411,jenArL=144
412,-
413,jenRL=144
414,je[n](r)l
415,jen(r)L=14
416,jenrL=14
417,jinRl=14
418,jenRL=144
419,jenrL=14
420,jenArL=144
420,jen(r)L=14
421,jen(r)L=14
422,jenrL=14
423,jenrL=14
424,ji[n]r[L]=14
425,-
426,jenrL=14
426,jinArL=144
427,jenRL=144
428,jinRL=144
429,-
430,jenrL=14
431,jenRL=144
432,-
433,jinr[L]=14
434,jinrL=14
435,jenrL=14
436,jenArL=144
437,jenrL=14
438,jin(r)[L]=14
439,jinrL=14
440,jenrL=14
441,jin{R}l=14
442,jen{R}L=144
443,jinrL=14
444,jenArL=144
445,jinRrL=144
446,jinrL=14
447,jinrL=14
448,jinrL=14
449,jenrL=14
450,-
451,jenrL=14
452,jinrL=14
453,jinRL=144
454,jenrul=13
455,-
456,jenrL=14
457,jenrL=14
458,jinrL=14
459,-
460,jenrL=14
460,jen{R}l=14
461,jenRL=144
462,jenAr[L]=144
463,-
464,-
465,jinRl=14
466,-
467,-
468,jenrL=14
469,jenrL=14
470,jinRL=144
471,jenrL=14
472,jen{t}L=14
473,-
474,jinrL=14
475,jenrL=14
476,jenrL=14
477,ji[n]rL=14
478,jeen(r)L=14
479,jinArL=144
480,jen(r)L=14
481,jinrL=14
482,jenrL=14
483,-
484,jenRL=144
485,jinRL=144
486,-
487,-
488,jenrL=14
489,zhenrL=14
490,jinRL=144
491,-
492,jinRl=14
493,-
494,jinurL=134
495,jin(r)L=14
496,jenrL=14
497,-
498,jenIrL=144
499,jinrL=14
499,ji[n]rL=14
500,-
501,jinrL=14
502,jinrL=14
503,-
504,jinrL=14
505,-
506,jenrL=14
507,-
508,jenrL=14
509,jenrL=14
510,-
511,jinRL=144
512,-
513,jen(r)L=14
514,jenRul=143
515,jinRL=144
516,jinRrL=144
517,jinrL=14
518,jinRL=144
519,jenrL=14
520,-
521,jenrL=14
522,jenrL=14
523,jinArL=144
524,jinrL=14
525,-
526,-
527,jinrL=14
528,-
529,-
530,jenrL=14
531,jinRl=14
532,jinrL=14
533,jinArL=144
534,-
535,jenr[L]=14
536,-
537,-
538,jenrL=14
539,jen(r)L=14
540,-
541,jin{R}L=144
542,-
543,je[n](r)L=14
544,jenrL=14
545,jenRl=14
546,jinrL=14
547,jinArL=144
548,jen(r)L=14
549,jen(r)L=14
550,-
551,jenrL=14
552,-
553,jinRL=144
554,-
555,-
556,junRl=14
557,jinRl=14
558,jinArL=144
559,-
560,-
561,-
562,jenrL=14
563,jenArL=144
564,jenArL=144
565,jenrL=14
566,-
567,-
568,-
569,jinrL=14
570,jenrL=14
571,jenArL=144
572,jinrL=14
573,jin(r)L=14
574,jen{R}l=14
574,jen{t}L=14
574,jen(r)L=14
575,jenrL=14
576,jenrL=14
576,jenRl=14
577,jin(r)L=14
578,jen(r)L=14
579,jenrL=14
579,jenArL=144
580,jin{R}l=14
581,jenrL=14
582,jenArL=144
583,jenrL=14
584,joonRl=14
585,jen(r)[L]=14
586,-
587,jen(r)L=14
588,jinrL=14
589,jinArL=144
590,jenrL=14
591,jinr[L]=14
592,jenrL=14
593,jenrL=14
594,jen(r)L=14
595,jenrL=14
596,jin(r)L=14
597,jenrL=14
598,jenAr[L]=144
599,jenrL=14
600,jen(r)[L]=14
601,jenRL=144
602,jinn(r)L=14
603,-
604,-
605,-
606,-
607,jenArL=144
608,jenrL=14
609,jen(r)L=14
610,jin(r)[L]=14
611,jenr[L]=14
612,jenn(r)L=14
613,jenrL=14
614,jinn(r)L=14
615,jenRL=144
616,jenrL=14
617,jinr[L]=14
618,jenrLz=14
619,-
620,-
621,je(n)rL=14
622,-
623,jenrL=14
624,jenArL=144
625,jinrL=14
626,jen(r)L=14
627,jinRL=144
628,jinrL=14
629,jinrL=14
630,jenArL=144
631,-
632,jinrL=14
633,jinRL=144
634,jin(r)L=14
635,jenRL=144
636,jen{R}lz=14
637,jenrL=14
637,jinrL=14
638,jin(r)L=14
639,jen{R}lz=14
640,jinn(r)L=14
641,jenRu[l]=143
642,jenrL=14
643,jinrL=14
644,-
645,jenrL=14
646,jinrL=14
647,-
648,jen{t}L=14
649,jenrL=14
650,jenRL=144
651,-
652,jenrL=14
653,jenrL=14
654,jinRL=144
655,jenrL=14
656,jinrL=14
657,jinrL=14
657X,jenArL=144
657Y,jenArL=144
657Z,jenrL=14
658,janArL=144
659,jenIrL=144
659,zhenIrol=341
660,jen(r)L=14
661,jinr[L]=14
662,jenrL=14
663,-
664,-
665,-
666,jenrL=14
667,jenAr[L]=144
668,jinIrL=144
669,jinRL=144
670,jenrL=14
671,jinrL=14
672,jenrL=14
672,jen(r)L=14
673,jinrL=14
674,jenArL=144
675,jenrL=14
676,-
677,ji[n]rR=14
678,jinArL=144
679,jenRL=144
680,jenRL=144
681,jen(r)L=14
682,jinrL=14
683,jinrL=14
684,jenrL=14
685,jenrL=14
686,jenrL=14
687,jinRl=14
688,je[n](r)l
689,jenRL=144
690,jen(r)L=14
691,jenRL=144
692,jenruel=13
693,jenRL=144
694,jenArL=144
695,jinrL=14
696,jenrL=14
697,jen{R}l=14
698,-
699,jenrLz=14
700,-
701,jen(r)L=14
702,jenArL=144
703,jenrL=14
704,jin(r)L=14
705,ji(n)r[L]=14
706,-
707,jenArL=144
708,-
709,jinRL=144
710,jinRL=144
711,jenRL=144
712,jinrL=14
713,jinrL=14
714,-
715,-
716,jenrL=14
717,jinRL=144
718,jenrL=14
718,jenRL=144
719,jinRL=144
720,jenRul=143
721,jinrL=14
722,jinRl=14
723,jenrL=14
724,jenrL=14
725,jenArL=144
726,jenRul=143
727,jinrL=14
728,jen{R}L=144
729,jenrL=14
730,jenrL=14
731,jinrL=14
732,jinRl=14
733,-
734,-
735,-
736,jinRl=14
737,jenRl=14
738,jinrL=14
739,-
740,jinrL=14
741,jen(r)L=14
742,jenrL=14
743,jinrL=14
743,jinAr[L]=144
744,-
745,-
746,-
747,-
748,jinrL=14
749,jenrL=14
750,-
751,jen{R}l=14
752,jenrL=14
753,jinnRl=14
754,jin{R}l=14
755,jinrL=14
756,jen(r)L=14
757,jenrL=14
758,jinAr[L]=144
759,jenrL=14
760,-
761,jen(r)L=14
762,-
763,-
764,jenrL=14
764,jen{R}l=14
764,jin(r)L=14
765,jenRL=144
766,je[n]rL=14
767,jinrL=14
768,-
769,jenurL=134
770,jenrL=14
771,-
772,jenArL=144
773,jen(r)L=14
773,je[n](r)l
773,jin(r)L=14
774,-
775,jen(r)L=14
776,jinrul=13
777,jinrL=14
778,jinrL=14
779,jenrL=14
780,jinArL=144
781,jenAr[L]=144
782,jinrL=14
783,-
784,-
785,jinRL=144
786,jinrL=14
787,jinArL=144
788,jenrL=14
789,jenrL=14
790,jenrL=14
791,jinrL=14
792,jenrL=14
793,-
794,jenArL=144
795,jinrL=14
796,jen(r)L=14
797,jenrL=14
798,jin{R}L=144
799,-
800,jinrL=14
801,jenrL=14
802,jen(r)L=14
803,-
804,-
805,jinRL=144
806,zhoonrL=14
807,jenRl=14
808,-
809,jenrL=14
810,jenrL=14
811,jenArL=144
812,-
813,jenRl=14
814,jenRL=144
815,jenRL=144
816,jinrL=14
817,jinRl=14
818,-
819,jenrL=14
820,jinrul=13
821,jinn(r)L=14
822,jenrLz=14
823,jen(r)L=14
824,jinr[L]=14
825,jen{R}L=144
826,jinRL=144
827,jinrL=14
828,jinn(r)L=14
829,jenrL=14
830,jinR[L]=144
831,jinrL=14
832,-
833,jen{R}L=144
834,jenArL=144
835,jin{R}l=14
836,jinrL=14
837,-
838,jenArL=144
839,jinArLz=144
840,-
841,-
842,jenrL=14
843,jinRl=14
844,jenrL=14
845,jinArL=144
846,jenrL=14
847,-
848,jenrL=14
849,jinrL=14
850,jinrL=14
851,-
852,jinRL=144
853,jinr[L]=14
854,ji(n)RL=144
855,jenrL=14
855,jen(r)L=14
856,-
857,jen{R}rL=144
857,jen(r)L=14
858,-
859,jinRL=144
860,jenrL=14
861,jenrL=14
862,jinRL=144
863,jenRL=144
864,je[n]rL=14
865,jenrL=14
866,jinRL=144
867,je[n]rL=14
868,jenrL=14
869,jenArL=144
870,jinRL=144
871,-
872,-
873,jenrL=14
874,jenArL=144
875,jenrL=14
876,jinArL=144
877,jenRL=144
878,jenRL=144
879,jenrL=14
879,jen(r)L=14
880,jen(r)L=14
881,jenrL=14
882,jinrL=14
883,jenrL=14
884,jinArL=144
885,jenrL=14
886,jenrL=14
887,jenRL=144
887,jinrL=14
888,jinRL=144
888,jinR[L]=144
889,jenrL=14
889,jen{R}l=14
890,jinRL=144
891,jenRL=144
892,-
893,jenrL=14
894,jinrL=14
895,ji(n)RL=144
896,-
897,-
898,jenA{t}L=144
899,jenRL=144
900,jenrL=14
900,jen{R}L=144
901,jenRL=144
902,jinrL=14
903,-
904,jenrL=14
905,jenrL=14
906,jinrL=14
907,jenrL=14
908,jenrL=14
909,-
910,jenrL{z}=14
911,jenrL=14
