Informant,Response
001,tueth
001,teeth
002,tueth
002,teeth
003,tueth
003,teeth
004,tewth
004,teeth
005,tueth
005,teeth
006,tueth
006,teeth
007,tueth
007,teeth
008,tueth
008,teeth
009,tueth
009,teeth
010,tueth
010,teeth
011,tueth
011,teeth
012,tueth
012,teeth
013,tueth
013,teeth
014,tueth
014,teeth
015,tueth
015,teeth
016,tueth
016,teeth
017,tueth
017,teeth
018,tueth
018,teeth
019,tueth
019,teeth
020,tueth
020,teeth
021,tueth
021,teeth
022,tueth
022,teeth
023,tueth
023,teeth
024,tueth
025,tewth
025,teeth
026,tueth
026,teeth
027,tueth
027,teeth
028,tueth
028,teeth
029,tueth
029,P:tueth
030,tueth
030,teeth
031,tueth
031,teeth
032,tueth
032,teeth
033,tueth
033,teeth
034,tueth
034,teeth
035,tueth
035,teeth
036,tueth
036,teeth
037,tueth
037,teeth
038,tueth
038,teech
039,tueth
039,teeth
040,tueth
040,teeth
041,tueth
041,teeth
042,tueth
042,teeth
043,tueth
043,teeth
044,tewth
044,teeth
045,tueth
045,teeth
046,tueth
046,teeth
047,tueth
047,teeth
048,tueth
048,teeth
049,tewth
049,teeth
050,tueth
050,teeth
051,tueth
051,teeth
052,tewth
052,teeth
053,tues
053,teez
054,tueth
054,teeth
055,tueth
055,teeth
056,tewth
056,teeth
057,tueth
057,teeth
058,tewth
058,teeth
059,tueth
059,teeth
060,tueth
060,teeth
061,tueth
061,teef
061,teeth
062,tueth
062,teeth
063,tueth
063,teeth
064,tueth
064,teeth
065,tueth
065,teeth
066,tueth
066,teeth
067,teeth
068,tueth
068,teeth
069,tueth
069,teeth
070,teeth
071,teeth
072,tueth
072,teeth
073,tueth
073,teeth
074,tueth
074,teeth
075,tueth
075,teeth
076,tueth
076,teeth
077,tueth
077,tue(th)
077,teeth
078,tueth
078,teeth
079,tueth
079,teeth
080,tueth
080,teeth
081,tueth
081,teeth
082,teeth
083,S:teeth
083,teethIz=14
084,tueth
084,teeth
085,tueth
085,teeth
086,tueth
086,teeth
087,tueth
087,teeth
088,tueth
088,teeth
089,-
090,teeth
091,tueth
091,teeth
092,tewth
092,tueth
092,teeth
093,teeth
094,tueth
094,teeth
095,tueth
095,teeth
096,tueth
096,teeth
097,tueth
097,teeth
098,teeth
099,tueth
099,teeth
100,tueth
100,teeth
101,tueth
101,teeth
102,tueth
102,teeth
103,tueth
103,teeth
104,tueth
104,teeth
105,tueth
105,teeth
106,tueth
106,teeth
107,tueth
107,teeth
108,tueth
108,teeth
109,teeth
110,tueth
110,teeth
111,tueth
111,teeth
112,tueth
112,teeth
113,teeth
114,tueth
114,teeth
115,S:teeth
115,teeth
116,teeth
117,tueth
117,teeth
118,tueth
118,teeth
119,teeth
120,tueth
120,teeth
121,tueth
121,teeth
122,tueth
122,teeth
123,tewth
123,teeth
124,tueth
124,teeth
125,tueth
125,teeth
126,teeth
127,tueth
127,teeth
128,tueth
128,teeth
129,tueth
129,teeth
130,-
131,tueth
131,teeth
132,tueth
132,P:tueth
133,tueth
133,teeth
134,teef
134,teethIz=14
135,tueth
135,teeth
136,tewth
136,teeth
137,tueth
137,teeth
138,teeth
139,S:teet
139,teet
140,tueth
140,teeth
141,tueth
141,teeth
142,tueth
142,teeth
143,tueth
143,teeth
144,tueth
144,teeth
145,tueth
145,teeth
146,tueth
146,teeth
147,tueth
147,teeth
148,teeth
149,teeth
150,teeth
151,tueth
151,teeth
152,tueth
152,teeth
153,S:teeth
153,teeth
154,tueth
154,teeth
155,tueth
155,teeth
156,tueth
156,teeth
157,tewth
157,teeth
158,tueth
158,teeth
159,tueth
159,teeth
160,tueth
160,teeth
161,tueth
161,teeth
162,tueth
162,teeth
163,tueth
163,teeth
164,tueth
164,teeth
165,S:teeth
165,teeth
166,tueth
166,teeth
167,tueth
167,teeth
168,tueth
168,teeth
169,-
170,tewth
170,teeth
171,teeth
172,tueth
172,teeth
173,tueth
173,teeth
174,tewth
174,teeth
175,-
176,tueth
176,teeth
177,teeth
178,tueth
178,teeth
179,teeth
180,tewth
180,teeth
181,-
182,tueth
182,teeth
183,tueth
183,teeth
184,tueth
184,teeth
185,tewth
185,teeth
186,tueth
186,teeth
187,tueth
187,teeth
188,tuef
188,teef
189,tueth
189,teeth
190,tewth
190,teeth
191,tewth
191,teeth
192,tueth
192,teeth
193,teeth
194,teefIz=14
194,teeth
195,-
196,tewth
196,teeth
197,tueth
197,teeth
198,teeth
199,teeth
200,tueth
200,teeth
201,tueth
201,teef
202,teeth
203,tewth
203,teeth
204,tueth
204,teeth
205,-
206,tueth
206,teeth
207,teeth
208,tueth
208,teeth
209,tueth
209,teeth
210,tueth
210,teeth
211,tueth
211,teeth
212,tueth
213,tuef
214,tueth
214,teeth
215,tueth
215,teeth
216,tueth
216,teeth
217,tueth
217,teeth
218,tueth
218,teeth
219,tueth
220,tewth
220,teeth
221,tueth
221,teeth
222,teeth
223,tueth
223,teeth
224,S:teesh
224,tee{f}
224,tue{f}is=13
225,tueth
225,teech
226,teeth
227,tueth
227,teeth
228,tueth
228,teeth
229,tueth
229,teeth
230,teeth
231,teeth
232,teeth
233,tueth
233,teeth
234,tueth
234,teeth
235,tueth
235,teeth
236,tueth
236,teeth
237,tueth
237,teeth
238,tewth
238,teeth
239,tueth
239,teeth
240,tewth
240,teeth
241,-
242,tueth
242,P:tueth
243,tueth
243,teeth
244,-
245,tueth
245,teeth
246,tueth
246,teeth
247,tueth
247,teeth
248,tueth
248,teeth
249,tueth
249,teeth
250,tueth
250,teeth
251,tueth
251,teef
251,teeth
252,-
253,tueth
253,teeth
254,tueth
254,teeth
255,-
256,tuef
256,teeth
257,tueth
257,teeth
258,tueth
258,teeth
259,tueth
259,teeth
260,-
261,tueth
261,teeth
262,tueth
262,teeth
263,-
264,tueth
264,teeth
265,teeth
266,tueth
266,teeth
267,tueth
267,teeth
268,-
269,tueth
269,teeth
270,tueth
270,teeth
271,tueth
271,teeth
272,tueth
272,teeth
273,tueth
273,teeth
274,tueth
274,teeth
275,tueth
275,teeth
276,tewth
276,tueth
276,teeth
277,tueth
277,teeth
278,tueth
278,teeth
279,tueth
279,teeth
280,tueth
280,teeth
281,tueth
281,teeth
282,-
283,tuet
283,teet
284,tueth
284,teeth
285,-
286,tueth
286,teeth
287,tueth
287,teeth
288,tueth
288,teeth
289,tewth
289,teeth
290,tuet
290,tueth
290,teeth
291,tueth
291,teeth
292,tueth
292,tee(th)
293,tueth
293,teeth
294,tewth
294,teeth
295,tueth
295,teeth
296,tuef
296,teeth
297,teeth
298,-
299,tueth
299,teeth
300,tueth
300,teeth
301,tueth
301,teeth
302,tueth
302,teeth
303,tueth
303,teeth
304,tueth
304,teeth
305,tueth
305,teeth
306,tueth
306,teeth
307,tueth
307,teeth
308,tueth
308,teeth
309,tueth
309,teeth
310,tueth
310,teeth
311,tueth
311,teeth
312,tueth
312,teeth
313,tueth
313,teeth
314,teeth
315,teeth
316,tueth
316,teeth
317,tueth
317,teeth
318,teeth
319,-
320,tueth
320,teeth
321,tueth
321,teeth
322,tueth
322,teeth
323,teeth
324,tueth
324,teeth
325,tueth
325,teeth
326,tewth
326,teeth
327,tueth
327,teeth
328,tueth
328,teeth
329,tueth
329,teeth
330,tewth
330,teeth
331,tueth
331,teeth
332,tueth
332,teeth
333,tueth
333,teeth
334,tueth
334,teeth
335,tueth
335,teeth
336,tueth
336,teeth
337,tueth
337,taith
338,tueth
338,teeth
339,tewth
340,tuef
340,teef
341,teeth
342,tueth
343,teeth
344,tee(th)
345,tewth
345,teeth
346,tueth
346,teeth
347,tueth
347,teeth
348,tueth
348,teeth
349,tueth
349,teeth
350,tueth
350,teeth
351,tueth
351,teeth
352,teeth
353,tueth
353,teeth
354,tueth
354,teeth
355,tewth
355,teeth
356,tueth
356,teeth
357,tueth
357,teeth
358,tueth
358,teeth
359,tueth
359,teeth
360,tueth
360,teeth
361,tueth
361,teeth
362,tueth
362,teeth
363,tueth
363,teeth
364,teeth
365,teeth
366,-
367,tueth
367,teeth
368,tueth
368,teeth
369,tueth
369,teeth
370,tueth
370,teeth
371,tueth
371,teeth
372,tueth
372,teeth
373,tueth
373,teeth
374,tueth
374,teeth
375,tueth
375,teeth
376,-
377,teethIz=14
378,tueth
378,teeth
379,tueth
379,teeth
380,tueth
380,teeth
381,tueth
381,teeth
382,tueth
382,teeth
383,tueth
383,teeth
384,tueth
384,teeth
385,tueth
385,teeth
386,tueth
386,teeth
387,tueth
387,teeth
388,tueth
388,teeth
389,tueth
389,teeth
390,tueth
390,teeth
391,tueth
391,teeth
392,tueth
392,teeth
393,teeth
394,tueth
394,teeth
395,tueth
395,teeth
396,-
397,tueth
397,teeth
398,tueth
398,teeth
399,tueth
399,teeth
400,tueth
400,teeth
401,teeth
402,teeth
403,tueth
403,teeth
404,tueth
404,teeth
405,tueth
405,teeth
406,tueth
407,tewth
407,teeth
408,tueth
408,teeth
409,tueth
409,teeth
410,-
411,tueth
411,teeth
412,tueth
412,teeth
413,tueth
413,teeth
414,tueth
414,teeth
415,tueth
415,teeth
416,tueth
416,teeth
417,teeth
418,tewth
418,teeth
419,tueth
419,teeth
420,tueth
420,teeth
421,tues
421,teeth
422,tueth
422,teeth
423,tueth
423,teeth
424,tueth
424,teeth
425,tueth
425,teeth
426,tueth
426,teeth
427,tueth
427,teeth
428,tueth
428,teeth
429,-
430,-
431,tueth
431,teeth
432,S:teeth
432,teeth
433,tueth
433,teeth
434,tueth
434,teeth
435,tueth
435,teeth
436,tueth
436,teeth
437,tewth
437,tueth
438,teeth
439,tueth
439,teeth
440,tueth
440,teeth
441,tueth
441,teeth
442,tewth
442,teeth
443,tueth
443,teeth
444,tueth
444,teeth
445,tueth
445,teeth
446,tueth
446,teeth
447,tewth
447,teeth
448,tuef
448,teeth
449,tueth
449,teeth
450,tueth
450,teeth
451,tueth
451,teeth
452,tueth
452,teeth
453,-
454,tuet
454,teeth
455,tueth
455,teeth
456,tueth
456,teeth
457,tueth
457,teeth
458,tueth
458,teeth
459,-
460,tueth
460,teeth
461,tueth
461,teeth
462,teeth
463,tueth
463,teeth
464,tueth
464,teeth
465,tueth
465,teeth
466,tueth
466,teeth
467,tueth
467,teeth
468,tueth
468,teeth
469,tueth
469,teeth
470,tueth
470,teeth
471,tueth
471,teeth
472,tewth
472,teeth
473,teeth
474,tueth
474,teeth
475,tewth
475,teeth
476,tueth
476,teeth
477,tueth
477,teeth
478,tuef
478,teef
478,teeth
479,tueth
479,teeth
480,tueth
480,teeth
481,tueth
481,teeth
482,tueth
482,teeth
483,-
484,tueth
484,teeth
485,teeth
486,teeth
487,-
488,tueth
488,teeth
489,tueth
489,teeth
490,tueth
490,teeth
491,-
492,teeth
493,-
494,teeth
495,tueth
495,teeth
496,tueth
496,teeth
497,teeth
498,tueth
498,teeth
499,tueth
499,teeth
500,-
501,tueth
501,teeth
502,tuef
502,teeth
503,tush
503,tushIz=14
504,tuef
504,teef
505,tuef
505,teeth
506,-
507,-
508,-
509,-
510,-
511,-
512,tueth
512,teeth
513,tueth
513,teeth
514,tueth
514,teeth
515,-
516,tueth
516,teeth
517,tueth
517,teeth
518,tueth
518,teeth
519,tueth
519,teeth
520,-
521,tueth
521,teeth
522,tueth
522,teeth
523,tueth
523,teeth
524,tueth
524,teeth
525,tueth
525,teeth
526,-
527,tueth
527,teeth
528,-
529,-
530,tueth
530,teeth
531,tueth
531,teeth
532,tuet
532,teeth
533,tueth
533,teeth
534,tueth
534,teeth
535,tewth
535,teeth
536,tuef
536,teez
537,tueth
537,teeth
538,tewth
538,teeth
539,tueth
539,teeth
540,-
541,tueth
541,teeth
542,teeth
543,tueth
543,teeth
544,tueth
544,teeth
545,teeth
546,-
547,tueth
547,teeth
548,tewth
548,teeth
549,tueth
549,teeth
550,-
551,tueth
551,teeth
552,-
553,tuethIz=14
553,teeth
554,-
555,tueth
555,teef
556,-
557,tueth
557,teeth
558,tueth
558,teeth
559,teeth
560,tueth
560,teeth
561,tueth
562,tueth
562,teeth
563,tewth
563,teeth
564,tueth
564,teeth
565,tueth
565,teeth
566,teeth
567,-
568,-
569,tueth
569,teeth
570,tueth
570,teeth
571,tuef
571,teeth
572,tueth
572,teeth
573,S:teeth
573,teeth
574,tueth
574,teeth
575,tueth
575,teeth
576,tueth
576,teeth
577,tueth
577,teeth
578,tueth
578,teeth
579,tueth
579,teeth
580,teeth
581,tueth
581,teeth
582,tueth
582,teeth
583,tewth
583,teeth
584,tueth
584,teeth
585,S:teef
585,teef
586,tueth
586,teeth
587,tuef
587,teefIz=14
588,tueth
588,teeth
589,tueth
589,teeth
590,tueth
590,teeth
591,tueth
591,teeth
592,tueth
592,teeth
593,teeth
593,teethIz=14
594,tuef
594,teef
595,tueth
595,teeth
596,tueth
596,teeth
597,tueth
597,teeth
598,tueth
598,teeth
599,tueth
599,teeth
600,tuef
600,teeth
601,tueth
601,teeth
602,tuef
602,teef
603,teeth
604,-
605,-
606,tueth
606,teeth
607,tueth
607,teeth
608,tueth
608,teeth
609,tueth
609,teeth
610,teeth
611,tue{f}
611,teeth
612,tueth
612,teeth
612,teethIz=14
613,tueth
613,teeth
614,tuef
614,teef
615,tueth
615,teeth
616,teeth
617,tewth
617,teeth
618,teeth
619,-
620,tueth
620,teeth
621,tueth
621,teeth
622,tueth
622,teeth
623,tueth
623,teeth
624,tueth
624,teeth
625,tueth
625,teeth
626,-
627,S:teeth
627,teeth
628,tuet
628,teet
628,teeth
629,tueth
629,teeth
630,tueth
630,teeth
631,tueth
631,teeth
632,tueth
632,teeth
633,-
634,tewth
634,teeth
635,tueth
635,teeth
636,tueth
636,teeth
637,tueth
637,teeth
638,tueth
638,teeth
639,tueth
639,teeth
640,tueth
640,teeth
641,tueth
641,teeth
642,-
643,tueth
643,teeth
644,-
645,tueth
645,teeth
646,teeth
647,teets
648,tueth
648,teeth
649,tueth
649,teeth
650,tueth
650,teeth
651,-
652,tueth
652,teeth
653,teeth
654,tueth
654,teeth
655,tueth
655,teeth
656,tueth
656,teeth
657,tueth
657,teeth
657X,tueth
657X,teeth
657Y,tueth
657Y,teeth
657Z,tueth
657Z,teeth
658,tueth
658,teeth
658,teet
659,tueth
659,teeth
660,S:teeth
660,teeth
661,tueth
661,teeth
662,tewth
662,teeth
663,-
664,-
665,tuef
665,teef
665,teefIz=14
666,S:teef
666,teeth
667,tuet
667,teet
668,tueth
668,teeth
669,tueth
669,teeth
670,teeth
671,tueth
671,teeth
672,teeth
673,tueth
673,teeth
674,tueth
674,teeth
675,tueth
675,teeth
676,-
677,teeth
678,-
679,tueth
679,teeth
680,teeth
681,tueth
681,teeth
682,tueth
682,teeth
683,tueth
683,teeth
684,tueth
684,teeth
685,tueth
685,teeth
686,tueth
686,teeth
687,tueth
687,teeth
688,teefIz=14
688,teethIz=14
689,tueth
689,teeth
690,tueth
690,teeth
691,tueth
691,teeth
692,teeth
693,tueth
693,teeth
694,tueth
694,teeth
695,tueth
695,teeth
696,tueth
696,teeth
697,tueth
697,teeth
698,-
699,teeth
700,-
701,tueth
701,teeth
702,-
703,teeth
704,tueth
704,teeth
705,tewth
705,teeth
706,-
707,tueth
707,teeth
708,tueth
708,teeth
709,tueth
709,teeth
710,tueth
710,teeth
711,tueth
711,teeth
712,tueth
712,teeth
713,teeth
714,tueth
714,teeth
715,-
716,tueth
716,teeth
717,-
718,tueth
718,teeth
719,tueth
719,teeth
720,tueth
720,teeth
721,tueth
721,teeth
722,tueth
722,teeth
723,tueth
723,teeth
724,tewth
724,teeth
725,tooth
725,teeth
726,-
727,tueth
727,teeth
728,teeth
729,tueth
729,teeth
730,tueth
730,teeth
731,tueth
731,teeth
732,tueth
732,teeth
733,teeth
734,-
735,-
736,-
737,teeth
738,tueth
738,teeth
739,-
740,teeth
741,tueth
741,teeth
742,teeth
743,tueth
743,teeth
744,teeth
745,teeth
746,-
747,tueth
747,teeth
748,S:teeth
748,teeth
749,tue{f}
749,teeth
750,-
751,tueth
751,teeth
752,tueth
752,teeth
753,tueth
753,teeth
754,teeth
755,tueth
755,teeth
756,S:teeth
756,teet
756,teeth
757,tewth
757,teeth
758,teeth
759,-
760,-
761,tueth
761,teeth
762,-
763,-
764,tueth
764,teeth
765,tueth
765,teeth
766,teef
766,teeth
767,tueth
767,teeth
768,tueth
768,teeth
769,tueth
769,teeth
770,tueth
770,teeth
771,tueth
771,teeth
772,tues
772,teeth
773,tueth
773,tewth
773,teeth
774,S:teeth
774,P:tueth
775,tueth
775,teeth
776,tueth
776,teeth
777,tueth
777,teeth
778,tueth
778,teeth
779,tewth
779,teeth
780,tueth
780,teeth
781,tueth
781,teeth
782,tueth
782,teeth
783,teeth
784,teesIz=14
784,teethIz=14
785,tueth
785,teeth
786,tueth
786,teeth
787,tueth
787,teeth
788,tooth
788,teeth
789,tueth
789,teeth
790,tueth
790,teeth
791,tueth
791,teeth
792,teeth
793,-
794,tueth
794,teeth
795,teeth
796,tueth
796,teeth
797,tueth
797,teeth
798,tueth
798,teeth
799,-
800,tueth
800,teeth
801,tueth
801,teeth
802,tueth
802,teeth
803,teeth
804,-
805,tueth
805,teeth
806,tueth
806,teeth
807,tueth
807,teeth
808,tueth
808,teeth
809,tuet
809,teet
810,tuet
810,teet
810,teeth
811,tueth
811,tuefs
811,teef
811,teets
812,teeth
813,tueth
813,teeth
814,tueth
814,teeth
815,tueth
815,teeth
816,tueth
816,teeth
817,tueth
817,teeth
818,-
819,tueth
819,teeth
820,tueth
820,teeth
821,S:teeth
821,teeth
822,tueth
822,teeth
823,tueth
823,teeth
824,tueth
824,teeth
825,tueth
825,teeth
826,tueth
826,teeth
827,tewth
827,teeth
828,tueth
828,teeth
829,tueth
829,teeth
830,tueth
830,teeth
831,tueth
831,teeth
832,-
833,tueth
833,teeth
834,tueth
834,teeth
835,tueth
835,teeth
836,tueth
836,teeth
837,-
838,teef
838,teeth
839,tueth
839,teeth
840,tueth
840,teeth
841,teef
841,teeth
842,tueth
842,teeth
843,tueth
843,teeth
844,tewth
844,teeth
845,tueth
845,teeth
846,tueth
846,teeth
847,-
848,tueth
848,teeth
849,teeth
850,tueth
850,teeth
851,teeth
852,tueth
852,teeth
853,tueth
853,teeth
854,tueth
854,teeth
855,tueth
855,teeth
856,teeth
857,tueth
857,teeth
858,tueth
858,teeth
859,tueth
859,teeth
860,tueth
860,teeth
861,tueth
861,teeth
862,tueth
862,teeth
863,tueth
863,teeth
864,tewth
864,teeth
865,tueth
865,teeth
866,tueth
866,teeth
867,tueth
867,teeth
868,tueth
868,teeth
869,tueth
869,teeth
870,tueth
870,teeth
871,-
872,teeth
873,tueth
873,teeth
874,tewth
874,teeth
875,tooth
875,teeth
876,tueth
876,teeth
877,tewth
877,teeth
878,tueth
878,teeth
879,-
880,teeth
881,-
882,tueth
882,teeth
883,tewth
883,teeth
884,-
885,tuet
885,teeth
886,tueth
886,teeth
887,tueth
887,teeth
888,tuef
888,teef
889,tueth
889,teeth
890,tueth
890,teeth
891,tueth
891,teeth
892,teeth
893,tuef
893,teef
894,tueth
894,teeth
895,tueth
895,teeth
896,tueth
896,teeth
897,tues
897,tuet
897,teeth
898,tooth
898,teet
899,tueth
899,teeth
900,tueth
900,teeth
901,tueth
901,teeth
902,tueth
902,teeth
903,tewth
903,teeth
904,tueth
904,teeth
905,tueth
905,teeth
906,-
907,tueth
907,teeth
908,tewth
909,-
910,tueth
910,teeth
911,tuef
911,teeth
