Informant,Response
001,for(h)Id=14
002,fawr(h)Id=14
003,fawr(h)Id=14
004,foer(he)d
005,fawr(h)Id=14
006,f{aw}r(h)Id=14
007,foerhed=13
007,for(h)Ad=14
008,foerhed=13
009,foerhed=13
010,foer(h)ed=13
011,foerh{ai}d=13
012,foerhed=13
013,foerhed=13
014,foerhId=14
015,foerhed=13
016,faw[r]hed=13
017,furhId=14
018,foerh{ai}d=13
019,foerhed=13
020,foerhed=13
021,foerhed=13
022,foe[r]hed=13
023,for(he)d
024,fawr(h)Id=14
025,-
026,foerhed=13
026,for(he)d
027,foer(h)Id=14
028,foerhed=13
028,foer(h)Id=14
029,foe[r](h)id=13
030,foe[r]hed=13
031,for(h)Id=14
032,foerhed=13
033,foer(h)id=13
034,foer(h)Id=14
035,foer(h)ed=13
036,fawr(h)Id=14
037,foerhed=13
038,foerhed=13
039,foerhed=13
040,foer(h)Id=14
041,f{aw}r(h)Id=14
042,fur(h)Id=14
043,foer(h)Id=14
044,for(he)d
045,fawr(h)Id=14
045,foerhed=13
046,foerhed=13
047,foerhed=13
047,for(h)Id=14
048,foerhed=13
049,foerhed=13
050,foerhed=13
051,foerhId=14
052,fo[r](he)d
053,foerhed=13
054,for(h)Id=14
055,f{o}r(h)Id=14
056,foer(h)Id=14
057,fawr(h)Id=14
057,foerh{ai}d=13
057,for(h)Id=14
058,foerhed=13
059,for(h)Id=14
060,fawr(h)Id=14
061,foerhed=13
062,foerhed=13
063,foer(he)d
064,foerhed=13
064,for(h)Id=14
065,foerhed=13
065,for(h)Ad=14
066,foe(r)hed=13
067,fo{r}hed=13
068,foerhed=13
068,foer(h)Id=14
069,-
070,for(h)Id=14
071,for(h)Id=14
072,foerhed=13
073,foerh{ai}d=13
074,foe[r]h{ai}d=13
075,f{aw}(r)wRd=14
076,foe[r]hed=13
077,-
078,foerh{ai}d=13
078,for(h)Id=14
079,for(h)Id=14
080,for(h)Id=14
081,foerhed=13
081,for(h)Id=14
082,-
083,foe[r]hed=13
084,foe[r]{?}Ad=14
085,foe(r)h{ai}d=13
086,forhed=13
087,foer(h)Ad=14
088,foe{r}h{ai}d=13
089,-
090,-
091,foerhed=13
092,foe{r}(h)Id=14
093,{f}oe(r)hid=13
094,faw[r]red=13
095,{f}oe(r)haid=13
096,foe(r)h{ai}d=13
097,for(h)Id=14
098,{f}oe(r)hid=13
099,foer(h)Id=14
100,foerh{ai}{d}=13
101,foer(h)Ad=14
102,foe{r}hed=13
103,for(h)I{d}=14
104,foe[r]rId=14
105,foe[r]hed=13
106,foerhed=13
107,for(h)Id=14
108,foerhed=13
109,for(h)Id=14
110,foe[r]h{ai}d=13
111,foe[r]hed=13
112,fawr(h)Id=14
113,for(h)id=13
114,foe[r]hed=13
115,foe[r]wId=14
115,foe(r)hed=13
116,-
117,foer(h)N=14
117,foerrAd=14
118,fawr(h)Id=14
119,foe[r]h{ai}d=13
120,foe{r}hed=13
120,for(h)Id=14
121,foe[r]hed=13
121,fo(r)wId=14
122,for(h)Id=14
123,for(h)Id=14
124,foer(h)Id=14
125,foe[r]hed=13
126,for(h)Id=14
127,foerhed=13
128,foe[r]rId=14
129,foe[r]h{ai}d=13
130,f{o}r(h)Id=14
131,foe[r]hed=11
132,foe[r]hed=13
133,for(h)Id=14
134,fo[r](h)id=13
135,foe(r)hed=13
136,foerhed=13
137,for(h)Ad=14
138,foe(r)hed=13
138,fo[r]rAd=14
139,foe{r}(h)Id=14
140,-
141,foe[r]hed=13
141,fo(r)wId=14
142,foe[r]hed=13
142,for(h)Id=14
143,foe(r)hed=13
143,for(h)Id=14
144,foe[r]hed=13
144,f{o}r(h)Id=14
144,f{o}r(he)d
145,foe(r)hed=13
146,for(h)Id=14
147,foe[r]rId=14
148,foe{r}hed=13
148,for(h)Id=14
149,foe[r]hed=13
150,foe{r}hed=13
151,for(h)I{d}=14
152,foe{r}h{ai}d=13
153,foe(r)hed=13
154,foe(r)hed=13
155,fawr(h)Id=14
156,fo[r]rId=14
157,foe[r]h{ai}d=13
157,forrId=14
158,foerhed=13
158,for(h)Id=14
159,foe[r]hed=13
160,foer(h)Id=14
161,far(h)Ad=14
161,foe[r]h{ai}d=13
162,fo(r)wId=14
163,foe[r]hed=13
164,for(h)Id=14
165,foe(r)h{ai}d=13
166,fo[r]wAd=14
167,fo[r]rId=14
168,f{o}r(h)Ad=14
169,-
170,for(h)Id=14
171,for(h)Id=14
172,foe[r]h{ai}d=13
173,foe{r}hed=13
173,foer(he)d
174,foe[r]rId=14
175,-
176,foer(h)Id=14
177,foe{r}hed=13
177,for(h)Id=14
178,foe[r]rId=14
179,for(h)Id=14
180,foe{r}hed=13
181,-
182,foe{r}(h)ed=13
183,foe[r]h{ai}d=13
184,for(h)Id=14
185,foe{r}(h)Ad=14
186,foerhed=13
186,foer(h)Id=14
187,foe(r)hed=13
188,foe[r](h)Ad=14
189,foe[r]hed=13
189,for(h)Id=14
190,fo[r]rId=14
191,{f}awr(h)Id=14
192,faw(r)wIj=14
192,faw(r)w{R}d=14
193,-
194,foe(r)wAd=14
195,-
196,foer(h)Id=14
197,foe(r)hed=13
197,foe[r](h)Id=14
198,foe(r)hed=13
199,{f}or(h)R{d}=14
200,foe(r)hed=13
200,for(h)Ad=14
201,foe[r]hed=13
202,-
203,foe(r)hed=13
203,for(h)Id=14
204,for(h)Id=14
205,-
206,foerhed=13
207,fo[r](he)d
208,foe{r}h{ai}d=13
209,for(h)Id=14
210,foe[r]had=13
211,foerhed=13
212,for(h)Id=14
213,foe[r]hed=13
214,fo{r}rId=14
215,faw(rh)Id=14
216,for(h)Id=14
217,faw(rh)Id=14
218,foe[r]hed=13
219,faw(rh)Ad=14
220,{f}awr(h)Id=14
221,foe(r)h{ai}d=13
222,foe[r]hed=13
223,foe{r}hed=13
224,-
225,foe[r]hed=13
226,for(h)Id=14
227,foerh{ai}{d}=13
228,-
229,foe{r}hed=13
230,foerhed=13
231,foerhed=13
232,-
233,foerhe{d}=13
234,fo{r}(h)Id=14
235,for(h)Id=14
236,foerhed=13
237,foe(r)hed=13
238,foerhed=13
239,for(h)Id=14
240,foerhed=13
241,-
242,for(h)Id=14
243,foerhed=13
244,-
245,f{o}r(h)Id=14
246,foe(r)hed=13
247,foe[r]hed=13
248,foerhed=13
249,{f}aw(r)hid=13
250,foe{r}hed=13
251,foe(r)hed=13
252,-
253,fawr(h)Id=14
254,foerhed=13
255,-
256,foerhed=13
257,foerhed=13
258,foerhed=13
259,foe(r)hed=13
260,-
261,foerhed=13
262,fawr(h)Id=14
263,fo{r}(he)d
264,foe{r}hed=13
265,foe[r]hed=13
266,foerhed=13
267,f{o}(rh)Id=14
268,-
269,{f}oerhed=13
270,foe[r]hid=13
271,foer(h)Id=14
272,foerhed=13
273,foerhed=13
274,foerhed=13
275,for(h)I{d}=14
276,foer(h)Id=14
277,forhed=13
278,foerhed=13
279,foerhed=13
280,foe[r]hed=13
281,for(h)I{d}=14
282,-
283,foe[r]hid=13
284,foe{r}(h)Id=14
285,foe{r}hed=13
286,foerhed=13
287,foerhed=13
288,foe[r]h{ai}d=13
288,for(h)Id=14
289,foe(r)hed=13
290,foerhed=13
291,foerhed=13
292,foerhed=13
293,for(h)Id=14
294,foerhed=13
295,foe[r]hed=13
296,fawr(h)Id=14
297,foer(h)Id=14
298,-
299,foer(h)Id=14
300,foer(h)id=13
301,foe[r]hed=13
302,foe[r]hed=13
303,foe{r}hed=13
304,foerhed=13
305,foerhed=13
306,foe[r]hed=13
307,f{o}r(h)Id=14
308,foe[r]h{ai}d=13
309,fawrhet=13
310,foe[r]hed=13
311,faw{r}(h)Id=14
312,for(h)Id=14
313,foerhed=13
314,foe(rh)Id=14
315,foe[r]hed=13
316,foe(r)h{ai}d=13
317,foe[r]hed=13
318,-
319,-
320,for(h)Id=14
321,for(h)Ad=14
321,for(h)Id=14
321,for(he)d
322,foerhed=13
323,foerhed=13
324,faw(r)wRd=14
324,foer(h)Id=14
325,foe[r]hed=13
325,for(h)Id=14
326,faw(rh)Id=14
326,foerhed=13
327,for(h)Id=14
328,for(h)Id=14
329,foerhed=13
330,foe[r](h)Ad=14
331,fo(rh)Ad=14
332,f{o}r(h)Id=14
333,foerhed=13
334,foer(h)Id=14
335,fawr(h)Id=14
335,foerh{ai}d=13
336,foerhed=13
337,fo{r}(h)Ad=14
338,for(h)Id=14
339,faw{r}(he)d
340,foe(rh)Id=14
341,foe[r]hed=13
342,{f}o{r}(h)Id=14
343,foer(h)Id=14
344,faw{r}(he)d
345,f{o}r(he)d
346,foe[r]hed=13
347,foe(rh)Id=14
348,for(h)Id=14
349,-
350,faw[r]hed=13
351,foerhed=13
352,foer(h)ed=13
353,foerhed=13
354,fawr(h)Id=14
355,fo{r}(h)Id=14
356,faw(rh)Id=14
356,foerhed=13
357,fo[r](h)Id=14
358,foe[r]hed=13
359,foerhed=13
359,foe{r}hed=13
360,for(h)Id=14
361,for(h)Id=14
362,foerhed=13
363,foe[r]wAd=14
364,f{aw}{r}(h)Id=14
365,foerhed=13
365,for(h)Id=14
366,for(h)Id=14
367,foerhed=13
368,foerhed=13
369,f{aw}(r)wAd=14
370,f{o}r(h)Id=14
371,foerhed=13
372,foer(h)I{d}=14
373,{f}awr(h)Id=14
374,foerhed=13
375,foerhed=13
375,for(h)Id=14
376,-
377,-
378,foe[r]hed=13
379,fawr(h)Id=14
380,-
381,foerhed=13
382,fo{r}rId=14
382,fo{r}(he)d
383,foer(h)Id=14
384,foe{r}(he)d
385,foerhed=13
386,foe[r](h)Id=14
387,foer(h)Id=14
388,f{o}r(h)Id=14
389,foe[r]hed=13
390,foe[r]hed=13
391,foer(h)Id=14
392,fo{r}(h)Id=14
393,fawrhed=13
394,foe(r)hed=13
395,foer(h)Id=14
396,-
397,for(h)Id=14
398,for(h)Id=14
399,foe(r)h{ai}d=13
399,fo(rh)Id=14
400,fawr(h)Id=14
400,faw[r](h)Id=14
400,foe[r]hed=13
400,foe[r](h)Id=14
401,foe[r](he)d
402,fo[r]rId=14
403,foe(r)hed=13
403,foe(rh)Id=14
404,for(h)Id=14
405,for(h)Id=14
406,foer(h)Id=14
407,for(h)Id=14
408,foe[r]h{ai}d=13
409,for(h)Id=14
410,foe[r]h{ai}d=13
410,foe(rh)ed=13
411,foe[r]hed=13
411,fo{r}(h)Id=14
412,-
413,foe(r)hed=13
414,{f}aw[r]hed=13
415,fo{r}wAd=14
416,for(h)Ad=14
417,for(h)Id=14
418,for(h)Id=14
419,foe[r]rId=14
420,foe[r]hed=13
420,foe[r](h)Id=14
421,foe(r)hed=13
422,foe[r]hed=13
423,foerhed=13
424,foe{r}hed=13
425,-
426,foerhed=13
427,foe[r]hed=13
428,foerhed=13
428,fo[r]rI{d}=14
429,-
430,-
431,fawr(he)d
432,foe(r)h{ai}d=13
433,foerhed=13
434,faw[r](he)d
435,foer(h)Id=14
435,foe[r]hed=13
436,foerhed=13
437,foerhed=13
437,for(h)Id=14
438,faw[r](he)d
439,foe[r]hed=13
440,for(h)Id=14
441,faw(rh)Id=14
441,foe(r)hed=13
442,fawr(h)Id=14
443,foerhed=13
444,fawr(h)Id=14
444,foerhed=13
445,for(h)Ad=14
446,foer(he)d
447,fawr(h)Id=14
447,foerhed=13
448,foe{r}hed=13
449,foe(r)hed=13
450,foe{r}(h)I{d}=14
451,f{aw}r(h)Id=14
451,for(h)Id=14
452,for(h)Id=14
453,-
454,fawr(h)Id=14
455,foerhed=13
456,fo{r}(h)Id=14
457,fawr(h)Ad=14
457,fawr(h)Id=14
458,for(h)Id=14
459,-
460,foe(r)hed=13
461,foerh{ai}d=13
461,for(h)Id=14
462,foerhid=11
463,foerhed=13
464,foer(h)Id=14
465,faw(rh)Id=14
466,foe(r)h{ai}d=13
467,foe{r}hed=13
468,for(h)ed=13
469,foe[r]hed=13
470,foe{r}hed=13
471,fo{r}rId=14
472,foe[r]hed=13
472,for(h)Id=14
473,foe{r}hed=13
474,foerhed=13
475,f{aw}r(h)Id=14
476,for(h)Id=14
477,foer(h)Id=14
478,for(h)I{d}=14
479,foerh{ai}d=13
480,foer(h)Id=14
481,foe[r]h{ai}{d}=13
482,foe[r]rId=14
483,-
484,foerh{ai}d=13
485,foerh{ai}d=13
486,-
487,-
488,foe{r}hed=13
489,foe(r)hed=13
489,for(h)Id=14
490,f{o}r(h)Id=14
491,-
492,foerhed=13
492,for(he)d
493,-
494,f{o}r(h)Id=14
495,foe[r]hed=13
496,foerhed=13
497,-
498,foerh{ai}d=13
499,foe{r}(h)Ad=14
500,-
501,foe(rh)Id=14
502,f{o}rwRd=14
503,foe(r)hed=13
504,foerh{ai}d=13
505,foe(r)hed=11
506,foe[r]hed=13
506,for(h)Id=14
507,-
508,foe(r)hed=13
509,-
510,-
511,foe{r}hed=13
511,for(h)Id=14
512,-
513,foe[r]hed=13
514,foe(r)hed=13
515,-
516,foerhed=13
517,fawrhed=13
518,foe{r}hed=13
519,faw{r}hed=13
520,-
521,for(h)Id=14
522,for(h)Id=14
523,foe[r]h{ai}{d}=13
524,foerhed=13
525,foe(r)h{ai}d=13
526,-
527,fo{r}(h){R}d=14
528,foe(r)hed=13
528,fo(rh)Id=14
529,-
530,faw{r}hed=13
531,-
532,foe(r)hed=13
533,foerhed=13
534,foe[r]hed=13
535,{f}oe(r)hed=13
536,foe{r}hed=13
537,foe(r)hed=13
538,foer(h)Id=14
539,foe{r}hed=13
540,-
541,foerhed=13
542,-
543,foe[r](he)d
544,foe{r}h{ai}d=13
544,for(h)Id=14
545,foe(rh)Id=14
546,-
547,foe[r]hed=13
548,foerhed=13
549,fawr(h)Id=14
550,-
551,-
552,for(h)I{d}=14
553,-
554,-
555,fo(r)hed=13
556,foe{r}hed=13
557,foe[r]hed=13
558,foerh{ai}d=13
559,-
560,-
561,-
562,foerh{ai}d=13
562,foe[r]hed=13
562,for(h)Id=14
563,for(h)Id=14
564,foe{r}he{d}=13
565,foe[r]hed=13
566,-
567,-
568,-
569,foe(r)hed=13
570,foe[r]hed=13
571,foe[r]hed=13
572,foe(rh)aid=13
573,foe(rh)Id=14
574,faw[r]wAd=14
575,fo[r]rId=14
576,f{o}r(h)Id=14
577,faw(r)wAd=14
578,f{o}{r}(he)d
579,for(h)Id=14
580,foe(rh)Id=14
581,fo{r}(h)Id=14
582,foerhId=14
582,fo[r]rId=14
583,foe[r]hed=13
584,foerh{ai}d=13
585,foe(r)hed=13
586,-
587,foe[r]hed=13
588,foe[r]h{ai}d=13
589,foe[r]h{ai}d=13
590,foe{r}hed=13
591,foer(h)Id=14
592,for(h)Id=14
593,-
594,fawr(h)Ad=14
595,foerhed=13
596,foe(r)h{ai}d=13
597,foerhed=13
598,fo{r}(h)Ad=14
599,foerhed=13
600,f{o}r(h)Id=14
600,{f}awr(h)Id=14
601,foerh{ai}d=13
602,foe[r]h{ai}d=13
603,-
604,-
605,-
606,-
607,foerhed=13
608,for(h)Id=14
609,foe(rh)Id=14
610,faw(rh)Id=14
610,foe(r)h{ai}d=13
611,{f}or(h)Id=14
612,faw(r)wId=14
613,foerhed=13
614,faw(r)hed=13
614,foe(r)hed=13
615,for(h)Id=14
616,-
617,foe[r]hid=13
618,-
619,-
620,faw[r]hed=13
620,f{o}[r](h)Id=14
621,faw[r]hed=13
622,foerhe{d}=13
623,fawrh{ai}d=13
623,foe{r}hed=13
624,foe{r}hed=13
625,fo{r}wId=14
626,-
627,f{o}r(h)Id=14
628,foerhed=13
629,foerhed=13
630,foe[r]hed=13
631,-
632,faw[r]hed=13
632,foe[r]hed=13
632,forhed=13
633,foe{r}hed=13
634,foe[r]hed=13
635,foerh{ai}d=13
636,fawrhed=13
636,fawr(h)Ad=14
637,f{o}(rh)Id=14
638,foe[r]hed=13
639,f{o}{r}(he)d
640,foe(rh)Ad=14
641,f{o}r(h)Id=14
642,-
643,for(h)Id=14
644,-
645,fo{r}hed=13
646,for(h)Ad=14
647,-
648,fo{r}hed=13
649,f{o}rh{ai}d=13
650,faw(r)hed=13
651,-
652,for(h)Id=14
653,-
654,-
655,foer(h)Id=14
656,foerh{ai}d=13
657,fawr(h)Id=14
657X,foer(h)Id=14
657Y,for(h)Id=14
657Z,foerhed=13
657Z,fo[r]rId=14
658,foerhed=13
659,-
660,faw(rh)Id=14
661,for(h)Id=14
662,foer(h)Id=14
663,-
664,-
665,foe[r]hed=13
666,foe[r]hed=13
667,fawr(h)Id=14
668,for(h)Id=14
669,foe[r]h{ai}d=13
670,for(h)Id=14
671,f{o}r(h)Id=14
672,fawrhed=13
673,for(h)Id=14
674,-
675,foer(h)I{d}=14
676,-
677,foer(h)Id=14
678,foerhed=13
679,{f}awrhi{d}=13
680,foerhed=13
681,foe{r}(h)Ad=14
682,foerhed=13
683,foer(h)ed=13
684,foerhed=13
685,foe{r}hed=13
686,foe{r}hed=13
686,for(h)Id=14
687,for(he)d
688,foe(r)hed=13
689,f{o}r(h)Id=14
690,foe{r}hed=13
690,fo{r}(h)Id=14
691,foe[r]hed=13
692,foe[r]wId=14
693,foer(h)Id=14
694,foer(h)Id=14
695,for(h)Id=14
696,foerhed=13
696,foe(rh)ed=13
697,foe(r)hed=13
698,-
699,-
700,foer(h)ed=13
701,for(h)Id=14
702,-
703,for(h)Id=14
704,foe(rh)Id=14
705,foer(h)Id=14
706,-
707,foe(r)hed=13
708,foe{r}he{d}=13
709,foerh{ai}d=13
710,foerh{ai}d=13
711,foer(h)Id=14
712,foerh{ai}d=13
713,foer(h)Id=14
714,foerhed=13
715,foer(h)Id=14
716,foe{r}hed=13
717,foerh{ai}d=13
718,fo{r}(h)Id=14
719,foerh{ai}d=13
720,foer(h)ed=13
721,foerhed=13
721,for(h)Id=14
722,foe{r}hed=13
723,foerh{ai}d=13
724,foerhed=13
725,foerhed=13
726,foer(he)d
727,fawr(h)Id=14
728,for(h)Id=14
729,f{o}r(h)Id=14
730,foerhed=13
731,for(h)Id=14
732,foerhed=13
733,-
734,-
735,-
736,foer(h)Id=14
737,for(h)Id=14
738,foerhed=13
739,-
740,foer(he)d
741,foer(h)Id=14
742,foerhed=13
742,for(h)Ad=14
743,foerwAd=14
744,-
745,foer(h)Ad=14
746,-
747,foerhed=13
748,f{o}(rh)Id=14
749,fawrhed=13
749,fawr(h)Id=14
750,-
751,foerhed=13
751,for(h)Id=14
752,foe(r)hed=13
753,foerhed=13
754,foe{r}(he)d
755,-
756,foe(rh)Id=14
757,foer(h)Id=14
758,f{o}r(h)Id=14
759,-
760,-
761,foe(r)h{ai}d=13
761,foe[r](he)d
762,-
763,-
764,foe[r]hed=13
765,faw(rh)Id=14
765,foerh{ai}d=13
766,fo[r](he){d}
767,fo(rhe)d
768,faw(rh)I{d}=14
769,fawr(h)I{d}=14
770,foe{r}hed=13
771,fo(rh)Id=14
772,fo[r]wAd=14
773,fo{r}(h)Id=14
774,-
775,foe(r)hed=13
776,fawr(h)Id=14
777,foe{r}h{ai}d=13
778,for(h)Id=14
779,foerhId=14
780,foerh{ai}d=13
781,foe{r}hed=13
781,fo[r]rId=14
782,f{o}r(h)Id=14
783,-
784,fo{r}(h)Ad=14
785,foerhed=13
786,foe[r]hed=13
787,faw(r)wRd=14
787,foer(h)Id=14
788,foe{r}hed=13
788,fo{r}(h)Id=14
788,fo{r}(he){d}
789,foe[r]hed=13
790,fo{r}(h)Id=14
791,foe[r]hed=13
792,for(h)Ad=14
793,-
794,foerhed=13
794,for(h)Id=14
795,-
796,foe(r)hid=13
797,f{o}rhi{d}=13
798,fo{r}hed=13
799,-
800,foerhed=13
801,f{o}rhed=13
802,-
803,-
804,-
805,f{o}r(h)Is=14
806,for(h)Id=14
807,fawr(he)d
808,fo{r}hed=13
809,for(h)Id=14
810,foe[r]rId=14
811,foe[r]h{ai}d=13
812,-
813,f{o}{r}(h)Id=14
814,fawr(he)d
815,for(h)I{d}=14
816,for(h)Id=14
817,foe{r}hed=13
818,-
819,foerhed=13
819,for(h)Id=14
820,faw(rh)I{d}=14
821,foe(r)hed=13
822,foerhed=13
823,foe{r}hed=13
824,{f}awr(h)I{d}=14
825,foe(rh)ed=13
826,foerhed=13
826,f{o}r(he)d
827,foer(h)ed=13
828,foe[r]h{ai}d=13
829,fo{r}(h)Ad=14
830,fawrheed=13
831,f{o}r(he)d
832,-
833,foe{r}hed=13
834,foerhed=13
835,foe{r}hed=13
836,foe(r)hed=13
837,for(h)Id=14
838,furhed=13
839,foer(h)ed=13
840,foerhed=13
841,foerhed=13
842,foe(r)hed=13
843,foer(h)Id=14
844,for(h)Id=14
845,foerhed=13
846,foe[r]hed=13
847,-
848,fawr(h)Id=14
848,fo[r]wId=14
849,for(h)Id=14
850,foerh{ai}d=13
850,for(h)Id=14
851,-
852,for(h)Id=14
853,foer(h)ed=13
854,foe[r]hed=13
855,foerhed=13
856,-
857,foe[r]he{d}=13
857,fo{r}(h)At=14
858,forhed=13
859,for(h)Id=14
860,foe[r](h)Ad=14
861,foe{r}hed=13
862,-
863,fawr(h)Id=14
864,foe(r)hed=13
865,foerhed=13
866,foe[r]h{ai}d=13
867,foe{r}hed=13
868,faw[r]rId=14
869,foerhet=13
870,for(h)Id=14
871,foe{r}hed=13
871,for(h)Id=14
872,-
873,faw(r)wAd=14
873,foe[r]hed=13
874,faw{r}(h)Id=14
875,fo{r}he{d}=13
876,foerh{ai}d=13
877,foerhed=13
878,foerhed=13
879,-
880,foe(rh)Id=14
881,-
882,foe(r)hed=13
883,fawrhed=13
884,-
885,foerhed=13
886,foerhed=13
887,for(h)Id=14
888,foe(r)hit=13
889,foe{r}hed=13
890,foe[r]hed=13
891,foerhed=13
892,-
893,foerhed=13
894,foerhed=13
895,foerhe{d}=13
896,fo[r]hed=13
897,foerhed=13
898,-
899,fawrhed=13
900,foe[r]hed=13
901,foerhed=13
902,foerhed=13
903,fawr(h)Id=14
904,fo{r}(h)Ad=14
905,fawrhed=13
906,-
907,-
908,foe[r]hed=13
909,-
910,foe{r}(h)Id=14
911,foerhed=13
