Informant,Response
001,-
002,eedhR=14
003,needhR=14
004,eedhR=14
005,needh[R]=14
006,needhR=14
007,needh[R]=14
008,eedhR=14
009,eedhR=14
010,needhR=14
011,eedhR=14
012,eedhR=14
013,eedhR=14
014,-
015,eedhR=14
016,needh{R}=14
017,eedhR=14
018,eedhR=14
019,eedhR=14
020,eedhR=14
021,eedhR=14
022,needh{R}=14
023,needhR=14
024,eedhR=14
025,needR=14
026,eedh{R}=14
027,needhR=14
028,needhR=14
029,eedh{R}=14
030,eedh{R}=14
031,eedhR=14
032,needhR=14
033,eedhR=14
034,eedh{R}=14
035,eedhR=14
036,eedhR=14
037,eedhR=14
038,needh[R]=14
039,eedhR=14
040,eedhR=14
041,eedhR=14
042,eedhR=14
042,eedh{R}=14
043,needhR=14
044,needh{R}=14
045,needhR=14
046,eedhR=14
047,needhR=14
048,eedhR=14
049,eedhR=14
050,needhR=14
051,eedhR=14
052,eedh[R]=14
053,nidhR=14
054,-
055,eedhR=14
056,needhR=14
057,needhR=14
058,needhR=14
059,-
060,eedhR=14
061,needh[R]=14
062,eedh[R]=14
063,eedh[R]=14
064,needhR=14
065,iedhR=14
065,eedhR=14
066,needh[R]=14
067,needh[R]=14
068,eedhR=14
069,needh{R}=14
070,needh[R]=14
071,needhR=14
072,eedh{R}=14
073,needh[R]=14
074,needh[R]=14
075,needh[R]=14
076,eedh[R]=14
077,needh[R]=14
078,eedhR=14
078,eedh{R}=14
079,needh[R]=14
080,eedh[R]=14
081,needhR=14
082,-
083,needhR=14
084,eedh[R]=14
085,needhR=14
086,needhR=14
087,needhR=14
088,eedh{R}=14
088,eedh[R]=14
089,-
090,needh[R]=14
091,eedhR=14
092,eedhR=14
092,eedh{R}=14
092,eedh[R]=14
093,-
094,needh[R]=14
095,needh[R]=14
096,needh[R]=14
097,needh[R]=14
098,eedh[R]=14
099,needh{R}=14
099,needh[R]=14
100,needh{R}=14
101,eedhR=14
102,needh[R]=14
103,iedh[R]=14
103,eedh[R]=14
104,niedhR=14
105,needhR=14
106,iedhR=14
106,eedhR=14
107,eedh{R}=14
108,needhR=14
109,eedh[R]=14
110,eedh[R]=14
111,eedh[R]=14
112,eedh{R}=14
113,needh[R]=14
114,eedh[R]=14
115,eedh[R]=14
116,-
117,eedh[R]=14
118,-
119,needh[R]=14
120,needh{R}=14
121,eedh[R]=14
122,needh[R]=14
123,eedh[R]=14
124,-
125,needh[R]=14
126,-
127,eedh[R]=14
128,eedh[R]=14
129,eedh[R]=14
130,eedh[R]=14
131,eedh[R]=14
132,eedh[R]=14
133,eedh[R]=14
134,-
135,needh[R]=14
136,needhR=14
137,needh[R]=14
138,-
139,needh{R}=14
140,needh[R]=14
141,needh[R]=14
142,eedh[R]=14
143,needhR=14
144,needh[R]=14
145,eedh[R]=14
146,eedh{R}=14
147,eedh[R]=14
148,eedh[R]=14
149,eedh[R]=14
150,needh[R]=14
151,needh[R]=14
152,-
153,eedh[R]=14
154,-
155,eedh{R}=14
156,-
157,eedh[R]=14
158,eedh[R]=14
159,eedh{R}=14
160,-
161,eedh[R]=14
162,needh[R]=14
163,needhR=14
164,needhR=14
165,eedh[R]=14
166,eedh[R]=14
167,nee{t}R=14
168,eedh[R]=14
169,needh{R}=14
170,needh[R]=14
171,needhR=14
172,eedh[R]=14
173,eedh[R]=14
174,eedh[R]=14
175,-
176,-
177,eedh[R]=14
178,-
179,needh[R]=14
180,needh[R]=14
181,eedh[R]=14
182,-
183,needh[R]=14
184,eedh[R]=14
185,needh{R}=14
186,eedhR=14
186,eedh[R]=14
187,eedh[R]=14
188,nee{t}[R]=14
189,needh[R]=14
190,eedh[R]=14
191,eedh[R]=14
192,-
193,needhR=14
194,needh{R}=14
195,-
196,eedh[R]=14
197,eedh{R}=14
198,eedh{R}=14
199,needh[R]=14
200,eedh[R]=14
201,needh[R]=14
202,eedh[R]=14
203,eedhR=14
204,eedh[R]=14
205,needh[R]=14
206,eedhR=14
207,needh[R]=14
208,eedhR=14
209,needh[R]=14
210,eedh[R]=14
211,needhR=14
211,eedh[R]=14
212,needh[R]=14
213,-
214,needh{R}=14
215,needh[R]=14
216,-
217,needhR=14
218,needh[R]=14
219,needh[R]=14
220,eedh{R}=14
221,needh[R]=14
222,needh[R]=14
223,needh{R}=14
224,eedh[R]=14
225,-
226,needh[R]=14
227,niedhR=14
228,needh[R]=14
229,needh{R}=14
229,needh[R]=14
230,eedhR=14
231,needhR=14
232,needhR=14
233,needh{R}=14
234,needh[R]=14
235,needhR=14
236,-
237,eedh{R}=14
238,eedh[R]=14
239,needhR=14
240,needhR=14
241,needh[R]=14
242,eedh{R}=14
243,-
244,-
245,needh[R]=14
246,-
247,needhR=14
248,-
249,needh[R]=14
250,eedh{R}=14
251,-
252,needh[R]=14
253,-
254,-
255,-
256,eedh[R]=14
257,eedh[R]=14
258,-
259,eedhR=14
260,needh{R}=14
261,eedhR=14
262,-
263,eedh[R]=14
264,-
265,eedh[R]=14
266,needhR=14
267,needh[R]=14
268,eedh[R]=14
269,needh[R]=14
270,needhR=14
271,eedh[R]=14
272,needhR=14
273,needhR=14
274,needhR=14
275,eedh[R]=14
276,eedhR=14
276,eedh{R}=14
277,eedh{R}=14
277,eedh[R]=14
278,needhR=14
279,needhR=14
280,needh[R]=14
281,-
282,-
283,need{R}=14
284,needhR=14
285,-
286,nudhR=14
286,nudh[R]=14
287,-
288,eedh[R]=14
289,needh{R}=14
290,eedhR=14
291,needhR=14
292,needhR=14
293,eedh[R]=14
294,needhR=14
295,needh[R]=14
296,eedh[R]=14
297,needhR=14
298,-
299,eedh[R]=14
300,eedh[R]=14
301,needhR=14
302,needhR=14
303,eedh[R]=14
304,eedh[R]=14
305,eedh[R]=14
306,eedhR=14
307,needhR=14
308,eedh[R]=14
309,needh[R]=14
310,eedhR=14
311,eedh{R}=14
312,needh[R]=14
313,eedhR=14
314,eedh[R]=14
315,-
316,-
317,needh[R]=14
318,eedh[R]=14
319,-
320,needhR=14
321,eedh{R}=14
322,eedhR=14
323,needhR=14
324,eedh[R]=14
324,iedh[R]=14
325,eedh[R]=14
326,needhR=14
327,needh[R]=14
328,needh[R]=14
329,needhR=14
330,eedh{R}=14
331,eedh[R]=14
332,eedh[R]=14
333,needh{R}=14
334,eedhR=14
335,needhR=14
336,eedh{R}=14
337,eedh[R]=14
338,needh[R]=14
339,eedhR=14
340,eedh[R]=14
341,eedh[R]=14
342,eedh{R}=14
343,eedhR=14
344,-
345,eedh[R]=14
346,needh[R]=14
347,needh{R}=14
348,-
349,eedh[R]=14
350,eedh[R]=14
351,needhR=14
352,needhR=14
353,eedh[R]=14
354,eedhR=14
355,eedhR=14
356,needhR=14
357,eedhR=14
358,needhR=14
359,needh[R]=14
360,eedhR=14
361,-
362,eedhR=14
363,eedh{R}=14
364,needh[R]=14
365,eedhR=14
366,needhu[r]=13
367,eedhR=14
368,nidhR=14
369,needh[R]=14
370,eedh{R}=14
371,needhR=14
372,niedh[R]=14
373,needh[R]=14
374,eedhR=14
375,needhR=14
376,-
377,-
378,eedh[R]=14
379,eedh[R]=14
380,needh[R]=14
381,eedhR=14
382,needh[R]=14
383,eedhR=14
384,needh{R}=14
385,eedh{R}=14
386,eedh[R]=14
387,eedhR=14
388,eedh[R]=14
389,needh[R]=14
390,eedh[R]=14
391,needhR=14
392,eedh[R]=14
393,niedh[R]=14
394,needh[R]=14
395,eedh[R]=14
396,eedh[R]=14
397,eedh[R]=14
398,eedh[R]=14
399,eedh[R]=14
400,needh[R]=14
401,-
402,eedh[R]=14
403,-
404,eedh[R]=14
405,needhR=14
406,-
407,eedh[R]=14
408,needh[R]=14
409,needh[R]=14
410,needh[R]=14
411,eedh[R]=14
412,eedh[R]=14
413,needh[R]=14
414,-
415,needh{R}=14
416,-
417,eedh[R]=14
418,eedh{R}=14
419,needh[R]=14
420,-
421,needh[R]=14
422,eedh[R]=14
423,needhR=14
424,eedh[R]=14
425,-
426,needh[R]=14
427,needh{R}=14
428,needhR=14
429,eedh[R]=14
430,-
431,needhR=14
432,eedh[R]=14
433,needhR=14
434,-
435,eedh[R]=14
436,needhR=14
437,needhR=14
438,-
439,ni{t}[R]=14
440,-
441,-
442,needh[R]=14
443,needhR=14
444,eedh[R]=14
445,needhR=14
446,needhR=14
447,needh[R]=14
448,-
449,eedh[R]=14
450,eedh[R]=14
451,eedh[R]=14
452,needhR=14
453,-
454,-
455,-
456,-
457,needhR=14
458,eedhR=14
459,eedh[R]=14
460,needh[R]=14
461,-
462,needh[R]=14
463,needh{R}=14
464,needh[R]=14
465,-
466,eedhR=14
467,needh[R]=14
468,needh[R]=14
469,-
470,eedh{R}=14
471,eedh[R]=14
472,eedh[R]=14
473,needh{R}=14
474,needhR=14
475,needhR=14
476,needhR=14
477,needh[R]=14
478,needh[R]=14
478,need[R]=14
479,eedh[R]=14
480,eedh[R]=14
481,eedhR=14
482,eedh[R]=14
483,eedhR=14
484,needhR=14
485,needh[R]=14
486,needh[R]=14
487,-
488,eedh{R}=14
489,eedh{R}=14
489,eedh[R]=14
490,needhR=14
491,-
492,needh{R}=14
493,eedh[R]=14
494,-
495,eedh[R]=14
496,eedhR=14
497,-
498,eedhR=14
498,eedh[R]=14
499,-
500,needh[R]=14
501,eedhR=14
502,eedhR=14
503,needh[R]=14
504,eedh[R]=14
505,needh[R]=14
506,needhR=14
507,needh[R]=14
508,-
509,eedh{R}=14
510,-
511,-
512,eedh[R]=14
513,eedh[R]=14
514,eedhR=14
515,eedh[R]=14
516,needhR=14
517,needhR=14
518,eedh{R}=14
519,needh{R}=14
520,eedhR=14
521,eedh[R]=14
522,needhR=14
523,eedh[R]=14
524,needhR=14
525,needh[R]=14
526,-
527,needh{R}=14
528,eedh[R]=14
529,-
530,-
531,eedh[R]=14
532,eedh[R]=14
533,needhR=14
534,-
535,needhR=14
536,-
537,needh[R]=14
538,-
539,needh[R]=14
540,-
541,needhR=14
542,eedh[R]=14
543,eedh[R]=14
544,eedh{R}=14
545,eedh[R]=14
546,eedh[R]=14
547,niedhR=14
548,needhR=14
549,-
550,needh[R]=14
551,-
552,eedh[R]=14
553,-
554,eedh[R]=14
555,-
556,needh[R]=14
557,needhR=14
558,needhR=14
559,eedhR=14
560,eedh[R]=14
561,eedh[R]=14
562,needh[R]=14
563,eedh[R]=14
564,eedh[R]=14
565,-
566,eedh[R]=14
567,eedh[R]=14
568,eedh[R]=14
569,needh[R]=14
570,needh[R]=14
571,-
572,needh{R}=14
573,-
574,eedh[R]=14
575,-
576,eedh{R}=14
577,eedh[R]=14
578,-
579,-
580,eedh[R]=14
581,eedh[R]=14
582,needh[R]=14
583,-
584,-
585,eedh[R]=14
586,eedh[R]=14
587,needh[R]=14
588,needh[R]=14
589,eedh[R]=14
589,eed[R]=14
590,eedh[R]=14
591,needh{R}=14
592,-
593,eedh[R]=14
594,-
595,-
596,needh[R]=14
597,eedhR=14
598,-
599,needhR=14
600,eedh[R]=14
601,eedh{R}=14
602,eedh[R]=14
603,eedh[R]=14
604,eedh[R]=14
605,needhR=14
606,needh[R]=14
607,eedh[R]=14
608,-
609,needh[R]=14
610,needh[R]=14
611,idh[R]=14
612,eedh[R]=14
613,eedh[R]=14
614,-
615,eedh{R}=14
616,-
617,eedh[R]=14
618,-
619,need[R]=14
620,needh[R]=14
621,eedh[R]=14
622,needh{R}=14
623,needh{R}=14
624,niedhR=14
625,eedh{R}=14
626,-
627,eedh[R]=14
628,-
629,eedhR=14
630,needh[R]=14
631,-
632,-
633,eedhR=14
634,needh[R]=14
635,-
636,needhR=14
637,-
638,needh[R]=14
639,needh[R]=14
640,eedh[R]=14
641,eedh[R]=14
642,-
643,eedhR=14
644,needh[R]=14
645,needh[R]=14
646,-
647,need[R]=14
647,nee(dhR)
648,needh[R]=14
649,-
650,-
651,eedh[R]=14
652,eedhR=14
653,-
654,needh[R]=14
655,eedh{R}=14
656,needhR=14
657,eedh[R]=14
657X,eedh[R]=14
657Y,eedh[R]=14
657Z,eedh[R]=14
658,needh[R]=14
659,need[R]=14
660,-
661,eedh[R]=14
662,eedh[R]=14
663,-
664,-
665,-
666,needh[R]=14
666,need[R]=14
666,neet[R]=14
667,needh[R]=14
667,nee{t}[R]=14
668,needh[R]=14
669,eedh[R]=14
670,eedhR=14
671,eedh[R]=14
672,needhR=14
673,eedh[R]=14
674,eedh[R]=14
675,needhR=14
676,-
677,eedhR=14
678,needhR=14
678,needhu[r]=13
679,eedhR=14
680,eedhR=14
680,eedh[R]=14
681,eedh[R]=14
682,eedhR=14
683,eedhR=14
684,eedhR=14
685,needhR=14
686,needhR=14
687,needhR=14
688,eedh[R]=14
689,-
690,needh[R]=14
691,eedh[R]=14
692,eedh[R]=14
693,eedhR=14
694,needhR=14
695,eedh[R]=14
696,needh{R}=14
697,-
698,-
699,needh[R]=14
700,eedhR=14
701,needh[R]=14
702,-
703,eedhR=14
704,eedhR=14
705,eedh[R]=14
706,eedhR=14
707,needh{R}=14
708,eedhR=14
709,eedhR=14
710,needhR=14
711,needhR=14
712,needR=14
713,eedhR=14
714,-
715,eedhR=14
716,eedh[R]=14
717,-
718,eedh{R}=14
719,eedhR=14
720,eedhR=14
721,needhR=14
722,eedh{R}=14
723,needhR=14
724,eedhR=14
725,needhR=14
726,eedhR=14
727,eedhR=14
728,eedh[R]=14
729,needhR=14
730,eedhR=14
731,needh{R}=14
732,eedhR=14
733,needh[R]=14
734,-
735,needh[R]=14
736,eedhR=14
737,eedhR=14
738,eedhR=14
739,-
740,eedhR=14
741,needhR=14
742,eedhR=14
743,needh[R]=14
744,needh[R]=14
745,needhR=14
746,-
747,eedhR=14
748,needh[R]=14
749,needhR=14
750,needhR=14
751,-
752,eedh[R]=14
753,needhR=14
754,needh{R}=14
755,eedh[R]=14
756,eedh{R}=14
757,eedh[R]=14
758,eedh{R}=14
759,-
760,-
761,eedh[R]=14
762,eedhR=14
763,eedh[R]=14
764,eedh[R]=14
765,eedh{R}=14
766,eedh[R]=14
767,eedh{R}=14
768,eedh{R}=14
769,eedh{R}=14
770,eedh{R}=14
771,need[R]=14
772,needh{R}=14
773,needh[R]=14
774,need[R]=14
775,eedh[R]=14
776,eedhR=14
777,needh[R]=14
778,eedh[R]=14
779,needhR=14
780,needhR=14
781,eedh[R]=14
782,eedh[R]=14
783,needh[R]=14
784,-
785,needh[R]=14
786,needhR=14
787,eedhR=14
788,needhR=14
789,needh[R]=14
790,needh{R}=14
791,needhR=14
792,needhR=14
793,-
794,eedh[R]=14
794,eedR=14
795,eedh[R]=14
796,eedh{R}=14
797,need[R]=14
798,needh[R]=14
799,-
800,needhR=14
801,eedh{R}=14
802,needh{R}=14
803,needh[R]=14
804,eedh[R]=14
805,-
806,-
807,needhR=14
808,eedh[R]=14
809,eedh[R]=14
809,eed[R]=14
810,eed[R]=14
811,eedh[R]=14
812,eedhR=14
812,eedh{R}=14
813,needh[R]=14
814,-
815,-
816,needhR=14
817,needh[R]=14
818,eed[R]=14
819,needh[R]=14
820,needh[R]=14
821,needh[R]=14
822,eedhR=14
823,-
824,eedhR=14
825,-
826,eedh{R}=14
827,eedhR=14
828,-
829,eedh[R]=14
830,eedh[R]=14
831,-
832,eedh[R]=14
833,needh{R}=14
834,needhR=14
835,-
836,-
837,eedhR=14
838,needh[R]=14
839,eedhR=14
840,eedhR=14
841,eedhR=14
842,-
843,eedhR=14
844,needhR=14
845,needhR=14
846,eedhR=14
847,needh[R]=14
848,eedh[R]=14
849,eedh[R]=14
850,eedh[R]=14
851,-
852,eedhR=14
853,eedh[R]=14
853,iedhR=14
854,eedh[R]=14
855,needhR=14
856,needh[R]=14
857,needh[R]=14
858,eedh[R]=14
859,needhR=14
860,iedh[R]=14
861,eedh[R]=14
862,needhR=14
863,-
864,eedh[R]=14
865,eedh[R]=14
866,needh[R]=14
867,eedh{R}=14
868,eedh[R]=14
869,eedh[R]=14
870,eedh[R]=14
871,-
872,-
873,needh[R]=14
874,-
875,-
876,needhR=14
877,eedhR=14
878,needhR=14
879,-
880,needR=14
880,nee{t}[R]=14
881,eedh[R]=14
882,eedh[R]=14
883,needhR=14
884,eedh[R]=14
885,eedhR=14
886,eedhR=14
887,eedhR=14
888,needh[R]=14
889,needh[R]=14
890,eedhR=14
891,needhR=14
892,-
893,-
894,-
895,needhR=14
896,-
897,eedhR=14
898,eed[R]=14
899,needhR=14
900,eedh[R]=14
901,-
902,needhR=14
903,needhR=14
904,-
905,eedhR=14
906,eedh[R]=14
907,-
908,eedh{R}=14
909,-
910,-
911,needhR=14
