Informant,Response
001,leftyir=13
002,leftir=21
003,lefter=13
004,leftir=11
005,leftir=13
006,l{e}ftir=21
007,l{e}ft
008,ir
009,l{e}ftir=13
010,l{e}ftyir=13
011,l{e}ftir=13
012,lefter=13
013,l{e}ftir=13
014,l{e}ftir=13
015,l{e}ftir=13
016,lefti{r}=31
017,l{e}fter=13
018,lefteer=13
019,leftir=13
020,l{e}ftir=13
021,l{e}ftyir=13
022,lefti{r}=13
023,l{e}ftir=21
024,l{e}ftir=13
025,yirz
026,l{e}ftyir=13
027,leftir=13
028,l{e}ftir=13
029,ee{r}
030,lef{?}ir=13
031,irz
032,l{e}ftir=13
033,leftir=13
034,lefti{r}=21
035,leftir=21
036,l{e}f(t)ir=11
037,l{e}ftir=11
038,-
039,left
040,leftir=13
041,yir
042,l{e}f(t)yi[r]=13
043,l{e}ftir=13
044,l{e}ftir=13
045,l{e}f(t)ir=13
046,leftir=13
047,left
048,l{e}ft
049,l{e}ftir=13
050,l{e}ftir=13
051,leftir=13
052,e[r]z
053,l{e}ft
054,yir
055,luftir=13
056,leftir=13
057,leftir=13
058,leftir=13
059,l{e}ftir=13
060,l{e}ftir=13
061,air
062,l{e}ft
063,lefter=13
064,l{e}ftir=13
065,leftir=13
066,-
067,lefti{r}=13
068,l{e}ft
069,l{e}ft
070,l{e}ftir=13
071,irz
072,l{e}ftir=31
073,-
074,i[r]
075,leftir=13
076,leftir=13
077,i[r]
078,leftir=11
079,left
080,l{e}ftir=13
081,leftir=21
082,ir
083,-
084,l{e}f(t)i[r]=13
085,l{e}ftir=13
086,l{e}ft
087,left
088,left
089,-
090,er
091,l{e}ft
092,l{e}ftir=13
093,-
094,i[r]
095,lifteer=13
096,lefti[r]=13
097,leftir=13
098,lef(t)yi[r]=21
099,lefti[r]=13
100,lufti[r]=13
101,leftir=21
102,i[r]
103,lefti[r]=11
104,l{e}ftir=11
105,i{r}
106,left
107,leftir=13
108,leftir=13
109,lefti[r]=13
110,ee[r]
111,lefti[r]=21
112,left
113,i[r]
114,lefte[r]=13
115,l{e}f(t)ir=13
116,yi[r]
117,l{e}fte[r]=13
118,-
119,i[r]
120,left
121,lefti[r]=13
122,l{ai}ft
123,-
124,l{e}ft
125,-
126,lef(t)
127,l{e}ft
128,l{e}f(t)i[r]=13
129,leftir=13
130,lefti[r]=21
131,l{e}fti[r]=21
132,l{e}fti[r]=31
133,lefte[r]=13
134,-
135,lefti[r]=13
136,lefti[r]=13
137,left
138,ai[r]
139,lefti{r}=13
140,l{e}f(t)
141,lefti[r]=13
142,i[r]
143,leftir=13
144,lefti[r]=13
145,lef(t)e[r]=11
146,lef(t)
147,l{e}fti[r]=13
148,lef(t)
149,e[r]
150,left
151,lefchir=13
152,l{e}fte{r}=13
153,l{e}fti{r}=13
154,er
155,-
156,l{e}f(t)
157,l{e}fti[r]=13
158,left
159,lefter=13
160,l{e}f(t)ir=13
161,lefti[r]=13
162,lefti[r]=13
163,lefte[r]=13
164,leftir=13
165,l{e}ft
166,lef(t)
167,l{e}fti[r]=13
168,l{e}ft
169,-
170,lefti[r]=13
171,leftir=21
172,lefti[r]=31
173,l{e}ft
174,l{e}ftir=13
175,-
176,er
177,leftir=13
178,l{e}f(t)
179,yi[r]
180,l{e}f{?}ir=11
181,a[r]z
182,leftyi[r]=13
183,l{e}ft
184,left
185,leftir=13
186,l{e}ftir=13
187,lefte{r}=21
188,l{e}f(t)e[r]=13
189,lefti[r]=13
190,l{e}f(t)
191,lefti[r]=13
192,i{r}
193,ir
194,lef(t)ir=13
195,-
196,l{e}fti[r]=13
197,irz
198,l{e}ft
199,le{f}te(r)=31
200,i[r]
201,l{e}f(t)ir=13
202,i[r]
203,l{e}ftir=13
204,leftir=13
205,ir
206,leftir=11
207,i[r]z
208,leftir=31
209,lefti[r]=13
210,lef(t)e[r]=13
211,lefter=11
212,left{ai}r=13
213,i[r]z
214,lef(t)ir=13
215,lef(t)i[r]=13
216,left
217,leftir=21
218,lefte[r]=13
219,yi[r]
220,l{e}{f}teer=13
221,leftir=13
222,l{e}fti{r}=13
223,lefti{r}=13
224,lai{f}(t)
225,lefte[r]=13
226,l{e}f(t)i[r]=13
227,l{e}v(t)
228,-
229,lef(t)i[r]=13
230,leftir=11
231,leftir=13
232,ir
233,lef(t)ir=13
234,lef(t)i[r]=13
235,leftir=13
236,leftir=31
237,leftchi{r}=13
238,leftir=13
239,leftir=13
240,-
241,-
242,leftir=13
243,leftir=13
244,yi[r]z
245,i[r]
246,lefte[r]=13
247,l{e}ft
248,leftir=13
249,le{f}teer=13
250,left
251,lef(t)i[r]=13
252,-
253,l{e}ftir=13
254,lefteer=13
255,-
256,leftir=21
257,l{e}ftir=13
258,leftair=13
259,leftir=13
260,-
261,leftir=13
262,lefti{r}=13
263,i{r}z
264,leftir=13
265,lefti[r]=13
266,leftir=13
267,lefti[r]=11
268,-
269,lefti{r}=13
270,l{e}fti[r]=13
271,l{e}f(t)ir=13
272,leftir=13
273,leftir=13
274,leftir=13
275,leftir=13
276,l{e}ftir=11
277,leftir=13
278,leftir=21
279,ir
280,l{e}f(t)i[r]=13
281,leftir=13
282,-
283,l{e}f(t)i{r}=13
284,leftir=21
285,ir
286,leftir=13
287,leftir=13
288,lefti[r]=13
289,l{e}fter=13
290,lef(t)ir=21
291,leftir=13
292,leftir=13
293,lefti{r}=13
294,leftir=13
295,lefter=13
296,l{e}ftir=21
297,ir
298,-
299,lefti{r}=13
300,leftir=21
301,lefter=13
302,leftir=13
303,lefti[r]=13
304,leftir=13
305,leftir=21
306,leftir=13
307,leftir=13
308,leftir=13
309,l{e}ftir=13
310,l{e}ft
311,leftir=13
312,leftir=13
313,leftir=13
314,left
315,-
316,l{e}f(t)
317,lefti{r}=31
318,ir
319,-
320,lefthir=11
321,lefti{r}=13
322,leftir=13
323,leftir=13
324,lefter=21
325,leftir=13
326,leftir=13
327,lefti{r}=13
328,lefti{r}=13
329,leftir=21
330,lefte[r]=21
331,lefti[r]=13
332,liftee[r]=13
333,leftir=13
334,l{ai}ftir=13
335,l{e}ft
336,left
337,left
338,leftir=11
339,leftir=13
340,lef(t)
341,lefti[r]=13
342,-
343,leftir=13
344,left
345,leftir=13
346,lefti[r]=13
347,lefti[r]=13
348,leftir=21
349,lefti{r}=13
350,leftir=13
351,left
352,leftir=13
353,leftir=13
354,left
355,left
356,leftir=13
357,leftir=13
358,leftir=11
359,leftR=14
360,leftir=11
361,leftir=13
362,leftir=13
363,leftir=13
364,i[r]
365,irz
366,lefti{r}=13
367,lef(t)ir=13
368,leftir=21
369,leftir=13
370,l{e}ftir=13
371,l{e}ftir=13
372,leftir=13
373,lif(t)ee[r]=13
374,leftir=13
375,leftir=13
376,-
377,lef(t)
378,leftir=13
379,-
380,lefter=13
381,l{e}ft
382,lefti{r}=13
383,leftir=13
384,l{e}fti[r]=11
385,leftir=13
386,l{e}fti[r]=13
387,leftir=13
388,luf(t)
389,lefti{r}=13
390,leftir=13
391,leftir=13
392,i[r]
393,lefteer=13
394,lefte[r]=31
395,lefti[r]=13
396,-
397,left
398,lefti[r]=13
399,lefti[r]=13
400,lefti[r]=13
401,-
402,lef(t)e[r]=13
403,lef(t)i[r]=13
404,lefti[r]=13
405,lefti[r]=13
406,lefti[r]=13
407,leftir=13
408,leftir=13
409,lefti[r]=13
410,i[r]z
411,lefti[r]=21
412,-
413,-
414,le{f}ti(r)=13
415,l{e}f(t)
416,lef(t)i[r]=13
417,lef(t)
418,leftir=13
419,leftir=31
420,l{e}ft
421,l{e}f(t)i[r]=13
422,l{e}f(t)
423,lefti{r}=13
424,lef(t)
425,-
426,leftir=21
427,lef{?}ir=13
428,leftir=21
429,-
430,-
431,lefter=13
432,lefti[r]=13
433,lefti[r]=13
434,lefti[r]=13
435,leftir=13
436,l{e}f(t)ir=13
437,l{e}ftir=13
438,lef(t)i[r]=13
439,leftir=13
440,leftir=11
441,l{e}f(t)ir=11
442,lifti[r]=13
443,leftir=21
444,lef(t)
445,l{ai}fti[r]=13
446,left
447,leftir=21
448,lefti{r}=13
449,lef(t)e[r]=13
450,lefti[r]=13
451,lefter=13
452,leftir=13
453,-
454,lefti[r]=13
455,leftir=13
456,lefti{r}=13
457,leftyir=13
458,leftir=13
459,-
460,leftye{r}=13
461,leftyir=31
462,l{e}ft
463,lefti{r}=13
464,l{e}f(t)yi[r]=21
465,leftur=13
466,leftir=13
467,l{e}ftir=13
468,lef(t)i[r]=13
469,leftyi{r}=13
470,le{f}ter=13
471,lefti[r]=13
472,leftyi{r}=13
473,ir
473,i{r}
474,leftir=13
475,left
476,leftir=13
477,lef(t)yi[r]=13
478,lef(t)ee[r]=13
479,lefti[r]=13
480,l{e}ftir=13
481,l{ai}fti[r]=13
482,l{e}ft
483,irz
484,l{ai}ftir=13
485,leftir=13
486,irz
487,-
488,l{e}ft
489,left
490,left
491,ir
492,leftir=13
493,-
494,leftir=13
495,leftir=13
496,l{e}ftir=13
497,-
498,leftir=21
499,lefti{r}=13
500,er
501,lefti[r]=13
502,leftir=13
503,i[r]z
504,leftir=13
505,l{e}ft
506,left
507,e[r]z
508,lefti[r]=13
509,-
510,-
511,ir
512,-
513,l{e}fti{r}=13
514,lefteer=13
515,-
516,left
517,leftir=13
518,l{ai}ftir=13
519,lefti{r}=13
520,-
521,lefte[r]=13
522,leftir=13
523,lefti[r]=13
524,leftir=13
525,l{ai}f(t)
526,-
527,lefti{r}=13
528,e[r]z
529,lef(t)
530,lef(t)
531,-
532,lefti[r]=13
533,leftir=13
534,ai{r}
535,le{f}teer=13
536,lefti{r}=13
537,lef(t)
538,i[r]
539,l{e}fti{r}=13
540,-
541,l{e}ftir=13
542,-
543,l{e}ft
544,lefti{r}=13
545,-
546,l{e}f(t)
547,l{e}ftir=13
548,l{e}ft
549,irz
550,-
551,ir
552,i[r]z
553,-
554,-
555,-
556,lefti[r]=13
557,i{r}
558,lefteer=13
559,irz
560,-
561,-
562,l{e}ftir=11
563,l{e}ftir=13
564,l{e}f(t)i{r}=13
565,leftir=13
566,-
567,i[r]
568,-
569,lef(t)i[r]=13
570,left
571,lefti[r]=13
572,lefti{r}=13
573,lef(t)yi[r]=13
574,lefti{r}=13
575,lefti[r]=13
576,lefti{r}=13
577,lef(t)i[r]=13
578,leftyi{r}=13
579,lefte[r]=13
580,lefti[r]=13
581,lefti[r]=13
582,leftir=13
583,lefte{r}=13
584,leftir=13
585,lef(t)yi[r]=13
586,e[r]z
587,lef(t)yi[r]=13
588,lefti[r]=13
589,lef(t)i[r]=13
590,lef(t)i[r]=13
591,leftir=13
592,leftir=13
593,lef(t)i[r]=13
594,lefti[r]=13
595,l{e}ftir=13
596,lefti[r]=13
597,lefter=13
598,lefti(r)=13
599,leftir=13
600,lif(t)ee(r)=13
601,l{ai}ftir=13
602,lef(t)ir=13
603,-
604,-
605,ir
606,e[r]z
607,l{e}fte{r}=13
608,leftir=13
609,lefti[r]=13
610,lef(t)i[r]=13
611,liftee[r]=13
612,lef(t)i[r]=13
613,lefti[r]=13
614,lef(t)i[r]=13
615,lefti{r}=13
616,leftir=13
617,lefti[r]=13
618,-
619,-
620,l{e}fti[r]=13
621,lef(t)
622,lefti{r}=13
623,leftir=13
624,leftir=21
625,leftir=13
626,-
627,lef(t)e[r]=13
628,leftir=13
629,leftir=13
630,lef(t)ir=13
631,-
632,lefti[r]=31
633,-
634,leftir=13
635,leftir=13
636,leftir=13
637,lefti[r]=13
638,lefti[r]=13
639,lefti{r}=13
640,lef(t)i[r]=13
641,lef(t)eer=13
642,-
643,leftir=13
644,-
645,lefti{r}=13
646,leftir=13
647,-
648,leftee{r}=13
649,lef(t)ir=13
650,lef(t)i[r]=13
651,-
652,l{e}ftir=13
653,-
654,lef(t)ir=13
655,lefti{r}=13
656,leftir=13
657,leftir=13
657X,lefti[r]=13
657Y,lefti[r]=13
657Z,lefti[r]=13
658,lef{?}i{r}=13
659,l{e}fti[r]=13
660,lefti[r]=13
661,leftir=13
662,lefti{r}=13
663,-
664,l{e}f(t)
665,lef(t)i[r]=13
666,leftyi[r]=31
667,l{e}f(t)yi[r]=13
668,lef(t)i[r]=13
669,leftir=13
670,leftir=31
671,l{e}ftir=13
672,leftyir=13
673,left
674,l{e}ftir=13
675,leftir=21
676,-
677,leftir=13
678,l{e}ftir=11
679,lefteer=13
680,l{e}ftir=13
681,l{e}ftyir=13
682,ir
683,leftir=13
684,l{e}ftir=11
685,l{e}ftir=13
686,l{e}ftyir=13
687,leftir=13
688,l{e}ftyi[r]=13
689,-
690,lefti[r]=13
691,leftir=13
692,-
693,leftir=13
694,l{e}ftir=13
695,leftir=13
696,l{e}ftir=13
697,l{ai}fti{r}=13
698,-
699,-
700,irz
701,leftir=13
702,-
703,-
704,lef(t)i{r}=13
705,ir
706,ir
707,leftir=13
708,l{e}f(t)ir=13
709,leftir=13
710,leftir=31
711,leftir=13
712,leftir=13
713,ir
714,left
715,-
716,lefti{r}=31
717,irz
718,l{e}fti{r}=13
718,lefti{r}=13
719,left
720,eer
721,leftir=13
722,l{e}f(t)
723,left
724,leftir=11
725,ir
726,yir
727,left
728,-
729,ir
730,leftir=13
731,leftir=13
732,leftir=13
733,l{ai}ft
734,-
735,-
736,er
737,leftir=13
738,leftir=11
739,-
740,l{e}f(t)ir=13
741,leftir=13
742,leftir=13
743,leftir=13
744,erz
745,lefter=13
746,-
747,leftir=13
748,lefti[r]=13
749,leftir=13
750,-
751,leftir=13
752,leftir=11
753,leftir=13
754,lef(t)i{r}=13
755,-
756,lef(t)ee{r}=13
757,leftir=13
758,-
759,l{e}f(t)
760,-
761,l{e}fti[r]=13
762,-
763,-
764,lefti{r}=13
765,l{ai}ftir=13
766,lefti[r]=13
767,leftir=13
768,l{e}f(t)ee[r]=13
769,lefteer=13
770,lefti{r}=13
771,lef(t)e[r]=13
772,lefti[r]=13
773,l{e}ft
774,-
775,lefte[r]=13
776,lefteer=31
777,leftir=31
778,leftir=11
779,leftir=13
780,leftir=13
781,l{e}fti[r]=13
782,l{e}ft
783,er
783,ir
784,lef(t)
785,lefter=13
786,leftir=13
787,lefti{r}=21
788,-
789,l{e}ftir=13
790,l{e}fter=21
791,leftir=13
792,lefter=13
793,-
794,l{e}ftir=13
795,l{e}ft
796,lef(t)i{r}=13
797,leftee[r]=13
798,lefti{r}=13
799,-
800,left
801,l{e}ftir=13
802,lef(t)ye{r}=31
803,-
804,-
805,lef(t)ir=13
806,lefti{r}=13
807,lef(t)ee[r]=13
808,lef(t)
809,leftai[r]=13
810,l{e}ftir=11
811,lef(t)yi[r]=13
812,yir
813,lefte{r}=21
814,leftir=31
815,leftir=13
816,leftir=13
817,leftir=13
818,-
819,l{e}ftir=21
820,lefteer=12
821,lefti(r)=13
822,leftir=13
823,leftir=31
824,lefteer=13
825,lefti{r}=13
826,l{e}f(t)ir=13
827,lef(t)i[r]=13
828,lefti{r}=13
829,lefteer=13
830,leftir=13
831,leftir=13
832,-
833,lefti{r}=13
834,leftir=21
835,lef(t)i{r}=13
836,lefti{r}=13
837,-
838,i{r}z
839,l{e}ftir=21
840,leftir=13
841,yir
842,leftir=13
843,lefteer=31
844,-
845,leftir=13
846,lefti{r}=13
847,-
848,l{e}fti{r}=13
849,ir
850,leftir=13
851,-
852,lefter=13
853,-
854,leftir=13
855,lef(t)
856,ir{z}
857,lefti{r}=13
858,leftir=13
859,leftir=13
860,lefti[r]=11
861,l{e}ftir=13
862,-
863,leftir=13
864,lef(t)i[r]=13
865,leftir=11
866,l{e}fti[r]=13
867,lefti{r}=31
868,lef(t)i[r]=13
869,leftir=13
870,leftir=13
871,-
872,-
873,lefti[r]=11
874,l{e}ftir=13
875,lefti[r]=13
876,leftir=13
877,leftir=13
878,leftir=31
879,-
880,lefti[r]=21
881,-
882,lefti[r]=13
883,l{e}ftir=11
884,-
885,leftir=13
886,leftir=21
887,leftir=13
888,lef(t)ee{r}=13
889,lefti{r}=13
890,leftir=13
891,leftir=13
892,ir{z}
893,leftir=13
894,leftir=13
895,leftir=13
896,left
897,lef(t)
898,-
899,lefteer=13
900,lefti{r}=13
901,leftir=13
902,leftir=13
903,leftir=11
904,lefti{r}=13
905,leftir=13
906,-
907,lefti{r}=13
908,leftir=31
909,-
910,leftir=13
911,leftir=13
