Informant,Response
001,th{t}oet
002,th{t}oet
003,th(r)oet
004,th{t}oet
005,th{t}oet
006,th{t}oet
007,th{r}oet
008,th{t}oet
009,th{t}oet
010,th{t}oet
011,th{t}oet
012,th{t}oet
013,th{t}oet
014,th{t}oet
015,th{t}oet
016,throet
017,th{t}oet
018,th{t}oet
019,th{t}oet
020,th{t}oet
021,th(r)oet
022,throet
023,th{t}oet
024,th{t}oet
025,th{t}oet
026,th{t}oet
027,th{r}oet
028,sroet
029,throet
030,th{t}oet
031,throet
032,th{t}oet
033,th{t}oet
034,throet
035,th{t}oet
036,th{r}oet
037,th{r}oet
038,-
039,-
040,th{r}oet
041,th(r)oet
042,th{t}oet
043,th{t}oet
044,th{t}oet
045,th{t}oet
046,th{t}oet
047,th{r}oet
048,th{t}oet
049,th{r}oet
050,th{t}oet
051,th{r}oet
052,throet
053,sroet
054,th(r)oet
055,th{r}oet
056,th{t}oet
057,th{t}oet
058,th{t}oet
059,th{t}oet
060,th{t}oet
061,th{t}oet
062,throet
063,th{t}oet
064,th{t}oet
065,-
066,th{r}oet
067,th{r}oet
068,th{t}oet
069,th{r}oet
069,th{t}oet
070,th{r}oet
070,th{t}oet
071,th{r}oet
072,th{t}oet
073,th{r}oet
074,th(r)oet
075,th{t}oet
076,th{t}oet
077,th{t}oet
078,th{t}oet
079,th{r}oet
080,th{t}oet
081,th{r}oet
082,-
083,throet
084,th(r)oet
085,throet
086,-
087,th{t}oet
088,th{r}oet
089,-
090,throet
091,th{t}oet
092,th{t}oet
093,-
094,th{t}oet
095,th{t}oet
096,-
097,th{t}oet
098,throet
099,throet
100,th{t}oet
101,t{r}oet
102,th(r)oet
103,th{t}oet
104,th{t}oet
105,th{r}oet
106,throet
107,-
108,throet
109,th{r}oet
110,throet
111,th{r}oet
112,throet
113,-
114,th{t}oet
115,th{t}oet
116,th(r)oet
117,th{t}oet
118,throet
119,th{r}oet
120,th{t}oet
121,throet
122,throet
123,-
124,throet
125,-
126,th(r)oet
127,th{r}oet
128,th(r)oet
129,th{t}oet
130,th{r}oet
131,th{t}oet
132,th{r}oet
133,throet
134,th(r)oet
135,throet
136,th{r}oet
137,th{t}oet
138,th{t}oet
139,t{r}oet
140,-
141,th{r}oet
142,th(r)oet
143,th{t}oet
144,th{t}oet
145,th{t}oet
146,throet
147,th{r}oet
148,sroet
149,th(r)oet
150,-
151,th{t}oet
152,throet
153,th{t}oet
154,-
155,-
156,th{t}oet
157,th{r}oet
158,th{r}oet
159,throet
160,th{r}oet
161,throet
162,throet
163,th{t}oet
164,throet
165,throet
166,th{t}oet
167,th{t}oet
168,th{t}oet
169,-
170,th{t}oet
171,th{t}oet
172,throet
173,th{r}oet
174,th{r}oet
175,-
176,th{r}oet
177,th{r}oet
178,th{t}oet
179,th{r}oet
180,-
181,-
182,th{r}oet
183,-
184,th{r}oet
185,th{t}oet
186,th{r}oet
187,th{r}oet
188,th{t}oet
189,th{t}oet
190,th{t}oet
191,throet
192,th{t}oet
193,th(r)oet
194,th{t}oet
194,th(r)oet
195,-
196,th{t}oet
197,throet
198,th{t}oet
199,throet
200,th{t}oet
201,th{t}oet
202,th{r}oet
203,-
204,th{r}oet
205,-
206,th{t}oet
207,th(r)oet
208,throet
209,th{r}oet
210,throet
211,th{t}oet
212,throet
213,throet
214,th{t}oet
215,th{t}oet
215,th(r)oet
216,throet
217,th{r}oet
218,th{r}oet
219,-
220,throet
221,th{t}oet
222,-
223,-
224,th(r)oet
225,th{r}oet
226,-
227,-
228,-
229,-
230,hroet
231,troet
232,th{t}oet
233,th{r}oet
234,th{r}oet
235,th{r}oet
236,-
237,throet
238,th{t}oet
239,th{t}oet
240,th{r}oet
241,-
242,th{t}oet
243,throet
244,-
245,th{t}oet
246,th{r}oet
246,th(r)oet
247,throet
248,th{r}oet
249,throet
250,throet
251,th(r)oet
252,-
253,throet
254,th{r}oet
255,-
256,th{r}oet
257,th{t}oet
258,th{t}oet
259,throet
260,-
261,th{t}oet
262,throet
263,th{r}oet
264,throet
265,th{r}oet
266,th{r}oet
267,throet
268,-
269,throet
270,throe{?}
271,th{t}oet
272,throet
273,th{r}oet
274,throet
275,th{r}oet
276,th{t}oet
277,throet
278,th{r}oet
279,th{t}oet
280,froet
280,th{t}oet
281,throet
282,-
283,th{t}oet
284,throet
285,-
286,th{r}oet
287,throet
288,th{t}oet
289,th{t}oet
290,th{t}oet
291,th{t}oet
292,th{t}oet
293,th{t}oet
294,th{r}oet
295,throet
296,th{t}oet
297,-
298,th{r}oet
299,th{r}oet
300,th{r}oet
301,th{t}oet
302,th{t}oet
303,th(r)oet
304,th{t}oet
305,th{t}oet
306,th{r}oet
307,throet
308,th{t}oet
309,throet
310,th{t}oet
311,throet
312,th{t}oet
313,throet
314,-
315,throet
316,throet
317,th{r}oet
318,-
319,-
320,th{r}oet
321,th{r}oet
322,th{r}oet
323,th{r}oet
324,throet
325,throet
326,throet
327,th{r}oet
328,th{t}oet
329,th{r}oet
330,th(r)oet
331,throet
332,throet
333,th{r}oet
334,th{t}oet
335,throet
336,th{r}oet
337,throet
338,th{t}oet
339,th{r}oet
340,th(r)oet
341,th{t}oet
342,throet
343,throet
343,th{r}oet
344,throet
345,th{r}oet
346,th{t}oet
347,th{t}oet
348,th{r}oet
349,th{r}oet
350,th{r}oet
351,th{t}oet
352,th{t}oet
353,th{r}oet
354,th{t}oet
355,th{t}oet
356,throet
357,th{t}oet
358,th{r}oet
359,th{r}oet
360,th{r}oet
361,th{r}oet
362,throet
363,th{r}oet
364,th{r}oet
364,th{t}oet
365,th{t}oet
366,th{t}oet
367,-
368,th{t}oet
369,-
370,throet
371,th{t}oet
372,th{t}oet
373,throet
374,th{t}oet
375,throet
376,-
377,th{t}oet
378,throet
379,th{t}oet
380,th{r}oet
381,-
382,throet
383,th{r}oet
384,th{t}oet
385,throet
386,th{t}oet
387,th{r}oet
388,th{r}oet
389,th{t}oet
390,th{r}oet
391,th{r}oet
392,th(r)oet
393,th{r}oet
393,th(r)oet
394,th{t}oet
395,-
396,th{t}oet
397,th{t}oet
398,throet
399,th{t}oet
400,th{t}oet
400,th(r)oet
401,th{t}oet
402,th{t}oet
403,th{r}oet
404,th{r}oet
405,th{t}oet
406,th{t}oet
407,throet
408,throet
409,throet
410,th{t}oet
411,th{t}oet
412,-
413,throet
414,throet
415,throet
416,throet
417,throet
418,throet
419,th{t}oet
420,throet
421,th{t}roet
422,throet
423,throet
424,th{t}oet
425,-
426,th{t}oet
427,throet
428,th{t}oet
429,th{t}oet
430,-
431,throet
432,th{t}oet
433,th{r}oet
434,th(r)oet
435,throet
436,th{t}oet
437,th{t}oet
438,th(r)oet
439,th{r}oet
440,th{t}oet
441,throet
442,throet
443,th{t}oet
444,th{r}oet
445,th{t}oet
446,th{t}oet
447,th{t}oet
448,throet
449,th(r)oet
450,th{r}oet
451,th{t}oet
452,-
453,-
454,th(r)oet
455,throet
456,throet
457,th{t}oet
458,throet
459,-
460,throet
460,th{r}oet
461,throet
462,throet
463,th{r}oet
464,th{t}oet
465,-
466,th{t}oet
467,-
468,th(r)oet
469,throet
470,throet
471,th{r}oet
472,th(r)oet
473,throet
474,throet
475,th{t}oet
476,th{t}oet
477,thruet
478,th{t}oet
479,th{t}oet
480,th{t}oet
481,th{t}oet
482,th{t}oet
483,-
484,th{t}oet
485,throet
486,-
487,-
488,th{t}oet
489,th{r}oet
490,throet
491,-
492,throet
493,-
494,throet
495,th(r)oet
496,throet
497,-
498,th{t}oet
499,th{r}oet
500,-
501,th{t}oet
502,throet
503,th{t}oet
504,th{t}oet
505,th(r)oet
506,-
507,th(r)oet
508,throet
509,-
510,th(r)oet
511,-
512,-
513,th{t}oet
514,throet
515,-
516,th{t}oet
517,th{t}oet
518,throet
519,th{t}oet
520,-
521,th{t}oet
522,throet
523,throet
524,th{t}oet
525,th{r}oet
526,-
527,th{r}oet
528,th{r}oet
529,th{r}oet
530,throet
531,th(r)oet
532,th{r}oet
533,th{r}oet
534,th{r}oet
535,throet
536,throet
537,throet
538,th{r}oet
539,throet
540,-
541,th{r}oet
542,-
543,th(r)oet
544,throet
545,th{r}oet
546,th{t}oet
547,th{t}oet
548,th{r}oet
549,th{r}oet
550,-
551,th{t}oet
552,-
553,th{t}oet
554,th{t}oets
555,th(r)oet
556,-
557,th{r}oet
558,th{r}oet
559,-
560,-
561,-
562,th{t}oet
563,th{t}oet
564,th{r}oet
565,throet
566,th{t}oet
567,throet
568,-
569,th{t}oet
570,th{t}oet
571,-
572,th{r}oet
573,th{t}oet
574,th{r}oet
574,th(r)oet
575,th{t}oet
576,throet
577,th{r}oet
577,th{t}oet
578,th(r)oet
579,th{t}oet
580,th(r)oet
581,th{r}oet
582,th{t}oet
583,th{r}oet
584,-
585,-
586,-
587,th{t}oet
588,th{r}oet
589,th{t}oet
590,th{t}oet
591,th{r}oet
592,th{r}oet
593,th{t}oet
594,th(r)oet
595,th{t}oet
596,-
597,th(r)oet
598,th{t}oet
599,th{t}oet
600,th(r)oet
601,throet
602,throe(t)
603,th(r)oet
604,th{t}oet
605,th{t}oet
606,th{t}oet
607,th{t}oet
608,th{r}oet
609,throet
610,th{r}oet
611,throet
612,th{r}oet
613,th{t}oet
614,th{t}oet
615,th{t}oet
616,-
617,throet
618,th{t}oet
619,-
620,throek
621,th{t}oet
622,th{r}oet
623,th{r}oet
624,th{t}oet
625,th{r}oet
626,-
627,th(r)oet
628,throet
629,th{t}oet
630,t{r}oet
631,th{r}oet
632,throet
633,throet
634,th{t}oet
635,throet
636,throet
637,-
638,th{r}oet
638,th(r)oet
639,th(r)oet
640,th{r}oet
641,throet
642,-
643,th{t}oet
644,-
645,th{r}oet
646,th{r}oet
647,-
648,throet
648,th{r}oet
649,throet
650,throet
651,troets
652,th{t}oet
653,-
654,-
655,throet
656,th{t}oet
657,th{t}oet
657X,th{t}oet
657Y,th{r}oet
657Z,th{t}oet
658,th{t}oet
659,th{t}oet
660,th(r)oet
661,throet
662,th{t}oet
663,th(r)oet
664,-
665,-
666,troet
667,th{t}oet
668,th{t}oet
669,th(r)oet
670,th{r}oet
671,throet
672,th{r}oet
673,th{t}oet
674,th{r}oet
675,throet
676,-
677,th{r}oet
678,th{t}oet
679,throet
680,th{t}oet
681,th(r)oet
682,throet
683,th{r}oet
684,th{r}oet
685,th{r}oet
686,throet
687,th{t}oet
688,th(r)oet
689,throet
690,th{r}oet
691,th{r}oet
692,th{r}oet
693,throet
694,th{r}oet
695,th{t}oet
696,throet
697,-
698,-
699,-
700,th(r)oet
701,throet
702,th{t}oet
703,th{t}oet
704,th{r}oet
705,th{r}oet
706,-
707,th{t}oet
708,th{t}oet
709,th{r}oet
710,th{r}oet
711,throet
712,troet
713,th{r}oet
714,th{r}oet
715,-
716,th{r}oet
717,throet
718,throet
719,th{r}oet
720,throet
721,th{r}oet
722,throet
723,throet
724,th{r}oet
725,th{r}oet
726,th(r)oet
727,th{r}oet
728,throet
728,th{r}oet
729,th{r}oet
730,throet
730,th{t}oet
731,th{r}oet
732,th{r}oet
733,-
734,throet
735,-
736,th{t}oet
737,th{r}oet
738,th{r}oet
739,-
740,th{t}oet
741,th{r}oet
742,throet
743,th{t}oet
744,-
745,-
746,throet
747,th{r}oet
748,th{r}oet
749,-
750,-
751,th{r}oet
752,th{t}oet
753,th{r}oet
754,th(r)oet
755,-
756,th{r}oet
757,throet
757,th{t}oet
758,-
759,-
760,th{t}oet
761,th{t}oet
762,-
763,-
764,throet
765,-
766,th(r)oet
767,th{r}oet
768,throet
769,th{t}oet
770,th{t}oet
771,th{r}oet
772,th(r)oet
773,th(r)oet
774,-
775,th(r)oet
776,throet
777,th{t}oet
778,th{r}oet
779,th{t}oet
780,th{r}oet
781,th{t}oet
782,th{r}oet
783,-
784,th{r}oet
785,throet
786,th{t}oet
787,th{r}oet
788,th{r}oet
789,th{t}oet
790,th{t}oet
791,throet
792,th{r}oet
793,-
794,th{t}oet
794,th(r)oet
795,-
796,th{t}oet
796,th(r)oet
797,throet
798,throet
798,th{t}oet
799,-
800,th{t}oet
801,th{t}oet
802,throet
803,-
804,-
805,troet
806,th{t}oet
807,throet
808,th{t}oet
809,th{t}oet
810,t{r}oet
811,th{t}oet
812,th{t}oet
813,th{r}oet
814,th{r}oet
815,th{t}oet
816,th{t}oet
817,th{t}oet
818,-
819,th{t}oet
820,throet
821,throet
822,th{r}oet
823,th{r}oet
824,throet
825,th{r}oet
826,throet
827,th{t}oet
828,th{t}oet
829,th{r}oet
830,throet
831,throet
832,-
833,th{r}oet
833,th{t}oet
834,throet
835,throet
836,th{r}oet
837,-
838,th{r}oet
839,th{t}oet
840,th{r}oet
841,throet
842,th{t}oet
843,throet
844,throet
845,throet
846,th{t}oet
847,-
848,-
849,th{r}oet
850,th{r}oet
851,th{r}oet
852,throet
853,throet
854,th{t}oet
855,th{r}oet
856,th{r}oet
857,th{t}oet
858,th{t}oet
859,throet
860,th{t}oet
861,th{t}oet
862,throet
863,throet
864,throet
865,th{r}oet
866,throet
867,throet
867,th{r}oet
868,th{t}oet
869,th{t}oet
870,throet
871,-
872,-
873,th{r}oet
874,th{t}oet
875,th{t}oet
876,th{t}oet
877,th{t}oet
878,throet
879,-
880,t{r}oet
881,-
882,th{t}oet
883,th{t}oet
884,-
885,th{r}oet
885,th{t}oet
886,th{t}oet
887,throet
888,throet
889,th{r}oet
890,throet
891,throet
892,-
893,th{t}oet
894,th{t}oet
895,th{t}oets
896,th{t}oet
897,troet
898,s{t}oet
899,th{t}oet
900,th{r}oet
901,th{t}oet
902,throet
903,th{t}oet
904,th{t}oet
905,throet
906,-
907,th{r}oet
908,th{t}oet
909,-
910,th{r}oet
910,th{t}oet
911,th{t}oet
