Informant,Response
001,m{ow}th
002,m{ow}th
003,m{ow}th
004,m{ow}th
005,mowth
006,m{ou}th
007,m{ow}th
008,mowth
009,m{ow}th
010,m{ow}th
011,m{ou}th
012,mowth
013,m{ow}th
014,m{ow}th
015,mowth
016,mowth
017,m{ow}th
018,m{ou}th
019,mowth
020,m{ou}th
021,m{ow}th
022,m{ow}th
023,m{ow}th
024,m{ow}th
025,-
026,m{ou}th
027,m{ow}th
028,m{ow}th
029,mowth
030,mowth
031,mowth
032,m{ow}th
033,mowth
034,mowth
035,mowth
036,m{ou}th
037,m{ou}th
038,mowth
039,m{ow}th
040,m{ow}th
041,mowth
042,m{ou}th
043,m{ou}th
044,m{ou}th
045,m{ou}th
046,m{ow}th
047,m{ow}th
048,m{ow}th
049,mowth
050,m{ou}th
051,m{ow}th
052,mo{u}th
053,mowth
054,m{ow}th
055,m{ow}th
056,m{ow}th
057,mowth
058,m{ow}th
059,m{ow}th
060,m{ou}th
061,mowth
062,m{ow}th
063,mowth
064,m{ow}th
065,math
066,mowth
067,mowth
068,mowth
069,m{ou}th
070,m{ow}th
071,m{ow}th
072,m{ow}th
073,m{ou}th
074,m{ow}th
075,mowth
076,mowth
077,mowth
078,mowth
079,m{ow}th
080,m{ow}th
081,m{ow}th
081,m{ou}th
082,m{ow}th
083,m{ou}th
084,mowth
085,mo{u}th
086,mowth
087,m{ow}th
088,m{ou}th
089,-
090,m{ow}th
091,mowth
092,mo{u}th
093,mowth
094,mowth
095,mowth
096,m{ow}th
097,m{ow}th
098,mowth
099,mo{u}th
100,mo{u}th
101,m{ou}th
102,mowth
103,m{ow}th
104,mowth
105,mowth
106,math
107,m{ow}th
108,mowth
109,m{ow}th
110,m{ow}th
111,mo{u}th
112,m{ow}th
113,m{ow}th
114,mo{u}th
115,mowth
116,mowth
117,mowth
118,mowth
119,mowth
120,m{ow}th
121,m{ow}th
122,m{ow}th
123,m{ow}th
124,mowth
125,mowth
126,mowth
127,mo{u}th
128,mo{u}th
129,m{ow}th
130,mowth
131,mowth
132,mo{u}th
133,mowth
134,mo{u}th
135,m{ow}th
136,mowth
137,mowth
138,mowth
139,m{ow}th
140,m{ow}t
141,mowth
142,mowth
142,m{ow}th
143,mo{u}th
144,m{ou}th
145,mo{u}s
145,m{ow}th
146,m{ow}th
147,mo{u}th
148,mow(th)
149,mowt
149,mo{u}t
150,math
151,m{ow}th
152,mowth
153,mo{u}th
154,mowth
155,mowth
156,mowth
157,m{ou}th
158,mowth
159,mowth
160,mowth
161,mowth
162,m{ow}th
163,m{uw}th
164,mowth
165,mowf
166,mowth
167,mo{u}th
168,m{ou}th
169,m{ow}th
170,m{ow}th
171,m{ow}th
172,m{ow}th
173,mowth
174,mowth
175,m{ow}th
176,m{ow}th
177,mowth
178,m{ou}th
179,m{uw}f
180,m{uw}th
181,-
182,m{ow}th
183,m{ow}th
184,m{ou}th
185,mowth
186,mowth
187,m{ow}th
188,mo{u}f
189,m{ow}th
190,mo{u}th
191,m{ou}th
191,m{ow}th
192,m{ow}th
193,-
194,m{ow}th
195,mowth
196,mo{u}th
197,mo{u}th
198,mo{u}th
199,mowt
199,mowth
200,mowth
201,m{ow}th
202,mowth
203,m{ou}th
204,m{ow}th
205,-
206,mowth
207,m{ow}th
208,mowth
209,m{ow}th
210,mo{u}th
211,m{ow}th
212,-
213,m{ow}th
214,mowth
215,mowth
216,mowth
217,mo{u}th
218,mowth
219,mow(th)
220,m{ow}th
221,m{ou}th
222,mowth
223,-
224,mowth
224,mo{u}th
225,mowth
226,mowth
227,m{ow}th
228,m{ow}th
229,mowth
230,m{ow}th
231,mowth
232,mo{u}th
233,m{ow}th
234,mowth
235,mowth
236,mowth
237,m{ow}th
238,m{ow}th
239,m{ow}th
240,m{ow}th
241,m{ow}f
242,m{ow}th
243,mowth
244,-
245,m{ow}th
246,mowth
247,m{ow}th
248,m{ow}th
249,m{ow}th
250,m{ow}th
251,mowf
252,-
253,mowth
254,mowth
255,-
256,mowf
257,m{ow}th
258,mowth
259,m{ow}th
260,-
261,mowth
262,mowth
263,mowth
264,m{ow}th
265,mowth
266,mowth
267,-
268,-
269,mowth
269,m{uw}th
270,mowth
271,mowth
272,mowth
273,mowth
274,mowth
275,mowth
276,mowth
277,m{ow}th
278,m{ow}th
279,mowth
280,mowth
281,mowth
282,-
283,mowt
283,m{ow}{f}
284,mowth
285,-
286,m{ow}th
287,mowth
288,mowth
288,mo{u}t
289,mowth
290,mowth
291,mowth
292,mowth
293,m{ou}th
294,m{ou}th
295,mowth
296,mowth
297,m{ou}th
298,-
299,mowth
300,m{ow}th
301,mowth
302,mo{u}th
303,mowth
304,mowth
305,m{ow}th
306,m{ow}th
307,mowth
308,mowth
309,mowth
310,mowth
311,mowth
312,m{ow}th
313,mowth
314,m{ow}th
315,mowth
316,mow(th)
317,mowth
318,mowth
319,-
320,mo{u}th
320,m{ow}th
321,mowth
322,m{ow}th
323,mowth
324,m{ow}th
325,m{ow}th
326,-
327,mowth
328,m{ow}th
329,m{ow}th
330,mowth
331,-
332,m{ow}th
333,mowth
334,m{ow}th
335,mowth
336,m{ow}th
337,mowth
338,m{ow}th
339,mo{u}th
340,mowth
341,m{ou}th
342,m{ou}th
343,m{ow}th
344,m{ow}th
345,m{ow}th
346,m{ow}th
347,mow(th)
348,m{ow}th
349,mo{u}th
350,m{ow}th
351,m{ow}th
352,mo{u}th
353,m{ow}th
354,mo{u}th
355,mo{u}th
356,m{ow}th
357,mo{u}th
358,mowth
359,mowth
360,mowth
361,mowth
362,mowth
363,m{ow}th
364,m{ow}th
365,m{ou}th
366,m{ow}th
367,m{ou}th
368,m{ow}th
369,m{ow}th
370,mo{u}th
371,mo{u}th
372,mowth
373,mowth
374,mowth
375,mowth
376,-
377,mowth
378,m{ow}th
379,mowth
380,mowth
381,m{ow}th
382,mowth
383,m{ow}th
384,mowth
385,mowth
386,mowth
387,mo{u}th
388,m{ow}th
389,m{ow}th
390,m{ow}th
391,m{ow}th
392,mowth
393,m{ow}th
394,mowth
395,mo{u}th
396,-
397,m{ou}th
398,m{ow}th
399,mowth
400,mowth
401,-
402,mowth
403,mowf
404,m{ow}th
405,m{ow}th
406,mowth
407,mowth
408,mowth
409,m{ow}th
410,-
411,mowth
412,-
413,mowth
414,m{uw}f
415,m{ow}th
416,m{ow}th
417,m{ow}th
418,mowth
419,mo{u}th
420,m{ow}th
421,mo{u}th
422,mo{u}th
423,mowth
424,m{ow}th
425,-
426,m{ow}th
427,mowth
428,m{ow}th
429,-
430,-
431,m{ow}th
432,mowth
433,m{ou}th
434,mowth
435,mowth
436,mowth
436,m{ow}th
437,mo{u}th
438,mowf
439,mowth
440,m{ow}th
441,mowth
442,m{ow}th
443,m{ow}th
444,mo{u}th
445,mowth
446,m{ow}th
447,mowth
448,mowth
449,mowf
450,mowth
450,mow(th)
451,mowth
451,mo{u}th
452,m{ow}th
453,-
454,mowth
455,mowth
456,mowth
457,mowth
458,m{ow}th
459,-
460,mowth
461,mo{u}th
462,m{ow}th
463,m{ow}th
464,mowth
465,mowth
466,mowth
467,m{ou}th
468,mowth
469,mowth
470,mowth
471,mo{u}th
472,m{ow}th
473,m{ow}th
474,mowth
475,mo{u}th
476,mowth
477,mowth
478,m{ow}f
479,m{ow}th
480,mo{u}th
481,m{ow}th
482,mowth
483,mowth
484,m{ow}th
485,mowth
486,-
487,-
488,mowth
489,m{ow}th
490,m{ow}th
491,mowth
492,mo{u}th
493,-
494,mowth
495,m{ow}f
496,m{ou}th
497,m{ow}th
498,mowth
499,mowth
500,-
501,m{ow}th
502,m{ow}th
503,-
504,m{ow}th
505,mowth
506,mowth
507,mowf
508,mowth
509,mowth
510,m{ow}f
511,m{ow}th
512,-
513,mo{u}th
514,mowth
515,m{ow}th
516,m{ow}th
517,m{ow}th
518,mowth
519,mowth
520,-
521,mowth
522,mowth
523,mowth
524,mowth
525,mowf
526,-
527,m{ow}th
528,-
529,mowth
530,mowth
531,m{ow}th
532,mowt
533,m{ow}th
534,m{ow}th
535,m{ow}th
536,-
537,mowth
538,mo{u}th
539,mowth
540,-
541,m{ow}th
542,m{ow}th
543,mowf
544,-
545,mowf
546,-
547,mowth
548,mo{u}th
549,m{ow}th
550,-
551,m{ow}th
552,mo{u}th
553,-
554,-
555,-
556,-
557,m{ow}th
558,mowth
559,m{ow}th
560,m{ow}th
561,mowth
562,mo{u}th
563,mo{u}th
564,mowth
565,mo{u}th
566,m{ow}th
567,-
568,-
569,mowth
570,m{ow}th
571,m{ow}th
572,m{ow}s
572,m{ow}th
573,m{ow}(th)
574,mo{u}th
575,mo{u}th
576,mowth
577,mowf
578,mowth
579,mowth
580,-
581,m{ow}th
582,mo{u}th
583,mowth
584,mowth
585,mo{u}th
586,-
587,mo{u}th
588,mo{u}th
589,m{ow}th
590,mowth
590,m{uw}th
591,m{ow}th
592,m{ow}th
593,mowf
594,mowth
595,m{ow}th
596,m{ow}th
597,m{ow}th
598,mo{u}th
599,m{ow}th
600,m{ou}(th)
600,m{ow}th
601,mo{u}th
602,m{ow}th
603,-
604,-
605,-
606,mowth
607,mo{u}th
608,m{ow}th
609,-
610,-
611,mowth
612,m{ow}f
613,mowth
614,mowth
615,m{ow}th
616,mowth
617,mowth
618,-
619,-
620,mowth
620,m{ow}th
621,mo{u}th
621,mowth
622,mowth
623,m{ou}th
623,m{ow}th
624,mowth
625,m{ow}th
626,-
627,m{ow}f
628,mowth
629,m{ow}th
630,mowt
630,mowth
631,-
632,-
633,-
634,m{ow}th
635,mowth
636,-
637,-
638,-
639,mowth
640,m{ow}th
640,m{ow}(th)
641,mowth
642,-
643,mowth
644,-
645,mowth
646,m{ow}th
647,mowt
648,mowt
649,mowth
650,mowth
651,-
652,mowth
653,mowth
654,mowt
655,mowf
656,mowth
657,m{ow}th
657X,mowth
657Y,mowth
657Z,mowth
658,-
659,-
660,mowf
661,mowth
662,m{uw}th
663,mo{u}th
664,-
665,-
666,mowth
666,m{ow}s
666,mo{u}(th)
667,mowth
668,mowth
669,m{ow}th
670,mowth
670,m{ow}th
671,mowth
672,mowth
673,mowth
674,m{ow}(th)
675,m{ow}th
676,mowf
677,m{ow}th
678,m{ou}th
679,m{ow}th
680,mo{u}th
681,m{ow}th
682,m{ow}th
683,m{ow}t
684,m{ow}th
685,mowth
686,m{ow}th
687,m{ow}th
688,mo{u}th
689,mowth
690,mowth
691,m{ow}th
692,mowth
693,mowth
694,mo{u}th
695,m{ow}th
696,mowth
696,mo{u}th
697,mowf
698,-
699,mowth
700,-
701,mowth
702,-
703,-
704,mowth
705,mo{u}th
706,-
707,-
708,m{ow}{f}
709,m{ow}th
710,mowth
711,mowth
712,m{ow}th
713,-
714,m{ow}th
715,-
716,mowth
717,mowth
718,m{ow}th
719,mowth
720,m{ow}th
721,m{ow}th
722,mo{u}th
723,m{ow}th
724,m{ou}th
725,m{ow}th
726,m{ow}th
727,m{ow}th
728,m{ow}th
729,mowth
730,mowth
731,m{ow}th
732,m{ow}th
733,m{ow}{dh}{z}
734,-
735,m{ow}th
736,-
737,m{ow}th
738,m{ow}th
739,-
740,m{ou}th
741,m{ow}th
742,mowth
743,m{ow}th
744,-
745,-
746,-
747,mo{u}th
748,m{ow}th
749,mowth
750,-
751,mowth
752,-
753,mowth
754,mowf
755,m{ow}th
756,mowth
757,m{ow}th
758,mo{u}th
759,m{ow}th
760,m{ow}th
761,-
762,m{ow}th
763,-
764,mowf
764,mowth
765,mowth
766,m{ow}th
766,m{ow}(th)
767,m{ow}th
768,mowth
769,mowth
770,mowth
771,m{ow}f
772,m{ow}th
773,mo{u}th
774,-
775,mowth
775,m{ow}th
776,mowth
777,m{ow}th
778,m{ow}th
779,mowth
780,mowth
781,mo{u}th
782,m{ow}th
783,m{ow}th
784,mow(th)
785,m{ow}th
786,m{ow}th
787,m{ow}th
788,m{ow}th
789,mowf
790,m{ou}th
791,mo{u}th
792,m{ow}th
793,-
794,m{ow}th
795,mowth
796,mowth
797,m{ow}th
798,mowf
798,mowth
799,mowth
800,m{ou}th
801,m{ow}th
802,m{uw}th
803,-
804,-
805,mo{u}th
806,mow(th)
807,mowth
808,mowt
809,mowth
810,mowth
810,m{uw}th
811,mowf
812,-
813,m{ow}th
814,mowth
815,mowth
816,m{ow}th
817,m{ow}th
818,-
819,mowth
820,m{ow}th
821,mowth
822,mo{u}th
823,mowth
824,m{ow}th
825,mowth
826,mowth
827,m{ow}th
828,m{ow}th
829,mowth
830,m{ou}th
831,mowth
832,-
833,m{ow}th
834,m{ow}th
835,mowth
836,mowth
837,-
838,m{ow}th
839,m{ow}th
840,m{ow}th
841,mowth
842,m{ow}th
843,mowth
844,mowth
845,mowth
846,mowth
847,-
848,m{ow}th
849,mowth
850,m{ow}th
851,m{ow}th
852,m{ow}th
853,m{ow}th
854,m{ow}th
855,m{ow}th
856,m{ow}th
857,mowt
857,mowth
858,-
859,mowth
860,mowth
861,mowth
862,mowth
863,mowth
864,mowf
864,mowth
865,mowth
866,mowf
867,mowth
868,mo{u}th
869,mowth
870,mowth
871,mowth
872,-
873,m{ow}th
874,mowth
875,m{ow}th
876,m{ow}f
877,mo{u}th
878,mowth
879,-
880,-
881,-
882,mowth
883,mo{u}th
884,-
885,mowth
886,m{ou}th
886,m{ow}th
887,mowth
888,m{uw}f
889,mowth
890,mowth
891,mowth
892,m{ow}th
893,mowth
894,mowth
895,mowth
896,mowth
897,mows
898,mowt
899,mowth
900,mowth
901,mowth
902,m{ow}th
903,-
904,mowth
905,mowth
906,-
907,mowth
908,mowth
909,mowth
910,mowth
911,m{ow}th
