Informant,Response
001,shoeldRz=14
002,shoeldRz=14
003,shoeldRz=14
004,shoeldRz=14
005,shoeldRz=14
006,shoeldR=14
007,shoeldR=14
008,-
009,shoeldRz=14
010,shoeldRz=14
011,shoeldRz=14
012,shoeldRz=14
013,shoeldRz=14
014,shoeldRz=14
015,shoeldRz=14
016,shoeld[R]z=14
017,shoeldRz=14
018,shoeldRz=14
019,shoeldRz=14
020,shoeldRz=14
021,shoeldRz=14
022,shoeld[R]z=14
023,shoeld{R}z=14
024,shoeldRz=14
025,shoeldR=14
026,shoeldRz=14
027,shoeldRz=14
028,-
029,shoeld[R]z=14
030,shoe(l)d{R}=14
031,shoeldRz=14
032,shoeldR=14
033,shoeldRz=14
034,shoeld[R]z=14
035,shoeldRz=14
036,shoeldR=14
037,shoeldRz=14
038,shoeldRz=14
039,shoe(l)dR{z}=14
040,shoeldR{z}=14
041,choeldRz=14
042,shoel(d)R=14
042,shoeld{R}=14
043,shoeldRz=14
044,shoeldR=14
045,shoeldRz=14
046,shoeldR=14
047,shoeldRz=14
048,shoeldR=14
049,shoeldRz=14
050,-
051,-
052,shoeld[R]z=14
053,shoeldRz=14
054,shoeld[R]{z}=14
055,shoeldR{z}=14
056,shoeldR{z}=14
057,shoeld{R}{z}=14
058,shoeldRz=14
059,shoeldRz=14
060,shoeldRz=14
061,-
062,shoeldR{z}=14
063,shoeld{R}z=14
064,shoeldRz=14
065,shoeldR=14
066,shoeld[R]=14
067,-
068,shoeldR{z}=14
069,shoeld{R}=14
070,shoeld[R]=14
071,shoeldRz=14
072,shoeldRz=14
073,shoeldRz=14
074,-
075,shoeldRz=14
076,shoeld[R]=14
077,shoe[l]d[R]=14
078,shoeldR{z}=14
079,-
080,-
081,shoeldRz=14
082,shoeld{R}z=14
083,shoeldR=14
084,shoeld[R]{z}=14
085,-
086,shoeldRz=14
087,-
088,-
089,-
090,shoeld[R]z=14
091,shoeld[R]{z}=14
092,shoeldRz=14
093,-
094,shoeld[R]z=14
095,shoe[l]d[R]{z}=14
096,shoeld[R]z=14
097,shoeldRz=14
098,shoel(d)[R]s=14
099,shoeld[R]z=14
100,shoeld[R]{z}=14
101,shoeldRz=14
102,shoeld{R}z=14
103,shoeldR{z}=14
104,-
105,shoeldRz=14
106,shoeldRz=14
107,shoeldRz=14
108,shoeldRz=14
109,shoeld[R]=14
110,shoeld[R]z=14
111,shoeld[R]z=14
112,shoeld[R]z=14
113,shoeld[R]z=14
114,shoeld[R]{z}=14
115,shoeld[R]=14
116,shoeld[R]=14
117,shoeld[R]=14
118,shoe(l)d{R}=14
119,-
120,-
121,shoeld[R]z=14
122,shoeldR{z}=14
123,shoeld[R]z=14
124,shoeld{R}z=14
125,-
126,shoeld[R]z=14
127,shoeld[R]=14
128,shoeld[R]z=14
129,shoeld[R]{z}=14
130,shoeld[R]=14
131,shoeld[R]=14
132,shoeld[R]z=14
133,shoeld{R}z=14
134,-
135,shoeld[R]=14
136,shoeld[R]z=14
137,shoeld[R]=14
138,shoeld[R]=14
139,-
140,-
141,shoeld[R]{z}=14
142,shoeld[R]z=14
143,shoeld[R]=14
144,shoeld[R]z=14
145,shoe[l]d[R]z=14
145,shoe(l)d[R]z=14
146,shoeld[R]z=14
147,shoeld[R]=14
148,shoeld[R]z=14
149,-
150,-
151,shoeld{R}z=14
152,shoe[l]dR{z}=14
153,shoeld[R]z=14
154,shoeld[R]z=14
155,shoeld[R]z=14
156,shoeld[R]z=14
157,shoeld[R]{z}=14
158,shoeld[R]{z}=14
159,shoeld{R}z=14
160,-
161,shoeld[R]z=14
162,shoeld[R]z=14
163,shoeld[R]z=14
164,shoeldR{z}=14
165,shoeld[R]z=14
166,shoeld[R]z=14
167,shoeld[R]z=14
168,shoeld{R}{z}=14
169,shoeld{R}=14
170,shoeld[R]=14
171,shoeldR{z}=14
172,shoeld[R]=14
173,shoeldR{z}=14
174,shoeldRz=14
175,shoeld[R]z=14
176,shoeld[R]z=14
177,shoeld[R]z=14
178,shoeld{R}z=14
179,-
180,shoeld[R]z=14
181,-
182,shoe(l){t}Rz=14
183,-
184,shoeld{R}=14
185,shoeldRz=14
186,shoeldRz=14
187,shoeldR{z}=14
188,shoe[l]d[R]=14
189,shoeld[R]z=14
190,shoeld[R]z=14
191,shoe[l]d[R]{zh}=14
192,shoeld[R]=14
193,shoeldRz=14
194,shoeld{R}=14
195,shoeld{R}=14
196,shoeld[R]z=14
197,shoeld{R}{z}=14
198,shoeld{R}{z}=14
199,shoe[l]dRzh=14
200,-
201,shoeld{R}z=14
202,shoeld[R]z=14
203,shoeldRz=14
204,shoeldR{z}=14
205,-
206,shoeldRz=14
207,shoeldR=14
208,-
209,shoeld[R]=14
210,shoeld[R]=14
211,shoeldRz=14
212,shoe[l]dR=14
213,shoeld[R]z=14
214,shoeld[R]z=14
215,shoel(d)[R]z=14
216,shoe[l]d[R]z=14
217,shoeldRz=14
218,shoeld[R]=14
219,shoeld[R]z=14
220,-
221,shoeld{R}z=14
222,shoeld[R]=14
223,shoeld{R}z=14
224,shoel(d)[R]=14
225,shoeld[R]z=14
226,shoeld[R]=14
227,-
228,shoeld[R]z=14
229,-
230,-
231,-
232,shoeldR{z}=14
233,shoeldR=14
234,shoeld[R]=14
235,shoeldRz=14
236,shoeldRz=14
237,shoeld{R}=14
238,shoeldR=14
239,shoeldRz=14
240,shoeldR{z}=14
241,-
242,shoeld{R}z=14
243,shoeldRz=14
244,-
245,shoeld[R]=14
246,shoeld[R]z=14
247,-
248,-
249,shoe[l]dR{z}=14
250,shoeld{R}z=14
251,shoeld[R]z=14
252,-
253,shoeldRz=14
254,shoeldRz=14
255,-
256,-
257,shoeldRz=14
258,shoeldRz=14
259,shoeld[R]=14
260,-
261,shoeldR{z}=14
262,shoe[l]d{R}=14
263,shoeld[R]z=14
264,shoeldRz=14
265,shoeldR{z}=14
266,shoeldR{z}=14
267,shoeld[R]z=14
268,-
269,shoe[l]dR=14
270,shoeld[R]=14
271,-
272,shoeldRz=14
273,shoeldR=14
274,shoeldRz=14
275,shoeld{R}z=14
276,shoeldRz=14
277,-
278,shoeldRz=14
279,shoeldRz=14
280,shoeld[R]z=14
281,shoe(l)dR{z}=14
282,-
283,-
284,shoeldRz=14
285,-
286,shoe[l]dRz=14
287,shoeldRz=14
288,choeld[R]z=14
288,shoeld[R]z=14
289,shoeld[R]z=14
290,shoeldRz=14
291,choeldRz=14
292,shoeldRz=14
293,shoeld[R]z=14
294,-
295,-
296,-
297,shoeldR{z}=14
298,-
299,shoeld[R]z=14
300,shoeld{R}{z}=14
301,shoeld{R}z=14
302,shoeldRz=14
303,shoeld[R]z=14
304,shoeld{R}=14
305,shoeldRz=14
306,shoeld[R]z=14
307,-
308,shoeldRz=14
309,shoeld[R]{z}=14
310,shoeld{R}z=14
311,shoeld{R}z=14
312,shoeld[R]z=14
313,shoeldRz=14
314,-
315,-
316,shoeld{R}z=14
317,shoeldRz=14
318,-
319,-
320,shoeldRz=14
321,shoeld{R}z=14
322,shoeldR{z}=14
323,shoeldRz=14
324,shoeldR=14
325,shoeld[R]z=14
326,shoeld[R]z=14
327,shoeld[R]z=14
328,shoeldR{z}=14
329,shoe[l]dR{z}=14
330,shoeld[R]z=14
331,shoeld[R]z=14
332,shoe[l]d[R]{z}=14
333,shoeld{R}z=14
334,shoeldR{z}=14
335,-
336,shoeldR{z}=14
337,-
338,choeldRz=14
339,shoeldRz=14
340,-
341,shoeld[R]=14
342,shoe[l]d[R]{z}=14
343,shoe(l)dR{z}=14
344,shoeld[R]=14
345,shoeld{R}{z}=14
346,shoeld[R]=14
347,shoeld[R]z=14
348,shoeldRz=14
349,shoeld[R]z=14
350,shoeld{R}z=14
351,shoeld[R]z=14
352,shoeldR{z}=14
353,shoeldR{z}=14
354,shoeldR=14
355,shoeld[R]z=14
356,-
357,shoeldRz=14
358,shoeld{R}{z}=14
359,shoeldR{z}=14
360,shoeldR{z}=14
361,shoeldRz=14
362,shoeldRz=14
363,shoeld{R}z=14
364,shoeld[R]z=14
365,shoeld[R]{z}=14
366,shoeldRz=14
367,shoeldR{z}=14
368,shoeld{R}=14
369,shoeldRz=14
370,choeldRz=14
371,shoeldRz=14
372,shoeldRz=14
373,shoeld[R]{z}=14
374,shoeldRz=14
375,shoeldRz=14
376,-
377,shoeld[R]=14
378,shoeld{R}z=14
379,-
380,-
381,-
382,shoeld[R]z=14
383,shoeldRz=14
384,shoeld[R]z=14
385,shoeld{R}z=14
386,shoeld[R]z=14
387,shoeldRz=14
388,shoeldR{z}=14
389,shoeld[R]z=14
390,shoeld[R]{z}=14
391,shoeld[R]{z}=14
392,shoeld[R]=14
393,-
394,shoeld[R]=14
395,-
396,-
397,shoeld[R]z=14
398,shoeld[R]{z}=14
399,shoeld[R]=14
400,shoeld[R]z=14
401,shoeld[R]z=14
402,shoeld[R]=14
403,shoeld[R]z=14
404,shoe[l]d[R]=14
405,shoeld[R]{z}=14
406,shoeld[R]z=14
407,shoeld[R]z=14
408,shoeldR=14
409,shoeld[R]z=14
410,shoeld[R]z=14
411,shoeld[R]z=14
412,-
413,shoeld{R}z=14
414,-
415,shoeldRz=14
416,shoeld[R]z=14
417,shoeld[R]z=14
418,shoe[l]dRz=14
419,shoeld{R}z=14
420,shoeld[R]=14
421,shoeld[R]=14
422,shoeld[R]z=14
423,shoeldRz=14
424,shoe[l]d[R]z=14
425,-
426,shoeldRz=14
427,shoeld[R]z=14
428,shoeld{R}z=14
429,-
430,-
431,shoe[l]dRz=14
432,shoeld[R]=14
433,shoeldR{z}=14
434,shoeld[R]z=14
435,shoeld{R}z=14
436,-
437,shoeldRz=14
438,shoel(d)[R]=14
439,shoeld[R]=14
440,shoeld[R]z=14
441,shoe[l]d{R}z=14
442,shoe[l]d[R]{zh}=14
443,shoeldR{z}=14
444,shoeld[R]z=14
445,shoeld[R]z=14
446,shoeldRz=14
447,shoeld[R](z)=14
448,shoeld{R}z=14
449,shoeld[R]=14
450,shoeld[R]{z}=14
451,-
452,shoe[l]dR{z}=14
453,shoeld[R]=14
454,shoeld[R]z=14
455,shoeldRz=14
456,shoeld[R]z=14
457,shoeld{R}{z}=14
458,shoeldRz=14
459,-
460,-
461,shoeldRz=14
462,shoeldR=14
463,shoeld[R]z=14
464,shoeld[R]z=14
465,shoeld{R}z=14
466,shoeldRz=14
467,shoeldRz=14
468,shoeld[R]z=14
469,shoeld{R}=14
470,shoeld{R}z=14
471,-
472,shoeld[R]{z}=14
473,shoeldR=14
474,shoeldRz=14
475,shoeld[R]z=14
476,shoeldRz=14
477,shoeld[R]{z}=14
478,shoel(d)R{z}=14
479,shoeld[R]z=14
480,shoeld[R]z=14
481,shoeld[R]z=14
482,shoeld[R]z=14
483,shoeldR=14
484,shoeldR{z}=14
485,shoeldRz=14
486,-
487,-
488,shoeldRz=14
489,shoeld{R}{z}=14
490,shoeldRz=14
491,shoeldRz=14
492,shoeldR=14
493,shoeld[R]z=14
494,shoeldurz=13
495,shoeld[R]z=14
496,shoeldRz=14
497,shoeld{R}{z}=14
498,shoeldRz=14
498,shoe(l)dRz=14
499,shoeld{R}z=14
500,shoeldRz=14
501,shoeld[R]z=14
502,shoeldRz=14
503,-
504,shoeldR{z}=14
505,shoeld[R]=14
506,choeldR=14
507,-
508,-
509,-
510,shoe(l)d[R]z=14
511,-
512,-
513,choeld[R]z=14
514,shoeldR{z}=14
515,-
516,-
517,shoeldR=14
518,shoeldRz=14
519,shoeld{R}{z}=14
520,-
521,-
522,-
523,shoeld[R]{z}=14
524,-
525,shoeld[R]z=14
526,-
527,shoeld{R}z=14
528,shoeld[R]z=14
529,-
530,shoe[l]d{R}z=14
531,-
532,shoeld[R]{z}=14
533,shoeldRz=14
534,shoeld{R}{z}=14
535,shoe[l]dR(z)=14
536,shoeld{R}z=14
537,-
538,-
539,shoeld[R]z=14
540,-
541,shoeld{R}z=14
542,-
543,-
544,shoeld{R}=14
545,shoeld[R]=14
546,-
547,shoeldR{z}=14
548,shoeldRz=14
549,shoeld{R}=14
550,shoel{t}[R]=14
551,shoeld{R}=14
552,-
553,-
554,shoeld[R]=14
555,-
556,-
557,shoeld{R}z=14
558,shoeldR{z}=14
559,shoeldRz=14
560,shoeld[R]z=14
561,shoeld[R]z=14
562,shoeldRz=14
563,shoeld{R}z=14
564,shoeld[R]z=14
565,shoeld[R]z=14
566,shoel(d)[R]z=14
567,-
568,-
569,shoeld[R]{z}=14
570,shoeld[R]{z}=14
571,shoeld[R]{z}=14
572,choeld[R]=14
573,shoeld[R]z=14
574,shoeld[R]z=14
575,shoeld[R]z=14
576,shoeld{R}z=14
577,shoeld[R](z)=14
578,shoeld{R}z=14
579,shoeld{R}z=14
580,shoel{t}[R]=14
581,shoeld[R]{z}=14
582,shoeld[R]z=14
583,shoeld[R]z=14
584,shoeldRz=14
585,shoeld[R]z=14
586,shoeld[R]=14
587,shoeld[R]z=14
588,shoeld[R]z=14
589,shoe[l]d[R]{z}=14
590,-
591,shoeldR{z}=14
592,shoeldRz=14
593,shoeld[R]z=14
593,shoel(d)[R]z=14
594,shoeld[R]z=14
595,shoeldRz=14
596,shoeld[R]z=14
597,shoeld{R}{z}=14
598,shoeld[R]z=14
599,shoeldRz=14
600,shueld[R](z)=14
601,shoeldRz=14
602,shoel(d)[R]z=14
602,shoeld[R]z=14
603,-
604,shoeldRz=14
605,shoeld[R]=14
606,-
607,shoeld{R}z=14
608,shoeld[R]z=14
609,shoeld[R]z=14
610,-
611,shoe(l)dR{z}=14
612,shoeld[R]z=14
613,shoeld[R]z=14
614,shoeld[R]z=14
615,shoeld[R]z=14
616,-
617,shoe[l]d[R]=14
618,shoeld[R]z=14
619,-
620,shoeld[R]z=14
621,-
622,shoeld[R]z=14
623,-
624,shoeldRz=14
625,shoeld{R}z=14
626,-
627,shoeld[R]z=14
628,shoe[l]dRz=14
629,shoeldR{z}=14
630,-
631,shoeld{R}=14
632,shoeld[R]=14
633,-
634,shoeld[R]{z}=14
635,shoeldR=14
636,shoe[l]dRz=14
637,shoeld[R]z=14
638,shoeld[R]=14
639,shoeld{R}z=14
640,shoeld[R]z=14
641,shoeld[R]{z}=14
642,-
643,shoeldRz=14
644,-
645,-
646,shoeldRz=14
647,shoeld[R]=14
648,shoeld[R]{z}=14
649,-
650,shoeld[R]z=14
651,-
652,shoeld{R}z=14
653,shoeld{R}z=14
654,shoeld[R]z=14
655,shoeld{R}z=14
656,shoe(l)dRz=14
657,shoeldRz=14
657X,shoeld[R]z=14
657Y,-
657Z,shoeld[R]z=14
658,shoeld[R]=14
659,shoeld[R]z=14
660,shoeld[R]z=14
661,shoe[l]d[R]{z}=14
662,shoeld[R]z=14
663,-
664,-
665,-
666,shoeld[R]=14
667,shoeldR{z}=14
668,shoeld[R]=14
669,shoeldRz=14
670,shoeldR=14
671,shoeld{R}z=14
672,shoeldR=14
673,shoeld[R]z=14
674,shoeldR=14
675,shoeldRz=14
676,-
677,shoe[l]dR=14
678,shoeldRz=14
679,shoeldR{z}=14
680,shoeldRz=14
681,shoeld{R}=14
682,shoeldR{z}=14
683,-
684,shoeldR{z}=14
685,shoeldR{z}=14
686,shoeldRz=14
687,shoeldR{z}=14
688,shoeld[R]=14
689,shoeld{R}z=14
690,shoeld{R}{z}=14
691,shoeldR{z}=14
692,shoeld[R]z=14
693,shoeldRz=14
694,shoeldRz=14
695,shoeldRz=14
696,shoeld[R]z=14
697,shoe(l)d{R}z=14
698,-
699,-
700,-
701,shoeld[R]z=14
702,shoeld[R]=14
703,-
704,shoe[l]d[R]{z}=14
705,shoeldR=14
706,-
707,shoeld[R]z=14
708,shoeldR{z}=14
709,-
710,shoe(l)dRz=14
711,shoe[l]dRz=14
712,shoeldRz=14
713,shoeldR=14
714,shoeldR{z}=14
715,-
716,shoeld{R}=14
717,-
718,-
719,-
720,-
721,shoeldRz=14
722,shoeldRz=14
723,shoeldRz=14
724,shoeldRz=14
725,shoeldRz=14
726,shoeldR=14
727,shoeldRz=14
728,shoeld{R}{z}=14
729,-
730,shoeldRz=14
731,shoe[l]dR=14
732,shoeldR=14
733,shoeldR=14
734,-
735,-
736,shoeldRz=14
737,shoeldRz=14
738,shoeldRz=14
739,-
740,shoeldRz=14
741,shoeldRz=14
742,shoeldRz=14
743,shoeld[R]=14
744,shoeldR{z}=14
744,shoe(l)dR{z}=14
745,-
746,-
747,shoeldRz=14
748,shoe(l)dRz=14
749,shoe[l]dRz=14
750,-
751,shoeld{R}z=14
752,shoeld[R]z=14
753,shoeldR{z}=14
754,shoeld{R}z=14
755,shoeldR{z}=14
756,shoeld{R}=14
757,shoeld[R]z=14
758,shoeldR{z}=14
759,-
760,shoeld[R]z=14
761,shoeld[R]z=14
762,-
763,-
764,shoeld[R]z=14
764,shoeld[R]{z}=14
765,shoeldRz=14
766,shoeldR{z}=14
767,shoeldRz=14
768,shoeld{R}z=14
769,shoeldR{z}=14
770,shoeld{R}=14
771,shoeld[R]=14
772,shoeld[R]=14
773,shoeld[R]z=14
774,shoeld[R]=14
775,shoeld[R]{z}=14
776,shoeldR{z}=14
777,shoeld[R]{z}=14
778,shoeldR=14
779,shoeldRz=14
780,shoeldR{z}=14
781,shoeld{R}z=14
782,shoeldR{z}=14
783,shoeldR{z}=14
784,shoeld[R]=14
785,shoeldRs=14
786,shoeldRz=14
787,shoeldR{z}=14
788,shoeld[R]=14
789,-
790,shoeld[R]z=14
791,shoeldRz=14
792,shoeldRz=14
793,-
794,shoeldRz=14
795,-
796,shoeld{R}z=14
797,shoeld[R](z)=14
798,shoeld[R]z=14
799,-
800,shoeldRz=14
801,shoeld{R}z=14
802,shoeld{R}z=14
803,-
804,-
805,shoeldR=14
806,shoeld[R]z=14
807,shoeldR=14
808,shoeld[R]z=14
809,shoeld[R]z=14
810,shoeld[R]z=14
811,shoeldR{z}=14
812,shoeld[R]=14
813,shoeld[R]z=14
814,shoeld{R}=14
815,shoeld[R]z=14
816,shoeldR{z}=14
817,shoeldR=14
818,-
819,shoeldRz=14
820,shoe(l)dRsh=14
821,shoeld[R]=14
822,shoeldRz=14
823,shoeldRz=14
824,shoeldRz=14
824,shoe(l)dR{z}=14
825,shoeld{R}{z}=14
826,shoeldRz=14
827,shoeldR(z)=14
828,shoeld[R]=14
829,shoeld[R]{z}=14
830,shoeldR=14
830,shoe(l)dR=14
831,shoeldRz=14
832,-
833,shoeld{R}{z}=14
834,shoeldR{z}=14
835,shoeld{R}z=14
836,shoeld{R}z=14
837,-
838,shoeld{R}=14
839,-
840,shoeldR{z}=14
841,shoeld{R}z=14
842,shoeld{R}z=14
843,shoeldRz=14
844,shoeldRz=14
845,shoeldRz=14
846,shoeld{R}z=14
847,-
848,shoeld[R]z=14
849,-
850,shoeldR=14
851,-
852,shoeldR{z}=14
853,shoeldRz=14
854,shoeldR{z}=14
854,shoe(l)dR{z}=14
855,shoeldRz=14
856,shoeld[R]=14
857,shoeld[R]{z}=14
858,shoeld{R}z=14
859,shoe(l)dRz=14
860,shoeld[R]z=14
861,shoeldRz=14
862,shoeldRz=14
863,shoeldRz=14
864,shoeld[R]{z}=14
865,shoeld[R]z=14
866,shoeld[R]z=14
867,shoeld{R}{z}=14
868,shoeld[R](z)=14
869,shoeld[R]=14
870,shoeld{R}z=14
871,shoeldRz=14
872,-
873,shoeld[R]{z}=14
874,shoeld[R]z=14
875,shoeld[R]z=14
876,shoe[l]dR{z}=14
877,shoeldRz=14
878,shoeldRz=14
879,-
880,-
881,-
882,shoeldR{z}=14
883,shoeldRz=14
884,shoeld[R]=14
885,shoeldRz=14
886,shoeldRz=14
887,shoeldRz=14
888,shoe(l)d[R]{z}=14
889,shoeld{R}z=14
890,shoeldRz=14
891,shoeldR{z}=14
892,shoeldR=14
893,shoeldR{z}=14
894,shoeldRz=14
895,shoe(l)dR{z}=14
896,shoeld{R}z=14
897,shoeldR{z}=14
898,choeldRz=14
899,shoeldR{z}=14
900,shoeld{R}{z}=14
901,shoeldRz=14
902,shoeldRz=14
903,-
904,shoeld[R]{z}=14
905,shoeldRz=14
906,shoeldR=14
907,shoeld{R}z=14
908,shoeld{R}z=14
908,shoeld{R}{z}=14
909,-
910,shoeld{R}z=14
911,shoeldRz=14
