Informant,Response
001,fis(t)
001,fist(s)
002,fis(t)
002,fists
003,fist
003,fist(s)
004,fist
004,fist(s)
005,fist
005,fis(ts)
006,fist
006,fists
007,fist
007,fis(ts)
008,fist
008,fis(ts)
009,fist
009,fis(ts)
010,fist
010,fist(s)
011,fist
011,fist(s)
012,fis(t)
012,fis(ts)
013,fist
013,fist(s)
014,fis(t)
014,fis(ts)
015,fist
015,fist(s)
016,fist
016,fis(ts)
017,fist
017,fist(s)
018,fist
018,fistIz=14
019,fist
019,fis(ts)
020,fist
020,fis(ts)
021,fis(t)
021,fist(s)
022,fist
022,fis(ts)
023,fis(t)
023,fis(ts)
024,fist
024,fist(s)
025,-
026,fist
026,fistIz=14
027,fist
027,fis(ts)
028,fist
028,fis(ts)
029,fis(t)
029,fis(ts)
030,fist
030,fist(s)
031,fist
031,fis(ts)
032,fist
032,fist(s)
033,fist
033,fists
034,fist
034,fist(s)
035,fist
035,fistIz=14
036,fist
036,fis(ts)
037,fist
037,fis(ts)
038,fist
038,fis(ts)
039,fist
039,fist(s)
040,fist
040,fis(ts)
041,fist
041,fis(ts)
042,fis(t)
042,fist(s)
043,fist
043,fist(s)
044,fist
044,fistIz=14
045,fist
045,fis(ts)
046,fist
046,fists
047,fist
047,fists
048,fist
048,fist(s)
049,fist
049,fists
050,fist
050,fist(s)
051,fist
051,fist(s)
052,fist
053,fist
053,fis(ts)
054,-
055,fist
055,fists
056,fist
057,fist
057,fis(ts)
058,fist
058,fists
059,fist
059,fistIz=14
060,fist
060,fis(ts)
061,fist
061,fis(ts)
062,fist
062,fist(s)
063,fist(s)
064,fist
064,fis(ts)
065,fist
065,fist(s)
066,fis(t)
066,fis(ts)
067,fist
068,fis(ts)
069,fist
069,fistIz=14
070,fist
071,fist
072,fist
072,fist(s)
073,fist(s)
074,fist
074,fists
075,fist
075,fist(s)
076,fist
076,fis(ts)
077,fis(ts)
078,fist
078,fis(ts)
079,fist
079,fists
080,fist
080,fist(s)
081,fist
081,fists
082,-
083,fist
084,fist
084,fistIz=14
085,fist
085,fistIz=14
086,fist
086,fist(s)
087,fist
087,fis(ts)
088,fist
088,fis(ts)
089,-
090,fist
091,fist
091,fist(s)
092,fist
092,fist(s)
093,{f}ist
093,fis(ts)
094,fis(ts)
095,{f}ist
095,{f}ists
096,fist
096,fist(s)
097,fist
097,fist(s)
098,fis(t)
098,{f}is(ts)
099,fist
099,fist(s)
100,fis(t)
100,fis(ts)
101,fist
101,fists
102,fist(s)
103,fist
103,fist(s)
104,fist
104,fists
105,fist
106,fist
106,fist(s)
107,fist
107,fist(s)
108,fis(ts)
109,fis(t)
110,fistIz=14
111,fist
111,fists
112,fist
112,fis(ts)
113,-
114,fist(s)
115,fist(s)
116,fis(t)
116,fistI{z}=14
117,fis(t)
117,fis(ts)
118,fist
119,fist
119,fistIz=14
120,fist(s)
121,fist
121,fist(s)
122,fist
122,fist(s)
123,fist(s)
124,fist
125,fist(s)
126,fis(t)
126,fis(t)Iz=14
127,fis(ts)
128,fist(s)
129,fist
129,fist(s)
130,fis(ts)
131,fist
131,fis(ts)
132,fist(s)
133,fist
134,fist
134,fistIz=14
135,fist
135,fist(s)
136,fist
137,fist
137,fists
138,fis(t)
139,fist
139,fist(s)
140,fis(t)
140,fist(s)
141,fist
141,fist(s)
142,fis(t)
143,fist
143,fist(s)
144,fist
144,fist(s)
145,fist
146,fist
147,fis(ts)
148,fis(ts)
149,fist
149,fist(s)
150,fist
151,fist
151,fist(s)
152,fis(t)
152,fis(ts)
153,fist(s)
154,fist
155,fist(s)
156,fis(ts)
157,fist(s)
158,fist(s)
159,fist
159,fis(ts)
160,fist(s)
161,fist
161,fist(s)
162,fi(s)t
162,fis(ts)
163,fist
163,fist(s)
164,fist
164,fists
165,fist
165,fist(s)
166,fist
166,fistI{z}=14
166,fist(s)
167,fist
167,fist(s)
168,fist
169,-
170,fis(t)
170,fist(s)
171,fist
171,fists
172,fis(t)
172,fis(ts)
173,fist
174,fist(s)
175,-
176,fist
176,fist(s)
177,fists
178,fist(s)
179,-
180,fist
181,-
182,-
183,fist
183,fist(s)
184,fist
184,fist(s)
185,fist
185,fists
186,fist
186,fis(ts)
187,fist
188,fis(ts)
189,fees(ts)
190,fist
190,fis(ts)
191,{f}ist
191,{f}is(ts)
192,fist(s)
193,-
194,fis(t)
195,-
196,fist(s)
197,fist(s)
198,fist(s)
199,fist
200,fis(t)
200,fist(s)
201,fist
201,fist(s)
202,fist
203,fist
203,fist(s)
204,fist(s)
205,-
206,fist
206,fist(s)
207,fis(t)
208,fist
208,fist(s)
209,fistA=14
209,fistA(s)=14
210,fis(ts)
211,fist(s)
212,fis(t)
212,fis(ts)
213,fis(ts)
214,fist
214,fists
215,fis(t)
215,fis(t)I{?}=14
216,fist(s)
217,fist
217,fists
218,fist
218,fist(s)
219,fist
220,{f}ist
220,{f}ist(s)
221,fist
221,fist(s)
222,fist
222,fists
223,fist
223,fis(ts)
224,{f}is(t)
224,{f}is(t)Iz=14
225,fist
225,fist(s)
226,-
227,fist
228,fist
228,fists
229,fist
229,fis(ts)
230,fist
230,fis(ts)
231,fist
231,fis(ts)
232,fist(s)
233,fis(t)
234,fis(t)
234,fis(ts)
235,fist
235,fistIz=14
236,fist
236,fist(s)
237,fist
237,fistI(s)=14
238,fist
238,fist(s)
239,fist
239,fists
240,fist
240,fists
241,-
242,fist
242,fist(s)
243,fist
243,fist(s)
244,-
245,fis(t)
245,fis(ts)
246,fist
246,fist(s)
247,fist
247,fists
248,fist
248,fist(s)
249,{f}ist
249,{f}ist(s)
250,fist(s)
251,fis(t)
251,fis(ts)
252,-
253,fist
253,fists
254,fist
254,fis(ts)
255,-
256,fist
256,fist(s)
257,fist
257,fist(s)
258,fist
258,fist(s)
259,fist
259,fist(s)
260,-
261,fist
261,fis(ts)
262,fis(ts)
263,fis(ts)
264,fist
264,fists
264,fis(ts)
265,fis(ts)
266,fist
266,fists
267,fist
267,fist(s)
268,-
269,{f}ist
269,{f}ist(s)
270,fis(t)
270,fist(s)
271,fis(t)
271,fis(ts)
272,fist
272,fists
273,fist
273,fists
274,fis(t)
274,fist(s)
275,fis(ts)
276,fist
276,fist(s)
277,fist
277,fist(s)
278,fist
278,fists
279,fists
280,fist
280,fis(t)Iz=14
281,fist
281,fis(t)I{z}=14
282,-
283,{f}is(t)
283,{f}ists
284,fist
284,fists
285,-
286,fist
286,fists
287,fist
287,fists
288,fist
288,fist(s)
288,fis(ts)
289,fist
289,fist(s)
290,fist
290,fistIz=14
291,fist
291,fist(s)
292,fis(t)
292,fis(ts)
293,fist
293,fist(s)
294,fist
294,fist(s)
295,fist
295,fist(s)
296,fist
296,fist(s)
297,fist
297,fist(s)
298,-
299,fist
299,fist(s)
300,fist
300,fist(s)
301,fist
301,fistIz=14
302,fist
302,fist(s)
303,fis(t)
303,fistI(s)=14
304,fist
304,fist(s)
305,fist
305,fis(ts)
306,fist
306,fist(s)
307,fis(t)
307,fist(s)
308,fis(t)
308,fis(ts)
309,fis(t)
309,fis(ts)
310,fist
310,fis(ts)
311,fis(t)
311,fist(s)
312,fist
312,fis(ts)
313,fist
313,fists
314,fist
315,fist
315,fist(s)
316,fist
316,fistIz=14
317,fist
317,fist(s)
318,-
319,-
320,fist
320,fis(ts)
321,fist
321,fist(s)
322,fist(s)
323,fist
323,fis(ts)
324,fist
324,fis(ts)
325,fist
325,fist(s)
326,fis(t)
326,fis(ts)
327,fist
327,fist(s)
328,fist
328,fist(s)
329,fist
329,fist(s)
330,fist
330,fist(s)
331,fis(t)
331,fist(s)
332,fist
332,fist(s)
333,fist
333,fist(s)
334,fist
334,fis(ts)
335,fist
335,fis(ts)
336,fist
336,fist(s)
337,fist
337,fist(s)
338,fist
338,fis(ts)
339,fist
339,fist(s)
340,fis(t)
341,fist(s)
342,{f}ist
342,fis(ts)
343,fist
343,fist(s)
344,fis(t)
344,fistIz=14
345,fist
346,fist
347,fis(t)
347,fist(s)
348,fist
348,fist(s)
349,fis(t)
349,fis(ts)
350,fiskt
350,fisk(s)
351,fist
351,fist(s)
352,fist
352,fist(s)
353,fist(s)
354,fist
355,fist
355,fist(s)
356,fist
356,fist(s)
357,fist
357,fis(ts)
358,fist
358,fist(s)
359,fis(t)
359,fis(ts)
360,fist
360,fis(ts)
361,fist
361,fis(ts)
362,fist
362,fis(ts)
363,fist(s)
364,fist
365,fist
366,fist
367,fist
367,fist(s)
368,fist
368,fists
369,fist
369,fist(s)
370,fist
370,fist(s)
371,fist
371,fist(s)
372,fist
372,fist(s)
373,fis(t)
373,fists
374,fist
374,fist(s)
375,fist
375,fists
376,-
377,fis(t)
377,fis(ts)
378,fist
378,fis(ts)
379,fists
380,fist(s)
381,fist
381,fists
382,fist
383,fist
383,fists
384,fis(t)
384,fis(ts)
385,fist
385,fist(s)
386,fist
386,fists
387,fist
387,fis(ts)
388,fis(t)
388,fist(s)
389,fist
389,fist(s)
390,fist
390,fists
391,fist
391,fists
392,fist
392,fist(s)
393,fist(s)
394,fis(t)
394,fis(ts)
395,fist
395,fists
396,-
397,fist
397,fist(s)
398,fist
398,fist(s)
399,fist
399,fistIz=14
400,fis(t)
400,fist(s)
401,fis(t)
401,fist(s)
402,fist
402,fist(s)
403,fis(t)
403,fis(ts)
404,fist
404,fis(ts)
405,fist
405,fist(s)
406,fist
406,fistIz=14
407,fist
407,fist(s)
408,fist
408,fist(s)
409,fist
409,fists
410,fis(t)
411,fist
411,fist(s)
412,-
413,fis(ts)
414,{f}ist
414,{f}ist(s)
415,fist
415,fis(ts)
416,fist
416,fist(s)
417,fist
417,fist(s)
418,fist
418,fists
419,fist
419,fists
420,fist
420,fist(s)
421,fists
422,fist
422,fis(ts)
423,fist
423,fist(s)
424,fis(t)
424,fis(ts)
425,-
426,fist(s)
426,fistIz=14
427,fis(t)
427,fis(ts)
428,fist
428,fist(s)
429,-
430,-
431,fist
431,fists
432,fis(ts)
433,fist
433,fist(s)
434,fist
434,fistIz=14
435,fist
435,fist(s)
436,fis(t)
436,fis(ts)
437,fist
437,fists
438,fis(t)
438,fis(ts)
439,fist
439,fist(s)
440,fist
440,fis(ts)
441,fis(t)
441,fis(ts)
442,vi(s)th
442,fi(s)th(s)
443,fist
443,fist(s)
444,fist
444,fist(s)
445,fist
445,fist(s)
446,fist
446,fist(s)
447,fist
447,fist(s)
448,fist
448,fist(s)
449,fis(t)
449,fis(ts)
450,fist
450,fistIz=14
451,fist
451,fees(ts)
452,fist
452,fists
453,fis(t)
454,fis(t)
454,fist(s)
455,fist
455,fist(s)
456,fist
456,fist(s)
457,fist
457,fist(s)
458,fist
458,fist(s)
459,-
460,fist
460,fist(s)
461,fist
461,fist(s)
462,fist
462,fitht(s)
463,fis(t)
463,fis(ts)
464,fist
464,fist(s)
464,fistIz=14
465,fist
465,fistIz=14
466,fist
466,fis(ts)
467,fis(t)
468,fis(t)
468,fis(ts)
469,fist
469,fistIz=14
470,fist
470,fist(s)
471,fist
471,fis(ts)
472,fist
472,fist(s)
473,-
474,fist
474,fis(ts)
475,fist
475,fists
476,fist
476,fists
477,fis(t)
477,fis(ts)
478,fis(t)
478,fis(ts)
479,fist(s)
480,fist
480,fist(s)
481,fis(ts)
482,fis(t)
482,fis(ts)
483,-
484,fist
484,fist(s)
485,fis(ts)
486,-
487,-
488,fist
489,fist
489,fist(s)
490,fist
490,fist(s)
491,-
492,fist
492,fist(s)
493,-
494,fist
494,fist(s)
495,fist
495,fistIz=14
496,fist
496,fist(s)
497,-
498,fis(t)
498,fists
499,fist
499,fis(ts)
500,-
501,fis(t)
501,fists
502,fist
502,fist(s)
503,fist(s)
504,fist
504,fis(ts)
505,fist
505,fist(s)
506,fist
506,fist(s)
507,fis(ts)
508,fist
508,fist(s)
509,-
510,-
511,-
512,-
513,fist
513,fist(s)
514,fis(t)
514,fis(ts)
515,-
516,fist
516,fis(ts)
517,fist
517,fist(s)
518,fis(t)
518,fis(ts)
519,fist
519,fists
520,-
521,fist
521,fis(ts)
522,fist
522,fist(s)
523,fist
523,fis(ts)
524,fist
524,fist(s)
525,fis(t)
525,fistIz=14
526,-
527,fist
528,fist
529,-
530,fist
530,fis(t)Iz=14
531,fis(ts)
532,fist
532,fist(s)
533,fist
533,fists
534,fist
534,fist(s)
535,{f}ist
535,{f}ist(s)
536,fist
536,fist(s)
537,fist
537,fistIz=14
538,fist
538,fist(s)
539,fist
539,fist(s)
540,fis(ts)
541,fist
541,fists
542,-
543,fis(t)
543,fistI(s)=14
544,fist
544,fist(s)
545,fis(ts)
546,-
547,fis(t)
547,fis(ts)
548,fist
548,fist(s)
549,fist
549,fis(ts)
550,-
551,-
552,fist
552,fis(ts)
553,-
554,-
555,fis(t)
555,fist(s)
556,fist
557,fist
557,fist(s)
558,fist
558,fis(ts)
559,fist
560,-
561,-
562,fist
562,fist(s)
563,fist
563,fis(ts)
564,fist
564,fists
565,fist
565,fistIz=14
565,fist(s)
566,-
567,-
568,-
569,fist
569,fistIz=14
570,fist
570,fis(t)I{z}=14
571,fist
571,fistIz=14
572,fist
572,fis(ts)
573,fist
573,fis(t)Iz=14
574,fist
574,fists
575,fist
575,fis(ts)
576,fist
576,fist(s)
577,fis(t)
577,fist(s)
578,fist
578,fist(s)
579,fist
579,fis(ts)
580,fis(t)
580,fist(s)
581,fis(t)
581,fis(ts)
582,fist
582,fist(s)
583,fist
583,fis(ts)
584,fist
584,fist(s)
585,fist
585,fist(s)
586,-
587,fis(t)
587,fis(t)Iz=14
588,fist
588,fist(s)
589,fist
589,fist(s)
590,fist
590,fis(ts)
591,fist
591,fist(s)
592,fist
592,fists
593,fist
593,fis(t)Iz=14
594,fist
594,fis(ts)
595,fist
595,fists
596,fis(t)
596,fis(ts)
597,feest
597,feest(s)
598,fist
598,fists
599,fist
599,fis(ts)
600,fist
600,fist(s)
601,fist
601,fist(s)
602,fist
602,fist(s)
603,fist
604,-
605,-
606,-
607,fis(t)
607,fis(ts)
608,fist
608,fist(s)
609,fist
609,fis(ts)
610,fist
610,fis(t)Iz=14
611,fis(t)
611,fis(ts)
612,fis(t)
612,fis(t)I{z}=14
613,fist
613,fist(s)
614,fist
614,fis(ts)
615,fist
615,fists
616,fist
616,fist(s)
617,fist
617,fis(ts)
618,-
619,-
620,fist
620,fists
621,fis(t)
621,fist(s)
622,fist
622,fist(s)
623,-
624,fist
624,fist(s)
625,fis(t)
625,fis(ts)
626,-
627,fis(t)
628,fis(t)
628,fis(ts)
629,fist
629,fist(s)
630,fist
630,fis(ts)
631,-
632,fist
632,fist(s)
633,-
634,fist
634,fist(s)
635,fist
635,fis(ts)
636,fist
636,fist(s)
637,fis(t)
637,fis(ts)
638,-
639,fis(t)
639,fis(ts)
640,fis(t)
640,fis(t)Iz=14
641,fis(t)
641,fis(ts)
642,-
643,fist
643,fists
644,fis(ts)
645,fist(s)
646,fist
646,fist(s)
647,-
648,fist
648,fis(ts)
649,fis(t)
649,fis(ts)
650,fis(t)
650,fis(ts)
651,-
652,fist
652,fists
653,-
654,fis(t)
654,fis(ts)
655,fis(t)
656,fist
656,fist(s)
657,fist
657,fists
657X,fist
657X,fis(ts)
657Y,fist
657Y,fists
657Z,fist
657Z,fists
658,fis(t)
658,fis(ts)
659,fis(t)
659,fis(ts)
660,fis(t)
660,fis(ts)
661,{f}is(t)
661,{f}ist(s)
662,fist
662,fists
663,-
664,-
665,fis(t)
665,fist(s)
666,-
667,fis(ts)
668,fist
668,fist(s)
669,fist
669,fist(s)
670,fist
670,fist(s)
671,fis(t)
671,fis(ts)
672,fist
672,fis(t)
673,fis(t)
673,fis(ts)
674,fist
674,fistIz=14
675,fist
675,fists
676,-
677,fist
678,fist
678,fists
679,{f}ist
679,{f}ist(s)
680,fist
680,fist(s)
681,fist
681,fist(s)
682,fist
682,fis(ts)
683,fist
683,fist(s)
684,fis(t)
684,fistIz=14
685,fist
685,fist(s)
686,fist
686,fist(s)
687,fist
687,fist(s)
688,fist
688,fist(s)
689,fist
689,fis(ts)
690,fist
691,fist
691,fists
692,fist
693,fist
693,fists
694,fist
694,fis(ts)
695,fist
695,fist(s)
696,fist
696,fist(s)
697,fis(t)
697,fis(ts)
698,-
699,-
700,-
701,fist
701,fist(s)
702,-
703,fist
704,fis(t)
704,fist(s)
705,fis(t)
705,fis(ts)
706,-
707,fist
707,fist(s)
708,fis(t)
708,fis(ts)
709,fist
709,fist(s)
710,fist
710,fist(s)
711,fist
711,fists
712,fist
712,fist(s)
713,fist
714,fist
714,fis(ts)
715,fist
716,fist
716,fis(ts)
717,fist
718,fist
718,fis(ts)
718,fist(s)
719,fist
719,fist(s)
720,fist
720,fists
721,fist
721,fist(s)
722,fis(t)
722,fis(ts)
723,fist
723,fist(s)
724,fist
724,fist(s)
725,fist
725,fis(ts)
726,fist
726,fistIz=14
727,fist
728,fist
728,fis(ts)
728,fists
729,fist
729,fist(s)
730,fist
730,fist(s)
731,fist
731,fist(s)
732,fist
732,fists
733,-
734,-
735,-
736,fis(t)
736,fis(ts)
737,fist
737,fist(s)
738,fist
738,fist(s)
739,-
740,fist
740,fist(s)
741,fist
741,fists
742,fist
743,fist
743,fist(s)
744,-
745,fist
746,-
747,fist
747,fist(s)
748,fis(t)
748,fistI{z}=14
749,fist
749,fists
750,-
751,fist
751,fist(s)
752,fist
752,fist(s)
753,fist
753,fists
754,fis(t)
755,fist
755,fist(s)
756,fis(t)
756,fis(ts)
757,fist
757,fist(s)
758,fist
758,fist(s)
759,-
760,-
761,fis(t)
761,fis(t)I{z}=14
762,-
763,-
764,fist
764,fist(s)
765,fist
765,fist(s)
766,fist
766,fist(s)
767,fist
767,fist(s)
768,fist
768,fis(t)Is=14
769,fist
769,fist(s)
770,fist
770,fist(s)
771,fist
771,fistIz=14
772,fist
772,fist(s)
773,fis(t)
773,fistIz=14
774,-
775,fist
775,fis(ts)
776,fist
776,fist(s)
777,fist
777,fist(s)
778,fist
778,fists
779,fist
779,fis(ts)
780,fist
780,fis(ts)
781,fist
781,fist(s)
782,fist
782,fists
783,fist
784,fist
784,fis(ts)
785,fist
785,fist(s)
786,fist
786,fist(s)
787,fist
787,fist(s)
788,fist
788,fist(s)
789,fist
789,fist(s)
790,fist
790,fist(s)
791,fist
791,fist(s)
792,fist
792,fist(s)
793,-
794,fist
794,fist(s)
795,-
796,fis(t)
796,fis(ts)
797,fis(t)
797,fis(ts)
798,fis(t)
798,fis(ts)
799,-
800,fist
800,fist(s)
801,fist
801,fist(s)
802,fis(t)
802,fis(ts)
803,-
804,-
805,-
806,fist
806,fist(s)
807,fist
807,fis(ts)
808,fis(t)
808,fis(ts)
809,fist
809,fist(s)
810,fis(t)
810,fis(ts)
811,fist
811,fist(s)
812,-
813,fis(t)
813,fistIz=14
814,fis(t)
814,fis(ts)
815,fist
815,fist(s)
816,fist
816,fists
817,fist
817,fist(s)
818,-
819,fist
819,fist(s)
820,fist
820,fists
821,fis(t)
821,fist(s)
822,fist
822,fists
823,fist
823,fist(s)
824,{f}ist
824,{f}ist(s)
825,fist
825,fist(s)
826,fist
826,fist(s)
827,fist
827,fist(s)
828,fis(t)
828,fists
829,fist
829,fis(ts)
830,fist
830,fist(s)
831,fist
831,fist(s)
832,-
833,fist
833,fist(s)
834,fist
834,fists
835,fist
835,fist(s)
836,fist
836,fistIz=14
837,-
838,fist
839,fist
839,fis(ts)
840,fist
840,fist(s)
841,fis(t)
841,fis(ts)
842,fist
842,fist(s)
843,fist
843,fist(s)
844,fist
844,fists
845,fist
845,fists
846,fist
846,fists
847,-
848,fist
848,fists
849,fist
850,fist
850,fist(s)
851,-
852,fist
852,fist(s)
853,fist
853,fis(ts)
854,fist(s)
855,fist
856,-
857,fis(t)
857,fis(ts)
858,fist
858,fis(ts)
859,fist
859,fists
860,fist
860,fis(ts)
861,fist
861,fist(s)
862,fist
863,fist
863,fists
864,fis(t)
864,fis(ts)
865,fist
865,fist(s)
866,fis(t)
866,fis(ts)
867,fist
867,fis(ts)
868,fist
868,fist(s)
869,fist
869,fis(ts)
870,fist
870,fists
871,fist
872,-
873,fist
873,fist(s)
874,fist
874,fists
875,fist
875,fists
876,fist
876,fis(ts)
877,fist
877,fists
878,fist
878,fis(ts)
879,-
880,fis(ts)
881,-
882,fist
882,fist(s)
883,fist
883,fists
884,-
885,fist
885,fis(ts)
886,fist
886,fist(s)
887,fist
887,fist(s)
888,fis(t)
888,fis(ts)
889,fist
889,fist(s)
890,fis(t)
890,fis(ts)
891,fist
891,fist(s)
892,fist(s)
893,fist
893,fists
894,fist
894,fis(ts)
895,fist
895,fist(s)
896,fist
897,fist
897,fists
898,fist
898,fis(ts)
899,-
900,fist
900,fists
901,fist
901,fist(s)
902,fist
902,fis(ts)
903,-
904,fist
904,fis(ts)
905,fist
905,fists
906,fist
906,fist(s)
907,fist
907,fist(s)
908,fist
908,fis(ts)
909,-
910,fist
910,fists
911,fist
911,fists
