Informant,Response
001,-
002,kyarlIs=14
003,kyerlIs=14
004,kerlIs=14
005,kerlIs=14
006,karlIs=14
007,karlIs=14
008,-
009,kerlIs=14
010,kya{r}lIs=14
011,kyirlIs=14
012,kyirlIs=14
012,kurlIs=14
013,karlIs=14
014,kerlIs=14
015,kerlIs=14
016,kirlAs=14
017,kirlIs=14
018,ke{r}lIs=14
019,karlIs=14
020,-
021,ka{r}lIs=14
022,kyarlIs=14
023,karlIs=14
024,-
025,kirlIs=14
026,karlIs=14
027,karlIs=14
028,karlIs=14
029,ka[r]lIs=14
030,kerlIs=14
031,-
032,kerlIs=14
033,kerlIs=14
034,karlIs=14
035,kerlIs=14
036,kerlAs=14
037,kerlIs=14
038,-
039,karlIs=14
040,kerlIs=14
041,kyerlIs=14
042,ka(r)lIs=14
043,ke[r]lIs=14
044,-
045,kyerlIs=14
046,kerlIs=14
047,kerlIs=14
048,kirlIs=14
049,karlIs=14
050,kyerlIs=14
051,kerlIs=14
052,ka(r)lIs=14
053,karlIs=14
054,-
055,karlIs=14
056,kerlIs=14
057,karlIs=14
058,kerlIs=14
059,-
060,ka{r}lIs=14
061,kerlIs=14
062,kirlIs=14
063,-
064,kerlIs=14
065,kerlIs=14
066,ka(r)lIs=14
067,kerlIs=14
068,-
069,kerlAs=14
070,karlIs=14
071,kerlIs=14
072,kerlIs=14
073,ka{r}lIs=14
074,-
075,karlIs=14
076,ka{r}lIs=14
076,ke{r}lIs=14
077,kye(r)lIs=14
078,karlIs=14
079,ka[r]lIs=14
080,-
081,kyarlIs=14
082,-
083,-
084,ke[r]lIs=14
085,kerlIs=14
086,kerlIs=14
087,karlIs=14
088,kerlIs=14
089,-
090,kerlIs=14
091,ka{r}lIs=14
092,karlIs=14
093,-
094,ka(r)lIs=14
095,ke[r]lIs=14
096,ke(r)lIs=14
097,karlIs=14
098,kerlIs=14
099,ka[r]lIs=14
100,karlIs=14
101,kerlIs=14
102,ka{r}lIs=14
103,ka[r]lIs=14
104,karlIs=14
105,ka{r}lIs=14
106,kerlIs=14
107,kerlIs=14
108,kerlIs=14
109,ka[r]lIs=14
110,ka(r)lAs=14
111,ke[r]lIs=14
112,ka{r}lIs=14
113,kerlis=13
114,-
115,-
116,-
117,kye[r]lIs=14
118,ke[r]lIs=14
119,ka[r]lIs=14
120,karlIs=14
121,ka(r)lIs=14
122,kirlIs=14
123,ka(r)lIs=14
124,ke{r}lIs=14
125,ke[r]lIs=14
126,kye[r]lIs=14
127,-
128,-
129,-
130,-
131,ke[r]lIs=14
132,-
133,-
134,ke[r]lIs=14
134,kye[r]lIs=14
135,ka{r}lIs=14
136,-
137,ka[r]les=21
138,-
139,ka[r]lAs=14
140,-
141,ke[r]lIs=14
142,ke[r]lIs=14
143,ka[r]lIs=14
144,ka[r]lIs=14
145,ke{r}lIs=14
146,kerlIs=14
147,-
148,karlIs=14
149,ke[r]lIs=14
150,kerlIs=14
151,-
152,-
153,-
154,ke{r}lIs=14
155,ke{r}lIs=14
156,-
157,-
158,-
159,ka{r}lIs=14
160,-
161,ke[r]lIs=14
162,ke[r]lIs=14
163,ke[r]lIs=14
164,kerlIs=14
165,-
166,ke[r]lIs=14
167,ke[r]lIs=14
168,-
169,-
170,ke[r]lIs=14
171,karlIs=14
172,ka(r)lIs=14
173,-
174,-
175,-
176,kyerlIs=14
177,-
178,-
179,ka(r)lIs=14
180,-
181,kyerlIs=14
182,-
183,kerlIs=14
184,ke{t}(l)Is=14
185,kerlIs=14
186,kerlIs=14
187,-
188,-
189,ka[r]lIs=14
190,ka[r]lIs=14
191,kairlIs=14
192,kerlIs=14
193,-
194,-
195,-
196,-
197,-
198,kirlIs=14
199,kirlIs=14
199,kyirlIs=14
200,-
201,ke[r]lIs=14
202,ke[r]lIs=14
203,kerlIs=14
204,-
205,-
206,kerlIs=14
207,-
208,-
209,ka[r]lIs=14
210,ka[r]lIs=14
211,kerlIs=14
212,kerlIs=14
213,ka[r]lIs=14
214,ka(r)lIs=14
215,kye[r]lIs=14
216,karlIs=14
217,karlIs=14
218,-
219,-
220,-
221,kerlIs=14
222,ke{r}lIs=14
223,ke{r}lIs=14
224,ki[r]lIs=14
225,-
226,ke[r]lIs=14
227,kerlIs=14
228,-
229,-
230,-
231,kerlIs=14
232,kyerlIs=14
233,karlIs=14
234,kirlIs=14
235,kirlIs=14
236,karlIs=14
237,ke{r}lIs=14
238,kerlIs=14
239,karlIs=14
240,karlIs=14
241,-
242,kerlIs=14
243,kerlIs=14
244,-
245,ka[r]lIs=14
246,ke{r}lIs=14
247,kerlIs=14
248,kerlAs=14
249,kerlAs=14
250,ke{r}lIs=14
251,-
252,-
253,kerlIs=14
254,kerlAs=14
255,-
256,kerlIs=14
257,kerlIs=14
258,kerlIs=14
259,ka{r}lIs=14
260,kerlIs=14
261,ke[r]lIs=14
262,ka{r}lIs=14
263,-
264,-
265,ka[r]lIs=14
266,karlIs=14
267,ke[r]lIs=14
268,-
269,kerlIs=14
270,kerlIs=14
271,karlIs=14
271,kye[r]lIs=14
272,kerlAs=14
273,kerlIs=14
274,kerlIs=14
275,kerlIs=14
276,kerlIs=14
277,karlIs=14
278,kerlIs=14
279,karlIs=14
280,ka(r)lIs=14
281,ka(r)lIs=14
282,-
283,kerlIs=14
284,kyerlAs=14
285,-
286,kerlIs=14
287,ke{r}lIs=14
288,ke[r]lIs=14
289,kerlIs=14
290,kurlIs=14
291,kerlIs=14
292,kerlIs=14
293,kerlIs=14
294,kerlIs=14
295,kerlIs=14
296,karlIs=14
297,karlIs=14
298,-
299,kerlIs=14
300,kerlIs=14
301,ke{r}lIs=14
302,kerlIs=14
303,ke(r)lIs=14
304,ka{r}lIs=14
305,kerlIs=14
306,karlIs=14
307,kerlIs=14
308,karlIs=14
309,kerlis=13
310,-
311,karlIs=14
312,ka[r]lIs=14
313,karlIs=14
314,ke{r}lIs=14
315,-
316,ke[r]lIs=14
317,ka(r)lIs=14
318,-
319,-
320,karlIs=14
321,karlIs=14
322,kerlIs=14
323,karlIs=14
324,kerlIs=14
325,karlIs=14
326,karlIs=14
327,ka{r}lIs=14
328,kerlIs=14
329,karlIs=14
330,ka(r)lIs=14
331,ka(r)lIs=14
332,kerlIs=14
333,kye[r]lIs=14
334,kerlIs=14
335,karlIs=14
336,kerlIs=14
337,karlIs=14
338,karlIs=14
339,kerlIs=14
340,ke(r)lIs=14
341,-
342,-
343,kerlIs=14
344,-
345,ka{r}lIs=14
346,ka[r]lIs=14
347,ka(r)lAs=14
348,kerlIs=14
349,ka[r]lIs=14
350,kerlIs=14
351,ke[r]lIs=14
352,karlIs=14
353,ke{r}lIs=14
354,kyirlIs=14
355,ke[r]lIs=14
356,kerlIs=14
357,karlIs=14
358,kerlIsh=14
359,karlIs=14
360,kerlIs=14
361,karlIs=14
362,kerlIs=14
363,-
364,ka(r)lAs=14
365,-
366,ka[r]lIs=14
367,kerlIs=14
368,kerlIs=14
369,kerlIs=14
370,kerlIs=14
371,karlIs=14
372,ka(r)lIs=14
373,ka[r]lIs=14
374,karlIs=14
375,karlIs=14
376,-
377,ka(r)lIs=14
378,ka{r}lIs=14
379,kerlIs=14
380,ki[r]lIs=14
381,kerlIs=14
382,ka{r}lIs=14
383,kerlIs=14
384,kerlIs=14
385,ka(r)lIs=14
386,karlIs=14
387,karlIs=14
388,ke[r]lIs=14
389,kyirlIs=14
390,ka[r]lIs=14
391,ka(r)lIs=14
392,kerlIs=14
393,ka(r)lIs=14
393,ke{r}lIs=14
394,ka[r]lIs=14
395,-
396,ke{r}lIs=14
397,ke[r]lIs=14
398,ke(r)lIs=14
399,karlIs=14
400,ke(r)lIs=14
401,ke[r]lIs=14
402,ke[r]lIs=14
403,ke[r]lIs=14
404,karlIs=14
405,ka(r)lIs=14
406,ka[r]lIs=14
407,karlIs=14
408,ka[r]lIs=14
409,ke[r]lIs=14
410,ke{r}lIs=14
411,-
412,kerlIs=14
413,karlIs=14
414,ke[r]lIs=14
415,kerlIs=14
416,ke[r]lIs=14
417,ke[r]lIs=14
418,kerlIs=14
419,kirlIs=14
420,ke[r]lIs=14
421,ke[r]lAs=14
422,ka[r]lIs=14
423,karlIs=14
424,kerlIs=14
425,-
426,kerlIs=14
427,ka(r)lIs=14
428,kerlIs=14
429,-
430,karlIs=14
431,kerlIs=14
432,-
433,ka(r)lIs=14
434,ke[r]lIs=14
435,ka[r]lIs=14
436,karlIs=14
437,karlIs=14
438,-
439,kerlIs=14
440,karlIs=14
441,kerlIs=14
442,ke[r]lIth=14
443,-
444,kya(r)lIs=14
445,kerlIs=14
446,karlIs=14
447,kerlIs=14
448,karlIs=14
449,ke(r)lIs=14
450,ke[r]lAs=14
451,kerlIs=14
452,kurlIs=14
453,-
454,kye[r]lIs=14
455,karlIs=14
456,ke{r}lIs=14
457,karlIs=14
458,kerlIs=14
459,-
460,ke{r}lIs=14
461,kerlIs=14
462,kairlIs=14
463,kerlIs=14
464,kye[r]lIs=14
465,kerlIs=14
466,-
467,-
468,-
469,ke{r}lIs=14
470,karlIs=14
471,ka[r]lIs=14
472,ke[r]lIs=14
473,-
474,kerlIs=14
475,ke[r]lIs=14
476,karlIs=14
477,ke(r)lIs=14
478,ka(r)lIs=14
479,ka(r)lIs=14
480,kerlAs=14
481,karlIs=14
482,ka(r)lIs=14
483,-
484,kerlIs=14
485,-
486,-
487,-
488,kerlIs=14
489,ki{r}lIs=14
490,karlIs=14
491,-
492,kerlis=13
493,-
494,karlIs=14
495,kerlIs=14
495,ke[r]lIs=14
496,kerlIs=14
497,-
498,ke[r]lIs=14
499,ka{r}lIs=14
500,-
501,ki[r]lIs=14
502,karlIs=14
503,-
504,kerlIs=14
505,ke[r]lIs=14
506,kerlIs=14
507,-
508,kerlIs=14
509,-
510,-
511,karlIs=14
512,-
513,ke{r}lIs=14
514,kerlIs=14
515,-
516,kerlIs=14
517,kerlIs=14
518,karlIs=14
519,ka{r}lIs=14
520,-
521,ka[r]lIs=14
522,kerlIs=14
523,-
524,karlIs=14
525,ka(r)lIs=14
526,-
527,ka{r}lIs=14
528,ka{r}lIs=14
529,-
530,ke(r)lIs=14
531,ke(r)lIs=14
532,ke[r]lIs=14
533,karlIs=14
534,kerlIs=14
535,kerlIs=14
536,-
537,ka(r)lIs=14
538,ka{r}lIs=14
539,kerlIs=14
540,-
541,karlIs=14
542,-
543,kye(r)lIs=14
544,ka{r}lIs=14
545,ka[r]lIs=14
546,-
547,kerlIs=14
548,kirlIs=14
549,-
550,-
551,-
552,ka[r]lIs=14
553,-
554,-
555,-
556,ka{r}lIs=14
557,ka[r]lIs=14
558,karlIs=14
559,-
560,-
561,-
562,karlIs=14
563,karlIs=14
564,ka[r]lIs=14
565,karlIs=14
566,-
567,-
568,-
569,ka(r)lIs=14
570,ke[r]lIs=14
571,ke{r}lAs=14
572,karlIs=14
573,ki(r)lIs=14
574,ke(r)lIs=14
575,karlIs=14
576,kerlIs=14
577,ke(r)lIs=14
578,ka(r)lIs=14
579,ka[r]lIs=14
580,ki[r]lIs=14
581,-
582,kirlIs=14
583,ka{r}lIs=14
584,kerlIs=14
585,ke[r]lIs=14
586,-
587,ke(r)lIs=14
588,ka[r]lIs=14
589,kerlIs=14
590,ka(r)lIs=14
591,kerlIs=14
592,karles=31
593,ke[r]lIs=14
594,kye[r]lIs=14
595,kerlIs=14
596,ka{r}lis=13
596,ka[r]les=21
597,kirlIs=14
598,-
599,kerlIs=14
600,ke(r)lIs=14
601,kerlIs=14
602,karlIs=14
603,-
604,-
605,-
606,-
607,karles=13
608,kerlIs=14
609,ke(r)lIs=14
610,ke[r]lIs=14
611,ke[r]lIs=14
612,ka(r)lIs=14
613,ka(r)lIs=14
614,ka(r)lIs=14
615,-
616,kerlIs=14
617,ke[r]lIs=14
618,-
619,-
620,ke[r]lAs=14
621,ke[r]lIs=14
622,karlIs=14
623,kerlIs=14
624,kerlIs=14
625,kerlIs=14
626,-
627,ke(r)lIs=14
628,kerlIs=14
629,-
630,karlIs=14
631,-
632,-
633,-
634,kerlIs=14
635,karlIs=14
636,kerlIs=14
637,-
638,-
639,ke(r)lIs=14
640,ke[r]lIs=14
641,kerlIs=14
642,-
643,kerlIs=14
644,-
645,ke{r}lIs=14
646,-
647,-
648,ka{r}lIs=14
649,karlIs=14
650,ka[r]lIs=14
651,-
652,kerlIs=14
653,karlIs=14
654,-
655,ka{r}lIs=14
656,karlIs=14
657,ke[r]lIs=14
657X,ka[r]lIs=14
657Y,ka[r]lIs=14
657Z,ke[r]lIs=14
658,ka(r)lIs=14
659,ka(r)lIs=14
660,kerlIs=14
661,kerlIs=14
662,ka(r)lIs=14
663,-
664,-
665,ka(r)lIs=14
666,-
667,ka(r)lIs=14
668,ka(r)lIs=14
669,karlIs=14
670,kerlIs=14
671,kerlIs=14
672,kerlIs=14
673,ke[r]lIs=14
674,-
675,kerlIs=14
676,-
677,-
678,kerlIs=14
679,kerlis=13
680,karlIs=14
681,kerlAs=14
681,kurlAs=14
682,ke[r]lIs=14
683,kyerlIs=14
684,-
685,kerlAs=14
686,kerlIs=14
687,kerlIs=14
688,kye[r]lIs=14
689,karlIs=14
690,-
691,kerlIs=14
692,ka[r]lIs=14
693,karlIs=14
694,-
695,kerlIs=14
696,-
697,ka(r)lIs=14
698,-
699,-
700,-
701,kerlIs=14
702,-
703,karlIs=14
704,ka[r]lIs=14
705,karlIs=14
706,-
707,kerlIs=14
708,kerlIs=14
709,kirlIs=14
710,kerles=13
711,karlIs=14
712,kerlIs=14
713,karlIs=14
714,-
715,kirlIs=14
716,-
717,kerlIs=14
718,ka[r]lIs=14
718,ka(r)lIs=14
719,kerlIs=14
720,-
721,kerlIs=14
722,karlIs=14
723,-
724,kerlAs=14
725,kerlIs=14
726,kerles=13
727,kurlIs=14
728,ke{r}lIs=14
729,kerlIs=14
730,kerlIs=14
731,kerlIs=14
732,karlIs=14
733,kirlIs=14
734,ka{r}lIs=14
735,-
736,kerlIs=14
737,kyurlIs=14
738,kerlIs=14
739,-
740,-
741,kerlIs=14
742,karlIs=14
743,-
744,-
745,-
746,ka{r}lIs=14
747,karlIs=14
748,ka(r)lIs=14
749,karlIs=14
750,-
751,karlIs=14
752,kerlIs=14
753,kerlIs=14
754,ke{r}lIs=14
755,karlIs=14
756,kerlIs=14
757,kerlIs=14
758,karlIs=14
759,-
760,-
761,ke[r]lIs=14
762,ka{r}lIs=14
763,-
764,ke{r}lIs=14
765,kerlIs=14
766,ke(r)lIs=14
767,ka[r]lIs=14
768,ka{r}lAs=14
769,kerlIs=14
770,ka{r}lIs=14
771,ke(r)lIs=14
772,ke[r]lAs=14
773,-
774,-
775,ke(r)lIs=14
776,kerles=13
777,-
778,karlIs=14
779,karlIs=14
780,kerlIs=14
781,ke[r]lIs=14
782,kyirlIs=14
783,-
784,ke(r)lIs=14
785,kerlIs=14
786,kerlIs=14
787,karlIs=14
788,ke{r}lAs=14
789,kerlIs=14
790,kye{r}lIs=14
791,kerlIs=14
792,kerlIs=14
793,-
794,kirlIs=14
795,-
796,ka{r}lIs=14
797,kerlIsh=14
798,ke{r}lIs=14
799,-
800,ka(r)lIs=14
801,kerlIs=14
802,kerlIs=14
803,-
804,-
805,-
806,ka{r}lIs=14
807,kirlIs=14
808,ka(r)lIst=14
809,ka[r]lIs=14
810,ka(r)lIs=14
811,ke[r]lIs=14
812,-
813,ka{r}lAs=14
814,karlis=13
815,-
816,karlIs=14
817,kerlIs=14
818,-
819,karlIs=14
820,kerlis=13
821,ke(r)lIs=14
822,kerlIs=14
823,kerlIs=14
824,ka{r}lIs=14
825,karlIs=14
826,karlIs=14
827,karlIs=14
828,ke[r]lIs=14
829,ka{r}lIs=14
829,ko{r}lIs=14
830,kerlIs=14
831,kerlIs=14
832,-
833,ke{r}lIs=14
834,kerlIs=14
835,kerlIs=14
836,ki(r)lIs=14
837,-
838,-
839,karlIs=14
840,-
841,-
842,kerlIs=14
843,karlIs=14
844,kerlIth=14
845,karlIs=14
846,ka{r}lIs=14
847,-
848,karlIs=14
849,karlIs=14
850,-
851,-
852,-
853,-
854,kerlIs=14
855,kerlIs=14
856,-
857,ka(r)lIs=14
858,-
859,kerlIs=14
860,ka{r}lIs=14
861,kerlIs=14
862,karlIs=14
863,karlis=13
864,-
865,kerlIs=14
866,-
867,ka{r}lIs=14
868,ka(r)lIs=14
869,kerlIs=14
870,kerlIs=14
871,ka{r}lIs=14
872,-
873,ka(r)lIs=14
874,kerlIs=14
875,ke[r]lIs=14
876,kerlIs=14
877,kerlIs=14
878,karlIs=14
879,-
880,-
881,-
882,-
883,kerlIs=14
884,-
885,-
886,-
887,karlIs=14
888,-
889,ke[r]les=13
890,ka[r]lIs=14
891,karlIs=14
892,-
893,kerlIs=14
894,karlIs=14
895,kerlis=13
896,-
897,-
898,-
899,-
900,ke{r}lIs=14
901,-
902,kerlIs=14
903,-
904,ka{r}lIs=14
905,kerlIs=14
906,karlIs=14
907,ka{r}lIs=14
908,ka{r}lIs=14
909,-
910,ka{r}lIs=14
911,kerlIs=14
