Informant,Response
001,h{oe}rs
002,h{oe}rs
003,h{oe}rs
004,h{oe}rs
005,h{oe}rs
006,h{oe}rs
007,h{oe}rs
008,h{oe}rs
009,h{oe}rs
010,h{oe}rs
011,h{oe}rs
012,h{oe}rs
013,-
014,h{oe}rs
015,h{oe}rs
016,h{oe}[r]s
017,h{oe}rs
018,h{oe}rs
019,h{oe}rs
020,h{oe}rs
021,h{oe}rs
022,h{oe}[r]s
023,h{oe}rs
024,h{oe}rs
025,h{oe}rs
026,h{oe}rs
027,h{oe}rs
028,h{oe}rs
029,h{oe}rs
030,h{oe}[r]s
031,h{oe}rs
032,h{oe}rs
033,h{oe}rs
034,h{oe}[r]s
035,h{oe}rs
036,h{oe}rs
037,h{oe}rs
038,h{oe}rs
039,h{oe}rs
040,h{oe}rs
041,h{oe}rs
042,h{oe}rs
043,h{oe}rs
044,hawrs
045,h{oe}rs
046,h{oe}rs
047,hoers
048,h{oe}rs
049,h{oe}rs
050,h{oe}rs
051,hoers
052,h{oe}rs
053,h{oe}rs
054,hoe[r]s
055,h{oe}rs
056,h{oe}rs
057,h{oe}[r]s
058,h{oe}rs
059,hoers
060,h{oe}rs
061,hoe{r}s
062,hoers
063,-
064,h{oe}rs
065,hoers
066,hoe[r]s
067,hoers
068,h{oe}rs
069,h{oe}rs
070,h{oe}rs
071,h{oe}rs
072,h{oe}{r}s
073,h{oe}rs
074,hoers
075,h{oe}rs
076,haw[r]s
076,h{oe}[r]s
077,-
078,hoers
079,hoe{r}s
080,h{oe}rs
081,h{oe}rs
082,-
083,hoers
084,h{oe}[r]s
085,h{oe}rs
086,hoers
087,hoers
088,h{oe}[r]s
089,-
090,-
091,hoers
092,h{oe}[r]s
093,hoe{r}s
094,h{oe}[r]s
095,hoe[r]s
096,h{oe}[r]s
097,hoers
098,hoe(r)s
099,hoers
100,h{oe}{r}s
101,h{oe}rs
102,hoe{r}s
103,hoe{r}s
104,h{oe}rs
105,h{oe}rs
106,hoers
107,hoers
108,h{oe}rs
109,hoe{r}s
110,hoe[r]s
111,h{oe}[r]s
112,h{oe}{r}s
113,-
114,hoe[r]s
115,h{oe}rs
116,hoe(r)s
117,hoe(r)s
118,h{oe}{r}s
119,h{oe}[r]s
120,hoe{r}s
121,hoe[r]s
122,hoe{r}s
123,h{oe}[r]s
124,h{oe}rs
125,h{oe}[r]s
126,hoe(r)s
127,h{oe}{r}s
128,h{oe}[r]s
129,hoe[r]s
130,hoers
131,h{oe}[r]s
132,h{oe}(r)s
133,h{oe}{r}s
134,h{oe}[r]s
135,hoe[r]s
136,hoers
137,hoe{r}s
138,h{oe}[r]s
138,h{oe}(r)s
139,h{oe}[r]s
140,-
141,hoe[r]s
142,hoe[r]s
143,hoe[r]s
144,hoe[r]s
145,h{oe}[r]s
146,hoe[r]s
147,h{oe}[r]s
148,hoe{r}s
148,hoe[r]s
149,h{oe}(r)s
150,h{oe}[r]s
151,hoe[r]s
152,h{oe}rs
153,h{oe}[r]s
154,h{oe}rs
155,h{oe}rs
156,h{oe}[r]s
157,h{oe}rs
158,hoers
159,h{oe}rs
160,h{oe}{r}s
161,h{oe}[r]s
162,hoe[r]s
163,hoe(r)s
164,h{oe}rs
165,h{oe}rs
166,hoe[r]s
167,h{oe}[r]s
168,hoe[r]s
169,-
170,hoe[r]s
171,hoers
172,hoe[r]s
173,hoers
174,h{oe}{r}s
175,-
176,h{oe}rs
177,hoe[r]s
178,h{oe}rs
179,-
180,h{oe}{r}s
181,h{oe}[r]s
182,h{oe}[r]s
183,hoers
184,hoers
185,h{oe}rs
186,h{oe}rs
187,hoe{r}s
188,h{oe}[r]s
189,hoe[r]s
190,h{oe}[r]s
191,hoers
192,hoe(r)s
193,-
194,hoe(r)s
195,-
196,h{oe}[r]s
197,h{oe}rs
198,h{oe}{r}s
199,hoers
200,h{oe}{r}s
201,hoe[r]s
202,h{oe}[r]s
203,-
204,hoers
205,-
206,h{oe}rs
207,hoe[r]s
208,-
209,hoe{r}s
210,hoe[r]s
211,h{oe}rs
212,h{oe}rs
213,hoe[r]s
214,h{oe}[r]s
215,-
216,hoers
217,h{oe}rs
218,hoe[r]sh
219,h{oe}[r]s
220,h{oe}{r}s
221,h{oe}{r}s
222,-
223,hoe{r}s
224,h{oe}(r)th
225,h{oe}[r]s
226,-
227,h{oe}rs
228,hoers
229,h{oe}[r]s
230,-
231,h{oe}rs
232,h{oe}{r}s
233,h{oe}rs
234,hoe(r)s
235,h{oe}rs
236,h{oe}rs
237,hoe{r}s
238,h{oe}rs
239,hoers
240,hoers
241,-
242,h{oe}{r}s
243,h{oe}rs
244,-
245,hoe{r}s
246,h{oe}{r}s
247,hoe{r}s
248,h{oe}rs
249,h{oe}rs
250,hoe{r}s
251,-
252,-
253,h{oe}rs
254,h{oe}{r}s
255,h{oe}rs
256,h{oe}rs
257,h{oe}rs
258,h{oe}rs
259,hoe[r]s
260,h{oe}rs
261,h{oe}rs
262,h{oe}{r}s
263,h{oe}[r]s
264,-
265,hoe{r}s
266,h{oe}rs
267,hoe{r}s
268,-
269,hoers
270,haw{r}s
271,h{oe}{r}s
272,h{oe}rs
273,hoers
274,h{oe}rs
275,-
276,h{oe}rs
277,hoe[r]s
278,h{oe}rs
279,hoers
280,h{oe}[r]s
281,hoe[r]s
282,hoers
283,haw[r]s
284,h{oe}rs
285,-
286,hoers
287,-
288,-
289,h{oe}[r]s
290,h{oe}rs
291,h{oe}rs
292,h{oe}rs
293,h{oe}rs
294,h{oe}rs
295,hoe[r]s
296,h{oe}rs
297,h{oe}rs
298,-
299,h{oe}{r}s
300,h{oe}rs
301,hoe[r]s
301,hoe(r)s
302,h{oe}rs
303,hoe[r]s
304,hoe{r}s
305,h{oe}rs
306,hoe[r]s
307,h{oe}rs
308,hoers
309,h{oe}rs
310,-
311,h{oe}rs
312,hoe[r]s
313,hoers
314,hoers
315,hoe{r}s
316,haw[r]s
317,hoe[r]s
318,-
319,-
320,h{oe}rs
321,hoe{r}s
322,hoers
323,hoers
324,h{oe}rs
325,hoe[r]s
326,h{oe}rs
327,hoe[r]s
328,hoers
329,hoers
330,h{oe}[r]s
331,h{oe}[r]s
332,hoe[r]sh
333,h{oe}{r}s
334,hoers
335,h{oe}rs
336,h{oe}rs
337,-
338,h{oe}rs
339,h{oe}rs
340,hoe(r)s
341,hoe[r]s
342,h{oe}rs
343,hoers
344,-
345,hoe{r}s
346,h{oe}[r]s
347,h{oe}[r]s
348,hoers
349,hoe[r]s
350,h{oe}rs
351,hoers
352,hoers
353,h{oe}rs
354,h{oe}rs
355,h{oe}{r}s
356,hoers
357,hoers
358,hoers
359,h{oe}rs
360,h{oe}rs
361,hoers
362,h{oe}rs
363,hoers
364,h{oe}[r]s
365,h{oe}rs
366,h{oe}rs
367,h{oe}rs
368,hoers
369,hoe[r]s
370,h{oe}rs
371,h{oe}rs
372,h{oe}rs
373,hoe[r]s
374,hoers
375,h{oe}rs
376,-
377,hoe[r]s
378,hoe[r]s
379,h{oe}[r]s
380,hoe{r}s
381,hoers
382,hoe{r}s
383,h{oe}rs
384,h{oe}rs
385,hoe[r]s
386,h{oe}[r]s
387,h{oe}rs
388,hoers
389,hoe[r]s
390,hoers
391,h{oe}[r]s
392,-
393,hoers
394,hoe[r]s
395,h{oe}[r]s
396,-
397,hoers
398,hoe[r]s
399,hoe(r)s
400,hoe{r}s
401,-
402,-
403,hoe[r]s
404,hoe[r]s
405,hoers
406,h{oe}[r]s
407,h{oe}[r]s
408,hoers
409,h{oe}[r]s
410,hoe[r]s
411,h{oe}[r]s
412,-
413,h{oe}{r}s
414,horsh
415,hoe{r}s
416,hoe[r]s
417,h{oe}[r]s
418,h{oe}{r}s
419,h{oe}{r}s
420,h{oe}[r]s
421,h{oe}[r]s
422,h{oe}[r]s
423,hoers
424,hoe[r]s
425,-
426,h{oe}rs
427,h{oe}{r}s
428,hoers
429,-
430,hoe{r}s
431,h{oe}rs
432,-
433,h{oe}rs
434,-
435,hoe[r]s
436,hoers
437,h{oe}rs
438,h{oe}[r]s
439,hoers
440,hoers
441,h{oe}{r}s
442,h{oe}[r]sh
443,hoers
444,h{oe}[r]s
445,hoers
446,h{oe}rs
447,h{oe}rs
448,h{oe}rs
449,hoe[r]s
450,h{oe}[r]s
451,h{oe}rs
452,hoers
453,-
454,h{oe}[r]s
455,h{oe}rs
456,hoe[r]s
457,hoers
458,hoers
459,-
460,hoe{r}s
461,h{oe}rs
462,h{oe}rsh
463,h{oe}rs
464,h{oe}rs
465,h{oe}{r}s
466,h{oe}rs
467,-
468,hoe(r)s
469,h{oe}rs
470,h{oe}rs
471,hoe[r]s
472,hoe[r]s
473,-
474,hoers
475,h{oe}{r}s
476,h{oe}rs
477,h{oe}[r]s
478,h{oe}[r]s
479,hoe[r]s
480,h{oe}rs
481,hoe[r]s
482,h{oe}[r]s
483,-
484,hoers
485,hoe[r]s
486,-
487,hoe{r}s
488,hoers
489,hoe{r}s
490,h{oe}rs
491,-
492,hoers
493,-
494,h{oe}rs
495,h{oe}[r]s
496,hoers
497,hoe[r]s
498,hoers
499,hoe{r}s
500,-
501,hoe[r]s
502,h{oe}rs
503,-
504,hoers
505,h{oe}[r]s
506,hoers
507,-
508,h{oe}[r]s
509,-
510,-
511,hawrs
512,-
513,h{oe}[r]s
514,hawrs
515,-
516,hoers
517,hoers
518,h{oe}rs
519,hoe{r}s
520,-
521,h{oe}[r]s
522,hoers
523,-
524,hoers
525,h{oe}[r]s
526,-
527,hoe{r}s
528,h{oe}{r}s
529,-
530,h{oe}{r}s
531,-
532,hoe[r]s
533,hoers
534,h{oe}[r]s
535,hoers
536,hoe{r}s
537,-
538,h{oe}rs
539,h{oe}{r}s
540,-
541,hors
542,-
543,-
544,h{oe}{r}s
545,h{oe}{r}s
546,-
547,h{oe}rs
548,h{oe}[r]s
549,-
550,-
551,-
552,h{oe}[r]s
553,-
554,-
555,-
556,h{oe}[r]s
557,hoe[r]s
558,hoers
559,-
560,-
561,-
562,-
563,h{oe}{r}s
564,h{oe}rs
565,h{oe}{r}s
566,-
567,-
568,-
569,hoe[r]s
570,hoe{r}s
571,h{oe}[r]s
572,h{oe}rs
573,hoe[r]s
574,hoe[r]s
575,h{oe}[r]s
576,h{oe}rs
577,hoe[r]s
578,h{oe}{r}s
579,hoe[r]s
580,hoe(r)s
581,-
582,h{oe}rs
583,hoe[r]s
584,h{oe}rs
585,h{oe}[r]s
586,-
587,hoe(r)s
588,hoe[r]s
589,h{oe}rs
590,h{oe}{r}s
591,hoers
592,hoers
593,h{oe}[r]s
594,h{oe}[r]s
595,hoers
596,h{oe}{r}s
597,h{oe}rs
598,h{oe}{r}s
599,hoers
600,hoers
601,h{oe}rs
602,hoe[r]s
603,-
604,-
605,hoers
606,-
607,h{oe}rs
608,hoe{r}s
609,-
610,hoe(r)s
611,h{oe}rs
612,hoe[r]s
613,h{oe}[r]s
614,hoe[r]s
615,h{oe}[r]s
616,hoe{r}s
617,hoe[r]s
618,-
619,-
620,h{oe}{r}s
621,h{oe}rs
622,hoe[r]s
623,hoers
624,hoe{r}s
625,hoe{r}s
626,-
627,h{oe}(r)s
628,h{oe}rs
629,hoers
630,hoers
631,-
632,hoers
633,-
634,hoers
635,h{oe}rs
636,h{oe}rs
637,h{oe}{r}s
638,hoe[r]s
639,h{oe}{r}s
640,h{oe}[r]s
641,hoe[r]s
642,-
643,hoers
644,-
645,hoe[r]s
646,hoers
647,-
648,hoe[r]s
649,h{oe}rs
650,hoe(r)s
651,-
652,hoe[r]s
653,-
654,-
655,h{oe}rs
656,hoers
657,hoers
657X,h{oe}[r]s
657Y,h{oe}{r}s
657Z,h{oe}{r}s
658,h{oe}{r}s
659,h{oe}[r]s
660,hoe[r]s
661,hawrs
662,h{oe}rs
663,-
664,-
665,hoe[r]s
666,h{oe}(r)s
667,h{oe}[r]s
668,hoe{r}s
669,hoers
670,h{oe}(r)s
671,h{oe}(r)s
672,hoe[r]s
673,h{oe}rs
674,hors
674,h{oe}rs
675,h{oe}rs
676,-
677,hoers
678,h{oe}rs
679,hawrth
680,h{oe}rs
681,h{oe}rs
682,h{oe}rs
683,hoers
684,-
685,-
686,hoers
687,hoers
688,h{oe}[r]s
689,h{oe}rs
690,hoe{r}s
691,h{oe}rs
692,h{oe}[r]s
693,h{oe}rs
694,h{oe}rs
695,hoers
696,h{oe}[r]s
697,hawrs
698,-
699,-
700,-
701,hoers
702,-
703,h{oe}rs
704,h{oe}[r]s
705,hoers
706,-
707,h{oe}[r]th
708,h{oe}[r]s
709,hoers
710,hoers
711,h{oe}rs
712,hoers
713,h{oe}rs
714,-
715,h{oe}rs
716,hoe[r]s
717,h{oe}rs
718,hoe[r]s
719,hoers
720,h{oe}rs
721,h{oe}rs
722,hoers
723,hoers
724,h{oe}rs
725,h{oe}rs
726,h{oe}rs
727,-
728,hoe{r}s
729,h{oe}rs
730,hoers
731,hoers
732,hoers
733,-
734,-
735,-
736,h{oe}rs
737,h{oe}rs
738,hoers
739,-
740,h{oe}rs
741,hoers
742,h{oe}rs
743,hoers
744,-
745,-
746,hoe{r}s
747,h{oe}rs
748,hoe[r]s
749,h{oe}rs
750,-
751,hoers
752,h{oe}rs
753,hoers
754,h{oe}(r)s
755,hoers
756,-
757,h{oe}rs
758,hoers
759,-
760,-
761,h{oe}(r)s
762,hoe{r}s
763,-
764,h{oe}(r)s
765,h{oe}rs
766,hoe(r)s
767,hoers
768,hoe(r)s
769,hoers
770,h{oe}{r}s
771,h{oe}(r)s
772,h{oe}[r]s
773,h{oe}[r]s
774,-
775,hoe[r]s
776,h{oe}rs
777,h{oe}[r]s
778,h{oe}rs
779,h{oe}rs
780,h{oe}rs
781,-
782,hoers
783,-
784,-
785,hoersh
786,hoers
787,h{oe}rs
788,h{oe}rs
789,hoers
790,h{oe}{r}s
791,hoers
792,h{oe}rs
793,-
794,h{oe}rs
795,-
796,hoe(r)s
797,hoe[r]sh
798,hoe{r}s
799,-
800,hoers
801,h{oe}rs
802,hoe(r)s
803,-
804,-
805,h{oe}rs
806,hoe[r]s
807,hoers
808,hoe{r}s
809,hoers
810,h{oe}[r]s
811,hoe(r)s
812,-
813,hoe{r}s
814,h{oe}rs
815,-
816,hoers
817,h{oe}rs
818,-
819,hawrs
820,hoers
821,hoe[r]s
822,h{oe}rs
823,h{oe}rs
824,h{oe}rs
825,h{oe}{r}s
826,h{oe}rs
827,h{oe}rs
828,hoe[r]s
829,h{oe}(r)s
830,hoers
831,h{oe}rs
832,-
833,hoe{r}s
834,hoers
835,hoe{r}s
836,h{oe}{r}s
837,h{oe}rs
838,h{oe}{r}s
839,-
840,hoe[r]s
841,h{oe}rs
842,hoe{r}s
843,hoers
844,hoers
845,h{oe}rs
846,h{oe}{r}s
847,-
848,h{oe}rs
849,hoers
850,-
851,-
852,hoers
853,hoers
854,h{oe}{r}s
855,hoers
856,-
857,hoe{r}s
858,-
859,hoers
860,hoe{r}s
861,h{oe}rs
862,h{oe}rs
863,h{oe}rs
864,hoe[r]s
865,h{oe}rs
866,haw[r]s
867,hoe{r}s
868,h{oe}[r]s
869,h{oe}{r}s
870,hoers
871,hoe{r}s
872,-
873,hoe[r]s
874,h{oe}{r}s
875,hoe{r}s
876,hoers
877,h{oe}rs
878,h{oe}rs
879,-
880,-
881,-
882,hoers
883,h{oe}rs
884,-
885,-
886,h{oe}rs
887,hoers
888,hoe[r]s
889,hoe{r}s
890,hoers
891,h{oe}rs
892,-
893,hoers
894,h{oe}rs
895,h{oe}rs
896,-
897,-
898,hawrs
899,-
900,hoe{r}s
901,hoers
902,hoers
903,-
904,hoe{r}s
905,h{oe}rs
906,h{oe}rs
907,-
908,hoe[r]s
909,-
910,hoe{r}s
911,h{oe}rs
