Informant,Response
001,*sweld
002,*sweld
003,#swoelN=14
004,!swel
004,#swoelN=14
005,#swoelN=14
006,@swelN=14
006,*sweld
006,*swoe[l]
006,#swoelN=14
007,-
008,#swoelN=14
009,-
010,!swel
010,*sweld
010,#swoelN=14
011,*sweld
011,#swoelN=14
012,#swoelN=14
013,#swoelN=14
014,#swoelN=14
015,#swoelN=14
016,!swel
016,*sweld
016,#swoelN=14
017,-
018,-
019,*sweld
020,*sweld
021,-
022,!swel
022,#swoelN=14
023,*swoel
023,#swoelN=14
024,-
025,#sweld
026,-
027,*sweld
027,#swoelN=14
028,@swelN=14
028,#swoelN=14
029,-
030,-
031,-
032,-
033,!swel
033,*sweld
033,#swoelN=14
034,-
035,-
036,#sweld
037,-
038,#swoelN=14
039,!swel
039,*swoel
039,#swoelN=14
039,#swawlN=14
040,*sweld
040,#swoelN=14
041,*sweld
041,*swel
042,-
043,!swel
043,*sweld
044,#swoelN=14
045,#swoelN=14
046,*sweld
046,#swoelN=14
047,-
048,#swoelN=14
049,!swel
049,*sweld
049,#swoelN=14
050,-
051,!swel
051,*sweld
051,#swoelN=14
052,*s(w)oeld
053,!swel
053,@swelN=14
054,#swel
055,!swel
055,*sweld
055,#swawlN=14
056,!swel
056,*sweld
056,#swoelN=14
057,!swel
057,*sweld
057,#swoelN=14
058,!swel
058,#swoelN=14
059,*sweld
059,*swoelN=14
060,!swel
060,*sweld
060,#swoelN=14
061,!swel
061,#swoelN=14
062,!swel
062,#swoelN=14
063,-
064,*sweld
065,-
066,#swoelN=14
067,-
068,-
069,!swel
070,@swelN=14
071,-
072,*sweld
072,#swoelN=14
073,!swel
073,*swoel
073,#swoelN=14
074,*sweld
074,#sweld
074,#swolN=14
075,!swel
075,*sweld
075,*swoel
075,#swoelN=14
076,#swoelN=14
076,#sweld
076,#swoel
077,*sweld
078,!swel
078,*sweld
078,#swoelN=14
079,!swel
079,*sweld
079,#swoelN=14
079,#sweld
080,-
081,!swel
081,*swoelN=14
081,#swoelN=14
082,-
083,-
084,!swel
084,*sweld
084,*swoel
084,#swoelN=14
085,!swel
085,#swoelN=14
086,!swel
086,*swoel
086,#swoelN=14
087,!swel
087,*sweld
087,#swoelN=14
088,*sweld
089,-
090,!swel
090,*sweld
090,#swel
091,-
092,-
093,#swoelN=14
094,*sweld
094,#swoelN=14
095,@sweling=13
095,*swe[l]d
095,#swoelN=14
096,*sweld
096,#sweld
097,&swelz
097,*sweld
097,#swoelN=14
098,*swoel
098,*swoe[l]
098,#swoelun=13
099,!swel
099,#swoelN=14
100,!swel
100,*swoel
100,#swe[l]
101,!swel
101,*sweld
101,#swoelN=14
102,#swoelN=14
103,!swel
103,*swoel
103,#swoelN=14
104,!swel
104,*sweld
104,#swoelN=14
104,#sweld
105,#swoelN=14
106,*sweld
106,#swoelN=14
107,!swel
107,#swoelN=14
108,!swel
108,*sweld
108,#swoelN=14
109,-
110,-
111,*swoel
112,*sweld
112,#swoelN=14
113,-
114,-
115,-
116,!swel
116,*sweld
116,#sweld
117,*sweld
117,*swuld
118,*sweld
118,#swoelN=14
119,!swel
119,#swoelN=14
120,*sweld
120,#swoelN=14
121,#swoelN=14
122,!swel
122,@swelN=14
122,#swoelN=14
123,*sweld
123,#swoelN=14
124,-
125,*sweld
125,#swoelN=14
126,!swe[l]
126,#swoe[l]
127,-
128,-
129,-
130,-
131,!swel
131,#swoelN=14
132,-
133,-
134,*swel
135,*sweld
135,#swoelN=14
135,#sweld
136,#swoelN=14
137,#swoelN=14
138,@swelNG=14
138,*sweld
139,-
140,-
141,!swel
141,*sweld
141,#swoelN=14
142,-
143,*sweld
143,#swoelN=14
144,!swel
144,*sweld
144,#swoelN=14
145,#swoelN=14
146,!swel
147,-
148,!swel
148,#swoelN=14
148,#sweld
149,*swoel
149,#swoelN=14
150,*sweld
150,#swoel
151,!swel
151,*swoeld
152,!swel
152,#swoelN=14
153,-
154,*sweld
154,#sweld
155,*sweld
155,#swoelN=14
156,-
157,#sweld
158,-
159,#swoelN=14
160,-
161,-
162,*swel
163,!swel
163,*swoel
163,#swoelN=14
164,!swel
164,*sweld
164,*swoel
164,#swoelN=14
165,#sweld
166,!swel
166,#swoelN=14
166,#sweld
167,@swelN=14
167,*sweld
167,#swoelN=14
168,-
169,-
170,!swel
170,*sweld
170,#swoelN=14
171,-
172,@swilN=14
172,#swoelN=14
173,-
174,-
175,!swel
176,-
177,!swel
177,#swoelN=14
178,-
179,#swoelN=14
180,*sweld
180,#swoelN=14
181,#swoelN=14
182,-
183,#swoelN=14
184,!swel
184,#swoelN=14
184,#sweld
185,!swel
185,*sweld
185,#swoelN=14
186,!swel
186,@swelN=14
186,*sweld
186,#swoelN=14
187,-
188,!swel
188,*swoel
188,*swoeld
188,#swoeld
189,!swel
189,#swoelN=14
190,-
191,#swoe[l]N=14
192,!swel
192,#swoelN=14
192,#sweld
193,-
194,!swel
195,-
196,-
197,-
198,-
199,-
200,*swe[l]
201,-
202,-
203,-
204,-
205,-
206,!swel
206,*sweld
206,#sweld
207,#swoel
208,!swel
208,#swoelN=14
208,#swoe[l]
209,*sweld
210,!swel
210,*swoel
210,#swoelN=14
211,*sweld
211,#swoelN=14
212,-
213,-
214,-
215,!swel
216,!swel
216,#swoelN=14
217,!swel
217,#swoelN=14
218,!swel
219,@swelN=14
219,*sweld
220,*swai[l]
220,#swoe[l]N=14
221,!swel
221,*swoelN=14
221,#swoelN=14
222,!swel
222,@swelN=14
222,#sweld
223,#swoelN=14
223,#sweld
224,!swil
224,!shwil
224,!shwail
224,&swe[l]z
224,*shwel
224,*shwild
224,#shwil
225,-
226,-
227,-
228,!swel
228,#swoelN=14
229,!swel
229,#swoelN=14
230,!swel
230,#swawlN=14
231,!swel
231,#swoelN=14
232,#swoelN=14
233,!swel
233,*swoel
233,#swoelN=14
234,*swoel
235,*sweld
235,#swoelN=14
236,*sweld
236,#swoelN=14
237,*sweld
237,#sweld
238,!swel
238,*sweld
238,#swoelN=14
239,!swel
239,*sweld
239,#swoelN=14
240,*sweld
240,#swoelN=14
241,-
242,!swel
242,*sweld
242,#swoelN=14
243,!swel
243,*sweld
243,#swoelN=14
243,#sweld
244,-
245,*sweld
245,#swoelN=14
246,!swel
246,*sweld
246,#swoelN=14
247,!swel
247,*sweld
247,#swoelN=14
248,!swel
248,*sweld
248,#swoelN=14
249,#swoelN=14
250,*sweld
251,-
252,-
253,!swel
253,*sweld
253,#swoelN=14
254,!swel
254,&swelz
255,#swoelN=14
256,!swel
257,&swelz
257,*sweld
257,#sweld
258,#swoelN=14
259,!swel
259,*sweld
259,#swoelN=14
260,-
261,!swe[l]
261,*swoel
261,#swoelN=14
262,#swoelN=14
263,!swel
264,*sweld
265,*sweld
266,!swe[l]
267,#swoelN=14
268,-
269,-
270,!swe[l]
270,*swoe[l]
270,#swoelN=14
271,-
272,!swel
272,*sweld
272,#swoelN=14
273,!swel
273,*sweld
273,#swoe[l]N=14
274,*sweld
274,#swoelN=14
275,@swelN=14
276,!swe{?}
276,*sweld
276,#swoelN=14
277,-
278,!swel
278,*sweld
278,#swoelN=14
279,#swoelN=14
280,!svel
280,*swoel
280,#swoelN=14
281,!swe[l]
281,*sweld
281,#swoelN=14
282,-
283,!swi[l]
283,@swelN=14
283,#swoelN=14
284,!swel
284,@swelNG=14
284,#swoelN=14
285,-
286,!swel
286,*sweld
286,#swoelN=14
287,-
288,*sweld
288,#swoelN=14
289,!swel
289,*sweld
289,#swoelN=14
290,!swoel
290,&swoelz
290,*swoeld
290,#swoelN=14
291,!swel
291,*sweld
291,#swoelN=14
292,!swel
292,*swel
292,#swoelN=14
293,!swel
293,*sweld
293,#swoelN=14
294,!swel
294,*sweld
294,#swoelN=14
295,!swel
295,*swoelN=14
296,!swel
296,#swoelN=14
297,*swe[l]d
297,#swoelN=14
298,-
299,!swel
299,*swaild
299,#sweld
300,!swel
300,*sweld
300,#swoelN=14
301,!swel
301,@swelN=14
301,*sweld
301,#swel
302,!swel
302,*sweld
302,#swoelN=14
303,!swel
303,!swail
303,@swelN=14
303,*sweld
303,#swoel
304,&swelz
304,*swoelN=14
304,#swoelN=14
305,!swel
305,*sweld
305,#swoelN=14
306,!swel
307,!swel
307,*swoel
307,#swoelN=14
308,-
309,-
310,-
311,-
312,#swoelN=14
313,-
314,!swel
314,*sweld
314,*swoel
314,#swoelN=14
315,-
316,-
317,!swel
317,*swoelN=14
317,#swoelN=14
318,-
319,-
320,!swel
320,*sweld
320,#swoelN=14
321,!swel
321,*sweld
321,#swoelN=14
322,&swelz
322,*sweld
322,#swoelN=14
323,!swel
323,#swoelN=14
324,!swel
324,*sweld
324,#swoelN=14
325,!swel
325,*swoel
325,#swoelN=14
326,!swel
326,*sweld
326,#swoelN=14
327,!swel
327,*sweld
327,#swoelN=14
328,!swel
328,*sweld
328,#swoelN=14
329,*sweld
329,*swe[l]
329,#swoelN=14
330,!swel
330,*sweld
330,#swoel
331,-
332,!swel
332,*swil
332,#swoelN=14
333,!swel
333,*sweld
333,#sweld
334,!swel
334,*sweld
334,#swoelN=14
335,-
336,!swel
336,*sweld
336,#swoelN=14
336,#sweld
337,-
338,!swel
338,@swelN=14
338,*sweld
338,#swoelN=14
339,-
340,&swelz
341,-
342,#swoelN=14
343,!swe[l]
343,*swoe[l]
343,#swoelN=14
344,#sweld
345,!swel
345,*sweld
345,#swoelN=14
346,-
347,!swel
348,!swel
348,*sweld
348,*swool
348,#swoelN=14
349,#swoelN=14
349,#sweld
350,!swel
350,*swoelN=14
350,#swoelN=14
351,*sweld
352,!swel
352,&swelz
352,@swelNG=14
352,#swoelN=14
353,#swoelN=14
354,!swel
354,*swoeld
354,#swoelN=14
355,-
356,*sweld
356,#swoelN=14
357,!swel
357,*sweld
357,#swoelN=14
358,!swel
358,@swelN=14
358,#swoelN=14
359,!swel
360,!swel
360,*sweld
360,#swawlN=14
361,!swel
362,#swoelN=14
363,*swoel
363,#swoelN=14
364,*swoel
364,#swoelN=14
365,-
366,&swe[l]z
367,!swel
367,#swoelN=14
368,#swoelN=14
369,*sweld
370,*swoel
370,#swoelN=14
371,-
372,!swel
372,*sweld
372,#swoelN=14
373,-
374,!swel
374,*sweld
374,#swoelN=14
375,-
376,-
377,!swel
377,*sweld
377,#sweld
378,-
379,-
380,-
381,-
382,@swelN=14
382,#swoelN=14
383,!swel
383,*sweld
383,#swoelN=14
384,!swel
384,@swelNG=14
384,*swoel
384,#swoelN=14
385,!swel
385,*swoel
385,#swoelN=14
386,!swel
386,@swelNG=14
386,*sweld
386,#swoelN=14
387,!swel
387,*sweld
387,#swoelN=14
388,*swoelN=14
389,!swel
389,*swelt
389,#swoelN=14
390,!swel
390,@swelN=14
390,#swoelN=14
391,!swel
391,*sweld
391,*swoel
391,#swoelN=14
392,!swel
393,#swoelN=14
394,!swel
394,@swelNG=14
394,#swoelN=14
395,!swel
395,#swoelN=14
396,!swel
396,#swoelN=14
397,!swel
397,@swelN=14
397,*swild
397,#sweld
398,!swel
398,*shwoel
398,#swoelN=14
399,!swel
399,#swel
400,!swel
400,*swoel
400,*swoelN=14
400,#swoelN=14
401,-
402,*sweld
402,#sweld
403,#swoelN=14
404,#swoelN=14
405,!swel
405,*swoel
405,#swoelN=14
406,-
407,!swel
407,#swoelN=14
408,!swel
408,*swoel
408,*swoe[l]
408,#swoelN=14
409,!swel
409,*sweld
409,#swoelN=14
410,!swe[l]
410,#swoelN=14
411,!swel
411,*sweld
411,#swoelN=14
412,-
413,!swel
413,#swoelN=14
414,!swe[l]
414,*swe[l]d
414,#swoelN=14
415,*sweld
415,*swoelN=14
416,!swel
416,#swoelN=14
416,#swoel
417,*sweld
417,#swoelN=14
418,!swel
418,*swoel
418,#swoelN=14
419,!swel
419,*swoel
419,#swoelN=14
420,*swoelN=14
420,#sweld
421,!swel
421,#swoelN=14
422,-
423,*sweld
423,#swoelN=14
424,!swel
424,#swoelN=14
425,-
426,!swel
426,*sweld
426,#swoelN=14
427,!swel
427,*sweld
427,#swoelN=14
428,!swel
428,#swoelN=14
429,-
430,-
431,*sweld
431,#swoelN=14
432,-
433,-
434,!swoel
434,*swoeld
435,#swoelN=14
436,!swel
436,#swoelN=14
437,!swel
437,*sweld
437,#swoelN=14
438,*swel
439,#swulN=14
440,*sweld
440,#swoelN=14
441,*swoel
442,*swoelN=14
443,!swel
443,*sweld
443,#swoelN=14
444,*sweld
444,#swoelN=14
445,!swel
445,*sweld
445,#swoelN=14
446,-
447,!swel
447,*swoel
447,*swel
447,#swel
448,!swel
448,*sweld
448,#swoelN=14
449,*swoel
450,#swoelN=14
451,!swel
451,#swoelN=14
452,*sweld
452,#swoelN=14
453,-
454,-
455,!swel
455,*sweld
455,#swoelN=14
456,!swel
456,*sweld
456,#swoelN=14
457,!swel
457,*sweld
457,#swoelN=14
458,*sweld
458,#swoelN=14
459,-
460,!swel
460,#swoelN=14
461,!swel
461,*sweld
461,#swoelN=14
462,!swe[l]
462,*swaild
463,!swel
463,*swoel
463,#sweld
464,!swel
464,*swoeld
464,#swoel
464,#swoeld
465,!swel
465,#sweld
466,!swel
466,*swoel
466,#swoelN=14
467,!swel
468,!swel
468,*swoelN=14
468,#swoel
469,!swel
469,#swoelN=14
470,!swel
470,*sweld
470,#sweld
471,!swel
471,*sweld
471,#swoelN=14
471,#sweld
472,!swel
473,!swel
474,!swel
474,*swoel
474,#swoelN=14
475,!swel
475,*sweld
475,#swoelN=14
476,!swel
476,*sweld
476,#swoelN=14
477,-
478,&swe[l]z
479,-
480,!swel
481,-
482,-
483,-
484,-
485,-
486,-
487,-
488,#swoelN=14
489,!swel
489,#sweld
490,!swel
490,*sweld
490,#swoelN=14
491,-
492,!swel
492,#sweld
493,!swel
494,-
495,!swel
495,#swoelN=14
496,-
497,-
498,!swel
498,#swoelN=14
499,*swaild
499,#swoelN=14
500,!swel
501,*sweld
501,#swoelN=14
502,*sweld
502,#swoelN=14
503,-
504,*swel
504,#swoelN=14
505,-
506,#sweld
507,!swel
507,*swoel
507,#swoeld
508,-
509,!swel
510,-
511,-
512,-
513,*sweld
513,#swoelN=14
514,*swoel
515,-
516,!swel
516,#swoelN=14
517,!swel
517,*swoel
517,#swoelN=14
518,!swel
518,#swoelN=14
519,!swel
519,#swoelN=14
520,-
521,&swelz
521,#swoelN=14
522,!swel
522,*sweld
522,#swoelN=14
523,-
524,!swel
524,*swoel
524,#swoelN=14
525,-
526,-
527,!swel
527,*sweld
527,#swoelN=14
528,-
529,-
530,!swel
530,#swoel
531,-
532,!swel
533,!swel
533,*sweld
533,#sweld
534,&swelz
535,#sweld
536,-
537,!swel
537,#sweld
538,-
539,!swel
539,*sweld
539,#swoelN=14
540,-
541,&swelz
541,@swelNG=14
541,#swoelN=14
542,!swel
543,!swel
543,*sweld
544,-
545,-
546,-
547,!swel
547,*sweld
547,#swoelN=14
548,!swel
548,*sweld
549,-
550,-
551,-
552,-
553,-
554,&swel
555,-
556,-
557,*sweld
557,#swoelN=14
558,!swel
558,*swoel
558,#swoelN=14
559,!swel
560,-
561,&swelz
562,!swel
562,*sweld
562,#swoelN=14
563,!swel
563,*sweld
563,#swoelN=14
564,!swel
564,@swelN=14
564,*sweld
564,#swoelN=14
565,#swoelN=14
566,!swel
567,-
568,&swelz
569,*sweld
570,-
571,!swoel
571,*swoel
571,#swoelNG=14
572,*sweld
572,#sweld
573,-
574,!swel
574,*sweld
574,#swoelN=14
575,-
576,!swel
576,*sweld
576,#swoelN=14
577,!swel
577,*swoeld
577,#swoeldN=14
578,!swel
579,!swel
579,*sweld
579,#swoelN=14
580,*swoelN=14
580,#swoel
581,-
582,!swel
582,@swelN=14
582,#swoelN=14
583,!swel
584,!swel
584,*sweld
585,!swel
585,*swoe[l]
585,#swoe[l]
586,!swel
587,*sweld
587,*swoeld
587,#sweld
588,*swoel
588,#swoelN=14
589,!swel
589,*sweld
589,#sweld
589,#swoel
590,-
591,!swel
591,*sweld
591,#swoelN=14
592,-
593,!swel
593,*swel
593,#swoelN=14
593,#swel
594,!swel
594,*swoel
594,#swoelN=14
595,!swel
595,*sweld
595,#swawlN=14
596,*swoeld
596,#swoel
597,*sweld
598,!swel
598,*sweld
598,#swoelN=14
599,!swel
599,*sweld
599,#swoelN=14
600,!swil
600,*swoe[l]
600,#swoelN=14
601,*sweld
601,#swoelN=14
602,!swel
602,*swoel
602,#swoelN=14
603,-
604,-
605,*swel
605,#sweld
606,*sweld
606,#sweld
607,*sweld
607,#swoelN=14
608,*swoel
608,#swoelN=14
609,*swoel
609,#swoel
610,!swel
610,#swoelN=14
611,-
612,!sweld
612,@swelN=14
612,#swoel
613,!swel
613,*swoel
613,#swoelN=14
614,-
615,!swel
615,*sweld
615,#swoelN=14
616,#swoelN=14
616,#sweld
617,*swoel
618,-
619,-
620,!swel
620,*swoel
621,*swoel
622,!swel
622,*sweld
622,*swoel
622,#swoelN=14
623,&swelz
624,!swel
624,*sweld
624,*swoel
624,#swoelN=14
625,!swel
625,*swoel
625,#swoelN=14
626,-
627,!swel
627,*sweld
628,#swoelN=14
629,!swel
629,*sweld
629,#sweld
630,*swoel
631,!swel
632,*swel
632,#swoelN=14
633,#sweld
634,@swelN=14
634,#swoelN=14
635,!swel
635,*sweld
635,#swoelN=14
635,#sweld
636,!swel
636,*swoelN=14
636,#swoelN=14
637,!swel
637,*swoel
637,#swoel
638,!swel
638,#swoelN=14
639,*sweld
639,#swoelN=14
640,!swel
640,*swoelN=14
640,#swoel
641,!swel
641,*swoe[l]
641,#swoelN=14
642,-
643,!swel
643,*sweld
643,#swoelN=14
644,-
645,-
646,!swel
646,*sweld
646,#swoelN=14
647,-
648,!swel
648,*sweld
648,#swoelN=14
649,!swel
649,*sweld
649,*swoel
649,#swoelN=14
650,!swel
650,*swelt
650,#swoelN=14
651,-
652,!swel
652,*sweld
652,#swoelN=14
653,!swel
653,*sweld
653,#sweld
654,!swel
654,*swoel
654,#swoelN=14
655,*swoel
655,#swoelN=14
656,!swel
656,*swoel
656,#swoelN=14
657,!swel
657,*swoel
657,#swoelN=14
657X,-
657Y,!swel
657Y,*sweld
657Y,#sweld
657Z,!swel
657Z,*swoel
657Z,#swoelN=14
658,*sweld
658,*swoel
658,#swoelN=14
659,!swel
659,*swoel
659,#swoelN=14
660,!swel
660,*swoel
660,#swoel
661,!swel
661,*swe[l]d
661,#swoelN=14
662,!swel
662,*swelt
662,#swoelN=14
663,-
664,-
665,*swel
666,!swel
666,*swoel
666,#swoelN=14
667,!swel
667,#swoelN=14
668,*sweld
668,#swoelN=14
669,*sweld
669,#swoel
670,&swelz
670,*swoel
671,!swel
671,*swoel
671,#swoelN=14
672,!swel
672,*swoel
672,*swoeld
672,#swoel
673,*swoel
673,#swoelN=14
674,!swel
674,#swoelN=14
675,*sweld
675,#swoelN=14
676,-
677,*swail
678,*sweld
679,*sweld
679,#swoelN=14
679,#sweld
680,-
681,!swel
681,#sweld
682,!swel
682,#swoelN=14
682,#sweld
683,!swel
683,#sweld
684,-
685,*swoel
685,#swoelN=14
686,*sweld
686,#sweld
687,*sweld
687,#swoelN=14
688,!swel
688,*swoeld
688,#swoelN=14
689,*sweld
689,#swoelN=14
690,*swoel
691,#swawlN=14
692,@swelN=14
693,#swoelN=14
694,*sweld
694,#swoelN=14
695,#sweld
696,!swel
696,&swelz
696,*sweld
696,#swoel
697,#swoelN=14
698,-
699,-
700,!swel
701,!swel
701,#swoelN=14
702,-
703,#swoelN=14
704,*swoe[l]
704,#swoelN=14
705,!swel
705,#swoelN=14
706,-
707,*swoel
707,#swoelN=14
707,#swoel
708,*swel
708,#swoelN=14
709,!swel
709,*sweld
709,#swoelN=14
710,!swel
710,*sweld
710,#swoelN=14
711,!swel
711,*sweld
712,*sweld
712,#swoelN=14
713,#swoelN=14
713,#swel
714,#swoelN=14
714,#sweld
715,#swoelN=14
716,!swel
716,*swoeld
716,*swoelN=14
717,#swoelN=14
718,@swelNG=14
718,*sweld
719,-
720,!swel
720,#swoelN=14
721,#swoelN=14
722,!swel
722,*swel
723,-
724,-
725,&swelz
725,#swoelN=14
726,@swelN=14
727,*sweld
728,*swoelN=14
729,@swelNG=14
730,#swoelN=14
731,!swul
731,#swoelN=14
732,#swoelN=14
733,-
734,-
735,-
736,-
737,!swel
737,*sweld
738,*sweld
738,#swoelN=14
739,-
740,*sweld
740,#swoelN=14
741,!swel
741,*sweld
742,!swel
743,-
744,-
745,-
746,-
747,#swoelN=14
748,!swel
748,*swoel
748,#swoel
749,#swoelN=14
750,-
751,!swel
751,*sweld
751,#swoelN=14
752,!swel
752,*swoel
752,#swoelN=14
753,!swel
753,*sweld
753,#swoelN=14
754,*swoel
754,#swoelN=14
755,-
756,!swel
756,*swoel
757,!swel
757,*sweld
757,#swoelN=14
758,#swoelN=14
758,#sweld
759,-
760,-
761,-
762,*sweld
762,#swoelN=14
763,-
764,!swel
764,@swelN=14
764,*sweld
764,#sweld
765,!swel
765,*sweld
765,#swoelN=14
766,!swel
766,*swoel
766,#swoelN=14
767,!swel
767,*swel
767,#swoelN=14
768,!swel
768,*swoel
768,#swoelN=14
769,!swel
769,*swoel
769,#swoelN=14
770,!swel
770,*swoel
770,#sweld
771,!swel
771,*swoel
771,#sweld
772,!swel
772,#swoelN=14
773,!swel
773,*sweld
773,#swoelN=14
774,-
775,!swel
775,*sweld
775,#sweld
776,!swal
776,*sweld
776,#swoelN=14
777,-
778,!swel
778,*sweld
778,#swoelN=14
779,-
780,!swe[l]
780,*sweld
780,#swoelN=14
781,!swel
781,*sweld
781,#swoelN=14
782,*sweld
783,!swel
783,*swuld
784,!swel
784,*swoel
785,!swel
785,*swoelN=14
785,#swoelN=14
786,!swel
786,*sweld
786,*swoel
786,#sweld
787,!swel
787,*swoel
787,#swoelN=14
788,-
789,*sweld
789,*sweldId=14
789,#sweld
790,!swel
790,*sweld
790,*swoeld
790,#sweld
791,&swelz
791,#swoelN=14
792,*sweld
792,#swoelN=14
792,#sweld
793,*sweld
793,#swoelN=14
794,!swel
794,*swoelN=14
794,#swoelN=14
795,-
796,!swel
796,*swawl
796,#swoelN=14
797,-
798,-
799,-
800,!swel
800,*sweld
801,!swel
801,*sweld
801,#swoelN=14
802,!swel
802,*sweld
802,#swoel
803,-
804,-
805,*swel
805,*swoel
805,#swoel
806,@swelN=14
806,*swoel
806,#swoelN=14
807,!swel
807,*sweld
807,#swoelN=14
808,!swel
808,*sweld
808,#swelN=14
809,-
810,!swel
810,*swoel
810,#swoelN=14
811,!swel
811,*swoel
811,#swoelN=14
812,!swel
813,!unswel=31
813,*swoeld
813,#swoelN=14
814,!swel
814,*swoel
814,#swoelN=14
815,-
816,!swel
816,*sweld
816,#swoelN=14
817,!swel
817,*sweld
818,-
819,!swel
819,#swoelN=14
820,!swel
820,*sweld
820,#swoelN=14
821,!swel
821,*swoel
821,#swoelN=14
822,!swel
822,*sweld
822,#swoelN=14
823,!swel
823,*swoelN=14
823,#swoelN=14
824,!swe[l]
824,*sweld
824,#swoelN=14
824,#swoe[l]
825,!swel
825,*sweld
825,#sweld
826,!swel
826,*sweld
826,#swoelN=14
827,!swel
827,*sweld
827,#swoelN=14
828,!swel
828,#swoelN=14
829,!swel
829,*sweld
829,#swoelN=14
830,!swel
830,*swoe[l]
830,#swoelN=14
831,!swel
831,*sweld
831,#swoelN=14
832,-
833,!swel
833,*swoel
833,#swoelN=14
834,!swel
834,*sweld
834,#swoelN=14
835,!swel
835,*swoel
835,#swoelN=14
836,!swel
836,*sweld
836,*swoelN=14
836,#sweld
837,-
838,!swel
839,!swel
840,#sweld
841,-
842,!swel
842,#swoelN=14
843,!swel
843,*swoel
843,#swoelN=14
844,!swel
844,*swoel
844,#swoelN=14
845,!swel
845,*sweld
845,#swoelNd=14
846,-
847,-
848,-
849,#sweld
850,!swel
850,@swelN=14
850,*sweld
851,-
852,#swoelN=14
853,*sweld
853,#swoelN=14
854,*swoel
854,#swoelN=14
855,!swel
855,&swelz
856,!swel
857,!swel
857,*sweld
857,#swoelN=14
858,-
859,!swel
859,*sweld
859,#swoelN=14
860,!swel
860,*sweld
860,#swoelN=14
861,!swel
861,*sweld
861,#swoelN=14
862,!swel
862,*swoel
862,#swoelN=14
863,!swel
863,*sweld
863,#swoelN=14
864,!swel
864,*swoel
864,#swoeld
865,&swelz
865,*swoel
865,#swoelN=14
866,!swel
866,*swoeld
866,#swoelN=14
867,!swel
867,*sweld
867,#swoelN=14
868,!swel
868,*swoel
868,#swoelN=14
869,!swel
869,*swoeld
869,#swoelN=14
870,!swel
870,*sweld
870,#swoelN=14
871,-
872,-
873,!swa[l]
873,*swuld
873,#swoelN=14
874,!swel
874,*sweld
874,#swoelN=14
875,!swel
875,*sweld
875,#swoelN=14
875,#sweld
876,!swe[l]
876,*swoel
876,#swoelN=14
877,!swel
877,*swoel
877,#swoelN=14
878,!swel
878,*sweld
878,#swoelN=14
879,!swel
880,!swel
881,-
882,!swel
882,*swoelN=14
882,#swoelN=14
883,!swel
883,#swoelN=14
884,-
885,#swoelN=14
886,!swel
886,#swoelN=14
887,!swel
887,*sweld
887,#swawlN=14
888,!swe[l]
888,!swoe[l]
888,*swoe[l]
888,#swoe[l]
889,!swel
889,*swoel
889,#swoelN=14
890,!swel
890,*swoel
890,#swoelN=14
891,!swel
891,*sweld
891,#swoelN=14
892,!swel
893,!swel
893,*sweld
893,#swoelN=14
894,@swelNG=14
894,#swawlN=14
895,!swel
895,*swoeld
895,#swoelN=14
896,-
897,-
898,-
899,!swel
899,#swoelN=14
900,!swel
900,*sweld
900,#swo:lN=14
901,!swel
901,*swoeld
901,#swoelN=14
902,!swel
902,*sweld
902,#swoelN=14
903,-
904,!swel
904,*sweld
904,*swoelN=14
905,!swel
905,*sweld
905,#swoelN=14
906,&swelz
906,*sweld
906,#swoelN=14
907,-
908,!swel
908,*sweld
908,#swoelN=14
909,-
910,!swel
910,*sweld
910,#swawlN=14
911,!swel
911,*swoeld
911,#swoelN=14
