Informant,Response
001,kw{ie}n{ie}n=13
002,kw{ie}n{ie}n=13
003,k{w}{ie}n{ie}n=13
004,kw{ie}n{ie}n=13
005,kw{ie}n{ie}n=13
006,kw{ie}n{ie}n=13
007,-
008,-
009,-
010,k{w}{ie}n{ie}n=13
011,kwien{ie}n=13
012,kw{ie}n{ie}n=13
013,kw{ie}n{ie}n=13
014,kw{ie}n{ie}n=13
015,kwienien=13
016,-
017,-
018,kw{ie}n{ie}n=13
019,-
020,-
021,kwienien=13
022,kw{ie}n{ie}n=13
023,kw{ie}n{ie}n=13
024,-
025,kw{ie}n{ie}n=13
026,kw{ie}n{ie}n=13
027,kwienien=13
028,kw{ie}n{ie}n=13
029,kw{ie}n{ie}n=13
030,-
031,-
032,-
033,kw{ie}n{ie}n=13
034,-
035,-
036,-
037,kw{ie}n{ie}n=13
038,kw{ie}n{ie}n=13
039,-
040,kw{ie}nien=13
041,-
042,kw{ie}n{ie}n=13
043,kwAn{ie}n=41
044,kw{ie}n{ie}n=13
045,kw{ie}n{ie}n=13
046,kw{ie}n{ie}n=13
047,kwienien=13
048,-
049,kw{ie}n{ie}n=13
050,-
051,kwienien=13
052,-
053,kwien{ie}n=13
054,kwienien=13
055,kwienien=13
056,kwienien=13
057,kwien{ie}n=13
058,kw{ie}n{ie}n=13
059,kwienien=13
060,kwin{ie}n=13
061,kwin{ie}n=13
062,kwin{ie}[n]=13
063,-
064,kw{ie}nie[n]=13
065,-
066,kw{ie}n{ie}n=13
067,-
068,-
069,-
070,kw{ie}n{ie}n=13
071,-
072,kw{ie}n{ie}n=13
073,kwinien=13
074,-
075,kwinie[n]=31
076,kwin{ie}n=13
077,kwin{ie}n=13
078,kwin{ie}n=13
079,kw{ie}n{ie}n=13
080,-
081,kw{ie}n{ie}n=13
082,-
083,-
084,kw{ie}n{ie}n=13
085,kwin{ie}n=13
086,kwinien=13
087,kwinien=13
088,-
089,-
090,kw{ie}n{ie}n=13
091,-
092,-
093,kw{ie}nien=12
094,kwin{ie}n=13
095,kwin{ie}n=13
096,kwinien=13
097,kwinien=13
098,kw{ie}n{ie}n=13
099,kwin{ie}n=13
100,-
101,-
102,kwin{ie}n=13
103,kwienien=13
104,kwienien=13
105,-
106,kwienien=13
107,kwienien=13
108,kwien{ie}n=13
109,kwinien=13
110,kwinien=13
111,kw{ie}n{ie}n=13
112,kw{ie}n{ie}n=13
113,kw{ie}n{ie}n=13
114,-
115,-
116,kw{ie}n{ie}n=13
117,kwinien=13
118,kwin{ie}n=13
119,kwinien=13
120,kwinien=13
121,kwin{ie}n=13
122,kwinien=13
123,kwinien=13
124,-
125,kwin{ie}n=13
126,kw{ie}n{ie}n=13
127,-
128,-
129,-
130,-
131,kwin{ie}n=13
132,-
133,-
134,kw{ie}n{ie}n=13
135,kwin{ie}n=13
136,kwinien=13
137,kwinien=13
138,kw{ie}n{ie}n=13
139,-
140,-
141,kwinien=13
142,kwin{ie}n=13
143,k{w}in{ie}n=13
144,kwinien=13
145,kw{ie}n{ie}n=13
146,kw{ie}n{ie}n=13
147,-
148,-
149,kwin{ie}n=13
150,kwinien=13
151,kwinien=13
152,kwin{ie}n=13
153,-
154,kwinien=13
155,kwinien=13
156,-
157,-
158,-
159,kwin{ie}n=13
160,-
161,-
162,kwinien=13
163,kwinien=13
164,kwinien=13
165,kw{ie}n{ie}n=13
166,kwin{ie}[n]=13
167,kwin{ie}n=13
168,-
169,-
170,kwienien=13
171,-
172,-
173,-
174,-
175,-
176,kwin{ie}n=13
177,kwinien=13
178,-
179,-
180,kwinien=31
181,kwin{ie}n=13
182,-
183,kwinien=13
184,kwinien=13
185,kwinien=13
186,kwin{ie}n=13
187,-
188,kw{ie}n{ie}n=13
189,kwinien=13
190,kwin{ie}n=13
191,kw{ie}n{ie}n=13
192,kwienien=13
193,-
194,kwinien=13
195,kwin{ie}n=13
196,-
197,-
198,-
199,-
200,-
201,kw{ie}n{ie}n=13
202,kwin{ie}n=13
203,-
204,-
205,-
206,kwin{ie}n=13
207,kw{ie}n{ie}n=13
208,-
209,kwanien=13
210,k{w}in{ie}n=13
211,kwinien=13
212,kwin{ie}n=13
213,kw{ie}n{ie}n=13
213,kwin{ie}n=13
214,-
215,-
216,k{w}in{ie}n=13
217,kwin{ie}n=13
218,-
219,kw{ie}n{ie}n=13
220,-
221,kwinnien=13
222,kw{ie}n{ie}n=13
223,kwen{ie}n=13
224,kwienie[n]=13
225,-
226,-
227,-
228,kwinien=13
229,-
230,-
231,kw{ie}n{ie}n=13
232,kw{ie}n{ie}n=13
233,kwienien=13
234,kwin{ie}n=13
235,kwin{ie}n=13
236,kwin{ie}n=13
237,kwin{ie}n=13
238,kwin{ie}n=13
239,kwenien=13
240,kwienien=13
241,-
242,kwin{ie}n=13
243,kwin{ie}n=13
244,-
245,kwinien=13
246,kwinien=13
247,kw{ie}n{ie}n=13
248,kwin{ie}n=13
249,kwinien=13
250,kwin{ie}n=13
251,-
252,-
253,kwin{ie}n=13
254,kw{ie}n{ie}n=13
255,kwin{ie}n=13
256,kwin{ie}n=13
257,kwinien=13
258,kwin{ie}n=13
259,kwienien=13
260,kw{ie}n{ie}n=13
261,-
262,kwin{ie}n=13
263,kwin{ie}n=13
264,kw{ie}n{ie}n=13
265,-
266,kwienien=13
267,kwin{ie}n=13
268,-
269,kwinien=13
270,-
271,kwienien=13
272,kwinien=13
273,kwienien=13
274,kwienien=13
275,kwinien=13
276,kwien{ie}n=13
277,kw{ie}nien=13
278,kwien{ie}n=13
279,-
280,kwienien=13
281,kwienien=13
282,-
283,-
284,kwienien=13
285,-
286,kwienien=13
287,-
288,kwienien=13
289,kwien{ie}n=13
290,kwien{ie}n=13
291,kw{ie}n{ie}n=13
292,kw{ie}n{ie}n=13
293,kw{ie}n{ie}n=13
294,kwienien=13
295,kwienien=13
296,kwienien=13
297,kwienien=13
298,-
299,kw{ie}n{ie}n=13
300,kwienien=13
301,kw{ie}n{ie}n=13
302,kw{ie}n{ie}n=13
303,kw{ie}n{ie}n=13
303,k{w}{ie}n{ie}n=13
304,kw{ie}n{ie}n=13
305,kw{ie}n{ie}n=13
306,kw{ie}n{ie}n=13
307,kw{ie}n{ie}n=13
308,kwienien=13
309,-
310,kwien{ie}n=13
311,kw{ie}n{ie}n=13
312,kwienien=13
313,kw{ie}n{ie}n=13
314,kw{ie}n{ie}n=13
315,-
316,kw{ie}n{ie}n=13
317,kw{ie}n{ie}n=13
318,-
319,-
320,kw{ie}n{ie}n=13
321,kw{ie}n{ie}n=13
322,-
323,kwienien=13
324,kw{ie}n{ie}n=13
325,kw{ie}n{ie}n=13
326,kwien{ie}n=13
327,kw{ie}n{ie}n=13
328,kwenien=13
329,kwienien=13
330,kw{ie}n{ie}n=13
331,kw{ie}nien=13
332,kw{ie}n{ie}n=13
333,kwien{ie}n=13
333,kw{ie}n{ie}n=13
334,kwienien=13
335,-
336,kwienien=13
337,-
338,kw{ie}n{ie}n=13
339,-
340,kwinien=13
341,-
342,kw{ie}n{ie}n=13
343,kween{ie}n=13
344,-
345,kwienien=13
346,kw{ie}n{ie}n=13
347,kwin{ie}n=13
347,kw{ie}n{ie}n=13
348,kwienien=13
349,-
350,kw{ie}n{ie}n=13
351,kwienien=13
352,kwienien=13
353,-
354,kwin{ie}n=13
355,-
356,kwin{ie}n=13
357,kwinien=13
358,kwinien=13
359,kwinien=13
360,kwienien=13
361,kw{ie}nien=13
362,kwin{ie}n=13
363,kwinien=13
364,kw{ie}n{ie}n=13
365,-
366,kwienien=13
367,-
368,kwinien=13
369,kwienie[n]=13
370,kwin{ie}n=13
371,-
372,kwienie[n]=13
373,kwin{ie}n=13
374,kwienien=13
375,kw{ie}n{ie}n=13
376,-
377,kw{ie}nien=13
378,-
379,-
380,kwinien=13
381,-
382,-
383,kwin{ie}n=13
384,kw{ie}n{ie}n=13
385,kwinien=13
386,kwin{ie}n=13
387,kw{ie}n{ie}n=13
388,kwinien=13
389,k{w}in{ie}n=13
390,kwienien=13
391,kwienien=13
392,-
393,-
394,kwinien=31
395,kwinien=13
396,-
397,kwinien=13
398,kwinien=13
399,-
400,k{w}in{ie}n=13
401,kwin{ie}n=13
402,kwin{ie}n=13
403,k{w}in{ie}n=13
404,kwinien=13
405,kwienien=13
406,kwin{ie}n=13
407,kwienien=13
408,kwinien=13
409,kwinien=13
410,kwenien=13
411,kw{ie}n{ie}n=13
412,-
413,-
414,kw{ie}n{ie}n=13
415,kwinien=13
416,kwin{ie}n=13
417,kwinien=13
418,kwin{ie}n=13
418,kw{ie}n{ie}n=13
419,kwin{ie}n=13
420,kwin{ie}n=13
421,kwin{ie}n=13
421,kw{ie}n{ie}n=13
422,kwin{ie}n=13
423,kwin{ie}n=13
424,kwin{ie}n=13
425,-
426,kwin{ie}n=13
427,kwin{ie}n=13
428,kwin{ie}n=31
429,-
430,-
431,kwin{ie}n=13
432,-
433,kwin{ie}[n]=13
434,-
435,k{w}in{ie}n=13
436,kwienien=13
437,kwin{ie}n=13
438,kwin{ie}n=13
439,kwienien=13
440,kwinien=13
441,kwin{ie}n=13
442,kw{ie}n{ie}n=13
443,kwindeen=13
444,kwinien=13
444,kwinien=31
445,kwinien=13
446,kw{ie}n{ie}n=31
447,kwin{ie}n=13
448,kwin{ie}n=13
449,kw{ie}nien=13
450,kw{ie}n{ie}n=13
451,kwin{ie}n=13
451,kwin{ie}n=31
452,kwienien=13
453,-
454,kwin{ie}n=31
455,kwin{ie}n=13
456,kwin{ie}n=12
456,kwIn{ie}n=41
457,kw{ie}nien=13
458,kwienien=13
459,-
460,-
461,kwin{ie}n=13
462,kwienien=21
463,kwinien=13
464,kwin{ie}n=13
465,kwin{ie}n=13
466,kwienien=13
467,k{w}in{ie}n=13
468,kwienien=13
468,kwinien=13
469,kwin{ie}n=13
470,kwin{ie}n=13
471,kw{ie}n{ie}n=13
472,kwinien=13
473,kwienien=13
474,-
475,kw{ie}nien=13
476,kwin{ie}n=13
477,kwienien=13
478,-
479,kwienien=13
480,kw{ie}nien=13
481,kwienien=13
481,kwinien=13
482,kwienien=13
483,-
484,kwienien=13
485,kwinnien=13
486,kw{ie}n{ie}n=13
487,k{w}{ie}n{ie}n=13
488,kwen{ie}n=13
489,kwien{ie}n=13
490,kwienien=13
491,-
492,kweenien=13
492,kwinien=13
493,-
494,kw{ie}n{ie}n=13
495,kwienien=13
496,kwienien=13
497,kw{ie}n{ie}n=13
498,-
499,-
500,-
501,kwienien=13
502,-
503,k{w}{ie}n{ie}[n]=13
504,-
505,kwienien=13
506,kw{ie}n{ie}n=13
507,kwien{ie}n=13
508,kwienien=13
509,-
510,-
511,kw{ie}n{ie}n=13
512,-
513,kw{ie}nN=14
514,-
515,-
516,kwienien=13
517,kwienien=13
518,kw{ie}n{ie}n=13
519,kw{ie}nien=13
519,kw{ie}n{ie}n=13
520,-
521,kw{ie}n{ie}n=13
522,kwin{ie}n=13
523,-
524,kwin{ie}n=13
525,kw{ie}n{ie}n=13
526,-
527,kwienien=13
528,kwienien=13
529,-
530,kw{ie}n{ie}n=13
531,kwienien=13
532,kwen{ie}[n]=13
533,kwienien=13
534,-
535,kwin{ie}n=12
536,kw{ie}n{ie}n=13
537,kw{ie}n{ie}n=13
538,kw{ie}n{ie}n=13
539,kw{ie}n{ie}n=13
540,kw{ie}n{ie}n=13
541,kwienien=13
542,kwien{ie}n=13
543,kw{ie}n{ie}n=13
544,kw{ie}n{ie}n=13
545,kw{ie}n{ie}n=13
546,-
547,kwienien=13
548,kw{ie}n{ie}n=13
549,kwienien=13
550,kwinie[n]=13
551,-
552,kwienien=13
553,-
554,kwienien=13
555,kw{ie}n{ie}n=13
556,kw{ie}n{ie}n=13
557,kwienien=13
558,kwienien=13
559,kwienien=13
560,-
561,-
562,kwien{ie}n=13
562,kwin{ie}n=13
563,kw{ie}n{ie}n=13
564,kwien{ie}n=13
565,kwien{ie}n=13
566,-
567,kwAnien=41
568,-
569,kwinien=13
570,kwinien=13
571,-
572,-
573,-
574,kwa[n]{ie}n=13
575,-
576,kwin{ie}n=13
577,kw{ie}n{ie}n=13
577,kwin{ie}n=13
578,kw{ie}n{ie}n=13
579,kwinien=13
580,kwinien=13
581,-
582,k{w}in{ie}n=13
583,-
584,kwin{ie}n=13
585,kwin{ie}n=13
586,-
587,kwin{ie}n=13
587,kw{ie}n{ie}n=31
588,kwienie[n]=13
589,kwinien=13
590,-
591,kwienien=13
592,-
593,kwin{ie}n=13
594,kwI[n]{ie}[n]=41
595,kw{ie}n{ie}n=13
596,-
597,kwinien=13
598,kwin{ie}n=21
598,kwin{ie}[n]=13
599,kwienien=13
600,kw{ie}nien=13
601,kwin{ie}n=13
602,kwinien=13
603,-
604,-
605,kwinien=13
606,-
607,kwin{ie}n=13
608,kwienien=13
609,kwienien=13
610,kwenyA=14
611,kwie[n]ien=13
612,kwenien=13
613,kw{ie}n{ie}n=13
614,-
615,kwinin=13
615,kw{ie}n{ie}n=13
616,kw{ie}n{ie}n=13
617,kw{ie}n{ie}n=13
618,-
619,-
620,kw{ie}n{ie}n=13
621,kw{ie}n{ie}n=13
622,-
623,-
624,kwinN=14
625,kwienien=13
626,kw{ie}n{ie}n=13
627,kwin{ie}n=13
627,kw{ie}n{ie}n=13
628,kwin{ie}n=13
629,kwienien=13
630,kw{ie}nien=13
631,kwienien=13
632,kwin{ie}n=13
633,kw{ie}n{ie}n=13
634,kwienien=13
635,kw{ie}n{ie}n=13
636,kw{ie}n{ie}n=13
637,-
638,kwienien=13
639,kw{ie}n{ie}n=13
640,kwinien=13
640,kwunien=13
641,kw{ie}nien=13
642,-
643,kwienien=13
644,-
645,-
646,kwinien=13
647,-
648,kwienien=13
649,kwienien=13
650,kw{ie}n{ie}n=13
651,-
652,kwien{ie}[n]=13
653,kwienien=13
653,kwinien=13
654,-
655,kwienN=14
656,kwienien=13
657,kwienien=13
657X,kwienien=13
657Y,kwienien=13
657Z,kwienien=13
658,kwienien=13
659,kwienien=13
660,kw{ie}n{ie}n=13
661,kwienie[n]=13
662,k{w}ienien=13
663,-
664,-
665,kwienien=13
666,kw{ie}n{ie}n=13
667,kw{ie}n{ie}n=13
668,kwienien=13
668,kwinien=13
669,kwinien=13
670,kwienien=13
671,kw{ie}n{ie}n=13
672,kwienien=13
673,kwinien=13
674,kwienien=13
675,kwienien=13
676,-
677,kwen{ie}n=13
678,kw{ie}nien=13
679,kwien{ie}n=13
680,kwienien=13
681,kw{ie}n{ie}n=13
682,kwienien=13
683,kwanien=13
684,kw{ie}n{ie}n=13
685,-
686,kw{ie}n{ie}n=13
687,kwienien=13
688,kwienie(n)=13
689,kw{ie}n{ie}n=13
690,kw{ie}nien=13
691,kwienien=13
692,-
693,kw{ie}n{ie}n=13
694,kw{ie}nien=13
695,kwienien=13
696,kw{ie}n{ie}n=13
697,kw{ie}n{ie}n=13
698,-
699,kwien{ie}n=13
700,-
701,k{w}{ie}n{ie}n=13
702,-
703,k{w}{ie}n{ie}n=13
704,{k}wienien=13
705,kwienien=13
706,-
707,kwien{ie}n=13
708,kw{ie}n{ie}n=13
709,kwienien=13
710,kwienien=13
711,kw{ie}n{ie}n=13
712,kwienien=13
713,kwan{ie}n=13
714,kwienien=13
715,-
716,kw{ie}nien=13
717,-
718,-
719,kwienien=13
720,-
721,kwienien=13
722,kw{ie}n{ie}n=13
723,-
724,-
725,kw{ie}n{ie}n=13
726,kwienien=13
727,kwienien=13
728,kw{ie}n{ie}n=13
729,kw{ie}n{ie}n=13
730,k{w}{ie}n{ie}n=13
731,kwienien=13
732,kwienien=13
733,-
734,kwien{ie}n=13
735,kwienien=13
736,-
737,kwienien=13
738,kw{ie}nien=13
739,-
740,kwon{ie}n=13
740,kw{o}n{ie}n=13
741,kwienien=13
742,kw{ie}n{ie}n=13
743,kwienien=13
744,kwienien=13
745,-
746,kwin{ie}n=13
747,kwin{ie}n=13
748,kw{ie}nien=13
749,kw{ie}n{ie}n=13
750,-
751,kwienien=13
752,kw{ie}n{ie}n=13
753,kwienien=13
754,kw{ie}n{ie}n=13
755,kwienien=13
756,kw{ie}n{ie}n=13
757,kwin{ie}n=13
758,kwinien=13
759,-
760,kw{ie}n{ie}n=13
761,kwin{ie}n=13
762,kwienien=13
763,-
764,kw{ie}n{ie}[n]=13
765,kw{ie}n{ie}n=13
766,kw{ie}n{ie}n=31
767,kwienien=13
768,kwienien=13
769,kw{ie}nien=13
770,kw{ie}n{ie}n=13
771,kwin{ie}n=13
772,kw{ie}n{ie}n=13
773,kw{ie}n{ie}n=13
774,-
775,kwin{ie}n=13
776,kwien{ie}n=13
777,kwienien=13
778,kwienien=13
779,-
780,kwienien=13
781,kwin{ie}n=13
782,kwienien=13
783,kwienien=13
784,kw{ie}nien=13
785,kw{ie}nien=13
786,kw{ie}n{ie}n=13
787,kwienien=13
788,kw{ie}n{ie}n=13
789,kw{ie}n{ie}n=13
790,kw{ie}n{ie}n=13
791,k{w}{ie}n{ie}n=13
792,kwienien=13
793,kw{ie}n{ie}n=13
794,kw{ie}nien=13
795,-
796,kwin{ie}n=13
797,kwienien=12
798,kw{ie}nien=13
799,-
800,kwenien=13
800,kwinien=13
801,kw{ie}n{ie}n=13
802,-
803,-
804,-
805,kwienien=13
806,kwienien=13
807,kwienien=13
808,kwien{ie}n=13
809,-
810,kwienien=13
811,kw{ie}nien=13
812,-
813,kwien{ie}n=13
814,kw{ie}n{ie}n=13
815,k{w}ienien=13
816,kwienien=13
817,kwienien=13
818,-
819,kwin{ie}n=13
820,kw{ie}n{ie}n=13
821,kwienie(n)=13
822,kw{ie}nien=13
823,kw{ie}n{ie}n=13
824,kw{ie}nien=12
825,kwien{ie}n=13
826,kw{ie}n{ie}n=13
827,kwienien=13
827,kwien{ie}n=13
828,kwienie(n)=13
829,kw{ie}nien=13
829,kw{ie}n{ie}n=13
830,kwienien=13
831,kw{ie}n{ie}n=13
832,-
833,kwieAn{ie}n=143
834,kwienien=13
835,kw{ie}n{ie}n=13
836,kw{ie}n{ie}n=13
837,kw{ie}n{ie}n=13
838,kw{ie}n{ie}n=12
839,-
840,kw{ie}rnien=13
841,kw{ie}n{ie}n=13
842,kwienien=13
843,kwieneen=13
843,kwienien=13
844,kw{ie}nien=13
845,-
846,-
847,-
848,kwienien=13
849,kwienien=13
850,kwienien=13
851,kwien{ie}n=13
852,kwienien=13
853,kwinien=13
854,kwinien=13
855,kwienien=13
856,-
857,kw{ie}n{ie}n=13
858,-
859,kwienien=13
860,kw{ie}n{ie}n=13
861,kw{ie}nien=13
862,kw{ie}n{ie}n=13
863,kwan{ie}n=13
864,-
865,kwienien=13
866,kw{ie}n{ie}n=13
867,kwien{ie}n=13
868,kw{ie}n{ie}n=13
869,kwien{ie}n=13
870,kwienien=13
871,kw{ie}n{ie}n=13
872,-
873,kwinien=13
874,kw{ie}nien=13
875,kw{ie}n{ie}n=13
876,kwienien=13
877,kwienien=13
878,kw{ie}n{ie}n=13
879,-
880,kwienien=13
881,-
882,-
883,kwienien=13
884,-
885,kw{ie}nN=14
886,-
887,kwienien=13
888,-
889,kwienien=13
890,kwienien=13
891,kw{ie}n{ie}n=13
892,-
893,k{w}ienien=13
894,kw{ie}n{ie}n=13
895,kwienien=13
896,-
897,-
898,kwienien=13
899,kwinien=13
900,kwienien=13
901,kw{ie}n{ie}n=13
902,kwienien=13
903,-
904,kwienien=13
905,kw{ie}n{ie}n=13
906,kw{ie}n{ie}n=13
907,-
908,kwienien=13
909,-
910,kwienien=13
911,kw{ie}n{ie}n=13
