Informant,Response
001,dipthirIA=3144
002,dipthirIyA=3144
003,dipther(I)yA=314
003,dipthur(I)yA=134
004,dipthurI(A)=134
005,dipthiriyA=1234
006,diptheree(A)=123
007,diptherI(A)=314
008,dipthirIA=3144
009,dipthireeA=1234
010,dipthir(I)yA=134
011,dipthiree(A)=123
012,diptherI(A)=134
013,dipthirI(A)=134
014,dipthiree(A)=313
015,dipthir(I)yA=134
016,dipthirIA=3144
017,dipthirI(A)=134
018,dipthirIA=3144
019,dipthir(I)A=134
020,dipthirIyA=3144
021,dipthureeyA=1334
022,dipthirIA=3144
023,dipthiree(A)=123
024,difthireeyA=1234
025,dipthuree(A)=123
025,dipthurI(A)=134
026,di{p}thireeyA=3134
027,dipthireeyA=3134
028,dipthireeyA=1234
029,dipthiriyA=3134
030,dipthireeyA=3134
031,dipthireeyA=3134
032,dipthiree(A)=123
033,dipthireeyA=2134
034,dipthireeyA=3134
035,dipthirIA=3144
036,dipthurI(A)=134
037,difthireeyA=3134
038,dipthirIA=1244
039,dipthirIA=2144
040,dipthirIA=3144
041,dipther(I)yA=314
042,dipthirIA=3144
043,dipthirIyA=3144
044,dipthiree(A)=123
045,dipthireeyA=1234
046,dipftheer(I)yA=314
047,dipthirIA=3144
048,dipthirIA=1344
049,dipthireeyA=3134
050,dipthiree(A)=123
051,dipthirIA=3144
052,dipthiree(A)=313
053,dipfthir(I)A=134
054,-
055,dipthirIA=3144
056,dipthirIA=2144
057,dipthirIA=3144
058,dipthirIA=3144
059,dipthirI(A)=314
060,difthireeyA=3134
061,dipthirIA=3144
062,dipthirI(A)=214
063,dipthirIA=3144
064,dipthirI(A)=134
065,dipthirIA=3144
066,dipthir(I)yA=314
067,dipthirIA=3144
068,dipthirIA=3144
069,dipthirIA=1244
070,diptheereeyA=1234
071,dipthirIA=3144
072,dipthireeyA=3134
073,dipthirIA=3144
074,dipthireeA=3134
075,dipthirI(A)=314
076,dipthirIA=3144
077,dipthirIA=3144
078,dipthirIA=3144
079,dipthireeyA=3134
080,dipthirIA=3144
081,dipthir(I)yA=134
082,dipthirIA=3144
083,dipthirI(A)=314
084,dipthir(I)A=134
085,dipthirIA=3144
086,dipthirIA=3144
087,dipthireeA=3134
088,dipthiree(A)=213
089,dipthirIA=3144
090,dipthirI(A)=314
091,dipthirIA=3144
092,dipthirIA=3144
093,dipthirIA=3144
094,difthirIyA=3144
095,dipthirIA=3144
096,dipthirIA=3144
097,dipthirIA=3144
098,di{p}thirI(A)=214
098,dipthirIA=1344
098,dipthirI(A)=134
099,dipthirIA=3144
100,-
101,diptherIA=2144
102,dipthirIA=3144
103,dipthirIA=2144
104,dipthirIyA=3144
105,dipthirI(A)=314
106,dipthirIA=3144
107,dipthirI(A)=314
108,dipthirIA=2144
109,dipthirIA=3144
110,dipthireeA=1234
111,dipthirI(A)=314
112,-
113,-
114,-
115,-
116,dipthireeyA=1234
117,dipthirIA=3144
118,dipthirI(A)=314
119,dipthirIA=3144
120,dipthirI(A)=314
121,dipthirIA=3144
122,dipthiriyA=3134
123,dipthirIA=3144
124,dipthi{r}(I)yA=314
125,dipthirIA=3144
126,-
127,-
128,-
129,-
130,-
131,dipthiriyA=3134
132,-
133,dipthirI(A)=314
134,dipthirI(A)=314
135,dipthirIA=3144
136,diptheerIA=3144
137,dipthirIA=3144
138,dipthirIA=1244
139,dipthirIA=1244
140,-
141,dipthirIA=3144
142,dipthir(I)A=314
143,dipthirI(A)=314
144,dipthirIA=3144
145,-
146,dipthirIA=3144
147,-
148,dipthir(IA)=31
149,dipthirI(A)=314
150,dipthirI(A)=314
151,dipthirI(A)=314
152,dipthirI(A)=314
153,-
154,dipthirIA=1344
155,dipthireeA=3134
156,-
157,-
158,-
159,dipthirI(A)=314
160,-
161,dipthirIA=2144
162,dipthireeA=3134
163,dipthirIA=3144
164,dipthirIA=3144
165,dipthirI(A)=314
166,dipthirI(A)=314
167,dipthirI(A)=314
168,-
169,-
170,dipthirIA=2144
171,dipthirIA=3144
172,dipthirIA=3144
173,-
174,-
175,-
176,dipthireeyA=3134
177,dipthireeA=2134
178,-
179,-
180,dipthireeA=3134
181,dipthiriA=3134
182,-
183,dipthirI(A)=314
184,dipthirI(A)=214
185,difthireeA=3134
186,dipthirIA=1344
187,-
188,dipthirI(A)=134
189,dipthirIA=3144
190,diptheerIyA=1344
191,dipthirIA=3144
192,dippir(I)A=314
193,dipthirI(A)=314
194,dipthirIA=3144
195,-
196,-
197,-
198,-
199,diptirI(A)=314
200,-
201,dipthirIA=3144
202,dipthireeyA=1234
203,dipthirIyA=1344
204,-
205,-
206,dipthirI(A)=134
207,dipthai[r]I(A)=314
208,dipthirIA=3144
209,dipthirIA=3144
210,dipthirI(A)=314
211,dipthirIA=1344
212,dipthirI(A)=314
213,dipthirIA=3144
214,difthireeyA=1234
215,-
216,dipthirI(A)=134
217,dipthireeA=1234
218,-
219,dipthee(rI)yA=134
220,dipthlirIA=1144
221,dipthirI(A)=314
222,-
223,dipthi{r}I(A)=314
224,diptheer(I)A=124
225,-
226,-
227,dipthirIA=3144
228,dipthirI(A)=314
229,-
230,-
231,dipthirIA=3144
232,dipthirIA=3144
233,dipthirIA=3144
234,-
235,dipthireeyA=3134
236,dipthiriA=3134
237,dipthi{r}I(A)=314
238,dipthirI(A)=314
239,dipthirIA=3144
240,dipthirIA=3144
241,-
242,dipthireeyA=3134
243,dipthiriA=3134
244,-
245,dipthirIA=3144
246,dipthirIyA=1344
247,dipthirIA=3144
248,dipthirIA=1244
249,dipthirI(A)=314
250,-
251,-
252,-
253,dipthiriA=3134
254,dipthirIA=3144
255,diptherIA=3144
256,dipthiree(A)=123
257,dipthireeyA=3134
258,dipthirIA=1344
259,dipthirIA=3144
260,diptherIA=3144
261,dipthirIA=3144
262,dipthirI(A)=314
263,dipthirIyA=3144
264,-
265,dipthiri{R}=3134
266,dipthirIA=3144
267,dipthirIA=3144
268,-
269,dipthirIA=2144
270,diptherI{R}=1144
271,dipthirIA=3144
272,-
273,dipthirIA=3144
274,dipthirIA=3144
275,-
276,dipthireeA=1234
277,dipthirIA=3144
278,dipthireeA=3134
279,-
280,di(p)therIyA=3144
281,diptirIA=3144
282,-
283,dIpthirIA=4144
284,dipthirIA=1344
285,-
286,dipthirIA=3144
287,dipthirIA=3144
288,dipthirIA=2144
289,dipthireeA=3134
290,dipthuree(A)=123
291,dipthireeyA=3134
292,dipthirI(A)=314
293,dipthiree(A)=123
294,dipthirIA=3144
295,dipthiryI(A)=314
296,dipfthirIyA=1344
297,dipthirIA=2144
298,-
299,dipthir(I)yA=314
300,di{p}thirIA=3144
301,dipthir(I)yA=314
302,dipthirI(A)=134
303,dipthir(I)yA=314
304,dipthirI(A)=314
305,dipthireeA=1234
306,difthirIR=3144
307,dipthirIA=3144
308,-
309,dIpthirIA=4144
310,dipthirIA=1344
311,dipthirIA=3144
312,dipthireeA=3134
313,dipthirIA=3144
314,dipthirIA=3144
315,dipthirI(A)=314
316,dipthirI(A)=314
317,dipthirI(A)=314
318,-
319,-
320,dipthirI(A)=134
321,dipthirI(A)=214
322,dipthirIA=3144
323,diptherIA=3144
324,dipthir(I)yA=134
325,dipthirI(A)=314
326,dipthiree(A)=123
327,dipthi{r}(I)yA=314
328,dipthirIA=3144
329,dipthirIA=2144
330,dipthirI(A)=134
331,dipthi(rI)yA=314
332,dipthi(r)I(A)=124
333,dipthireeA=1234
334,dipthirI(A)=214
334,dipthirriA=3134
335,diptheereeA=3134
336,dipthirI(A)=214
337,dibthiriA=2134
338,dipthiree(A)=313
339,-
340,dipthirI(A)=134
341,-
342,-
343,dipthireeA=3134
344,-
345,dipthirI(A)=314
346,dipthirIA=1244
347,dipthirI(A)=134
348,dipthirIA=3144
349,dipthi{r}(I)yA=314
350,dipthirIA=3144
351,dipthirI(A)=314
352,dipthirIA=2144
353,-
354,dipthir(I)A=314
355,dipthir(I)yA=134
356,dipthirIA=3144
357,dipthirIA=2144
358,dipthirI(A)=214
359,dipthirI(A)=314
360,dipthirIA=2144
361,dipthirI(A)=214
362,-
363,dipthirI(A)=314
364,dipthir(I)A=124
365,-
366,dipthirIA=3144
367,dipthirIA=1344
368,dipthirIA=2144
369,dipthirIA=2144
370,dipthirI(A)=314
371,dipthireeyA=3134
372,dipthirIR=2144
373,dipthirIA=2144
374,dipthirIA=1344
375,dipthirIA=3144
376,-
377,-
378,-
379,dipthirIA=3144
380,dipthirIA=2144
381,dipthirIA=2144
382,-
383,dipthirIyA=3144
384,dipthirI(A)=134
385,dipthi{r}yI(A)=314
386,dipthireeA=3134
387,dipthireeyA=1234
388,dipthirI(A)=214
389,dipthirIA=3144
390,dipthirIA=2144
391,dipthirIA=3144
392,dipthirI(A)=134
393,dipthirIA=3144
394,dipthir(I)A=314
395,dipthirIA=1344
396,-
397,dipthirI(A)=314
398,dipthirIA=2144
399,dipthirI(A)=314
400,dipthirI(A)=314
401,-
402,dipthir(I)A=134
403,dipthirIA=3144
404,dipthirIA=3144
405,dipthirIA=2144
406,dipthirI(A)=314
407,dipthireeA=3134
408,dipthirIA=3144
409,dipthiriA=3134
410,dipthireeA=3134
411,dipthi{r}I(A)=134
412,-
413,dipthirIA=3144
414,dIpthirIA=4144
415,dipthi{r}I(A)=134
416,dipthirIA=3144
417,dipthirIA=3144
418,dipthirIA=3144
419,difthirIA=3144
420,dipthirIA=1344
421,dipthirI(A)=124
422,dipthirIA=3144
423,dipthirIA=3144
424,dipthirIA=3144
425,dipthirI(A)=314
426,dipthirI(A)=134
427,dipthirI(A)=314
428,-
429,-
430,dipthirIA=3144
431,dipthirI(A)=314
432,-
433,dipthirI(A)=214
434,dipthirI(A)=134
435,dipthirI(A)=314
436,dipthirI(A)=134
437,difthireeyA=3134
438,dipthirIyA=3144
439,dipthirI(A)=214
440,dipthirIA=3144
441,diptherI(A)=314
442,dipthirI(A)=134
443,dipthirIA=3144
444,dipthireeyA=1234
445,dipthireeA=2134
446,dipthirIyA=1344
447,diptheeree(A)=313
448,dipthirI(A)=314
449,dipthir(I)A=314
450,-
451,dipthirI(A)=134
452,dipthirIA=3144
453,-
454,dipthi{r}eeyA=1234
455,dipthireeA=3134
456,difthi{r}(I)yA=314
457,dipthirIR=3144
458,dipthereeA=3134
458,dipthireeA=3134
459,-
460,dipthi{r}(I)yA=314
461,dipthiriA=2134
462,dipthirIA=3144
463,dipthirIA=3144
464,dipseer(I)A=314
464,diptheer(I)A=314
465,dipthirI(A)=314
466,diptheereeA=2134
467,dipthirIA=1344
468,-
469,dipthiriA=2134
470,diptherI(A)=314
471,dipthi{r}(I)yA=314
472,difthirIA=2144
472,diptherIA=2144
473,dipthirI(A)=314
474,dipthirIA=3144
475,dipthireeA=2134
476,dipthireeyA=3134
477,dipthirIA=3144
478,-
479,difthireeA=3134
480,dipthirIA=3144
481,dipthiriA=3134
482,dipthi{r}(I)yA=314
483,-
484,difthireeA=3134
485,dipthireeA=3134
486,-
487,dipthi{r}(I)yA=314
488,dipthirI(A)=314
489,dipthi{r}(I)A=134
490,dipthireeA=2134
491,-
492,dipthirI(A)=314
493,-
494,dipthirIA=3144
495,diptherI(A)=314
496,dIpthiriA=4134
497,-
498,dipthireeA=3134
499,dipthi{r}IA=3144
500,-
501,dipthiriA=3134
502,dipthirIA=3144
503,-
504,dipthireeA=3134
505,dipthirI(A)=134
505,dipth{t}(ir)I(A)=14
506,diptherI(A)=314
507,-
508,dipthireeA=2314
509,-
510,-
511,dipthirIA=3144
512,-
513,dipthirI(A)=134
514,dIpthireeA=4134
515,-
516,dipthiriA=3134
517,dipthireeA=3134
518,dipthirIA=3144
519,dipthi{r}IA=3144
520,-
521,dipthireeA=3134
522,dipthirIA=3144
523,-
524,dipthirIA=3144
525,dipthir(I)A=134
526,-
527,dipthi{r}(I)A=314
528,dipthireeA=3134
529,-
530,dipthirI(A)=314
531,-
532,dipthirI(A)=314
533,dipthir(I)R=214
534,dip{p}irI(A)=134
535,dipthirIA=2144
536,dipthiriA=2134
537,dipthirI(A)=314
538,dipthireeyA=1234
539,dipthirI(A)=314
540,-
541,dipthirIA=3144
542,dipthir(I)yA=314
543,diptheeree(A)=123
544,dipthirIA=3144
545,di(p)thirI(A)=314
546,-
547,dipthirIA=1344
548,di{p}thirIA=3144
549,dipthirIA=3144
550,-
551,-
552,dipthirI(A)=134
553,-
554,-
555,dipthi{r}(I)yA=314
556,dipthirIA=3144
557,dipthirIA=2144
558,-
559,-
560,dipthirI(A)=314
561,-
562,dipthirIyA=3144
563,dipthirIyA=3144
564,dipthir(I)yA=314
565,dipthirI(A)=314
566,-
567,-
568,-
569,dipthirI(A)=134
570,dipthirI(A)=214
571,dipthir(I)A=314
572,dipthirI(A)=214
573,dipthirI(A)=314
574,dipthi{r}(I)A=314
575,dipthireeyA=3134
576,dipthirIA=3144
577,dipthi{r}I(A)=314
578,dip(th)irI(A)=314
579,diftheerIA=3144
580,-
581,-
582,dipthirIyA=1344
583,dipthi{r}(I)A=314
584,dipthirI(A)=314
585,dipthirI(A)=134
586,-
587,dipthirIA=3144
588,dipthirIA=3144
589,dipthirIA=2144
590,divthirIA=1344
591,dipthirI(A)=314
592,difthirIA=3144
593,diptherI(A)=314
594,dipthi{r}(IA)=13
595,dipthireeyA=1234
596,dipthiriA=2134
597,diptherIA=2144
598,dipthirIA=1244
599,dipthirIA=3144
600,dIpthirI(A)=414
601,dipthirIA=3144
602,dipthirI(A)=134
603,-
604,-
605,dipthirI(A)=214
606,-
607,dipthirIyA=3144
608,dipthirI(A)=314
609,diptherI(A)=314
610,dipthirI(A)=314
611,dIpthirIA=4144
612,diptherI(A)=134
613,dipthireeyA=1234
614,dipthireeA=3134
615,diptherIA=3144
616,dipthirI(A)=314
617,dipthi{r}(IA)=21
618,dipthirIA=1344
619,-
620,dipthirIA=1244
621,dipthirIyA=1344
622,dipthirI(A)=314
623,dipthirIA=3144
624,dipthirIA=3144
625,dipthirI(A)=314
626,dipthirIyA=3144
627,dipthirI(A)=314
628,dipthirI(A)=314
629,dipthirIA=3144
630,dipthirIA=3144
631,dipthirIA=3144
632,dipthirIA=3144
633,dipthirIA=3144
634,dipthirI(A)=314
635,dipthirI(A)=314
636,dipthirIA=3144
637,dipthirIA=3144
638,dipthirIA=2144
639,diptherI(A)=314
640,dipthi(rI)A=314
640,dipth{t}i(rIA)=31
641,dIpthirIA=4144
641,dipthirIA=1344
642,-
643,dipthiriA=3134
644,-
645,dipthirIA=3144
646,dipthirIA=3144
647,-
648,dipti{r}(I)yA=314
649,dipthirIA=3144
650,dipthirIA=3144
651,-
652,dipthirIA=3144
653,dipthirIA=3144
654,-
655,dipthirIA=3144
656,dipthiriA=3134
657,dipthiriA=3134
657X,difthiriA=2134
657Y,dipthirIA=2144
657Z,difthirIA=3144
658,dipthirI(A)=314
659,diptirIyA=3144
660,-
661,dI{p}thirIA=4144
662,dipthireeyA=3134
663,-
664,-
665,di{p}thirIA=3144
666,dItthirIA=4144
667,diptirIA=1344
668,dIpthirIA=4144
669,dipthireeA=3134
670,dipthirIA=3144
671,dipthirIA=3144
672,diptherI(A)=314
673,dipthirIA=3144
674,dipthiree(A)=123
675,diptherIA=2144
676,-
677,dipthirIA=3144
678,dipthirIyA=3144
679,dIptherIA=4144
680,dipthir(I)A=134
681,dipthirI(A)=124
682,-
683,dipthirI(A)=314
684,dipthirIyA=1344
685,-
686,diptherI(A)=314
687,dipthurIA=3144
688,dipthirI(A)=134
689,diptherIA=3144
690,dipthi{r}(I)A=314
691,dipthiriA=3134
692,dipthi{r}(I)yA=314
693,dipthirIA=3144
694,dipthireeA=1234
694,dipthirI(A)=314
695,difthiriA=3134
696,-
697,dipthirIA=3144
698,-
699,-
700,-
701,dipthirI(A)=314
702,-
703,dipthiree(A)=123
704,dipthireeA=2134
705,difthirIA=3144
706,-
707,dipthirIyA=3144
708,dipthirIA=3144
709,diptherIA=3144
710,dipthiriA=3134
711,dipthirIA=3144
712,dipthirIA=3144
713,-
714,dipthurIA=3144
715,-
716,dipthi{r}(I)yA=314
717,-
718,-
719,-
720,-
721,dipthirI(A)=214
722,diptherI(A)=314
723,dipthirI(A)=314
724,dipthireeA=3134
725,dipthirIA=1344
726,diptherI(A)=134
727,dIpthirI(A)=414
728,-
729,-
730,dipthirIA=3144
731,dipthirIA=3144
732,dIpthirIA=4144
733,-
734,dipthi{r}(I)yA=314
735,dipthir(I)yA=314
736,dipthirIA=3144
737,dipthirI(A)=134
738,dipthirIA=3144
739,-
740,dipthiree(A)=313
741,dipthirIA=3144
742,diptherI(A)=314
743,dipthirI(A)=214
744,-
745,dipthirIA=3144
746,-
747,dipthirIA=3144
748,-
749,dipthirIA=3144
750,-
751,dipthirI(A)=314
752,dipthirIA=3144
753,dipthirIA=3144
754,dipthe(r)I(A)=134
755,dipdhirIA=3144
756,dipthirI(A)=314
757,dipthireeyA=3134
758,dipthirI(A)=314
759,-
760,-
761,dipthi(rI)A=134
762,-
763,-
764,dipthi{r}I(A)=314
765,dipthirIA=3144
766,dipthi{r}I(A)=314
767,dipthirIA=3144
768,dipthirI(A)=134
769,dipthirIA=3144
770,dipthirIA=3144
771,dipthirIA=3144
772,dipthirIA=1244
773,dipthirI(A)=314
774,-
775,diptheerI(A)=314
776,dipthirIA=3144
777,dipthirIA=3144
778,dipthirIA=3144
779,dipthireeyA=3134
780,dipthirIA=3144
781,dipthirI(A)=134
782,dipthirI(A)=314
783,diptherI(A)=214
784,dipNthi{r}(I)A=3414
785,dipthirIA=2144
786,diptherI(A)=314
787,dipthirIA=3144
788,dipthirI(A)=134
789,diptirI(A)=314
790,dipthirI(A)=314
791,dipthir(I)A=314
792,dipthirI(A)=314
793,diptherIA=3144
794,dipthiree(A)=123
795,-
796,dipthir(I)A=314
797,dipthirI(A)=314
798,dipthi{r}I(A)=314
799,-
800,dipthirI(A)=314
801,dipthir(I)yA=314
802,diptherIA=3144
803,-
804,-
805,dipterIA=3144
806,dipti{r}rIA=3144
806,dipti{R}A=3144
807,dipthir(IA)=12
808,dipthi{r}(I)A=314
809,dipthirIA=3144
810,diptirIA=3144
811,dikthirIA=3144
812,-
813,dipterIA=1244
814,dipthirIA=3144
815,difthireeyA=1234
816,dipthirIA=3144
817,dipthirIA=3144
818,-
819,dipthir(I)yA=134
820,dipthirIA=3144
821,dipthirI(A)=314
822,dipthirIyA=3144
823,dipthirIA=3144
824,dI{p}thirIA=4144
825,dipthi{r}(I)A=314
826,dipthirIA=3144
827,dipthirIyA=3144
828,dipthirI(A)=314
829,dipthi{r}rIA=3144
830,dIpthirIA=4144
831,dipthirIA=3144
832,-
833,dipthi{r}rIA=3144
834,dIpthirIA=4144
835,dipthirI(A)=134
836,dipthe{r}r(I)A=314
837,dipthirI(A)=314
838,dipthi{r}I(A)=214
839,-
840,dipthirI(A)=214
841,dif(th)irI(A)=314
842,dipthirIA=3144
843,dipthireeA=3134
844,dipthirIA=2144
845,dipthirIA=3144
846,dipthi{r}r(I)A=314
847,-
848,dipthirIyA=1344
849,dipthirIA=3144
850,-
851,dipthirI(A)=124
852,-
853,dipthirIA=2144
854,dipthirIyA=2144
855,dipthirI(A)=314
856,-
857,dipthirIA=3144
858,-
859,difthirIA=3144
860,dipthi{r}rIA=3144
861,diptheerI(A)=314
862,dipthirIA=3144
863,dipthirIA=3144
864,dipthi{r}IA=3144
865,dipthir(I)yA=314
866,die(p)thirIA=3144
867,dipthi{r}IA=3144
868,dipthireeyA=1234
869,-
870,difthireeA=3134
870,dipthireeA=3134
871,-
872,-
873,dipthirIA=3144
874,dipthirIyA=3144
875,dipthirIA=1244
876,dipthirIA=3144
877,dipthireeyA=1234
878,diptherIA=3144
879,-
880,-
881,dipthireeyA=3134
882,dipthirI(A)=214
883,dipthirIA=3144
884,-
885,dipthireeA=2134
885,diptireeA=2134
886,dipthir(I)yA=314
887,dipthirIA=3144
888,dIkthirIA=4144
889,dipthi{r}rIyA=3144
890,dipthirIA=3144
891,dipthirIA=3144
892,-
893,difthirIA=3144
893,dipthirIA=3144
894,dipthir(I)yA=134
895,dipthirIA=3144
896,-
897,-
898,deptireeyA=3134
898,diptireeyA=3134
899,diptirIA=3144
900,dipthi{r}(I)yA=314
901,dipthirIA=3144
902,dipthirIA=3144
903,-
904,dipthirIA=3144
905,dipthirIA=3144
906,dipthireeyA=3134
907,dipthirIA=3144
908,dipthi{r}rIA=3144
909,-
910,dipthi{r}rIA=3144
911,dipthirIA=3144
