Informant,Response
001,ajAkaishN=1434
002,ejIkaishN=3414
003,e{j}IkaishN=3414
004,ejIkaishN=3414
005,ejIkaishN=3414
006,ejIkaishN=3414
007,ejIkaishN=3414
008,-
009,ejIkaishN=3414
010,ejIkaishN=3414
011,ejIkaishN=3414
012,ejIkaishN=3414
013,ejIkaishN=3414
014,ejIkaishN=3414
015,ejIkaishN=3414
016,ejIkaishN=3414
017,echAkaishN=3414
018,ejIkaishN=3414
019,ejIkaishN=3414
020,ejIkaishN=3414
021,-
022,ejIk{a}shN=3414
023,ejIkaishN=3414
024,ejAkaishN=3414
025,ejIkaishN=1434
026,ejIkaishN=3414
027,ejIkaishN=3414
028,ejIkaishN=3414
029,ejIkaishN=3414
030,ejIkaishN=3414
031,ejIkaishN=3414
032,e{j}IkaishN=3414
033,ejIkaishN=3414
034,ejIkaishN=3414
035,ejIkaishN=3414
036,ejIkaishN=3414
037,ejIkaishN=3414
038,echIkaishN=3414
039,{u}jIkaishN=3414
040,{u}jIkaishN=3414
041,ejAkaishN=3414
042,ejIkaishN=1434
043,-
044,ejIkaishN=3414
045,ejIkaishN=3414
046,ejIkaishN=3414
047,ejIkaishN=3414
048,ejIkaishN=3414
049,ejIkaishN=3414
050,ejIkaishN=3414
051,{u}jIkaishN=3414
052,ejIkaishN=3414
053,ejIkaishN=3414
054,ejIk{ai}shN=3414
055,e{j}IkaishN=3414
056,ejIkaishN=3414
057,{u}jIkaishN=3414
058,ejIkaishN=3414
059,ejAkaishN=3414
060,ejIkaishN=3414
061,ejuekaishN=2314
062,{u}jIkaishN=3414
063,-
064,ejIkaishN=3414
065,ejAkaishN=3414
066,ejIkaishN=3414
067,edyIkaishN=3414
068,ejIkaishN=3414
069,echAkaishN=3414
070,ejIkaishN=3414
070,e{j}IkaishN=3414
071,ejAkaishN=3414
072,ejIkaishN=3414
073,e{j}IkaishN=3414
074,ejikaishN=2314
075,ejIkaishN=3414
076,ejIkaishN=3414
077,ejAk{ai}shN=3414
077,ijAkaishN=2414
078,e{j}IkaishN=3414
079,ejIkaishN=3414
080,-
081,ejIkaishN=3414
082,ejAkaishN=3414
083,ejAkaishN=3414
084,ejIkaishN=3414
085,ejAkaishN=3414
086,ejyuekaishN=2314
087,ejIkaishN=3414
088,{u}jIkaishN=3414
089,-
090,ejIkaishN=3414
091,{u}jIkaishN=3414
092,-
093,e{j}IkeshN=1434
094,ejyuekaishN=3214
095,edyAk{ai}shN=3414
096,ejIkaishN=3414
097,{u}jIkaishN=3414
098,ejAkaishN=3414
098,ejAk{ai}shN=3414
098,ej(I)k{ai}shN=314
099,ejAkaishN=3414
100,ejIkaishN=3414
101,{u}juekaishN=2314
102,{ai}jAkaishN=3414
103,e{j}uekaishN=2314
104,ejIkaishN=3414
105,ejIkaishN=3414
106,ejAkaishN=3414
107,ejAkaishN=3414
108,ejAkaishN=3414
109,ejIkaishN=3414
110,ejIkaishN=3414
111,ejyuekaishN=2314
111,ejyAkaishN=2414
112,-
113,ejAkaishN=3414
114,-
115,ejIkaishN=3414
116,ed(zh)AkaishN=3414
117,ejIkaishN=3414
118,ejAkaishN=3414
119,ejIkaishN=3414
120,ejAkaishN=3414
121,ejAkaishN=3414
122,ejookaishN=2314
123,ejAkaishN=3414
124,ejAkaishN=3414
125,ejAkaishN=3414
126,ejIkaishN=3414
127,-
128,-
129,-
130,ejIkeshN=3414
131,ejIkaishN=3414
132,-
133,-
134,-
135,ejAkaishN=3414
136,ejIkaishN=3414
137,ejIkaishN=3414
138,ejuekaishN=1324
139,ejuekaishN=1324
140,-
141,ejIkaishN=3414
142,ejyAkaishN=3414
143,ejIkaishN=3414
144,ejAkaishN=3414
144,ejIkaishN=3414
145,ejIkaishN=3414
146,ejAkaishN=3414
147,-
148,ejyIkaishN=3414
149,-
150,ejIkaishN=3414
151,ejIkaishN=3414
152,ejAkaishN=3414
153,-
154,-
155,ejIkaishN=3414
156,-
157,-
158,{u}jIkaishN=3414
159,ejAkaishN=3414
160,ejIkaishN=3414
161,edjIkaishN=3414
162,ejIkaishN=3414
163,{u}jIkaishN=3414
164,{u}jIkaishN=3414
165,ejAkaishN=3414
166,edyIkaishN=3414
167,ejIkaishN=3414
168,ejIkaishN=3414
169,-
170,{u}jIkaishN=3414
171,ejIkaishN=3414
172,ejuekaishN=2314
173,-
174,ejIkaishN=3414
175,ejIkaishN=3414
176,ejIkaishN=3414
177,ejIkaishN=3414
178,ejIkaishN=3414
179,ejIkyaishN=3414
180,ejIkaishN=3414
181,ejIkaishN=3414
182,ejIkaishN=3414
183,{u}jIkaishN=3414
184,{u}jIkaishN=3414
185,ejIkaishN=3414
186,ejIkaishN=3414
187,{u}jIkaishN=3414
188,ed(zh)IkaishN=3414
189,{u}jIk{ai}shN=3414
190,ejIkaishN=3414
191,ejuek{ai}shN=2314
192,ejAkaishN=3414
193,-
194,ejAkaishN=3414
195,-
196,-
197,ejIkaishN=3414
198,-
199,e(d)zhAkaishN=2414
200,ejIkaishN=3414
201,ejIkaishN=3414
202,-
203,ejIkaishN=3414
204,-
205,-
206,ejIkaishN=3414
207,-
208,ejAkaishN=3414
209,ejIkaishN=3414
210,ajIkaishN=3414
211,{u}jIkaishN=3414
212,-
213,ejIkaishN=3414
214,ejIkaishN=3414
215,-
216,ejIkaishN=3414
217,ejIkaishN=3414
218,ejIkaishN=3414
219,ejyAkaishN=3414
220,ejAkaishN=1434
221,ejAkaishN=3414
222,ejAkaishN=3414
223,ejIkaishN=3414
224,-
225,ejIkaishN=3414
226,ejIkaishN=3414
227,ejIkaishN=3414
228,ejAkaishN=3414
229,echyIkyaishN=3414
230,-
231,ejAkaishN=3414
232,e{j}IkaishN=3414
233,ejAkaishN=3414
234,-
235,ejIkaishN=3414
236,-
237,ejIkaishN=3414
238,ejIkaishN=3414
239,ejIkaishN=3414
240,ejAkaishN=3414
241,-
242,ejIkaishN=3414
243,ejAkaishN=3414
244,ejIkaishN=3414
245,ejIkaishN=3414
246,-
247,ejIkaishN=3414
248,ejAkaishN=1434
249,ai{j}Ak{ai}shN=3414
250,ejIkaishN=3414
251,-
252,ejIkaishN=3414
253,ejAkaishN=3414
253,ejIkaishN=3414
254,ejuekaishN=1324
255,ejAkaishN=3414
256,ejIkaishN=3414
257,ed(zh)IkaishN=3414
258,ejAkaishN=3414
259,ejyIkaishN=3414
260,ejAkaishN=3414
261,ejIkaishN=3414
262,ejIkaishN=3414
263,-
264,ejIkaishN=3414
265,-
266,{u}jIkeshN=3414
267,-
268,-
269,ejAk{ai}shN=3414
270,e(d)zhAkaishN=1424
271,ejIkaishN=3414
272,-
273,{u}jIkaishN=3414
274,ejAkaishN=3414
275,-
276,ejIkaishN=3414
277,ejAkaishN=3414
278,ejIkaishN=3414
279,ejIkaishN=3414
280,ejIkaishN=3414
281,ejIkaishN=3414
282,ejAkaishN=3414
283,e(d)zhuekaishN=2314
284,ejuekaishN=2314
285,ejIkaishN=3414
286,{u}jIkaishN=3414
287,ejuekaishN=2314
288,ejuekaishN=2314
289,ejAkaizhN=3414
290,ejIkaishN=3414
291,ejIkaishN=3414
292,ejIkaishN=3414
293,ejIkaishN=3414
294,e{j}uekaishN=2314
295,ejIkaishN=3414
296,ejIkaishN=3414
297,ejIkaishN=3414
298,-
299,edyIkaishN=2414
299,ejIkaishN=3414
300,ejIkaishN=3414
301,ejIkaishN=3414
302,edyIkaishN=3414
303,ed(zh)AkaishN=3414
304,ejIkaishN=3414
305,ejIkaishN=3414
306,-
307,ejAkaishN=3414
308,ejIkaishN=3414
309,ejAk{ai}shN=3414
309,ijAk{ai}shN=1434
310,ejIkaishN=3414
311,ejAkaishN=3414
312,ejIkaishN=3414
313,ejAkaishN=3414
314,ejIkaishN=3414
315,ejIkaishN=3414
316,ejAkaishN=3414
317,edyIkaishN=3414
318,ejIkaishN=3414
319,-
320,ejIkaishN=3414
321,ejIkaishN=3414
322,-
323,ejIkaishN=3414
324,ejIkaishN=3414
325,ejIkaishN=3414
326,ejIkaishN=3414
327,edyIkaishN=3414
328,ejIkeshN=3414
328,{u}jIkeshN=3414
329,{u}jAkaishN=3414
330,ejIkaishN=3414
331,ejAkaishN=3414
332,ejAkeeshN=3414
332,ijAk{ai}shN=3414
333,ejIkaishN=3414
334,ejIkaishN=3414
335,ejAkaishN=3414
336,ejAkaishN=3414
337,ejIkaishN=3414
338,ejIkaishN=3414
339,ejIkaishN=3414
340,ejIkaishN=3414
341,ejIkaishN=3414
342,ej(I)k{ai}shN=314
343,ejIkaishN=3414
344,ejAkaishN=3414
345,ejIkaishN=3414
346,ejuekaishN=1324
347,hechuekaishN=1324
348,ejAkaishN=3414
349,edyIkaishN=3414
350,ejIkaishN=3414
351,ejIkaishN=3414
352,e{j}IkaishN=3414
353,{u}jIkaishN=3414
354,ejIkaishN=3414
355,ejIkaishN=3414
356,ejIkaishN=3414
357,ejAkaishN=3414
358,ejIkaishN=3414
358,{u}jIkaishN=3414
359,ejIkaishN=3414
360,ejIkaishN=3414
361,{u}jIkaishN=3414
362,ejAkaishN=3414
363,ejAkaishN=3414
364,ejAkaishN=1424
365,ejIkaishN=3414
366,{u}jIkaishN=3414
367,ejIkaishN=3414
368,{u}{j}IkaishN=3414
369,ejuekaishN=2314
370,ejAkaishN=3414
371,ejIkaishN=3414
372,ejIk{ai}shN=3414
373,ejIk{ai}shN=2414
374,ejIkaishN=3414
375,ejAkaishN=3414
376,-
377,ejAkaichN=3414
378,e{j}AkaishN=3414
379,ejuekaishN=2314
380,{u}jIkaishN=3414
381,ejIkaishN=3414
382,edyIkaishN=3414
383,ejIkaishN=3414
384,e{j}IkaishN=3414
385,ejIkaishN=3414
386,ejIkaishN=3414
387,ejIkaishN=3414
388,{u}jIkaishN{z}=3414
389,ejIkaishN=3414
390,ejuekaishN=2314
391,ejIkaishN=3414
392,ejIkaishN=3414
393,e{j}Ak{ai}shN=3414
394,edyIkaishN=3414
395,ejIkaishN=3414
396,-
397,ejIkaishN=3414
398,ejIkaishN=3414
399,ejIkaishN=3414
400,ejAkyaishN=3414
401,-
402,ejIkaishN=3414
403,ejIkaishN=3414
404,ejIkaishN=3414
405,ejIkaishN=3414
406,-
407,ejIkaishN=3414
408,ejIkaishN=3414
409,ejuekaishN=2314
410,-
411,ejuekyaishN=2314
412,ejIkaishN=3414
413,ejIkaishN=3414
414,i(d)zhuekaishN=2314
414,IjAgaishN=4414
415,ejAkaishN=3414
415,ejIkaishN=3414
416,ejIkaishN=3414
417,ejIkaishN=3414
418,ejAkaishN=3414
419,ejIkaishN=3414
420,ejuekaishN=1324
421,echAkaishN=3414
422,ejAkaishN=3414
423,ejIkaishN=3414
424,ejIkaishN=3414
425,-
426,ejIkaishN=3414
427,ejAkaishN=3414
428,e{j}IkaishN=3414
429,ejIkaishN=3414
430,-
431,ejAkaishN=3414
432,ujIkaishN=3414
433,ejIkaishN=3414
434,ejIkaishN=3414
435,ejAkaishN=3414
436,ejAkaishN=2414
436,ejAkaishN=3414
437,ejIkaishN=3414
438,-
439,e{j}IkaishN=3414
440,ejAkaishN=3414
441,ejAkaishN=3414
442,ejAkaishN=3414
443,ejAkaishN=3414
444,ejikaishN=2314
445,ejIkaishN=3414
446,ejIkaishN=3414
447,ejIkaishN=3414
448,ejAkaishN=3414
449,ejIkaizhN=3414
450,ejuekaishN=1324
451,ejIkaishN=3414
452,e{j}IkaishN=3414
452,{u}{j}IkaishN=3414
453,ejAkaishN=3414
454,ejIkaishN=3414
455,-
456,ed(zh)IkaishN=3414
457,ejAkaishN=3414
458,ejIkaishN=3414
459,-
460,edyIkaishN=3414
461,-
462,ejAkaizhN=1434
462,ejAk{ai}shN=2414
463,ejAkaishN=3414
464,ejIkaishN=3414
465,ejAkaishN=3414
466,ejIkaishN=3414
467,ejIkaishN=3414
468,ejIkaishN=3414
469,ejAkaishN=3414
470,ejAkaishN=3414
471,edyAkaishN=3414
472,ejIkaishN=3414
473,ejAkaishN=3414
474,ejAkaishN=3414
475,ejIkaishN=3414
476,ejIkaishN=3414
477,ejIkaishN=3414
478,ejIkaishN=3414
479,ejIkaishN=3414
480,ejIkaishN=3414
481,ejIkaishN=3414
482,ejIkaishN=3414
483,-
484,e{j}IkaishN=3414
485,ejIkaishN=3414
486,ejIkaishN=3414
487,-
488,ejAk{ai}shN=3414
489,edyIkaishN=3414
490,ejIkaishN=3414
491,-
492,ejAkaishN=3414
493,-
494,ejAkaishN=3414
495,ejIkaishN=3414
496,ed(zh)AkaishN=3414
496,ejAkaishN=3414
497,ejIkaishN=3414
498,ejIkaishN=3414
499,edyIkaishN=3414
500,-
501,ejIkaishN=3414
502,ejAkaishN=3414
503,ejIkaishN=3414
504,ejIkaishN=3414
505,ejIkaishN=3414
506,ejIkaishN=3414
507,-
508,ejAkaishN=3414
509,-
510,-
511,-
512,ejIkaishN=3414
513,ejIkaishN=3414
514,ejAkaishN=3414
515,ejIkaishN=3414
516,ejIkaishN=3414
517,ejookaishN=2314
518,ejAkaishN=3414
519,edyIkaishN=3414
520,-
521,ejIkaishN=3414
522,ejAkaishN=3414
523,-
524,ejIkaishN=3414
525,-
526,-
527,ejIkaishN=3414
528,ejIkaishN=3414
529,-
530,-
531,ejIkaishN=3414
532,{u}jIkaishN=3414
533,ejIkaishN=3414
534,ejuekaishN=1324
534,e{j}uekaishN=1324
535,i{j}uek{ai}shN=2314
536,-
537,edyIkaishN=3414
538,-
539,ejIkaishN=3414
540,ejIkaishN=3414
541,ejIkaishN=3414
542,edyAkaishN=3414
543,ed(zh)IkaishN=1434
543,ejIkaishN=3414
544,ejAkaishN=3414
545,-
546,ejIkaishN=3414
547,ejuekaishN=2314
548,-
549,ejAkaishN=3414
550,-
551,ejAkaishNz=3414
552,-
553,-
554,-
555,-
556,ejAkaishN=3414
557,ejIkaishN=3414
558,ejuekaishN=2314
559,ejIkaishN=3414
560,{u}jIkaishN=3414
561,ejIkaishN=3414
562,ejIkaishN=3414
563,ejIkaishN=3414
564,ejIkaishN=3414
565,-
566,-
567,-
568,-
569,ejIkaishN=3414
570,{u}jIkaishN=3414
571,ejuekaishN=1324
572,ejIkaishN=3414
573,ejIkaishN=3414
574,edyAkaishN=3414
574,edyIkaishN=3414
575,ejIkaishN=3414
576,ejAkaishN=3414
577,edyAkaishN=3414
578,ejIkaishN=3414
579,-
580,-
581,ejuekaishN=1324
582,ejIkaishN=3414
583,edyIkaishN=3414
584,ejAkaishN=3414
585,ejIkaishN=3414
586,{u}jIkeshN=3414
587,ejIkaishN=3414
588,{u}{j}IkaishN=3414
589,ejIkaishN=3414
590,ejIkaishN=3414
591,ejIkaishN=3414
592,ejuekaishN=2314
593,ejIkaishN=3414
594,ejIkaishN=3414
595,ejIkaishN=3414
596,ejAkaishN=3414
597,ejIkaishN=3414
598,ejuekaishN=1324
599,ejAkaishN=3414
600,e(d)zhAk{ai}shN=3414
601,ejAk{ai}shN=3414
602,ejIkaishN=3414
603,ejIkaishN=3414
604,-
605,e{j}IkaishN=3414
606,ejIkaishN=3414
607,ejIkaishN=3414
608,ejAkaishN=3414
609,ejIkaishN=3414
610,{u}jIkaishN=3414
611,ijAk{ai}shN=3414
612,{ai}jAkaizhN=3414
613,ejIkaishN=3414
614,ejIkaishN=3414
615,ejIkaishN=3414
616,ejIkaishN=3414
617,edyIkaishN=3414
617,ejIk{ai}shN=3414
618,echuekaishN=1324
618,ejuekaishN=1324
619,ejIkaishN=3414
620,-
621,ejIkaishN=3414
621,ejIkeshN=3414
622,ejAkaishN=3414
623,ejIkaishN=3414
624,ejuekaishN=2314
624,ejAkaishN=3414
625,ejIkaishN=3414
626,ejIkaishN=3414
627,ejAkaishN=3414
628,ejAkaishN=3414
629,ejIkaishN=3414
630,ejIkaishN=3414
631,ejAkaishN=3414
632,-
633,ejAkaishN=3414
634,ejIkaishN=3414
635,ejAkaishN=3414
636,ejAkaishN=3414
637,ejIkaishN=3414
638,ejIkaishN=3414
639,ejAk{ai}shN=3414
640,ejAkeshN=3414
641,ejAk{ai}shN=3414
641,ijuek{ai}shN=2314
642,-
643,ejIkaishN=3414
644,ejIkaishN=3414
645,ejIkaishN=3414
646,ejAkaishN=3414
647,ejIkaishN=3414
648,ed(zh)IkaishN=3414
648,ejIkaishN=3414
649,-
650,ejAk{ai}shN=3414
651,-
652,ejIkaishN=3414
653,ejAkaishN=3414
654,ejIkaishN=3414
655,ejAkaishN=3414
656,ejIk{ai}shN=3414
657,e{j}IkaishN=3414
657X,{u}juekaishN=2314
657Y,ejIkaishN=3414
657Z,ejIkaishN=3414
658,ejIkaishN=3414
659,ejIkaishN=3414
660,eddIkaishN=3414
661,e{j}Ak{ai}shN=3414
661,ijAk{ai}shN=3414
662,ejAkaishN=3414
663,ejuekaishN=1324
664,-
665,-
666,ejuekaishN=2314
667,ejIkaishN=3414
668,{u}dewkaishN=2314
669,ejAkaishN=3414
670,ejAkaishN=3414
671,ejAkaishN=3414
672,ejuekaishN=1324
673,ejIkaishN=3414
674,ejIkaishN=3414
675,ejIkaishN=2414
676,-
677,{u}jIkaishN=3414
678,ejIkaishN=3414
679,e{j}Ak{ai}shN=1434
680,ejIkaishN=3414
681,ejuekaishN=1324
682,ejIkaishN=3414
683,{u}{j}IkaishN=3414
684,-
685,e{j}uekaishN=1324
686,ejAkaishN=3414
687,ijIkaishNz=3414
688,-
689,{ai}jAkaishN=3414
690,ed(zh)AkaishN=3414
691,-
692,edyIkaishN=2414
692,ed(zh)IkaishN=3414
693,ejAkaishN=3414
694,ejIkaishN=3414
695,ejIkaishN=3414
696,-
697,ejAkaishN=3414
698,-
699,-
700,{u}jIkaishN=3414
701,ejAkaishN=3414
702,-
703,ejIkaishN=3414
704,ejIkaishN=3414
705,ejIkaishN=3414
706,ejIkaishN=3414
707,ejIkaishN=3414
708,ejyAkaishN=1434
709,ejIkaishN=3414
710,-
711,ejAkaishN=3414
712,ejuekaishN=2314
713,ejAk{ai}shN=3414
714,{u}jIkaishN=3414
715,ejIkaishN=3414
716,edyIkaishN=3414
716,ejAkaishN=3414
717,{ai}jIkaishN=3414
718,ed(zh)IkaishN=3414
719,ejIkaishN=3414
720,ejIkaishN=3414
721,{u}jIkaishN=3414
722,ejIkaishN=3414
723,ejIkaishN=3414
724,e{j}IkaishN=3414
725,ejAkaishN=1434
726,ejAkaishN=1434
727,{u}jIkaishN=3414
728,ejIkaishN=3414
729,ejIkaishN=3414
730,ejIkaishN=3414
731,ejIkaishN=3414
732,ejIkaishN=3414
733,ejIkaishN=3414
734,edyIkaishN=3414
735,ejIkaishN=3414
736,-
737,ejAkaishN=3414
738,{u}juekaishN=2314
739,-
740,ejIkaishN=3414
741,ejAkaishN=3414
742,ejAkaishN=3414
743,{u}jIkaishN=3414
744,-
745,ejAkaishN=3414
746,-
747,ejIkaishN=3414
748,ejIkaishN=3414
749,{ai}jAkaishN=3414
750,-
751,ejAkaishN=3414
752,-
753,{u}jIkaishN=2414
754,-
755,-
756,ejIkaishN=3414
757,ejIkaishN=3414
758,{u}jIkaishN=3414
759,-
760,ejuekaishN=1324
761,-
762,ejAkaishN=3414
763,ejIkaishN=3414
764,edyAkaishN=3414
765,ejAkaishN=3414
766,edyIkaishN=3414
767,ejIkaishN=3414
768,ejAkaishN=3414
769,ejAkaishN=1414
770,ejAkaishN=3414
771,{u}jIkaishN=3414
772,ejuekaishN=1324
772,ejAkaishN=1424
773,-
774,ejIkaishN=3414
775,edyAkaishN=3414
775,ejIkaishN=3414
776,ejAkaishN=1434
776,ejAkaishN=3414
777,e{j}IkaishN=3414
778,ejIkaishN=3414
779,e{j}IkaishN=3414
780,ejIkaishN=3414
781,ejIkaishN=3414
782,{u}jIkaishN=3414
783,-
784,-
785,ejAk{ai}shN=1434
785,ej(I)k{ai}shN=314
786,ejIkaishN=3414
787,ejIkaishN=3414
788,{u}juekaishN=2314
789,ejIkaishN=3414
790,ejIkaishN=3414
791,ejIkaishN=3414
792,ejAkaishN=3414
793,-
794,ejIkaishN=3414
795,{u}jIkaishN=3414
796,{ai}jAkaishN=3414
797,ejAk{ai}shN=3414
797,ejook{ai}shN=2314
798,edyIkaishN=3414
799,-
800,ejIkaishN=3414
801,ejIkaishN=3414
802,-
803,-
804,ejIkeshN=3414
805,-
806,ejIkaishN=3414
807,ejAkishN=2414
808,ejIkaishN=3414
809,edyAkaishN=3414
810,edyIkaishN=3414
810,ejIkaishN=3414
811,ejAkaishN=3414
812,-
813,ejIkaishN=3414
814,ejAkaishN=3414
815,echIkaishN=3414
815,ejIkaishN=3414
816,ejIkaishN=3414
817,{u}jIkaishN=3414
818,edyIkaishN=3414
819,ejIkaishN=1434
820,ejAk{ai}shN=1424
821,ejIkaishN=3414
822,ejIkaishN=3414
823,ejAkaishN=3414
824,ej(I)kaishN=314
825,ejAkaishN=3414
825,ejIkaishN=3414
826,{ai}jAkaishN=3414
827,ejIkaishN=3414
828,ejIkaishN=3414
829,ed(zh)AkaishN=3414
829,edyAkaishN=3414
830,ejAk{ai}shN=3414
830,ijAk{ai}shN=3414
831,ejAk{ai}shN=3414
832,ejIkaishN=3414
833,edyIkaishN=3414
834,e{j}IkaishN=3414
835,ejAk{ai}shN=3414
836,ejAkaishN=3414
837,ejAkaishN=3414
838,ejAkaishN=1424
839,ejIkaishN=3414
840,{u}jIkaishN=3414
841,-
842,ejAkaishN=3414
843,ejIkaishN=3414
844,ejook{ai}shN=2314
845,-
846,edyIkaishN=3414
846,ejIkaishN=3414
847,ejIkaishN=3414
848,ejIkaishN=3414
849,{u}jIkaishN=3414
850,ejIkaishN=3414
851,-
852,ejIkaishN=3414
853,ejuekaishN=2314
854,ejIkaishN=3414
855,ejAkaishN=3414
856,e{j}IkaishN=3414
857,edyIkaishN=3414
858,-
859,ejuekaishN=2314
860,-
861,ejIkaishN=3414
862,ejAkaishN=3414
863,{ai}jAkaishN=3414
864,edyAkaishN=3414
864,ed(zh)AkaishN=3414
865,ejIkaishN=3414
866,ejAkaishN=3414
867,edyAkaishN=3414
868,ejIkaishN=3414
869,e{j}IkaishN=3414
870,ejIkaishN=3414
871,ejAkaishN=3414
872,ejIk{ai}shN=3414
873,ejIkaishN=3414
874,ejIkaishN=3414
875,echuekaishN=1324
876,ejIkaishN=3414
877,ejIkaishN=3414
878,-
879,ejuekaishN=1324
880,{u}jAkaishN=3414
881,-
882,{u}jIkaishN=3414
883,ejIkaishN=3414
884,edshuekaishN=2314
885,ejIkaishN=3414
886,-
887,ejIkaishN=3414
888,ejAk{ai}shN=3414
889,ejIkaishN=3414
890,ejookaishN=2314
891,ejIkaishN=3414
892,ejAkaishN=3414
893,ejyuekaishN=2314
894,ejIkaishN=3414
895,{u}{j}IkaishN=3414
896,ej(I)kaishN=314
896,edyuekaishN=2314
896,ejuekaishN=2314
896,e(d)zhuekaishun=2312
897,edyuekaishN=2314
898,ejuekaishN=2314
899,{u}juekaishN=2314
900,edyookaishN=2314
900,ejuekaishN=3214
901,ejAkaishN=3414
902,ejAkaishN=3414
903,ejIkaishN=3414
904,edyAkaishN=3414
904,ed(zh)AkaishN=3414
905,ejAkaishN=3414
906,-
907,-
908,edyAkaishN=3414
908,ed(zh)IkaishN=3414
909,echIkaishN=3414
909,ejIkaishN=3414
910,edyIkaishN=3414
911,ejIkaishN=3414
