Informant,Response
001,-
002,dans
003,dains
004,d{a}ns
005,dans
006,dans
007,d{a}ns
008,d{a}ns
009,dans
010,d{a}ns
011,d{a}ns
012,d{a}nsN=14
013,d{a}ns
014,dansN=14
015,d{a}ns
016,dants
017,dansN=14
018,danst
019,dansIz=14
020,dans
021,dansAs=14
022,dants
023,d{a}ns
024,dans
025,dans
025,d{a}ns
026,d{a}ns
027,dans
028,d{a}ns
029,dains
029,d{a}ns
030,dants
031,-
032,d{a}nsN=14
033,dans
034,dans
035,dants
036,dants
037,dants
038,d{a}nts
039,dants
040,dants
041,-
042,dants
043,-
044,daints
044,d{a}nts
045,dans
046,dants
047,dants
048,d{a}nts
049,dans
050,d{a}ns
051,dants
052,d{a}nts
053,dans
053,d{a}ns
054,dants
055,dants
056,dants
057,dants
058,dants
059,d{a}nts
060,dans
061,dantsN=14
062,dants
063,-
064,dants
065,dantsN=14
066,dants
067,dantsNG=14
068,-
069,dansIz=14
070,dantsN=14
071,dants
072,dants
073,dants
074,dants
075,dants
076,dants
077,dans
078,dants
079,dans
080,-
081,dans
082,-
083,d{a}nts
084,d{a}nsIz=14
085,dants
086,d{a}nts
087,dants
088,dantsIz=14
089,-
090,d{a}nts
091,dants
092,dants
093,daints
094,d{a}nts
095,d{ai}nts
096,dants
097,dants
098,dans
099,dants
100,d{a}nts
101,d{a}nts
102,dants
103,dants
104,dants
105,dants
106,dants
107,d{a}nts
108,dants
109,d{a}nts
110,dants
111,dains
112,-
113,d{a}nts
114,-
115,-
116,dansN=14
117,dans
118,dantsIz=14
119,dants
120,dants
121,dants
122,dants
123,dants
124,dantsIz=14
125,dants
126,dants
127,-
128,-
129,-
130,-
131,dantsAz=14
132,-
133,d{a}nts
134,-
135,d{a}nts
136,dansN=14
137,dants
138,d{a}nts
139,dans
140,dants
141,dants
142,dantsN=14
143,daints
144,dants
145,dants
146,dantsNG=14
147,-
148,dans
148,dants
149,dantsN=14
150,dantsIz=14
151,dants
152,dants
153,-
154,dants
155,dants
156,-
157,-
158,-
159,dants
160,-
161,dans
162,dants
163,dants
164,dants
165,dants
166,dansN=14
167,dants
168,dants
169,-
170,dants
171,dants
172,dants
173,-
174,-
175,-
176,d{a}nts
177,dansNG=14
178,-
179,dans
180,dants
181,-
182,-
183,dants
184,dantsIz=14
185,dants
186,dants
187,-
188,dants
189,dants
190,dants
191,dantsN=14
192,dants
193,dants
194,d{a}nts
195,-
196,-
197,-
198,-
199,dantsI{z}=14
200,dants
201,dants
202,dants
203,dants
204,-
205,dantsI{z}=14
206,dants
207,d{a}ntsN=14
208,dants
209,dants
210,dants
211,dants
212,dansIz=14
213,-
214,dants
215,dansN=14
216,dantsN=14
217,dantsN=14
218,dantsN=14
219,-
220,daints
221,d{a}ns
222,dainsN=14
223,d{a}nts
224,dai[n]sN=14
225,d{a}nsIz=14
226,dants
227,d{ai}nts
228,dants
229,dainsIz=14
230,dants
231,d{a}nts
232,d{ai}ns
233,dants
234,d{a}nt(s)
235,d{a}ns
236,dants
237,d{a}ntsN=14
238,dansN=14
239,dans
240,dans
241,-
242,dansIz=14
243,dants
244,-
245,d{a}nts
246,dans
247,dants
248,dants
249,daintsIz=14
250,d{a}nsIz=14
251,d{a}ntsIz=14
252,-
253,dants
254,dants
255,dants
256,d{a}ns
257,dantsIz=14
258,dans
259,dansIz=14
260,dans
261,dants
262,dans
263,dants
264,dants
265,-
266,dants
267,-
268,-
269,dantsN=14
270,dants
271,dants
272,dans
273,dants
274,-
275,dans
276,dantsIz=14
277,dants
278,dants
279,dants
280,dants
281,dants
282,-
283,dantsI{z}=14
284,dains
285,-
286,dants
287,dants
288,d{a}nts
289,dans
290,dansIz=14
291,dans
292,dants
293,d{a}nts
294,dants
295,dansNG=14
296,dan(s)
297,d{a}nts
298,-
299,d{a}nts
300,dants
301,dantsN=14
302,dants
303,d{a}nch
304,d{a}nts
305,dans
305,d{a}ns
306,dantsN=14
307,dants
308,dantsN=14
309,dans
310,dantsN=14
311,dants
312,dants
313,dans
314,d{a}nts
315,d{a}nts
316,d{ai}ns
317,d{a}nts
318,-
319,-
320,dants
321,dans
322,dants
323,dants
324,dants
325,d{a}ns
326,dants
327,d{a}nts
328,dants
329,dants
330,d{a}nsIz=14
331,dantsNG=14
332,dainth
332,d{a}nth
333,dans
334,dantsNG=14
335,dants
336,d{a}nts
337,d{a}nts
338,dants
339,dants
340,dants
341,dants
342,daints
343,dantsNG=14
344,d{a}ntsN=14
345,dants
346,d{a}ns
347,d{a}nts
348,dants
349,d{a}nts
350,d{a}nts
351,dants
352,dants
353,dantsN=14
354,dants
355,dantsN=14
356,dantsNG=14
357,dants
358,dantsNG=14
359,dantsN=14
360,dants
361,dants
362,-
363,d{a}nts
364,d{a}nts
365,-
366,dants
367,dants
368,dants
369,dants
370,d{ai}ns
371,dants
372,dans
373,dans
374,dans
375,dants
376,-
377,d{a}nsN=14
378,dants
379,dants
380,dants
381,dantsN=14
382,d{a}nts
383,dants
384,dants
385,dants
386,dants
387,dants
388,d{a}nts
389,d{a}nts
390,dants
391,dants
392,d{a}nts
393,dans
394,d{a}nts
395,dans
396,-
397,d{a}nts
398,dants
398,d{a}nts
399,dants
400,dants
401,d{a}nsIz=14
402,dans
403,dants
403,d{a}nts
404,dantsIz=14
405,dants
406,dans
407,dans
408,dants
409,dants
410,dantsIz=14
411,dans
412,-
413,dants
414,dants
415,d{a}nts
416,dants
417,dants
418,dantsIz=14
419,dants
420,dains
421,dantsN=14
422,d{a}nts
423,dants
424,dants
425,dans
426,dans
427,dants
428,dants
429,-
430,-
431,dantsN=14
432,densN=14
433,dents
434,d{a}nts
435,dants
436,dants
437,dants
438,dantsN=14
439,dants
440,dants
441,dants
442,d{ai}nts
443,dants
444,dants
445,dants
446,dants
447,dantsIz=14
448,dantsN=14
449,d{a}nts
450,dens
451,dants
452,dants
453,-
454,dans
455,dants
456,d{a}nts
457,dants
458,dantsNG=14
459,-
460,d{a}nts
461,dants
462,dainsN=14
463,dants
464,d{a}ntsN=14
465,d{a}ns
466,dants
467,dantsIz=14
468,dainsN=14
469,dants
470,d{a}ntsN=14
471,dantsN=14
472,dants
473,dantsN=14
474,dants
475,-
476,dants
477,dants
478,dants
479,dants
480,dants
481,-
482,d{a}nts
483,-
484,dants
485,-
486,-
487,d{a}ntsN=14
488,dansN=14
489,d{a}nts
489,d{a}[n]ts
490,dansN=14
491,-
492,dans
493,-
494,dantsIz=14
495,dainsN=14
496,da[n]s
497,d{a}ntsIz=14
498,dants
499,d{a}nts
500,-
501,dansN=14
502,d{a}nts
503,dantsIz=14
504,dants
505,d{a}nts
506,d{a}ntsN=14
507,d{a}ntsIz=14
508,dains
509,-
510,-
511,dantsNG=14
512,dants
513,dantsN=14
514,dains
515,-
516,dants
517,dants
518,dans
519,d{a}nts
520,-
521,d{a}ns
522,dants
523,-
524,dants
525,dansIz=14
526,-
527,dants
528,dantsIz=14
529,-
530,dansIz=14
531,dansIz=14
532,dants
533,dants
534,d{a}ns
535,d{ai}ntsN=14
535,dients
536,-
537,-
538,d{a}nts
539,d{a}ntsIz=14
540,d{a}nts
541,dantsIz=14
542,d{a}nts
543,d{a}nsN=14
544,dantsIz=14
545,dansIz=14
546,d{a}nts
547,dants
548,d{a}nts
549,dantsIz=14
550,-
551,dants
551,d{a}nts
552,dantsIz=14
553,dants
554,dants
555,-
556,d{a}nts
557,dants
558,dants
559,-
560,dantsIz=14
561,-
562,d{a}nts
563,dants
564,dants
565,daintsN=14
565,d{a}nts
566,-
567,-
568,-
569,dants
570,d{a}ntsIz=14
571,dans
572,d{a}nts
573,dansN=14
573,da[n]sN=14
574,d{a}nts
575,dantsN=14
576,dantsN=14
577,d{a}nts
578,d{a}nts
579,dants
580,dantsIz=14
581,dans
582,dants
583,d{a}nts
584,dants
585,d{a}nts
586,-
587,d{a}nts
588,dants
589,dants
590,dants
591,dants
592,dants
593,d{a}ns
594,d{a}ns
595,d{a}nts
596,d{a}nts
597,dants
598,d{a}nts
599,dants
600,dans
601,dants
602,dents
603,-
604,-
605,dans
606,-
607,d{a}ns
608,d{a}nts
609,dants
610,daints
611,dants
612,d{a}nts
613,dants
614,-
615,dans
616,d{a}nts
617,daints
618,d{a}nsAz=14
619,-
620,dens
621,dants
622,dants
623,d{a}ns
624,dants
625,dantsIz=14
626,dantsIz=14
627,d{a}nsN=14
628,dants
629,dants
630,dants
631,-
632,dants
633,dantsIz=14
634,dantsN=14
635,dansN=14
636,dants
637,dantsIz=14
638,dants
639,dansIz=14
640,d{a}nts
641,dansNG=14
642,dantsIz=14
643,dants
644,dantsIz=14
645,d{a}ntsIz=14
646,dantsIz=14
647,d{a}ns
648,dantsN=14
649,dentsN=14
650,dans
651,dantsIz=14
652,dants
653,dants
654,dants
655,dansIz=14
656,danst
657,dants
657X,dants
657Y,dants
657Z,dants
658,dents
659,dants
660,dansN=14
661,dansNG=14
662,dants
663,d{a}nts
664,dants
665,dants
666,dantsIz=14
667,dants
668,dantsIz=14
669,dants
670,d{a}nts
671,d{ai}nts
672,dants
673,dantsIz=14
674,d{a}ns
675,dans
676,-
677,dantsIz=14
678,dantsIz=14
679,dans
680,dants
681,d{a}nsIz=14
682,-
683,dantsIz=14
684,-
685,dansI{z}=14
686,d{a}nts
687,dants
688,d{a}nts
689,dants
690,daints
691,dans
692,d{a}ns
693,dants
694,dants
695,dantsN=14
696,dantsIz=14
697,dansNG=14
698,-
699,-
700,dantsIz=14
701,daints
702,d{a}nsIz=14
703,d{a}nsIz=14
704,dants
704,d{a}nts
705,dants
706,-
707,dants
708,dans
709,dentsN=14
710,-
711,dants
712,dants
713,-
714,dantsN=14
715,daintsAz=14
716,d{a}nts
717,dantsN=14
718,d{a}nts
719,dantsNG=14
720,-
721,dants
722,dants
723,dents
724,dantsNG=14
725,dans
726,dains
727,dans
728,dants
729,dans
730,dantsN=14
731,dants
732,dants
733,d{a}ntsIz=14
734,d{a}ntsIz=14
735,dants
736,dantst
737,dants
738,dants
739,-
740,dants
741,dants
742,dants
743,dants
744,dants
745,-
746,dantsIz=14
747,d{a}nts
748,dantsI{z}=14
749,dansN=14
750,-
751,dansN=14
752,dants
753,dants
754,dants
755,dantsN=14
756,d{ai}nts
757,dants
758,dants
759,dants
760,-
761,d{a}ntsIz=14
762,dantsIz=14
763,-
764,d{a}nts
765,dents
766,d{a}ntsN=14
767,d{a}nts
768,-
769,dans
770,dants
771,daints
772,-
773,dants
774,-
775,d{a}ns
776,dans
777,dantsN=14
778,d{a}nts
779,dans
780,dants
781,dantsIz=14
782,dantsIz=14
783,d{a}nts
784,d{a}ntsN=14
785,d{a}ns
786,daintsN=14
787,dantsNG=14
788,d{a}nsIz=14
789,-
790,d{a}nts
791,d{a}ntsIz=14
792,dantsN=14
793,-
794,d{a}nsN=14
795,da[n]ts
796,dants
797,dains
798,dientsN=14
799,d{a}nts
800,daints
801,dants
802,dansN=14
803,-
804,dants
805,danz
806,dantsN=14
807,dansN=14
808,dantsin=13
809,dants
810,dants
811,dantsIz=14
812,dants
813,dans
814,d{ai}nts
815,dants
816,dants
817,daintsIz=14
817,dants
818,-
819,d{a}nts
820,dants
821,dans
822,dantsN=14
823,d{a}nts
824,dants
825,d{a}nts
826,dants
827,d{a}nts
828,dans
829,dants
830,dai[n]s
830,dans
831,dantsNG=14
832,dants
833,d{a}nts
834,dants
835,d{a}nsN=14
836,d{a}nsN=14
837,-
838,-
839,-
840,danst
841,-
842,dants
843,dants
844,d{ai}nts
845,-
846,d{a}nts
847,-
848,dants
849,dants
850,dantsIz=14
851,dantsN=14
852,dants
853,dants
854,dants
855,dants
856,dants
857,d{a}ntsIz=14
858,dants
859,dantsIz=14
860,dansNG=14
861,dants
862,-
863,dansNG=14
864,d{a}nts
865,d{a}nts
866,dansN=14
867,d{a}nts
868,dantsIz=14
869,dants
870,dants
871,dants
872,-
873,dants
874,dants
875,dansNG=14
876,dants
877,dants
878,dants
879,-
880,dants
881,-
882,dants
883,dants
884,-
885,dants
886,dants
886,d{a}nts
887,d{a}nts
888,dans
889,d{a}nts
890,dants
891,dants
892,dantsIz=14
893,dantsNG=14
894,dans
895,dents
896,dansIz=14
897,-
898,dants
899,dents
900,d{a}nts
901,dans
902,dants
903,-
904,d{a}nts
905,dants
906,dants
907,dants
908,d{a}nts
909,dants
910,d{a}nts
911,dants
