Informant,Response
001,desk(s)
002,desk
002,desk(s)
003,desk
003,desk(s)
004,desk
004,desk(s)
005,desk
005,des(ks)
006,desk
006,desks
007,des(k)
007,deskIz=14
007,dest(s)
008,desk
008,desk(s)
009,des(k)
009,des(ks)
010,desk
010,dest(s)
011,d{ai}sk
011,d{ai}sk(s)
012,desk
012,desk(s)
013,desk
013,desk(s)
014,desk
014,desk(s)
015,desk
015,desk(s)
016,desk
016,desk(s)
017,desk
017,desk(s)
018,desk
018,deskIz=14
019,desk
019,desk(s)
020,desk
020,desks
021,desk
021,desk(s)
022,desk
022,desk(s)
023,dest
023,dest(s)
024,desk
024,desks
025,-
026,desk
026,desk(s)
027,desk
027,desks
028,desk
028,desks
029,dest
029,dest(s)
030,desk
030,desk(s)
031,desk
031,desks
032,desk
032,des(ks)
033,desk
033,desks
034,desk
034,desk(s)
035,desk
035,des(ks)
036,des(k)
036,dest
036,deskIz=14
037,desk
037,desks
038,dest(s)
039,desk
039,desk(s)
040,d{ai}sk
040,d{ai}sks
041,desk
041,dest
041,desk(s)
042,desk
042,desk(s)
043,-
044,desk
044,deskIz=14
045,desk
045,des(ks)
046,desk
046,desks
047,d{ai}st
047,d{ai}st(s)
048,desk
048,desk(s)
049,desk
049,desks
050,dest
050,dest(s)
051,desk
051,desk(s)
052,des(k)
052,dests
053,desk
053,desk(s)
054,d{ai}st
055,d{ai}sk
055,d{ai}sk(s)
056,desk
056,desk(s)
057,desk
057,desks
058,desk
058,desk(s)
059,desk
059,deskIz=14
060,desk
060,des(ks)
061,-
062,d{ai}sk(s)
063,des(k)
063,desk(s)
064,desk
064,desk(s)
065,desk
065,des(ks)
066,desk
066,destIz=14
067,desks
068,des(ks)
069,-
070,desk
071,des(k)
072,desk
072,desk(s)
073,desk
073,desk(s)
074,d{ai}s(k)
075,desk
075,desk(s)
076,desk
076,des(ks)
077,des(ks)
078,d{ai}sk
078,d{ai}sks
079,desk
079,desks
080,dest(s)
081,desk
081,desk(s)
082,-
083,desk
083,desk(s)
084,des(k)
084,dest
084,destI(s)=14
085,d{ai}s(ks)
086,desk
086,desk(s)
087,d{ai}sk(s)
088,d{ai}sk
088,d{ai}s(ks)
089,-
090,desk
090,desk(s)
091,des(k)
091,desk(s)
092,desk
092,desk(s)
093,desk(s)
094,-
095,desk
095,daisks
096,d{ai}s(k)
096,d{ai}s(ks)
097,d{ai}sk
097,desk(s)
097,deskIz=14
098,des(k)
098,deth(ks)
099,desk
099,des(ks)
100,d{ai}sk
100,des(k)I{z}=14
101,desk
101,desks
102,d{ai}sk
102,des(ks)
103,d{ai}sk
103,d{ai}sk(s)
104,desk
104,desks
105,desk
105,des(ks)
106,desk
106,desk(s)
107,desk
107,desk(s)
108,desk
108,desk(s)
109,d{ai}sk
109,desk(s)
110,d{ai}sk
110,destIz=14
111,des(k)
111,deskI{z}=14
112,d{ai}sk
112,d{ai}s(ks)
113,desk
114,d{ai}sk(s)
115,dest(s)
116,desk
116,dest(s)
117,desk
117,desks
118,d{ai}sk
119,des(k)
119,destI{z}=14
120,desk
121,desk
121,desk(s)
122,d{ai}sk
123,-
124,d{ai}sk
124,d{ai}sks
125,-
126,dest
126,des(k)Iz=14
127,desk(s)
128,dest(s)
129,d{ai}sk(s)
130,d{ai}sk(s)
131,desk
131,des(ks)
132,desk(s)
133,desk
133,desks
134,dest
135,desk
135,desk(s)
136,desk
136,deskIz=14
137,d{ai}sk
137,d{ai}sks
138,desk
138,des(k)
138,des(ks)
139,desk
139,desk(s)
140,-
141,desk
141,des(ks)
142,desk
143,desk
143,desk(s)
144,desk
144,desks
145,des(k)
146,d{ai}sk
146,des(k)
147,des(ks)
148,dest
149,des(k)
150,desk
150,desk(s)
151,d{ai}sk
151,d{ai}sk(s)
152,d{ai}sk
152,d{ai}sk(s)
153,desk
153,deskIz=14
154,-
155,-
156,desks
157,d{ai}sk
157,d{ai}sk(s)
158,desk(s)
159,d{ai}sk
160,desk(s)
161,desk
161,d{ai}sk(s)
162,d{ai}sk
162,d{ai}sk(s)
163,desk
163,desk(s)
164,desk
164,desks
165,d{ai}sk
165,d{ai}skA(s)=14
166,desk
166,desk(s)
167,desk
167,desk(s)
168,d{ai}sk(s)
169,-
170,d{ai}sk
170,d{ai}s(ks)
171,desk
172,desk
172,desk(s)
173,d{ai}sk(s)
174,desk(s)
175,-
176,-
177,desk
177,desk(s)
178,desks
179,desk
179,des(ks)
180,desk
180,desk(s)
181,-
182,deskIz=14
183,desk
183,desks
184,desk
184,desk(s)
185,desk
185,desks
186,desk
186,desks
187,d{ai}sk(s)
188,dest
189,d{ai}sk
190,desk(s)
191,desk
191,desks
192,des(k)
192,des(ks)
193,desk
194,des(k)
195,-
196,desk(s)
197,desk(s)
198,dest
199,desk(s)
200,des(ks)
201,dest
201,dests
202,desks
203,desk
203,desk(s)
204,d{ai}sk(s)
205,-
206,desk
206,desks
207,des(k)
208,d{ai}sk
208,d{ai}sks
209,d{ai}sk
209,d{ai}s(ks)
210,destIz=14
211,d{ai}sk(s)
212,desk
212,des(ks)
213,desk
213,desk(s)
214,desk
214,desks
215,des(k)
216,desk
216,des(ks)
217,desk
217,desks
218,desk
218,d{ai}sk(s)
219,des(k)
219,dest(s)
220,daisk
220,daisk(s)
221,desk
221,deskIz=14
222,desk
223,desk
223,desk(s)
224,dis(k)
224,dith(ks)
225,desk
226,-
227,d{ai}s(k)
227,d{ai}s(ks)
228,desk
229,des(k)
230,des(k)
230,des(ks)
231,d{ai}sk
231,d{ai}s(ks)
232,desk
232,desks
233,des(k)
233,desk(s)
234,des(k)
234,des(ks)
235,desk
235,desk(s)
236,d{ai}st(s)
237,dest
237,des(ks)
238,desk
238,desk(s)
239,desk
239,desks
240,desk
240,desks
241,-
242,desk
242,desk(s)
243,desk
243,desk(s)
244,-
245,desk(s)
246,desk
246,desk(s)
247,desk
247,desks
248,desk
248,desk(s)
249,desk
250,desk
251,-
252,-
253,d{ai}sk
253,d{ai}sks
254,desk
254,des(ks)
255,desk
255,desks
256,dast
256,das(ks)
257,desk
257,desk(s)
258,dest
258,dest(s)
259,desk
259,desk(s)
260,d{ai}sk
261,desk
261,desk(s)
262,desk(s)
263,desk(s)
264,desk
264,desks
265,dask
265,desk
266,desk
266,desks
267,-
268,-
269,desk
270,desk
270,desk(s)
271,desk
271,desk(s)
272,desk
272,desk(s)
273,desk
273,desks
274,desk
274,desk(s)
275,desk
275,desk(s)
276,desk(s)
277,daisk
277,desks
278,desk
278,desks
279,desk
279,desks
280,des(k)
280,dests
281,desk
281,des(ks)
282,desk
283,des(k)
283,des(k)I{z}=14
284,desk
284,desks
285,desk
286,desk
286,desks
287,-
288,desk
289,des(k)
289,dest
289,des(ks)
290,desk
290,deskIz=14
291,desk
291,desks
292,des(k)
292,dest
292,dest(s)
293,desk
293,desk(s)
294,desk
294,desk(s)
295,dest
295,deskIz=14
295,desk(s)
296,desk
296,desks
297,d{ai}sk
297,d{ai}sk(s)
298,-
299,d{ai}sk
299,d{ai}sk(s)
300,desk
300,desk(s)
301,desk
301,deskIz=14
302,desk
302,desk(s)
303,dest
303,des(ks)
304,desk
304,deskIz=14
305,desk
305,desk(s)
306,dest
307,d{ai}sk
307,d{ai}sk(s)
308,d{ai}sk(s)
309,desk
309,desk(s)
310,desk
310,desk(s)
311,d{ai}sk
311,d{ai}s(ks)
312,desk
312,dests
313,d{ai}sk
313,desks
314,desk
314,desk(s)
315,desk
315,desks
316,d{ai}s(k)
316,d{ai}stIz=14
317,desk
317,des(k)
317,desk(s)
318,-
319,-
320,desk
320,desk(s)
321,desk
321,desk(s)
322,desk
322,desk(s)
323,desk
323,des(ks)
324,desk
324,des(ks)
325,desk
325,desk(s)
326,desk
326,desk(s)
327,desk
327,daisk(s)
328,desk
328,d{ai}sk(s)
329,desk
329,desk(s)
330,desk
330,desk(s)
331,des(k)
331,desks
332,des(k)
332,desk(s)
333,desk
333,des(ks)
334,d{ai}sk
334,d{ai}sk(s)
335,d{ai}sk
336,desk
336,desk(s)
337,daisk
337,desk(s)
338,desk
338,desk(s)
339,desk
339,desk(s)
340,d{ai}s(k)
340,d{ai}s(ks)
341,desk(s)
342,disk
342,disk(s)
343,d{ai}sk
343,d{ai}sk(s)
344,des(k)
344,dest
345,d{ai}sk
345,d{ai}sk(s)
346,des(ks)
347,desk
347,deskIz=14
348,desk
349,desk
349,dest(s)
350,disk
350,disk(s)
351,desk
351,desk(s)
352,d{ai}sk
352,d{ai}s(ks)
353,desk
353,desk(s)
354,desk
354,desk(s)
355,desk
355,dest(s)
356,desk
356,desk(s)
357,desk
357,desks
358,desk
358,desks
359,desk
360,desk
360,desks
361,desk(s)
362,desk
362,desk(s)
363,dest
363,destIz=14
364,desk(s)
365,-
366,-
367,desk
367,des(ks)
368,des(k)
368,desk(s)
369,desk
369,desk(s)
370,d{ai}sk
370,d{ai}sk(s)
371,desk
371,desk(s)
372,d{ai}sk
372,desks
373,des(k)
373,desk(s)
374,d{ai}sk
374,desk(s)
375,d{ai}sk
375,d{ai}sks
376,-
377,des(k)
377,des(k)Iz=14
378,desk
378,desk(s)
379,d{ai}sks
380,desk
380,d{ai}s(ks)
381,desk(s)
382,des(k)
382,desk(s)
383,desk
383,desks
384,desk
384,desk(s)
385,desk
385,desk(s)
386,desk
386,des(ks)
387,desk
387,des(ks)
388,d{ai}sk
388,desk(s)
389,desk
389,desk(s)
390,desk
390,desk(s)
391,desk
391,desk(s)
392,desk
392,desk(s)
393,desk
393,desk(s)
394,desk
394,desks
395,desk
395,dest(s)
396,-
397,desk
397,d{ai}s(ks)
398,des(k)
398,desk(s)
399,d{ai}s(k)
399,destIz=14
400,desk
400,desk(s)
401,-
402,dest
402,dest(s)
403,des(k)
403,desk(s)
404,d{ai}sk
404,desks
405,desk
405,des(ks)
406,d{ai}s(k)
406,d{ai}s(ks)
407,desk
407,desk(s)
408,d{ai}sk
408,d{ai}st(s)
409,desk
409,desks
410,d{ai}s(k)
410,d{ai}s(ks)
411,desk
411,desk(s)
412,-
413,d{ai}s(k)
413,d{ai}sk(s)
414,desk
414,des(ks)
415,desk
415,des(k)
415,deskIz=14
416,desk
416,desk(s)
417,d{ai}sk
417,d{ai}sks
418,desk
418,desks
419,desk
419,desks
420,dest(s)
421,des(k)
421,des(ks)
422,d{ai}sk
423,desk
423,desk(s)
424,des(ks)
425,-
426,desk
426,deskI{z}=14
427,d{ai}sk
427,d{ai}s(ks)
428,d{ai}sk
428,d{ai}sk(s)
429,-
430,-
431,desk
431,des(ks)
432,dest
432,destIz=14
433,des(k)
433,des(ks)
434,dest
434,destIz=14
435,desk
435,dest(s)
436,dest
436,dest(s)
437,desk
437,desks
438,-
439,disk
439,disks
440,desk
440,desk(s)
441,des(k)
441,des(ks)
442,dais(k)
442,des(ks)
443,des(k)
443,desk(s)
444,desk
444,des(k)
444,dest
445,d{ai}sk
445,d{ai}sk(s)
446,des(k)
446,des(ks)
447,desk
448,d{ai}sk
448,d{ai}sk(s)
449,-
450,desk
450,dest(s)
451,desk
451,desk(s)
452,desk
453,-
454,desk
455,d{ai}sk
455,d{ai}sk(s)
456,desk
456,desk(s)
457,desk
457,desk(s)
458,d{ai}sk
458,d{ai}sk(s)
459,-
460,desk
460,deskIz=14
461,d{ai}sk
461,d{ai}sk(s)
462,daisk
462,daisk(s)
463,desk
463,deskIz=14
464,des(k)
464,destIz=14
465,d{ai}sk
465,d{ai}skIz=14
466,desk
466,desks
467,dest(s)
468,d{ai}sk
468,d{ai}sk(s)
469,d{ai}st
469,destIz=14
470,d{ai}sk
470,d{ai}sk(s)
471,desk
471,desk(s)
472,d{ai}sk
472,d{ai}s(ks)
473,-
474,desk
474,dest
475,desk
475,des(ks)
476,desk
476,desks
477,d{ai}st
477,d{ai}sk(s)
478,-
479,d{ai}sk
480,desk
480,desk(s)
481,d{ai}s(k)
481,d{ai}s(ks)
482,desks
483,-
484,d{ai}s(k)
484,d{ai}sk(s)
485,d{ai}sk
486,-
487,desk
487,desk(s)
488,d{ai}sks
489,desk
489,desk(s)
490,d{ai}sk
490,d{ai}sk(s)
491,-
492,dest
492,des(ks)
493,desk
493,des(ks)
494,d{ai}sk
494,d{ai}sk(s)
495,des(k)
495,deskI{z}=14
496,desk
496,desk(s)
497,desk
497,desk(s)
498,d{ai}sk
498,d{ai}sk(s)
499,desk
499,daisk(s)
500,-
501,desk
501,desks
502,d{ai}st(s)
503,-
504,d{ai}sk
504,d{ai}sk(s)
505,-
506,desk
507,-
508,des(k)
508,des(ks)
509,-
510,-
511,d{ai}sk
511,d{ai}sk(s)
512,-
513,desk
513,desk(s)
514,desk
514,desk(s)
515,-
516,desk
516,dests
517,desk
517,des(ks)
518,d{ai}s(k)
518,d{ai}s(ks)
519,desk
519,desks
520,-
521,desk
521,desks
522,desk
522,desk(s)
523,-
524,desk
524,desk(s)
525,deskIz=14
526,desk
527,-
528,desk
529,-
530,des(k)
530,deskIz=14
531,-
532,d{ai}sk
532,d{ai}s(ks)
533,desk(s)
534,des(k)
535,desk
535,desk(s)
536,d{ai}sk(s)
537,desk(s)
538,desk
538,des(ks)
539,desk
539,desk(s)
540,-
541,desk
541,desk(s)
542,dest
543,dest
543,destIz=14
544,d{ai}sk
545,d{ai}sk
545,d{ai}s(ks)
546,des(k)
547,desk
547,des(ks)
548,desk
548,deskIz=14
549,-
550,-
551,-
552,dest(s)
553,desk
554,-
555,des(k)
556,d{ai}sk
556,d{ai}s(ks)
557,-
558,desk
558,desk(s)
559,desk
559,des(k)
559,des(ks)
560,des(k)
560,desk(s)
561,-
562,desk
562,desk(s)
563,desk
563,desks
564,desk
564,desks
565,desk
565,des(k)
565,daisk(s)
566,dist
567,disk(s)
568,-
569,deskIz=14
570,d{ai}sk
570,d{ai}skIz=14
571,des(k)
571,deskIz=14
572,d{ai}s(k)
572,d{ai}s(ks)
573,des(k)
573,des(ks)
574,desk
575,desk
575,desk(s)
576,d{ai}sk
576,d{ai}sk(s)
577,des(k)
577,des(k)Iz=14
578,d{ai}sk
578,destIz=14
578,d{ai}st(s)
579,desk
579,desks
580,-
581,desk
581,desk(s)
582,desk
582,desk(s)
583,desk
583,des(k)Iz=14
584,d{ai}s(k)
584,d{ai}s(ks)
585,dest
585,deskIz=14
586,-
587,desk
587,deskIz=14
588,d{ai}sk
588,desk(s)
589,desk
589,des(ks)
590,dest
590,dest(s)
591,desk
591,desk(s)
592,desk
592,desks
593,desk
593,deskIz=14
594,dest
594,dest(s)
595,desk
595,desks
596,desk
596,deskI{z}=14
597,d{ai}sk
597,d{ai}sk(s)
598,des(k)
598,desk(s)
599,desk
599,desk(s)
600,dis(k)
600,dissI(s)=14
601,d{ai}sk
602,d{ai}st
602,destIs=14
603,-
604,-
605,-
606,-
607,desk
607,desk(s)
608,desk
608,desk(s)
609,des(k)
609,des(ks)
610,des(k)
611,desks
612,d{ai}s(k)
612,des(k)I{z}=14
613,desk
613,desk(s)
614,-
615,desk
615,desks
616,desk
616,des(ks)
617,desh(ks)
618,-
619,-
620,des(k)I{z}=14
621,desk
621,desk(s)
622,desk
622,desk(s)
623,d{ai}sk
623,d{ai}sk(s)
624,desk
624,desk(s)
625,desk
625,desk(s)
626,-
627,d{ai}sk
627,d{ai}stIz=14
628,desk
628,desk(s)
629,desk
629,desk(s)
630,desk
630,des(ks)
631,desk
631,desk(s)
631,des(ks)
632,desk(s)
633,desk
633,des(ks)
634,dest
634,des(ks)
635,d{ai}sk
635,d{ai}sk(s)
636,dest
637,des(k)
637,des(k)Iz=14
638,des(k)
638,des(ks)
639,d{ai}st
639,d{ai}st(s)
640,des(k)
640,deskIz=14
641,des(k)
641,desk(s)
642,-
643,desk
643,dests
644,-
645,desk
645,desk(s)
646,desk
646,desk(s)
647,-
648,des(k)
648,des(k)Iz=14
649,d{ai}sk
649,d{ai}sk(s)
650,desk
650,deskIz=14
651,-
652,desk
652,desks
653,desk
653,desk(s)
654,desk
654,des(k)
654,destI{z}=14
655,desk
655,desks
656,desk
656,desk(s)
657,desk
657,d{ai}sk(s)
657X,desk
657X,desks
657Y,desk
657Y,desk(s)
657Z,desk
657Z,desks
658,dask
658,dask(s)
658,das(ks)
659,desk
659,desk(s)
660,d{ai}sk
660,d{ai}skIz=14
661,desk
662,desk
662,desk(s)
663,-
664,-
665,des(k)
665,des(k)Iz=14
666,des(k)
666,des(ks)
667,des(k)
667,des(ks)
668,desk(s)
669,desk
669,desk(s)
670,desk
671,d{ai}sk
671,d{ai}sks
672,des(k)
673,desk
673,des(ks)
674,desk
674,deskIz=14
675,desk
675,desks
676,-
677,desk
677,desk(s)
678,desk
678,desks
678,des(ks)
679,dethk
679,desk(s)
680,desk
680,desk(s)
681,dest
681,des(ks)
681,dest(s)
682,desk
682,desks
683,desk
683,des(ks)
684,dest
685,desk
686,desk
687,d{ai}sk
687,d{ai}st(s)
688,-
689,d{ai}sk
689,d{ai}s(ks)
690,desk
690,desk(s)
690,deskIz=14
691,desk
691,desk(s)
692,desk(s)
693,d{ai}sk
693,d{ai}sks
694,dest
694,d{ai}st(s)
695,d{ai}sk
695,d{ai}sk(s)
696,desk
696,des(ks)
697,d{ai}st(s)
698,-
699,-
700,-
701,desk
701,deskIz=14
702,desk
703,desk
704,d{ai}s(k)
704,d{ai}sk
704,d{ai}sts
705,d{ai}s(ks)
706,desk
707,desk
707,des(ks)
708,dest
708,dest(s)
709,d{ai}sk
709,d{ai}sks
710,-
711,desk
711,desk(s)
712,d{ai}sk
712,d{ai}sk(s)
713,desk
714,dest
714,d{ai}sk(s)
715,des(ks)
715,desk(s)
716,desk
716,disk(s)
717,d{ai}sk
718,desk
718,des(ks)
719,d{ai}sk
719,desks
720,desk
720,desk(s)
721,desk
721,desk(s)
722,d{ai}sk
722,d{ai}sk(s)
723,d{ai}sk
723,d{ai}s(ks)
724,desk
724,desk(s)
725,desk
725,desks
726,desk
727,desk
728,des(k)
728,desk(s)
729,d{ai}sk
729,d{ai}sk(s)
730,desk
730,desk(s)
731,d{ai}s(k)
731,d{ai}sts
732,desk
732,desks
733,d{ai}sk
734,desks
734,disks
735,desk
736,d{ai}sk
736,d{ai}sk(s)
737,desk
738,desk
738,desk(s)
739,-
740,dest
740,dest(s)
741,desk
741,desks
742,desk
742,des(ks)
743,-
744,desk(s)
745,-
746,desk
747,desk
748,des(k)
748,dest
749,-
750,-
751,desk
751,desk(s)
752,dest
752,dest(s)
753,desk
753,desks
754,-
755,desk
755,des(ks)
756,d{ai}s(k)
756,d{ai}s(ks)
757,desk
757,desk(s)
758,d{ai}sk
758,d{ai}sk(s)
759,-
760,-
761,des(k)
761,des(k)Iz=14
762,-
763,-
764,desk
764,desk(s)
765,d{ai}sk
765,d{ai}sk(s)
766,desk
767,d{ai}sk
767,d{ai}sk(s)
768,des(k)
768,deskIz=14
769,desk
769,desk(s)
770,d{ai}sk
770,d{ai}sk(s)
771,disk
771,destIz=14
772,desk
772,dest(s)
773,-
774,-
775,desk
775,dest
775,deskIz=14
776,d{ai}sk
776,d{ai}sk(s)
777,desk
777,des(ks)
778,desk
778,desks
779,desk
779,desks
780,d{ai}sk
780,desks
781,desk
781,desk(s)
782,desk
782,d{ai}sk(s)
783,-
784,desk
784,des(k)Iz=14
785,desk
785,desks
786,desk
786,desk(s)
787,desk
787,desk(s)
788,desk
788,desk(s)
789,dest
789,destIz=14
790,desk
790,desk(s)
791,desk
791,des(ks)
792,desk
793,-
794,dest
794,destIz=14
795,-
796,d{ai}s(k)
796,d{ai}s(ks)
797,des(k)
797,desk(s)
798,des(k)
798,dest(s)
799,-
800,des(k)
800,deskI{z}=14
801,desk
801,desk(s)
802,desk
802,deskIz=14
803,-
804,-
805,d{ai}sk
805,d{ai}s(ks)
806,desk
806,desk(s)
807,desk
807,desks
808,dest
808,dest(s)
809,desk
809,desks
810,desk
810,desk(s)
811,d{ai}sk
811,des(k)Iz=14
812,-
813,desk
813,desk(s)
814,d{ai}sk
814,d{ai}sk(s)
815,desk
815,des(ks)
816,desk
816,desks
817,-
818,-
819,desk
819,desk(s)
820,desk
820,desk(s)
821,desk
821,deskIz=14
822,desk
822,desks
823,d{ai}st
823,d{ai}s(ks)
824,desk
824,desk(s)
825,desk
825,desk(s)
826,d{ai}sk
826,d{ai}sk(s)
827,des(k)
827,desk(s)
828,desk
828,deskIz=14
829,desk
829,desk(s)
830,dis(k)
830,desk(s)
831,d{ai}sk
831,d{ai}sk(s)
832,-
833,desk
833,desk(s)
834,desk
834,des(ks)
835,d{ai}sk
835,destIz=14
836,desk
836,deskIz=14
837,-
838,-
839,desk
839,des(ks)
840,-
841,desk
842,desk
842,des(k)
842,destIz=14
843,desk
843,desk(s)
844,desk
844,desks
845,-
846,desk
846,desks
847,-
848,desk
848,desks
849,desk
849,desks
850,desk
850,des(k)
851,-
852,desk
852,desk(s)
853,desk
853,desks
854,desk
854,d{ai}sk(s)
855,desk
856,des(k)
857,desk
857,desk(s)
858,-
859,desk
859,desks
860,desk
860,desk(s)
861,desk
861,desk(s)
862,desk
862,des(ks)
863,d{ai}sk
863,d{ai}sks
864,des(k)
864,des(k)I{z}=14
865,desk
865,des(ks)
866,d{ai}sk
866,d{ai}skIz=14
867,desk
867,desk(s)
868,desk
868,desks
869,desk
869,desk(s)
870,desk
870,desks
871,-
872,-
873,desk
873,desks
874,desk
874,des(ks)
874,desk(s)
875,desk
875,desk(s)
876,desk
876,des(ks)
877,desk
877,desks
878,desk
878,desks
879,-
880,desk
880,desks
881,-
882,desk
882,desk(s)
883,desk
883,desk(s)
884,-
885,desk
885,desks
886,dest
886,dest(s)
887,desk
887,desk(s)
888,des(k)
888,des(k)Iz=14
889,desk
889,desk(s)
890,desk
890,desk(s)
891,d{ai}sk
891,d{ai}sks
892,-
893,desk
893,desks
894,desk
894,des(ks)
895,desk
895,desks
896,desk
896,desk(s)
897,desk
897,desks
898,desk
898,dests
899,desk
899,desks
900,desk
900,desks
901,d{ai}sk
901,d{ai}sks
902,desk
902,desk(s)
903,-
904,desk
904,desks
905,desk
905,desks
906,desk
906,desks
907,d{ai}sk
908,desk
908,desk(s)
909,-
910,desk
910,desks
911,desk
911,desks
