Informant,Response
001,h{o}spI{d}L=144
002,hosbIdoo[l]=143
003,hospI{t}L=144
004,hospI{d}L=144
005,hospI{t}L=144
006,hospI{d}L=144
007,hospI(tI)l=14
008,hos{p}I{d}L=144
009,hospIdL=144
010,hospIdL=144
011,hos{p}I{t}L=144
012,hospI{d}L=144
013,hos{p}IdL=144
014,hospI{t}L=144
015,hos{p}IdL=144
016,hosppi{d}L=134
017,h{o}spIdL=144
018,hospIdL=144
019,hospI{d}L=144
020,hos{p}I{d}L=144
021,h{o}s{p}IdL=144
022,hospI{d}L=144
023,hospI{d}L=144
024,hos{p}IdL=144
025,h{o}spI{t}L=144
026,hos{p}I{d}L=144
027,hosbI(ti)l=14
027,hospI{d}L=144
027,hos{p}I{d}L=144
028,hospi{d}L=134
029,hospI{t}L=144
030,hospI{t}L=144
031,hospIdL=144
032,(h)os{p}I{d}L=144
033,(h)os{p}I{d}L=144
034,hos{p}IdL=144
035,hospitL=134
036,hospI{t}L=144
037,hospI{d}L=144
037,hos{p}I{t}L=144
038,hospI{d}L=144
039,hosbi{d}L=134
040,hosbi{t}L=134
041,hospI{t}L=144
042,-
043,hospI{t}L=144
044,hos{p}I(t)L=144
045,hospI(tI)l=14
046,hospI{d}L=144
047,h{o}sbI{d}L=144
048,hospI{d}L=144
049,hospI{d}L=144
050,hos{p}I{t}L=144
051,hosbI{t}L=144
052,hos{p}I{t}L=144
053,hospI{d}L=144
054,hosbI{t}[L]=144
055,hosbi{d}L=134
056,hospi{d}[L]=134
057,hospi{t}L=134
058,hospId[L]=144
059,hospI{d}L=144
060,hospi{d}L=134
061,hospI{d}L=144
062,hospi{t}L=134
063,-
064,hospI{d}L=144
065,hospi{d}L=134
066,hospidL=134
067,hos{p}i{d}L=134
068,-
069,hospI{d}L=144
070,hospI{d}L=144
071,hosbI{d}L=144
072,hawspI{d}L=144
073,hosbi{d}L=134
074,h{aw}sbI{d}L=144
075,hosbI{d}L=144
076,hospi{d}L=134
077,hoshpitL=134
077,hoshpi{t}L=134
077,hoshpi{t}[L]=134
078,h{aw}sbI{t}L=144
079,hospI{t}L=144
080,-
081,hospI{d}L=144
082,-
083,hospi{t}L=134
084,h{o}spI{d}L=144
085,hospI{d}L=144
086,hospI{d}L=144
087,hosbI{d}L=144
088,hosbI{t}L=144
089,-
090,hospI{d}L=144
091,hospi{d}[L]=134
092,-
093,hospI{t}[L]=144
094,hospi{d}L=134
095,hosbi{t}L=134
096,hosbi{d}L=134
097,hosbi{d}L=134
098,hawspi{t}[L]=134
098,hospi{t}L=134
099,hospI{d}L=144
100,hospI{t}L=144
101,hosbi{d}[L]=134
102,hospi{d}L=134
103,hosbitL=134
104,hospI{d}L=144
105,hos{p}I{d}L=144
106,hospi{t}L=134
107,hospi{t}L=134
108,hospI{t}L=144
109,hosbI{t}[L]=144
110,hosbI{d}L=144
111,hospI{d}L=144
112,hospI{d}L=144
113,hospI{t}L=144
114,-
115,-
116,hawspI{t}L=144
117,hospI{d}L=144
118,hospi{d}L=134
119,hosbi{d}L=134
120,hospI{t}L=144
121,hospI{d}L=144
122,hosbi{d}L=134
123,hospI{d}L=144
124,hospi{d}[L]=134
125,hospId[L]=144
126,hospI{d}[L]=144
127,-
128,-
129,-
130,-
131,hospi{d}L=134
132,hospI{d}L=144
133,hospi{d}L=134
134,h{aw}spI{d}L=144
135,hos{p}I{d}L=144
136,hosbi{t}L=134
137,hosbi{d}L=134
138,hospi{d}L=134
139,hospI{d}L=144
140,hospI{d}L=144
140,h{o}spI{t}L=144
141,hospI{t}[L]=144
142,hawspi{d}L=134
143,hospI{d}L=144
144,hosbI{t}L=144
145,h{o}spi(tI)[l]=13
146,hospi{d}L=134
147,-
148,hospi{d}L=134
149,h{o}spI{t}L=144
150,hospi{d}L=134
151,h{o}sbi{d}L=134
152,hospi{d}L=134
153,-
154,-
155,hos{p}I{t}L=144
156,-
157,hos{p}I{d}L=144
158,-
159,hospi{d}[L]=134
160,-
161,hospi{d}L=134
162,hosbi{d}L=134
163,hosbi{d}L=134
164,hospi{d}[L]=134
165,h{o}spi{d}L=134
166,hawspi{d}L=134
166,hospi{d}L=134
167,hospI{d}L=144
168,-
169,-
170,hosbi{t}L=134
171,hospI{t}L=144
172,hosbi{d}L=134
173,-
174,-
175,-
176,hospI{d}L=144
176,hospi(tI)l=13
177,hawspi{d}L=134
177,hospi{d}L=134
178,-
179,h{o}spI{t}L=144
180,hospI{d}L=144
181,-
182,hospi{t}[L]=134
183,hosbi{d}L=134
184,hosbi{t}[L]=134
185,hos{p}I{d}L=144
186,hospI{t}L=144
187,-
188,h{o}spI{t}[L]=144
189,hospi{d}L=134
190,hospI{d}L=144
191,hospi{t}[L]=134
192,hawspi(tI)l=13
193,hospI{d}L=144
194,hawspI{d}L=144
194,hospI{d}L=144
195,hawspI{d}[L]=144
196,-
197,-
198,hospI{t}L=144
199,hospId(L)=14
199,hospI{t}L=144
199,hos{p}i{t}L=134
199,hospI{t}[L]=144
200,hospI{d}L=144
201,hawspI{d}L=144
202,hosbi(tI)l=13
202,hos{p}I{d}L=144
203,hospI{d}L=144
204,-
205,-
206,hospI{d}L=144
207,hawspI{d}L=144
207,hawspi(tI)l=13
208,hawspi{d}L=134
209,hosbi{t}[L]=134
210,hawspI{d}L=144
211,hosbi{t}L=134
212,hospi{d}L=134
213,-
214,hospI{d}L=144
215,hospI{d}L=144
215,h{o}s{b}i(tI)l=13
216,hospI{d}L=144
217,hospI{d}L=144
218,hosbi{d}L=134
219,hospI{d}L=144
220,hospI{t}L=144
221,hospI{d}L=144
222,hospI{d}L=144
223,hospi{d}L=134
224,hawspid[L]=134
225,-
226,-
227,hosbI{d}[L]=144
228,hospi{t}L=134
229,hospI{d}L=144
230,h{o}sbi{d}[L]=134
231,hawspi{d}L=134
232,hospI{d}L=144
233,hospI{d}L=144
233,hospI(t)L=144
234,hospi{d}L=134
235,hos{p}I{d}L=144
236,hospi{d}L=134
237,hospi{d}L=134
238,hos{p}i{d}L=134
239,hosbi{d}L=134
240,hosbi{t}[L]=134
241,hawspi{d}L=134
242,hos{p}I{d}L=144
243,hospi{d}L=134
244,hawsbi{t}L=134
245,hosbi{t}L=134
246,hos{p}I{t}L=144
247,hospI{d}L=144
248,hospI{d}L=144
249,hospi{t}L=134
249,hothpI{t}[L]=144
250,ho{r}spI{?}(L)=14
251,-
252,hospi{d}L=134
253,hospi{d}L=134
254,hospI{d}L=144
255,-
256,h{o}spI{t}L=144
257,hospI{d}L=144
258,h{o}spI{d}L=144
259,hospI{d}L=144
260,-
261,hosbi{d}[L]=134
262,hospi{d}L=134
263,hospi{d}L=134
264,hospI{d}L=144
265,hospi{d}L=134
266,hawsbi{d}L=134
267,-
268,-
269,hoshpi{t}L=134
270,hospi{t}[L]=134
271,hospi{d}L=134
271,hospIdL=144
271,hospI{t}L=144
272,hospi{d}L=134
273,hosbI{d}[L]=144
274,hospi{d}L=134
275,hosbi{t}L=134
276,-
277,hospi{d}Lz=134
277,hospoo{d}L=134
278,hospI{d}L=144
279,hosbI{t}[L]=144
280,hospI{d}L=144
281,hosbi{d}[L]=134
282,hospi{d}L=134
283,hospI{t}{R}=144
284,hospI{d}L=144
285,-
286,hosbI{d}[L]=144
287,hospI{d}Lz=144
288,hosbI{t}L=144
289,hosbi(tI)l=13
289,hospIdL=144
289,hos{p}I{d}L=144
290,hospI{d}L=144
291,hospI{t}L=144
292,haws{p}I{d}L=144
293,hos{p}I{d}L=144
294,hosbi{t}L=134
295,hospi{d}L=134
296,hospIdL=144
297,hosbI{t}L=144
298,hosbi{d}L=134
299,hospi{d}L=134
300,hospi{d}L=134
301,hospI{d}L=144
302,hospI{d}L=144
303,hospi{d}L=134
304,hospi{d}L=134
305,-
306,hosbi{d}[L]{z}=134
307,hospi{d}L=134
308,hosbi{d}L=134
309,hospI{t}[L]=144
310,hospI{d}L=144
311,hospi{d}L=134
312,hosbi{d}L=134
313,hospi{d}L=134
314,hosbi{d}L=134
315,hos{p}i{d}L=134
316,hospi{d}[L]=134
317,hospi{d}L=134
318,-
319,-
320,hospI{d}[L]=144
320,hos{p}I{d}L=144
321,hospi{d}L=134
322,hospi{t}L=134
323,hospi{d}L=134
324,hos{p}I{d}L=144
324,hos{p}I{t}L=144
325,hospI{d}L=144
326,hospI{d}L=144
327,hospi{d}L=134
328,hosbi{t}L=134
328,hosbi(t)L=134
329,hosbI{t}[L]=144
330,hospI{t}L=144
330,h{o}spI{d}L=144
331,hospi{d}L=134
332,hospI{t}[L]=144
333,hos{p}I{d}L=144
334,hospi{d}L=134
335,hospi{d}L=124
336,hospi{d}L=134
337,hospi{d}L=134
338,hospI{t}L=144
338,hos{p}I{d}L=144
339,hos{p}I{t}L=144
340,hawspI{t}[L]=144
341,hospI{d}L=144
342,hospi{t}L=134
343,hospi{d}L=134
344,hawspI{d}L=144
345,hos{b}i{t}L=134
346,hospI{d}L=144
347,hospI{d}L=144
348,hospi{t}L=134
349,hospi{d}L=134
349,hospi{t}L=134
350,hospI{d}L=144
351,hosbi{d}L=134
352,hospi{t}[L]=134
353,hospi{d}L=134
354,hospI{d}L=144
355,hos{p}I{d}L=144
356,hospI{d}L=144
357,hosbi{t}L=134
358,hospi{t}L=134
359,hosbi{d}L=134
360,hosbi{d}L=134
361,hosbi{d}L=134
362,hospi{d}L=134
363,hospIz[L]=144
364,hospI{d}L=144
365,hosbi(tI)l=13
366,hosbI{t}[L]=144
367,hospIdL=144
368,hosbi{d}L=134
369,hosbi{d}L=134
370,hospI{d}L=144
371,hospI{d}L=144
372,hosbi{t}Lz=134
373,hospi{t}L=134
374,hosbi{d}L=134
375,hospi{d}L=134
376,-
377,hawspI{d}[L]=144
378,hospI{d}L=144
379,hosbi{d}L=134
380,hos{b}i{d}L=134
381,hosbi{t}[L]=134
382,hospitL=134
383,hospI{d}L=144
384,hos{p}I{d}L=144
384,huspI{d}L=144
385,hospi{d}L=134
386,hospI{t}L=144
387,hos{p}I{d}L=144
388,hospi{t}L=134
389,hospI{d}L=144
390,hospi{d}L=134
391,hosbi{d}L=134
392,h{o}spI{d}L=144
393,hospi{t}L=134
394,hospi{d}L=134
395,hospI{t}L=144
396,-
397,hospi{t}L=134
398,hos{b}i{t}L=134
399,hawsbi{d}L=134
400,hospi{d}L=134
401,hawspI{d}L=144
402,hospI{d}L=144
403,hospI{d}L=144
404,hosbi{t}[L]=134
405,hosbI{t}[L]=144
406,hospi{d}L=134
407,hospI{d}L=144
407,hospI{t}L=144
408,hosbi{d}L=134
409,hosbi{d}L=134
409,hospi{t}L=134
410,hospi{t}L=134
411,hospI{d}L=144
412,-
413,-
414,hospA{t}[L]=144
414,hosp(It)L=14
415,hospi{d}L=134
416,hospI{d}L=144
417,hospi{d}L=134
418,hospi{d}L=134
419,hospi{d}L=134
420,hospI{d}L=144
420,hospI{t}L=144
421,hospi{d}L=134
422,hospi{d}L=134
423,hospI{d}L=144
424,hospi{d}[L]=134
425,hospi{d}L=134
426,hospI{d}L=144
427,hospi{d}L=134
428,hosbi{t}L=134
429,-
430,hospI{d}L=144
431,hospi{d}Lz=134
432,hosbI(t)[L]=144
433,hosbi{t}[L]=134
434,hospIdL=144
434,hospI{d}L=144
435,hospI{d}L=144
436,hospI{t}L=144
437,hospI{t}L=144
438,hawspI{d}[L]=144
439,hospi{t}[L]=134
440,hospi{d}L=134
441,h{o}spi{d}L=134
442,hospI{t}[L]=144
443,hospI{t}Lz=144
444,hospIdL=144
445,hosbi{t}[L]=134
446,hospI{t}L=144
447,-
448,hospi{d}L=134
449,hospi{d}u[l]=123
450,hospI{d}L=144
451,hospI{d}L=144
452,hospi{d}[L]=134
453,hosbi{t}L=134
454,hos{p}I{d}L=144
455,hospi{d}L=134
456,hospi{d}L=134
456,hospi{t}L=134
457,hospI{t}L=144
458,hosbi{t}L=134
459,hos{p}I{t}L=144
459,hospI(tI)l=14
460,hospi{t}L=134
461,hospi{t}L=134
462,hospi{t}L=134
463,hospi{t}L=214
464,haw{r}spI{d}L=144
464,hawspI{d}L=144
464,h{o}spI{d}L=144
465,hawspi{d}L=134
466,hosbi{d}L=134
467,hospI{d}L=144
468,hosbi{d}[L]=134
469,hospi{d}L=134
470,hospi{d}L=134
471,hospi{d}L=134
471,hospi{t}L=134
472,hos{b}i{t}L=134
473,hawspI{t}L=144
474,hospI{d}L=144
475,hospI{d}L=144
476,hospi{d}L=134
477,hospi{d}L=134
478,hosbi{d}[L]=134
479,hosbi{d}L=134
480,hospI{d}L=144
481,hosbi{t}u[l]=123
482,hospI{d}L=144
483,-
484,hospi{d}Lz=134
485,hosbi{d}L=134
485,hosbi{t}[L]=134
486,hospI{t}L=144
487,hospi{d}L=134
488,h{o}spi{d}L=134
489,hospi{d}L=134
489,hospi{t}L=134
490,h{o}spI{d}L=144
491,hospI{d}L=144
492,hospi{t}L=134
493,-
494,hospi{d}Lz=134
495,h{o}spI{d}L=144
496,hospItul=143
497,hospi{d}L=134
498,hosbi{d}[L]=134
499,hospi{d}L=134
500,-
501,hosbi{d}u[l]=123
502,hospi{d}L=134
503,hos{p}I{t}L=144
504,hosbi{d}L=134
505,hawspI{d}L=144
505,hawspI{t}L=144
505,hospI{d}L=144
505,h{o}spI{t}[L]=144
506,hospI{d}L=144
507,hospi{d}L=134
508,hospi{d}L=134
509,hospi{d}L=134
510,-
511,hospi{d}L=134
512,-
513,hosbI{t}[L]=144
514,hos{p}u{t}L=134
515,hospi{d}L=134
516,hospi{d}L=134
517,hosbi{d}L=134
518,hospitL=134
519,hospi{d}L=134
520,-
521,hospI{d}L=144
522,hospI{d}L=144
523,-
524,hospI{d}L=144
525,hospi{d}L=134
526,-
527,hospi{t}L=134
528,hospI{d}L=144
529,-
530,hospi{d}[L]=134
531,hosbi{t}L=134
532,hosbI{t}[L]=144
533,hosbi{t}L=134
534,hospI{d}L=144
535,hospi{t}[L]=134
535,hospI{t}[L]=144
536,hospi{d}L=134
537,hospi{d}L=134
538,hospI{d}L=144
539,hospI{t}L=144
540,hospI{d}L=144
540,hos{p}I{d}L=144
541,hospi{d}L=134
542,-
543,hawsh{b}i(tI)lz=13
543,h{o}s{p}I{d}Lz=144
544,-
545,-
546,-
547,hos{b}i{d}[L]=134
548,hospi{t}L=134
548,hospI{d}L=144
549,hawspi{d}L=134
550,-
551,-
552,-
553,hosbI{d}u[l]=143
554,-
555,-
556,-
557,hosp(It)L=14
558,hosbi{d}L=134
559,hospi{d}L=134
560,hospi{d}[L]=134
561,hospI{d}L=144
562,hospI{d}L=144
562,hospI{t}L=144
563,hospI{t}L=144
564,hawsbi{d}L=134
565,hospI{t}L=144
566,hospI{d}L=144
567,hospi{t}[L]=134
568,hospI{d}L=144
569,hosbi{t}[L]=134
570,hospi{t}L=134
571,hospI{d}L=144
572,-
573,hospi{t}L=134
574,hospi{t}L=134
575,hosbi{d}L=134
576,hospi{d}L=134
577,hospi{t}L=134
578,hospi{d}L=134
579,hospI{d}L=144
580,hawspi{t}[L]=134
581,(h)ospI(tL)=14
582,hospi{d}L=134
583,hospi{d}L=134
583,hospI{t}L=144
584,hospi{d}L=134
585,h{o}s{p}I{t}L=144
586,hospi{t}L=134
586,h{o}spi{t}L=134
587,hospI{d}[L]=144
588,hosbi{t}L=134
589,hospi{t}L=134
590,hospI{t}L=144
591,hospi{t}[L]=134
592,hospI{t}L=144
593,haws{p}I{t}L=144
594,hos{p}I{t}[L]=144
595,hospi{t}L=134
596,hospi{t}L=134
597,hosbi{t}L=314
598,hospI{d}L=144
599,hospI{d}L=144
600,hospI{t}L=144
601,hospI{d}L=144
602,hosbi(t)[L]z=134
603,-
604,-
605,hospi{d}L=134
606,hosbi{d}L=134
606,hospi{d}L=134
607,hosbi{d}L=134
608,hospI{t}L=144
609,hawspi{t}L=134
609,hos{p}i{t}L=134
610,h{o}s{p}i{d}[L]=134
611,hospI{t}L=144
612,hawsbi{t}L=134
613,hospI{t}L=144
614,-
615,hospi{d}L=134
616,hospI{d}L=144
617,hospI{t}L=144
618,hospi{d}Lz=134
619,hos{p}IdLz=144
619,hospI{d}L=144
620,hospI{d}L=144
621,hos{p}IdL=144
622,hospI{t}[L]=144
623,hosbi{t}L=134
624,hospI{t}Lz=144
625,hawspi{d}L=134
625,hospi{d}L=134
626,hospI{t}L=144
627,hawspi{d}L=134
628,hospi{d}L=134
629,hosbi{d}L=134
630,hospI{d}L=144
631,hospi{d}L=134
632,hospI{d}L=144
633,hospi{d}L=134
634,hosbi{d}L=134
635,hospi{d}L=134
636,hospi{d}L=134
637,hospI{d}L=144
638,hosbi{d}L=134
639,h{o}spi{d}L=134
640,hosbi{t}L=134
641,hospi{t}[L]=134
642,-
643,hosbI{d}[L]=144
644,-
645,hospi{d}L=134
646,hospI{d}L=144
647,-
648,hospi{t}L=134
649,hospi{d}L=134
650,hospi{d}L=134
651,hospI{d}L=144
652,hospI{d}L=144
653,hospi{d}L=134
654,hosbi{d}L=134
654,hospi{d}L=134
655,-
656,hosbi{t}L=134
657,hosbi{d}L=134
657X,hosbi{d}[L]=134
657Y,hospI{t}L=144
657Y,h{o}spI{d}L=144
657Z,hosbi(tI)l=13
657Z,hospI{t}L=144
658,hospI{d}L=144
658,hospI{t}L=144
659,hawspi{d}L=134
660,hospi{t}[L]=134
661,hospI{t}L=144
662,hospI{d}L=144
663,hospI{d}L=144
664,hospI{d}L=144
665,hawspI{d}L=144
666,hospI{d}L=144
667,hosbi{d}L=134
668,hospI{d}L=144
669,hosbi{d}u[l]=123
670,hospI{d}L=144
671,hospi{d}L=134
672,hospI{t}L=144
673,hosbi{d}L=134
674,hospI{d}L=144
675,hos{p}i{d}L=134
676,-
677,hospee{d}[L]=134
678,hospI{d}L=144
679,hospI{t}L=144
679,hospI{t}[L]=144
680,hospIdL=144
680,hospI{d}Lz=144
681,hospI{d}L=144
682,hospi{d}L=134
683,hosbi{d}L=134
684,h{o}spI{d}L=144
685,hospI{d}Lz=144
686,hospI{d}L=144
687,hosbit[L]=134
688,hawspI{d}[L]=144
688,h{o}spI{t}[L]=144
689,-
690,hospi{d}ul=123
690,hospi{d}L=134
691,hosbi{d}[L]=134
692,hos{p}i{d}L=134
693,hospi{d}L=134
694,hospI{d}L=144
695,hosbi{d}L=134
696,hospI{d}L=144
697,hospi{d}L=134
698,hospI{d}L=144
699,hospI{d}L=144
699,hospI{t}L=144
700,-
701,hospI{d}L=144
702,-
703,-
704,hosbI{t}[L]=144
705,hosbi{t}L=134
705,hospi{t}L=134
706,hos{p}I{d}L=144
707,hos{p}I{t}L=144
708,hospI{d}L=144
709,hosbI{d}[L]=144
710,-
711,hospi{d}L=134
712,hosbI{d}[L]=144
713,hospi{d}L=134
714,hospi{d}[L]=134
715,hospI{t}L=144
716,hospi{t}ul=123
716,hospi{t}L=134
717,-
718,hospi{d}L=134
719,hosbI{d}L=144
720,hosspi{t}L=134
721,h{o}sbi{d}L=134
722,hospi{d}L=134
723,hospi{d}L=134
724,hospI{d}L=144
725,hospI{d}L=144
726,hospi{t}L{z}=134
727,h{aw}spi{d}L=134
728,hospi{d}ul=133
729,h{o}spi{d}L=134
730,hospI{d}L=144
731,hosbi{d}[L]=134
732,hospi{d}L=134
733,hospi{d}L=134
734,hospi{d}L=134
735,hospi{t}ul=123
736,hospi{d}L=134
737,hospi{d}L=134
738,hosbi{d}L=134
739,-
740,hosbi{t}L=134
741,hospI{d}L=144
742,hospi{d}L=134
743,hosbi{t}[L]=134
744,hospi{d}L=134
745,-
746,-
747,hospI{d}L=144
747,hospI{t}L=144
748,hosbI{d}L=144
749,hospi{d}[L]=134
750,-
751,hospi{d}L=134
752,hospI{d}L=144
753,hosbi{d}L=134
753,hosbi{d}[L]=134
754,hospi{d}L=134
755,hosbi{d}L=134
756,hospi{d}L=134
757,hos{b}i{t}L=134
758,h{o}sbi{d}L=134
759,-
760,hospI{d}L=144
761,h{o}s{p}I{t}L=144
762,hospI{d}L=144
763,-
764,hospi{d}L=134
764,hospi{t}L=134
765,hospi{d}L=134
766,hospi{d}L=134
767,hosbI{d}L=144
768,ho{r}sp(It)L=14
769,hospi{t}L=134
770,hospi{d}L=134
771,hawspi{t}L=134
772,hospI{d}L=144
773,hawspI{d}L=144
774,-
775,hawspi{d}L=134
775,hawspitL=134
775,hospi{d}L=134
776,hospi{t}ul=123
776,hospI{t}ul=143
777,hosbi{t}L=134
777,hospI{t}L=144
778,hosbi{d}L=134
779,hos{p}I{d}L=144
780,h{o}spi{t}L=134
781,hospI{d}L=144
782,hospi{d}L=134
783,hospi{t}L=134
784,hospi{d}L=134
785,hos{p}i{t}L=134
785,hospI{t}L=144
786,hospI{d}L=144
787,hosbi{d}L=134
787,hospi{d}[L]=134
788,hospItLz=144
789,hospi{d}L=134
790,hospI{d}L=144
791,hospI{d}L=144
792,hospI{d}L=144
793,-
794,hos{p}I{d}L=144
795,-
796,h{aw}spi{d}L=134
797,hosh{p}i{t}[L]=134
798,hospi{d}L=134
799,-
800,hosbi{d}[L]=134
801,hos{p}I{d}L=144
802,hospi{d}[L]=134
803,hospI{d}L=144
804,-
805,-
806,hospi{d}ul=123
807,hothpi{t}L=134
808,hospi{d}L=134
809,hospi{d}L=134
810,hospi{t}L=134
811,hosbi{d}[L]=134
812,hosbidL=134
812,hospI{d}L=144
813,hospI{d}L=144
814,hospi{d}L=134
815,hospI{t}L=144
816,hosbI{d}L=144
817,hosbi{d}L=134
818,-
819,hospIdL=144
820,hospi{t}L=134
821,hosbI{d}[L]=144
822,hospI{d}L=144
823,hospi{d}L=134
824,hospi{t}L=134
825,hospi{d}L=134
826,hospi{d}L=134
827,hospI{d}L=144
828,hosbi{d}L=134
829,hospi{d}L=134
830,hospi{t}L=134
831,hospi{d}L=134
832,hospI{d}L=144
833,hospi{d}L=134
834,hospi{d}L=134
835,hospi{d}L=134
836,hospi{d}L=134
837,hospi{d}L=134
838,hospI{d}Lz=144
839,hospI{d}L=144
839,hos{p}I{d}L=144
840,hosbi{d}[L]=134
841,hospi{d}L=134
842,hospI{d}L=144
843,hosbI{d}L=144
844,hospI{t}[L]=144
845,-
846,hospi{d}L=134
847,hospI{d}L=144
848,hospi{d}L=134
849,hospI{d}L=144
850,hosbi{t}[L]=134
851,hospI{d}L=144
852,-
853,hospi{d}L=134
854,hospi{d}[L]=134
855,hospI{d}L=144
856,hosbi{d}Lz=134
857,hospi{d}L=134
858,hospI{d}L=144
859,hospI{d}L=144
860,hospi{d}L=134
861,hospI{d}L=144
862,hospi{d}L=134
863,hospi{d}L=134
864,hospi{d}L=134
865,hospI{d}L=144
866,hawspi{d}L=134
867,hospi{d}L=134
868,hospI{d}L=144
869,hos{p}Id[L]=144
870,hosbI{d}[L]=144
871,hospi{d}L=134
872,-
873,hosbi{d}L=134
874,hospI{t}L=144
875,hospI{d}L=144
876,hosbi{t}L=134
877,hospI{d}L=144
877,h{o}spIdL=144
878,-
879,hospI{d}L=144
880,hosbi{t}L=134
881,-
882,hosbi{d}L=134
883,hospI{d}L=144
884,hospi{d}L=134
885,hospI{d}L=144
886,hosbi(tI)lz=13
886,hospI{d}L=144
886,hos{p}I{d}L=144
887,hosbi{d}L=134
888,hospI{t}[L]=144
889,hospi{d}L=134
890,hosbi{d}u[l]z=123
891,hospi{d}L=134
892,hospI(t)L=144
893,hospI{d}L=144
894,hospI{t}L=144
895,h{o}spI{d}L=144
896,hospi{d}L=134
896,hospI{d}L=144
897,hawspItol=143
897,hospI{t}L=144
898,hospI{t}L=144
899,hosbi{t}L=134
900,hospi{d}L=214
901,hawspi{d}L=134
902,hospI{d}L=144
903,hos{p}I{t}L=144
904,hospi{d}L=134
905,hospi{d}L=134
906,hospI{d}L=144
906,hospI{t}L=144
907,-
908,hospi{d}L=134
909,hospI{t}L=144
910,hospi{d}L=134
910,hospitL=134
911,hos{p}I{d}L=144
