Informant,Response
001,l{ie}b(r)erI=134
002,lieb(r)erI=134
003,liebrerI=134
004,l{ie}b(r)urI=134
005,l{ie}brerI=134
006,liebrerI=134
007,l{ie}brerI=134
008,l{ie}br(er)I=14
009,l{ie}brerI=134
010,l{ie}brerI=134
011,l{ie}b(r)erI=134
012,l{ie}b(r)erI=134
013,l{ie}b(r)eree=123
014,l{ie}brerI=134
015,l{ie}b(r)erI=134
016,liebrurI=134
017,l{ie}brerI=134
018,l{ie}b(r)urI=134
019,l{ie}b(r)erI=314
020,l{ie}breree=123
021,lieb(r)eree=123
022,liebru{r}I=134
023,l{ie}b(r)RI=144
024,l{ie}brerI=134
025,l{ie}breree=123
026,liebreree=123
027,l{ie}brerI=124
028,l{ie}brerI=134
029,lieb(r)erI=134
030,liebrerI=134
031,liebrerI=134
032,l{ie}brerA=134
033,l{ie}breree=123
034,liebrerI=134
035,l{ie}bre{?}I=134
036,l{ie}b(r)urI=134
037,liebrerI=134
038,l{ie}bre{r}I=134
039,liebrurI=134
040,l{ie}brerI=134
041,lieb(r)erI=134
042,liebrerI=134
042,lieb(r)urI=134
042,liebrurI=134
043,liebrerI=124
044,l{ie}brerI=134
045,l{ie}brerI=134
046,l{ie}brerrI=134
047,liebrurI=134
048,l{ie}b(r)erI=134
049,l{ie}brerI=134
050,l{ie}brerI=134
051,liebrerI=134
052,l{ie}b(r)erI=134
053,l{ie}brerI=134
054,lieb(r)urI=134
055,lieb(r)urI=134
056,liebrerI=134
057,liebrerI=134
058,l{ie}brerI=134
059,lieb(r)urI=134
060,l{ie}breree=123
061,l{ie}brerI=134
062,liebrurI=134
063,-
064,liebrai(rI)=13
065,lieb(r)erI=134
066,l{ie}b(r)e(r)I=314
067,l{ie}br(er)I=14
068,-
069,l{ie}b(r)erI=134
070,l{ie}b(r)erI=134
071,lieb(r)erI=134
072,lieb(r)erI=134
073,liebrerI=134
074,lieb(r)erI=134
075,liebrerI=134
076,liebr(er)I=14
077,l{ie}b(r)erI=134
078,liebrerI=134
079,l{ie}br(er)ee=13
080,-
081,l{ie}brai(rI)=13
082,-
083,lieb(r)erI=134
084,l{ie}b(r)erI=134
085,l{ie}br(er)I=14
086,liebr(er)I=14
087,liebrai(rI)=13
088,liebrai(rI)=13
089,-
090,liebr(er)I=14
091,liebrurI=134
092,l{ie}br(er)I=14
093,l{ie}brer(I)=13
094,liebrai(rI)=13
095,l{ie}brer(I)=13
096,liebrerI=134
097,liebr(er)I=14
098,l{ie}b(r)erI=134
099,l{ie}b(r)urI=134
100,lieb(r)erI=134
101,liebrerI=134
102,l{ie}brerI=134
103,liebrerI=134
104,liebrerI=134
105,liebrerI=134
106,liebrurI=134
107,lieb(r)erI=134
108,l{ie}brerI=134
109,liebr(er)I=14
110,lieb(r)erI=134
111,liebre{r}I=134
112,l{ie}b(r)erI=134
113,lieb(r)erI=134
114,-
115,-
116,-
117,l{ie}brerI=134
118,l{ie}br(er)I=14
119,liebrerI=314
120,liebr(er)I=14
121,l{ie}b(r)erI=134
122,liebr(er)I=14
123,l{ie}br(er)ee=13
124,l{ie}brerI=134
125,l{ie}brerI=134
126,lieb(r)erI=134
127,-
128,-
129,-
130,-
131,liebrerI=134
132,l{ie}brerI=134
133,l{ie}brerI=134
134,l{ie}b(r)erI=134
135,l{ie}br(er)I=14
136,lieb(r)urI=134
136,lieb(r)RI=144
137,l{ie}bre(r)I=134
138,lieb(r)RrI=144
139,l{ie}b(r)erI=134
140,liebr(er)I=14
141,l{ie}b(r)erI=134
142,liebrerI=134
143,lieb(r)erI=134
144,lieb(r)RI=144
145,liebrerI=134
146,l{ie}brai(rI)=13
147,-
148,liebrerI=134
149,lieb(r)erI=134
150,liebrerI=134
151,lieb(r)ee(rI)=13
152,l{ie}br(er)I=14
153,-
154,-
155,liebr(er)I=14
156,-
157,-
158,-
159,l{ie}br(er)I=14
160,-
161,liebr(er)I=14
162,lie{b}rerI=134
163,liebr(er)I=14
164,liebrurI=134
165,l{ie}b(r)erI=134
166,l{ie}b(r)erI=134
167,l{ie}b(r)erI=134
167,l{ie}br(er)I=14
168,liebr(er)I=14
169,-
170,liebrurI=134
171,liebrerI=134
172,lieb(r)erI=134
172,l{ie}b(r)erI=134
173,-
174,-
175,liebrerI=134
176,l{ie}brerI=134
177,liebru[r](I)=13
178,-
179,lieb(r)erI=134
180,lieb(r)erI=134
181,-
182,-
183,lieb(r)erI=134
184,liebr(er)I=14
185,l{ie}brerI=134
186,l{ie}brerI=134
187,-
188,lieb(r)erI=134
189,liebr(er)I=14
190,l{ie}brerI=134
191,l{ie}bre(r)I=134
192,lieb(r)erA=134
192,lieb(r)er(I)=13
193,-
194,lieb(r)erI=134
195,-
196,-
197,-
198,-
199,l{ie}brerI=134
200,lieb(r)erI=134
201,l{ie}brerI=134
202,liebr(er)I=14
203,l{ie}br(er)ee=13
204,-
205,-
206,l{ie}b(r)erI=134
207,l{ie}b(r)e{r}(I)=13
208,-
209,liebr(er)ee=13
210,l{ie}brerI=134
211,liebrurI=134
212,l{ie}br(er)I=14
213,-
214,l{ie}br(er)I=14
215,-
216,l{ie}br(er)I=14
217,l{ie}br(er)ee=13
218,-
219,lieb(r)u{r}I=134
220,l{ie}brerI=134
221,l{ie}br(er)I=14
222,l{ie}b(r)erI=134
223,l{ie}b(r)e{r}(I)=13
224,-
225,-
226,lieb(r)erI=134
227,liebrerI=134
228,lieb(r)erI=134
229,liebrerI=134
230,liebrurI=134
231,l{ie}brerI=134
232,liebrerI=134
233,l{ie}b(r)erA=134
234,lieb(r)u{r}I=134
235,l{ie}brerI=134
236,l{ie}b(r)erI=134
237,l{ie}b(r)e{r}(I)=13
238,l{ie}brerI=134
239,liebrerI=134
240,liebrerI=134
241,-
242,l{ie}brai(rI)=13
243,l{ie}brerI=134
244,-
245,liebrerI=134
246,lieb(r)erI=134
247,l{ie}brerI=134
248,l{ie}brerI=314
249,l{ie}{b}rerI=124
250,l{ie}b(r)e{r}(I)=13
251,l{ie}b(r)u{r}I=134
252,-
253,l{ie}brerI=134
254,l{ie}brerI=134
255,-
256,lieb(r)erI=134
257,lieb(r)erI=134
258,l{ie}b(r)erI=134
259,lieb(r)urrI=134
260,-
261,liebrerI=134
262,l{ie}bre{r}I=134
263,l{ie}brerI=134
264,l{ie}brerI=134
265,l{ie}b(r)erI=134
266,liebrerI=134
267,-
268,-
269,l{ie}b(r)erI=134
270,l{ie}brerI=134
271,liebrerI=134
272,liebrerI=134
273,liebrerI=134
274,liebrerI=134
275,liebrerI=134
276,liebrerI=134
277,liebrurI=134
278,liebrerI=134
279,liebrerI=134
280,lieb(r)erI=134
281,lie{b}rurI=134
282,l{ie}brerI=134
283,l{ie}{b}rer(I)=13
284,liebrerI=134
285,-
286,liebrurI=134
287,-
288,liebrerI=134
289,liebrerI=134
290,lieb(r)urI=134
291,l{ie}brerI=134
292,-
293,l{ie}brerI=134
294,liebrerI=134
295,lieb(r)erI=134
296,liebrerI=134
297,liebrerI=134
298,liebrerI=134
299,l{ie}bru{r}I=134
300,liebrerI=134
301,l{ie}bru{r}I=134
302,l{ie}brerI=134
303,l{ie}b(r)u{r}(I)=13
304,l{ie}b(r)urI=134
305,l{ie}brerI=134
306,lieb(r)urI=134
307,l{ie}brurI=134
308,liebrerI=134
309,l{ie}brerI=124
310,liebrerI=134
311,l{ie}brerI=134
312,liebrerI=134
313,l{ie}brerI=134
314,liebrurI=134
315,l{ie}b(r)u{r}I=134
316,l{ie}b(r)erI=134
317,l{ie}bru{r}I=134
318,-
319,-
320,l{ie}b(r)erI=134
321,l{ie}bru{r}I=134
322,liebrerI=134
323,lieb(r)erI=134
324,l{ie}brerI=134
325,l{ie}brerI=134
326,l{ie}brerI=134
327,l{ie}bre(r)I=134
328,liebrurI=134
329,liebrurI=134
330,l{ie}b(r)erI=134
331,l{ie}bre(r)I=134
332,l{ie}brirI=134
333,lieb(r)erI=134
334,liebrurI=134
335,l{ie}brerI=134
336,lieb(r)erI=134
337,l{ie}b(r)urI=134
338,l{ie}brerI=134
339,liebrerI=134
340,lieb(r)erI=134
341,l{ie}brerI=134
342,l{ie}brirI=134
343,l{ie}brairI=134
344,-
345,liebrerI=134
346,liebrerI=134
347,l{ie}b(r)erI=134
348,lieb(r)erI=134
349,l{ie}b(r)u{r}I=134
350,l{ie}bre(r)I=134
351,liebrerI=134
352,liebrerI=134
353,liebrurI=134
354,l{ie}b(r)erI=134
355,l{ie}b(r)erI=134
356,l{ie}brerI=134
357,liebrerI=134
358,lieb(r)erI=134
359,lieb(r)erI=124
360,l{ie}br(er)I=14
361,liebru[r]I=134
362,l{ie}brerI=134
363,liebrirI=134
364,l{ie}b(r)ur(I)=13
365,lieb(r)erI=134
366,liebre(r)I=134
367,l{ie}brerI=134
368,lieb(r)erI=134
369,liebrerI=134
370,l{ie}b(r)erI=134
371,l{ie}brerI=134
372,liebrerI=134
373,liebrerI=134
374,liebrurI=134
375,l{ie}brerI=134
376,-
377,l{ie}b(r)erI=134
378,l{ie}brerI=134
379,liebrerI=134
380,liebrai(rI)=13
381,liebrai(rI)=13
382,l{ie}bru{r}I=134
383,l{ie}brerI=134
384,l{ie}brerI=134
385,lieb(r)urI=134
386,l{ie}brerI=134
387,l{ie}brerI=134
388,-
389,l{ie}br(er)I=14
390,liebr(er)I=14
391,lieb(r)RI=144
392,liebrerI=134
393,l{ie}{b}(re)rI=14
394,l{ie}bru{r}rI=124
395,l{ie}br(er)I=14
396,-
397,lieb(r)erI=134
398,liebr(er)I=14
399,lieb(r)erI=134
400,l{ie}b(r)urI=134
401,l{ie}brurA=134
402,l{ie}b(r)erI=134
403,l{ie}brerI=134
404,l{ie}brurI=134
404,l{ie}b(r)urrI=134
405,liebrurI=134
406,l{ie}b(r)erI=134
407,liebr(er)ee=13
408,liebrerI=134
409,liebrerI=134
410,lieb(r)erI{z}=134
411,liebr(er)I=14
412,l{ie}br(er)I=14
412,l{ie}brai(rI)=13
413,l{ie}br{R}(I)=14
414,l{ie}brawrI=134
415,lieb(r)e{r}I=134
416,l{ie}bre(r)I=134
417,liebrurI=134
418,l{ie}brerI=134
419,l{ie}brai(rI)=13
420,l{ie}b(r)erI=134
421,l{ie}bre{r}I=134
422,l{ie}b(r)erI=134
423,l{ie}brerI=134
424,liebrerI=134
425,l{ie}br(er)I=14
426,lieb(r)erI=134
427,l{ie}b(r)erI=134
428,liebr(er)I=14
429,-
430,l{ie}brerI=134
431,l{ie}br(er)I=14
432,lieb(r)erI=134
433,liebr(er)I=14
434,-
435,l{ie}brurI=134
436,l{ie}b(r)erI=134
437,l{ie}brerI=134
438,l{ie}b(r)erI=134
439,liebre{r}rI=134
440,lieb(r)erI=134
441,l{ie}brerI=134
442,l{ie}bre[r](I)=13
443,lieb(r)urI=134
444,liebrerI=134
445,liebr(er)I=14
446,l{ie}brai(rI)=13
447,l{ie}b(r)erI=134
448,l{ie}br(er)I=14
449,lieb(r)erI=134
450,lieb(r)u{r}I=134
451,l{ie}brerI=134
452,liebrurI=134
453,-
454,l{ie}breree=123
455,l{ie}b(r)erI=134
456,l{ie}brurI=134
456,l{ie}br(er)I=14
457,lieb(r)urI=134
458,liebrerI=134
459,-
460,liebru{r}rI=134
460,l{ie}bru{r}rI=134
461,l{ie}b(r)RI=144
462,l{ie}brerI=134
463,lieb(r)erI=134
464,-
465,l{ie}brerI=134
466,liebrerI=134
467,l{ie}brerI=134
468,lieb(r)erI=134
469,l{ie}b(r)erI=134
470,l{ie}brerI=134
471,l{ie}bru{r}(I)=13
472,lieb(r)erI=134
473,-
474,l{ie}brerI=134
475,liebrerI=134
476,l{ie}brerI=134
477,liebrurI=134
478,l{ie}b(r)erI=134
479,liebrerI=134
480,liebrerI=134
481,liebrerI=134
482,-
483,-
484,liebrerI=134
485,liebru[r]I=134
486,-
487,-
488,l{ie}brerI=134
489,l{ie}b(r)e{r}I=134
490,liebrerI=134
491,-
492,lieb(r)erI=134
493,-
494,l{ie}brerIz=134
495,lieb(r)erI=134
496,liebrerI=134
497,liebrairI=134
497,liebru{r}rI=134
497,l{ie}b(r)u{r}rI=134
498,lieb(r)urI=134
499,l{ie}b(r)u{r}rI=134
500,-
501,lieb(r)erI=134
502,l{ie}b(r)RrI=144
503,-
504,liebrai(rI)=13
505,l{ie}brerI=134
506,l{ie}b(r)erI=134
507,-
508,lieb(r)erI=134
509,-
510,-
511,l{ie}brerIz=134
512,-
513,liebrerI=134
514,liebrerI=134
515,liebrerIz=134
516,liebrerI=134
517,liebrerI=134
518,l{ie}brurI=134
519,l{ie}bru{r}rI=134
520,-
521,l{ie}brerI=134
522,l{ie}brerI=134
523,-
524,l{ie}b(r)erI=134
525,l{ie}b(r)erI=134
526,l{ie}brerI=134
527,lieb(r)erI=134
528,lieb(r)erI=134
529,-
530,l{ie}b(r)erI=134
531,-
532,lieb(r)erI=134
533,liebrerI=134
534,l{ie}b(r)erI=134
535,l{ie}brai(rI)=13
536,-
537,l{ie}b(r)urI=314
538,l{ie}brerI=134
539,l{ie}brerI=134
540,-
541,liebre{r}I=134
542,-
543,lieb(r)eree=123
544,l{ie}br(er)I=14
545,l{ie}brur(I)=13
546,liebrerI=134
547,liebrerI=134
548,l{ie}b(r)erI=134
549,liebrurI=134
550,-
551,-
552,-
553,liebr(er)I=14
554,-
555,-
556,l{ie}brurI=134
557,lieb(r)erI=134
558,liebrerI=134
559,-
560,liebrai(rI)=13
561,-
562,l{ie}brerI=134
563,l{ie}brerI=134
564,liebrerI=134
565,l{ie}b(r)erI=134
566,-
567,l{ie}b(r)erI=134
568,-
569,lieb(r)e(r)A=134
570,lieb(r)erI=134
571,l{ie}b(r)erI=134
572,lieb(r)erI=134
573,lieb(r)erI=134
574,l{ie}b(r)u{r}I=134
575,l{ie}brer(I)=13
576,l{ie}brerI=134
577,lieb(r)u{r}wI=134
578,l{ie}b(r)erI=134
579,l{ie}brerI=134
580,-
581,l{ie}b(r)urI=134
582,l{ie}brerI=134
583,l{ie}b(r)u{r}I=134
584,l{ie}b(r)erI=134
585,lieb(r)erI=134
586,-
587,l{ie}b(r)e{r}I=134
588,liebrerI=134
589,liebrerI=134
590,l{ie}brerI=134
591,liebrerI=134
592,liebrerI=134
593,lieb(r)erI=134
594,l{ie}b(r)erI=134
595,l{ie}brerI=134
596,-
597,liebrerI=134
598,l{ie}brurA=134
599,liebrerI=134
600,l{ie}brirI=134
601,l{ie}brerI=134
602,lieb(r)erI=134
603,-
604,-
605,liebrerI=134
606,-
607,l{ie}brai(rI)=13
608,lieb(r)erI=134
609,lieb(r)erI=134
610,lieb(r)erI=134
611,l{ie}brerI=134
612,lieb(r)erI=134
613,l{ie}brerI=134
614,-
615,l{ie}br(er)I=14
616,l{ie}b(r)erI=134
617,l{ie}bre{r}I=134
618,l{ie}b(r)urI=134
619,l{ie}b(r)erI=134
620,lieb(r)erI=134
621,-
622,liebrerI=134
622,lieb(r)erI=134
623,liebrerI=134
624,liebrurA=134
625,lieb(r)e{r}I=134
626,l{ie}brerI=134
627,-
628,l{ie}brerI=134
629,liebrerI=134
630,l{ie}brerI=134
631,-
632,l{ie}b(r)erI=134
633,l{ie}brerI=134
634,liebrarI=134
635,l{ie}brerI=134
636,l{ie}b(r)erI=134
637,l{ie}b(r)erI=134
638,lieb(r)erI=134
639,l{ie}b(r)arI=134
640,lieb(r)erI=134
641,l{ie}brurI=134
642,-
643,liebrerI=134
644,-
645,l{ie}bru{r}rI=134
646,lieb(r)urI=134
647,-
648,lieb(r)u{r}rI=134
649,l{ie}brerI=134
650,l{ie}b(r)erI=134
651,-
652,l{ie}brerI=134
653,liebr(er)I=14
654,lieb(r)erI=134
655,liebrerI=134
656,liebrerI=134
657,liebrurI=134
657X,liebrerI=134
657Y,liebrurI=134
657Z,liebrerI=134
657Z,l{ie}brerI=134
658,lieb(r)arI=134
659,liebrerIz=134
660,l{ie}b(r)erI=134
661,liebrerI=134
662,l{ie}brerI=134
663,-
664,-
665,l{ie}b(r)e(r)I=134
666,l{ie}b(r)erI=314
667,lieb(r)erI=134
668,lieb(r)erI=134
669,liebrerI=134
670,lieb(r)erI=134
671,l{ie}brurI=134
672,lieb(r)erI=134
673,lieb(r)urI=134
674,lieb(r)erI=134
675,liebrerI=134
676,-
677,liebrerI=134
678,liebrerI=134
679,l{ie}brerI=134
680,l{ie}brerI=134
681,l{ie}b(r)urI=134
682,lieb(r)urI=134
683,lieb(r)erI=134
684,-
685,lieb(r)erI=134
686,l{ie}b(r)erI=134
687,liebrurI=134
688,lieb(r)erI=134
689,l{ie}b(r)erI=134
690,l{ie}bru{r}I=134
690,l{ie}bru{r}rI=134
691,liebrerI=134
692,lieb(r)u{r}rI=134
693,l{ie}brerI=134
694,l{ie}b(r)e[r]I=134
695,liebrerI=134
696,l{ie}brerI=134
697,l{ie}b(r)erI=314
698,l{ie}b(r)erI=134
699,lieb(r)erI=134
700,-
701,l{ie}b(r)erI=134
702,-
703,l{ie}breree=123
704,liebrerI=134
705,liebrurI=134
706,-
707,l{ie}brerI=134
708,l{ie}brarI=124
709,l{ie}brerI=134
710,-
711,l{ie}brerI=134
712,l{ie}brerI=134
713,lieb(r)erI=134
714,liebrerI=134
715,lieb(r)erI=134
716,l{ie}bru{r}I=134
717,l{ie}brerI=134
718,l{ie}b(r)u{r}I=134
719,liebrerI=134
720,liebrairI=134
721,l{ie}brerI=134
722,liebrerI=134
723,liebrurI=134
724,l{ie}b(r)erI=134
725,l{ie}brerI=134
726,l{ie}b(r)erI=134
727,lieb(r)urI=134
728,l{ie}b(r)u{r}(I)=13
729,l{ie}brerI=134
730,l{ie}brerI=134
731,liebrerI=134
732,liebrurI=134
733,-
734,liebru{r}rI=134
735,liebrurI=134
736,l{ie}brerI=134
737,liebrurI=134
738,liebrurI=134
739,-
740,lieb(r)erI=134
741,liebrerI=134
742,l{ie}b(r)erI=134
743,liebrurI=134
744,liebrerI=134
745,l{ie}brerI=134
746,l{ie}bru{r}I=134
747,l{ie}brerI=134
748,lieb(r)erI=134
749,l{ie}brerI=134
750,-
751,liebrerI=134
751,liebre{r}I=134
752,l{ie}brerI=134
753,liebrurI=134
754,l{ie}b(r)erI=134
755,-
756,l{ie}b(r)erI=134
757,l{ie}brerI=134
758,liebrurI=134
759,-
760,-
761,lieb(r)erI=134
762,-
763,-
764,l{ie}b(r)u{r}rI=134
765,l{ie}brerI=134
766,l{ie}b(r)u{r}rI=134
767,lieb(r)erI=134
768,liebrairI=134
769,liebrerI=134
770,l{ie}brurI=134
771,lieb(r)erI=134
772,fl{ie}brerI=134
773,liebrerI=134
774,-
775,l{ie}b(r)u{r}rI=134
776,liebrerI=134
777,liebrerI=134
778,liebrurI=134
779,liebrerI=134
780,liebrurI=134
781,l{ie}b(r)erI=134
782,liebrurI=134
783,-
784,-
785,liebrerI=124
786,l{ie}b(r)erI=134
787,liebrurI=134
788,liebru{r}I=134
789,l{ie}b(r)erI=134
790,l{ie}b(r)erI=134
791,l{ie}brurrI=134
792,lieb(r)erI=134
793,-
794,lieb(r)irI=134
795,-
796,l{ie}b(r)erI=134
797,l{ie}b(r)irI=124
798,lieb(r)u{r}I=134
799,-
800,lieb(r)erI=134
801,l{ie}bre{r}I=134
802,l{ie}b(r)erI=314
803,-
804,-
805,liebrerI=314
806,liebru{r}I=314
807,liebrerI=134
808,lieb(r)u{r}rI=134
809,liebre[r]I=134
810,liebrerI=134
811,lieb(r)erI=134
812,-
813,liebrerI=134
814,l{ie}b(r)erI=134
815,liebrerI=134
816,liebrurI=134
817,lieb(r)erI=134
818,-
819,lieb(r)erI=134
820,liebrerI=134
821,lieb(r)urI=134
822,liebrerI=134
823,l{ie}b(r)erI=134
824,liebrerI=134
825,lieb(r)u{r}I=134
826,l{ie}brerI=134
827,liebrerI=134
828,lieb(r)erI=134
829,l{ie}bru{r}I=134
830,liebrerI=134
830,liebrirI=134
831,l{ie}brerI=134
832,-
833,liebru{r}I=134
834,liebrurI=134
835,l{ie}b(r)erI=134
836,l{ie}b(r)u{r}I=134
837,-
838,l{ie}brurI=134
839,l{ie}brerI=134
840,-
841,l{ie}b(r)erI=134
842,liebrerI=134
843,lieb(r)urI=134
844,liebrirI=134
845,-
846,l{ie}bru{r}rI=134
847,-
848,liebrerI=134
849,liebrerI=134
850,liebrerI=134
851,-
852,liebre(r)I=134
853,liebrurI=134
854,lieb(r)erI=134
855,liebre(r)I=134
856,-
857,l{ie}brurI=134
858,liebrerI=134
859,liebrerI=134
860,l{ie}b(r)u{r}rI=134
861,lieb(r)erI=134
862,l{ie}brerI=134
863,l{ie}brerI=134
864,l{ie}b(r)u{r}wI=134
865,lieb(r)erI=134
866,l{ie}b(r)erI=134
867,liebru{r}rI=134
868,lieb(r)erI=134
869,liebrerI=134
870,liebrurI=134
871,l{ie}brerI=134
872,-
873,liebrurI=134
874,lieb(r)erI=134
875,l{ie}brerI=134
876,liebrurI=134
877,liebrerI=134
878,l{ie}brerI=134
879,-
880,liebri{t}I=134
881,-
882,liebrerI=134
882,liebrai(rI)=13
883,l{ie}brerI=134
884,-
885,lieb(r)erI=134
886,liebrai(rI)=13
887,liebrerI=134
888,l{ie}b(r)erI=134
889,liebru{r}rI=134
890,liebrerI=134
891,l{ie}brerI=134
892,-
893,liebrerI=134
894,liebrerI=134
895,lieb(r)erI=134
896,l{ie}b{t}urI=134
897,liebrerI=134
898,lieb{t}e{t}I=134
899,liebru{r}{t}I=134
900,liebrerI=134
901,liebrerI=134
902,liebrerI=134
903,lieb(r)erI=134
904,liebru{r}rI=134
905,l{ie}brerI=134
906,l{ie}brerI=134
907,l{ie}b(r)erI=134
908,liebru{r}I=134
908,liebru{r}rI=134
908,liebrurI=134
909,-
910,liebru{r}rI=134
911,liebrerI=134
