Informant,Response
001,lueAzIanA=34414
002,lueweezIanA=13434
003,luewIzheeanA=14234
004,-
005,looizIanA=23414
006,lueweezeeanA=13324
007,luewIzeeanA=24314
008,-
009,luewAzeeanA=14324
010,luewIzeeanA=24314
011,lue(ee)zIanA=1434
012,-
013,lueIzeeanA=14324
014,lue(ee)zianA=1324
015,lueweezIanA=23414
016,-
017,luewAzianA=14324
018,lue(ee)zeeanA=1324
019,lueweezeeanA=13324
020,lueweezeeanA=32314
021,-
022,lIweezIanA=41434
023,lue(ee)zianA=1324
024,lueweezeeanA=32314
025,lueIzeeonA=24314
026,-
027,lue(ee)zianA=1324
028,luewIzeeanA=24314
029,luewIzeeanA=14324
030,lue(ee)zIanA=1434
031,lueIzeeanA=14334
032,lueAzeeanA=14324
033,lueweezeeanA=32314
034,lueIzeeanA=14324
035,lueweezeeanA=23314
036,lueweezIanA=23414
037,luewIzeeanA=24314
038,lue(ee)zIanA=3414
039,lueweezIanA=32414
040,lueIzIanA=34414
041,lue(ee)zIanA=1434
042,-
043,lueIzeeanA=14324
044,lueeezeeanA=13234
045,lueIzeeanA=14324
046,lueweezeeanA=23314
047,lue(ee)zIanA=3414
048,loo(ee)zIanA=3414
049,lueweezIanA=32414
050,lue(ee)zIanA=1434
051,lueweezIanA=32414
052,-
053,luewIzeeanA=14324
054,-
055,lue(ee)zIennA=3414
056,looIzeeanA=24314
057,lueweezeeinno=23213
058,lueweezIanA=23414
059,lue(ee)zIanA=3414
060,lueweezeeanA=32314
061,lueIzIanA=34414
062,lueIzIanA=34414
063,-
064,luewAzianA=24314
065,lue(ee)zIanA=1434
066,lue(ee)zIanA=3414
067,lueIzIanA=24414
068,-
069,lue(ee)zIanA=3414
070,lue(ee)zIanA=3414
071,lue(ee)zeeanR=2314
071,lueizeeanR=32314
072,lueeezeeanA=31324
072,lew(ee)zIanA=3414
072,lueweezeeanA=32314
073,lue(ee)zIanA=3414
074,lue(ee)zIanA=3414
075,lue(ee)zIanA=3414
076,lIweezIanA=43414
077,lue(ee)zhIanA=1434
078,looweez(ee)anA=3214
079,-
080,-
081,lueIzeeanA=24314
082,-
083,lue(ee)zIanA=3414
084,lue(ee)zIanA=3414
085,lue(ee)zIanA=3414
086,lueeezIanA=32414
087,lueIzeeanA=34314
088,lue(ee)zIanA=3414
089,-
090,lue(ee)zIanA=3414
091,lue(ee)zIanA=3414
092,luewIzeeanA=24314
093,-
094,lueweezIanA=32414
095,lueeezIanA=23414
096,lue(ee)zIanA=3414
097,looweezIanA=32414
098,lue(ee)zh(ee)anA=314
099,lueeezIanA=32414
099,lue(ee)zIanA=3414
100,looweezIanA=32414
101,looweezIanA=32414
102,lue(ee)zIanA=3414
103,lueweezeeanA=32314
104,lueeezIanA=32414
105,lew(ee)zIanA=3414
105,lueweezeeanA=23314
105,lue(ee)zIanA=3414
106,lueeezIanA=31434
107,lue(ee)zIannA=3414
108,looweezIanA=21434
109,lew(ee)zIanA=3414
110,lue(ee)zeeanA=2314
111,-
112,-
113,lue(ee)zIanA=3414
114,-
115,-
116,-
117,lue(ee)zIanA=1434
118,lue(ee)zIanA=3414
119,lue(ee)zIanA=3414
120,lue(ee)zIanA=3414
121,lue(ee)zIanA=3414
122,lueIzeeanA=24314
123,lueweezIanA=23414
124,looeezIanA=32414
125,lue(ee)zianA=2314
126,lue(ee)sIanA=3414
127,-
128,-
129,-
130,-
131,lue(ee)zIanA=3414
132,lue(ee)zIanA=1434
133,lue(ee)z(ee)anA=314
134,-
135,lueeezIanA=32414
136,lue(ee)zIanA=3414
137,lue(ee)zIanA=3414
138,lue(ee)zIanA=3414
139,lew(ee)zIanA=3414
140,-
141,lue(ee)zIanA=3414
142,lue(ee)zIanA=3414
143,lueIzIanA=24414
144,lue(ee)zIanA=3414
145,-
146,lueeezIanA=33414
147,-
148,leweezIanA=32414
149,lew(ee)zIanA=3414
150,lueeezIanA=32414
151,lue(ee)z(ee)anA=314
152,lue(ee)zIanA=3414
153,-
154,lueeezeeanA=13324
155,lueeezeeanA=23214
156,-
157,-
158,-
159,-
160,-
161,looeezIanA=31414
162,lue(ee)zeeanA=2314
163,lue(ee)zeeanA=2314
164,lueeezIanA=32414
165,lue(ee)zianA=2314
166,lue(ee)zIanA=3414
167,lue(ee)zIanA=3414
168,-
169,-
170,lue(ee)zIanA=1434
171,lueeezeeannA=32314
172,lue(ee)zIanA=3414
173,-
174,-
175,-
176,lue(ee)zIanA=1434
177,lueweezIanA=32414
177,lue(ee)zIanA=1414
177,lueeezIanA=23414
178,-
179,lueoozIanA=23414
180,lew(ee)zIanA=3414
181,luewIzeeanA=14324
182,-
183,lue(ee)zIanA=3414
184,lueIzIanA=34414
185,looweezeeanA=32314
186,lueeezIanA=23414
187,-
188,lue(ee)zIanA=3414
189,lueeezIanA=32414
190,lew(ee)zIanA=1434
191,lew(ee)zIanA=1424
192,-
193,-
194,-
195,-
196,-
197,-
198,-
199,-
200,-
201,lueIzIanA=34414
202,lueeezeeanA=23314
203,lue(ee)zIanA=3414
204,-
205,lueeezIanA=32414
206,lue(ee)zIanA=3414
207,lue(ee)zIanA=3414
208,lue(ee)zIanA=3414
209,lueIzIanA=34414
209,lew(ee)zIanA=3414
210,lue(ee)zIanA=3414
211,-
212,lue(ee)zIanA=3414
213,lue(ee)zIanA=3414
214,lue(ee)zIanA=3414
215,-
216,lue(ee)zIanA=3414
217,lueweezIanA=23414
218,-
219,lew(ee)zIanA=3414
220,lew(ee)zIanA=3414
220,lue(ee)zIennA=1434
221,lue(ee)zIanA=1434
222,-
223,lue(ee)zIanR=3414
224,-
225,-
226,lew(ee)zIanA=3414
227,looweezIanA=23414
228,lueweezIanA=32414
229,lueIzIanA=14434
230,lue(ee)zIanA=3414
231,lueeezIanA=32414
232,lueeezIanA=13434
233,lueeezIanA=32414
234,-
235,luewIzeeanA=24314
236,lue(ee)zIanA=3414
237,lue(ee)zIanR=3414
238,lue(ee)zIanA=1434
239,lueweezIenA=32414
240,looweezIennA=32414
241,-
242,lue(ee)zIanR=3414
243,lue(ee)zIanA=3414
244,-
245,lue(ee)zIanA=3414
246,lue(ee)zIanA=3414
247,lueeezIanA=32414
248,lueIzIanA=34414
249,lewIzIanA=34414
249,lew(ee)zIanA=1434
250,lue(ee)zIanR=3414
251,-
252,lew(ee)zianA=1324
253,lue(ee)zIanA=3414
254,looIzIanA=34414
255,-
256,-
257,lue(ee)zeeanA=2314
258,lue(ee)zAanA=3414
258,lueeezIanA=13434
259,lIweezIanA=43414
260,-
261,lueweezIanA=32414
262,-
263,lueweezIanA=23414
264,lueeezIanA=32414
265,-
266,looweezIanA=32414
267,-
268,-
269,lue(ee)zIanA=3414
270,lAweezIennA=43414
271,lAweezeeanA=42314
272,lew(ee)zIanA=3414
273,looweezeeanA=32314
274,lueeezIanA=32414
275,-
276,lue(ee)zIanA=3414
277,lueeezIanA=23414
278,lue(ee)zIanA=2414
279,lueweezIennA=32414
280,luewAzIanA=34414
281,lAweezeeanA=41324
282,lueeezIanA=32414
283,lue(ee)zIanA=2414
284,lueIzIanA=34414
285,lueeezIanA=32414
286,lueeezIenA=32414
287,-
288,-
289,lAweezeeanA=41324
290,-
291,luewIzeeanA=14324
292,lue(ee)zIanee=3413
293,lew(ee)zIanA=1434
294,lue(ee)zIanA=3414
295,-
296,lueweezeeanA=12324
297,lueweezIanA=23414
298,-
299,looizIanA=13414
300,looIzIanA=34414
301,lueIzeeanI=24314
302,lueIzeeanA=24314
303,-
304,lue(ee)zIanA=1434
305,-
306,lue(ee)zIanR=3414
307,lue(ee)zIanA=3414
308,lue(ee)zIanA=3414
309,luewIzIanA=34414
310,lue(ee)zIanA=3414
310,lueweezIanA=23414
311,looeezIanA=32414
312,lue(ee)zIanA=1424
313,looeezIanA=32414
314,looweezeeanA=32314
315,-
316,-
317,lue(ee)z(ee)anR=314
318,-
319,-
320,luewIzIanA=14434
321,looIzIanA=34414
322,lueeezIanA=32414
323,lueIzIanA=34414
324,lue(ee)zIanA=1424
325,lue(ee)zIanA=3414
326,lue(ee)zIanA=3414
327,lue(ee)zIanA=3414
327,lIweezIanA=42414
328,lueweezeeanA=23214
329,lAweezIanA=43414
330,lue(ee)zIanA=3414
331,lue(ee)zIanA=1424
332,lue(ee)dhIanA=1424
333,lew(ee)zIanA=1434
334,lueIzeeanA=14324
335,lui(ee)zIanA=3414
336,lue(ee)zIanA=3414
337,-
338,loo(ee)zeeanA=2314
339,lueweezIanA=23414
340,-
341,lue(ee)zIanA=3414
342,leweezIanA=32414
343,looweezIenA=32414
344,-
345,lue(ee)zIanA=3414
346,lue(ee)zIanA=3414
347,-
348,lue(ee)zIanA=3414
349,lue(ee)z(ee)anA=314
350,looIz(ee)anA=3414
351,lue(ee)zIanA=3414
352,lueweezIanA=32414
353,-
354,lue(ee)zIanA=3414
355,-
356,lue(ee)zIanA=3414
357,lueIzIanA=34414
358,lue(ee)zIanA=3414
359,lue(ee)zIanA=3414
360,lue(ee)zIannA=3414
361,lueIzeeanA=24314
362,lue(ee)zIanA=3414
363,loo(ee)zIanA=3414
364,lueIzAanA=34414
365,lue(ee)zIanA=3414
365,lue(ee)zIanR=3414
366,lue(ee)zIanA=3414
367,lue(ee)zIanA=3414
368,lueeezIanA=32414
369,lue(ee)zIanA=3414
370,lue(ee)zIanA=3414
371,lAweezeeanA=43314
372,lueeezIanA=31434
373,lAweezeeanA=42314
373,lue(ee)th(ee)anA=314
373,lue(ee)dh(ee)anA=134
374,lueeezIanA=32414
375,lueeezIanA=32414
376,lue(ee)zIanR=3414
377,-
378,lueeezIanA=32414
379,lueIzeeanA=24314
380,lueIzIanA=34414
381,lue(ee)zIanA=3414
382,lue(ee)zIanA=3414
383,lueweezeeanA=32314
384,lue(ee)zeean(A)=132
385,-
386,luewIzeeanA=24314
387,lue(ee)zeeanA=2314
388,-
389,lue(ee)zIanA=3414
390,lue(ee)zIanA=3414
391,lueweezIanA=32414
392,lue(ee)zIanA=1434
393,lue(ee)zIanA=3414
394,lue(ee)zIanA=3414
395,lueweezIanA=32414
396,-
397,lue(ee)zIanR=3414
398,lueIzIanA=34414
399,lue(ee)zIanA=3414
400,lue(ee)zIanA=1434
401,-
402,lue(ee)zIanA=3414
403,lue(ee)zIanA=3414
404,lue(ee)zIanA=3414
405,looweezeeanA=32314
406,-
407,lue(ee)zIanA=3414
408,lue(ee)zIanA=1434
409,lue(ee)zIanA=3414
410,lue(ee)zIanA=3414
411,lew(ee)zIanA=3414
412,-
413,-
414,lueIzIanA=34414
415,lue(ee)zIanR=3414
416,lue(ee)zIanA=3414
417,lue(ee)zIanA=1434
418,lue(ee)zIanA=3414
419,lueweezIanA=23414
420,lew(ee)zIanA=3414
421,lueIzIyanA=34414
422,-
423,lue(ee)zIanA=3414
424,lueweezIanA=32414
425,lue(ee)zIanA=3414
426,lue(ee)zianA=1324
427,lue(ee)zIanA=3414
428,lue(ee)zIanA=3414
429,-
430,lue(ee)zIanA=3414
431,-
432,-
433,lue(ee)zIanA=3414
434,-
435,lue(ee)zIanA=3414
436,lue(ee)zIanA=2414
437,lAweezeeanA=42314
437,lueweezIanA=23414
438,-
439,lueweezIanA=32414
440,lue(ee)zIanA=3414
441,lue(ee)zIanA=3414
442,lew(ee)z(ee)yanA=314
443,lueeezIanA=32414
444,lue(ee)zIanA=3414
445,lue(ee)zIanA=3414
446,lue(ee)zIanR=3414
447,lue(ee)zIanR=3414
447,lue(ee)zIanA=3414
448,lue(ee)zIanA=3414
449,-
450,lewIz(ee)anA=3414
451,lue(ee)zIanA=3414
452,lue(ee)zeeanA=2314
453,lue(ee)zIannA=3414
454,lue(ee)zIanA=1414
454,lue(ee)zIanA=1434
455,lueeezIanA=23414
456,lue(ee)zIanA=3414
457,lue(ee)zIanA=3414
458,lueeezeeanA=32314
459,-
460,-
461,lue(ee)zIanA=3414
462,lue(ee)zIanA=3414
463,-
464,-
465,lue(ee)zIanR=3414
466,lue(ee)zIanA=3414
467,lue(ee)zeeanA=2314
468,lue(ee)zIanA=3414
469,lue(ee)zIanA=3414
470,lueIz(ee)anA=3414
471,lue(ee)zIanA=3414
472,looweezIanA=32414
472,lue(ee)zIanA=3414
473,lue(ee)z(ee)anA=214
474,lueIzIanA=34414
475,lue(ee)zIanA=3414
476,lAweezIanA=43414
477,lue(ee)zIanA=3414
478,-
479,looweezIanA=32414
480,lueeezianA=32314
481,lueeezeeanA=32314
481,lueweezeeanA=32314
482,-
483,-
484,lAweezIanA=43414
485,lueweezIanA=23414
486,lue(ee)zIanA=1434
487,-
488,lue(ee)zIanA=3414
489,lAweezIanA=43414
490,lueeezIanA=23414
491,-
492,lue(ee)zIanR=3414
493,-
494,lue(ee)zIanA=3414
495,lue(ee)zeeanA=2314
496,lue(ee)zIanA=3414
496,lue(ee)zeeanA=1324
497,-
498,looweezIanA=23414
499,lAweezIanA=43414
500,-
501,lue(ee)zIanA=3414
502,lue(ee)zIanA=3414
503,-
504,lueweezeeanA=32314
505,-
506,lue(ee)zIanA=3414
507,-
508,lew(ee)zIanA=3414
509,lue(ee)zIanA=3414
510,-
511,-
512,-
513,lue(ee)zIanA=3414
514,lue(ee)zIanA=3414
515,lueIzeeanR=24314
516,looeezIinA=32414
517,lueeezIanA=32414
518,lue(ee)zIanA=3414
519,lIweezIanA=42414
520,-
521,lueIzeeanA=34314
522,lue(ee)zIanA=3414
523,-
524,lueIzIanA=34414
525,-
526,lueweezeeanA=23314
527,lue(ee)zIanA=3414
528,-
529,-
530,lue(ee)z(ee)anA=314
531,lue(ee)zIannA=3414
532,lue(ee)zIanA=3414
533,looweezIanA=32414
534,lue(ee)zIanR=3414
535,lue(ee)zIanA=3414
535,lAweezIanA=43414
536,lue(ee)zIanA=3414
537,-
538,lue(ee)zIanA=3414
539,-
540,lue(ee)zIanA=3414
541,lue(ee)zIanA=3414
541,lueeezIanA=31414
542,-
543,lue(ee)zIanA=3414
544,lue(ee)zIanA=3414
544,lueIzIanA=34414
545,lueeezIanA=32414
546,-
547,lueweesIanA=32414
547,lueweezIanA=32414
548,lue(ee)zIanA=3414
549,lue(ee)zIanA=3414
550,lue(ee)zIanA=3414
551,lueeezIanA=32414
552,-
553,-
554,lue(ee)zIanA=3414
555,-
556,lue(ee)zIanA=3414
557,lue(ee)zIanA=3414
558,looweezIanA=32414
559,lue(ee)zeeanA=2314
560,lue(ee)z(ee)anA=314
560,lue(ee)zIanA=3414
561,-
562,lue(ee)zIanA=3414
563,lueweezIanA=23414
563,lueIzeeanA=24314
564,lue(ee)zIanA=3414
565,lue(ee)z(ee)anA=314
565,lue(ee)zIanA=3414
566,lue(ee)z(ee)anA=314
567,lue(ee)zhIanA=1434
568,-
569,-
570,lue(ee)zIanA=3414
571,lue(ee)zIanA=3414
572,lue(ee)zIanA=3414
573,lue(ee)zIanA=3414
574,lue(ee)zIanA=3414
574,lew(ee)z(ee)anA=314
575,lue(ee)zIanA=2414
575,lue(ee)zIanA=3414
576,lue(ee)zIanA=3414
577,lue(ee)z(ee)anA=314
578,lue(ee)zIanA=3414
579,lueIzIanA=34414
580,lue(ee)zIanA=3414
581,lue(ee)zIanA=3414
582,lue(ee)zIanA=3414
582,lueIzeeanA=24314
583,lue(ee)zIanA=3414
584,lue(ee)zIanA=3414
585,lue(ee)zIanA=1434
585,lew(ee)zIanA=3414
586,-
587,lue(ee)zIanA=3414
588,lue(ee)zIanA=3414
589,lue(ee)zIanA=3414
590,lueweezeeanA=32314
591,lAweezIanA=43414
592,lueizIanA=32414
592,lueeezIanA=32414
593,lue(ee)zIanA=1434
594,-
595,lue(ee)zeeanA=2314
596,lue(ee)zIanA=3414
597,lue(ee)zIanA=3414
598,lueIzIanA=34414
599,lue(ee)zIanA=3414
600,lue(ee)z(ee)anA=314
601,lue(ee)zIanA=3414
602,lue(ee)zIanA=3414
603,-
604,lue(ee)zIanA=3414
605,lue(ee)zIanR=3414
606,lue(ee)zIanA=3414
606,lue(ee)zIanR=3414
607,lew(ee)zIanA=3414
608,lue(ee)zIanA=3414
609,lue(ee)zIanA=3414
610,lue(ee)zIanA=3414
611,lue(ee)zIanA=1434
612,lue(ee)zIanA=3414
613,lAweezeeanA=42314
613,lueweezeeanA=23314
614,lueIzeeanA=24314
615,looIzIanA=34414
616,lue(ee)zIanA=3414
617,lAwiz(ee)anA=4214
617,lAweez(ee)yanA=4214
618,lueIzIanA=34414
619,lue(ee)zIanA=1434
620,lueIzIenA=34414
621,lue(ee)zIanA=3414
622,leweezIanR=32414
622,lueeezIanA=32414
623,lue(ee)zIanA=3414
624,lueeezIanA=32414
624,lueeezIanR=32414
625,lue(ee)zIanA=3414
626,lue(ee)zIanA=3414
627,lue(ee)z(ee)anA=314
628,lueeezIanR=32414
629,lueIzIanR=34414
630,lue(ee)zIanA=3414
631,lueIzIanA=34414
632,lue(ee)zIanA=3414
633,lue(ee)zIanA=3414
634,lue(ee)zIanR=3414
635,lue(ee)zIanA=3414
636,lue(ee)zAanA=3414
637,lue(ee)zIanA=3414
638,lueIzIanA=34414
639,lue(ee)zIanA=3414
640,lue(ee)zIanA=3414
640,looweezeeanA=23214
641,luwIz(ee)yanA=1434
641,lue(ee)zIanA=1434
641,lAweezIenA=41434
642,lue(ee)zIanA=3414
642,lueIzIanA=14414
643,lue(ee)zeeanA=2314
644,lAweezIanA=41434
645,lue(ee)zIanA=3414
645,lIweezIanA=43414
646,lue(ee)zIanA=3414
646,lueIzIanA=14434
647,-
648,lue(ee)zIanA=3414
648,lIweezIanA=43414
649,lAweezIanA=43414
650,lue(ee)zIanA=3414
651,lAweezeeanA=42314
652,lueIzIanA=34414
653,lueeezIanA=32414
654,lueweezIanA=32414
655,looeezIanA=32414
656,lueweezIanA=32414
656,lAweezIanA=43414
657,looweezeeanA=32314
657X,lAweezIennA=42414
657Y,lAweezIanA=43414
657Z,lAweezeeanA=42314
657Z,lueeezIanA=23414
658,lue(ee)zIanA=3414
659,lAweezIanA=43414
660,lue(ee)zIanA=3414
661,lue(ee)zIenA=3414
662,lueweezeeanA=23314
663,lue(ee)zIanA=3414
664,-
665,-
666,lueIzIanA=34414
667,lue(ee)zianA=2314
667,lew(ee)zIanA=3414
668,lue(ee)zIanA=3414
668,looweezeeanA=32314
669,lue(ee)zeeanA=2314
670,lue(ee)zIanA=3414
671,-
672,lue(ee)zIanA=3414
673,lueIzeeanA=34314
674,lue(ee)zeeanA=2314
675,lueeezIanA=23414
676,-
677,lew(ee)zIanA=3414
678,lue(ee)zIanA=3414
679,lue(ee)zIanA=3414
680,lue(ee)zIanA=3414
681,lue(ee)zIanA=3414
682,lue(ee)zIenA=3414
683,lue(ee)zIenA=3414
684,lue(ee)zIanA=3414
685,lue(ee)zIanA=3414
686,lue(ee)zIanA=3414
687,lue(ee)zeeanAz=2314
688,-
689,lue(ee)zIanA=3414
690,lew(ee)zIanA=3414
690,lue(ee)z(ee)yanA=314
691,-
692,-
693,lAweezIanA=43414
694,lue(ee)zIanA=3414
695,lue(ee)zIanA=3414
696,lue(ee)zIanA=1434
697,lue(ee)zIanA=3414
698,lue(ee)zIanA=3414
699,-
700,-
701,lue(ee)zIanA=3414
702,lue(ee)zIanA=3414
702,lue(ee)zIanR=3414
703,lue(ee)zeeanA=1324
704,lue(ee)zIanA=3414
705,lue(ee)zIanA=3414
706,-
707,lueweezIanA=23414
708,lue(ee)zi(a)nR=134
709,lue(ee)zIanA=3414
710,-
711,lue(ee)zIanA=3414
711,lueeezIanA=32414
712,lueIzIanA=34414
713,lue(ee)zIanA=3414
714,lue(ee)zIanA=3414
715,-
716,lue(ee)zIyanA=3414
717,lue(ee)zIanA=3414
718,lIweezIanA=43414
719,lueIzIanA=34414
720,lueeezIanA=31434
721,lueIzIanA=34414
722,-
723,lueIzIanA=34414
724,lue(ee)zIanA=3414
725,lueIzIeenA=14434
725,lueIzIeenA=14434
726,lue(ee)zIanA=1434
727,lue(ee)zIenR=3414
728,lue(ee)zIanA=3414
728,lew(ee)z(ee)anA=314
729,-
730,lue(ee)zIanA=3414
731,lueeezeeanA=32314
732,lueweezIanA=32414
733,-
734,lue(ee)zIanA=3414
735,lue(ee)zIanA=3414
735,lue(ee)zIannA=3414
736,lue(ee)zIanA=3414
737,lue(ee)zIanA=3414
738,lue(ee)zIanA=3414
739,-
740,lew(ee)zIanA=2414
741,lue(ee)zIanA=3414
741,lui(ee)zIanA=3414
742,lue(ee)zIanA=3414
743,-
744,lue(ee)zIanR=3414
745,lue(ee)zIanA=3414
746,-
747,lue(ee)zIanA=3414
748,lue(ee)zIanA=3414
749,-
750,lue(ee)zIanA=3414
751,lueIzIanR=34414
751,lueIzIanA=34414
752,lue(ee)zIanA=3414
753,lue(ee)zIanA=3414
754,lue(ee)z(ee)anA=314
755,lue(ee)zIanA=3414
756,lue(ee)z(ee)anA=314
757,lew(ee)zIanA=3414
758,lue(ee)zIanR=3414
759,-
760,lue(ee)zIanA=3414
761,lue(ee)zIanA=3414
762,lueIzIanA=34414
763,lue(ee)zIanR=3414
764,lue(ee)zIanA=3414
765,lui(ee)sIanA=3414
766,lue(ee)zIanA=3414
767,lue(ee)zIanA=3414
768,lui(ee)zIanA=1424
769,lAweezIanA=41434
770,lui(ee)zIanA=3414
771,lew(ee)zIanA=3414
772,lew(ee)zAanA=3414
773,lew(ee)zIanA=3414
773,lue(ee)zIanA=1434
774,lue(ee)zIanA=3414
775,lue(ee)zIanA=3414
775,lue(ee)zIanA=1434
776,lue(ee)zIenu=1423
776,lue(ee)zIanA=1434
777,looweezIanA=31434
777,looweezeeanA=32314
778,lue(ee)zIanA=3414
778,lueIzeeanA=24314
779,lue(ee)zIanA=1434
780,lueIzeeenA=34314
780,lueeezIennA=32414
781,lue(ee)zIanA=3414
782,lue(ee)zIanA=3414
783,lue(ee)zIanA=3414
784,lue(ee)z(ee)anA=314
785,lueeezIanA=32414
786,lue(ee)zIanR=3414
787,lue(ee)zIanA=3414
787,lue(ee)zIanA=1434
788,lue(ee)zIanR=3414
789,lue(ee)zIanA=3414
790,lue(ee)zIanA=3414
791,lue(ee)zIanA=3414
792,lue(ee)zIanR=3414
793,-
794,lue(ee)zIanA=1424
795,lue(ee)zIanA=3414
796,lue(ee)zIanA=3414
797,lue(ee)zIanA=3414
797,lue(ee)zIanA=2414
798,looweezIanA=32414
798,lue(ee)zh(ee)anR=314
799,-
800,lue(ee)zIanA=3414
801,luewIzeeanA=14324
802,lue(ee)zIanA=3414
803,lue(ee)zIanA=1434
804,lue(ee)zIanA=3414
804,lue(ee)zeeanA=1324
805,lui(ee)zIanA=1434
806,looIzhIanA=34414
807,lue(ee)dh(ee)anA=214
808,lue(ee)zIanA=3414
809,lAweezIanA=43414
810,lue(ee)zIanA=3414
811,lue(ee)zIanA=3414
812,lue(ee)zIanA=1434
813,lue(ee)zIanA=3414
814,-
815,lAweezeeanA=42314
815,lAweezeeanR=42314
815,lueweezeeanR=32314
816,lue(ee)zeeanA=2314
817,lue(ee)zIanR=3414
818,lue(ee)zIanA=3414
818,lue(ee)z(ee)anA=314
819,lue(ee)zIanA=1434
820,lueeezIanA=23414
821,lue(ee)zIanA=3414
822,lue(ee)zIanR=3414
823,lue(ee)zIanA=3414
824,lue(ee)zIanA=3414
824,lew(ee)zIenA=2414
825,lue(ee)zIanR=3414
826,lueeezIanA=32414
827,lAweezeeanA=42314
828,lue(ee)zIanA=3414
829,lue(ee)zh(ee)anA=314
830,lAweezIanu=41423
831,lue(ee)zIanA=3414
832,-
833,lue(ee)zIanA=3414
833,lAweezIanA=43414
834,lueIzIanA=34414
835,lue(ee)z(ee)anA=314
836,lue(ee)zIyanA=3414
836,lue(ee)zIanA=2434
837,-
838,lue(ee)zAanA=3414
839,-
840,-
841,-
842,lue(ee)zIanA=3414
843,lue(ee)zIanA=1434
843,lueeezIanA=32414
844,lue(ee)zIanA=1434
845,-
846,lue(ee)zIanA=3414
847,-
848,lueweezeeanA=32314
849,lue(ee)zIanA=3414
850,lue(ee)zIanA=3414
851,-
852,lue(ee)zIanA=3414
853,lueIzeeanA=24314
854,lue(ee)zIanR=2414
855,lue(ee)zIanR=3414
856,lueIzIanA=34414
857,lue(ee)zIanA=3414
858,lue(ee)zIanA=3414
859,lueeezIanA=31434
860,lueweezIanA=23414
860,lAweezIanA=43414
861,lue(ee)zeeanA=1324
862,lue(ee)zIanA=3414
863,lueizIanA=32414
864,lue(ee)zIanA=3414
865,lue(ee)zeeanA=2314
866,lAweezIanA=43414
867,lue(ee)zIanA=3414
867,lue(ee)zIanR=3414
868,lue(ee)zIanA=3414
869,lue(ee)zIanA=3414
869,lue(ee)zIanR=3414
870,lueeezIanA=32414
870,lue(ee)zeeanA=2314
871,lue(ee)zIanA=3414
872,-
873,lueIzeeanA=34314
874,lew(ee)zIanA=3414
875,lueIzIenA=34414
876,lue(ee)zIanA=3414
877,lueweezIanA=13424
878,lue(ee)zIanA=3414
879,lueIzIanA=34414
880,-
881,-
882,lue(ee)zIanA=3414
883,lue(ee)zIanA=3414
884,-
885,lue(ee)zIanA=3414
886,lue(ee)zIanA=3414
886,luewIzeeanA=24314
887,lue(ee)zIanA=3414
888,lAweezIanA=41434
889,lAweezIanA=43414
890,lue(ee)zIanA=3414
891,lui(ee)zIanA=3414
892,-
893,-
894,lue(ee)zeeanA=1324
895,lue(ee)zIanA=1434
895,lueweezIanA=32414
896,loo(ee)zIanA=3414
896,lue(ee)zIanA=3414
897,-
898,-
899,lue(ee)zeeanA=2314
900,lew(ee)zIanA=3414
900,lue(ee)zIanA=3414
901,-
902,lue(ee)zIanA=3414
902,lueeezIanA=32414
903,-
904,lue(ee)zIanA=3414
905,lue(ee)zIanA=3414
906,-
907,lui(ee)zIanA=3414
908,lue(ee)zIanA=3414
909,-
910,lue(ee)zIanA=3414
911,lueweezeeanA=23314
