Informant,Response
001,noe[r]thk[R](A)lienA=3414
002,noe[r]thk[R](A)lienI=3414
003,noe[r]thk[R](A)lienR=1434
004,nawrthk[R](A)lienA=1434
005,naw[r]thk[R](A)lienA=1434
006,noerthkerAlienA=12434
007,noe(r)thker(A)lienA=1134
008,noerthk[R](A)lienA=1434
009,noerthkerIlienR=13414
010,naw[r]thk[R](A)lienA=1434
011,noerthkerIlienA=13424
012,noe[r]thk[R](A)lienA=2414
013,noerthkurAlienA=13424
014,noe[r]thk[R](A)lienA=1434
015,noerthkerIlienA=13424
016,naw[r]thka(rA)lienA=1324
017,noerthk[R](A)lienA=1434
018,noerthk[R](A)lienA=1434
019,noe[r]thkR(A)lienR=1434
020,nawrthkerIlienA=21434
021,naw[r]thk[R](A)lienA=1434
022,naw[r]thkR(A)lienA=3414
023,noe[r]thk[R](A)lienA=1434
024,noerthkerIlienA=13424
025,noe(r)thk[R](A)lienR=2414
025,noe(r)thk[R](A)lienA=2414
026,noerthk[R](A)lienA=1434
027,noerthkarIlienA=13414
028,noerthkR(A)lienA=2414
029,noe[r]thkur(A)lienA=1324
030,noerthker(A)lienA=1234
031,noerthkarAlienA=13424
032,noerthker(A)lienA=2314
033,noerthkerIlienA=13424
034,noe[r]thkarAlienA=13414
035,noerthkerIlienA=13424
036,noerthkur(A)lienA=1314
037,noerthkerIlienA=13414
038,noerthk[R](A)lienA=2414
039,noerthkerAlienA=32414
040,nawrthkerAlienA=13424
041,naw[r]thk[R](A)lienR=1434
042,no[r]thk[R](A)lienA=1434
043,noerthker(A)lienA=1324
044,noerthker(A)lienA=1324
045,naw[r]thk[R](A)lienR=3414
046,noerthker(A)lienA=1324
047,noerthkR(A)lienA=1414
048,noerthker(A)lienA=1314
049,noerthkerIlienA=13414
050,noerthkurIlienA=13424
051,noerthkurAlienA=23414
052,-
053,naw[r]sker(A)lienA=1324
054,-
055,noerthk[R](A)lienA=1434
056,noerthkerAlienA=32414
057,noerthkerAlienA=13414
058,noerthkerAlienA=23414
059,noerthk[R](A)lienA=2414
060,noerthkerIlienA=13424
061,nawrthkarAlienA=13414
062,naw(r)thkI(rA)lienA=3414
062,nawrthkarAlienA=13414
063,noe[r]thk[R](A)lienA=2414
064,noe[r]thkerIlienA=13414
065,nawrthk[R](A)lienA=3414
066,-
067,nawrthkar(A)lienA=2314
068,-
069,noerthk[R](A)lienR=2414
070,noe[r]thk[R](A)lienA=1414
071,noerthk[R](A)lienA=2414
072,noerthkur(A)lienA=2314
073,naw(r)thkarAlienA=21434
074,naw(r)thka(rA)lienA=1314
075,naw(r)thk[R](A)lienA=1434
076,nawrthka(rA)lienA=2314
077,naw(r)thke(rA)lienA=1314
078,noerthkerAlienR=13414
079,noerthkerIlienA=23414
080,-
081,noerthk[R](A)lienA=1434
082,-
083,nawrthk[R](A)lienR=1434
084,noe[r]thk[R](A)lienA=1414
085,noerthkerAlienA=33414
086,naw[r]thkarAlienA=23414
087,noerthkerAlienA=23414
088,noerthk[R](A)lienR=1414
089,-
090,noe[r]thk[R](A)lienR=3414
091,no[r]thkerAlIn(A)=1344
092,-
093,-
094,noe[r]thkar(A)lienA=1314
095,noe(r)thkerAlienA=23414
096,naw(r)thkerAlienA=32414
097,noe[r]thkerAlienA=13414
098,naw(r)thk[R](A)lienA=1434
099,naw[r]thkarAlienA=23414
100,noe(r)thka[r](A)lienA=2314
101,noerthkerAlienA=23414
102,naw(r)thkR(A)lienA=3414
103,noe(r)thkerAlienA=23414
104,noe[r]thkarIlienA=13414
105,noerthkerIlienA=23414
105,noe[r]thkerIlienA=13414
106,northka(rA)lienA=1334
107,naw(r)thker(A)lienA=1324
108,noerthkerIlienA=12414
109,noe[r]thka(r)IlienA=23414
110,naw(r)thke(rA)lienA=1324
111,(noerth)ker(A)lienA=314
112,noe(r)thkarAlienA=33414
113,nawrthkarAlienA=13424
114,noe[r]thkurAlienA=23414
115,noe[r]thke[r](A)lienA=1324
116,-
117,noe[r]thkarAlienA=13424
118,naw(r)thkerAlienA=23414
119,naw(r)thk[R](A)lienA=1434
120,noerthker(A)lienA=2314
121,noe(r)thk[R](A)lienA=3414
122,naw(r)thke(rA)lienA=1314
123,noe(r)thkarAlienA=23414
124,noerthkerAlienA=23414
125,naw(r)thk[R](A)lienA=2414
126,noe[r]thke(r)AlienA=13424
127,-
128,-
129,-
130,-
131,noe[r]thke[r](A)lienA=1314
132,-
133,noe(r)thkerAlienA=23414
134,-
135,naw(r)thka(rA)lienA=1324
136,noe[r]thke[r](A)lienA=2314
137,naw(r)thkarAlienA=23414
138,naw(r)thk[R](A)lienA=2414
139,noerthkerAlienA=23414
140,-
141,naw(r)thkurAlienA=23414
142,naw[r]thke(rA)lienA=2314
143,noe(r)thkarAlienA=23414
144,noe[r]thkarAlienA=23414
145,noe[r]thk[R](A)lienA=1414
146,noerthker(A)lienA=3314
147,-
148,naw(r)thk[R](A)lienA=1424
149,-
150,naw(r)thke(rA)lienA=3314
151,noe[r]thkR(A)lienR=1434
152,nawrthke(rA)lienR=3314
153,-
154,noe[r]thkur(A)lienA=2314
155,noe[r]thk[R](A)lienA=3414
156,-
157,-
158,noerthkarAlienA=13414
159,noerthk[R](A)lienR=3414
160,-
161,naw(r)thkarAlienA=32414
162,no(r)thka[r](A)lienA=2314
163,noe(r)thkarAlienA=23414
164,noerthkerAlienA=23414
165,naw(r)thkerAlienA=23414
166,noe(r)thke(rA)lienA=2314
167,noerthkerIlienA=13414
168,naw(r)thkarAlienA=23414
169,-
170,noe[r]thkarAlienA=23414
171,noerthkerAlienA=23414
172,noe(r)thkar(A)lienA=3214
173,-
174,noe[r]thke[r](A)lienA=1314
175,-
176,noerthky[R](A)lienA=1424
177,naw(r)thk[R](A)lienA=2414
178,-
179,noe[r]thkerIlienA=13414
180,noe[r]thka[r](A)lienA=1314
181,naw[r]thker(A)lienA=1324
182,naw(r)thkeRlienA=23414
183,naw(r)thk[R](A)lienA=3414
184,noe[r]thker(A)lienA=1214
185,noerthkarIlienA=13414
186,noerthkerIlienA=13414
187,-
188,noe[r]thke[r](A)lienA=1314
189,naw(r)thka(r)AlienA=13424
190,noe[r]thka(r)AlienA=13414
191,noe(r)thkerAlienA=12434
192,naw(r)thkarAlienA=23414
193,-
194,-
195,-
196,-
197,-
198,-
199,-
200,-
201,naw[r]thka[r](A)lienA=2314
202,noe[r]thkerIlienA=13414
203,noe[r]thkerIlienA=13414
204,-
205,noerthkerAlienA=13414
206,noerthkerIlienA=11434
207,-
208,noerthkerAlienA=23414
209,no[r]thkurAlienA=13424
210,noe[r]thk[R](A)lienA=3414
211,nawrthkir(A)lienA=1314
212,noerthk[R](A)lienA=3414
213,noe[r]thkarAlienA=23414
214,noerthkerIlienA=13414
215,-
216,naw[r]thkarAlienA=23414
217,noe(r)thkerIlienA=13424
218,-
219,noe[r]thku[r](A)lienA=2314
220,noerthkerAlienA=13424
221,noe[r]thk[R](A)lienA=1434
222,noe(r)thk[R](A)lienA=1434
223,-
224,-
225,noe[r]thk[R](A)lienA=1434
225,naw[r]fk[R](A)lienA=1434
226,noe[r]thka[r](A)lienA=1314
227,(noerth)ke[r](A)lienA=314
228,-
229,noe[r]thkyer(A)lienA=2314
230,noerthkR(A)lienA=1434
231,noerthkerAlienA=23414
232,noerthkerIlienA=21434
233,noerthkarAlienA=23414
234,-
235,naw[r]thk[R](A)lienA=1434
236,nawrthkerAlienA=23414
237,noerthk[R](A)lienA=1434
238,noerthk[R](A)lienA=1434
239,noerthkarAlienA=32414
240,noerthkerAlienA=23414
241,-
242,noerthker(A)lienA=1324
243,noerthker(A)lienA=2314
244,-
245,naw(r)thk[R](A)lienA=1414
246,noe[r]thke[r](A)lienA=1324
247,noe[r]thkarAlienA=23414
248,noe[r]thkerAlienA=23414
249,-
250,naw(r)thkR(A)lienA=1434
251,-
252,noe[r]thk[R](A)lienA=1434
253,noerthker(A)lienA=2314
254,noe[r]thkerAlienA=23414
255,naw(r)thkerAlienA=23414
256,-
257,noerthk[R](A)lienA=2414
258,nawrthkerAlienA=13434
259,nawrthkar(A)lienA=2314
260,noerthkerAlienA=23414
261,noerthkerAlienA=23414
262,-
263,noe[r]thke[r]IlienA=23414
264,noerthkarAlienA=23414
265,-
266,noerthkerAlienA=13414
267,-
268,-
269,naw(r)thk[R](A)lienA=1434
269,noe(r)thkR(A)lienA=1434
270,naw(r)thkerAlienA=23414
271,noerthkerIlienA=13414
272,noerthkerAlienA=21434
273,noerthkerAlienA=32414
274,noerthkerAlienA=23414
275,noe(r)thk[R](A)lienA=3414
276,noe[r]thk[R](A)lienA=2414
277,noerthkar(A)lienA=1324
278,noerthkerIlienA=13414
279,noerthkerAlienA=23414
280,noe[r]thka[r](A)lienA=1134
281,naw(r)thkarAlienA=23414
282,noerthkerAlienA=33414
283,naw[r]thke[r](A)lienA=1324
284,noerthkerIlienA=21424
285,-
286,noerthkarAlienA=32414
287,-
288,-
289,noe[r]thke[r](A)lienA=1314
290,noerthke[r]IlienA=23414
291,noerthkerAlienA=12434
292,nawrthk[R](A)lienA=1414
293,noe[r]thker(A)lienA=1324
294,noerthkerAlienA=23414
295,-
296,-
297,noerthkR(A)lienA=2414
298,-
299,nawrthk[R](A)lienA=3414
300,noerthkerAlienA=23414
301,(noerth)ke(rA)lienA=314
302,noe[r]thkur(A)lienA=1324
303,-
304,nawrthk[R](A)lienA=1434
305,-
306,-
307,noerthkerAlienA=33414
308,noerfkR(A)lienA=1434
309,naw(r)thk[R](A)lienA=1424
310,noerthkerIlienA=13414
311,noerthkarAlienA=23414
312,naw[r]thkarAlienA=23414
313,noerthkarAlienA=23414
314,noerthkur(A)lienA=2314
315,naw(r)thk[R](A)lienA=1434
316,naw[r]thkerAlienA=23414
317,nawrthkar(A)lienA=2314
317,nawrthk[R](A)lienA=3414
318,noerthkR(A)lienA=1414
319,-
320,noerthkR(A)lienA=1414
321,naw[r]thk[R](A)lienA=3414
322,noerthkarAlienA=23414
323,noerthkarAlienA=23414
324,noerthker(A)lienA=1324
325,noe[r]thk[R](A)lienA=3414
326,noerthkerIlienA=13414
327,naw[r]thkar(A)lienA=1324
328,nawrthke(r)AlienA=23414
329,noerthkurAlienA=13414
330,noe(r)thk[R](A)lienA=1414
331,naw(r)thk(arA)LienA=1434
332,naw(r)thk[R](A)lienA=1434
333,noe[r]thk[R](A)lienA=1434
334,nawrthkR(A)lienA=2414
335,nawrthkerAlienA=23414
336,noerthk[R](A)lienA=2414
337,naw(r)thk[R](A)lienA=1434
338,noe[r]thk[R](A)lienA=2414
338,noerthkur(A)lienA=1314
339,noerthkur(A)lienA=1314
340,naw(rth)k[R](A)lienA=1434
341,-
342,noe[r]thkerAlienA=13424
343,noerthkerAlienA=23414
344,-
345,naw(r)thkerAlienA=23414
346,noe[r]thkerIlienA=23414
347,naw[r]thk[R](A)lienA=1434
348,naw(r)thk[R](A)lienA=3414
349,naw[r]thk[R](A)lienA=1434
350,noerthku[r](A)lienA=1334
351,naw(r)thkerAlienA=13424
352,noerthke[r](A)lienA=1314
353,naw(r)thkir(A)lienA=2314
354,noerthk[R](A)lienA=1414
355,noe[r]thk[R](A)lienR=3414
356,-
357,naw[r]thka[r](A)lienA=2314
358,noe(r)thker(A)lienA=2314
359,nawrthk[R](A)lienA=3414
360,noerthkerAlienA=13424
361,noe(r)thk[R](A)lienA=1434
362,noerthk[R](A)lienA=3414
363,noerthk[R](A)lienA=2414
364,naw[r]thk[R](A)lienA=2414
365,noerthk[R](A)lienA=1434
366,noe(r)thkarAlienA=13414
367,noerthk[R](A)lienR=1414
368,nawrthkerAlienA=23414
369,naw(r)thkarAlienA=23414
370,noerthk[R](A)lienA=1434
371,noerthkerIlienA=13414
372,naw[r]thka(rA)lienA=2314
373,noe(r)thke[r](A)lienA=2314
374,nawrthker(A)lienA=3214
375,noerthkarAlienA=23414
376,noerthk[R](A)lienA=3414
377,-
378,noe[r]thkarAlienA=23414
379,nawrthkarAlienA=13414
380,noe[r]thk[R](A)lienA=1434
381,noerthkR(A)lienA=1414
382,noe[r]thk(ar)LienA=3414
383,noerthkerIlienA=23414
384,noe[r]thkerIlienA=13414
385,naw[r]thka(rA)lienA=1324
386,noerthkarIlienA=32414
387,noerthkerIlienA=23414
388,-
389,naw[r]thker(A)lienA=1324
390,naw(r)thkerAlienA=32414
391,noe[r]thka[r](A)lienA=3214
392,-
393,naw(r)thk[R](A)lienA=1424
394,naw(r)thk[R](A)lienA=2414
395,noe[r]thke[r](A)lienA=1324
396,-
397,noerthkur(A)lienA=1314
398,naw(r)thkerAlienA=13414
399,naw(r)thk[R](A)lienA=2414
400,noe(r)thk[R](A)lienA=1434
401,-
402,noe[r]thke[r](A)lienA=1314
403,naw(r)thk[R](A)lienA=3414
404,noe(r)thkerAlienA=23414
405,noe[r]thkerAlienA=23414
406,-
407,noe[r]thka[r]AlienA=23414
408,noe(r)thkerAlienA=13424
409,naw(r)thke(r)AlienA=23414
410,naw(r)thkerAlienA=13414
411,noe[r]thkerAlienA=23414
412,noe[r]thk[R](A)lienA=2414
412,noerthker(A)lienA=1324
413,-
414,naw[r]thkerAlienA=13424
415,nawrthk[R](A)lienA=3414
416,naw[r]thkarAlienA=23414
417,naw(r)thka[r](A)lInA=1344
418,noe(r)thkerAlienA=33414
419,noerthkerIlienA=23414
420,noe[r]thke(rA)lienA=2314
421,naw[r]thke[r](A)lienA=2314
422,naw(r)thkarAlienA=23414
423,-
424,noe(rth)kerAlienA=23414
425,noerthke[r](A)lienA=3314
426,noerthk[R](A)lienR=1434
427,noerthk[R](A)lienA=1434
428,naw(r)thkir(A)lienA=1324
429,-
430,noe[r]thkarAlienA=23414
431,nawrthk[R](A)lienA=3414
432,naw(r)thka(rA)lienA=2314
433,naw[r]thke[r](A)lienA=2314
434,noe[r]thke[r](A)lienA=2314
435,noe[r]thk[R](A)lienA=3414
436,nawrthkarAlienA=23414
437,noerthkerIlienA=13414
438,-
439,noerthkerAlienA=23414
440,noe[r]thkarIlienA=33414
441,naw(r)thk[R](A)lienA=3414
442,noe[r]thk[R](A)lienR=1424
443,noerthkarAlienA=23414
444,noe[r]thky[R](A)lienA=1434
445,-
446,noe[r]thkerIlienA=13414
447,-
448,noerthkerAlienA=23414
449,naw(r)thk[R](A)lienA=1434
450,noe[r]thkerIlienA=23414
451,noe[r]thk[R](A)lienA=1414
452,naw(r)thkerAlienA=13414
453,naw(r)thk[R](A)lienA=3414
454,noe[r]thka(rA)lienA=1324
455,nawrthker(A)lienA=2314
456,nawrthkar(A)lienA=2314
457,nawrthkerAlienA=23414
458,noe(r)thkerAlienA=13424
459,-
460,-
461,nawrthk[R](A)lienA=1434
462,nawrthkerAlienA=13424
463,-
464,noe[r]thk[R](A)lienA=1414
465,noerthk[R](A)lienA=3414
466,naw(r)thker(A)lienA=2314
467,noe[r]thker(A)lienA=1314
468,naw(r)thk(arA)lienA=214
469,nawrthk[R](A)lienA=3414
470,noerthk[R](A)lienA=3414
471,naw(r)thka(rA)lienA=1324
472,nawrthker(A)lienA=3214
473,-
474,noerthka(rA)lienA=1324
475,noe[r]thkerAlienA=13414
476,noerthker(A)lienA=1314
477,naw(r)thka[r](A)lienA=1324
478,-
479,naw(r)thke(rA)lienA=2314
480,noe[r]thkerIlienA=23414
481,naw(r)thka(rA)lienA=1324
482,noe[r]thke[r](A)lienA=1134
483,-
484,naw[r](th)karAlienA=23414
485,naw(r)thkurIlienA=23414
486,-
487,naw[r]thk[R](A)lienA=3414
487,naw[r]thk(ar)LienA=3414
488,nawrthkR(A)lienA=1414
489,noerthk[R](A)lienA=1434
490,noerthkerAlienA=13414
491,-
492,-
493,-
494,nawrthkar(A)lienA=1324
495,naw(r)thker(A)lienA=1234
496,northkerAlienA=13424
497,nawrthka[r](A)lienA=1314
497,nawrthkar(A)lienA=1314
498,noerthkerAlienA=23414
499,naw[r]thk[R](A)lienA=1434
500,noe[r]thk[R](A)lienA=1414
501,noe[r]thk[R](A)lienA=1434
502,noerfk[R](A)lienA=3414
503,-
504,-
505,-
506,-
507,-
508,naw[r]thkerIlienA=13414
509,naw[r]thk[R](A)lienA=3414
510,-
511,-
512,noerthkur(A)lienA=2314
513,noe[r]thke[r](A)lienA=2314
514,noe(r)thkerAlienA=12434
515,-
516,-
517,nawrthkerAlienA=23414
518,noerthkarAlienA=13424
519,nawrthkar(A)lienA=1324
520,-
521,naw[r]thkarIlienA=13424
522,noerthkarAlienA=13414
523,-
524,noerthkarAlienA=23414
525,-
526,-
527,naw(r)thkarIlienA=13424
528,-
529,-
530,nawrthk[R](A)lienA=3414
531,naw(r)thka(r)AlienA=23414
532,naw(r)thker(A)lienA=1314
533,noerthkarAlienA=13414
534,-
535,noe(r)thkerAlienA=13424
536,-
537,-
538,noe[r]thkarIlienA=12434
539,noerthkerIlienA=13414
540,noe[r]thk[R](A)lienA=1414
541,noerthkar(A)lienA=3314
542,-
543,noe[r]thk[R](A)lienA=1434
544,nawrthkerAlienA=23414
545,naw(r)thker(A)lienA=2314
546,-
547,naw(r)thkerAlienA=13414
548,noe[r]thker(A)lienA=1314
549,noerthkarAlienA=23414
550,-
551,nawrthkarAlienA=23414
552,-
553,-
554,naw(r)thke[r](A)lienA=1324
555,-
556,naw(r)thker(A)lienA=3314
557,noerthkerAlienA=13414
558,noerthker(A)lienA=2314
559,-
560,naw(r)thk[R](A)lienA=3414
561,-
562,noe[r]thkur(A)lienA=2314
563,noe[r]thkarIlienA=13414
564,noe[r]thkerIlienA=13414
565,nawrthk[R](A)lienA=1434
566,-
567,naw(r)thkerAlienA=13424
568,-
569,-
570,naw(r)thk[R](A)lienA=3414
571,-
572,noe(r)thk[R](A)lienA=3414
573,naw(r)thk[R](A)lienA=1434
574,naw[r]thka(rA)lien(A)=132
575,noe[r]thkerIlienA=13414
576,nawrthk[R](A)lienA=3414
577,noe[r]thka(rA)lienA=2314
578,naw(r)thk[R](A)lienA=1434
579,naw[r]thkarAlienA=33414
580,-
581,-
582,noe[r]thk[R](A)lienA=1414
583,naw[r]thk[R](A)lienA=1414
584,nawrthker(A)lienA=2314
585,noe[r]thk[R](A)lienA=1434
586,-
587,naw(r)thk[R](A)lienA=1434
588,-
589,noe(r)thker(A)lienA=1324
590,noe[r]thkerIlienA=13414
591,noerthkerAlienA=33414
592,naw(r)thkarAlienA=13424
593,-
594,noe[r]thkyer(A)lienA=1324
595,noerthkerIlienA=13424
596,naw(r)thk[R](A)lienA=1434
597,-
598,noe(r)thkerAlienA=23414
599,noerthkerAlienA=23414
600,-
601,noerthker(A)lienA=1324
602,naw(r)thkerAlienA=13424
603,-
604,noerthkur(A)lienA=1314
605,noerthkerIlienA=13414
606,nawrthkR(A)lienR=3414
607,noe[r]thke[r](A)lienA=1314
608,noerthkarAlienA=23414
609,-
610,maw(r)thka[r](A)lienA=3214
611,-
612,-
613,noe[r]thka(r)AlienA=11434
614,-
615,noerthkerAlienA=23414
616,noerthkarAlienA=23414
617,naw[r]thke[r](A)lienA=1324
618,noerthkurAlienA=23414
619,-
620,noe[r]thkerAlienA=33414
620,noe(r)thku[r](A)lienA=1324
621,-
622,naw(r)thkarAlienA=23414
623,nawr(th)kurAlienA=13424
624,noerthkarAlienA=23414
625,noerthker(A)lienA=3314
626,noe[r]thkarIlienA=23414
627,-
628,noerthkerAlienA=23414
629,noerthke(r)AlienA=23414
630,naw[r]thk[R](A)lienA=3414
631,-
632,noe[r]thk[R](A)lienA=3414
633,noe(r)thkR(A)lienA=1414
634,-
635,nawrthker(A)lienA=2314
636,-
637,-
638,noe[r]thkarAlienA=13424
639,-
640,-
641,naw[r]thkerAlienA=13424
642,naw[r]thkarAlienA=23414
643,nawrthkurAlienA=13424
644,-
645,nawrthkar(A)lienA=2314
646,noerthkarAlienA=13424
647,-
648,naw[r]tkar(A)lienA=2314
649,nawrthkarAlienA=23414
650,-
651,-
652,noerthkarAlienA=23414
653,nawrthkarIlienA=23414
654,-
655,noe(r)thkerAlienA=23414
656,naw[r]thka(rA)lienA=2314
657,noe[r]thka(rA)lienA=2314
657X,noe[r]thkerAlienA=33414
657Y,naw[r]thkarAlienA=23414
657Z,noe[r]thkarIlienA=13414
658,noe[r]thkarIlienA=13414
659,naw[r]tkarAlienA=13414
660,-
661,no(r)thkerA[l]ienA=12434
662,naw[r]thkarIlienA=13424
663,noe(r)thke(rA)lienA=1334
664,naw[r]thkarAlienA=23414
665,-
666,-
667,noe[r]thkarIlienA=13414
668,naw(r)thkarAlien(A)=1243
669,-
670,-
671,naw(r)thkarAlienA=23414
672,noerthkarAlienA=23414
673,noerthkerAlienA=13424
674,noerthkR(A)lienA=1434
675,noerthkerAlienA=12414
676,-
677,-
678,-
679,northkerAlienA=13424
680,noerthkarIlienA=11434
681,nawrthkerIlienA=13424
682,noerthkur(A)lienA=2314
683,-
684,noerthker(A)lienA=1314
685,noerthkerAlienA=23414
686,nawrthkar(A)lienA=1324
687,nawrthkir(A)lienA=1324
688,noe[r]sk[R](A)lienA=1434
689,-
690,-
691,-
692,naw(r)thka(rA)lienA=2314
693,noerthker(A)lienA=2314
694,noerthkur(A)lienA=1314
695,no(r)thkerAlienA=13424
696,noe[r]thke[r](A)lienA=1314
697,nu[r]thk[R](A)lienA=3414
698,-
699,-
700,-
701,naw[r]thk[R](A)lienA=1434
702,noerthkerAlienA=23414
703,nawrthk[R](A)lienA=3414
704,naw(r)thk[R](A)lienA=1434
705,naw[r]thk[R](A)lienA=2414
706,-
707,noe[r]thkarIlienA=13414
708,noerthk[R](A)lienR=2414
709,-
710,-
711,noerthkerAlienA=23414
712,noe(r)thkerAlienA=23414
713,-
714,noerthker(IlienA)=13
715,-
716,-
717,-
718,-
719,noerthkerIlienA=23414
720,-
721,noerthkarAlienA=13414
722,-
723,nawrthkR(A)lienA=2414
724,-
725,noerthkur(A)lienA=2314
726,-
727,noerthk[R](A)lienA=3414
728,naw(r)thk[R](A)lienA=3414
729,-
730,noerthkarAlienA=23414
731,northkerAlienA=13414
732,noerthkerAlienA=13414
733,-
734,-
735,-
736,-
737,naw[r]thk[R](A)lienA=1434
738,northkR(A)lienA=1434
739,noerthkerIlienA=13414
740,-
741,noerthkarAlienA=23414
742,noerthk[R](A)lienA=3414
743,naw(r)thkir(A)lienA=1314
744,-
745,-
746,naw[r]thka[r](A)lienA=2214
747,nawrthkur(A)lienA=1324
748,noe[r]thkI(A)lienA=1434
749,noerthk[R](A)lienA=3414
750,-
751,noerthkarAlienA=33414
752,noe(r)thke[r](A)lienA=1314
753,noerthkerAlienA=23414
754,nawrthk[R](A)lienA=3414
755,noerthkur(A)lienA=2314
756,-
757,noe[r]thk[R](A)lienA=1414
758,naw(r)thkarAlienA=32414
759,-
760,-
761,noe[r]thk[R](A)lienA=1414
762,-
763,-
764,naw(r)thk(arA)LienA=1434
765,nawrthkerAlienA=23414
766,naw[r]thk[R](A)lienA=2414
767,nawrthkR(A)lienA=3414
768,noerthkairIlienA=23414
769,naw(r)thkerAlienA=12434
770,nawrthkerAlienA=13414
771,noe[r]thke(rA)lienA=1314
772,noe[r]thke[r](A)lienA=2314
773,noe[r]thk[R](A)lienA=1414
774,-
775,naw(r)thka(rA)lienA=1234
776,no[r]thkerAlienA=13424
777,noerthkarAlienA=13414
778,-
779,noerthkerIlienA=13424
780,noerthkurAlienA=13414
781,noe[r]thk[R](A)lienA=3414
782,noerthk[R](A)lienA=1414
783,noerthk[R](A)lienA=1414
784,-
785,northkerAlienA=12434
786,noe[r]thk[R](A)lienA=3414
787,nawrthkurAlienA=13424
788,noerthk[R](A)lienR=2414
789,noe[r]thk[R](A)lienA=3414
790,noerthk[R](A)lienA=3414
791,noe[r]thkarAlienA=23414
792,noerthk[R](A)lienA=1434
793,-
794,-
795,-
796,naw(r)thker(A)lienA=1324
797,-
798,naw(r)thkar(A)lienA=1234
799,-
800,nawrthkR(A)lienR=2414
801,noerthker(A)lienA=1324
802,noerthk[R](A)lienA=3414
803,-
804,-
805,noertkarAlienA=23414
806,nawrtkar(A)lienA=1324
807,-
808,-
809,naw[r]thka[r](A)lienA=1314
810,noerthkarIlienA=23414
811,-
812,-
813,-
814,-
815,nawrthker(A)lienA=1314
816,nawrthkurAlienA=23414
817,noerthkur(A)lienA=2314
818,-
819,nawrthk[R](A)lienA=1414
820,northkerAlienA=23414
821,naw(r)thk[R](A)lienA=3414
822,noerthkurAlienR=13414
822,noerthkerIlienR=13414
823,nawrthkar(A)lienA=2314
824,northkerAlienA=23414
825,-
826,noerthk[R](A)lienA=3414
827,noerthkerAlienA=13414
828,naw(r)thk[R](A)lienA=1434
829,naw[r]thka[r](A)lienA=1324
830,naw[r]thke[r](A)lienA=1324
831,noerthkerAlienA=13424
832,-
833,nawrthkR(A)lienA=1434
834,noerthkR(A)lienA=1414
835,nawrthk[R](A)lienA=3414
836,nawrthkar(A)lienA=2314
837,-
838,-
839,-
840,-
841,-
842,-
843,nawrthka[r](A)lienA=1314
844,naw(r)thker(A)lienA=1324
845,-
846,nawrthkar(A)lienA=2314
847,-
848,-
849,naw(r)thkerAlienA=23414
850,noerthk[R](A)lienA=1434
851,-
852,northkerAlienA=23414
853,-
854,noe[r]thk[R](A)lienA=2414
855,-
856,-
857,naw(r)thka[r](A)lienA=2314
858,noe[r]thkerIlienA=13414
859,nawrthkurrAlienA=13424
860,-
861,noe[r]thkerIlienA=13414
862,nawrthkerAlienA=33414
863,nawrthkarAlienA=23414
864,-
865,noerthkerIlienA=12414
866,naw[r]thkarAlienA=23414
867,noerthkar(A)lienA=2314
868,noe[r]thkarIlienA=13414
868,noe[r]thkerIlienA=13414
869,noe[r]thkarIlienA=11434
870,nawrthkurAlienA=23414
871,-
872,-
873,naw(r)thk[R](A)lienA=2414
874,noerthkerIlienA=23414
875,-
876,northkerAlienA=13414
877,nawrthkerIlienA=13414
878,noerthkR(A)lienA=1434
879,-
880,noertku[r](A)lienA=1324
881,-
882,-
883,-
884,-
885,nawrthkR(A)lienA=1434
886,-
887,northkarAlienA=23414
888,-
889,naw[r]thka[r](A)lienA=1324
890,northkerAlienA=13424
891,noerthkerAlienA=23414
892,-
893,noerthkar(A)lienA=2314
894,noerthkerAlienA=13424
895,noerthkurAlienA=13424
896,nawrthkar(A)lienA=2314
897,-
898,-
899,nawrthkerAlienA=13424
900,naw[r]thke(rA)lienA=2314
900,naw[r]thkar(A)lienR=2314
901,noerthkerAlienA=23414
902,nawrthkarAlienA=23414
903,-
904,nawrthka(rA)lienA=2314
905,nawrthkerAlienA=13424
906,noerthkerIlienA=11434
907,-
908,nawrthka[r](A)lienA=1324
909,-
910,naw(r)thka[r](A)lienA=1334
911,nawrthkerIlienA=13434
