Informant,Response
001,mis(I)sipI=314
002,misIsipI=1434
003,miz(I)sipI=314
004,misIsipI=3414
005,mi(sI)sipI=314
006,misIsipee=1423
007,misIsip(I)=341
008,-
009,mis(I)sipee=123
010,mis(I)sipI=314
011,misIsipI=3414
012,misIsippI=3414
013,misIzsipee=1423
014,missIsipee=3413
015,-
016,moossAsipI=3414
017,misIsipI=3414
018,misIsipee=3413
019,miz(I)sIpee=143
020,misIsipee=1423
021,misIsipee=3413
022,misIsipI=3414
023,-
024,misisipee=2313
025,missIsipee=3413
026,misIsipee=1423
027,miz(I)sipI=314
027,mis(I)sipee=313
028,misAsipI=2414
029,miz(I)sipI=134
030,misIsipI=3414
031,misIsipI=1434
032,miz(I)sipI=134
033,misIsipI=3414
034,misIsipee=3413
035,misIsipI=3414
036,-
037,mi(sI)sipI=314
038,misAsipI=1434
039,misIsipI=3414
040,misAsipI=3414
041,miz(I)sipee=313
042,mis(I)shipI=314
043,misIsipee=3413
044,miz(I)sipee=123
045,misIsipI=3414
046,misIsippI=3414
047,mis(I)sipI=314
048,misIsipI=3414
049,misIsipI=3414
050,misIsipI=3414
051,misIsipI=3414
052,-
053,mis(I)sipee=213
054,-
055,mi(sI)sipee=313
056,misIsipI=3414
057,misIsipI=3414
058,mis(I)sipI=314
059,mi(sI)sip(I)=31
060,-
061,-
062,misIsipI=3414
063,-
064,misIsipI=3414
065,mis(I)sipI=314
066,-
067,misIsipI=3414
068,-
069,mis(I)sipI=124
070,misIsipI=3414
071,misIsipI=3414
072,misIsipI=3414
073,misIsipI=3414
074,missIsippI=3414
075,misIsipI=3414
076,mis(I)sipI=314
077,mis(I)sipI=314
078,-
079,misIsipI=3414
080,-
081,misIsipI=2414
082,-
083,misAsippI=3414
084,mi(sI)sipI=314
085,-
086,misAsipI=3414
087,misIsipI=3414
088,misIsipI=3414
089,-
090,misAsipI=3414
091,misAsipI=3414
091,mi(sI)sipI=314
092,-
093,-
094,-
095,missIsippI=3414
096,missIsippI=3414
097,misIsipI=3414
098,mis(I)sippI=314
099,mis(I)sipI=314
100,misAsipI=3414
101,misAsipI=3414
102,missIsipI=3414
103,missIsipI=3414
104,misIsipI=3414
105,mis(I)sipI=314
106,misAsippI=3414
107,missIsippI=3414
108,miz(I)sipI=134
109,mis(I)sipI=214
110,missIsippI=3414
111,mis(I)sipI=134
112,misAsipI=3414
113,-
114,-
115,-
116,-
117,-
118,missIsipI=3414
119,misIsipI=3414
120,misIsipI=3414
121,mis(I)sipI=314
122,mis(I)sippI=314
123,-
124,misAsipI=3414
125,-
126,-
127,-
128,-
129,-
130,-
131,misIsipI=3414
132,-
133,mis(I)sipI=314
134,misIsipI=3414
135,misIsipI=2414
136,mi(sI)sipI=314
137,misIsipI=3414
138,mi(sI)sipI=314
139,misAsipI=1434
140,-
141,misIsipI=3414
142,-
143,mis(I)sipI=314
144,misIsipI=3414
145,-
146,missIsippI=3414
147,-
148,misAsipI=3414
149,-
150,missIsippI=3414
151,miz(I)sipI=314
152,misAsipI=3414
153,-
154,-
155,-
156,-
157,-
158,-
159,mis(I)sipI=314
160,-
161,misAsipI=3414
162,missIsipI=3414
163,misIsipI=3414
164,misIsipI=3414
165,missIsipI=3414
166,misAsipI=3414
167,misIsipI=3414
168,-
169,-
170,mis(I)sipI=214
171,mis(I)sipI=314
172,missIsipI=3414
173,-
174,-
175,-
176,misIsipI=3414
177,misAsipI=2414
178,-
179,misIsipI=3414
180,misIsipI=3414
181,-
182,-
183,misIsipI=1414
184,misIsipI=3414
185,misIsipI=3414
185,missIsipI=3414
186,misIsipee=3413
187,-
188,-
189,missIsipI=3414
190,misIsipI=3414
191,missIsippI=3414
192,misAsipI=3414
193,misIsipI=3414
194,mi(sI)sipI=314
195,-
196,-
197,-
198,-
199,-
200,-
201,misAsipI=3414
202,misIsipI=3414
203,-
204,-
205,-
206,misIsipI=3414
207,missIsipI=3414
208,mis(I)sipI=314
209,missIsipI=3414
210,misAsipI=3414
211,missIsipI=3414
212,missIsipI=3414
213,mis(I)sipI=314
214,misIsipI=3414
215,-
216,misAsipI=3414
217,miz(I)sipee=123
218,-
219,mi(sI)sipI=134
220,missAsippI=3414
221,misIsipI=3414
222,-
223,misIsipI=3414
224,-
225,misIsipI=1434
226,misIsipI=3414
227,missIsippI=3414
228,missIsippI=3414
229,misIsipI=1434
230,misIsippI=3414
231,missAsipI=3414
232,misAsipI=3414
233,misIsipI=3414
234,misAsipI=3414
234,misIsipI=3414
235,misIsipI=3414
236,missAsipI=3414
237,missIsipI=3414
238,misIsipI=3414
239,missIsipI=3414
240,mis(I)sipI=314
241,-
242,mi(sI)sipI=134
243,missAsipee=3413
244,misIsipI=3414
245,mi(sI)sipI=314
246,mis(I)sIpee=143
247,misIsipI=3414
248,misAsipI=1434
249,missIsippI=3414
250,missIsipI=3414
250,mis(I)sipI=314
251,-
252,mi(sI)sipI=314
253,misAsipee=3413
254,misAsipI=1434
255,-
256,-
257,misIsipI=3414
258,-
259,mis(I)sipI=314
260,-
261,misIsipI=3414
262,-
263,miz(I)sipI=314
264,misAsipI=3414
265,-
266,misIssipI=3414
267,-
268,-
269,mis(I)sipI=314
270,misIsipI=1424
271,mi(sI)sipI=314
272,misAsipI=3414
273,misIsipI=3414
274,missAsipI=3414
275,-
276,mizIsipI=3414
277,misAsipI=3414
278,misIsipI=3414
279,misIsipI=3414
280,miz(I)sipI=314
281,mistIsipI=3414
282,missAsipI=3414
283,-
284,misAsipI=1424
285,-
286,mis(I)sipI=314
287,-
288,-
289,misIsipI=2414
290,misIsipee=1423
291,misIsipI=3414
292,misIsipI=3414
293,misIsipI=3414
294,misIsipI=3414
295,-
296,misIsipI=3414
297,misIsipI=1434
298,mis(I)sipI=214
299,mis(I)sipI=314
300,misIsipI=3414
300,mis(I)sipI=214
301,mesAsipee=2413
302,mi(sI)sipI=134
303,-
304,misIsipI=3414
304,misAsipI=3414
305,-
306,mis(I)sipI=314
307,mis(I)sipI=314
308,messIsippI=3414
309,missIsippI=2414
310,misIsipI=3414
311,missIsipI=3414
312,missIsipI=3414
313,missAsipI=3414
314,misIsipI=3414
315,mi(sI)sipI=314
316,mis(I)sipI=314
317,mis(I)sipI=314
318,-
319,-
320,miz(I)sipI=314
321,mis(I)sipI=314
322,misIsipI=3414
323,mi(sI)sipI=314
324,misIsipee=3413
325,mi(sI)sipI=314
326,mi(sI)sipI=134
326,misIsipI=3414
327,misAsipI=3414
328,misIsipI=3414
329,misAsipI=3414
330,mi(sI)sipI=314
331,mis(I)sipI=314
332,m(is)IsipI=414
333,mi(sI)sipI=314
334,missIsippI=3414
335,mis(I)sipI=314
336,mi(sI)sipI=314
337,mis(I)sipI=134
338,misIsipI=3414
338,mi(sI)sipee=313
339,misIsipI=3414
340,mis(I)sipI=314
341,mi(sI)sipI=314
342,misIsippI=3414
343,misIsipI=3414
344,-
345,mis(I)sipI=314
346,-
347,misAsipI=1434
348,mi(sI)sipI=314
349,mi(sI)sipI=314
349,mis(I)sipI=134
350,mis(I)sipI=314
351,mis(I)sipI=314
352,misIsipI=3414
353,mis(I)sipI=314
354,misIsipI=3414
355,-
356,misAsipI=3414
357,misIsipI=2414
358,mi(sI)sipI=314
359,mis(I)sipI=314
360,mis(I)sipI=214
361,mis(I)sipI=314
362,misAsipI=3414
363,mi(sI)sipI=314
364,-
365,mi(sI)sipI=314
365,mis(I)sipI=314
366,misIsipI=3414
367,mi(sI)sipI=314
368,mi(sI)sipI=314
369,misIsippI=3414
370,mis(I)sipI=314
371,misIsipI=3414
372,mis(I)sipI=214
373,mIsIsippI=4414
373,mIs(I)sipI=414
374,missIsipI=3414
375,missAsipI=3414
376,mis(I)sipI=314
377,miz(I)sipI=314
378,misAsipI=3414
379,missIsippI=3414
380,miz(I)sipI=314
381,mis(I)sipI=314
382,mis(I)sipI=314
383,misIsipI=3414
384,misIsipI=2414
385,misIsipI=3414
386,misIsipI=2414
387,misIsipI=3414
388,mi(sI)sipI=214
389,mi(sI)sipI=314
390,mis(I)sipI=214
391,misIsipI=3414
392,-
393,misAsipI=3414
394,mi(sI)sipI=314
395,misIsipI=3414
396,-
397,mi(sI)sipI=314
398,missIsipI=3414
399,mis(I)sipI=314
400,mi(sI)sipI=314
401,-
402,mi(sI)sipI=314
403,mis(I)sipI=314
404,misIsipI=3414
405,misIsipI=3414
406,misAsipI=3414
407,misIsipI=2414
407,mi(sI)sipI=134
408,missIsipI=3414
409,misIsipI=3414
410,missIsippI=3414
411,mi(sI)sippI=314
412,mi(sI)sipI=314
413,-
414,missIsippI=3414
414,missIsippee=2413
415,missIsepI=3414
416,misAsipI=3414
417,mis(I)sipI=314
418,misAsipI=3414
419,miz(I)sipI=314
420,mis(I)sipI=134
421,misAsipI=3414
422,mis(I)sipI=314
423,misIsipI=3414
424,-
425,missAsipI=3414
426,-
427,missIsipI=3414
428,mi(sI)sipI=314
429,-
430,misAsipI=3414
431,mis(I)sipI=314
432,misIsipI=1434
433,misIsipI=3414
434,misI(si)pee=143
435,misAsipI=3414
436,misAsipI=3414
436,mi(sI)sipI=314
437,misIsipI=3414
437,misisipI=2314
438,-
439,mi(sI)sipI=314
440,misIsipI=3414
441,misAsipI=3414
442,mish(I)sipI=214
442,mis(I)sipI=214
443,misIsipI=3414
444,mi(sI)sipI=314
444,miz(I)sipI=134
445,mis(I)sipI=314
446,misIsipI=3414
447,misIsipI=3414
448,mis(I)sipI=314
449,mis(I)sipI=314
450,misAsipI=3414
451,-
452,misIsipI=3414
453,-
454,misIsipI=3414
455,missIsipI=3414
456,misIsipI=3414
457,misIsipI=3414
458,missIsipI=3414
459,-
460,mi(sI)sipI=314
461,misAsipI=3414
462,misIsipI=2414
463,-
464,miz(I)sipI=314
465,missAsipI=3414
466,mis(I)sipI=314
467,-
468,missIsipI=3414
469,missIsipI=3414
470,mis(I)sipI=314
471,misAsipI=3414
472,mis(I)sipI=314
473,-
474,misAsipI=3414
475,misIsipI=3414
476,misIsipI=3414
477,mis(I)sipI=314
478,misIsipI=3414
479,mis(I)sippI=314
480,misIsipI=3414
481,misIsipI=3414
482,misIsipI=3414
483,misIsipI=3414
484,missIsipI=3414
485,misIsipI=3414
486,misIsipI=3414
487,misIsipI=3414
487,mis(I)sipI=314
488,misIsipI=3414
489,mi(sI)sipI=314
490,misAsipI=3414
491,-
492,mis(I)sipI=314
493,mi(sI)sipI=314
494,mis(I)sipI=314
495,mi(sI)sipI=314
496,misIsipI=3414
497,misIsipI=3414
498,misIsipI=3414
499,misAsipI=3414
499,mi(sI)sipI=314
500,-
501,mis(I)sipI=314
502,misAsipI=3414
503,-
504,missIsipI=3414
505,mi(sI)sipI=134
506,mi(sI)sipI=314
507,-
508,mi(sI)sipI=314
508,miz(I)sIpI=144
509,mi(sI)sipI=314
510,-
511,missIsipI=3414
512,misIsipI=3414
513,miz(I)sipI=314
513,mi(sI)sipI=314
514,missIsipI=3414
515,-
516,mis(I)sipI=314
517,misIsipI=3414
518,misAsipI=3414
519,misAsipI=3414
520,-
521,misIsipee=3413
522,misAsipI=3414
523,misIsipI=3414
524,misAsipI=3414
525,missAsipI=3414
526,miz(I)sipI=314
527,misIsipI=3414
527,mi(sI)sipI=314
528,mi(sI)sipI=134
529,-
530,mis(I)sipI=314
531,missIsipI=3414
532,misIsipI=3414
533,misAsipI=3414
534,mi(sI)sipI=314
535,mis(I)sipI=314
535,mI(sI)sipI=414
536,mis(I)sipI=314
536,misAsipI=3414
537,misIsipI=3414
537,mis(I)sipI=314
537,mi(sI)sipI=314
538,misIsipI=3414
538,mis(I)sipI=314
539,mi(sI)sipI=314
540,miz(I)sipI=314
540,mis(I)sipI=314
541,mi(sI)sipI=314
542,-
543,mi(sI)sipee=313
544,missAsipI=3414
545,misIsipI=3414
546,mi(sI)sipI=214
547,misAsipI=3414
548,mi(sI)sipI=314
549,misIsipI=3414
549,mis(I)sipI=314
550,mis(I)sipI=314
551,mi(sI)sipI=314
551,misIsipI=3414
552,-
553,misIsipI=3414
554,mi(sI)sipI=314
555,-
556,mis(I)sipI=314
557,mi(sI)sipI=314
558,misIsipI=3414
559,mis(I)sipI=314
560,mi(sI)sipI=314
561,-
562,misIsipI=3414
562,miz(I)sipI=314
563,misIsipI=3414
564,misIsipI=3414
564,miz(I)sipI=314
565,misAsipI=3414
565,mi(sI)sipI=314
566,-
567,mis(I)sipI=314
568,miz(I)sipI=314
568,misIsipI=3414
569,-
570,misIsipI=3414
570,mi(sI)sipI=314
571,-
572,mis(I)sipI=314
573,missIsipI=3414
573,mi(sI)sipI=314
574,mi(sI)sipI=314
575,misIsipI=3414
575,mi(sI)sipI=314
576,mis(I)sipI=314
577,mis(I)sipI=314
578,-
579,misAsipI=3414
580,-
581,missAsipI=1434
582,mizIsipI=3414
582,mis(I)sipI=314
583,misIsipI=3414
583,misIsip(I)=341
584,mis(I)sipI=314
585,mi(sI)sipI=314
586,misIsipI=3414
586,mis(I)sipI=314
587,misAsipI=3414
588,mi(sI)sipI=314
589,misIsipI=3414
590,misIsipI=3414
591,misIsipI=3414
592,misIsipI=3414
593,miz(I)sipI=314
594,miz(I)sipI=314
595,miz(I)sipI=314
595,misIsipI=2414
596,mi(sI)sipI=314
597,mi(sI)sipI=214
598,misIsipI=1424
598,misIsipI=1434
599,misIsipI=3414
600,mis(I)sipI=314
601,mis(I)sipI=314
602,mis(I)sipI=314
603,mis(I)sipI=314
604,miz(I)sipI=314
605,misIsipI=3414
605,mis(I)sipI=314
606,mi(sI)sipI=314
607,misIsipI=3414
608,mi(sI)sipI=314
609,mis(I)sipI=314
609,misIsipI=3414
610,misIsipI=3414
611,missIsipI=3414
612,mi(sI)sipI=214
613,misIsipI=3414
614,missIsipI=3414
615,missIsipI=3414
616,misIsipI=3414
616,mi(sI)sipI=314
617,mis(I)sippI=314
617,mis(I)sipI=314
618,misIsipI=1434
619,mid(I)sipI=134
620,mi(sI)sipI=314
621,mi(sI)sipI=214
622,misIsipI=3414
622,mi(sI)sipI=314
623,mis(I)sipI=314
624,misIsipI=3414
625,misIsipI=3414
625,mi(sI)sipI=314
626,mi(sI)sipI=314
627,mis(I)sipI=314
628,misAsipI=3414
629,mi(sI)sipI=314
630,mi(sI)sipI=314
631,misAsipI=3414
631,mi(sI)sipI=314
632,misAsipI=3414
632,mis(I)sipI=314
633,missAsipI=3414
634,mi(sI)sipI=214
635,missIsipI=3414
636,mis(I)sipI=314
637,misAsipI=3414
638,mis(I)sipI=314
638,mi(sI)sipI=314
639,mis(I)sipI=314
640,mA(sI)sipI=414
641,missIsipee=2413
641,mIs(I)sipee=413
642,misAsipI=3414
643,missIsipI=1434
644,misIsipI=3414
645,misIsippI=3414
645,misAsipI=3414
646,misIsipI=3414
647,misIsipI=3414
648,misAsipI=3414
649,missIsipI=3414
650,missAsipI=3414
651,-
652,misAsipI=3414
653,misIsipI=3414
654,misIsipI=3414
655,misAsipI=3414
656,misIsipI=3414
657,missAsipI=3414
657X,misIsipI=3414
657Y,mis(I)sipI=214
657Z,mi(sI)sipI=314
658,misIsipI=3414
659,misIsipI=3414
660,mis(I)sipI=314
661,missIsippI=3414
662,misIsipI=3414
663,misIsipI=1434
664,misAsipI=3414
665,mi(sI)sipI=314
666,mi(sI)sipI=314
667,misIsipI=3414
668,misIsipI=3414
669,missIsippI=3414
670,-
671,mis(I)sipI=314
672,misIsipI=3414
672,mi(sI)sipI=314
673,misIsippI=3414
674,misIsipI=3414
675,mi(sI)sipI=314
676,misIsipI=2414
677,mi(sI)sipI=314
678,mi(sI)sipI=314
678,miz(I)sipI=314
679,mIsIsippI=4414
680,misIsipI=3414
681,mis(I)sipI=314
682,misIsipI=3414
683,-
684,misIsipI=3414
684,mi(sI)sipI=314
685,misAsipee=1432
686,misAsipI=3414
687,mis(I)sipI=314
688,mis(I)sipI=134
688,mi(sI)sipI=314
689,mis(I)sipI=314
690,mi(sI)sipI=314
690,mis(I)sipI=314
691,mi(sI)sipI=314
692,misAsipI=3414
693,misIsipI=3414
694,misIthipI=3414
695,missIsaipI=3414
696,misIsipI=3414
697,missAsipI=3414
697,mis(I)sipI=314
698,mi(sI)sipI=314
699,miz(I)sipI=134
700,-
701,misAsipI=3414
702,mi(sI)sipI=134
703,-
704,misIsipI=3414
705,mis(I)sipI=314
706,-
707,misIsipI=3414
708,misAsipee=3412
709,missIsipI=3414
710,-
711,missAsipI=3414
712,misIsipI=3414
713,missIsipI=3414
714,mi(sI)sipI=314
715,-
716,misIsipI=1434
717,-
718,mi(sI)sipI=314
719,misIsipI=3414
720,-
721,mi(sI)sipI=314
722,mis(I)sipI=134
723,misIsipI=1434
724,misIsipI=3414
725,mi(sI)sipI=314
726,mis(I)sippI=314
727,mi(sI)sipI=214
728,mis(I)sipI=314
729,missIsipI=3414
730,mi(sI)sipI=314
731,mis(I)sipI=314
732,mizAsipI=3414
733,-
734,-
735,mis(I)sipI=314
736,missAsipI=3414
736,mis(I)sipI=314
737,mis(I)sipI=314
738,-
739,-
740,miz(I)sipI=314
741,misIsipI=3414
742,-
743,missAsipee=3413
744,-
745,missAsipI=3414
746,-
747,miz(I)sipI=314
748,mi(sI)sipI=314
749,-
750,misIsipI=3414
751,mi(sI)sipI=314
752,misIsipI=3414
752,mi(sI)sipI=314
753,mis(I)sipee=313
753,misIsipI=3414
753,mis(I)sipI=314
754,mis(I)sipI=314
755,mis(I)sipI=314
756,mis(I)sipI=314
757,misIsipI=3414
757,miz(I)sipI=134
758,mi(sI)sipI=314
759,mi(sI)sipI=314
760,misIsipI=1434
761,mA(sI)sipI=414
762,mi(sI)sipI=314
762,misIsipI=3414
763,miz(I)sipI=314
764,mis(I)sipI=314
764,mi(sI)sipI=314
765,missAsipI=3414
766,mi(sI)sipI=314
767,misIsipI=1434
767,mi(sI)sipI=214
768,misIsipI=3414
769,misIsippI=1434
769,mis(I)sippI=134
770,missAsipI=3414
771,mis(I)sipI=314
772,mis(I)sipI=134
773,misIsipI=3414
774,-
775,mi(sI)sipI=314
775,mis(I)sipI=314
776,missIsippee=1423
777,misIsipI=3414
778,misIsipI=3414
779,misIsipI=3414
780,mis(I)sipI=314
781,-
782,mi(sI)sipI=314
783,misIsipI=3414
783,mi(sI)sippI=314
784,-
785,mis(I)zipI=134
786,mis(I)sipI=314
787,misIsipI=1434
788,mis(I)sipI=134
789,mis(I)sipI=314
790,miz(I)sipI=314
790,mi(sI)sipI=314
791,misAsipI=3414
792,misIsipI=3414
792,mi(sI)sipI=314
793,mis(I)sipI=314
794,mi(sI)sipI=314
795,mi(sI)sipI=314
796,mis(I)sipI=314
797,mis(I)sipI=114
798,misAsipI=3414
799,mi(sI)sipI=314
800,misIsipI=3414
800,mis(I)sipI=314
801,misIsipI=3414
801,miz(I)chipI=314
802,mis(I)sipI=314
803,mi(sI)sippI=314
804,mi(sI)sippI=314
805,mis(I)sipI=314
806,mis(I)sipI=314
807,mis(I)sippI=314
808,misIsipI=3414
808,misAsipI=3414
809,-
810,misIsipI=3414
811,mi(sI)sipI=314
812,mi(sI)sipI=314
812,miz(I)sipI=314
813,missAsipI=1424
814,mis(I)sipI=314
815,misIsipI=3414
816,misIsipI=3414
817,misIsipI=3414
818,mi(sI)sipI=314
819,mi(sI)sIpee=143
820,missIsippI=3414
821,mi(sI)sipI=314
822,mis(I)sipI=134
823,mis(I)sipI=314
824,missIsippI=1424
824,mis(I)sippI=134
824,mis(I)sippI=134
825,misAsipI=2414
825,misAsipI=3414
825,mis(I)sipI=314
826,mis(I)sipI=314
827,misIsipI=3414
828,mi(sI)sipI=314
829,mi(sI)sipI=314
830,missAsippI=2414
831,missAsipI=3414
832,misisipI=2314
833,misAsipI=3414
834,misIsipI=3414
835,misAsipI=3414
836,misAsipI=3414
837,-
838,-
839,mi(sI)sipI=314
839,miz(I)sipI=314
840,-
841,-
842,misIsipI=3414
842,mi(sI)sipI=314
843,misIsipI=3414
844,mIs(I)sipI=414
844,mis(I)sipI=134
845,-
846,misIsipI=3414
847,missIsipI=3414
848,misIsipI=3414
848,misIsippI=3414
849,misIsipI=3414
850,misIsipI=3414
851,mi(sI)sipI=314
852,mis(I)sipI=134
853,misIsipI=3414
854,misisipI=2314
854,mis(I)sipI=314
855,mi(sI)sipI=314
856,-
857,misIsipI=3414
857,misAsipI=3414
858,misIsippI=2414
858,misIsipI=2414
859,misIsipI=3414
860,misAsipI=3414
860,misIsipI=3414
861,mizIsipI=2414
862,mis(I)sipI=314
863,missIsipI=3414
864,-
865,misIsipI=1434
866,missAsipI=3414
867,misAsipI=3414
868,misIsipI=3414
868,mizIsipI=3414
869,misIsipI=3414
870,misIsipI=3414
871,missAsipI=3414
872,-
873,missIsipI=3414
874,misIsipI=3414
875,misAsipI=1424
876,misAsippI=3414
877,misIsipI=3414
878,missIsipI=3414
879,-
880,-
881,-
882,mi(sI)sipI=314
883,misIsipI=3414
884,-
885,misAsipI=3414
886,-
887,mis(I)sipI=314
888,mibIsippI=1434
889,misAsipI=3414
890,misIsipI=3414
891,misAsipI=3414
892,-
893,miz(I)sipI=314
894,-
895,mizIsipI=3414
896,mizAsipI=3414
897,-
898,-
899,misIsipI=3414
899,(misI)sipI=14
900,mi(sI)zip(I)=31
901,missAsipI=3414
902,misAsipI=3414
902,misIsipI=3414
903,misIzsipI=3414
904,misAsipI=3414
905,missAsipI=3414
906,misIsipI=3414
906,mi(sI)sipI=314
907,missIsipI=3414
908,misAsipI=3414
909,-
910,misAsipI=3414
911,mi(sI)sipI=314
