Informant,Response
001,-
002,-
003,oeklAhoemA=3414
004,oeklAhoemA=3414
005,oeklAhoemA=3414
006,oeklihoemA=1324
007,oeklAhoe[m](A)=241
008,-
009,oeklAhoemA=3414
010,oeklIhoemA=3414
011,oeklAhoe[m](A)=341
012,-
013,oeklAhoemA=1434
014,oeklIhoemA=3414
015,oeklAhoemA=1434
016,oeklAhoemA=3414
017,oeklAhoemA=3414
018,oeklAhoemA=3414
019,oeklAhoemA=1434
020,oeklAhoemA=1434
021,-
022,oeklAhoemA=3414
023,-
024,oeklAhoemA=3414
025,-
026,oeklAhoemA=3414
027,oeklAhoemA=1434
028,oeklAhoemA=1434
029,oeklAhoemA=3414
030,oeklAhoemA=3414
031,oeklAhoemA=3414
032,oeklAhoemA=3414
033,oeklAhoemA=3414
034,oeklAhoemA=1434
035,oeklAhoemA=3414
036,oeklIhoemA=3414
037,oeklIhoemA=3414
038,oeklAhoemA=3414
039,oeklIhoemA=3414
040,oeklIhoemA=3414
041,oek(l)AhoemA=3414
042,-
043,oeklAhoemA=3414
044,oeklAhoemA=3414
045,oeklAhoemA=3414
046,oeklAhoemA=3414
047,oeklIhoemA=3414
048,oeklIhoemA=3414
049,oeklIhoemA=3414
050,oeklAhoemA=3414
051,oeklIhoemA=3414
052,-
053,oeklIhoemA=2414
054,-
055,oeklIhoemA=3414
056,-
057,oeklIhoemA=3414
058,oeklIhoemA=3414
059,oeklAhoemA=3414
060,oeklAhoemA=3414
061,-
062,oeklIhoemA=3414
063,-
064,oeklIhoemA=3414
065,oeklAhoemA=3414
066,-
067,oeklAhoemA=3414
068,-
069,oeklAhoemA=3414
070,-
071,oeklIhoemA=3414
072,oeklIhoemA=3414
073,oeklIhoemA=3414
074,oeklIhoemA=3414
075,oeklIhoemA=3414
076,oeklAhoemA=3414
077,-
078,-
079,-
080,-
081,-
082,-
083,oeklAhoemA=3414
084,-
085,oeklAhoemA=3414
086,oeklAhoemA=3414
087,oeklIhoemA=3414
088,-
089,-
090,oeklAhoemA=3414
091,oeklIhoemA=3414
092,oeklIhoemA=3414
093,-
094,-
095,oeklAhoemA=3414
096,oek(l)IhoemA=3414
097,-
098,oeklAhoemA=3414
099,oeklAhoemA=3414
100,oeklIhoemA=3414
101,oeklIhoemA=3414
102,oeklAhoemA=3414
103,oeklIhoemA=3414
104,oeklIhoemA=3414
105,oeklAhoemA=3414
106,oeklAhoemA=3414
107,oeklIhoemA=3414
108,-
109,oeklIhoemA=3414
110,-
111,oeklAhoemA=3414
112,oeklAhoemA=3414
113,-
114,-
115,-
116,-
117,-
118,oeklAhoemA=3414
119,oeklIhoemA=3414
120,oeklAhoemA=3414
121,oeklIhoemA=3414
122,oeklIhoemA=3414
123,-
124,oeklAhoemA=3414
125,-
126,-
127,-
128,-
129,-
130,-
131,oeklIhoemA=2414
132,-
133,-
134,-
135,oeklIhoemA=3414
136,oeklIhoemA=3414
137,oeklIhoemA=3414
138,-
139,oeklAhoemA=3414
140,-
141,oeklIhoemA=3414
142,oeklAhoemA=3414
143,oeklAhoemA=3414
144,oeklIhoemA=3414
145,-
146,oeklAhoemA=3414
147,-
148,oeklIhoemA=3414
149,-
150,oeklIhoemA=3414
151,oeklihoemA=2314
152,oek(l)AhoemA=3414
153,-
154,-
155,-
156,-
157,-
158,-
159,oeklAhoemA=3414
160,-
161,oek(l)AhoemA=3414
162,oeklIhoemA=3414
163,oeklIhoemA=3414
164,oeklIhoemA=3414
165,oeklAhoemA=3414
166,oeklAhoemA=3414
167,oeklIhoemA=3414
168,-
169,-
170,oeklIhoemA=3414
171,oeklIhoemA=3414
172,oeklIhoemA=3414
173,-
174,-
175,-
176,oeklAhoemA=3414
177,oeklAhoemA=2414
178,-
179,-
180,-
181,-
182,-
183,oeklIhoemA=3414
184,oeklIhoemA=3414
185,oeklAhoemA=3414
186,oeklIhoemA=3414
187,-
188,oek(l)IhoemA=3414
189,oeklIhoemA=3414
190,-
191,oeklAhoemA=3414
192,-
193,-
194,-
195,-
196,oeklIhoemA=3414
197,-
198,-
199,-
200,-
201,oeklAhoemA=3414
202,oeklAhoemA=3414
203,-
204,-
205,-
206,oeklIhoemA=3414
207,oeklIhoemA=3414
208,oeklAhoemA=3414
209,oeklAhoemA=2414
210,oeklAhoemA=3414
211,oeklihoemA=1314
212,oeklAhoemA=3414
213,oeklAhoemA=3414
214,oeklIhoemA=3414
215,-
216,oeklAhoemA=3414
217,oeklIhoemA=3414
218,-
219,oeklAhoemA=1434
220,oeklAhoemA=1424
221,-
222,-
223,oeklAhoemA=3414
224,-
225,-
226,oek(l)AhoemA=3414
227,oeklIhoemA=3414
228,-
229,oeklAhoemA=1434
230,oekrAhoemA=3414
231,oeklAhoemA=3414
232,-
233,oeklAhoemA=3414
234,oeklAhoemA=3414
235,oeklIhoemA=3414
236,oeklAhoemA=3414
237,oeklAhoemA=3414
238,oeklAhoemA=3414
239,oeklIhoemA=3414
240,oeklIhoemA=3414
241,-
242,oeklAhoemA=3414
243,oeklAhoemA=3414
244,-
245,oeklIhoemA=3414
246,oeklAhoemA=3414
247,oeklAhoemA=3414
248,oeklAhoemA=3414
249,oeklAhoemA=2414
250,-
251,-
252,-
253,oeklAhoemA=3414
254,-
255,oeklAhoemA=3414
256,-
257,oeklIhoemA=3414
258,oeklAhoemA=3414
259,oeklAhoemA=3414
260,-
261,oeklAhoemA=3414
262,-
263,oeklAhoemA=3414
264,oeklAhoemA=3414
265,-
266,oeklIhoemA=3414
267,-
268,-
269,oeklAhoemA=1434
270,oeklAhoemA=2414
271,oeklAhoemA=3414
272,oeklAhoemA=3414
273,oeklIhoemA=3414
274,oeklAhoemA=3414
275,oeklIhoemA=3414
276,-
277,oeklAhoemA=3414
278,oeklAhoemA=3414
279,oeklIhoemA=3414
280,oeklIhoemA=3414
281,oeklIhoemA=3414
282,oeklAhoemA=3414
283,oeklAhoemA=3414
284,oeklAhoemA=3414
285,-
286,oeklIhoemA=3414
287,-
288,-
289,oeklIhoemA=3414
290,-
291,oeklAhoemA=1434
292,oeklAhoemA=3414
293,oeklAhoemA=3414
294,oeklIhoemA=3414
295,-
296,oeklIhoemA=3414
297,oeklIhoemA=3414
298,-
299,oeklIhoemA=2414
300,oeklIhoemA=3414
301,oeklIhoemA=3414
302,oeklIhoemA=3414
303,oeklAhoemA=3414
304,oeklAhoemA=3414
305,-
306,-
307,oeklAhoemA=3414
308,oeklIhoemA=3414
309,oeklAhoemA=1434
310,oeklIhoemA=3414
311,oeklAhoemA=3414
312,oeklIhoemA=3414
313,oeklAhoemA=3414
314,oeklIhoemA=3414
315,oeklAhoemA=3414
316,oeklAhoemA=3414
317,oeklIhoemA=3414
318,oeklIhoemA=3414
319,-
320,oeklIhoemA=3414
321,oeklAhoemA=3414
322,oeklAhoemA=3414
323,oeklAhoemA=3414
324,oeklIhoemA=3414
325,oeklAhoemA=3414
326,oeklIhoemA=3414
327,oeklAhoemA=3414
328,-
329,oeklAhoemA=3414
330,oeklIhoemA=3414
331,oeklIhoemA=2414
332,oeklAhoemA=1434
333,oeklIhoemA=3414
334,oeklIhoemA=3414
335,oeklAhoemA=3414
336,oeklAhoemA=3414
337,-
338,oeklIhoemA=3414
339,oeklIhoemA=3414
340,-
341,oeklAhoemA=3414
342,oeklAhoemA=1424
343,oeklIhoemA=3414
344,-
345,-
346,-
347,oeklAhoemA=3414
348,oeklAhoemA=3414
349,-
350,-
351,oeklIhoemA=3414
352,oeklIhoemA=3414
353,oeklIhoemA=3414
354,oeklIhoemA=3414
355,-
356,oeklAhoemA=3414
357,oeklIhoemA=3414
358,oeklIhoemA=3414
359,oeklIhoemR=3414
360,oeklIhoemA=3414
361,oeklIhoemA=3414
362,oeklAhoemA=3414
363,oeklAhoemA=3414
364,oeklAhoemA=3414
365,oek(l)AhoemA=3414
366,oeklIhoemA=3414
367,-
368,oeklAhoemA=3414
369,oeklIhoemA=3414
370,oeklAhoemA=3414
371,oeklIhoemA=3414
372,oeklIhoemA=3414
373,oeklAhoemA=1434
374,oeklIhoemA=3414
375,oeklAhoemA=3414
376,-
377,-
378,oeklAhoemA=3414
379,oeklAhoemA=3414
380,oeklIhoemA=3414
381,oeklIhoemA=3414
382,oeklAhoemA=3414
383,oeklAhoemA=3414
384,oeklAhoemA=3414
385,oeklAhoemA=3414
386,oeklIhoemA=3414
387,oeklIhoemA=3414
388,-
389,-
390,oeklIhoemA=3414
391,oeklIhoemA=3414
392,oeklAhoemA=3414
393,oeklAhoemA=1424
394,oeklAhoemA=3414
395,oeklIhoemA=3414
396,-
397,-
398,-
399,oek(l)AhoemA=3414
400,oeklAhoemA=3414
401,-
402,-
403,oeklAhoemA=3414
404,oeklIhoemA=3414
405,oeklIhoemA=3414
406,-
407,oeklIhoemA=3414
408,oeklIhoemA=3414
409,oeklAhoemA=3414
410,oeklIhoemA=3414
411,oeklAhoemA=3414
412,-
413,-
414,oeklAhoemmA=3414
415,oeklIhoemA=3414
416,oeklAhoemA=3414
417,oeklIhoemA=3414
418,oeklIhoemA=3414
419,oeklIhoemA=3414
420,-
421,oeklAhoemA=3414
422,oeklAhoemA=3414
423,oeklAhoemA=3414
424,oeklIhoemA=3414
425,-
426,-
427,oek(l)AhoemA=3414
428,oeklAhoemA=3414
429,-
430,oeklAhoemA=3414
431,oeklAhoemA=3414
432,-
433,oeklIhoemA=3414
434,-
435,oeklAhoemA=3414
436,oek(l)AhoemA=3414
437,oeklIhoemA=3414
438,-
439,oe(k)LIhoemA=34414
440,oeklAhoemA=3414
441,oeklAhoemA=3414
442,oeklAhoemA=3414
443,oeklAhoemA=3414
444,oeklIhoemA=3414
445,oeklIhoemA=3414
446,oeklIhoemA=3414
447,oeklIhoemA=3414
448,oeklAhoemA=3414
449,-
450,-
451,oeklIhoemA=3414
452,oeklIhoemA=3414
453,-
454,oeklAhoemA=3414
455,oeklAhoemA=3414
456,oeklAhoemA=3414
457,oeklAhoemA=3414
458,oeklIhoemA=3414
459,-
460,-
461,oeklAhoemA=3414
462,oeklAhoemA=2414
463,-
464,-
465,oeklAhoemA=3414
466,oeklIhoemR=3414
467,oeklIhoemA=3414
468,oeklIhoemA=3414
469,-
470,oeklAhoemA=3414
471,oeklAhoemA=3414
472,oek(l)AhoemA=3414
473,-
474,oeklAhoemA=3414
475,oeklIhoemA=3414
476,oeklAhoemA=3414
477,oeklIhoemA=3414
478,-
479,oeklIhoemA=3414
480,oeklIhoemA=3414
481,oeklIhoemA=3414
482,-
483,-
484,oeklIhoemA=3414
485,oeklIhumA=3414
486,-
487,oeklAhoemA=3414
488,oeklAhoemA=3414
489,oeklAhoemA=3414
490,oeklAhoemA=3414
491,oeklIhoemA=3414
492,oeklAhoemA=3414
493,-
494,-
495,oeklIhoemA=3414
496,oeklAhoemA=3414
497,-
498,oeklIhoemA=3414
499,oeklAhoemA=3414
500,-
501,oeklIhoemA=3414
502,oeklAhoemA=3414
503,oeklIhoemA=3414
504,-
505,-
506,-
507,-
508,oeklAhoemA=2414
509,oeklAhoemA=3414
510,-
511,-
512,-
513,oeklIhoemA=3414
514,oeklAhoemA=1434
515,oeklIhoemA=3414
516,oeklIhoemA=3414
517,oeklIhoemA=3414
518,oeklAhoemA=3414
519,oeklAhoemA=3414
520,-
521,oeklAhoemA=3414
522,oeklAhoemA=3414
523,-
524,oeklAhoemA=3414
525,-
526,-
527,oeklIhoemA=3414
528,-
529,-
530,-
531,oeklIhoemA=3414
532,oeklIhoemA=3414
533,oeklIhoemA=3414
534,-
535,oeklAhoemA=3414
536,-
537,-
538,-
539,oeklIhoemA=3414
540,oeklIhoemA=3414
541,oeklIhoemA=3414
542,-
543,-
544,oeklAhoemA=3414
545,-
546,-
547,oeklIhoemA=3414
548,oeklIhoemA=3414
549,oeklAhoemA=3414
550,-
551,oeklAhoemA=3414
552,-
553,-
554,-
555,-
556,oeklAhoemA=3414
557,oeklIhoemA=3414
558,oeklIhoemA=3414
559,-
560,oeklIhoemA=3414
561,-
562,oeklIhoemA=3414
563,oeklIhoemA=3414
564,oeklIhoemA=3414
565,oeklAhoemA=3414
566,-
567,-
568,-
569,-
570,oeklAhoemA=3414
571,-
572,oeklIhoemA=3414
573,oek(l)AhoemA=3414
574,oeklAhoemA=3414
575,oeklIhoemA=3414
576,oeklAhoemR=3414
577,-
578,oeklAhoemA=3414
579,oeklAhoemA=3414
580,-
581,oeklAhoemA=1424
582,oeklIhoemA=3414
583,oeklAhoemA=3414
584,oeklAhoemA=3414
585,oek(l)AhoemA=1434
586,-
587,oeklAhoemA=3414
588,oeklIhoemA=3414
589,oeklIhoemA=3414
590,oeklIhoemA=3414
591,oeklAhoemR=3414
592,oeklAhoemA=3414
593,oeklAhoemA=3414
594,oeklAhoemA=1434
595,oeklAhoemA=3414
596,oeklIhumA=3414
597,-
598,oeklAhoemA=3414
599,oeklAhoemA=3414
600,-
601,oeklAhoemA=3414
602,oek(l)IhoemA=3414
603,-
604,-
605,-
606,-
607,oeklIhoemA=3414
608,oeklAhoemA=3414
609,-
610,oeklIhoemA=3414
611,oeklAhoemA=1424
612,oek(l)IhoemI=3414
612,oekleehoemI=2314
613,oeklAhoemA=3414
613,oeklIhoemA=1434
614,-
615,oeklAhoemA=3414
616,oeklAhoemA=3414
617,oeklAhoemA=2414
618,oeklAhoemA=3414
619,-
620,oeklAhoemA=3414
621,oeklIhoemA=3414
622,oeklAhoemA=3414
623,oek(l)AhoemA=3414
624,oeklAhoemA=3414
625,oeklIhoemA=3414
626,-
627,-
628,oeklAhoemA=3414
629,oeklIhoemA=3414
630,oeklAhoemA=3414
631,-
632,oeklAhoemA=3414
633,oeklAhoemA=3414
634,-
635,oe(k)lIhoemA=3414
636,oeklAhoemA=3414
637,-
638,oeklIhoemA=3414
639,-
640,-
641,oeklAhoemA=1424
642,-
643,oeklIhoemA=3414
644,-
645,oeklAhoemA=3414
646,oeklAhoemA=3414
647,-
648,oeklAhoemA=3414
649,oeklAhoemA=3414
650,-
651,-
652,-
653,oeklIhoemA=3414
654,oeklIhoemA=3414
655,oeklAhoemA=3414
656,oeklIhoemA=3414
657,oeklIhoemA=3414
657X,oeklAhoemA=3414
657Y,oeklIhoemA=3414
657Z,oeklIhoemA=3414
658,oeklIhoemA=3414
659,oeklIhoemA=3414
660,oeklAhoemA=3414
661,oeklAhoemA=3414
662,oeklAhoemA=3414
663,-
664,-
665,-
666,oeklAhoemA=3414
667,oeklIhoemA=3414
668,oeklIhoemA=3414
669,oeklIhoemA=3414
670,oeklAhoemA=3414
671,oeklAhoemA=3414
672,oeklIhoemA=3414
673,oeklIhoemA=3414
674,oeklIhoemA=3414
675,oeklAhoemA=2414
676,-
677,-
678,oeklIhoemA=3414
679,oeklAhoemA=1434
680,oeklIhoemA=3414
681,oeklAhoemA=3414
682,oeklIhoemA=3414
683,oeklIhoemA=3414
684,oek(l)AhoemA=3414
685,oeklAhoemA=3414
686,oeklAhoemA=3414
687,oeklIhoemA=3414
688,-
689,oeklAhoemA=3414
690,oeklAhoemA=3414
691,oeklIhoemA=3414
692,oeklAhoemA=3414
693,oeklAhoemA=3414
694,oeklIhoemA=3414
695,oeklIhoemA=3414
696,oeklIhoemA=3414
697,oeklAhoemA=3414
698,-
699,-
700,oeklIhoemA=3414
701,-
702,-
703,oeklAhoemA=3414
704,oeklIhoemA=3414
705,oeklIhoemA=3414
706,-
707,oeklIhoemA=3414
708,oeklAhoemA=3414
709,oeklAhoemA=3414
710,-
711,oeklAhoemA=3414
712,oeklIhoemA=3414
713,oeklAhoemA=3414
714,oeklIhoemA=3414
715,oeklIhoemA=3414
716,oeklAhoemA=3414
716,oeklIhoemA=3414
717,-
718,oeklAhoemA=2414
719,oeklAhoemA=3414
720,-
721,oeklIhoemA=3414
722,oeklAhoemA=3414
723,-
724,oeklIhoemA=3414
725,oeklAhoemA=1434
726,oeklAhoemI=1434
727,oeklIhoemA=3414
728,oeklAhoemA=2414
729,-
730,oeklAhoemA=3414
731,oeklIhoemA=3414
732,oeklAhoemA=3414
733,oeklAhoemA=3414
734,oeklAhoemA=3414
735,oeklAhoemA=3414
736,oeklAhoemA=3414
737,oeklAhoemA=3414
738,oeklIhoemA=3414
739,-
740,oeklIhoemA=3414
741,oeklAhoemA=3414
742,oeklAhoemA=3414
743,oeklIhoemA=3414
744,-
745,oeklAhoemA=3414
746,-
747,-
748,oeklIhoemA=3414
749,oeklIhoemA=3414
750,oeklIhoemA=3414
751,oeklIhoemA=3414
752,oeklIhoemA=3414
753,oeklIhoemA=3414
754,oek(lA)hoemA=314
755,oeklIhoemA=3414
756,oeklAhoemA=3414
757,oeklIhoemA=3414
758,oeklIhoemA=3414
759,-
760,oeklAhoemA=3414
761,-
762,-
763,-
764,oeklAhoemA=3414
765,oeklAhoemA=3414
766,oeklAhoemA=3414
767,oeklIhoemA=2414
768,oeklAhoemA=3414
769,oeklAhoemA=1434
770,oeklAhoemA=3414
771,oek(l)IhoemA=3414
772,hoeklAhoemA=3414
773,oeklAhoemA=3414
774,-
775,oeklAhoemA=3414
776,oeklAhoemA=1424
777,oeklIhoemA=3414
778,oeklIhoemA=3414
779,oeklAhoemA=3414
780,oeklIhoemA=3414
781,oeklIhoemA=3414
782,oeklIhoemA=3414
783,oeklIhoemA=3414
784,-
785,oeklAhoemA=2414
786,oeklIhoemA=3414
787,oeklIhoemA=3414
788,oeklAhoemA=3414
789,oeklAhoemA=3414
790,oeklIhoemA=3414
791,oeklAhoemA=3414
792,oeklAhoemA=3414
793,-
794,oeklIhoemA=3414
795,oeklAhoemA=3414
796,oeklIhoemA=3414
797,-
798,oeklAhoemA=3414
799,-
800,oeklIhoemA=3414
801,oek(l)IhoemA=3414
802,-
803,-
804,-
805,oeklIhoemA=3414
806,oeklIhoemA=3414
807,oeklAhoemA=2414
808,-
809,-
810,oeklIhoemA=3414
811,oeklIhoemA=3414
812,-
813,oeklAhoemA=3414
814,oeklAhoemA=3414
815,-
816,oeklIhoemA=3414
817,oeklIhoemA=3414
818,-
819,oeklIhoemA=3414
820,oeklAhoemA=2414
821,oeklIhoemA=3414
822,oeklIhoemA=3414
823,oeklAhoemA=3414
824,-
825,oeklAhoemA=3414
826,oeklAhoemA=3414
827,oeklIhoemA=3414
828,oeklIhoemA=3414
829,oeklAhoemA=3414
830,oeklAhoemA=3414
831,oeklAhoemA=3414
832,-
833,oeklAhoemA=3414
834,oeklAhoemA=3414
835,oeklAhoemA=3414
836,oeklAhoemA=3414
837,-
838,oeklAhoemA=3414
839,oeklIhoemA=3414
840,oeklIhoemA=3414
841,-
842,oeklAhoemA=3414
843,oeklAhoemA=3414
844,oeklAhoemA=1434
845,-
846,oeklAhoemA=3414
847,oeklIhoemA=3414
848,-
849,oeklIhoemA=3414
850,oeklAhoemA=3414
851,oeklAhoemA=3414
852,oeklIhoemA=3414
853,oeklIhoemA=3414
854,oeklIhoemA=3414
855,oeklAhoemR=3414
856,oeklIhoemA=3414
857,-
858,-
859,oeklIhoemA=3414
860,oeklAhoemA=3414
861,oeklIhoemA=3414
862,oeklAhoemA=3414
863,oeklAhoemA=3414
864,-
865,oeklIhoemA=2414
866,oeklAhoemA=3414
867,oeklAhoemA=2414
868,oeklIhoemA=3414
869,oeklIhoemA=3414
870,oeklAhoemA=3414
871,oeklAhoemA=3414
872,-
873,oeklIhoemmA=3414
874,oeklIhoemA=3414
875,oeklAhoemA=3414
876,oeklAhoemA=3414
877,oeklIhoemA=3414
878,oeklAhoemA=3414
879,-
880,-
881,-
882,oeklIhoemA=3414
883,oeklIhoemA=3414
884,-
885,oeklAhoemA=3414
886,-
887,oeklIhoemA=3414
888,-
889,oeklAhoemA=3414
890,oeklIhoemR=3414
891,oeklAhoemA=3414
892,oeklAhoemA=3414
893,oeklAhoemA=3414
894,oeklAhoemA=3414
895,oeklIhoemA=3414
896,oeklAhoemA=1434
897,-
898,-
899,-
900,awklAhoemA=3414
901,oeklAhoemA=3414
902,oeklAhoemA=3414
903,-
904,oeklAhoemA=3414
905,oeklAhoemA=3414
906,oeklIhoemA=3414
907,-
908,oeklAhoemA=3414
909,-
910,oeklAhoemA=3414
911,oeklAhoemA=3414
