Informant,Response
001,tinIsee=143
002,tenIsee=341
003,tenAsee=143
004,tenIsee=143
005,tenIsee=143
006,tenIsee=143
007,tenIsee=143
008,tenAsee=143
009,tenIsee=143
010,tenIsee=143
011,tenIsee=143
012,-
013,tenIsee=143
014,tenIsee=143
015,tenIsee=143
016,tenIsee=341
016,tenAsee=241
017,tenAsee=143
018,tenIsee=341
019,tenIsee=341
020,tenIsee=143
021,tenIsee=341
021,tenIsee=143
022,tenIsee=341
023,tinIsee=143
024,tenIsee=341
025,tenIsee=143
026,tenIsee=341
027,tenIsee=341
027,tenIsee=143
028,-
029,tenIsee=143
030,tenIsee=143
031,tenIsee=143
032,tenIsee=143
033,tenIsee=341
034,tenIsee=143
035,tenIsee=341
036,tenIsee=143
037,tenIsee=341
037,tinIsee=341
038,tenAsee=143
039,-
040,tinAsee=143
041,tenAsee=143
042,tenIsee=341
042,tenIsee=241
043,tenAsee=341
044,tenAsee=341
045,tenAsee=341
046,tenIsee=341
046,tenIsee=143
047,tinIsee=143
048,tenIsee=341
048,tenIsee=143
049,tenIsee=341
049,tenIsee=143
050,tinIsee=341
051,tenIsee=341
051,tenIsee=143
052,tenIsee=341
053,tenIsee=241
054,-
055,tinIsee=341
055,tenAsee=143
056,tinAsee=341
057,tenAsee=341
057,tenAsI=144
058,tinIsee=341
059,tenIsee=341
059,tinAsee=341
060,tenIsee=341
061,tenIsee=143
062,tenAsee=341
063,tenIsee=143
064,tenIsee=143
065,tenIsee=143
066,-
067,tenAsee=341
068,tenIsee=341
068,tenIsee=143
069,tinAsee=143
070,tenIsee=143
071,tinIsee=341
072,tenIsee=341
072,tenIsee=143
073,tinAsI=144
074,tinnIsee=341
075,tinIsee=143
076,tenIsee=341
077,tenIsee=143
078,tenAsee=341
079,tenAsee=341
080,tenIsee=143
081,tenIsee=341
082,-
083,tenAsee=341
084,tenIsee=341
085,tennIsee=241
086,tennIsee=341
087,tennIsee=341
088,tenAsee=341
089,-
090,tinIsee=341
091,tinIsee=341
092,tenIsee=143
093,tenIsee=143
094,tenIsee=341
095,tennIsee=142
096,tinnIsee=143
097,tinAsee=341
098,tinnIsee=143
099,tenAsee=143
100,-
101,tenAsee=241
102,tinIsee=341
103,tinnIsee=341
104,tenIsee=341
105,tenIsee=341
106,tenAsee=143
107,tenIsee=341
108,tenIsee=341
109,tinIsee=341
110,tinnIsee=143
111,tinAsee=143
112,tenAsee=241
113,-
114,tennIsee=241
115,tenIsee=143
116,-
117,tenIsee=143
118,tinIsee=341
119,tinIsee=341
120,tenIsee=341
121,tinnIsee=341
122,tennAsee=341
123,tenIsee=143
124,tenAsee=341
125,tenIsee=143
126,tenIsee=341
127,tenIsee=341
128,tenIsee=143
129,tinIsee=341
130,tent(I)see=21
131,tenIsee=341
132,tenIsee=143
133,-
134,tenIsee=341
135,tinAsee=142
136,tenIsee=341
137,tinnIsee=341
138,tenIsee=143
139,tinAsee=143
140,-
141,tinIsee=341
142,tinIsee=341
143,tinIsee=341
144,tinnIsee=143
145,tenIsee=341
146,tenIsee=143
147,tenIsee=143
148,tinAsee=341
149,-
150,tenAsee=341
151,tinnIsee=341
152,tenAsee=341
153,tinIsee=341
154,tenIsee=143
155,tenAsee=143
156,tenIsee=143
157,tenAsee=341
158,tenAsee=143
159,tenIsee=341
160,tenIsee=341
161,tenAsee=142
162,tennAsee=341
163,tinIsee=341
164,tenIsee=341
165,tinIsee=143
166,ten(I)see=31
167,tinAsee=143
168,tinnIsee=341
169,-
170,tennIsee=341
171,tinAsee=341
172,tinIsee=341
173,tenIsee=143
174,tenIsee=143
175,-
176,tenIsee=341
177,tenIsee=241
178,tenAsee=341
179,tenIsee=341
180,-
181,-
182,tinIsee=341
183,tinIsee=341
184,tinIsee=341
185,tenIsee=341
186,tenIsee=341
187,tinIsee=341
188,tenIsee=143
189,tinIsee=143
190,tenIsee=341
191,tennIsee=341
191,tennAsee=341
192,-
193,tenAsee=341
194,tenAsee=341
195,-
196,tenIsee=143
197,tenIsee=341
198,tenIsee=143
199,tinnIsee=341
199,tinnIsee=143
200,-
201,tinAsee=341
202,tinIsee=341
203,tenIsee=341
204,tinnAsee=341
205,-
206,tenIsee=341
207,tenIsee=143
208,tenAsee=341
209,tinnIsee=341
210,tinIsee=143
210,tinAsee=143
211,tenIsee=143
212,-
213,tenAsee=341
214,tenIsee=341
215,-
216,-
217,-
218,tenIsee=341
219,tinIsee=143
220,tinnAsee=341
221,tenIsee=143
222,-
223,tenIsee=341
224,tinIsee=241
224,tinisee=231
225,tenIsee=143
226,tenIsee=341
227,tinIsee=341
228,tenIsee=341
229,tinAsee=143
230,tinIsee=341
231,tinAsee=341
232,tinAsee=143
233,tenAsee=341
234,tenIsee=143
235,tinIsee=143
236,tenAsee=341
237,tenIsee=341
238,tenIsee=143
239,tennAsee=341
240,tinAsee=143
240,tinAsee=341
241,-
242,tenIsee=143
243,tinAsee=241
244,-
245,tinAsee=341
246,tenIsee=143
247,tenAsee=143
248,tenAsee=143
249,tinnIsee=341
250,-
251,-
252,-
253,tinAsee=341
254,tenAsee=143
255,tenAsee=341
256,-
257,tenIsee=341
258,-
259,tenIsee=341
259,tenIsee=143
260,tenAsee=341
261,tennIsee=143
262,tinAsee=143
263,tenIsee=341
264,tenAsee=341
265,tinAsee=143
266,tinAsee=341
267,-
268,-
269,tennAsee=142
270,tinnAsee=341
271,tenIsee=341
272,tenIsee=341
273,tinIsee=341
274,tenAsee=341
275,tinIsee=341
276,tenIsee=341
276,tenIsee=143
277,tenIsee=341
278,tenIsee=341
279,tenAsee=341
280,tenIsee=143
281,tinnAsee=341
282,tenIsee=143
283,tenAsee=341
284,tenAsee=143
285,-
286,tenIsee=341
287,-
288,tenAsee=341
289,tenIsee=341
290,tenIsee=341
291,tenIsee=341
292,tenIsee=341
293,tenIsee=341
294,tinAsee=341
295,tenIsee=143
296,-
297,tinAsee=341
298,tenIsee=143
299,-
300,tinAsee=341
301,tenAsee=341
302,tenIsee=341
303,tenIsee=341
304,tenIsee=341
305,-
306,tinIsee=341
307,tinIsee=143
308,tinnAsee=341
309,tinnIsee=143
310,tenIsee=143
311,tenAsee=341
312,tinIsee=143
313,tenAsee=341
314,tenAsee=341
315,tenIsee=341
316,tenAsee=143
317,tenIsee=143
318,tenIsee=341
318,tenIsee=143
319,-
320,tenIsee=341
320,tenIsee=143
321,tenIsee=341
322,tinIsee=241
323,tenAsee=143
324,tinIsee=341
325,tenAsee=341
326,tenIsee=341
326,tenIsee=143
327,-
328,tennIsee=341
328,tenAsee=143
329,tinAsee=341
330,tenIsee=341
331,tinIsee=143
332,tinIsee=143
332,tinnIsee=143
333,-
334,tinnIsee=143
335,tinAsee=241
336,tinIsee=341
337,tenIsee=143
338,tenIsee=341
339,tenIsee=341
340,tinIsee=341
341,tenAsee=341
342,tinnIsee=341
342,tinIsee=341
343,tinAsee=341
343,tinnIsee=143
344,tenAsI=144
345,tinIsee=341
346,-
347,tinIsI=144
348,tenIsee=341
349,tenIsee=143
350,tinAsee=142
351,tinAsee=341
352,tinIsee=341
353,tinAsee=341
354,tenIsee=341
355,tenIsee=341
356,tinAsee=341
357,tinAsee=241
358,tinIsee=341
358,tinIsee=143
359,tenIsee=341
360,tinIsee=341
360,tinnIsee=341
361,tinnIsee=341
362,tinAsee=341
363,tinIsee=341
364,tinAsee=341
365,ten(I)see=13
366,tenIsee=341
366,tinIsee=143
367,tenIsee=143
368,tenIsee=143
368,tinAsee=341
369,-
370,tenAsee=143
371,tenIsee=341
372,tinnIsee=341
373,tinIsee=341
374,tinIsee=341
375,tenIsee=341
376,tinAsee=341
377,-
378,tenAsee=241
379,tinnIsee=143
380,tinnIsee=341
381,tinIsee=143
382,tenAsee=142
383,tenIsee=341
384,tenIsee=143
385,tenIsee=143
386,tenIsee=341
386,tenIsee=143
387,tenIsee=143
388,tinAsee=143
389,tenAsee=341
390,tinnAsee=143
391,tinIsee=143
392,tinIsee=341
393,tennIsI=144
394,tenAsee=143
394,tenAsI=144
395,tinIsee=341
396,-
397,tenIsee=143
398,tinAsee=341
399,tinnIsee=143
400,tinAsee=143
401,-
402,tenIsee=143
403,tenAsee=341
404,tinIsee=143
405,tinIsee=341
406,tinAsee=341
407,tenIsee=143
408,tinnAsee=341
408,tinnAsee=143
409,tinnAsee=341
410,tinnIsee=341
411,tinAsee=143
412,-
413,-
414,tennAsee=341
415,tinIsee=143
416,tenAsee=143
417,tennIsee=143
418,tenAsee=341
419,tenIsee=341
419,tinIsee=341
420,tinAsee=143
420,tinAsI=144
421,tinAsee=142
422,tenAsee=143
423,tenAsee=341
424,tinIsee=341
425,tinnIsee=241
426,tenIsee=143
427,tinIsee=143
428,tennIsee=341
429,-
430,tenAsee=341
431,tenIsee=341
432,tinIsI=144
433,tinIsee=143
434,tenIsee=143
435,tinAsee=143
436,tinIsee=241
436,tinIsee=143
437,tenIsee=341
438,-
439,tinAsee=341
440,tinIsee=143
441,tinIsee=143
442,tenIsee=142
443,tinAsee=241
444,tenIsee=143
445,tinIsee=143
446,tenIsee=341
447,tenIsee=143
448,tenAsee=341
449,tenAsee=143
450,tinAsI=144
451,tenIsee=341
452,tenIsee=341
453,tinnIsee=143
454,tenIsee=341
455,tenAsee=341
456,ten(I)see=31
457,tenAsee=143
458,tinnIsee=341
459,-
460,tenIsee=143
461,tinAsee=143
462,tinAsee=143
463,-
464,tenIsee=143
465,tinAsee=143
466,tinAsee=341
467,tenIsee=341
468,tinnIsee=341
469,tenAsee=143
470,tenAsee=143
471,tenAsee=341
471,tenAsee=143
472,tinnIsee=341
473,-
474,tenAsee=341
475,tenIsee=341
476,tenIsee=341
477,tinnIsee=143
478,-
479,tennAsee=143
480,tenIsee=341
481,tinnIsee=341
482,-
483,-
484,tinnIsee=341
485,tinnIsee=341
486,tenIsee=143
487,-
488,tenIsee=341
489,tenIsee=143
490,tenIsee=143
490,tinAsee=143
491,-
492,tinIsee=341
492,tinAsee=143
493,-
494,tinnIsee=143
495,tenIsee=143
496,tinIsee=341
497,tenIsee=143
498,tinIsee=341
499,tinIsee=341
499,tenIsee=241
500,tenIsee=341
501,tinIsee=341
502,tenAsee=341
503,-
504,tinIsee=341
505,tenIsee=341
505,tinIsee=341
506,tenAsee=341
507,tenIsee=143
508,tenAsI=144
509,tenIsee=341
509,tenIsee=143
510,-
511,-
512,-
513,tenIsee=341
514,tennAsee=143
514,tennIsee=143
515,tennIsee=341
515,tinAsee=143
516,tinIsee=341
517,tinIsee=341
517,tinIsee=143
518,tenAsee=341
519,tenAsee=341
520,-
521,tinAsee=341
522,tinAsee=341
523,tinIsee=143
524,tinAsee=341
525,-
526,tenIsee=341
527,tinIsI=144
527,tinIsee=143
528,tenIsee=341
529,-
530,tinIsee=341
531,tinnIsee=341
532,tinnIsee=341
533,tinAsee=341
533,tinAsee=143
534,tinAsee=143
535,tenIsee=143
535,tinnIsee=143
536,tenAsee=341
537,tenAsee=341
538,tenIsee=341
539,tenIsee=341
540,tenIsee=143
541,tinIsee=341
542,tenIsee=341
543,tenIsee=143
544,tinnAsee=143
545,tenIsee=341
546,tenAsee=341
546,tenIsee=143
547,tinnAsee=143
548,tinIsee=143
549,tenIsee=341
550,tenIsee=341
551,tenAsee=341
552,-
553,-
554,-
555,tenIsee=143
556,tenAsee=143
557,tinIsee=341
558,tenAsee=341
558,tinIsee=143
559,tenIsI=144
560,tinIsee=341
561,-
562,tenIsee=341
563,tenIsee=341
564,tenIsee=341
565,tinAsee=341
566,-
567,-
568,-
569,tinnIsee=143
570,tinnIsee=143
571,tinAsee=143
572,tinAsee=341
572,tinAsee=143
573,tinIsee=341
574,tinAsee=143
575,tenIsee=341
576,tenAsee=341
577,tenIsee=143
578,tinIsee=143
579,tenAsee=341
580,-
581,tenAsee=143
582,tenIsee=241
583,tenIsee=143
584,tinIsee=143
585,tenIsee=341
585,tenIsee=143
586,-
587,tenIsee=143
588,tinnIsee=341
589,tinIsee=143
590,tenIsee=341
591,tinAsee=341
592,tenIsee=341
593,tenIsee=143
594,tenIsee=341
595,-
596,tinIsee=143
597,tinIsee=341
598,tenAsee=142
599,tenAsee=341
600,-
601,tinAsee=143
602,tinnIsee=143
603,tenIsee=341
604,-
605,tinAsee=341
606,tinIsee=341
606,tinnIsee=341
607,tenIsee=341
608,tenIsee=341
608,tenIsee=143
609,tinnIsee=143
610,tenIsee=143
611,tennIsI=144
611,tenIsee=142
612,-
613,tenIsee=341
614,-
615,tenAsee=341
616,tenAsee=143
616,tenAsee=341
617,tenAsee=341
618,tenAsee=142
619,-
620,tinIsI=144
621,tenIsee=341
621,tenIsee=143
622,tenAsee=341
623,tenAsee=143
624,tenAsee=341
625,tinIsee=143
626,-
627,tinAsee=143
628,tinAsee=341
629,tenAsee=341
630,tenAsee=341
631,tenAsee=341
632,tenAsee=143
633,tinAsee=143
634,tinIsee=341
635,tenAsee=341
636,tenAsee=143
637,tenAsee=341
638,tinAsee=341
639,tinIsee=143
640,tenIsee=143
641,tenIsee=143
642,tenAsee=341
643,tinAsee=341
644,-
645,tinAsee=341
646,tenAsee=341
647,-
648,tenAsee=341
649,tenAsee=341
650,tenAsee=341
651,-
652,tenAsee=341
653,tenIsee=341
654,tinIsee=341
655,tenAsee=341
656,tenIsee=341
657,tenAsee=143
657X,tenAsee=341
657Y,tenAsee=241
657Z,tenIsee=341
658,tenIsee=143
659,-
660,tinIsee=341
661,tennIsee=143
662,tenAsee=341
663,tenAsee=143
664,-
665,-
666,tenAsee=143
667,tenIsee=341
668,tinnIsI=144
669,tinnIsee=143
670,-
671,tinAsI=144
672,tenIsee=341
673,tenIsee=341
674,tenIsee=341
675,tenIsee=143
676,tenAsee=143
677,tinIsee=143
678,tenIsee=143
679,tinnIsee=143
680,tenIsee=143
681,tinAsee=143
682,-
683,-
684,tenIsee=341
685,tinAsee=142
686,tenAsee=341
686,tenAsee=143
687,tinnAsee=143
688,tenIsee=143
689,tenIsee=143
690,tenIsee=143
690,tinIsee=143
691,tenAsee=341
692,tenAsee=341
693,tenIsee=143
694,tenIsee=143
695,tinnAsee=341
696,tenIsee=341
697,tenAsee=341
698,-
699,tenIsee=341
700,-
701,tinAsee=143
702,tinAsee=142
703,tenIsee=143
704,tinnIsee=143
705,tinAsee=341
706,-
707,tinIsee=341
708,tenAsee=142
708,tenAsee=143
709,tinIsee=341
710,-
711,tenAsee=341
712,tinnIsee=341
713,tenIsee=143
714,tinIsee=341
715,tenIsee=143
716,tenIsee=143
717,tenAsee=143
718,tenIsee=143
719,tenIsee=341
719,tinIsee=341
720,tenIsee=143
721,tenAsee=143
722,tenAsee=143
723,tenAsee=143
724,tenIsee=341
725,tinAsee=142
726,tennAsee=143
727,tinIsee=143
728,-
729,-
730,tenAsee=341
731,tenIsee=143
732,tinAsee=341
733,-
734,tenAsee=341
735,tennAsee=143
736,tenAsee=143
737,tinIsee=143
738,tinIsee=341
739,tenIsee=341
740,tinIsee=143
741,tenAsee=341
742,tinAsee=341
743,tinnIsee=341
744,-
745,-
746,-
747,tenIsee=341
747,tenIsee=143
748,tinIsee=143
749,tenAsee=341
750,tinIsee=143
751,tinIsee=143
752,tenIsee=341
753,tin(I)see=31
753,tinIsee=143
754,tenAsee=143
755,tenIsee=143
756,tinIsee=143
757,tenIsee=341
758,tenIsee=143
759,-
760,tinAsee=143
761,tenIsee=341
762,-
763,tenIsee=341
764,tenAsee=143
765,tennAsee=341
766,tenIsee=341
767,tenIsee=142
767,tenIsee=341
768,tinIsee=143
769,tinIsee=143
770,tennAsee=143
771,tenAsee=341
772,tinIsee=143
773,tenAsee=143
774,tenIsee=341
774,tinIsee=341
775,-
776,tennAsee=341
777,tennAsee=143
778,tinIsee=341
779,tennIsee=341
780,tinIsee=341
781,tenIsee=341
782,tinnIsee=143
783,tenIsee=341
784,-
785,tennAsee=143
786,tenAsee=143
787,tinIsee=341
787,tinIsee=143
788,tenAsee=143
789,tenAsee=143
790,tenIsee=143
791,tenAsee=341
792,tenIsee=143
793,-
794,tenIsee=143
795,-
796,tinIsee=341
797,tennAsee=142
798,tenAsee=341
799,-
800,tinAsee=341
801,tenIsee=341
802,tenIsee=341
803,-
804,-
805,tenIsee=143
806,tenAsee=341
807,tennIsee=241
808,tenIsee=143
809,tinAsee=143
810,tenIsee=143
810,tenIsI=144
811,tenAsee=143
812,tenIsee=341
813,tinAsee=143
814,tenAsee=341
815,tenIsee=341
816,tenIsee=341
817,tinIsee=143
818,-
819,tenIsee=341
820,tinnIsee=341
821,tinIsee=341
822,tenIsee=341
823,tenAsee=341
824,tinnAsee=143
825,tinAsee=341
826,tenAsee=143
827,tenIsee=341
828,tinIsee=143
829,tenIsee=143
830,tennAsee=142
831,tenAsee=341
832,tenIsee=241
833,tNIsee=441
833,tenAsee=142
833,tenAsee=143
834,tinIsee=341
834,tinIsee=143
835,tenIsee=143
836,tenAsee=143
836,ten(I)see=13
836,ten(I)see=31
836,tenIsee=143
837,tinAsee=341
838,tenAsee=142
838,tenAsee=143
839,-
840,-
841,-
842,tenIsee=341
843,-
844,tennAsee=143
845,-
846,tenAsee=341
847,-
848,tenIsee=341
849,tenIsee=341
850,-
851,tenIsI=144
852,-
853,tenIsee=143
854,tennIsee=341
855,-
856,tenIsee=341
857,tenIsee=143
858,-
859,tinIsee=341
860,tenIsee=143
861,tenIsee=341
862,tenAsee=341
863,tenAsee=341
864,-
865,tenIsee=143
866,tenAsee=143
867,tinAsee=143
868,tenIsee=341
869,tenIsee=143
870,tinIsee=341
871,tenAsee=341
872,-
873,tinAsee=341
874,tenIsee=341
875,tinAsee=142
876,tinAsee=341
877,tenIsee=341
878,tenAsee=143
879,tenAsee=143
880,tenAsee=341
881,-
882,tinIsee=143
883,tenIsee=341
884,-
885,tennAsee=341
886,tenIsee=241
887,tinIsee=341
888,tenAsee=143
889,tenAsee=341
890,tinIsee=341
891,tenAsee=341
892,-
893,tenAsee=143
894,tenIsee=341
895,tenIsee=341
896,tenIsee=341
897,-
898,-
899,tenIsee=341
900,tenIsee=341
901,tinAsee=341
902,tenIsee=341
903,-
904,tenAsee=241
905,-
906,tenIsee=143
907,-
908,-
909,-
910,tenAsee=341
911,-
