Informant,Response
001,kintukI=314
002,kentukA=314
003,kintukI=314
003,kentukI=314
004,kintukI=314
005,kentukI=314
006,kentukI=314
007,kentukI=314
008,kintukI=314
009,kintukI=314
010,kintukee=313
011,kintukI=314
012,kNtukI=414
013,kentukee=313
014,kintukee=123
015,kentukI=314
016,-
017,kentukI=314
018,ke(n)tukee=313
019,kintukI=314
020,kintukee=313
021,kintukee=313
022,kintukI=314
023,kintukI=314
024,kintukee=313
025,kintukI=314
026,kintukee=313
027,kintukee=313
028,kentukI=314
029,kintukI=314
030,kentukI=314
031,kantukI=314
032,kNtukI=414
033,kintukI=314
034,kentukee=313
035,kentukI=314
036,kintukI=314
037,kintukI=314
038,kNtukI=414
039,kNtukI=414
040,kNtukI=414
041,kentukI=314
042,kintukI=314
043,kNtukee=413
044,kentukI=124
045,kintukI=314
046,kNtukI=414
047,kNtukI=414
048,kintukI=314
049,kintukI=314
050,kintukee=313
051,kNtukI=414
052,-
053,kNtukee=413
054,kNtukI=414
055,kNtukI=414
056,kNtukI=414
057,kI[n]tukI=414
058,kintukI=314
059,kNtukI=414
060,kentukee=313
061,-
062,-
063,-
064,kentukI=314
065,-
066,-
067,kNtukI=414
068,-
069,kNtukI=414
070,-
071,kNtukI=414
072,kintukI=314
073,kNtukI=414
074,kNtukI=414
075,kNtukI=414
076,kNtukI=414
077,kNtukI=414
078,kNtukI=414
079,kentukI=314
080,-
081,kintukee=313
082,-
083,kintukI=314
083,kuntukI=314
084,-
085,kuntukI=314
086,kNtukI=414
087,kNtukI=414
088,kintukI=314
089,-
090,kNtukI=414
091,-
092,-
093,-
094,kintukI=314
095,kNtukI=414
096,kNtukI=414
097,kNtukI=414
098,kNtukI=414
099,kyNtukI=414
100,kNtukI=414
101,kNtukI=414
102,kintukI=314
103,kintukI=314
104,kintukI=314
105,kintukI=314
106,kuntukI=314
107,kNtukI=414
108,kentukI=314
109,kNtukI=414
110,kNtukI=414
110,kintukI=314
111,-
112,-
113,-
114,-
115,-
116,-
117,kaintukI=314
118,kintukI=314
119,kNtukI=414
120,kNtukI=414
121,kNtukI=414
122,kNtukI=414
123,kNtukI=414
124,kintukI=314
125,kNtukI=414
126,kNtukI=414
127,-
128,-
129,-
130,-
131,kintukI=314
132,-
133,-
134,-
135,kNtukI=414
136,kintukI=314
137,kintukI=314
138,kNtukI=414
139,kNtukI=414
140,-
141,kNtukI=414
142,kNtukI=414
143,kNtukI=414
144,kNtukI=414
145,-
146,kintukI=314
147,-
148,kNtukI=414
149,kintukI=314
150,kentukI=134
151,kNtukI=414
152,kNtukI=414
153,-
154,kintukI=314
155,kuntukI=314
156,-
157,-
158,-
159,-
160,-
161,kNtukI=414
162,kNtukI=414
163,kNtukI=414
164,kNtukI=414
165,kintukI=314
166,kentukI=314
166,kNtukI=414
167,kintukI=314
168,-
169,-
170,kNtukI=414
171,kNtukI=414
172,kNtukI=414
173,-
174,-
175,-
176,kintukI=314
177,kNtukI=414
178,-
179,kentukI=134
180,-
181,-
182,-
183,kNtukI=414
184,kNtukI=414
185,kintukI=314
186,kNtukI=414
187,-
188,kI(n)tukI=414
189,kNtukI=414
190,kintukI=314
191,kNtukI=414
192,kintukI=314
193,kNtukI=414
194,kintukI=314
195,-
196,-
197,kintukI=314
198,-
199,-
200,kintukI=314
201,kNtukI=414
202,kintukI=314
203,-
204,-
205,-
206,kintukI=314
207,kNtukI=414
208,kNtukI=414
209,kNtukI=414
210,kNtukI=414
211,kNtukI=414
212,-
213,kNtukI=414
214,kintukI=314
215,-
216,kNtukI=414
217,kNtukI=414
218,-
219,kintukI=134
220,kNtukI=414
221,kentukI=134
222,-
223,-
224,-
225,kentukI=314
226,-
227,-
228,kNtukI=414
229,kyintukI=134
230,kNtukI=414
231,kintukI=314
232,kintukI=134
233,kintukI=314
234,-
235,kintukI=314
236,kintukI=314
237,kNtukI=414
238,kintukI=314
239,kNtukI=414
240,kNtukI=414
241,-
242,kentukI=314
243,kintukI=314
244,-
245,kNtukI=414
246,kintukI=314
247,kNtukI=414
248,kNtukI=414
249,kNtukI=414
250,-
251,-
252,kI(n)tukI=414
253,kNtukee=413
254,kNtukI=414
255,kNtukI=414
256,-
257,kNtukI=414
258,kNtukI=414
259,kNtukI=414
260,-
261,kNtukI=414
262,-
263,-
264,kNtukI=414
265,kNtukI=414
266,kNtukI=414
267,-
268,-
269,kNtukI=414
270,kNtukI=414
271,kNtukI=414
272,kintukI=314
273,kNtukI=414
274,kintukI=314
275,kNtukI=414
276,-
277,-
278,kintukI=314
279,kI[n]tukI=414
280,kintukI=314
281,kNtukI=414
282,kNtukI=414
283,kNtukI=414
284,kintukI=314
285,-
286,kNtukI=414
287,-
288,-
289,kintukI=314
290,kaintukI=314
290,kentukI=314
291,k[N]tukee=413
292,kintukI=314
293,kentukI=314
294,kNtukI=414
295,-
296,kintukI=314
297,kNtukI=414
298,kNtukI=414
299,kNtukI=414
300,kNtukI=414
301,kaintukI=314
302,kintukI=314
303,kentukI=134
304,kentukI=314
305,-
306,kNtukI=414
307,kintukI=314
308,kNtukI=414
309,kentukI=214
310,kintukI=314
310,kentukI=314
311,kintukI=314
312,kNtukI=414
313,kintukI=314
314,kNtukI=414
315,kintukI=314
316,kintukI=314
317,kintukI=314
317,kentukI=124
318,kentukI=314
319,-
320,kintukI=314
321,kintukI=314
322,kintukI=314
323,kintukI=314
324,kintukI=314
325,kNtukI=414
326,kintukI=314
327,kNtukI=414
328,kNtukI=414
329,kNtukI=414
330,kaintukI=314
331,kentukI=314
332,kNtukI=414
333,kintukI=314
334,kNtukI=414
335,kNtukI=414
336,kintukI=314
336,kNtukI=414
337,-
338,kNtukI=414
339,kNtukI=414
340,-
341,kNtukee=413
342,kNtukI=414
343,kNtukI=414
344,kNtukI=414
345,kNtukI=414
346,kentukI=134
347,-
348,kNtukI=414
349,kNtukI=414
350,kNtukI=414
351,kNtukI=414
352,kNtukI=414
353,kintukI=314
354,kNtukI=414
355,-
356,kNtukI=414
357,kNtukI=414
358,kNtukI=414
359,kintukI=314
360,kNtukI=414
361,kNtukI=414
362,kintukI=314
363,kNtukI=414
364,kintukI=314
365,kintukI=314
366,kNtukI=414
367,kentukI=314
368,kNtukI=414
369,-
370,kuntukI=314
371,kintukI=314
372,kNtukI=414
373,kNtukI=414
374,kNtukI=414
375,kintukI=314
376,-
377,-
378,kNtukI=414
379,kNtukI=414
380,kNtukI=414
381,kNtukI=414
382,kintukI=314
383,kNtukI=414
384,kintukI=314
385,kNtukI=414
386,kintukI=314
387,kintukI=314
388,-
389,kNtukI=414
390,kNtukI=414
391,kNtukI=414
392,-
393,kNtukI=414
394,kintukI=314
395,kintukI=314
396,-
397,kNtukI=414
398,kNtukI=414
399,kNtukI=414
400,kNtukI=414
401,-
402,-
403,kNtukI=414
404,kintukee=123
405,kNtukI=414
406,-
407,kintukI=314
408,kNtukI=414
409,kNtukI=414
410,kNtukI=414
411,kentukI=134
412,-
413,-
414,kNtukI=414
415,kNtukI=414
416,kNtukI=414
417,kNtukI=414
418,kNtukI=414
419,kintukI=314
420,-
421,kintukI=314
422,kuntukI=314
423,kNtukI=414
424,kNtukI=414
425,kintukI=314
426,kentukI=314
427,kuntukI=314
428,kNtukI=414
429,-
430,kNtukI=414
431,kintukI=314
432,-
433,kNtukI=414
434,kintukI=314
435,kNtukI=414
436,kintukI=314
437,kentukI=314
438,-
439,kNtukI=414
440,kNtukI=414
441,kintukI=314
442,kNtukI=414
443,kNtukI=414
444,kintukI=314
445,kNtukI=414
446,kentukI=314
447,kintukI=314
448,kintukI=314
449,kentukI=134
450,-
451,kintukI=314
452,kNtukI=414
453,-
454,kintukI=314
455,kNtukI=414
456,kNtukI=414
457,kNtukI=414
458,kNtukI=414
459,-
460,kintukI=314
461,kNtukI=414
462,kNtukI=414
463,-
464,-
465,kintukI=314
466,kintukI=314
467,-
468,-
469,kNtukI=414
470,kNtukI=414
471,kNtukI=414
472,kNtukI=414
473,-
474,kNtukI=414
475,kintukI=314
476,kintukI=314
477,kNtukI=414
478,-
479,kNtukI=414
480,kintukI=314
481,kNtukI=414
482,kintukI=314
483,-
484,kNtukI=414
485,kNtukI=414
486,-
487,kintukI=314
488,kintukI=314
489,kintukI=314
490,kintukI=314
490,kentukI=314
491,-
492,ki[n]tukI=314
493,kintukI=314
493,kNtukI=414
494,kintukI=314
495,kintukI=314
496,kintukI=314
496,kentukI=314
497,kNtukI=414
498,kNtukI=414
499,kNtukI=414
500,kintukI=314
501,kNtukI=414
502,kNtukI=414
503,-
504,kNtukI=414
505,kintukI=314
506,-
507,-
508,kentukI=214
509,-
510,-
511,-
512,-
513,kintukI=314
514,kNtukI=414
515,kNtukI=414
516,kNtukI=414
517,kNtukI=414
518,kintukI=314
519,kNtukI=414
520,-
521,kintukI=314
522,kNtukI=414
523,-
524,kNtukI=414
525,-
526,kintukee=313
527,kNtukI=414
528,kNtukI=414
529,-
530,kintukI=314
531,kNtukI=414
532,kNtukI=414
533,kNtukI=414
534,-
535,kNtukI=414
536,kaintukI=314
537,-
538,kentukI=314
539,kintukI=314
540,kintukI=314
541,kNtukI=414
542,-
543,-
544,-
545,kintukI=314
546,kNtukI=414
547,kintukI=314
548,-
549,kNtukI=414
550,-
551,kNtukI=414
552,-
553,-
554,-
555,-
556,-
557,kNtukI=414
558,kNtukI=414
559,kNtukI=414
560,kNtukI=414
561,-
562,kintukI=314
563,kintukI=314
564,kintukI=314
565,kNtukI=414
566,-
567,-
568,-
569,kintukI=134
570,kNtukI=414
571,kintukI=314
572,kNtukI=414
573,kintukI=314
574,kintukI=314
574,kNtukI=414
574,kaintukI=314
575,kuntukI=314
576,kNtukI=414
577,kintukI=314
577,kentukI=124
578,kNtukI=414
579,kNtukI=414
580,-
581,kuntukI=314
582,kNtukI=414
583,-
584,kNtukI=414
585,kNtukI=414
586,-
587,kNtukI=414
588,kNtukI=414
589,kNtukI=414
590,kintukI=314
591,kNtukI=414
592,kNtukI=414
593,kentukI=314
594,kuntukI=314
595,kintukI=314
596,kentukI=214
597,kNtukI=414
598,kintukI=314
599,kNtukI=414
600,-
601,kintukI=314
602,kNtukI=414
603,-
604,-
605,-
606,-
607,kintukI=314
608,kNtukI=414
609,-
610,keentukI=314
611,kNtukI=414
612,-
613,kintukI=314
614,-
615,kNtukI=414
616,kNtukI=414
617,kNtukI=414
618,kNtukI=414
619,-
620,kintukI=314
621,kintukI=314
622,kNtukI=414
623,kNtukI=414
624,kNtukI=414
625,kNtukI=414
626,-
627,-
628,kintukI=314
629,kNtukI=414
630,kNtukI=414
631,-
632,kNtukI=414
633,kNtukI=414
634,kNtukI=414
635,kNtukI=414
636,kintukI=214
637,-
638,kNtukI=414
639,kNtukI=414
640,-
641,kNtukI=414
642,-
643,kNtukI=414
644,kNtukI=414
645,kNtukI=414
646,kNtukI=414
647,-
648,kNtukI=414
649,kintukI=314
650,kintukI=314
651,-
652,kNtukI=414
653,kNtukI=414
654,koontukI=314
655,kNtukI=414
656,kNtukI=414
657,kNtukI=414
657X,kentukI=314
657Y,kNtukI=414
657Z,kNtukI=414
658,kNtukI=414
659,kintukI=314
659,kNtookI=414
660,-
661,kNdukI=414
662,kintukee=313
663,-
664,-
665,-
666,kNtukI=414
667,-
668,kNtukI=414
669,kNtukI=414
670,kNtukI=414
671,kNtukI=414
672,kNtukI=414
673,-
674,kNtukI=414
675,kNtukI=414
676,-
677,kNtukI=414
678,kentukI=314
679,kNtukI=414
680,kNtukI=414
681,kuntukI=314
682,kNtukI=414
683,kNtukI=414
684,kNtukI=414
685,kNtukI=414
686,kNtukI=414
687,kNtukI=414
688,-
689,kintukI=314
690,kNtukI=414
691,-
692,kentukI=314
693,kNtukI=414
694,kintukI=314
694,kentukI=314
695,kNtukI=414
696,kintukI=314
697,-
698,-
699,kintukI=314
700,-
701,kNtukI=414
702,-
703,kNtukI=414
704,kNtukI=414
705,kNtukI=414
706,-
707,kentukI=314
708,kintukI=134
709,kNtukI=414
710,-
711,kintukI=314
712,kNtukI=414
713,-
714,kNtukI=414
715,-
716,kNtukI=414
717,-
718,kentukI=314
719,kNtukI=414
720,-
721,kNtukI=414
722,-
723,kNtukI=414
724,-
725,kuntukI=314
726,-
727,kNtukI=414
728,-
729,kNtukI=414
730,kNtukI=414
731,kNtukI=414
732,-
733,-
734,kNtukI=414
735,-
736,kintukI=314
737,kNtukI=414
738,kNtukI=414
739,-
740,-
741,kNtukI=414
742,kNtukI=414
743,-
744,-
745,-
746,-
747,kintukI=314
748,-
749,kuntukI=314
750,kNtukI=414
751,kNtukI=414
752,kNtukI=414
753,kNtukI=414
754,kintukI=314
755,k[N]tukI=414
756,-
757,kintukI=314
758,kintukI=314
759,-
760,kuntukI=314
761,kentukI=314
762,-
763,-
764,kentukI=314
764,kNtukI=414
765,kentukI=314
766,-
767,kNtukI=414
768,kintAkee=143
769,kNtukI=414
770,-
771,kNtukI=414
772,kuntukI=314
773,kentukI=314
774,-
775,kentukI=314
776,kNtukI=414
777,kNtukI=414
778,kintukI=314
779,-
780,kNtukI=414
781,kentukI=314
782,kNtukI=414
783,kNtukI=414
784,-
785,kNtukI=414
786,kintukI=314
787,kNtukI=414
788,kuntukI=314
789,k[N]tukI=414
790,kentukI=314
791,kNtukI=414
792,kNtukI=414
793,-
794,kintukI=314
795,-
796,kuntukI=314
797,-
798,kintukI=314
799,-
800,kintukI=314
801,kNtukI=414
802,kintukI=314
803,-
804,-
805,-
806,kentukI=314
807,-
808,-
809,kNtukI=414
810,-
811,kNtukI=414
812,-
813,kentukI=314
814,kNtukI=414
815,kintukI=314
816,kintukI=314
817,kNtukI=414
818,-
819,kentukI=314
820,kNtukI=414
821,kNtukI=414
822,kNtukI=414
823,kNtukI=414
824,kNtukI=414
825,kNtukI=414
826,kNtukI=414
827,kintukI=314
828,kintukI=314
829,kNtukI=414
830,kNtukI=414
831,kNtukI=414
832,-
833,kintukI=314
834,kNtukI=414
835,kintukI=314
836,kNtukI=414
837,kintukI=314
838,-
839,-
840,-
841,-
842,-
843,kNtukI=414
844,kNtukI=414
845,kNtukI=414
846,kNtukI=414
847,-
848,kintukI=314
849,kNtukI=414
850,kintukI=314
851,kNtukI=414
852,kNtukI=414
853,kNtukI=414
854,kNtukI=414
855,kNtukI=414
856,-
857,-
858,kNtukI=414
859,kintukI=314
860,kNtukI=414
861,kintukI=314
862,kintukI=314
863,kNtukI=414
864,kNtukI=414
865,kNtukI=414
866,kNtukI=414
867,kNtukI=414
868,kintukI=314
869,kintukI=314
870,kNtukI=414
871,kNtukI=414
872,-
873,kNtukI=414
874,kintukI=314
875,kNtukI=414
876,kNtukI=414
877,kintukI=314
878,kintukI=314
879,kNtukI=414
880,kintukI=314
881,-
882,kNtukI=414
883,kNtukI=414
884,-
885,kNtukee=413
886,kNtukI=414
887,kNtukI=414
888,-
889,kNtukI=414
890,kNtukI=414
891,kNtukI=414
892,kNtukI=414
893,kNtukI=414
894,kentukI=314
895,kNtukI=414
896,kantukI=314
897,-
898,-
899,kNtukI=414
900,kentukI=314
901,kNtukI=414
902,kNtukI=414
903,-
904,kNtukI=414
905,kNtukI=414
906,kintukI=314
907,-
908,kNtukI=414
909,-
910,kNtukI=414
911,kentukI=314
