Informant,Response
001,noksvL=14
002,noksvL=14
003,noksvL=14
004,noksvL=14
005,noksvL=14
006,noksvL=14
007,noksvL=14
008,noksvL=14
009,noksvL=14
010,noksvL=14
011,noksvL=14
012,-
013,noksvL=14
014,noksvL=14
015,noksvL=14
016,noksvL=14
017,noksvL=14
018,noksvL=14
019,noksvL=14
020,noksvL=14
021,noksvL=14
022,noksvil=13
023,noksvL=14
024,noksvL=14
025,noksvL=14
026,noksvL=14
027,noksvL=14
028,noksvL=14
029,noksvL=14
030,noksvL=14
031,noksvL=14
032,noksvL=14
033,noksvL=14
034,noksvL=14
035,noksvL=14
036,noksvL=14
037,noksvL=14
038,noksvL=14
039,noksvL=14
040,noksvL=14
041,noksvL=14
042,noksvL=14
043,noksvL=14
044,noksvL=14
045,noksvL=14
046,-
047,noksvL=14
048,noksvL=14
049,noksvL=14
050,noksvL=14
051,-
052,noksvL=14
053,noksvL=14
054,-
055,noksvL=14
056,noksvL=14
057,noksvL=14
058,noksvL=14
059,noksvL=14
060,noksvL=14
061,-
062,-
063,-
064,noksvL=14
065,noksvL=14
066,-
067,noksfL=14
068,-
069,noksvL=14
070,-
071,noksvL=14
072,noksvL=14
073,noksvil=11
074,-
075,noksvL=14
076,noksvL=14
077,noksvL=14
078,noksvil=13
079,noksvL=14
080,-
081,-
082,-
083,noksvL=14
084,-
085,noksvil=13
086,noksvL=14
087,noksvL=14
088,-
089,-
090,noksvil=13
091,noksvL=14
092,-
093,-
094,-
095,noksvL=14
096,noksvL=14
097,noksvL=14
098,noksvil=13
099,noksvil=13
100,noksvil=13
101,noksvil=13
102,noksvil=13
103,noksvil=13
104,noksvL=14
105,noksvL=14
106,-
107,noksvL=14
108,noksvL=14
109,noksvL=14
110,noksvil=13
111,noksvil=13
112,-
113,noksvil=13
114,-
115,-
116,-
117,noksvil=13
118,noksvil=13
119,noksvil=13
120,notsvL=14
121,noksvL=14
122,-
123,-
124,noksvL=14
125,-
126,noksvL=14
127,-
128,-
129,-
130,-
131,noksvL=14
132,-
133,-
134,-
135,noksvL=14
136,noksvL=14
137,noksvil=13
138,-
139,noksvil=13
140,-
141,noksvL=14
142,-
143,noksvL=14
144,noksvL=14
145,-
146,noksvil=13
147,-
148,-
149,-
150,-
151,-
152,noksvL=14
153,-
154,-
155,-
156,-
157,-
158,-
159,nawksvil=13
160,-
161,noksvL=14
162,nawksvL=14
163,noksvil=13
164,noksvil=13
165,noksvL=14
166,noksvL=14
167,noksvL=14
168,-
169,-
170,noksvL=14
171,noksvL=14
172,noksvL=14
173,-
174,-
175,-
176,noksvL=14
177,-
178,-
179,-
180,noksvL=14
181,-
182,-
183,noksvil=13
184,-
185,noksvL=14
186,noksvL=14
187,noksvL=14
188,nok(s)vil=13
189,noksvL=14
190,noksvL=14
191,noksvil=13
192,-
193,-
194,-
195,-
196,-
197,-
198,-
199,-
200,-
201,noksvil=13
202,-
203,-
204,-
205,-
206,noksvL=14
207,noksvil=13
208,-
209,-
210,noksvil=13
211,noksvel=21
212,noksvL=14
213,-
214,noksvil=13
215,-
216,-
217,noksvL=14
218,-
219,-
220,-
221,noksvL=14
222,-
223,-
224,-
225,-
226,-
227,noksvil=13
228,-
229,-
230,-
231,-
232,noksvil=13
233,noksvil=13
234,-
235,noksvil=13
236,noksvil=13
237,noksvil=13
238,noksvL=14
239,noksvil=13
240,noksvil=21
241,-
242,noksvL=14
243,nawksvul=13
244,-
245,noksvil=13
246,noksvL=14
247,noksvil=13
248,noksvil=13
249,noksvil=13
250,-
251,-
252,-
253,-
254,noksvL=14
255,noksvil=13
256,-
257,noksvil=13
258,noksvil=13
259,noksvil=13
260,nawksvL=14
261,noksvil=13
262,nawksvL=14
263,-
264,noksvil=13
265,-
266,noksvil=13
267,-
268,-
269,noksvil=13
270,noksvi[l]=13
271,noksvil=13
272,noksvil=13
273,noksvil=13
274,noksvil=13
275,-
276,-
277,noksvil=13
278,noksvil=13
279,noksvil=13
280,noksvL=14
281,noksvil=13
282,noksvL=14
283,noksvil=13
284,noksvil=13
285,-
286,noksvL=14
287,-
288,-
289,noksvL=14
290,noksvL=14
291,noksvL=14
292,noksvL=14
293,noksvL=14
294,noksvil=13
295,noksvL=14
296,noksvL=14
297,noksvL=14
298,-
299,noksfL=14
300,noksvL=14
301,noksfL=14
302,noksvL=14
303,noksfL=14
304,noksvL=14
305,-
306,noksvL=14
307,noksvL=14
308,noksvL=14
309,noksvil=13
310,noksvL=14
311,nawksvL=14
312,noksvL=14
313,noksvil=13
314,noksvL=14
315,noksvL=14
316,nawksvL=14
317,noksvL=14
318,noksvL=14
319,-
320,noksvL=14
321,noksvL=14
322,noksvL=14
323,noksvL=14
324,noksvL=14
325,noksvL=14
326,noksvL=14
327,noksvL=14
328,noksvL=14
329,noksvil=13
330,-
331,noksvL=14
332,noksvL=14
333,-
334,noksvL=14
335,noksvL=14
336,-
337,-
338,noksvL=14
339,noksvL=14
340,-
341,noksvL=14
342,-
343,noksvL=14
344,-
345,noksvL=14
346,-
347,noksvL=14
348,noksvL=14
349,-
350,noksvL=14
351,noksvL=14
352,noksvil=11
353,-
354,noksvL=14
355,-
356,-
357,noksvL=14
358,noksvL=14
359,noksvL=14
360,noksvL=14
361,noksvL=14
362,-
363,noksvL=14
364,noksvL=14
365,-
366,noksvL=14
367,noksvL=14
368,noksvL=14
369,noksvL=14
370,noksvL=14
371,noksvL=14
372,noksvL=14
373,noksv[L]=14
373,noksvL=14
374,noksvL=14
375,nawksvL=14
376,noksvL=14
377,-
378,noksvL=14
379,noksvL=14
380,noksvL=14
380,noksvil=13
381,noksvL=14
382,-
383,noksvL=14
384,-
385,noksvL=14
386,noksvL=14
387,noksvL=14
388,-
389,-
390,noksvL=14
391,noksvil=13
392,-
393,noksvL=14
394,noksvL=14
395,noksvil=13
396,-
397,-
398,noksvL=14
399,noksvL=14
400,noksvL=14
401,-
402,-
403,noksvL=14
404,noksvL=14
405,noksvL=14
406,-
407,noksvL=14
408,noksvil=13
409,noksvL=14
410,noksvL=14
411,noksvL=14
412,-
413,-
414,noksvL=14
415,noksvL=14
416,noksvil=13
417,noksvL=14
418,noksvL=14
419,noksvL=14
420,-
421,noksvil=13
422,-
423,noksvL=14
424,-
425,noksvL=14
426,-
427,noksvil=13
428,noksvL=14
429,-
430,noksvL=14
431,-
432,-
433,noksvL=14
434,-
435,noksvL=14
436,noksvL=14
437,noksvL=14
438,-
439,noksvL=14
440,noksvL=14
441,noksvL=14
442,noksvL=14
443,noksvL=14
444,noksvL=14
445,noksvL=14
446,noksvL=14
447,-
448,noksvL=14
449,noksvil=13
450,noksvL=14
451,noksvL=14
452,-
453,-
454,-
455,noksvL=14
456,noksfL=14
457,noksvil=13
458,-
459,-
460,-
461,noksvL=14
462,noksvL=14
463,-
464,-
465,-
466,noksvil=13
467,noksvL=14
468,-
469,noksvil=13
470,noksvil=13
471,noksvil=13
472,noksvL=14
473,-
474,noksvL=14
475,noksvL=14
476,noksvL=14
477,noksvL=14
478,-
479,noksvil=13
480,noksvil=13
481,noksvil=13
482,-
483,-
484,noksvL=14
485,noksvil=13
486,noksvL=14
487,-
488,noksvL=14
489,noksAvL=144
490,noksvL=14
491,-
492,-
493,-
494,-
495,noksvL=14
496,noksvil=13
497,-
498,noksvL=14
499,noksvL=14
500,-
501,noksvL=14
502,nawt(s)vL=14
502,nawktvL=14
503,-
504,noksvL=14
505,-
506,-
507,-
508,noksvL=14
509,-
510,-
511,-
512,-
513,noksvL=14
514,noksvL=14
515,noksvil=13
516,noksvL=14
517,noksvL=14
518,noksvil=13
519,-
520,noksvL=14
521,noksvL=14
522,noksvL=14
523,-
524,noksvL=14
525,-
526,-
527,noksvL=14
528,-
529,-
530,noksvL=14
531,noksvL=14
532,noksvL=14
533,noksvL=14
534,-
535,noksvL=14
536,-
537,-
538,noksvL=14
539,noksvL=14
540,-
541,noksvL=14
542,-
543,-
544,noksvL=14
545,noksvil=13
546,-
547,noksvil=13
548,noksvL=14
549,noksvL=14
550,-
551,noksvL=14
552,-
553,-
554,-
555,-
556,-
557,noksvL=14
558,noksvil=13
559,-
560,noksvL=14
561,-
562,noksvL=14
563,noksvL=14
564,noksvil=13
565,noksvL=14
566,-
567,-
568,noksvL=14
569,-
570,noksvL=14
571,-
572,noksvL=14
573,noksvL=14
574,noksvil=13
575,noksvL=14
576,noksvL=14
577,-
578,-
579,noksvil=13
580,-
581,noksvL=14
582,noksvL=14
583,-
584,noksvL=14
585,-
586,-
587,noksvL=14
588,noksvL=14
589,noksvil=13
590,noksvil=13
591,noksvL=14
592,noksvL=14
593,-
594,-
595,noksvil=13
596,noksvL=14
597,-
598,noksvL=14
599,noksvL=14
600,-
601,noksvL=14
602,noksvil=13
603,-
604,-
605,-
606,-
607,noksvil=13
608,noksvL=14
609,-
610,noksvil=13
611,noksvi[l]=13
612,-
613,noksvL=14
614,-
615,noksvL=14
616,-
617,noksvL=14
618,noksvil=13
619,-
620,-
621,noksvil=13
622,noksvil=13
623,noksvL=14
624,noksvil=13
625,noksvil=13
626,-
627,-
628,noksvL=14
629,noksvL=14
630,noksvil=13
631,-
632,noksvil=13
633,noksvL=14
634,-
635,noksvil=13
636,-
637,-
638,-
639,-
640,-
641,noksvil=13
642,-
643,noksvL=14
644,-
645,noksvil=13
646,noksvL=14
647,-
648,-
649,-
650,-
651,-
652,-
653,-
654,noksvil=13
655,-
656,noksvil=13
657,noksvil=13
657X,noksvil=13
657Y,noksvil=13
657Z,noksvL=14
658,noksvil=21
659,noksvL=14
660,-
661,-
662,-
663,-
664,-
665,-
666,-
667,noksvil=13
668,nogAvul=143
669,noksvil=13
670,-
671,nawksvil=13
672,-
673,noksvil=13
674,-
675,-
676,-
677,noksvL=14
678,-
679,noksvL=14
680,noksvL=14
681,noksvL=14
682,noksvL=14
683,-
684,-
685,noksvL=14
686,-
687,noksvL=14
688,noksvL=14
689,-
690,-
691,-
692,noksvL=14
693,-
694,-
695,noksvL=14
696,noksvL=14
697,-
698,-
699,-
700,-
701,noksvL=14
702,-
703,noksvL=14
704,-
705,noksvL=14
706,-
707,noksvL=14
708,-
709,noksvil=13
710,-
711,noksvL=14
712,noksvil=13
713,-
714,noksvL=14
715,-
716,-
717,-
718,-
719,-
720,-
721,noksvL=14
722,-
723,-
724,-
725,noksvL=14
726,-
727,noksvil=13
728,-
729,-
730,noksvil=13
731,-
732,-
733,-
734,-
735,-
736,-
737,noksvL=14
738,noksvil=13
739,-
740,-
741,noksvL=14
742,-
743,-
744,-
745,-
746,-
747,-
748,-
749,-
750,-
751,noksvL=14
752,noksvil=13
753,noksvL=14
754,noksvil=13
755,noksvil=13
756,-
757,-
758,noksvil=13
759,-
760,-
761,noksvL=14
762,-
763,-
764,-
765,nawksvL=14
766,-
767,noksvL=14
768,nogzvil=13
769,noksvil=13
770,noksvL=14
771,noksvil=13
772,-
773,noksvL=14
774,-
775,-
776,-
777,noksvil=13
778,-
779,noksvil=13
780,noksvil=13
781,-
782,noksvL=14
783,noksvL=14
784,-
785,-
786,noksveel=13
787,noksvil=13
788,-
789,-
790,noksvil=13
791,noksvil=13
792,-
793,-
794,-
795,-
796,noksvil=13
797,-
798,-
799,-
800,-
801,noksvL=14
802,noksvil=13
803,-
804,-
805,-
806,-
807,-
808,-
809,-
810,-
811,-
812,-
813,-
814,-
815,-
816,noksvL=14
817,noksvil=13
818,-
819,-
820,-
821,-
822,noksvL=14
823,notsvil=13
824,noksvL=14
825,-
826,noksvL=14
827,noksvL=14
828,-
829,noksvL=14
830,noksvil=13
831,-
832,-
833,-
834,-
835,-
836,-
837,-
838,-
839,-
840,-
841,-
842,-
843,-
844,noksvil=13
845,-
846,noksvil=13
847,-
848,-
849,noksvL=14
850,-
851,-
852,-
853,-
854,-
855,-
856,-
857,-
858,-
859,noksvil=13
860,-
861,noksvL=14
862,-
863,noksvL=14
864,-
865,noksvL=14
866,-
867,noksvil=13
868,noksvil=13
869,noksvil=13
870,noksvil=13
871,-
872,-
873,-
874,noksvil=13
875,noksvil=13
876,noksvil=13
877,noksvL=14
878,noksvL=14
879,-
880,-
881,-
882,-
883,-
884,-
885,-
886,-
887,-
888,-
889,-
890,-
891,-
892,-
893,noksvL=14
894,noksvil=13
895,noksvil=13
896,noksvil=13
897,-
898,-
899,noksvil=13
900,-
901,nawksvil=13
902,noksvil=13
903,-
904,noksvil=13
905,noksvil=13
906,noksvil=13
907,-
908,noksvil=13
909,-
910,noksvil=13
911,noksvil=13
