Informant,Response
001,-
002,-
003,shAkawgoe=413
004,-
005,shIkogoe=413
006,chIkogoe=413
007,shikogoe=313
008,chikogA=314
009,shikawgoe=313
010,shikogoe=313
011,shikawgoe=313
012,-
013,-
014,shikogoe=313
015,-
016,shIkogoe=413
017,shIkawgoe=413
018,-
019,shIkawgoe=413
020,shIkogoe=413
021,-
022,shIkogoe=413
023,-
024,shikogoe=313
025,-
026,shikogoe=313
027,shikogoe=313
028,-
029,shIkogoe=413
030,shIkogoe=413
031,shIkogoe=413
032,shIkogoe=413
033,shIkogoe=413
034,shIkawgoe=413
035,shikogoe=313
036,shIkogoe=413
037,shikawgoe=313
038,-
039,-
040,shikogoe=313
041,shIkogoe=413
042,-
043,shikogoe=313
044,(shI)kogoe=13
045,shIkogoe=413
046,shIkogoe=413
047,shikogoe=313
048,-
049,shIkogoe=413
050,shikogoe=313
051,shIkogoe=413
052,-
053,chikogoe=313
054,-
055,shikogR=314
056,shIkogoe=413
057,shikogoe=313
058,shIkogoe=413
059,shIkogoe=413
060,shIkogoe=413
061,-
062,chIkogoe=413
063,-
064,chikogoe=313
065,shAkogoe=413
066,-
067,shIkogoe=413
068,-
069,-
070,shIkogoe=413
071,shikogoe=313
072,shIkawgoe=413
073,shIkogA=414
074,-
075,shIkogoe=413
076,shookogoe=313
077,sh(I)kogoe=13
077,shikagoe=213
078,shIkogoe=413
079,shikogoe=313
080,-
081,shikogoe=313
082,-
083,shIkogoe=413
084,shIkawgoe=413
085,chIkorgoe=413
086,shIkogoe=413
087,shIkogA=414
088,-
089,-
090,shIkorgoe=413
091,shIkogA=414
092,-
093,-
094,shikogoe=313
095,shIkogoe=413
096,shIkogoe=413
097,shikogoe=313
098,shIkogoe=413
099,chIkogoe=413
100,shIkogA=414
101,shIkogoe=413
102,shIkorgoe=413
103,shIkogoe=413
104,shIkogoe=413
105,shIkogoe=413
106,shAkorgoe=413
107,shAkogoe=413
108,shIkawgoe=413
109,sheekogoe=313
110,shikogoe=313
111,shikogoe=313
112,-
113,-
114,-
115,-
116,-
117,sh(I)kawgoe=13
118,shAkogoe=413
119,shIkogoe=413
120,shIkogoe=413
121,-
122,shIkogoe=413
123,shIkogoe=413
124,shIkogoe=413
125,shikawgoe=313
126,chIkogoe=413
127,-
128,-
129,-
130,-
131,ch(I)kogoe=13
132,-
133,sh(I)kogoe=13
134,-
135,chIkogoe=413
136,sh(I)kogoe=13
137,shIkogoe=413
138,shIkogoe=413
139,shIkogoe=413
140,-
141,shIkogoe=413
142,shIkogoe=413
143,shIkogoe=413
144,shIkogoe=413
145,-
146,shIkogoe=413
147,-
148,-
149,-
150,shIkogoe=413
151,-
152,shAkogoe=413
153,-
154,shIkogoe=413
155,shikogoe=313
156,-
157,-
158,-
159,shIkorgoe=413
160,-
161,shIkogoe=413
161,shIkogoe=412
162,jIkogoe=413
163,shikogoe=313
164,chikogoe=313
165,sIkogoe=413
166,-
167,sikogoe=313
168,-
169,-
170,shIkogoe=413
171,shIkogoe=413
172,chIkogoe=413
173,-
174,-
175,-
176,shikogoe=313
177,ch(I)kogoe=13
178,-
179,chIkogoe=413
180,shikawrgoe=313
181,shikawgoe=313
182,-
183,shIkogoe=413
184,shikogoe=313
185,shIkogoe=413
186,shIkogoe=413
187,-
188,sikawgoe=313
189,shIkogoe=413
190,shikogoe=313
191,shIkogoe=413
192,shIkogoe=413
193,-
194,-
195,-
196,-
197,-
198,-
199,-
200,-
201,chIkogoe=413
202,shIkogoe=413
203,-
204,-
205,-
206,-
207,-
208,shAkawrgoe=413
209,shIkogoe=413
210,shIkogoe=413
211,shIkogoe=413
212,shIkawrgoe=413
213,shIkogoe=413
214,chIkawgoe=413
215,-
216,shIkogoe=413
217,shiko(g)oe=313
218,-
219,-
220,-
221,chIkawgoe=413
222,shIkogoe=413
223,-
224,-
225,-
226,shIkogoe=413
227,-
228,-
229,shikogoe=312
230,-
231,shAkogoe=413
232,shikogoe=313
233,-
234,-
235,shikogoe=313
236,shIkorgoe=413
237,-
238,shIkorgoe=413
239,shikogoe=313
240,shikogoe=313
241,-
242,shIkorgoe=413
243,shIkorgoe=413
244,-
245,shIkogoe=413
246,shIkogoe=413
247,shIkogoe=413
248,shIkorgoe=413
249,-
250,-
251,chIkogoe=413
252,-
253,shIkogoe=413
254,shAkorgoe=413
255,shIkogoe=413
256,-
257,shIkorgoe=413
258,shIkogoe=413
259,shIkorgoe=413
260,-
261,shikogA=314
262,-
263,shIkogoe=413
264,shIkogoe=413
265,-
266,shIkogoe=413
267,-
268,-
269,sh(I)kogoe=13
270,shIkogoe=413
271,shikogoe=313
272,shikogoe=213
273,shIkogoe=413
274,shAkogoe=413
275,chikawgoe=313
276,-
277,chIkogoe=413
278,shikogoe=313
279,shIkogoe=413
280,-
281,chikogoe=313
282,shIkawgoe=413
283,shIkogoe=413
284,shAkogoe=413
285,-
286,shIkogoe=413
287,shIkogoe=413
288,-
289,-
290,shIkogoe=413
291,chikogoe=313
292,shIkogoe=413
293,shikogoe=313
294,shIkogoe=413
295,chIkogoe=413
296,shikawgoe=213
297,shIkogoe=413
298,shIkogoe=413
299,chIkorgoe=413
300,shIkogoe=413
301,-
302,shIkawgoe=413
303,shIkogoe=413
304,shikogoe=313
305,-
306,-
307,shAkogoe=413
308,shikogoe=313
309,shIkogoe=413
310,shIkogoe=413
311,shAkogoe=413
312,chIkogoe=413
313,shIkogoe=413
314,shIkogoe=413
315,-
316,shAkogoe=413
317,chIkogoe=413
318,-
319,-
320,shIkogoe=413
321,shIkogoe=413
322,shIkogoe=413
323,shIkogoe=413
324,-
325,shIkorgoe=413
326,shIkogoe=413
327,chIkogoe=413
328,shIkogoe=413
329,shIkogoe=413
330,chIkogoe=413
331,ch(I)kogoe=13
332,sh(I)kogoe=13
333,shikorgoe=313
334,shIkogoe=413
335,shIkogoe=413
336,-
337,-
338,shIkogoe=413
339,shIkogoe=413
340,chIkogoe=413
341,chikogoe=313
342,shIkogoe=413
343,shikogoe=313
344,-
345,shIkogoe=413
346,shikogoe=313
347,-
348,shIkorgoe=413
349,shIkogoe=413
350,shIkorgoe=413
351,chIkogoe=413
352,shIkogoe=413
353,shikogoe=313
354,shIkogoe=413
355,-
356,shIkorgoe=413
357,shIkogA=414
358,shikogoe=313
359,shIkorgoe=413
360,shIkogoe=413
361,shikogoe=313
362,shAkogoe=413
363,shIkorgoe=413
364,shAkogoe=413
365,-
366,shIkogoe=413
367,shIkogoe=413
368,shIkogoe=413
369,shikogoe=313
370,shAkogoe=413
371,shIkogoe=413
372,chikogoe=313
373,sh(I)kogoe=13
374,shIkogoe=413
375,shAkogoe=413
376,-
377,-
378,shIkogoe=413
379,chikogoe=313
380,shIkogoe=413
381,shIkogoe=413
382,shIkogoe=413
383,shIkogoe=413
384,shIkogoe=413
385,chIkogoe=413
386,shIkogoe=413
387,shIkogoe=413
388,-
389,chIkogoe=413
390,shikogoe=313
391,shikogoe=313
392,-
393,sh(I)kogoe=13
394,shIkogoe=413
395,shIkawgoe=413
396,shikogoe=313
397,shIkogoe=421
398,shikogoe=313
399,shikogoe=313
400,chIkogoe=413
401,shAkogoe=413
402,shIkogoe=413
403,shIkogoe=413
404,shIkogoe=413
405,shIkogoe=413
406,-
407,-
408,shIkogoe=413
409,shikogoe=313
410,sikogoe=313
411,shikogoe=313
412,-
413,-
414,shIkogoe=413
415,sh(I)korgoe=13
415,sIkorgoe=413
416,shIkogoe=413
417,shikawgoe=313
418,shAkorgoe=413
419,shIkogoe=413
420,-
421,shAkogoe=413
422,shIkogoe=413
423,shIkogoe=413
424,chikogoe=313
425,shIkogoe=413
426,-
427,shAkogoe=413
428,shIkogoe=413
429,-
430,shIkogoe=413
431,shAkogoe=413
432,sIkogoe=413
433,shIkogoe=413
434,-
435,shIkogoe=413
436,shIkogoe=413
437,shIkogoe=413
438,-
439,shIkorgoe=413
440,shIkogoe=413
441,shAkawgoe=413
442,sh(I)kogoe=13
443,shAkogoe=413
444,-
445,-
446,shIkorgoe=413
447,shIkorgoe=413
448,shikawrgoe=213
449,-
450,-
451,shikorgoe=313
452,shikogoe=313
453,-
454,shIkawgoe=413
455,shIkorgoe=413
456,shIkogoe=413
457,shIkogoe=413
458,shIkogoe=413
459,-
460,-
461,shIkogoe=413
462,shIkogoe=413
463,-
464,shIkogoe=413
465,-
466,shIkogoe=413
467,-
468,shAkogoe=413
469,shIkawgoe=413
470,shAkorgoe=413
471,shIkogoe=413
471,chIkogoe=413
472,chIkogoe=413
473,-
474,shIkogoe=413
475,shikogoe=313
476,shIkogoe=413
477,shikogoe=313
478,-
479,shIkawgoe=413
480,shIkawrgoe=413
481,shikogoe=313
482,shikawgoe=313
483,-
484,shikogoe=313
485,shikogoe=313
486,-
487,-
488,shIkorgoe=413
489,shIkogoe=413
490,shikogoe=313
491,-
492,-
493,shIkogoe=413
494,-
495,chikogoe=313
496,shAkogoe=413
497,-
498,shikogoe=313
499,-
500,-
501,shikogoe=313
502,shIkorgoe=413
503,-
504,chikogoe=313
505,shikogoe=313
506,-
507,-
508,shikogoe=213
509,-
510,-
511,-
512,shIkawgoe=413
513,chikawgoe=313
514,-
515,-
516,shIkogoe=413
517,shikorgoe=313
518,shIkawgoe=413
519,shikogoe=313
520,-
521,-
522,chIkogoe=413
523,-
524,shIkogoe=413
525,shAkawgoe=413
526,shIkogoe=413
527,shIkogoe=413
528,-
529,-
530,shAkogoe=413
531,shIkogoe=413
532,chIkogoe=413
533,shikogoe=313
534,chIkogoe=412
535,shIkogoe=413
536,-
537,shikogoe=313
538,shikogoe=313
539,shIkogoe=413
540,shIkogoe=413
541,shIkogoe=413
542,sh(I)korgoe=13
543,shIkogoe=413
544,-
545,shAkogoe=413
546,-
547,shIkogoe=413
548,shIkogoe=413
549,shIkogoe=413
550,shIkogoe=413
551,shAkogoe=413
552,-
553,sh(I)kogoe=13
554,-
555,shIkogoe=413
556,shAkogoe=413
557,-
558,shIkogoe=413
559,-
560,shIkogoe=413
561,-
562,shIkogoe=413
563,shikogoe=313
564,shIkawgoe=413
565,shIkorgoe=413
566,-
567,-
568,shIkawgoe=413
569,-
570,shAgogoe=413
571,shIkogoe=413
572,shIkorgoe=413
573,shIkogoe=413
574,chIkogoe=413
575,shIkogoe=413
576,shIkorgoe=413
577,shikogoe=313
578,shIkogoe=413
579,shIkogoe=413
580,sIkogoe=413
581,-
582,shIkogoe=413
583,-
584,shIkorgoe=413
585,shIkawgoe=413
586,-
587,sh(I)kogoe=13
588,shIkogoe=413
589,shIkogoe=413
590,shIkogoe=413
591,shIkogoe=413
592,shIkogoe=413
593,shIkogoe=413
593,shIko(g)oe=413
594,shIkawgoe=413
595,shIkorgoe=413
596,shikogoe=313
597,-
598,shIkogoe=413
599,shIkogoe=413
600,-
601,shIkorgoe=413
602,shIkogoe=413
603,-
604,-
605,shIkorgoe=413
606,shikogoe=313
607,shIkorgoe=413
607,shIkawgoe=413
608,shIkogoe=413
609,shIkogoe=413
610,shIkogoe=413
611,shIkogoe=413
612,chIkogoe=413
613,shIkorgoe=413
613,shIkogoe=413
614,-
615,shAkawrgoe=413
616,shIkorgoe=413
617,sh(I)kogoe=13
618,shIkawgoe=413
618,shIkogoe=413
619,-
620,shikogoe=312
621,chIkogoe=413
622,shIkogoe=413
623,shIkogoe=413
624,shIkogoe=413
625,shIkogoe=413
626,chIkogoe=413
627,shAkawgoe=413
628,shIkorgoe=413
629,shIkogoe=413
630,shIkogoe=413
631,shIkawgoe=413
632,shIkorgoe=413
633,chAkogoe=413
634,shIkogoe=413
635,shIkogoe=413
636,shAkorgoe=413
637,shIkogoe=413
638,shikogoe=313
639,-
640,shIkogoe=413
641,shIkogoe=413
642,chIkogoe=413
643,shikogoe=213
644,-
645,shIkogoe=413
646,shIkorgoe=413
647,-
648,shIkogoe=413
649,shIkorgoe=413
650,shIkawgoe=413
651,-
652,shIkogoe=413
653,shIkogoe=413
654,shIkawgoe=413
655,shAkogoe=413
656,shIkogoe=413
657,shIkogoe=413
657X,shIkawgoe=413
657Y,shIkogoe=413
657Z,shIkogoe=413
658,shIkogoe=413
659,shikogoe=313
660,shIkawgoe=413
661,shIkogoe=413
662,shAkogoe=413
663,-
664,-
665,sheekorgoe=313
666,shIkorgA=414
667,shIkogoe=413
668,shIkogoe=413
669,shIkogoe=413
670,-
671,shAkawgoe=413
672,-
673,shIkogoe=413
674,shIkawgoe=413
675,shikogoe=213
676,-
677,-
678,shIkawgoe=413
678,sh(I)kawgoe=13
679,-
680,shIkogoe=413
681,shIkawgoe=412
682,shikogoe=313
683,-
684,shIkawgoe=413
685,shIkogoe=412
686,shIkogoe=413
687,chIkogoe=413
688,sIkogoe=413
689,-
690,-
691,shIkogoe=413
692,shikogoe=313
693,shIkawrgoe=413
694,shIkog(oe)=41
695,chIkogoe=413
696,sikogoe=313
697,-
698,-
699,-
700,-
701,shIkogoe=413
702,shAkogoe=413
703,shikogoe=313
704,shikogoe=313
705,shIkogoe=413
706,-
707,shikogoe=313
708,shIkogoe=413
709,shIkogoe=413
710,-
711,shIkogoe=413
712,shikogoe=313
713,-
714,chIkogoe=413
715,-
716,shIkogoe=413
717,-
718,ch(I)kogoe=13
719,shikogoe=313
720,-
721,chIkogoe=413
721,shikogoe=313
722,-
723,-
724,-
725,shIkogoe=413
726,shIkogoe=413
727,shIkogoe=413
728,-
729,-
730,shIkogoe=413
731,shIkogoe=413
732,shIkogoe=413
733,-
734,-
735,sh(I)kogoe=13
736,shIkogoe=413
737,shikogoe=313
738,shIkogoe=413
739,-
740,-
741,chIkogoe=413
742,shAkawgoe=413
743,-
744,-
745,-
746,-
747,shikogoe=313
748,shikogoe=313
749,shAkogoe=413
750,-
751,shikogoe=313
752,shikogoe=313
753,shIkogoe=413
754,shAkogoe=413
755,shIkogoe=413
756,-
757,chIkogoe=413
758,shikorgoe=313
759,shIkogoe=413
760,-
761,shikogoe=313
762,-
763,-
764,sh(I)kogoe=13
765,-
766,shIkogoe=413
767,shikorgoe=313
768,shikogoe=313
769,shIkogoe=413
770,shIkorgoe=413
771,shIkogoe=413
772,shIkogoe=412
773,chIkogoe=413
774,-
775,shIkogoe=413
776,sh(I)kogoe=13
777,shIkogoe=413
778,shikogoe=313
779,shikogoe=313
780,shIkogoe=413
781,-
782,shIkorgoe=413
783,shIkogoe=413
784,-
785,-
786,shIkogoe=413
787,shIkogoe=413
788,shIkogoe=413
789,shikogoe=313
790,shIkorgoe=413
791,shIkorgoe=413
792,shIkogoe=413
793,-
794,shIkorgoe=413
795,-
796,shIkogoe=413
797,-
798,chIkogoe=413
799,shIkawgoe=413
800,chIkorgoe=413
801,shIkorgoe=413
801,shIkogoe=413
802,shikogA=314
803,-
804,-
805,shIkorgoe=413
806,shIkogoe=413
807,-
808,shIkogoe=413
809,shIkogoe=413
810,sheekogoe=313
811,sheekogoe=213
812,-
813,shIkorgoe=412
814,shIkogoe=413
815,chikogoe=313
816,shIkogoe=413
817,chIkogoe=413
818,-
819,shikorgoe=313
820,sh(I)kogoe=13
821,chIkogoe=413
822,shikorgoe=313
823,chIkogoe=413
824,sh(I)kogoe=13
825,shIkorgoe=413
826,shIkogoe=413
827,shIkawgoe=413
828,shIkogoe=413
829,shIkogoe=413
830,shIkogoe=413
831,shAkogoe=413
832,-
833,shIkogoe=413
834,shikogoe=313
835,shIkogoe=413
836,-
837,-
838,-
839,-
840,-
841,-
842,chIkogoe=413
842,shIkogoe=413
843,shikogoe=313
844,shIkogoe=413
845,-
846,chIkogoe=413
847,-
848,-
849,shIkogoe=413
850,-
851,shIkogoe=413
852,-
853,-
854,-
855,-
856,-
857,-
858,chIkogoe=413
859,shikogoe=313
860,-
861,shIkogoe=413
862,shAkogoe=413
863,shIkogoe=413
864,-
865,shIkawgoe=413
866,shIkawrgoe=413
867,shIkogoe=413
868,shIkogoe=413
869,shikogoe=313
870,shikogoe=313
871,shikogoe=313
872,-
873,shIkogoe=413
874,shIkawgoe=413
875,shikogoe=313
876,shIkogoe=413
877,chIkawgoe=413
878,shIkogoe=413
879,-
880,-
881,-
882,sikogoe=313
883,shikawgoe=313
884,-
885,chIkogoe=413
886,-
887,shikogoe=313
888,-
889,shikogoe=313
890,chIkogoe=413
891,shIkogoe=413
892,-
893,shIkogoe=413
894,shikawgoe=313
895,shIkogoe=413
896,chIkogoe=413
897,-
898,-
899,shikogoe=313
900,cheekogoe=313
901,chIkogoe=413
902,shIkogoe=413
903,-
904,shIkorgoe=413
905,shIkogoe=413
906,shikogoe=313
906,shIkawgoe=413
907,-
908,shIkogoe=413
909,-
910,shIkogoe=413
911,sh(I)kawgoe=13
