Informant,Response
001,han{t}I{d}=14
002,hantId=14
003,han{t}Id=14
004,hontId=14
005,han{t}Id=14
006,hawn{t}Id=14
007,h{o}n{t}Id=14
008,h{o}n{t}Id=14
009,han{t}Id=14
010,hon{t}Id=14
011,hantId=14
011,hawntId=14
012,hawntId=14
013,hawn{t}Id=14
014,hawntId=14
015,han{t}Id=14
016,hawntId=14
017,hawntId=14
018,hawn{t}Id=14
019,hantId=14
019,hawntId=14
020,hawntId=14
021,hantId=14
021,h{aw}n{t}Id=14
021,hon{t}Id=14
022,hawntI{d}=14
023,h{a}ntId=14
024,hawntId=14
025,hawntId=14
026,-
027,h{aw}ntId=14
028,hawn{t}Id=14
029,hawntId=14
030,hon{t}Id=14
031,-
032,hawntId=14
033,hontId=14
034,hontId=14
035,hawntId=14
036,han{t}I(d)=14
037,hain{t}Id=14
037,h{aw}n{t}Id=14
038,hawn{t}Id=14
039,hawn(t)I{d}=14
040,hawn(t)I{d}=14
041,han{t}Id=14
042,hon{t}Id=14
043,han{t}Id=14
043,hawn{t}Id=14
044,hawn{t}Id=14
045,hawntId=14
046,hawn{t}Id=14
047,hain{?}Id=14
048,hawntId=14
049,hawn{t}Id=14
050,hoen{t}Id=14
051,h{aw}n{?}Id=14
052,hontId=14
053,hantId=14
053,hawntId=14
054,hain{?}Id=14
055,hawn(t)Id=14
056,h{aw}n(t)Id=14
057,hontId=14
058,hawn{t}Id=14
059,h{a}n{t}Id=14
060,hontId=14
061,hawn{t}Id=14
062,-
063,h{a}n{t}Id=14
064,han{t}Id=14
065,-
066,hawn{t}Id=14
067,hawn{t}Id=14
068,hawn{t}Id=14
069,hawn{t}Id=14
070,hawn{t}Id=14
071,hawn(t)Id=14
072,hon{t}Id=14
073,h{aw}(n){?}Id=14
074,hain{t}Id=14
075,hawn(t)I{d}=14
076,h{aw}n{?}Id=14
077,-
078,hain(t)I{d}=14
079,hawn{t}Id=14
080,hawn{t}Id=14
081,hawn{t}Id=14
082,-
083,-
084,hantId=14
085,hawn(t)Id=14
086,hawnnId=14
087,hawn{t}Id=14
088,hain(t)Id=14
088,h{aw}n(t)Id=14
089,-
090,hain(t)Id=14
090,hawn(t)Id=14
091,hain(t)I{d}=14
091,hown(t)I{d}=14
092,-
093,-
094,h{a}ntId=14
095,hawn(t)I{d}=14
096,hawn{t}Id=14
097,hawn(t)Id=14
098,hawn(t)Id=14
099,hawn(t)Id=14
099,hain(t)Id=14
100,hawn(t)Id=14
101,hawn(t)Id=14
102,hon(t)Id=14
103,haintId=14
103,hawntId=14
104,hawn{t}Id=14
105,h{aw}n{t}Id=14
106,hawn(t)Id=14
107,hawn(t)Id=14
108,hawn{t}Id=14
109,hawn(t)Id=14
110,haintId=14
111,-
112,hawn(t)Id=14
113,-
114,-
115,hawn{t}Id=14
116,hantI{d}=14
117,han{t}Id=14
118,hawn(t)Id=14
119,-
120,hawn(t)Id=14
121,hain(t)Id=14
122,hawn(t)Id=14
123,hawn{t}Id=14
124,hawn(t)Id=14
125,han(t)I(d)=14
126,hawn{t}Id=14
127,hawn{t}Id=14
128,hawn{t}Id=14
129,hawn(t)I{d}=14
130,haw[n]{?}I{d}=14
131,hawn{t}Id=14
132,-
133,haw(n){?}Id=14
134,-
135,hown{?}Id=14
136,hain{?}Id=14
136,hawn(t)Id=14
137,hawn{?}Id=14
138,hain{t}Id=14
139,hawn{t}Id=14
140,han{t}Id=14
141,hawn(t)Id=14
142,han{?}Id=14
142,hawn{?}Id=14
143,hawn{?}Id=14
144,hain(t)Id=14
144,hawn(t)Id=14
145,-
146,hawn(t)Id=14
147,han{t}Id=14
148,-
149,-
150,hawntId=14
150,h{a}n{t}I(d)=14
151,h{a}n{?}I{d}=14
152,hai[n]{?}Id=14
153,hawn{t}Id=14
154,-
155,hawn{t}Id=14
156,-
157,hawn(t)Id=14
158,han{t}Id=14
159,haw[n]{?}Id=14
160,hawn{t}Id=14
161,hawntId=14
162,hon(t)Id=14
163,hon(t)Id=14
164,hawn(t)Id=14
165,hain(t)Id=14
166,h{a}n{?}Id=14
167,hawn{t}Id=14
168,-
169,-
170,hawn(t)Id=14
171,hon(t)Id=14
172,hawn{t}Id=14
172,hawn{?}Id=14
173,-
174,hawn{t}Id=14
175,h{aw}n{?}Id=14
176,hawn{t}Id=14
177,hon{?}Id=14
178,-
179,-
180,-
181,-
182,hawn(t)I{d}=14
183,h{aw}n(t)I{d}=14
184,hawn(t)I{d}=14
185,haintId=14
185,h{o}ntId=14
186,hawn{t}Id=14
187,hain{?}Id=14
188,han(t)I(d)=14
189,hawn(t)Id=14
190,hawn{t}Id=14
191,hoen(t)Id=14
192,-
193,-
194,h{a}n(t)I(d)=14
195,-
196,hawn{t}Id=14
197,-
198,han{t}Id=14
199,h{ai}ntId=14
200,-
201,h{aw}n(t)It=14
202,hawn{t}Id=14
203,-
204,hain(t)Id=14
204,han(t)Id=14
204,h{aw}n(t)Id=14
205,-
206,hawn{t}Id=14
207,hon(t)Id=14
208,hawn(t)Id=14
209,hawn(t)Id=14
210,-
211,hawn{t}Id=14
212,hawn(t)Id=14
213,-
214,hawn{t}Id=14
215,han(t)I(d)=14
216,hawn(t)Id=14
217,hawntId=14
218,han{?}Id=14
219,-
220,hawn(t)Id=14
221,han{t}Id=14
221,h{a}n{t}Id=14
222,hain{t}Id=14
223,hawn(t)Id=14
224,-
225,hawn{t}Id=14
226,-
227,haw(n){?}Id=14
228,-
229,hontId=14
230,h{aw}n(t)Id=14
231,hawn(t)Id=14
232,hawntId=14
233,hontId=14
234,h{aw}n{?}Id=14
235,han{t}Id=14
235,hawn{t}Id=14
236,hon(t)Id=14
237,hain(t)Id=14
238,hawntId=14
238,h{a}ntId=14
239,hawn{?}I{d}=14
240,haw[n]{t}I{d}=14
241,-
242,hontId=14
243,hawn(t)Id=14
244,-
245,hawn{t}Id=14
245,hawn(t)Id=14
246,hawntId=14
247,hai[n]{?}Id=14
247,hawntId=14
247,haw[n]{?}Id=14
248,hawn(t)I{d}=14
249,hawn(t)Id=14
250,-
251,-
252,-
253,hawn{t}Id=14
254,hawn{t}Id=14
255,hawn(t)Id=14
256,h{a}ntId=14
257,hain{t}Id=14
257,hawn{t}Id=14
258,hantId=14
258,h{o}ntId=14
259,hawn{?}Id=14
260,hawn{?}Id=14
261,h{aw}n(t)I{d}=14
262,hawn(t)Id=14
263,hawn{t}Id=14
264,hontId=14
265,hon(t)Id=14
266,hon{?}Id=14
267,-
268,-
269,hawn(t)Id=14
270,hawn(t)Id=14
270,honchId=14
271,hawntI{d}=14
272,hawn{t}Id=14
273,hon(t)Id=14
274,hawn(t)Id=14
275,hawn{?}Id=14
276,-
277,hawn{?}Id=14
278,hawntId=14
279,h{aw}n(t)I{d}=14
280,hawn{t}Id=14
281,hon(t)I{d}=14
282,hawntId=14
283,hawn(t)Id=14
284,h{o}n{t}Id=14
285,-
286,hon(t)Id=14
287,-
288,hoen(t)Id=14
289,hawntIt=14
290,h{a}ntId=14
291,h{o}ntId=14
292,hantId=14
292,hawn{t}Id=14
293,hawntId=14
294,h{aw}n(t)Id=14
295,han{?}Id=14
296,hain{t}Id=14
297,h{aw}n(t)Id=14
298,-
299,hain{?}Id=14
299,hawn{?}Id=14
300,hawn(t)Id=14
301,h{a}n{?}Id=14
302,han{t}Id=14
303,han{?}Id=14
304,hain{?}Id=14
305,-
306,hawn(t)Id=14
307,hawn(t)Id=14
308,hon(t)Id=14
309,hontId=14
310,h{aw}n{t}Id=14
311,hawn(t)Id=14
312,hawntId=14
313,h{o}n(t)Id=14
314,h{aw}n(t)Id=14
315,hon{?}Id=14
316,hain(t)Id=14
317,h{a}n{?}Id=14
318,-
319,-
320,haintId=14
321,hawn{?}Id=14
321,h{a}n{?}Id=14
322,hawn(t)Id=14
323,hawnnId=14
324,hawntId=14
325,haw[n]{?}Id=14
326,han{t}Id=14
327,hawntId=14
328,hawn(t)Id=14
329,hawntI{d}=14
330,hawn{t}Id=14
331,hantId=14
332,hawn(t)Id=14
333,haintId=14
333,hantId=14
334,hawn{t}Id=14
335,hawn(t)Id=14
336,han{t}Id=14
336,hawn{t}Id=14
337,hawn{?}Id=14
338,hawn{t}Id=14
339,hawn{t}Id=14
340,hain{?}I(d)=14
341,haw[n]{?}Id=14
342,hawn(t)Id=14
343,h{aw}n(t)Id=14
344,h{a}n(t)Id=14
345,hawn(t)Id=14
346,h{o}n{t}Id=14
347,hawn(t)I{d}=14
348,han(t)Id=14
349,hain{?}Id=14
350,hawn{?}Id=14
351,hawn(t)I{d}=14
352,h{aw}n(t)Id=14
353,-
354,hantId=14
355,haw[n]{?}Id=14
356,h{aw}ntId=14
357,hawn{t}Id=14
358,-
359,hawn(t)Id=14
360,h{aw}n(t)I{d}=14
361,hain{?}Id=14
361,hawn{?}Id=14
362,hon(t)Id=14
363,hain(t)Id=14
364,he{r}n{t}I{d}=14
365,hawntId=14
366,han{?}Id=14
367,hawn{t}Id=14
368,hon{?}Id=14
369,hawn(t)Id=14
370,hawn(t)Id=14
371,hawntId=14
372,hawn(t)I{d}=14
373,h{o}n{t}I{d}=14
374,h{aw}n{t}Id=14
375,hawn(t)Id=14
376,-
377,hain(t)I(d)=14
378,haw[n]{?}Id=14
379,hawn{?}Id=14
380,hawn(t)Id=14
381,hawn(t)I{d}=14
382,hawn{t}Id=14
383,hawn{t}Id=14
384,han{t}Id=14
385,hain{?}Id=14
385,hawn{?}Id=14
386,hontId=14
387,hawntId=14
388,hain{t}Id=14
389,hawn(t)Id=14
390,hawn(t)Id=14
391,hain{t}Id=14
391,hawn(t)Id=14
392,-
393,-
394,hawn{?}Id=14
395,hawn{t}Id=14
396,-
397,han{?}I(d)=14
398,hawn(t)I{d}=14
399,h{oe}n{t}Id=14
400,haw[n]tId=14
401,-
402,h{a}n{t}Id=14
403,hain(t)Id=14
403,hon(t)Id=14
404,h{oe}n{t}Id=14
405,hawn(t)Id=14
406,hain(t)Id=14
407,hawn{t}Id=14
408,hawn(t)Id=14
409,hawn(t)Id=14
410,hain{t}Id=14
410,hain{t}I(d)=14
411,hawn{t}Id=14
412,-
413,-
414,hawntI{d}=14
415,h{a}n(t)Id=14
416,h{oe}n(t)Id=14
417,hawn(t)Id=14
418,hontId=14
419,h{aw}n{t}Id=14
420,hawn{t}Id=14
421,ho[n]{t}Id=14
422,han(t)Id=14
422,hawn(t)Id=14
423,hawn{t}Id=14
424,hain{t}I{d}=14
425,hawn(t)Id=14
426,hawn{t}Id=14
427,hawn(t)Id=14
428,hawn(t)I{d}=14
429,-
430,haw[n]{t}Id=14
431,hai[n]{?}Id=14
432,hain(t)I(d)=14
433,hawn(t)I{d}=14
434,hain{t}Id=14
435,hawn(t)Id=14
436,hawn(t)Id=14
437,haintId=14
437,hawntId=14
438,hain(t)I(d)=14
439,hawn(t)Id=14
440,hawn(t)Id=14
441,hain(t)Id=14
442,hawn(t)Id=14
443,hawn(t)Id=14
444,hawn{t}Id=14
445,hawn(t)Id=14
446,hawn{t}Id=14
447,han{t}Id=14
447,hawn{t}Id=14
448,han(t)Id=14
448,hawn(t)Id=14
449,h{a}n{?}Id=14
450,hawn{t}Id=14
451,hontId=14
452,hawn(t)Id=14
453,-
454,hain{t}Id=14
455,hawntId=14
456,hon{?}Id=14
457,hon{t}Id=14
458,h{aw}n{t}Id=14
459,-
460,haintId=14
460,h{a}n{t}Id=14
461,hain(t)Id=14
461,hawn(t)Id=14
462,hawn{?}Id=14
463,-
464,haintId=14
465,-
466,hain{t}Id=14
467,-
468,han{t}Id=14
469,hain(t)Id=14
470,hawn(t)Id=14
471,hawn{?}Id=14
472,hawn(t)Id=14
473,h{a}n(t)Id=14
474,hon(t)Id=14
475,hawn{t}Id=14
476,hawntId=14
477,h{oe}n(t)I{d}=14
478,-
479,hawn(t)Id=14
480,hawntId=14
481,hon(t)Id=14
482,hawn{t}Id=14
483,-
484,haw[n]{t}Id=14
485,hontId=14
486,-
487,hawn{?}Id=14
488,hawn(t)Id=14
489,haintId=14
489,hon{?}Id=14
490,hawn{t}Id=14
491,-
492,h{a}n{t}Id=14
492,hontId=14
492,hon(t)Id=14
493,-
494,-
495,h{a}n{t}Id=14
496,hawn(t)Id=14
497,-
498,-
499,hawn{?}Id=14
500,hawn{t}Id=14
501,h{oe}n{t}Id=14
502,hawn(t)Id=14
503,han{t}Id=14
504,hawn(t)Id=14
505,-
506,h{aw}n(t)Id=14
507,-
508,-
509,hawn{?}Id=14
509,h{a}n{?}Id=14
510,-
511,han(t)Id=14
511,hawn(t)Id=14
512,-
513,hawn{t}Id=14
514,h{o}n{?}Id=14
515,-
516,hawn{t}Id=14
517,hawn{t}Id=14
518,hawn(t)Id=14
519,hon{?}Id=14
520,-
521,hawn{t}Id=14
522,hawn(t)Id=14
523,-
524,hawn(t)I{d}=14
525,h{a}n(t)Id=14
526,-
527,hawn(t)Id=14
528,-
529,-
530,hain(t)Id=14
531,hon(t)Id=14
532,hain{?}Id=14
533,hain(t)Id=14
533,hawn(t)Id=14
534,hawn{t}Id=14
535,hawn{?}I{d}=14
535,h{ai}n{?}Id=14
536,hawn(t)Id=14
537,han{?}Id=14
537,h{a}n{?}Id=14
538,hawn{t}Id=14
539,hain{t}Id=14
539,hawn{t}Id=14
540,-
541,-
542,-
543,han{t}I(d)=14
544,hawn(t)Id=14
545,-
546,-
547,hoyn{t}I{d}=14
548,hawntId=14
549,han{t}Id=14
549,hawn(t)Id=14
550,-
551,-
552,-
553,-
554,-
555,-
556,hawn(t)Id=14
556,h{a}n(t)Id=14
557,hain{?}Id=14
557,hawn(t)Id=14
558,hawn(t)It=14
559,-
560,hain{?}Id=14
561,-
562,hain{t}Id=14
562,hawn{t}Id=14
563,h{aw}n{t}Id=14
564,hawn(t)It=14
565,haw[n]{?}Id=14
566,-
567,-
568,-
569,hain(t)I(d)=14
570,hawn(t)I{d}=14
571,hawn{t}I{d}=14
572,hawn(t)Id=14
573,hain{?}Id=14
574,hawntId=14
575,hawntId=14
576,hawn(t)Id=14
577,h{aw}ntId=14
577,h{a}n{?}Id=14
578,hawn(t)Id=14
579,hawn{t}Id=14
580,-
581,-
582,hawn{t}Id=14
583,hain{t}Id=14
584,hain(t)Id=14
584,hawn(t)Id=14
585,hain{t}I{d}=14
586,-
587,hain(t)Id=14
587,han(t)I(d)=14
588,hawn(t)Id=14
589,hon(t)Id=14
590,hawntId=14
591,haw[n](t)Id=14
592,hawn{t}Id=14
593,h{a}ntId=14
594,h{a}n{t}Id=14
595,hawn{t}Id=14
596,hon(t)Id=14
596,h{a}n(t)Id=14
597,hawn{?}Id=14
598,hawn{t}I{d}=14
599,hawn(t)Id=14
600,-
601,haw(n){?}Id=14
602,hun{t}Id=14
603,-
604,-
605,-
606,han{t}Id=14
607,hawn(t)Id=14
608,h{aw}n(t)Id=14
609,hain(t)I{d}=14
610,hawn{t}Id=14
611,-
612,han(t)I(d)=14
613,hawn{t}Id=14
614,-
615,hawn(t)Id=14
616,-
617,hawn{?}Id=14
618,-
619,-
620,-
621,haintId=14
622,hon(t)Id=14
623,hawn(t)Id=14
624,hawn{t}Id=14
625,hawntId=14
626,-
627,hain(t)Id=14
628,-
629,hawn(t)Id=14
630,ho[n]{?}Id=14
631,-
632,haw[n](t)Id=14
632,hain(t)Id=14
633,-
634,hain{?}Id=14
635,hawn(t)Id=14
636,hon(t)Id=14
637,han(t)Id=14
638,hawn(t)I{d}=14
639,hawn(t)Id=14
640,hawn(t)Id=14
641,hawn(t)Id=14
641,h{ai}n{?}Id=14
642,-
643,h{aw}n{t}Id=14
644,-
645,hon{?}Id=14
646,hawn(t)Id=14
647,-
648,hawn{?}Id=14
649,hawn(t)Id=14
650,hawn(t)Id=14
651,-
652,hontId=14
653,-
654,hawn(t)Id=14
655,hawn{t}Id=14
656,hawn{t}Id=14
657,hawn{t}Id=14
657X,h{o}ntId=14
657Y,hawn{?}Id=14
657Z,h{oe}n(t)Id=14
658,-
659,hawntId=14
659,hawn{t}Id=14
660,han(t)Id=14
661,h{o}n(t)Id=14
662,hawntId=14
663,-
664,-
665,han(t)Id=14
666,hawn{t}Id=14
667,hantId=14
668,hawn{?}Id=14
669,hawn(t)Id=14
670,hawn(t)Id=14
671,hawn(t)Id=14
672,hawn(t)Id=14
673,hawn(t)Id=14
673,hawn(t)I{d}=14
674,han{t}Id=14
675,h{o}ntId=14
676,-
677,h{oe}n{t}Id=14
678,-
679,hawn(t)Id=14
680,hawn{t}Id=14
681,hain(t)Id=14
682,h{oe}n(t)Id=14
683,h{aw}n(t)Id=14
684,hawn{t}Id=14
685,hawn{t}Id=14
686,hain(t)Id=14
687,h{oe}n(t)Id=14
688,h{a}ntI{d}=14
689,hawn(t)Id=14
690,hain{?}Id=14
690,hon{?}Id=14
691,h{aw}n(t)Id=14
692,hawn{?}Id=14
693,hawn(t)Id=14
694,haintId=14
694,han{t}Id=14
695,h{aw}n{t}Id=14
696,han{t}Id=14
697,han(t)I{d}=14
698,-
699,-
700,-
701,hain(t)Id=14
702,hawn{t}Id=14
703,hawn{t}Id=14
704,h{aw}n(t)I{d}=14
705,hawn(t)Id=14
706,-
707,hon{t}Id=14
708,-
709,h{aw}n(t)Id=14
710,-
711,hawn(t)Id=14
712,h{aw}n(t)Id=14
713,h{aw}n(t)Id=14
714,hain(t)I{d}=14
715,hontI{d}=14
716,hain{t}Id=14
716,hain{?}Id=14
716,hon{?}Id=14
717,h{a}n(t)Id=14
718,hawntId=14
719,hawn{t}Id=14
720,h{o}ntId=14
721,han(t)Id=14
722,h{a}n(t)Id=14
723,hawn{t}Id=14
724,hawn{t}Id=14
725,h{o}n{t}I{d}=14
726,hain{?}Ad=14
727,han{?}Id=14
728,hawn(t)Id=14
729,h{aw}n(t)Id=14
730,hawn{?}Id=14
731,hawn{t}Id=14
732,hawn{t}Id=14
733,-
734,haintId=14
735,hawn{?}Id=14
736,hain(t)Id=14
736,hawn(t)Id=14
737,hawn{?}Id=14
738,hawn(t)Id=14
739,-
740,hawn{t}Id=14
741,hon(t)Id=14
742,hai[n]{?}Id=14
743,hawn(t)Id=14
744,han{?}I{d}=14
745,hawn(t)Id=14
746,-
747,hain{t}Id=14
748,han{t}I(d)=14
749,hawn(t)Id=14
750,-
751,hawn{t}Id=14
752,-
753,h{aw}ntId=14
754,hain(t)Id=14
755,hawn(t)Id=14
756,han(t)Id=14
757,hawntId=14
758,hawn(t)I{d}=14
759,-
760,-
761,han{t}Id=14
762,hawn(t)Id=14
763,-
764,haintId=14
765,h{aw}n(t)Id=14
766,hain{?}Id=14
767,hawn{t}Id=14
768,huen(t)I{d}=14
769,h{oe}ntId=14
770,hawn(t)Id=14
771,hain(t)I{d}=14
772,hain{t}Id=14
773,han{t}Id=14
774,-
775,-
776,h{o}n(t)Id=14
777,h{aw}n{?}I{d}=14
778,hon{t}Id=14
779,hawn{t}Id=14
780,h{oe}n(t)I{d}=14
781,han{t}Id=14
782,hien(t)I{d}=14
783,hain(t)Id=14
783,hawn(t)Id=14
784,h{a}ntId=14
785,hawn{?}id=13
786,hawn{?}Id=14
787,hawn{?}Id=14
788,hawn{t}Id=14
789,hain(t)Id=14
790,hain{t}Id=14
791,hawn(t)Id=14
792,hawntId=14
793,-
794,hantId=14
795,-
796,hon(t)Id=14
797,hawn(t)Id=14
798,haw{r}n{?}Id=14
799,-
800,hain{t}Id=14
801,h{aw}n{t}Id=14
802,hain(t)Id=14
803,-
804,-
805,-
806,hawn{?}Id=14
807,hawn{?}Id=14
808,-
809,hawn{t}Id=14
810,h{oe}n(t)I{d}=14
811,-
812,hawn{t}I{d}=14
813,hawn{t}Id=14
814,hawn{t}Id=14
815,hawn{t}Id=14
816,hawn{t}Id=14
817,hawn{t}Id=14
818,-
819,hantId=14
820,hon(t)I{d}=14
821,hain{t}Id=14
822,h{aw}ntId=14
823,hawn(t)Id=14
824,h{aw}n{?}id=13
825,hon{?}Id=14
826,h{oe}n(t)Id=14
827,hawntId=14
828,hain{t}Id=14
829,hawntId=14
829,hawn{t}Id=14
830,hon(t)I{d}=14
831,h{aw}n(t)Id=14
832,-
833,hawntId=14
833,hon{?}Id=14
834,h{aw}ntI{d}=14
835,hain(t)Id=14
836,hain{t}Id=14
836,hawn{t}Id=14
837,hain(t)Id=14
838,hain{t}I{d}=14
838,han{t}I{d}=14
839,hawn{t}Id=14
840,-
841,hawn(t)Id=14
842,hawntI{d}=14
843,h{aw}ntId=14
844,hoentId=14
845,-
846,hawn{t}Id=14
846,hain{t}Id=14
847,-
848,hawn{t}Id=14
849,han{?}Id=14
849,hawn(t)Id=14
850,h{aw}n(t)I{d}=14
851,hawn{t}Id=14
852,h{oe}n(t)Id=14
852,h{oe}n(t)I{d}=14
853,hawn{t}I{d}=14
854,hon{?}Id=14
855,hawn(t)Id=14
855,h{a}n(t)Id=14
856,hon(t)Id=14
857,hon{?}Id=14
858,-
859,hawn{t}Id=14
860,hontI{d}=14
861,hawntId=14
862,hawn(t)Id=14
863,h{aw}n(t)Id=14
864,hawn{?}Id=14
865,hawn{t}Id=14
866,hawn(t)Id=14
867,hon{?}Id=14
868,hawntId=14
869,hawn{t}Id=14
870,hon{t}Id=14
871,haw[n]{?}Id=14
872,-
873,han{?}Id=14
874,hawn{t}Id=14
875,hawn{t}Id=14
876,hawntId=14
877,hawn{t}Id=14
878,haw[n]{?}Id=14
879,-
880,hon(t)Id=14
881,-
882,-
883,hawntId=14
884,-
885,-
886,-
887,hawn{t}Id=14
888,-
889,hon{?}Id=14
890,hon{t}Id=14
891,hawn{t}Id=14
892,-
893,hon{?}Id=14
894,hawntId=14
895,hawntI{d}=14
896,-
897,-
898,-
899,hontId=14
900,hontId=14
900,huntId=14
901,hawntid=13
902,hawn(t)Id=14
903,-
904,hawn{?}Id=14
905,hawn(t)Id=14
906,hawntId=14
907,-
908,-
909,-
910,hain{?}Id=14
910,hawn{?}Id=14
911,hawntId=14
