Informant,Response
001,newyir=13
002,newyirz=13
003,newyirz=13
004,newyir=13
005,newyirz=13
006,newyirz=13
007,nyueyir=13
008,newyir=13
009,nyueyir=13
010,newyir=13
011,nyueyir=13
012,nueyir=13
013,newyir=13
014,newyirz=13
015,nyueyi{r}=13
016,newyir=13
017,newyir=13
018,nyueyirz=13
019,newyirz=13
020,nyueyir=13
021,-
022,nueyi[r]=13
023,newyirz=13
024,newyir=13
025,nyueyir=13
026,newyirz=13
027,newyir=13
028,newyir=13
029,newyir=13
030,newyi[r]=13
031,newyir=13
032,newyir=13
033,newyir=13
034,nyueyi[r]=13
035,newyir=13
036,newyir=13
037,newyi[r]=13
038,nyueyirz=13
038,nyueyu[r]=13
039,nueyir{z}=13
040,nueyir=13
041,newyurz=13
042,newyir=13
043,nyueyir=13
044,newyirz=13
045,newyir=13
045,nyueyir=13
046,newyirz=13
047,newyir=11
048,newyir=13
049,newyir=13
050,newyirz=13
051,newyir=13
052,nyueyi{r}=13
053,newyirz=13
054,newyir=13
055,nueyir=13
056,nueyir=13
057,nueyir=13
058,newyir=13
059,nyueyir=13
059,nyueyur=13
060,newyir=13
061,-
062,nueyir=13
063,-
064,newyir=11
065,nyueyirz=13
066,nyueyi[r]z=13
067,nyueyi{r}=13
068,-
069,nyueyir{z}=13
070,newyir=13
071,nueyir=13
072,newyir=13
073,newyi[r]=13
074,nueyi[r]{z}=13
075,newyir=13
076,nyueyi{r}=13
077,newyi[r]=13
078,newyir=13
078,newyir{z}=13
079,newyi{r}=13
080,-
081,newyir=13
082,-
083,nyewyir=31
084,newyi[r]=13
085,nyueyi[r]=13
086,newyir=13
087,nyuyirz=13
088,newyer=13
089,newyi[r]=13
090,nyueyi{r}=13
091,newyir=13
092,newyi[r]=13
093,newyi[r]=13
094,newyi{r}=13
095,newyi[r]=13
096,newyi[r]=13
097,nueyi[r]{z}=13
098,newyi[r]=13
099,nyueyi[r]=13
100,nueyi[r]=13
101,nueyir=13
102,nueyi{r}=13
103,nueyi[r]=13
104,newyir=13
105,newyi{r}=13
106,nyueyir=13
107,nyewyirz=13
108,nueyir=13
109,nueyi[r]=13
110,nueyi[r]=13
111,newyi[r]=13
112,nyueyi{r}=13
113,-
114,newye[r]{z}=13
115,newyi[r]=13
116,newyi[r]=13
117,nyueyi[r]=13
118,nyueyi[r]=13
119,nueyi[r]=13
120,nyueyi{r}=13
121,nyueyi[r]=13
122,nueye[r]=13
123,newyi[r]=13
124,nueyi{r}=13
125,newyi[r]=13
126,newyi[r]z=13
127,-
128,-
129,-
130,-
131,newyi[r]=13
132,newyi[r]=13
133,nyueyir=13
134,newyi{r}=13
135,nyueyi[r]=13
136,newyi[r]=13
137,newyi[r]=13
138,nyueye[r]=13
139,newyi{r}=13
140,newyi[r]=13
141,nueyi[r]=13
142,nyueyi[r]z=13
143,nyueyi[r]=13
144,nueyi[r]=13
145,-
146,nyewyi{r}=13
147,-
148,nueyir=13
149,newyi[r]=13
150,nyewyir=13
151,newyir=13
152,nyueyir=13
153,-
154,newyir=13
155,nueyi{r}=31
156,-
157,-
158,-
159,nyueyir=13
160,-
161,nueyi[r]=31
162,nueyi[r]=13
163,nueye[r]=13
164,nueyir=13
165,nueyi[r]=21
166,nyewyi[r]=13
167,newyi[r]=13
168,nueyi[r]=13
169,-
170,nueye[r]=13
171,nueyir=13
172,newyi[r]=13
173,-
174,-
175,newye[r]z=13
176,-
177,nyueyirz=13
178,-
179,newye[r]=13
180,newyi[r]z=13
181,-
182,-
183,nueyR=14
184,nueyi{r}=13
185,newyir=13
186,newyir=13
187,-
188,newyi[r]=13
189,newyi[r]=13
190,newyi[r]=13
191,niyir=13
192,nueyi{r}=13
193,nyueyir=13
194,nyueyir=13
195,-
196,-
197,-
198,-
199,newyu{r}{zh}=13
199,nueyi[r]{z}=13
200,newyi[r]z=13
201,nyueyi[r]=13
202,newyi[r]=13
203,newyir=13
204,-
205,-
206,newyir=13
207,nyueyi[r]=13
208,nyueyir=13
209,nueyi[r]=13
210,nyueyi[r]=31
211,newyir=13
212,newyerz=13
213,nyueyi[r]=13
214,newyi[r]=13
215,newyi[r]=13
216,nyueyir=13
217,newyi{r}=13
218,newyi[r]=13
219,-
220,neeyi[r]=12
221,newyir=13
222,-
223,-
224,-
225,-
226,newyi[r]z=13
227,nueyi[r]=13
228,newyi{r}=13
229,newyi[r]=13
230,nueyir=13
231,nueyir=13
232,newyir=21
233,nueyir=13
234,nyueyi(r)z=13
235,newyirz=13
236,nyueyir=13
237,nyewyi{r}=13
238,newyir=13
239,nueyir=13
240,nueyir=13
241,-
242,newyir=21
243,nyueyir=13
244,-
245,nueye[r]=13
246,nyueyi[r]=13
247,newyir=13
248,nueyir{z}=13
249,newyir=21
250,newyi{r}z=13
251,-
252,-
253,nueyir=13
254,nueyir=13
255,nueyi{r}=13
256,newyir=13
257,newyirz=13
258,nyueyer=13
259,nueyir=13
260,-
261,nueyir{z}=13
262,newyi{r}z=13
263,newyi[r]=13
264,nyueyir=13
265,nueyi[r]=13
266,nueyir=13
267,-
268,-
269,nueyir{zh}=13
269,nyewyirzh=13
269,nyewyir=13
270,nooyi[r]=12
271,newyi{r}z=13
272,nueyir=13
273,nueyir=13
274,nueyir=13
275,newyirz=13
276,newyir=13
277,nueyi[r]=13
278,newyir=13
279,nueyir=13
280,newyi[r]=13
281,nueyi[r]z=13
282,nyueyir=13
283,nooyir=21
284,nueyir=13
285,-
286,nueyir=13
287,-
288,nueyi[r]=13
289,newyi[r]=13
290,newyirz=13
291,newyir=13
291,nueyirz=13
292,newyir=13
293,newyir=13
294,nueyir=13
295,nyueye{r}z=13
296,newyi[r]=13
297,newyirz=13
298,newyi[r]z=13
299,nyueyi{r}=13
300,nueyir=13
301,nyueyi{r}=13
302,newyirz=13
303,nyueyi[r]z=13
304,nyueyerz=13
305,-
306,newyirz=13
307,nyueyir=13
308,nueyir=13
309,nueyi[r]=31
310,newyirz=31
311,nueyir=13
312,nueyi[r]=13
313,nueyir=13
314,nooyir=13
315,nyueyir=12
316,nueyi{r}=12
317,nyueye{r}z=13
318,-
319,-
320,newyirz=13
321,nyueyurz=13
322,nyueyir=13
323,newyi[r]=13
324,newyi[r]=13
325,nyuey[R]z=14
326,newyir=13
327,nyueyi[r]=13
328,newyir=13
329,nueyir=13
330,newyi[r]=13
331,nyueyi[r]=13
332,neeyi(r)=12
333,newyir=13
334,nueyir=13
335,nyueyir=13
336,nyueyir=13
337,nyueyi{r}z=13
338,newyir=13
339,newyir=13
340,newyi[r]=31
341,nyueyi[r]=13
342,newyir=12
343,newyir=13
344,nyueyi{r}z=13
345,newyi[r]=13
346,nueyi[r]z=31
347,nueyi[r]=13
348,nyueyirz=13
349,nyewye[r]z=13
350,newyer=13
351,nueyir=13
352,newyeer=13
353,nueyer=13
354,newyir=13
355,newyi{r}=13
356,nueyi{r}=13
357,nueyir=13
358,nueyi{r}=13
359,newyirz=13
360,newyir=13
361,nueyi[r]=13
362,nyueyir=13
363,nueyirz=13
364,newye[r]=13
365,newyi[r]z=13
366,newyi[r]=13
367,nueyir=13
368,newyur{z}=13
369,nueyi[r]=13
370,nyueyir=13
371,newyir=13
372,nueyi[r]z=13
373,nAyee[r]=41
374,nueyir=13
375,nueyir=13
376,-
377,nueyi[r]=13
378,nyueyi[r]=13
379,nueyi[r]=13
380,nueyi[r]=13
381,newyir=13
382,nyueyi[r]=13
383,newyir=13
384,newyi[r]=13
385,nyueyarz=13
386,newyi{r}=13
387,newyir=13
388,nueyir=13
389,nyueyi[r]=13
390,newyi[r]=13
391,nueyir=13
392,-
393,newyeer=13
394,nyueyi[r]=13
395,newyi{r}=13
396,-
397,nueyir=13
398,nueyi[r]=13
399,-
400,nyueyi[r]=13
401,nyueyi[r]=13
402,newyi[r]=13
403,nueyi[r]=13
404,newyi[r]=13
405,nueyir=13
406,nueyi{r}=13
407,newyi{r}=13
408,newyir=13
409,nueyi[r]=13
410,nueyi[r]z=13
411,newyi[r]=13
412,-
413,-
414,niyir=13
415,nyueyi{r}=13
416,newyi[r]=13
417,nueyi[r]=13
418,nueyi{r}=13
419,newyi{r}=13
420,newyi[r]z=13
421,nueyi[r]=13
422,nyueyi{r}=13
423,newyir=13
424,nueyi[r]=13
425,nyueyer=13
426,newyir=13
427,nueyi{r}=13
428,nueyir=13
429,-
430,nyueyi{r}=13
431,nyueyirz=13
432,-
433,nueyi[r]=13
434,newyi[r]=13
435,nyueyi[r]z=13
436,-
437,newyir=13
438,newyi[r]=13
439,newyi{r}=13
440,nyueyi{r}=13
441,nueyi{r}=13
442,nyewyi[r]=13
443,-
444,newyi[r]=13
445,newyi[r]=13
446,newyir=13
447,newyir=13
448,nyueyir=13
449,nyueyi[r]=13
450,newyi[r]=13
451,newyir=13
452,nueyir=13
453,-
454,newyi[r]=13
455,nueyir=13
456,nueyi[r]=13
457,nueyi{r}=13
458,newyir=13
459,-
460,nyueyi{r}=13
461,nyueyir=13
462,newyi[r]dh=13
463,-
464,newyi{r}=13
465,-
466,newyirz=13
467,-
468,nueyi[r]=13
469,nyueyi{r}z=13
470,nueyir=13
471,nyueyi[r]=13
472,newyi[r]=13
473,nueyi{r}=13
474,nyueyir=13
475,newyi[r]=13
476,newyir=13
477,newyi[r]=13
478,-
479,nueyi[r]=13
480,newyi{r}=13
481,nueyi[r]=13
482,-
483,-
484,nueyir=13
485,nueyir=13
486,-
487,nyueyi{r}=13
488,nyueyir=12
489,nyewyi{r}=13
490,nueyir=13
491,-
492,newyir=13
493,-
494,nyueyir=12
495,newyi[r]=13
496,nyueyir=13
497,-
498,newyir=13
499,nyueyi{r}z=13
500,-
501,newyi[r]z=13
502,nyueyir=12
503,-
504,newyir=13
505,newyi[r]=13
506,nyueyir=13
507,-
508,nueyi[r]=13
509,nyewyi[r]z=13
510,-
511,-
512,newyi[r]=13
513,newyi{r}=13
514,nueyir=13
514,nueyirz=13
515,-
516,nueyir=13
517,nueyir=13
518,nyueyir=13
519,nyueyi{r}=13
520,-
521,newyi[r]=13
522,nyueyi{r}=13
523,-
524,nyueyir=13
525,-
526,-
527,nyueyi{r}=13
528,-
529,-
530,nyewyirz=13
531,nueyi[r]=13
532,newyi[r]=13
533,nueyir=13
534,newyi{r}{z}=13
535,neeyir=13
536,nueyir=13
537,nyueyi[r]z=13
538,newyi[r]=13
539,newyi{r}=11
540,-
541,nyueyi[r]=13
542,nyewye{r}z=13
543,nyueyi[r]=13
544,nyueyi{r}=13
545,nueyi[r]=13
546,-
547,nueyi{r}=13
548,newyir=13
549,nyueyi{r}=13
550,-
551,newyir=13
552,newyi{r}=13
553,-
554,-
555,-
556,-
557,nueyi[r]=13
558,nueyi{r}{z}=13
559,-
560,-
561,-
562,newyir=13
563,newyi{r}=13
564,newyi[r]=13
565,nyueyi[r]=13
566,-
567,nueye[r]=13
568,-
569,newyi[r]z=13
570,newyi[r]z=13
571,nueyi{r}=13
572,newyir=13
573,nueyi[r]=13
574,nyueye{r}=13
575,newyi[r]=13
576,nyueyi[r]=13
577,nyueye[r]=13
578,yueyi{r}=13
579,newyu{r}=13
580,-
581,-
582,newyir=13
583,newye{r}=13
584,nyueyir=13
585,newyi[r]=13
586,-
587,nyueye[r]=13
588,nueyi[r]=13
589,newyi[r]=13
590,-
591,nueyir=13
592,nyueyir=13
593,newyi{r}=13
594,nyueyi[r]=13
595,newyir=13
596,newyi[r]=13
597,newye[r]=13
598,nyueyi[r]=13
599,nyueyir=13
600,nueyir=13
601,nyueyir=12
602,nueyi[r]=13
603,-
604,-
605,-
606,-
607,newyi{r}=13
608,nyueyi{r}=13
609,newyi[r]=13
610,nueyi[r]{z}=13
611,nueyee[r]=12
612,newyi[r]=13
613,newyi{r}=13
614,-
615,nyueyi[r]=13
616,nyueyi{r}=13
617,niy[R]=14
618,-
619,-
620,newyi[r]=13
621,newyi[r]=13
622,nueyir=13
623,nueyi{r}=13
624,nueyir=13
625,nyueyir=13
626,-
627,nueyi[r]=13
628,nueyerz=13
629,nueyir=13
630,nueyi[r]=13
631,-
632,nyueyi{r}=13
633,-
634,nueyir=13
635,-
636,nyueyirz=13
637,nyueyi[r]z=13
638,newyi[r]z=13
639,nueyi[r]=13
640,nueyi[r]=13
641,nueyi[r]=13
642,-
643,newyir=13
644,-
645,nyueyi{r}=13
646,nyueyir=13
647,-
648,nueyi[r]=13
649,nueyi{r}=13
650,nueyi[r]=13
651,-
652,newyir=13
653,-
654,nueyi[r]=13
655,nueyir=13
656,nueyi[r]=13
657,nueyi[r]=13
657X,nueyi[r]=13
657Y,nueyi[r]=13
657Z,newyi{r}=13
658,newyi[r]=13
659,newyi[r]=13
660,nyueyi[r]=13
661,newyir=13
662,nyueyi[r]=13
663,-
664,-
665,nyueyi[r]=13
666,nyueyi[r]=13
667,newyi[r]=13
668,nueyi[r]=13
669,newyir=13
670,nyueyi{r}=13
671,nueyir=13
672,nueyurz=13
673,newyi[r]=13
674,newyirz=13
675,nueyir=13
676,-
677,nueyir=13
678,newyirz=13
679,nueyir=13
680,newyir=13
681,newyurz=13
682,newyirz=13
683,nueyir=13
684,newyir=13
685,nueyir{z}=13
686,nyueyer=13
687,newyir{z}=13
688,newyi[r]z=13
689,nueyi{r}z=13
690,nueyi{r}=13
691,nueyir=13
692,nyueyi[r]=13
693,nueyir=13
694,newyirz=13
695,newyir=13
696,newyir=13
697,newyi{r}z=13
698,-
699,-
700,-
701,nyueyi[r]z=13
702,-
703,newyir=13
704,nueyi[r]=13
705,nueyi[r]=13
706,-
707,newyir=13
708,nueyir=13
709,nueyir=13
710,-
711,nueyir=13
712,nueyeer=13
713,nyueyirz=13
714,newyer=13
715,newyir=13
716,nyueyi(r)z=13
717,nyueyirz=13
718,nyueyi{r}z=13
719,nueyir=13
720,nyueyirz=13
721,nueyir=13
722,nueyir=13
723,newyirz=13
724,newyir=13
725,nueyir=13
726,nueyirz=13
727,nueyir=13
728,nyueyirz=13
729,nueyir=12
730,nueyir=13
731,nueyir=13
732,nueyir=13
733,-
734,nyueyi{r}=13
735,nooyir=13
736,nyueyir=13
737,nueyir=13
738,nueyir=13
739,-
740,newyir=13
741,nyueyir=13
742,nueyir=13
743,newyi[r]=13
744,-
745,nyueyir=13
746,-
747,newyir=13
748,nueyi[r]=13
749,nueyir=13
750,-
751,nyueyir=13
752,newyir=13
753,nueyir=13
754,newye{r}=13
755,nueyi[r]=13
756,nyueyi{r}=13
757,newyir=13
758,newyirz=11
759,-
760,-
761,newyi[r]=13
762,-
763,-
764,nyewye{r}=13
765,nyueyir=13
766,nueyi[r]=13
767,newyirz=13
768,nueyee[r]=13
769,nueyir=13
770,nyueyi{r}=13
771,newyee[r]=13
772,nyueyi[r]=13
773,newyi[r]=13
774,-
775,nyewye[r]=13
776,nooyeer=13
777,nueyi[r]=13
778,newyir=13
779,newyir=21
780,nueyir=13
781,newyi[r]z=13
782,[n]yueyir=13
783,newyir=13
784,nyueyi[r]=13
785,newyeer=12
786,nyueyir=13
787,newyir=13
788,newyi{r}=13
789,nyueyirz=13
790,newyi{r}z=13
790,newyi[r]z=13
791,nyueyir=13
792,nyueyirz=13
793,-
794,newyir=13
795,-
796,nyueyi{r}=13
797,nyueyi[r]=13
798,nyueyi{r}=13
799,-
800,newyirz=13
801,newyir=13
802,nyueye{r}z=13
803,-
804,-
805,nyueyir=13
806,nueyi[r]z=13
807,nueyi(r)dh=13
808,nueyi[r]=13
809,newyi[r]=13
810,newyir=13
811,nueyi[r]=13
812,-
813,nyueyi{r}{z}=13
814,nyueyerz=13
815,newyir=13
816,nueyir=13
817,nueyir=13
818,-
819,newyirz=13
820,neeyir=13
821,nueyi[r]=13
822,newyir=13
823,nyueyir=12
824,newyir=13
825,-
826,nueyir=12
827,newyir=13
828,nueyi[r]=13
829,nyueyi{r}=13
830,nueyir=13
831,nyueyir=13
832,-
833,nyewyi{r}z=13
834,nueyir=13
835,nueyi[r]=13
836,nyueyi{r}z=13
837,nueyirz=13
838,nueyu{r}=13
839,newyir=13
840,newyer{z}=13
841,nueyerz=13
842,nyueyir{z}=13
843,nueyir=13
844,nooyi[r]=13
845,-
846,nueyi{r}=13
847,-
848,newyi{r}=13
849,newyir=13
850,newyir=13
851,nyueyi{r}=13
852,nueyir=13
853,nueyir=13
854,nueyi[r]=13
855,nyueyir=13
856,-
857,nueyi[r]{z}=13
858,-
859,nueyir=13
860,nyueyi[r]=13
861,newyir=13
862,nueyir=13
863,-
864,nueyi[r]z=13
865,newyi{r}=13
866,nueyi[r]=13
867,nyueyi[r]=13
868,newyi[r]=13
869,newyir=13
870,nueyir=13
871,nueyer=13
872,-
873,nueyi[r]=13
874,newyi{r}=13
875,nyueyi[r]=13
876,nueyir=13
877,newyir=11
878,nyewyir=13
879,-
880,newyi[r]=13
881,-
882,nueyir=13
883,newyir=13
884,-
885,newyir=13
886,newyir=13
887,nueyir=13
888,nueyi[r]{z}=13
889,nyueyi{r}=13
890,newyi[r]=13
891,nueyir=13
892,nueyirz=13
893,newyir=13
894,newyirz=13
895,nueyi[r]=13
896,-
897,-
898,newyir=11
899,nueyi{r}=13
900,nueyi{r}=13
901,nyueyir=13
902,nyueyir=13
903,-
904,nyueyi[r]z=13
905,nueyir=13
906,newyir=13
907,-
908,nyewyi{r}=13
909,-
910,nueyi{r}=13
910,nyueyir=13
911,newyir=13
