Informant,Response
001,-
002,unrapt=31
003,onrapt=31
004,unrapt=13
005,unrapt=13
006,unrapt=13
007,unrapt=13
008,onrapt=13
009,unrapt=31
010,unrapt=31
011,{aw}nrapt=13
012,unrapt=13
013,unrapt=13
014,unrapt=31
015,onrapt=13
016,unrapt=13
017,unrapt=13
018,unrapt=31
019,unrapt=13
020,unrapt=31
021,Nrapt=41
022,unrapt=13
023,unrap=31
024,unrapt=13
025,-
026,unrapt=31
027,Nrapt=41
028,unrap=31
029,unrapt=31
030,unrapt=31
031,unrapt=31
032,unrap=31
033,unrapt=13
034,onrapt=31
035,Nrapt=41
036,unrap=13
037,unrapt=31
038,anrapt=13
039,unrapt=13
040,unrapt=13
041,unrapt=31
042,-
043,-
044,-
045,unrapt=31
046,unrapt=13
047,unrap=31
048,unrapt=13
049,unrapt=12
050,unrapt=31
051,unrapt=13
052,unrapt=13
053,onrapt=31
054,oenrapt=21
055,-
056,unrapt=13
057,unrapt=13
058,unrapt=13
059,unrapt=31
060,unrapt=13
061,unrapt=31
062,unrap(t)=31
063,-
064,unrapt=13
065,-
066,unrapt=31
067,unrap=13
068,-
069,-
070,unrapt=13
071,unrap=13
072,unrapt=13
073,unrapt=13
074,unrapt=13
075,unrapt=31
076,unrap=31
077,-
078,unrap=13
079,unrapt=31
080,-
081,unrapt=12
082,-
083,-
084,unrapt=31
085,unrapt=21
086,unrapt=31
087,unrap=13
088,unropt=31
089,-
090,unrap=31
091,-
092,unrapt=31
093,unrap=13
094,unrapt=13
095,unrapt=13
096,unrapt=31
097,unrapt=13
098,unrapt=31
099,unrap=31
100,unrap=13
101,unrapt=13
102,Nrapt=41
103,unrapt=13
104,unrapt=13
105,unrap=12
106,unrap=13
107,unrapt=13
108,unrapt=31
109,unrap=13
110,unrapt=13
111,unrapN=114
112,unrap=21
113,-
114,-
115,-
116,-
117,unrap=31
118,unrapt=13
119,unrapt=13
120,unrapt=13
121,unrapt=13
122,unrapt=13
123,unrapt=31
124,unrap=13
125,unrap=31
126,unrap=31
127,-
128,-
129,-
130,-
131,-
132,-
133,unrapt=31
134,unrap=31
135,unrapt=13
136,unrapt=13
137,unrapt=13
138,-
139,-
140,unrap=13
141,unrapt=13
142,onrap=13
143,onrap=31
144,unrapt=31
145,-
146,-
147,-
148,-
149,-
150,unrap=31
151,unr{aw}pt=31
152,unrapt=31
153,-
154,unrapt=31
155,onrapt=31
156,-
157,-
158,-
159,unrapt=21
160,-
161,unrapt=12
162,onrapt=13
163,unrapt=13
164,unrapt=13
165,-
166,unrapt=31
167,unrapt=31
168,-
169,-
170,unrapt=13
171,unrapt=31
172,unrapt=31
173,-
174,-
175,-
176,-
177,-
178,-
179,-
180,-
181,-
182,-
183,unrapt=31
184,unrap=31
185,unraps=31
186,oonrapt=13
187,-
188,-
189,unrap=31
190,-
191,unrapt=12
192,unrapt=31
193,-
194,-
195,-
196,-
197,-
198,-
199,unrap=31
200,awnrap=13
201,unrapt=13
202,-
203,-
204,-
205,-
206,unrap=31
207,unrapt=13
208,unrap=31
209,unrapt=13
210,unrap=31
211,unrapt=31
212,-
213,-
214,unrapt=13
215,-
216,Nrapt=41
217,unrap=31
218,-
219,-
220,unrap=13
221,unrop=31
222,-
223,unrapN=314
224,-
225,-
226,-
227,unrap=13
228,unrap=13
229,-
230,unrapNG=314
231,unrap=13
232,unrap=13
233,unrap=13
234,unrapt=31
235,unrapt=31
236,unrapt=12
237,unrap=13
238,unrapt=13
239,unrapt=13
240,unrapt=13
241,-
242,unrapt=13
243,unrapt=13
244,-
245,-
246,unraps=13
247,unrapt=13
248,-
249,unrap=31
250,-
251,-
252,-
253,unrapt=13
254,unrapt=13
255,unrap=31
256,unrapt=13
257,-
258,unrapt=13
259,unrapt=13
260,-
261,unrapt=13
262,-
263,unrapt=31
264,unrapt=13
265,unrap=31
266,unrapt=13
267,-
268,-
269,unrapt=13
270,unrap=13
271,onrapt=13
272,unrapt=13
273,unrapt=13
274,unrapt=13
275,unrap=13
276,unrapt=31
277,unrap=13
278,unrapt=13
279,unrapt=31
280,unrapt=31
281,unrapt=13
282,-
283,unrap=31
284,unrap=31
285,-
286,unrap=13
287,-
288,-
289,onrap=13
290,unrapt=31
291,unrapt=31
292,unrapt=31
293,unrapt=13
294,unrap=13
295,-
296,unrapt=13
297,-
298,-
299,unrapt=13
300,unrept=13
301,unrapt=13
302,unrapt=31
303,unrap=13
304,awnrapt=31
305,-
306,unrap=13
307,unrap=31
308,-
309,unrapt=21
310,-
311,unrap=13
312,unrapt=31
313,unrap=13
314,unrap=13
315,unrapt=21
316,-
317,unrapt=31
318,-
319,-
320,-
321,unrapt=13
322,unrapt=13
323,unrapt=31
324,-
325,unrapt=13
326,unrapt=13
327,unrapt=13
328,unrapt=13
329,unrapt=31
330,unrapt=13
331,unrapt=13
332,unwap=13
333,unrapt=31
334,unrapt=13
335,unrapt=13
336,unrapt=31
337,unrap=13
338,unrapt=13
339,unrapt=13
340,-
341,-
342,-
343,unrapt=13
344,unrapt=31
345,unrap=31
346,onrapt=31
347,unrapt=13
348,unrap=31
349,unrap=31
350,unrapt=13
351,Nrapt=41
352,unrapt=13
353,unrapt=31
354,unrap=13
355,unrap=13
356,-
357,unrapt=13
358,unrapt=13
359,unrapt=31
360,unrapt=13
361,unrapt=13
362,unrapt=31
363,unrapt=31
364,-
365,unrap=13
366,-
367,unrap=31
368,-
369,-
370,unrapt=13
371,unrap=13
372,unrapt=13
373,unrap=13
374,unrapt=31
375,unrap=13
376,-
377,unrapt=31
378,-
379,unrapt=13
380,unrap=31
381,-
382,unrap=31
383,unrapt=13
384,unrapt=31
385,unrapt=13
386,unrapt=13
387,unrapt=13
388,unrapt=31
389,unrap=13
390,unrapt=13
391,unrapt=13
392,-
393,unrapt=13
394,unrapt=13
395,unrap=13
396,-
397,unrapt=13
398,unrap=13
399,-
400,unrapt=13
401,aw[n]rap=31
402,-
403,unrapt=13
404,unrap=31
405,unrapt=13
406,-
407,unrap=31
408,unrapt=13
409,unrapt=13
410,-
411,unrapt=13
412,-
413,-
414,unrap=13
415,unrap=13
416,unrap=31
417,unrap=31
418,unrapt=31
419,unrapt=31
420,-
421,unrapt=31
422,-
423,unrap=13
424,unrap=13
425,-
426,-
427,unrapt=13
428,unrapt=31
429,-
430,unrap=31
431,unrapt=13
432,-
433,unrep=31
434,onrap=13
435,unrap=13
436,unrap=21
437,unrapt=31
438,-
439,unrapt=13
440,unrapt=13
441,unrap=13
442,unrap=12
443,unrap=13
444,unrap=13
445,unrap=13
446,unrapt=13
447,unrapt=13
448,-
449,unrapt=31
450,-
451,unrapt=31
452,unrap=13
453,-
454,unrapt=13
455,unrapt=13
456,unrapt=13
457,unrapt=31
458,unrapt=31
459,-
460,unropt=31
461,unrapt=31
462,-
463,-
464,awnrapt=31
465,-
466,-
467,-
468,-
469,unrapt=31
470,unrapt=31
471,unrapt=13
472,unrapt=31
473,-
474,unrapt=13
475,unrapt=13
476,unrapt=13
477,unrap=13
478,-
479,unrap=13
480,unrapt=13
481,-
482,unrapt=12
483,-
484,unrapt=13
485,-
486,-
487,-
488,Nrapt=41
489,unrap=31
490,unrap=31
491,-
492,unrap=13
493,-
494,-
495,Nrapt=41
496,unrapt=13
497,-
498,unrapt=31
499,unrapt=13
500,-
501,unraps=31
502,unrap=31
503,-
504,unrap=31
505,unrap=12
506,unrap=13
507,-
508,unrapt=13
509,-
510,-
511,-
512,-
513,unrapt=12
514,unrap=31
515,-
516,unrap=13
517,unrapt=31
518,unrap=13
519,unrap=13
520,-
521,unrapt=31
522,unrap=13
523,-
524,unrap=13
525,-
526,-
527,-
528,-
529,-
530,-
531,-
532,unrapt=13
533,unrapt=31
534,onrap=31
535,unrap=13
536,-
537,-
538,-
539,unrapt=31
540,-
541,unrapt=31
542,-
543,unrap=31
544,-
545,-
546,-
547,onrap=13
548,unra(p)t=13
549,-
550,-
551,-
552,-
553,-
554,-
555,-
556,-
557,unrapt=13
558,unrapt=13
559,-
560,unrapt=31
561,-
562,unrapt=13
563,unrapt=13
564,unrapt=13
565,unrap=13
566,-
567,-
568,-
569,unrapt=13
570,unrapt=13
571,unrapt=31
572,-
573,-
574,unrapt=13
575,u[n]rapt=13
576,Nrapt=41
577,-
578,unrapt=31
579,unrapt=13
580,-
581,-
582,unropt=13
583,unrapt=31
584,unrapt=13
585,unrapt=13
586,-
587,unrap=31
588,unrapt=21
589,-
590,-
591,unrapt=13
592,unrapt=31
593,-
594,unrapt=31
595,-
596,unrapt=13
597,unrapt=13
598,-
599,unrapt=13
600,unropt=13
601,unrapt=13
602,unrapt=13
603,-
604,-
605,-
606,-
607,unrapt=31
608,unrapt=31
609,awnrapt=13
610,unrap=13
611,-
612,unrapt=13
613,unrapt=13
614,-
615,unrapt=13
616,unrapt=31
617,unrap=31
618,Nrapt=41
619,-
620,-
621,-
622,unrapt=13
623,unrapt=13
624,unrapt=13
625,unrap=31
626,-
627,unrapt=31
628,unrapt=31
629,unrapt=13
630,unrap=31
631,-
632,unrapt=31
633,-
634,unrapt=31
635,unrapt=13
636,unrapt=21
637,unrapt=13
638,-
639,unrapt=13
640,unrapt=31
641,unrapt=13
642,-
643,unrapt=13
644,unrapt=31
645,unrap=31
646,unrap=31
647,-
648,unrapt=13
649,unrapt=13
650,unrapt=31
651,-
652,unrapt=13
653,-
654,unrap=13
655,unrapt=13
656,unrapt=31
657,unrapt=13
657X,unrap=13
657Y,unrapt=13
657Z,unrapt=13
658,unrap=31
659,unrapt=31
660,unrapt=31
661,Nrapt=41
662,unrapt=13
663,-
664,-
665,unrap=31
666,unrap=31
667,unrap=31
668,unrap=31
669,unrap=13
670,unrapt=13
671,unrapt=31
672,-
673,unrapt=13
674,unrapt=31
675,unrapt=12
676,-
677,-
678,-
679,unrapt=13
680,-
681,unrawpt=13
682,-
683,unrap=13
684,-
685,unrapt=13
686,unrap=31
687,unrapt=31
688,unrap=31
689,unrapt=13
690,-
691,unrap=13
692,unrap=13
693,unrap=13
694,unrapt=12
695,unrapt=13
696,-
697,unrap=13
698,-
699,-
700,-
701,unrapt=31
702,-
703,-
704,onrap=13
705,unrapt=31
706,-
707,unrapt=13
708,unrapt=13
709,unrapt=13
710,-
711,unrapt=31
712,unrapt=13
713,unrapt=31
714,unrapt=13
715,-
716,unrap=13
717,unrap=31
718,unrap=13
719,unrap=13
720,-
721,unrapt=13
722,onrapt=31
723,unrapt=31
724,unrapt=31
725,unrapt=13
726,hunrap=13
727,unrap=31
728,-
729,-
730,unrap=13
731,unrap=13
732,unrop=13
733,-
734,-
735,-
736,-
737,unrap=13
738,unrapt=13
739,-
740,unrap=13
741,unrapt=13
742,unrap=31
743,unrapt=31
744,-
745,-
746,-
747,unrapt=13
748,-
749,unrapt=31
750,-
751,unrapt=13
752,unrapt=13
753,unrapt=13
754,unrapt=13
755,-
756,-
757,unrapt=13
758,unrapt=13
759,-
760,-
761,unrapt=31
762,-
763,-
764,unrapt=13
765,unrapt=13
766,unrapt=13
767,unrapt=13
768,Nrapt=41
769,unrapt=13
770,unrapt=13
771,unrap=31
772,unrapt=31
773,unrapt=13
774,-
775,-
776,unrapt=12
777,unrapt=13
778,unrapt=31
779,unrapt=13
780,unrapt=13
780,unropt=13
781,unrap=13
782,onrap=21
783,-
784,-
785,-
786,unrapt=31
787,unrapt=13
788,unrapt=13
789,unrap=31
790,unrapt=13
791,unrapt=13
792,unropt=31
793,-
794,unrapt=31
795,-
796,unrapt=13
797,unrapt=21
798,unrapt=13
799,-
800,unrapt=31
801,unrapt=13
802,-
803,-
804,-
805,unrap=31
806,unrapt=13
807,Nrapt=41
808,oenrapt=13
809,unrapt=13
810,unrap=31
811,oonrapt=31
812,-
813,-
814,unrapt=13
815,unrapt=13
816,unrapt=13
817,unrapt=31
818,-
819,unrapt=12
820,unrap=13
821,unrap=31
822,onrapt=13
823,unrapt=31
824,unrapt=13
825,unrapt=31
826,unrapt=13
827,unrapt=31
828,unrapt=13
829,unrapt=13
830,unrapt=13
831,unrapt=13
832,-
833,unrapt=13
834,unrapt=13
835,unrapt=31
836,unrapt=13
837,-
838,-
839,-
840,unrap=13
841,unrap=13
842,unrapt=13
843,unrapt=13
844,unrap=13
845,-
846,unrapt=13
847,-
848,unrapt=13
849,unrapt=31
850,-
851,-
852,unrapt=31
853,unrapt=31
854,unrapt=13
855,-
856,-
857,unrapt=13
858,-
859,unrapt=31
860,unrapt=13
861,unrapt=21
862,unrapt=13
863,unrapt=13
864,-
865,unrapt=13
866,unrapt=13
867,unrapt=13
868,unrapt=13
869,unrapt=31
870,unrapt=13
871,-
872,-
873,unrapt=13
874,unrapt=13
875,unrapt=13
876,unrapt=13
877,unrapt=31
878,unrapt=13
879,-
880,-
881,-
882,unrap=13
883,unrapt=13
884,-
885,unrapt=13
886,unrapt=13
887,unrap=31
888,unrap=13
889,unrap=13
890,unrap=13
891,unrapt=13
892,-
893,unrapt=13
894,unrapt=13
895,unrapt=13
896,-
897,-
898,-
899,-
900,unrapt=13
901,unrapt=31
902,unrap=13
903,-
904,unrapt=13
905,unrapt=13
906,unrapt=31
907,-
908,unrapt=13
909,-
910,unrapt=13
911,unrapt=13
