Informant,Response
001,ropt
002,rapt
003,rapt
004,rapt
005,rapt
006,raps
007,rapt
008,rap
009,rapt
010,rapt
011,rapt
012,rapt
013,rapt
014,rapt
015,rapt
016,rapt
017,rapt
018,rapt
019,rapt
020,rapt
021,rapt
021,rop
022,rapt
023,rop
024,rapt
024,ropt
025,rapt
026,rapt
027,rapt
028,rapt
029,rapt
030,rapt
031,rap
032,rapt
033,rapt
034,rapt
035,rapt
036,rap
037,rapt
038,ropt
039,rapt
040,rapt
041,rapt
042,rop
043,raps
044,rept
045,rapt
046,rapt
047,rap
048,rapt
049,rapt
050,rapt
051,rapt
052,raps
053,rapt
054,rapt
055,rapt
056,rap
057,rapt
058,rapt
059,rapt
060,rapt
061,rapt
062,rapt
063,-
064,rapt
065,rap
066,ropt
067,rap
068,-
069,rap
070,rap
071,rap
072,rapt
073,-
074,rapt
075,rap
076,rapt
077,rapt
078,rapt
079,rapt
080,-
081,rapt
082,rapt
083,-
084,rapt
085,rap
086,rapt
087,raps
088,rapt
089,-
090,rap
091,rapt
092,-
093,rap
094,rapt
095,rap
096,rapt
097,rapt
098,rept
099,rapt
100,rap
101,rapt
102,rapt
103,rapt
104,rapt
105,rap
106,raps
107,rapt
108,rapt
109,rapt
110,rapt
111,rapt
112,rapt
113,rapt
114,-
115,-
116,-
117,rep
118,rapt
119,rapt
120,rapt
121,rapt
122,rapt
123,rapt
124,rap
125,rap
126,rap
127,rap
128,-
129,rap
130,-
131,rap
132,-
133,rapt
134,rap
135,rapt
136,rap
137,rapt
138,rapt
139,rap
140,rap
141,rapt
142,rap
143,rap
144,rapt
145,-
146,rap
147,-
148,rapt
149,rapt
150,rapt
151,rap
152,rapt
153,-
154,rapt
155,rapt
156,-
157,-
158,-
159,rapt
160,-
161,rapt
162,rapt
163,rapt
164,rapt
165,rapt
166,rapt
167,rapt
168,-
169,-
170,rapt
171,rap
172,rap
173,-
174,-
175,-
176,-
177,rap
178,-
179,-
180,rap
181,-
182,rap
183,rapt
184,rap
185,rapt
186,rapt
187,-
188,rapt
189,raps
190,rapt
191,rept
192,rapt
193,rap
194,-
195,-
196,-
197,rap
198,-
199,rapt
200,rap
201,rapt
202,rapt
203,rap
204,-
205,-
206,rapt
207,rapt
208,rap
209,rapt
210,-
211,rapt
212,-
213,rap
214,rapt
215,rap
216,rapt
217,rapt
218,rap
219,-
220,rap
221,rop
222,rap
222,r{o}pt
223,rap
224,rapt
225,-
226,rap
227,rap
228,rapt
229,rap
230,rap
231,rap
232,rap
233,rap
234,rapt
235,rop
236,rapt
237,rapt
238,rapt
239,rapt
240,rapt
241,-
242,rapt
243,rapt
244,-
245,rap
246,rapt
247,rapt
248,rapt
249,rapt
250,rap
251,-
252,-
253,rapt
254,rapt
254,rep
255,rapt
256,rapt
257,rapt
258,rapt
259,rapt
260,-
261,rapt
262,rapt
263,rapt
264,rapt
265,rap
266,rapt
267,-
268,-
269,rapt
270,rapt
271,rapt
272,rapt
273,rapt
274,rapt
275,rapt
276,rapt
277,rapt
278,rap
279,-
280,rap
281,rapt
282,rapt
283,rap
284,rapt
285,-
286,rapt
287,rap
288,ropt
289,rops
290,rapt
291,rapt
292,rapt
293,rapt
294,rap
295,rapt
296,rapt
297,rap
298,-
299,rapt
300,rept
301,rapt
302,rapt
303,rapt
304,rapt
305,-
306,rap
307,rapt
308,-
309,rapt
310,-
311,rapt
312,rapt
313,rapt
314,rap
315,raps
316,rap
317,rapt
318,-
319,-
320,rapt
321,rapt
322,rapt
323,rapt
324,rapt
325,rapt
326,rapt
327,rapt
328,rapt
329,rapt
330,rapt
331,rapt
332,rapt
333,raps
334,rapt
335,rapt
336,rapt
337,rap
338,rapt
339,rapt
340,rap
341,rapt
342,rapt
343,rapt
344,rap
345,rap
346,rap
347,rap
348,rapt
349,rapt
350,rapt
351,rapt
352,rapt
353,rapt
354,rap
355,rapt
356,rapt
357,rapt
358,rapt
359,rapt
360,rapt
361,rapt
362,rap
363,raps
364,rapt
365,rapt
366,rapt
367,raps
368,rapt
369,raps
370,rapt
371,rap
372,rapt
373,rept
374,rapt
375,rap
376,rapt
377,rapt
378,rapt
379,rapt
380,rapt
381,rapt
382,rap
383,rapt
384,rapt
385,rapd
386,rapt
387,rapt
388,rap
389,rapt
390,rept
391,rap(t)
392,rap
393,reps
394,rapt
395,rapt
396,-
397,rept
398,rap
399,-
400,rapt
401,rap
402,rapt
403,rapt
404,rapt
405,rapt
406,rapt
407,rap
408,rapt
409,rapt
410,rapt
411,rapt
412,-
413,-
414,rap
415,rap
416,rapt
417,rept
418,rapt
419,rapt
420,rapt
421,rapt
422,rapt
423,-
424,rap
425,rap
426,rap
427,rapt
428,rapt
429,-
430,rapt
431,rap
432,rap
433,rap
434,rapt
435,rapt
436,rap
437,rapt
438,rap
439,rap
440,rap
441,rap
442,rap
443,rapt
444,rapt
445,rap
446,rapt
447,rapt
448,rapt
449,rap
450,rapt
451,rapt
452,-
453,rapt
454,rapt
455,rapt
456,rapt
457,rapt
458,ropt
459,-
460,rapt
460,rop(t)
461,rapt
462,rapd
463,-
464,rapt
465,ropt
466,rapt
467,-
468,rapt
469,rapt
470,rapt
471,rapt
472,rapt
473,rap
474,rapt
475,rapt
476,rapt
477,rapt
478,-
479,rap
480,rapt
481,-
482,rapt
483,rapt
484,rapt
485,-
486,rapt
487,rapt
488,rapt
489,rapt
490,rap
491,-
492,rap
493,-
494,rapt
495,rap
496,rap
497,rap
498,rapt
499,rapt
500,rap
501,rapt
502,rapt
503,-
504,rapt
505,rept
505,ropt
506,rap
507,-
508,rap
509,-
510,rapt
511,rapt
512,-
513,rapt
514,rap
515,-
516,rapt
517,rapt
518,rap
519,raps
520,-
521,raps
522,rap
523,-
524,rapt
525,-
526,-
527,raps
528,-
529,-
530,rap
531,-
532,rapt
533,rapt
534,rap
535,rap
536,-
537,rapt
538,rapt
539,rapt
540,-
541,rap
542,-
543,rap
544,-
545,rap
546,-
547,rapt
548,rapt
549,-
550,rap
551,-
552,-
553,-
554,-
555,-
556,rapt
557,rapt
558,rapt
559,rapt
560,rapt
561,-
562,rapt
563,rapt
564,rapt
565,rapt
566,-
567,rap
568,-
569,rapt
570,rapt
571,rapt
572,rapt
573,rapt
574,ropt
575,rapt
576,rapt
577,rapt
578,rapt
579,rapt
580,raps
581,-
582,ropt
583,rapt
584,rapt
585,rapt
586,raps
587,rep
588,rapt
589,rapt
590,-
591,rapt
592,rapt
593,rap
594,rapt
595,rapt
596,rapt
597,rapt
598,rapt
599,rapt
600,ropt
601,rapt
602,rapt
603,ropt
604,-
605,rapt
606,rapt
607,rapt
608,rapt
609,rapt
610,rapt
611,rap
612,rapt
613,rapt
614,-
615,rapt
616,rap
617,rapt
618,rap
619,rapt
620,rap
621,rap
622,rapt
623,rapt
624,rapt
625,rap
626,rapt
627,rapt
628,rapt
629,rapt
630,rap
631,-
632,rapt
633,-
634,rapt
635,rapt
636,rap
637,rap
638,rapt
639,rapt
640,rapt
641,rapt
642,rapt
643,rapt
644,rapt
645,rap
646,-
647,rapt
648,rapt
649,rapt
650,rapt
651,-
652,rapt
653,-
654,rap
655,rapt
656,rapt
657,rapt
657X,rapt
657Y,rapt
657Z,rapt
658,rapt
659,rapt
660,rapt
661,rapt
662,rapt
663,rapt
664,rap
665,rapt
666,rap
667,raps
668,rapt
669,rapt
670,rapt
671,rapt
672,rapt
673,rapt
674,rapt
675,rapt
676,-
677,rapt
678,-
679,rap{d}
680,-
681,rowpt
682,rapt
683,raps
684,-
685,rapt
686,ropt
687,rapt
688,rap
689,rap
690,-
691,rapt
692,rapt
693,rapt
694,rapt
695,rapt
696,rap
697,rap
698,-
699,-
700,-
701,rapt
702,-
703,rapt
704,rapt
705,rap
706,rap
707,rapt
708,rapt
709,rapt
710,-
711,rapt
712,rapt
713,-
714,rapt
715,rapt
716,rap
717,rap
718,rap
719,rap
720,rapt
721,rap
722,rapt
723,rapt
724,rapt
725,rapt
726,rapt
727,rap
728,rap
729,rapt
730,rapt
731,rap
732,rap
733,-
734,-
735,rapt
736,-
737,rapt
738,rapt
739,-
740,rapt
741,rapt
742,-
743,rapt
744,rap
745,-
746,rapt
747,rapt
748,rapt
749,rapt
750,-
751,rapt
752,rapt
753,rapt
754,rapt
755,rap
756,rapt
757,rapt
758,rapt
759,-
760,-
761,rap
762,-
763,-
764,rapt
765,rapt
766,rapt
767,rapt
768,rapt
769,rapt
770,rapt
771,rap
772,raps
773,rapt
774,-
775,rap
776,rapt
777,rapt
778,rapt
779,rapt
780,rapt
781,rap
782,rap
783,rapt
784,rapt
785,rapt
786,rapt
787,rapt
788,rapt
789,rapt
790,rapt
791,rapt
792,rapt
793,rop
794,rapt
795,rapt
796,rapt
797,rapt
798,rapt
799,-
800,rapt
801,rapt
802,-
803,-
804,-
805,rapt
806,rapt
807,rapt
808,rapt
809,rapt
810,rap
811,rapt
812,rapt
813,rapt
814,rapt
815,rapt
816,rapt
817,rapt
818,-
819,rapt
820,rapt
821,rapt
822,rapt
823,rapt
824,rapt
825,rapt
826,rapt
827,rapt
828,rapt
829,rapt
830,rapt
831,rapt
832,-
833,rapt
834,rapt
835,rapt
836,rapd
837,-
838,rap
839,rapt
840,rap
841,rap
842,rapt
843,rapt
844,rapt
845,-
846,rapt
847,-
848,rapt
849,rapt
850,rap
851,-
852,rapt
853,rapt
854,rapt
855,rapt
856,rapt
857,rapt
858,rapt
859,rapt
860,rap
861,raps
862,rapt
863,rapt
864,rapt
865,rapt
866,rapt
867,rapt
868,rapt
869,rapt
870,rapt
871,-
872,-
873,rapt
873,r{o}pt
874,rapt
875,rapt
876,rapt
877,rapt
878,rapt
879,-
880,-
881,-
882,rapt
882,ropt
883,rapt
884,-
885,rapt
886,rapt
887,rapt
888,rapt
889,rapt
890,-
891,rapt
892,rapt
893,rapt
894,rapt
895,rapt
896,rap
897,-
898,rap
899,-
900,rapt
901,rapt
902,rapt
903,-
904,rapt
905,rapt
906,rap
907,-
908,rapt
909,-
910,rapt
911,rapt
