Informant,Response
001,*kawt
002,!kech
002,*kawt
003,!kech
003,*kawt
003,*kaw(t)
004,!kech
004,*kawt
004,#kawt
005,!kech
005,*kawt
006,!kech
006,*kawt
006,#kawt
007,!kech
007,*kawt
007,#kawt
008,!kech
008,*kawt
009,*kawt
010,!kech
010,@kechN=14
010,*kawt
010,#kawt
011,!kech
011,*kawt
011,#kawt
012,!kech
012,*kawt
012,#kawt
013,!kech
013,*kawt
014,!kach
014,*kawt
015,*kawt
016,!kach
016,*kawt
016,#kawt
017,!kech
017,*kawt
018,*kawt
019,!kech
019,*kawt
019,#kawt
020,!kech
020,*kawt
020,#kawt
021,-
022,!kech
022,*kawt
022,#kawt
023,!kech
023,*kawt
024,*kawt
024,#kawt
025,!kech
025,*kawt
025,#kecht
026,-
027,!kech
027,*kawt
027,#kawt
028,!kech
028,*kawt
028,#kawt
029,!kyech
029,*kawt
029,#kawt
030,!kech
030,*kawt
030,#kawt
031,-
032,!kech
032,*kawt
032,#kawt
033,!kech
033,*kawt
033,#kawt
034,!kach
034,*kawt
034,#kawt
035,!kach
035,*kawt
035,#kawt
036,!kech
036,*kawt
036,#kawt
037,!kech
037,!kach
037,*kawt
037,#kawt
038,!kech
038,#kawt
038,#kot
039,!kech
039,*kawt
039,#kecht
040,!kech
040,*kawt
040,#kawt
041,!kech
041,*kawt
042,!kech
042,!kich
042,*kawt
042,#kawt
043,!kach
043,*kawt
044,!kech
044,!kich
044,&kechIz=14
045,!kech
045,*kawt
046,!kech
046,*kawt
046,#kawt
047,!kech
047,*kawt
047,#kawt
048,!kech
048,#kawt
049,!kech
049,*kawt
049,#kawt
050,!kech
050,*kawt
050,#kawt
051,!kech
051,*kawt
051,#kawt
052,!kech
053,!kech
053,*kawt
053,#kawt
054,!kech
054,*kawt
054,#kawt
055,!kach
055,*kawt
055,#kawt
056,!kech
056,*kawt
057,!kech
057,*kawt
057,#kawt
058,!kech
058,*kawt
058,#kawt
059,!kech
059,*kawt
059,#kawt
060,!kach
060,*kawt
060,#kawt
061,!kech
061,*kawt
062,!kech
062,*kawt
062,#kawt
063,-
064,!kech
064,*kecht
064,#kawt
065,!kech
066,!kech
066,#kawt
067,!kech
067,*kawt
068,-
069,!kech
069,*kawt
070,!kech
070,*kawt
071,!kech
071,*kawt
071,#kawt
072,!kech
072,!kich
072,*kawt
073,!kech
073,*kawt
073,#kawt
074,!kech
074,*kot
074,#kot
075,&kechIz=14
075,*kawt
075,#kawt
076,!kech
076,*kawt
077,!kech
077,!kes
077,@kechN=14
077,@kechId=14
077,*kawd
077,#kawt
077,#kawd
078,!kech
078,*kawt
079,!kach
079,*kawt
080,-
081,!kech
081,*kawt
082,*kawt
083,!kech
083,&kechIz=14
083,#kawt
084,!kech
084,@kechN=14
084,*kecht
084,#kech
085,!kech
085,*kawt
085,#kawt
086,!kach
086,*kawt
086,#kawt
087,!kech
087,*kawt
087,#kawt
088,!kech
088,*kawt
089,@kechN=14
090,!kech
091,!kech
091,*kawt
091,#kawt
092,-
093,!kech
093,!kets
093,*kawt
094,!kach
094,*kawt
094,#kawt
095,!kech
095,!kach
095,*kawt
095,#kawt
096,!kech
096,*kawt
096,#kawt
097,!kech
097,*kawt
098,!kesh
098,!kyesh
098,*kawt
098,#kawt
099,!kech
099,!kach
099,*kawt
099,#kawt
100,!kech
100,*kawt
100,#kawt
101,!kech
101,*kawt
101,#kawt
102,!kach
102,*kawt
102,#kawt
103,!kech
103,*kot
103,#kot
104,!kech
104,*kawt
104,#kawt
105,!kech
105,*kawt
105,#kawt
106,!kech
106,*kawt
106,#kawt
107,!kech
107,#kawt
108,!kech
108,*kawt
109,!kech
109,*kawt
109,#kawt
110,!kech
110,*kawt
110,#kawt
111,!kech
111,*kawt
111,#kawt
112,!kech
112,*kawt
112,#kawt
113,!kech
114,*kawt
114,#kawt
115,-
116,-
117,!kach
117,*kawt
118,!kach
119,!kech
120,!kech
120,*kawt
120,#kawt
121,#kawt
122,!kech
122,*kawt
122,#kawt
123,!kach
123,*kawt
124,!kech
124,*kawt
124,#kawt
125,!kech
125,*kawt
126,!kech
127,!kech
128,!kech
128,#kawt
129,!kich
129,*kawt
130,-
131,!kech
132,!kech
132,#kawt
133,#kawt
134,!kech
134,*kecht
135,!kech
135,*kawt
135,#kawt
136,!kech
136,*kawt
136,#kawt
137,*kawt
137,#kawt
138,!kach
138,*kawt
139,!kech
139,*kawt
139,#kawt
140,!kech
140,&kachIz=14
141,!kech
141,*kawt
141,#kawt
142,!kech
142,*kawt
143,!kach
143,*kawt
143,#kawt
144,!kach
144,*kawt
144,#kawt
145,!kech
146,!kech
146,*kawt
146,#kawt
147,-
148,!kech
148,!kach
148,*kawt
148,#kawt
149,!kech
149,*kech
149,#kawt
150,!kech
150,*kawt
150,#kawt
151,!kech
151,*kawt
152,#kawt
153,-
154,!kech
154,*kawt
155,!kach
155,*kawt
156,!kech
157,-
158,-
159,#kawt
160,&kechIz=14
161,!kach
161,*kawt
161,#kawt
162,!kech
162,*kech
163,!kech
163,*kawt
163,#kawt
164,!kech
164,*kawt
164,#kawt
165,!kech
165,*kawt
165,#kawt
166,!kech
166,*kawt
166,#kawt
167,!kech
167,*kawt
167,#kawt
168,-
169,!kech
169,*kawt
170,!kech
170,*kawt
170,#kawt
171,!kech
171,*kawt
171,*kot
171,#kawt
172,!kech
172,!kach
172,*kawt
172,#kawt
173,!kech
174,-
175,*kawt
175,#kawt
176,!kech
176,*kawt
176,#kawt
177,!kech
177,#kawt
178,-
179,!kech
180,*kawt
181,!kech
181,*kawt
182,-
183,!kech
183,*kawt
183,#kawt
184,!kech
184,*kawt
184,*koet
184,#kawt
185,!kech
185,&kechIz=14
185,*kawt
185,#kawt
186,!kach
186,@kechN=14
186,*kawt
186,#kawt
187,!kech
188,!kech
188,*kawt
189,!kech
189,!kach
189,*kawt
189,#kawt
190,!kech
190,*kawt
191,!kech
191,*kawt
191,#kawt
192,!kech
192,!kach
192,*kawt
192,#kawt
193,!kech
193,*kawt
194,!kech
194,*kawt
194,#kawt
195,!kech
196,*kawt
197,-
198,-
199,!kech
199,*kawt
199,*kecht
200,!kech
200,!kach
200,*kawt
200,#kech
201,!kech
201,*kawt
202,!kech
203,!kech
203,!kach
203,&kachIz=14
203,*kawt
204,-
205,!kech
205,*kawt
206,!kach
206,!kesh
206,*kawt
206,#kawt
207,-
208,!kech
208,*kawt
208,#kawt
209,!kech
210,!kech
210,*kawt
210,#kawt
211,!kech
211,*kawt
211,#kawt
212,-
213,!kach
213,#kawt
214,!kach
214,*kawt
214,#kawt
215,!kech
215,*kawt
215,#kawt
216,!kach
216,*kawt
216,#kawt
217,!kech
217,*kawt
218,!kech
219,!kyech
219,*kawt
220,!kech
220,!kich
220,*kawt
221,!kech
221,*kawt
222,!kech
222,@kechN=14
222,*kawt
222,#kawt
223,!kech
223,*kawt
224,!kech
224,!kich
224,!ked
224,*kawt
225,!kech
226,!kech
227,!kech
227,*kawt
227,#kawt
228,!kech
228,*kot
228,#kot
229,!kech
229,*kawt
229,#kawt
230,!kech
230,*kawt
230,#kawt
231,!kach
231,#kawt
232,!kyach
232,*kawt
232,#kawt
233,!kech
233,*kawt
233,#kawt
234,!kech
234,*kot
234,#kot
235,!kech
235,*kawt
235,#kawt
236,!kech
236,*kawt
236,#kawt
237,!kech
237,*kawt
237,#kawt
238,!kech
238,*kawt
238,#kawt
239,!kech
239,*kawt
239,#kawt
240,!kech
240,*kawt
240,*kot
240,#kot
241,!kech
242,!kech
242,!kach
242,*kawt
242,#kawt
243,!kech
243,*kawt
243,#kawt
244,!kech
244,*kawt
244,#kawt
245,!kech
245,&kechIz=14
245,*kawt
245,#kawt
246,!kech
246,*kawt
246,#kawt
247,!kech
247,!kach
247,*kawt
247,#kawt
248,!kach
248,*kawt
248,*kot
248,#kot
249,!kech
249,#kawt
250,!kech
250,*kawt
250,#kawt
251,!kech
252,!kech
252,*kawt
253,!kach
253,*kawt
253,#kawt
254,!kech
254,*kawt
254,#kawt
255,!kach
255,*kot
255,#kawt
256,!kech
256,*kawt
256,#kawt
257,!kech
257,*kawt
257,#kawt
258,!kech
258,*kawt
258,#kawt
259,!kach
259,*kawt
259,#kawt
260,!kech
260,*kawt
260,#kawt
261,!kech
261,!kuch
261,*kot
261,#kot
262,!kech
262,*kawt
262,#kawt
263,!kech
263,!kach
263,*kawt
263,#kawt
264,!kech
264,*kawt
264,#kawt
265,!kech
265,@kechN=14
265,*kawt
265,#kawt
266,!kech
266,*kawt
267,!kech
267,*kawt
267,#kawt
268,-
269,!kech
269,*kawt
269,*koet
269,#kawt
269,#koet
270,!kech
270,*kawt
270,#kawt
271,!kech
271,*koet
271,#koet
272,!kach
272,*kawt
272,#kawt
273,!kech
273,*kawt
273,#kawt
274,!kach
274,*kawt
275,!kech
275,*kawt
276,!kech
276,!kach
276,*kawt
277,!kach
277,*kawt
277,#kawt
278,!kach
278,*kawt
278,#kawt
279,!kach
279,*kawt
279,#kot
280,!kech
280,*kawt
280,#kawt
281,!kech
281,*kawt
281,#kawt
282,#kawt
283,!kech
283,*kawt
283,#kecht
284,!kech
284,*kawt
284,#kawt
285,!kech
285,*kot
286,!kech
286,*kawt
286,#kawt
287,!kech
288,!kach
288,*kawt
289,!kach
289,*kawt
289,#kawt
290,!kech
290,*kecht
290,#kawt
291,!kach
291,*kawt
291,#kawt
292,!kach
292,*kawt
292,#kawt
293,!kech
293,*kawt
293,#kawt
294,!kech
294,*kawt
294,#kawt
295,!kech
295,*kawt
295,#kawt
296,!kech
296,*kawt
296,#kawt
297,!kech
297,!kach
297,*kawt
297,#kawt
298,*kawt
299,!kech
299,*kawt
299,#kawt
300,!kech
300,*kawt
300,#kawt
301,!kech
301,*kecht
301,#kecht
302,!kech
302,*kawt
302,#kawt
303,!kech
303,*kawt
303,#kawt
304,!kech
304,*kawt
305,!kech
305,!kich
306,!kech
306,&kechIz=14
306,*kawt
307,!kach
307,*kawt
307,#kawt
308,-
309,!kech
310,-
311,-
312,&kachIz=14
312,*kawt
312,#kawt
313,#kawt
314,!kech
314,*kawt
314,#kawt
315,!kech
315,*kawt
316,!kech
316,#kawt
317,!kech
317,*kawt
317,#kawt
318,!kech
318,*kawt
318,#kawt
319,#kawt
320,!kech
320,*kawt
320,#kawt
321,!kech
321,*kawt
321,#kawt
322,!kech
322,*kawt
322,#kawt
323,!kech
323,*kawt
323,#kawt
324,!kach
324,*kawt
324,#kawt
325,!kech
325,!kach
325,*kawt
325,#kawt
326,!kech
326,*kawt
326,#kawt
327,!kech
327,*kawt
327,#kawt
328,!kach
328,*kawt
329,!kach
329,*kawt
329,#kawt
330,!kech
330,*kawt
330,#kawt
331,!kech
331,*kawt
331,#kawt
332,!kech
332,!kich
332,*kawt
332,#kawt
333,!kech
333,#kawt
334,!kech
334,*kawt
334,#kawt
335,!kech
336,!kech
336,*kawt
336,#kawt
337,#kawt
338,!kach
338,*kawt
338,#kawt
339,!kech
339,*kawt
340,!kech
341,#kawt
342,!kich
342,*kawt
342,#kawt
343,!kach
343,*kawt
343,#kawt
344,!kech
345,!kech
345,*kawt
346,!kech
346,*kawt
346,#kawt
347,!krech
347,*kawt
347,#kawt
348,!kech
348,*kawt
348,#kawt
349,!kech
349,*kawt
349,*kecht
349,#kawt
350,!kech
351,!kech
351,*kawt
351,#kawt
352,!kech
352,@kechNG=14
352,*kot
352,#kawt
353,!kech
353,#kawt
354,!kech
354,*kawt
354,#kawt
355,!kech
355,*kawt
356,!kach
356,*kawt
356,#kawt
357,!kach
357,*kawt
357,#kawt
358,!kech
358,!kach
358,*kawt
358,#kawt
359,!kech
359,*kawt
360,!kech
360,*kawt
360,#kawt
361,!kech
361,*kawt
362,-
363,!kech
363,*kawt
363,#kawt
364,!kech
364,#kawt
365,!kech
366,!kach
366,*kawt
367,-
368,!kuch
368,*kawt
368,#kawt
369,!kech
370,!kech
370,*kawt
370,#kawt
371,-
372,!kach
372,*kawt
372,#kawt
373,-
374,!kech
374,*kawt
374,#kawt
375,!kach
375,*kawt
375,#kawt
376,-
377,!kech
378,#kot
379,!kech
379,*kawt
379,#kawt
380,!kech
380,*kawt
380,#kawt
381,!kech
381,*kawt
381,#kawt
382,!kech
382,&kechIz=14
382,*kawt
382,#kawt
383,!kach
383,*kawt
383,#kawt
384,!kech
384,*kawt
384,#kawt
385,!kach
385,*kawt
385,#kawt
386,!kech
386,!kach
386,*kawt
386,#kawt
387,!kech
387,*kawt
387,#kawt
388,!kech
388,#kawt
389,!kech
390,!kech
390,*kawt
390,#kawt
391,!kach
391,*kawt
391,#kawt
392,!kech
393,!kach
393,*kawt
393,#kawt
394,!kech
394,*kawt
394,#kawt
395,!kech
395,*kawt
395,#kawt
396,!kech
397,!kech
397,*kawt
397,#kawt
398,!kech
398,*kawt
399,!kech
399,*kawt
399,*kuch
399,#kawt
400,!kech
400,*kawt
400,#kawt
401,!kech
401,*koch
402,!kech
402,*kawt
402,#kawt
403,!kech
404,!kech
404,*kawt
404,#kawt
405,!kech
405,*kawt
405,#kot
406,-
407,!kech
407,!kach
407,*kawt
407,#kawt
408,!kech
408,*kawt
408,#kawt
409,!kech
409,*kawt
409,#kawt
410,!kech
411,!kech
411,*kawt
411,#kawt
412,!kech
412,*kawt
413,-
414,!kech
414,*kawt
414,#kawt
415,!kech
415,!kach
415,#kawt
416,*kawt
416,#kawt
417,!kach
417,!kuch
417,*kawt
417,#kawt
418,!kech
418,*kawt
418,#kawt
419,!kech
419,*kawt
419,#kawt
420,!kech
420,*kawt
420,#kawt
421,!kech
421,*kawt
421,#kawt
422,*kawt
423,!kach
423,*kawt
423,#kawt
424,!kech
424,*kawt
424,#kawt
425,!kech
425,*kawt
426,@AkechN=414
426,*kawt
426,#kawt
427,!kech
427,*kawt
427,#kawt
428,!kech
428,*kawt
428,#kawt
429,!kech
430,!kech
430,*kawt
430,#kawt
431,!kech
431,*kawt
431,#kawt
432,!kech
433,!kech
433,*kawt
433,#kawt
434,!kech
434,!kach
434,*kawt
435,!kach
435,*kawt
435,#kawt
436,!kech
436,*kawt
436,#kawt
437,!kech
437,*kawt
437,#kawt
438,!kech
438,*kawt
438,#kawt
439,!kech
439,*kawt
439,#kawt
440,-
441,!kech
441,*kawt
441,#kawt
442,!kich
442,!kets
442,&kechIz=14
442,*kawt
442,#kawt
443,!kech
443,*kawt
443,#kawt
444,!kech
444,*kawt
444,#kawt
445,!kech
445,*kawt
445,#kawt
446,!kech
446,*kawt
447,!kech
447,!kach
447,#kawt
448,!kech
448,*kawt
448,#kawt
449,*kecht
450,!kech
450,@kechN=14
450,*kawt
451,!kech
451,!kich
451,*kawt
451,#kawt
452,!kech
452,*kawt
452,#kawt
453,!kech
453,*kawt
454,&kechIz=14
454,*kawt
455,!kech
455,*kawt
455,#kawt
456,!kach
456,*kawt
456,#kawt
457,!kech
457,*kawt
457,#kawt
458,!kech
458,*kot
458,#kot
459,-
460,!kech
460,*kawt
461,!kech
461,*kawt
461,#kawt
462,!kich
462,*koet
462,#kawt
462,#koet
463,!kech
464,!kech
464,*kawt
464,#kawt
465,!kech
465,*kawt
465,#kawt
466,!kech
466,*kawt
466,#kawt
467,!kech
467,*kawt
468,!kach
468,*kawt
468,#kawt
469,!kech
469,*kawt
469,#kawt
470,!kech
470,*kawt
470,#kawt
471,!kech
471,!kach
471,*kawt
471,#kawt
472,!kech
472,*kawt
472,#kawt
473,!kech
473,!kechIz=14
473,*kawt
474,!kech
474,*kawt
474,#kawt
475,!kech
475,*kawt
475,#kawt
476,!kech
476,*kawt
476,#kawt
477,!kech
477,*kawt
477,#kawt
478,!kech
479,!kech
479,*kawt
479,#kawt
480,!kech
480,*kawt
480,#kawt
481,!kech
481,*kawt
482,!kech
482,*kawt
483,#kawt
484,!kach
484,*kawt
484,#kot
485,!kech
486,!kech
486,!kach
486,*kawt
486,#kawt
487,!kech
488,!kech
488,*kawt
489,!kech
489,*kawt
490,!kach
490,*kawt
490,#kawt
491,-
492,!kech
492,*kawt
493,!kech
493,*kawt
493,#kawt
494,-
495,!kech
495,*kawt
496,!kech
496,#kawt
497,!kech
497,*kawt
497,#kawt
498,!kech
498,*kawt
499,!kech
499,*kawt
500,!kech
500,*kawt
501,!kech
501,*kawt
502,!kech
502,*kawt
503,!kech
504,!kech
504,*kawt
505,!kech
505,*kawt
505,*kocht
505,*kicht
506,!kech
507,!kech
507,*kawt
507,*kot
507,#kawt
507,#kot
508,-
509,!kech
509,*kawt
509,#kawt
510,!kech
511,-
512,-
513,!kech
513,*kawt
514,!kach
514,*kawt
515,!kach
516,!kech
516,*kot
516,#kot
517,!kech
517,*kawt
517,#kawt
518,!kach
518,*kawt
519,!kech
519,*kawt
519,*kot
520,-
521,!kach
521,*kawt
522,!kech
522,*kawt
522,#kawt
523,-
524,!kech
524,*kawt
524,#kawt
525,!kech
525,*kawt
526,-
527,!kach
527,*kawt
528,!kech
528,*kawt
528,#kawt
529,!kech
529,!kich
529,*kawt
530,!kech
531,!kech
531,#kawt
532,!kech
532,*kawt
532,#kawt
533,!kach
533,*kawt
533,#kawt
534,!kech
535,!kech
535,!kets
535,*kawt
535,#kawt
536,*kawt
536,#kawt
537,*kawt
538,!kech
538,*kawt
539,!kech
539,*kawt
540,!kech
540,!kach
540,*kawt
540,#kawt
541,-
542,!kech
543,!kech
544,!kech
544,*kawt
545,-
546,!kech
546,*kawt
547,!kech
547,*kawt
547,#kawt
548,!kech
548,*kawt
548,#kawt
549,!kech
549,*kawt
550,!kech
550,*kot
551,!kach
551,*kawt
551,#kawt
552,-
553,!kach
554,!kech
555,-
556,!kech
556,*kawt
557,!kech
557,*kawt
557,#kawt
558,!kech
558,*kawt
558,#kawt
559,!kech
559,*kawt
560,!kech
561,!kech
561,&kechIz=14
561,*kawt
561,#kawt
562,!kach
562,*kawt
562,#kawt
563,!kach
563,*kawt
563,#kawt
564,!kach
564,*kot
564,#kawt
565,&kechIz=14
566,!kech
567,!kech
567,*kawt
568,&kechIz=14
569,!kech
570,!kech
570,*kawt
571,!kech
571,*kawt
571,*kechd
572,!kech
572,*kawt
572,#kawt
573,!kech
573,*kot
573,#kot
574,!kech
574,*kawt
574,#kawt
575,!kech
575,!kach
575,*kawt
575,#kawt
576,!kech
576,*kawt
576,#kawt
577,!kech
577,*kawt
577,#kawt
578,!kech
578,*kawt
578,#kawt
579,!kech
579,!kach
579,*kawt
579,#kawt
580,!kech
580,*kawt
580,#kawt
581,!kech
581,*kawt
582,!kech
582,&kechIz=14
582,*kawt
582,#kawt
583,!kech
583,*kawt
583,#kawt
584,!kech
584,*kawt
584,#kawt
585,!kech
585,!kechIz=14
585,*kawt
585,#kawt
586,!kech
586,*kawt
587,*kawt
587,#kawt
588,!kech
588,*kawt
588,#kawt
589,!kech
589,*kawt
589,#kawt
589,#kaw(t)
590,-
591,!kech
591,*kawt
591,#kawt
592,*kawt
592,#kawt
593,!kech
593,*kawt
594,!kech
594,*kawt
595,!kech
595,!kach
595,*kawt
595,#kawt
596,!kech
596,*kawt
596,#kawt
597,!kech
597,*kawt
597,#kawt
598,!kech
598,@kechN=14
598,*kawt
598,#kawt
599,!kech
599,*kawt
599,#kawt
600,!kech
600,!kits
600,*kawt
600,*kicht
600,#kawt
601,!kech
601,*kawt
601,#kawt
602,!kech
602,*kawt
602,#kawt
603,!kech
603,!kach
604,-
605,!kech
605,*kawt
606,!kech
606,*kawt
606,#kawt
607,!kech
607,*kawt
607,#kawt
608,!kech
608,*kawt
608,#kawt
609,!kech
610,!kech
610,*kawt
610,#kawt
611,!kech
611,!kach
612,!kech
612,*kawt
613,!kech
613,*kawt
613,#kawt
614,-
615,!kach
615,*kawt
615,#kawt
616,!kech
616,*kawt
616,#kawt
617,!kech
617,*koet
617,*koech
617,#kawt
617,#koet
618,!kech
618,@kechN=14
618,*kawt
619,!kech
619,@kechN=14
620,!kech
620,*kawt
620,*kot
621,!kech
621,#kawt
622,!kech
622,*kawt
622,#kawt
623,!kach
623,*kawt
623,#kawt
624,!kech
624,*kot
624,#kot
625,!kech
625,*kawt
625,#kawt
626,!kech
626,#kawt
627,!kach
627,*kot
627,#kot
628,!kech
628,*kawt
628,#kawt
629,!kech
629,*kawt
629,#kawt
630,!kech
630,*kawt
630,*kech
630,#kawt
631,!kech
631,*kawt
632,!kech
632,*kawt
632,*kot
632,#kawt
633,!kech
633,*kawt
634,!kech
634,*kawt
634,#kawt
635,!kech
635,*kawt
635,#kawt
636,*kawt
636,#kawt
637,!kech
637,*kawt
638,!kech
638,*kawt
638,#kawt
639,*kawt
639,#kawt
640,!kech
640,*kawt
640,#kawt
641,!kech
641,*kawt
641,#kawt
642,!kech
643,*kawt
643,#kawt
644,-
645,!kech
645,*kot
645,#kot
646,!kech
646,*kawt
647,!kech
647,*kaw(t)
648,!kach
648,*kawt
648,#kawt
649,!kach
649,*kawt
649,#kawt
650,!kech
650,*kawt
650,#kawt
651,!kech
651,#kawt
652,!kach
652,*kawt
652,#kawt
653,!kech
653,*kawt
654,!kech
654,*kawt
655,!kach
656,!kech
656,*kawt
656,#kawt
657,!kach
657,*kawt
657,#kawt
657X,*kawt
657Y,!kach
657Y,*kawt
657Y,#kawt
657Z,!kech
657Z,!kach
657Z,*kawt
657Z,#kawt
658,!kech
658,!kach
658,*kawt
658,*kach
659,*kawt
660,!kech
660,*kawt
660,#kawt
661,!kach
661,*kawt
661,*kawd
661,#kawt
662,!kech
662,*kawt
662,#kawt
663,!kech
663,*kawt
664,!kech
665,!kech
666,!kech
667,!kech
667,!kach
667,*kawt
667,#kawt
668,!kech
668,!kach
668,*kawt
668,#kawt
669,!kech
669,*kawt
669,#kawt
670,!kech
670,*kawt
671,!kech
671,*kawt
671,#kawt
672,!kech
672,*kawt
672,#kawt
673,!kech
673,*kawt
673,#kawt
674,!kech
674,*kech
674,#kawt
675,!kech
675,*kawt
675,#kawt
676,!kech
677,!kech
678,!kech
678,*kawt
679,!kech
679,&kechIz=14
679,#kawt
680,-
681,!kech
681,*kawt
682,!kech
682,*kawt
682,#kawt
683,!kech
683,*kawt
683,#kawt
684,!kech
684,*kawt
685,!kech
685,!kach
685,@kechN=14
685,*kawt
686,!kech
686,#kawt
687,!kech
687,*kawt
688,!kech
688,*kawt
688,*kecht
689,!kech
689,#kawt
690,!kech
690,*kawt
691,!kech
692,*kawt
692,#kawt
693,-
694,!kech
694,*kawt
694,#kawt
695,!kech
695,*kawt
695,#kawt
696,!kech
696,!kich
696,*kawt
696,#kawt
697,!kach
697,*kawt
697,#kawt
698,*kawt
699,!kech
699,*kawt
700,!kech
700,*kawt
701,!kech
702,!kech
703,!kech
704,!kech
704,*kawt
705,!kech
705,@kechN=14
705,*kawt
705,#kawt
706,!kech
707,!kech
707,*kawt
707,#kawt
708,!kech
708,!kawt
708,*kawt
709,!kech
709,!kach
709,*kawt
709,#kawt
710,!kech
711,!kech
711,*kawt
711,#kawt
712,!kech
712,*kot
712,#kot
713,!kech
713,*kawt
713,#kawt
714,!kech
715,!kech
715,*kawt
716,!kech
716,#kawt
717,!kech
718,!kech
718,!kach
718,*kawt
718,#kawt
719,#kawt
720,!kech
720,*kawt
721,!kech
721,*kawt
722,!kech
722,#kawt
723,!kech
723,*kawt
723,#kawt
724,#kawt
725,!kech
725,*kawt
725,#kawt
726,*kawt
727,!kech
727,*kawt
727,#kawt
728,!kech
728,*kawt
728,#kawt
729,*kawt
729,#kawt
730,*kawt
731,!kech
731,*kawt
731,#kawt
732,!kech
732,*kawt
732,#kawt
733,!kech
733,@kichN=14
733,*kawt
733,#kawt
734,!kech
734,*kawt
735,!kech
735,#kawt
736,!kech
736,*kot
736,#kawt
737,!kech
737,*kawt
737,#kawt
738,!kech
738,*kawt
738,#kawt
739,-
740,!kech
740,*kawt
741,!kech
741,!kach
741,*kawt
741,#kawt
742,!kech
742,*kawt
743,!kech
744,!kech
744,*kawt
745,-
746,*kawt
747,!kech
747,*kawt
747,#kawt
748,!kech
748,*kawt
748,#kawt
749,*kawt
750,-
751,!kach
751,*kawt
752,!kech
752,#kawt
753,!kech
753,*kawt
753,#kawt
754,*kot
755,!kech
755,*kawt
755,#kawt
756,!kech
756,*kot
756,#kot
757,!kech
757,*kawt
757,#kawt
758,*kawt
759,!kech
760,!kech
760,*kawt
761,!kech
761,!kich
761,*kot
762,!kech
762,*kawt
763,!kech
764,!kech
764,*kawt
764,#kawt
765,!kech
765,!kach
765,*kawt
765,#kawt
766,!kech
766,*kawt
766,#kawt
766,#kocht
767,!kech
767,*kawt
767,#kawt
768,!kech
768,@kech
768,*kawt
768,#kawt
769,!kech
770,!kach
770,*kawt
771,*kawt
771,*kech
772,!kech
772,@kechN=14
772,*kawt
773,!kech
773,!kich
773,*kawt
773,#kawt
774,!kech
775,!kech
775,*kawt
775,#kawt
776,!kech
776,*kawt
776,#kawt
777,!kech
777,*kawt
777,#kawt
778,!kech
778,!kach
778,*kawt
778,#kawt
779,!kach
779,*kawt
779,#kawt
780,!kech
780,*kawt
780,#kawt
781,!kech
781,!kach
781,*kawt
781,*kech
782,!kech
782,#kawt
783,!kech
783,*kawt
783,#kawt
784,!kech
784,*kot
784,#kot
785,!kech
785,@kechN=14
785,*kawt
785,*koet
785,#kawt
786,!kech
786,*kawt
786,#kawt
787,!kech
787,*kawt
787,#kawt
788,!kech
788,@kechN=14
788,*kawt
788,#kawt
789,!kech
789,*kawt
789,#kawt
790,!kech
790,*kawt
790,#kawt
791,!kech
791,*kawt
792,!kech
792,*kawt
793,!kech
793,*kawt
794,!kech
794,*kawt
794,#kawt
795,!kuch
795,@kechN=14
795,#kawt
796,!kech
796,*kawt
796,#kawt
797,!kech
797,!kich
798,!kech
798,*kawt
798,#kawt
799,!kech
799,*kawt
800,!kech
800,*kawt
800,#kawt
801,!kech
801,*kawt
801,#kawt
802,!kech
803,*kawt
804,!kech
804,#kawt
805,!kech
805,*kech
805,#kawt
806,!kech
806,*kawt
806,#kawt
807,!kech
807,!kich
807,*kawt
807,#kawt
808,!kech
808,#kawt
809,!kech
809,*kawt
810,!kech
810,*kawt
811,!kech
811,#kawt
812,!kech
812,*kawt
813,!kech
813,*kawt
814,!kech
814,*kawt
814,#kawt
815,-
816,!kech
816,*kawt
816,#kawt
817,!kech
817,*kawt
817,#kawt
818,-
819,!kech
819,&kechIz=14
819,*kawt
819,#kawt
820,!kach
820,*kawt
820,#kawt
821,!kech
821,*kawt
821,#kawt
822,!kech
822,!kach
822,*kawt
822,#kawt
823,!kech
823,*kawt
823,#kawt
824,!kech
824,!kach
824,@kechN=14
824,*kawt
824,#kawt
825,!kech
825,*kawt
825,#kawt
826,!kech
826,*kawt
826,#kawt
827,!kech
827,*kawt
827,#kawt
828,!kech
828,*kawt
828,#kawt
829,!kech
829,!kach
829,*kawt
829,#kawt
830,!kech
830,*kawt
830,*kecht
830,#kecht
831,!kech
831,*kawt
831,#kawt
832,#kawt
833,!kech
833,*kawt
833,#kawt
834,!kech
834,*kawt
834,#kawt
835,!kech
835,*kawt
835,#kawt
836,!kech
836,*kawt
836,#kawt
837,!kach
837,#kawt
838,!kech
839,!kech
839,*kawt
839,#kawt
840,!kech
840,*kawt
841,*kawt
842,!kech
842,!kich
842,*kawt
842,#kawt
843,!kech
843,!kich
843,*kawt
843,#kawt
844,!kach
844,@kechN=14
844,*kawt
844,#kawt
845,-
846,!kech
846,*kawt
846,#kawt
847,-
848,-
849,!kach
849,*kawt
849,#kawt
850,!kech
850,*kawt
850,#kawt
851,!kech
851,@kechN=14
851,*kawt
852,!kech
853,!kech
853,*kawt
853,#kawt
854,!kech
854,*kawt
854,#kawt
855,!kech
855,#kawt
856,!kech
856,*kawt
856,#kawt
857,!kach
857,*kawt
857,#kawt
858,!kech
859,!kech
859,*kawt
859,#kawt
860,!kach
860,*kawt
860,#kawt
861,!kech
861,*kawt
861,#kawt
862,*kawt
862,#kawt
863,!kach
863,*kawt
863,#kawt
864,!kech
864,!kich
864,*kot
864,#kawt
865,!kech
865,*kawt
865,#kawt
866,!kech
866,*kawt
866,#kawt
867,!kech
867,*kot
867,#kot
868,!kech
868,*kawt
868,#kawt
869,!kech
869,*kawt
869,#kawt
870,!kach
870,*kawt
870,#kawt
871,-
872,!kech
872,*kawt
873,!kech
873,*kawt
873,#kawt
874,!kech
874,*kawt
874,#kawt
875,!kech
875,*kawt
875,#kawt
876,!kech
876,*kawt
876,#kawt
877,!kech
877,*kawt
877,#kawt
878,!kech
878,*kawt
879,!kech
880,!kech
880,*kawt
880,#kawt
881,-
882,!kech
882,*kawt
883,!kach
883,*kawt
883,#kawt
884,!kach
885,!kach
885,*kawt
885,#kawt
886,!kach
886,*kawt
886,#kawt
887,!kech
887,*kawt
887,#kawt
888,!kech
888,!kich
888,*kawt
888,#kawt
889,!kech
889,*kawt
889,#kawt
890,!kach
890,*kot
890,#kot
891,!kech
891,*kawt
891,#kawt
892,!kech
892,*kawt
892,#kawt
893,!kach
893,*kawt
893,#kawt
894,!kech
894,!kich
894,*kawt
894,#kawt
895,!kech
895,*kawt
895,#kawt
896,-
897,-
898,!kech
898,*kawt
899,!kach
899,#kawt
900,!kech
900,*kawt
900,#kot
901,!kach
901,*kawt
901,#kawt
902,!kech
902,!kach
902,*kawt
902,#kawt
903,!kech
904,!kech
904,!kach
904,*kawt
904,#kawt
905,!kach
905,*kawt
905,#kawt
906,!kach
906,*kawt
907,!kach
907,#kawt
908,!kech
908,*kot
909,-
910,!kech
910,*kawt
910,#kawt
911,!kech
911,*kawt
911,#kawt
