Informant,Response
001,*tawt
002,*lurnd
003,*lurnt
004,*tawt
005,*tawt
005,*lurnt
006,*tawt
006,*lurnd
007,*tawt
008,*tawt
009,-
010,!lurn
010,*tawt
011,*tawt
012,*tawt
013,*tawt
014,*tawt
015,*tawt
016,*tawt
017,-
018,*lurnt
019,*tawt
020,*tawt
021,-
022,*tot
023,*tawt
024,*tawt
025,!lurn
025,*tawt
026,-
027,*tawt
028,*tawt
029,*tawt
030,*tawt
031,*tawt
032,*tawt
033,*tawt
034,*tawt
035,*tawt
036,*lurnt
037,*tawt
038,*tawt
038,*lu[r]nd
039,*lurnt
040,*tawt
041,*lurnd
042,!lu{r}n
043,*tawt
044,&lurnz
045,-
046,*tawt
047,*tawt
047,*lurnt
048,*tawt
049,*tawt
050,*tawt
051,*tawt
052,*lu[r]nt
053,*lurnt
054,*lurnt
055,*lurnd
056,*tawt
057,*tawt
058,*tawt
059,*lurnt
060,*tawt
061,*tawt
061,*lurnd
061,*lurnt
062,*taw(t)
063,*lurnt
064,*tawt
064,*lurnt
065,#tawt
066,*tawt
066,*lu[r]n
066,*lu[r]nt
067,*tawt
068,*tawt
069,*tawt
069,*lurnd
070,*tawt
070,#lurnd
071,!lurn
071,*tawt
071,#tawt
072,*tawt
073,*tot
074,*tawt
074,*lurnt
075,*tawt
076,*tawt
077,*tawt
077,*tot
078,*tawt
079,*tawt
080,-
081,!lurn
081,*tawt
082,!lurn
082,#tawt
083,-
084,-
085,*tawt
086,*tawt
087,*tawt
088,*tawt
089,-
090,-
091,*tawt
092,-
093,*tawt
094,*tawt
095,*tawt
096,*tawt
097,*tawt
098,!lu[r]n
098,*lu[r]nd
099,*tawt
100,*tawt
101,*tawt
102,*tawt
103,*tot
103,#tawt
104,*tawt
105,*tawt
106,*tawt
107,*tawt
108,*tawt
109,*tawt
110,*lu[r]nd
111,*lu{r}nd
112,*tawt
113,*lurnt
114,-
115,-
116,-
117,*tawt
118,*tawt
119,*lu[r]nd
120,*tawt
121,-
122,*tawt
123,*tawt
124,*tawt
125,*lu{r}nd
126,*lu[r]nd
127,-
128,-
129,-
130,*tawt
131,*tawt
132,-
133,*tawt
134,*lu[r]nt
135,*tawt
136,*lu[r]nt
136,#tawt
137,*tawt
138,*tawt
139,*tawt
140,*lu[r]nt
141,*tawt
142,!teech
143,*tawt
144,*tawt
145,#lu[r]n
146,*tawt
147,-
148,*tawt
148,#tawt
149,*lu[r]nt
150,*tawt
151,-
152,*lurnd
153,-
154,*lurnt
155,*tawt
156,#tawt
157,-
158,*tawt
159,*tawt
160,-
161,*tawt
162,*teech
163,*tawt
164,*tawt
165,*lu[r]nt
166,*tawt
166,*lu{r}nd
167,*tawt
168,*tawt
169,-
170,*tawt
171,*tawt
172,*tawt
173,-
174,-
175,*tawt
176,*tawt
177,-
178,-
179,*teech
180,*tawt
180,*lu[r]nt
181,#tawt
182,-
183,*tawt
184,*tawt
185,*tawt
186,*tawt
187,-
188,*lu[r]nt
189,*tawt
190,*tawt
191,*tawt
191,#tawt
192,*lurnt
193,-
194,!lurn
194,!lu[r]n
195,*tawt
195,*lu[r]n
196,-
197,*tawt
198,-
199,*lurnt
200,*tawt
201,-
202,*tawt
203,*tawt
204,-
205,*tawt
206,*tawt
207,-
208,*tawt
209,#tawt
210,*lu[r]nt
211,*tawt
212,-
213,*tawt
214,*tawt
215,*lu[r]n
216,*tawt
217,*tawt
218,-
219,-
220,*tawt
221,*lurnd
222,@lu{r}nN=14
222,*lurnd
222,#tawt
223,-
224,*tawt
225,-
226,!lu[r]n
226,*lu[r]nt
227,*tawt
228,*tot
229,*tawt
230,*tot
231,*tawt
232,#tawt
233,*tawt
234,*lu[r]nt
235,*lurnt
236,*tawt
236,*lurnt
237,*tawt
237,*lu{r}n
238,*tawt
239,*tawt
240,*tot
241,-
242,*tawt
243,*tawt
244,!teech
245,-
246,*tawt
247,*tawt
248,!lurn
248,#tawt
249,*tawt
249,#tawt
250,!lu{r}n
250,*lu{r}nd
251,-
252,-
253,*tawt
254,*tawt
255,*tawt
256,*lurn
257,*tawt
257,*lurnt
258,*tawt
259,*tawt
260,#lurnt
261,*tawt
262,-
263,-
264,*tawt
265,-
266,*tawt
267,!lurn
267,*tawt
268,!lu[r]n
268,*lu[r]nt
269,*tawt
270,*tawt
271,*toet
272,*tawt
273,*tawt
274,*tawt
275,*tawt
276,*tawt
277,*tawt
278,*tawt
279,*tot
280,*tawt
281,*tawt
282,-
283,*tawt
284,*tot
285,-
286,*tot
287,-
288,#tawt
289,*tawt
290,*teecht
291,*tawt
292,*tawt
293,*tawt
294,*tawt
295,*lurnd
296,*tawt
297,*tawt
298,-
299,*tawt
300,*tawt
301,!lorn
302,*tawt
303,!lu{r}n
303,*lu{r}nd
304,*tawt
305,-
306,*tawt
307,*tawt
308,-
309,-
310,-
311,*tawt
312,*tawt
313,*tawt
314,-
315,!teech
315,*tawt
316,*lu[r]nt
317,*tawt
318,*tawt
318,*lurnt
319,-
320,*lurnd
321,*tawt
321,*lu{r}nd
322,#tawt
323,*tawt
324,*tawt
324,*lurnd
325,!lurn
325,*tawt
325,*lurnd
326,*tawt
327,*tawt
328,*tawt
329,*tawt
330,*tawt
330,*lu[r]nt
331,*tawt
332,*tawt
333,*lurnt
334,*tawt
335,*tawt
336,*tawt
336,*lurnd
337,*tawt
338,*tawt
339,*tawt
340,*lu[r]nt
341,*lu[r]nt
342,*taw{?}
343,*tawt
344,-
345,*tawt
346,*tut
347,*tawt
348,-
349,*tawt
350,-
351,*tawt
352,*tawt
353,*tawt
354,*lurnd
355,*tawt
356,*tawt
357,*tawt
358,*tawt
359,*tawt
360,*tawt
361,*tawt
362,-
363,*tawt
364,*tawt
365,-
366,*tawt
367,*tawt
368,-
369,-
370,*tawt
371,-
372,*tawt
373,*tawt
373,*toet
374,*tawt
375,*tawt
376,-
377,*lu[r]nt
378,*tawt
379,*tawt
380,*tawt
381,*tawt
382,*tawt
383,*tawt
384,*tawt
385,*tawt
386,*tawt
387,*tawt
388,-
389,*tawt
390,*tawt
391,*tawt
392,-
393,*tawt
394,*tawt
395,*tawt
396,-
397,*tawt
398,*tot
399,*tawt
399,*lu[r]nt
400,*tawt
401,!tawk
401,!lu[r]n
402,*tawt
403,*tawt
404,*tawt
405,*tawt
406,*lu[r]nt
407,*tawt
408,*tawt
409,*tawt
410,*tawt
411,*tawt
412,-
413,-
414,*tawt
415,*tawt
416,-
417,!teech
418,*tawt
419,*tawt
420,*tawt
420,*lu[r]nd
421,*tawt
422,*tawt
423,*tawt
424,*tawt
425,*tawt
426,*tawt
426,*lurnt
426,#tawt
427,*lurnt
428,*tawt
429,-
430,*tawt
431,*tawt
432,-
433,*tawt
434,*lu[r]nt
435,*tawt
436,*tawt
437,*tawt
438,*lu[r]nt
439,*tawt
440,-
441,*tawt
441,*lurnt
442,*tawt
443,*tawt
444,*tawt
445,*tawt
446,*tawt
446,*lurnd
447,*lurnd
448,*tawt
449,*lu[r]nt
450,*tawt
451,!lurn
452,*tot
453,*lu[r]nd
454,*lu[r]nt
455,*tawt
456,!teech
456,*tawt
456,#tawt
457,*tawt
458,!teech
458,*tawt
459,-
460,!lu{r}n
460,*tawt
461,#lurnd
462,*lurnd
463,-
464,*teecht
464,*lurnt
465,-
466,*tawt
467,-
468,!lu[r]n
468,*lu[r]nd
469,*lurnt
470,#tawt
471,*tawt
472,#tawt
473,*lurnd
474,*tawt
475,*tawt
476,*tawt
477,*lu[r]nd
478,#lu[r]n
479,!lu[r]n
479,*tawt
480,*tawt
481,*tawt
482,*tawt
483,!teech
484,*tawt
485,#tawt
486,*tawt
487,*tawt
488,-
489,-
490,*tawt
491,-
492,-
493,!teech
493,!lu{r}n
494,*lurnd
495,*tawt
496,#tawt
497,*tawt
498,-
499,*tawt
500,-
501,*tawt
502,*tawt
503,-
504,-
505,!lu[r]n
505,@lu[r]nN=14
506,*lurnt
507,-
508,!teech
508,#tawt
509,-
510,*tawt
511,-
512,*tawt
513,-
514,-
515,-
516,*tawt
517,-
518,*tawt
519,*tawt
520,-
521,*tawt
522,*tawt
523,-
524,*tawt
525,-
526,-
527,*tawt
527,#tawt
528,*tawt
529,-
530,*lu{r}nd
531,#tawt
532,-
533,!lurn
533,#tawt
534,*lurnt
535,*taw(t)
535,*tot
535,#tawt
536,*lurnd
537,-
538,-
539,*tawt
540,-
541,*tawt
542,-
543,*tawt
543,*lu[r]nt
544,*tawt
545,-
546,*tawt
547,*tawt
548,*tawt
548,*lurnt
549,*tawt
550,*lu[r]n
551,-
552,-
553,-
554,*tawt
554,*lu[r]nd
555,#teech
556,-
557,*tawt
558,*tawt
559,-
560,-
561,*tawt
562,*tawt
563,*tawt
563,#lurnd
564,*tawt
565,*lurnt
565,*lu[r]nt
566,-
567,-
568,-
569,!lu[r]n
570,*tawt
571,-
572,*tawt
573,-
574,*tawt
575,*tawt
576,*tawt
577,*lu[r]nt
578,*lu[r]nt
579,*tawt
580,*lu[r]nt
581,*tawt
582,-
583,-
584,*tawt
585,*lu[r]nt
586,*tawt
587,*lu[r]nt
588,*lu[r]nd
589,*tawt
590,-
591,*tawt
592,*tawt
593,!lu[r]n
593,#tawt
594,*tawt
594,*lu[r]nt
595,*tawt
596,*lu[r]nt
597,*tawt
597,*lurnt
598,*tawt
599,*tawt
600,*tawt
601,*tawt
602,*tawt
603,-
604,*tawt
605,!lurn
606,-
607,*tawt
607,*lu{r}nd
608,*tawt
609,-
610,-
611,*tawt
612,*tawt
613,*tawt
614,-
615,*tawt
616,*lurn
617,*tawt
618,*tawt
619,-
620,#tawt
620,#lu{r}nt
621,*tawt
622,*tawt
623,-
624,*tot
625,*lurnd
626,*tawt
627,*lu[r]n
628,*tawt
629,*tawt
630,*tawt
631,*tawt
632,!lurn
633,-
634,*tawt
635,*tawt
635,*lurnd
636,-
637,@lu[r]nN=14
638,-
639,!larn
640,*lu[r]nt
641,*tawt
642,-
643,*tawt
644,-
645,*tot
646,*tawt
647,-
648,*tot
649,*tawt
650,*lu[r]nd
650,*lu[r]n
651,*lu[r]nd
652,*tawt
653,*tawt
654,-
655,*tawt
656,-
657,*tawt
657X,*tawt
657Y,*tawt
657Z,*tawt
657Z,#tawt
658,*lu{r}nd
659,-
660,*lu[r]nt
661,*tawt
662,*tawt
663,-
664,-
665,-
666,-
667,!lu[r]n
667,#tawt
668,*tawt
669,*tawt
670,-
671,*tawt
672,@lurnN=14
672,*lurnd
672,*lurnt
673,*tawt
674,*lurnt
675,-
676,-
677,-
678,*tawt
678,#tawt
679,*tawt
680,-
681,!lu{r}n
682,*tawt
682,#tawt
683,*tawt
684,-
685,*tawt
686,*lurnt
687,-
688,*tawt
688,*lu[r]nd
689,*tawt
689,*lurn
690,-
691,-
692,*tawt
693,*tawt
694,*lurnd
694,#lurnt
695,!teech
695,*tawt
696,#tawt
697,*teecht
697,*lurnd
697,*lurnt
698,*tawt
699,-
700,#tawt
701,-
702,-
703,*tawt
704,*tawt
705,*tawt
706,*tawt
707,*tawt
708,*tawt
709,*tot
710,-
711,-
712,*tot
713,-
714,*tawt
715,*tawt
716,*tawt
716,*lu{r}nt
717,*lurnd
718,*tawt
719,*tawt
720,*tawt
721,*tawt
722,*teecht
723,*tawt
723,*lurnd
723,#tawt
724,*tawt
725,#tawt
726,*lurnt
727,*lurnd
728,*tawt
729,*tawt
730,*tawt
731,*tawt
732,*tawt
733,*tawt
734,*tawt
735,*tawt
735,#tawt
736,-
737,*tawt
737,*lurnd
738,*tawt
739,*tawt
740,-
741,*tawt
742,*tawt
743,*tawt
744,-
745,-
746,*tawt
747,*tawt
748,!teech
749,*tawt
750,*tawt
751,*tawt
752,*lurnd
753,*tawt
754,*tawt
754,*lu{r}n
755,-
756,*lu[r]n
757,*tawt
758,-
759,!lu[r]n
759,@lu[r]nN=14
760,*tawt
761,*lu[r]nt
762,*tawt
763,*tawt
764,!lu{r}n
764,*tawt
764,*lu{r}nd
765,*tawt
766,!lu[r]n
766,&teechIz=14
766,*tawt
766,*lu[r]nt
767,*tawt
767,#tawt
768,*tawt
768,*lu{r}nd
769,*tawt
770,*tawt
771,-
772,*tawt
773,-
774,-
775,!teech
775,!lu{r}n
775,*lu{r}n
776,*tawt
777,*tawt
778,*tawt
779,*tawt
780,*tawt
781,*tawt
782,-
783,*tawt
784,!teech
784,!lu[r]n
784,*lu[r]n
785,*tawt
785,*toet
785,#tawt
786,*lurnt
787,*tawt
788,-
789,#lurnt
790,*tawt
791,*tawt
792,*tawt
793,-
794,!lurn
794,*lurnd
794,*lurnt
795,*tawt
796,*tawt
797,*lurnt
798,*tawt
799,-
800,*tawt
800,*lurnt
800,#lurnt
801,*tawt
802,-
803,-
804,-
805,-
806,*tawt
807,*lurn
808,*tawt
809,*tawt
810,!lu[r]n
810,*teech
810,*lu[r]nd
811,*tawt
812,*tawt
813,*tawt
814,*tawt
815,-
816,*tawt
817,*lurnd
818,!teech
818,*teech
818,*lu[r]nt
819,*lurnd
820,*tawt
821,*lu[r]nt
822,*tawt
823,*tawt
824,*tawt
825,*tawt
826,-
827,-
828,*lu[r]nd
829,!teech
829,*tawt
830,*tawt
831,*tawt
832,*tawt
832,*lu[r]nd
833,*tawt
834,*tot
834,*lurnd
835,*lu[r]nt
836,!teech
836,!lu{r}n
836,*teecht
836,*lu{r}nt
836,#teecht
837,-
838,-
839,*tawt
840,#lurnt
841,-
842,*tawt
843,*tot
844,*tawt
844,*toet
845,*tot
846,*tawt
847,#tawt
848,*tawt
849,-
850,*tawt
850,*lurn
851,*tawt
852,-
853,*tawt
854,*taw(t)
855,*tawt
856,!lurn
857,*tawt
858,-
859,*tawt
860,*tawt
861,*tawt
862,-
863,*tawt
864,*tawt
864,*lu{r}nt
865,*tawt
866,*tawt
867,*tawt
868,*tawt
869,*tawt
870,*tawt
871,-
872,-
873,*tawt
874,*tawt
875,*tawt
876,*tawt
877,*tawt
878,*tawt
879,-
880,*tawt
880,*lu[r]nt
881,-
882,-
883,*tawt
884,-
885,*tawt
886,!lurn
886,*teecht
887,*tawt
888,*lurnt
889,*tawt
890,*tawt
891,*tawt
892,*tawt
892,#lurnd
893,*tawt
894,*tawt
895,*tawt
896,-
897,-
898,*tawt
899,*tawt
900,*tawt
901,*tawt
901,#tawt
902,*tawt
903,-
904,*tawt
905,*tawt
906,*tawt
907,*tawt
908,*tot
909,-
910,*tawt
911,*tawt
