Informant,Response
001,awl(w)Az=14
001,awl(wA)s
002,awlwaiz=13
003,awlwAz=14
004,{aw}(l)wAz=14
005,awlwaiz=13
006,awlwaiz=13
007,awlwaiz=13
008,awlwAz=14
009,awlwaiz=13
010,awlwaiz=13
011,awl(w)Az=14
012,awlwAz=14
013,aw[l]waiz=13
014,aw[l]waiz=13
015,awlwez=13
016,awlwaiz=13
017,awl(w)Az=14
018,awlwaiz=13
019,awlwaiz=13
019,awlwAz=14
020,awlwAz=14
021,-
022,awlwaiz=13
023,awlwAz=14
024,awlwAz=14
025,awlwAz=14
025,awl(w)A{z}=14
026,awlwAz=14
027,{aw}lwaiz=13
028,awlwaiz=13
028,aw(l)waiz=31
029,awlwAz=14
029,aw(l)waiz=13
030,aw(l)waiz=13
030,{aw}(l)wAz=14
031,awlwaiz=13
032,aw[l]wai{z}=13
033,awlwaiz=13
034,aw[l]wez=31
035,aw(l)waiz=13
035,{aw}lwez=13
036,awlwAz=14
037,{aw}(l)waiz=13
037,{o}lwaiz=13
038,awlwai{z}=13
039,{aw}(l)waiz=13
040,aw(l)w{ai}{z}=13
041,awlwAz=14
042,awlwAz=14
042,awl(w)Az=14
043,aw[l]waiz=13
044,-
045,awlwaiz=13
046,-
047,awl(w)A{z}=14
048,-
049,awlwaiz=13
049,{aw}lwAz=14
050,awlwaiz=13
051,aw(l)wI{z}=14
052,aw[l]waiz=13
053,awlwaiz=13
054,-
055,aw(l)wai{z}=13
055,aw(l)wez=13
056,awlwai{z}=13
056,aw(l)waiz=13
057,awlwaiz=13
057,aw(l)waiz=13
058,awlwaiz=13
058,{o}lwaiz=13
059,awlwIz=14
060,-
061,awlwaiz=13
062,aw(l)waiz=13
063,awlwaiz=13
064,awlwaiz=13
065,awlwaiz=13
065,aw(l)waiz=13
066,awlwaiz=13
067,awlwaiz=13
068,awlwaiz=13
069,awlwai{z}=13
070,-
071,aw(l)waiz=13
072,awlwaiz=13
073,awlwaiz=13
074,aw(l)waiz=13
075,awlwaiz=13
076,awlwaiz=13
077,awlw{ai}dh=13
077,awlwaizh=13
077,aw(l)waiz=13
078,awlwaiz=13
078,aw(l)waiz=13
079,{o}lwaiz=13
080,-
081,awlwaiz=13
082,awlwaiz=13
083,aw(l)waiz=13
084,aw(l)waiz=13
085,{aw}lwaiz=13
086,awlwaiz=13
087,awlwaiz=13
088,aw(l)wez=13
089,aw(l)w{ai}z=13
090,awlwaiz=13
091,{aw}lwaiz=13
092,{aw}lwaiz=13
093,aw[l]w{ai}{zh}=13
093,aw(l)w{ai}zh=13
094,awlwaiz=13
095,aw[l]we{z}=13
095,aw(l)waiz=13
095,aw(l)w{ai}z=13
095,aw(l)wesh=13
096,aw(l)waiz=13
097,{aw}(l)waiz=13
098,awlw{ai}{z}=13
099,awlwaiz=13
100,-
101,{aw}(l)waiz=13
101,{aw}(l)wez=13
102,awlwaiz=13
103,awlwaiz=13
103,aw(l)wez=13
104,awlwaiz=13
105,-
106,awlwaiz=13
107,awlwaiz=13
108,awlwaiz=13
108,awlwAz=14
109,aw(l)waiz=13
110,awlwaiz=13
111,aw(l)waiz=13
112,aw[l]waiz=13
113,aw(l)w{ai}z=13
114,awlwaiz=13
115,awlwaiz=13
116,-
117,-
118,aw(l)waiz=13
119,aw(l)waiz=13
120,awlwaiz=13
120,awlwAz=14
121,awlwaiz=13
122,aw(l)waiz=13
123,awlwaiz=13
124,{aw}(l)waiz=13
125,awlwaiz=13
126,awl(w)Az=14
127,awlwAz=14
127,awlwez=13
128,awlwaiz=13
129,{aw}lwez=13
130,aw(l)waiz=13
131,awlwaiz=13
132,-
133,aw(l)waiz=13
134,-
135,awlwez=13
135,{aw}lwaiz=13
136,aw(l)waiz=13
137,aw(l)waiz=13
138,awlwaiz=13
139,awlwaiz=13
140,aw(l)waiz=13
140,{aw}(l)waiz=13
141,awlwaiz=13
142,awlwaiz=13
143,awlwaiz=13
144,aw(l)waiz=13
144,{aw}lwaiz=13
145,{aw}lwaiz=13
146,awlwaiz=13
147,awlwaiz=13
147,awlwAz=14
147,aw(l)waiz=13
148,awlwaiz=13
149,awlwaiz=13
149,aw(l)waiz=13
150,awlwaiz=13
150,aw(l)waiz=13
151,awlwaiz=13
151,awlwAz=14
152,{aw}(l)waiz=13
153,awlwaiz=13
154,awlwaiz=13
155,awlwez=13
156,awlwaiz=13
156,awlwAz=14
157,o[l]waiz=13
158,aw(l)waiz=13
159,-
160,awlwaiz=13
160,aw(l)waiz=13
161,awlwaiz=13
162,aw(l)w{ai}z=13
163,awlw{ai}z=13
164,aw(l)w{ai}z=31
165,awlwaiz=13
166,awlwaiz=13
167,awlwaiz=13
168,awlwaiz=13
169,awlwaiz=13
170,aw[l]waiz=13
171,aw(l)waiz=13
172,aw(l)waiz=13
172,oelwIz=14
173,awlwAz=14
174,-
175,{aw}lwaiz=13
176,aw[l]waiz=13
177,aw(l)waiz=13
178,aw[l]waiz=13
179,-
180,awlwaiz=13
180,aw[l]waiz=13
181,awlwez=13
182,aw(l)waiz=13
183,aw(l)waiz=13
184,awlwaiz=13
185,{o}lwaiz=13
185,{o}lwAz=14
186,awlwaiz=13
187,aw(l)waiz=13
188,{aw}lwaiz=13
189,{o}lwaiz=13
190,{aw}lwaiz=13
191,aw(l)w{ai}z=13
191,aw(l)w{ai}{z}=13
192,awlwaiz=13
193,awlwaiz=13
193,oelwAz=14
194,awlwaiz=12
195,-
196,-
197,-
198,awlwaiz=13
198,awlwAz=14
199,aw[l]w{ai}{z}=13
199,aw[l]wiz=13
200,awlwaiz=13
200,awlwAz=14
201,awlwaiz=13
202,awl(w)Az=14
203,awlwaiz=13
204,aw(l)w{ai}z=13
205,aw(l)waiz=13
206,{aw}lwaiz=13
206,{aw}lwAz=14
206,{aw}(l)waiz=13
207,awlwaiz=13
208,{aw}lwaiz=13
209,aw(l)w{ai}z=13
210,awlwaiz=13
211,awlwai{z}=13
212,-
213,-
214,awlwaiz=13
215,-
216,awlwaiz=13
217,awlwaiz=13
218,aw(l)waiz=13
219,awlwaiz=13
220,aw(l)w{ai}z=13
220,o[l]w{ai}{z}=13
220,o[l]wI{z}=14
221,awlwaiz=13
222,awlwaiz=13
222,awlwAz=14
223,{o}lwaiz=13
224,aw[l]waizh=13
224,aw(l)weez=13
224,aw[l]wis=13
225,-
226,-
227,aw(l)waiz=13
228,aw[l]waiz=13
229,awlw{ai}z=13
230,{aw}(l)waiz=13
231,-
232,awlw{ai}z=13
233,awlwaiz=13
234,awlwai(z)=13
235,awlwAz=14
236,-
237,aw(l)waiz=13
238,awlwaiz=13
239,{aw}(l)waiz=13
240,awlwaiz=13
241,awlw{ai}z=13
242,awlwai{z}=13
243,aw(l)waiz=13
244,awlwaiz=13
245,awlwaiz=13
245,aw(l)waiz=13
246,awlwaiz=13
247,awlwaiz=13
248,-
249,aw[l]w{ai}z=13
249,aw(l)wI{z}=14
249,aw[l]waiz=13
250,awlwez=13
251,aw(l)waiz=13
252,aw(l)wai{z}=13
253,aw(l)waiz=13
254,{o}lwaiz=13
255,awlwaiz=13
256,aw(l)waiz=13
257,aw[l]waiz=13
258,awlwez=13
259,-
260,aw(l)w{ai}z=13
261,aw(l)waiz=13
261,o[l]wez=13
262,{aw}(l)waiz=13
263,awlwaiz=13
263,aw(l)waiz=13
264,awlwaiz=13
265,aw(l)w{ai}z=13
266,aw(l)waiz=13
266,o(l)waiz=13
267,awlwaiz=13
268,aw(l)waiz=13
269,aw[l]w{ai}zh=13
269,awlwiz=13
269,oe[l]waiz=13
270,aw[l]wai{z}=13
270,aw(l)waiz=13
271,awlwaiz=13
271,awl(w)Az=14
271,aw(l)waiz=13
272,{aw}lwaiz=13
273,aw(l)waiz=13
274,awlwaiz=13
275,aw(l)waiz=13
276,aw(l)waiz=13
277,aw(l)wez=13
278,aw[l]waiz=13
279,{aw}lwaiz=13
280,aw[l]vaiz=13
280,aw[l]waiz=13
281,aw(l)waiz=13
282,{aw}lwaiz=13
283,aw[l]wee{z}=13
283,{o}[l]wee{z}=13
284,awlwai{z}=13
285,awlwaiz=13
286,aw(l)wez=13
287,awlwaiz=13
288,awlwez=13
288,aw(l)waiz=13
289,aw[l]waiz=13
289,aw(l)waiz=13
290,awl(w)Az=14
291,{aw}lwaiz=13
292,awlwez=13
293,aw(l)wAz=14
294,awlwaiz=13
295,aw(l)wIz=14
296,awlwaiz=13
297,-
298,{aw}lwaiz=13
299,-
300,awlwaiz=13
300,aw(l)waiz=13
301,awlwaiz=13
301,aw(l)waiz=13
302,aw(l)waiz=13
303,awlwaiz=13
304,awlwaiz=13
305,-
306,aw(l)waiz=13
307,awlwaiz=13
308,o(l)waiz=13
309,{aw}(l)w{ai}z=13
309,{aw}(l)w{ai}{z}=13
309,{o}lw{ai}z=13
310,aw(l)waiz=13
311,aw(l)waiz=13
312,aw(l)waiz=13
313,{aw}lwaiz=13
314,{aw}(l)waiz=13
315,awlwaiz=13
316,aw(l)waiz=13
317,awlwaiz=13
318,awlwaiz=13
318,aw(l)waiz=13
319,-
320,awlwaiz=13
320,awlwai(z)=13
320,{aw}lwaiz=13
320,{aw}(l)waiz=13
321,awlwaiz=13
321,awl(w)A{z}=14
322,awlwaiz=13
323,awlwaiz=13
324,awlwaiz=13
324,awlwAz=14
325,awlwaiz=13
326,awlwez=13
326,{aw}(l)waiz=13
327,awlwaiz=13
328,awlwaiz=13
329,{aw}lwaiz=13
330,aw(l)waiz=13
330,{aw}(l)wAz=14
331,awlwaiz=13
332,{o}lw{ai}dh=13
333,awlwAz=14
334,aw(l)waiz=13
335,aw(l)waiz=13
336,awlwaiz=13
336,awlwIz=14
337,aw(l)waiz=13
338,awlwaiz=13
338,{aw}lwaiz=13
339,aw[l]waiz=13
340,aw(l)waiz=13
341,awlwaiz=13
342,aw[l]w{ai}{z}=13
342,aw[l]wi{z}=13
343,o(l)waiz=13
344,-
345,awlwaiz=13
346,-
347,{aw}lwaiz=13
348,awlwaiz=13
348,awlwIz=14
349,-
350,-
351,aw(l)waiz=13
352,olwaiz=13
352,o[l]waiz=13
353,awlwaiz=13
354,awlwaiz=13
355,awlwaiz=13
355,awlwAz=14
356,awlwaiz=13
357,aw(l)waiz=13
358,awlwaiz=13
359,aw(l)waiz=13
360,{aw}(l)waiz=13
361,oe(l)waiz=13
362,-
363,awlwaiz=13
363,awlwIz=14
364,{o}lwai{z}=13
365,awlwaiz=13
366,aw(l)waiz=13
367,awlwaiz=13
368,awlwaiz=13
368,{aw}(l)waiz=13
369,aw(l)waiz=13
369,oe[l]waiz=13
370,awlwaiz=13
371,{o}lwaiz=13
372,aw(l)waiz=13
372,aw(lw)Iz=14
373,{aw}(l)w{ai}{z}=13
373,{aw}(l)wIz=14
373,{o}lw{ai}z=13
374,aw(l)waiz=13
375,{aw}lwaiz=13
376,-
377,-
378,awlwaiz=13
379,aw(l)wiz=13
380,awlwaiz=13
381,oe(l)waiz=13
382,-
383,awlwaiz=13
383,awlwez=13
384,aw[l]waiz=13
385,-
386,awlwaiz=13
386,awlwAz=14
387,awlwaiz=13
388,awlwaiz=13
389,awlwaiz=13
390,aw(l)waiz=13
391,awlwaiz=13
392,-
393,{o}lw{ai}{z}=13
394,awlwaiz=13
395,awlwaiz=13
396,-
397,awlwaiz=13
398,{aw}(l)wai{z}=13
399,aw(l)waiz=13
400,-
401,awlwaiz=13
402,awlwaiz=13
403,aw(l)waiz=13
404,{aw}lwaiz=13
405,aw(l)waiz=13
406,awlw{ai}z=13
407,aw(l)waiz=13
407,{aw}lwaiz=13
408,aw(l)waiz=13
409,aw(l)waiz=13
410,aw(l)waiz=13
411,awlwaiz=13
412,awlwaiz=13
413,-
414,awlw{ai}z=13
414,aw[l]wIz=14
415,awlwaiz=13
416,-
417,aw(l)waiz=13
418,-
419,{aw}lwaiz=13
419,{aw}[l]waiz=13
420,awlwaiz=13
421,awlwaiz=13
422,{aw}(l)waiz=13
423,-
424,{aw}(l)waiz=13
424,{o}[l]wez=13
425,-
426,aw(l)waiz=13
427,olwaiz=13
428,{aw}lwai{z}=13
429,oe(l)waiz=13
430,-
431,aw(l)waiz=13
432,aw(l)waiz=13
433,{aw}lwaiz=11
433,{aw}(l)waiz=13
434,aw(l)waiz=13
435,awlwaiz=13
436,awlwaiz=13
436,awlwi{z}=13
436,awlwI{z}=14
436,olwai{z}=13
437,{aw}lwaiz=13
437,{aw}lwAz=14
438,aw[l]waiz=13
439,awlwaiz=11
440,awlwaiz=13
441,{aw}lwaiz=13
442,aw[l]wai{dh}=13
442,aw(l)wI{dh}=14
443,awlwaiz=13
444,awlwaiz=13
444,aw(l)waiz=13
445,aw(l)waiz=13
446,awlwaiz=13
447,awlwaiz=13
448,oelwaiz=13
449,-
450,awlwaiz=13
451,awlwAz=14
451,{aw}lwaiz=13
451,{aw}(l)waiz=13
452,-
453,-
454,-
455,aw(l)waiz=13
456,awlwaiz=13
457,awlwIz=14
458,-
459,-
460,awlwaiz=13
460,awlwIz=14
461,aw(l)waiz=13
462,aw[l]waidh=13
462,aw(l)wI{z}=14
463,awlwIz=14
464,awlwaiz=13
464,{aw}(l)wAz=14
465,aw(l)waiz=13
466,aw(l)waiz=13
467,aw(l)waiz=13
467,{aw}(l)waiz=13
468,aw(l)waiz=13
469,-
470,-
471,awlwaiz=13
472,aw(l)waiz=13
473,awlwaiz=13
474,aw[l]waiz=13
475,awlwaiz=13
475,aw(l)waiz=13
476,awlwaiz=13
477,aw(l)wez=13
478,oe(l)waiz=13
479,{aw}lw{ai}(z)=13
480,awlwez=13
480,aw[l]waiz=13
481,aw[l]waiz=13
482,awlwaiz=13
482,aw(l)waiz=13
483,aw(l)waiz=13
484,o(l)waiz=13
485,aw(l)w{ai}z=13
486,awlwaiz=13
486,aw[l]waiz=13
487,-
488,-
489,awlwaiz=13
490,awlwAz=14
491,awlwaiz=13
492,aw(l)waiz=31
493,-
494,-
495,aw[l]wAz=14
496,-
497,awlwIz=14
498,awlwaiz=13
499,aw(l)waiz=13
500,-
501,aw(l)waiz=13
502,{aw}(l)w{ai}z=13
503,awlwaiz=13
504,awlwaiz=13
505,aw(l)waiz=13
506,aw[l]waiz=13
507,awlwaiz=13
507,aw(l)wez=13
508,aw(l)waiz=13
509,awlwIz=14
509,aw(l)wIz=14
509,oe(l)wIz=14
510,aw(l)waiz=13
511,{o}lw{ai}z=13
512,awlwaiz=13
512,{aw}lwaiz=13
513,awlwaiz=13
513,aw(l)waiz=13
514,oelwai{z}=13
514,oe(l)wIz=14
515,aw(l)waiz=13
516,aw(l)waiz=13
517,aw(l)waiz=13
518,aw(l)waiz=13
519,aw(l)waiz=13
520,aw(l)waiz=13
521,awlwaiz=13
522,awlwaiz=13
523,-
524,awlwaiz=13
525,aw(l)waiz=13
526,awlwAz=14
527,awlwaiz=13
528,aw(l)waiz=13
529,aw(l)waiz=13
530,{aw}lwaiz=13
531,{aw}(l)waiz=13
532,aw(l)waiz=13
533,aw(l)waiz=13
534,{o}lwaiz=13
535,o[l]wez=13
535,o[l]wIz=14
535,o[l]wI{z}=14
535,{o}[l]wIz=14
536,awlwaiz=13
537,awlwaiz=13
538,{aw}lwaiz=13
539,aw(l)waiz=13
539,{aw}(l)waiz=13
540,aw(l)waiz=13
541,awlwaiz=13
542,aw(l)waiz=13
543,aw(l)waiz=13
544,aw(l)waiz=13
545,aw(l)waiz=13
546,awlwaiz=13
547,awlwez=13
548,{aw}lwaiz=13
548,{aw}(l)waiz=13
549,awlwaiz=13
549,awlwIz=14
550,-
551,awlwaiz=13
552,-
553,aw(l)waiz=13
554,aw(l)waiz=13
555,aw(l)waiz=13
555,aw(l)wIz=14
556,-
557,aw(l)waiz=13
558,aw(l)wai{z}=13
559,aw(l)waiz=13
560,-
561,aw[l]waiz=13
561,aw(l)waiz=13
562,awlwaiz=13
563,awlwaiz=13
563,aw(l)waiz=13
563,{aw}lwaiz=13
564,awlwAz=14
564,aw(l)waiz=13
564,{aw}lwaiz=13
565,awlwaiz=13
565,awlwai{z}=13
565,aw(l)waiz=13
566,aw(l)w{ai}z=13
567,{o}lw{ai}z=13
568,{aw}(l)wAz=14
569,awlwaiz=13
570,aw(l)waiz=13
571,awlwaiz=13
572,aw(l)wai{z}=13
573,aw(l)wIz=14
574,-
575,awlwaiz=13
576,aw(l)waiz=13
577,aw(l)waiz=13
578,-
579,awlwIz=14
580,aw(l)waiz=13
581,awlwaiz=13
582,awlwaiz=13
582,aw(l)waiz=13
583,-
584,-
585,aw[l]waiz=31
586,awlwAz=14
587,awlwaiz=13
587,aw(l)waiz=13
588,awlwaiz=13
588,aw(l)waiz=13
589,{aw}(l)waiz=13
590,awlwaiz=13
591,aw(l)waiz=13
592,awlwaiz=13
592,awlwez=13
593,awlwaiz=13
594,awlwaiz=13
595,awlwaiz=13
596,awlwez=13
597,awlwaiz=13
598,awlwaiz=13
599,awlwaiz=13
599,awlwIz=14
600,{aw}(l)w{ai}z=13
600,{aw}(l)w{ai}v=13
600,{aw}(l)w{ai}(z)=13
600,{o}lw{ai}z=13
601,{aw}(l)waiz=13
602,aw(l)waiz=13
603,awlwaiz=31
604,awlwaiz=13
604,{aw}lwaiz=13
605,awlw{ai}z=13
605,{aw}(l)w{ai}z=13
606,awlwaiz=13
606,aw(l)wez=13
607,aw(l)waiz=13
608,awlwaiz=13
608,awlwIz=14
609,aw(l)waiz=13
610,aw(l)waiz=13
611,{o}lw{ai}{z}=13
611,{o}lwI{z}=14
611,ow(l)wIz=14
612,aw(l)waiz=13
613,awlwaiz=13
613,awlwAz=14
614,-
615,{aw}(l)waiz=13
616,-
617,aw[l]waiz=13
618,awlwe{z}=13
619,awl(w)Az=14
620,{o}lwaiz=13
620,{o}lwI(z)=14
621,aw(l)waiz=13
622,awlw{ai}z=13
622,aw(l)waiz=13
623,awlwaiz=13
623,awlwIz=14
624,awlwaiz=13
625,awlwaiz=13
626,awlwaiz=13
627,aw(l)waiz=13
628,-
629,aw(l)wIz=14
630,awlwaiz=13
631,awlwaiz=13
632,-
633,{aw}(l)waiz=13
634,aw(l)waiz=13
635,aw(l)waiz=13
636,{aw}(l)waiz=13
637,-
638,oe(l)waiz=13
639,awlwaiz=13
640,awlwez=13
641,aw(l)wIz=14
641,{o}[l]waiz=13
641,oe(l)weez=13
642,awlwaiz=13
643,aw(l)waiz=13
644,awlwAz=14
645,awlwaiz=13
646,awlwaiz=13
647,-
648,awlwaiz=13
649,awlw{ai}z=13
650,awlwaiz=13
651,awlwez=13
652,-
653,awlwez=13
654,aw(l)w{ai}z=13
655,-
656,awlwaiz=13
657,aw(l)waiz=13
657X,awlwIz=14
657Y,awlwaiz=13
657Z,awlwaiz=13
658,awlwaiz=13
658,aw[l]waiz=13
659,awlwez=13
660,aw(l)waiz=13
661,-
662,aw[l]waiz=13
663,awlwaiz=13
664,awlwaiz=13
665,-
666,awlwaiz=13
667,{o}lwaiz=13
668,o[l]wAz=14
668,o(l)waiz=13
669,aw(l)waiz=13
670,awlwez=13
671,-
672,awlwIz=14
673,awlwaiz=13
674,awlwaiz=31
675,awlwaiz=13
676,awlwaiz=13
677,aw(l)waiz=13
678,aw(l)waiz=13
678,awlwAz=14
679,{o}lw{ai}{z}=13
680,awlwaiz=13
680,{aw}lwAz=14
681,awlwaiz=13
682,aw(l)wIz=14
683,awlwai{z}=13
684,awlwaiz=13
684,{aw}(l)waiz=13
685,{o}lwai{z}=13
686,awlwaiz=13
687,aw(l)waiz=13
688,aw[l]waiz=13
688,aw(l)waiz=13
689,{aw}(l)waiz=13
690,-
691,{aw}(l)wez=13
692,awlwIz=14
692,aw(l)waiz=13
693,-
694,{aw}lwaiz=13
695,{aw}(l)waiz=13
696,awlwaiz=13
697,aw(l)waiz=31
698,awlwaiz=13
699,awlwaiz=13
699,aw(l)waiz=13
700,aw(l)wIz=14
701,awlwaiz=13
702,awlwaiz=13
703,awlwaiz=13
703,aw(l)waiz=13
704,{aw}lwai{z}=13
705,oe(l)waiz=13
706,awlwAz=14
707,{aw}lwaiz=13
708,awlwai{z}=13
709,oe(l)waiz=13
710,{aw}(l)w{ai}z=13
711,-
712,aw(l)waiz=13
713,-
714,{aw}(l)waiz=13
715,aw(l)wAz=14
716,aw(l)waiz=13
717,-
718,awlwaiz=13
718,awlwai{z}=13
719,awlwaiz=13
719,aw(l)waiz=13
719,olwaiz=13
720,-
721,oelwe{z}=13
721,oelwIz=14
722,-
723,awl(w)Az=14
723,awl(w)I{z}=14
724,-
725,awlwaiz=13
726,awlwIz=14
727,aw(l)waiz=13
728,aw(l)waiz=13
729,-
730,-
731,aw(l)wez=13
732,awlwaiz=13
733,awlwaiz=13
734,awlwaiz=13
734,awlw{ai}z=13
735,awlwI{z}=14
735,{o}lwI{z}=14
736,{aw}lwaiz=13
737,awlwaiz=13
737,oelwaiz=13
738,aw(l)waiz=13
739,-
740,aw(l)waiz=13
741,awlwaiz=13
742,{aw}(l)waiz=13
743,awlwaiz=13
744,awlwez=13
745,{aw}(l)waiz=13
746,awlwIz=14
747,{aw}lwaiz=13
748,aw(l)waiz=13
749,awlwaiz=13
750,{aw}lwaiz=13
750,{aw}(l)wAz=14
751,awlwaiz=13
752,aw[l]waiz=13
752,aw(l)waiz=13
753,{aw}(l)wai{z}=13
754,aw(l)waiz=13
755,awlwaiz=13
756,-
757,awlwaiz=13
757,{aw}lwaiz=13
758,aw(l)wai{z}=13
759,-
760,awlwaiz=13
761,awlwaiz=13
761,aw(l)waiz=13
762,awlwaiz=13
763,awlwaiz=13
763,awlwAz=14
764,awlwaiz=13
765,{aw}(l)waiz=13
766,awlwaiz=13
766,aw(l)waiz=13
767,awlwaiz=13
767,aw(l)waiz=13
768,-
769,{o}lwai(z)=13
769,{o}lwI{z}=14
770,-
771,aw(l)waiz=13
772,awlwaiz=13
773,awlwez=13
773,awl(w)Az=14
774,aw(l)waiz=13
774,aw(l)wA(z)=14
775,aw(l)waiz=13
776,-
777,{aw}(l)waiz=13
778,awlwaiz=13
778,{aw}(l)waiz=13
779,awlwaiz=13
780,awlwaiz=13
781,awlwaiz=13
781,aw(l)waiz=13
782,aw(l)w{ai}z=13
783,awlwai{z}=13
784,aw(l)waiz=31
785,aw(l)w{ai}z=13
785,{o}lw{ai}z=13
785,{o}lw{ai}{z}=13
786,awlwaiz=13
787,awlwaiz=13
788,awlwaiz=13
789,-
790,awlwaiz=13
791,aw[l]waiz=13
792,awlwez=13
793,{aw}(l)waiz=13
794,awlwaiz=13
795,aw(l)waiz=13
796,aw(l)waiz=13
797,awlweez=13
797,{aw}lweezh=13
797,{o}lw{ai}z=13
798,awlwaiz=31
799,awlwaiz=13
800,awlwAz=14
800,awlwiz=13
801,awlwaiz=13
801,{aw}lwai(z)=13
802,{aw}lw{ai}z=13
803,aw(l)waiz=13
804,-
805,-
806,-
807,{aw}(l)w{ai}dh=13
807,oe(l)w{ai}z=13
808,awlw{ai}z=13
808,aw(l)wIz=14
809,awlwaiz=13
810,awlwaiz=13
810,awlwAz=14
811,awlwaiz=13
811,aw(l)waiz=13
812,awlwaiz=13
812,awlwez=13
813,awlwaiz=13
814,awlwaiz=13
815,awlwaiz=13
815,awlw{ai}z=13
816,aw(l)waiz=13
817,awlwaiz=13
818,-
819,awlwaiz=13
820,{o}(l)w{ai}{z}=13
821,aw(l)waiz=13
822,-
823,-
824,{o}(l)w{ai}{z}=13
824,{o}(l)wI{z}=14
825,aw(l)wIz=14
826,-
827,-
828,awlwaiz=13
829,aw(l)waiz=13
830,{o}lw{ai}z=13
831,-
832,awlwAz=14
832,aw(l)waiz=13
833,awlwaiz=13
833,aw(l)waiz=13
834,aw(l)waiz=13
835,-
836,aw(l)wIz=14
837,{aw}lwaiz=13
838,{o}lwaiz=13
839,awlwaiz=13
839,aw(l)waiz=13
840,awlwaiz=13
841,{aw}(l)waiz=13
842,awlwaiz=13
843,aw(l)waiz=13
844,{aw}(l)w{ai}{z}=13
844,{o}lw{ai}z=13
845,-
846,aw(l)waiz=13
847,awlwAz=14
847,aw(l)waiz=13
848,awlwaiz=13
848,awlwAz=14
849,aw(l)waiz=13
850,aw(l)waiz=13
851,awlwaiz=13
852,aw(l)waiz=13
853,aw(l)waiz=13
854,oe[l]w{ai}z=13
855,awlwaiz=13
855,oelwez=13
856,aw(l)waiz=13
857,awlwaiz=13
857,aw(l)wIz=14
858,-
859,aw(l)waiz=13
860,-
861,aw(l)wAz=14
862,-
863,aw(l)waiz=13
864,-
865,awlwAz=14
865,aw(l)waiz=13
866,-
867,{aw}(l)waiz=13
868,aw[l]waiz=13
868,aw(l)waiz=13
869,awlwaiz=13
870,aw[l]waiz=13
871,-
872,-
873,-
874,awlwaiz=13
875,awlwaiz=13
875,{aw}lwaiz=13
876,{aw}(l)waiz=13
876,{aw}(l)wAz=14
877,awlwaiz=13
877,awlwAz=14
877,aw[l]waiz=13
878,{aw}lwaiz=13
879,{aw}lwaiz=13
880,aw(l)wez=13
881,-
882,aw(l)wIz=14
883,awlwaiz=13
883,awlwAz=14
883,{aw}(l)wAz=14
884,-
885,awlwaiz=13
886,awlwAz=14
886,aw[l]waiz=13
887,awlwaiz=13
888,{o}[l]w{ai}z=13
889,awlwaiz=13
890,aw[l]waiz=13
891,awlwai{z}=13
892,awlwIz=14
893,-
894,awlwaiz=13
895,aw(l)wAz=14
896,-
897,-
898,-
899,olwai{z}=13
900,aw(l)wIz=14
901,aw(l)waiz=13
902,awlwaiz=13
903,aw(l)waiz=13
904,awlwIz=14
905,aw(l)wIz=14
906,awlwaiz=13
907,{aw}lw{ai}z=13
908,awlwaiz=13
909,awlwaiz=13
910,awlwaiz=13
910,aw(l)waiz=13
911,awlwAz=14
