Informant,Response
001,nuthN=14
002,nathN=14
003,nuthN=14
004,nuthN=14
005,nuthN=14
006,n{oo}thN=14
007,nuthN=14
008,nuthN=14
009,nuthN=14
010,nuthN=14
011,nethN=14
012,nuthN=14
013,nuthN=14
014,nuthN=14
015,nuthNG=14
016,nuthing=13
017,nuthN=14
018,nothN=14
019,nothN=14
020,nuthNG=14
021,-
022,nuthNG=14
023,nothN=14
023,nuthN=14
024,nuthN=14
025,nothN=14
025,nuthN=14
026,nuthN=14
027,nuthN=14
028,nu{dh}NG=14
029,nuthN=14
030,nuthN=14
031,nuthN=14
032,nuthN=14
033,nudhN=14
034,nuthN=14
035,nuthNG=14
036,nuthN=14
037,nuthN=14
038,nuthN=14
039,nuthN=14
040,nuthN=14
041,nuthN=14
042,nuthN=14
043,nuthN=14
044,nothN=14
045,nuthN=14
046,nuthN=14
047,-
048,nuthN=14
049,nuthN=14
050,nuthN=14
051,nuthNG=14
052,nuthN=14
053,nuthN=14
054,-
055,nuthN=14
056,nuthN=14
057,nuthN=14
057,nuthNG=14
058,nuthN=14
059,nuthN=14
060,nuthNG=14
061,nuthN=14
062,nuthN=14
063,nuthN=14
064,nuthN=14
065,nuthN=14
066,nuthN=14
066,nu{t}N=14
067,nuthNG=14
068,-
069,nuthN=14
070,-
071,nuthN=14
072,nuthN=14
073,nuthN=14
074,nuthN=14
075,nuthN=14
075,nuthNG=14
076,nuthing=13
077,nuthN=14
078,nuthN=14
079,nuthNG=14
080,nuthN=14
081,nothN=14
081,nuthN=14
082,nuthin=13
083,nuthin=13
084,nuthN=14
085,nuthNG=14
086,nuthN=14
087,nuthN=14
088,nuthN=14
089,-
090,nuthN=14
091,nethN=14
092,-
093,-
094,nuthN=14
095,nuthN=14
096,nuthN=14
097,nuthNG=14
098,nudhN=14
098,nuthN=14
099,nuthN=14
100,nuthN=14
101,nuthNG=14
102,-
103,nuthN=14
104,nuthNG=14
105,nuthN=14
106,nuthN=14
107,nuthin=13
108,nuthN=14
109,nuthN=14
110,nuthN=14
111,nuthN=14
112,nuthN=14
113,nuthN=14
114,nuthN=14
115,nuthN=14
116,nuthN=14
117,nuthN=14
118,nuthNG=14
119,nuthN=14
120,nuthN=14
120,nuthNG=14
121,nuthN=14
122,nuthN=14
123,nuthN=14
124,nuthN=14
125,nuthN=14
126,nuthN=14
127,nuthN=14
128,n{oo}thN=14
128,nuthN=14
129,nuthN=14
130,nuthN=14
131,nuthN=14
132,nuthN=14
133,nuthN=14
134,nuthN=14
134,nutN=14
135,nuthN=14
136,nuthN=14
137,nuthNG=14
138,nothN=14
139,nuthN=14
140,nuthN=14
141,nuthN=14
142,nuthN=14
143,nuthN=14
144,nuthN=14
144,nuthNG=14
145,nuthN=14
145,nu{t}N=14
146,nuthN=14
147,nuthN=14
147,nuthNG=14
148,nuthN=14
149,nutN=14
150,nuthN=14
151,nuthN=14
152,nuthN=14
153,nuthN=14
154,nuthN=14
155,nuthNz=14
156,nufN=14
156,nuthN=14
156,nu(th)n
157,nuthN=14
158,-
159,-
160,nuthN=14
161,nuthN=14
162,nuthN=14
163,nuthN=14
163,nuthNG=14
164,nuthN=14
165,nuthN=14
166,nuthN=14
167,nuthNG=14
168,nuthN=14
169,nuthN=14
170,nuthN=14
171,nuthNG=14
172,nuthN=14
173,-
174,-
175,nuthN=14
176,nuthN=14
177,nuthN=14
178,nuthN=14
178,nutN=14
179,nuthN=14
179,nu{t}N=14
180,nuthN=14
181,nuthN=14
181,nuthNG=14
182,nuthNG=14
183,nuthN=14
184,nuthN=14
185,nuthNG=14
186,nuthN=14
187,nuthN=14
188,nuthN=14
188,nutN=14
189,nuthN=14
190,nuthN=14
190,nu{t}N=14
191,nuthNG=14
191,nutN=14
192,nuthin=13
192,nuthN=14
193,nuthN=14
194,nuthN=14
195,nuthNG=14
196,-
197,-
198,nuthN=14
199,nuthN=14
199,nutN=14
200,nuthN=14
201,nuthN=14
202,-
203,-
204,-
205,nuthN=14
206,nuthN=14
207,nuthN=14
208,-
209,-
210,nuthN=14
211,nuthN=14
212,-
213,nuthNG=14
214,nuthNG=14
215,nuthN=14
216,nuthN=14
217,nuthN=14
218,nuthN=14
219,nuthN=14
219,nuthNG=14
220,nuthN=14
221,nothN=14
222,nothN=14
222,nuthN=14
223,nuthN=14
224,nuthN=14
225,nuthN=14
226,nufN=14
226,nuthN=14
227,nuthNG=14
227,nu(th)N=14
228,nuthin=13
229,nufN=14
229,nuthN=14
230,-
231,nuthN=14
232,nothN=14
232,nuthNG=14
233,nuthN=14
233,nutN=14
234,nuthN=14
235,nuthN=14
236,nuthN=14
237,nuthN=14
238,nuthN=14
239,nuthN=14
240,nuthNG=14
241,nuthN=14
242,nuthN=14
243,nuthN=14
244,nuthN=14
245,nuthNG=14
246,nuthN=14
247,nuthN=14
247,nuthNG=14
248,nuthN=14
248,nuthNG=14
249,nuthN=14
249,nuthNG=14
250,nuthN=14
251,nuthN=14
252,nuthNG=14
253,-
254,nuthN=14
255,nuthNG=14
256,nuthN=14
257,nuthN=14
258,nuthN=14
258,n{oo}thN=14
259,-
260,-
261,nuthNG=14
262,-
263,nuthN=14
264,nuthNG=14
265,nuthN=14
265,nuth[N]=14
266,nuthing=13
267,nuthN=14
268,nuthN=14
269,nuthN=14
270,nuthNG=14
271,nuthN=14
272,nuthNG=14
273,nuthNG=14
274,nuthN=14
275,-
276,nuthN=14
277,nuthN=14
278,nuthNG=14
279,nuthN=14
279,nuthNG=14
280,nuthN=14
281,nuthN=14
281,nutN=14
282,-
283,nuthN=14
284,nuthNG=14
285,-
286,nuthN=14
287,nuthN=14
288,nu{t}N=14
289,nuthN=14
290,nuthing=13
291,nothN=14
291,nuthN=14
292,nuthN=14
293,nuthN=14
294,nuthN=14
295,nuthN=14
296,nuthNG=14
297,nuthing=13
298,nuthN=14
299,nuthN=14
300,nuthN=14
301,nuthN=14
302,nuthN=14
303,nethN=14
303,nuthN=14
303,nutN=14
304,nuthN=14
305,-
306,nuthN=14
307,nuthNG=14
308,nuthN=14
308,nuthNG=14
309,-
310,-
311,nuthNG=14
312,nuthing=13
313,nuthN=14
314,nuthN=14
315,nuthN=14
316,-
317,nuthN=14
318,nuthN=14
319,nuthN=14
320,nuthN=14
321,nuthN=14
322,nuthN=14
323,nuthNG=14
324,nuthN=14
325,nuthN=14
325,nutN=14
326,nutN=14
327,nuthNG=14
328,nuthNG=14
329,nuthN=14
330,nuthN=14
331,nuthN=14
332,nuthN=14
333,nuthN=14
334,nuthN=14
335,-
336,nuthN=14
336,nuthNG=14
337,-
338,nuthN=14
339,nuthN=14
340,nuthN=14
341,nuthN=14
342,nuthN=14
342,nuthNG=14
343,nuthN=14
343,nuthNG=14
344,nuthN=14
345,nuthN=14
346,nuthN=14
346,nuthNG=14
347,nuthN=14
347,nutN=14
348,nuthN=14
349,nuthN=14
350,-
351,nuthNG=14
352,nuthN=14
353,nuthN=14
354,nuthN=14
355,-
356,nuthNG=14
357,nuthN=14
357,nuthNG=14
358,nuthN=14
359,nuthN=14
360,nuthN=14
361,-
362,nuthN=14
363,nuthN=14
364,nuthN=14
365,-
366,nuthNG=14
367,nuthN=14
367,nuthNG=14
368,nuthN=14
369,nuthN=14
370,nuthN=14
371,nuthN=14
372,-
373,nudhN=14
373,nuthN=14
374,nuthNG=14
375,nuthNG=14
376,nuthN=14
377,nuthN=14
378,nuthN=14
379,-
380,nuthN=14
381,-
382,-
383,nuthNG=14
384,nuthN=14
385,-
386,nuthN=14
387,nuthN=14
388,nuthN=14
389,nuthN=14
390,nuthN=14
391,nuthN=14
391,nuthNG=14
392,nuthN=14
393,nuthN=14
394,nuthN=14
395,nuthN=14
395,nuthNG=14
396,nuthN=14
397,nuthN=14
398,nuthN=14
399,nudhN=14
400,nuthN=14
401,nuthN=14
402,nuthN=14
403,nuthN=14
404,nuthN=14
405,nuthN=14
406,nuthN=14
406,nutN=14
407,nuthN=14
408,nuthN=14
408,nutN=14
409,nuthN=14
410,nuthN=14
411,nuthN=14
412,nuthN=14
413,-
414,nudhNG=14
414,nuthNG=14
415,nuthN=14
416,nuthN=14
417,nuthN=14
418,nuthN=14
418,nuthNG=14
419,nuthN=14
420,nothN=14
421,nuthN=14
422,nuthN=14
423,nuthNG=14
424,nuthN=14
425,-
426,nuthN=14
427,nuthN=14
428,nuthN=14
429,nuthNG=14
430,-
431,nuthN=14
432,nuthN=14
433,nuthN=14
434,nuthN=14
435,nuthN=14
435,nuthNG=14
436,nuthN=14
437,nuthN=14
438,nuthN=14
439,n{oo}thN=14
439,nuthN=14
440,-
441,nuthN=14
442,nuthN=14
443,nuthN=14
444,nuthN=14
445,nuthN=14
446,n{oo}thN=14
446,nuthN=14
447,nuthN=14
448,nuthN=14
449,nuthN=14
450,noth[N]=14
450,nuthN=14
451,nuthN=14
452,-
453,nuthN=14
454,nuthN=14
455,-
456,-
457,nuthNG=14
458,-
459,nuthN=14
460,nuthin=13
460,nuthN=14
461,nuthN=14
461,nutN=14
462,nuthN=14
463,nuthN=14
464,nuthN=14
465,nuthN=14
466,nuthN=14
467,nuthN=14
468,nuthN=14
469,nuthN=14
470,nuthN=14
471,nuthN=14
472,nuthN=14
473,nuthN=14
473,nutN=14
474,nuthN=14
475,nuthN=14
475,nuthNG=14
476,nuthN=14
476,nuthNG=14
477,nuthin=13
478,nufN=14
478,nuthN=14
478,nutN=14
479,nuthN=14
480,nuthN=14
481,nuthN=14
482,nuthN=14
483,nuthN=14
484,nuthN=14
485,nutheng=13
485,nuthN=14
486,nuthN=14
487,nuthN=14
488,nuthN=14
489,nuthN=14
490,nuthNG=14
491,nuthN=14
492,nuthN=14
493,nuthN=14
494,-
495,nuthN=14
496,nuthN=14
497,nuthN=14
498,nuthN=14
499,nuthNG=14
500,nuthN=14
501,nuthN=14
502,nuthN=14
503,nuthN=14
504,nuthN=14
505,nithN=14
505,nuthN=14
506,nuthN=14
507,nuthN=14
508,nuthNG=14
509,nuthN=14
510,nuthN=14
510,nutN=14
511,nuthNG=14
512,nuthN=14
513,nuthN=14
514,nudhN=14
514,nuthN=14
515,nuthNG=14
516,nuthN=14
517,-
518,-
519,nuthNG=14
520,nuthN=14
521,nuthNG=14
522,nuthN=14
523,-
524,nuthN=14
524,nutN=14
525,nuthN=14
526,nuthN=14
526,nuthNG=14
527,nuthN=14
528,nuthN=14
529,-
530,-
531,nuthN=14
532,nuthN=14
533,nuthN=14
534,nuthN=14
534,nutN=14
535,notN=14
535,nuthN=14
536,nuthN=14
537,nuthN=14
538,-
539,nuthN=14
540,nuthN=14
541,-
542,nuthN=14
543,nuthNG=14
544,nuthN=14
545,nuthNG=14
546,nuthN=14
547,nuthN=14
547,nuthNG=14
548,nuthN=14
549,nuthN=14
550,nuthN=14
551,nuthN=14
552,-
553,nuthNG=14
554,nuthN=14
555,nuthN=14
556,nuthN=14
557,nuthN=14
558,nuthN=14
559,nuthN=14
560,nuthN=14
561,nutN=14
561,nuthN=14
562,nuthN=14
563,nothN=14
564,nuthN=14
565,nuthN=14
566,nuthN=14
567,nuthNd=14
568,nuthN=14
569,nuthN=14
570,nuthN=14
571,nutN=14
571,nuthN=14
572,nuthN=14
573,nuthN=14
574,nuthN=14
575,nuthN=14
576,-
577,nuthN=14
578,nuthN=14
579,-
580,nuthN=14
581,nutN=14
581,nuthNG=14
582,nuthN=14
583,nuthN=14
584,nuthN=14
585,nuthN=14
586,nuthN=14
587,nuthN=14
588,nutN=14
588,nuthN=14
589,nuthN=14
590,nuthN=14
591,nuthN=14
592,nuthN=14
593,nuthN=14
594,nuthN=14
595,nuthN=14
596,nuthN=14
597,nutN=14
597,nuthN=14
598,nuthN=14
599,nuthNG=14
600,nuthN=14
601,-
602,nuthN=14
603,nuthN=14
604,nuthN=14
605,nuthN=14
606,nuthN=14
606,nuthNG=14
607,nuthN=14
608,nutN=14
608,nuthN=14
609,nutN=14
609,nuthN=14
610,nuthN=14
610,nu{t}N=14
611,-
612,nufN=14
613,-
614,-
615,-
616,nuthN=14
617,nudhN=14
617,nutN=14
618,nuthNG=14
619,nuthN=14
619,nutN=14
620,no{p}M=14
620,noth[N]=14
621,nutN=14
621,nuthN=14
622,nuthN=14
623,nuthN=14
624,nuthN=14
625,nuthN=14
626,-
627,nuthN=14
628,nuthN=14
629,nuthN=14
630,nutN=14
630,nuthN=14
631,nuthN=14
631,nuthNG=14
632,-
633,-
634,nuthN=14
635,-
636,nuthN=14
637,nuthN=14
638,nuthN=14
639,nutN=14
639,nuthN=14
640,nudhNG=14
640,nudN=14
641,nuthN=14
642,nuthN=14
643,nuthNG=14
644,-
645,nuthN=14
646,nuthN=14
646,nuthNG=14
647,nudN=14
648,nuthN=14
649,nutN=14
650,nuthN=14
651,nuthN=14
652,nuthN=14
652,nuthNG=14
653,nuthN=14
653,nutN=14
654,nuthNG=14
655,nuthNG=14
656,nutN=14
656,nuthN=14
656,nuthNG=14
657,nuthN=14
657,nuthNG=14
657X,nuthNG=14
657Y,nuthNG=14
657Z,nothNG=14
657Z,nuthN=14
658,nothNG=14
659,nuthN=14
660,nuthN=14
661,nuth[N]=14
662,nuthN=14
663,nutN=14
663,nuthN=14
663,nuthNG=14
664,nutN=14
664,nuthN=14
665,nutN=14
665,nuthN=14
666,nutN=14
666,nuthN=14
667,nutN=14
668,nuthN=14
669,nuthN=14
670,nuthN=14
671,-
672,nut{?}N=14
672,nuthN=14
673,nuthN=14
674,nuthN=14
675,nuthN=14
676,-
677,nuthN=14
678,nuthN=14
679,nuthN=14
680,nuthN=14
681,nutN=14
681,nuthN=14
682,nuthN=14
682,nuthNG=14
683,nuthN=14
684,nuthN=14
685,nuthN=14
685,nuthNG=14
686,nuthN=14
687,nuthN=14
688,nuthN=14
688,nuthNG=14
689,nuthNG=14
690,-
691,nuthN=14
692,nuthN=14
693,nuthNG=14
694,nuthN=14
695,nuthNz=14
696,nuthN=14
697,-
698,nuthN=14
699,nuthN=14
700,nuthN=14
701,nuthN=14
702,nuthN=14
703,nuthN=14
704,nuthN=14
705,nuthN=14
706,nuthN=14
707,nuthN=14
708,nuthNG=14
709,nuthNG=14
710,nothN=14
711,nuthNG=14
712,nuthNG=14
713,nothN=14
714,nutN=14
714,nuthN=14
715,nuthN=14
716,nuthN=14
717,nuthN=14
718,nuthN=14
718,nuthNG=14
719,nuthN=14
720,nuthNG=14
721,nuthN=14
721,nuthNG=14
722,nuthN=14
723,nuthN=14
724,-
725,nuthN=14
725,nuthNG=14
726,nuthin=13
727,nuthN=14
728,nuthN=14
729,nuthN=14
730,-
731,nuthN=14
732,nuthN=14
733,nuthN=14
734,nuthN=14
735,nuthNG=14
736,-
737,nuthN=14
738,nuthN=14
739,-
740,nuthN=14
741,nuthN=14
741,nuthNG=14
742,nuthN=14
743,-
744,nuthN=14
745,nuthN=14
746,-
747,-
748,nuthN=14
749,nuthNG=14
750,nuthN=14
751,-
752,nuthN=14
753,nuthN=14
753,nuthNG=14
754,-
755,nuthN=14
756,nuthN=14
757,nuthN=14
758,n{oo}thN=14
759,nuthN=14
760,nutN=14
760,nuthN=14
761,nuthN=14
762,nuthN=14
763,nuthN=14
764,nuthN=14
765,nuthN=14
766,nutN=14
766,nuthN=14
767,nuthN=14
768,nuthN=14
769,nuthN=14
770,nuthN=14
771,nuthN=14
772,nutN=14
772,nuthN=14
773,nuthN=14
773,nu{t}N=14
774,nuthN=14
775,nuthN=14
776,nuthing=13
776,nuthN=14
777,nutN=14
777,nuthN=14
778,nuthN=14
779,nuthN=14
780,nuthN=14
781,nuthN=14
782,nuthN=14
783,nuthN=14
784,nuthN=14
785,nuthNG=14
786,nuthN=14
787,nuthN=14
788,noth[N]=14
788,nutN=14
788,nuthNG=14
789,nuthN=14
790,nuthN=14
791,nutN=14
792,nuthN=14
793,nuthN=14
794,nuthN=14
795,nuthN=14
796,nuthN=14
797,nuthN=14
797,nu{d}N=14
798,nuthN=14
799,nuthN=14
800,nuthN=14
801,nuthN=14
802,nuthN=14
803,nuthN=14
804,nuthN=14
805,nutNG=14
806,-
807,nudhN=14
808,-
809,nuthN=14
810,nuthN=14
810,nu{t}N=14
811,nutN=14
812,nothNG=14
812,nuthNG=14
813,nutN=14
813,nuthN=14
814,nuthN=14
815,nuthN=14
816,nuthN=14
817,nuthN=14
818,nutN=14
819,nuthN=14
820,nuthin=13
821,nuthN=14
822,-
823,nuthN=14
824,-
825,-
826,nuthNG=14
827,nuthing=13
828,nuthN=14
829,nuthN=14
830,nuthing=13
830,nuthN=14
831,nuthNG=14
832,nuthN=14
833,-
834,nuthNG=14
835,-
836,nuthN=14
837,-
838,nuthN=14
839,nuthN=14
840,nuthN=14
841,-
842,nuthN=14
842,nuthNG=14
843,nuthing=13
844,nuthN=14
844,nuthNG=14
845,nuthN=14
846,nuthN=14
847,nuthN=14
848,nuthN=14
849,nuthN=14
850,nuthN=14
851,nuthN=14
852,nuthN=14
853,nuthN=14
854,-
855,nuthN=14
856,nuthN=14
857,nuthN=14
857,nuthNG=14
858,nuthN=14
859,nuthing=13
860,nuthNG=14
861,nuthing=13
861,nuthN=14
862,nuthN=14
863,-
864,nuthN=14
865,nuthN=14
866,nutN=14
867,nuthN=14
867,nuthNG=14
868,nuthN=14
869,-
870,nuthNG=14
871,nuthNG=14
872,nuthN=14
873,nuthN=14
874,nuthing=13
875,nuthN=14
876,nuthing=13
876,nuthN=14
877,nuthN=14
878,nuthNG=14
879,nuthN=14
880,nuthin=13
881,nuthNG=14
882,nuthN=14
882,nu{t}N=14
883,nuthN=14
883,nuthNG=14
884,-
885,nuthNG=14
886,nuthN=14
886,nu{t}N=14
887,nuthN=14
888,nuthNG=14
889,nuthN=14
890,nuthN=14
891,nuthNG=14
892,nuthN=14
893,-
894,nuthNG=14
895,nuthNz=14
896,nuthN=14
896,nuthNG=14
897,nothNG=14
898,-
899,nuthNG=14
900,-
901,-
902,nuthN=14
902,nuthNG=14
903,nuthN=14
904,nuthN=14
905,-
906,nuthN=14
906,nuthNG=14
907,nuthNG=14
908,nuthNG=14
909,-
910,nuthN=14
910,nuthNG=14
911,nuthN=14
