Informant,Response
001,sampN=14
002,sumthNG=14
003,-
004,sumpM=14
005,sumthing=13
006,sumthN=14
007,sumthN=14
008,sumthNG=14
009,sumthN=14
010,somthN=14
011,sumthN=14
012,sumpthN=14
013,sumthing=13
014,sumthNG=14
015,sumthN=14
016,sumthNG=14
017,sumpthN=14
018,sumthN=14
019,sumthN=14
020,sumthNG=14
021,-
022,sumthN=14
022,sumthNG=14
023,sumthN=14
024,sumthN=14
025,sumpM=14
025,sumthN=14
026,-
027,sumpM=14
027,sumthN=14
028,somthing=13
029,sumthN=14
030,sumpthN=14
030,sumthN=14
031,sumthing=13
032,somthN=14
033,sumthing=13
034,sumthN=14
035,sumthNG=14
036,sumpM=14
036,sumthN=14
037,sumpM=14
037,sumpthN=14
038,sumpM=14
038,sumpthNG=14
039,sumpM=14
040,sumthN=14
041,somthN=14
042,sumpM=14
042,sumthN=14
043,sumthin=13
044,-
045,-
046,sumpthing=13
047,sumpM=14
048,sumpM=14
049,sumpM=14
049,sumthN=14
050,sumthN=14
051,sumpM=14
051,sumthNG=14
052,som(th)M=14
053,sumthN=14
054,-
055,sumpM=14
055,su[m]thN=14
056,sumthNG=14
056,su[m]thN=14
057,sumthNG=14
058,sumthing=13
058,sumthN=14
059,sumpM=14
060,sumthing=13
061,sumpthN=14
062,sumthN=14
063,sumpM=14
064,sumpthN=14
064,sump{?}M=14
065,sumthN=14
066,sumpthN=14
067,sumpthNG=14
068,sumpM=14
068,sumpthN=14
069,sumthN=14
070,sumthN=14
071,sumthN=14
072,sumthN=14
073,sumthN=14
074,sumpM=14
075,sumpM=14
075,sumthN=14
076,sumpthNG=14
076,sumthN=14
077,somtNG=14
077,sum{?}M=14
078,sumpM=14
078,sumthNG=14
079,sumthNG=14
080,sumpM=14
080,sumthNG=14
081,sumthN=14
082,sumpM=14
083,sumpM=14
084,sum(thNG)
085,sumthNG=14
086,sumthNG=14
087,sumthN=14
088,sumpthN=14
088,sumthN=14
089,sumpthN=14
089,sumpthNG=14
090,sumthNG=14
091,sumthN=14
092,sumthN=14
093,sumthN=14
093,thomthN=14
094,sumpN=14
094,sumthNG=14
095,somp{?}M=14
095,somthN=14
095,sumpthN=14
096,sumpM=14
096,sumthN=14
097,sumpthing=13
097,sumpthN=14
098,sumpthN=14
098,sumthN=14
098,su(m){?}M=14
099,sumpM=14
099,sumpthN=14
100,sumpM=14
100,sumthN=14
101,sumthNG=14
102,sumthNG=14
103,sumthN=14
103,sumthNG=14
104,sumthNG=14
105,sumpM=14
105,sumthN=14
105,su{?}thN=14
106,sumthNG=14
107,sumpM=14
107,sumpthN=14
108,sumthN=14
109,sumthN=14
110,sumthN=14
111,sumpN=14
111,sumthNG=14
112,-
113,sumpM=14
114,sumpM=14
115,sum(th)M=14
116,-
117,-
118,sumpthNG=14
119,sumthN=14
120,sumthN=14
120,sumthNG=14
121,sumthN=14
122,sumthN=14
123,sumthN=14
124,sump{?}M=14
125,sumpN=14
126,somthN=14
127,sumpM=14
127,sumthN=14
128,sumpM=14
129,sumthN=14
130,sumthNG=14
131,sumthN=14
132,sumpM=14
133,sumthN=14
134,su[m]pM=14
135,sumthN=14
135,sumpthNG=14
136,sumpM=14
136,sumthNG=14
137,sumpM=14
137,sumpthN=14
138,sumpthNG=14
139,sumpthN=14
139,sumpthNG=14
140,sumthN=14
141,sumpM=14
141,sumthN=14
142,sumpM=14
142,sumpthN=14
143,sumthN=14
143,sumthNG=14
144,sumpthNG=14
144,sumthN=14
145,sumpM=14
145,sumthN=14
146,sumthN=14
146,sumthNG=14
147,sumpM=14
147,sumthN=14
148,sumpthN=14
148,sumpthNG=14
149,sumpthN=14
149,sumthN=14
150,sumpM=14
151,sumpM=14
152,sumpthN=14
153,-
154,sumthN=14
155,sumthing=13
156,sumthN=14
157,sumthN=14
158,-
159,sumpthN=14
160,sumpM=14
161,sumthN=14
161,sumthNG=14
162,sumtheng=13
163,sumthNG=14
164,sumthN=14
165,-
166,sumpthN=14
167,sumpM=14
167,sumthN=14
167,sumthNG=14
168,-
169,sum{?}N=14
170,sump{?}M=14
170,sumthN=14
171,sumpM=14
171,sumthN=14
172,sumpM=14
173,sumpM=14
174,sumpM=14
175,sumthN=14
176,sumpthN=14
177,sumfN=14
177,sumthing=13
178,sumpM=14
179,sumpM=14
180,sumpthN=14
181,sumthN=14
181,sumthNG=14
182,-
183,sumpM=14
183,sumthN=14
184,sumpM=14
185,sumthN=14
185,sumthNG=14
186,sumthN=14
187,-
188,sumthN=14
189,sumthN=14
190,sumpM=14
191,sumthN=14
191,sumthNG=14
192,sumthN=14
192,sumthNG=14
193,sump{?}M=14
194,sump{?}M=14
195,sumthN=14
196,sumpM=14
197,sumpM=14
198,sumpM=14
199,sum(th)M=14
199,su[m](th)M=14
200,sumpthN=14
200,sumthN=14
201,sumpthN=14
202,sumthN=14
203,sumpthN=14
203,sumthN=14
204,sumthing=13
205,sumthN=14
206,sumpM=14
207,sumpM=14
208,-
209,sumthN=14
210,sumpM=14
210,sumthN=14
211,sumpM=14
211,sumthN=14
212,sumthN=14
213,sumpM=14
213,sumthNG=14
214,sumthing=13
214,sumthNG=14
215,sumpM=14
216,sumthing=13
217,sumthing=13
218,sumthing=13
219,sompM=14
219,sumpM=14
220,sumpthN=14
220,sumpthNG=14
220,su[m]{?}M=14
221,sumthN=14
222,sumpM=14
223,sumpM=14
224,sum(th)M=14
224,s{oo}bM=14
225,sumpM=14
226,sumthing=13
227,sumthen=13
227,su[m]thN=14
228,sumpthing=13
229,somthN=14
229,sumpM=14
229,su[m]thN=14
230,sumpM=14
231,sumthNG=14
232,somthNG=14
232,sumthNG=14
233,sump{?}M=14
233,sumthN=14
234,-
235,sumpthN=14
236,sumpthN=14
237,sumpM=14
237,sumpthN=14
238,sumthN=14
239,sumpM=14
239,sumthNG=14
240,sumthNG=14
241,sumpM=14
241,sumpthN=14
242,sumthNG=14
243,sumpthN=14
244,sumpM=14
244,sumthNG=14
245,sumpM=14
245,sumthNG=14
246,sumthN=14
247,sumpM=14
247,sumthNG=14
248,sumpM=14
248,sumpthN=14
248,sumpthNG=14
249,sumpthN=14
249,sumpthNG=14
249,su[m]{?}M=14
250,sumpM=14
251,sumpM=14
251,sumthN=14
252,sumpM=14
253,sumthN=14
254,sumthNG=14
255,sumthing=13
256,sumpM=14
257,sumpM=14
258,sumpM=14
259,sumthN=14
259,sumthNG=14
259,sum(th)N=14
260,sump{?}M=14
261,sumthing=13
262,sump{?}M=14
263,sumthN=14
264,sumthN=14
265,sumpN=14
266,sumpM=14
266,sumthing=13
267,sumpM=14
268,sumthN=14
268,su[m]thN=14
269,sumpthN=14
270,sumthN=14
270,sumthNG=14
271,sumthN=14
272,sumthNG=14
273,sumthing=13
274,sumthing=13
275,sumpN=14
276,sumthN=14
277,sumpthNG=14
277,sumptNG=14
278,sumthing=13
279,sumthNG=14
280,sumpthN=14
280,sumthN=14
281,sumpM=14
281,sumthing=13
282,-
283,sumpthN=14
284,sompM=14
284,sumpthNG=14
285,sumpthing=13
285,sumthing=13
286,sumpM=14
286,sumthN=14
287,sumthNG=14
288,sumpM=14
288,sumthN=14
289,sumpM=14
289,sumthN=14
290,sumpM=14
290,sumthN=14
291,sumthNG=14
292,sumthN=14
293,sumpthN=14
294,sumthN=14
294,sumthNG=14
295,sumpthN=14
296,sumpthNG=14
296,sumthN=14
297,sumthing=13
298,sumthN=14
299,sump(th)N=14
300,sumthN=14
300,sumthNG=14
301,sumpM=14
302,sumthing=13
303,sumpM=14
303,sumthN=14
304,sumpthing=13
304,sumpthN=14
304,sumpthNG=14
305,sumthN=14
306,sumthN=14
307,sump{?}M=14
308,sumthN=14
308,sumthNG=14
309,sumpdhN=14
309,sumthN=14
310,sumpM=14
310,sumthN=14
311,sump{?}M=14
312,sumthNG=14
313,sumthNG=14
314,sumthN=14
315,sumpthN=14
316,sump{?}N=14
317,sumpthN=14
318,sump{?}M=14
319,sumpM=14
320,sumthN=14
321,sumpthN=14
322,sumthN=14
322,sumthNG=14
323,sumpthNG=14
324,sumthN=14
325,sumpthN=14
326,sumpthN=14
326,sumthN=14
327,sumpN=14
327,sumpthN=14
328,sumthing=13
329,sumthNG=14
329,su[m]thing=13
330,sumpM=14
330,sumthN=14
331,sumpN=14
331,sumpthN=14
332,sumpthN=14
332,sumptin=13
332,su(m){?}N=14
333,sumpM=14
334,sumthN=14
335,sumthN=14
336,sump{?}M=14
336,sumthN=14
337,-
338,sumthN=14
339,sumpthN=14
340,sumpM=14
341,sumpM=14
341,sumthN=14
342,su(m)bM=14
342,sumpthN=14
342,sumthNG=14
343,sumthN=14
344,sump{?}M=14
345,sumthN=14
346,somthNG=14
346,sumpthNG=14
347,sumpthN=14
348,sumthN=14
348,sump{?}M=14
349,sumpM=14
349,sum(th)N=14
350,sumthNG=14
351,sumthNG=14
352,sumthN=14
352,sumthNG=14
353,sumpM=14
353,sumthing=13
354,sumthN=14
355,sumpM=14
355,sumthN=14
356,sumpthN=14
357,sumthing=13
357,sumthN=14
357,sumthNG=14
358,sumthN=14
359,sumpM=14
359,sumthN=14
360,sumpM=14
360,sumpthN=14
361,sumpthN=14
361,sumthing=13
362,sumthN=14
363,sumpthN=14
363,sump{?}M=14
364,sumpM=14
364,somthNG=14
365,sumpN=14
366,sumpM=14
366,sumthing=13
367,sumthing=13
367,sumthN=14
368,sumthN=14
369,sumthN=14
370,sumthN=14
371,-
372,sumpM=14
373,sumthN=14
373,sumthNG=14
374,sumpM=14
374,sumthing=13
375,sumthNG=14
376,sump{?}N=14
377,sumpM=14
378,sumthN=14
378,sumthNG=14
379,sumthN=14
380,sumpM=14
381,sumthN=14
382,sumpM=14
382,sumpthN=14
383,sumthNG=14
384,sumpthN=14
384,sumpthNG=14
385,sumthN=14
385,sumthNG=14
386,sumthN=14
386,sumthNG=14
387,sumpM=14
387,sumthN=14
388,sumthN=14
389,sumpM=14
389,sumpthN=14
390,sumthN=14
391,sumthN=14
391,sumthNG=14
392,sumpM=14
392,sum(thNG)
393,sumpthN=14
393,su(m){?}M=14
394,sumpthN=14
394,sumthN=14
394,sumthNG=14
395,sumpM=14
395,sumthing=13
395,sumthN=14
396,sumpM=14
396,sum(thNG)
397,sumthN=14
398,sumpM=14
398,sumthin=13
399,sumpM=14
399,sumthN=14
400,sumpM=14
400,sumthN=14
400,sumthNG=14
401,sumpM=14
402,sumpN=14
402,sumthN=14
403,sumpM=14
403,sumthNG=14
403,su(mth)M=14
404,somthN=14
404,sumdhN=14
405,sumpM=14
405,sumthN=14
406,sumthN=14
407,sumthing=13
407,sumthN=14
408,sumpM=14
408,sumthN=14
409,sumpM=14
409,sumthN=14
410,sumthNG=14
411,sompthN=14
411,sumpM=14
411,sumpthN=14
412,sumpthN=14
413,sumpthNG=14
414,sumpthNG=14
414,sumthNG=14
414,sum(thNG)
415,sumpM=14
415,sumpthN=14
416,sumpM=14
416,sumthNG=14
417,sumpM=14
417,sumthN=14
418,sumthNG=14
419,sumpM=14
420,sumpM=14
421,sumpM=14
421,su[m]thNG=14
422,sump{?}M=14
423,sumpM=14
423,sumthNG=14
424,sumthN=14
425,-
426,sumpM=14
426,sump{?}M=14
427,sumthN=14
428,sumpthN=14
428,sumpthNG=14
429,sumthNG=14
430,-
431,sump{?}M=14
432,sumthN=14
433,sumthN=14
434,sumpM=14
435,sumpM=14
436,sumpthN=14
436,sump{?}M=14
437,sumthN=14
437,sumthNG=14
438,sumpM=14
439,sumthN=14
440,sumpthN=14
441,sump{?}N=14
442,sumpthN=14
442,sump{?}N=14
443,sumpthN=14
443,sump{?}M=14
444,sumpM=14
445,sumthN=14
446,sumthN=14
447,sumpM=14
448,sumthN=14
449,sumpthNG=14
449,sumthNG=14
450,sompM=14
451,sompM=14
452,sumthing=13
453,sumpM=14
454,sumthing=13
454,sumthN=14
455,sump{?}M=14
456,sumpN=14
456,sumpthN=14
456,sumthNG=14
457,sump{?}M=14
457,sumthNG=14
458,sumpM=14
458,sumthing=13
459,-
460,sumpthN=14
460,sunthN=14
461,sumpthN=14
462,sum{?}M=14
462,su(m){?}M=14
463,sumthN=14
464,sumpM=14
465,sump{?}M=14
466,sumthN=14
467,sumthN=14
468,sumthN=14
469,sump{?}M=14
470,sump{?}M=14
471,sumpN=14
472,sumthNG=14
473,sumpM=14
473,sump{?}M=14
474,sumthN=14
475,sumthN=14
475,sumthNG=14
476,sumpM=14
476,sumpthN=14
477,sumthing=13
477,sumthN=14
478,sumpM=14
478,sumthN=14
479,sumpM=14
480,sumthing=13
480,sumthN=14
481,sumpM=14
482,sumpM=14
482,sumthN=14
483,sumpM=14
483,sumthN=14
484,sumthN=14
485,sumthNG=14
486,sumpM=14
486,sumthN=14
487,sumpthN=14
488,sump{?}M=14
489,sumpbM=14
489,sumpM=14
489,sumpthN=14
490,sumpthN=14
491,-
492,sumpN=14
492,sumthN=14
493,sumpM=14
493,sumpthN=14
494,sump{?}N=14
495,sumpM=14
495,sumpthN=14
496,sumthN=14
497,sumpthNG=14
498,sumthN=14
499,sumpthNG=14
500,sumthN=14
501,sumpM=14
501,sumpthN=14
502,sumthN=14
503,sumpM=14
503,su(m)pthN=14
504,sumthNG=14
505,sumpM=14
505,sumthN=14
506,sumpM=14
506,sumthN=14
507,sumpthN=14
507,sumthN=14
508,sumpN=14
508,sumthN=14
509,sumpthN=14
510,sumpM=14
511,sumthNG=14
512,sumpM=14
513,sumthNG=14
514,sumpthing=13
515,sumthN=14
516,sumthin=13
517,sumthN=14
518,sumthNG=14
519,sumthNG=14
520,sumthin=13
521,sumthing=13
522,sumpM=14
522,sumthN=14
523,sumthN=14
524,sumpM=14
524,sumthNG=14
525,sum{?}M=14
526,sumpthN=14
527,sumpthN=14
528,sumpM=14
528,sumpthN=14
529,sumpM=14
529,sumthN=14
530,-
531,sumpM=14
532,sumpM=14
533,sumthN=14
534,sompM=14
534,sumpM=14
535,somthN=14
535,so[m]{?}M=14
535,sumpthN=14
535,sumthNG=14
536,sump{?}N=14
537,sumpM=14
538,sumthN=14
539,sumpM=14
539,sumthN=14
540,sumthN=14
540,sumthNG=14
541,sumpthN=14
541,sump{?}M=14
542,sumpM=14
543,sumthN=14
544,sump{?}N=14
545,-
546,sumpthN=14
546,sump{?}M=14
546,sumthN=14
547,sumthN=14
547,sumthNG=14
548,sumpM=14
549,sumpM=14
550,sum(thNG)
551,sumpthN=14
552,-
553,sumthN=14
554,sumpM=14
555,sumpM=14
556,sump{?}M=14
557,sumthN=14
558,sumthN=14
559,sumpM=14
560,sumpM=14
561,sumpM=14
562,sumpM=14
562,sumthN=14
563,sumthN=14
564,sumthN=14
564,sumthNG=14
565,sumpM=14
565,sumpthN=14
566,sumpM=14
567,sumpthN=14
567,sum{?}M=14
568,sumpM=14
568,sumthN=14
569,sumpM=14
570,sumpM=14
570,sumthN=14
571,sumpM=14
572,sumpM=14
573,sumpM=14
573,sumthNG=14
574,sumpM=14
574,sumpthN=14
575,sumthN=14
576,sumthN=14
577,sumpM=14
578,-
579,sumpM=14
579,sumpthN=14
579,sumpthNG=14
580,sumpM=14
581,sumpM=14
581,sumpthNG=14
582,sumthN=14
583,sumpM=14
584,-
585,sumpM=14
586,sumpM=14
586,sumthNG=14
587,sumpM=14
588,sumpM=14
588,sumthN=14
589,sumpM=14
589,sumthN=14
590,sumthNG=14
591,sumpthNG=14
592,sumthN=14
592,sumthNG=14
593,sumpM=14
594,sumpM=14
595,sumthN=14
596,sumpM=14
596,su[m]thN=14
597,sumpM=14
598,sumpM=14
598,sumthNG=14
599,sumpthNG=14
599,sumthNG=14
600,sumbM=14
600,sum(th)M=14
601,sumthN=14
602,su[m]thN=14
603,sumpN=14
604,sumpM=14
605,su[m]thN=14
606,sumpM=14
607,sumpM=14
607,sumpN=14
608,sump{?}M=14
608,sumthN=14
609,sumpM=14
610,sumpM=14
610,sumthNG=14
611,sumthNG=14
612,sumpM=14
613,-
614,sumthN=14
615,sumthNG=14
616,sumpM=14
617,sumthN=14
617,sumthNG=14
618,sumpM=14
618,sumpthN=14
619,sumpM=14
620,sompM=14
620,sumpM=14
621,sumpM=14
621,sumthN=14
622,sump{?}M=14
622,sumthN=14
623,sumthN=14
623,sumthNG=14
624,sumthN=14
624,sumthNG=14
625,sumpM=14
626,sumpM=14
626,sumthN=14
627,sump{?}M=14
628,-
629,sumpN=14
630,sumpM=14
630,sumthNG=14
631,sum{?}M=14
631,sumthN=14
632,sumpM=14
633,sumthN=14
634,sumthN=14
635,sump{?}N=14
636,sump{?}N=14
637,sumpM=14
638,sumpM=14
639,-
640,sumpM=14
641,sumpthing=13
641,sumthNG=14
641,sum(thNG)
641,su(m){?}M=14
642,sumpM=14
643,sumpM=14
644,sumpM=14
644,sumthing=13
645,sumpthN=14
646,sumpthN=14
646,sump{?}M=14
647,sumpM=14
648,sumpN=14
649,sump{?}N=14
650,-
651,-
652,somthNG=14
653,sumpM=14
654,sumthN=14
655,sumthN=14
656,sumthN=14
656,sumthing=13
657,sumthN=14
657,sumthNG=14
657X,sumthing=13
657Y,sumthNG=14
657Z,sumthNG=14
658,somthing=13
659,sumpM=14
659,sumthN=14
660,sum{b}M=14
661,sumthN=14
661,sum(thNG)
661,su(m){?}M=14
662,sumthN=14
663,sumpM=14
664,sumpM=14
664,sumpthN=14
665,sumpM=14
666,sumpM=14
667,sumpM=14
667,sumthNG=14
668,sumdhing=13
668,sumthing=13
669,-
670,sump{?}M=14
671,-
672,sump{?}M=14
672,sumthNG=14
673,sumpM=14
673,sumthN=14
674,sumpM=14
674,sumthN=14
675,sumpthin=13
676,sumpN=14
676,sumpthN=14
676,sumtN=14
677,sumthNG=14
678,sumpthN=14
678,sumthing=13
679,sumdhN=14
679,sumthN=14
679,thomthN=14
680,sumpM=14
680,sump{?}M=14
681,sumpM=14
682,sumthN=14
682,sumthNG=14
683,sumpM=14
684,sumpM=14
684,sumthN=14
685,sompM=14
685,somthNG=14
685,sumpM=14
685,sumpthN=14
686,sumpM=14
687,sumpM=14
687,sumthN=14
688,sumpM=14
689,sump{?}M=14
690,sumthing=13
691,sumthN=14
692,sumpM=14
692,sumpthN=14
693,sumthNG=14
694,sumpM=14
694,sumthN=14
695,sumthN=14
696,sumpM=14
696,sumthN=14
697,sumting=13
698,sumpM=14
699,sumpM=14
700,sumpM=14
701,sumpM=14
702,sumpM=14
703,sumthing=13
704,sumthN=14
705,sumthNG=14
706,sumthN=14
707,somthN=14
708,sompthNG=14
708,sumthNG=14
709,sumpM=14
709,sumthN=14
709,sumthNG=14
710,-
711,sumthNG=14
712,sumpM=14
712,sumtheng=13
712,sumthing=13
713,somthN=14
714,sumpM=14
715,sumthN=14
716,sumpM=14
717,-
718,sumpN=14
718,sumpthN=14
718,sumpthNG=14
719,sumthN=14
719,sumthNG=14
720,sumpthNG=14
721,sumpM=14
722,sump{?}M=14
723,sump{?}M=14
724,sumpthN=14
725,sumpM=14
725,sumpthNG=14
725,sumthN=14
726,sumthin=13
727,sumpM=14
728,sumpM=14
728,sumpN=14
728,sumpthNG=14
729,sump{?}M=14
730,sumpM=14
730,sumthNG=14
731,sumthing=13
732,sumthN=14
733,sumpM=14
733,sumthN=14
734,sumpM=14
734,sumthN=14
735,sumpthing=13
735,sum{?}M=14
736,-
737,sumpM=14
737,sumthN=14
738,sumthN=14
739,-
740,sumpM=14
740,sumthN=14
741,sump{?}M=14
741,sumthN=14
741,sumthNG=14
742,sump{?}N=14
743,sumpM=14
743,sumthN=14
744,sumthN=14
745,sumthN=14
746,sumthN=14
746,sumthing=13
747,sumthN=14
748,sumpM=14
749,sumthN=14
749,sumthNG=14
750,sumpM=14
750,sumthN=14
751,sumthN=14
751,sumthNG=14
752,sumpM=14
752,sumthN=14
753,sumthN=14
753,sumthNG=14
754,-
755,sumpthN=14
756,sump{?}M=14
757,sumpM=14
757,sumthN=14
758,sumpM=14
758,sumthN=14
759,sumpM=14
760,sumpM=14
761,sumpM=14
762,sump{?}M=14
762,sumthN=14
763,sumpM=14
764,sumpM=14
765,sumthN=14
766,sumpM=14
767,sumthNG=14
768,sum(th)M=14
768,surthNG=14
768,su(m)thin=13
769,sumpthN=14
770,-
771,sumpM=14
772,sumpM=14
773,sumpM=14
774,sumpM=14
775,sumpM=14
776,sumthin=13
776,sumthing=13
776,sum(th)M=14
777,sumpM=14
778,sumpM=14
778,sumthN=14
778,sumthNG=14
779,sumthNG=14
780,sumpM=14
780,sumthN=14
781,sumpM=14
782,sumpM=14
783,sumpM=14
784,sumpM=14
785,sumpthN=14
785,sumthing=13
786,sumpM=14
786,sumpthN=14
787,sumpM=14
787,sumthing=13
788,sompthN=14
788,sumpthN=14
789,sumpM=14
790,sumpM=14
790,sumthN=14
791,sumpthN=14
792,sumpthN=14
792,sump{?}M=14
793,sump{?}N=14
794,sumpM=14
794,sumthN=14
795,sumpM=14
796,sump{?}M=14
797,sum{?}M=14
797,su(m){?}N=14
798,sumthing=13
798,sumthN=14
799,sumthN=14
800,sump{?}M=14
800,sumthN=14
801,somthN=14
801,sumthN=14
802,-
803,sumpM=14
804,sumpM=14
805,sum{?}N=14
806,sumpM=14
807,sumthing=13
808,sumthing=13
809,sumpM=14
809,sumthNG=14
810,sumthing=13
810,sumtNG=14
811,sumpM=14
812,sumpM=14
812,sumthN=14
813,sumpM=14
813,sumpthN=14
814,sump{?}M=14
815,sumpM=14
816,sumthN=14
817,sumpM=14
817,sumth[N]=14
818,sumpM=14
819,sumthN=14
820,sumthin=13
820,sumthing=13
821,sumthN=14
822,sumthing=13
822,sum(th)M=14
823,sump{?}M=14
824,sumthN=14
824,sumtN=14
824,sumthing=13
825,sumpM=14
826,sumthNG=14
827,sumthing=13
827,sumthN=14
828,su(m)pM=14
829,sumpM=14
829,sumpthin=13
829,sumpthN=14
830,sumpthin=13
830,sumthNG=14
831,-
832,sumpM=14
833,sumthNG=14
833,suntN=14
834,sumthing=13
835,sump{?}N=14
836,sumpM=14
837,sumthN=14
838,sumpM=14
839,sumpM=14
840,sumpM=14
841,sump{?}N=14
842,sumpthNG=14
842,sum{?}NG=14
843,sumthing=13
844,sumpthNG=14
844,su(m){?}M=14
845,-
846,sumpM=14
846,sumpthN=14
847,sumthN=14
848,sumthN=14
849,sumpM=14
850,sumthN=14
851,sumpM=14
851,sumpthNG=14
852,sumpM=14
852,sumthN=14
853,sumthN=14
854,sumthN=14
855,sumpthN=14
855,sump{?}M=14
856,sumpN=14
857,sumpN=14
857,sumthing=13
857,sum{?}N=14
858,sumpM=14
858,sumthN=14
859,sumthin=13
860,sumpN=14
860,sumpthing=13
861,sumpM=14
861,sumthin=13
861,sumthing=13
862,-
863,-
864,sumpM=14
864,sumpN=14
865,sumpM=14
866,sumthN=14
867,sumpM=14
868,sumpM=14
869,sumpM=14
870,sumthing=13
871,-
872,sumthN=14
873,sumpM=14
873,sumthN=14
874,sumthing=13
874,sumthN=14
875,sompM=14
875,sumpM=14
875,sumthNG=14
876,sumthN=14
876,sumthNG=14
877,sumpM=14
877,sumthN=14
877,sumthNG=14
878,sumthN=14
879,-
880,su[m]pM=14
881,sumthing=13
882,sumpM=14
883,sumthN=14
883,sumthing=13
884,sumthN=14
885,sumpM=14
886,sumthN=14
887,sumthing=13
887,sumthN=14
888,sumthN=14
889,sumpM=14
889,sumthNG=14
890,sumthin=13
891,sumthNG=14
892,sump{?}M=14
892,sumthNG=14
893,sumthing=13
894,sumthN=14
895,-
896,sumpM=14
897,sawmthin=13
897,sumteen=13
898,sumthing=13
899,sumthNG=14
900,sumpM=14
901,somthN=14
902,sumthNG=14
903,sumthN=14
904,sumthing=13
905,sump{?}M=14
905,sumtheeng=13
906,sumpM=14
906,sumthNG=14
907,sumthNG=14
908,sumpthNG=14
908,sumtheeng=13
909,sumthing=13
910,sumpM=14
910,sumptheeng=13
910,sumpthing=13
911,sumpN=14
