<?xml version="1.0" encoding="UTF-8" standalone="yes"?>
<Audio>
	<entry id="1060060101" project="LAO" informant="INF006" reel="1" region="1" narrative="_Q" label="Names, Titles and Occupations" state="OK" sex="M " age="49" age_level="2" education="3" town="Pauls Valley" county="Garvin" land_regions="D" locality="U" date="1962" latitude="34.73914" longitude="-97.22317" file_name="LAO(INF006)1a 01 Names, Titles and Occupations.mp3" path_to_file="LAP\Projects\LAO\Speakers\LAO(INF006)\Audio\LAO(INF006)1a\LAO(INF006)1a 01 Names, Titles and Occupations.mp3"/>
	<entry id="1060060102" project="LAO" informant="INF006" reel="1" region="2" narrative="_Q" label="Containers and Utensils" state="OK" sex="M " age="49" age_level="2" education="3" town="Pauls Valley" county="Garvin" land_regions="D" locality="U" date="1962" latitude="34.73914" longitude="-97.22317" file_name="LAO(INF006)1a 02 Containers and Utensils.mp3" path_to_file="LAP\Projects\LAO\Speakers\LAO(INF006)\Audio\LAO(INF006)1a\LAO(INF006)1a 02 Containers and Utensils.mp3"/>
	<entry id="1060060103" project="LAO" informant="INF006" reel="1" region="3" narrative="_Q" label="Dwellings" state="OK" sex="M " age="49" age_level="2" education="3" town="Pauls Valley" county="Garvin" land_regions="D" locality="U" date="1962" latitude="34.73914" longitude="-97.22317" file_name="LAO(INF006)1a 03 Dwellings.mp3" path_to_file="LAP\Projects\LAO\Speakers\LAO(INF006)\Audio\LAO(INF006)1a\LAO(INF006)1a 03 Dwellings.mp3"/>
	<entry id="1060060104" project="LAO" informant="INF006" reel="1" region="4" narrative="_Q" label="Dwellings" state="OK" sex="M " age="49" age_level="2" education="3" town="Pauls Valley" county="Garvin" land_regions="D" locality="U" date="1962" latitude="34.73914" longitude="-97.22317" file_name="LAO(INF006)1a 04 Dwellings.mp3" path_to_file="LAP\Projects\LAO\Speakers\LAO(INF006)\Audio\LAO(INF006)1a\LAO(INF006)1a 04 Dwellings.mp3"/>
	<entry id="1060060105" project="LAO" informant="INF006" reel="1" region="5" narrative="_Q" label="Dwellings" state="OK" sex="M " age="49" age_level="2" education="3" town="Pauls Valley" county="Garvin" land_regions="D" locality="U" date="1962" latitude="34.73914" longitude="-97.22317" file_name="LAO(INF006)1a 05 Dwellings.mp3" path_to_file="LAP\Projects\LAO\Speakers\LAO(INF006)\Audio\LAO(INF006)1a\LAO(INF006)1a 05 Dwellings.mp3"/>
	<entry id="1060060106" project="LAO" informant="INF006" reel="1" region="6" narrative="_Q" label="Agriculture" state="OK" sex="M " age="49" age_level="2" education="3" town="Pauls Valley" county="Garvin" land_regions="D" locality="U" date="1962" latitude="34.73914" longitude="-97.22317" file_name="LAO(INF006)1a 06 Agriculture.mp3" path_to_file="LAP\Projects\LAO\Speakers\LAO(INF006)\Audio\LAO(INF006)1a\LAO(INF006)1a 06 Agriculture.mp3"/>
	<entry id="1060060107" project="LAO" informant="INF006" reel="1" region="7" narrative="_Q" label="Agriculture" state="OK" sex="M " age="49" age_level="2" education="3" town="Pauls Valley" county="Garvin" land_regions="D" locality="U" date="1962" latitude="34.73914" longitude="-97.22317" file_name="LAO(INF006)1a 07 Agriculture.mp3" path_to_file="LAP\Projects\LAO\Speakers\LAO(INF006)\Audio\LAO(INF006)1a\LAO(INF006)1a 07 Agriculture.mp3"/>
	<entry id="3060060101" project="LAO" informant="INF006" reel="1" region="0" narrative="_I" label="Metadata" state="OK" sex="M " age="49" age_level="2" education="3" town="Pauls Valley" county="Garvin" land_regions="D" locality="U" date="1962" latitude="34.73914" longitude="-97.22317" file_name="LAO(INF006)1ameta.txt" path_to_file="LAP\Projects\LAO\Speakers\LAO(INF006)\Audio\LAO(INF006)1a\LAO(INF006)1ameta.txt"/>
	<entry id="1060060108" project="LAO" informant="INF006" reel="1" region="1" narrative="_Q" label="Food and Cooking" state="OK" sex="M " age="49" age_level="2" education="3" town="Pauls Valley" county="Garvin" land_regions="D" locality="U" date="1962" latitude="34.73914" longitude="-97.22317" file_name="LAO(INF006)1b 01 Food and Cooking.mp3" path_to_file="LAP\Projects\LAO\Speakers\LAO(INF006)\Audio\LAO(INF006)1b\LAO(INF006)1b 01 Food and Cooking.mp3"/>
	<entry id="1060060109" project="LAO" informant="INF006" reel="1" region="2" narrative="_Q" label="Food and Cooking" state="OK" sex="M " age="49" age_level="2" education="3" town="Pauls Valley" county="Garvin" land_regions="D" locality="U" date="1962" latitude="34.73914" longitude="-97.22317" file_name="LAO(INF006)1b 02 Food and Cooking.mp3" path_to_file="LAP\Projects\LAO\Speakers\LAO(INF006)\Audio\LAO(INF006)1b\LAO(INF006)1b 02 Food and Cooking.mp3"/>
	<entry id="1060060110" project="LAO" informant="INF006" reel="1" region="3" narrative="_Q" label="Containers and Utensils" state="OK" sex="M " age="49" age_level="2" education="3" town="Pauls Valley" county="Garvin" land_regions="D" locality="U" date="1962" latitude="34.73914" longitude="-97.22317" file_name="LAO(INF006)1b 03 Containers and Utensils.mp3" path_to_file="LAP\Projects\LAO\Speakers\LAO(INF006)\Audio\LAO(INF006)1b\LAO(INF006)1b 03 Containers and Utensils.mp3"/>
	<entry id="1060060111" project="LAO" informant="INF006" reel="1" region="4" narrative="_Q" label="Vehicles" state="OK" sex="M " age="49" age_level="2" education="3" town="Pauls Valley" county="Garvin" land_regions="D" locality="U" date="1962" latitude="34.73914" longitude="-97.22317" file_name="LAO(INF006)1b 04 Vehicles.mp3" path_to_file="LAP\Projects\LAO\Speakers\LAO(INF006)\Audio\LAO(INF006)1b\LAO(INF006)1b 04 Vehicles.mp3"/>
	<entry id="1060060112" project="LAO" informant="INF006" reel="1" region="5" narrative="_Q" label="Sport and Play" state="OK" sex="M " age="49" age_level="2" education="3" town="Pauls Valley" county="Garvin" land_regions="D" locality="U" date="1962" latitude="34.73914" longitude="-97.22317" file_name="LAO(INF006)1b 05 Sport and Play.mp3" path_to_file="LAP\Projects\LAO\Speakers\LAO(INF006)\Audio\LAO(INF006)1b\LAO(INF006)1b 05 Sport and Play.mp3"/>
	<entry id="1060060113" project="LAO" informant="INF006" reel="1" region="6" narrative="_Q" label="Clothing" state="OK" sex="M " age="49" age_level="2" education="3" town="Pauls Valley" county="Garvin" land_regions="D" locality="U" date="1962" latitude="34.73914" longitude="-97.22317" file_name="LAO(INF006)1b 06 Clothing.mp3" path_to_file="LAP\Projects\LAO\Speakers\LAO(INF006)\Audio\LAO(INF006)1b\LAO(INF006)1b 06 Clothing.mp3"/>
	<entry id="1060060114" project="LAO" informant="INF006" reel="1" region="7" narrative="_Q" label="Topography" state="OK" sex="M " age="49" age_level="2" education="3" town="Pauls Valley" county="Garvin" land_regions="D" locality="U" date="1962" latitude="34.73914" longitude="-97.22317" file_name="LAO(INF006)1b 07 Topography.mp3" path_to_file="LAP\Projects\LAO\Speakers\LAO(INF006)\Audio\LAO(INF006)1b\LAO(INF006)1b 07 Topography.mp3"/>
	<entry id="3060060102" project="LAO" informant="INF006" reel="1" region="0" narrative="_I" label="Metadata" state="OK" sex="M " age="49" age_level="2" education="3" town="Pauls Valley" county="Garvin" land_regions="D" locality="U" date="1962" latitude="34.73914" longitude="-97.22317" file_name="LAO(INF006)1bmeta.txt" path_to_file="LAP\Projects\LAO\Speakers\LAO(INF006)\Audio\LAO(INF006)1b\LAO(INF006)1bmeta.txt"/>
	<entry id="1060060115" project="LAO" informant="INF006" reel="1" region="1" narrative="_Q" label="Topography" state="OK" sex="M " age="49" age_level="2" education="3" town="Pauls Valley" county="Garvin" land_regions="D" locality="U" date="1962" latitude="34.73914" longitude="-97.22317" file_name="LAO(INF006)1c 01 Topography.mp3" path_to_file="LAP\Projects\LAO\Speakers\LAO(INF006)\Audio\LAO(INF006)1c\LAO(INF006)1c 01 Topography.mp3"/>
	<entry id="1060060116" project="LAO" informant="INF006" reel="1" region="2" narrative="_Q" label="Family" state="OK" sex="M " age="49" age_level="2" education="3" town="Pauls Valley" county="Garvin" land_regions="D" locality="U" date="1962" latitude="34.73914" longitude="-97.22317" file_name="LAO(INF006)1c 02 Family.mp3" path_to_file="LAP\Projects\LAO\Speakers\LAO(INF006)\Audio\LAO(INF006)1c\LAO(INF006)1c 02 Family.mp3"/>
	<entry id="1060060117" project="LAO" informant="INF006" reel="1" region="3" narrative="_Q" label="Domestic Animals" state="OK" sex="M " age="49" age_level="2" education="3" town="Pauls Valley" county="Garvin" land_regions="D" locality="U" date="1962" latitude="34.73914" longitude="-97.22317" file_name="LAO(INF006)1c 03 Domestic Animals.mp3" path_to_file="LAP\Projects\LAO\Speakers\LAO(INF006)\Audio\LAO(INF006)1c\LAO(INF006)1c 03 Domestic Animals.mp3"/>
	<entry id="1060060118" project="LAO" informant="INF006" reel="1" region="4" narrative="_Q" label="Domestic Animals" state="OK" sex="M " age="49" age_level="2" education="3" town="Pauls Valley" county="Garvin" land_regions="D" locality="U" date="1962" latitude="34.73914" longitude="-97.22317" file_name="LAO(INF006)1c 04 Domestic Animals.mp3" path_to_file="LAP\Projects\LAO\Speakers\LAO(INF006)\Audio\LAO(INF006)1c\LAO(INF006)1c 04 Domestic Animals.mp3"/>
	<entry id="1060060119" project="LAO" informant="INF006" reel="1" region="5" narrative="_Q" label="Trees and Shrubs" state="OK" sex="M " age="49" age_level="2" education="3" town="Pauls Valley" county="Garvin" land_regions="D" locality="U" date="1962" latitude="34.73914" longitude="-97.22317" file_name="LAO(INF006)1c 05 Trees and Shrubs.mp3" path_to_file="LAP\Projects\LAO\Speakers\LAO(INF006)\Audio\LAO(INF006)1c\LAO(INF006)1c 05 Trees and Shrubs.mp3"/>
	<entry id="1060060120" project="LAO" informant="INF006" reel="1" region="6" narrative="_Q" label="Illness and Death" state="OK" sex="M " age="49" age_level="2" education="3" town="Pauls Valley" county="Garvin" land_regions="D" locality="U" date="1962" latitude="34.73914" longitude="-97.22317" file_name="LAO(INF006)1c 06 Illness and Death.mp3" path_to_file="LAP\Projects\LAO\Speakers\LAO(INF006)\Audio\LAO(INF006)1c\LAO(INF006)1c 06 Illness and Death.mp3"/>
	<entry id="1060060121" project="LAO" informant="INF006" reel="1" region="7" narrative="_Q" label="Food and Cooking" state="OK" sex="M " age="49" age_level="2" education="3" town="Pauls Valley" county="Garvin" land_regions="D" locality="U" date="1962" latitude="34.73914" longitude="-97.22317" file_name="LAO(INF006)1c 07 Food and Cooking.mp3" path_to_file="LAP\Projects\LAO\Speakers\LAO(INF006)\Audio\LAO(INF006)1c\LAO(INF006)1c 07 Food and Cooking.mp3"/>
	<entry id="3060060103" project="LAO" informant="INF006" reel="1" region="0" narrative="_I" label="Metadata" state="OK" sex="M " age="49" age_level="2" education="3" town="Pauls Valley" county="Garvin" land_regions="D" locality="U" date="1962" latitude="34.73914" longitude="-97.22317" file_name="LAO(INF006)1cmeta.txt" path_to_file="LAP\Projects\LAO\Speakers\LAO(INF006)\Audio\LAO(INF006)1c\LAO(INF006)1cmeta.txt"/>
	<entry id="1060060201" project="LAO" informant="INF006" reel="2" region="1" narrative="_Q" label="Food and Cooking" state="OK" sex="M " age="49" age_level="2" education="3" town="Pauls Valley" county="Garvin" land_regions="D" locality="U" date="1962" latitude="34.73914" longitude="-97.22317" file_name="LAO(INF006)2a 01 Food and Cooking.mp3" path_to_file="LAP\Projects\LAO\Speakers\LAO(INF006)\Audio\LAO(INF006)2a\LAO(INF006)2a 01 Food and Cooking.mp3"/>
	<entry id="1060060202" project="LAO" informant="INF006" reel="2" region="2" narrative="_Q" label="Food and Cooking" state="OK" sex="M " age="49" age_level="2" education="3" town="Pauls Valley" county="Garvin" land_regions="D" locality="U" date="1962" latitude="34.73914" longitude="-97.22317" file_name="LAO(INF006)2a 02 Food and Cooking.mp3" path_to_file="LAP\Projects\LAO\Speakers\LAO(INF006)\Audio\LAO(INF006)2a\LAO(INF006)2a 02 Food and Cooking.mp3"/>
	<entry id="1060060203" project="LAO" informant="INF006" reel="2" region="3" narrative="_Q" label="Food and Cooking" state="OK" sex="M " age="49" age_level="2" education="3" town="Pauls Valley" county="Garvin" land_regions="D" locality="U" date="1962" latitude="34.73914" longitude="-97.22317" file_name="LAO(INF006)2a 03 Food and Cooking.mp3" path_to_file="LAP\Projects\LAO\Speakers\LAO(INF006)\Audio\LAO(INF006)2a\LAO(INF006)2a 03 Food and Cooking.mp3"/>
	<entry id="1060060204" project="LAO" informant="INF006" reel="2" region="4" narrative="_Q" label="Food and Cooking" state="OK" sex="M " age="49" age_level="2" education="3" town="Pauls Valley" county="Garvin" land_regions="D" locality="U" date="1962" latitude="34.73914" longitude="-97.22317" file_name="LAO(INF006)2a 04 Food and Cooking.mp3" path_to_file="LAP\Projects\LAO\Speakers\LAO(INF006)\Audio\LAO(INF006)2a\LAO(INF006)2a 04 Food and Cooking.mp3"/>
	<entry id="1060060205" project="LAO" informant="INF006" reel="2" region="5" narrative="_Q" label="Verbs_Principal Parts" state="OK" sex="M " age="49" age_level="2" education="3" town="Pauls Valley" county="Garvin" land_regions="D" locality="U" date="1962" latitude="34.73914" longitude="-97.22317" file_name="LAO(INF006)2a 05 Verbs_Principal Parts.mp3" path_to_file="LAP\Projects\LAO\Speakers\LAO(INF006)\Audio\LAO(INF006)2a\LAO(INF006)2a 05 Verbs_Principal Parts.mp3"/>
	<entry id="1060060206" project="LAO" informant="INF006" reel="2" region="6" narrative="_Q" label="Vegetables" state="OK" sex="M " age="49" age_level="2" education="3" town="Pauls Valley" county="Garvin" land_regions="D" locality="U" date="1962" latitude="34.73914" longitude="-97.22317" file_name="LAO(INF006)2a 06 Vegetables.mp3" path_to_file="LAP\Projects\LAO\Speakers\LAO(INF006)\Audio\LAO(INF006)2a\LAO(INF006)2a 06 Vegetables.mp3"/>
	<entry id="1060060207" project="LAO" informant="INF006" reel="2" region="7" narrative="_Q" label="Vegetables" state="OK" sex="M " age="49" age_level="2" education="3" town="Pauls Valley" county="Garvin" land_regions="D" locality="U" date="1962" latitude="34.73914" longitude="-97.22317" file_name="LAO(INF006)2a 07 Vegetables.mp3" path_to_file="LAP\Projects\LAO\Speakers\LAO(INF006)\Audio\LAO(INF006)2a\LAO(INF006)2a 07 Vegetables.mp3"/>
	<entry id="3060060201" project="LAO" informant="INF006" reel="2" region="0" narrative="_I" label="Metadata" state="OK" sex="M " age="49" age_level="2" education="3" town="Pauls Valley" county="Garvin" land_regions="D" locality="U" date="1962" latitude="34.73914" longitude="-97.22317" file_name="LAO(INF006)2ameta.txt" path_to_file="LAP\Projects\LAO\Speakers\LAO(INF006)\Audio\LAO(INF006)2a\LAO(INF006)2ameta.txt"/>
	<entry id="1060060208" project="LAO" informant="INF006" reel="2" region="1" narrative="_Q" label="Food and Cooking" state="OK" sex="M " age="49" age_level="2" education="3" town="Pauls Valley" county="Garvin" land_regions="D" locality="U" date="1962" latitude="34.73914" longitude="-97.22317" file_name="LAO(INF006)2b 01 Food and Cooking.mp3" path_to_file="LAP\Projects\LAO\Speakers\LAO(INF006)\Audio\LAO(INF006)2b\LAO(INF006)2b 01 Food and Cooking.mp3"/>
	<entry id="1060060209" project="LAO" informant="INF006" reel="2" region="2" narrative="_Q" label="Containers and Utensils" state="OK" sex="M " age="49" age_level="2" education="3" town="Pauls Valley" county="Garvin" land_regions="D" locality="U" date="1962" latitude="34.73914" longitude="-97.22317" file_name="LAO(INF006)2b 02 Containers and Utensils.mp3" path_to_file="LAP\Projects\LAO\Speakers\LAO(INF006)\Audio\LAO(INF006)2b\LAO(INF006)2b 02 Containers and Utensils.mp3"/>
	<entry id="1060060210" project="LAO" informant="INF006" reel="2" region="3" narrative="_Q" label="Wild Animals" state="OK" sex="M " age="49" age_level="2" education="3" town="Pauls Valley" county="Garvin" land_regions="D" locality="U" date="1962" latitude="34.73914" longitude="-97.22317" file_name="LAO(INF006)2b 03 Wild Animals.mp3" path_to_file="LAP\Projects\LAO\Speakers\LAO(INF006)\Audio\LAO(INF006)2b\LAO(INF006)2b 03 Wild Animals.mp3"/>
	<entry id="1060060211" project="LAO" informant="INF006" reel="2" region="4" narrative="_Q" label="Wild Animals" state="OK" sex="M " age="49" age_level="2" education="3" town="Pauls Valley" county="Garvin" land_regions="D" locality="U" date="1962" latitude="34.73914" longitude="-97.22317" file_name="LAO(INF006)2b 04 Wild Animals.mp3" path_to_file="LAP\Projects\LAO\Speakers\LAO(INF006)\Audio\LAO(INF006)2b\LAO(INF006)2b 04 Wild Animals.mp3"/>
	<entry id="1060060212" project="LAO" informant="INF006" reel="2" region="5" narrative="_Q" label="Wild Animals" state="OK" sex="M " age="49" age_level="2" education="3" town="Pauls Valley" county="Garvin" land_regions="D" locality="U" date="1962" latitude="34.73914" longitude="-97.22317" file_name="LAO(INF006)2b 05 Wild Animals.mp3" path_to_file="LAP\Projects\LAO\Speakers\LAO(INF006)\Audio\LAO(INF006)2b\LAO(INF006)2b 05 Wild Animals.mp3"/>
	<entry id="1060060213" project="LAO" informant="INF006" reel="2" region="6" narrative="_Q" label="Names, Titles and Occupations" state="OK" sex="M " age="49" age_level="2" education="3" town="Pauls Valley" county="Garvin" land_regions="D" locality="U" date="1962" latitude="34.73914" longitude="-97.22317" file_name="LAO(INF006)2b 06 Names, Titles and Occupations.mp3" path_to_file="LAP\Projects\LAO\Speakers\LAO(INF006)\Audio\LAO(INF006)2b\LAO(INF006)2b 06 Names, Titles and Occupations.mp3"/>
	<entry id="1060060214" project="LAO" informant="INF006" reel="2" region="7" narrative="_Q" label="Names, Titles and Occupations" state="OK" sex="M " age="49" age_level="2" education="3" town="Pauls Valley" county="Garvin" land_regions="D" locality="U" date="1962" latitude="34.73914" longitude="-97.22317" file_name="LAO(INF006)2b 07 Names, Titles and Occupations.mp3" path_to_file="LAP\Projects\LAO\Speakers\LAO(INF006)\Audio\LAO(INF006)2b\LAO(INF006)2b 07 Names, Titles and Occupations.mp3"/>
	<entry id="3060060202" project="LAO" informant="INF006" reel="2" region="0" narrative="_I" label="Metadata" state="OK" sex="M " age="49" age_level="2" education="3" town="Pauls Valley" county="Garvin" land_regions="D" locality="U" date="1962" latitude="34.73914" longitude="-97.22317" file_name="LAO(INF006)2bmeta.txt" path_to_file="LAP\Projects\LAO\Speakers\LAO(INF006)\Audio\LAO(INF006)2b\LAO(INF006)2bmeta.txt"/>
	<entry id="1060060215" project="LAO" informant="INF006" reel="2" region="1" narrative="_Q" label="Names, Titles and Occupations" state="OK" sex="M " age="49" age_level="2" education="3" town="Pauls Valley" county="Garvin" land_regions="D" locality="U" date="1962" latitude="34.73914" longitude="-97.22317" file_name="LAO(INF006)2c 01 Names, Titles and Occupations.mp3" path_to_file="LAP\Projects\LAO\Speakers\LAO(INF006)\Audio\LAO(INF006)2c\LAO(INF006)2c 01 Names, Titles and Occupations.mp3"/>
	<entry id="1060060216" project="LAO" informant="INF006" reel="2" region="2" narrative="_Q" label="Personal Characteristics" state="OK" sex="M " age="49" age_level="2" education="3" town="Pauls Valley" county="Garvin" land_regions="D" locality="U" date="1962" latitude="34.73914" longitude="-97.22317" file_name="LAO(INF006)2c 02 Personal Characteristics.mp3" path_to_file="LAP\Projects\LAO\Speakers\LAO(INF006)\Audio\LAO(INF006)2c\LAO(INF006)2c 02 Personal Characteristics.mp3"/>
	<entry id="1060060217" project="LAO" informant="INF006" reel="2" region="3" narrative="_Q" label="Personal Characteristics" state="OK" sex="M " age="49" age_level="2" education="3" town="Pauls Valley" county="Garvin" land_regions="D" locality="U" date="1962" latitude="34.73914" longitude="-97.22317" file_name="LAO(INF006)2c 03 Personal Characteristics.mp3" path_to_file="LAP\Projects\LAO\Speakers\LAO(INF006)\Audio\LAO(INF006)2c\LAO(INF006)2c 03 Personal Characteristics.mp3"/>
	<entry id="1060060218" project="LAO" informant="INF006" reel="2" region="4" narrative="_Q" label="Illness and Death" state="OK" sex="M " age="49" age_level="2" education="3" town="Pauls Valley" county="Garvin" land_regions="D" locality="U" date="1962" latitude="34.73914" longitude="-97.22317" file_name="LAO(INF006)2c 04 Illness and Death.mp3" path_to_file="LAP\Projects\LAO\Speakers\LAO(INF006)\Audio\LAO(INF006)2c\LAO(INF006)2c 04 Illness and Death.mp3"/>
	<entry id="1060060219" project="LAO" informant="INF006" reel="2" region="5" narrative="_Q" label="Illness and Death" state="OK" sex="M " age="49" age_level="2" education="3" town="Pauls Valley" county="Garvin" land_regions="D" locality="U" date="1962" latitude="34.73914" longitude="-97.22317" file_name="LAO(INF006)2c 05 Illness and Death.mp3" path_to_file="LAP\Projects\LAO\Speakers\LAO(INF006)\Audio\LAO(INF006)2c\LAO(INF006)2c 05 Illness and Death.mp3"/>
	<entry id="1060060220" project="LAO" informant="INF006" reel="2" region="6" narrative="_N" label="Social Relationships" state="OK" sex="M " age="49" age_level="2" education="3" town="Pauls Valley" county="Garvin" land_regions="D" locality="U" date="1962" latitude="34.73914" longitude="-97.22317" file_name="LAO(INF006)2c 06 Social Relationships_N.mp3" path_to_file="LAP\Projects\LAO\Speakers\LAO(INF006)\Audio\LAO(INF006)2c\LAO(INF006)2c 06 Social Relationships_N.mp3"/>
	<entry id="1060060221" project="LAO" informant="INF006" reel="2" region="7" narrative="_Q" label="Social Relationships" state="OK" sex="M " age="49" age_level="2" education="3" town="Pauls Valley" county="Garvin" land_regions="D" locality="U" date="1962" latitude="34.73914" longitude="-97.22317" file_name="LAO(INF006)2c 07 Social Relationships.mp3" path_to_file="LAP\Projects\LAO\Speakers\LAO(INF006)\Audio\LAO(INF006)2c\LAO(INF006)2c 07 Social Relationships.mp3"/>
	<entry id="1060060222" project="LAO" informant="INF006" reel="2" region="8" narrative="_Q" label="Vehicles" state="OK" sex="M " age="49" age_level="2" education="3" town="Pauls Valley" county="Garvin" land_regions="D" locality="U" date="1962" latitude="34.73914" longitude="-97.22317" file_name="LAO(INF006)2c 08 Vehicles.mp3" path_to_file="LAP\Projects\LAO\Speakers\LAO(INF006)\Audio\LAO(INF006)2c\LAO(INF006)2c 08 Vehicles.mp3"/>
	<entry id="3060060203" project="LAO" informant="INF006" reel="2" region="0" narrative="_I" label="Metadata" state="OK" sex="M " age="49" age_level="2" education="3" town="Pauls Valley" county="Garvin" land_regions="D" locality="U" date="1962" latitude="34.73914" longitude="-97.22317" file_name="LAO(INF006)2cmeta.txt" path_to_file="LAP\Projects\LAO\Speakers\LAO(INF006)\Audio\LAO(INF006)2c\LAO(INF006)2cmeta.txt"/>
	<entry id="1060060301" project="LAO" informant="INF006" reel="3" region="1" narrative="_Q" label="Verbs_Principal Parts" state="OK" sex="M " age="49" age_level="2" education="3" town="Pauls Valley" county="Garvin" land_regions="D" locality="U" date="1962" latitude="34.73914" longitude="-97.22317" file_name="LAO(INF006)3 01 Verbs_Principal Parts.mp3" path_to_file="LAP\Projects\LAO\Speakers\LAO(INF006)\Audio\LAO(INF006)3\LAO(INF006)3 01 Verbs_Principal Parts.mp3"/>
	<entry id="1060060302" project="LAO" informant="INF006" reel="3" region="2" narrative="_Q" label="Geography" state="OK" sex="M " age="49" age_level="2" education="3" town="Pauls Valley" county="Garvin" land_regions="D" locality="U" date="1962" latitude="34.73914" longitude="-97.22317" file_name="LAO(INF006)3 02 Geography.mp3" path_to_file="LAP\Projects\LAO\Speakers\LAO(INF006)\Audio\LAO(INF006)3\LAO(INF006)3 02 Geography.mp3"/>
	<entry id="1060060303" project="LAO" informant="INF006" reel="3" region="3" narrative="_Q" label="Greetings and Salutations" state="OK" sex="M " age="49" age_level="2" education="3" town="Pauls Valley" county="Garvin" land_regions="D" locality="U" date="1962" latitude="34.73914" longitude="-97.22317" file_name="LAO(INF006)3 03 Greetings and Salutations.mp3" path_to_file="LAP\Projects\LAO\Speakers\LAO(INF006)\Audio\LAO(INF006)3\LAO(INF006)3 03 Greetings and Salutations.mp3"/>
	<entry id="3060060301" project="LAO" informant="INF006" reel="3" region="0" narrative="_I" label="Metadata" state="OK" sex="M " age="49" age_level="2" education="3" town="Pauls Valley" county="Garvin" land_regions="D" locality="U" date="1962" latitude="34.73914" longitude="-97.22317" file_name="LAO(INF006)3meta.txt" path_to_file="LAP\Projects\LAO\Speakers\LAO(INF006)\Audio\LAO(INF006)3\LAO(INF006)3meta.txt"/>
	<entry id="1060060401" project="LAO" informant="INF006" reel="4" region="1" narrative="_Q" label="Names, Titles and Occupations" state="OK" sex="M " age="49" age_level="2" education="3" town="Pauls Valley" county="Garvin" land_regions="D" locality="U" date="1962" latitude="34.73914" longitude="-97.22317" file_name="LAO(INF006)4a 01 Names, Titles and Occupations.mp3" path_to_file="LAP\Projects\LAO\Speakers\LAO(INF006)\Audio\LAO(INF006)4a\LAO(INF006)4a 01 Names, Titles and Occupations.mp3"/>
	<entry id="1060060402" project="LAO" informant="INF006" reel="4" region="2" narrative="_Q" label="Social Relations" state="OK" sex="M " age="49" age_level="2" education="3" town="Pauls Valley" county="Garvin" land_regions="D" locality="U" date="1962" latitude="34.73914" longitude="-97.22317" file_name="LAO(INF006)4a 02 Social Relations.mp3" path_to_file="LAP\Projects\LAO\Speakers\LAO(INF006)\Audio\LAO(INF006)4a\LAO(INF006)4a 02 Social Relations.mp3"/>
	<entry id="1060060403" project="LAO" informant="INF006" reel="4" region="3" narrative="_N" label="Family" state="OK" sex="M " age="49" age_level="2" education="3" town="Pauls Valley" county="Garvin" land_regions="D" locality="U" date="1962" latitude="34.73914" longitude="-97.22317" file_name="LAO(INF006)4a 03 Family_N.mp3" path_to_file="LAP\Projects\LAO\Speakers\LAO(INF006)\Audio\LAO(INF006)4a\LAO(INF006)4a 03 Family_N.mp3"/>
	<entry id="1060060404" project="LAO" informant="INF006" reel="4" region="4" narrative="_Q" label="Geography" state="OK" sex="M " age="49" age_level="2" education="3" town="Pauls Valley" county="Garvin" land_regions="D" locality="U" date="1962" latitude="34.73914" longitude="-97.22317" file_name="LAO(INF006)4a 04 Geography.mp3" path_to_file="LAP\Projects\LAO\Speakers\LAO(INF006)\Audio\LAO(INF006)4a\LAO(INF006)4a 04 Geography.mp3"/>
	<entry id="1060060405" project="LAO" informant="INF006" reel="4" region="5" narrative="_Q" label="Public Institutions" state="OK" sex="M " age="49" age_level="2" education="3" town="Pauls Valley" county="Garvin" land_regions="D" locality="U" date="1962" latitude="34.73914" longitude="-97.22317" file_name="LAO(INF006)4a 05 Public Institutions.mp3" path_to_file="LAP\Projects\LAO\Speakers\LAO(INF006)\Audio\LAO(INF006)4a\LAO(INF006)4a 05 Public Institutions.mp3"/>
	<entry id="1060060406" project="LAO" informant="INF006" reel="4" region="6" narrative="_Q" label="Verbs_Principal Parts" state="OK" sex="M " age="49" age_level="2" education="3" town="Pauls Valley" county="Garvin" land_regions="D" locality="U" date="1962" latitude="34.73914" longitude="-97.22317" file_name="LAO(INF006)4a 06 Verbs_Principal Parts.mp3" path_to_file="LAP\Projects\LAO\Speakers\LAO(INF006)\Audio\LAO(INF006)4a\LAO(INF006)4a 06 Verbs_Principal Parts.mp3"/>
	<entry id="1060060407" project="LAO" informant="INF006" reel="4" region="7" narrative="_Q" label="Adverbs" state="OK" sex="M " age="49" age_level="2" education="3" town="Pauls Valley" county="Garvin" land_regions="D" locality="U" date="1962" latitude="34.73914" longitude="-97.22317" file_name="LAO(INF006)4a 07 Adverbs.mp3" path_to_file="LAP\Projects\LAO\Speakers\LAO(INF006)\Audio\LAO(INF006)4a\LAO(INF006)4a 07 Adverbs.mp3"/>
	<entry id="3060060401" project="LAO" informant="INF006" reel="4" region="0" narrative="_I" label="Metadata" state="OK" sex="M " age="49" age_level="2" education="3" town="Pauls Valley" county="Garvin" land_regions="D" locality="U" date="1962" latitude="34.73914" longitude="-97.22317" file_name="LAO(INF006)4ameta.txt" path_to_file="LAP\Projects\LAO\Speakers\LAO(INF006)\Audio\LAO(INF006)4a\LAO(INF006)4ameta.txt"/>
	<entry id="1060060408" project="LAO" informant="INF006" reel="4" region="1" narrative="_Q" label="Family" state="OK" sex="M " age="49" age_level="2" education="3" town="Pauls Valley" county="Garvin" land_regions="D" locality="U" date="1962" latitude="34.73914" longitude="-97.22317" file_name="LAO(INF006)4b 01 Family.mp3" path_to_file="LAP\Projects\LAO\Speakers\LAO(INF006)\Audio\LAO(INF006)4b\LAO(INF006)4b 01 Family.mp3"/>
	<entry id="1060060409" project="LAO" informant="INF006" reel="4" region="2" narrative="_Q" label="Time" state="OK" sex="M " age="49" age_level="2" education="3" town="Pauls Valley" county="Garvin" land_regions="D" locality="U" date="1962" latitude="34.73914" longitude="-97.22317" file_name="LAO(INF006)4b 02 Time.mp3" path_to_file="LAP\Projects\LAO\Speakers\LAO(INF006)\Audio\LAO(INF006)4b\LAO(INF006)4b 02 Time.mp3"/>
	<entry id="1060060410" project="LAO" informant="INF006" reel="4" region="3" narrative="_Q" label="Time" state="OK" sex="M " age="49" age_level="2" education="3" town="Pauls Valley" county="Garvin" land_regions="D" locality="U" date="1962" latitude="34.73914" longitude="-97.22317" file_name="LAO(INF006)4b 03 Time.mp3" path_to_file="LAP\Projects\LAO\Speakers\LAO(INF006)\Audio\LAO(INF006)4b\LAO(INF006)4b 03 Time.mp3"/>
	<entry id="1060060411" project="LAO" informant="INF006" reel="4" region="4" narrative="_Q" label="Weather" state="OK" sex="M " age="49" age_level="2" education="3" town="Pauls Valley" county="Garvin" land_regions="D" locality="U" date="1962" latitude="34.73914" longitude="-97.22317" file_name="LAO(INF006)4b 04 Weather.mp3" path_to_file="LAP\Projects\LAO\Speakers\LAO(INF006)\Audio\LAO(INF006)4b\LAO(INF006)4b 04 Weather.mp3"/>
	<entry id="1060060412" project="LAO" informant="INF006" reel="4" region="5" narrative="_N" label="Business" state="OK" sex="M " age="49" age_level="2" education="3" town="Pauls Valley" county="Garvin" land_regions="D" locality="U" date="1962" latitude="34.73914" longitude="-97.22317" file_name="LAO(INF006)4b 05 Business_N.mp3" path_to_file="LAP\Projects\LAO\Speakers\LAO(INF006)\Audio\LAO(INF006)4b\LAO(INF006)4b 05 Business_N.mp3"/>
	<entry id="1060060413" project="LAO" informant="INF006" reel="4" region="6" narrative="_Q" label="Agriculture" state="OK" sex="M " age="49" age_level="2" education="3" town="Pauls Valley" county="Garvin" land_regions="D" locality="U" date="1962" latitude="34.73914" longitude="-97.22317" file_name="LAO(INF006)4b 06 Agriculture.mp3" path_to_file="LAP\Projects\LAO\Speakers\LAO(INF006)\Audio\LAO(INF006)4b\LAO(INF006)4b 06 Agriculture.mp3"/>
	<entry id="1060060414" project="LAO" informant="INF006" reel="4" region="7" narrative="_Q" label="Verbs_Be, Have, Do" state="OK" sex="M " age="49" age_level="2" education="3" town="Pauls Valley" county="Garvin" land_regions="D" locality="U" date="1962" latitude="34.73914" longitude="-97.22317" file_name="LAO(INF006)4b 07 Verbs_Be, Have, Do.mp3" path_to_file="LAP\Projects\LAO\Speakers\LAO(INF006)\Audio\LAO(INF006)4b\LAO(INF006)4b 07 Verbs_Be, Have, Do.mp3"/>
	<entry id="3060060402" project="LAO" informant="INF006" reel="4" region="0" narrative="_I" label="Metadata" state="OK" sex="M " age="49" age_level="2" education="3" town="Pauls Valley" county="Garvin" land_regions="D" locality="U" date="1962" latitude="34.73914" longitude="-97.22317" file_name="LAO(INF006)4bmeta.txt" path_to_file="LAP\Projects\LAO\Speakers\LAO(INF006)\Audio\LAO(INF006)4b\LAO(INF006)4bmeta.txt"/>
	<entry id="1060060415" project="LAO" informant="INF006" reel="4" region="1" narrative="_N" label="Illness and Death" state="OK" sex="M " age="49" age_level="2" education="3" town="Pauls Valley" county="Garvin" land_regions="D" locality="U" date="1962" latitude="34.73914" longitude="-97.22317" file_name="LAO(INF006)4c 01 Illness and Death_N.mp3" path_to_file="LAP\Projects\LAO\Speakers\LAO(INF006)\Audio\LAO(INF006)4c\LAO(INF006)4c 01 Illness and Death_N.mp3"/>
	<entry id="1060060416" project="LAO" informant="INF006" reel="4" region="2" narrative="_Q" label="Pronouns" state="OK" sex="M " age="49" age_level="2" education="3" town="Pauls Valley" county="Garvin" land_regions="D" locality="U" date="1962" latitude="34.73914" longitude="-97.22317" file_name="LAO(INF006)4c 02 Pronouns.mp3" path_to_file="LAP\Projects\LAO\Speakers\LAO(INF006)\Audio\LAO(INF006)4c\LAO(INF006)4c 02 Pronouns.mp3"/>
	<entry id="1060060417" project="LAO" informant="INF006" reel="4" region="3" narrative="_Q" label="Food and Cooking" state="OK" sex="M " age="49" age_level="2" education="3" town="Pauls Valley" county="Garvin" land_regions="D" locality="U" date="1962" latitude="34.73914" longitude="-97.22317" file_name="LAO(INF006)4c 03 Food and Cooking.mp3" path_to_file="LAP\Projects\LAO\Speakers\LAO(INF006)\Audio\LAO(INF006)4c\LAO(INF006)4c 03 Food and Cooking.mp3"/>
	<entry id="1060060418" project="LAO" informant="INF006" reel="4" region="4" narrative="_Q" label="Verbs_Be, Have, Do" state="OK" sex="M " age="49" age_level="2" education="3" town="Pauls Valley" county="Garvin" land_regions="D" locality="U" date="1962" latitude="34.73914" longitude="-97.22317" file_name="LAO(INF006)4c 04 Verbs_Be, Have, Do.mp3" path_to_file="LAP\Projects\LAO\Speakers\LAO(INF006)\Audio\LAO(INF006)4c\LAO(INF006)4c 04 Verbs_Be, Have, Do.mp3"/>
	<entry id="1060060419" project="LAO" informant="INF006" reel="4" region="5" narrative="_Q" label="Verbs_Principal Parts" state="OK" sex="M " age="49" age_level="2" education="3" town="Pauls Valley" county="Garvin" land_regions="D" locality="U" date="1962" latitude="34.73914" longitude="-97.22317" file_name="LAO(INF006)4c 05 Verbs_Principal Parts.mp3" path_to_file="LAP\Projects\LAO\Speakers\LAO(INF006)\Audio\LAO(INF006)4c\LAO(INF006)4c 05 Verbs_Principal Parts.mp3"/>
	<entry id="1060060420" project="LAO" informant="INF006" reel="4" region="6" narrative="_Q" label="Verbs_Principal Parts" state="OK" sex="M " age="49" age_level="2" education="3" town="Pauls Valley" county="Garvin" land_regions="D" locality="U" date="1962" latitude="34.73914" longitude="-97.22317" file_name="LAO(INF006)4c 06 Verbs_Principal Parts.mp3" path_to_file="LAP\Projects\LAO\Speakers\LAO(INF006)\Audio\LAO(INF006)4c\LAO(INF006)4c 06 Verbs_Principal Parts.mp3"/>
	<entry id="1060060421" project="LAO" informant="INF006" reel="4" region="7" narrative="_Q" label="Verbs_Principal Parts" state="OK" sex="M " age="49" age_level="2" education="3" town="Pauls Valley" county="Garvin" land_regions="D" locality="U" date="1962" latitude="34.73914" longitude="-97.22317" file_name="LAO(INF006)4c 07 Verbs_Principal Parts.mp3" path_to_file="LAP\Projects\LAO\Speakers\LAO(INF006)\Audio\LAO(INF006)4c\LAO(INF006)4c 07 Verbs_Principal Parts.mp3"/>
	<entry id="3060060403" project="LAO" informant="INF006" reel="4" region="0" narrative="_I" label="Metadata" state="OK" sex="M " age="49" age_level="2" education="3" town="Pauls Valley" county="Garvin" land_regions="D" locality="U" date="1962" latitude="34.73914" longitude="-97.22317" file_name="LAO(INF006)4cmeta.txt" path_to_file="LAP\Projects\LAO\Speakers\LAO(INF006)\Audio\LAO(INF006)4c\LAO(INF006)4cmeta.txt"/>
	<entry id="3060060001" project="LAO" informant="INF006" reel="0" region="0" narrative="_I" label="Biographical Information" state="OK" sex="M " age="49" age_level="2" education="3" town="Pauls Valley" county="Garvin" land_regions="D" locality="U" date="1962" latitude="34.73914" longitude="-97.22317" file_name="LAO(INF006)BIO.txt" path_to_file="LAP\Projects\LAO\Speakers\LAO(INF006)\Text\LAO(INF006)BIO.txt"/>
</Audio>