<?xml version="1.0" encoding="UTF-8" standalone="yes"?>
<Audio>
	<entry id="1060120101" project="LAO" informant="INF012" reel="1a" region="1" narrative="_Q" label="Topography" state="OK" sex="M " age="67" age_level="3" education="4" town="Featherstone" county="Pittsburg" land_regions="D" locality="R" date="1962" latitude="35.08643" longitude="-95.47237" file_name="LAO(INF012)1a 01 Topography.mp3" path_to_file="LAP\Projects\LAO\Speakers\LAO(INF012)\Audio\LAO(INF012)1a\LAO(INF012)1a 01 Topography.mp3"/>
	<entry id="1060120102" project="LAO" informant="INF012" reel="1a" region="2" narrative="_Q" label="Containers and Utensils" state="OK" sex="M " age="67" age_level="3" education="4" town="Featherstone" county="Pittsburg" land_regions="D" locality="R" date="1962" latitude="35.08643" longitude="-95.47237" file_name="LAO(INF012)1a 02 Containers and Utensils.mp3" path_to_file="LAP\Projects\LAO\Speakers\LAO(INF012)\Audio\LAO(INF012)1a\LAO(INF012)1a 02 Containers and Utensils.mp3"/>
	<entry id="1060120103" project="LAO" informant="INF012" reel="1a" region="3" narrative="_Q" label="Dwellings" state="OK" sex="M " age="67" age_level="3" education="4" town="Featherstone" county="Pittsburg" land_regions="D" locality="R" date="1962" latitude="35.08643" longitude="-95.47237" file_name="LAO(INF012)1a 03 Dwellings.mp3" path_to_file="LAP\Projects\LAO\Speakers\LAO(INF012)\Audio\LAO(INF012)1a\LAO(INF012)1a 03 Dwellings.mp3"/>
	<entry id="1060120104" project="LAO" informant="INF012" reel="1a" region="4" narrative="_Q" label="Dwellings" state="OK" sex="M " age="67" age_level="3" education="4" town="Featherstone" county="Pittsburg" land_regions="D" locality="R" date="1962" latitude="35.08643" longitude="-95.47237" file_name="LAO(INF012)1a 04 Dwellings.mp3" path_to_file="LAP\Projects\LAO\Speakers\LAO(INF012)\Audio\LAO(INF012)1a\LAO(INF012)1a 04 Dwellings.mp3"/>
	<entry id="1060120105" project="LAO" informant="INF012" reel="1a" region="5" narrative="_Q" label="Dwellings" state="OK" sex="M " age="67" age_level="3" education="4" town="Featherstone" county="Pittsburg" land_regions="D" locality="R" date="1962" latitude="35.08643" longitude="-95.47237" file_name="LAO(INF012)1a 05 Dwellings.mp3" path_to_file="LAP\Projects\LAO\Speakers\LAO(INF012)\Audio\LAO(INF012)1a\LAO(INF012)1a 05 Dwellings.mp3"/>
	<entry id="1060120106" project="LAO" informant="INF012" reel="1a" region="6" narrative="_Q" label="The Farm" state="OK" sex="M " age="67" age_level="3" education="4" town="Featherstone" county="Pittsburg" land_regions="D" locality="R" date="1962" latitude="35.08643" longitude="-95.47237" file_name="LAO(INF012)1a 06 The Farm.mp3" path_to_file="LAP\Projects\LAO\Speakers\LAO(INF012)\Audio\LAO(INF012)1a\LAO(INF012)1a 06 The Farm.mp3"/>
	<entry id="1060120107" project="LAO" informant="INF012" reel="1a" region="7" narrative="_Q" label="Family" state="OK" sex="M " age="67" age_level="3" education="4" town="Featherstone" county="Pittsburg" land_regions="D" locality="R" date="1962" latitude="35.08643" longitude="-95.47237" file_name="LAO(INF012)1a 07 Family.mp3" path_to_file="LAP\Projects\LAO\Speakers\LAO(INF012)\Audio\LAO(INF012)1a\LAO(INF012)1a 07 Family.mp3"/>
	<entry id="3060120101" project="LAO" informant="INF012" reel="1a" region="0" narrative="_I" label="Metadata" state="OK" sex="M " age="67" age_level="3" education="4" town="Featherstone" county="Pittsburg" land_regions="D" locality="R" date="1962" latitude="35.08643" longitude="-95.47237" file_name="LAO(INF012)1ameta.txt" path_to_file="LAP\Projects\LAO\Speakers\LAO(INF012)\Audio\LAO(INF012)1a\LAO(INF012)1ameta.txt"/>
	<entry id="1060120108" project="LAO" informant="INF012" reel="1b" region="1" narrative="_Q" label="The Farm" state="OK" sex="M " age="67" age_level="3" education="4" town="Featherstone" county="Pittsburg" land_regions="D" locality="R" date="1962" latitude="35.08643" longitude="-95.47237" file_name="LAO(INF012)1b 01 The Farm.mp3" path_to_file="LAP\Projects\LAO\Speakers\LAO(INF012)\Audio\LAO(INF012)1b\LAO(INF012)1b 01 The Farm.mp3"/>
	<entry id="1060120109" project="LAO" informant="INF012" reel="1b" region="2" narrative="_Q" label="Containers and Utensils" state="OK" sex="M " age="67" age_level="3" education="4" town="Featherstone" county="Pittsburg" land_regions="D" locality="R" date="1962" latitude="35.08643" longitude="-95.47237" file_name="LAO(INF012)1b 02 Containers and Utensils.mp3" path_to_file="LAP\Projects\LAO\Speakers\LAO(INF012)\Audio\LAO(INF012)1b\LAO(INF012)1b 02 Containers and Utensils.mp3"/>
	<entry id="1060120110" project="LAO" informant="INF012" reel="1b" region="3" narrative="_Q" label="Containers and Utensils" state="OK" sex="M " age="67" age_level="3" education="4" town="Featherstone" county="Pittsburg" land_regions="D" locality="R" date="1962" latitude="35.08643" longitude="-95.47237" file_name="LAO(INF012)1b 03 Containers and Utensils.mp3" path_to_file="LAP\Projects\LAO\Speakers\LAO(INF012)\Audio\LAO(INF012)1b\LAO(INF012)1b 03 Containers and Utensils.mp3"/>
	<entry id="1060120111" project="LAO" informant="INF012" reel="1b" region="4" narrative="_Q" label="Containers and Utensils" state="OK" sex="M " age="67" age_level="3" education="4" town="Featherstone" county="Pittsburg" land_regions="D" locality="R" date="1962" latitude="35.08643" longitude="-95.47237" file_name="LAO(INF012)1b 04 Containers and Utensils.mp3" path_to_file="LAP\Projects\LAO\Speakers\LAO(INF012)\Audio\LAO(INF012)1b\LAO(INF012)1b 04 Containers and Utensils.mp3"/>
	<entry id="1060120112" project="LAO" informant="INF012" reel="1b" region="5" narrative="_Q" label="Vehicles" state="OK" sex="M " age="67" age_level="3" education="4" town="Featherstone" county="Pittsburg" land_regions="D" locality="R" date="1962" latitude="35.08643" longitude="-95.47237" file_name="LAO(INF012)1b 05 Vehicles.mp3" path_to_file="LAP\Projects\LAO\Speakers\LAO(INF012)\Audio\LAO(INF012)1b\LAO(INF012)1b 05 Vehicles.mp3"/>
	<entry id="1060120113" project="LAO" informant="INF012" reel="1b" region="6" narrative="_Q" label="Calls to Animals" state="OK" sex="M " age="67" age_level="3" education="4" town="Featherstone" county="Pittsburg" land_regions="D" locality="R" date="1962" latitude="35.08643" longitude="-95.47237" file_name="LAO(INF012)1b 06 Calls to Animals.mp3" path_to_file="LAP\Projects\LAO\Speakers\LAO(INF012)\Audio\LAO(INF012)1b\LAO(INF012)1b 06 Calls to Animals.mp3"/>
	<entry id="1060120114" project="LAO" informant="INF012" reel="1b" region="7" narrative="_Q" label="Domestic Animals" state="OK" sex="M " age="67" age_level="3" education="4" town="Featherstone" county="Pittsburg" land_regions="D" locality="R" date="1962" latitude="35.08643" longitude="-95.47237" file_name="LAO(INF012)1b 07 Domestic Animals.mp3" path_to_file="LAP\Projects\LAO\Speakers\LAO(INF012)\Audio\LAO(INF012)1b\LAO(INF012)1b 07 Domestic Animals.mp3"/>
	<entry id="3060120102" project="LAO" informant="INF012" reel="1b" region="0" narrative="_I" label="Metadata" state="OK" sex="M " age="67" age_level="3" education="4" town="Featherstone" county="Pittsburg" land_regions="D" locality="R" date="1962" latitude="35.08643" longitude="-95.47237" file_name="LAO(INF012)1bmeta.txt" path_to_file="LAP\Projects\LAO\Speakers\LAO(INF012)\Audio\LAO(INF012)1b\LAO(INF012)1bmeta.txt"/>
	<entry id="1060120115" project="LAO" informant="INF012" reel="1c" region="1" narrative="_Q" label="Clothing" state="OK" sex="M " age="67" age_level="3" education="4" town="Featherstone" county="Pittsburg" land_regions="D" locality="R" date="1962" latitude="35.08643" longitude="-95.47237" file_name="LAO(INF012)1c 01 Clothing.mp3" path_to_file="LAP\Projects\LAO\Speakers\LAO(INF012)\Audio\LAO(INF012)1c\LAO(INF012)1c 01 Clothing.mp3"/>
	<entry id="1060120116" project="LAO" informant="INF012" reel="1c" region="2" narrative="_Q" label="Topography" state="OK" sex="M " age="67" age_level="3" education="4" town="Featherstone" county="Pittsburg" land_regions="D" locality="R" date="1962" latitude="35.08643" longitude="-95.47237" file_name="LAO(INF012)1c 02 Topography.mp3" path_to_file="LAP\Projects\LAO\Speakers\LAO(INF012)\Audio\LAO(INF012)1c\LAO(INF012)1c 02 Topography.mp3"/>
	<entry id="1060120117" project="LAO" informant="INF012" reel="1c" region="3" narrative="_Q" label="Topography" state="OK" sex="M " age="67" age_level="3" education="4" town="Featherstone" county="Pittsburg" land_regions="D" locality="R" date="1962" latitude="35.08643" longitude="-95.47237" file_name="LAO(INF012)1c 03 Topography.mp3" path_to_file="LAP\Projects\LAO\Speakers\LAO(INF012)\Audio\LAO(INF012)1c\LAO(INF012)1c 03 Topography.mp3"/>
	<entry id="1060120118" project="LAO" informant="INF012" reel="1c" region="4" narrative="_Q" label="Prepositions" state="OK" sex="M " age="67" age_level="3" education="4" town="Featherstone" county="Pittsburg" land_regions="D" locality="R" date="1962" latitude="35.08643" longitude="-95.47237" file_name="LAO(INF012)1c 04 Prepositions.mp3" path_to_file="LAP\Projects\LAO\Speakers\LAO(INF012)\Audio\LAO(INF012)1c\LAO(INF012)1c 04 Prepositions.mp3"/>
	<entry id="1060120119" project="LAO" informant="INF012" reel="1c" region="5" narrative="_Q" label="Wild Animals" state="OK" sex="M " age="67" age_level="3" education="4" town="Featherstone" county="Pittsburg" land_regions="D" locality="R" date="1962" latitude="35.08643" longitude="-95.47237" file_name="LAO(INF012)1c 05 Wild Animals.mp3" path_to_file="LAP\Projects\LAO\Speakers\LAO(INF012)\Audio\LAO(INF012)1c\LAO(INF012)1c 05 Wild Animals.mp3"/>
	<entry id="1060120120" project="LAO" informant="INF012" reel="1c" region="6" narrative="_Q" label="Calls to Animals" state="OK" sex="M " age="67" age_level="3" education="4" town="Featherstone" county="Pittsburg" land_regions="D" locality="R" date="1962" latitude="35.08643" longitude="-95.47237" file_name="LAO(INF012)1c 06 Calls to Animals.mp3" path_to_file="LAP\Projects\LAO\Speakers\LAO(INF012)\Audio\LAO(INF012)1c\LAO(INF012)1c 06 Calls to Animals.mp3"/>
	<entry id="1060120121" project="LAO" informant="INF012" reel="1c" region="7" narrative="_Q" label="Geography" state="OK" sex="M " age="67" age_level="3" education="4" town="Featherstone" county="Pittsburg" land_regions="D" locality="R" date="1962" latitude="35.08643" longitude="-95.47237" file_name="LAO(INF012)1c 07 Geography.mp3" path_to_file="LAP\Projects\LAO\Speakers\LAO(INF012)\Audio\LAO(INF012)1c\LAO(INF012)1c 07 Geography.mp3"/>
	<entry id="1060120122" project="LAO" informant="INF012" reel="1c" region="8" narrative="_Q" label="Pronouns" state="OK" sex="M " age="67" age_level="3" education="4" town="Featherstone" county="Pittsburg" land_regions="D" locality="R" date="1962" latitude="35.08643" longitude="-95.47237" file_name="LAO(INF012)1c 08 Pronouns.mp3" path_to_file="LAP\Projects\LAO\Speakers\LAO(INF012)\Audio\LAO(INF012)1c\LAO(INF012)1c 08 Pronouns.mp3"/>
	<entry id="3060120103" project="LAO" informant="INF012" reel="1c" region="0" narrative="_I" label="Metadata" state="OK" sex="M " age="67" age_level="3" education="4" town="Featherstone" county="Pittsburg" land_regions="D" locality="R" date="1962" latitude="35.08643" longitude="-95.47237" file_name="LAO(INF012)1cmeta.txt" path_to_file="LAP\Projects\LAO\Speakers\LAO(INF012)\Audio\LAO(INF012)1c\LAO(INF012)1cmeta.txt"/>
	<entry id="1060120201" project="LAO" informant="INF012" reel="2a" region="1" narrative="_Q" label="Food and Cooking" state="OK" sex="M " age="67" age_level="3" education="4" town="Featherstone" county="Pittsburg" land_regions="D" locality="R" date="1962" latitude="35.08643" longitude="-95.47237" file_name="LAO(INF012)2a 01 Food and Cooking.mp3" path_to_file="LAP\Projects\LAO\Speakers\LAO(INF012)\Audio\LAO(INF012)2a\LAO(INF012)2a 01 Food and Cooking.mp3"/>
	<entry id="1060120202" project="LAO" informant="INF012" reel="2a" region="2" narrative="_Q" label="Food and Cooking" state="OK" sex="M " age="67" age_level="3" education="4" town="Featherstone" county="Pittsburg" land_regions="D" locality="R" date="1962" latitude="35.08643" longitude="-95.47237" file_name="LAO(INF012)2a 02 Food and Cooking.mp3" path_to_file="LAP\Projects\LAO\Speakers\LAO(INF012)\Audio\LAO(INF012)2a\LAO(INF012)2a 02 Food and Cooking.mp3"/>
	<entry id="1060120203" project="LAO" informant="INF012" reel="2a" region="3" narrative="_Q" label="Food and Cooking" state="OK" sex="M " age="67" age_level="3" education="4" town="Featherstone" county="Pittsburg" land_regions="D" locality="R" date="1962" latitude="35.08643" longitude="-95.47237" file_name="LAO(INF012)2a 03 Food and Cooking.mp3" path_to_file="LAP\Projects\LAO\Speakers\LAO(INF012)\Audio\LAO(INF012)2a\LAO(INF012)2a 03 Food and Cooking.mp3"/>
	<entry id="1060120204" project="LAO" informant="INF012" reel="2a" region="4" narrative="_Q" label="Food and Cooking" state="OK" sex="M " age="67" age_level="3" education="4" town="Featherstone" county="Pittsburg" land_regions="D" locality="R" date="1962" latitude="35.08643" longitude="-95.47237" file_name="LAO(INF012)2a 04 Food and Cooking.mp3" path_to_file="LAP\Projects\LAO\Speakers\LAO(INF012)\Audio\LAO(INF012)2a\LAO(INF012)2a 04 Food and Cooking.mp3"/>
	<entry id="1060120205" project="LAO" informant="INF012" reel="2a" region="5" narrative="_Q" label="Vegetables" state="OK" sex="M " age="67" age_level="3" education="4" town="Featherstone" county="Pittsburg" land_regions="D" locality="R" date="1962" latitude="35.08643" longitude="-95.47237" file_name="LAO(INF012)2a 05 Vegetables.mp3" path_to_file="LAP\Projects\LAO\Speakers\LAO(INF012)\Audio\LAO(INF012)2a\LAO(INF012)2a 05 Vegetables.mp3"/>
	<entry id="1060120206" project="LAO" informant="INF012" reel="2a" region="6" narrative="_Q" label="Vegetables" state="OK" sex="M " age="67" age_level="3" education="4" town="Featherstone" county="Pittsburg" land_regions="D" locality="R" date="1962" latitude="35.08643" longitude="-95.47237" file_name="LAO(INF012)2a 06 Vegetables.mp3" path_to_file="LAP\Projects\LAO\Speakers\LAO(INF012)\Audio\LAO(INF012)2a\LAO(INF012)2a 06 Vegetables.mp3"/>
	<entry id="1060120207" project="LAO" informant="INF012" reel="2a" region="7" narrative="_N" label="Vegetables" state="OK" sex="M " age="67" age_level="3" education="4" town="Featherstone" county="Pittsburg" land_regions="D" locality="R" date="1962" latitude="35.08643" longitude="-95.47237" file_name="LAO(INF012)2a 07 Vegetables_N.mp3" path_to_file="LAP\Projects\LAO\Speakers\LAO(INF012)\Audio\LAO(INF012)2a\LAO(INF012)2a 07 Vegetables_N.mp3"/>
	<entry id="1060120208" project="LAO" informant="INF012" reel="2a" region="8" narrative="_Q" label="Illness and Death" state="OK" sex="M " age="67" age_level="3" education="4" town="Featherstone" county="Pittsburg" land_regions="D" locality="R" date="1962" latitude="35.08643" longitude="-95.47237" file_name="LAO(INF012)2a 08 Illness and Death.mp3" path_to_file="LAP\Projects\LAO\Speakers\LAO(INF012)\Audio\LAO(INF012)2a\LAO(INF012)2a 08 Illness and Death.mp3"/>
	<entry id="1060120209" project="LAO" informant="INF012" reel="2a" region="9" narrative="_Q" label="Wild Animals" state="OK" sex="M " age="67" age_level="3" education="4" town="Featherstone" county="Pittsburg" land_regions="D" locality="R" date="1962" latitude="35.08643" longitude="-95.47237" file_name="LAO(INF012)2a 09 Wild Animals.mp3" path_to_file="LAP\Projects\LAO\Speakers\LAO(INF012)\Audio\LAO(INF012)2a\LAO(INF012)2a 09 Wild Animals.mp3"/>
	<entry id="3060120201" project="LAO" informant="INF012" reel="2a" region="0" narrative="_I" label="Metadata" state="OK" sex="M " age="67" age_level="3" education="4" town="Featherstone" county="Pittsburg" land_regions="D" locality="R" date="1962" latitude="35.08643" longitude="-95.47237" file_name="LAO(INF012)2ameta.txt" path_to_file="LAP\Projects\LAO\Speakers\LAO(INF012)\Audio\LAO(INF012)2a\LAO(INF012)2ameta.txt"/>
	<entry id="1060120210" project="LAO" informant="INF012" reel="2b" region="1" narrative="_Q" label="Wild Animals" state="OK" sex="M " age="67" age_level="3" education="4" town="Featherstone" county="Pittsburg" land_regions="D" locality="R" date="1962" latitude="35.08643" longitude="-95.47237" file_name="LAO(INF012)2b 01 Wild Animals.mp3" path_to_file="LAP\Projects\LAO\Speakers\LAO(INF012)\Audio\LAO(INF012)2b\LAO(INF012)2b 01 Wild Animals.mp3"/>
	<entry id="1060120211" project="LAO" informant="INF012" reel="2b" region="2" narrative="_Q" label="Sport and Play" state="OK" sex="M " age="67" age_level="3" education="4" town="Featherstone" county="Pittsburg" land_regions="D" locality="R" date="1962" latitude="35.08643" longitude="-95.47237" file_name="LAO(INF012)2b 02 Sport and Play.mp3" path_to_file="LAP\Projects\LAO\Speakers\LAO(INF012)\Audio\LAO(INF012)2b\LAO(INF012)2b 02 Sport and Play.mp3"/>
	<entry id="1060120212" project="LAO" informant="INF012" reel="2b" region="3" narrative="_Q" label="Wild Animals" state="OK" sex="M " age="67" age_level="3" education="4" town="Featherstone" county="Pittsburg" land_regions="D" locality="R" date="1962" latitude="35.08643" longitude="-95.47237" file_name="LAO(INF012)2b 03 Wild Animals.mp3" path_to_file="LAP\Projects\LAO\Speakers\LAO(INF012)\Audio\LAO(INF012)2b\LAO(INF012)2b 03 Wild Animals.mp3"/>
	<entry id="1060120213" project="LAO" informant="INF012" reel="2b" region="4" narrative="_Q" label="Wild Animals" state="OK" sex="M " age="67" age_level="3" education="4" town="Featherstone" county="Pittsburg" land_regions="D" locality="R" date="1962" latitude="35.08643" longitude="-95.47237" file_name="LAO(INF012)2b 04 Wild Animals.mp3" path_to_file="LAP\Projects\LAO\Speakers\LAO(INF012)\Audio\LAO(INF012)2b\LAO(INF012)2b 04 Wild Animals.mp3"/>
	<entry id="1060120214" project="LAO" informant="INF012" reel="2b" region="5" narrative="_Q" label="Trees and Shrubs" state="OK" sex="M " age="67" age_level="3" education="4" town="Featherstone" county="Pittsburg" land_regions="D" locality="R" date="1962" latitude="35.08643" longitude="-95.47237" file_name="LAO(INF012)2b 05 Trees and Shrubs.mp3" path_to_file="LAP\Projects\LAO\Speakers\LAO(INF012)\Audio\LAO(INF012)2b\LAO(INF012)2b 05 Trees and Shrubs.mp3"/>
	<entry id="1060120215" project="LAO" informant="INF012" reel="2b" region="6" narrative="_Q" label="Public Institutions" state="OK" sex="M " age="67" age_level="3" education="4" town="Featherstone" county="Pittsburg" land_regions="D" locality="R" date="1962" latitude="35.08643" longitude="-95.47237" file_name="LAO(INF012)2b 06 Public Institutions.mp3" path_to_file="LAP\Projects\LAO\Speakers\LAO(INF012)\Audio\LAO(INF012)2b\LAO(INF012)2b 06 Public Institutions.mp3"/>
	<entry id="1060120216" project="LAO" informant="INF012" reel="2b" region="7" narrative="_Q" label="Names, Titles and Occupations" state="OK" sex="M " age="67" age_level="3" education="4" town="Featherstone" county="Pittsburg" land_regions="D" locality="R" date="1962" latitude="35.08643" longitude="-95.47237" file_name="LAO(INF012)2b 07 Names, Titles and Occupations.mp3" path_to_file="LAP\Projects\LAO\Speakers\LAO(INF012)\Audio\LAO(INF012)2b\LAO(INF012)2b 07 Names, Titles and Occupations.mp3"/>
	<entry id="1060120217" project="LAO" informant="INF012" reel="2b" region="8" narrative="_Q" label="Family" state="OK" sex="M " age="67" age_level="3" education="4" town="Featherstone" county="Pittsburg" land_regions="D" locality="R" date="1962" latitude="35.08643" longitude="-95.47237" file_name="LAO(INF012)2b 08 Family.mp3" path_to_file="LAP\Projects\LAO\Speakers\LAO(INF012)\Audio\LAO(INF012)2b\LAO(INF012)2b 08 Family.mp3"/>
	<entry id="1060120218" project="LAO" informant="INF012" reel="2b" region="9" narrative="_N" label="The Farm" state="OK" sex="M " age="67" age_level="3" education="4" town="Featherstone" county="Pittsburg" land_regions="D" locality="R" date="1962" latitude="35.08643" longitude="-95.47237" file_name="LAO(INF012)2b 09 The Farm_N.mp3" path_to_file="LAP\Projects\LAO\Speakers\LAO(INF012)\Audio\LAO(INF012)2b\LAO(INF012)2b 09 The Farm_N.mp3"/>
	<entry id="3060120202" project="LAO" informant="INF012" reel="2b" region="0" narrative="_I" label="Metadata" state="OK" sex="M " age="67" age_level="3" education="4" town="Featherstone" county="Pittsburg" land_regions="D" locality="R" date="1962" latitude="35.08643" longitude="-95.47237" file_name="LAO(INF012)2bmeta.txt" path_to_file="LAP\Projects\LAO\Speakers\LAO(INF012)\Audio\LAO(INF012)2b\LAO(INF012)2bmeta.txt"/>
	<entry id="1060120301" project="LAO" informant="INF012" reel="3a" region="1" narrative="_Q" label="Family" state="OK" sex="M " age="67" age_level="3" education="4" town="Featherstone" county="Pittsburg" land_regions="D" locality="R" date="1962" latitude="35.08643" longitude="-95.47237" file_name="LAO(INF012)3a 01 Family.mp3" path_to_file="LAP\Projects\LAO\Speakers\LAO(INF012)\Audio\LAO(INF012)3a\LAO(INF012)3a 01 Family.mp3"/>
	<entry id="1060120302" project="LAO" informant="INF012" reel="3a" region="2" narrative="_Q" label="Wild Animals" state="OK" sex="M " age="67" age_level="3" education="4" town="Featherstone" county="Pittsburg" land_regions="D" locality="R" date="1962" latitude="35.08643" longitude="-95.47237" file_name="LAO(INF012)3a 02 Wild Animals.mp3" path_to_file="LAP\Projects\LAO\Speakers\LAO(INF012)\Audio\LAO(INF012)3a\LAO(INF012)3a 02 Wild Animals.mp3"/>
	<entry id="1060120303" project="LAO" informant="INF012" reel="3a" region="3" narrative="_Q" label="Family" state="OK" sex="M " age="67" age_level="3" education="4" town="Featherstone" county="Pittsburg" land_regions="D" locality="R" date="1962" latitude="35.08643" longitude="-95.47237" file_name="LAO(INF012)3a 03 Family.mp3" path_to_file="LAP\Projects\LAO\Speakers\LAO(INF012)\Audio\LAO(INF012)3a\LAO(INF012)3a 03 Family.mp3"/>
	<entry id="1060120304" project="LAO" informant="INF012" reel="3a" region="4" narrative="_Q" label="Names, Titles and Occupations" state="OK" sex="M " age="67" age_level="3" education="4" town="Featherstone" county="Pittsburg" land_regions="D" locality="R" date="1962" latitude="35.08643" longitude="-95.47237" file_name="LAO(INF012)3a 04 Names, Titles and Occupations.mp3" path_to_file="LAP\Projects\LAO\Speakers\LAO(INF012)\Audio\LAO(INF012)3a\LAO(INF012)3a 04 Names, Titles and Occupations.mp3"/>
	<entry id="1060120305" project="LAO" informant="INF012" reel="3a" region="5" narrative="_Q" label="Names, Titles and Occupations" state="OK" sex="M " age="67" age_level="3" education="4" town="Featherstone" county="Pittsburg" land_regions="D" locality="R" date="1962" latitude="35.08643" longitude="-95.47237" file_name="LAO(INF012)3a 05 Names, Titles and Occupations.mp3" path_to_file="LAP\Projects\LAO\Speakers\LAO(INF012)\Audio\LAO(INF012)3a\LAO(INF012)3a 05 Names, Titles and Occupations.mp3"/>
	<entry id="1060120306" project="LAO" informant="INF012" reel="3a" region="6" narrative="_Q" label="Personal Characteristics" state="OK" sex="M " age="67" age_level="3" education="4" town="Featherstone" county="Pittsburg" land_regions="D" locality="R" date="1962" latitude="35.08643" longitude="-95.47237" file_name="LAO(INF012)3a 06 Personal Characteristics.mp3" path_to_file="LAP\Projects\LAO\Speakers\LAO(INF012)\Audio\LAO(INF012)3a\LAO(INF012)3a 06 Personal Characteristics.mp3"/>
	<entry id="1060120307" project="LAO" informant="INF012" reel="3a" region="7" narrative="_Q" label="Personal Characteristics" state="OK" sex="M " age="67" age_level="3" education="4" town="Featherstone" county="Pittsburg" land_regions="D" locality="R" date="1962" latitude="35.08643" longitude="-95.47237" file_name="LAO(INF012)3a 07 Personal Characteristics.mp3" path_to_file="LAP\Projects\LAO\Speakers\LAO(INF012)\Audio\LAO(INF012)3a\LAO(INF012)3a 07 Personal Characteristics.mp3"/>
	<entry id="3060120301" project="LAO" informant="INF012" reel="3a" region="0" narrative="_I" label="Metadata" state="OK" sex="M " age="67" age_level="3" education="4" town="Featherstone" county="Pittsburg" land_regions="D" locality="R" date="1962" latitude="35.08643" longitude="-95.47237" file_name="LAO(INF012)3ameta.txt" path_to_file="LAP\Projects\LAO\Speakers\LAO(INF012)\Audio\LAO(INF012)3a\LAO(INF012)3ameta.txt"/>
	<entry id="1060120308" project="LAO" informant="INF012" reel="3b" region="1" narrative="_Q" label="Illness and Death" state="OK" sex="M " age="67" age_level="3" education="4" town="Featherstone" county="Pittsburg" land_regions="D" locality="R" date="1962" latitude="35.08643" longitude="-95.47237" file_name="LAO(INF012)3b 01 Illness and Death.mp3" path_to_file="LAP\Projects\LAO\Speakers\LAO(INF012)\Audio\LAO(INF012)3b\LAO(INF012)3b 01 Illness and Death.mp3"/>
	<entry id="1060120309" project="LAO" informant="INF012" reel="3b" region="2" narrative="_Q" label="Illness and Death" state="OK" sex="M " age="67" age_level="3" education="4" town="Featherstone" county="Pittsburg" land_regions="D" locality="R" date="1962" latitude="35.08643" longitude="-95.47237" file_name="LAO(INF012)3b 02 Illness and Death.mp3" path_to_file="LAP\Projects\LAO\Speakers\LAO(INF012)\Audio\LAO(INF012)3b\LAO(INF012)3b 02 Illness and Death.mp3"/>
	<entry id="1060120310" project="LAO" informant="INF012" reel="3b" region="3" narrative="_Q" label="Verbs_Principal Parts" state="OK" sex="M " age="67" age_level="3" education="4" town="Featherstone" county="Pittsburg" land_regions="D" locality="R" date="1962" latitude="35.08643" longitude="-95.47237" file_name="LAO(INF012)3b 03 Verbs_Principal Parts.mp3" path_to_file="LAP\Projects\LAO\Speakers\LAO(INF012)\Audio\LAO(INF012)3b\LAO(INF012)3b 03 Verbs_Principal Parts.mp3"/>
	<entry id="1060120311" project="LAO" informant="INF012" reel="3b" region="4" narrative="_Q" label="Social Relations" state="OK" sex="M " age="67" age_level="3" education="4" town="Featherstone" county="Pittsburg" land_regions="D" locality="R" date="1962" latitude="35.08643" longitude="-95.47237" file_name="LAO(INF012)3b 04 Social Relations.mp3" path_to_file="LAP\Projects\LAO\Speakers\LAO(INF012)\Audio\LAO(INF012)3b\LAO(INF012)3b 04 Social Relations.mp3"/>
	<entry id="1060120312" project="LAO" informant="INF012" reel="3b" region="5" narrative="_Q" label="Public Institutions" state="OK" sex="M " age="67" age_level="3" education="4" town="Featherstone" county="Pittsburg" land_regions="D" locality="R" date="1962" latitude="35.08643" longitude="-95.47237" file_name="LAO(INF012)3b 05 Public Institutions.mp3" path_to_file="LAP\Projects\LAO\Speakers\LAO(INF012)\Audio\LAO(INF012)3b\LAO(INF012)3b 05 Public Institutions.mp3"/>
	<entry id="1060120313" project="LAO" informant="INF012" reel="3b" region="6" narrative="_Q" label="The Farm" state="OK" sex="M " age="67" age_level="3" education="4" town="Featherstone" county="Pittsburg" land_regions="D" locality="R" date="1962" latitude="35.08643" longitude="-95.47237" file_name="LAO(INF012)3b 06 The Farm.mp3" path_to_file="LAP\Projects\LAO\Speakers\LAO(INF012)\Audio\LAO(INF012)3b\LAO(INF012)3b 06 The Farm.mp3"/>
	<entry id="1060120314" project="LAO" informant="INF012" reel="3b" region="7" narrative="_Q" label="Geography" state="OK" sex="M " age="67" age_level="3" education="4" town="Featherstone" county="Pittsburg" land_regions="D" locality="R" date="1962" latitude="35.08643" longitude="-95.47237" file_name="LAO(INF012)3b 07 Geography.mp3" path_to_file="LAP\Projects\LAO\Speakers\LAO(INF012)\Audio\LAO(INF012)3b\LAO(INF012)3b 07 Geography.mp3"/>
	<entry id="3060120302" project="LAO" informant="INF012" reel="3b" region="0" narrative="_I" label="Metadata" state="OK" sex="M " age="67" age_level="3" education="4" town="Featherstone" county="Pittsburg" land_regions="D" locality="R" date="1962" latitude="35.08643" longitude="-95.47237" file_name="LAO(INF012)3bmeta.txt" path_to_file="LAP\Projects\LAO\Speakers\LAO(INF012)\Audio\LAO(INF012)3b\LAO(INF012)3bmeta.txt"/>
	<entry id="1060120315" project="LAO" informant="INF012" reel="3c" region="1" narrative="_Q" label="Geography" state="OK" sex="M " age="67" age_level="3" education="4" town="Featherstone" county="Pittsburg" land_regions="D" locality="R" date="1962" latitude="35.08643" longitude="-95.47237" file_name="LAO(INF012)3c 01 Geography.mp3" path_to_file="LAP\Projects\LAO\Speakers\LAO(INF012)\Audio\LAO(INF012)3c\LAO(INF012)3c 01 Geography.mp3"/>
	<entry id="1060120316" project="LAO" informant="INF012" reel="3c" region="2" narrative="_N" label="Business" state="OK" sex="M " age="67" age_level="3" education="4" town="Featherstone" county="Pittsburg" land_regions="D" locality="R" date="1962" latitude="35.08643" longitude="-95.47237" file_name="LAO(INF012)3c 02 Business_N.mp3" path_to_file="LAP\Projects\LAO\Speakers\LAO(INF012)\Audio\LAO(INF012)3c\LAO(INF012)3c 02 Business_N.mp3"/>
	<entry id="1060120317" project="LAO" informant="INF012" reel="3c" region="3" narrative="_Q" label="Greetings and Salutations" state="OK" sex="M " age="67" age_level="3" education="4" town="Featherstone" county="Pittsburg" land_regions="D" locality="R" date="1962" latitude="35.08643" longitude="-95.47237" file_name="LAO(INF012)3c 03 Greetings and Salutations.mp3" path_to_file="LAP\Projects\LAO\Speakers\LAO(INF012)\Audio\LAO(INF012)3c\LAO(INF012)3c 03 Greetings and Salutations.mp3"/>
	<entry id="1060120318" project="LAO" informant="INF012" reel="3c" region="4" narrative="_Q" label="Business" state="OK" sex="M " age="67" age_level="3" education="4" town="Featherstone" county="Pittsburg" land_regions="D" locality="R" date="1962" latitude="35.08643" longitude="-95.47237" file_name="LAO(INF012)3c 04 Business.mp3" path_to_file="LAP\Projects\LAO\Speakers\LAO(INF012)\Audio\LAO(INF012)3c\LAO(INF012)3c 04 Business.mp3"/>
	<entry id="1060120319" project="LAO" informant="INF012" reel="3c" region="5" narrative="_Q" label="Verbs_Principal Parts" state="OK" sex="M " age="67" age_level="3" education="4" town="Featherstone" county="Pittsburg" land_regions="D" locality="R" date="1962" latitude="35.08643" longitude="-95.47237" file_name="LAO(INF012)3c 05 Verbs_Principal Parts.mp3" path_to_file="LAP\Projects\LAO\Speakers\LAO(INF012)\Audio\LAO(INF012)3c\LAO(INF012)3c 05 Verbs_Principal Parts.mp3"/>
	<entry id="1060120320" project="LAO" informant="INF012" reel="3c" region="6" narrative="_N" label="Verbs_Principal Parts" state="OK" sex="M " age="67" age_level="3" education="4" town="Featherstone" county="Pittsburg" land_regions="D" locality="R" date="1962" latitude="35.08643" longitude="-95.47237" file_name="LAO(INF012)3c 06 Verbs_Principal Parts_N.mp3" path_to_file="LAP\Projects\LAO\Speakers\LAO(INF012)\Audio\LAO(INF012)3c\LAO(INF012)3c 06 Verbs_Principal Parts_N.mp3"/>
	<entry id="1060120321" project="LAO" informant="INF012" reel="3c" region="7" narrative="_N" label="Public Institutions" state="OK" sex="M " age="67" age_level="3" education="4" town="Featherstone" county="Pittsburg" land_regions="D" locality="R" date="1962" latitude="35.08643" longitude="-95.47237" file_name="LAO(INF012)3c 07 Public Institutions_N.mp3" path_to_file="LAP\Projects\LAO\Speakers\LAO(INF012)\Audio\LAO(INF012)3c\LAO(INF012)3c 07 Public Institutions_N.mp3"/>
	<entry id="3060120303" project="LAO" informant="INF012" reel="3c" region="0" narrative="_I" label="Metadata" state="OK" sex="M " age="67" age_level="3" education="4" town="Featherstone" county="Pittsburg" land_regions="D" locality="R" date="1962" latitude="35.08643" longitude="-95.47237" file_name="LAO(INF012)3cmeta.txt" path_to_file="LAP\Projects\LAO\Speakers\LAO(INF012)\Audio\LAO(INF012)3c\LAO(INF012)3cmeta.txt"/>
	<entry id="1060120401" project="LAO" informant="INF012" reel="4a" region="1" narrative="_Q" label="Wild Animals" state="OK" sex="M " age="67" age_level="3" education="4" town="Featherstone" county="Pittsburg" land_regions="D" locality="R" date="1962" latitude="35.08643" longitude="-95.47237" file_name="LAO(INF012)4a 01 Wild Animals.mp3" path_to_file="LAP\Projects\LAO\Speakers\LAO(INF012)\Audio\LAO(INF012)4a\LAO(INF012)4a 01 Wild Animals.mp3"/>
	<entry id="1060120402" project="LAO" informant="INF012" reel="4a" region="2" narrative="_Q" label="Wild Animals" state="OK" sex="M " age="67" age_level="3" education="4" town="Featherstone" county="Pittsburg" land_regions="D" locality="R" date="1962" latitude="35.08643" longitude="-95.47237" file_name="LAO(INF012)4a 02 Wild Animals.mp3" path_to_file="LAP\Projects\LAO\Speakers\LAO(INF012)\Audio\LAO(INF012)4a\LAO(INF012)4a 02 Wild Animals.mp3"/>
	<entry id="1060120403" project="LAO" informant="INF012" reel="4a" region="3" narrative="_Q" label="Adverbs" state="OK" sex="M " age="67" age_level="3" education="4" town="Featherstone" county="Pittsburg" land_regions="D" locality="R" date="1962" latitude="35.08643" longitude="-95.47237" file_name="LAO(INF012)4a 03 Adverbs.mp3" path_to_file="LAP\Projects\LAO\Speakers\LAO(INF012)\Audio\LAO(INF012)4a\LAO(INF012)4a 03 Adverbs.mp3"/>
	<entry id="1060120404" project="LAO" informant="INF012" reel="4a" region="4" narrative="_Q" label="Adverbs" state="OK" sex="M " age="67" age_level="3" education="4" town="Featherstone" county="Pittsburg" land_regions="D" locality="R" date="1962" latitude="35.08643" longitude="-95.47237" file_name="LAO(INF012)4a 04 Adverbs.mp3" path_to_file="LAP\Projects\LAO\Speakers\LAO(INF012)\Audio\LAO(INF012)4a\LAO(INF012)4a 04 Adverbs.mp3"/>
	<entry id="1060120405" project="LAO" informant="INF012" reel="4a" region="5" narrative="_Q" label="Time" state="OK" sex="M " age="67" age_level="3" education="4" town="Featherstone" county="Pittsburg" land_regions="D" locality="R" date="1962" latitude="35.08643" longitude="-95.47237" file_name="LAO(INF012)4a 05 Time.mp3" path_to_file="LAP\Projects\LAO\Speakers\LAO(INF012)\Audio\LAO(INF012)4a\LAO(INF012)4a 05 Time.mp3"/>
	<entry id="1060120406" project="LAO" informant="INF012" reel="4a" region="6" narrative="_Q" label="Weather" state="OK" sex="M " age="67" age_level="3" education="4" town="Featherstone" county="Pittsburg" land_regions="D" locality="R" date="1962" latitude="35.08643" longitude="-95.47237" file_name="LAO(INF012)4a 06 Weather.mp3" path_to_file="LAP\Projects\LAO\Speakers\LAO(INF012)\Audio\LAO(INF012)4a\LAO(INF012)4a 06 Weather.mp3"/>
	<entry id="1060120407" project="LAO" informant="INF012" reel="4a" region="7" narrative="_Q" label="Weather" state="OK" sex="M " age="67" age_level="3" education="4" town="Featherstone" county="Pittsburg" land_regions="D" locality="R" date="1962" latitude="35.08643" longitude="-95.47237" file_name="LAO(INF012)4a 07 Weather.mp3" path_to_file="LAP\Projects\LAO\Speakers\LAO(INF012)\Audio\LAO(INF012)4a\LAO(INF012)4a 07 Weather.mp3"/>
	<entry id="1060120408" project="LAO" informant="INF012" reel="4a" region="8" narrative="_Q" label="Weather" state="OK" sex="M " age="67" age_level="3" education="4" town="Featherstone" county="Pittsburg" land_regions="D" locality="R" date="1962" latitude="35.08643" longitude="-95.47237" file_name="LAO(INF012)4a 08 Weather.mp3" path_to_file="LAP\Projects\LAO\Speakers\LAO(INF012)\Audio\LAO(INF012)4a\LAO(INF012)4a 08 Weather.mp3"/>
	<entry id="3060120401" project="LAO" informant="INF012" reel="4a" region="0" narrative="_I" label="Metadata" state="OK" sex="M " age="67" age_level="3" education="4" town="Featherstone" county="Pittsburg" land_regions="D" locality="R" date="1962" latitude="35.08643" longitude="-95.47237" file_name="LAO(INF012)4ameta.txt" path_to_file="LAP\Projects\LAO\Speakers\LAO(INF012)\Audio\LAO(INF012)4a\LAO(INF012)4ameta.txt"/>
	<entry id="1060120409" project="LAO" informant="INF012" reel="4b" region="1" narrative="_Q" label="Verbs_Principal Parts" state="OK" sex="M " age="67" age_level="3" education="4" town="Featherstone" county="Pittsburg" land_regions="D" locality="R" date="1962" latitude="35.08643" longitude="-95.47237" file_name="LAO(INF012)4b 01 Verbs_Principal Parts.mp3" path_to_file="LAP\Projects\LAO\Speakers\LAO(INF012)\Audio\LAO(INF012)4b\LAO(INF012)4b 01 Verbs_Principal Parts.mp3"/>
	<entry id="1060120410" project="LAO" informant="INF012" reel="4b" region="2" narrative="_Q" label="Pronouns" state="OK" sex="M " age="67" age_level="3" education="4" town="Featherstone" county="Pittsburg" land_regions="D" locality="R" date="1962" latitude="35.08643" longitude="-95.47237" file_name="LAO(INF012)4b 02 Pronouns.mp3" path_to_file="LAP\Projects\LAO\Speakers\LAO(INF012)\Audio\LAO(INF012)4b\LAO(INF012)4b 02 Pronouns.mp3"/>
	<entry id="1060120411" project="LAO" informant="INF012" reel="4b" region="3" narrative="_Q" label="Verbs_Principal Parts" state="OK" sex="M " age="67" age_level="3" education="4" town="Featherstone" county="Pittsburg" land_regions="D" locality="R" date="1962" latitude="35.08643" longitude="-95.47237" file_name="LAO(INF012)4b 03 Verbs_Principal Parts.mp3" path_to_file="LAP\Projects\LAO\Speakers\LAO(INF012)\Audio\LAO(INF012)4b\LAO(INF012)4b 03 Verbs_Principal Parts.mp3"/>
	<entry id="1060120412" project="LAO" informant="INF012" reel="4b" region="4" narrative="_Q" label="Wild Animals" state="OK" sex="M " age="67" age_level="3" education="4" town="Featherstone" county="Pittsburg" land_regions="D" locality="R" date="1962" latitude="35.08643" longitude="-95.47237" file_name="LAO(INF012)4b 04 Wild Animals.mp3" path_to_file="LAP\Projects\LAO\Speakers\LAO(INF012)\Audio\LAO(INF012)4b\LAO(INF012)4b 04 Wild Animals.mp3"/>
	<entry id="1060120413" project="LAO" informant="INF012" reel="4b" region="5" narrative="_Q" label="Vehicles" state="OK" sex="M " age="67" age_level="3" education="4" town="Featherstone" county="Pittsburg" land_regions="D" locality="R" date="1962" latitude="35.08643" longitude="-95.47237" file_name="LAO(INF012)4b 05 Vehicles.mp3" path_to_file="LAP\Projects\LAO\Speakers\LAO(INF012)\Audio\LAO(INF012)4b\LAO(INF012)4b 05 Vehicles.mp3"/>
	<entry id="1060120414" project="LAO" informant="INF012" reel="4b" region="6" narrative="_Q" label="Vehicles" state="OK" sex="M " age="67" age_level="3" education="4" town="Featherstone" county="Pittsburg" land_regions="D" locality="R" date="1962" latitude="35.08643" longitude="-95.47237" file_name="LAO(INF012)4b 06 Vehicles.mp3" path_to_file="LAP\Projects\LAO\Speakers\LAO(INF012)\Audio\LAO(INF012)4b\LAO(INF012)4b 06 Vehicles.mp3"/>
	<entry id="1060120415" project="LAO" informant="INF012" reel="4b" region="7" narrative="_Q" label="Containers and Utensils" state="OK" sex="M " age="67" age_level="3" education="4" town="Featherstone" county="Pittsburg" land_regions="D" locality="R" date="1962" latitude="35.08643" longitude="-95.47237" file_name="LAO(INF012)4b 07 Containers and Utensils.mp3" path_to_file="LAP\Projects\LAO\Speakers\LAO(INF012)\Audio\LAO(INF012)4b\LAO(INF012)4b 07 Containers and Utensils.mp3"/>
	<entry id="1060120416" project="LAO" informant="INF012" reel="4b" region="8" narrative="_Q" label="Illness and Death" state="OK" sex="M " age="67" age_level="3" education="4" town="Featherstone" county="Pittsburg" land_regions="D" locality="R" date="1962" latitude="35.08643" longitude="-95.47237" file_name="LAO(INF012)4b 08 Illness and Death.mp3" path_to_file="LAP\Projects\LAO\Speakers\LAO(INF012)\Audio\LAO(INF012)4b\LAO(INF012)4b 08 Illness and Death.mp3"/>
	<entry id="3060120402" project="LAO" informant="INF012" reel="4b" region="0" narrative="_I" label="Metadata" state="OK" sex="M " age="67" age_level="3" education="4" town="Featherstone" county="Pittsburg" land_regions="D" locality="R" date="1962" latitude="35.08643" longitude="-95.47237" file_name="LAO(INF012)4bmeta.txt" path_to_file="LAP\Projects\LAO\Speakers\LAO(INF012)\Audio\LAO(INF012)4b\LAO(INF012)4bmeta.txt"/>
	<entry id="3060120001" project="LAO" informant="INF012" reel="0" region="0" narrative="_I" label="Biographical Information" state="OK" sex="M " age="67" age_level="3" education="4" town="Featherstone" county="Pittsburg" land_regions="D" locality="R" date="1962" latitude="35.08643" longitude="-95.47237" file_name="LAO(INF012)BIO.txt" path_to_file="LAP\Projects\LAO\Speakers\LAO(INF012)\Text\LAO(INF012)BIO.txt"/>
</Audio>