Informant,State,Informant number,Response
TN001,TN,001,-
TN002,TN,002,ait
TN003,TN,003,ait
TN004,TN,004,ait
TN005,TN,005,ait
TN006,TN,006,ait
TN007,TN,007,ait
TN008,TN,008,ait
TN009,TN,009,ait
TN010,TN,010,ait
TN011,TN,011,ait
TN012,TN,012,ait
TN013,TN,013,ait
TN014,TN,014,ait
TN015,TN,015,ait
TN016,TN,016,ait
TN017,TN,017,ait
TN018,TN,018,ait
TN019,TN,019,ait
TN020,TN,020,ait
TN021,TN,021,ait
TN022,TN,022,ait
TN023,TN,023,ait
TN024,TN,024,ait
TN025,TN,025,ait
TN026,TN,026,ait
TN027,TN,027,ait
TN028,TN,028,ait
TN029,TN,029,ait
TN030,TN,030,ait
TN031,TN,031,ait
TN032,TN,032,ait
TN033,TN,033,ait
TN034,TN,034,ait
TN035,TN,035,ait
TN036,TN,036,ait
TN037,TN,037,ait
TN038,TN,038,ait
TN039,TN,039,ait
TN040,TN,040,ait
TN041,TN,041,ait
TN042,TN,042,ait
TN043,TN,043,ait
TN044,TN,044,ait
TN045,TN,045,ait
TN046,TN,046,ait
TN047,TN,047,ait
TN048,TN,048,ait
TN049,TN,049,ait
TN050,TN,050,ait
TN051,TN,051,ait
TN052,TN,052,ait
TN053,TN,053,ait
TN054,TN,054,ait
TN055,TN,055,ai(t)
TN056,TN,056,ait
TN057,TN,057,ait
TN058,TN,058,ait
TN059,TN,059,ait
TN060,TN,060,ait
GA061,GA,061,ait
GA062,GA,062,ait
GA063,GA,063,ait
GA064,GA,064,ait
GA065,GA,065,ait
GA066,GA,066,ait
GA067,GA,067,ait
GA068,GA,068,ait
GA069,GA,069,ait
GA070,GA,070,ait
GA071,GA,071,ait
GA072,GA,072,ait
GA073,GA,073,ait
GA074,GA,074,ait
GA075,GA,075,ait
GA076,GA,076,ait
GA077,GA,077,ait
GA078,GA,078,ait
GA079,GA,079,ait
GA080,GA,080,ait
GA081,GA,081,ait
GA082,GA,082,-
GA083,GA,083,ait
GA084,GA,084,ait
GA085,GA,085,ait
GA086,GA,086,ait
GA087,GA,087,ait
GA088,GA,088,ait
GA089,GA,089,ait
GA090,GA,090,ait
GA091,GA,091,ait
GA092,GA,092,-
GA093,GA,093,ait
GA094,GA,094,ait
GA095,GA,095,ait
GA096,GA,096,ait
GA097,GA,097,ait
GA098,GA,098,ait
GA099,GA,099,ait
GA100,GA,100,ait
GA101,GA,101,ait
GA102,GA,102,ait
GA103,GA,103,ait
GA104,GA,104,ait
GA105,GA,105,ait
GA106,GA,106,ait
GA107,GA,107,ait
GA108,GA,108,ait
GA109,GA,109,ait
GA110,GA,110,ait
GA111,GA,111,ait
GA112,GA,112,ait
GA113,GA,113,ait
GA114,GA,114,ait
GA115,GA,115,ait
GA116,GA,116,ait
GA117,GA,117,ait
GA118,GA,118,ait
GA119,GA,119,ait
GA120,GA,120,ait
GA121,GA,121,ait
GA122,GA,122,ait
GA123,GA,123,ait
GA124,GA,124,ait
GA125,GA,125,ait
GA126,GA,126,ait
GA127,GA,127,ait
GA128,GA,128,ait
GA129,GA,129,ait
GA130,GA,130,ait
GA131,GA,131,ait
GA132,GA,132,ait
GA133,GA,133,ait
GA134,GA,134,ait
GA134,GA,134,ai(t)
GA135,GA,135,ait
GA136,GA,136,ait
GA137,GA,137,ait
GA138,GA,138,ait
GA139,GA,139,ait
GA140,GA,140,ait
GA141,GA,141,ait
GA142,GA,142,ait
GA143,GA,143,ait
GA144,GA,144,ait
GA145,GA,145,ait
GA146,GA,146,ait
GA147,GA,147,ait
GA148,GA,148,ait
GA149,GA,149,ait
GA150,GA,150,ait
GA151,GA,151,ait
GA152,GA,152,ait
GA153,GA,153,ait
GA154,GA,154,ait
GA155,GA,155,ait
GA156,GA,156,ait
GA157,GA,157,ait
GA158,GA,158,ait
GA159,GA,159,ait
GA160,GA,160,ait
GA161,GA,161,ait
GA162,GA,162,ait
GA163,GA,163,ait
GA164,GA,164,ait
GA165,GA,165,ait
GA166,GA,166,ait
GA167,GA,167,ait
GA168,GA,168,ait
GA169,GA,169,ait
GA170,GA,170,ait
GA171,GA,171,ait
GA172,GA,172,ait
GA173,GA,173,ait
GA174,GA,174,ait
GA175,GA,175,ait
GA176,GA,176,ait
GA177,GA,177,ait
GA178,GA,178,ait
GA179,GA,179,et
GA180,GA,180,ait
GA181,GA,181,et
GA182,GA,182,ait
GA183,GA,183,ait
GA184,GA,184,ait
GA185,GA,185,ait
GA186,GA,186,ait
GA187,GA,187,ait
GA188,GA,188,ait
GA189,GA,189,ait
GA190,GA,190,ait
GA191,GA,191,ait
GA192,GA,192,ait
GA193,GA,193,ait
GA194,GA,194,ait
GA195,GA,195,ait
GA196,GA,196,ait
GA197,GA,197,ait
GA198,GA,198,ait
GA199,GA,199,ait
GA200,GA,200,ait
GA201,GA,201,ait
GA202,GA,202,ait
GA203,GA,203,ait
GA204,GA,204,ait
GA205,GA,205,ait
GA206,GA,206,ait
GA207,GA,207,ait
GA208,GA,208,ait
GA209,GA,209,ait
GA210,GA,210,ait
GA211,GA,211,ait
GA212,GA,212,ait
GA213,GA,213,ait
GA214,GA,214,ait
GA215,GA,215,ait
GA216,GA,216,ait
GA217,GA,217,ait
GA218,GA,218,ait
GA219,GA,219,ait
GA220,GA,220,ait
GA221,GA,221,ait
GA222,GA,222,ait
GA223,GA,223,ait
GA224,GA,224,ait
GA225,GA,225,ait
FL226,FL,226,ait
FL227,FL,227,ait
FL228,FL,228,ait
FL229,FL,229,ait
FL230,FL,230,ait
FL231,FL,231,ait
FL232,FL,232,ait
FL233,FL,233,ait
FL234,FL,234,ait
FL235,FL,235,ait
FL236,FL,236,ait
FL237,FL,237,ait
FL238,FL,238,ait
FL239,FL,239,ait
FL240,FL,240,ait
FL241,FL,241,ait
FL242,FL,242,ait
FL243,FL,243,ait
FL244,FL,244,ait
FL245,FL,245,ait
FL246,FL,246,ait
FL247,FL,247,ait
FL248,FL,248,ait
FL249,FL,249,ait
FL250,FL,250,ait
FL251,FL,251,ait
FL252,FL,252,ait
FL253,FL,253,ait
FL254,FL,254,ait
FL255,FL,255,ait
FL256,FL,256,ait
FL257,FL,257,ait
FL258,FL,258,ait
FL259,FL,259,-
FL260,FL,260,ait
FL261,FL,261,ait
FL262,FL,262,ait
FL263,FL,263,ait
FL264,FL,264,ait
FL265,FL,265,ait
FL266,FL,266,ait
FL267,FL,267,ait
FL268,FL,268,ait
FL269,FL,269,ait
FL270,FL,270,ait
FL271,FL,271,ait
FL272,FL,272,-
FL273,FL,273,ait
FL274,FL,274,ait
FL275,FL,275,ait
FL276,FL,276,ait
FL277,FL,277,ait
FL278,FL,278,ait
FL279,FL,279,ait
FL280,FL,280,ait
FL281,FL,281,ait
FL282,FL,282,ait
FL283,FL,283,ait
FL284,FL,284,ait
FL285,FL,285,ait
FL286,FL,286,ait
FL287,FL,287,ait
FL288,FL,288,ait
FL289,FL,289,ait
TN290,TN,290,ait
TN291,TN,291,ait
TN292,TN,292,ait
TN293,TN,293,ait
TN294,TN,294,ait
TN295,TN,295,ait
TN296,TN,296,ait
TN297,TN,297,ait
TN298,TN,298,ait
TN299,TN,299,ait
TN300,TN,300,ait
TN301,TN,301,ait
TN302,TN,302,ait
TN303,TN,303,ait
TN304,TN,304,ait
TN305,TN,305,-
TN306,TN,306,ait
TN307,TN,307,ait
TN308,TN,308,-
TN309,TN,309,ait
TN310,TN,310,ait
TN311,TN,311,ait
TN312,TN,312,ait
TN313,TN,313,ait
TN314,TN,314,ait
TN315,TN,315,ait
TN316,TN,316,ait
TN317,TN,317,ait
TN318,TN,318,ait
TN319,TN,319,-
TN320,TN,320,ait
TN321,TN,321,ait
TN322,TN,322,ait
TN323,TN,323,ait
TN324,TN,324,ait
TN325,TN,325,hait
TN326,TN,326,ait
TN327,TN,327,ait
TN328,TN,328,ait
TN329,TN,329,ait
TN330,TN,330,ait
TN331,TN,331,ait
TN332,TN,332,ait
TN333,TN,333,ait
TN334,TN,334,ait
TN335,TN,335,ait
TN336,TN,336,ait
AL337,AL,337,ait
AL338,AL,338,ait
AL339,AL,339,ait
AL340,AL,340,ait
AL341,AL,341,ait
AL342,AL,342,ait
AL343,AL,343,ait
AL344,AL,344,ait
AL345,AL,345,ait
AL346,AL,346,ait
AL347,AL,347,ait
AL348,AL,348,ait
AL349,AL,349,ait
AL350,AL,350,ait
AL351,AL,351,ait
AL352,AL,352,ait
AL353,AL,353,ait
AL354,AL,354,ait
AL355,AL,355,ait
AL356,AL,356,ait
AL357,AL,357,ait
AL358,AL,358,ait
AL359,AL,359,ait
AL360,AL,360,ait
AL361,AL,361,ait
AL362,AL,362,ait
AL363,AL,363,ait
AL364,AL,364,ait
AL365,AL,365,ait
AL366,AL,366,ait
AL367,AL,367,ait
AL368,AL,368,ait
AL369,AL,369,ait
AL370,AL,370,ait
AL371,AL,371,ait
AL372,AL,372,ait
AL373,AL,373,ait
AL374,AL,374,ait
AL375,AL,375,ait
AL376,AL,376,ait
AL377,AL,377,ait
AL378,AL,378,ait
AL379,AL,379,ait
AL380,AL,380,ait
AL381,AL,381,ait
AL382,AL,382,ait
AL383,AL,383,ait
AL384,AL,384,ait
AL385,AL,385,ait
AL386,AL,386,ait
AL387,AL,387,ait
AL388,AL,388,ait
AL389,AL,389,ait
AL390,AL,390,ait
AL391,AL,391,ait
AL392,AL,392,ait
AL393,AL,393,ait
AL394,AL,394,ait
AL395,AL,395,ait
AL396,AL,396,-
AL397,AL,397,ait
AL398,AL,398,ait
AL399,AL,399,ait
AL400,AL,400,ait
AL401,AL,401,ait
AL402,AL,402,ait
AL403,AL,403,ait
AL404,AL,404,ait
AL405,AL,405,ait
AL406,AL,406,ait
AL407,AL,407,ait
AL408,AL,408,ait
AL409,AL,409,ait
AL410,AL,410,ait
AL411,AL,411,ait
AL412,AL,412,ait
AL413,AL,413,ait
AL414,AL,414,ait
AL415,AL,415,ait
AL416,AL,416,ait
AL417,AL,417,ait
AL418,AL,418,ait
AL419,AL,419,ait
AL420,AL,420,et
AL421,AL,421,ait
AL421,AL,421,hait
AL422,AL,422,ait
AL423,AL,423,ait
AL424,AL,424,ait
AL425,AL,425,ait
AL426,AL,426,ait
AL427,AL,427,ait
AL428,AL,428,ait
AL429,AL,429,ait
AL430,AL,430,ait
AL431,AL,431,ait
AL432,AL,432,ait
AL433,AL,433,ait
AL434,AL,434,ait
AL435,AL,435,ait
AL436,AL,436,ait
AL437,AL,437,ait
AL438,AL,438,ait
AL439,AL,439,ait
AL440,AL,440,-
AL441,AL,441,ait
AL442,AL,442,ait
AL443,AL,443,ait
AL444,AL,444,ait
AL445,AL,445,-
AL446,AL,446,ait
AL447,AL,447,ait
AL448,AL,448,ait
AL449,AL,449,ait
AL450,AL,450,ait
AL451,AL,451,ait
FL452,FL,452,ait
FL453,FL,453,ait
FL454,FL,454,ait
FL455,FL,455,ait
FL456,FL,456,ait
FL457,FL,457,ait
FL458,FL,458,ait
FL459,FL,459,ait
FL460,FL,460,ait
FL461,FL,461,ait
FL462,FL,462,ait
FL463,FL,463,ait
FL464,FL,464,ait
FL465,FL,465,ait
FL466,FL,466,ait
FL467,FL,467,ait
FL468,FL,468,ait
FL469,FL,469,ait
FL470,FL,470,ait
FL471,FL,471,ait
AL472,AL,472,ait
AL473,AL,473,ait
AL474,AL,474,ait
AL475,AL,475,ait
AL476,AL,476,ait
AL477,AL,477,ait
AL478,AL,478,ait
AL479,AL,479,ait
AL480,AL,480,ait
AL481,AL,481,ait
AL482,AL,482,ait
AL483,AL,483,ait
AL484,AL,484,ait
AL485,AL,485,ait
TN486,TN,486,ait
TN487,TN,487,ait
TN488,TN,488,ait
TN489,TN,489,ait
TN490,TN,490,ait
TN491,TN,491,ait
TN492,TN,492,ait
TN493,TN,493,ait
TN494,TN,494,ait
TN495,TN,495,ait
TN496,TN,496,ait
TN497,TN,497,ait
TN498,TN,498,ait
TN499,TN,499,ait
TN500,TN,500,ait
TN501,TN,501,ait
TN502,TN,502,ait
TN503,TN,503,ait
TN504,TN,504,ait
TN505,TN,505,ait
TN506,TN,506,ait
TN507,TN,507,ait
TN508,TN,508,ait
TN509,TN,509,ait
TN510,TN,510,ait
TN511,TN,511,ait
TN512,TN,512,ait
TN513,TN,513,ait
TN514,TN,514,ait
TN515,TN,515,ait
TN516,TN,516,ait
TN517,TN,517,ait
TN518,TN,518,ait
TN519,TN,519,ait
MS520,MS,520,ait
MS521,MS,521,ait
MS522,MS,522,ait
MS523,MS,523,-
MS524,MS,524,ait
MS525,MS,525,ait
MS526,MS,526,ait
MS527,MS,527,ait
MS528,MS,528,ait
MS529,MS,529,-
MS530,MS,530,ait
MS531,MS,531,ait
MS532,MS,532,ait
MS533,MS,533,ait
MS534,MS,534,ait
MS535,MS,535,ait
MS536,MS,536,ait
MS537,MS,537,ait
MS538,MS,538,ait
MS539,MS,539,ait
MS540,MS,540,ait
MS541,MS,541,-
MS542,MS,542,ait
MS543,MS,543,ait
MS544,MS,544,ait
MS545,MS,545,ait
MS546,MS,546,ait
MS547,MS,547,ait
MS548,MS,548,ait
MS549,MS,549,ait
MS550,MS,550,ait
MS551,MS,551,ait
MS552,MS,552,ait
MS553,MS,553,ait
MS554,MS,554,ait
MS555,MS,555,ait
MS556,MS,556,ait
MS557,MS,557,ait
MS558,MS,558,ait
MS559,MS,559,ait
MS560,MS,560,ait
MS561,MS,561,ait
MS562,MS,562,ait
MS563,MS,563,ait
MS564,MS,564,ait
MS565,MS,565,ait
MS566,MS,566,ait
MS567,MS,567,ait
MS568,MS,568,ait
MS569,MS,569,ait
MS570,MS,570,ait
MS571,MS,571,ait
MS572,MS,572,ait
MS573,MS,573,ait
MS574,MS,574,ait
MS575,MS,575,ait
MS576,MS,576,ait
MS577,MS,577,ait
MS578,MS,578,ait
MS579,MS,579,ait
MS580,MS,580,ait
MS581,MS,581,ait
MS582,MS,582,ait
MS583,MS,583,ait
MS584,MS,584,ait
MS585,MS,585,ait
MS586,MS,586,ait
MS587,MS,587,ait
MS588,MS,588,ait
MS589,MS,589,-
MS590,MS,590,ait
MS591,MS,591,ait
MS592,MS,592,ait
MS593,MS,593,ait
MS594,MS,594,ait
MS595,MS,595,ait
MS596,MS,596,ait
MS597,MS,597,ait
MS598,MS,598,ait
MS599,MS,599,ait
MS600,MS,600,eet
MS601,MS,601,ait
MS602,MS,602,ait
MS603,MS,603,ait
MS604,MS,604,ait
MS605,MS,605,ait
MS606,MS,606,ait
MS607,MS,607,ait
MS608,MS,608,ait
MS609,MS,609,ait
MS610,MS,610,ait
MS611,MS,611,ait
MS612,MS,612,ait
MS613,MS,613,ait
MS614,MS,614,ait
MS615,MS,615,ait
MS616,MS,616,ait
MS617,MS,617,ait
MS618,MS,618,ait
MS619,MS,619,ait
MS620,MS,620,ait
MS621,MS,621,ait
MS622,MS,622,ait
MS623,MS,623,ait
MS624,MS,624,ait
MS625,MS,625,ait
MS626,MS,626,ait
MS627,MS,627,ait
MS628,MS,628,ait
MS629,MS,629,ait
LA630,LA,630,ait
LA631,LA,631,ait
LA632,LA,632,ait
LA633,LA,633,ait
LA634,LA,634,ait
LA635,LA,635,ait
LA636,LA,636,ait
LA637,LA,637,ait
LA638,LA,638,ait
LA639,LA,639,ait
LA640,LA,640,ait
LA641,LA,641,ait
LA642,LA,642,ait
LA643,LA,643,ait
LA644,LA,644,ait
LA645,LA,645,ait
LA646,LA,646,ait
LA647,LA,647,ait
LA648,LA,648,ait
LA649,LA,649,ait
LA650,LA,650,ait
LA651,LA,651,ait
LA652,LA,652,ait
LA653,LA,653,ait
LA654,LA,654,ait
LA655,LA,655,ait
LA656,LA,656,ait
LA657,LA,657,ait
LA657X,LA,657X,ait
LA657Y,LA,657Y,ait
LA657Z,LA,657Z,ait
LA658,LA,658,ait
LA659,LA,659,ait
LA660,LA,660,ait
LA661,LA,661,ait
LA662,LA,662,ait
LA663,LA,663,ait
LA664,LA,664,ait
LA665,LA,665,ait
LA666,LA,666,ait
LA667,LA,667,ait
LA668,LA,668,ait
LA669,LA,669,ait
LA670,LA,670,ait
LA671,LA,671,ait
LA672,LA,672,ait
LA673,LA,673,ait
AR674,AR,674,ait
AR675,AR,675,ait
AR676,AR,676,ait
AR677,AR,677,ait
AR678,AR,678,ait
AR679,AR,679,ait
AR680,AR,680,ait
AR681,AR,681,ait
AR682,AR,682,ait
AR683,AR,683,ait
AR684,AR,684,ait
AR685,AR,685,ait
AR686,AR,686,ait
AR687,AR,687,ait
AR688,AR,688,ait
AR689,AR,689,ait
AR690,AR,690,ait
AR691,AR,691,ait
AR692,AR,692,ait
AR693,AR,693,ait
AR694,AR,694,ait
AR695,AR,695,ait
AR696,AR,696,ait
AR697,AR,697,ait
AR698,AR,698,ait
AR699,AR,699,ait
AR700,AR,700,ait
AR701,AR,701,ait
AR702,AR,702,ait
AR703,AR,703,ait
AR704,AR,704,ait
AR705,AR,705,ait
AR706,AR,706,-
AR707,AR,707,ait
AR708,AR,708,ait
AR709,AR,709,ait
AR710,AR,710,ait
AR711,AR,711,ait
AR712,AR,712,ait
AR713,AR,713,ait
AR714,AR,714,ait
AR715,AR,715,ait
AR716,AR,716,ait
AR717,AR,717,ait
AR718,AR,718,ait
AR719,AR,719,ait
AR720,AR,720,ait
AR721,AR,721,ait
AR722,AR,722,ait
AR723,AR,723,ait
AR724,AR,724,ait
AR725,AR,725,ait
AR726,AR,726,ait
AR727,AR,727,ait
AR728,AR,728,ait
AR729,AR,729,ait
AR730,AR,730,ait
AR731,AR,731,ait
AR732,AR,732,ait
AR733,AR,733,ait
AR734,AR,734,ait
AR735,AR,735,ait
AR736,AR,736,ait
AR737,AR,737,ait
AR738,AR,738,ait
AR739,AR,739,-
AR740,AR,740,ait
AR741,AR,741,ait
AR742,AR,742,ait
AR743,AR,743,ait
AR744,AR,744,ait
AR745,AR,745,ait
AR746,AR,746,ait
AR747,AR,747,ait
AR748,AR,748,ait
AR749,AR,749,ait
AR750,AR,750,ait
AR751,AR,751,ait
AR752,AR,752,ait
AR753,AR,753,ait
AR754,AR,754,ait
AR755,AR,755,ait
LA756,LA,756,ait
LA757,LA,757,ait
LA758,LA,758,ait
LA759,LA,759,ait
LA760,LA,760,ait
LA761,LA,761,ait
LA762,LA,762,ait
LA763,LA,763,ait
LA764,LA,764,ait
LA765,LA,765,ait
LA766,LA,766,ait
LA767,LA,767,ait
LA768,LA,768,ait
LA769,LA,769,ait
LA770,LA,770,ait
LA771,LA,771,ait
LA772,LA,772,ait
LA773,LA,773,ait
LA774,LA,774,ait
LA775,LA,775,ait
LA776,LA,776,ait
LA777,LA,777,ait
LA778,LA,778,ait
LA779,LA,779,ait
LA780,LA,780,ait
LA781,LA,781,ait
LA782,LA,782,ait
LA783,LA,783,ait
LA784,LA,784,ait
LA785,LA,785,ait
LA786,LA,786,ait
LA787,LA,787,ait
LA788,LA,788,ait
LA788,LA,788,et
LA789,LA,789,ait
LA790,LA,790,ait
LA791,LA,791,ait
LA792,LA,792,ait
LA793,LA,793,ait
LA794,LA,794,ait
LA795,LA,795,ait
LA796,LA,796,ait
LA797,LA,797,ait
LA798,LA,798,ait
LA799,LA,799,-
LA800,LA,800,ait
LA801,LA,801,ait
LA802,LA,802,ait
LA803,LA,803,ait
LA804,LA,804,ait
LA805,LA,805,ait
LA806,LA,806,ait
LA807,LA,807,ait
LA808,LA,808,ait
LA809,LA,809,ait
LA810,LA,810,ait
LA811,LA,811,ait
LA812,LA,812,ait
LA813,LA,813,ait
LA814,LA,814,ait
LA815,LA,815,ait
LA816,LA,816,ait
LA817,LA,817,ait
TX818,TX,818,ait
TX819,TX,819,ait
TX820,TX,820,ait
TX821,TX,821,ait
TX822,TX,822,ait
TX823,TX,823,ait
TX824,TX,824,ait
TX825,TX,825,ait
TX826,TX,826,ait
TX827,TX,827,ait
TX828,TX,828,ait
TX829,TX,829,ait
TX830,TX,830,ait
TX831,TX,831,ait
TX832,TX,832,ait
TX833,TX,833,ait
TX834,TX,834,ait
TX835,TX,835,ait
TX836,TX,836,ait
TX837,TX,837,ait
TX838,TX,838,ait
TX839,TX,839,ait
TX840,TX,840,ait
TX841,TX,841,ait
TX842,TX,842,ait
TX843,TX,843,ait
TX844,TX,844,ait
TX845,TX,845,-
TX846,TX,846,ait
TX847,TX,847,-
TX848,TX,848,ait
TX849,TX,849,ait
TX850,TX,850,ait
TX851,TX,851,ait
TX852,TX,852,ait
TX853,TX,853,ait
TX854,TX,854,ait
TX855,TX,855,ait
TX856,TX,856,ait
TX857,TX,857,ait
TX858,TX,858,ait
TX859,TX,859,ait
TX860,TX,860,ait
TX861,TX,861,ait
TX862,TX,862,ait
TX863,TX,863,ait
TX864,TX,864,ait
TX865,TX,865,ait
TX866,TX,866,ait
TX867,TX,867,ait
TX868,TX,868,ait
TX869,TX,869,ait
TX870,TX,870,ait
TX871,TX,871,-
TX872,TX,872,-
TX873,TX,873,ait
TX874,TX,874,ait
TX875,TX,875,ait
TX876,TX,876,ait
TX877,TX,877,ait
TX878,TX,878,ait
TX879,TX,879,ait
TX880,TX,880,ait
TX881,TX,881,-
TX882,TX,882,ait
TX883,TX,883,ait
TX884,TX,884,ait
TX885,TX,885,ait
TX886,TX,886,ait
TX887,TX,887,ait
TX888,TX,888,ait
TX889,TX,889,ait
TX890,TX,890,ait
TX891,TX,891,ait
TX892,TX,892,ait
TX893,TX,893,ait
TX894,TX,894,ait
TX895,TX,895,ait
TX896,TX,896,et
TX897,TX,897,ait
TX898,TX,898,ait
TX899,TX,899,ait
TX900,TX,900,ait
TX901,TX,901,ait
TX902,TX,902,ait
TX903,TX,903,ait
TX904,TX,904,ait
TX905,TX,905,ait
TX906,TX,906,ait
TX907,TX,907,ait
TX908,TX,908,ait
TX909,TX,909,ait
TX910,TX,910,ait
TX911,TX,911,ait
