Informant,State,Informant number,Response
TN001,TN,001,foerth
TN002,TN,002,foerth
TN003,TN,003,foerth
TN004,TN,004,foerth
TN005,TN,005,foerth
TN006,TN,006,foer(th)
TN007,TN,007,foerth
TN008,TN,008,-
TN009,TN,009,foerth
TN010,TN,010,faw[r]th
TN011,TN,011,foe[r]th
TN012,TN,012,foerth
TN013,TN,013,foerth
TN014,TN,014,foerth
TN015,TN,015,foerth
TN016,TN,016,foe{r}th
TN017,TN,017,foerth
TN018,TN,018,foerth
TN019,TN,019,foerth
TN020,TN,020,foerth
TN021,TN,021,foerth
TN022,TN,022,foe[r]th
TN023,TN,023,foerth
TN024,TN,024,foerth
TN025,TN,025,-
TN026,TN,026,foerth
TN027,TN,027,foerth
TN028,TN,028,foerth
TN029,TN,029,foe[r]th
TN030,TN,030,foe(r)th
TN031,TN,031,foerth
TN032,TN,032,foerth
TN033,TN,033,foerth
TN034,TN,034,foe[r]th
TN035,TN,035,foerth
TN036,TN,036,foerth
TN037,TN,037,foerth
TN038,TN,038,foe{r}th
TN039,TN,039,foerth
TN040,TN,040,foe{r}th
TN041,TN,041,foerth
TN042,TN,042,foers
TN043,TN,043,foerth
TN044,TN,044,foerth
TN045,TN,045,foerth
TN046,TN,046,foerth
TN047,TN,047,foerth
TN048,TN,048,foerth
TN049,TN,049,foe{r}th
TN050,TN,050,foerth
TN051,TN,051,foerth
TN052,TN,052,-
TN053,TN,053,foerth
TN054,TN,054,-
TN055,TN,055,foerth
TN056,TN,056,foerth
TN057,TN,057,foerth
TN058,TN,058,foerth
TN059,TN,059,foerth
TN060,TN,060,foerth
GA061,GA,061,-
GA062,GA,062,foerth
GA062,GA,062,foers
GA063,GA,063,-
GA064,GA,064,foerth
GA065,GA,065,foerth
GA066,GA,066,-
GA067,GA,067,foe{r}th
GA068,GA,068,-
GA069,GA,069,foerth
GA070,GA,070,foerth
GA071,GA,071,foe{r}th
GA072,GA,072,foerth
GA073,GA,073,foerth
GA074,GA,074,foe(r)th
GA075,GA,075,foerth
GA076,GA,076,foe{r}th
GA077,GA,077,-
GA078,GA,078,foe[r]th
GA079,GA,079,-
GA080,GA,080,-
GA081,GA,081,foerth
GA082,GA,082,-
GA083,GA,083,foe(r)th
GA084,GA,084,foe[r]th
GA085,GA,085,foe(r)th
GA086,GA,086,foe[r]th
GA087,GA,087,foerth
GA088,GA,088,fawrth
GA089,GA,089,faw[r]th
GA090,GA,090,foe[r]th
GA091,GA,091,foerth
GA092,GA,092,-
GA093,GA,093,foe[r]th
GA094,GA,094,foe[r]th
GA095,GA,095,foe[r]th
GA096,GA,096,foe(r)th
GA097,GA,097,foe[r]th
GA098,GA,098,foe(r)v
GA099,GA,099,foe[r]th
GA100,GA,100,foe[r]th
GA101,GA,101,foerth
GA102,GA,102,-
GA103,GA,103,foe[r]th
GA104,GA,104,foerth
GA105,GA,105,foe[r]th
GA106,GA,106,foerth
GA107,GA,107,foe{r}th
GA108,GA,108,foerth
GA109,GA,109,foe[r]th
GA110,GA,110,-
GA111,GA,111,foe[r]th
GA112,GA,112,foe[r]th
GA113,GA,113,foe(r)th
GA114,GA,114,-
GA115,GA,115,-
GA116,GA,116,foe(r)f
GA117,GA,117,foe[r]th
GA118,GA,118,foe[r]th
GA119,GA,119,foe[r](th)
GA120,GA,120,foe{r}th
GA121,GA,121,foe[r]th
GA122,GA,122,foe[r]th
GA123,GA,123,foe[r]th
GA124,GA,124,foe{r}th
GA125,GA,125,foe(r)th
GA126,GA,126,foe(r)th
GA127,GA,127,-
GA128,GA,128,-
GA129,GA,129,foe(r)th
GA130,GA,130,foe[r]th
GA131,GA,131,foe[r]th
GA132,GA,132,-
GA133,GA,133,foe[r]th
GA134,GA,134,foe(r)f
GA135,GA,135,foe[r]th
GA136,GA,136,foe[r]th
GA137,GA,137,foe[r]th
GA138,GA,138,foe[r]th
GA139,GA,139,foe[r]th
GA140,GA,140,foe(r)th
GA141,GA,141,foe[r]th
GA142,GA,142,foe[r]th
GA143,GA,143,foe[r]th
GA144,GA,144,foe[r]th
GA145,GA,145,-
GA146,GA,146,foe[r]th
GA147,GA,147,-
GA148,GA,148,-
GA149,GA,149,foe[r]th
GA150,GA,150,foe{r}th
GA151,GA,151,foe[r]th
GA152,GA,152,fawrth
GA153,GA,153,-
GA154,GA,154,-
GA155,GA,155,-
GA156,GA,156,-
GA157,GA,157,-
GA158,GA,158,-
GA159,GA,159,foerth
GA160,GA,160,-
GA161,GA,161,foe(r)th
GA162,GA,162,foe(r)th
GA163,GA,163,foe(r)th
GA164,GA,164,foerth
GA165,GA,165,-
GA166,GA,166,foe[r]th
GA167,GA,167,foe[r]th
GA168,GA,168,-
GA169,GA,169,-
GA170,GA,170,foe[r]th
GA171,GA,171,foe{r}th
GA172,GA,172,foe[r]th
GA173,GA,173,-
GA174,GA,174,foe[r]th
GA175,GA,175,foe[r]th
GA176,GA,176,foerth
GA177,GA,177,foe[r]th
GA178,GA,178,-
GA179,GA,179,foe[r]th
GA180,GA,180,foe[r]th
GA181,GA,181,-
GA182,GA,182,foe(r)th
GA183,GA,183,foe[r]th
GA184,GA,184,-
GA185,GA,185,foerth
GA186,GA,186,foerth
GA187,GA,187,-
GA188,GA,188,foe(r)th
GA189,GA,189,foe[r]th
GA190,GA,190,foe[r]th
GA191,GA,191,foe[r]th
GA192,GA,192,foer(th)
GA193,GA,193,foerth
GA194,GA,194,foe(r)th
GA195,GA,195,-
GA196,GA,196,-
GA197,GA,197,-
GA198,GA,198,foe[r]th
GA199,GA,199,-
GA200,GA,200,foe[r]th
GA201,GA,201,foe[r]f
GA202,GA,202,foe[r]th
GA203,GA,203,foerth
GA204,GA,204,-
GA205,GA,205,-
GA206,GA,206,foerth
GA207,GA,207,foe[r]th
GA208,GA,208,foe{r}th
GA209,GA,209,foe[r]th
GA210,GA,210,foe[r]th
GA211,GA,211,foerth
GA212,GA,212,foerth
GA213,GA,213,-
GA214,GA,214,foe[r]th
GA215,GA,215,foe[r]t
GA216,GA,216,foe[r]th
GA217,GA,217,foe(r)th
GA218,GA,218,-
GA219,GA,219,foe[r]th
GA220,GA,220,foerth
GA221,GA,221,foe[r]th
GA222,GA,222,foe[r]s
GA223,GA,223,foerth
GA224,GA,224,-
GA225,GA,225,-
FL226,FL,226,foe[r]th
FL227,FL,227,foe[r]f
FL228,FL,228,foe{r}th
FL229,FL,229,foe[r]th
FL230,FL,230,foer(th)
FL231,FL,231,foerth
FL232,FL,232,foerth
FL233,FL,233,foerth
FL234,FL,234,foe(r)th
FL235,FL,235,-
FL236,FL,236,foerth
FL237,FL,237,foe{r}th
FL238,FL,238,foerth
FL239,FL,239,foerth
FL240,FL,240,foe[r]th
FL241,FL,241,foe[r]th
FL242,FL,242,foerth
FL243,FL,243,foerth
FL244,FL,244,-
FL245,FL,245,foe[r]th
FL246,FL,246,foe[r]th
FL247,FL,247,foerth
FL248,FL,248,foe[r]th
FL249,FL,249,foerth
FL250,FL,250,foe{r}th
FL251,FL,251,-
FL252,FL,252,-
FL253,FL,253,foerth
FL254,FL,254,foe{r}th
FL255,FL,255,foe{r}th
FL256,FL,256,foe(r)th
FL257,FL,257,foerth
FL258,FL,258,foe{r}th
FL259,FL,259,foe{r}th
FL260,FL,260,-
FL261,FL,261,foerth
FL262,FL,262,-
FL263,FL,263,foe[r]th
FL264,FL,264,foe{r}th
FL265,FL,265,foe[r](th)
FL266,FL,266,foerth
FL267,FL,267,-
FL268,FL,268,-
FL269,FL,269,foe[r]th
FL270,FL,270,faw[r]th
FL271,FL,271,foe[r]th
FL272,FL,272,foerth
FL273,FL,273,foerth
FL274,FL,274,foerth
FL275,FL,275,foe[r]th
FL276,FL,276,foerth
FL277,FL,277,foe{r}th
FL278,FL,278,foerth
FL279,FL,279,foerth
FL280,FL,280,foe{r}s
FL281,FL,281,foe[r]th
FL282,FL,282,-
FL283,FL,283,foe[r]th
FL284,FL,284,foerth
FL285,FL,285,foe{r}th
FL286,FL,286,foerth
FL287,FL,287,foe[r]th
FL288,FL,288,-
FL289,FL,289,foe[r]th
TN290,TN,290,foerth
TN291,TN,291,foerth
TN292,TN,292,foerth
TN293,TN,293,foerth
TN294,TN,294,foerth
TN295,TN,295,foe[r]th
TN296,TN,296,foerth
TN297,TN,297,foerth
TN298,TN,298,foe[r]th
TN299,TN,299,foerth
TN300,TN,300,foerth
TN301,TN,301,foe[r]th
TN302,TN,302,foerth
TN303,TN,303,foe{r}th
TN304,TN,304,foe{r}th
TN305,TN,305,-
TN306,TN,306,foe[r]th
TN307,TN,307,foerth
TN308,TN,308,-
TN309,TN,309,-
TN310,TN,310,foerth
TN311,TN,311,foe{r}th
TN312,TN,312,-
TN313,TN,313,foe(r)th
TN314,TN,314,foerth
TN315,TN,315,foerth
TN315,TN,315,foe{r}th
TN316,TN,316,foe(r)th
TN317,TN,317,foe{r}th
TN318,TN,318,foerth
TN319,TN,319,-
TN320,TN,320,foerth
TN321,TN,321,foe[r]th
TN322,TN,322,foerth
TN323,TN,323,foerth
TN324,TN,324,foerth
TN325,TN,325,foe[r]th
TN326,TN,326,foe[r]th
TN327,TN,327,foe{r}th
TN328,TN,328,foe[r]th
TN329,TN,329,foe{r}th
TN330,TN,330,foe[r](th)
TN331,TN,331,foe[r]th
TN332,TN,332,foe[r]th
TN333,TN,333,foerth
TN334,TN,334,foerth
TN335,TN,335,foerth
TN336,TN,336,foerth
AL337,AL,337,foe[r]th
AL338,AL,338,foe{r}th
AL339,AL,339,foerth
AL340,AL,340,foe(r)th
AL341,AL,341,foe{r}th
AL342,AL,342,-
AL343,AL,343,foerth
AL344,AL,344,-
AL345,AL,345,foe[r]th
AL346,AL,346,foe[r]th
AL347,AL,347,foe(r)th
AL348,AL,348,foerth
AL349,AL,349,foe[r]th
AL350,AL,350,-
AL351,AL,351,foe[r]th
AL352,AL,352,foe{r}th
AL353,AL,353,foe[r]th
AL354,AL,354,foerth
AL355,AL,355,foerth
AL356,AL,356,foe{r}th
AL357,AL,357,foe[r]th
AL358,AL,358,foe[r]th
AL359,AL,359,foe{r}th
AL360,AL,360,foerth
AL361,AL,361,foe(r)th
AL362,AL,362,foerth
AL363,AL,363,foerth
AL364,AL,364,foe[r]th
AL365,AL,365,foerth
AL366,AL,366,-
AL367,AL,367,-
AL368,AL,368,foerth
AL369,AL,369,foe[r]th
AL370,AL,370,foe{r}th
AL371,AL,371,-
AL372,AL,372,foe[r]th
AL373,AL,373,foe[r]th
AL374,AL,374,foe(r)th
AL375,AL,375,foerth
AL376,AL,376,-
AL377,AL,377,-
AL378,AL,378,foe[r]th
AL379,AL,379,foe[r]th
AL380,AL,380,-
AL381,AL,381,foerth
AL382,AL,382,foe[r]th
AL383,AL,383,foerth
AL384,AL,384,foerth
AL385,AL,385,foe[r]th
AL386,AL,386,foe[r]th
AL387,AL,387,foerth
AL388,AL,388,foe{r}th
AL389,AL,389,foe[r]th
AL390,AL,390,foe[r]th
AL391,AL,391,foerth
AL392,AL,392,foe(r)th
AL393,AL,393,foe(r)th
AL394,AL,394,foe(r)th
AL395,AL,395,foe[r]th
AL396,AL,396,-
AL397,AL,397,foerth
AL398,AL,398,foe[r]th
AL399,AL,399,foe(r)th
AL400,AL,400,foe[r]th
AL401,AL,401,-
AL402,AL,402,foe[r]th
AL403,AL,403,foe[r]t
AL404,AL,404,foe[r]th
AL405,AL,405,foerth
AL406,AL,406,foe[r]th
AL407,AL,407,foe[r]f
AL408,AL,408,foerth
AL409,AL,409,foe[r]th
AL410,AL,410,foe(r)th
AL411,AL,411,-
AL412,AL,412,-
AL413,AL,413,-
AL414,AL,414,foe[r]th
AL415,AL,415,foe{r}th
AL416,AL,416,foe[r]th
AL417,AL,417,foe[r]th
AL418,AL,418,foe{r}th
AL419,AL,419,foe{r}th
AL420,AL,420,-
AL421,AL,421,foe{r}f
AL422,AL,422,foe[r]th
AL423,AL,423,foerth
AL424,AL,424,foe{r}(th)
AL425,AL,425,foe{r}th
AL426,AL,426,foerth
AL427,AL,427,foe{r}th
AL428,AL,428,foe[r](th)
AL429,AL,429,foe[r]th
AL430,AL,430,foe[r]th
AL431,AL,431,foe{r}th
AL432,AL,432,foe(r)th
AL433,AL,433,foe[r]th
AL434,AL,434,foe[r]th
AL435,AL,435,foe[r]th
AL436,AL,436,foerth
AL437,AL,437,foerth
AL438,AL,438,foe(r)f
AL439,AL,439,foe[r]th
AL440,AL,440,-
AL441,AL,441,foe(r)th
AL442,AL,442,foe[r]th
AL443,AL,443,foerth
AL444,AL,444,foe[r]th
AL445,AL,445,foe[r]th
AL446,AL,446,foerth
AL447,AL,447,foerth
AL448,AL,448,foe{r}th
AL449,AL,449,foe(r)th
AL450,AL,450,foe[r]th
AL451,AL,451,foe[r]th
FL452,FL,452,foe{r}th
FL453,FL,453,-
FL454,FL,454,foe[r]th
FL455,FL,455,foerth
FL456,FL,456,foe[r]th
FL457,FL,457,foerth
FL458,FL,458,foerth
FL459,FL,459,-
FL460,FL,460,foe{r}th
FL461,FL,461,foerth
FL462,FL,462,foe[r]th
FL463,FL,463,-
FL464,FL,464,foe(r)f
FL465,FL,465,foe{r}th
FL466,FL,466,foerth
FL467,FL,467,-
FL468,FL,468,foe(r)th
FL469,FL,469,foe{r}th
FL470,FL,470,foe{r}th
FL471,FL,471,foe[r]th
AL472,AL,472,foe[r]th
AL473,AL,473,-
AL474,AL,474,foerth
AL475,AL,475,foe[r]th
AL476,AL,476,foe(r)th
AL477,AL,477,foerth
AL478,AL,478,foe[r]f
AL479,AL,479,foe[r]th
AL480,AL,480,foe(r)th
AL481,AL,481,-
AL482,AL,482,foe[r]th
AL483,AL,483,foer(th)
AL484,AL,484,foerth
AL485,AL,485,foe[r]th
TN486,TN,486,-
TN487,TN,487,foe[r]th
TN488,TN,488,-
TN489,TN,489,foe{r}th
TN490,TN,490,foerth
TN491,TN,491,-
TN492,TN,492,foerth
TN493,TN,493,foe[r]th
TN494,TN,494,-
TN495,TN,495,foerth
TN496,TN,496,foerth
TN497,TN,497,-
TN498,TN,498,foerth
TN499,TN,499,foe[r]th
TN500,TN,500,-
TN501,TN,501,foe[r]th
TN502,TN,502,foe{r}th
TN503,TN,503,foe(r)f
TN504,TN,504,foe[r]th
TN505,TN,505,foe[r]th
TN506,TN,506,foe[r]th
TN507,TN,507,-
TN508,TN,508,foe{r}th
TN508,TN,508,foe[r]th
TN509,TN,509,foe[r]th
TN510,TN,510,foe(r)th
TN511,TN,511,-
TN512,TN,512,foe[r]th
TN513,TN,513,foe[r]th
TN514,TN,514,foe[r]th
TN515,TN,515,foerth
TN516,TN,516,foerth
TN517,TN,517,foerth
TN518,TN,518,foe{r}th
TN519,TN,519,foe{r}th
MS520,MS,520,-
MS521,MS,521,faw[r]th
MS522,MS,522,foe[r]th
MS523,MS,523,-
MS524,MS,524,foerth
MS525,MS,525,foe{r}th
MS526,MS,526,-
MS527,MS,527,foe{r}th
MS528,MS,528,-
MS529,MS,529,-
MS530,MS,530,foe{r}th
MS531,MS,531,foe[r]th
MS532,MS,532,foe(r)th
MS533,MS,533,foerth
MS534,MS,534,foe{r}th
MS535,MS,535,foerth
MS536,MS,536,foe{r}th
MS537,MS,537,foe[r]th
MS538,MS,538,foe[r]th
MS539,MS,539,foe[r]th
MS540,MS,540,foe[r]th
MS541,MS,541,-
MS542,MS,542,foe[r]th
MS543,MS,543,foe(r)th
MS544,MS,544,foe{r}th
MS545,MS,545,foe[r]th
MS546,MS,546,-
MS547,MS,547,foe{r}th
MS548,MS,548,foerth
MS549,MS,549,foerth
MS550,MS,550,-
MS551,MS,551,foerth
MS552,MS,552,-
MS553,MS,553,-
MS554,MS,554,-
MS555,MS,555,-
MS556,MS,556,foe[r]th
MS557,MS,557,foe[r]th
MS558,MS,558,foe[r]th
MS559,MS,559,foerth
MS560,MS,560,-
MS561,MS,561,-
MS562,MS,562,foe[r]th
MS563,MS,563,foe{r}th
MS564,MS,564,foe[r]th
MS565,MS,565,foe[r]th
MS566,MS,566,foe(r)th
MS567,MS,567,foe(r)th
MS568,MS,568,-
MS569,MS,569,foe[r]th
MS570,MS,570,foe[r]th
MS571,MS,571,foe[r]th
MS572,MS,572,foe[r]th
MS573,MS,573,foe(r)th
MS574,MS,574,foe[r]th
MS575,MS,575,foe[r]th
MS576,MS,576,foe{r}th
MS577,MS,577,foe(r)th
MS578,MS,578,foe{r}th
MS579,MS,579,foe[r]th
MS580,MS,580,foe(r)th
MS581,MS,581,foe[r]th
MS582,MS,582,foe[r]th
MS583,MS,583,foe[r]th
MS584,MS,584,foe{r}th
MS585,MS,585,foe(r)th
MS586,MS,586,-
MS587,MS,587,-
MS588,MS,588,foe[r]th
MS589,MS,589,-
MS590,MS,590,foe[r]th
MS591,MS,591,foerth
MS592,MS,592,foerth
MS593,MS,593,foe(r)th
MS594,MS,594,foe[r]th
MS595,MS,595,foerth
MS596,MS,596,foe[r]th
MS597,MS,597,foe{r}th
MS598,MS,598,foe[r]s
MS599,MS,599,foerth
MS600,MS,600,foors
MS601,MS,601,foerth
MS602,MS,602,foer(th)
MS603,MS,603,-
MS604,MS,604,-
MS605,MS,605,foerth
MS606,MS,606,foe[r]th
MS607,MS,607,foe[r]th
MS608,MS,608,foe{r}th
MS609,MS,609,foe(r)th
MS610,MS,610,foe[r]t
MS611,MS,611,fawrth
MS612,MS,612,foe(r)s
MS613,MS,613,foe[r]th
MS614,MS,614,-
MS615,MS,615,foe{r}th
MS616,MS,616,-
MS617,MS,617,foe(r)th
MS618,MS,618,-
MS619,MS,619,foe(r)t
MS620,MS,620,foe[r]th
MS621,MS,621,foe(r)f
MS622,MS,622,foerth
MS623,MS,623,foe{r}th
MS624,MS,624,foerth
MS625,MS,625,-
MS626,MS,626,-
MS627,MS,627,foe(r)th
MS628,MS,628,foerth
MS629,MS,629,foerth
LA630,LA,630,foe[r]th
LA631,LA,631,foerth
LA632,LA,632,foe[r]th
LA633,LA,633,foe{r}th
LA634,LA,634,foe[r]th
LA635,LA,635,foe{r}th
LA636,LA,636,-
LA637,LA,637,foe[r]th
LA638,LA,638,foe[r]th
LA639,LA,639,foe{r}th
LA640,LA,640,foe[r]th
LA641,LA,641,foe(r)th
LA642,LA,642,-
LA643,LA,643,foerth
LA644,LA,644,-
LA645,LA,645,foe[r]th
LA646,LA,646,foerth
LA647,LA,647,foe[r]t
LA648,LA,648,foe[r]th
LA649,LA,649,foerth
LA650,LA,650,foe[r]th
LA651,LA,651,-
LA652,LA,652,foerth
LA653,LA,653,foe{r}th
LA654,LA,654,foe[r]t
LA655,LA,655,foerth
LA656,LA,656,foerth
LA657,LA,657,foe[r]th
LA657X,LA,657X,foe[r]th
LA657Y,LA,657Y,foe[r]th
LA657Z,LA,657Z,foe[r]th
LA658,LA,658,foe{r}t
LA659,LA,659,foe[r]th
LA660,LA,660,foe(r)th
LA661,LA,661,foe[r]th
LA662,LA,662,foe[r]th
LA663,LA,663,foe(r)th
LA664,LA,664,foe(r)th
LA665,LA,665,foe[r]th
LA666,LA,666,foe(r)th
LA667,LA,667,foe(r)th
LA668,LA,668,foe[r]th
LA669,LA,669,foe[r]th
LA670,LA,670,foerth
LA671,LA,671,foe[r]th
LA672,LA,672,foe(r)th
LA673,LA,673,foe[r]th
AR674,AR,674,foerth
AR675,AR,675,foerth
AR676,AR,676,foe(r)th
AR677,AR,677,foerth
AR678,AR,678,foerth
AR679,AR,679,fawrth
AR680,AR,680,foerth
AR681,AR,681,foerth
AR682,AR,682,foerth
AR683,AR,683,foerth
AR684,AR,684,foerth
AR685,AR,685,foerth
AR686,AR,686,foe{r}th
AR687,AR,687,foerth
AR688,AR,688,foe[r]th
AR689,AR,689,foerth
AR690,AR,690,foe[r]th
AR691,AR,691,foerth
AR692,AR,692,foe[r]th
AR693,AR,693,foerth
AR694,AR,694,foerth
AR695,AR,695,foerth
AR696,AR,696,foe[r]th
AR697,AR,697,foe{r}th
AR698,AR,698,foerth
AR699,AR,699,foe[r]th
AR700,AR,700,foerth
AR701,AR,701,foe[r]th
AR701,AR,701,foe(rth)
AR702,AR,702,-
AR703,AR,703,-
AR704,AR,704,foe[r]th
AR705,AR,705,foe{r}th
AR706,AR,706,-
AR707,AR,707,foerf
AR708,AR,708,foe[r](th)
AR709,AR,709,foerth
AR710,AR,710,foerth
AR711,AR,711,foerth
AR712,AR,712,foerth
AR713,AR,713,foerth
AR714,AR,714,foer(th)
AR715,AR,715,-
AR716,AR,716,-
AR717,AR,717,-
AR718,AR,718,foe[r]th
AR719,AR,719,foerth
AR720,AR,720,foerth
AR721,AR,721,foerth
AR722,AR,722,foe{r}th
AR723,AR,723,foerth
AR724,AR,724,foerth
AR725,AR,725,foerth
AR726,AR,726,foerth
AR727,AR,727,-
AR728,AR,728,foe[r]th
AR729,AR,729,foerth
AR730,AR,730,foerth
AR731,AR,731,foerth
AR732,AR,732,foerth
AR733,AR,733,-
AR734,AR,734,-
AR735,AR,735,-
AR736,AR,736,-
AR737,AR,737,foerth
AR738,AR,738,foerth
AR739,AR,739,-
AR740,AR,740,foerth
AR741,AR,741,foerth
AR742,AR,742,-
AR743,AR,743,-
AR744,AR,744,foe[r]th
AR745,AR,745,-
AR746,AR,746,foe(r)th
AR747,AR,747,-
AR748,AR,748,foe[r]th
AR749,AR,749,foe{r}th
AR750,AR,750,foe{r}th
AR751,AR,751,foerth
AR752,AR,752,foerth
AR753,AR,753,foerth
AR754,AR,754,foe(r)th
AR755,AR,755,foe(r)th
LA756,LA,756,foe[r]th
LA757,LA,757,foe[r]th
LA758,LA,758,foerf
LA759,LA,759,foerth
LA760,LA,760,-
LA761,LA,761,foe[r]f
LA762,LA,762,foerth
LA763,LA,763,-
LA764,LA,764,foe[r]th
LA765,LA,765,foerth
LA766,LA,766,foe[r]th
LA767,LA,767,foerth
LA768,LA,768,foe[r](th)
LA769,LA,769,foe[r]th
LA770,LA,770,foe{r}th
LA771,LA,771,foe(rth)
LA772,LA,772,foe[r]th
LA773,LA,773,foe[r]th
LA774,LA,774,-
LA775,LA,775,foe[r]th
LA776,LA,776,foerth
LA777,LA,777,foe[r]th
LA778,LA,778,foerth
LA779,LA,779,foerth
LA780,LA,780,foerth
LA781,LA,781,foe{r}th
LA782,LA,782,foerth
LA783,LA,783,foerth
LA784,LA,784,foe(r)th
LA785,LA,785,foerth
LA786,LA,786,foe{r}th
LA787,LA,787,foerth
LA788,LA,788,-
LA789,LA,789,foe(r)f
LA790,LA,790,-
LA791,LA,791,foe[r]th
LA792,LA,792,foerth
LA793,LA,793,-
LA794,LA,794,foerth
LA795,LA,795,foe[r]th
LA796,LA,796,foe(r)th
LA797,LA,797,foe[r]th
LA798,LA,798,foe{r}th
LA799,LA,799,-
LA800,LA,800,foerth
LA801,LA,801,foerth
LA802,LA,802,foe{r}th
LA803,LA,803,foe(r)th
LA804,LA,804,-
LA805,LA,805,foe{r}th
LA806,LA,806,foe{r}t
LA807,LA,807,foe(r)th
LA808,LA,808,foe[r]t
LA809,LA,809,foe[r]th
LA810,LA,810,foe[r]th
LA811,LA,811,foe[r]th
LA811,LA,811,foe(r)dh
LA812,LA,812,foerth
LA812,LA,812,foe[r]th
LA813,LA,813,foe[r]th
LA814,LA,814,foe(r)th
LA815,LA,815,foe[r]th
LA816,LA,816,foerth
LA817,LA,817,foe[r]th
TX818,TX,818,-
TX819,TX,819,foerth
TX820,TX,820,foerth
TX821,TX,821,foe(rth)
TX822,TX,822,foerth
TX823,TX,823,foerth
TX824,TX,824,foerth
TX825,TX,825,foe[r]th
TX826,TX,826,foerth
TX827,TX,827,foerth
TX828,TX,828,foe[r]th
TX829,TX,829,foe[r]th
TX830,TX,830,foe[r]th
TX831,TX,831,foerth
TX832,TX,832,foe[r]th
TX833,TX,833,foe{r}th
TX834,TX,834,foe{r}th
TX835,TX,835,foe{r}th
TX836,TX,836,foerth
TX837,TX,837,-
TX838,TX,838,-
TX839,TX,839,-
TX840,TX,840,-
TX841,TX,841,foerth
TX842,TX,842,foerth
TX843,TX,843,foerth
TX844,TX,844,foerth
TX845,TX,845,foe{r}th
TX846,TX,846,foe[r]th
TX847,TX,847,-
TX848,TX,848,foe[r]th
TX849,TX,849,-
TX850,TX,850,foerth
TX851,TX,851,-
TX852,TX,852,foe{r}th
TX853,TX,853,foerth
TX854,TX,854,foe[r]th
TX855,TX,855,foerth
TX856,TX,856,foe[r]th
TX857,TX,857,foe[r]th
TX858,TX,858,foe[r]th
TX859,TX,859,foerth
TX860,TX,860,foe(r)th
TX861,TX,861,foerth
TX862,TX,862,foerth
TX863,TX,863,foerth
TX864,TX,864,foe(r)th
TX865,TX,865,foerth
TX866,TX,866,foe{r}th
TX867,TX,867,foe[r]th
TX868,TX,868,foe[r]th
TX869,TX,869,foe[r]th
TX870,TX,870,foerth
TX871,TX,871,-
TX872,TX,872,-
TX873,TX,873,foe[r]th
TX874,TX,874,foe[r]th
TX875,TX,875,foe[r]th
TX876,TX,876,foe[r]th
TX877,TX,877,foerth
TX878,TX,878,foerth
TX879,TX,879,-
TX880,TX,880,foe(r)th
TX881,TX,881,-
TX882,TX,882,-
TX883,TX,883,-
TX884,TX,884,foe[r]th
TX885,TX,885,foerth
TX886,TX,886,fawrth
TX887,TX,887,foerth
TX888,TX,888,faw{r}th
TX889,TX,889,foe{r}th
TX890,TX,890,foe[r]th
TX891,TX,891,foerth
TX892,TX,892,foerth
TX893,TX,893,foerth
TX894,TX,894,foerth
TX895,TX,895,foerth
TX896,TX,896,foe{r}th
TX897,TX,897,foert
TX898,TX,898,foert
TX899,TX,899,foerth
TX900,TX,900,foe{r}th
TX901,TX,901,fawrth
TX902,TX,902,foerth
TX903,TX,903,foe(r)th
TX904,TX,904,foe[r]th
TX905,TX,905,fawrth
TX906,TX,906,foerth
TX907,TX,907,foe[r]th
TX908,TX,908,foe[r]th
TX909,TX,909,foerth
TX910,TX,910,foe[r]th
TX911,TX,911,foerth
