Informant,State,Informant number,Response
TN001,TN,001,ait
TN002,TN,002,aith
TN003,TN,003,aith
TN004,TN,004,aith
TN005,TN,005,-
TN006,TN,006,ait
TN007,TN,007,aith
TN008,TN,008,-
TN009,TN,009,aith
TN010,TN,010,aith
TN011,TN,011,aith
TN012,TN,012,ait
TN013,TN,013,ait
TN014,TN,014,aith
TN015,TN,015,aith
TN016,TN,016,aith
TN017,TN,017,aith
TN018,TN,018,aith
TN019,TN,019,aith
TN020,TN,020,aith
TN021,TN,021,aith
TN022,TN,022,aith
TN023,TN,023,aith
TN024,TN,024,aith
TN025,TN,025,aith
TN026,TN,026,aith
TN027,TN,027,aith
TN028,TN,028,aith
TN029,TN,029,aith
TN030,TN,030,aith
TN031,TN,031,aith
TN032,TN,032,aith
TN033,TN,033,aith
TN034,TN,034,aith
TN035,TN,035,aith
TN036,TN,036,aith
TN037,TN,037,aith
TN038,TN,038,aith
TN039,TN,039,aith
TN040,TN,040,aith
TN041,TN,041,aith
TN042,TN,042,ait
TN043,TN,043,aith
TN044,TN,044,aith
TN045,TN,045,aith
TN046,TN,046,aith
TN047,TN,047,aith
TN048,TN,048,aith
TN049,TN,049,aith
TN050,TN,050,ait
TN051,TN,051,aith
TN052,TN,052,-
TN053,TN,053,aith
TN054,TN,054,-
TN055,TN,055,aith
TN056,TN,056,aith
TN057,TN,057,ait
TN058,TN,058,aith
TN059,TN,059,aith
TN060,TN,060,aith
GA061,GA,061,aith
GA062,GA,062,aith
GA063,GA,063,-
GA064,GA,064,aith
GA065,GA,065,aith
GA066,GA,066,-
GA067,GA,067,-
GA068,GA,068,aith
GA069,GA,069,-
GA070,GA,070,ait
GA071,GA,071,ait
GA072,GA,072,ait
GA073,GA,073,aith
GA074,GA,074,aith
GA075,GA,075,aith
GA076,GA,076,aith
GA077,GA,077,-
GA078,GA,078,aith
GA079,GA,079,aith
GA080,GA,080,-
GA081,GA,081,-
GA082,GA,082,aith
GA083,GA,083,aith
GA084,GA,084,ait
GA085,GA,085,aith
GA086,GA,086,aith
GA087,GA,087,aith
GA088,GA,088,aith
GA089,GA,089,aith
GA090,GA,090,aith
GA091,GA,091,ait
GA092,GA,092,-
GA093,GA,093,-
GA094,GA,094,aith
GA095,GA,095,aith
GA096,GA,096,aith
GA097,GA,097,aith
GA098,GA,098,-
GA099,GA,099,aith
GA100,GA,100,aith
GA101,GA,101,aith
GA102,GA,102,-
GA103,GA,103,aith
GA104,GA,104,aith
GA105,GA,105,aith
GA106,GA,106,aith
GA107,GA,107,aith
GA108,GA,108,aith
GA109,GA,109,aith
GA110,GA,110,-
GA111,GA,111,ait
GA112,GA,112,aith
GA113,GA,113,aith
GA114,GA,114,-
GA115,GA,115,-
GA116,GA,116,aith
GA117,GA,117,ait
GA118,GA,118,aith
GA119,GA,119,aith
GA120,GA,120,aith
GA121,GA,121,aith
GA122,GA,122,aith
GA123,GA,123,-
GA124,GA,124,aith
GA125,GA,125,-
GA126,GA,126,ait
GA127,GA,127,aith
GA128,GA,128,aith
GA129,GA,129,-
GA130,GA,130,aith
GA131,GA,131,aith
GA132,GA,132,aith
GA133,GA,133,aith
GA134,GA,134,ait
GA135,GA,135,aith
GA136,GA,136,aith
GA137,GA,137,aith
GA138,GA,138,ait
GA139,GA,139,aith
GA140,GA,140,ait
GA141,GA,141,aith
GA142,GA,142,aith
GA143,GA,143,aith
GA144,GA,144,aith
GA145,GA,145,-
GA146,GA,146,aith
GA147,GA,147,-
GA148,GA,148,ait
GA149,GA,149,ais
GA150,GA,150,aith
GA151,GA,151,ait
GA152,GA,152,-
GA153,GA,153,aith
GA154,GA,154,-
GA155,GA,155,-
GA156,GA,156,-
GA157,GA,157,-
GA158,GA,158,-
GA159,GA,159,aith
GA160,GA,160,-
GA161,GA,161,ait
GA162,GA,162,aith
GA163,GA,163,aith
GA164,GA,164,ait
GA165,GA,165,-
GA166,GA,166,aith
GA167,GA,167,aith
GA168,GA,168,-
GA169,GA,169,-
GA170,GA,170,aith
GA171,GA,171,aith
GA172,GA,172,aith
GA173,GA,173,-
GA174,GA,174,-
GA175,GA,175,aith
GA176,GA,176,ait
GA177,GA,177,-
GA178,GA,178,-
GA179,GA,179,-
GA180,GA,180,aith
GA181,GA,181,-
GA182,GA,182,-
GA183,GA,183,aith
GA184,GA,184,-
GA185,GA,185,aith
GA186,GA,186,aith
GA187,GA,187,-
GA188,GA,188,ait
GA189,GA,189,aith
GA190,GA,190,aith
GA191,GA,191,aith
GA192,GA,192,aith
GA193,GA,193,-
GA194,GA,194,aith
GA195,GA,195,-
GA196,GA,196,-
GA197,GA,197,-
GA198,GA,198,-
GA199,GA,199,-
GA200,GA,200,aith
GA201,GA,201,ait
GA202,GA,202,-
GA203,GA,203,aith
GA204,GA,204,aith
GA205,GA,205,-
GA206,GA,206,aith
GA207,GA,207,ait
GA208,GA,208,aith
GA209,GA,209,aith
GA210,GA,210,aith
GA211,GA,211,-
GA212,GA,212,-
GA213,GA,213,-
GA214,GA,214,aith
GA215,GA,215,ait
GA216,GA,216,aith
GA217,GA,217,aith
GA218,GA,218,-
GA219,GA,219,aith
GA220,GA,220,aith
GA221,GA,221,aith
GA222,GA,222,-
GA223,GA,223,aith
GA224,GA,224,-
GA225,GA,225,-
FL226,FL,226,ait
FL227,FL,227,aith
FL228,FL,228,aith
FL229,FL,229,aith
FL230,FL,230,ait
FL231,FL,231,aith
FL232,FL,232,aith
FL233,FL,233,aith
FL234,FL,234,-
FL235,FL,235,aith
FL236,FL,236,aith
FL237,FL,237,ait
FL238,FL,238,aith
FL239,FL,239,aith
FL240,FL,240,aith
FL241,FL,241,-
FL242,FL,242,aith
FL243,FL,243,aith
FL244,FL,244,-
FL245,FL,245,ait
FL246,FL,246,aith
FL247,FL,247,aith
FL248,FL,248,aith
FL249,FL,249,aith
FL250,FL,250,aith
FL251,FL,251,ait
FL252,FL,252,-
FL253,FL,253,aith
FL254,FL,254,aith
FL255,FL,255,-
FL256,FL,256,aith
FL257,FL,257,aith
FL258,FL,258,aith
FL259,FL,259,aith
FL260,FL,260,aith
FL261,FL,261,aith
FL262,FL,262,aith
FL263,FL,263,aith
FL264,FL,264,aith
FL265,FL,265,aith
FL266,FL,266,aith
FL267,FL,267,-
FL268,FL,268,ait
FL269,FL,269,aith
FL270,FL,270,aith
FL271,FL,271,aith
FL272,FL,272,aith
FL273,FL,273,aith
FL274,FL,274,aith
FL275,FL,275,-
FL276,FL,276,aith
FL277,FL,277,aith
FL278,FL,278,aith
FL279,FL,279,aith
FL280,FL,280,aith
FL281,FL,281,aith
FL282,FL,282,-
FL283,FL,283,aith
FL284,FL,284,aith
FL285,FL,285,aith
FL286,FL,286,aith
FL287,FL,287,-
FL288,FL,288,-
FL289,FL,289,aith
TN290,TN,290,aith
TN291,TN,291,aith
TN292,TN,292,ait
TN293,TN,293,aith
TN294,TN,294,aith
TN295,TN,295,aith
TN296,TN,296,ait
TN297,TN,297,ait
TN298,TN,298,ait
TN299,TN,299,aith
TN300,TN,300,aith
TN301,TN,301,aith
TN302,TN,302,aith
TN303,TN,303,aith
TN304,TN,304,aith
TN305,TN,305,aith
TN306,TN,306,aith
TN307,TN,307,aith
TN308,TN,308,-
TN309,TN,309,aith
TN310,TN,310,aith
TN311,TN,311,aith
TN312,TN,312,-
TN313,TN,313,aith
TN314,TN,314,aith
TN315,TN,315,aith
TN316,TN,316,ait
TN317,TN,317,aith
TN318,TN,318,aith
TN319,TN,319,-
TN320,TN,320,ait
TN321,TN,321,aith
TN322,TN,322,aith
TN323,TN,323,aith
TN324,TN,324,aith
TN325,TN,325,aith
TN326,TN,326,aith
TN327,TN,327,aith
TN328,TN,328,aith
TN329,TN,329,aith
TN330,TN,330,aith
TN331,TN,331,aith
TN332,TN,332,aith
TN333,TN,333,ais
TN334,TN,334,aith
TN335,TN,335,aith
TN336,TN,336,ait
AL337,AL,337,aith
AL338,AL,338,aith
AL339,AL,339,aith
AL340,AL,340,ait
AL341,AL,341,aith
AL342,AL,342,aith
AL343,AL,343,aith
AL344,AL,344,ait
AL345,AL,345,aith
AL346,AL,346,ait
AL347,AL,347,ait
AL348,AL,348,aith
AL349,AL,349,aith
AL350,AL,350,-
AL351,AL,351,aith
AL352,AL,352,aith
AL353,AL,353,-
AL354,AL,354,aith
AL355,AL,355,aith
AL356,AL,356,-
AL357,AL,357,aith
AL358,AL,358,aith
AL359,AL,359,ait
AL360,AL,360,aith
AL361,AL,361,aith
AL362,AL,362,aith
AL363,AL,363,aith
AL364,AL,364,aith
AL365,AL,365,aith
AL366,AL,366,-
AL367,AL,367,aith
AL368,AL,368,aith
AL369,AL,369,aith
AL370,AL,370,aith
AL371,AL,371,aith
AL372,AL,372,aith
AL373,AL,373,aith
AL374,AL,374,aith
AL375,AL,375,aith
AL376,AL,376,-
AL377,AL,377,-
AL378,AL,378,aith
AL379,AL,379,-
AL380,AL,380,-
AL381,AL,381,-
AL382,AL,382,aith
AL383,AL,383,aith
AL384,AL,384,aith
AL385,AL,385,aith
AL386,AL,386,aith
AL387,AL,387,aith
AL388,AL,388,aith
AL389,AL,389,aith
AL390,AL,390,aith
AL391,AL,391,aith
AL392,AL,392,aith
AL393,AL,393,ait
AL394,AL,394,aith
AL395,AL,395,aith
AL396,AL,396,-
AL397,AL,397,aith
AL398,AL,398,aith
AL399,AL,399,aith
AL400,AL,400,ait
AL401,AL,401,-
AL402,AL,402,aith
AL403,AL,403,aith
AL404,AL,404,aith
AL405,AL,405,aith
AL406,AL,406,aith
AL407,AL,407,aith
AL408,AL,408,aith
AL409,AL,409,ait
AL410,AL,410,aith
AL411,AL,411,-
AL412,AL,412,aith
AL413,AL,413,aith
AL414,AL,414,aith
AL415,AL,415,-
AL416,AL,416,aith
AL417,AL,417,aith
AL418,AL,418,aith
AL419,AL,419,aith
AL420,AL,420,aith
AL421,AL,421,ait
AL422,AL,422,aith
AL423,AL,423,aith
AL424,AL,424,aith
AL425,AL,425,aith
AL426,AL,426,ait
AL427,AL,427,aith
AL428,AL,428,aith
AL429,AL,429,-
AL430,AL,430,aith
AL431,AL,431,aith
AL432,AL,432,-
AL433,AL,433,ait
AL434,AL,434,ait
AL435,AL,435,ait
AL436,AL,436,-
AL437,AL,437,aith
AL438,AL,438,ait
AL439,AL,439,aith
AL440,AL,440,-
AL441,AL,441,aith
AL442,AL,442,aith
AL443,AL,443,aith
AL444,AL,444,aith
AL445,AL,445,aith
AL446,AL,446,aith
AL447,AL,447,aith
AL448,AL,448,aith
AL449,AL,449,aith
AL450,AL,450,ait
AL451,AL,451,aith
FL452,FL,452,aith
FL453,FL,453,-
FL454,FL,454,aith
FL455,FL,455,aith
FL456,FL,456,aith
FL457,FL,457,aith
FL458,FL,458,aith
FL459,FL,459,-
FL460,FL,460,aith
FL461,FL,461,aith
FL462,FL,462,aith
FL463,FL,463,-
FL464,FL,464,ait
FL465,FL,465,aith
FL466,FL,466,aith
FL467,FL,467,aith
FL468,FL,468,ait
FL469,FL,469,aith
FL470,FL,470,aith
FL471,FL,471,aith
AL472,AL,472,aith
AL473,AL,473,aith
AL474,AL,474,aith
AL475,AL,475,aith
AL476,AL,476,aith
AL477,AL,477,aith
AL478,AL,478,ait
AL479,AL,479,-
AL480,AL,480,aith
AL481,AL,481,aith
AL482,AL,482,aith
AL483,AL,483,aith
AL484,AL,484,aith
AL485,AL,485,aith
TN486,TN,486,-
TN487,TN,487,aith
TN488,TN,488,aith
TN489,TN,489,aith
TN490,TN,490,ait
TN491,TN,491,aith
TN492,TN,492,-
TN493,TN,493,-
TN494,TN,494,-
TN495,TN,495,ait
TN496,TN,496,aith
TN497,TN,497,-
TN498,TN,498,aith
TN499,TN,499,aith
TN500,TN,500,-
TN501,TN,501,aith
TN502,TN,502,aith
TN503,TN,503,-
TN504,TN,504,aith
TN505,TN,505,aith
TN506,TN,506,aith
TN507,TN,507,-
TN508,TN,508,aith
TN509,TN,509,-
TN510,TN,510,-
TN511,TN,511,-
TN512,TN,512,aith
TN513,TN,513,aith
TN514,TN,514,aith
TN515,TN,515,aith
TN516,TN,516,aith
TN517,TN,517,aith
TN518,TN,518,aith
TN519,TN,519,aith
MS520,MS,520,-
MS521,MS,521,aith
MS522,MS,522,aith
MS523,MS,523,-
MS524,MS,524,aith
MS525,MS,525,aith
MS526,MS,526,-
MS527,MS,527,aith
MS528,MS,528,-
MS529,MS,529,-
MS530,MS,530,aith
MS531,MS,531,aith
MS532,MS,532,ait
MS533,MS,533,aith
MS534,MS,534,aith
MS535,MS,535,aith
MS536,MS,536,aith
MS537,MS,537,aith
MS538,MS,538,aith
MS539,MS,539,aith
MS540,MS,540,aith
MS541,MS,541,-
MS542,MS,542,-
MS543,MS,543,ait
MS544,MS,544,aith
MS545,MS,545,aith
MS546,MS,546,aith
MS547,MS,547,aith
MS548,MS,548,aith
MS549,MS,549,aith
MS550,MS,550,ait
MS551,MS,551,aith
MS552,MS,552,ait
MS553,MS,553,-
MS554,MS,554,-
MS555,MS,555,-
MS556,MS,556,aith
MS557,MS,557,aith
MS558,MS,558,ait
MS559,MS,559,aith
MS560,MS,560,-
MS561,MS,561,-
MS562,MS,562,aith
MS563,MS,563,aith
MS564,MS,564,aith
MS565,MS,565,aith
MS566,MS,566,aith
MS567,MS,567,aith
MS568,MS,568,-
MS569,MS,569,-
MS570,MS,570,aith
MS571,MS,571,aith
MS572,MS,572,aith
MS573,MS,573,ait
MS574,MS,574,aith
MS575,MS,575,aith
MS576,MS,576,aith
MS577,MS,577,aith
MS578,MS,578,aith
MS579,MS,579,aith
MS580,MS,580,-
MS581,MS,581,aith
MS582,MS,582,ait
MS583,MS,583,aith
MS584,MS,584,aith
MS585,MS,585,ait
MS586,MS,586,-
MS587,MS,587,-
MS588,MS,588,aith
MS589,MS,589,ait
MS590,MS,590,aith
MS591,MS,591,aith
MS592,MS,592,aith
MS593,MS,593,aith
MS594,MS,594,aith
MS595,MS,595,aith
MS596,MS,596,aith
MS597,MS,597,ait
MS598,MS,598,aith
MS599,MS,599,aith
MS600,MS,600,-
MS601,MS,601,aith
MS602,MS,602,aith
MS603,MS,603,-
MS604,MS,604,-
MS605,MS,605,aith
MS606,MS,606,aith
MS607,MS,607,-
MS608,MS,608,aith
MS609,MS,609,aith
MS610,MS,610,aith
MS611,MS,611,aith
MS612,MS,612,aith
MS613,MS,613,aith
MS614,MS,614,aith
MS615,MS,615,aith
MS616,MS,616,-
MS617,MS,617,aith
MS618,MS,618,-
MS619,MS,619,-
MS620,MS,620,aith
MS621,MS,621,aith
MS622,MS,622,aith
MS623,MS,623,ait
MS624,MS,624,aith
MS625,MS,625,ait
MS626,MS,626,aith
MS627,MS,627,aith
MS628,MS,628,aith
MS629,MS,629,aith
LA630,LA,630,aith
LA631,LA,631,aith
LA632,LA,632,aith
LA633,LA,633,aith
LA634,LA,634,aith
LA635,LA,635,aith
LA636,LA,636,aith
LA637,LA,637,ait
LA638,LA,638,aith
LA639,LA,639,ait
LA640,LA,640,ait
LA641,LA,641,ait
LA642,LA,642,-
LA643,LA,643,aith
LA644,LA,644,-
LA645,LA,645,aith
LA646,LA,646,aith
LA647,LA,647,-
LA648,LA,648,ait
LA649,LA,649,aith
LA650,LA,650,-
LA651,LA,651,aith
LA652,LA,652,aith
LA653,LA,653,ait
LA654,LA,654,ait
LA655,LA,655,aith
LA656,LA,656,aith
LA657,LA,657,aith
LA657X,LA,657X,aith
LA657Y,LA,657Y,aith
LA657Z,LA,657Z,aith
LA658,LA,658,ait
LA659,LA,659,ait
LA660,LA,660,ait
LA661,LA,661,aith
LA662,LA,662,aith
LA663,LA,663,-
LA664,LA,664,-
LA665,LA,665,aith
LA666,LA,666,aith
LA667,LA,667,ait
LA668,LA,668,aith
LA669,LA,669,aith
LA670,LA,670,aith
LA671,LA,671,aith
LA672,LA,672,ait
LA673,LA,673,aith
AR674,AR,674,aith
AR675,AR,675,aith
AR676,AR,676,-
AR677,AR,677,aith
AR678,AR,678,aith
AR679,AR,679,aith
AR680,AR,680,aith
AR681,AR,681,aith
AR682,AR,682,aith
AR683,AR,683,aith
AR684,AR,684,aith
AR685,AR,685,aith
AR686,AR,686,aith
AR687,AR,687,aith
AR688,AR,688,ait
AR689,AR,689,ait
AR690,AR,690,ait
AR691,AR,691,aith
AR692,AR,692,aith
AR693,AR,693,aith
AR694,AR,694,aith
AR695,AR,695,aith
AR696,AR,696,aith
AR697,AR,697,aith
AR698,AR,698,-
AR699,AR,699,-
AR700,AR,700,aith
AR701,AR,701,aith
AR702,AR,702,aith
AR703,AR,703,-
AR704,AR,704,aith
AR705,AR,705,ait
AR706,AR,706,aith
AR707,AR,707,aith
AR708,AR,708,ait
AR709,AR,709,aith
AR710,AR,710,aith
AR711,AR,711,aith
AR712,AR,712,aith
AR713,AR,713,aith
AR714,AR,714,aith
AR715,AR,715,ait
AR716,AR,716,-
AR717,AR,717,-
AR718,AR,718,aith
AR719,AR,719,ait
AR720,AR,720,-
AR721,AR,721,aith
AR722,AR,722,aith
AR723,AR,723,aith
AR724,AR,724,aith
AR725,AR,725,aith
AR726,AR,726,aith
AR727,AR,727,aith
AR728,AR,728,aith
AR729,AR,729,aith
AR730,AR,730,-
AR731,AR,731,aith
AR732,AR,732,aith
AR733,AR,733,aith
AR734,AR,734,aith
AR735,AR,735,-
AR736,AR,736,-
AR737,AR,737,aith
AR738,AR,738,aith
AR739,AR,739,-
AR740,AR,740,aith
AR741,AR,741,aith
AR742,AR,742,-
AR743,AR,743,aith
AR744,AR,744,-
AR745,AR,745,-
AR746,AR,746,aith
AR747,AR,747,aith
AR748,AR,748,ait
AR749,AR,749,aith
AR750,AR,750,aith
AR751,AR,751,aith
AR752,AR,752,aith
AR753,AR,753,aith
AR754,AR,754,-
AR755,AR,755,aith
LA756,LA,756,aith
LA757,LA,757,ait
LA758,LA,758,ait
LA759,LA,759,-
LA760,LA,760,aith
LA761,LA,761,ait
LA762,LA,762,-
LA763,LA,763,-
LA764,LA,764,aith
LA765,LA,765,aith
LA766,LA,766,aith
LA767,LA,767,aith
LA768,LA,768,ait
LA769,LA,769,aith
LA770,LA,770,aith
LA771,LA,771,ait
LA772,LA,772,aith
LA773,LA,773,aith
LA774,LA,774,-
LA775,LA,775,aith
LA776,LA,776,aith
LA777,LA,777,aith
LA778,LA,778,aith
LA779,LA,779,aith
LA780,LA,780,aith
LA781,LA,781,aith
LA782,LA,782,-
LA783,LA,783,-
LA784,LA,784,aith
LA785,LA,785,aith
LA786,LA,786,aith
LA787,LA,787,ait
LA788,LA,788,aith
LA789,LA,789,ait
LA790,LA,790,aith
LA791,LA,791,aith
LA792,LA,792,aith
LA793,LA,793,aith
LA794,LA,794,aith
LA795,LA,795,aith
LA796,LA,796,aith
LA797,LA,797,ait
LA798,LA,798,aith
LA799,LA,799,-
LA800,LA,800,aith
LA801,LA,801,aith
LA802,LA,802,aith
LA803,LA,803,aith
LA804,LA,804,-
LA805,LA,805,aith
LA806,LA,806,aith
LA807,LA,807,ait
LA808,LA,808,ait
LA809,LA,809,aith
LA810,LA,810,ait
LA811,LA,811,ait
LA812,LA,812,aith
LA813,LA,813,aith
LA814,LA,814,aith
LA815,LA,815,aith
LA816,LA,816,aith
LA817,LA,817,aith
TX818,TX,818,-
TX819,TX,819,aith
TX820,TX,820,aith
TX821,TX,821,aith
TX822,TX,822,aith
TX823,TX,823,-
TX824,TX,824,aith
TX825,TX,825,aith
TX826,TX,826,aith
TX827,TX,827,aith
TX828,TX,828,aith
TX829,TX,829,aith
TX829,TX,829,ait
TX830,TX,830,-
TX831,TX,831,aith
TX832,TX,832,aith
TX833,TX,833,aith
TX834,TX,834,aith
TX835,TX,835,ait
TX836,TX,836,aith
TX837,TX,837,-
TX838,TX,838,aith
TX839,TX,839,aith
TX840,TX,840,aith
TX841,TX,841,-
TX842,TX,842,aith
TX843,TX,843,aith
TX844,TX,844,aith
TX845,TX,845,-
TX846,TX,846,aith
TX847,TX,847,aith
TX848,TX,848,aith
TX849,TX,849,-
TX850,TX,850,aith
TX851,TX,851,aith
TX852,TX,852,aith
TX853,TX,853,ait
TX854,TX,854,aith
TX855,TX,855,aith
TX856,TX,856,aith
TX857,TX,857,aith
TX858,TX,858,aith
TX859,TX,859,aith
TX860,TX,860,aith
TX861,TX,861,aith
TX862,TX,862,aith
TX863,TX,863,aith
TX864,TX,864,aith
TX865,TX,865,aith
TX866,TX,866,aith
TX867,TX,867,aith
TX868,TX,868,aith
TX869,TX,869,aith
TX870,TX,870,aith
TX871,TX,871,-
TX872,TX,872,-
TX873,TX,873,ait
TX874,TX,874,aith
TX875,TX,875,aith
TX876,TX,876,aith
TX877,TX,877,aith
TX878,TX,878,aith
TX879,TX,879,-
TX880,TX,880,aith
TX881,TX,881,aith
TX882,TX,882,ait
TX883,TX,883,aith
TX884,TX,884,-
TX885,TX,885,aith
TX886,TX,886,aith
TX887,TX,887,aith
TX888,TX,888,ait
TX889,TX,889,aith
TX890,TX,890,aith
TX891,TX,891,aith
TX892,TX,892,-
TX893,TX,893,aith
TX894,TX,894,aith
TX895,TX,895,aith
TX896,TX,896,aith
TX897,TX,897,ait
TX898,TX,898,ait
TX899,TX,899,aith
TX900,TX,900,aith
TX901,TX,901,aith
TX902,TX,902,aith
TX903,TX,903,-
TX904,TX,904,aith
TX905,TX,905,aith
TX906,TX,906,aith
TX907,TX,907,aith
TX908,TX,908,aith
TX909,TX,909,aith
TX910,TX,910,aith
TX911,TX,911,aith
