Informant,State,Informant number,Response
TN001,TN,001,fif(th)
TN002,TN,002,fifth
TN003,TN,003,fift
TN004,TN,004,fif(th)
TN005,TN,005,fifth
TN006,TN,006,fif(th)
TN007,TN,007,fif(th)
TN008,TN,008,-
TN009,TN,009,fif(th)
TN010,TN,010,fif(th)
TN011,TN,011,fif(th)
TN012,TN,012,fif(th)
TN013,TN,013,fif(th)
TN014,TN,014,fift
TN015,TN,015,fift
TN016,TN,016,fi(f)th
TN017,TN,017,fift
TN018,TN,018,fif(th)
TN019,TN,019,fift
TN020,TN,020,fift
TN021,TN,021,fif(th)
TN022,TN,022,fi(f)th
TN023,TN,023,fif(th)
TN024,TN,024,fifth
TN025,TN,025,-
TN026,TN,026,fif(th)
TN027,TN,027,fift
TN028,TN,028,fift
TN029,TN,029,fift
TN030,TN,030,fif(th)
TN031,TN,031,fif(th)
TN032,TN,032,fif(th)
TN033,TN,033,fif(th)
TN034,TN,034,fif(th)
TN035,TN,035,fif(th)
TN036,TN,036,fift
TN037,TN,037,fift
TN038,TN,038,fifth
TN039,TN,039,fif(th)
TN040,TN,040,fi(f)th
TN041,TN,041,-
TN042,TN,042,fift
TN043,TN,043,fift
TN044,TN,044,fift
TN045,TN,045,fift
TN046,TN,046,fift
TN047,TN,047,fif(th)
TN048,TN,048,fift
TN049,TN,049,fif(th)
TN050,TN,050,fift
TN051,TN,051,fifth
TN052,TN,052,-
TN053,TN,053,fif(th)
TN054,TN,054,-
TN055,TN,055,fi(f)th
TN056,TN,056,fi(f)th
TN057,TN,057,fi(f)th
TN058,TN,058,fif(th)
TN059,TN,059,fi(f)th
TN060,TN,060,fift
GA061,GA,061,-
GA062,GA,062,fi(f)th
GA063,GA,063,-
GA064,GA,064,fif(th)
GA065,GA,065,fi(f)th
GA066,GA,066,-
GA067,GA,067,fi(f)th
GA068,GA,068,-
GA069,GA,069,fifth
GA070,GA,070,fift
GA071,GA,071,fif(th)
GA072,GA,072,fif(th)
GA073,GA,073,fi(f)th
GA074,GA,074,fi(f)th
GA075,GA,075,fif(th)
GA076,GA,076,fif(th)
GA077,GA,077,fif(th)
GA078,GA,078,fi(f)th
GA079,GA,079,fifth
GA080,GA,080,-
GA081,GA,081,fifth
GA082,GA,082,fi(f)th
GA083,GA,083,fi(f)th
GA084,GA,084,fif(th)
GA085,GA,085,fift
GA086,GA,086,fi(f)th
GA087,GA,087,fifth
GA088,GA,088,fif(th)
GA089,GA,089,fi(f)th
GA090,GA,090,fi(f)th
GA091,GA,091,fi(f)th
GA092,GA,092,fif(th)
GA093,GA,093,fi(f)th
GA094,GA,094,fif(th)
GA095,GA,095,fi(f)th
GA096,GA,096,fi(f)th
GA097,GA,097,fi(f)th
GA098,GA,098,-
GA099,GA,099,fi(f)th
GA100,GA,100,fi(f)th
GA101,GA,101,fi(f)th
GA102,GA,102,-
GA103,GA,103,fi(f)th
GA104,GA,104,fifth
GA105,GA,105,fif(th)
GA106,GA,106,fi(f)th
GA107,GA,107,fi(f)th
GA108,GA,108,fift
GA109,GA,109,fi(f)th
GA110,GA,110,-
GA111,GA,111,fift
GA112,GA,112,fi(f)th
GA113,GA,113,fi(f)th
GA114,GA,114,-
GA115,GA,115,fif(th)
GA116,GA,116,fif(th)
GA117,GA,117,fif(th)
GA118,GA,118,fi(f)th
GA119,GA,119,fi(f)th
GA120,GA,120,fi(f)th
GA121,GA,121,fi(f)th
GA122,GA,122,fi(f)th
GA123,GA,123,fifth
GA124,GA,124,fi(f)th
GA125,GA,125,fif(th)
GA126,GA,126,fif(th)
GA127,GA,127,-
GA128,GA,128,fif(th)
GA129,GA,129,fi(f)th
GA130,GA,130,fi(f)th
GA131,GA,131,fifth
GA132,GA,132,-
GA133,GA,133,fi(f)th
GA134,GA,134,fif(th)
GA135,GA,135,fi(f)th
GA136,GA,136,fif(th)
GA137,GA,137,fi(f)th
GA138,GA,138,fift
GA139,GA,139,fifth
GA140,GA,140,fift
GA141,GA,141,fi(f)th
GA142,GA,142,fif(th)
GA143,GA,143,fi(f)th
GA144,GA,144,fi(f)th
GA145,GA,145,-
GA146,GA,146,fi(f)th
GA147,GA,147,-
GA148,GA,148,-
GA149,GA,149,fif(th)
GA150,GA,150,fi(f)th
GA151,GA,151,fi(f)th
GA152,GA,152,fi(f)th
GA153,GA,153,-
GA154,GA,154,-
GA155,GA,155,fif(th)
GA156,GA,156,-
GA157,GA,157,-
GA158,GA,158,-
GA159,GA,159,fi(f)th
GA160,GA,160,-
GA161,GA,161,fi(f)th
GA162,GA,162,fifth
GA163,GA,163,fi(f)th
GA164,GA,164,fi(f)th
GA165,GA,165,-
GA166,GA,166,fi(f)th
GA167,GA,167,fif(th)
GA168,GA,168,-
GA169,GA,169,-
GA170,GA,170,fi(f)th
GA171,GA,171,fi(f)th
GA172,GA,172,fi(f)th
GA173,GA,173,-
GA174,GA,174,-
GA175,GA,175,-
GA176,GA,176,fift
GA177,GA,177,fi(f)th
GA178,GA,178,-
GA179,GA,179,fift
GA180,GA,180,fif(th)
GA181,GA,181,-
GA182,GA,182,-
GA183,GA,183,fi(f)th
GA184,GA,184,-
GA185,GA,185,fifth
GA186,GA,186,fifth
GA187,GA,187,fi(f)th
GA188,GA,188,fif(th)
GA189,GA,189,fi(f)th
GA190,GA,190,fif(th)
GA191,GA,191,fi(f)th
GA192,GA,192,fi(f)th
GA193,GA,193,-
GA194,GA,194,fi(f)th
GA195,GA,195,-
GA196,GA,196,-
GA197,GA,197,fif(th)
GA198,GA,198,-
GA199,GA,199,-
GA200,GA,200,fif(th)
GA201,GA,201,fi(f)th
GA202,GA,202,fif(th)
GA203,GA,203,fif(th)
GA204,GA,204,fi(f)th
GA205,GA,205,-
GA206,GA,206,fif(th)
GA207,GA,207,fi(f)th
GA208,GA,208,fi(f)th
GA209,GA,209,fi(f)th
GA210,GA,210,fi(f)th
GA211,GA,211,fi(f)th
GA212,GA,212,fi(f)th
GA213,GA,213,-
GA214,GA,214,fif(th)
GA215,GA,215,fif(th)
GA216,GA,216,fi(f)th
GA217,GA,217,fifth
GA218,GA,218,-
GA219,GA,219,-
GA220,GA,220,fi(f)th
GA221,GA,221,fif(th)
GA222,GA,222,-
GA223,GA,223,fi(f)th
GA224,GA,224,fi(f)th
GA225,GA,225,-
FL226,FL,226,fifth
FL227,FL,227,fif(th)
FL228,FL,228,fif(th)
FL229,FL,229,fifth
FL230,FL,230,fiv(th)
FL231,FL,231,fi(f)th
FL232,FL,232,fifth
FL233,FL,233,fi(f)th
FL234,FL,234,fif(th)
FL235,FL,235,fift
FL236,FL,236,fi(f)th
FL237,FL,237,fi(f)th
FL238,FL,238,fifth
FL239,FL,239,fi(f)th
FL240,FL,240,fi(f)th
FL241,FL,241,fif(th)
FL242,FL,242,fift
FL243,FL,243,fi(f)th
FL244,FL,244,-
FL245,FL,245,fi(f)th
FL246,FL,246,fifth
FL247,FL,247,fi(f)th
FL248,FL,248,fi(f)th
FL249,FL,249,fi(f)th
FL250,FL,250,fi(f)th
FL251,FL,251,-
FL252,FL,252,fif(th)
FL253,FL,253,fi(f)th
FL254,FL,254,fifth
FL255,FL,255,-
FL256,FL,256,fif(th)
FL257,FL,257,fifth
FL258,FL,258,fifth
FL259,FL,259,fi(f)th
FL260,FL,260,-
FL261,FL,261,fi(f)th
FL262,FL,262,-
FL263,FL,263,fif(th)
FL264,FL,264,fi(f)th
FL265,FL,265,fi(f)th
FL266,FL,266,fi(f)th
FL267,FL,267,fif(th)
FL268,FL,268,-
FL269,FL,269,fif(th)
FL270,FL,270,fif(th)
FL271,FL,271,fif(th)
FL272,FL,272,fi(f)th
FL273,FL,273,fi(f)th
FL274,FL,274,fifth
FL275,FL,275,fift
FL276,FL,276,fi(f)th
FL277,FL,277,fifth
FL278,FL,278,fifth
FL279,FL,279,fi(f)th
FL280,FL,280,fif(th)
FL281,FL,281,fif(th)
FL282,FL,282,-
FL283,FL,283,fifth
FL284,FL,284,fifth
FL285,FL,285,fi(f)th
FL286,FL,286,fif(th)
FL287,FL,287,-
FL288,FL,288,-
FL289,FL,289,fifth
TN290,TN,290,fift
TN291,TN,291,fifth
TN292,TN,292,fif(th)
TN293,TN,293,fif(th)
TN294,TN,294,fi(f)th
TN295,TN,295,fi(f)th
TN296,TN,296,fift
TN297,TN,297,fi(f)th
TN298,TN,298,-
TN299,TN,299,fi(f)th
TN300,TN,300,fi(f)th
TN301,TN,301,fi(f)th
TN302,TN,302,fifth
TN303,TN,303,fift
TN304,TN,304,fif(th)
TN305,TN,305,-
TN306,TN,306,fif(th)
TN307,TN,307,fi(f)th
TN308,TN,308,-
TN309,TN,309,fifth
TN310,TN,310,fif(th)
TN311,TN,311,fi(f)th
TN312,TN,312,-
TN313,TN,313,fi(f)th
TN314,TN,314,fi(f)th
TN315,TN,315,fifth
TN316,TN,316,fif(th)
TN317,TN,317,fi(f)th
TN318,TN,318,fif(th)
TN319,TN,319,-
TN320,TN,320,fift
TN321,TN,321,fi(f)th
TN322,TN,322,fi(f)th
TN323,TN,323,fi(f)th
TN324,TN,324,fif(th)
TN325,TN,325,fi(f)th
TN326,TN,326,fif(th)
TN327,TN,327,fi(f)th
TN328,TN,328,fi(f)th
TN329,TN,329,fifth
TN330,TN,330,fif(th)
TN331,TN,331,fifth
TN332,TN,332,fif(th)
TN333,TN,333,fif(th)
TN334,TN,334,fif(th)
TN335,TN,335,fift
TN336,TN,336,fi(f)th
AL337,AL,337,fift
AL338,AL,338,fift
AL339,AL,339,fif(th)
AL340,AL,340,fi(fth)
AL341,AL,341,fi(f)th
AL342,AL,342,-
AL343,AL,343,fi(f)th
AL344,AL,344,-
AL345,AL,345,fi(f)th
AL346,AL,346,fif(th)
AL347,AL,347,fift
AL347,AL,347,fif(th)
AL348,AL,348,fi(f)th
AL349,AL,349,fi(f)th
AL350,AL,350,-
AL351,AL,351,fi(f)th
AL352,AL,352,fi(f)th
AL353,AL,353,-
AL354,AL,354,fif(th)
AL355,AL,355,-
AL356,AL,356,fift
AL357,AL,357,fi(f)th
AL358,AL,358,fifth
AL358,AL,358,fi(f)th
AL359,AL,359,fif(th)
AL360,AL,360,fi(f)th
AL361,AL,361,fi(f)th
AL362,AL,362,fi(f)th
AL363,AL,363,fi(f)th
AL364,AL,364,fif(th)
AL365,AL,365,fif(th)
AL366,AL,366,-
AL367,AL,367,fift
AL368,AL,368,fi(f)th
AL369,AL,369,fi(f)th
AL370,AL,370,-
AL371,AL,371,fif(th)
AL372,AL,372,fi(f)th
AL373,AL,373,fif(th)
AL374,AL,374,fi(f)th
AL375,AL,375,fi(f)th
AL376,AL,376,-
AL377,AL,377,-
AL378,AL,378,fif(th)
AL379,AL,379,-
AL380,AL,380,-
AL381,AL,381,-
AL382,AL,382,fifth
AL382,AL,382,fif(th)
AL383,AL,383,fifth
AL384,AL,384,fif(th)
AL385,AL,385,fi(f)th
AL386,AL,386,fifth
AL387,AL,387,fift
AL388,AL,388,fi(f)th
AL389,AL,389,fi(f)th
AL390,AL,390,fi(f)th
AL391,AL,391,fi(f)th
AL392,AL,392,fi(f)th
AL393,AL,393,fi(f)th
AL394,AL,394,fi(f)th
AL395,AL,395,fift
AL396,AL,396,-
AL397,AL,397,fi(f)th
AL398,AL,398,fi(f)th
AL399,AL,399,fi(f)th
AL400,AL,400,fi(f)th
AL401,AL,401,-
AL402,AL,402,fif(th)
AL403,AL,403,fi(f)th
AL404,AL,404,fi(f)th
AL405,AL,405,fi(f)th
AL406,AL,406,fi(f)th
AL407,AL,407,fif(th)
AL408,AL,408,fi(f)th
AL409,AL,409,fifth
AL410,AL,410,fi(f)th
AL411,AL,411,-
AL412,AL,412,fi(f)th
AL413,AL,413,-
AL414,AL,414,fifth
AL415,AL,415,fi(f)th
AL415,AL,415,fif(th)
AL416,AL,416,fi(f)th
AL417,AL,417,fi(f)th
AL418,AL,418,fi(f)th
AL419,AL,419,fif(th)
AL420,AL,420,fift
AL421,AL,421,fif(th)
AL422,AL,422,fi(f)th
AL423,AL,423,fi(f)th
AL424,AL,424,fi(f)th
AL425,AL,425,fi(f)th
AL426,AL,426,fift
AL427,AL,427,fif(th)
AL428,AL,428,fif(th)
AL429,AL,429,-
AL430,AL,430,fi(f)th
AL431,AL,431,fi(f)th
AL432,AL,432,fi(f)th
AL433,AL,433,fi(f)th
AL434,AL,434,fif(th)
AL435,AL,435,fift
AL436,AL,436,fi(f)th
AL437,AL,437,fif(th)
AL438,AL,438,fif(th)
AL439,AL,439,fif(th)
AL440,AL,440,-
AL441,AL,441,fi(f)th
AL442,AL,442,fifth
AL443,AL,443,fi(f)th
AL444,AL,444,fifth
AL445,AL,445,fi(f)th
AL446,AL,446,fif(th)
AL447,AL,447,fifth
AL448,AL,448,fi(f)th
AL449,AL,449,fif(th)
AL450,AL,450,fifth
AL451,AL,451,fift
FL452,FL,452,fi(f)th
FL453,FL,453,-
FL454,FL,454,fif(th)
FL455,FL,455,fi(f)th
FL456,FL,456,fi(f)th
FL457,FL,457,fi(f)th
FL458,FL,458,fi(f)th
FL459,FL,459,-
FL460,FL,460,fif(th)
FL461,FL,461,fi(f)th
FL462,FL,462,fif(th)
FL463,FL,463,-
FL464,FL,464,fif(th)
FL465,FL,465,fi(f)th
FL466,FL,466,fi(f)th
FL467,FL,467,fi(f)th
FL468,FL,468,fif(th)
FL469,FL,469,fi(f)th
FL470,FL,470,fif(th)
FL471,FL,471,fi(f)th
AL472,AL,472,fi(f)th
AL473,AL,473,-
AL474,AL,474,fi(f)th
AL475,AL,475,fift
AL476,AL,476,fifth
AL477,AL,477,fi(f)th
AL478,AL,478,-
AL479,AL,479,-
AL480,AL,480,fif(th)
AL481,AL,481,-
AL482,AL,482,fif(th)
AL483,AL,483,fi(f)s
AL484,AL,484,fi(f)th
AL485,AL,485,fi(f)th
TN486,TN,486,-
TN487,TN,487,fi(f)th
TN488,TN,488,-
TN489,TN,489,fif(th)
TN490,TN,490,fi(f)th
TN491,TN,491,-
TN492,TN,492,fi(f)th
TN493,TN,493,-
TN494,TN,494,-
TN495,TN,495,fi(f)th
TN496,TN,496,fif(th)
TN497,TN,497,-
TN498,TN,498,fift
TN499,TN,499,fift
TN500,TN,500,-
TN501,TN,501,fi(f)th
TN502,TN,502,fi(f)th
TN503,TN,503,-
TN504,TN,504,fi(f)th
TN505,TN,505,fif(th)
TN506,TN,506,fi(f)th
TN507,TN,507,-
TN508,TN,508,fift
TN509,TN,509,fif(th)
TN510,TN,510,-
TN511,TN,511,-
TN512,TN,512,fif(th)
TN513,TN,513,fift
TN514,TN,514,fifth
TN515,TN,515,fi(f)th
TN516,TN,516,fi(f)th
TN517,TN,517,fi(f)th
TN518,TN,518,fi(f)th
TN519,TN,519,fifth
MS520,MS,520,-
MS521,MS,521,fi(f)th
MS522,MS,522,fi(f)th
MS523,MS,523,-
MS524,MS,524,fi(f)th
MS525,MS,525,fi(f)th
MS526,MS,526,-
MS527,MS,527,fi(f)th
MS528,MS,528,fi(f)th
MS529,MS,529,-
MS530,MS,530,-
MS531,MS,531,fisth
MS532,MS,532,fi(f)th
MS533,MS,533,fi(f)th
MS534,MS,534,fifth
MS535,MS,535,fi(f)th
MS536,MS,536,fi(f)th
MS537,MS,537,fi(f)th
MS538,MS,538,fif(th)
MS539,MS,539,fif(th)
MS540,MS,540,-
MS541,MS,541,-
MS542,MS,542,fi(f)th
MS543,MS,543,fif(th)
MS544,MS,544,fi(f)th
MS545,MS,545,fi(f)th
MS546,MS,546,-
MS547,MS,547,fi(f)th
MS548,MS,548,fift
MS549,MS,549,fi(f)th
MS550,MS,550,-
MS551,MS,551,fi(f)th
MS552,MS,552,-
MS553,MS,553,-
MS554,MS,554,-
MS555,MS,555,-
MS556,MS,556,fi(f)th
MS557,MS,557,fi(f)th
MS558,MS,558,fi(f)th
MS559,MS,559,fi(f)th
MS560,MS,560,-
MS561,MS,561,-
MS562,MS,562,fif(th)
MS563,MS,563,fifth
MS564,MS,564,fifth
MS565,MS,565,fift
MS566,MS,566,fi(f)th
MS567,MS,567,fifth
MS568,MS,568,-
MS569,MS,569,fif(th)
MS570,MS,570,fi(f)th
MS571,MS,571,fift
MS572,MS,572,fi(f)th
MS573,MS,573,fi(f)th
MS574,MS,574,fi(f)th
MS575,MS,575,fif(th)
MS576,MS,576,fif(th)
MS577,MS,577,fi(f)th
MS578,MS,578,fi(f)th
MS579,MS,579,fif(th)
MS580,MS,580,-
MS581,MS,581,fifth
MS582,MS,582,fif(th)
MS583,MS,583,fi(f)th
MS584,MS,584,fi(f)th
MS585,MS,585,fift
MS586,MS,586,-
MS587,MS,587,-
MS588,MS,588,fi(f)th
MS589,MS,589,fi(f)th
MS590,MS,590,fift
MS591,MS,591,fi(f)th
MS592,MS,592,fi(f)th
MS593,MS,593,fif(th)
MS594,MS,594,fif(th)
MS595,MS,595,fifth
MS596,MS,596,fi(f)th
MS597,MS,597,fi(f)th
MS598,MS,598,fifth
MS599,MS,599,fi(f)th
MS600,MS,600,fif(th)
MS601,MS,601,fi(f)th
MS602,MS,602,fi(f)th
MS603,MS,603,-
MS604,MS,604,-
MS605,MS,605,fi(f)th
MS606,MS,606,fi(f)th
MS607,MS,607,-
MS608,MS,608,fi(f)th
MS609,MS,609,fif(th)
MS610,MS,610,fif(th)
MS611,MS,611,fif(th)
MS612,MS,612,fi(f)th
MS613,MS,613,fift
MS614,MS,614,-
MS615,MS,615,fi(f)th
MS616,MS,616,-
MS617,MS,617,fif(th)
MS618,MS,618,-
MS619,MS,619,fif(th)
MS620,MS,620,fift
MS621,MS,621,fif(th)
MS622,MS,622,fi(f)th
MS623,MS,623,fifth
MS624,MS,624,fi(f)th
MS625,MS,625,fi(f)th
MS626,MS,626,-
MS627,MS,627,fif(th)
MS628,MS,628,fi(f)th
MS629,MS,629,fiv(th)
LA630,LA,630,fi(f)th
LA631,LA,631,-
LA632,LA,632,fi(f)th
LA633,LA,633,fi(f)th
LA634,LA,634,fift
LA635,LA,635,fi(f)th
LA636,LA,636,fif(th)
LA637,LA,637,fi(f)th
LA638,LA,638,fi(f)th
LA639,LA,639,fi(f)th
LA640,LA,640,fi(f)th
LA641,LA,641,fif(th)
LA642,LA,642,-
LA643,LA,643,fi(f)th
LA644,LA,644,-
LA645,LA,645,fi(f)th
LA646,LA,646,fi(f)th
LA647,LA,647,fif(th)
LA648,LA,648,fif(th)
LA649,LA,649,fif(th)
LA650,LA,650,fi(f)th
LA651,LA,651,-
LA652,LA,652,fi(f)th
LA653,LA,653,fi(f)th
LA654,LA,654,fif(th)
LA655,LA,655,fi(f)th
LA656,LA,656,fifth
LA657,LA,657,fi(f)th
LA657X,LA,657X,fi(f)th
LA657Y,LA,657Y,fifth
LA657Z,LA,657Z,fifth
LA658,LA,658,fift
LA659,LA,659,fif(th)
LA660,LA,660,fi(f)th
LA661,LA,661,fif(th)
LA662,LA,662,fift
LA663,LA,663,-
LA664,LA,664,-
LA665,LA,665,fif(th)
LA666,LA,666,fift
LA667,LA,667,fif(th)
LA668,LA,668,fifth
LA669,LA,669,fi(f)th
LA670,LA,670,fi(f)th
LA671,LA,671,fi(f)th
LA672,LA,672,fi(f)th
LA673,LA,673,fi(f)th
AR674,AR,674,fif(th)
AR675,AR,675,fifth
AR676,AR,676,-
AR677,AR,677,-
AR678,AR,678,-
AR679,AR,679,-
AR680,AR,680,fift
AR681,AR,681,fifth
AR682,AR,682,-
AR683,AR,683,-
AR684,AR,684,fif(th)
AR685,AR,685,fifth
AR686,AR,686,fi(f)th
AR687,AR,687,fi(f)th
AR688,AR,688,fif(th)
AR689,AR,689,fif(th)
AR690,AR,690,fif(th)
AR691,AR,691,fi(f)th
AR692,AR,692,fi(f)th
AR693,AR,693,fi(f)th
AR694,AR,694,fif(th)
AR695,AR,695,fi(f)th
AR696,AR,696,fif(th)
AR697,AR,697,fif(th)
AR698,AR,698,fi(f)th
AR699,AR,699,-
AR700,AR,700,fi(f)th
AR701,AR,701,fi(f)th
AR702,AR,702,-
AR703,AR,703,-
AR704,AR,704,fi(f)th
AR705,AR,705,fi(f)th
AR706,AR,706,fif(th)
AR707,AR,707,fif(th)
AR708,AR,708,fifth
AR709,AR,709,fi(f)th
AR710,AR,710,fi(f)th
AR711,AR,711,fi(f)th
AR712,AR,712,fi(f)th
AR713,AR,713,fi(f)th
AR714,AR,714,fift
AR715,AR,715,-
AR716,AR,716,-
AR717,AR,717,-
AR718,AR,718,fift
AR718,AR,718,fi(f)th
AR719,AR,719,fifth
AR720,AR,720,-
AR721,AR,721,fifth
AR722,AR,722,fi(f)th
AR723,AR,723,fifth
AR724,AR,724,fifth
AR725,AR,725,fifth
AR726,AR,726,fifth
AR727,AR,727,-
AR728,AR,728,fi(f)th
AR729,AR,729,fi(f)th
AR730,AR,730,fi(f)th
AR731,AR,731,fi(f)th
AR732,AR,732,fi(f)th
AR733,AR,733,-
AR734,AR,734,-
AR735,AR,735,-
AR736,AR,736,-
AR737,AR,737,fi(f)th
AR738,AR,738,fi(f)th
AR739,AR,739,-
AR740,AR,740,fif(th)
AR741,AR,741,fi(f)th
AR742,AR,742,-
AR743,AR,743,-
AR744,AR,744,-
AR745,AR,745,-
AR746,AR,746,-
AR747,AR,747,-
AR748,AR,748,fif(th)
AR749,AR,749,fi(f)th
AR750,AR,750,-
AR751,AR,751,fi(f)th
AR752,AR,752,fif(th)
AR753,AR,753,fi(f)th
AR754,AR,754,fif(th)
AR755,AR,755,fi(f)th
LA756,LA,756,fif(th)
LA757,LA,757,fif(th)
LA758,LA,758,fi(f)th
LA759,LA,759,-
LA760,LA,760,fifth
LA761,LA,761,fif(th)
LA762,LA,762,fi(f)th
LA763,LA,763,-
LA764,LA,764,fif(th)
LA765,LA,765,fi(f)th
LA766,LA,766,fift
LA767,LA,767,fi(f)th
LA768,LA,768,fift
LA769,LA,769,fi(f)th
LA770,LA,770,fi(f)th
LA771,LA,771,fi(f)th
LA772,LA,772,fift
LA773,LA,773,fif(th)
LA774,LA,774,-
LA775,LA,775,fi(f)th
LA776,LA,776,fi(f)th
LA777,LA,777,fif(th)
LA778,LA,778,fi(f)th
LA779,LA,779,fif(th)
LA780,LA,780,fi(f)th
LA781,LA,781,fif(th)
LA782,LA,782,-
LA783,LA,783,fi(f)th
LA784,LA,784,fift
LA785,LA,785,fi(f)th
LA786,LA,786,fi(f)th
LA787,LA,787,fi(f)th
LA788,LA,788,fifth
LA789,LA,789,fif(th)
LA790,LA,790,-
LA791,LA,791,fi(f)th
LA792,LA,792,fi(f)th
LA793,LA,793,-
LA794,LA,794,fif(th)
LA795,LA,795,fi(f)th
LA796,LA,796,fif(th)
LA797,LA,797,fif(th)
LA798,LA,798,fif(th)
LA799,LA,799,-
LA800,LA,800,fifth
LA801,LA,801,fift
LA802,LA,802,fi(f)th
LA803,LA,803,-
LA804,LA,804,-
LA805,LA,805,fif(th)
LA806,LA,806,fifth
LA807,LA,807,fif(th)
LA808,LA,808,fi(f)th
LA809,LA,809,fift
LA810,LA,810,fif(th)
LA811,LA,811,fif(th)
LA812,LA,812,fif(th)
LA813,LA,813,fifth
LA814,LA,814,fi(f)th
LA815,LA,815,fi(f)th
LA816,LA,816,fi(f)th
LA817,LA,817,fi(f)th
TX818,TX,818,fif(th)
TX819,TX,819,fif(th)
TX820,TX,820,fifth
TX821,TX,821,fi(f)th
TX822,TX,822,fif(th)
TX823,TX,823,fi(f)th
TX824,TX,824,fi(f)th
TX825,TX,825,fi(f)th
TX826,TX,826,fi(f)th
TX827,TX,827,fi(f)th
TX828,TX,828,fifth
TX829,TX,829,fif(th)
TX830,TX,830,fi(f)th
TX831,TX,831,fi(f)th
TX832,TX,832,fifth
TX833,TX,833,fi(f)th
TX834,TX,834,fi(f)th
TX835,TX,835,fi(f)th
TX836,TX,836,fi(f)th
TX837,TX,837,fift
TX838,TX,838,-
TX839,TX,839,-
TX840,TX,840,-
TX841,TX,841,fi(f)th
TX842,TX,842,fi(f)th
TX843,TX,843,fifth
TX844,TX,844,fi(f)th
TX845,TX,845,-
TX846,TX,846,fi(f)th
TX847,TX,847,-
TX848,TX,848,fifth
TX849,TX,849,-
TX850,TX,850,-
TX851,TX,851,fifth
TX852,TX,852,fift
TX853,TX,853,fi(f)th
TX854,TX,854,fi(f)th
TX855,TX,855,fi(f)th
TX856,TX,856,fi(f)th
TX857,TX,857,fi(f)th
TX858,TX,858,fif(th)
TX859,TX,859,fi(f)th
TX860,TX,860,fitth
TX861,TX,861,fifth
TX862,TX,862,fi(f)th
TX863,TX,863,fi(f)th
TX864,TX,864,fifth
TX865,TX,865,fifth
TX866,TX,866,fifth
TX867,TX,867,fi(f)th
TX868,TX,868,fif(th)
TX869,TX,869,fi(f)th
TX870,TX,870,fi(f)th
TX871,TX,871,-
TX872,TX,872,-
TX873,TX,873,fifth
TX874,TX,874,fift
TX875,TX,875,fift
TX876,TX,876,fifth
TX877,TX,877,fifth
TX878,TX,878,fif(th)
TX879,TX,879,-
TX880,TX,880,-
TX881,TX,881,-
TX882,TX,882,-
TX883,TX,883,-
TX884,TX,884,-
TX885,TX,885,fi(f)th
TX886,TX,886,fif(th)
TX887,TX,887,fifth
TX888,TX,888,fif(th)
TX889,TX,889,fi(f)th
TX890,TX,890,fifth
TX891,TX,891,fifth
TX892,TX,892,fif(th)
TX893,TX,893,fi(f)th
TX894,TX,894,fift
TX895,TX,895,fi(f)th
TX896,TX,896,fif(th)
TX897,TX,897,fift
TX898,TX,898,fifth
TX899,TX,899,fi(f)th
TX900,TX,900,fift
TX901,TX,901,fi(f)th
TX902,TX,902,fi(f)th
TX903,TX,903,-
TX904,TX,904,fifth
TX905,TX,905,fif(th)
TX906,TX,906,fifth
TX907,TX,907,fi(f)th
TX908,TX,908,fi(f)th
TX909,TX,909,fift
TX910,TX,910,fifth
TX911,TX,911,fifth
