<?xml version="1.0" encoding="UTF-8" standalone="yes"?>
<Audio>
	<entry id="1060320101" project="LAO" informant="INF032" reel="1a" region="1" narrative="_Q" label="Personal Characteristics" state="OK" sex="M " age="74" age_level="3" education="1" town="Ardmore" county="Carter" land_regions="D" locality="U" date="1962" file_name="LAO(INF032)1a 01 Personal Characteristics.mp3" path_to_file="LAP\Projects\LAO\Speakers\LAO(INF032)\Audio\LAO(INF032)1a\LAO(INF032)1a 01 Personal Characteristics.mp3"/>
	<entry id="1060320102" project="LAO" informant="INF032" reel="1a" region="2" narrative="_Q" label="Public Institutions" state="OK" sex="M " age="74" age_level="3" education="1" town="Ardmore" county="Carter" land_regions="D" locality="U" date="1962" file_name="LAO(INF032)1a 02 Public Institutions.mp3" path_to_file="LAP\Projects\LAO\Speakers\LAO(INF032)\Audio\LAO(INF032)1a\LAO(INF032)1a 02 Public Institutions.mp3"/>
	<entry id="1060320103" project="LAO" informant="INF032" reel="1a" region="3" narrative="_Q" label="Dwellings" state="OK" sex="M " age="74" age_level="3" education="1" town="Ardmore" county="Carter" land_regions="D" locality="U" date="1962" file_name="LAO(INF032)1a 03 Dwellings.mp3" path_to_file="LAP\Projects\LAO\Speakers\LAO(INF032)\Audio\LAO(INF032)1a\LAO(INF032)1a 03 Dwellings.mp3"/>
	<entry id="1060320104" project="LAO" informant="INF032" reel="1a" region="4" narrative="_Q" label="Dwellings" state="OK" sex="M " age="74" age_level="3" education="1" town="Ardmore" county="Carter" land_regions="D" locality="U" date="1962" file_name="LAO(INF032)1a 04 Dwellings.mp3" path_to_file="LAP\Projects\LAO\Speakers\LAO(INF032)\Audio\LAO(INF032)1a\LAO(INF032)1a 04 Dwellings.mp3"/>
	<entry id="1060320105" project="LAO" informant="INF032" reel="1a" region="5" narrative="_Q" label="Business" state="OK" sex="M " age="74" age_level="3" education="1" town="Ardmore" county="Carter" land_regions="D" locality="U" date="1962" file_name="LAO(INF032)1a 05 Business.mp3" path_to_file="LAP\Projects\LAO\Speakers\LAO(INF032)\Audio\LAO(INF032)1a\LAO(INF032)1a 05 Business.mp3"/>
	<entry id="1060320106" project="LAO" informant="INF032" reel="1a" region="6" narrative="_Q" label="Dwellings" state="OK" sex="M " age="74" age_level="3" education="1" town="Ardmore" county="Carter" land_regions="D" locality="U" date="1962" file_name="LAO(INF032)1a 06 Dwellings.mp3" path_to_file="LAP\Projects\LAO\Speakers\LAO(INF032)\Audio\LAO(INF032)1a\LAO(INF032)1a 06 Dwellings.mp3"/>
	<entry id="1060320107" project="LAO" informant="INF032" reel="1a" region="7" narrative="_Q" label="Geography" state="OK" sex="M " age="74" age_level="3" education="1" town="Ardmore" county="Carter" land_regions="D" locality="U" date="1962" file_name="LAO(INF032)1a 07 Geography.mp3" path_to_file="LAP\Projects\LAO\Speakers\LAO(INF032)\Audio\LAO(INF032)1a\LAO(INF032)1a 07 Geography.mp3"/>
	<entry id="3060320101" project="LAO" informant="INF032" reel="1a" region="0" narrative="_I" label="Metadata" state="OK" sex="M " age="74" age_level="3" education="1" town="Ardmore" county="Carter" land_regions="D" locality="U" date="1962" file_name="LAO(INF032)1ameta.txt" path_to_file="LAP\Projects\LAO\Speakers\LAO(INF032)\Audio\LAO(INF032)1a\LAO(INF032)1ameta.txt"/>
	<entry id="1060320108" project="LAO" informant="INF032" reel="1b" region="1" narrative="_Q" label="Containers and Utensils" state="OK" sex="M " age="74" age_level="3" education="1" town="Ardmore" county="Carter" land_regions="D" locality="U" date="1962" file_name="LAO(INF032)1b 01 Containers and Utensils.mp3" path_to_file="LAP\Projects\LAO\Speakers\LAO(INF032)\Audio\LAO(INF032)1b\LAO(INF032)1b 01 Containers and Utensils.mp3"/>
	<entry id="1060320109" project="LAO" informant="INF032" reel="1b" region="2" narrative="_Q" label="Dwellings" state="OK" sex="M " age="74" age_level="3" education="1" town="Ardmore" county="Carter" land_regions="D" locality="U" date="1962" file_name="LAO(INF032)1b 02 Dwellings.mp3" path_to_file="LAP\Projects\LAO\Speakers\LAO(INF032)\Audio\LAO(INF032)1b\LAO(INF032)1b 02 Dwellings.mp3"/>
	<entry id="1060320110" project="LAO" informant="INF032" reel="1b" region="3" narrative="_Q" label="Dwellings" state="OK" sex="M " age="74" age_level="3" education="1" town="Ardmore" county="Carter" land_regions="D" locality="U" date="1962" file_name="LAO(INF032)1b 03 Dwellings.mp3" path_to_file="LAP\Projects\LAO\Speakers\LAO(INF032)\Audio\LAO(INF032)1b\LAO(INF032)1b 03 Dwellings.mp3"/>
	<entry id="1060320111" project="LAO" informant="INF032" reel="1b" region="4" narrative="_Q" label="Names, Titles and Occupations" state="OK" sex="M " age="74" age_level="3" education="1" town="Ardmore" county="Carter" land_regions="D" locality="U" date="1962" file_name="LAO(INF032)1b 04 Names, Titles and Occupations.mp3" path_to_file="LAP\Projects\LAO\Speakers\LAO(INF032)\Audio\LAO(INF032)1b\LAO(INF032)1b 04 Names, Titles and Occupations.mp3"/>
	<entry id="1060320112" project="LAO" informant="INF032" reel="1b" region="5" narrative="_Q" label="Domestic Animals" state="OK" sex="M " age="74" age_level="3" education="1" town="Ardmore" county="Carter" land_regions="D" locality="U" date="1962" file_name="LAO(INF032)1b 05 Domestic Animals.mp3" path_to_file="LAP\Projects\LAO\Speakers\LAO(INF032)\Audio\LAO(INF032)1b\LAO(INF032)1b 05 Domestic Animals.mp3"/>
	<entry id="1060320113" project="LAO" informant="INF032" reel="1b" region="6" narrative="_Q" label="Dwellings" state="OK" sex="M " age="74" age_level="3" education="1" town="Ardmore" county="Carter" land_regions="D" locality="U" date="1962" file_name="LAO(INF032)1b 06 Dwellings.mp3" path_to_file="LAP\Projects\LAO\Speakers\LAO(INF032)\Audio\LAO(INF032)1b\LAO(INF032)1b 06 Dwellings.mp3"/>
	<entry id="3060320102" project="LAO" informant="INF032" reel="1b" region="0" narrative="_I" label="Metadata" state="OK" sex="M " age="74" age_level="3" education="1" town="Ardmore" county="Carter" land_regions="D" locality="U" date="1962" file_name="LAO(INF032)1bmeta.txt" path_to_file="LAP\Projects\LAO\Speakers\LAO(INF032)\Audio\LAO(INF032)1b\LAO(INF032)1bmeta.txt"/>
	<entry id="1060320114" project="LAO" informant="INF032" reel="1c" region="1" narrative="_Q" label="Clothing" state="OK" sex="M " age="74" age_level="3" education="1" town="Ardmore" county="Carter" land_regions="D" locality="U" date="1962" file_name="LAO(INF032)1c 01 Clothing.mp3" path_to_file="LAP\Projects\LAO\Speakers\LAO(INF032)\Audio\LAO(INF032)1c\LAO(INF032)1c 01 Clothing.mp3"/>
	<entry id="1060320115" project="LAO" informant="INF032" reel="1c" region="2" narrative="_Q" label="Containers and Utensils" state="OK" sex="M " age="74" age_level="3" education="1" town="Ardmore" county="Carter" land_regions="D" locality="U" date="1962" file_name="LAO(INF032)1c 02 Containers and Utensils.mp3" path_to_file="LAP\Projects\LAO\Speakers\LAO(INF032)\Audio\LAO(INF032)1c\LAO(INF032)1c 02 Containers and Utensils.mp3"/>
	<entry id="1060320116" project="LAO" informant="INF032" reel="1c" region="3" narrative="_Q" label="Containers and Utensils" state="OK" sex="M " age="74" age_level="3" education="1" town="Ardmore" county="Carter" land_regions="D" locality="U" date="1962" file_name="LAO(INF032)1c 03 Containers and Utensils.mp3" path_to_file="LAP\Projects\LAO\Speakers\LAO(INF032)\Audio\LAO(INF032)1c\LAO(INF032)1c 03 Containers and Utensils.mp3"/>
	<entry id="1060320117" project="LAO" informant="INF032" reel="1c" region="4" narrative="_Q" label="The Farm" state="OK" sex="M " age="74" age_level="3" education="1" town="Ardmore" county="Carter" land_regions="D" locality="U" date="1962" file_name="LAO(INF032)1c 04 The Farm.mp3" path_to_file="LAP\Projects\LAO\Speakers\LAO(INF032)\Audio\LAO(INF032)1c\LAO(INF032)1c 04 The Farm.mp3"/>
	<entry id="1060320118" project="LAO" informant="INF032" reel="1c" region="5" narrative="_Q" label="The Farm" state="OK" sex="M " age="74" age_level="3" education="1" town="Ardmore" county="Carter" land_regions="D" locality="U" date="1962" file_name="LAO(INF032)1c 05 The Farm.mp3" path_to_file="LAP\Projects\LAO\Speakers\LAO(INF032)\Audio\LAO(INF032)1c\LAO(INF032)1c 05 The Farm.mp3"/>
	<entry id="1060320119" project="LAO" informant="INF032" reel="1c" region="6" narrative="_Q" label="Vehicles" state="OK" sex="M " age="74" age_level="3" education="1" town="Ardmore" county="Carter" land_regions="D" locality="U" date="1962" file_name="LAO(INF032)1c 06 Vehicles.mp3" path_to_file="LAP\Projects\LAO\Speakers\LAO(INF032)\Audio\LAO(INF032)1c\LAO(INF032)1c 06 Vehicles.mp3"/>
	<entry id="1060320120" project="LAO" informant="INF032" reel="1c" region="7" narrative="_Q" label="Dwellings" state="OK" sex="M " age="74" age_level="3" education="1" town="Ardmore" county="Carter" land_regions="D" locality="U" date="1962" file_name="LAO(INF032)1c 07 Dwellings.mp3" path_to_file="LAP\Projects\LAO\Speakers\LAO(INF032)\Audio\LAO(INF032)1c\LAO(INF032)1c 07 Dwellings.mp3"/>
	<entry id="3060320103" project="LAO" informant="INF032" reel="1c" region="0" narrative="_I" label="Metadata" state="OK" sex="M " age="74" age_level="3" education="1" town="Ardmore" county="Carter" land_regions="D" locality="U" date="1962" file_name="LAO(INF032)1cmeta.txt" path_to_file="LAP\Projects\LAO\Speakers\LAO(INF032)\Audio\LAO(INF032)1c\LAO(INF032)1cmeta.txt"/>
	<entry id="1060320201" project="LAO" informant="INF032" reel="2a" region="1" narrative="_Q" label="Dwellings" state="OK" sex="M " age="74" age_level="3" education="1" town="Ardmore" county="Carter" land_regions="D" locality="U" date="1962" file_name="LAO(INF032)2a 01 Dwellings.mp3" path_to_file="LAP\Projects\LAO\Speakers\LAO(INF032)\Audio\LAO(INF032)2a\LAO(INF032)2a 01 Dwellings.mp3"/>
	<entry id="1060320202" project="LAO" informant="INF032" reel="2a" region="2" narrative="_Q" label="Names, Titles and Occupations" state="OK" sex="M " age="74" age_level="3" education="1" town="Ardmore" county="Carter" land_regions="D" locality="U" date="1962" file_name="LAO(INF032)2a 02 Names, Titles and Occupations.mp3" path_to_file="LAP\Projects\LAO\Speakers\LAO(INF032)\Audio\LAO(INF032)2a\LAO(INF032)2a 02 Names, Titles and Occupations.mp3"/>
	<entry id="1060320203" project="LAO" informant="INF032" reel="2a" region="3" narrative="_Q" label="Agriculture" state="OK" sex="M " age="74" age_level="3" education="1" town="Ardmore" county="Carter" land_regions="D" locality="U" date="1962" file_name="LAO(INF032)2a 03 Agriculture.mp3" path_to_file="LAP\Projects\LAO\Speakers\LAO(INF032)\Audio\LAO(INF032)2a\LAO(INF032)2a 03 Agriculture.mp3"/>
	<entry id="1060320204" project="LAO" informant="INF032" reel="2a" region="4" narrative="_Q" label="Agriculture" state="OK" sex="M " age="74" age_level="3" education="1" town="Ardmore" county="Carter" land_regions="D" locality="U" date="1962" file_name="LAO(INF032)2a 04 Agriculture.mp3" path_to_file="LAP\Projects\LAO\Speakers\LAO(INF032)\Audio\LAO(INF032)2a\LAO(INF032)2a 04 Agriculture.mp3"/>
	<entry id="1060320205" project="LAO" informant="INF032" reel="2a" region="5" narrative="_Q" label="The Farm" state="OK" sex="M " age="74" age_level="3" education="1" town="Ardmore" county="Carter" land_regions="D" locality="U" date="1962" file_name="LAO(INF032)2a 05 The Farm.mp3" path_to_file="LAP\Projects\LAO\Speakers\LAO(INF032)\Audio\LAO(INF032)2a\LAO(INF032)2a 05 The Farm.mp3"/>
	<entry id="1060320206" project="LAO" informant="INF032" reel="2a" region="6" narrative="_Q" label="Containers and Utensils" state="OK" sex="M " age="74" age_level="3" education="1" town="Ardmore" county="Carter" land_regions="D" locality="U" date="1962" file_name="LAO(INF032)2a 06 Containers and Utensils.mp3" path_to_file="LAP\Projects\LAO\Speakers\LAO(INF032)\Audio\LAO(INF032)2a\LAO(INF032)2a 06 Containers and Utensils.mp3"/>
	<entry id="1060320207" project="LAO" informant="INF032" reel="2a" region="7" narrative="_Q" label="Containers and Utensils" state="OK" sex="M " age="74" age_level="3" education="1" town="Ardmore" county="Carter" land_regions="D" locality="U" date="1962" file_name="LAO(INF032)2a 07 Containers and Utensils.mp3" path_to_file="LAP\Projects\LAO\Speakers\LAO(INF032)\Audio\LAO(INF032)2a\LAO(INF032)2a 07 Containers and Utensils.mp3"/>
	<entry id="3060320201" project="LAO" informant="INF032" reel="2a" region="0" narrative="_I" label="Metadata" state="OK" sex="M " age="74" age_level="3" education="1" town="Ardmore" county="Carter" land_regions="D" locality="U" date="1962" file_name="LAO(INF032)2ameta.txt" path_to_file="LAP\Projects\LAO\Speakers\LAO(INF032)\Audio\LAO(INF032)2a\LAO(INF032)2ameta.txt"/>
	<entry id="1060320208" project="LAO" informant="INF032" reel="2b" region="1" narrative="_Q" label="Food and Cooking" state="OK" sex="M " age="74" age_level="3" education="1" town="Ardmore" county="Carter" land_regions="D" locality="U" date="1962" file_name="LAO(INF032)2b 01 Food and Cooking.mp3" path_to_file="LAP\Projects\LAO\Speakers\LAO(INF032)\Audio\LAO(INF032)2b\LAO(INF032)2b 01 Food and Cooking.mp3"/>
	<entry id="1060320209" project="LAO" informant="INF032" reel="2b" region="2" narrative="_Q" label="Food and Cooking" state="OK" sex="M " age="74" age_level="3" education="1" town="Ardmore" county="Carter" land_regions="D" locality="U" date="1962" file_name="LAO(INF032)2b 02 Food and Cooking.mp3" path_to_file="LAP\Projects\LAO\Speakers\LAO(INF032)\Audio\LAO(INF032)2b\LAO(INF032)2b 02 Food and Cooking.mp3"/>
	<entry id="1060320210" project="LAO" informant="INF032" reel="2b" region="3" narrative="_Q" label="Containers and Utensils" state="OK" sex="M " age="74" age_level="3" education="1" town="Ardmore" county="Carter" land_regions="D" locality="U" date="1962" file_name="LAO(INF032)2b 03 Containers and Utensils.mp3" path_to_file="LAP\Projects\LAO\Speakers\LAO(INF032)\Audio\LAO(INF032)2b\LAO(INF032)2b 03 Containers and Utensils.mp3"/>
	<entry id="1060320211" project="LAO" informant="INF032" reel="2b" region="4" narrative="_Q" label="Containers and Utensils" state="OK" sex="M " age="74" age_level="3" education="1" town="Ardmore" county="Carter" land_regions="D" locality="U" date="1962" file_name="LAO(INF032)2b 04 Containers and Utensils.mp3" path_to_file="LAP\Projects\LAO\Speakers\LAO(INF032)\Audio\LAO(INF032)2b\LAO(INF032)2b 04 Containers and Utensils.mp3"/>
	<entry id="1060320212" project="LAO" informant="INF032" reel="2b" region="5" narrative="_Q" label="Containers and Utensils" state="OK" sex="M " age="74" age_level="3" education="1" town="Ardmore" county="Carter" land_regions="D" locality="U" date="1962" file_name="LAO(INF032)2b 05 Containers and Utensils.mp3" path_to_file="LAP\Projects\LAO\Speakers\LAO(INF032)\Audio\LAO(INF032)2b\LAO(INF032)2b 05 Containers and Utensils.mp3"/>
	<entry id="1060320213" project="LAO" informant="INF032" reel="2b" region="6" narrative="_Q" label="Public Institutions" state="OK" sex="M " age="74" age_level="3" education="1" town="Ardmore" county="Carter" land_regions="D" locality="U" date="1962" file_name="LAO(INF032)2b 06 Public Institutions.mp3" path_to_file="LAP\Projects\LAO\Speakers\LAO(INF032)\Audio\LAO(INF032)2b\LAO(INF032)2b 06 Public Institutions.mp3"/>
	<entry id="1060320214" project="LAO" informant="INF032" reel="2b" region="7" narrative="_Q" label="Vehicles" state="OK" sex="M " age="74" age_level="3" education="1" town="Ardmore" county="Carter" land_regions="D" locality="U" date="1962" file_name="LAO(INF032)2b 07 Vehicles.mp3" path_to_file="LAP\Projects\LAO\Speakers\LAO(INF032)\Audio\LAO(INF032)2b\LAO(INF032)2b 07 Vehicles.mp3"/>
	<entry id="3060320202" project="LAO" informant="INF032" reel="2b" region="0" narrative="_I" label="Metadata" state="OK" sex="M " age="74" age_level="3" education="1" town="Ardmore" county="Carter" land_regions="D" locality="U" date="1962" file_name="LAO(INF032)2bmeta.txt" path_to_file="LAP\Projects\LAO\Speakers\LAO(INF032)\Audio\LAO(INF032)2b\LAO(INF032)2bmeta.txt"/>
	<entry id="1060320215" project="LAO" informant="INF032" reel="2c" region="1" narrative="_Q" label="Calls to Animals" state="OK" sex="M " age="74" age_level="3" education="1" town="Ardmore" county="Carter" land_regions="D" locality="U" date="1962" file_name="LAO(INF032)2c 01 Calls to Animals.mp3" path_to_file="LAP\Projects\LAO\Speakers\LAO(INF032)\Audio\LAO(INF032)2c\LAO(INF032)2c 01 Calls to Animals.mp3"/>
	<entry id="1060320216" project="LAO" informant="INF032" reel="2c" region="2" narrative="_Q" label="Vehicles" state="OK" sex="M " age="74" age_level="3" education="1" town="Ardmore" county="Carter" land_regions="D" locality="U" date="1962" file_name="LAO(INF032)2c 02 Vehicles.mp3" path_to_file="LAP\Projects\LAO\Speakers\LAO(INF032)\Audio\LAO(INF032)2c\LAO(INF032)2c 02 Vehicles.mp3"/>
	<entry id="1060320217" project="LAO" informant="INF032" reel="2c" region="3" narrative="_Q" label="Vehicles" state="OK" sex="M " age="74" age_level="3" education="1" town="Ardmore" county="Carter" land_regions="D" locality="U" date="1962" file_name="LAO(INF032)2c 03 Vehicles.mp3" path_to_file="LAP\Projects\LAO\Speakers\LAO(INF032)\Audio\LAO(INF032)2c\LAO(INF032)2c 03 Vehicles.mp3"/>
	<entry id="1060320218" project="LAO" informant="INF032" reel="2c" region="4" narrative="_Q" label="Vehicles" state="OK" sex="M " age="74" age_level="3" education="1" town="Ardmore" county="Carter" land_regions="D" locality="U" date="1962" file_name="LAO(INF032)2c 04 Vehicles.mp3" path_to_file="LAP\Projects\LAO\Speakers\LAO(INF032)\Audio\LAO(INF032)2c\LAO(INF032)2c 04 Vehicles.mp3"/>
	<entry id="1060320219" project="LAO" informant="INF032" reel="2c" region="5" narrative="_Q" label="Names, Titles and Occupations" state="OK" sex="M " age="74" age_level="3" education="1" town="Ardmore" county="Carter" land_regions="D" locality="U" date="1962" file_name="LAO(INF032)2c 05 Names, Titles and Occupations.mp3" path_to_file="LAP\Projects\LAO\Speakers\LAO(INF032)\Audio\LAO(INF032)2c\LAO(INF032)2c 05 Names, Titles and Occupations.mp3"/>
	<entry id="1060320220" project="LAO" informant="INF032" reel="2c" region="6" narrative="_Q" label="Vehicles" state="OK" sex="M " age="74" age_level="3" education="1" town="Ardmore" county="Carter" land_regions="D" locality="U" date="1962" file_name="LAO(INF032)2c 06 Vehicles.mp3" path_to_file="LAP\Projects\LAO\Speakers\LAO(INF032)\Audio\LAO(INF032)2c\LAO(INF032)2c 06 Vehicles.mp3"/>
	<entry id="1060320221" project="LAO" informant="INF032" reel="2c" region="7" narrative="_Q" label="Sport and Play" state="OK" sex="M " age="74" age_level="3" education="1" town="Ardmore" county="Carter" land_regions="D" locality="U" date="1962" file_name="LAO(INF032)2c 07 Sport and Play.mp3" path_to_file="LAP\Projects\LAO\Speakers\LAO(INF032)\Audio\LAO(INF032)2c\LAO(INF032)2c 07 Sport and Play.mp3"/>
	<entry id="1060320222" project="LAO" informant="INF032" reel="2c" region="8" narrative="_Q" label="Vehicles" state="OK" sex="M " age="74" age_level="3" education="1" town="Ardmore" county="Carter" land_regions="D" locality="U" date="1962" file_name="LAO(INF032)2c 08 Vehicles.mp3" path_to_file="LAP\Projects\LAO\Speakers\LAO(INF032)\Audio\LAO(INF032)2c\LAO(INF032)2c 08 Vehicles.mp3"/>
	<entry id="3060320203" project="LAO" informant="INF032" reel="2c" region="0" narrative="_I" label="Metadata" state="OK" sex="M " age="74" age_level="3" education="1" town="Ardmore" county="Carter" land_regions="D" locality="U" date="1962" file_name="LAO(INF032)2cmeta.txt" path_to_file="LAP\Projects\LAO\Speakers\LAO(INF032)\Audio\LAO(INF032)2c\LAO(INF032)2cmeta.txt"/>
	<entry id="1060320301" project="LAO" informant="INF032" reel="3a" region="1" narrative="_Q" label="Public Institutions" state="OK" sex="M " age="74" age_level="3" education="1" town="Ardmore" county="Carter" land_regions="D" locality="U" date="1962" file_name="LAO(INF032)3a 01 Public Institutions.mp3" path_to_file="LAP\Projects\LAO\Speakers\LAO(INF032)\Audio\LAO(INF032)3a\LAO(INF032)3a 01 Public Institutions.mp3"/>
	<entry id="1060320302" project="LAO" informant="INF032" reel="3a" region="2" narrative="_Q" label="Containers and Utensils" state="OK" sex="M " age="74" age_level="3" education="1" town="Ardmore" county="Carter" land_regions="D" locality="U" date="1962" file_name="LAO(INF032)3a 02 Containers and Utensils.mp3" path_to_file="LAP\Projects\LAO\Speakers\LAO(INF032)\Audio\LAO(INF032)3a\LAO(INF032)3a 02 Containers and Utensils.mp3"/>
	<entry id="1060320303" project="LAO" informant="INF032" reel="3a" region="3" narrative="_Q" label="Names, Titles and Occupations" state="OK" sex="M " age="74" age_level="3" education="1" town="Ardmore" county="Carter" land_regions="D" locality="U" date="1962" file_name="LAO(INF032)3a 03 Names, Titles and Occupations.mp3" path_to_file="LAP\Projects\LAO\Speakers\LAO(INF032)\Audio\LAO(INF032)3a\LAO(INF032)3a 03 Names, Titles and Occupations.mp3"/>
	<entry id="1060320304" project="LAO" informant="INF032" reel="3a" region="4" narrative="_Q" label="Clothing" state="OK" sex="M " age="74" age_level="3" education="1" town="Ardmore" county="Carter" land_regions="D" locality="U" date="1962" file_name="LAO(INF032)3a 04 Clothing.mp3" path_to_file="LAP\Projects\LAO\Speakers\LAO(INF032)\Audio\LAO(INF032)3a\LAO(INF032)3a 04 Clothing.mp3"/>
	<entry id="1060320305" project="LAO" informant="INF032" reel="3a" region="5" narrative="_Q" label="Clothing" state="OK" sex="M " age="74" age_level="3" education="1" town="Ardmore" county="Carter" land_regions="D" locality="U" date="1962" file_name="LAO(INF032)3a 05 Clothing.mp3" path_to_file="LAP\Projects\LAO\Speakers\LAO(INF032)\Audio\LAO(INF032)3a\LAO(INF032)3a 05 Clothing.mp3"/>
	<entry id="1060320306" project="LAO" informant="INF032" reel="3a" region="6" narrative="_Q" label="Names, Titles and Occupations" state="OK" sex="M " age="74" age_level="3" education="1" town="Ardmore" county="Carter" land_regions="D" locality="U" date="1962" file_name="LAO(INF032)3a 06 Names, Titles and Occupations.mp3" path_to_file="LAP\Projects\LAO\Speakers\LAO(INF032)\Audio\LAO(INF032)3a\LAO(INF032)3a 06 Names, Titles and Occupations.mp3"/>
	<entry id="1060320307" project="LAO" informant="INF032" reel="3a" region="7" narrative="_Q" label="Names, Titles and Occupations" state="OK" sex="M " age="74" age_level="3" education="1" town="Ardmore" county="Carter" land_regions="D" locality="U" date="1962" file_name="LAO(INF032)3a 07 Names, Titles and Occupations.mp3" path_to_file="LAP\Projects\LAO\Speakers\LAO(INF032)\Audio\LAO(INF032)3a\LAO(INF032)3a 07 Names, Titles and Occupations.mp3"/>
	<entry id="3060320301" project="LAO" informant="INF032" reel="3a" region="0" narrative="_I" label="Metadata" state="OK" sex="M " age="74" age_level="3" education="1" town="Ardmore" county="Carter" land_regions="D" locality="U" date="1962" file_name="LAO(INF032)3ameta.txt" path_to_file="LAP\Projects\LAO\Speakers\LAO(INF032)\Audio\LAO(INF032)3a\LAO(INF032)3ameta.txt"/>
	<entry id="1060320308" project="LAO" informant="INF032" reel="3b" region="1" narrative="_Q" label="Public Institutions" state="OK" sex="M " age="74" age_level="3" education="1" town="Ardmore" county="Carter" land_regions="D" locality="U" date="1962" file_name="LAO(INF032)3b 01 Public Institutions.mp3" path_to_file="LAP\Projects\LAO\Speakers\LAO(INF032)\Audio\LAO(INF032)3b\LAO(INF032)3b 01 Public Institutions.mp3"/>
	<entry id="1060320309" project="LAO" informant="INF032" reel="3b" region="2" narrative="_Q" label="Names, Titles and Occupations" state="OK" sex="M " age="74" age_level="3" education="1" town="Ardmore" county="Carter" land_regions="D" locality="U" date="1962" file_name="LAO(INF032)3b 02 Names, Titles and Occupations.mp3" path_to_file="LAP\Projects\LAO\Speakers\LAO(INF032)\Audio\LAO(INF032)3b\LAO(INF032)3b 02 Names, Titles and Occupations.mp3"/>
	<entry id="1060320310" project="LAO" informant="INF032" reel="3b" region="3" narrative="_Q" label="Trees and Shrubs" state="OK" sex="M " age="74" age_level="3" education="1" town="Ardmore" county="Carter" land_regions="D" locality="U" date="1962" file_name="LAO(INF032)3b 03 Trees and Shrubs.mp3" path_to_file="LAP\Projects\LAO\Speakers\LAO(INF032)\Audio\LAO(INF032)3b\LAO(INF032)3b 03 Trees and Shrubs.mp3"/>
	<entry id="1060320311" project="LAO" informant="INF032" reel="3b" region="4" narrative="_Q" label="Clothing" state="OK" sex="M " age="74" age_level="3" education="1" town="Ardmore" county="Carter" land_regions="D" locality="U" date="1962" file_name="LAO(INF032)3b 04 Clothing.mp3" path_to_file="LAP\Projects\LAO\Speakers\LAO(INF032)\Audio\LAO(INF032)3b\LAO(INF032)3b 04 Clothing.mp3"/>
	<entry id="1060320312" project="LAO" informant="INF032" reel="3b" region="5" narrative="_Q" label="Personal Characteristics" state="OK" sex="M " age="74" age_level="3" education="1" town="Ardmore" county="Carter" land_regions="D" locality="U" date="1962" file_name="LAO(INF032)3b 05 Personal Characteristics.mp3" path_to_file="LAP\Projects\LAO\Speakers\LAO(INF032)\Audio\LAO(INF032)3b\LAO(INF032)3b 05 Personal Characteristics.mp3"/>
	<entry id="1060320313" project="LAO" informant="INF032" reel="3b" region="6" narrative="_Q" label="Names, Titles and Occupations" state="OK" sex="M " age="74" age_level="3" education="1" town="Ardmore" county="Carter" land_regions="D" locality="U" date="1962" file_name="LAO(INF032)3b 06 Names, Titles and Occupations.mp3" path_to_file="LAP\Projects\LAO\Speakers\LAO(INF032)\Audio\LAO(INF032)3b\LAO(INF032)3b 06 Names, Titles and Occupations.mp3"/>
	<entry id="1060320314" project="LAO" informant="INF032" reel="3b" region="7" narrative="_Q" label="Containers and Utensils" state="OK" sex="M " age="74" age_level="3" education="1" town="Ardmore" county="Carter" land_regions="D" locality="U" date="1962" file_name="LAO(INF032)3b 07 Containers and Utensils.mp3" path_to_file="LAP\Projects\LAO\Speakers\LAO(INF032)\Audio\LAO(INF032)3b\LAO(INF032)3b 07 Containers and Utensils.mp3"/>
	<entry id="3060320302" project="LAO" informant="INF032" reel="3b" region="0" narrative="_I" label="Metadata" state="OK" sex="M " age="74" age_level="3" education="1" town="Ardmore" county="Carter" land_regions="D" locality="U" date="1962" file_name="LAO(INF032)3bmeta.txt" path_to_file="LAP\Projects\LAO\Speakers\LAO(INF032)\Audio\LAO(INF032)3b\LAO(INF032)3bmeta.txt"/>
	<entry id="1060320315" project="LAO" informant="INF032" reel="3c" region="1" narrative="_Q" label="Agriculture" state="OK" sex="M " age="74" age_level="3" education="1" town="Ardmore" county="Carter" land_regions="D" locality="U" date="1962" file_name="LAO(INF032)3c 01 Agriculture.mp3" path_to_file="LAP\Projects\LAO\Speakers\LAO(INF032)\Audio\LAO(INF032)3c\LAO(INF032)3c 01 Agriculture.mp3"/>
	<entry id="1060320316" project="LAO" informant="INF032" reel="3c" region="2" narrative="_Q" label="Wild Animals" state="OK" sex="M " age="74" age_level="3" education="1" town="Ardmore" county="Carter" land_regions="D" locality="U" date="1962" file_name="LAO(INF032)3c 02 Wild Animals.mp3" path_to_file="LAP\Projects\LAO\Speakers\LAO(INF032)\Audio\LAO(INF032)3c\LAO(INF032)3c 02 Wild Animals.mp3"/>
	<entry id="1060320317" project="LAO" informant="INF032" reel="3c" region="3" narrative="_Q" label="Topography" state="OK" sex="M " age="74" age_level="3" education="1" town="Ardmore" county="Carter" land_regions="D" locality="U" date="1962" file_name="LAO(INF032)3c 03 Topography.mp3" path_to_file="LAP\Projects\LAO\Speakers\LAO(INF032)\Audio\LAO(INF032)3c\LAO(INF032)3c 03 Topography.mp3"/>
	<entry id="1060320318" project="LAO" informant="INF032" reel="3c" region="4" narrative="_Q" label="Topography" state="OK" sex="M " age="74" age_level="3" education="1" town="Ardmore" county="Carter" land_regions="D" locality="U" date="1962" file_name="LAO(INF032)3c 04 Topography.mp3" path_to_file="LAP\Projects\LAO\Speakers\LAO(INF032)\Audio\LAO(INF032)3c\LAO(INF032)3c 04 Topography.mp3"/>
	<entry id="1060320319" project="LAO" informant="INF032" reel="3c" region="5" narrative="_Q" label="Names, Titles and Occupations" state="OK" sex="M " age="74" age_level="3" education="1" town="Ardmore" county="Carter" land_regions="D" locality="U" date="1962" file_name="LAO(INF032)3c 05 Names, Titles and Occupations.mp3" path_to_file="LAP\Projects\LAO\Speakers\LAO(INF032)\Audio\LAO(INF032)3c\LAO(INF032)3c 05 Names, Titles and Occupations.mp3"/>
	<entry id="1060320320" project="LAO" informant="INF032" reel="3c" region="6" narrative="_Q" label="Topography" state="OK" sex="M " age="74" age_level="3" education="1" town="Ardmore" county="Carter" land_regions="D" locality="U" date="1962" file_name="LAO(INF032)3c 06 Topography.mp3" path_to_file="LAP\Projects\LAO\Speakers\LAO(INF032)\Audio\LAO(INF032)3c\LAO(INF032)3c 06 Topography.mp3"/>
	<entry id="1060320321" project="LAO" informant="INF032" reel="3c" region="7" narrative="_Q" label="Business" state="OK" sex="M " age="74" age_level="3" education="1" town="Ardmore" county="Carter" land_regions="D" locality="U" date="1962" file_name="LAO(INF032)3c 07 Business.mp3" path_to_file="LAP\Projects\LAO\Speakers\LAO(INF032)\Audio\LAO(INF032)3c\LAO(INF032)3c 07 Business.mp3"/>
	<entry id="3060320303" project="LAO" informant="INF032" reel="3c" region="0" narrative="_I" label="Metadata" state="OK" sex="M " age="74" age_level="3" education="1" town="Ardmore" county="Carter" land_regions="D" locality="U" date="1962" file_name="LAO(INF032)3cmeta.txt" path_to_file="LAP\Projects\LAO\Speakers\LAO(INF032)\Audio\LAO(INF032)3c\LAO(INF032)3cmeta.txt"/>
	<entry id="1060320401" project="LAO" informant="INF032" reel="4a" region="1" narrative="_Q" label="Time" state="OK" sex="M " age="74" age_level="3" education="1" town="Ardmore" county="Carter" land_regions="D" locality="U" date="1962" file_name="LAO(INF032)4a 01 Time.mp3" path_to_file="LAP\Projects\LAO\Speakers\LAO(INF032)\Audio\LAO(INF032)4a\LAO(INF032)4a 01 Time.mp3"/>
	<entry id="1060320402" project="LAO" informant="INF032" reel="4a" region="2" narrative="_Q" label="Wild Animals" state="OK" sex="M " age="74" age_level="3" education="1" town="Ardmore" county="Carter" land_regions="D" locality="U" date="1962" file_name="LAO(INF032)4a 02 Wild Animals.mp3" path_to_file="LAP\Projects\LAO\Speakers\LAO(INF032)\Audio\LAO(INF032)4a\LAO(INF032)4a 02 Wild Animals.mp3"/>
	<entry id="1060320403" project="LAO" informant="INF032" reel="4a" region="3" narrative="_Q" label="Wild Animals" state="OK" sex="M " age="74" age_level="3" education="1" town="Ardmore" county="Carter" land_regions="D" locality="U" date="1962" file_name="LAO(INF032)4a 03 Wild Animals.mp3" path_to_file="LAP\Projects\LAO\Speakers\LAO(INF032)\Audio\LAO(INF032)4a\LAO(INF032)4a 03 Wild Animals.mp3"/>
	<entry id="1060320404" project="LAO" informant="INF032" reel="4a" region="4" narrative="_Q" label="Wild Animals" state="OK" sex="M " age="74" age_level="3" education="1" town="Ardmore" county="Carter" land_regions="D" locality="U" date="1962" file_name="LAO(INF032)4a 04 Wild Animals.mp3" path_to_file="LAP\Projects\LAO\Speakers\LAO(INF032)\Audio\LAO(INF032)4a\LAO(INF032)4a 04 Wild Animals.mp3"/>
	<entry id="1060320405" project="LAO" informant="INF032" reel="4a" region="5" narrative="_Q" label="Domestic Animals" state="OK" sex="M " age="74" age_level="3" education="1" town="Ardmore" county="Carter" land_regions="D" locality="U" date="1962" file_name="LAO(INF032)4a 05 Domestic Animals.mp3" path_to_file="LAP\Projects\LAO\Speakers\LAO(INF032)\Audio\LAO(INF032)4a\LAO(INF032)4a 05 Domestic Animals.mp3"/>
	<entry id="1060320406" project="LAO" informant="INF032" reel="4a" region="6" narrative="_Q" label="Vehicles" state="OK" sex="M " age="74" age_level="3" education="1" town="Ardmore" county="Carter" land_regions="D" locality="U" date="1962" file_name="LAO(INF032)4a 06 Vehicles.mp3" path_to_file="LAP\Projects\LAO\Speakers\LAO(INF032)\Audio\LAO(INF032)4a\LAO(INF032)4a 06 Vehicles.mp3"/>
	<entry id="1060320407" project="LAO" informant="INF032" reel="4a" region="7" narrative="_Q" label="Domestic Animals" state="OK" sex="M " age="74" age_level="3" education="1" town="Ardmore" county="Carter" land_regions="D" locality="U" date="1962" file_name="LAO(INF032)4a 07 Domestic Animals.mp3" path_to_file="LAP\Projects\LAO\Speakers\LAO(INF032)\Audio\LAO(INF032)4a\LAO(INF032)4a 07 Domestic Animals.mp3"/>
	<entry id="3060320401" project="LAO" informant="INF032" reel="4a" region="0" narrative="_I" label="Metadata" state="OK" sex="M " age="74" age_level="3" education="1" town="Ardmore" county="Carter" land_regions="D" locality="U" date="1962" file_name="LAO(INF032)4ameta.txt" path_to_file="LAP\Projects\LAO\Speakers\LAO(INF032)\Audio\LAO(INF032)4a\LAO(INF032)4ameta.txt"/>
	<entry id="1060320408" project="LAO" informant="INF032" reel="4b" region="1" narrative="_Q" label="Domestic Animals" state="OK" sex="M " age="74" age_level="3" education="1" town="Ardmore" county="Carter" land_regions="D" locality="U" date="1962" file_name="LAO(INF032)4b 01 Domestic Animals.mp3" path_to_file="LAP\Projects\LAO\Speakers\LAO(INF032)\Audio\LAO(INF032)4b\LAO(INF032)4b 01 Domestic Animals.mp3"/>
	<entry id="1060320409" project="LAO" informant="INF032" reel="4b" region="2" narrative="_Q" label="Domestic Animals" state="OK" sex="M " age="74" age_level="3" education="1" town="Ardmore" county="Carter" land_regions="D" locality="U" date="1962" file_name="LAO(INF032)4b 02 Domestic Animals.mp3" path_to_file="LAP\Projects\LAO\Speakers\LAO(INF032)\Audio\LAO(INF032)4b\LAO(INF032)4b 02 Domestic Animals.mp3"/>
	<entry id="1060320410" project="LAO" informant="INF032" reel="4b" region="3" narrative="_Q" label="Domestic Animals" state="OK" sex="M " age="74" age_level="3" education="1" town="Ardmore" county="Carter" land_regions="D" locality="U" date="1962" file_name="LAO(INF032)4b 03 Domestic Animals.mp3" path_to_file="LAP\Projects\LAO\Speakers\LAO(INF032)\Audio\LAO(INF032)4b\LAO(INF032)4b 03 Domestic Animals.mp3"/>
	<entry id="1060320411" project="LAO" informant="INF032" reel="4b" region="4" narrative="_Q" label="Domestic Animals" state="OK" sex="M " age="74" age_level="3" education="1" town="Ardmore" county="Carter" land_regions="D" locality="U" date="1962" file_name="LAO(INF032)4b 04 Domestic Animals.mp3" path_to_file="LAP\Projects\LAO\Speakers\LAO(INF032)\Audio\LAO(INF032)4b\LAO(INF032)4b 04 Domestic Animals.mp3"/>
	<entry id="1060320412" project="LAO" informant="INF032" reel="4b" region="5" narrative="_Q" label="The Farm" state="OK" sex="M " age="74" age_level="3" education="1" town="Ardmore" county="Carter" land_regions="D" locality="U" date="1962" file_name="LAO(INF032)4b 05 The Farm.mp3" path_to_file="LAP\Projects\LAO\Speakers\LAO(INF032)\Audio\LAO(INF032)4b\LAO(INF032)4b 05 The Farm.mp3"/>
	<entry id="1060320413" project="LAO" informant="INF032" reel="4b" region="6" narrative="_Q" label="Public Institutions" state="OK" sex="M " age="74" age_level="3" education="1" town="Ardmore" county="Carter" land_regions="D" locality="U" date="1962" file_name="LAO(INF032)4b 06 Public Institutions.mp3" path_to_file="LAP\Projects\LAO\Speakers\LAO(INF032)\Audio\LAO(INF032)4b\LAO(INF032)4b 06 Public Institutions.mp3"/>
	<entry id="1060320414" project="LAO" informant="INF032" reel="4b" region="7" narrative="_Q" label="Domestic Animals" state="OK" sex="M " age="74" age_level="3" education="1" town="Ardmore" county="Carter" land_regions="D" locality="U" date="1962" file_name="LAO(INF032)4b 07 Domestic Animals.mp3" path_to_file="LAP\Projects\LAO\Speakers\LAO(INF032)\Audio\LAO(INF032)4b\LAO(INF032)4b 07 Domestic Animals.mp3"/>
	<entry id="3060320402" project="LAO" informant="INF032" reel="4b" region="0" narrative="_I" label="Metadata" state="OK" sex="M " age="74" age_level="3" education="1" town="Ardmore" county="Carter" land_regions="D" locality="U" date="1962" file_name="LAO(INF032)4bmeta.txt" path_to_file="LAP\Projects\LAO\Speakers\LAO(INF032)\Audio\LAO(INF032)4b\LAO(INF032)4bmeta.txt"/>
	<entry id="1060320415" project="LAO" informant="INF032" reel="4c" region="1" narrative="_Q" label="Calls to Animals" state="OK" sex="M " age="74" age_level="3" education="1" town="Ardmore" county="Carter" land_regions="D" locality="U" date="1962" file_name="LAO(INF032)4c 01 Calls to Animals.mp3" path_to_file="LAP\Projects\LAO\Speakers\LAO(INF032)\Audio\LAO(INF032)4c\LAO(INF032)4c 01 Calls to Animals.mp3"/>
	<entry id="1060320416" project="LAO" informant="INF032" reel="4c" region="2" narrative="_Q" label="Calls to Animals" state="OK" sex="M " age="74" age_level="3" education="1" town="Ardmore" county="Carter" land_regions="D" locality="U" date="1962" file_name="LAO(INF032)4c 02 Calls to Animals.mp3" path_to_file="LAP\Projects\LAO\Speakers\LAO(INF032)\Audio\LAO(INF032)4c\LAO(INF032)4c 02 Calls to Animals.mp3"/>
	<entry id="1060320417" project="LAO" informant="INF032" reel="4c" region="3" narrative="_Q" label="Vehicles" state="OK" sex="M " age="74" age_level="3" education="1" town="Ardmore" county="Carter" land_regions="D" locality="U" date="1962" file_name="LAO(INF032)4c 03 Vehicles.mp3" path_to_file="LAP\Projects\LAO\Speakers\LAO(INF032)\Audio\LAO(INF032)4c\LAO(INF032)4c 03 Vehicles.mp3"/>
	<entry id="1060320418" project="LAO" informant="INF032" reel="4c" region="4" narrative="_Q" label="Public Institutions" state="OK" sex="M " age="74" age_level="3" education="1" town="Ardmore" county="Carter" land_regions="D" locality="U" date="1962" file_name="LAO(INF032)4c 04 Public Institutions.mp3" path_to_file="LAP\Projects\LAO\Speakers\LAO(INF032)\Audio\LAO(INF032)4c\LAO(INF032)4c 04 Public Institutions.mp3"/>
	<entry id="1060320419" project="LAO" informant="INF032" reel="4c" region="5" narrative="_Q" label="Agriculture" state="OK" sex="M " age="74" age_level="3" education="1" town="Ardmore" county="Carter" land_regions="D" locality="U" date="1962" file_name="LAO(INF032)4c 05 Agriculture.mp3" path_to_file="LAP\Projects\LAO\Speakers\LAO(INF032)\Audio\LAO(INF032)4c\LAO(INF032)4c 05 Agriculture.mp3"/>
	<entry id="1060320420" project="LAO" informant="INF032" reel="4c" region="6" narrative="_Q" label="Agriculture" state="OK" sex="M " age="74" age_level="3" education="1" town="Ardmore" county="Carter" land_regions="D" locality="U" date="1962" file_name="LAO(INF032)4c 06 Agriculture.mp3" path_to_file="LAP\Projects\LAO\Speakers\LAO(INF032)\Audio\LAO(INF032)4c\LAO(INF032)4c 06 Agriculture.mp3"/>
	<entry id="1060320421" project="LAO" informant="INF032" reel="4c" region="7" narrative="_Q" label="Public Institutions" state="OK" sex="M " age="74" age_level="3" education="1" town="Ardmore" county="Carter" land_regions="D" locality="U" date="1962" file_name="LAO(INF032)4c 07 Public Institutions.mp3" path_to_file="LAP\Projects\LAO\Speakers\LAO(INF032)\Audio\LAO(INF032)4c\LAO(INF032)4c 07 Public Institutions.mp3"/>
	<entry id="3060320403" project="LAO" informant="INF032" reel="4c" region="0" narrative="_I" label="Metadata" state="OK" sex="M " age="74" age_level="3" education="1" town="Ardmore" county="Carter" land_regions="D" locality="U" date="1962" file_name="LAO(INF032)4cmeta.txt" path_to_file="LAP\Projects\LAO\Speakers\LAO(INF032)\Audio\LAO(INF032)4c\LAO(INF032)4cmeta.txt"/>
	<entry id="1060320501" project="LAO" informant="INF032" reel="5a" region="1" narrative="_Q" label="Food and Cooking" state="OK" sex="M " age="74" age_level="3" education="1" town="Ardmore" county="Carter" land_regions="D" locality="U" date="1962" file_name="LAO(INF032)5a 01 Food and Cooking.mp3" path_to_file="LAP\Projects\LAO\Speakers\LAO(INF032)\Audio\LAO(INF032)5a\LAO(INF032)5a 01 Food and Cooking.mp3"/>
	<entry id="1060320502" project="LAO" informant="INF032" reel="5a" region="2" narrative="_Q" label="Food and Cooking" state="OK" sex="M " age="74" age_level="3" education="1" town="Ardmore" county="Carter" land_regions="D" locality="U" date="1962" file_name="LAO(INF032)5a 02 Food and Cooking.mp3" path_to_file="LAP\Projects\LAO\Speakers\LAO(INF032)\Audio\LAO(INF032)5a\LAO(INF032)5a 02 Food and Cooking.mp3"/>
	<entry id="1060320503" project="LAO" informant="INF032" reel="5a" region="3" narrative="_Q" label="Food and Cooking" state="OK" sex="M " age="74" age_level="3" education="1" town="Ardmore" county="Carter" land_regions="D" locality="U" date="1962" file_name="LAO(INF032)5a 03 Food and Cooking.mp3" path_to_file="LAP\Projects\LAO\Speakers\LAO(INF032)\Audio\LAO(INF032)5a\LAO(INF032)5a 03 Food and Cooking.mp3"/>
	<entry id="1060320504" project="LAO" informant="INF032" reel="5a" region="4" narrative="_Q" label="Food and Cooking" state="OK" sex="M " age="74" age_level="3" education="1" town="Ardmore" county="Carter" land_regions="D" locality="U" date="1962" file_name="LAO(INF032)5a 04 Food and Cooking.mp3" path_to_file="LAP\Projects\LAO\Speakers\LAO(INF032)\Audio\LAO(INF032)5a\LAO(INF032)5a 04 Food and Cooking.mp3"/>
	<entry id="1060320505" project="LAO" informant="INF032" reel="5a" region="5" narrative="_Q" label="Domestic Animals" state="OK" sex="M " age="74" age_level="3" education="1" town="Ardmore" county="Carter" land_regions="D" locality="U" date="1962" file_name="LAO(INF032)5a 05 Domestic Animals.mp3" path_to_file="LAP\Projects\LAO\Speakers\LAO(INF032)\Audio\LAO(INF032)5a\LAO(INF032)5a 05 Domestic Animals.mp3"/>
	<entry id="1060320506" project="LAO" informant="INF032" reel="5a" region="6" narrative="_Q" label="Containers and Utensils" state="OK" sex="M " age="74" age_level="3" education="1" town="Ardmore" county="Carter" land_regions="D" locality="U" date="1962" file_name="LAO(INF032)5a 06 Containers and Utensils.mp3" path_to_file="LAP\Projects\LAO\Speakers\LAO(INF032)\Audio\LAO(INF032)5a\LAO(INF032)5a 06 Containers and Utensils.mp3"/>
	<entry id="1060320507" project="LAO" informant="INF032" reel="5a" region="7" narrative="_Q" label="Names, Titles and Occupations" state="OK" sex="M " age="74" age_level="3" education="1" town="Ardmore" county="Carter" land_regions="D" locality="U" date="1962" file_name="LAO(INF032)5a 07 Names, Titles and Occupations.mp3" path_to_file="LAP\Projects\LAO\Speakers\LAO(INF032)\Audio\LAO(INF032)5a\LAO(INF032)5a 07 Names, Titles and Occupations.mp3"/>
	<entry id="3060320501" project="LAO" informant="INF032" reel="5a" region="0" narrative="_I" label="Metadata" state="OK" sex="M " age="74" age_level="3" education="1" town="Ardmore" county="Carter" land_regions="D" locality="U" date="1962" file_name="LAO(INF032)5ameta.txt" path_to_file="LAP\Projects\LAO\Speakers\LAO(INF032)\Audio\LAO(INF032)5a\LAO(INF032)5ameta.txt"/>
	<entry id="1060320508" project="LAO" informant="INF032" reel="5b" region="1" narrative="_Q" label="Personal Characteristics" state="OK" sex="M " age="74" age_level="3" education="1" town="Ardmore" county="Carter" land_regions="D" locality="U" date="1962" file_name="LAO(INF032)5b 01 Personal Characteristics.mp3" path_to_file="LAP\Projects\LAO\Speakers\LAO(INF032)\Audio\LAO(INF032)5b\LAO(INF032)5b 01 Personal Characteristics.mp3"/>
	<entry id="1060320509" project="LAO" informant="INF032" reel="5b" region="2" narrative="_Q" label="Domestic Animals" state="OK" sex="M " age="74" age_level="3" education="1" town="Ardmore" county="Carter" land_regions="D" locality="U" date="1962" file_name="LAO(INF032)5b 02 Domestic Animals.mp3" path_to_file="LAP\Projects\LAO\Speakers\LAO(INF032)\Audio\LAO(INF032)5b\LAO(INF032)5b 02 Domestic Animals.mp3"/>
	<entry id="1060320510" project="LAO" informant="INF032" reel="5b" region="3" narrative="_Q" label="Weather" state="OK" sex="M " age="74" age_level="3" education="1" town="Ardmore" county="Carter" land_regions="D" locality="U" date="1962" file_name="LAO(INF032)5b 03 Weather.mp3" path_to_file="LAP\Projects\LAO\Speakers\LAO(INF032)\Audio\LAO(INF032)5b\LAO(INF032)5b 03 Weather.mp3"/>
	<entry id="1060320511" project="LAO" informant="INF032" reel="5b" region="4" narrative="_Q" label="Dwellings" state="OK" sex="M " age="74" age_level="3" education="1" town="Ardmore" county="Carter" land_regions="D" locality="U" date="1962" file_name="LAO(INF032)5b 04 Dwellings.mp3" path_to_file="LAP\Projects\LAO\Speakers\LAO(INF032)\Audio\LAO(INF032)5b\LAO(INF032)5b 04 Dwellings.mp3"/>
	<entry id="1060320512" project="LAO" informant="INF032" reel="5b" region="5" narrative="_Q" label="Business" state="OK" sex="M " age="74" age_level="3" education="1" town="Ardmore" county="Carter" land_regions="D" locality="U" date="1962" file_name="LAO(INF032)5b 05 Business.mp3" path_to_file="LAP\Projects\LAO\Speakers\LAO(INF032)\Audio\LAO(INF032)5b\LAO(INF032)5b 05 Business.mp3"/>
	<entry id="1060320513" project="LAO" informant="INF032" reel="5b" region="6" narrative="_Q" label="Containers and Utensils" state="OK" sex="M " age="74" age_level="3" education="1" town="Ardmore" county="Carter" land_regions="D" locality="U" date="1962" file_name="LAO(INF032)5b 06 Containers and Utensils.mp3" path_to_file="LAP\Projects\LAO\Speakers\LAO(INF032)\Audio\LAO(INF032)5b\LAO(INF032)5b 06 Containers and Utensils.mp3"/>
	<entry id="1060320514" project="LAO" informant="INF032" reel="5b" region="7" narrative="_Q" label="Food and Cooking" state="OK" sex="M " age="74" age_level="3" education="1" town="Ardmore" county="Carter" land_regions="D" locality="U" date="1962" file_name="LAO(INF032)5b 07 Food and Cooking.mp3" path_to_file="LAP\Projects\LAO\Speakers\LAO(INF032)\Audio\LAO(INF032)5b\LAO(INF032)5b 07 Food and Cooking.mp3"/>
	<entry id="3060320502" project="LAO" informant="INF032" reel="5b" region="0" narrative="_I" label="Metadata" state="OK" sex="M " age="74" age_level="3" education="1" town="Ardmore" county="Carter" land_regions="D" locality="U" date="1962" file_name="LAO(INF032)5bmeta.txt" path_to_file="LAP\Projects\LAO\Speakers\LAO(INF032)\Audio\LAO(INF032)5b\LAO(INF032)5bmeta.txt"/>
	<entry id="1060320515" project="LAO" informant="INF032" reel="5c" region="1" narrative="_Q" label="Time" state="OK" sex="M " age="74" age_level="3" education="1" town="Ardmore" county="Carter" land_regions="D" locality="U" date="1962" file_name="LAO(INF032)5c 01 Time.mp3" path_to_file="LAP\Projects\LAO\Speakers\LAO(INF032)\Audio\LAO(INF032)5c\LAO(INF032)5c 01 Time.mp3"/>
	<entry id="1060320516" project="LAO" informant="INF032" reel="5c" region="2" narrative="_Q" label="Dwellings" state="OK" sex="M " age="74" age_level="3" education="1" town="Ardmore" county="Carter" land_regions="D" locality="U" date="1962" file_name="LAO(INF032)5c 02 Dwellings.mp3" path_to_file="LAP\Projects\LAO\Speakers\LAO(INF032)\Audio\LAO(INF032)5c\LAO(INF032)5c 02 Dwellings.mp3"/>
	<entry id="1060320517" project="LAO" informant="INF032" reel="5c" region="3" narrative="_Q" label="Containers and Utensils" state="OK" sex="M " age="74" age_level="3" education="1" town="Ardmore" county="Carter" land_regions="D" locality="U" date="1962" file_name="LAO(INF032)5c 03 Containers and Utensils.mp3" path_to_file="LAP\Projects\LAO\Speakers\LAO(INF032)\Audio\LAO(INF032)5c\LAO(INF032)5c 03 Containers and Utensils.mp3"/>
	<entry id="1060320518" project="LAO" informant="INF032" reel="5c" region="4" narrative="_Q" label="Food and Cooking" state="OK" sex="M " age="74" age_level="3" education="1" town="Ardmore" county="Carter" land_regions="D" locality="U" date="1962" file_name="LAO(INF032)5c 04 Food and Cooking.mp3" path_to_file="LAP\Projects\LAO\Speakers\LAO(INF032)\Audio\LAO(INF032)5c\LAO(INF032)5c 04 Food and Cooking.mp3"/>
	<entry id="1060320519" project="LAO" informant="INF032" reel="5c" region="5" narrative="_Q" label="Food and Cooking" state="OK" sex="M " age="74" age_level="3" education="1" town="Ardmore" county="Carter" land_regions="D" locality="U" date="1962" file_name="LAO(INF032)5c 05 Food and Cooking.mp3" path_to_file="LAP\Projects\LAO\Speakers\LAO(INF032)\Audio\LAO(INF032)5c\LAO(INF032)5c 05 Food and Cooking.mp3"/>
	<entry id="1060320520" project="LAO" informant="INF032" reel="5c" region="6" narrative="_Q" label="Sport and Play" state="OK" sex="M " age="74" age_level="3" education="1" town="Ardmore" county="Carter" land_regions="D" locality="U" date="1962" file_name="LAO(INF032)5c 06 Sport and Play.mp3" path_to_file="LAP\Projects\LAO\Speakers\LAO(INF032)\Audio\LAO(INF032)5c\LAO(INF032)5c 06 Sport and Play.mp3"/>
	<entry id="1060320521" project="LAO" informant="INF032" reel="5c" region="7" narrative="_Q" label="Vegetables" state="OK" sex="M " age="74" age_level="3" education="1" town="Ardmore" county="Carter" land_regions="D" locality="U" date="1962" file_name="LAO(INF032)5c 07 Vegetables.mp3" path_to_file="LAP\Projects\LAO\Speakers\LAO(INF032)\Audio\LAO(INF032)5c\LAO(INF032)5c 07 Vegetables.mp3"/>
	<entry id="3060320503" project="LAO" informant="INF032" reel="5c" region="0" narrative="_I" label="Metadata" state="OK" sex="M " age="74" age_level="3" education="1" town="Ardmore" county="Carter" land_regions="D" locality="U" date="1962" file_name="LAO(INF032)5cmeta.txt" path_to_file="LAP\Projects\LAO\Speakers\LAO(INF032)\Audio\LAO(INF032)5c\LAO(INF032)5cmeta.txt"/>
	<entry id="1060320601" project="LAO" informant="INF032" reel="6a" region="1" narrative="_Q" label="Public Institutions" state="OK" sex="M " age="74" age_level="3" education="1" town="Ardmore" county="Carter" land_regions="D" locality="U" date="1962" file_name="LAO(INF032)6a 01 Public Institutions.mp3" path_to_file="LAP\Projects\LAO\Speakers\LAO(INF032)\Audio\LAO(INF032)6a\LAO(INF032)6a 01 Public Institutions.mp3"/>
	<entry id="1060320602" project="LAO" informant="INF032" reel="6a" region="2" narrative="_Q" label="Vegetables" state="OK" sex="M " age="74" age_level="3" education="1" town="Ardmore" county="Carter" land_regions="D" locality="U" date="1962" file_name="LAO(INF032)6a 02 Vegetables.mp3" path_to_file="LAP\Projects\LAO\Speakers\LAO(INF032)\Audio\LAO(INF032)6a\LAO(INF032)6a 02 Vegetables.mp3"/>
	<entry id="1060320603" project="LAO" informant="INF032" reel="6a" region="3" narrative="_Q" label="Vegetables" state="OK" sex="M " age="74" age_level="3" education="1" town="Ardmore" county="Carter" land_regions="D" locality="U" date="1962" file_name="LAO(INF032)6a 03 Vegetables.mp3" path_to_file="LAP\Projects\LAO\Speakers\LAO(INF032)\Audio\LAO(INF032)6a\LAO(INF032)6a 03 Vegetables.mp3"/>
	<entry id="1060320604" project="LAO" informant="INF032" reel="6a" region="4" narrative="_Q" label="Agriculture" state="OK" sex="M " age="74" age_level="3" education="1" town="Ardmore" county="Carter" land_regions="D" locality="U" date="1962" file_name="LAO(INF032)6a 04 Agriculture.mp3" path_to_file="LAP\Projects\LAO\Speakers\LAO(INF032)\Audio\LAO(INF032)6a\LAO(INF032)6a 04 Agriculture.mp3"/>
	<entry id="1060320605" project="LAO" informant="INF032" reel="6a" region="5" narrative="_Q" label="Names, Titles and Occupations" state="OK" sex="M " age="74" age_level="3" education="1" town="Ardmore" county="Carter" land_regions="D" locality="U" date="1962" file_name="LAO(INF032)6a 05 Names, Titles and Occupations.mp3" path_to_file="LAP\Projects\LAO\Speakers\LAO(INF032)\Audio\LAO(INF032)6a\LAO(INF032)6a 05 Names, Titles and Occupations.mp3"/>
	<entry id="1060320606" project="LAO" informant="INF032" reel="6a" region="6" narrative="_Q" label="Geography" state="OK" sex="M " age="74" age_level="3" education="1" town="Ardmore" county="Carter" land_regions="D" locality="U" date="1962" file_name="LAO(INF032)6a 06 Geography.mp3" path_to_file="LAP\Projects\LAO\Speakers\LAO(INF032)\Audio\LAO(INF032)6a\LAO(INF032)6a 06 Geography.mp3"/>
	<entry id="1060320607" project="LAO" informant="INF032" reel="6a" region="7" narrative="_Q" label="Vegetables" state="OK" sex="M " age="74" age_level="3" education="1" town="Ardmore" county="Carter" land_regions="D" locality="U" date="1962" file_name="LAO(INF032)6a 07 Vegetables.mp3" path_to_file="LAP\Projects\LAO\Speakers\LAO(INF032)\Audio\LAO(INF032)6a\LAO(INF032)6a 07 Vegetables.mp3"/>
	<entry id="3060320601" project="LAO" informant="INF032" reel="6a" region="0" narrative="_I" label="Metadata" state="OK" sex="M " age="74" age_level="3" education="1" town="Ardmore" county="Carter" land_regions="D" locality="U" date="1962" file_name="LAO(INF032)6ameta.txt" path_to_file="LAP\Projects\LAO\Speakers\LAO(INF032)\Audio\LAO(INF032)6a\LAO(INF032)6ameta.txt"/>
	<entry id="1060320608" project="LAO" informant="INF032" reel="6b" region="1" narrative="_Q" label="Vegetables" state="OK" sex="M " age="74" age_level="3" education="1" town="Ardmore" county="Carter" land_regions="D" locality="U" date="1962" file_name="LAO(INF032)6b 01 Vegetables.mp3" path_to_file="LAP\Projects\LAO\Speakers\LAO(INF032)\Audio\LAO(INF032)6b\LAO(INF032)6b 01 Vegetables.mp3"/>
	<entry id="1060320609" project="LAO" informant="INF032" reel="6b" region="2" narrative="_Q" label="Vegetables" state="OK" sex="M " age="74" age_level="3" education="1" town="Ardmore" county="Carter" land_regions="D" locality="U" date="1962" file_name="LAO(INF032)6b 02 Vegetables.mp3" path_to_file="LAP\Projects\LAO\Speakers\LAO(INF032)\Audio\LAO(INF032)6b\LAO(INF032)6b 02 Vegetables.mp3"/>
	<entry id="1060320610" project="LAO" informant="INF032" reel="6b" region="3" narrative="_Q" label="Wild Animals" state="OK" sex="M " age="74" age_level="3" education="1" town="Ardmore" county="Carter" land_regions="D" locality="U" date="1962" file_name="LAO(INF032)6b 03 Wild Animals.mp3" path_to_file="LAP\Projects\LAO\Speakers\LAO(INF032)\Audio\LAO(INF032)6b\LAO(INF032)6b 03 Wild Animals.mp3"/>
	<entry id="1060320611" project="LAO" informant="INF032" reel="6b" region="4" narrative="_Q" label="Names, Titles and Occupations" state="OK" sex="M " age="74" age_level="3" education="1" town="Ardmore" county="Carter" land_regions="D" locality="U" date="1962" file_name="LAO(INF032)6b 04 Names, Titles and Occupations.mp3" path_to_file="LAP\Projects\LAO\Speakers\LAO(INF032)\Audio\LAO(INF032)6b\LAO(INF032)6b 04 Names, Titles and Occupations.mp3"/>
	<entry id="1060320612" project="LAO" informant="INF032" reel="6b" region="5" narrative="_Q" label="Wild Animals" state="OK" sex="M " age="74" age_level="3" education="1" town="Ardmore" county="Carter" land_regions="D" locality="U" date="1962" file_name="LAO(INF032)6b 05 Wild Animals.mp3" path_to_file="LAP\Projects\LAO\Speakers\LAO(INF032)\Audio\LAO(INF032)6b\LAO(INF032)6b 05 Wild Animals.mp3"/>
	<entry id="1060320613" project="LAO" informant="INF032" reel="6b" region="6" narrative="_Q" label="Wild Animals" state="OK" sex="M " age="74" age_level="3" education="1" town="Ardmore" county="Carter" land_regions="D" locality="U" date="1962" file_name="LAO(INF032)6b 06 Wild Animals.mp3" path_to_file="LAP\Projects\LAO\Speakers\LAO(INF032)\Audio\LAO(INF032)6b\LAO(INF032)6b 06 Wild Animals.mp3"/>
	<entry id="1060320614" project="LAO" informant="INF032" reel="6b" region="7" narrative="_Q" label="Domestic Animals" state="OK" sex="M " age="74" age_level="3" education="1" town="Ardmore" county="Carter" land_regions="D" locality="U" date="1962" file_name="LAO(INF032)6b 07 Domestic Animals.mp3" path_to_file="LAP\Projects\LAO\Speakers\LAO(INF032)\Audio\LAO(INF032)6b\LAO(INF032)6b 07 Domestic Animals.mp3"/>
	<entry id="3060320602" project="LAO" informant="INF032" reel="6b" region="0" narrative="_I" label="Metadata" state="OK" sex="M " age="74" age_level="3" education="1" town="Ardmore" county="Carter" land_regions="D" locality="U" date="1962" file_name="LAO(INF032)6bmeta.txt" path_to_file="LAP\Projects\LAO\Speakers\LAO(INF032)\Audio\LAO(INF032)6b\LAO(INF032)6bmeta.txt"/>
	<entry id="1060320615" project="LAO" informant="INF032" reel="6c" region="1" narrative="_Q" label="Domestic Animals" state="OK" sex="M " age="74" age_level="3" education="1" town="Ardmore" county="Carter" land_regions="D" locality="U" date="1962" file_name="LAO(INF032)6c 01 Domestic Animals.mp3" path_to_file="LAP\Projects\LAO\Speakers\LAO(INF032)\Audio\LAO(INF032)6c\LAO(INF032)6c 01 Domestic Animals.mp3"/>
	<entry id="1060320616" project="LAO" informant="INF032" reel="6c" region="2" narrative="_Q" label="Wild Animals" state="OK" sex="M " age="74" age_level="3" education="1" town="Ardmore" county="Carter" land_regions="D" locality="U" date="1962" file_name="LAO(INF032)6c 02 Wild Animals.mp3" path_to_file="LAP\Projects\LAO\Speakers\LAO(INF032)\Audio\LAO(INF032)6c\LAO(INF032)6c 02 Wild Animals.mp3"/>
	<entry id="1060320617" project="LAO" informant="INF032" reel="6c" region="3" narrative="_Q" label="Wild Animals" state="OK" sex="M " age="74" age_level="3" education="1" town="Ardmore" county="Carter" land_regions="D" locality="U" date="1962" file_name="LAO(INF032)6c 03 Wild Animals.mp3" path_to_file="LAP\Projects\LAO\Speakers\LAO(INF032)\Audio\LAO(INF032)6c\LAO(INF032)6c 03 Wild Animals.mp3"/>
	<entry id="1060320618" project="LAO" informant="INF032" reel="6c" region="4" narrative="_Q" label="Trees and Shrubs" state="OK" sex="M " age="74" age_level="3" education="1" town="Ardmore" county="Carter" land_regions="D" locality="U" date="1962" file_name="LAO(INF032)6c 04 Trees and Shrubs.mp3" path_to_file="LAP\Projects\LAO\Speakers\LAO(INF032)\Audio\LAO(INF032)6c\LAO(INF032)6c 04 Trees and Shrubs.mp3"/>
	<entry id="1060320619" project="LAO" informant="INF032" reel="6c" region="5" narrative="_Q" label="Illness and Death" state="OK" sex="M " age="74" age_level="3" education="1" town="Ardmore" county="Carter" land_regions="D" locality="U" date="1962" file_name="LAO(INF032)6c 05 Illness and Death.mp3" path_to_file="LAP\Projects\LAO\Speakers\LAO(INF032)\Audio\LAO(INF032)6c\LAO(INF032)6c 05 Illness and Death.mp3"/>
	<entry id="1060320620" project="LAO" informant="INF032" reel="6c" region="6" narrative="_Q" label="Family" state="OK" sex="M " age="74" age_level="3" education="1" town="Ardmore" county="Carter" land_regions="D" locality="U" date="1962" file_name="LAO(INF032)6c 06 Family.mp3" path_to_file="LAP\Projects\LAO\Speakers\LAO(INF032)\Audio\LAO(INF032)6c\LAO(INF032)6c 06 Family.mp3"/>
	<entry id="1060320621" project="LAO" informant="INF032" reel="6c" region="7" narrative="_Q" label="Trees and Shrubs" state="OK" sex="M " age="74" age_level="3" education="1" town="Ardmore" county="Carter" land_regions="D" locality="U" date="1962" file_name="LAO(INF032)6c 07 Trees and Shrubs.mp3" path_to_file="LAP\Projects\LAO\Speakers\LAO(INF032)\Audio\LAO(INF032)6c\LAO(INF032)6c 07 Trees and Shrubs.mp3"/>
	<entry id="3060320603" project="LAO" informant="INF032" reel="6c" region="0" narrative="_I" label="Metadata" state="OK" sex="M " age="74" age_level="3" education="1" town="Ardmore" county="Carter" land_regions="D" locality="U" date="1962" file_name="LAO(INF032)6cmeta.txt" path_to_file="LAP\Projects\LAO\Speakers\LAO(INF032)\Audio\LAO(INF032)6c\LAO(INF032)6cmeta.txt"/>
	<entry id="1060320701" project="LAO" informant="INF032" reel="7a" region="1" narrative="_Q" label="Names, Titles and Occupations" state="OK" sex="M " age="74" age_level="3" education="1" town="Ardmore" county="Carter" land_regions="D" locality="U" date="1962" file_name="LAO(INF032)7a 01 Names, Titles and Occupations.mp3" path_to_file="LAP\Projects\LAO\Speakers\LAO(INF032)\Audio\LAO(INF032)7a\LAO(INF032)7a 01 Names, Titles and Occupations.mp3"/>
	<entry id="1060320702" project="LAO" informant="INF032" reel="7a" region="2" narrative="_Q" label="Greetings and Salutations" state="OK" sex="M " age="74" age_level="3" education="1" town="Ardmore" county="Carter" land_regions="D" locality="U" date="1962" file_name="LAO(INF032)7a 02 Greetings and Salutations.mp3" path_to_file="LAP\Projects\LAO\Speakers\LAO(INF032)\Audio\LAO(INF032)7a\LAO(INF032)7a 02 Greetings and Salutations.mp3"/>
	<entry id="1060320703" project="LAO" informant="INF032" reel="7a" region="3" narrative="_Q" label="Personal Characteristics" state="OK" sex="M " age="74" age_level="3" education="1" town="Ardmore" county="Carter" land_regions="D" locality="U" date="1962" file_name="LAO(INF032)7a 03 Personal Characteristics.mp3" path_to_file="LAP\Projects\LAO\Speakers\LAO(INF032)\Audio\LAO(INF032)7a\LAO(INF032)7a 03 Personal Characteristics.mp3"/>
	<entry id="1060320704" project="LAO" informant="INF032" reel="7a" region="4" narrative="_Q" label="Personal Characteristics" state="OK" sex="M " age="74" age_level="3" education="1" town="Ardmore" county="Carter" land_regions="D" locality="U" date="1962" file_name="LAO(INF032)7a 04 Personal Characteristics.mp3" path_to_file="LAP\Projects\LAO\Speakers\LAO(INF032)\Audio\LAO(INF032)7a\LAO(INF032)7a 04 Personal Characteristics.mp3"/>
	<entry id="1060320705" project="LAO" informant="INF032" reel="7a" region="5" narrative="_Q" label="Personal Characteristics" state="OK" sex="M " age="74" age_level="3" education="1" town="Ardmore" county="Carter" land_regions="D" locality="U" date="1962" file_name="LAO(INF032)7a 05 Personal Characteristics.mp3" path_to_file="LAP\Projects\LAO\Speakers\LAO(INF032)\Audio\LAO(INF032)7a\LAO(INF032)7a 05 Personal Characteristics.mp3"/>
	<entry id="1060320706" project="LAO" informant="INF032" reel="7a" region="6" narrative="_Q" label="Public Institutions" state="OK" sex="M " age="74" age_level="3" education="1" town="Ardmore" county="Carter" land_regions="D" locality="U" date="1962" file_name="LAO(INF032)7a 06 Public Institutions.mp3" path_to_file="LAP\Projects\LAO\Speakers\LAO(INF032)\Audio\LAO(INF032)7a\LAO(INF032)7a 06 Public Institutions.mp3"/>
	<entry id="1060320707" project="LAO" informant="INF032" reel="7a" region="7" narrative="_Q" label="Public Institutions" state="OK" sex="M " age="74" age_level="3" education="1" town="Ardmore" county="Carter" land_regions="D" locality="U" date="1962" file_name="LAO(INF032)7a 07 Public Institutions.mp3" path_to_file="LAP\Projects\LAO\Speakers\LAO(INF032)\Audio\LAO(INF032)7a\LAO(INF032)7a 07 Public Institutions.mp3"/>
	<entry id="3060320701" project="LAO" informant="INF032" reel="7a" region="0" narrative="_I" label="Metadata" state="OK" sex="M " age="74" age_level="3" education="1" town="Ardmore" county="Carter" land_regions="D" locality="U" date="1962" file_name="LAO(INF032)7ameta.txt" path_to_file="LAP\Projects\LAO\Speakers\LAO(INF032)\Audio\LAO(INF032)7a\LAO(INF032)7ameta.txt"/>
	<entry id="1060320708" project="LAO" informant="INF032" reel="7b" region="1" narrative="_Q" label="Public Institutions" state="OK" sex="M " age="74" age_level="3" education="1" town="Ardmore" county="Carter" land_regions="D" locality="U" date="1962" file_name="LAO(INF032)7b 01 Public Institutions.mp3" path_to_file="LAP\Projects\LAO\Speakers\LAO(INF032)\Audio\LAO(INF032)7b\LAO(INF032)7b 01 Public Institutions.mp3"/>
	<entry id="1060320709" project="LAO" informant="INF032" reel="7b" region="2" narrative="_Q" label="Personal Characteristics" state="OK" sex="M " age="74" age_level="3" education="1" town="Ardmore" county="Carter" land_regions="D" locality="U" date="1962" file_name="LAO(INF032)7b 02 Personal Characteristics.mp3" path_to_file="LAP\Projects\LAO\Speakers\LAO(INF032)\Audio\LAO(INF032)7b\LAO(INF032)7b 02 Personal Characteristics.mp3"/>
	<entry id="1060320710" project="LAO" informant="INF032" reel="7b" region="3" narrative="_Q" label="Illness and Death" state="OK" sex="M " age="74" age_level="3" education="1" town="Ardmore" county="Carter" land_regions="D" locality="U" date="1962" file_name="LAO(INF032)7b 03 Illness and Death.mp3" path_to_file="LAP\Projects\LAO\Speakers\LAO(INF032)\Audio\LAO(INF032)7b\LAO(INF032)7b 03 Illness and Death.mp3"/>
	<entry id="1060320711" project="LAO" informant="INF032" reel="7b" region="4" narrative="_Q" label="Illness and Death" state="OK" sex="M " age="74" age_level="3" education="1" town="Ardmore" county="Carter" land_regions="D" locality="U" date="1962" file_name="LAO(INF032)7b 04 Illness and Death.mp3" path_to_file="LAP\Projects\LAO\Speakers\LAO(INF032)\Audio\LAO(INF032)7b\LAO(INF032)7b 04 Illness and Death.mp3"/>
	<entry id="1060320712" project="LAO" informant="INF032" reel="7b" region="5" narrative="_Q" label="Names, Titles and Occupations" state="OK" sex="M " age="74" age_level="3" education="1" town="Ardmore" county="Carter" land_regions="D" locality="U" date="1962" file_name="LAO(INF032)7b 05 Names, Titles and Occupations.mp3" path_to_file="LAP\Projects\LAO\Speakers\LAO(INF032)\Audio\LAO(INF032)7b\LAO(INF032)7b 05 Names, Titles and Occupations.mp3"/>
	<entry id="1060320713" project="LAO" informant="INF032" reel="7b" region="6" narrative="_Q" label="Illness and Death" state="OK" sex="M " age="74" age_level="3" education="1" town="Ardmore" county="Carter" land_regions="D" locality="U" date="1962" file_name="LAO(INF032)7b 06 Illness and Death.mp3" path_to_file="LAP\Projects\LAO\Speakers\LAO(INF032)\Audio\LAO(INF032)7b\LAO(INF032)7b 06 Illness and Death.mp3"/>
	<entry id="1060320714" project="LAO" informant="INF032" reel="7b" region="7" narrative="_Q" label="Illness and Death" state="OK" sex="M " age="74" age_level="3" education="1" town="Ardmore" county="Carter" land_regions="D" locality="U" date="1962" file_name="LAO(INF032)7b 07 Illness and Death.mp3" path_to_file="LAP\Projects\LAO\Speakers\LAO(INF032)\Audio\LAO(INF032)7b\LAO(INF032)7b 07 Illness and Death.mp3"/>
	<entry id="3060320702" project="LAO" informant="INF032" reel="7b" region="0" narrative="_I" label="Metadata" state="OK" sex="M " age="74" age_level="3" education="1" town="Ardmore" county="Carter" land_regions="D" locality="U" date="1962" file_name="LAO(INF032)7bmeta.txt" path_to_file="LAP\Projects\LAO\Speakers\LAO(INF032)\Audio\LAO(INF032)7b\LAO(INF032)7bmeta.txt"/>
	<entry id="1060320715" project="LAO" informant="INF032" reel="7c" region="1" narrative="_Q" label="Illness and Death" state="OK" sex="M " age="74" age_level="3" education="1" town="Ardmore" county="Carter" land_regions="D" locality="U" date="1962" file_name="LAO(INF032)7c 01 Illness and Death.mp3" path_to_file="LAP\Projects\LAO\Speakers\LAO(INF032)\Audio\LAO(INF032)7c\LAO(INF032)7c 01 Illness and Death.mp3"/>
	<entry id="1060320716" project="LAO" informant="INF032" reel="7c" region="2" narrative="_Q" label="Illness and Death" state="OK" sex="M " age="74" age_level="3" education="1" town="Ardmore" county="Carter" land_regions="D" locality="U" date="1962" file_name="LAO(INF032)7c 02 Illness and Death.mp3" path_to_file="LAP\Projects\LAO\Speakers\LAO(INF032)\Audio\LAO(INF032)7c\LAO(INF032)7c 02 Illness and Death.mp3"/>
	<entry id="1060320717" project="LAO" informant="INF032" reel="7c" region="3" narrative="_Q" label="Social Relations" state="OK" sex="M " age="74" age_level="3" education="1" town="Ardmore" county="Carter" land_regions="D" locality="U" date="1962" file_name="LAO(INF032)7c 03 Social Relations.mp3" path_to_file="LAP\Projects\LAO\Speakers\LAO(INF032)\Audio\LAO(INF032)7c\LAO(INF032)7c 03 Social Relations.mp3"/>
	<entry id="1060320718" project="LAO" informant="INF032" reel="7c" region="4" narrative="_Q" label="Public Institutions" state="OK" sex="M " age="74" age_level="3" education="1" town="Ardmore" county="Carter" land_regions="D" locality="U" date="1962" file_name="LAO(INF032)7c 04 Public Institutions.mp3" path_to_file="LAP\Projects\LAO\Speakers\LAO(INF032)\Audio\LAO(INF032)7c\LAO(INF032)7c 04 Public Institutions.mp3"/>
	<entry id="1060320719" project="LAO" informant="INF032" reel="7c" region="5" narrative="_Q" label="Public Institutions" state="OK" sex="M " age="74" age_level="3" education="1" town="Ardmore" county="Carter" land_regions="D" locality="U" date="1962" file_name="LAO(INF032)7c 05 Public Institutions.mp3" path_to_file="LAP\Projects\LAO\Speakers\LAO(INF032)\Audio\LAO(INF032)7c\LAO(INF032)7c 05 Public Institutions.mp3"/>
	<entry id="1060320720" project="LAO" informant="INF032" reel="7c" region="6" narrative="_Q" label="Names, Titles and Occupations" state="OK" sex="M " age="74" age_level="3" education="1" town="Ardmore" county="Carter" land_regions="D" locality="U" date="1962" file_name="LAO(INF032)7c 06 Names, Titles and Occupations.mp3" path_to_file="LAP\Projects\LAO\Speakers\LAO(INF032)\Audio\LAO(INF032)7c\LAO(INF032)7c 06 Names, Titles and Occupations.mp3"/>
	<entry id="1060320721" project="LAO" informant="INF032" reel="7c" region="7" narrative="_Q" label="Geography" state="OK" sex="M " age="74" age_level="3" education="1" town="Ardmore" county="Carter" land_regions="D" locality="U" date="1962" file_name="LAO(INF032)7c 07 Geography.mp3" path_to_file="LAP\Projects\LAO\Speakers\LAO(INF032)\Audio\LAO(INF032)7c\LAO(INF032)7c 07 Geography.mp3"/>
	<entry id="3060320703" project="LAO" informant="INF032" reel="7c" region="0" narrative="_I" label="Metadata" state="OK" sex="M " age="74" age_level="3" education="1" town="Ardmore" county="Carter" land_regions="D" locality="U" date="1962" file_name="LAO(INF032)7cmeta.txt" path_to_file="LAP\Projects\LAO\Speakers\LAO(INF032)\Audio\LAO(INF032)7c\LAO(INF032)7cmeta.txt"/>
	<entry id="1060320801" project="LAO" informant="INF032" reel="8a" region="1" narrative="_Q" label="Public Institutions" state="OK" sex="M " age="74" age_level="3" education="1" town="Ardmore" county="Carter" land_regions="D" locality="U" date="1962" file_name="LAO(INF032)8a 01 Public Institutions.mp3" path_to_file="LAP\Projects\LAO\Speakers\LAO(INF032)\Audio\LAO(INF032)8a\LAO(INF032)8a 01 Public Institutions.mp3"/>
	<entry id="1060320802" project="LAO" informant="INF032" reel="8a" region="2" narrative="_Q" label="Public Institutions" state="OK" sex="M " age="74" age_level="3" education="1" town="Ardmore" county="Carter" land_regions="D" locality="U" date="1962" file_name="LAO(INF032)8a 02 Public Institutions.mp3" path_to_file="LAP\Projects\LAO\Speakers\LAO(INF032)\Audio\LAO(INF032)8a\LAO(INF032)8a 02 Public Institutions.mp3"/>
	<entry id="1060320803" project="LAO" informant="INF032" reel="8a" region="3" narrative="_Q" label="Religion" state="OK" sex="M " age="74" age_level="3" education="1" town="Ardmore" county="Carter" land_regions="D" locality="U" date="1962" file_name="LAO(INF032)8a 03 Religion.mp3" path_to_file="LAP\Projects\LAO\Speakers\LAO(INF032)\Audio\LAO(INF032)8a\LAO(INF032)8a 03 Religion.mp3"/>
	<entry id="1060320804" project="LAO" informant="INF032" reel="8a" region="4" narrative="_Q" label="Greetings and Salutations" state="OK" sex="M " age="74" age_level="3" education="1" town="Ardmore" county="Carter" land_regions="D" locality="U" date="1962" file_name="LAO(INF032)8a 04 Greetings and Salutations.mp3" path_to_file="LAP\Projects\LAO\Speakers\LAO(INF032)\Audio\LAO(INF032)8a\LAO(INF032)8a 04 Greetings and Salutations.mp3"/>
	<entry id="1060320805" project="LAO" informant="INF032" reel="8a" region="5" narrative="_Q" label="Greetings and Salutations" state="OK" sex="M " age="74" age_level="3" education="1" town="Ardmore" county="Carter" land_regions="D" locality="U" date="1962" file_name="LAO(INF032)8a 05 Greetings and Salutations.mp3" path_to_file="LAP\Projects\LAO\Speakers\LAO(INF032)\Audio\LAO(INF032)8a\LAO(INF032)8a 05 Greetings and Salutations.mp3"/>
	<entry id="1060320806" project="LAO" informant="INF032" reel="8a" region="6" narrative="_Q" label="Verbs_Principal Parts" state="OK" sex="M " age="74" age_level="3" education="1" town="Ardmore" county="Carter" land_regions="D" locality="U" date="1962" file_name="LAO(INF032)8a 06 Verbs_Principal Parts.mp3" path_to_file="LAP\Projects\LAO\Speakers\LAO(INF032)\Audio\LAO(INF032)8a\LAO(INF032)8a 06 Verbs_Principal Parts.mp3"/>
	<entry id="1060320807" project="LAO" informant="INF032" reel="8a" region="7" narrative="_Q" label="Verbs_Principal Parts" state="OK" sex="M " age="74" age_level="3" education="1" town="Ardmore" county="Carter" land_regions="D" locality="U" date="1962" file_name="LAO(INF032)8a 07 Verbs_Principal Parts.mp3" path_to_file="LAP\Projects\LAO\Speakers\LAO(INF032)\Audio\LAO(INF032)8a\LAO(INF032)8a 07 Verbs_Principal Parts.mp3"/>
	<entry id="3060320801" project="LAO" informant="INF032" reel="8a" region="0" narrative="_I" label="Metadata" state="OK" sex="M " age="74" age_level="3" education="1" town="Ardmore" county="Carter" land_regions="D" locality="U" date="1962" file_name="LAO(INF032)8ameta.txt" path_to_file="LAP\Projects\LAO\Speakers\LAO(INF032)\Audio\LAO(INF032)8a\LAO(INF032)8ameta.txt"/>
	<entry id="1060320808" project="LAO" informant="INF032" reel="8b" region="1" narrative="_Q" label="Public Institutions" state="OK" sex="M " age="74" age_level="3" education="1" town="Ardmore" county="Carter" land_regions="D" locality="U" date="1962" file_name="LAO(INF032)8b 01 Public Institutions.mp3" path_to_file="LAP\Projects\LAO\Speakers\LAO(INF032)\Audio\LAO(INF032)8b\LAO(INF032)8b 01 Public Institutions.mp3"/>
	<entry id="1060320809" project="LAO" informant="INF032" reel="8b" region="2" narrative="_Q" label="Sport and Play" state="OK" sex="M " age="74" age_level="3" education="1" town="Ardmore" county="Carter" land_regions="D" locality="U" date="1962" file_name="LAO(INF032)8b 02 Sport and Play.mp3" path_to_file="LAP\Projects\LAO\Speakers\LAO(INF032)\Audio\LAO(INF032)8b\LAO(INF032)8b 02 Sport and Play.mp3"/>
	<entry id="1060320810" project="LAO" informant="INF032" reel="8b" region="3" narrative="_Q" label="Verbs_Principal Parts" state="OK" sex="M " age="74" age_level="3" education="1" town="Ardmore" county="Carter" land_regions="D" locality="U" date="1962" file_name="LAO(INF032)8b 03 Verbs_Principal Parts.mp3" path_to_file="LAP\Projects\LAO\Speakers\LAO(INF032)\Audio\LAO(INF032)8b\LAO(INF032)8b 03 Verbs_Principal Parts.mp3"/>
	<entry id="1060320811" project="LAO" informant="INF032" reel="8b" region="4" narrative="_Q" label="Containers and Utensils" state="OK" sex="M " age="74" age_level="3" education="1" town="Ardmore" county="Carter" land_regions="D" locality="U" date="1962" file_name="LAO(INF032)8b 04 Containers and Utensils.mp3" path_to_file="LAP\Projects\LAO\Speakers\LAO(INF032)\Audio\LAO(INF032)8b\LAO(INF032)8b 04 Containers and Utensils.mp3"/>
	<entry id="1060320812" project="LAO" informant="INF032" reel="8b" region="5" narrative="_Q" label="Time" state="OK" sex="M " age="74" age_level="3" education="1" town="Ardmore" county="Carter" land_regions="D" locality="U" date="1962" file_name="LAO(INF032)8b 05 Time.mp3" path_to_file="LAP\Projects\LAO\Speakers\LAO(INF032)\Audio\LAO(INF032)8b\LAO(INF032)8b 05 Time.mp3"/>
	<entry id="1060320813" project="LAO" informant="INF032" reel="8b" region="6" narrative="_Q" label="Weather" state="OK" sex="M " age="74" age_level="3" education="1" town="Ardmore" county="Carter" land_regions="D" locality="U" date="1962" file_name="LAO(INF032)8b 06 Weather.mp3" path_to_file="LAP\Projects\LAO\Speakers\LAO(INF032)\Audio\LAO(INF032)8b\LAO(INF032)8b 06 Weather.mp3"/>
	<entry id="1060320814" project="LAO" informant="INF032" reel="8b" region="7" narrative="_Q" label="Weather" state="OK" sex="M " age="74" age_level="3" education="1" town="Ardmore" county="Carter" land_regions="D" locality="U" date="1962" file_name="LAO(INF032)8b 07 Weather.mp3" path_to_file="LAP\Projects\LAO\Speakers\LAO(INF032)\Audio\LAO(INF032)8b\LAO(INF032)8b 07 Weather.mp3"/>
	<entry id="3060320802" project="LAO" informant="INF032" reel="8b" region="0" narrative="_I" label="Metadata" state="OK" sex="M " age="74" age_level="3" education="1" town="Ardmore" county="Carter" land_regions="D" locality="U" date="1962" file_name="LAO(INF032)8bmeta.txt" path_to_file="LAP\Projects\LAO\Speakers\LAO(INF032)\Audio\LAO(INF032)8b\LAO(INF032)8bmeta.txt"/>
	<entry id="1060320815" project="LAO" informant="INF032" reel="8c" region="1" narrative="_Q" label="Weather" state="OK" sex="M " age="74" age_level="3" education="1" town="Ardmore" county="Carter" land_regions="D" locality="U" date="1962" file_name="LAO(INF032)8c 01 Weather.mp3" path_to_file="LAP\Projects\LAO\Speakers\LAO(INF032)\Audio\LAO(INF032)8c\LAO(INF032)8c 01 Weather.mp3"/>
	<entry id="1060320816" project="LAO" informant="INF032" reel="8c" region="2" narrative="_Q" label="Domestic Animals" state="OK" sex="M " age="74" age_level="3" education="1" town="Ardmore" county="Carter" land_regions="D" locality="U" date="1962" file_name="LAO(INF032)8c 02 Domestic Animals.mp3" path_to_file="LAP\Projects\LAO\Speakers\LAO(INF032)\Audio\LAO(INF032)8c\LAO(INF032)8c 02 Domestic Animals.mp3"/>
	<entry id="1060320817" project="LAO" informant="INF032" reel="8c" region="3" narrative="_Q" label="Food and Cooking" state="OK" sex="M " age="74" age_level="3" education="1" town="Ardmore" county="Carter" land_regions="D" locality="U" date="1962" file_name="LAO(INF032)8c 03 Food and Cooking.mp3" path_to_file="LAP\Projects\LAO\Speakers\LAO(INF032)\Audio\LAO(INF032)8c\LAO(INF032)8c 03 Food and Cooking.mp3"/>
	<entry id="1060320818" project="LAO" informant="INF032" reel="8c" region="4" narrative="_Q" label="Illness and Death" state="OK" sex="M " age="74" age_level="3" education="1" town="Ardmore" county="Carter" land_regions="D" locality="U" date="1962" file_name="LAO(INF032)8c 04 Illness and Death.mp3" path_to_file="LAP\Projects\LAO\Speakers\LAO(INF032)\Audio\LAO(INF032)8c\LAO(INF032)8c 04 Illness and Death.mp3"/>
	<entry id="1060320819" project="LAO" informant="INF032" reel="8c" region="5" narrative="_Q" label="Vehicles" state="OK" sex="M " age="74" age_level="3" education="1" town="Ardmore" county="Carter" land_regions="D" locality="U" date="1962" file_name="LAO(INF032)8c 05 Vehicles.mp3" path_to_file="LAP\Projects\LAO\Speakers\LAO(INF032)\Audio\LAO(INF032)8c\LAO(INF032)8c 05 Vehicles.mp3"/>
	<entry id="1060320820" project="LAO" informant="INF032" reel="8c" region="6" narrative="_Q" label="Family" state="OK" sex="M " age="74" age_level="3" education="1" town="Ardmore" county="Carter" land_regions="D" locality="U" date="1962" file_name="LAO(INF032)8c 06 Family.mp3" path_to_file="LAP\Projects\LAO\Speakers\LAO(INF032)\Audio\LAO(INF032)8c\LAO(INF032)8c 06 Family.mp3"/>
	<entry id="3060320803" project="LAO" informant="INF032" reel="8c" region="0" narrative="_I" label="Metadata" state="OK" sex="M " age="74" age_level="3" education="1" town="Ardmore" county="Carter" land_regions="D" locality="U" date="1962" file_name="LAO(INF032)8cmeta.txt" path_to_file="LAP\Projects\LAO\Speakers\LAO(INF032)\Audio\LAO(INF032)8c\LAO(INF032)8cmeta.txt"/>
	<entry id="3060320001" project="LAO" informant="INF032" reel="0" region="0" narrative="_I" label="Biographical Information" state="OK" sex="M " age="74" age_level="3" education="1" town="Ardmore" county="Carter" land_regions="D" locality="U" date="1962" file_name="LAO(INF032)BIO.txt" path_to_file="LAP\Projects\LAO\Speakers\LAO(INF032)\Text\LAO(INF032)BIO.txt"/>
</Audio>