<?xml version="1.0" encoding="UTF-8"?>
<MediaAsset>
   <!--Original Physical Asset and Transfer Details-->
   <Original>
      <Filename>IL11B</Filename>
      <RunningTime>01:47:11</RunningTime>
      <RecordDate>undated</RecordDate>
      <FormatType>Open Reel</FormatType>
      <StockBrand>Scotch</StockBrand>
      <TapeModel>None</TapeModel>
      <TapeWidth>1/4"</TapeWidth>
      <TapeType>Acetate</TapeType>
      <ReelSize>7"</ReelSize>
      <TrackConfiguration>Half track</TrackConfiguration>
      <SoundField>Mono</SoundField>
      <RecordingSpeed>3.75 ips</RecordingSpeed>
      <NoiseReduction>None</NoiseReduction>
      <Equalization>NAB</Equalization>
      <PackOrientation>Heads Out</PackOrientation>
      <Language/>
      <PerforationRepairs>Yes</PerforationRepairs>
      <Cleaned>No</Cleaned>
      <Baked>No</Baked>
      <TransferComments>High Amount of Hiss on Tape; Program Distorted at Times; High Amount of Hum
         on Tape; </TransferComments>
      <ConditionReport>
         <SmallRisk>TapeDamage</SmallRisk>
      </ConditionReport>
      <TransferOperator>SC</TransferOperator>
      <Deck_Description>1/4" Open Reel Reproducer</Deck_Description>
      <Deck_Brand>Studer</Deck_Brand>
      <Deck_Model>A-807</Deck_Model>
      <Deck_SerialNumber>N/A</Deck_SerialNumber>
      <Originator> The MediaPreserve, a division of Preservation Technologies, LP </Originator>
      <OriginatorAddress> 111 Thomson Park Drive, Cranberry Township, PA 16066-6424
      </OriginatorAddress>
   </Original>
   <!--Digital Preservation Master File-->
   <PreservationMaster>
      <MediaKeeper>
         <OriginalTitle>IL11B</OriginalTitle>
         <CustomerFilename>IL11B_a.wav</CustomerFilename>
         <DateCreated>2020-01-14T09:32:19</DateCreated>
         <Checksum>D426240FC9BA894ED9E444EB7560CB36</Checksum>
         <ChecksumType>MD5</ChecksumType>
         <ChecksumDateCreated>2020-01-20T18:03:35</ChecksumDateCreated>
         <RunningTime>01:03:59</RunningTime>
         <BitPerSample>24</BitPerSample>
         <SampleRate>96000</SampleRate>
         <BitRate>2304000</BitRate>
         <SoundFieldFromJhove>1</SoundFieldFromJhove>
         <FileSizeInBytes>1105920370</FileSizeInBytes>
         <FileSizeInKB>1080000</FileSizeInKB>
         <FileSizeInMB>1054.688</FileSizeInMB>
         <FileSizeInGB>1.03</FileSizeInGB>
         <FaceDesignation>A</FaceDesignation>
         <TrackDesignation>00</TrackDesignation>
         <RegionDesignation>01</RegionDesignation>
         <ComputerManufacturer>VisionDAW</ComputerManufacturer>
         <HostComputerName>VX99-PRO</HostComputerName>
         <HostComputerVersion>Core i7</HostComputerVersion>
         <OperatingSystem>Windows 10</OperatingSystem>
         <OperatingSystemVersion>Professional x64 Edition</OperatingSystemVersion>
         <A2D_DeviceType>A/D Converter</A2D_DeviceType>
         <A2D_DeviceManufacturer>Antelope Audio</A2D_DeviceManufacturer>
         <A2D_DeviceModelName>Orion</A2D_DeviceModelName>
         <A2D_DeviceModelVersion>32</A2D_DeviceModelVersion>
         <A2D_DeviceModelSerialNumber>1000813050023</A2D_DeviceModelSerialNumber>
         <A2D_DeviceDriverVersion>A-807</A2D_DeviceDriverVersion>
      </MediaKeeper>
   </PreservationMaster>
   <PreservationMaster>
      <MediaKeeper>
         <OriginalTitle>IL11B</OriginalTitle>
         <CustomerFilename>IL11B_b.wav</CustomerFilename>
         <DateCreated>2020-01-14T09:32:02</DateCreated>
         <Checksum>F1FEE2B65B40DA0B39031144338A6C82</Checksum>
         <ChecksumType>MD5</ChecksumType>
         <ChecksumDateCreated>2020-01-20T18:03:35</ChecksumDateCreated>
         <RunningTime>00:43:12</RunningTime>
         <BitPerSample>24</BitPerSample>
         <SampleRate>96000</SampleRate>
         <BitRate>2304000</BitRate>
         <SoundFieldFromJhove>1</SoundFieldFromJhove>
         <FileSizeInBytes>746780626</FileSizeInBytes>
         <FileSizeInKB>729277.9</FileSizeInKB>
         <FileSizeInMB>712.1855</FileSizeInMB>
         <FileSizeInGB>0.6955</FileSizeInGB>
         <FaceDesignation>B</FaceDesignation>
         <TrackDesignation>00</TrackDesignation>
         <RegionDesignation>01</RegionDesignation>
         <ComputerManufacturer>VisionDAW</ComputerManufacturer>
         <HostComputerName>VX99-PRO</HostComputerName>
         <HostComputerVersion>Core i7</HostComputerVersion>
         <OperatingSystem>Windows 10</OperatingSystem>
         <OperatingSystemVersion>Professional x64 Edition</OperatingSystemVersion>
         <A2D_DeviceType>A/D Converter</A2D_DeviceType>
         <A2D_DeviceManufacturer>Antelope Audio</A2D_DeviceManufacturer>
         <A2D_DeviceModelName>Orion</A2D_DeviceModelName>
         <A2D_DeviceModelVersion>32</A2D_DeviceModelVersion>
         <A2D_DeviceModelSerialNumber>1000813050023</A2D_DeviceModelSerialNumber>
         <A2D_DeviceDriverVersion>A-807</A2D_DeviceDriverVersion>
      </MediaKeeper>
   </PreservationMaster>
   <!--Digital Use/Access/Streaming File-->
   <Streaming>
      <MediaKeeper>
         <OriginalTitle>IL11B</OriginalTitle>
         <CustomerFilename>IL11B_a.mp3</CustomerFilename>
         <DateCreated>2020-01-20T17:26:20</DateCreated>
         <Checksum>375EA4C8AB616F0D65DDE972DFDB5309</Checksum>
         <ChecksumType>MD5</ChecksumType>
         <ChecksumDateCreated>2020-01-20T18:03:35</ChecksumDateCreated>
         <RunningTime>01:04:05</RunningTime>
         <BitRate>192000</BitRate>
         <SoundFieldFromJhove>1</SoundFieldFromJhove>
         <FileSizeInBytes>92160626</FileSizeInBytes>
         <FileSizeInKB>90000.61</FileSizeInKB>
         <FileSizeInMB>87.8912</FileSizeInMB>
         <FileSizeInGB>0.0858</FileSizeInGB>
         <FaceDesignation>A</FaceDesignation>
         <TrackDesignation>00</TrackDesignation>
         <RegionDesignation>01</RegionDesignation>
         <EncodeSoftwareManufacturer>Steinberg</EncodeSoftwareManufacturer>
         <EncodeSoftware>Wavelab</EncodeSoftware>
         <EncodeSoftwareVersion>7.2.1</EncodeSoftwareVersion>
      </MediaKeeper>
   </Streaming>
   <Streaming>
      <MediaKeeper>
         <OriginalTitle>IL11B</OriginalTitle>
         <CustomerFilename>IL11B_b.mp3</CustomerFilename>
         <DateCreated>2020-01-20T17:26:31</DateCreated>
         <Checksum>9295966C42D222F529344F706D27689A</Checksum>
         <ChecksumType>MD5</ChecksumType>
         <ChecksumDateCreated>2020-01-20T18:03:35</ChecksumDateCreated>
         <RunningTime>00:43:16</RunningTime>
         <BitRate>192000</BitRate>
         <SoundFieldFromJhove>1</SoundFieldFromJhove>
         <FileSizeInBytes>62232450</FileSizeInBytes>
         <FileSizeInKB>60773.88</FileSizeInKB>
         <FileSizeInMB>59.3495</FileSizeInMB>
         <FileSizeInGB>0.058</FileSizeInGB>
         <FaceDesignation>B</FaceDesignation>
         <TrackDesignation>00</TrackDesignation>
         <RegionDesignation>01</RegionDesignation>
         <EncodeSoftwareManufacturer>Steinberg</EncodeSoftwareManufacturer>
         <EncodeSoftware>Wavelab</EncodeSoftware>
         <EncodeSoftwareVersion>7.2.1</EncodeSoftwareVersion>
      </MediaKeeper>
   </Streaming>
</MediaAsset>
