<?xml version="1.0" encoding="UTF-8" standalone="yes"?>
<Audio>
	<entry id="1060330101" project="LAO" informant="INF033" reel="1a" region="1" narrative="_Q" label="Sport and Play" state="OK" sex="M " age="49" age_level="2" education="3" town="Talihina" county="LeFlore" land_regions="D" locality="R" date="1962" file_name="LAO(INF033)1a 01 Sport and Play.mp3" path_to_file="LAP\Projects\LAO\Speakers\LAO(INF033)\Audio\LAO(INF033)1a\LAO(INF033)1a 01 Sport and Play.mp3"/>
	<entry id="1060330102" project="LAO" informant="INF033" reel="1a" region="2" narrative="_Q" label="Containers and Utensils" state="OK" sex="M " age="49" age_level="2" education="3" town="Talihina" county="LeFlore" land_regions="D" locality="R" date="1962" file_name="LAO(INF033)1a 02 Containers and Utensils.mp3" path_to_file="LAP\Projects\LAO\Speakers\LAO(INF033)\Audio\LAO(INF033)1a\LAO(INF033)1a 02 Containers and Utensils.mp3"/>
	<entry id="1060330103" project="LAO" informant="INF033" reel="1a" region="3" narrative="_Q" label="Dwellings" state="OK" sex="M " age="49" age_level="2" education="3" town="Talihina" county="LeFlore" land_regions="D" locality="R" date="1962" file_name="LAO(INF033)1a 03 Dwellings.mp3" path_to_file="LAP\Projects\LAO\Speakers\LAO(INF033)\Audio\LAO(INF033)1a\LAO(INF033)1a 03 Dwellings.mp3"/>
	<entry id="1060330104" project="LAO" informant="INF033" reel="1a" region="4" narrative="_Q" label="Dwellings" state="OK" sex="M " age="49" age_level="2" education="3" town="Talihina" county="LeFlore" land_regions="D" locality="R" date="1962" file_name="LAO(INF033)1a 04 Dwellings.mp3" path_to_file="LAP\Projects\LAO\Speakers\LAO(INF033)\Audio\LAO(INF033)1a\LAO(INF033)1a 04 Dwellings.mp3"/>
	<entry id="1060330105" project="LAO" informant="INF033" reel="1a" region="5" narrative="_Q" label="Containers and Utensils" state="OK" sex="M " age="49" age_level="2" education="3" town="Talihina" county="LeFlore" land_regions="D" locality="R" date="1962" file_name="LAO(INF033)1a 05 Containers and Utensils.mp3" path_to_file="LAP\Projects\LAO\Speakers\LAO(INF033)\Audio\LAO(INF033)1a\LAO(INF033)1a 05 Containers and Utensils.mp3"/>
	<entry id="1060330106" project="LAO" informant="INF033" reel="1a" region="6" narrative="_Q" label="Dwellings" state="OK" sex="M " age="49" age_level="2" education="3" town="Talihina" county="LeFlore" land_regions="D" locality="R" date="1962" file_name="LAO(INF033)1a 06 Dwellings.mp3" path_to_file="LAP\Projects\LAO\Speakers\LAO(INF033)\Audio\LAO(INF033)1a\LAO(INF033)1a 06 Dwellings.mp3"/>
	<entry id="1060330107" project="LAO" informant="INF033" reel="1a" region="7" narrative="_Q" label="Dwellings" state="OK" sex="M " age="49" age_level="2" education="3" town="Talihina" county="LeFlore" land_regions="D" locality="R" date="1962" file_name="LAO(INF033)1a 07 Dwellings.mp3" path_to_file="LAP\Projects\LAO\Speakers\LAO(INF033)\Audio\LAO(INF033)1a\LAO(INF033)1a 07 Dwellings.mp3"/>
	<entry id="3060330101" project="LAO" informant="INF033" reel="1a" region="0" narrative="_I" label="Metadata" state="OK" sex="M " age="49" age_level="2" education="3" town="Talihina" county="LeFlore" land_regions="D" locality="R" date="1962" file_name="LAO(INF033)1ameta.txt" path_to_file="LAP\Projects\LAO\Speakers\LAO(INF033)\Audio\LAO(INF033)1a\LAO(INF033)1ameta.txt"/>
	<entry id="1060330108" project="LAO" informant="INF033" reel="1b" region="1" narrative="_Q" label="Dwellings" state="OK" sex="M " age="49" age_level="2" education="3" town="Talihina" county="LeFlore" land_regions="D" locality="R" date="1962" file_name="LAO(INF033)1b 01 Dwellings.mp3" path_to_file="LAP\Projects\LAO\Speakers\LAO(INF033)\Audio\LAO(INF033)1b\LAO(INF033)1b 01 Dwellings.mp3"/>
	<entry id="1060330109" project="LAO" informant="INF033" reel="1b" region="2" narrative="_Q" label="The Farm" state="OK" sex="M " age="49" age_level="2" education="3" town="Talihina" county="LeFlore" land_regions="D" locality="R" date="1962" file_name="LAO(INF033)1b 02 The Farm.mp3" path_to_file="LAP\Projects\LAO\Speakers\LAO(INF033)\Audio\LAO(INF033)1b\LAO(INF033)1b 02 The Farm.mp3"/>
	<entry id="1060330110" project="LAO" informant="INF033" reel="1b" region="3" narrative="_Q" label="Containers and Utensils" state="OK" sex="M " age="49" age_level="2" education="3" town="Talihina" county="LeFlore" land_regions="D" locality="R" date="1962" file_name="LAO(INF033)1b 03 Containers and Utensils.mp3" path_to_file="LAP\Projects\LAO\Speakers\LAO(INF033)\Audio\LAO(INF033)1b\LAO(INF033)1b 03 Containers and Utensils.mp3"/>
	<entry id="1060330111" project="LAO" informant="INF033" reel="1b" region="4" narrative="_Q" label="Domestic Animals" state="OK" sex="M " age="49" age_level="2" education="3" town="Talihina" county="LeFlore" land_regions="D" locality="R" date="1962" file_name="LAO(INF033)1b 04 Domestic Animals.mp3" path_to_file="LAP\Projects\LAO\Speakers\LAO(INF033)\Audio\LAO(INF033)1b\LAO(INF033)1b 04 Domestic Animals.mp3"/>
	<entry id="1060330112" project="LAO" informant="INF033" reel="1b" region="5" narrative="_Q" label="Containers and Utensils" state="OK" sex="M " age="49" age_level="2" education="3" town="Talihina" county="LeFlore" land_regions="D" locality="R" date="1962" file_name="LAO(INF033)1b 05 Containers and Utensils.mp3" path_to_file="LAP\Projects\LAO\Speakers\LAO(INF033)\Audio\LAO(INF033)1b\LAO(INF033)1b 05 Containers and Utensils.mp3"/>
	<entry id="1060330113" project="LAO" informant="INF033" reel="1b" region="6" narrative="_Q" label="Vehicles" state="OK" sex="M " age="49" age_level="2" education="3" town="Talihina" county="LeFlore" land_regions="D" locality="R" date="1962" file_name="LAO(INF033)1b 06 Vehicles.mp3" path_to_file="LAP\Projects\LAO\Speakers\LAO(INF033)\Audio\LAO(INF033)1b\LAO(INF033)1b 06 Vehicles.mp3"/>
	<entry id="1060330114" project="LAO" informant="INF033" reel="1b" region="7" narrative="_Q" label="Calls to Animals" state="OK" sex="M " age="49" age_level="2" education="3" town="Talihina" county="LeFlore" land_regions="D" locality="R" date="1962" file_name="LAO(INF033)1b 07 Calls to Animals.mp3" path_to_file="LAP\Projects\LAO\Speakers\LAO(INF033)\Audio\LAO(INF033)1b\LAO(INF033)1b 07 Calls to Animals.mp3"/>
	<entry id="3060330102" project="LAO" informant="INF033" reel="1b" region="0" narrative="_I" label="Metadata" state="OK" sex="M " age="49" age_level="2" education="3" town="Talihina" county="LeFlore" land_regions="D" locality="R" date="1962" file_name="LAO(INF033)1bmeta.txt" path_to_file="LAP\Projects\LAO\Speakers\LAO(INF033)\Audio\LAO(INF033)1b\LAO(INF033)1bmeta.txt"/>
	<entry id="1060330115" project="LAO" informant="INF033" reel="1c" region="1" narrative="_Q" label="Sport and Play" state="OK" sex="M " age="49" age_level="2" education="3" town="Talihina" county="LeFlore" land_regions="D" locality="R" date="1962" file_name="LAO(INF033)1c 01 Sport and Play.mp3" path_to_file="LAP\Projects\LAO\Speakers\LAO(INF033)\Audio\LAO(INF033)1c\LAO(INF033)1c 01 Sport and Play.mp3"/>
	<entry id="1060330116" project="LAO" informant="INF033" reel="1c" region="2" narrative="_Q" label="Sport and Play" state="OK" sex="M " age="49" age_level="2" education="3" town="Talihina" county="LeFlore" land_regions="D" locality="R" date="1962" file_name="LAO(INF033)1c 02 Sport and Play.mp3" path_to_file="LAP\Projects\LAO\Speakers\LAO(INF033)\Audio\LAO(INF033)1c\LAO(INF033)1c 02 Sport and Play.mp3"/>
	<entry id="1060330117" project="LAO" informant="INF033" reel="1c" region="3" narrative="_Q" label="Containers and Utensils" state="OK" sex="M " age="49" age_level="2" education="3" town="Talihina" county="LeFlore" land_regions="D" locality="R" date="1962" file_name="LAO(INF033)1c 03 Containers and Utensils.mp3" path_to_file="LAP\Projects\LAO\Speakers\LAO(INF033)\Audio\LAO(INF033)1c\LAO(INF033)1c 03 Containers and Utensils.mp3"/>
	<entry id="1060330118" project="LAO" informant="INF033" reel="1c" region="4" narrative="_Q" label="Clothing" state="OK" sex="M " age="49" age_level="2" education="3" town="Talihina" county="LeFlore" land_regions="D" locality="R" date="1962" file_name="LAO(INF033)1c 04 Clothing.mp3" path_to_file="LAP\Projects\LAO\Speakers\LAO(INF033)\Audio\LAO(INF033)1c\LAO(INF033)1c 04 Clothing.mp3"/>
	<entry id="1060330119" project="LAO" informant="INF033" reel="1c" region="5" narrative="_Q" label="Dwellings" state="OK" sex="M " age="49" age_level="2" education="3" town="Talihina" county="LeFlore" land_regions="D" locality="R" date="1962" file_name="LAO(INF033)1c 05 Dwellings.mp3" path_to_file="LAP\Projects\LAO\Speakers\LAO(INF033)\Audio\LAO(INF033)1c\LAO(INF033)1c 05 Dwellings.mp3"/>
	<entry id="1060330120" project="LAO" informant="INF033" reel="1c" region="6" narrative="_Q" label="Topography" state="OK" sex="M " age="49" age_level="2" education="3" town="Talihina" county="LeFlore" land_regions="D" locality="R" date="1962" file_name="LAO(INF033)1c 06 Topography.mp3" path_to_file="LAP\Projects\LAO\Speakers\LAO(INF033)\Audio\LAO(INF033)1c\LAO(INF033)1c 06 Topography.mp3"/>
	<entry id="1060330121" project="LAO" informant="INF033" reel="1c" region="7" narrative="_Q" label="Prepositions" state="OK" sex="M " age="49" age_level="2" education="3" town="Talihina" county="LeFlore" land_regions="D" locality="R" date="1962" file_name="LAO(INF033)1c 07 Prepositions.mp3" path_to_file="LAP\Projects\LAO\Speakers\LAO(INF033)\Audio\LAO(INF033)1c\LAO(INF033)1c 07 Prepositions.mp3"/>
	<entry id="3060330103" project="LAO" informant="INF033" reel="1c" region="0" narrative="_I" label="Metadata" state="OK" sex="M " age="49" age_level="2" education="3" town="Talihina" county="LeFlore" land_regions="D" locality="R" date="1962" file_name="LAO(INF033)1cmeta.txt" path_to_file="LAP\Projects\LAO\Speakers\LAO(INF033)\Audio\LAO(INF033)1c\LAO(INF033)1cmeta.txt"/>
	<entry id="1060330201" project="LAO" informant="INF033" reel="2a" region="1" narrative="_Q" label="Domestic Animals" state="OK" sex="M " age="49" age_level="2" education="3" town="Talihina" county="LeFlore" land_regions="D" locality="R" date="1962" file_name="LAO(INF033)2a 01 Domestic Animals.mp3" path_to_file="LAP\Projects\LAO\Speakers\LAO(INF033)\Audio\LAO(INF033)2a\LAO(INF033)2a 01 Domestic Animals.mp3"/>
	<entry id="1060330202" project="LAO" informant="INF033" reel="2a" region="2" narrative="_Q" label="Domestic Animals" state="OK" sex="M " age="49" age_level="2" education="3" town="Talihina" county="LeFlore" land_regions="D" locality="R" date="1962" file_name="LAO(INF033)2a 02 Domestic Animals.mp3" path_to_file="LAP\Projects\LAO\Speakers\LAO(INF033)\Audio\LAO(INF033)2a\LAO(INF033)2a 02 Domestic Animals.mp3"/>
	<entry id="1060330203" project="LAO" informant="INF033" reel="2a" region="3" narrative="_Q" label="Domestic Animals" state="OK" sex="M " age="49" age_level="2" education="3" town="Talihina" county="LeFlore" land_regions="D" locality="R" date="1962" file_name="LAO(INF033)2a 03 Domestic Animals.mp3" path_to_file="LAP\Projects\LAO\Speakers\LAO(INF033)\Audio\LAO(INF033)2a\LAO(INF033)2a 03 Domestic Animals.mp3"/>
	<entry id="1060330204" project="LAO" informant="INF033" reel="2a" region="4" narrative="_Q" label="Calls to Animals" state="OK" sex="M " age="49" age_level="2" education="3" town="Talihina" county="LeFlore" land_regions="D" locality="R" date="1962" file_name="LAO(INF033)2a 04 Calls to Animals.mp3" path_to_file="LAP\Projects\LAO\Speakers\LAO(INF033)\Audio\LAO(INF033)2a\LAO(INF033)2a 04 Calls to Animals.mp3"/>
	<entry id="1060330205" project="LAO" informant="INF033" reel="2a" region="5" narrative="_Q" label="Agriculture" state="OK" sex="M " age="49" age_level="2" education="3" town="Talihina" county="LeFlore" land_regions="D" locality="R" date="1962" file_name="LAO(INF033)2a 05 Agriculture.mp3" path_to_file="LAP\Projects\LAO\Speakers\LAO(INF033)\Audio\LAO(INF033)2a\LAO(INF033)2a 05 Agriculture.mp3"/>
	<entry id="1060330206" project="LAO" informant="INF033" reel="2a" region="6" narrative="_Q" label="Agriculture" state="OK" sex="M " age="49" age_level="2" education="3" town="Talihina" county="LeFlore" land_regions="D" locality="R" date="1962" file_name="LAO(INF033)2a 06 Agriculture.mp3" path_to_file="LAP\Projects\LAO\Speakers\LAO(INF033)\Audio\LAO(INF033)2a\LAO(INF033)2a 06 Agriculture.mp3"/>
	<entry id="1060330207" project="LAO" informant="INF033" reel="2a" region="7" narrative="_Q" label="Food and Cooking" state="OK" sex="M " age="49" age_level="2" education="3" town="Talihina" county="LeFlore" land_regions="D" locality="R" date="1962" file_name="LAO(INF033)2a 07 Food and Cooking.mp3" path_to_file="LAP\Projects\LAO\Speakers\LAO(INF033)\Audio\LAO(INF033)2a\LAO(INF033)2a 07 Food and Cooking.mp3"/>
	<entry id="3060330201" project="LAO" informant="INF033" reel="2a" region="0" narrative="_I" label="Metadata" state="OK" sex="M " age="49" age_level="2" education="3" town="Talihina" county="LeFlore" land_regions="D" locality="R" date="1962" file_name="LAO(INF033)2ameta.txt" path_to_file="LAP\Projects\LAO\Speakers\LAO(INF033)\Audio\LAO(INF033)2a\LAO(INF033)2ameta.txt"/>
	<entry id="1060330208" project="LAO" informant="INF033" reel="2b" region="1" narrative="_Q" label="Food and Cooking" state="OK" sex="M " age="49" age_level="2" education="3" town="Talihina" county="LeFlore" land_regions="D" locality="R" date="1962" file_name="LAO(INF033)2b 01 Food and Cooking.mp3" path_to_file="LAP\Projects\LAO\Speakers\LAO(INF033)\Audio\LAO(INF033)2b\LAO(INF033)2b 01 Food and Cooking.mp3"/>
	<entry id="1060330209" project="LAO" informant="INF033" reel="2b" region="2" narrative="_Q" label="Food and Cooking" state="OK" sex="M " age="49" age_level="2" education="3" town="Talihina" county="LeFlore" land_regions="D" locality="R" date="1962" file_name="LAO(INF033)2b 02 Food and Cooking.mp3" path_to_file="LAP\Projects\LAO\Speakers\LAO(INF033)\Audio\LAO(INF033)2b\LAO(INF033)2b 02 Food and Cooking.mp3"/>
	<entry id="1060330210" project="LAO" informant="INF033" reel="2b" region="3" narrative="_Q" label="Food and Cooking" state="OK" sex="M " age="49" age_level="2" education="3" town="Talihina" county="LeFlore" land_regions="D" locality="R" date="1962" file_name="LAO(INF033)2b 03 Food and Cooking.mp3" path_to_file="LAP\Projects\LAO\Speakers\LAO(INF033)\Audio\LAO(INF033)2b\LAO(INF033)2b 03 Food and Cooking.mp3"/>
	<entry id="1060330211" project="LAO" informant="INF033" reel="2b" region="4" narrative="_Q" label="Family" state="OK" sex="M " age="49" age_level="2" education="3" town="Talihina" county="LeFlore" land_regions="D" locality="R" date="1962" file_name="LAO(INF033)2b 04 Family.mp3" path_to_file="LAP\Projects\LAO\Speakers\LAO(INF033)\Audio\LAO(INF033)2b\LAO(INF033)2b 04 Family.mp3"/>
	<entry id="1060330212" project="LAO" informant="INF033" reel="2b" region="5" narrative="_Q" label="Food and Cooking" state="OK" sex="M " age="49" age_level="2" education="3" town="Talihina" county="LeFlore" land_regions="D" locality="R" date="1962" file_name="LAO(INF033)2b 05 Food and Cooking.mp3" path_to_file="LAP\Projects\LAO\Speakers\LAO(INF033)\Audio\LAO(INF033)2b\LAO(INF033)2b 05 Food and Cooking.mp3"/>
	<entry id="1060330213" project="LAO" informant="INF033" reel="2b" region="6" narrative="_Q" label="Food and Cooking" state="OK" sex="M " age="49" age_level="2" education="3" town="Talihina" county="LeFlore" land_regions="D" locality="R" date="1962" file_name="LAO(INF033)2b 06 Food and Cooking.mp3" path_to_file="LAP\Projects\LAO\Speakers\LAO(INF033)\Audio\LAO(INF033)2b\LAO(INF033)2b 06 Food and Cooking.mp3"/>
	<entry id="1060330214" project="LAO" informant="INF033" reel="2b" region="7" narrative="_Q" label="Food and Cooking" state="OK" sex="M " age="49" age_level="2" education="3" town="Talihina" county="LeFlore" land_regions="D" locality="R" date="1962" file_name="LAO(INF033)2b 07 Food and Cooking.mp3" path_to_file="LAP\Projects\LAO\Speakers\LAO(INF033)\Audio\LAO(INF033)2b\LAO(INF033)2b 07 Food and Cooking.mp3"/>
	<entry id="3060330202" project="LAO" informant="INF033" reel="2b" region="0" narrative="_I" label="Metadata" state="OK" sex="M " age="49" age_level="2" education="3" town="Talihina" county="LeFlore" land_regions="D" locality="R" date="1962" file_name="LAO(INF033)2bmeta.txt" path_to_file="LAP\Projects\LAO\Speakers\LAO(INF033)\Audio\LAO(INF033)2b\LAO(INF033)2bmeta.txt"/>
	<entry id="1060330215" project="LAO" informant="INF033" reel="2c" region="1" narrative="_Q" label="Vegetables" state="OK" sex="M " age="49" age_level="2" education="3" town="Talihina" county="LeFlore" land_regions="D" locality="R" date="1962" file_name="LAO(INF033)2c 01 Vegetables.mp3" path_to_file="LAP\Projects\LAO\Speakers\LAO(INF033)\Audio\LAO(INF033)2c\LAO(INF033)2c 01 Vegetables.mp3"/>
	<entry id="1060330216" project="LAO" informant="INF033" reel="2c" region="2" narrative="_Q" label="Trees and Shrubs" state="OK" sex="M " age="49" age_level="2" education="3" town="Talihina" county="LeFlore" land_regions="D" locality="R" date="1962" file_name="LAO(INF033)2c 02 Trees and Shrubs.mp3" path_to_file="LAP\Projects\LAO\Speakers\LAO(INF033)\Audio\LAO(INF033)2c\LAO(INF033)2c 02 Trees and Shrubs.mp3"/>
	<entry id="1060330217" project="LAO" informant="INF033" reel="2c" region="3" narrative="_Q" label="Vegetables" state="OK" sex="M " age="49" age_level="2" education="3" town="Talihina" county="LeFlore" land_regions="D" locality="R" date="1962" file_name="LAO(INF033)2c 03 Vegetables.mp3" path_to_file="LAP\Projects\LAO\Speakers\LAO(INF033)\Audio\LAO(INF033)2c\LAO(INF033)2c 03 Vegetables.mp3"/>
	<entry id="1060330218" project="LAO" informant="INF033" reel="2c" region="4" narrative="_Q" label="Food and Cooking" state="OK" sex="M " age="49" age_level="2" education="3" town="Talihina" county="LeFlore" land_regions="D" locality="R" date="1962" file_name="LAO(INF033)2c 04 Food and Cooking.mp3" path_to_file="LAP\Projects\LAO\Speakers\LAO(INF033)\Audio\LAO(INF033)2c\LAO(INF033)2c 04 Food and Cooking.mp3"/>
	<entry id="1060330219" project="LAO" informant="INF033" reel="2c" region="5" narrative="_Q" label="Vegetables" state="OK" sex="M " age="49" age_level="2" education="3" town="Talihina" county="LeFlore" land_regions="D" locality="R" date="1962" file_name="LAO(INF033)2c 05 Vegetables.mp3" path_to_file="LAP\Projects\LAO\Speakers\LAO(INF033)\Audio\LAO(INF033)2c\LAO(INF033)2c 05 Vegetables.mp3"/>
	<entry id="1060330220" project="LAO" informant="INF033" reel="2c" region="6" narrative="_Q" label="Vegetables" state="OK" sex="M " age="49" age_level="2" education="3" town="Talihina" county="LeFlore" land_regions="D" locality="R" date="1962" file_name="LAO(INF033)2c 06 Vegetables.mp3" path_to_file="LAP\Projects\LAO\Speakers\LAO(INF033)\Audio\LAO(INF033)2c\LAO(INF033)2c 06 Vegetables.mp3"/>
	<entry id="1060330221" project="LAO" informant="INF033" reel="2c" region="7" narrative="_Q" label="Wild Animals" state="OK" sex="M " age="49" age_level="2" education="3" town="Talihina" county="LeFlore" land_regions="D" locality="R" date="1962" file_name="LAO(INF033)2c 07 Wild Animals.mp3" path_to_file="LAP\Projects\LAO\Speakers\LAO(INF033)\Audio\LAO(INF033)2c\LAO(INF033)2c 07 Wild Animals.mp3"/>
	<entry id="3060330203" project="LAO" informant="INF033" reel="2c" region="0" narrative="_I" label="Metadata" state="OK" sex="M " age="49" age_level="2" education="3" town="Talihina" county="LeFlore" land_regions="D" locality="R" date="1962" file_name="LAO(INF033)2cmeta.txt" path_to_file="LAP\Projects\LAO\Speakers\LAO(INF033)\Audio\LAO(INF033)2c\LAO(INF033)2cmeta.txt"/>
	<entry id="1060330301" project="LAO" informant="INF033" reel="3a" region="1" narrative="_Q" label="Containers and Utensils" state="OK" sex="M " age="49" age_level="2" education="3" town="Talihina" county="LeFlore" land_regions="D" locality="R" date="1962" file_name="LAO(INF033)3a 01 Containers and Utensils.mp3" path_to_file="LAP\Projects\LAO\Speakers\LAO(INF033)\Audio\LAO(INF033)3a\LAO(INF033)3a 01 Containers and Utensils.mp3"/>
	<entry id="1060330302" project="LAO" informant="INF033" reel="3a" region="2" narrative="_Q" label="Wild Animals" state="OK" sex="M " age="49" age_level="2" education="3" town="Talihina" county="LeFlore" land_regions="D" locality="R" date="1962" file_name="LAO(INF033)3a 02 Wild Animals.mp3" path_to_file="LAP\Projects\LAO\Speakers\LAO(INF033)\Audio\LAO(INF033)3a\LAO(INF033)3a 02 Wild Animals.mp3"/>
	<entry id="1060330303" project="LAO" informant="INF033" reel="3a" region="3" narrative="_Q" label="Vegetables" state="OK" sex="M " age="49" age_level="2" education="3" town="Talihina" county="LeFlore" land_regions="D" locality="R" date="1962" file_name="LAO(INF033)3a 03 Vegetables.mp3" path_to_file="LAP\Projects\LAO\Speakers\LAO(INF033)\Audio\LAO(INF033)3a\LAO(INF033)3a 03 Vegetables.mp3"/>
	<entry id="1060330304" project="LAO" informant="INF033" reel="3a" region="4" narrative="_Q" label="Public Institutions" state="OK" sex="M " age="49" age_level="2" education="3" town="Talihina" county="LeFlore" land_regions="D" locality="R" date="1962" file_name="LAO(INF033)3a 04 Public Institutions.mp3" path_to_file="LAP\Projects\LAO\Speakers\LAO(INF033)\Audio\LAO(INF033)3a\LAO(INF033)3a 04 Public Institutions.mp3"/>
	<entry id="1060330305" project="LAO" informant="INF033" reel="3a" region="5" narrative="_Q" label="Public Institutions" state="OK" sex="M " age="49" age_level="2" education="3" town="Talihina" county="LeFlore" land_regions="D" locality="R" date="1962" file_name="LAO(INF033)3a 05 Public Institutions.mp3" path_to_file="LAP\Projects\LAO\Speakers\LAO(INF033)\Audio\LAO(INF033)3a\LAO(INF033)3a 05 Public Institutions.mp3"/>
	<entry id="1060330306" project="LAO" informant="INF033" reel="3a" region="6" narrative="_Q" label="Family" state="OK" sex="M " age="49" age_level="2" education="3" town="Talihina" county="LeFlore" land_regions="D" locality="R" date="1962" file_name="LAO(INF033)3a 06 Family.mp3" path_to_file="LAP\Projects\LAO\Speakers\LAO(INF033)\Audio\LAO(INF033)3a\LAO(INF033)3a 06 Family.mp3"/>
	<entry id="1060330307" project="LAO" informant="INF033" reel="3a" region="7" narrative="_Q" label="Names, Titles and Occupations" state="OK" sex="M " age="49" age_level="2" education="3" town="Talihina" county="LeFlore" land_regions="D" locality="R" date="1962" file_name="LAO(INF033)3a 07 Names, Titles and Occupations.mp3" path_to_file="LAP\Projects\LAO\Speakers\LAO(INF033)\Audio\LAO(INF033)3a\LAO(INF033)3a 07 Names, Titles and Occupations.mp3"/>
	<entry id="3060330301" project="LAO" informant="INF033" reel="3a" region="0" narrative="_I" label="Metadata" state="OK" sex="M " age="49" age_level="2" education="3" town="Talihina" county="LeFlore" land_regions="D" locality="R" date="1962" file_name="LAO(INF033)3ameta.txt" path_to_file="LAP\Projects\LAO\Speakers\LAO(INF033)\Audio\LAO(INF033)3a\LAO(INF033)3ameta.txt"/>
	<entry id="1060330308" project="LAO" informant="INF033" reel="3b" region="1" narrative="_Q" label="Pronouns" state="OK" sex="M " age="49" age_level="2" education="3" town="Talihina" county="LeFlore" land_regions="D" locality="R" date="1962" file_name="LAO(INF033)3b 01 Pronouns.mp3" path_to_file="LAP\Projects\LAO\Speakers\LAO(INF033)\Audio\LAO(INF033)3b\LAO(INF033)3b 01 Pronouns.mp3"/>
	<entry id="1060330309" project="LAO" informant="INF033" reel="3b" region="2" narrative="_Q" label="Personal Characteristics" state="OK" sex="M " age="49" age_level="2" education="3" town="Talihina" county="LeFlore" land_regions="D" locality="R" date="1962" file_name="LAO(INF033)3b 02 Personal Characteristics.mp3" path_to_file="LAP\Projects\LAO\Speakers\LAO(INF033)\Audio\LAO(INF033)3b\LAO(INF033)3b 02 Personal Characteristics.mp3"/>
	<entry id="1060330310" project="LAO" informant="INF033" reel="3b" region="3" narrative="_Q" label="Personal Characteristics" state="OK" sex="M " age="49" age_level="2" education="3" town="Talihina" county="LeFlore" land_regions="D" locality="R" date="1962" file_name="LAO(INF033)3b 03 Personal Characteristics.mp3" path_to_file="LAP\Projects\LAO\Speakers\LAO(INF033)\Audio\LAO(INF033)3b\LAO(INF033)3b 03 Personal Characteristics.mp3"/>
	<entry id="1060330311" project="LAO" informant="INF033" reel="3b" region="4" narrative="_Q" label="Illness and Death" state="OK" sex="M " age="49" age_level="2" education="3" town="Talihina" county="LeFlore" land_regions="D" locality="R" date="1962" file_name="LAO(INF033)3b 04 Illness and Death.mp3" path_to_file="LAP\Projects\LAO\Speakers\LAO(INF033)\Audio\LAO(INF033)3b\LAO(INF033)3b 04 Illness and Death.mp3"/>
	<entry id="1060330312" project="LAO" informant="INF033" reel="3b" region="5" narrative="_Q" label="Illness and Death" state="OK" sex="M " age="49" age_level="2" education="3" town="Talihina" county="LeFlore" land_regions="D" locality="R" date="1962" file_name="LAO(INF033)3b 05 Illness and Death.mp3" path_to_file="LAP\Projects\LAO\Speakers\LAO(INF033)\Audio\LAO(INF033)3b\LAO(INF033)3b 05 Illness and Death.mp3"/>
	<entry id="1060330313" project="LAO" informant="INF033" reel="3b" region="6" narrative="_Q" label="Social Relations" state="OK" sex="M " age="49" age_level="2" education="3" town="Talihina" county="LeFlore" land_regions="D" locality="R" date="1962" file_name="LAO(INF033)3b 06 Social Relations.mp3" path_to_file="LAP\Projects\LAO\Speakers\LAO(INF033)\Audio\LAO(INF033)3b\LAO(INF033)3b 06 Social Relations.mp3"/>
	<entry id="1060330314" project="LAO" informant="INF033" reel="3b" region="7" narrative="_Q" label="Public Institutions" state="OK" sex="M " age="49" age_level="2" education="3" town="Talihina" county="LeFlore" land_regions="D" locality="R" date="1962" file_name="LAO(INF033)3b 07 Public Institutions.mp3" path_to_file="LAP\Projects\LAO\Speakers\LAO(INF033)\Audio\LAO(INF033)3b\LAO(INF033)3b 07 Public Institutions.mp3"/>
	<entry id="3060330302" project="LAO" informant="INF033" reel="3b" region="0" narrative="_I" label="Metadata" state="OK" sex="M " age="49" age_level="2" education="3" town="Talihina" county="LeFlore" land_regions="D" locality="R" date="1962" file_name="LAO(INF033)3bmeta.txt" path_to_file="LAP\Projects\LAO\Speakers\LAO(INF033)\Audio\LAO(INF033)3b\LAO(INF033)3bmeta.txt"/>
	<entry id="1060330315" project="LAO" informant="INF033" reel="3c" region="1" narrative="_Q" label="Public Institutions" state="OK" sex="M " age="49" age_level="2" education="3" town="Talihina" county="LeFlore" land_regions="D" locality="R" date="1962" file_name="LAO(INF033)3c 01 Public Institutions.mp3" path_to_file="LAP\Projects\LAO\Speakers\LAO(INF033)\Audio\LAO(INF033)3c\LAO(INF033)3c 01 Public Institutions.mp3"/>
	<entry id="1060330316" project="LAO" informant="INF033" reel="3c" region="2" narrative="_Q" label="Geography" state="OK" sex="M " age="49" age_level="2" education="3" town="Talihina" county="LeFlore" land_regions="D" locality="R" date="1962" file_name="LAO(INF033)3c 02 Geography.mp3" path_to_file="LAP\Projects\LAO\Speakers\LAO(INF033)\Audio\LAO(INF033)3c\LAO(INF033)3c 02 Geography.mp3"/>
	<entry id="1060330317" project="LAO" informant="INF033" reel="3c" region="3" narrative="_Q" label="Personal Characteristics" state="OK" sex="M " age="49" age_level="2" education="3" town="Talihina" county="LeFlore" land_regions="D" locality="R" date="1962" file_name="LAO(INF033)3c 03 Personal Characteristics.mp3" path_to_file="LAP\Projects\LAO\Speakers\LAO(INF033)\Audio\LAO(INF033)3c\LAO(INF033)3c 03 Personal Characteristics.mp3"/>
	<entry id="1060330318" project="LAO" informant="INF033" reel="3c" region="4" narrative="_Q" label="Grettings and Salutations" state="OK" sex="M " age="49" age_level="2" education="3" town="Talihina" county="LeFlore" land_regions="D" locality="R" date="1962" file_name="LAO(INF033)3c 04 Grettings and Salutations.mp3" path_to_file="LAP\Projects\LAO\Speakers\LAO(INF033)\Audio\LAO(INF033)3c\LAO(INF033)3c 04 Grettings and Salutations.mp3"/>
	<entry id="1060330319" project="LAO" informant="INF033" reel="3c" region="5" narrative="_Q" label="Verbs_ Principal Parts" state="OK" sex="M " age="49" age_level="2" education="3" town="Talihina" county="LeFlore" land_regions="D" locality="R" date="1962" file_name="LAO(INF033)3c 05 Verbs_ Principal Parts.mp3" path_to_file="LAP\Projects\LAO\Speakers\LAO(INF033)\Audio\LAO(INF033)3c\LAO(INF033)3c 05 Verbs_ Principal Parts.mp3"/>
	<entry id="1060330320" project="LAO" informant="INF033" reel="3c" region="6" narrative="_Q" label="Business" state="OK" sex="M " age="49" age_level="2" education="3" town="Talihina" county="LeFlore" land_regions="D" locality="R" date="1962" file_name="LAO(INF033)3c 06 Business.mp3" path_to_file="LAP\Projects\LAO\Speakers\LAO(INF033)\Audio\LAO(INF033)3c\LAO(INF033)3c 06 Business.mp3"/>
	<entry id="1060330321" project="LAO" informant="INF033" reel="3c" region="7" narrative="_Q" label="Verbs_ Principal Parts" state="OK" sex="M " age="49" age_level="2" education="3" town="Talihina" county="LeFlore" land_regions="D" locality="R" date="1962" file_name="LAO(INF033)3c 07 Verbs_ Principal Parts.mp3" path_to_file="LAP\Projects\LAO\Speakers\LAO(INF033)\Audio\LAO(INF033)3c\LAO(INF033)3c 07 Verbs_ Principal Parts.mp3"/>
	<entry id="3060330303" project="LAO" informant="INF033" reel="3c" region="0" narrative="_I" label="Metadata" state="OK" sex="M " age="49" age_level="2" education="3" town="Talihina" county="LeFlore" land_regions="D" locality="R" date="1962" file_name="LAO(INF033)3cmeta.txt" path_to_file="LAP\Projects\LAO\Speakers\LAO(INF033)\Audio\LAO(INF033)3c\LAO(INF033)3cmeta.txt"/>
	<entry id="1060330401" project="LAO" informant="INF033" reel="4a" region="1" narrative="_Q" label="Dwellings" state="OK" sex="M " age="49" age_level="2" education="3" town="Talihina" county="LeFlore" land_regions="D" locality="R" date="1962" file_name="LAO(INF033)4a 01 Dwellings.mp3" path_to_file="LAP\Projects\LAO\Speakers\LAO(INF033)\Audio\LAO(INF033)4a\LAO(INF033)4a 01 Dwellings.mp3"/>
	<entry id="1060330402" project="LAO" informant="INF033" reel="4a" region="2" narrative="_Q" label="Time" state="OK" sex="M " age="49" age_level="2" education="3" town="Talihina" county="LeFlore" land_regions="D" locality="R" date="1962" file_name="LAO(INF033)4a 02 Time.mp3" path_to_file="LAP\Projects\LAO\Speakers\LAO(INF033)\Audio\LAO(INF033)4a\LAO(INF033)4a 02 Time.mp3"/>
	<entry id="1060330403" project="LAO" informant="INF033" reel="4a" region="3" narrative="_Q" label="Weather" state="OK" sex="M " age="49" age_level="2" education="3" town="Talihina" county="LeFlore" land_regions="D" locality="R" date="1962" file_name="LAO(INF033)4a 03 Weather.mp3" path_to_file="LAP\Projects\LAO\Speakers\LAO(INF033)\Audio\LAO(INF033)4a\LAO(INF033)4a 03 Weather.mp3"/>
	<entry id="1060330404" project="LAO" informant="INF033" reel="4a" region="4" narrative="_Q" label="Weather" state="OK" sex="M " age="49" age_level="2" education="3" town="Talihina" county="LeFlore" land_regions="D" locality="R" date="1962" file_name="LAO(INF033)4a 04 Weather.mp3" path_to_file="LAP\Projects\LAO\Speakers\LAO(INF033)\Audio\LAO(INF033)4a\LAO(INF033)4a 04 Weather.mp3"/>
	<entry id="1060330405" project="LAO" informant="INF033" reel="4a" region="5" narrative="_Q" label="Vehicles" state="OK" sex="M " age="49" age_level="2" education="3" town="Talihina" county="LeFlore" land_regions="D" locality="R" date="1962" file_name="LAO(INF033)4a 05 Vehicles.mp3" path_to_file="LAP\Projects\LAO\Speakers\LAO(INF033)\Audio\LAO(INF033)4a\LAO(INF033)4a 05 Vehicles.mp3"/>
	<entry id="1060330406" project="LAO" informant="INF033" reel="4a" region="6" narrative="_Q" label="Verbs_ Principal Parts" state="OK" sex="M " age="49" age_level="2" education="3" town="Talihina" county="LeFlore" land_regions="D" locality="R" date="1962" file_name="LAO(INF033)4a 06 Verbs_ Principal Parts.mp3" path_to_file="LAP\Projects\LAO\Speakers\LAO(INF033)\Audio\LAO(INF033)4a\LAO(INF033)4a 06 Verbs_ Principal Parts.mp3"/>
	<entry id="1060330407" project="LAO" informant="INF033" reel="4a" region="7" narrative="_Q" label="Pronouns" state="OK" sex="M " age="49" age_level="2" education="3" town="Talihina" county="LeFlore" land_regions="D" locality="R" date="1962" file_name="LAO(INF033)4a 07 Pronouns.mp3" path_to_file="LAP\Projects\LAO\Speakers\LAO(INF033)\Audio\LAO(INF033)4a\LAO(INF033)4a 07 Pronouns.mp3"/>
	<entry id="3060330401" project="LAO" informant="INF033" reel="4a" region="0" narrative="_I" label="Metadata" state="OK" sex="M " age="49" age_level="2" education="3" town="Talihina" county="LeFlore" land_regions="D" locality="R" date="1962" file_name="LAO(INF033)4ameta.txt" path_to_file="LAP\Projects\LAO\Speakers\LAO(INF033)\Audio\LAO(INF033)4a\LAO(INF033)4ameta.txt"/>
	<entry id="1060330408" project="LAO" informant="INF033" reel="4b" region="1" narrative="_Q" label="Pronouns" state="OK" sex="M " age="49" age_level="2" education="3" town="Talihina" county="LeFlore" land_regions="D" locality="R" date="1962" file_name="LAO(INF033)4b 01 Pronouns.mp3" path_to_file="LAP\Projects\LAO\Speakers\LAO(INF033)\Audio\LAO(INF033)4b\LAO(INF033)4b 01 Pronouns.mp3"/>
	<entry id="1060330409" project="LAO" informant="INF033" reel="4b" region="2" narrative="_Q" label="Food and Cooking" state="OK" sex="M " age="49" age_level="2" education="3" town="Talihina" county="LeFlore" land_regions="D" locality="R" date="1962" file_name="LAO(INF033)4b 02 Food and Cooking.mp3" path_to_file="LAP\Projects\LAO\Speakers\LAO(INF033)\Audio\LAO(INF033)4b\LAO(INF033)4b 02 Food and Cooking.mp3"/>
	<entry id="1060330410" project="LAO" informant="INF033" reel="4b" region="3" narrative="_Q" label="Geography" state="OK" sex="M " age="49" age_level="2" education="3" town="Talihina" county="LeFlore" land_regions="D" locality="R" date="1962" file_name="LAO(INF033)4b 03 Geography.mp3" path_to_file="LAP\Projects\LAO\Speakers\LAO(INF033)\Audio\LAO(INF033)4b\LAO(INF033)4b 03 Geography.mp3"/>
	<entry id="1060330411" project="LAO" informant="INF033" reel="4b" region="4" narrative="_Q" label="Geography" state="OK" sex="M " age="49" age_level="2" education="3" town="Talihina" county="LeFlore" land_regions="D" locality="R" date="1962" file_name="LAO(INF033)4b 04 Geography.mp3" path_to_file="LAP\Projects\LAO\Speakers\LAO(INF033)\Audio\LAO(INF033)4b\LAO(INF033)4b 04 Geography.mp3"/>
	<entry id="1060330412" project="LAO" informant="INF033" reel="4b" region="5" narrative="_Q" label="Family" state="OK" sex="M " age="49" age_level="2" education="3" town="Talihina" county="LeFlore" land_regions="D" locality="R" date="1962" file_name="LAO(INF033)4b 05 Family.mp3" path_to_file="LAP\Projects\LAO\Speakers\LAO(INF033)\Audio\LAO(INF033)4b\LAO(INF033)4b 05 Family.mp3"/>
	<entry id="3060330402" project="LAO" informant="INF033" reel="4b" region="0" narrative="_I" label="Metadata" state="OK" sex="M " age="49" age_level="2" education="3" town="Talihina" county="LeFlore" land_regions="D" locality="R" date="1962" file_name="LAO(INF033)4bmeta.txt" path_to_file="LAP\Projects\LAO\Speakers\LAO(INF033)\Audio\LAO(INF033)4b\LAO(INF033)4bmeta.txt"/>
	<entry id="3060330001" project="LAO" informant="INF033" reel="0" region="0" narrative="_I" label="Biographical Information" state="OK" sex="M " age="49" age_level="2" education="3" town="Talihina" county="LeFlore" land_regions="D" locality="R" date="1962" file_name="LAO(INF033)BIO.txt" path_to_file="LAP\Projects\LAO\Speakers\LAO(INF033)\Text\LAO(INF033)BIO.txt"/>
</Audio>