<?xml version="1.0" encoding="UTF-8" standalone="yes"?>
<Audio>
	<entry id="1060340101" project="LAO" informant="INF034" reel="1a" region="1" narrative="_N" label="Social Relations" state="OK" sex="M " age="48" age_level="2" education="3" town="Stigler" county="Hashell" land_regions="D" locality="R" date="1962" file_name="LAO(INF034)1a 01 Social Relations_N.mp3" path_to_file="LAP\Projects\LAO\Speakers\LAO(INF034)\Audio\LAO(INF034)1a\LAO(INF034)1a 01 Social Relations_N.mp3"/>
	<entry id="1060340102" project="LAO" informant="INF034" reel="1a" region="2" narrative="_N" label="Public Institutions" state="OK" sex="M " age="48" age_level="2" education="3" town="Stigler" county="Hashell" land_regions="D" locality="R" date="1962" file_name="LAO(INF034)1a 02 Public Institutions_N.mp3" path_to_file="LAP\Projects\LAO\Speakers\LAO(INF034)\Audio\LAO(INF034)1a\LAO(INF034)1a 02 Public Institutions_N.mp3"/>
	<entry id="1060340103" project="LAO" informant="INF034" reel="1a" region="3" narrative="_N" label="Public Institutions" state="OK" sex="M " age="48" age_level="2" education="3" town="Stigler" county="Hashell" land_regions="D" locality="R" date="1962" file_name="LAO(INF034)1a 03 Public Institutions_N.mp3" path_to_file="LAP\Projects\LAO\Speakers\LAO(INF034)\Audio\LAO(INF034)1a\LAO(INF034)1a 03 Public Institutions_N.mp3"/>
	<entry id="1060340104" project="LAO" informant="INF034" reel="1a" region="4" narrative="_N" label="Domestic Animals" state="OK" sex="M " age="48" age_level="2" education="3" town="Stigler" county="Hashell" land_regions="D" locality="R" date="1962" file_name="LAO(INF034)1a 04 Domestic Animals_N.mp3" path_to_file="LAP\Projects\LAO\Speakers\LAO(INF034)\Audio\LAO(INF034)1a\LAO(INF034)1a 04 Domestic Animals_N.mp3"/>
	<entry id="1060340105" project="LAO" informant="INF034" reel="1a" region="5" narrative="_N" label="Social Relations" state="OK" sex="M " age="48" age_level="2" education="3" town="Stigler" county="Hashell" land_regions="D" locality="R" date="1962" file_name="LAO(INF034)1a 05 Social Relations_N.mp3" path_to_file="LAP\Projects\LAO\Speakers\LAO(INF034)\Audio\LAO(INF034)1a\LAO(INF034)1a 05 Social Relations_N.mp3"/>
	<entry id="1060340106" project="LAO" informant="INF034" reel="1a" region="6" narrative="_N" label="Social Relations" state="OK" sex="M " age="48" age_level="2" education="3" town="Stigler" county="Hashell" land_regions="D" locality="R" date="1962" file_name="LAO(INF034)1a 06 Social Relations_N.mp3" path_to_file="LAP\Projects\LAO\Speakers\LAO(INF034)\Audio\LAO(INF034)1a\LAO(INF034)1a 06 Social Relations_N.mp3"/>
	<entry id="1060340107" project="LAO" informant="INF034" reel="1a" region="7" narrative="_Q" label="Dwellings" state="OK" sex="M " age="48" age_level="2" education="3" town="Stigler" county="Hashell" land_regions="D" locality="R" date="1962" file_name="LAO(INF034)1a 07 Dwellings.mp3" path_to_file="LAP\Projects\LAO\Speakers\LAO(INF034)\Audio\LAO(INF034)1a\LAO(INF034)1a 07 Dwellings.mp3"/>
	<entry id="3060340101" project="LAO" informant="INF034" reel="1a" region="0" narrative="_I" label="Metadata" state="OK" sex="M " age="48" age_level="2" education="3" town="Stigler" county="Hashell" land_regions="D" locality="R" date="1962" file_name="LAO(INF034)1ameta.txt" path_to_file="LAP\Projects\LAO\Speakers\LAO(INF034)\Audio\LAO(INF034)1a\LAO(INF034)1ameta.txt"/>
	<entry id="1060340108" project="LAO" informant="INF034" reel="1b" region="1" narrative="_Q" label="Dwellings" state="OK" sex="M " age="48" age_level="2" education="3" town="Stigler" county="Hashell" land_regions="D" locality="R" date="1962" file_name="LAO(INF034)1b 01 Dwellings.mp3" path_to_file="LAP\Projects\LAO\Speakers\LAO(INF034)\Audio\LAO(INF034)1b\LAO(INF034)1b 01 Dwellings.mp3"/>
	<entry id="1060340109" project="LAO" informant="INF034" reel="1b" region="2" narrative="_Q" label="Dwellings" state="OK" sex="M " age="48" age_level="2" education="3" town="Stigler" county="Hashell" land_regions="D" locality="R" date="1962" file_name="LAO(INF034)1b 02 Dwellings.mp3" path_to_file="LAP\Projects\LAO\Speakers\LAO(INF034)\Audio\LAO(INF034)1b\LAO(INF034)1b 02 Dwellings.mp3"/>
	<entry id="1060340110" project="LAO" informant="INF034" reel="1b" region="3" narrative="_Q" label="Names, Titles and Occupations" state="OK" sex="M " age="48" age_level="2" education="3" town="Stigler" county="Hashell" land_regions="D" locality="R" date="1962" file_name="LAO(INF034)1b 03 Names, Titles and Occupations.mp3" path_to_file="LAP\Projects\LAO\Speakers\LAO(INF034)\Audio\LAO(INF034)1b\LAO(INF034)1b 03 Names, Titles and Occupations.mp3"/>
	<entry id="1060340111" project="LAO" informant="INF034" reel="1b" region="4" narrative="_N" label="Dwellings" state="OK" sex="M " age="48" age_level="2" education="3" town="Stigler" county="Hashell" land_regions="D" locality="R" date="1962" file_name="LAO(INF034)1b 04 Dwellings_N.mp3" path_to_file="LAP\Projects\LAO\Speakers\LAO(INF034)\Audio\LAO(INF034)1b\LAO(INF034)1b 04 Dwellings_N.mp3"/>
	<entry id="1060340112" project="LAO" informant="INF034" reel="1b" region="5" narrative="_Q" label="Dwellings" state="OK" sex="M " age="48" age_level="2" education="3" town="Stigler" county="Hashell" land_regions="D" locality="R" date="1962" file_name="LAO(INF034)1b 05 Dwellings.mp3" path_to_file="LAP\Projects\LAO\Speakers\LAO(INF034)\Audio\LAO(INF034)1b\LAO(INF034)1b 05 Dwellings.mp3"/>
	<entry id="1060340113" project="LAO" informant="INF034" reel="1b" region="6" narrative="_Q" label="Dwellings" state="OK" sex="M " age="48" age_level="2" education="3" town="Stigler" county="Hashell" land_regions="D" locality="R" date="1962" file_name="LAO(INF034)1b 06 Dwellings.mp3" path_to_file="LAP\Projects\LAO\Speakers\LAO(INF034)\Audio\LAO(INF034)1b\LAO(INF034)1b 06 Dwellings.mp3"/>
	<entry id="1060340114" project="LAO" informant="INF034" reel="1b" region="7" narrative="_N" label="Public Institutions" state="OK" sex="M " age="48" age_level="2" education="3" town="Stigler" county="Hashell" land_regions="D" locality="R" date="1962" file_name="LAO(INF034)1b 07 Public Institutions_N.mp3" path_to_file="LAP\Projects\LAO\Speakers\LAO(INF034)\Audio\LAO(INF034)1b\LAO(INF034)1b 07 Public Institutions_N.mp3"/>
	<entry id="3060340102" project="LAO" informant="INF034" reel="1b" region="0" narrative="_I" label="Metadata" state="OK" sex="M " age="48" age_level="2" education="3" town="Stigler" county="Hashell" land_regions="D" locality="R" date="1962" file_name="LAO(INF034)1bmeta.txt" path_to_file="LAP\Projects\LAO\Speakers\LAO(INF034)\Audio\LAO(INF034)1b\LAO(INF034)1bmeta.txt"/>
	<entry id="1060340115" project="LAO" informant="INF034" reel="1c" region="1" narrative="_N" label="Public Institutions" state="OK" sex="M " age="48" age_level="2" education="3" town="Stigler" county="Hashell" land_regions="D" locality="R" date="1962" file_name="LAO(INF034)1c 01 Public Institutions_N.mp3" path_to_file="LAP\Projects\LAO\Speakers\LAO(INF034)\Audio\LAO(INF034)1c\LAO(INF034)1c 01 Public Institutions_N.mp3"/>
	<entry id="1060340116" project="LAO" informant="INF034" reel="1c" region="2" narrative="_N" label="Public Institutions" state="OK" sex="M " age="48" age_level="2" education="3" town="Stigler" county="Hashell" land_regions="D" locality="R" date="1962" file_name="LAO(INF034)1c 02 Public Institutions_N.mp3" path_to_file="LAP\Projects\LAO\Speakers\LAO(INF034)\Audio\LAO(INF034)1c\LAO(INF034)1c 02 Public Institutions_N.mp3"/>
	<entry id="1060340117" project="LAO" informant="INF034" reel="1c" region="3" narrative="_N" label="Social Relations" state="OK" sex="M " age="48" age_level="2" education="3" town="Stigler" county="Hashell" land_regions="D" locality="R" date="1962" file_name="LAO(INF034)1c 03 Social Relations_N.mp3" path_to_file="LAP\Projects\LAO\Speakers\LAO(INF034)\Audio\LAO(INF034)1c\LAO(INF034)1c 03 Social Relations_N.mp3"/>
	<entry id="1060340118" project="LAO" informant="INF034" reel="1c" region="4" narrative="_Q" label="Social Relations" state="OK" sex="M " age="48" age_level="2" education="3" town="Stigler" county="Hashell" land_regions="D" locality="R" date="1962" file_name="LAO(INF034)1c 04 Social Relations.mp3" path_to_file="LAP\Projects\LAO\Speakers\LAO(INF034)\Audio\LAO(INF034)1c\LAO(INF034)1c 04 Social Relations.mp3"/>
	<entry id="1060340119" project="LAO" informant="INF034" reel="1c" region="5" narrative="_N" label="Dwellings" state="OK" sex="M " age="48" age_level="2" education="3" town="Stigler" county="Hashell" land_regions="D" locality="R" date="1962" file_name="LAO(INF034)1c 05 Dwellings_N.mp3" path_to_file="LAP\Projects\LAO\Speakers\LAO(INF034)\Audio\LAO(INF034)1c\LAO(INF034)1c 05 Dwellings_N.mp3"/>
	<entry id="1060340120" project="LAO" informant="INF034" reel="1c" region="6" narrative="_N" label="Illness and Death" state="OK" sex="M " age="48" age_level="2" education="3" town="Stigler" county="Hashell" land_regions="D" locality="R" date="1962" file_name="LAO(INF034)1c 06 Illness and Death_N.mp3" path_to_file="LAP\Projects\LAO\Speakers\LAO(INF034)\Audio\LAO(INF034)1c\LAO(INF034)1c 06 Illness and Death_N.mp3"/>
	<entry id="1060340121" project="LAO" informant="INF034" reel="1c" region="7" narrative="_N" label="Names, Titles and Occupations" state="OK" sex="M " age="48" age_level="2" education="3" town="Stigler" county="Hashell" land_regions="D" locality="R" date="1962" file_name="LAO(INF034)1c 07 Names, Titles and Occupations_N.mp3" path_to_file="LAP\Projects\LAO\Speakers\LAO(INF034)\Audio\LAO(INF034)1c\LAO(INF034)1c 07 Names, Titles and Occupations_N.mp3"/>
	<entry id="3060340103" project="LAO" informant="INF034" reel="1c" region="0" narrative="_I" label="Metadata" state="OK" sex="M " age="48" age_level="2" education="3" town="Stigler" county="Hashell" land_regions="D" locality="R" date="1962" file_name="LAO(INF034)1cmeta.txt" path_to_file="LAP\Projects\LAO\Speakers\LAO(INF034)\Audio\LAO(INF034)1c\LAO(INF034)1cmeta.txt"/>
	<entry id="1060340201" project="LAO" informant="INF034" reel="2a" region="1" narrative="_N" label="Business" state="OK" sex="M " age="48" age_level="2" education="3" town="Stigler" county="Hashell" land_regions="D" locality="R" date="1962" file_name="LAO(INF034)2a 01 Business_N.mp3" path_to_file="LAP\Projects\LAO\Speakers\LAO(INF034)\Audio\LAO(INF034)2a\LAO(INF034)2a 01 Business_N.mp3"/>
	<entry id="1060340202" project="LAO" informant="INF034" reel="2a" region="2" narrative="_N" label="Business" state="OK" sex="M " age="48" age_level="2" education="3" town="Stigler" county="Hashell" land_regions="D" locality="R" date="1962" file_name="LAO(INF034)2a 02 Business_N.mp3" path_to_file="LAP\Projects\LAO\Speakers\LAO(INF034)\Audio\LAO(INF034)2a\LAO(INF034)2a 02 Business_N.mp3"/>
	<entry id="1060340203" project="LAO" informant="INF034" reel="2a" region="3" narrative="_N" label="Business" state="OK" sex="M " age="48" age_level="2" education="3" town="Stigler" county="Hashell" land_regions="D" locality="R" date="1962" file_name="LAO(INF034)2a 03 Business_N.mp3" path_to_file="LAP\Projects\LAO\Speakers\LAO(INF034)\Audio\LAO(INF034)2a\LAO(INF034)2a 03 Business_N.mp3"/>
	<entry id="1060340204" project="LAO" informant="INF034" reel="2a" region="4" narrative="_N" label="Business" state="OK" sex="M " age="48" age_level="2" education="3" town="Stigler" county="Hashell" land_regions="D" locality="R" date="1962" file_name="LAO(INF034)2a 04 Business_N.mp3" path_to_file="LAP\Projects\LAO\Speakers\LAO(INF034)\Audio\LAO(INF034)2a\LAO(INF034)2a 04 Business_N.mp3"/>
	<entry id="1060340205" project="LAO" informant="INF034" reel="2a" region="5" narrative="_N" label="Vehicles" state="OK" sex="M " age="48" age_level="2" education="3" town="Stigler" county="Hashell" land_regions="D" locality="R" date="1962" file_name="LAO(INF034)2a 05 Vehicles_N.mp3" path_to_file="LAP\Projects\LAO\Speakers\LAO(INF034)\Audio\LAO(INF034)2a\LAO(INF034)2a 05 Vehicles_N.mp3"/>
	<entry id="1060340206" project="LAO" informant="INF034" reel="2a" region="6" narrative="_N" label="Dwellings" state="OK" sex="M " age="48" age_level="2" education="3" town="Stigler" county="Hashell" land_regions="D" locality="R" date="1962" file_name="LAO(INF034)2a 06 Dwellings_N.mp3" path_to_file="LAP\Projects\LAO\Speakers\LAO(INF034)\Audio\LAO(INF034)2a\LAO(INF034)2a 06 Dwellings_N.mp3"/>
	<entry id="1060340207" project="LAO" informant="INF034" reel="2a" region="7" narrative="_N" label="Dwellings" state="OK" sex="M " age="48" age_level="2" education="3" town="Stigler" county="Hashell" land_regions="D" locality="R" date="1962" file_name="LAO(INF034)2a 07 Dwellings_N.mp3" path_to_file="LAP\Projects\LAO\Speakers\LAO(INF034)\Audio\LAO(INF034)2a\LAO(INF034)2a 07 Dwellings_N.mp3"/>
	<entry id="3060340201" project="LAO" informant="INF034" reel="2a" region="0" narrative="_I" label="Metadata" state="OK" sex="M " age="48" age_level="2" education="3" town="Stigler" county="Hashell" land_regions="D" locality="R" date="1962" file_name="LAO(INF034)2ameta.txt" path_to_file="LAP\Projects\LAO\Speakers\LAO(INF034)\Audio\LAO(INF034)2a\LAO(INF034)2ameta.txt"/>
	<entry id="1060340208" project="LAO" informant="INF034" reel="2b" region="1" narrative="_N" label="Agriculture" state="OK" sex="M " age="48" age_level="2" education="3" town="Stigler" county="Hashell" land_regions="D" locality="R" date="1962" file_name="LAO(INF034)2b 01 Agriculture_N.mp3" path_to_file="LAP\Projects\LAO\Speakers\LAO(INF034)\Audio\LAO(INF034)2b\LAO(INF034)2b 01 Agriculture_N.mp3"/>
	<entry id="1060340209" project="LAO" informant="INF034" reel="2b" region="2" narrative="_N" label="Doemstic Animals" state="OK" sex="M " age="48" age_level="2" education="3" town="Stigler" county="Hashell" land_regions="D" locality="R" date="1962" file_name="LAO(INF034)2b 02 Doemstic Animals_N.mp3" path_to_file="LAP\Projects\LAO\Speakers\LAO(INF034)\Audio\LAO(INF034)2b\LAO(INF034)2b 02 Doemstic Animals_N.mp3"/>
	<entry id="1060340210" project="LAO" informant="INF034" reel="2b" region="3" narrative="_N" label="Social Relations" state="OK" sex="M " age="48" age_level="2" education="3" town="Stigler" county="Hashell" land_regions="D" locality="R" date="1962" file_name="LAO(INF034)2b 03 Social Relations_N.mp3" path_to_file="LAP\Projects\LAO\Speakers\LAO(INF034)\Audio\LAO(INF034)2b\LAO(INF034)2b 03 Social Relations_N.mp3"/>
	<entry id="1060340211" project="LAO" informant="INF034" reel="2b" region="4" narrative="_N" label="Business" state="OK" sex="M " age="48" age_level="2" education="3" town="Stigler" county="Hashell" land_regions="D" locality="R" date="1962" file_name="LAO(INF034)2b 04 Business_N.mp3" path_to_file="LAP\Projects\LAO\Speakers\LAO(INF034)\Audio\LAO(INF034)2b\LAO(INF034)2b 04 Business_N.mp3"/>
	<entry id="1060340212" project="LAO" informant="INF034" reel="2b" region="5" narrative="_N" label="Business" state="OK" sex="M " age="48" age_level="2" education="3" town="Stigler" county="Hashell" land_regions="D" locality="R" date="1962" file_name="LAO(INF034)2b 05 Business_N.mp3" path_to_file="LAP\Projects\LAO\Speakers\LAO(INF034)\Audio\LAO(INF034)2b\LAO(INF034)2b 05 Business_N.mp3"/>
	<entry id="1060340213" project="LAO" informant="INF034" reel="2b" region="6" narrative="_N" label="Business" state="OK" sex="M " age="48" age_level="2" education="3" town="Stigler" county="Hashell" land_regions="D" locality="R" date="1962" file_name="LAO(INF034)2b 06 Business_N.mp3" path_to_file="LAP\Projects\LAO\Speakers\LAO(INF034)\Audio\LAO(INF034)2b\LAO(INF034)2b 06 Business_N.mp3"/>
	<entry id="1060340214" project="LAO" informant="INF034" reel="2b" region="7" narrative="_N" label="Business" state="OK" sex="M " age="48" age_level="2" education="3" town="Stigler" county="Hashell" land_regions="D" locality="R" date="1962" file_name="LAO(INF034)2b 07 Business_N.mp3" path_to_file="LAP\Projects\LAO\Speakers\LAO(INF034)\Audio\LAO(INF034)2b\LAO(INF034)2b 07 Business_N.mp3"/>
	<entry id="3060340202" project="LAO" informant="INF034" reel="2b" region="0" narrative="_I" label="Metadata" state="OK" sex="M " age="48" age_level="2" education="3" town="Stigler" county="Hashell" land_regions="D" locality="R" date="1962" file_name="LAO(INF034)2bmeta.txt" path_to_file="LAP\Projects\LAO\Speakers\LAO(INF034)\Audio\LAO(INF034)2b\LAO(INF034)2bmeta.txt"/>
	<entry id="1060340215" project="LAO" informant="INF034" reel="2c" region="1" narrative="_N" label="Business" state="OK" sex="M " age="48" age_level="2" education="3" town="Stigler" county="Hashell" land_regions="D" locality="R" date="1962" file_name="LAO(INF034)2c 01 Business_N.mp3" path_to_file="LAP\Projects\LAO\Speakers\LAO(INF034)\Audio\LAO(INF034)2c\LAO(INF034)2c 01 Business_N.mp3"/>
	<entry id="1060340216" project="LAO" informant="INF034" reel="2c" region="2" narrative="_N" label="Business" state="OK" sex="M " age="48" age_level="2" education="3" town="Stigler" county="Hashell" land_regions="D" locality="R" date="1962" file_name="LAO(INF034)2c 02 Business_N.mp3" path_to_file="LAP\Projects\LAO\Speakers\LAO(INF034)\Audio\LAO(INF034)2c\LAO(INF034)2c 02 Business_N.mp3"/>
	<entry id="1060340217" project="LAO" informant="INF034" reel="2c" region="3" narrative="_N" label="Business" state="OK" sex="M " age="48" age_level="2" education="3" town="Stigler" county="Hashell" land_regions="D" locality="R" date="1962" file_name="LAO(INF034)2c 03 Business_N.mp3" path_to_file="LAP\Projects\LAO\Speakers\LAO(INF034)\Audio\LAO(INF034)2c\LAO(INF034)2c 03 Business_N.mp3"/>
	<entry id="3060340203" project="LAO" informant="INF034" reel="2c" region="0" narrative="_I" label="Metadata" state="OK" sex="M " age="48" age_level="2" education="3" town="Stigler" county="Hashell" land_regions="D" locality="R" date="1962" file_name="LAO(INF034)2cmeta.txt" path_to_file="LAP\Projects\LAO\Speakers\LAO(INF034)\Audio\LAO(INF034)2c\LAO(INF034)2cmeta.txt"/>
	<entry id="1060340301" project="LAO" informant="INF034" reel="3a" region="1" narrative="_Q" label="Public Institutions" state="OK" sex="M " age="48" age_level="2" education="3" town="Stigler" county="Hashell" land_regions="D" locality="R" date="1962" file_name="LAO(INF034)3a 01 Public Institutions.mp3" path_to_file="LAP\Projects\LAO\Speakers\LAO(INF034)\Audio\LAO(INF034)3a\LAO(INF034)3a 01 Public Institutions.mp3"/>
	<entry id="1060340302" project="LAO" informant="INF034" reel="3a" region="2" narrative="_N" label="The Farm" state="OK" sex="M " age="48" age_level="2" education="3" town="Stigler" county="Hashell" land_regions="D" locality="R" date="1962" file_name="LAO(INF034)3a 02 The Farm_N.mp3" path_to_file="LAP\Projects\LAO\Speakers\LAO(INF034)\Audio\LAO(INF034)3a\LAO(INF034)3a 02 The Farm_N.mp3"/>
	<entry id="1060340303" project="LAO" informant="INF034" reel="3a" region="3" narrative="_Q" label="The Farm" state="OK" sex="M " age="48" age_level="2" education="3" town="Stigler" county="Hashell" land_regions="D" locality="R" date="1962" file_name="LAO(INF034)3a 03 The Farm.mp3" path_to_file="LAP\Projects\LAO\Speakers\LAO(INF034)\Audio\LAO(INF034)3a\LAO(INF034)3a 03 The Farm.mp3"/>
	<entry id="1060340304" project="LAO" informant="INF034" reel="3a" region="4" narrative="_Q" label="The Farm" state="OK" sex="M " age="48" age_level="2" education="3" town="Stigler" county="Hashell" land_regions="D" locality="R" date="1962" file_name="LAO(INF034)3a 04 The Farm.mp3" path_to_file="LAP\Projects\LAO\Speakers\LAO(INF034)\Audio\LAO(INF034)3a\LAO(INF034)3a 04 The Farm.mp3"/>
	<entry id="1060340305" project="LAO" informant="INF034" reel="3a" region="5" narrative="_Q" label="Containers and Utensils" state="OK" sex="M " age="48" age_level="2" education="3" town="Stigler" county="Hashell" land_regions="D" locality="R" date="1962" file_name="LAO(INF034)3a 05 Containers and Utensils.mp3" path_to_file="LAP\Projects\LAO\Speakers\LAO(INF034)\Audio\LAO(INF034)3a\LAO(INF034)3a 05 Containers and Utensils.mp3"/>
	<entry id="1060340306" project="LAO" informant="INF034" reel="3a" region="6" narrative="_Q" label="Public Institutions" state="OK" sex="M " age="48" age_level="2" education="3" town="Stigler" county="Hashell" land_regions="D" locality="R" date="1962" file_name="LAO(INF034)3a 06 Public Institutions.mp3" path_to_file="LAP\Projects\LAO\Speakers\LAO(INF034)\Audio\LAO(INF034)3a\LAO(INF034)3a 06 Public Institutions.mp3"/>
	<entry id="1060340307" project="LAO" informant="INF034" reel="3a" region="7" narrative="_Q" label="Business" state="OK" sex="M " age="48" age_level="2" education="3" town="Stigler" county="Hashell" land_regions="D" locality="R" date="1962" file_name="LAO(INF034)3a 07 Business.mp3" path_to_file="LAP\Projects\LAO\Speakers\LAO(INF034)\Audio\LAO(INF034)3a\LAO(INF034)3a 07 Business.mp3"/>
	<entry id="3060340301" project="LAO" informant="INF034" reel="3a" region="0" narrative="_I" label="Metadata" state="OK" sex="M " age="48" age_level="2" education="3" town="Stigler" county="Hashell" land_regions="D" locality="R" date="1962" file_name="LAO(INF034)3ameta.txt" path_to_file="LAP\Projects\LAO\Speakers\LAO(INF034)\Audio\LAO(INF034)3a\LAO(INF034)3ameta.txt"/>
	<entry id="1060340308" project="LAO" informant="INF034" reel="3b" region="1" narrative="_Q" label="Domestic Animals" state="OK" sex="M " age="48" age_level="2" education="3" town="Stigler" county="Hashell" land_regions="D" locality="R" date="1962" file_name="LAO(INF034)3b 01 Domestic Animals.mp3" path_to_file="LAP\Projects\LAO\Speakers\LAO(INF034)\Audio\LAO(INF034)3b\LAO(INF034)3b 01 Domestic Animals.mp3"/>
	<entry id="1060340309" project="LAO" informant="INF034" reel="3b" region="2" narrative="_Q" label="Vehicles" state="OK" sex="M " age="48" age_level="2" education="3" town="Stigler" county="Hashell" land_regions="D" locality="R" date="1962" file_name="LAO(INF034)3b 02 Vehicles.mp3" path_to_file="LAP\Projects\LAO\Speakers\LAO(INF034)\Audio\LAO(INF034)3b\LAO(INF034)3b 02 Vehicles.mp3"/>
	<entry id="1060340310" project="LAO" informant="INF034" reel="3b" region="3" narrative="_Q" label="Dwellings" state="OK" sex="M " age="48" age_level="2" education="3" town="Stigler" county="Hashell" land_regions="D" locality="R" date="1962" file_name="LAO(INF034)3b 03 Dwellings.mp3" path_to_file="LAP\Projects\LAO\Speakers\LAO(INF034)\Audio\LAO(INF034)3b\LAO(INF034)3b 03 Dwellings.mp3"/>
	<entry id="1060340311" project="LAO" informant="INF034" reel="3b" region="4" narrative="_Q" label="Clothing" state="OK" sex="M " age="48" age_level="2" education="3" town="Stigler" county="Hashell" land_regions="D" locality="R" date="1962" file_name="LAO(INF034)3b 04 Clothing.mp3" path_to_file="LAP\Projects\LAO\Speakers\LAO(INF034)\Audio\LAO(INF034)3b\LAO(INF034)3b 04 Clothing.mp3"/>
	<entry id="1060340312" project="LAO" informant="INF034" reel="3b" region="5" narrative="_Q" label="Clothing" state="OK" sex="M " age="48" age_level="2" education="3" town="Stigler" county="Hashell" land_regions="D" locality="R" date="1962" file_name="LAO(INF034)3b 05 Clothing.mp3" path_to_file="LAP\Projects\LAO\Speakers\LAO(INF034)\Audio\LAO(INF034)3b\LAO(INF034)3b 05 Clothing.mp3"/>
	<entry id="1060340313" project="LAO" informant="INF034" reel="3b" region="6" narrative="_Q" label="Topography" state="OK" sex="M " age="48" age_level="2" education="3" town="Stigler" county="Hashell" land_regions="D" locality="R" date="1962" file_name="LAO(INF034)3b 06 Topography.mp3" path_to_file="LAP\Projects\LAO\Speakers\LAO(INF034)\Audio\LAO(INF034)3b\LAO(INF034)3b 06 Topography.mp3"/>
	<entry id="1060340314" project="LAO" informant="INF034" reel="3b" region="7" narrative="_Q" label="Topography" state="OK" sex="M " age="48" age_level="2" education="3" town="Stigler" county="Hashell" land_regions="D" locality="R" date="1962" file_name="LAO(INF034)3b 07 Topography.mp3" path_to_file="LAP\Projects\LAO\Speakers\LAO(INF034)\Audio\LAO(INF034)3b\LAO(INF034)3b 07 Topography.mp3"/>
	<entry id="3060340302" project="LAO" informant="INF034" reel="3b" region="0" narrative="_I" label="Metadata" state="OK" sex="M " age="48" age_level="2" education="3" town="Stigler" county="Hashell" land_regions="D" locality="R" date="1962" file_name="LAO(INF034)3bmeta.txt" path_to_file="LAP\Projects\LAO\Speakers\LAO(INF034)\Audio\LAO(INF034)3b\LAO(INF034)3bmeta.txt"/>
	<entry id="1060340315" project="LAO" informant="INF034" reel="3c" region="1" narrative="_Q" label="Domestic Animals" state="OK" sex="M " age="48" age_level="2" education="3" town="Stigler" county="Hashell" land_regions="D" locality="R" date="1962" file_name="LAO(INF034)3c 01 Domestic Animals.mp3" path_to_file="LAP\Projects\LAO\Speakers\LAO(INF034)\Audio\LAO(INF034)3c\LAO(INF034)3c 01 Domestic Animals.mp3"/>
	<entry id="1060340316" project="LAO" informant="INF034" reel="3c" region="2" narrative="_Q" label="Containers and Utensils" state="OK" sex="M " age="48" age_level="2" education="3" town="Stigler" county="Hashell" land_regions="D" locality="R" date="1962" file_name="LAO(INF034)3c 02 Containers and Utensils.mp3" path_to_file="LAP\Projects\LAO\Speakers\LAO(INF034)\Audio\LAO(INF034)3c\LAO(INF034)3c 02 Containers and Utensils.mp3"/>
	<entry id="1060340317" project="LAO" informant="INF034" reel="3c" region="3" narrative="_Q" label="Calls to Animals" state="OK" sex="M " age="48" age_level="2" education="3" town="Stigler" county="Hashell" land_regions="D" locality="R" date="1962" file_name="LAO(INF034)3c 03 Calls to Animals.mp3" path_to_file="LAP\Projects\LAO\Speakers\LAO(INF034)\Audio\LAO(INF034)3c\LAO(INF034)3c 03 Calls to Animals.mp3"/>
	<entry id="1060340318" project="LAO" informant="INF034" reel="3c" region="4" narrative="_Q" label="Agriculture" state="OK" sex="M " age="48" age_level="2" education="3" town="Stigler" county="Hashell" land_regions="D" locality="R" date="1962" file_name="LAO(INF034)3c 04 Agriculture.mp3" path_to_file="LAP\Projects\LAO\Speakers\LAO(INF034)\Audio\LAO(INF034)3c\LAO(INF034)3c 04 Agriculture.mp3"/>
	<entry id="1060340319" project="LAO" informant="INF034" reel="3c" region="5" narrative="_Q" label="Agriculture" state="OK" sex="M " age="48" age_level="2" education="3" town="Stigler" county="Hashell" land_regions="D" locality="R" date="1962" file_name="LAO(INF034)3c 05 Agriculture.mp3" path_to_file="LAP\Projects\LAO\Speakers\LAO(INF034)\Audio\LAO(INF034)3c\LAO(INF034)3c 05 Agriculture.mp3"/>
	<entry id="1060340320" project="LAO" informant="INF034" reel="3c" region="6" narrative="_Q" label="Food and Cooking" state="OK" sex="M " age="48" age_level="2" education="3" town="Stigler" county="Hashell" land_regions="D" locality="R" date="1962" file_name="LAO(INF034)3c 06 Food and Cooking.mp3" path_to_file="LAP\Projects\LAO\Speakers\LAO(INF034)\Audio\LAO(INF034)3c\LAO(INF034)3c 06 Food and Cooking.mp3"/>
	<entry id="1060340321" project="LAO" informant="INF034" reel="3c" region="7" narrative="_Q" label="Food and Cooking" state="OK" sex="M " age="48" age_level="2" education="3" town="Stigler" county="Hashell" land_regions="D" locality="R" date="1962" file_name="LAO(INF034)3c 07 Food and Cooking.mp3" path_to_file="LAP\Projects\LAO\Speakers\LAO(INF034)\Audio\LAO(INF034)3c\LAO(INF034)3c 07 Food and Cooking.mp3"/>
	<entry id="1060340322" project="LAO" informant="INF034" reel="3c" region="8" narrative="_Q" label="Food and Cooking" state="OK" sex="M " age="48" age_level="2" education="3" town="Stigler" county="Hashell" land_regions="D" locality="R" date="1962" file_name="LAO(INF034)3c 08 Food and Cooking.mp3" path_to_file="LAP\Projects\LAO\Speakers\LAO(INF034)\Audio\LAO(INF034)3c\LAO(INF034)3c 08 Food and Cooking.mp3"/>
	<entry id="3060340303" project="LAO" informant="INF034" reel="3c" region="0" narrative="_I" label="Metadata" state="OK" sex="M " age="48" age_level="2" education="3" town="Stigler" county="Hashell" land_regions="D" locality="R" date="1962" file_name="LAO(INF034)3cmeta.txt" path_to_file="LAP\Projects\LAO\Speakers\LAO(INF034)\Audio\LAO(INF034)3c\LAO(INF034)3cmeta.txt"/>
	<entry id="1060340401" project="LAO" informant="INF034" reel="4a" region="1" narrative="_Q" label="Food and Cooking" state="OK" sex="M " age="48" age_level="2" education="3" town="Stigler" county="Hashell" land_regions="D" locality="R" date="1962" file_name="LAO(INF034)4a 01 Food and Cooking.mp3" path_to_file="LAP\Projects\LAO\Speakers\LAO(INF034)\Audio\LAO(INF034)4a\LAO(INF034)4a 01 Food and Cooking.mp3"/>
	<entry id="1060340402" project="LAO" informant="INF034" reel="4a" region="2" narrative="_Q" label="Vegetables" state="OK" sex="M " age="48" age_level="2" education="3" town="Stigler" county="Hashell" land_regions="D" locality="R" date="1962" file_name="LAO(INF034)4a 02 Vegetables.mp3" path_to_file="LAP\Projects\LAO\Speakers\LAO(INF034)\Audio\LAO(INF034)4a\LAO(INF034)4a 02 Vegetables.mp3"/>
	<entry id="1060340403" project="LAO" informant="INF034" reel="4a" region="3" narrative="_Q" label="Vegetables" state="OK" sex="M " age="48" age_level="2" education="3" town="Stigler" county="Hashell" land_regions="D" locality="R" date="1962" file_name="LAO(INF034)4a 03 Vegetables.mp3" path_to_file="LAP\Projects\LAO\Speakers\LAO(INF034)\Audio\LAO(INF034)4a\LAO(INF034)4a 03 Vegetables.mp3"/>
	<entry id="1060340404" project="LAO" informant="INF034" reel="4a" region="4" narrative="_Q" label="Vegetables" state="OK" sex="M " age="48" age_level="2" education="3" town="Stigler" county="Hashell" land_regions="D" locality="R" date="1962" file_name="LAO(INF034)4a 04 Vegetables.mp3" path_to_file="LAP\Projects\LAO\Speakers\LAO(INF034)\Audio\LAO(INF034)4a\LAO(INF034)4a 04 Vegetables.mp3"/>
	<entry id="1060340405" project="LAO" informant="INF034" reel="4a" region="5" narrative="_Q" label="Wild Animals" state="OK" sex="M " age="48" age_level="2" education="3" town="Stigler" county="Hashell" land_regions="D" locality="R" date="1962" file_name="LAO(INF034)4a 05 Wild Animals.mp3" path_to_file="LAP\Projects\LAO\Speakers\LAO(INF034)\Audio\LAO(INF034)4a\LAO(INF034)4a 05 Wild Animals.mp3"/>
	<entry id="1060340406" project="LAO" informant="INF034" reel="4a" region="6" narrative="_Q" label="Family" state="OK" sex="M " age="48" age_level="2" education="3" town="Stigler" county="Hashell" land_regions="D" locality="R" date="1962" file_name="LAO(INF034)4a 06 Family.mp3" path_to_file="LAP\Projects\LAO\Speakers\LAO(INF034)\Audio\LAO(INF034)4a\LAO(INF034)4a 06 Family.mp3"/>
	<entry id="1060340407" project="LAO" informant="INF034" reel="4a" region="7" narrative="_Q" label="Wild Animals" state="OK" sex="M " age="48" age_level="2" education="3" town="Stigler" county="Hashell" land_regions="D" locality="R" date="1962" file_name="LAO(INF034)4a 07 Wild Animals.mp3" path_to_file="LAP\Projects\LAO\Speakers\LAO(INF034)\Audio\LAO(INF034)4a\LAO(INF034)4a 07 Wild Animals.mp3"/>
	<entry id="3060340401" project="LAO" informant="INF034" reel="4a" region="0" narrative="_I" label="Metadata" state="OK" sex="M " age="48" age_level="2" education="3" town="Stigler" county="Hashell" land_regions="D" locality="R" date="1962" file_name="LAO(INF034)4ameta.txt" path_to_file="LAP\Projects\LAO\Speakers\LAO(INF034)\Audio\LAO(INF034)4a\LAO(INF034)4ameta.txt"/>
	<entry id="1060340408" project="LAO" informant="INF034" reel="4b" region="1" narrative="_Q" label="Trees and Shrubs" state="OK" sex="M " age="48" age_level="2" education="3" town="Stigler" county="Hashell" land_regions="D" locality="R" date="1962" file_name="LAO(INF034)4b 01 Trees and Shrubs.mp3" path_to_file="LAP\Projects\LAO\Speakers\LAO(INF034)\Audio\LAO(INF034)4b\LAO(INF034)4b 01 Trees and Shrubs.mp3"/>
	<entry id="1060340409" project="LAO" informant="INF034" reel="4b" region="2" narrative="_Q" label="Wild Animals" state="OK" sex="M " age="48" age_level="2" education="3" town="Stigler" county="Hashell" land_regions="D" locality="R" date="1962" file_name="LAO(INF034)4b 02 Wild Animals.mp3" path_to_file="LAP\Projects\LAO\Speakers\LAO(INF034)\Audio\LAO(INF034)4b\LAO(INF034)4b 02 Wild Animals.mp3"/>
	<entry id="1060340410" project="LAO" informant="INF034" reel="4b" region="3" narrative="_Q" label="Family" state="OK" sex="M " age="48" age_level="2" education="3" town="Stigler" county="Hashell" land_regions="D" locality="R" date="1962" file_name="LAO(INF034)4b 03 Family.mp3" path_to_file="LAP\Projects\LAO\Speakers\LAO(INF034)\Audio\LAO(INF034)4b\LAO(INF034)4b 03 Family.mp3"/>
	<entry id="1060340411" project="LAO" informant="INF034" reel="4b" region="4" narrative="_Q" label="Names, Titles and Occupations" state="OK" sex="M " age="48" age_level="2" education="3" town="Stigler" county="Hashell" land_regions="D" locality="R" date="1962" file_name="LAO(INF034)4b 04 Names, Titles and Occupations.mp3" path_to_file="LAP\Projects\LAO\Speakers\LAO(INF034)\Audio\LAO(INF034)4b\LAO(INF034)4b 04 Names, Titles and Occupations.mp3"/>
	<entry id="1060340412" project="LAO" informant="INF034" reel="4b" region="5" narrative="_Q" label="Names, Titles and Occupations" state="OK" sex="M " age="48" age_level="2" education="3" town="Stigler" county="Hashell" land_regions="D" locality="R" date="1962" file_name="LAO(INF034)4b 05 Names, Titles and Occupations.mp3" path_to_file="LAP\Projects\LAO\Speakers\LAO(INF034)\Audio\LAO(INF034)4b\LAO(INF034)4b 05 Names, Titles and Occupations.mp3"/>
	<entry id="1060340413" project="LAO" informant="INF034" reel="4b" region="6" narrative="_N" label="Personal Characteristics" state="OK" sex="M " age="48" age_level="2" education="3" town="Stigler" county="Hashell" land_regions="D" locality="R" date="1962" file_name="LAO(INF034)4b 06 Personal Characteristics_N.mp3" path_to_file="LAP\Projects\LAO\Speakers\LAO(INF034)\Audio\LAO(INF034)4b\LAO(INF034)4b 06 Personal Characteristics_N.mp3"/>
	<entry id="1060340414" project="LAO" informant="INF034" reel="4b" region="7" narrative="_Q" label="Personal Characteristics" state="OK" sex="M " age="48" age_level="2" education="3" town="Stigler" county="Hashell" land_regions="D" locality="R" date="1962" file_name="LAO(INF034)4b 07 Personal Characteristics.mp3" path_to_file="LAP\Projects\LAO\Speakers\LAO(INF034)\Audio\LAO(INF034)4b\LAO(INF034)4b 07 Personal Characteristics.mp3"/>
	<entry id="3060340402" project="LAO" informant="INF034" reel="4b" region="0" narrative="_I" label="Metadata" state="OK" sex="M " age="48" age_level="2" education="3" town="Stigler" county="Hashell" land_regions="D" locality="R" date="1962" file_name="LAO(INF034)4bmeta.txt" path_to_file="LAP\Projects\LAO\Speakers\LAO(INF034)\Audio\LAO(INF034)4b\LAO(INF034)4bmeta.txt"/>
	<entry id="1060340415" project="LAO" informant="INF034" reel="4c" region="1" narrative="_Q" label="Illness and Death" state="OK" sex="M " age="48" age_level="2" education="3" town="Stigler" county="Hashell" land_regions="D" locality="R" date="1962" file_name="LAO(INF034)4c 01 Illness and Death.mp3" path_to_file="LAP\Projects\LAO\Speakers\LAO(INF034)\Audio\LAO(INF034)4c\LAO(INF034)4c 01 Illness and Death.mp3"/>
	<entry id="1060340416" project="LAO" informant="INF034" reel="4c" region="2" narrative="_Q" label="Social Relations" state="OK" sex="M " age="48" age_level="2" education="3" town="Stigler" county="Hashell" land_regions="D" locality="R" date="1962" file_name="LAO(INF034)4c 02 Social Relations.mp3" path_to_file="LAP\Projects\LAO\Speakers\LAO(INF034)\Audio\LAO(INF034)4c\LAO(INF034)4c 02 Social Relations.mp3"/>
	<entry id="1060340417" project="LAO" informant="INF034" reel="4c" region="3" narrative="_Q" label="Vehicles" state="OK" sex="M " age="48" age_level="2" education="3" town="Stigler" county="Hashell" land_regions="D" locality="R" date="1962" file_name="LAO(INF034)4c 03 Vehicles.mp3" path_to_file="LAP\Projects\LAO\Speakers\LAO(INF034)\Audio\LAO(INF034)4c\LAO(INF034)4c 03 Vehicles.mp3"/>
	<entry id="1060340418" project="LAO" informant="INF034" reel="4c" region="4" narrative="_N" label="Public Institutions" state="OK" sex="M " age="48" age_level="2" education="3" town="Stigler" county="Hashell" land_regions="D" locality="R" date="1962" file_name="LAO(INF034)4c 04 Public Institutions_N.mp3" path_to_file="LAP\Projects\LAO\Speakers\LAO(INF034)\Audio\LAO(INF034)4c\LAO(INF034)4c 04 Public Institutions_N.mp3"/>
	<entry id="1060340419" project="LAO" informant="INF034" reel="4c" region="5" narrative="_Q" label="Geography" state="OK" sex="M " age="48" age_level="2" education="3" town="Stigler" county="Hashell" land_regions="D" locality="R" date="1962" file_name="LAO(INF034)4c 05 Geography.mp3" path_to_file="LAP\Projects\LAO\Speakers\LAO(INF034)\Audio\LAO(INF034)4c\LAO(INF034)4c 05 Geography.mp3"/>
	<entry id="1060340420" project="LAO" informant="INF034" reel="4c" region="6" narrative="_Q" label="Verbs_ Principal Parts" state="OK" sex="M " age="48" age_level="2" education="3" town="Stigler" county="Hashell" land_regions="D" locality="R" date="1962" file_name="LAO(INF034)4c 06 Verbs_ Principal Parts.mp3" path_to_file="LAP\Projects\LAO\Speakers\LAO(INF034)\Audio\LAO(INF034)4c\LAO(INF034)4c 06 Verbs_ Principal Parts.mp3"/>
	<entry id="1060340421" project="LAO" informant="INF034" reel="4c" region="7" narrative="_Q" label="Verbs_ Modals" state="OK" sex="M " age="48" age_level="2" education="3" town="Stigler" county="Hashell" land_regions="D" locality="R" date="1962" file_name="LAO(INF034)4c 07 Verbs_ Modals.mp3" path_to_file="LAP\Projects\LAO\Speakers\LAO(INF034)\Audio\LAO(INF034)4c\LAO(INF034)4c 07 Verbs_ Modals.mp3"/>
	<entry id="3060340403" project="LAO" informant="INF034" reel="4c" region="0" narrative="_I" label="Metadata" state="OK" sex="M " age="48" age_level="2" education="3" town="Stigler" county="Hashell" land_regions="D" locality="R" date="1962" file_name="LAO(INF034)4cmeta.txt" path_to_file="LAP\Projects\LAO\Speakers\LAO(INF034)\Audio\LAO(INF034)4c\LAO(INF034)4cmeta.txt"/>
	<entry id="1060340501" project="LAO" informant="INF034" reel="5a" region="1" narrative="_N" label="Clothing" state="OK" sex="M " age="48" age_level="2" education="3" town="Stigler" county="Hashell" land_regions="D" locality="R" date="1962" file_name="LAO(INF034)5a 01 Clothing_N.mp3" path_to_file="LAP\Projects\LAO\Speakers\LAO(INF034)\Audio\LAO(INF034)5a\LAO(INF034)5a 01 Clothing_N.mp3"/>
	<entry id="1060340502" project="LAO" informant="INF034" reel="5a" region="2" narrative="_Q" label="Time" state="OK" sex="M " age="48" age_level="2" education="3" town="Stigler" county="Hashell" land_regions="D" locality="R" date="1962" file_name="LAO(INF034)5a 02 Time.mp3" path_to_file="LAP\Projects\LAO\Speakers\LAO(INF034)\Audio\LAO(INF034)5a\LAO(INF034)5a 02 Time.mp3"/>
	<entry id="1060340503" project="LAO" informant="INF034" reel="5a" region="3" narrative="_Q" label="Time" state="OK" sex="M " age="48" age_level="2" education="3" town="Stigler" county="Hashell" land_regions="D" locality="R" date="1962" file_name="LAO(INF034)5a 03 Time.mp3" path_to_file="LAP\Projects\LAO\Speakers\LAO(INF034)\Audio\LAO(INF034)5a\LAO(INF034)5a 03 Time.mp3"/>
	<entry id="1060340504" project="LAO" informant="INF034" reel="5a" region="4" narrative="_N" label="Weather" state="OK" sex="M " age="48" age_level="2" education="3" town="Stigler" county="Hashell" land_regions="D" locality="R" date="1962" file_name="LAO(INF034)5a 04 Weather_N.mp3" path_to_file="LAP\Projects\LAO\Speakers\LAO(INF034)\Audio\LAO(INF034)5a\LAO(INF034)5a 04 Weather_N.mp3"/>
	<entry id="1060340505" project="LAO" informant="INF034" reel="5a" region="5" narrative="_N" label="Weather" state="OK" sex="M " age="48" age_level="2" education="3" town="Stigler" county="Hashell" land_regions="D" locality="R" date="1962" file_name="LAO(INF034)5a 05 Weather_N.mp3" path_to_file="LAP\Projects\LAO\Speakers\LAO(INF034)\Audio\LAO(INF034)5a\LAO(INF034)5a 05 Weather_N.mp3"/>
	<entry id="1060340506" project="LAO" informant="INF034" reel="5a" region="6" narrative="_N" label="Weather" state="OK" sex="M " age="48" age_level="2" education="3" town="Stigler" county="Hashell" land_regions="D" locality="R" date="1962" file_name="LAO(INF034)5a 06 Weather_N.mp3" path_to_file="LAP\Projects\LAO\Speakers\LAO(INF034)\Audio\LAO(INF034)5a\LAO(INF034)5a 06 Weather_N.mp3"/>
	<entry id="1060340507" project="LAO" informant="INF034" reel="5a" region="7" narrative="_Q" label="Public Institutions" state="OK" sex="M " age="48" age_level="2" education="3" town="Stigler" county="Hashell" land_regions="D" locality="R" date="1962" file_name="LAO(INF034)5a 07 Public Institutions.mp3" path_to_file="LAP\Projects\LAO\Speakers\LAO(INF034)\Audio\LAO(INF034)5a\LAO(INF034)5a 07 Public Institutions.mp3"/>
	<entry id="3060340501" project="LAO" informant="INF034" reel="5a" region="0" narrative="_I" label="Metadata" state="OK" sex="M " age="48" age_level="2" education="3" town="Stigler" county="Hashell" land_regions="D" locality="R" date="1962" file_name="LAO(INF034)5ameta.txt" path_to_file="LAP\Projects\LAO\Speakers\LAO(INF034)\Audio\LAO(INF034)5a\LAO(INF034)5ameta.txt"/>
	<entry id="1060340508" project="LAO" informant="INF034" reel="5b" region="1" narrative="_Q" label="Weather" state="OK" sex="M " age="48" age_level="2" education="3" town="Stigler" county="Hashell" land_regions="D" locality="R" date="1962" file_name="LAO(INF034)5b 01 Weather.mp3" path_to_file="LAP\Projects\LAO\Speakers\LAO(INF034)\Audio\LAO(INF034)5b\LAO(INF034)5b 01 Weather.mp3"/>
	<entry id="1060340509" project="LAO" informant="INF034" reel="5b" region="2" narrative="_Q" label="Business" state="OK" sex="M " age="48" age_level="2" education="3" town="Stigler" county="Hashell" land_regions="D" locality="R" date="1962" file_name="LAO(INF034)5b 02 Business.mp3" path_to_file="LAP\Projects\LAO\Speakers\LAO(INF034)\Audio\LAO(INF034)5b\LAO(INF034)5b 02 Business.mp3"/>
	<entry id="1060340510" project="LAO" informant="INF034" reel="5b" region="3" narrative="_Q" label="Food and Cooking" state="OK" sex="M " age="48" age_level="2" education="3" town="Stigler" county="Hashell" land_regions="D" locality="R" date="1962" file_name="LAO(INF034)5b 03 Food and Cooking.mp3" path_to_file="LAP\Projects\LAO\Speakers\LAO(INF034)\Audio\LAO(INF034)5b\LAO(INF034)5b 03 Food and Cooking.mp3"/>
	<entry id="1060340511" project="LAO" informant="INF034" reel="5b" region="4" narrative="_Q" label="Geography" state="OK" sex="M " age="48" age_level="2" education="3" town="Stigler" county="Hashell" land_regions="D" locality="R" date="1962" file_name="LAO(INF034)5b 04 Geography.mp3" path_to_file="LAP\Projects\LAO\Speakers\LAO(INF034)\Audio\LAO(INF034)5b\LAO(INF034)5b 04 Geography.mp3"/>
	<entry id="1060340512" project="LAO" informant="INF034" reel="5b" region="5" narrative="_Q" label="Public Institutions" state="OK" sex="M " age="48" age_level="2" education="3" town="Stigler" county="Hashell" land_regions="D" locality="R" date="1962" file_name="LAO(INF034)5b 05 Public Institutions.mp3" path_to_file="LAP\Projects\LAO\Speakers\LAO(INF034)\Audio\LAO(INF034)5b\LAO(INF034)5b 05 Public Institutions.mp3"/>
	<entry id="1060340513" project="LAO" informant="INF034" reel="5b" region="6" narrative="_Q" label="Family" state="OK" sex="M " age="48" age_level="2" education="3" town="Stigler" county="Hashell" land_regions="D" locality="R" date="1962" file_name="LAO(INF034)5b 06 Family.mp3" path_to_file="LAP\Projects\LAO\Speakers\LAO(INF034)\Audio\LAO(INF034)5b\LAO(INF034)5b 06 Family.mp3"/>
	<entry id="1060340514" project="LAO" informant="INF034" reel="5b" region="7" narrative="_Q" label="Names, Titles and Occupations" state="OK" sex="M " age="48" age_level="2" education="3" town="Stigler" county="Hashell" land_regions="D" locality="R" date="1962" file_name="LAO(INF034)5b 07 Names, Titles and Occupations.mp3" path_to_file="LAP\Projects\LAO\Speakers\LAO(INF034)\Audio\LAO(INF034)5b\LAO(INF034)5b 07 Names, Titles and Occupations.mp3"/>
	<entry id="3060340502" project="LAO" informant="INF034" reel="5b" region="0" narrative="_I" label="Metadata" state="OK" sex="M " age="48" age_level="2" education="3" town="Stigler" county="Hashell" land_regions="D" locality="R" date="1962" file_name="LAO(INF034)5bmeta.txt" path_to_file="LAP\Projects\LAO\Speakers\LAO(INF034)\Audio\LAO(INF034)5b\LAO(INF034)5bmeta.txt"/>
	<entry id="3060340001" project="LAO" informant="INF034" reel="0" region="0" narrative="_I" label="Biographical Information" state="OK" sex="M " age="48" age_level="2" education="3" town="Stigler" county="Hashell" land_regions="D" locality="R" date="1962" file_name="LAO(INF034)BIO.txt" path_to_file="LAP\Projects\LAO\Speakers\LAO(INF034)\Text\LAO(INF034)BIO.txt"/>
</Audio>