<?xml version="1.0" encoding="UTF-8" standalone="yes"?>
<Audio>
	<entry id="1060130101" project="LAO" informant="INF013" reel="1a" region="1" narrative="_Q" label="Dwellings" state="OK" sex="M " age="78" age_level="4" education="1" town="Inola" county="Rogers" land_regions="D" locality="R" date="1962" latitude="36.15245" longitude="-95.51031" file_name="LAO(INF013)1a 01 Dwellings.mp3" path_to_file="LAP\Projects\LAO\Speakers\LAO(INF013)\Audio\LAO(INF013)1a\LAO(INF013)1a 01 Dwellings.mp3"/>
	<entry id="1060130102" project="LAO" informant="INF013" reel="1a" region="2" narrative="_Q" label="Dwellings" state="OK" sex="M " age="78" age_level="4" education="1" town="Inola" county="Rogers" land_regions="D" locality="R" date="1962" latitude="36.15245" longitude="-95.51031" file_name="LAO(INF013)1a 02 Dwellings.mp3" path_to_file="LAP\Projects\LAO\Speakers\LAO(INF013)\Audio\LAO(INF013)1a\LAO(INF013)1a 02 Dwellings.mp3"/>
	<entry id="1060130103" project="LAO" informant="INF013" reel="1a" region="3" narrative="_Q" label="Wild Animals" state="OK" sex="M " age="78" age_level="4" education="1" town="Inola" county="Rogers" land_regions="D" locality="R" date="1962" latitude="36.15245" longitude="-95.51031" file_name="LAO(INF013)1a 03 Wild Animals.mp3" path_to_file="LAP\Projects\LAO\Speakers\LAO(INF013)\Audio\LAO(INF013)1a\LAO(INF013)1a 03 Wild Animals.mp3"/>
	<entry id="1060130104" project="LAO" informant="INF013" reel="1a" region="4" narrative="_Q" label="Names, Titles and Occupations" state="OK" sex="M " age="78" age_level="4" education="1" town="Inola" county="Rogers" land_regions="D" locality="R" date="1962" latitude="36.15245" longitude="-95.51031" file_name="LAO(INF013)1a 04 Names, Titles and Occupations.mp3" path_to_file="LAP\Projects\LAO\Speakers\LAO(INF013)\Audio\LAO(INF013)1a\LAO(INF013)1a 04 Names, Titles and Occupations.mp3"/>
	<entry id="1060130105" project="LAO" informant="INF013" reel="1a" region="5" narrative="_Q" label="Dwelling" state="OK" sex="M " age="78" age_level="4" education="1" town="Inola" county="Rogers" land_regions="D" locality="R" date="1962" latitude="36.15245" longitude="-95.51031" file_name="LAO(INF013)1a 05 Dwelling.mp3" path_to_file="LAP\Projects\LAO\Speakers\LAO(INF013)\Audio\LAO(INF013)1a\LAO(INF013)1a 05 Dwelling.mp3"/>
	<entry id="1060130106" project="LAO" informant="INF013" reel="1a" region="6" narrative="_Q" label="The Farm" state="OK" sex="M " age="78" age_level="4" education="1" town="Inola" county="Rogers" land_regions="D" locality="R" date="1962" latitude="36.15245" longitude="-95.51031" file_name="LAO(INF013)1a 06 The Farm.mp3" path_to_file="LAP\Projects\LAO\Speakers\LAO(INF013)\Audio\LAO(INF013)1a\LAO(INF013)1a 06 The Farm.mp3"/>
	<entry id="1060130107" project="LAO" informant="INF013" reel="1a" region="7" narrative="_Q" label="Agriculture" state="OK" sex="M " age="78" age_level="4" education="1" town="Inola" county="Rogers" land_regions="D" locality="R" date="1962" latitude="36.15245" longitude="-95.51031" file_name="LAO(INF013)1a 07 Agriculture.mp3" path_to_file="LAP\Projects\LAO\Speakers\LAO(INF013)\Audio\LAO(INF013)1a\LAO(INF013)1a 07 Agriculture.mp3"/>
	<entry id="3060130101" project="LAO" informant="INF013" reel="1a" region="0" narrative="_I" label="Metadata" state="OK" sex="M " age="78" age_level="4" education="1" town="Inola" county="Rogers" land_regions="D" locality="R" date="1962" latitude="36.15245" longitude="-95.51031" file_name="LAO(INF013)1ameta.txt" path_to_file="LAP\Projects\LAO\Speakers\LAO(INF013)\Audio\LAO(INF013)1a\LAO(INF013)1ameta.txt"/>
	<entry id="1060130108" project="LAO" informant="INF013" reel="1b" region="1" narrative="_N" label="Business" state="OK" sex="M " age="78" age_level="4" education="1" town="Inola" county="Rogers" land_regions="D" locality="R" date="1962" latitude="36.15245" longitude="-95.51031" file_name="LAO(INF013)1b 01 Business_N.mp3" path_to_file="LAP\Projects\LAO\Speakers\LAO(INF013)\Audio\LAO(INF013)1b\LAO(INF013)1b 01 Business_N.mp3"/>
	<entry id="1060130109" project="LAO" informant="INF013" reel="1b" region="2" narrative="_Q" label="Vehicles" state="OK" sex="M " age="78" age_level="4" education="1" town="Inola" county="Rogers" land_regions="D" locality="R" date="1962" latitude="36.15245" longitude="-95.51031" file_name="LAO(INF013)1b 02 Vehicles.mp3" path_to_file="LAP\Projects\LAO\Speakers\LAO(INF013)\Audio\LAO(INF013)1b\LAO(INF013)1b 02 Vehicles.mp3"/>
	<entry id="1060130110" project="LAO" informant="INF013" reel="1b" region="3" narrative="_Q" label="The Farm" state="OK" sex="M " age="78" age_level="4" education="1" town="Inola" county="Rogers" land_regions="D" locality="R" date="1962" latitude="36.15245" longitude="-95.51031" file_name="LAO(INF013)1b 03 The Farm.mp3" path_to_file="LAP\Projects\LAO\Speakers\LAO(INF013)\Audio\LAO(INF013)1b\LAO(INF013)1b 03 The Farm.mp3"/>
	<entry id="1060130111" project="LAO" informant="INF013" reel="1b" region="4" narrative="_Q" label="The Farm" state="OK" sex="M " age="78" age_level="4" education="1" town="Inola" county="Rogers" land_regions="D" locality="R" date="1962" latitude="36.15245" longitude="-95.51031" file_name="LAO(INF013)1b 04 The Farm.mp3" path_to_file="LAP\Projects\LAO\Speakers\LAO(INF013)\Audio\LAO(INF013)1b\LAO(INF013)1b 04 The Farm.mp3"/>
	<entry id="1060130112" project="LAO" informant="INF013" reel="1b" region="5" narrative="_Q" label="Containers and Utensils" state="OK" sex="M " age="78" age_level="4" education="1" town="Inola" county="Rogers" land_regions="D" locality="R" date="1962" latitude="36.15245" longitude="-95.51031" file_name="LAO(INF013)1b 05 Containers and Utensils.mp3" path_to_file="LAP\Projects\LAO\Speakers\LAO(INF013)\Audio\LAO(INF013)1b\LAO(INF013)1b 05 Containers and Utensils.mp3"/>
	<entry id="1060130113" project="LAO" informant="INF013" reel="1b" region="6" narrative="_Q" label="Containers and Utensils" state="OK" sex="M " age="78" age_level="4" education="1" town="Inola" county="Rogers" land_regions="D" locality="R" date="1962" latitude="36.15245" longitude="-95.51031" file_name="LAO(INF013)1b 06 Containers and Utensils.mp3" path_to_file="LAP\Projects\LAO\Speakers\LAO(INF013)\Audio\LAO(INF013)1b\LAO(INF013)1b 06 Containers and Utensils.mp3"/>
	<entry id="1060130114" project="LAO" informant="INF013" reel="1b" region="7" narrative="_N" label="Family" state="OK" sex="M " age="78" age_level="4" education="1" town="Inola" county="Rogers" land_regions="D" locality="R" date="1962" latitude="36.15245" longitude="-95.51031" file_name="LAO(INF013)1b 07 Family_N.mp3" path_to_file="LAP\Projects\LAO\Speakers\LAO(INF013)\Audio\LAO(INF013)1b\LAO(INF013)1b 07 Family_N.mp3"/>
	<entry id="3060130102" project="LAO" informant="INF013" reel="1b" region="0" narrative="_I" label="Metadata" state="OK" sex="M " age="78" age_level="4" education="1" town="Inola" county="Rogers" land_regions="D" locality="R" date="1962" latitude="36.15245" longitude="-95.51031" file_name="LAO(INF013)1bmeta.txt" path_to_file="LAP\Projects\LAO\Speakers\LAO(INF013)\Audio\LAO(INF013)1b\LAO(INF013)1bmeta.txt"/>
	<entry id="1060130115" project="LAO" informant="INF013" reel="1c" region="1" narrative="_N" label="Names, Titles and Occupations" state="OK" sex="M " age="78" age_level="4" education="1" town="Inola" county="Rogers" land_regions="D" locality="R" date="1962" latitude="36.15245" longitude="-95.51031" file_name="LAO(INF013)1c 01 Names, Titles and Occupations_N.mp3" path_to_file="LAP\Projects\LAO\Speakers\LAO(INF013)\Audio\LAO(INF013)1c\LAO(INF013)1c 01 Names, Titles and Occupations_N.mp3"/>
	<entry id="1060130116" project="LAO" informant="INF013" reel="1c" region="2" narrative="_Q" label="Containers and Utensils" state="OK" sex="M " age="78" age_level="4" education="1" town="Inola" county="Rogers" land_regions="D" locality="R" date="1962" latitude="36.15245" longitude="-95.51031" file_name="LAO(INF013)1c 02 Containers and Utensils.mp3" path_to_file="LAP\Projects\LAO\Speakers\LAO(INF013)\Audio\LAO(INF013)1c\LAO(INF013)1c 02 Containers and Utensils.mp3"/>
	<entry id="1060130117" project="LAO" informant="INF013" reel="1c" region="3" narrative="_Q" label="Containers and Utensils" state="OK" sex="M " age="78" age_level="4" education="1" town="Inola" county="Rogers" land_regions="D" locality="R" date="1962" latitude="36.15245" longitude="-95.51031" file_name="LAO(INF013)1c 03 Containers and Utensils.mp3" path_to_file="LAP\Projects\LAO\Speakers\LAO(INF013)\Audio\LAO(INF013)1c\LAO(INF013)1c 03 Containers and Utensils.mp3"/>
	<entry id="1060130118" project="LAO" informant="INF013" reel="1c" region="4" narrative="_Q" label="Vehicles" state="OK" sex="M " age="78" age_level="4" education="1" town="Inola" county="Rogers" land_regions="D" locality="R" date="1962" latitude="36.15245" longitude="-95.51031" file_name="LAO(INF013)1c 04 Vehicles.mp3" path_to_file="LAP\Projects\LAO\Speakers\LAO(INF013)\Audio\LAO(INF013)1c\LAO(INF013)1c 04 Vehicles.mp3"/>
	<entry id="1060130119" project="LAO" informant="INF013" reel="1c" region="5" narrative="_Q" label="Dwellings" state="OK" sex="M " age="78" age_level="4" education="1" town="Inola" county="Rogers" land_regions="D" locality="R" date="1962" latitude="36.15245" longitude="-95.51031" file_name="LAO(INF013)1c 05 Dwellings.mp3" path_to_file="LAP\Projects\LAO\Speakers\LAO(INF013)\Audio\LAO(INF013)1c\LAO(INF013)1c 05 Dwellings.mp3"/>
	<entry id="1060130120" project="LAO" informant="INF013" reel="1c" region="6" narrative="_Q" label="Business" state="OK" sex="M " age="78" age_level="4" education="1" town="Inola" county="Rogers" land_regions="D" locality="R" date="1962" latitude="36.15245" longitude="-95.51031" file_name="LAO(INF013)1c 06 Business.mp3" path_to_file="LAP\Projects\LAO\Speakers\LAO(INF013)\Audio\LAO(INF013)1c\LAO(INF013)1c 06 Business.mp3"/>
	<entry id="1060130121" project="LAO" informant="INF013" reel="1c" region="7" narrative="_Q" label="Sport and Play" state="OK" sex="M " age="78" age_level="4" education="1" town="Inola" county="Rogers" land_regions="D" locality="R" date="1962" latitude="36.15245" longitude="-95.51031" file_name="LAO(INF013)1c 07 Sport and Play.mp3" path_to_file="LAP\Projects\LAO\Speakers\LAO(INF013)\Audio\LAO(INF013)1c\LAO(INF013)1c 07 Sport and Play.mp3"/>
	<entry id="1060130122" project="LAO" informant="INF013" reel="1c" region="8" narrative="_Q" label="Agriculture" state="OK" sex="M " age="78" age_level="4" education="1" town="Inola" county="Rogers" land_regions="D" locality="R" date="1962" latitude="36.15245" longitude="-95.51031" file_name="LAO(INF013)1c 08 Agriculture.mp3" path_to_file="LAP\Projects\LAO\Speakers\LAO(INF013)\Audio\LAO(INF013)1c\LAO(INF013)1c 08 Agriculture.mp3"/>
	<entry id="3060130103" project="LAO" informant="INF013" reel="1c" region="0" narrative="_I" label="Metadata" state="OK" sex="M " age="78" age_level="4" education="1" town="Inola" county="Rogers" land_regions="D" locality="R" date="1962" latitude="36.15245" longitude="-95.51031" file_name="LAO(INF013)1cmeta.txt" path_to_file="LAP\Projects\LAO\Speakers\LAO(INF013)\Audio\LAO(INF013)1c\LAO(INF013)1cmeta.txt"/>
	<entry id="1060130201" project="LAO" informant="INF013" reel="2a" region="1" narrative="_Q" label="Vehicles" state="OK" sex="M " age="78" age_level="4" education="1" town="Inola" county="Rogers" land_regions="D" locality="R" date="1962" latitude="36.15245" longitude="-95.51031" file_name="LAO(INF013)2a 01 Vehicles.mp3" path_to_file="LAP\Projects\LAO\Speakers\LAO(INF013)\Audio\LAO(INF013)2a\LAO(INF013)2a 01 Vehicles.mp3"/>
	<entry id="1060130202" project="LAO" informant="INF013" reel="2a" region="2" narrative="_Q" label="Vehicles" state="OK" sex="M " age="78" age_level="4" education="1" town="Inola" county="Rogers" land_regions="D" locality="R" date="1962" latitude="36.15245" longitude="-95.51031" file_name="LAO(INF013)2a 02 Vehicles.mp3" path_to_file="LAP\Projects\LAO\Speakers\LAO(INF013)\Audio\LAO(INF013)2a\LAO(INF013)2a 02 Vehicles.mp3"/>
	<entry id="1060130203" project="LAO" informant="INF013" reel="2a" region="3" narrative="_Q" label="Topography" state="OK" sex="M " age="78" age_level="4" education="1" town="Inola" county="Rogers" land_regions="D" locality="R" date="1962" latitude="36.15245" longitude="-95.51031" file_name="LAO(INF013)2a 03 Topography.mp3" path_to_file="LAP\Projects\LAO\Speakers\LAO(INF013)\Audio\LAO(INF013)2a\LAO(INF013)2a 03 Topography.mp3"/>
	<entry id="1060130204" project="LAO" informant="INF013" reel="2a" region="4" narrative="_Q" label="Topography" state="OK" sex="M " age="78" age_level="4" education="1" town="Inola" county="Rogers" land_regions="D" locality="R" date="1962" latitude="36.15245" longitude="-95.51031" file_name="LAO(INF013)2a 04 Topography.mp3" path_to_file="LAP\Projects\LAO\Speakers\LAO(INF013)\Audio\LAO(INF013)2a\LAO(INF013)2a 04 Topography.mp3"/>
	<entry id="1060130205" project="LAO" informant="INF013" reel="2a" region="5" narrative="_Q" label="Illness and Death" state="OK" sex="M " age="78" age_level="4" education="1" town="Inola" county="Rogers" land_regions="D" locality="R" date="1962" latitude="36.15245" longitude="-95.51031" file_name="LAO(INF013)2a 05 Illness and Death.mp3" path_to_file="LAP\Projects\LAO\Speakers\LAO(INF013)\Audio\LAO(INF013)2a\LAO(INF013)2a 05 Illness and Death.mp3"/>
	<entry id="1060130206" project="LAO" informant="INF013" reel="2a" region="6" narrative="_Q" label="Clothing" state="OK" sex="M " age="78" age_level="4" education="1" town="Inola" county="Rogers" land_regions="D" locality="R" date="1962" latitude="36.15245" longitude="-95.51031" file_name="LAO(INF013)2a 06 Clothing.mp3" path_to_file="LAP\Projects\LAO\Speakers\LAO(INF013)\Audio\LAO(INF013)2a\LAO(INF013)2a 06 Clothing.mp3"/>
	<entry id="1060130207" project="LAO" informant="INF013" reel="2a" region="7" narrative="_Q" label="Social Relations" state="OK" sex="M " age="78" age_level="4" education="1" town="Inola" county="Rogers" land_regions="D" locality="R" date="1962" latitude="36.15245" longitude="-95.51031" file_name="LAO(INF013)2a 07 Social Relations.mp3" path_to_file="LAP\Projects\LAO\Speakers\LAO(INF013)\Audio\LAO(INF013)2a\LAO(INF013)2a 07 Social Relations.mp3"/>
	<entry id="3060130201" project="LAO" informant="INF013" reel="2a" region="0" narrative="_I" label="Metadata" state="OK" sex="M " age="78" age_level="4" education="1" town="Inola" county="Rogers" land_regions="D" locality="R" date="1962" latitude="36.15245" longitude="-95.51031" file_name="LAO(INF013)2ameta.txt" path_to_file="LAP\Projects\LAO\Speakers\LAO(INF013)\Audio\LAO(INF013)2a\LAO(INF013)2ameta.txt"/>
	<entry id="1060130208" project="LAO" informant="INF013" reel="2b" region="1" narrative="_Q" label="The Farm" state="OK" sex="M " age="78" age_level="4" education="1" town="Inola" county="Rogers" land_regions="D" locality="R" date="1962" latitude="36.15245" longitude="-95.51031" file_name="LAO(INF013)2b 01 The Farm.mp3" path_to_file="LAP\Projects\LAO\Speakers\LAO(INF013)\Audio\LAO(INF013)2b\LAO(INF013)2b 01 The Farm.mp3"/>
	<entry id="1060130209" project="LAO" informant="INF013" reel="2b" region="2" narrative="_Q" label="Topography" state="OK" sex="M " age="78" age_level="4" education="1" town="Inola" county="Rogers" land_regions="D" locality="R" date="1962" latitude="36.15245" longitude="-95.51031" file_name="LAO(INF013)2b 02 Topography.mp3" path_to_file="LAP\Projects\LAO\Speakers\LAO(INF013)\Audio\LAO(INF013)2b\LAO(INF013)2b 02 Topography.mp3"/>
	<entry id="1060130210" project="LAO" informant="INF013" reel="2b" region="3" narrative="_Q" label="Topography" state="OK" sex="M " age="78" age_level="4" education="1" town="Inola" county="Rogers" land_regions="D" locality="R" date="1962" latitude="36.15245" longitude="-95.51031" file_name="LAO(INF013)2b 03 Topography.mp3" path_to_file="LAP\Projects\LAO\Speakers\LAO(INF013)\Audio\LAO(INF013)2b\LAO(INF013)2b 03 Topography.mp3"/>
	<entry id="1060130211" project="LAO" informant="INF013" reel="2b" region="4" narrative="_N" label="Names, Titles and Occupations" state="OK" sex="M " age="78" age_level="4" education="1" town="Inola" county="Rogers" land_regions="D" locality="R" date="1962" latitude="36.15245" longitude="-95.51031" file_name="LAO(INF013)2b 04 Names, Titles and Occupations_N.mp3" path_to_file="LAP\Projects\LAO\Speakers\LAO(INF013)\Audio\LAO(INF013)2b\LAO(INF013)2b 04 Names, Titles and Occupations_N.mp3"/>
	<entry id="1060130212" project="LAO" informant="INF013" reel="2b" region="5" narrative="_Q" label="Domestic Animals" state="OK" sex="M " age="78" age_level="4" education="1" town="Inola" county="Rogers" land_regions="D" locality="R" date="1962" latitude="36.15245" longitude="-95.51031" file_name="LAO(INF013)2b 05 Domestic Animals.mp3" path_to_file="LAP\Projects\LAO\Speakers\LAO(INF013)\Audio\LAO(INF013)2b\LAO(INF013)2b 05 Domestic Animals.mp3"/>
	<entry id="1060130213" project="LAO" informant="INF013" reel="2b" region="6" narrative="_Q" label="Domestic Animals" state="OK" sex="M " age="78" age_level="4" education="1" town="Inola" county="Rogers" land_regions="D" locality="R" date="1962" latitude="36.15245" longitude="-95.51031" file_name="LAO(INF013)2b 06 Domestic Animals.mp3" path_to_file="LAP\Projects\LAO\Speakers\LAO(INF013)\Audio\LAO(INF013)2b\LAO(INF013)2b 06 Domestic Animals.mp3"/>
	<entry id="1060130214" project="LAO" informant="INF013" reel="2b" region="7" narrative="_Q" label="Domestic Animals" state="OK" sex="M " age="78" age_level="4" education="1" town="Inola" county="Rogers" land_regions="D" locality="R" date="1962" latitude="36.15245" longitude="-95.51031" file_name="LAO(INF013)2b 07 Domestic Animals.mp3" path_to_file="LAP\Projects\LAO\Speakers\LAO(INF013)\Audio\LAO(INF013)2b\LAO(INF013)2b 07 Domestic Animals.mp3"/>
	<entry id="3060130202" project="LAO" informant="INF013" reel="2b" region="0" narrative="_I" label="Metadata" state="OK" sex="M " age="78" age_level="4" education="1" town="Inola" county="Rogers" land_regions="D" locality="R" date="1962" latitude="36.15245" longitude="-95.51031" file_name="LAO(INF013)2bmeta.txt" path_to_file="LAP\Projects\LAO\Speakers\LAO(INF013)\Audio\LAO(INF013)2b\LAO(INF013)2bmeta.txt"/>
	<entry id="1060130215" project="LAO" informant="INF013" reel="2c" region="1" narrative="_Q" label="The Farm" state="OK" sex="M " age="78" age_level="4" education="1" town="Inola" county="Rogers" land_regions="D" locality="R" date="1962" latitude="36.15245" longitude="-95.51031" file_name="LAO(INF013)2c 01 The Farm.mp3" path_to_file="LAP\Projects\LAO\Speakers\LAO(INF013)\Audio\LAO(INF013)2c\LAO(INF013)2c 01 The Farm.mp3"/>
	<entry id="1060130216" project="LAO" informant="INF013" reel="2c" region="2" narrative="_Q" label="Agriculture" state="OK" sex="M " age="78" age_level="4" education="1" town="Inola" county="Rogers" land_regions="D" locality="R" date="1962" latitude="36.15245" longitude="-95.51031" file_name="LAO(INF013)2c 02 Agriculture.mp3" path_to_file="LAP\Projects\LAO\Speakers\LAO(INF013)\Audio\LAO(INF013)2c\LAO(INF013)2c 02 Agriculture.mp3"/>
	<entry id="1060130217" project="LAO" informant="INF013" reel="2c" region="3" narrative="_Q" label="Food and Cooking" state="OK" sex="M " age="78" age_level="4" education="1" town="Inola" county="Rogers" land_regions="D" locality="R" date="1962" latitude="36.15245" longitude="-95.51031" file_name="LAO(INF013)2c 03 Food and Cooking.mp3" path_to_file="LAP\Projects\LAO\Speakers\LAO(INF013)\Audio\LAO(INF013)2c\LAO(INF013)2c 03 Food and Cooking.mp3"/>
	<entry id="1060130218" project="LAO" informant="INF013" reel="2c" region="4" narrative="_Q" label="Food and Cooking" state="OK" sex="M " age="78" age_level="4" education="1" town="Inola" county="Rogers" land_regions="D" locality="R" date="1962" latitude="36.15245" longitude="-95.51031" file_name="LAO(INF013)2c 04 Food and Cooking.mp3" path_to_file="LAP\Projects\LAO\Speakers\LAO(INF013)\Audio\LAO(INF013)2c\LAO(INF013)2c 04 Food and Cooking.mp3"/>
	<entry id="1060130219" project="LAO" informant="INF013" reel="2c" region="5" narrative="_Q" label="Food and Cooking" state="OK" sex="M " age="78" age_level="4" education="1" town="Inola" county="Rogers" land_regions="D" locality="R" date="1962" latitude="36.15245" longitude="-95.51031" file_name="LAO(INF013)2c 05 Food and Cooking.mp3" path_to_file="LAP\Projects\LAO\Speakers\LAO(INF013)\Audio\LAO(INF013)2c\LAO(INF013)2c 05 Food and Cooking.mp3"/>
	<entry id="1060130220" project="LAO" informant="INF013" reel="2c" region="6" narrative="_Q" label="Food and Cooking" state="OK" sex="M " age="78" age_level="4" education="1" town="Inola" county="Rogers" land_regions="D" locality="R" date="1962" latitude="36.15245" longitude="-95.51031" file_name="LAO(INF013)2c 06 Food and Cooking.mp3" path_to_file="LAP\Projects\LAO\Speakers\LAO(INF013)\Audio\LAO(INF013)2c\LAO(INF013)2c 06 Food and Cooking.mp3"/>
	<entry id="1060130221" project="LAO" informant="INF013" reel="2c" region="7" narrative="_Q" label="Containers and Utensils" state="OK" sex="M " age="78" age_level="4" education="1" town="Inola" county="Rogers" land_regions="D" locality="R" date="1962" latitude="36.15245" longitude="-95.51031" file_name="LAO(INF013)2c 07 Containers and Utensils.mp3" path_to_file="LAP\Projects\LAO\Speakers\LAO(INF013)\Audio\LAO(INF013)2c\LAO(INF013)2c 07 Containers and Utensils.mp3"/>
	<entry id="3060130203" project="LAO" informant="INF013" reel="2c" region="0" narrative="_I" label="Metadata" state="OK" sex="M " age="78" age_level="4" education="1" town="Inola" county="Rogers" land_regions="D" locality="R" date="1962" latitude="36.15245" longitude="-95.51031" file_name="LAO(INF013)2cmeta.txt" path_to_file="LAP\Projects\LAO\Speakers\LAO(INF013)\Audio\LAO(INF013)2c\LAO(INF013)2cmeta.txt"/>
	<entry id="1060130301" project="LAO" informant="INF013" reel="3a" region="1" narrative="_Q" label="Religion" state="OK" sex="M " age="78" age_level="4" education="1" town="Inola" county="Rogers" land_regions="D" locality="R" date="1962" latitude="36.15245" longitude="-95.51031" file_name="LAO(INF013)3a 01 Religion.mp3" path_to_file="LAP\Projects\LAO\Speakers\LAO(INF013)\Audio\LAO(INF013)3a\LAO(INF013)3a 01 Religion.mp3"/>
	<entry id="1060130302" project="LAO" informant="INF013" reel="3a" region="2" narrative="_N" label="Business" state="OK" sex="M " age="78" age_level="4" education="1" town="Inola" county="Rogers" land_regions="D" locality="R" date="1962" latitude="36.15245" longitude="-95.51031" file_name="LAO(INF013)3a 02 Business_N.mp3" path_to_file="LAP\Projects\LAO\Speakers\LAO(INF013)\Audio\LAO(INF013)3a\LAO(INF013)3a 02 Business_N.mp3"/>
	<entry id="1060130303" project="LAO" informant="INF013" reel="3a" region="3" narrative="_Q" label="Sport and Play" state="OK" sex="M " age="78" age_level="4" education="1" town="Inola" county="Rogers" land_regions="D" locality="R" date="1962" latitude="36.15245" longitude="-95.51031" file_name="LAO(INF013)3a 03 Sport and Play.mp3" path_to_file="LAP\Projects\LAO\Speakers\LAO(INF013)\Audio\LAO(INF013)3a\LAO(INF013)3a 03 Sport and Play.mp3"/>
	<entry id="1060130304" project="LAO" informant="INF013" reel="3a" region="4" narrative="_Q" label="Verbs_Principal Parts " state="OK" sex="M " age="78" age_level="4" education="1" town="Inola" county="Rogers" land_regions="D" locality="R" date="1962" latitude="36.15245" longitude="-95.51031" file_name="LAO(INF013)3a 04 Verbs_Principal Parts .mp3" path_to_file="LAP\Projects\LAO\Speakers\LAO(INF013)\Audio\LAO(INF013)3a\LAO(INF013)3a 04 Verbs_Principal Parts .mp3"/>
	<entry id="1060130305" project="LAO" informant="INF013" reel="3a" region="5" narrative="_N" label="Sport and Play" state="OK" sex="M " age="78" age_level="4" education="1" town="Inola" county="Rogers" land_regions="D" locality="R" date="1962" latitude="36.15245" longitude="-95.51031" file_name="LAO(INF013)3a 05 Sport and Play_N.mp3" path_to_file="LAP\Projects\LAO\Speakers\LAO(INF013)\Audio\LAO(INF013)3a\LAO(INF013)3a 05 Sport and Play_N.mp3"/>
	<entry id="1060130306" project="LAO" informant="INF013" reel="3a" region="6" narrative="_Q" label="Personal Characteristics" state="OK" sex="M " age="78" age_level="4" education="1" town="Inola" county="Rogers" land_regions="D" locality="R" date="1962" latitude="36.15245" longitude="-95.51031" file_name="LAO(INF013)3a 06 Personal Characteristics.mp3" path_to_file="LAP\Projects\LAO\Speakers\LAO(INF013)\Audio\LAO(INF013)3a\LAO(INF013)3a 06 Personal Characteristics.mp3"/>
	<entry id="1060130307" project="LAO" informant="INF013" reel="3a" region="7" narrative="_Q" label="Verbs_Principal Parts" state="OK" sex="M " age="78" age_level="4" education="1" town="Inola" county="Rogers" land_regions="D" locality="R" date="1962" latitude="36.15245" longitude="-95.51031" file_name="LAO(INF013)3a 07 Verbs_Principal Parts.mp3" path_to_file="LAP\Projects\LAO\Speakers\LAO(INF013)\Audio\LAO(INF013)3a\LAO(INF013)3a 07 Verbs_Principal Parts.mp3"/>
	<entry id="3060130301" project="LAO" informant="INF013" reel="3a" region="0" narrative="_I" label="Metadata" state="OK" sex="M " age="78" age_level="4" education="1" town="Inola" county="Rogers" land_regions="D" locality="R" date="1962" latitude="36.15245" longitude="-95.51031" file_name="LAO(INF013)3ameta.txt" path_to_file="LAP\Projects\LAO\Speakers\LAO(INF013)\Audio\LAO(INF013)3a\LAO(INF013)3ameta.txt"/>
	<entry id="1060130308" project="LAO" informant="INF013" reel="3b" region="1" narrative="_Q" label="Time" state="OK" sex="M " age="78" age_level="4" education="1" town="Inola" county="Rogers" land_regions="D" locality="R" date="1962" latitude="36.15245" longitude="-95.51031" file_name="LAO(INF013)3b 01 Time.mp3" path_to_file="LAP\Projects\LAO\Speakers\LAO(INF013)\Audio\LAO(INF013)3b\LAO(INF013)3b 01 Time.mp3"/>
	<entry id="1060130309" project="LAO" informant="INF013" reel="3b" region="2" narrative="_Q" label="Time" state="OK" sex="M " age="78" age_level="4" education="1" town="Inola" county="Rogers" land_regions="D" locality="R" date="1962" latitude="36.15245" longitude="-95.51031" file_name="LAO(INF013)3b 02 Time.mp3" path_to_file="LAP\Projects\LAO\Speakers\LAO(INF013)\Audio\LAO(INF013)3b\LAO(INF013)3b 02 Time.mp3"/>
	<entry id="1060130310" project="LAO" informant="INF013" reel="3b" region="3" narrative="_Q" label="Time" state="OK" sex="M " age="78" age_level="4" education="1" town="Inola" county="Rogers" land_regions="D" locality="R" date="1962" latitude="36.15245" longitude="-95.51031" file_name="LAO(INF013)3b 03 Time.mp3" path_to_file="LAP\Projects\LAO\Speakers\LAO(INF013)\Audio\LAO(INF013)3b\LAO(INF013)3b 03 Time.mp3"/>
	<entry id="1060130311" project="LAO" informant="INF013" reel="3b" region="4" narrative="_N" label="Weather" state="OK" sex="M " age="78" age_level="4" education="1" town="Inola" county="Rogers" land_regions="D" locality="R" date="1962" latitude="36.15245" longitude="-95.51031" file_name="LAO(INF013)3b 04 Weather_N.mp3" path_to_file="LAP\Projects\LAO\Speakers\LAO(INF013)\Audio\LAO(INF013)3b\LAO(INF013)3b 04 Weather_N.mp3"/>
	<entry id="1060130312" project="LAO" informant="INF013" reel="3b" region="5" narrative="_Q" label="Weather" state="OK" sex="M " age="78" age_level="4" education="1" town="Inola" county="Rogers" land_regions="D" locality="R" date="1962" latitude="36.15245" longitude="-95.51031" file_name="LAO(INF013)3b 05 Weather.mp3" path_to_file="LAP\Projects\LAO\Speakers\LAO(INF013)\Audio\LAO(INF013)3b\LAO(INF013)3b 05 Weather.mp3"/>
	<entry id="1060130313" project="LAO" informant="INF013" reel="3b" region="6" narrative="_Q" label="Public Institutions " state="OK" sex="M " age="78" age_level="4" education="1" town="Inola" county="Rogers" land_regions="D" locality="R" date="1962" latitude="36.15245" longitude="-95.51031" file_name="LAO(INF013)3b 06 Public Institutions .mp3" path_to_file="LAP\Projects\LAO\Speakers\LAO(INF013)\Audio\LAO(INF013)3b\LAO(INF013)3b 06 Public Institutions .mp3"/>
	<entry id="1060130314" project="LAO" informant="INF013" reel="3b" region="7" narrative="_Q" label="Names, Titles and Occupations" state="OK" sex="M " age="78" age_level="4" education="1" town="Inola" county="Rogers" land_regions="D" locality="R" date="1962" latitude="36.15245" longitude="-95.51031" file_name="LAO(INF013)3b 07 Names, Titles and Occupations.mp3" path_to_file="LAP\Projects\LAO\Speakers\LAO(INF013)\Audio\LAO(INF013)3b\LAO(INF013)3b 07 Names, Titles and Occupations.mp3"/>
	<entry id="3060130302" project="LAO" informant="INF013" reel="3b" region="0" narrative="_I" label="Metadata" state="OK" sex="M " age="78" age_level="4" education="1" town="Inola" county="Rogers" land_regions="D" locality="R" date="1962" latitude="36.15245" longitude="-95.51031" file_name="LAO(INF013)3bmeta.txt" path_to_file="LAP\Projects\LAO\Speakers\LAO(INF013)\Audio\LAO(INF013)3b\LAO(INF013)3bmeta.txt"/>
	<entry id="1060130401" project="LAO" informant="INF013" reel="4a" region="1" narrative="_Q" label="Food and Cooking" state="OK" sex="M " age="78" age_level="4" education="1" town="Inola" county="Rogers" land_regions="D" locality="R" date="1962" latitude="36.15245" longitude="-95.51031" file_name="LAO(INF013)4a 01 Food and Cooking.mp3" path_to_file="LAP\Projects\LAO\Speakers\LAO(INF013)\Audio\LAO(INF013)4a\LAO(INF013)4a 01 Food and Cooking.mp3"/>
	<entry id="1060130402" project="LAO" informant="INF013" reel="4a" region="2" narrative="_Q" label="Food and Cooking" state="OK" sex="M " age="78" age_level="4" education="1" town="Inola" county="Rogers" land_regions="D" locality="R" date="1962" latitude="36.15245" longitude="-95.51031" file_name="LAO(INF013)4a 02 Food and Cooking.mp3" path_to_file="LAP\Projects\LAO\Speakers\LAO(INF013)\Audio\LAO(INF013)4a\LAO(INF013)4a 02 Food and Cooking.mp3"/>
	<entry id="1060130403" project="LAO" informant="INF013" reel="4a" region="3" narrative="_Q" label="Vegetables" state="OK" sex="M " age="78" age_level="4" education="1" town="Inola" county="Rogers" land_regions="D" locality="R" date="1962" latitude="36.15245" longitude="-95.51031" file_name="LAO(INF013)4a 03 Vegetables.mp3" path_to_file="LAP\Projects\LAO\Speakers\LAO(INF013)\Audio\LAO(INF013)4a\LAO(INF013)4a 03 Vegetables.mp3"/>
	<entry id="1060130404" project="LAO" informant="INF013" reel="4a" region="4" narrative="_Q" label="Vegetables" state="OK" sex="M " age="78" age_level="4" education="1" town="Inola" county="Rogers" land_regions="D" locality="R" date="1962" latitude="36.15245" longitude="-95.51031" file_name="LAO(INF013)4a 04 Vegetables.mp3" path_to_file="LAP\Projects\LAO\Speakers\LAO(INF013)\Audio\LAO(INF013)4a\LAO(INF013)4a 04 Vegetables.mp3"/>
	<entry id="1060130405" project="LAO" informant="INF013" reel="4a" region="5" narrative="_Q" label="Trees and Shrubs" state="OK" sex="M " age="78" age_level="4" education="1" town="Inola" county="Rogers" land_regions="D" locality="R" date="1962" latitude="36.15245" longitude="-95.51031" file_name="LAO(INF013)4a 05 Trees and Shrubs.mp3" path_to_file="LAP\Projects\LAO\Speakers\LAO(INF013)\Audio\LAO(INF013)4a\LAO(INF013)4a 05 Trees and Shrubs.mp3"/>
	<entry id="1060130406" project="LAO" informant="INF013" reel="4a" region="6" narrative="_Q" label="Verbs_Modals" state="OK" sex="M " age="78" age_level="4" education="1" town="Inola" county="Rogers" land_regions="D" locality="R" date="1962" latitude="36.15245" longitude="-95.51031" file_name="LAO(INF013)4a 06 Verbs_Modals.mp3" path_to_file="LAP\Projects\LAO\Speakers\LAO(INF013)\Audio\LAO(INF013)4a\LAO(INF013)4a 06 Verbs_Modals.mp3"/>
	<entry id="1060130407" project="LAO" informant="INF013" reel="4a" region="7" narrative="_Q" label="Wild Animals" state="OK" sex="M " age="78" age_level="4" education="1" town="Inola" county="Rogers" land_regions="D" locality="R" date="1962" latitude="36.15245" longitude="-95.51031" file_name="LAO(INF013)4a 07 Wild Animals.mp3" path_to_file="LAP\Projects\LAO\Speakers\LAO(INF013)\Audio\LAO(INF013)4a\LAO(INF013)4a 07 Wild Animals.mp3"/>
	<entry id="3060130401" project="LAO" informant="INF013" reel="4a" region="0" narrative="_I" label="Metadata" state="OK" sex="M " age="78" age_level="4" education="1" town="Inola" county="Rogers" land_regions="D" locality="R" date="1962" latitude="36.15245" longitude="-95.51031" file_name="LAO(INF013)4ameta.txt" path_to_file="LAP\Projects\LAO\Speakers\LAO(INF013)\Audio\LAO(INF013)4a\LAO(INF013)4ameta.txt"/>
	<entry id="1060130408" project="LAO" informant="INF013" reel="4b" region="1" narrative="_Q" label="Sport and Play" state="OK" sex="M " age="78" age_level="4" education="1" town="Inola" county="Rogers" land_regions="D" locality="R" date="1962" latitude="36.15245" longitude="-95.51031" file_name="LAO(INF013)4b 01 Sport and Play.mp3" path_to_file="LAP\Projects\LAO\Speakers\LAO(INF013)\Audio\LAO(INF013)4b\LAO(INF013)4b 01 Sport and Play.mp3"/>
	<entry id="1060130409" project="LAO" informant="INF013" reel="4b" region="2" narrative="_Q" label="Wild Animals" state="OK" sex="M " age="78" age_level="4" education="1" town="Inola" county="Rogers" land_regions="D" locality="R" date="1962" latitude="36.15245" longitude="-95.51031" file_name="LAO(INF013)4b 02 Wild Animals.mp3" path_to_file="LAP\Projects\LAO\Speakers\LAO(INF013)\Audio\LAO(INF013)4b\LAO(INF013)4b 02 Wild Animals.mp3"/>
	<entry id="1060130410" project="LAO" informant="INF013" reel="4b" region="3" narrative="_N" label="Wild Animals " state="OK" sex="M " age="78" age_level="4" education="1" town="Inola" county="Rogers" land_regions="D" locality="R" date="1962" latitude="36.15245" longitude="-95.51031" file_name="LAO(INF013)4b 03 Wild Animals_N .mp3" path_to_file="LAP\Projects\LAO\Speakers\LAO(INF013)\Audio\LAO(INF013)4b\LAO(INF013)4b 03 Wild Animals_N .mp3"/>
	<entry id="1060130411" project="LAO" informant="INF013" reel="4b" region="4" narrative="_Q" label="Trees and Shrubs" state="OK" sex="M " age="78" age_level="4" education="1" town="Inola" county="Rogers" land_regions="D" locality="R" date="1962" latitude="36.15245" longitude="-95.51031" file_name="LAO(INF013)4b 04 Trees and Shrubs.mp3" path_to_file="LAP\Projects\LAO\Speakers\LAO(INF013)\Audio\LAO(INF013)4b\LAO(INF013)4b 04 Trees and Shrubs.mp3"/>
	<entry id="1060130412" project="LAO" informant="INF013" reel="4b" region="5" narrative="_Q" label="Social Relations" state="OK" sex="M " age="78" age_level="4" education="1" town="Inola" county="Rogers" land_regions="D" locality="R" date="1962" latitude="36.15245" longitude="-95.51031" file_name="LAO(INF013)4b 05 Social Relations.mp3" path_to_file="LAP\Projects\LAO\Speakers\LAO(INF013)\Audio\LAO(INF013)4b\LAO(INF013)4b 05 Social Relations.mp3"/>
	<entry id="1060130413" project="LAO" informant="INF013" reel="4b" region="6" narrative="_Q" label="Social Relations" state="OK" sex="M " age="78" age_level="4" education="1" town="Inola" county="Rogers" land_regions="D" locality="R" date="1962" latitude="36.15245" longitude="-95.51031" file_name="LAO(INF013)4b 06 Social Relations.mp3" path_to_file="LAP\Projects\LAO\Speakers\LAO(INF013)\Audio\LAO(INF013)4b\LAO(INF013)4b 06 Social Relations.mp3"/>
	<entry id="1060130414" project="LAO" informant="INF013" reel="4b" region="7" narrative="_Q" label="Family" state="OK" sex="M " age="78" age_level="4" education="1" town="Inola" county="Rogers" land_regions="D" locality="R" date="1962" latitude="36.15245" longitude="-95.51031" file_name="LAO(INF013)4b 07 Family.mp3" path_to_file="LAP\Projects\LAO\Speakers\LAO(INF013)\Audio\LAO(INF013)4b\LAO(INF013)4b 07 Family.mp3"/>
	<entry id="3060130402" project="LAO" informant="INF013" reel="4b" region="0" narrative="_I" label="Metadata" state="OK" sex="M " age="78" age_level="4" education="1" town="Inola" county="Rogers" land_regions="D" locality="R" date="1962" latitude="36.15245" longitude="-95.51031" file_name="LAO(INF013)4bmeta.txt" path_to_file="LAP\Projects\LAO\Speakers\LAO(INF013)\Audio\LAO(INF013)4b\LAO(INF013)4bmeta.txt"/>
	<entry id="1060130415" project="LAO" informant="INF013" reel="4c" region="1" narrative="_Q" label="Social Relations" state="OK" sex="M " age="78" age_level="4" education="1" town="Inola" county="Rogers" land_regions="D" locality="R" date="1962" latitude="36.15245" longitude="-95.51031" file_name="LAO(INF013)4c 01 Social Relations.mp3" path_to_file="LAP\Projects\LAO\Speakers\LAO(INF013)\Audio\LAO(INF013)4c\LAO(INF013)4c 01 Social Relations.mp3"/>
	<entry id="1060130416" project="LAO" informant="INF013" reel="4c" region="2" narrative="_Q" label="Personal Characteristics" state="OK" sex="M " age="78" age_level="4" education="1" town="Inola" county="Rogers" land_regions="D" locality="R" date="1962" latitude="36.15245" longitude="-95.51031" file_name="LAO(INF013)4c 02 Personal Characteristics.mp3" path_to_file="LAP\Projects\LAO\Speakers\LAO(INF013)\Audio\LAO(INF013)4c\LAO(INF013)4c 02 Personal Characteristics.mp3"/>
	<entry id="1060130417" project="LAO" informant="INF013" reel="4c" region="3" narrative="_Q" label="Illness and Death" state="OK" sex="M " age="78" age_level="4" education="1" town="Inola" county="Rogers" land_regions="D" locality="R" date="1962" latitude="36.15245" longitude="-95.51031" file_name="LAO(INF013)4c 03 Illness and Death.mp3" path_to_file="LAP\Projects\LAO\Speakers\LAO(INF013)\Audio\LAO(INF013)4c\LAO(INF013)4c 03 Illness and Death.mp3"/>
	<entry id="1060130418" project="LAO" informant="INF013" reel="4c" region="4" narrative="_Q" label="Illness and Death" state="OK" sex="M " age="78" age_level="4" education="1" town="Inola" county="Rogers" land_regions="D" locality="R" date="1962" latitude="36.15245" longitude="-95.51031" file_name="LAO(INF013)4c 04 Illness and Death.mp3" path_to_file="LAP\Projects\LAO\Speakers\LAO(INF013)\Audio\LAO(INF013)4c\LAO(INF013)4c 04 Illness and Death.mp3"/>
	<entry id="1060130419" project="LAO" informant="INF013" reel="4c" region="5" narrative="_Q" label="Illness and Death" state="OK" sex="M " age="78" age_level="4" education="1" town="Inola" county="Rogers" land_regions="D" locality="R" date="1962" latitude="36.15245" longitude="-95.51031" file_name="LAO(INF013)4c 05 Illness and Death.mp3" path_to_file="LAP\Projects\LAO\Speakers\LAO(INF013)\Audio\LAO(INF013)4c\LAO(INF013)4c 05 Illness and Death.mp3"/>
	<entry id="1060130420" project="LAO" informant="INF013" reel="4c" region="6" narrative="_Q" label="Family" state="OK" sex="M " age="78" age_level="4" education="1" town="Inola" county="Rogers" land_regions="D" locality="R" date="1962" latitude="36.15245" longitude="-95.51031" file_name="LAO(INF013)4c 06 Family.mp3" path_to_file="LAP\Projects\LAO\Speakers\LAO(INF013)\Audio\LAO(INF013)4c\LAO(INF013)4c 06 Family.mp3"/>
	<entry id="1060130421" project="LAO" informant="INF013" reel="4c" region="7" narrative="_Q" label="Public Institutions" state="OK" sex="M " age="78" age_level="4" education="1" town="Inola" county="Rogers" land_regions="D" locality="R" date="1962" latitude="36.15245" longitude="-95.51031" file_name="LAO(INF013)4c 07 Public Institutions.mp3" path_to_file="LAP\Projects\LAO\Speakers\LAO(INF013)\Audio\LAO(INF013)4c\LAO(INF013)4c 07 Public Institutions.mp3"/>
	<entry id="1060130422" project="LAO" informant="INF013" reel="4c" region="8" narrative="_Q" label="Geography" state="OK" sex="M " age="78" age_level="4" education="1" town="Inola" county="Rogers" land_regions="D" locality="R" date="1962" latitude="36.15245" longitude="-95.51031" file_name="LAO(INF013)4c 08 Geography.mp3" path_to_file="LAP\Projects\LAO\Speakers\LAO(INF013)\Audio\LAO(INF013)4c\LAO(INF013)4c 08 Geography.mp3"/>
	<entry id="3060130403" project="LAO" informant="INF013" reel="4c" region="0" narrative="_I" label="Metadata" state="OK" sex="M " age="78" age_level="4" education="1" town="Inola" county="Rogers" land_regions="D" locality="R" date="1962" latitude="36.15245" longitude="-95.51031" file_name="LAO(INF013)4cmeta.txt" path_to_file="LAP\Projects\LAO\Speakers\LAO(INF013)\Audio\LAO(INF013)4c\LAO(INF013)4cmeta.txt"/>
	<entry id="3060130001" project="LAO" informant="INF013" reel="0" region="0" narrative="_I" label="Biographical Information" state="OK" sex="M " age="78" age_level="4" education="1" town="Inola" county="Rogers" land_regions="D" locality="R" date="1962" latitude="36.15245" longitude="-95.51031" file_name="LAO(INF013)BIO.txt" path_to_file="LAP\Projects\LAO\Speakers\LAO(INF013)\Text\LAO(INF013)BIO.txt"/>
</Audio>