<?xml version="1.0" encoding="UTF-8" standalone="yes"?>
<Audio>
	<entry id="1060160101" project="LAO" informant="INF016" reel="1a" region="1" narrative="_Q" label="Names, Titles and Occupations" state="OK" sex="M " age="37" age_level="1" education="4" town="Enid" county="Garfield" land_regions="D" locality="U" date="1962" latitude="36.39763" longitude="-97.87837" file_name="LAO(INF016)1a 01 Names, Titles and Occupations.mp3" path_to_file="LAP\Projects\LAO\Speakers\LAO(INF016)\Audio\LAO(INF016)1a\LAO(INF016)1a 01 Names, Titles and Occupations.mp3"/>
	<entry id="1060160102" project="LAO" informant="INF016" reel="1a" region="2" narrative="_Q" label="Geography" state="OK" sex="M " age="37" age_level="1" education="4" town="Enid" county="Garfield" land_regions="D" locality="U" date="1962" latitude="36.39763" longitude="-97.87837" file_name="LAO(INF016)1a 02 Geography.mp3" path_to_file="LAP\Projects\LAO\Speakers\LAO(INF016)\Audio\LAO(INF016)1a\LAO(INF016)1a 02 Geography.mp3"/>
	<entry id="1060160103" project="LAO" informant="INF016" reel="1a" region="3" narrative="_Q" label="Public Institutions" state="OK" sex="M " age="37" age_level="1" education="4" town="Enid" county="Garfield" land_regions="D" locality="U" date="1962" latitude="36.39763" longitude="-97.87837" file_name="LAO(INF016)1a 03 Public Institutions.mp3" path_to_file="LAP\Projects\LAO\Speakers\LAO(INF016)\Audio\LAO(INF016)1a\LAO(INF016)1a 03 Public Institutions.mp3"/>
	<entry id="1060160104" project="LAO" informant="INF016" reel="1a" region="4" narrative="_Q" label="Containers and Utensils" state="OK" sex="M " age="37" age_level="1" education="4" town="Enid" county="Garfield" land_regions="D" locality="U" date="1962" latitude="36.39763" longitude="-97.87837" file_name="LAO(INF016)1a 04 Containers and Utensils.mp3" path_to_file="LAP\Projects\LAO\Speakers\LAO(INF016)\Audio\LAO(INF016)1a\LAO(INF016)1a 04 Containers and Utensils.mp3"/>
	<entry id="1060160105" project="LAO" informant="INF016" reel="1a" region="5" narrative="_Q" label="Food and Cooking" state="OK" sex="M " age="37" age_level="1" education="4" town="Enid" county="Garfield" land_regions="D" locality="U" date="1962" latitude="36.39763" longitude="-97.87837" file_name="LAO(INF016)1a 05 Food and Cooking.mp3" path_to_file="LAP\Projects\LAO\Speakers\LAO(INF016)\Audio\LAO(INF016)1a\LAO(INF016)1a 05 Food and Cooking.mp3"/>
	<entry id="1060160106" project="LAO" informant="INF016" reel="1a" region="6" narrative="_Q" label="Dwellings" state="OK" sex="M " age="37" age_level="1" education="4" town="Enid" county="Garfield" land_regions="D" locality="U" date="1962" latitude="36.39763" longitude="-97.87837" file_name="LAO(INF016)1a 06 Dwellings.mp3" path_to_file="LAP\Projects\LAO\Speakers\LAO(INF016)\Audio\LAO(INF016)1a\LAO(INF016)1a 06 Dwellings.mp3"/>
	<entry id="1060160107" project="LAO" informant="INF016" reel="1a" region="7" narrative="_Q" label="The Farm" state="OK" sex="M " age="37" age_level="1" education="4" town="Enid" county="Garfield" land_regions="D" locality="U" date="1962" latitude="36.39763" longitude="-97.87837" file_name="LAO(INF016)1a 07 The Farm.mp3" path_to_file="LAP\Projects\LAO\Speakers\LAO(INF016)\Audio\LAO(INF016)1a\LAO(INF016)1a 07 The Farm.mp3"/>
	<entry id="3060160101" project="LAO" informant="INF016" reel="1a" region="0" narrative="_I" label="Metadata" state="OK" sex="M " age="37" age_level="1" education="4" town="Enid" county="Garfield" land_regions="D" locality="U" date="1962" latitude="36.39763" longitude="-97.87837" file_name="LAO(INF016)1ameta.txt" path_to_file="LAP\Projects\LAO\Speakers\LAO(INF016)\Audio\LAO(INF016)1a\LAO(INF016)1ameta.txt"/>
	<entry id="1060160108" project="LAO" informant="INF016" reel="1b" region="1" narrative="_Q" label="Agriculture" state="OK" sex="M " age="37" age_level="1" education="4" town="Enid" county="Garfield" land_regions="D" locality="U" date="1962" latitude="36.39763" longitude="-97.87837" file_name="LAO(INF016)1b 01 Agriculture.mp3" path_to_file="LAP\Projects\LAO\Speakers\LAO(INF016)\Audio\LAO(INF016)1b\LAO(INF016)1b 01 Agriculture.mp3"/>
	<entry id="1060160109" project="LAO" informant="INF016" reel="1b" region="2" narrative="_Q" label="The Farm" state="OK" sex="M " age="37" age_level="1" education="4" town="Enid" county="Garfield" land_regions="D" locality="U" date="1962" latitude="36.39763" longitude="-97.87837" file_name="LAO(INF016)1b 02 The Farm.mp3" path_to_file="LAP\Projects\LAO\Speakers\LAO(INF016)\Audio\LAO(INF016)1b\LAO(INF016)1b 02 The Farm.mp3"/>
	<entry id="1060160110" project="LAO" informant="INF016" reel="1b" region="3" narrative="_Q" label="Containers and Utensils" state="OK" sex="M " age="37" age_level="1" education="4" town="Enid" county="Garfield" land_regions="D" locality="U" date="1962" latitude="36.39763" longitude="-97.87837" file_name="LAO(INF016)1b 03 Containers and Utensils.mp3" path_to_file="LAP\Projects\LAO\Speakers\LAO(INF016)\Audio\LAO(INF016)1b\LAO(INF016)1b 03 Containers and Utensils.mp3"/>
	<entry id="1060160111" project="LAO" informant="INF016" reel="1b" region="4" narrative="_Q" label="Containers and Utensils" state="OK" sex="M " age="37" age_level="1" education="4" town="Enid" county="Garfield" land_regions="D" locality="U" date="1962" latitude="36.39763" longitude="-97.87837" file_name="LAO(INF016)1b 04 Containers and Utensils.mp3" path_to_file="LAP\Projects\LAO\Speakers\LAO(INF016)\Audio\LAO(INF016)1b\LAO(INF016)1b 04 Containers and Utensils.mp3"/>
	<entry id="1060160112" project="LAO" informant="INF016" reel="1b" region="5" narrative="_Q" label="Vehicles" state="OK" sex="M " age="37" age_level="1" education="4" town="Enid" county="Garfield" land_regions="D" locality="U" date="1962" latitude="36.39763" longitude="-97.87837" file_name="LAO(INF016)1b 05 Vehicles.mp3" path_to_file="LAP\Projects\LAO\Speakers\LAO(INF016)\Audio\LAO(INF016)1b\LAO(INF016)1b 05 Vehicles.mp3"/>
	<entry id="1060160113" project="LAO" informant="INF016" reel="1b" region="6" narrative="_Q" label="Verbs_Principal Parts" state="OK" sex="M " age="37" age_level="1" education="4" town="Enid" county="Garfield" land_regions="D" locality="U" date="1962" latitude="36.39763" longitude="-97.87837" file_name="LAO(INF016)1b 06 Verbs_Principal Parts.mp3" path_to_file="LAP\Projects\LAO\Speakers\LAO(INF016)\Audio\LAO(INF016)1b\LAO(INF016)1b 06 Verbs_Principal Parts.mp3"/>
	<entry id="1060160114" project="LAO" informant="INF016" reel="1b" region="7" narrative="_Q" label="Clothing" state="OK" sex="M " age="37" age_level="1" education="4" town="Enid" county="Garfield" land_regions="D" locality="U" date="1962" latitude="36.39763" longitude="-97.87837" file_name="LAO(INF016)1b 07 Clothing.mp3" path_to_file="LAP\Projects\LAO\Speakers\LAO(INF016)\Audio\LAO(INF016)1b\LAO(INF016)1b 07 Clothing.mp3"/>
	<entry id="3060160102" project="LAO" informant="INF016" reel="1b" region="0" narrative="_I" label="Metadata" state="OK" sex="M " age="37" age_level="1" education="4" town="Enid" county="Garfield" land_regions="D" locality="U" date="1962" latitude="36.39763" longitude="-97.87837" file_name="LAO(INF016)1bmeta.txt" path_to_file="LAP\Projects\LAO\Speakers\LAO(INF016)\Audio\LAO(INF016)1b\LAO(INF016)1bmeta.txt"/>
	<entry id="1060160115" project="LAO" informant="INF016" reel="1c" region="1" narrative="_Q" label="Topography" state="OK" sex="M " age="37" age_level="1" education="4" town="Enid" county="Garfield" land_regions="D" locality="U" date="1962" latitude="36.39763" longitude="-97.87837" file_name="LAO(INF016)1c 01 Topography.mp3" path_to_file="LAP\Projects\LAO\Speakers\LAO(INF016)\Audio\LAO(INF016)1c\LAO(INF016)1c 01 Topography.mp3"/>
	<entry id="1060160116" project="LAO" informant="INF016" reel="1c" region="2" narrative="_Q" label="Verbs_Principal Parts" state="OK" sex="M " age="37" age_level="1" education="4" town="Enid" county="Garfield" land_regions="D" locality="U" date="1962" latitude="36.39763" longitude="-97.87837" file_name="LAO(INF016)1c 02 Verbs_Principal Parts.mp3" path_to_file="LAP\Projects\LAO\Speakers\LAO(INF016)\Audio\LAO(INF016)1c\LAO(INF016)1c 02 Verbs_Principal Parts.mp3"/>
	<entry id="1060160117" project="LAO" informant="INF016" reel="1c" region="3" narrative="_Q" label="Domestic Animals" state="OK" sex="M " age="37" age_level="1" education="4" town="Enid" county="Garfield" land_regions="D" locality="U" date="1962" latitude="36.39763" longitude="-97.87837" file_name="LAO(INF016)1c 03 Domestic Animals.mp3" path_to_file="LAP\Projects\LAO\Speakers\LAO(INF016)\Audio\LAO(INF016)1c\LAO(INF016)1c 03 Domestic Animals.mp3"/>
	<entry id="1060160118" project="LAO" informant="INF016" reel="1c" region="4" narrative="_Q" label="Domestic Animals" state="OK" sex="M " age="37" age_level="1" education="4" town="Enid" county="Garfield" land_regions="D" locality="U" date="1962" latitude="36.39763" longitude="-97.87837" file_name="LAO(INF016)1c 04 Domestic Animals.mp3" path_to_file="LAP\Projects\LAO\Speakers\LAO(INF016)\Audio\LAO(INF016)1c\LAO(INF016)1c 04 Domestic Animals.mp3"/>
	<entry id="1060160119" project="LAO" informant="INF016" reel="1c" region="5" narrative="_Q" label="Adverbs" state="OK" sex="M " age="37" age_level="1" education="4" town="Enid" county="Garfield" land_regions="D" locality="U" date="1962" latitude="36.39763" longitude="-97.87837" file_name="LAO(INF016)1c 05 Adverbs.mp3" path_to_file="LAP\Projects\LAO\Speakers\LAO(INF016)\Audio\LAO(INF016)1c\LAO(INF016)1c 05 Adverbs.mp3"/>
	<entry id="1060160120" project="LAO" informant="INF016" reel="1c" region="6" narrative="_Q" label="Food and Cooking" state="OK" sex="M " age="37" age_level="1" education="4" town="Enid" county="Garfield" land_regions="D" locality="U" date="1962" latitude="36.39763" longitude="-97.87837" file_name="LAO(INF016)1c 06 Food and Cooking.mp3" path_to_file="LAP\Projects\LAO\Speakers\LAO(INF016)\Audio\LAO(INF016)1c\LAO(INF016)1c 06 Food and Cooking.mp3"/>
	<entry id="1060160121" project="LAO" informant="INF016" reel="1c" region="7" narrative="_Q" label="Business" state="OK" sex="M " age="37" age_level="1" education="4" town="Enid" county="Garfield" land_regions="D" locality="U" date="1962" latitude="36.39763" longitude="-97.87837" file_name="LAO(INF016)1c 07 Business.mp3" path_to_file="LAP\Projects\LAO\Speakers\LAO(INF016)\Audio\LAO(INF016)1c\LAO(INF016)1c 07 Business.mp3"/>
	<entry id="3060160103" project="LAO" informant="INF016" reel="1c" region="0" narrative="_I" label="Metadata" state="OK" sex="M " age="37" age_level="1" education="4" town="Enid" county="Garfield" land_regions="D" locality="U" date="1962" latitude="36.39763" longitude="-97.87837" file_name="LAO(INF016)1cmeta.txt" path_to_file="LAP\Projects\LAO\Speakers\LAO(INF016)\Audio\LAO(INF016)1c\LAO(INF016)1cmeta.txt"/>
	<entry id="1060160201" project="LAO" informant="INF016" reel="2a" region="1" narrative="_Q" label="Food and Cooking" state="OK" sex="M " age="37" age_level="1" education="4" town="Enid" county="Garfield" land_regions="D" locality="U" date="1962" latitude="36.39763" longitude="-97.87837" file_name="LAO(INF016)2a 01 Food and Cooking.mp3" path_to_file="LAP\Projects\LAO\Speakers\LAO(INF016)\Audio\LAO(INF016)2a\LAO(INF016)2a 01 Food and Cooking.mp3"/>
	<entry id="1060160202" project="LAO" informant="INF016" reel="2a" region="2" narrative="_Q" label="Food and Cooking" state="OK" sex="M " age="37" age_level="1" education="4" town="Enid" county="Garfield" land_regions="D" locality="U" date="1962" latitude="36.39763" longitude="-97.87837" file_name="LAO(INF016)2a 02 Food and Cooking.mp3" path_to_file="LAP\Projects\LAO\Speakers\LAO(INF016)\Audio\LAO(INF016)2a\LAO(INF016)2a 02 Food and Cooking.mp3"/>
	<entry id="1060160203" project="LAO" informant="INF016" reel="2a" region="3" narrative="_Q" label="Trees and Shrubs" state="OK" sex="M " age="37" age_level="1" education="4" town="Enid" county="Garfield" land_regions="D" locality="U" date="1962" latitude="36.39763" longitude="-97.87837" file_name="LAO(INF016)2a 03 Trees and Shrubs.mp3" path_to_file="LAP\Projects\LAO\Speakers\LAO(INF016)\Audio\LAO(INF016)2a\LAO(INF016)2a 03 Trees and Shrubs.mp3"/>
	<entry id="1060160204" project="LAO" informant="INF016" reel="2a" region="4" narrative="_Q" label="Food and Cooking" state="OK" sex="M " age="37" age_level="1" education="4" town="Enid" county="Garfield" land_regions="D" locality="U" date="1962" latitude="36.39763" longitude="-97.87837" file_name="LAO(INF016)2a 04 Food and Cooking.mp3" path_to_file="LAP\Projects\LAO\Speakers\LAO(INF016)\Audio\LAO(INF016)2a\LAO(INF016)2a 04 Food and Cooking.mp3"/>
	<entry id="1060160205" project="LAO" informant="INF016" reel="2a" region="5" narrative="_Q" label="Food and Cooking" state="OK" sex="M " age="37" age_level="1" education="4" town="Enid" county="Garfield" land_regions="D" locality="U" date="1962" latitude="36.39763" longitude="-97.87837" file_name="LAO(INF016)2a 05 Food and Cooking.mp3" path_to_file="LAP\Projects\LAO\Speakers\LAO(INF016)\Audio\LAO(INF016)2a\LAO(INF016)2a 05 Food and Cooking.mp3"/>
	<entry id="1060160206" project="LAO" informant="INF016" reel="2a" region="6" narrative="_Q" label="Wild Animals" state="OK" sex="M " age="37" age_level="1" education="4" town="Enid" county="Garfield" land_regions="D" locality="U" date="1962" latitude="36.39763" longitude="-97.87837" file_name="LAO(INF016)2a 06 Wild Animals.mp3" path_to_file="LAP\Projects\LAO\Speakers\LAO(INF016)\Audio\LAO(INF016)2a\LAO(INF016)2a 06 Wild Animals.mp3"/>
	<entry id="1060160207" project="LAO" informant="INF016" reel="2a" region="7" narrative="_Q" label="Wild Animals" state="OK" sex="M " age="37" age_level="1" education="4" town="Enid" county="Garfield" land_regions="D" locality="U" date="1962" latitude="36.39763" longitude="-97.87837" file_name="LAO(INF016)2a 07 Wild Animals.mp3" path_to_file="LAP\Projects\LAO\Speakers\LAO(INF016)\Audio\LAO(INF016)2a\LAO(INF016)2a 07 Wild Animals.mp3"/>
	<entry id="3060160201" project="LAO" informant="INF016" reel="2a" region="0" narrative="_I" label="Metadata" state="OK" sex="M " age="37" age_level="1" education="4" town="Enid" county="Garfield" land_regions="D" locality="U" date="1962" latitude="36.39763" longitude="-97.87837" file_name="LAO(INF016)2ameta.txt" path_to_file="LAP\Projects\LAO\Speakers\LAO(INF016)\Audio\LAO(INF016)2a\LAO(INF016)2ameta.txt"/>
	<entry id="1060160208" project="LAO" informant="INF016" reel="2b" region="1" narrative="_Q" label="Trees and Shrubs" state="OK" sex="M " age="37" age_level="1" education="4" town="Enid" county="Garfield" land_regions="D" locality="U" date="1962" latitude="36.39763" longitude="-97.87837" file_name="LAO(INF016)2b 01 Trees and Shrubs.mp3" path_to_file="LAP\Projects\LAO\Speakers\LAO(INF016)\Audio\LAO(INF016)2b\LAO(INF016)2b 01 Trees and Shrubs.mp3"/>
	<entry id="1060160209" project="LAO" informant="INF016" reel="2b" region="2" narrative="_Q" label="Domestic Animals" state="OK" sex="M " age="37" age_level="1" education="4" town="Enid" county="Garfield" land_regions="D" locality="U" date="1962" latitude="36.39763" longitude="-97.87837" file_name="LAO(INF016)2b 02 Domestic Animals.mp3" path_to_file="LAP\Projects\LAO\Speakers\LAO(INF016)\Audio\LAO(INF016)2b\LAO(INF016)2b 02 Domestic Animals.mp3"/>
	<entry id="1060160210" project="LAO" informant="INF016" reel="2b" region="3" narrative="_Q" label="Names, Titles and Occupations" state="OK" sex="M " age="37" age_level="1" education="4" town="Enid" county="Garfield" land_regions="D" locality="U" date="1962" latitude="36.39763" longitude="-97.87837" file_name="LAO(INF016)2b 03 Names, Titles and Occupations.mp3" path_to_file="LAP\Projects\LAO\Speakers\LAO(INF016)\Audio\LAO(INF016)2b\LAO(INF016)2b 03 Names, Titles and Occupations.mp3"/>
	<entry id="1060160211" project="LAO" informant="INF016" reel="2b" region="4" narrative="_Q" label="Body Parts" state="OK" sex="M " age="37" age_level="1" education="4" town="Enid" county="Garfield" land_regions="D" locality="U" date="1962" latitude="36.39763" longitude="-97.87837" file_name="LAO(INF016)2b 04 Body Parts.mp3" path_to_file="LAP\Projects\LAO\Speakers\LAO(INF016)\Audio\LAO(INF016)2b\LAO(INF016)2b 04 Body Parts.mp3"/>
	<entry id="1060160212" project="LAO" informant="INF016" reel="2b" region="5" narrative="_Q" label="Personal Characteristics" state="OK" sex="M " age="37" age_level="1" education="4" town="Enid" county="Garfield" land_regions="D" locality="U" date="1962" latitude="36.39763" longitude="-97.87837" file_name="LAO(INF016)2b 05 Personal Characteristics.mp3" path_to_file="LAP\Projects\LAO\Speakers\LAO(INF016)\Audio\LAO(INF016)2b\LAO(INF016)2b 05 Personal Characteristics.mp3"/>
	<entry id="1060160213" project="LAO" informant="INF016" reel="2b" region="6" narrative="_Q" label="Illness and Death" state="OK" sex="M " age="37" age_level="1" education="4" town="Enid" county="Garfield" land_regions="D" locality="U" date="1962" latitude="36.39763" longitude="-97.87837" file_name="LAO(INF016)2b 06 Illness and Death.mp3" path_to_file="LAP\Projects\LAO\Speakers\LAO(INF016)\Audio\LAO(INF016)2b\LAO(INF016)2b 06 Illness and Death.mp3"/>
	<entry id="1060160214" project="LAO" informant="INF016" reel="2b" region="7" narrative="_Q" label="Social Relations" state="OK" sex="M " age="37" age_level="1" education="4" town="Enid" county="Garfield" land_regions="D" locality="U" date="1962" latitude="36.39763" longitude="-97.87837" file_name="LAO(INF016)2b 07 Social Relations.mp3" path_to_file="LAP\Projects\LAO\Speakers\LAO(INF016)\Audio\LAO(INF016)2b\LAO(INF016)2b 07 Social Relations.mp3"/>
	<entry id="3060160202" project="LAO" informant="INF016" reel="2b" region="0" narrative="_I" label="Metadata" state="OK" sex="M " age="37" age_level="1" education="4" town="Enid" county="Garfield" land_regions="D" locality="U" date="1962" latitude="36.39763" longitude="-97.87837" file_name="LAO(INF016)2bmeta.txt" path_to_file="LAP\Projects\LAO\Speakers\LAO(INF016)\Audio\LAO(INF016)2b\LAO(INF016)2bmeta.txt"/>
	<entry id="1060160215" project="LAO" informant="INF016" reel="2c" region="1" narrative="_Q" label="Vehicles" state="OK" sex="M " age="37" age_level="1" education="4" town="Enid" county="Garfield" land_regions="D" locality="U" date="1962" latitude="36.39763" longitude="-97.87837" file_name="LAO(INF016)2c 01 Vehicles.mp3" path_to_file="LAP\Projects\LAO\Speakers\LAO(INF016)\Audio\LAO(INF016)2c\LAO(INF016)2c 01 Vehicles.mp3"/>
	<entry id="1060160216" project="LAO" informant="INF016" reel="2c" region="2" narrative="_Q" label="Geography" state="OK" sex="M " age="37" age_level="1" education="4" town="Enid" county="Garfield" land_regions="D" locality="U" date="1962" latitude="36.39763" longitude="-97.87837" file_name="LAO(INF016)2c 02 Geography.mp3" path_to_file="LAP\Projects\LAO\Speakers\LAO(INF016)\Audio\LAO(INF016)2c\LAO(INF016)2c 02 Geography.mp3"/>
	<entry id="1060160217" project="LAO" informant="INF016" reel="2c" region="3" narrative="_Q" label="Religion" state="OK" sex="M " age="37" age_level="1" education="4" town="Enid" county="Garfield" land_regions="D" locality="U" date="1962" latitude="36.39763" longitude="-97.87837" file_name="LAO(INF016)2c 03 Religion.mp3" path_to_file="LAP\Projects\LAO\Speakers\LAO(INF016)\Audio\LAO(INF016)2c\LAO(INF016)2c 03 Religion.mp3"/>
	<entry id="1060160218" project="LAO" informant="INF016" reel="2c" region="4" narrative="_Q" label="Business" state="OK" sex="M " age="37" age_level="1" education="4" town="Enid" county="Garfield" land_regions="D" locality="U" date="1962" latitude="36.39763" longitude="-97.87837" file_name="LAO(INF016)2c 04 Business.mp3" path_to_file="LAP\Projects\LAO\Speakers\LAO(INF016)\Audio\LAO(INF016)2c\LAO(INF016)2c 04 Business.mp3"/>
	<entry id="1060160219" project="LAO" informant="INF016" reel="2c" region="5" narrative="_Q" label="Sport and Play" state="OK" sex="M " age="37" age_level="1" education="4" town="Enid" county="Garfield" land_regions="D" locality="U" date="1962" latitude="36.39763" longitude="-97.87837" file_name="LAO(INF016)2c 05 Sport and Play.mp3" path_to_file="LAP\Projects\LAO\Speakers\LAO(INF016)\Audio\LAO(INF016)2c\LAO(INF016)2c 05 Sport and Play.mp3"/>
	<entry id="1060160220" project="LAO" informant="INF016" reel="2c" region="6" narrative="_Q" label="Names, Titles and Occupations" state="OK" sex="M " age="37" age_level="1" education="4" town="Enid" county="Garfield" land_regions="D" locality="U" date="1962" latitude="36.39763" longitude="-97.87837" file_name="LAO(INF016)2c 06 Names, Titles and Occupations.mp3" path_to_file="LAP\Projects\LAO\Speakers\LAO(INF016)\Audio\LAO(INF016)2c\LAO(INF016)2c 06 Names, Titles and Occupations.mp3"/>
	<entry id="1060160221" project="LAO" informant="INF016" reel="2c" region="7" narrative="_Q" label="Names, Titles and Occupations" state="OK" sex="M " age="37" age_level="1" education="4" town="Enid" county="Garfield" land_regions="D" locality="U" date="1962" latitude="36.39763" longitude="-97.87837" file_name="LAO(INF016)2c 07 Names, Titles and Occupations.mp3" path_to_file="LAP\Projects\LAO\Speakers\LAO(INF016)\Audio\LAO(INF016)2c\LAO(INF016)2c 07 Names, Titles and Occupations.mp3"/>
	<entry id="3060160203" project="LAO" informant="INF016" reel="2c" region="0" narrative="_I" label="Metadata" state="OK" sex="M " age="37" age_level="1" education="4" town="Enid" county="Garfield" land_regions="D" locality="U" date="1962" latitude="36.39763" longitude="-97.87837" file_name="LAO(INF016)2cmeta.txt" path_to_file="LAP\Projects\LAO\Speakers\LAO(INF016)\Audio\LAO(INF016)2c\LAO(INF016)2cmeta.txt"/>
	<entry id="1060160301" project="LAO" informant="INF016" reel="3a" region="1" narrative="_Q" label="Sport and Play" state="OK" sex="M " age="37" age_level="1" education="4" town="Enid" county="Garfield" land_regions="D" locality="U" date="1962" latitude="36.39763" longitude="-97.87837" file_name="LAO(INF016)3a 01 Sport and Play.mp3" path_to_file="LAP\Projects\LAO\Speakers\LAO(INF016)\Audio\LAO(INF016)3a\LAO(INF016)3a 01 Sport and Play.mp3"/>
	<entry id="1060160302" project="LAO" informant="INF016" reel="3a" region="2" narrative="_Q" label="Containers and Utensils" state="OK" sex="M " age="37" age_level="1" education="4" town="Enid" county="Garfield" land_regions="D" locality="U" date="1962" latitude="36.39763" longitude="-97.87837" file_name="LAO(INF016)3a 02 Containers and Utensils.mp3" path_to_file="LAP\Projects\LAO\Speakers\LAO(INF016)\Audio\LAO(INF016)3a\LAO(INF016)3a 02 Containers and Utensils.mp3"/>
	<entry id="1060160303" project="LAO" informant="INF016" reel="3a" region="3" narrative="_Q" label="Public Institutions" state="OK" sex="M " age="37" age_level="1" education="4" town="Enid" county="Garfield" land_regions="D" locality="U" date="1962" latitude="36.39763" longitude="-97.87837" file_name="LAO(INF016)3a 03 Public Institutions.mp3" path_to_file="LAP\Projects\LAO\Speakers\LAO(INF016)\Audio\LAO(INF016)3a\LAO(INF016)3a 03 Public Institutions.mp3"/>
	<entry id="1060160304" project="LAO" informant="INF016" reel="3a" region="4" narrative="_Q" label="Weather" state="OK" sex="M " age="37" age_level="1" education="4" town="Enid" county="Garfield" land_regions="D" locality="U" date="1962" latitude="36.39763" longitude="-97.87837" file_name="LAO(INF016)3a 04 Weather.mp3" path_to_file="LAP\Projects\LAO\Speakers\LAO(INF016)\Audio\LAO(INF016)3a\LAO(INF016)3a 04 Weather.mp3"/>
	<entry id="1060160305" project="LAO" informant="INF016" reel="3a" region="5" narrative="_Q" label="Family" state="OK" sex="M " age="37" age_level="1" education="4" town="Enid" county="Garfield" land_regions="D" locality="U" date="1962" latitude="36.39763" longitude="-97.87837" file_name="LAO(INF016)3a 05 Family.mp3" path_to_file="LAP\Projects\LAO\Speakers\LAO(INF016)\Audio\LAO(INF016)3a\LAO(INF016)3a 05 Family.mp3"/>
	<entry id="1060160306" project="LAO" informant="INF016" reel="3a" region="6" narrative="_Q" label="Agriculture" state="OK" sex="M " age="37" age_level="1" education="4" town="Enid" county="Garfield" land_regions="D" locality="U" date="1962" latitude="36.39763" longitude="-97.87837" file_name="LAO(INF016)3a 06 Agriculture.mp3" path_to_file="LAP\Projects\LAO\Speakers\LAO(INF016)\Audio\LAO(INF016)3a\LAO(INF016)3a 06 Agriculture.mp3"/>
	<entry id="1060160307" project="LAO" informant="INF016" reel="3a" region="7" narrative="_Q" label="Prepositions" state="OK" sex="M " age="37" age_level="1" education="4" town="Enid" county="Garfield" land_regions="D" locality="U" date="1962" latitude="36.39763" longitude="-97.87837" file_name="LAO(INF016)3a 07 Prepositions.mp3" path_to_file="LAP\Projects\LAO\Speakers\LAO(INF016)\Audio\LAO(INF016)3a\LAO(INF016)3a 07 Prepositions.mp3"/>
	<entry id="3060160301" project="LAO" informant="INF016" reel="3a" region="0" narrative="_I" label="Metadata" state="OK" sex="M " age="37" age_level="1" education="4" town="Enid" county="Garfield" land_regions="D" locality="U" date="1962" latitude="36.39763" longitude="-97.87837" file_name="LAO(INF016)3ameta.txt" path_to_file="LAP\Projects\LAO\Speakers\LAO(INF016)\Audio\LAO(INF016)3a\LAO(INF016)3ameta.txt"/>
	<entry id="1060160308" project="LAO" informant="INF016" reel="3b" region="1" narrative="_Q" label="Public Institutions" state="OK" sex="M " age="37" age_level="1" education="4" town="Enid" county="Garfield" land_regions="D" locality="U" date="1962" latitude="36.39763" longitude="-97.87837" file_name="LAO(INF016)3b 01 Public Institutions.mp3" path_to_file="LAP\Projects\LAO\Speakers\LAO(INF016)\Audio\LAO(INF016)3b\LAO(INF016)3b 01 Public Institutions.mp3"/>
	<entry id="1060160309" project="LAO" informant="INF016" reel="3b" region="2" narrative="_Q" label="Pronouns" state="OK" sex="M " age="37" age_level="1" education="4" town="Enid" county="Garfield" land_regions="D" locality="U" date="1962" latitude="36.39763" longitude="-97.87837" file_name="LAO(INF016)3b 02 Pronouns.mp3" path_to_file="LAP\Projects\LAO\Speakers\LAO(INF016)\Audio\LAO(INF016)3b\LAO(INF016)3b 02 Pronouns.mp3"/>
	<entry id="1060160310" project="LAO" informant="INF016" reel="3b" region="3" narrative="_Q" label="Pronouns" state="OK" sex="M " age="37" age_level="1" education="4" town="Enid" county="Garfield" land_regions="D" locality="U" date="1962" latitude="36.39763" longitude="-97.87837" file_name="LAO(INF016)3b 03 Pronouns.mp3" path_to_file="LAP\Projects\LAO\Speakers\LAO(INF016)\Audio\LAO(INF016)3b\LAO(INF016)3b 03 Pronouns.mp3"/>
	<entry id="1060160311" project="LAO" informant="INF016" reel="3b" region="4" narrative="_Q" label="Verbs_Modals" state="OK" sex="M " age="37" age_level="1" education="4" town="Enid" county="Garfield" land_regions="D" locality="U" date="1962" latitude="36.39763" longitude="-97.87837" file_name="LAO(INF016)3b 04 Verbs_Modals.mp3" path_to_file="LAP\Projects\LAO\Speakers\LAO(INF016)\Audio\LAO(INF016)3b\LAO(INF016)3b 04 Verbs_Modals.mp3"/>
	<entry id="1060160312" project="LAO" informant="INF016" reel="3b" region="5" narrative="_Q" label="Names, Titles and Occupations" state="OK" sex="M " age="37" age_level="1" education="4" town="Enid" county="Garfield" land_regions="D" locality="U" date="1962" latitude="36.39763" longitude="-97.87837" file_name="LAO(INF016)3b 05 Names, Titles and Occupations.mp3" path_to_file="LAP\Projects\LAO\Speakers\LAO(INF016)\Audio\LAO(INF016)3b\LAO(INF016)3b 05 Names, Titles and Occupations.mp3"/>
	<entry id="1060160313" project="LAO" informant="INF016" reel="3b" region="6" narrative="_Q" label="Verbs_Principal Parts" state="OK" sex="M " age="37" age_level="1" education="4" town="Enid" county="Garfield" land_regions="D" locality="U" date="1962" latitude="36.39763" longitude="-97.87837" file_name="LAO(INF016)3b 06 Verbs_Principal Parts.mp3" path_to_file="LAP\Projects\LAO\Speakers\LAO(INF016)\Audio\LAO(INF016)3b\LAO(INF016)3b 06 Verbs_Principal Parts.mp3"/>
	<entry id="1060160314" project="LAO" informant="INF016" reel="3b" region="7" narrative="_Q" label="Personal Characteristics" state="OK" sex="M " age="37" age_level="1" education="4" town="Enid" county="Garfield" land_regions="D" locality="U" date="1962" latitude="36.39763" longitude="-97.87837" file_name="LAO(INF016)3b 07 Personal Characteristics.mp3" path_to_file="LAP\Projects\LAO\Speakers\LAO(INF016)\Audio\LAO(INF016)3b\LAO(INF016)3b 07 Personal Characteristics.mp3"/>
	<entry id="3060160302" project="LAO" informant="INF016" reel="3b" region="0" narrative="_I" label="Metadata" state="OK" sex="M " age="37" age_level="1" education="4" town="Enid" county="Garfield" land_regions="D" locality="U" date="1962" latitude="36.39763" longitude="-97.87837" file_name="LAO(INF016)3bmeta.txt" path_to_file="LAP\Projects\LAO\Speakers\LAO(INF016)\Audio\LAO(INF016)3b\LAO(INF016)3bmeta.txt"/>
	<entry id="3060160001" project="LAO" informant="INF016" reel="0" region="0" narrative="_I" label="Biographical Information" state="OK" sex="M " age="37" age_level="1" education="4" town="Enid" county="Garfield" land_regions="D" locality="U" date="1962" latitude="36.39763" longitude="-97.87837" file_name="LAO(INF016)BIO.txt" path_to_file="LAP\Projects\LAO\Speakers\LAO(INF016)\Text\LAO(INF016)BIO.txt"/>
</Audio>