<?xml version="1.0" encoding="UTF-8" standalone="yes"?>
<Audio>
	<entry id="1060050101" project="LAO" informant="INF005" reel="1" region="1" narrative="_Q" label="Greetings and Salutations" state="OK" sex="F" age="33" age_level="1" education="4" town="Tulsa" county="Oklahoma" land_regions="D" locality="U" date="1962" latitude="36.14924" longitude="-95.99306" file_name="LAO(INF005)1a 01 Greetings and Salutations.mp3" path_to_file="LAP\Projects\LAO\Speakers\LAO(INF005)\Audio\LAO(INF005)1a\LAO(INF005)1a 01 Greetings and Salutations.mp3"/>
	<entry id="1060050102" project="LAO" informant="INF005" reel="1" region="2" narrative="_Q" label="Time" state="OK" sex="F" age="33" age_level="1" education="4" town="Tulsa" county="Oklahoma" land_regions="D" locality="U" date="1962" latitude="36.14924" longitude="-95.99306" file_name="LAO(INF005)1a 02 Time.mp3" path_to_file="LAP\Projects\LAO\Speakers\LAO(INF005)\Audio\LAO(INF005)1a\LAO(INF005)1a 02 Time.mp3"/>
	<entry id="1060050103" project="LAO" informant="INF005" reel="1" region="3" narrative="_Q" label="Weather" state="OK" sex="F" age="33" age_level="1" education="4" town="Tulsa" county="Oklahoma" land_regions="D" locality="U" date="1962" latitude="36.14924" longitude="-95.99306" file_name="LAO(INF005)1a 03 Weather.mp3" path_to_file="LAP\Projects\LAO\Speakers\LAO(INF005)\Audio\LAO(INF005)1a\LAO(INF005)1a 03 Weather.mp3"/>
	<entry id="1060050104" project="LAO" informant="INF005" reel="1" region="4" narrative="_Q" label="Weather" state="OK" sex="F" age="33" age_level="1" education="4" town="Tulsa" county="Oklahoma" land_regions="D" locality="U" date="1962" latitude="36.14924" longitude="-95.99306" file_name="LAO(INF005)1a 04 Weather.mp3" path_to_file="LAP\Projects\LAO\Speakers\LAO(INF005)\Audio\LAO(INF005)1a\LAO(INF005)1a 04 Weather.mp3"/>
	<entry id="1060050105" project="LAO" informant="INF005" reel="1" region="5" narrative="_Q" label="Sport and Play" state="OK" sex="F" age="33" age_level="1" education="4" town="Tulsa" county="Oklahoma" land_regions="D" locality="U" date="1962" latitude="36.14924" longitude="-95.99306" file_name="LAO(INF005)1a 05 Sport and Play.mp3" path_to_file="LAP\Projects\LAO\Speakers\LAO(INF005)\Audio\LAO(INF005)1a\LAO(INF005)1a 05 Sport and Play.mp3"/>
	<entry id="1060050106" project="LAO" informant="INF005" reel="1" region="6" narrative="_Q" label="Dwellings" state="OK" sex="F" age="33" age_level="1" education="4" town="Tulsa" county="Oklahoma" land_regions="D" locality="U" date="1962" latitude="36.14924" longitude="-95.99306" file_name="LAO(INF005)1a 06 Dwellings.mp3" path_to_file="LAP\Projects\LAO\Speakers\LAO(INF005)\Audio\LAO(INF005)1a\LAO(INF005)1a 06 Dwellings.mp3"/>
	<entry id="1060050107" project="LAO" informant="INF005" reel="1" region="7" narrative="_Q" label="Dwellings" state="OK" sex="F" age="33" age_level="1" education="4" town="Tulsa" county="Oklahoma" land_regions="D" locality="U" date="1962" latitude="36.14924" longitude="-95.99306" file_name="LAO(INF005)1a 07 Dwellings.mp3" path_to_file="LAP\Projects\LAO\Speakers\LAO(INF005)\Audio\LAO(INF005)1a\LAO(INF005)1a 07 Dwellings.mp3"/>
	<entry id="3060050101" project="LAO" informant="INF005" reel="1" region="0" narrative="_I" label="Metadata" state="OK" sex="F" age="33" age_level="1" education="4" town="Tulsa" county="Oklahoma" land_regions="D" locality="U" date="1962" latitude="36.14924" longitude="-95.99306" file_name="LAO(INF005)1ameta.txt" path_to_file="LAP\Projects\LAO\Speakers\LAO(INF005)\Audio\LAO(INF005)1a\LAO(INF005)1ameta.txt"/>
	<entry id="1060050108" project="LAO" informant="INF005" reel="1" region="1" narrative="_Q" label="Dwellings" state="OK" sex="F" age="33" age_level="1" education="4" town="Tulsa" county="Oklahoma" land_regions="D" locality="U" date="1962" latitude="36.14924" longitude="-95.99306" file_name="LAO(INF005)1b 01 Dwellings.mp3" path_to_file="LAP\Projects\LAO\Speakers\LAO(INF005)\Audio\LAO(INF005)1b\LAO(INF005)1b 01 Dwellings.mp3"/>
	<entry id="1060050109" project="LAO" informant="INF005" reel="1" region="2" narrative="_Q" label="Dwellings" state="OK" sex="F" age="33" age_level="1" education="4" town="Tulsa" county="Oklahoma" land_regions="D" locality="U" date="1962" latitude="36.14924" longitude="-95.99306" file_name="LAO(INF005)1b 02 Dwellings.mp3" path_to_file="LAP\Projects\LAO\Speakers\LAO(INF005)\Audio\LAO(INF005)1b\LAO(INF005)1b 02 Dwellings.mp3"/>
	<entry id="1060050110" project="LAO" informant="INF005" reel="1" region="3" narrative="_Q" label="The Farm" state="OK" sex="F" age="33" age_level="1" education="4" town="Tulsa" county="Oklahoma" land_regions="D" locality="U" date="1962" latitude="36.14924" longitude="-95.99306" file_name="LAO(INF005)1b 03 The Farm.mp3" path_to_file="LAP\Projects\LAO\Speakers\LAO(INF005)\Audio\LAO(INF005)1b\LAO(INF005)1b 03 The Farm.mp3"/>
	<entry id="1060050111" project="LAO" informant="INF005" reel="1" region="4" narrative="_Q" label="The Farm" state="OK" sex="F" age="33" age_level="1" education="4" town="Tulsa" county="Oklahoma" land_regions="D" locality="U" date="1962" latitude="36.14924" longitude="-95.99306" file_name="LAO(INF005)1b 04 The Farm.mp3" path_to_file="LAP\Projects\LAO\Speakers\LAO(INF005)\Audio\LAO(INF005)1b\LAO(INF005)1b 04 The Farm.mp3"/>
	<entry id="3060050102" project="LAO" informant="INF005" reel="1" region="0" narrative="_I" label="Metadata" state="OK" sex="F" age="33" age_level="1" education="4" town="Tulsa" county="Oklahoma" land_regions="D" locality="U" date="1962" latitude="36.14924" longitude="-95.99306" file_name="LAO(INF005)1bmeta.txt" path_to_file="LAP\Projects\LAO\Speakers\LAO(INF005)\Audio\LAO(INF005)1b\LAO(INF005)1bmeta.txt"/>
	<entry id="1060050201" project="LAO" informant="INF005" reel="2" region="1" narrative="_Q" label="Public Institutions" state="OK" sex="F" age="33" age_level="1" education="4" town="Tulsa" county="Oklahoma" land_regions="D" locality="U" date="1962" latitude="36.14924" longitude="-95.99306" file_name="LAO(INF005)2a 01 Public Institutions.mp3" path_to_file="LAP\Projects\LAO\Speakers\LAO(INF005)\Audio\LAO(INF005)2a\LAO(INF005)2a 01 Public Institutions.mp3"/>
	<entry id="1060050202" project="LAO" informant="INF005" reel="2" region="2" narrative="_Q" label="Containers and Utensils" state="OK" sex="F" age="33" age_level="1" education="4" town="Tulsa" county="Oklahoma" land_regions="D" locality="U" date="1962" latitude="36.14924" longitude="-95.99306" file_name="LAO(INF005)2a 02 Containers and Utensils.mp3" path_to_file="LAP\Projects\LAO\Speakers\LAO(INF005)\Audio\LAO(INF005)2a\LAO(INF005)2a 02 Containers and Utensils.mp3"/>
	<entry id="1060050203" project="LAO" informant="INF005" reel="2" region="3" narrative="_Q" label="Containers and Utensils" state="OK" sex="F" age="33" age_level="1" education="4" town="Tulsa" county="Oklahoma" land_regions="D" locality="U" date="1962" latitude="36.14924" longitude="-95.99306" file_name="LAO(INF005)2a 03 Containers and Utensils.mp3" path_to_file="LAP\Projects\LAO\Speakers\LAO(INF005)\Audio\LAO(INF005)2a\LAO(INF005)2a 03 Containers and Utensils.mp3"/>
	<entry id="1060050204" project="LAO" informant="INF005" reel="2" region="4" narrative="_Q" label="Vehicles" state="OK" sex="F" age="33" age_level="1" education="4" town="Tulsa" county="Oklahoma" land_regions="D" locality="U" date="1962" latitude="36.14924" longitude="-95.99306" file_name="LAO(INF005)2a 04 Vehicles.mp3" path_to_file="LAP\Projects\LAO\Speakers\LAO(INF005)\Audio\LAO(INF005)2a\LAO(INF005)2a 04 Vehicles.mp3"/>
	<entry id="1060050205" project="LAO" informant="INF005" reel="2" region="5" narrative="_Q" label="Sport and Play" state="OK" sex="F" age="33" age_level="1" education="4" town="Tulsa" county="Oklahoma" land_regions="D" locality="U" date="1962" latitude="36.14924" longitude="-95.99306" file_name="LAO(INF005)2a 05 Sport and Play.mp3" path_to_file="LAP\Projects\LAO\Speakers\LAO(INF005)\Audio\LAO(INF005)2a\LAO(INF005)2a 05 Sport and Play.mp3"/>
	<entry id="1060050206" project="LAO" informant="INF005" reel="2" region="6" narrative="_Q" label="Vehicles" state="OK" sex="F" age="33" age_level="1" education="4" town="Tulsa" county="Oklahoma" land_regions="D" locality="U" date="1962" latitude="36.14924" longitude="-95.99306" file_name="LAO(INF005)2a 06 Vehicles.mp3" path_to_file="LAP\Projects\LAO\Speakers\LAO(INF005)\Audio\LAO(INF005)2a\LAO(INF005)2a 06 Vehicles.mp3"/>
	<entry id="1060050207" project="LAO" informant="INF005" reel="2" region="7" narrative="_Q" label="Verbs_ Principal Parts" state="OK" sex="F" age="33" age_level="1" education="4" town="Tulsa" county="Oklahoma" land_regions="D" locality="U" date="1962" latitude="36.14924" longitude="-95.99306" file_name="LAO(INF005)2a 07 Verbs_ Principal Parts.mp3" path_to_file="LAP\Projects\LAO\Speakers\LAO(INF005)\Audio\LAO(INF005)2a\LAO(INF005)2a 07 Verbs_ Principal Parts.mp3"/>
	<entry id="3060050201" project="LAO" informant="INF005" reel="2" region="0" narrative="_I" label="Metadata" state="OK" sex="F" age="33" age_level="1" education="4" town="Tulsa" county="Oklahoma" land_regions="D" locality="U" date="1962" latitude="36.14924" longitude="-95.99306" file_name="LAO(INF005)2ameta.txt" path_to_file="LAP\Projects\LAO\Speakers\LAO(INF005)\Audio\LAO(INF005)2a\LAO(INF005)2ameta.txt"/>
	<entry id="1060050208" project="LAO" informant="INF005" reel="2" region="1" narrative="_Q" label="Topography" state="OK" sex="F" age="33" age_level="1" education="4" town="Tulsa" county="Oklahoma" land_regions="D" locality="U" date="1962" latitude="36.14924" longitude="-95.99306" file_name="LAO(INF005)2b 01 Topography.mp3" path_to_file="LAP\Projects\LAO\Speakers\LAO(INF005)\Audio\LAO(INF005)2b\LAO(INF005)2b 01 Topography.mp3"/>
	<entry id="1060050209" project="LAO" informant="INF005" reel="2" region="2" narrative="_Q" label="Agriculture" state="OK" sex="F" age="33" age_level="1" education="4" town="Tulsa" county="Oklahoma" land_regions="D" locality="U" date="1962" latitude="36.14924" longitude="-95.99306" file_name="LAO(INF005)2b 02 Agriculture.mp3" path_to_file="LAP\Projects\LAO\Speakers\LAO(INF005)\Audio\LAO(INF005)2b\LAO(INF005)2b 02 Agriculture.mp3"/>
	<entry id="1060050210" project="LAO" informant="INF005" reel="2" region="3" narrative="_Q" label="Domestic Animals" state="OK" sex="F" age="33" age_level="1" education="4" town="Tulsa" county="Oklahoma" land_regions="D" locality="U" date="1962" latitude="36.14924" longitude="-95.99306" file_name="LAO(INF005)2b 03 Domestic Animals.mp3" path_to_file="LAP\Projects\LAO\Speakers\LAO(INF005)\Audio\LAO(INF005)2b\LAO(INF005)2b 03 Domestic Animals.mp3"/>
	<entry id="1060050211" project="LAO" informant="INF005" reel="2" region="4" narrative="_Q" label="Domestic Animals" state="OK" sex="F" age="33" age_level="1" education="4" town="Tulsa" county="Oklahoma" land_regions="D" locality="U" date="1962" latitude="36.14924" longitude="-95.99306" file_name="LAO(INF005)2b 04 Domestic Animals.mp3" path_to_file="LAP\Projects\LAO\Speakers\LAO(INF005)\Audio\LAO(INF005)2b\LAO(INF005)2b 04 Domestic Animals.mp3"/>
	<entry id="1060050212" project="LAO" informant="INF005" reel="2" region="5" narrative="_Q" label="Domestic Animals" state="OK" sex="F" age="33" age_level="1" education="4" town="Tulsa" county="Oklahoma" land_regions="D" locality="U" date="1962" latitude="36.14924" longitude="-95.99306" file_name="LAO(INF005)2b 05 Domestic Animals.mp3" path_to_file="LAP\Projects\LAO\Speakers\LAO(INF005)\Audio\LAO(INF005)2b\LAO(INF005)2b 05 Domestic Animals.mp3"/>
	<entry id="1060050213" project="LAO" informant="INF005" reel="2" region="6" narrative="_Q" label="Public Institutions" state="OK" sex="F" age="33" age_level="1" education="4" town="Tulsa" county="Oklahoma" land_regions="D" locality="U" date="1962" latitude="36.14924" longitude="-95.99306" file_name="LAO(INF005)2b 06 Public Institutions.mp3" path_to_file="LAP\Projects\LAO\Speakers\LAO(INF005)\Audio\LAO(INF005)2b\LAO(INF005)2b 06 Public Institutions.mp3"/>
	<entry id="1060050214" project="LAO" informant="INF005" reel="2" region="7" narrative="_Q" label="Agriculture" state="OK" sex="F" age="33" age_level="1" education="4" town="Tulsa" county="Oklahoma" land_regions="D" locality="U" date="1962" latitude="36.14924" longitude="-95.99306" file_name="LAO(INF005)2b 07 Agriculture.mp3" path_to_file="LAP\Projects\LAO\Speakers\LAO(INF005)\Audio\LAO(INF005)2b\LAO(INF005)2b 07 Agriculture.mp3"/>
	<entry id="3060050202" project="LAO" informant="INF005" reel="2" region="0" narrative="_I" label="Metadata" state="OK" sex="F" age="33" age_level="1" education="4" town="Tulsa" county="Oklahoma" land_regions="D" locality="U" date="1962" latitude="36.14924" longitude="-95.99306" file_name="LAO(INF005)2bmeta.txt" path_to_file="LAP\Projects\LAO\Speakers\LAO(INF005)\Audio\LAO(INF005)2b\LAO(INF005)2bmeta.txt"/>
	<entry id="1060050215" project="LAO" informant="INF005" reel="2" region="1" narrative="_Q" label="Food and Cooking" state="OK" sex="F" age="33" age_level="1" education="4" town="Tulsa" county="Oklahoma" land_regions="D" locality="U" date="1962" latitude="36.14924" longitude="-95.99306" file_name="LAO(INF005)2c 01 Food and Cooking.mp3" path_to_file="LAP\Projects\LAO\Speakers\LAO(INF005)\Audio\LAO(INF005)2c\LAO(INF005)2c 01 Food and Cooking.mp3"/>
	<entry id="1060050216" project="LAO" informant="INF005" reel="2" region="2" narrative="_Q" label="Domestic Animals" state="OK" sex="F" age="33" age_level="1" education="4" town="Tulsa" county="Oklahoma" land_regions="D" locality="U" date="1962" latitude="36.14924" longitude="-95.99306" file_name="LAO(INF005)2c 02 Domestic Animals.mp3" path_to_file="LAP\Projects\LAO\Speakers\LAO(INF005)\Audio\LAO(INF005)2c\LAO(INF005)2c 02 Domestic Animals.mp3"/>
	<entry id="1060050217" project="LAO" informant="INF005" reel="2" region="3" narrative="_Q" label="Food and Cooking" state="OK" sex="F" age="33" age_level="1" education="4" town="Tulsa" county="Oklahoma" land_regions="D" locality="U" date="1962" latitude="36.14924" longitude="-95.99306" file_name="LAO(INF005)2c 03 Food and Cooking.mp3" path_to_file="LAP\Projects\LAO\Speakers\LAO(INF005)\Audio\LAO(INF005)2c\LAO(INF005)2c 03 Food and Cooking.mp3"/>
	<entry id="1060050218" project="LAO" informant="INF005" reel="2" region="4" narrative="_Q" label="Food and Cooking" state="OK" sex="F" age="33" age_level="1" education="4" town="Tulsa" county="Oklahoma" land_regions="D" locality="U" date="1962" latitude="36.14924" longitude="-95.99306" file_name="LAO(INF005)2c 04 Food and Cooking.mp3" path_to_file="LAP\Projects\LAO\Speakers\LAO(INF005)\Audio\LAO(INF005)2c\LAO(INF005)2c 04 Food and Cooking.mp3"/>
	<entry id="1060050219" project="LAO" informant="INF005" reel="2" region="5" narrative="_Q" label="Adverbs" state="OK" sex="F" age="33" age_level="1" education="4" town="Tulsa" county="Oklahoma" land_regions="D" locality="U" date="1962" latitude="36.14924" longitude="-95.99306" file_name="LAO(INF005)2c 05 Adverbs.mp3" path_to_file="LAP\Projects\LAO\Speakers\LAO(INF005)\Audio\LAO(INF005)2c\LAO(INF005)2c 05 Adverbs.mp3"/>
	<entry id="1060050220" project="LAO" informant="INF005" reel="2" region="6" narrative="_Q" label="Vegetables" state="OK" sex="F" age="33" age_level="1" education="4" town="Tulsa" county="Oklahoma" land_regions="D" locality="U" date="1962" latitude="36.14924" longitude="-95.99306" file_name="LAO(INF005)2c 06 Vegetables.mp3" path_to_file="LAP\Projects\LAO\Speakers\LAO(INF005)\Audio\LAO(INF005)2c\LAO(INF005)2c 06 Vegetables.mp3"/>
	<entry id="1060050221" project="LAO" informant="INF005" reel="2" region="7" narrative="_Q" label="Vegetables" state="OK" sex="F" age="33" age_level="1" education="4" town="Tulsa" county="Oklahoma" land_regions="D" locality="U" date="1962" latitude="36.14924" longitude="-95.99306" file_name="LAO(INF005)2c 07 Vegetables.mp3" path_to_file="LAP\Projects\LAO\Speakers\LAO(INF005)\Audio\LAO(INF005)2c\LAO(INF005)2c 07 Vegetables.mp3"/>
	<entry id="1060050222" project="LAO" informant="INF005" reel="2" region="8" narrative="_Q" label="Verbs_ Principal Parts" state="OK" sex="F" age="33" age_level="1" education="4" town="Tulsa" county="Oklahoma" land_regions="D" locality="U" date="1962" latitude="36.14924" longitude="-95.99306" file_name="LAO(INF005)2c 08 Verbs_ Principal Parts.mp3" path_to_file="LAP\Projects\LAO\Speakers\LAO(INF005)\Audio\LAO(INF005)2c\LAO(INF005)2c 08 Verbs_ Principal Parts.mp3"/>
	<entry id="1060050223" project="LAO" informant="INF005" reel="2" region="9" narrative="_Q" label="Wild Animals" state="OK" sex="F" age="33" age_level="1" education="4" town="Tulsa" county="Oklahoma" land_regions="D" locality="U" date="1962" latitude="36.14924" longitude="-95.99306" file_name="LAO(INF005)2c 09 Wild Animals.mp3" path_to_file="LAP\Projects\LAO\Speakers\LAO(INF005)\Audio\LAO(INF005)2c\LAO(INF005)2c 09 Wild Animals.mp3"/>
	<entry id="3060050203" project="LAO" informant="INF005" reel="2" region="0" narrative="_I" label="Metadata" state="OK" sex="F" age="33" age_level="1" education="4" town="Tulsa" county="Oklahoma" land_regions="D" locality="U" date="1962" latitude="36.14924" longitude="-95.99306" file_name="LAO(INF005)2cmeta.txt" path_to_file="LAP\Projects\LAO\Speakers\LAO(INF005)\Audio\LAO(INF005)2c\LAO(INF005)2cmeta.txt"/>
	<entry id="1060050301" project="LAO" informant="INF005" reel="3" region="1" narrative="_Q" label="Food and Cooking" state="OK" sex="F" age="33" age_level="1" education="4" town="Tulsa" county="Oklahoma" land_regions="D" locality="U" date="1962" latitude="36.14924" longitude="-95.99306" file_name="LAO(INF005)3a 01 Food and Cooking.mp3" path_to_file="LAP\Projects\LAO\Speakers\LAO(INF005)\Audio\LAO(INF005)3a\LAO(INF005)3a 01 Food and Cooking.mp3"/>
	<entry id="1060050302" project="LAO" informant="INF005" reel="3" region="2" narrative="_Q" label="Wild Animals" state="OK" sex="F" age="33" age_level="1" education="4" town="Tulsa" county="Oklahoma" land_regions="D" locality="U" date="1962" latitude="36.14924" longitude="-95.99306" file_name="LAO(INF005)3a 02 Wild Animals.mp3" path_to_file="LAP\Projects\LAO\Speakers\LAO(INF005)\Audio\LAO(INF005)3a\LAO(INF005)3a 02 Wild Animals.mp3"/>
	<entry id="1060050303" project="LAO" informant="INF005" reel="3" region="3" narrative="_Q" label="Trees and Shrubs" state="OK" sex="F" age="33" age_level="1" education="4" town="Tulsa" county="Oklahoma" land_regions="D" locality="U" date="1962" latitude="36.14924" longitude="-95.99306" file_name="LAO(INF005)3a 03 Trees and Shrubs.mp3" path_to_file="LAP\Projects\LAO\Speakers\LAO(INF005)\Audio\LAO(INF005)3a\LAO(INF005)3a 03 Trees and Shrubs.mp3"/>
	<entry id="1060050304" project="LAO" informant="INF005" reel="3" region="4" narrative="_Q" label="Family" state="OK" sex="F" age="33" age_level="1" education="4" town="Tulsa" county="Oklahoma" land_regions="D" locality="U" date="1962" latitude="36.14924" longitude="-95.99306" file_name="LAO(INF005)3a 04 Family.mp3" path_to_file="LAP\Projects\LAO\Speakers\LAO(INF005)\Audio\LAO(INF005)3a\LAO(INF005)3a 04 Family.mp3"/>
	<entry id="1060050305" project="LAO" informant="INF005" reel="3" region="5" narrative="_Q" label="Names, Titles and Occupations" state="OK" sex="F" age="33" age_level="1" education="4" town="Tulsa" county="Oklahoma" land_regions="D" locality="U" date="1962" latitude="36.14924" longitude="-95.99306" file_name="LAO(INF005)3a 05 Names, Titles and Occupations.mp3" path_to_file="LAP\Projects\LAO\Speakers\LAO(INF005)\Audio\LAO(INF005)3a\LAO(INF005)3a 05 Names, Titles and Occupations.mp3"/>
	<entry id="1060050306" project="LAO" informant="INF005" reel="3" region="6" narrative="_Q" label="Verbs_ Principle Parts" state="OK" sex="F" age="33" age_level="1" education="4" town="Tulsa" county="Oklahoma" land_regions="D" locality="U" date="1962" latitude="36.14924" longitude="-95.99306" file_name="LAO(INF005)3a 06 Verbs_ Principle Parts.mp3" path_to_file="LAP\Projects\LAO\Speakers\LAO(INF005)\Audio\LAO(INF005)3a\LAO(INF005)3a 06 Verbs_ Principle Parts.mp3"/>
	<entry id="1060050307" project="LAO" informant="INF005" reel="3" region="7" narrative="_Q" label="Personal Charateristics" state="OK" sex="F" age="33" age_level="1" education="4" town="Tulsa" county="Oklahoma" land_regions="D" locality="U" date="1962" latitude="36.14924" longitude="-95.99306" file_name="LAO(INF005)3a 07 Personal Charateristics.mp3" path_to_file="LAP\Projects\LAO\Speakers\LAO(INF005)\Audio\LAO(INF005)3a\LAO(INF005)3a 07 Personal Charateristics.mp3"/>
	<entry id="3060050301" project="LAO" informant="INF005" reel="3" region="0" narrative="_I" label="Metadata" state="OK" sex="F" age="33" age_level="1" education="4" town="Tulsa" county="Oklahoma" land_regions="D" locality="U" date="1962" latitude="36.14924" longitude="-95.99306" file_name="LAO(INF005)3ameta.txt" path_to_file="LAP\Projects\LAO\Speakers\LAO(INF005)\Audio\LAO(INF005)3a\LAO(INF005)3ameta.txt"/>
	<entry id="1060050308" project="LAO" informant="INF005" reel="3" region="1" narrative="_Q" label="Verbs_ Principle Parts" state="OK" sex="F" age="33" age_level="1" education="4" town="Tulsa" county="Oklahoma" land_regions="D" locality="U" date="1962" latitude="36.14924" longitude="-95.99306" file_name="LAO(INF005)3b 01 Verbs_ Principle Parts.mp3" path_to_file="LAP\Projects\LAO\Speakers\LAO(INF005)\Audio\LAO(INF005)3b\LAO(INF005)3b 01 Verbs_ Principle Parts.mp3"/>
	<entry id="1060050309" project="LAO" informant="INF005" reel="3" region="2" narrative="_Q" label="Illness and Death" state="OK" sex="F" age="33" age_level="1" education="4" town="Tulsa" county="Oklahoma" land_regions="D" locality="U" date="1962" latitude="36.14924" longitude="-95.99306" file_name="LAO(INF005)3b 02 Illness and Death.mp3" path_to_file="LAP\Projects\LAO\Speakers\LAO(INF005)\Audio\LAO(INF005)3b\LAO(INF005)3b 02 Illness and Death.mp3"/>
	<entry id="1060050310" project="LAO" informant="INF005" reel="3" region="3" narrative="_Q" label="Illness and Death" state="OK" sex="F" age="33" age_level="1" education="4" town="Tulsa" county="Oklahoma" land_regions="D" locality="U" date="1962" latitude="36.14924" longitude="-95.99306" file_name="LAO(INF005)3b 03 Illness and Death.mp3" path_to_file="LAP\Projects\LAO\Speakers\LAO(INF005)\Audio\LAO(INF005)3b\LAO(INF005)3b 03 Illness and Death.mp3"/>
	<entry id="1060050311" project="LAO" informant="INF005" reel="3" region="4" narrative="_Q" label="Social Relations" state="OK" sex="F" age="33" age_level="1" education="4" town="Tulsa" county="Oklahoma" land_regions="D" locality="U" date="1962" latitude="36.14924" longitude="-95.99306" file_name="LAO(INF005)3b 04 Social Relations.mp3" path_to_file="LAP\Projects\LAO\Speakers\LAO(INF005)\Audio\LAO(INF005)3b\LAO(INF005)3b 04 Social Relations.mp3"/>
	<entry id="1060050312" project="LAO" informant="INF005" reel="3" region="5" narrative="_Q" label="Public Institutions" state="OK" sex="F" age="33" age_level="1" education="4" town="Tulsa" county="Oklahoma" land_regions="D" locality="U" date="1962" latitude="36.14924" longitude="-95.99306" file_name="LAO(INF005)3b 05 Public Institutions.mp3" path_to_file="LAP\Projects\LAO\Speakers\LAO(INF005)\Audio\LAO(INF005)3b\LAO(INF005)3b 05 Public Institutions.mp3"/>
	<entry id="1060050313" project="LAO" informant="INF005" reel="3" region="6" narrative="_Q" label="Geography" state="OK" sex="F" age="33" age_level="1" education="4" town="Tulsa" county="Oklahoma" land_regions="D" locality="U" date="1962" latitude="36.14924" longitude="-95.99306" file_name="LAO(INF005)3b 06 Geography.mp3" path_to_file="LAP\Projects\LAO\Speakers\LAO(INF005)\Audio\LAO(INF005)3b\LAO(INF005)3b 06 Geography.mp3"/>
	<entry id="1060050314" project="LAO" informant="INF005" reel="3" region="7" narrative="_Q" label="Geography" state="OK" sex="F" age="33" age_level="1" education="4" town="Tulsa" county="Oklahoma" land_regions="D" locality="U" date="1962" latitude="36.14924" longitude="-95.99306" file_name="LAO(INF005)3b 07 Geography.mp3" path_to_file="LAP\Projects\LAO\Speakers\LAO(INF005)\Audio\LAO(INF005)3b\LAO(INF005)3b 07 Geography.mp3"/>
	<entry id="3060050302" project="LAO" informant="INF005" reel="3" region="0" narrative="_I" label="Metadata" state="OK" sex="F" age="33" age_level="1" education="4" town="Tulsa" county="Oklahoma" land_regions="D" locality="U" date="1962" latitude="36.14924" longitude="-95.99306" file_name="LAO(INF005)3bmeta.txt" path_to_file="LAP\Projects\LAO\Speakers\LAO(INF005)\Audio\LAO(INF005)3b\LAO(INF005)3bmeta.txt"/>
	<entry id="1060050315" project="LAO" informant="INF005" reel="3" region="1" narrative="_Q" label="Personal Characteristics" state="OK" sex="F" age="33" age_level="1" education="4" town="Tulsa" county="Oklahoma" land_regions="D" locality="U" date="1962" latitude="36.14924" longitude="-95.99306" file_name="LAO(INF005)3c 01 Personal Characteristics.mp3" path_to_file="LAP\Projects\LAO\Speakers\LAO(INF005)\Audio\LAO(INF005)3c\LAO(INF005)3c 01 Personal Characteristics.mp3"/>
	<entry id="1060050316" project="LAO" informant="INF005" reel="3" region="2" narrative="_Q" label="Verbs_ Principal Parts" state="OK" sex="F" age="33" age_level="1" education="4" town="Tulsa" county="Oklahoma" land_regions="D" locality="U" date="1962" latitude="36.14924" longitude="-95.99306" file_name="LAO(INF005)3c 02 Verbs_ Principal Parts.mp3" path_to_file="LAP\Projects\LAO\Speakers\LAO(INF005)\Audio\LAO(INF005)3c\LAO(INF005)3c 02 Verbs_ Principal Parts.mp3"/>
	<entry id="1060050317" project="LAO" informant="INF005" reel="3" region="3" narrative="_Q" label="Verbs_ Principal Parts" state="OK" sex="F" age="33" age_level="1" education="4" town="Tulsa" county="Oklahoma" land_regions="D" locality="U" date="1962" latitude="36.14924" longitude="-95.99306" file_name="LAO(INF005)3c 03 Verbs_ Principal Parts.mp3" path_to_file="LAP\Projects\LAO\Speakers\LAO(INF005)\Audio\LAO(INF005)3c\LAO(INF005)3c 03 Verbs_ Principal Parts.mp3"/>
	<entry id="1060050318" project="LAO" informant="INF005" reel="3" region="4" narrative="_Q" label="Verbs_ Prinicipal Parts" state="OK" sex="F" age="33" age_level="1" education="4" town="Tulsa" county="Oklahoma" land_regions="D" locality="U" date="1962" latitude="36.14924" longitude="-95.99306" file_name="LAO(INF005)3c 04 Verbs_ Prinicipal Parts.mp3" path_to_file="LAP\Projects\LAO\Speakers\LAO(INF005)\Audio\LAO(INF005)3c\LAO(INF005)3c 04 Verbs_ Prinicipal Parts.mp3"/>
	<entry id="3060050303" project="LAO" informant="INF005" reel="3" region="0" narrative="_I" label="Metadata" state="OK" sex="F" age="33" age_level="1" education="4" town="Tulsa" county="Oklahoma" land_regions="D" locality="U" date="1962" latitude="36.14924" longitude="-95.99306" file_name="LAO(INF005)3cmeta.txt" path_to_file="LAP\Projects\LAO\Speakers\LAO(INF005)\Audio\LAO(INF005)3c\LAO(INF005)3cmeta.txt"/>
	<entry id="1060050401" project="LAO" informant="INF005" reel="4" region="1" narrative="_Q" label="Affirmations and Interjections" state="OK" sex="F" age="33" age_level="1" education="4" town="Tulsa" county="Oklahoma" land_regions="D" locality="U" date="1962" latitude="36.14924" longitude="-95.99306" file_name="LAO(INF005)4a 01 Affirmations and Interjections.mp3" path_to_file="LAP\Projects\LAO\Speakers\LAO(INF005)\Audio\LAO(INF005)4a\LAO(INF005)4a 01 Affirmations and Interjections.mp3"/>
	<entry id="1060050402" project="LAO" informant="INF005" reel="4" region="2" narrative="_Q" label="Pronouns" state="OK" sex="F" age="33" age_level="1" education="4" town="Tulsa" county="Oklahoma" land_regions="D" locality="U" date="1962" latitude="36.14924" longitude="-95.99306" file_name="LAO(INF005)4a 02 Pronouns.mp3" path_to_file="LAP\Projects\LAO\Speakers\LAO(INF005)\Audio\LAO(INF005)4a\LAO(INF005)4a 02 Pronouns.mp3"/>
	<entry id="1060050403" project="LAO" informant="INF005" reel="4" region="3" narrative="_Q" label="Verbs_ Be, Have, Do" state="OK" sex="F" age="33" age_level="1" education="4" town="Tulsa" county="Oklahoma" land_regions="D" locality="U" date="1962" latitude="36.14924" longitude="-95.99306" file_name="LAO(INF005)4a 03 Verbs_ Be, Have, Do.mp3" path_to_file="LAP\Projects\LAO\Speakers\LAO(INF005)\Audio\LAO(INF005)4a\LAO(INF005)4a 03 Verbs_ Be, Have, Do.mp3"/>
	<entry id="1060050404" project="LAO" informant="INF005" reel="4" region="4" narrative="_Q" label="Verbs_ Modals" state="OK" sex="F" age="33" age_level="1" education="4" town="Tulsa" county="Oklahoma" land_regions="D" locality="U" date="1962" latitude="36.14924" longitude="-95.99306" file_name="LAO(INF005)4a 04 Verbs_ Modals.mp3" path_to_file="LAP\Projects\LAO\Speakers\LAO(INF005)\Audio\LAO(INF005)4a\LAO(INF005)4a 04 Verbs_ Modals.mp3"/>
	<entry id="1060050405" project="LAO" informant="INF005" reel="4" region="5" narrative="_Q" label="Public Institutions" state="OK" sex="F" age="33" age_level="1" education="4" town="Tulsa" county="Oklahoma" land_regions="D" locality="U" date="1962" latitude="36.14924" longitude="-95.99306" file_name="LAO(INF005)4a 05 Public Institutions.mp3" path_to_file="LAP\Projects\LAO\Speakers\LAO(INF005)\Audio\LAO(INF005)4a\LAO(INF005)4a 05 Public Institutions.mp3"/>
	<entry id="1060050406" project="LAO" informant="INF005" reel="4" region="6" narrative="_Q" label="Verbs_ Principal Parts" state="OK" sex="F" age="33" age_level="1" education="4" town="Tulsa" county="Oklahoma" land_regions="D" locality="U" date="1962" latitude="36.14924" longitude="-95.99306" file_name="LAO(INF005)4a 06 Verbs_ Principal Parts.mp3" path_to_file="LAP\Projects\LAO\Speakers\LAO(INF005)\Audio\LAO(INF005)4a\LAO(INF005)4a 06 Verbs_ Principal Parts.mp3"/>
	<entry id="1060050407" project="LAO" informant="INF005" reel="4" region="7" narrative="_Q" label="Numerals" state="OK" sex="F" age="33" age_level="1" education="4" town="Tulsa" county="Oklahoma" land_regions="D" locality="U" date="1962" latitude="36.14924" longitude="-95.99306" file_name="LAO(INF005)4a 07 Numerals.mp3" path_to_file="LAP\Projects\LAO\Speakers\LAO(INF005)\Audio\LAO(INF005)4a\LAO(INF005)4a 07 Numerals.mp3"/>
	<entry id="3060050401" project="LAO" informant="INF005" reel="4" region="0" narrative="_I" label="Metadata" state="OK" sex="F" age="33" age_level="1" education="4" town="Tulsa" county="Oklahoma" land_regions="D" locality="U" date="1962" latitude="36.14924" longitude="-95.99306" file_name="LAO(INF005)4ameta.txt" path_to_file="LAP\Projects\LAO\Speakers\LAO(INF005)\Audio\LAO(INF005)4a\LAO(INF005)4ameta.txt"/>
	<entry id="1060050408" project="LAO" informant="INF005" reel="4" region="1" narrative="_Q" label="Geography" state="OK" sex="F" age="33" age_level="1" education="4" town="Tulsa" county="Oklahoma" land_regions="D" locality="U" date="1962" latitude="36.14924" longitude="-95.99306" file_name="LAO(INF005)4b 01 Geography.mp3" path_to_file="LAP\Projects\LAO\Speakers\LAO(INF005)\Audio\LAO(INF005)4b\LAO(INF005)4b 01 Geography.mp3"/>
	<entry id="1060050409" project="LAO" informant="INF005" reel="4" region="2" narrative="_Q" label="Public Institutions" state="OK" sex="F" age="33" age_level="1" education="4" town="Tulsa" county="Oklahoma" land_regions="D" locality="U" date="1962" latitude="36.14924" longitude="-95.99306" file_name="LAO(INF005)4b 02 Public Institutions.mp3" path_to_file="LAP\Projects\LAO\Speakers\LAO(INF005)\Audio\LAO(INF005)4b\LAO(INF005)4b 02 Public Institutions.mp3"/>
	<entry id="1060050410" project="LAO" informant="INF005" reel="4" region="3" narrative="_Q" label="Names, Titles and Occupations" state="OK" sex="F" age="33" age_level="1" education="4" town="Tulsa" county="Oklahoma" land_regions="D" locality="U" date="1962" latitude="36.14924" longitude="-95.99306" file_name="LAO(INF005)4b 03 Names, Titles and Occupations.mp3" path_to_file="LAP\Projects\LAO\Speakers\LAO(INF005)\Audio\LAO(INF005)4b\LAO(INF005)4b 03 Names, Titles and Occupations.mp3"/>
	<entry id="1060050411" project="LAO" informant="INF005" reel="4" region="4" narrative="_Q" label="Family" state="OK" sex="F" age="33" age_level="1" education="4" town="Tulsa" county="Oklahoma" land_regions="D" locality="U" date="1962" latitude="36.14924" longitude="-95.99306" file_name="LAO(INF005)4b 04 Family.mp3" path_to_file="LAP\Projects\LAO\Speakers\LAO(INF005)\Audio\LAO(INF005)4b\LAO(INF005)4b 04 Family.mp3"/>
	<entry id="3060050402" project="LAO" informant="INF005" reel="4" region="0" narrative="_I" label="Metadata" state="OK" sex="F" age="33" age_level="1" education="4" town="Tulsa" county="Oklahoma" land_regions="D" locality="U" date="1962" latitude="36.14924" longitude="-95.99306" file_name="LAO(INF005)4bmeta.txt" path_to_file="LAP\Projects\LAO\Speakers\LAO(INF005)\Audio\LAO(INF005)4b\LAO(INF005)4bmeta.txt"/>
	<entry id="3060050001" project="LAO" informant="INF005" reel="0" region="0" narrative="_I" label="Biographical Information" state="OK" sex="F" age="33" age_level="1" education="4" town="Tulsa" county="Oklahoma" land_regions="D" locality="U" date="1962" latitude="36.14924" longitude="-95.99306" file_name="LAO(INF005)BIO.txt" path_to_file="LAP\Projects\LAO\Speakers\LAO(INF005)\Text\LAO(INF005)BIO.txt"/>
</Audio>