<?xml version="1.0" encoding="UTF-8" standalone="yes"?>
<Audio>
	<entry id="1060220101" project="LAO" informant="INF022" reel="1a" region="1" narrative="_Q" label="Dwellings" state="OK" sex="M " age="72" age_level="3" education="1" town="Colcord" county="Delaware" land_regions="D" locality="R" date="1962" latitude="36.26403" longitude="-94.69291" file_name="LAO(INF022)1a 01 Dwellings.mp3" path_to_file="LAP\Projects\LAO\Speakers\LAO(INF022)\Audio\LAO(INF022)1a\LAO(INF022)1a 01 Dwellings.mp3"/>
	<entry id="1060220102" project="LAO" informant="INF022" reel="1a" region="2" narrative="_N" label="Dwellings" state="OK" sex="M " age="72" age_level="3" education="1" town="Colcord" county="Delaware" land_regions="D" locality="R" date="1962" latitude="36.26403" longitude="-94.69291" file_name="LAO(INF022)1a 02 Dwellings_N.mp3" path_to_file="LAP\Projects\LAO\Speakers\LAO(INF022)\Audio\LAO(INF022)1a\LAO(INF022)1a 02 Dwellings_N.mp3"/>
	<entry id="1060220103" project="LAO" informant="INF022" reel="1a" region="3" narrative="_N" label="Family" state="OK" sex="M " age="72" age_level="3" education="1" town="Colcord" county="Delaware" land_regions="D" locality="R" date="1962" latitude="36.26403" longitude="-94.69291" file_name="LAO(INF022)1a 03 Family_N.mp3" path_to_file="LAP\Projects\LAO\Speakers\LAO(INF022)\Audio\LAO(INF022)1a\LAO(INF022)1a 03 Family_N.mp3"/>
	<entry id="1060220104" project="LAO" informant="INF022" reel="1a" region="4" narrative="_N" label="Dwellings" state="OK" sex="M " age="72" age_level="3" education="1" town="Colcord" county="Delaware" land_regions="D" locality="R" date="1962" latitude="36.26403" longitude="-94.69291" file_name="LAO(INF022)1a 04 Dwellings_N.mp3" path_to_file="LAP\Projects\LAO\Speakers\LAO(INF022)\Audio\LAO(INF022)1a\LAO(INF022)1a 04 Dwellings_N.mp3"/>
	<entry id="1060220105" project="LAO" informant="INF022" reel="1a" region="5" narrative="_N" label="Wild Animals" state="OK" sex="M " age="72" age_level="3" education="1" town="Colcord" county="Delaware" land_regions="D" locality="R" date="1962" latitude="36.26403" longitude="-94.69291" file_name="LAO(INF022)1a 05 Wild Animals_N.mp3" path_to_file="LAP\Projects\LAO\Speakers\LAO(INF022)\Audio\LAO(INF022)1a\LAO(INF022)1a 05 Wild Animals_N.mp3"/>
	<entry id="1060220106" project="LAO" informant="INF022" reel="1a" region="6" narrative="_N" label="The Farm" state="OK" sex="M " age="72" age_level="3" education="1" town="Colcord" county="Delaware" land_regions="D" locality="R" date="1962" latitude="36.26403" longitude="-94.69291" file_name="LAO(INF022)1a 06 The Farm_N.mp3" path_to_file="LAP\Projects\LAO\Speakers\LAO(INF022)\Audio\LAO(INF022)1a\LAO(INF022)1a 06 The Farm_N.mp3"/>
	<entry id="1060220107" project="LAO" informant="INF022" reel="1a" region="7" narrative="_N" label="Dwellings" state="OK" sex="M " age="72" age_level="3" education="1" town="Colcord" county="Delaware" land_regions="D" locality="R" date="1962" latitude="36.26403" longitude="-94.69291" file_name="LAO(INF022)1a 07 Dwellings_N.mp3" path_to_file="LAP\Projects\LAO\Speakers\LAO(INF022)\Audio\LAO(INF022)1a\LAO(INF022)1a 07 Dwellings_N.mp3"/>
	<entry id="3060220101" project="LAO" informant="INF022" reel="1a" region="0" narrative="_I" label="Metadata" state="OK" sex="M " age="72" age_level="3" education="1" town="Colcord" county="Delaware" land_regions="D" locality="R" date="1962" latitude="36.26403" longitude="-94.69291" file_name="LAO(INF022)1ameta.txt" path_to_file="LAP\Projects\LAO\Speakers\LAO(INF022)\Audio\LAO(INF022)1a\LAO(INF022)1ameta.txt"/>
	<entry id="1060220108" project="LAO" informant="INF022" reel="1b" region="1" narrative="_Q" label="Dwellings" state="OK" sex="M " age="72" age_level="3" education="1" town="Colcord" county="Delaware" land_regions="D" locality="R" date="1962" latitude="36.26403" longitude="-94.69291" file_name="LAO(INF022)1b 01 Dwellings.mp3" path_to_file="LAP\Projects\LAO\Speakers\LAO(INF022)\Audio\LAO(INF022)1b\LAO(INF022)1b 01 Dwellings.mp3"/>
	<entry id="1060220109" project="LAO" informant="INF022" reel="1b" region="2" narrative="_N" label="Dwellings" state="OK" sex="M " age="72" age_level="3" education="1" town="Colcord" county="Delaware" land_regions="D" locality="R" date="1962" latitude="36.26403" longitude="-94.69291" file_name="LAO(INF022)1b 02 Dwellings_N.mp3" path_to_file="LAP\Projects\LAO\Speakers\LAO(INF022)\Audio\LAO(INF022)1b\LAO(INF022)1b 02 Dwellings_N.mp3"/>
	<entry id="1060220110" project="LAO" informant="INF022" reel="1b" region="3" narrative="_Q" label="Food and Cooking" state="OK" sex="M " age="72" age_level="3" education="1" town="Colcord" county="Delaware" land_regions="D" locality="R" date="1962" latitude="36.26403" longitude="-94.69291" file_name="LAO(INF022)1b 03 Food and Cooking.mp3" path_to_file="LAP\Projects\LAO\Speakers\LAO(INF022)\Audio\LAO(INF022)1b\LAO(INF022)1b 03 Food and Cooking.mp3"/>
	<entry id="1060220111" project="LAO" informant="INF022" reel="1b" region="4" narrative="_N" label="The Farm" state="OK" sex="M " age="72" age_level="3" education="1" town="Colcord" county="Delaware" land_regions="D" locality="R" date="1962" latitude="36.26403" longitude="-94.69291" file_name="LAO(INF022)1b 04 The Farm_N.mp3" path_to_file="LAP\Projects\LAO\Speakers\LAO(INF022)\Audio\LAO(INF022)1b\LAO(INF022)1b 04 The Farm_N.mp3"/>
	<entry id="1060220112" project="LAO" informant="INF022" reel="1b" region="5" narrative="_N" label="Domestic Animals" state="OK" sex="M " age="72" age_level="3" education="1" town="Colcord" county="Delaware" land_regions="D" locality="R" date="1962" latitude="36.26403" longitude="-94.69291" file_name="LAO(INF022)1b 05 Domestic Animals_N.mp3" path_to_file="LAP\Projects\LAO\Speakers\LAO(INF022)\Audio\LAO(INF022)1b\LAO(INF022)1b 05 Domestic Animals_N.mp3"/>
	<entry id="1060220113" project="LAO" informant="INF022" reel="1b" region="6" narrative="_Q" label="The Farm" state="OK" sex="M " age="72" age_level="3" education="1" town="Colcord" county="Delaware" land_regions="D" locality="R" date="1962" latitude="36.26403" longitude="-94.69291" file_name="LAO(INF022)1b 06 The Farm.mp3" path_to_file="LAP\Projects\LAO\Speakers\LAO(INF022)\Audio\LAO(INF022)1b\LAO(INF022)1b 06 The Farm.mp3"/>
	<entry id="1060220114" project="LAO" informant="INF022" reel="1b" region="7" narrative="_Q" label="The Farm" state="OK" sex="M " age="72" age_level="3" education="1" town="Colcord" county="Delaware" land_regions="D" locality="R" date="1962" latitude="36.26403" longitude="-94.69291" file_name="LAO(INF022)1b 07 The Farm.mp3" path_to_file="LAP\Projects\LAO\Speakers\LAO(INF022)\Audio\LAO(INF022)1b\LAO(INF022)1b 07 The Farm.mp3"/>
	<entry id="1060220115" project="LAO" informant="INF022" reel="1b" region="8" narrative="_Q" label="Topography" state="OK" sex="M " age="72" age_level="3" education="1" town="Colcord" county="Delaware" land_regions="D" locality="R" date="1962" latitude="36.26403" longitude="-94.69291" file_name="LAO(INF022)1b 08 Topography.mp3" path_to_file="LAP\Projects\LAO\Speakers\LAO(INF022)\Audio\LAO(INF022)1b\LAO(INF022)1b 08 Topography.mp3"/>
	<entry id="3060220102" project="LAO" informant="INF022" reel="1b" region="0" narrative="_I" label="Metadata" state="OK" sex="M " age="72" age_level="3" education="1" town="Colcord" county="Delaware" land_regions="D" locality="R" date="1962" latitude="36.26403" longitude="-94.69291" file_name="LAO(INF022)1bmeta.txt" path_to_file="LAP\Projects\LAO\Speakers\LAO(INF022)\Audio\LAO(INF022)1b\LAO(INF022)1bmeta.txt"/>
	<entry id="1060220116" project="LAO" informant="INF022" reel="1c" region="1" narrative="_Q" label="Dwellings" state="OK" sex="M " age="72" age_level="3" education="1" town="Colcord" county="Delaware" land_regions="D" locality="R" date="1962" latitude="36.26403" longitude="-94.69291" file_name="LAO(INF022)1c 01 Dwellings.mp3" path_to_file="LAP\Projects\LAO\Speakers\LAO(INF022)\Audio\LAO(INF022)1c\LAO(INF022)1c 01 Dwellings.mp3"/>
	<entry id="1060220117" project="LAO" informant="INF022" reel="1c" region="2" narrative="_Q" label="Containers and Utensils" state="OK" sex="M " age="72" age_level="3" education="1" town="Colcord" county="Delaware" land_regions="D" locality="R" date="1962" latitude="36.26403" longitude="-94.69291" file_name="LAO(INF022)1c 02 Containers and Utensils.mp3" path_to_file="LAP\Projects\LAO\Speakers\LAO(INF022)\Audio\LAO(INF022)1c\LAO(INF022)1c 02 Containers and Utensils.mp3"/>
	<entry id="1060220118" project="LAO" informant="INF022" reel="1c" region="3" narrative="_N" label="Containers and Utensils" state="OK" sex="M " age="72" age_level="3" education="1" town="Colcord" county="Delaware" land_regions="D" locality="R" date="1962" latitude="36.26403" longitude="-94.69291" file_name="LAO(INF022)1c 03 Containers and Utensils_N.mp3" path_to_file="LAP\Projects\LAO\Speakers\LAO(INF022)\Audio\LAO(INF022)1c\LAO(INF022)1c 03 Containers and Utensils_N.mp3"/>
	<entry id="1060220119" project="LAO" informant="INF022" reel="1c" region="4" narrative="_Q" label="Geography" state="OK" sex="M " age="72" age_level="3" education="1" town="Colcord" county="Delaware" land_regions="D" locality="R" date="1962" latitude="36.26403" longitude="-94.69291" file_name="LAO(INF022)1c 04 Geography.mp3" path_to_file="LAP\Projects\LAO\Speakers\LAO(INF022)\Audio\LAO(INF022)1c\LAO(INF022)1c 04 Geography.mp3"/>
	<entry id="1060220120" project="LAO" informant="INF022" reel="1c" region="5" narrative="_Q" label="Dometic Animals" state="OK" sex="M " age="72" age_level="3" education="1" town="Colcord" county="Delaware" land_regions="D" locality="R" date="1962" latitude="36.26403" longitude="-94.69291" file_name="LAO(INF022)1c 05 Dometic Animals.mp3" path_to_file="LAP\Projects\LAO\Speakers\LAO(INF022)\Audio\LAO(INF022)1c\LAO(INF022)1c 05 Dometic Animals.mp3"/>
	<entry id="1060220121" project="LAO" informant="INF022" reel="1c" region="6" narrative="_Q" label="Business" state="OK" sex="M " age="72" age_level="3" education="1" town="Colcord" county="Delaware" land_regions="D" locality="R" date="1962" latitude="36.26403" longitude="-94.69291" file_name="LAO(INF022)1c 06 Business.mp3" path_to_file="LAP\Projects\LAO\Speakers\LAO(INF022)\Audio\LAO(INF022)1c\LAO(INF022)1c 06 Business.mp3"/>
	<entry id="1060220122" project="LAO" informant="INF022" reel="1c" region="7" narrative="_Q" label="Wild Animals" state="OK" sex="M " age="72" age_level="3" education="1" town="Colcord" county="Delaware" land_regions="D" locality="R" date="1962" latitude="36.26403" longitude="-94.69291" file_name="LAO(INF022)1c 07 Wild Animals.mp3" path_to_file="LAP\Projects\LAO\Speakers\LAO(INF022)\Audio\LAO(INF022)1c\LAO(INF022)1c 07 Wild Animals.mp3"/>
	<entry id="3060220103" project="LAO" informant="INF022" reel="1c" region="0" narrative="_I" label="Metadata" state="OK" sex="M " age="72" age_level="3" education="1" town="Colcord" county="Delaware" land_regions="D" locality="R" date="1962" latitude="36.26403" longitude="-94.69291" file_name="LAO(INF022)1cmeta.txt" path_to_file="LAP\Projects\LAO\Speakers\LAO(INF022)\Audio\LAO(INF022)1c\LAO(INF022)1cmeta.txt"/>
	<entry id="1060220201" project="LAO" informant="INF022" reel="2a" region="1" narrative="_Q" label="Illness and Death" state="OK" sex="M " age="72" age_level="3" education="1" town="Colcord" county="Delaware" land_regions="D" locality="R" date="1962" latitude="36.26403" longitude="-94.69291" file_name="LAO(INF022)2a 01 Illness and Death.mp3" path_to_file="LAP\Projects\LAO\Speakers\LAO(INF022)\Audio\LAO(INF022)2a\LAO(INF022)2a 01 Illness and Death.mp3"/>
	<entry id="1060220202" project="LAO" informant="INF022" reel="2a" region="2" narrative="_Q" label="Religion" state="OK" sex="M " age="72" age_level="3" education="1" town="Colcord" county="Delaware" land_regions="D" locality="R" date="1962" latitude="36.26403" longitude="-94.69291" file_name="LAO(INF022)2a 02 Religion.mp3" path_to_file="LAP\Projects\LAO\Speakers\LAO(INF022)\Audio\LAO(INF022)2a\LAO(INF022)2a 02 Religion.mp3"/>
	<entry id="1060220203" project="LAO" informant="INF022" reel="2a" region="3" narrative="_Q" label="Vehicles" state="OK" sex="M " age="72" age_level="3" education="1" town="Colcord" county="Delaware" land_regions="D" locality="R" date="1962" latitude="36.26403" longitude="-94.69291" file_name="LAO(INF022)2a 03 Vehicles.mp3" path_to_file="LAP\Projects\LAO\Speakers\LAO(INF022)\Audio\LAO(INF022)2a\LAO(INF022)2a 03 Vehicles.mp3"/>
	<entry id="1060220204" project="LAO" informant="INF022" reel="2a" region="4" narrative="_Q" label="Wild Animals" state="OK" sex="M " age="72" age_level="3" education="1" town="Colcord" county="Delaware" land_regions="D" locality="R" date="1962" latitude="36.26403" longitude="-94.69291" file_name="LAO(INF022)2a 04 Wild Animals.mp3" path_to_file="LAP\Projects\LAO\Speakers\LAO(INF022)\Audio\LAO(INF022)2a\LAO(INF022)2a 04 Wild Animals.mp3"/>
	<entry id="1060220205" project="LAO" informant="INF022" reel="2a" region="5" narrative="_Q" label="Clothing" state="OK" sex="M " age="72" age_level="3" education="1" town="Colcord" county="Delaware" land_regions="D" locality="R" date="1962" latitude="36.26403" longitude="-94.69291" file_name="LAO(INF022)2a 05 Clothing.mp3" path_to_file="LAP\Projects\LAO\Speakers\LAO(INF022)\Audio\LAO(INF022)2a\LAO(INF022)2a 05 Clothing.mp3"/>
	<entry id="1060220206" project="LAO" informant="INF022" reel="2a" region="6" narrative="_Q" label="Clothing" state="OK" sex="M " age="72" age_level="3" education="1" town="Colcord" county="Delaware" land_regions="D" locality="R" date="1962" latitude="36.26403" longitude="-94.69291" file_name="LAO(INF022)2a 06 Clothing.mp3" path_to_file="LAP\Projects\LAO\Speakers\LAO(INF022)\Audio\LAO(INF022)2a\LAO(INF022)2a 06 Clothing.mp3"/>
	<entry id="1060220207" project="LAO" informant="INF022" reel="2a" region="7" narrative="_Q" label="Food and Cooking" state="OK" sex="M " age="72" age_level="3" education="1" town="Colcord" county="Delaware" land_regions="D" locality="R" date="1962" latitude="36.26403" longitude="-94.69291" file_name="LAO(INF022)2a 07 Food and Cooking.mp3" path_to_file="LAP\Projects\LAO\Speakers\LAO(INF022)\Audio\LAO(INF022)2a\LAO(INF022)2a 07 Food and Cooking.mp3"/>
	<entry id="1060220208" project="LAO" informant="INF022" reel="2a" region="8" narrative="_Q" label="Trees and Shrubs" state="OK" sex="M " age="72" age_level="3" education="1" town="Colcord" county="Delaware" land_regions="D" locality="R" date="1962" latitude="36.26403" longitude="-94.69291" file_name="LAO(INF022)2a 08 Trees and Shrubs.mp3" path_to_file="LAP\Projects\LAO\Speakers\LAO(INF022)\Audio\LAO(INF022)2a\LAO(INF022)2a 08 Trees and Shrubs.mp3"/>
	<entry id="3060220201" project="LAO" informant="INF022" reel="2a" region="0" narrative="_I" label="Metadata" state="OK" sex="M " age="72" age_level="3" education="1" town="Colcord" county="Delaware" land_regions="D" locality="R" date="1962" latitude="36.26403" longitude="-94.69291" file_name="LAO(INF022)2ameta.txt" path_to_file="LAP\Projects\LAO\Speakers\LAO(INF022)\Audio\LAO(INF022)2a\LAO(INF022)2ameta.txt"/>
	<entry id="1060220209" project="LAO" informant="INF022" reel="2b" region="1" narrative="_Q" label="Illness and Death" state="OK" sex="M " age="72" age_level="3" education="1" town="Colcord" county="Delaware" land_regions="D" locality="R" date="1962" latitude="36.26403" longitude="-94.69291" file_name="LAO(INF022)2b 01 Illness and Death.mp3" path_to_file="LAP\Projects\LAO\Speakers\LAO(INF022)\Audio\LAO(INF022)2b\LAO(INF022)2b 01 Illness and Death.mp3"/>
	<entry id="1060220210" project="LAO" informant="INF022" reel="2b" region="2" narrative="_Q" label="Geography" state="OK" sex="M " age="72" age_level="3" education="1" town="Colcord" county="Delaware" land_regions="D" locality="R" date="1962" latitude="36.26403" longitude="-94.69291" file_name="LAO(INF022)2b 02 Geography.mp3" path_to_file="LAP\Projects\LAO\Speakers\LAO(INF022)\Audio\LAO(INF022)2b\LAO(INF022)2b 02 Geography.mp3"/>
	<entry id="1060220211" project="LAO" informant="INF022" reel="2b" region="3" narrative="_Q" label="The Farm" state="OK" sex="M " age="72" age_level="3" education="1" town="Colcord" county="Delaware" land_regions="D" locality="R" date="1962" latitude="36.26403" longitude="-94.69291" file_name="LAO(INF022)2b 03 The Farm.mp3" path_to_file="LAP\Projects\LAO\Speakers\LAO(INF022)\Audio\LAO(INF022)2b\LAO(INF022)2b 03 The Farm.mp3"/>
	<entry id="1060220212" project="LAO" informant="INF022" reel="2b" region="4" narrative="_N" label="Topography" state="OK" sex="M " age="72" age_level="3" education="1" town="Colcord" county="Delaware" land_regions="D" locality="R" date="1962" latitude="36.26403" longitude="-94.69291" file_name="LAO(INF022)2b 04 Topography_N.mp3" path_to_file="LAP\Projects\LAO\Speakers\LAO(INF022)\Audio\LAO(INF022)2b\LAO(INF022)2b 04 Topography_N.mp3"/>
	<entry id="1060220213" project="LAO" informant="INF022" reel="2b" region="5" narrative="_N" label="Geography" state="OK" sex="M " age="72" age_level="3" education="1" town="Colcord" county="Delaware" land_regions="D" locality="R" date="1962" latitude="36.26403" longitude="-94.69291" file_name="LAO(INF022)2b 05 Geography_N.mp3" path_to_file="LAP\Projects\LAO\Speakers\LAO(INF022)\Audio\LAO(INF022)2b\LAO(INF022)2b 05 Geography_N.mp3"/>
	<entry id="1060220214" project="LAO" informant="INF022" reel="2b" region="6" narrative="_N" label="Topography" state="OK" sex="M " age="72" age_level="3" education="1" town="Colcord" county="Delaware" land_regions="D" locality="R" date="1962" latitude="36.26403" longitude="-94.69291" file_name="LAO(INF022)2b 06 Topography_N.mp3" path_to_file="LAP\Projects\LAO\Speakers\LAO(INF022)\Audio\LAO(INF022)2b\LAO(INF022)2b 06 Topography_N.mp3"/>
	<entry id="1060220215" project="LAO" informant="INF022" reel="2b" region="7" narrative="_N" label="Domestic Animals" state="OK" sex="M " age="72" age_level="3" education="1" town="Colcord" county="Delaware" land_regions="D" locality="R" date="1962" latitude="36.26403" longitude="-94.69291" file_name="LAO(INF022)2b 07 Domestic Animals_N.mp3" path_to_file="LAP\Projects\LAO\Speakers\LAO(INF022)\Audio\LAO(INF022)2b\LAO(INF022)2b 07 Domestic Animals_N.mp3"/>
	<entry id="3060220202" project="LAO" informant="INF022" reel="2b" region="0" narrative="_I" label="Metadata" state="OK" sex="M " age="72" age_level="3" education="1" town="Colcord" county="Delaware" land_regions="D" locality="R" date="1962" latitude="36.26403" longitude="-94.69291" file_name="LAO(INF022)2bmeta.txt" path_to_file="LAP\Projects\LAO\Speakers\LAO(INF022)\Audio\LAO(INF022)2b\LAO(INF022)2bmeta.txt"/>
	<entry id="1060220216" project="LAO" informant="INF022" reel="2c" region="1" narrative="_N" label="Domestic Animals" state="OK" sex="M " age="72" age_level="3" education="1" town="Colcord" county="Delaware" land_regions="D" locality="R" date="1962" latitude="36.26403" longitude="-94.69291" file_name="LAO(INF022)2c 01 Domestic Animals_N.mp3" path_to_file="LAP\Projects\LAO\Speakers\LAO(INF022)\Audio\LAO(INF022)2c\LAO(INF022)2c 01 Domestic Animals_N.mp3"/>
	<entry id="1060220217" project="LAO" informant="INF022" reel="2c" region="2" narrative="_Q" label="Sport and Play" state="OK" sex="M " age="72" age_level="3" education="1" town="Colcord" county="Delaware" land_regions="D" locality="R" date="1962" latitude="36.26403" longitude="-94.69291" file_name="LAO(INF022)2c 02 Sport and Play.mp3" path_to_file="LAP\Projects\LAO\Speakers\LAO(INF022)\Audio\LAO(INF022)2c\LAO(INF022)2c 02 Sport and Play.mp3"/>
	<entry id="1060220218" project="LAO" informant="INF022" reel="2c" region="3" narrative="_N" label="Illness and Death" state="OK" sex="M " age="72" age_level="3" education="1" town="Colcord" county="Delaware" land_regions="D" locality="R" date="1962" latitude="36.26403" longitude="-94.69291" file_name="LAO(INF022)2c 03 Illness and Death_N.mp3" path_to_file="LAP\Projects\LAO\Speakers\LAO(INF022)\Audio\LAO(INF022)2c\LAO(INF022)2c 03 Illness and Death_N.mp3"/>
	<entry id="1060220219" project="LAO" informant="INF022" reel="2c" region="4" narrative="_Q" label="Food and Cooking" state="OK" sex="M " age="72" age_level="3" education="1" town="Colcord" county="Delaware" land_regions="D" locality="R" date="1962" latitude="36.26403" longitude="-94.69291" file_name="LAO(INF022)2c 04 Food and Cooking.mp3" path_to_file="LAP\Projects\LAO\Speakers\LAO(INF022)\Audio\LAO(INF022)2c\LAO(INF022)2c 04 Food and Cooking.mp3"/>
	<entry id="1060220220" project="LAO" informant="INF022" reel="2c" region="5" narrative="_Q" label="Calls to Animals" state="OK" sex="M " age="72" age_level="3" education="1" town="Colcord" county="Delaware" land_regions="D" locality="R" date="1962" latitude="36.26403" longitude="-94.69291" file_name="LAO(INF022)2c 05 Calls to Animals.mp3" path_to_file="LAP\Projects\LAO\Speakers\LAO(INF022)\Audio\LAO(INF022)2c\LAO(INF022)2c 05 Calls to Animals.mp3"/>
	<entry id="1060220221" project="LAO" informant="INF022" reel="2c" region="6" narrative="_Q" label="The Farm" state="OK" sex="M " age="72" age_level="3" education="1" town="Colcord" county="Delaware" land_regions="D" locality="R" date="1962" latitude="36.26403" longitude="-94.69291" file_name="LAO(INF022)2c 06 The Farm.mp3" path_to_file="LAP\Projects\LAO\Speakers\LAO(INF022)\Audio\LAO(INF022)2c\LAO(INF022)2c 06 The Farm.mp3"/>
	<entry id="1060220222" project="LAO" informant="INF022" reel="2c" region="7" narrative="_Q" label="Topography" state="OK" sex="M " age="72" age_level="3" education="1" town="Colcord" county="Delaware" land_regions="D" locality="R" date="1962" latitude="36.26403" longitude="-94.69291" file_name="LAO(INF022)2c 07 Topography.mp3" path_to_file="LAP\Projects\LAO\Speakers\LAO(INF022)\Audio\LAO(INF022)2c\LAO(INF022)2c 07 Topography.mp3"/>
	<entry id="3060220203" project="LAO" informant="INF022" reel="2c" region="0" narrative="_I" label="Metadata" state="OK" sex="M " age="72" age_level="3" education="1" town="Colcord" county="Delaware" land_regions="D" locality="R" date="1962" latitude="36.26403" longitude="-94.69291" file_name="LAO(INF022)2cmeta.txt" path_to_file="LAP\Projects\LAO\Speakers\LAO(INF022)\Audio\LAO(INF022)2c\LAO(INF022)2cmeta.txt"/>
	<entry id="1060220301" project="LAO" informant="INF022" reel="3a" region="1" narrative="_Q" label="Topography" state="OK" sex="M " age="72" age_level="3" education="1" town="Colcord" county="Delaware" land_regions="D" locality="R" date="1962" latitude="36.26403" longitude="-94.69291" file_name="LAO(INF022)3a 01 Topography.mp3" path_to_file="LAP\Projects\LAO\Speakers\LAO(INF022)\Audio\LAO(INF022)3a\LAO(INF022)3a 01 Topography.mp3"/>
	<entry id="1060220302" project="LAO" informant="INF022" reel="3a" region="2" narrative="_Q" label="Illness and Death" state="OK" sex="M " age="72" age_level="3" education="1" town="Colcord" county="Delaware" land_regions="D" locality="R" date="1962" latitude="36.26403" longitude="-94.69291" file_name="LAO(INF022)3a 02 Illness and Death.mp3" path_to_file="LAP\Projects\LAO\Speakers\LAO(INF022)\Audio\LAO(INF022)3a\LAO(INF022)3a 02 Illness and Death.mp3"/>
	<entry id="1060220303" project="LAO" informant="INF022" reel="3a" region="3" narrative="_Q" label="Food and Cooking" state="OK" sex="M " age="72" age_level="3" education="1" town="Colcord" county="Delaware" land_regions="D" locality="R" date="1962" latitude="36.26403" longitude="-94.69291" file_name="LAO(INF022)3a 03 Food and Cooking.mp3" path_to_file="LAP\Projects\LAO\Speakers\LAO(INF022)\Audio\LAO(INF022)3a\LAO(INF022)3a 03 Food and Cooking.mp3"/>
	<entry id="1060220304" project="LAO" informant="INF022" reel="3a" region="4" narrative="_Q" label="Food and Cooking" state="OK" sex="M " age="72" age_level="3" education="1" town="Colcord" county="Delaware" land_regions="D" locality="R" date="1962" latitude="36.26403" longitude="-94.69291" file_name="LAO(INF022)3a 04 Food and Cooking.mp3" path_to_file="LAP\Projects\LAO\Speakers\LAO(INF022)\Audio\LAO(INF022)3a\LAO(INF022)3a 04 Food and Cooking.mp3"/>
	<entry id="1060220305" project="LAO" informant="INF022" reel="3a" region="5" narrative="_Q" label="Food and Cooking" state="OK" sex="M " age="72" age_level="3" education="1" town="Colcord" county="Delaware" land_regions="D" locality="R" date="1962" latitude="36.26403" longitude="-94.69291" file_name="LAO(INF022)3a 05 Food and Cooking.mp3" path_to_file="LAP\Projects\LAO\Speakers\LAO(INF022)\Audio\LAO(INF022)3a\LAO(INF022)3a 05 Food and Cooking.mp3"/>
	<entry id="1060220306" project="LAO" informant="INF022" reel="3a" region="6" narrative="_Q" label="Food and Cooking" state="OK" sex="M " age="72" age_level="3" education="1" town="Colcord" county="Delaware" land_regions="D" locality="R" date="1962" latitude="36.26403" longitude="-94.69291" file_name="LAO(INF022)3a 06 Food and Cooking.mp3" path_to_file="LAP\Projects\LAO\Speakers\LAO(INF022)\Audio\LAO(INF022)3a\LAO(INF022)3a 06 Food and Cooking.mp3"/>
	<entry id="1060220307" project="LAO" informant="INF022" reel="3a" region="7" narrative="_Q" label="Vegetables" state="OK" sex="M " age="72" age_level="3" education="1" town="Colcord" county="Delaware" land_regions="D" locality="R" date="1962" latitude="36.26403" longitude="-94.69291" file_name="LAO(INF022)3a 07 Vegetables.mp3" path_to_file="LAP\Projects\LAO\Speakers\LAO(INF022)\Audio\LAO(INF022)3a\LAO(INF022)3a 07 Vegetables.mp3"/>
	<entry id="3060220301" project="LAO" informant="INF022" reel="3a" region="0" narrative="_I" label="Metadata" state="OK" sex="M " age="72" age_level="3" education="1" town="Colcord" county="Delaware" land_regions="D" locality="R" date="1962" latitude="36.26403" longitude="-94.69291" file_name="LAO(INF022)3ameta.txt" path_to_file="LAP\Projects\LAO\Speakers\LAO(INF022)\Audio\LAO(INF022)3a\LAO(INF022)3ameta.txt"/>
	<entry id="1060220308" project="LAO" informant="INF022" reel="3b" region="1" narrative="_Q" label="Vegetables" state="OK" sex="M " age="72" age_level="3" education="1" town="Colcord" county="Delaware" land_regions="D" locality="R" date="1962" latitude="36.26403" longitude="-94.69291" file_name="LAO(INF022)3b 01 Vegetables.mp3" path_to_file="LAP\Projects\LAO\Speakers\LAO(INF022)\Audio\LAO(INF022)3b\LAO(INF022)3b 01 Vegetables.mp3"/>
	<entry id="1060220309" project="LAO" informant="INF022" reel="3b" region="2" narrative="_Q" label="Geography" state="OK" sex="M " age="72" age_level="3" education="1" town="Colcord" county="Delaware" land_regions="D" locality="R" date="1962" latitude="36.26403" longitude="-94.69291" file_name="LAO(INF022)3b 02 Geography.mp3" path_to_file="LAP\Projects\LAO\Speakers\LAO(INF022)\Audio\LAO(INF022)3b\LAO(INF022)3b 02 Geography.mp3"/>
	<entry id="1060220310" project="LAO" informant="INF022" reel="3b" region="3" narrative="_Q" label="Vegetables" state="OK" sex="M " age="72" age_level="3" education="1" town="Colcord" county="Delaware" land_regions="D" locality="R" date="1962" latitude="36.26403" longitude="-94.69291" file_name="LAO(INF022)3b 03 Vegetables.mp3" path_to_file="LAP\Projects\LAO\Speakers\LAO(INF022)\Audio\LAO(INF022)3b\LAO(INF022)3b 03 Vegetables.mp3"/>
	<entry id="1060220311" project="LAO" informant="INF022" reel="3b" region="4" narrative="_Q" label="Family" state="OK" sex="M " age="72" age_level="3" education="1" town="Colcord" county="Delaware" land_regions="D" locality="R" date="1962" latitude="36.26403" longitude="-94.69291" file_name="LAO(INF022)3b 04 Family.mp3" path_to_file="LAP\Projects\LAO\Speakers\LAO(INF022)\Audio\LAO(INF022)3b\LAO(INF022)3b 04 Family.mp3"/>
	<entry id="1060220312" project="LAO" informant="INF022" reel="3b" region="5" narrative="_Q" label="Wild Animals" state="OK" sex="M " age="72" age_level="3" education="1" town="Colcord" county="Delaware" land_regions="D" locality="R" date="1962" latitude="36.26403" longitude="-94.69291" file_name="LAO(INF022)3b 05 Wild Animals.mp3" path_to_file="LAP\Projects\LAO\Speakers\LAO(INF022)\Audio\LAO(INF022)3b\LAO(INF022)3b 05 Wild Animals.mp3"/>
	<entry id="1060220313" project="LAO" informant="INF022" reel="3b" region="6" narrative="_Q" label="Geography" state="OK" sex="M " age="72" age_level="3" education="1" town="Colcord" county="Delaware" land_regions="D" locality="R" date="1962" latitude="36.26403" longitude="-94.69291" file_name="LAO(INF022)3b 06 Geography.mp3" path_to_file="LAP\Projects\LAO\Speakers\LAO(INF022)\Audio\LAO(INF022)3b\LAO(INF022)3b 06 Geography.mp3"/>
	<entry id="1060220314" project="LAO" informant="INF022" reel="3b" region="7" narrative="_Q" label="Agriculture" state="OK" sex="M " age="72" age_level="3" education="1" town="Colcord" county="Delaware" land_regions="D" locality="R" date="1962" latitude="36.26403" longitude="-94.69291" file_name="LAO(INF022)3b 07 Agriculture.mp3" path_to_file="LAP\Projects\LAO\Speakers\LAO(INF022)\Audio\LAO(INF022)3b\LAO(INF022)3b 07 Agriculture.mp3"/>
	<entry id="3060220302" project="LAO" informant="INF022" reel="3b" region="0" narrative="_I" label="Metadata" state="OK" sex="M " age="72" age_level="3" education="1" town="Colcord" county="Delaware" land_regions="D" locality="R" date="1962" latitude="36.26403" longitude="-94.69291" file_name="LAO(INF022)3bmeta.txt" path_to_file="LAP\Projects\LAO\Speakers\LAO(INF022)\Audio\LAO(INF022)3b\LAO(INF022)3bmeta.txt"/>
	<entry id="1060220315" project="LAO" informant="INF022" reel="3c" region="1" narrative="_Q" label="Wild Animals" state="OK" sex="M " age="72" age_level="3" education="1" town="Colcord" county="Delaware" land_regions="D" locality="R" date="1962" latitude="36.26403" longitude="-94.69291" file_name="LAO(INF022)3c 01 Wild Animals.mp3" path_to_file="LAP\Projects\LAO\Speakers\LAO(INF022)\Audio\LAO(INF022)3c\LAO(INF022)3c 01 Wild Animals.mp3"/>
	<entry id="1060220316" project="LAO" informant="INF022" reel="3c" region="2" narrative="_Q" label="Wild Animals" state="OK" sex="M " age="72" age_level="3" education="1" town="Colcord" county="Delaware" land_regions="D" locality="R" date="1962" latitude="36.26403" longitude="-94.69291" file_name="LAO(INF022)3c 02 Wild Animals.mp3" path_to_file="LAP\Projects\LAO\Speakers\LAO(INF022)\Audio\LAO(INF022)3c\LAO(INF022)3c 02 Wild Animals.mp3"/>
	<entry id="1060220317" project="LAO" informant="INF022" reel="3c" region="3" narrative="_Q" label="Geography" state="OK" sex="M " age="72" age_level="3" education="1" town="Colcord" county="Delaware" land_regions="D" locality="R" date="1962" latitude="36.26403" longitude="-94.69291" file_name="LAO(INF022)3c 03 Geography.mp3" path_to_file="LAP\Projects\LAO\Speakers\LAO(INF022)\Audio\LAO(INF022)3c\LAO(INF022)3c 03 Geography.mp3"/>
	<entry id="1060220318" project="LAO" informant="INF022" reel="3c" region="4" narrative="_Q" label="Trees and Shrubs" state="OK" sex="M " age="72" age_level="3" education="1" town="Colcord" county="Delaware" land_regions="D" locality="R" date="1962" latitude="36.26403" longitude="-94.69291" file_name="LAO(INF022)3c 04 Trees and Shrubs.mp3" path_to_file="LAP\Projects\LAO\Speakers\LAO(INF022)\Audio\LAO(INF022)3c\LAO(INF022)3c 04 Trees and Shrubs.mp3"/>
	<entry id="1060220319" project="LAO" informant="INF022" reel="3c" region="5" narrative="_Q" label="Trees and Shrubs" state="OK" sex="M " age="72" age_level="3" education="1" town="Colcord" county="Delaware" land_regions="D" locality="R" date="1962" latitude="36.26403" longitude="-94.69291" file_name="LAO(INF022)3c 05 Trees and Shrubs.mp3" path_to_file="LAP\Projects\LAO\Speakers\LAO(INF022)\Audio\LAO(INF022)3c\LAO(INF022)3c 05 Trees and Shrubs.mp3"/>
	<entry id="1060220320" project="LAO" informant="INF022" reel="3c" region="6" narrative="_Q" label="Wild Animals" state="OK" sex="M " age="72" age_level="3" education="1" town="Colcord" county="Delaware" land_regions="D" locality="R" date="1962" latitude="36.26403" longitude="-94.69291" file_name="LAO(INF022)3c 06 Wild Animals.mp3" path_to_file="LAP\Projects\LAO\Speakers\LAO(INF022)\Audio\LAO(INF022)3c\LAO(INF022)3c 06 Wild Animals.mp3"/>
	<entry id="1060220321" project="LAO" informant="INF022" reel="3c" region="7" narrative="_Q" label="Family" state="OK" sex="M " age="72" age_level="3" education="1" town="Colcord" county="Delaware" land_regions="D" locality="R" date="1962" latitude="36.26403" longitude="-94.69291" file_name="LAO(INF022)3c 07 Family.mp3" path_to_file="LAP\Projects\LAO\Speakers\LAO(INF022)\Audio\LAO(INF022)3c\LAO(INF022)3c 07 Family.mp3"/>
	<entry id="3060220303" project="LAO" informant="INF022" reel="3c" region="0" narrative="_I" label="Metadata" state="OK" sex="M " age="72" age_level="3" education="1" town="Colcord" county="Delaware" land_regions="D" locality="R" date="1962" latitude="36.26403" longitude="-94.69291" file_name="LAO(INF022)3cmeta.txt" path_to_file="LAP\Projects\LAO\Speakers\LAO(INF022)\Audio\LAO(INF022)3c\LAO(INF022)3cmeta.txt"/>
	<entry id="1060220401" project="LAO" informant="INF022" reel="4a" region="1" narrative="_Q" label="Geography" state="OK" sex="M " age="72" age_level="3" education="1" town="Colcord" county="Delaware" land_regions="D" locality="R" date="1962" latitude="36.26403" longitude="-94.69291" file_name="LAO(INF022)4a 01 Geography.mp3" path_to_file="LAP\Projects\LAO\Speakers\LAO(INF022)\Audio\LAO(INF022)4a\LAO(INF022)4a 01 Geography.mp3"/>
	<entry id="1060220402" project="LAO" informant="INF022" reel="4a" region="2" narrative="_Q" label="Dwellings" state="OK" sex="M " age="72" age_level="3" education="1" town="Colcord" county="Delaware" land_regions="D" locality="R" date="1962" latitude="36.26403" longitude="-94.69291" file_name="LAO(INF022)4a 02 Dwellings.mp3" path_to_file="LAP\Projects\LAO\Speakers\LAO(INF022)\Audio\LAO(INF022)4a\LAO(INF022)4a 02 Dwellings.mp3"/>
	<entry id="1060220403" project="LAO" informant="INF022" reel="4a" region="3" narrative="_Q" label="Domestic Animals" state="OK" sex="M " age="72" age_level="3" education="1" town="Colcord" county="Delaware" land_regions="D" locality="R" date="1962" latitude="36.26403" longitude="-94.69291" file_name="LAO(INF022)4a 03 Domestic Animals.mp3" path_to_file="LAP\Projects\LAO\Speakers\LAO(INF022)\Audio\LAO(INF022)4a\LAO(INF022)4a 03 Domestic Animals.mp3"/>
	<entry id="1060220404" project="LAO" informant="INF022" reel="4a" region="4" narrative="_Q" label="Agriculture" state="OK" sex="M " age="72" age_level="3" education="1" town="Colcord" county="Delaware" land_regions="D" locality="R" date="1962" latitude="36.26403" longitude="-94.69291" file_name="LAO(INF022)4a 04 Agriculture.mp3" path_to_file="LAP\Projects\LAO\Speakers\LAO(INF022)\Audio\LAO(INF022)4a\LAO(INF022)4a 04 Agriculture.mp3"/>
	<entry id="1060220405" project="LAO" informant="INF022" reel="4a" region="5" narrative="_Q" label="Vehicles" state="OK" sex="M " age="72" age_level="3" education="1" town="Colcord" county="Delaware" land_regions="D" locality="R" date="1962" latitude="36.26403" longitude="-94.69291" file_name="LAO(INF022)4a 05 Vehicles.mp3" path_to_file="LAP\Projects\LAO\Speakers\LAO(INF022)\Audio\LAO(INF022)4a\LAO(INF022)4a 05 Vehicles.mp3"/>
	<entry id="1060220406" project="LAO" informant="INF022" reel="4a" region="6" narrative="_N" label="Sport and Play" state="OK" sex="M " age="72" age_level="3" education="1" town="Colcord" county="Delaware" land_regions="D" locality="R" date="1962" latitude="36.26403" longitude="-94.69291" file_name="LAO(INF022)4a 06 Sport and Play_N.mp3" path_to_file="LAP\Projects\LAO\Speakers\LAO(INF022)\Audio\LAO(INF022)4a\LAO(INF022)4a 06 Sport and Play_N.mp3"/>
	<entry id="1060220407" project="LAO" informant="INF022" reel="4a" region="7" narrative="_Q" label="Time" state="OK" sex="M " age="72" age_level="3" education="1" town="Colcord" county="Delaware" land_regions="D" locality="R" date="1962" latitude="36.26403" longitude="-94.69291" file_name="LAO(INF022)4a 07 Time.mp3" path_to_file="LAP\Projects\LAO\Speakers\LAO(INF022)\Audio\LAO(INF022)4a\LAO(INF022)4a 07 Time.mp3"/>
	<entry id="3060220401" project="LAO" informant="INF022" reel="4a" region="0" narrative="_I" label="Metadata" state="OK" sex="M " age="72" age_level="3" education="1" town="Colcord" county="Delaware" land_regions="D" locality="R" date="1962" latitude="36.26403" longitude="-94.69291" file_name="LAO(INF022)4ameta.txt" path_to_file="LAP\Projects\LAO\Speakers\LAO(INF022)\Audio\LAO(INF022)4a\LAO(INF022)4ameta.txt"/>
	<entry id="1060220408" project="LAO" informant="INF022" reel="4b" region="1" narrative="_Q" label="Weather" state="OK" sex="M " age="72" age_level="3" education="1" town="Colcord" county="Delaware" land_regions="D" locality="R" date="1962" latitude="36.26403" longitude="-94.69291" file_name="LAO(INF022)4b 01 Weather.mp3" path_to_file="LAP\Projects\LAO\Speakers\LAO(INF022)\Audio\LAO(INF022)4b\LAO(INF022)4b 01 Weather.mp3"/>
	<entry id="1060220409" project="LAO" informant="INF022" reel="4b" region="2" narrative="_Q" label="Weather" state="OK" sex="M " age="72" age_level="3" education="1" town="Colcord" county="Delaware" land_regions="D" locality="R" date="1962" latitude="36.26403" longitude="-94.69291" file_name="LAO(INF022)4b 02 Weather.mp3" path_to_file="LAP\Projects\LAO\Speakers\LAO(INF022)\Audio\LAO(INF022)4b\LAO(INF022)4b 02 Weather.mp3"/>
	<entry id="1060220410" project="LAO" informant="INF022" reel="4b" region="3" narrative="_Q" label="Vehicles" state="OK" sex="M " age="72" age_level="3" education="1" town="Colcord" county="Delaware" land_regions="D" locality="R" date="1962" latitude="36.26403" longitude="-94.69291" file_name="LAO(INF022)4b 03 Vehicles.mp3" path_to_file="LAP\Projects\LAO\Speakers\LAO(INF022)\Audio\LAO(INF022)4b\LAO(INF022)4b 03 Vehicles.mp3"/>
	<entry id="1060220411" project="LAO" informant="INF022" reel="4b" region="4" narrative="_Q" label="Wild Animals" state="OK" sex="M " age="72" age_level="3" education="1" town="Colcord" county="Delaware" land_regions="D" locality="R" date="1962" latitude="36.26403" longitude="-94.69291" file_name="LAO(INF022)4b 04 Wild Animals.mp3" path_to_file="LAP\Projects\LAO\Speakers\LAO(INF022)\Audio\LAO(INF022)4b\LAO(INF022)4b 04 Wild Animals.mp3"/>
	<entry id="1060220412" project="LAO" informant="INF022" reel="4b" region="5" narrative="_Q" label="Verbs_Principal Parts" state="OK" sex="M " age="72" age_level="3" education="1" town="Colcord" county="Delaware" land_regions="D" locality="R" date="1962" latitude="36.26403" longitude="-94.69291" file_name="LAO(INF022)4b 05 Verbs_Principal Parts.mp3" path_to_file="LAP\Projects\LAO\Speakers\LAO(INF022)\Audio\LAO(INF022)4b\LAO(INF022)4b 05 Verbs_Principal Parts.mp3"/>
	<entry id="1060220413" project="LAO" informant="INF022" reel="4b" region="6" narrative="_Q" label="Wild Animals" state="OK" sex="M " age="72" age_level="3" education="1" town="Colcord" county="Delaware" land_regions="D" locality="R" date="1962" latitude="36.26403" longitude="-94.69291" file_name="LAO(INF022)4b 06 Wild Animals.mp3" path_to_file="LAP\Projects\LAO\Speakers\LAO(INF022)\Audio\LAO(INF022)4b\LAO(INF022)4b 06 Wild Animals.mp3"/>
	<entry id="1060220414" project="LAO" informant="INF022" reel="4b" region="7" narrative="_Q" label="Geography" state="OK" sex="M " age="72" age_level="3" education="1" town="Colcord" county="Delaware" land_regions="D" locality="R" date="1962" latitude="36.26403" longitude="-94.69291" file_name="LAO(INF022)4b 07 Geography.mp3" path_to_file="LAP\Projects\LAO\Speakers\LAO(INF022)\Audio\LAO(INF022)4b\LAO(INF022)4b 07 Geography.mp3"/>
	<entry id="3060220402" project="LAO" informant="INF022" reel="4b" region="0" narrative="_I" label="Metadata" state="OK" sex="M " age="72" age_level="3" education="1" town="Colcord" county="Delaware" land_regions="D" locality="R" date="1962" latitude="36.26403" longitude="-94.69291" file_name="LAO(INF022)4bmeta.txt" path_to_file="LAP\Projects\LAO\Speakers\LAO(INF022)\Audio\LAO(INF022)4b\LAO(INF022)4bmeta.txt"/>
	<entry id="1060220415" project="LAO" informant="INF022" reel="4c" region="1" narrative="_Q" label="Domestic Animals" state="OK" sex="M " age="72" age_level="3" education="1" town="Colcord" county="Delaware" land_regions="D" locality="R" date="1962" latitude="36.26403" longitude="-94.69291" file_name="LAO(INF022)4c 01 Domestic Animals.mp3" path_to_file="LAP\Projects\LAO\Speakers\LAO(INF022)\Audio\LAO(INF022)4c\LAO(INF022)4c 01 Domestic Animals.mp3"/>
	<entry id="1060220416" project="LAO" informant="INF022" reel="4c" region="2" narrative="_Q" label="The Farm" state="OK" sex="M " age="72" age_level="3" education="1" town="Colcord" county="Delaware" land_regions="D" locality="R" date="1962" latitude="36.26403" longitude="-94.69291" file_name="LAO(INF022)4c 02 The Farm.mp3" path_to_file="LAP\Projects\LAO\Speakers\LAO(INF022)\Audio\LAO(INF022)4c\LAO(INF022)4c 02 The Farm.mp3"/>
	<entry id="1060220417" project="LAO" informant="INF022" reel="4c" region="3" narrative="_Q" label="Family" state="OK" sex="M " age="72" age_level="3" education="1" town="Colcord" county="Delaware" land_regions="D" locality="R" date="1962" latitude="36.26403" longitude="-94.69291" file_name="LAO(INF022)4c 03 Family.mp3" path_to_file="LAP\Projects\LAO\Speakers\LAO(INF022)\Audio\LAO(INF022)4c\LAO(INF022)4c 03 Family.mp3"/>
	<entry id="3060220403" project="LAO" informant="INF022" reel="4c" region="0" narrative="_I" label="Metadata" state="OK" sex="M " age="72" age_level="3" education="1" town="Colcord" county="Delaware" land_regions="D" locality="R" date="1962" latitude="36.26403" longitude="-94.69291" file_name="LAO(INF022)4cmeta.txt" path_to_file="LAP\Projects\LAO\Speakers\LAO(INF022)\Audio\LAO(INF022)4c\LAO(INF022)4cmeta.txt"/>
	<entry id="1060220501" project="LAO" informant="INF022" reel="5a" region="1" narrative="_Q" label="Verbs_Principal Parts" state="OK" sex="M " age="72" age_level="3" education="1" town="Colcord" county="Delaware" land_regions="D" locality="R" date="1962" latitude="36.26403" longitude="-94.69291" file_name="LAO(INF022)5a 01 Verbs_Principal Parts.mp3" path_to_file="LAP\Projects\LAO\Speakers\LAO(INF022)\Audio\LAO(INF022)5a\LAO(INF022)5a 01 Verbs_Principal Parts.mp3"/>
	<entry id="1060220502" project="LAO" informant="INF022" reel="5a" region="2" narrative="_Q" label="Public Institutions" state="OK" sex="M " age="72" age_level="3" education="1" town="Colcord" county="Delaware" land_regions="D" locality="R" date="1962" latitude="36.26403" longitude="-94.69291" file_name="LAO(INF022)5a 02 Public Institutions.mp3" path_to_file="LAP\Projects\LAO\Speakers\LAO(INF022)\Audio\LAO(INF022)5a\LAO(INF022)5a 02 Public Institutions.mp3"/>
	<entry id="1060220503" project="LAO" informant="INF022" reel="5a" region="3" narrative="_Q" label="Religion" state="OK" sex="M " age="72" age_level="3" education="1" town="Colcord" county="Delaware" land_regions="D" locality="R" date="1962" latitude="36.26403" longitude="-94.69291" file_name="LAO(INF022)5a 03 Religion.mp3" path_to_file="LAP\Projects\LAO\Speakers\LAO(INF022)\Audio\LAO(INF022)5a\LAO(INF022)5a 03 Religion.mp3"/>
	<entry id="1060220504" project="LAO" informant="INF022" reel="5a" region="4" narrative="_Q" label="Names, Titles and Occupations" state="OK" sex="M " age="72" age_level="3" education="1" town="Colcord" county="Delaware" land_regions="D" locality="R" date="1962" latitude="36.26403" longitude="-94.69291" file_name="LAO(INF022)5a 04 Names, Titles and Occupations.mp3" path_to_file="LAP\Projects\LAO\Speakers\LAO(INF022)\Audio\LAO(INF022)5a\LAO(INF022)5a 04 Names, Titles and Occupations.mp3"/>
	<entry id="1060220505" project="LAO" informant="INF022" reel="5a" region="5" narrative="_N" label="Social Relations" state="OK" sex="M " age="72" age_level="3" education="1" town="Colcord" county="Delaware" land_regions="D" locality="R" date="1962" latitude="36.26403" longitude="-94.69291" file_name="LAO(INF022)5a 05 Social Relations_N.mp3" path_to_file="LAP\Projects\LAO\Speakers\LAO(INF022)\Audio\LAO(INF022)5a\LAO(INF022)5a 05 Social Relations_N.mp3"/>
	<entry id="1060220506" project="LAO" informant="INF022" reel="5a" region="6" narrative="_N" label="Illness and Death" state="OK" sex="M " age="72" age_level="3" education="1" town="Colcord" county="Delaware" land_regions="D" locality="R" date="1962" latitude="36.26403" longitude="-94.69291" file_name="LAO(INF022)5a 06 Illness and Death_N.mp3" path_to_file="LAP\Projects\LAO\Speakers\LAO(INF022)\Audio\LAO(INF022)5a\LAO(INF022)5a 06 Illness and Death_N.mp3"/>
	<entry id="1060220507" project="LAO" informant="INF022" reel="5a" region="7" narrative="_Q" label="Personal Characteristics" state="OK" sex="M " age="72" age_level="3" education="1" town="Colcord" county="Delaware" land_regions="D" locality="R" date="1962" latitude="36.26403" longitude="-94.69291" file_name="LAO(INF022)5a 07 Personal Characteristics.mp3" path_to_file="LAP\Projects\LAO\Speakers\LAO(INF022)\Audio\LAO(INF022)5a\LAO(INF022)5a 07 Personal Characteristics.mp3"/>
	<entry id="3060220501" project="LAO" informant="INF022" reel="5a" region="0" narrative="_I" label="Metadata" state="OK" sex="M " age="72" age_level="3" education="1" town="Colcord" county="Delaware" land_regions="D" locality="R" date="1962" latitude="36.26403" longitude="-94.69291" file_name="LAO(INF022)5ameta.txt" path_to_file="LAP\Projects\LAO\Speakers\LAO(INF022)\Audio\LAO(INF022)5a\LAO(INF022)5ameta.txt"/>
	<entry id="1060220508" project="LAO" informant="INF022" reel="5b" region="1" narrative="_Q" label="Illness and Death" state="OK" sex="M " age="72" age_level="3" education="1" town="Colcord" county="Delaware" land_regions="D" locality="R" date="1962" latitude="36.26403" longitude="-94.69291" file_name="LAO(INF022)5b 01 Illness and Death.mp3" path_to_file="LAP\Projects\LAO\Speakers\LAO(INF022)\Audio\LAO(INF022)5b\LAO(INF022)5b 01 Illness and Death.mp3"/>
	<entry id="1060220509" project="LAO" informant="INF022" reel="5b" region="2" narrative="_Q" label="Illness and Death" state="OK" sex="M " age="72" age_level="3" education="1" town="Colcord" county="Delaware" land_regions="D" locality="R" date="1962" latitude="36.26403" longitude="-94.69291" file_name="LAO(INF022)5b 02 Illness and Death.mp3" path_to_file="LAP\Projects\LAO\Speakers\LAO(INF022)\Audio\LAO(INF022)5b\LAO(INF022)5b 02 Illness and Death.mp3"/>
	<entry id="1060220510" project="LAO" informant="INF022" reel="5b" region="3" narrative="_Q" label="Illness and Death" state="OK" sex="M " age="72" age_level="3" education="1" town="Colcord" county="Delaware" land_regions="D" locality="R" date="1962" latitude="36.26403" longitude="-94.69291" file_name="LAO(INF022)5b 03 Illness and Death.mp3" path_to_file="LAP\Projects\LAO\Speakers\LAO(INF022)\Audio\LAO(INF022)5b\LAO(INF022)5b 03 Illness and Death.mp3"/>
	<entry id="1060220511" project="LAO" informant="INF022" reel="5b" region="4" narrative="_Q" label="Illness and Death" state="OK" sex="M " age="72" age_level="3" education="1" town="Colcord" county="Delaware" land_regions="D" locality="R" date="1962" latitude="36.26403" longitude="-94.69291" file_name="LAO(INF022)5b 04 Illness and Death.mp3" path_to_file="LAP\Projects\LAO\Speakers\LAO(INF022)\Audio\LAO(INF022)5b\LAO(INF022)5b 04 Illness and Death.mp3"/>
	<entry id="1060220512" project="LAO" informant="INF022" reel="5b" region="5" narrative="_Q" label="Public Institutions" state="OK" sex="M " age="72" age_level="3" education="1" town="Colcord" county="Delaware" land_regions="D" locality="R" date="1962" latitude="36.26403" longitude="-94.69291" file_name="LAO(INF022)5b 05 Public Institutions.mp3" path_to_file="LAP\Projects\LAO\Speakers\LAO(INF022)\Audio\LAO(INF022)5b\LAO(INF022)5b 05 Public Institutions.mp3"/>
	<entry id="1060220513" project="LAO" informant="INF022" reel="5b" region="6" narrative="_Q" label="Geography" state="OK" sex="M " age="72" age_level="3" education="1" town="Colcord" county="Delaware" land_regions="D" locality="R" date="1962" latitude="36.26403" longitude="-94.69291" file_name="LAO(INF022)5b 06 Geography.mp3" path_to_file="LAP\Projects\LAO\Speakers\LAO(INF022)\Audio\LAO(INF022)5b\LAO(INF022)5b 06 Geography.mp3"/>
	<entry id="1060220514" project="LAO" informant="INF022" reel="5b" region="7" narrative="_Q" label="Public Institutions" state="OK" sex="M " age="72" age_level="3" education="1" town="Colcord" county="Delaware" land_regions="D" locality="R" date="1962" latitude="36.26403" longitude="-94.69291" file_name="LAO(INF022)5b 07 Public Institutions.mp3" path_to_file="LAP\Projects\LAO\Speakers\LAO(INF022)\Audio\LAO(INF022)5b\LAO(INF022)5b 07 Public Institutions.mp3"/>
	<entry id="3060220502" project="LAO" informant="INF022" reel="5b" region="0" narrative="_I" label="Metadata" state="OK" sex="M " age="72" age_level="3" education="1" town="Colcord" county="Delaware" land_regions="D" locality="R" date="1962" latitude="36.26403" longitude="-94.69291" file_name="LAO(INF022)5bmeta.txt" path_to_file="LAP\Projects\LAO\Speakers\LAO(INF022)\Audio\LAO(INF022)5b\LAO(INF022)5bmeta.txt"/>
	<entry id="1060220515" project="LAO" informant="INF022" reel="5c" region="1" narrative="_Q" label="Geography" state="OK" sex="M " age="72" age_level="3" education="1" town="Colcord" county="Delaware" land_regions="D" locality="R" date="1962" latitude="36.26403" longitude="-94.69291" file_name="LAO(INF022)5c 01 Geography.mp3" path_to_file="LAP\Projects\LAO\Speakers\LAO(INF022)\Audio\LAO(INF022)5c\LAO(INF022)5c 01 Geography.mp3"/>
	<entry id="1060220516" project="LAO" informant="INF022" reel="5c" region="2" narrative="_Q" label="Geography" state="OK" sex="M " age="72" age_level="3" education="1" town="Colcord" county="Delaware" land_regions="D" locality="R" date="1962" latitude="36.26403" longitude="-94.69291" file_name="LAO(INF022)5c 02 Geography.mp3" path_to_file="LAP\Projects\LAO\Speakers\LAO(INF022)\Audio\LAO(INF022)5c\LAO(INF022)5c 02 Geography.mp3"/>
	<entry id="1060220517" project="LAO" informant="INF022" reel="5c" region="3" narrative="_Q" label="Religion " state="OK" sex="M " age="72" age_level="3" education="1" town="Colcord" county="Delaware" land_regions="D" locality="R" date="1962" latitude="36.26403" longitude="-94.69291" file_name="LAO(INF022)5c 03 Religion .mp3" path_to_file="LAP\Projects\LAO\Speakers\LAO(INF022)\Audio\LAO(INF022)5c\LAO(INF022)5c 03 Religion .mp3"/>
	<entry id="1060220518" project="LAO" informant="INF022" reel="5c" region="4" narrative="_Q" label="Time" state="OK" sex="M " age="72" age_level="3" education="1" town="Colcord" county="Delaware" land_regions="D" locality="R" date="1962" latitude="36.26403" longitude="-94.69291" file_name="LAO(INF022)5c 04 Time.mp3" path_to_file="LAP\Projects\LAO\Speakers\LAO(INF022)\Audio\LAO(INF022)5c\LAO(INF022)5c 04 Time.mp3"/>
	<entry id="1060220519" project="LAO" informant="INF022" reel="5c" region="5" narrative="_Q" label="Agriculture" state="OK" sex="M " age="72" age_level="3" education="1" town="Colcord" county="Delaware" land_regions="D" locality="R" date="1962" latitude="36.26403" longitude="-94.69291" file_name="LAO(INF022)5c 05 Agriculture.mp3" path_to_file="LAP\Projects\LAO\Speakers\LAO(INF022)\Audio\LAO(INF022)5c\LAO(INF022)5c 05 Agriculture.mp3"/>
	<entry id="1060220520" project="LAO" informant="INF022" reel="5c" region="6" narrative="_Q" label="Verbs_Principal Parts" state="OK" sex="M " age="72" age_level="3" education="1" town="Colcord" county="Delaware" land_regions="D" locality="R" date="1962" latitude="36.26403" longitude="-94.69291" file_name="LAO(INF022)5c 06 Verbs_Principal Parts.mp3" path_to_file="LAP\Projects\LAO\Speakers\LAO(INF022)\Audio\LAO(INF022)5c\LAO(INF022)5c 06 Verbs_Principal Parts.mp3"/>
	<entry id="1060220521" project="LAO" informant="INF022" reel="5c" region="7" narrative="_Q" label="Sport and Play" state="OK" sex="M " age="72" age_level="3" education="1" town="Colcord" county="Delaware" land_regions="D" locality="R" date="1962" latitude="36.26403" longitude="-94.69291" file_name="LAO(INF022)5c 07 Sport and Play.mp3" path_to_file="LAP\Projects\LAO\Speakers\LAO(INF022)\Audio\LAO(INF022)5c\LAO(INF022)5c 07 Sport and Play.mp3"/>
	<entry id="3060220503" project="LAO" informant="INF022" reel="5c" region="0" narrative="_I" label="Metadata" state="OK" sex="M " age="72" age_level="3" education="1" town="Colcord" county="Delaware" land_regions="D" locality="R" date="1962" latitude="36.26403" longitude="-94.69291" file_name="LAO(INF022)5cmeta.txt" path_to_file="LAP\Projects\LAO\Speakers\LAO(INF022)\Audio\LAO(INF022)5c\LAO(INF022)5cmeta.txt"/>
	<entry id="3060220001" project="LAO" informant="INF022" reel="0" region="0" narrative="_I" label="Biographical Information" state="OK" sex="M " age="72" age_level="3" education="1" town="Colcord" county="Delaware" land_regions="D" locality="R" date="1962" latitude="36.26403" longitude="-94.69291" file_name="LAO(INF022)BIO.txt" path_to_file="LAP\Projects\LAO\Speakers\LAO(INF022)\Text\LAO(INF022)BIO.txt"/>
</Audio>