<?xml version="1.0" encoding="UTF-8" standalone="yes"?>
<Audio>
	<entry id="1060270101" project="LAO" informant="INF027" reel="1a" region="1" narrative="_Q" label="Dwellings" state="OK" sex="M " age="36" age_level="1" education="3" town="Fargo" county="Ellis" land_regions="D" locality="R" date="1962" file_name="LAO(INF027)1a 01 Dwellings" path_to_file="LAP\Projects\LAO\Speakers\LAO(INF027)\Audio\LAO(INF027)1a\LAO(INF027)1a 01 Dwellings"/>
	<entry id="1060270102" project="LAO" informant="INF027" reel="1a" region="2" narrative="_Q" label="Dwellings" state="OK" sex="M " age="36" age_level="1" education="3" town="Fargo" county="Ellis" land_regions="D" locality="R" date="1962" file_name="LAO(INF027)1a 02 Dwellings" path_to_file="LAP\Projects\LAO\Speakers\LAO(INF027)\Audio\LAO(INF027)1a\LAO(INF027)1a 02 Dwellings"/>
	<entry id="1060270103" project="LAO" informant="INF027" reel="1a" region="3" narrative="_Q" label="Dwellings" state="OK" sex="M " age="36" age_level="1" education="3" town="Fargo" county="Ellis" land_regions="D" locality="R" date="1962" file_name="LAO(INF027)1a 03 Dwellings" path_to_file="LAP\Projects\LAO\Speakers\LAO(INF027)\Audio\LAO(INF027)1a\LAO(INF027)1a 03 Dwellings"/>
	<entry id="1060270104" project="LAO" informant="INF027" reel="1a" region="4" narrative="_Q" label="Dwellings" state="OK" sex="M " age="36" age_level="1" education="3" town="Fargo" county="Ellis" land_regions="D" locality="R" date="1962" file_name="LAO(INF027)1a 04 Dwellings" path_to_file="LAP\Projects\LAO\Speakers\LAO(INF027)\Audio\LAO(INF027)1a\LAO(INF027)1a 04 Dwellings"/>
	<entry id="3060270101" project="LAO" informant="INF027" reel="1a" region="0" narrative="_I" label="Metadata" state="OK" sex="M " age="36" age_level="1" education="3" town="Fargo" county="Ellis" land_regions="D" locality="R" date="1962" file_name="LAO(INF027)1ameta.txt" path_to_file="LAP\Projects\LAO\Speakers\LAO(INF027)\Audio\LAO(INF027)1a\LAO(INF027)1ameta.txt"/>
	<entry id="1060270105" project="LAO" informant="INF027" reel="1b" region="1" narrative="_Q" label="Domestic Animals" state="OK" sex="M " age="36" age_level="1" education="3" town="Fargo" county="Ellis" land_regions="D" locality="R" date="1962" file_name="LAO(INF027)1b 01 Domestic Animals.mp3" path_to_file="LAP\Projects\LAO\Speakers\LAO(INF027)\Audio\LAO(INF027)1b\LAO(INF027)1b 01 Domestic Animals.mp3"/>
	<entry id="1060270106" project="LAO" informant="INF027" reel="1b" region="2" narrative="_Q" label="The Farm" state="OK" sex="M " age="36" age_level="1" education="3" town="Fargo" county="Ellis" land_regions="D" locality="R" date="1962" file_name="LAO(INF027)1b 02 The Farm.mp3" path_to_file="LAP\Projects\LAO\Speakers\LAO(INF027)\Audio\LAO(INF027)1b\LAO(INF027)1b 02 The Farm.mp3"/>
	<entry id="1060270107" project="LAO" informant="INF027" reel="1b" region="3" narrative="_Q" label="Business" state="OK" sex="M " age="36" age_level="1" education="3" town="Fargo" county="Ellis" land_regions="D" locality="R" date="1962" file_name="LAO(INF027)1b 03 Business.mp3" path_to_file="LAP\Projects\LAO\Speakers\LAO(INF027)\Audio\LAO(INF027)1b\LAO(INF027)1b 03 Business.mp3"/>
	<entry id="1060270108" project="LAO" informant="INF027" reel="1b" region="4" narrative="_Q" label="The Farm" state="OK" sex="M " age="36" age_level="1" education="3" town="Fargo" county="Ellis" land_regions="D" locality="R" date="1962" file_name="LAO(INF027)1b 04 The Farm.mp3" path_to_file="LAP\Projects\LAO\Speakers\LAO(INF027)\Audio\LAO(INF027)1b\LAO(INF027)1b 04 The Farm.mp3"/>
	<entry id="1060270109" project="LAO" informant="INF027" reel="1b" region="5" narrative="_Q" label="Illness and Death" state="OK" sex="M " age="36" age_level="1" education="3" town="Fargo" county="Ellis" land_regions="D" locality="R" date="1962" file_name="LAO(INF027)1b 05 Illness and Death.mp3" path_to_file="LAP\Projects\LAO\Speakers\LAO(INF027)\Audio\LAO(INF027)1b\LAO(INF027)1b 05 Illness and Death.mp3"/>
	<entry id="1060270110" project="LAO" informant="INF027" reel="1b" region="6" narrative="_Q" label="Geography" state="OK" sex="M " age="36" age_level="1" education="3" town="Fargo" county="Ellis" land_regions="D" locality="R" date="1962" file_name="LAO(INF027)1b 06 Geography.mp3" path_to_file="LAP\Projects\LAO\Speakers\LAO(INF027)\Audio\LAO(INF027)1b\LAO(INF027)1b 06 Geography.mp3"/>
	<entry id="1060270111" project="LAO" informant="INF027" reel="1b" region="7" narrative="_Q" label="Containers and Utensils" state="OK" sex="M " age="36" age_level="1" education="3" town="Fargo" county="Ellis" land_regions="D" locality="R" date="1962" file_name="LAO(INF027)1b 07 Containers and Utensils.mp3" path_to_file="LAP\Projects\LAO\Speakers\LAO(INF027)\Audio\LAO(INF027)1b\LAO(INF027)1b 07 Containers and Utensils.mp3"/>
	<entry id="3060270102" project="LAO" informant="INF027" reel="1b" region="0" narrative="_I" label="Metadata" state="OK" sex="M " age="36" age_level="1" education="3" town="Fargo" county="Ellis" land_regions="D" locality="R" date="1962" file_name="LAO(INF027)1bmeta.txt" path_to_file="LAP\Projects\LAO\Speakers\LAO(INF027)\Audio\LAO(INF027)1b\LAO(INF027)1bmeta.txt"/>
	<entry id="1060270112" project="LAO" informant="INF027" reel="1c" region="1" narrative="_Q" label="Dwellings" state="OK" sex="M " age="36" age_level="1" education="3" town="Fargo" county="Ellis" land_regions="D" locality="R" date="1962" file_name="LAO(INF027)1c 01 Dwellings.mp3" path_to_file="LAP\Projects\LAO\Speakers\LAO(INF027)\Audio\LAO(INF027)1c\LAO(INF027)1c 01 Dwellings.mp3"/>
	<entry id="1060270113" project="LAO" informant="INF027" reel="1c" region="2" narrative="_Q" label="Dwellings" state="OK" sex="M " age="36" age_level="1" education="3" town="Fargo" county="Ellis" land_regions="D" locality="R" date="1962" file_name="LAO(INF027)1c 02 Dwellings.mp3" path_to_file="LAP\Projects\LAO\Speakers\LAO(INF027)\Audio\LAO(INF027)1c\LAO(INF027)1c 02 Dwellings.mp3"/>
	<entry id="1060270114" project="LAO" informant="INF027" reel="1c" region="3" narrative="_Q" label="Containers and Utensils" state="OK" sex="M " age="36" age_level="1" education="3" town="Fargo" county="Ellis" land_regions="D" locality="R" date="1962" file_name="LAO(INF027)1c 03 Containers and Utensils.mp3" path_to_file="LAP\Projects\LAO\Speakers\LAO(INF027)\Audio\LAO(INF027)1c\LAO(INF027)1c 03 Containers and Utensils.mp3"/>
	<entry id="1060270115" project="LAO" informant="INF027" reel="1c" region="4" narrative="_Q" label="Sport and Play" state="OK" sex="M " age="36" age_level="1" education="3" town="Fargo" county="Ellis" land_regions="D" locality="R" date="1962" file_name="LAO(INF027)1c 04 Sport and Play.mp3" path_to_file="LAP\Projects\LAO\Speakers\LAO(INF027)\Audio\LAO(INF027)1c\LAO(INF027)1c 04 Sport and Play.mp3"/>
	<entry id="1060270116" project="LAO" informant="INF027" reel="1c" region="5" narrative="_Q" label="Domestic Animals" state="OK" sex="M " age="36" age_level="1" education="3" town="Fargo" county="Ellis" land_regions="D" locality="R" date="1962" file_name="LAO(INF027)1c 05 Domestic Animals.mp3" path_to_file="LAP\Projects\LAO\Speakers\LAO(INF027)\Audio\LAO(INF027)1c\LAO(INF027)1c 05 Domestic Animals.mp3"/>
	<entry id="1060270117" project="LAO" informant="INF027" reel="1c" region="6" narrative="_Q" label="Dwellings" state="OK" sex="M " age="36" age_level="1" education="3" town="Fargo" county="Ellis" land_regions="D" locality="R" date="1962" file_name="LAO(INF027)1c 06 Dwellings.mp3" path_to_file="LAP\Projects\LAO\Speakers\LAO(INF027)\Audio\LAO(INF027)1c\LAO(INF027)1c 06 Dwellings.mp3"/>
	<entry id="1060270118" project="LAO" informant="INF027" reel="1c" region="7" narrative="_Q" label="Containers and Utensils" state="OK" sex="M " age="36" age_level="1" education="3" town="Fargo" county="Ellis" land_regions="D" locality="R" date="1962" file_name="LAO(INF027)1c 07 Containers and Utensils.mp3" path_to_file="LAP\Projects\LAO\Speakers\LAO(INF027)\Audio\LAO(INF027)1c\LAO(INF027)1c 07 Containers and Utensils.mp3"/>
	<entry id="3060270103" project="LAO" informant="INF027" reel="1c" region="0" narrative="_I" label="Metadata" state="OK" sex="M " age="36" age_level="1" education="3" town="Fargo" county="Ellis" land_regions="D" locality="R" date="1962" file_name="LAO(INF027)1cmeta.txt" path_to_file="LAP\Projects\LAO\Speakers\LAO(INF027)\Audio\LAO(INF027)1c\LAO(INF027)1cmeta.txt"/>
	<entry id="1060270201" project="LAO" informant="INF027" reel="2a" region="1" narrative="_Q" label="Food and Cooking" state="OK" sex="M " age="36" age_level="1" education="3" town="Fargo" county="Ellis" land_regions="D" locality="R" date="1962" file_name="LAO(INF027)2a 01 Food and Cooking.mp3" path_to_file="LAP\Projects\LAO\Speakers\LAO(INF027)\Audio\LAO(INF027)2a\LAO(INF027)2a 01 Food and Cooking.mp3"/>
	<entry id="1060270202" project="LAO" informant="INF027" reel="2a" region="2" narrative="_Q" label="Verbs_Principal Parts" state="OK" sex="M " age="36" age_level="1" education="3" town="Fargo" county="Ellis" land_regions="D" locality="R" date="1962" file_name="LAO(INF027)2a 02 Verbs_Principal Parts.mp3" path_to_file="LAP\Projects\LAO\Speakers\LAO(INF027)\Audio\LAO(INF027)2a\LAO(INF027)2a 02 Verbs_Principal Parts.mp3"/>
	<entry id="1060270203" project="LAO" informant="INF027" reel="2a" region="3" narrative="_Q" label="Agriculture" state="OK" sex="M " age="36" age_level="1" education="3" town="Fargo" county="Ellis" land_regions="D" locality="R" date="1962" file_name="LAO(INF027)2a 03 Agriculture.mp3" path_to_file="LAP\Projects\LAO\Speakers\LAO(INF027)\Audio\LAO(INF027)2a\LAO(INF027)2a 03 Agriculture.mp3"/>
	<entry id="1060270204" project="LAO" informant="INF027" reel="2a" region="4" narrative="_Q" label="Dwellings" state="OK" sex="M " age="36" age_level="1" education="3" town="Fargo" county="Ellis" land_regions="D" locality="R" date="1962" file_name="LAO(INF027)2a 04 Dwellings.mp3" path_to_file="LAP\Projects\LAO\Speakers\LAO(INF027)\Audio\LAO(INF027)2a\LAO(INF027)2a 04 Dwellings.mp3"/>
	<entry id="1060270205" project="LAO" informant="INF027" reel="2a" region="5" narrative="_Q" label="Topography" state="OK" sex="M " age="36" age_level="1" education="3" town="Fargo" county="Ellis" land_regions="D" locality="R" date="1962" file_name="LAO(INF027)2a 05 Topography.mp3" path_to_file="LAP\Projects\LAO\Speakers\LAO(INF027)\Audio\LAO(INF027)2a\LAO(INF027)2a 05 Topography.mp3"/>
	<entry id="1060270206" project="LAO" informant="INF027" reel="2a" region="6" narrative="_Q" label="Topography" state="OK" sex="M " age="36" age_level="1" education="3" town="Fargo" county="Ellis" land_regions="D" locality="R" date="1962" file_name="LAO(INF027)2a 06 Topography.mp3" path_to_file="LAP\Projects\LAO\Speakers\LAO(INF027)\Audio\LAO(INF027)2a\LAO(INF027)2a 06 Topography.mp3"/>
	<entry id="1060270207" project="LAO" informant="INF027" reel="2a" region="7" narrative="_Q" label="Topography" state="OK" sex="M " age="36" age_level="1" education="3" town="Fargo" county="Ellis" land_regions="D" locality="R" date="1962" file_name="LAO(INF027)2a 07 Topography.mp3" path_to_file="LAP\Projects\LAO\Speakers\LAO(INF027)\Audio\LAO(INF027)2a\LAO(INF027)2a 07 Topography.mp3"/>
	<entry id="3060270201" project="LAO" informant="INF027" reel="2a" region="0" narrative="_I" label="Metadata" state="OK" sex="M " age="36" age_level="1" education="3" town="Fargo" county="Ellis" land_regions="D" locality="R" date="1962" file_name="LAO(INF027)2ameta.txt" path_to_file="LAP\Projects\LAO\Speakers\LAO(INF027)\Audio\LAO(INF027)2a\LAO(INF027)2ameta.txt"/>
	<entry id="1060270208" project="LAO" informant="INF027" reel="2b" region="1" narrative="_Q" label="Public Institutions" state="OK" sex="M " age="36" age_level="1" education="3" town="Fargo" county="Ellis" land_regions="D" locality="R" date="1962" file_name="LAO(INF027)2b 01 Public Institutions.mp3" path_to_file="LAP\Projects\LAO\Speakers\LAO(INF027)\Audio\LAO(INF027)2b\LAO(INF027)2b 01 Public Institutions.mp3"/>
	<entry id="1060270209" project="LAO" informant="INF027" reel="2b" region="2" narrative="_Q" label="Prepositions" state="OK" sex="M " age="36" age_level="1" education="3" town="Fargo" county="Ellis" land_regions="D" locality="R" date="1962" file_name="LAO(INF027)2b 02 Prepositions.mp3" path_to_file="LAP\Projects\LAO\Speakers\LAO(INF027)\Audio\LAO(INF027)2b\LAO(INF027)2b 02 Prepositions.mp3"/>
	<entry id="1060270210" project="LAO" informant="INF027" reel="2b" region="3" narrative="_Q" label="Domestic Animals" state="OK" sex="M " age="36" age_level="1" education="3" town="Fargo" county="Ellis" land_regions="D" locality="R" date="1962" file_name="LAO(INF027)2b 03 Domestic Animals.mp3" path_to_file="LAP\Projects\LAO\Speakers\LAO(INF027)\Audio\LAO(INF027)2b\LAO(INF027)2b 03 Domestic Animals.mp3"/>
	<entry id="1060270211" project="LAO" informant="INF027" reel="2b" region="4" narrative="_Q" label="Domestic Animals" state="OK" sex="M " age="36" age_level="1" education="3" town="Fargo" county="Ellis" land_regions="D" locality="R" date="1962" file_name="LAO(INF027)2b 04 Domestic Animals.mp3" path_to_file="LAP\Projects\LAO\Speakers\LAO(INF027)\Audio\LAO(INF027)2b\LAO(INF027)2b 04 Domestic Animals.mp3"/>
	<entry id="1060270212" project="LAO" informant="INF027" reel="2b" region="5" narrative="_Q" label="Wild Animals" state="OK" sex="M " age="36" age_level="1" education="3" town="Fargo" county="Ellis" land_regions="D" locality="R" date="1962" file_name="LAO(INF027)2b 05 Wild Animals.mp3" path_to_file="LAP\Projects\LAO\Speakers\LAO(INF027)\Audio\LAO(INF027)2b\LAO(INF027)2b 05 Wild Animals.mp3"/>
	<entry id="1060270213" project="LAO" informant="INF027" reel="2b" region="6" narrative="_Q" label="Domestic Animals" state="OK" sex="M " age="36" age_level="1" education="3" town="Fargo" county="Ellis" land_regions="D" locality="R" date="1962" file_name="LAO(INF027)2b 06 Domestic Animals.mp3" path_to_file="LAP\Projects\LAO\Speakers\LAO(INF027)\Audio\LAO(INF027)2b\LAO(INF027)2b 06 Domestic Animals.mp3"/>
	<entry id="1060270214" project="LAO" informant="INF027" reel="2b" region="7" narrative="_Q" label="Food and Cooking" state="OK" sex="M " age="36" age_level="1" education="3" town="Fargo" county="Ellis" land_regions="D" locality="R" date="1962" file_name="LAO(INF027)2b 07 Food and Cooking.mp3" path_to_file="LAP\Projects\LAO\Speakers\LAO(INF027)\Audio\LAO(INF027)2b\LAO(INF027)2b 07 Food and Cooking.mp3"/>
	<entry id="3060270202" project="LAO" informant="INF027" reel="2b" region="0" narrative="_I" label="Metadata" state="OK" sex="M " age="36" age_level="1" education="3" town="Fargo" county="Ellis" land_regions="D" locality="R" date="1962" file_name="LAO(INF027)2bmeta.txt" path_to_file="LAP\Projects\LAO\Speakers\LAO(INF027)\Audio\LAO(INF027)2b\LAO(INF027)2bmeta.txt"/>
	<entry id="1060270215" project="LAO" informant="INF027" reel="2c" region="1" narrative="_Q" label="Calls to Animals" state="OK" sex="M " age="36" age_level="1" education="3" town="Fargo" county="Ellis" land_regions="D" locality="R" date="1962" file_name="LAO(INF027)2c 01 Calls to Animals.mp3" path_to_file="LAP\Projects\LAO\Speakers\LAO(INF027)\Audio\LAO(INF027)2c\LAO(INF027)2c 01 Calls to Animals.mp3"/>
	<entry id="1060270216" project="LAO" informant="INF027" reel="2c" region="2" narrative="_Q" label="Vehicles" state="OK" sex="M " age="36" age_level="1" education="3" town="Fargo" county="Ellis" land_regions="D" locality="R" date="1962" file_name="LAO(INF027)2c 02 Vehicles.mp3" path_to_file="LAP\Projects\LAO\Speakers\LAO(INF027)\Audio\LAO(INF027)2c\LAO(INF027)2c 02 Vehicles.mp3"/>
	<entry id="1060270217" project="LAO" informant="INF027" reel="2c" region="3" narrative="_Q" label="Trees and Shrubs" state="OK" sex="M " age="36" age_level="1" education="3" town="Fargo" county="Ellis" land_regions="D" locality="R" date="1962" file_name="LAO(INF027)2c 03 Trees and Shrubs.mp3" path_to_file="LAP\Projects\LAO\Speakers\LAO(INF027)\Audio\LAO(INF027)2c\LAO(INF027)2c 03 Trees and Shrubs.mp3"/>
	<entry id="1060270218" project="LAO" informant="INF027" reel="2c" region="4" narrative="_Q" label="Agriculture" state="OK" sex="M " age="36" age_level="1" education="3" town="Fargo" county="Ellis" land_regions="D" locality="R" date="1962" file_name="LAO(INF027)2c 04 Agriculture.mp3" path_to_file="LAP\Projects\LAO\Speakers\LAO(INF027)\Audio\LAO(INF027)2c\LAO(INF027)2c 04 Agriculture.mp3"/>
	<entry id="1060270219" project="LAO" informant="INF027" reel="2c" region="5" narrative="_Q" label="Food and Cooking" state="OK" sex="M " age="36" age_level="1" education="3" town="Fargo" county="Ellis" land_regions="D" locality="R" date="1962" file_name="LAO(INF027)2c 05 Food and Cooking.mp3" path_to_file="LAP\Projects\LAO\Speakers\LAO(INF027)\Audio\LAO(INF027)2c\LAO(INF027)2c 05 Food and Cooking.mp3"/>
	<entry id="1060270220" project="LAO" informant="INF027" reel="2c" region="6" narrative="_Q" label="Food and Cooking" state="OK" sex="M " age="36" age_level="1" education="3" town="Fargo" county="Ellis" land_regions="D" locality="R" date="1962" file_name="LAO(INF027)2c 06 Food and Cooking.mp3" path_to_file="LAP\Projects\LAO\Speakers\LAO(INF027)\Audio\LAO(INF027)2c\LAO(INF027)2c 06 Food and Cooking.mp3"/>
	<entry id="1060270221" project="LAO" informant="INF027" reel="2c" region="7" narrative="_Q" label="Food and Cooking" state="OK" sex="M " age="36" age_level="1" education="3" town="Fargo" county="Ellis" land_regions="D" locality="R" date="1962" file_name="LAO(INF027)2c 07 Food and Cooking.mp3" path_to_file="LAP\Projects\LAO\Speakers\LAO(INF027)\Audio\LAO(INF027)2c\LAO(INF027)2c 07 Food and Cooking.mp3"/>
	<entry id="3060270203" project="LAO" informant="INF027" reel="2c" region="0" narrative="_I" label="Metadata" state="OK" sex="M " age="36" age_level="1" education="3" town="Fargo" county="Ellis" land_regions="D" locality="R" date="1962" file_name="LAO(INF027)2cmeta.txt" path_to_file="LAP\Projects\LAO\Speakers\LAO(INF027)\Audio\LAO(INF027)2c\LAO(INF027)2cmeta.txt"/>
	<entry id="1060270301" project="LAO" informant="INF027" reel="3a" region="1" narrative="_Q" label="Vehicles" state="OK" sex="M " age="36" age_level="1" education="3" town="Fargo" county="Ellis" land_regions="D" locality="R" date="1962" file_name="LAO(INF027)3a 01 Vehicles.mp3" path_to_file="LAP\Projects\LAO\Speakers\LAO(INF027)\Audio\LAO(INF027)3a\LAO(INF027)3a 01 Vehicles.mp3"/>
	<entry id="1060270302" project="LAO" informant="INF027" reel="3a" region="2" narrative="_Q" label="Food and Cooking" state="OK" sex="M " age="36" age_level="1" education="3" town="Fargo" county="Ellis" land_regions="D" locality="R" date="1962" file_name="LAO(INF027)3a 02 Food and Cooking.mp3" path_to_file="LAP\Projects\LAO\Speakers\LAO(INF027)\Audio\LAO(INF027)3a\LAO(INF027)3a 02 Food and Cooking.mp3"/>
	<entry id="1060270303" project="LAO" informant="INF027" reel="3a" region="3" narrative="_Q" label="Food and Cooking" state="OK" sex="M " age="36" age_level="1" education="3" town="Fargo" county="Ellis" land_regions="D" locality="R" date="1962" file_name="LAO(INF027)3a 03 Food and Cooking.mp3" path_to_file="LAP\Projects\LAO\Speakers\LAO(INF027)\Audio\LAO(INF027)3a\LAO(INF027)3a 03 Food and Cooking.mp3"/>
	<entry id="1060270304" project="LAO" informant="INF027" reel="3a" region="4" narrative="_Q" label="Food and Cooking" state="OK" sex="M " age="36" age_level="1" education="3" town="Fargo" county="Ellis" land_regions="D" locality="R" date="1962" file_name="LAO(INF027)3a 04 Food and Cooking.mp3" path_to_file="LAP\Projects\LAO\Speakers\LAO(INF027)\Audio\LAO(INF027)3a\LAO(INF027)3a 04 Food and Cooking.mp3"/>
	<entry id="1060270305" project="LAO" informant="INF027" reel="3a" region="5" narrative="_Q" label="Food and Cooking" state="OK" sex="M " age="36" age_level="1" education="3" town="Fargo" county="Ellis" land_regions="D" locality="R" date="1962" file_name="LAO(INF027)3a 05 Food and Cooking.mp3" path_to_file="LAP\Projects\LAO\Speakers\LAO(INF027)\Audio\LAO(INF027)3a\LAO(INF027)3a 05 Food and Cooking.mp3"/>
	<entry id="1060270306" project="LAO" informant="INF027" reel="3a" region="6" narrative="_Q" label="Trees and Shrubs" state="OK" sex="M " age="36" age_level="1" education="3" town="Fargo" county="Ellis" land_regions="D" locality="R" date="1962" file_name="LAO(INF027)3a 06 Trees and Shrubs.mp3" path_to_file="LAP\Projects\LAO\Speakers\LAO(INF027)\Audio\LAO(INF027)3a\LAO(INF027)3a 06 Trees and Shrubs.mp3"/>
	<entry id="1060270307" project="LAO" informant="INF027" reel="3a" region="7" narrative="_Q" label="Vegetables" state="OK" sex="M " age="36" age_level="1" education="3" town="Fargo" county="Ellis" land_regions="D" locality="R" date="1962" file_name="LAO(INF027)3a 07 Vegetables.mp3" path_to_file="LAP\Projects\LAO\Speakers\LAO(INF027)\Audio\LAO(INF027)3a\LAO(INF027)3a 07 Vegetables.mp3"/>
	<entry id="3060270301" project="LAO" informant="INF027" reel="3a" region="0" narrative="_I" label="Metadata" state="OK" sex="M " age="36" age_level="1" education="3" town="Fargo" county="Ellis" land_regions="D" locality="R" date="1962" file_name="LAO(INF027)3ameta.txt" path_to_file="LAP\Projects\LAO\Speakers\LAO(INF027)\Audio\LAO(INF027)3a\LAO(INF027)3ameta.txt"/>
	<entry id="1060270308" project="LAO" informant="INF027" reel="3b" region="1" narrative="_Q" label="Food and Cooking" state="OK" sex="M " age="36" age_level="1" education="3" town="Fargo" county="Ellis" land_regions="D" locality="R" date="1962" file_name="LAO(INF027)3b 01 Food and Cooking.mp3" path_to_file="LAP\Projects\LAO\Speakers\LAO(INF027)\Audio\LAO(INF027)3b\LAO(INF027)3b 01 Food and Cooking.mp3"/>
	<entry id="1060270309" project="LAO" informant="INF027" reel="3b" region="2" narrative="_Q" label="Vegetables" state="OK" sex="M " age="36" age_level="1" education="3" town="Fargo" county="Ellis" land_regions="D" locality="R" date="1962" file_name="LAO(INF027)3b 02 Vegetables.mp3" path_to_file="LAP\Projects\LAO\Speakers\LAO(INF027)\Audio\LAO(INF027)3b\LAO(INF027)3b 02 Vegetables.mp3"/>
	<entry id="1060270310" project="LAO" informant="INF027" reel="3b" region="3" narrative="_Q" label="Vegetables" state="OK" sex="M " age="36" age_level="1" education="3" town="Fargo" county="Ellis" land_regions="D" locality="R" date="1962" file_name="LAO(INF027)3b 03 Vegetables.mp3" path_to_file="LAP\Projects\LAO\Speakers\LAO(INF027)\Audio\LAO(INF027)3b\LAO(INF027)3b 03 Vegetables.mp3"/>
	<entry id="1060270311" project="LAO" informant="INF027" reel="3b" region="4" narrative="_Q" label="Vegetables" state="OK" sex="M " age="36" age_level="1" education="3" town="Fargo" county="Ellis" land_regions="D" locality="R" date="1962" file_name="LAO(INF027)3b 04 Vegetables.mp3" path_to_file="LAP\Projects\LAO\Speakers\LAO(INF027)\Audio\LAO(INF027)3b\LAO(INF027)3b 04 Vegetables.mp3"/>
	<entry id="1060270312" project="LAO" informant="INF027" reel="3b" region="5" narrative="_Q" label="Vegetables" state="OK" sex="M " age="36" age_level="1" education="3" town="Fargo" county="Ellis" land_regions="D" locality="R" date="1962" file_name="LAO(INF027)3b 05 Vegetables.mp3" path_to_file="LAP\Projects\LAO\Speakers\LAO(INF027)\Audio\LAO(INF027)3b\LAO(INF027)3b 05 Vegetables.mp3"/>
	<entry id="1060270313" project="LAO" informant="INF027" reel="3b" region="6" narrative="_Q" label="Illness and Death" state="OK" sex="M " age="36" age_level="1" education="3" town="Fargo" county="Ellis" land_regions="D" locality="R" date="1962" file_name="LAO(INF027)3b 06 Illness and Death.mp3" path_to_file="LAP\Projects\LAO\Speakers\LAO(INF027)\Audio\LAO(INF027)3b\LAO(INF027)3b 06 Illness and Death.mp3"/>
	<entry id="1060270314" project="LAO" informant="INF027" reel="3b" region="7" narrative="_Q" label="Wild Animals" state="OK" sex="M " age="36" age_level="1" education="3" town="Fargo" county="Ellis" land_regions="D" locality="R" date="1962" file_name="LAO(INF027)3b 07 Wild Animals.mp3" path_to_file="LAP\Projects\LAO\Speakers\LAO(INF027)\Audio\LAO(INF027)3b\LAO(INF027)3b 07 Wild Animals.mp3"/>
	<entry id="3060270302" project="LAO" informant="INF027" reel="3b" region="0" narrative="_I" label="Metadata" state="OK" sex="M " age="36" age_level="1" education="3" town="Fargo" county="Ellis" land_regions="D" locality="R" date="1962" file_name="LAO(INF027)3bmeta.txt" path_to_file="LAP\Projects\LAO\Speakers\LAO(INF027)\Audio\LAO(INF027)3b\LAO(INF027)3bmeta.txt"/>
	<entry id="1060270315" project="LAO" informant="INF027" reel="3c" region="1" narrative="_Q" label="Wild Animals" state="OK" sex="M " age="36" age_level="1" education="3" town="Fargo" county="Ellis" land_regions="D" locality="R" date="1962" file_name="LAO(INF027)3c 01 Wild Animals.mp3" path_to_file="LAP\Projects\LAO\Speakers\LAO(INF027)\Audio\LAO(INF027)3c\LAO(INF027)3c 01 Wild Animals.mp3"/>
	<entry id="1060270316" project="LAO" informant="INF027" reel="3c" region="2" narrative="_Q" label="Wild Animals" state="OK" sex="M " age="36" age_level="1" education="3" town="Fargo" county="Ellis" land_regions="D" locality="R" date="1962" file_name="LAO(INF027)3c 02 Wild Animals.mp3" path_to_file="LAP\Projects\LAO\Speakers\LAO(INF027)\Audio\LAO(INF027)3c\LAO(INF027)3c 02 Wild Animals.mp3"/>
	<entry id="1060270317" project="LAO" informant="INF027" reel="3c" region="3" narrative="_Q" label="Wild Animals" state="OK" sex="M " age="36" age_level="1" education="3" town="Fargo" county="Ellis" land_regions="D" locality="R" date="1962" file_name="LAO(INF027)3c 03 Wild Animals.mp3" path_to_file="LAP\Projects\LAO\Speakers\LAO(INF027)\Audio\LAO(INF027)3c\LAO(INF027)3c 03 Wild Animals.mp3"/>
	<entry id="1060270318" project="LAO" informant="INF027" reel="3c" region="4" narrative="_Q" label="Topography" state="OK" sex="M " age="36" age_level="1" education="3" town="Fargo" county="Ellis" land_regions="D" locality="R" date="1962" file_name="LAO(INF027)3c 04 Topography.mp3" path_to_file="LAP\Projects\LAO\Speakers\LAO(INF027)\Audio\LAO(INF027)3c\LAO(INF027)3c 04 Topography.mp3"/>
	<entry id="1060270319" project="LAO" informant="INF027" reel="3c" region="5" narrative="_Q" label="Trees and Shrubs" state="OK" sex="M " age="36" age_level="1" education="3" town="Fargo" county="Ellis" land_regions="D" locality="R" date="1962" file_name="LAO(INF027)3c 05 Trees and Shrubs.mp3" path_to_file="LAP\Projects\LAO\Speakers\LAO(INF027)\Audio\LAO(INF027)3c\LAO(INF027)3c 05 Trees and Shrubs.mp3"/>
	<entry id="1060270320" project="LAO" informant="INF027" reel="3c" region="6" narrative="_Q" label="Verbs_Principal Parts" state="OK" sex="M " age="36" age_level="1" education="3" town="Fargo" county="Ellis" land_regions="D" locality="R" date="1962" file_name="LAO(INF027)3c 06 Verbs_Principal Parts.mp3" path_to_file="LAP\Projects\LAO\Speakers\LAO(INF027)\Audio\LAO(INF027)3c\LAO(INF027)3c 06 Verbs_Principal Parts.mp3"/>
	<entry id="1060270321" project="LAO" informant="INF027" reel="3c" region="7" narrative="_Q" label="Names, Titles and Occupations" state="OK" sex="M " age="36" age_level="1" education="3" town="Fargo" county="Ellis" land_regions="D" locality="R" date="1962" file_name="LAO(INF027)3c 07 Names, Titles and Occupations.mp3" path_to_file="LAP\Projects\LAO\Speakers\LAO(INF027)\Audio\LAO(INF027)3c\LAO(INF027)3c 07 Names, Titles and Occupations.mp3"/>
	<entry id="3060270303" project="LAO" informant="INF027" reel="3c" region="0" narrative="_I" label="Metadata" state="OK" sex="M " age="36" age_level="1" education="3" town="Fargo" county="Ellis" land_regions="D" locality="R" date="1962" file_name="LAO(INF027)3cmeta.txt" path_to_file="LAP\Projects\LAO\Speakers\LAO(INF027)\Audio\LAO(INF027)3c\LAO(INF027)3cmeta.txt"/>
	<entry id="1060270401" project="LAO" informant="INF027" reel="4a" region="1" narrative="_Q" label="Verbs_Principal Parts" state="OK" sex="M " age="36" age_level="1" education="3" town="Fargo" county="Ellis" land_regions="D" locality="R" date="1962" file_name="LAO(INF027)4a 01 Verbs_Principal Parts.mp3" path_to_file="LAP\Projects\LAO\Speakers\LAO(INF027)\Audio\LAO(INF027)4a\LAO(INF027)4a 01 Verbs_Principal Parts.mp3"/>
	<entry id="1060270402" project="LAO" informant="INF027" reel="4a" region="2" narrative="_Q" label="Illness and Death" state="OK" sex="M " age="36" age_level="1" education="3" town="Fargo" county="Ellis" land_regions="D" locality="R" date="1962" file_name="LAO(INF027)4a 02 Illness and Death.mp3" path_to_file="LAP\Projects\LAO\Speakers\LAO(INF027)\Audio\LAO(INF027)4a\LAO(INF027)4a 02 Illness and Death.mp3"/>
	<entry id="1060270403" project="LAO" informant="INF027" reel="4a" region="3" narrative="_Q" label="Personal Characteristics" state="OK" sex="M " age="36" age_level="1" education="3" town="Fargo" county="Ellis" land_regions="D" locality="R" date="1962" file_name="LAO(INF027)4a 03 Personal Characteristics.mp3" path_to_file="LAP\Projects\LAO\Speakers\LAO(INF027)\Audio\LAO(INF027)4a\LAO(INF027)4a 03 Personal Characteristics.mp3"/>
	<entry id="1060270404" project="LAO" informant="INF027" reel="4a" region="4" narrative="_Q" label="Verbs_Principal Parts" state="OK" sex="M " age="36" age_level="1" education="3" town="Fargo" county="Ellis" land_regions="D" locality="R" date="1962" file_name="LAO(INF027)4a 04 Verbs_Principal Parts.mp3" path_to_file="LAP\Projects\LAO\Speakers\LAO(INF027)\Audio\LAO(INF027)4a\LAO(INF027)4a 04 Verbs_Principal Parts.mp3"/>
	<entry id="1060270405" project="LAO" informant="INF027" reel="4a" region="5" narrative="_Q" label="Illness and Death" state="OK" sex="M " age="36" age_level="1" education="3" town="Fargo" county="Ellis" land_regions="D" locality="R" date="1962" file_name="LAO(INF027)4a 05 Illness and Death.mp3" path_to_file="LAP\Projects\LAO\Speakers\LAO(INF027)\Audio\LAO(INF027)4a\LAO(INF027)4a 05 Illness and Death.mp3"/>
	<entry id="1060270406" project="LAO" informant="INF027" reel="4a" region="6" narrative="_Q" label="Illness and Death" state="OK" sex="M " age="36" age_level="1" education="3" town="Fargo" county="Ellis" land_regions="D" locality="R" date="1962" file_name="LAO(INF027)4a 06 Illness and Death.mp3" path_to_file="LAP\Projects\LAO\Speakers\LAO(INF027)\Audio\LAO(INF027)4a\LAO(INF027)4a 06 Illness and Death.mp3"/>
	<entry id="1060270407" project="LAO" informant="INF027" reel="4a" region="7" narrative="_Q" label="Verbs_Principal Parts" state="OK" sex="M " age="36" age_level="1" education="3" town="Fargo" county="Ellis" land_regions="D" locality="R" date="1962" file_name="LAO(INF027)4a 07 Verbs_Principal Parts.mp3" path_to_file="LAP\Projects\LAO\Speakers\LAO(INF027)\Audio\LAO(INF027)4a\LAO(INF027)4a 07 Verbs_Principal Parts.mp3"/>
	<entry id="3060270401" project="LAO" informant="INF027" reel="4a" region="0" narrative="_I" label="Metadata" state="OK" sex="M " age="36" age_level="1" education="3" town="Fargo" county="Ellis" land_regions="D" locality="R" date="1962" file_name="LAO(INF027)4ameta.txt" path_to_file="LAP\Projects\LAO\Speakers\LAO(INF027)\Audio\LAO(INF027)4a\LAO(INF027)4ameta.txt"/>
	<entry id="1060270408" project="LAO" informant="INF027" reel="4b" region="1" narrative="_Q" label="Clothing" state="OK" sex="M " age="36" age_level="1" education="3" town="Fargo" county="Ellis" land_regions="D" locality="R" date="1962" file_name="LAO(INF027)4b 01 Clothing.mp3" path_to_file="LAP\Projects\LAO\Speakers\LAO(INF027)\Audio\LAO(INF027)4b\LAO(INF027)4b 01 Clothing.mp3"/>
	<entry id="1060270409" project="LAO" informant="INF027" reel="4b" region="2" narrative="_Q" label="Business" state="OK" sex="M " age="36" age_level="1" education="3" town="Fargo" county="Ellis" land_regions="D" locality="R" date="1962" file_name="LAO(INF027)4b 02 Business.mp3" path_to_file="LAP\Projects\LAO\Speakers\LAO(INF027)\Audio\LAO(INF027)4b\LAO(INF027)4b 02 Business.mp3"/>
	<entry id="1060270410" project="LAO" informant="INF027" reel="4b" region="3" narrative="_Q" label="Public Institutions" state="OK" sex="M " age="36" age_level="1" education="3" town="Fargo" county="Ellis" land_regions="D" locality="R" date="1962" file_name="LAO(INF027)4b 03 Public Institutions.mp3" path_to_file="LAP\Projects\LAO\Speakers\LAO(INF027)\Audio\LAO(INF027)4b\LAO(INF027)4b 03 Public Institutions.mp3"/>
	<entry id="1060270411" project="LAO" informant="INF027" reel="4b" region="4" narrative="_Q" label="Vehicles" state="OK" sex="M " age="36" age_level="1" education="3" town="Fargo" county="Ellis" land_regions="D" locality="R" date="1962" file_name="LAO(INF027)4b 04 Vehicles.mp3" path_to_file="LAP\Projects\LAO\Speakers\LAO(INF027)\Audio\LAO(INF027)4b\LAO(INF027)4b 04 Vehicles.mp3"/>
	<entry id="1060270412" project="LAO" informant="INF027" reel="4b" region="5" narrative="_Q" label="Food and Cooking" state="OK" sex="M " age="36" age_level="1" education="3" town="Fargo" county="Ellis" land_regions="D" locality="R" date="1962" file_name="LAO(INF027)4b 05 Food and Cooking.mp3" path_to_file="LAP\Projects\LAO\Speakers\LAO(INF027)\Audio\LAO(INF027)4b\LAO(INF027)4b 05 Food and Cooking.mp3"/>
	<entry id="1060270413" project="LAO" informant="INF027" reel="4b" region="6" narrative="_Q" label="Greetings and Salutations" state="OK" sex="M " age="36" age_level="1" education="3" town="Fargo" county="Ellis" land_regions="D" locality="R" date="1962" file_name="LAO(INF027)4b 06 Greetings and Salutations.mp3" path_to_file="LAP\Projects\LAO\Speakers\LAO(INF027)\Audio\LAO(INF027)4b\LAO(INF027)4b 06 Greetings and Salutations.mp3"/>
	<entry id="1060270414" project="LAO" informant="INF027" reel="4b" region="7" narrative="_Q" label="Business" state="OK" sex="M " age="36" age_level="1" education="3" town="Fargo" county="Ellis" land_regions="D" locality="R" date="1962" file_name="LAO(INF027)4b 07 Business.mp3" path_to_file="LAP\Projects\LAO\Speakers\LAO(INF027)\Audio\LAO(INF027)4b\LAO(INF027)4b 07 Business.mp3"/>
	<entry id="3060270402" project="LAO" informant="INF027" reel="4b" region="0" narrative="_I" label="Metadata" state="OK" sex="M " age="36" age_level="1" education="3" town="Fargo" county="Ellis" land_regions="D" locality="R" date="1962" file_name="LAO(INF027)4bmeta.txt" path_to_file="LAP\Projects\LAO\Speakers\LAO(INF027)\Audio\LAO(INF027)4b\LAO(INF027)4bmeta.txt"/>
	<entry id="1060270415" project="LAO" informant="INF027" reel="4c" region="1" narrative="_Q" label="Verbs_Principal Parts" state="OK" sex="M " age="36" age_level="1" education="3" town="Fargo" county="Ellis" land_regions="D" locality="R" date="1962" file_name="LAO(INF027)4c 01 Verbs_Principal Parts.mp3" path_to_file="LAP\Projects\LAO\Speakers\LAO(INF027)\Audio\LAO(INF027)4c\LAO(INF027)4c 01 Verbs_Principal Parts.mp3"/>
	<entry id="1060270416" project="LAO" informant="INF027" reel="4c" region="2" narrative="_Q" label="Sport and Play" state="OK" sex="M " age="36" age_level="1" education="3" town="Fargo" county="Ellis" land_regions="D" locality="R" date="1962" file_name="LAO(INF027)4c 02 Sport and Play.mp3" path_to_file="LAP\Projects\LAO\Speakers\LAO(INF027)\Audio\LAO(INF027)4c\LAO(INF027)4c 02 Sport and Play.mp3"/>
	<entry id="1060270417" project="LAO" informant="INF027" reel="4c" region="3" narrative="_Q" label="Names, Titles and Occupations" state="OK" sex="M " age="36" age_level="1" education="3" town="Fargo" county="Ellis" land_regions="D" locality="R" date="1962" file_name="LAO(INF027)4c 03 Names, Titles and Occupations.mp3" path_to_file="LAP\Projects\LAO\Speakers\LAO(INF027)\Audio\LAO(INF027)4c\LAO(INF027)4c 03 Names, Titles and Occupations.mp3"/>
	<entry id="1060270418" project="LAO" informant="INF027" reel="4c" region="4" narrative="_Q" label="The Farm" state="OK" sex="M " age="36" age_level="1" education="3" town="Fargo" county="Ellis" land_regions="D" locality="R" date="1962" file_name="LAO(INF027)4c 04 The Farm.mp3" path_to_file="LAP\Projects\LAO\Speakers\LAO(INF027)\Audio\LAO(INF027)4c\LAO(INF027)4c 04 The Farm.mp3"/>
	<entry id="1060270419" project="LAO" informant="INF027" reel="4c" region="5" narrative="_Q" label="Time" state="OK" sex="M " age="36" age_level="1" education="3" town="Fargo" county="Ellis" land_regions="D" locality="R" date="1962" file_name="LAO(INF027)4c 05 Time.mp3" path_to_file="LAP\Projects\LAO\Speakers\LAO(INF027)\Audio\LAO(INF027)4c\LAO(INF027)4c 05 Time.mp3"/>
	<entry id="1060270420" project="LAO" informant="INF027" reel="4c" region="6" narrative="_Q" label="Weather" state="OK" sex="M " age="36" age_level="1" education="3" town="Fargo" county="Ellis" land_regions="D" locality="R" date="1962" file_name="LAO(INF027)4c 06 Weather.mp3" path_to_file="LAP\Projects\LAO\Speakers\LAO(INF027)\Audio\LAO(INF027)4c\LAO(INF027)4c 06 Weather.mp3"/>
	<entry id="1060270421" project="LAO" informant="INF027" reel="4c" region="7" narrative="_Q" label="Verbs_Be, Have, Do" state="OK" sex="M " age="36" age_level="1" education="3" town="Fargo" county="Ellis" land_regions="D" locality="R" date="1962" file_name="LAO(INF027)4c 07 Verbs_Be, Have, Do.mp3" path_to_file="LAP\Projects\LAO\Speakers\LAO(INF027)\Audio\LAO(INF027)4c\LAO(INF027)4c 07 Verbs_Be, Have, Do.mp3"/>
	<entry id="1060270422" project="LAO" informant="INF027" reel="4c" region="8" narrative="_Q" label="Pronouns" state="OK" sex="M " age="36" age_level="1" education="3" town="Fargo" county="Ellis" land_regions="D" locality="R" date="1962" file_name="LAO(INF027)4c 08 Pronouns.mp3" path_to_file="LAP\Projects\LAO\Speakers\LAO(INF027)\Audio\LAO(INF027)4c\LAO(INF027)4c 08 Pronouns.mp3"/>
	<entry id="3060270403" project="LAO" informant="INF027" reel="4c" region="0" narrative="_I" label="Metadata" state="OK" sex="M " age="36" age_level="1" education="3" town="Fargo" county="Ellis" land_regions="D" locality="R" date="1962" file_name="LAO(INF027)4cmeta.txt" path_to_file="LAP\Projects\LAO\Speakers\LAO(INF027)\Audio\LAO(INF027)4c\LAO(INF027)4cmeta.txt"/>
	<entry id="1060270501" project="LAO" informant="INF027" reel="5" region="1" narrative="_Q" label="Conjunctions" state="OK" sex="M " age="36" age_level="1" education="3" town="Fargo" county="Ellis" land_regions="D" locality="R" date="1962" file_name="LAO(INF027)5 01 Conjunctions.mp3" path_to_file="LAP\Projects\LAO\Speakers\LAO(INF027)\Audio\LAO(INF027)5\LAO(INF027)5 01 Conjunctions.mp3"/>
	<entry id="1060270502" project="LAO" informant="INF027" reel="5" region="2" narrative="_Q" label="Personal Characteristics" state="OK" sex="M " age="36" age_level="1" education="3" town="Fargo" county="Ellis" land_regions="D" locality="R" date="1962" file_name="LAO(INF027)5 02 Personal Characteristics.mp3" path_to_file="LAP\Projects\LAO\Speakers\LAO(INF027)\Audio\LAO(INF027)5\LAO(INF027)5 02 Personal Characteristics.mp3"/>
	<entry id="1060270503" project="LAO" informant="INF027" reel="5" region="3" narrative="_Q" label="Family" state="OK" sex="M " age="36" age_level="1" education="3" town="Fargo" county="Ellis" land_regions="D" locality="R" date="1962" file_name="LAO(INF027)5 03 Family.mp3" path_to_file="LAP\Projects\LAO\Speakers\LAO(INF027)\Audio\LAO(INF027)5\LAO(INF027)5 03 Family.mp3"/>
	<entry id="3060270501" project="LAO" informant="INF027" reel="5" region="0" narrative="_I" label="Metadata" state="OK" sex="M " age="36" age_level="1" education="3" town="Fargo" county="Ellis" land_regions="D" locality="R" date="1962" file_name="LAO(INF027)5meta.txt" path_to_file="LAP\Projects\LAO\Speakers\LAO(INF027)\Audio\LAO(INF027)5\LAO(INF027)5meta.txt"/>
	<entry id="3060270001" project="LAO" informant="INF027" reel="0" region="0" narrative="_I" label="Biographical Information" state="OK" sex="M " age="36" age_level="1" education="3" town="Fargo" county="Ellis" land_regions="D" locality="R" date="1962" file_name="LAO(INF027)BIO.txt" path_to_file="LAP\Projects\LAO\Speakers\LAO(INF027)\Text\LAO(INF027)BIO.txt"/>
</Audio>