Informant,State,Informant number,Response
TN001,TN,001,-
TN002,TN,002,thurteen=13
TN003,TN,003,thurteen=13
TN004,TN,004,thurteen=13
TN005,TN,005,thurteen=13
TN006,TN,006,thurteen=13
TN007,TN,007,thurteen=13
TN008,TN,008,-
TN009,TN,009,thurteen=13
TN010,TN,010,thurteen=13
TN011,TN,011,thurteen=13
TN012,TN,012,thurteen=13
TN013,TN,013,thurteen=13
TN014,TN,014,thurteen=13
TN015,TN,015,thurteen=13
TN016,TN,016,thu{r}teen=13
TN017,TN,017,thurteen=13
TN018,TN,018,thurteen=13
TN019,TN,019,thurteen=13
TN020,TN,020,thurteen=13
TN021,TN,021,thurteen=13
TN022,TN,022,thurteen=13
TN023,TN,023,thurteen=13
TN024,TN,024,thurteen=13
TN025,TN,025,thurteen=13
TN026,TN,026,thurteen=13
TN027,TN,027,thurteen=31
TN028,TN,028,thurteen=13
TN029,TN,029,thurteen=13
TN030,TN,030,thurteen=13
TN031,TN,031,thurteen=13
TN032,TN,032,thurteen=13
TN033,TN,033,thurteen=31
TN034,TN,034,thurteen=13
TN035,TN,035,thurteen=13
TN036,TN,036,thurteen=11
TN037,TN,037,thurteen=13
TN038,TN,038,thurteen=13
TN039,TN,039,thurteen=13
TN040,TN,040,thurteen=13
TN041,TN,041,thurteen=13
TN042,TN,042,thurteen=13
TN043,TN,043,thurteen=13
TN044,TN,044,thurteen=13
TN045,TN,045,thurteen=13
TN046,TN,046,thurteen=13
TN047,TN,047,thurteen=13
TN048,TN,048,thurteen=13
TN049,TN,049,thurteen=13
TN050,TN,050,thurteen=13
TN051,TN,051,thurtteen=13
TN052,TN,052,-
TN053,TN,053,thurteen=13
TN054,TN,054,thu[r]teen=13
TN055,TN,055,thurteen=13
TN056,TN,056,thurtteen=13
TN057,TN,057,thurteen=13
TN058,TN,058,thurteen=13
TN059,TN,059,thurteen=13
TN060,TN,060,thurteen=13
GA061,GA,061,thurteen=31
GA062,GA,062,thurteen=13
GA063,GA,063,thurteen=13
GA064,GA,064,thurteen=13
GA065,GA,065,thurteen=13
GA066,GA,066,thu[r]teen=13
GA067,GA,067,thurtteen=13
GA068,GA,068,thurteen=13
GA069,GA,069,thurteen=13
GA070,GA,070,thurteen=13
GA071,GA,071,thurtteen=13
GA072,GA,072,thurteen=31
GA073,GA,073,thurtteen=13
GA074,GA,074,thurtteen=21
GA075,GA,075,thurteen=13
GA076,GA,076,thu{r}tteen=13
GA077,GA,077,thu[r]tteen=13
GA078,GA,078,thurtteen=13
GA079,GA,079,thu{r}teen=13
GA080,GA,080,thu{r}teen=13
GA081,GA,081,thurteen=13
GA082,GA,082,-
GA083,GA,083,thurteen=13
GA084,GA,084,thu[r]teen=13
GA085,GA,085,thurtteen=13
GA086,GA,086,thurteen=13
GA087,GA,087,thurtteen=13
GA088,GA,088,thurtteen=13
GA089,GA,089,thu[r]tteen=13
GA090,GA,090,thurtteen=31
GA091,GA,091,thurtteen=13
GA092,GA,092,-
GA093,GA,093,thu[r]teen=13
GA094,GA,094,thu[r]teen=13
GA095,GA,095,thurtteen=13
GA096,GA,096,thu[r]tteen=13
GA097,GA,097,thurteen=13
GA097,GA,097,thurtteen=13
GA098,GA,098,thu[r]teen=13
GA099,GA,099,thurtteen=13
GA100,GA,100,thurteen=13
GA101,GA,101,thurtteen=21
GA102,GA,102,thurteen=13
GA103,GA,103,thurteen=13
GA104,GA,104,thurteen=21
GA105,GA,105,thurteen=13
GA106,GA,106,thurteen=13
GA107,GA,107,thurtteen=13
GA108,GA,108,thurteen=13
GA109,GA,109,thu[r]tteen=13
GA110,GA,110,thu[r]tteen=13
GA111,GA,111,thu{r}teen=13
GA112,GA,112,thu[r]tteen=13
GA113,GA,113,thurtteen=13
GA114,GA,114,thu[r]teen=13
GA115,GA,115,thu[r]teen=13
GA116,GA,116,thu{r}teen=13
GA117,GA,117,thu{r}teen=13
GA118,GA,118,thurtteen=13
GA119,GA,119,thu[r]teen=13
GA120,GA,120,thurtteen=13
GA121,GA,121,thu[r]tteen=13
GA122,GA,122,thu{r}tteen=31
GA123,GA,123,thu[r]teen=13
GA124,GA,124,thu[r]tteen=13
GA125,GA,125,thu[r]teen=13
GA126,GA,126,thu[r]teen=13
GA127,GA,127,thu{r}teen=13
GA128,GA,128,thu[r]teen=13
GA129,GA,129,thurtteen=13
GA130,GA,130,thu[r]tteen=31
GA131,GA,131,thu[r]teen=13
GA132,GA,132,thu[r]teen=31
GA133,GA,133,thu[r]tteen=13
GA134,GA,134,thu[r]teen=13
GA135,GA,135,thurteen=13
GA136,GA,136,thu[r]tteen=13
GA137,GA,137,thu[r]tteen=13
GA138,GA,138,thu{r}tteen=13
GA138,GA,138,thu[r]tteen=13
GA139,GA,139,-
GA140,GA,140,thu[r]teen=13
GA141,GA,141,thurtteen=13
GA142,GA,142,thu[r]teen=13
GA143,GA,143,thu[r]teen=13
GA144,GA,144,thu[r]tteen=13
GA145,GA,145,thu[r]teen=13
GA146,GA,146,thurtteen=13
GA147,GA,147,thu[r]teen=13
GA148,GA,148,thu[r]teen=13
GA149,GA,149,thu[r]teen=13
GA150,GA,150,thurtteen=31
GA151,GA,151,thu[r]tteen=13
GA152,GA,152,thurtteen=13
GA153,GA,153,thu{r}teen=13
GA154,GA,154,thu{r}teen=13
GA155,GA,155,thurteen=13
GA156,GA,156,thu{r}teen=13
GA157,GA,157,thurtteen=13
GA158,GA,158,thurtteen=13
GA159,GA,159,thurtteen=13
GA160,GA,160,thu{r}teen=13
GA161,GA,161,thurteen=13
GA162,GA,162,thu[r]teen=13
GA163,GA,163,thu[r]tteen=13
GA164,GA,164,thurtteen=13
GA165,GA,165,thu[r]teen=13
GA166,GA,166,thu[r]teen=13
GA167,GA,167,thu{r}teen=13
GA168,GA,168,thu[r]tteen=13
GA169,GA,169,-
GA170,GA,170,thu[r]teen=13
GA171,GA,171,thurtteen=13
GA172,GA,172,thu[r]teen=13
GA173,GA,173,thurteen=13
GA173,GA,173,thurteen=21
GA174,GA,174,thurteen=13
GA175,GA,175,thurtteen=13
GA176,GA,176,thurteen=13
GA177,GA,177,thurteen=13
GA178,GA,178,thu{r}teen=13
GA179,GA,179,thu[r]teen=13
GA180,GA,180,thu{r}teen=13
GA181,GA,181,-
GA182,GA,182,thu[r]tteen=13
GA183,GA,183,thurtteen=13
GA184,GA,184,thurtteen=31
GA185,GA,185,thurteen=13
GA186,GA,186,thurteen=31
GA187,GA,187,thurtteen=13
GA188,GA,188,thu[r]teen=13
GA189,GA,189,thu[r]tteen=13
GA190,GA,190,thu[r]teen=13
GA191,GA,191,thurtteen=13
GA192,GA,192,thu[r]teen=13
GA193,GA,193,-
GA194,GA,194,thu[r]teen=13
GA195,GA,195,-
GA196,GA,196,thu[r]teen=13
GA197,GA,197,thurteen=13
GA198,GA,198,thu{r}teen=13
GA199,GA,199,thurtteen=13
GA200,GA,200,thu[r]teen=13
GA201,GA,201,thu[r]teen=13
GA202,GA,202,thurteen=13
GA203,GA,203,thurteen=13
GA204,GA,204,thurtteen=13
GA205,GA,205,thurtteen=13
GA206,GA,206,thurteen=13
GA207,GA,207,-
GA208,GA,208,thurtteen=13
GA209,GA,209,thurtteen=13
GA210,GA,210,thu[r]tteen=13
GA211,GA,211,thertteen=13
GA212,GA,212,thurteen=13
GA213,GA,213,thu[r]tteen=13
GA214,GA,214,thu{r}teen=13
GA215,GA,215,thu[r]teen=13
GA216,GA,216,thu{r}teen=13
GA217,GA,217,thurteen=13
GA218,GA,218,thu[r]tteen=13
GA219,GA,219,-
GA220,GA,220,thurteen=13
GA221,GA,221,thu[r]teen=31
GA222,GA,222,thu{r}tteen=13
GA223,GA,223,thurtteen=13
GA224,GA,224,-
GA225,GA,225,thu{r}teen=13
FL226,FL,226,thu[r]tteen=31
FL227,FL,227,thurtteen=13
FL228,FL,228,thu{r}teen=13
FL229,FL,229,thurtteen=13
FL230,FL,230,thurtteen=13
FL231,FL,231,thurteen=13
FL232,FL,232,thurteen=13
FL233,FL,233,thurtteen=13
FL234,FL,234,-
FL235,FL,235,thurteen=13
FL236,FL,236,thurteen=13
FL237,FL,237,thu{r}tteen=13
FL238,FL,238,thurteen=13
FL239,FL,239,thurtteen=13
FL240,FL,240,thurtteen=13
FL241,FL,241,-
FL242,FL,242,thu{r}teen=13
FL243,FL,243,thurtteen=13
FL244,FL,244,-
FL245,FL,245,thu[r]tteen=13
FL246,FL,246,thu[r]teen=13
FL247,FL,247,thurtteen=13
FL248,FL,248,thu{r}tteen=13
FL249,FL,249,thurtteen=13
FL250,FL,250,the{r}tteen=13
FL251,FL,251,-
FL252,FL,252,-
FL253,FL,253,thurtteen=13
FL254,FL,254,thurtteen=13
FL255,FL,255,-
FL256,FL,256,thurteen=13
FL257,FL,257,thurteen=13
FL258,FL,258,thurteen=13
FL259,FL,259,thurteen=13
FL260,FL,260,-
FL261,FL,261,thurtteen=13
FL262,FL,262,-
FL263,FL,263,thu{r}teen=31
FL264,FL,264,thurtteen=13
FL265,FL,265,thu[r]tteen=31
FL266,FL,266,thurtteen=13
FL267,FL,267,-
FL268,FL,268,thu[r]tteen=31
FL269,FL,269,thurtteen=13
FL270,FL,270,thu{r}teen=13
FL271,FL,271,thurteen=13
FL271,FL,271,thu{r}teen=31
FL272,FL,272,thurteen=13
FL273,FL,273,thurtteen=13
FL274,FL,274,thurtteen=13
FL275,FL,275,-
FL276,FL,276,-
FL277,FL,277,thurteen=13
FL278,FL,278,thurteen=13
FL279,FL,279,thurtteen=21
FL280,FL,280,thu[r]teen=13
FL281,FL,281,thurtteen=13
FL282,FL,282,-
FL283,FL,283,thu{r}teen=13
FL284,FL,284,thurtteen=13
FL285,FL,285,thurtteen=13
FL286,FL,286,thurteen=13
FL287,FL,287,thurtteen=13
FL288,FL,288,thurtteen=13
FL289,FL,289,-
TN290,TN,290,thurteen=13
TN291,TN,291,thurteen=13
TN292,TN,292,thurteen=31
TN293,TN,293,thurteen=31
TN294,TN,294,thurtteen=13
TN295,TN,295,thurteen=13
TN296,TN,296,thurteen=13
TN297,TN,297,thurtteen=13
TN298,TN,298,-
TN299,TN,299,thurteen=13
TN300,TN,300,thurteen=13
TN301,TN,301,thurteen=13
TN302,TN,302,-
TN303,TN,303,thu{r}teen=13
TN304,TN,304,thurtteen=13
TN305,TN,305,-
TN306,TN,306,thurtteen=13
TN307,TN,307,thurtteen=13
TN308,TN,308,thurtteen=13
TN309,TN,309,thurteen=13
TN310,TN,310,thurteen=13
TN311,TN,311,thurteen=13
TN312,TN,312,-
TN313,TN,313,thurtteen=31
TN314,TN,314,thurtteen=13
TN315,TN,315,thurtteen=13
TN316,TN,316,thu[r]teen=13
TN317,TN,317,thu{r}tteen=13
TN318,TN,318,-
TN319,TN,319,-
TN320,TN,320,thurteen=11
TN321,TN,321,thurtteen=13
TN322,TN,322,thurtteen=13
TN323,TN,323,thu[r]teen=13
TN324,TN,324,thurteen=13
TN325,TN,325,thurtteen=13
TN326,TN,326,thurteen=13
TN327,TN,327,thurtteen=13
TN328,TN,328,thurtteen=31
TN329,TN,329,thurtteen=13
TN330,TN,330,thu[r]teen=13
TN331,TN,331,thu[r]teen=13
TN332,TN,332,thurtteen=13
TN333,TN,333,thurteen=13
TN334,TN,334,thurtteen=13
TN335,TN,335,thurtteen=13
TN336,TN,336,thurtteen=13
AL337,AL,337,thu{r}teen=13
AL338,AL,338,thurteen=13
AL339,AL,339,thurteen=13
AL340,AL,340,thu[r]tteen=13
AL341,AL,341,thurtteen=13
AL342,AL,342,-
AL343,AL,343,thurtteen=13
AL344,AL,344,thu[r]tteen=13
AL345,AL,345,-
AL346,AL,346,thu{r}tteen=13
AL347,AL,347,thu{r}tteen=13
AL348,AL,348,thurtteen=13
AL349,AL,349,thurtteen=13
AL350,AL,350,thu[r]tteen=13
AL351,AL,351,thurtteen=13
AL352,AL,352,thu[r]tteen=13
AL353,AL,353,thurteen=31
AL354,AL,354,thurteen=13
AL355,AL,355,thurteen=13
AL356,AL,356,thurtteen=13
AL357,AL,357,thurtteen=13
AL357,AL,357,thu{r}teen=21
AL358,AL,358,thurtteen=21
AL359,AL,359,-
AL360,AL,360,thurtteen=13
AL361,AL,361,thurtteen=21
AL362,AL,362,thurtteen=13
AL363,AL,363,thurtteen=13
AL364,AL,364,thu{r}tteen=13
AL365,AL,365,-
AL366,AL,366,-
AL367,AL,367,thurteen=13
AL367,AL,367,thurteen=31
AL368,AL,368,thurtteen=31
AL369,AL,369,thu[r]tteen=13
AL370,AL,370,-
AL371,AL,371,thurteen=13
AL372,AL,372,thurteen=13
AL373,AL,373,thu[r]tteen=13
AL374,AL,374,thurtteen=13
AL375,AL,375,thurtteen=13
AL376,AL,376,thurteen=31
AL377,AL,377,-
AL378,AL,378,thurtteen=13
AL379,AL,379,-
AL380,AL,380,thu{r}tteen=21
AL381,AL,381,thurtteen=13
AL382,AL,382,thu{r}tteen=13
AL383,AL,383,thurteen=13
AL384,AL,384,thurteen=13
AL385,AL,385,thurteen=13
AL386,AL,386,thurteen=13
AL387,AL,387,thurteen=13
AL387,AL,387,thurteen=31
AL388,AL,388,thurtteen=13
AL389,AL,389,thurtteen=13
AL390,AL,390,thurtteen=13
AL391,AL,391,thurtteen=13
AL392,AL,392,thu[r]teen=31
AL393,AL,393,thurtteen=13
AL394,AL,394,thu{r}tteen=13
AL395,AL,395,thu[r]teen=13
AL396,AL,396,-
AL397,AL,397,thu[r]tteen=13
AL398,AL,398,thu[r]tteen=13
AL399,AL,399,thu[r]tteen=13
AL400,AL,400,thu[r]tteen=13
AL401,AL,401,-
AL402,AL,402,thu[r]teen=13
AL403,AL,403,thu[r]tteen=13
AL404,AL,404,thu[r]teen=13
AL404,AL,404,thu[r]tteen=13
AL405,AL,405,thurtteen=13
AL406,AL,406,thu[r]teen=13
AL407,AL,407,thurteen=13
AL408,AL,408,thurtteen=13
AL409,AL,409,thu[r]teen=13
AL410,AL,410,thu[r]teen=13
AL411,AL,411,thurtteen=13
AL412,AL,412,thu[r]teen=13
AL413,AL,413,thurteen=13
AL414,AL,414,thurteen=13
AL415,AL,415,thurteen=13
AL416,AL,416,thu[r]teen=13
AL417,AL,417,thu[r]teen=13
AL418,AL,418,thurteen=31
AL419,AL,419,thurteen=13
AL420,AL,420,thu{r}teen=13
AL421,AL,421,thu{r}teen=13
AL422,AL,422,thu{r}tteen=13
AL423,AL,423,thurtteen=13
AL424,AL,424,thurteen=13
AL425,AL,425,-
AL426,AL,426,thurteen=13
AL427,AL,427,thurtteen=13
AL428,AL,428,thurtteen=13
AL429,AL,429,-
AL430,AL,430,thu{r}tteen=13
AL431,AL,431,thurteen=13
AL432,AL,432,-
AL433,AL,433,thurtteen=13
AL434,AL,434,thu[r]teen=13
AL435,AL,435,thu[r]tteen=13
AL436,AL,436,thurteen=13
AL436,AL,436,thurtteen=13
AL437,AL,437,thurteen=13
AL438,AL,438,thu[r]teen=13
AL439,AL,439,thurtteen=13
AL440,AL,440,-
AL441,AL,441,thurtteen=13
AL442,AL,442,thu[r]tteen=13
AL443,AL,443,thurtteen=13
AL444,AL,444,thurteen=13
AL444,AL,444,thu{r}teen=13
AL445,AL,445,thurtteen=13
AL446,AL,446,thurteen=13
AL447,AL,447,thurteen=13
AL448,AL,448,thurteen=13
AL449,AL,449,thu[r]teen=13
AL450,AL,450,thu[r]teen=13
AL451,AL,451,thurteen=13
AL451,AL,451,thu{r}teen=13
FL452,FL,452,thurtteen=13
FL453,FL,453,-
FL454,FL,454,-
FL455,FL,455,thurtteen=13
FL456,FL,456,thu{r}tteen=13
FL457,FL,457,thurtteen=13
FL458,FL,458,thurtteen=31
FL459,FL,459,thu[r]teen=13
FL460,FL,460,thurtteen=13
FL461,FL,461,thurtteen=13
FL462,FL,462,-
FL463,FL,463,-
FL464,FL,464,thu{r}teen=13
FL465,FL,465,thurtteen=13
FL466,FL,466,thurtteen=13
FL467,FL,467,thurteen=13
FL468,FL,468,thu[r]teen=13
FL469,FL,469,thu[r]tteen=13
FL470,FL,470,thurtteen=13
FL471,FL,471,thu[r]tteen=13
AL472,AL,472,thu{r}teen=13
AL473,AL,473,thu{r}tteen=13
AL474,AL,474,thurtteen=13
AL475,AL,475,thu[r]teen=13
AL476,AL,476,thurteen=13
AL477,AL,477,thu[r]ttN=14
AL478,AL,478,thu[r]teen=31
AL479,AL,479,thu[r]tteen=13
AL480,AL,480,thu{r}teen=13
AL481,AL,481,thu[r]tteen=31
AL482,AL,482,thu[r]teen=13
AL483,AL,483,thurtteen=13
AL484,AL,484,thurtteen=13
AL485,AL,485,thu[r]tteen=13
TN486,TN,486,thurteen=13
TN487,TN,487,thu{r}tteen=13
TN488,TN,488,thurteen=13
TN489,TN,489,thu{r}tteen=13
TN490,TN,490,thurteen=31
TN491,TN,491,-
TN492,TN,492,thurteen=13
TN493,TN,493,thu{r}teen=13
TN494,TN,494,thurtteen=13
TN495,TN,495,thu[r]teen=13
TN496,TN,496,thurteen=13
TN497,TN,497,thu{r}teen=13
TN498,TN,498,thurtteen=13
TN499,TN,499,thu{r}tteen=13
TN500,TN,500,thurteen=13
TN501,TN,501,thurteen=13
TN502,TN,502,thurtteen=13
TN503,TN,503,thu{r}teen=13
TN504,TN,504,thurtteen=13
TN505,TN,505,thu[r]teen=13
TN506,TN,506,thurtteen=13
TN507,TN,507,thu[r]tteen=13
TN508,TN,508,thurteen=13
TN509,TN,509,thu{r}tteen=13
TN510,TN,510,thu[r]teen=13
TN511,TN,511,thurteen=13
TN512,TN,512,thu[r]teen=13
TN513,TN,513,thurteen=13
TN514,TN,514,thurtteen=13
TN515,TN,515,thu[r]tteen=13
TN516,TN,516,thurteen=13
TN517,TN,517,thurteen=13
TN518,TN,518,thurtteen=13
TN519,TN,519,thu{r}tteen=13
MS520,MS,520,thurteen=13
MS521,MS,521,thu[r]teen=31
MS522,MS,522,thurtteen=13
MS523,MS,523,-
MS524,MS,524,thurtteen=13
MS525,MS,525,thu[r]teen=13
MS526,MS,526,thu[r]teen=13
MS527,MS,527,thurtteen=13
MS528,MS,528,thu[r]teen=13
MS529,MS,529,-
MS530,MS,530,thu[r]teen=13
MS531,MS,531,thurtteen=13
MS532,MS,532,thu[r]tteen=13
MS533,MS,533,thurtteen=13
MS534,MS,534,thurtteen=13
MS535,MS,535,thurteen=13
MS535,MS,535,thurtteen=13
MS536,MS,536,thurtteen=13
MS537,MS,537,thu[r]tteen=13
MS538,MS,538,-
MS539,MS,539,thurteen=31
MS540,MS,540,-
MS541,MS,541,-
MS542,MS,542,-
MS543,MS,543,thu[r]teen=13
MS544,MS,544,thu[r]tteen=13
MS545,MS,545,thu[r]teen=13
MS546,MS,546,-
MS547,MS,547,thurteen=13
MS547,MS,547,thurtteen=13
MS548,MS,548,thurteen=13
MS549,MS,549,thurteen=13
MS550,MS,550,thu[r]teen=13
MS551,MS,551,thurteen=13
MS552,MS,552,thu[r]teen=13
MS553,MS,553,thu[r]teen=13
MS554,MS,554,-
MS555,MS,555,thu{r}teen=13
MS556,MS,556,thu[r]tteen=13
MS557,MS,557,thurtteen=13
MS558,MS,558,thurtteen=13
MS559,MS,559,thurteen=13
MS560,MS,560,-
MS561,MS,561,-
MS562,MS,562,thurteen=13
MS563,MS,563,thurteen=13
MS564,MS,564,thu[r]teen=13
MS565,MS,565,thu[r]tteen=13
MS566,MS,566,thurteen=13
MS567,MS,567,-
MS568,MS,568,thu[r]teen=13
MS569,MS,569,thu[r]tteen=13
MS570,MS,570,thu[r]tteen=13
MS571,MS,571,thu[r]tteen=13
MS572,MS,572,thu{r}teen=13
MS572,MS,572,thu{r}tteen=21
MS573,MS,573,thu[r]teen=13
MS574,MS,574,thu{r}tteen=13
MS575,MS,575,thu{r}teen=13
MS576,MS,576,thurtteen=13
MS577,MS,577,thu[r]teen=13
MS578,MS,578,thu[r]tteen=13
MS579,MS,579,thu{r}teen=13
MS580,MS,580,-
MS581,MS,581,thu[r]tteen=13
MS582,MS,582,thu{r}teen=13
MS583,MS,583,thu{r}tteen=13
MS584,MS,584,thurtteen=13
MS585,MS,585,thu{r}teen=13
MS586,MS,586,thu[r]tteen=13
MS587,MS,587,thu[r]teen=13
MS588,MS,588,thu[r]tteen=13
MS589,MS,589,thurteen=13
MS590,MS,590,thu[r]teen=31
MS591,MS,591,thurtteen=13
MS592,MS,592,thu[r]tteen=13
MS593,MS,593,thu[r]teen=13
MS594,MS,594,thu[r]teen=13
MS595,MS,595,thurteen=13
MS596,MS,596,thu[r]teen=13
MS597,MS,597,thurtteen=13
MS598,MS,598,-
MS599,MS,599,thurteen=13
MS600,MS,600,thu[r]tteen=13
MS601,MS,601,thurtteen=13
MS602,MS,602,thurteen=13
MS603,MS,603,-
MS604,MS,604,thurteen=13
MS605,MS,605,thurteen=13
MS605,MS,605,thurtteen=13
MS606,MS,606,thurtteen=13
MS607,MS,607,-
MS608,MS,608,thurtteen=13
MS609,MS,609,thu[r]teen=13
MS610,MS,610,thu[r]tteen=13
MS611,MS,611,thu[r]tteen=13
MS612,MS,612,thu[r]teen=13
MS613,MS,613,thu[r]teen=13
MS614,MS,614,thu[r]teen=13
MS615,MS,615,thu[r]teen=13
MS616,MS,616,-
MS617,MS,617,thurteen=13
MS618,MS,618,thu{r}tteen=13
MS619,MS,619,thu[r]teen=13
MS620,MS,620,thu[r]tteen=13
MS621,MS,621,thurteen=13
MS622,MS,622,thurtteen=13
MS623,MS,623,thurtteen=13
MS624,MS,624,thurtteen=13
MS625,MS,625,thurteen=13
MS626,MS,626,thu[r]teen=13
MS627,MS,627,thu[r]teen=13
MS628,MS,628,thurteen=13
MS629,MS,629,thurtteen=13
LA630,LA,630,thu[r]tteen=13
LA631,LA,631,thurteen=13
LA632,LA,632,thu[r]teen=13
LA633,LA,633,thurtteen=13
LA634,LA,634,thurtteen=13
LA635,LA,635,thurtteen=13
LA636,LA,636,thurtteen=13
LA637,LA,637,thu{r}tteen=13
LA638,LA,638,thurtteen=13
LA639,LA,639,thurtteen=13
LA640,LA,640,thu[r]tteen=13
LA641,LA,641,thu[r]teen=13
LA642,LA,642,-
LA643,LA,643,thurteen=13
LA644,LA,644,thu{r}teen=13
LA645,LA,645,thu{r}tteen=13
LA646,LA,646,thurteen=13
LA647,LA,647,tu{r}teen=31
LA648,LA,648,thu[r]teen=13
LA649,LA,649,thurtteen=13
LA650,LA,650,thu[r]teen=13
LA651,LA,651,-
LA652,LA,652,thu[r]tteen=13
LA653,LA,653,thurteen=13
LA654,LA,654,thu[r]teen=13
LA655,LA,655,thurteen=13
LA656,LA,656,thurteen=13
LA657,LA,657,thurteen=13
LA657X,LA,657X,thu[r]tteen=13
LA657Y,LA,657Y,thurtteen=13
LA657Z,LA,657Z,thu{r}teen=13
LA658,LA,658,thu{r}teen=13
LA659,LA,659,thu[r]teen=13
LA660,LA,660,thu[r]teen=13
LA661,LA,661,thurteen=13
LA662,LA,662,thu{r}teen=13
LA663,LA,663,-
LA664,LA,664,thu[r]teen=13
LA665,LA,665,thu[r]tteen=13
LA666,LA,666,thu[r]tteen=13
LA667,LA,667,thu[r]teen=13
LA668,LA,668,thurtteen=13
LA669,LA,669,thurtteen=13
LA670,LA,670,thurteen=13
LA671,LA,671,thurteen=13
LA672,LA,672,thu[r]tteen=13
LA673,LA,673,thu[r]tteen=13
AR674,AR,674,thurteen=31
AR675,AR,675,thurteen=13
AR676,AR,676,-
AR677,AR,677,thurtteen=13
AR678,AR,678,thurteen=31
AR679,AR,679,thurtteen=13
AR680,AR,680,thurteen=13
AR681,AR,681,thu{r}tteen=13
AR682,AR,682,thurtteen=13
AR683,AR,683,thurtteen=13
AR684,AR,684,thurteen=13
AR685,AR,685,thurtteen=13
AR686,AR,686,thurtteen=13
AR687,AR,687,thurtteen=31
AR688,AR,688,thu[r]teen=13
AR689,AR,689,thurteen=13
AR690,AR,690,thu{r}tteen=13
AR691,AR,691,thurtteen=13
AR692,AR,692,thu{r}tteen=13
AR693,AR,693,thurtteen=13
AR694,AR,694,thurteen=13
AR695,AR,695,thurtteen=13
AR696,AR,696,thurteen=13
AR696,AR,696,thu{r}teen=13
AR697,AR,697,thu[r]teen=13
AR698,AR,698,-
AR699,AR,699,thu[r]teen=13
AR700,AR,700,thurtteen=13
AR701,AR,701,thurtteen=13
AR702,AR,702,-
AR703,AR,703,thurteen=13
AR704,AR,704,thurteen=13
AR705,AR,705,thurteen=13
AR706,AR,706,thurteen=13
AR707,AR,707,thurtee[n]=13
AR708,AR,708,thurteen=13
AR709,AR,709,thurtteen=13
AR710,AR,710,thurtteen=13
AR711,AR,711,thurteen=13
AR712,AR,712,thurtteen=13
AR713,AR,713,thurtteen=13
AR714,AR,714,thurtteen=13
AR715,AR,715,-
AR716,AR,716,thurtteen=13
AR717,AR,717,-
AR718,AR,718,-
AR719,AR,719,-
AR720,AR,720,-
AR721,AR,721,thu[r]teen=13
AR722,AR,722,thurtteen=13
AR723,AR,723,thurteen=13
AR723,AR,723,thurtteen=13
AR724,AR,724,thurteen=13
AR725,AR,725,thurtteen=13
AR726,AR,726,thurtteen=13
AR727,AR,727,thurteen=31
AR728,AR,728,thu[r]teen=13
AR729,AR,729,-
AR730,AR,730,thurtteen=13
AR731,AR,731,-
AR732,AR,732,-
AR733,AR,733,thurtteen=13
AR734,AR,734,-
AR735,AR,735,thurtteen=13
AR736,AR,736,thurteen=13
AR737,AR,737,thurteen=13
AR738,AR,738,thurteen=13
AR739,AR,739,thu{r}teen=13
AR740,AR,740,thurteen=31
AR740,AR,740,thurteen=13
AR741,AR,741,thurtteen=13
AR742,AR,742,-
AR743,AR,743,thurteen=21
AR744,AR,744,thurtteen=13
AR745,AR,745,-
AR746,AR,746,thu{r}tteen=13
AR747,AR,747,-
AR748,AR,748,thu[r]teen=13
AR749,AR,749,thurtteen=13
AR750,AR,750,-
AR751,AR,751,thurteen=13
AR752,AR,752,thurteen=13
AR753,AR,753,thurtteen=13
AR754,AR,754,thu{r}teen=13
AR755,AR,755,thurtteen=13
LA756,LA,756,thu[r]tteen=13
LA757,LA,757,thurteen=31
LA757,LA,757,thurteen=13
LA758,LA,758,thurtteen=13
LA759,LA,759,-
LA760,LA,760,thu[r]tteen=13
LA761,LA,761,thu[r]teen=13
LA762,LA,762,thurtteen=13
LA763,LA,763,-
LA764,LA,764,thu{r}tteen=13
LA765,LA,765,thurtteen=13
LA766,LA,766,thu[r]teen=13
LA767,LA,767,thurtteen=13
LA768,LA,768,thurteen=13
LA769,LA,769,thurtteen=13
LA770,LA,770,thu[r]teen=13
LA771,LA,771,thu[r]tteen=13
LA772,LA,772,thu{r}tteen=13
LA773,LA,773,thu[r]teen=13
LA774,LA,774,-
LA775,LA,775,thu[r]tteen=13
LA776,LA,776,thurtteen=13
LA777,LA,777,thurteen=13
LA778,LA,778,thurteen=13
LA779,LA,779,thurteen=13
LA780,LA,780,thurtteen=13
LA781,LA,781,thu{r}teen=13
LA782,LA,782,thurtteen=13
LA782,LA,782,thurtee[n]=13
LA783,LA,783,thurtteen=13
LA784,LA,784,thu[r]teen=13
LA785,LA,785,thurtteen=13
LA786,LA,786,thurtteen=13
LA787,LA,787,thurteen=13
LA787,LA,787,thurtteen=13
LA788,LA,788,thu{r}teen=13
LA789,LA,789,thu{r}tteen=13
LA790,LA,790,-
LA791,LA,791,thurtteen=13
LA792,LA,792,thurteen=13
LA793,LA,793,thurtteen=13
LA794,LA,794,thurteen=13
LA795,LA,795,thu[r]tteen=13
LA796,LA,796,thu[r]teen=13
LA797,LA,797,thurtteen=13
LA798,LA,798,thu{r}tteen=13
LA799,LA,799,thurteen=13
LA800,LA,800,thurtteen=13
LA801,LA,801,thurteen=31
LA802,LA,802,thu[r]teen=13
LA803,LA,803,-
LA804,LA,804,-
LA805,LA,805,tu[r]teen=13
LA806,LA,806,tu{r}teen=13
LA807,LA,807,thurtteen=13
LA808,LA,808,thu[r]teen=13
LA808,LA,808,thu{r}tN=14
LA809,LA,809,thurteen=13
LA810,LA,810,thu{r}teen=13
LA811,LA,811,thu[r]tteen=13
LA812,LA,812,thurteen=13
LA813,LA,813,thurtteen=13
LA814,LA,814,thurtteen=13
LA815,LA,815,thurteen=13
LA816,LA,816,thurtteen=13
LA817,LA,817,thu[r]tteen=13
TX818,TX,818,-
TX819,TX,819,thurteen=31
TX820,TX,820,thurtteen=13
TX821,TX,821,thu[r]teen=13
TX822,TX,822,thurteen=13
TX823,TX,823,thurteen=13
TX824,TX,824,thurtteen=13
TX825,TX,825,thu{r}teen=13
TX826,TX,826,thurteen=13
TX827,TX,827,thurteen=31
TX828,TX,828,thu[r]teen=13
TX829,TX,829,thu{r}tteen=13
TX830,TX,830,thurteen=13
TX831,TX,831,thurtteen=13
TX832,TX,832,-
TX833,TX,833,thurtteen=13
TX834,TX,834,thurteen=31
TX835,TX,835,thurteen=13
TX836,TX,836,thu[r]teen=13
TX836,TX,836,thu{r}tteen=13
TX837,TX,837,thurtteen=31
TX838,TX,838,-
TX839,TX,839,thurteen=13
TX840,TX,840,thurtteen=21
TX841,TX,841,thurteen=31
TX842,TX,842,thu[r]tteen=13
TX843,TX,843,thurteen=13
TX844,TX,844,thurtteen=13
TX844,TX,844,thurttN=14
TX845,TX,845,thurtteen=13
TX846,TX,846,thu{r}teen=13
TX847,TX,847,-
TX848,TX,848,thurteen=13
TX849,TX,849,thurtteen=13
TX850,TX,850,thurteen=31
TX851,TX,851,thu{r}tteen=13
TX852,TX,852,thurtteen=13
TX853,TX,853,thurtteen=11
TX854,TX,854,thu[r]tteen=13
TX855,TX,855,-
TX856,TX,856,thu[r]teen=13
TX857,TX,857,thu[r]tteen=13
TX857,TX,857,thu{r}teen=13
TX858,TX,858,thu[r]teen=13
TX859,TX,859,thurteen=13
TX860,TX,860,thu[r]tteen=13
TX861,TX,861,thurteen=13
TX862,TX,862,thurteen=13
TX863,TX,863,thurtteen=13
TX864,TX,864,thu[r]tteen=13
TX865,TX,865,thurteen=13
TX866,TX,866,thu[r]tteen=13
TX867,TX,867,thu{r}teen=13
TX868,TX,868,thu[r]teen=13
TX869,TX,869,thu{r}teen=13
TX870,TX,870,thurteen=13
TX871,TX,871,-
TX872,TX,872,-
TX873,TX,873,thurtteen=13
TX874,TX,874,thu[r]teen=13
TX875,TX,875,thu{r}tteen=13
TX876,TX,876,thurtteen=31
TX877,TX,877,thurteen=31
TX878,TX,878,thurtteen=13
TX879,TX,879,-
TX880,TX,880,thu[r]teen=13
TX880,TX,880,turteen=13
TX881,TX,881,-
TX882,TX,882,thurteen=13
TX882,TX,882,thurtteen=13
TX883,TX,883,thurteen=13
TX884,TX,884,thu[r]tteen=13
TX885,TX,885,thurtteen=13
TX886,TX,886,thurteen=13
TX887,TX,887,thurteen=13
TX888,TX,888,thurtteen=13
TX889,TX,889,thu{r}tteen=13
TX890,TX,890,thurteen=31
TX891,TX,891,thurtteen=13
TX892,TX,892,thurteen=13
TX893,TX,893,thurtteen=13
TX894,TX,894,thurteen=13
TX895,TX,895,thurtteen=13
TX896,TX,896,thu{r}teen=31
TX897,TX,897,surteen=13
TX898,TX,898,thurteen=31
TX899,TX,899,thurteen=31
TX900,TX,900,thu{r}tteen=13
TX901,TX,901,thurteen=13
TX902,TX,902,thurteen=13
TX902,TX,902,thurtteen=13
TX903,TX,903,thu[r]teen=31
TX904,TX,904,thu{r}tteen=13
TX905,TX,905,thurtteen=13
TX906,TX,906,thurteen=13
TX907,TX,907,thu[r]teen=13
TX908,TX,908,thu{r}tteen=13
TX909,TX,909,-
TX910,TX,910,thu[r]tteen=13
TX910,TX,910,thu{r}teen=13
TX911,TX,911,thurteen=13
