Informant,State,Informant number,Response
TN001,TN,001,fiev
TN002,TN,002,fiev
TN003,TN,003,fiev
TN004,TN,004,fiev
TN005,TN,005,fiev
TN006,TN,006,fiev
TN007,TN,007,fiev
TN008,TN,008,fiev
TN009,TN,009,fiev
TN010,TN,010,fiev
TN011,TN,011,fiev
TN012,TN,012,fiev
TN013,TN,013,fiev
TN014,TN,014,fiev
TN015,TN,015,fiev
TN016,TN,016,fiev
TN017,TN,017,fiev
TN018,TN,018,fiev
TN019,TN,019,fiev
TN020,TN,020,fiev
TN021,TN,021,fiev
TN022,TN,022,fiev
TN023,TN,023,fiev
TN024,TN,024,fiev
TN025,TN,025,fiev
TN026,TN,026,fiev
TN027,TN,027,fiev
TN028,TN,028,fiev
TN029,TN,029,fiev
TN030,TN,030,fiev
TN031,TN,031,fiev
TN032,TN,032,fiev
TN033,TN,033,fiev
TN034,TN,034,fiev
TN035,TN,035,fiev
TN036,TN,036,fiev
TN037,TN,037,fiev
TN038,TN,038,fiev
TN039,TN,039,fie{v}
TN040,TN,040,fiev
TN041,TN,041,fiev
TN042,TN,042,fie(v)
TN043,TN,043,fiev
TN044,TN,044,fiev
TN045,TN,045,fiev
TN046,TN,046,fiev
TN047,TN,047,fiev
TN048,TN,048,fiev
TN049,TN,049,fiev
TN050,TN,050,fiev
TN051,TN,051,fie{v}
TN052,TN,052,fiev
TN053,TN,053,fiev
TN054,TN,054,fiev
TN055,TN,055,fiev
TN056,TN,056,fiev
TN057,TN,057,fiev
TN058,TN,058,fiev
TN059,TN,059,fiev
TN060,TN,060,fiev
GA061,GA,061,fiev
GA062,GA,062,fiev
GA063,GA,063,fiev
GA064,GA,064,fiev
GA065,GA,065,fiev
GA066,GA,066,fie(v)
GA067,GA,067,fiev
GA068,GA,068,fiev
GA069,GA,069,fie{v}
GA070,GA,070,fiev
GA071,GA,071,fiev
GA072,GA,072,fiev
GA073,GA,073,fiev
GA074,GA,074,fiev
GA075,GA,075,fiev
GA076,GA,076,fiev
GA077,GA,077,fie{v}
GA078,GA,078,fiev
GA079,GA,079,fiev
GA080,GA,080,fiev
GA081,GA,081,fiev
GA082,GA,082,fiev
GA083,GA,083,fiev
GA084,GA,084,fiev
GA085,GA,085,fiev
GA086,GA,086,fiev
GA087,GA,087,fiev
GA088,GA,088,fiev
GA089,GA,089,fie{v}
GA090,GA,090,fiev
GA091,GA,091,fiev
GA092,GA,092,fiev
GA093,GA,093,fiev
GA094,GA,094,fiev
GA095,GA,095,fie{v}
GA096,GA,096,fiev
GA097,GA,097,fiev
GA098,GA,098,fiev
GA098,GA,098,fie(v)
GA099,GA,099,fiev
GA100,GA,100,fie(v)
GA101,GA,101,fiev
GA102,GA,102,fiev
GA103,GA,103,fiev
GA104,GA,104,fiev
GA105,GA,105,fiev
GA106,GA,106,fiev
GA107,GA,107,fiev
GA108,GA,108,fiev
GA109,GA,109,fiev
GA110,GA,110,fiev
GA111,GA,111,fiev
GA111,GA,111,fie(v)
GA112,GA,112,fiev
GA113,GA,113,fiev
GA114,GA,114,fiev
GA115,GA,115,fiev
GA116,GA,116,fie(v)
GA117,GA,117,fiev
GA118,GA,118,fiev
GA119,GA,119,fiev
GA120,GA,120,fiev
GA121,GA,121,fiev
GA122,GA,122,fiev
GA123,GA,123,fiev
GA124,GA,124,fiev
GA125,GA,125,fie(v)
GA126,GA,126,fiev
GA127,GA,127,fiev
GA128,GA,128,fiev
GA129,GA,129,fiev
GA129,GA,129,fie(v)
GA130,GA,130,fiev
GA131,GA,131,fiev
GA132,GA,132,fie(v)
GA133,GA,133,fiev
GA134,GA,134,fiev
GA134,GA,134,fie(v)
GA135,GA,135,fiev
GA136,GA,136,fiev
GA137,GA,137,fiev
GA138,GA,138,fiev
GA139,GA,139,fiev
GA140,GA,140,fiev
GA141,GA,141,fiev
GA142,GA,142,fiev
GA143,GA,143,fiev
GA144,GA,144,fiev
GA145,GA,145,fie(v)
GA146,GA,146,fiev
GA147,GA,147,fiev
GA148,GA,148,fiev
GA148,GA,148,fie(v)
GA149,GA,149,fiev
GA150,GA,150,fiev
GA151,GA,151,fiev
GA152,GA,152,fiev
GA153,GA,153,fie(v)
GA154,GA,154,fiev
GA155,GA,155,fiev
GA156,GA,156,fiev
GA157,GA,157,fiev
GA158,GA,158,fiev
GA159,GA,159,fiev
GA160,GA,160,fie(v)
GA161,GA,161,fiev
GA162,GA,162,fie(v)
GA163,GA,163,fiev
GA164,GA,164,fiev
GA165,GA,165,fiev
GA166,GA,166,fiev
GA167,GA,167,fiev
GA168,GA,168,fiev
GA169,GA,169,fiev
GA169,GA,169,fie(v)
GA170,GA,170,fiev
GA171,GA,171,fiev
GA172,GA,172,fiev
GA173,GA,173,fiev
GA174,GA,174,fiev
GA175,GA,175,fiev
GA176,GA,176,fiev
GA177,GA,177,fiev
GA178,GA,178,fiev
GA179,GA,179,fiev
GA180,GA,180,fiev
GA181,GA,181,fiev
GA182,GA,182,fiev
GA183,GA,183,fiev
GA184,GA,184,fiev
GA185,GA,185,fiev
GA186,GA,186,fiev
GA187,GA,187,fiev
GA188,GA,188,fie(v)
GA189,GA,189,fiev
GA190,GA,190,fiev
GA190,GA,190,fie(v)
GA191,GA,191,fiev
GA192,GA,192,fiev
GA193,GA,193,fiev
GA194,GA,194,fiev
GA195,GA,195,fiev
GA196,GA,196,fie(v)
GA197,GA,197,fiev
GA198,GA,198,fiev
GA199,GA,199,fiev
GA200,GA,200,fiev
GA201,GA,201,fiev
GA202,GA,202,fiev
GA203,GA,203,fiev
GA204,GA,204,fiev
GA205,GA,205,fiev
GA206,GA,206,fie(v)
GA207,GA,207,fiev
GA208,GA,208,fiev
GA209,GA,209,fiev
GA210,GA,210,fiev
GA211,GA,211,fiev
GA212,GA,212,fiev
GA213,GA,213,fiev
GA214,GA,214,fiev
GA215,GA,215,fie(v)
GA216,GA,216,fiev
GA217,GA,217,fiev
GA218,GA,218,fie(v)
GA219,GA,219,fie(v)
GA220,GA,220,fiev
GA221,GA,221,fiev
GA222,GA,222,fiev
GA223,GA,223,fiev
GA224,GA,224,fiev
GA225,GA,225,fie(v)
FL226,FL,226,fiev
FL227,FL,227,fiev
FL228,FL,228,fiev
FL229,FL,229,fiev
FL229,FL,229,fie(v)
FL230,FL,230,fiev
FL231,FL,231,fiev
FL232,FL,232,fiev
FL233,FL,233,fiev
FL234,FL,234,fiev
FL235,FL,235,fiev
FL236,FL,236,fiev
FL237,FL,237,fiev
FL238,FL,238,fiev
FL239,FL,239,fiev
FL240,FL,240,fiev
FL241,FL,241,fiev
FL242,FL,242,fiev
FL243,FL,243,fiev
FL244,FL,244,fiev
FL245,FL,245,fiev
FL246,FL,246,fiev
FL247,FL,247,fiev
FL248,FL,248,fiev
FL249,FL,249,fiev
FL250,FL,250,fiev
FL251,FL,251,-
FL252,FL,252,fiev
FL253,FL,253,fiev
FL254,FL,254,fiev
FL255,FL,255,fiev
FL256,FL,256,fiev
FL257,FL,257,fiev
FL257,FL,257,fie(v)
FL258,FL,258,fiev
FL259,FL,259,fiev
FL260,FL,260,fiev
FL261,FL,261,fiev
FL262,FL,262,fiev
FL263,FL,263,fiev
FL264,FL,264,fiev
FL265,FL,265,fiev
FL266,FL,266,fiev
FL267,FL,267,fiev
FL268,FL,268,fie(v)
FL269,FL,269,fiev
FL270,FL,270,fie{v}
FL271,FL,271,fiev
FL272,FL,272,fiev
FL273,FL,273,fiev
FL274,FL,274,fiev
FL275,FL,275,fiev
FL276,FL,276,-
FL277,FL,277,fiev
FL278,FL,278,fiev
FL279,FL,279,fiev
FL280,FL,280,fiev
FL280,FL,280,fie(v)
FL281,FL,281,fiev
FL282,FL,282,fiev
FL283,FL,283,fiev
FL284,FL,284,fiev
FL285,FL,285,fiev
FL286,FL,286,fiev
FL287,FL,287,fiev
FL288,FL,288,fiev
FL289,FL,289,fiev
TN290,TN,290,fiev
TN291,TN,291,fiev
TN292,TN,292,fiev
TN293,TN,293,fiev
TN294,TN,294,fiev
TN295,TN,295,fiev
TN296,TN,296,fiev
TN297,TN,297,fiev
TN298,TN,298,fiev
TN299,TN,299,fiev
TN300,TN,300,fiev
TN301,TN,301,fiev
TN302,TN,302,fiev
TN303,TN,303,fiev
TN303,TN,303,fie(v)
TN304,TN,304,fiev
TN305,TN,305,fiev
TN306,TN,306,fiev
TN307,TN,307,fiev
TN308,TN,308,fiev
TN309,TN,309,fiev
TN309,TN,309,fie{v}
TN310,TN,310,fiev
TN311,TN,311,fiev
TN312,TN,312,fiev
TN313,TN,313,fiev
TN314,TN,314,fiev
TN315,TN,315,fiev
TN316,TN,316,fiev
TN317,TN,317,fiev
TN318,TN,318,fiev
TN319,TN,319,fiev
TN320,TN,320,fiev
TN321,TN,321,fiev
TN322,TN,322,fiev
TN323,TN,323,fiev
TN324,TN,324,fiev
TN325,TN,325,fie(v)
TN326,TN,326,fiev
TN327,TN,327,fiev
TN328,TN,328,fiev
TN329,TN,329,fiev
TN330,TN,330,fiev
TN331,TN,331,fiev
TN332,TN,332,fiev
TN333,TN,333,fiev
TN334,TN,334,fiev
TN335,TN,335,fiev
TN336,TN,336,fiev
AL337,AL,337,fiev
AL338,AL,338,fiev
AL339,AL,339,fiev
AL340,AL,340,fie(v)
AL341,AL,341,fiev
AL342,AL,342,fiev
AL342,AL,342,fie(v)
AL343,AL,343,fiev
AL344,AL,344,fiev
AL345,AL,345,-
AL346,AL,346,fiev
AL347,AL,347,fiev
AL348,AL,348,fiev
AL349,AL,349,fiev
AL350,AL,350,fiev
AL351,AL,351,fiev
AL352,AL,352,fiev
AL353,AL,353,fiev
AL354,AL,354,fiev
AL355,AL,355,fiev
AL356,AL,356,fiev
AL357,AL,357,fiev
AL358,AL,358,fiev
AL359,AL,359,fiev
AL359,AL,359,fie(v)
AL360,AL,360,fiev
AL361,AL,361,fiev
AL362,AL,362,fiev
AL363,AL,363,fiev
AL364,AL,364,fiev
AL365,AL,365,-
AL366,AL,366,fiev
AL367,AL,367,fiev
AL368,AL,368,fiev
AL369,AL,369,fiev
AL370,AL,370,-
AL371,AL,371,fiev
AL372,AL,372,fiev
AL373,AL,373,fiev
AL373,AL,373,fie(v)
AL374,AL,374,fiev
AL375,AL,375,fiev
AL376,AL,376,fiev
AL377,AL,377,fiev
AL378,AL,378,fiev
AL379,AL,379,-
AL380,AL,380,fiev
AL381,AL,381,fiev
AL382,AL,382,fiev
AL383,AL,383,fiev
AL384,AL,384,fiev
AL385,AL,385,fiev
AL386,AL,386,fiev
AL387,AL,387,fiev
AL388,AL,388,fiev
AL388,AL,388,fie(v)
AL389,AL,389,fiev
AL390,AL,390,fiev
AL391,AL,391,fiev
AL392,AL,392,fiev
AL393,AL,393,fiev
AL394,AL,394,fiev
AL395,AL,395,fiev
AL396,AL,396,fiev
AL397,AL,397,fiev
AL398,AL,398,fiev
AL399,AL,399,fiev
AL400,AL,400,fiev
AL401,AL,401,fiev
AL402,AL,402,fiev
AL403,AL,403,fiev
AL404,AL,404,fiev
AL405,AL,405,fie{v}
AL406,AL,406,fiev
AL407,AL,407,fiev
AL408,AL,408,fiev
AL409,AL,409,fiev
AL410,AL,410,fiev
AL411,AL,411,fiev
AL412,AL,412,fiev
AL413,AL,413,fiev
AL414,AL,414,fiev
AL415,AL,415,fiev
AL416,AL,416,fiev
AL417,AL,417,fiev
AL418,AL,418,fiev
AL419,AL,419,fiev
AL420,AL,420,fiev
AL421,AL,421,fiev
AL421,AL,421,fie(v)
AL422,AL,422,fiev
AL423,AL,423,fiev
AL424,AL,424,fiev
AL425,AL,425,fiev
AL426,AL,426,fiev
AL427,AL,427,fiev
AL428,AL,428,fiev
AL429,AL,429,fiev
AL430,AL,430,fiev
AL431,AL,431,fiev
AL432,AL,432,fiev
AL433,AL,433,fiev
AL434,AL,434,fiev
AL435,AL,435,fiev
AL436,AL,436,fiev
AL437,AL,437,fiev
AL438,AL,438,fiev
AL438,AL,438,fie(v)
AL439,AL,439,fiev
AL440,AL,440,fiev
AL441,AL,441,fie(v)
AL442,AL,442,fiev
AL443,AL,443,fiev
AL444,AL,444,fiev
AL445,AL,445,fiev
AL446,AL,446,fiev
AL447,AL,447,fiev
AL448,AL,448,fiev
AL449,AL,449,fie(v)
AL450,AL,450,fiev
AL451,AL,451,fiev
FL452,FL,452,fie(v)
FL453,FL,453,fiev
FL454,FL,454,fiev
FL455,FL,455,fiev
FL456,FL,456,fiev
FL457,FL,457,fiev
FL458,FL,458,fiev
FL459,FL,459,fiev
FL460,FL,460,fiev
FL461,FL,461,fiev
FL462,FL,462,fiev
FL463,FL,463,fiev
FL464,FL,464,fiev
FL464,FL,464,fie(v)
FL465,FL,465,fiev
FL466,FL,466,fiev
FL467,FL,467,fiev
FL468,FL,468,fiev
FL469,FL,469,fiev
FL470,FL,470,fiev
FL471,FL,471,fiev
AL472,AL,472,fiev
AL473,AL,473,fiev
AL474,AL,474,fiev
AL475,AL,475,fiev
AL476,AL,476,fiev
AL477,AL,477,fie(v)
AL478,AL,478,fiev
AL479,AL,479,fiev
AL480,AL,480,fiev
AL481,AL,481,fiev
AL482,AL,482,fiev
AL483,AL,483,fiev
AL484,AL,484,fiev
AL485,AL,485,fiev
TN486,TN,486,fiev
TN487,TN,487,fiev
TN488,TN,488,fiev
TN489,TN,489,fiev
TN490,TN,490,fiev
TN491,TN,491,fiev
TN492,TN,492,fiev
TN493,TN,493,fiev
TN494,TN,494,fiev
TN495,TN,495,fiev
TN496,TN,496,fiev
TN497,TN,497,fiev
TN498,TN,498,fiev
TN499,TN,499,fiev
TN500,TN,500,fiev
TN501,TN,501,fiev
TN502,TN,502,fiev
TN503,TN,503,fiev
TN504,TN,504,fiev
TN505,TN,505,fiev
TN505,TN,505,fie(v)
TN506,TN,506,fiev
TN507,TN,507,fiev
TN508,TN,508,fiev
TN509,TN,509,fiev
TN510,TN,510,fie(v)
TN511,TN,511,fiev
TN512,TN,512,fiev
TN513,TN,513,fiev
TN514,TN,514,fiev
TN514,TN,514,fie{v}
TN515,TN,515,fiev
TN516,TN,516,fiev
TN517,TN,517,fiev
TN518,TN,518,fiev
TN519,TN,519,fiev
MS520,MS,520,fiev
MS521,MS,521,fiev
MS522,MS,522,fiev
MS523,MS,523,fiev
MS524,MS,524,fiev
MS525,MS,525,fiev
MS526,MS,526,fiev
MS527,MS,527,fiev
MS528,MS,528,fiev
MS529,MS,529,-
MS530,MS,530,fiev
MS531,MS,531,fiev
MS532,MS,532,fie(v)
MS533,MS,533,fiev
MS534,MS,534,fiev
MS535,MS,535,fiev
MS536,MS,536,fiev
MS537,MS,537,fiev
MS538,MS,538,fiev
MS539,MS,539,fiev
MS540,MS,540,fiev
MS541,MS,541,fiev
MS542,MS,542,fiev
MS543,MS,543,fie(v)
MS544,MS,544,fiev
MS545,MS,545,fiev
MS546,MS,546,fiev
MS547,MS,547,fiev
MS548,MS,548,fiev
MS549,MS,549,fiev
MS550,MS,550,fiev
MS551,MS,551,fiev
MS552,MS,552,fie(v)
MS553,MS,553,fiev
MS554,MS,554,fiev
MS555,MS,555,fie(v)
MS556,MS,556,fiev
MS557,MS,557,fiev
MS558,MS,558,fiev
MS559,MS,559,fiev
MS560,MS,560,fiev
MS561,MS,561,fiev
MS562,MS,562,fiev
MS563,MS,563,fiev
MS564,MS,564,fiev
MS565,MS,565,fiev
MS566,MS,566,fav
MS567,MS,567,fiev
MS568,MS,568,fiev
MS569,MS,569,fiev
MS570,MS,570,fiev
MS571,MS,571,fiev
MS572,MS,572,fiev
MS573,MS,573,fiev
MS574,MS,574,fiev
MS575,MS,575,fiev
MS576,MS,576,fiev
MS577,MS,577,fiev
MS578,MS,578,fiev
MS579,MS,579,fiev
MS580,MS,580,fiev
MS581,MS,581,fiev
MS582,MS,582,fiev
MS583,MS,583,fiev
MS584,MS,584,fiev
MS585,MS,585,fiev
MS586,MS,586,fiev
MS587,MS,587,fiev
MS588,MS,588,fiev
MS589,MS,589,fiev
MS590,MS,590,fiev
MS591,MS,591,fiev
MS592,MS,592,fiev
MS593,MS,593,fie(v)
MS594,MS,594,fiev
MS595,MS,595,fiev
MS596,MS,596,fiev
MS597,MS,597,fiev
MS598,MS,598,fiev
MS599,MS,599,fiev
MS600,MS,600,fiev
MS601,MS,601,fiev
MS602,MS,602,fiev
MS603,MS,603,fiev
MS604,MS,604,-
MS605,MS,605,fiev
MS606,MS,606,fiev
MS607,MS,607,fiev
MS608,MS,608,fiev
MS609,MS,609,fie(v)
MS610,MS,610,fie(v)
MS611,MS,611,fiev
MS611,MS,611,fie{v}
MS612,MS,612,fiev
MS613,MS,613,fiev
MS614,MS,614,fiev
MS615,MS,615,fiev
MS616,MS,616,fiev
MS617,MS,617,fiev
MS618,MS,618,fiev
MS619,MS,619,fiev
MS620,MS,620,fiev
MS621,MS,621,fie{v}
MS622,MS,622,fiev
MS623,MS,623,fiev
MS624,MS,624,fiev
MS625,MS,625,fiev
MS626,MS,626,fiev
MS627,MS,627,fiev
MS628,MS,628,fiev
MS629,MS,629,fiev
LA630,LA,630,fiev
LA631,LA,631,fiev
LA632,LA,632,fiev
LA633,LA,633,fiev
LA634,LA,634,fie(v)
LA635,LA,635,fiev
LA636,LA,636,fiev
LA637,LA,637,fiev
LA638,LA,638,fiev
LA639,LA,639,fiev
LA640,LA,640,fiev
LA641,LA,641,fiev
LA642,LA,642,fiev
LA643,LA,643,fie(v)
LA644,LA,644,fie{v}
LA644,LA,644,fie(v)
LA645,LA,645,fiev
LA646,LA,646,fiev
LA647,LA,647,fie(v)
LA648,LA,648,fiev
LA648,LA,648,fie(v)
LA649,LA,649,fiev
LA650,LA,650,fiev
LA651,LA,651,fiev
LA652,LA,652,fiev
LA653,LA,653,fiev
LA654,LA,654,fiev
LA655,LA,655,fiev
LA656,LA,656,fiev
LA657,LA,657,fiev
LA657X,LA,657X,fiev
LA657Y,LA,657Y,fiev
LA657Z,LA,657Z,fiev
LA658,LA,658,fie(v)
LA659,LA,659,fiev
LA659,LA,659,fie(v)
LA660,LA,660,fiev
LA661,LA,661,fiev
LA662,LA,662,fiev
LA663,LA,663,fiev
LA664,LA,664,fiev
LA665,LA,665,fiev
LA666,LA,666,fiev
LA666,LA,666,fie(v)
LA667,LA,667,fiev
LA668,LA,668,fiev
LA669,LA,669,fiev
LA670,LA,670,fiev
LA671,LA,671,fiev
LA672,LA,672,fiev
LA673,LA,673,fiev
AR674,AR,674,fiev
AR675,AR,675,fiev
AR676,AR,676,fiev
AR677,AR,677,fiev
AR678,AR,678,fiev
AR679,AR,679,fiev
AR679,AR,679,fie{v}
AR680,AR,680,fiev
AR681,AR,681,fiev
AR682,AR,682,fiev
AR683,AR,683,fiev
AR684,AR,684,fiev
AR685,AR,685,fiev
AR686,AR,686,fiev
AR687,AR,687,fiev
AR688,AR,688,fie(v)
AR689,AR,689,fiev
AR690,AR,690,fiev
AR691,AR,691,fiev
AR692,AR,692,fiev
AR693,AR,693,fiev
AR694,AR,694,fiev
AR695,AR,695,fiev
AR696,AR,696,fiev
AR697,AR,697,fiev
AR698,AR,698,fiev
AR699,AR,699,fiev
AR700,AR,700,fiev
AR701,AR,701,fiev
AR702,AR,702,fiev
AR703,AR,703,fiev
AR704,AR,704,fiev
AR705,AR,705,fiev
AR706,AR,706,fiev
AR707,AR,707,fiev
AR708,AR,708,fiev
AR709,AR,709,fiev
AR710,AR,710,fiev
AR711,AR,711,fiev
AR712,AR,712,fiev
AR713,AR,713,-
AR714,AR,714,fiev
AR715,AR,715,fiev
AR716,AR,716,fiev
AR717,AR,717,fiev
AR718,AR,718,fiev
AR719,AR,719,fiev
AR720,AR,720,fiev
AR721,AR,721,fiev
AR722,AR,722,fiev
AR723,AR,723,fiev
AR724,AR,724,fiev
AR724,AR,724,fie(v)
AR725,AR,725,fiev
AR725,AR,725,fie(v)
AR726,AR,726,fie{v}
AR727,AR,727,fiev
AR728,AR,728,fiev
AR729,AR,729,fiev
AR730,AR,730,fiev
AR731,AR,731,fiev
AR732,AR,732,fiev
AR733,AR,733,fiev
AR734,AR,734,fiev
AR735,AR,735,fie{v}
AR736,AR,736,fiev
AR737,AR,737,fiev
AR738,AR,738,fiev
AR739,AR,739,-
AR740,AR,740,fiev
AR741,AR,741,fiev
AR742,AR,742,-
AR743,AR,743,fiev
AR744,AR,744,fiev
AR745,AR,745,fiev
AR746,AR,746,fiev
AR747,AR,747,fiev
AR748,AR,748,fiev
AR749,AR,749,fiev
AR750,AR,750,fiev
AR751,AR,751,fiev
AR752,AR,752,fiev
AR753,AR,753,fiev
AR754,AR,754,fie(v)
AR755,AR,755,fiev
LA756,LA,756,fiev
LA757,LA,757,fiev
LA758,LA,758,fiev
LA759,LA,759,fiev
LA760,LA,760,fiev
LA761,LA,761,fiev
LA762,LA,762,fiev
LA763,LA,763,fiev
LA764,LA,764,fiev
LA765,LA,765,fiev
LA766,LA,766,fiev
LA767,LA,767,fiev
LA768,LA,768,fiev
LA769,LA,769,fie{v}
LA770,LA,770,fiev
LA771,LA,771,fiev
LA772,LA,772,fiev
LA773,LA,773,fiev
LA774,LA,774,fiev
LA775,LA,775,fiev
LA776,LA,776,fiev
LA777,LA,777,fiev
LA778,LA,778,fiev
LA779,LA,779,fiev
LA780,LA,780,fiev
LA781,LA,781,fiev
LA782,LA,782,fiev
LA783,LA,783,fiev
LA784,LA,784,fie{v}
LA785,LA,785,fiev
LA786,LA,786,fiev
LA787,LA,787,fiev
LA788,LA,788,fiev
LA789,LA,789,fiev
LA790,LA,790,fiev
LA791,LA,791,fiev
LA792,LA,792,fiev
LA793,LA,793,fiev
LA794,LA,794,fiev
LA795,LA,795,fiev
LA796,LA,796,fiev
LA797,LA,797,fiev
LA798,LA,798,fiev
LA799,LA,799,fiev
LA799,LA,799,fie(v)
LA800,LA,800,fie(v)
LA801,LA,801,-
LA802,LA,802,fiev
LA803,LA,803,fie(v)
LA804,LA,804,fiev
LA805,LA,805,fiev
LA806,LA,806,fiev
LA807,LA,807,fiev
LA807,LA,807,fie(v)
LA808,LA,808,fiev
LA809,LA,809,fiev
LA810,LA,810,fiev
LA810,LA,810,fie(v)
LA811,LA,811,fiev
LA812,LA,812,fiev
LA813,LA,813,fiev
LA814,LA,814,fiev
LA815,LA,815,fiev
LA816,LA,816,fiev
LA817,LA,817,fiev
TX818,TX,818,fie(v)
TX819,TX,819,fiev
TX820,TX,820,fiev
TX820,TX,820,fie{v}
TX821,TX,821,fie{v}
TX822,TX,822,fiev
TX822,TX,822,fie(v)
TX823,TX,823,fiev
TX824,TX,824,fiev
TX824,TX,824,fie{v}
TX825,TX,825,fie(v)
TX826,TX,826,fiev
TX827,TX,827,fiev
TX828,TX,828,fiev
TX828,TX,828,fie(v)
TX829,TX,829,fiev
TX830,TX,830,fiev
TX831,TX,831,fiev
TX832,TX,832,fiev
TX833,TX,833,fiev
TX834,TX,834,fiev
TX835,TX,835,fiev
TX836,TX,836,fiev
TX837,TX,837,fiev
TX838,TX,838,fiev
TX839,TX,839,fiev
TX839,TX,839,fie(v)
TX840,TX,840,fiev
TX841,TX,841,fiev
TX842,TX,842,fiev
TX843,TX,843,fiev
TX844,TX,844,fiev
TX845,TX,845,fiev
TX846,TX,846,fiev
TX847,TX,847,fiev
TX847,TX,847,fie{v}
TX848,TX,848,fiev
TX849,TX,849,fie(v)
TX850,TX,850,fiev
TX851,TX,851,fiev
TX852,TX,852,fiev
TX853,TX,853,fiev
TX854,TX,854,fiev
TX855,TX,855,fiev
TX856,TX,856,fiev
TX857,TX,857,fiev
TX858,TX,858,fiev
TX859,TX,859,fiev
TX860,TX,860,fiev
TX861,TX,861,fie(v)
TX862,TX,862,fiev
TX863,TX,863,fiev
TX864,TX,864,fie(v)
TX865,TX,865,fie(v)
TX866,TX,866,fiev
TX867,TX,867,fiev
TX868,TX,868,fiev
TX869,TX,869,fiev
TX870,TX,870,fiev
TX871,TX,871,fiev
TX872,TX,872,fiev
TX873,TX,873,fiev
TX874,TX,874,fiev
TX875,TX,875,fiev
TX876,TX,876,fiev
TX877,TX,877,fie(v)
TX878,TX,878,fiev
TX879,TX,879,fiev
TX880,TX,880,fiev
TX881,TX,881,fiev
TX882,TX,882,fiev
TX883,TX,883,fiev
TX883,TX,883,fie(v)
TX884,TX,884,fiev
TX885,TX,885,fiev
TX886,TX,886,fiev
TX887,TX,887,fiev
TX888,TX,888,fiev
TX889,TX,889,fiev
TX890,TX,890,fiev
TX891,TX,891,fiev
TX892,TX,892,fiev
TX893,TX,893,fiev
TX894,TX,894,fiev
TX895,TX,895,fiev
TX896,TX,896,fiev
TX897,TX,897,fie(v)
TX898,TX,898,fiev
TX899,TX,899,fiev
TX900,TX,900,fiev
TX901,TX,901,fiev
TX902,TX,902,fiev
TX903,TX,903,fiev
TX904,TX,904,fiev
TX905,TX,905,fiev
TX906,TX,906,fiev
TX907,TX,907,fiev
TX908,TX,908,fiev
TX909,TX,909,fiev
TX910,TX,910,fiev
TX911,TX,911,fiev
