Informant,State,Informant number,Response
TN001,TN,001,-
TN002,TN,002,nien
TN003,TN,003,nien
TN004,TN,004,nien
TN005,TN,005,nien
TN006,TN,006,nien
TN007,TN,007,nien
TN008,TN,008,nien
TN009,TN,009,nien
TN010,TN,010,nien
TN011,TN,011,nien
TN012,TN,012,nien
TN013,TN,013,nien
TN014,TN,014,nien
TN015,TN,015,nien
TN016,TN,016,nien
TN017,TN,017,nien
TN018,TN,018,nien
TN019,TN,019,nien
TN020,TN,020,nien
TN021,TN,021,nien
TN022,TN,022,nien
TN023,TN,023,nien
TN024,TN,024,nien
TN025,TN,025,-
TN026,TN,026,nien
TN027,TN,027,nien
TN028,TN,028,nien
TN029,TN,029,nien
TN030,TN,030,nien
TN031,TN,031,nien
TN032,TN,032,nien
TN033,TN,033,nien
TN034,TN,034,nien
TN035,TN,035,nien
TN036,TN,036,nien
TN037,TN,037,nien
TN038,TN,038,nien
TN039,TN,039,nien
TN040,TN,040,nien
TN041,TN,041,nien
TN042,TN,042,nien
TN043,TN,043,nien
TN044,TN,044,nien
TN045,TN,045,nien
TN046,TN,046,nien
TN047,TN,047,nien
TN048,TN,048,nien
TN049,TN,049,nien
TN050,TN,050,nien
TN051,TN,051,nien
TN052,TN,052,nien
TN053,TN,053,nien
TN054,TN,054,nien
TN055,TN,055,nien
TN056,TN,056,nien
TN057,TN,057,nien
TN058,TN,058,nien
TN059,TN,059,nien
TN060,TN,060,nien
GA061,GA,061,nien
GA062,GA,062,nien
GA063,GA,063,nien
GA064,GA,064,nien
GA065,GA,065,nien
GA066,GA,066,nien
GA067,GA,067,nien
GA068,GA,068,nien
GA069,GA,069,nien
GA070,GA,070,nien
GA071,GA,071,nien
GA072,GA,072,nien
GA073,GA,073,nien
GA074,GA,074,nien
GA075,GA,075,nien
GA076,GA,076,nien
GA077,GA,077,nien
GA078,GA,078,nien
GA079,GA,079,nien
GA080,GA,080,nien
GA081,GA,081,nien
GA082,GA,082,nien
GA083,GA,083,nien
GA084,GA,084,nien
GA085,GA,085,nien
GA086,GA,086,nien
GA087,GA,087,nien
GA088,GA,088,nien
GA089,GA,089,nien
GA090,GA,090,nien
GA091,GA,091,nien
GA092,GA,092,nien
GA093,GA,093,nien
GA094,GA,094,nien
GA095,GA,095,nien
GA096,GA,096,nien
GA097,GA,097,nien
GA098,GA,098,nien
GA099,GA,099,nien
GA100,GA,100,nien
GA101,GA,101,nien
GA102,GA,102,nien
GA103,GA,103,nien
GA104,GA,104,nien
GA105,GA,105,nien
GA106,GA,106,nien
GA107,GA,107,nien
GA108,GA,108,nien
GA109,GA,109,nien
GA110,GA,110,nien
GA111,GA,111,nien
GA112,GA,112,nien
GA113,GA,113,nien
GA114,GA,114,nien
GA115,GA,115,nien
GA116,GA,116,nien
GA117,GA,117,nien
GA118,GA,118,nien
GA119,GA,119,nien
GA120,GA,120,nien
GA121,GA,121,nien
GA122,GA,122,nien
GA123,GA,123,nien
GA124,GA,124,nien
GA125,GA,125,nien
GA126,GA,126,nien
GA127,GA,127,nien
GA128,GA,128,nien
GA129,GA,129,nien
GA130,GA,130,nien
GA131,GA,131,nien
GA132,GA,132,nien
GA133,GA,133,nien
GA134,GA,134,nien
GA135,GA,135,nien
GA136,GA,136,nien
GA137,GA,137,nien
GA138,GA,138,nien
GA139,GA,139,nien
GA140,GA,140,nien
GA141,GA,141,nien
GA142,GA,142,nien
GA143,GA,143,nien
GA144,GA,144,nien
GA145,GA,145,nien
GA146,GA,146,nien
GA147,GA,147,nien
GA148,GA,148,nien
GA149,GA,149,-
GA150,GA,150,nien
GA151,GA,151,nien
GA152,GA,152,nien
GA153,GA,153,nien
GA154,GA,154,nien
GA155,GA,155,nien
GA156,GA,156,nien
GA157,GA,157,nien
GA158,GA,158,nien
GA159,GA,159,nien
GA160,GA,160,nien
GA161,GA,161,nien
GA162,GA,162,nien
GA163,GA,163,nien
GA164,GA,164,nien
GA165,GA,165,nien
GA166,GA,166,nien
GA167,GA,167,nien
GA168,GA,168,nien
GA169,GA,169,nien
GA170,GA,170,nien
GA171,GA,171,nien
GA172,GA,172,nien
GA173,GA,173,nien
GA174,GA,174,nien
GA175,GA,175,nien
GA176,GA,176,nien
GA177,GA,177,nien
GA178,GA,178,nien
GA179,GA,179,nien
GA180,GA,180,nien
GA181,GA,181,nien
GA182,GA,182,nien
GA183,GA,183,nien
GA184,GA,184,nien
GA185,GA,185,nien
GA186,GA,186,nien
GA187,GA,187,nien
GA188,GA,188,nien
GA189,GA,189,nien
GA190,GA,190,nien
GA191,GA,191,nien
GA192,GA,192,nien
GA193,GA,193,nien
GA194,GA,194,nien
GA195,GA,195,nien
GA196,GA,196,nien
GA197,GA,197,nien
GA198,GA,198,nien
GA199,GA,199,nien
GA200,GA,200,nien
GA201,GA,201,nie[n]
GA202,GA,202,nien
GA203,GA,203,nien
GA204,GA,204,nien
GA205,GA,205,nien
GA206,GA,206,nien
GA207,GA,207,nien
GA208,GA,208,nien
GA209,GA,209,nien
GA210,GA,210,nien
GA211,GA,211,nien
GA212,GA,212,nien
GA213,GA,213,nien
GA214,GA,214,nien
GA215,GA,215,nien
GA216,GA,216,nien
GA217,GA,217,nien
GA218,GA,218,nien
GA219,GA,219,-
GA220,GA,220,nien
GA221,GA,221,nien
GA222,GA,222,nien
GA223,GA,223,nien
GA224,GA,224,nien
GA225,GA,225,-
FL226,FL,226,nien
FL227,FL,227,nien
FL228,FL,228,nien
FL229,FL,229,nien
FL230,FL,230,nien
FL231,FL,231,nien
FL232,FL,232,nien
FL233,FL,233,nien
FL234,FL,234,nien
FL235,FL,235,nien
FL236,FL,236,nien
FL237,FL,237,nien
FL238,FL,238,nien
FL239,FL,239,nien
FL240,FL,240,nien
FL241,FL,241,-
FL242,FL,242,nien
FL243,FL,243,nien
FL244,FL,244,nien
FL245,FL,245,nien
FL246,FL,246,nien
FL247,FL,247,nien
FL248,FL,248,nien
FL249,FL,249,nien
FL250,FL,250,nien
FL251,FL,251,-
FL252,FL,252,nien
FL253,FL,253,nien
FL254,FL,254,nien
FL255,FL,255,nien
FL256,FL,256,nien
FL257,FL,257,nien
FL258,FL,258,nien
FL259,FL,259,nien
FL260,FL,260,-
FL261,FL,261,nien
FL262,FL,262,nien
FL263,FL,263,-
FL264,FL,264,nien
FL265,FL,265,nien
FL266,FL,266,nie[n]
FL267,FL,267,-
FL268,FL,268,-
FL269,FL,269,nien
FL270,FL,270,nien
FL271,FL,271,nien
FL272,FL,272,nien
FL273,FL,273,nien
FL274,FL,274,nien
FL275,FL,275,nien
FL276,FL,276,nien
FL277,FL,277,nien
FL278,FL,278,nien
FL279,FL,279,nien
FL280,FL,280,nien
FL281,FL,281,nien
FL282,FL,282,-
FL283,FL,283,nien
FL284,FL,284,nien
FL285,FL,285,nien
FL286,FL,286,nien
FL287,FL,287,-
FL288,FL,288,nien
FL289,FL,289,nien
TN290,TN,290,nien
TN291,TN,291,nien
TN292,TN,292,nien
TN293,TN,293,nien
TN294,TN,294,nien
TN295,TN,295,nien
TN296,TN,296,nien
TN297,TN,297,nien
TN298,TN,298,nien
TN299,TN,299,nien
TN300,TN,300,nien
TN301,TN,301,nien
TN302,TN,302,nien
TN303,TN,303,nien
TN304,TN,304,nien
TN305,TN,305,nien
TN306,TN,306,nien
TN307,TN,307,nien
TN308,TN,308,-
TN309,TN,309,nien
TN310,TN,310,nien
TN311,TN,311,nien
TN312,TN,312,-
TN313,TN,313,-
TN314,TN,314,nien
TN315,TN,315,nien
TN316,TN,316,nien
TN317,TN,317,nien
TN318,TN,318,nien
TN319,TN,319,-
TN320,TN,320,nien
TN321,TN,321,nien
TN322,TN,322,nien
TN323,TN,323,nien
TN324,TN,324,nien
TN325,TN,325,nien
TN326,TN,326,nien
TN327,TN,327,nien
TN328,TN,328,nien
TN329,TN,329,nien
TN330,TN,330,nien
TN331,TN,331,nien
TN332,TN,332,nien
TN333,TN,333,-
TN334,TN,334,nien
TN335,TN,335,nien
TN336,TN,336,nien
AL337,AL,337,nien
AL338,AL,338,nien
AL339,AL,339,nien
AL340,AL,340,nie(n)
AL341,AL,341,nien
AL342,AL,342,nien
AL343,AL,343,nien
AL344,AL,344,nien
AL345,AL,345,nien
AL346,AL,346,nien
AL347,AL,347,nien
AL348,AL,348,nien
AL349,AL,349,nien
AL350,AL,350,nien
AL351,AL,351,nien
AL352,AL,352,nien
AL353,AL,353,nien
AL354,AL,354,nien
AL355,AL,355,nien
AL356,AL,356,nien
AL357,AL,357,nien
AL358,AL,358,nien
AL359,AL,359,nien
AL360,AL,360,nien
AL361,AL,361,nien
AL362,AL,362,nien
AL363,AL,363,nien
AL364,AL,364,nien
AL365,AL,365,nien
AL366,AL,366,nien
AL367,AL,367,nien
AL368,AL,368,nien
AL369,AL,369,nien
AL370,AL,370,-
AL371,AL,371,nien
AL372,AL,372,nien
AL373,AL,373,nien
AL374,AL,374,nien
AL375,AL,375,nien
AL376,AL,376,-
AL377,AL,377,nien
AL378,AL,378,nien
AL379,AL,379,nien
AL380,AL,380,nien
AL381,AL,381,nien
AL382,AL,382,nien
AL383,AL,383,nien
AL384,AL,384,nien
AL385,AL,385,nien
AL386,AL,386,nien
AL387,AL,387,nien
AL388,AL,388,nien
AL389,AL,389,nien
AL390,AL,390,nien
AL391,AL,391,nien
AL392,AL,392,nien
AL393,AL,393,nien
AL394,AL,394,nien
AL395,AL,395,nien
AL396,AL,396,-
AL397,AL,397,nien
AL398,AL,398,nien
AL399,AL,399,nien
AL400,AL,400,nien
AL401,AL,401,nien
AL402,AL,402,nien
AL403,AL,403,nien
AL404,AL,404,nien
AL405,AL,405,nien
AL406,AL,406,nien
AL407,AL,407,nien
AL408,AL,408,nien
AL409,AL,409,nien
AL410,AL,410,nien
AL411,AL,411,nien
AL412,AL,412,nien
AL413,AL,413,nien
AL414,AL,414,nien
AL415,AL,415,nien
AL416,AL,416,nien
AL417,AL,417,nien
AL418,AL,418,nien
AL419,AL,419,nien
AL420,AL,420,nien
AL421,AL,421,nien
AL422,AL,422,nien
AL423,AL,423,nien
AL424,AL,424,nien
AL425,AL,425,-
AL426,AL,426,nien
AL427,AL,427,nien
AL428,AL,428,nien
AL429,AL,429,nien
AL430,AL,430,nien
AL431,AL,431,nien
AL432,AL,432,nien
AL433,AL,433,nien
AL434,AL,434,nien
AL435,AL,435,nien
AL436,AL,436,nien
AL437,AL,437,nien
AL438,AL,438,nien
AL438,AL,438,nie[n]
AL439,AL,439,nien
AL440,AL,440,nien
AL441,AL,441,nien
AL442,AL,442,nien
AL443,AL,443,nien
AL444,AL,444,nien
AL445,AL,445,nien
AL446,AL,446,nien
AL447,AL,447,nien
AL448,AL,448,nien
AL449,AL,449,nien
AL450,AL,450,nien
AL451,AL,451,nien
FL452,FL,452,nien
FL453,FL,453,nien
FL454,FL,454,nien
FL455,FL,455,nien
FL456,FL,456,nien
FL457,FL,457,nien
FL458,FL,458,nien
FL459,FL,459,-
FL460,FL,460,nien
FL461,FL,461,nien
FL462,FL,462,nien
FL463,FL,463,nien
FL464,FL,464,nien
FL465,FL,465,nien
FL466,FL,466,nien
FL467,FL,467,nien
FL468,FL,468,nien
FL469,FL,469,nien
FL470,FL,470,nien
FL471,FL,471,nien
AL472,AL,472,nien
AL473,AL,473,nien
AL474,AL,474,nien
AL475,AL,475,nien
AL476,AL,476,nien
AL477,AL,477,nien
AL478,AL,478,nien
AL479,AL,479,nien
AL480,AL,480,nien
AL481,AL,481,nien
AL482,AL,482,nien
AL483,AL,483,nien
AL484,AL,484,nien
AL485,AL,485,nien
TN486,TN,486,nien
TN487,TN,487,nien
TN488,TN,488,nien
TN489,TN,489,nien
TN490,TN,490,nien
TN491,TN,491,nien
TN492,TN,492,nien
TN493,TN,493,nien
TN494,TN,494,nien
TN495,TN,495,nien
TN496,TN,496,nien
TN497,TN,497,nien
TN498,TN,498,nien
TN499,TN,499,nien
TN500,TN,500,nien
TN501,TN,501,nien
TN502,TN,502,nien
TN503,TN,503,nien
TN504,TN,504,nien
TN505,TN,505,nien
TN506,TN,506,nien
TN507,TN,507,nien
TN508,TN,508,nien
TN509,TN,509,nien
TN510,TN,510,nien
TN511,TN,511,nien
TN512,TN,512,nien
TN513,TN,513,nien
TN514,TN,514,nien
TN515,TN,515,nien
TN516,TN,516,nien
TN517,TN,517,nien
TN518,TN,518,nien
TN519,TN,519,nien
MS520,MS,520,nien
MS521,MS,521,nien
MS522,MS,522,nien
MS523,MS,523,-
MS524,MS,524,nien
MS525,MS,525,nien
MS526,MS,526,nien
MS527,MS,527,nien
MS528,MS,528,nien
MS529,MS,529,nien
MS530,MS,530,-
MS531,MS,531,nien
MS532,MS,532,nien
MS533,MS,533,nien
MS534,MS,534,nien
MS535,MS,535,nien
MS536,MS,536,nien
MS537,MS,537,nien
MS538,MS,538,nien
MS539,MS,539,nien
MS540,MS,540,nien
MS541,MS,541,nien
MS542,MS,542,nien
MS543,MS,543,nien
MS544,MS,544,nien
MS545,MS,545,nien
MS546,MS,546,nien
MS547,MS,547,nien
MS548,MS,548,nien
MS549,MS,549,nien
MS550,MS,550,nien
MS551,MS,551,nien
MS552,MS,552,nien
MS553,MS,553,nien
MS554,MS,554,-
MS555,MS,555,nien
MS556,MS,556,nien
MS557,MS,557,nien
MS558,MS,558,nien
MS558,MS,558,nie[n]
MS559,MS,559,nien
MS560,MS,560,-
MS561,MS,561,nien
MS562,MS,562,nien
MS563,MS,563,nien
MS564,MS,564,nien
MS565,MS,565,nien
MS566,MS,566,
MS567,MS,567,nien
MS568,MS,568,nien
MS569,MS,569,nien
MS570,MS,570,nien
MS571,MS,571,nie[n]
MS572,MS,572,nien
MS573,MS,573,nie[n]
MS574,MS,574,nien
MS575,MS,575,nien
MS576,MS,576,nien
MS577,MS,577,nien
MS578,MS,578,nien
MS579,MS,579,nien
MS580,MS,580,nien
MS581,MS,581,nien
MS582,MS,582,nien
MS583,MS,583,nien
MS584,MS,584,nien
MS585,MS,585,nien
MS586,MS,586,nien
MS587,MS,587,nie[n]
MS588,MS,588,nien
MS589,MS,589,nien
MS590,MS,590,nien
MS591,MS,591,nien
MS592,MS,592,nien
MS593,MS,593,nien
MS594,MS,594,nien
MS595,MS,595,nien
MS596,MS,596,nien
MS597,MS,597,nien
MS598,MS,598,nien
MS599,MS,599,nien
MS600,MS,600,nien
MS601,MS,601,nien
MS602,MS,602,nien
MS603,MS,603,nien
MS604,MS,604,nien
MS605,MS,605,nien
MS606,MS,606,nien
MS607,MS,607,nien
MS608,MS,608,nien
MS609,MS,609,nien
MS610,MS,610,nie[n]
MS611,MS,611,nien
MS612,MS,612,nien
MS613,MS,613,nien
MS614,MS,614,nien
MS615,MS,615,nien
MS616,MS,616,nien
MS617,MS,617,nien
MS618,MS,618,nien
MS619,MS,619,nien
MS620,MS,620,nien
MS621,MS,621,nien
MS622,MS,622,nien
MS623,MS,623,nien
MS624,MS,624,nien
MS625,MS,625,nien
MS626,MS,626,nien
MS627,MS,627,nien
MS628,MS,628,nien
MS629,MS,629,nien
LA630,LA,630,nien
LA631,LA,631,nien
LA632,LA,632,nien
LA633,LA,633,nien
LA634,LA,634,nien
LA635,LA,635,nien
LA636,LA,636,nien
LA637,LA,637,nien
LA638,LA,638,nien
LA639,LA,639,nien
LA640,LA,640,nien
LA641,LA,641,nien
LA642,LA,642,nien
LA643,LA,643,nien
LA644,LA,644,nien
LA645,LA,645,nien
LA646,LA,646,nien
LA647,LA,647,nien
LA648,LA,648,nien
LA649,LA,649,nien
LA650,LA,650,nien
LA651,LA,651,nien
LA652,LA,652,nien
LA653,LA,653,nien
LA654,LA,654,nien
LA655,LA,655,nien
LA656,LA,656,nien
LA657,LA,657,nien
LA657X,LA,657X,nien
LA657Y,LA,657Y,nien
LA657Z,LA,657Z,nien
LA658,LA,658,nien
LA659,LA,659,nien
LA660,LA,660,nien
LA661,LA,661,nien
LA662,LA,662,nien
LA663,LA,663,nien
LA664,LA,664,nien
LA665,LA,665,nien
LA666,LA,666,nien
LA667,LA,667,nien
LA668,LA,668,nien
LA668,LA,668,nie[n]
LA669,LA,669,nie[n]
LA670,LA,670,nien
LA671,LA,671,nien
LA672,LA,672,nien
LA673,LA,673,nien
AR674,AR,674,nien
AR675,AR,675,nien
AR676,AR,676,nien
AR677,AR,677,nien
AR678,AR,678,nien
AR679,AR,679,nien
AR680,AR,680,nien
AR681,AR,681,nien
AR682,AR,682,nien
AR683,AR,683,nien
AR684,AR,684,nien
AR685,AR,685,nien
AR686,AR,686,nien
AR687,AR,687,nien
AR688,AR,688,nien
AR689,AR,689,nien
AR690,AR,690,nien
AR691,AR,691,nien
AR692,AR,692,nien
AR693,AR,693,nien
AR694,AR,694,nien
AR695,AR,695,nien
AR696,AR,696,nien
AR697,AR,697,nien
AR698,AR,698,nien
AR699,AR,699,-
AR700,AR,700,nien
AR701,AR,701,nien
AR702,AR,702,-
AR703,AR,703,nien
AR704,AR,704,nien
AR705,AR,705,nien
AR706,AR,706,nien
AR707,AR,707,nien
AR708,AR,708,nien
AR709,AR,709,nien
AR710,AR,710,nien
AR711,AR,711,nien
AR712,AR,712,nien
AR713,AR,713,nien
AR714,AR,714,nien
AR715,AR,715,nien
AR716,AR,716,nien
AR717,AR,717,nien
AR718,AR,718,nien
AR719,AR,719,nien
AR720,AR,720,nien
AR721,AR,721,nien
AR722,AR,722,nien
AR723,AR,723,nien
AR724,AR,724,nien
AR725,AR,725,nien
AR726,AR,726,nien
AR727,AR,727,nien
AR728,AR,728,nien
AR729,AR,729,nien
AR730,AR,730,nien
AR731,AR,731,nien
AR732,AR,732,nien
AR733,AR,733,nien
AR734,AR,734,nien
AR735,AR,735,nien
AR736,AR,736,nien
AR737,AR,737,nien
AR738,AR,738,nien
AR739,AR,739,-
AR740,AR,740,nien
AR741,AR,741,nien
AR742,AR,742,nien
AR743,AR,743,nien
AR744,AR,744,nien
AR745,AR,745,nien
AR746,AR,746,nien
AR747,AR,747,nien
AR748,AR,748,nien
AR749,AR,749,nien
AR750,AR,750,-
AR751,AR,751,nien
AR752,AR,752,nien
AR753,AR,753,nien
AR754,AR,754,nien
AR755,AR,755,nien
LA756,LA,756,nien
LA757,LA,757,nien
LA758,LA,758,nien
LA759,LA,759,nien
LA760,LA,760,nien
LA761,LA,761,nien
LA762,LA,762,nien
LA763,LA,763,nien
LA764,LA,764,nien
LA765,LA,765,nien
LA766,LA,766,nien
LA767,LA,767,nien
LA768,LA,768,nien
LA769,LA,769,nien
LA770,LA,770,nien
LA771,LA,771,nien
LA772,LA,772,nien
LA773,LA,773,nien
LA774,LA,774,-
LA775,LA,775,nien
LA776,LA,776,nien
LA777,LA,777,nien
LA778,LA,778,nien
LA779,LA,779,nien
LA780,LA,780,nien
LA781,LA,781,nien
LA782,LA,782,nien
LA783,LA,783,nien
LA784,LA,784,nien
LA785,LA,785,nien
LA786,LA,786,nien
LA787,LA,787,nien
LA788,LA,788,nien
LA789,LA,789,nien
LA790,LA,790,nien
LA791,LA,791,nien
LA792,LA,792,nien
LA793,LA,793,nien
LA794,LA,794,nien
LA795,LA,795,nien
LA796,LA,796,nien
LA797,LA,797,nien
LA798,LA,798,nien
LA799,LA,799,nien
LA800,LA,800,nien
LA801,LA,801,nien
LA802,LA,802,nien
LA803,LA,803,nien
LA804,LA,804,nien
LA805,LA,805,nien
LA806,LA,806,nien
LA807,LA,807,nien
LA808,LA,808,nien
LA809,LA,809,nien
LA810,LA,810,nien
LA811,LA,811,nien
LA812,LA,812,nien
LA813,LA,813,nien
LA814,LA,814,nien
LA815,LA,815,nien
LA816,LA,816,nien
LA817,LA,817,nien
TX818,TX,818,-
TX819,TX,819,nien
TX820,TX,820,nien
TX821,TX,821,nien
TX822,TX,822,nien
TX823,TX,823,nien
TX824,TX,824,nien
TX825,TX,825,nien
TX826,TX,826,nien
TX827,TX,827,nien
TX828,TX,828,nien
TX829,TX,829,nien
TX830,TX,830,nien
TX831,TX,831,nien
TX832,TX,832,nien
TX833,TX,833,nien
TX834,TX,834,nien
TX835,TX,835,nien
TX836,TX,836,nien
TX837,TX,837,nien
TX838,TX,838,nien
TX839,TX,839,nien
TX840,TX,840,nien
TX841,TX,841,nien
TX842,TX,842,nien
TX843,TX,843,nien
TX844,TX,844,nien
TX845,TX,845,-
TX846,TX,846,nien
TX847,TX,847,nien
TX848,TX,848,nien
TX849,TX,849,nien
TX850,TX,850,nien
TX851,TX,851,nien
TX852,TX,852,nien
TX853,TX,853,nien
TX854,TX,854,nien
TX855,TX,855,nien
TX856,TX,856,nien
TX857,TX,857,nien
TX858,TX,858,nien
TX859,TX,859,nien
TX860,TX,860,nien
TX861,TX,861,nien
TX862,TX,862,nien
TX863,TX,863,nien
TX864,TX,864,nien
TX865,TX,865,nien
TX866,TX,866,nien
TX867,TX,867,nien
TX868,TX,868,nie[n]
TX869,TX,869,nien
TX870,TX,870,nien
TX871,TX,871,nien
TX872,TX,872,-
TX873,TX,873,nie[n]
TX874,TX,874,nien
TX875,TX,875,nien
TX876,TX,876,nien
TX877,TX,877,nien
TX878,TX,878,nien
TX879,TX,879,nien
TX880,TX,880,nien
TX881,TX,881,-
TX882,TX,882,nien
TX883,TX,883,nien
TX884,TX,884,nien
TX885,TX,885,nien
TX886,TX,886,nien
TX887,TX,887,nien
TX888,TX,888,nien
TX889,TX,889,nien
TX890,TX,890,nien
TX891,TX,891,nien
TX892,TX,892,nien
TX893,TX,893,nien
TX894,TX,894,nien
TX895,TX,895,nie[n]
TX896,TX,896,nien
TX897,TX,897,nien
TX898,TX,898,nien
TX899,TX,899,nien
TX900,TX,900,nien
TX901,TX,901,nien
TX902,TX,902,nien
TX903,TX,903,nien
TX904,TX,904,nien
TX905,TX,905,nien
TX906,TX,906,nien
TX907,TX,907,nien
TX908,TX,908,nien
TX909,TX,909,nien
TX910,TX,910,nien
TX911,TX,911,nien
