Informant,State,Informant number,Response
TN001,TN,001,th{r}ee
TN002,TN,002,three
TN003,TN,003,three
TN004,TN,004,three
TN004,TN,004,th{r}ee
TN005,TN,005,th{r}ee
TN006,TN,006,three
TN007,TN,007,th{r}ee
TN008,TN,008,-
TN009,TN,009,three
TN010,TN,010,th{r}ee
TN011,TN,011,three
TN012,TN,012,three
TN013,TN,013,th{r}ee
TN014,TN,014,th{r}ee
TN015,TN,015,th{r}ee
TN016,TN,016,three
TN017,TN,017,three
TN018,TN,018,th{r}ee
TN019,TN,019,th{r}ee
TN020,TN,020,th{r}ee
TN021,TN,021,th{r}ee
TN022,TN,022,three
TN023,TN,023,th{r}ee
TN024,TN,024,th{r}ee
TN025,TN,025,th{r}ee
TN026,TN,026,th{r}ee
TN027,TN,027,three
TN028,TN,028,th{r}ee
TN029,TN,029,three
TN030,TN,030,th{r}ee
TN031,TN,031,three
TN032,TN,032,three
TN033,TN,033,th{r}ee
TN034,TN,034,three
TN035,TN,035,three
TN036,TN,036,three
TN037,TN,037,three
TN037,TN,037,th{r}ee
TN038,TN,038,three
TN039,TN,039,three
TN040,TN,040,three
TN041,TN,041,th{r}ee
TN042,TN,042,th{r}ee
TN043,TN,043,th{r}ee
TN044,TN,044,three
TN045,TN,045,th{r}ee
TN046,TN,046,th{r}ee
TN047,TN,047,three
TN048,TN,048,three
TN049,TN,049,three
TN050,TN,050,th{r}ee
TN051,TN,051,three
TN052,TN,052,shree
TN053,TN,053,three
TN053,TN,053,th{r}ee
TN054,TN,054,three
TN055,TN,055,three
TN056,TN,056,th{r}ee
TN057,TN,057,th{r}ee
TN058,TN,058,three
TN058,TN,058,th{r}ee
TN059,TN,059,three
TN060,TN,060,th{r}ee
GA061,GA,061,th{r}ee
GA062,GA,062,three
GA063,GA,063,th{r}ee
GA064,GA,064,three
GA065,GA,065,three
GA066,GA,066,three
GA067,GA,067,th{r}ee
GA068,GA,068,three
GA069,GA,069,three
GA070,GA,070,three
GA071,GA,071,th{r}ee
GA072,GA,072,three
GA073,GA,073,three
GA074,GA,074,th{r}ee
GA075,GA,075,th{r}ee
GA076,GA,076,th{r}ee
GA077,GA,077,th{r}ee
GA078,GA,078,th{r}ee
GA079,GA,079,th{r}ee
GA080,GA,080,th{r}ee
GA081,GA,081,three
GA082,GA,082,three
GA083,GA,083,three
GA084,GA,084,th{r}ee
GA085,GA,085,three
GA086,GA,086,three
GA087,GA,087,th{r}ee
GA088,GA,088,th{r}ee
GA089,GA,089,three
GA090,GA,090,three
GA091,GA,091,three
GA092,GA,092,three
GA093,GA,093,three
GA094,GA,094,three
GA095,GA,095,three
GA095,GA,095,th{r}ee
GA096,GA,096,th{r}ee
GA097,GA,097,th{r}ee
GA098,GA,098,three
GA098,GA,098,tree
GA099,GA,099,th{r}ee
GA100,GA,100,th{r}ee
GA101,GA,101,three
GA102,GA,102,three
GA103,GA,103,th{r}ee
GA104,GA,104,th{r}ee
GA105,GA,105,three
GA106,GA,106,three
GA107,GA,107,three
GA108,GA,108,three
GA109,GA,109,three
GA110,GA,110,three
GA111,GA,111,three
GA112,GA,112,three
GA113,GA,113,three
GA114,GA,114,three
GA115,GA,115,three
GA115,GA,115,th{r}ee
GA116,GA,116,th{r}ee
GA117,GA,117,th{r}ee
GA118,GA,118,three
GA119,GA,119,three
GA120,GA,120,three
GA121,GA,121,three
GA122,GA,122,three
GA123,GA,123,th{r}ee
GA124,GA,124,three
GA125,GA,125,three
GA126,GA,126,three
GA127,GA,127,three
GA128,GA,128,three
GA129,GA,129,three
GA129,GA,129,th{r}ee
GA130,GA,130,three
GA131,GA,131,three
GA132,GA,132,three
GA133,GA,133,three
GA134,GA,134,three
GA134,GA,134,tree
GA135,GA,135,three
GA136,GA,136,three
GA137,GA,137,th{r}ee
GA138,GA,138,three
GA138,GA,138,sree
GA139,GA,139,three
GA140,GA,140,three
GA140,GA,140,th{r}ee
GA141,GA,141,three
GA142,GA,142,th{r}ee
GA143,GA,143,th{r}ee
GA144,GA,144,th{r}ee
GA145,GA,145,three
GA146,GA,146,three
GA147,GA,147,three
GA147,GA,147,th{r}ee
GA148,GA,148,three
GA149,GA,149,three
GA150,GA,150,three
GA151,GA,151,three
GA152,GA,152,three
GA153,GA,153,th{r}ee
GA154,GA,154,three
GA155,GA,155,th{r}ee
GA156,GA,156,three
GA157,GA,157,three
GA158,GA,158,th{r}ee
GA159,GA,159,three
GA160,GA,160,th{r}ee
GA161,GA,161,three
GA162,GA,162,three
GA163,GA,163,three
GA164,GA,164,th{r}ee
GA165,GA,165,three
GA166,GA,166,th{r}ee
GA167,GA,167,th{r}ee
GA168,GA,168,th{r}ee
GA169,GA,169,three
GA170,GA,170,three
GA170,GA,170,th{r}ee
GA171,GA,171,three
GA172,GA,172,three
GA173,GA,173,th{r}ee
GA174,GA,174,three
GA175,GA,175,three
GA176,GA,176,th{r}ee
GA177,GA,177,three
GA178,GA,178,three
GA179,GA,179,three
GA180,GA,180,three
GA181,GA,181,three
GA182,GA,182,three
GA183,GA,183,three
GA184,GA,184,three
GA185,GA,185,three
GA186,GA,186,th{r}ee
GA187,GA,187,sree
GA188,GA,188,three
GA189,GA,189,three
GA190,GA,190,three
GA191,GA,191,three
GA192,GA,192,three
GA193,GA,193,three
GA194,GA,194,three
GA195,GA,195,sree
GA196,GA,196,three
GA197,GA,197,three
GA198,GA,198,three
GA199,GA,199,three
GA200,GA,200,three
GA201,GA,201,three
GA202,GA,202,th{r}ee
GA203,GA,203,three
GA204,GA,204,three
GA205,GA,205,three
GA206,GA,206,three
GA207,GA,207,three
GA208,GA,208,three
GA209,GA,209,th{r}ee
GA210,GA,210,three
GA211,GA,211,three
GA212,GA,212,three
GA213,GA,213,th{r}ee
GA214,GA,214,three
GA214,GA,214,th{r}ee
GA215,GA,215,three
GA216,GA,216,three
GA217,GA,217,three
GA218,GA,218,three
GA219,GA,219,three
GA219,GA,219,sree
GA220,GA,220,three
GA221,GA,221,three
GA222,GA,222,three
GA223,GA,223,three
GA224,GA,224,shree
GA225,GA,225,th{r}ee
FL226,FL,226,three
FL227,FL,227,three
FL228,FL,228,three
FL229,FL,229,three
FL230,FL,230,three
FL231,FL,231,three
FL232,FL,232,th{r}ee
FL233,FL,233,three
FL234,FL,234,th{r}ee
FL235,FL,235,th{r}ee
FL236,FL,236,three
FL237,FL,237,th{r}ee
FL238,FL,238,three
FL239,FL,239,three
FL240,FL,240,three
FL241,FL,241,three
FL242,FL,242,th{r}ee
FL243,FL,243,th{r}ee
FL244,FL,244,three
FL245,FL,245,three
FL246,FL,246,three
FL247,FL,247,three
FL248,FL,248,three
FL249,FL,249,three
FL249,FL,249,th{r}ee
FL250,FL,250,three
FL251,FL,251,three
FL252,FL,252,th{r}ee
FL253,FL,253,three
FL254,FL,254,three
FL255,FL,255,-
FL256,FL,256,three
FL257,FL,257,three
FL258,FL,258,three
FL259,FL,259,three
FL260,FL,260,three
FL261,FL,261,three
FL262,FL,262,three
FL263,FL,263,th{r}ee
FL264,FL,264,th{r}ee
FL265,FL,265,three
FL266,FL,266,three
FL267,FL,267,three
FL268,FL,268,three
FL269,FL,269,three
FL270,FL,270,th{r}ee
FL271,FL,271,three
FL271,FL,271,th{r}ee
FL272,FL,272,three
FL273,FL,273,three
FL274,FL,274,three
FL275,FL,275,th{r}ee
FL276,FL,276,three
FL277,FL,277,three
FL278,FL,278,three
FL279,FL,279,three
FL280,FL,280,three
FL281,FL,281,three
FL282,FL,282,three
FL283,FL,283,th{r}ee
FL284,FL,284,th{r}ee
FL285,FL,285,th{r}ee
FL286,FL,286,three
FL287,FL,287,three
FL287,FL,287,th{r}ee
FL288,FL,288,th{r}ee
FL289,FL,289,three
TN290,TN,290,three
TN291,TN,291,th{r}ee
TN292,TN,292,three
TN293,TN,293,three
TN294,TN,294,three
TN295,TN,295,three
TN296,TN,296,th{r}ee
TN297,TN,297,three
TN298,TN,298,th{r}ee
TN299,TN,299,three
TN300,TN,300,three
TN301,TN,301,three
TN302,TN,302,th{r}ee
TN303,TN,303,three
TN304,TN,304,th{r}ee
TN305,TN,305,th{r}ee
TN306,TN,306,th{r}ee
TN307,TN,307,three
TN308,TN,308,three
TN309,TN,309,three
TN310,TN,310,three
TN311,TN,311,three
TN312,TN,312,th{r}ee
TN313,TN,313,th{r}ee
TN314,TN,314,three
TN315,TN,315,th{r}ee
TN316,TN,316,th{r}ee
TN317,TN,317,th{r}ee
TN318,TN,318,three
TN319,TN,319,-
TN320,TN,320,three
TN321,TN,321,th{r}ee
TN322,TN,322,three
TN323,TN,323,three
TN324,TN,324,three
TN325,TN,325,three
TN326,TN,326,three
TN327,TN,327,three
TN328,TN,328,three
TN329,TN,329,three
TN330,TN,330,three
TN331,TN,331,three
TN332,TN,332,three
TN333,TN,333,th{r}ee
TN334,TN,334,three
TN335,TN,335,th{r}ee
TN336,TN,336,three
AL337,AL,337,three
AL338,AL,338,three
AL338,AL,338,th{r}ee
AL339,AL,339,three
AL340,AL,340,three
AL341,AL,341,three
AL342,AL,342,three
AL343,AL,343,three
AL343,AL,343,th{r}ee
AL344,AL,344,three
AL345,AL,345,three
AL346,AL,346,th{r}ee
AL347,AL,347,three
AL348,AL,348,three
AL349,AL,349,three
AL350,AL,350,three
AL351,AL,351,three
AL351,AL,351,th{r}ee
AL352,AL,352,th{r}ee
AL353,AL,353,three
AL354,AL,354,three
AL355,AL,355,three
AL356,AL,356,three
AL357,AL,357,three
AL357,AL,357,th{r}ee
AL358,AL,358,three
AL359,AL,359,three
AL360,AL,360,three
AL361,AL,361,three
AL362,AL,362,three
AL363,AL,363,three
AL364,AL,364,three
AL364,AL,364,th{r}ee
AL365,AL,365,three
AL366,AL,366,three
AL367,AL,367,three
AL368,AL,368,three
AL369,AL,369,three
AL370,AL,370,three
AL371,AL,371,three
AL372,AL,372,three
AL373,AL,373,three
AL374,AL,374,th{r}ee
AL375,AL,375,three
AL376,AL,376,three
AL377,AL,377,tree
AL378,AL,378,three
AL378,AL,378,th{r}ee
AL379,AL,379,th{r}ee
AL380,AL,380,three
AL381,AL,381,three
AL382,AL,382,three
AL383,AL,383,three
AL384,AL,384,th{r}ee
AL385,AL,385,three
AL386,AL,386,th{r}ee
AL387,AL,387,three
AL388,AL,388,th{r}ee
AL389,AL,389,th{r}ee
AL390,AL,390,th{r}ee
AL391,AL,391,three
AL392,AL,392,three
AL393,AL,393,three
AL394,AL,394,th(r)ee
AL395,AL,395,th{r}ee
AL396,AL,396,three
AL397,AL,397,three
AL398,AL,398,three
AL399,AL,399,th{r}ee
AL400,AL,400,th{r}ee
AL401,AL,401,three
AL402,AL,402,three
AL403,AL,403,three
AL404,AL,404,three
AL405,AL,405,three
AL406,AL,406,th{r}ee
AL407,AL,407,th{r}ee
AL408,AL,408,three
AL409,AL,409,three
AL409,AL,409,th{r}ee
AL410,AL,410,th{r}ee
AL411,AL,411,three
AL411,AL,411,th{r}ee
AL412,AL,412,three
AL413,AL,413,three
AL414,AL,414,three
AL415,AL,415,three
AL416,AL,416,three
AL417,AL,417,three
AL418,AL,418,three
AL419,AL,419,three
AL420,AL,420,th{r}ee
AL421,AL,421,sree
AL421,AL,421,tree
AL422,AL,422,three
AL423,AL,423,th{r}ee
AL424,AL,424,three
AL425,AL,425,three
AL426,AL,426,th{r}ee
AL427,AL,427,three
AL428,AL,428,three
AL429,AL,429,th{r}ee
AL430,AL,430,three
AL431,AL,431,three
AL431,AL,431,tree
AL432,AL,432,th{r}ee
AL433,AL,433,th{r}ee
AL434,AL,434,three
AL435,AL,435,th{r}ee
AL436,AL,436,three
AL436,AL,436,th{r}ee
AL437,AL,437,th{r}ee
AL438,AL,438,three
AL439,AL,439,three
AL440,AL,440,three
AL441,AL,441,three
AL442,AL,442,three
AL443,AL,443,three
AL444,AL,444,three
AL445,AL,445,th{r}ee
AL446,AL,446,three
AL447,AL,447,three
AL448,AL,448,three
AL449,AL,449,th{r}ee
AL450,AL,450,three
AL451,AL,451,three
FL452,FL,452,three
FL453,FL,453,th{r}ee
FL454,FL,454,three
FL455,FL,455,three
FL456,FL,456,three
FL457,FL,457,th{r}ee
FL458,FL,458,three
FL459,FL,459,th{r}ee
FL460,FL,460,three
FL461,FL,461,th{r}ee
FL462,FL,462,three
FL463,FL,463,three
FL464,FL,464,three
FL465,FL,465,th{r}ee
FL466,FL,466,th{r}ee
FL467,FL,467,three
FL468,FL,468,th{r}ee
FL469,FL,469,three
FL470,FL,470,three
FL471,FL,471,three
AL472,AL,472,three
AL473,AL,473,three
AL474,AL,474,three
AL475,AL,475,three
AL476,AL,476,three
AL477,AL,477,th{r}ee
AL478,AL,478,th{r}ee
AL479,AL,479,th{r}ee
AL480,AL,480,th{r}ee
AL481,AL,481,three
AL482,AL,482,three
AL482,AL,482,sree
AL483,AL,483,three
AL484,AL,484,th{r}ee
AL485,AL,485,three
TN486,TN,486,three
TN487,TN,487,three
TN488,TN,488,three
TN489,TN,489,th{r}ee
TN490,TN,490,three
TN491,TN,491,three
TN492,TN,492,three
TN493,TN,493,three
TN494,TN,494,th{r}ee
TN495,TN,495,th{r}ee
TN496,TN,496,three
TN497,TN,497,th{r}ee
TN498,TN,498,three
TN499,TN,499,three
TN500,TN,500,three
TN501,TN,501,th{r}ee
TN502,TN,502,three
TN503,TN,503,three
TN504,TN,504,th{r}ee
TN505,TN,505,three
TN506,TN,506,three
TN507,TN,507,three
TN508,TN,508,three
TN509,TN,509,three
TN510,TN,510,th{r}ee
TN510,TN,510,tree
TN511,TN,511,three
TN512,TN,512,three
TN513,TN,513,three
TN513,TN,513,th{r}ee
TN514,TN,514,three
TN515,TN,515,three
TN516,TN,516,three
TN517,TN,517,three
TN518,TN,518,three
TN519,TN,519,th{r}ee
MS520,MS,520,th{r}ee
MS521,MS,521,th{r}ee
MS522,MS,522,three
MS523,MS,523,three
MS524,MS,524,th{r}ee
MS525,MS,525,three
MS526,MS,526,th{r}ee
MS527,MS,527,three
MS528,MS,528,three
MS529,MS,529,-
MS530,MS,530,three
MS531,MS,531,th{r}ee
MS532,MS,532,three
MS533,MS,533,three
MS534,MS,534,sree
MS534,MS,534,tree
MS535,MS,535,three
MS536,MS,536,three
MS537,MS,537,three
MS538,MS,538,three
MS538,MS,538,th{r}ee
MS539,MS,539,three
MS540,MS,540,three
MS541,MS,541,three
MS542,MS,542,three
MS543,MS,543,th{r}ee
MS544,MS,544,three
MS545,MS,545,th{r}ee
MS546,MS,546,th{r}ee
MS547,MS,547,th{r}ee
MS548,MS,548,three
MS549,MS,549,three
MS550,MS,550,three
MS551,MS,551,three
MS552,MS,552,th{r}ee
MS553,MS,553,th{r}ee
MS554,MS,554,th{r}ee
MS555,MS,555,th{r}ee
MS556,MS,556,th{r}ee
MS557,MS,557,three
MS558,MS,558,th{r}ee
MS559,MS,559,three
MS560,MS,560,three
MS561,MS,561,three
MS561,MS,561,th{r}ee
MS562,MS,562,three
MS562,MS,562,th{r}ee
MS563,MS,563,th{r}ee
MS564,MS,564,three
MS565,MS,565,three
MS566,MS,566,three
MS567,MS,567,three
MS568,MS,568,three
MS569,MS,569,three
MS570,MS,570,th{r}ee
MS571,MS,571,three
MS572,MS,572,three
MS573,MS,573,three
MS574,MS,574,th{r}ee
MS575,MS,575,three
MS576,MS,576,th{r}ee
MS577,MS,577,th{r}ee
MS578,MS,578,th{r}ee
MS579,MS,579,three
MS580,MS,580,three
MS581,MS,581,th{r}ee
MS582,MS,582,three
MS583,MS,583,th{r}ee
MS584,MS,584,three
MS584,MS,584,th{r}ee
MS585,MS,585,three
MS586,MS,586,three
MS587,MS,587,three
MS588,MS,588,three
MS589,MS,589,three
MS590,MS,590,th{r}ee
MS591,MS,591,th{r}ee
MS592,MS,592,three
MS592,MS,592,th{r}ee
MS593,MS,593,th{r}ee
MS593,MS,593,tree
MS594,MS,594,th{r}ee
MS595,MS,595,th{r}ee
MS596,MS,596,three
MS596,MS,596,th{r}ee
MS597,MS,597,th{r}ee
MS598,MS,598,three
MS599,MS,599,three
MS600,MS,600,three
MS601,MS,601,three
MS602,MS,602,th{r}ee
MS603,MS,603,th{r}ee
MS604,MS,604,three
MS605,MS,605,th{r}ee
MS606,MS,606,th{r}ee
MS607,MS,607,three
MS608,MS,608,three
MS608,MS,608,th{r}ee
MS609,MS,609,three
MS609,MS,609,free
MS610,MS,610,three
MS611,MS,611,three
MS612,MS,612,th{r}ee
MS613,MS,613,three
MS614,MS,614,th{r}ee
MS614,MS,614,tree
MS615,MS,615,th{r}ee
MS616,MS,616,three
MS617,MS,617,three
MS618,MS,618,three
MS619,MS,619,three
MS619,MS,619,tree
MS620,MS,620,three
MS621,MS,621,three
MS622,MS,622,three
MS623,MS,623,s{r}ee
MS624,MS,624,three
MS625,MS,625,three
MS626,MS,626,three
MS627,MS,627,three
MS628,MS,628,three
MS629,MS,629,tree
LA630,LA,630,three
LA630,LA,630,tree
LA631,LA,631,three
LA632,LA,632,three
LA632,LA,632,th{r}ee
LA633,LA,633,three
LA634,LA,634,three
LA635,LA,635,th{r}ee
LA636,LA,636,three
LA637,LA,637,three
LA637,LA,637,tree
LA638,LA,638,three
LA639,LA,639,th{r}ee
LA640,LA,640,three
LA641,LA,641,three
LA642,LA,642,three
LA643,LA,643,th{r}ee
LA644,LA,644,three
LA644,LA,644,th{r}ee
LA645,LA,645,three
LA646,LA,646,three
LA646,LA,646,tree
LA647,LA,647,three
LA647,LA,647,tree
LA648,LA,648,three
LA649,LA,649,th{r}ee
LA650,LA,650,tree
LA651,LA,651,tree
LA652,LA,652,th{r}ee
LA653,LA,653,three
LA654,LA,654,three
LA655,LA,655,three
LA656,LA,656,th{r}ee
LA657,LA,657,th{r}ee
LA657X,LA,657X,th{r}ee
LA657Y,LA,657Y,th{r}ee
LA657Z,LA,657Z,th{r}ee
LA658,LA,658,th{r}ee
LA659,LA,659,three
LA659,LA,659,th{r}ee
LA660,LA,660,three
LA661,LA,661,three
LA661,LA,661,free
LA662,LA,662,th{r}ee
LA663,LA,663,th{r}ee
LA664,LA,664,th{r}ee
LA665,LA,665,th{r}ee
LA666,LA,666,tree
LA667,LA,667,th{r}ee
LA668,LA,668,three
LA669,LA,669,three
LA670,LA,670,three
LA671,LA,671,th{r}ee
LA672,LA,672,th{r}ee
LA673,LA,673,th{r}ee
AR674,AR,674,three
AR675,AR,675,three
AR676,AR,676,three
AR676,AR,676,th{r}ee
AR677,AR,677,three
AR678,AR,678,three
AR679,AR,679,three
AR680,AR,680,three
AR681,AR,681,three
AR682,AR,682,three
AR683,AR,683,three
AR684,AR,684,three
AR685,AR,685,three
AR686,AR,686,three
AR687,AR,687,three
AR688,AR,688,three
AR688,AR,688,tree
AR689,AR,689,th{r}ee
AR690,AR,690,three
AR691,AR,691,three
AR692,AR,692,three
AR692,AR,692,th{r}ee
AR693,AR,693,th{r}ee
AR694,AR,694,three
AR695,AR,695,th{r}ee
AR696,AR,696,three
AR697,AR,697,three
AR698,AR,698,three
AR699,AR,699,three
AR700,AR,700,three
AR701,AR,701,three
AR702,AR,702,three
AR703,AR,703,th{r}ee
AR704,AR,704,three
AR705,AR,705,three
AR706,AR,706,three
AR707,AR,707,th{r}ee
AR708,AR,708,three
AR709,AR,709,three
AR710,AR,710,three
AR711,AR,711,three
AR712,AR,712,three
AR713,AR,713,th{r}ee
AR714,AR,714,three
AR715,AR,715,th{r}ee
AR716,AR,716,three
AR717,AR,717,three
AR718,AR,718,three
AR719,AR,719,three
AR719,AR,719,th{r}ee
AR720,AR,720,three
AR721,AR,721,three
AR722,AR,722,th{r}ee
AR723,AR,723,three
AR724,AR,724,three
AR725,AR,725,three
AR726,AR,726,three
AR727,AR,727,th{r}ee
AR728,AR,728,three
AR729,AR,729,three
AR730,AR,730,three
AR731,AR,731,three
AR732,AR,732,three
AR733,AR,733,three
AR734,AR,734,three
AR735,AR,735,three
AR736,AR,736,three
AR737,AR,737,three
AR738,AR,738,three
AR739,AR,739,three
AR740,AR,740,three
AR740,AR,740,th{r}ee
AR741,AR,741,three
AR741,AR,741,th{r}ee
AR742,AR,742,three
AR743,AR,743,th{r}ee
AR744,AR,744,three
AR745,AR,745,three
AR746,AR,746,three
AR747,AR,747,three
AR748,AR,748,three
AR749,AR,749,three
AR750,AR,750,th{r}ee
AR751,AR,751,three
AR752,AR,752,three
AR753,AR,753,three
AR754,AR,754,three
AR755,AR,755,three
LA756,LA,756,three
LA756,LA,756,tree
LA757,LA,757,three
LA758,LA,758,three
LA759,LA,759,three
LA759,LA,759,th{r}ee
LA760,LA,760,three
LA761,LA,761,three
LA761,LA,761,tree
LA762,LA,762,three
LA763,LA,763,th{r}ee
LA764,LA,764,three
LA765,LA,765,th{r}ee
LA766,LA,766,three
LA766,LA,766,th{r}ee
LA767,LA,767,three
LA768,LA,768,three
LA769,LA,769,three
LA770,LA,770,three
LA771,LA,771,three
LA772,LA,772,three
LA773,LA,773,three
LA774,LA,774,three
LA775,LA,775,three
LA776,LA,776,three
LA777,LA,777,th{r}ee
LA778,LA,778,three
LA779,LA,779,th{r}ee
LA780,LA,780,three
LA781,LA,781,th{r}ee
LA782,LA,782,three
LA783,LA,783,th{r}ee
LA784,LA,784,three
LA785,LA,785,three
LA786,LA,786,three
LA787,LA,787,three
LA788,LA,788,three
LA788,LA,788,th{r}ee
LA789,LA,789,three
LA790,LA,790,three
LA791,LA,791,three
LA792,LA,792,three
LA793,LA,793,three
LA794,LA,794,th{r}ee
LA795,LA,795,three
LA796,LA,796,three
LA797,LA,797,three
LA798,LA,798,three
LA799,LA,799,three
LA800,LA,800,three
LA801,LA,801,th{r}ee
LA802,LA,802,th{r}ee
LA803,LA,803,three
LA803,LA,803,th{r}ee
LA804,LA,804,three
LA804,LA,804,th{r}ee
LA805,LA,805,tree
LA806,LA,806,th{r}ee
LA807,LA,807,three
LA808,LA,808,th{r}ee
LA809,LA,809,th{r}ee
LA810,LA,810,th{r}ee
LA811,LA,811,three
LA811,LA,811,thrai
LA812,LA,812,three
LA812,LA,812,tree
LA813,LA,813,three
LA813,LA,813,th{r}ee
LA814,LA,814,three
LA815,LA,815,three
LA816,LA,816,three
LA816,LA,816,th{r}ee
LA817,LA,817,three
LA817,LA,817,th{r}ee
TX818,TX,818,th{r}ee
TX819,TX,819,th{r}ee
TX820,TX,820,three
TX821,TX,821,three
TX822,TX,822,three
TX823,TX,823,three
TX824,TX,824,three
TX825,TX,825,three
TX826,TX,826,three
TX827,TX,827,three
TX828,TX,828,three
TX829,TX,829,three
TX829,TX,829,th{r}ee
TX830,TX,830,three
TX831,TX,831,three
TX832,TX,832,three
TX833,TX,833,three
TX833,TX,833,th{r}ee
TX834,TX,834,th{r}ee
TX835,TX,835,three
TX836,TX,836,three
TX837,TX,837,three
TX838,TX,838,three
TX839,TX,839,three
TX840,TX,840,three
TX841,TX,841,three
TX842,TX,842,three
TX842,TX,842,th{r}ee
TX843,TX,843,three
TX844,TX,844,three
TX845,TX,845,three
TX846,TX,846,th{r}ee
TX847,TX,847,three
TX848,TX,848,three
TX848,TX,848,th{r}ee
TX849,TX,849,three
TX850,TX,850,three
TX851,TX,851,three
TX852,TX,852,three
TX853,TX,853,three
TX854,TX,854,three
TX855,TX,855,three
TX856,TX,856,three
TX857,TX,857,th{r}ee
TX858,TX,858,three
TX859,TX,859,three
TX860,TX,860,th{r}ee
TX861,TX,861,three
TX862,TX,862,three
TX863,TX,863,three
TX864,TX,864,th{r}ee
TX865,TX,865,three
TX866,TX,866,three
TX867,TX,867,three
TX868,TX,868,three
TX869,TX,869,three
TX870,TX,870,three
TX871,TX,871,three
TX872,TX,872,three
TX873,TX,873,three
TX874,TX,874,three
TX875,TX,875,th{r}ee
TX876,TX,876,three
TX877,TX,877,th{r}ee
TX878,TX,878,three
TX879,TX,879,three
TX880,TX,880,tree
TX881,TX,881,three
TX882,TX,882,three
TX883,TX,883,three
TX883,TX,883,th{r}ee
TX884,TX,884,th{r}ee
TX885,TX,885,th{r}ee
TX886,TX,886,three
TX887,TX,887,th{r}ee
TX888,TX,888,three
TX889,TX,889,th{r}ee
TX890,TX,890,th{r}ee
TX891,TX,891,three
TX892,TX,892,three
TX892,TX,892,th{r}ee
TX893,TX,893,th{r}ee
TX894,TX,894,three
TX895,TX,895,th{r}ee
TX896,TX,896,t{r}ee
TX897,TX,897,th{r}ee
TX898,TX,898,th{r}ee
TX899,TX,899,th{r}ee
TX900,TX,900,three
TX900,TX,900,th{r}ee
TX901,TX,901,th{r}ee
TX902,TX,902,th{r}ee
TX903,TX,903,th{r}ee
TX904,TX,904,th{r}ee
TX905,TX,905,th{r}ee
TX906,TX,906,three
TX907,TX,907,three
TX908,TX,908,th{r}ee
TX909,TX,909,th{r}ee
TX910,TX,910,th{r}ee
TX911,TX,911,three
