Informant,State,Informant number,Response
TN001,TN,001,se{v}N=14
TN001,TN,001,sebM=14
TN002,TN,002,sevN=14
TN003,TN,003,sebM=14
TN004,TN,004,sevN=14
TN004,TN,004,sebM=14
TN005,TN,005,se{v}N=14
TN006,TN,006,sevN=14
TN007,TN,007,sevN=14
TN007,TN,007,sebM=14
TN008,TN,008,-
TN009,TN,009,sevN=14
TN010,TN,010,sevN=14
TN011,TN,011,sevN=14
TN012,TN,012,sevN=14
TN013,TN,013,sevN=14
TN014,TN,014,sevN=14
TN015,TN,015,sevN=14
TN016,TN,016,sevN=14
TN017,TN,017,sevN=14
TN018,TN,018,sevN=14
TN019,TN,019,sevN=14
TN020,TN,020,sevN=14
TN021,TN,021,sevN=14
TN022,TN,022,sevN=14
TN023,TN,023,sevN=14
TN023,TN,023,sebM=14
TN024,TN,024,sevN=14
TN025,TN,025,sevN=14
TN025,TN,025,sebM=14
TN026,TN,026,sevN=14
TN026,TN,026,sebM=14
TN027,TN,027,sevN=14
TN028,TN,028,sevN=14
TN029,TN,029,sevN=14
TN030,TN,030,sevN=14
TN031,TN,031,sevN=14
TN032,TN,032,sevN=14
TN033,TN,033,sevN=14
TN034,TN,034,sevN=14
TN035,TN,035,sevN=14
TN036,TN,036,sevN=14
TN036,TN,036,sebM=14
TN037,TN,037,sevN=14
TN038,TN,038,sevN=14
TN038,TN,038,sebM=14
TN039,TN,039,sevN=14
TN040,TN,040,sevN=14
TN041,TN,041,sebM=14
TN042,TN,042,sebN=14
TN043,TN,043,sevN=14
TN044,TN,044,sevN=14
TN045,TN,045,sevN=14
TN046,TN,046,sevN=14
TN047,TN,047,sebM=14
TN048,TN,048,sevN=14
TN048,TN,048,sebM=14
TN049,TN,049,sevN=14
TN050,TN,050,sevN=14
TN051,TN,051,sevN=14
TN052,TN,052,sebM=14
TN053,TN,053,sevN=14
TN053,TN,053,sebM=14
TN054,TN,054,sebM=14
TN055,TN,055,sevN=14
TN056,TN,056,sevN=14
TN057,TN,057,sevN=14
TN058,TN,058,sevN=14
TN059,TN,059,sevN=14
TN059,TN,059,se(vI)m
TN060,TN,060,sevN=14
GA061,GA,061,sevN=14
GA061,GA,061,sebM=14
GA062,GA,062,sevN=14
GA063,GA,063,sevN=14
GA064,GA,064,sevN=14
GA065,GA,065,sevN=14
GA065,GA,065,se(vI)m
GA066,GA,066,sebM=14
GA066,GA,066,se{v}M=14
GA067,GA,067,sevN=14
GA068,GA,068,sevN=14
GA069,GA,069,sevN=14
GA070,GA,070,sevN=14
GA071,GA,071,sevN=14
GA072,GA,072,sevN=14
GA072,GA,072,se{v}N=14
GA073,GA,073,sevN=14
GA074,GA,074,sevN=14
GA075,GA,075,sevN=14
GA075,GA,075,sebM=14
GA076,GA,076,sevN=14
GA077,GA,077,sevN=14
GA077,GA,077,sebM=14
GA078,GA,078,sevN=14
GA078,GA,078,sebM=14
GA079,GA,079,se{v}M=14
GA080,GA,080,sevN=14
GA081,GA,081,sevN=14
GA082,GA,082,se(vI)m
GA083,GA,083,se(vI)m
GA084,GA,084,sevN=14
GA085,GA,085,sevN=14
GA086,GA,086,sevN=14
GA087,GA,087,sivN=14
GA088,GA,088,sevN=14
GA089,GA,089,sevN=14
GA090,GA,090,sevN=14
GA090,GA,090,sebM=14
GA091,GA,091,sevN=14
GA092,GA,092,-
GA093,GA,093,se{v}N=14
GA094,GA,094,sevN=14
GA094,GA,094,se(v)M=14
GA094,GA,094,se{v}M=14
GA095,GA,095,sevN=14
GA096,GA,096,sevN=14
GA096,GA,096,sebM=14
GA097,GA,097,sevN=14
GA097,GA,097,sebM=14
GA098,GA,098,siv[N]=14
GA098,GA,098,se{v}N=14
GA098,GA,098,sevN=14
GA099,GA,099,sevN=14
GA099,GA,099,sebM=14
GA100,GA,100,sevN=14
GA101,GA,101,sevN=14
GA102,GA,102,sevN=14
GA103,GA,103,sevN=14
GA104,GA,104,sevN=14
GA105,GA,105,sevN=14
GA105,GA,105,sebM=14
GA106,GA,106,sevN=14
GA107,GA,107,se(vI)m
GA108,GA,108,sevN=14
GA109,GA,109,sevN=14
GA109,GA,109,sebM=14
GA110,GA,110,sevN=14
GA111,GA,111,sevN=14
GA112,GA,112,se{v}M=14
GA113,GA,113,sevN=14
GA113,GA,113,se(vI)m
GA114,GA,114,sevN=14
GA115,GA,115,sevN=14
GA116,GA,116,sevN=14
GA117,GA,117,sebM=14
GA118,GA,118,sevN=14
GA119,GA,119,sevN=14
GA120,GA,120,sevN=14
GA121,GA,121,sevN=14
GA121,GA,121,sebM=14
GA122,GA,122,sevN=14
GA123,GA,123,sevN=14
GA124,GA,124,sevN=14
GA125,GA,125,sevN=14
GA126,GA,126,sevN=14
GA127,GA,127,sevN=14
GA128,GA,128,sebM=14
GA129,GA,129,sevN=14
GA130,GA,130,sevN=14
GA131,GA,131,sevN=14
GA131,GA,131,se{v}M=14
GA132,GA,132,sevN=14
GA132,GA,132,sebM=14
GA133,GA,133,sevN=14
GA134,GA,134,sebM=14
GA135,GA,135,sevN=14
GA136,GA,136,sevN=14
GA136,GA,136,sebM=14
GA137,GA,137,sevN=14
GA138,GA,138,sebM=14
GA139,GA,139,sevN=14
GA140,GA,140,sevN=14
GA141,GA,141,sevN=14
GA141,GA,141,sebM=14
GA142,GA,142,sevN=14
GA143,GA,143,sevN=14
GA144,GA,144,sevN=14
GA145,GA,145,-
GA146,GA,146,sevN=14
GA147,GA,147,sevN=14
GA147,GA,147,se{v}M=14
GA148,GA,148,sevN=14
GA149,GA,149,sebM=14
GA150,GA,150,se(vI)m
GA151,GA,151,sebM=14
GA151,GA,151,se{v}N=14
GA152,GA,152,sevN=14
GA153,GA,153,sevM=14
GA154,GA,154,sevN=14
GA155,GA,155,sevN=14
GA156,GA,156,sebM=14
GA157,GA,157,sevN=14
GA158,GA,158,sevN=14
GA159,GA,159,sevN=14
GA159,GA,159,se{v}M=14
GA160,GA,160,sevN=14
GA161,GA,161,sevN=14
GA162,GA,162,sevN=14
GA163,GA,163,sevN=14
GA164,GA,164,sevN=14
GA165,GA,165,se(vI)m
GA166,GA,166,se{v}M=14
GA167,GA,167,sevN=14
GA168,GA,168,sevN=14
GA169,GA,169,se(vI)m
GA170,GA,170,se(vI)m
GA170,GA,170,sevN=14
GA171,GA,171,sevN=14
GA172,GA,172,se{v}M=14
GA173,GA,173,sebM=14
GA174,GA,174,sevN=14
GA175,GA,175,sevN=14
GA176,GA,176,sevN=14
GA177,GA,177,sevN=14
GA178,GA,178,sebM=14
GA179,GA,179,sevN=14
GA180,GA,180,sevN=14
GA181,GA,181,-
GA182,GA,182,sevN=14
GA183,GA,183,sevN=14
GA183,GA,183,sebM=14
GA184,GA,184,sivN=14
GA184,GA,184,sebM=14
GA185,GA,185,sevN=14
GA186,GA,186,sevN=14
GA187,GA,187,sebM=14
GA188,GA,188,sevN=14
GA189,GA,189,sevN=14
GA190,GA,190,sevN=14
GA191,GA,191,se{v}N=14
GA192,GA,192,sevN=14
GA193,GA,193,se(vI)m
GA194,GA,194,sevN=14
GA194,GA,194,se(vI)m
GA195,GA,195,-
GA196,GA,196,se(vI)m
GA197,GA,197,sebM=14
GA198,GA,198,sevN=14
GA199,GA,199,sebM=14
GA200,GA,200,sevN=14
GA201,GA,201,sevN=14
GA202,GA,202,sevN=14
GA203,GA,203,sevN=14
GA204,GA,204,sevN=14
GA205,GA,205,sevN=14
GA206,GA,206,sevN=14
GA207,GA,207,sevN=14
GA207,GA,207,sev[N]=14
GA207,GA,207,se(vI)m
GA208,GA,208,sevN=14
GA209,GA,209,sevN=14
GA210,GA,210,sevN=14
GA211,GA,211,sevN=14
GA212,GA,212,sevN=14
GA213,GA,213,sevN=14
GA214,GA,214,sevN=14
GA215,GA,215,sevN=14
GA216,GA,216,sevN=14
GA217,GA,217,sevN=14
GA218,GA,218,sebM=14
GA218,GA,218,se{v}M=14
GA219,GA,219,se(vN)
GA220,GA,220,sevN=14
GA221,GA,221,sevN=14
GA222,GA,222,sebM=14
GA223,GA,223,se(vI)m
GA224,GA,224,sivM=14
GA224,GA,224,sevM=14
GA225,GA,225,sevN=14
FL226,FL,226,sevN=14
FL227,FL,227,sevN=14
FL228,FL,228,sevN=14
FL228,FL,228,se(vI)m
FL229,FL,229,sevN=14
FL230,FL,230,sevN=14
FL231,FL,231,sevN=14
FL232,FL,232,sevN=14
FL233,FL,233,sevN=14
FL234,FL,234,sebM=14
FL235,FL,235,sebM=14
FL236,FL,236,sevN=14
FL236,FL,236,se{v}M=14
FL237,FL,237,se(vI)m
FL238,FL,238,sevN=14
FL239,FL,239,sevN=14
FL240,FL,240,sevN=14
FL241,FL,241,-
FL242,FL,242,sebM=14
FL243,FL,243,sevun=13
FL244,FL,244,-
FL245,FL,245,sevN=14
FL246,FL,246,sebM=14
FL247,FL,247,sevN=14
FL248,FL,248,sevN=14
FL249,FL,249,sevN=14
FL250,FL,250,se(vI)m
FL251,FL,251,sevN=14
FL251,FL,251,sebM=14
FL252,FL,252,sevN=14
FL253,FL,253,sevN=14
FL254,FL,254,sevN=14
FL255,FL,255,sevN=14
FL256,FL,256,sevN=14
FL256,FL,256,se(vI)m
FL257,FL,257,sevN=14
FL258,FL,258,sebM=14
FL259,FL,259,sevN=14
FL260,FL,260,se{v}M=14
FL261,FL,261,sevN=14
FL262,FL,262,se{v}M=14
FL263,FL,263,sevN=14
FL263,FL,263,sebM=14
FL264,FL,264,sevN=14
FL265,FL,265,sebM=14
FL266,FL,266,sevN=14
FL267,FL,267,sevN=14
FL268,FL,268,sevN=14
FL269,FL,269,sevN=14
FL269,FL,269,se{v}N=14
FL270,FL,270,sevN=14
FL271,FL,271,sevN=14
FL272,FL,272,sevN=14
FL273,FL,273,sevN=14
FL274,FL,274,sevN=14
FL275,FL,275,sebM=14
FL276,FL,276,sevN=14
FL277,FL,277,sevN=14
FL277,FL,277,sebN=14
FL278,FL,278,sevN=14
FL279,FL,279,sevN=14
FL280,FL,280,sevN=14
FL281,FL,281,sevN=14
FL282,FL,282,-
FL283,FL,283,sevN=14
FL284,FL,284,sevN=14
FL285,FL,285,sevN=14
FL286,FL,286,sevN=14
FL287,FL,287,sevN=14
FL288,FL,288,tsevN=14
FL289,FL,289,sevN=14
TN290,TN,290,sevN=14
TN291,TN,291,sevN=14
TN292,TN,292,sevN=14
TN293,TN,293,sebM=14
TN294,TN,294,sevN=14
TN295,TN,295,sevN=14
TN295,TN,295,se{v}N=14
TN296,TN,296,sevN=14
TN297,TN,297,sevN=14
TN298,TN,298,sevN=14
TN299,TN,299,sevN=14
TN300,TN,300,sevN=14
TN301,TN,301,sevN=14
TN302,TN,302,sevN=14
TN303,TN,303,sebM=14
TN304,TN,304,sevN=14
TN305,TN,305,-
TN306,TN,306,sevN=14
TN306,TN,306,sebM=14
TN307,TN,307,sevN=14
TN308,TN,308,sevN=14
TN309,TN,309,sevN=14
TN310,TN,310,sevN=14
TN311,TN,311,sevN=14
TN312,TN,312,sevN=14
TN313,TN,313,sevN=14
TN314,TN,314,sevN=14
TN315,TN,315,sevN=14
TN316,TN,316,sevN=14
TN317,TN,317,sevN=14
TN317,TN,317,se{v}M=14
TN318,TN,318,sevN=14
TN318,TN,318,sebM=14
TN319,TN,319,-
TN320,TN,320,sevN=14
TN320,TN,320,sebM=14
TN321,TN,321,sevN=14
TN322,TN,322,sevN=14
TN323,TN,323,sevN=14
TN324,TN,324,sevN=14
TN325,TN,325,sevN=14
TN326,TN,326,sevN=14
TN326,TN,326,sebM=14
TN327,TN,327,sevN=14
TN328,TN,328,sevN=14
TN329,TN,329,sevN=14
TN329,TN,329,sivN=14
TN330,TN,330,sebM=14
TN330,TN,330,se{v}M=14
TN331,TN,331,se{v}N=14
TN332,TN,332,sivN=14
TN332,TN,332,thibM=14
TN332,TN,332,sibM=14
TN333,TN,333,sebN=14
TN333,TN,333,sebM=14
TN334,TN,334,sevN=14
TN335,TN,335,sevN=14
TN336,TN,336,sevN=14
TN336,TN,336,sebM=14
AL337,AL,337,sevN=14
AL338,AL,338,sevN=14
AL339,AL,339,sevN=14
AL340,AL,340,sebM=14
AL341,AL,341,sevN=14
AL341,AL,341,sebM=14
AL342,AL,342,sibM=14
AL343,AL,343,sevN=14
AL344,AL,344,sebM=14
AL345,AL,345,sevN=14
AL346,AL,346,sevN=14
AL347,AL,347,sevN=14
AL348,AL,348,sevN=14
AL349,AL,349,sebM=14
AL350,AL,350,sebM=14
AL351,AL,351,sevN=14
AL351,AL,351,sebM=14
AL352,AL,352,sevN=14
AL353,AL,353,sebM=14
AL354,AL,354,sevN=14
AL355,AL,355,sevN=14
AL356,AL,356,sevN=14
AL357,AL,357,sevN=14
AL358,AL,358,sevN=14
AL359,AL,359,sebM=14
AL359,AL,359,sevN=14
AL360,AL,360,sevN=14
AL361,AL,361,sevN=14
AL362,AL,362,sevN=14
AL363,AL,363,sevN=14
AL364,AL,364,sevN=14
AL364,AL,364,sebM=14
AL365,AL,365,sevN=14
AL366,AL,366,sevN=14
AL367,AL,367,sevN=14
AL368,AL,368,sevN=14
AL369,AL,369,sevN=14
AL370,AL,370,sevN=14
AL371,AL,371,-
AL372,AL,372,sevN=14
AL373,AL,373,sevN=14
AL374,AL,374,sevN=14
AL375,AL,375,sevN=14
AL376,AL,376,se{v}N=14
AL377,AL,377,sevN=14
AL378,AL,378,sevN=14
AL379,AL,379,sevN=14
AL380,AL,380,sevN=14
AL380,AL,380,sebM=14
AL381,AL,381,sevN=14
AL382,AL,382,sevN=14
AL383,AL,383,sevN=14
AL384,AL,384,sevN=14
AL385,AL,385,sevN=14
AL386,AL,386,sevN=14
AL387,AL,387,sevN=14
AL387,AL,387,sebM=14
AL388,AL,388,sevN=14
AL389,AL,389,sevN=14
AL390,AL,390,sevN=14
AL391,AL,391,sevN=14
AL392,AL,392,sevN=14
AL392,AL,392,sebM=14
AL393,AL,393,sevM=14
AL393,AL,393,sevN=14
AL394,AL,394,sevN=14
AL395,AL,395,sevN=14
AL396,AL,396,-
AL397,AL,397,sebM=14
AL398,AL,398,sevN=14
AL399,AL,399,sevN=14
AL400,AL,400,sevN=14
AL401,AL,401,sevN=14
AL402,AL,402,sevN=14
AL402,AL,402,sebM=14
AL403,AL,403,sevN=14
AL403,AL,403,sebM=14
AL404,AL,404,sevN=14
AL404,AL,404,sebM=14
AL405,AL,405,sevN=14
AL406,AL,406,sevN=14
AL407,AL,407,sevN=14
AL408,AL,408,sevN=14
AL409,AL,409,sevN=14
AL409,AL,409,sebM=14
AL410,AL,410,sevN=14
AL411,AL,411,sevN=14
AL411,AL,411,sebM=14
AL412,AL,412,se{v}M=14
AL413,AL,413,sevN=14
AL414,AL,414,sevN=14
AL415,AL,415,sevN=14
AL416,AL,416,sevN=14
AL416,AL,416,sebM=14
AL417,AL,417,sebM=14
AL418,AL,418,sevN=14
AL419,AL,419,sevN=14
AL420,AL,420,sebM=14
AL421,AL,421,sevN=14
AL422,AL,422,se{v}M=14
AL423,AL,423,sevN=14
AL424,AL,424,sevN=14
AL425,AL,425,-
AL426,AL,426,se{v}M=14
AL427,AL,427,sevN=14
AL428,AL,428,sevN=14
AL429,AL,429,sevN=14
AL430,AL,430,sevN=14
AL431,AL,431,se{v}N=14
AL432,AL,432,sevN=14
AL433,AL,433,sevN=14
AL433,AL,433,sebM=14
AL434,AL,434,sevN=14
AL434,AL,434,se{v}M=14
AL435,AL,435,sevN=14
AL435,AL,435,sebM=14
AL436,AL,436,sevN=14
AL437,AL,437,sevN=14
AL438,AL,438,sebM=14
AL439,AL,439,sevN=14
AL440,AL,440,-
AL441,AL,441,se{v}N=14
AL442,AL,442,sevM=14
AL442,AL,442,shaivM=14
AL442,AL,442,shevN=14
AL442,AL,442,sibM=14
AL443,AL,443,sevN=14
AL444,AL,444,-
AL445,AL,445,sevN=14
AL446,AL,446,sevN=14
AL447,AL,447,sebM=14
AL448,AL,448,sevN=14
AL449,AL,449,sebM=14
AL450,AL,450,sevN=14
AL450,AL,450,sebM=14
AL451,AL,451,sevN=14
AL451,AL,451,se{v}M=14
FL452,FL,452,sevN=14
FL453,FL,453,sevN=14
FL454,FL,454,sevN=14
FL455,FL,455,sevN=14
FL456,FL,456,sevN=14
FL457,FL,457,sevN=14
FL458,FL,458,sevN=14
FL459,FL,459,sevN=14
FL460,FL,460,sevN=14
FL461,FL,461,sevN=14
FL462,FL,462,sebM=14
FL463,FL,463,sevN=14
FL464,FL,464,sevN=14
FL464,FL,464,sebM=14
FL464,FL,464,se{v}M=14
FL465,FL,465,se{v}M=14
FL466,FL,466,sevN=14
FL467,FL,467,sevN=14
FL468,FL,468,sebM=14
FL469,FL,469,se{v}M=14
FL470,FL,470,sevN=14
FL471,FL,471,sevN=14
AL472,AL,472,sevN=14
AL472,AL,472,sebM=14
AL473,AL,473,sevN=14
AL474,AL,474,sevN=14
AL475,AL,475,sevN=14
AL476,AL,476,sevN=14
AL477,AL,477,sevN=14
AL478,AL,478,sebM=14
AL479,AL,479,sevN=14
AL480,AL,480,sevN=14
AL481,AL,481,sevN=14
AL482,AL,482,sevN=14
AL483,AL,483,sevN=14
AL484,AL,484,sevN=14
AL485,AL,485,sevN=14
TN486,TN,486,sevN=14
TN487,TN,487,sevN=14
TN488,TN,488,se{v}M=14
TN489,TN,489,sevN=14
TN490,TN,490,sevN=14
TN491,TN,491,-
TN492,TN,492,se(vI)m
TN493,TN,493,sevN=14
TN493,TN,493,sebM=14
TN494,TN,494,sevN=14
TN495,TN,495,sevN=14
TN496,TN,496,sevN=14
TN497,TN,497,sevN=14
TN498,TN,498,sevN=14
TN499,TN,499,sevN=14
TN500,TN,500,sebM=14
TN501,TN,501,sevN=14
TN502,TN,502,sevN=14
TN503,TN,503,sebM=14
TN504,TN,504,sevN=14
TN505,TN,505,sevN=14
TN506,TN,506,sebM=14
TN507,TN,507,sevN=14
TN508,TN,508,sevN=14
TN509,TN,509,sevN=14
TN510,TN,510,sevN=14
TN511,TN,511,sevN=14
TN512,TN,512,sevN=14
TN513,TN,513,sevN=14
TN514,TN,514,sevN=14
TN515,TN,515,sevN=14
TN515,TN,515,sivN=14
TN516,TN,516,sevN=14
TN517,TN,517,sevN=14
TN518,TN,518,sevN=14
TN519,TN,519,sevN=14
MS520,MS,520,sevN=14
MS521,MS,521,sevN=14
MS522,MS,522,sevN=14
MS523,MS,523,sevN=14
MS524,MS,524,sevN=14
MS525,MS,525,sevN=14
MS526,MS,526,sevN=14
MS527,MS,527,sevN=14
MS527,MS,527,se(vI)m
MS528,MS,528,sebM=14
MS529,MS,529,-
MS530,MS,530,se{v}M=14
MS531,MS,531,sibM=14
MS532,MS,532,sevN=14
MS533,MS,533,sevN=14
MS534,MS,534,sebM=14
MS535,MS,535,se{v}N=14
MS535,MS,535,sevN=14
MS536,MS,536,sevN=14
MS537,MS,537,sevN=14
MS538,MS,538,sevN=14
MS538,MS,538,sebM=14
MS539,MS,539,sebM=14
MS540,MS,540,sevN=14
MS540,MS,540,sebM=14
MS541,MS,541,sevN=14
MS542,MS,542,sebM=14
MS543,MS,543,sebM=14
MS544,MS,544,se{v}M=14
MS545,MS,545,sevN=14
MS546,MS,546,sebM=14
MS546,MS,546,sevN=14
MS547,MS,547,sevN=14
MS548,MS,548,sevN=14
MS548,MS,548,sebM=14
MS549,MS,549,sevN=14
MS549,MS,549,se(vI)m
MS550,MS,550,sebM=14
MS551,MS,551,sevN=14
MS551,MS,551,se(vI)m
MS552,MS,552,sevN=14
MS553,MS,553,sevN=14
MS554,MS,554,sebM=14
MS555,MS,555,sevun=13
MS556,MS,556,sevN=14
MS557,MS,557,sevN=14
MS558,MS,558,sevN=14
MS559,MS,559,sebM=14
MS560,MS,560,sebM=14
MS561,MS,561,sevN=14
MS561,MS,561,se{v}M=14
MS562,MS,562,sevN=14
MS563,MS,563,sevN=14
MS564,MS,564,sevN=14
MS565,MS,565,sevN=14
MS565,MS,565,sebM=14
MS566,MS,566,sevN=14
MS567,MS,567,sibM=14
MS568,MS,568,-
MS569,MS,569,sevN=14
MS570,MS,570,sebM=14
MS571,MS,571,sevN=14
MS572,MS,572,sevN=14
MS572,MS,572,sebM=14
MS573,MS,573,sevN=14
MS574,MS,574,sevN=14
MS574,MS,574,sebM=14
MS575,MS,575,sevN=14
MS576,MS,576,sevN=14
MS577,MS,577,sevN=14
MS578,MS,578,se{v}M=14
MS579,MS,579,sevN=14
MS580,MS,580,sebM=14
MS581,MS,581,sevN=14
MS581,MS,581,sebM=14
MS582,MS,582,sebM=14
MS582,MS,582,se{v}M=14
MS583,MS,583,sevN=14
MS583,MS,583,sebM=14
MS584,MS,584,sevN=14
MS585,MS,585,sevN=14
MS585,MS,585,sebM=14
MS586,MS,586,-
MS587,MS,587,sevN=14
MS587,MS,587,sebM=14
MS588,MS,588,sevN=14
MS588,MS,588,sebM=14
MS589,MS,589,sevN=14
MS590,MS,590,sevN=14
MS591,MS,591,sevN=14
MS591,MS,591,sebM=14
MS592,MS,592,sevN=14
MS592,MS,592,sedN=14
MS593,MS,593,sevN=14
MS593,MS,593,sebM=14
MS594,MS,594,sebM=14
MS595,MS,595,sevN=14
MS596,MS,596,sevN=14
MS596,MS,596,sebM=14
MS597,MS,597,sevN=14
MS597,MS,597,sebM=14
MS598,MS,598,sevN=14
MS598,MS,598,sebM=14
MS599,MS,599,sevN=14
MS600,MS,600,sev[N]=14
MS600,MS,600,sivN=14
MS600,MS,600,sivM=14
MS600,MS,600,sivN=14
MS601,MS,601,sevN=14
MS602,MS,602,sevN=14
MS603,MS,603,-
MS604,MS,604,sebM=14
MS605,MS,605,sevN=14
MS606,MS,606,sevN=14
MS606,MS,606,sebM=14
MS607,MS,607,sevN=14
MS608,MS,608,sevN=14
MS608,MS,608,sebM=14
MS609,MS,609,sevN=14
MS610,MS,610,sivN=14
MS611,MS,611,sevN=14
MS611,MS,611,sivN=14
MS612,MS,612,sevN=14
MS612,MS,612,sebM=14
MS613,MS,613,sevN=14
MS614,MS,614,sevN=14
MS615,MS,615,sevN=14
MS616,MS,616,sevN=14
MS616,MS,616,sebM=14
MS617,MS,617,sevN=14
MS618,MS,618,sevN=14
MS619,MS,619,sevN=14
MS619,MS,619,se{v}M=14
MS619,MS,619,sebM=14
MS620,MS,620,sevN=14
MS621,MS,621,sebM=14
MS622,MS,622,sevN=14
MS623,MS,623,sebM=14
MS624,MS,624,sevN=14
MS625,MS,625,sevN=14
MS625,MS,625,se(vI)m
MS626,MS,626,sebM=14
MS627,MS,627,se{v}M=14
MS628,MS,628,sevN=14
MS629,MS,629,sevN=14
LA630,LA,630,sevN=14
LA631,LA,631,sevN=14
LA632,LA,632,sebM=14
LA633,LA,633,sevN=14
LA634,LA,634,sevN=14
LA634,LA,634,sebM=14
LA635,LA,635,sevN=14
LA636,LA,636,se{v}M=14
LA637,LA,637,sevN=14
LA638,LA,638,sebM=14
LA639,LA,639,se{v}M=14
LA640,LA,640,sevN=14
LA640,LA,640,sebM=14
LA641,LA,641,sevN=14
LA641,LA,641,se(vI)m
LA642,LA,642,sebM=14
LA643,LA,643,sevN=14
LA644,LA,644,sevN=14
LA645,LA,645,sevN=14
LA646,LA,646,se(vI)m
LA647,LA,647,sevN=14
LA648,LA,648,sev[N]=14
LA649,LA,649,sevN=14
LA650,LA,650,sevN=14
LA650,LA,650,se{v}M=14
LA651,LA,651,sevN=14
LA652,LA,652,sevN=14
LA653,LA,653,sevN=14
LA654,LA,654,sevN=14
LA655,LA,655,sevN=14
LA656,LA,656,sevN=14
LA657,LA,657,sevN=14
LA657X,LA,657X,sevN=14
LA657Y,LA,657Y,sevN=14
LA657Z,LA,657Z,sevN=14
LA658,LA,658,sevN=14
LA659,LA,659,-
LA660,LA,660,sevN=14
LA661,LA,661,sevM=14
LA661,LA,661,sevN=14
LA661,LA,661,sevId=14
LA662,LA,662,sevN=14
LA663,LA,663,sebM=14
LA664,LA,664,sevN=14
LA664,LA,664,sebM=14
LA665,LA,665,sebM=14
LA666,LA,666,sevN=14
LA666,LA,666,sebM=14
LA667,LA,667,sebM=14
LA667,LA,667,sevN=14
LA668,LA,668,sevN=14
LA669,LA,669,sevN=14
LA670,LA,670,sevN=14
LA671,LA,671,sevN=14
LA672,LA,672,sevN=14
LA672,LA,672,se(vI)m
LA673,LA,673,sevN=14
AR674,AR,674,sevN=14
AR674,AR,674,sebM=14
AR675,AR,675,sevN=14
AR676,AR,676,sevN=14
AR676,AR,676,se{v}N=14
AR677,AR,677,sevN=14
AR678,AR,678,sevN=14
AR679,AR,679,sevN=14
AR679,AR,679,theven=13
AR680,AR,680,sevN=14
AR681,AR,681,sevN=14
AR681,AR,681,sebM=14
AR682,AR,682,sevN=14
AR683,AR,683,sevN=14
AR684,AR,684,sebM=14
AR685,AR,685,sevN=14
AR685,AR,685,sebM=14
AR686,AR,686,sebM=14
AR687,AR,687,sevN=14
AR688,AR,688,sevN=14
AR688,AR,688,se{v}M=14
AR689,AR,689,sevN=14
AR690,AR,690,sevN=14
AR691,AR,691,sevN=14
AR692,AR,692,sevN=14
AR692,AR,692,se{v}M=14
AR693,AR,693,sevN=14
AR694,AR,694,sevN=14
AR694,AR,694,sebM=14
AR695,AR,695,sevN=14
AR696,AR,696,sevN=14
AR697,AR,697,se{v}M=14
AR698,AR,698,sevN=14
AR699,AR,699,sevN=14
AR700,AR,700,sevN=14
AR701,AR,701,sevN=14
AR701,AR,701,sebM=14
AR702,AR,702,sebM=14
AR703,AR,703,sevN=14
AR703,AR,703,sebM=14
AR704,AR,704,sevN=14
AR705,AR,705,sevN=14
AR705,AR,705,sebM=14
AR706,AR,706,sevN=14
AR707,AR,707,sevN=14
AR708,AR,708,sevN=14
AR709,AR,709,sevN=14
AR710,AR,710,sevN=14
AR711,AR,711,sevN=14
AR711,AR,711,se{v}M=14
AR712,AR,712,sevN=14
AR713,AR,713,sevN=14
AR714,AR,714,sevN=14
AR715,AR,715,sebM=14
AR716,AR,716,sevN=14
AR716,AR,716,se{v}M=14
AR717,AR,717,se{v}M=14
AR718,AR,718,sevN=14
AR719,AR,719,sevN=14
AR720,AR,720,sevN=14
AR721,AR,721,sevN=14
AR722,AR,722,se{v}M=14
AR723,AR,723,sebM=14
AR724,AR,724,sebM=14
AR725,AR,725,sevN=14
AR726,AR,726,sevN=14
AR727,AR,727,sebM=14
AR728,AR,728,sebM=14
AR729,AR,729,sevN=14
AR730,AR,730,sevN=14
AR730,AR,730,sebM=14
AR731,AR,731,sevN=14
AR732,AR,732,sevN=14
AR733,AR,733,sevN=14
AR733,AR,733,sebM=14
AR734,AR,734,-
AR735,AR,735,sevN=14
AR736,AR,736,sevN=14
AR737,AR,737,sebM=14
AR738,AR,738,sevN=14
AR739,AR,739,sevN=14
AR740,AR,740,sevN=14
AR741,AR,741,sevN=14
AR742,AR,742,se{v}M=14
AR743,AR,743,sebM=14
AR744,AR,744,sebM=14
AR745,AR,745,se{v}M=14
AR746,AR,746,sevN=14
AR747,AR,747,sebM=14
AR748,AR,748,sebM=14
AR749,AR,749,sevN=14
AR750,AR,750,sevN=14
AR751,AR,751,sevN=14
AR751,AR,751,se(vI)m
AR752,AR,752,sevN=14
AR752,AR,752,sebM=14
AR753,AR,753,sevN=14
AR754,AR,754,se{v}M=14
AR755,AR,755,sevN=14
AR755,AR,755,sebM=14
LA756,LA,756,sevN=14
LA756,LA,756,se{v}M=14
LA757,LA,757,sevN=14
LA757,LA,757,sebM=14
LA757,LA,757,se{v}M=14
LA758,LA,758,sevN=14
LA759,LA,759,-
LA760,LA,760,sevN=14
LA760,LA,760,sebM=14
LA761,LA,761,sevN=14
LA762,LA,762,se(vI)m
LA763,LA,763,sevN=14
LA763,LA,763,sebM=14
LA764,LA,764,sebM=14
LA764,LA,764,se{v}M=14
LA765,LA,765,sevN=14
LA766,LA,766,sevN=14
LA767,LA,767,sevN=14
LA768,LA,768,sevN=14
LA769,LA,769,sevN=14
LA770,LA,770,sevN=14
LA771,LA,771,sevN=14
LA772,LA,772,sevN=14
LA772,LA,772,sebM=14
LA773,LA,773,sevN=14
LA774,LA,774,se{v}M=14
LA774,LA,774,se{v}N=14
LA775,LA,775,sebM=14
LA776,LA,776,sevN=14
LA777,LA,777,sevN=14
LA778,LA,778,sevN=14
LA779,LA,779,sevN=14
LA780,LA,780,sevN=14
LA781,LA,781,sebM=14
LA782,LA,782,sevN=14
LA783,LA,783,sevN=14
LA783,LA,783,sebM=14
LA784,LA,784,sebN=14
LA784,LA,784,sevN=14
LA785,LA,785,sevN=14
LA786,LA,786,sevN=14
LA786,LA,786,sebM=14
LA787,LA,787,sevN=14
LA788,LA,788,sevN=14
LA789,LA,789,sevN=14
LA789,LA,789,sebM=14
LA790,LA,790,sevN=14
LA790,LA,790,sebM=14
LA791,LA,791,sevN=14
LA792,LA,792,sevN=14
LA792,LA,792,se(vI)m
LA793,LA,793,-
LA794,LA,794,sevN=14
LA795,LA,795,sevN=14
LA795,LA,795,sebM=14
LA796,LA,796,sevN=14
LA797,LA,797,sevM=14
LA798,LA,798,sevN=14
LA799,LA,799,sevN=14
LA800,LA,800,sebM=14
LA801,LA,801,sevN=14
LA802,LA,802,sevN=14
LA803,LA,803,sebM=14
LA804,LA,804,sevN=14
LA805,LA,805,sevN=14
LA806,LA,806,sevN=14
LA807,LA,807,sevN=14
LA808,LA,808,sevN=14
LA809,LA,809,sevN=14
LA810,LA,810,sevN=14
LA810,LA,810,sebM=14
LA811,LA,811,sevN=14
LA812,LA,812,sebM=14
LA813,LA,813,sevN=14
LA814,LA,814,sevN=14
LA815,LA,815,sevN=14
LA816,LA,816,sevN=14
LA817,LA,817,sevN=14
TX818,TX,818,sevN=14
TX818,TX,818,sebM=14
TX819,TX,819,sevN=14
TX819,TX,819,sebM=14
TX820,TX,820,sevN=14
TX821,TX,821,sevN=14
TX822,TX,822,sevN=14
TX823,TX,823,se{v}M=14
TX824,TX,824,sevM=14
TX824,TX,824,sevN=14
TX825,TX,825,sevN=14
TX825,TX,825,sebM=14
TX826,TX,826,sevN=14
TX827,TX,827,sevN=14
TX828,TX,828,sevN=14
TX829,TX,829,sevN=14
TX830,TX,830,sevN=14
TX831,TX,831,sevN=14
TX832,TX,832,sebM=14
TX833,TX,833,sevN=14
TX834,TX,834,sevN=14
TX834,TX,834,sebM=14
TX835,TX,835,sevN=14
TX835,TX,835,se{v}M=14
TX836,TX,836,sevN=14
TX837,TX,837,sevN=14
TX838,TX,838,sevN=14
TX839,TX,839,sevN=14
TX840,TX,840,sevN=14
TX841,TX,841,-
TX842,TX,842,sevN=14
TX843,TX,843,sevN=14
TX844,TX,844,sevN=14
TX844,TX,844,sevM=14
TX845,TX,845,-
TX846,TX,846,sevN=14
TX847,TX,847,-
TX848,TX,848,sevN=14
TX848,TX,848,sebM=14
TX849,TX,849,sebM=14
TX850,TX,850,sevN=14
TX850,TX,850,sebM=14
TX851,TX,851,sevN=14
TX852,TX,852,sevN=14
TX853,TX,853,sebM=14
TX854,TX,854,sevN=14
TX854,TX,854,sebM=14
TX855,TX,855,se(vI)m
TX856,TX,856,sebM=14
TX857,TX,857,sevN=14
TX857,TX,857,sevin=13
TX858,TX,858,sebM=14
TX858,TX,858,se{v}N=14
TX859,TX,859,sevN=14
TX860,TX,860,sevN=14
TX861,TX,861,sevN=14
TX862,TX,862,sevN=14
TX863,TX,863,sevN=14
TX864,TX,864,sevN=14
TX864,TX,864,se{v}N=14
TX865,TX,865,sevN=14
TX865,TX,865,sebM=14
TX866,TX,866,sevN=14
TX867,TX,867,sevN=14
TX868,TX,868,sevN=14
TX868,TX,868,sebM=14
TX869,TX,869,sevN=14
TX870,TX,870,sevN=14
TX871,TX,871,se{v}N=14
TX872,TX,872,sevN=14
TX873,TX,873,sebM=14
TX874,TX,874,sevN=14
TX875,TX,875,sevN=14
TX876,TX,876,sevN=14
TX877,TX,877,sevN=14
TX878,TX,878,sevN=14
TX879,TX,879,sevN=14
TX880,TX,880,sevN=14
TX880,TX,880,sebM=14
TX881,TX,881,-
TX882,TX,882,sevN=14
TX882,TX,882,sebM=14
TX883,TX,883,sevN=14
TX883,TX,883,sebM=14
TX884,TX,884,sebM=14
TX885,TX,885,sevN=14
TX886,TX,886,sevN=14
TX887,TX,887,sevN=14
TX888,TX,888,sevN=14
TX889,TX,889,sevN=14
TX890,TX,890,sevN=14
TX891,TX,891,sevN=14
TX892,TX,892,sevN=14
TX892,TX,892,se(vI)m
TX893,TX,893,sevN=14
TX894,TX,894,sevN=14
TX895,TX,895,sevN=14
TX896,TX,896,sevN=14
TX897,TX,897,sevN=14
TX898,TX,898,sevN=14
TX899,TX,899,sevN=14
TX900,TX,900,sevN=14
TX900,TX,900,se{v}N=14
TX901,TX,901,sevN=14
TX902,TX,902,sevN=14
TX902,TX,902,se(vI)m
TX903,TX,903,sevN=14
TX904,TX,904,sebM=14
TX905,TX,905,sevN=14
TX906,TX,906,sevN=14
TX907,TX,907,sevN=14
TX908,TX,908,sevN=14
TX909,TX,909,sevN=14
TX910,TX,910,sevN=14
TX911,TX,911,se{v}M=14
