Informant,State,Informant number,Response
TN001,TN,001,ten
TN002,TN,002,ten
TN003,TN,003,ten
TN004,TN,004,tin
TN005,TN,005,ten
TN006,TN,006,ten
TN007,TN,007,ten
TN008,TN,008,ten
TN009,TN,009,ten
TN010,TN,010,tan
TN011,TN,011,ten
TN012,TN,012,ten
TN013,TN,013,ten
TN014,TN,014,ten
TN015,TN,015,ten
TN016,TN,016,ten
TN017,TN,017,ten
TN018,TN,018,tin
TN019,TN,019,ten
TN020,TN,020,ten
TN021,TN,021,ten
TN022,TN,022,ten
TN023,TN,023,ten
TN024,TN,024,ten
TN025,TN,025,ten
TN026,TN,026,ten
TN027,TN,027,ten
TN028,TN,028,ten
TN029,TN,029,ten
TN030,TN,030,ten
TN030,TN,030,tin
TN031,TN,031,ten
TN032,TN,032,ten
TN033,TN,033,tin
TN034,TN,034,ten
TN035,TN,035,ten
TN036,TN,036,ten
TN037,TN,037,ten
TN038,TN,038,ten
TN039,TN,039,tin
TN040,TN,040,tin
TN041,TN,041,ten
TN042,TN,042,ten
TN043,TN,043,ten
TN044,TN,044,ten
TN045,TN,045,ten
TN046,TN,046,ten
TN046,TN,046,tin
TN047,TN,047,tin
TN048,TN,048,ten
TN049,TN,049,ten
TN050,TN,050,ten
TN051,TN,051,tin
TN052,TN,052,ten
TN053,TN,053,ten
TN054,TN,054,ten
TN055,TN,055,tin
TN056,TN,056,tin
TN057,TN,057,ten
TN057,TN,057,tin
TN058,TN,058,tin
TN059,TN,059,tin
TN060,TN,060,tin
GA061,GA,061,ten
GA062,GA,062,ten
GA063,GA,063,ten
GA064,GA,064,ten
GA065,GA,065,ten
GA066,GA,066,ten
GA067,GA,067,ten
GA068,GA,068,ten
GA069,GA,069,tin
GA070,GA,070,tin
GA071,GA,071,ten
GA072,GA,072,ten
GA073,GA,073,tin
GA074,GA,074,tin
GA075,GA,075,tin
GA076,GA,076,ten
GA077,GA,077,tin
GA078,GA,078,tin
GA079,GA,079,ten
GA080,GA,080,ten
GA081,GA,081,ten
GA082,GA,082,ten
GA083,GA,083,ten
GA084,GA,084,tin
GA085,GA,085,tin
GA086,GA,086,ten
GA087,GA,087,tin
GA088,GA,088,ten
GA089,GA,089,tin
GA090,GA,090,tin
GA091,GA,091,tin
GA092,GA,092,-
GA093,GA,093,tin
GA094,GA,094,tin
GA095,GA,095,tin
GA096,GA,096,tin
GA097,GA,097,tin
GA098,GA,098,ten
GA098,GA,098,tin
GA099,GA,099,tin
GA100,GA,100,tin
GA101,GA,101,tin
GA102,GA,102,ten
GA103,GA,103,ten
GA103,GA,103,tin
GA104,GA,104,ten
GA105,GA,105,ten
GA106,GA,106,ten
GA107,GA,107,ten
GA108,GA,108,ten
GA109,GA,109,tin
GA110,GA,110,tin
GA111,GA,111,tin
GA112,GA,112,ten
GA113,GA,113,ten
GA114,GA,114,ten
GA115,GA,115,ten
GA116,GA,116,ten
GA117,GA,117,ten
GA118,GA,118,tin
GA119,GA,119,tin
GA120,GA,120,ten
GA121,GA,121,ten
GA122,GA,122,tin
GA123,GA,123,ten
GA124,GA,124,tin
GA125,GA,125,ten
GA126,GA,126,ten
GA127,GA,127,ten
GA128,GA,128,tin
GA129,GA,129,tin
GA130,GA,130,tin
GA131,GA,131,ten
GA132,GA,132,ten
GA133,GA,133,tin
GA134,GA,134,ten
GA134,GA,134,tin
GA135,GA,135,ten
GA136,GA,136,tin
GA137,GA,137,tin
GA138,GA,138,tin
GA139,GA,139,tin
GA140,GA,140,tin
GA141,GA,141,tin
GA142,GA,142,ten
GA143,GA,143,tin
GA144,GA,144,tin
GA145,GA,145,ten
GA146,GA,146,ten
GA147,GA,147,ten
GA148,GA,148,ten
GA149,GA,149,-
GA150,GA,150,ten
GA151,GA,151,tin
GA152,GA,152,tin
GA153,GA,153,ten
GA154,GA,154,ten
GA155,GA,155,ten
GA156,GA,156,ten
GA157,GA,157,tin
GA158,GA,158,ten
GA158,GA,158,tin
GA159,GA,159,tin
GA160,GA,160,ten
GA161,GA,161,ten
GA162,GA,162,ten
GA163,GA,163,ten
GA163,GA,163,tin
GA164,GA,164,tin
GA165,GA,165,-
GA166,GA,166,ten
GA167,GA,167,ten
GA168,GA,168,tin
GA169,GA,169,-
GA170,GA,170,ten
GA171,GA,171,tin
GA172,GA,172,tin
GA173,GA,173,tin
GA174,GA,174,ten
GA175,GA,175,ten
GA175,GA,175,tin
GA176,GA,176,ten
GA177,GA,177,ten
GA178,GA,178,ten
GA179,GA,179,ten
GA180,GA,180,ten
GA181,GA,181,-
GA182,GA,182,tin
GA183,GA,183,tin
GA184,GA,184,tin
GA185,GA,185,ten
GA186,GA,186,ten
GA187,GA,187,ten
GA187,GA,187,tin
GA188,GA,188,ten
GA189,GA,189,tin
GA190,GA,190,ten
GA191,GA,191,ten
GA192,GA,192,tin
GA193,GA,193,ten
GA194,GA,194,ten
GA195,GA,195,ten
GA196,GA,196,ten
GA197,GA,197,ten
GA198,GA,198,ten
GA199,GA,199,ten
GA199,GA,199,tin
GA200,GA,200,tin
GA201,GA,201,ten
GA202,GA,202,tin
GA203,GA,203,tin
GA204,GA,204,tin
GA205,GA,205,tin
GA206,GA,206,ten
GA207,GA,207,tin
GA208,GA,208,tin
GA209,GA,209,tin
GA210,GA,210,ten
GA211,GA,211,tin
GA212,GA,212,tin
GA213,GA,213,ten
GA214,GA,214,ten
GA215,GA,215,ten
GA216,GA,216,tin
GA217,GA,217,ten
GA218,GA,218,tin
GA219,GA,219,tin
GA220,GA,220,tin
GA221,GA,221,ten
GA222,GA,222,tin
GA223,GA,223,ten
GA224,GA,224,ten
GA224,GA,224,tin
GA225,GA,225,ten
FL226,FL,226,ten
FL227,FL,227,tin
FL228,FL,228,ten
FL229,FL,229,tin
FL230,FL,230,ten
FL231,FL,231,tin
FL232,FL,232,tin
FL233,FL,233,ten
FL233,FL,233,tin
FL234,FL,234,ten
FL235,FL,235,tin
FL236,FL,236,tin
FL237,FL,237,ten
FL238,FL,238,ten
FL238,FL,238,tin
FL239,FL,239,tin
FL240,FL,240,tin
FL241,FL,241,-
FL242,FL,242,ten
FL242,FL,242,tin
FL243,FL,243,tin
FL244,FL,244,ten
FL245,FL,245,ten
FL246,FL,246,ten
FL247,FL,247,tin
FL248,FL,248,ten
FL249,FL,249,tin
FL250,FL,250,ten
FL251,FL,251,ten
FL252,FL,252,ten
FL253,FL,253,tin
FL254,FL,254,ten
FL255,FL,255,ten
FL256,FL,256,ten
FL257,FL,257,ten
FL258,FL,258,ten
FL259,FL,259,ten
FL260,FL,260,tin
FL261,FL,261,ten
FL262,FL,262,tin
FL263,FL,263,ten
FL264,FL,264,tin
FL265,FL,265,ten
FL266,FL,266,tin
FL267,FL,267,ten
FL268,FL,268,-
FL269,FL,269,ten
FL270,FL,270,tin
FL271,FL,271,ten
FL272,FL,272,tin
FL273,FL,273,tin
FL274,FL,274,ten
FL275,FL,275,ten
FL276,FL,276,ten
FL277,FL,277,ten
FL278,FL,278,ten
FL279,FL,279,tin
FL280,FL,280,ten
FL281,FL,281,ten
FL282,FL,282,ten
FL283,FL,283,tin
FL284,FL,284,ten
FL285,FL,285,ten
FL286,FL,286,ten
FL287,FL,287,ten
FL288,FL,288,ten
FL289,FL,289,ten
TN290,TN,290,ten
TN291,TN,291,tin
TN292,TN,292,ten
TN293,TN,293,ten
TN294,TN,294,tin
TN295,TN,295,ten
TN296,TN,296,ten
TN297,TN,297,tin
TN298,TN,298,ten
TN299,TN,299,tin
TN300,TN,300,tin
TN301,TN,301,ten
TN302,TN,302,ten
TN303,TN,303,ten
TN304,TN,304,ten
TN305,TN,305,-
TN306,TN,306,tin
TN307,TN,307,tin
TN308,TN,308,tin
TN309,TN,309,ten
TN310,TN,310,ten
TN311,TN,311,tin
TN312,TN,312,ten
TN313,TN,313,ten
TN314,TN,314,tin
TN315,TN,315,ten
TN316,TN,316,tin
TN317,TN,317,tin
TN318,TN,318,ten
TN319,TN,319,tin
TN320,TN,320,ten
TN321,TN,321,ten
TN322,TN,322,ten
TN323,TN,323,ten
TN324,TN,324,tin
TN325,TN,325,ten
TN326,TN,326,ten
TN327,TN,327,ten
TN328,TN,328,tin
TN329,TN,329,tin
TN330,TN,330,ten
TN331,TN,331,ten
TN332,TN,332,tin
TN333,TN,333,ten
TN334,TN,334,tin
TN335,TN,335,ten
TN336,TN,336,ten
AL337,AL,337,tin
AL338,AL,338,ten
AL338,AL,338,tin
AL339,AL,339,ten
AL340,AL,340,tin
AL341,AL,341,ten
AL342,AL,342,tin
AL343,AL,343,tin
AL344,AL,344,ten
AL344,AL,344,tin
AL345,AL,345,ten
AL345,AL,345,tin
AL346,AL,346,tin
AL347,AL,347,tin
AL348,AL,348,ten
AL349,AL,349,ten
AL350,AL,350,tin
AL351,AL,351,tin
AL352,AL,352,tin
AL353,AL,353,tin
AL354,AL,354,ten
AL355,AL,355,tin
AL356,AL,356,tin
AL357,AL,357,ten
AL357,AL,357,tin
AL358,AL,358,tin
AL359,AL,359,tin
AL360,AL,360,tin
AL361,AL,361,tin
AL362,AL,362,tin
AL363,AL,363,ten
AL363,AL,363,tin
AL364,AL,364,tin
AL365,AL,365,ten
AL366,AL,366,tin
AL367,AL,367,ten
AL368,AL,368,tin
AL369,AL,369,tin
AL370,AL,370,-
AL371,AL,371,tin
AL372,AL,372,tin
AL373,AL,373,tin
AL374,AL,374,tin
AL375,AL,375,ten
AL376,AL,376,tin
AL377,AL,377,tin
AL378,AL,378,ten
AL379,AL,379,-
AL380,AL,380,ten
AL381,AL,381,tin
AL382,AL,382,ten
AL383,AL,383,ten
AL384,AL,384,tin
AL385,AL,385,ten
AL386,AL,386,ten
AL387,AL,387,ten
AL387,AL,387,tin
AL388,AL,388,tin
AL389,AL,389,tin
AL390,AL,390,tin
AL391,AL,391,tin
AL392,AL,392,ten
AL393,AL,393,tin
AL394,AL,394,ten
AL395,AL,395,ten
AL396,AL,396,-
AL397,AL,397,tin
AL398,AL,398,tin
AL399,AL,399,tin
AL400,AL,400,tin
AL401,AL,401,tin
AL401,AL,401,ti[n]
AL402,AL,402,ten
AL403,AL,403,ten
AL403,AL,403,tin
AL404,AL,404,tin
AL405,AL,405,tin
AL406,AL,406,tin
AL407,AL,407,ten
AL408,AL,408,tin
AL409,AL,409,tin
AL410,AL,410,tin
AL411,AL,411,tin
AL412,AL,412,ten
AL413,AL,413,ten
AL414,AL,414,ten
AL414,AL,414,tin
AL415,AL,415,tin
AL416,AL,416,tin
AL417,AL,417,tin
AL418,AL,418,ten
AL419,AL,419,ten
AL420,AL,420,tin
AL421,AL,421,tin
AL422,AL,422,ten
AL423,AL,423,tin
AL424,AL,424,tin
AL425,AL,425,ten
AL426,AL,426,ten
AL427,AL,427,tin
AL428,AL,428,tin
AL429,AL,429,tin
AL430,AL,430,ten
AL431,AL,431,tin
AL432,AL,432,tin
AL433,AL,433,tin
AL434,AL,434,ten
AL435,AL,435,ten
AL436,AL,436,tin
AL437,AL,437,ten
AL438,AL,438,ten
AL439,AL,439,tin
AL440,AL,440,-
AL441,AL,441,tin
AL442,AL,442,ten
AL442,AL,442,tin
AL443,AL,443,tin
AL444,AL,444,ten
AL445,AL,445,tin
AL446,AL,446,ten
AL446,AL,446,tin
AL447,AL,447,ten
AL448,AL,448,tin
AL449,AL,449,ten
AL450,AL,450,ten
AL450,AL,450,tin
AL451,AL,451,ten
FL452,FL,452,tin
FL453,FL,453,tin
FL454,FL,454,ten
FL455,FL,455,tin
FL456,FL,456,ten
FL457,FL,457,ten
FL458,FL,458,tin
FL459,FL,459,-
FL460,FL,460,ten
FL461,FL,461,tin
FL462,FL,462,tin
FL463,FL,463,ten
FL464,FL,464,ten
FL465,FL,465,ten
FL466,FL,466,tin
FL467,FL,467,ten
FL468,FL,468,tin
FL469,FL,469,ten
FL470,FL,470,ten
FL471,FL,471,tin
FL471,FL,471,ti[n]
AL472,AL,472,ten
AL472,AL,472,tin
AL473,AL,473,tin
AL474,AL,474,ten
AL475,AL,475,ten
AL476,AL,476,tin
AL477,AL,477,tin
AL478,AL,478,tin
AL479,AL,479,tin
AL480,AL,480,ten
AL480,AL,480,tin
AL481,AL,481,ten
AL481,AL,481,tin
AL482,AL,482,ten
AL483,AL,483,tin
AL484,AL,484,tin
AL485,AL,485,tin
TN486,TN,486,ten
TN487,TN,487,ten
TN488,TN,488,tin
TN489,TN,489,ten
TN490,TN,490,ten
TN491,TN,491,ten
TN492,TN,492,tin
TN493,TN,493,ten
TN494,TN,494,tin
TN495,TN,495,ten
TN495,TN,495,tin
TN496,TN,496,ten
TN497,TN,497,ten
TN498,TN,498,tin
TN499,TN,499,ten
TN500,TN,500,ten
TN501,TN,501,tin
TN502,TN,502,tin
TN503,TN,503,ten
TN504,TN,504,tin
TN505,TN,505,ten
TN506,TN,506,tin
TN507,TN,507,ten
TN508,TN,508,ten
TN509,TN,509,ten
TN510,TN,510,tin
TN511,TN,511,tin
TN512,TN,512,ten
TN513,TN,513,ten
TN514,TN,514,tain
TN515,TN,515,tin
TN516,TN,516,tin
TN517,TN,517,tin
TN518,TN,518,tin
TN519,TN,519,ten
MS520,MS,520,ten
MS521,MS,521,ten
MS522,MS,522,tin
MS523,MS,523,tin
MS524,MS,524,tin
MS525,MS,525,tin
MS526,MS,526,ten
MS527,MS,527,tin
MS528,MS,528,ten
MS529,MS,529,-
MS530,MS,530,tin
MS531,MS,531,tin
MS532,MS,532,tin
MS533,MS,533,tin
MS534,MS,534,tin
MS535,MS,535,ten
MS535,MS,535,tin
MS536,MS,536,ten
MS537,MS,537,ten
MS538,MS,538,tin
MS539,MS,539,ten
MS540,MS,540,ten
MS541,MS,541,tin
MS542,MS,542,ten
MS543,MS,543,ten
MS544,MS,544,tin
MS545,MS,545,tin
MS546,MS,546,tin
MS547,MS,547,tin
MS548,MS,548,ten
MS548,MS,548,tin
MS549,MS,549,ten
MS550,MS,550,-
MS551,MS,551,ten
MS552,MS,552,ten
MS553,MS,553,-
MS554,MS,554,ten
MS555,MS,555,ten
MS556,MS,556,ten
MS557,MS,557,tin
MS558,MS,558,tin
MS559,MS,559,tin
MS560,MS,560,tin
MS561,MS,561,ten
MS562,MS,562,ten
MS563,MS,563,ten
MS563,MS,563,tin
MS564,MS,564,ten
MS564,MS,564,tin
MS565,MS,565,tin
MS566,MS,566,tin
MS567,MS,567,ten
MS568,MS,568,ten
MS569,MS,569,tin
MS570,MS,570,tin
MS571,MS,571,ten
MS571,MS,571,tin
MS572,MS,572,tin
MS573,MS,573,ten
MS573,MS,573,tin
MS574,MS,574,ten
MS575,MS,575,ten
MS576,MS,576,tin
MS577,MS,577,ten
MS578,MS,578,ten
MS579,MS,579,ten
MS580,MS,580,tin
MS581,MS,581,ten
MS581,MS,581,tin
MS582,MS,582,ten
MS583,MS,583,ten
MS584,MS,584,ten
MS585,MS,585,ten
MS586,MS,586,ten
MS586,MS,586,tin
MS587,MS,587,tin
MS588,MS,588,tin
MS589,MS,589,tin
MS590,MS,590,ten
MS591,MS,591,tin
MS592,MS,592,ten
MS593,MS,593,ten
MS594,MS,594,ten
MS595,MS,595,ten
MS596,MS,596,tin
MS597,MS,597,ten
MS598,MS,598,tin
MS599,MS,599,ten
MS600,MS,600,tin
MS601,MS,601,tin
MS602,MS,602,tin
MS603,MS,603,ten
MS604,MS,604,tin
MS605,MS,605,tin
MS606,MS,606,tin
MS607,MS,607,ten
MS608,MS,608,ten
MS608,MS,608,tin
MS609,MS,609,tin
MS610,MS,610,tin
MS611,MS,611,ten
MS612,MS,612,tin
MS613,MS,613,ten
MS613,MS,613,tin
MS614,MS,614,tin
MS615,MS,615,ten
MS616,MS,616,ten
MS616,MS,616,tin
MS617,MS,617,ten
MS617,MS,617,tin
MS618,MS,618,ten
MS619,MS,619,ten
MS620,MS,620,tin
MS621,MS,621,ten
MS622,MS,622,ten
MS623,MS,623,tin
MS624,MS,624,ten
MS625,MS,625,ten
MS626,MS,626,ten
MS627,MS,627,ten
MS628,MS,628,tin
MS629,MS,629,tin
LA630,LA,630,ten
LA630,LA,630,tin
LA631,LA,631,ten
LA632,LA,632,ten
LA633,LA,633,tin
LA634,LA,634,tin
LA635,LA,635,tin
LA636,LA,636,tin
LA637,LA,637,ten
LA638,LA,638,tin
LA639,LA,639,ten
LA640,LA,640,tin
LA641,LA,641,ten
LA641,LA,641,tin
LA642,LA,642,ten
LA643,LA,643,tin
LA644,LA,644,ten
LA645,LA,645,ten
LA646,LA,646,ten
LA647,LA,647,te[n]
LA648,LA,648,ten
LA649,LA,649,ten
LA650,LA,650,ten
LA651,LA,651,ten
LA652,LA,652,ten
LA653,LA,653,ten
LA654,LA,654,ten
LA654,LA,654,tin
LA655,LA,655,ten
LA656,LA,656,ten
LA657,LA,657,ten
LA657X,LA,657X,ten
LA657Y,LA,657Y,ten
LA657Z,LA,657Z,ten
LA658,LA,658,tan
LA658,LA,658,ten
LA659,LA,659,ten
LA660,LA,660,tin
LA661,LA,661,tin
LA662,LA,662,ten
LA663,LA,663,ten
LA664,LA,664,tin
LA665,LA,665,ten
LA665,LA,665,tin
LA666,LA,666,ten
LA667,LA,667,ten
LA668,LA,668,ten
LA668,LA,668,tin
LA669,LA,669,tin
LA670,LA,670,ten
LA671,LA,671,tin
LA672,LA,672,ten
LA673,LA,673,ten
AR674,AR,674,ten
AR675,AR,675,ten
AR675,AR,675,tain
AR676,AR,676,-
AR677,AR,677,tin
AR678,AR,678,ten
AR679,AR,679,tin
AR680,AR,680,ten
AR680,AR,680,tin
AR681,AR,681,ten
AR681,AR,681,tin
AR682,AR,682,tin
AR683,AR,683,tin
AR684,AR,684,ten
AR685,AR,685,tin
AR686,AR,686,ten
AR687,AR,687,tin
AR688,AR,688,ten
AR688,AR,688,tin
AR689,AR,689,ten
AR690,AR,690,ten
AR691,AR,691,tin
AR692,AR,692,ten
AR693,AR,693,ten
AR694,AR,694,ten
AR695,AR,695,tin
AR696,AR,696,ten
AR697,AR,697,-
AR698,AR,698,tin
AR699,AR,699,ten
AR700,AR,700,ten
AR700,AR,700,tin
AR701,AR,701,tin
AR702,AR,702,tin
AR703,AR,703,ten
AR704,AR,704,tin
AR705,AR,705,tin
AR706,AR,706,ten
AR707,AR,707,ten
AR708,AR,708,tin
AR709,AR,709,tin
AR710,AR,710,tin
AR711,AR,711,ten
AR712,AR,712,tin
AR713,AR,713,tin
AR714,AR,714,tin
AR715,AR,715,ten
AR716,AR,716,ten
AR717,AR,717,ten
AR718,AR,718,ten
AR718,AR,718,tain
AR719,AR,719,tin
AR720,AR,720,tain
AR721,AR,721,ten
AR721,AR,721,tin
AR722,AR,722,ten
AR723,AR,723,ten
AR723,AR,723,tin
AR724,AR,724,tin
AR725,AR,725,tin
AR726,AR,726,ten
AR727,AR,727,tin
AR728,AR,728,ten
AR729,AR,729,tin
AR730,AR,730,ten
AR730,AR,730,tin
AR731,AR,731,tin
AR732,AR,732,tin
AR733,AR,733,tin
AR734,AR,734,ten
AR735,AR,735,tain
AR736,AR,736,tin
AR737,AR,737,tin
AR738,AR,738,tin
AR739,AR,739,tin
AR740,AR,740,ten
AR740,AR,740,tin
AR741,AR,741,ten
AR742,AR,742,tin
AR743,AR,743,tin
AR744,AR,744,tin
AR745,AR,745,tin
AR746,AR,746,ten
AR747,AR,747,ten
AR748,AR,748,tin
AR749,AR,749,tin
AR750,AR,750,ten
AR751,AR,751,tin
AR752,AR,752,ten
AR753,AR,753,tin
AR754,AR,754,tin
AR755,AR,755,tin
LA756,LA,756,tin
LA757,LA,757,ten
LA758,LA,758,tin
LA759,LA,759,ten
LA759,LA,759,tin
LA760,LA,760,tin
LA761,LA,761,ten
LA761,LA,761,tin
LA762,LA,762,ten
LA763,LA,763,ten
LA764,LA,764,ten
LA765,LA,765,tin
LA766,LA,766,ten
LA767,LA,767,tin
LA768,LA,768,tin
LA769,LA,769,tin
LA770,LA,770,ten
LA771,LA,771,tin
LA772,LA,772,ten
LA773,LA,773,ten
LA774,LA,774,ten
LA775,LA,775,ten
LA776,LA,776,ten
LA777,LA,777,ten
LA777,LA,777,tin
LA778,LA,778,tin
LA779,LA,779,ten
LA780,LA,780,tin
LA781,LA,781,ten
LA782,LA,782,tin
LA783,LA,783,tin
LA784,LA,784,ten
LA785,LA,785,ten
LA786,LA,786,ten
LA787,LA,787,tin
LA788,LA,788,tin
LA789,LA,789,ten
LA790,LA,790,ten
LA791,LA,791,tin
LA792,LA,792,ten
LA793,LA,793,ten
LA794,LA,794,ten
LA795,LA,795,tin
LA796,LA,796,ten
LA797,LA,797,ten
LA798,LA,798,ten
LA799,LA,799,-
LA800,LA,800,tin
LA801,LA,801,ten
LA802,LA,802,ten
LA803,LA,803,ten
LA804,LA,804,ten
LA805,LA,805,ten
LA806,LA,806,ten
LA806,LA,806,te[n]
LA807,LA,807,tind
LA808,LA,808,ten
LA809,LA,809,tin
LA810,LA,810,ten
LA811,LA,811,ten
LA812,LA,812,ten
LA813,LA,813,tin
LA814,LA,814,tin
LA815,LA,815,ten
LA816,LA,816,tin
LA817,LA,817,tin
TX818,TX,818,te[n]
TX819,TX,819,ten
TX820,TX,820,tin
TX821,TX,821,tin
TX822,TX,822,ten
TX823,TX,823,tin
TX824,TX,824,ten
TX824,TX,824,tin
TX825,TX,825,ten
TX826,TX,826,ten
TX827,TX,827,ten
TX828,TX,828,tin
TX829,TX,829,ten
TX830,TX,830,tin
TX831,TX,831,tin
TX832,TX,832,ten
TX833,TX,833,ten
TX834,TX,834,tin
TX835,TX,835,ten
TX836,TX,836,ten
TX837,TX,837,tin
TX838,TX,838,tin
TX839,TX,839,ten
TX840,TX,840,tin
TX841,TX,841,-
TX842,TX,842,ten
TX843,TX,843,tin
TX844,TX,844,ten
TX844,TX,844,tin
TX845,TX,845,-
TX846,TX,846,ten
TX847,TX,847,ten
TX848,TX,848,ten
TX849,TX,849,ten
TX850,TX,850,tin
TX851,TX,851,tin
TX852,TX,852,tin
TX853,TX,853,tin
TX854,TX,854,ten
TX855,TX,855,ten
TX856,TX,856,tin
TX857,TX,857,tin
TX858,TX,858,ten
TX859,TX,859,tin
TX860,TX,860,ten
TX861,TX,861,ten
TX862,TX,862,tin
TX863,TX,863,ten
TX864,TX,864,ten
TX865,TX,865,ten
TX866,TX,866,tin
TX867,TX,867,ten
TX868,TX,868,tin
TX869,TX,869,ten
TX870,TX,870,tin
TX871,TX,871,ten
TX872,TX,872,-
TX873,TX,873,tin
TX874,TX,874,ten
TX875,TX,875,ten
TX876,TX,876,tin
TX877,TX,877,ten
TX878,TX,878,tin
TX879,TX,879,-
TX880,TX,880,ten
TX881,TX,881,ten
TX882,TX,882,tin
TX883,TX,883,ten
TX884,TX,884,ten
TX885,TX,885,ten
TX886,TX,886,ten
TX887,TX,887,tin
TX888,TX,888,tin
TX889,TX,889,ten
TX890,TX,890,tin
TX891,TX,891,ten
TX892,TX,892,ten
TX893,TX,893,ten
TX894,TX,894,ten
TX895,TX,895,tin
TX896,TX,896,ten
TX897,TX,897,ten
TX898,TX,898,ten
TX899,TX,899,ten
TX900,TX,900,ten
TX901,TX,901,ten
TX902,TX,902,ten
TX903,TX,903,ten
TX904,TX,904,ten
TX905,TX,905,ten
TX906,TX,906,ten
TX907,TX,907,ten
TX908,TX,908,ten
TX909,TX,909,ten
TX910,TX,910,ten
TX911,TX,911,ten
