Informant,State,Informant number,Response
TN001,TN,001,(i)le(vI)m
TN002,TN,002,(i)levN=14
TN003,TN,003,(i)lebM=14
TN004,TN,004,(i)levN=14
TN005,TN,005,(i)levN=14
TN006,TN,006,(i)levN=14
TN007,TN,007,(i)levN=14
TN008,TN,008,-
TN009,TN,009,eelevN=134
TN010,TN,010,(i)levN=14
TN011,TN,011,(i)levN=14
TN012,TN,012,(i)levN=14
TN013,TN,013,(i)levN=14
TN014,TN,014,(i)levN=14
TN015,TN,015,(i)levN=14
TN016,TN,016,(i)levN=14
TN017,TN,017,AlevN=414
TN018,TN,018,(i)levN=14
TN019,TN,019,(i)levN=14
TN020,TN,020,(i)levN=14
TN021,TN,021,(i)lebM=14
TN022,TN,022,IlevN=414
TN023,TN,023,ilevN=314
TN024,TN,024,(i)lebM=14
TN025,TN,025,(i)levN=14
TN026,TN,026,(i)levN=14
TN027,TN,027,(i)levN=14
TN028,TN,028,elevN=314
TN029,TN,029,(i)levN=14
TN030,TN,030,eelevN=314
TN031,TN,031,eelevN=314
TN032,TN,032,(i)levN=14
TN033,TN,033,ilevN=314
TN034,TN,034,eelevN=314
TN035,TN,035,(i)levN=14
TN036,TN,036,AlebM=414
TN037,TN,037,IlevN=414
TN038,TN,038,(i)levN=14
TN038,TN,038,AlebM=414
TN038,TN,038,(i)lebM=14
TN039,TN,039,(i)levN=14
TN040,TN,040,IlevN=414
TN041,TN,041,(i)levN=14
TN041,TN,041,(i)lebM=14
TN042,TN,042,(i)lebN=14
TN043,TN,043,AlevN=414
TN044,TN,044,(i)levN=14
TN045,TN,045,eelevN=314
TN046,TN,046,AlevN=414
TN047,TN,047,(i)lebM=14
TN048,TN,048,(i)lebM=14
TN049,TN,049,IlevN=414
TN050,TN,050,(i)levN=14
TN051,TN,051,AlevN=414
TN052,TN,052,-
TN053,TN,053,(i)levN=14
TN054,TN,054,(i)le{v}N=14
TN055,TN,055,ilevN=314
TN056,TN,056,IlevN=414
TN057,TN,057,IlevN=414
TN058,TN,058,(i)levN=14
TN059,TN,059,(i)levN=14
TN059,TN,059,(i)le(vI)m
TN060,TN,060,(i)levN=14
GA061,GA,061,-
GA062,GA,062,IlevN=414
GA063,GA,063,(i)levN=14
GA064,GA,064,AlevN=414
GA065,GA,065,(i)le(vI)m
GA066,GA,066,(i)levN=14
GA067,GA,067,IlevN=414
GA068,GA,068,AlevN=414
GA069,GA,069,AlevN=414
GA069,GA,069,ulevN=314
GA070,GA,070,(i)levN=14
GA071,GA,071,IlevN=414
GA072,GA,072,AlevN=414
GA073,GA,073,elevN=314
GA074,GA,074,(i)lebM=14
GA075,GA,075,(i)levN=14
GA076,GA,076,(i)levN=14
GA077,GA,077,IlevN=414
GA078,GA,078,AlevN=414
GA079,GA,079,(i)levN=14
GA080,GA,080,(i)le{v}N=14
GA080,GA,080,AlevN=414
GA081,GA,081,(i)levN=14
GA082,GA,082,AlevN=414
GA083,GA,083,(i)levN=14
GA084,GA,084,(i)levN=14
GA084,GA,084,AlevN=414
GA085,GA,085,(i)levN=14
GA086,GA,086,IlevN=414
GA087,GA,087,IlevN=414
GA088,GA,088,(i)lebM=14
GA089,GA,089,IlevN=414
GA089,GA,089,AlevN=414
GA089,GA,089,AlaivN=414
GA090,GA,090,(i)levN=14
GA091,GA,091,ilevN=314
GA092,GA,092,(i)levN=14
GA093,GA,093,AlevN=414
GA094,GA,094,AlevN=414
GA095,GA,095,IlevN=414
GA096,GA,096,(i)lebM=14
GA097,GA,097,IlevN=414
GA097,GA,097,AlebM=414
GA098,GA,098,AlebM=414
GA098,GA,098,(i)lebM=14
GA099,GA,099,(i)levN=14
GA100,GA,100,(i)levN=14
GA101,GA,101,(i)levN=14
GA102,GA,102,IlevN=414
GA103,GA,103,ilevN=314
GA104,GA,104,AlevN=414
GA104,GA,104,IlevN=414
GA105,GA,105,IlevN=414
GA106,GA,106,ilevN=314
GA107,GA,107,(i)levN=14
GA107,GA,107,(i)le(vI)m
GA108,GA,108,ilevN=314
GA109,GA,109,IlevN=414
GA110,GA,110,IlevN=414
GA111,GA,111,ilevN=314
GA112,GA,112,(i)le{v}M=14
GA113,GA,113,(i)levN=14
GA113,GA,113,Ale(vI)m=41
GA114,GA,114,(i)lebM=14
GA115,GA,115,(i)lebM=14
GA116,GA,116,AlevN=414
GA117,GA,117,(i)lebM=14
GA118,GA,118,AlevN=414
GA119,GA,119,IlevN=414
GA120,GA,120,IlevN=414
GA121,GA,121,(i)levN=14
GA122,GA,122,IlevN=414
GA123,GA,123,(i)levN=14
GA124,GA,124,AlevN=414
GA125,GA,125,AlevN=414
GA126,GA,126,IlevN=414
GA127,GA,127,AlevN=414
GA128,GA,128,(i)lebM=14
GA129,GA,129,(i)levN=14
GA130,GA,130,IlevN=414
GA131,GA,131,AlevN=414
GA132,GA,132,AlebM=414
GA133,GA,133,(i)levN=14
GA134,GA,134,(i)lebM=14
GA135,GA,135,(i)levN=14
GA136,GA,136,(i)levN=14
GA137,GA,137,(i)levN=14
GA138,GA,138,AlebM=414
GA138,GA,138,IlevN=414
GA139,GA,139,AlevN=414
GA139,GA,139,IlevN=414
GA140,GA,140,(i)le{v}M=14
GA141,GA,141,AlevN=414
GA142,GA,142,(i)levN=14
GA143,GA,143,IlevN=414
GA144,GA,144,IlevN=414
GA144,GA,144,AlevN=414
GA145,GA,145,(i)levN=14
GA146,GA,146,(i)levN=14
GA146,GA,146,eelevN=314
GA147,GA,147,(i)levN=14
GA148,GA,148,(i)levN=14
GA149,GA,149,-
GA150,GA,150,(i)le(vI)m
GA151,GA,151,(i)lebM=14
GA152,GA,152,(i)levN=14
GA153,GA,153,(i)lebM=14
GA154,GA,154,(i)levN=14
GA155,GA,155,AlevN=414
GA156,GA,156,AlebM=414
GA157,GA,157,AlevN=414
GA158,GA,158,(i)levN=14
GA159,GA,159,Ale{v}N=414
GA160,GA,160,eelevN=314
GA161,GA,161,AlevN=414
GA162,GA,162,AlevN=414
GA163,GA,163,eelevN=314
GA163,GA,163,IlevN=414
GA164,GA,164,IlevN=414
GA165,GA,165,(i)le{v}M=14
GA166,GA,166,(i)levN=14
GA166,GA,166,(i)le{v}M=14
GA167,GA,167,ilevN=314
GA168,GA,168,IlevN=414
GA169,GA,169,-
GA170,GA,170,IlevN=414
GA170,GA,170,(i)levN=14
GA171,GA,171,IlevN=414
GA172,GA,172,(i)lebM=14
GA173,GA,173,AlevN=414
GA174,GA,174,AlevN=414
GA175,GA,175,-
GA176,GA,176,(i)levN=14
GA177,GA,177,IlevN=414
GA178,GA,178,AlebM=414
GA179,GA,179,(i)levN=14
GA180,GA,180,(i)levN=14
GA181,GA,181,-
GA182,GA,182,IlivN=414
GA183,GA,183,Ilev[N]=414
GA184,GA,184,(i)lebM=14
GA185,GA,185,AlevN=414
GA186,GA,186,AlevN=414
GA187,GA,187,(i)lebM=14
GA188,GA,188,(i)levN=14
GA189,GA,189,AlevN=414
GA189,GA,189,(i)lebM=14
GA190,GA,190,AlevN=414
GA190,GA,190,AlebM=414
GA190,GA,190,(i)levN=14
GA191,GA,191,AlevN=414
GA192,GA,192,IlevN=414
GA193,GA,193,-
GA194,GA,194,Ile(vI)m=41
GA194,GA,194,(i)levN=14
GA195,GA,195,(i)le{v}M=14
GA196,GA,196,(i)lebM=14
GA197,GA,197,(i)levN=14
GA198,GA,198,(i)levN=14
GA199,GA,199,AlebM=414
GA199,GA,199,IlebM=414
GA200,GA,200,eelevN=314
GA201,GA,201,IlevN=414
GA202,GA,202,(i)levN=14
GA203,GA,203,(i)levN=14
GA204,GA,204,IlevN=414
GA205,GA,205,(i)levN=14
GA206,GA,206,(i)levN=14
GA207,GA,207,-
GA208,GA,208,(i)le{v}M=14
GA209,GA,209,eelevN=314
GA210,GA,210,(i)levN=14
GA211,GA,211,AlebM=414
GA212,GA,212,(i)levN=14
GA213,GA,213,eelevN=314
GA214,GA,214,(i)levN=14
GA215,GA,215,IlevN=414
GA216,GA,216,IlevN=414
GA217,GA,217,eelevN=314
GA218,GA,218,(i)levN=14
GA219,GA,219,(i)lebM=14
GA220,GA,220,AlevN=414
GA221,GA,221,(i)levN=14
GA222,GA,222,(i)lebM=14
GA223,GA,223,(i)le(vI)m
GA224,GA,224,-
GA225,GA,225,(i)levN=14
FL226,FL,226,(i)levN=14
FL227,FL,227,IlevN=414
FL228,FL,228,(i)levN=14
FL229,FL,229,eelevN=314
FL230,FL,230,AlevN=414
FL231,FL,231,IlevN=414
FL232,FL,232,AlevN=414
FL233,FL,233,IlevN=414
FL234,FL,234,(i)lebM=14
FL235,FL,235,(i)levN=14
FL236,FL,236,(i)lebM=14
FL237,FL,237,(i)levN=14
FL238,FL,238,AlevN=414
FL239,FL,239,IlevN=414
FL240,FL,240,IlevN=414
FL241,FL,241,-
FL242,FL,242,AlevN=414
FL243,FL,243,(i)levN=14
FL244,FL,244,(i)lebM=14
FL245,FL,245,(i)levN=14
FL246,FL,246,AlebM=414
FL247,FL,247,AlevN=414
FL248,FL,248,AlevN=414
FL249,FL,249,-
FL250,FL,250,(i)lebM=14
FL251,FL,251,(i)levN=14
FL252,FL,252,-
FL253,FL,253,(i)levN=14
FL254,FL,254,(i)levN=14
FL255,FL,255,AlevN=414
FL256,FL,256,AlevN=414
FL257,FL,257,AlevN=414
FL258,FL,258,AlebM=414
FL258,FL,258,IlebM=414
FL259,FL,259,(i)levN=14
FL260,FL,260,-
FL261,FL,261,IlevN=414
FL262,FL,262,(i)le{v}N=14
FL263,FL,263,(i)levN=14
FL263,FL,263,(i)lebM=14
FL264,FL,264,IlevN=414
FL265,FL,265,(i)lebM=14
FL266,FL,266,AlevN=414
FL267,FL,267,(i)lebM=14
FL268,FL,268,-
FL269,FL,269,AlevN=414
FL269,FL,269,Ale{v}N=414
FL270,FL,270,IlevN=414
FL270,FL,270,Ile{v}N=414
FL271,FL,271,ilevN=314
FL271,FL,271,eelevN=314
FL272,FL,272,ilevN=134
FL273,FL,273,ilevN=314
FL274,FL,274,AlevN=414
FL275,FL,275,IlebM=414
FL275,FL,275,(i)lebM=14
FL276,FL,276,-
FL277,FL,277,ilevN=314
FL278,FL,278,(i)levN=14
FL279,FL,279,AlevN=414
FL280,FL,280,IlevN=414
FL281,FL,281,eelevN=314
FL282,FL,282,AlevN=414
FL283,FL,283,(i)levN=14
FL284,FL,284,eelevN=134
FL285,FL,285,AlevN=414
FL286,FL,286,(i)levN=14
FL287,FL,287,IlevN=414
FL288,FL,288,(i)lebM=14
FL289,FL,289,AlevN=414
TN290,TN,290,(i)levN=14
TN291,TN,291,(i)levN=14
TN292,TN,292,(i)levN=14
TN293,TN,293,(i)levN=14
TN294,TN,294,IlevN=414
TN295,TN,295,(i)levN=14
TN296,TN,296,ilevN=314
TN297,TN,297,AlevN=414
TN298,TN,298,IlevN=414
TN299,TN,299,(i)levN=14
TN300,TN,300,ilevN=314
TN301,TN,301,IlevN=414
TN302,TN,302,(i)levN=14
TN302,TN,302,(i)lebM=14
TN303,TN,303,(i)lebM=14
TN304,TN,304,(i)levN=14
TN305,TN,305,-
TN306,TN,306,AlevN=414
TN307,TN,307,AlevN=414
TN308,TN,308,-
TN309,TN,309,ilevN=314
TN309,TN,309,IlevN=414
TN310,TN,310,(i)levN=14
TN311,TN,311,ilevN=314
TN312,TN,312,-
TN313,TN,313,AlevN=414
TN314,TN,314,IlevN=414
TN315,TN,315,(i)levN=14
TN316,TN,316,(i)levN=14
TN317,TN,317,(i)lebM=14
TN317,TN,317,IlevN=414
TN318,TN,318,AlevN=414
TN319,TN,319,-
TN320,TN,320,(i)levN=14
TN321,TN,321,(i)levN=14
TN322,TN,322,IlevN=414
TN323,TN,323,eelevN=314
TN324,TN,324,eelevN=134
TN325,TN,325,(i)lebM=14
TN326,TN,326,(i)lebM=14
TN327,TN,327,IlevN=414
TN328,TN,328,IlevN=414
TN329,TN,329,AlevN=414
TN330,TN,330,(i)levN=14
TN330,TN,330,(i)le{v}M=14
TN331,TN,331,(i)levN=14
TN332,TN,332,(i)lev[N]=14
TN333,TN,333,(i)levN=14
TN333,TN,333,(i)lebM=14
TN334,TN,334,IlebM=414
TN335,TN,335,AlevN=414
TN336,TN,336,(i)levN=14
AL337,AL,337,IlevN=414
AL338,AL,338,(i)levN=14
AL339,AL,339,eelevN=314
AL340,AL,340,(i)lebM=14
AL341,AL,341,IlevN=414
AL342,AL,342,IlevN=414
AL343,AL,343,IlevN=414
AL344,AL,344,(i)lebM=14
AL345,AL,345,(i)lebM=14
AL346,AL,346,IlevN=414
AL347,AL,347,(i)levN=14
AL348,AL,348,-
AL349,AL,349,(i)lebM=14
AL350,AL,350,(i)lebM=14
AL351,AL,351,(i)levN=14
AL351,AL,351,IlebM=414
AL352,AL,352,ilevN=314
AL353,AL,353,(i)lebM=14
AL354,AL,354,(i)lebM=14
AL355,AL,355,(i)levN=14
AL356,AL,356,(i)levN=14
AL357,AL,357,IlevN=414
AL358,AL,358,(i)levN=14
AL358,AL,358,AlevN=414
AL359,AL,359,(i)lebM=14
AL360,AL,360,AlevN=414
AL361,AL,361,IlevN=414
AL362,AL,362,(i)levN=14
AL363,AL,363,(i)levN=14
AL364,AL,364,(i)levN=14
AL365,AL,365,(i)levN=14
AL366,AL,366,-
AL367,AL,367,(i)levN=14
AL368,AL,368,AlevN=414
AL369,AL,369,(i)levN=14
AL370,AL,370,-
AL371,AL,371,-
AL372,AL,372,IlevN=414
AL373,AL,373,IlevN=414
AL374,AL,374,IlevN=414
AL375,AL,375,AlevN=414
AL376,AL,376,(i)le{v}N=14
AL377,AL,377,-
AL378,AL,378,IlevN=414
AL379,AL,379,-
AL380,AL,380,IlebM=414
AL381,AL,381,(i)levN=14
AL382,AL,382,(i)lebM=14
AL382,AL,382,IlebM=414
AL383,AL,383,eelevN=314
AL383,AL,383,AlevN=414
AL384,AL,384,eelevN=314
AL385,AL,385,(i)levN=14
AL386,AL,386,(i)levN=14
AL387,AL,387,(i)levN=14
AL388,AL,388,AlevN=414
AL389,AL,389,(i)levN=14
AL390,AL,390,(i)levN=14
AL391,AL,391,(i)levN=14
AL392,AL,392,(i)levN=14
AL392,AL,392,(i)le{v}M=14
AL393,AL,393,(i)levN=14
AL394,AL,394,IlevN=414
AL395,AL,395,(i)levN=14
AL396,AL,396,(i)levN=14
AL397,AL,397,AlebM=414
AL398,AL,398,AlevN=414
AL399,AL,399,(i)levN=14
AL400,AL,400,eelevN=314
AL401,AL,401,-
AL402,AL,402,(i)lebM=14
AL403,AL,403,IlevN=414
AL404,AL,404,(i)lebM=14
AL404,AL,404,IlevN=414
AL405,AL,405,IlevN=414
AL406,AL,406,Ile{v}N=414
AL407,AL,407,(i)levN=14
AL408,AL,408,IlevN=414
AL409,AL,409,IlebM=414
AL410,AL,410,IlevN=414
AL411,AL,411,eelevN=314
AL412,AL,412,(i)le{v}N=14
AL413,AL,413,IlevN=414
AL414,AL,414,Ile(vI)m=41
AL414,AL,414,IlevN=414
AL415,AL,415,(i)lebM=14
AL416,AL,416,(i)levN=14
AL417,AL,417,(i)levN=14
AL418,AL,418,ilevN=314
AL419,AL,419,(i)levN=14
AL420,AL,420,(i)lebM=14
AL421,AL,421,(i)levN=14
AL422,AL,422,(i)le{v}M=14
AL423,AL,423,IlevN=414
AL424,AL,424,ilevN=314
AL425,AL,425,-
AL426,AL,426,AlebM=414
AL427,AL,427,IlevN=414
AL428,AL,428,ailevN=314
AL429,AL,429,-
AL430,AL,430,(i)levN=14
AL431,AL,431,(i)le{v}N=14
AL432,AL,432,-
AL433,AL,433,(i)lebM=14
AL433,AL,433,AlebM=414
AL434,AL,434,(i)lebM=14
AL435,AL,435,IlevN=414
AL436,AL,436,(i)levN=14
AL437,AL,437,(i)levN=14
AL438,AL,438,(i)lebM=14
AL439,AL,439,(i)lebM=14
AL440,AL,440,-
AL441,AL,441,IlevN=414
AL442,AL,442,IlebM=414
AL443,AL,443,(i)levN=14
AL443,AL,443,AlevN=414
AL444,AL,444,(i)le{v}M=14
AL445,AL,445,AlevN=414
AL446,AL,446,AlevN=414
AL447,AL,447,(i)levN=14
AL448,AL,448,(i)levN=14
AL449,AL,449,IlebM=414
AL450,AL,450,AlevN=414
AL451,AL,451,(i)le{v}M=14
FL452,FL,452,IlevN=414
FL453,FL,453,IlevN=414
FL454,FL,454,(i)levN=14
FL455,FL,455,ilevN=314
FL456,FL,456,IlevN=414
FL457,FL,457,AlevN=414
FL458,FL,458,IlevN=414
FL459,FL,459,-
FL460,FL,460,(i)levN=14
FL461,FL,461,AlevN=414
FL462,FL,462,(i)lebM=14
FL463,FL,463,-
FL464,FL,464,(i)lebM=14
FL465,FL,465,(i)le{v}M=14
FL466,FL,466,IlevN=414
FL467,FL,467,(i)levN=14
FL468,FL,468,(i)lebM=14
FL469,FL,469,(i)le{v}M=14
FL470,FL,470,ilevN=314
FL471,FL,471,IlevN=414
AL472,AL,472,(i)levN=14
AL473,AL,473,(i)levN=14
AL474,AL,474,AlevN=414
AL475,AL,475,AlevN=414
AL476,AL,476,ilevN=314
AL476,AL,476,(i)levN=14
AL477,AL,477,IlebM=414
AL478,AL,478,-
AL479,AL,479,(i)lebM=14
AL479,AL,479,ilebM=314
AL480,AL,480,AlevN=414
AL481,AL,481,IlevN=414
AL482,AL,482,AlevN=414
AL483,AL,483,(i)levN=14
AL484,AL,484,IlevN=414
AL485,AL,485,-
TN486,TN,486,(i)levN=14
TN487,TN,487,(i)levN=14
TN488,TN,488,Ale{v}M=414
TN489,TN,489,(i)levN=14
TN490,TN,490,eelevN=314
TN491,TN,491,-
TN492,TN,492,(i)le(vI)m
TN493,TN,493,(i)levN=14
TN494,TN,494,(i)levN=14
TN495,TN,495,AlevN=414
TN496,TN,496,IlevN=414
TN497,TN,497,IlevN=414
TN498,TN,498,IlevN=414
TN499,TN,499,IlevN=414
TN500,TN,500,(i)lebM=14
TN501,TN,501,AlevN=414
TN502,TN,502,AlevN=414
TN503,TN,503,(i)lebM=14
TN504,TN,504,IlevN=414
TN505,TN,505,AlevN=414
TN506,TN,506,(i)levN=14
TN507,TN,507,IlevN=414
TN508,TN,508,(i)levN=14
TN509,TN,509,(i)levN=14
TN510,TN,510,IlevN=414
TN511,TN,511,ilevN=314
TN512,TN,512,eelevN=314
TN513,TN,513,(i)le{v}N=14
TN514,TN,514,IlevN=414
TN515,TN,515,IlevN=414
TN516,TN,516,(i)levN=14
TN517,TN,517,AlevN=414
TN518,TN,518,IlevN=414
TN519,TN,519,IlevN=414
MS520,MS,520,(i)lebM=14
MS521,MS,521,AlevN=414
MS522,MS,522,(i)levN=14
MS523,MS,523,IlevN=414
MS524,MS,524,AlevN=414
MS525,MS,525,IlevN=414
MS526,MS,526,AlevN=414
MS527,MS,527,-
MS528,MS,528,(i)lebM=14
MS528,MS,528,AlevN=414
MS529,MS,529,-
MS530,MS,530,(i)levN=14
MS531,MS,531,IlebM=414
MS532,MS,532,IlevN=414
MS533,MS,533,(i)levN=14
MS533,MS,533,IlevN=414
MS534,MS,534,(i)lebM=14
MS535,MS,535,(i)levN=14
MS535,MS,535,(i)le{v}N=14
MS536,MS,536,AlevN=414
MS537,MS,537,IlevN=414
MS538,MS,538,-
MS539,MS,539,(i)lebM=14
MS540,MS,540,(i)lebM=14
MS541,MS,541,-
MS542,MS,542,-
MS543,MS,543,(i)levN=14
MS544,MS,544,(i)le{v}M=14
MS545,MS,545,IlevN=414
MS546,MS,546,-
MS547,MS,547,ilevN=314
MS548,MS,548,(i)levN=14
MS549,MS,549,IlevN=414
MS550,MS,550,IlevN=414
MS551,MS,551,AlevN=414
MS552,MS,552,eelevN=314
MS553,MS,553,(i)levN=14
MS554,MS,554,-
MS555,MS,555,(i)levN=14
MS556,MS,556,(i)levN=14
MS557,MS,557,IlevN=414
MS558,MS,558,IlevN=414
MS559,MS,559,(i)lebM=14
MS560,MS,560,-
MS561,MS,561,(i)levN=14
MS562,MS,562,(i)levN=14
MS562,MS,562,(i)lebM=14
MS563,MS,563,AlevN=414
MS563,MS,563,IlevN=414
MS564,MS,564,(i)levN=14
MS564,MS,564,AlevN=414
MS565,MS,565,(i)levN=14
MS565,MS,565,(i)lebM=14
MS566,MS,566,IlevN=414
MS567,MS,567,-
MS568,MS,568,(i)levN=14
MS569,MS,569,(i)levN=14
MS570,MS,570,IlevN=414
MS571,MS,571,AlevN=414
MS571,MS,571,(i)lebM=14
MS572,MS,572,(i)levN=14
MS573,MS,573,(i)levN=14
MS574,MS,574,(i)levN=14
MS575,MS,575,(i)levN=14
MS576,MS,576,(i)levN=14
MS577,MS,577,(i)levN=14
MS577,MS,577,(i)lebM=14
MS578,MS,578,(i)le{v}M=14
MS579,MS,579,IlevN=414
MS580,MS,580,(i)libM=14
MS581,MS,581,(i)lebM=14
MS581,MS,581,AlebM=414
MS582,MS,582,(i)levN=14
MS582,MS,582,(i)lebM=14
MS583,MS,583,(i)levN=14
MS584,MS,584,(i)levN=14
MS585,MS,585,(i)lev[N]=14
MS586,MS,586,(i)lebM=14
MS587,MS,587,eelevN=314
MS588,MS,588,(i)levN=14
MS589,MS,589,-
MS590,MS,590,eelevN=314
MS591,MS,591,IlevN=414
MS592,MS,592,(i)levN=14
MS593,MS,593,(i)levN=14
MS594,MS,594,(i)levN=14
MS595,MS,595,AlevN=414
MS596,MS,596,IlebM=414
MS597,MS,597,(i)levN=14
MS598,MS,598,AlevN=414
MS599,MS,599,(i)levN=14
MS599,MS,599,IlevN=414
MS600,MS,600,IlivN=414
MS601,MS,601,AlevN=414
MS602,MS,602,IlevN=414
MS603,MS,603,-
MS604,MS,604,AlevN=414
MS605,MS,605,ilebM=314
MS605,MS,605,AlevN=414
MS606,MS,606,IlebM=414
MS607,MS,607,(i)lebM=14
MS608,MS,608,(i)levN=14
MS609,MS,609,(i)lebM=14
MS610,MS,610,Alev[N]=414
MS611,MS,611,IlevN=414
MS612,MS,612,(i)levN=14
MS612,MS,612,IlebM=414
MS613,MS,613,eelevN=314
MS614,MS,614,IlevN=414
MS615,MS,615,AlevN=414
MS616,MS,616,(i)levN=14
MS616,MS,616,(i)lebM=14
MS617,MS,617,(i)levN=14
MS618,MS,618,(i)levN=14
MS619,MS,619,(i)lebM=14
MS620,MS,620,(i)lebM=14
MS621,MS,621,(i)lebM=14
MS622,MS,622,(i)levN=14
MS622,MS,622,IlevN=414
MS623,MS,623,AlevN=414
MS624,MS,624,(i)levN=14
MS624,MS,624,IlevN=414
MS625,MS,625,(i)le(vI)m
MS626,MS,626,-
MS627,MS,627,Ale{v}M=414
MS628,MS,628,(i)levN=14
MS629,MS,629,(i)levN=14
LA630,LA,630,(i)lebM=14
LA630,LA,630,IlevN=414
LA631,LA,631,IlevN=414
LA632,LA,632,(i)lebM=14
LA633,LA,633,IlebM=414
LA634,LA,634,AlevN=414
LA634,LA,634,IlevN=414
LA635,LA,635,(i)le{v}M=14
LA636,LA,636,(i)levN=14
LA636,LA,636,(i)lebM=14
LA637,LA,637,(i)lebM=14
LA638,LA,638,(i)levN=14
LA639,LA,639,(i)le{v}M=14
LA640,LA,640,IlevN=414
LA640,LA,640,(i)lebM=14
LA641,LA,641,IlevN=414
LA642,LA,642,(i)lebM=14
LA643,LA,643,(i)levN=14
LA644,LA,644,-
LA645,LA,645,IlevN=414
LA646,LA,646,(i)le(vI)m
LA647,LA,647,(i)levN=14
LA648,LA,648,IlevN=414
LA649,LA,649,IlevN=414
LA650,LA,650,ilevN=314
LA651,LA,651,(i)levN=14
LA651,LA,651,(i)le{v}N=14
LA652,LA,652,IlevN=414
LA653,LA,653,(i)le(vI)m
LA654,LA,654,(i)le(vI)m
LA655,LA,655,(i)levN=14
LA656,LA,656,IlevN=414
LA657,LA,657,AlevN=414
LA657X,LA,657X,AlevN=414
LA657Y,LA,657Y,eelevN=314
LA657Z,LA,657Z,(i)levN=14
LA658,LA,658,AlevN=414
LA658,LA,658,eelavN=314
LA659,LA,659,(i)levN=14
LA660,LA,660,AlevN=414
LA661,LA,661,IlevAd=414
LA662,LA,662,AlevN=414
LA663,LA,663,(i)lebM=14
LA664,LA,664,(i)lebM=14
LA664,LA,664,IlevN=414
LA665,LA,665,(i)lebM=14
LA666,LA,666,(i)levN=14
LA667,LA,667,eelevN=314
LA668,LA,668,AlevN=414
LA669,LA,669,IlevN=414
LA670,LA,670,(i)levN=14
LA671,LA,671,IlevN=414
LA672,LA,672,Ale(vI)m=41
LA672,LA,672,IlevN=414
LA673,LA,673,(i)levN=14
LA673,LA,673,AlevN=414
AR674,AR,674,(i)lebM=14
AR675,AR,675,ilevN=214
AR676,AR,676,-
AR677,AR,677,(i)levN=14
AR678,AR,678,AlevN=414
AR679,AR,679,IlevN=414
AR680,AR,680,AlevN=414
AR681,AR,681,(i)lebM=14
AR682,AR,682,AlevN=414
AR683,AR,683,IlevN=414
AR684,AR,684,(i)lebM=14
AR685,AR,685,ilevN=134
AR685,AR,685,AlevN=414
AR686,AR,686,(i)lebM=14
AR687,AR,687,(i)lebM=14
AR688,AR,688,(i)levN=14
AR688,AR,688,AlevN=414
AR689,AR,689,(i)levN=14
AR690,AR,690,IlevN=414
AR691,AR,691,(i)levN=14
AR691,AR,691,IlevN=414
AR692,AR,692,(i)le{v}N=14
AR693,AR,693,IlevN=414
AR694,AR,694,(i)levN=14
AR695,AR,695,IlevN=414
AR696,AR,696,AlevN=414
AR697,AR,697,(i)levN=14
AR698,AR,698,(i)levN=14
AR698,AR,698,AlebM=414
AR699,AR,699,(i)le{v}M=14
AR699,AR,699,AlebM=414
AR700,AR,700,-
AR701,AR,701,(i)levN=14
AR702,AR,702,(i)lebM=14
AR703,AR,703,-
AR704,AR,704,IlevN=414
AR705,AR,705,(i)levN=14
AR705,AR,705,(i)lebM=14
AR705,AR,705,AlevN=414
AR706,AR,706,-
AR707,AR,707,(i)levN=14
AR708,AR,708,IlevN=414
AR709,AR,709,(i)levN=14
AR710,AR,710,IlevN=414
AR711,AR,711,AlevN=414
AR712,AR,712,IlevN=414
AR713,AR,713,AlevN=414
AR714,AR,714,ilebM=314
AR714,AR,714,IlevN=414
AR715,AR,715,(i)lebM=14
AR716,AR,716,(i)levN=14
AR717,AR,717,-
AR718,AR,718,(i)levN=14
AR719,AR,719,IlevN=414
AR720,AR,720,-
AR721,AR,721,(i)lebM=14
AR722,AR,722,(i)le{v}M=14
AR723,AR,723,(i)levN=14
AR724,AR,724,(i)levN=14
AR725,AR,725,AlebM=414
AR725,AR,725,AlevN=414
AR726,AR,726,(i)levN=14
AR727,AR,727,AlebM=414
AR728,AR,728,(i)lebN=14
AR729,AR,729,(i)levN=14
AR730,AR,730,(i)levN=14
AR731,AR,731,ilevN=314
AR732,AR,732,(i)lebM=14
AR733,AR,733,(i)levN=14
AR734,AR,734,-
AR735,AR,735,(i)lebM=14
AR735,AR,735,AlevN=414
AR736,AR,736,IlevN=414
AR737,AR,737,-
AR738,AR,738,(i)levN=14
AR739,AR,739,-
AR740,AR,740,(i)levN=14
AR741,AR,741,AlevN=414
AR741,AR,741,IlevN=414
AR742,AR,742,(i)le{v}N=14
AR743,AR,743,AlebM=414
AR744,AR,744,IlebM=414
AR745,AR,745,-
AR746,AR,746,ilevN=314
AR747,AR,747,(i)levN=14
AR748,AR,748,(i)lebM=14
AR749,AR,749,(i)levN=14
AR750,AR,750,-
AR751,AR,751,Ale(vI)m=41
AR752,AR,752,(i)lebM=14
AR752,AR,752,AlevN=414
AR753,AR,753,AlevN=414
AR754,AR,754,AlevN=414
AR755,AR,755,-
LA756,LA,756,(i)levN=14
LA757,LA,757,AlevN=414
LA758,LA,758,(i)lebM=14
LA758,LA,758,IlevN=414
LA759,LA,759,(i)lebM=14
LA760,LA,760,AlebM=414
LA761,LA,761,(i)lev[N]=14
LA762,LA,762,-
LA763,LA,763,-
LA764,LA,764,IlebM=414
LA765,LA,765,(i)levN=14
LA766,LA,766,(i)levN=14
LA767,LA,767,AlevN=414
LA768,LA,768,eelevN=134
LA769,LA,769,ilevN=314
LA769,LA,769,IlevM=414
LA769,LA,769,IlevN=414
LA770,LA,770,IlevN=414
LA771,LA,771,(i)levN=14
LA771,LA,771,(i)lebM=14
LA772,LA,772,(i)levN=14
LA773,LA,773,(i)levN=14
LA774,LA,774,-
LA775,LA,775,(i)lebM=14
LA776,LA,776,AlevN=414
LA777,LA,777,(i)levN=14
LA777,LA,777,ilevN=314
LA778,LA,778,IlevN=414
LA779,LA,779,(i)levN=14
LA780,LA,780,AlevN=414
LA781,LA,781,(i)levN=14
LA782,LA,782,AlevN=414
LA782,LA,782,AlebM=414
LA783,LA,783,IlevN=414
LA784,LA,784,IlebM=414
LA785,LA,785,(i)levN=14
LA786,LA,786,(i)lebM=14
LA787,LA,787,AlevN=414
LA787,LA,787,IlevN=414
LA788,LA,788,(i)lebM=14
LA789,LA,789,IlevN=414
LA790,LA,790,(i)levN=14
LA791,LA,791,(i)levN=14
LA792,LA,792,(i)levN=14
LA793,LA,793,(i)le{v}M=14
LA794,LA,794,(i)levN=14
LA795,LA,795,IlevN=414
LA796,LA,796,(i)le{v}M=14
LA796,LA,796,IlevN=414
LA797,LA,797,(i)levM=14
LA797,LA,797,AlebM=414
LA798,LA,798,(i)levN=14
LA799,LA,799,AlevN=414
LA800,LA,800,AlevN=414
LA801,LA,801,(i)levN=14
LA802,LA,802,(i)le{v}N=14
LA803,LA,803,(i)lebM=14
LA804,LA,804,-
LA805,LA,805,(i)levN=14
LA806,LA,806,(i)levN=14
LA807,LA,807,(i)levN=14
LA808,LA,808,(i)levN=14
LA809,LA,809,AlevN=414
LA809,LA,809,IlevN=414
LA810,LA,810,AlevN=414
LA810,LA,810,IlevN=414
LA811,LA,811,(i)lebM=14
LA811,LA,811,AlevN=414
LA812,LA,812,(i)lebM=14
LA813,LA,813,AlevN=414
LA813,LA,813,IlevN=414
LA814,LA,814,(i)le{v}M=14
LA815,LA,815,(i)levN=14
LA816,LA,816,AlevN=414
LA817,LA,817,(i)lebM=14
LA817,LA,817,IlevN=414
TX818,TX,818,-
TX819,TX,819,(i)levN=14
TX820,TX,820,IlevN=414
TX821,TX,821,IlevN=414
TX822,TX,822,(i)levN=14
TX823,TX,823,(i)levN=14
TX824,TX,824,IlevN=414
TX825,TX,825,(i)levN=14
TX826,TX,826,AlevN=414
TX827,TX,827,AlevN=414
TX828,TX,828,AlevN=414
TX829,TX,829,(i)levN=14
TX830,TX,830,(i)levM=14
TX831,TX,831,AlevN=414
TX832,TX,832,-
TX833,TX,833,(i)levN=14
TX834,TX,834,IlebM=414
TX834,TX,834,IlevN=414
TX835,TX,835,(i)le{v}M=14
TX836,TX,836,(i)levN=14
TX837,TX,837,(i)le{v}M=14
TX838,TX,838,(i)lebM=14
TX839,TX,839,(i)levN=14
TX840,TX,840,(i)lebM=14
TX841,TX,841,(i)levN=14
TX842,TX,842,(i)levN=14
TX842,TX,842,IlevN=414
TX843,TX,843,eelevN=314
TX844,TX,844,ilevN=314
TX845,TX,845,-
TX846,TX,846,(i)levN=14
TX847,TX,847,AlevN=414
TX848,TX,848,(i)levN=14
TX848,TX,848,AlevN=414
TX849,TX,849,(i)lebM=14
TX850,TX,850,(i)levN=14
TX851,TX,851,(i)levN=14
TX852,TX,852,eelevN=314
TX853,TX,853,IlevN=414
TX854,TX,854,(i)levN=14
TX855,TX,855,(i)le(vI)m
TX856,TX,856,IlevN=414
TX857,TX,857,eelevN=314
TX857,TX,857,IlevN=414
TX858,TX,858,IlevN=414
TX859,TX,859,AlevN=414
TX860,TX,860,IlevN=414
TX861,TX,861,(i)levM=14
TX862,TX,862,(i)levN=14
TX863,TX,863,IlevN=414
TX864,TX,864,(i)le{v}N=14
TX864,TX,864,(i)levN=14
TX865,TX,865,(i)levN=14
TX866,TX,866,IlevN=414
TX867,TX,867,(i)levN=14
TX868,TX,868,(i)lebM=14
TX868,TX,868,(i)levN=14
TX869,TX,869,IlevN=414
TX870,TX,870,AlevN=414
TX871,TX,871,-
TX872,TX,872,-
TX873,TX,873,IlebM=414
TX874,TX,874,IlevN=414
TX875,TX,875,IlevN=414
TX876,TX,876,AlevN=414
TX877,TX,877,AlevN=414
TX878,TX,878,IlevN=414
TX879,TX,879,AlebM=414
TX880,TX,880,(i)le{v}M=14
TX880,TX,880,(i)lebM=14
TX880,TX,880,IlevN=414
TX881,TX,881,-
TX882,TX,882,(i)lebM=14
TX882,TX,882,AlevN=414
TX883,TX,883,(i)levN=14
TX884,TX,884,ilevN=314
TX885,TX,885,(i)levN=14
TX885,TX,885,IlevN=414
TX886,TX,886,(i)levN=14
TX887,TX,887,(i)levN=14
TX888,TX,888,IlevN=414
TX889,TX,889,IlevN=414
TX890,TX,890,IlevN=414
TX891,TX,891,AlevN=414
TX892,TX,892,(i)levN=14
TX892,TX,892,IlevN=414
TX893,TX,893,IlevN=414
TX894,TX,894,eelevN=314
TX895,TX,895,IlevN=414
TX896,TX,896,eelevN=314
TX897,TX,897,(i)levN=14
TX897,TX,897,eelevN=314
TX898,TX,898,eelevN=314
TX899,TX,899,eelevN=314
TX900,TX,900,IlevN=414
TX901,TX,901,IlevN=414
TX902,TX,902,IlevN=414
TX903,TX,903,eelevN=314
TX904,TX,904,(i)levN=14
TX904,TX,904,(i)lebM=14
TX905,TX,905,IlevN=414
TX906,TX,906,ilevN=314
TX907,TX,907,-
TX908,TX,908,(i)levN=14
TX909,TX,909,-
TX910,TX,910,IlevN=414
TX911,TX,911,(i)lebM=14
