Informant,State,Informant number,Response
TN001,TN,001,-
TN002,TN,002,milyIt=14
TN003,TN,003,milyN=14
TN004,TN,004,-
TN005,TN,005,-
TN006,TN,006,mi[l]yN=14
TN007,TN,007,milyN=14
TN008,TN,008,-
TN009,TN,009,milyN=14
TN010,TN,010,milyN=14
TN011,TN,011,milyN=14
TN012,TN,012,milyN=14
TN013,TN,013,milyN=14
TN014,TN,014,mi[l]yN=14
TN015,TN,015,milyN=14
TN016,TN,016,milyN=14
TN017,TN,017,mi[l]yN=14
TN018,TN,018,mi[l]yN=14
TN019,TN,019,milyN=14
TN020,TN,020,milyN=14
TN021,TN,021,-
TN022,TN,022,milyN=14
TN023,TN,023,milyN=14
TN024,TN,024,milyN=14
TN025,TN,025,milyN=14
TN026,TN,026,milyN=14
TN027,TN,027,milyN=14
TN028,TN,028,mi[l]yN=14
TN029,TN,029,milyN=14
TN030,TN,030,mi[l]yN=14
TN031,TN,031,milyN=14
TN032,TN,032,milyN=14
TN033,TN,033,milyN=14
TN034,TN,034,milyN=14
TN035,TN,035,milyN=14
TN036,TN,036,milyN=14
TN037,TN,037,mi[l]yN=14
TN038,TN,038,milyN=14
TN039,TN,039,mi(l)yN=14
TN040,TN,040,milyN=14
TN041,TN,041,milyN=14
TN042,TN,042,-
TN043,TN,043,milyN=14
TN044,TN,044,milyN=14
TN045,TN,045,milyN=14
TN046,TN,046,mi[l]yN=14
TN047,TN,047,milyN=14
TN048,TN,048,milyN=14
TN049,TN,049,milyN=14
TN050,TN,050,milyN=14
TN051,TN,051,milyN=14
TN052,TN,052,-
TN053,TN,053,-
TN054,TN,054,milyN=14
TN055,TN,055,milyN=14
TN056,TN,056,milyN=14
TN057,TN,057,milyN=14
TN058,TN,058,milyN=14
TN059,TN,059,milyN=14
TN060,TN,060,milyN=14
GA061,GA,061,-
GA062,GA,062,milyN=14
GA063,GA,063,-
GA064,GA,064,-
GA065,GA,065,-
GA066,GA,066,-
GA067,GA,067,-
GA068,GA,068,-
GA069,GA,069,milyN=14
GA070,GA,070,mi[l]yN=14
GA071,GA,071,mi(l)yN=14
GA072,GA,072,milyN=14
GA073,GA,073,milyN=14
GA074,GA,074,-
GA075,GA,075,milyN=14
GA076,GA,076,milyN=14
GA077,GA,077,-
GA078,GA,078,milyN=14
GA079,GA,079,milyN=14
GA080,GA,080,-
GA081,GA,081,-
GA082,GA,082,-
GA083,GA,083,-
GA084,GA,084,milyN=14
GA085,GA,085,milyN=14
GA086,GA,086,milyN=14
GA087,GA,087,milyN=14
GA088,GA,088,milyN=14
GA089,GA,089,mi(l)yN=14
GA090,GA,090,-
GA091,GA,091,milyN=14
GA092,GA,092,-
GA093,GA,093,-
GA094,GA,094,-
GA095,GA,095,milyN=14
GA096,GA,096,milyN=14
GA097,GA,097,milyN=14
GA098,GA,098,-
GA099,GA,099,-
GA100,GA,100,mily[N]=14
GA101,GA,101,milyN=14
GA102,GA,102,-
GA103,GA,103,milyN=14
GA104,GA,104,milyN=14
GA105,GA,105,-
GA106,GA,106,milyN=14
GA107,GA,107,milyN=14
GA108,GA,108,milyN=14
GA109,GA,109,milyN=14
GA110,GA,110,-
GA111,GA,111,milyN=14
GA112,GA,112,-
GA113,GA,113,milyN=14
GA114,GA,114,-
GA115,GA,115,-
GA116,GA,116,-
GA117,GA,117,-
GA118,GA,118,milyN=14
GA119,GA,119,-
GA120,GA,120,milyN=14
GA121,GA,121,milyN=14
GA122,GA,122,milyN=14
GA123,GA,123,-
GA124,GA,124,milyN=14
GA125,GA,125,-
GA126,GA,126,milyN=14
GA127,GA,127,-
GA128,GA,128,-
GA129,GA,129,-
GA130,GA,130,-
GA131,GA,131,milyNz=14
GA132,GA,132,-
GA133,GA,133,milyN=14
GA134,GA,134,-
GA135,GA,135,-
GA136,GA,136,milyN=14
GA137,GA,137,milyNz=14
GA138,GA,138,-
GA139,GA,139,milyN=14
GA140,GA,140,-
GA141,GA,141,milyN=14
GA142,GA,142,milyNz=14
GA143,GA,143,milyN=14
GA144,GA,144,milyN=14
GA145,GA,145,mi[l]yN=14
GA146,GA,146,milyN=14
GA147,GA,147,-
GA148,GA,148,milyN=14
GA149,GA,149,milyN=14
GA150,GA,150,milyN=14
GA151,GA,151,milyN=14
GA152,GA,152,milyN=14
GA153,GA,153,-
GA154,GA,154,-
GA155,GA,155,-
GA156,GA,156,-
GA157,GA,157,-
GA158,GA,158,-
GA159,GA,159,milyNz=14
GA160,GA,160,milyN=14
GA161,GA,161,milyN=14
GA162,GA,162,milyN=14
GA163,GA,163,milyN=14
GA164,GA,164,milyN=14
GA165,GA,165,-
GA166,GA,166,mi(l)yN=14
GA167,GA,167,milyN=14
GA168,GA,168,-
GA169,GA,169,-
GA170,GA,170,milyN=14
GA171,GA,171,milyN=14
GA172,GA,172,milyN=14
GA173,GA,173,-
GA174,GA,174,-
GA175,GA,175,-
GA176,GA,176,milyN=14
GA177,GA,177,milyN=14
GA178,GA,178,-
GA179,GA,179,milyN=14
GA180,GA,180,-
GA181,GA,181,-
GA182,GA,182,milyN=14
GA183,GA,183,-
GA184,GA,184,milyNz=14
GA185,GA,185,milyN=14
GA186,GA,186,milyN=14
GA187,GA,187,-
GA188,GA,188,mi[l]yN=14
GA189,GA,189,milyN=14
GA190,GA,190,milyN=14
GA191,GA,191,mi(l)yN=14
GA192,GA,192,milyN=14
GA193,GA,193,-
GA194,GA,194,-
GA195,GA,195,mi(l)yN=14
GA196,GA,196,-
GA197,GA,197,-
GA198,GA,198,-
GA199,GA,199,-
GA200,GA,200,-
GA201,GA,201,-
GA202,GA,202,mi[l]yNz=14
GA203,GA,203,-
GA204,GA,204,-
GA205,GA,205,-
GA206,GA,206,milyNz=14
GA207,GA,207,milyN=14
GA208,GA,208,-
GA209,GA,209,milyN=14
GA210,GA,210,-
GA211,GA,211,-
GA212,GA,212,milyN=14
GA213,GA,213,milyN=14
GA214,GA,214,milyN=14
GA215,GA,215,-
GA216,GA,216,milyN=14
GA217,GA,217,-
GA218,GA,218,-
GA219,GA,219,-
GA220,GA,220,mi[l]yN=14
GA221,GA,221,milyN=14
GA222,GA,222,-
GA223,GA,223,-
GA224,GA,224,-
GA225,GA,225,-
FL226,FL,226,-
FL227,FL,227,me(l)yN=14
FL228,FL,228,-
FL229,FL,229,-
FL230,FL,230,mi(l)yN=14
FL231,FL,231,mi(l)yN=14
FL232,FL,232,milyN=14
FL233,FL,233,milyN=14
FL234,FL,234,mily[N]=14
FL234,FL,234,milyN=14
FL235,FL,235,milyN=14
FL236,FL,236,mi(l)yN=14
FL237,FL,237,-
FL238,FL,238,milyN=14
FL239,FL,239,milyN=14
FL240,FL,240,milyN=14
FL241,FL,241,-
FL242,FL,242,milyN=14
FL243,FL,243,milyN=14
FL244,FL,244,-
FL245,FL,245,milyN=14
FL246,FL,246,milyN=14
FL247,FL,247,milyN=14
FL248,FL,248,milyN=14
FL249,FL,249,-
FL250,FL,250,-
FL251,FL,251,milyN=14
FL252,FL,252,-
FL253,FL,253,milyN=14
FL254,FL,254,milyN=14
FL255,FL,255,-
FL256,FL,256,milyN=14
FL257,FL,257,milyN=14
FL258,FL,258,milyN=14
FL259,FL,259,milyN=14
FL260,FL,260,-
FL261,FL,261,milyN=14
FL262,FL,262,-
FL263,FL,263,-
FL264,FL,264,milyN=14
FL265,FL,265,milyN=14
FL266,FL,266,-
FL267,FL,267,-
FL268,FL,268,-
FL269,FL,269,milyN=14
FL270,FL,270,milyN=14
FL271,FL,271,milyN=14
FL272,FL,272,milyN=14
FL273,FL,273,milyN=14
FL274,FL,274,milyN=14
FL275,FL,275,milyN=14
FL276,FL,276,milyN=14
FL277,FL,277,milyN=14
FL278,FL,278,milyN=14
FL279,FL,279,-
FL280,FL,280,milyN=14
FL281,FL,281,milyN=14
FL282,FL,282,-
FL283,FL,283,mi(l)yN=14
FL284,FL,284,milyN=14
FL285,FL,285,milyN=14
FL286,FL,286,mi(l)yN=14
FL287,FL,287,-
FL288,FL,288,milyNz=14
FL289,FL,289,-
TN290,TN,290,mily[N]=14
TN291,TN,291,milyN=14
TN292,TN,292,milyN=14
TN293,TN,293,milyN=14
TN294,TN,294,milyN=14
TN295,TN,295,milyN=14
TN296,TN,296,milyN=14
TN297,TN,297,milyN=14
TN298,TN,298,milyN=14
TN299,TN,299,milyN=14
TN300,TN,300,milyN=14
TN301,TN,301,milyN=14
TN302,TN,302,milyN=14
TN303,TN,303,milyN=14
TN304,TN,304,milyN=14
TN305,TN,305,-
TN306,TN,306,milyN=14
TN307,TN,307,mi(l)yN=14
TN308,TN,308,-
TN309,TN,309,milyN=14
TN310,TN,310,-
TN311,TN,311,milyN=14
TN312,TN,312,-
TN313,TN,313,milyN=14
TN314,TN,314,-
TN315,TN,315,-
TN316,TN,316,mi(l)yN=14
TN317,TN,317,milyN=14
TN318,TN,318,-
TN319,TN,319,-
TN320,TN,320,milyN=14
TN321,TN,321,milyN=14
TN322,TN,322,milyN=14
TN323,TN,323,milyN=14
TN324,TN,324,milyN=14
TN325,TN,325,milyN=14
TN326,TN,326,milyN=14
TN327,TN,327,milyN=14
TN328,TN,328,milyN=14
TN329,TN,329,milyN=14
TN330,TN,330,mi[l]yN=14
TN331,TN,331,milyN=14
TN332,TN,332,milyN=14
TN333,TN,333,milyN=14
TN334,TN,334,milyNz=14
TN335,TN,335,milyN=14
TN336,TN,336,milyN=14
AL337,AL,337,milyNz=14
AL338,AL,338,milyN=14
AL339,AL,339,mi[l]yN=14
AL340,AL,340,milyM=14
AL341,AL,341,-
AL342,AL,342,milyN=14
AL343,AL,343,milyN=14
AL344,AL,344,-
AL345,AL,345,-
AL346,AL,346,-
AL347,AL,347,milyN=14
AL348,AL,348,-
AL349,AL,349,mi(l)yN=14
AL350,AL,350,milyN=14
AL351,AL,351,milyN=14
AL352,AL,352,milyN=14
AL353,AL,353,milyN=14
AL354,AL,354,-
AL355,AL,355,milyN=14
AL356,AL,356,milyN=14
AL357,AL,357,milyN=14
AL358,AL,358,mi(l)yN=14
AL359,AL,359,milyN=14
AL360,AL,360,mi(l)yN=14
AL361,AL,361,mil{d}N=14
AL362,AL,362,-
AL363,AL,363,-
AL364,AL,364,milyN=14
AL365,AL,365,mi[l]yN=14
AL366,AL,366,-
AL367,AL,367,milyN=14
AL368,AL,368,mi(l)yN=14
AL369,AL,369,-
AL370,AL,370,-
AL371,AL,371,-
AL372,AL,372,milyN=14
AL373,AL,373,milyN=14
AL374,AL,374,mi(l)yN=14
AL375,AL,375,milyN=14
AL376,AL,376,-
AL377,AL,377,-
AL378,AL,378,-
AL379,AL,379,-
AL380,AL,380,mi(l)yN=14
AL381,AL,381,milyN=14
AL382,AL,382,milyN=14
AL383,AL,383,milyN=14
AL384,AL,384,milyN=14
AL385,AL,385,milyN=14
AL386,AL,386,milyN=14
AL387,AL,387,milyN=14
AL388,AL,388,mil{d}N=14
AL389,AL,389,-
AL390,AL,390,milyN=14
AL391,AL,391,mi(l)yN=14
AL392,AL,392,mi[l]yN=14
AL393,AL,393,milyN=14
AL394,AL,394,milyN=14
AL395,AL,395,milyN=14
AL396,AL,396,-
AL397,AL,397,milyN=14
AL398,AL,398,milyN=14
AL399,AL,399,mi(l)yN=14
AL400,AL,400,mi(l)yN=14
AL401,AL,401,-
AL402,AL,402,mi[l]yN=14
AL403,AL,403,milyN=14
AL404,AL,404,milyN=14
AL405,AL,405,milyN=14
AL406,AL,406,milyN=14
AL407,AL,407,milyN=14
AL408,AL,408,mi(l)yN=14
AL409,AL,409,milyN=14
AL410,AL,410,-
AL411,AL,411,-
AL412,AL,412,milyNz=14
AL413,AL,413,mi(l)yNt=14
AL414,AL,414,mi(l)yN=14
AL415,AL,415,-
AL416,AL,416,milyN=14
AL417,AL,417,mi(l)yNz=14
AL418,AL,418,milyN=14
AL419,AL,419,milyN=14
AL420,AL,420,-
AL421,AL,421,mi[l]yN=14
AL422,AL,422,milyN=14
AL423,AL,423,milyN=14
AL424,AL,424,mi(l)yN=14
AL425,AL,425,-
AL426,AL,426,milyN=14
AL427,AL,427,mi(l)yN=14
AL428,AL,428,mi(l)yN=14
AL429,AL,429,mi(l)yN=14
AL430,AL,430,milyN=14
AL431,AL,431,milyN=14
AL432,AL,432,-
AL433,AL,433,mi(l)yN=14
AL434,AL,434,milyN=14
AL435,AL,435,milyN=14
AL436,AL,436,milyN=14
AL437,AL,437,milyN=14
AL438,AL,438,-
AL439,AL,439,milyN=14
AL440,AL,440,-
AL441,AL,441,mi(l)yN=14
AL442,AL,442,mi(l)yN=14
AL443,AL,443,milyN=14
AL444,AL,444,-
AL445,AL,445,mi(l)yNz=14
AL446,AL,446,milyN=14
AL447,AL,447,milyN=14
AL448,AL,448,mi(l)yN=14
AL449,AL,449,milyN=14
AL450,AL,450,milyN=14
AL451,AL,451,milyN=14
FL452,FL,452,mi(l)yN=14
FL453,FL,453,-
FL454,FL,454,mi[l]yNz=14
FL455,FL,455,milyN=14
FL456,FL,456,milyN=14
FL457,FL,457,mi(l)yN=14
FL458,FL,458,milyN=14
FL459,FL,459,-
FL460,FL,460,milyN=14
FL461,FL,461,mi(l)yN=14
FL462,FL,462,milyN=14
FL463,FL,463,-
FL464,FL,464,mi[l]y[N]=14
FL465,FL,465,mi(l)yN=14
FL466,FL,466,mi(l)yN=14
FL467,FL,467,-
FL468,FL,468,mi(l)yN=14
FL469,FL,469,milyNz=14
FL470,FL,470,mi(l)yN=14
FL471,FL,471,milyN=14
AL472,AL,472,milyN=14
AL473,AL,473,-
AL474,AL,474,milyN=14
AL475,AL,475,milyN=14
AL476,AL,476,milyN=14
AL477,AL,477,mi(l)yN=14
AL478,AL,478,-
AL479,AL,479,milyN=14
AL480,AL,480,milyN=14
AL481,AL,481,-
AL482,AL,482,milyN=14
AL483,AL,483,mi(l)yN=14
AL484,AL,484,mi(l)yN=14
AL485,AL,485,mi(l)yN=14
TN486,TN,486,-
TN487,TN,487,-
TN488,TN,488,milyN=14
TN489,TN,489,mi(l)yN=14
TN490,TN,490,milyN=14
TN491,TN,491,-
TN492,TN,492,-
TN493,TN,493,-
TN494,TN,494,-
TN495,TN,495,milyN=14
TN496,TN,496,mi(l)yNz=14
TN497,TN,497,milyN=14
TN498,TN,498,milyN=14
TN499,TN,499,mi(l)yN=14
TN500,TN,500,-
TN501,TN,501,milyN=14
TN502,TN,502,mi(l)yN=14
TN503,TN,503,-
TN504,TN,504,mi(l)yN=14
TN505,TN,505,mi[l]yN=14
TN506,TN,506,milyN=14
TN507,TN,507,-
TN508,TN,508,milyN=14
TN509,TN,509,milyN=14
TN510,TN,510,-
TN511,TN,511,-
TN512,TN,512,-
TN513,TN,513,milyN=14
TN514,TN,514,milyN=14
TN515,TN,515,milyN=14
TN516,TN,516,mi[l]yN=14
TN517,TN,517,milyN=14
TN518,TN,518,milyN=14
TN519,TN,519,milyN=14
MS520,MS,520,-
MS521,MS,521,milyNz=14
MS522,MS,522,milyN=14
MS523,MS,523,-
MS524,MS,524,milyN=14
MS525,MS,525,-
MS526,MS,526,milyN=14
MS527,MS,527,milyN=14
MS528,MS,528,milyN=14
MS529,MS,529,-
MS530,MS,530,-
MS531,MS,531,milyNz=14
MS532,MS,532,milyN=14
MS533,MS,533,mi(l)yN=14
MS534,MS,534,milyN=14
MS535,MS,535,milyN=14
MS536,MS,536,-
MS537,MS,537,-
MS538,MS,538,milyN=14
MS539,MS,539,mi[l]yN=14
MS540,MS,540,milyNz=14
MS541,MS,541,-
MS542,MS,542,milyN=14
MS543,MS,543,milyN=14
MS544,MS,544,mi(l)yN=14
MS545,MS,545,milyN=14
MS546,MS,546,milyN=14
MS547,MS,547,milyN=14
MS548,MS,548,milyN=14
MS549,MS,549,milyN=14
MS550,MS,550,-
MS551,MS,551,milyN=14
MS552,MS,552,-
MS553,MS,553,-
MS554,MS,554,-
MS555,MS,555,-
MS556,MS,556,-
MS557,MS,557,mi(l)yN=14
MS558,MS,558,milyN=14
MS559,MS,559,-
MS560,MS,560,-
MS561,MS,561,-
MS562,MS,562,milyN=14
MS563,MS,563,milyN=14
MS564,MS,564,milyN=14
MS565,MS,565,milyN=14
MS566,MS,566,-
MS567,MS,567,milyNz=14
MS568,MS,568,-
MS569,MS,569,-
MS570,MS,570,milyN=14
MS571,MS,571,milyN=14
MS572,MS,572,milyN=14
MS573,MS,573,mily[N]=14
MS574,MS,574,milyN=14
MS575,MS,575,milyN=14
MS576,MS,576,milyN=14
MS577,MS,577,mi(l)yN=14
MS578,MS,578,milyN=14
MS579,MS,579,-
MS580,MS,580,milyN=14
MS581,MS,581,milyN=14
MS582,MS,582,milyN=14
MS583,MS,583,milyN=14
MS584,MS,584,milyN=14
MS585,MS,585,mi[l]yN=14
MS586,MS,586,-
MS587,MS,587,mi(l)yN=14
MS588,MS,588,milyN=14
MS589,MS,589,-
MS590,MS,590,milyN=14
MS591,MS,591,milyN=14
MS592,MS,592,milyN=14
MS593,MS,593,milyN=14
MS594,MS,594,milyN=14
MS595,MS,595,milyN=14
MS596,MS,596,milyN=14
MS597,MS,597,milyN=14
MS598,MS,598,-
MS599,MS,599,mi(l)yN=14
MS600,MS,600,mi(l)yN=14
MS601,MS,601,milyN=14
MS602,MS,602,mi(l)yN=14
MS603,MS,603,-
MS604,MS,604,-
MS605,MS,605,-
MS606,MS,606,-
MS607,MS,607,milyN=14
MS608,MS,608,milyN=14
MS609,MS,609,milyN=14
MS610,MS,610,milyN=14
MS611,MS,611,milyN=14
MS612,MS,612,milIyN=144
MS613,MS,613,milyN=14
MS614,MS,614,-
MS615,MS,615,milyN=14
MS616,MS,616,milyN=14
MS617,MS,617,mi[l]yN=14
MS618,MS,618,-
MS619,MS,619,-
MS620,MS,620,mi[l]yN=14
MS621,MS,621,milyN=14
MS622,MS,622,milyN=14
MS623,MS,623,milyN=14
MS624,MS,624,mi(l)yN=14
MS625,MS,625,mi(l)yN=14
MS626,MS,626,-
MS627,MS,627,milyN=14
MS628,MS,628,milyN=14
MS629,MS,629,mi(l)yN=14
LA630,LA,630,milyN=14
LA631,LA,631,-
LA632,LA,632,milyN=14
LA633,LA,633,-
LA634,LA,634,milyN=14
LA635,LA,635,mi(l)yN=14
LA636,LA,636,milyN=14
LA637,LA,637,milyN=14
LA638,LA,638,-
LA639,LA,639,milyN=14
LA640,LA,640,milyN=14
LA641,LA,641,mi(l)yN=14
LA642,LA,642,milyNz=14
LA643,LA,643,milyN=14
LA644,LA,644,milyN=14
LA645,LA,645,milyN=14
LA646,LA,646,milyNz=14
LA647,LA,647,-
LA648,LA,648,milyN=14
LA649,LA,649,milyN=14
LA650,LA,650,milyN=14
LA651,LA,651,-
LA652,LA,652,milyN=14
LA653,LA,653,milyN=14
LA654,LA,654,milyN=14
LA655,LA,655,milyN=14
LA656,LA,656,mi(l)yN=14
LA657,LA,657,mi(l)yN=14
LA657X,LA,657X,milyN=14
LA657Y,LA,657Y,milyN=14
LA657Z,LA,657Z,milyN=14
LA658,LA,658,milyN=14
LA659,LA,659,milyN=14
LA660,LA,660,milyN=14
LA661,LA,661,milyN=14
LA662,LA,662,mi[l]yN=14
LA663,LA,663,milyNz=14
LA664,LA,664,-
LA665,LA,665,-
LA666,LA,666,-
LA667,LA,667,milyN=14
LA668,LA,668,milyN=14
LA669,LA,669,milyN=14
LA670,LA,670,-
LA671,LA,671,milyN=14
LA672,LA,672,milyN=14
LA673,LA,673,milyN=14
AR674,AR,674,-
AR675,AR,675,milyN=14
AR676,AR,676,-
AR677,AR,677,-
AR678,AR,678,milyNz=14
AR679,AR,679,milyN=14
AR680,AR,680,milyN=14
AR681,AR,681,-
AR682,AR,682,mi(l)yN=14
AR683,AR,683,milyN=14
AR684,AR,684,milyN=14
AR685,AR,685,milyN=14
AR686,AR,686,milyN=14
AR687,AR,687,mi(l)yN=14
AR688,AR,688,-
AR689,AR,689,-
AR690,AR,690,-
AR691,AR,691,-
AR692,AR,692,-
AR693,AR,693,-
AR694,AR,694,-
AR695,AR,695,milyN=14
AR696,AR,696,milyN=14
AR697,AR,697,mi(l)yN=14
AR698,AR,698,-
AR699,AR,699,-
AR700,AR,700,-
AR701,AR,701,milyN=14
AR702,AR,702,mi[l]yN=14
AR703,AR,703,-
AR704,AR,704,-
AR705,AR,705,mi{d}yN=14
AR706,AR,706,-
AR707,AR,707,mi[l]yN=14
AR708,AR,708,milyN=14
AR709,AR,709,mi[l]yN=14
AR710,AR,710,milyN=14
AR711,AR,711,mi(l)yN=14
AR712,AR,712,mi[l]yN=14
AR713,AR,713,-
AR714,AR,714,mi(l)yN=14
AR715,AR,715,-
AR716,AR,716,-
AR717,AR,717,-
AR718,AR,718,-
AR719,AR,719,-
AR720,AR,720,-
AR721,AR,721,milyN=14
AR722,AR,722,mi(l)yNz=14
AR723,AR,723,-
AR724,AR,724,-
AR725,AR,725,milyN=14
AR726,AR,726,-
AR727,AR,727,-
AR728,AR,728,-
AR729,AR,729,-
AR730,AR,730,milyN=14
AR731,AR,731,milyN=14
AR732,AR,732,-
AR733,AR,733,-
AR734,AR,734,-
AR735,AR,735,mi(l)yN=14
AR736,AR,736,-
AR737,AR,737,milyNz=14
AR738,AR,738,-
AR739,AR,739,-
AR740,AR,740,-
AR741,AR,741,milyN=14
AR742,AR,742,-
AR743,AR,743,-
AR744,AR,744,-
AR745,AR,745,-
AR746,AR,746,milyN=14
AR747,AR,747,milyN=14
AR748,AR,748,milyN=14
AR749,AR,749,mi(l)yN=14
AR750,AR,750,-
AR751,AR,751,milyN=14
AR752,AR,752,milyN=14
AR753,AR,753,mi[l]yN=14
AR754,AR,754,-
AR755,AR,755,milyN=14
LA756,LA,756,mi(l)yN=14
LA757,LA,757,mi(l)yNz=14
LA758,LA,758,milyN=14
LA759,LA,759,-
LA760,LA,760,-
LA761,LA,761,mi[l]yN=14
LA762,LA,762,-
LA763,LA,763,-
LA764,LA,764,milyN=14
LA765,LA,765,milyN=14
LA766,LA,766,milyN=14
LA767,LA,767,milyN=14
LA768,LA,768,milyN=14
LA769,LA,769,-
LA770,LA,770,milyN=14
LA771,LA,771,milyN=14
LA772,LA,772,milyN=14
LA773,LA,773,milyN=14
LA774,LA,774,-
LA775,LA,775,milyN=14
LA776,LA,776,milyN=14
LA777,LA,777,milyN=14
LA778,LA,778,milyN=14
LA779,LA,779,mi[l]yN=14
LA780,LA,780,milyN=14
LA781,LA,781,milyN=14
LA782,LA,782,milyN=14
LA783,LA,783,milyN=14
LA784,LA,784,milyN=14
LA785,LA,785,milyN=14
LA786,LA,786,milyN=14
LA787,LA,787,mi(l)yN=14
LA788,LA,788,milyN=14
LA789,LA,789,milyN=14
LA790,LA,790,milyN=14
LA791,LA,791,mi(l)yN=14
LA792,LA,792,milyN=14
LA793,LA,793,-
LA794,LA,794,milyN=14
LA795,LA,795,-
LA796,LA,796,mi(l)yN=14
LA797,LA,797,milyN=14
LA798,LA,798,-
LA799,LA,799,-
LA800,LA,800,milyN=14
LA801,LA,801,milyN=14
LA802,LA,802,-
LA803,LA,803,-
LA804,LA,804,-
LA805,LA,805,milyN=14
LA806,LA,806,milyN=14
LA807,LA,807,milyN=14
LA808,LA,808,-
LA809,LA,809,mily[N]=14
LA810,LA,810,milyN=14
LA811,LA,811,milyN=14
LA812,LA,812,-
LA813,LA,813,milyN=14
LA814,LA,814,milyN=14
LA815,LA,815,milyN=14
LA816,LA,816,milyN=14
LA817,LA,817,milyN=14
TX818,TX,818,-
TX819,TX,819,milyNt=14
TX820,TX,820,milyN=14
TX821,TX,821,mi[l]yN=14
TX822,TX,822,milyN=14
TX823,TX,823,mi(l)yN=14
TX824,TX,824,mi(l)yN=14
TX825,TX,825,milyN=14
TX826,TX,826,milyN=14
TX827,TX,827,milyN=14
TX828,TX,828,milyN=14
TX829,TX,829,milyN=14
TX830,TX,830,mi(l)yN=14
TX831,TX,831,milyN=14
TX832,TX,832,milyN=14
TX833,TX,833,milyN=14
TX834,TX,834,milyN=14
TX835,TX,835,milyN=14
TX836,TX,836,milyN=14
TX837,TX,837,-
TX838,TX,838,-
TX839,TX,839,-
TX840,TX,840,-
TX841,TX,841,-
TX842,TX,842,milyN=14
TX843,TX,843,mi(l)yN=14
TX844,TX,844,milyN=14
TX845,TX,845,-
TX846,TX,846,milyN=14
TX847,TX,847,-
TX848,TX,848,milyN=14
TX849,TX,849,milyN=14
TX850,TX,850,milyNz=14
TX851,TX,851,milyN=14
TX852,TX,852,milyN=14
TX853,TX,853,-
TX854,TX,854,-
TX855,TX,855,-
TX856,TX,856,milyN=14
TX857,TX,857,milyN=14
TX858,TX,858,milyN=14
TX859,TX,859,milyN=14
TX860,TX,860,milyN=14
TX861,TX,861,milyN=14
TX862,TX,862,mi(l)yN=14
TX863,TX,863,milyN=14
TX864,TX,864,milyN=14
TX865,TX,865,milyN=14
TX866,TX,866,mi(l)yN=14
TX867,TX,867,milyN=14
TX868,TX,868,milyN=14
TX869,TX,869,mi[l]yN=14
TX870,TX,870,milyN=14
TX871,TX,871,-
TX872,TX,872,-
TX873,TX,873,milyN=14
TX874,TX,874,milyN=14
TX875,TX,875,milyN=14
TX876,TX,876,milyN=14
TX877,TX,877,milyN=14
TX878,TX,878,-
TX879,TX,879,-
TX880,TX,880,milyN=14
TX881,TX,881,-
TX882,TX,882,-
TX883,TX,883,milyN=14
TX884,TX,884,-
TX885,TX,885,milyN=14
TX886,TX,886,milyN=14
TX887,TX,887,milyN=14
TX888,TX,888,mi(l)yNz=14
TX889,TX,889,milyN=14
TX890,TX,890,milyN=14
TX891,TX,891,milyN=14
TX892,TX,892,milyNz=14
TX893,TX,893,milyN=14
TX894,TX,894,milyN=14
TX895,TX,895,milyN=14
TX896,TX,896,-
TX897,TX,897,milyN=14
TX898,TX,898,milyN=14
TX899,TX,899,meelyN=14
TX900,TX,900,milyN=14
TX901,TX,901,milyN=14
TX902,TX,902,milyN=14
TX903,TX,903,-
TX904,TX,904,milyN=14
TX905,TX,905,milyN=14
TX906,TX,906,-
TX907,TX,907,milyN=14
TX908,TX,908,milyN=14
TX909,TX,909,-
TX910,TX,910,milyN=14
TX911,TX,911,milyN=14
