Informant,State,Informant number,Response
TN001,TN,001,-
TN002,TN,002,hondRd=14
TN003,TN,003,hondRd=14
TN004,TN,004,hundRd=14
TN005,TN,005,hundRd=14
TN006,TN,006,hundRt=14
TN007,TN,007,hondRd=14
TN008,TN,008,-
TN009,TN,009,hondrId=14
TN010,TN,010,hun(d)Rt=14
TN011,TN,011,hondRt=14
TN012,TN,012,hundRt=14
TN013,TN,013,hundRd=14
TN014,TN,014,hundrId=14
TN015,TN,015,hondRd=14
TN016,TN,016,hundrId=14
TN017,TN,017,hun(d)[R]d=14
TN018,TN,018,hondRd=14
TN019,TN,019,hundRd=14
TN020,TN,020,hundrId=14
TN021,TN,021,-
TN022,TN,022,hundrId=14
TN023,TN,023,hundRd=14
TN024,TN,024,hundrId=14
TN025,TN,025,hundRt=14
TN026,TN,026,hun(d)Rt=14
TN027,TN,027,hundrId=14
TN028,TN,028,hundRt=14
TN029,TN,029,hundrId=14
TN030,TN,030,hundrAd=14
TN031,TN,031,hundrId=14
TN032,TN,032,hundRd=14
TN033,TN,033,hundrId=14
TN034,TN,034,hundrIt=14
TN035,TN,035,hundrId=14
TN036,TN,036,hundRt=14
TN037,TN,037,hundrId=14
TN038,TN,038,hundRd=14
TN039,TN,039,hundrId=14
TN040,TN,040,hundrId=14
TN041,TN,041,hun(d)Rd=14
TN041,TN,041,hondRd=14
TN042,TN,042,hondrId=14
TN043,TN,043,hundrId=14
TN044,TN,044,hundRd=14
TN044,TN,044,hondRt=14
TN045,TN,045,hundrId=14
TN046,TN,046,hundrId=14
TN047,TN,047,hun{t}Rd=14
TN048,TN,048,hundRd=14
TN049,TN,049,hundRd=14
TN050,TN,050,hundRt=14
TN051,TN,051,hundrId=14
TN052,TN,052,-
TN053,TN,053,hun(d)Rd=14
TN054,TN,054,hun(d)Rd=14
TN055,TN,055,hundrId=14
TN056,TN,056,hundrId=14
TN057,TN,057,hundrAd=14
TN058,TN,058,hundRd=14
TN059,TN,059,hundRd=14
TN060,TN,060,hundrId=14
GA061,GA,061,hundRd=14
GA061,GA,061,hundrId=14
GA062,GA,062,hundRd=14
GA062,GA,062,hundrId=14
GA063,GA,063,hondRd=14
GA064,GA,064,hundRd=14
GA065,GA,065,hund{R}d=14
GA066,GA,066,hun(d){t}Ad=14
GA067,GA,067,-
GA068,GA,068,hund{R}d=14
GA069,GA,069,hundRd=14
GA070,GA,070,hundRd=14
GA071,GA,071,hundRd=14
GA072,GA,072,hundRd=14
GA072,GA,072,hundR(d)=14
GA073,GA,073,hundrId=14
GA074,GA,074,hund(r)Id=14
GA075,GA,075,hundRd=14
GA076,GA,076,hundrId=14
GA077,GA,077,hundRt=14
GA077,GA,077,hund(r)Id=14
GA078,GA,078,hundrId=14
GA079,GA,079,hundrId=14
GA080,GA,080,hund{R}d=14
GA081,GA,081,hondRt=14
GA082,GA,082,hund(r)Ad=14
GA083,GA,083,hundRd=14
GA084,GA,084,hund(r)Id=14
GA085,GA,085,hun(d){R}d=14
GA086,GA,086,hundrId=14
GA087,GA,087,hund{R}d=14
GA087,GA,087,hundrId=14
GA088,GA,088,hundRd=14
GA089,GA,089,hundrId=14
GA090,GA,090,hundrId=14
GA091,GA,091,hundrId=14
GA092,GA,092,-
GA093,GA,093,hundrId=14
GA094,GA,094,hundRd=14
GA095,GA,095,hundrId=14
GA096,GA,096,hund(r)Ad=14
GA097,GA,097,hundrId=14
GA098,GA,098,hund(r)Ad=14
GA098,GA,098,hond(r)Ad=14
GA099,GA,099,hundrId=14
GA100,GA,100,hundrId=14
GA101,GA,101,hundRd=14
GA102,GA,102,hundrId=14
GA103,GA,103,hundrAd=14
GA104,GA,104,hundrId=14
GA105,GA,105,hund{R}d=14
GA105,GA,105,hundrId=14
GA106,GA,106,hundred=13
GA107,GA,107,hundred=13
GA108,GA,108,hundrId=14
GA109,GA,109,hundrId=14
GA110,GA,110,hundrId=14
GA111,GA,111,hundrAd=14
GA112,GA,112,hund{R}d=14
GA113,GA,113,hund(r)Id=14
GA114,GA,114,hund{R}d=14
GA114,GA,114,hundrId=14
GA115,GA,115,hund(r)Ad=14
GA116,GA,116,hond(r)Id=14
GA117,GA,117,hund(r)Id=14
GA118,GA,118,hundrId=14
GA119,GA,119,hundrId=14
GA120,GA,120,hundrId=14
GA121,GA,121,hund(r)Id=14
GA122,GA,122,hundrId=14
GA123,GA,123,hundrId=14
GA124,GA,124,hundrId=14
GA125,GA,125,hundrAd=14
GA126,GA,126,hund(r)Id=14
GA127,GA,127,hund(r)Ad=14
GA128,GA,128,hun(dr)Id=14
GA129,GA,129,hund(r)Ad=14
GA130,GA,130,hund(r)Ad=14
GA131,GA,131,-
GA132,GA,132,hond(r)Ad=14
GA133,GA,133,hundrId=14
GA134,GA,134,hund(r)Id=14
GA135,GA,135,hund(r)Id=14
GA136,GA,136,hun{t}(r)Ad=14
GA136,GA,136,hund(r)Id=14
GA137,GA,137,hundrAd=14
GA138,GA,138,hund(r)Ad=14
GA139,GA,139,hundrAd=14
GA139,GA,139,hundrI(d)=14
GA140,GA,140,hund(r)Id=14
GA141,GA,141,hund(r)Id=14
GA141,GA,141,hundrId=14
GA142,GA,142,hund{R}d=14
GA143,GA,143,hundrId=14
GA144,GA,144,hundrId=14
GA145,GA,145,hund(r)Id=14
GA146,GA,146,hundrId=14
GA147,GA,147,hundrId=14
GA148,GA,148,hund{R}d=14
GA149,GA,149,hund(r)Id=14
GA150,GA,150,hund(r)Ad=14
GA151,GA,151,hundRd=14
GA151,GA,151,hundR(d)=14
GA152,GA,152,hundrId=14
GA153,GA,153,hundrId=14
GA154,GA,154,hundrId=14
GA155,GA,155,hund(r)Id=14
GA156,GA,156,hundrAd=14
GA157,GA,157,hundrId=14
GA158,GA,158,hun{t}Rd=14
GA158,GA,158,hun(d)Rd=14
GA159,GA,159,hundRd=14
GA160,GA,160,hundRt=14
GA161,GA,161,hund(r)Ad=14
GA162,GA,162,hundrId=14
GA163,GA,163,hund{R}d=14
GA164,GA,164,hundrId=14
GA164,GA,164,hun(d)Rd=14
GA165,GA,165,-
GA166,GA,166,hund(r)Ad=14
GA167,GA,167,hundrId=14
GA168,GA,168,hundrAd=14
GA169,GA,169,-
GA170,GA,170,hundrAd=14
GA171,GA,171,hund{R}d=14
GA172,GA,172,hund(r)Id=14
GA173,GA,173,hondRd=14
GA174,GA,174,hundRd=14
GA175,GA,175,hund(r)Ad=14
GA176,GA,176,hundRt=14
GA177,GA,177,hund{R}d=14
GA178,GA,178,hundrId=14
GA179,GA,179,hund(r)Id=14
GA180,GA,180,hund(r)Id=14
GA181,GA,181,hun(d)Rd=14
GA182,GA,182,hundRd=14
GA182,GA,182,hund(r)Ad=14
GA183,GA,183,hund(r)Ad=14
GA184,GA,184,hundrAd=14
GA185,GA,185,hundRd=14
GA186,GA,186,hundRd=14
GA187,GA,187,(h)und(r)Ad=14
GA188,GA,188,hund(r)Ad=14
GA189,GA,189,hun{t}(r)Ad=14
GA189,GA,189,hondrAd=14
GA190,GA,190,hund(r)Id=14
GA191,GA,191,hundRd=14
GA192,GA,192,hund{R}d=14
GA193,GA,193,hundRd=14
GA194,GA,194,hund{R}d=14
GA195,GA,195,hund(r)Ad=14
GA196,GA,196,hon(dr)Id=14
GA197,GA,197,hund{R}d=14
GA198,GA,198,hun(d){R}d=14
GA199,GA,199,hundRd=14
GA200,GA,200,hundrId=14
GA201,GA,201,hundrId=14
GA202,GA,202,hundrId=14
GA203,GA,203,hundrId=14
GA204,GA,204,hund{R}d=14
GA205,GA,205,hondrId=14
GA206,GA,206,hun{?}Rd=14
GA207,GA,207,hundrIt=14
GA208,GA,208,hun(d){R}d=14
GA209,GA,209,hundr{R}d=14
GA210,GA,210,hundrId=14
GA211,GA,211,hundRd=14
GA212,GA,212,hundrAd=14
GA213,GA,213,hundrId=14
GA214,GA,214,hundrId=14
GA215,GA,215,hund(r)Id=14
GA216,GA,216,hundrId=14
GA217,GA,217,hundrId=14
GA218,GA,218,hundrAd=14
GA219,GA,219,hund(r)Ad=14
GA220,GA,220,hundrId=14
GA221,GA,221,hundR(d)=14
GA222,GA,222,hondrId=14
GA223,GA,223,hund(r)Id=14
GA224,GA,224,hund(r)Id=14
GA224,GA,224,hund(r)Ad=14
GA225,GA,225,hundRt=14
FL226,FL,226,hundrAd=14
FL226,FL,226,hundrId=14
FL227,FL,227,-
FL228,FL,228,hund{R}d=14
FL229,FL,229,hundrId=14
FL230,FL,230,hundrId=14
FL231,FL,231,hundrAd=14
FL232,FL,232,hondrId=14
FL233,FL,233,hundrId=14
FL234,FL,234,hun{t}(r)Ad=14
FL235,FL,235,hun(d)Rd=14
FL236,FL,236,hun(d)Rd=14
FL237,FL,237,hundu{r}d=13
FL238,FL,238,hundrId=14
FL239,FL,239,hundrId=14
FL240,FL,240,hund{t}Id=14
FL241,FL,241,-
FL242,FL,242,hund(r)Id=14
FL243,FL,243,hundrId=14
FL244,FL,244,hund(r)Ad=14
FL245,FL,245,hundrId=14
FL246,FL,246,hund(r)Ad=14
FL247,FL,247,hundrId=14
FL248,FL,248,hundrAd=14
FL249,FL,249,hondRd=14
FL250,FL,250,hund{R}d=14
FL251,FL,251,hund(r)Ad=14
FL252,FL,252,hundRd=14
FL253,FL,253,hundrId=14
FL254,FL,254,hundrAd=14
FL255,FL,255,-
FL256,FL,256,hond{R}d=14
FL257,FL,257,hun(d)Rd=14
FL258,FL,258,hundRd=14
FL259,FL,259,hunjrId=14
FL260,FL,260,-
FL261,FL,261,hun{t}Rd=14
FL262,FL,262,hundRd=14
FL263,FL,263,hund(r)Id=14
FL264,FL,264,hundrId=14
FL265,FL,265,hund(r)Ad=14
FL266,FL,266,hundrId=14
FL267,FL,267,hundrId=14
FL268,FL,268,hun{t}(r)Ad=14
FL269,FL,269,hundRd=14
FL270,FL,270,hundR{?}=14
FL271,FL,271,hund(r)Ad=14
FL271,FL,271,hundrId=14
FL272,FL,272,hundred=13
FL273,FL,273,hundrId=14
FL274,FL,274,hundrAd=14
FL275,FL,275,hun{t}Rd=14
FL276,FL,276,hundRd=14
FL277,FL,277,hunjrId=14
FL278,FL,278,hundRd=14
FL279,FL,279,hundr{R}d=14
FL280,FL,280,hundrAd=14
FL281,FL,281,hundrId=14
FL282,FL,282,-
FL283,FL,283,hundrI(d)=14
FL283,FL,283,hundrIt=14
FL284,FL,284,hundrId=14
FL285,FL,285,hund{R}d=14
FL286,FL,286,hundrId=14
FL287,FL,287,-
FL288,FL,288,hond(r)Ad=14
FL288,FL,288,hon{t}(r)Ad=14
FL289,FL,289,hun(d)Rt=14
TN290,TN,290,hundRd=14
TN291,TN,291,hundrId=14
TN292,TN,292,hundRd=14
TN293,TN,293,hundRd=14
TN294,TN,294,hundRd=14
TN295,TN,295,hund(r)Id=14
TN296,TN,296,hundrId=14
TN297,TN,297,hundrAd=14
TN298,TN,298,hundrAd=14
TN299,TN,299,hund{R}d=14
TN300,TN,300,hundrId=14
TN300,TN,300,hun(d)Rd=14
TN301,TN,301,hon{t}(r)Ad=14
TN302,TN,302,hundRd=14
TN303,TN,303,hundrId=14
TN304,TN,304,hun{t}{R}d=14
TN304,TN,304,hund(r)Ad=14
TN305,TN,305,-
TN306,TN,306,hundRd=14
TN307,TN,307,hundrAd=14
TN308,TN,308,-
TN309,TN,309,hundrId=14
TN310,TN,310,-
TN311,TN,311,hundrId=14
TN312,TN,312,-
TN313,TN,313,-
TN314,TN,314,hun{t}rId=14
TN315,TN,315,hun{t}Rd=14
TN315,TN,315,hund{R}d=14
TN316,TN,316,hun(d){R}d=14
TN317,TN,317,hundRd=14
TN318,TN,318,hundRd=14
TN319,TN,319,-
TN320,TN,320,hundRd=14
TN320,TN,320,hundRt=14
TN321,TN,321,hund{R}d=14
TN322,TN,322,hundrAd=14
TN323,TN,323,hundRd=14
TN324,TN,324,hundRd=14
TN325,TN,325,hun(d){R}d=14
TN326,TN,326,hundRd=14
TN327,TN,327,hund{R}d=14
TN328,TN,328,hundrId=14
TN329,TN,329,hundrId=14
TN330,TN,330,hund(r)Id=14
TN331,TN,331,hund(r)Ad=14
TN332,TN,332,hundRd=14
TN332,TN,332,hundrAd=14
TN333,TN,333,hun(d)Rt=14
TN333,TN,333,hund(r)Id=14
TN334,TN,334,hundrRd=14
TN335,TN,335,hundrId=14
TN336,TN,336,hundrId=14
AL337,AL,337,hundrId=14
AL338,AL,338,hundrId=14
AL339,AL,339,hundrId=14
AL340,AL,340,hun{t}(r)Ad=14
AL341,AL,341,hun(dr)Ad=14
AL342,AL,342,hun(d)Rd=14
AL343,AL,343,hundrId=14
AL344,AL,344,hund{R}d=14
AL345,AL,345,hundrId=14
AL346,AL,346,hundrId=14
AL347,AL,347,hundrId=14
AL348,AL,348,hundrId=14
AL349,AL,349,hun{t}{R}d=14
AL349,AL,349,ho[n]d(r)At=14
AL350,AL,350,hun(d)rAd=14
AL351,AL,351,hundRd=14
AL351,AL,351,hundrId=14
AL352,AL,352,hundrId=14
AL353,AL,353,hundRd=14
AL354,AL,354,hundRd=14
AL355,AL,355,hundRd=14
AL356,AL,356,hundrId=14
AL357,AL,357,hundrId=14
AL358,AL,358,hund(r)Ad=14
AL359,AL,359,hun{t}Rd=14
AL360,AL,360,hundrId=14
AL361,AL,361,hundRd=14
AL361,AL,361,(h)undRd=14
AL362,AL,362,hun(d)Rd=14
AL363,AL,363,hundrId=14
AL363,AL,363,hunt(r)Id=14
AL364,AL,364,hund(r)Ad=14
AL365,AL,365,hundrId=14
AL366,AL,366,hun(d)Rd=14
AL367,AL,367,hundRd=14
AL368,AL,368,hundRd=14
AL368,AL,368,hund(r)Ad=14
AL369,AL,369,hundrAd=14
AL370,AL,370,hun(d){R}d=14
AL371,AL,371,-
AL372,AL,372,hundRd=14
AL373,AL,373,hundrId=14
AL373,AL,373,hundrIt=14
AL374,AL,374,hundRd=14
AL375,AL,375,hundrId=14
AL376,AL,376,hundRd=14
AL377,AL,377,hund(r)At=14
AL378,AL,378,hundrId=14
AL379,AL,379,hundrId=14
AL380,AL,380,hun{t}(r)Ad=14
AL381,AL,381,hundRd=14
AL382,AL,382,hund{R}d=14
AL383,AL,383,hundrI{?}=14
AL384,AL,384,hundrId=14
AL385,AL,385,hundrId=14
AL386,AL,386,hundrId=14
AL387,AL,387,hundRd=14
AL387,AL,387,hundrId=14
AL388,AL,388,hund{R}d=14
AL389,AL,389,hundRd=14
AL390,AL,390,hund(r)Id=14
AL391,AL,391,hundrId=14
AL392,AL,392,hund(r)Id=14
AL393,AL,393,hundrId=14
AL394,AL,394,hund{R}d=14
AL395,AL,395,hundrId=14
AL396,AL,396,-
AL397,AL,397,hundRd=14
AL398,AL,398,hundrAd=14
AL399,AL,399,hunn(r)Ad=14
AL400,AL,400,hundRd=14
AL401,AL,401,hun(dr)Ad=14
AL402,AL,402,hund(r)Id=14
AL403,AL,403,hundrId=14
AL404,AL,404,hundrAd=14
AL405,AL,405,hundrId=14
AL406,AL,406,hundrId=14
AL407,AL,407,hundrAd=14
AL408,AL,408,hund(r)Ad=14
AL408,AL,408,hun(dr)Ad=14
AL409,AL,409,hundrId=14
AL410,AL,410,hund(r)Id=14
AL410,AL,410,hun{t}(r)Ad=14
AL411,AL,411,hun(dr)Ad=14
AL412,AL,412,hun{t}(r)Id=14
AL413,AL,413,hundrId=14
AL414,AL,414,hundrId=14
AL415,AL,415,hund{R}d=14
AL416,AL,416,hundrId=14
AL417,AL,417,hundrIdz=14
AL418,AL,418,-
AL419,AL,419,hundrAd=14
AL420,AL,420,hond(r)Ad=14
AL421,AL,421,hund{t}Ad=14
AL422,AL,422,hund{R}d=14
AL423,AL,423,hundrId=14
AL424,AL,424,hundrId=14
AL425,AL,425,-
AL426,AL,426,hundRt=14
AL427,AL,427,hun(d){R}d=14
AL428,AL,428,hundrId=14
AL429,AL,429,hunnRt=14
AL430,AL,430,hundrId=14
AL431,AL,431,hundRd=14
AL432,AL,432,-
AL433,AL,433,hundrId=14
AL434,AL,434,hund(r)Id=14
AL435,AL,435,hundrId=14
AL436,AL,436,hund{R}d=14
AL437,AL,437,hundRd=14
AL438,AL,438,hund(r)Id=14
AL439,AL,439,hund{R}d=14
AL440,AL,440,hund{R}dz=14
AL441,AL,441,hundrId=14
AL442,AL,442,hundrId=14
AL442,AL,442,hun(dr)Ad=14
AL443,AL,443,hundrId=14
AL443,AL,443,hund{R}d=14
AL444,AL,444,hund{t}{R}d=14
AL445,AL,445,hundrAd=14
AL446,AL,446,hundRd=14
AL447,AL,447,hundRd=14
AL448,AL,448,hundRd=14
AL449,AL,449,hun{t}(r)Ad=14
AL450,AL,450,hond(r)Ad=14
AL450,AL,450,hund(r)Ad=14
AL451,AL,451,hundRd=14
FL452,FL,452,hun{t}Rd=14
FL453,FL,453,hund(r)Ad=14
FL454,FL,454,-
FL455,FL,455,hund{R}d=14
FL456,FL,456,hundrId=14
FL457,FL,457,hundrAd=14
FL458,FL,458,hundRd=14
FL459,FL,459,-
FL460,FL,460,hund{R}d=14
FL461,FL,461,hundRd=14
FL462,FL,462,hundRd=14
FL463,FL,463,-
FL464,FL,464,hund(r)Id=14
FL465,FL,465,hundrAd=14
FL466,FL,466,hundRt=14
FL467,FL,467,-
FL468,FL,468,hundRt=14
FL469,FL,469,hund{R}d=14
FL470,FL,470,hundRd=14
FL471,FL,471,hundrId=14
AL472,AL,472,hund(r)Ad=14
AL473,AL,473,hund(r)Ad=14
AL473,AL,473,hund{R}d=14
AL474,AL,474,hundrId=14
AL475,AL,475,hundrId=14
AL476,AL,476,hundRd=14
AL477,AL,477,hundrId=14
AL478,AL,478,-
AL479,AL,479,hundRd=14
AL480,AL,480,hundrId=14
AL481,AL,481,-
AL482,AL,482,hundrId=14
AL483,AL,483,hundRd=14
AL484,AL,484,hundrId=14
AL485,AL,485,hun{t}Rt=14
TN486,TN,486,hundrAd=14
TN487,TN,487,-
TN488,TN,488,hundRd=14
TN489,TN,489,hund(r)Ad=14
TN489,TN,489,hu[n]{t}(r)Ad=14
TN490,TN,490,-
TN491,TN,491,hundRd=14
TN491,TN,491,hun(d){R}t=14
TN492,TN,492,hun(dr)Ad=14
TN493,TN,493,hund(r)Ad=14
TN494,TN,494,-
TN495,TN,495,hund(r)Adz=14
TN496,TN,496,hundRd=14
TN497,TN,497,hundrId=14
TN498,TN,498,-
TN499,TN,499,hundrId=14
TN500,TN,500,hund{R}d=14
TN501,TN,501,hundrId=14
TN502,TN,502,hon(d)Rd=14
TN503,TN,503,hund{R}d=14
TN504,TN,504,hundrId=14
TN505,TN,505,hundrId=14
TN506,TN,506,hundRd=14
TN506,TN,506,hundrId=14
TN507,TN,507,hond(r)Ad=14
TN508,TN,508,hun(dr)It=14
TN509,TN,509,hund{R}d=14
TN510,TN,510,hund(r)Ad=14
TN511,TN,511,-
TN512,TN,512,hund(r)Id=14
TN513,TN,513,hund(r)Id=14
TN514,TN,514,hundrIt=14
TN515,TN,515,hundrId=14
TN516,TN,516,hundrId=14
TN517,TN,517,hundrId=14
TN518,TN,518,hundrId=14
TN519,TN,519,hund{R}d=14
MS520,MS,520,-
MS521,MS,521,hundrId=14
MS522,MS,522,hundrId=14
MS523,MS,523,hundrId=14
MS524,MS,524,hundrId=14
MS525,MS,525,hund(r)Ad=14
MS526,MS,526,-
MS527,MS,527,hund{R}d=14
MS528,MS,528,hun{t}(r)Id=14
MS529,MS,529,hun(dr)Ad=14
MS530,MS,530,-
MS531,MS,531,hund(r)Ad=14
MS532,MS,532,hund(r)Ad=14
MS533,MS,533,hundrId=14
MS534,MS,534,hund{R}d=14
MS535,MS,535,hundRd=14
MS535,MS,535,hunnRd=14
MS536,MS,536,hundrId=14
MS537,MS,537,hund{R}d=14
MS538,MS,538,hundrId=14
MS539,MS,539,hundRd=14
MS539,MS,539,hon(dr)I(d)=14
MS539,MS,539,hund{R}d=14
MS540,MS,540,hund(r)Id=14
MS541,MS,541,-
MS542,MS,542,hun{t}{R}d=14
MS543,MS,543,hund(r)Id=14
MS544,MS,544,hundrId=14
MS545,MS,545,hundrId=14
MS546,MS,546,hundrAd=14
MS546,MS,546,hund(r)Ad=14
MS547,MS,547,hundrId=14
MS548,MS,548,hundRd=14
MS548,MS,548,hund(r)Id=14
MS549,MS,549,hund{R}d=14
MS549,MS,549,hundrId=14
MS550,MS,550,hund(r)Id=14
MS551,MS,551,hund{R}dz=14
MS552,MS,552,-
MS553,MS,553,hunn(r)Nt=14
MS554,MS,554,hun{t}(r)Ad=14
MS555,MS,555,hun{t}(r)Ad=14
MS556,MS,556,hund{R}d=14
MS557,MS,557,hun(dr)Ad=14
MS557,MS,557,hundrId=14
MS558,MS,558,hundrId=14
MS559,MS,559,hundRd=14
MS560,MS,560,hu[n]{t}(r)A(d)=14
MS561,MS,561,hund(r)Id=14
MS562,MS,562,hundRd=14
MS562,MS,562,hundRt=14
MS563,MS,563,hundrId=14
MS564,MS,564,hundrAd=14
MS564,MS,564,hund(r)Id=14
MS565,MS,565,hundrId=14
MS566,MS,566,hundRt=14
MS567,MS,567,hunn(r)Id=14
MS568,MS,568,hund(r)Id=14
MS569,MS,569,hund(r)Ad=14
MS570,MS,570,hund(r)Ad=14
MS571,MS,571,hun(d){R}d=14
MS571,MS,571,hun(dr)At=14
MS572,MS,572,hundrAd=14
MS573,MS,573,hun{t}(r)Ad=14
MS574,MS,574,hun(d){R}t=14
MS574,MS,574,hun{t}(r)At=14
MS575,MS,575,hundrId=14
MS576,MS,576,hundrId=14
MS577,MS,577,hund(r)Ad=14
MS578,MS,578,hund{R}d=14
MS579,MS,579,hundrId=14
MS580,MS,580,hun{t}(r)Ad=14
MS581,MS,581,hundrAd=14
MS582,MS,582,hund{R}d=14
MS583,MS,583,hun{t}{R}d=14
MS583,MS,583,hund{R}t=14
MS584,MS,584,hundRd=14
MS585,MS,585,hund(r)Id=14
MS585,MS,585,hun(dr)I(d)=14
MS586,MS,586,hundrAd=14
MS586,MS,586,hund(r)Ad=14
MS587,MS,587,hund(r)Idz=14
MS588,MS,588,hund(r)Ad=14
MS589,MS,589,hundrId=14
MS590,MS,590,hundrId=14
MS591,MS,591,hun{t}Rd=14
MS592,MS,592,hundrId=14
MS592,MS,592,hund(r)Id=14
MS593,MS,593,hund(r)Id=14
MS594,MS,594,hund(r)It=14
MS595,MS,595,hundrId=14
MS596,MS,596,hund(r)Ad=14
MS597,MS,597,hundRd=14
MS598,MS,598,hundrAd=14
MS599,MS,599,hundrId=14
MS600,MS,600,hundRd=14
MS600,MS,600,hun(d)rI(d)=14
MS601,MS,601,hundRd=14
MS602,MS,602,hund(r)Ad=14
MS603,MS,603,hundRt=14
MS604,MS,604,hundRd=14
MS605,MS,605,hun(d)Rd=14
MS605,MS,605,hundRd=14
MS606,MS,606,hun(d)Rd=14
MS607,MS,607,hund(r)Id=14
MS608,MS,608,hund{R}d=14
MS609,MS,609,hund(r)Id=14
MS610,MS,610,hund(r)Ad=14
MS611,MS,611,hundrId=14
MS612,MS,612,hun{t}(r)Ad=14
MS613,MS,613,hund(r)Id=14
MS614,MS,614,hund(r)Id=14
MS615,MS,615,hundrAd=14
MS616,MS,616,hundrId=14
MS617,MS,617,hundRd=14
MS617,MS,617,hundrId=14
MS618,MS,618,hund(r)Ad=14
MS619,MS,619,hund(r)Id=14
MS620,MS,620,hun(dr)Ad=14
MS621,MS,621,hund(r)Id=14
MS622,MS,622,hundrId=14
MS623,MS,623,hundrId=14
MS624,MS,624,hundrId=14
MS625,MS,625,hund{R}d=14
MS626,MS,626,hund(r)Ad=14
MS627,MS,627,hund{R}d=14
MS628,MS,628,hundrId=14
MS629,MS,629,hun(d)Rd=14
LA630,LA,630,hondrId=14
LA631,LA,631,hundRd=14
LA632,LA,632,hund{R}d=14
LA633,LA,633,hundrId=14
LA634,LA,634,hundrId=14
LA635,LA,635,hundRd=14
LA636,LA,636,hun(d)Rd=14
LA637,LA,637,hundrId=14
LA638,LA,638,hun(dr)Ad=14
LA639,LA,639,hund{R}d=14
LA640,LA,640,hund(r)Ad=14
LA641,LA,641,hundrIt=14
LA641,LA,641,hun(d)Rt=14
LA642,LA,642,hundrId=14
LA643,LA,643,hundrId=14
LA644,LA,644,hundrId=14
LA645,LA,645,hundrId=14
LA646,LA,646,hund{R}d=14
LA647,LA,647,-
LA648,LA,648,hundrId=14
LA649,LA,649,hundrId=14
LA650,LA,650,hundrId=14
LA651,LA,651,hundrId=14
LA652,LA,652,hundrId=14
LA653,LA,653,hundrId=14
LA653,LA,653,hund{R}d=14
LA654,LA,654,hundRd=14
LA655,LA,655,hundrId=14
LA656,LA,656,hundrId=14
LA657,LA,657,hundRd=14
LA657X,LA,657X,hundrId=14
LA657Y,LA,657Y,hundrAd=14
LA657Z,LA,657Z,hundrId=14
LA658,LA,658,hund(r)Id=14
LA658,LA,658,hun(d)Rt=14
LA659,LA,659,hund(r)Id=14
LA660,LA,660,hun(dr)Id=14
LA661,LA,661,hundrIt=14
LA662,LA,662,hundrId=14
LA663,LA,663,hund{R}d=14
LA664,LA,664,hundrId=14
LA665,LA,665,hundrId=14
LA666,LA,666,hundrAd=14
LA667,LA,667,hund(r)Id=14
LA668,LA,668,hundrId=14
LA669,LA,669,hund(r)Id=14
LA670,LA,670,hundrId=14
LA671,LA,671,hundrId=14
LA672,LA,672,hundRd=14
LA672,LA,672,hundrId=14
LA673,LA,673,hundrId=14
AR674,AR,674,hundRd=14
AR675,AR,675,hundrId=14
AR676,AR,676,hun{t}(r)Ad=14
AR677,AR,677,hundRd=14
AR677,AR,677,hundrId=14
AR678,AR,678,hundRd=14
AR679,AR,679,hundrId=14
AR680,AR,680,hundrId=14
AR681,AR,681,hund{R}d=14
AR682,AR,682,hundrId=14
AR683,AR,683,hun{t}Rd=14
AR684,AR,684,hundRd=14
AR685,AR,685,hundrAd=14
AR686,AR,686,hundRd=14
AR687,AR,687,hunnRd=14
AR688,AR,688,hund(r)Id=14
AR689,AR,689,hondrId=14
AR690,AR,690,-
AR691,AR,691,hundrId=14
AR692,AR,692,hund(r)Ad=14
AR693,AR,693,hundrId=14
AR694,AR,694,hundRd=14
AR695,AR,695,hundrId=14
AR696,AR,696,hundRd=14
AR697,AR,697,hun(d){R}d=14
AR698,AR,698,hun(d)Rd=14
AR699,AR,699,hund(r)Ad=14
AR700,AR,700,hun{t}Rd=14
AR701,AR,701,hun(dr)Id=14
AR702,AR,702,hundRd=14
AR703,AR,703,-
AR704,AR,704,hundrId=14
AR704,AR,704,hunn(r)Ad=14
AR705,AR,705,hundRd=14
AR706,AR,706,hundRd=14
AR707,AR,707,hundrId=14
AR708,AR,708,hund{R}d=14
AR708,AR,708,hundr{R}d=14
AR709,AR,709,hundrId=14
AR710,AR,710,hundRd=14
AR711,AR,711,hundrId=14
AR712,AR,712,hundrId=14
AR713,AR,713,-
AR714,AR,714,hun{t}(r)Id=14
AR715,AR,715,hun(d)Rt=14
AR716,AR,716,hund{R}d=14
AR717,AR,717,-
AR718,AR,718,hundrId=14
AR719,AR,719,hundrId=14
AR720,AR,720,hund(r)Id=14
AR721,AR,721,hun{t}Rd=14
AR722,AR,722,hun(d)Rd=14
AR723,AR,723,hundRd=14
AR724,AR,724,hundRd=14
AR725,AR,725,hond{R}d=14
AR726,AR,726,hundrId=14
AR727,AR,727,hun{t}Rd=14
AR728,AR,728,hund{R}d=14
AR729,AR,729,hundRd=14
AR730,AR,730,hundrId=14
AR731,AR,731,hundrId=14
AR732,AR,732,hundRd=14
AR733,AR,733,hundRd=14
AR734,AR,734,hund{R}d=14
AR735,AR,735,hundRd=14
AR736,AR,736,hun(d)Rd=14
AR737,AR,737,hun{t}Rd=14
AR738,AR,738,hundrId=14
AR739,AR,739,hundRd=14
AR739,AR,739,hundrAd=14
AR740,AR,740,hun(d)Rd=14
AR741,AR,741,hundrId=14
AR742,AR,742,hun(d)Rd=14
AR743,AR,743,hund(r)Ad=14
AR744,AR,744,hundRd=14
AR745,AR,745,-
AR746,AR,746,-
AR747,AR,747,hundRd=14
AR748,AR,748,hun(dr)Ad=14
AR749,AR,749,hundrId=14
AR750,AR,750,hundrAd=14
AR751,AR,751,hund{R}d=14
AR752,AR,752,hundRd=14
AR753,AR,753,hundrId=14
AR754,AR,754,hund{R}d=14
AR755,AR,755,hun{t}Rd=14
LA756,LA,756,hund{R}d=14
LA757,LA,757,hundRd=14
LA758,LA,758,hundrId=14
LA759,LA,759,hund(r)Id=14
LA760,LA,760,hun{t}(r)Ad=14
LA761,LA,761,hund(r)Id=14
LA762,LA,762,hundRd=14
LA763,LA,763,hundRd=14
LA764,LA,764,hund{R}d=14
LA765,LA,765,hundrId=14
LA766,LA,766,hund(r)Ad=14
LA767,LA,767,hundRd=14
LA768,LA,768,hun(d)red=13
LA769,LA,769,hundrId=14
LA770,LA,770,hundrId=14
LA771,LA,771,hun{t}(r)Ad=14
LA772,LA,772,hund(r)Ad=14
LA773,LA,773,hund(r)Id=14
LA774,LA,774,-
LA775,LA,775,hund(r)Ad=14
LA776,LA,776,hundrId=14
LA777,LA,777,hundrId=14
LA778,LA,778,hundrRd=14
LA779,LA,779,hundrAd=14
LA780,LA,780,hun{t}Rd=14
LA781,LA,781,hund{R}d=14
LA782,LA,782,hundrId=14
LA783,LA,783,hundRd=14
LA783,LA,783,hund(r)Id=14
LA784,LA,784,hun(dr)Ad=14
LA784,LA,784,hun{t}(r)Ad=14
LA785,LA,785,hundRd=14
LA785,LA,785,hundrId=14
LA786,LA,786,hund(r)Id=14
LA787,LA,787,hundrId=14
LA788,LA,788,hund{R}d=14
LA789,LA,789,hundrId=14
LA790,LA,790,hundrId=14
LA791,LA,791,hund{R}d=14
LA792,LA,792,hundRd=14
LA793,LA,793,hundRdz=14
LA794,LA,794,hundRd=14
LA795,LA,795,hundrId=14
LA796,LA,796,hundrId=14
LA797,LA,797,hundRd=14
LA798,LA,798,hun{t}{R}d=14
LA799,LA,799,hundrId=14
LA800,LA,800,hundRd=14
LA801,LA,801,hundRt=14
LA802,LA,802,hun(d)Rd=14
LA802,LA,802,hundr{R}d=14
LA803,LA,803,hund(r)Ad=14
LA804,LA,804,-
LA805,LA,805,hundrId=14
LA806,LA,806,hund(r)Id=14
LA806,LA,806,hundrIdz=14
LA807,LA,807,hunnRd=14
LA808,LA,808,hundrId=14
LA809,LA,809,hundrId=14
LA810,LA,810,hundRd=14
LA810,LA,810,hund(r)Id=14
LA811,LA,811,hun(dr)Ad=14
LA812,LA,812,hundRd=14
LA812,LA,812,hundRt=14
LA813,LA,813,hond(r)Ad=14
LA813,LA,813,hundrId=14
LA814,LA,814,hun(d)Rd=14
LA815,LA,815,hun{t}Rd=14
LA815,LA,815,hun(d)Rt=14
LA816,LA,816,hundrId=14
LA817,LA,817,hundRd=14
LA817,LA,817,hun(d)Rd=14
TX818,TX,818,hund(r)Ad=14
TX818,TX,818,hun{t}(r)Ad=14
TX819,TX,819,hund(r)Id=14
TX820,TX,820,hundrId=14
TX821,TX,821,hund(r)Ad=14
TX822,TX,822,hundRd=14
TX822,TX,822,hundrId=14
TX823,TX,823,hun(d)Rd=14
TX824,TX,824,hundrId=14
TX825,TX,825,hun{t}{R}d=14
TX826,TX,826,hundrId=14
TX827,TX,827,hundrId=14
TX828,TX,828,hund(r)Ad=14
TX829,TX,829,hund{R}d=14
TX830,TX,830,hundrId=14
TX831,TX,831,hundrId=14
TX832,TX,832,hund(r)Id=14
TX833,TX,833,hun{t}{R}d=14
TX833,TX,833,hundrId=14
TX834,TX,834,hun{t}Rd=14
TX834,TX,834,hundrId=14
TX835,TX,835,hun(d){R}d=14
TX836,TX,836,hund{R}d=14
TX836,TX,836,ho[n]drId=14
TX837,TX,837,hundRd=14
TX838,TX,838,hund{R}d=14
TX839,TX,839,hundRt=14
TX840,TX,840,hundRd=14
TX840,TX,840,hundRt=14
TX841,TX,841,hun(d)Rt=14
TX842,TX,842,hundrId=14
TX843,TX,843,hundrAd=14
TX844,TX,844,hundrId=14
TX845,TX,845,hundrId=14
TX846,TX,846,hundrId=14
TX846,TX,846,hun{t}{R}d=14
TX847,TX,847,hund(r)Id=14
TX848,TX,848,hund(r)Id=14
TX849,TX,849,hun{t}Rd=14
TX850,TX,850,hund{R}d=14
TX850,TX,850,hundrId=14
TX851,TX,851,hund{R}d=14
TX852,TX,852,hundrId=14
TX853,TX,853,hundrId=14
TX854,TX,854,hundRd=14
TX855,TX,855,hun(d)Rd=14
TX856,TX,856,hun(d)Rd=14
TX857,TX,857,hundrId=14
TX858,TX,858,hundRd=14
TX859,TX,859,hundrId=14
TX860,TX,860,hund(r)Ad=14
TX861,TX,861,hunnRd=14
TX862,TX,862,hun(d)Rd=14
TX863,TX,863,hundrId=14
TX864,TX,864,hun{t}{R}d=14
TX865,TX,865,hundRd=14
TX866,TX,866,hundrIt=14
TX867,TX,867,hon(d){R}d=14
TX867,TX,867,hundrId=14
TX868,TX,868,hund(r)Ad=14
TX868,TX,868,hundrAd=14
TX869,TX,869,hundrId=14
TX870,TX,870,hundrId=14
TX871,TX,871,-
TX872,TX,872,-
TX873,TX,873,hundRd=14
TX873,TX,873,hundrAd=14
TX874,TX,874,hund(r)Ad=14
TX875,TX,875,hundrAd=14
TX876,TX,876,hundrId=14
TX877,TX,877,hundRd=14
TX878,TX,878,hundrId=14
TX879,TX,879,-
TX880,TX,880,hund(r)Ad=14
TX880,TX,880,hoon(dr)Ad=14
TX881,TX,881,-
TX882,TX,882,hun{t}rId=14
TX883,TX,883,hundRd=14
TX884,TX,884,hun{t}(r)Ad=14
TX885,TX,885,hundRd=14
TX886,TX,886,hundRd=14
TX887,TX,887,hundrId=14
TX888,TX,888,hundRt=14
TX889,TX,889,hundrId=14
TX890,TX,890,hundRd=14
TX891,TX,891,hundrId=14
TX892,TX,892,hundRt=14
TX893,TX,893,hundrId=14
TX894,TX,894,hundRd=14
TX895,TX,895,hundrId=14
TX896,TX,896,hundrId=14
TX897,TX,897,hundRt=14
TX898,TX,898,hundRd=14
TX899,TX,899,hundrId=14
TX899,TX,899,ho[n]dRd=14
TX900,TX,900,hund(r)At=14
TX900,TX,900,hun{t}(r)Ad=14
TX901,TX,901,hundrId=14
TX902,TX,902,hundrId=14
TX903,TX,903,hundRt=14
TX904,TX,904,hund{R}d=14
TX905,TX,905,hun(d)Rd=14
TX906,TX,906,hun(d)rId=14
TX907,TX,907,hund{R}d=14
TX908,TX,908,hundrId=14
TX909,TX,909,hundRt=14
TX910,TX,910,hundrId=14
TX910,TX,910,hund(r)Ad=14
TX911,TX,911,hundRd=14
