Informant,State,Informant number,Response
TN001,TN,001,oktoe{b}R=314
TN002,TN,002,oktoebR=134
TN003,TN,003,oktoebR=134
TN004,TN,004,oktoebR=134
TN005,TN,005,oktoebR=134
TN006,TN,006,oktoebR=134
TN007,TN,007,oktoeb[R]=314
TN008,TN,008,-
TN009,TN,009,oktoe{b}R=134
TN010,TN,010,oktoebR=134
TN011,TN,011,oktoebR=134
TN012,TN,012,oktoebR=134
TN013,TN,013,oktoe{b}R=134
TN014,TN,014,oktoebR=134
TN015,TN,015,oktoebR=134
TN016,TN,016,oktoeb{R}=314
TN017,TN,017,-
TN018,TN,018,-
TN019,TN,019,-
TN020,TN,020,-
TN021,TN,021,Aktoeb{R}=414
TN022,TN,022,oktoebR=134
TN023,TN,023,-
TN024,TN,024,-
TN025,TN,025,oktoebR=134
TN026,TN,026,-
TN027,TN,027,-
TN028,TN,028,-
TN029,TN,029,oktoeb[R]=314
TN030,TN,030,oktoeb[R]=314
TN031,TN,031,oktoebR=134
TN032,TN,032,uktoebR=314
TN033,TN,033,-
TN034,TN,034,-
TN035,TN,035,-
TN036,TN,036,oktoebR=134
TN037,TN,037,-
TN038,TN,038,-
TN039,TN,039,-
TN040,TN,040,-
TN041,TN,041,oktoebR=134
TN042,TN,042,oktoeb[R]=134
TN043,TN,043,-
TN044,TN,044,-
TN045,TN,045,-
TN046,TN,046,-
TN047,TN,047,oktoebR=134
TN048,TN,048,oktoebR=134
TN049,TN,049,oktoebR=134
TN050,TN,050,oktoebR=134
TN051,TN,051,-
TN052,TN,052,-
TN053,TN,053,oktoebR=134
TN054,TN,054,-
TN055,TN,055,oktoebR=134
TN056,TN,056,oktoe{b}R=314
TN057,TN,057,-
TN058,TN,058,oktoebR=134
TN059,TN,059,-
TN060,TN,060,-
GA061,GA,061,oktoebR=134
GA062,GA,062,-
GA063,GA,063,oktoebR=134
GA064,GA,064,oktoebR=134
GA065,GA,065,oktoeb{R}=314
GA066,GA,066,oktoeb[R]=214
GA067,GA,067,oktoeb{R}=214
GA068,GA,068,oktoebR=134
GA069,GA,069,-
GA070,GA,070,-
GA071,GA,071,oktoebR=134
GA072,GA,072,oktoeb{R}=134
GA073,GA,073,oktoebR=134
GA074,GA,074,oktoe{b}[R]=314
GA075,GA,075,oktoeb[R]=134
GA076,GA,076,oktoeb[R]=134
GA077,GA,077,oktoeb[R]=134
GA078,GA,078,-
GA079,GA,079,oktoeb[R]=134
GA080,GA,080,oktoebR=134
GA081,GA,081,oktoebR=134
GA082,GA,082,-
GA083,GA,083,-
GA084,GA,084,oktoeb[R]=134
GA085,GA,085,oktoeb[R]=214
GA086,GA,086,-
GA087,GA,087,oktoebR=214
GA088,GA,088,oktoeb{R}=134
GA089,GA,089,oktoebu[r]=123
GA090,GA,090,-
GA091,GA,091,-
GA092,GA,092,-
GA093,GA,093,oktoeb[R]=134
GA094,GA,094,oktoeb[R]=314
GA095,GA,095,oktoeb[R]=314
GA096,GA,096,oktoeb[R]=134
GA097,GA,097,oktoe{b}[R]=314
GA098,GA,098,oktoeb[R]=134
GA099,GA,099,oktoeb[R]=314
GA100,GA,100,oktoebR=214
GA101,GA,101,-
GA102,GA,102,-
GA103,GA,103,oktoe{b}[R]=314
GA104,GA,104,-
GA105,GA,105,oktoeb[R]=134
GA106,GA,106,-
GA107,GA,107,oktoeb{R}=314
GA108,GA,108,-
GA109,GA,109,oktoeb[R]=314
GA110,GA,110,oktoeb[R]=134
GA111,GA,111,awktoeb[R]=134
GA112,GA,112,-
GA113,GA,113,oktoeb[R]=314
GA114,GA,114,oktoeb[R]=134
GA115,GA,115,oktoeb[R]=134
GA116,GA,116,oktoeb[R]=134
GA117,GA,117,oktoeb[R]=134
GA118,GA,118,oktoeb[R]=134
GA119,GA,119,oktoeb[R]=314
GA120,GA,120,oktoeb{R}=134
GA121,GA,121,-
GA122,GA,122,oktoe{b}[R]=314
GA123,GA,123,-
GA124,GA,124,-
GA125,GA,125,-
GA126,GA,126,oktoeb[R]=134
GA127,GA,127,oktoeb[R]=134
GA128,GA,128,oktoeb[R]=134
GA129,GA,129,oktoeb[R]=134
GA130,GA,130,oktoeb[R]=314
GA131,GA,131,oktoeb[R]=134
GA132,GA,132,oktoeb[R]=134
GA133,GA,133,oktoeb[R]=134
GA134,GA,134,oktoeb[R]=134
GA135,GA,135,oktoeb[R]=214
GA136,GA,136,oktoeb[R]=134
GA137,GA,137,oktoeb{R}=314
GA138,GA,138,oktoeb[R]=314
GA139,GA,139,oktoeb[R]=134
GA140,GA,140,oktoeb[R]=134
GA141,GA,141,oktoeb[R]=134
GA142,GA,142,oktoeb[R]=134
GA143,GA,143,oktoeb[R]=314
GA144,GA,144,oktoeb[R]=314
GA145,GA,145,-
GA146,GA,146,oktoeb[R]=314
GA147,GA,147,oktoeb[R]=134
GA148,GA,148,oktoeb[R]=134
GA149,GA,149,oktoeb[R]=134
GA150,GA,150,oktoeb[R]=314
GA151,GA,151,oktoebR=134
GA152,GA,152,-
GA153,GA,153,oktoeb[R]=134
GA154,GA,154,-
GA155,GA,155,-
GA156,GA,156,oktoeb[R]=134
GA157,GA,157,oktoeb[R]=314
GA158,GA,158,-
GA159,GA,159,-
GA160,GA,160,oktoeb[R]=134
GA161,GA,161,Aktoeb[R]=414
GA162,GA,162,oktoev[R]=314
GA163,GA,163,oktoeb[R]=314
GA164,GA,164,-
GA165,GA,165,-
GA166,GA,166,oktoeb[R]=134
GA167,GA,167,oktoeb[R]=134
GA168,GA,168,oktoeb[R]=134
GA169,GA,169,-
GA170,GA,170,oktoeb[R]=314
GA171,GA,171,Aktoe{b}R=414
GA172,GA,172,oktoe{b}[R]=314
GA173,GA,173,oktoebR=134
GA174,GA,174,oktoeb[R]=314
GA175,GA,175,-
GA176,GA,176,oktoebR=134
GA177,GA,177,oktoeb[R]=134
GA178,GA,178,oktoeb[R]=134
GA179,GA,179,oktoe{b}[R]=134
GA180,GA,180,oktoeb[R]=134
GA181,GA,181,-
GA182,GA,182,oktoeb{R}=314
GA183,GA,183,oktoebR=134
GA184,GA,184,-
GA185,GA,185,oktoebR=134
GA186,GA,186,oktoebR=134
GA187,GA,187,oktoeb{R}=134
GA188,GA,188,oktoew[R]=134
GA189,GA,189,oktoeb[R]=314
GA190,GA,190,oktoeb[R]=134
GA191,GA,191,-
GA192,GA,192,oktoeb{R}=134
GA193,GA,193,-
GA194,GA,194,oktoeb{R}=314
GA195,GA,195,-
GA196,GA,196,oktoeb[R]=134
GA197,GA,197,oktoeb{R}=134
GA198,GA,198,oktoeb{R}=134
GA199,GA,199,-
GA200,GA,200,oktoeb[R]=314
GA201,GA,201,-
GA202,GA,202,oktoeb[R]=314
GA203,GA,203,oktoebR=134
GA204,GA,204,oktoebR=134
GA205,GA,205,-
GA206,GA,206,oktoebR=134
GA207,GA,207,oktoeb[R]=314
GA208,GA,208,awktoebR=314
GA209,GA,209,oktoeb[R]=314
GA210,GA,210,oktoeb[R]=314
GA211,GA,211,oktoebR=214
GA212,GA,212,-
GA213,GA,213,oktoeb[R]=314
GA214,GA,214,oktoeb[R]=314
GA215,GA,215,oktoeb[R]=134
GA216,GA,216,oktoeb[R]=314
GA217,GA,217,oktoeb[R]=134
GA218,GA,218,oktoeb[R]=134
GA219,GA,219,-
GA220,GA,220,oktoe{b}R=134
GA221,GA,221,oktoeb[R]=314
GA222,GA,222,-
GA223,GA,223,oktoeb{R}=134
GA224,GA,224,-
GA225,GA,225,oktoeb{R}=134
FL226,FL,226,oktoeb[R]=134
FL227,FL,227,-
FL228,FL,228,oktoeb[R]=314
FL229,FL,229,oktoeb[R]=134
FL230,FL,230,-
FL231,FL,231,-
FL232,FL,232,AktoebR=414
FL233,FL,233,oktoeb[R]=314
FL234,FL,234,oktoeb[R]=314
FL235,FL,235,-
FL236,FL,236,oktoebR=124
FL237,FL,237,oktoeb{R}=314
FL238,FL,238,oktoebR=134
FL239,FL,239,-
FL240,FL,240,-
FL241,FL,241,-
FL242,FL,242,oktoeb{R}=314
FL243,FL,243,oktoebR=124
FL244,FL,244,-
FL245,FL,245,oktoeb[R]=314
FL246,FL,246,oktoe{b}[R]=134
FL247,FL,247,oktoeb[R]=314
FL248,FL,248,-
FL249,FL,249,-
FL250,FL,250,oktoeb{R}=314
FL251,FL,251,oktoeb[R]=134
FL252,FL,252,-
FL253,FL,253,oktoebR=214
FL254,FL,254,orktoebR=314
FL255,FL,255,-
FL256,FL,256,oktoeb[R]=134
FL257,FL,257,oktoebR=134
FL258,FL,258,-
FL259,FL,259,-
FL260,FL,260,-
FL261,FL,261,-
FL262,FL,262,oktoeb{R}=134
FL263,FL,263,-
FL264,FL,264,-
FL265,FL,265,oktoeb[R]=134
FL266,FL,266,-
FL267,FL,267,oktoeb[R]=314
FL268,FL,268,-
FL269,FL,269,-
FL270,FL,270,oktoeb[R]=314
FL271,FL,271,oktoeb[R]=314
FL272,FL,272,oktoebR=134
FL273,FL,273,-
FL274,FL,274,-
FL275,FL,275,-
FL276,FL,276,oktoeb[R]=314
FL277,FL,277,oktoeb[R]=314
FL278,FL,278,-
FL279,FL,279,-
FL280,FL,280,oktoeb[R]=314
FL281,FL,281,oktoeb[R]=314
FL282,FL,282,-
FL283,FL,283,o(k)toe{b}R=314
FL284,FL,284,-
FL285,FL,285,-
FL286,FL,286,-
FL287,FL,287,-
FL288,FL,288,oktoeb[R]=314
FL289,FL,289,oktoeb[R]=314
TN290,TN,290,-
TN291,TN,291,-
TN292,TN,292,oktoebR=134
TN293,TN,293,oktoe{b}[R]=134
TN294,TN,294,-
TN295,TN,295,oktoeb[R]=314
TN296,TN,296,oktoeb{R}=134
TN297,TN,297,-
TN298,TN,298,oktoeb[R]=214
TN299,TN,299,oktoeb{R}=134
TN300,TN,300,oktoebR=134
TN301,TN,301,oktoeb[R]=314
TN302,TN,302,oktoebR=134
TN303,TN,303,oktoeb[R]=314
TN304,TN,304,oktoeb{R}=134
TN305,TN,305,-
TN306,TN,306,-
TN307,TN,307,-
TN308,TN,308,-
TN309,TN,309,oktoeb[R]=124
TN310,TN,310,-
TN311,TN,311,-
TN312,TN,312,-
TN313,TN,313,-
TN314,TN,314,-
TN315,TN,315,oktoeb{R}=314
TN316,TN,316,oktoeb[R]=134
TN317,TN,317,oktoeb{R}=314
TN318,TN,318,-
TN319,TN,319,-
TN320,TN,320,-
TN321,TN,321,oktoeb[R]=134
TN322,TN,322,-
TN323,TN,323,oktoeb[R]=134
TN324,TN,324,oktoebR=134
TN325,TN,325,oktoebR=134
TN326,TN,326,oktoebR=134
TN327,TN,327,oktoeb{R}=314
TN328,TN,328,oktoeb{R}=314
TN329,TN,329,-
TN330,TN,330,oktoeb[R]=314
TN331,TN,331,awktoeb[R]=314
TN332,TN,332,oktoeb[R]=124
TN333,TN,333,oktoebR=134
TN334,TN,334,-
TN335,TN,335,oktoebR=134
TN336,TN,336,-
AL337,AL,337,-
AL338,AL,338,oktoebR=134
AL339,AL,339,-
AL340,AL,340,oktoeb[R]=314
AL341,AL,341,-
AL342,AL,342,-
AL343,AL,343,-
AL344,AL,344,oktoeb[R]=314
AL345,AL,345,oktoeb{R}=314
AL346,AL,346,oktoeb[R]=314
AL347,AL,347,oktoeb[R]=314
AL348,AL,348,-
AL349,AL,349,oktoeb{R}=134
AL350,AL,350,oktoeb{R}=314
AL351,AL,351,oktoeb[R]=314
AL352,AL,352,AktoebR=414
AL353,AL,353,-
AL354,AL,354,oktoebR=134
AL355,AL,355,-
AL356,AL,356,oktoebR=134
AL357,AL,357,-
AL358,AL,358,-
AL359,AL,359,-
AL360,AL,360,-
AL361,AL,361,oktoebR=134
AL362,AL,362,-
AL363,AL,363,oktoeb{R}=314
AL364,AL,364,oktoeb[R]=314
AL365,AL,365,-
AL366,AL,366,-
AL367,AL,367,-
AL368,AL,368,oktoe{d}R=314
AL369,AL,369,oktoeb[R]=134
AL370,AL,370,-
AL371,AL,371,-
AL372,AL,372,oktoeb[R]=314
AL373,AL,373,-
AL374,AL,374,-
AL375,AL,375,-
AL376,AL,376,-
AL377,AL,377,oktoeb[R]=214
AL378,AL,378,-
AL379,AL,379,-
AL380,AL,380,oktoe{b}[R]=314
AL381,AL,381,oktoebR=134
AL382,AL,382,oktoeb[R]=314
AL383,AL,383,-
AL384,AL,384,Aktoeb{R}=414
AL385,AL,385,oktoeb{R}=134
AL386,AL,386,oktoeb[R]=314
AL387,AL,387,-
AL388,AL,388,oktoeb[R]=314
AL389,AL,389,oktoebR=134
AL390,AL,390,oktoebR=134
AL391,AL,391,-
AL392,AL,392,-
AL393,AL,393,oktoeb[R]=134
AL394,AL,394,oktoeb[R]=314
AL395,AL,395,oktoeb[R]=314
AL396,AL,396,-
AL397,AL,397,-
AL398,AL,398,oktoeb[R]=314
AL399,AL,399,oktoeb[R]=134
AL400,AL,400,oktoeb[R]=314
AL401,AL,401,-
AL402,AL,402,oktoeb[R]=134
AL403,AL,403,-
AL404,AL,404,oktoeb[R]=314
AL405,AL,405,Aktoe{b}R=414
AL406,AL,406,oktoeb[R]=314
AL407,AL,407,oktoeb[R]=134
AL408,AL,408,-
AL409,AL,409,oktoeb[R]=314
AL410,AL,410,oktoeb[R]=314
AL411,AL,411,-
AL412,AL,412,-
AL413,AL,413,oktoeb[R]=314
AL414,AL,414,oktoeb{R}=314
AL415,AL,415,oktoeb[R]=314
AL416,AL,416,oktoeb[R]=314
AL417,AL,417,oktoeb[R]=134
AL418,AL,418,oktoeb{R}=314
AL419,AL,419,-
AL420,AL,420,oktoeb[R]=314
AL421,AL,421,oktoeb[R]=314
AL422,AL,422,oktoeb{R}=314
AL423,AL,423,-
AL424,AL,424,oktoebR=134
AL425,AL,425,oktoeb{R}=314
AL426,AL,426,oktoebR=134
AL427,AL,427,-
AL428,AL,428,oktoeb[R]=214
AL429,AL,429,-
AL430,AL,430,-
AL431,AL,431,oktoeb{R}=314
AL432,AL,432,-
AL433,AL,433,oktoeb[R]=314
AL434,AL,434,oktoeb[R]=134
AL435,AL,435,-
AL436,AL,436,oktoebR=214
AL437,AL,437,-
AL438,AL,438,oktoeb[R]=314
AL439,AL,439,oktoeb[R]=134
AL440,AL,440,-
AL441,AL,441,oktoeb{R}=134
AL442,AL,442,oktoeb[R]=314
AL443,AL,443,-
AL444,AL,444,oktoeb[R]=314
AL445,AL,445,oktoeb[R]=214
AL446,AL,446,oktoebR=134
AL447,AL,447,oktoebR=134
AL448,AL,448,oktoeb{R}=314
AL449,AL,449,oktoeb[R]=134
AL450,AL,450,oktoeb[R]=314
AL451,AL,451,-
FL452,FL,452,-
FL453,FL,453,-
FL454,FL,454,oktoeb[R]=314
FL455,FL,455,-
FL456,FL,456,oktoeb[R]=314
FL457,FL,457,-
FL458,FL,458,-
FL459,FL,459,-
FL460,FL,460,oktoeb{R}=214
FL461,FL,461,oktoebR=134
FL462,FL,462,oktoeb{R}=314
FL463,FL,463,-
FL464,FL,464,oktoeb[R]=134
FL465,FL,465,oktoeb{R}=134
FL466,FL,466,-
FL467,FL,467,-
FL468,FL,468,o(k)toeb[R]=314
FL469,FL,469,awktoeb{R}=314
FL470,FL,470,-
FL471,FL,471,oktoeb[R]=314
AL472,AL,472,oktoeb[R]=134
AL473,AL,473,oktoeb{R}=314
AL474,AL,474,-
AL475,AL,475,oktoeb[R]=134
AL476,AL,476,oktoebR=134
AL477,AL,477,oktoeb[R]=134
AL478,AL,478,-
AL479,AL,479,oktoeb[R]=134
AL480,AL,480,oktoeb[R]=314
AL481,AL,481,oktoeb[R]=314
AL482,AL,482,oktoeb[R]=314
AL483,AL,483,-
AL484,AL,484,-
AL485,AL,485,-
TN486,TN,486,oktoeb[R]=134
TN487,TN,487,-
TN488,TN,488,-
TN489,TN,489,oktoeb{R}=314
TN490,TN,490,-
TN491,TN,491,-
TN492,TN,492,-
TN493,TN,493,oktoeb[R]=314
TN494,TN,494,oktoebR=134
TN495,TN,495,oktoeb[R]=314
TN496,TN,496,AktoebR=414
TN497,TN,497,oktoeb{R}=134
TN498,TN,498,oktoebR=134
TN499,TN,499,oktoeb{R}=214
TN500,TN,500,oktoebR=134
TN501,TN,501,oktoeb[R]=314
TN502,TN,502,-
TN503,TN,503,oktoeb[R]=134
TN504,TN,504,oktoebR=134
TN505,TN,505,o(k)toeb[R]=314
TN506,TN,506,-
TN507,TN,507,oktoeb[R]=314
TN508,TN,508,oktoeb[R]=314
TN509,TN,509,-
TN510,TN,510,oktoeb[R]=314
TN511,TN,511,awktoebR=314
TN512,TN,512,oktoe{b}[R]=134
TN513,TN,513,oktoeb[R]=314
TN514,TN,514,-
TN515,TN,515,-
TN516,TN,516,-
TN517,TN,517,-
TN518,TN,518,awktoebR=314
TN519,TN,519,oktoeb{R}=134
MS520,MS,520,oktoeb[R]=314
MS521,MS,521,-
MS522,MS,522,-
MS523,MS,523,-
MS524,MS,524,-
MS525,MS,525,awktoeb[R]=134
MS526,MS,526,oktoeb[R]=314
MS527,MS,527,oktoeb{R}=134
MS528,MS,528,-
MS529,MS,529,-
MS530,MS,530,oktoeb{R}=314
MS531,MS,531,oktoeb[R]=134
MS532,MS,532,oktoeb[R]=134
MS533,MS,533,oktoevR=314
MS534,MS,534,awktoeb{R}=314
MS535,MS,535,oktoebR=134
MS536,MS,536,oktoeb{R}=134
MS537,MS,537,oktoeb[R]=314
MS538,MS,538,oktoeb[R]=314
MS539,MS,539,oktoeb[R]=134
MS540,MS,540,-
MS541,MS,541,-
MS542,MS,542,oktoeb{R}=314
MS543,MS,543,oktoebw[R]=314
MS544,MS,544,oktoeb{R}=134
MS545,MS,545,oktoeb[R]=314
MS546,MS,546,-
MS547,MS,547,-
MS548,MS,548,oktoebR=134
MS549,MS,549,oktoeb{R}=314
MS550,MS,550,-
MS551,MS,551,-
MS552,MS,552,oktoeb[R]=134
MS553,MS,553,oktoeb[R]=134
MS554,MS,554,-
MS555,MS,555,oktoeb[R]=314
MS556,MS,556,-
MS557,MS,557,oktoeb[R]=314
MS558,MS,558,-
MS559,MS,559,-
MS560,MS,560,-
MS561,MS,561,-
MS562,MS,562,oktoeb[R]=314
MS563,MS,563,oktoeb[R]=314
MS564,MS,564,oktoeb[R]=134
MS565,MS,565,oktoeb[R]=314
MS566,MS,566,oktoeb[R]=134
MS567,MS,567,-
MS568,MS,568,oktoeb[R]=134
MS569,MS,569,-
MS570,MS,570,oktoeb[R]=314
MS571,MS,571,oktoeb[R]=314
MS572,MS,572,oktoeb[R]=134
MS573,MS,573,oktoeb[R]=314
MS574,MS,574,oktoeb[R]=134
MS575,MS,575,oktoeb[R]=314
MS576,MS,576,oktoeb{R}=314
MS577,MS,577,oktoeb[R]=134
MS578,MS,578,oktoeb{R}=134
MS579,MS,579,oktoeb[R]=314
MS580,MS,580,oktoeb[R]=314
MS581,MS,581,oktoeb[R]=314
MS582,MS,582,oktoeb[R]=134
MS583,MS,583,Aktoeb[R]=414
MS584,MS,584,oktoebR=134
MS585,MS,585,oktoe{b}[R]=314
MS586,MS,586,oktoeb[R]=314
MS587,MS,587,awktoeb[R]=314
MS588,MS,588,oktoeb[R]=214
MS589,MS,589,-
MS590,MS,590,-
MS591,MS,591,-
MS592,MS,592,-
MS593,MS,593,oktoeb[R]=134
MS594,MS,594,oktoe{b}[R]=134
MS595,MS,595,AktoebR=414
MS596,MS,596,oktoeb[R]=214
MS596,MS,596,oktoeb[R]=134
MS597,MS,597,awktoebR=134
MS598,MS,598,oktoeb[R]=314
MS599,MS,599,-
MS600,MS,600,oktoebR=134
MS601,MS,601,-
MS602,MS,602,-
MS603,MS,603,-
MS604,MS,604,-
MS605,MS,605,-
MS606,MS,606,-
MS607,MS,607,oktoeb[R]=134
MS608,MS,608,oktoeb{R}=314
MS609,MS,609,oktoeb[R]=214
MS610,MS,610,oktoeb[R]=214
MS611,MS,611,oktoe{b}[R]=314
MS612,MS,612,oktoeb[R]=314
MS613,MS,613,oktoeb[R]=134
MS614,MS,614,-
MS615,MS,615,oktoeb{R}=214
MS616,MS,616,oktoebR=214
MS617,MS,617,oktoeb[R]=214
MS618,MS,618,oktoeb[R]=314
MS619,MS,619,Aktoeb[R]=414
MS620,MS,620,oktoeb[R]=314
MS621,MS,621,oktoeb[R]=314
MS622,MS,622,oktoeb{R}=314
MS623,MS,623,-
MS624,MS,624,-
MS625,MS,625,oktoeb{R}=314
MS626,MS,626,-
MS627,MS,627,oktoeb[R]=134
MS628,MS,628,-
MS629,MS,629,oktoebR=134
LA630,LA,630,oktoeb[R]=314
LA631,LA,631,-
LA632,LA,632,oktoeb{R}=314
LA633,LA,633,-
LA634,LA,634,oktoeb[R]=134
LA635,LA,635,oktoebR=134
LA636,LA,636,-
LA637,LA,637,oktoeb[R]=314
LA638,LA,638,oktoeb[R]=214
LA639,LA,639,oktoeb{R}=134
LA640,LA,640,oktoeb[R]=214
LA641,LA,641,oktoeb[R]=314
LA642,LA,642,-
LA643,LA,643,AktoebR=414
LA644,LA,644,-
LA645,LA,645,oktoeb{R}=314
LA646,LA,646,oktoeb{R}=314
LA647,LA,647,-
LA648,LA,648,oktoeb[R]=314
LA649,LA,649,-
LA650,LA,650,oktoeb[R]=314
LA651,LA,651,-
LA652,LA,652,-
LA653,LA,653,oktoeb{R}=314
LA654,LA,654,oktoeb[R]=314
LA655,LA,655,oktoeb[R]=314
LA656,LA,656,-
LA657,LA,657,oktoeb[R]=314
LA657X,LA,657X,oktoeb[R]=314
LA657Y,LA,657Y,oktoeb[R]=314
LA657Z,LA,657Z,oktoeb{R}=314
LA658,LA,658,oktoeb[R]=314
LA659,LA,659,oktoeb[R]=314
LA660,LA,660,awktoeb[R]=314
LA661,LA,661,-
LA662,LA,662,oktoeb[R]=314
LA663,LA,663,-
LA664,LA,664,oktoeb[R]=314
LA665,LA,665,oktoeb[R]=314
LA666,LA,666,oktoebR=134
LA667,LA,667,oktoeb[R]=314
LA668,LA,668,oktoeb[R]=314
LA669,LA,669,oktoeb[R]=314
LA670,LA,670,-
LA671,LA,671,-
LA672,LA,672,-
LA673,LA,673,o(k)toeb[R]=314
AR674,AR,674,oktoebR=134
AR675,AR,675,-
AR676,AR,676,-
AR677,AR,677,oktoeb[R]=314
AR678,AR,678,oktoebR=134
AR679,AR,679,-
AR680,AR,680,-
AR681,AR,681,-
AR682,AR,682,oktoebR=134
AR683,AR,683,oktoebR=134
AR684,AR,684,oktoebR=134
AR685,AR,685,-
AR686,AR,686,-
AR687,AR,687,oktoebR=134
AR688,AR,688,oktoeb[R]=214
AR689,AR,689,oktoeb{R}=134
AR690,AR,690,oktoeb[R]=314
AR691,AR,691,-
AR692,AR,692,Aktoeb[R]=414
AR693,AR,693,-
AR694,AR,694,oktoebR=134
AR695,AR,695,-
AR696,AR,696,oktoe{b}[R]=134
AR697,AR,697,oktoeb{R}=134
AR698,AR,698,-
AR699,AR,699,-
AR700,AR,700,-
AR701,AR,701,oktoeb[R]=134
AR702,AR,702,-
AR703,AR,703,-
AR704,AR,704,-
AR705,AR,705,-
AR706,AR,706,-
AR707,AR,707,oktoe{b}[R]=314
AR708,AR,708,oktoeb[R]=134
AR709,AR,709,-
AR710,AR,710,-
AR711,AR,711,oktoebR=214
AR712,AR,712,-
AR713,AR,713,awktoebR=314
AR714,AR,714,oktoebR=134
AR715,AR,715,-
AR716,AR,716,oktoeb[R]=134
AR717,AR,717,-
AR718,AR,718,oktoeb{R}=314
AR719,AR,719,oktoebR=134
AR720,AR,720,-
AR721,AR,721,oktoebR=134
AR722,AR,722,oktoebR=134
AR723,AR,723,oktoebR=134
AR724,AR,724,oktoebR=134
AR725,AR,725,-
AR726,AR,726,-
AR727,AR,727,awktoebR=214
AR728,AR,728,oktoeb[R]=314
AR729,AR,729,oktoebR=134
AR730,AR,730,-
AR731,AR,731,-
AR732,AR,732,-
AR733,AR,733,oktoebR=134
AR734,AR,734,-
AR735,AR,735,-
AR736,AR,736,-
AR737,AR,737,-
AR738,AR,738,oktoebR=134
AR739,AR,739,-
AR740,AR,740,oktoebR=134
AR741,AR,741,-
AR742,AR,742,-
AR743,AR,743,oktoeb[R]=134
AR744,AR,744,oktoebR=134
AR745,AR,745,-
AR746,AR,746,oktoeb[R]=134
AR747,AR,747,oktoebR=134
AR748,AR,748,oktoeb[R]=134
AR749,AR,749,-
AR750,AR,750,-
AR751,AR,751,oktoeb{R}=134
AR752,AR,752,-
AR753,AR,753,-
AR754,AR,754,oktoeb{R}=314
AR755,AR,755,o(k)toebR=314
LA756,LA,756,-
LA757,LA,757,oktoeb{R}=314
LA758,LA,758,oktoeb[R]=134
LA759,LA,759,oktoeb[R]=214
LA760,LA,760,-
LA761,LA,761,-
LA762,LA,762,oktoeb[R]=134
LA763,LA,763,-
LA764,LA,764,oktoeb[R]=314
LA765,LA,765,oktoeb[R]=134
LA766,LA,766,oktoebR=134
LA767,LA,767,oktoeb[R]=124
LA768,LA,768,oktoebR=134
LA769,LA,769,oktoeb{R}=314
LA770,LA,770,-
LA771,LA,771,oktoeb[R]=314
LA772,LA,772,oktoeb[R]=314
LA773,LA,773,oktoe{b}[R]=134
LA774,LA,774,-
LA775,LA,775,oktoeb[R]=314
LA776,LA,776,-
LA777,LA,777,oktoeb[R]=314
LA778,LA,778,-
LA779,LA,779,-
LA780,LA,780,-
LA781,LA,781,oktoeb[R]=314
LA782,LA,782,oktoeb[R]=314
LA783,LA,783,oktoe{d}R=134
LA784,LA,784,oktoeb[R]=314
LA785,LA,785,oktoeb[R]=314
LA786,LA,786,oktoeb[R]=314
LA787,LA,787,-
LA788,LA,788,oktoeb{R}=314
LA789,LA,789,-
LA790,LA,790,-
LA791,LA,791,oktoeb[R]=314
LA792,LA,792,-
LA793,LA,793,-
LA794,LA,794,oktoebR=134
LA795,LA,795,oktoe{d}R=134
LA796,LA,796,oktoeb{R}=314
LA797,LA,797,-
LA798,LA,798,oktoeb{R}=314
LA799,LA,799,-
LA800,LA,800,oktoebR=134
LA801,LA,801,-
LA802,LA,802,oktoeb[R]=314
LA803,LA,803,oktoeb[R]=314
LA804,LA,804,-
LA805,LA,805,awktoeb{R}=314
LA806,LA,806,oktoeb[R]=314
LA807,LA,807,oktoebR=124
LA808,LA,808,oktoeb[R]=314
LA809,LA,809,oktoeb[R]=314
LA810,LA,810,oktoe{b}[R]=314
LA811,LA,811,oktoev[R]=314
LA812,LA,812,oktoeb[R]=314
LA813,LA,813,oktoeb{R}=314
LA814,LA,814,-
LA815,LA,815,oktoe{b}[R]=314
LA816,LA,816,-
LA817,LA,817,oktoebR=134
TX818,TX,818,-
TX819,TX,819,oktoebR=134
TX820,TX,820,-
TX821,TX,821,oktoeb[R]=314
TX822,TX,822,oktoebR=134
TX823,TX,823,-
TX824,TX,824,-
TX825,TX,825,oktoebR=134
TX826,TX,826,-
TX827,TX,827,-
TX828,TX,828,oktoeb[R]=314
TX829,TX,829,oktoeb[R]=314
TX830,TX,830,-
TX831,TX,831,-
TX832,TX,832,-
TX833,TX,833,oktoeb{R}=314
TX834,TX,834,oktoeb{R}=134
TX835,TX,835,oktoeb{R}=134
TX836,TX,836,-
TX837,TX,837,-
TX838,TX,838,oktoebR=134
TX839,TX,839,-
TX840,TX,840,-
TX841,TX,841,-
TX842,TX,842,oktoebR=134
TX843,TX,843,-
TX844,TX,844,-
TX845,TX,845,-
TX846,TX,846,oktoeb[R]=314
TX847,TX,847,-
TX848,TX,848,oktoeb[R]=314
TX849,TX,849,oktoeb[R]=214
TX850,TX,850,-
TX851,TX,851,oktoeb[R]=134
TX852,TX,852,-
TX853,TX,853,-
TX854,TX,854,oktoebR=214
TX855,TX,855,-
TX856,TX,856,oktoeb[R]=314
TX857,TX,857,oktoeb[R]=314
TX858,TX,858,oktoeb[R]=314
TX859,TX,859,-
TX860,TX,860,oktoeb[R]=314
TX861,TX,861,oktoeb{R}=314
TX862,TX,862,oktoebR=134
TX863,TX,863,-
TX864,TX,864,oktoeb[R]=314
TX865,TX,865,oktoeb{R}=314
TX866,TX,866,oktoeb[R]=314
TX867,TX,867,oktoeb{R}=314
TX868,TX,868,oktoeb[R]=134
TX869,TX,869,oktoeb{R}=314
TX870,TX,870,-
TX871,TX,871,-
TX872,TX,872,-
TX873,TX,873,oktoeb[R]=314
TX874,TX,874,oktoeb[R]=134
TX875,TX,875,oktoeb{R}=314
TX876,TX,876,-
TX877,TX,877,-
TX878,TX,878,-
TX879,TX,879,-
TX880,TX,880,oktoe{b}[R]=314
TX881,TX,881,-
TX882,TX,882,oktoeb[R]=314
TX883,TX,883,-
TX884,TX,884,-
TX885,TX,885,-
TX886,TX,886,-
TX887,TX,887,-
TX888,TX,888,oktoeb[R]=314
TX889,TX,889,oktoeb{R}=314
TX890,TX,890,AktoebR=414
TX891,TX,891,-
TX892,TX,892,-
TX893,TX,893,-
TX894,TX,894,-
TX895,TX,895,oektoebR=314
TX896,TX,896,oktoeb{R}=314
TX897,TX,897,-
TX898,TX,898,awktoe{b}R=314
TX899,TX,899,oktoeb{R}=124
TX900,TX,900,awktoebR=314
TX901,TX,901,-
TX902,TX,902,-
TX903,TX,903,-
TX904,TX,904,oktoeb[R]=314
TX905,TX,905,-
TX906,TX,906,-
TX907,TX,907,oktoeb{R}=314
TX908,TX,908,oktoeb{R}=314
TX909,TX,909,-
TX910,TX,910,oktoeb[R]=314
TX911,TX,911,AktoebR=414
