Informant,State,Informant number,Response
TN001,TN,001,sevMt=14
TN002,TN,002,sevNth=14
TN003,TN,003,sevMt=14
TN004,TN,004,sevNth=14
TN005,TN,005,sevNth=14
TN006,TN,006,sevNt=14
TN007,TN,007,sevN(th)=14
TN008,TN,008,-
TN009,TN,009,sevNth=14
TN010,TN,010,sevNt=14
TN011,TN,011,sevNt=14
TN012,TN,012,sebNt=14
TN013,TN,013,sevNth=14
TN014,TN,014,sevNth=14
TN015,TN,015,sevNth=14
TN016,TN,016,sevNth=14
TN017,TN,017,sevNth=14
TN018,TN,018,sevNth=14
TN019,TN,019,sebMth=14
TN020,TN,020,sevNth=14
TN021,TN,021,sevNth=14
TN022,TN,022,sevNth=14
TN023,TN,023,sebMf=14
TN024,TN,024,sevNth=14
TN025,TN,025,-
TN026,TN,026,sevNt=14
TN027,TN,027,se{v}Nt=14
TN028,TN,028,sevNth=14
TN029,TN,029,sevNth=14
TN030,TN,030,sevNth=14
TN031,TN,031,sevNth=14
TN032,TN,032,sevNth=14
TN033,TN,033,sevNth=14
TN034,TN,034,sevNth=14
TN035,TN,035,sevNth=14
TN036,TN,036,sevNt=14
TN037,TN,037,sevNth=14
TN038,TN,038,sebMth=14
TN039,TN,039,sevNth=14
TN040,TN,040,sevNth=14
TN041,TN,041,sevMth=14
TN042,TN,042,sevMt=14
TN043,TN,043,sevNth=14
TN044,TN,044,sevNth=14
TN045,TN,045,sevNth=14
TN046,TN,046,sevNt=14
TN047,TN,047,sebMth=14
TN048,TN,048,sevMth=14
TN049,TN,049,sevNth=14
TN050,TN,050,sevNt=14
TN051,TN,051,sevNth=14
TN052,TN,052,-
TN053,TN,053,sebNf=14
TN054,TN,054,-
TN055,TN,055,sevNth=14
TN056,TN,056,sevNth=14
TN057,TN,057,sevNth=14
TN058,TN,058,sebMth=14
TN059,TN,059,sevNth=14
TN060,TN,060,sevNth=14
GA061,GA,061,sebMth=14
GA062,GA,062,sebMth=14
GA063,GA,063,-
GA064,GA,064,sevNth=14
GA065,GA,065,sevNth=14
GA066,GA,066,-
GA067,GA,067,sevNth=14
GA068,GA,068,-
GA069,GA,069,-
GA070,GA,070,sevNt=14
GA071,GA,071,sevNth=14
GA072,GA,072,sevNt=14
GA073,GA,073,sevNth=14
GA074,GA,074,sevN(th)=14
GA075,GA,075,sevNth=14
GA076,GA,076,sevNth=14
GA077,GA,077,-
GA078,GA,078,sevNth=14
GA079,GA,079,sevNth=14
GA080,GA,080,-
GA081,GA,081,sevNth=14
GA082,GA,082,-
GA083,GA,083,se(vI)mth
GA084,GA,084,sevNt=14
GA085,GA,085,sevNth=14
GA086,GA,086,sevNth=14
GA087,GA,087,sevNth=14
GA088,GA,088,sebM(th)=14
GA089,GA,089,sevNth=14
GA090,GA,090,sevNth=14
GA091,GA,091,sevNth=14
GA092,GA,092,-
GA093,GA,093,-
GA094,GA,094,sevNth=14
GA095,GA,095,sevNth=14
GA096,GA,096,sebMth=14
GA097,GA,097,sevNth=14
GA098,GA,098,sevNth=14
GA099,GA,099,sebMth=14
GA100,GA,100,sevNth=14
GA101,GA,101,sevNth=14
GA102,GA,102,-
GA103,GA,103,sevNth=14
GA104,GA,104,sevNth=14
GA105,GA,105,sevNth=14
GA106,GA,106,sevNth=14
GA107,GA,107,sevNth=14
GA108,GA,108,sevNt=14
GA109,GA,109,sebMth=14
GA110,GA,110,-
GA111,GA,111,sevNt=14
GA112,GA,112,sebMth=14
GA113,GA,113,sevNth=14
GA114,GA,114,-
GA115,GA,115,-
GA116,GA,116,sevNth=14
GA117,GA,117,sevNt=14
GA118,GA,118,sevNth=14
GA119,GA,119,sevNth=14
GA120,GA,120,sevNth=14
GA121,GA,121,sebMth=14
GA122,GA,122,sevNth=14
GA123,GA,123,-
GA124,GA,124,sevNth=14
GA125,GA,125,-
GA126,GA,126,sevNt=14
GA127,GA,127,-
GA128,GA,128,-
GA129,GA,129,-
GA130,GA,130,-
GA131,GA,131,sevNth=14
GA132,GA,132,-
GA133,GA,133,sebMth=14
GA134,GA,134,sebMt=14
GA135,GA,135,sevNth=14
GA136,GA,136,sevNth=14
GA137,GA,137,sevNth=14
GA138,GA,138,sebM(th)=14
GA139,GA,139,sevNth=14
GA140,GA,140,sevNt=14
GA141,GA,141,sevNth=14
GA142,GA,142,sevNth=14
GA143,GA,143,sevNth=14
GA144,GA,144,sevNth=14
GA145,GA,145,-
GA146,GA,146,sevNth=14
GA147,GA,147,-
GA148,GA,148,sebNth=14
GA149,GA,149,se(vI)nt
GA150,GA,150,se(vI)mth
GA151,GA,151,sebMth=14
GA152,GA,152,sevNt=14
GA153,GA,153,-
GA154,GA,154,-
GA155,GA,155,-
GA156,GA,156,-
GA157,GA,157,-
GA158,GA,158,-
GA159,GA,159,sebMth=14
GA160,GA,160,-
GA161,GA,161,se{v}N(th)=14
GA162,GA,162,sevNth=14
GA163,GA,163,sebM(th)=14
GA164,GA,164,sevNth=14
GA165,GA,165,-
GA166,GA,166,sevNth=14
GA167,GA,167,sevNth=14
GA168,GA,168,sevNth=14
GA169,GA,169,sevNth=14
GA170,GA,170,sevNth=14
GA171,GA,171,sevNth=14
GA172,GA,172,se{v}Mth=14
GA173,GA,173,sebMth=14
GA174,GA,174,sevNth=14
GA175,GA,175,-
GA176,GA,176,sevNf=14
GA177,GA,177,sevNth=14
GA178,GA,178,-
GA179,GA,179,-
GA180,GA,180,sebMt=14
GA181,GA,181,-
GA182,GA,182,sebM(th)=14
GA183,GA,183,sebMth=14
GA184,GA,184,-
GA185,GA,185,sevNth=14
GA186,GA,186,sevNth=14
GA187,GA,187,-
GA188,GA,188,sevNt=14
GA189,GA,189,sevNth=14
GA190,GA,190,sevNth=14
GA191,GA,191,se{v}Nth=14
GA192,GA,192,sevNth=14
GA193,GA,193,-
GA194,GA,194,sevNth=14
GA195,GA,195,-
GA196,GA,196,-
GA197,GA,197,-
GA198,GA,198,-
GA199,GA,199,sebNdh=14
GA200,GA,200,sevNt=14
GA201,GA,201,sevNt=14
GA202,GA,202,-
GA203,GA,203,sevNt=14
GA204,GA,204,-
GA205,GA,205,-
GA206,GA,206,sevNt=14
GA207,GA,207,sevN(th)=14
GA208,GA,208,sevNth=14
GA209,GA,209,sevNth=14
GA210,GA,210,sevNth=14
GA211,GA,211,sebMth=14
GA212,GA,212,se{v}Mth=14
GA213,GA,213,sebMth=14
GA214,GA,214,sevNth=14
GA215,GA,215,sevNth=14
GA216,GA,216,sevNth=14
GA217,GA,217,sevNth=14
GA218,GA,218,-
GA219,GA,219,sevNth=14
GA220,GA,220,sevNth=14
GA221,GA,221,sevNth=14
GA222,GA,222,-
GA223,GA,223,sevNth=14
GA224,GA,224,-
GA225,GA,225,sevNth=14
FL226,FL,226,se{v}M(th)=14
FL227,FL,227,sevNth=14
FL228,FL,228,-
FL229,FL,229,sevNth=14
FL230,FL,230,sevN(th)=14
FL231,FL,231,sevNth=14
FL232,FL,232,sevNth=14
FL233,FL,233,sevNth=14
FL234,FL,234,se{v}Nth=14
FL235,FL,235,sevNth=14
FL236,FL,236,se{v}Mth=14
FL237,FL,237,se(vI)mth
FL238,FL,238,-
FL239,FL,239,-
FL240,FL,240,sevNth=14
FL241,FL,241,-
FL242,FL,242,sevNt=14
FL243,FL,243,sevNth=14
FL244,FL,244,-
FL245,FL,245,sevN(th)=14
FL246,FL,246,sebNt=14
FL247,FL,247,sevNth=14
FL248,FL,248,sevNth=14
FL249,FL,249,se{v}Nth=14
FL250,FL,250,sevNth=14
FL251,FL,251,-
FL252,FL,252,-
FL253,FL,253,sevNth=14
FL254,FL,254,sevNth=14
FL255,FL,255,-
FL256,FL,256,sevNth=14
FL257,FL,257,sevNth=14
FL258,FL,258,sebMth=14
FL259,FL,259,sevNth=14
FL260,FL,260,sevNth=14
FL261,FL,261,sevNth=14
FL262,FL,262,sevNth=14
FL263,FL,263,-
FL264,FL,264,sevNth=14
FL265,FL,265,sebMth=14
FL266,FL,266,sevNth=14
FL267,FL,267,sebMth=14
FL268,FL,268,sevNth=14
FL269,FL,269,se{v}Nth=14
FL270,FL,270,sevNth=14
FL271,FL,271,sevNt=14
FL272,FL,272,sevNth=14
FL273,FL,273,sevNth=14
FL274,FL,274,sevNth=14
FL275,FL,275,sebMth=14
FL276,FL,276,sevNt=14
FL277,FL,277,sevNth=14
FL278,FL,278,sevNth=14
FL279,FL,279,sevNth=14
FL280,FL,280,sevN{t}=14
FL281,FL,281,sevNth=14
FL282,FL,282,sevNth=14
FL283,FL,283,thevNth=14
FL284,FL,284,-
FL285,FL,285,sevNth=14
FL286,FL,286,sevNth=14
FL287,FL,287,-
FL288,FL,288,sevNth=14
FL289,FL,289,sevNth=14
TN290,TN,290,sebM(th)=14
TN291,TN,291,sevNth=14
TN292,TN,292,sevN(th)=14
TN293,TN,293,sebNt=14
TN294,TN,294,sevNth=14
TN295,TN,295,-
TN296,TN,296,sevNt=14
TN297,TN,297,sevNth=14
TN298,TN,298,-
TN299,TN,299,sevNth=14
TN300,TN,300,sevNth=14
TN301,TN,301,se{v}Mth=14
TN302,TN,302,sevNth=14
TN303,TN,303,sebNth=14
TN304,TN,304,se{v}Mth=14
TN305,TN,305,-
TN306,TN,306,sebMth=14
TN307,TN,307,sevNth=14
TN308,TN,308,-
TN309,TN,309,sevN(th)=14
TN310,TN,310,sevNth=14
TN310,TN,310,sevNt=14
TN311,TN,311,sevNth=14
TN312,TN,312,-
TN313,TN,313,-
TN314,TN,314,sevNth=14
TN315,TN,315,sevNth=14
TN316,TN,316,sevNth=14
TN317,TN,317,sevNth=14
TN318,TN,318,-
TN319,TN,319,-
TN320,TN,320,sevNt=14
TN321,TN,321,sevNt=14
TN322,TN,322,sevNth=14
TN323,TN,323,sevNth=14
TN324,TN,324,sevNth=14
TN325,TN,325,sebMth=14
TN326,TN,326,sebMth=14
TN327,TN,327,sevNth=14
TN328,TN,328,sebMth=14
TN329,TN,329,sevNth=14
TN330,TN,330,sevNt=14
TN331,TN,331,sevNth=14
TN332,TN,332,sivNth=14
TN333,TN,333,sevNt=14
TN334,TN,334,sebMth=14
TN335,TN,335,sevNth=14
TN336,TN,336,sevNth=14
AL337,AL,337,sevNth=14
AL338,AL,338,se{v}Mth=14
AL339,AL,339,sevNt=14
AL340,AL,340,sevN(th)=14
AL341,AL,341,sevNth=14
AL342,AL,342,sivNth=14
AL343,AL,343,sevNth=14
AL344,AL,344,se(vI)m(th)
AL345,AL,345,sevN(th)=14
AL346,AL,346,sevN(th)=14
AL347,AL,347,sevNth=14
AL348,AL,348,sevNth=14
AL349,AL,349,se{v}Nth=14
AL350,AL,350,-
AL351,AL,351,sevNth=14
AL352,AL,352,sevNth=14
AL353,AL,353,-
AL354,AL,354,sevNth=14
AL355,AL,355,sevNth=14
AL356,AL,356,sevNth=14
AL357,AL,357,sevNth=14
AL358,AL,358,sevNdh=14
AL359,AL,359,sebMth=14
AL360,AL,360,sevNth=14
AL361,AL,361,sevNth=14
AL362,AL,362,se{v}Mth=14
AL363,AL,363,sevNth=14
AL364,AL,364,sevNth=14
AL365,AL,365,sevNt=14
AL366,AL,366,-
AL367,AL,367,-
AL368,AL,368,sebMth=14
AL369,AL,369,sevNth=14
AL370,AL,370,se{v}Mth=14
AL371,AL,371,-
AL372,AL,372,sevNth=14
AL373,AL,373,sevN(th)=14
AL374,AL,374,sevNth=14
AL375,AL,375,sevNth=14
AL376,AL,376,-
AL377,AL,377,-
AL378,AL,378,sevNth=14
AL379,AL,379,-
AL380,AL,380,sebMth=14
AL381,AL,381,sebMth=14
AL382,AL,382,sebNth=14
AL383,AL,383,sevNth=14
AL384,AL,384,sevNth=14
AL385,AL,385,sevNth=14
AL386,AL,386,sevNt=14
AL387,AL,387,sebMth=14
AL388,AL,388,sebM(th)=14
AL389,AL,389,sevNth=14
AL390,AL,390,sevNth=14
AL391,AL,391,sevNth=14
AL392,AL,392,sebMt=14
AL393,AL,393,sevNth=14
AL394,AL,394,se{v}Nth=14
AL395,AL,395,sevNth=14
AL396,AL,396,sevNth=14
AL397,AL,397,sebMth=14
AL398,AL,398,sevNth=14
AL399,AL,399,sevNth=14
AL400,AL,400,sevNth=14
AL401,AL,401,-
AL402,AL,402,sevNth=14
AL403,AL,403,sevNth=14
AL404,AL,404,sebMth=14
AL405,AL,405,sevNth=14
AL406,AL,406,sevNth=14
AL407,AL,407,se(vI)mf
AL408,AL,408,sevNth=14
AL409,AL,409,sevNth=14
AL410,AL,410,sevNth=14
AL411,AL,411,-
AL412,AL,412,-
AL413,AL,413,sevNth=14
AL414,AL,414,sevNth=14
AL415,AL,415,se(vI)mth
AL416,AL,416,sevNth=14
AL417,AL,417,sevNth=14
AL418,AL,418,sevNth=14
AL419,AL,419,sevNth=14
AL420,AL,420,sebMth=14
AL421,AL,421,sebN(th)=14
AL422,AL,422,se{v}Mth=14
AL423,AL,423,sevNth=14
AL424,AL,424,sevN(th)=14
AL425,AL,425,-
AL426,AL,426,sevMth=14
AL427,AL,427,sevNth=14
AL428,AL,428,sevNth=14
AL429,AL,429,-
AL430,AL,430,sevNth=14
AL431,AL,431,se{v}Mth=14
AL432,AL,432,sevNth=14
AL433,AL,433,sevNth=14
AL434,AL,434,sevN(th)=14
AL435,AL,435,sevNth=14
AL436,AL,436,-
AL437,AL,437,sevNth=14
AL438,AL,438,sevNt=14
AL439,AL,439,sebMth=14
AL440,AL,440,-
AL441,AL,441,se{v}Mth=14
AL442,AL,442,thebMth=14
AL443,AL,443,sevNth=14
AL444,AL,444,sevNth=14
AL445,AL,445,sevNth=14
AL446,AL,446,sevNt=14
AL447,AL,447,sebMth=14
AL448,AL,448,sevNth=14
AL449,AL,449,sevNth=14
AL450,AL,450,sevNth=14
AL451,AL,451,se{v}Mt=14
FL452,FL,452,sevNth=14
FL453,FL,453,-
FL454,FL,454,sevNt=14
FL455,FL,455,sevNth=14
FL456,FL,456,sevNth=14
FL457,FL,457,sevNth=14
FL458,FL,458,sevNth=14
FL459,FL,459,sebMp=14
FL460,FL,460,sevNth=14
FL461,FL,461,sevNth=14
FL462,FL,462,sebMth=14
FL463,FL,463,-
FL464,FL,464,sevNt=14
FL465,FL,465,sevNth=14
FL466,FL,466,sebMth=14
FL467,FL,467,sevNth=14
FL468,FL,468,sebM(th)=14
FL469,FL,469,se{v}Mth=14
FL470,FL,470,sevNth=14
FL471,FL,471,sevNth=14
AL472,AL,472,sebMth=14
AL473,AL,473,sevNth=14
AL474,AL,474,sevNth=14
AL475,AL,475,sevNth=14
AL476,AL,476,sevNz=14
AL477,AL,477,sebMth=14
AL478,AL,478,sevNth=14
AL479,AL,479,-
AL480,AL,480,sevNth=14
AL481,AL,481,sevNth=14
AL482,AL,482,se{v}Nth=14
AL483,AL,483,sevNth=14
AL484,AL,484,sevNth=14
AL485,AL,485,sevNth=14
TN486,TN,486,sevNth=14
TN487,TN,487,-
TN488,TN,488,se{v}Mth=14
TN489,TN,489,sebNth=14
TN490,TN,490,sevNth=14
TN491,TN,491,-
TN492,TN,492,se(vI)mth
TN493,TN,493,-
TN494,TN,494,-
TN495,TN,495,sevNth=14
TN496,TN,496,sevNth=14
TN497,TN,497,-
TN498,TN,498,sevNth=14
TN499,TN,499,sevNth=14
TN500,TN,500,-
TN501,TN,501,sevNth=14
TN502,TN,502,sevNth=14
TN503,TN,503,-
TN504,TN,504,sevNth=14
TN505,TN,505,sevNt=14
TN506,TN,506,sebMth=14
TN507,TN,507,-
TN508,TN,508,sevNth=14
TN509,TN,509,-
TN510,TN,510,-
TN511,TN,511,-
TN512,TN,512,sevNt=14
TN513,TN,513,sevNth=14
TN514,TN,514,sevNth=14
TN515,TN,515,sevNth=14
TN516,TN,516,sevNth=14
TN517,TN,517,sevNth=14
TN518,TN,518,sevNth=14
TN519,TN,519,sevNth=14
MS520,MS,520,-
MS521,MS,521,sevNt=14
MS522,MS,522,sevNth=14
MS523,MS,523,-
MS524,MS,524,sevNth=14
MS525,MS,525,sevNth=14
MS526,MS,526,-
MS527,MS,527,se(vI)mth
MS528,MS,528,-
MS529,MS,529,-
MS530,MS,530,-
MS531,MS,531,sebMth=14
MS532,MS,532,sevNth=14
MS533,MS,533,sevNth=14
MS534,MS,534,sevNth=14
MS535,MS,535,the{v}Nth=14
MS536,MS,536,se{v}Mth=14
MS537,MS,537,sevNth=14
MS538,MS,538,sevNth=14
MS539,MS,539,sevNth=14
MS540,MS,540,-
MS541,MS,541,-
MS542,MS,542,-
MS543,MS,543,sevN(th)=14
MS544,MS,544,se{v}Mth=14
MS545,MS,545,sevNth=14
MS546,MS,546,-
MS547,MS,547,sevNt=14
MS548,MS,548,sebMt=14
MS549,MS,549,se(vI)mth
MS550,MS,550,-
MS551,MS,551,sevNth=14
MS552,MS,552,-
MS553,MS,553,sevNt=14
MS554,MS,554,-
MS555,MS,555,-
MS556,MS,556,sevNth=14
MS557,MS,557,sebMth=14
MS558,MS,558,sevN(th)=14
MS559,MS,559,sevNth=14
MS560,MS,560,-
MS561,MS,561,-
MS562,MS,562,sebMt=14
MS563,MS,563,sevNth=14
MS564,MS,564,sevNth=14
MS565,MS,565,sevNth=14
MS566,MS,566,-
MS567,MS,567,-
MS568,MS,568,-
MS569,MS,569,-
MS570,MS,570,-
MS571,MS,571,sevNth=14
MS572,MS,572,sevNth=14
MS573,MS,573,sevN(th)=14
MS574,MS,574,sevNth=14
MS575,MS,575,sevNth=14
MS576,MS,576,sevNth=14
MS577,MS,577,sevNth=14
MS578,MS,578,se{v}Mth=14
MS579,MS,579,sebMth=14
MS580,MS,580,-
MS581,MS,581,sebMth=14
MS582,MS,582,se{v}M(th)=14
MS583,MS,583,sevNth=14
MS584,MS,584,sevNth=14
MS585,MS,585,sevNt=14
MS586,MS,586,-
MS587,MS,587,-
MS588,MS,588,sebMth=14
MS589,MS,589,se{v}Nth=14
MS590,MS,590,sevNth=14
MS591,MS,591,sevNth=14
MS592,MS,592,sevNth=14
MS593,MS,593,sevNt=14
MS594,MS,594,sevNth=14
MS595,MS,595,sevNth=14
MS596,MS,596,sevNth=14
MS597,MS,597,sevNth=14
MS598,MS,598,sevNth=14
MS599,MS,599,sevNth=14
MS600,MS,600,sivNth=14
MS601,MS,601,sevNth=14
MS602,MS,602,sevNth=14
MS603,MS,603,-
MS604,MS,604,-
MS605,MS,605,sevNth=14
MS606,MS,606,sebMth=14
MS607,MS,607,-
MS608,MS,608,sevNth=14
MS609,MS,609,sebM(th)=14
MS610,MS,610,sibM(th)=14
MS611,MS,611,sevNth=14
MS612,MS,612,sevNth=14
MS613,MS,613,sevNth=14
MS614,MS,614,-
MS615,MS,615,se{v}Mth=14
MS616,MS,616,sebMth=14
MS617,MS,617,sevNth=14
MS618,MS,618,-
MS619,MS,619,-
MS620,MS,620,sevNth=14
MS621,MS,621,sevNt=14
MS622,MS,622,sevNth=14
MS623,MS,623,sevN(th)=14
MS624,MS,624,sevNth=14
MS625,MS,625,se(vI)mth
MS626,MS,626,-
MS627,MS,627,se{v}Mth=14
MS628,MS,628,se{v}Nth=14
MS629,MS,629,sevNth=14
LA630,LA,630,sevNth=14
LA631,LA,631,-
LA632,LA,632,sebMth=14
LA633,LA,633,sevNth=14
LA634,LA,634,sebMth=14
LA635,LA,635,sevNth=14
LA636,LA,636,se{v}Mth=14
LA637,LA,637,sevNth=14
LA638,LA,638,sebMth=14
LA639,LA,639,se{v}M(th)=14
LA640,LA,640,sevN(th)=14
LA641,LA,641,sevNth=14
LA642,LA,642,-
LA643,LA,643,sevNth=14
LA644,LA,644,sevNth=14
LA645,LA,645,sevNth=14
LA646,LA,646,-
LA647,LA,647,-
LA648,LA,648,sevNt=14
LA649,LA,649,sevNth=14
LA650,LA,650,sevNth=14
LA651,LA,651,-
LA652,LA,652,sevNth=14
LA653,LA,653,se(vI)mth
LA654,LA,654,sevNth=14
LA655,LA,655,sevNth=14
LA656,LA,656,sevNth=14
LA657,LA,657,sevNth=14
LA657X,LA,657X,sevNth=14
LA657Y,LA,657Y,sevNth=14
LA657Z,LA,657Z,sevNth=14
LA658,LA,658,sevNt=14
LA659,LA,659,sevNt=14
LA660,LA,660,se{v}Mth=14
LA661,LA,661,sevNth=14
LA662,LA,662,sevNt=14
LA663,LA,663,-
LA664,LA,664,sevNth=14
LA665,LA,665,sevN(th)=14
LA666,LA,666,sebMth=14
LA667,LA,667,sevNt=14
LA668,LA,668,sevNth=14
LA669,LA,669,sevNth=14
LA670,LA,670,sevN(th)=14
LA671,LA,671,sevNth=14
LA672,LA,672,sevN(th)=14
LA673,LA,673,sevNth=14
AR674,AR,674,sebMth=14
AR675,AR,675,sevNth=14
AR676,AR,676,-
AR677,AR,677,sebMth=14
AR678,AR,678,sevNt=14
AR679,AR,679,sevNth=14
AR680,AR,680,sevNth=14
AR681,AR,681,sevNth=14
AR682,AR,682,-
AR683,AR,683,sevNth=14
AR684,AR,684,sevNth=14
AR685,AR,685,sevNth=14
AR686,AR,686,sevNth=14
AR687,AR,687,sebM(th)=14
AR688,AR,688,sevNt=14
AR689,AR,689,sevNth=14
AR690,AR,690,sevN(th)=14
AR691,AR,691,sevNth=14
AR692,AR,692,sevNth=14
AR693,AR,693,sevNth=14
AR694,AR,694,se{v}Mth=14
AR695,AR,695,sevNth=14
AR696,AR,696,sevNth=14
AR697,AR,697,sevNth=14
AR698,AR,698,-
AR699,AR,699,sebMt=14
AR700,AR,700,-
AR701,AR,701,sev(N)th
AR702,AR,702,-
AR703,AR,703,-
AR704,AR,704,sev[N]th=14
AR705,AR,705,sebMth=14
AR706,AR,706,sevNth=14
AR707,AR,707,sevNt=14
AR708,AR,708,sevN(th)=14
AR709,AR,709,sevNth=14
AR710,AR,710,sevNth=14
AR711,AR,711,sevNth=14
AR712,AR,712,sevNth=14
AR713,AR,713,se{v}Mth=14
AR714,AR,714,sevNth=14
AR715,AR,715,-
AR716,AR,716,-
AR717,AR,717,-
AR718,AR,718,sebNth=14
AR719,AR,719,sevNt=14
AR720,AR,720,-
AR721,AR,721,sevNth=14
AR722,AR,722,se{v}Mth=14
AR723,AR,723,sevNth=14
AR724,AR,724,se(vI)nt
AR725,AR,725,sebMth=14
AR726,AR,726,sevNth=14
AR727,AR,727,sebMth=14
AR728,AR,728,sebNth=14
AR729,AR,729,sevNth=14
AR730,AR,730,sevNth=14
AR731,AR,731,sevNth=14
AR732,AR,732,sevNth=14
AR733,AR,733,-
AR734,AR,734,-
AR735,AR,735,-
AR736,AR,736,-
AR737,AR,737,sevNth=14
AR738,AR,738,sevNth=14
AR739,AR,739,-
AR740,AR,740,sevNth=14
AR741,AR,741,sevNth=14
AR742,AR,742,-
AR743,AR,743,-
AR744,AR,744,-
AR745,AR,745,-
AR746,AR,746,-
AR747,AR,747,sevNt=14
AR748,AR,748,sebM(th)=14
AR749,AR,749,sevNth=14
AR750,AR,750,sevNth=14
AR751,AR,751,sevNth=14
AR752,AR,752,sebMth=14
AR753,AR,753,sebMth=14
AR754,AR,754,-
AR755,AR,755,-
LA756,LA,756,sevNth=14
LA757,LA,757,sevNth=14
LA758,LA,758,sebM(th)=14
LA759,LA,759,-
LA760,LA,760,sebMth=14
LA761,LA,761,sev[N](th)=14
LA762,LA,762,-
LA763,LA,763,-
LA764,LA,764,se{v}Mth=14
LA765,LA,765,sevNth=14
LA766,LA,766,sevNth=14
LA767,LA,767,sevNth=14
LA768,LA,768,sevN(th)=14
LA769,LA,769,sevNth=14
LA770,LA,770,sevNth=14
LA771,LA,771,sev[N](th)=14
LA772,LA,772,sevNth=14
LA773,LA,773,sebM(th)=14
LA774,LA,774,-
LA775,LA,775,sevNth=14
LA776,LA,776,sevNth=14
LA777,LA,777,sevNth=14
LA778,LA,778,sevNth=14
LA779,LA,779,sevNth=14
LA780,LA,780,sevNth=14
LA781,LA,781,sevNt=14
LA782,LA,782,sebMth=14
LA783,LA,783,sebM(th)=14
LA784,LA,784,sebNth=14
LA785,LA,785,sevNth=14
LA786,LA,786,sevNth=14
LA787,LA,787,sevNth=14
LA788,LA,788,sevNth=14
LA789,LA,789,sebMth=14
LA790,LA,790,-
LA791,LA,791,sevNth=14
LA792,LA,792,sevNth=14
LA793,LA,793,-
LA794,LA,794,sevNt=14
LA795,LA,795,se{v}Mth=14
LA796,LA,796,se{v}Mth=14
LA797,LA,797,sevNth=14
LA798,LA,798,sevNth=14
LA799,LA,799,-
LA800,LA,800,sevNth=14
LA801,LA,801,sevNt=14
LA802,LA,802,se{v}Mth=14
LA803,LA,803,se{v}Mth=14
LA804,LA,804,-
LA805,LA,805,sevNth=14
LA806,LA,806,sevNt=14
LA807,LA,807,sevNth=14
LA808,LA,808,sevNt=14
LA809,LA,809,sevNt=14
LA810,LA,810,sevNt=14
LA811,LA,811,-
LA812,LA,812,sevNt=14
LA813,LA,813,sevNth=14
LA814,LA,814,sevNth=14
LA815,LA,815,sevNth=14
LA816,LA,816,sebMth=14
LA817,LA,817,sevNth=14
TX818,TX,818,-
TX819,TX,819,-
TX820,TX,820,sevunth=13
TX821,TX,821,sevNth=14
TX822,TX,822,sevNth=14
TX823,TX,823,se{v}Mth=14
TX824,TX,824,sevNth=14
TX825,TX,825,se{v}Nth=14
TX826,TX,826,sevNth=14
TX827,TX,827,sevNth=14
TX828,TX,828,sevunth=13
TX829,TX,829,sevNth=14
TX829,TX,829,sevN(th)=14
TX830,TX,830,sevNth=14
TX831,TX,831,sevNth=14
TX832,TX,832,-
TX833,TX,833,sevNth=14
TX834,TX,834,sebMth=14
TX835,TX,835,sevNth=14
TX836,TX,836,sevNth=14
TX837,TX,837,se{v}Mth=14
TX838,TX,838,-
TX839,TX,839,sebMth=14
TX840,TX,840,-
TX841,TX,841,-
TX842,TX,842,sevNth=14
TX843,TX,843,sevNth=14
TX844,TX,844,sevNth=14
TX845,TX,845,-
TX846,TX,846,sevNth=14
TX847,TX,847,-
TX848,TX,848,sevNth=14
TX849,TX,849,-
TX850,TX,850,sevNth=14
TX851,TX,851,sevNth=14
TX852,TX,852,sevNth=14
TX853,TX,853,sevNth=14
TX854,TX,854,sevNth=14
TX855,TX,855,se(vI)mth
TX856,TX,856,sebMth=14
TX857,TX,857,sevNth=14
TX858,TX,858,sevNth=14
TX859,TX,859,sevNth=14
TX860,TX,860,sevNth=14
TX861,TX,861,sevNt=14
TX862,TX,862,sevNth=14
TX863,TX,863,sevNth=14
TX864,TX,864,se{v}M(th)=14
TX865,TX,865,sevNth=14
TX866,TX,866,sevNth=14
TX867,TX,867,sevNth=14
TX868,TX,868,sebMt=14
TX869,TX,869,sevNth=14
TX869,TX,869,sevNt=14
TX870,TX,870,sevNth=14
TX871,TX,871,-
TX872,TX,872,-
TX873,TX,873,sevNth=14
TX874,TX,874,sevNt=14
TX875,TX,875,sevNth=14
TX876,TX,876,sevNth=14
TX877,TX,877,sevNth=14
TX878,TX,878,sevNth=14
TX879,TX,879,sevNth=14
TX880,TX,880,sevNth=14
TX881,TX,881,-
TX882,TX,882,sebMth=14
TX883,TX,883,sevNth=14
TX884,TX,884,-
TX885,TX,885,sevNth=14
TX886,TX,886,sevNth=14
TX887,TX,887,sevNth=14
TX888,TX,888,sevNth=14
TX889,TX,889,sevNth=14
TX890,TX,890,sevNth=14
TX891,TX,891,sevNth=14
TX892,TX,892,-
TX893,TX,893,sevNth=14
TX894,TX,894,sevNth=14
TX895,TX,895,sewNth=14
TX896,TX,896,sevNth=14
TX897,TX,897,sevNt=14
TX898,TX,898,sevNt=14
TX899,TX,899,sevNth=14
TX900,TX,900,sevNth=14
TX901,TX,901,sevNth=14
TX902,TX,902,sevNth=14
TX903,TX,903,-
TX904,TX,904,sebMth=14
TX905,TX,905,sevNth=14
TX906,TX,906,sevNth=14
TX907,TX,907,sevNth=14
TX908,TX,908,sevNth=14
TX909,TX,909,sevN(th)=14
TX910,TX,910,sevNth=14
TX911,TX,911,se{v}Mt=14
