Informant,State,Informant number,Response
TN001,TN,001,wuntst
TN002,TN,002,wunts
TN003,TN,003,wunts
TN004,TN,004,wunst
TN005,TN,005,wunts
TN006,TN,006,wunts
TN007,TN,007,-
TN008,TN,008,-
TN009,TN,009,wonts
TN010,TN,010,wonts
TN011,TN,011,wawnst
TN012,TN,012,wunst
TN013,TN,013,wunst
TN014,TN,014,wunts
TN015,TN,015,wunts
TN016,TN,016,wunts
TN017,TN,017,-
TN018,TN,018,wawnts
TN019,TN,019,wons
TN020,TN,020,wunts
TN021,TN,021,wonst
TN022,TN,022,wunts
TN023,TN,023,wunst
TN024,TN,024,-
TN025,TN,025,-
TN026,TN,026,-
TN027,TN,027,wunts
TN028,TN,028,wunts
TN029,TN,029,wons
TN030,TN,030,wonts
TN031,TN,031,wuns
TN032,TN,032,-
TN033,TN,033,wunts
TN034,TN,034,wunts
TN035,TN,035,wunts
TN036,TN,036,wunts
TN037,TN,037,wunts
TN038,TN,038,wuntst
TN039,TN,039,wunts
TN040,TN,040,-
TN041,TN,041,wunst
TN042,TN,042,wunst
TN043,TN,043,wunts
TN044,TN,044,wonts
TN045,TN,045,-
TN046,TN,046,wunts
TN047,TN,047,wunts
TN048,TN,048,wunts
TN049,TN,049,wunts
TN050,TN,050,-
TN051,TN,051,wunts
TN052,TN,052,-
TN053,TN,053,wunts
TN054,TN,054,wunts
TN055,TN,055,wunts
TN056,TN,056,wunts
TN057,TN,057,wunts
TN058,TN,058,wunts
TN059,TN,059,wunts
TN060,TN,060,wunts
GA061,GA,061,wuntst
GA062,GA,062,wunts
GA063,GA,063,wunts
GA064,GA,064,-
GA065,GA,065,wunts
GA066,GA,066,wunts
GA067,GA,067,-
GA068,GA,068,-
GA069,GA,069,wunts
GA070,GA,070,wunts
GA071,GA,071,wonst
GA072,GA,072,wuntst
GA073,GA,073,wunts
GA074,GA,074,-
GA075,GA,075,wunst
GA076,GA,076,-
GA077,GA,077,wuns
GA078,GA,078,wunts
GA079,GA,079,-
GA080,GA,080,-
GA081,GA,081,wonts
GA082,GA,082,-
GA083,GA,083,wunst
GA084,GA,084,wunst
GA085,GA,085,wunts
GA086,GA,086,wunts
GA087,GA,087,wunts
GA088,GA,088,-
GA089,GA,089,-
GA090,GA,090,wunst
GA091,GA,091,-
GA092,GA,092,-
GA093,GA,093,-
GA094,GA,094,wunts
GA095,GA,095,wunts
GA096,GA,096,wonts
GA097,GA,097,-
GA098,GA,098,wunts
GA099,GA,099,wunts
GA100,GA,100,wunts
GA101,GA,101,wunts
GA102,GA,102,-
GA103,GA,103,wonts
GA103,GA,103,wunts
GA104,GA,104,wunts
GA105,GA,105,wunts
GA106,GA,106,wunts
GA107,GA,107,-
GA108,GA,108,-
GA109,GA,109,wunts
GA110,GA,110,-
GA111,GA,111,-
GA112,GA,112,wuns
GA113,GA,113,wun(s)
GA114,GA,114,wuntst
GA115,GA,115,-
GA116,GA,116,wunts
GA117,GA,117,wunts
GA118,GA,118,-
GA119,GA,119,wunst
GA120,GA,120,wunts
GA121,GA,121,-
GA122,GA,122,wunts
GA123,GA,123,wuns
GA124,GA,124,-
GA125,GA,125,wunst
GA126,GA,126,wonts
GA127,GA,127,-
GA128,GA,128,-
GA129,GA,129,wuntst
GA130,GA,130,-
GA131,GA,131,wunts
GA132,GA,132,-
GA133,GA,133,-
GA134,GA,134,wunts
GA135,GA,135,wunts
GA136,GA,136,wunts
GA137,GA,137,wunts
GA138,GA,138,wunts
GA139,GA,139,wunst
GA140,GA,140,wunts
GA141,GA,141,wonst
GA142,GA,142,-
GA143,GA,143,wunts
GA144,GA,144,wunts
GA145,GA,145,-
GA146,GA,146,wunts
GA147,GA,147,-
GA148,GA,148,-
GA149,GA,149,wunts
GA150,GA,150,-
GA151,GA,151,-
GA152,GA,152,wunst
GA153,GA,153,-
GA154,GA,154,wuns
GA155,GA,155,wunts
GA156,GA,156,wuntst
GA157,GA,157,wuntst
GA158,GA,158,-
GA159,GA,159,-
GA160,GA,160,-
GA161,GA,161,-
GA162,GA,162,wunts
GA163,GA,163,wunts
GA164,GA,164,wunts
GA165,GA,165,wunst
GA166,GA,166,wunts
GA167,GA,167,wuntst
GA168,GA,168,wunts
GA169,GA,169,-
GA170,GA,170,wunts
GA171,GA,171,wunts
GA172,GA,172,wonts
GA172,GA,172,wunts
GA173,GA,173,wonts
GA174,GA,174,-
GA175,GA,175,wunts
GA176,GA,176,wunts
GA177,GA,177,-
GA178,GA,178,wunts
GA179,GA,179,-
GA180,GA,180,wunts
GA181,GA,181,wunts
GA182,GA,182,-
GA183,GA,183,wunts
GA184,GA,184,wunts
GA185,GA,185,wunts
GA186,GA,186,wuntst
GA187,GA,187,wu[n]ts
GA188,GA,188,-
GA189,GA,189,-
GA190,GA,190,wunts
GA191,GA,191,wunts
GA192,GA,192,wunts
GA193,GA,193,wunts
GA193,GA,193,wuntst
GA194,GA,194,wunst
GA195,GA,195,wunts
GA196,GA,196,wunts
GA197,GA,197,wunts
GA198,GA,198,wunst
GA199,GA,199,wuns
GA199,GA,199,wunts
GA200,GA,200,-
GA201,GA,201,-
GA202,GA,202,wuntst
GA203,GA,203,-
GA204,GA,204,-
GA205,GA,205,wunts
GA206,GA,206,wunts
GA207,GA,207,-
GA208,GA,208,wunst
GA209,GA,209,-
GA210,GA,210,-
GA211,GA,211,wunst
GA211,GA,211,wu[n]ts
GA212,GA,212,wunst
GA213,GA,213,wunts
GA214,GA,214,-
GA215,GA,215,wunt(s)
GA216,GA,216,wunts
GA217,GA,217,-
GA218,GA,218,-
GA219,GA,219,wunst
GA220,GA,220,wunts
GA221,GA,221,-
GA222,GA,222,wunst
GA223,GA,223,-
GA224,GA,224,wu[n]s
GA224,GA,224,wunts
GA225,GA,225,wunts
FL226,FL,226,wunts
FL227,FL,227,wunts
FL228,FL,228,wunts
FL229,FL,229,wuns
FL230,FL,230,wunts
FL231,FL,231,wunts
FL232,FL,232,wons
FL233,FL,233,wunts
FL234,FL,234,wuns
FL234,FL,234,wunts
FL235,FL,235,wunst
FL236,FL,236,-
FL237,FL,237,wunts
FL238,FL,238,wunts
FL239,FL,239,wunts
FL240,FL,240,wu[n]ts
FL241,FL,241,-
FL242,FL,242,wunts
FL243,FL,243,-
FL244,FL,244,wu[n]s
FL245,FL,245,wunts
FL246,FL,246,wunst
FL247,FL,247,-
FL248,FL,248,wunts
FL249,FL,249,wunts
FL250,FL,250,-
FL251,FL,251,-
FL252,FL,252,wunts
FL253,FL,253,wunts
FL254,FL,254,wunts
FL255,FL,255,-
FL256,FL,256,wunst
FL257,FL,257,wunst
FL257,FL,257,wunts
FL258,FL,258,wunts
FL259,FL,259,wunts
FL260,FL,260,-
FL261,FL,261,wunts
FL262,FL,262,-
FL263,FL,263,wunts
FL264,FL,264,-
FL265,FL,265,wonts
FL266,FL,266,-
FL267,FL,267,-
FL268,FL,268,wunts
FL269,FL,269,wunts
FL270,FL,270,-
FL271,FL,271,-
FL272,FL,272,-
FL273,FL,273,wunts
FL274,FL,274,-
FL275,FL,275,wunts
FL276,FL,276,wunts
FL277,FL,277,wunts
FL278,FL,278,wunts
FL279,FL,279,wunts
FL280,FL,280,-
FL281,FL,281,wunts
FL282,FL,282,-
FL283,FL,283,wunth
FL283,FL,283,wunts
FL284,FL,284,wuns
FL285,FL,285,wunts
FL286,FL,286,wunts
FL287,FL,287,wunts
FL288,FL,288,wunts
FL289,FL,289,-
TN290,TN,290,wonst
TN291,TN,291,wuns
TN292,TN,292,-
TN293,TN,293,wawnts
TN294,TN,294,wunts
TN295,TN,295,wunst
TN296,TN,296,wunts
TN297,TN,297,wunts
TN298,TN,298,wunts
TN299,TN,299,wunts
TN300,TN,300,wunts
TN301,TN,301,wunts
TN302,TN,302,-
TN303,TN,303,wunts
TN304,TN,304,wunts
TN305,TN,305,-
TN306,TN,306,wunts
TN307,TN,307,wonts
TN308,TN,308,wunts
TN309,TN,309,-
TN310,TN,310,wunts
TN311,TN,311,wunst
TN312,TN,312,-
TN313,TN,313,wuns
TN314,TN,314,wunts
TN315,TN,315,-
TN316,TN,316,wons
TN317,TN,317,wunst
TN318,TN,318,-
TN319,TN,319,-
TN320,TN,320,wunst
TN320,TN,320,wunts
TN321,TN,321,wunts
TN322,TN,322,wunts
TN323,TN,323,wuntst
TN324,TN,324,wunts
TN325,TN,325,wunts
TN326,TN,326,wunts
TN327,TN,327,wuns
TN328,TN,328,wunts
TN329,TN,329,wunts
TN330,TN,330,wunts
TN330,TN,330,wuntst
TN331,TN,331,wunts
TN332,TN,332,wunts
TN333,TN,333,wunts
TN334,TN,334,wunts
TN335,TN,335,-
TN336,TN,336,wunts
AL337,AL,337,-
AL338,AL,338,wunts
AL339,AL,339,-
AL340,AL,340,wunts
AL341,AL,341,-
AL342,AL,342,wunts
AL343,AL,343,wunts
AL344,AL,344,wunts
AL345,AL,345,wunts
AL346,AL,346,-
AL347,AL,347,wunts
AL348,AL,348,wunts
AL348,AL,348,wuntst
AL349,AL,349,wunts
AL350,AL,350,-
AL351,AL,351,wonts
AL352,AL,352,wunts
AL353,AL,353,wunts
AL354,AL,354,-
AL355,AL,355,wunts
AL356,AL,356,wunts
AL357,AL,357,wunts
AL358,AL,358,wunts
AL359,AL,359,wuntst
AL360,AL,360,wunts
AL361,AL,361,wunts
AL362,AL,362,-
AL363,AL,363,-
AL364,AL,364,wunts
AL365,AL,365,wunst
AL365,AL,365,wuntst
AL366,AL,366,-
AL367,AL,367,wunts
AL368,AL,368,-
AL369,AL,369,wunts
AL370,AL,370,-
AL371,AL,371,wunts
AL372,AL,372,wuns
AL372,AL,372,wunts
AL373,AL,373,wunts
AL374,AL,374,wunts
AL375,AL,375,wunts
AL376,AL,376,wunts
AL377,AL,377,-
AL378,AL,378,-
AL379,AL,379,wunts
AL380,AL,380,wunst
AL380,AL,380,wunts
AL381,AL,381,-
AL382,AL,382,wunts
AL383,AL,383,wunts
AL384,AL,384,wunts
AL385,AL,385,wunts
AL386,AL,386,wunts
AL387,AL,387,wunts
AL388,AL,388,wunst
AL388,AL,388,wuntst
AL389,AL,389,-
AL390,AL,390,wunts
AL391,AL,391,wunts
AL392,AL,392,-
AL393,AL,393,wunts
AL394,AL,394,wunts
AL395,AL,395,-
AL396,AL,396,-
AL397,AL,397,wu[n]ts
AL398,AL,398,-
AL399,AL,399,wunts
AL400,AL,400,wunts
AL401,AL,401,wunts
AL402,AL,402,wunts
AL403,AL,403,wunst
AL403,AL,403,wunts
AL404,AL,404,wunts
AL405,AL,405,wunts
AL406,AL,406,-
AL407,AL,407,wunts
AL408,AL,408,-
AL409,AL,409,wunts
AL410,AL,410,wunts
AL411,AL,411,-
AL412,AL,412,wunts
AL413,AL,413,-
AL414,AL,414,wunts
AL415,AL,415,wunts
AL416,AL,416,-
AL417,AL,417,wunts
AL418,AL,418,wunts
AL419,AL,419,wunts
AL420,AL,420,wunst
AL421,AL,421,wunts
AL422,AL,422,wons
AL423,AL,423,wunts
AL424,AL,424,wonts
AL425,AL,425,wunts
AL426,AL,426,wunts
AL427,AL,427,wunts
AL428,AL,428,wunts
AL429,AL,429,wuns
AL430,AL,430,-
AL431,AL,431,wunst
AL432,AL,432,wonst
AL433,AL,433,wunts
AL434,AL,434,wunts
AL435,AL,435,wunts
AL436,AL,436,wunts
AL437,AL,437,wunts
AL438,AL,438,-
AL439,AL,439,-
AL440,AL,440,wunts
AL441,AL,441,-
AL442,AL,442,-
AL443,AL,443,wunts
AL444,AL,444,wunts
AL445,AL,445,wunts
AL446,AL,446,wunts
AL447,AL,447,wunts
AL448,AL,448,wonts
AL449,AL,449,-
AL450,AL,450,-
AL451,AL,451,wunts
FL452,FL,452,wunts
FL453,FL,453,-
FL454,FL,454,wunst
FL454,FL,454,wunts
FL455,FL,455,wunts
FL456,FL,456,wunts
FL457,FL,457,wunts
FL458,FL,458,wunts
FL459,FL,459,-
FL460,FL,460,-
FL461,FL,461,-
FL462,FL,462,wunth
FL463,FL,463,-
FL464,FL,464,wunts
FL465,FL,465,-
FL466,FL,466,wunts
FL467,FL,467,wunts
FL467,FL,467,wuntst
FL468,FL,468,-
FL469,FL,469,wunts
FL470,FL,470,wunst
FL471,FL,471,wunts
AL472,AL,472,wunst
AL472,AL,472,wunts
AL473,AL,473,-
AL474,AL,474,wunts
AL475,AL,475,wunts
AL476,AL,476,wunts
AL477,AL,477,wonts
AL478,AL,478,-
AL479,AL,479,-
AL480,AL,480,wunts
AL481,AL,481,-
AL482,AL,482,wunts
AL483,AL,483,-
AL484,AL,484,wunts
AL485,AL,485,wunts
TN486,TN,486,wunts
TN487,TN,487,-
TN488,TN,488,wunst
TN489,TN,489,wunst
TN489,TN,489,wunts
TN489,TN,489,wuntsh
TN490,TN,490,wunts
TN491,TN,491,-
TN492,TN,492,-
TN493,TN,493,wunts
TN494,TN,494,-
TN495,TN,495,wuns
TN496,TN,496,-
TN497,TN,497,wuns
TN497,TN,497,wunst
TN498,TN,498,-
TN499,TN,499,-
TN500,TN,500,wunts
TN501,TN,501,wunts
TN502,TN,502,wunst
TN503,TN,503,wunst
TN503,TN,503,wuntst
TN504,TN,504,wunts
TN505,TN,505,wunts
TN506,TN,506,wunts
TN507,TN,507,-
TN508,TN,508,wunts
TN509,TN,509,wuntst
TN510,TN,510,-
TN511,TN,511,-
TN512,TN,512,-
TN513,TN,513,wunts
TN514,TN,514,wunts
TN515,TN,515,-
TN516,TN,516,wunts
TN517,TN,517,wunts
TN518,TN,518,wunts
TN519,TN,519,wunts
MS520,MS,520,wunst
MS521,MS,521,-
MS522,MS,522,-
MS523,MS,523,-
MS524,MS,524,wunts
MS525,MS,525,-
MS526,MS,526,-
MS527,MS,527,-
MS528,MS,528,wunts
MS528,MS,528,wuntst
MS529,MS,529,-
MS530,MS,530,wunts
MS531,MS,531,wunts
MS532,MS,532,wons
MS533,MS,533,wunts
MS534,MS,534,wunst
MS535,MS,535,wunts
MS536,MS,536,-
MS537,MS,537,wunts
MS538,MS,538,wunts
MS539,MS,539,wunts
MS540,MS,540,wunts
MS541,MS,541,-
MS542,MS,542,wunst
MS543,MS,543,wuns
MS544,MS,544,wunts
MS545,MS,545,wunts
MS546,MS,546,wunts
MS547,MS,547,wonts
MS548,MS,548,wunts
MS549,MS,549,-
MS550,MS,550,wons
MS551,MS,551,-
MS552,MS,552,-
MS553,MS,553,-
MS554,MS,554,wunts
MS555,MS,555,-
MS556,MS,556,-
MS557,MS,557,wonts
MS558,MS,558,wunts
MS559,MS,559,-
MS560,MS,560,wonts
MS561,MS,561,wunts
MS562,MS,562,wunts
MS562,MS,562,wuntst
MS563,MS,563,wunts
MS564,MS,564,wunts
MS565,MS,565,wuntst
MS566,MS,566,wunst
MS567,MS,567,wunts
MS568,MS,568,wunts
MS569,MS,569,wunst
MS570,MS,570,wuntst
MS571,MS,571,wons
MS571,MS,571,wuns
MS572,MS,572,wu[n]st
MS572,MS,572,wuntst
MS573,MS,573,wonts
MS574,MS,574,wunts
MS575,MS,575,wunts
MS576,MS,576,wunts
MS577,MS,577,wuns
MS578,MS,578,wunst
MS579,MS,579,wunts
MS580,MS,580,wunst
MS581,MS,581,wuns
MS582,MS,582,wunts
MS583,MS,583,wunst
MS584,MS,584,wunst
MS585,MS,585,wunst
MS586,MS,586,-
MS587,MS,587,wunts
MS588,MS,588,wunts
MS588,MS,588,wuntst
MS589,MS,589,wunts
MS590,MS,590,-
MS591,MS,591,wunts
MS592,MS,592,wunts
MS593,MS,593,wunts
MS594,MS,594,wunst
MS595,MS,595,wunts
MS596,MS,596,wunts
MS597,MS,597,wunts
MS598,MS,598,wunts
MS599,MS,599,wunts
MS600,MS,600,wuns
MS601,MS,601,wunts
MS602,MS,602,wunts
MS603,MS,603,wunst
MS604,MS,604,wunts
MS605,MS,605,wunst
MS605,MS,605,wunts
MS606,MS,606,wunts
MS606,MS,606,wuntst
MS607,MS,607,wonts
MS607,MS,607,wunts
MS608,MS,608,-
MS609,MS,609,wunts
MS610,MS,610,wunts
MS611,MS,611,-
MS612,MS,612,wu[n]ts
MS612,MS,612,wunts
MS613,MS,613,wunts
MS614,MS,614,wuns
MS615,MS,615,wonts
MS616,MS,616,-
MS617,MS,617,wunts
MS618,MS,618,-
MS619,MS,619,wunts
MS620,MS,620,wons
MS621,MS,621,wunst
MS622,MS,622,wunts
MS623,MS,623,wunts
MS624,MS,624,wunts
MS625,MS,625,wunts
MS626,MS,626,wunts
MS627,MS,627,-
MS628,MS,628,wunts
MS629,MS,629,wunts
LA630,LA,630,-
LA631,LA,631,-
LA632,LA,632,wunts
LA633,LA,633,-
LA634,LA,634,wu[n]ts
LA634,LA,634,wunts
LA635,LA,635,wunts
LA636,LA,636,wunts
LA637,LA,637,wunts
LA638,LA,638,wunts
LA639,LA,639,wunts
LA640,LA,640,wunts
LA641,LA,641,wunts
LA642,LA,642,-
LA643,LA,643,-
LA644,LA,644,-
LA645,LA,645,-
LA646,LA,646,wunts
LA647,LA,647,-
LA648,LA,648,-
LA649,LA,649,wunts
LA650,LA,650,-
LA651,LA,651,-
LA652,LA,652,wunts
LA653,LA,653,wunts
LA654,LA,654,wunts
LA655,LA,655,wunts
LA656,LA,656,wunts
LA657,LA,657,wunts
LA657X,LA,657X,wunts
LA657Y,LA,657Y,wunts
LA657Z,LA,657Z,wunts
LA658,LA,658,-
LA659,LA,659,wunts
LA660,LA,660,wunts
LA661,LA,661,wuns
LA661,LA,661,wunts
LA662,LA,662,-
LA663,LA,663,wunts
LA664,LA,664,wunts
LA665,LA,665,-
LA666,LA,666,wunts
LA667,LA,667,wunts
LA668,LA,668,wunts
LA669,LA,669,wunts
LA670,LA,670,wunts
LA671,LA,671,wunts
LA672,LA,672,wunts
LA673,LA,673,wunts
AR674,AR,674,wunst
AR675,AR,675,-
AR676,AR,676,wu[n]ts
AR676,AR,676,wunts
AR677,AR,677,wunts
AR678,AR,678,wunts
AR679,AR,679,wunth
AR680,AR,680,-
AR681,AR,681,wuns
AR682,AR,682,wunts
AR683,AR,683,wunst
AR684,AR,684,-
AR685,AR,685,wuns
AR686,AR,686,wunts
AR687,AR,687,wuns
AR687,AR,687,wunts
AR688,AR,688,-
AR689,AR,689,-
AR690,AR,690,wunts
AR691,AR,691,wonts
AR692,AR,692,wunts
AR693,AR,693,-
AR694,AR,694,wunts
AR695,AR,695,wunts
AR696,AR,696,wunts
AR697,AR,697,-
AR698,AR,698,-
AR699,AR,699,-
AR700,AR,700,wunts
AR701,AR,701,wunts
AR702,AR,702,-
AR703,AR,703,-
AR704,AR,704,wonts
AR705,AR,705,wunt(s)
AR706,AR,706,wunts
AR707,AR,707,wunts
AR708,AR,708,wuns
AR709,AR,709,wunts
AR710,AR,710,wunts
AR711,AR,711,wunts
AR712,AR,712,wunts
AR713,AR,713,-
AR714,AR,714,wuns
AR714,AR,714,wunts
AR715,AR,715,wunst
AR716,AR,716,wunts
AR716,AR,716,wuntst
AR717,AR,717,-
AR718,AR,718,wunts
AR719,AR,719,wunts
AR720,AR,720,wawns
AR721,AR,721,wunts
AR722,AR,722,-
AR723,AR,723,wunts
AR724,AR,724,-
AR725,AR,725,wons
AR726,AR,726,-
AR727,AR,727,wunts
AR727,AR,727,wuntst
AR728,AR,728,wunts
AR729,AR,729,-
AR730,AR,730,-
AR731,AR,731,wunts
AR732,AR,732,wunts
AR733,AR,733,wunts
AR733,AR,733,wuntst
AR734,AR,734,wunts
AR735,AR,735,wuns
AR736,AR,736,-
AR737,AR,737,wunts
AR738,AR,738,-
AR739,AR,739,-
AR740,AR,740,wunts
AR741,AR,741,wunts
AR742,AR,742,wunts
AR743,AR,743,wons
AR743,AR,743,wunts
AR744,AR,744,wunst
AR744,AR,744,wunts
AR745,AR,745,wunts
AR746,AR,746,wunts
AR747,AR,747,wunts
AR748,AR,748,wonst
AR748,AR,748,wonts
AR748,AR,748,wunts
AR749,AR,749,wunts
AR750,AR,750,wuntst
AR751,AR,751,wunst
AR752,AR,752,wunts
AR752,AR,752,wuntst
AR753,AR,753,wunts
AR754,AR,754,wunts
AR755,AR,755,wunts
LA756,LA,756,wunts
LA757,LA,757,wunts
LA758,LA,758,wuns
LA758,LA,758,wunts
LA759,LA,759,wunst
LA760,LA,760,wunts
LA760,LA,760,wuntst
LA761,LA,761,wunts
LA761,LA,761,wuntst
LA762,LA,762,wunts
LA763,LA,763,wuns
LA763,LA,763,wunts
LA764,LA,764,wunts
LA765,LA,765,wunts
LA766,LA,766,wunts
LA767,LA,767,wunts
LA768,LA,768,wuns
LA769,LA,769,wuns
LA770,LA,770,wuns
LA771,LA,771,wunts
LA772,LA,772,wunst
LA773,LA,773,wunts
LA773,LA,773,wuntst
LA774,LA,774,wunts
LA775,LA,775,wunst
LA775,LA,775,wunts
LA776,LA,776,wunts
LA777,LA,777,wunts
LA777,LA,777,wuntst
LA778,LA,778,wunts
LA779,LA,779,-
LA780,LA,780,wunts
LA781,LA,781,-
LA782,LA,782,wunst
LA782,LA,782,wunts
LA783,LA,783,wunst
LA783,LA,783,wunts
LA784,LA,784,wunt(s)
LA785,LA,785,wuns
LA786,LA,786,wunst
LA787,LA,787,wunts
LA788,LA,788,wonst
LA788,LA,788,wuns
LA788,LA,788,wunst
LA789,LA,789,wunts
LA790,LA,790,wunts
LA790,LA,790,wuntst
LA791,LA,791,wunst
LA792,LA,792,wuntst
LA793,LA,793,wunst
LA794,LA,794,wunst
LA795,LA,795,wunts
LA796,LA,796,wonts
LA797,LA,797,wuns
LA798,LA,798,wuns
LA798,LA,798,wunst
LA799,LA,799,wunts
LA800,LA,800,wunts
LA800,LA,800,wuntst
LA801,LA,801,wawnts
LA802,LA,802,wuns
LA803,LA,803,-
LA804,LA,804,wunts
LA805,LA,805,wuns
LA806,LA,806,wunts
LA807,LA,807,wunst
LA808,LA,808,wunts
LA809,LA,809,wunts
LA810,LA,810,wunts
LA811,LA,811,wunts
LA812,LA,812,wuntst
LA813,LA,813,wunst
LA814,LA,814,wunts
LA815,LA,815,wunst
LA816,LA,816,wunts
LA817,LA,817,wunst
LA817,LA,817,wunts
TX818,TX,818,-
TX819,TX,819,wunst
TX820,TX,820,wunts
TX821,TX,821,wuns
TX822,TX,822,wunts
TX823,TX,823,wunst
TX824,TX,824,wunts
TX825,TX,825,wunts
TX826,TX,826,wunts
TX827,TX,827,wunts
TX828,TX,828,wuns
TX829,TX,829,wunts
TX830,TX,830,wunth
TX831,TX,831,wunts
TX832,TX,832,-
TX833,TX,833,wunts
TX834,TX,834,wunts
TX835,TX,835,wunts
TX836,TX,836,wunts
TX837,TX,837,-
TX838,TX,838,wuntst
TX839,TX,839,wunts
TX840,TX,840,wunts
TX841,TX,841,wunst
TX842,TX,842,wunts
TX843,TX,843,wuns
TX844,TX,844,wunts
TX845,TX,845,-
TX846,TX,846,wunts
TX847,TX,847,wunst
TX848,TX,848,wunts
TX849,TX,849,wunts
TX850,TX,850,wunst
TX850,TX,850,wunts
TX851,TX,851,wunts
TX851,TX,851,wuntst
TX852,TX,852,wunts
TX853,TX,853,-
TX854,TX,854,-
TX855,TX,855,wunts
TX855,TX,855,wuntst
TX856,TX,856,wunst
TX856,TX,856,wunts
TX857,TX,857,wunts
TX857,TX,857,wuntst
TX858,TX,858,wunts
TX859,TX,859,wuns
TX860,TX,860,wunts
TX861,TX,861,wunts
TX862,TX,862,wunts
TX863,TX,863,wunts
TX864,TX,864,wunts
TX865,TX,865,wunst
TX866,TX,866,wunts
TX867,TX,867,wunts
TX868,TX,868,wunts
TX869,TX,869,wunts
TX870,TX,870,wuns
TX871,TX,871,-
TX872,TX,872,wunts
TX873,TX,873,wonts
TX874,TX,874,wuns
TX875,TX,875,wunts
TX876,TX,876,wunts
TX877,TX,877,wunts
TX878,TX,878,wuns
TX879,TX,879,wuntst
TX880,TX,880,wunts
TX881,TX,881,wunts
TX882,TX,882,wunts
TX883,TX,883,wunts
TX884,TX,884,wunts
TX885,TX,885,wuntst
TX886,TX,886,wunts
TX887,TX,887,wunts
TX888,TX,888,wuns
TX888,TX,888,wunts
TX889,TX,889,wunts
TX890,TX,890,wuns
TX891,TX,891,wunts
TX892,TX,892,wunts
TX892,TX,892,wuntst
TX893,TX,893,wuns
TX894,TX,894,-
TX895,TX,895,wunts
TX896,TX,896,-
TX897,TX,897,-
TX898,TX,898,wunt(s)
TX899,TX,899,wunts
TX900,TX,900,wunts
TX901,TX,901,wunts
TX902,TX,902,wunts
TX903,TX,903,wunts
TX904,TX,904,wunts
TX905,TX,905,wuns
TX906,TX,906,wunts
TX907,TX,907,wuns
TX908,TX,908,wunts
TX909,TX,909,wonts
TX909,TX,909,wunts
TX910,TX,910,wunts
TX910,TX,910,wunz
TX911,TX,911,wunts
