Informant,State,Informant number,Response
TN001,TN,001,m{o}{r}ch
TN002,TN,002,morch
TN003,TN,003,m{o}rch
TN004,TN,004,morch
TN005,TN,005,morch
TN006,TN,006,m{o}rch
TN007,TN,007,mo{r}ch
TN008,TN,008,-
TN009,TN,009,m{o}rch
TN010,TN,010,m{o}rch
TN011,TN,011,m{o}rch
TN012,TN,012,morch
TN013,TN,013,morch
TN014,TN,014,morch
TN015,TN,015,morch
TN016,TN,016,mo{r}ch
TN017,TN,017,morch
TN018,TN,018,mawrch
TN019,TN,019,morch
TN020,TN,020,morch
TN021,TN,021,m{o}rch
TN022,TN,022,morch
TN023,TN,023,morch
TN024,TN,024,mawrch
TN025,TN,025,m{o}rch
TN026,TN,026,m{o}rch
TN027,TN,027,morch
TN028,TN,028,morch
TN029,TN,029,m{o}rch
TN030,TN,030,maw[r]ch
TN031,TN,031,mo(r)ch
TN032,TN,032,m{o}rch
TN033,TN,033,m{o}rch
TN034,TN,034,m{o}rch
TN035,TN,035,m{o}rch
TN036,TN,036,m{o}rch
TN037,TN,037,m{o}rch
TN038,TN,038,morch
TN039,TN,039,morch
TN040,TN,040,morch
TN041,TN,041,morch
TN042,TN,042,m{o}[r]ch
TN043,TN,043,m{o}(r)ch
TN044,TN,044,morch
TN045,TN,045,m{o}rch
TN046,TN,046,mawrch
TN047,TN,047,mo(r)ch
TN048,TN,048,morch
TN049,TN,049,morch
TN050,TN,050,m{o}rch
TN051,TN,051,morch
TN052,TN,052,-
TN053,TN,053,m{o}rch
TN054,TN,054,-
TN055,TN,055,morch
TN056,TN,056,morch
TN057,TN,057,morch
TN058,TN,058,m{o}rch
TN059,TN,059,morch
TN060,TN,060,morch
GA061,GA,061,morch
GA062,GA,062,morch
GA063,GA,063,morch
GA064,GA,064,morch
GA065,GA,065,morch
GA066,GA,066,mo[r]ch
GA067,GA,067,mo[r]ch
GA068,GA,068,morch
GA069,GA,069,morch
GA070,GA,070,m{o}rch
GA071,GA,071,morch
GA072,GA,072,m{o}rch
GA073,GA,073,morch
GA074,GA,074,mo(r)ch
GA075,GA,075,m{o}rch
GA076,GA,076,mo[r]ch
GA077,GA,077,mo[r]ch
GA078,GA,078,morch
GA079,GA,079,morch
GA080,GA,080,morch
GA081,GA,081,morch
GA082,GA,082,morch
GA083,GA,083,morch
GA084,GA,084,m{o}[r]ch
GA085,GA,085,m{o}rch
GA086,GA,086,morch
GA087,GA,087,morch
GA088,GA,088,morch
GA089,GA,089,mo[r]ch
GA090,GA,090,morch
GA091,GA,091,morch
GA092,GA,092,-
GA093,GA,093,mo[r]ch
GA094,GA,094,m{o}[r]ch
GA095,GA,095,morch
GA096,GA,096,maw(r)ch
GA097,GA,097,morch
GA098,GA,098,mawrch
GA099,GA,099,mo[r]ch
GA100,GA,100,mo[r]ch
GA101,GA,101,morch
GA102,GA,102,m{o}rch
GA103,GA,103,mo{r}ch
GA104,GA,104,morch
GA105,GA,105,morch
GA106,GA,106,morch
GA107,GA,107,morch
GA108,GA,108,morch
GA109,GA,109,m{o}[r]ch
GA110,GA,110,mo[r]ch
GA111,GA,111,mo[r]ch
GA112,GA,112,maw[r]ch
GA113,GA,113,morch
GA114,GA,114,m{o}[r]ch
GA115,GA,115,m{o}[r]ch
GA116,GA,116,maw(r)ch
GA117,GA,117,m{o}(r)ch
GA118,GA,118,maw[r]ch
GA119,GA,119,mo(r)ch
GA120,GA,120,morch
GA121,GA,121,mo[r]ch
GA122,GA,122,mo(r)ch
GA123,GA,123,-
GA124,GA,124,maw[r]ch
GA125,GA,125,-
GA126,GA,126,m{o}(r)ch
GA127,GA,127,m{o}rch
GA128,GA,128,m{o}rch
GA129,GA,129,m{o}[r]ch
GA130,GA,130,m{o}rch
GA131,GA,131,mo[r]ch
GA132,GA,132,m{o}[r]ch
GA133,GA,133,maw[r]ch
GA134,GA,134,m{o}[r]ch
GA135,GA,135,mo(r)ch
GA136,GA,136,mo[r]ch
GA137,GA,137,mo[r]ch
GA138,GA,138,m{o}[r]ch
GA139,GA,139,m{o}[r]ch
GA140,GA,140,m{o}[r]ch
GA141,GA,141,m{o}[r]ch
GA142,GA,142,mo[r]ch
GA143,GA,143,m{o}[r]ch
GA144,GA,144,mo[r]ch
GA145,GA,145,-
GA146,GA,146,morch
GA147,GA,147,mo[r]ch
GA148,GA,148,mo(r)ch
GA149,GA,149,mo[r]ch
GA150,GA,150,morch
GA151,GA,151,mawrch
GA152,GA,152,morch
GA153,GA,153,mo{r}ch
GA154,GA,154,-
GA155,GA,155,-
GA156,GA,156,m{o}[r]ch
GA157,GA,157,morch
GA158,GA,158,-
GA159,GA,159,m{o}rch
GA160,GA,160,mawrch
GA161,GA,161,mo(r)ch
GA162,GA,162,m{o}rch
GA163,GA,163,m{o}(r)ch
GA164,GA,164,morch
GA165,GA,165,-
GA166,GA,166,mo(r)ch
GA167,GA,167,m{o}{r}ch
GA168,GA,168,m{o}[r]ch
GA169,GA,169,morch
GA170,GA,170,mo[r]ch
GA171,GA,171,morch
GA172,GA,172,mo(r)ch
GA173,GA,173,morch
GA174,GA,174,m{o}rch
GA175,GA,175,mo[r]ch
GA176,GA,176,m{o}rch
GA177,GA,177,mo{r}ch
GA178,GA,178,m{o}rch
GA179,GA,179,mo[r]ch
GA180,GA,180,m{o}rch
GA181,GA,181,-
GA182,GA,182,m{o}[r]ch
GA183,GA,183,mawrch
GA184,GA,184,morch
GA185,GA,185,m{o}rch
GA186,GA,186,m{o}rch
GA187,GA,187,morch
GA188,GA,188,m{o}[r]ch
GA189,GA,189,maw(r)ch
GA190,GA,190,m{o}[r]ch
GA191,GA,191,morch
GA192,GA,192,maw{r}ch
GA193,GA,193,-
GA194,GA,194,morch
GA195,GA,195,-
GA196,GA,196,m{o}rch
GA197,GA,197,m{o}rch
GA198,GA,198,m{o}{r}ch
GA199,GA,199,-
GA200,GA,200,m{o}[r]ch
GA201,GA,201,m{o}[r]ch
GA202,GA,202,mo[r]ch
GA203,GA,203,mawrch
GA204,GA,204,morch
GA205,GA,205,-
GA206,GA,206,mawrch
GA207,GA,207,mo[r]ch
GA208,GA,208,mawrch
GA209,GA,209,maw[r]ch
GA210,GA,210,m{o}[r]ch
GA211,GA,211,morch
GA212,GA,212,morch
GA213,GA,213,mo[r]ch
GA214,GA,214,m{o}rch
GA215,GA,215,m{o}[r]ch
GA216,GA,216,morch
GA217,GA,217,m{o}rch
GA218,GA,218,m{o}rch
GA219,GA,219,-
GA220,GA,220,mawrch
GA221,GA,221,m{o}rch
GA222,GA,222,m{o}{r}ch
GA223,GA,223,mo{r}ch
GA224,GA,224,-
GA225,GA,225,morch
FL226,FL,226,m{o}[r]ch
FL227,FL,227,m{o}(r)ch
FL228,FL,228,morch
FL229,FL,229,m{o}[r]ch
FL230,FL,230,morch
FL231,FL,231,morch
FL232,FL,232,morch
FL233,FL,233,mo{r}ch
FL234,FL,234,mo(r)ch
FL235,FL,235,mawrch
FL236,FL,236,morch
FL237,FL,237,mo{r}ch
FL238,FL,238,m{o}rch
FL239,FL,239,morch
FL240,FL,240,morch
FL241,FL,241,-
FL242,FL,242,mo{r}ch
FL243,FL,243,m{o}rch
FL244,FL,244,-
FL245,FL,245,m{o}[r]ch
FL246,FL,246,mo{r}ch
FL247,FL,247,morch
FL248,FL,248,morch
FL249,FL,249,morch
FL250,FL,250,mo{r}ch
FL251,FL,251,mo(r)ch
FL252,FL,252,-
FL253,FL,253,m{o}rch
FL254,FL,254,morch
FL255,FL,255,-
FL256,FL,256,m{o}[r]ch
FL257,FL,257,morch
FL258,FL,258,morch
FL259,FL,259,morch
FL260,FL,260,-
FL261,FL,261,morch
FL262,FL,262,maw{r}ch
FL263,FL,263,m{o}{r}ch
FL264,FL,264,morch
FL265,FL,265,morch
FL266,FL,266,mawrch
FL267,FL,267,-
FL268,FL,268,mo[r]ch
FL269,FL,269,morch
FL270,FL,270,mo[r]ch
FL271,FL,271,mo{r}ch
FL272,FL,272,morch
FL273,FL,273,-
FL274,FL,274,morch
FL275,FL,275,morch
FL276,FL,276,morch
FL277,FL,277,morch
FL278,FL,278,mawrch
FL279,FL,279,morch
FL280,FL,280,m{o}[r]ch
FL281,FL,281,m{o}[r]ch
FL282,FL,282,-
FL283,FL,283,mo(r)sh
FL284,FL,284,morch
FL285,FL,285,morch
FL286,FL,286,morch
FL287,FL,287,-
FL288,FL,288,maw(r)ch
FL289,FL,289,mo[r]ch
TN290,TN,290,morch
TN291,TN,291,morch
TN292,TN,292,morch
TN293,TN,293,morch
TN294,TN,294,morch
TN295,TN,295,mo{r}ch
TN296,TN,296,morch
TN297,TN,297,morch
TN298,TN,298,morch
TN299,TN,299,morch
TN300,TN,300,morch
TN301,TN,301,mo{r}ch
TN302,TN,302,morch
TN303,TN,303,morch
TN304,TN,304,mo{r}ch
TN305,TN,305,-
TN306,TN,306,morch
TN307,TN,307,mawrch
TN308,TN,308,-
TN309,TN,309,mo[r]ch
TN310,TN,310,-
TN311,TN,311,mawrch
TN312,TN,312,-
TN313,TN,313,-
TN314,TN,314,mo{r}ch
TN315,TN,315,m{o}[r]ch
TN316,TN,316,morch
TN317,TN,317,morch
TN318,TN,318,morch
TN319,TN,319,-
TN320,TN,320,morch
TN321,TN,321,morch
TN322,TN,322,morch
TN323,TN,323,mo[r]ch
TN324,TN,324,m{o}rch
TN325,TN,325,morch
TN326,TN,326,m{o}rch
TN327,TN,327,morch
TN328,TN,328,morch
TN329,TN,329,morch
TN330,TN,330,m{o}[r]ch
TN331,TN,331,mo(r)ch
TN332,TN,332,m{o}[r]ch
TN333,TN,333,morch
TN334,TN,334,morch
TN335,TN,335,morch
TN336,TN,336,morch
AL337,AL,337,-
AL338,AL,338,m{o}rch
AL339,AL,339,-
AL340,AL,340,m{o}(r)ch
AL341,AL,341,-
AL342,AL,342,-
AL343,AL,343,m{o}rch
AL344,AL,344,maw{r}ch
AL345,AL,345,morch
AL346,AL,346,mo[r]ch
AL347,AL,347,mo[r]ch
AL348,AL,348,morch
AL349,AL,349,mo{r}ch
AL350,AL,350,morch
AL351,AL,351,morch
AL352,AL,352,morch
AL353,AL,353,maw(r)ch
AL354,AL,354,morch
AL355,AL,355,-
AL356,AL,356,morch
AL357,AL,357,morch
AL358,AL,358,mo[r]ch
AL359,AL,359,morch
AL360,AL,360,morch
AL361,AL,361,morch
AL362,AL,362,morch
AL363,AL,363,mawrch
AL364,AL,364,m{o}[r]ch
AL365,AL,365,morch
AL366,AL,366,morch
AL367,AL,367,morch
AL368,AL,368,mo{r}ch
AL369,AL,369,morch
AL370,AL,370,-
AL371,AL,371,-
AL372,AL,372,mo[r]ch
AL373,AL,373,mo[r]ch
AL374,AL,374,morch
AL375,AL,375,morch
AL376,AL,376,mawrch
AL377,AL,377,mo[r]ch
AL378,AL,378,-
AL379,AL,379,-
AL380,AL,380,mo{r}ch
AL381,AL,381,morch
AL382,AL,382,mo{r}ch
AL383,AL,383,mawrch
AL384,AL,384,morch
AL385,AL,385,morch
AL386,AL,386,morch
AL387,AL,387,m{o}rch
AL388,AL,388,mo[r]ch
AL389,AL,389,morch
AL390,AL,390,morch
AL391,AL,391,morch
AL392,AL,392,-
AL393,AL,393,morch
AL394,AL,394,mo[r]ch
AL395,AL,395,m{o}[r]ch
AL396,AL,396,-
AL397,AL,397,morch
AL398,AL,398,mo[r]ch
AL399,AL,399,mo(r)ch
AL400,AL,400,m{o}[r]ch
AL401,AL,401,-
AL402,AL,402,m{o}[r]ch
AL403,AL,403,morch
AL404,AL,404,mo[r]ch
AL405,AL,405,m{o}rch
AL406,AL,406,mo[r]ch
AL407,AL,407,m{o}rch
AL408,AL,408,-
AL409,AL,409,m{o}[r]ch
AL410,AL,410,mo[r]ch
AL411,AL,411,-
AL412,AL,412,m{o}(r)ch
AL413,AL,413,morch
AL414,AL,414,morch
AL415,AL,415,morch
AL416,AL,416,morch
AL416,AL,416,mo[r]ch
AL417,AL,417,m{o}(r)ch
AL418,AL,418,morch
AL419,AL,419,m{o}rch
AL420,AL,420,m{o}[r]ch
AL421,AL,421,m{o}[r]ch
AL422,AL,422,mo{r}ch
AL423,AL,423,morch
AL424,AL,424,mo[r]ch
AL425,AL,425,maw{r}ch
AL426,AL,426,morch
AL427,AL,427,maw{r}ch
AL428,AL,428,m{o}(r)ch
AL429,AL,429,-
AL430,AL,430,morch
AL431,AL,431,mawrch
AL432,AL,432,-
AL433,AL,433,mo(r)ch
AL434,AL,434,mo[r]ch
AL435,AL,435,morch
AL436,AL,436,mo{r}ch
AL437,AL,437,m{o}rch
AL438,AL,438,m{o}[r]ch
AL439,AL,439,morch
AL440,AL,440,-
AL441,AL,441,maw{r}ch
AL442,AL,442,mo[r]ch
AL443,AL,443,morch
AL444,AL,444,mo{r}ch
AL445,AL,445,morch
AL446,AL,446,mawrch
AL447,AL,447,m{o}rch
AL448,AL,448,m{o}rch
AL449,AL,449,mo(r)ch
AL450,AL,450,mo[r]ch
AL451,AL,451,m{o}rch
FL452,FL,452,morch
FL453,FL,453,-
FL454,FL,454,maw[r]ch
FL455,FL,455,m{o}rch
FL456,FL,456,mo(r)ch
FL457,FL,457,morch
FL458,FL,458,morch
FL459,FL,459,-
FL460,FL,460,mo{r}ch
FL461,FL,461,morch
FL462,FL,462,mawrch
FL463,FL,463,-
FL464,FL,464,m{o}[r]ch
FL465,FL,465,maw[r]ch
FL466,FL,466,morch
FL467,FL,467,-
FL468,FL,468,mo[r]ch
FL469,FL,469,morch
FL470,FL,470,mawrch
FL471,FL,471,mo[r]ch
AL472,AL,472,mo{r}ch
AL473,AL,473,mawrch
AL474,AL,474,morch
AL475,AL,475,m{o}{r}ch
AL476,AL,476,mawrch
AL477,AL,477,maw[r]ch
AL478,AL,478,-
AL479,AL,479,m{o}(r)ch
AL480,AL,480,mawrch
AL481,AL,481,mo[r]ch
AL482,AL,482,maw[r]ch
AL483,AL,483,-
AL484,AL,484,morch
AL485,AL,485,-
TN486,TN,486,morch
TN487,TN,487,mo{r}ch
TN488,TN,488,m{o}rch
TN489,TN,489,mo{r}ch
TN490,TN,490,m{o}rch
TN491,TN,491,-
TN492,TN,492,morch
TN493,TN,493,mo{r}ch
TN494,TN,494,morch
TN495,TN,495,morch
TN496,TN,496,morch
TN497,TN,497,mo{r}ch
TN497,TN,497,mo[r]ch
TN498,TN,498,morch
TN499,TN,499,mo{r}ch
TN500,TN,500,m{o}rch
TN501,TN,501,morch
TN502,TN,502,morch
TN503,TN,503,maw{r}ch
TN504,TN,504,morch
TN505,TN,505,mo[r]ch
TN506,TN,506,mo{r}ch
TN507,TN,507,mo(r)ch
TN508,TN,508,m{o}rch
TN509,TN,509,-
TN510,TN,510,m{o}[r]ch
TN511,TN,511,morch
TN512,TN,512,m{o}[r]ch
TN513,TN,513,m{o}(r)ch
TN514,TN,514,morch
TN515,TN,515,morch
TN516,TN,516,morch
TN517,TN,517,morch
TN518,TN,518,m{o}rch
TN519,TN,519,mo{r}ch
MS520,MS,520,mo{r}ch
MS521,MS,521,mo[r]ch
MS522,MS,522,morch
MS523,MS,523,-
MS524,MS,524,morch
MS525,MS,525,maw[r]ch
MS526,MS,526,m{o}[r]ch
MS527,MS,527,mo{r}ch
MS528,MS,528,m{o}[r]ch
MS529,MS,529,-
MS530,MS,530,mo[r]ch
MS531,MS,531,mo[r]ch
MS532,MS,532,mo(r)ch
MS533,MS,533,mawrch
MS534,MS,534,m{o}{r}ch
MS535,MS,535,morch
MS536,MS,536,m{o}rch
MS537,MS,537,mo[r]ch
MS538,MS,538,mo[r]ch
MS539,MS,539,m{o}rch
MS540,MS,540,m{o}{r}ch
MS541,MS,541,-
MS542,MS,542,m{o}{r}ch
MS543,MS,543,m{o}[r]ch
MS544,MS,544,m{o}{r}ch
MS545,MS,545,maw{r}ch
MS546,MS,546,morch
MS547,MS,547,morch
MS548,MS,548,morch
MS549,MS,549,morch
MS550,MS,550,-
MS551,MS,551,morch
MS552,MS,552,mo{r}ch
MS553,MS,553,mo(r)ch
MS554,MS,554,-
MS555,MS,555,mo[r]ch
MS556,MS,556,mo{r}ch
MS557,MS,557,mo[r]ch
MS558,MS,558,mo{r}ch
MS559,MS,559,morch
MS560,MS,560,-
MS561,MS,561,-
MS562,MS,562,morch
MS563,MS,563,morch
MS564,MS,564,m{o}[r]ch
MS565,MS,565,morch
MS566,MS,566,maw(r)ch
MS567,MS,567,-
MS568,MS,568,m{o}rch
MS569,MS,569,mo[r]ch
MS570,MS,570,mo[r]ch
MS571,MS,571,mo[r]t
MS571,MS,571,maw{r}ch
MS572,MS,572,morch
MS573,MS,573,m{o}rch
MS574,MS,574,mo(r)ch
MS575,MS,575,m{o}rch
MS576,MS,576,morch
MS577,MS,577,mo(r)ch
MS578,MS,578,m{o}{r}ch
MS579,MS,579,m{o}[r]ch
MS580,MS,580,mo{r}ch
MS581,MS,581,m{o}{r}ch
MS582,MS,582,m{o}rch
MS583,MS,583,mo{r}ch
MS584,MS,584,morch
MS585,MS,585,m{o}[r]ch
MS586,MS,586,-
MS587,MS,587,m{o}(r)ch
MS588,MS,588,-
MS589,MS,589,maw[r]ch
MS590,MS,590,-
MS591,MS,591,mawrch
MS592,MS,592,-
MS593,MS,593,mo[r]ch
MS594,MS,594,mo[r]ch
MS595,MS,595,m{o}rch
MS596,MS,596,mo(r)ch
MS597,MS,597,m{o}rch
MS598,MS,598,mo[r]ch
MS599,MS,599,morch
MS600,MS,600,morch
MS601,MS,601,morch
MS602,MS,602,maw[r]ch
MS603,MS,603,-
MS604,MS,604,-
MS605,MS,605,-
MS606,MS,606,-
MS607,MS,607,m{o}{r}ch
MS608,MS,608,m{o}rch
MS609,MS,609,m{o}(r)ch
MS610,MS,610,mo[r]ch
MS611,MS,611,m{o}[r]ch
MS612,MS,612,mo[r]ch
MS613,MS,613,mo[r]ch
MS614,MS,614,-
MS615,MS,615,maw{r}ch
MS616,MS,616,morch
MS617,MS,617,maw{r}ch
MS618,MS,618,m{o}[r]ch
MS619,MS,619,maw(r)ch
MS619,MS,619,maw[r]ch
MS620,MS,620,-
MS621,MS,621,mawrch
MS622,MS,622,morch
MS623,MS,623,-
MS624,MS,624,morch
MS625,MS,625,maw{r}ch
MS626,MS,626,-
MS627,MS,627,maw(r)ch
MS628,MS,628,m{o}rch
MS629,MS,629,maw[r]ch
LA630,LA,630,-
LA631,LA,631,morch
LA632,LA,632,mawrch
LA633,LA,633,m{o}[r]ch
LA634,LA,634,m{o}rch
LA635,LA,635,morch
LA636,LA,636,morch
LA637,LA,637,m{o}[r]ch
LA638,LA,638,mo(r)ch
LA639,LA,639,mo{r}ch
LA640,LA,640,mo[r]ch
LA641,LA,641,mo[r]ch
LA642,LA,642,-
LA643,LA,643,morch
LA644,LA,644,-
LA645,LA,645,mo{r}ch
LA646,LA,646,morch
LA647,LA,647,-
LA648,LA,648,m{o}[r]ch
LA649,LA,649,m{o}rch
LA650,LA,650,maw[r]ch
LA651,LA,651,-
LA652,LA,652,morch
LA653,LA,653,mawrch
LA654,LA,654,m{o}(r)ch
LA655,LA,655,mo{r}ch
LA656,LA,656,morch
LA657,LA,657,mo[r]ch
LA657X,LA,657X,m{o}[r]ch
LA657Y,LA,657Y,m{o}[r]ch
LA657Z,LA,657Z,m{o}[r]ch
LA658,LA,658,maw{r}ch
LA659,LA,659,maw[r]ch
LA660,LA,660,maw[r]ch
LA661,LA,661,mawrch
LA662,LA,662,m{o}rch
LA663,LA,663,m{o}[r]ch
LA664,LA,664,mo{r}ch
LA665,LA,665,mo(r)ch
LA666,LA,666,maw[r]ch
LA667,LA,667,mo[r]ch
LA668,LA,668,m{o}(r)ch
LA669,LA,669,m{o}rch
LA670,LA,670,morch
LA671,LA,671,maw[r]ch
LA672,LA,672,mawrch
LA672,LA,672,morch
LA673,LA,673,mo(r)ch
AR674,AR,674,morch
AR675,AR,675,morch
AR676,AR,676,-
AR677,AR,677,morch
AR678,AR,678,mawrch
AR679,AR,679,morch
AR680,AR,680,morch
AR681,AR,681,morch
AR682,AR,682,morch
AR683,AR,683,morch
AR684,AR,684,m{o}rch
AR685,AR,685,morch
AR685,AR,685,mo{r}ch
AR686,AR,686,morch
AR687,AR,687,morch
AR688,AR,688,mo{r}ch
AR689,AR,689,m{o}rch
AR690,AR,690,mo(r)ch
AR691,AR,691,morch
AR692,AR,692,mo{r}ch
AR693,AR,693,morch
AR694,AR,694,m{o}rch
AR695,AR,695,morch
AR696,AR,696,mo{r}ch
AR697,AR,697,m{o}{r}ch
AR698,AR,698,morch
AR699,AR,699,-
AR700,AR,700,mo[r]ch
AR701,AR,701,morch
AR702,AR,702,-
AR703,AR,703,m{o}rch
AR704,AR,704,mo[r]ch
AR705,AR,705,morch
AR706,AR,706,-
AR707,AR,707,m{o}rch
AR708,AR,708,m{o}rch
AR709,AR,709,morch
AR710,AR,710,morch
AR711,AR,711,morch
AR712,AR,712,morch
AR713,AR,713,m{o}rch
AR714,AR,714,morch
AR715,AR,715,morch
AR716,AR,716,mo{r}ch
AR717,AR,717,-
AR718,AR,718,mo[r]ch
AR719,AR,719,morch
AR720,AR,720,morch
AR721,AR,721,morch
AR722,AR,722,m{o}rch
AR723,AR,723,morch
AR724,AR,724,morch
AR725,AR,725,m{o}rch
AR726,AR,726,morch
AR727,AR,727,mort
AR728,AR,728,mo[r]ch
AR729,AR,729,morch
AR730,AR,730,morch
AR731,AR,731,morch
AR732,AR,732,morch
AR733,AR,733,morch
AR734,AR,734,-
AR735,AR,735,morch
AR736,AR,736,morch
AR737,AR,737,mawrch
AR738,AR,738,morch
AR739,AR,739,-
AR740,AR,740,m{o}rch
AR741,AR,741,morch
AR742,AR,742,mawrch
AR743,AR,743,morch
AR744,AR,744,m{o}rch
AR745,AR,745,-
AR746,AR,746,mo{r}ch
AR747,AR,747,m{o}rch
AR748,AR,748,maw(r)ch
AR749,AR,749,mawrch
AR750,AR,750,-
AR751,AR,751,morch
AR752,AR,752,mawrch
AR753,AR,753,morch
AR754,AR,754,m{o}{r}ch
AR755,AR,755,m{o}[r]ch
LA756,LA,756,mo(r)ch
LA757,LA,757,m{o}rch
LA758,LA,758,m{o}rch
LA759,LA,759,m{o}[r]ch
LA760,LA,760,m{o}[r]ch
LA761,LA,761,mo[r]ch
LA762,LA,762,-
LA763,LA,763,-
LA764,LA,764,mo{r}ch
LA765,LA,765,m{o}rch
LA766,LA,766,mo(r)ch
LA767,LA,767,morch
LA768,LA,768,mo[r]ch
LA769,LA,769,morch
LA770,LA,770,-
LA771,LA,771,m{o}[r]ch
LA772,LA,772,m{o}rch
LA773,LA,773,mo[r]ch
LA774,LA,774,-
LA775,LA,775,mo(r)ch
LA776,LA,776,morch
LA777,LA,777,m{o}[r]ch
LA778,LA,778,morch
LA779,LA,779,morch
LA780,LA,780,mawrch
LA781,LA,781,mo{r}ch
LA782,LA,782,mawrch
LA783,LA,783,morch
LA784,LA,784,mo(r)ch
LA785,LA,785,morch
LA786,LA,786,morch
LA787,LA,787,mawrch
LA788,LA,788,m{o}rch
LA789,LA,789,-
LA790,LA,790,-
LA791,LA,791,morch
LA792,LA,792,morch
LA793,LA,793,-
LA794,LA,794,m{o}rch
LA795,LA,795,maw(r)ch
LA796,LA,796,m{o}[r]ch
LA797,LA,797,morch
LA798,LA,798,maw{r}ch
LA799,LA,799,-
LA800,LA,800,morch
LA801,LA,801,m{o}rch
LA802,LA,802,mo[r]ch
LA803,LA,803,maw[r]ch
LA804,LA,804,-
LA805,LA,805,m{o}{r}ch
LA806,LA,806,mo(r)ch
LA807,LA,807,morch
LA808,LA,808,mo(r)ch
LA809,LA,809,mo(r)ch
LA810,LA,810,mawrch
LA811,LA,811,maw(r)ch
LA812,LA,812,-
LA813,LA,813,mawrch
LA814,LA,814,mawrch
LA815,LA,815,m{o}rch
LA816,LA,816,mawrch
LA817,LA,817,mawrch
TX818,TX,818,-
TX819,TX,819,m{o}rch
TX820,TX,820,mawrch
TX821,TX,821,mo(r)ch
TX822,TX,822,morch
TX823,TX,823,morch
TX824,TX,824,mawrch
TX825,TX,825,mo[r]ch
TX826,TX,826,morch
TX827,TX,827,morch
TX828,TX,828,mo[r]ch
TX829,TX,829,mo{r}ch
TX830,TX,830,maw{r}ch
TX831,TX,831,m{o}rch
TX832,TX,832,-
TX833,TX,833,mo{r}ch
TX834,TX,834,mawrch
TX835,TX,835,m{o}{r}ch
TX836,TX,836,mo{r}ch
TX837,TX,837,-
TX838,TX,838,m{o}{r}ch
TX839,TX,839,mawrch
TX840,TX,840,mawrch
TX841,TX,841,mawrch
TX842,TX,842,m{o}rch
TX843,TX,843,morch
TX844,TX,844,morch
TX845,TX,845,-
TX846,TX,846,mo{r}ch
TX847,TX,847,-
TX848,TX,848,m{o}rch
TX849,TX,849,morch
TX850,TX,850,-
TX851,TX,851,-
TX852,TX,852,morch
TX853,TX,853,morch
TX854,TX,854,morch
TX855,TX,855,-
TX856,TX,856,m{o}rch
TX857,TX,857,mo(r)ch
TX858,TX,858,m{o}{r}ch
TX859,TX,859,morch
TX860,TX,860,mo{r}ch
TX861,TX,861,m{o}rch
TX862,TX,862,mawrch
TX863,TX,863,morch
TX864,TX,864,m{o}(r)ch
TX865,TX,865,mawrch
TX866,TX,866,maw[r]ch
TX867,TX,867,mo{r}ch
TX868,TX,868,m{o}[r]ch
TX869,TX,869,m{o}rch
TX870,TX,870,morch
TX871,TX,871,-
TX872,TX,872,-
TX873,TX,873,morch
TX874,TX,874,m{o}{r}ch
TX875,TX,875,m{o}{r}ch
TX876,TX,876,m{o}rch
TX877,TX,877,mawrch
TX878,TX,878,m{o}rch
TX879,TX,879,-
TX880,TX,880,maw[r]ch
TX881,TX,881,-
TX882,TX,882,mo[r]ch
TX883,TX,883,m{o}rch
TX884,TX,884,mo(r)ch
TX885,TX,885,morch
TX886,TX,886,mawrch
TX887,TX,887,morch
TX888,TX,888,mawrch
TX889,TX,889,mo{r}ch
TX890,TX,890,mo[r]ch
TX891,TX,891,morch
TX892,TX,892,morch
TX893,TX,893,morch
TX894,TX,894,mawrch
TX895,TX,895,mawrch
TX896,TX,896,mo{r}ch
TX897,TX,897,mo{r}ch
TX898,TX,898,morsh
TX899,TX,899,morsh
TX900,TX,900,mo{r}ch
TX901,TX,901,mawrch
TX902,TX,902,morch
TX903,TX,903,-
TX904,TX,904,mo{r}ch
TX905,TX,905,morch
TX906,TX,906,m{o}rch
TX907,TX,907,mawrch
TX908,TX,908,mo{r}ch
TX909,TX,909,-
TX910,TX,910,mo{r}ch
TX911,TX,911,m{o}rch
