Informant,State,Informant number,Response
TN001,TN,001,awgAs(t)=14
TN002,TN,002,awgIst=14
TN003,TN,003,awgAs(t)=14
TN004,TN,004,awgIst=14
TN005,TN,005,awgAs(t)=14
TN006,TN,006,awgAs(t)=14
TN007,TN,007,awgAs(t)=14
TN008,TN,008,-
TN009,TN,009,awgIs(t)=14
TN010,TN,010,awgIs(t)=14
TN011,TN,011,awgIs(t)=14
TN012,TN,012,awgAs(t)=14
TN013,TN,013,awgIs(t)=14
TN014,TN,014,awgAs(t)=14
TN015,TN,015,awgAs(t)=14
TN016,TN,016,-
TN017,TN,017,awgIs(t)=14
TN018,TN,018,awgIs(t)=14
TN019,TN,019,awgIs(t)=14
TN020,TN,020,awgIs(t)=14
TN021,TN,021,awgAst=14
TN022,TN,022,awgIs(t)=14
TN023,TN,023,awgAs(t)=14
TN024,TN,024,ogIs(t)=14
TN025,TN,025,awgIs(t)=14
TN026,TN,026,awgIs(t)=14
TN027,TN,027,awgIs(t)=14
TN028,TN,028,awgAst=14
TN029,TN,029,awgAs(t)=14
TN030,TN,030,awgAs(t)=14
TN031,TN,031,-
TN032,TN,032,awgAs(t)=14
TN033,TN,033,ogIst=14
TN034,TN,034,awgAst=14
TN035,TN,035,awgIs(t)=14
TN036,TN,036,awgAs(t)=14
TN037,TN,037,awgIs(t)=14
TN038,TN,038,awgAs(t)=14
TN039,TN,039,awgAst=14
TN040,TN,040,awgAst=14
TN041,TN,041,awgIs(t)=14
TN042,TN,042,awgIst=14
TN043,TN,043,awgIs(t)=14
TN044,TN,044,awgAs(t)=14
TN045,TN,045,awgAs(t)=14
TN046,TN,046,awgIst=14
TN047,TN,047,awgAst=14
TN048,TN,048,awgIs(t)=14
TN049,TN,049,awgAs(t)=14
TN050,TN,050,awgIst=14
TN051,TN,051,awgAs(t)=14
TN052,TN,052,-
TN053,TN,053,awgAs(t)=14
TN054,TN,054,awgAst=14
TN055,TN,055,awgAst=14
TN056,TN,056,awgAst=14
TN057,TN,057,awgAst=14
TN058,TN,058,awgAs(t)=14
TN059,TN,059,awgAst=14
TN060,TN,060,awgIst=14
GA061,GA,061,awgAst=14
GA062,GA,062,awgAs(t)=14
GA063,GA,063,awgAs(t)=14
GA064,GA,064,awgIs(t)=14
GA065,GA,065,-
GA066,GA,066,awgIs(t)=14
GA067,GA,067,awgIst=14
GA068,GA,068,awgIs(t)=14
GA069,GA,069,awgAs(t)=14
GA070,GA,070,awgAst=14
GA071,GA,071,awgAs(t)=14
GA072,GA,072,awgIs(t)=14
GA073,GA,073,awgAst=14
GA074,GA,074,awgAs(t)=14
GA075,GA,075,awgAs(t)=14
GA076,GA,076,awgIs(t)=14
GA077,GA,077,awgAsh(t)=14
GA078,GA,078,awgAs(t)=14
GA079,GA,079,awgIs(t)=14
GA080,GA,080,awgIs(t)=14
GA081,GA,081,awgIs(t)=14
GA082,GA,082,-
GA083,GA,083,awgAs(t)=14
GA084,GA,084,awgAs(t)=14
GA085,GA,085,awgAst=14
GA086,GA,086,awgIs(t)=14
GA087,GA,087,awgAst=14
GA088,GA,088,awgAs(t)=14
GA089,GA,089,awgAs(t)=14
GA090,GA,090,awgAst=14
GA091,GA,091,awgoost=13
GA092,GA,092,-
GA093,GA,093,awgAs(t)=14
GA094,GA,094,-
GA095,GA,095,awgAst=14
GA096,GA,096,awgIst=14
GA097,GA,097,awgAst=14
GA098,GA,098,awgoos(t)=13
GA099,GA,099,awgIst=14
GA100,GA,100,awgoost=13
GA101,GA,101,awgoos(t)=13
GA102,GA,102,awgust=13
GA103,GA,103,awgoost=13
GA104,GA,104,awgAst=14
GA105,GA,105,awgIs(t)=14
GA106,GA,106,awgAst=14
GA107,GA,107,awgust=13
GA108,GA,108,awgIs(t)=14
GA109,GA,109,awgoost=13
GA110,GA,110,awgAs(t)=14
GA111,GA,111,awgAs(t)=14
GA112,GA,112,awgust=13
GA113,GA,113,awgus(t)=13
GA114,GA,114,awgAs(t)=14
GA115,GA,115,awgIs(t)=14
GA116,GA,116,awgIs(t)=14
GA117,GA,117,awgIs(t)=14
GA118,GA,118,awgoos(t)=13
GA119,GA,119,awgAs(t)=14
GA120,GA,120,awgAst=14
GA121,GA,121,awgAst=14
GA122,GA,122,awgAs(t)=14
GA123,GA,123,-
GA124,GA,124,awgAs(t)=14
GA125,GA,125,-
GA126,GA,126,awgAs(t)=14
GA127,GA,127,awgAs(t)=14
GA128,GA,128,awgIs(t)=14
GA129,GA,129,awgAs(t)=14
GA130,GA,130,awgAst=14
GA131,GA,131,awgAs(t)=14
GA132,GA,132,awgIs(t)=14
GA133,GA,133,awgAs(t)=14
GA134,GA,134,awgIst=14
GA135,GA,135,awgIs(t)=14
GA136,GA,136,awgAs(t)=14
GA137,GA,137,awgAs(t)=14
GA138,GA,138,awgAs(t)=14
GA139,GA,139,awgAst=14
GA140,GA,140,awgIs(t)=14
GA141,GA,141,awgoost=13
GA142,GA,142,awgIst=14
GA143,GA,143,awgIs(t)=14
GA144,GA,144,awgoost=13
GA145,GA,145,-
GA146,GA,146,awgIs(t)=14
GA147,GA,147,awgIs(t)=14
GA148,GA,148,awgIs(t)=14
GA149,GA,149,awgIs(t)=14
GA150,GA,150,awgIst=14
GA151,GA,151,awgAst=14
GA152,GA,152,awgAst=14
GA153,GA,153,awgAs(t)=14
GA154,GA,154,-
GA155,GA,155,-
GA156,GA,156,awgIst=14
GA157,GA,157,awgAs(t)=14
GA158,GA,158,awgAst=14
GA159,GA,159,awgus(t)=13
GA160,GA,160,awgIst=14
GA161,GA,161,awgAs(t)=14
GA162,GA,162,awgoos(t)=13
GA163,GA,163,awgIs(t)=14
GA164,GA,164,awgoost=13
GA165,GA,165,-
GA166,GA,166,awgIs(t)=14
GA167,GA,167,awgIs(t)=14
GA168,GA,168,awgAs(t)=14
GA169,GA,169,awgIs(t)=14
GA170,GA,170,awgAs(t)=14
GA171,GA,171,awgIst=14
GA172,GA,172,awgoos(t)=13
GA173,GA,173,awgAs(t)=14
GA174,GA,174,awgAs(t)=14
GA175,GA,175,-
GA176,GA,176,awgIs(t)=14
GA177,GA,177,awgIs(t)=14
GA178,GA,178,awgAs(t)=14
GA179,GA,179,awgAs(t)=14
GA180,GA,180,awgIs(t)=14
GA181,GA,181,-
GA182,GA,182,oegoost=13
GA183,GA,183,awgAs(t)=14
GA184,GA,184,awgAst=14
GA185,GA,185,awgAst=14
GA186,GA,186,awgIs(t)=14
GA187,GA,187,awgA(st)=14
GA188,GA,188,awgAs(t)=14
GA189,GA,189,awgAs(t)=14
GA190,GA,190,awgIs(t)=14
GA191,GA,191,awgAs(t)=14
GA192,GA,192,awgAst=14
GA193,GA,193,-
GA194,GA,194,awgAst=14
GA195,GA,195,-
GA196,GA,196,awgAs(t)=14
GA197,GA,197,awgAs(t)=14
GA198,GA,198,awgIs(t)=14
GA199,GA,199,-
GA200,GA,200,awgAs(t)=14
GA201,GA,201,awgIs(t)=14
GA202,GA,202,awgAs(t)=14
GA203,GA,203,awgIs(t)=14
GA204,GA,204,awgIs(t)=14
GA205,GA,205,-
GA206,GA,206,awgIs(t)=14
GA207,GA,207,awgAs(t)=14
GA208,GA,208,awgAst=14
GA209,GA,209,awgAst=14
GA210,GA,210,-
GA211,GA,211,awgAs(t)=14
GA212,GA,212,awgAs(t)=14
GA213,GA,213,awgIs(t)=14
GA214,GA,214,awgAs(t)=14
GA215,GA,215,awgAs(t)=14
GA216,GA,216,awgIst=14
GA217,GA,217,awgIst=14
GA218,GA,218,awgAs(t)=14
GA219,GA,219,awgAs(t)=14
GA220,GA,220,awgAs(t)=14
GA221,GA,221,awgIs(t)=14
GA222,GA,222,awgAst=14
GA223,GA,223,awgIs(t)=14
GA224,GA,224,-
GA225,GA,225,awgAs(t)=14
FL226,FL,226,awgAs(t)=14
FL227,FL,227,awgoos(t)=13
FL228,FL,228,awgIs(t)=14
FL229,FL,229,awgAs(t)=14
FL230,FL,230,awgAs(t)=14
FL231,FL,231,awgAs(t)=14
FL232,FL,232,awgAst=14
FL233,FL,233,awgAs(t)=14
FL234,FL,234,awgIs(t)=14
FL235,FL,235,awgIs(t)=14
FL236,FL,236,awgus(t)=13
FL237,FL,237,awgIs(t)=14
FL238,FL,238,awgIs(t)=14
FL239,FL,239,awgAst=14
FL240,FL,240,awgAst=14
FL241,FL,241,-
FL242,FL,242,awgAs(t)=14
FL243,FL,243,awgus(t)=13
FL244,FL,244,awgAs(t)=14
FL245,FL,245,awgoos(t)=13
FL246,FL,246,awgAs(t)=14
FL247,FL,247,awgIs(t)=14
FL248,FL,248,awgAst=14
FL249,FL,249,awgAst=14
FL250,FL,250,awgIst=14
FL251,FL,251,awgAs(t)=14
FL252,FL,252,-
FL253,FL,253,awgus(t)=13
FL254,FL,254,awgAst=14
FL255,FL,255,-
FL256,FL,256,awgIs(t)=14
FL257,FL,257,awgIs(t)=14
FL258,FL,258,-
FL259,FL,259,awgIst=14
FL260,FL,260,-
FL261,FL,261,awgAst=14
FL262,FL,262,awgAs(t)=14
FL263,FL,263,awgIs(t)=14
FL264,FL,264,awgAst=14
FL265,FL,265,awgAst=14
FL266,FL,266,awgAst=14
FL267,FL,267,awgIs(t)=14
FL268,FL,268,-
FL269,FL,269,oegAth(t)=14
FL270,FL,270,awgAs(t)=14
FL271,FL,271,awgAs(t)=14
FL272,FL,272,awgAst=14
FL273,FL,273,-
FL274,FL,274,awgAs(t)=14
FL275,FL,275,awgAst=14
FL276,FL,276,awgIst=14
FL277,FL,277,awgIs(t)=14
FL278,FL,278,awgAst=14
FL279,FL,279,awgoost=13
FL280,FL,280,awgAs(t)=14
FL281,FL,281,awgoost=13
FL282,FL,282,-
FL283,FL,283,awgIs(t)=14
FL284,FL,284,awgAst=14
FL285,FL,285,awgIst=14
FL286,FL,286,awgIst=14
FL287,FL,287,ogIst=14
FL288,FL,288,-
FL289,FL,289,-
TN290,TN,290,awgAs(t)=14
TN291,TN,291,ogAst=14
TN292,TN,292,awgIs(t)=14
TN293,TN,293,awgAs(t)=14
TN294,TN,294,awgAst=14
TN295,TN,295,awgIs(t)=14
TN296,TN,296,awgAst=14
TN297,TN,297,awgAs(t)=14
TN298,TN,298,awgIst=14
TN299,TN,299,awgIs(t)=14
TN300,TN,300,awgoost=13
TN301,TN,301,awgIs(t)=14
TN302,TN,302,awgAst=14
TN303,TN,303,awgIs(t)=14
TN304,TN,304,awgIst=14
TN305,TN,305,-
TN306,TN,306,awgAst=14
TN307,TN,307,awgAst=14
TN308,TN,308,-
TN309,TN,309,awgAs(t)=14
TN310,TN,310,-
TN311,TN,311,awgAs(t)=14
TN312,TN,312,-
TN313,TN,313,awgAst=14
TN314,TN,314,awgAs(t)=14
TN315,TN,315,awgIst=14
TN316,TN,316,awgAs(t)=14
TN317,TN,317,awgIst=14
TN318,TN,318,awgIs(t)=14
TN319,TN,319,awgus(t)=13
TN320,TN,320,awgIs(t)=14
TN321,TN,321,awgIs(t)=14
TN322,TN,322,awgAs(t)=14
TN323,TN,323,awgIs(t)=14
TN324,TN,324,awgIs(t)=14
TN325,TN,325,awgIs(t)=14
TN326,TN,326,awgIs(t)=14
TN327,TN,327,awgAs(t)=14
TN328,TN,328,awgoost=13
TN329,TN,329,awgAs(t)=14
TN330,TN,330,awgIs(t)=14
TN331,TN,331,awgIs(t)=14
TN332,TN,332,awgAst=14
TN333,TN,333,awgIst=14
TN334,TN,334,awgAst=14
TN335,TN,335,awgust=13
TN336,TN,336,awgAst=14
AL337,AL,337,-
AL338,AL,338,awgAst=14
AL339,AL,339,-
AL340,AL,340,awgoos(t)=13
AL341,AL,341,-
AL342,AL,342,awgAst=14
AL343,AL,343,awgust=13
AL344,AL,344,awgAst=14
AL345,AL,345,awgIst=14
AL346,AL,346,awgAst=14
AL347,AL,347,awgRs(t)=14
AL348,AL,348,awgAst=14
AL349,AL,349,awgAs(t)=14
AL350,AL,350,awgAs(t)=14
AL351,AL,351,awgAs(t)=14
AL352,AL,352,awgoost=13
AL353,AL,353,-
AL354,AL,354,awgIs(t)=14
AL355,AL,355,-
AL356,AL,356,awgIs(t)=14
AL357,AL,357,awgIst=14
AL358,AL,358,awgA(s)t=14
AL359,AL,359,awgAs(t)=14
AL360,AL,360,awgAs(t)=14
AL361,AL,361,awgAs(t)=14
AL362,AL,362,awgAs(t)=14
AL363,AL,363,awgAs(t)=14
AL364,AL,364,awgAs(t)=14
AL365,AL,365,awgAs(t)=14
AL366,AL,366,awgAs(t)=14
AL367,AL,367,awgIs(t)=14
AL368,AL,368,awgAs(t)=14
AL369,AL,369,awgAs(t)=14
AL370,AL,370,-
AL371,AL,371,-
AL372,AL,372,awgoos(t)=13
AL373,AL,373,awgAs(t)=14
AL374,AL,374,awgIst=14
AL375,AL,375,awgAst=14
AL376,AL,376,-
AL377,AL,377,awgIs(t)=14
AL378,AL,378,-
AL379,AL,379,-
AL380,AL,380,awgAs(t)=14
AL381,AL,381,awgoos(t)=13
AL382,AL,382,awgAs(t)=14
AL383,AL,383,awgIst=14
AL384,AL,384,awgIst=14
AL385,AL,385,awgIst=14
AL386,AL,386,awgAst=14
AL387,AL,387,awgIs(t)=14
AL388,AL,388,awgAs(t)=14
AL389,AL,389,awgIs(t)=14
AL390,AL,390,awgAst=14
AL391,AL,391,awgoos(t)=13
AL392,AL,392,-
AL393,AL,393,awgAs(t)=14
AL394,AL,394,awgAs(t)=14
AL395,AL,395,awgIst=14
AL396,AL,396,-
AL397,AL,397,awgAs(t)=14
AL398,AL,398,awgoost=13
AL399,AL,399,awgAst=14
AL400,AL,400,awgIs(t)=14
AL401,AL,401,awgAst=14
AL402,AL,402,awgAs(t)=14
AL403,AL,403,awgIs(t)=14
AL404,AL,404,awgAs(t)=14
AL405,AL,405,awgAst=14
AL406,AL,406,awgAs(t)=14
AL407,AL,407,awgAs(t)=14
AL408,AL,408,-
AL409,AL,409,awgAst=14
AL410,AL,410,awgAs(t)=14
AL411,AL,411,-
AL412,AL,412,-
AL413,AL,413,awgIs(t)=14
AL414,AL,414,ogIs(t)=14
AL415,AL,415,awgIst=14
AL416,AL,416,awgAst=14
AL417,AL,417,awgAs(t)=14
AL418,AL,418,awgIs(t)=14
AL419,AL,419,awgAs(t)=14
AL420,AL,420,-
AL421,AL,421,awgAs(t)=14
AL422,AL,422,awgAs(t)=14
AL423,AL,423,awgIst=14
AL424,AL,424,awgAs(t)=14
AL425,AL,425,awgAst=14
AL426,AL,426,awgIs(t)=14
AL427,AL,427,awgAst=14
AL428,AL,428,awgAs(t)=14
AL429,AL,429,-
AL430,AL,430,awgIst=14
AL431,AL,431,awgAst=14
AL432,AL,432,-
AL433,AL,433,ogAs(t)=14
AL434,AL,434,awgIs(t)=14
AL435,AL,435,-
AL436,AL,436,ogAst=14
AL437,AL,437,awgAst=14
AL438,AL,438,awgIs(t)=14
AL439,AL,439,awgoos(t)=13
AL440,AL,440,awgAst=14
AL441,AL,441,awgAst=14
AL442,AL,442,awgAth(t)=14
AL443,AL,443,awgAst=14
AL444,AL,444,awgIs(t)=14
AL445,AL,445,awgAst=14
AL446,AL,446,awgAs(t)=14
AL447,AL,447,awgIst=14
AL448,AL,448,awgAst=14
AL449,AL,449,awgAs(t)=14
AL450,AL,450,awgAst=14
AL451,AL,451,awgIs(t)=14
FL452,FL,452,awgoost=13
FL453,FL,453,awgoos(t)=13
FL454,FL,454,awgIs(t)=14
FL455,FL,455,awgoost=13
FL456,FL,456,awgAs(t)=14
FL457,FL,457,awgAst=14
FL458,FL,458,awgAs(t)=14
FL459,FL,459,-
FL460,FL,460,awgAs(t)=14
FL461,FL,461,awgus(t)=13
FL462,FL,462,awgAs(t)=14
FL463,FL,463,awgAs(t)=14
FL464,FL,464,awgAs(t)=14
FL465,FL,465,awgAst=14
FL466,FL,466,awgAs(t)=14
FL467,FL,467,awgIst=14
FL468,FL,468,awgoos(t)=13
FL469,FL,469,awgAs(t)=14
FL470,FL,470,awgAs(t)=14
FL471,FL,471,awgAst=14
AL472,AL,472,awgAs(t)=14
AL473,AL,473,awgAst=14
AL474,AL,474,awgIs(t)=14
AL475,AL,475,awgIst=14
AL476,AL,476,awgAs(t)=14
AL477,AL,477,awgoos(t)=13
AL478,AL,478,-
AL479,AL,479,awgAs(t)=14
AL480,AL,480,awgAs(t)=14
AL481,AL,481,awgAs(t)=14
AL482,AL,482,awgIs(t)=14
AL483,AL,483,-
AL484,AL,484,awgIst=14
AL485,AL,485,awgAst=14
TN486,TN,486,awgIs(t)=14
TN487,TN,487,awgIst=14
TN488,TN,488,awgAst=14
TN489,TN,489,awgAs(t)=14
TN490,TN,490,awgAs(t)=14
TN491,TN,491,-
TN492,TN,492,awgAs(t)=14
TN493,TN,493,awgAs(t)=14
TN494,TN,494,awgust=13
TN495,TN,495,awgAs(t)=14
TN496,TN,496,awgAst=14
TN497,TN,497,awgIs(t)=14
TN498,TN,498,awgAst=14
TN499,TN,499,ogIs(t)=14
TN500,TN,500,awgIs(t)=14
TN501,TN,501,awgoos(t)=13
TN502,TN,502,awgoost=13
TN503,TN,503,awgIs(t)=14
TN504,TN,504,awgAs(t)=14
TN505,TN,505,awgAs(t)=14
TN506,TN,506,awgIs(t)=14
TN507,TN,507,awgAs(t)=14
TN508,TN,508,awgIst=14
TN509,TN,509,awgAs(t)=14
TN510,TN,510,awgAs(t)=14
TN511,TN,511,awgAst=14
TN512,TN,512,awgAs(t)=14
TN513,TN,513,awgIs(t)=14
TN514,TN,514,awgAs(t)=14
TN515,TN,515,awgoost=13
TN516,TN,516,awgAs(t)=14
TN517,TN,517,awgoost=13
TN518,TN,518,awgAs(t)=14
TN519,TN,519,ogAst=14
TN519,TN,519,ogIst=14
MS520,MS,520,awgAs(t)=14
MS521,MS,521,awgIst=14
MS522,MS,522,awgIs(t)=14
MS523,MS,523,-
MS524,MS,524,awgIs(t)=14
MS525,MS,525,awgAs(t)=14
MS526,MS,526,awgIst=14
MS527,MS,527,awgIs(t)=14
MS528,MS,528,-
MS529,MS,529,-
MS530,MS,530,awgAs(t)=14
MS531,MS,531,awgAst=14
MS532,MS,532,awgAst=14
MS533,MS,533,awgAs(t)=14
MS534,MS,534,awgAs(t)=14
MS535,MS,535,awgAs(t)=14
MS536,MS,536,awgoos(t)=13
MS537,MS,537,awgIs(t)=14
MS538,MS,538,awgAs(t)=14
MS539,MS,539,awgAs(t)=14
MS539,MS,539,awgIs(t)=14
MS540,MS,540,-
MS541,MS,541,-
MS542,MS,542,awgIs(t)=14
MS543,MS,543,awgAst=14
MS544,MS,544,awgus(t)=13
MS545,MS,545,awgAs(t)=14
MS546,MS,546,-
MS547,MS,547,awgAs(t)=14
MS548,MS,548,awgAs(t)=14
MS549,MS,549,awgIs(t)=14
MS550,MS,550,awgAs(t)=14
MS551,MS,551,awgAs(t)=14
MS552,MS,552,awgAs(t)=14
MS553,MS,553,awgAs(t)=14
MS554,MS,554,-
MS555,MS,555,awgAs(t)=14
MS556,MS,556,awgAst=14
MS557,MS,557,awgAs(t)=14
MS558,MS,558,awgAs(t)=14
MS559,MS,559,-
MS560,MS,560,-
MS561,MS,561,-
MS562,MS,562,awgIst=14
MS563,MS,563,awgIs(t)=14
MS564,MS,564,awgIst=14
MS565,MS,565,awgIs(t)=14
MS566,MS,566,awgAst=14
MS567,MS,567,-
MS568,MS,568,awgAs(t)=14
MS569,MS,569,-
MS570,MS,570,awgAst=14
MS571,MS,571,awgAs(t)=14
MS572,MS,572,awgAs(t)=14
MS573,MS,573,awgAs(t)=14
MS574,MS,574,awgAs(t)=14
MS575,MS,575,awgAs(t)=14
MS576,MS,576,awgus(t)=13
MS577,MS,577,awgAs(t)=14
MS578,MS,578,awgus(t)=13
MS579,MS,579,awgAst=14
MS580,MS,580,-
MS581,MS,581,awgAs(t)=14
MS582,MS,582,awgIs(t)=14
MS583,MS,583,awgAst=14
MS584,MS,584,awgust=13
MS585,MS,585,awgAs(t)=14
MS586,MS,586,awgAs(t)=14
MS587,MS,587,awgAs(t)=14
MS588,MS,588,-
MS589,MS,589,-
MS590,MS,590,-
MS591,MS,591,awgAst=14
MS592,MS,592,-
MS593,MS,593,awgAs(t)=14
MS594,MS,594,awgAs(t)=14
MS595,MS,595,ogAst=14
MS596,MS,596,awgIs(t)=14
MS597,MS,597,awgAst=14
MS598,MS,598,awgAst=14
MS599,MS,599,awgAst=14
MS600,MS,600,awgAs(t)=14
MS601,MS,601,awgAs(t)=14
MS602,MS,602,awgAs(t)=14
MS603,MS,603,-
MS604,MS,604,-
MS605,MS,605,awgAs(t)=14
MS606,MS,606,awgAst=14
MS607,MS,607,awgAs(t)=14
MS608,MS,608,awgAs(t)=14
MS609,MS,609,ogAs(t)=14
MS610,MS,610,awgoos(t)=13
MS611,MS,611,awgIs(t)=14
MS612,MS,612,awgAs(t)=14
MS613,MS,613,awgAst=14
MS614,MS,614,-
MS615,MS,615,awgAst=14
MS616,MS,616,awgIs(t)=14
MS617,MS,617,awgAst=14
MS618,MS,618,awgAst=14
MS619,MS,619,awgAs(t)=14
MS620,MS,620,awgAs(t)=14
MS621,MS,621,awgIs(t)=14
MS622,MS,622,awgAs(t)=14
MS623,MS,623,-
MS624,MS,624,awgAst=14
MS625,MS,625,awgAs(t)=14
MS626,MS,626,-
MS627,MS,627,awgAs(t)=14
MS628,MS,628,awgAst=14
MS629,MS,629,awgoos(t)=13
LA630,LA,630,awgIs(t)=14
LA631,LA,631,-
LA632,LA,632,awgIs(t)=14
LA633,LA,633,awgAs(t)=14
LA634,LA,634,awgoost=13
LA635,LA,635,awgus(t)=13
LA636,LA,636,awgAst=14
LA637,LA,637,awgAs(t)=14
LA638,LA,638,awgAs(t)=14
LA639,LA,639,awgus(t)=13
LA640,LA,640,awgAs(t)=14
LA641,LA,641,awgAs(t)=14
LA642,LA,642,-
LA643,LA,643,awgAs(t)=14
LA644,LA,644,-
LA645,LA,645,awgAs(t)=14
LA646,LA,646,awgAst=14
LA647,LA,647,-
LA648,LA,648,ogAs(t)=14
LA649,LA,649,awgus(t)=13
LA650,LA,650,awgAs(t)=14
LA651,LA,651,-
LA652,LA,652,awgIs(t)=14
LA653,LA,653,awgIst=14
LA654,LA,654,awgIs(t)=14
LA655,LA,655,awgAs(t)=14
LA656,LA,656,awgAs(t)=14
LA657,LA,657,awgoost=13
LA657X,LA,657X,awgIst=14
LA657Y,LA,657Y,awgAst=14
LA657Z,LA,657Z,awgAs(t)=14
LA658,LA,658,awgAs(t)=14
LA659,LA,659,awgAst=14
LA660,LA,660,awgAs(t)=14
LA661,LA,661,awgIs(t)=14
LA662,LA,662,awgAs(t)=14
LA663,LA,663,awgAst=14
LA664,LA,664,-
LA665,LA,665,awgIs(t)=14
LA666,LA,666,awgAst=14
LA667,LA,667,awgAs(t)=14
LA668,LA,668,awgAs(t)=14
LA669,LA,669,awgAs(t)=14
LA670,LA,670,awgAst=14
LA671,LA,671,awgAst=14
LA672,LA,672,awgust=13
LA673,LA,673,awgAs(t)=14
AR674,AR,674,awgIs(t)=14
AR675,AR,675,awgAst=14
AR676,AR,676,-
AR677,AR,677,awgAs(t)=14
AR678,AR,678,awgIs(t)=14
AR679,AR,679,awgAtht=14
AR680,AR,680,awgIst=14
AR681,AR,681,awgAs(t)=14
AR682,AR,682,awgoost=13
AR683,AR,683,awgIst=14
AR684,AR,684,awgIs(t)=14
AR685,AR,685,awgAst=14
AR686,AR,686,awgIst=14
AR687,AR,687,awgoost=13
AR688,AR,688,awgIs(t)=14
AR689,AR,689,awgus(t)=13
AR690,AR,690,awgAs(t)=14
AR691,AR,691,awgAst=14
AR692,AR,692,awgAs(t)=14
AR693,AR,693,awgust=13
AR694,AR,694,awgIs(t)=14
AR695,AR,695,awgAs(t)=14
AR696,AR,696,awgAs(t)=14
AR697,AR,697,awgus(t)=13
AR698,AR,698,awgIs(t)=14
AR699,AR,699,-
AR700,AR,700,-
AR701,AR,701,awgIs(t)=14
AR702,AR,702,-
AR703,AR,703,-
AR704,AR,704,awgAs(t)=14
AR705,AR,705,awgAst=14
AR706,AR,706,-
AR707,AR,707,awgAs(t)=14
AR708,AR,708,awgAst=14
AR709,AR,709,awgoos(t)=13
AR710,AR,710,awgoost=13
AR711,AR,711,awgAst=14
AR712,AR,712,awgAst=14
AR713,AR,713,awgust=13
AR714,AR,714,awgoos(t)=13
AR715,AR,715,-
AR716,AR,716,awgAs(t)=14
AR717,AR,717,-
AR718,AR,718,awgAs(t)=14
AR719,AR,719,awgAst=14
AR720,AR,720,awgust=13
AR721,AR,721,awgAs(t)=14
AR722,AR,722,awgAs(t)=14
AR723,AR,723,awgIst=14
AR724,AR,724,awgIs(t)=14
AR725,AR,725,awgAst=14
AR726,AR,726,awgAst=14
AR727,AR,727,awgAst=14
AR728,AR,728,awgAs(t)=14
AR729,AR,729,awgAs(t)=14
AR730,AR,730,awgIs(t)=14
AR731,AR,731,awgAs(t)=14
AR732,AR,732,awgAst=14
AR733,AR,733,awgoost=13
AR734,AR,734,awgIst=14
AR735,AR,735,awgIst=14
AR736,AR,736,awgAs(t)=14
AR737,AR,737,awgAst=14
AR738,AR,738,awgAst=14
AR739,AR,739,-
AR740,AR,740,awgIs(t)=14
AR741,AR,741,awgAst=14
AR742,AR,742,awgAs(t)=14
AR743,AR,743,awgIst=14
AR744,AR,744,awgoost=13
AR745,AR,745,-
AR746,AR,746,awgAs(t)=14
AR747,AR,747,awgIs(t)=14
AR748,AR,748,awgoos(t)=13
AR749,AR,749,awgAst=14
AR750,AR,750,-
AR751,AR,751,awgAst=14
AR752,AR,752,awgAst=14
AR753,AR,753,awgAst=14
AR754,AR,754,awgAs(t)=14
AR755,AR,755,awgAst=14
LA756,LA,756,awgAs(t)=14
LA757,LA,757,awgAs(t)=14
LA758,LA,758,awgAs(t)=14
LA759,LA,759,-
LA760,LA,760,-
LA761,LA,761,awgIs(t)=14
LA762,LA,762,-
LA763,LA,763,-
LA764,LA,764,awgAs(t)=14
LA765,LA,765,awgust=13
LA766,LA,766,ogIs(t)=14
LA767,LA,767,awgoost=13
LA768,LA,768,awgAs(t)=14
LA769,LA,769,awgAs(t)=14
LA770,LA,770,-
LA771,LA,771,awgAs(t)=14
LA772,LA,772,awgAst=14
LA773,LA,773,awgAs(t)=14
LA774,LA,774,-
LA775,LA,775,awgIs(t)=14
LA776,LA,776,awgAs(t)=14
LA777,LA,777,awgAs(t)=14
LA778,LA,778,awgoost=13
LA779,LA,779,awgAst=14
LA780,LA,780,awgAs(t)=14
LA781,LA,781,awgIs(t)=14
LA782,LA,782,awgAst=14
LA783,LA,783,awgAs(t)=14
LA784,LA,784,-
LA785,LA,785,awgAst=14
LA786,LA,786,awgIs(t)=14
LA787,LA,787,awgoost=13
LA788,LA,788,awgAs(t)=14
LA789,LA,789,-
LA790,LA,790,-
LA791,LA,791,awgIs(t)=14
LA792,LA,792,awgAst=14
LA793,LA,793,-
LA794,LA,794,awgIst=14
LA795,LA,795,awgAs(t)=14
LA796,LA,796,awgos(t)=13
LA797,LA,797,awgAst=14
LA798,LA,798,awgIs(t)=14
LA799,LA,799,-
LA800,LA,800,awgoos(t)=13
LA801,LA,801,ogAs(t)=14
LA802,LA,802,awgAs(t)=14
LA803,LA,803,-
LA804,LA,804,awgAst=14
LA805,LA,805,awgus(t)=13
LA806,LA,806,ugIs(t)=14
LA807,LA,807,awgAsh(t)=14
LA808,LA,808,awgAs(t)=14
LA809,LA,809,awgAst=14
LA810,LA,810,ogAs(t)=14
LA811,LA,811,oegAs(t)=14
LA812,LA,812,awgAs(t)=14
LA813,LA,813,awgAst=14
LA814,LA,814,awgoos(t)=13
LA815,LA,815,awgIs(t)=14
LA816,LA,816,awgoost=13
LA817,LA,817,awgAst=14
TX818,TX,818,-
TX819,TX,819,awgAs(t)=14
TX820,TX,820,awgAs(t)=14
TX821,TX,821,awgAs(t)=14
TX822,TX,822,awgIst=14
TX823,TX,823,awgAs(t)=14
TX824,TX,824,awgAs(t)=14
TX825,TX,825,awgIs(t)=14
TX826,TX,826,awgust=13
TX827,TX,827,awgAst=14
TX828,TX,828,awgoos(t)=13
TX829,TX,829,awgAs(t)=14
TX830,TX,830,awgAs(t)=14
TX831,TX,831,awgust=13
TX832,TX,832,-
TX833,TX,833,awgIs(t)=14
TX834,TX,834,awgAst=14
TX835,TX,835,awgoos(t)=13
TX836,TX,836,awgAs(t)=14
TX837,TX,837,awgAst=14
TX838,TX,838,awgAs(t)=14
TX839,TX,839,awgIs(t)=14
TX840,TX,840,awgAs(t)=14
TX841,TX,841,-
TX842,TX,842,awgAs(t)=14
TX843,TX,843,awgoost=13
TX844,TX,844,awgAst=14
TX845,TX,845,-
TX846,TX,846,awgIst=14
TX847,TX,847,-
TX848,TX,848,awgIs(t)=14
TX849,TX,849,-
TX850,TX,850,awgAst=14
TX851,TX,851,awgAst=14
TX852,TX,852,awgAst=14
TX853,TX,853,awgAst=14
TX854,TX,854,awgAst=14
TX855,TX,855,-
TX856,TX,856,awgoost=13
TX857,TX,857,ogAs(t)=14
TX858,TX,858,awgAs(t)=14
TX859,TX,859,awgoos(t)=13
TX860,TX,860,awgAs(t)=14
TX861,TX,861,awgIs(t)=14
TX862,TX,862,awgoost=13
TX863,TX,863,awgAs(t)=14
TX864,TX,864,awgAs(t)=14
TX865,TX,865,awgIs(t)=14
TX866,TX,866,awgIs(t)=14
TX867,TX,867,ogIs(t)=14
TX868,TX,868,awgAs(t)=14
TX869,TX,869,awgAst=14
TX870,TX,870,awgAs(t)=14
TX871,TX,871,awgAst=14
TX872,TX,872,-
TX873,TX,873,awgAs(t)=14
TX874,TX,874,awgAst=14
TX875,TX,875,awgAs(t)=14
TX876,TX,876,awgAst=14
TX877,TX,877,awgAst=14
TX878,TX,878,awgAst=14
TX879,TX,879,-
TX880,TX,880,ogAst=14
TX881,TX,881,-
TX882,TX,882,awgoost=13
TX883,TX,883,awgAs(t)=14
TX884,TX,884,-
TX885,TX,885,awgIs(t)=14
TX886,TX,886,awgAs(t)=14
TX887,TX,887,awgoost=13
TX888,TX,888,awgAs(t)=14
TX889,TX,889,awgIst=14
TX890,TX,890,awgoost=13
TX891,TX,891,awgAst=14
TX892,TX,892,awgAst=14
TX893,TX,893,awgIs(t)=14
TX894,TX,894,awgIs(t)=14
TX895,TX,895,awgAs(t)=14
TX896,TX,896,ogoest=13
TX897,TX,897,awgIs(t)=14
TX898,TX,898,awgAst=14
TX899,TX,899,ogAs(t)=14
TX900,TX,900,awgIst=14
TX901,TX,901,-
TX902,TX,902,awgAst=14
TX903,TX,903,-
TX904,TX,904,awgIs(t)=14
TX905,TX,905,awgust=13
TX906,TX,906,awgAs(t)=14
TX907,TX,907,awgAs(t)=14
TX908,TX,908,ogIs(t)=14
TX909,TX,909,-
TX910,TX,910,awgAs(t)=14
TX911,TX,911,awgAst=14
