Informant,State,Informant number,Response
TN001,TN,001,febyAwerI=1434
TN002,TN,002,feb(rue)werI=134
TN003,TN,003,febyAwerI=1434
TN004,TN,004,febyIwerI=1434
TN005,TN,005,feb(r)AwerI=1434
TN006,TN,006,feb(r)uewerI=1324
TN007,TN,007,feb(r)AwerI=1434
TN008,TN,008,-
TN009,TN,009,febyAwurI=1434
TN010,TN,010,febyoowerI=1324
TN011,TN,011,feb(r)AwerI=1424
TN012,TN,012,feb(r)AwerI=1434
TN013,TN,013,feb(r)AwerI=1434
TN014,TN,014,feb(r)AwerI=1434
TN015,TN,015,feb(r)AwerI=1424
TN016,TN,016,fe{b}yIwai(rI)=143
TN017,TN,017,febyAwerI=1434
TN018,TN,018,febyAwerI=1424
TN019,TN,019,feb(r)AwurI=1434
TN020,TN,020,febyAweree=1423
TN021,TN,021,febyAwRee=1443
TN022,TN,022,febyIwai(rI)=143
TN023,TN,023,febyAweree=1423
TN024,TN,024,febyAweree=1423
TN025,TN,025,febyAweree=1423
TN026,TN,026,feb(rue)weree=123
TN027,TN,027,feb(rue)weree=123
TN028,TN,028,febyAwerI=1434
TN029,TN,029,fev(rue)werI=134
TN030,TN,030,febyAwurA=1434
TN031,TN,031,febre(we)rI=134
TN032,TN,032,febyAwerI=1434
TN033,TN,033,febyIwerI=1434
TN034,TN,034,febrAweri=1423
TN035,TN,035,febyuewerI=1324
TN036,TN,036,feb(r)IwurI=1434
TN037,TN,037,feb(r)oowerI=1324
TN038,TN,038,febyAwe{r}I=1434
TN039,TN,039,feb(r)IwurI=1434
TN040,TN,040,feb(r)IwerI=1434
TN041,TN,041,febyAwerI=1434
TN042,TN,042,feb(r)uewe{r}ee=1323
TN043,TN,043,febyooweree=1323
TN044,TN,044,febyAweree=1423
TN045,TN,045,febyoo(w)erI=1324
TN046,TN,046,febyue(w)erI=1324
TN047,TN,047,feb(r)IwerI=1434
TN048,TN,048,febyIwerI=1434
TN049,TN,049,febyIwerI=2414
TN050,TN,050,fev(r)Iweree=1423
TN051,TN,051,feb(r)oowerI=1324
TN052,TN,052,-
TN053,TN,053,fe{b}(r)ueweree=1323
TN054,TN,054,-
TN055,TN,055,februe(w)erI=1324
TN056,TN,056,febyIwurI=1434
TN057,TN,057,febyI(w)urI=1434
TN058,TN,058,febyIwerI=1434
TN059,TN,059,feb(r)AwerI=1434
TN060,TN,060,febyue(w)eree=1323
GA061,GA,061,febyIwerI=1434
GA062,GA,062,febyIwurI=1434
GA063,GA,063,febyIwerI=1434
GA064,GA,064,febyIwai(rI)=143
GA065,GA,065,feb(r)Awer(I)=143
GA066,GA,066,fe{b}yAwur(I)=143
GA067,GA,067,febyuewerI=1324
GA068,GA,068,fe{b}yuewerI=1324
GA069,GA,069,feb(r)AwurI=1434
GA070,GA,070,feb(r)IwerI=1434
GA071,GA,071,febyIwurI=1434
GA072,GA,072,febyIwerI=1434
GA073,GA,073,febyIwerI=1434
GA074,GA,074,fe{b}(r)IwurI=1434
GA075,GA,075,feb(r)IwerI=1434
GA076,GA,076,febyIwu[r](I)=143
GA077,GA,077,feb(r)AwerI=1434
GA078,GA,078,feb(r)IwerI=1434
GA079,GA,079,febyuewerI=1324
GA080,GA,080,febyoowerI=1324
GA081,GA,081,febyAwe[r]I=1434
GA082,GA,082,feb(r)Awer(I)=143
GA083,GA,083,feb(r)Awer(I)=143
GA084,GA,084,fe{b}(r)AwerI=1434
GA085,GA,085,feb(r)AwerI=1434
GA086,GA,086,febyuewerI=1324
GA087,GA,087,feb(r)IwerI=1434
GA088,GA,088,feb(r)IwurI=1434
GA089,GA,089,febroo(w)erI=1324
GA090,GA,090,feb(r)AwerI=1434
GA091,GA,091,febyIwerI=1434
GA092,GA,092,-
GA093,GA,093,feb(rue)wer(I)=13
GA094,GA,094,febyuewerI=1324
GA095,GA,095,fib(r)uewerI=1324
GA096,GA,096,feb(r)IwerI=1434
GA097,GA,097,feb(r)IwurI=1434
GA098,GA,098,feb(r)AwirI=1434
GA099,GA,099,fe{b}(r)AwerI=1434
GA100,GA,100,feb(r)IwerI=1434
GA101,GA,101,febyue(w)urI=1324
GA102,GA,102,feb(r)AwerI=1434
GA103,GA,103,feb(r)AwerI=1434
GA104,GA,104,febyuewerI=1324
GA105,GA,105,febyuewerI=1324
GA106,GA,106,feb(r)AwerI=1434
GA107,GA,107,feb(r)AwerI=1434
GA108,GA,108,febyuewerI=1324
GA109,GA,109,febyuewai(rI)=132
GA110,GA,110,fe{b}(r)IwerI=1434
GA111,GA,111,febyoowerI=1324
GA112,GA,112,febyAwerI=1434
GA113,GA,113,feb(rue)werI=134
GA114,GA,114,feb(r)AwerI=1434
GA115,GA,115,-
GA116,GA,116,fe(b)yAwerI=1434
GA117,GA,117,febyAwerI=1434
GA118,GA,118,febyAwerI=1434
GA119,GA,119,feb(r)IwerA=1434
GA120,GA,120,febyAwerI=1434
GA121,GA,121,feb(rue)werI=134
GA122,GA,122,febyIwerI=1434
GA123,GA,123,febyoowerI=1324
GA124,GA,124,febyAwerI=1434
GA125,GA,125,febyAwerI=1434
GA126,GA,126,fe{b}yAwerI=1434
GA127,GA,127,febyAwerI=1434
GA128,GA,128,fe{b}(r)IwerI=1434
GA129,GA,129,feb(r)IwurI=1434
GA130,GA,130,febyIwerI=1434
GA131,GA,131,febyIwerI=1434
GA131,GA,131,febyAwerI=1434
GA132,GA,132,fe{b}(r)AwerI=1434
GA133,GA,133,febyAwerI=1434
GA134,GA,134,feb(r)Iwe[r]I=1434
GA135,GA,135,febyIwerI=1434
GA136,GA,136,feb(r)IwerI=1434
GA137,GA,137,febyuewerI=1324
GA138,GA,138,febyAwe{r}I=1434
GA139,GA,139,febyuewerI=1324
GA140,GA,140,fe(b)yIwerI=1434
GA141,GA,141,feb(r)IwerI=1434
GA142,GA,142,fe{b}yIwerI=1434
GA143,GA,143,febyIwerI=1434
GA144,GA,144,febyIwerI=1434
GA145,GA,145,-
GA146,GA,146,febyAwerI=1434
GA147,GA,147,fevyuewerI=1324
GA148,GA,148,feb(r)Awu[r](I)=143
GA149,GA,149,fe{?}(rue)werI=134
GA150,GA,150,feb(r)AwerI=1434
GA151,GA,151,feb(r)IwurI=1434
GA152,GA,152,feb(r)AwerI=1434
GA153,GA,153,febyAwarI=1434
GA154,GA,154,fevyAwerI=1434
GA155,GA,155,feb(r)oowerI=1324
GA156,GA,156,feb(r)Awai(rI)=143
GA157,GA,157,feb(r)AwurI=1434
GA158,GA,158,-
GA159,GA,159,febyAwerI=1434
GA160,GA,160,febyIwerI=1434
GA161,GA,161,februe(w)erI=1324
GA162,GA,162,fav(r)Iwai(rI)=143
GA163,GA,163,febyuewerI=1324
GA164,GA,164,febyuewurI=1324
GA165,GA,165,-
GA166,GA,166,fe{b}(r)Awe{r}I=1434
GA167,GA,167,febyoowerI=1324
GA168,GA,168,feb(r)IwurI=1434
GA169,GA,169,-
GA170,GA,170,feb(r)IwerI=1434
GA171,GA,171,febyIwerI=1434
GA172,GA,172,feb(r)Iwu[r]I=1434
GA173,GA,173,febyIwerI=1434
GA174,GA,174,febyAwerI=1434
GA175,GA,175,feb(r)IwerI=1434
GA176,GA,176,febyAwarI=1434
GA177,GA,177,febyIwur(I)=143
GA178,GA,178,febyAwerI=1434
GA179,GA,179,fe{b}(r)AwerI=1434
GA180,GA,180,feb(r)oowerI=1324
GA181,GA,181,-
GA182,GA,182,feb(r)AwerI=1434
GA183,GA,183,feb(r)IwurI=1434
GA184,GA,184,feb(r)IwerI=1434
GA185,GA,185,febyoowerI=1324
GA186,GA,186,febyAwerI=1434
GA187,GA,187,feb(r)IwurI=1434
GA188,GA,188,fe{b}(r)IwerI=1434
GA189,GA,189,febyuewurI=1324
GA190,GA,190,fe{b}(r)Iwe[r]I=1434
GA191,GA,191,fe{b}(r)AwerI=1434
GA192,GA,192,feb(r)AwerI=1434
GA193,GA,193,-
GA194,GA,194,febyAwerI=1434
GA195,GA,195,-
GA196,GA,196,fe{b}(r)AwerI=1434
GA197,GA,197,febrIwerI=1434
GA198,GA,198,feb(r)AwerI=1434
GA199,GA,199,-
GA200,GA,200,fev(r)IwerI=1434
GA201,GA,201,fe{b}yIrerI=1434
GA202,GA,202,fe{b}yIwerI=1434
GA203,GA,203,feb(r)uewerI=1324
GA204,GA,204,febyuewurI=1324
GA205,GA,205,-
GA206,GA,206,febyIwerI=1434
GA207,GA,207,febyIwe{r}I=1434
GA208,GA,208,feb(r)AwurI=1434
GA209,GA,209,febyuewerI=1324
GA210,GA,210,fe{b}(r)Iwa(r)I=1434
GA211,GA,211,feb(r)IwurI=1434
GA212,GA,212,febyAwerI=1434
GA213,GA,213,febyIwe(r)I=1434
GA214,GA,214,febyuewerI=1324
GA215,GA,215,fe{?}(r)uewerI=1324
GA216,GA,216,febyIwerI=1434
GA217,GA,217,febyue(w)erI=1324
GA218,GA,218,feb(r)IwerI=1434
GA219,GA,219,febyAw(er)A=144
GA220,GA,220,feb(rue)we(r)I=134
GA221,GA,221,febyAwerI=1434
GA222,GA,222,-
GA223,GA,223,feb(rue)we{r}(I)=13
GA224,GA,224,-
GA225,GA,225,fevyIwarI=1434
FL226,FL,226,febyuewerI=1324
FL227,FL,227,feb(r)ewwerI=1324
FL228,FL,228,febyAwer(I)=143
FL229,FL,229,febrAwurI=1434
FL230,FL,230,feb(rue)wurI=134
FL231,FL,231,febyAwerI=1434
FL232,FL,232,februe(w)erI=1324
FL233,FL,233,feb(r)AwerI=1434
FL234,FL,234,fe{b}(r)Iwu{r}(I)=143
FL235,FL,235,feb(r)uewerI=1324
FL236,FL,236,feb(r)AwerI=1434
FL237,FL,237,feb(r)Awe{r}(I)=143
FL238,FL,238,febyIwerI=1434
FL239,FL,239,febyIwerI=1434
FL240,FL,240,febyIwurI=1434
FL241,FL,241,-
FL242,FL,242,fe{b}yAwerI=1434
FL243,FL,243,feb(r)A(w)erI=1434
FL244,FL,244,-
FL245,FL,245,feb(r)uewerI=1324
FL246,FL,246,febyIwerI=1434
FL247,FL,247,febyIwerI=1434
FL248,FL,248,febyuewerI=1324
FL249,FL,249,febyIwerI=1434
FL250,FL,250,feb(r)Awe[r](I)=143
FL251,FL,251,fe{b}(r)Iwu[r]I=1434
FL252,FL,252,-
FL253,FL,253,feb(r)A(w)urI=1434
FL254,FL,254,febyuewerI=1324
FL255,FL,255,feb(r)Awe[r]I=1434
FL256,FL,256,feb(r)ue(w)eree=1323
FL257,FL,257,febyIwerI=1434
FL258,FL,258,feb(r)AwerI=1434
FL259,FL,259,febyuewerI=1324
FL260,FL,260,feb(r)AwerI=1434
FL261,FL,261,feb(r)IwurI=1434
FL262,FL,262,febyAwerI=1434
FL263,FL,263,feb(r)IwerI=1434
FL264,FL,264,febyIwerI=1434
FL265,FL,265,feb(r)Iwur(I)=143
FL266,FL,266,feb(r)IwerI=1434
FL267,FL,267,feb(r)AwerI=1434
FL268,FL,268,-
FL269,FL,269,febyIwerI=1434
FL270,FL,270,fe{b}(r)IwerI=1434
FL271,FL,271,febyuewerI=1324
FL272,FL,272,februewerI=1324
FL273,FL,273,-
FL274,FL,274,feb(r)AwerI=1434
FL275,FL,275,feb(rue)wurI=134
FL276,FL,276,feb(r)uewerI=1324
FL277,FL,277,feb(r)Awer(I)=143
FL278,FL,278,fevyIwerI=1434
FL279,FL,279,febyIwurI=1434
FL280,FL,280,fe{b}yIwerI=1434
FL281,FL,281,feb(r)IwerI=1434
FL282,FL,282,-
FL283,FL,283,fizh(r)AwirI=1434
FL284,FL,284,feb(r)uewerI=1324
FL285,FL,285,febyIwe[r]I=1434
FL286,FL,286,feb(r)uewRI=1344
FL287,FL,287,-
FL288,FL,288,febyIwurI=1434
FL289,FL,289,febyuewerI=1324
TN290,TN,290,feb(r)oowerI=1324
TN291,TN,291,febyuewerI=1324
TN292,TN,292,febyIwerI=1434
TN293,TN,293,fevyIwe{r}I=1434
TN294,TN,294,febyIwerI=1434
TN295,TN,295,febyIwerI=1434
TN296,TN,296,februewerI=1324
TN297,TN,297,febyuewerI=1324
TN298,TN,298,-
TN299,TN,299,febyAwe{r}(I)=143
TN300,TN,300,febyuewerI=1324
TN301,TN,301,febyIwurI=1434
TN302,TN,302,feb(r)uewerI=1324
TN303,TN,303,fev(r)Awu{r}(I)=143
TN304,TN,304,fe{b}yIwu{r}(I)=143
TN305,TN,305,-
TN306,TN,306,feb(r)IwurI=1434
TN307,TN,307,febyAwerI=1434
TN308,TN,308,-
TN309,TN,309,feb(rue)wer(I)=13
TN310,TN,310,-
TN311,TN,311,feb(r)AwerI=1434
TN312,TN,312,-
TN313,TN,313,-
TN314,TN,314,febyuewurI=1324
TN315,TN,315,feb(r)Iwu{r}I=1434
TN316,TN,316,feb(r)Awe{r}(I)=143
TN317,TN,317,febyIwu{r}(I)=143
TN318,TN,318,febyAwerI=1434
TN319,TN,319,-
TN320,TN,320,febyIwerI=1434
TN321,TN,321,fe{b}(r)IwurI=1434
TN322,TN,322,febyAwerI=1434
TN323,TN,323,febyuewerI=1324
TN324,TN,324,febyuewerI=1324
TN325,TN,325,feb(r)AwerI=1434
TN326,TN,326,febyIwerI=1434
TN327,TN,327,febyIwurI=1434
TN328,TN,328,feb(r)AwurI=1434
TN329,TN,329,febyoowurI=1324
TN330,TN,330,febyIwe[r]I=1434
TN331,TN,331,fe{b}yIwe[r](I)=143
TN332,TN,332,fib(r)Aw(er)ee=143
TN333,TN,333,febyIwerI=1434
TN334,TN,334,feb(r)Iwer(I)=143
TN335,TN,335,febyI(w)erI=1434
TN336,TN,336,feb(r)AwerI=1434
AL337,AL,337,-
AL338,AL,338,febyIwerI=1434
AL339,AL,339,-
AL340,AL,340,feb(r)IwerI=1434
AL341,AL,341,-
AL342,AL,342,-
AL343,AL,343,febyIwerI=1434
AL344,AL,344,febyAwe{r}(I)=143
AL345,AL,345,febyIwurI=1434
AL346,AL,346,feb(r)AwerI=1424
AL347,AL,347,febyuewerI=1324
AL348,AL,348,febyAwerI=1434
AL349,AL,349,fe{b}(rue)wu{r}(I)=13
AL350,AL,350,feb(r)Awu{r}I=1434
AL351,AL,351,feb(r)uewerI=1324
AL352,AL,352,febyIwerI=1434
AL353,AL,353,-
AL354,AL,354,feb(r)IwerI=1434
AL355,AL,355,-
AL356,AL,356,febyIwerI=1434
AL357,AL,357,febyuewerI=1324
AL358,AL,358,feb(r)Iwe(r)I=1434
AL359,AL,359,feb(r)AwurI=1434
AL360,AL,360,febyIwerI=1434
AL361,AL,361,feb(r)IwerI=1434
AL362,AL,362,feb(r)AwerI=1434
AL363,AL,363,febyAwerI=1434
AL364,AL,364,feb(r)Awe(r)I=1434
AL365,AL,365,febyuewerI=1324
AL366,AL,366,febyuewurI=1324
AL367,AL,367,feb(r)AwerI=1434
AL368,AL,368,feb(r)Iwu[r]I=1434
AL369,AL,369,feb(r)IwerI=1434
AL370,AL,370,-
AL371,AL,371,-
AL372,AL,372,feb(r)IwerI=1434
AL373,AL,373,feb(r)I(w)erI=1434
AL374,AL,374,feb(r)IwerI=1434
AL375,AL,375,febyAwerI=1434
AL376,AL,376,feb(r)AwerI=1434
AL377,AL,377,fe{b}(r)oowerI=1324
AL378,AL,378,-
AL379,AL,379,-
AL380,AL,380,febyIwurI=1434
AL381,AL,381,febyIwer(I)=143
AL382,AL,382,fe{b}yIwe{r}(I)=143
AL383,AL,383,febyAwerI=1434
AL384,AL,384,feb(r)uewerI=1324
AL385,AL,385,fe{b}yIwerI=1434
AL386,AL,386,februewerI=1324
AL387,AL,387,febyIwerI=1434
AL388,AL,388,feb(r)IwurI=1434
AL389,AL,389,fe{b}(r)Awe[r]I=1434
AL390,AL,390,febyuewerI=1324
AL391,AL,391,feb(r)IwerI=1434
AL392,AL,392,-
AL393,AL,393,febyAwerI=1434
AL394,AL,394,feb(r)Awe{r}I=1434
AL395,AL,395,febyuewerI=1324
AL396,AL,396,-
AL397,AL,397,feb(r)AwerI=1434
AL398,AL,398,febyIwerI=1434
AL399,AL,399,feb(r)Iwe[r](I)=143
AL400,AL,400,feb(r)AwerI=1434
AL401,AL,401,febyuewe{r}I=1324
AL402,AL,402,fe{b}(r)IwerI=1434
AL403,AL,403,feb(r)AwerI=1434
AL403,AL,403,febyI(w)erI=1434
AL404,AL,404,febyIwurI=1434
AL405,AL,405,febyIwarI=1434
AL406,AL,406,feb(r)Awe{r}I=1434
AL407,AL,407,febyuewerI=1324
AL408,AL,408,-
AL409,AL,409,feb(r)IwerI=1434
AL410,AL,410,feb(r)IwerI=1434
AL411,AL,411,-
AL412,AL,412,-
AL413,AL,413,febyIwu{r}I=1434
AL414,AL,414,febyIwerI=1434
AL415,AL,415,febyAwe{r}I=1434
AL416,AL,416,febyIwerI=1434
AL417,AL,417,febyIwerI=1434
AL418,AL,418,feb(r)A(w)erI=1434
AL419,AL,419,fe{b}yIwerI=1434
AL420,AL,420,febyuewurI=1324
AL421,AL,421,febyuewerI=1324
AL422,AL,422,feb(r)AwerI=1434
AL423,AL,423,febyIwerI=1434
AL424,AL,424,febyoowerI=1324
AL425,AL,425,-
AL426,AL,426,fe{b}yIwarI=1434
AL427,AL,427,feb(r)AwerI=1434
AL428,AL,428,feb(r)IwarI=1434
AL429,AL,429,-
AL430,AL,430,febyIwerI=1434
AL431,AL,431,feb(r)AwerI=1434
AL432,AL,432,-
AL433,AL,433,feb(r)IwerI=1434
AL434,AL,434,febyIwerI=1434
AL435,AL,435,fe{b}(r)AwerI=1434
AL436,AL,436,feb(r)AwerI=1434
AL437,AL,437,februe(w)erI=1324
AL438,AL,438,feb(r)IwerI=1434
AL439,AL,439,feb(r)IwerI=1434
AL440,AL,440,-
AL441,AL,441,feb(r)AwerI=1434
AL442,AL,442,feb(r)IwerI=1434
AL443,AL,443,feb(r)AwerI=1434
AL444,AL,444,febyuewerI=1324
AL445,AL,445,febyuewerI=1324
AL446,AL,446,feb(rue)werI=134
AL447,AL,447,fe{b}yAwerI=1434
AL448,AL,448,feb(r)AwerI=1434
AL449,AL,449,fe{b}(rue)wurI=134
AL450,AL,450,febyuewerI=1324
AL451,AL,451,fe{b}(r)IwerI=1434
FL452,FL,452,febyIwurI=1434
FL453,FL,453,-
FL454,FL,454,febyAwerI=1434
FL455,FL,455,febyuewurI=1324
FL456,FL,456,febyIwu{r}(I)=143
FL457,FL,457,feb(r)A(w)erI=1434
FL458,FL,458,febyIwerI=1434
FL459,FL,459,-
FL460,FL,460,fe{b}(r)Iwu{r}(I)=143
FL461,FL,461,febyue(w)erI=1324
FL462,FL,462,fibyIwerI=1434
FL463,FL,463,-
FL464,FL,464,feb(r)IwerI=1434
FL465,FL,465,feb(rue)we{r}I=134
FL466,FL,466,feb(r)uewerI=1324
FL467,FL,467,-
FL468,FL,468,fe{b}(r)IwerI=1434
FL469,FL,469,febyAwer(I)=143
FL470,FL,470,feb(r)AwerI=1434
FL471,FL,471,feb(r)IwerI=1434
AL472,AL,472,feb(r)Awur(I)=143
AL473,AL,473,feb(r)AwerI=1434
AL474,AL,474,fe{b}yIwerI=1434
AL475,AL,475,febyuewerI=1324
AL476,AL,476,fev(r)IwerI=1434
AL477,AL,477,feb(r)IwerI=1434
AL478,AL,478,-
AL479,AL,479,feb(r)IwerI=1434
AL480,AL,480,fev(r)ue(w)erI=1324
AL481,AL,481,feb(r)IwerI=1434
AL482,AL,482,febyIwerI=1434
AL483,AL,483,-
AL484,AL,484,febyIwerI=1434
AL485,AL,485,febyui(w)erI=1324
TN486,TN,486,fe{b}(r)uewerI=1324
TN487,TN,487,fe{b}(r)Iwe{r}I=1434
TN488,TN,488,feb(r)AwerI=1434
TN489,TN,489,feb(r)Iwe{r}I=1434
TN490,TN,490,feb(r)oowerI=1324
TN491,TN,491,febyIwerI=1434
TN492,TN,492,feb(r)AwerI=1434
TN493,TN,493,febyAwurI=1434
TN494,TN,494,feb(r)AwerI=1434
TN495,TN,495,fe{b}(r)ue(w)erI=1324
TN496,TN,496,febyuewerI=1324
TN497,TN,497,febyIwairI=1434
TN498,TN,498,febyAwerI=1434
TN499,TN,499,febyIwu[r]I=1434
TN500,TN,500,feb(rue)werI=134
TN501,TN,501,febyIwurI=1434
TN502,TN,502,feb(rue)werI=134
TN503,TN,503,fevyIwerI=1434
TN504,TN,504,febyIwai{r}(I)=143
TN505,TN,505,feb(rue)wai(rI)=13
TN506,TN,506,feb(r)AwerI=1434
TN507,TN,507,fe{b}(r)IwurI=1434
TN508,TN,508,febyAwerI=1434
TN509,TN,509,-
TN510,TN,510,febyIwerI=1434
TN511,TN,511,febyAwerI=1434
TN512,TN,512,feb(r)AwerI=1434
TN513,TN,513,febyIwerI=1434
TN514,TN,514,febroowerI=1234
TN515,TN,515,feb(r)IwurI=1434
TN516,TN,516,febyuewerI=1324
TN517,TN,517,febyIwerI=1434
TN518,TN,518,feb(r)AwerI=1434
TN519,TN,519,fe{b}(r)IwurI=1434
MS520,MS,520,feb(r)Aweree=1423
MS521,MS,521,febyAweree=1423
MS522,MS,522,febyIwerI=1434
MS523,MS,523,-
MS524,MS,524,feb(r)AwerI=1434
MS525,MS,525,febyI(w)erI=1434
MS526,MS,526,fe{b}(r)ooweree=1323
MS527,MS,527,feb(r)AwerI=1434
MS528,MS,528,febyIwerI=1434
MS529,MS,529,-
MS530,MS,530,febyAwerI=1434
MS531,MS,531,febyIwerI=1434
MS532,MS,532,feb(r)IwerI=1434
MS533,MS,533,feb(rue)werI=134
MS534,MS,534,febyAwerI=1434
MS535,MS,535,feb(r)oowirI=1324
MS536,MS,536,feb(r)AwerI=1434
MS537,MS,537,feb(r)IwurI=1434
MS538,MS,538,febyuewerI=1324
MS539,MS,539,febyIwerI=1434
MS540,MS,540,feb(r)IwerI=1434
MS541,MS,541,-
MS542,MS,542,fev(r)Iwu{r}(I)=143
MS543,MS,543,feb(r)oowe[r](I)=132
MS544,MS,544,febyAwerI=1434
MS545,MS,545,feb(r)AwerI=1434
MS546,MS,546,febyAwurI=1434
MS547,MS,547,feb(r)IwerI=1434
MS548,MS,548,febvIwerI=1434
MS549,MS,549,feb(r)AwerI=1434
MS550,MS,550,feb(r)Iwe[r](I)=143
MS551,MS,551,febyAwerI=1434
MS552,MS,552,feb(r)oowerI=1324
MS553,MS,553,febyIwerI=1434
MS554,MS,554,-
MS555,MS,555,fe{b}(ruew)urI=134
MS556,MS,556,feb(r)AwerI=1434
MS557,MS,557,feb(r)IwerI=1434
MS558,MS,558,febyIwerI=1434
MS559,MS,559,feb(r)AwerI=1434
MS560,MS,560,-
MS561,MS,561,-
MS562,MS,562,febyAwerI=1434
MS563,MS,563,febyAwerI=1434
MS564,MS,564,febyAwerI=1434
MS565,MS,565,fe{b}(r)AwerI=1434
MS566,MS,566,feb(r)IwurI=1434
MS567,MS,567,feb(r)AwerI=1434
MS568,MS,568,fevyIwerI=1434
MS569,MS,569,-
MS570,MS,570,feb(r)IwurI=1434
MS571,MS,571,febyAwerI=1434
MS572,MS,572,febyIwerI=1434
MS573,MS,573,feb(r)Iwe[r](I)=143
MS574,MS,574,febyAwurI=1434
MS575,MS,575,fe{b}(r)oowerI=1324
MS576,MS,576,feb(r)AwerI=1434
MS577,MS,577,fev(r)Iwu[r]I=1434
MS578,MS,578,feb(r)Awer(I)=143
MS579,MS,579,feb(r)ArerI=1434
MS580,MS,580,-
MS581,MS,581,febyuewerI=1324
MS582,MS,582,fev(r)AwerI=1434
MS583,MS,583,febyIwu{r}(I)=143
MS584,MS,584,feb(r)AwerI=1434
MS584,MS,584,feb(r)Awer(I)=143
MS585,MS,585,febyuewerI=1324
MS586,MS,586,-
MS587,MS,587,fe{b}(r)IwerI=1434
MS588,MS,588,feb(r)AwurI=1434
MS589,MS,589,febyuewerI=1324
MS590,MS,590,-
MS591,MS,591,febyIwerI=1434
MS592,MS,592,-
MS593,MS,593,fev(r)uewerI=1324
MS594,MS,594,feb(r)IwerI=1434
MS595,MS,595,febyue(w)erI=1324
MS596,MS,596,feb(r)Iwa(r)I=1434
MS597,MS,597,febyuewurI=1324
MS598,MS,598,feb(r)AwerI=1434
MS599,MS,599,febyuewerI=1324
MS600,MS,600,fib(r)AwurI=1434
MS601,MS,601,febyAwerI=1434
MS602,MS,602,feb(r)Iwer(I)=143
MS603,MS,603,-
MS604,MS,604,-
MS605,MS,605,febyIwurI=1434
MS606,MS,606,feb(r)AwarI=1434
MS607,MS,607,fe{b}(r)uewerI=1324
MS608,MS,608,febyAwerI=1434
MS609,MS,609,feb(r)AwerI=1434
MS610,MS,610,feb(r)Iwai(rI)=143
MS611,MS,611,fib(r)ue(w)er(I)=132
MS612,MS,612,feb(r)AwairI=1434
MS613,MS,613,febyIwerI=1434
MS614,MS,614,-
MS615,MS,615,febyI(w)erI=1434
MS616,MS,616,feb(r)AwerI=1434
MS617,MS,617,febyIwi{r}(I)=143
MS618,MS,618,febyuewerI=1324
MS619,MS,619,febyIwerI=1434
MS620,MS,620,-
MS621,MS,621,fev(r)AwerI=1434
MS622,MS,622,febyAwerI=1434
MS623,MS,623,febyIwerI=1434
MS624,MS,624,febyAwerI=1434
MS625,MS,625,feb(rue)we{r}I=134
MS626,MS,626,feb(r)IwerI=1434
MS627,MS,627,feb(r)AwerI=1434
MS628,MS,628,febyAwurI=1434
MS629,MS,629,feb(r)Iwai(rI)=143
LA630,LA,630,febyIwerI=1434
LA631,LA,631,-
LA632,LA,632,febyIwe(r)I=1434
LA633,LA,633,feb(r)AwerI=1434
LA634,LA,634,febyIwe[r](I)=143
LA635,LA,635,febyIwer(I)=143
LA636,LA,636,feb(r)AwerI=1434
LA637,LA,637,feb(r)AwerI=1434
LA638,LA,638,feb(r)Iwu[r](I)=143
LA639,LA,639,feb(r)Awa{r}(I)=143
LA640,LA,640,feb(r)AwerI=1434
LA641,LA,641,fe(b)r(uew)er(I)=13
LA642,LA,642,-
LA643,LA,643,feb(rue)werI=134
LA644,LA,644,-
LA645,LA,645,febyIwurI=1434
LA646,LA,646,feb(rue)werI=134
LA647,LA,647,-
LA648,LA,648,fev(r)IwurI=1434
LA649,LA,649,febyIwerI=1434
LA650,LA,650,febyAwerI=1434
LA651,LA,651,-
LA652,LA,652,febyIwerI=1434
LA653,LA,653,febyAwerI=1434
LA654,LA,654,feb(r)IwurI=1434
LA655,LA,655,feb(r)I(w)erI=1434
LA656,LA,656,febyIwerI=1434
LA657,LA,657,febyuewurI=1324
LA657X,LA,657X,februe(w)erI=1324
LA657Y,LA,657Y,febyue(w)erI=1324
LA657Z,LA,657Z,febyIwerI=1434
LA658,LA,658,febyuewerI=1324
LA659,LA,659,febyIwerI=1434
LA660,LA,660,feb(r)AwerI=1434
LA661,LA,661,febyAwer(I)=143
LA662,LA,662,feb(r)Awaree=1423
LA663,LA,663,febyAwurI=1434
LA664,LA,664,febyIwerI=1434
LA665,LA,665,fe{b}(r)Awe(r)I=1434
LA666,LA,666,febyAwerA=1434
LA667,LA,667,fe{b}(r)AwerI=1434
LA668,LA,668,feb(r)IwurI=1434
LA669,LA,669,feb(r)AwurI=1434
LA670,LA,670,feb(r)AwerI=1434
LA671,LA,671,febyI(w)erI=1434
LA672,LA,672,feb(r)AwerI=1434
LA673,LA,673,feb(r)uewerI=1324
AR674,AR,674,febyIwerI=1434
AR675,AR,675,febyuewerI=1324
AR676,AR,676,feb(r)IwurI=1434
AR677,AR,677,febyIwurI=1434
AR678,AR,678,febyIwerI=1434
AR679,AR,679,febyAwirI=1434
AR680,AR,680,feb(rue)werI=134
AR681,AR,681,febyuewurI=1324
AR682,AR,682,febyuewerI=1324
AR683,AR,683,febyuewerI=1324
AR684,AR,684,fe{?}(rue)werI=134
AR685,AR,685,febyuewerI=1324
AR686,AR,686,febyIwerI=1434
AR687,AR,687,febyIwurI=1434
AR688,AR,688,febyuewerI=1324
AR689,AR,689,feb(r)Awer(I)=143
AR690,AR,690,fev(rue)wurI=134
AR691,AR,691,febyAwerI=1434
AR692,AR,692,feb(r)IwurI=1434
AR692,AR,692,fe{b}(r)Iwur(I)=143
AR693,AR,693,febyAwerI=1434
AR694,AR,694,febyIwerI=1434
AR695,AR,695,febyIwerI=1434
AR696,AR,696,feb(r)AwerI=1434
AR697,AR,697,feb(r)AwerI=1434
AR698,AR,698,febyIwerI=1434
AR699,AR,699,-
AR700,AR,700,-
AR701,AR,701,fe{b}(r)Awe{r}I=1434
AR702,AR,702,-
AR703,AR,703,-
AR704,AR,704,febyuewerI=1324
AR705,AR,705,febyIwurI=2414
AR706,AR,706,-
AR707,AR,707,febyoo(w)e{d}I=1324
AR708,AR,708,febyuewurI=1324
AR709,AR,709,febyuewerI=1324
AR710,AR,710,feb(rue)wurI=134
AR711,AR,711,febyAwerI=1434
AR712,AR,712,febyIwerI=1434
AR713,AR,713,febyAwerI=1434
AR714,AR,714,feb(r)IwurI=1434
AR715,AR,715,-
AR716,AR,716,feb(r)IwurI=1434
AR717,AR,717,-
AR718,AR,718,febyIwu[r]I=1434
AR719,AR,719,febyuewerI=1324
AR720,AR,720,febyAwerI=1434
AR721,AR,721,feb(r)IwurI=1434
AR722,AR,722,feb(r)AwerI=1434
AR723,AR,723,feb(r)uewurI=1324
AR724,AR,724,feb(r)AwerI=1434
AR725,AR,725,febyuewerI=1324
AR726,AR,726,feb(r)oowerI=1234
AR727,AR,727,febyIwurI=1434
AR728,AR,728,fe{b}(r)Iwu{r}(I)=143
AR729,AR,729,feb(r)Awer(I)=143
AR730,AR,730,febyIwerI=1434
AR731,AR,731,febyIwurI=1434
AR732,AR,732,feb(r)AwurI=1434
AR733,AR,733,febyRwurI=1434
AR734,AR,734,-
AR735,AR,735,febyAwerI=1434
AR736,AR,736,feb(rue)wer(I)=13
AR737,AR,737,febyuewurI=1324
AR738,AR,738,feb(r)IwurI=1434
AR739,AR,739,-
AR740,AR,740,febyAwerI=1434
AR741,AR,741,febyAwerI=1434
AR742,AR,742,feb(r)Awer(I)=143
AR743,AR,743,feb(r)IwurI=1434
AR744,AR,744,feb(r)IwurI=1434
AR745,AR,745,feb(r)AwerI=1434
AR746,AR,746,febyIwu{r}I=1434
AR747,AR,747,fev(r)IwerI=1434
AR748,AR,748,feb(r)Iwe(r)I=1434
AR749,AR,749,febyAwerI=1434
AR750,AR,750,-
AR751,AR,751,feb(r)AwerI=1434
AR752,AR,752,febyIwerI=1434
AR753,AR,753,febyIwerI=1434
AR754,AR,754,feb(r)Awe{r}I=1434
AR755,AR,755,febyIwur(I)=143
LA756,LA,756,febyAwerI=1434
LA757,LA,757,febyIwerI=1434
LA758,LA,758,febyuewerI=1324
LA759,LA,759,-
LA760,LA,760,febyAwe(r)I=1434
LA761,LA,761,febyIwerI=1434
LA762,LA,762,-
LA763,LA,763,-
LA764,LA,764,fe{b}(r)Iwe{r}(I)=143
LA765,LA,765,febyAwerI=1434
LA766,LA,766,fe{b}(rue)werI=214
LA767,LA,767,feb(r)ewwurI=1324
LA768,LA,768,fe{?}(rue)werI=134
LA769,LA,769,feb(r)AwerI=1434
LA770,LA,770,-
LA771,LA,771,feb(r)Iwe(rI)=143
LA772,LA,772,febyAwerI=1424
LA773,LA,773,feb(r)IwerI=1434
LA774,LA,774,-
LA775,LA,775,febyIwur(I)=143
LA776,LA,776,febyue(w)erI=1234
LA777,LA,777,feb(r)IwerI=1434
LA778,LA,778,feb(r)ewwurI=1324
LA779,LA,779,febyIwerI=1434
LA780,LA,780,febyuewurI=1324
LA781,LA,781,febyIwe[r]I=1434
LA782,LA,782,feb(r)IwurI=1434
LA783,LA,783,feb(r)IwurI=1434
LA784,LA,784,feb(r)IwurI=1434
LA785,LA,785,feby{R}werI=1424
LA786,LA,786,febyIwerI=1434
LA787,LA,787,febyewwurI=1324
LA788,LA,788,febyuewerI=1324
LA789,LA,789,-
LA790,LA,790,-
LA791,LA,791,feb(r)AwurI=1434
LA792,LA,792,febyAwerI=1434
LA793,LA,793,feb(r)AwerI=1434
LA794,LA,794,febyIwurI=1434
LA795,LA,795,feb(r)IwurI=1434
LA796,LA,796,feb(r)AwerI=1434
LA797,LA,797,feb(r)AwerI=1434
LA798,LA,798,febyIwurI=1434
LA799,LA,799,-
LA800,LA,800,feb(r)IwerI=1434
LA801,LA,801,febyIwerI=1434
LA802,LA,802,feb(r)AwerI=1434
LA803,LA,803,-
LA804,LA,804,-
LA805,LA,805,feb(r)Iwer(I)=143
LA806,LA,806,fe{b}vIwur(I)=143
LA807,LA,807,feb(r)AwerI=1434
LA808,LA,808,fe{b}(r)Iwu[r](I)=143
LA809,LA,809,feb(r)Avai(rI)=143
LA810,LA,810,febyI(w)erI=1434
LA811,LA,811,feb(r)uewerI=1324
LA812,LA,812,-
LA813,LA,813,febyuewerI=1324
LA814,LA,814,feb(r)AwerI=1434
LA815,LA,815,fe{b}(r)AwerI=1434
LA816,LA,816,feb(r)uewurI=1324
LA817,LA,817,feb(r)IwerI=1434
TX818,TX,818,-
TX819,TX,819,fe{b}yIwerI=1434
TX820,TX,820,fi{b}yuewerI=1324
TX821,TX,821,fueeb(r)uewerI=31324
TX822,TX,822,fevyIwerI=1434
TX823,TX,823,febyIwerI=1434
TX824,TX,824,fe{b}yAwerI=1434
TX825,TX,825,febvIwu{r}(I)=143
TX826,TX,826,febyAwerI=1434
TX827,TX,827,febyue(w)erI=1324
TX828,TX,828,feb(r)IwerI=1434
TX829,TX,829,febyIwurI=1434
TX830,TX,830,febyI(w)erI=1434
TX831,TX,831,febyAwerI=1434
TX832,TX,832,-
TX833,TX,833,fe{b}vIwurI=1434
TX834,TX,834,feb(r)IwurI=1434
TX835,TX,835,feb(r)AwerI=1434
TX836,TX,836,febvIwur(I)=143
TX837,TX,837,-
TX838,TX,838,febyuewurA=1324
TX839,TX,839,feb(r)AwerI=1434
TX840,TX,840,feb(r)IwurI=1434
TX841,TX,841,-
TX842,TX,842,febyue(w)erI=1324
TX843,TX,843,feb(r)ewwurI=1324
TX844,TX,844,febroo(w)erI=1324
TX845,TX,845,-
TX846,TX,846,fe{b}vIwu{r}I=1434
TX846,TX,846,feb(r)Iwu{r}I=1434
TX847,TX,847,-
TX848,TX,848,fe{b}(rue)werI=134
TX849,TX,849,-
TX850,TX,850,-
TX851,TX,851,-
TX852,TX,852,febyuewRI=1344
TX853,TX,853,febyIwurI=1434
TX854,TX,854,febyIwerI=1434
TX855,TX,855,feb(r)AwerI=1434
TX856,TX,856,feb(r)IwerI=1434
TX857,TX,857,febyI(w)urI=1434
TX858,TX,858,februe(w)erI=1324
TX859,TX,859,feb(r)uewurI=1324
TX860,TX,860,feb(ruew)urI=134
TX861,TX,861,febyIwerI=1434
TX862,TX,862,febyAwerI=1434
TX863,TX,863,febyAwerI=1434
TX864,TX,864,fev(r)Iwu[r]I=1434
TX865,TX,865,febyAwerI=1434
TX866,TX,866,feb(r)AwerI=1434
TX867,TX,867,fe{b}(r)Iwu{r}I=1434
TX868,TX,868,feb(r)AwerI=1434
TX869,TX,869,feb(r)oowerI=1324
TX870,TX,870,febyuewurI=1324
TX871,TX,871,-
TX872,TX,872,-
TX873,TX,873,febyIwurI=1434
TX874,TX,874,fe{b}(rue)werI=134
TX875,TX,875,feb(r)AwurI=1434
TX876,TX,876,feb(r)IwerI=1434
TX877,TX,877,febyIwerI=1434
TX878,TX,878,febyAwerI=1434
TX879,TX,879,-
TX880,TX,880,feb(r)IwurI=1434
TX881,TX,881,-
TX882,TX,882,feb(r)Iwai(rI)=143
TX883,TX,883,febrIwerI=1434
TX884,TX,884,-
TX885,TX,885,fe{b}(r)IwerI=1434
TX886,TX,886,feb(r)IwerI=1434
TX887,TX,887,febyIwerI=1434
TX888,TX,888,fe{b}(r)AwerI=1434
TX889,TX,889,febyIwurI=1434
TX890,TX,890,feb(rue)werI=134
TX891,TX,891,feb(r)AwerI=1434
TX892,TX,892,-
TX893,TX,893,fe{b}(r)AwerI=1434
TX894,TX,894,febyIwerI=1434
TX895,TX,895,febyuewerI=1324
TX896,TX,896,fev(rue)wu[r]I=134
TX897,TX,897,fe{b}(r)IwerI=1434
TX898,TX,898,fe{b}yuewerI=1324
TX899,TX,899,feb(r)IwurI=1434
TX900,TX,900,febyIwu[r]I=1434
TX901,TX,901,febyuewerI=1324
TX902,TX,902,feb(r)AwerI=1434
TX903,TX,903,-
TX904,TX,904,febyIwu{r}(I)=143
TX905,TX,905,feb(r)AwerI=1434
TX906,TX,906,febyuewerI=1324
TX907,TX,907,feb(r)AwerI=1434
TX908,TX,908,fe{b}yIwu[r]I=1434
TX909,TX,909,-
TX910,TX,910,febyIwu{r}I=1434
TX911,TX,911,fevyuewerI=1324
