Informant,State,Informant number,Response
TN001,TN,001,deesembR=134
TN002,TN,002,deesem(b)R=134
TN003,TN,003,deesembR=134
TN004,TN,004,deesembR=134
TN005,TN,005,deesembR=134
TN006,TN,006,deesembR=134
TN007,TN,007,deesembR=134
TN008,TN,008,-
TN009,TN,009,deesembR=134
TN010,TN,010,deesem(b)R=134
TN011,TN,011,deesembR=134
TN012,TN,012,deesembR=134
TN013,TN,013,deesembR=134
TN014,TN,014,deesembR=134
TN015,TN,015,deesembR=134
TN016,TN,016,dIsemb{R}=414
TN017,TN,017,deesemb[R]=314
TN018,TN,018,deesembR=134
TN019,TN,019,deesembR=134
TN020,TN,020,deesembR=314
TN021,TN,021,deesembR=134
TN022,TN,022,deesemb[R]=214
TN023,TN,023,deesembR=134
TN024,TN,024,deesembR=134
TN025,TN,025,deesembR=134
TN026,TN,026,deesembR=314
TN027,TN,027,deesembR=314
TN028,TN,028,deesembR=134
TN029,TN,029,deesem(b)[R]=134
TN030,TN,030,deesemb[R]=314
TN031,TN,031,deesembR=134
TN032,TN,032,deesembR=314
TN033,TN,033,deesembR=314
TN034,TN,034,deesembR=314
TN035,TN,035,deesembR=314
TN036,TN,036,deesembR=134
TN037,TN,037,deesembR=134
TN038,TN,038,deesemb{R}=134
TN039,TN,039,deesimbR=314
TN040,TN,040,deesimbR=314
TN041,TN,041,deesembR=134
TN042,TN,042,deesemb[R]=134
TN043,TN,043,deesembR=134
TN044,TN,044,deesembR=134
TN045,TN,045,deesembR=134
TN046,TN,046,deesembR=314
TN047,TN,047,deesimbR=314
TN048,TN,048,deesembR=314
TN049,TN,049,deesembR=134
TN050,TN,050,deesembR=134
TN051,TN,051,deesimbR=314
TN052,TN,052,-
TN053,TN,053,deesembR=134
TN054,TN,054,-
TN055,TN,055,deesimbR=134
TN056,TN,056,deesimbR=314
TN057,TN,057,deesimbR=314
TN058,TN,058,deesembR=134
TN059,TN,059,deesembR=314
TN060,TN,060,deesembR=134
GA061,GA,061,deesimbR=134
GA062,GA,062,deesembR=134
GA063,GA,063,deesembR=134
GA064,GA,064,deesembR=134
GA065,GA,065,deesembR=314
GA066,GA,066,deesemm[R]=134
GA067,GA,067,deesemb{R}=134
GA068,GA,068,deesembR=134
GA069,GA,069,deesimbR=134
GA070,GA,070,deesembR=134
GA071,GA,071,deesimb[R]=134
GA072,GA,072,deesemb{R}=134
GA073,GA,073,deesimbR=214
GA074,GA,074,deesimb[R]=314
GA075,GA,075,deesimb[R]=314
GA076,GA,076,deesemb{R}=134
GA077,GA,077,deesemb[R]=134
GA078,GA,078,deesim{b}R=134
GA079,GA,079,deesemb[R]=134
GA080,GA,080,deesembR=134
GA081,GA,081,deesembR=134
GA082,GA,082,-
GA083,GA,083,deesemb[R]=134
GA084,GA,084,deesem(b)[R]=134
GA085,GA,085,deesem{b}{R}=134
GA086,GA,086,deesembR=134
GA087,GA,087,deesembR=214
GA088,GA,088,deesimbR=134
GA089,GA,089,deesemb[R]=314
GA090,GA,090,deesembR=314
GA091,GA,091,deesimbR=134
GA092,GA,092,-
GA093,GA,093,deesemb[R]=134
GA094,GA,094,-
GA095,GA,095,dIsemb[R]=414
GA096,GA,096,deesemb[R]=134
GA097,GA,097,deesimbR=314
GA098,GA,098,deesimbu[r]=213
GA099,GA,099,deesemb[R]=134
GA100,GA,100,deesemb[R]=314
GA101,GA,101,deesembR=314
GA102,GA,102,deesembR=314
GA103,GA,103,deesem{b}[R]=314
GA104,GA,104,deesembR=314
GA105,GA,105,deesemb[R]=134
GA106,GA,106,deesembR=314
GA107,GA,107,deesemb{R}=134
GA108,GA,108,deesembR=134
GA109,GA,109,deesemb[R]=134
GA110,GA,110,deesimb[R]=134
GA111,GA,111,deesemb[R]=134
GA112,GA,112,deesemb[R]=314
GA113,GA,113,deesemb[R]=134
GA114,GA,114,deesemb[R]=214
GA115,GA,115,deesemb[R]=134
GA116,GA,116,deesemb[R]=134
GA117,GA,117,deesemb[R]=134
GA118,GA,118,deesemb[R]=134
GA119,GA,119,deesimb[R]=134
GA120,GA,120,deesemb{R}=314
GA121,GA,121,deesimb[R]=314
GA122,GA,122,deesimb[R]=134
GA123,GA,123,-
GA124,GA,124,deesembR=134
GA125,GA,125,-
GA126,GA,126,deesem(b)[R]=134
GA127,GA,127,deesemb[R]=134
GA128,GA,128,deesem(b)[R]=134
GA129,GA,129,deesimm[R]=134
GA130,GA,130,deesimb[R]=314
GA130,GA,130,deesimb[R]=134
GA131,GA,131,deesemb[R]=134
GA132,GA,132,deesemb[R]=134
GA133,GA,133,deesim{b}[R]=134
GA134,GA,134,deesem(b)[R]=134
GA135,GA,135,deesemb[R]=134
GA136,GA,136,deesim{b}[R]=134
GA137,GA,137,deesimb[R]=314
GA138,GA,138,deesemb[R]=314
GA139,GA,139,deesimb[R]=314
GA140,GA,140,deesemb[R]=134
GA141,GA,141,deesimb[R]=134
GA142,GA,142,deesemb[R]=214
GA143,GA,143,deesemb{R}=134
GA144,GA,144,deesimb[R]=314
GA145,GA,145,-
GA146,GA,146,deesemb[R]=314
GA147,GA,147,deesemb[R]=134
GA148,GA,148,deesemb[R]=134
GA149,GA,149,deesemb[R]=134
GA150,GA,150,deesemb[R]=314
GA151,GA,151,deesem{b}[R]=134
GA152,GA,152,deesimbR=314
GA153,GA,153,deesemb[R]=134
GA154,GA,154,-
GA155,GA,155,-
GA156,GA,156,deesemb[R]=134
GA157,GA,157,deesimbR=134
GA158,GA,158,-
GA159,GA,159,deesembR=314
GA160,GA,160,deesemb[R]=134
GA161,GA,161,deesemb[R]=314
GA162,GA,162,deesem{b}[R]=134
GA163,GA,163,deesemb[R]=314
GA164,GA,164,dIsimbR=414
GA165,GA,165,-
GA166,GA,166,deesemb[R]=134
GA167,GA,167,deesembR=134
GA168,GA,168,deesem{b}[R]=134
GA169,GA,169,-
GA170,GA,170,deesemb[R]=214
GA171,GA,171,deesimbR=314
GA172,GA,172,deesimb[R]=134
GA173,GA,173,deesemb{R}=134
GA174,GA,174,deesemb{R}=134
GA175,GA,175,-
GA176,GA,176,deesembR=134
GA177,GA,177,deesemb[R]=314
GA178,GA,178,deesemb[R]=134
GA179,GA,179,deesemb[R]=134
GA180,GA,180,deesembR=134
GA181,GA,181,-
GA182,GA,182,deesemb{R}=314
GA183,GA,183,deesim(b)[R]=314
GA183,GA,183,deesim(b)[R]=134
GA184,GA,184,deesimbR=134
GA185,GA,185,deesembR=134
GA186,GA,186,deesembR=134
GA187,GA,187,deesem{b}[R]=134
GA188,GA,188,deesemb[R]=134
GA189,GA,189,deesimb[R]=134
GA190,GA,190,deesemb[R]=134
GA191,GA,191,dIsembR=414
GA192,GA,192,deesemb{R}=134
GA193,GA,193,-
GA194,GA,194,deesemb{R}=134
GA195,GA,195,deesemb{R}=314
GA196,GA,196,deesemb[R]=134
GA197,GA,197,deesemb{R}=134
GA198,GA,198,deesemb{R}=134
GA199,GA,199,-
GA200,GA,200,deesemb[R]=134
GA201,GA,201,deesemb[R]=134
GA202,GA,202,deesemb[R]=314
GA203,GA,203,deesembR=134
GA204,GA,204,deesemb{R}=134
GA205,GA,205,-
GA206,GA,206,deesembR=134
GA207,GA,207,deesemb[R]=314
GA208,GA,208,deesembR=134
GA209,GA,209,deesimb[R]=314
GA210,GA,210,deesemb[R]=314
GA211,GA,211,deesimbR=314
GA212,GA,212,deesimbR=314
GA213,GA,213,deesemb[R]=314
GA214,GA,214,deesembR=314
GA215,GA,215,deesem(b)[R]=134
GA216,GA,216,deesemb[R]=134
GA217,GA,217,deesemb[R]=134
GA218,GA,218,deesimb[R]=134
GA219,GA,219,deesimb[R]=134
GA220,GA,220,deesemmR=134
GA221,GA,221,deesemb[R]=134
GA222,GA,222,-
GA223,GA,223,deesemb[R]=134
GA224,GA,224,-
GA225,GA,225,deesemb[R]=134
FL226,FL,226,deesemb[R]=134
FL227,FL,227,dIsimbR=414
FL228,FL,228,deesemb[R]=314
FL229,FL,229,deesimb[R]=134
FL230,FL,230,dIsem{b}R=414
FL231,FL,231,deesembR=134
FL232,FL,232,deesimbR=134
FL233,FL,233,deesemb{R}=314
FL234,FL,234,deesemb[R]=134
FL235,FL,235,deesembR=134
FL236,FL,236,deesim{b}R=214
FL237,FL,237,deesemb{R}=314
FL238,FL,238,deesembR=134
FL239,FL,239,deesimbR=314
FL240,FL,240,dIsimbR=414
FL241,FL,241,-
FL242,FL,242,deesembR=314
FL243,FL,243,deesimbR=214
FL244,FL,244,-
FL245,FL,245,dIsemb[R]=414
FL246,FL,246,deesemb[R]=134
FL247,FL,247,deesimbR=134
FL248,FL,248,deesimbR=134
FL249,FL,249,deethimbR=134
FL250,FL,250,deesemb{R}=134
FL251,FL,251,deesemb[R]=314
FL252,FL,252,deesembR=134
FL253,FL,253,deesimbR=214
FL254,FL,254,deesembR=134
FL255,FL,255,deesemb{R}=314
FL256,FL,256,deesemb[R]=134
FL257,FL,257,deesembR=134
FL258,FL,258,deesembR=134
FL259,FL,259,deesembR=134
FL260,FL,260,-
FL261,FL,261,deesembR=314
FL262,FL,262,deesimb{R}=134
FL263,FL,263,-
FL264,FL,264,deesimbR=134
FL265,FL,265,deesimb[R]=314
FL266,FL,266,dIsimbR=414
FL267,FL,267,deesemb[R]=314
FL268,FL,268,deesimb[R]=314
FL269,FL,269,dIsemb[R]=414
FL270,FL,270,dIsemb{R}=414
FL271,FL,271,deesemb[R]=314
FL272,FL,272,dIsimbR=414
FL273,FL,273,-
FL274,FL,274,deesembR=314
FL275,FL,275,deesembR=314
FL276,FL,276,deesembR=134
FL277,FL,277,deesembR=314
FL278,FL,278,deesembR=314
FL279,FL,279,deesimbR=314
FL280,FL,280,deesemb[R]=314
FL281,FL,281,deesimb[R]=314
FL282,FL,282,-
FL283,FL,283,dIsemmR=414
FL284,FL,284,deesimbR=134
FL285,FL,285,dIsimbR=414
FL286,FL,286,deesembR=314
FL287,FL,287,-
FL288,FL,288,dIsemb[R]=414
FL289,FL,289,-
TN290,TN,290,deesembR=134
TN291,TN,291,deesembR=134
TN292,TN,292,deesem(b)R=134
TN293,TN,293,deesemb[R]=134
TN294,TN,294,deesembR=314
TN295,TN,295,deesemb[R]=134
TN296,TN,296,deesemb[R]=134
TN297,TN,297,deesim{b}R=314
TN298,TN,298,-
TN299,TN,299,deesembR=134
TN300,TN,300,deesimbR=134
TN301,TN,301,deesemb[R]=134
TN302,TN,302,deesembR=134
TN303,TN,303,deesemb[R]=314
TN304,TN,304,deesemb{R}=134
TN305,TN,305,-
TN306,TN,306,deesim{b}R=314
TN307,TN,307,deesimbR=314
TN308,TN,308,-
TN309,TN,309,deesemb[R]=134
TN310,TN,310,-
TN311,TN,311,deesembR=314
TN312,TN,312,-
TN313,TN,313,-
TN314,TN,314,dIsembR=414
TN315,TN,315,deesemb{R}=134
TN316,TN,316,deesim{b}[R]=134
TN317,TN,317,deesemb{R}=134
TN318,TN,318,deesembR=314
TN319,TN,319,-
TN320,TN,320,deesembR=314
TN321,TN,321,deesembR=314
TN322,TN,322,deesembR=314
TN323,TN,323,deesemb[R]=134
TN324,TN,324,deesembR=134
TN325,TN,325,deesimbR=134
TN326,TN,326,deesembR=134
TN327,TN,327,deesemb[R]=134
TN328,TN,328,deesem{b}[R]=314
TN329,TN,329,deesimbR=314
TN330,TN,330,deese[m]m[R]=134
TN331,TN,331,dIsemb[R]=414
TN332,TN,332,deesemb[R]=124
TN333,TN,333,deesembR=134
TN334,TN,334,deesimbR=134
TN335,TN,335,deesembR=134
TN336,TN,336,deesembR=134
AL337,AL,337,-
AL338,AL,338,deesembR=134
AL339,AL,339,-
AL340,AL,340,deesim{d}[R]=314
AL341,AL,341,-
AL342,AL,342,-
AL343,AL,343,deesembR=214
AL344,AL,344,deesemb[R]=134
AL345,AL,345,deesemb{R}=314
AL346,AL,346,deesimb{R}=134
AL347,AL,347,deesemb[R]=134
AL348,AL,348,deesembR=314
AL349,AL,349,deesemb{R}=134
AL350,AL,350,deesemb{R}=134
AL351,AL,351,deesimb[R]=134
AL352,AL,352,dIsim{b}R=414
AL353,AL,353,-
AL354,AL,354,deesembR=134
AL355,AL,355,-
AL356,AL,356,deesembR=134
AL357,AL,357,deesembR=214
AL358,AL,358,deesemb{R}=134
AL359,AL,359,deesimbR=314
AL360,AL,360,deesimbR=314
AL361,AL,361,deesimbR=314
AL362,AL,362,deesim{b}R=134
AL363,AL,363,deesemb{R}=314
AL364,AL,364,deesemb[R]=134
AL365,AL,365,deesembR=314
AL366,AL,366,deesimbR=314
AL367,AL,367,deesembR=134
AL368,AL,368,deesimbR=314
AL369,AL,369,deesimb[R]=134
AL370,AL,370,-
AL371,AL,371,-
AL372,AL,372,dIsimbR=414
AL373,AL,373,dIsimb[R]=414
AL374,AL,374,deesimbR=134
AL375,AL,375,deesembR=314
AL376,AL,376,-
AL377,AL,377,deesemb[R]=134
AL378,AL,378,-
AL379,AL,379,-
AL380,AL,380,deesimb[R]=134
AL381,AL,381,deesimbR=134
AL382,AL,382,deesemb[R]=314
AL383,AL,383,deesembR=314
AL384,AL,384,deesemb[R]=314
AL385,AL,385,deesemb{R}=134
AL386,AL,386,deesemb[R]=134
AL387,AL,387,deesem(b)R=314
AL388,AL,388,deesemm[R]=214
AL389,AL,389,deesemb[R]=134
AL390,AL,390,deesimb[R]=134
AL391,AL,391,deesimbR=314
AL392,AL,392,deesemb[R]=134
AL392,AL,392,deesimb[R]=134
AL393,AL,393,deesemb[R]=134
AL394,AL,394,deesemb[R]=134
AL395,AL,395,disemb[R]=314
AL396,AL,396,-
AL397,AL,397,disimbR=314
AL398,AL,398,deesemb[R]=134
AL399,AL,399,deesimb[R]=314
AL400,AL,400,deesemb[R]=134
AL401,AL,401,deesemb[R]=134
AL402,AL,402,deesem(b)[R]=134
AL403,AL,403,deesemb[R]=134
AL404,AL,404,deesimb[R]=314
AL405,AL,405,dIsimbR=414
AL406,AL,406,deesim{b}[R]=134
AL407,AL,407,deesemb[R]=134
AL408,AL,408,-
AL409,AL,409,deesemb[R]=314
AL410,AL,410,deesimb[R]=314
AL411,AL,411,-
AL412,AL,412,-
AL413,AL,413,deesemb[R]=134
AL414,AL,414,dIsembR=414
AL415,AL,415,deesimb{R}=314
AL416,AL,416,deesemb[R]=314
AL417,AL,417,deesim{b}[R]=314
AL418,AL,418,deesemb[R]=314
AL419,AL,419,deesembR=134
AL420,AL,420,deesi[m]m[R]=314
AL421,AL,421,deesimb[R]=314
AL422,AL,422,deesem{b}{R}=314
AL423,AL,423,deesembR=314
AL424,AL,424,deesimbR=134
AL425,AL,425,-
AL426,AL,426,deesembR=134
AL427,AL,427,deesem{b}R=134
AL428,AL,428,deesim{b}R=314
AL429,AL,429,-
AL430,AL,430,deesimbR=134
AL431,AL,431,deesim{b}{R}=134
AL432,AL,432,-
AL433,AL,433,deesimb[R]=314
AL433,AL,433,deesim{b}[R]=214
AL434,AL,434,deesemb[R]=134
AL435,AL,435,deesembR=134
AL436,AL,436,deesimbR=134
AL437,AL,437,deesembR=314
AL438,AL,438,deesemb[R]=134
AL439,AL,439,deesimb[R]=134
AL440,AL,440,-
AL441,AL,441,deesim{b}{R}=214
AL442,AL,442,deesem(b)[R]=134
AL443,AL,443,deesimbR=314
AL444,AL,444,deesemb[R]=134
AL445,AL,445,deesimb[R]=214
AL446,AL,446,deesembR=134
AL447,AL,447,deesembR=134
AL448,AL,448,deesemb{R}=314
AL449,AL,449,deesemb[R]=314
AL450,AL,450,deesimb[R]=314
AL451,AL,451,deesembR=134
AL451,AL,451,deesembR=314
FL452,FL,452,deesembR=314
FL453,FL,453,deesimbR=314
FL454,FL,454,-
FL455,FL,455,deesemb[R]=134
FL456,FL,456,deesemb[R]=134
FL457,FL,457,deesembR=314
FL458,FL,458,deesimbR=134
FL459,FL,459,-
FL460,FL,460,deesemb[R]=134
FL461,FL,461,deesembR=134
FL462,FL,462,deesimb[R]=134
FL463,FL,463,-
FL464,FL,464,deesem(b)[R]=134
FL465,FL,465,deesem{b}{R}=134
FL466,FL,466,deesimbR=314
FL467,FL,467,-
FL468,FL,468,deesimb[R]=314
FL469,FL,469,deesemb{R}=314
FL470,FL,470,deesem{b}R=134
FL471,FL,471,deesemb[R]=314
AL472,AL,472,deesimb[R]=134
AL473,AL,473,deesemb{R}=214
AL474,AL,474,deesembR=314
AL475,AL,475,deesemb[R]=134
AL476,AL,476,deesembR=124
AL477,AL,477,deesemb[R]=134
AL478,AL,478,-
AL479,AL,479,deesemb[R]=134
AL480,AL,480,deesemb[R]=314
AL481,AL,481,deesimb[R]=314
AL482,AL,482,deesemb[R]=314
AL483,AL,483,-
AL484,AL,484,deesimbR=314
AL485,AL,485,-
TN486,TN,486,deesembR=134
TN487,TN,487,deesemb[R]=134
TN488,TN,488,deesembR=314
TN489,TN,489,deesemb[R]=134
TN490,TN,490,deesembR=314
TN491,TN,491,-
TN492,TN,492,deesembR=314
TN493,TN,493,deesimbR=314
TN494,TN,494,deesemb[R]=314
TN495,TN,495,deesembR=134
TN496,TN,496,deesemb[R]=134
TN497,TN,497,deesemb{R}=134
TN498,TN,498,dIsimbR=414
TN499,TN,499,deesemb{R}=314
TN500,TN,500,deesembR=134
TN501,TN,501,deesimb[R]=314
TN502,TN,502,deesem{b}R=134
TN503,TN,503,deesemb[R]=134
TN504,TN,504,deesimbR=134
TN505,TN,505,deesem(b)[R]=134
TN506,TN,506,deesembR=134
TN507,TN,507,deesemb[R]=124
TN507,TN,507,deesemb[R]=314
TN508,TN,508,deese(m)b[R]=134
TN509,TN,509,-
TN510,TN,510,deesimb[R]=134
TN511,TN,511,deesimbR=314
TN512,TN,512,deesemb{R}=134
TN513,TN,513,deesem(b)[R]=134
TN514,TN,514,deesemb[R]=134
TN515,TN,515,deesimbR=314
TN516,TN,516,deesimbR=314
TN517,TN,517,deesimbR=314
TN518,TN,518,deesembR=314
TN519,TN,519,deesemb{R}=314
MS520,MS,520,deesembR=134
MS521,MS,521,deesemb[R]=314
MS522,MS,522,deesimbR=134
MS523,MS,523,-
MS524,MS,524,deesimbR=134
MS525,MS,525,deesemb[R]=124
MS526,MS,526,deesemb[R]=314
MS527,MS,527,deesimb[R]=314
MS528,MS,528,deesemb[R]=134
MS529,MS,529,-
MS530,MS,530,deesimb{R}=314
MS531,MS,531,deesemb[R]=314
MS532,MS,532,deesimb[R]=134
MS533,MS,533,deesimbR=314
MS534,MS,534,deesimbR=134
MS535,MS,535,deesembR=134
MS536,MS,536,deesemb{R}=134
MS537,MS,537,deesemb[R]=134
MS538,MS,538,deesemb[R]=114
MS539,MS,539,deesemb[R]=134
MS540,MS,540,-
MS541,MS,541,-
MS542,MS,542,deesemb{R}=134
MS543,MS,543,deesemm[R]=134
MS544,MS,544,deesem{b}{R}=134
MS545,MS,545,dIsemb[R]=414
MS546,MS,546,-
MS547,MS,547,deesimbR=314
MS548,MS,548,deesembR=134
MS549,MS,549,deesemb{R}=314
MS550,MS,550,-
MS551,MS,551,dIsembR=414
MS552,MS,552,deesemb[R]=134
MS553,MS,553,deesimb[R]=314
MS554,MS,554,-
MS555,MS,555,deesemb[R]=134
MS556,MS,556,deesembR=134
MS557,MS,557,deesimb[R]=134
MS557,MS,557,deesimb[R]=314
MS558,MS,558,deesembR=314
MS559,MS,559,deesemb[R]=134
MS560,MS,560,-
MS561,MS,561,-
MS562,MS,562,deesemb[R]=134
MS563,MS,563,deesemb[R]=314
MS564,MS,564,dIsemb[R]=414
MS565,MS,565,deesimb[R]=314
MS566,MS,566,deesimb[R]=134
MS567,MS,567,-
MS568,MS,568,deesemb[R]=134
MS569,MS,569,-
MS570,MS,570,deesemb[R]=314
MS571,MS,571,deesimbR=134
MS572,MS,572,deesem(b)[R]=134
MS573,MS,573,deesimb[R]=134
MS574,MS,574,deesemb[R]=134
MS575,MS,575,deesemb[R]=314
MS576,MS,576,deesem(b){R}=134
MS577,MS,577,deesemb[R]=134
MS578,MS,578,deesem(b)[R]=134
MS579,MS,579,deesembR=314
MS580,MS,580,deesim(b)[R]=314
MS581,MS,581,-
MS582,MS,582,deesemb[R]=134
MS583,MS,583,deesemb[R]=134
MS584,MS,584,deesembR=134
MS585,MS,585,deesem(b)[R]=134
MS586,MS,586,deesimb[R]=314
MS587,MS,587,deesemb[R]=134
MS588,MS,588,-
MS589,MS,589,-
MS590,MS,590,-
MS591,MS,591,deesim{d}R=314
MS592,MS,592,-
MS593,MS,593,deesemb[R]=134
MS594,MS,594,deesemb[R]=134
MS595,MS,595,deesembR=134
MS596,MS,596,deesem{b}[R]=134
MS597,MS,597,deesembR=134
MS597,MS,597,deesimbR=314
MS598,MS,598,-
MS599,MS,599,dIsembR=414
MS600,MS,600,deesim(b)[R]=134
MS601,MS,601,deesimbR=314
MS602,MS,602,deesimbR=314
MS603,MS,603,-
MS604,MS,604,-
MS605,MS,605,deesimbR=314
MS606,MS,606,deesembR=314
MS607,MS,607,deesemb[R]=134
MS608,MS,608,deesemb{R}=314
MS609,MS,609,deesemb[R]=134
MS610,MS,610,deesim{d}[R]=314
MS611,MS,611,deesem{b}[R]=314
MS612,MS,612,deesemb[R]=134
MS613,MS,613,deesemb[R]=134
MS614,MS,614,-
MS615,MS,615,dIsemb{R}=414
MS616,MS,616,deesembR=314
MS617,MS,617,deesemb[R]=134
MS618,MS,618,deesimb[R]=134
MS619,MS,619,deesemb[R]=314
MS620,MS,620,-
MS621,MS,621,deesemb[R]=134
MS622,MS,622,deesemb{R}=314
MS623,MS,623,-
MS624,MS,624,deesembR=314
MS625,MS,625,deesemb{R}=314
MS626,MS,626,-
MS627,MS,627,deesem{b}[R]=134
MS628,MS,628,deesembR=314
MS629,MS,629,deesimbR=134
LA630,LA,630,deesemb[R]=134
LA631,LA,631,-
LA632,LA,632,deesembR=134
LA633,LA,633,deesim{b}R=314
LA634,LA,634,deesembR=134
LA635,LA,635,deesembR=134
LA636,LA,636,deesembR=214
LA637,LA,637,deesemb[R]=314
LA638,LA,638,deesimb[R]=314
LA639,LA,639,deesem{b}[R]=134
LA640,LA,640,deesimb[R]=314
LA641,LA,641,deesemb{R}=314
LA642,LA,642,-
LA643,LA,643,dIsimbR=414
LA644,LA,644,-
LA645,LA,645,deesimb{R}=314
LA646,LA,646,deesemb{R}=314
LA647,LA,647,-
LA648,LA,648,deesemb[R]=134
LA649,LA,649,deesembR=134
LA650,LA,650,deesemb[R]=314
LA651,LA,651,-
LA652,LA,652,deesembR=314
LA653,LA,653,deesemb{R}=134
LA654,LA,654,dIsemb[R]=414
LA655,LA,655,dIsemb[R]=414
LA656,LA,656,deesembR=314
LA657,LA,657,deesembR=314
LA657X,LA,657X,deesemb[R]=134
LA657Y,LA,657Y,deesemb[R]=314
LA657Z,LA,657Z,deesemb[R]=134
LA658,LA,658,deesemb[R]=314
LA659,LA,659,deesemb[R]=134
LA660,LA,660,deesem{b}[R]=314
LA661,LA,661,dIsembR=414
LA662,LA,662,deesemb[R]=314
LA663,LA,663,deesemb[R]=134
LA664,LA,664,-
LA665,LA,665,deesemb[R]=214
LA666,LA,666,deesemb[R]=134
LA667,LA,667,-
LA668,LA,668,deesimb[R]=314
LA669,LA,669,deesemb[R]=134
LA670,LA,670,deesemb{R}=314
LA671,LA,671,deesimbR=314
LA672,LA,672,deesem{b}R=314
LA673,LA,673,deesemb[R]=314
AR674,AR,674,deesembR=134
AR675,AR,675,deesembR=214
AR676,AR,676,-
AR677,AR,677,deesim{b}[R]=314
AR678,AR,678,deesembR=134
AR679,AR,679,dIsimbR=414
AR680,AR,680,deesembR=314
AR681,AR,681,deesimbR=124
AR682,AR,682,deesimbR=134
AR683,AR,683,deesimbR=314
AR684,AR,684,deesembR=134
AR685,AR,685,deesimbR=134
AR686,AR,686,deesembR=134
AR687,AR,687,deesimbR=134
AR688,AR,688,deesemb[R]=134
AR689,AR,689,deesemb{R}=134
AR690,AR,690,deesemb[R]=134
AR691,AR,691,deesimbR=314
AR692,AR,692,deesemb[R]=134
AR693,AR,693,deesembR=314
AR694,AR,694,deesembR=134
AR695,AR,695,deesem{b}[R]=314
AR696,AR,696,deesemb[R]=134
AR697,AR,697,deesemb{R}=134
AR698,AR,698,deesimbR=134
AR699,AR,699,-
AR700,AR,700,-
AR701,AR,701,deesemb[R]=314
AR702,AR,702,-
AR703,AR,703,-
AR704,AR,704,deesim{d}[R]=214
AR705,AR,705,deesimbR=134
AR706,AR,706,-
AR707,AR,707,deesemb[R]=314
AR708,AR,708,deesimbR=134
AR709,AR,709,deeseembR=134
AR710,AR,710,dIsimbR=414
AR711,AR,711,deesimbR=314
AR712,AR,712,deesimbR=314
AR713,AR,713,deesembR=314
AR714,AR,714,deesim{d}R=314
AR715,AR,715,deesemm[R]=134
AR716,AR,716,deesemb{R}=134
AR717,AR,717,-
AR718,AR,718,deesem(bR)=13
AR719,AR,719,dIsimbR=414
AR720,AR,720,deesembR=134
AR721,AR,721,deesimbR=314
AR722,AR,722,deesembR=134
AR723,AR,723,deesimbR=134
AR724,AR,724,deesembR=134
AR725,AR,725,deesimbR=134
AR726,AR,726,deesembR=134
AR727,AR,727,deesimbR=214
AR728,AR,728,deesemb{R}=314
AR729,AR,729,deesem{b}R=134
AR730,AR,730,deesembR=314
AR731,AR,731,deesimbR=314
AR732,AR,732,deesimbR=314
AR733,AR,733,deesimbR=134
AR734,AR,734,deesemb{R}=314
AR735,AR,735,deesembR=134
AR736,AR,736,deesem{b}R=134
AR737,AR,737,deesembR=314
AR738,AR,738,deesimbR=314
AR739,AR,739,-
AR740,AR,740,deesembR=134
AR741,AR,741,deesembR=314
AR742,AR,742,-
AR743,AR,743,deesem{d}[R]=314
AR743,AR,743,deesim{d}[R]=134
AR744,AR,744,deesimb[R]=134
AR745,AR,745,-
AR746,AR,746,deesemb[R]=314
AR747,AR,747,deesembR=134
AR748,AR,748,deesemb[R]=134
AR749,AR,749,deesembR=314
AR750,AR,750,-
AR751,AR,751,deesemb{R}=314
AR752,AR,752,-
AR753,AR,753,dIsimbR=414
AR754,AR,754,deesimb{R}=314
AR755,AR,755,deesimbR=314
LA756,LA,756,deesem{b}{R}=134
LA757,LA,757,deesemb[R]=134
LA758,LA,758,deeseem{d}[R]=314
LA759,LA,759,deesemb[R]=314
LA760,LA,760,deesimb[R]=134
LA761,LA,761,deesem(b)[R]=134
LA762,LA,762,deesemb[R]=314
LA763,LA,763,-
LA764,LA,764,deesemb[R]=134
LA765,LA,765,deesembR=134
LA766,LA,766,deesemb[R]=134
LA767,LA,767,deesimbR=134
LA768,LA,768,deesimb{R}=134
LA769,LA,769,deesembR=314
LA770,LA,770,-
LA771,LA,771,deesim{d}[R]=314
LA772,LA,772,deesimb[R]=134
LA773,LA,773,deesemb[R]=134
LA774,LA,774,-
LA775,LA,775,deesemb[R]=134
LA776,LA,776,deesimbR=214
LA777,LA,777,deesimb[R]=314
LA778,LA,778,deesimbR=314
LA779,LA,779,deesembR=314
LA780,LA,780,deesimbR=134
LA781,LA,781,deesemb[R]=134
LA782,LA,782,deesim{b}R=134
LA783,LA,783,deesimbR=134
LA784,LA,784,deesemb[R]=314
LA785,LA,785,deesemb[R]=124
LA786,LA,786,deesimb{R}=134
LA787,LA,787,deesimbR=314
LA788,LA,788,deesimb{R}=134
LA789,LA,789,-
LA790,LA,790,-
LA791,LA,791,deesimbR=134
LA792,LA,792,deesembR=314
LA793,LA,793,-
LA794,LA,794,deesembR=134
LA795,LA,795,deesimb[R]=134
LA796,LA,796,deesemb{R}=134
LA797,LA,797,deesemb[R]=134
LA798,LA,798,deesemb{R}=314
LA799,LA,799,-
LA800,LA,800,deesimbR=314
LA801,LA,801,deesembR=314
LA802,LA,802,deesemb{R}=314
LA803,LA,803,-
LA804,LA,804,-
LA805,LA,805,deesemb{R}=314
LA806,LA,806,deesemb[R]=314
LA807,LA,807,deesembR=214
LA808,LA,808,dIsemb[R]=414
LA809,LA,809,deesemb[R]=314
LA810,LA,810,deesemb[R]=314
LA811,LA,811,deesimb[R]=314
LA812,LA,812,deesembR=134
LA813,LA,813,deesimb[R]=134
LA814,LA,814,dIsem{b}{R}=414
LA815,LA,815,deesem{b}[R]=314
LA816,LA,816,deesimbR=314
LA817,LA,817,deesimbR=314
TX818,TX,818,-
TX819,TX,819,deesembR=134
TX820,TX,820,deesimbR=214
TX821,TX,821,deesimb(R)=31
TX822,TX,822,deesembR=134
TX823,TX,823,deesembR=134
TX824,TX,824,dIsimbR=414
TX825,TX,825,deesemb{R}=134
TX826,TX,826,deesembR=314
TX827,TX,827,deesembR=134
TX828,TX,828,deesimb[R]=314
TX829,TX,829,deesemb{R}=134
TX830,TX,830,dIsembR=414
TX831,TX,831,deesembR=134
TX832,TX,832,-
TX833,TX,833,deesemb{R}=134
TX834,TX,834,deesimbR=314
TX835,TX,835,deesem{b}{R}=314
TX836,TX,836,deesemb{R}=134
TX837,TX,837,deesimbR=214
TX838,TX,838,-
TX839,TX,839,deese[m]mR=134
TX840,TX,840,deesimbR=314
TX841,TX,841,deesem{b}{R}=314
TX842,TX,842,deesembR=134
TX843,TX,843,dIsimbR=414
TX844,TX,844,dIsembR=414
TX845,TX,845,-
TX846,TX,846,dIsemb{R}=414
TX847,TX,847,-
TX848,TX,848,deesemb{R}=134
TX849,TX,849,-
TX850,TX,850,deesimbR=314
TX851,TX,851,-
TX852,TX,852,deesimbR=134
TX853,TX,853,deesimbR=314
TX854,TX,854,deesim{b}[R]=314
TX855,TX,855,deesembR=134
TX856,TX,856,deesemb[R]=314
TX857,TX,857,deesemb{R}=314
TX858,TX,858,deesemb[R]=314
TX859,TX,859,deesimbR=314
TX860,TX,860,deesemb{R}=314
TX861,TX,861,deesembR=134
TX862,TX,862,deesimbR=314
TX863,TX,863,deesimbR=314
TX864,TX,864,deesemb[R]=314
TX865,TX,865,deesemm[R]=134
TX866,TX,866,deesemb[R]=314
TX867,TX,867,dIsemb{R}=414
TX868,TX,868,deesemb[R]=134
TX869,TX,869,deesemb{R}=314
TX870,TX,870,dIsimbR=414
TX871,TX,871,-
TX872,TX,872,-
TX873,TX,873,deesimb[R]=314
TX874,TX,874,deesemb[R]=134
TX875,TX,875,deesimb[R]=134
TX876,TX,876,deesimbR=314
TX877,TX,877,deesembR=134
TX878,TX,878,deesembR=314
TX879,TX,879,-
TX880,TX,880,deesembR=314
TX881,TX,881,deesembR=134
TX882,TX,882,deesimb[R]=314
TX883,TX,883,deesembR=314
TX884,TX,884,deesemb[R]=314
TX885,TX,885,deesembR=134
TX886,TX,886,deesembR=314
TX887,TX,887,deesimbR=314
TX888,TX,888,dIsemb[R]=414
TX889,TX,889,dIsemb{R}=414
TX890,TX,890,deesimbR=314
TX891,TX,891,dIsembR=414
TX892,TX,892,-
TX893,TX,893,deesembR=314
TX894,TX,894,deesembR=314
TX895,TX,895,dIsembR=414
TX896,TX,896,dIsemb{R}=414
TX897,TX,897,deesembR=314
TX898,TX,898,deesembR=314
TX899,TX,899,deesembR=314
TX900,TX,900,deesemb{R}=134
TX901,TX,901,dIsembR=414
TX902,TX,902,-
TX903,TX,903,-
TX904,TX,904,dIsemb[R]=414
TX905,TX,905,deesembR=314
TX906,TX,906,deesembR=134
TX907,TX,907,deesemb{R}=314
TX908,TX,908,dIsemb{R}=414
TX909,TX,909,-
TX910,TX,910,deesemb[R]=124
TX911,TX,911,disembR=314
