Informant,State,Informant number,Response
TN001,TN,001,noevembR=134
TN002,TN,002,noevembR=134
TN003,TN,003,noevembR=134
TN004,TN,004,noevembR=134
TN005,TN,005,noevembR=134
TN006,TN,006,noevembR=134
TN007,TN,007,noevembR=134
TN008,TN,008,-
TN009,TN,009,noevembR=134
TN010,TN,010,noevembR=134
TN011,TN,011,noevembR=134
TN012,TN,012,noevembR=134
TN013,TN,013,noevembR=134
TN014,TN,014,noevembR=134
TN015,TN,015,noevembR=314
TN016,TN,016,nAvembR=414
TN017,TN,017,noevemb[R]=314
TN018,TN,018,noevembR=314
TN019,TN,019,noevembR=134
TN020,TN,020,noevembR=314
TN021,TN,021,noevembR=134
TN022,TN,022,nAvembR=414
TN023,TN,023,noevembR=134
TN024,TN,024,noevembR=314
TN025,TN,025,noevembR=134
TN026,TN,026,noevembR=314
TN027,TN,027,noevembR=314
TN028,TN,028,noevembR=314
TN029,TN,029,noevemb[R]=314
TN030,TN,030,noevemb[R]=314
TN031,TN,031,noevembR=314
TN032,TN,032,noevembR=314
TN033,TN,033,noevembR=314
TN034,TN,034,noevembR=314
TN035,TN,035,noevembR=314
TN036,TN,036,noevembR=134
TN037,TN,037,noevembR=314
TN038,TN,038,noevembR=314
TN039,TN,039,noevimbR=314
TN040,TN,040,noevimbR=314
TN041,TN,041,noevembR=134
TN042,TN,042,noevemb[R]=314
TN043,TN,043,noevembR=314
TN044,TN,044,noevembR=134
TN045,TN,045,noevembR=314
TN046,TN,046,noevembR=314
TN047,TN,047,noevimbR=314
TN048,TN,048,noevembR=134
TN049,TN,049,noevembR=314
TN050,TN,050,noevembR=134
TN051,TN,051,noevimbR=314
TN052,TN,052,-
TN053,TN,053,noevembR=134
TN054,TN,054,noevem{b}R=314
TN055,TN,055,noevimbR=134
TN056,TN,056,noevimbR=314
TN057,TN,057,noevembR=214
TN058,TN,058,noevembR=314
TN059,TN,059,noevembR=314
TN060,TN,060,noevembR=134
GA061,GA,061,noevembR=314
GA062,GA,062,noevembR=314
GA063,GA,063,noevembR=134
GA064,GA,064,noevembR=314
GA065,GA,065,noevembR=314
GA066,GA,066,noevemm[R]=124
GA067,GA,067,noevemb[R]=314
GA068,GA,068,noevembR=134
GA069,GA,069,noevimbR=134
GA070,GA,070,noevembR=314
GA071,GA,071,noevimbR=134
GA072,GA,072,noevemb{R}=134
GA073,GA,073,noevimbR=134
GA074,GA,074,noevimb[R]=314
GA075,GA,075,noevimb[R]=134
GA076,GA,076,noevemb{R}=134
GA077,GA,077,noevemb[R]=134
GA078,GA,078,noevimb[R]=314
GA079,GA,079,noevemb[R]=134
GA080,GA,080,noevembR=134
GA081,GA,081,noevembR=314
GA082,GA,082,-
GA083,GA,083,noevemb{R}=134
GA084,GA,084,noevemb[R]=134
GA085,GA,085,noevimbR=134
GA086,GA,086,noevembR=134
GA087,GA,087,noevembR=214
GA088,GA,088,noevembR=134
GA089,GA,089,noevimb[R]=314
GA090,GA,090,noevembR=314
GA091,GA,091,noevimbR=314
GA092,GA,092,-
GA093,GA,093,noevimm[R]=314
GA094,GA,094,-
GA095,GA,095,noe{b}emb[R]=314
GA096,GA,096,noevemb[R]=134
GA097,GA,097,noevimbR=314
GA098,GA,098,noevemb[R]=124
GA099,GA,099,noevemb[R]=134
GA100,GA,100,noevemb[R]=124
GA101,GA,101,noevembR=314
GA102,GA,102,noevembR=314
GA103,GA,103,noevem{b}[R]=314
GA104,GA,104,noevembR=314
GA105,GA,105,noevemb[R]=134
GA106,GA,106,noevembR=314
GA107,GA,107,noevemb{R}=314
GA108,GA,108,noevembR=314
GA109,GA,109,noevemb[R]=314
GA110,GA,110,noevimb[R]=134
GA111,GA,111,noevimb[R]=134
GA112,GA,112,noevemb[R]=214
GA113,GA,113,noevemb[R]=314
GA114,GA,114,noevemb[R]=134
GA115,GA,115,noevemb[R]=134
GA116,GA,116,noevemb[R]=134
GA117,GA,117,noevemb[R]=314
GA118,GA,118,noevimb[R]=134
GA119,GA,119,noevimb[R]=314
GA120,GA,120,noevemb{R}=314
GA121,GA,121,noevimb[R]=314
GA122,GA,122,noevimb[R]=314
GA123,GA,123,-
GA124,GA,124,noevimbR=314
GA125,GA,125,-
GA126,GA,126,noevem(bR)=13
GA127,GA,127,noevemb[R]=134
GA128,GA,128,noevem(b)[R]=134
GA129,GA,129,noevim{d}R=134
GA130,GA,130,noevim{d}R=314
GA131,GA,131,noevemb[R]=134
GA132,GA,132,noevemb[R]=134
GA133,GA,133,noevemb[R]=134
GA134,GA,134,noevemm[R]=134
GA135,GA,135,noevemb[R]=314
GA136,GA,136,noevimb[R]=314
GA137,GA,137,noevimb[R]=314
GA138,GA,138,noevemb[R]=134
GA139,GA,139,noevimb[R]=134
GA140,GA,140,noevemb[R]=134
GA141,GA,141,noevimb[R]=134
GA142,GA,142,noevemb[R]=134
GA143,GA,143,noevemb{R}=314
GA144,GA,144,noevimb[R]=314
GA145,GA,145,-
GA146,GA,146,noevemb[R]=314
GA147,GA,147,noevemb[R]=134
GA148,GA,148,noevemb[R]=134
GA149,GA,149,noevemb[R]=134
GA150,GA,150,noevemb[R]=314
GA151,GA,151,noevemb[R]=134
GA152,GA,152,noevembR=314
GA153,GA,153,noevemb[R]=134
GA154,GA,154,-
GA155,GA,155,-
GA156,GA,156,noevemb[R]=134
GA157,GA,157,noevim(bR)=31
GA158,GA,158,-
GA159,GA,159,noevemb{R}=314
GA160,GA,160,noevemb[R]=134
GA161,GA,161,nAvemb[R]=414
GA162,GA,162,noevem{b}[R]=134
GA163,GA,163,noevimb[R]=134
GA164,GA,164,noevimbR=314
GA165,GA,165,-
GA166,GA,166,noevemb[R]=134
GA167,GA,167,noevemb[R]=134
GA168,GA,168,noevemb[R]=134
GA169,GA,169,-
GA170,GA,170,noevemb[R]=314
GA171,GA,171,nAvim{b}R=414
GA172,GA,172,noevimb[R]=134
GA173,GA,173,noevembR=314
GA174,GA,174,noevembR=134
GA175,GA,175,-
GA176,GA,176,noevembR=134
GA177,GA,177,noevemb[R]=134
GA178,GA,178,noevemb[R]=134
GA179,GA,179,noevemb[R]=134
GA180,GA,180,noevemb[R]=134
GA181,GA,181,-
GA182,GA,182,noevemb{R}=314
GA183,GA,183,noevem(b){R}=314
GA184,GA,184,noevimb[R]=314
GA185,GA,185,noevembR=134
GA186,GA,186,noevembR=134
GA187,GA,187,noevemb{R}=134
GA188,GA,188,noevemb[R]=134
GA189,GA,189,noevimb[R]=134
GA190,GA,190,noevemb[R]=314
GA191,GA,191,noevembR=314
GA192,GA,192,noevimb{R}=134
GA193,GA,193,-
GA194,GA,194,noevemb[R]=134
GA195,GA,195,-
GA196,GA,196,noevemb[R]=134
GA197,GA,197,noevemb[R]=314
GA198,GA,198,noevemb{R}=134
GA199,GA,199,-
GA200,GA,200,noevemb[R]=314
GA201,GA,201,noevemb{R}=314
GA202,GA,202,noevemb[R]=314
GA203,GA,203,noevemb[R]=134
GA204,GA,204,noevembR=314
GA205,GA,205,-
GA206,GA,206,noevembR=134
GA207,GA,207,noevemb[R]=314
GA208,GA,208,noevimbR=314
GA209,GA,209,noevimb[R]=314
GA210,GA,210,noevemb[R]=134
GA211,GA,211,noevimbR=134
GA212,GA,212,noevimbR=314
GA213,GA,213,noevemb[R]=314
GA214,GA,214,noevembR=314
GA215,GA,215,noevem(b)[R]=134
GA216,GA,216,noevemb[R]=314
GA217,GA,217,noevemb[R]=134
GA218,GA,218,noevemb[R]=134
GA219,GA,219,-
GA220,GA,220,nAvimbR=414
GA221,GA,221,noevemb[R]=134
GA222,GA,222,noevimb[R]=134
GA223,GA,223,noevemb{R}=134
GA224,GA,224,-
GA225,GA,225,noevemb[R]=134
FL226,FL,226,noevemb[R]=314
FL227,FL,227,noevembR=314
FL228,FL,228,noevemb[R]=314
FL229,FL,229,noevimb[R]=314
FL230,FL,230,noevimbR=314
FL231,FL,231,noevembR=314
FL232,FL,232,noevimbR=134
FL233,FL,233,noevemb{R}=314
FL234,FL,234,noevemb[R]=134
FL235,FL,235,noevembR=134
FL236,FL,236,noevimbR=214
FL237,FL,237,noevemb{R}=134
FL238,FL,238,noevembR=134
FL239,FL,239,noevimbR=314
FL240,FL,240,noevembR=314
FL241,FL,241,-
FL242,FL,242,noevemb{R}=314
FL243,FL,243,noevembR=124
FL244,FL,244,-
FL245,FL,245,noevemb[R]=314
FL246,FL,246,noevemb[R]=134
FL247,FL,247,noevembR=314
FL248,FL,248,noevimbR=134
FL249,FL,249,noe{b}imbR=134
FL250,FL,250,noevemb{R}=134
FL251,FL,251,noevemb[R]=314
FL252,FL,252,noevemb[R]=134
FL253,FL,253,noevimbR=214
FL254,FL,254,noevembR=134
FL255,FL,255,noevemb{R}=134
FL256,FL,256,noevemb[R]=134
FL257,FL,257,noevembR=134
FL258,FL,258,noevimbR=134
FL259,FL,259,noevembR=314
FL260,FL,260,-
FL261,FL,261,noevembR=314
FL262,FL,262,-
FL263,FL,263,noevemb[R]=314
FL264,FL,264,noevimbR=314
FL265,FL,265,noevimb[R]=314
FL266,FL,266,noevimbR=314
FL267,FL,267,noevemb[R]=314
FL268,FL,268,-
FL269,FL,269,noevembR=314
FL270,FL,270,noevemb{R}=314
FL271,FL,271,noevemb[R]=314
FL272,FL,272,noevMbR=144
FL273,FL,273,-
FL274,FL,274,noevembR=314
FL275,FL,275,noevimbR=134
FL276,FL,276,noevemb[R]=134
FL277,FL,277,noevemb{R}=314
FL278,FL,278,noevembR=314
FL279,FL,279,noevembR=314
FL280,FL,280,noevemb[R]=314
FL281,FL,281,noevimb[R]=314
FL282,FL,282,noevimb{R}=314
FL283,FL,283,noevimmR=314
FL284,FL,284,noevimbR=134
FL285,FL,285,noevimbR=314
FL286,FL,286,noevembR=314
FL287,FL,287,-
FL288,FL,288,nAvemb[R]=414
FL289,FL,289,nAvemb[R]=414
TN290,TN,290,noevembR=314
TN291,TN,291,noevembR=314
TN292,TN,292,noevem(b)R=134
TN293,TN,293,noevemb[R]=134
TN294,TN,294,noevimbR=314
TN295,TN,295,noevemb[R]=134
TN296,TN,296,noevemb[R]=134
TN297,TN,297,noevimbR=314
TN298,TN,298,-
TN299,TN,299,noevemb{R}=134
TN300,TN,300,noevembR=214
TN301,TN,301,noevemb[R]=314
TN302,TN,302,noevembR=134
TN303,TN,303,noevemb[R]=314
TN304,TN,304,noevemb[R]=134
TN305,TN,305,-
TN306,TN,306,noevimbR=314
TN307,TN,307,noevimbR=314
TN308,TN,308,-
TN309,TN,309,noevemb[R]=314
TN310,TN,310,-
TN311,TN,311,noevembR=314
TN312,TN,312,-
TN313,TN,313,-
TN314,TN,314,noevembR=314
TN315,TN,315,noevembR=134
TN316,TN,316,noevemb[R]=314
TN317,TN,317,noevemb{R}=314
TN318,TN,318,noevembR=314
TN319,TN,319,-
TN320,TN,320,noevembR=314
TN321,TN,321,noevemb{R}=134
TN322,TN,322,noevembR=314
TN323,TN,323,noeve[m]b[R]=134
TN324,TN,324,noevembR=134
TN325,TN,325,noevembR=134
TN326,TN,326,noevembR=314
TN327,TN,327,noevemb{R}=134
TN328,TN,328,noevimb[R]=314
TN329,TN,329,noevimmR=314
TN330,TN,330,snoevemb[R]=314
TN331,TN,331,nAvemb[R]=414
TN332,TN,332,noevemb[R]=134
TN333,TN,333,noevembR=134
TN334,TN,334,noevimbR=134
TN335,TN,335,noevembR=134
TN336,TN,336,noevembR=314
AL337,AL,337,noevemb[R]=314
AL338,AL,338,noevembR=314
AL339,AL,339,-
AL340,AL,340,noevem{d}[R]=314
AL341,AL,341,-
AL342,AL,342,-
AL343,AL,343,noevembR=314
AL344,AL,344,noevemb[R]=314
AL345,AL,345,noevemb{R}=314
AL346,AL,346,noevimb[R]=134
AL347,AL,347,noevemb[R]=134
AL348,AL,348,noevembR=314
AL349,AL,349,noevemb{R}=214
AL350,AL,350,noevimbR=134
AL351,AL,351,noevimb[R]=314
AL352,AL,352,nAvimbR=414
AL353,AL,353,-
AL354,AL,354,noevembR=134
AL355,AL,355,-
AL356,AL,356,noevembR=134
AL357,AL,357,noevembR=214
AL358,AL,358,noevimb[R]=134
AL359,AL,359,noevembR=314
AL360,AL,360,noevimbR=314
AL361,AL,361,noevimbR=134
AL362,AL,362,noevem{b}R=214
AL363,AL,363,noevemb{R}=314
AL364,AL,364,noevimb[R]=134
AL365,AL,365,noevembR=314
AL366,AL,366,noevi[m]bR=214
AL367,AL,367,noevembR=314
AL368,AL,368,noevimbR=314
AL369,AL,369,noevimb[R]=134
AL370,AL,370,noevimbR=314
AL371,AL,371,-
AL372,AL,372,nAvimbR=414
AL373,AL,373,noevimm[R]=314
AL374,AL,374,noevimbR=134
AL375,AL,375,noevembR=314
AL376,AL,376,-
AL377,AL,377,noevemb[R]=214
AL378,AL,378,-
AL379,AL,379,-
AL380,AL,380,noevimb[R]=314
AL381,AL,381,noevimbR=134
AL382,AL,382,noevemb[R]=134
AL383,AL,383,noevembR=314
AL384,AL,384,noevemb[R]=314
AL385,AL,385,noevemb{R}=134
AL386,AL,386,noevemb{R}=314
AL387,AL,387,noevem(b)R=314
AL388,AL,388,noevimb[R]=134
AL389,AL,389,noevemb[R]=134
AL390,AL,390,noevimb[R]=134
AL391,AL,391,noevimbR=214
AL392,AL,392,-
AL393,AL,393,noevemb[R]=134
AL394,AL,394,noevembR=134
AL395,AL,395,noevemb[R]=314
AL396,AL,396,-
AL397,AL,397,noevimbR=314
AL398,AL,398,noevimb[R]=314
AL399,AL,399,noevimb[R]=134
AL400,AL,400,noevemb[R]=134
AL401,AL,401,-
AL402,AL,402,noevemb[R]=134
AL403,AL,403,noevemb[R]=314
AL404,AL,404,noevim{d}[R]=314
AL405,AL,405,noevimbR=314
AL406,AL,406,noevim{b}[R]=314
AL407,AL,407,noevemb[R]=134
AL408,AL,408,-
AL409,AL,409,noevemb[R]=314
AL410,AL,410,noevimb[R]=314
AL410,AL,410,noevimb[R]=134
AL411,AL,411,-
AL412,AL,412,-
AL413,AL,413,noevemb[R]=134
AL414,AL,414,noe{b}imbR=314
AL415,AL,415,noevimb{R}=314
AL416,AL,416,noevemb[R]=314
AL417,AL,417,noevim{b}[R]=314
AL418,AL,418,noevemb{R}=314
AL419,AL,419,noevemb{R}=314
AL420,AL,420,noevimb[R]=314
AL421,AL,421,nAvimb[R]=414
AL422,AL,422,noevem{b}{R}=314
AL423,AL,423,noevembR=314
AL424,AL,424,noevimbR=134
AL425,AL,425,-
AL426,AL,426,noevembR=134
AL427,AL,427,noevim(b)[R]=134
AL428,AL,428,noevimbR=314
AL429,AL,429,-
AL430,AL,430,noevembR=314
AL431,AL,431,noevim{b}{R}=214
AL432,AL,432,-
AL433,AL,433,noevem(b){R}=214
AL434,AL,434,noevemb[R]=134
AL435,AL,435,noevimbR=214
AL436,AL,436,noevembR=314
AL437,AL,437,noevembR=314
AL438,AL,438,noevemb[R]=314
AL439,AL,439,noevemb[R]=314
AL440,AL,440,-
AL441,AL,441,noevimb{R}=314
AL442,AL,442,noevemm[R]=314
AL443,AL,443,noevimbR=314
AL444,AL,444,noevemb[R]=134
AL445,AL,445,noevimb[R]=214
AL446,AL,446,noevembR=134
AL447,AL,447,noevembR=134
AL448,AL,448,noevemb[R]=314
AL449,AL,449,noevemb[R]=134
AL450,AL,450,noevimb[R]=134
AL451,AL,451,noevembR=314
FL452,FL,452,noevimbR=314
FL453,FL,453,-
FL454,FL,454,noevemb[R]=134
FL455,FL,455,noevembR=314
FL456,FL,456,noevemb[R]=314
FL457,FL,457,noevembR=314
FL458,FL,458,noevimbR=314
FL459,FL,459,noevemb[R]=314
FL460,FL,460,noevemb{R}=214
FL461,FL,461,noevembR=134
FL462,FL,462,noevembR=314
FL463,FL,463,-
FL464,FL,464,noevem(b)[R]=134
FL465,FL,465,noevim{b}{R}=134
FL466,FL,466,nAvimbR=414
FL467,FL,467,-
FL468,FL,468,noevimb[R]=314
FL469,FL,469,noevemb{R}=314
FL470,FL,470,noevem{b}R=314
FL471,FL,471,noevemb[R]=314
AL472,AL,472,noevim{d}[R]=314
AL473,AL,473,noevemb{R}=314
AL474,AL,474,noevembR=314
AL475,AL,475,noevemb[R]=134
AL476,AL,476,noevembR=134
AL477,AL,477,noevimb[R]=134
AL478,AL,478,-
AL479,AL,479,noevemb[R]=134
AL480,AL,480,noevemb[R]=314
AL481,AL,481,noevimb[R]=314
AL482,AL,482,noevemb[R]=314
AL483,AL,483,-
AL484,AL,484,noevimbR=314
AL485,AL,485,noevimb[R]=314
TN486,TN,486,noevembR=314
TN487,TN,487,noevemb{R}=314
TN488,TN,488,noevembR=314
TN489,TN,489,noevemb{R}=314
TN490,TN,490,noevembR=314
TN491,TN,491,-
TN492,TN,492,noevimbR=314
TN493,TN,493,noevemb[R]=134
TN494,TN,494,noevembR=134
TN495,TN,495,noevemb[R]=314
TN496,TN,496,nAvembR=414
TN497,TN,497,noevemb{R}=214
TN498,TN,498,noevimbR=134
TN499,TN,499,noeve(m)b{R}=314
TN500,TN,500,noevembR=134
TN501,TN,501,noevimb[R]=314
TN502,TN,502,noevembR=314
TN503,TN,503,noevemb[R]=134
TN504,TN,504,noevimbR=134
TN505,TN,505,noevemb[R]=134
TN506,TN,506,noevembR=314
TN507,TN,507,noevemb[R]=314
TN508,TN,508,noevemb[R]=314
TN509,TN,509,noevemb{R}=314
TN510,TN,510,noevimb[R]=314
TN511,TN,511,noevimbR=314
TN512,TN,512,noevem{b}[R]=134
TN513,TN,513,noevemb[R]=314
TN514,TN,514,noevemb[R]=314
TN515,TN,515,noevimbR=314
TN516,TN,516,noevimbR=314
TN517,TN,517,noevimbR=314
TN518,TN,518,noevembR=314
TN519,TN,519,noevemb{R}=314
MS520,MS,520,noevembR=134
MS521,MS,521,noevemb[R]=314
MS522,MS,522,noevembR=134
MS523,MS,523,-
MS524,MS,524,noevimbR=314
MS525,MS,525,noevemb[R]=134
MS526,MS,526,noevemb[R]=314
MS527,MS,527,noevimb{R}=134
MS528,MS,528,-
MS529,MS,529,-
MS530,MS,530,noevemb{R}=214
MS531,MS,531,noevemb[R]=134
MS532,MS,532,noevimb[R]=134
MS533,MS,533,noevimbR=134
MS534,MS,534,noevimbR=134
MS535,MS,535,noe{b}embR=134
MS536,MS,536,noevemb{R}=314
MS537,MS,537,noevemb[R]=134
MS538,MS,538,noevemb[R]=314
MS539,MS,539,noevemb[R]=134
MS540,MS,540,-
MS541,MS,541,-
MS542,MS,542,noevemb{R}=134
MS543,MS,543,noevemw[R]=134
MS544,MS,544,noevem{b}{R}=134
MS545,MS,545,-
MS546,MS,546,noevemb[R]=214
MS547,MS,547,noevimbR=314
MS548,MS,548,noevimbR=134
MS549,MS,549,noevemb{R}=314
MS550,MS,550,-
MS551,MS,551,noevemb{R}=314
MS552,MS,552,noevemb[R]=134
MS553,MS,553,noevimb[R]=314
MS554,MS,554,noevimb[R]=314
MS555,MS,555,noevemb[R]=214
MS556,MS,556,noevemb{R}=314
MS557,MS,557,noevimb[R]=314
MS558,MS,558,noevembR=314
MS559,MS,559,noevimbR=314
MS560,MS,560,-
MS561,MS,561,-
MS562,MS,562,noevemb[R]=134
MS563,MS,563,noevemb[R]=314
MS564,MS,564,noevemb[R]=134
MS565,MS,565,noevimb[R]=314
MS566,MS,566,noevimb[R]=314
MS567,MS,567,-
MS568,MS,568,noevemb[R]=134
MS569,MS,569,-
MS570,MS,570,noevemb[R]=314
MS571,MS,571,noevimb[R]=314
MS572,MS,572,noevemb[R]=134
MS573,MS,573,noevimb[R]=314
MS574,MS,574,noevemb[R]=134
MS575,MS,575,noevemb[R]=314
MS576,MS,576,noevem(b){R}=314
MS577,MS,577,noevemb[R]=134
MS578,MS,578,noevem(b)[R]=134
MS579,MS,579,noevembR=314
MS580,MS,580,-
MS581,MS,581,noevMbR=144
MS582,MS,582,noevemb[R]=134
MS583,MS,583,noevemb[R]=124
MS584,MS,584,noevembR=314
MS585,MS,585,noevem(b)[R]=314
MS586,MS,586,-
MS587,MS,587,noevemb[R]=314
MS588,MS,588,-
MS589,MS,589,noevim{d}R=214
MS590,MS,590,-
MS591,MS,591,noevim{d}R=314
MS592,MS,592,noevemb[R]=314
MS593,MS,593,noevem(b)[R]=134
MS594,MS,594,noevemb[R]=134
MS595,MS,595,noevembR=314
MS596,MS,596,noevemb[R]=134
MS597,MS,597,noevembR=134
MS598,MS,598,-
MS599,MS,599,noevembR=314
MS600,MS,600,noevem(b)[R]=314
MS601,MS,601,noevimbR=314
MS602,MS,602,noevimbR=314
MS603,MS,603,-
MS604,MS,604,-
MS605,MS,605,noevimbR=314
MS606,MS,606,noevemb[R]=314
MS607,MS,607,noevemb[R]=134
MS608,MS,608,noevemb{R}=314
MS609,MS,609,noevimb[R]=134
MS610,MS,610,noevim{d}[R]=214
MS611,MS,611,noevimb[R]=314
MS612,MS,612,noevemb[R]=314
MS613,MS,613,noevemb[R]=134
MS614,MS,614,-
MS615,MS,615,noevemb{R}=214
MS616,MS,616,noevembR=134
MS617,MS,617,noevemb[R]=314
MS618,MS,618,noevimb[R]=134
MS619,MS,619,noevemb[R]=314
MS620,MS,620,-
MS621,MS,621,noevemb[R]=314
MS622,MS,622,noevemb{R}=314
MS623,MS,623,noevimbR=214
MS624,MS,624,noevembR=314
MS625,MS,625,noevimb{R}=314
MS626,MS,626,noevemb[R]=314
MS627,MS,627,noevem{b}[R]=314
MS628,MS,628,noevimbR=314
MS629,MS,629,noevimbR=134
LA630,LA,630,noevemb[R]=134
LA631,LA,631,noevembR=314
LA632,LA,632,noevembR=214
LA633,LA,633,noevim{b}R=314
LA634,LA,634,noevemb[R]=134
LA635,LA,635,noevembR=134
LA636,LA,636,noevimb{R}=314
LA637,LA,637,noevemb[R]=314
LA638,LA,638,noevimb[R]=134
LA639,LA,639,noevem{b}[R]=134
LA640,LA,640,noevimb[R]=214
LA641,LA,641,noevemb[R]=134
LA642,LA,642,-
LA643,LA,643,noevimbR=314
LA644,LA,644,-
LA645,LA,645,nAvemb{R}=414
LA646,LA,646,noevemb{R}=314
LA647,LA,647,-
LA648,LA,648,noevemb[R]=314
LA649,LA,649,noevembR=314
LA650,LA,650,noevemb[R]=314
LA651,LA,651,-
LA652,LA,652,noevembR=314
LA653,LA,653,noevemb{R}=314
LA654,LA,654,noevimb[R]=314
LA655,LA,655,nAvemb[R]=414
LA656,LA,656,noevembR=314
LA657,LA,657,noevembR=314
LA657X,LA,657X,noevemb[R]=314
LA657Y,LA,657Y,noevemb[R]=314
LA657Z,LA,657Z,noevemb[R]=314
LA658,LA,658,noevemb[R]=314
LA659,LA,659,noevemb[R]=314
LA660,LA,660,noevim{b}[R]=314
LA661,LA,661,nAvembR=414
LA662,LA,662,noevemb[R]=314
LA663,LA,663,noevemb[R]=134
LA664,LA,664,noevemb[R]=314
LA665,LA,665,noevemb[R]=314
LA666,LA,666,noevimb[R]=134
LA667,LA,667,noevemb[R]=314
LA668,LA,668,noeve(m){b}[R]=314
LA669,LA,669,noevimb[R]=314
LA670,LA,670,noevemb{R}=314
LA671,LA,671,noevembR=314
LA672,LA,672,noevembR=314
LA673,LA,673,noevemb[R]=314
AR674,AR,674,noevembR=134
AR675,AR,675,noevembur=213
AR676,AR,676,-
AR677,AR,677,noevimbR=314
AR678,AR,678,noevembR=134
AR679,AR,679,noevimbR=314
AR680,AR,680,noevembR=314
AR681,AR,681,noevimbR=134
AR682,AR,682,noevimbR=134
AR683,AR,683,noevimbR=314
AR684,AR,684,noevembR=134
AR685,AR,685,noevimbR=134
AR686,AR,686,noevembR=134
AR687,AR,687,noevimbR=134
AR688,AR,688,noevembR=134
AR689,AR,689,noevemb{R}=134
AR690,AR,690,noevemb[R]=314
AR691,AR,691,noevimbR=314
AR692,AR,692,noevemb[R]=314
AR693,AR,693,noevembR=314
AR694,AR,694,noevembR=134
AR695,AR,695,noevem{b}[R]=314
AR696,AR,696,noevemb[R]=314
AR697,AR,697,noevemb{R}=134
AR698,AR,698,noevimbR=314
AR699,AR,699,-
AR700,AR,700,noevimbR=314
AR701,AR,701,noevemb[R]=314
AR702,AR,702,-
AR703,AR,703,-
AR704,AR,704,noevimbR=314
AR705,AR,705,noevimbR=314
AR706,AR,706,-
AR707,AR,707,noevemb[R]=314
AR708,AR,708,noevimbR=134
AR709,AR,709,noevimbR=134
AR710,AR,710,noevimbR=314
AR711,AR,711,noevimbR=314
AR712,AR,712,noevimbR=314
AR713,AR,713,noevembR=134
AR714,AR,714,noevim{d}R=314
AR715,AR,715,-
AR716,AR,716,noevemb{R}=134
AR717,AR,717,-
AR718,AR,718,noevemb{R}=314
AR719,AR,719,noevimbR=314
AR720,AR,720,noevembR=134
AR721,AR,721,noevem{d}R=314
AR722,AR,722,noevembR=134
AR723,AR,723,noevimbR=134
AR724,AR,724,noevembR=134
AR725,AR,725,noevimbR=134
AR726,AR,726,noevembR=134
AR727,AR,727,noevimbR=134
AR728,AR,728,noevemb[R]=314
AR729,AR,729,noevem{b}R=134
AR730,AR,730,noevembR=314
AR731,AR,731,noevimbR=314
AR732,AR,732,noevimbR=314
AR733,AR,733,noevimbR=134
AR734,AR,734,noevimb{R}=314
AR735,AR,735,noevembR=314
AR736,AR,736,noevem{b}R=314
AR737,AR,737,noevimbR=134
AR738,AR,738,noevembR=314
AR739,AR,739,-
AR740,AR,740,noevembR=314
AR741,AR,741,noevembR=314
AR742,AR,742,noevimbR=314
AR743,AR,743,noevi(m)b[R]=134
AR744,AR,744,noevimbR=134
AR745,AR,745,-
AR746,AR,746,noevemb[R]=314
AR747,AR,747,noevembR=134
AR748,AR,748,noevimb[R]=314
AR749,AR,749,noevimbR=314
AR750,AR,750,-
AR751,AR,751,noevemb{R}=314
AR752,AR,752,-
AR753,AR,753,noevimbR=314
AR754,AR,754,noevim{b}{R}=314
AR755,AR,755,noevimbR=314
LA756,LA,756,noevem{b}{R}=314
LA757,LA,757,noevemb[R]=314
LA758,LA,758,noevim{d}R=114
LA759,LA,759,noevemb[R]=314
LA760,LA,760,-
LA761,LA,761,noevemb[R]=134
LA762,LA,762,-
LA763,LA,763,-
LA764,LA,764,noevemb[R]=134
LA765,LA,765,noevembR=134
LA766,LA,766,noevemb[R]=314
LA767,LA,767,noevimbR=134
LA768,LA,768,noevimb{R}=314
LA769,LA,769,noevembR=314
LA770,LA,770,-
LA771,LA,771,noevim{d}[R]=314
LA772,LA,772,noevimb[R]=134
LA773,LA,773,noevemb[R]=314
LA774,LA,774,-
LA775,LA,775,noevemb[R]=314
LA776,LA,776,noevimbR=214
LA777,LA,777,noevemb[R]=314
LA778,LA,778,noevimbR=314
LA779,LA,779,noevembR=314
LA780,LA,780,noevimbR=314
LA781,LA,781,noevemb[R]=314
LA782,LA,782,noevimb[R]=134
LA783,LA,783,noevim{d}R=134
LA784,LA,784,noevemb[R]=314
LA785,LA,785,noevemb[R]=314
LA786,LA,786,noevemb{R}=134
LA787,LA,787,noevimbR=314
LA788,LA,788,noevimb{R}=134
LA789,LA,789,-
LA790,LA,790,-
LA791,LA,791,noevemb[R]=134
LA792,LA,792,noevembR=314
LA793,LA,793,-
LA794,LA,794,noevembR=134
LA795,LA,795,noevimb[R]=134
LA796,LA,796,noevemb{R}=314
LA797,LA,797,noevemb[R]=134
LA798,LA,798,noevemb{R}=314
LA799,LA,799,-
LA800,LA,800,noevimbR=314
LA801,LA,801,noevembR=314
LA802,LA,802,noevemb{R}=314
LA803,LA,803,-
LA804,LA,804,-
LA805,LA,805,noevemb{R}=314
LA806,LA,806,noevemb[R]=314
LA807,LA,807,noevembR=214
LA808,LA,808,nAvemb[R]=414
LA809,LA,809,nAvemb[R]=414
LA810,LA,810,noevemb[R]=314
LA811,LA,811,noevimb[R]=314
LA812,LA,812,noevemb[R]=314
LA813,LA,813,noevimb[R]=134
LA814,LA,814,noevembR=314
LA815,LA,815,noevem{b}[R]=314
LA816,LA,816,noevimbR=314
LA817,LA,817,noevimb[R]=314
TX818,TX,818,-
TX819,TX,819,noevembR=134
TX820,TX,820,noevimbR=214
TX821,TX,821,noevimb[R]=314
TX822,TX,822,noevembR=314
TX823,TX,823,noevembR=314
TX824,TX,824,noevembR=314
TX825,TX,825,noevemb{R}=134
TX826,TX,826,noevembR=134
TX827,TX,827,noevembR=314
TX828,TX,828,noevimb[R]=314
TX829,TX,829,noevemb{R}=314
TX830,TX,830,noevimbR=314
TX831,TX,831,noevembR=134
TX832,TX,832,noevemb[R]=134
TX833,TX,833,noevemb{R}=314
TX834,TX,834,noevimbR=214
TX835,TX,835,noevem{b}{R}=314
TX836,TX,836,noevemb{R}=134
TX837,TX,837,noevembR=314
TX838,TX,838,-
TX839,TX,839,noevem(b)R=134
TX840,TX,840,noevimbR=314
TX841,TX,841,-
TX842,TX,842,noevembR=134
TX843,TX,843,noevimbR=314
TX844,TX,844,noevembR=314
TX845,TX,845,-
TX846,TX,846,noevemb{R}=314
TX847,TX,847,-
TX848,TX,848,noevemb[R]=314
TX849,TX,849,-
TX850,TX,850,noevimbR=314
TX851,TX,851,noevimb{R}=134
TX852,TX,852,noevimbR=314
TX853,TX,853,noevembR=134
TX854,TX,854,noevimb[R]=314
TX855,TX,855,noevembR=314
TX856,TX,856,noevemb[R]=314
TX857,TX,857,noevemb{R}=314
TX858,TX,858,noevemb[R]=314
TX859,TX,859,noevimbR=314
TX860,TX,860,noevemb{R}=314
TX861,TX,861,noevemb{R}=314
TX862,TX,862,noevimbR=134
TX863,TX,863,noevimbR=314
TX864,TX,864,noevemb[R]=314
TX865,TX,865,noevemb[R]=314
TX866,TX,866,noevemb[R]=314
TX867,TX,867,noevemb{R}=314
TX868,TX,868,noevemb[R]=134
TX869,TX,869,noevemb[R]=314
TX870,TX,870,noevimbR=314
TX871,TX,871,-
TX872,TX,872,-
TX873,TX,873,noevimb[R]=314
TX874,TX,874,noevemb[R]=134
TX875,TX,875,noevimb[R]=134
TX876,TX,876,noevimbR=314
TX877,TX,877,noevembR=314
TX878,TX,878,noevembR=314
TX879,TX,879,-
TX880,TX,880,noevemb[R]=314
TX881,TX,881,noevembR=314
TX882,TX,882,noevimb[R]=314
TX883,TX,883,noevembR=314
TX884,TX,884,noevemb[R]=314
TX885,TX,885,noevembR=314
TX886,TX,886,noevembR=314
TX887,TX,887,noevimbR=314
TX888,TX,888,noevemb[R]=314
TX889,TX,889,noevemb{R}=314
TX890,TX,890,noevimbR=314
TX891,TX,891,noevembR=314
TX892,TX,892,-
TX893,TX,893,noevembR=314
TX894,TX,894,noevembR=314
TX895,TX,895,noevimbR=314
TX896,TX,896,noevemb{R}=314
TX897,TX,897,noevembR=314
TX898,TX,898,noevembR=314
TX899,TX,899,noevimbR=314
TX900,TX,900,noevemb{R}=314
TX901,TX,901,noevembR=314
TX902,TX,902,noevembR=314
TX903,TX,903,noevemb[R]=314
TX904,TX,904,noevemb[R]=314
TX905,TX,905,noevembR=314
TX906,TX,906,noevembR=314
TX907,TX,907,noevem{b}{R}=314
TX908,TX,908,noevemb{R}=314
TX909,TX,909,-
TX910,TX,910,noevemb[R]=134
TX911,TX,911,noevembR=314
