Informant,State,Informant number,Response
TN001,TN,001,-
TN002,TN,002,tenth
TN003,TN,003,-
TN004,TN,004,tenth
TN005,TN,005,-
TN006,TN,006,tenth
TN007,TN,007,tenth
TN008,TN,008,-
TN009,TN,009,tenth
TN010,TN,010,tenth
TN011,TN,011,tenth
TN012,TN,012,-
TN013,TN,013,tenth
TN014,TN,014,tenth
TN015,TN,015,tenth
TN016,TN,016,tenth
TN017,TN,017,tenth
TN018,TN,018,tenth
TN019,TN,019,tenth
TN020,TN,020,tenth
TN021,TN,021,tenth
TN022,TN,022,tenth
TN023,TN,023,tenth
TN024,TN,024,tenth
TN025,TN,025,tenth
TN026,TN,026,tenth
TN027,TN,027,tenth
TN028,TN,028,tenth
TN029,TN,029,tenth
TN030,TN,030,tenth
TN031,TN,031,tenth
TN032,TN,032,tenth
TN033,TN,033,tenth
TN034,TN,034,tenth
TN035,TN,035,tenth
TN036,TN,036,tinth
TN037,TN,037,tenth
TN038,TN,038,-
TN039,TN,039,tinth
TN040,TN,040,tinth
TN041,TN,041,tenth
TN042,TN,042,tent
TN043,TN,043,tenth
TN044,TN,044,tenth
TN045,TN,045,tinth
TN046,TN,046,tenth
TN047,TN,047,tinth
TN048,TN,048,tenth
TN049,TN,049,tenth
TN050,TN,050,ten(th)
TN051,TN,051,tinth
TN052,TN,052,-
TN053,TN,053,tenth
TN054,TN,054,-
TN055,TN,055,tinth
TN056,TN,056,ti[n]th
TN057,TN,057,tinth
TN058,TN,058,tinth
TN059,TN,059,tenth
TN060,TN,060,tenth
GA061,GA,061,tenth
GA062,GA,062,te(n)ths
GA063,GA,063,-
GA064,GA,064,tenth
GA065,GA,065,ten(th)
GA066,GA,066,-
GA067,GA,067,tinth
GA068,GA,068,-
GA069,GA,069,-
GA070,GA,070,tent
GA071,GA,071,tint
GA072,GA,072,tenth
GA073,GA,073,tinth
GA074,GA,074,tinth
GA075,GA,075,tinth
GA076,GA,076,tenth
GA077,GA,077,-
GA078,GA,078,tinth
GA079,GA,079,tenth
GA080,GA,080,-
GA081,GA,081,tenth
GA082,GA,082,-
GA083,GA,083,tenth
GA084,GA,084,tent
GA085,GA,085,tinth
GA086,GA,086,tenth
GA087,GA,087,tinth
GA088,GA,088,tinth
GA089,GA,089,tin(th)
GA090,GA,090,tinth
GA091,GA,091,tinth
GA092,GA,092,-
GA093,GA,093,tinth
GA094,GA,094,-
GA095,GA,095,tinth
GA096,GA,096,tinth
GA097,GA,097,tinth
GA098,GA,098,-
GA099,GA,099,tinth
GA100,GA,100,tenth
GA101,GA,101,tinth
GA102,GA,102,tinth
GA103,GA,103,tinth
GA104,GA,104,tenth
GA105,GA,105,tenth
GA106,GA,106,tenth
GA107,GA,107,-
GA108,GA,108,tenth
GA109,GA,109,tinth
GA110,GA,110,-
GA111,GA,111,tinth
GA112,GA,112,tinth
GA113,GA,113,tenth
GA114,GA,114,-
GA115,GA,115,-
GA116,GA,116,tenth
GA117,GA,117,tenth
GA118,GA,118,tinth
GA119,GA,119,ti[n]th
GA120,GA,120,tinth
GA121,GA,121,tenth
GA122,GA,122,tinth
GA123,GA,123,-
GA124,GA,124,tinth
GA125,GA,125,-
GA126,GA,126,tenth
GA127,GA,127,-
GA128,GA,128,tenth
GA129,GA,129,-
GA130,GA,130,tenth
GA131,GA,131,tenth
GA132,GA,132,-
GA133,GA,133,tinth
GA134,GA,134,tent
GA135,GA,135,tenth
GA136,GA,136,tinth
GA137,GA,137,tinth
GA138,GA,138,tint
GA139,GA,139,tinth
GA140,GA,140,tin(th)
GA141,GA,141,tinth
GA142,GA,142,tenth
GA143,GA,143,tenth
GA144,GA,144,tinth
GA145,GA,145,-
GA146,GA,146,tenth
GA147,GA,147,tenth
GA148,GA,148,tent
GA149,GA,149,tents
GA150,GA,150,tenth
GA151,GA,151,tinth
GA152,GA,152,tinth
GA153,GA,153,-
GA154,GA,154,-
GA155,GA,155,-
GA156,GA,156,-
GA157,GA,157,-
GA158,GA,158,-
GA159,GA,159,tenth
GA160,GA,160,tenth
GA161,GA,161,tenth
GA162,GA,162,tinth
GA163,GA,163,tinth
GA164,GA,164,tinth
GA165,GA,165,-
GA166,GA,166,ten(th)
GA167,GA,167,tenth
GA168,GA,168,-
GA169,GA,169,-
GA170,GA,170,tinth
GA171,GA,171,tinth
GA172,GA,172,tinth
GA173,GA,173,-
GA174,GA,174,-
GA175,GA,175,-
GA176,GA,176,tenth
GA177,GA,177,-
GA178,GA,178,-
GA179,GA,179,-
GA180,GA,180,tenth
GA181,GA,181,-
GA182,GA,182,-
GA183,GA,183,tinth
GA184,GA,184,-
GA185,GA,185,tenth
GA186,GA,186,tenth
GA187,GA,187,-
GA188,GA,188,tint
GA189,GA,189,tinth
GA190,GA,190,tenth
GA191,GA,191,tenth
GA192,GA,192,ten(th)
GA193,GA,193,tenth
GA194,GA,194,tinth
GA195,GA,195,-
GA196,GA,196,-
GA197,GA,197,-
GA198,GA,198,-
GA199,GA,199,-
GA200,GA,200,tenth
GA201,GA,201,tinth
GA202,GA,202,-
GA203,GA,203,tent
GA204,GA,204,-
GA205,GA,205,-
GA206,GA,206,tenth
GA207,GA,207,tin(th)
GA208,GA,208,tinth
GA209,GA,209,tinth
GA210,GA,210,tenth
GA211,GA,211,-
GA212,GA,212,tinth
GA213,GA,213,-
GA214,GA,214,tenth
GA215,GA,215,-
GA216,GA,216,tinth
GA217,GA,217,tinth
GA218,GA,218,-
GA219,GA,219,-
GA220,GA,220,tenth
GA221,GA,221,tenth
GA222,GA,222,-
GA223,GA,223,tenth
GA224,GA,224,-
GA225,GA,225,-
FL226,FL,226,-
FL227,FL,227,tinth
FL228,FL,228,-
FL229,FL,229,tinth
FL230,FL,230,ten(th)
FL231,FL,231,tenth
FL232,FL,232,tinth
FL233,FL,233,tenth
FL234,FL,234,tenth
FL235,FL,235,-
FL236,FL,236,tinth
FL237,FL,237,ten(th)
FL238,FL,238,tenth
FL239,FL,239,tinth
FL240,FL,240,tinth
FL241,FL,241,-
FL242,FL,242,tenth
FL243,FL,243,tinth
FL244,FL,244,-
FL245,FL,245,tenth
FL246,FL,246,tenth
FL247,FL,247,tenth
FL248,FL,248,tenth
FL249,FL,249,tinth
FL250,FL,250,tenth
FL251,FL,251,-
FL252,FL,252,-
FL253,FL,253,tinth
FL254,FL,254,tenth
FL255,FL,255,-
FL256,FL,256,tenth
FL257,FL,257,tenth
FL258,FL,258,te(n)th
FL259,FL,259,tenth
FL260,FL,260,-
FL261,FL,261,tenth
FL262,FL,262,-
FL263,FL,263,-
FL264,FL,264,tinth
FL265,FL,265,tinth
FL266,FL,266,tinth
FL267,FL,267,-
FL268,FL,268,tinth
FL269,FL,269,tenth
FL270,FL,270,tinth
FL271,FL,271,tenth
FL272,FL,272,tinth
FL273,FL,273,tinth
FL274,FL,274,tenth
FL275,FL,275,tinth
FL276,FL,276,tenth
FL277,FL,277,tenth
FL278,FL,278,tenth
FL279,FL,279,tinth
FL280,FL,280,tenth
FL281,FL,281,tinth
FL282,FL,282,-
FL283,FL,283,tinth
FL284,FL,284,tenth
FL285,FL,285,tenth
FL286,FL,286,tenth
FL287,FL,287,-
FL288,FL,288,-
FL289,FL,289,tenth
TN290,TN,290,tenth
TN291,TN,291,tenth
TN292,TN,292,tenth
TN293,TN,293,tenth
TN294,TN,294,tinth
TN295,TN,295,tenth
TN296,TN,296,tent
TN297,TN,297,te[n]t
TN298,TN,298,tenth
TN299,TN,299,tenth
TN300,TN,300,tinth
TN301,TN,301,tenth
TN302,TN,302,tenth
TN303,TN,303,tenth
TN304,TN,304,tenth
TN305,TN,305,-
TN306,TN,306,tinth
TN307,TN,307,tinth
TN308,TN,308,-
TN309,TN,309,tint
TN310,TN,310,-
TN311,TN,311,tinth
TN312,TN,312,-
TN313,TN,313,-
TN314,TN,314,tinth
TN315,TN,315,tenth
TN316,TN,316,tin(th)
TN317,TN,317,tenth
TN318,TN,318,tenth
TN319,TN,319,-
TN320,TN,320,tent
TN321,TN,321,tenth
TN322,TN,322,tenth
TN323,TN,323,tenth
TN324,TN,324,tenth
TN325,TN,325,tenth
TN326,TN,326,tenth
TN327,TN,327,tenth
TN328,TN,328,tinth
TN329,TN,329,tinth
TN330,TN,330,tent
TN331,TN,331,tenth
TN332,TN,332,tinth
TN333,TN,333,tenth
TN334,TN,334,tinth
TN335,TN,335,tenth
TN336,TN,336,ten(th)
TN336,TN,336,tinth
AL337,AL,337,tenth
AL338,AL,338,tenth
AL339,AL,339,tenth
AL340,AL,340,tin(th)
AL341,AL,341,tenth
AL342,AL,342,-
AL343,AL,343,tinth
AL344,AL,344,-
AL345,AL,345,-
AL346,AL,346,te[n](th)
AL347,AL,347,tin(th)
AL348,AL,348,tinth
AL349,AL,349,tenth
AL350,AL,350,-
AL351,AL,351,tinth
AL352,AL,352,tinth
AL353,AL,353,tenth
AL353,AL,353,tinth
AL354,AL,354,tenth
AL355,AL,355,tinth
AL356,AL,356,-
AL357,AL,357,tinth
AL358,AL,358,tinth
AL359,AL,359,tenth
AL360,AL,360,tinth
AL361,AL,361,tinth
AL362,AL,362,tinth
AL363,AL,363,tenth
AL364,AL,364,tint
AL365,AL,365,tent
AL366,AL,366,-
AL367,AL,367,-
AL368,AL,368,tinth
AL369,AL,369,tinth
AL370,AL,370,-
AL371,AL,371,-
AL372,AL,372,tinth
AL373,AL,373,tinth
AL374,AL,374,tinth
AL375,AL,375,tenth
AL376,AL,376,-
AL377,AL,377,tent
AL378,AL,378,tinth
AL379,AL,379,-
AL380,AL,380,-
AL381,AL,381,tinth
AL382,AL,382,-
AL383,AL,383,tenth
AL384,AL,384,tenth
AL385,AL,385,tenth
AL386,AL,386,tenth
AL387,AL,387,tenth
AL388,AL,388,tinth
AL389,AL,389,tinth
AL390,AL,390,tinth
AL391,AL,391,tinth
AL392,AL,392,tenth
AL393,AL,393,tinth
AL394,AL,394,tenth
AL395,AL,395,tenth
AL396,AL,396,-
AL397,AL,397,tinth
AL398,AL,398,tinth
AL399,AL,399,tinth
AL400,AL,400,tenth
AL401,AL,401,tenth
AL402,AL,402,tent
AL402,AL,402,tenth
AL403,AL,403,tinth
AL404,AL,404,tint
AL405,AL,405,tinth
AL406,AL,406,tinth
AL407,AL,407,tenth
AL408,AL,408,tinth
AL409,AL,409,tint
AL410,AL,410,tinth
AL411,AL,411,tinth
AL412,AL,412,-
AL413,AL,413,tinth
AL414,AL,414,tenth
AL415,AL,415,tinth
AL416,AL,416,tinth
AL417,AL,417,tinth
AL418,AL,418,tinth
AL419,AL,419,tenth
AL420,AL,420,-
AL421,AL,421,ten(th)
AL422,AL,422,tenth
AL423,AL,423,tenth
AL424,AL,424,tin(th)
AL425,AL,425,-
AL426,AL,426,-
AL427,AL,427,tinth
AL428,AL,428,tinth
AL429,AL,429,-
AL430,AL,430,tinth
AL431,AL,431,tinth
AL432,AL,432,-
AL433,AL,433,tinth
AL434,AL,434,ten(th)
AL435,AL,435,tenth
AL436,AL,436,tinth
AL437,AL,437,tenth
AL438,AL,438,ten(th)
AL439,AL,439,tinth
AL440,AL,440,tenth
AL441,AL,441,tinth
AL442,AL,442,tinth
AL443,AL,443,tinth
AL444,AL,444,-
AL445,AL,445,-
AL446,AL,446,tenth
AL447,AL,447,tenth
AL448,AL,448,tinth
AL449,AL,449,tenth
AL450,AL,450,tinth
AL451,AL,451,tenth
FL452,FL,452,tinth
FL453,FL,453,-
FL454,FL,454,tent
FL455,FL,455,tinth
FL456,FL,456,tenth
FL457,FL,457,tenth
FL458,FL,458,tinth
FL459,FL,459,-
FL460,FL,460,tenth
FL461,FL,461,tinth
FL462,FL,462,tinth
FL463,FL,463,-
FL464,FL,464,tenth
FL465,FL,465,tinth
FL466,FL,466,tinth
FL467,FL,467,-
FL468,FL,468,tenth
FL469,FL,469,tenth
FL470,FL,470,-
FL471,FL,471,tenth
AL472,AL,472,tinth
AL473,AL,473,tent
AL474,AL,474,tinth
AL475,AL,475,tenth
AL476,AL,476,tenth
AL477,AL,477,tin(th)
AL478,AL,478,tint
AL479,AL,479,-
AL480,AL,480,tenth
AL481,AL,481,tinth
AL482,AL,482,tenth
AL483,AL,483,tinth
AL484,AL,484,tinth
AL485,AL,485,tinth
TN486,TN,486,-
TN487,TN,487,-
TN488,TN,488,tenth
TN489,TN,489,tenth
TN490,TN,490,tenth
TN491,TN,491,-
TN492,TN,492,-
TN493,TN,493,-
TN494,TN,494,-
TN495,TN,495,tenth
TN496,TN,496,tenth
TN497,TN,497,-
TN498,TN,498,tinth
TN499,TN,499,tenth
TN500,TN,500,-
TN501,TN,501,tinth
TN502,TN,502,tinth
TN503,TN,503,-
TN504,TN,504,tinth
TN505,TN,505,tent
TN506,TN,506,tinth
TN507,TN,507,-
TN508,TN,508,tenth
TN509,TN,509,-
TN510,TN,510,-
TN511,TN,511,-
TN512,TN,512,tent
TN513,TN,513,tenth
TN514,TN,514,tenth
TN515,TN,515,tinth
TN516,TN,516,tinth
TN517,TN,517,tinth
TN518,TN,518,tenth
TN519,TN,519,tenth
MS520,MS,520,-
MS521,MS,521,tenth
MS522,MS,522,tinth
MS523,MS,523,tinth
MS524,MS,524,tinth
MS525,MS,525,tinth
MS526,MS,526,-
MS527,MS,527,tinth
MS528,MS,528,-
MS529,MS,529,-
MS530,MS,530,-
MS531,MS,531,tinth
MS532,MS,532,tinth
MS533,MS,533,tinth
MS534,MS,534,tinth
MS535,MS,535,-
MS536,MS,536,tenth
MS537,MS,537,tenth
MS538,MS,538,tenth
MS539,MS,539,tenth
MS540,MS,540,tenth
MS541,MS,541,-
MS542,MS,542,-
MS543,MS,543,tent
MS543,MS,543,tenth
MS544,MS,544,tenth
MS545,MS,545,tenth
MS546,MS,546,-
MS547,MS,547,tinth
MS548,MS,548,tinth
MS549,MS,549,tenth
MS550,MS,550,-
MS551,MS,551,tenth
MS552,MS,552,-
MS553,MS,553,-
MS554,MS,554,-
MS555,MS,555,-
MS556,MS,556,tinth
MS557,MS,557,tinth
MS558,MS,558,tinth
MS559,MS,559,-
MS560,MS,560,-
MS561,MS,561,tenth
MS562,MS,562,tenth
MS563,MS,563,tenth
MS564,MS,564,tenth
MS565,MS,565,tinth
MS566,MS,566,tinth
MS567,MS,567,-
MS568,MS,568,-
MS569,MS,569,tenth
MS570,MS,570,tinth
MS571,MS,571,tin(th)
MS572,MS,572,tinth
MS573,MS,573,tinth
MS574,MS,574,tenth
MS575,MS,575,tenth
MS576,MS,576,tenth
MS577,MS,577,tenth
MS578,MS,578,tenth
MS579,MS,579,tinth
MS580,MS,580,-
MS581,MS,581,tenth
MS582,MS,582,tent
MS583,MS,583,tenth
MS584,MS,584,tenth
MS585,MS,585,tent
MS586,MS,586,-
MS587,MS,587,-
MS588,MS,588,tinth
MS589,MS,589,-
MS590,MS,590,tinth
MS591,MS,591,tenth
MS592,MS,592,tenth
MS593,MS,593,ten(th)
MS594,MS,594,tenth
MS595,MS,595,tinth
MS596,MS,596,tinth
MS597,MS,597,tinth
MS598,MS,598,-
MS599,MS,599,tenth
MS600,MS,600,tint
MS601,MS,601,tinth
MS602,MS,602,tinth
MS603,MS,603,-
MS604,MS,604,-
MS605,MS,605,tinth
MS606,MS,606,-
MS607,MS,607,tenth
MS608,MS,608,tenth
MS609,MS,609,tinth
MS610,MS,610,tinth
MS611,MS,611,tenth
MS612,MS,612,tinth
MS613,MS,613,tinth
MS614,MS,614,-
MS615,MS,615,tenth
MS616,MS,616,tenth
MS617,MS,617,tinth
MS618,MS,618,-
MS619,MS,619,-
MS620,MS,620,tinth
MS621,MS,621,tent
MS622,MS,622,tenth
MS623,MS,623,tinth
MS624,MS,624,tenth
MS625,MS,625,tenth
MS626,MS,626,-
MS627,MS,627,tinth
MS628,MS,628,tinth
MS629,MS,629,tinth
LA630,LA,630,tinth
LA631,LA,631,-
LA632,LA,632,tinth
LA633,LA,633,tinth
LA634,LA,634,tinth
LA635,LA,635,tinth
LA636,LA,636,tinth
LA637,LA,637,tinth
LA638,LA,638,tinth
LA639,LA,639,tenth
LA640,LA,640,tinth
LA641,LA,641,tenth
LA642,LA,642,-
LA643,LA,643,tinth
LA644,LA,644,-
LA645,LA,645,tenth
LA646,LA,646,tenth
LA647,LA,647,-
LA648,LA,648,tenth
LA649,LA,649,tenth
LA650,LA,650,tenth
LA651,LA,651,-
LA652,LA,652,tenth
LA653,LA,653,ten(th)
LA654,LA,654,tinth
LA655,LA,655,tenth
LA656,LA,656,tenth
LA657,LA,657,tenth
LA657X,LA,657X,tenth
LA657Y,LA,657Y,tenth
LA657Z,LA,657Z,tenth
LA658,LA,658,tent
LA659,LA,659,tent
LA660,LA,660,tint
LA661,LA,661,tinth
LA662,LA,662,tenth
LA663,LA,663,-
LA664,LA,664,-
LA665,LA,665,tenth
LA666,LA,666,ten(th)
LA667,LA,667,tent
LA668,LA,668,tinth
LA669,LA,669,tinth
LA670,LA,670,tinth
LA671,LA,671,tinth
LA672,LA,672,ten(th)
LA673,LA,673,tenth
AR674,AR,674,tenth
AR675,AR,675,tenth
AR676,AR,676,-
AR677,AR,677,-
AR678,AR,678,tenth
AR679,AR,679,tenth
AR680,AR,680,tenth
AR681,AR,681,tinth
AR682,AR,682,tinth
AR683,AR,683,tinth
AR684,AR,684,tenth
AR685,AR,685,tinth
AR686,AR,686,tenth
AR687,AR,687,tinth
AR688,AR,688,tin(th)
AR689,AR,689,ten(th)
AR690,AR,690,tenth
AR691,AR,691,tinth
AR692,AR,692,ten(th)
AR693,AR,693,tinth
AR694,AR,694,tenth
AR695,AR,695,tinth
AR696,AR,696,tenth
AR697,AR,697,tinth
AR698,AR,698,-
AR699,AR,699,-
AR700,AR,700,tenth
AR701,AR,701,tinth
AR702,AR,702,-
AR703,AR,703,-
AR704,AR,704,tinth
AR705,AR,705,tint
AR706,AR,706,tenth
AR707,AR,707,tent
AR708,AR,708,tin(th)
AR709,AR,709,tinth
AR710,AR,710,tinth
AR711,AR,711,tinth
AR712,AR,712,tinth
AR713,AR,713,tinth
AR714,AR,714,tinth
AR715,AR,715,-
AR716,AR,716,tenth
AR717,AR,717,-
AR718,AR,718,tenth
AR719,AR,719,tenth
AR720,AR,720,tenth
AR721,AR,721,tenth
AR722,AR,722,tinth
AR723,AR,723,tenth
AR724,AR,724,tenth
AR725,AR,725,tinth
AR726,AR,726,tenth
AR727,AR,727,tinth
AR728,AR,728,tenth
AR729,AR,729,tinth
AR730,AR,730,-
AR731,AR,731,tinth
AR732,AR,732,tinth
AR733,AR,733,-
AR734,AR,734,-
AR735,AR,735,-
AR736,AR,736,-
AR737,AR,737,tinth
AR738,AR,738,tinth
AR739,AR,739,-
AR740,AR,740,tinth
AR741,AR,741,tenth
AR742,AR,742,-
AR743,AR,743,-
AR744,AR,744,-
AR745,AR,745,-
AR746,AR,746,tenth
AR747,AR,747,tenth
AR748,AR,748,tint
AR749,AR,749,tinth
AR750,AR,750,tenth
AR751,AR,751,tinth
AR752,AR,752,tenth
AR753,AR,753,tinth
AR754,AR,754,tinth
AR755,AR,755,-
LA756,LA,756,tinth
LA757,LA,757,tent
LA758,LA,758,tint
LA759,LA,759,-
LA760,LA,760,tinth
LA761,LA,761,tint
LA762,LA,762,-
LA763,LA,763,-
LA764,LA,764,tenth
LA765,LA,765,tinth
LA766,LA,766,ten(th)
LA767,LA,767,tinth
LA768,LA,768,tin(th)
LA769,LA,769,tainth
LA770,LA,770,tenth
LA771,LA,771,tint
LA772,LA,772,tinth
LA773,LA,773,tenth
LA774,LA,774,-
LA775,LA,775,tenth
LA776,LA,776,tenth
LA777,LA,777,tinth
LA778,LA,778,tinth
LA779,LA,779,tenth
LA780,LA,780,tinth
LA781,LA,781,-
LA782,LA,782,-
LA783,LA,783,tinth
LA784,LA,784,tenth
LA785,LA,785,tenth
LA786,LA,786,tinth
LA787,LA,787,tinth
LA788,LA,788,tinth
LA789,LA,789,tenth
LA790,LA,790,-
LA791,LA,791,tinth
LA792,LA,792,ten(th)
LA793,LA,793,tinth
LA794,LA,794,tenth
LA795,LA,795,tinth
LA796,LA,796,tinth
LA797,LA,797,tenth
LA798,LA,798,tenth
LA799,LA,799,tenth
LA800,LA,800,tinth
LA801,LA,801,tenth
LA802,LA,802,tinth
LA803,LA,803,-
LA804,LA,804,-
LA805,LA,805,tenth
LA806,LA,806,tent
LA807,LA,807,te[n]th
LA808,LA,808,tent
LA809,LA,809,tinth
LA810,LA,810,tent
LA811,LA,811,tent
LA812,LA,812,tent
LA813,LA,813,tinth
LA814,LA,814,tenth
LA815,LA,815,tenth
LA816,LA,816,tinth
LA817,LA,817,tinth
TX818,TX,818,-
TX819,TX,819,tenth
TX820,TX,820,tenth
TX821,TX,821,tinth
TX822,TX,822,tenth
TX823,TX,823,tinth
TX824,TX,824,tenth
TX825,TX,825,ten(th)
TX826,TX,826,tenth
TX827,TX,827,tenth
TX828,TX,828,tinth
TX829,TX,829,tenth
TX830,TX,830,tenth
TX831,TX,831,tenth
TX832,TX,832,-
TX833,TX,833,tenth
TX834,TX,834,tinth
TX835,TX,835,tenth
TX836,TX,836,tenth
TX837,TX,837,-
TX838,TX,838,tenth
TX839,TX,839,tenth
TX840,TX,840,tinth
TX841,TX,841,-
TX842,TX,842,tenth
TX843,TX,843,tinth
TX844,TX,844,tenth
TX845,TX,845,-
TX846,TX,846,tenth
TX847,TX,847,tenth
TX848,TX,848,tenth
TX849,TX,849,-
TX850,TX,850,-
TX851,TX,851,tenth
TX852,TX,852,tinth
TX853,TX,853,tenth
TX854,TX,854,tinth
TX855,TX,855,tenth
TX856,TX,856,tinth
TX857,TX,857,tent
TX857,TX,857,tenth
TX858,TX,858,tenth
TX859,TX,859,tinth
TX860,TX,860,tent
TX860,TX,860,tenth
TX861,TX,861,tenth
TX862,TX,862,tinth
TX863,TX,863,tenth
TX864,TX,864,tenth
TX865,TX,865,tenth
TX866,TX,866,tinth
TX867,TX,867,tenth
TX868,TX,868,tenth
TX869,TX,869,tenth
TX870,TX,870,tinth
TX871,TX,871,tenth
TX872,TX,872,tenth
TX873,TX,873,-
TX874,TX,874,tint
TX875,TX,875,tenth
TX876,TX,876,tinth
TX877,TX,877,tenth
TX878,TX,878,-
TX879,TX,879,tent
TX880,TX,880,tinth
TX881,TX,881,-
TX882,TX,882,tinth
TX883,TX,883,tenth
TX884,TX,884,-
TX885,TX,885,tenth
TX886,TX,886,tenth
TX887,TX,887,tinth
TX888,TX,888,tent
TX889,TX,889,tenth
TX890,TX,890,tinth
TX891,TX,891,tenth
TX892,TX,892,-
TX893,TX,893,tenth
TX894,TX,894,tenth
TX895,TX,895,ti[n]th
TX896,TX,896,tenth
TX897,TX,897,tent
TX898,TX,898,tenth
TX899,TX,899,tinth
TX900,TX,900,tenth
TX901,TX,901,tenth
TX902,TX,902,tenth
TX903,TX,903,tenth
TX904,TX,904,tenth
TX905,TX,905,tenth
TX906,TX,906,tenth
TX907,TX,907,tenth
TX908,TX,908,tenth
TX909,TX,909,-
TX910,TX,910,tenth
TX911,TX,911,tenth
