Informant,State,Informant number,Response
TN001,TN,001,thowzN(d)z=14
TN002,TN,002,thowzN{?}=14
TN003,TN,003,thowzN(d)=14
TN004,TN,004,thowzN(d)=14
TN005,TN,005,thowzN(d)=14
TN006,TN,006,thowzN(d)=14
TN007,TN,007,thowzN(d)=14
TN008,TN,008,-
TN009,TN,009,thowzN(d)=14
TN010,TN,010,thowzN(d)=14
TN011,TN,011,thowzN(d)=14
TN012,TN,012,thowzN(d)=14
TN013,TN,013,thowzN(d)=14
TN014,TN,014,thowzN(d)=14
TN015,TN,015,thowzN(d)=14
TN016,TN,016,thowzN(d)=14
TN017,TN,017,thowzN(d)=14
TN018,TN,018,thowzN(d)=14
TN019,TN,019,thowzN(d)=14
TN020,TN,020,thowzN(d)=14
TN021,TN,021,thowzN(d)=14
TN022,TN,022,thowzN(d)=14
TN023,TN,023,thowzN(d)=14
TN024,TN,024,thowzN(d)=14
TN025,TN,025,thowzN(d)z=14
TN026,TN,026,thowzN(d)=14
TN027,TN,027,thowzNd=14
TN028,TN,028,thowzN(d)=14
TN029,TN,029,-
TN030,TN,030,thowzNd=14
TN031,TN,031,thowzNd=14
TN032,TN,032,thowzN(d)=14
TN033,TN,033,-
TN034,TN,034,thowzN(d)=14
TN035,TN,035,thowzN(d)=14
TN036,TN,036,thowzN(d)=14
TN037,TN,037,thowzN(d)=14
TN038,TN,038,thowzN(d)=14
TN039,TN,039,thowzN(d)=14
TN040,TN,040,thowzN(d)=14
TN041,TN,041,thowzN(d)=14
TN042,TN,042,thowzN(d)=14
TN043,TN,043,thowzN(d)=14
TN044,TN,044,thowzN(d)=14
TN045,TN,045,thowzN(d)=14
TN046,TN,046,thowzN(d)=14
TN047,TN,047,thowzN(d)=14
TN048,TN,048,thowzN(d)=14
TN049,TN,049,thowzN(d)=14
TN050,TN,050,thowzN(d)=14
TN051,TN,051,thowzN(d)=14
TN052,TN,052,-
TN053,TN,053,thowzN(d)=14
TN054,TN,054,-
TN055,TN,055,thowzN(d)=14
TN056,TN,056,thowzN(d)=14
TN057,TN,057,thowzN(d)=14
TN058,TN,058,thowzN(d)=14
TN059,TN,059,thowzN(d)=14
TN060,TN,060,thowzN(d)=14
GA061,GA,061,thowzN(d)=14
GA062,GA,062,thowzN(d)=14
GA063,GA,063,thowzN(d)=14
GA064,GA,064,thowzN(d)=14
GA065,GA,065,thowzN(d)=14
GA066,GA,066,-
GA067,GA,067,-
GA068,GA,068,thowzN(d)=14
GA069,GA,069,thowzN(d)=14
GA070,GA,070,thowzN(d)=14
GA071,GA,071,dhowzN(d)=14
GA072,GA,072,-
GA073,GA,073,thowzN(d)=14
GA074,GA,074,thowzN(d)=14
GA075,GA,075,thowzN(d)=14
GA076,GA,076,thowzN(d)=14
GA076,GA,076,thow{?}N(d)=14
GA077,GA,077,thowzhN(d)=14
GA078,GA,078,thowzN(d)=14
GA079,GA,079,thowzN(d)=14
GA080,GA,080,thowzN(d)=14
GA081,GA,081,-
GA082,GA,082,thowzN(d)=14
GA083,GA,083,thowzN(d)=14
GA084,GA,084,thowzN(d)=14
GA085,GA,085,thowzN(d)=14
GA086,GA,086,thowzN(d)=14
GA087,GA,087,thowzN(d)=14
GA088,GA,088,thowzN(d)=14
GA089,GA,089,thowzN(d)=14
GA090,GA,090,-
GA091,GA,091,thowzN(d)=14
GA092,GA,092,-
GA093,GA,093,thowdhN(d)=14
GA094,GA,094,thowzN(d)=14
GA095,GA,095,thowzhN(d)=14
GA096,GA,096,thowzN(d)=14
GA097,GA,097,thowzN(d)=14
GA098,GA,098,-
GA099,GA,099,thowzN(d)=14
GA100,GA,100,thowzN(d)=14
GA101,GA,101,thowzN(d)=14
GA102,GA,102,thowzN(d)=14
GA103,GA,103,thowzNd=14
GA104,GA,104,thowzN(d)=14
GA105,GA,105,thowzN(d)=14
GA106,GA,106,thowzN(d)=14
GA107,GA,107,thowzN(d)=14
GA108,GA,108,thowzN(d)=14
GA109,GA,109,thowzN(d)=14
GA110,GA,110,thowzN(d)=14
GA111,GA,111,thowsN(d)=14
GA112,GA,112,thowzN(d)=14
GA113,GA,113,thowzN(d)=14
GA114,GA,114,thowzN(d)=14
GA115,GA,115,thowzN(d)=14
GA116,GA,116,-
GA117,GA,117,thowzN(d)=14
GA118,GA,118,thowzN(d)=14
GA119,GA,119,thowzN(d)=14
GA120,GA,120,thowzN(d)=14
GA121,GA,121,thowzN(d)=14
GA122,GA,122,thowzN(d)=14
GA123,GA,123,thowzN(d)=14
GA124,GA,124,thowzN(d)=14
GA125,GA,125,thowzN(d)=14
GA126,GA,126,thowzN(d)=14
GA127,GA,127,thowzN(d)=14
GA128,GA,128,thowzN(d)=14
GA129,GA,129,thowzN(d)=14
GA130,GA,130,thowzN(d)=14
GA131,GA,131,thowzN(d)=14
GA132,GA,132,thowzNd=14
GA133,GA,133,thowzN(d)=14
GA134,GA,134,thowzN(d)=14
GA135,GA,135,thowzN(d)=14
GA136,GA,136,thowzN(d)=14
GA137,GA,137,thowzN(d)=14
GA138,GA,138,thowzN(d)=14
GA139,GA,139,thowzN(d)=14
GA140,GA,140,thowzN(d)=14
GA141,GA,141,thowzN(d)=14
GA142,GA,142,thowzN(d)z=14
GA143,GA,143,thowzN(d)=14
GA144,GA,144,thowzN(d)=14
GA145,GA,145,thowzN(d)z=14
GA146,GA,146,thowzN(d)=14
GA147,GA,147,thowzN(d)=14
GA148,GA,148,thowzN(d)=14
GA149,GA,149,thowzN(d)=14
GA150,GA,150,thowzN(d)=14
GA151,GA,151,thowzN(d)=14
GA152,GA,152,thowzN(d)=14
GA153,GA,153,thowzN(d)=14
GA154,GA,154,thowzN(d)=14
GA155,GA,155,thowzN(d)=14
GA156,GA,156,thowdN(d)=14
GA157,GA,157,thowzN(d)=14
GA158,GA,158,thowzN(d)=14
GA159,GA,159,thowzN(d)=14
GA160,GA,160,thowzN(d)=14
GA161,GA,161,thowzN(d)=14
GA162,GA,162,thowzN(d)=14
GA163,GA,163,thowzN(d)=14
GA164,GA,164,thowzN(d)=14
GA165,GA,165,-
GA166,GA,166,thowzN(d)=14
GA167,GA,167,thowzN(d)=14
GA168,GA,168,thowzN(d)=14
GA169,GA,169,-
GA170,GA,170,thowdN(d)=14
GA171,GA,171,thowzN(d)=14
GA172,GA,172,thowzN(d)=14
GA173,GA,173,thowzN(d)=14
GA174,GA,174,thowzN(d)=14
GA175,GA,175,thowzN(d)z=14
GA176,GA,176,thowzN(d)=14
GA177,GA,177,thowzNd=14
GA178,GA,178,thowzN(d)=14
GA179,GA,179,thowzN(d)=14
GA180,GA,180,thowzN(d)=14
GA181,GA,181,thowzN(d)=14
GA182,GA,182,thowzN(d)=14
GA183,GA,183,thowzN(d)=14
GA184,GA,184,thowzN(d)=14
GA185,GA,185,thowzNd=14
GA186,GA,186,thowzN(d)=14
GA187,GA,187,thowzN(d)=14
GA188,GA,188,thowzN(d)=14
GA189,GA,189,thowzN(d)=14
GA190,GA,190,thowzN(d)=14
GA191,GA,191,thowzN(d)=14
GA192,GA,192,thowzN(d)=14
GA193,GA,193,thowzN(d)=14
GA194,GA,194,-
GA195,GA,195,-
GA196,GA,196,thowzN(d)=14
GA197,GA,197,thowzN(d)=14
GA198,GA,198,thowzN(d)=14
GA199,GA,199,thowzhN(d)=14
GA200,GA,200,thowzN(d)=14
GA201,GA,201,thowzN(d)=14
GA202,GA,202,thowzN(d)=14
GA203,GA,203,-
GA204,GA,204,thowzN(d)=14
GA205,GA,205,-
GA206,GA,206,thowzN(d)=14
GA207,GA,207,thowzN(d)=14
GA208,GA,208,thowzN(d)=14
GA209,GA,209,thowzN(d)=14
GA210,GA,210,thowzN(d)=14
GA211,GA,211,thowzN(d)=14
GA212,GA,212,thowzN(d)=14
GA213,GA,213,thowzN(d)=14
GA214,GA,214,thowzN(d)=14
GA215,GA,215,-
GA216,GA,216,thowzN(d)=14
GA217,GA,217,thowzN(d)=14
GA218,GA,218,thowzN(d)=14
GA219,GA,219,thowsN(d)=14
GA220,GA,220,thowzN(d)=14
GA221,GA,221,thowzN(d)z=14
GA222,GA,222,thowzN(d)=14
GA223,GA,223,thowzN(d)=14
GA224,GA,224,thowdhN(d)=14
GA225,GA,225,thowzN(d)=14
FL226,FL,226,thowzN(d)=14
FL227,FL,227,dhowzN(d)=14
FL228,FL,228,thowzN(d)=14
FL229,FL,229,thowzNd=14
FL230,FL,230,thowzNd=14
FL231,FL,231,thowzN(d)=14
FL232,FL,232,thowzN(d)=14
FL233,FL,233,thowzN(d)=14
FL234,FL,234,thow{?}N(d)=14
FL235,FL,235,thowzN(d)=14
FL236,FL,236,thowzN(d)=14
FL237,FL,237,thowzN(d)=14
FL238,FL,238,thowzN(d)=14
FL239,FL,239,thowzN(d)=14
FL240,FL,240,thowzN(d)=14
FL241,FL,241,-
FL242,FL,242,thowzN(d)=14
FL243,FL,243,thowzN(d)=14
FL244,FL,244,thowzN(d)=14
FL245,FL,245,thowzN(d)=14
FL245,FL,245,thowdN(d)=14
FL246,FL,246,thowzN(d)=14
FL247,FL,247,thowzN(d)=14
FL248,FL,248,thowzN(d)z=14
FL249,FL,249,-
FL250,FL,250,thowzN(d)=14
FL251,FL,251,thowzN(d)=14
FL252,FL,252,thowzN(d)=14
FL253,FL,253,thowzN(d)=14
FL254,FL,254,thowzN(d)=14
FL255,FL,255,-
FL256,FL,256,thowzN(d)=14
FL257,FL,257,thowzN(d)=14
FL258,FL,258,thowzN(d)=14
FL259,FL,259,thowzNd=14
FL260,FL,260,-
FL261,FL,261,thowzN(d)=14
FL262,FL,262,thowzN(d)=14
FL263,FL,263,thowzN(d)=14
FL264,FL,264,thowzN(d)=14
FL265,FL,265,thowzN(d)=14
FL266,FL,266,thowzN(d)=14
FL267,FL,267,-
FL268,FL,268,thowzN(d)=14
FL269,FL,269,thowzN(d)=14
FL269,FL,269,thowdhN(d)=14
FL270,FL,270,thowzN(d)=14
FL271,FL,271,thowzundz=13
FL272,FL,272,thowzNd=14
FL273,FL,273,thowzN(d)=14
FL274,FL,274,thowzN(d)z=14
FL275,FL,275,thowzN(d)=14
FL276,FL,276,thowzN(d)=14
FL277,FL,277,thowzN(d)=14
FL278,FL,278,thowzN(d)=14
FL279,FL,279,thowzN(d)=14
FL280,FL,280,thowzN(d)=14
FL281,FL,281,dhowzN(d)=14
FL282,FL,282,-
FL283,FL,283,thowzN(d)=14
FL283,FL,283,thowdhN(d)=14
FL284,FL,284,thowzN(d)=14
FL285,FL,285,thowzN(d)=14
FL286,FL,286,thowzN(d)=14
FL287,FL,287,-
FL288,FL,288,thowzN(d)=14
FL289,FL,289,thowzN(d)=14
FL289,FL,289,thowzNd=14
TN290,TN,290,thowzN(d)=14
TN291,TN,291,thowzN(d)=14
TN292,TN,292,thowzN(d)=14
TN293,TN,293,thowzN(d)=14
TN294,TN,294,thowzN(d)=14
TN295,TN,295,thowzN(d)=14
TN296,TN,296,thowzN(d)=14
TN297,TN,297,thowzN(d)=14
TN298,TN,298,-
TN299,TN,299,thowzNd=14
TN300,TN,300,thowzN(d)=14
TN301,TN,301,thowzN(d)=14
TN302,TN,302,thowzN(d)=14
TN303,TN,303,thowzN(d)=14
TN304,TN,304,thowzN(d)=14
TN305,TN,305,-
TN306,TN,306,thowzN(d)=14
TN307,TN,307,thowzN(d)=14
TN308,TN,308,-
TN309,TN,309,thowzN(d)=14
TN310,TN,310,thowzN(d)=14
TN311,TN,311,thowzN(d)=14
TN312,TN,312,thowzN(d)=14
TN313,TN,313,-
TN314,TN,314,thowzN(d)=14
TN315,TN,315,-
TN316,TN,316,thowzN(d)=14
TN317,TN,317,thowzN(d)=14
TN318,TN,318,thowzN(d)=14
TN319,TN,319,-
TN320,TN,320,thowzN(d)=14
TN321,TN,321,thowzN(d)=14
TN322,TN,322,thowzN(d)=14
TN323,TN,323,thowzN(d)=14
TN324,TN,324,thowzN(d)=14
TN325,TN,325,thowzN(d)=14
TN326,TN,326,thowzN(d)=14
TN327,TN,327,thowzN(d)=14
TN328,TN,328,thowzN(d)=14
TN329,TN,329,thowzN(d)=14
TN330,TN,330,thowzN(d)=14
TN331,TN,331,thowzNd=14
TN332,TN,332,thowzN(d)=14
TN333,TN,333,thowzN(d)=14
TN334,TN,334,thowzN(d)z=14
TN335,TN,335,thowzN(d)=14
TN336,TN,336,thowzN(d)=14
AL337,AL,337,thowzNd=14
AL338,AL,338,thowzN(d)=14
AL339,AL,339,thowzN(d)=14
AL340,AL,340,thowzN(d)=14
AL341,AL,341,thowzN(d)=14
AL342,AL,342,-
AL343,AL,343,-
AL344,AL,344,-
AL345,AL,345,thowzN(d)=14
AL346,AL,346,thowzN(d)=14
AL347,AL,347,-
AL348,AL,348,thowzN(d)=14
AL349,AL,349,thow{?}N(d)=14
AL350,AL,350,thowzN(d)=14
AL351,AL,351,thowzN(d)=14
AL352,AL,352,thowzNd=14
AL353,AL,353,thowzN(d)=14
AL354,AL,354,thowzN(d)=14
AL355,AL,355,-
AL356,AL,356,thowzN(d)=14
AL357,AL,357,thowzN(d)=14
AL358,AL,358,thowzN(d)=14
AL359,AL,359,thowzN(d)=14
AL360,AL,360,thowzN(d)=14
AL361,AL,361,thowzN(d)=14
AL362,AL,362,thowzN(d)=14
AL363,AL,363,thowzN(d)=14
AL364,AL,364,thowzN(d)=14
AL365,AL,365,thowzN(d)=14
AL366,AL,366,thowzN(d)=14
AL367,AL,367,thowzN(d)=14
AL368,AL,368,thowzN(d)=14
AL369,AL,369,thowzN(d)=14
AL370,AL,370,-
AL371,AL,371,thowzN(d)=14
AL372,AL,372,thowzN(d)=14
AL373,AL,373,thowzN(d)=14
AL374,AL,374,thowzN(d)=14
AL375,AL,375,thowzN(d)=14
AL376,AL,376,-
AL377,AL,377,-
AL378,AL,378,thowzN(d)=14
AL379,AL,379,-
AL380,AL,380,thowzN(d)=14
AL381,AL,381,thowzN(d)=14
AL382,AL,382,thowzNd=14
AL383,AL,383,thowzN(d)=14
AL384,AL,384,thowzN(d)=14
AL385,AL,385,thowzN(d)=14
AL386,AL,386,thowzN(d)=14
AL387,AL,387,thowzN(d)=14
AL388,AL,388,thowzN(d)=14
AL389,AL,389,thowzN(d)=14
AL390,AL,390,thowzNd=14
AL391,AL,391,thowzN(d)=14
AL392,AL,392,-
AL393,AL,393,thowzN(d)=14
AL394,AL,394,thowzN(d)=14
AL395,AL,395,thowzN(d)=14
AL396,AL,396,-
AL397,AL,397,thowzN(d)=14
AL398,AL,398,thowzN(d)=14
AL399,AL,399,thowzN(d)=14
AL400,AL,400,thowzN(d)=14
AL401,AL,401,-
AL402,AL,402,thowzN(d)=14
AL403,AL,403,thowzN(d)=14
AL404,AL,404,thowzN(d)=14
AL405,AL,405,thowzN(d)=14
AL406,AL,406,thowzN(d)=14
AL407,AL,407,thowzN(d)=14
AL408,AL,408,thowzN(d)=14
AL409,AL,409,thowzN(d)=14
AL410,AL,410,thowzN(d)=14
AL411,AL,411,-
AL412,AL,412,thowzN(d)=14
AL413,AL,413,thowzN(d)=14
AL414,AL,414,thowzN(d)=14
AL415,AL,415,thowzN(d)=14
AL416,AL,416,thowzN(d)=14
AL417,AL,417,thowzN(d)z=14
AL418,AL,418,thowzN(d)=14
AL419,AL,419,thowzN(d)=14
AL420,AL,420,thowzN(d)=14
AL421,AL,421,thowzN(d)=14
AL422,AL,422,thowzN(d)=14
AL423,AL,423,thowzN(d)=14
AL424,AL,424,thowzN(d)=14
AL425,AL,425,-
AL426,AL,426,thowzN(d)=14
AL427,AL,427,thowzN(d)=14
AL428,AL,428,thowzN(d)=14
AL429,AL,429,thowzN(d)=14
AL430,AL,430,thowzN(d)=14
AL431,AL,431,thowzN(d)z=14
AL432,AL,432,-
AL433,AL,433,thowzN(d)=14
AL434,AL,434,thowzN(d)=14
AL435,AL,435,thowzN(d)=14
AL436,AL,436,thowzN(d)=14
AL437,AL,437,thowzN(d)=14
AL438,AL,438,-
AL439,AL,439,thowzN(d)=14
AL440,AL,440,-
AL441,AL,441,thowzN(d)=14
AL442,AL,442,thowdhN(d)=14
AL443,AL,443,thowzN(d)=14
AL444,AL,444,thowzN(d)=14
AL445,AL,445,thowzN(d)=14
AL446,AL,446,thowzN(d)=14
AL447,AL,447,thowzN(d)=14
AL448,AL,448,thowzN(d)=14
AL449,AL,449,thowdN(d)=14
AL450,AL,450,thowzN(d)=14
AL451,AL,451,thowzN(d)=14
FL452,FL,452,thowzN(d)=14
FL453,FL,453,thowzN(d)=14
FL454,FL,454,thowzN(d)=14
FL455,FL,455,thowzNd=14
FL456,FL,456,thowzN(d)=14
FL457,FL,457,thowzN(d)=14
FL458,FL,458,thowzN(d)=14
FL459,FL,459,-
FL460,FL,460,thowzNd=14
FL461,FL,461,thowzN(d)=14
FL462,FL,462,thowzhN(d)=14
FL463,FL,463,-
FL464,FL,464,thowzN(d)=14
FL465,FL,465,thowzN(d)=14
FL466,FL,466,thowzN(d)=14
FL467,FL,467,thowzN(d)=14
FL468,FL,468,thowzN(d)=14
FL469,FL,469,thowzN(d)=14
FL470,FL,470,thowzN(d)=14
FL471,FL,471,thowzN(d)=14
FL471,FL,471,thow{?}N(d)=14
AL472,AL,472,thowzN(d)=14
AL473,AL,473,thowzN(d)=14
AL474,AL,474,thowzN(d)=14
AL475,AL,475,thowzN(d)=14
AL476,AL,476,thowzN(d)=14
AL477,AL,477,thowzN(d)=14
AL478,AL,478,-
AL479,AL,479,thowzN(d)=14
AL480,AL,480,thowzN(d)=14
AL481,AL,481,-
AL482,AL,482,thowzN(d)z=14
AL483,AL,483,thowzN(d)=14
AL484,AL,484,thowzN(d)=14
AL485,AL,485,thowzN(d)=14
TN486,TN,486,thowzN(d)=14
TN487,TN,487,thowzN(d)=14
TN487,TN,487,thowzNd=14
TN488,TN,488,thowzN(d)=14
TN489,TN,489,thowzNd=14
TN490,TN,490,thowzN(d)=14
TN491,TN,491,-
TN492,TN,492,thowzN(d)=14
TN493,TN,493,thowzN(d)=14
TN494,TN,494,-
TN495,TN,495,thowzN(d)=14
TN496,TN,496,thowzN(d)=14
TN497,TN,497,thowzN(d)=14
TN498,TN,498,thowzN(d)=14
TN499,TN,499,thowzN(d)=14
TN500,TN,500,-
TN501,TN,501,thowzN(d)=14
TN502,TN,502,thowzN(d)=14
TN503,TN,503,thowzN(d)=14
TN504,TN,504,thowzN(d)=14
TN505,TN,505,thowzN(d)=14
TN506,TN,506,thowzN(d)=14
TN507,TN,507,-
TN508,TN,508,thowsN(d)=14
TN509,TN,509,thowdN(d)=14
TN510,TN,510,-
TN511,TN,511,-
TN512,TN,512,-
TN513,TN,513,thowzN(d)=14
TN514,TN,514,thowzN(d)=14
TN515,TN,515,thowzN(d)=14
TN516,TN,516,thowzN(d)=14
TN517,TN,517,thowzN(d)=14
TN518,TN,518,thowzN(d)=14
TN519,TN,519,thowzN(d)=14
MS520,MS,520,-
MS521,MS,521,thowzN(d)=14
MS522,MS,522,thowzN(d)=14
MS523,MS,523,-
MS524,MS,524,thowzN(d)=14
MS525,MS,525,-
MS526,MS,526,-
MS527,MS,527,thowzN(d)=14
MS528,MS,528,thowzN(d)=14
MS529,MS,529,thowdN(d)=14
MS530,MS,530,-
MS531,MS,531,thowzN(d)=14
MS532,MS,532,thowzN(d)=14
MS533,MS,533,thowzN(d)=14
MS534,MS,534,thowzN(d)=14
MS534,MS,534,thowdN(d)=14
MS535,MS,535,thowzhN(d)=14
MS536,MS,536,-
MS537,MS,537,thowzN(d)=14
MS537,MS,537,thow{?}N(d)=14
MS538,MS,538,thowzN(d)=14
MS539,MS,539,thowzN(d)=14
MS540,MS,540,thowzN(d)=14
MS541,MS,541,-
MS542,MS,542,thow{?}N(d)=14
MS543,MS,543,thowzN(d)=14
MS544,MS,544,thowzN(d)=14
MS545,MS,545,thowzNd=14
MS546,MS,546,-
MS547,MS,547,thowzN(d)=14
MS548,MS,548,thowzNd=14
MS549,MS,549,thowzN(d)=14
MS550,MS,550,-
MS551,MS,551,thowzN(d)=14
MS552,MS,552,-
MS553,MS,553,thowzN(d)=14
MS554,MS,554,-
MS555,MS,555,-
MS556,MS,556,thowzN(d)=14
MS557,MS,557,dhowzN(d)=14
MS558,MS,558,thowzN(d)=14
MS559,MS,559,thowzN(d)=14
MS560,MS,560,-
MS561,MS,561,-
MS562,MS,562,thowzN(d)=14
MS563,MS,563,thowzNd=14
MS564,MS,564,thowzN(d)=14
MS565,MS,565,thowzN(d)=14
MS566,MS,566,-
MS567,MS,567,thowzhN(d)=14
MS568,MS,568,thowzN(d)=14
MS569,MS,569,thowzN(d)=14
MS570,MS,570,thowzN(d)=14
MS571,MS,571,thowzN(d)=14
MS572,MS,572,thowzN(d)=14
MS573,MS,573,thowzN(d)=14
MS574,MS,574,thowzNt=14
MS574,MS,574,thowdhN(d)=14
MS575,MS,575,thowzN(d)=14
MS576,MS,576,thowzN(d)=14
MS577,MS,577,thow{?}N(d)=14
MS578,MS,578,thowzN(d)z=14
MS579,MS,579,thowzN(d)=14
MS580,MS,580,thowzN(d)=14
MS581,MS,581,thowzN(d)=14
MS582,MS,582,thowzN(d)=14
MS583,MS,583,thow{?}Nt=14
MS584,MS,584,thowzNd=14
MS585,MS,585,thowzN(d)=14
MS586,MS,586,-
MS587,MS,587,thowzN(d)=14
MS588,MS,588,thowzN(d)=14
MS589,MS,589,thowzN(d)=14
MS590,MS,590,thowzN(d)=14
MS591,MS,591,thowzN(d)=14
MS592,MS,592,thowzN(d)=14
MS593,MS,593,thowzN(d)=14
MS594,MS,594,thowzN(d)=14
MS595,MS,595,thowzN(d)=14
MS596,MS,596,towzN(d)=14
MS597,MS,597,thowzNd=14
MS598,MS,598,thowdN(d)=14
MS599,MS,599,thowzN(d)=14
MS600,MS,600,thowzN(d)=14
MS601,MS,601,thowzN(d)=14
MS602,MS,602,thowzN(d)=14
MS603,MS,603,thowzN(d)=14
MS604,MS,604,-
MS605,MS,605,thowzN(d)=14
MS606,MS,606,thowzN(d)=14
MS607,MS,607,thowzN(d)=14
MS608,MS,608,thowzN(d)=14
MS609,MS,609,thowzN(d)=14
MS610,MS,610,thowzN(d)=14
MS611,MS,611,thowzN(d)=14
MS612,MS,612,thowzN(d)=14
MS613,MS,613,thowzN(d)=14
MS614,MS,614,thowzN(d)=14
MS615,MS,615,thowzN(d)=14
MS616,MS,616,thowzN(d)z=14
MS617,MS,617,thowzN(d)=14
MS618,MS,618,thowzN(d)=14
MS619,MS,619,thowzN(d)=14
MS620,MS,620,thowzN(d)=14
MS621,MS,621,thowzN(d)=14
MS622,MS,622,thowzN(d)=14
MS623,MS,623,thowzNd=14
MS624,MS,624,thowzN(d)=14
MS625,MS,625,thowzN(d)=14
MS626,MS,626,thowzN(d)=14
MS627,MS,627,thowzN(d)=14
MS628,MS,628,thowzN(d)=14
MS629,MS,629,thowzN(d)=14
LA630,LA,630,thowzN(d)=14
LA631,LA,631,thowzN(d)=14
LA632,LA,632,thowzN(d)=14
LA633,LA,633,thowzN(d)=14
LA634,LA,634,thowzN(d)=14
LA635,LA,635,thowzN(d)=14
LA636,LA,636,thowzN(d)=14
LA637,LA,637,thowzN(d)=14
LA638,LA,638,thowzN(d)=14
LA639,LA,639,thowzN(d)=14
LA640,LA,640,thowzN(d)=14
LA641,LA,641,thowzN(d)=14
LA642,LA,642,thowzN(d)=14
LA643,LA,643,thowzN(d)=14
LA644,LA,644,thowzN(d)=14
LA645,LA,645,thowzNd=14
LA646,LA,646,thowzN(d)=14
LA647,LA,647,-
LA648,LA,648,thowzN(d)=14
LA649,LA,649,thowzN(d)=14
LA650,LA,650,thowzN(d)=14
LA651,LA,651,thowzN(d)=14
LA652,LA,652,thowzN(d)=14
LA653,LA,653,thowzN(d)=14
LA654,LA,654,thowzN(d)=14
LA655,LA,655,thowzN(d)=14
LA656,LA,656,thowzN(d)=14
LA657,LA,657,thowzN(d)=14
LA657X,LA,657X,thowzN(d)=14
LA657Y,LA,657Y,thowzNd=14
LA657Z,LA,657Z,thowzNd=14
LA658,LA,658,thowzN(d)=14
LA659,LA,659,thowzN(d)=14
LA660,LA,660,thowzN(d)=14
LA660,LA,660,towzN(d)=14
LA661,LA,661,thowzN(d)=14
LA662,LA,662,thowzN(d)=14
LA663,LA,663,thowzN(d)=14
LA664,LA,664,thowzN(d)=14
LA665,LA,665,-
LA666,LA,666,thowzN(d)=14
LA667,LA,667,thowzN(d)=14
LA667,LA,667,towzN(d)z=14
LA668,LA,668,thowzN(d)=14
LA669,LA,669,thowzN(d)=14
LA670,LA,670,thowzN(d)=14
LA671,LA,671,thowzN(d)=14
LA672,LA,672,thowzN(d)=14
LA673,LA,673,thowzN(d)=14
AR674,AR,674,thowzN(d)=14
AR675,AR,675,-
AR676,AR,676,thow{?}N(d)=14
AR677,AR,677,thowzN(d)=14
AR678,AR,678,thowzN(d)=14
AR679,AR,679,thowzN(d)=14
AR680,AR,680,thowzN(d)=14
AR681,AR,681,thowzN(d)=14
AR682,AR,682,thowzN(d)=14
AR683,AR,683,thowzN(d)=14
AR684,AR,684,thowzN(d)=14
AR685,AR,685,thowzN(d)=14
AR686,AR,686,thowzN(d)=14
AR687,AR,687,thowzN(d)=14
AR688,AR,688,thowzN(d)=14
AR689,AR,689,thowzN(d)=14
AR690,AR,690,thowzNd=14
AR691,AR,691,thowzN(d)=14
AR692,AR,692,thow{?}N(d)=14
AR693,AR,693,thowzN(d)=14
AR694,AR,694,thowzN(d)=14
AR695,AR,695,thowzN(d)z=14
AR696,AR,696,thowzN(d)=14
AR697,AR,697,thowzN(d)=14
AR698,AR,698,thowzN(d)=14
AR699,AR,699,thowzN(d)=14
AR700,AR,700,thowzN(d)=14
AR701,AR,701,thowzN(d)=14
AR702,AR,702,thowzN(d)=14
AR703,AR,703,-
AR704,AR,704,thowzN(d)=14
AR705,AR,705,thowzN(d)=14
AR706,AR,706,-
AR707,AR,707,thowzN(d)=14
AR708,AR,708,thowzN(d)=14
AR709,AR,709,thowzN(d)=14
AR710,AR,710,thowzN(d)=14
AR711,AR,711,thowzN(d)=14
AR712,AR,712,thowzN(d)=14
AR713,AR,713,-
AR714,AR,714,thowzN(d)=14
AR715,AR,715,-
AR716,AR,716,thowzNd=14
AR717,AR,717,-
AR718,AR,718,-
AR719,AR,719,thowzN(d)=14
AR720,AR,720,thowzN(d)=14
AR721,AR,721,thowzN(d)=14
AR722,AR,722,-
AR723,AR,723,thowzN(d)z=14
AR724,AR,724,-
AR725,AR,725,thowzN(d)=14
AR726,AR,726,-
AR727,AR,727,thowzN(d)=14
AR728,AR,728,thow{?}N(d)=14
AR729,AR,729,thowzN(d)=14
AR730,AR,730,thowzN(d)=14
AR731,AR,731,-
AR732,AR,732,thowzN(d)=14
AR733,AR,733,thowzN(d)=14
AR734,AR,734,-
AR735,AR,735,thowzNd=14
AR736,AR,736,-
AR737,AR,737,thowzN(d)=14
AR738,AR,738,thowzNd=14
AR739,AR,739,-
AR740,AR,740,thowzN(d)=14
AR741,AR,741,thowzN(d)=14
AR742,AR,742,-
AR743,AR,743,thowzN(d)=14
AR744,AR,744,thowzN(d)=14
AR745,AR,745,thowzN(d)=14
AR746,AR,746,-
AR747,AR,747,thowzN(d)=14
AR748,AR,748,thowzN(d)=14
AR749,AR,749,thowzN(d)=14
AR750,AR,750,-
AR751,AR,751,thowzN(d)=14
AR752,AR,752,thowzN(d)=14
AR753,AR,753,thowzN(d)=14
AR754,AR,754,thow{?}N(d)=14
AR755,AR,755,thowzN(d)=14
LA756,LA,756,thowzN(d)=14
LA757,LA,757,thowzN(d)=14
LA758,LA,758,thowzN(d)=14
LA759,LA,759,thowzN(d)z=14
LA760,LA,760,thowzN(d)=14
LA761,LA,761,thowzN(d)=14
LA762,LA,762,thowzN(d)=14
LA763,LA,763,-
LA764,LA,764,thowzN(d)=14
LA764,LA,764,thow{?}N(d)=14
LA765,LA,765,thowzN(d)=14
LA766,LA,766,thowdzN(d)=14
LA767,LA,767,thowzN(d)=14
LA768,LA,768,thowsN(d)=14
LA769,LA,769,thowzN(d)=14
LA770,LA,770,-
LA771,LA,771,thowzN(d)=14
LA772,LA,772,thowzN(d)=14
LA773,LA,773,thowzN(d)=14
LA774,LA,774,thowzN(d)=14
LA775,LA,775,thow{?}N(d)=14
LA776,LA,776,thowzNd=14
LA777,LA,777,thowzN(d)=14
LA778,LA,778,thowzN(d)=14
LA779,LA,779,thowzN(d)=14
LA780,LA,780,thowzN(d)=14
LA781,LA,781,thowzN(d)=14
LA782,LA,782,thowzN(d)=14
LA783,LA,783,thowz[N](d)=14
LA784,LA,784,thowdN(d)=14
LA784,LA,784,thow{?}N(d)=14
LA785,LA,785,thowzN(d)=14
LA786,LA,786,thowzN(d)=14
LA787,LA,787,thowzN(d)=14
LA788,LA,788,thowzN(d)=14
LA789,LA,789,thowzN(d)=14
LA790,LA,790,thowzN(d)=14
LA791,LA,791,thowzN(d)=14
LA792,LA,792,-
LA793,LA,793,-
LA794,LA,794,thowzN(d)=14
LA795,LA,795,thowzN(d)=14
LA796,LA,796,thowzN(d)=14
LA797,LA,797,thowzhN(d)=14
LA798,LA,798,thow{?}N(d)=14
LA799,LA,799,thowzN(d)z=14
LA800,LA,800,thowzN(d)=14
LA801,LA,801,thowzN(d)=14
LA802,LA,802,-
LA803,LA,803,thowzN(d)=14
LA804,LA,804,thowzN(d)=14
LA805,LA,805,towzN(d)=14
LA806,LA,806,towzN(d)=14
LA807,LA,807,thowdhN(d)=14
LA808,LA,808,towzN(d)=14
LA809,LA,809,thowzNd=14
LA810,LA,810,thowzN(d)=14
LA811,LA,811,-
LA812,LA,812,thowzN(d)=14
LA813,LA,813,thowzN(d)=14
LA814,LA,814,thowzN(d)=14
LA815,LA,815,thowzNt=14
LA816,LA,816,thowzN(d)=14
LA817,LA,817,thowzN(d)=14
TX818,TX,818,-
TX819,TX,819,thowzN(d)=14
TX820,TX,820,thowzN(d)=14
TX821,TX,821,thowzN(d)=14
TX822,TX,822,thowzN(d)=14
TX823,TX,823,thowzN(d)=14
TX824,TX,824,thowzN(d)=14
TX825,TX,825,thow{?}N(d)=14
TX826,TX,826,thowzN(d)=14
TX827,TX,827,thowzN(d)=14
TX828,TX,828,thowzN(d)=14
TX829,TX,829,thowzN(d)=14
TX830,TX,830,thowzN(d)=14
TX831,TX,831,thowzN(d)=14
TX832,TX,832,thowzN(d)=14
TX833,TX,833,thowzNd=14
TX834,TX,834,thowzN(d)=14
TX835,TX,835,thowzN(d)=14
TX836,TX,836,thowzN(d)=14
TX837,TX,837,-
TX838,TX,838,thowzN(d)=14
TX839,TX,839,thowzN(d)=14
TX840,TX,840,thowzN(d)=14
TX841,TX,841,thowzN(d)=14
TX842,TX,842,thowzN(d)=14
TX843,TX,843,thowzN(d)=14
TX844,TX,844,thowzN(d)=14
TX845,TX,845,-
TX846,TX,846,thowzN(d)=14
TX847,TX,847,thowzN(d)=14
TX848,TX,848,thowzN(d)=14
TX849,TX,849,thowzN(d)=14
TX850,TX,850,thowzN(d)=14
TX851,TX,851,-
TX852,TX,852,thowzN(d)=14
TX853,TX,853,thowzN(d)=14
TX854,TX,854,thowzN(d)=14
TX855,TX,855,thowzN(d)=14
TX856,TX,856,thowzN(d)=14
TX857,TX,857,thowzN(d)=14
TX858,TX,858,thowzN(d)=14
TX859,TX,859,thowzN(d)=14
TX860,TX,860,thowzN(d)=14
TX861,TX,861,thowzN(d)=14
TX862,TX,862,thowzN(d)=14
TX863,TX,863,thowzNd=14
TX864,TX,864,thow{?}N(d)=14
TX865,TX,865,thowzN(d)=14
TX866,TX,866,thowzN(d)=14
TX867,TX,867,thowzN(d)=14
TX868,TX,868,thowzN(d)=14
TX869,TX,869,thowzN(d)=14
TX870,TX,870,thowzN(d)=14
TX871,TX,871,-
TX872,TX,872,-
TX873,TX,873,thowzN(d)=14
TX874,TX,874,thowzN(d)=14
TX875,TX,875,thowzNd=14
TX876,TX,876,thowzN(d)=14
TX877,TX,877,thowzN(d)=14
TX878,TX,878,thowzN(d)=14
TX879,TX,879,thowzN(d)=14
TX880,TX,880,towzN(d)=14
TX881,TX,881,-
TX882,TX,882,thowzN(d)=14
TX883,TX,883,thowzN(d)=14
TX884,TX,884,thowzNd=14
TX885,TX,885,thowzN(d)=14
TX886,TX,886,thowzN(d)=14
TX887,TX,887,thowzN(d)=14
TX888,TX,888,thowzN(d)=14
TX889,TX,889,thowzNd=14
TX890,TX,890,thowzN(d)=14
TX891,TX,891,thowzN(d)=14
TX892,TX,892,thowzN(d)=14
TX893,TX,893,thowzN(d)=14
TX894,TX,894,-
TX895,TX,895,thowzN(d)=14
TX896,TX,896,thowzN(d)=14
TX897,TX,897,towzN(d)=14
TX897,TX,897,thowzN(d)=14
TX898,TX,898,thowzN(d)=14
TX899,TX,899,thowzN(d)=14
TX900,TX,900,towzN(d)z=14
TX900,TX,900,thowzN(d)=14
TX901,TX,901,thowzN(d)=14
TX902,TX,902,thowzN(d)=14
TX903,TX,903,thowzN(d)=14
TX904,TX,904,thowzN(d)=14
TX905,TX,905,thowzN(d)=14
TX906,TX,906,thowzN(d)z=14
TX907,TX,907,thowzN(d)=14
TX908,TX,908,thowzN(d)=14
TX909,TX,909,-
TX910,TX,910,thowzN(d)=14
TX911,TX,911,thowzN(d)=14
