Informant,State,Informant number,Response
TN001,TN,001,-
TN002,TN,002,foertI=14
TN003,TN,003,fawrtI=14
TN004,TN,004,-
TN005,TN,005,-
TN006,TN,006,foertI=14
TN007,TN,007,foe[r]tI=14
TN008,TN,008,-
TN009,TN,009,foertI=14
TN010,TN,010,foertI=14
TN011,TN,011,foe{r}tI=14
TN012,TN,012,foertI=14
TN013,TN,013,fawrtI=14
TN014,TN,014,foertI=14
TN015,TN,015,foertI=14
TN016,TN,016,faw{r}tI=14
TN017,TN,017,foertI=14
TN018,TN,018,foertI=14
TN019,TN,019,fawr{?}I=14
TN020,TN,020,foertI=14
TN021,TN,021,fawrtI=14
TN022,TN,022,fo(r)tI=14
TN023,TN,023,foertI=14
TN024,TN,024,foertI=14
TN025,TN,025,foertI=14
TN026,TN,026,foertI=14
TN027,TN,027,fawrtI=14
TN028,TN,028,fawrtI=14
TN029,TN,029,foertI=14
TN030,TN,030,faw[r]tI=14
TN031,TN,031,fawrtee=13
TN032,TN,032,fawrtI=14
TN033,TN,033,foertI=14
TN034,TN,034,faw[r]tee=13
TN035,TN,035,foertI=14
TN036,TN,036,foertI=14
TN037,TN,037,foertI=14
TN038,TN,038,foertI=14
TN039,TN,039,foer{t}I=14
TN040,TN,040,foe{r}tI=14
TN041,TN,041,foertI=14
TN042,TN,042,faw(r)tI=14
TN043,TN,043,foertI=14
TN044,TN,044,foertI=14
TN045,TN,045,foertI=14
TN046,TN,046,foertI=14
TN047,TN,047,foertee=13
TN048,TN,048,foertI=14
TN049,TN,049,foertI=14
TN050,TN,050,foertI=14
TN051,TN,051,foertI=14
TN052,TN,052,-
TN053,TN,053,foertI=14
TN053,TN,053,foe{r}tee=13
TN054,TN,054,foer{t}I=14
TN055,TN,055,foe(r)tI=14
TN056,TN,056,foertI=14
TN057,TN,057,foertI=14
TN058,TN,058,foertI=14
TN059,TN,059,foertI=14
TN060,TN,060,foertI=14
GA061,GA,061,fawrtI=14
GA061,GA,061,faw[r]tI=14
GA062,GA,062,foertI=14
GA063,GA,063,-
GA064,GA,064,foertI=14
GA065,GA,065,faw(r){t}I=14
GA066,GA,066,faw(r)tI=14
GA067,GA,067,foe[r]tI=14
GA068,GA,068,foertI=14
GA069,GA,069,foertI=14
GA070,GA,070,foertI=14
GA071,GA,071,fawrtI=14
GA072,GA,072,foertI=14
GA072,GA,072,foer{t}I=14
GA073,GA,073,foertI=14
GA073,GA,073,fawrtI=14
GA074,GA,074,faw(r)tI=14
GA075,GA,075,foertIz=14
GA075,GA,075,faw(r)tI=14
GA076,GA,076,foe{r}tI=14
GA077,GA,077,faw[r]{t}I=14
GA078,GA,078,foertI=14
GA079,GA,079,foe[r]tI=14
GA080,GA,080,-
GA081,GA,081,foertI=14
GA082,GA,082,fawrtI=14
GA083,GA,083,faw(r)tI=14
GA084,GA,084,foe[r]tI=14
GA085,GA,085,fawrtI=14
GA086,GA,086,fawrtI=14
GA087,GA,087,fortI=14
GA088,GA,088,faw(r)tI=14
GA089,GA,089,foe(r){t}I=14
GA090,GA,090,fawrtI=14
GA091,GA,091,foertI=14
GA092,GA,092,foe{r}tI=14
GA093,GA,093,foe[r]{t}I=14
GA094,GA,094,foe[r]tI=14
GA095,GA,095,foe[r]{t}I=14
GA096,GA,096,faw(r)tI=14
GA097,GA,097,foe[r]tI=14
GA098,GA,098,faw[r]{t}I=14
GA099,GA,099,foe[r]tI=14
GA100,GA,100,foe[r]tI=14
GA101,GA,101,foertI=14
GA102,GA,102,foe{r}tI=14
GA103,GA,103,faw(r)tI=14
GA103,GA,103,faw[r]tI=14
GA104,GA,104,foertI=14
GA104,GA,104,foe{r}tI=14
GA105,GA,105,foe[r]tI=14
GA106,GA,106,foer{t}I=14
GA107,GA,107,fortI=14
GA108,GA,108,foertI=14
GA109,GA,109,-
GA110,GA,110,faw(r)tI=14
GA111,GA,111,faw[r]tI=14
GA112,GA,112,faw(r)tI=14
GA113,GA,113,faw(r)tI=14
GA114,GA,114,faw(r)tI=14
GA115,GA,115,-
GA116,GA,116,foe(r)tI=14
GA117,GA,117,faw(r)tI=14
GA118,GA,118,faw(r)tI=14
GA119,GA,119,faw(r)tI=14
GA120,GA,120,foe(r)tI=14
GA121,GA,121,faw[r]tI=14
GA122,GA,122,foe(r)tI=14
GA123,GA,123,foe(r)tI=14
GA124,GA,124,foe{r}tI=14
GA125,GA,125,faw[r]tI=14
GA126,GA,126,foe[r]tI=14
GA127,GA,127,foe[r]tI=14
GA128,GA,128,foe[r]tI=14
GA129,GA,129,faw(r)tI=14
GA130,GA,130,foe(r)tI=14
GA131,GA,131,foe[r]tI=14
GA131,GA,131,faw[r]tI=14
GA132,GA,132,foe[r]tI=14
GA133,GA,133,foe(r)tI=14
GA134,GA,134,foe[r]tI=14
GA135,GA,135,fo(r)tI=14
GA136,GA,136,foe(r)tI=14
GA136,GA,136,faw(r)tI=14
GA137,GA,137,foe[r]tI=14
GA138,GA,138,foe[r]tI=14
GA139,GA,139,foe[r]tI=14
GA140,GA,140,foe[r]tI=14
GA141,GA,141,faw[r]tI=14
GA142,GA,142,faw[r]tI=14
GA143,GA,143,foe[r]tI=14
GA144,GA,144,faw[r]tI=14
GA145,GA,145,-
GA146,GA,146,fawrtI=14
GA147,GA,147,-
GA148,GA,148,faw(r)tI=14
GA149,GA,149,foe[r]tI=14
GA150,GA,150,fawrtI=14
GA151,GA,151,foe{r}tI=14
GA152,GA,152,fawrtI=14
GA153,GA,153,-
GA154,GA,154,foe(r)tI=14
GA155,GA,155,foe[r]{t}I=14
GA156,GA,156,foe{r}tI=14
GA157,GA,157,-
GA158,GA,158,-
GA159,GA,159,fawrtI=14
GA160,GA,160,-
GA161,GA,161,foe(r)tI=14
GA162,GA,162,foe[r]tI=14
GA163,GA,163,foe(r)tI=14
GA164,GA,164,foertI=14
GA165,GA,165,foe[r]tI=14
GA166,GA,166,foe(r)tI=14
GA167,GA,167,foe[r]tI=14
GA168,GA,168,faw(r)tI=14
GA169,GA,169,-
GA170,GA,170,foe(r)tI=14
GA171,GA,171,foertI=14
GA172,GA,172,foe(r)tI=14
GA173,GA,173,-
GA174,GA,174,-
GA175,GA,175,foe{r}tI=14
GA176,GA,176,foertI=14
GA177,GA,177,foe[r]tI=14
GA178,GA,178,-
GA179,GA,179,foe[r]tI=14
GA180,GA,180,foertI=14
GA180,GA,180,foe[r]tI=14
GA181,GA,181,foe[r]tI=14
GA182,GA,182,foe{r}tI=14
GA183,GA,183,foe(r)tI=14
GA184,GA,184,foe[r]tI=14
GA185,GA,185,foertI=14
GA186,GA,186,foertI=14
GA187,GA,187,-
GA188,GA,188,foe[r]tI=14
GA189,GA,189,foe(r)tI=14
GA190,GA,190,foe[r]tI=14
GA191,GA,191,foer{t}I=14
GA191,GA,191,faw[r]{t}I=14
GA192,GA,192,faw(r)tI=14
GA193,GA,193,foertI=14
GA193,GA,193,faw(r)tI=14
GA194,GA,194,faw(r)tI=14
GA195,GA,195,faw(r)tI=14
GA196,GA,196,-
GA197,GA,197,foe{r}tI=14
GA198,GA,198,-
GA199,GA,199,foer{t}I=14
GA200,GA,200,foe[r]tI=14
GA201,GA,201,foe[r]tI=14
GA202,GA,202,foe[r]tI=14
GA203,GA,203,foertI=14
GA204,GA,204,foertI=14
GA205,GA,205,-
GA206,GA,206,foertI=14
GA207,GA,207,faw(r)tI=14
GA208,GA,208,foertI=14
GA209,GA,209,foe[r]tI=14
GA210,GA,210,-
GA211,GA,211,foertI=14
GA212,GA,212,fawrtI=14
GA213,GA,213,faw[r]tI=14
GA214,GA,214,foe[r]tI=14
GA215,GA,215,foe[r]tI=14
GA216,GA,216,foe[r]tI=14
GA217,GA,217,foe[r]tI=14
GA218,GA,218,foe[r]tI=14
GA219,GA,219,foe[r]tI=14
GA220,GA,220,foer{t}I=14
GA220,GA,220,fawr(t)I=14
GA221,GA,221,faw[r]tI=14
GA222,GA,222,faw[r]tI=14
GA223,GA,223,foe{r}tI=14
GA223,GA,223,faw(r)tI=14
GA224,GA,224,foe(r){t}I=14
GA225,GA,225,foe[r]tI=14
FL226,FL,226,foe[r]tI=14
FL227,FL,227,foe(r)tI=14
FL228,FL,228,foe(r)tI=14
FL229,FL,229,foe[r]tI=14
FL230,FL,230,foertI=14
FL231,FL,231,foe{r}tI=14
FL232,FL,232,foe{r}tI=14
FL233,FL,233,foertI=14
FL234,FL,234,faw(r)tI=14
FL235,FL,235,fawrtI=14
FL236,FL,236,foertI=14
FL237,FL,237,faw(r)tI=14
FL238,FL,238,foertI=14
FL239,FL,239,foertI=14
FL240,FL,240,foer{t}I=14
FL241,FL,241,-
FL242,FL,242,foertI=14
FL243,FL,243,fawrtI=14
FL244,FL,244,foe(r)tI=14
FL245,FL,245,foe(r)tI=14
FL246,FL,246,foe[r]tI=14
FL247,FL,247,foe{r}tI=14
FL248,FL,248,foertI=14
FL249,FL,249,fawrtI=14
FL250,FL,250,faw(r)tI=14
FL251,FL,251,faw(r)tI=14
FL252,FL,252,foertI=14
FL253,FL,253,fawrtI=14
FL254,FL,254,foertI=14
FL255,FL,255,fawrtI=14
FL256,FL,256,fawrtI=14
FL257,FL,257,foertI=14
FL258,FL,258,faw[r]tI=14
FL259,FL,259,fawrtI=14
FL260,FL,260,fawrtI=14
FL261,FL,261,foertI=14
FL262,FL,262,faw{r}tI=14
FL263,FL,263,foe[r]tI=14
FL264,FL,264,foe{r}tI=14
FL265,FL,265,foe(r)tI=14
FL266,FL,266,foertI=14
FL267,FL,267,foe[r]tI=14
FL268,FL,268,faw(r)tI=14
FL269,FL,269,foer{t}I=14
FL270,FL,270,faw[r]{t}I=14
FL271,FL,271,foe{r}tI=14
FL271,FL,271,foe[r]tI=14
FL272,FL,272,foertI=14
FL273,FL,273,foertI=14
FL274,FL,274,foertI=14
FL275,FL,275,faw(r)tI=14
FL276,FL,276,foertI=14
FL277,FL,277,faw{r}tI=14
FL278,FL,278,foe[r]tI=14
FL279,FL,279,foertI=14
FL280,FL,280,foe[r]tI=14
FL281,FL,281,fo(r)tI=14
FL282,FL,282,-
FL283,FL,283,foe[r]{t}I=14
FL284,FL,284,foertI=14
FL285,FL,285,fawrtI=14
FL286,FL,286,foertI=14
FL287,FL,287,foe[r]tI=14
FL288,FL,288,foe[r]tI=14
FL289,FL,289,foe[r]tI=14
TN290,TN,290,foertI=14
TN291,TN,291,foertI=14
TN292,TN,292,foertI=14
TN293,TN,293,faw[r]tI=14
TN294,TN,294,foertI=14
TN295,TN,295,faw(r)tI=14
TN296,TN,296,foerdI=14
TN297,TN,297,foer{t}I=14
TN298,TN,298,foe(r)tI=14
TN299,TN,299,foertI=14
TN300,TN,300,foe{r}tI=14
TN301,TN,301,foe[r]tI=14
TN302,TN,302,foertI=14
TN303,TN,303,foe{r}tI=14
TN304,TN,304,foe{r}tI=14
TN305,TN,305,-
TN306,TN,306,foe(r)tI=14
TN307,TN,307,fawrtI=14
TN308,TN,308,-
TN309,TN,309,faw[r]{t}I=14
TN310,TN,310,foertI=14
TN311,TN,311,foe{r}tI=14
TN312,TN,312,faw(r)tI=14
TN313,TN,313,-
TN314,TN,314,foertI=14
TN315,TN,315,faw[r]{t}I=14
TN316,TN,316,-
TN317,TN,317,faw{r}tI=14
TN318,TN,318,foertI=14
TN319,TN,319,-
TN320,TN,320,foertI=14
TN321,TN,321,fawrtI=14
TN322,TN,322,foertI=14
TN323,TN,323,foertI=14
TN324,TN,324,foertI=14
TN325,TN,325,faw[r]tI=14
TN326,TN,326,foe[r]tI=14
TN326,TN,326,foe{r}tI=14
TN327,TN,327,faw{r}tI=14
TN328,TN,328,fawrtI=14
TN329,TN,329,foertI=14
TN330,TN,330,foe[r]tI=14
TN331,TN,331,faw(r)tI=14
TN332,TN,332,faw(r){t}I=14
TN333,TN,333,foertI=14
TN334,TN,334,fawrtI=14
TN335,TN,335,fawrtI=14
TN336,TN,336,foertI=14
AL337,AL,337,faw{r}tI=14
AL338,AL,338,foertI=14
AL339,AL,339,foertI=14
AL340,AL,340,faw(r)tI=14
AL341,AL,341,faw(r)tI=14
AL342,AL,342,fawr{t}I=14
AL343,AL,343,fawrtI=14
AL343,AL,343,foertI=14
AL344,AL,344,foe(r)tI=14
AL345,AL,345,foertI=14
AL346,AL,346,foe[r]tI=14
AL347,AL,347,foe(r)tI=14
AL348,AL,348,-
AL349,AL,349,faw(r)tI=14
AL350,AL,350,faw[r]tI=14
AL351,AL,351,foe{r}tI=14
AL352,AL,352,foer{t}I=14
AL353,AL,353,faw(r)tI=14
AL354,AL,354,foertI=14
AL355,AL,355,foertI=14
AL356,AL,356,foe[r]tI=14
AL357,AL,357,foe[r]tI=14
AL358,AL,358,foe{r}tI=14
AL358,AL,358,foe(r)tI=14
AL359,AL,359,foertI=14
AL360,AL,360,foertI=14
AL361,AL,361,foe(r)tI=14
AL362,AL,362,foertI=14
AL363,AL,363,foertI=14
AL364,AL,364,foe[r]{t}I=14
AL365,AL,365,foertI=14
AL366,AL,366,foertI=14
AL367,AL,367,foertI=14
AL368,AL,368,foertI=14
AL369,AL,369,foe[r]{t}I=14
AL370,AL,370,-
AL371,AL,371,foertI=14
AL372,AL,372,foe[r]tI=14
AL373,AL,373,faw[r]{t}I=14
AL374,AL,374,fawrtI=14
AL375,AL,375,foertI=14
AL376,AL,376,fawrtI=14
AL377,AL,377,foe[r]tI=14
AL378,AL,378,foe[r]tI=14
AL379,AL,379,foertI=14
AL380,AL,380,foe[r]tI=14
AL381,AL,381,fawrtI=14
AL382,AL,382,faw{r}tI=14
AL383,AL,383,foertI=14
AL384,AL,384,foertI=14
AL385,AL,385,faw{r}tI=14
AL386,AL,386,foertI=14
AL387,AL,387,foertI=14
AL388,AL,388,faw{r}tI=14
AL388,AL,388,faw(r)tI=14
AL389,AL,389,foe[r]tI=14
AL390,AL,390,foertI=14
AL391,AL,391,foertI=14
AL392,AL,392,foe[r]tI=14
AL393,AL,393,foe[r]{t}I=14
AL394,AL,394,faw(r){t}I=14
AL395,AL,395,foe[r]tI=14
AL396,AL,396,-
AL397,AL,397,faw(r)tI=14
AL398,AL,398,faw(r)tI=14
AL398,AL,398,faw(r){t}I=14
AL399,AL,399,faw(r)tI=14
AL400,AL,400,faw(r)tI=14
AL401,AL,401,foe[r]tA=14
AL402,AL,402,foe[r]tI=14
AL403,AL,403,furtI=14
AL403,AL,403,faw[r]tI=14
AL404,AL,404,foe(r)tI=14
AL405,AL,405,foertI=14
AL406,AL,406,faw(r)tI=14
AL407,AL,407,foe{r}tI=14
AL407,AL,407,foe[r]tI=14
AL408,AL,408,faw(r)tI=14
AL409,AL,409,faw[r]tI=14
AL410,AL,410,faw(r)tI=14
AL411,AL,411,foe[r]tI=14
AL412,AL,412,foe[r]tI=14
AL413,AL,413,faw[r]tI=14
AL414,AL,414,foe[r]tI=14
AL415,AL,415,faw(r)tI=14
AL416,AL,416,foe[r]tI=14
AL417,AL,417,faw(r)tI=14
AL418,AL,418,foe{r}tI=14
AL419,AL,419,foertI=14
AL420,AL,420,foe[r]tI=14
AL421,AL,421,faw[r]tI=14
AL422,AL,422,faw(r)tI=14
AL423,AL,423,fawrtI=14
AL424,AL,424,foe[r]tI=14
AL425,AL,425,foe{r}tI=14
AL426,AL,426,foertI=14
AL427,AL,427,foe[r]tI=14
AL428,AL,428,faw[r]tI=14
AL429,AL,429,fawrtI=14
AL430,AL,430,foe[r]tI=14
AL431,AL,431,faw{r}tI=14
AL432,AL,432,-
AL433,AL,433,-
AL434,AL,434,faw[r]tI=14
AL435,AL,435,foe[r]tI=14
AL436,AL,436,foertI=14
AL437,AL,437,foer{t}I=14
AL438,AL,438,foertI=14
AL439,AL,439,foe{r}tI=14
AL440,AL,440,fawrtI=14
AL441,AL,441,foe{r}tI=14
AL442,AL,442,foe[r]{t}I=14
AL443,AL,443,foertI=14
AL444,AL,444,foe{r}tI=14
AL444,AL,444,foe[r]tI=14
AL445,AL,445,fawrtI=14
AL446,AL,446,foertI=14
AL447,AL,447,foertI=14
AL448,AL,448,foe{r}tI=14
AL449,AL,449,foe(r){t}I=14
AL450,AL,450,foe[r]tI=14
AL451,AL,451,foertI=14
FL452,FL,452,foertI=14
FL453,FL,453,faw[r]tI=14
FL454,FL,454,faw[r]tI=14
FL454,FL,454,faw(r)tI=14
FL455,FL,455,foertI=14
FL456,FL,456,foe{r}tI=14
FL456,FL,456,foe{r}{t}I=14
FL457,FL,457,foe(r)tI=14
FL458,FL,458,foertI=14
FL459,FL,459,-
FL460,FL,460,faw{r}tI=14
FL461,FL,461,foertI=14
FL462,FL,462,foer{t}I=14
FL463,FL,463,-
FL464,FL,464,foe[r]tI=14
FL464,FL,464,foe[r]{t}I=14
FL465,FL,465,foe{r}tI=14
FL466,FL,466,fawrtI=14
FL467,FL,467,foertI=14
FL468,FL,468,faw(r)tI=14
FL469,FL,469,faw{r}tI=14
FL470,FL,470,foertI=14
FL471,FL,471,faw(r)tI=14
AL472,AL,472,faw(r)tI=14
AL473,AL,473,foertI=14
AL473,AL,473,foe(r)tI=14
AL474,AL,474,foertI=14
AL475,AL,475,foe[r]tI=14
AL476,AL,476,foertI=14
AL476,AL,476,foe{r}tI=14
AL477,AL,477,faw(r)tI=14
AL478,AL,478,foe(r)tI=14
AL479,AL,479,faw(r)tI=14
AL480,AL,480,foertI=14
AL480,AL,480,faw[r]tI=14
AL481,AL,481,faw(r)tI=14
AL482,AL,482,foe[r]tI=14
AL483,AL,483,foertI=14
AL484,AL,484,fawrtI=14
AL485,AL,485,faw(r)tI=14
TN486,TN,486,foertI=14
TN487,TN,487,faw{r}tI=14
TN488,TN,488,fawrtI=14
TN489,TN,489,faw{r}tI=14
TN490,TN,490,foertI=14
TN491,TN,491,foertI=14
TN492,TN,492,foertI=14
TN493,TN,493,faw[r]{t}I=14
TN494,TN,494,-
TN495,TN,495,foe(r)tI=14
TN496,TN,496,foertI=14
TN497,TN,497,faw{r}{t}I=14
TN498,TN,498,foertI=14
TN499,TN,499,foe{r}{t}I=14
TN500,TN,500,foe[r]tI=14
TN501,TN,501,faw[r]tI=14
TN502,TN,502,foertI=14
TN503,TN,503,-
TN504,TN,504,fawrtI=14
TN505,TN,505,foe[r]tI=14
TN506,TN,506,faw[r]tI=14
TN507,TN,507,-
TN508,TN,508,foe[r]tI=14
TN509,TN,509,faw{r}{t}I=14
TN510,TN,510,foe[r]tI=14
TN511,TN,511,-
TN512,TN,512,foe[r]tI=14
TN513,TN,513,foe{r}tI=14
TN513,TN,513,foe[r]tI=14
TN514,TN,514,fawrtI=14
TN514,TN,514,faw(r){t}I=14
TN515,TN,515,faw(r)tI=14
TN516,TN,516,fortI=14
TN517,TN,517,fawrtI=14
TN518,TN,518,foe{r}tI=14
TN519,TN,519,faw{r}{t}I=14
MS520,MS,520,-
MS521,MS,521,foe[r]tI=14
MS522,MS,522,foe[r]tI=14
MS523,MS,523,foe[r]tI=14
MS524,MS,524,foertI=14
MS525,MS,525,foe(r)tI=14
MS526,MS,526,-
MS527,MS,527,faw(r)tI=14
MS528,MS,528,foe[r]tI=14
MS529,MS,529,-
MS530,MS,530,-
MS531,MS,531,foertI=14
MS532,MS,532,foe[r]tI=14
MS533,MS,533,foertI=14
MS534,MS,534,foe{r}tI=14
MS534,MS,534,foe[r]tI=14
MS535,MS,535,fawr(t)I=14
MS536,MS,536,foe{r}tI=14
MS537,MS,537,faw[r]tI=14
MS538,MS,538,foertI=14
MS538,MS,538,foe[r]tI=14
MS539,MS,539,foe[r]tI=14
MS540,MS,540,foe[r]tI=14
MS541,MS,541,-
MS542,MS,542,faw[r]tI=14
MS543,MS,543,faw[r]tI=14
MS544,MS,544,faw(r)tI=14
MS545,MS,545,faw[r]tI=14
MS546,MS,546,foe[r]tI=14
MS547,MS,547,foertI=14
MS548,MS,548,foe[r]tI=14
MS549,MS,549,fawrtI=14
MS550,MS,550,faw(r)tI=14
MS551,MS,551,fawrtI=14
MS552,MS,552,-
MS553,MS,553,-
MS554,MS,554,-
MS555,MS,555,foe[r]{t}I=14
MS556,MS,556,faw[r]tI=14
MS557,MS,557,faw(r){t}I=14
MS558,MS,558,foertI=14
MS559,MS,559,foe[r]tI=14
MS560,MS,560,faw(r)tI=14
MS561,MS,561,-
MS562,MS,562,foe[r]tI=14
MS563,MS,563,foe[r]tI=14
MS564,MS,564,foe[r]tI=14
MS565,MS,565,foertI=14
MS566,MS,566,faw(r)tI=14
MS567,MS,567,faw[r]{t}I=14
MS568,MS,568,foe{r}tI=14
MS568,MS,568,foe[r]tI=14
MS569,MS,569,faw(r)tI=14
MS570,MS,570,faw(r)tI=14
MS571,MS,571,faw[r]tI=14
MS572,MS,572,foertI=14
MS572,MS,572,faw(r)tI=14
MS573,MS,573,faw(r)tI=14
MS574,MS,574,faw[r]{t}I=14
MS575,MS,575,foe[r]tI=14
MS576,MS,576,faw{r}tI=14
MS577,MS,577,faw(r){t}I=14
MS578,MS,578,faw(r)tI=14
MS579,MS,579,faw[r]tI=14
MS580,MS,580,faw(r)tI=14
MS581,MS,581,foe[r]tI=14
MS582,MS,582,foe{r}tI=14
MS583,MS,583,faw{r}tI=14
MS584,MS,584,fawrtI=14
MS585,MS,585,faw[r]{t}I=14
MS585,MS,585,foe(r)tI=14
MS586,MS,586,faw(r)tI=14
MS587,MS,587,foe[r]tI=14
MS588,MS,588,faw(r)tI=14
MS589,MS,589,foe[r]tI=14
MS590,MS,590,foe{r}tI=14
MS591,MS,591,foertI=14
MS592,MS,592,foertI=14
MS592,MS,592,foe(r){t}I=14
MS593,MS,593,faw[r]tI=14
MS594,MS,594,faw(r)tI=14
MS595,MS,595,foertI=14
MS596,MS,596,faw(r)tI=14
MS597,MS,597,foertI=14
MS598,MS,598,foe[r]tI=14
MS598,MS,598,foe(r)tI=14
MS599,MS,599,foertI=14
MS600,MS,600,fawr(t)I=14
MS601,MS,601,fawrtI=14
MS602,MS,602,fawrtI=14
MS603,MS,603,faw(r)tI=14
MS604,MS,604,-
MS605,MS,605,foe(r)tI=14
MS606,MS,606,foe[r]tI=14
MS607,MS,607,foe[r]tI=14
MS608,MS,608,foertI=14
MS608,MS,608,faw(r)tI=14
MS609,MS,609,faw(r)tI=14
MS610,MS,610,faw(r)tI=14
MS611,MS,611,foe(r){t}I=14
MS612,MS,612,faw(r)tI=14
MS613,MS,613,foe[r]tI=14
MS614,MS,614,fawrtI=14
MS615,MS,615,foe(r)tI=14
MS616,MS,616,fawrtI=14
MS617,MS,617,foe[r]{t}I=14
MS618,MS,618,foe[r]tI=14
MS619,MS,619,foe[r]tI=14
MS620,MS,620,foe[r]tI=14
MS621,MS,621,foertI=14
MS622,MS,622,foertI=14
MS623,MS,623,foertI=14
MS624,MS,624,foertI=14
MS625,MS,625,fawrtI=14
MS625,MS,625,faw(r)tI=14
MS626,MS,626,foe[r]tI=14
MS627,MS,627,foe(r)tI=14
MS628,MS,628,foertI=14
MS629,MS,629,foertI=14
LA630,LA,630,-
LA631,LA,631,foertI=14
LA632,LA,632,foe[r]tI=14
LA633,LA,633,fawrtI=14
LA634,LA,634,foertI=14
LA635,LA,635,foertI=14
LA636,LA,636,foe{r}tI=14
LA637,LA,637,faw[r]tI=14
LA638,LA,638,faw(r)tI=14
LA639,LA,639,faw{r}tI=14
LA640,LA,640,faw(r)tI=14
LA641,LA,641,fawr{t}I=14
LA642,LA,642,foe[r]tI=14
LA643,LA,643,fawrtI=14
LA644,LA,644,foe[r]tI=14
LA644,LA,644,faw[r]tI=14
LA645,LA,645,fo{r}tI=14
LA646,LA,646,foertI=14
LA646,LA,646,faw(r)tI=14
LA647,LA,647,faw[r]tI=14
LA648,LA,648,faw[r]tI=14
LA649,LA,649,fawrtI=14
LA650,LA,650,faw(r)tI=14
LA651,LA,651,foe[r]tI=14
LA651,LA,651,faw[r]tI=14
LA652,LA,652,faw{r}tI=14
LA653,LA,653,foertI=14
LA654,LA,654,foe(r)tI=14
LA655,LA,655,faw{r}tI=14
LA656,LA,656,foertI=14
LA657,LA,657,faw(r)tI=14
LA657X,LA,657X,faw[r]tI=14
LA657Y,LA,657Y,faw[r]tI=14
LA657Z,LA,657Z,foe[r]tI=14
LA658,LA,658,foe[r]tI=14
LA659,LA,659,foe[r]tI=14
LA660,LA,660,faw(r)tI=14
LA661,LA,661,faw[r]{t}I=14
LA662,LA,662,foertI=14
LA663,LA,663,foe{r}tI=14
LA663,LA,663,foe[r]tI=14
LA664,LA,664,faw[r]tI=14
LA665,LA,665,foe[r]tI=14
LA666,LA,666,foe[r]tI=14
LA667,LA,667,foe[r]tI=14
LA668,LA,668,faw(r)tI=14
LA669,LA,669,fawrtI=14
LA670,LA,670,faw(r)tI=14
LA671,LA,671,foe{r}tI=14
LA672,LA,672,foertI=14
LA673,LA,673,faw(r)tI=14
AR674,AR,674,foertI=14
AR675,AR,675,foertI=14
AR675,AR,675,fawrtI=14
AR676,AR,676,fo{r}{t}I=14
AR676,AR,676,faw[r]tI=14
AR677,AR,677,foertI=14
AR678,AR,678,foertI=14
AR679,AR,679,fawr{t}I=14
AR680,AR,680,fawrtI=14
AR681,AR,681,foertI=14
AR682,AR,682,fortI=14
AR683,AR,683,foertI=14
AR684,AR,684,foertI=14
AR685,AR,685,foe{r}tI=14
AR686,AR,686,fawrtI=14
AR687,AR,687,foe[r]tI=14
AR688,AR,688,foertI=14
AR689,AR,689,foertI=14
AR690,AR,690,faw{r}{t}I=14
AR690,AR,690,faw(r){t}I=14
AR691,AR,691,foertI=14
AR692,AR,692,faw[r]{t}I=14
AR693,AR,693,foertI=14
AR694,AR,694,foertI=14
AR695,AR,695,faw(r)tI=14
AR696,AR,696,foe[r]tI=14
AR697,AR,697,faw(r)tI=14
AR698,AR,698,foe{r}tI=14
AR698,AR,698,foe[r]tI=14
AR699,AR,699,faw[r]tI=14
AR700,AR,700,fortI=14
AR701,AR,701,foe[r]tI=14
AR702,AR,702,foertI=14
AR703,AR,703,foertI=14
AR704,AR,704,faw(r)tI=14
AR705,AR,705,faw(r)tI=14
AR706,AR,706,fawrtI=14
AR707,AR,707,foe[r]tI=14
AR708,AR,708,foe[r]tI=14
AR709,AR,709,foertI=14
AR710,AR,710,foertI=14
AR711,AR,711,foertI=14
AR712,AR,712,foertI=14
AR713,AR,713,-
AR714,AR,714,foertI=14
AR715,AR,715,-
AR716,AR,716,faw[r]{t}I=14
AR717,AR,717,-
AR718,AR,718,foe{r}{t}I=14
AR719,AR,719,fawr{t}I=14
AR720,AR,720,foertI=14
AR721,AR,721,foertI=14
AR722,AR,722,fawrtI=14
AR723,AR,723,fawrtI=14
AR724,AR,724,foe[r]tI=14
AR725,AR,725,-
AR726,AR,726,fawr{t}I=14
AR727,AR,727,foertI=14
AR728,AR,728,faw(r)tIz=14
AR729,AR,729,-
AR730,AR,730,foertI=14
AR731,AR,731,foertI=14
AR732,AR,732,fawrtI=14
AR733,AR,733,foertI=14
AR734,AR,734,faw{r}tI=14
AR735,AR,735,fawrtIz=14
AR736,AR,736,fawrtI=14
AR737,AR,737,foertI=14
AR738,AR,738,fortI=14
AR739,AR,739,-
AR740,AR,740,foertI=14
AR741,AR,741,foertI=14
AR742,AR,742,foe[r]tI=14
AR743,AR,743,foertI=14
AR744,AR,744,foertI=14
AR745,AR,745,foertI=14
AR746,AR,746,-
AR747,AR,747,foertI=14
AR748,AR,748,foe(r)tI=14
AR749,AR,749,foertI=14
AR750,AR,750,foertI=14
AR751,AR,751,foertI=14
AR752,AR,752,foertI=14
AR753,AR,753,fawrtI=14
AR754,AR,754,faw{r}tI=14
AR755,AR,755,foertI=14
LA756,LA,756,faw{r}tI=14
LA757,LA,757,foe{r}tI=14
LA757,LA,757,foe[r]tI=14
LA758,LA,758,foertI=14
LA759,LA,759,faw[r]tI=14
LA760,LA,760,faw(r)tI=14
LA760,LA,760,faw[r]tI=14
LA761,LA,761,foe[r]tI=14
LA762,LA,762,faw(r)tI=14
LA763,LA,763,faw[r]tI=14
LA764,LA,764,faw[r]tI=14
LA765,LA,765,foertI=14
LA766,LA,766,faw(r){t}I=14
LA767,LA,767,fawrtI=14
LA767,LA,767,faw(r)tI=14
LA768,LA,768,foe[r]tI=14
LA769,LA,769,fawr{t}I=14
LA770,LA,770,faw(r)tI=14
LA771,LA,771,foe[r]tI=14
LA772,LA,772,foe[r]tI=14
LA773,LA,773,foe[r]tI=14
LA774,LA,774,-
LA775,LA,775,faw(r)tI=14
LA776,LA,776,foer{t}I=14
LA777,LA,777,foe[r]tI=14
LA778,LA,778,fawrtI=14
LA779,LA,779,fawrtI=14
LA780,LA,780,foertI=14
LA781,LA,781,foe{r}tI=14
LA782,LA,782,foertI=14
LA783,LA,783,faw(r)tI=14
LA784,LA,784,fawr{t}I=14
LA784,LA,784,foer{t}I=14
LA785,LA,785,foe[r]tI=14
LA786,LA,786,fawrtI=14
LA787,LA,787,foe[r]tI=14
LA788,LA,788,foe[r]{t}I=14
LA789,LA,789,foertI=14
LA790,LA,790,foertI=14
LA791,LA,791,faw[r]tI=14
LA792,LA,792,foertI=14
LA793,LA,793,foertI=14
LA794,LA,794,foertI=14
LA795,LA,795,foe(r)tI=14
LA795,LA,795,faw(r)tI=14
LA796,LA,796,faw(r)tI=14
LA797,LA,797,foe[r]{t}I=14
LA797,LA,797,faw(r){t}I=14
LA798,LA,798,faw{r}tI=14
LA799,LA,799,foertI=14
LA800,LA,800,faw(r)tI=14
LA801,LA,801,fawrtI=14
LA802,LA,802,foe{r}tI=14
LA803,LA,803,-
LA804,LA,804,faw[r]tI=14
LA805,LA,805,foe{r}tI=14
LA806,LA,806,faw[r]{t}I=14
LA807,LA,807,fawr{t}I=14
LA808,LA,808,faw[r]tI=14
LA809,LA,809,faw[r]tI=14
LA809,LA,809,faw[r]{t}I=14
LA810,LA,810,foe[r]tI=14
LA811,LA,811,faw(r)tI=14
LA812,LA,812,foe[r]tI=14
LA813,LA,813,foertI=14
LA814,LA,814,faw{r}tI=14
LA815,LA,815,foertI=14
LA816,LA,816,fawrtI=14
LA817,LA,817,foe[r]tI=14
TX818,TX,818,faw[r]tI=14
TX819,TX,819,fawrtI=14
TX820,TX,820,fawr{t}I=14
TX821,TX,821,faw(r)tI=14
TX822,TX,822,foertI=14
TX823,TX,823,foe{r}tI=14
TX824,TX,824,fawr{t}I=14
TX825,TX,825,faw{r}tI=14
TX826,TX,826,fawrtI=14
TX827,TX,827,foertI=14
TX828,TX,828,faw(r)tI=14
TX829,TX,829,faw[r]tI=14
TX830,TX,830,faw[r]{t}I=14
TX831,TX,831,fawrtI=14
TX832,TX,832,foe[r]tI=14
TX833,TX,833,faw{r}tI=14
TX834,TX,834,foertI=14
TX835,TX,835,faw(r)tI=14
TX836,TX,836,foe{r}tI=14
TX837,TX,837,-
TX838,TX,838,faw{r}tI=14
TX839,TX,839,foertI=14
TX840,TX,840,foertI=14
TX841,TX,841,-
TX842,TX,842,faw(r)tI=14
TX843,TX,843,foertI=14
TX844,TX,844,faw[r]{t}I=14
TX845,TX,845,-
TX846,TX,846,foe{r}tI=14
TX847,TX,847,foe[r]tI=14
TX848,TX,848,foertI=14
TX848,TX,848,fawrtI=14
TX849,TX,849,faw(r)tI=14
TX850,TX,850,foertI=14
TX851,TX,851,foe{r}tI=14
TX852,TX,852,foertI=14
TX852,TX,852,fortI=14
TX853,TX,853,fawrtI=14
TX854,TX,854,foe(r)tI=14
TX855,TX,855,fawrtI=14
TX856,TX,856,faw[r]tI=14
TX857,TX,857,foe{r}tI=14
TX858,TX,858,foe[r]tI=14
TX859,TX,859,fawrtI=14
TX860,TX,860,faw(r)tI=14
TX861,TX,861,foertI=14
TX861,TX,861,faw{r}tI=14
TX862,TX,862,foertI=14
TX863,TX,863,fawrtI=14
TX864,TX,864,faw[r]tI=14
TX865,TX,865,foe{r}tI=14
TX865,TX,865,faw[r]tI=14
TX866,TX,866,faw[r]tI=14
TX867,TX,867,foe{r}{t}I=14
TX868,TX,868,foe[r]tI=14
TX869,TX,869,foe[r]tI=14
TX870,TX,870,fawrtI=14
TX871,TX,871,foe{r}tI=14
TX872,TX,872,faw(r)tI=14
TX873,TX,873,faw(r){t}I=14
TX874,TX,874,foe[r]tI=14
TX875,TX,875,foe[r]tI=14
TX876,TX,876,fortI=14
TX877,TX,877,foertI=14
TX878,TX,878,fawrtI=14
TX879,TX,879,foe[r]tI=14
TX879,TX,879,foe(r)tI=14
TX880,TX,880,faw(r)tI=14
TX881,TX,881,-
TX882,TX,882,fawrtI=14
TX883,TX,883,fawrtI=14
TX884,TX,884,foe(r)tI=14
TX885,TX,885,fawrtI=14
TX886,TX,886,foertI=14
TX887,TX,887,fortI=14
TX888,TX,888,faw(r){t}I=14
TX889,TX,889,foe{r}tI=14
TX890,TX,890,faw[r]tI=14
TX891,TX,891,foertI=14
TX892,TX,892,foertI=14
TX893,TX,893,foertI=14
TX894,TX,894,foertee=13
TX895,TX,895,foertI=14
TX896,TX,896,faw(r){t}I=14
TX896,TX,896,faw[r]{t}I=14
TX897,TX,897,foertI=14
TX898,TX,898,foertI=14
TX899,TX,899,foertI=14
TX900,TX,900,faw[r]tI=14
TX901,TX,901,fawrtI=14
TX902,TX,902,foertI=14
TX903,TX,903,foe[r]tI=14
TX904,TX,904,faw{r}{t}I=14
TX904,TX,904,fo{r}tI=14
TX905,TX,905,fawrtI=14
TX906,TX,906,foertI=14
TX907,TX,907,foe{r}tI=14
TX908,TX,908,foe{r}{t}I=14
TX909,TX,909,foer{t}I=14
TX910,TX,910,faw[r]{t}I=14
TX911,TX,911,foertI=14
