Informant,State,Informant number,Response
TN001,TN,001,septimbR=314
TN002,TN,002,septembR=134
TN003,TN,003,septembR=134
TN004,TN,004,septembR=134
TN005,TN,005,septembR=134
TN006,TN,006,septembR=134
TN007,TN,007,septembR=314
TN008,TN,008,-
TN009,TN,009,septembR=134
TN010,TN,010,septembR=314
TN011,TN,011,septembR=134
TN012,TN,012,septembR=134
TN013,TN,013,septem(b)R=134
TN014,TN,014,septembR=134
TN015,TN,015,septembR=134
TN016,TN,016,sIptemb[R]=414
TN017,TN,017,septembR=314
TN018,TN,018,septembR=134
TN019,TN,019,septembR=134
TN020,TN,020,septembR=314
TN021,TN,021,septembR=314
TN022,TN,022,septembR=314
TN023,TN,023,septembR=134
TN024,TN,024,septembR=314
TN025,TN,025,septembR=134
TN026,TN,026,septem(b)R=314
TN027,TN,027,septembR=314
TN028,TN,028,septembR=314
TN029,TN,029,septem(b)[R]=134
TN030,TN,030,septem(b)[R]=314
TN031,TN,031,septembR=134
TN032,TN,032,septembR=134
TN033,TN,033,septembR=314
TN034,TN,034,septembR=314
TN035,TN,035,septembR=314
TN036,TN,036,septembR=134
TN037,TN,037,septembR=314
TN038,TN,038,septembR=134
TN039,TN,039,septim(b)R=314
TN040,TN,040,septimbR=314
TN041,TN,041,septembR=134
TN042,TN,042,septemb[R]=314
TN043,TN,043,septembR=314
TN044,TN,044,septembR=314
TN045,TN,045,septembR=134
TN046,TN,046,septembR=314
TN047,TN,047,septimbR=314
TN048,TN,048,septembR=134
TN049,TN,049,septembR=314
TN050,TN,050,septembR=134
TN051,TN,051,septimbR=314
TN052,TN,052,-
TN053,TN,053,septembR=134
TN054,TN,054,septimbR=134
TN055,TN,055,septimbR=214
TN056,TN,056,septim{d}R=314
TN057,TN,057,septimbR=314
TN058,TN,058,septembR=134
TN059,TN,059,septembR=134
TN060,TN,060,septembR=314
GA061,GA,061,septembR=134
GA062,GA,062,septiml[R]=314
GA063,GA,063,septembR=134
GA064,GA,064,septembR=134
GA065,GA,065,septembR=314
GA066,GA,066,siptemmR=314
GA067,GA,067,septemb{R}=314
GA068,GA,068,septembR=134
GA069,GA,069,septimbR=134
GA070,GA,070,septembR=314
GA071,GA,071,septim{d}R=134
GA072,GA,072,septemb[R]=134
GA073,GA,073,septimbR=134
GA074,GA,074,septimbR=314
GA075,GA,075,septimb[R]=134
GA076,GA,076,septemb{R}=134
GA077,GA,077,septemb[R]=134
GA078,GA,078,septimb[R]=314
GA079,GA,079,septemb[R]=134
GA080,GA,080,septembR=134
GA081,GA,081,septembR=134
GA082,GA,082,-
GA083,GA,083,septemb{R}=314
GA084,GA,084,septem(b)[R]=134
GA085,GA,085,septim{b}{R}=214
GA086,GA,086,septembR=314
GA087,GA,087,septimbR=214
GA088,GA,088,septem(b)[R]=134
GA089,GA,089,septimbu[r]=123
GA090,GA,090,septimbR=314
GA091,GA,091,septimb{R}=314
GA092,GA,092,-
GA093,GA,093,septImb[R]=144
GA094,GA,094,-
GA095,GA,095,septemb{R}=134
GA096,GA,096,septemb[R]=134
GA097,GA,097,septimb[R]=314
GA098,GA,098,septimm[R]=134
GA099,GA,099,septemb[R]=314
GA100,GA,100,septimb[R]=214
GA101,GA,101,septimbR=314
GA102,GA,102,septimbR=314
GA103,GA,103,septimb[R]=314
GA104,GA,104,septembR=314
GA105,GA,105,septemb[R]=134
GA106,GA,106,septembR=314
GA107,GA,107,septemb{R}=314
GA108,GA,108,septem(b)R=314
GA109,GA,109,septim{b}[R]=314
GA110,GA,110,septimb[R]=134
GA111,GA,111,septimb[R]=134
GA112,GA,112,septemb[R]=214
GA113,GA,113,septemb[R]=314
GA114,GA,114,septemb[R]=134
GA115,GA,115,septem(b)[R]=134
GA116,GA,116,septem(b)[R]=134
GA117,GA,117,septemb[R]=134
GA118,GA,118,septemb[R]=134
GA119,GA,119,septimb[R]=314
GA120,GA,120,septemb{R}=134
GA121,GA,121,septemb[R]=134
GA122,GA,122,septimbR=134
GA123,GA,123,-
GA124,GA,124,septimbR=314
GA125,GA,125,-
GA126,GA,126,septem(b)[R]=134
GA127,GA,127,septem(b)[R]=134
GA128,GA,128,septem(b)[R]=134
GA129,GA,129,septimb[R]=134
GA130,GA,130,septimb[R]=134
GA131,GA,131,septem(b)[R]=134
GA132,GA,132,septem(b)[R]=134
GA133,GA,133,septim{b}[R]=134
GA134,GA,134,septem(b)[R]=134
GA135,GA,135,septemb[R]=314
GA136,GA,136,septimb[R]=134
GA137,GA,137,septimb[R]=314
GA138,GA,138,septemb[R]=314
GA139,GA,139,septimb[R]=134
GA140,GA,140,septem(b)[R]=134
GA141,GA,141,septimb[R]=134
GA142,GA,142,septemb[R]=134
GA143,GA,143,septemb[R]=314
GA144,GA,144,septimb[R]=314
GA145,GA,145,-
GA146,GA,146,septemb[R]=314
GA147,GA,147,septemb[R]=134
GA148,GA,148,septemb[R]=134
GA149,GA,149,septem(b)[R]=134
GA150,GA,150,septemb{R}=314
GA151,GA,151,septimbR=134
GA152,GA,152,septimbR=314
GA153,GA,153,septemb[R]=134
GA154,GA,154,-
GA155,GA,155,-
GA156,GA,156,septemb[R]=314
GA157,GA,157,septimb[R]=314
GA158,GA,158,-
GA159,GA,159,septimbR=314
GA160,GA,160,septemb[R]=134
GA161,GA,161,septemb[R]=214
GA162,GA,162,septimbR=134
GA163,GA,163,septim{b}[R]=314
GA164,GA,164,septimbR=314
GA165,GA,165,-
GA166,GA,166,septembR=134
GA167,GA,167,septemb[R]=314
GA168,GA,168,septim{d}[R]=134
GA169,GA,169,-
GA170,GA,170,septemb[R]=314
GA171,GA,171,septimbR=314
GA172,GA,172,septimb[R]=134
GA173,GA,173,septimbR=134
GA174,GA,174,septemb[R]=134
GA175,GA,175,-
GA176,GA,176,septembR=134
GA177,GA,177,septemb[R]=314
GA178,GA,178,septem(b)[R]=134
GA179,GA,179,septemb[R]=134
GA180,GA,180,septemb[R]=134
GA181,GA,181,-
GA182,GA,182,septimbur=313
GA183,GA,183,septim(b)[R]=314
GA184,GA,184,septimbR=134
GA185,GA,185,septembR=134
GA186,GA,186,septembR=134
GA187,GA,187,septimb{R}=134
GA188,GA,188,septem(b)[R]=134
GA189,GA,189,septimb[R]=134
GA190,GA,190,septem(b)[R]=134
GA191,GA,191,septembR=314
GA192,GA,192,septimb{R}=134
GA193,GA,193,-
GA194,GA,194,septemb{R}=314
GA195,GA,195,-
GA196,GA,196,septem(b)[R]=314
GA196,GA,196,septem(b)[R]=134
GA197,GA,197,septemb{R}=314
GA198,GA,198,septemb[R]=134
GA199,GA,199,-
GA200,GA,200,septemb[R]=314
GA201,GA,201,septembR=314
GA202,GA,202,septemb[R]=314
GA203,GA,203,septembR=134
GA204,GA,204,septimbR=314
GA205,GA,205,septimb{R}=214
GA206,GA,206,septembR=134
GA207,GA,207,septemb[R]=314
GA208,GA,208,septimbR=214
GA209,GA,209,septimb[R]=214
GA210,GA,210,septemb[R]=314
GA211,GA,211,septimbR=134
GA212,GA,212,septimbR=314
GA213,GA,213,septemb[R]=314
GA214,GA,214,septemb[R]=314
GA215,GA,215,septem(b)[R]=134
GA216,GA,216,septemb[R]=314
GA217,GA,217,septemb[R]=214
GA218,GA,218,septim{d}[R]=314
GA219,GA,219,-
GA220,GA,220,septImb[R]=144
GA221,GA,221,septemb[R]=134
GA222,GA,222,septimb[R]=134
GA223,GA,223,septemb{R}=134
GA224,GA,224,-
GA225,GA,225,septemb[R]=134
FL226,FL,226,septemb[R]=314
FL227,FL,227,septimbR=314
FL228,FL,228,septemb[R]=314
FL229,FL,229,septimb[R]=314
FL230,FL,230,septembR=314
FL231,FL,231,septembR=314
FL232,FL,232,septimbR=134
FL233,FL,233,septemb{R}=314
FL234,FL,234,septemb[R]=314
FL235,FL,235,septembR=314
FL236,FL,236,septim{b}[R]=214
FL237,FL,237,septemb[R]=134
FL238,FL,238,septem(b)R=134
FL239,FL,239,septimbR=314
FL240,FL,240,septimbR=314
FL241,FL,241,-
FL242,FL,242,septembR=134
FL243,FL,243,septimbR=134
FL244,FL,244,-
FL245,FL,245,septimb[R]=314
FL246,FL,246,septemb[R]=134
FL247,FL,247,septimbR=314
FL248,FL,248,septimbR=134
FL249,FL,249,septimbR=134
FL250,FL,250,septemb{R}=314
FL251,FL,251,septemb[R]=134
FL252,FL,252,-
FL253,FL,253,septimbR=314
FL254,FL,254,septembR=134
FL255,FL,255,-
FL256,FL,256,septem(b)[R]=134
FL257,FL,257,septem(b)R=134
FL258,FL,258,septimbR=134
FL259,FL,259,septembR=214
FL260,FL,260,-
FL261,FL,261,septembR=314
FL262,FL,262,septimb{R}=314
FL263,FL,263,septemb[R]=314
FL264,FL,264,septimbR=314
FL265,FL,265,septimb[R]=314
FL266,FL,266,septimbR=314
FL267,FL,267,septemb[R]=314
FL268,FL,268,septim{d}[R]=314
FL269,FL,269,sIptembR=414
FL270,FL,270,sIptembR=414
FL271,FL,271,septemb[R]=314
FL272,FL,272,septimbR=314
FL273,FL,273,-
FL274,FL,274,septembR=314
FL275,FL,275,septimbR=314
FL276,FL,276,septemb[R]=314
FL277,FL,277,semptemb{R}=314
FL278,FL,278,septembR=314
FL279,FL,279,septimbR=314
FL280,FL,280,septemb[R]=314
FL281,FL,281,septimb[R]=314
FL282,FL,282,-
FL283,FL,283,septimmR=314
FL284,FL,284,septembR=134
FL285,FL,285,septimbR=314
FL286,FL,286,septembR=314
FL287,FL,287,-
FL288,FL,288,septemb[R]=314
FL289,FL,289,septemb[R]=314
TN290,TN,290,septembR=314
TN291,TN,291,septembR=314
TN292,TN,292,septem(b)R=134
TN293,TN,293,septemb[R]=134
TN294,TN,294,septimb[R]=314
TN295,TN,295,septimb[R]=314
TN296,TN,296,septimb{R}=134
TN297,TN,297,septimbR=314
TN298,TN,298,septemb[R]=134
TN299,TN,299,septemb{R}=314
TN300,TN,300,septimbR=314
TN301,TN,301,septemb[R]=314
TN302,TN,302,septembR=134
TN303,TN,303,septemb{R}=314
TN304,TN,304,septemb[R]=134
TN305,TN,305,-
TN306,TN,306,septimbR=134
TN307,TN,307,septimbR=314
TN308,TN,308,-
TN309,TN,309,septimbR=134
TN310,TN,310,-
TN311,TN,311,septem{b}R=314
TN312,TN,312,septimb[R]=314
TN313,TN,313,-
TN314,TN,314,septimb[R]=314
TN315,TN,315,septemb{R}=314
TN316,TN,316,septim{b}[R]=134
TN317,TN,317,septemb[R]=134
TN318,TN,318,septembR=314
TN319,TN,319,-
TN320,TN,320,septembR=314
TN321,TN,321,septemb[R]=134
TN322,TN,322,septimbR=314
TN323,TN,323,septemb[R]=134
TN324,TN,324,septembR=134
TN325,TN,325,septimbR=134
TN326,TN,326,septembR=314
TN327,TN,327,septemb{R}=134
TN328,TN,328,septimb[R]=314
TN329,TN,329,septimbR=314
TN330,TN,330,septemb[R]=134
TN331,TN,331,septemb[R]=314
TN332,TN,332,siptimb[R]=124
TN333,TN,333,septembR=134
TN334,TN,334,septimbR=134
TN335,TN,335,septembur=123
TN336,TN,336,septimbR=314
AL337,AL,337,-
AL338,AL,338,septembR=314
AL339,AL,339,-
AL340,AL,340,septimb[R]=314
AL341,AL,341,-
AL342,AL,342,siptimb{R}=314
AL343,AL,343,septembR=314
AL344,AL,344,septemb[R]=314
AL345,AL,345,septimb{R}=314
AL346,AL,346,septimb[R]=134
AL347,AL,347,septemb[R]=134
AL348,AL,348,septimbR=314
AL349,AL,349,septemb[R]=314
AL350,AL,350,septembR=134
AL351,AL,351,septimb[R]=314
AL352,AL,352,septimbR=314
AL353,AL,353,-
AL354,AL,354,septembR=134
AL355,AL,355,-
AL356,AL,356,septembR=134
AL357,AL,357,septimbR=314
AL358,AL,358,septimbR=134
AL359,AL,359,septim{d}R=314
AL360,AL,360,septimbR=314
AL361,AL,361,septimbR=134
AL362,AL,362,septim{b}R=134
AL363,AL,363,septemb{R}=314
AL364,AL,364,septimb[R]=314
AL365,AL,365,septembR=314
AL366,AL,366,septimbR=314
AL367,AL,367,septembR=314
AL368,AL,368,septim{d}[R]=314
AL369,AL,369,septimb[R]=134
AL370,AL,370,septimbR=314
AL371,AL,371,-
AL372,AL,372,septimbR=314
AL373,AL,373,septemb[R]=314
AL374,AL,374,septimbR=314
AL375,AL,375,septimbR=314
AL376,AL,376,-
AL377,AL,377,septem(b)[R]=214
AL378,AL,378,-
AL379,AL,379,-
AL380,AL,380,septimb{R}=314
AL381,AL,381,septimbR=134
AL382,AL,382,septemb[R]=134
AL383,AL,383,septembR=314
AL384,AL,384,septemb{R}=314
AL385,AL,385,septemb[R]=134
AL386,AL,386,septemb[R]=314
AL387,AL,387,septembR=314
AL388,AL,388,septimb[R]=134
AL389,AL,389,septemb[R]=134
AL390,AL,390,septimb[R]=134
AL391,AL,391,septimbR=314
AL392,AL,392,septemb[R]=134
AL393,AL,393,septemb[R]=134
AL394,AL,394,septemb[R]=314
AL395,AL,395,septemb[R]=134
AL396,AL,396,-
AL397,AL,397,sIptimbR=414
AL398,AL,398,septimb[R]=314
AL399,AL,399,septimb[R]=134
AL400,AL,400,septemb[R]=314
AL401,AL,401,septemb[R]=214
AL402,AL,402,septem(b)[R]=134
AL403,AL,403,septembR=314
AL404,AL,404,septimb[R]=314
AL405,AL,405,septimbR=314
AL406,AL,406,septim{b}[R]=314
AL407,AL,407,septemb{R}=134
AL408,AL,408,-
AL409,AL,409,septemb[R]=314
AL410,AL,410,septimb[R]=134
AL411,AL,411,-
AL412,AL,412,septemb[R]=314
AL413,AL,413,septemb[R]=134
AL414,AL,414,sIptimb{R}=414
AL415,AL,415,septimb[R]=314
AL416,AL,416,septemb[R]=314
AL417,AL,417,septimb[R]=314
AL418,AL,418,septemb[R]=314
AL419,AL,419,septemb{R}=314
AL420,AL,420,septemb[R]=134
AL421,AL,421,septimb[R]=314
AL422,AL,422,septem{b}{R}=314
AL423,AL,423,septembR=314
AL424,AL,424,septimbR=134
AL425,AL,425,septim{b}{R}=314
AL426,AL,426,septembR=134
AL427,AL,427,septimb[R]=134
AL428,AL,428,septimb[R]=314
AL429,AL,429,-
AL430,AL,430,septembR=314
AL431,AL,431,septim{b}{R}=314
AL432,AL,432,-
AL433,AL,433,septimb[R]=134
AL434,AL,434,septemb[R]=134
AL435,AL,435,septembR=314
AL436,AL,436,septimb{R}=134
AL437,AL,437,septembR=314
AL438,AL,438,septem(b)[R]=134
AL439,AL,439,septimb[R]=214
AL440,AL,440,-
AL441,AL,441,septim{b}{R}=134
AL442,AL,442,thiptimm[R]=134
AL443,AL,443,septimbR=314
AL444,AL,444,septemb[R]=314
AL445,AL,445,septimb[R]=314
AL446,AL,446,septembR=134
AL447,AL,447,septembR=314
AL448,AL,448,septemb{R}=314
AL449,AL,449,septemb[R]=134
AL450,AL,450,septimb[R]=134
AL451,AL,451,septem(b)R=314
FL452,FL,452,septembR=314
FL453,FL,453,septimbR=314
FL454,FL,454,septemb[R]=314
FL455,FL,455,septembR=314
FL456,FL,456,septemb[R]=314
FL457,FL,457,septembR=314
FL458,FL,458,septimbR=314
FL459,FL,459,-
FL460,FL,460,septemb{R}=134
FL461,FL,461,septembR=134
FL462,FL,462,septimbR=134
FL463,FL,463,-
FL464,FL,464,septem(b)[R]=314
FL465,FL,465,septim{b}[R]=134
FL466,FL,466,septimbR=314
FL467,FL,467,septembR=314
FL468,FL,468,septimb[R]=314
FL469,FL,469,septemb{R}=314
FL470,FL,470,septem{b}R=314
FL471,FL,471,septemb[R]=314
AL472,AL,472,septimb[R]=314
AL473,AL,473,septemb{R}=314
AL474,AL,474,septembR=314
AL475,AL,475,septemb[R]=314
AL476,AL,476,septembR=134
AL477,AL,477,septimb{R}=134
AL478,AL,478,-
AL479,AL,479,septemb[R]=134
AL480,AL,480,septemb{R}=314
AL481,AL,481,septimb[R]=314
AL482,AL,482,septemb[R]=314
AL483,AL,483,-
AL484,AL,484,septimbR=314
AL485,AL,485,septimbR=314
TN486,TN,486,septembR=134
TN487,TN,487,septemb[R]=134
TN488,TN,488,septembR=314
TN489,TN,489,septemb[R]=214
TN490,TN,490,septembR=314
TN491,TN,491,-
TN492,TN,492,septimbR=314
TN493,TN,493,septemb[R]=314
TN494,TN,494,septembR=134
TN495,TN,495,septimb[R]=314
TN496,TN,496,septimbR=314
TN497,TN,497,septemb{R}=134
TN498,TN,498,septimbR=134
TN499,TN,499,septe[m]b{R}=314
TN500,TN,500,septemb[R]=134
TN501,TN,501,septimb[R]=134
TN502,TN,502,se(p)tim{b}R=314
TN503,TN,503,septemb[R]=134
TN504,TN,504,septimbR=134
TN505,TN,505,septem(b)[R]=134
TN506,TN,506,septembR=314
TN507,TN,507,septemb[R]=214
TN508,TN,508,septemb[R]=314
TN509,TN,509,septemb{R}=314
TN510,TN,510,septimb[R]=314
TN511,TN,511,septimbR=314
TN512,TN,512,septem(b)R=134
TN513,TN,513,septem(b)[R]=134
TN514,TN,514,septembR=314
TN515,TN,515,septimbR=314
TN516,TN,516,septimbR=314
TN517,TN,517,septimbR=314
TN518,TN,518,septimbR=314
TN519,TN,519,septemb{R}=314
MS520,MS,520,septembR=134
MS521,MS,521,septemb[R]=314
MS522,MS,522,septimbR=314
MS523,MS,523,-
MS524,MS,524,septimbR=314
MS525,MS,525,septimb[R]=134
MS526,MS,526,septemb[R]=314
MS527,MS,527,septemb{R}=134
MS528,MS,528,septemb[R]=314
MS529,MS,529,-
MS530,MS,530,septim{b}{R}=314
MS531,MS,531,septimb[R]=134
MS532,MS,532,septimb[R]=134
MS533,MS,533,septimbR=314
MS534,MS,534,septimb{R}=134
MS535,MS,535,septembR=314
MS536,MS,536,septemb{R}=134
MS537,MS,537,septemb[R]=134
MS538,MS,538,septemb[R]=314
MS539,MS,539,septemb[R]=134
MS540,MS,540,septemb[R]=314
MS541,MS,541,-
MS542,MS,542,septemb{R}=134
MS543,MS,543,septemm[R]=134
MS544,MS,544,septemb{R}=134
MS545,MS,545,septimb[R]=314
MS546,MS,546,septemb[R]=214
MS547,MS,547,septimbR=314
MS548,MS,548,septembR=134
MS549,MS,549,septemb{R}=314
MS550,MS,550,-
MS551,MS,551,septemb{R}=314
MS552,MS,552,septemb[R]=134
MS553,MS,553,septimb[R]=134
MS554,MS,554,-
MS555,MS,555,septemb[R]=314
MS556,MS,556,septimbR=314
MS557,MS,557,septimb[R]=314
MS558,MS,558,septimbR=314
MS559,MS,559,septimbR=314
MS560,MS,560,-
MS561,MS,561,-
MS562,MS,562,-
MS563,MS,563,septemb[R]=314
MS564,MS,564,septemb[R]=314
MS565,MS,565,septimb[R]=314
MS566,MS,566,septimb[R]=314
MS567,MS,567,septemb[R]=134
MS568,MS,568,septemb[R]=134
MS569,MS,569,-
MS570,MS,570,septimb[R]=314
MS571,MS,571,septimb[R]=314
MS572,MS,572,septemb[R]=134
MS573,MS,573,septimb[R]=314
MS574,MS,574,septemb[R]=314
MS575,MS,575,septemb[R]=314
MS576,MS,576,septem(b){R}=314
MS577,MS,577,septemb[R]=134
MS578,MS,578,septem{b}{R}=134
MS579,MS,579,septembR=314
MS580,MS,580,-
MS581,MS,581,septimb[R]=134
MS582,MS,582,septem(b)[R]=134
MS583,MS,583,septembR=134
MS584,MS,584,septembR=314
MS585,MS,585,septem(b)R=134
MS586,MS,586,septimb[R]=314
MS587,MS,587,se(p)temb[R]=314
MS588,MS,588,septimb[R]=214
MS589,MS,589,-
MS590,MS,590,-
MS591,MS,591,septimbR=314
MS592,MS,592,-
MS593,MS,593,septemb[R]=134
MS594,MS,594,septem(b)[R]=134
MS595,MS,595,septembR=314
MS596,MS,596,septimb[R]=134
MS597,MS,597,septembR=214
MS598,MS,598,septemb[R]=134
MS599,MS,599,septembR=314
MS600,MS,600,siptimbR=134
MS601,MS,601,septimbR=314
MS602,MS,602,septimbR=134
MS603,MS,603,-
MS604,MS,604,-
MS605,MS,605,septimbR=314
MS606,MS,606,septimbR=314
MS607,MS,607,septem(b){R}=134
MS608,MS,608,septemb[R]=314
MS609,MS,609,septimb[R]=314
MS610,MS,610,septimb[R]=214
MS611,MS,611,septimb[R]=314
MS612,MS,612,septimb[R]=214
MS613,MS,613,septemb[R]=134
MS614,MS,614,-
MS615,MS,615,septemb{R}=214
MS616,MS,616,septembR=134
MS617,MS,617,septimb[R]=134
MS618,MS,618,septimb[R]=134
MS619,MS,619,septemb[R]=314
MS620,MS,620,septimb[R]=134
MS621,MS,621,septemb[R]=314
MS622,MS,622,septemb{R}=314
MS623,MS,623,-
MS624,MS,624,septembR=314
MS625,MS,625,septemb{R}=314
MS626,MS,626,-
MS627,MS,627,septem{b}[R]=134
MS628,MS,628,septimbR=314
MS629,MS,629,septimbR=134
LA630,LA,630,sIptemb[R]=414
LA631,LA,631,septemb{R}=314
LA632,LA,632,septimbR=314
LA633,LA,633,septim{b}R=314
LA634,LA,634,septimb[R]=134
LA635,LA,635,septembR=134
LA636,LA,636,septimbR=314
LA637,LA,637,septemb[R]=314
LA638,LA,638,septimb[R]=314
LA639,LA,639,septem{b}[R]=134
LA640,LA,640,septimb[R]=314
LA641,LA,641,septemb[R]=134
LA642,LA,642,-
LA643,LA,643,septimbR=314
LA644,LA,644,-
LA645,LA,645,siptemb[R]=314
LA646,LA,646,septemb{R}=314
LA647,LA,647,septemb[R]=314
LA648,LA,648,septemb[R]=314
LA649,LA,649,sAptembur=413
LA650,LA,650,suptemb[R]=314
LA651,LA,651,-
LA652,LA,652,septembR=314
LA653,LA,653,septemb{R}=314
LA654,LA,654,septimbR=314
LA655,LA,655,-
LA656,LA,656,septembR=314
LA657,LA,657,septembR=314
LA657X,LA,657X,septemb[R]=314
LA657Y,LA,657Y,septemb[R]=314
LA657Z,LA,657Z,septemb[R]=314
LA658,LA,658,septemb[R]=314
LA659,LA,659,septemb[R]=314
LA660,LA,660,septim{b}[R]=314
LA661,LA,661,sAptembR=414
LA662,LA,662,septemb[R]=314
LA663,LA,663,sAptemb{R}=414
LA664,LA,664,septemb[R]=314
LA665,LA,665,septemb[R]=314
LA666,LA,666,septimb[R]=134
LA667,LA,667,septemb[R]=314
LA668,LA,668,siptim{d}R=314
LA669,LA,669,septimb[R]=314
LA670,LA,670,septemb{R}=314
LA671,LA,671,septimbR=314
LA672,LA,672,septemb{R}=314
LA673,LA,673,septemb[R]=314
AR674,AR,674,septembR=314
AR675,AR,675,septembR=314
AR676,AR,676,septemb[R]=214
AR677,AR,677,septimb[R]=314
AR678,AR,678,septembR=134
AR679,AR,679,theptimbR=314
AR680,AR,680,septimbR=134
AR681,AR,681,septimbR=134
AR682,AR,682,septimbR=314
AR683,AR,683,septimbR=134
AR684,AR,684,septem(b)R=134
AR685,AR,685,septimbR=134
AR686,AR,686,septembR=314
AR687,AR,687,septimbR=134
AR688,AR,688,septemb[R]=134
AR689,AR,689,septemb{R}=134
AR690,AR,690,septemb[R]=314
AR691,AR,691,septimbR=314
AR692,AR,692,septemb[R]=314
AR693,AR,693,septembR=314
AR694,AR,694,septembR=134
AR695,AR,695,septimb[R]=314
AR696,AR,696,septemb[R]=134
AR697,AR,697,septem{b}{R}=134
AR698,AR,698,septimbR=314
AR699,AR,699,-
AR700,AR,700,-
AR701,AR,701,septemb[R]=314
AR702,AR,702,-
AR703,AR,703,-
AR704,AR,704,septimbR=314
AR705,AR,705,septimbR=314
AR706,AR,706,-
AR707,AR,707,septemb[R]=314
AR708,AR,708,septimbR=134
AR709,AR,709,septembR=314
AR710,AR,710,septimbR=314
AR711,AR,711,septimbR=314
AR712,AR,712,septimbR=314
AR713,AR,713,septembR=134
AR714,AR,714,septim{d}R=314
AR715,AR,715,-
AR716,AR,716,septemb{R}=134
AR717,AR,717,-
AR718,AR,718,septemb{R}=314
AR719,AR,719,septimbR=314
AR720,AR,720,septembR=134
AR721,AR,721,septimbR=314
AR722,AR,722,septembR=134
AR723,AR,723,septimbR=134
AR724,AR,724,septembR=134
AR725,AR,725,septimbR=314
AR726,AR,726,septembR=314
AR727,AR,727,septimbR=214
AR728,AR,728,septemb{R}=134
AR729,AR,729,septem{b}R=134
AR730,AR,730,septembR=314
AR731,AR,731,septimbR=314
AR732,AR,732,septimbR=314
AR733,AR,733,septimbR=134
AR734,AR,734,-
AR735,AR,735,septembR=314
AR736,AR,736,septem{b}R=314
AR737,AR,737,septim{d}R=314
AR738,AR,738,septembR=314
AR739,AR,739,-
AR740,AR,740,septembR=134
AR741,AR,741,septembR=314
AR742,AR,742,septim{b}R=134
AR743,AR,743,septimb[R]=134
AR744,AR,744,septimbR=134
AR745,AR,745,-
AR746,AR,746,septemb[R]=134
AR747,AR,747,septembR=134
AR748,AR,748,septimb[R]=314
AR749,AR,749,septimbR=314
AR750,AR,750,-
AR751,AR,751,septimb{R}=314
AR752,AR,752,septembR=134
AR753,AR,753,septimbR=314
AR754,AR,754,septimb{R}=314
AR755,AR,755,septimbR=314
LA756,LA,756,septim{b}{R}=314
LA757,LA,757,septemb[R]=314
LA758,LA,758,septimbR=314
LA759,LA,759,-
LA760,LA,760,-
LA761,LA,761,septemb[R]=314
LA762,LA,762,-
LA763,LA,763,-
LA764,LA,764,septemb[R]=134
LA765,LA,765,septembR=134
LA766,LA,766,septemb[R]=314
LA767,LA,767,septimbR=134
LA768,LA,768,septimb{R}=214
LA769,LA,769,suptembR=314
LA770,LA,770,-
LA771,LA,771,septem{d}[R]=314
LA772,LA,772,septimb[R]=134
LA773,LA,773,septemb[R]=134
LA774,LA,774,-
LA775,LA,775,septemb[R]=314
LA776,LA,776,septimbR=314
LA777,LA,777,septimb[R]=314
LA778,LA,778,septimbR=314
LA779,LA,779,septembR=314
LA780,LA,780,septimbR=314
LA781,LA,781,septembR=134
LA782,LA,782,septimb[R]=314
LA783,LA,783,septim{d}R=134
LA784,LA,784,-
LA785,LA,785,septemb[R]=124
LA786,LA,786,septemb{R}=134
LA787,LA,787,septimbR=314
LA788,LA,788,septimbR=134
LA789,LA,789,-
LA790,LA,790,-
LA791,LA,791,septimbR=314
LA792,LA,792,septembR=314
LA793,LA,793,-
LA794,LA,794,septembR=134
LA795,LA,795,septim{d}[R]=134
LA796,LA,796,septemb{R}=314
LA797,LA,797,septemb[R]=314
LA798,LA,798,septemb{R}=314
LA799,LA,799,-
LA800,LA,800,septimbR=134
LA801,LA,801,septembR=134
LA802,LA,802,septimb{R}=314
LA803,LA,803,septemb[R]=134
LA804,LA,804,-
LA805,LA,805,septem(b)[R]=314
LA806,LA,806,sIptimb[R]=414
LA807,LA,807,septembR=124
LA808,LA,808,sIptemb[R]=414
LA809,LA,809,septemb[R]=314
LA810,LA,810,septemb[R]=314
LA811,LA,811,siptimb[R]=314
LA812,LA,812,siptemb[R]=134
LA813,LA,813,septimb[R]=134
LA814,LA,814,septembR=314
LA815,LA,815,septemb{R}=314
LA816,LA,816,septimbR=314
LA817,LA,817,septimbR=134
TX818,TX,818,-
TX819,TX,819,septembR=134
TX820,TX,820,septimbR=314
TX821,TX,821,septimb[R]=314
TX822,TX,822,septimbR=314
TX823,TX,823,septimbR=314
TX824,TX,824,septembR=314
TX825,TX,825,septemb{R}=134
TX826,TX,826,septembR=134
TX827,TX,827,septembR=314
TX828,TX,828,septimb[R]=314
TX829,TX,829,septemb[R]=314
TX830,TX,830,septembR=314
TX831,TX,831,septembR=314
TX832,TX,832,-
TX833,TX,833,septemb{R}=314
TX834,TX,834,septimbR=314
TX835,TX,835,septem{b}{R}=134
TX836,TX,836,septemb{R}=134
TX837,TX,837,septimbR=314
TX838,TX,838,septembR=314
TX839,TX,839,septem(b)R=314
TX840,TX,840,septimbR=314
TX841,TX,841,-
TX842,TX,842,septembR=134
TX843,TX,843,septimbR=314
TX844,TX,844,sIptembR=414
TX845,TX,845,-
TX846,TX,846,septemb{R}=314
TX847,TX,847,-
TX848,TX,848,septemb{R}=134
TX849,TX,849,septimbR=314
TX850,TX,850,septimbR=314
TX851,TX,851,-
TX852,TX,852,septimbR=214
TX853,TX,853,septimbR=134
TX854,TX,854,septimbR=314
TX855,TX,855,-
TX856,TX,856,septemb[R]=314
TX857,TX,857,septemb[R]=214
TX858,TX,858,zeptemb[R]=214
TX859,TX,859,septimbR=134
TX860,TX,860,sIptemb{R}=414
TX861,TX,861,septemb{R}=214
TX862,TX,862,septimbR=134
TX863,TX,863,septimbR=314
TX864,TX,864,septemb[R]=314
TX865,TX,865,septemb[R]=314
TX866,TX,866,septimb[R]=314
TX867,TX,867,sIptemb[R]=414
TX868,TX,868,septemb[R]=134
TX869,TX,869,septemb{R}=314
TX870,TX,870,septimbR=314
TX871,TX,871,-
TX872,TX,872,-
TX873,TX,873,septimb[R]=314
TX874,TX,874,septemb[R]=134
TX875,TX,875,septimbR=134
TX876,TX,876,sIptimbR=414
TX877,TX,877,septembR=314
TX878,TX,878,septembR=314
TX879,TX,879,-
TX880,TX,880,septemb{R}=314
TX881,TX,881,-
TX882,TX,882,septimbR=314
TX883,TX,883,septembR=314
TX884,TX,884,septemb[R]=314
TX885,TX,885,septembR=314
TX886,TX,886,septembR=314
TX887,TX,887,septimbR=314
TX888,TX,888,septemb[R]=134
TX889,TX,889,septemb{R}=314
TX890,TX,890,septimbR=314
TX891,TX,891,septembR=314
TX892,TX,892,septembR=314
TX893,TX,893,septembR=314
TX894,TX,894,septembR=314
TX895,TX,895,septimbR=314
TX896,TX,896,sIptemb{R}=414
TX897,TX,897,septembR=314
TX898,TX,898,septembR=314
TX899,TX,899,septim{b}R=314
TX900,TX,900,septemb{R}=134
TX901,TX,901,siptembR=314
TX902,TX,902,septimbR=314
TX903,TX,903,-
TX904,TX,904,septemb[R]=314
TX905,TX,905,septembR=314
TX906,TX,906,septembR=314
TX907,TX,907,sAptem{b}{R}=414
TX908,TX,908,sIptemb{R}=414
TX909,TX,909,-
TX910,TX,910,septemb[R]=314
TX911,TX,911,sAptembR=414
