Informant,State,Informant number,Response
TN001,TN,001,siks(th)
TN002,TN,002,sikst
TN003,TN,003,-
TN004,TN,004,sikst
TN005,TN,005,siks(th)
TN006,TN,006,siks(th)
TN007,TN,007,siks(th)
TN008,TN,008,-
TN009,TN,009,siks(th)
TN010,TN,010,siks(th)
TN011,TN,011,siks(th)
TN012,TN,012,siks(th)
TN013,TN,013,siks(th)
TN014,TN,014,siks(th)
TN015,TN,015,siks(th)
TN016,TN,016,sikst
TN017,TN,017,siks(th)
TN018,TN,018,siks(th)
TN019,TN,019,sikst
TN020,TN,020,siks(th)
TN021,TN,021,sikst
TN022,TN,022,sikst
TN023,TN,023,siks(th)
TN024,TN,024,siksth
TN025,TN,025,-
TN026,TN,026,sikts
TN027,TN,027,sikst
TN028,TN,028,siksth
TN029,TN,029,-
TN030,TN,030,siks(th)
TN031,TN,031,siksth
TN032,TN,032,siks(th)
TN033,TN,033,siksth
TN034,TN,034,sikst
TN035,TN,035,siksth
TN036,TN,036,sikts
TN037,TN,037,sikst
TN038,TN,038,siks(th)
TN039,TN,039,siks(th)
TN040,TN,040,siksth
TN041,TN,041,sik(s)th
TN042,TN,042,sikst
TN043,TN,043,siks(th)
TN044,TN,044,siks(th)
TN045,TN,045,siksth
TN046,TN,046,sik(s)t
TN047,TN,047,sikst
TN048,TN,048,sik(s)th
TN049,TN,049,siks(th)
TN050,TN,050,-
TN051,TN,051,siks(th)
TN052,TN,052,-
TN053,TN,053,siks(th)
TN054,TN,054,-
TN055,TN,055,siksth
TN056,TN,056,siks(th)
TN057,TN,057,siksth
TN058,TN,058,siksth
TN059,TN,059,siksth
TN060,TN,060,-
GA061,GA,061,sikst
GA062,GA,062,-
GA063,GA,063,-
GA064,GA,064,siks(th)
GA065,GA,065,-
GA066,GA,066,-
GA067,GA,067,siksth
GA068,GA,068,siks(th)
GA069,GA,069,-
GA070,GA,070,siks(th)
GA071,GA,071,siks(th)
GA072,GA,072,siks(th)
GA073,GA,073,siksth
GA074,GA,074,siks(th)
GA075,GA,075,siks(th)
GA076,GA,076,sikst
GA077,GA,077,-
GA078,GA,078,sikst
GA079,GA,079,sikst
GA080,GA,080,-
GA081,GA,081,siksth
GA082,GA,082,-
GA083,GA,083,sikst
GA084,GA,084,siks(th)
GA085,GA,085,sikst
GA086,GA,086,sikst
GA087,GA,087,siks(th)
GA088,GA,088,siks(th)
GA089,GA,089,siks(th)
GA090,GA,090,siks(th)
GA091,GA,091,siks(th)
GA092,GA,092,siksth
GA093,GA,093,siks(th)
GA094,GA,094,siksth
GA095,GA,095,siks(th)
GA096,GA,096,sik(s)th
GA097,GA,097,siks(th)
GA098,GA,098,sik(sth)
GA099,GA,099,siks(th)
GA100,GA,100,siks(th)
GA101,GA,101,siks(th)
GA102,GA,102,-
GA103,GA,103,siks(th)
GA104,GA,104,siks(th)
GA105,GA,105,siks(th)
GA106,GA,106,siks(th)
GA107,GA,107,siks(th)
GA108,GA,108,siks(th)
GA109,GA,109,siks(th)
GA110,GA,110,-
GA111,GA,111,siks(th)
GA112,GA,112,siksth
GA113,GA,113,siks(th)
GA114,GA,114,-
GA115,GA,115,-
GA116,GA,116,siks(th)
GA117,GA,117,siks(th)
GA118,GA,118,siksth
GA119,GA,119,siks(th)
GA120,GA,120,siksth
GA121,GA,121,siks(th)
GA122,GA,122,siksth
GA123,GA,123,-
GA124,GA,124,siksth
GA125,GA,125,siks(th)
GA126,GA,126,siks(th)
GA127,GA,127,-
GA128,GA,128,-
GA129,GA,129,-
GA130,GA,130,-
GA131,GA,131,siks(th)
GA132,GA,132,-
GA133,GA,133,siksth
GA134,GA,134,siks(th)
GA135,GA,135,siks(th)
GA136,GA,136,sik(sth)
GA137,GA,137,siks(th)
GA138,GA,138,sikst
GA139,GA,139,siksth
GA140,GA,140,siks(th)
GA141,GA,141,siks(th)
GA142,GA,142,siks(th)
GA143,GA,143,siks(th)
GA144,GA,144,siks(th)
GA145,GA,145,-
GA146,GA,146,siks(th)
GA147,GA,147,siks(th)
GA148,GA,148,-
GA149,GA,149,siks(th)
GA150,GA,150,siks(th)
GA151,GA,151,siksth
GA152,GA,152,siks(th)
GA153,GA,153,siks(th)
GA154,GA,154,siks(th)
GA155,GA,155,siks(th)
GA156,GA,156,-
GA157,GA,157,-
GA158,GA,158,-
GA159,GA,159,sikst
GA160,GA,160,-
GA161,GA,161,siks(th)
GA162,GA,162,siks(th)
GA163,GA,163,siks(th)
GA164,GA,164,siksth
GA165,GA,165,-
GA166,GA,166,siks(th)
GA167,GA,167,siksth
GA168,GA,168,-
GA169,GA,169,-
GA170,GA,170,siks(th)
GA171,GA,171,siksth
GA172,GA,172,siks(th)
GA173,GA,173,-
GA174,GA,174,-
GA175,GA,175,-
GA176,GA,176,sikst
GA177,GA,177,siks(th)
GA178,GA,178,-
GA179,GA,179,siks(th)
GA180,GA,180,sik(sth)
GA181,GA,181,-
GA182,GA,182,sikst
GA183,GA,183,siks(th)
GA184,GA,184,-
GA185,GA,185,siksth
GA186,GA,186,siks(th)
GA187,GA,187,-
GA188,GA,188,sikst
GA189,GA,189,siks(th)
GA190,GA,190,siks(th)
GA191,GA,191,siksth
GA192,GA,192,siks(th)
GA193,GA,193,-
GA194,GA,194,siksth
GA195,GA,195,-
GA196,GA,196,-
GA197,GA,197,-
GA198,GA,198,-
GA199,GA,199,-
GA200,GA,200,siks(th)
GA201,GA,201,siks(th)
GA202,GA,202,-
GA203,GA,203,sikst
GA204,GA,204,-
GA205,GA,205,-
GA206,GA,206,siks(th)
GA207,GA,207,siks(th)
GA208,GA,208,sikst
GA209,GA,209,seks(th)
GA210,GA,210,siks(th)
GA211,GA,211,siks(th)
GA212,GA,212,siksth
GA213,GA,213,siks(th)
GA214,GA,214,siks(th)
GA215,GA,215,siks(th)
GA216,GA,216,siks(th)
GA217,GA,217,siks(th)
GA218,GA,218,siks(th)
GA219,GA,219,-
GA220,GA,220,siks(th)
GA221,GA,221,sikst
GA222,GA,222,siksth
GA223,GA,223,siks(th)
GA224,GA,224,siks(th)
GA225,GA,225,-
FL226,FL,226,siks(th)
FL227,FL,227,siks(th)
FL228,FL,228,siks(th)
FL229,FL,229,siks(th)
FL230,FL,230,siks(th)
FL231,FL,231,siksth
FL232,FL,232,siksth
FL233,FL,233,siks(th)
FL234,FL,234,siks(th)
FL235,FL,235,siks(th)
FL236,FL,236,sikst
FL237,FL,237,sik(sth)
FL238,FL,238,siksth
FL239,FL,239,siks(th)
FL240,FL,240,siks(th)
FL241,FL,241,-
FL242,FL,242,sikst
FL243,FL,243,siksth
FL244,FL,244,-
FL245,FL,245,siks(th)
FL246,FL,246,siks(th)
FL247,FL,247,siksth
FL248,FL,248,sikst
FL249,FL,249,siks(th)
FL250,FL,250,siks(th)
FL251,FL,251,siks(th)
FL252,FL,252,siks(th)
FL253,FL,253,siksth
FL254,FL,254,siksth
FL255,FL,255,-
FL256,FL,256,sikst
FL257,FL,257,siksth
FL258,FL,258,siks(th)
FL259,FL,259,siks(th)
FL260,FL,260,siksth
FL261,FL,261,siks(th)
FL262,FL,262,-
FL263,FL,263,siks(th)
FL264,FL,264,siksth
FL265,FL,265,siks(th)
FL266,FL,266,siksth
FL267,FL,267,siks(th)
FL268,FL,268,-
FL269,FL,269,sik(sth)
FL270,FL,270,siks(th)
FL271,FL,271,siks(th)
FL272,FL,272,siksth
FL273,FL,273,siks(th)
FL274,FL,274,siksth
FL275,FL,275,sik(sth)
FL276,FL,276,siks(th)
FL277,FL,277,siks(th)
FL278,FL,278,siksth
FL279,FL,279,siksth
FL280,FL,280,sikst
FL281,FL,281,siks(th)
FL282,FL,282,-
FL283,FL,283,thik(s)th
FL284,FL,284,siksth
FL285,FL,285,siksth
FL286,FL,286,siks(th)
FL287,FL,287,-
FL288,FL,288,-
FL289,FL,289,-
TN290,TN,290,sikst
TN291,TN,291,siksth
TN292,TN,292,siks(th)
TN293,TN,293,siks(th)
TN294,TN,294,siks(th)
TN295,TN,295,siks(th)
TN296,TN,296,siks(th)
TN297,TN,297,siks(th)
TN298,TN,298,-
TN299,TN,299,siks(th)
TN300,TN,300,siksth
TN301,TN,301,siks(th)
TN302,TN,302,siks(th)
TN303,TN,303,sikst
TN304,TN,304,sikst
TN305,TN,305,-
TN306,TN,306,siksth
TN307,TN,307,siksth
TN308,TN,308,-
TN309,TN,309,-
TN310,TN,310,siks(th)
TN311,TN,311,siks(th)
TN312,TN,312,-
TN313,TN,313,-
TN314,TN,314,siksth
TN315,TN,315,siksth
TN316,TN,316,siksth
TN317,TN,317,siks(th)
TN318,TN,318,-
TN319,TN,319,-
TN320,TN,320,sikst
TN321,TN,321,siks(th)
TN322,TN,322,siksth
TN323,TN,323,siksth
TN324,TN,324,siks(th)
TN325,TN,325,siksth
TN326,TN,326,siks(th)
TN327,TN,327,siks(th)
TN328,TN,328,-
TN329,TN,329,siksth
TN330,TN,330,siks(th)
TN331,TN,331,sikst
TN332,TN,332,sik(s)th
TN333,TN,333,siks(th)
TN334,TN,334,siks(th)
TN335,TN,335,sikst
TN336,TN,336,siks(th)
AL337,AL,337,siks(th)
AL338,AL,338,siksth
AL339,AL,339,sikst
AL340,AL,340,siks(th)
AL341,AL,341,siks(th)
AL342,AL,342,-
AL343,AL,343,siks(th)
AL344,AL,344,siks(th)
AL345,AL,345,siks(th)
AL346,AL,346,siks(th)
AL347,AL,347,sikst
AL348,AL,348,siksth
AL349,AL,349,siks(th)
AL350,AL,350,-
AL351,AL,351,siksth
AL352,AL,352,siks(th)
AL353,AL,353,siks(th)
AL354,AL,354,sikst
AL355,AL,355,siks(th)
AL356,AL,356,sikst
AL357,AL,357,siksth
AL358,AL,358,siks(th)
AL359,AL,359,siks(th)
AL360,AL,360,siks(th)
AL361,AL,361,siksth
AL362,AL,362,sikst
AL363,AL,363,siksth
AL364,AL,364,siks(th)
AL365,AL,365,siks(th)
AL366,AL,366,-
AL367,AL,367,-
AL368,AL,368,siks(th)
AL369,AL,369,siks(th)
AL370,AL,370,siksth
AL371,AL,371,-
AL372,AL,372,siks(th)
AL373,AL,373,siks(th)
AL374,AL,374,siksth
AL375,AL,375,siksth
AL376,AL,376,-
AL377,AL,377,-
AL378,AL,378,siks(th)
AL379,AL,379,siksth
AL380,AL,380,-
AL381,AL,381,siksth
AL382,AL,382,siks(th)
AL383,AL,383,siksth
AL384,AL,384,sikst
AL385,AL,385,siks(th)
AL386,AL,386,sikst
AL387,AL,387,sikst
AL388,AL,388,sik(s)th
AL389,AL,389,siks(th)
AL390,AL,390,siks(th)
AL391,AL,391,siksth
AL392,AL,392,siks(th)
AL393,AL,393,siks(th)
AL394,AL,394,siks(th)
AL395,AL,395,sikst
AL396,AL,396,-
AL397,AL,397,siks(th)
AL398,AL,398,siks(th)
AL399,AL,399,siksth
AL400,AL,400,siks(th)
AL401,AL,401,-
AL402,AL,402,siks(th)
AL403,AL,403,siks(th)
AL404,AL,404,siks(th)
AL405,AL,405,siksth
AL406,AL,406,siksth
AL407,AL,407,siks(th)
AL408,AL,408,siksth
AL409,AL,409,siks(th)
AL410,AL,410,siks(th)
AL411,AL,411,siksth
AL412,AL,412,-
AL413,AL,413,siks(th)
AL414,AL,414,siks(th)
AL415,AL,415,sik(sth)
AL416,AL,416,siks(th)
AL417,AL,417,siks(th)
AL418,AL,418,-
AL419,AL,419,siks(th)
AL420,AL,420,sikst
AL421,AL,421,siks(th)
AL422,AL,422,siksth
AL423,AL,423,sikst
AL424,AL,424,siksth
AL425,AL,425,sikst
AL426,AL,426,siksth
AL427,AL,427,siks(th)
AL428,AL,428,siks(th)
AL429,AL,429,sikst
AL430,AL,430,sikst
AL431,AL,431,-
AL432,AL,432,siksth
AL433,AL,433,siks(th)
AL434,AL,434,siks(th)
AL435,AL,435,siks(th)
AL436,AL,436,siks(th)
AL437,AL,437,siksth
AL438,AL,438,siks(th)
AL439,AL,439,siks(th)
AL440,AL,440,-
AL441,AL,441,siksth
AL442,AL,442,thik(s)th
AL443,AL,443,siksth
AL444,AL,444,sik(s)th
AL445,AL,445,siksth
AL446,AL,446,siksth
AL447,AL,447,siksth
AL448,AL,448,siks(th)
AL449,AL,449,siks(th)
AL450,AL,450,sikst
AL451,AL,451,siks(th)
FL452,FL,452,sikst
FL453,FL,453,-
FL454,FL,454,siks(th)
FL455,FL,455,sikst
FL456,FL,456,siks(th)
FL457,FL,457,siksth
FL458,FL,458,siksth
FL459,FL,459,sikst
FL460,FL,460,siks(th)
FL461,FL,461,siks(th)
FL462,FL,462,siksth
FL463,FL,463,-
FL464,FL,464,siksth
FL465,FL,465,siksth
FL466,FL,466,siks(th)
FL467,FL,467,siksth
FL468,FL,468,siks(th)
FL469,FL,469,siks(th)
FL470,FL,470,siks(th)
FL471,FL,471,siks(th)
AL472,AL,472,siks(th)
AL473,AL,473,siks(th)
AL474,AL,474,siks(th)
AL475,AL,475,siks(th)
AL476,AL,476,siksth
AL477,AL,477,siks(th)
AL478,AL,478,siks(th)
AL479,AL,479,-
AL480,AL,480,siksth
AL481,AL,481,siks(th)
AL482,AL,482,siks(th)
AL483,AL,483,siks(th)
AL484,AL,484,siksth
AL485,AL,485,siks(th)
TN486,TN,486,-
TN487,TN,487,-
TN488,TN,488,sikst
TN489,TN,489,siks(th)
TN490,TN,490,siks(th)
TN491,TN,491,-
TN492,TN,492,siks(th)
TN493,TN,493,-
TN494,TN,494,-
TN495,TN,495,siks(th)
TN496,TN,496,siks(th)
TN497,TN,497,-
TN498,TN,498,siksth
TN499,TN,499,sikst
TN500,TN,500,-
TN501,TN,501,siksth
TN502,TN,502,siksth
TN503,TN,503,-
TN504,TN,504,siks(th)
TN505,TN,505,siks(th)
TN506,TN,506,siks(th)
TN507,TN,507,-
TN508,TN,508,siks(th)
TN509,TN,509,-
TN510,TN,510,-
TN511,TN,511,-
TN512,TN,512,-
TN513,TN,513,sik(s)th
TN514,TN,514,siksth
TN515,TN,515,siksth
TN516,TN,516,siks(th)
TN517,TN,517,siksth
TN518,TN,518,siksth
TN519,TN,519,siks(th)
MS520,MS,520,-
MS521,MS,521,sikst
MS522,MS,522,siks(th)
MS523,MS,523,-
MS524,MS,524,siks(th)
MS525,MS,525,siks(th)
MS526,MS,526,-
MS527,MS,527,siks(th)
MS528,MS,528,-
MS529,MS,529,-
MS530,MS,530,-
MS531,MS,531,siks(th)
MS532,MS,532,siksth
MS533,MS,533,siks(th)
MS534,MS,534,siks(th)
MS535,MS,535,sik(s)th
MS536,MS,536,siks(th)
MS537,MS,537,siks(th)
MS538,MS,538,siks(th)
MS539,MS,539,siks(th)
MS540,MS,540,-
MS541,MS,541,-
MS542,MS,542,-
MS543,MS,543,siks(th)
MS544,MS,544,siksth
MS545,MS,545,siks(th)
MS546,MS,546,-
MS547,MS,547,siks(th)
MS548,MS,548,sikst
MS549,MS,549,siks(th)
MS550,MS,550,siks(th)
MS551,MS,551,siks(th)
MS552,MS,552,-
MS553,MS,553,-
MS554,MS,554,-
MS555,MS,555,-
MS556,MS,556,siksth
MS557,MS,557,siks(th)
MS558,MS,558,siks(th)
MS559,MS,559,siks(th)
MS560,MS,560,-
MS561,MS,561,-
MS562,MS,562,siksth
MS563,MS,563,siksth
MS564,MS,564,sikst
MS565,MS,565,siks(th)
MS566,MS,566,siks(th)
MS567,MS,567,-
MS568,MS,568,-
MS569,MS,569,siks(th)
MS570,MS,570,-
MS571,MS,571,siks(th)
MS572,MS,572,siks(th)
MS573,MS,573,siks(th)
MS574,MS,574,siks(th)
MS575,MS,575,siks(th)
MS576,MS,576,siksth
MS577,MS,577,siks(th)
MS578,MS,578,siks(th)
MS579,MS,579,siks(th)
MS580,MS,580,-
MS581,MS,581,siksth
MS582,MS,582,siks(th)
MS583,MS,583,siks(th)
MS584,MS,584,siksth
MS585,MS,585,siks(th)
MS586,MS,586,-
MS587,MS,587,-
MS588,MS,588,siksth
MS589,MS,589,siks(th)
MS590,MS,590,siksth
MS591,MS,591,siksth
MS591,MS,591,siks(th)
MS592,MS,592,siksth
MS593,MS,593,siks(th)
MS594,MS,594,siks(th)
MS595,MS,595,siks(th)
MS596,MS,596,siksth
MS597,MS,597,siks(th)
MS598,MS,598,siksth
MS599,MS,599,siksth
MS600,MS,600,siks(th)
MS601,MS,601,siksth
MS602,MS,602,siks(th)
MS603,MS,603,siks(th)
MS604,MS,604,-
MS605,MS,605,sikst
MS606,MS,606,siks(th)
MS607,MS,607,siksth
MS608,MS,608,siks(th)
MS609,MS,609,siks(th)
MS610,MS,610,siks(th)
MS611,MS,611,siks(th)
MS612,MS,612,siks(th)
MS613,MS,613,siks(th)
MS614,MS,614,siks(th)
MS615,MS,615,siksth
MS616,MS,616,-
MS617,MS,617,siks(th)
MS618,MS,618,-
MS619,MS,619,siks(th)
MS620,MS,620,siksth
MS621,MS,621,siks(th)
MS622,MS,622,siksth
MS623,MS,623,siks(th)
MS624,MS,624,siksth
MS625,MS,625,siks(th)
MS626,MS,626,-
MS627,MS,627,siksth
MS628,MS,628,siksth
MS629,MS,629,siks(th)
LA630,LA,630,siks(th)
LA631,LA,631,-
LA632,LA,632,-
LA633,LA,633,siksth
LA634,LA,634,siksth
LA635,LA,635,siks(th)
LA636,LA,636,siksth
LA637,LA,637,-
LA638,LA,638,siks(th)
LA639,LA,639,siksth
LA640,LA,640,siks(th)
LA641,LA,641,siks(th)
LA642,LA,642,-
LA643,LA,643,siks(th)
LA644,LA,644,-
LA645,LA,645,siksth
LA646,LA,646,siks(th)
LA647,LA,647,-
LA648,LA,648,siks(th)
LA649,LA,649,siks(th)
LA650,LA,650,siksth
LA651,LA,651,siks(th)
LA652,LA,652,siks(th)
LA653,LA,653,siks(th)
LA654,LA,654,siks(th)
LA655,LA,655,siksth
LA656,LA,656,siksth
LA657,LA,657,siks(th)
LA657X,LA,657X,siksth
LA657Y,LA,657Y,siksth
LA657Z,LA,657Z,siksth
LA658,LA,658,sikst
LA659,LA,659,siks(th)
LA660,LA,660,siksth
LA661,LA,661,siks(th)
LA662,LA,662,siks(th)
LA663,LA,663,-
LA664,LA,664,siks(th)
LA665,LA,665,siks(th)
LA666,LA,666,sikst
LA667,LA,667,siks(th)
LA668,LA,668,siks(th)
LA669,LA,669,siks(th)
LA670,LA,670,siksth
LA671,LA,671,siksth
LA672,LA,672,siks(th)
LA673,LA,673,siks(th)
AR674,AR,674,siks(th)
AR675,AR,675,siks(th)
AR676,AR,676,-
AR677,AR,677,siks(th)
AR678,AR,678,siks(th)
AR679,AR,679,sik(s)th
AR680,AR,680,siksth
AR681,AR,681,sikst
AR682,AR,682,-
AR683,AR,683,sikst
AR684,AR,684,siks(th)
AR685,AR,685,siksth
AR686,AR,686,siks(th)
AR687,AR,687,siks(th)
AR688,AR,688,siks(th)
AR689,AR,689,siks(th)
AR690,AR,690,siks(th)
AR691,AR,691,siksth
AR692,AR,692,sikst
AR693,AR,693,sikst
AR694,AR,694,siks(th)
AR695,AR,695,siks(th)
AR696,AR,696,siks(th)
AR697,AR,697,siks(th)
AR698,AR,698,sikst
AR699,AR,699,-
AR700,AR,700,-
AR701,AR,701,siks(th)
AR702,AR,702,-
AR703,AR,703,-
AR704,AR,704,siks(th)
AR705,AR,705,siks(th)
AR706,AR,706,siks(th)
AR707,AR,707,siks(th)
AR708,AR,708,siks(th)
AR709,AR,709,siks(th)
AR710,AR,710,siksth
AR711,AR,711,siksth
AR712,AR,712,siksth
AR713,AR,713,siksth
AR714,AR,714,siks(th)
AR715,AR,715,-
AR716,AR,716,-
AR717,AR,717,-
AR718,AR,718,siksth
AR719,AR,719,siksth
AR720,AR,720,-
AR721,AR,721,siks(th)
AR722,AR,722,siksth
AR723,AR,723,siksth
AR724,AR,724,siksth
AR725,AR,725,siks(th)
AR726,AR,726,siks(th)
AR727,AR,727,-
AR728,AR,728,siks(th)
AR729,AR,729,siksth
AR730,AR,730,siks(th)
AR731,AR,731,siks(th)
AR732,AR,732,siks(th)
AR733,AR,733,-
AR734,AR,734,-
AR735,AR,735,siks(th)
AR736,AR,736,-
AR737,AR,737,siksth
AR738,AR,738,siks(th)
AR739,AR,739,-
AR740,AR,740,siks(th)
AR741,AR,741,siksth
AR742,AR,742,-
AR743,AR,743,-
AR744,AR,744,-
AR745,AR,745,-
AR746,AR,746,-
AR747,AR,747,-
AR748,AR,748,siks(th)
AR749,AR,749,-
AR750,AR,750,siks(th)
AR751,AR,751,siks(th)
AR752,AR,752,siks(th)
AR753,AR,753,siksth
AR754,AR,754,siks(th)
AR755,AR,755,-
LA756,LA,756,siksth
LA757,LA,757,siks(th)
LA758,LA,758,siks(th)
LA759,LA,759,-
LA760,LA,760,siks(th)
LA761,LA,761,siks(th)
LA762,LA,762,-
LA763,LA,763,siks(th)
LA764,LA,764,siks(th)
LA765,LA,765,siksth
LA766,LA,766,siks(th)
LA767,LA,767,siksth
LA768,LA,768,siks(th)
LA769,LA,769,siks(th)
LA770,LA,770,siks(th)
LA771,LA,771,siksth
LA772,LA,772,siksth
LA773,LA,773,si(k)st
LA774,LA,774,-
LA775,LA,775,siks(th)
LA776,LA,776,siksth
LA777,LA,777,-
LA778,LA,778,siks(th)
LA779,LA,779,siks(th)
LA780,LA,780,sikst
LA781,LA,781,siks(th)
LA782,LA,782,-
LA783,LA,783,sik(s)th
LA784,LA,784,sikst
LA785,LA,785,siks(th)
LA786,LA,786,siks(th)
LA787,LA,787,siks(th)
LA788,LA,788,siksth
LA789,LA,789,siks(th)
LA790,LA,790,-
LA791,LA,791,sikst
LA792,LA,792,siksth
LA793,LA,793,sikst
LA794,LA,794,siks(th)
LA795,LA,795,-
LA796,LA,796,siksth
LA797,LA,797,siks(th)
LA798,LA,798,siks(th)
LA799,LA,799,siks(th)
LA800,LA,800,siks(th)
LA801,LA,801,siktth
LA802,LA,802,siksth
LA803,LA,803,-
LA804,LA,804,siks(th)
LA805,LA,805,siks(th)
LA806,LA,806,sikst
LA807,LA,807,siks(th)
LA808,LA,808,siks(th)
LA809,LA,809,sikst
LA810,LA,810,siks(th)
LA811,LA,811,siks(th)
LA812,LA,812,siks(th)
LA813,LA,813,siks(th)
LA814,LA,814,siksth
LA815,LA,815,siks(th)
LA816,LA,816,siksth
LA817,LA,817,siksth
TX818,TX,818,-
TX819,TX,819,siks(th)
TX820,TX,820,sikst
TX821,TX,821,siks(th)
TX822,TX,822,siks(th)
TX823,TX,823,siksth
TX824,TX,824,siks(th)
TX825,TX,825,siks(th)
TX826,TX,826,siksth
TX827,TX,827,sik(s)th
TX828,TX,828,siks(th)
TX829,TX,829,siks(th)
TX830,TX,830,siks(th)
TX831,TX,831,siks(th)
TX832,TX,832,siks(th)
TX833,TX,833,sikst
TX834,TX,834,siks(th)
TX835,TX,835,siks(th)
TX836,TX,836,siks(th)
TX837,TX,837,-
TX838,TX,838,-
TX839,TX,839,-
TX840,TX,840,-
TX841,TX,841,-
TX842,TX,842,-
TX843,TX,843,siks(th)
TX844,TX,844,sik(s)th
TX845,TX,845,-
TX846,TX,846,siksth
TX847,TX,847,-
TX848,TX,848,siks(th)
TX849,TX,849,-
TX850,TX,850,siksth
TX851,TX,851,siksth
TX852,TX,852,siksth
TX853,TX,853,siks(th)
TX854,TX,854,siksth
TX855,TX,855,-
TX856,TX,856,-
TX857,TX,857,siks(th)
TX858,TX,858,siks(th)
TX859,TX,859,siks(th)
TX860,TX,860,siks(th)
TX861,TX,861,siks(th)
TX862,TX,862,siksth
TX863,TX,863,siks(th)
TX864,TX,864,siks(th)
TX865,TX,865,siksth
TX866,TX,866,siksth
TX867,TX,867,siksth
TX868,TX,868,siks(th)
TX869,TX,869,sikst
TX870,TX,870,siks(th)
TX871,TX,871,siks(th)
TX872,TX,872,-
TX873,TX,873,siks(th)
TX874,TX,874,siks(th)
TX875,TX,875,siks(th)
TX876,TX,876,siks(th)
TX877,TX,877,siksth
TX878,TX,878,sikst
TX879,TX,879,-
TX880,TX,880,siks(th)
TX881,TX,881,-
TX882,TX,882,siksth
TX883,TX,883,siksth
TX884,TX,884,siksth
TX885,TX,885,siks(th)
TX886,TX,886,siks(th)
TX887,TX,887,siksth
TX888,TX,888,siks(th)
TX889,TX,889,siksth
TX890,TX,890,siksth
TX891,TX,891,siksth
TX892,TX,892,-
TX893,TX,893,siks(th)
TX894,TX,894,sikst
TX895,TX,895,siksth
TX896,TX,896,siks(th)
TX897,TX,897,siks(th)
TX898,TX,898,sikst
TX899,TX,899,siksth
TX900,TX,900,siksth
TX901,TX,901,siks(th)
TX902,TX,902,siksth
TX903,TX,903,siks(th)
TX904,TX,904,siks(th)
TX905,TX,905,siksth
TX906,TX,906,siksth
TX907,TX,907,siksth
TX908,TX,908,siks(th)
TX909,TX,909,siks(th)
TX910,TX,910,siksth
TX911,TX,911,sikst
