Informant,State,Informant number,Response
TN001,TN,001,-
TN002,TN,002,sabIth=14
TN003,TN,003,-
TN004,TN,004,-
TN005,TN,005,-
TN006,TN,006,-
TN007,TN,007,sabAth=14
TN008,TN,008,-
TN009,TN,009,-
TN010,TN,010,sabeth=13
TN011,TN,011,sabith=13
TN012,TN,012,-
TN013,TN,013,sabIth=14
TN014,TN,014,-
TN015,TN,015,sabIth=14
TN016,TN,016,sabIth=14
TN017,TN,017,sabAth=14
TN018,TN,018,sabAth=14
TN019,TN,019,sabAth=14
TN020,TN,020,-
TN021,TN,021,sabAs=14
TN022,TN,022,-
TN023,TN,023,-
TN024,TN,024,-
TN025,TN,025,sabIth=14
TN026,TN,026,-
TN027,TN,027,-
TN028,TN,028,-
TN029,TN,029,-
TN030,TN,030,-
TN031,TN,031,-
TN032,TN,032,-
TN033,TN,033,-
TN034,TN,034,-
TN035,TN,035,-
TN036,TN,036,-
TN037,TN,037,-
TN038,TN,038,sabAs=14
TN039,TN,039,-
TN040,TN,040,-
TN041,TN,041,sabAth=14
TN042,TN,042,sabIth=14
TN043,TN,043,-
TN044,TN,044,sabIth=14
TN045,TN,045,sabIth=14
TN046,TN,046,-
TN047,TN,047,sabAth=14
TN048,TN,048,-
TN049,TN,049,-
TN050,TN,050,sabIth=14
TN051,TN,051,-
TN052,TN,052,-
TN053,TN,053,-
TN054,TN,054,-
TN055,TN,055,sabAth=14
TN056,TN,056,-
TN057,TN,057,sabAth=14
TN058,TN,058,sabIth=14
TN059,TN,059,sabAth=14
TN060,TN,060,sebith=13
GA061,GA,061,-
GA062,GA,062,sabAth=14
GA063,GA,063,-
GA064,GA,064,-
GA065,GA,065,-
GA066,GA,066,sabIth=14
GA067,GA,067,-
GA068,GA,068,-
GA069,GA,069,sabAth=14
GA070,GA,070,-
GA071,GA,071,sabAth=14
GA072,GA,072,sabIth=14
GA073,GA,073,sabAth=14
GA074,GA,074,-
GA075,GA,075,-
GA076,GA,076,-
GA077,GA,077,-
GA078,GA,078,-
GA079,GA,079,-
GA080,GA,080,-
GA081,GA,081,sabIth=14
GA082,GA,082,-
GA083,GA,083,-
GA084,GA,084,sabIth=14
GA085,GA,085,-
GA086,GA,086,-
GA087,GA,087,sabAth=14
GA088,GA,088,-
GA089,GA,089,sabAth=14
GA090,GA,090,-
GA091,GA,091,-
GA092,GA,092,-
GA093,GA,093,-
GA094,GA,094,-
GA095,GA,095,sabAth=14
GA096,GA,096,-
GA097,GA,097,sabAth=14
GA098,GA,098,-
GA099,GA,099,-
GA100,GA,100,-
GA101,GA,101,-
GA102,GA,102,-
GA103,GA,103,sabAth=14
GA104,GA,104,sabIth=14
GA105,GA,105,sabIth=14
GA106,GA,106,sabAth=14
GA107,GA,107,sabuth=13
GA108,GA,108,-
GA109,GA,109,-
GA110,GA,110,sabAth=14
GA111,GA,111,-
GA112,GA,112,sabAth=14
GA113,GA,113,-
GA114,GA,114,-
GA115,GA,115,-
GA116,GA,116,-
GA117,GA,117,sabIth=14
GA118,GA,118,sabAth=14
GA119,GA,119,-
GA120,GA,120,-
GA121,GA,121,-
GA122,GA,122,-
GA123,GA,123,-
GA124,GA,124,-
GA125,GA,125,-
GA126,GA,126,sa{b}Adh=14
GA127,GA,127,-
GA128,GA,128,-
GA129,GA,129,-
GA130,GA,130,-
GA131,GA,131,-
GA132,GA,132,-
GA133,GA,133,-
GA134,GA,134,-
GA135,GA,135,-
GA136,GA,136,sabAth=14
GA137,GA,137,sabAth=14
GA138,GA,138,-
GA139,GA,139,-
GA140,GA,140,sabIf=14
GA141,GA,141,sabAth=14
GA142,GA,142,-
GA143,GA,143,-
GA144,GA,144,sabAth=14
GA145,GA,145,-
GA146,GA,146,-
GA147,GA,147,-
GA148,GA,148,sabAth=14
GA149,GA,149,-
GA150,GA,150,sabAth=14
GA151,GA,151,sab(I)th
GA152,GA,152,sabAth=14
GA153,GA,153,-
GA154,GA,154,-
GA155,GA,155,-
GA156,GA,156,-
GA157,GA,157,-
GA158,GA,158,-
GA159,GA,159,-
GA160,GA,160,-
GA161,GA,161,sabAth=14
GA162,GA,162,-
GA163,GA,163,-
GA164,GA,164,-
GA165,GA,165,-
GA166,GA,166,sabAth=14
GA167,GA,167,sabIth=14
GA168,GA,168,-
GA169,GA,169,-
GA170,GA,170,sabAth=14
GA171,GA,171,-
GA172,GA,172,-
GA173,GA,173,-
GA174,GA,174,-
GA175,GA,175,-
GA176,GA,176,sabIth=14
GA177,GA,177,sabIth=14
GA178,GA,178,-
GA179,GA,179,-
GA180,GA,180,-
GA181,GA,181,-
GA182,GA,182,-
GA183,GA,183,-
GA184,GA,184,-
GA185,GA,185,sabIth=14
GA186,GA,186,sabIth=14
GA187,GA,187,-
GA188,GA,188,-
GA189,GA,189,-
GA190,GA,190,sabIth=14
GA191,GA,191,sabAth=14
GA192,GA,192,-
GA193,GA,193,-
GA194,GA,194,-
GA195,GA,195,-
GA196,GA,196,-
GA197,GA,197,-
GA198,GA,198,-
GA199,GA,199,-
GA200,GA,200,sabIt=14
GA201,GA,201,-
GA202,GA,202,sabIth=14
GA203,GA,203,-
GA204,GA,204,-
GA205,GA,205,-
GA206,GA,206,sabIt=14
GA206,GA,206,sabIth=14
GA207,GA,207,-
GA208,GA,208,-
GA209,GA,209,sabAth=14
GA210,GA,210,-
GA211,GA,211,-
GA212,GA,212,sabAth=14
GA213,GA,213,-
GA214,GA,214,sabAth=14
GA215,GA,215,-
GA216,GA,216,-
GA217,GA,217,-
GA218,GA,218,-
GA219,GA,219,-
GA220,GA,220,-
GA221,GA,221,sabAth=14
GA222,GA,222,-
GA223,GA,223,-
GA224,GA,224,-
GA225,GA,225,-
FL226,FL,226,-
FL227,FL,227,-
FL228,FL,228,-
FL229,FL,229,-
FL230,FL,230,-
FL231,FL,231,-
FL232,FL,232,sabAth=14
FL233,FL,233,-
FL234,FL,234,-
FL235,FL,235,-
FL236,FL,236,-
FL237,FL,237,-
FL238,FL,238,sabIth=14
FL239,FL,239,sabAth=14
FL240,FL,240,sabAth=14
FL241,FL,241,-
FL242,FL,242,-
FL243,FL,243,sabAth=14
FL244,FL,244,-
FL245,FL,245,-
FL246,FL,246,-
FL247,FL,247,-
FL248,FL,248,sabAth=14
FL249,FL,249,-
FL250,FL,250,sebIth=14
FL251,FL,251,sabIth=14
FL252,FL,252,-
FL253,FL,253,-
FL254,FL,254,sabAth=14
FL255,FL,255,-
FL256,FL,256,-
FL257,FL,257,-
FL258,FL,258,-
FL259,FL,259,sabIth=14
FL260,FL,260,-
FL261,FL,261,-
FL262,FL,262,-
FL263,FL,263,-
FL264,FL,264,-
FL265,FL,265,sabIth=14
FL266,FL,266,sabAth=14
FL267,FL,267,-
FL268,FL,268,-
FL269,FL,269,-
FL270,FL,270,-
FL271,FL,271,sabIs=14
FL272,FL,272,-
FL273,FL,273,-
FL274,FL,274,-
FL275,FL,275,-
FL276,FL,276,-
FL277,FL,277,sabIth=14
FL278,FL,278,sabIth=14
FL279,FL,279,-
FL280,FL,280,sabIth=14
FL281,FL,281,sa{b}Ith=14
FL282,FL,282,-
FL283,FL,283,sabAth=14
FL284,FL,284,sabAth=14
FL285,FL,285,sabIth=14
FL286,FL,286,-
FL287,FL,287,-
FL288,FL,288,-
FL289,FL,289,-
TN290,TN,290,sabIth=14
TN291,TN,291,sabIth=14
TN292,TN,292,-
TN293,TN,293,sabIs=14
TN294,TN,294,-
TN295,TN,295,sabIth=14
TN296,TN,296,sabIth=14
TN297,TN,297,-
TN298,TN,298,-
TN299,TN,299,sabAth=14
TN300,TN,300,sabAth=14
TN301,TN,301,-
TN302,TN,302,sabIth=14
TN303,TN,303,sabAth=14
TN304,TN,304,sabAth=14
TN305,TN,305,-
TN306,TN,306,-
TN307,TN,307,-
TN308,TN,308,-
TN309,TN,309,-
TN310,TN,310,-
TN311,TN,311,-
TN312,TN,312,-
TN313,TN,313,-
TN314,TN,314,-
TN315,TN,315,-
TN316,TN,316,-
TN317,TN,317,-
TN318,TN,318,-
TN319,TN,319,-
TN320,TN,320,sabAth=14
TN321,TN,321,sabIth=14
TN322,TN,322,-
TN323,TN,323,sabAth=14
TN324,TN,324,sabIth=14
TN325,TN,325,sabAth=14
TN326,TN,326,sabIth=14
TN327,TN,327,sabIth=14
TN328,TN,328,sabAth=14
TN329,TN,329,-
TN330,TN,330,-
TN331,TN,331,sabIth=14
TN332,TN,332,-
TN333,TN,333,-
TN334,TN,334,sabAth=14
TN335,TN,335,sabAth=14
TN336,TN,336,sabAth=14
AL337,AL,337,-
AL338,AL,338,sabIth=14
AL339,AL,339,sabIth=14
AL340,AL,340,-
AL341,AL,341,-
AL342,AL,342,-
AL343,AL,343,-
AL344,AL,344,sabAf=14
AL345,AL,345,-
AL346,AL,346,-
AL347,AL,347,sabIch=14
AL348,AL,348,-
AL349,AL,349,-
AL350,AL,350,sabAth=14
AL351,AL,351,sabAth=14
AL352,AL,352,-
AL353,AL,353,-
AL354,AL,354,-
AL355,AL,355,-
AL356,AL,356,sabAth=14
AL357,AL,357,-
AL358,AL,358,sabAth=14
AL359,AL,359,-
AL360,AL,360,sabAth=14
AL361,AL,361,sabAth=14
AL362,AL,362,-
AL363,AL,363,-
AL364,AL,364,-
AL365,AL,365,-
AL366,AL,366,-
AL367,AL,367,sabIth=14
AL368,AL,368,-
AL369,AL,369,-
AL370,AL,370,-
AL371,AL,371,-
AL372,AL,372,sabAth=14
AL373,AL,373,-
AL374,AL,374,-
AL375,AL,375,-
AL376,AL,376,-
AL377,AL,377,-
AL378,AL,378,-
AL379,AL,379,-
AL380,AL,380,sabAth=14
AL381,AL,381,sabIth=14
AL382,AL,382,sabAth=14
AL383,AL,383,sabIth=14
AL384,AL,384,sabIs=14
AL385,AL,385,-
AL386,AL,386,sabIth=14
AL387,AL,387,sabIth=14
AL388,AL,388,sabAth=14
AL389,AL,389,sabIth=14
AL390,AL,390,sabAth=14
AL391,AL,391,-
AL392,AL,392,-
AL393,AL,393,-
AL394,AL,394,-
AL395,AL,395,-
AL396,AL,396,-
AL397,AL,397,-
AL398,AL,398,-
AL399,AL,399,-
AL400,AL,400,-
AL401,AL,401,-
AL402,AL,402,sabAth=14
AL403,AL,403,sabAth=14
AL404,AL,404,sabAth=14
AL405,AL,405,sabAth=14
AL406,AL,406,sabAth=14
AL407,AL,407,-
AL408,AL,408,-
AL409,AL,409,-
AL410,AL,410,-
AL411,AL,411,-
AL412,AL,412,-
AL413,AL,413,-
AL414,AL,414,sabAth=14
AL415,AL,415,sabIs=14
AL416,AL,416,-
AL417,AL,417,-
AL418,AL,418,-
AL419,AL,419,sabIth=14
AL420,AL,420,sabAth=14
AL421,AL,421,sabAth=14
AL422,AL,422,-
AL423,AL,423,sabAth=14
AL424,AL,424,sabAth=14
AL425,AL,425,-
AL426,AL,426,sabIth=14
AL427,AL,427,sabAth=14
AL428,AL,428,-
AL429,AL,429,-
AL430,AL,430,sabAth=14
AL431,AL,431,sabAth=14
AL432,AL,432,-
AL433,AL,433,sabAth=14
AL434,AL,434,-
AL435,AL,435,-
AL436,AL,436,sabAth=14
AL437,AL,437,sabIth=14
AL438,AL,438,sabIth=14
AL439,AL,439,sabAth=14
AL440,AL,440,-
AL441,AL,441,-
AL442,AL,442,sabAth=14
AL443,AL,443,-
AL444,AL,444,-
AL445,AL,445,sabAth=14
AL446,AL,446,-
AL447,AL,447,-
AL448,AL,448,-
AL449,AL,449,-
AL450,AL,450,-
AL451,AL,451,-
FL452,FL,452,sabAth=14
FL453,FL,453,-
FL454,FL,454,sabIth=14
FL455,FL,455,-
FL456,FL,456,-
FL457,FL,457,sabAth=14
FL458,FL,458,-
FL459,FL,459,-
FL460,FL,460,-
FL461,FL,461,-
FL462,FL,462,-
FL463,FL,463,-
FL464,FL,464,samIth=14
FL465,FL,465,sabAth=14
FL466,FL,466,sabIth=14
FL467,FL,467,-
FL468,FL,468,sabIs=14
FL469,FL,469,-
FL470,FL,470,-
FL471,FL,471,-
AL472,AL,472,sabAth=14
AL473,AL,473,sabAs=14
AL474,AL,474,sabAth=14
AL475,AL,475,sabIth=14
AL476,AL,476,sabIth=14
AL477,AL,477,-
AL478,AL,478,-
AL479,AL,479,-
AL480,AL,480,sabIth=14
AL481,AL,481,-
AL482,AL,482,sabIth=14
AL483,AL,483,-
AL484,AL,484,-
AL485,AL,485,-
TN486,TN,486,-
TN487,TN,487,-
TN488,TN,488,-
TN489,TN,489,-
TN490,TN,490,sa{b}Ath=14
TN491,TN,491,-
TN492,TN,492,sabuth=13
TN493,TN,493,-
TN494,TN,494,-
TN495,TN,495,sabAth=14
TN496,TN,496,sabAth=14
TN497,TN,497,-
TN498,TN,498,sabAth=14
TN499,TN,499,-
TN500,TN,500,-
TN501,TN,501,-
TN502,TN,502,-
TN503,TN,503,-
TN504,TN,504,-
TN505,TN,505,-
TN506,TN,506,-
TN507,TN,507,-
TN508,TN,508,-
TN509,TN,509,-
TN510,TN,510,-
TN511,TN,511,-
TN512,TN,512,-
TN513,TN,513,-
TN514,TN,514,-
TN515,TN,515,sabAth=14
TN516,TN,516,-
TN517,TN,517,-
TN518,TN,518,-
TN519,TN,519,-
MS520,MS,520,-
MS521,MS,521,-
MS522,MS,522,-
MS523,MS,523,-
MS524,MS,524,sabAth=14
MS525,MS,525,-
MS526,MS,526,-
MS527,MS,527,-
MS528,MS,528,-
MS529,MS,529,-
MS530,MS,530,sabAth=14
MS531,MS,531,-
MS532,MS,532,sabAth=14
MS533,MS,533,sabAth=14
MS534,MS,534,sabAth=14
MS535,MS,535,sabAth=14
MS536,MS,536,-
MS537,MS,537,-
MS538,MS,538,-
MS539,MS,539,sabIth=14
MS540,MS,540,-
MS541,MS,541,-
MS542,MS,542,-
MS543,MS,543,-
MS544,MS,544,-
MS545,MS,545,-
MS546,MS,546,-
MS547,MS,547,sabAth=14
MS548,MS,548,sabIth=14
MS549,MS,549,sabAth=14
MS550,MS,550,-
MS551,MS,551,sabAth=14
MS552,MS,552,-
MS553,MS,553,-
MS554,MS,554,-
MS555,MS,555,-
MS556,MS,556,-
MS557,MS,557,sabAth=14
MS558,MS,558,sabAth=14
MS559,MS,559,-
MS560,MS,560,-
MS561,MS,561,-
MS562,MS,562,-
MS563,MS,563,sabIth=14
MS564,MS,564,sabIth=14
MS565,MS,565,sabAth=14
MS566,MS,566,-
MS567,MS,567,-
MS568,MS,568,-
MS569,MS,569,-
MS570,MS,570,-
MS571,MS,571,sabAth=14
MS572,MS,572,-
MS573,MS,573,sa{b}Ath=14
MS574,MS,574,sabIth=14
MS575,MS,575,sabIth=14
MS576,MS,576,sabAth=14
MS577,MS,577,sabAth=14
MS578,MS,578,sabAth=14
MS579,MS,579,-
MS580,MS,580,sabA(th)=14
MS581,MS,581,sabAth=14
MS582,MS,582,-
MS583,MS,583,sabAth=14
MS584,MS,584,sabAth=14
MS585,MS,585,sa{b}If=14
MS586,MS,586,-
MS587,MS,587,-
MS588,MS,588,-
MS589,MS,589,-
MS590,MS,590,-
MS591,MS,591,sabAth=14
MS592,MS,592,-
MS593,MS,593,sabIs=14
MS594,MS,594,sabIs=14
MS595,MS,595,sabIth=14
MS596,MS,596,sabIth=14
MS597,MS,597,sabAth=14
MS598,MS,598,-
MS599,MS,599,-
MS600,MS,600,sabAth=14
MS601,MS,601,-
MS602,MS,602,sabAth=14
MS603,MS,603,-
MS604,MS,604,-
MS605,MS,605,sabAth=14
MS606,MS,606,-
MS607,MS,607,-
MS608,MS,608,-
MS609,MS,609,-
MS610,MS,610,sabAth=14
MS611,MS,611,-
MS612,MS,612,-
MS613,MS,613,-
MS614,MS,614,-
MS615,MS,615,sabAth=14
MS616,MS,616,-
MS617,MS,617,-
MS618,MS,618,-
MS619,MS,619,sabIt=14
MS620,MS,620,sabAth=14
MS621,MS,621,sa{b}Ith=14
MS622,MS,622,sabAth=14
MS623,MS,623,-
MS624,MS,624,sabAth=14
MS625,MS,625,sabIth=14
MS626,MS,626,-
MS627,MS,627,-
MS628,MS,628,-
MS629,MS,629,-
LA630,LA,630,sabAth=14
LA631,LA,631,-
LA632,LA,632,sabIth=14
LA633,LA,633,sabAth=14
LA634,LA,634,-
LA635,LA,635,-
LA636,LA,636,sabAth=14
LA637,LA,637,sabAs=14
LA638,LA,638,-
LA639,LA,639,-
LA640,LA,640,sabAs=14
LA641,LA,641,sabAth=14
LA642,LA,642,-
LA643,LA,643,-
LA644,LA,644,-
LA645,LA,645,sabAth=14
LA646,LA,646,sabAth=14
LA647,LA,647,-
LA648,LA,648,sabAth=14
LA649,LA,649,-
LA650,LA,650,sabAth=14
LA651,LA,651,-
LA652,LA,652,sabAth=14
LA653,LA,653,-
LA654,LA,654,-
LA655,LA,655,sabAth=14
LA656,LA,656,sabAth=14
LA657,LA,657,sabAth=14
LA657X,LA,657X,-
LA657Y,LA,657Y,-
LA657Z,LA,657Z,-
LA658,LA,658,sabIt=14
LA659,LA,659,sabIt=14
LA660,LA,660,sabIt=14
LA661,LA,661,-
LA662,LA,662,-
LA663,LA,663,-
LA664,LA,664,-
LA665,LA,665,-
LA666,LA,666,-
LA667,LA,667,sabIth=14
LA668,LA,668,-
LA669,LA,669,sabAth=14
LA670,LA,670,sabIth=14
LA671,LA,671,-
LA672,LA,672,sabIth=14
LA673,LA,673,sabAt=14
AR674,AR,674,sabIth=14
AR675,AR,675,-
AR676,AR,676,-
AR677,AR,677,-
AR678,AR,678,-
AR679,AR,679,sabIth=14
AR680,AR,680,-
AR681,AR,681,sabAth=14
AR682,AR,682,-
AR683,AR,683,sabAth=14
AR684,AR,684,sabIth=14
AR685,AR,685,-
AR686,AR,686,sabAth=14
AR687,AR,687,sabAth=14
AR688,AR,688,-
AR689,AR,689,-
AR690,AR,690,-
AR691,AR,691,sabAth=14
AR692,AR,692,-
AR693,AR,693,-
AR694,AR,694,sabIth=14
AR695,AR,695,-
AR696,AR,696,sabIth=14
AR697,AR,697,-
AR698,AR,698,-
AR699,AR,699,-
AR700,AR,700,-
AR701,AR,701,sabAth=14
AR702,AR,702,-
AR703,AR,703,-
AR704,AR,704,-
AR705,AR,705,-
AR706,AR,706,-
AR707,AR,707,sabIt=14
AR708,AR,708,-
AR709,AR,709,-
AR710,AR,710,-
AR711,AR,711,-
AR712,AR,712,sabAth=14
AR713,AR,713,-
AR714,AR,714,sabAth=14
AR715,AR,715,-
AR716,AR,716,-
AR717,AR,717,-
AR718,AR,718,-
AR719,AR,719,-
AR720,AR,720,-
AR721,AR,721,sabAth=14
AR722,AR,722,-
AR723,AR,723,-
AR724,AR,724,-
AR725,AR,725,sabAth=14
AR726,AR,726,-
AR727,AR,727,sabAth=14
AR728,AR,728,-
AR729,AR,729,-
AR730,AR,730,sabAth=14
AR731,AR,731,-
AR732,AR,732,-
AR733,AR,733,-
AR734,AR,734,-
AR735,AR,735,-
AR736,AR,736,-
AR737,AR,737,sabAth=14
AR738,AR,738,-
AR739,AR,739,-
AR740,AR,740,-
AR741,AR,741,sabIth=14
AR742,AR,742,sabAth=14
AR743,AR,743,sabAth=14
AR744,AR,744,-
AR745,AR,745,-
AR746,AR,746,-
AR747,AR,747,sabIth=14
AR748,AR,748,sabIth=14
AR749,AR,749,-
AR750,AR,750,-
AR751,AR,751,sabIth=14
AR752,AR,752,sabIth=14
AR753,AR,753,-
AR754,AR,754,sabAt=14
AR755,AR,755,sabAth=14
LA756,LA,756,sabAth=14
LA757,LA,757,sabIth=14
LA758,LA,758,sabIth=14
LA759,LA,759,-
LA760,LA,760,-
LA761,LA,761,sabIs=14
LA762,LA,762,-
LA763,LA,763,-
LA764,LA,764,sabAt=14
LA765,LA,765,-
LA766,LA,766,sabAth=14
LA767,LA,767,sabAth=14
LA768,LA,768,sabAth=14
LA769,LA,769,sabAth=14
LA770,LA,770,-
LA771,LA,771,sabAth=14
LA772,LA,772,sabAth=14
LA773,LA,773,-
LA774,LA,774,-
LA775,LA,775,sabAth=14
LA776,LA,776,-
LA777,LA,777,sabAth=14
LA778,LA,778,sabAth=14
LA779,LA,779,-
LA780,LA,780,sabAth=14
LA781,LA,781,sabIth=14
LA782,LA,782,sabAth=14
LA783,LA,783,sabAth=14
LA784,LA,784,-
LA785,LA,785,sabAth=14
LA786,LA,786,sabAth=14
LA787,LA,787,-
LA788,LA,788,sabAth=14
LA789,LA,789,sabAth=14
LA790,LA,790,-
LA791,LA,791,sabAth=14
LA792,LA,792,-
LA793,LA,793,-
LA794,LA,794,-
LA795,LA,795,sabAth=14
LA796,LA,796,sabAth=14
LA797,LA,797,-
LA798,LA,798,sabIth=14
LA799,LA,799,-
LA800,LA,800,sabAth=14
LA801,LA,801,sabIth=14
LA802,LA,802,sabAth=14
LA803,LA,803,-
LA804,LA,804,-
LA805,LA,805,-
LA806,LA,806,sabAt=14
LA807,LA,807,sabIth=14
LA808,LA,808,-
LA809,LA,809,-
LA810,LA,810,sabIt=14
LA811,LA,811,-
LA812,LA,812,-
LA813,LA,813,sabAth=14
LA814,LA,814,sabAth=14
LA815,LA,815,-
LA816,LA,816,-
LA817,LA,817,sabIth=14
TX818,TX,818,-
TX819,TX,819,sabIth=14
TX820,TX,820,-
TX821,TX,821,sapawth=13
TX822,TX,822,-
TX823,TX,823,-
TX824,TX,824,-
TX825,TX,825,-
TX826,TX,826,sabAth=14
TX827,TX,827,-
TX828,TX,828,-
TX829,TX,829,-
TX830,TX,830,-
TX831,TX,831,-
TX832,TX,832,-
TX833,TX,833,sabIth=14
TX834,TX,834,sabAth=14
TX835,TX,835,-
TX836,TX,836,sabIth=14
TX837,TX,837,sabAth=14
TX838,TX,838,sabAth=14
TX839,TX,839,-
TX840,TX,840,sabAth=14
TX841,TX,841,sabAth=14
TX842,TX,842,sabAth=14
TX843,TX,843,sabAth=14
TX844,TX,844,-
TX845,TX,845,-
TX846,TX,846,-
TX847,TX,847,-
TX848,TX,848,-
TX849,TX,849,-
TX850,TX,850,-
TX851,TX,851,-
TX852,TX,852,-
TX853,TX,853,-
TX854,TX,854,-
TX855,TX,855,sabAth=14
TX856,TX,856,-
TX857,TX,857,-
TX858,TX,858,-
TX859,TX,859,-
TX860,TX,860,sabAth=14
TX861,TX,861,-
TX862,TX,862,sabAth=14
TX863,TX,863,-
TX864,TX,864,-
TX865,TX,865,sabIth=14
TX866,TX,866,-
TX867,TX,867,sabIth=14
TX868,TX,868,-
TX869,TX,869,sabIth=14
TX870,TX,870,-
TX871,TX,871,-
TX872,TX,872,-
TX873,TX,873,sabAth=14
TX874,TX,874,-
TX875,TX,875,sabAth=14
TX876,TX,876,sabAth=14
TX877,TX,877,sabIth=14
TX878,TX,878,-
TX879,TX,879,-
TX880,TX,880,-
TX881,TX,881,-
TX882,TX,882,-
TX883,TX,883,-
TX884,TX,884,-
TX885,TX,885,-
TX886,TX,886,-
TX887,TX,887,-
TX888,TX,888,-
TX889,TX,889,-
TX890,TX,890,sabAth=14
TX891,TX,891,-
TX892,TX,892,-
TX893,TX,893,sabAth=14
TX894,TX,894,-
TX895,TX,895,sabAth=14
TX896,TX,896,-
TX897,TX,897,-
TX898,TX,898,-
TX899,TX,899,sabAth=14
TX900,TX,900,sabIth=14
TX901,TX,901,-
TX902,TX,902,sabIth=14
TX903,TX,903,-
TX904,TX,904,-
TX905,TX,905,sabAth=14
TX906,TX,906,-
TX907,TX,907,-
TX908,TX,908,-
TX909,TX,909,-
TX910,TX,910,sabIth=14
TX911,TX,911,-
