Informant,State,Informant number,Response
TN001,TN,001,sundI=14
TN002,TN,002,sundI=14
TN003,TN,003,sundI=14
TN004,TN,004,sundI=14
TN005,TN,005,sundee=13
TN006,TN,006,sundee=13
TN007,TN,007,sundI=14
TN008,TN,008,-
TN009,TN,009,sundee=13
TN010,TN,010,sundI=14
TN011,TN,011,sundee=13
TN012,TN,012,sundI=14
TN013,TN,013,sundee=13
TN014,TN,014,sundI=14
TN015,TN,015,sundai=13
TN016,TN,016,sundI=14
TN017,TN,017,sundI=14
TN018,TN,018,sundee=13
TN019,TN,019,sundI=14
TN020,TN,020,sundee=13
TN021,TN,021,sundee=13
TN022,TN,022,sundI=14
TN023,TN,023,sundee=13
TN024,TN,024,sundee=13
TN025,TN,025,sundI=14
TN026,TN,026,sundee=13
TN027,TN,027,sundee=13
TN028,TN,028,sundI=14
TN029,TN,029,sundI=14
TN030,TN,030,sundI=14
TN031,TN,031,sundee=13
TN032,TN,032,sundI=14
TN033,TN,033,sundai=13
TN034,TN,034,sundai=13
TN035,TN,035,-
TN036,TN,036,sundI=14
TN037,TN,037,sundI=14
TN038,TN,038,sundI=14
TN039,TN,039,sundI=14
TN040,TN,040,sundI=14
TN041,TN,041,sundI=14
TN042,TN,042,sundI=14
TN043,TN,043,sundI=14
TN044,TN,044,sundee=13
TN045,TN,045,sundI=14
TN046,TN,046,sundee=13
TN047,TN,047,sundI=14
TN048,TN,048,sundai=11
TN049,TN,049,sundI=14
TN050,TN,050,sundee=13
TN051,TN,051,sundI=14
TN052,TN,052,sundee=13
TN053,TN,053,sundee=13
TN054,TN,054,sundI=14
TN055,TN,055,sundI=14
TN056,TN,056,sundI=14
TN057,TN,057,sundai=13
TN058,TN,058,sundI=14
TN059,TN,059,sundI=14
TN060,TN,060,sundee=13
GA061,GA,061,sundI=14
GA062,GA,062,sundI=14
GA063,GA,063,sundI=14
GA064,GA,064,sundI=14
GA065,GA,065,sundI=14
GA066,GA,066,sundI=14
GA067,GA,067,-
GA068,GA,068,sundI=14
GA069,GA,069,sundI=14
GA070,GA,070,sundI=14
GA071,GA,071,sundI=14
GA072,GA,072,sundI=14
GA073,GA,073,sundai=13
GA074,GA,074,sundI=14
GA075,GA,075,sundI=14
GA076,GA,076,sundI=14
GA077,GA,077,sundI=14
GA078,GA,078,sundI=14
GA079,GA,079,sundI=14
GA080,GA,080,sundI=14
GA081,GA,081,sundI=14
GA082,GA,082,sundI=14
GA083,GA,083,sundI=14
GA084,GA,084,sundI=14
GA085,GA,085,sundI=14
GA086,GA,086,sungdI=14
GA087,GA,087,sundI=14
GA088,GA,088,sondI=14
GA089,GA,089,sundI=14
GA090,GA,090,sundI=14
GA091,GA,091,sundI=14
GA092,GA,092,-
GA093,GA,093,sundI=14
GA094,GA,094,sundI=14
GA095,GA,095,sundI=14
GA096,GA,096,sundI=14
GA097,GA,097,sundI=14
GA098,GA,098,sunnI=14
GA099,GA,099,sundI=14
GA100,GA,100,sundI=14
GA101,GA,101,sundai=13
GA102,GA,102,sundai=13
GA103,GA,103,sundai=13
GA104,GA,104,sundI=14
GA105,GA,105,sundI=14
GA106,GA,106,sundI=14
GA107,GA,107,sundI=14
GA108,GA,108,sundI=14
GA109,GA,109,sundI=14
GA110,GA,110,sundI=14
GA111,GA,111,sundI=14
GA112,GA,112,sundI=14
GA113,GA,113,sundI=14
GA114,GA,114,sundI=14
GA115,GA,115,sundI=14
GA116,GA,116,sondI=14
GA117,GA,117,sundI=14
GA118,GA,118,sundI=14
GA119,GA,119,sundI=14
GA120,GA,120,sundI=14
GA121,GA,121,sundI=14
GA122,GA,122,sundI=14
GA123,GA,123,-
GA124,GA,124,sundI=14
GA125,GA,125,-
GA126,GA,126,sundI=14
GA127,GA,127,sundI=14
GA128,GA,128,sondI=14
GA129,GA,129,sundI=14
GA130,GA,130,sundI=14
GA131,GA,131,sundai=13
GA132,GA,132,sundI=14
GA133,GA,133,sundI=14
GA134,GA,134,sundI=14
GA135,GA,135,sundI=14
GA136,GA,136,sundI=14
GA137,GA,137,sundI=14
GA138,GA,138,sundI=14
GA139,GA,139,sundI=14
GA140,GA,140,sundI=14
GA141,GA,141,sundI=14
GA142,GA,142,sundI=14
GA143,GA,143,sundI=14
GA144,GA,144,sundI=14
GA145,GA,145,sundI=14
GA146,GA,146,sundI=14
GA147,GA,147,sundai=13
GA148,GA,148,sundI=14
GA149,GA,149,sundI=14
GA150,GA,150,sundI=14
GA151,GA,151,sundI=14
GA152,GA,152,sundI=14
GA153,GA,153,sundI=14
GA154,GA,154,-
GA155,GA,155,-
GA156,GA,156,sundI=14
GA157,GA,157,sundI=14
GA158,GA,158,-
GA159,GA,159,sundI=14
GA160,GA,160,sundI=14
GA161,GA,161,sundI=14
GA162,GA,162,sundI=14
GA163,GA,163,sundI=14
GA164,GA,164,sundai=13
GA165,GA,165,-
GA166,GA,166,sundI=14
GA167,GA,167,sundI=14
GA168,GA,168,sundI=14
GA169,GA,169,sundI=14
GA170,GA,170,sundI=14
GA171,GA,171,sundI=14
GA172,GA,172,sundI=14
GA173,GA,173,sundI=14
GA174,GA,174,sundI=14
GA175,GA,175,sundI=14
GA176,GA,176,sundI=14
GA177,GA,177,sundI=14
GA178,GA,178,sundI=14
GA179,GA,179,sundI=14
GA180,GA,180,sundI=14
GA181,GA,181,-
GA182,GA,182,sundI=14
GA183,GA,183,sundI=14
GA184,GA,184,sundI=14
GA185,GA,185,sundai=13
GA186,GA,186,sundI=14
GA187,GA,187,sundI=14
GA188,GA,188,sundI=14
GA189,GA,189,sundI=14
GA190,GA,190,sundI=14
GA191,GA,191,sundI=14
GA192,GA,192,sundI=14
GA193,GA,193,sundI=14
GA194,GA,194,sundI=14
GA195,GA,195,-
GA196,GA,196,sundai=13
GA197,GA,197,sundI=14
GA198,GA,198,sundai=13
GA199,GA,199,-
GA200,GA,200,sondI=14
GA201,GA,201,sundI=14
GA202,GA,202,sundI=14
GA203,GA,203,sundI=14
GA204,GA,204,sundI=14
GA205,GA,205,sundI=14
GA206,GA,206,sundI=14
GA207,GA,207,sundIz=14
GA208,GA,208,sundI=14
GA209,GA,209,sundI=14
GA210,GA,210,sundI=14
GA211,GA,211,sundI=14
GA212,GA,212,sundI=14
GA213,GA,213,sundI=14
GA214,GA,214,sundI=14
GA215,GA,215,sunnI=14
GA216,GA,216,sundI=14
GA217,GA,217,sundI=14
GA218,GA,218,sundI=14
GA219,GA,219,sondI=14
GA220,GA,220,sundI=14
GA221,GA,221,sundI=14
GA222,GA,222,sundI=14
GA223,GA,223,sundI=14
GA224,GA,224,sondI=14
GA225,GA,225,sundI=14
FL226,FL,226,sundI=14
FL227,FL,227,sundI=14
FL228,FL,228,sundI=14
FL229,FL,229,sundai=13
FL230,FL,230,sundai=13
FL231,FL,231,sundI=14
FL232,FL,232,sundI=14
FL233,FL,233,sundI=14
FL234,FL,234,sundI=14
FL235,FL,235,sundI=14
FL236,FL,236,sundI=14
FL237,FL,237,sundI=14
FL238,FL,238,sundA=14
FL239,FL,239,sundai=13
FL240,FL,240,sundI=14
FL241,FL,241,-
FL242,FL,242,sundI=14
FL243,FL,243,sundI=14
FL244,FL,244,sun{d}I=14
FL245,FL,245,sundI=14
FL246,FL,246,sundI=14
FL247,FL,247,sundI=14
FL248,FL,248,sundai=13
FL249,FL,249,sundI=14
FL250,FL,250,sundI=14
FL251,FL,251,sundI=14
FL252,FL,252,sundI=14
FL253,FL,253,sundI=14
FL254,FL,254,sundai=13
FL254,FL,254,sundI=14
FL255,FL,255,sundI=14
FL256,FL,256,sundI=14
FL257,FL,257,sundI=14
FL258,FL,258,sundI=14
FL259,FL,259,sundI=14
FL260,FL,260,sundI=14
FL261,FL,261,sundai=13
FL262,FL,262,sundI=14
FL263,FL,263,sundI=14
FL264,FL,264,sundai=13
FL265,FL,265,sundI=14
FL266,FL,266,sundai=13
FL267,FL,267,-
FL268,FL,268,sundI=14
FL269,FL,269,sundI=14
FL270,FL,270,sundI=14
FL271,FL,271,sundI=14
FL272,FL,272,sundI=14
FL273,FL,273,sundI=14
FL274,FL,274,sundai=13
FL275,FL,275,sundI=14
FL276,FL,276,sundIz=14
FL277,FL,277,sundai=13
FL278,FL,278,sundai=13
FL279,FL,279,sundai=13
FL280,FL,280,sondI=14
FL281,FL,281,sundI=14
FL282,FL,282,-
FL283,FL,283,sundI=14
FL284,FL,284,sundI=14
FL285,FL,285,sundai=13
FL286,FL,286,sundai=13
FL287,FL,287,sundai=13
FL288,FL,288,sundI=14
FL289,FL,289,sundai=13
TN290,TN,290,sundI=14
TN291,TN,291,sundI=14
TN292,TN,292,sundI=14
TN293,TN,293,sondI=14
TN294,TN,294,sundI=14
TN295,TN,295,sundI=14
TN296,TN,296,sundai=13
TN297,TN,297,sundI=14
TN298,TN,298,sundI=14
TN299,TN,299,sundI=14
TN300,TN,300,sundI=14
TN301,TN,301,sundI=14
TN302,TN,302,sundI=14
TN303,TN,303,sundI=14
TN304,TN,304,sundI=14
TN305,TN,305,-
TN306,TN,306,sundI=14
TN307,TN,307,sundI=14
TN308,TN,308,-
TN309,TN,309,sundI=14
TN310,TN,310,-
TN311,TN,311,sundI=14
TN312,TN,312,-
TN313,TN,313,-
TN314,TN,314,sundI=14
TN315,TN,315,sundI=14
TN316,TN,316,sundI=14
TN317,TN,317,sundI=14
TN318,TN,318,-
TN319,TN,319,-
TN320,TN,320,sundI=14
TN321,TN,321,sundI=14
TN322,TN,322,sundai=13
TN323,TN,323,sundI=14
TN324,TN,324,sundai=13
TN325,TN,325,sundI=14
TN326,TN,326,sundI=14
TN327,TN,327,sundI=14
TN328,TN,328,sundI=14
TN329,TN,329,sundI=14
TN330,TN,330,sundI=14
TN331,TN,331,sundI=14
TN332,TN,332,sundI=14
TN333,TN,333,sundI=14
TN334,TN,334,sundI=14
TN335,TN,335,sundI=14
TN336,TN,336,sundI=14
AL337,AL,337,sundI=14
AL338,AL,338,sundI=14
AL339,AL,339,sundI=14
AL340,AL,340,sundI=14
AL341,AL,341,sundI=14
AL342,AL,342,sundI=14
AL343,AL,343,sundai=13
AL344,AL,344,sundI=14
AL345,AL,345,sundI=14
AL346,AL,346,sundI=14
AL347,AL,347,sundI=14
AL348,AL,348,sundI=14
AL349,AL,349,sundI=14
AL350,AL,350,sundI=14
AL351,AL,351,sundI=14
AL352,AL,352,sundai=13
AL353,AL,353,sundI=14
AL354,AL,354,sundI=14
AL355,AL,355,sundI=14
AL356,AL,356,sundI=14
AL357,AL,357,sundI=14
AL358,AL,358,sundI=14
AL359,AL,359,sundI=14
AL360,AL,360,sundI=14
AL361,AL,361,sundI=14
AL362,AL,362,-
AL363,AL,363,sundI=14
AL364,AL,364,sundI=14
AL365,AL,365,sundI=14
AL366,AL,366,sundI=14
AL367,AL,367,sundI=14
AL368,AL,368,sundI=14
AL369,AL,369,sun{d}I=14
AL370,AL,370,-
AL371,AL,371,-
AL372,AL,372,sundI=14
AL373,AL,373,sundai=13
AL374,AL,374,sundI=14
AL375,AL,375,sundai=13
AL376,AL,376,sundI=14
AL377,AL,377,sondI=14
AL378,AL,378,sundI=14
AL379,AL,379,-
AL380,AL,380,sundI=14
AL381,AL,381,sundI=14
AL382,AL,382,sundI=14
AL383,AL,383,sundai=13
AL384,AL,384,sundI=14
AL385,AL,385,sundI=14
AL386,AL,386,sundai=13
AL387,AL,387,sundI=14
AL388,AL,388,sundI=14
AL389,AL,389,sundI=14
AL390,AL,390,sundai=13
AL391,AL,391,sundai=13
AL392,AL,392,sundI=14
AL393,AL,393,sundI=14
AL394,AL,394,sundI=14
AL395,AL,395,sundI=14
AL396,AL,396,sundai=13
AL396,AL,396,sunnai=13
AL397,AL,397,sundI=14
AL398,AL,398,sundI=14
AL399,AL,399,sundI=14
AL400,AL,400,sundI=14
AL401,AL,401,sundI=14
AL402,AL,402,-
AL403,AL,403,sundI=14
AL404,AL,404,sundI=14
AL405,AL,405,sundI=14
AL406,AL,406,sundI=14
AL407,AL,407,sundai=13
AL408,AL,408,sundI=14
AL409,AL,409,sundI=14
AL410,AL,410,sundI=14
AL411,AL,411,-
AL412,AL,412,sundI=14
AL413,AL,413,sundI=14
AL414,AL,414,sundI=14
AL415,AL,415,sundI=14
AL416,AL,416,sundI=14
AL417,AL,417,sundI=14
AL418,AL,418,sundI=14
AL419,AL,419,sundI=14
AL420,AL,420,sundI=14
AL421,AL,421,sundI=14
AL422,AL,422,sundI=14
AL423,AL,423,sundI=14
AL424,AL,424,sundI=14
AL425,AL,425,sundI=14
AL426,AL,426,sundai=13
AL426,AL,426,sundI=14
AL427,AL,427,sundI=14
AL428,AL,428,sundI=14
AL429,AL,429,sundI=14
AL430,AL,430,sundI=14
AL431,AL,431,sundI=14
AL432,AL,432,sundI=14
AL433,AL,433,-
AL434,AL,434,sundI=14
AL435,AL,435,sundI=14
AL436,AL,436,sundI=14
AL437,AL,437,sundI=14
AL438,AL,438,sundI=14
AL439,AL,439,sundI=14
AL440,AL,440,-
AL441,AL,441,sundI=14
AL442,AL,442,sundI=14
AL442,AL,442,sunnI=14
AL443,AL,443,sundai=13
AL444,AL,444,sundI=14
AL445,AL,445,sundI=14
AL446,AL,446,sundI=14
AL447,AL,447,sundI=14
AL448,AL,448,sundI=14
AL449,AL,449,sundI=14
AL450,AL,450,sundI=14
AL451,AL,451,sundai=13
AL451,AL,451,sundI=14
FL452,FL,452,sundI=14
FL453,FL,453,sondI=14
FL454,FL,454,sundai=13
FL455,FL,455,sundI=14
FL456,FL,456,sundI=14
FL457,FL,457,sundI=14
FL458,FL,458,sundai=13
FL459,FL,459,-
FL460,FL,460,sundI=14
FL461,FL,461,sundI=14
FL462,FL,462,sundI=14
FL463,FL,463,-
FL464,FL,464,sundI=14
FL465,FL,465,sundI=14
FL466,FL,466,sundI=14
FL467,FL,467,sundI=14
FL468,FL,468,sundI=14
FL469,FL,469,sundI=14
FL470,FL,470,sundI=14
FL471,FL,471,sundI=14
AL472,AL,472,sundI=14
AL473,AL,473,sundI=14
AL474,AL,474,sundI=14
AL475,AL,475,sundI=14
AL476,AL,476,sundI=14
AL477,AL,477,sundI=14
AL478,AL,478,-
AL479,AL,479,sundI=14
AL480,AL,480,sundI=14
AL481,AL,481,sundIz=14
AL482,AL,482,sundI=14
AL483,AL,483,-
AL484,AL,484,sundai=13
AL485,AL,485,sundI=14
TN486,TN,486,sundI=14
TN487,TN,487,sundI=14
TN488,TN,488,sundI=14
TN489,TN,489,sundI=14
TN490,TN,490,sundI=14
TN491,TN,491,-
TN492,TN,492,sundI=14
TN493,TN,493,sundI=14
TN494,TN,494,sundI=14
TN495,TN,495,sundI=14
TN496,TN,496,sundI=14
TN497,TN,497,sundai=13
TN498,TN,498,sundI=14
TN499,TN,499,sundI=14
TN500,TN,500,sundI=14
TN501,TN,501,sundI=14
TN502,TN,502,sundI=14
TN503,TN,503,sundI=14
TN504,TN,504,sundI=14
TN505,TN,505,sundI=14
TN506,TN,506,sundI=14
TN507,TN,507,sundI=14
TN508,TN,508,su(n)dI=14
TN509,TN,509,-
TN510,TN,510,sundI=14
TN511,TN,511,sundI=14
TN512,TN,512,sundI=14
TN513,TN,513,sundI=14
TN514,TN,514,sundI=14
TN515,TN,515,sundI=14
TN516,TN,516,sundI=14
TN517,TN,517,sundI=14
TN518,TN,518,sondI=14
TN519,TN,519,sundai=13
MS520,MS,520,sundI=14
MS521,MS,521,sundI=14
MS522,MS,522,sundI=14
MS523,MS,523,sundI=14
MS524,MS,524,sundI=14
MS525,MS,525,sundI=14
MS526,MS,526,sondai=13
MS527,MS,527,sundI=14
MS528,MS,528,sundI=14
MS529,MS,529,-
MS530,MS,530,sundI=14
MS531,MS,531,sundI=14
MS532,MS,532,sundI=14
MS533,MS,533,sundI=14
MS534,MS,534,sundI=14
MS535,MS,535,sundI=14
MS536,MS,536,sundai=13
MS537,MS,537,sundI=14
MS538,MS,538,sundI=14
MS539,MS,539,sundI=14
MS540,MS,540,sundI=14
MS541,MS,541,sundI=14
MS542,MS,542,sundI=14
MS543,MS,543,sunnai=13
MS544,MS,544,sundI=14
MS545,MS,545,sundI=14
MS546,MS,546,sundI=14
MS547,MS,547,sundai=13
MS548,MS,548,sundI=14
MS549,MS,549,sundI=14
MS550,MS,550,sundI=14
MS551,MS,551,sundI=14
MS552,MS,552,sundI=14
MS553,MS,553,sundI=14
MS554,MS,554,-
MS555,MS,555,sundee=13
MS556,MS,556,sundI=14
MS557,MS,557,sundI=14
MS558,MS,558,sundI=14
MS559,MS,559,sunnI=14
MS560,MS,560,sundI=14
MS561,MS,561,sundI=14
MS562,MS,562,sundI=14
MS563,MS,563,sundI=14
MS564,MS,564,sundai=13
MS565,MS,565,sundI=14
MS566,MS,566,sunnI=14
MS567,MS,567,sendI=14
MS567,MS,567,sundai=13
MS568,MS,568,sundI=14
MS569,MS,569,sundI=14
MS570,MS,570,sundI=14
MS571,MS,571,sondI=14
MS572,MS,572,sundI=14
MS573,MS,573,sundI=14
MS574,MS,574,sundI=14
MS575,MS,575,sundI=14
MS576,MS,576,sundI=14
MS577,MS,577,sundI=14
MS578,MS,578,sundI=14
MS579,MS,579,sundI=14
MS580,MS,580,sundI=14
MS581,MS,581,sundI=14
MS582,MS,582,sundI=14
MS583,MS,583,sundI=14
MS584,MS,584,sundI=14
MS585,MS,585,sun(d)I=14
MS586,MS,586,sundI=14
MS587,MS,587,sundI=14
MS588,MS,588,sundI=14
MS589,MS,589,-
MS590,MS,590,-
MS591,MS,591,sundI=14
MS592,MS,592,sundI=14
MS593,MS,593,sundI=14
MS594,MS,594,son(d)ai=13
MS595,MS,595,sundI=14
MS595,MS,595,sun{d}I=14
MS596,MS,596,sundI=14
MS597,MS,597,sundI=14
MS598,MS,598,sundI=14
MS599,MS,599,sundI=14
MS600,MS,600,sundI=14
MS601,MS,601,sundI=14
MS602,MS,602,sundI=14
MS603,MS,603,sundI=14
MS604,MS,604,-
MS605,MS,605,sundI=14
MS606,MS,606,sundI=14
MS607,MS,607,sundai=13
MS608,MS,608,sundI=14
MS609,MS,609,sundI=14
MS610,MS,610,sun{d}I=14
MS611,MS,611,sundI=14
MS612,MS,612,sundI=14
MS613,MS,613,sundI=14
MS614,MS,614,-
MS615,MS,615,sundI=14
MS616,MS,616,sundI=14
MS617,MS,617,sundI=14
MS618,MS,618,sundI=14
MS619,MS,619,sundai=13
MS620,MS,620,-
MS621,MS,621,sundI=14
MS622,MS,622,sundI=14
MS623,MS,623,sundI=14
MS624,MS,624,sundai=13
MS625,MS,625,sundI=14
MS626,MS,626,-
MS627,MS,627,sundI=14
MS628,MS,628,sundI=14
MS629,MS,629,sundI=14
LA630,LA,630,sundI=14
LA631,LA,631,sundI=14
LA632,LA,632,sundI=14
LA633,LA,633,sundI=14
LA634,LA,634,sundI=14
LA635,LA,635,sundI=14
LA636,LA,636,sundI=14
LA637,LA,637,sundI=14
LA638,LA,638,sundI=14
LA638,LA,638,sun{d}I=14
LA639,LA,639,sundI=14
LA640,LA,640,sundI=14
LA641,LA,641,sundee=13
LA641,LA,641,sundI=14
LA642,LA,642,-
LA643,LA,643,sundI=14
LA644,LA,644,sundI=14
LA645,LA,645,sundai=13
LA646,LA,646,sundIz=14
LA647,LA,647,-
LA648,LA,648,sundI=14
LA649,LA,649,sundai=13
LA650,LA,650,sundI=14
LA651,LA,651,-
LA652,LA,652,sundI=14
LA653,LA,653,sundI=14
LA654,LA,654,sundI=14
LA655,LA,655,sundI=14
LA656,LA,656,sundai=13
LA657,LA,657,sundI=14
LA657X,LA,657X,sundI=14
LA657Y,LA,657Y,sundI=14
LA657Z,LA,657Z,sundI=14
LA658,LA,658,sundI=14
LA659,LA,659,sundI=14
LA660,LA,660,sundI=14
LA661,LA,661,sundI=14
LA662,LA,662,sundai=13
LA663,LA,663,sundI=14
LA664,LA,664,sundI=14
LA665,LA,665,sundI=14
LA666,LA,666,sundI=14
LA667,LA,667,sundI=14
LA668,LA,668,sundI=14
LA669,LA,669,sundI=14
LA670,LA,670,sundIz=14
LA671,LA,671,sundI=14
LA672,LA,672,sundI=14
LA673,LA,673,sundI=14
AR674,AR,674,sundI=14
AR675,AR,675,sundai=13
AR676,AR,676,su[n]dI=14
AR677,AR,677,sundI=14
AR678,AR,678,sundI=14
AR679,AR,679,-
AR680,AR,680,sundai=13
AR681,AR,681,sundI=14
AR682,AR,682,sundI=14
AR683,AR,683,sundI=14
AR684,AR,684,sundI=14
AR685,AR,685,sundI=14
AR686,AR,686,sundI=14
AR687,AR,687,sundI=14
AR688,AR,688,sundI=14
AR689,AR,689,sundI=14
AR690,AR,690,sundI=14
AR691,AR,691,sundI=14
AR692,AR,692,sundI=14
AR693,AR,693,sundai=13
AR694,AR,694,sundI=14
AR695,AR,695,sundI=14
AR696,AR,696,sundI=14
AR697,AR,697,sundI=14
AR698,AR,698,sundI=14
AR699,AR,699,sundai=13
AR700,AR,700,sun{d}I=14
AR701,AR,701,sundI=14
AR702,AR,702,-
AR703,AR,703,sundI=14
AR704,AR,704,sundI=14
AR705,AR,705,sun{d}I=14
AR706,AR,706,-
AR707,AR,707,sondai=13
AR708,AR,708,sundI=14
AR709,AR,709,sundI=14
AR710,AR,710,sundI=14
AR711,AR,711,sundI=14
AR712,AR,712,sundI=14
AR713,AR,713,sundI=14
AR714,AR,714,sundI=14
AR715,AR,715,sundI=14
AR716,AR,716,sundI=14
AR717,AR,717,sundI=14
AR718,AR,718,sundI=14
AR719,AR,719,sundI=14
AR720,AR,720,sundI=14
AR721,AR,721,-
AR722,AR,722,sundI=14
AR723,AR,723,sundI=14
AR724,AR,724,sundI=14
AR725,AR,725,sundI=14
AR726,AR,726,sundI=14
AR727,AR,727,sundI=14
AR728,AR,728,-
AR729,AR,729,sundI=14
AR730,AR,730,sundI=14
AR731,AR,731,sundI=14
AR732,AR,732,sundI=14
AR733,AR,733,sundI=14
AR734,AR,734,sundIz=14
AR735,AR,735,sundI=14
AR736,AR,736,sundI=14
AR737,AR,737,sundI=14
AR738,AR,738,sundI=14
AR739,AR,739,-
AR740,AR,740,sundI=14
AR741,AR,741,sundI=14
AR742,AR,742,sundI=14
AR743,AR,743,sundI=14
AR744,AR,744,sundI=14
AR745,AR,745,sundI=14
AR746,AR,746,sundI=14
AR747,AR,747,sundI=14
AR748,AR,748,sundI=14
AR749,AR,749,sundI=14
AR750,AR,750,sundI=14
AR751,AR,751,sundI=14
AR752,AR,752,sundI=14
AR753,AR,753,sundI=14
AR754,AR,754,sundI=14
AR755,AR,755,sundI=14
LA756,LA,756,sun(d)I=14
LA757,LA,757,sundI=14
LA758,LA,758,sundI=14
LA759,LA,759,sundI=14
LA760,LA,760,sundI=14
LA761,LA,761,sundI=14
LA762,LA,762,-
LA763,LA,763,sundI=14
LA764,LA,764,sundI=14
LA765,LA,765,sundI=14
LA766,LA,766,sundI=14
LA767,LA,767,sundI=14
LA768,LA,768,sun(d)ai=13
LA769,LA,769,sundI=14
LA770,LA,770,-
LA771,LA,771,sundI=14
LA771,LA,771,sun{d}I=14
LA772,LA,772,sundI=14
LA773,LA,773,sundI=14
LA774,LA,774,sundI=14
LA775,LA,775,sundI=14
LA776,LA,776,sundI=14
LA777,LA,777,sundI=14
LA778,LA,778,sundI=14
LA779,LA,779,sundai=13
LA780,LA,780,sundI=14
LA781,LA,781,sundI=14
LA782,LA,782,sundI=14
LA783,LA,783,sundI=14
LA784,LA,784,sundI=14
LA785,LA,785,sundI=14
LA786,LA,786,sundI=14
LA787,LA,787,sundI=14
LA788,LA,788,sundI=14
LA789,LA,789,sundI=14
LA790,LA,790,sundI=14
LA791,LA,791,sundI=14
LA792,LA,792,sundI=14
LA793,LA,793,sundI=14
LA794,LA,794,sundI=14
LA795,LA,795,sundee=13
LA796,LA,796,sundI=14
LA797,LA,797,sundIz=14
LA798,LA,798,sundI=14
LA799,LA,799,-
LA800,LA,800,sundI=14
LA801,LA,801,sundI=14
LA802,LA,802,sundI=14
LA803,LA,803,sundai=13
LA804,LA,804,-
LA805,LA,805,sundI=14
LA806,LA,806,sundI=14
LA807,LA,807,sundI=14
LA808,LA,808,sundI=14
LA809,LA,809,-
LA810,LA,810,sundI=14
LA811,LA,811,sundI=14
LA812,LA,812,sundI=14
LA813,LA,813,sundI=14
LA814,LA,814,sundI=14
LA815,LA,815,sundI=14
LA816,LA,816,sundI=14
LA817,LA,817,sundI=14
TX818,TX,818,-
TX819,TX,819,sundai=13
TX820,TX,820,sundI=14
TX821,TX,821,sundI=14
TX822,TX,822,sundI=14
TX823,TX,823,sundI=14
TX824,TX,824,sundI=14
TX825,TX,825,sundI=14
TX826,TX,826,sundI=14
TX827,TX,827,sundai=13
TX828,TX,828,sundI=14
TX829,TX,829,sundI=14
TX830,TX,830,sundI=14
TX831,TX,831,sundI=14
TX832,TX,832,sundI=14
TX833,TX,833,sundI=14
TX834,TX,834,sundI=14
TX835,TX,835,sundI=14
TX836,TX,836,sundI=14
TX837,TX,837,sundI=14
TX838,TX,838,sundIz=14
TX839,TX,839,sundai=13
TX840,TX,840,sundI=14
TX841,TX,841,sundI=14
TX842,TX,842,sundI=14
TX843,TX,843,sundai=13
TX844,TX,844,sundI=14
TX845,TX,845,sundI=14
TX846,TX,846,sundI=14
TX847,TX,847,sundI=14
TX848,TX,848,sundI=14
TX849,TX,849,-
TX850,TX,850,sundI=14
TX851,TX,851,sundI=14
TX852,TX,852,sundI=14
TX853,TX,853,sundI=14
TX853,TX,853,sun{d}I=14
TX854,TX,854,sundI=14
TX855,TX,855,sundI=14
TX856,TX,856,sundI=14
TX857,TX,857,sundI=14
TX858,TX,858,sundai=13
TX859,TX,859,sundI=14
TX860,TX,860,sundI=14
TX861,TX,861,sundI=14
TX862,TX,862,sundI=14
TX863,TX,863,sundI=14
TX864,TX,864,su[n]dI=14
TX865,TX,865,sundI=14
TX866,TX,866,sundI=14
TX867,TX,867,sundI=14
TX868,TX,868,sundI=14
TX869,TX,869,sundai=13
TX870,TX,870,sundI=14
TX871,TX,871,-
TX872,TX,872,-
TX873,TX,873,sundI=14
TX874,TX,874,sundai=13
TX875,TX,875,sundI=14
TX876,TX,876,sundI=14
TX877,TX,877,sundI=14
TX878,TX,878,sundI=14
TX879,TX,879,-
TX880,TX,880,sundI=14
TX881,TX,881,-
TX882,TX,882,sundI=14
TX883,TX,883,sundI=14
TX884,TX,884,sundI=14
TX885,TX,885,sundI=14
TX886,TX,886,sundI=14
TX887,TX,887,sundI=14
TX888,TX,888,sundI=14
TX889,TX,889,sundai=13
TX890,TX,890,sundai=13
TX891,TX,891,sundai=13
TX892,TX,892,-
TX893,TX,893,sundI=14
TX894,TX,894,sundI=14
TX895,TX,895,sundI=14
TX896,TX,896,sundai=13
TX897,TX,897,sawndai=13
TX898,TX,898,sundI=14
TX899,TX,899,sundI=14
TX900,TX,900,sundI=14
TX901,TX,901,sundai=13
TX902,TX,902,sundI=14
TX903,TX,903,sundee=13
TX904,TX,904,sundI=14
TX905,TX,905,sundI=14
TX906,TX,906,sundI=14
TX907,TX,907,sundI=14
TX908,TX,908,sundai=13
TX909,TX,909,-
TX910,TX,910,sundI=14
TX911,TX,911,sundI=14
