Informant,State,Informant number,Response
TN001,TN,001,mundI=14
TN002,TN,002,mundai=13
TN003,TN,003,mundI=14
TN004,TN,004,mundI=14
TN005,TN,005,mundI=14
TN006,TN,006,-
TN007,TN,007,mundI=14
TN008,TN,008,-
TN009,TN,009,mundee=13
TN010,TN,010,mondI=14
TN011,TN,011,mundee=13
TN012,TN,012,-
TN013,TN,013,mundee=13
TN014,TN,014,mondI=14
TN015,TN,015,mondai=13
TN016,TN,016,mundai=13
TN017,TN,017,mundI=14
TN018,TN,018,mondee=13
TN019,TN,019,mundI=14
TN020,TN,020,mundee=13
TN021,TN,021,mundee=13
TN022,TN,022,mundai=13
TN023,TN,023,munnai=13
TN024,TN,024,mundee=13
TN025,TN,025,mundee=13
TN026,TN,026,mundee=13
TN027,TN,027,mundee=13
TN028,TN,028,mundI=14
TN029,TN,029,mundI=14
TN030,TN,030,mundI=14
TN031,TN,031,mundai=13
TN032,TN,032,mondI=14
TN033,TN,033,mundai=13
TN034,TN,034,mondai=13
TN035,TN,035,mundai=13
TN036,TN,036,mundI=14
TN037,TN,037,mundI=14
TN038,TN,038,mundI=14
TN039,TN,039,mundI=14
TN040,TN,040,mundI=14
TN041,TN,041,mundI=14
TN042,TN,042,mondI=14
TN043,TN,043,mundee=13
TN044,TN,044,mundee=13
TN045,TN,045,mundI=14
TN046,TN,046,mundee=13
TN047,TN,047,mundI=14
TN048,TN,048,mundI=14
TN049,TN,049,mundI=14
TN050,TN,050,mundI=14
TN051,TN,051,mundI=14
TN052,TN,052,-
TN053,TN,053,mundee=13
TN054,TN,054,mundI=14
TN055,TN,055,mundI=14
TN056,TN,056,mundI=14
TN057,TN,057,mundai=13
TN058,TN,058,mundI=14
TN059,TN,059,mundI=14
TN060,TN,060,mundee=13
GA061,GA,061,mundI=14
GA062,GA,062,mundI=14
GA063,GA,063,mundI=14
GA064,GA,064,mundI=14
GA065,GA,065,mundI=14
GA066,GA,066,-
GA067,GA,067,mundI=14
GA068,GA,068,mundI=14
GA069,GA,069,mundI=14
GA070,GA,070,mundI=14
GA071,GA,071,mundI=14
GA072,GA,072,mundI=14
GA073,GA,073,mundai=13
GA074,GA,074,mundI=14
GA075,GA,075,mundI=14
GA076,GA,076,-
GA077,GA,077,-
GA078,GA,078,mundai=13
GA079,GA,079,mundI=14
GA080,GA,080,mundI=14
GA081,GA,081,mondI=14
GA082,GA,082,-
GA083,GA,083,mundI=14
GA084,GA,084,mundA=14
GA085,GA,085,mundI=14
GA086,GA,086,mundI=14
GA087,GA,087,mundI=14
GA088,GA,088,mondI=14
GA089,GA,089,mondee=13
GA090,GA,090,mundI=14
GA091,GA,091,mundI=14
GA092,GA,092,-
GA093,GA,093,mundI=14
GA094,GA,094,mundI=14
GA095,GA,095,-
GA096,GA,096,mundI=14
GA097,GA,097,mundI=14
GA098,GA,098,-
GA099,GA,099,mundI=14
GA100,GA,100,mundI=14
GA101,GA,101,mundai=13
GA102,GA,102,mundI=14
GA103,GA,103,mundai=13
GA104,GA,104,mundI=14
GA105,GA,105,mundI=14
GA106,GA,106,mundI=14
GA107,GA,107,mundee=13
GA108,GA,108,munnai=13
GA109,GA,109,mundI=14
GA110,GA,110,mundI=14
GA111,GA,111,mundI=14
GA112,GA,112,mundI=14
GA113,GA,113,mundI=14
GA114,GA,114,mundI=14
GA115,GA,115,mundI=14
GA116,GA,116,mondI=14
GA117,GA,117,mundI=14
GA118,GA,118,mundI=14
GA119,GA,119,mundI=14
GA120,GA,120,mundI=14
GA121,GA,121,mundI=14
GA122,GA,122,mundI=14
GA123,GA,123,-
GA124,GA,124,mundI=14
GA125,GA,125,mundI=14
GA126,GA,126,mundI=14
GA127,GA,127,mundai=13
GA128,GA,128,mundI=14
GA129,GA,129,mundI=14
GA130,GA,130,mundI=14
GA131,GA,131,mundai=13
GA132,GA,132,mundI=14
GA133,GA,133,mundI=14
GA134,GA,134,mundI=14
GA135,GA,135,mundI=14
GA136,GA,136,mundI=14
GA137,GA,137,mundI=14
GA138,GA,138,mondI=14
GA139,GA,139,mundI=14
GA140,GA,140,mun(d)ai=13
GA141,GA,141,mundI=14
GA142,GA,142,mundI=14
GA143,GA,143,mundI=14
GA144,GA,144,mundI=14
GA145,GA,145,mu[n]nI=14
GA146,GA,146,mundI=14
GA147,GA,147,mundai=13
GA148,GA,148,-
GA149,GA,149,mundI=14
GA150,GA,150,mundI=14
GA151,GA,151,mundI=14
GA152,GA,152,mundI=14
GA153,GA,153,mundI=14
GA154,GA,154,-
GA155,GA,155,-
GA156,GA,156,mundI=14
GA157,GA,157,mundI=14
GA158,GA,158,-
GA159,GA,159,mundI=14
GA160,GA,160,mundI=14
GA161,GA,161,mundI=14
GA162,GA,162,mundI=14
GA163,GA,163,mundI=14
GA164,GA,164,mundai=13
GA165,GA,165,-
GA166,GA,166,mundI=14
GA167,GA,167,mundI=14
GA168,GA,168,mundI=14
GA169,GA,169,mundI=14
GA170,GA,170,mundI=14
GA171,GA,171,mundI=14
GA172,GA,172,mundI=14
GA173,GA,173,mundI=14
GA174,GA,174,mundI=14
GA175,GA,175,mundI=14
GA176,GA,176,mundai=13
GA177,GA,177,mundI=14
GA178,GA,178,mundI=14
GA179,GA,179,mundai=13
GA180,GA,180,mundI=14
GA181,GA,181,-
GA182,GA,182,mundI=14
GA183,GA,183,mundI=14
GA184,GA,184,mundI=14
GA185,GA,185,mundai=13
GA186,GA,186,mundI=14
GA187,GA,187,mundI=14
GA188,GA,188,mundA=14
GA189,GA,189,mundI=14
GA190,GA,190,mundI=14
GA191,GA,191,mundI=14
GA192,GA,192,mundI=14
GA193,GA,193,mundI=14
GA194,GA,194,mundI=14
GA195,GA,195,mundI=14
GA196,GA,196,mundI=14
GA197,GA,197,mundI=14
GA198,GA,198,mundai=13
GA199,GA,199,-
GA200,GA,200,mondI=14
GA201,GA,201,-
GA202,GA,202,mundI=14
GA203,GA,203,mundI=14
GA204,GA,204,mondI=14
GA205,GA,205,-
GA206,GA,206,mundI=14
GA207,GA,207,mundI=14
GA208,GA,208,mundI=14
GA209,GA,209,mundI=14
GA210,GA,210,mundI=14
GA211,GA,211,mundI=14
GA212,GA,212,mundI=14
GA213,GA,213,mundI=14
GA214,GA,214,mundI=14
GA215,GA,215,munnI=14
GA216,GA,216,mundI=14
GA217,GA,217,mundI=14
GA218,GA,218,mondI=14
GA219,GA,219,mundI=14
GA220,GA,220,-
GA221,GA,221,mundI=14
GA222,GA,222,mundI=14
GA223,GA,223,mundI=14
GA224,GA,224,-
GA225,GA,225,mundai=13
FL226,FL,226,mundI=14
FL227,FL,227,mundI=14
FL228,FL,228,mundI=14
FL229,FL,229,mundI=14
FL230,FL,230,mundai=13
FL231,FL,231,mundI=14
FL232,FL,232,mundI=14
FL233,FL,233,mundI=14
FL234,FL,234,mundI=14
FL235,FL,235,mundI=14
FL236,FL,236,mundI=14
FL237,FL,237,mundI=14
FL238,FL,238,mundI=14
FL239,FL,239,mundai=13
FL240,FL,240,mundI=14
FL241,FL,241,-
FL242,FL,242,mundI=14
FL243,FL,243,mundI=14
FL244,FL,244,mundI=14
FL245,FL,245,mundI=14
FL246,FL,246,mundI=14
FL247,FL,247,mundI=14
FL248,FL,248,mundai=13
FL249,FL,249,mundI=14
FL250,FL,250,mundI=14
FL251,FL,251,mundI=14
FL252,FL,252,-
FL253,FL,253,mundI=14
FL254,FL,254,mundI=14
FL255,FL,255,mundI=14
FL256,FL,256,mundI=14
FL257,FL,257,mundI=14
FL258,FL,258,mundI=14
FL259,FL,259,mundI=14
FL260,FL,260,-
FL261,FL,261,mundai=13
FL262,FL,262,mundI=14
FL263,FL,263,-
FL264,FL,264,mundai=13
FL265,FL,265,mundI=14
FL266,FL,266,mundai=13
FL267,FL,267,-
FL268,FL,268,mundI=14
FL269,FL,269,mundI=14
FL270,FL,270,mundI=14
FL271,FL,271,mundI=14
FL272,FL,272,mundI=14
FL273,FL,273,-
FL274,FL,274,-
FL275,FL,275,mundI=14
FL276,FL,276,mundI=14
FL277,FL,277,mundI=14
FL278,FL,278,mundai=13
FL279,FL,279,-
FL280,FL,280,mondI=14
FL281,FL,281,mundI=14
FL282,FL,282,-
FL283,FL,283,mundI=14
FL284,FL,284,mundI=14
FL285,FL,285,mundI=14
FL286,FL,286,mundI=14
FL287,FL,287,mundI=14
FL288,FL,288,mondI=14
FL289,FL,289,mundI=14
TN290,TN,290,mundI=14
TN291,TN,291,mundI=14
TN292,TN,292,mundai=13
TN293,TN,293,mundI=14
TN294,TN,294,mundai=13
TN295,TN,295,mundai=13
TN296,TN,296,mundI=14
TN297,TN,297,mundI=14
TN298,TN,298,-
TN299,TN,299,mundI=14
TN300,TN,300,mundI=14
TN301,TN,301,mundI=14
TN302,TN,302,mundI=14
TN303,TN,303,mundI=14
TN304,TN,304,mundI=14
TN305,TN,305,-
TN306,TN,306,mundI=14
TN307,TN,307,mundI=14
TN308,TN,308,-
TN309,TN,309,-
TN310,TN,310,-
TN311,TN,311,mundI=14
TN312,TN,312,-
TN313,TN,313,-
TN314,TN,314,mundI=14
TN315,TN,315,mundI=14
TN316,TN,316,mundI=14
TN317,TN,317,mundI=14
TN318,TN,318,-
TN319,TN,319,-
TN320,TN,320,mundI=14
TN321,TN,321,mundI=14
TN322,TN,322,mundai=13
TN323,TN,323,mundI=14
TN324,TN,324,mundai=13
TN325,TN,325,mundai=13
TN326,TN,326,mundI=14
TN327,TN,327,mundI=14
TN328,TN,328,mundI=14
TN329,TN,329,-
TN330,TN,330,mundI=14
TN331,TN,331,mundI=14
TN332,TN,332,mundI=14
TN333,TN,333,mundI=14
TN334,TN,334,mundI=14
TN335,TN,335,mundI=14
TN336,TN,336,mundI=14
AL337,AL,337,mondI=14
AL338,AL,338,mundI=14
AL339,AL,339,mundI=14
AL340,AL,340,mundI=14
AL341,AL,341,mundI=14
AL342,AL,342,-
AL343,AL,343,mundai=13
AL344,AL,344,mundI=14
AL345,AL,345,mundI=14
AL346,AL,346,mundI=14
AL347,AL,347,mundI=14
AL348,AL,348,mundI=14
AL349,AL,349,mundI=14
AL350,AL,350,mundI=14
AL351,AL,351,mundI=14
AL352,AL,352,mundI=14
AL353,AL,353,-
AL354,AL,354,mundI=14
AL355,AL,355,mundI=14
AL356,AL,356,mundI=14
AL357,AL,357,mundI=14
AL358,AL,358,mundI=14
AL359,AL,359,mundI=14
AL360,AL,360,mundI=14
AL361,AL,361,mundI=14
AL362,AL,362,-
AL363,AL,363,mundI=14
AL364,AL,364,mundI=14
AL365,AL,365,mundai=13
AL366,AL,366,mundI=14
AL367,AL,367,mundI=14
AL368,AL,368,mundI=14
AL369,AL,369,mun{d}I=14
AL370,AL,370,-
AL371,AL,371,-
AL372,AL,372,mundI=14
AL373,AL,373,mundI=14
AL374,AL,374,mundI=14
AL375,AL,375,mundI=14
AL376,AL,376,-
AL377,AL,377,mundI=14
AL378,AL,378,mundI=14
AL379,AL,379,-
AL380,AL,380,mundI=14
AL381,AL,381,mundI=14
AL382,AL,382,-
AL383,AL,383,mundai=13
AL384,AL,384,mundai=13
AL385,AL,385,mondI=14
AL386,AL,386,mundI=14
AL387,AL,387,mundI=14
AL388,AL,388,mundai=13
AL389,AL,389,mundI=14
AL390,AL,390,mundI=14
AL391,AL,391,mundI=14
AL392,AL,392,mundI=14
AL393,AL,393,mundI=14
AL394,AL,394,-
AL395,AL,395,mundI=14
AL396,AL,396,-
AL397,AL,397,mundI=14
AL398,AL,398,mundI=14
AL399,AL,399,mundI=14
AL400,AL,400,mondI=14
AL401,AL,401,mundI=14
AL402,AL,402,mundai=13
AL403,AL,403,mondI=14
AL404,AL,404,mundI=14
AL405,AL,405,mundI=14
AL406,AL,406,mundI=14
AL407,AL,407,mundai=13
AL408,AL,408,mundI=14
AL409,AL,409,mundI=14
AL410,AL,410,mundI=14
AL411,AL,411,-
AL412,AL,412,-
AL413,AL,413,-
AL414,AL,414,-
AL415,AL,415,-
AL416,AL,416,mundI=14
AL417,AL,417,mundI=14
AL418,AL,418,-
AL419,AL,419,mondI=14
AL420,AL,420,mundI=14
AL421,AL,421,-
AL422,AL,422,mundI=14
AL423,AL,423,mundI=14
AL424,AL,424,mundI=14
AL425,AL,425,mundI=14
AL426,AL,426,mundai=13
AL427,AL,427,mundI=14
AL428,AL,428,mundI=14
AL429,AL,429,mundI=14
AL430,AL,430,mundI=14
AL431,AL,431,mundI=14
AL432,AL,432,mundI=14
AL433,AL,433,mundI=14
AL434,AL,434,mundI=14
AL435,AL,435,mundI=14
AL436,AL,436,mundI=14
AL437,AL,437,mundI=14
AL438,AL,438,mundI=14
AL439,AL,439,mundI=14
AL440,AL,440,-
AL441,AL,441,mundI=14
AL442,AL,442,mundI=14
AL443,AL,443,mundai=13
AL444,AL,444,mundI=14
AL445,AL,445,mundI=14
AL446,AL,446,mundI=14
AL447,AL,447,mundI=14
AL448,AL,448,mundI=14
AL449,AL,449,mundI=14
AL450,AL,450,mundI=14
AL451,AL,451,mundai=13
FL452,FL,452,mundI=14
FL453,FL,453,mundI=14
FL454,FL,454,mundai=13
FL455,FL,455,mundI=14
FL456,FL,456,mundI=14
FL457,FL,457,mundI=14
FL458,FL,458,mundai=13
FL459,FL,459,mo[n]nA=14
FL460,FL,460,mundI=14
FL461,FL,461,mundI=14
FL462,FL,462,mundI=14
FL463,FL,463,-
FL464,FL,464,mundI=14
FL465,FL,465,mundI=14
FL466,FL,466,mundI=14
FL467,FL,467,mundI=14
FL468,FL,468,mundI=14
FL469,FL,469,mundI=14
FL470,FL,470,mundI=14
FL471,FL,471,mundI=14
AL472,AL,472,mundI=14
AL473,AL,473,mundI=14
AL474,AL,474,mundai=13
AL475,AL,475,mundI=14
AL476,AL,476,mundI=14
AL477,AL,477,mundI=14
AL478,AL,478,-
AL479,AL,479,mundI=14
AL480,AL,480,mundI=14
AL481,AL,481,mundI=14
AL482,AL,482,mundI=14
AL483,AL,483,-
AL484,AL,484,mundai=13
AL485,AL,485,-
TN486,TN,486,mundI=14
TN487,TN,487,mundI=14
TN488,TN,488,mundI=14
TN489,TN,489,mundI=14
TN490,TN,490,mundai=13
TN490,TN,490,mundI=14
TN491,TN,491,mundai=13
TN492,TN,492,mundI=14
TN493,TN,493,mundI=14
TN494,TN,494,mundI=14
TN495,TN,495,mundI=14
TN496,TN,496,mundI=14
TN497,TN,497,mundI=14
TN498,TN,498,mundI=14
TN499,TN,499,mundI=14
TN500,TN,500,mundI=14
TN501,TN,501,mundI=14
TN502,TN,502,mundI=14
TN503,TN,503,mundI=14
TN504,TN,504,mundI=14
TN505,TN,505,munnai=13
TN506,TN,506,mundI=14
TN507,TN,507,mundI=14
TN508,TN,508,mundI=14
TN509,TN,509,-
TN510,TN,510,mundI=14
TN511,TN,511,mundI=14
TN512,TN,512,mundI=14
TN513,TN,513,mundai=13
TN514,TN,514,mundI=14
TN515,TN,515,mundai=13
TN516,TN,516,mundI=14
TN517,TN,517,mundI=14
TN518,TN,518,mondI=14
TN519,TN,519,mundai=13
MS520,MS,520,mundI=14
MS521,MS,521,mundI=14
MS522,MS,522,mundI=14
MS523,MS,523,-
MS524,MS,524,mundI=14
MS525,MS,525,mundI=14
MS526,MS,526,mundai=13
MS527,MS,527,mundI=14
MS528,MS,528,mundI=14
MS529,MS,529,-
MS530,MS,530,mundI=14
MS531,MS,531,mundI=14
MS532,MS,532,mundIz=14
MS533,MS,533,mundI=14
MS534,MS,534,mundI=14
MS535,MS,535,mondI=14
MS536,MS,536,mundai=13
MS537,MS,537,mundI=14
MS538,MS,538,mundI=14
MS539,MS,539,mundI=14
MS540,MS,540,mundI=14
MS541,MS,541,-
MS542,MS,542,mundI=14
MS543,MS,543,mundee=13
MS544,MS,544,mundI=14
MS545,MS,545,mundI=14
MS546,MS,546,-
MS547,MS,547,mundai=13
MS548,MS,548,mundI=14
MS549,MS,549,mundI=14
MS550,MS,550,-
MS551,MS,551,mundI=14
MS552,MS,552,mundI=14
MS553,MS,553,mundee=13
MS554,MS,554,-
MS555,MS,555,mundI=14
MS556,MS,556,mundI=14
MS557,MS,557,mundI=14
MS558,MS,558,mundI=14
MS559,MS,559,-
MS560,MS,560,mundI=14
MS561,MS,561,mondI=14
MS562,MS,562,mundai=13
MS563,MS,563,mondI=14
MS564,MS,564,mundI=14
MS565,MS,565,mundI=14
MS566,MS,566,-
MS567,MS,567,mundee=13
MS568,MS,568,mondI=14
MS569,MS,569,mundI=14
MS570,MS,570,mundI=14
MS571,MS,571,mondI=14
MS571,MS,571,mundI=14
MS572,MS,572,mundI=14
MS573,MS,573,mundI=14
MS574,MS,574,mundI=14
MS575,MS,575,mundI=14
MS576,MS,576,mundI=14
MS577,MS,577,mundI=14
MS578,MS,578,-
MS579,MS,579,mundI=14
MS580,MS,580,mun{d}I=14
MS581,MS,581,mundI=14
MS582,MS,582,mundI=14
MS583,MS,583,mundI=14
MS584,MS,584,mundI=14
MS585,MS,585,mundI=14
MS586,MS,586,-
MS587,MS,587,mundI=14
MS588,MS,588,mundI=14
MS589,MS,589,mondI=14
MS590,MS,590,mundai=13
MS591,MS,591,mundai=13
MS592,MS,592,mundI=14
MS593,MS,593,mundI=14
MS593,MS,593,mun(d)ai=13
MS594,MS,594,mundI=14
MS595,MS,595,mundI=14
MS596,MS,596,mundI=14
MS597,MS,597,mundI=14
MS598,MS,598,mundai=13
MS599,MS,599,mun(d)I=14
MS600,MS,600,mundI=14
MS601,MS,601,mundI=14
MS602,MS,602,mundI=14
MS603,MS,603,mundI=14
MS604,MS,604,-
MS605,MS,605,mundI=14
MS606,MS,606,mundI=14
MS607,MS,607,mundA=14
MS608,MS,608,mundI=14
MS609,MS,609,mun{d}I=14
MS610,MS,610,mundI=14
MS611,MS,611,mundI=14
MS612,MS,612,mundI=14
MS613,MS,613,mundI=14
MS614,MS,614,-
MS615,MS,615,mundI=14
MS616,MS,616,mundI=14
MS617,MS,617,mundI=14
MS618,MS,618,mundI=14
MS619,MS,619,mundai=13
MS620,MS,620,mundI=14
MS621,MS,621,-
MS622,MS,622,mundI=14
MS623,MS,623,mundI=14
MS624,MS,624,mundai=13
MS625,MS,625,mundI=14
MS626,MS,626,-
MS627,MS,627,mundI=14
MS628,MS,628,mundI=14
MS629,MS,629,mundI=14
LA630,LA,630,mundI=14
LA631,LA,631,mundI=14
LA632,LA,632,mundI=14
LA633,LA,633,mundI=14
LA634,LA,634,mundI=14
LA635,LA,635,mundI=14
LA636,LA,636,mundI=14
LA637,LA,637,mundI=14
LA638,LA,638,mundI=14
LA639,LA,639,mundI=14
LA640,LA,640,mundI=14
LA641,LA,641,mundI=14
LA642,LA,642,-
LA643,LA,643,mundI=14
LA644,LA,644,-
LA645,LA,645,mundai=13
LA646,LA,646,mundI=14
LA647,LA,647,-
LA648,LA,648,mundI=14
LA649,LA,649,mundI=14
LA650,LA,650,mundI=14
LA651,LA,651,mundai=13
LA652,LA,652,mundI=14
LA653,LA,653,mundI=14
LA654,LA,654,mundI=14
LA655,LA,655,mundI=14
LA656,LA,656,mundai=13
LA657,LA,657,mundI=14
LA657X,LA,657X,mundI=14
LA657Y,LA,657Y,mundI=14
LA657Z,LA,657Z,mundI=14
LA658,LA,658,mundI=14
LA659,LA,659,mundI=14
LA660,LA,660,mundI=14
LA661,LA,661,mundI=14
LA662,LA,662,mundai=13
LA663,LA,663,-
LA664,LA,664,mundI=14
LA665,LA,665,mondI=14
LA666,LA,666,mondI=14
LA667,LA,667,mundI=14
LA668,LA,668,mundI=14
LA669,LA,669,mundI=14
LA670,LA,670,mundI=14
LA671,LA,671,mundI=14
LA672,LA,672,mundI=14
LA673,LA,673,mundI=14
AR674,AR,674,-
AR675,AR,675,mundee=13
AR676,AR,676,-
AR677,AR,677,mundI=14
AR678,AR,678,mundI=14
AR679,AR,679,mundai=13
AR680,AR,680,mundai=13
AR681,AR,681,mundI=14
AR682,AR,682,mundI=14
AR683,AR,683,mundI=14
AR684,AR,684,mundI=14
AR685,AR,685,mundI=14
AR686,AR,686,mundI=14
AR687,AR,687,mundI=14
AR688,AR,688,munnai=13
AR689,AR,689,mundI=14
AR690,AR,690,mundI=14
AR691,AR,691,mundI=14
AR692,AR,692,mundI=14
AR693,AR,693,mundai=13
AR694,AR,694,mundI=14
AR695,AR,695,mundI=14
AR696,AR,696,mundI=14
AR697,AR,697,mundI=14
AR698,AR,698,-
AR699,AR,699,-
AR700,AR,700,-
AR701,AR,701,mundI=14
AR702,AR,702,-
AR703,AR,703,mundI=14
AR704,AR,704,mundee=13
AR705,AR,705,mun{d}I=14
AR706,AR,706,mundai=13
AR707,AR,707,mondai=13
AR708,AR,708,mondI=14
AR709,AR,709,mundI=14
AR710,AR,710,mundai=13
AR711,AR,711,mundI=14
AR712,AR,712,mundI=14
AR713,AR,713,mundI=14
AR714,AR,714,mundI=14
AR715,AR,715,mondI=14
AR716,AR,716,mundI=14
AR717,AR,717,mundI=14
AR718,AR,718,mundI=14
AR719,AR,719,mundI=14
AR720,AR,720,mundI=14
AR721,AR,721,mundI=14
AR722,AR,722,mundI=14
AR723,AR,723,mundI=14
AR724,AR,724,mundI=14
AR725,AR,725,mundI=14
AR726,AR,726,mundI=14
AR727,AR,727,mundI=14
AR728,AR,728,mundI=14
AR729,AR,729,mundI=14
AR730,AR,730,-
AR731,AR,731,mundI=14
AR732,AR,732,mundI=14
AR733,AR,733,mundI=14
AR734,AR,734,-
AR735,AR,735,mundI=14
AR736,AR,736,mundI=14
AR737,AR,737,mundI=14
AR738,AR,738,mundI=14
AR739,AR,739,-
AR740,AR,740,mundI=14
AR741,AR,741,mundI=14
AR742,AR,742,mundI=14
AR743,AR,743,mundI=14
AR744,AR,744,mundI=14
AR745,AR,745,mundI=14
AR746,AR,746,mundI=14
AR747,AR,747,mundI=14
AR748,AR,748,mundI=14
AR749,AR,749,mundI=14
AR750,AR,750,-
AR751,AR,751,mundI=14
AR752,AR,752,mundI=14
AR753,AR,753,mundI=14
AR754,AR,754,mundI=14
AR755,AR,755,mundI=14
LA756,LA,756,mundI=14
LA757,LA,757,mundI=14
LA758,LA,758,mundI=14
LA759,LA,759,-
LA760,LA,760,-
LA761,LA,761,mundI=14
LA762,LA,762,mundI=14
LA763,LA,763,-
LA764,LA,764,mundI=14
LA765,LA,765,mundI=14
LA766,LA,766,mundI=14
LA767,LA,767,mundI=14
LA768,LA,768,mundai=13
LA769,LA,769,mundI=14
LA770,LA,770,-
LA771,LA,771,mundI=14
LA772,LA,772,mundA=14
LA773,LA,773,mundI=14
LA774,LA,774,-
LA775,LA,775,mundI=14
LA776,LA,776,mundI=14
LA777,LA,777,mundI=14
LA778,LA,778,mundI=14
LA779,LA,779,mundai=13
LA780,LA,780,mundI=14
LA781,LA,781,mundI=14
LA782,LA,782,mondI=14
LA783,LA,783,mundI=14
LA784,LA,784,mundI=14
LA785,LA,785,mundI=14
LA786,LA,786,mundI=14
LA787,LA,787,mundI=14
LA788,LA,788,mundI=14
LA789,LA,789,mundI=14
LA790,LA,790,-
LA791,LA,791,mundI=14
LA792,LA,792,mundI=14
LA793,LA,793,mundI=14
LA794,LA,794,mundI=14
LA795,LA,795,mundI=14
LA796,LA,796,mundai=13
LA797,LA,797,mondI=14
LA798,LA,798,mundI=14
LA799,LA,799,-
LA800,LA,800,mundI=14
LA801,LA,801,mundI=14
LA802,LA,802,mundI=14
LA803,LA,803,mundai=13
LA804,LA,804,mundai=13
LA805,LA,805,mundI=14
LA806,LA,806,mundI=14
LA807,LA,807,mundI=14
LA808,LA,808,mundI=14
LA809,LA,809,-
LA810,LA,810,mundI=14
LA811,LA,811,mondIz=14
LA812,LA,812,mundI=14
LA813,LA,813,mundI=14
LA814,LA,814,mundI=14
LA815,LA,815,mundI=14
LA816,LA,816,mundI=14
LA817,LA,817,mundI=14
TX818,TX,818,-
TX819,TX,819,mundai=13
TX820,TX,820,mundI=14
TX821,TX,821,mundI=14
TX822,TX,822,mundI=14
TX823,TX,823,mundI=14
TX824,TX,824,mundI=14
TX825,TX,825,mundI=14
TX826,TX,826,mundI=14
TX827,TX,827,mundai=13
TX828,TX,828,mundI=14
TX829,TX,829,mundI=14
TX830,TX,830,mundai=13
TX831,TX,831,mundI=14
TX832,TX,832,mundI=14
TX833,TX,833,mundI=14
TX834,TX,834,mundI=14
TX835,TX,835,-
TX836,TX,836,mundI=14
TX837,TX,837,mundI=14
TX838,TX,838,mundI=14
TX839,TX,839,mundI=14
TX840,TX,840,mundI=14
TX841,TX,841,mundI=14
TX842,TX,842,mundI=14
TX843,TX,843,mundai=13
TX844,TX,844,mundI=14
TX845,TX,845,-
TX846,TX,846,mundI=14
TX847,TX,847,mundI=14
TX848,TX,848,mundai=13
TX849,TX,849,mundI=14
TX850,TX,850,mundI=14
TX851,TX,851,-
TX852,TX,852,mundI=14
TX853,TX,853,mundI=14
TX854,TX,854,mundI=14
TX855,TX,855,mundI=14
TX856,TX,856,mondI=14
TX857,TX,857,mundI=14
TX858,TX,858,mundI=14
TX859,TX,859,mundI=14
TX860,TX,860,mundI=14
TX861,TX,861,mundI=14
TX862,TX,862,mundI=14
TX863,TX,863,mundI=14
TX864,TX,864,mundI=14
TX865,TX,865,mundI=14
TX866,TX,866,mundai=13
TX867,TX,867,mundI=14
TX868,TX,868,mundI=14
TX869,TX,869,mundI=14
TX870,TX,870,mundI=14
TX871,TX,871,mundI=14
TX872,TX,872,-
TX873,TX,873,mundI=14
TX874,TX,874,mundai=13
TX875,TX,875,mundI=14
TX876,TX,876,mundI=14
TX877,TX,877,mundI=14
TX878,TX,878,mundI=14
TX879,TX,879,mundI=14
TX880,TX,880,mundee=13
TX881,TX,881,-
TX882,TX,882,mundI=14
TX883,TX,883,mundai=13
TX884,TX,884,mun{d}I=14
TX885,TX,885,mundI=14
TX886,TX,886,mundI=14
TX887,TX,887,mundI=14
TX888,TX,888,mundI=14
TX889,TX,889,mundai=13
TX890,TX,890,mundI=14
TX891,TX,891,mundai=13
TX892,TX,892,-
TX893,TX,893,mundI=14
TX894,TX,894,mundI=14
TX895,TX,895,mun{d}I=14
TX896,TX,896,mundai=13
TX897,TX,897,mondai=13
TX898,TX,898,mundai=13
TX899,TX,899,mundai=13
TX900,TX,900,mundI=14
TX901,TX,901,mundai=13
TX902,TX,902,mundai=13
TX903,TX,903,-
TX904,TX,904,mundI=14
TX905,TX,905,mundI=14
TX906,TX,906,mundI=14
TX907,TX,907,mundI=14
TX908,TX,908,mundI=14
TX909,TX,909,-
TX910,TX,910,mundIz=14
TX911,TX,911,mundai=13
