<?xml version="1.0" encoding="UTF-8"?>
<MediaAsset>
   <!--Original Physical Asset and Transfer Details-->
   <Original>
      <Filename>IL40T</Filename>
      <RunningTime>02:11:09</RunningTime>
      <RecordDate>undated</RecordDate>
      <FormatType>Open Reel</FormatType>
      <StockBrand/>
      <TapeModel>None</TapeModel>
      <TapeWidth>1/4"</TapeWidth>
      <TapeType>Acetate</TapeType>
      <ReelSize>7"</ReelSize>
      <TrackConfiguration>Half track</TrackConfiguration>
      <SoundField>Mono</SoundField>
      <RecordingSpeed>3.75 ips</RecordingSpeed>
      <NoiseReduction>None</NoiseReduction>
      <Equalization>NAB</Equalization>
      <PackOrientation>Heads Out</PackOrientation>
      <Language/>
      <PerforationRepairs>Yes</PerforationRepairs>
      <Cleaned>No</Cleaned>
      <Baked>No</Baked>
      <TransferComments>Static on Tape; Program Distorted at Times; High Amount of Hum on Tape; High
         Amount of Hiss on Tape; High Background Noise on Tape; </TransferComments>
      <ConditionReport>
         <SmallRisk>TapeDamage</SmallRisk>
      </ConditionReport>
      <TransferOperator>TL</TransferOperator>
      <Deck_Description>1/4" Open Reel Reproducer</Deck_Description>
      <Deck_Brand>Studer</Deck_Brand>
      <Deck_Model>A-807</Deck_Model>
      <Deck_SerialNumber/>
      <Originator> The MediaPreserve, a division of Preservation Technologies, LP </Originator>
      <OriginatorAddress> 111 Thomson Park Drive, Cranberry Township, PA 16066-6424
      </OriginatorAddress>
   </Original>
   <!--Digital Preservation Master File-->
   <PreservationMaster>
      <MediaKeeper>
         <OriginalTitle>IL40T</OriginalTitle>
         <CustomerFilename>IL40T_a.wav</CustomerFilename>
         <DateCreated>2020-01-15T09:11:49</DateCreated>
         <Checksum>ECDEC2B1546916A49C1859CCB6283F37</Checksum>
         <ChecksumType>MD5</ChecksumType>
         <ChecksumDateCreated>2020-01-20T20:55:39</ChecksumDateCreated>
         <RunningTime>01:05:35</RunningTime>
         <BitPerSample>24</BitPerSample>
         <SampleRate>96000</SampleRate>
         <BitRate>2304000</BitRate>
         <SoundFieldFromJhove>1</SoundFieldFromJhove>
         <FileSizeInBytes>1133532898</FileSizeInBytes>
         <FileSizeInKB>1106966</FileSizeInKB>
         <FileSizeInMB>1081.021</FileSizeInMB>
         <FileSizeInGB>1.0557</FileSizeInGB>
         <FaceDesignation>A</FaceDesignation>
         <TrackDesignation>00</TrackDesignation>
         <RegionDesignation>01</RegionDesignation>
         <ComputerManufacturer>Dell</ComputerManufacturer>
         <HostComputerName>Precision</HostComputerName>
         <HostComputerVersion>T5600</HostComputerVersion>
         <OperatingSystem>Windows 7</OperatingSystem>
         <OperatingSystemVersion>Professional</OperatingSystemVersion>
         <A2D_DeviceType>Analog to Digital Converter</A2D_DeviceType>
         <A2D_DeviceManufacturer>Antelope Audio</A2D_DeviceManufacturer>
         <A2D_DeviceModelName>Orion</A2D_DeviceModelName>
         <A2D_DeviceModelVersion>32</A2D_DeviceModelVersion>
         <A2D_DeviceModelSerialNumber>1003815240101</A2D_DeviceModelSerialNumber>
         <A2D_DeviceDriverVersion>A-807</A2D_DeviceDriverVersion>
      </MediaKeeper>
   </PreservationMaster>
   <PreservationMaster>
      <MediaKeeper>
         <OriginalTitle>IL40T</OriginalTitle>
         <CustomerFilename>IL40T_b.wav</CustomerFilename>
         <DateCreated>2020-01-15T09:11:44</DateCreated>
         <Checksum>4845F82C7A6761B143DB61B2D2F223D5</Checksum>
         <ChecksumType>MD5</ChecksumType>
         <ChecksumDateCreated>2020-01-20T20:55:39</ChecksumDateCreated>
         <RunningTime>01:05:34</RunningTime>
         <BitPerSample>24</BitPerSample>
         <SampleRate>96000</SampleRate>
         <BitRate>2304000</BitRate>
         <SoundFieldFromJhove>1</SoundFieldFromJhove>
         <FileSizeInBytes>1133009884</FileSizeInBytes>
         <FileSizeInKB>1106455</FileSizeInKB>
         <FileSizeInMB>1080.522</FileSizeInMB>
         <FileSizeInGB>1.0552</FileSizeInGB>
         <FaceDesignation>B</FaceDesignation>
         <TrackDesignation>00</TrackDesignation>
         <RegionDesignation>01</RegionDesignation>
         <ComputerManufacturer>Dell</ComputerManufacturer>
         <HostComputerName>Precision</HostComputerName>
         <HostComputerVersion>T5600</HostComputerVersion>
         <OperatingSystem>Windows 7</OperatingSystem>
         <OperatingSystemVersion>Professional</OperatingSystemVersion>
         <A2D_DeviceType>Analog to Digital Converter</A2D_DeviceType>
         <A2D_DeviceManufacturer>Antelope Audio</A2D_DeviceManufacturer>
         <A2D_DeviceModelName>Orion</A2D_DeviceModelName>
         <A2D_DeviceModelVersion>32</A2D_DeviceModelVersion>
         <A2D_DeviceModelSerialNumber>1003815240101</A2D_DeviceModelSerialNumber>
         <A2D_DeviceDriverVersion>A-807</A2D_DeviceDriverVersion>
      </MediaKeeper>
   </PreservationMaster>
   <!--Digital Use/Access/Streaming File-->
   <Streaming>
      <MediaKeeper>
         <OriginalTitle>IL40T</OriginalTitle>
         <CustomerFilename>IL40T_a.mp3</CustomerFilename>
         <DateCreated>2020-01-20T17:41:50</DateCreated>
         <Checksum>222CDF8D6ED3BEDB275CB71123916650</Checksum>
         <ChecksumType>MD5</ChecksumType>
         <ChecksumDateCreated>2020-01-20T20:55:39</ChecksumDateCreated>
         <RunningTime>01:05:41</RunningTime>
         <BitRate>192000</BitRate>
         <SoundFieldFromJhove>1</SoundFieldFromJhove>
         <FileSizeInBytes>94462119</FileSizeInBytes>
         <FileSizeInKB>92248.16</FileSizeInKB>
         <FileSizeInMB>90.0861</FileSizeInMB>
         <FileSizeInGB>0.088</FileSizeInGB>
         <FaceDesignation>A</FaceDesignation>
         <TrackDesignation>00</TrackDesignation>
         <RegionDesignation>01</RegionDesignation>
         <EncodeSoftwareManufacturer>Steinberg</EncodeSoftwareManufacturer>
         <EncodeSoftware>Wavelab</EncodeSoftware>
         <EncodeSoftwareVersion>7.2.1</EncodeSoftwareVersion>
      </MediaKeeper>
   </Streaming>
   <Streaming>
      <MediaKeeper>
         <OriginalTitle>IL40T</OriginalTitle>
         <CustomerFilename>IL40T_b.mp3</CustomerFilename>
         <DateCreated>2020-01-20T17:42:17</DateCreated>
         <Checksum>21A113BE6B24CBCE1CAF16EEE694332C</Checksum>
         <ChecksumType>MD5</ChecksumType>
         <ChecksumDateCreated>2020-01-20T20:55:39</ChecksumDateCreated>
         <RunningTime>01:05:39</RunningTime>
         <BitRate>192000</BitRate>
         <SoundFieldFromJhove>1</SoundFieldFromJhove>
         <FileSizeInBytes>94418233</FileSizeInBytes>
         <FileSizeInKB>92205.3</FileSizeInKB>
         <FileSizeInMB>90.0442</FileSizeInMB>
         <FileSizeInGB>0.0879</FileSizeInGB>
         <FaceDesignation>B</FaceDesignation>
         <TrackDesignation>00</TrackDesignation>
         <RegionDesignation>01</RegionDesignation>
         <EncodeSoftwareManufacturer>Steinberg</EncodeSoftwareManufacturer>
         <EncodeSoftware>Wavelab</EncodeSoftware>
         <EncodeSoftwareVersion>7.2.1</EncodeSoftwareVersion>
      </MediaKeeper>
   </Streaming>
</MediaAsset>
