<?xml version="1.0" encoding="UTF-8" standalone="yes"?>
<Audio>
	<entry id="1060230101" project="LAO" informant="INF023" reel="1a" region="1" narrative="_Q" label="Dwellings" state="OK" sex="M " age="71" age_level="3" education="3" town="Ponca City" county="Kay" land_regions="D" locality="U" date="1962" latitude="36.70367" longitude="-97.07988" file_name="LAO(INF023)1a 01 Dwellings.mp3" path_to_file="LAP\Projects\LAO\Speakers\LAO(INF023)\Audio\LAO(INF023)1a\LAO(INF023)1a 01 Dwellings.mp3"/>
	<entry id="1060230102" project="LAO" informant="INF023" reel="1a" region="2" narrative="_Q" label="Dwellings" state="OK" sex="M " age="71" age_level="3" education="3" town="Ponca City" county="Kay" land_regions="D" locality="U" date="1962" latitude="36.70367" longitude="-97.07988" file_name="LAO(INF023)1a 02 Dwellings.mp3" path_to_file="LAP\Projects\LAO\Speakers\LAO(INF023)\Audio\LAO(INF023)1a\LAO(INF023)1a 02 Dwellings.mp3"/>
	<entry id="1060230103" project="LAO" informant="INF023" reel="1a" region="3" narrative="_Q" label="Dwellings" state="OK" sex="M " age="71" age_level="3" education="3" town="Ponca City" county="Kay" land_regions="D" locality="U" date="1962" latitude="36.70367" longitude="-97.07988" file_name="LAO(INF023)1a 03 Dwellings.mp3" path_to_file="LAP\Projects\LAO\Speakers\LAO(INF023)\Audio\LAO(INF023)1a\LAO(INF023)1a 03 Dwellings.mp3"/>
	<entry id="1060230104" project="LAO" informant="INF023" reel="1a" region="4" narrative="_Q" label="Dwellings" state="OK" sex="M " age="71" age_level="3" education="3" town="Ponca City" county="Kay" land_regions="D" locality="U" date="1962" latitude="36.70367" longitude="-97.07988" file_name="LAO(INF023)1a 04 Dwellings.mp3" path_to_file="LAP\Projects\LAO\Speakers\LAO(INF023)\Audio\LAO(INF023)1a\LAO(INF023)1a 04 Dwellings.mp3"/>
	<entry id="1060230105" project="LAO" informant="INF023" reel="1a" region="5" narrative="_Q" label="Food and Cooking" state="OK" sex="M " age="71" age_level="3" education="3" town="Ponca City" county="Kay" land_regions="D" locality="U" date="1962" latitude="36.70367" longitude="-97.07988" file_name="LAO(INF023)1a 05 Food and Cooking.mp3" path_to_file="LAP\Projects\LAO\Speakers\LAO(INF023)\Audio\LAO(INF023)1a\LAO(INF023)1a 05 Food and Cooking.mp3"/>
	<entry id="1060230106" project="LAO" informant="INF023" reel="1a" region="6" narrative="_Q" label="The Farm" state="OK" sex="M " age="71" age_level="3" education="3" town="Ponca City" county="Kay" land_regions="D" locality="U" date="1962" latitude="36.70367" longitude="-97.07988" file_name="LAO(INF023)1a 06 The Farm.mp3" path_to_file="LAP\Projects\LAO\Speakers\LAO(INF023)\Audio\LAO(INF023)1a\LAO(INF023)1a 06 The Farm.mp3"/>
	<entry id="1060230107" project="LAO" informant="INF023" reel="1a" region="7" narrative="_Q" label="Dwellings" state="OK" sex="M " age="71" age_level="3" education="3" town="Ponca City" county="Kay" land_regions="D" locality="U" date="1962" latitude="36.70367" longitude="-97.07988" file_name="LAO(INF023)1a 07 Dwellings.mp3" path_to_file="LAP\Projects\LAO\Speakers\LAO(INF023)\Audio\LAO(INF023)1a\LAO(INF023)1a 07 Dwellings.mp3"/>
	<entry id="3060230101" project="LAO" informant="INF023" reel="1a" region="0" narrative="_I" label="Metadata" state="OK" sex="M " age="71" age_level="3" education="3" town="Ponca City" county="Kay" land_regions="D" locality="U" date="1962" latitude="36.70367" longitude="-97.07988" file_name="LAO(INF023)1ameta.txt" path_to_file="LAP\Projects\LAO\Speakers\LAO(INF023)\Audio\LAO(INF023)1a\LAO(INF023)1ameta.txt"/>
	<entry id="1060230108" project="LAO" informant="INF023" reel="1b" region="1" narrative="_Q" label="Vegetables" state="OK" sex="M " age="71" age_level="3" education="3" town="Ponca City" county="Kay" land_regions="D" locality="U" date="1962" latitude="36.70367" longitude="-97.07988" file_name="LAO(INF023)1b 01 Vegetables.mp3" path_to_file="LAP\Projects\LAO\Speakers\LAO(INF023)\Audio\LAO(INF023)1b\LAO(INF023)1b 01 Vegetables.mp3"/>
	<entry id="1060230109" project="LAO" informant="INF023" reel="1b" region="2" narrative="_Q" label="Dwellings" state="OK" sex="M " age="71" age_level="3" education="3" town="Ponca City" county="Kay" land_regions="D" locality="U" date="1962" latitude="36.70367" longitude="-97.07988" file_name="LAO(INF023)1b 02 Dwellings.mp3" path_to_file="LAP\Projects\LAO\Speakers\LAO(INF023)\Audio\LAO(INF023)1b\LAO(INF023)1b 02 Dwellings.mp3"/>
	<entry id="1060230110" project="LAO" informant="INF023" reel="1b" region="3" narrative="_Q" label="Dwellings" state="OK" sex="M " age="71" age_level="3" education="3" town="Ponca City" county="Kay" land_regions="D" locality="U" date="1962" latitude="36.70367" longitude="-97.07988" file_name="LAO(INF023)1b 03 Dwellings.mp3" path_to_file="LAP\Projects\LAO\Speakers\LAO(INF023)\Audio\LAO(INF023)1b\LAO(INF023)1b 03 Dwellings.mp3"/>
	<entry id="1060230111" project="LAO" informant="INF023" reel="1b" region="4" narrative="_Q" label="Agriculture" state="OK" sex="M " age="71" age_level="3" education="3" town="Ponca City" county="Kay" land_regions="D" locality="U" date="1962" latitude="36.70367" longitude="-97.07988" file_name="LAO(INF023)1b 04 Agriculture.mp3" path_to_file="LAP\Projects\LAO\Speakers\LAO(INF023)\Audio\LAO(INF023)1b\LAO(INF023)1b 04 Agriculture.mp3"/>
	<entry id="1060230112" project="LAO" informant="INF023" reel="1b" region="5" narrative="_Q" label="Vehicles" state="OK" sex="M " age="71" age_level="3" education="3" town="Ponca City" county="Kay" land_regions="D" locality="U" date="1962" latitude="36.70367" longitude="-97.07988" file_name="LAO(INF023)1b 05 Vehicles.mp3" path_to_file="LAP\Projects\LAO\Speakers\LAO(INF023)\Audio\LAO(INF023)1b\LAO(INF023)1b 05 Vehicles.mp3"/>
	<entry id="1060230113" project="LAO" informant="INF023" reel="1b" region="6" narrative="_N" label="Dwellings" state="OK" sex="M " age="71" age_level="3" education="3" town="Ponca City" county="Kay" land_regions="D" locality="U" date="1962" latitude="36.70367" longitude="-97.07988" file_name="LAO(INF023)1b 06 Dwellings_N.mp3" path_to_file="LAP\Projects\LAO\Speakers\LAO(INF023)\Audio\LAO(INF023)1b\LAO(INF023)1b 06 Dwellings_N.mp3"/>
	<entry id="1060230114" project="LAO" informant="INF023" reel="1b" region="7" narrative="_N" label="Trees and Shrubs" state="OK" sex="M " age="71" age_level="3" education="3" town="Ponca City" county="Kay" land_regions="D" locality="U" date="1962" latitude="36.70367" longitude="-97.07988" file_name="LAO(INF023)1b 07 Trees and Shrubs_N.mp3" path_to_file="LAP\Projects\LAO\Speakers\LAO(INF023)\Audio\LAO(INF023)1b\LAO(INF023)1b 07 Trees and Shrubs_N.mp3"/>
	<entry id="3060230102" project="LAO" informant="INF023" reel="1b" region="0" narrative="_I" label="Metadata" state="OK" sex="M " age="71" age_level="3" education="3" town="Ponca City" county="Kay" land_regions="D" locality="U" date="1962" latitude="36.70367" longitude="-97.07988" file_name="LAO(INF023)1bmeta.txt" path_to_file="LAP\Projects\LAO\Speakers\LAO(INF023)\Audio\LAO(INF023)1b\LAO(INF023)1bmeta.txt"/>
	<entry id="1060230115" project="LAO" informant="INF023" reel="1c" region="1" narrative="_Q" label="Wild Animals" state="OK" sex="M " age="71" age_level="3" education="3" town="Ponca City" county="Kay" land_regions="D" locality="U" date="1962" latitude="36.70367" longitude="-97.07988" file_name="LAO(INF023)1c 01 Wild Animals.mp3" path_to_file="LAP\Projects\LAO\Speakers\LAO(INF023)\Audio\LAO(INF023)1c\LAO(INF023)1c 01 Wild Animals.mp3"/>
	<entry id="1060230116" project="LAO" informant="INF023" reel="1c" region="2" narrative="_Q" label="Religion" state="OK" sex="M " age="71" age_level="3" education="3" town="Ponca City" county="Kay" land_regions="D" locality="U" date="1962" latitude="36.70367" longitude="-97.07988" file_name="LAO(INF023)1c 02 Religion.mp3" path_to_file="LAP\Projects\LAO\Speakers\LAO(INF023)\Audio\LAO(INF023)1c\LAO(INF023)1c 02 Religion.mp3"/>
	<entry id="1060230117" project="LAO" informant="INF023" reel="1c" region="3" narrative="_Q" label="Dwellings" state="OK" sex="M " age="71" age_level="3" education="3" town="Ponca City" county="Kay" land_regions="D" locality="U" date="1962" latitude="36.70367" longitude="-97.07988" file_name="LAO(INF023)1c 03 Dwellings.mp3" path_to_file="LAP\Projects\LAO\Speakers\LAO(INF023)\Audio\LAO(INF023)1c\LAO(INF023)1c 03 Dwellings.mp3"/>
	<entry id="1060230118" project="LAO" informant="INF023" reel="1c" region="4" narrative="_Q" label="Containers and Utensils" state="OK" sex="M " age="71" age_level="3" education="3" town="Ponca City" county="Kay" land_regions="D" locality="U" date="1962" latitude="36.70367" longitude="-97.07988" file_name="LAO(INF023)1c 04 Containers and Utensils.mp3" path_to_file="LAP\Projects\LAO\Speakers\LAO(INF023)\Audio\LAO(INF023)1c\LAO(INF023)1c 04 Containers and Utensils.mp3"/>
	<entry id="1060230119" project="LAO" informant="INF023" reel="1c" region="5" narrative="_Q" label="Domestic Animals" state="OK" sex="M " age="71" age_level="3" education="3" town="Ponca City" county="Kay" land_regions="D" locality="U" date="1962" latitude="36.70367" longitude="-97.07988" file_name="LAO(INF023)1c 05 Domestic Animals.mp3" path_to_file="LAP\Projects\LAO\Speakers\LAO(INF023)\Audio\LAO(INF023)1c\LAO(INF023)1c 05 Domestic Animals.mp3"/>
	<entry id="1060230120" project="LAO" informant="INF023" reel="1c" region="6" narrative="_Q" label="Food and Cooking" state="OK" sex="M " age="71" age_level="3" education="3" town="Ponca City" county="Kay" land_regions="D" locality="U" date="1962" latitude="36.70367" longitude="-97.07988" file_name="LAO(INF023)1c 06 Food and Cooking.mp3" path_to_file="LAP\Projects\LAO\Speakers\LAO(INF023)\Audio\LAO(INF023)1c\LAO(INF023)1c 06 Food and Cooking.mp3"/>
	<entry id="1060230121" project="LAO" informant="INF023" reel="1c" region="7" narrative="_Q" label="Domestic Animals" state="OK" sex="M " age="71" age_level="3" education="3" town="Ponca City" county="Kay" land_regions="D" locality="U" date="1962" latitude="36.70367" longitude="-97.07988" file_name="LAO(INF023)1c 07 Domestic Animals.mp3" path_to_file="LAP\Projects\LAO\Speakers\LAO(INF023)\Audio\LAO(INF023)1c\LAO(INF023)1c 07 Domestic Animals.mp3"/>
	<entry id="3060230103" project="LAO" informant="INF023" reel="1c" region="0" narrative="_I" label="Metadata" state="OK" sex="M " age="71" age_level="3" education="3" town="Ponca City" county="Kay" land_regions="D" locality="U" date="1962" latitude="36.70367" longitude="-97.07988" file_name="LAO(INF023)1cmeta.txt" path_to_file="LAP\Projects\LAO\Speakers\LAO(INF023)\Audio\LAO(INF023)1c\LAO(INF023)1cmeta.txt"/>
	<entry id="1060230201" project="LAO" informant="INF023" reel="2a" region="1" narrative="_Q" label="Containers and Utensils" state="OK" sex="M " age="71" age_level="3" education="3" town="Ponca City" county="Kay" land_regions="D" locality="U" date="1962" latitude="36.70367" longitude="-97.07988" file_name="LAO(INF023)2a 01 Containers and Utensils.mp3" path_to_file="LAP\Projects\LAO\Speakers\LAO(INF023)\Audio\LAO(INF023)2a\LAO(INF023)2a 01 Containers and Utensils.mp3"/>
	<entry id="1060230202" project="LAO" informant="INF023" reel="2a" region="2" narrative="_Q" label="Sport and Play" state="OK" sex="M " age="71" age_level="3" education="3" town="Ponca City" county="Kay" land_regions="D" locality="U" date="1962" latitude="36.70367" longitude="-97.07988" file_name="LAO(INF023)2a 02 Sport and Play.mp3" path_to_file="LAP\Projects\LAO\Speakers\LAO(INF023)\Audio\LAO(INF023)2a\LAO(INF023)2a 02 Sport and Play.mp3"/>
	<entry id="1060230203" project="LAO" informant="INF023" reel="2a" region="3" narrative="_Q" label="Business" state="OK" sex="M " age="71" age_level="3" education="3" town="Ponca City" county="Kay" land_regions="D" locality="U" date="1962" latitude="36.70367" longitude="-97.07988" file_name="LAO(INF023)2a 03 Business.mp3" path_to_file="LAP\Projects\LAO\Speakers\LAO(INF023)\Audio\LAO(INF023)2a\LAO(INF023)2a 03 Business.mp3"/>
	<entry id="1060230204" project="LAO" informant="INF023" reel="2a" region="4" narrative="_Q" label="Sport and Play" state="OK" sex="M " age="71" age_level="3" education="3" town="Ponca City" county="Kay" land_regions="D" locality="U" date="1962" latitude="36.70367" longitude="-97.07988" file_name="LAO(INF023)2a 04 Sport and Play.mp3" path_to_file="LAP\Projects\LAO\Speakers\LAO(INF023)\Audio\LAO(INF023)2a\LAO(INF023)2a 04 Sport and Play.mp3"/>
	<entry id="1060230205" project="LAO" informant="INF023" reel="2a" region="5" narrative="_Q" label="Clothing" state="OK" sex="M " age="71" age_level="3" education="3" town="Ponca City" county="Kay" land_regions="D" locality="U" date="1962" latitude="36.70367" longitude="-97.07988" file_name="LAO(INF023)2a 05 Clothing.mp3" path_to_file="LAP\Projects\LAO\Speakers\LAO(INF023)\Audio\LAO(INF023)2a\LAO(INF023)2a 05 Clothing.mp3"/>
	<entry id="1060230206" project="LAO" informant="INF023" reel="2a" region="6" narrative="_Q" label="Illness and Death" state="OK" sex="M " age="71" age_level="3" education="3" town="Ponca City" county="Kay" land_regions="D" locality="U" date="1962" latitude="36.70367" longitude="-97.07988" file_name="LAO(INF023)2a 06 Illness and Death.mp3" path_to_file="LAP\Projects\LAO\Speakers\LAO(INF023)\Audio\LAO(INF023)2a\LAO(INF023)2a 06 Illness and Death.mp3"/>
	<entry id="1060230207" project="LAO" informant="INF023" reel="2a" region="7" narrative="_Q" label="Clothing" state="OK" sex="M " age="71" age_level="3" education="3" town="Ponca City" county="Kay" land_regions="D" locality="U" date="1962" latitude="36.70367" longitude="-97.07988" file_name="LAO(INF023)2a 07 Clothing.mp3" path_to_file="LAP\Projects\LAO\Speakers\LAO(INF023)\Audio\LAO(INF023)2a\LAO(INF023)2a 07 Clothing.mp3"/>
	<entry id="3060230201" project="LAO" informant="INF023" reel="2a" region="0" narrative="_I" label="Metadata" state="OK" sex="M " age="71" age_level="3" education="3" town="Ponca City" county="Kay" land_regions="D" locality="U" date="1962" latitude="36.70367" longitude="-97.07988" file_name="LAO(INF023)2ameta.txt" path_to_file="LAP\Projects\LAO\Speakers\LAO(INF023)\Audio\LAO(INF023)2a\LAO(INF023)2ameta.txt"/>
	<entry id="1060230208" project="LAO" informant="INF023" reel="2b" region="1" narrative="_Q" label="Dwellings" state="OK" sex="M " age="71" age_level="3" education="3" town="Ponca City" county="Kay" land_regions="D" locality="U" date="1962" latitude="36.70367" longitude="-97.07988" file_name="LAO(INF023)2b 01 Dwellings.mp3" path_to_file="LAP\Projects\LAO\Speakers\LAO(INF023)\Audio\LAO(INF023)2b\LAO(INF023)2b 01 Dwellings.mp3"/>
	<entry id="1060230209" project="LAO" informant="INF023" reel="2b" region="2" narrative="_Q" label="Topography" state="OK" sex="M " age="71" age_level="3" education="3" town="Ponca City" county="Kay" land_regions="D" locality="U" date="1962" latitude="36.70367" longitude="-97.07988" file_name="LAO(INF023)2b 02 Topography.mp3" path_to_file="LAP\Projects\LAO\Speakers\LAO(INF023)\Audio\LAO(INF023)2b\LAO(INF023)2b 02 Topography.mp3"/>
	<entry id="1060230210" project="LAO" informant="INF023" reel="2b" region="3" narrative="_Q" label="Topography" state="OK" sex="M " age="71" age_level="3" education="3" town="Ponca City" county="Kay" land_regions="D" locality="U" date="1962" latitude="36.70367" longitude="-97.07988" file_name="LAO(INF023)2b 03 Topography.mp3" path_to_file="LAP\Projects\LAO\Speakers\LAO(INF023)\Audio\LAO(INF023)2b\LAO(INF023)2b 03 Topography.mp3"/>
	<entry id="1060230211" project="LAO" informant="INF023" reel="2b" region="4" narrative="_N" label="Wild Animals" state="OK" sex="M " age="71" age_level="3" education="3" town="Ponca City" county="Kay" land_regions="D" locality="U" date="1962" latitude="36.70367" longitude="-97.07988" file_name="LAO(INF023)2b 04 Wild Animals_N.mp3" path_to_file="LAP\Projects\LAO\Speakers\LAO(INF023)\Audio\LAO(INF023)2b\LAO(INF023)2b 04 Wild Animals_N.mp3"/>
	<entry id="1060230212" project="LAO" informant="INF023" reel="2b" region="5" narrative="_Q" label="Domestic Animals" state="OK" sex="M " age="71" age_level="3" education="3" town="Ponca City" county="Kay" land_regions="D" locality="U" date="1962" latitude="36.70367" longitude="-97.07988" file_name="LAO(INF023)2b 05 Domestic Animals.mp3" path_to_file="LAP\Projects\LAO\Speakers\LAO(INF023)\Audio\LAO(INF023)2b\LAO(INF023)2b 05 Domestic Animals.mp3"/>
	<entry id="1060230213" project="LAO" informant="INF023" reel="2b" region="6" narrative="_Q" label="Topography" state="OK" sex="M " age="71" age_level="3" education="3" town="Ponca City" county="Kay" land_regions="D" locality="U" date="1962" latitude="36.70367" longitude="-97.07988" file_name="LAO(INF023)2b 06 Topography.mp3" path_to_file="LAP\Projects\LAO\Speakers\LAO(INF023)\Audio\LAO(INF023)2b\LAO(INF023)2b 06 Topography.mp3"/>
	<entry id="1060230214" project="LAO" informant="INF023" reel="2b" region="7" narrative="_Q" label="Domestic Animals" state="OK" sex="M " age="71" age_level="3" education="3" town="Ponca City" county="Kay" land_regions="D" locality="U" date="1962" latitude="36.70367" longitude="-97.07988" file_name="LAO(INF023)2b 07 Domestic Animals.mp3" path_to_file="LAP\Projects\LAO\Speakers\LAO(INF023)\Audio\LAO(INF023)2b\LAO(INF023)2b 07 Domestic Animals.mp3"/>
	<entry id="3060230202" project="LAO" informant="INF023" reel="2b" region="0" narrative="_I" label="Metadata" state="OK" sex="M " age="71" age_level="3" education="3" town="Ponca City" county="Kay" land_regions="D" locality="U" date="1962" latitude="36.70367" longitude="-97.07988" file_name="LAO(INF023)2bmeta.txt" path_to_file="LAP\Projects\LAO\Speakers\LAO(INF023)\Audio\LAO(INF023)2b\LAO(INF023)2bmeta.txt"/>
	<entry id="1060230215" project="LAO" informant="INF023" reel="2c" region="1" narrative="_Q" label="Domestic Animals" state="OK" sex="M " age="71" age_level="3" education="3" town="Ponca City" county="Kay" land_regions="D" locality="U" date="1962" latitude="36.70367" longitude="-97.07988" file_name="LAO(INF023)2c 01 Domestic Animals.mp3" path_to_file="LAP\Projects\LAO\Speakers\LAO(INF023)\Audio\LAO(INF023)2c\LAO(INF023)2c 01 Domestic Animals.mp3"/>
	<entry id="1060230216" project="LAO" informant="INF023" reel="2c" region="2" narrative="_Q" label="Time" state="OK" sex="M " age="71" age_level="3" education="3" town="Ponca City" county="Kay" land_regions="D" locality="U" date="1962" latitude="36.70367" longitude="-97.07988" file_name="LAO(INF023)2c 02 Time.mp3" path_to_file="LAP\Projects\LAO\Speakers\LAO(INF023)\Audio\LAO(INF023)2c\LAO(INF023)2c 02 Time.mp3"/>
	<entry id="1060230217" project="LAO" informant="INF023" reel="2c" region="3" narrative="_Q" label="Calls to Animals" state="OK" sex="M " age="71" age_level="3" education="3" town="Ponca City" county="Kay" land_regions="D" locality="U" date="1962" latitude="36.70367" longitude="-97.07988" file_name="LAO(INF023)2c 03 Calls to Animals.mp3" path_to_file="LAP\Projects\LAO\Speakers\LAO(INF023)\Audio\LAO(INF023)2c\LAO(INF023)2c 03 Calls to Animals.mp3"/>
	<entry id="1060230218" project="LAO" informant="INF023" reel="2c" region="4" narrative="_Q" label="Vehicles" state="OK" sex="M " age="71" age_level="3" education="3" town="Ponca City" county="Kay" land_regions="D" locality="U" date="1962" latitude="36.70367" longitude="-97.07988" file_name="LAO(INF023)2c 04 Vehicles.mp3" path_to_file="LAP\Projects\LAO\Speakers\LAO(INF023)\Audio\LAO(INF023)2c\LAO(INF023)2c 04 Vehicles.mp3"/>
	<entry id="1060230219" project="LAO" informant="INF023" reel="2c" region="5" narrative="_Q" label="Food and Cooking" state="OK" sex="M " age="71" age_level="3" education="3" town="Ponca City" county="Kay" land_regions="D" locality="U" date="1962" latitude="36.70367" longitude="-97.07988" file_name="LAO(INF023)2c 05 Food and Cooking.mp3" path_to_file="LAP\Projects\LAO\Speakers\LAO(INF023)\Audio\LAO(INF023)2c\LAO(INF023)2c 05 Food and Cooking.mp3"/>
	<entry id="1060230220" project="LAO" informant="INF023" reel="2c" region="6" narrative="_Q" label="Business" state="OK" sex="M " age="71" age_level="3" education="3" town="Ponca City" county="Kay" land_regions="D" locality="U" date="1962" latitude="36.70367" longitude="-97.07988" file_name="LAO(INF023)2c 06 Business.mp3" path_to_file="LAP\Projects\LAO\Speakers\LAO(INF023)\Audio\LAO(INF023)2c\LAO(INF023)2c 06 Business.mp3"/>
	<entry id="1060230221" project="LAO" informant="INF023" reel="2c" region="7" narrative="_Q" label="Food and Cooking" state="OK" sex="M " age="71" age_level="3" education="3" town="Ponca City" county="Kay" land_regions="D" locality="U" date="1962" latitude="36.70367" longitude="-97.07988" file_name="LAO(INF023)2c 07 Food and Cooking.mp3" path_to_file="LAP\Projects\LAO\Speakers\LAO(INF023)\Audio\LAO(INF023)2c\LAO(INF023)2c 07 Food and Cooking.mp3"/>
	<entry id="3060230203" project="LAO" informant="INF023" reel="2c" region="0" narrative="_I" label="Metadata" state="OK" sex="M " age="71" age_level="3" education="3" town="Ponca City" county="Kay" land_regions="D" locality="U" date="1962" latitude="36.70367" longitude="-97.07988" file_name="LAO(INF023)2cmeta.txt" path_to_file="LAP\Projects\LAO\Speakers\LAO(INF023)\Audio\LAO(INF023)2c\LAO(INF023)2cmeta.txt"/>
	<entry id="1060230301" project="LAO" informant="INF023" reel="3a" region="1" narrative="_Q" label="Food and Cooking" state="OK" sex="M " age="71" age_level="3" education="3" town="Ponca City" county="Kay" land_regions="D" locality="U" date="1962" latitude="36.70367" longitude="-97.07988" file_name="LAO(INF023)3a 01 Food and Cooking.mp3" path_to_file="LAP\Projects\LAO\Speakers\LAO(INF023)\Audio\LAO(INF023)3a\LAO(INF023)3a 01 Food and Cooking.mp3"/>
	<entry id="1060230302" project="LAO" informant="INF023" reel="3a" region="2" narrative="_Q" label="Domestic Animals" state="OK" sex="M " age="71" age_level="3" education="3" town="Ponca City" county="Kay" land_regions="D" locality="U" date="1962" latitude="36.70367" longitude="-97.07988" file_name="LAO(INF023)3a 02 Domestic Animals.mp3" path_to_file="LAP\Projects\LAO\Speakers\LAO(INF023)\Audio\LAO(INF023)3a\LAO(INF023)3a 02 Domestic Animals.mp3"/>
	<entry id="1060230303" project="LAO" informant="INF023" reel="3a" region="3" narrative="_Q" label="Containers and Utensils" state="OK" sex="M " age="71" age_level="3" education="3" town="Ponca City" county="Kay" land_regions="D" locality="U" date="1962" latitude="36.70367" longitude="-97.07988" file_name="LAO(INF023)3a 03 Containers and Utensils.mp3" path_to_file="LAP\Projects\LAO\Speakers\LAO(INF023)\Audio\LAO(INF023)3a\LAO(INF023)3a 03 Containers and Utensils.mp3"/>
	<entry id="1060230304" project="LAO" informant="INF023" reel="3a" region="4" narrative="_Q" label="Domestic Animals" state="OK" sex="M " age="71" age_level="3" education="3" town="Ponca City" county="Kay" land_regions="D" locality="U" date="1962" latitude="36.70367" longitude="-97.07988" file_name="LAO(INF023)3a 04 Domestic Animals.mp3" path_to_file="LAP\Projects\LAO\Speakers\LAO(INF023)\Audio\LAO(INF023)3a\LAO(INF023)3a 04 Domestic Animals.mp3"/>
	<entry id="1060230305" project="LAO" informant="INF023" reel="3a" region="5" narrative="_Q" label="Food and Cooking" state="OK" sex="M " age="71" age_level="3" education="3" town="Ponca City" county="Kay" land_regions="D" locality="U" date="1962" latitude="36.70367" longitude="-97.07988" file_name="LAO(INF023)3a 05 Food and Cooking.mp3" path_to_file="LAP\Projects\LAO\Speakers\LAO(INF023)\Audio\LAO(INF023)3a\LAO(INF023)3a 05 Food and Cooking.mp3"/>
	<entry id="1060230306" project="LAO" informant="INF023" reel="3a" region="6" narrative="_Q" label="Dwellings" state="OK" sex="M " age="71" age_level="3" education="3" town="Ponca City" county="Kay" land_regions="D" locality="U" date="1962" latitude="36.70367" longitude="-97.07988" file_name="LAO(INF023)3a 06 Dwellings.mp3" path_to_file="LAP\Projects\LAO\Speakers\LAO(INF023)\Audio\LAO(INF023)3a\LAO(INF023)3a 06 Dwellings.mp3"/>
	<entry id="1060230307" project="LAO" informant="INF023" reel="3a" region="7" narrative="_Q" label="Food and Cooking" state="OK" sex="M " age="71" age_level="3" education="3" town="Ponca City" county="Kay" land_regions="D" locality="U" date="1962" latitude="36.70367" longitude="-97.07988" file_name="LAO(INF023)3a 07 Food and Cooking.mp3" path_to_file="LAP\Projects\LAO\Speakers\LAO(INF023)\Audio\LAO(INF023)3a\LAO(INF023)3a 07 Food and Cooking.mp3"/>
	<entry id="3060230301" project="LAO" informant="INF023" reel="3a" region="0" narrative="_I" label="Metadata" state="OK" sex="M " age="71" age_level="3" education="3" town="Ponca City" county="Kay" land_regions="D" locality="U" date="1962" latitude="36.70367" longitude="-97.07988" file_name="LAO(INF023)3ameta.txt" path_to_file="LAP\Projects\LAO\Speakers\LAO(INF023)\Audio\LAO(INF023)3a\LAO(INF023)3ameta.txt"/>
	<entry id="1060230308" project="LAO" informant="INF023" reel="3b" region="1" narrative="_Q" label="Containers and Utensils" state="OK" sex="M " age="71" age_level="3" education="3" town="Ponca City" county="Kay" land_regions="D" locality="U" date="1962" latitude="36.70367" longitude="-97.07988" file_name="LAO(INF023)3b 01 Containers and Utensils.mp3" path_to_file="LAP\Projects\LAO\Speakers\LAO(INF023)\Audio\LAO(INF023)3b\LAO(INF023)3b 01 Containers and Utensils.mp3"/>
	<entry id="1060230309" project="LAO" informant="INF023" reel="3b" region="2" narrative="_Q" label="Food and Cooking" state="OK" sex="M " age="71" age_level="3" education="3" town="Ponca City" county="Kay" land_regions="D" locality="U" date="1962" latitude="36.70367" longitude="-97.07988" file_name="LAO(INF023)3b 02 Food and Cooking.mp3" path_to_file="LAP\Projects\LAO\Speakers\LAO(INF023)\Audio\LAO(INF023)3b\LAO(INF023)3b 02 Food and Cooking.mp3"/>
	<entry id="1060230310" project="LAO" informant="INF023" reel="3b" region="3" narrative="_Q" label="Topography" state="OK" sex="M " age="71" age_level="3" education="3" town="Ponca City" county="Kay" land_regions="D" locality="U" date="1962" latitude="36.70367" longitude="-97.07988" file_name="LAO(INF023)3b 03 Topography.mp3" path_to_file="LAP\Projects\LAO\Speakers\LAO(INF023)\Audio\LAO(INF023)3b\LAO(INF023)3b 03 Topography.mp3"/>
	<entry id="1060230311" project="LAO" informant="INF023" reel="3b" region="4" narrative="_Q" label="Food and Cooking" state="OK" sex="M " age="71" age_level="3" education="3" town="Ponca City" county="Kay" land_regions="D" locality="U" date="1962" latitude="36.70367" longitude="-97.07988" file_name="LAO(INF023)3b 04 Food and Cooking.mp3" path_to_file="LAP\Projects\LAO\Speakers\LAO(INF023)\Audio\LAO(INF023)3b\LAO(INF023)3b 04 Food and Cooking.mp3"/>
	<entry id="1060230312" project="LAO" informant="INF023" reel="3b" region="5" narrative="_Q" label="Business" state="OK" sex="M " age="71" age_level="3" education="3" town="Ponca City" county="Kay" land_regions="D" locality="U" date="1962" latitude="36.70367" longitude="-97.07988" file_name="LAO(INF023)3b 05 Business.mp3" path_to_file="LAP\Projects\LAO\Speakers\LAO(INF023)\Audio\LAO(INF023)3b\LAO(INF023)3b 05 Business.mp3"/>
	<entry id="1060230313" project="LAO" informant="INF023" reel="3b" region="6" narrative="_Q" label="Vegetables" state="OK" sex="M " age="71" age_level="3" education="3" town="Ponca City" county="Kay" land_regions="D" locality="U" date="1962" latitude="36.70367" longitude="-97.07988" file_name="LAO(INF023)3b 06 Vegetables.mp3" path_to_file="LAP\Projects\LAO\Speakers\LAO(INF023)\Audio\LAO(INF023)3b\LAO(INF023)3b 06 Vegetables.mp3"/>
	<entry id="1060230314" project="LAO" informant="INF023" reel="3b" region="7" narrative="_Q" label="Agriculture" state="OK" sex="M " age="71" age_level="3" education="3" town="Ponca City" county="Kay" land_regions="D" locality="U" date="1962" latitude="36.70367" longitude="-97.07988" file_name="LAO(INF023)3b 07 Agriculture.mp3" path_to_file="LAP\Projects\LAO\Speakers\LAO(INF023)\Audio\LAO(INF023)3b\LAO(INF023)3b 07 Agriculture.mp3"/>
	<entry id="3060230302" project="LAO" informant="INF023" reel="3b" region="0" narrative="_I" label="Metadata" state="OK" sex="M " age="71" age_level="3" education="3" town="Ponca City" county="Kay" land_regions="D" locality="U" date="1962" latitude="36.70367" longitude="-97.07988" file_name="LAO(INF023)3bmeta.txt" path_to_file="LAP\Projects\LAO\Speakers\LAO(INF023)\Audio\LAO(INF023)3b\LAO(INF023)3bmeta.txt"/>
	<entry id="1060230401" project="LAO" informant="INF023" reel="4a" region="1" narrative="_Q" label="Family" state="OK" sex="M " age="71" age_level="3" education="3" town="Ponca City" county="Kay" land_regions="D" locality="U" date="1962" latitude="36.70367" longitude="-97.07988" file_name="LAO(INF023)4a 01 Family.mp3" path_to_file="LAP\Projects\LAO\Speakers\LAO(INF023)\Audio\LAO(INF023)4a\LAO(INF023)4a 01 Family.mp3"/>
	<entry id="1060230402" project="LAO" informant="INF023" reel="4a" region="2" narrative="_N" label="Public Institutions" state="OK" sex="M " age="71" age_level="3" education="3" town="Ponca City" county="Kay" land_regions="D" locality="U" date="1962" latitude="36.70367" longitude="-97.07988" file_name="LAO(INF023)4a 02 Public Institutions_N.mp3" path_to_file="LAP\Projects\LAO\Speakers\LAO(INF023)\Audio\LAO(INF023)4a\LAO(INF023)4a 02 Public Institutions_N.mp3"/>
	<entry id="1060230403" project="LAO" informant="INF023" reel="4a" region="3" narrative="_N" label="Vehicles" state="OK" sex="M " age="71" age_level="3" education="3" town="Ponca City" county="Kay" land_regions="D" locality="U" date="1962" latitude="36.70367" longitude="-97.07988" file_name="LAO(INF023)4a 03 Vehicles_N.mp3" path_to_file="LAP\Projects\LAO\Speakers\LAO(INF023)\Audio\LAO(INF023)4a\LAO(INF023)4a 03 Vehicles_N.mp3"/>
	<entry id="1060230404" project="LAO" informant="INF023" reel="4a" region="4" narrative="_Q" label="Business" state="OK" sex="M " age="71" age_level="3" education="3" town="Ponca City" county="Kay" land_regions="D" locality="U" date="1962" latitude="36.70367" longitude="-97.07988" file_name="LAO(INF023)4a 04 Business.mp3" path_to_file="LAP\Projects\LAO\Speakers\LAO(INF023)\Audio\LAO(INF023)4a\LAO(INF023)4a 04 Business.mp3"/>
	<entry id="1060230405" project="LAO" informant="INF023" reel="4a" region="5" narrative="_Q" label="Wild Animals" state="OK" sex="M " age="71" age_level="3" education="3" town="Ponca City" county="Kay" land_regions="D" locality="U" date="1962" latitude="36.70367" longitude="-97.07988" file_name="LAO(INF023)4a 05 Wild Animals.mp3" path_to_file="LAP\Projects\LAO\Speakers\LAO(INF023)\Audio\LAO(INF023)4a\LAO(INF023)4a 05 Wild Animals.mp3"/>
	<entry id="1060230406" project="LAO" informant="INF023" reel="4a" region="6" narrative="_Q" label="Wild Animals" state="OK" sex="M " age="71" age_level="3" education="3" town="Ponca City" county="Kay" land_regions="D" locality="U" date="1962" latitude="36.70367" longitude="-97.07988" file_name="LAO(INF023)4a 06 Wild Animals.mp3" path_to_file="LAP\Projects\LAO\Speakers\LAO(INF023)\Audio\LAO(INF023)4a\LAO(INF023)4a 06 Wild Animals.mp3"/>
	<entry id="1060230407" project="LAO" informant="INF023" reel="4a" region="7" narrative="_Q" label="Wild Animals" state="OK" sex="M " age="71" age_level="3" education="3" town="Ponca City" county="Kay" land_regions="D" locality="U" date="1962" latitude="36.70367" longitude="-97.07988" file_name="LAO(INF023)4a 07 Wild Animals.mp3" path_to_file="LAP\Projects\LAO\Speakers\LAO(INF023)\Audio\LAO(INF023)4a\LAO(INF023)4a 07 Wild Animals.mp3"/>
	<entry id="3060230401" project="LAO" informant="INF023" reel="4a" region="0" narrative="_I" label="Metadata" state="OK" sex="M " age="71" age_level="3" education="3" town="Ponca City" county="Kay" land_regions="D" locality="U" date="1962" latitude="36.70367" longitude="-97.07988" file_name="LAO(INF023)4ameta.txt" path_to_file="LAP\Projects\LAO\Speakers\LAO(INF023)\Audio\LAO(INF023)4a\LAO(INF023)4ameta.txt"/>
	<entry id="1060230408" project="LAO" informant="INF023" reel="4b" region="1" narrative="_Q" label="Agriculture" state="OK" sex="M " age="71" age_level="3" education="3" town="Ponca City" county="Kay" land_regions="D" locality="U" date="1962" latitude="36.70367" longitude="-97.07988" file_name="LAO(INF023)4b 01 Agriculture.mp3" path_to_file="LAP\Projects\LAO\Speakers\LAO(INF023)\Audio\LAO(INF023)4b\LAO(INF023)4b 01 Agriculture.mp3"/>
	<entry id="1060230409" project="LAO" informant="INF023" reel="4b" region="2" narrative="_Q" label="Wild Animals" state="OK" sex="M " age="71" age_level="3" education="3" town="Ponca City" county="Kay" land_regions="D" locality="U" date="1962" latitude="36.70367" longitude="-97.07988" file_name="LAO(INF023)4b 02 Wild Animals.mp3" path_to_file="LAP\Projects\LAO\Speakers\LAO(INF023)\Audio\LAO(INF023)4b\LAO(INF023)4b 02 Wild Animals.mp3"/>
	<entry id="1060230410" project="LAO" informant="INF023" reel="4b" region="3" narrative="_Q" label="Trees and Shrubs" state="OK" sex="M " age="71" age_level="3" education="3" town="Ponca City" county="Kay" land_regions="D" locality="U" date="1962" latitude="36.70367" longitude="-97.07988" file_name="LAO(INF023)4b 03 Trees and Shrubs.mp3" path_to_file="LAP\Projects\LAO\Speakers\LAO(INF023)\Audio\LAO(INF023)4b\LAO(INF023)4b 03 Trees and Shrubs.mp3"/>
	<entry id="1060230411" project="LAO" informant="INF023" reel="4b" region="4" narrative="_Q" label="Family" state="OK" sex="M " age="71" age_level="3" education="3" town="Ponca City" county="Kay" land_regions="D" locality="U" date="1962" latitude="36.70367" longitude="-97.07988" file_name="LAO(INF023)4b 04 Family.mp3" path_to_file="LAP\Projects\LAO\Speakers\LAO(INF023)\Audio\LAO(INF023)4b\LAO(INF023)4b 04 Family.mp3"/>
	<entry id="1060230412" project="LAO" informant="INF023" reel="4b" region="5" narrative="_Q" label="Vehicles" state="OK" sex="M " age="71" age_level="3" education="3" town="Ponca City" county="Kay" land_regions="D" locality="U" date="1962" latitude="36.70367" longitude="-97.07988" file_name="LAO(INF023)4b 05 Vehicles.mp3" path_to_file="LAP\Projects\LAO\Speakers\LAO(INF023)\Audio\LAO(INF023)4b\LAO(INF023)4b 05 Vehicles.mp3"/>
	<entry id="1060230413" project="LAO" informant="INF023" reel="4b" region="6" narrative="_Q" label="Family" state="OK" sex="M " age="71" age_level="3" education="3" town="Ponca City" county="Kay" land_regions="D" locality="U" date="1962" latitude="36.70367" longitude="-97.07988" file_name="LAO(INF023)4b 06 Family.mp3" path_to_file="LAP\Projects\LAO\Speakers\LAO(INF023)\Audio\LAO(INF023)4b\LAO(INF023)4b 06 Family.mp3"/>
	<entry id="1060230414" project="LAO" informant="INF023" reel="4b" region="7" narrative="_Q" label="Names, Titles and Occupations" state="OK" sex="M " age="71" age_level="3" education="3" town="Ponca City" county="Kay" land_regions="D" locality="U" date="1962" latitude="36.70367" longitude="-97.07988" file_name="LAO(INF023)4b 07 Names, Titles and Occupations.mp3" path_to_file="LAP\Projects\LAO\Speakers\LAO(INF023)\Audio\LAO(INF023)4b\LAO(INF023)4b 07 Names, Titles and Occupations.mp3"/>
	<entry id="3060230402" project="LAO" informant="INF023" reel="4b" region="0" narrative="_I" label="Metadata" state="OK" sex="M " age="71" age_level="3" education="3" town="Ponca City" county="Kay" land_regions="D" locality="U" date="1962" latitude="36.70367" longitude="-97.07988" file_name="LAO(INF023)4bmeta.txt" path_to_file="LAP\Projects\LAO\Speakers\LAO(INF023)\Audio\LAO(INF023)4b\LAO(INF023)4bmeta.txt"/>
	<entry id="1060230415" project="LAO" informant="INF023" reel="4c" region="1" narrative="_Q" label="Names, Titles and Occupations" state="OK" sex="M " age="71" age_level="3" education="3" town="Ponca City" county="Kay" land_regions="D" locality="U" date="1962" latitude="36.70367" longitude="-97.07988" file_name="LAO(INF023)4c 01 Names, Titles and Occupations.mp3" path_to_file="LAP\Projects\LAO\Speakers\LAO(INF023)\Audio\LAO(INF023)4c\LAO(INF023)4c 01 Names, Titles and Occupations.mp3"/>
	<entry id="1060230416" project="LAO" informant="INF023" reel="4c" region="2" narrative="_Q" label="Time" state="OK" sex="M " age="71" age_level="3" education="3" town="Ponca City" county="Kay" land_regions="D" locality="U" date="1962" latitude="36.70367" longitude="-97.07988" file_name="LAO(INF023)4c 02 Time.mp3" path_to_file="LAP\Projects\LAO\Speakers\LAO(INF023)\Audio\LAO(INF023)4c\LAO(INF023)4c 02 Time.mp3"/>
	<entry id="1060230417" project="LAO" informant="INF023" reel="4c" region="3" narrative="_N" label="Business" state="OK" sex="M " age="71" age_level="3" education="3" town="Ponca City" county="Kay" land_regions="D" locality="U" date="1962" latitude="36.70367" longitude="-97.07988" file_name="LAO(INF023)4c 03 Business_N.mp3" path_to_file="LAP\Projects\LAO\Speakers\LAO(INF023)\Audio\LAO(INF023)4c\LAO(INF023)4c 03 Business_N.mp3"/>
	<entry id="1060230418" project="LAO" informant="INF023" reel="4c" region="4" narrative="_N" label="Business" state="OK" sex="M " age="71" age_level="3" education="3" town="Ponca City" county="Kay" land_regions="D" locality="U" date="1962" latitude="36.70367" longitude="-97.07988" file_name="LAO(INF023)4c 04 Business_N.mp3" path_to_file="LAP\Projects\LAO\Speakers\LAO(INF023)\Audio\LAO(INF023)4c\LAO(INF023)4c 04 Business_N.mp3"/>
	<entry id="1060230419" project="LAO" informant="INF023" reel="4c" region="5" narrative="_Q" label="Verbs_Principal Parts" state="OK" sex="M " age="71" age_level="3" education="3" town="Ponca City" county="Kay" land_regions="D" locality="U" date="1962" latitude="36.70367" longitude="-97.07988" file_name="LAO(INF023)4c 05 Verbs_Principal Parts.mp3" path_to_file="LAP\Projects\LAO\Speakers\LAO(INF023)\Audio\LAO(INF023)4c\LAO(INF023)4c 05 Verbs_Principal Parts.mp3"/>
	<entry id="1060230420" project="LAO" informant="INF023" reel="4c" region="6" narrative="_N" label="Verbs_Principal Parts" state="OK" sex="M " age="71" age_level="3" education="3" town="Ponca City" county="Kay" land_regions="D" locality="U" date="1962" latitude="36.70367" longitude="-97.07988" file_name="LAO(INF023)4c 06 Verbs_Principal Parts_N.mp3" path_to_file="LAP\Projects\LAO\Speakers\LAO(INF023)\Audio\LAO(INF023)4c\LAO(INF023)4c 06 Verbs_Principal Parts_N.mp3"/>
	<entry id="3060230403" project="LAO" informant="INF023" reel="4c" region="0" narrative="_I" label="Metadata" state="OK" sex="M " age="71" age_level="3" education="3" town="Ponca City" county="Kay" land_regions="D" locality="U" date="1962" latitude="36.70367" longitude="-97.07988" file_name="LAO(INF023)4cmeta.txt" path_to_file="LAP\Projects\LAO\Speakers\LAO(INF023)\Audio\LAO(INF023)4c\LAO(INF023)4cmeta.txt"/>
	<entry id="1060230501" project="LAO" informant="INF023" reel="5a" region="1" narrative="_N" label="Domestic Animals" state="OK" sex="M " age="71" age_level="3" education="3" town="Ponca City" county="Kay" land_regions="D" locality="U" date="1962" latitude="36.70367" longitude="-97.07988" file_name="LAO(INF023)5a 01 Domestic Animals_N.mp3" path_to_file="LAP\Projects\LAO\Speakers\LAO(INF023)\Audio\LAO(INF023)5a\LAO(INF023)5a 01 Domestic Animals_N.mp3"/>
	<entry id="1060230502" project="LAO" informant="INF023" reel="5a" region="2" narrative="_Q" label="Religion" state="OK" sex="M " age="71" age_level="3" education="3" town="Ponca City" county="Kay" land_regions="D" locality="U" date="1962" latitude="36.70367" longitude="-97.07988" file_name="LAO(INF023)5a 02 Religion.mp3" path_to_file="LAP\Projects\LAO\Speakers\LAO(INF023)\Audio\LAO(INF023)5a\LAO(INF023)5a 02 Religion.mp3"/>
	<entry id="1060230503" project="LAO" informant="INF023" reel="5a" region="3" narrative="_Q" label="Prepositions " state="OK" sex="M " age="71" age_level="3" education="3" town="Ponca City" county="Kay" land_regions="D" locality="U" date="1962" latitude="36.70367" longitude="-97.07988" file_name="LAO(INF023)5a 03 Prepositions .mp3" path_to_file="LAP\Projects\LAO\Speakers\LAO(INF023)\Audio\LAO(INF023)5a\LAO(INF023)5a 03 Prepositions .mp3"/>
	<entry id="1060230504" project="LAO" informant="INF023" reel="5a" region="4" narrative="_Q" label="Public Institutions" state="OK" sex="M " age="71" age_level="3" education="3" town="Ponca City" county="Kay" land_regions="D" locality="U" date="1962" latitude="36.70367" longitude="-97.07988" file_name="LAO(INF023)5a 04 Public Institutions.mp3" path_to_file="LAP\Projects\LAO\Speakers\LAO(INF023)\Audio\LAO(INF023)5a\LAO(INF023)5a 04 Public Institutions.mp3"/>
	<entry id="1060230505" project="LAO" informant="INF023" reel="5a" region="5" narrative="_Q" label="Public Institutions" state="OK" sex="M " age="71" age_level="3" education="3" town="Ponca City" county="Kay" land_regions="D" locality="U" date="1962" latitude="36.70367" longitude="-97.07988" file_name="LAO(INF023)5a 05 Public Institutions.mp3" path_to_file="LAP\Projects\LAO\Speakers\LAO(INF023)\Audio\LAO(INF023)5a\LAO(INF023)5a 05 Public Institutions.mp3"/>
	<entry id="1060230506" project="LAO" informant="INF023" reel="5a" region="6" narrative="_Q" label="Geography" state="OK" sex="M " age="71" age_level="3" education="3" town="Ponca City" county="Kay" land_regions="D" locality="U" date="1962" latitude="36.70367" longitude="-97.07988" file_name="LAO(INF023)5a 06 Geography.mp3" path_to_file="LAP\Projects\LAO\Speakers\LAO(INF023)\Audio\LAO(INF023)5a\LAO(INF023)5a 06 Geography.mp3"/>
	<entry id="1060230507" project="LAO" informant="INF023" reel="5a" region="7" narrative="_Q" label="Religion" state="OK" sex="M " age="71" age_level="3" education="3" town="Ponca City" county="Kay" land_regions="D" locality="U" date="1962" latitude="36.70367" longitude="-97.07988" file_name="LAO(INF023)5a 07 Religion.mp3" path_to_file="LAP\Projects\LAO\Speakers\LAO(INF023)\Audio\LAO(INF023)5a\LAO(INF023)5a 07 Religion.mp3"/>
	<entry id="3060230501" project="LAO" informant="INF023" reel="5a" region="0" narrative="_I" label="Metadata" state="OK" sex="M " age="71" age_level="3" education="3" town="Ponca City" county="Kay" land_regions="D" locality="U" date="1962" latitude="36.70367" longitude="-97.07988" file_name="LAO(INF023)5ameta.txt" path_to_file="LAP\Projects\LAO\Speakers\LAO(INF023)\Audio\LAO(INF023)5a\LAO(INF023)5ameta.txt"/>
	<entry id="1060230508" project="LAO" informant="INF023" reel="5b" region="1" narrative="_Q" label="Verbs_Principal Parts" state="OK" sex="M " age="71" age_level="3" education="3" town="Ponca City" county="Kay" land_regions="D" locality="U" date="1962" latitude="36.70367" longitude="-97.07988" file_name="LAO(INF023)5b 01 Verbs_Principal Parts.mp3" path_to_file="LAP\Projects\LAO\Speakers\LAO(INF023)\Audio\LAO(INF023)5b\LAO(INF023)5b 01 Verbs_Principal Parts.mp3"/>
	<entry id="1060230509" project="LAO" informant="INF023" reel="5b" region="2" narrative="_Q" label="Verbs_Principal Parts" state="OK" sex="M " age="71" age_level="3" education="3" town="Ponca City" county="Kay" land_regions="D" locality="U" date="1962" latitude="36.70367" longitude="-97.07988" file_name="LAO(INF023)5b 02 Verbs_Principal Parts.mp3" path_to_file="LAP\Projects\LAO\Speakers\LAO(INF023)\Audio\LAO(INF023)5b\LAO(INF023)5b 02 Verbs_Principal Parts.mp3"/>
	<entry id="1060230510" project="LAO" informant="INF023" reel="5b" region="3" narrative="_Q" label="Greetings and Salutations" state="OK" sex="M " age="71" age_level="3" education="3" town="Ponca City" county="Kay" land_regions="D" locality="U" date="1962" latitude="36.70367" longitude="-97.07988" file_name="LAO(INF023)5b 03 Greetings and Salutations.mp3" path_to_file="LAP\Projects\LAO\Speakers\LAO(INF023)\Audio\LAO(INF023)5b\LAO(INF023)5b 03 Greetings and Salutations.mp3"/>
	<entry id="1060230511" project="LAO" informant="INF023" reel="5b" region="4" narrative="_Q" label="Weather" state="OK" sex="M " age="71" age_level="3" education="3" town="Ponca City" county="Kay" land_regions="D" locality="U" date="1962" latitude="36.70367" longitude="-97.07988" file_name="LAO(INF023)5b 04 Weather.mp3" path_to_file="LAP\Projects\LAO\Speakers\LAO(INF023)\Audio\LAO(INF023)5b\LAO(INF023)5b 04 Weather.mp3"/>
	<entry id="1060230512" project="LAO" informant="INF023" reel="5b" region="5" narrative="_Q" label="The Farm" state="OK" sex="M " age="71" age_level="3" education="3" town="Ponca City" county="Kay" land_regions="D" locality="U" date="1962" latitude="36.70367" longitude="-97.07988" file_name="LAO(INF023)5b 05 The Farm.mp3" path_to_file="LAP\Projects\LAO\Speakers\LAO(INF023)\Audio\LAO(INF023)5b\LAO(INF023)5b 05 The Farm.mp3"/>
	<entry id="1060230513" project="LAO" informant="INF023" reel="5b" region="6" narrative="_Q" label="Calls to Animals" state="OK" sex="M " age="71" age_level="3" education="3" town="Ponca City" county="Kay" land_regions="D" locality="U" date="1962" latitude="36.70367" longitude="-97.07988" file_name="LAO(INF023)5b 06 Calls to Animals.mp3" path_to_file="LAP\Projects\LAO\Speakers\LAO(INF023)\Audio\LAO(INF023)5b\LAO(INF023)5b 06 Calls to Animals.mp3"/>
	<entry id="1060230514" project="LAO" informant="INF023" reel="5b" region="7" narrative="_Q" label="Personal Characteristics" state="OK" sex="M " age="71" age_level="3" education="3" town="Ponca City" county="Kay" land_regions="D" locality="U" date="1962" latitude="36.70367" longitude="-97.07988" file_name="LAO(INF023)5b 07 Personal Characteristics.mp3" path_to_file="LAP\Projects\LAO\Speakers\LAO(INF023)\Audio\LAO(INF023)5b\LAO(INF023)5b 07 Personal Characteristics.mp3"/>
	<entry id="3060230502" project="LAO" informant="INF023" reel="5b" region="0" narrative="_I" label="Metadata" state="OK" sex="M " age="71" age_level="3" education="3" town="Ponca City" county="Kay" land_regions="D" locality="U" date="1962" latitude="36.70367" longitude="-97.07988" file_name="LAO(INF023)5bmeta.txt" path_to_file="LAP\Projects\LAO\Speakers\LAO(INF023)\Audio\LAO(INF023)5b\LAO(INF023)5bmeta.txt"/>
	<entry id="1060230515" project="LAO" informant="INF023" reel="5c" region="1" narrative="_Q" label="Personal Characteristics" state="OK" sex="M " age="71" age_level="3" education="3" town="Ponca City" county="Kay" land_regions="D" locality="U" date="1962" latitude="36.70367" longitude="-97.07988" file_name="LAO(INF023)5c 01 Personal Characteristics.mp3" path_to_file="LAP\Projects\LAO\Speakers\LAO(INF023)\Audio\LAO(INF023)5c\LAO(INF023)5c 01 Personal Characteristics.mp3"/>
	<entry id="1060230516" project="LAO" informant="INF023" reel="5c" region="2" narrative="_Q" label="Personal Characteristics" state="OK" sex="M " age="71" age_level="3" education="3" town="Ponca City" county="Kay" land_regions="D" locality="U" date="1962" latitude="36.70367" longitude="-97.07988" file_name="LAO(INF023)5c 02 Personal Characteristics.mp3" path_to_file="LAP\Projects\LAO\Speakers\LAO(INF023)\Audio\LAO(INF023)5c\LAO(INF023)5c 02 Personal Characteristics.mp3"/>
	<entry id="1060230517" project="LAO" informant="INF023" reel="5c" region="3" narrative="_Q" label="Family" state="OK" sex="M " age="71" age_level="3" education="3" town="Ponca City" county="Kay" land_regions="D" locality="U" date="1962" latitude="36.70367" longitude="-97.07988" file_name="LAO(INF023)5c 03 Family.mp3" path_to_file="LAP\Projects\LAO\Speakers\LAO(INF023)\Audio\LAO(INF023)5c\LAO(INF023)5c 03 Family.mp3"/>
	<entry id="1060230518" project="LAO" informant="INF023" reel="5c" region="4" narrative="_Q" label="Non-Interview" state="OK" sex="M " age="71" age_level="3" education="3" town="Ponca City" county="Kay" land_regions="D" locality="U" date="1962" latitude="36.70367" longitude="-97.07988" file_name="LAO(INF023)5c 04 Non-Interview.mp3" path_to_file="LAP\Projects\LAO\Speakers\LAO(INF023)\Audio\LAO(INF023)5c\LAO(INF023)5c 04 Non-Interview.mp3"/>
	<entry id="1060230519" project="LAO" informant="INF023" reel="5c" region="5" narrative="_Q" label="Non-Interview" state="OK" sex="M " age="71" age_level="3" education="3" town="Ponca City" county="Kay" land_regions="D" locality="U" date="1962" latitude="36.70367" longitude="-97.07988" file_name="LAO(INF023)5c 05 Non-Interview.mp3" path_to_file="LAP\Projects\LAO\Speakers\LAO(INF023)\Audio\LAO(INF023)5c\LAO(INF023)5c 05 Non-Interview.mp3"/>
	<entry id="1060230520" project="LAO" informant="INF023" reel="5c" region="6" narrative="_Q" label="Non-Interview" state="OK" sex="M " age="71" age_level="3" education="3" town="Ponca City" county="Kay" land_regions="D" locality="U" date="1962" latitude="36.70367" longitude="-97.07988" file_name="LAO(INF023)5c 06 Non-Interview.mp3" path_to_file="LAP\Projects\LAO\Speakers\LAO(INF023)\Audio\LAO(INF023)5c\LAO(INF023)5c 06 Non-Interview.mp3"/>
	<entry id="1060230521" project="LAO" informant="INF023" reel="5c" region="7" narrative="_Q" label="Non-Interview" state="OK" sex="M " age="71" age_level="3" education="3" town="Ponca City" county="Kay" land_regions="D" locality="U" date="1962" latitude="36.70367" longitude="-97.07988" file_name="LAO(INF023)5c 07 Non-Interview.mp3" path_to_file="LAP\Projects\LAO\Speakers\LAO(INF023)\Audio\LAO(INF023)5c\LAO(INF023)5c 07 Non-Interview.mp3"/>
	<entry id="3060230503" project="LAO" informant="INF023" reel="5c" region="0" narrative="_I" label="Metadata" state="OK" sex="M " age="71" age_level="3" education="3" town="Ponca City" county="Kay" land_regions="D" locality="U" date="1962" latitude="36.70367" longitude="-97.07988" file_name="LAO(INF023)5cmeta.txt" path_to_file="LAP\Projects\LAO\Speakers\LAO(INF023)\Audio\LAO(INF023)5c\LAO(INF023)5cmeta.txt"/>
	<entry id="3060230001" project="LAO" informant="INF023" reel="0" region="0" narrative="_I" label="Biographical Information" state="OK" sex="M " age="71" age_level="3" education="3" town="Ponca City" county="Kay" land_regions="D" locality="U" date="1962" latitude="36.70367" longitude="-97.07988" file_name="LAO(INF023)BIO.txt" path_to_file="LAP\Projects\LAO\Speakers\LAO(INF023)\Text\LAO(INF023)BIO.txt"/>
</Audio>