<?xml version="1.0" encoding="UTF-8" standalone="yes"?>
<Audio>
	<entry id="1060190101" project="LAO" informant="INF019" reel="1a" region="1" narrative="_Q" label="Dwellings" state="OK" sex="F" age="50" age_level="2" education="2" town="Wewoka" county="Seminole" land_regions="D" locality="U" date="1962" latitude="35.15877" longitude="-96.49339" file_name="LAO(INF019)1a 01 Dwellings.mp3" path_to_file="LAP\Projects\LAO\Speakers\LAO(INF019)\Audio\LAO(INF019)1a\LAO(INF019)1a 01 Dwellings.mp3"/>
	<entry id="1060190102" project="LAO" informant="INF019" reel="1a" region="2" narrative="_Q" label="Dwellings " state="OK" sex="F" age="50" age_level="2" education="2" town="Wewoka" county="Seminole" land_regions="D" locality="U" date="1962" latitude="35.15877" longitude="-96.49339" file_name="LAO(INF019)1a 02 Dwellings .mp3" path_to_file="LAP\Projects\LAO\Speakers\LAO(INF019)\Audio\LAO(INF019)1a\LAO(INF019)1a 02 Dwellings .mp3"/>
	<entry id="1060190103" project="LAO" informant="INF019" reel="1a" region="3" narrative="_Q" label="Vegetables" state="OK" sex="F" age="50" age_level="2" education="2" town="Wewoka" county="Seminole" land_regions="D" locality="U" date="1962" latitude="35.15877" longitude="-96.49339" file_name="LAO(INF019)1a 03 Vegetables.mp3" path_to_file="LAP\Projects\LAO\Speakers\LAO(INF019)\Audio\LAO(INF019)1a\LAO(INF019)1a 03 Vegetables.mp3"/>
	<entry id="1060190104" project="LAO" informant="INF019" reel="1a" region="4" narrative="_Q" label="Dwellings" state="OK" sex="F" age="50" age_level="2" education="2" town="Wewoka" county="Seminole" land_regions="D" locality="U" date="1962" latitude="35.15877" longitude="-96.49339" file_name="LAO(INF019)1a 04 Dwellings.mp3" path_to_file="LAP\Projects\LAO\Speakers\LAO(INF019)\Audio\LAO(INF019)1a\LAO(INF019)1a 04 Dwellings.mp3"/>
	<entry id="1060190105" project="LAO" informant="INF019" reel="1a" region="5" narrative="_Q" label="Verbs_Be, Have, Do" state="OK" sex="F" age="50" age_level="2" education="2" town="Wewoka" county="Seminole" land_regions="D" locality="U" date="1962" latitude="35.15877" longitude="-96.49339" file_name="LAO(INF019)1a 05 Verbs_Be, Have, Do.mp3" path_to_file="LAP\Projects\LAO\Speakers\LAO(INF019)\Audio\LAO(INF019)1a\LAO(INF019)1a 05 Verbs_Be, Have, Do.mp3"/>
	<entry id="1060190106" project="LAO" informant="INF019" reel="1a" region="6" narrative="_Q" label="The Farm" state="OK" sex="F" age="50" age_level="2" education="2" town="Wewoka" county="Seminole" land_regions="D" locality="U" date="1962" latitude="35.15877" longitude="-96.49339" file_name="LAO(INF019)1a 06 The Farm.mp3" path_to_file="LAP\Projects\LAO\Speakers\LAO(INF019)\Audio\LAO(INF019)1a\LAO(INF019)1a 06 The Farm.mp3"/>
	<entry id="1060190107" project="LAO" informant="INF019" reel="1a" region="7" narrative="_N" label="Domestic Animals" state="OK" sex="F" age="50" age_level="2" education="2" town="Wewoka" county="Seminole" land_regions="D" locality="U" date="1962" latitude="35.15877" longitude="-96.49339" file_name="LAO(INF019)1a 07 Domestic Animals_N.mp3" path_to_file="LAP\Projects\LAO\Speakers\LAO(INF019)\Audio\LAO(INF019)1a\LAO(INF019)1a 07 Domestic Animals_N.mp3"/>
	<entry id="3020190101" project="LAO" informant="INF019" reel="1a" region="0" narrative="_I" label="Metadata" state="OK" sex="F" age="50" age_level="2" education="2" town="Wewoka" county="Seminole" land_regions="D" locality="U" date="1962" latitude="35.15877" longitude="-96.49339" file_name="LAO(INF019)1ameta.txt" path_to_file="LAP\Projects\LAO\Speakers\LAO(INF019)\Audio\LAO(INF019)1a\LAO(INF019)1ameta.txt"/>
	<entry id="1060190108" project="LAO" informant="INF019" reel="1b" region="1" narrative="_Q" label="The Farm" state="OK" sex="F" age="50" age_level="2" education="2" town="Wewoka" county="Seminole" land_regions="D" locality="U" date="1962" latitude="35.15877" longitude="-96.49339" file_name="LAO(INF019)1b 01 The Farm.mp3" path_to_file="LAP\Projects\LAO\Speakers\LAO(INF019)\Audio\LAO(INF019)1b\LAO(INF019)1b 01 The Farm.mp3"/>
	<entry id="1060190109" project="LAO" informant="INF019" reel="1b" region="2" narrative="_Q" label="Containers and Utensils" state="OK" sex="F" age="50" age_level="2" education="2" town="Wewoka" county="Seminole" land_regions="D" locality="U" date="1962" latitude="35.15877" longitude="-96.49339" file_name="LAO(INF019)1b 02 Containers and Utensils.mp3" path_to_file="LAP\Projects\LAO\Speakers\LAO(INF019)\Audio\LAO(INF019)1b\LAO(INF019)1b 02 Containers and Utensils.mp3"/>
	<entry id="1060190110" project="LAO" informant="INF019" reel="1b" region="3" narrative="_Q" label="Containers and Utensils" state="OK" sex="F" age="50" age_level="2" education="2" town="Wewoka" county="Seminole" land_regions="D" locality="U" date="1962" latitude="35.15877" longitude="-96.49339" file_name="LAO(INF019)1b 03 Containers and Utensils.mp3" path_to_file="LAP\Projects\LAO\Speakers\LAO(INF019)\Audio\LAO(INF019)1b\LAO(INF019)1b 03 Containers and Utensils.mp3"/>
	<entry id="1060190111" project="LAO" informant="INF019" reel="1b" region="4" narrative="_Q" label="Containers and Utensils" state="OK" sex="F" age="50" age_level="2" education="2" town="Wewoka" county="Seminole" land_regions="D" locality="U" date="1962" latitude="35.15877" longitude="-96.49339" file_name="LAO(INF019)1b 04 Containers and Utensils.mp3" path_to_file="LAP\Projects\LAO\Speakers\LAO(INF019)\Audio\LAO(INF019)1b\LAO(INF019)1b 04 Containers and Utensils.mp3"/>
	<entry id="1060190112" project="LAO" informant="INF019" reel="1b" region="5" narrative="_Q" label="Calls to Animals" state="OK" sex="F" age="50" age_level="2" education="2" town="Wewoka" county="Seminole" land_regions="D" locality="U" date="1962" latitude="35.15877" longitude="-96.49339" file_name="LAO(INF019)1b 05 Calls to Animals.mp3" path_to_file="LAP\Projects\LAO\Speakers\LAO(INF019)\Audio\LAO(INF019)1b\LAO(INF019)1b 05 Calls to Animals.mp3"/>
	<entry id="1060190113" project="LAO" informant="INF019" reel="1b" region="6" narrative="_Q" label="Containers and Utensils" state="OK" sex="F" age="50" age_level="2" education="2" town="Wewoka" county="Seminole" land_regions="D" locality="U" date="1962" latitude="35.15877" longitude="-96.49339" file_name="LAO(INF019)1b 06 Containers and Utensils.mp3" path_to_file="LAP\Projects\LAO\Speakers\LAO(INF019)\Audio\LAO(INF019)1b\LAO(INF019)1b 06 Containers and Utensils.mp3"/>
	<entry id="1060190114" project="LAO" informant="INF019" reel="1b" region="7" narrative="_Q" label="Vehicles" state="OK" sex="F" age="50" age_level="2" education="2" town="Wewoka" county="Seminole" land_regions="D" locality="U" date="1962" latitude="35.15877" longitude="-96.49339" file_name="LAO(INF019)1b 07 Vehicles.mp3" path_to_file="LAP\Projects\LAO\Speakers\LAO(INF019)\Audio\LAO(INF019)1b\LAO(INF019)1b 07 Vehicles.mp3"/>
	<entry id="3020190102" project="LAO" informant="INF019" reel="1b" region="0" narrative="_I" label="Metadata" state="OK" sex="F" age="50" age_level="2" education="2" town="Wewoka" county="Seminole" land_regions="D" locality="U" date="1962" latitude="35.15877" longitude="-96.49339" file_name="LAO(INF019)1bmeta.txt" path_to_file="LAP\Projects\LAO\Speakers\LAO(INF019)\Audio\LAO(INF019)1b\LAO(INF019)1bmeta.txt"/>
	<entry id="1060190115" project="LAO" informant="INF019" reel="1c" region="1" narrative="_Q" label="Food and Cooking" state="OK" sex="F" age="50" age_level="2" education="2" town="Wewoka" county="Seminole" land_regions="D" locality="U" date="1962" latitude="35.15877" longitude="-96.49339" file_name="LAO(INF019)1c 01 Food and Cooking.mp3" path_to_file="LAP\Projects\LAO\Speakers\LAO(INF019)\Audio\LAO(INF019)1c\LAO(INF019)1c 01 Food and Cooking.mp3"/>
	<entry id="1060190116" project="LAO" informant="INF019" reel="1c" region="2" narrative="_Q" label="Clothing" state="OK" sex="F" age="50" age_level="2" education="2" town="Wewoka" county="Seminole" land_regions="D" locality="U" date="1962" latitude="35.15877" longitude="-96.49339" file_name="LAO(INF019)1c 02 Clothing.mp3" path_to_file="LAP\Projects\LAO\Speakers\LAO(INF019)\Audio\LAO(INF019)1c\LAO(INF019)1c 02 Clothing.mp3"/>
	<entry id="1060190117" project="LAO" informant="INF019" reel="1c" region="3" narrative="_Q" label="Dwellings" state="OK" sex="F" age="50" age_level="2" education="2" town="Wewoka" county="Seminole" land_regions="D" locality="U" date="1962" latitude="35.15877" longitude="-96.49339" file_name="LAO(INF019)1c 03 Dwellings.mp3" path_to_file="LAP\Projects\LAO\Speakers\LAO(INF019)\Audio\LAO(INF019)1c\LAO(INF019)1c 03 Dwellings.mp3"/>
	<entry id="1060190118" project="LAO" informant="INF019" reel="1c" region="4" narrative="_Q" label="Topography" state="OK" sex="F" age="50" age_level="2" education="2" town="Wewoka" county="Seminole" land_regions="D" locality="U" date="1962" latitude="35.15877" longitude="-96.49339" file_name="LAO(INF019)1c 04 Topography.mp3" path_to_file="LAP\Projects\LAO\Speakers\LAO(INF019)\Audio\LAO(INF019)1c\LAO(INF019)1c 04 Topography.mp3"/>
	<entry id="1060190119" project="LAO" informant="INF019" reel="1c" region="5" narrative="_Q" label="Topography" state="OK" sex="F" age="50" age_level="2" education="2" town="Wewoka" county="Seminole" land_regions="D" locality="U" date="1962" latitude="35.15877" longitude="-96.49339" file_name="LAO(INF019)1c 05 Topography.mp3" path_to_file="LAP\Projects\LAO\Speakers\LAO(INF019)\Audio\LAO(INF019)1c\LAO(INF019)1c 05 Topography.mp3"/>
	<entry id="1060190120" project="LAO" informant="INF019" reel="1c" region="6" narrative="_N" label="Domestic Animals" state="OK" sex="F" age="50" age_level="2" education="2" town="Wewoka" county="Seminole" land_regions="D" locality="U" date="1962" latitude="35.15877" longitude="-96.49339" file_name="LAO(INF019)1c 06 Domestic Animals_N.mp3" path_to_file="LAP\Projects\LAO\Speakers\LAO(INF019)\Audio\LAO(INF019)1c\LAO(INF019)1c 06 Domestic Animals_N.mp3"/>
	<entry id="1060190121" project="LAO" informant="INF019" reel="1c" region="7" narrative="_Q" label="Domestic Animals " state="OK" sex="F" age="50" age_level="2" education="2" town="Wewoka" county="Seminole" land_regions="D" locality="U" date="1962" latitude="35.15877" longitude="-96.49339" file_name="LAO(INF019)1c 07 Domestic Animals .mp3" path_to_file="LAP\Projects\LAO\Speakers\LAO(INF019)\Audio\LAO(INF019)1c\LAO(INF019)1c 07 Domestic Animals .mp3"/>
	<entry id="3020190103" project="LAO" informant="INF019" reel="1c" region="0" narrative="_I" label="Metadata" state="OK" sex="F" age="50" age_level="2" education="2" town="Wewoka" county="Seminole" land_regions="D" locality="U" date="1962" latitude="35.15877" longitude="-96.49339" file_name="LAO(INF019)1cmeta.txt" path_to_file="LAP\Projects\LAO\Speakers\LAO(INF019)\Audio\LAO(INF019)1c\LAO(INF019)1cmeta.txt"/>
	<entry id="1060190201" project="LAO" informant="INF019" reel="2a" region="1" narrative="_Q" label="Domestic Animals" state="OK" sex="F" age="50" age_level="2" education="2" town="Wewoka" county="Seminole" land_regions="D" locality="U" date="1962" latitude="35.15877" longitude="-96.49339" file_name="LAO(INF019)2a 01 Domestic Animals.mp3" path_to_file="LAP\Projects\LAO\Speakers\LAO(INF019)\Audio\LAO(INF019)2a\LAO(INF019)2a 01 Domestic Animals.mp3"/>
	<entry id="1060190202" project="LAO" informant="INF019" reel="2a" region="2" narrative="_Q" label="Agriculture" state="OK" sex="F" age="50" age_level="2" education="2" town="Wewoka" county="Seminole" land_regions="D" locality="U" date="1962" latitude="35.15877" longitude="-96.49339" file_name="LAO(INF019)2a 02 Agriculture.mp3" path_to_file="LAP\Projects\LAO\Speakers\LAO(INF019)\Audio\LAO(INF019)2a\LAO(INF019)2a 02 Agriculture.mp3"/>
	<entry id="1060190203" project="LAO" informant="INF019" reel="2a" region="3" narrative="_Q" label="Agriculture" state="OK" sex="F" age="50" age_level="2" education="2" town="Wewoka" county="Seminole" land_regions="D" locality="U" date="1962" latitude="35.15877" longitude="-96.49339" file_name="LAO(INF019)2a 03 Agriculture.mp3" path_to_file="LAP\Projects\LAO\Speakers\LAO(INF019)\Audio\LAO(INF019)2a\LAO(INF019)2a 03 Agriculture.mp3"/>
	<entry id="1060190204" project="LAO" informant="INF019" reel="2a" region="4" narrative="_Q" label="Food and Cooking" state="OK" sex="F" age="50" age_level="2" education="2" town="Wewoka" county="Seminole" land_regions="D" locality="U" date="1962" latitude="35.15877" longitude="-96.49339" file_name="LAO(INF019)2a 04 Food and Cooking.mp3" path_to_file="LAP\Projects\LAO\Speakers\LAO(INF019)\Audio\LAO(INF019)2a\LAO(INF019)2a 04 Food and Cooking.mp3"/>
	<entry id="1060190205" project="LAO" informant="INF019" reel="2a" region="5" narrative="_Q" label="Verbs_Principal Parts" state="OK" sex="F" age="50" age_level="2" education="2" town="Wewoka" county="Seminole" land_regions="D" locality="U" date="1962" latitude="35.15877" longitude="-96.49339" file_name="LAO(INF019)2a 05 Verbs_Principal Parts.mp3" path_to_file="LAP\Projects\LAO\Speakers\LAO(INF019)\Audio\LAO(INF019)2a\LAO(INF019)2a 05 Verbs_Principal Parts.mp3"/>
	<entry id="1060190206" project="LAO" informant="INF019" reel="2a" region="6" narrative="_Q" label="Food and Cooking" state="OK" sex="F" age="50" age_level="2" education="2" town="Wewoka" county="Seminole" land_regions="D" locality="U" date="1962" latitude="35.15877" longitude="-96.49339" file_name="LAO(INF019)2a 06 Food and Cooking.mp3" path_to_file="LAP\Projects\LAO\Speakers\LAO(INF019)\Audio\LAO(INF019)2a\LAO(INF019)2a 06 Food and Cooking.mp3"/>
	<entry id="1060190207" project="LAO" informant="INF019" reel="2a" region="7" narrative="_Q" label="Food and Cooking" state="OK" sex="F" age="50" age_level="2" education="2" town="Wewoka" county="Seminole" land_regions="D" locality="U" date="1962" latitude="35.15877" longitude="-96.49339" file_name="LAO(INF019)2a 07 Food and Cooking.mp3" path_to_file="LAP\Projects\LAO\Speakers\LAO(INF019)\Audio\LAO(INF019)2a\LAO(INF019)2a 07 Food and Cooking.mp3"/>
	<entry id="3020190201" project="LAO" informant="INF019" reel="2a" region="0" narrative="_I" label="Metadata" state="OK" sex="F" age="50" age_level="2" education="2" town="Wewoka" county="Seminole" land_regions="D" locality="U" date="1962" latitude="35.15877" longitude="-96.49339" file_name="LAO(INF019)2ameta.txt" path_to_file="LAP\Projects\LAO\Speakers\LAO(INF019)\Audio\LAO(INF019)2a\LAO(INF019)2ameta.txt"/>
	<entry id="1060190208" project="LAO" informant="INF019" reel="2b" region="1" narrative="_Q" label="Vegetables" state="OK" sex="F" age="50" age_level="2" education="2" town="Wewoka" county="Seminole" land_regions="D" locality="U" date="1962" latitude="35.15877" longitude="-96.49339" file_name="LAO(INF019)2b 01 Vegetables.mp3" path_to_file="LAP\Projects\LAO\Speakers\LAO(INF019)\Audio\LAO(INF019)2b\LAO(INF019)2b 01 Vegetables.mp3"/>
	<entry id="1060190209" project="LAO" informant="INF019" reel="2b" region="2" narrative="_Q" label="Verbs_Principal Parts" state="OK" sex="F" age="50" age_level="2" education="2" town="Wewoka" county="Seminole" land_regions="D" locality="U" date="1962" latitude="35.15877" longitude="-96.49339" file_name="LAO(INF019)2b 02 Verbs_Principal Parts.mp3" path_to_file="LAP\Projects\LAO\Speakers\LAO(INF019)\Audio\LAO(INF019)2b\LAO(INF019)2b 02 Verbs_Principal Parts.mp3"/>
	<entry id="1060190210" project="LAO" informant="INF019" reel="2b" region="3" narrative="_Q" label="Vegetables" state="OK" sex="F" age="50" age_level="2" education="2" town="Wewoka" county="Seminole" land_regions="D" locality="U" date="1962" latitude="35.15877" longitude="-96.49339" file_name="LAO(INF019)2b 03 Vegetables.mp3" path_to_file="LAP\Projects\LAO\Speakers\LAO(INF019)\Audio\LAO(INF019)2b\LAO(INF019)2b 03 Vegetables.mp3"/>
	<entry id="1060190211" project="LAO" informant="INF019" reel="2b" region="4" narrative="_Q" label="Wild Animals " state="OK" sex="F" age="50" age_level="2" education="2" town="Wewoka" county="Seminole" land_regions="D" locality="U" date="1962" latitude="35.15877" longitude="-96.49339" file_name="LAO(INF019)2b 04 Wild Animals .mp3" path_to_file="LAP\Projects\LAO\Speakers\LAO(INF019)\Audio\LAO(INF019)2b\LAO(INF019)2b 04 Wild Animals .mp3"/>
	<entry id="1060190212" project="LAO" informant="INF019" reel="2b" region="5" narrative="_Q" label="Sport and Play " state="OK" sex="F" age="50" age_level="2" education="2" town="Wewoka" county="Seminole" land_regions="D" locality="U" date="1962" latitude="35.15877" longitude="-96.49339" file_name="LAO(INF019)2b 05 Sport and Play .mp3" path_to_file="LAP\Projects\LAO\Speakers\LAO(INF019)\Audio\LAO(INF019)2b\LAO(INF019)2b 05 Sport and Play .mp3"/>
	<entry id="1060190213" project="LAO" informant="INF019" reel="2b" region="6" narrative="_Q" label="Wild Animals   " state="OK" sex="F" age="50" age_level="2" education="2" town="Wewoka" county="Seminole" land_regions="D" locality="U" date="1962" latitude="35.15877" longitude="-96.49339" file_name="LAO(INF019)2b 06 Wild Animals   .mp3" path_to_file="LAP\Projects\LAO\Speakers\LAO(INF019)\Audio\LAO(INF019)2b\LAO(INF019)2b 06 Wild Animals   .mp3"/>
	<entry id="1060190214" project="LAO" informant="INF019" reel="2b" region="7" narrative="_Q" label="Trees and Shrubs" state="OK" sex="F" age="50" age_level="2" education="2" town="Wewoka" county="Seminole" land_regions="D" locality="U" date="1962" latitude="35.15877" longitude="-96.49339" file_name="LAO(INF019)2b 07 Trees and Shrubs.mp3" path_to_file="LAP\Projects\LAO\Speakers\LAO(INF019)\Audio\LAO(INF019)2b\LAO(INF019)2b 07 Trees and Shrubs.mp3"/>
	<entry id="3020190202" project="LAO" informant="INF019" reel="2b" region="0" narrative="_I" label="Metadata" state="OK" sex="F" age="50" age_level="2" education="2" town="Wewoka" county="Seminole" land_regions="D" locality="U" date="1962" latitude="35.15877" longitude="-96.49339" file_name="LAO(INF019)2bmeta.txt" path_to_file="LAP\Projects\LAO\Speakers\LAO(INF019)\Audio\LAO(INF019)2b\LAO(INF019)2bmeta.txt"/>
	<entry id="1060190301" project="LAO" informant="INF019" reel="3a" region="1" narrative="_Q" label="Social Relations " state="OK" sex="F" age="50" age_level="2" education="2" town="Wewoka" county="Seminole" land_regions="D" locality="U" date="1962" latitude="35.15877" longitude="-96.49339" file_name="LAO(INF019)3a 01 Social Relations .mp3" path_to_file="LAP\Projects\LAO\Speakers\LAO(INF019)\Audio\LAO(INF019)3a\LAO(INF019)3a 01 Social Relations .mp3"/>
	<entry id="1060190302" project="LAO" informant="INF019" reel="3a" region="2" narrative="_Q" label="Illness and Death " state="OK" sex="F" age="50" age_level="2" education="2" town="Wewoka" county="Seminole" land_regions="D" locality="U" date="1962" latitude="35.15877" longitude="-96.49339" file_name="LAO(INF019)3a 02 Illness and Death .mp3" path_to_file="LAP\Projects\LAO\Speakers\LAO(INF019)\Audio\LAO(INF019)3a\LAO(INF019)3a 02 Illness and Death .mp3"/>
	<entry id="1060190303" project="LAO" informant="INF019" reel="3a" region="3" narrative="_Q" label="Names, Titles and Occupations" state="OK" sex="F" age="50" age_level="2" education="2" town="Wewoka" county="Seminole" land_regions="D" locality="U" date="1962" latitude="35.15877" longitude="-96.49339" file_name="LAO(INF019)3a 03 Names, Titles and Occupations.mp3" path_to_file="LAP\Projects\LAO\Speakers\LAO(INF019)\Audio\LAO(INF019)3a\LAO(INF019)3a 03 Names, Titles and Occupations.mp3"/>
	<entry id="1060190304" project="LAO" informant="INF019" reel="3a" region="4" narrative="_Q" label="Names, Titles and Occupations" state="OK" sex="F" age="50" age_level="2" education="2" town="Wewoka" county="Seminole" land_regions="D" locality="U" date="1962" latitude="35.15877" longitude="-96.49339" file_name="LAO(INF019)3a 04 Names, Titles and Occupations.mp3" path_to_file="LAP\Projects\LAO\Speakers\LAO(INF019)\Audio\LAO(INF019)3a\LAO(INF019)3a 04 Names, Titles and Occupations.mp3"/>
	<entry id="1060190305" project="LAO" informant="INF019" reel="3a" region="5" narrative="_Q" label="Family" state="OK" sex="F" age="50" age_level="2" education="2" town="Wewoka" county="Seminole" land_regions="D" locality="U" date="1962" latitude="35.15877" longitude="-96.49339" file_name="LAO(INF019)3a 05 Family.mp3" path_to_file="LAP\Projects\LAO\Speakers\LAO(INF019)\Audio\LAO(INF019)3a\LAO(INF019)3a 05 Family.mp3"/>
	<entry id="1060190306" project="LAO" informant="INF019" reel="3a" region="6" narrative="_Q" label="Geography" state="OK" sex="F" age="50" age_level="2" education="2" town="Wewoka" county="Seminole" land_regions="D" locality="U" date="1962" latitude="35.15877" longitude="-96.49339" file_name="LAO(INF019)3a 06 Geography.mp3" path_to_file="LAP\Projects\LAO\Speakers\LAO(INF019)\Audio\LAO(INF019)3a\LAO(INF019)3a 06 Geography.mp3"/>
	<entry id="1060190307" project="LAO" informant="INF019" reel="3a" region="7" narrative="_Q" label="Domestic Animals" state="OK" sex="F" age="50" age_level="2" education="2" town="Wewoka" county="Seminole" land_regions="D" locality="U" date="1962" latitude="35.15877" longitude="-96.49339" file_name="LAO(INF019)3a 07 Domestic Animals.mp3" path_to_file="LAP\Projects\LAO\Speakers\LAO(INF019)\Audio\LAO(INF019)3a\LAO(INF019)3a 07 Domestic Animals.mp3"/>
	<entry id="3020190301" project="LAO" informant="INF019" reel="3a" region="0" narrative="_I" label="Metadata" state="OK" sex="F" age="50" age_level="2" education="2" town="Wewoka" county="Seminole" land_regions="D" locality="U" date="1962" latitude="35.15877" longitude="-96.49339" file_name="LAO(INF019)3ameta.txt" path_to_file="LAP\Projects\LAO\Speakers\LAO(INF019)\Audio\LAO(INF019)3a\LAO(INF019)3ameta.txt"/>
	<entry id="1060190308" project="LAO" informant="INF019" reel="3b" region="1" narrative="_Q" label="Body Parts" state="OK" sex="F" age="50" age_level="2" education="2" town="Wewoka" county="Seminole" land_regions="D" locality="U" date="1962" latitude="35.15877" longitude="-96.49339" file_name="LAO(INF019)3b 01 Body Parts.mp3" path_to_file="LAP\Projects\LAO\Speakers\LAO(INF019)\Audio\LAO(INF019)3b\LAO(INF019)3b 01 Body Parts.mp3"/>
	<entry id="1060190309" project="LAO" informant="INF019" reel="3b" region="2" narrative="_Q" label="Personal Characteristics" state="OK" sex="F" age="50" age_level="2" education="2" town="Wewoka" county="Seminole" land_regions="D" locality="U" date="1962" latitude="35.15877" longitude="-96.49339" file_name="LAO(INF019)3b 02 Personal Characteristics.mp3" path_to_file="LAP\Projects\LAO\Speakers\LAO(INF019)\Audio\LAO(INF019)3b\LAO(INF019)3b 02 Personal Characteristics.mp3"/>
	<entry id="1060190310" project="LAO" informant="INF019" reel="3b" region="3" narrative="_Q" label="Verbs_Principal Parts" state="OK" sex="F" age="50" age_level="2" education="2" town="Wewoka" county="Seminole" land_regions="D" locality="U" date="1962" latitude="35.15877" longitude="-96.49339" file_name="LAO(INF019)3b 03 Verbs_Principal Parts.mp3" path_to_file="LAP\Projects\LAO\Speakers\LAO(INF019)\Audio\LAO(INF019)3b\LAO(INF019)3b 03 Verbs_Principal Parts.mp3"/>
	<entry id="1060190311" project="LAO" informant="INF019" reel="3b" region="4" narrative="_Q" label="Illness and Death" state="OK" sex="F" age="50" age_level="2" education="2" town="Wewoka" county="Seminole" land_regions="D" locality="U" date="1962" latitude="35.15877" longitude="-96.49339" file_name="LAO(INF019)3b 04 Illness and Death.mp3" path_to_file="LAP\Projects\LAO\Speakers\LAO(INF019)\Audio\LAO(INF019)3b\LAO(INF019)3b 04 Illness and Death.mp3"/>
	<entry id="1060190312" project="LAO" informant="INF019" reel="3b" region="5" narrative="_Q" label="Illness and Death" state="OK" sex="F" age="50" age_level="2" education="2" town="Wewoka" county="Seminole" land_regions="D" locality="U" date="1962" latitude="35.15877" longitude="-96.49339" file_name="LAO(INF019)3b 05 Illness and Death.mp3" path_to_file="LAP\Projects\LAO\Speakers\LAO(INF019)\Audio\LAO(INF019)3b\LAO(INF019)3b 05 Illness and Death.mp3"/>
	<entry id="1060190313" project="LAO" informant="INF019" reel="3b" region="6" narrative="_Q" label="Verbs_Principal Parts" state="OK" sex="F" age="50" age_level="2" education="2" town="Wewoka" county="Seminole" land_regions="D" locality="U" date="1962" latitude="35.15877" longitude="-96.49339" file_name="LAO(INF019)3b 06 Verbs_Principal Parts.mp3" path_to_file="LAP\Projects\LAO\Speakers\LAO(INF019)\Audio\LAO(INF019)3b\LAO(INF019)3b 06 Verbs_Principal Parts.mp3"/>
	<entry id="1060190314" project="LAO" informant="INF019" reel="3b" region="7" narrative="_Q" label="Social Relations " state="OK" sex="F" age="50" age_level="2" education="2" town="Wewoka" county="Seminole" land_regions="D" locality="U" date="1962" latitude="35.15877" longitude="-96.49339" file_name="LAO(INF019)3b 07 Social Relations .mp3" path_to_file="LAP\Projects\LAO\Speakers\LAO(INF019)\Audio\LAO(INF019)3b\LAO(INF019)3b 07 Social Relations .mp3"/>
	<entry id="3020190302" project="LAO" informant="INF019" reel="3b" region="0" narrative="_I" label="Metadata" state="OK" sex="F" age="50" age_level="2" education="2" town="Wewoka" county="Seminole" land_regions="D" locality="U" date="1962" latitude="35.15877" longitude="-96.49339" file_name="LAO(INF019)3bmeta.txt" path_to_file="LAP\Projects\LAO\Speakers\LAO(INF019)\Audio\LAO(INF019)3b\LAO(INF019)3bmeta.txt"/>
	<entry id="1060190315" project="LAO" informant="INF019" reel="3c" region="1" narrative="_Q" label="Illness and Death" state="OK" sex="F" age="50" age_level="2" education="2" town="Wewoka" county="Seminole" land_regions="D" locality="U" date="1962" latitude="35.15877" longitude="-96.49339" file_name="LAO(INF019)3c 01 Illness and Death.mp3" path_to_file="LAP\Projects\LAO\Speakers\LAO(INF019)\Audio\LAO(INF019)3c\LAO(INF019)3c 01 Illness and Death.mp3"/>
	<entry id="1060190316" project="LAO" informant="INF019" reel="3c" region="2" narrative="_Q" label="Public Institutions" state="OK" sex="F" age="50" age_level="2" education="2" town="Wewoka" county="Seminole" land_regions="D" locality="U" date="1962" latitude="35.15877" longitude="-96.49339" file_name="LAO(INF019)3c 02 Public Institutions.mp3" path_to_file="LAP\Projects\LAO\Speakers\LAO(INF019)\Audio\LAO(INF019)3c\LAO(INF019)3c 02 Public Institutions.mp3"/>
	<entry id="1060190317" project="LAO" informant="INF019" reel="3c" region="3" narrative="_Q" label="Geography" state="OK" sex="F" age="50" age_level="2" education="2" town="Wewoka" county="Seminole" land_regions="D" locality="U" date="1962" latitude="35.15877" longitude="-96.49339" file_name="LAO(INF019)3c 03 Geography.mp3" path_to_file="LAP\Projects\LAO\Speakers\LAO(INF019)\Audio\LAO(INF019)3c\LAO(INF019)3c 03 Geography.mp3"/>
	<entry id="1060190318" project="LAO" informant="INF019" reel="3c" region="4" narrative="_Q" label="Geography" state="OK" sex="F" age="50" age_level="2" education="2" town="Wewoka" county="Seminole" land_regions="D" locality="U" date="1962" latitude="35.15877" longitude="-96.49339" file_name="LAO(INF019)3c 04 Geography.mp3" path_to_file="LAP\Projects\LAO\Speakers\LAO(INF019)\Audio\LAO(INF019)3c\LAO(INF019)3c 04 Geography.mp3"/>
	<entry id="1060190319" project="LAO" informant="INF019" reel="3c" region="5" narrative="_Q" label="Greetings and Salutations" state="OK" sex="F" age="50" age_level="2" education="2" town="Wewoka" county="Seminole" land_regions="D" locality="U" date="1962" latitude="35.15877" longitude="-96.49339" file_name="LAO(INF019)3c 05 Greetings and Salutations.mp3" path_to_file="LAP\Projects\LAO\Speakers\LAO(INF019)\Audio\LAO(INF019)3c\LAO(INF019)3c 05 Greetings and Salutations.mp3"/>
	<entry id="1060190320" project="LAO" informant="INF019" reel="3c" region="6" narrative="_Q" label="Business " state="OK" sex="F" age="50" age_level="2" education="2" town="Wewoka" county="Seminole" land_regions="D" locality="U" date="1962" latitude="35.15877" longitude="-96.49339" file_name="LAO(INF019)3c 06 Business .mp3" path_to_file="LAP\Projects\LAO\Speakers\LAO(INF019)\Audio\LAO(INF019)3c\LAO(INF019)3c 06 Business .mp3"/>
	<entry id="1060190321" project="LAO" informant="INF019" reel="3c" region="7" narrative="_Q" label="Vehicles " state="OK" sex="F" age="50" age_level="2" education="2" town="Wewoka" county="Seminole" land_regions="D" locality="U" date="1962" latitude="35.15877" longitude="-96.49339" file_name="LAO(INF019)3c 07 Vehicles .mp3" path_to_file="LAP\Projects\LAO\Speakers\LAO(INF019)\Audio\LAO(INF019)3c\LAO(INF019)3c 07 Vehicles .mp3"/>
	<entry id="3020190303" project="LAO" informant="INF019" reel="3c" region="0" narrative="_I" label="Metadata" state="OK" sex="F" age="50" age_level="2" education="2" town="Wewoka" county="Seminole" land_regions="D" locality="U" date="1962" latitude="35.15877" longitude="-96.49339" file_name="LAO(INF019)3cmeta.txt" path_to_file="LAP\Projects\LAO\Speakers\LAO(INF019)\Audio\LAO(INF019)3c\LAO(INF019)3cmeta.txt"/>
	<entry id="3020190003" project="LAO" informant="INF019" reel="0" region="0" narrative="_I" label="Biographical Information" state="OK" sex="F" age="50" age_level="2" education="2" town="Wewoka" county="Seminole" land_regions="D" locality="U" date="1962" latitude="35.15877" longitude="-96.49339" file_name="LAO(INF019)BIO.txt" path_to_file="LAP\Projects\LAO\Speakers\LAO(INF019)\Text\LAO(INF019)BIO.txt"/>
</Audio>