<?xml version="1.0" encoding="UTF-8"?>
<MediaAsset>
   <!--Original Physical Asset and Transfer Details-->
   <Original>
      <Filename>IL39B_2</Filename>
      <RunningTime>03:10:56</RunningTime>
      <RecordDate>undated</RecordDate>
      <Language>English</Language>
      <FormatType>Open Reel</FormatType>
      <StockBrand>Knight</StockBrand>
      <TapeModel>None</TapeModel>
      <TapeWidth>1/4"</TapeWidth>
      <TapeType>Polyester</TapeType>
      <ReelSize>7"</ReelSize>
      <TrackConfiguration>Half track</TrackConfiguration>
      <SoundField>Mono</SoundField>
      <RecordingSpeed>3.75 ips</RecordingSpeed>
      <NoiseReduction>None</NoiseReduction>
      <Equalization>NAB</Equalization>
      <PackOrientation>Heads Out</PackOrientation>
      <Language>English</Language>
      <PerforationRepairs>Yes</PerforationRepairs>
      <Cleaned>No</Cleaned>
      <Baked>No</Baked>
      <TransferComments>Program Distorted at Times; High Amount of Hum on Tape; High Background
         Noise on Tape; </TransferComments>
      <ConditionReport>
         <SmallRisk>TapeDamage</SmallRisk>
      </ConditionReport>
      <TransferOperator>SC</TransferOperator>
      <Deck_Description>1/4" Open Reel Reproducer</Deck_Description>
      <Deck_Brand>Studer</Deck_Brand>
      <Deck_Model>A-810</Deck_Model>
      <Deck_SerialNumber>7318</Deck_SerialNumber>
      <Originator> The MediaPreserve, a division of Preservation Technologies, LP </Originator>
      <OriginatorAddress> 111 Thomson Park Drive, Cranberry Township, PA 16066-6424
      </OriginatorAddress>
   </Original>
   <!--Digital Preservation Master File-->
   <PreservationMaster>
      <MediaKeeper>
         <OriginalTitle>IL39B_2</OriginalTitle>
         <CustomerFilename>IL39B_2_a.wav</CustomerFilename>
         <DateCreated>2020-01-14T10:02:55</DateCreated>
         <Checksum>DDD5A24D5A048762D3E53C298F731592</Checksum>
         <ChecksumType>MD5</ChecksumType>
         <ChecksumDateCreated>2020-01-20T20:47:43</ChecksumDateCreated>
         <RunningTime>01:35:18</RunningTime>
         <BitPerSample>24</BitPerSample>
         <SampleRate>96000</SampleRate>
         <BitRate>2304000</BitRate>
         <SoundFieldFromJhove>1</SoundFieldFromJhove>
         <FileSizeInBytes>1646911954</FileSizeInBytes>
         <FileSizeInKB>1608312</FileSizeInKB>
         <FileSizeInMB>1570.618</FileSizeInMB>
         <FileSizeInGB>1.5338</FileSizeInGB>
         <FaceDesignation>A</FaceDesignation>
         <TrackDesignation>00</TrackDesignation>
         <RegionDesignation>01</RegionDesignation>
         <ComputerManufacturer>VisionDAW</ComputerManufacturer>
         <HostComputerName>VX99-PRO</HostComputerName>
         <HostComputerVersion>Core i7</HostComputerVersion>
         <OperatingSystem>Windows 10</OperatingSystem>
         <OperatingSystemVersion>Professional x64 Edition</OperatingSystemVersion>
         <A2D_DeviceType>A/D Converter</A2D_DeviceType>
         <A2D_DeviceManufacturer>Antelope Audio</A2D_DeviceManufacturer>
         <A2D_DeviceModelName>Orion</A2D_DeviceModelName>
         <A2D_DeviceModelVersion>32</A2D_DeviceModelVersion>
         <A2D_DeviceModelSerialNumber>1000813050023</A2D_DeviceModelSerialNumber>
         <A2D_DeviceDriverVersion>A-810</A2D_DeviceDriverVersion>
      </MediaKeeper>
   </PreservationMaster>
   <PreservationMaster>
      <MediaKeeper>
         <OriginalTitle>IL39B_2</OriginalTitle>
         <CustomerFilename>IL39B_2_b.wav</CustomerFilename>
         <DateCreated>2020-01-14T10:02:55</DateCreated>
         <Checksum>E150166356A32119BC931DB9080D53EA</Checksum>
         <ChecksumType>MD5</ChecksumType>
         <ChecksumDateCreated>2020-01-20T20:47:43</ChecksumDateCreated>
         <RunningTime>01:35:38</RunningTime>
         <BitPerSample>24</BitPerSample>
         <SampleRate>96000</SampleRate>
         <BitRate>2304000</BitRate>
         <SoundFieldFromJhove>1</SoundFieldFromJhove>
         <FileSizeInBytes>1652697586</FileSizeInBytes>
         <FileSizeInKB>1613962</FileSizeInKB>
         <FileSizeInMB>1576.135</FileSizeInMB>
         <FileSizeInGB>1.5392</FileSizeInGB>
         <FaceDesignation>B</FaceDesignation>
         <TrackDesignation>00</TrackDesignation>
         <RegionDesignation>01</RegionDesignation>
         <ComputerManufacturer>VisionDAW</ComputerManufacturer>
         <HostComputerName>VX99-PRO</HostComputerName>
         <HostComputerVersion>Core i7</HostComputerVersion>
         <OperatingSystem>Windows 10</OperatingSystem>
         <OperatingSystemVersion>Professional x64 Edition</OperatingSystemVersion>
         <A2D_DeviceType>A/D Converter</A2D_DeviceType>
         <A2D_DeviceManufacturer>Antelope Audio</A2D_DeviceManufacturer>
         <A2D_DeviceModelName>Orion</A2D_DeviceModelName>
         <A2D_DeviceModelVersion>32</A2D_DeviceModelVersion>
         <A2D_DeviceModelSerialNumber>1000813050023</A2D_DeviceModelSerialNumber>
         <A2D_DeviceDriverVersion>A-810</A2D_DeviceDriverVersion>
      </MediaKeeper>
   </PreservationMaster>
   <!--Digital Use/Access/Streaming File-->
   <Streaming>
      <MediaKeeper>
         <OriginalTitle>IL39B_2</OriginalTitle>
         <CustomerFilename>IL39B_2_a.mp3</CustomerFilename>
         <DateCreated>2020-01-20T17:38:17</DateCreated>
         <Checksum>2F83AB808E6751CAB243B2E505E6A155</Checksum>
         <ChecksumType>MD5</ChecksumType>
         <ChecksumDateCreated>2020-01-20T20:47:43</ChecksumDateCreated>
         <RunningTime>01:35:27</RunningTime>
         <BitRate>192000</BitRate>
         <SoundFieldFromJhove>1</SoundFieldFromJhove>
         <FileSizeInBytes>137243794</FileSizeInBytes>
         <FileSizeInKB>134027.1</FileSizeInKB>
         <FileSizeInMB>130.8859</FileSizeInMB>
         <FileSizeInGB>0.1278</FileSizeInGB>
         <FaceDesignation>A</FaceDesignation>
         <TrackDesignation>00</TrackDesignation>
         <RegionDesignation>01</RegionDesignation>
         <EncodeSoftwareManufacturer>Steinberg</EncodeSoftwareManufacturer>
         <EncodeSoftware>Wavelab</EncodeSoftware>
         <EncodeSoftwareVersion>7.2.1</EncodeSoftwareVersion>
      </MediaKeeper>
   </Streaming>
   <Streaming>
      <MediaKeeper>
         <OriginalTitle>IL39B_2</OriginalTitle>
         <CustomerFilename>IL39B_2_b.mp3</CustomerFilename>
         <DateCreated>2020-01-20T17:38:21</DateCreated>
         <Checksum>11F5FE8220D9412EFC40B142DD3F5E85</Checksum>
         <ChecksumType>MD5</ChecksumType>
         <ChecksumDateCreated>2020-01-20T20:47:43</ChecksumDateCreated>
         <RunningTime>01:35:47</RunningTime>
         <BitRate>192000</BitRate>
         <SoundFieldFromJhove>1</SoundFieldFromJhove>
         <FileSizeInBytes>137725910</FileSizeInBytes>
         <FileSizeInKB>134498</FileSizeInKB>
         <FileSizeInMB>131.3457</FileSizeInMB>
         <FileSizeInGB>0.1283</FileSizeInGB>
         <FaceDesignation>B</FaceDesignation>
         <TrackDesignation>00</TrackDesignation>
         <RegionDesignation>01</RegionDesignation>
         <EncodeSoftwareManufacturer>Steinberg</EncodeSoftwareManufacturer>
         <EncodeSoftware>Wavelab</EncodeSoftware>
         <EncodeSoftwareVersion>7.2.1</EncodeSoftwareVersion>
      </MediaKeeper>
   </Streaming>
</MediaAsset>
