Code,Response
A,au revior [F] (3)
B,be good (1)
C,buenos dias [S] (1)
D,bye (25)
E,bye-bye (10)
F,bye now (2)
G,catch you later (2)
H,farewell (2)
I,glad to see you (1)
J,good-bye (224)
K,good-bye now (1)
L,good day [greeting] (25)
M,good day [parting] (195)
N,have a good day (14)
O,have a nice day (4)
P,hello (29)
Q,hi (9)
R,how are you? (1)
S,how do you do? (3)
T,how [X-0] you doing? (1)
U,howdy (14)
V,howdy do? (2)
W,hurry back (1)
X,I got to be going (1)
Y,(I) hope you have a good day (2)
Z,(I'll) be (a-)seeing you (4)
aa,(I'll) see you (7)
ab,(I'll/we'll) see you later (40)
ac,later on (1)
ad,pleasant afternoon (1)
ae,so long (24)
af,take it easy (1)
ag,talk to you later (1)
ah,top of the day (1)
