Code,Response
A,"coming Sunday, the (2)"
B,coming within two weeks (1)
C,couple of Sundays (1)
D,"following Sunday, the (7)"
E,"following week, the (3)"
F,following week of next Sunday (1)
G,next Sunday [sic] (3)
H,next Sunday a week (1)
I,next Sunday coming (1)
J,next Sunday week (7)
K,"not next Sunday, but the Sunday"
L,"not this Sunday, but the next (1)"
M,second Sunday from now (1)
N,second week (2)
O,Sunday a week (17)
P,Sunday a week away (1)
Q,Sunday a week from now (6)
R,"Sunday after, the (3)"
S,Sunday after next (115)
T,Sunday after next Sunday (3)
U,Sunday after Sunday (2)
V,"Sunday after that, after next (1)"
W,Sunday after this coming one (1)
X,Sunday after this coming Sunday (2)
Y,Sunday after this one coming (2)
Z,Sunday coming (3)
aa,Sunday gone [sic] (1)
ab,Sunday next (2)
ac,Sunday two weeks (7)
ad,Sunday two weeks from now (1)
ae,Sunday week (301)
af,"Sunday week, the (1)"
ag,this coming Sunday week (1)
ah,this next-coming Sunday (1)
ai,this one coming Sunday (1)
aj,tomorrow week (4)
ak,two Sundays from now (2)
al,two weeks from now (3)
am,two weeks from Sunday (7)
an,two weeks from today (6)
ao,two weeks hence (1)
ap,two weeks later (3)
aq,week after (1)
ar,week after next (24)
as,week after Sunday (1)
at,week after this Sunday (1)
au,week after today (1)
av,week beyond this Sunday (1)
aw,"week following, the (1)"
ax,week from next Sunday (3)
ay,week from Sunday (51)
az,week from this coming Sunday (3)
ba,week from this Sunday (9)
bb,week from tomorrow (1)
bc,"week later, a (1)"
bd,"week next Sunday, a (2)"
be,"week Sunday, a (1)"
