Code,Response
A,couple of Sundays ago (2)
B,couple of weeks ago (1)
C,fortnight ago (1)
D,just a week's Sunday (1)
E,last past Sunday (1)
F,last Sunday a week ago (4)
G,last Sunday but a week ago (1)
H,last Sunday was a week ago (4)
I,last Sunday week (3)
J,last Sunday week ago (2)
K,last Sunday's a week ago (4)
L,last week before Sunday (1)
M,second Sunday (1)
N,Sunday a week (13)
O,Sunday a/the week ago (51)
P,Sunday afore last (1)
Q,Sunday before (13)
R,Sunday before last (207)
S,Sunday before last Sunday (4)
T,Sunday before last week (1)
U,Sunday before that (1)
V,Sunday before this one (1)
W,Sunday gone (1)
X,Sunday is a week ago (1)
Y,Sunday last (2)
Z,Sunday past (9)
aa,Sunday two weeks ago (4)
ab,Sunday was a week ago (33)
ac,Sunday week (28)
ad,Sunday week ago (27)
ae,Sunday's a week ago (7)
af,this past Sunday (1)
ag,this past Sunday a weak ago (1)
ah,two or three Sundays ago (1)
ai,two Sundays ago (12)
aj,two weeks ago (20)
ak,two weeks ago come Sunday (1)
al,two weeks ago from today (1)
am,two weeks ago last Sunday (2)
an,two weeks ago next Sunday (1)
ao,two weeks ago Sunday (4)
ap,two weeks ago this Sunday (1)
aq,two weeks ago today (2)
ar,week ago from Sunday (1)
as,week ago last Sunday (9)
at,week ago Sunday (33)
au,week ago this past Sunday (1)
av,week before (8)
aw,week before last (52)
ax,week before last Sunday (5)
ay,week before Sunday (3)
az,week before that (2)
ba,week before then (1)
bb,weekend before last (1)
