Code,Response
A,fifteen before (1)
B,fifteen minutes before (1)
C,fifteen minutes of (2)
D,fifteen minutes of being an hour (1)
E,fifteen minutes till (37)
F,fifteen minutes to (33)
G,fifteen minutes until (3)
H,fifteen minutes [P-0] (1)
I,fifteen till (60)
J,fifteen to (11)
K,fifteen until (1)
L,forty-five after (2)
M,forty-five minutes after (6)
N,forty-five minutes past (2)
O,forty-five past (1)
P,quarter before (3)
Q,"quarter before, a (1)"
R,quarter of (68)
S,quarter of an hour to (1)
T,quarter of till  [sic] (1)
U,"quarter of, a (19)"
V,quarter till (254)
W,"quarter till, a (41)"
X,quarter till to [sic] (1)
Y,quarter to (189)
Z,"quarter to, a (32)"
aa,quarter until (1)
ab,"quarter until, a (1)"
ac,quarter [P-0] (9)
ad,seven-fifteen earlier (=7:45) (1)
ae,three quarters (4)
af,three quarters after (1)
ag,three quarters of an hour (1)
