Code,Response
A,bit (9)
B,bit of years (1)
C,coon's age (1)
D,few years (1)
E,first little while (1)
F,good bit (1)
G,good little while (2)
H,good long time (1)
I,good long while (13)
J,good while (27)
K,good while ago (1)
L,little bit (1)
M,little run (=while) (1)
N,little while (27)
O,little while ago (1)
P,"long, long time (1)"
Q,long spell (1)
R,long time (31)
S,long while (4)
T,number of years (2)
U,period (1)
V,pretty good little while (2)
W,pretty good while (19)
X,short spell (1)
Y,short while (7)
Z,some bit (1)
aa,some spell (1)
ab,some time (73)
ac,some while (2)
ad,spell (44)
ae,time (5)
af,very short while (1)
ag,while (539)
ah,while ago (51)
ai,while back (9)
aj,while long (1)
