Code,Response
A,be a beautiful day (1)
B,be a pretty day (1)
C,be beautiful (1)
D,be better weather (1)
E,be brighter (1)
F,be clear (2)
G,be fair (4)
H,be nice (1)
I,be pretty (1)
J,blow over (2)
K,"break (clouds, etc.) (42)"
L,break away (8)
M,break in the weather (1)
N,break off (47)
O,break off in the west (1)
P,break out (sun) (1)
Q,break through (2)
R,break up (25)
S,breaking of clouds (1)
T,breaking weather (1)
U,brighten up (4)
V,broke off and fairing (1)
W,calm off (1)
X,change (31)
Y,change for the better (3)
Z,change to fair (1)
aa,change up (1)
ab,changeable (2)
ac,changing weather (1)
ad,clear (v.) (91)
ae,clear away (5)
af,clear off (99)
ag,clear out (2)
ah,clear up (300)
ai,clearing of the weather (1)
aj,come out (sun) (2)
ak,come out nice (sun) (1)
al,come out of the clouds (sun) (1)
am,different (2)
an,disperse (clouds) (1)
ao,end (rain) (1)
ap,fair (v.) (5)
aq,fair clear (1)
ar,fair off (91)
as,fair off from a rain (1)
at,fair up (46)
au,get better (7)
av,get calm (1)
aw,get fair (2)
ax,get pretty (1)
ay,get real good (1)
az,have a break (1)
ba,have some sun today (1)
bb,improve (2)
bc,let up (2)
bd,lighten up (3)
be,look better (1)
bf,moderate (11)
bg,move out (1)
bh,move over (1)
bi,open up (1)
bj,over (2)
bk,over with (1)
bl,pass off (1)
bm,pass over (4)
bn,quit (2)
bo,quit raining (1)
bp,settle (1)
bq,shape up (1)
br,shine (sun) (1)
bs,slack up (1)
bt,turn beautiful (1)
bu,turn good (1)
bv,turn into a clear day (1)
bw,turn off pretty (2)
bx,turn out a pretty day (1)
bx,turn out to be a pretty day (1)
by,turn out to be a nice day (1)
ca,turn out to be pretty (1)
cb,warm up (1)
