Code,Response
A,awful (1)
B,backwards weather (1)
C,bad (day/weather) (101)
D,bad cloudy day (1)
E,bad damp day (1)
F,bad-looking (day/weather) (4)
G,bad rainy day (1)
H,bad spell (1)
I,bad weather day (1)
J,black day (1)
K,bloomy-looking [sic] (1)
L,blue day (2)
M,blurred (1)
N,blurry Blue Monday (1)
O,blusterous (1)
P,blustery (day/weather) (11)
Q,changeable (1)
R,chilly (1)
S,cloudy (day/weather) (322)
T,cloudy and bad weather (1)
U,cloudy bad day (1)
V,cloudy bloomy day [sic] (1)
W,cloudy dreary day (1)
X,cloudy foggy morning (1)
Y,cloudy gloomy day (1)
Z,cloudy hazy day (1)
aa,cloudy rainy day (2)
ab,cloudy sky (1)
ac,cloudying bad [sic] (1)
ad,cold (3)
ae,cold dreary day (1)
af,cold freezing snow weather (1)
ag,cruddy day (1)
ah,crummy day (1)
ai,damp day (3)
aj,damp drizzly wet day (1)
ak,damp rainy day (1)
al,dark (day) (27)
am,dark and gloomy day (1)
an,dark cloudy (day) (5)
ao,dark dreary-looking day (1)
ap,dark gloomy day (2)
aq,dark kind of day (1)
ar,dense (1)
as,depressing (1)
at,dingy-looking sky (1)
au,dismal (day) (7)
av,dismal black (1)
aw,disturbed weather (1)
ax,dizzy day (1)
ay,drab day (2)
az,drabby (1)
ba,dreadful (1)
bb,dreary (day) (128)
bc,dreary drizzly day (1)
bd,dreary-looking day (2)
be,dreary-old rainy day (1)
bf,dreary raining depressing day (1)
bg,dreary rainy day (1)
bh,dreary-type day (1)
bi,drizzly day (2)
bj,dull (day) (7)
bk,dull gloomy day (1)
bl,eerie (1)
bm,falling weather (3)
bn,foggy (day) (3)
bo,foul (day/weather) (5)
bp,gloom (day) (1)
bq,gloomy (day) (127)
br,gloomy dark day (1)
bs,gloomy-looking (day) (2)
bt,gory day (1)
bu,gray (day) (4)
bv,hazy (day) (22)
bw,hazy clouds (1)
bx,hazy cloudy (1)
by,heavy (1)
bz,heavy dark cloudy day (1)
ca,horrible day (1)
cb,hot (1)
cc,humid (2)
cd,icky day (1)
ce,inclement (5)
cf,lousy (day) (6)
cg,low (1)
ch,mean (day) (2)
ci,messy (day/weather) (7)
cj,miserable (day) (8)
ck,miserable-looking weather (1)
cl,misty (4)
cm,morbid (1)
cn,mucky (3)
co,muddy (1)
cp,muggy (day/weather) (10)
cq,murky (day) (6)
cr,nasty (day/weather) (11)
cs,nasty-looking day (1)
ct,nasty-old day (1)
cu,overcast (day) (32)
cv,overcloudy (1)
cw,partly cloudy (6)
cx,rainy (day/weather) (78)
cy,rainy bad day (1)
cz,rainy cloudy day (1)
da,rainy-looking (day) (3)
db,rotten (day) (2)
dc,rough (day/weather) (16)
dd,rough-looking sky (1)
de,rough rainy day (1)
df,sloppy day (1)
dg,smoggy day (1)
dh,smoky (day) (2)
di,solid cloudy (1)
dj,sorry (1)
dk,squally (1)
dl,stormy (day/weather) (48)
dm,sulky day (1)
dn,terrible day (5)
do,terrible-looking day (1)
dp,threatening (weather) (5)
dq,threatening-looking (1)
dr,ugly (day/weather) (20)
ds,ugly-looking day (1)
dt,unchangeable [sic] (1)
du,uncomfortable (1)
dv,unfair (1)
dw,unfavorable (2)
dx,unpleasant (day) (4)
dy,unsettle (day) (3)
dz,unsettled (4)
ea,wet (day/weather) (4)
eb,windy (1)
