Code,Response
A,about to rain  (3)
B,about to storm (1)
C,air will turn around (1)
D,becoming bad (1)
E,becoming cloudy (1)
F,becoming overcast (1)
G,beginning to change (1)
H,beginning to cloud up (1)
I,beginning to get bad (1)
J,beginning to look rainy (1)
K,beginning to look stormy (1)
L,betwixt and between (1)
M,blowing up a good little bit of
N,blowing up a rain (1)
O,blustering (1)
P,blustery (weather) (6)                   weather (1)
Q,breaking [sic] (4)
R,building (1)
S,building up (9)
T,building up in the west (1)
U,change (n.) (4)
V,change in the weather (13)
W,change of (the) weather (2)
X,changeable (weather) (12)
Y,changing (227)
Z,changing for (the) worse (3)
aa,changing rapidly (1)
ab,changing to wet (1)
ac,changing up (3)
ad,changing weather (3)
ae,clabbering up (1)
af,clamber up for a storm (1)
ag,cloud looks like snow (1)
ah,cloud up and rain (1)
ai,clouding over (1)
aj,clouding up (57)
ak,clouding up fast (1)
al,clouding up to rain (1)
am,clouds are boiling (1)
an,clouds are breaking (1)
ao,clouds are changing (1)
ap,clouds (are) gathering (8)
aq,clouds (are) gathering up (1)
ar,clouds (are) getting thicker (1)
as,clouds are heavy (1)
at,clouds are thickening up (1)
au,cloud's coming up (3)
av,cloudy-looking mighty bad (1)
aw,cloudying up (1)
ax,cold wave is coming (1)
ay,coming a bad spell (1)
az,coming a (big) rain (3)
ba,coming a little snap (1)
bb,coming a real cold spell (1)
bc,coming a storm (1)
bd,coming a windstorm (1)
be,coming up (1)
bf,coming up a cloud (3)
bg,coming up a rain (1)
bh,coming up a little storm (1)
bi,coming up a thunderstorm (2)
bj,darkening up (1)
bk,falling weather (4)
bl,fixing to bluster up (1)
bm,fixing to break (1)
bn,fixing to change (5)
bo,fixing to go to raining (1)
bp,fixing to have a bad spread of
bq,fixing to have a thunderstorm (1)
br,fixing to have one (1)
bs,fixing to make up (1)
bt,fixing to rain (7)
bu,foul weather <is coming> (1)
bv,funny weather (1)
bw,gathering (9)
bx,gathering clouds (2)
by,gathering in (1)
bz,gathering time (1)
ca,getting a little fierce (1)
cb,getting a storm (1)
cc,getting bad (39)
cd,getting bad and cloudy (1)
ce,getting bad weather (1)
cf,getting badder (1)
cg,getting blustery (2)
ch,getting cloudy (14)
ci,getting dangerous (1)
cj,getting down (1)
ck,getting heavy (1)
cl,getting overcast (1)
cm,getting ready now to be bad (1)
cn,getting ready to rain (3)
co,getting ready to storm (2)
cp,getting rough (6)
cq,getting stormy (6)
cr,getting tough (1)
cs,getting worse (19)
ct,going right to raining (1)
cu,going through a change (1)
cv,going to be a storm (2)
cw,going to be bad (weather) (8)
cx,going to be foul (1)
cy,going to be mean (1)
cz,going to be rain (1)
da,going to be rough (1)
db,going to change (20)
dc,going to cloud up and rain (2)
dd,going to come a awful rain (1)
de,going to get a rain (2)
df,going to get bad (3)
dg,going to get rough (1)
dh,going to get stormy (1)
di,going to get worse (1)
dj,going to have a norther (1)
dk,going to have a storm (1)
dl,going to have (some) rain (2)
dm,going to have some bad weather (1)
dn,going to have some weather (1)
do,going to make a change (1)
dp,going to rain (31)
dq,going to rain or snow (1)
dr,going to snow (1)
ds,going to start falling (1)
dt,going to storm (3)
du,going to turn cold (2)
dv,going to turn off bad (1)
dw,hanging clouds (1)
dx,in for a change (1)
dy,inclement (weather) (4)
dz,knotting up (1)
ea,looking bad (11)
eb,looking like bad weather (1)
ec,looking like rain (10)
ed,looking rainy (2)                       (1)
ee,looking rough (2)
ef,looking stormy (1)
eg,making a change (5)
eh,making a sudden change (1)
ei,making up (4)
ej,making up a cloud (1)
ek,making up for a rain (2)
el,making up a/the rain (2)
em,might have some rain (1)
en,might rain (2)
eo,miserable-looking weather (1)
ep,rain's coming (1)
eq,rain's on its way (1)
er,rainy-looking (2)
es,rough weather coming in (1)
et,scary (1)
eu,starting to look bad (1)
ev,storm (1)
ew,storm (is) coming (2)
ex,storm (is) coming up (4)
ey,storm (is) gathering (1)
ez,storm (is) making up (1)
fa,storming (2)
fb,storming up (there) (3)
fc,stormy (day/weather) (14)
fd,sudden change (2)
fe,thickening up (2)
ff,threatening (67)
fg,threatening-looking (1)
fh,threatening rain (16)
fi,threatening raining (1)
fj,threatening to rain (8)
fk,threatening to storm (2)
fl,threatening weather (7)
fm,tornado making up (1)
fn,turning (10)
fo,turning bad (11)
fp,turning cold(er) (5)
fq,turning darker(1)
fr,turning foul (1)
fs,turning off cold (1)
ft,turning out bad (1)
fu,turning out in another direction
fv,turning to rain (1)
fw,uncertain (3)
fx,unlikely (1)
fy,unpredictable (1)
fz,unsettle (1)
ga,unsettled (5)
gb,unstable (2)
gc,weather breeder (1)
gd,weather change (n.) (1)
ge,weather changed (v.) (2)
gf,weather's on the change (1)
gg,windy (1)
gh,windy spell (1)
gi,working up rain (1)
