Code,Response
A,blizzard (1)
B,blue norther (13)
C,blue south wind (1)
D,blue whistler (1)
E,cloudy norther (1)
F,cold front (3)
G,cold winds from the north (1)
H,cool front (1)
I,cyclone (13)
J,dry wind (1)
K,east (wind) (33)
L,east and north (wind) (4)
M,east and west (wind) (2)
N,east-northeast (wind) (2)
O,east west (wind) (1)
P,easter (1)
Q,easterly (wind) (2)
R,eastern (wind) (1)
S,eastern north wind (1)
T,easternly (wind) (1)
U,eastnorth (wind) (2)
V,eastsouth (wind) (2)
W,gale (3)
X,hawk [sic] (1)
Y,high dry cold wind (1)
Z,hurricane (23)
aa,north (wind) (48)
ab,north and east (wind) (2)
ac,north and south (wind) (2)
ad,north-northeast (wind) (2)
ae,north to the east (wind) (1)
af,northeast (wind) (343)
ag,northeaster (13)
ah,northeasterly (wind) (24)
ai,northeastern (wind) (11)
aj,northeasterner (wind) (1)
ak,northeasternly (wind) (1)
al,norther (24)
am,northerly (wind) (2)
an,northern (wind) (3)
ao,northernly (wind) (1)
ap,northwest (wind) (339)
aq,northwester (12)
ar,northwesterly (wind) (28)
as,northwestern (wind) (12)
at,northwesterner (1)
au,south (wind) (50)
av,south and east (wind) (4)
aw,south and north (wind) (1)
ax,south and west (wind) (3)
ay,south breeze (1)
az,south-southeast (wind) (2)
ba,south-southwest (wind) (1)
bb,south to the west (wind) (1)
bc,southeast (wind) (337)
bd,southeaster (12)
be,southeasterly (wind) (24)
bf,southeasterly breeze (1)
bg,southeastern (wind) (14)
bh,southerly (wind) (9)
bi,southern (wind) (5)
bj,southernly (wind) (2)
bk,southwest (wind) (355)
bl,southwester (14)
bm,southwesterly (wind) (24)
bn,southwestern (wind) (15)
bo,southwesterner (1)
bp,squall (1)
bq,storm (1)
br,tornado (31)
bs,twister (4)
bt,west (wind) (39)
bu,west and north (wind) (4)
bv,west and south (wind) (1)
bw,west-northwest (1)
bx,west storm (1)
by,westerly (wind) (4)
bz,westerner (1)
ca,westernly (wind) (1)
cb,westnorth (wind) (3)
cc,westsouth (wind) (1)
cd,whirlwind (1)
ce,windstorm (6)
