Code,Response
A,all-day rain (4)
B,continual rain (1)
C,dew shower (1)
D,dripping (4)
E,drizzle (n.) (296)
F,drizzle (v.) (77)
G,drizzle of rain (1)
H,drizzle rain (n.) (3)
I,drizzle rain (v.) (1)
J,drizzled rain (n.) (1)
K,drizzling rain (n.) (6)
L,drizzling rain (v.) (4)
M,drizzly (2)
N,drizzly weather (1)
O,dropping (1)
P,dropping rain (1)
Q,dry drizzle (2)
R,dust settler (1)
S,fine mist (13)
T,fine rain (1)
U,foggy rain (2)
V,gale [sic] (1)
W,gentle rain (5)
X,God's pissing on me (1)
Y,good shower (=light rain) (1)
Z,ground soaker (1)
aa,heavy dew (2)
ab,heavy mist (1)
ac,light drizzle (6)
ad,light mist (2)
ae,light rain (40)
af,light shower (30)
ag,light sprinkle (7)
ah,little drizzles (1)
ai,little mist rain (1)
aj,little small shower (1)
ak,little sprinkle (3)
al,mist (n.) (228)
am,mist (v.) (47)
an,mist of rain (4)
ao,mist rain (n.) (2)
ap,mist-like (1)
aq,misting rain (n.) (21)
ar,misting rain (v.) (2)
as,misty (n.) [sic] (1)
at,misty (adj.) (24)
au,misty moisture (1)
av,misty morning (1)
aw,misty rain (10)
ax,misty shower (1)
ay,misty weather (1)
az,mizzle (1)
ba,nice gentle rain (1)
bb,partial shower (1)
bc,peppering down (2)
bd,rain shower (light) (1)
be,rain slowly (1)
bf,scattering of rain (1)
bg,set rain (n.) (1)
bh,shower (=light rain) (54)
bi,sizzle (1)
bj,slow drizzle (6)
bk,slow gentle rain (2)
bl,slow rain (27)
bm,slow shower (2)
bn,slow soaking rain (2)
bo,small rain (2)
bp,soaking rain (n.) (3)
bq,spit a couple of times (1)
br,sprinkle (n.) (282)
bs,sprinkle (v.) (131)
bt,sprinkle of rain (3)
bu,sprinkle rain (1)
bv,sprinkling (n.) (1)
bw,sprinkling rain (n.) (11)
bx,sprinkling rain (v.) (1)
by,spry (n.) (1)
bz,sprying (n.) (1)
ca,surface rain (1)
cb,trickle (1)
cc,weepy weather (1)
