Code,Response
A,April shower (1)
B,beating rain (3)
C,"biggest rain, the (1)"
D,blockbuster (1)
E,blowing rain (2)
F,chunk floater (7)
G,chunk mover (2)
H,clod buster (1)
I,clod crusher (1)
J,cloud buster (4)
K,cloudburst (147)
L,cloudburster (1)
M,cloudbuster (1)
N,dam buster (1)
O,dash rain (1)
P,deluge (18)
Q,det shower (1)
R,dog strangler (1)
S,doozer (1)
T,downfall (3)
U,downflow (1)
V,downing pour (1)
W,downpour (337)
X,downpour of rain (2)
Y,downpour rain (2)
Z,downspout (1)
aa,downwash (1)
ab,drencher (1)
ac,drenching rain (1)
ad,flash flood (20)
ae,flash-flood-like (1)
af,float chunker (1)
ag,flood (138)
ah,flood-like (1)
ai,flood of rain (1)
aj,flood rain (14)
ak,flood washer (1)
al,flooded rain (1)
am,flooding rain (1)
an,flopdown (1)
ao,fluid (1)
ap,flush cloud (1)
aq,flush rain (1)
ar,fodder shower (3)
as,"fresh, a (1)"
at,freshes (1)
au,freshet (2)
av,frog croaker (1)
aw,frog drownder (2)
ax,frog drowner (1)
ay,frog strangle [sic] (1)
az,frog strangler (18)
ba,general rain (1)
bb,gosling drownder (1)
bc,gully buster (3)
bd,gully thumper (1)
be,gully wash [sic] (2)
bf,gully washer (144)
bg,gully water [sic] (1)
bh,gusher (1)
bi,gut buster (1)
bj,hailstorm (4)
bk,heavy dew (1)
bl,hell of a rain (1)
bm,high water (1)
bn,hull digger (1)
bo,leaf mover (1)
bp,lighter(d)-knot floater (3)
bq,lighterd-knot sweeper (1)
br,log mover (1)
bs,lot of rain (2)
bt,monsoon (1)
bu,monsoon rain (1)
bv,"Noah, a (1)"
bw,off-and-on showers (1)
bx,overflow (5)
by,passing rain (1)
bz,(po)tato choker (1)
ca,(po)tato washer (1)
cb,"pour, a (n) (3)"
cc,pourdown (33)
cd,pourdown rain (4)
ce,pourdown shower (1)
cf,pouring rain (n) (4)
cg,pouring-down rain (n) (3)
ch,rain (hard/heavy/etc.) (173)
ci,rain pour (1)
cj,rain shower (1)
ck,rainfall (5)
cl,rainspout (3)
cm,rainsquall (1)
cn,rainstorm (31)
co,sand soaker (1)
cp,shower (hard/heavy/etc.) (143)
cq,shower of rain (3)
cr,shower rain (2)
cs,showering rain (1)
ct,sloosh (1)
cu,sloosh of rain (1)
cv,soaking rain (1)
cw,spring shower (2)
cx,squall (6)
cy,storm (47)
cz,storm-like (1)
da,storm rain (1)
db,stormy weather (1)
dc,strangler (1)
dd,stump mover (2)
de,sudden shower (1)
df,summer shower (1)
dg,surprising shower (1)
dh,toad choker (1)
di,toad strangler (21)
dj,toad stringer (3)
dk,toad-frog strangler (1)
dl,torrent(s) (5)
dm,torrential downpour (4)
dn,torrential rain (3)
do,trash lifter (3)
dp,trash mover (11)
dq,tropical storm (1)
dr,turd floater (1)
ds,turtle strangler (1)
dt,typhoon (1)
du,"wash, a (2)"
dv,washer (3)
dw,washing rain (3)
dx,washout (14)
dy,washup (1)
dz,waterspout (18)
ea,"young Noah, a (1)"
