Code,Response
A,afternoon shower (1)
B,bad cloud (1)
C,bad rain (1)
D,bad storm (4)
E,bad weather (5)
F,banshee (1)
G,bluster (n.) (1)
H,blustery weather (1)
I,cloudburst (8)
J,devil's tossing watermelons (1)
K,drum a-beating (1)
L,electric (2)
M,electric cloud (3)
N,electric storm (83)
O,electrical (4)
P,electrical cloud (1)
Q,electrical storm (166)
R,electricity storm (4)
S,equinox storm (1)
T,good blow (1)
U,heavy storm (2)
V,lightning storm (31)
W,lot of thunder and lightning (1)
X,northeaster storm (1)
Y,rainstorm (17)
Z,rough weather (1)
aa,severe storm (1)
ab,squall (3)
ac,storm (153)
ad,storm cloud (1)
ae,storm-like (1)
af,storming (2)
ag,stormy (8)
ah,stormy time (1)
ai,stormy weather (11)
aj,summer thunderstorm (1)
ak,thunder-and-lightning storm (3)
al,thundercloud (7)
am,thundercloud rain (1)
an,thundering storm (1)
ao,thundershower (43)
ap,thundersquall (1)
aq,thunderstorm (383)
ar,tropical storm (1)
as,turbulent weather (1)
at,violent storm (1)
au,windstorm (14)
