Code,Response
A,best room (2)
B,big den (1)
C,big house (4)
D,big room (9)
E,chambre (1)
F,company room (4)
G,den (2)
H,double parlor (1)
I,drawing room (4)
J,drilling room (1)
K,family house (1)
L,family room (5)
M,family sitting room (1)
N,fire (1)
O,fireplace room (6)
P,fireroom (5)
Q,formal living room (1)
R,front parlor (2)
S,front room (133)
T,gossiping room (1)
U,great room (5)
V,guest room (1)
W,hall (2)
X,heater room (1)
Y,house (2)
Z,living area (3)
aa,living room (654)
ab,parlor (325)
ac,parlor room (1)
ad,receiving room (1)
ae,reception room (3)
af,sala (1)
ag,salon (1)
ah,service room (1)
ai,setting room (14)
aj,sit room (1)
ak,sitting room (101)
