Code,Response
A,a-breezing up (1)
B,a-getting higher (2)
C,a-getting to be heavy (1)
D,a-getting up (1)
E,a-gusting (1)
F,a-picking up (1)
G,a-rising (8)
H,becoming blustery (1)
I,began to rise (2)
J,beginning to blow (7)
K,beginning to blow harder (3)
L,beginning to breeze (1)
M,beginning to come up (1)
N,beginning to get stronger (1)
O,beginning to pick up (1)
P,beginning to rise (1)
Q,being high (1)
R,blowing harder (76)
S,blowing heavier (1)
T,blowing stronger (6)
U,blowing up (5)
V,blowing up a cloud (1)
W,blowing up a rain (1)
X,blowing up a storm (4)
Y,blustering (1)
Z,breezing up (1)
aa,building (7)
ab,building up (11)
ac,changing (4)
ad,coming more harder (1)
ae,coming up (24)
af,coming up harder (1)
ag,coming up strong (1)
ah,developing (2)
ai,freshened up (1)
aj,freshening (2)
ak,freshening up (1)
al,gaining (1)
am,gaining speed (1)
an,gathering (1)
ao,gets high (1)
ap,gets higher (2)
aq,gets stronger (1)
ar,getting bad (1)
as,getting bigger (1)
at,getting faster (1)
au,getting gusty (4)
av,getting harder (11)
aw,getting harder and harder (2)
ax,getting heavier (1)
ay,getting high (10)
az,getting higher (16)
ba,getting more windy (1)
bb,getting rough (3)
bc,getting rougher (2)
bd,getting stiffer (1)
be,getting stormy (2)
bf,getting stouter (3)
bg,getting strong (9)
bh,getting stronger (52)
bi,getting stronger and stronger (1)
bj,getting swift (1)
bk,getting up (30)
bl,getting worse (4)
bm,getting worse and worser (1)
bn,getting worser (1)
bo,goes to blowing (1)
bp,going to blow up rain (1)
bq,gone to blowing (1)
br,gushed up (1)
bs,gusting (8)
bt,gusting up (2)
bu,has come up (1)
bv,has raised (1)
bw,has risen (2)
bx,higher and higher (1)
by,increasing (51)
bz,increasing its velocity (1)
ca,kicking up (1)
cb,made a sudden change (1)
cc,making up for a storm (1)
cd,picking up (163)
ce,picking up speed (6)
cf,picking up strength (2)
cg,picks up strength (1)
ch,raising (5)
ci,raising up (1)
cj,rises (1)
ck,rising (115)
cl,rising higher (1)
cm,rising up (2)
cn,riz (2)
co,rose (1)
cp,shifting (2)
cq,speeding up (1)
cr,springed up (1)
cs,started blowing (1)
ct,starting (1)
cu,starting to blow (5)
cv,starting to blow harder (1)
cw,starting to pick up (1)
cx,stirring (4)
cy,stirring up (1)
cz,strengthening (1)
da,stronger (1)
db,tightening up (1)
dc,whipping up (2)
dd,whipping up a breeze (1)
de,whipping up a gale (1)
df,worser (1)
