Code,Response
A,abating (5)
B,backing off (2)
C,basing down (1)
D,blowing away (1)
E,blowing less (1)
F,blowing out (2)
G,breaking (1)
H,breaking down (1)
I,breaking off (1)
J,calming (25)
K,calming down (128)
L,ceased blowing (2)
M,ceaseded (5)
N,ceaseded down (2)
O,ceaseding down (1)
P,ceasing (61)
Q,ceasing down (3)
R,ceasing to blow (1)
S,changing (again) (2)
T,clearing up [sic] (2)
U,coming down (1)
V,deceasing (2)
W,decreasing (23)
X,diminishing (10)
Y,dissipating (1)
Z,dropping (5)
aa,drying down [sic] (1)
ab,dwindling (1)
ac,dwindling out (1)
ad,dying (17)
ae,dying away (14)
af,dying down (147)
ag,dying off (1)
ah,dying out (8)
ai,easing (3)
aj,easing off (2)
ak,easing up (7)
al,ending (2)
am,fairing off [sic] (2)
an,falling (5)
ao,falling off (1)
ap,getting a calm spell (1)
aq,getting better (1)
ar,getting breezier [sic] (1)
as,getting calm (and still) (11)
at,getting lighter (5)
au,getting low (1)
av,getting lower (1)
aw,getting mild (2)
ax,getting milder (2)
ay,getting on weaker (1)
az,getting quiet (1)
ba,getting quieter (1)
bb,getting settled (1)
bc,getting slower (2)
bd,getting softer (1)
be,getting still (4)
bf,getting weak (2)
bg,getting weaker (8)
bh,giving away (1)
bi,going away (2)
bj,going down (11)
bk,going on down (1)
bl,gone (wind) (1)
bm,having a calm (1)
bn,laying (75)
bo,laying down (4)
bp,lessening (3)
bq,letting off (1)
br,letting up (33)
bs,lifting (1)
bt,lightening (1)
bu,lightening down (1)
bv,lightening up (4)
bw,low wind (1)
bx,"lull, a (2)"
by,lulling (4)
bz,lulling down (2)
ca,lying (9)
cb,lying down (1)
cc,lying low (1)
cd,moderating (1)
ce,moderating down (1)
cf,over (4)
cg,passing off (1)
ch,passing on off (1)
ci,playing out (1)
cj,quietening (1)
ck,quietening down (6)
cl,quieting (3)
cm,quieting down (12)
cn,quieting off (2)
co,quit blowing (3)
cp,quitting (3)
cq,receding (3)
cr,settling (6)
cs,settling down (11)
ct,shifting (1)
cu,slackening (rain) (1)
cv,slacking off (6)
cw,slacking up (3)
cx,stilled (p.p.) (1)
cy,slowing (1)
cz,slowing down (35)
da,stopping (5)
db,stopping blowing (3)
dc,subsiding (15)
dd,tailing off (1)
de,tapering off (2)
df,weakening (3)
