Code,Response
A,crusted over (2)
B,double-freeze [v.] (1)
C,friz over (2)
D,frosted over (1)
E,froze (283)
F,froze all over (1)
G,froze around the edges (2)
H,froze dry (1)
I,froze off (1)
J,froze out (1)
K,froze over (356)
L,froze over solid (1)
M,froze over with ice (1)
N,froze plumb over (1)
O,froze solid (5)
P,froze up (64)
Q,iced (2)
R,iced over (26)
S,iced up (6)
T,iceded (1)
U,partially froze (2)
V,ponded up (1)
W,skimmed (2)
X,skimmed over (8)
Y,skimping over (1)
