Code,Response
A,air's got a edge on it (1)
B,airish (72)
C,airy (5)
D,bad chilly (1)
E,balmy (3)
F,balmy weather (1)
G,bracing (1)
H,brisk (39)
I,brisk morning (2)
J,brisk weather (1)
K,brisky (3)
L,"chill, a (2)"
M,chillier (2)
N,chillish (1)
O,chilly (437)
P,chilly day (3)
Q,chilly morning (2)
R,chilly night (1)
S,chilly weather (1)
T,cool (203)
U,cool air (1)
V,cool clear morning (1)
W,cool day (2)
X,cool morning (3)
Y,cool night (1)
Z,cool weather (2)
aa,cool spell (2)
ab,cooler (12)
ac,coolish (1)
ad,coolly (1)
ae,crisp (15)
af,crisp day (1)
ag,crispy (2)
ah,crispy weather (1)
ai,damp (2)
aj,edgy (2)
ak,exhilarating (1)
al,fall-like (1)
am,fallish (1)
an,fine (1)
ao,fine morning (2)
ap,foggy-like (1)
aq,fresh (4)
ar,fresh air (1)
as,freshet (1)
at,frisky (2)
au,frisky morning (1)
av,frosty (5)
aw,frosty morning (2)
ax,getting an edge (1)
ay,good brisk frosty morning (1)
az,good weather (1)
ba,invigorating (2)
bb,March weather (1)
bc,mild (7)
bd,nice (6)
be,nice brisk morning (1)
bf,nice cool morning (1)
bg,nice day (2)
bh,nice weather (1)
bi,"nip, a (1)"
bj,nip in the air (1)
bk,nippy (59)
bl,nippy morning (1)
bm,penetrating (1)
bn,pinching (1)
bo,pinchy (3)
bp,pleasant (18)
bq,pleasant day (1)
br,pleasant morning (1)
bs,pleasant weather (1)
bt,refreshing (1)
bu,sharp (5)
bv,snappish (1)
bw,snappy (19)
bx,snappy cold (1)
by,springy (1)
bz,zesty (1)
