Code,Response
A,bad frost (2)
B,bad hard freeze (1)
C,big freeze (4)
D,big frost (21)
E,biting frost (1)
F,black frost (6)
G,blight frost (1)
H,first frost (1)
I,fog (=frost) (1)
J,freeze (n.) (226)
K,freeze frog [sic] (1)
L,freeze time (1)
M,"freezing, a (1)"
N,freezing weather (2)
O,frost (n.) (610)
P,frost (v.) (7)
Q,frost cold (1)
R,frost freeze (1)
S,frosty (adj.) (4)
T,frosty morning (1)
U,frosty night (1)
V,good frost (2)
W,half froze (1)
X,hard freeze (53)
Y,harder freeze (1)
Z,hard frost (3)
aa,heavy (3)
ab,heavy freeze (2)
ac,heavy frost (53)
ad,hoarfrost (5)
ae,hoary frost (4)
af,Jack Frost (=type of frost) (21)
ag,killer-diller (1)
ah,killing freeze (2)
ai,killing frost (76)
aj,late freeze (1)
ak,late frost (1)
al,light (3)
am,light freeze (20)
an,light frost (55)
ao,nipping frost (1)
ap,ordinary frost (1)
aq,overnight freeze (1)
ar,partial freeze (1)
as,partially freeze (1)
at,severe freeze (1)
au,severe frost (1)
av,slight freeze (1)
aw,small freeze (1)
ax,terrible freeze (1)
ay,touch of frost (1)
az,white frost (9)
