Code,Response
A,almost too dry (1)
B,arid (1)
C,drought (669)
D,drought weather (1)
E,dry (adj.) (17)
F,dry (n.) (2)
G,dry drought (1)
H,dry graft [?] (1)
I,dry hot spell (1)
J,dry period (2)
K,dry season (13)
L,dry spell (389)
M,dry spell of weather (1)
N,dry streak (2)
O,dry summer (1)
P,dry time (3)
Q,dry weather (45)
R,dry year (1)
S,"few dry days, a (1)"
T,hard dry spell of weather (1)
U,hot dry spell (1)
V,little drought (2)
W,long drought (3)
X,long dry period (1)
Y,long dry spell (13)
Z,mighty dry (2)
aa,miserable weather (1)
ab,need some rain (1)
ac,plumb dry (1)
ad,rather dry (1)
ae,real dry (1)
af,real dry spell (1)
ag,real dry weather (1)
ah,secheresse (F) (2)
ai,severe drought (2)
aj,short drought (2)
ak,short dry spell (1)
al,terrible dry spell (1)
am,turned off so dry (1)
an,very dry spell (1)
