Code,Response
A,amble irons (1)
B,andirons (319)
C,anvils (1)
D,chenet (F) (1)
E,chenille (F) (1)
F,dog fire (1)
G,dog firedogs (1)
H,dog horns (1)
I,dog irons (290)
J,dog sticks (1)
K,dogs (49)
L,fire dogs (210)
M,fire horses (2)
N,fire irons (48)
O,fire logs (1)
P,fire or log holders (1)
Q,fire rack (1)
R,fireplace dogs (1)
S,fireplace irons (2)
T,firewood blocks (1)
U,firewood dogs (1)
V,granite dogs (1)
W,gridirons (1)
X,handirons (7)                (1)
Y,hearth (1)
Z,horse (3)
aa,hounds (1)
ab,iron bars (2)
ac,iron block (1)
ad,iron dogs (4)
ae,iron firedogs (1)
af,iron horses (1)
ag,iron thingamajig (1)
ah,iron things (1)
ai,irons (26)
aj,ironstones (1)
ak,jambs (1)
al,Kamin Eisen (G) (1)
am,la parilla (S) (1)
an,little black things
ao,log dogs (2)
ap,log irons (2)
aq,metal stand (1)
ar,out irons (1)
as,rack (3)
at,(set of) jacks (1)
au,stand (4)
av,stand irons (1)
aw,trestles (1)
ax,wood dog (3)
ay,wood holders (1)
az,wood irons (1)
