Code,Response
A,brick chimley (8)
B,brick chimney (8)
C,cat and clay (chimney) (1)
D,cat chimley (1)
E,cattail chimley (2)
F,cheminee (1)
G,chimenea (1)
H,chimley (390)
I,chimney (511)
J,chimney funnel (1)
K,chimney piece (1)
L,chink chimney (1)
M,clay chimley (1)
N,clay chimney (1)
O,coal-burning chimley (1)
P,dirt and stick chimley (1)
Q,dirt chimley (11)
R,dirt chimney (2)
S,double chimley (6)
T,double chimney (4)
U,double stack chimley (1)
V,double-fireplace chimley (1)
W,hay chimley (1)
X,(lamp) chimley (2)
Y,mud and stick chimney (1)
Z,mud chimley (3)
aa,mud chimney (4)
ab,one-end chimney (1)
ac,rock chimley (8)
ad,rock chimney (2)
ae,semi-brick chimley (1)
af,smokestack (=chimney) (1)
ag,stack (1)
ah,stack chimley (19)
ai,stack chimney (8)
aj,stick and clay chimney (2)
ak,stick and daub chimley (1)
al,stick and dirt chimley (14)
am,stick and dirt chimney (1)
an,stick and mud chimley (1)
ao,stick and mud chimney (1)
ap,stone chimney (1)
aq,(stove) chimley (1)
ar,(stove) chimney (1)
as,straw and dirt (chimney) (1)
at,thatch chimley (1)
au,two-stack chimnley (1)
