Code,Response
A,arch (1)
B,arch rock (1)
C,board (6)
D,chimenea (1)
E,chimney (1)
F,chimney breast (1)
G,chimney shelf (2)
H,chimneypiece (1)
I,clock shelf (1)
J,fire mantel (2)
K,fire shelf (2)
L,fireboard (72)
M,fireplace mantel (1)
N,fireplace shelf (1)
O,la corniche (1)
P,ledge (1)
Q,mantel (567)
R,mantel board (54)
S,mantel log (1)
T,mantel place (1)
U,manteling (1)
V,mantelpiece (242)
W,mantelshelf (36)
X,manteltree (1)
Y,medicine shelf (1)
Z,oak (1)
aa,shelf (62)
ab,shelf mantel (2)
ac,shelf over the fireplace (1)
ad,stone mantel (1)
ae,whatnot shelf (2)
af,wooden mantel (1)
