Code,Response
A,black pine knots (1)
B,burrs (1)
C,cedar (3)
D,cedar kindling (1)
E,cedar shavings (1)
F,cedar shingles (1)
G,cedar splinters (1)
H,chip kindling (1)
I,chips (38)
J,chips of wood (1)
K,chunks of wood (1)
L,cypress (4)
M,cypress chips (1)
N,cypress kindling (1)
O,cypress shingles (1)
P,cypress wood (1)
Q,dead pine (1)
R,deadwood (1)
S,driftwood (2)
T,dross (1)
U,dry cedar (1)
V,dry chips (1)
W,dry hardwood (1)
X,dry kindling (6)
Y,dry wood (3)
Z,fat (1)
aa,fat chips (1)
ab,fat kindling (4)
ac,fat kindling wood (1)
ad,fat lighter (4)
ae,fat lighter splinters (1)
af,fat lighter wood (1)
ag,fat lighterd (39)
ah,fat lighterd limbs (1)
ai,fat lighterd pine (2)
aj,fat lighterd pinewood (1)
ak,fat lighterd splinters (9)
al,fat lighterd wood (1)
am,fat lightwood (8)
an,fat lightwood splinters (1)
ao,fat piece of lighterd (1)
ap,fat pine (41)
aq,fat pine splinters (2)
ar,fat pinewood (1)
as,fat splinters (8)
at,fatty wood (1)
au,fatwood (34)
av,fatwood pine (1)
aw,fatwood tinder (1)
ax,fine pine kindling (1)
ay,fine wood (1)
az,fire kindling (1)
ba,firewood (22)
bb,heart of pine (3)
bc,heart of the pine (2)
bd,hearts (2)
be,huisache wood (1)
bf,kindle (n.) (1)
bg,kindle wood (2)
bh,kindling (578)
bi,"kindling-like, a (2)"
bj,kindling pieces (1)
bk,kindling pine (1)
bl,kindling splinters (1)
bm,kindling wood (52)
bn,kindlings (5)
bo,knots (4)
bp,knotty pine (1)
bq,lena (1)
br,light piece of wood (1)
bs,light pieces (1)
bt,lighter (20)
bu,lighter knots (17)
bv,lighter pine (1)
bw,lighter wood (11)
bx,lighterd (110)
by,lighterd heart (1)
bz,lighterd knots (43)
ca,lighterd pine (5)
cb,lighterd splinters (9)
cc,lighterd wood (7)
cd,lighting wood (2)
ce,lightning (1)
cf,lightning wood (1)
cg,lightwood (97)
ch,lightwood kindling (1)
ci,little chips of pine (1)
cj,little pieces of pine (1)
ck,little stuff (1)
cl,little wood (4)
cm,lumps (1)
cn,madera (1)
co,mesquite (4)
cp,pebbles (1)
cq,pecan limbs (1)
cr,piece of lighter (2)
cs,pine (89)
ct,pine chips(2)
cu,pine fat (1)
cv,pine hearts (1)
cw,pine kindling (4)
cx,pine knots (64)
cy,pine lighter (1)
cz,pine lighterd (1)
da,pine resin (2)
db,pine richerd (1)
dc,pine shavings (2)
dd,pine splinters (6)
de,pine sticks (1)
df,pine tar (1)
dg,pinewood (11)
dh,pitch (2)
di,pitch pine (3)
dj,pitch wood (1)
dk,pulp (1)
dl,pure fatwood (1)
dm,pure rich-pine (1)
dn,red cedar (1)
do,resin (8)
dp,resin lighterd knots (1)
dq,resin pine (1)
dr,rich (n.) (1)
ds,rich kindling (1)
dt,rich lighterd (5)
du,rich lighterd pine (1)
dv,rich lighterd splinters (1)
dw,rich piece of pine (1)
dx,rich pine splinters (1)
dy,rich pinewood (1)
dz,rich resin pine (1)
ea,rich splinters (2)
eb,rich wood (3)
ec,rich-pine (43)
ed,rich-pine knots (2)
ee,richerd (1)
ef,rose-comb lighterd knot (1)
eg,scrap wood (1)
eh,shavings (19)
ei,shingles (1)
ej,slits of pine (1)
ek,small kindling (1)
el,small sticks of wood (2)
em,small stuff (1)
en,small wood (6)
eo,soft pine (1)
ep,splinter lighterd (1)
eq,splinter wood (2)
er,splinters (105)
es,splinters (of) firewood (1)
et,splinters of pinewood (1)
eu,splints (2)
ev,starter (2)
ew,starting wood (1)
ex,sticks (1)
ey,straight-grain wood (1)
ez,stuff (1)
fa,tar lighterd (1)
fb,tinder (7)
fc,tinderwood (1)
fd,turpentine chips (1)
fe,twigs (5)
ff,white pinewood (1)
fg,wood (10)
fh,wood chips (3)
fi,wood shavings (1)
