Code,Response
A,armoire (102)
B,"armoire, un [F] (4)"
C,bureau (=wardrobe) (7)
D,bedroom safe (1)
E,cabinet (9)
F,caboose (=wardrobe) (1)
G,cedar cabinet (1)
H,cedar chest (8)
I,cedar chifforobe (2)
J,cedar closet (4)
K,(cedar)robe (1)
L,cedarrobe (16)
M,cedar wardrobe (2)
N,chest (=wardrobe) (3)
O,chiffonette (1)
P,chiffonier (6)
Q,chiffonrobe [chiffonier +
R,chifforobe (327)
S,closet (=wardrobe) (10)
T,clothes cabinet (2)
U,clothes chest (=wardrobe) (6)
V,clothes closet (15)
W,clothes rack (=wardrobe) (5)
X,clothes shelves (=wardrobe) (2)
Y,clothespress (16)
Z,cupboard (4)
aa,dresser (=wardrobe) (1)
ab,divan (=wardrobe) (1)
ac,hanging robe (1)
ad,highboy (2)
ae,high top (1)
af,homemade closet (1)
ag,homemade clothespress (1)
ah,Kleiderschrank [G] (1)
ai,man's robe (3)
aj,portable closet (2)
ak,press (1)
al,quilt pack (1)
am,rack (4)
an,robe (=wardrobe) (1)
ao,roll-around closet (1)
ap,ropero [S] (1)
aq,safe closet (1)
ar,Schrank [G] (2)
as,standing trunk (1)
at,storage closet (1)
au,tall boy (1)
av,tally (1)
aw,wardrobe (451)
ax,wardrobe chest (1)
ay,wardrobe closet (1)
az,wardrobe trunk (1)
ba,wardroom (1)
