Code,Response
A,attic (1)
B,back bedroom (10)
C,back room (3)
D,bedchamber (1)
E,bedroom (728)
F,best bedroom (1)
G,boudoir (1)
H,boys' bedroom (1)
I,chamber (3)
J,family bedroom (1)
K,family room (1)
L,fireroom (1)
M,front bedroom (7)
N,front room (4)
O,guest bedroom (7)
P,guest room (5)
Q,master bedroom (10)
R,middle bedroom (3)
S,my room (2)
T,parents' bedroom (1)
U,shed bedroom (1)
V,shed room (3)
W,side room (3)
X,sleeping alcove (1)
Y,sleeping area (1)
Z,sleeping gallery (1)
aa,sleeping porch (7)
ab,sleeping room (14)
ac,slumber chamber (1)
ad,upstairs bedroom (1)
