Code,Response
A,bedroom furnishing (1)
B,bedroom furniture (3)
C,bedroom suite (14)
D,dining-room furniture (1)
E,dining-room suite (2)
F,furnishings (15)
G,furniture (660)
H,furniture set (1)
I,house fixings (4)
J,house fixtures (1)
K,house furnishings (1)
L,house furniture (3)
M,house plunder (6)
N,household belongings (1)
O,household effects (1)
P,household furnishing (3)
Q,household furniture (2)
R,household goods (7)
S,household supplies (1)
T,household things (1)
U,kitchen furniture (1)
V,living-room furniture (12)
W,living-room set (1)
X,living-room suite (9)
Y,muebles (S) (1)
Z,outfit (1)
aa,plunder (15)
ab,set of furniture (1)
ac,suite (2)
ad,suite of furniture (4)
ae,yard furniture (1)
