Code,Response
A,bamboo couch (1)
B,bed couch (1)
C,bed sofa (1)
D,bunk (=sofa) (1)
E,campaign sofa (1)
F,chesterfield (4)
G,cot (=sofa) (1)
H,couch (516)
I,davender (1)
J,davenette (43)
K,davenport (140)
L,daybed (18)
M,divan (129)
N,do-for (8)
O,double-bed couch (1)
P,fainting couch (3)
Q,flopper (1)
R,foldaway bed (1)
S,folding couch (1)
T,French sofa (1)
U,granddaddy (1)
V,hideaway (2)
W,hideaway bed (7)
X,horsehair couch (1)
Y,horsehair sofa (1)
Z,Irish sofa (1)
aa,little sofa (=love seat) (1)
ab,living-room couch (1)
ac,lounge (40)
ad,love chair (1)
ae,love seat (124)
af,lovers' seat (1)
ag,sectional (3)
ah,sedan [sic] (1)
ai,settee (206)
aj,settee bed (1)
ak,settee chair (=couch) (1)
al,settle (1)
am,short couch (1)
an,sleeper (1)
ao,sleeper couch (1)
ap,sleeping couch (1)
aq,sleigh bed (1)
ar,sofa (653)
as,sofa (F) (2)
at,sofa (S) (1)
au,sofa bed (10)
av,sofa chair (2)
aw,sofa lounge (1)
ax,studio (=studio couch) (1)
ay,studio cot (2)
az,studio couch (15)
ba,velvet sofa (1)
bb,Victorian love seat (1)
