Code,Response
A,air space (1)
B,attic (646)
C,attic room (5)
D,attic space (3)
E,basement [sic] (1)
F,ceiling (=attic) (1)
G,chimley (=attic) (1)
H,cock loft (1)
I,crawl space (1)
J,doghouse (3)
K,dormer room (2)
L,full attic (1)
M,garret (11)
N,garret loft (3)
O,grenier (F) (1)
P,gutter (=garret) (1)
Q,half story (2)
R,junk room (1)
S,loft (218)
T,loft overhead (1)
U,loft room (1)
V,open attic (1)
W,overhead (1)
X,room upstairs (1)
Y,scuttle hole (2)
Z,scuttling hole (1)
aa,second floor (1)
ab,shed room (1)
ac,sky parlor (1)
ad,"space, the (1)"
ae,stand-up attic (1)
af,storage attic (1)
ag,storage room (2)
ah,storage space (1)
ai,top of the house (2)
aj,upper room (1)
ak,upstairs (44)
al,upstairs apartment (1)
am,upstairs attic (1)
an,upstairs building (1)
ao,upstairs room (2)
ap,walk-up attic (1)
