Code,Response
A,antique chest (1)
B,bedroom safe (1)
C,built-in dresser (1)
D,bureau (166)
E,bureau drawer(s) (5)
F,cedarrobe (5)
G,chest (70)
H,chest in drawers (1)
I,chest of [sic] (1)
J,chest of drawers (450)
K,chest on chest (1)
L,chest with drawers (1)
M,chester (7)
N,chester drawers (1)
O,chiffonier (27)
P,chifforobe (101)
Q,clothes chest (1)
R,clothes drawer (1)
S,clothespress (1)
T,comoda (S) (1)
U,commode (2)
V,convenience (1)
W,drawers [sic] (4)
X,dresser (574)
Y,dresser drawer(s) (19)
Z,dresserette (1)
aa,dressing table (11)
ab,gentleman's chifforobe (1)
ac,highball (1)
ad,highboy (16)
ae,lingerie chest (1)
af,lowboy (3)
ag,marble-top dresser (2)
ah,nightstand (7)
ai,nine-drawer dresser (1)
aj,old-time dresser (1)
ak,safe (2)
al,sideboard [sic] (4)
am,toilette (F) (1)
an,triple dresser (3)
ao,vanity (22)
ap,vanity chest (1)
aq,vanity dresser (3)
ar,wardrobe (=chest) (1)
as,wash table (1)
at,washstand (47)
au,washstand dresser (1)
av,window dresser (1)
