Code,Response
A,(ac)cumulation (1)
B,antique furniture (1)
C,antique stuff (4)
D,antique trash (1)
E,antique/antiques (38)
F,attic junk (1)
G,bad junk (1)
H,bric-a-brac (=junk) (2)
I,bunch of junk (4)
J,bunch of trash (1)
K,cast-off furniture (1)
L,crap (2)
M,debarrasser [F] (1)
N,discard/discards (3)
O,discarded stuff (1)
P,Early Attic [facetious] (1)
Q,family heirlooms [facetious] (1)
R,fatras (=trash) [F] (1)
S,garbage (29)
T,gewgaws (1)
U,good junk (2)
V,heirlooms (1)
W,junk (577)
X,junk and stuff (1)
Y,junk furniture (1)
Z,junk lumber (1)
aa,junk stuff (2)
ab,keepsakes (2)
ac,knickknack stuff (1)
ad,little dab of junk (1)
ae,lot of junk (2)
af,mess (2)
ag,no-for-good junk (1)
ah,no-good stuff (1)
ai,odds and ends (9)
aj,old antiques (1)
ak,old antiques and things (1)
al,old antique stuff (2)
am,old junk (11)
an,old junk and stuff (1)
ao,old junk whatnot (1)
ap,old plunder (3)
aq,old relics (1)
ar,old rubbish (1)
as,old stuff (5)
at,old things (1)
au,pack-rat stuff (1)
av,pack-rat things (1)
aw,piece of things [sic] (1)
ax,pile of junk (1)
ay,plunder (61)
az,relics (6)
ba,rubbish (20)
bb,rummage (=junk) (9)
bc,salvage stuff (1)
bd,scrap/scraps (4)
be,stuff (10)
bf,surplus junk (1)
bg,things (1)
bh,this and that (1)
bi,throwaway junk (1)
bj,throwaways (3)
bk,trash (83)
bl,treasures (2)
bm,waste (1)
bn,white elephants (1)
bo,wore-out/worn-out furniture (3)
bp,worthless junk (1)
