Code,Response
A,anteroom (1)
B,antique room (1)
C,attic (32)
D,back porch (2)
E,backroom (1)
F,barn (2)
G,barn dairy room (1)
H,basement (11)
I,big room (1)
J,boxroom (1)
K,carport (1)
L,catchall (6)
M,catchall place (1)
N,catchall room (6)
O,cellar (4)
P,chambre (de) debarras (F) (1)
Q,closet (12)
R,collect all (1)
S,cookhouse (1)
T,cornhouse (1)
U,cotton shed (1)
V,crib (2)
W,den (2)
X,devil's den (1)
Y,extra house (1)
Z,fruit room (1)
aa,garage (17)
ab,garage closet (1)
ac,garbage house (1)
ad,garret (1)
ae,garret loft (1)
af,glory hole (1)
ag,junk collector (1)
ah,junk corner (1)
ai,junk heap (1)
aj,junk hole (1)
ak,junk house (50)
al,junk pile (4)
am,junk place (2)
an,junk room (300)
ao,junk shop (1)
ap,junkyard (3)
aq,kickhole (1)
ar,laundry room (2)
as,little room (2)
at,locker (1)
au,locker room (1)
av,loft (5)
aw,lumber room (5)
ax,meal room (1)
ay,meat house (1)
az,no-good room (1)
ba,Noah's Ark (1)
bb,old kitchen (1)
bc,old room (1)
bd,outbuilding (2)
be,outhouse (11)
bf,pack room (1)
bg,packhouse (2)
bh,packinghouse (1)
bi,pantry (5)
bj,playroom (1)
bk,plunder house (4)
bl,plunder porch (1)
bm,plunder room (43)
bn,pump house (2)
bo,rubbish room (1)
bp,rummage room (2)
bq,Rumpelkammer (G) (2)
br,rumpus room (1)
bs,salvage room (1)
bt,scrap pen (1)
bu,sewing room (3)
bv,shed (8)
bw,shed room (2)
bx,Siberia (1)
by,side closet (1)
bz,side room (9)
ca,smokehouse (25)
cb,spare room (2)
cc,storage area (1)
cd,storage building (1)
ce,storage closet (6)
cf,storage house (13)
cg,storage place (1)
ch,storage room (125)
ci,storage section (1)
cj,storage space (1)
ck,store closet (1)
cl,storehouse (4)
cm,storehouse place (1)
cn,storeroom (109)
co,stowaway (1)
cp,stowaway house (1)
cq,syrup house (1)
cr,tool shed (1)
cs,trash room (1)
ct,trash-catching place (1)
cu,trunk room (1)
cv,utility room (54)
cw,wagon shed (1)
cx,well house (1)
cy,woodhouse (1)
cz,woodshed (1)
da,workshop (2)
