Code,Response
A,back steps (1)
B,backstairs (2)
C,disappearing stair (1)
D,flight of stairs (6)
E,flight of steps (1)
F,front stairs (1)
G,front steps (1)
H,hall steps (1)
I,inside stairs (4)
J,inside stairway (4)
K,set of stairs (2)
L,set of stairway (1)
M,staircase (46)
N,staircasing (1)
O,stairs (388)
P,stairsteps (89)
Q,stairway (250)
R,stairwell (7)
S,steps (143)
T,winding staircase (1)
U,winding stairsteps (1)
V,winding steps (1)
aa,back doorstep (1)
ab,back stairway (1)
ac,back steps (7)
ad,backstairs (3)
ae,doorstep(s) (61)
af,fire escape (10)
ag,fire stairs (1)
ah,front doorstep (2)
ai,front stairway (1)
aj,front steps (15)
ak,front stoop (1)
al,ground steps (1)
am,outdoor spiral stairs (1)
an,outdoor staircase (2)
ao,outdoor stairs (1)
ap,outdoor stairway (1)
aq,outdoor steps (1)
ar,outside staircase (1)
as,outside stairs (21)
at,outside stairway (11)
au,outside steps (2)
av,pair of steps (3)
aw,porch steps (2)
ax,round spindle stairway (1)
ay,spiral staircase (1)
az,staircase (3)
ba,stairs (56)
bb,stairsteps (13)
bc,stairway (24)
bd,steps (421)
be,stoop (=steps) (4)
bf,wooden steps (1)
