Code,Response
A,airplane sleeping porch (1)
B,attic porch (1)
C,back gallery (5)
D,back piazza (1)
E,back porch (312)
F,back shed (1)
G,back stoop (2)
H,balcon (F) (1)
I,balcony (126)
J,balcony porch (2)
K,circle porch (1)
L,country-farmhouse porch (1)
M,covered porch (1)
N,cupola (2)
O,cupola porch (1)
P,deck (11)
Q,door porch (1)
R,doorstep (3)
S,double gallery (1)
T,double porch (2)
U,downstairs porch (2)
V,dust catcher (1)
W,ell porch (5)
X,entrance (1)
Y,entrance porch (1)
Z,entrance porch way (1)
aa,entry (2)
ab,flat porch (2)
ac,flatform (2)
ad,freeze out (1)
ae,front gallery (8)
af,front porch (305)
ag,front shed (1)
ah,front stoop (6)
ai,front veranda (2)
aj,galeria (S) (2)
ak,galerie (F) (7)
al,Galerie (G) (1)
am,gallery (208)
an,garret (2)
ao,goge [gallery+loge?] (1)
ap,half porch (1)
aq,hangover (1)
ar,hip-roof porch (1)
as,kitchen porch (4)
at,L-shaped porch (3)
au,landing (4)
av,lean-to (1)
aw,lean-to porch (2)
ax,lounge (1)
ay,lower gallery (1)
az,middle porch (1)
ba,open porch (7)
bb,outdoor sitting room (1)
bc,parlor (1)
bd,piazza (70)
be,platform (2)
bf,porch (679)
bg,porch-like (1)
bh,porch-type thing (1)
bi,portico (22)
bj,rain porch (1)
bk,rear porch (2)
bl,round porch (3)
bm,screen porch (29)
bn,screen-in (1)
bo,screened back porch (1)
bp,screened porch (6)
bq,screened-in back porch (3)
br,screened-in front porch (2)
bs,screened-in porch (31)
bt,screened-in room (1)
bu,screened-in side porch (1)
bv,second-floor gallery (1)
bw,second-floor porch (1)
bx,second-story porch (4)
by,shed (4)
bz,shed porch (1)
ca,side gallery (1)
cb,side porch (24)
cc,side screen porch (1)
cd,sit-out (1)
ce,sleeping porch (23)
cf,Southern-style porch (1)
cg,step-down (1)
ch,step-out (1)
ci,steps (1)
cj,stoop (101)
ck,sun deck (10)
cl,sun parlor (3)
cm,sun porch (23)
cn,sun room (1)
co,suspended porch (1)
cp,two-deck porch (1)
cq,two-story porch (2)
cr,up-and-down back porch (1)
cs,up-and-down front porch (1)
ct,upper gallery (1)
cu,upper porch (2)
cv,upstairs balcony (1)
cw,upstairs floor (3)
cx,upstairs piazza (1)
cy,upstairs porch (31)
cz,utility porch (1)
da,veranda (154)
db,walk-out porch (1)
dc,well porch (2)
dd,widow's perch (1)
de,widow's walk (1)
df,wraparound porch (1)
