Code,Response
A,anteroom (1)
B,back room (2)
C,"boutique, la [F] (1)"
D,broom closet (1)
E,buffet [closet] (1)
F,built-in closet (1)
G,built-in storage area (1)
H,butler's (=butler's pantry) (1)
I,butler's pantry (8)
J,cabin [room] (1)
K,cabin(et) (1)
L,cabinet (=pantry) (3)
M,can house (=pantry) (2)
N,can room (1)
O,closet (26)
P,cupboard (=pantry) (12)
Q,depense (=pantry) [F] (1)
R,despensa [S] (1)
S,extra room (1)
T,food closet (3)
U,fruit closet (1)
V,garde-manger [F] (1)
W,grocery bin [room] (1)
X,grocery room (3)
Y,keeping room (1)
Z,kind of a pantry thing (1)
aa,kitchen cabinet [closet] (1)
ab,kitchen closet (21)
ac,kitchen cupboard (1)
ad,kitchen pantry (2)
ae,larder (4)
af,locker (=closet) (2)
ag,meal room (6)
ah,outer pantry (1)
ai,pantr(y) (1)
aj,pantry (576)
ak,pantry room (4)
al,room (2)
am,safe [room] (1)
an,side room (2)
ao,side storage room (1)
ap,storage closet (3)
aq,storage place (2)
ar,storage room (33)
as,storeroom (34)
at,stowaway closet (1)
au,utensil room (1)
av,utility (closet) (1)
aw,utility pantry (1)
ax,utility room (19)
ay,walk-in pantry (3)
