Code,Response
A,adjust things (1)
B,brush [it] out (2)
C,brush up the house (1)
D,chores (12)
E,clean [the house] (235)
F,clean around (1)
G,clean day (1)
H,clean [it] off (1)
I,clean [it] out (6)
J,clean up [the house]/ (317)
K,cleaning day (1)
L,clear this out (1)
M,daily chores (2)
N,dirty work (1)
O,do [the] chores (9)
P,do [the] cleaning (3)
Q,do [the] housecleaning (2)
R,do the housekeeping (1)
S,do [the] housework (17)
T,do the sweeping (1)
U,do the work (1)
V,do up her house (1)
W,do your house (1)
X,dress my house (1)
Y,"dust [it, etc.] (16)"
Z,dust around (1)
aa,fall cleaning (1)
ab,fix it like she wants (1)
ac,fool around (1)
ad,general cleanup (1)
ae,get all the junk out of it (1)
af,get the house cleaned up (1)
ag,get this house in order (1)
ah,give it a work over (1)
ai,go about her daily duty (1)
aj,go over some of the rooms (1)
ak,go over the house with a dust mop
al,house chores (1)
am,house sweeping (n.) (1)
an,houseclean/ing (37)
ao,household chores (1)
ap,household duties (1)
aq,housekeep/ing (9)
ar,housework/ed (35)
as,housework chores (1)
at,keep [the] house (19)
au,keep [the house] clean (7)
av,look after the house (1)
aw,make the menage (F) (1)
ax,make the toilet (1)
ay,"mop [the floor, etc.] (10)"
az,mop up (2)
ba,morning chores (1)
bb,neatening up (1)
bc,neating up (1)
bd,pick the things up (1)
be,pick up [house]/pick [it] up (17)
bf,piddling (2)
bg,piddling around (2)
bh,put things in order (1)
bi,rearrange [the house](2)
bj,redd up (2)
bk,scald (2)
bl,scour (7)
bm,scrub [it] (13)
bn,scrub up (1)
bo,set the house in order (1)
bp,shovel [it] out (2)
bq,shovel-out day (1)
br,spring clean/ing (7)
bs,stir the dust (1)
bt,straighten [the house] (12)
bu,straighten out (1)
bv,straighten up [the house]/ (63)
bw,sweep [the house] (46)
bx,sweep clean (2)
by,sweep out [the house]/ (6)
bz,sweep [the house] up (10)
ca,tend to the housework (1)
cb,tidy [the house] (5)
cc,tidy up [the house]/ (31)
cd,vacuum (v.) (3)
ce,vacuum up (1)
cf,wash (v.) (2)
cg,work (v.) (1)
ch,work it over (1)
