Code,Response
A,animal shed (1)
B,backhouse (4)
C,bean house (1)
D,blacksmith shop (4)
E,boathouse (1)
F,buggy house (6)
G,buggy shed (4)
H,buggy shelter (1)
I,butchering shed (1)
J,calf shed (1)
K,car house (6)
L,car porch (1)
M,car shed (8)
N,carpenter shop (1)
O,carport (5)
P,carriage house (3)
Q,chicken house (1)
R,coal house (13)
S,coal shed (4)
T,commissary (2)
U,cook's house (1)
V,cotton house (8)
W,cotton pen (1)
X,cottonseed house (1)
Y,cow shed (1)
Z,doghouse (3)
aa,drop shed (1)
ab,dynamite shed (1)
ac,egg house (1)
ad,ell (1)
ae,equipment room (1)
af,equipment shed (2)
ag,feed room (1)
ah,fertilizer shed (1)
ai,firehouse (1)
aj,fruit house (2)
ak,fuel house (1)
al,garage (60)
am,garden-tool house (1)
an,gear house (4)
ao,gear room (3)
ap,ginhouse (2)
aq,ginhouse shelter (1)
ar,greenhouse (1)
as,harness room (2)
at,hay shed (3)
au,hothouse (2)
av,house [sic] (3)
aw,icehouse (1)
ax,implement shed (2)
ay,jelly house (1)
az,junk house (13)
ba,junk shed (3)
bb,kindling house (1)
bc,kindling room (1)
bd,kindling shed (1)
be,lean-in shed (1)
bf,lean-to (13)
bg,lean-to ell (1)
bh,lean-to shed (2)
bi,little extra house (1)
bj,little house (3)
bk,little hush mouth (1)
bl,log house (1)
bm,machine house (1)
bn,machine shed (1)
bo,maintenance shop (1)
bp,maison bois (F) (1)
bq,meat house (4)
br,metal building (1)
bs,milk house (3)
bt,milkshed (1)
bu,millhouse (1)
bv,old kitchen (1)
bw,out shed (1)
bx,outbuilding (14)
by,outdoor building (1)
bz,outdoor house (1)
ca,outdoor storage room (2)
cb,outdoor storeroom (1)
cc,outer house (1)
cd,outhouse (38)
ce,outhouse place (1)
cf,packhouse (4)
cg,packing room (1)
ch,packing shed (1)
ci,packinghouse (1)
cj,plunder house (1)
ck,plunder room (1)
cl,potato house (8)
cm,(po)tato house (2)
cn,pump house (10)
co,pump shed (1)
cp,rock house (1)
cq,root cellar (1)
cr,saddle house (1)
cs,seed house (2)
ct,separator house (1)
cu,servant's house (1)
cv,servants' quarters (1)
cw,shack (10)
cx,shanty (1)
cy,shed (226)
cz,shed house (3)
da,shed room (6)
db,sheep shed (1)
dc,shelter (10)
dd,shop (25)
de,shop house (3)
df,side room (1)
dg,side shed (2)
dh,side shelter (1)
di,slave house (2)
dj,smoke room (1)
dk,smokehouse (267)
dl,springhouse (2)
dm,storage building (1)
dn,storage house (24)
do,storage place (2)
dp,storage room (24)
dq,storage shed (7)
dr,storage shelter (1)
ds,storehouse (15)
dt,storeroom (18)
du,storm house (4)
dv,storm pit (1)
dw,stovewood house (1)
dx,stowaway house (2)
dy,sugarhouse (2)
dz,supply room (2)
ea,tack room (1)
eb,tackle room (1)
ec,tenant farmhouse (1)
ed,tenant house (2)
ee,tin house (2)
ef,tool building (2)
eg,tool shack (2)
eh,tool shed (200)
ei,tool shelter (3)
ej,tool shop (1)
ek,toolhouse (123)
el,toolroom (11)
em,toolroom house (1)
en,tractor house (2)
eo,tractor shed (9)
ep,utility (3)
eq,utility building (3)
er,utility house (10)
es,utility room (17)
et,utility shed (4)
eu,village shop (1)
ev,wagon shed (12)
ew,wagon shelter (1)
ex,warehouse (2)
ey,wash shed (4)
ez,washhouse (19)
fa,well house (6)
fb,well shed (2)
fc,west shed (1)
fd,wine room (1)
fe,wood building (1)
ff,wood shack (4)
fg,wood shelter (2)
fh,woodhouse (115)
fi,woodshed (199)
fj,work shed (3)
fk,working shop (1)
fl,workroom (3)
fm,workshop (12)
