Code,Response
A,aluminum siding (23)
B,asbestos siding (5)
C,batten(s) (7)
D,batten board(s) (3)
E,battening (1)
F,bevel siding (1)
G,beveled siding (1)
H,black boarding (1)
I,board house (3)
J,board siding (1)
K,board-and-batten (18)
L,board(s) (18)
M,boarding (1)
N,brick siding (9)
O,bunting-and-batten (1)
P,clabber board (1)
Q,clapboard(s) (82)
R,clapboard house (7)
S,clapboarding (1)
T,clapped (1)
U,corner board (1)
V,covered boards (1)
W,cypress batten (1)
X,drop edge (1)
Y,drop over (1)
Z,drop side (2)
aa,drop side lumber (1)
ab,drop siding (32)
ac,drop-siding board (1)
ad,dropped siding (1)
ae,felt siding (1)
af,gabling (1)
ag,house siding (1)
ah,hurricane siding (1)
ai,insulation board (1)
aj,lap (1)
ak,lap joints (1)
al,lap over (v.) (1)
am,lap siding (5)
an,lap wood (1)
ao,lapboarded (2)
ap,lapboard(s) (6)
aq,lapped (1)
ar,lapped siding (1)
as,lapped-over walls (1)
at,lapping (n.) (1)
au,lapping boards (1)
av,lapping sides (1)
aw,lapstrake (1)
ax,lapstrake aluminum siding (1)
ay,metal weatherboarding (1)
az,novelty boarding (1)
ba,novelty side (1)
bb,novelty siding (6)
bc,novelty weatherboarding (2)
bd,outside sealing (1)
be,outside siding (1)
bf,overlap (1)
bg,overlap siding (1)
bh,particle board (1)
bi,reweatherboard (v.) (1)
bj,rock siding (1)
bk,saddle board (1)
bl,sealing (1)
bm,sealing weatherboarding (1)
bn,sheetlap (1)
bo,shiplap(s) (49)
bp,shiplap siding (3)
bq,shiplapping (1)
br,sideboard [sic] (9)
bs,siding(s) (208)
bt,siding boards (1)
bu,siding house (1)
bv,six-inch lap board (1)
bw,slat (1)
bx,slat boards (1)
by,split siding (1)
bz,stripping (3)
ca,strips (1)
cb,V-siding (1)
cc,war blades (1)
cd,weather siding (1)
ce,weather stripping (1)
cf,weatherboard (v.) (9)
cg,weatherboard house (2)
ch,weatherboard(s) (123)
ci,weatherboarded (20)
cj,weatherboarded house (3)
ck,weatherboarding (347)
cl,weatherboarding strips (1)
cm,weatherproof (1)
cn,wide board (1)
co,wide boards and narrow boards (1)
cp,wood siding (2)
cq,wooden siding (1)
