Code,Response
A,acorn catchers (1)
B,built-in gutters (2)
C,channels (1)
D,cistern gutters (2)
E,cistern troughs (2)
F,cypress gutters (1)
G,"dalle, une (1)"
H,drain gutters (2)
I,drain lines (1)
J,drainage (4)
K,drainers (3)
L,drains (15)
M,eaves troughs (7)
N,gullies (17)
O,gutter drains (1)
P,gutter lines (1)
Q,gutter pipes (2)
R,gutter troughs (1)
S,guttering (17)
T,gutters (573)
U,half-moon gutters (1)
V,leaf catchers (1)
W,leaf troughs (1)
X,rain gutters (6)
Y,rain troughs (2)
Z,rudders (1)
aa,runnels (1)
ab,runners (1)
ac,troughs (27)
ad,valleys (6)
ae,water drainers (2)
af,water drains (3)
ag,water gutters (2)
ah,water troughs (7)
ai,wooden gutters (3)
aj,wooden troughs (2)
