Code,Response
A,alley (11)
B,angle (1)
C,channel (1)
D,comb (=valley) (1)
E,concave spot (1)
F,corner (2)
G,corner of the house (1)
H,crack (1)
I,crevice (1)
J,divider (1)
K,divider drainage (1)
L,drain (3)
M,eaves valley (1)
N,ell joint (1)
O,Giebel (G) (1)
P,groove (1)
Q,gully (7)
R,gutter [sic] (13)
S,hollow (1)
T,joint (1)
U,jointing place (1)
V,junction (1)
W,ridge row (1)
X,roof gutter (1)
Y,roof valley (1)
Z,rudder(s) (1)
aa,trench (1)
ab,triangle (1)
ac,trough (4)
ad,trough roof (1)
ae,valley (310)
af,valley roof (2)
ag,valley trough (1)
