Code,Response
A,can do (1)
B,can he do (1)
C,did he do (2)
D,did I do (2)
E,did you do (1)
F,do I (3)
G,do I do (1)
H,do they (3)
I,do they do (1)
J,do you (10)
K,do you do (5)
L,does he/she/it (33)
M,does he do (77)
N,does he does (1)
O,does you (1)
P,doesn't he do (1)
Q,don't they do (1)
R,do[V-p] he/she/it (14)
S,do[V-p] he do (11)
T,he/she/it do[V-p] (20)
U,he/she/it does (99)
V,he don't[V-p] do (1)
W,he never did do (1)
X,he'd do (1)
Y,he'll do (1)
Z,I couldn't do (1)
aa,I did do (1)
ab,I didn't do (3)
ac,I do (318)
ad,I do do (1)
ae,I does (5)
af,I don't do (8)
ag,I never did do (1)
ah,I never do do (1)
ai,I would do (1)
aj,I wouldn't do (1)
ak,I'll do (2)
al,I [X-0] do (2)
am,it doesn't do (1)
an,never did do (1)
ao,she'd do (1)
ap,they do (23)
aq,they do do (1)
ar,they/people does (10)
as,they doos (1)
at,they'd do (1)
au,we do (12)
av,we do do (1)
aw,we does (3)
ax,we don't do (1)
ay,we doos (1)
az,we'll do (1)
ba,will not do (1)
bb,would do (1)
bc,you can do (1)
bd,you could do (1)
be,you didn't do (1)
bf,you do (6)
bg,you does (1)
bh,[X-0] he/she/it do (2)
