Code,Response
A,ain't he/she/it? (87)
B,ain't I? (2)
C,ain't that right? (4)
D,ain't they? (10)
E,ain't you? (10)
F,ain't [M-0]? (2)
G,am I not? (1)
H,aren't there? (1)
I,aren't they? (14)
J,aren't we? (1)
K,aren't you? (13)
L,can't you? (2)
M,couldn't it? (2)
N,couldn't you? (1)
O,did he not? (1)
P,did I not? (1)
Q,did they not? (2)
R,didn't he/she/it? (11)
S,didn't I? (11)
T,didn't they? (9)
U,didn't you? (8)
V,doesn't it? (14)
W,don't I? (1)
X,don't they? (16)
Y,don't we? (3)
Z,don't you? (31)
aa,don't you know? (3)
ab,don't you see? (9)
ac,don't you think? (1)
ad,don't you think so? (2)
ae,don't[V-p] he/she/it? (16)
af,hadn't he? (1)
ag,hadn't we? (1)
ah,hadn't you? (2)
ai,hain't it? (2)
aj,hain't you? (1)
ak,haven't you? (11)
al,isn't it? (98)
am,isn't that right? (2)
an,wasn't he/she/it? (33)
ao,wasn't that right? (1)
ap,weren't it? (1)
aq,weren't you? (3)
ar,won't they? (1)
as,wouldn't I? (1)
at,wouldn't it? (19)
au,wouldn't it be? (1)
av,wouldn't they? (3)
aw,wouldn't you? (5)
ax,wouldn't you think? (1)
ay,wouldn't [M-0]? (1)
