Code,Response
A,ABC house (1)
B,backhouse (38)
C,backing (1)
D,backy (1)
E,backy house (2)
F,bath (1)
G,bathhouse (1)
H,bathroom (19)
I,bathroom outside (1)
J,beauty parlor (1)
K,big john (1)
L,buck privy (1)
M,cabinet (1)
N,can (1)
O,capitol (1)
P,casita (1)
Q,chamber (1)
R,Chick Sale (11)
S,closet (56)
T,closet outside in the yard (1)
U,commode (8)
V,convenience (1)
W,country toilet (1)
X,cowboy (1)
Y,crap house (5)
Z,crapper (8)
aa,crazy house (1)
ab,ditch (1)
ac,double header (1)
ad,double holer (1)
ae,dry toilet (4)
af,dump house (1)
ag,excusado (1)
ah,five holer (1)
ai,garden house (4)
aj,gazebo (1)
ak,green house (1)
al,greenhouse (1)
am,half-moon castle (1)
an,half-moon house (1)
ao,happy house (1)
ap,Hauschen (1)
aq,head (3)
ar,hideaway (1)
as,hiding house (1)
at,house (2)
au,house behind the house (1)
av,jake (1)
aw,john (60)
ax,johnny (52)
ay,johnny house (22)
az,ladies' room (1)
ba,latrine (10)
bb,lavatory (6)
bc,little boys' room (1)
bd,little brown house (2)
be,little brown shack out back (1)
bf,little house (16)
bg,little house behind the big one (1)
bh,little house behind the great house (1)
bi,little house out in the backyard (1)
bj,little john (1)
bk,little outside (4)
bl,little shack out back (1)
bm,little white house outside (1)
bn,little-old outhouse (1)
bo,little-old toilet (1)
bp,manure parlor (1)
bq,Mrs. Jones (2)
br,necessary (3)
bs,necessary house (1)
bt,one holer (13)
bu,open toilet (2)
bv,out (1)
bw,out bathroom (1)
bx,out-of-doors toilet (2)
by,outbuilding (7)
bz,outdoor bathroom (5)
ca,outdoor closet (2)
cb,outdoor crap house (1)
cc,outdoor house (6)
cd,outdoor john (3)
ce,outdoor johnny (2)
cf,outdoor lavatory (3)
cg,outdoor parlor (1)
ch,outdoor privy (8)
ci,outdoor rest room (2)
cj,outdoor toilet (146)
ck,outdoors toilet (2)
cl,outer house (3)
cm,outer toilet (1)
cn,outhouse (361)
co,outhouse toilet (1)
cp,outside (1)
cq,outside bath (2)
cr,outside bathroom (4)
cs,outside building (1)
ct,outside closet (1)
cu,outside commode (1)
cv,outside facilities (2)
cw,outside house (5)
cx,outside rest room (1)
cy,outside toilet (55)
cz,outside two holer (1)
da,pissoir (1)
db,pit toilet (3)
dc,post office (3)
dd,potty (1)
de,private office (1)
df,privet (4)
dg,privet house (2)
dh,privy (330)
di,privy house (2)
dj,reading room (4)
dk,relaxation house (1)
dl,relief office (1)
dm,rest house (1)
dn,rest room (12)
do,S house (1)
dp,sanitary toilet (1)
dq,Sears building (1)
dr,shanty house (1)
ds,shed (2)
dt,shed house (3)
du,shed room (1)
dv,SHI house (1)
dw,shit house (28)
dx,shitter (1)
dy,single hole (1)
dz,small house (1)
ea,smokehouse (1)
eb,specialist (2)
ec,square house (1)
ed,step-out house (1)
ee,Sunday house (1)
ef,surface toilet (1)
eg,telephone booth (1)
eh,three holer (2)
ei,throne (1)
ej,toilet (243)
ek,toilet outside (1)
el,two holer (19)
em,two seater (2)
en,Uncle John (1)
eo,water closet (1)
ep,wooden rest room (1)
eq,WPA (1)
