Code,Response
A,am I? (1)
B,are there? (1)
C,are they? (5)
D,are we? (1)
E,are you? (7)
F,can they? (1)
G,can you? (2)
H,could I? (1)
I,could we? (1)
J,could you? (1)
K,did I? (4)
L,did it? (3)
M,did they? (2)
N,did you? (8)
O,do they? (12)
P,do we? (1)
Q,do you? (52)
R,do you know? (3)
S,do you think? (1)
T,does he/she/it? (6)
U,has he/she/it? (2)
V,have we? (1)
W,have you? (13)
X,is he/she/it? (26)
Y,is that right? (1)
Z,is that so? (1)
aa,is there? (2)
ab,is they? (1)
ac,is you? (3)
ad,was he/she/it? (2)
ae,was you? (1)
af,were they? (2)
ag,would he/she/it? (12)
ah,would you? (9)
ai,[X-0] you reckon? (2)
aj,[X-0] you understand? (1)
