Code,Response
A,covered haystack (1)
B,covered platform (1)
C,curing rack (1)
D,hay barn (10)
E,hay barrack(s) (4)
F,hay bin (1)
G,hay house (2)
H,hay manger (1)
I,hay room (1)
J,hay shed (23)
K,hay shelter (3)
L,haymow (2)
M,hayrack (29)
N,hayrick (5)
O,hayshock (1)
P,haystack (2)
Q,haystack with a top (1)
R,lazy-man's manger (1)
S,lean-to (2)
T,meulon (F) (1)
U,open barn (2)
V,rack (5)
W,rick (7)
X,rick of hay (2)
Y,shed (22)
Z,shelter (6)
aa,straw shed (1)
ab,tent (2)
