Code,Response
A,berge (F) (1)
B,cane stack (1)
C,hay in a stack (1)
D,hay mound (1)
E,hay on the stack (2)
F,hay pile (6)
G,haycock (2)
H,haymow (2)
I,hayrack (7)
J,hayrick (13)
K,hayshock (6)
L,haystack (460)
M,haystack of hay (1)
N,heap (1)
O,Heustock (G) (1)
P,hubby (1)
Q,mound (1)
R,mound of hay (1)
S,pile (11)
T,pile of hay (8)
U,rack (7)
V,rack of hay (2)
W,rick (12)
X,rick of hay (4)
Y,shock (23)
Z,shock of hay (3)
aa,stack (147)
ab,stack of hay (18)
ac,strawstack (3)
