Code,Response
A,attic (14)
B,attic-like (1)
C,barn loft (37)
D,fodder loft (3)
E,hay barn (3)
F,hay bin (1)
G,hay deck (1)
H,hay house (5)
I,hay rider (1)
J,hay room (1)
K,hay shed (4)
L,hayloft (193)
M,haymow (10)
N,hayrack (5)
O,loft (560)
P,mow (7)
Q,open loft (1)
R,overhead (4)
S,rafters (1)
T,shed (2)
U,stable loft (1)
V,storage space (1)
W,top (2)
X,top of the barn (1)
Y,top story (1)
Z,upper barn (1)
aa,upper mow (1)
ab,upper part (2)
ac,upstairs (26)
ad,upstairs part (1)
