Code,Response
A,bunch (2)
B,chunk (1)
C,clump (1)
D,dip pile (1)
E,hay pile (1)
F,hay row  (2)
G,hay shocking (1)
H,hay windrow (1)
I,haycock (7)
J,haymow (1)
K,hayrack (2)
L,hayrick (4)
M,hayshock (16)
N,haystack (7)
O,heap (14)
P,heap of hay (3)
Q,heap row (1)
R,little hay pile (1)
S,meule de foin (F) (1)
T,mound (3)
U,noodle shock (1)
V,pile (33)
W,pile of hay (16)
X,rake (1)
Y,raked-up hay (1)
Z,rick (12)
aa,rick of hay (3)
ab,ridge (1)
ac,row (14)
ad,shock (82)
ae,shock of hay (8)
af,shock pile (1
ag,small pile (2)
ah,small stack (1)
ai,smaller stack (1)
aj,stack (4)
ak,strawstack (1)
al,turn row (1)
am,wind heap (1)
an,wind rake (1)
ao,windroll (1)
ap,windrow (127)
