Code,Response
A,animal barn (1)
B,barn (245)
C,barn shed (6)
D,barn stall (1)
E,calf shed (1)
F,calf stall (1)
G,cattle barn (10)
H,cattle shed (8)
I,cattle shelter (3)
J,covered shelter (1)
K,cow barn (81)
L,cow shed (81)
M,cow shelter (7)
N,cow stable (3)
O,cow stall (23)
P,cow-shed barn (1)
Q,dairy barn (16)
R,dairy building (1)
S,drop shed (1)
T,feeding barn (1)
U,fourteen-foot shed (1)
V,hay barn (1)
W,hay shed (1)
X,hut (1)
Y,lean (1)
Z,lean-to (5)
aa,loafing shed (3)
ab,milk barn (2)
ac,milking barn (3)
ad,milking shed (1)
ae,milking stall (2)
af,milkshed (3)
ag,open shed (2)
ah,open shelter (1)
ai,pole shed (1)
aj,porch (1)
ak,shack cow shed (1)
al,shed (131)
am,shed way (1)
an,shelter (13)
ao,shelter barn (1)
ap,side shed (3)
aq,sleeping barn (2)
ar,stable (32)
as,stall (93)
at,stock shelter (1)
au,stoop (1)
av,storage shed (1)
