Code,Response
A,barn lot (3)
B,barnyard (3)
C,break (8)
D,catch pen (4)
E,cattle gap (2)
F,cattle pen (2)
G,corail (1)
H,corral (13)
I,corral pen (1)
J,cow gap (1)
K,cow lot (41)
L,cow pasture (1)
M,cow pen (205)
N,cow stall (outdoors) (1)
O,cutting pen (1)
P,gap (3)
Q,holding pen (1)
R,horse lot (for cows) (1)
S,lot (45)
T,milk break (1)
U,milk gap (13)
V,milk lot (9)
W,milk pen (9)
X,milk place (1)
Y,milking corral (1)
Z,milking gap (1)
aa,milking lot (3)
ab,milking pen (1)
ac,milking place (1)
ad,open lot (1)
ae,"parc de betes, le (1)"
af,pasture (1)
ag,patch (1)
ah,pen (47)
ai,Penne (1)
aj,stanchion (outdoors) (1)
ak,stock pen (1)
al,temporary pen (1)
am,trap (2)
an,yard (4)
