Code,Response
A,American grass (1)
B,Bahia (grass) (3)
C,bamboo briers (1)
D,barnyard weeds (1)
E,bear grass (5)
F,beggar grass (1)
G,beggar-lice (2)
H,beggarweeds (6)
I,bell fountain (1)
J,Bermuda (grass) (78)
K,(Ber)muda grass (19)
L,bitterweed (7)
M,blackbrush (1)
N,bloodweed (2)
O,bluegrass (4)
P,brier bushes/grass (2)
Q,briers (2)
R,broadleaf weeds (1)
S,broom sage (1)
T,buffalo grass (1)
U,buffel grass (1)
V,bull grass (6)
W,bull nettle (2)
X,bullweed (1)
Y,burr (grass) (4)
Z,bush nettle (1)
aa,cane grass (1)
ab,careless weeds (18)
ac,chayote [S] (1)
ad,chickweed (1)
ae,chigger weed (1)
af,clover (3)
ag,coastal grass (1)
ah,cocklebur weeds (1)
ai,cockleburras (1)
aj,cockleburrs (93)
ak,coco (grass) (20)
al,coffeeweeds (17)
am,Colorado grass (1)
an,crabgrass (209)
ao,cresses (1)
ap,crocus grass (1)
aq,crop grass (2)
ar,crowfoot (grass) (9)
as,dock weeds (1)
at,dog fennel (2)
au,fescue (grass) (2)
av,field grass (9)
aw,flagweeds (2)
ax,flat milkweed (1)
ay,forjo (1)
az,foxtail (1)
ba,Fuchsschwanz [G] (1)
bb,goat grass (1)
bc,goat head (1)
bd,goose grass (1)
be,grass burrs (3)
bf,guinea grass (2)
bg,hay grass (2)
bh,Hitler grass (1)
bi,hogweeds (9)
bj,honeysuckle vine (1)
bk,hooded windmill grass (1)
bl,huajillo (1)
bm,hurrah grass (2)
bn,inch-a-night grass (1)
bo,ironweeds (1)
bp,Jimson grass (1)
bq,Jimsonweeds (8)
br,Johnson grass (hay) (158)
bs,Johnson weed (1)
bt,Kelly weed (2)
bu,kudzu (vine) (2)
bv,lamb's quarter (1)
bw,(les)pedeza (1)
bx,lime quarters (1)
by,maiden cane (2)
bz,maypop vine (1)
ca,milkweed (2)
cb,monkey grass (1)
cc,morning glories (15)
cd,morning-glory vine (2)
ce,mule grass (1)
cf,mule-tail weed (1)
cg,mutton grass (1)
ch,nut grass (28)
ci,peavines (1)
cj,pigweed (2)
ck,plankton (1)
cl,plantation weeds (1)
cm,poor dog (1)
cn,poor-land weeds (1)
co,purslane (2)
cp,pussley (14)
cq,quelite [S] (1)
cr,racacha (1)
cs,ragweed (14)
ct,red tea weeds (1)
cu,ribbon grass (1)
cv,ryegrass (3)
cw,sage (grass) (7)
cx,sagebrush (1)
cy,Saint Augustine grass (4)
cz,sandspur (grass/weeds) (15)
da,sassafras sprouts (1)
db,saw briers (2)
dc,sheep sorrel (1)
dd,sheep's-gowan (1)
de,shuckweed (1)
df,slender grama grass (1)
dg,smartweed (3)
dh,snake-grass (1)
di,sour grass (1)
dj,sticker weeds (1)
dk,stickers (1)
dl,stickweed (2)
dm,stinkweed (1)
dn,straw-field grass (1)
do,sunflowers (4)
dp,tara (vine) (2)
dq,tea weeds (4)
dr,Texas grass (1)
ds,thistles (2)
dt,tickle grass (1)
du,tievine (5)
dv,tread-soft briers (1)
dw,trumpet vine (1)
dx,tumbleweed (1)
dy,Uniolas (1)
dz,water grass (13)
ea,water purslane (1)
eb,watercresses (1)
ec,wild beet (1)
ed,wire grass (14)
ee,wood grass (1)
