Code,Response
A,barn (for hogs) (1)
B,breeder house (1)
C,breeding pen (1)
D,brooder pen (1)
E,cement feedlot (1)
F,close pen (2)
G,corral (1)
H,dirt pen (1)
I,farrowing house (8)
J,farrowing shed (1)
K,fattening pen (10)
L,feed house (1)
M,feed pen (1)
N,feeder parlor (1)
O,feeder pen (1)
P,feeding pen (1)
Q,feedlot (1)
R,floored pen (5)
S,hog barn (1)
T,hog bed (1)
U,hog corral (1)
V,hog house (19)
W,hog lot (63)
X,hog parlor (17)
Y,hog pasture (20)
Z,hog patch (1)
aa,hog place (1)
ab,hog runner (1)
ac,hog shed (10)
ad,hog shelter (6)
ae,hog wallow (3)
af,hog-fattening pen (1)
ag,hogpen (309)
ah,hogs' houses (2)
ai,hollow (1)
aj,house (3)
ak,lean-to (1)
al,lot (46)
am,lot pasture (1)
an,lot pen (1)
ao,parc a cochons (F) (1)
ap,parlor (2)
aq,patch (2)
ar,pen (273)
as,pig barn (1)
at,pig house (4)
au,pig lot (7)
av,pig parlor (9)
aw,pig pasture (2)
ax,pig shelter (2)
ay,pig stall (1)
az,pigpen (22)
ba,pigs' pen (1)
bb,pigsty (45)
bc,plank pen (1)
bd,pound (1)
be,rail pen (1)
bf,regular pen (1)
bg,Schweinepenne (G) (1)
bh,shed (21)
bi,shelter (6)
bj,slop (n.) (1)
bk,sty (30)
bl,"tighter pen, a (1)"
bm,two-log pen (1)
bn,wood pen (1)
bo,woods lot (2)
bp,yard (3)
