Code,Response
A,back levee (1)
B,Bermuda pasture (2)
C,bottom pastureland (1)
D,calf pasture (2)
E,cornfield (1)
F,cow pasture (13)
G,field (22)
H,five-acre pasture (1)
I,free range (4)
J,graze land (2)
K,grazing boundary (1)
L,grazing field (1)
M,grazing land (3)
N,grazing pasture (2)
O,highland (1)
P,hog pasture (4)
Q,horse pasture (1)
R,meadow (14)
S,mule pasture (1)
T,open field (1)
U,open pasture (4)
V,open place (1)
W,open range (18)
X,outside range (2)
Y,pasturage (1)
Z,pasture (790)
aa,pasture field (14)
ab,pasture lot (1)
ac,pastureland (11)
ad,patch (1)
ae,prairie (1)
af,ranch (1)
ag,range (12)
ah,rotation field (1)
ai,Southern pasture (1)
aj,spread (1)
ak,thicket (2)
al,trap (large area) (1)
am,winter patch (1)
an,woodland (1)
ao,woodland pasture (1)
ap,woods (7)
