Code,Response
A,back lot (4)
B,barn lot (74)
C,barnyard (216)
D,barnyard lot (2)
E,basse-cour (F) (1)
F,calf lot (2)
G,catch lot (1)
H,catch pen (2)
I,cattle corral (1)
J,cattle lot (1)
K,cattle pen (2)
L,chicken yard (9)
M,close-up pen (1)
N,corral (44)
O,cow lot (54)
P,cow pen (8)
Q,cow yard (2)
R,farm lot (1)
S,farmyard (6)
T,feeding lot (1)
U,feeding pen (1)
V,feedlot (18)
W,field (3)
X,fold (1)
Y,front lot (1)
Z,grassy lot (1)
aa,grazing area (2)
ab,grazing land (1)
ac,grove (1)
ad,hog lot (7)
ae,horse lot (48)
af,horse pasture (1)
ag,horse pen (2)
ah,lot (399)
ai,milk lot (1)
aj,mule corral (1)
ak,mule lot (8)
al,open lot (1)
am,paddock (2)
an,pasture (=barnyard) (1)
ao,pasture lot (1)
ap,pen (20)
aq,pound (1)
ar,puncheon lot (1)
as,remuda (1)
at,runaround pen (1)
au,running room (1)
av,sheepfold (1)
aw,stable (1)
ax,stockade (1)
ay,stockyard (2)
az,stomp lot (1)
ba,trap (2)
bb,woodlot (1)
bc,working pen (1)
bd,yard (73)
