Code,Response
A,block (v.) (2)
B,block (it) out (2)
C,bunch (v.) (2)
D,bunch my cotton (1)
E,chop (it) (159)
F,chop (it) out (45)
G,chop (the) cotton (233)
H,chop (the) cotton out (8)
I,chop (the) weeds (6)
J,chop (the) weeds out (6)
K,chop by the day (1)
L,chop it down (1)
M,chop it up (1)
N,chop on that pretty cotton (1)
O,chop out (1)
P,chop out (the) cotton (2)
Q,chop out grasses/weeds (1)
R,chop them out (2)
S,chop them up (1)
T,chop through (it) (2)
U,chopping (of cotton) (n.) (3)
V,clean it out (1)
W,clean the weeds out of it (1)
X,cotton chopping (4)
Y,cultivate (it) (4)
Z,cut (v.) (=chop) (1)
aa,cut fine (1)
ab,cut grass (1)
ac,cut it out (1)
ad,cut (out) the weeds (2)
ae,first hoeing (2)
af,flat-weed it (1)
ag,get the grass out of it (1)
ah,hill cotton (v.) (1)
ai,hoe (it) (133)
aj,hoe (it) out (9)
ak,hoe (the) cotton (83)
al,hoe (the) grass (up) (2)
am,hoe (the) weeds (1)
an,hoe (the weeds) out (3)
ao,hoe it thin (1)
ap,hoe it up (1)
aq,hoe out (Johnson) grass (2)
ar,hoe the grass out (2)
as,hoe your cotton twice (1)
at,hoeing (n.) (2)
au,keep it hoed out (1)
av,scrape (it) (15)
aw,scrape (the) cotton (9)
ax,scrape the cotton out (1)
ay,second it [sic] (1)
az,thin (v.) (11)
ba,thin (the) cotton (17)
bb,thin it (down) (21)
bc,thin (it) out (61)
bd,thin out cotton (1)
be,thin the cotton out (4)
bf,trim out the weeds (1)
bg,weed (v.) (3)
bh,weed cotton (1)
bi,weed it (out) (7)
bj,weed out the cotton (1)
bk,weeding of the cotton (1)
bl,work it (7)
