Code,Response
A,barn (131)
B,barn area (1)
C,barn house (1)
D,barn shed (2)
E,barn stable (1)
F,barn stall (2)
G,box stall (1)
H,breeding barn (1)
I,corral (=shelter) (1)
J,double stables (1)
K,horse and mule stalls (1)
L,horse barn (27)
M,horse or mule stables (1)
N,horse shed (6)
O,horse shelter (3)
P,horse stable (20)
Q,horse stall (17)
R,lean-to (1)
S,livery stable (9)
T,log shed (1)
U,lot (=a building) (2)
V,mare barn (1)
W,mule barn (14)
X,mule or horse stable (1)
Y,mule shed (1)
Z,mule stable (6)
aa,mule stall (3)
ab,Pferdestall (G) (1)
ac,riding-horse barn (1)
ad,riding stable (2)
ae,shed (31)
af,shed with stalls (1)
ag,shelter (2)
ah,shelter place (1)
ai,stable (371)
aj,stabling (1)
ak,stall (172)
al,stall in the barn (1)
am,stalls for the mules (1)
an,stock barn (1)
ao,stockade (1)
