Code,Response
A,acre lot (1)
B,acre of cotton (1)
C,acreage (2)
D,acres (3)
E,allotment (2)
F,bean field (2)
G,bean patch/patch of beans (3)
H,bed (3)
I,berry patch (2)
J,blackberry patch (1)
K,bottom (1)
L,brag patch of corn (1)
M,brier patch (6)
N,broom-sage patch (1)
O,butter-bean patch (1)
P,cabbage field (1)
Q,cabbage patch/patch of cabbage (3)
R,cane field/field of cane (1)
S,cane patch/patch of cane (18)
T,chufa patch (2)
U,collard patch (2)
V,"common, the (1)"
W,corn patch/patch of corn (43)
X,corner lot (1)
Y,cornfield/field of corn (75)
Z,cotton allotment (1)
aa,cotton field/field of cotton (95)
ab,cotton patch/patch of cotton (98)
ac,cow field (1)
ad,cropland (1)
ae,cucumber field (1)
af,cucumber patch (2)
ag,cut (1)
ah,family peanut patch (1)
ai,farm (5)
aj,Feld (G) (1)
ak,field (721)
al,flower patch (1)
am,fodder field (2)                        potatoes (8)
an,forty-acre field (1)
ao,garden (24)
ap,garden lot (1)
aq,garden patch (9)
ar,garden spot (2)
as,hay patch (2)
at,hayfield/field of hay (8)
au,lettuce patch (1)
av,lot (15)
aw,lot of ground (1)
ax,lowland field (1)
ay,market patch (1)
az,melon patch (2)
ba,newground (1)
bb,oat field (1)
bc,oat patch/patch of oats (3)
bd,palmetto patch (1)
be,pasture (=field) (1)
bf,pasture field (2)
bg,patch (324)
bh,patch of crop (1)
bi,patch of land (1)
bj,patch of okra (1)
bk,patch of timber (1)
bl,patch of wheat (1)
bm,patch of woods (3)
bn,pea field (1)
bo,pea patch/patch of peas (43)
bp,peanut field (4)
bq,peanut patch/patch of peanuts (10)
br,pepper patch (1)
bs,piece of land (1)
bt,plot (6)
bu,plot of ground (2)
bv,popcorn patch/patch of popcorn (2)
bw,potato patch/patch of potatoes (42)
bx,rice field (3)
by,roasting-ear field (1)
bz,roasting-ear patch (3)
ca,row (3)
cb,rye patch (1)
cc,sage field (1)
cd,section (2)
ce,small acreage (1)
cf,sorghum patch (1)
cg,square (1)
ch,straw field (1)
ci,strawberry patch (10)
cj,sugarcane field (3)
ck,sugarcane patch (3)
cl,sweet-potato patch/patch of sweet
cm,tendable land (1)
cn,tobacco acreage (1)
co,tobacco base (1)
cp,tobacco field/field of tobacco (10)
cq,tobacco ground (1)
cr,tobacco lot (2)
cs,tobacco patch/patch of tobacco (32)
ct,tobacco plot/plot of tobacco (2)
cu,tomato patch/patch of tomatoes (6)
cv,truck field (1)
cw,truck garden (1)
cx,truck patch (25)
cy,tung-nut field (1)
cz,turnip patch/patch of turnips (20)
da,vegetable garden (1)
db,vegetable lot (1)
dc,vegetable patch (3)
dd,watermelon field (1)
de,watermelon patch/patch of
df,weed field (1)
dg,weed patch (1)
dh,wheat field/field of wheat (8)
di,woods row patch (1)
dj,yard (2)
