Code,Response
A,board fence (=picket fence) (2)
B,cedar (1)
C,cedar fence (2)
D,cour bois (F) (1)
E,cypress fence (2)
F,cypress pieu (1)
G,decorative fence (1)
H,fence (70)
I,fence paling (1)
J,fencing (1)
K,fencing-plank fence (1)
L,field fence (2)
M,field fencing (1)
N,garden fence (23)
O,house fence (1)
P,iron picket fence (1)
Q,Kentucky white wooden fence (1)
R,laths (=pickets) (1)
S,lattice fence (=paling) (1)
T,lawn fence (1)
U,lumber fence (2)
V,oak (1)
W,oak pickets (1)
X,pale fence (11)
Y,pale(s) (1)
Z,palement (1)
aa,palement fence (1)
ab,paling fence (121)
ac,paling garden (1)
ad,paling guards (1)
ae,paling or picket fence (1)
af,paling(s) (113)
ag,panel fence (=picket) (1)
ah,pasture fence (1)
ai,picket boards (1)
aj,picket fence (501)
ak,picket fencing (1)
al,picket panel fence (1)
am,picket pegs (1)
an,picket(s) (97)
ao,pieu fence (8)
ap,plain fence (1)
aq,plank fence (=picket) (2)
ar,ranch fence (1)
as,red pickets (1)
at,redwood (1)
au,redwood fence (6)
av,slab fence (1)
aw,slat fence (10)
ax,slat fencing (1)
ay,slat(s) (3)
az,slatted fence (1)
ba,snow fence (1)
bb,spickets (=pickets) (1)
bc,stake fence (2)
bd,trellis fence (2)
be,white fence (2)
bf,white paling fence (1)
bg,white picket fence (6)
bh,white wooden fence (1)
bi,white yard fence (1)
bj,whitewash fence (1)
bk,whitewashed fence (1)
bl,wood fence (13)
bm,wood slat fence (1)
bn,wooden fence (38)
bo,wooden fence with palings (1)
bp,wooden palings (1)
bq,wooden sties (=ties?) (1)
br,wooden-frame fence (1)
bs,wooden-tie fence (1)
bt,yard fence (38)
