Code,Response
A,Abraham Lincoln fence (1)
B,bar fence (1)
C,bars (=bar fence) (1)
D,basket weave (1)
E,board fence (=rail) (1)
F,bodock fence (1)
G,bold fence (1)
H,bottom rails (1)
I,bull fence (1)
J,cedar (1)
K,cedar fence (1)
L,cedar logs (1)
M,cedar rails (2)
N,cedar-post fence (1)
O,chestnut rails (2)
P,chestnut rail fence (1)
Q,corner fence (1)
R,country fence (2)
S,crisscrossed (1)
T,crooked fence (3)
U,crooked-rail fence (4)
V,cross fence (2)
W,cross-wood fence (1)
X,crossed fence (1)
Y,crossrail fence (1)
Z,crosstied fence (1)
aa,crossties (1)
ab,cypress fence (1)
ac,fat-lighterd rails (1)
ad,fence (4)
ae,fence corners (1)
af,fence rail(s) (9)
ag,fence worm (=bottom rail) (3)
ah,fencing (1)
ai,field fence (1)
aj,galloping fence (1)
ak,gate fence (1)
al,ground poles (1)
am,ground rail (2)
an,hand-hewn-log rail fence (1)
ao,horizontal fence (1)
ap,in-and-out fence (1)
aq,Kentucky board fence (=zigzag) (1)
ar,line fence (1)
as,link fence (=rail) (1)
at,log (1)
au,log fence (23)
av,lumber fence (1)
aw,mesquite (1)
ax,mesquite-wood fence (2)
ay,oak fence (1)
az,oak rail fence (1)
ba,old-fashion rail fence (1)
bb,old-time rail fence (2)
bc,ornamental fence (1)
bd,pasture fence (3)
be,pieu (2)
bf,pieu fence (5)
bg,pine rail fence (1)
bh,pine railing fence (1)
bi,pockets fence (1)
bj,post and rail (2)
bk,post-and-railing fence (1)
bl,post fence (1)
bm,puncheon fence (2)
bn,rail fence (520)
bo,rail fencing (3)
bp,rail timber (1)
bq,rail(s) (101)
br,rail-type fence (1)
bs,railing(s) (11)
bt,railing fence (12)
bu,ranch fence (1)
bv,rectangle fence (1)
bw,redwood (1)
bx,redwood fence (4)
by,redwood fencing (1)
bz,rickrack (1)
ca,rickrack fence (2)
cb,rider(s) (6)
cc,snake fence (4)
cd,snake-[J-0]-rider fence [sic] (1)
ce,split logs (1)
cf,split-out rails (1)
cg,split rail(s) (45)
ch,split-rail fence (49)
ci,split railing (1)
cj,spoke fence (1)
ck,stack rail fence (1)
cl,stake fence (1)
cm,stake-and-lighter [sic] (1)
cn,stake-and-rail fence [sic] (1)
co,stake-and-ride [sic] (2)
cp,stake-and-rider fence (6)
cq,stake-and-rider(s) (15)
cr,stake-[J-0]-rider (1)
cs,stake-rail fence (1)
ct,stakes (3)
cu,stakes-and-riders [sic] (1)
cv,stile fence (1)
cw,storm fence (1)
cx,straight fence (3)
cy,straight rails (1)
cz,straight-rail fence (3)
da,tache (F) (1)
db,ten-rail fence (3)
dc,Virginia fence (1)
dd,weaved fence (1)
de,wood fence (4)
df,wood railing (1)
dg,wood rails (1)
dh,wood-rail fence (1)
di,wooden fence (6)
dj,worm board (1)
dk,worm fence (11)
dl,worm kind (1)
dm,worm rail (4)
dn,worm style (2)
do,worm(s) (15)
dp,woven fence (1)
dq,zigzag (25)
dr,zigzag fence (8)
ds,zigzag rail fence (1)
dt,zigzagging (3)
