Code,Response
A,American (wire) (7)
B,American fence (1)
C,anchor (chain) (2)
D,barbed (5)
E,barbed(-)wire (fence) (152)
F,barbed-wire fencing (1)
G,barbwire (fence) (671)
H,barbwire fencing (1)
I,block wire (1)
J,cattle fence (2)
K,cattle fencing (1)
L,cattle wire (2)
M,chain fence (5)
N,chain link (fence) (33)
O,chain link wire (1)
P,chain-linked (1)
Q,chain links (1)
R,chicken-coop wire (1)
S,chicken fence (8)
T,chicken netting (1)
U,chicken(-)wire (fence) (101)
V,chicken-yard fence (1)
W,close wire (1)
X,climber fence (1)
Y,cow wire (1)
Z,Cox (fence) (1)
aa,cross wire (1)
ab,cutoff fence (2)
ac,Cyclone (fence) (20)
ad,Cyclone fencing (3)
ae,Cyclone wire (1)
af,electric (fence) (64)
ag,electric wire (14)
ah,electrical (fence) (1)
ai,electrical wire (fence) (3)
aj,electricity fence (1)
ak,Elwood wire (1)
al,fence of chicken wire (1)
am,fence wire (8)
an,fencing wire (1)
ao,field fence (1)
ap,field fencing (1)
aq,field-fence wire (1)
ar,fine-mesh wire (1)
as,four-barbwire fence (1)
at,four-by-four wire (1)
au,four-strand barbwire (fence) (2)
av,four-wire fence (1)
aw,gap [sic] (1)
ax,garden fence (3)
ay,garden-fence wire (1)
az,garden fencing (1)
ba,garden netting (1)
bb,garden (wire) (13)
bc,haywire (1)
bd,high wiring (1)
be,hog fence (6)
bf,hog fencing (1)
bg,hog netting (1)
bh,hog-pasture fencing (1)
bi,hog-proof fence (2)
bj,hog-proof (wire) (2)
bk,hog-type wire fence (1)
bl,hog<-wire fence> (1)
bm,hog(-)wire (fence) (110)
bn,hog-wire mesh (1)
bo,hot wire (4)
bp,Hurricane (fence) (7)
bq,Hurricane fencing (1)
br,Hurricane or Cyclone fence (1)
bs,Hurricane-wire fence (2)
bt,lawn-wire fence (1)
bu,legal fence (1)
bv,link-wire fence (1)
bw,linked wire (1)
bx,mesh (fence) (2)
by,mesh wire (9)
bz,metal fence (2)
ca,net barbwire (1)
cb,net fence (5)
cc,net type (1)
cd,net<-wire fence> (1)
ce,net(-)wire (fence) (58)
cf,netted fence (1)
cg,netting fence (3)
ch,netting wire (2)
ci,Page (fence) (4)
cj,Page chain wire (1)
ck,Page(-)wire (fence) (13)
cl,panel wire (1)
cm,pasture fence (2)
cn,pig netting (1)
co,Porter wire (1)
cp,post-and-wire (fence) (1)
cq,poultry fence (1)
cr,poultry(-)wire (fence) (10)
cs,regular fencing (1)
ct,regular wire (fence) (1)
cu,regular wire fencing (1)
cv,Rio Grande (1)
cw,running-wire fence (1)
cx,seven-strand barbwire fence (1)
cy,seven-strand fence (1)
cz,six-string fence (1)
da,six-wire fence (1)
db,small-mesh wire (1)
dc,smooth wire (1)
dd,snow fence (1)
de,spike fence (1)
df,spool wire (1)
dg,square wire (1)
dh,square-holed fence (1)
di,steel fence (3)
dj,steel(-)wire (fence) (1)
dk,stock fence (1)
dl,storm fence (1)
dm,straight-line (fence) (1)
dn,strip wire (1)
do,three strand wire fence (1)
dp,web fence (1)
dq,web(-)wire (fence) (12)
dr,welded wire (1)
ds,wire (fence) (346)
dt,wire fencing (5)
du,wire field fencing (1)
dv,wove wire (7)
dw,woven fence (3)
dx,woven(-)wire (fence) (54)
dy,woven wiring (1)
dz,yard fence (4)
