Code,Response
A,bailed bucket (1)
B,barrel (2)
C,basket (5)
D,big-old bucket (3)
E,bucket (100)
F,bucket of slop (2)
G,can (13)
H,candy bucket (1)
I,chicken bucket (1)
J,dishpan (1)
K,feed basket (2)
L,feed bucket (7)
M,five-gallon bucket (1)
N,five-gallon can (3)
O,five-gallon drum (1)
P,five-gallon pail (1)
Q,foot tub (4)
R,galvanize bucket (1)
S,garbage bag (2)
T,garbage barrel (1)
U,garbage bucket (3)
V,garbage can (69)
W,garbage pail (15)
X,grass sack (1)
Y,grease bucket (1)
Z,hog barrel (1)
aa,hog bucket (3)
ab,hog pail (3)
ac,lard bucket (2)
ad,lard can (2)
ae,little-old bucket can (1)
af,oil can (1)
ag,pail (22)
ah,pan (2)
ai,pig bucket (1)
aj,pig can (1)
ak,pigs' bucket (1)
al,plain-old bucket (1)
am,plastic bucket (1)
an,Schlappkanne (G) (1)
ao,scrap bucket (5)
ap,scrap can (1)
aq,scrap pail (1)
ar,slop barrel (3)
as,slop bucket (531)
at,slop can (34)
au,slop cart (1)
av,slop jar (10)
aw,slop pail (21)
ax,slop pan (1)
ay,slopping bucket (2)
az,special bucket (2)
ba,steel container (1)
bb,step-on can (1)
bc,swill bucket (7)
bd,swill pail (3)
be,tin can (1)
bf,tin tub (1)
bg,trash barrel (1)
bh,trash bin (1)
bi,trash bucket (4)
bj,trash can (10)
bk,trough (1)
bl,tub (6)
bm,waste can (1)
bn,waste pail (1)
bo,wastebasket (2)
bp,wheelbarrow (1)
bq,wooden bucket (1)
br,zinc bucket (1)
