Code,Response
A,aluminum bucket (23)
B,aluminum milk bucket (1)
C,aluminum pail (1)
D,aluminum water bucket (1)
E,big-old bucket (1)
F,brass bucket (1)
G,bucket (385)
H,bucket of feed (1)
I,bucket of milk (3)
J,carrying pail (1)
K,dinner bucket (1)
L,dipper (=pail) (1)
M,eight-pound bucket (1)
N,eight-pound lard bucket (1)
O,enamel bucket (1)
P,enamel milk pail (1)
Q,gallon bucket (4)
R,gallon pail (1)
S,galvanize bucket (7)
T,galvanized bucket (14)
U,galvanized iron bucket (1)
V,galvanized pail (3)
W,galvanized tin bucket (1)
X,glazed bucket (1)
Y,granite bucket (5)
Z,half-bushel bucket (1)
aa,iron bucket (1)
ab,lard bucket (7)
ac,lunch pail (4)
ad,metal bucket (22)
ae,metal pail (3)
af,milk bucket (125)
ag,milk pail (117)
ah,milking bucket (2)
ai,milking pail (7)
aj,molasses bucket (1)
ak,pail (355)
al,pail bucket (3)
am,pail of food (1)
an,pail of milk (1)
ao,paint bucket (1)
ap,plain bucket (1)
aq,porcelain bucket (1)
ar,pure-old tin or zinc bucket (1)
as,stainless-steel pail (1)
at,syrup bucket (3)
au,syrup can (1)
av,ten-gallon bucket (1)
aw,ten-gallon can (1)
ax,ten-quart bucket (1)
ay,tin bucket (71)
az,tin milk pail (1)
ba,tin or granite bucket (1)
bb,tin pail (10)
bc,two or three-gallon bucket (1)
bd,two-gallon bucket (1)
be,water bucket (metal) (28)
bf,water pail (metal) (6)
bg,well bucket (metal) (4)
bh,zinc bucket (8)
