Code,Response
A,artificial (1)
B,artificial egg (52)
C,artificial glass egg (1)
D,bone-china egg (1)
E,bought nest egg (1)
F,brass egg (1)
G,broken stone plate (1)
H,camphor egg (1)
I,celluloid egg (1)
J,cement egg (2)
K,chalk egg (7)
L,chalk nest egg (1)
M,china (=nest egg) (1)
N,china egg (313)
O,china nest egg (7)
P,china nesting egg (1)
Q,china one (1)
R,china thing (1)
S,Chinese egg (1)
T,chinois (F) (1)
U,cinnamon[=cymling] (1)
V,clay egg (1)
W,cymling (8)
X,darning egg (10)
Y,delft egg (3)
Z,doorknob (12)
aa,dummy (1)
ab,dummy egg (6)
ac,egg (42)
ad,egg cymling (3)
ae,egg gourd (4)
af,egg made out of china (2)
ag,egg nest (=nest egg) (1)
ah,fake (1)
ai,fake china egg (1)
aj,fake egg (3)
ak,false egg (21)
al,flint rock (1)
am,fooler (1)
an,glass egg (85)
ao,glass nest egg (2)
ap,glass one (1)
aq,glass-like egg (1)
ar,glassed egg (1)
as,golf ball (2)
at,gourd (23)
au,gourd egg (3)
av,hatching egg (1)
aw,imitation egg (1)
ax,laying egg (1)
ay,lime egg (1)
az,little-old nest egg (1)
ba,marble egg (2)
bb,medicated egg (1)
bc,nest egg (249)
bd,nest-egg gourd (7)
be,nested egg (1)
bf,nesting egg (5)
bg,old doorknob (2)
bh,old egg concern (1)
bi,plastic egg (14)
bj,porcelain egg (6)
bk,poreclain doorknob (1)
bl,rock (1)
bm,rotten egg (1)
bn,setting egg (8)
bo,stone egg (1)
bp,tennis ball (1)
bq,white doorknob (6)
br,white enamel egg (1)
bs,white pieces of doorknobs (1)
bt,white rock (6)
bu,wood nest egg (1)
bv,wooden egg (7)
