Code,Response
A,basin (1)
B,basket (1)
C,bottle (2)
D,bowl (4)
E,box (3)
F,bucket (7)
G,bud vase (9)
H,can (2)
I,cement container (1)
J,churn (1)
K,clay pot (4)
L,Coca-Cola bottle (1)
M,container (1)
N,crock (5)
O,crock bowl (1)
P,crock pot (1)
Q,crockerware pot (1)
R,cup (1)
S,cupboard (1)
T,cut-glass vase (1)
U,flower bed (1)
V,flower bin (1)
W,flower bottle (1)
X,flower bowl (6)
Y,flower box (5)
Z,flower bucket (4)
aa,flower can (1)
ab,flower container (1)
ac,flower decanter (1)
ad,flower jar (2)
ae,flower pail (1)
af,flower pit (1)
ag,flower planter (1)
ah,flower stand (1)
ai,flower tray (1)
aj,flower urn (1)
ak,flower vase (41)
al,flowerpot (257)
am,flowers vase (1)
an,frame (1)
ao,frog (2)
ap,fruit jar (4)
aq,glass (5)
ar,glass jar (1)
as,glass of water (1)
at,gray pot (1)
au,green glass jar (1)
av,hanging basket (1)
aw,jar (15)
ax,jar of water (1)
ay,jardiniere (3)
az,jug (2)
ba,little jar of a thing (1)
bb,mold (1)
bc,pail (2)
bd,pair of vases (1)
be,pan (1)
bf,pitcher (6)
bg,planter (25)
bh,planter's pot (1)
bi,pot (89)
bj,potholder [sic] (1)
bk,pottery (1)
bl,slop jar [sic] (1)
bm,spittoon (3)
bn,stone vase (1)
bo,tar cup (1)
bp,terrarium (2)
bq,tin can (2)
br,urn (7)
bs,vase (688)
bt,vase of flowers (2)
bu,vat (1)
bv,vessel (1)
bw,window box (1)
