Code,Response
A,ash bucket (2)
B,bassin (F) (1)
C,bucket (563)
D,bucket of corn (1)
E,bucket of grease (1)
F,bucket of water (20)
G,cedar bucket (70)
H,cedar pail (4)
I,cedar water bucket (13)
J,cedar well bucket (2)
K,cypress bucket (1)
L,draw bucket (3)
M,drinking bucket (1)
N,eight-pound bucket (2)
O,feed bucket (2)
P,gallon bucket (3)
Q,gallon syrup bucket (1)
R,grease bucket (1)
S,ice bucket (1)
T,lard bucket (1)
U,milk bucket (6)
V,milk pail (3)
W,molasses bucket (1)
X,nail bucket (1)
Y,oak bucket (2)
Z,oaken bucket (14)
aa,pail (118)
ab,pail bucket (1)
ac,pail of water (2)
ad,peck bucket (1)
ae,piggin (4)
af,pine bucket (1)
ag,plain-old bucket (1)
ah,scrub bucket (1)
ai,syrup bucket (3)
aj,tar bucket (1)
ak,ten-quart water bucket (1)
al,twelve-quart water bucket (1)
am,wash bucket (1)
an,washer bucket (1)
ao,water bucket (133)
ap,water pail (26)
aq,well bucket (19)
ar,wood bucket (8)
as,wood pail (3)
at,wood water bucket (1)
au,wooden bucket (73)
av,wooden cedar bucket (3)
aw,wooden pail (9)
ax,wooden water bucket (6)
ay,wooden well bucket (2)
