Code,Response
A,aluminum skillet (2)
B,bake oven (1)
C,baker (37)
D,baker's skillet (1)
E,baking oven (1)
F,baking pan (1)
G,baking skillet (1)
H,biscuit baker (2)
I,black baker (1)
J,black iron fryer (1)
K,black iron skillet (4)
L,black skillet (11)
M,bread griddle (1)
N,bread hoe (2)
O,bread oven (2)
P,bread pan (2)
Q,cast-iron black skillet (1)
R,cast-iron skillet (17)
S,corn griddle (1)
T,corn-bread griddle (1)
U,corn-bread skillet (1)
V,creeper (1)
W,deep fryer (2)
X,deep-fat fryer (2)
Y,dinner pot [sic] (4)
Z,Dutch oven (109)
aa,eye hoe (1)
ab,fireplace baker (1)
ac,flat skillet (1)
ad,"four, un (F) (1)"
ae,French oven (1)
af,French skillet (1)
ag,fryer (15)
ah,frying pan (439)
ai,frying pan skillet (1)
aj,frying skillet (2)
ak,frypan (40)
al,granite pan (1)
am,griddle (18)
an,haceros (S) (1)
ao,heavy skillet (1)
ap,hoe (1)
aq,hoecake baker (6)
ar,hoecake skillet (2)
as,horseshoe spider (1)
at,iron fryer (4)
au,iron frying pan (5)
av,iron griddle (1)
aw,iron oven (1)
ax,iron pan (2)
ay,iron skillet (70)
az,iron spider (1)
ba,iron vessel (1)
bb,leg skillet (1)
bc,old-time oven (1)
bd,old-time skillet (1)
be,oven (58)
bf,pan (47)
bg,Pfanne (G) (1)
bh,poaching skillet (1)
bi,"poele, la (F) (2)"
bj,potato oven (2)
bk,potato skillet (1)
bl,roaster (2)
bm,roasting pan (1)
bn,roasting skillet (1)
bo,shallow baker (1)
bp,skillet (634)
bq,spider (80)
br,steel round skillet (1)
bs,steel skillet (1)
bt,three-legged iron kettle (1)
bu,three-legged skillet (2)
bv,tin skillet (3)
bw,tripod skillet (1)
bx,wrought-iron frying pan (1)
