Code,Response
A,aluminum pot (1)
B,bean pot (4)
C,black boiling pot (1)
D,black cast pot (1)
E,black cast-iron pot (1)
F,black dinner kettle (1)
G,black iron pot (4)
H,black kettle (8)
I,black pot (42)
J,black tub (1)
K,black washpot (4)
L,boil pot (2)
M,boiler (20)
N,boiler pan (1)
O,boiling pot (14)
P,brass kettle (3)
Q,brass pot (1)
R,camp pot (1)
S,cast-iron kettle (1)
T,cast-iron pot (11)
U,cast-iron washpot (2)
V,cauldron (7)
W,cazo (S) (1)
X,"chaudiere, la (F) (1)"
Y,clothes pot (3)
Z,cook pot (4)
aa,cooking kettle (1)
ab,cooking pot (7)
ac,copper kettle (3)
ad,country kettle (1)
ae,crock (1)
af,crock pot (1)
ag,dinner kettle (7)
ah,dinner pot (17)
ai,doughnut kettle (1)
aj,drum (1)
ak,granite pot (1)
al,graniteware pot (1)
am,iron black pot (1)
an,iron crock (1)
ao,iron kettle (38)
ap,iron pot (88)
aq,iron washpot (4)
ar,kettle (362)
as,kettle pot (1)
at,laundry tub (2)
au,lye pot (1)
av,metal pot (1)
aw,metal tub (1)
ax,number-three tin tub (1)
ay,number-three tub (1)
az,number-three washtub (1)
ba,old-fashion iron pot (1)
bb,old-timey black cook pot (1)
bc,old-timey cast iron pot (1)
bd,old-timey pot (1)
be,old-timey washpot (1)
bf,paila (S) (1)
bg,pot (264)
bh,potbelly kettle (1)
bi,preserving kettle (1)
bj,round kettle (2)
bk,round pot (1)
bl,salt pot (2)
bm,scalding pot (1)
bn,soap kettle (1)
bo,soup kettle (2)
bp,steam kettle (1)
bq,steel pot (1)
br,stew boiler (1)
bs,stewer (4)
bt,stewing pot (1)
bu,stewpot (5)
bv,sugar boiler (1)
bw,sugar kettle (7)
bx,syrup boiler (1)
by,syrup kettle (22)
bz,thirty-gallon washpot (1)
ca,three-legged iron kettle (1)
cb,tin pot (1)
cc,tin tub (3)
cd,tub (32)
ce,twenty-gallon kettle (1)
cf,vat (3)
cg,Waschtopf (G) (1)
ch,wash boiler (3)
ci,wash kettle (57)
cj,wash pan (2)
ck,wash skillet (1)
cl,washing pot (1)
cm,washing tub (1)
cn,washpot (396)
co,washtub (32)
cp,water kettle (5)
cq,wood tub (1)
cr,wooden drum (1)
cs,wooden tub (1)
ct,wrought-iron pot (1)
cu,zinc tub (2)
