Code,Response
A,faucet (664)
B,hydrant (48)
C,kitchen faucet (2)
D,knob (1)
E,pet cock (1)
F,robinet (F) (1)
G,spicket (126)
H,spigot (38)
I,spocket (1)
J,spout (11)
K,spraucet (1)
L,sprocket (1)
M,tap (23)
N,valve (1)
O,water faucet (16)
P,water spicket (4)
Q,water turner (1)
R,waterspout (2)
aa,faucet (303)
ab,hose faucet (1)
ac,hydrant (219)
ad,outdoor faucet (1)
ae,outdoor spigot (1)
af,outlet faucet (1)
ag,outside faucet (10)
ah,outside hydrant (1)
ai,outside spicket (4)
aj,sill cock (1)
ak,spicket (157)
al,spigot (33)
am,spout (2)
an,standard (1)
ao,tap (7)
ap,valve (2)
aq,water faucet (10)
ar,water fountain (1)
as,water hydrant (6)
at,water spicket (3)
au,water tap (1)
av,yard faucet (1)
aw,yard spicket (1)
ba,beer faucet (1)
bb,bung (8)
bc,bunghole (4)
bd,cedar faucet (1)
be,faucet (217)
bf,faucet thing (1)
bg,fountain (1)
bh,hydrant (9)
bi,knob (1)
bj,nozzle (4)
bk,peg (2)
bl,pet cock (1)
bm,spicket (110)
bn,spigot (58)
bo,spit (1)
bp,spout (60)
bq,sprocket (1)
br,tap (24)
bs,valve (1)
bt,water faucet (5)
bu,water hydrant (1)
bv,water spicket (2)
bw,waterspout (1)
bx,wooden faucet (5)
by,wooden spicket (2)
