Code,Response
A,cheesecloth (1)
B,cloth (11)
C,cotton dishcloth (1)
D,cup towel [sic] (1)
E,dish towel [sic] (32)
F,dish-wash cloth (1)
G,dishcloth (208)
H,dishrag (495)
I,dishwasher [sic] (1)
J,dishwashing cloth (1)
K,fertilize sack (1)
L,kitchen towel (1)
M,lavette (F) (1)
N,piece of cloth (2)
O,rag (36)
P,rinse cloth (1)
Q,small towel (1)
R,soapy rag (1)
S,towel [sic] (2)
T,towel rag (1)
U,Waschlappen (G) (1)
V,wash towel (1)
W,washcloth (48)
X,washing rag (1)
Y,washrag (43)
Z,wet dishrag (1)
aa,"white, clean rag (1)"
