Code,Response
A,clean cloth (1)
B,clean rag (1)
C,cloth (16)
D,cup towel (49)
E,dish towel (250)
F,dish-cleaning towel (1)
G,dishes cloth (1)
H,dishcloth (60)
I,dishrag (40)
J,dry cloth (52)
K,dry dishrag (2)
L,dry rag (29)
M,dry towel (7)
N,dryer [sic] (2)
O,dryer cloth (1)
P,drying cloth (154)
Q,drying dish towel (1)
R,drying dishcloth (1)
S,drying rag (86)
T,drying towel (40)
U,flour sack (3)
V,hand dish towel (1)
W,hand towel (2)
X,kitchen cloth (1)
Y,kitchen dry towel (1)
Z,kitchen towel (4)
aa,rag (18)
ab,salt sack (1)
ac,scrub cloth (1)
ad,sugar sack (1)
ae,tea towel (14)
af,terry dishcloth (1)
ag,towel (73)
ah,wash towel (1)
ai,washcloth (2)
aj,washrag (2)
ak,wipe cloth (2)
al,wiping cloth (2)
am,wiping rag (1)
an,wore-out shirt (1)
