Code,Response
A,bag (77)
B,bag of beans (1)
C,bag of cloth (2)
D,bag of fertilizer (2)
E,bag of flour (12)
F,bag of meal (1)
G,bag of sugar (7)
H,bale sack (1)
I,bagging sack (1)
J,bran sack (1)
K,cambric sack (1)
L,chicken-feed sack (1)
M,close bag (1)
N,cloth bag (80)
O,cloth poke (1)
P,cloth sack (110)
Q,clothes bag (1)
R,clover sack (1)
S,cotense (S) (1)
T,cotton bag (9)
U,cotton-cloth sack (1)
V,cotton-picking sack (2)
W,cotton sack (37)
X,cow-feed sack (1)
Y,double-end sack (1)
Z,eight-barrel sack (1)
aa,feed bag (4)
ab,feed sack (13)
ac,fertilize sack (2)
ad,fertilizer bag (2)
ae,fertilizer sack (2)
af,fifty-pound bag (7)
ag,fifty-pound sack (of flour) (8)
ah,five-pound bag (1)
ai,five-pound sack (2)
aj,flour bag (10)
ak,flour poke (2)                          (4)
al,flour sack (146)
am,flowery sack (1)
an,forty-eight-pound sack (2)
ao,hundred-pound bag (8)
ap,hundred-pound sack (14)
aq,laundry bag (1)
ar,light sack (1)
as,meal bag (1)
at,meal poke (1)
au,meal sack (17)
av,muslin sack (1)
aw,oat sack (2)
ax,osnaburg sack (2)
ay,pick sack (4)
az,picking sack (1)
ba,poke (3)
bb,poke of flour (3)
bc,pound bag of rice (1)
bd,print sack (2)
be,printed sack (1)
bf,reinforced sack (1)
bg,sack (358)
bh,sack of bran (2)
bi,sack of coffee (3)
bj,sack of cotton (1)
bk,sack of cottonseed (1)
bl,sack of flour (56)
bm,sack of meal (5)
bn,sack of oats (2)
bo,sack of sugar (14)
bp,seed sack (2)
bq,sugar bag (2)
br,sugar sack (21)
bs,ten-pound bag (sugar) (1)
bt,tobacco sack (1)
bu,tomato sack (1)
bv,towel sack (1)
bw,twelve-pound sack (1)
bx,twenty-five-pound bag (3)
by,twenty-five-pound sack (2)
bz,twenty-four pound bag (1)
ca,twenty-four-pound flour sack (1)
cb,twenty-four-pound sack (of flour)
cc,two-bushel sack (1)
cd,white cloth sack (1)
ce,white cotton bag (1)
cf,white cotton sack (1)
cg,white flour sack (1)
ch,white sack (6)
