Code,Response
A,black snake (2)
B,black-snake whip (1)
C,board whip (1)
D,box plait (1)
E,buggy quirt (1)
F,buggy switch (5)
G,buggy whip (124)
H,bullwhip (6)
I,cow whip (9)
J,crop (10)
K,four plait (1)
L,goad (2)
M,hickory (1)
N,horsewhip (10)
O,lash (3)
P,little-old switch thing (1)
Q,mule whip (1)
R,ox whip (2)
S,oxgoad (1)
T,plaited deal (1)
U,pole (for oxen) (1)
V,pop whip (1)
W,prod (1)
X,quirt (13)
Y,rawhide whip (2)
Z,riding crop (2)
aa,riding strap (1)
ab,riding switch (1)
ac,riding whip (2)
ad,rope (2)
ae,saddle whip (1)
af,six-plait <whip> (1
ag,slapstick (1)
ah,squirt [sic] (1)
ai,stick  (3)
aj,stock and whip (1)
ak,strap (2)
al,switch (35)
am,wagon whip (1)
an,whip (666)
ao,willow wand (1)
