Code,Response
A,barrel (95)
B,bin (2)
C,bottle (12)
D,box (of lard) (1)
E,bucket (141)
F,can (221)
G,carton (2)
H,case [sic] (3)
I,churn (3)
J,container (2)
K,cruet (1)
L,demijohn (1)
M,dip bucket (1)
N,display stand (1)
O,drum (10)
P,earthen jug (1)
Q,frame (1)
R,fruit jar (1)
S,glass bowl (1)
T,glass container (1)
U,glass jar (5)
V,glass jug (1)
W,half barrel (1)
X,hogshead (8)
Y,jar (25)
Z,jug (55)
aa,keg (21)
ab,larder [sic] (1)
ac,manteca (S) (1)
ad,metal container (1)
ae,metal (syrup) can (1)
af,metal tin can (1)
ag,milking churn (1)
ah,molasses gate barrel (1)
ai,package (1)
aj,pail (9)
ak,pitcher (20)
al,pot (1)
am,rack [sic] (1)
an,ruster (1)
ao,shelf [sic] (1)
ap,stand (122)
aq,stone churn (1)
ar,stone jar (1)
as,stone jug (3)
at,tin [sic] (5)
au,tin can (12)
av,tin pail (2)
aw,tin (syrup) bucket (6)
ax,tray (3)
ay,tub (18)
az,vat (2)
ba,washtub (1)
bb,wooden barrel (3)
bc,wooden bucket (1)
bd,wooden container (1)
be,wooden pail (1)
bf,wooden tray (1)
bg,wooden tub (2)
