Code,Response
A,arm (2)
B,arm of wood (7)
C,armful (119)
D,armful of fodder (1)
E,armful of wood/stovewood (135)
F,armload (75)
G,armload of corn (2)
H,armload of wood/firewood (109)
I,armsful of wood (1)
J,bag of corn (1)
K,barrel (1)
L,brasse de bois (F) (1)
M,bunch of corn (1)
N,bundle (11)                              stovewood/timber (81)
O,burlap bag full (1)
P,bushel (88)
Q,bushel and a half (1)
R,bushel measure (1)
S,bushel of corn (109)
T,bushel sack full (1)
U,carload of feed (1)
V,chance [sic] (1)
W,crow's nest (1)
X,double armful (1)
Y,drag [sic] (1)
Z,"few sticks, a (1)"
aa,fifty-pound bag (1)
ab,five pecks (1)
ac,four or five bushels (1)
ad,four pecks (1)
ae,gag of corn (1)
af,grinding [n.] (1)
ag,grist (3)
ah,grist of corn (2)
ai,half [sic] (1)
aj,half a bag (1)
ak,half a bushel (28)
al,half a load (59)
am,half a rick (3)
an,half a truck (1)
ao,half a wagon (3)
ap,half a wagonload (1)
aq,half bushel (10)
ar,half cart (1)
as,half full (1)
at,half load (22)
au,half of a load (4)
av,handful (1)
aw,hopperful (1)
ax,hundred pounds of corn (1)
ay,hundred pounds of wood (1)
az,jack of wood (=jag?) (1)
ba,jag (22)
bb,jag of corn (1)
bb,turn of wheat (4)
bc,jag of a load (1)
bd,jag of wood (12)
be,jagful (1)
bf,jib of wood (=jag?) (1)
bg,light load (3)
bh,load (45)
bi,load full (1)
bj,load of corn (15)
bk,load of wood/firewood/
bl,measure (1)
bm,mess [sic] (2)
bn,milling of corn (5)
bo,"moudage, un (F) (1)"
bp,pack of wood (1)
bq,paper sack full of corn (1)
br,part load (7)
bs,part of a load (21)
bt,partial load (8)
bu,peck (41)
bv,peck of corn (25)
bw,pen [sic] (1)
bx,pickup load (1)
by,piece (1)
bz,piece of a load (23)
ca,pile of wood (2)
cb,rack (1)
cc,rack of wood (1)
cd,ration of corn (1)
ce,rick (6)
cf,rick and a half (1)
cg,rick of wood (10)
ch,sack (4)
ci,sack of corn (13)
cj,sackful (3)
ck,sackful of corn (1)
cl,shirttail of wood (1)
cm,short load (2)
cn,small load (3)
co,slack load (1)
cp,stack (1)
cq,three or four bushels (1)
cr,tote [n.] (2)
cs,trailer load (1)
ct,truckload (4)
cu,turn (55)
cv,turn of corn (133)
cw,turn of fodder (1)
cx,turn of meal (11)
cy,turn of turnips (1)
cz,turn of vegetables (1)
da,turn of water (1)
dc,turn of wood/firewood/
dd,two bushels (6)
de,two-horse wagonload (1)
df,wagon box of corn (2)
dg,wagon full (1)
dh,wagon of corn (1)
di,wagonload (31)
dj,wagonload of cotton (1)
dk,wash pan full (1)
dl,washtubful (1)
dm,wheelbarrow load (1)
dn,wheelbarrowful (1)
do,yard [sic] (1)
