Code,Response
A,bag (17)
B,bag sack (1)
C,bagging sack (8)
D,bark sack (1)
E,bean sack (1)
F,blue upper (1)
G,bran sack (1)
H,burlap (n.) (3)
I,burlap bag (110)
J,burlap sack (92)
K,burlap tow sack  (1)
L,burly sack [sic] (1)
M,canvas bag (2)
N,canvas sack (1)
O,chicken-feed sack (1)
P,chop bag (1)
Q,coal sack (1)
R,coffee sack (2)
S,corn bag (1)
T,cornsack (33)
U,crocus bag (21)
V,crocus sack (244)
W,croker (n.) (1)
X,croker bag (35)
Y,croker sack (127)
Z,dumping sack (1)
aa,feed bag (3)
ab,feed sack (45)
ac,fertilize sack [sic] (6)
ad,fertilizer bag (1)
ae,fertilizer sack (1)
af,frog sack (1)
ag,grain sack (2)
ah,granny sack [sic] (1)
ai,grass bag (2)
aj,grass sack (76)
ak,Grassack (1)
al,guano bag (1)
am,guano sack (15)
an,gunny-bag (1)
ao,gunnysack (141)
ap,hamper sack (1)
aq,hay sack (1)
ar,hemp sack (2)
as,hopsack (2)
at,Irish-potato bag (1)
au,jute bag (11)
av,jute bagging (1)
aw,jute sack (8)
ax,Kroger sack [sic] (1)
ay,lime sack (1)
az,Manila sack (1)
ba,meal sack (4)
bb,morral (1)
bc,oat sack (3)
bd,onion sack [=crocus] (1)
be,pea sack (1)
bf,peanut sack (1)
bg,peat sack (1)
bh,poke sack (1)
bi,poke [sic] (1)
bj,potato bag (8)
bk,potato burlap (1)
bl,potato sack (25)
bm,rye sack (1)
bn,sac de pique (1)
bo,sack (56)
bp,sea-grass sack (1)
bq,seed bag (1)
br,seed sack (2)
bs,shipping bag (1)
bt,shipping sack (1)
bu,short sack (1)
bv,tote sack (14)
bw,tow bag (10)
bx,tow sack (340)
by,towed/toad sack (2)
bz,tung-oil sack (1)
ca,wheat bag (1)
cb,white feed sack (1)
cc,white sack (1)
