Code,Response
A,bottle stopper (8)
B,bottle cork (1)
C,bottle top (5)
D,bouchon (F) (1)
E,bum (1)
F,bung (4)
G,bung stopper (1)
H,cob (9)
I,cob stopper (1)
J,copper cork (1)
K,corcho (S) (1)
L,cork (612)
M,cork concern (1)
N,cork cork (1)
O,cork stopper (92)
P,cork stopple (1)
Q,cork top (1)
R,corn(cob) stopper (1)
S,corncob (13)
T,corncob stopper (1)
U,cote de mais (F) (1)
V,glass bottle top (1)
W,glass cork (3)
X,glass stopper (18)
Y,glass top (2)
Z,paper stopper (1)
aa,peg (4)
ab,plastic cork (1)
ac,plug (4)
ad,rag stopper (1)
ae,rubber stopper (4)
af,stop(per) (4)
ag,stopper (420)
ah,stopple (2)
ai,top (29)
aj,wooden plug (1)
ak,wooden stopper (5)
