Code,Response
A,basin (1)
B,basket (519)
C,basket of clothes (2)
D,bucket (5)
E,clothes bag (2)
F,clothes basket (195)
G,clothes boiler (1)
H,clothes box (1)
I,clothes bucket (1)
J,clothes sack (1)
K,cotton basket (for clothes) (1)
L,dishpan (13)
M,foot tub (12)
N,galvanized tub (1)
O,hamper (=clothes basket) (2)
P,hamper bag (1)
Q,hamper basket (3)
R,hand basket (1)
S,homemade basket (2)
T,laundry bag (7)
U,laundry basket (55)
V,pail (3)
W,pan (10)
X,rinsing tub (1)
Y,sack (1)
Z,tub (29)
aa,wash basket (13)
ab,wash pan (2)
ac,washtub (7)
ad,wicker basket (3)
ae,wire basket (1)
af,wooden tub (1)
ag,woven basket (1)
ah,zinc pan (1)
ai,zinc tub (1)
aj,zinc washtub (1)
