Code,Response
A,band (18)
B,buggy tire (1)
C,cerc(le) (F) (1)
D,feather (2)
E,felly (undefined) (49)
F,felly (=rim) (16)
G,felly (=tire) (2)
H,felly (section of wheel) (73)
I,felly band (1)
J,frame (=wooden rim) (1)
K,hoop (7)
L,iron band (11)
M,iron part (2)
N,iron rim (16)
O,iron tire (16)
P,llantas (S) (1)
Q,metal band (1)
R,metal rim (12)
S,metal ring (1)
T,metal strip (1)
U,metal tire (4)
V,outer rim (2)
W,outer rung (1)
X,outer wheel (1)
Y,outside rim (1)
Z,rim (undefined) (226)
aa,rim (=felly) (3)
ab,rim (=tire/metal) (161)
ac,rim (wooden/tire goes over) (133)
ad,rimming (2)
ae,ring (5)
af,spinner (=felly) (1)
ag,steel band (4)
ah,steel plate (=iron tire) (1)
ai,steel rim (10)
aj,steel ring (2)
ak,steel tire (8)
al,tire (metal or undefined) (213)
am,tire (wooden) (3)
an,tread (1)
ao,two-piece felly (1)
ap,wagon felly (3)
aq,wagon rim (4)
ar,wagon tire (27)
as,wheel (outside part) (2)
at,wheel casing (1)
au,wheel rim (2)
av,wheel tire (1)
aw,wood rim (9)
ax,wood tire (1)
ay,wooden felly (2)
az,wooden rim (7)
ba,wooden tire (1)
