Code,Response
A,airplane [sic] (1)
B,arado (S) (2)
C,beam [sic] (1)
D,bedder (2)
E,blackland plow (1)
F,boll weevil sweep (1)
G,bottom plow (11)
H,break(er/ing) plow (35)
I,bull tongue (plow/scooter/stock)
J,buster (plow) (13)
K,buzzard wing sweep (1)                    (18)
L,camping planter (1)
M,cast plow (2)
N,charrue [F] (1)
O,charrue double [F] (2)
P,charrue simple [F] (2)
Q,chisel plow (2)
R,chopper (3)
S,colter (1)
T,combination stock (1)
U,common plow (2)
V,corn planter (2)
W,cotton planter (4)
X,cricket (1)
Y,cultivator (plow) (49)
Z,cutaway (2)
aa,cutting plow (2)
ab,deadening plow (1)
ac,diamond (2)
ad,disc plow/turner (34)
ae,double bit (1)
af,double-bladed plow (1)                   (4)
ag,double buster (1)
ah,double(-)foot(ed) (plow) (3)
ai,double hill plow (1)
aj,double-horse plow (2)
ak,double-mule plow (1)
al,double plow (stock) (20)
am,double scrape (1)
an,double shovel (plow) (67)
ao,double stock (4)
ap,drag (scraper) (2)
aq,five-foot(ed) plow (2)
ar,flat-bottom turner (1)
as,flat-bottom (turning) plow (4)
at,flat-break plow (1)
au,flatland plow (1)
av,four-foot (plow) (1)
aw,furrow opener (1)
ax,furrowing plow (2)
ay,gang plow (7)
az,garden plow (10)
ba,gee whiz (plow) (6)
bb,go-devil (7)
bc,gopher (plow) (2)
bd,grasshopper (stock) (3)
be,half plow (1)
bf,half shovel (plow) (16)
bg,half turner (1)
bh,hand plow (10)
bi,hill plow/sweep (5)
bj,hillside plow/turner/turning plow
bk,horse-drawn plow (1)
bl,horse plow (2)
bm,job-down plow (1)
bn,landside (plow) (3)
bo,lay(ing)-off plow/stock (9)
bp,left-hand (turning) (plow) (5)
bq,levee plow (1)
br,level-land plow (3)
bs,lister (1)
bt,magnolia (1)
bu,middle breaker (3)
bv,middle splitter (8)
bw,middlebuster (143)
bx,moldboard (plow) (11)
by,mule plow/scraper/cultivator (5)
bz,newground plow (5)
ca,one-horse (single) (plow) (9)
cb,one little-old horse plow (1)
cb,one-row cultivator/planter/plow
cc,one-mule planter (1)
cc,one-stock plow (1)
cd,one-stop plow (1)
ce,open(ing) plow (2)
cg,planter (10)
ch,planting plow (1)
ci,plow (stock/tool) (574)
cj,pony plow/turner (1)
ck,potato plow (1)
cl,push plow (4)
cm,ratchet stock (2)
cn,reversible (turning) plow (2)
co,riding (one-row) cultivator (2)
cp,riding (sulky) plow (4)
cq,right-hand (turning) plow (4)
cr,root plow (2)
ct,round shovel (5)
cu,row plow (1)
cv,scoop (stock) (2)
cw,scooter (plow/stock) (42)
cx,scrape(r) (20)
cy,scratcher (5)
cz,share plow (1)
da,shovel (plow/stock/sweep) (31)
db,side plow/sweep (2)
dc,single bit (1)
dd,single-bladed plow (1)
de,single(-)foot(ed) (2)
df,single (plow) (stock) (28)
dg,single-point plow (1)
dh,single shaft (plow) (1)
di,single shovel (plow) (6)
dj,single stock (plow) (21)
dk,single stop [sic] (1)
dl,single turning plow (1)
dm,singletree plow (1)
dn,sixteen-inch bottom plow (1)
do,slap-wing plow (1)
dp,slat wing (plow) (1)
dq,sodbuster (1)
dr,solid (wing) (plow) (2)                  turning plow (20)
ds,spading plow (1)
dt,stalk-cutter (1)
du,steel(-)beam (turning) (plow) (15)
dv,steel middlebuster (1)
dw,steel (wing) plow (5)                    (6)
dx,stock plow (1)
dy,straddle jack (1)
dz,straight plow/stock/shovel (8)
ea,straight-top plow (1)
eb,stump puller (1)
ec,subsoil plow (1)
ed,subsoiler (4)
ee,sulky plow (2)
ef,sweep (plow/stock) (60)
eg,sweeping plow (1)
eh,terrace plow (1)
ei,three-bottom plow (1)
ej,three-foot (plow) (3)
ek,three-team plow (1)
el,throw-out plow (1)
em,til(ler) plow (1)
en,tobacco plow (1)
eo,tractor plow (4)
ep,turn plow/shovel (54)
eq,turner (plow) (11)
er,turning plow/shovel (264)
es,twelve-inch middlebuster (1)
et,twister (3)
eu,two-bottom plow (1)
ev,two-horse cultivator/plow/turner/
ew,two-mule riding plow (1)
ex,two-row planter (4)
ey,two-way plow (1)
ez,walking cultivator/planter/plow
fa,wheat planter (1)
fb,wheel plow (2)
fc,wing (turning) plow (4)
fd,wood(en)-beam plow (3)
