Code,Response
A,a-hauling (8)
B,car(ry) (=haul) (1)
C,carried (2)
D,carry (6)
E,carrying (38)
F,cart off (1)
G,carting (9)
H,delivering (17)
I,delivers (1)
J,(did) hauling (n.) (1)
K,drawing (3)
L,expressing (1)
M,(freight/public) hauling (n.) (2)
N,haul (236)
O,haul across (1)
P,haul ass (=move out) (1)
Q,haul away (3)
R,haul in (6)
S,haul off (8)
T,haul off (and do something) (3)
U,haul out (5)
V,haul up (10)
W,hauled (67)
X,hauled away (1)
Y,hauled in (6)
Z,hauled off (6)
aa,hauled out (2)
ab,hauled up (1)
ac,hauler (n.) (3)
ad,hauling (517)
ae,hauling in (2)
af,hauling off (3)
ag,hauling out (1)
ah,hauling up (1)
ai,hauls (6)
aj,logged off (=hauled off) (1)
ak,logging (5)
al,(long) hauls (n.pl.) (3)
am,making a run (1)
an,move (1)
ao,moving (11)
ap,moving along (1)
aq,pull (1)
ar,pulled (1)
as,pulling (2)
at,run (=haul) (1)
au,running (=hauling illicitly) (1)
av,snake (=haul and drag) (1)
aw,taking (1)
ax,taking (a load) (1)
ay,tote (1)
az,toted (1)
ba,toting (4)
bb,transferring (1)
bc,transporting (7)
