Code,Response
A,carrousel (8)
B,fly jenny (1)
C,flying Dutchman (1)
D,flying horse (6)
E,flying-horse thing (1)
F,flying jenny (304)
G,flying mare (3)
H,ginning wheel (1)
I,go-around (1)
J,hobbyhorse [sic] (2)
K,horse (2)
L,jenny (7)
M,jenny stripe (1)
N,Maypole [sic] (1)
O,merry-go-ride (1)
P,merry-go-round (403)
Q,ocean well (1)
R,riding horse (2)
S,riding something (1)
T,ridy-horse (4)
U,ring around (1)
V,roundhouse board (1)
W,runaround (1)
X,see horse [sic] (1)
Y,seesaw [sic] (2)
Z,sky scooter (1)
aa,spin wheel (1)
ab,spinning board (1)
ac,spinning jenny (9)
ad,spinning saw (1)
ae,spinning wheel (5)
af,swing around (1)
ag,swinger (1)
ah,swinger-go-round (1)
ai,swinging horse (1)
aj,swinging jenny (1)
ak,tee-tottle (1)
al,teeter-totter [sic] (4)
am,turnaround (1)
an,turning horse (1)
ao,turnstyle (1)
ap,volador (3)
aq,vomit wheel (1)
ar,wagon wheel (1)
as,wheel (3)
at,wheelhorse (1)
au,whirl jenny (1)
av,whirlaround (3)
aw,whirligig (21)
ax,whirlimajig (1)
ay,whirling dervish (1)
az,whirling horse (1)
ba,whirling seat (1)
bb,whirliwig (1)
bc,whirlybird (2)
bd,windmill (1)
be,wing jenny (1)
