Code,Response
A,bench (1)
B,block (1)
C,brace (2)
D,brake (1)
E,break (1)
F,buck  (2)
G,buck bench (1)
H,buck horse (1)
I,bucking horse (1)
J,bucksaw (1)
K,bucksaw rack (2)
L,carpenter's bench (1)
M,carpenter's horse (1)
N,carriage (2)
O,chop block (9)
P,chopping block (5)
Q,cradle (5)
R,crib (1)
S,cross (1)
T,cross log (1)
U,crossbar (1)
V,crossbuck (1)
W,crossties (1)
X,draw horse (1)
Y,fork (of wood) (1)
Z,frame (4)
aa,hand stick (1)
ab,holder (1)
ac,horse (49)
ad,horseshoe (1)
ae,jack (8)
af,log frame (1)
ag,log holder (1)
ah,log horse (1)
ai,log rack (1)
aj,log scaffold (1)
ak,rack (63)
al,rack for wood (1)
am,ramp (1)
an,rick (3)
ao,saw bench (3)
ap,saw block (3)
aq,saw jack (5)
ar,saw rack (29)
as,saw tree (1)
at,sawbuck (44)
au,sawhorse (108)
av,sawing rack (2)
aw,scaffold (3)
ax,see horse (1)
ay,some kind of a cross (1)
az,stob (1)
ba,support (2)
bb,trestle (3)
bc,triangle chopper (1)
bd,wood bench (1)
be,wood brace (1)
bf,wood buck (1)
bg,wood frame (3)
bh,wood sawhorse (1)
bi,wood scaffold (1)
bj,wood stand (1)
bk,wood-chopping place (1)
bl,wooden horse (3)
bm,woodhorse (1)
bn,woodrack (60)
bo,workhorse (1)
bp,X-frame (5)
bq,yard rack (1)
br,yoke (1)
ca,A-frame (17)
cb,bench (2)
cc,bracing (1)
cd,buck (1)
ce,bucksaw (1)
cf,burro (=sawhorse) [Sp.] (1)
cg,carpenter horse (5)
ch,carpenter trestle (1)
ci,carpenter's bench (1)
cj,carpenter's horse (3)
ck,carriage (1)
cl,cotton rack (1)
cm,cutting horse (1)
cn,draw horse (2)
co,frame (2)
cp,horse (187)
cq,horse bench (1)
cr,horse frame (1)
cs,jack (2)
ct,jack frame (1)
cu,jack horse (2)
cv,johnny horse (1)
cw,les horses [mixed Fr./Eng.] (1)
cx,quilting horse (1)
cy,rack (2)
cz,saddle horse (1)
da,saw bench (7)
db,saw dog (triangular base) (1)
dc,saw rack (3)
dd,sawbuck (3)
de,sawhorse (236)
df,scaffold (5)
dg,scaffolding (5)
dh,see horse (1)
di,set of horses (1)
dj,trestle (8)
dk,trestle bench (1)
dl,trestle horse (2)
dm,triangle (1)
dn,wood frame (1)
do,wood jack (1)
dp,wooden horse (9)
dq,woodhorse (5)
dr,woodrack (2)
ds,work bench (5)
dt,workhorse (14)
ea,bench (5)
eb,block [X] (2)
ec,brace (2)
ed,buck (1)
ee,bucksaw (4)
ef,burro [Sp.] [A] (3)
eg,caballos [Sp.] (1)
eh,carpenter burro[A] (1)
ei,carpenter horse (2)
ej,carpenter's horse (1)
ek,chop block [X] (1)
el,chopping block [X] (15)
em,cradle [X] (2)
en,frame (3)
eo,horse (59)
ep,jack (2)
eq,knockdown (modern portable metal
er,log frame [X] (1)
es,lumber horse [A] (1)
et,quilting horse (1)
eu,rack [X] (16)
ev,rack for wood [X] (1)
ew,rack to saw wood in [X] (1)
ey,Sagebock [Grmn.] (1)
ez,saw (1)
fa,saw bench (3)
fb,saw dog (1)
fc,saw frame (3)
fd,saw jack (1)
fe,saw rack [X] (8)
ff,saw rick [X] (1)
fg,sawbuck [X] (8)
fh,sawhorse (89)
fi,scaffold (3)
fj,see horse (1)
fk,stand (1)
fl,trestle (6)
fm,two-legged sawhorse (1)
fn,wood block [X] (1)
fo,wood cradle [X] (1)
fp,wood frame (1)
fq,wood rick [X] (1)
fr,wooden horse (4)
fs,wooden house [sic] (1)
ft,wooden trestle (1)
fu,woodhorse (6)
fv,woodrack [X] (15)
fw,work bench [A] (3)
fx,workhorse (3)
fy,workhorse bench [A] (1)
