Code,Response
A,balance seesaw (2)
B,bandy billa (1)
C,banky bow (1)
D,boggum by (1)
E,hobby (1)
F,horse (1)
G,horse buggy (1)
H,jenny horse (1)
I,jigsaw (1)
J,johnny mowers (1)
K,jump board (1)
L,riding board (1)
M,riding horse (8)
N,ridy-horse (27)
O,ridy-horsey (1)
P,rocking horse (1)
Q,rocky horse (3)
R,sawbuck (1)
S,sawhorse (8)
T,see board (1)
U,see horse (16)
V,seesaw (768)
W,seesaw horse (2)
X,seesaw horsey (1)
Y,seesawsy (1)
Z,spring board (1)
aa,teeter (3)
ab,teeter saw (1)
ac,teeter teets (1)
ad,teeter-totter (65)
ae,teeter-totter thing (1)
af,teeterboard (6)
ag,teetering plank (1)
ah,teether (1)
ai,windmill (1)
