Code,Response
A,A-Model (1)
B,auto (22)
C,auto buggy (2)
D,automobile (355)
E,car (832)
F,char (F) (1)
G,chariot (1)
H,Chevrolet (1)
I,Chrysler roadster (1)
J,courtesy car (1)
K,Dodge (1)
L,Dort (1)
M,dune buggy (1)
N,electric car (1)
O,family car (1)
P,flip-flop (1)
Q,flivver (1)
R,Ford (1)
S,Ford automobile (1)
T,Ford car (1)
U,gas burner (1)
V,heap (1)
W,horseless buggy (2)
X,hot rod (1)
Y,Hup automobile (1)
Z,jalopy (5)
aa,jeep (3)
ab,jeep car (1)
ac,jigger (1)
ad,jitney (2)
ae,John Henry (1)
af,Jordan automobile (1)
ag,limousine (3)
ah,machine (7)
ai,Model-A (1)
aj,Model-A coupe (1)
ak,Model-T (2)
al,Model-T car (1)
am,Model-T Ford (2)
an,motor (1)
ao,motor buggy (2)
ap,motor vehicle (1)
aq,motorcar (1)
ar,passenger car (1)
as,rattletrap Ford (1)
at,ride (2)
au,riding car (1)
av,roadster (1)
aw,sedan (1)
ax,station wagon (2)
ay,T-Model (8)
az,T-Model car (2)
ba,T-Model Ford (2)
bb,three-wheel car (1)
bc,Tin Lizzie (2)
bd,Tin-Pan Lizzie (1)
be,touring car (1)
bf,touring Ford (1)
bg,vehicle (21)
bh,wheels (5)
