Code,Response
A,anvil wheel (1)
B,ax grinder (6)
C,ax sharpener (2)
D,ax wheel (1)
E,bed stone (1)
F,big whetrock (2)
G,big whetstone on a wheel (1)
H,blade sharpen(er) (1)
I,Carborundum stone (1)
J,cement stone (1)
K,emery (1)
L,emery grindstone (1)
M,emery rock (8)
N,emery stone (8)
O,emery wheel (38)
P,grease wheel (1)
Q,"grind, a (1)"
R,grind rock (103)
S,grind wheel (3)
T,grinder (30)
U,grinder stone (1)
V,grinding mill [sic] (1)
W,grinding rock (92)
X,grinding stone (103)
Y,grinding wheel (25)
Z,grindstone (374)
aa,ground machine (1)
ab,honing wheel (1)
ac,knife grinder (2)
ad,knife sharpen(er) (1)
ae,limestone (1)
af,mill rock (1)
ag,millstone (=grindstone) (1)
ah,oilstone (1)
ai,rock (3)
aj,sand-grit wheel (1)
ak,sandrock (1)
al,sharpen rock (1)
am,sharpener (2)
an,sharpening rock (2)
ao,sharpening stone (4)
ap,sharpening wheel (4)
aq,sickle grinder (1)
ar,soapstone (1)
as,spinning stone (1)
at,stone (19)
au,stone grinder (2)
av,stone wheel (3)
aw,turning stone (1)
ax,waterwheel (1)
ay,wheel (8)
az,wheel file (1)
ba,whet wheel (1)
bb,whetrock (with treadle/handle) (6)
bc,whetstone (turns) (4)
