Code,Response
A,ash bucket (2)
B,ash hopper (1)
C,big bucket (1)
D,bucket (135)
E,charcoal bucket (1)
F,coal bin (2)
G,coal bucket (223)
H,coal hamper (1)
I,coal hod (18)
J,coal hopper (1)
K,coal pail (4)
L,coal pot (2)
M,coal scoop (2)
N,coal scut(tle) (1)
O,coal scuttle (140)
P,coal shuttle (=scuttle) (14)
Q,coal thing (1)
R,coal tub (1)
S,coal vase (=hod) (1)
T,galvanize bucket (1)
U,gutter (=scuttle) (1)
V,hamper (1)
W,hod (15)
X,hopper (2)
Y,little bucket (1)
Z,pail (13)
aa,scooter (1)
ab,scutter (=scuttle) (1)
ac,scuttle (175)
ad,scuttle bucket (4)
ae,shuttle (=scuttle) (8)
af,tin bucket (2)
ag,tub (1)
ah,vase (for coal in house/ornamental (1)
