Code,Response
A,Arkansas hard stone (1)
B,Arkansas soft stone (1)
C,Arkansas stone (2)
D,butcher stone (1)
E,carbon rock (1)
F,Carborundum (1)
G,Carborundum file (2)
H,Carborundum stone (3)
I,emerald[=emery] board (1)
J,emery (9)
K,emery rock (19)
L,emery sharpener (1)
M,emery stone (7)
N,eye stone (1)
O,flint (3)
P,flint rock (3)
Q,flint stone (3)
R,grind rock (1)
S,grinding stone (small) (2)
T,hack cutter (1)
U,hack whetter (1)
V,hand rock (1)
W,handstone (1)
X,hard rock (1)
Y,hone (55)
Z,honing rock (2)
aa,honing stone (3)
ab,knife grinder (1)
ac,knife rock (3)
ad,knife sharpener (12)
ae,knife stone (1)
af,lathe (1)
ag,limestone (1)
ah,little rock (2)
ai,little stone (1)
aj,oil rock (4)
ak,oilstone (12)
al,piece of granite (1)
am,piece of stone (1)
an,pocket stone (1)
ao,razor hone (5)
ap,razor rock (6)
aq,razor stone (2)
ar,rock (46)
as,rock sharpener (1)
at,rockwhet [sic] (1)
au,sandrock (2)
av,sandstone (1)
aw,sawing sharpener (1)
ax,Schleifstein (G) (1)
ay,scythe stone (1)
az,scythes rock (1)
ba,sharpen rock [sic] (2)
bb,sharpen stone [sic] (1)
bc,sharpener (9)
bd,sharpening rock (4)
be,sharpening stone (11)
bf,sickle rock (1)
bg,slab (1)
bh,slip stone (1)
bi,stone (60)
bj,stone rock (2)
bk,sweet stone (1)
bl,whet knife [sic] (1)
bm,whet [sic] (2)
bn,whetrock (400)
bo,whetstone (263)
bp,whetstone rock (1)
bq,whetter (1)
br,whetting rock (1)
bs,whetting stone (5)
bt,whittle rock (1)
bu,whittling rock (1)
bv,whittling stone (2)
