Code,Response
A,brick flue (4)
B,brick stove flue (1)
C,chimley [=stovepipe/flue] (5)
D,chimley/chimney pipe (4)
E,chimney flue (1)
F,double flue (1)
G,draft [=flue] (1)
H,elbow (5)
I,elbow pipe (1)
J,elbow stovepipe (1)
K,flue [undefined] (133)
L,flue [=chimney/part of chimney] (44)
M,flue [=stovepipe/part of pipe] (30)
N,flue [pipe goes into/to chimney] (101)
O,flue [on stove/heater] (10)
P,flue connection (1)
Q,flue-like (1)
R,flue line (1)
S,flue pipe (2)
T,flume [fits into chimney] (1)
U,heater flue (1)
V,heater pipe [=stovepipe] (2)
W,kitchen flue (1)
X,metal pipe (1)
Y,piece of pipe (1)
Z,pipe (220)
aa,piping (4)
ab,smoke pipe (6)
ac,smokestack (8)
ad,stack (3)
ae,stove flue [undefined] (16)
af,stove flue [=chimney] (7)
ag,stove flue [=stovepipe] (3)
ah,stove joint (3)
ai,stove smokestack (1)
aj,stove stack (1)
ak,stovepipe (462)
al,stovepiping (2)
am,vent (5)
an,vent pipe (2)
ao,ventilation pipe (1)
