Code,Response
A,he/she/it ain't going (4)
B,he/she/it is/isn't going (3)
C,he/she/it was/wasn't going (51)
D,he/she/it were going (1)
E,he/she/it [X-0] going (43)
F,he/she/it [X-0] gwine (1)
G,he/she/it's going (99)
H,he/she/it's been going (1)
I,I ain't going (16)
J,I ain't gwine (1)
K,I am going (29)
L,I be[V-q] going (1)
M,I was/wasn't going (50)
N,I were going [subjunctive] (1)
O,I [X-0] been going (1)
P,I [X-0] going (10)
Q,I'm going (247)
R,I'm gwine (1)
S,I's going (4)
T,they ain't going (1)
U,they are/aren't going (30)
V,they be[V-q] going (1)
W,they is going (1)
X,they was/wasn't going (11)
Y,they were/weren't going (17)
Z,they [X-0] going (50)
aa,they [X-0] gwine (1)
ab,they're going (17)
ac,they's going (7)
ad,we ain't going (1)
ae,we are/aren't going (44)
af,we had been going (1)
ag,we was/wasn't going (5)
ah,we were/weren't going (16)
ai,we [X-0] going (39)
aj,we're going (33)
ak,we's going (2)
al,you ain't going (4)
am,you are/aren't going (2)
an,you was/wasn't going (14)
ao,you were/weren't going (10)
ap,you [X-0] going (67)
aq,you're going (14)
ar,you's going (2)
