Code,Response
A,African lamp (1)
B,all-night-long torch (1)
C,black fire pot (1)
D,bottle (3)
E,bottle lamp (16)
F,bottle light (4)
G,bottle wick (1)
H,burner (1)
I,camp light (1)
J,cloth (=flambeau) (1)
K,cloth torch (1)
L,coal-oil bottle (2)
M,coal-oil lamp (2)
N,coal-oil torch (1)
O,fire jack (1)
P,flambeau (163)
Q,flambeau deal (1)
R,flambeau light (2)
S,flambeau pot (1)
T,flamdozier (1)
U,flame (1)
V,flamethrower (1)
W,flare (10)
X,fusee (1)
Y,glut (1)
Z,grease lamp (21)
aa,grease light (5)
ab,grease pot (1)
ac,grease rag (1)
ad,hand lamp (1)
ae,headlight (2)
af,homemade lamp (7)
ag,homemade lantern (1)
ah,homemade light (1)
ai,homemade torch (1)
aj,hunting lamp (1)
ak,jack lamping (1)
al,jar lamp (1)
am,jumbo [sic] (1)
an,kerosene candle (1)
ao,kerosene lamp (3)
ap,kerosene torch (1)
aq,lamp (45)
ar,lamp jug (1)
as,lantern (39)
at,light (12)
au,lighter (1)
av,lighter knot (1)
aw,lighter-wood torch (1)
ax,lighterd torch (1)
ay,makeshift (n.) (2)
az,makeshift coal-oil lamp (1)
ba,makeshift lamp (2)
bb,makeshift light (1)
bc,mantle (=bottle light) (1)
bd,mechon (1)
be,nigger rigging (1)
bf,night-light (1)
bg,oil lamp (1)
bh,pine light (1)
bi,pine torch (7)
bj,pine-knot torch (1)
bk,pitch pot (1)
bl,rag lamp (3)
bm,rag smoke (1)
bn,rag torch (1)
bo,smoke pot (4)
bp,smudge (1)
bq,smudge pot (23)
br,smudge torch (1)
bs,splinter light (1)
bt,splinters (1)
bu,splinters of fat pine (1)
bv,tallow lamp (1)
bw,torch (164)
bx,torch lamp (1)
by,torchlight (2)
bz,wick (=lamp) (1)
ca,wick lamp (2)
