Code,Response
A,bit (1)
B,block [sic] (2)
C,color sample (2)
D,example (9)
E,fabric sample (3)
F,fabric scrap (1)
G,guide (3)
H,match (n.) (3)
I,match piece (1)
J,matching scrap (1)
K,material (2)
L,patch (9)
M,patch of cloth (3)
N,pattern (=scrap) (2)
O,pattern patch (1)
P,piece (6)
Q,piece of (your) cloth (6)
R,piece of goods (2)
S,piece of material (1)
T,piece to see by (1)
U,quilt scraps (1)
V,reference (1)
W,remnant (7)
X,sample (592)
Y,sample of the material (1)
Z,sampler (1)
aa,sampling (n.) (1)
ab,scrap (56)
ac,scrap of a rag (1)
ad,scrap of cloth (3)
ae,scrap of material (4)
af,scrap piece (4)
ag,scrap sample (1)
ah,something [P-0] go by (1)
ai,splotch (=swatch) (1)
aj,square (3)
ak,square piece of cloth (1)
al,swatch (42)
am,swatch of cloth (7)
an,swatch of material (2)
ao,switch (=swatch) (1)
ap,test (n.) [sic] (1)
aq,trimming (1)
ar,wad <of cloth> (1)
