Code,Response
A,allover suit (1)
B,apron overalls (1)
C,baggy pants (1)
D,bell-bottom trousers (1)
E,bell top (1)
F,bib overalls (6)
G,blue denim pants (1)
H,blue denims (2)
I,blue jeans (80)
J,blue overalls (1)
K,breeches (208)
L,buckskin pants (1)
M,cords (1)
N,corduroy pants (1)
O,cotton trousers (1)
P,country boy's overalls (1)
Q,coverall suit (1)
R,coveralls (105)
S,coverhauls (5)
T,creek-water breeches (1)
U,denim overalls (1)
V,denims (1)
W,dress pair of pants (1)
X,dress pants (5)
Y,dress pantses (1)
Z,drip-dry pants (1)
aa,Duck Heads (3)
ab,ducking breeches (1)
ac,ducking overalls (1)
ad,ducking pants (1)
ae,ducking suit (1)
af,duds (1)
ag,dungarees (18)
ah,everyday pants (2)
ai,Farmer Brown (1)
aj,fatigues (1)
ak,flannel trousers (1)
al,heavy goods (=jeans) (1)
am,homemade pants (1)
an,ice-cream pants (1)
ao,jean breeches (2)
ap,jean pants (3)
aq,jeans (80)
ar,jeans breeches (1)
as,jump suit (15)
at,jumper suit (2)
au,jumper(s) (=pants) (9)
av,khaki breeches (1)
aw,khaki pants (13)
ax,khaki(s) (21)
ay,knee breeches (1)
az,knee-length pants (1)
ba,knee pants (7)
bb,knickerbottoms (1)
bc,knickers (4)
bd,knit pants (1)
be,knits (1)
bf,knockabout clothes (1)
bg,leather breeches (1)
bh,Levi's (8)
bi,long breeches (1)
bj,long pants (3)
bk,made overhauls (1)
bl,N and W (1)
bm,overall pants (3)
bn,overalls (451)
bo,overhaul pants (3)
bp,overhaul suit (2)
bq,overhauls (98)
br,painter's overalls (1)
bs,pair of breeches (3)
bt,pair of jeans (2)
bu,pair of overalls (3)
bv,pair of pants (34)
bw,pair of trousers (1)
bx,pair of Unionalls (1)
by,pantalones (S) (2)
bz,pantaloons (2)
ca,pants (703)
cb,pantses (3)
cc,peg leg (1)
cd,peg pants (2)
ce,peg-top pants (1)
cf,pinstriped overalls (1)
cg,pistol-legged breeches (1)
ch,Red Fox (1)
ci,riding breeches (1)
cj,roll pants (1)
ck,seersuckers (1)
cl,short breeches (1)
cm,short pants (5)
cn,slacks (104)
co,snickers (1)
cp,striped trousers (1)
cq,Sunday-go-to-meeting pants (1)
cr,Sweetwater breeches (1)
cs,tight-legged jeans (1)
ct,trous(ers) (4)
cu,trousers (435)
cv,tux pants (1)
cw,two-pants suit (1)
cx,Union Hauls (1)
cy,Unionalls (4)
cz,unions (1)
da,waist breeches (1)
db,waist pants (1)
dc,waist trousers (1)
dd,whistle breeches (1)
de,white-duck trousers (1)
df,white ducks (1)
dg,work clothes (8)
dh,work overalls (1)
di,work pants (15)
dj,work trousers (1)
