Code,Response
A,bag (undifferentiated) (25)
B,bag (=change purse) (2)
C,bag (=handbag) (7)
D,billfold (80)
E,billfolder (5)
F,carrying bag (1)
G,chain [=change] purse (1)
H,change bag (1)
I,change pocketbook (1)
J,change pouch (1)
K,change purse (118)
L,cloth pouch (1)
M,clutch purse (1)
N,coin case (1)
O,coin bag (4)
P,coin pouch (2)
Q,coin purse (154)
R,evening purse (1)
S,hand pocketbook (1)
T,hand purse (3)
U,hand sack (1)
V,hand satchel (2)
W,handbag (113)
X,knapsack (1)
Y,leather bank (=man's wallet) (1)
Z,leather pocketbook (=man's) (2)
aa,leather pouch (1)
ab,little evening bag (1)
ac,little leather pouch (1)
ad,little-old pocketbook (=man's) (1)
ae,money bag (2)
af,money coin (=money purse) (1)
ag,money poke (1)
ah,money pouch (3)
ai,money purse (3)
aj,money sack (5)
ak,penny purse (1)
al,pocket (2)
am,pocket purse (2)
an,pocketbook (undifferentiated) (237)
ao,pocketbook (=change purse) (51)
ap,pocketbook (=handbag) (37)
aq,pocketbook (=man's billfold) (3)
ar,pouch (undifferentiated) (6)
as,pouch (=change purse) (4)
at,pouch (=handbag) (1)
au,purse (undifferentiated) (517)
av,purse (=change purse) (44)
aw,purse (=handbag) (71)
ax,purse chain (=change purse?) (1)
ay,reticule (1)
az,sack (1)
ba,satchel (10)
bb,shopping bag (1)
bc,shopping book (1)
bd,shoulder bag (7)
be,small pocketbook (=coin purse) (3)
bf,small purse (1)
bg,snap pocketbook (1)
bh,snap-on pocketbook (1)
bi,(to)bacco sack (2)
bj,tote bag (3)
bk,valise (1)
bl,wallet (49)
