Code,Response
A,admire herself (2)
B,be beautiful (1)
C,beautify (herself) (10)
D,beauty up (herself) (3)
E,deck out/decked out (4)
F,dike (2)
G,dike up/diked up (9)
H,diked out (3)
I,doll (herself) up/dolled up (55)
J,dress/dressed (72)
K,dress fine/nice/well/etc. (24)
L,dress her hair (1)                       up (15)
M,dress (herself) out nice (1)
N,dress to go out (1)
O,dress to kill (1)
P,dress up/dressed up (321)
Q,dress up fancy (2)
R,dressed in finery (1)
S,dude up/duded up (3)
T,fancy up (1)                             makeup (7)
U,fix/fixed (3)
V,fix (her) face (10)
W,fix her hair (1)
X,fix herself up (pretty) (4)
Y,fix up (herself)/fixed up (16)
Z,fix up nice (1)
aa,fixed up raring to roam (1)             war paint on (3)
ab,foxed up (1)
ac,get fancy (1)
ad,get on a dike (1)
ae,get pretty (3)
af,get ready (12)
ag,get sharp (1)
ah,groom (4)
ai,gussied up (3)
aj,kill time (1)
ak,loaded for bear (1)
al,look at herself [=primp] (2)
am,look groomy (1)
an,look pretty/good/etc. (7)               (14)
ao,make a nice showing (1)
ap,make (her) face (1)
aq,make (herself) body beautiful (1)
ar,make (herself) (look)
as,make herself show up (1)
at,make (herself) up/make up
au,make up her face (5)
av,paint herself (1)
aw,paint up (1)
ax,pamper (1)
ay,party [v.] [=dress up] (1)
az,pimpoter [F] (1)
ba,powder (1)
bb,powder and paint her face (1)
bc,powder her nose (1)
bd,powder up (1)
be,preen (herself) (4)
bf,prettify (1)
bg,pretty (herself) up/prettied
bh,pretty it up (1)
bi,primp (423)
bj,primp up/primped up (62)
bk,primped out (1)
bl,prince up (2)
bm,priss around (1)
bn,put (her) makeup on/put on (her)
bo,put on a lot of makeup (1)
bp,put on an Indian face (1)
bq,put on cosmetics (1)
br,put on her face (1)
bs,put on her lip rouge (1)
bt,put on (her) war paint/put (her)
bu,put on pretty clothes (1)
bv,put on the dog (3)
bw,put on the glad rags (1)
bx,put on [sic] (1)
by,rag [v.] (1)
bz,rouged up (1)
ca,show (herself) off (4)
cb,show (herself) up (1)
cc,slick down (2)
cd,slick up (1)
ce,spread on (1)
cf,spruce (herself) up/spruced up
cg,style up (1)
ch,tidy (herself) up (1)
ci,togged up (1)
cj,tricked out (1)
ck,try to look good (1)
cl,use makeup (1)
cm,wear nice clothes (1)
cn,well-dressed (8)
da,clean up/cleaned up (2)
db,deck out/decked out (3)
dc,dike up/diked up (3)
dd,diked out (2)
de,doll up (hisself)/dolled up (16)
df,dress/dressed (19)
dg,dress (himself) out nice (1)
dh,dress nice/well/etc. (8)
di,dress up/dressed up (121)
dj,dressed fit to kill (1)
dk,dude (hisself) up/duded up (10)
dl,fix (1)
dm,fix his hair (1)
dn,fix up (himself)/fixed up (6)
do,fuss over his appearance (1)
dp,get ready (9)                           down (3)
dq,get sharp (1)
dr,get together (1)
ds,groom (himself) (14)                    (6)
dt,gussied up (1)
du,look clean (1)
dv,look neat (1)
dw,look sharp (1)
dx,look slick (1)
dy,preen (3)
dz,pretty hisself up (1)
ea,primp (142)
eb,primp up (11)
ec,put on (his) monkey suit (1)
ed,put on style in a big way (1)
ee,put on the dog (3)
ef,rerag (1)
eg,sharped up (2)
eh,sheik down (1)
ei,sheik up (3)
ej,shine up/shined up (2)
ek,show off (2)
el,slick down (his hair)/slicked
em,slick up/slicked up (8)
en,spruce (himself) up/spruced up
eo,style up (1)
ep,style [v.] (1)
eq,tidy up (1)
er,togged up (1)
