Code,Response
A,bead necklace (4)
B,beaded necklace (3)
C,beads (347)
D,chain of beads (4)
E,cluster of beads (1)
F,collar (=beads) (1)
G,doodads (=beads) (1)
H,double string (1)
I,glass beads (1)
J,necklace (396)
K,necklace of beads (4)
L,pair  (4)
M,pair of beads (53)
N,pair of pearls (1)
O,pearl beads (3)
P,pearl necklace (4)
Q,pearls (40)
R,rope beads (1)
S,rope of beads (1)
T,row of beads (2)
U,set of beads (4)
V,set of pearls (1)
W,strand (5)
X,strand of beads (20)
Y,strand of pearls (4)
Z,string (20)
aa,string of [sic.] (2)
ab,string of beads (338)
ac,string of gold beads (1)
ad,string of pearls (27)
ae,two strands (2)
