Code,Response
A,all (across/around) (11)
B,all the way (420)
C,all the [incomplete] (2)
D,all the [N-0] (1)
E,all ways (1)
F,all [D-0] way (20)
G,clam (1)
H,clean (85)
I,clear (92)
J,clear right (1)
K,completely (3)
L,entirely (1)
M,flam (1)
N,flat (1)
O,full (length) (2)
P,jam (1)
Q,plumb (172)
R,plumb right (3)
S,right (22)
T,slam (18)
U,slap (7)
V,smack (1)
W,straight (across/around) (10)
X,straight clean (1)
Y,straight out (1)
Z,way (across) (2)
aa,whole (length/width) (3)
ab,whole way (2)
