Code,Response
A,basin land (1)
B,blackjack country (1)
C,blackland prair(ie) (1)
D,bottom(s) (6)
E,bottomland (2)
F,clover land (1)
G,coastal prairie (1)
H,cow pasture (1)
I,dale (1)
J,delta(s) (5)
K,field (of grass) (17)
L,flat(s) (5)
M,flat country (2)
N,flat field (1)
O,flat piece of land (1)
P,flatland(s) (13)
Q,glade (2)
R,glen (1)
S,grass prairie (1)
T,grassland(s) (18)
U,grassy lowlands (1)
V,grassy piece of land (1)
W,graze land (1)
X,grazer patch (1)
Y,grazing field (2)
Z,grazing land (8)
aa,grazing pasture (1)
ab,green (1)
ac,green meadow (1)
ad,green pasture (1)
ae,hammock land (1)
af,hay bottom (1)
ag,hay land (1)
ah,hay meadow (19)
ai,hay pasture (1)
aj,hayfield(s) (30)
ak,hollow (3)
al,lawn (1)
am,lea (1)
an,level fields (1)
ao,light land (1)
ap,low country (1)
aq,lowland (field) (20)
ar,marsh(es) (2)
as,marshland (5)
at,meadow(s) (247)
au,meadow field (1)
av,meadowland (9)
aw,no-good land (2)
ax,open country (1)
ay,open field (1)
az,open land (1)
ba,pasture (129)
bb,pasture ground (1)
bc,pasture-type land (1)
bd,pastureland (43)
be,plain(s) (9)
bf,plain land (1)
bg,pond side (1)
bh,poor land (8)
bi,prairie(s) (71)
bj,prairie country (1)
bk,prairie ground (1)
bl,prair(ie) land (12)
bm,prair(ie) meadow (1)
bn,ranchland (1)
bo,raw land (1)
bp,round prairie (1)
bq,sage field (2)
br,sandy hammock (1)
bs,savanna (1)
bt,seepy place (1)
bu,slags [=swags] (1)
bv,straw field (1)
bw,"stubble, a (1)"
bx,swag (2)
by,swamp (3)
bz,timothy field (1)
ca,valley (6)
cb,wasteland (2)
cc,weak land (1)
cd,wetland(s) (3)
ce,wheat field (1)
