Code,Response
A,afghan (kina of quilt/crocheted) (1)
B,bed quilt (1)
C,bedcover (similar to quilt) (1)
D,bedspread (
E,blanket (=quilt) (2)
F,blanket (has batting on it) (1)
G,bowtie quilt (1)
H,Cinderella quilt (1)
I,colchas (=quilts) (S) (1)
J,comfort (121)
K,comfort quilt (1)
L,comforter (74)
M,counterpane (hand-pieced) (1)
N,counterpane (like comfort) (1)
O,coverlet (like quilt) (7)
P,crazy quilt (8)
Q,Cuba (=quilt?) (1)
R,dollar quilt (1)
S,down comfort (2)
T,down comforter (1)
U,downies (1)
V,eiderdown (=comforter) (2)
W,feather bed (cover) (1)
X,flower-garden quilt (1)
Y,heavy quilt (1)
Z,homemade quilt (7)
aa,old-time quilt (1)
ab,patch quilt (5)
ac,patchwork (1)
ad,patchwork quilt (9)
ae,piece quilt (3)
af,pieced bedcover (1)
ag,quilt (757)
ah,quilt (patchwork) (7)
ai,quilt (pieced) (5)
aj,spread (like a quilt) (1)
ak,string quilt (1)
al,tack comfort (1)
am,tack quilt (1)
an,Wagon-wheel quilt (1)
ao,wool comfort (1)
could,quilt) (1)
