Code,Response
A,backwater land (1)
B,bank(s) (12)
C,barrio [S] (1)
D,basin (4)
E,bay field(s) (1)
F,bed [of river/stream] (2)
G,black bottom (soil) (2)
H,blackland(s) (5)
I,bog (1)
J,bottom(s) (213)
K,bottom country (2)
L,bottom dirt (1)
M,bottom field(s) (5)
N,bottom ground (1)
O,bottom pasture (1)
P,bottom places (1)
Q,bottom section (1)
R,bottom soil (1)
S,bottomland(s) (403)
T,branch bottom(s) (6)
U,branch side (1)
V,built-up land (1)
W,clay bottom (1)
X,coastal plain (2)
Y,coulee [low dip] (1)
Z,creek bed (6)
aa,creek(-)bottom land(s)
ab,cropland (1)
ac,damp land (1)
ad,delta bottomlands (1)
ae,delta (land) (42)
af,delta section (1)
ag,easement (1)
ah,fertile bottomland (1)
ai,flat(s) (19)
aj,flat lowland (2)
ak,flatland (31)
al,flatwoods (land) (2)
am,floodland (5)
an,floodplain(s) (5)
ao,hammock (land) (5)
ap,hollow (land) (2)
aq,lake bottom (1)
ar,level land (1)
as,low bottom(s) (4)
at,low flatland (1)
au,low foundation (1)
av,low ground (4)
aw,low-lying (land) (4)
ax,low marshy land (1)
ay,low pastureland (1)
az,low piece of land (1)
ba,low place (4)
bb,low spot (1)
bc,low wetland (1)
bd,lower bottom (1)
be,lower flat (1)
bf,lower land (2)
bg,lowland(s) (145)
bh,lowland bottom (1)
bi,lowland field (1)
bj,made land (2)
bk,marsh (3)
bl,marsh field (1)
bm,marshland (2)
bn,Mississippi bottom(s) (2)
bo,Mississippi Delta (2)
bp,moisture land (1)
bq,muck farms (1)
br,muckland (3)
bs,newground [=bottoms] (2)
bt,overflow land (5)
bu,rice field (1)
bv,rice land (1)
bw,rich ground (1)
bx,rich piece of bottomland (1)
by,rich river-bottom land (1)
bz,river basin (1)
ca,river-bottom farm (1)
cb,river(-)bottom (land) (60)
cc,river flat (2)
cd,river land (3)
ce,river valley (2)
cf,riverbank (1)
cg,riverbed(s) (12)
ch,riverfront land (1)
ci,rocky bottom (1)
cj,sand ridge [close to river] (1)
ck,sand(-)soak (land) (2)
cl,savannas (1)
cm,seeps [n.] (1)
cn,slough [sic] (2)
co,sobby (bottom)land (1)
cp,swale (1)
cq,swamp fields (1)
cr,swampland (4)
cs,valley(s) (21)
ct,wash place (1)
cu,wet bottomland (1)
cv,wet-natured land (1)
cw,wetland (7)
