Code,Response
A,backwater (2)
B,bay (4)
C,baygall (4)
D,bayhead (1)
E,bayou (3)
F,bayou land (2)
G,bog (31)
H,bog swamp (1)
I,boggy land (5)
J,boggy place (3)
K,boggy-type land (1)
L,boghole (1)
M,bottomland (2)
N,brake (2)
O,brake land (1)
P,branch head (1)
Q,brushy swamp (1)
R,catfish swamp (1)
S,cedar swamp (1)
T,crawfish ground (1)
U,crawfish land (2)
V,crawfishy area (1)
W,crawfishy land (1)
X,creek swamp (3)
Y,cypress brakes (1)
Z,cypress swamp (7)
aa,cypress-tree land (1)
ab,damp land (2)
ac,damp place (1)
ad,dry swamp (1)
ae,flat(s) (3)
af,flat ponds (1)
ag,flat swamp (1)
ah,flatland (1)
ai,flooded land (1)
aj,fresh marsh (1)
ak,frog level (1)
al,frog pond (4)
am,glade (2)
an,gooey land (1)
ao,gummy land (1)
ap,hammock (4)
aq,hog wallow (1)
ar,lagoon (6)
as,live-oak pond (1)
at,low ground (2)
au,low place (3)
av,lower land (1)
aw,lowland(s) (21)
ax,mango swamps (1)
ay,mangrove swamp (1)
az,marsh (35)
ba,marshland (8)
bb,marshy ground (2)
bc,marshy land (8)
bd,marshy place (1)
be,marshy swamp (1)
bf,marshy swampland (1)
bg,mashy land (1)
bh,mashy place (1)
bi,mire (1)
bj,moisture places (1)
bk,muck (2)
bl,muck land (1)
bm,mucky land (3)
bn,mud flats (1)
bo,mud lashes (1)
bp,mud mashy place (1)
bq,muddy swamp (1)
br,mudhole (3)
bs,mushy place (1)
bt,myrtle swamp (1)
bu,overflow (1)
bv,overflow land (2)
bw,pin-oak glades (1)
bx,pine swamp (1)
by,pond (28)
bz,"pond-like, a (1)"
ca,pondy place (2)
cb,pony land (1)
cc,poor land (2)
cd,prairie (2)
ce,prairie tremblante [F] (1)
cf,quarry [sic] (1)
cg,reed brakes (4)
ch,river swamp (8)
ci,seepage (1)
cj,seepish land (1)
ck,seepy place (2)
cl,sinkhole (2)
cm,slag (1)
cn,slash (5)
co,slash land (1)
cp,slosh (1)
cq,sloshy place (1)
cr,slough(s) (41)
cs,slough-like (2)
ct,slough of water (1)
cu,slush (2)
cv,sobby land (1)
cw,soggy bottom (1)
cx,soggy land (4)
cy,spillover area (1)
cz,spring land (1)
da,spring seep (1)
db,stagnant water (1)
dc,surfaced land (1)
dd,swag (2)
de,swamp (585)
df,swamp area(s) (3)
dg,swamp country (3)
dh,swamp ground (1)
di,"swamp-like, a (1)"
dj,swamp marshy land (1)
dk,swamp place (1)
dl,swamp water (2)
dm,swampland (117)
dn,swampy area (6)
do,swampy ground (3)
dp,swampy land (45)
dq,swampy low swaggy place (1)
dr,swampy place (7)
ds,swampy-type land (1)
dt,swampy water (1)
du,swampy wet place (1)
dv,tadpoly land (1)
dw,timber swamp (1)
dx,trembling prairie (1)
dy,wasteland (3)
dz,water-sob place (1)
ea,wet bottom (field) (2)
eb,wet flat (1)
ec,wet marsh (1)
ed,wet place (1)
ee,wet-natured land (2)
ef,wet spot (1)
eg,wetland (13)
eh,wilderness (1)
ei,willow swamp (1)
ej,woods land (2)
