Code,Response
A,air mattress (1)
B,Baptist pallet (8)
C,bed (on the floor) (2)
D,"bed down, a [sic] (1)"
E,bed on the floor (6)
F,bed pad (1)
G,bedroll (5)
H,bedticking (1)
I,blanket (on the floor) (1)
J,bunk (8)
K,cot (on the floor) (1)
L,do-away bed (1)
M,down bed (1)
N,feather bed (4)
O,fill mattress [sic] (1)
P,flat bed (1)
Q,floor pack (1)
R,floor pallet (2)
S,hard-shell pallet (1)
T,laid-down bed (1)
U,made-down bed (3)
V,make down (n.?) (1)
W,mat(s) (7)
X,mattress (and) blanket (2)
Y,mattress (on the floor) (13)
Z,mattress bed (1)
aa,mattress quilt (1)
ab,Methodist pallet (3)
ac,pad (12)
ad,pad-like (1)
ae,padding (1)
af,pallet (719)
ag,pat [sic] (1)
ah,put-down-on-the-floor bed (2)
ai,quilt (=pallet) (3)
aj,roll (1)
ak,shakedown (1)
al,shuck bed (1)
am,shuck mattress (1)
an,sleeping bag (24)
ao,sleeping pad (1)
ap,straw mattress (1)
aq,straw tick (2)
ar,throw bed (1)
as,tick (2)
at,trial bed (1)
