Code,Response
A,beach (soil/etc.) (2)
B,Black Belt (soil) (5)
C,black buckshot (3)
D,black clay (8)
E,black gumbo (land) (11)
F,black loam (soil) (9)
G,black loamy (land/soil) (1)
H,black muck soil (1)
I,black mucky clay (1)
J,black sandy land (1)
K,blackjack (land) (4)
L,blackland (prairie/soil) (79)
M,blue buckshot land (1)
N,blue clay (2)
O,brown loam (2)
P,buck dough (land) (2)
Q,buckshot (ground/land) (81)
R,buckshotty (land) (4)
S,caliche (dirt) (5)
T,chert (bottomland) (4)
U,cherty lands (1)
V,clay buckshot (1)
W,clay (land/soil/etc.) (296)
X,clay-like (1)
Y,clay loam (11)
Z,clay sand (2)
aa,clayey (1)
ab,corduroy land (1)
ac,crawdad land (2)
ad,crawfish (clay/land/etc.) (22)
ae,crawfishy (land/stuff) (23)
af,creek sand (1)
ag,delta (land/soil) (4)
ah,dipper land (1)
ai,gray loam (1)
aj,gray sand (2)
ak,gumbo (land/etc.) (105)
al,gumbo clay (3)
am,hill gumbo (1)
an,ice-cream land (1)
ao,jumbo [=gumbo] (land/soil) (1)
ap,lime (rock) (soil) (6)
aq,limestone (rock/soil) (7)
ar,limy (land/soil) (2)
as,loam (land/soil/etc.) (217)
at,loamus soil (1)
au,loamy (land/etc.) (60)
av,loess (3)
aw,marl (soil) (5)
ax,Mississippi loam (1)
ay,muck (soil) (22)
az,"muck-like, a (1)"
ba,muck loam (1)
bb,muck-type soil (1)
bc,muckland(s) (11)
bd,mucky (black) (soil) (11)
be,mucky-type black soil (1)
bf,mulatto (1)
bg,Natchez loam (1)
bh,palmetto land (2)
bi,peat (moss/muck) (4)
bj,post oak (land/prairie) (7)
bk,post-oaky dirt (1)
bl,post-oaky-type sand (1)
bm,prairie (land/soil/etc.) (10)
bn,prairie gumbo (1)
bo,red clay (79)
bp,red Georgia clay (1)
bq,red clay-like (1)
br,red gumbo (1)
bs,red mulatto (2)
bt,red sand (3)
bu,redbud land (4)
bv,river sand (3)
bw,rocky loam (1)
bx,salitre [S] (1)
by,salt land (1)
bz,salt-heavy land (1)
ca,salty (land/soil) (3)
cb,sand (land/soil/etc.) (100)
cc,sand clay (3)
cd,sand loam (4)
ce,sandsoap land (1)
cf,sandstone (land) (2)
cg,sandy clay (3)
ch,sandy chocolate loam (1)
ci,sandy (land/soil/etc.) (277)
cj,sandy-like (1)
ck,sandy loam (land/soil) (122)
cl,sandy-loam-type soil (1)
cm,sandy loamy land (1)
cn,sandy-stone land (1)
co,sharky clay (1)
cp,silk clay loam (1)
cq,silt loam (1)
cr,slate (land) (3)
cs,slaty land (1)
ct,soapstone (clay) (3)
cu,soddy (soil) (2)
cv,stiff land (8)
cw,sweet dirt (1)
cx,Tift loam (1)
cy,white clay (6)
cz,white glady buckshotty soil (1)
da,white loamy land (1)
db,white muck (1)
dc,white sand (4)
dd,white sandy land (2)
de,yellow clay (4)
df,yellow gumbo (1)
