Code,Response
A,alto (S) (1)
B,bald (n.) (1)
C,bald hill (1)
D,bald knob (5)
E,bank (7)
F,bench (1)
G,bench land (1)
H,bluff (4)
I,bump (3)
J,butte (F) (2)
K,chenier (F) (2)
L,clay hills (4)
M,clay ridge (1)
N,"cote, une (F) (2)"
O,creek swamp hill (1)
P,crest (4)
Q,dam [sic] (1)
R,dividing ridge (1)
S,double-S hill (1)
T,elevation (1)
U,escarpment (1)
V,foothill(s) (6)
W,front ridge (1)
X,gopher mound (1)
Y,grade (2)
Z,gravel ridge (1)
aa,gray hill (1)
ab,high place (2)
ac,high plains (1)
ad,highland (5)
ae,hill (791)
af,hill country (10)
ag,hill knob (3)
ah,hill land (17)
ai,hill-like (2)
aj,hill-like thing (1)
ak,hill place (1)
al,hill section (3)
am,hillock (2)
an,hillside (33)
ao,hillside land (1)
ap,hilltop (2)
aq,hilly country (5)
ar,hilly ground (1)
as,hilly land (17)
at,hilly place (1)
au,hilly section (1)
av,hummock (1)
aw,hump (8)
ax,incline (10)
ay,Indian knoll (1)
az,Indian mound (7)
ba,knob (131)
bb,knob hill (7)
bc,knob of land (1)
bd,knoll (106)
be,loam [sic] (1)
bf,lump (2)
bg,mold (1)
bh,mole (1)
bi,molehill (1)
bj,mound (85)
bk,mound of dirt (1)
bl,mound of earth (2)
bm,pine hills (3)
bn,potato hill (1)
bo,potato knob (1)
bp,raise (n.) (1)
bq,red-clay hill (1)
br,ridge (33)
bs,ridge country (1)
bt,rise (44)
bu,rising (4)
bv,rocky hills (3)
bw,rolling ground (1)
bx,rolling land (2)
by,rolling section (1)
bz,rolly land (1)
ca,sandhill country (1)
cb,sandhill(s) (6)
cc,second bottom [sic] (1)
cd,shelf (1)
ce,slope (20)
cf,sloping land (1)
cg,steep hill (2)
ch,steep incline (1)
ci,tableland (1)
cj,terrace (3)
ck,town knob (1)
cl,upgrade (1)
cm,upland (2)
cn,wethill (1)
