Code,Response
A,alley [sic] (1)
B,alley-type thing (1)
C,brake (1)
D,channel (3)
E,coulee (2)
F,coupe [F] (1)
G,crack (in road) (1)
H,crevice (1)
I,culvert (1)
J,dip (1)
K,ditch (152)
L,drain (9)
M,drainage (3)
N,eroded land (1)
O,erosion ditch (1)
P,foot ditch (1)
Q,gorge (2)
R,gulch (4)
S,gullied hill (1)
T,gullied land (1)
U,gully (448)
V,gully type (1)
W,gully wash (1)
X,gutter (5)
Y,hole (5)
Z,hollow (1)
aa,low place (1)
ab,mud ditch (1)
ac,mud puddle (1)
ad,mudhole (3)
ae,passage (1)
af,pothole (4)
ag,rain ditch (1)
ah,rain-out area (1)
ai,run (3)
aj,runoff (1)
ak,rut (15)
al,sand gully (1)
am,sink (2)
an,slide (1)
ao,swag (2)
ap,tire rut (1)
aq,trench (30)
ar,wash (38)
as,wash hole (2)
at,wash place (2)
au,washaway (1)
av,washed place (1)
aw,washed-out area (1)
ax,washed-out ditch (1)
ay,washed-out gully (1)
az,washed-out place (2)
ba,washout (73)
bb,washout place (1)
bc,water channel (1)
bd,water ditch (1)
be,water drain (1)
bf,water furrow (2)
bg,water gully (1)
bh,water hole (1)
