Code,Response
A,arroyo [S] (8)
B,bayou [=ravine] (1)
C,borrow pit (1)
D,branch [sic] (1)
E,canal (12)
F,canyon (36)
G,canyon-like (1)
H,channel (8)
I,chasm (1)
J,coulee [=gully] (3)
K,coupe [F] (3)
L,cove (2)
M,creek [sic] (1)
N,creek bed (1)
O,crevasse [F] (2)
P,crevice (4)
Q,cutoff (1)
R,deep ditch (1)
S,deep gully (1)
T,deep thing (1)
U,ditch (78)
V,drain [n.] (4)
W,drain ditch (1)
X,drainage ditch (1)
Y,draw (8)
Z,dry bed (1)
aa,dry branch (1)
ab,dry creek (1)
ac,dry ditch (1)
ad,furrow (1)
ae,gap (1)
af,glade (1)
ag,gorge (40)
ah,gulch (10)
ai,gully (194)
aj,gully land (1)
ak,gully wash (3)
al,hollow (49)
am,inner hollow (1)
an,low place (1)
ao,pond [sic] (1)
ap,ravine (193)
aq,ravine-like (1)
ar,resaca (2)
as,riddle [sic] (1)
at,rift (1)
au,river gorge (1)
av,riverbed (1)
aw,sinkhole (2)
ax,slash (1)
ay,slough (3)
az,spring bed (1)
ba,suckhole (2)
bb,sump hole (1)
bc,trench (8)
bd,trough (1)
be,underground wash (1)
bf,valley (22)
bg,wash [n.] (34)
bh,wash drain (1)
bi,wash hole (1)
bj,washed-out place (3)
bk,washed-through (land) (1)
bl,washout (17)
bm,washout place (1)
bn,waterfalls [sic] (1)
