Code,Response
A,alley (1)
B,artesian well (3)
C,ba(you) (1)
D,bay(ou) (like river) (2)
E,bayou (=freshwater stream) (61)
F,beaver dam (=waterway) (1)
G,big boiling spring (1)
H,big creek (1)
I,big stream (3)
J,boiling spring (1)
K,branch (455)
L,branch head (2)
M,branch of a creek (2)
N,branch of a certain creek (1)
O,branch of the bayou (1)
P,branch of water (1)
Q,branch spring (2)
R,branch to the river (1)
S,brook (110)
T,canal (=natural stream) (3)
U,canal branch (1)
V,channel (2)
W,clear creek (1)
X,confluence (1)
Y,contributors (tributaries?) (1)
Z,coulee (=running water) (10)
aa,coulees of water (=gullies) (1)
ab,creek (740)
ac,creek branch (1)
ad,creek of water (1)
ae,creek run (1)
af,cutoff (creek through woods) (1)
ag,ditch (24)
ah,drain (8)
ai,draw (=creek/branch) (3)
aj,dribble (1)
ak,dry branch (2)
al,dry creek (1)
am,dry-weather branch (2)
an,everlasting spring (1)
ao,everlasting stream (1)
ap,feeder stream (1)
aq,flat stream (1)
ar,flowing stream (underground) (1)
as,flowing well (=running water) (2)
at,fork (=branch) (1)
au,fork(s) (=two streams) (5)
av,free-running branch (1)
aw,fresh stream (1)
ax,freshet (2)
ay,freshwater bayou (1)
az,freshwater creek (1)
ba,freshwater flowing stream (1)
bb,freshwater stream (1)
bc,gully (=stream) (8)
bd,gutter (=stream) (1)
be,head of the creek (2)
bf,heads (run in fields) (1)
bg,hollow (=stream) (3)
bh,little bayou (1)
bi,little branch (4)
bj,little creek (7)
bk,little river (3)
bl,little spring (1)
bm,little stream (3)
bn,little trickle (1)
bo,little-old branch (1)
bp,little-old creek (2)
bq,little-old stream (1)
br,main run (1)
bs,marsh creek (1)
bt,mountain spring (1)
bu,mountain stream (1)
bv,natural stream (1)
bw,neck of the branch (1)
bx,prong (=branch) (3)
by,race (moving water) (1)
bz,ravine (=stream) (7)
ca,reed brake (boggy stream) (1)
cb,riddle (=rivulet?) (1)
cc,rill (5)
cd,river (=stream) (2)
ce,rivulet (15)
cf,run (7)
cg,running creek (1)
ch,running ditch (1)
ci,running stream (5)
cj,running water(s) (3)
ck,seep (2)
cl,slough (=small creek) (14)
cm,slough-like  (1)
cn,small branch (1)
co,small creek (2)
cp,small river (2)
cq,small stream (14)
cr,small stream of water (5)
cs,source (=creek) (1)
ct,spring (172)
cu,spring branch (35)
cv,spring creek (1)
cw,spring runner (1)
cx,spring stream (1)
cy,spring water (3)
cz,springhead (2)
da,springhead branch (1)
db,stream (335)
dc,stream of water (17)
dd,stream water (1)
de,tributary (14)
df,trickle (3)
dg,wash (=water) (1)
dh,wash hole (=big spring) (1)
di,water spring (2)
dj,water stream (1)
dk,waterway (1)
dl,wet-weather branch (5)
dm,wet-weather creek (1)
dn,wet-weather spring (2)
do,wet-weather stream (3)
