Code,Response
A,back bay (1)
B,backwater (6)
C,basin (3)
D,bay (51)
E,bayou (105)
F,bayou bank (1)
G,bog (1)
H,bottomland (1)
I,brackish water (4)
J,brake (2)
K,branch (8)
L,cove (7)
M,creek (100)
N,dry creek (1)
O,estuary (3)
P,flats (1)
Q,floodland (1)
R,ford (1)
S,gulf (2)
T,inlet (31)
U,lagoon (7)
V,lake (5)
W,marsh (1)
X,mouth (1)
Y,mud flat (1)
Z,neck (2)
aa,outlet (1)
ab,pass (1)
ac,pond (4)
ad,saltwater creek (1)
ae,saltwater marsh (1)
af,shallow(s) (2)
ag,slip (1)
ah,slough (34)
ai,slough way (1)
aj,spillway (4)
ak,stream (9)
al,tidal basin (2)
am,tidal marsh (1)
an,tidal pool (2)
ao,tidal stream (1)
ap,tide creek (1)
aq,tidewater creek (1)
ar,tributaries (2)
as,tunnel of water (1)
at,waterway (1)
au,wet-weather branch (1)
av,wet-weather spring (2)
