Code,Response
A,barge canal (1)
B,bevel ditch (1)
C,blind ditch (2)
D,boat slip (1)
E,borrow ditch (1)
F,canal (212)
G,canal ditch (1)
H,canal-like (1)
I,canal something (1)
J,canal-type thing (1)
K,cement culvert (1)
L,channel (33)
M,coastal canal (1)
N,covered ditch (1)
O,creek (=ditch) (1)
P,culvert (4)
Q,cut (n.) (2)
R,dence (1)
S,ditch (586)
T,diversion ditch (1)
U,drain (n.) (27)
V,drain canal (1)
W,drain ditch (22)
X,drain tile (1)
Y,drainage (16)
Z,drainage canal (5)
aa,drainage ditch (75)
ab,drainage ditching (1)
ac,drainage furrow (1)
ad,drainage structure (1)
ae,dredge (n.) (3)
af,dredge ditch (8)
ag,dredged ditch (1)
ah,farm ditch (1)
ai,furrow (1)
aj,government drainage ditch (1)
ak,gully (10)
al,gutter (4)
am,hand ditch (1)
an,hand-ditched canal (1)
ao,hillside ditch (1)
ap,intercoastal canal (2)
aq,irrigation canal (1)
ar,irrigation ditch (9)
as,lateral ditch (1)
at,levee (=cut in field) (1)
au,natural channel (1)
av,open ditch (1)
aw,outlet (1)
ax,pipeline canal (1)
ay,raw sand ditch (1)
az,road ditch (2)
ba,sandbag ditch (1)
bb,ship channel (2)
bc,sleven ditch (1)
bd,slough (4)
be,steamboat channel (1)
bf,straight ditch (1)
bg,tile (4)
bh,trapping ditch (1)
bi,trench (106)
bj,trough (2)
bk,tunnel (3)
bl,valley [sic] (1)
bm,W-Fourteen diversion canal (1)
bn,water ditch (1)
bo,water furrow (1)
bp,waterway (1)
