Code,Response
A,anchor (n.) (3)
B,arbor (=harbor) (1)
C,bank (2)
D,boat depot (1)
E,boat dock (56)
F,boat land(ing) (2)
G,boat landing (36)
H,boat launching pad (1)
I,boat ramp (4)
J,boat slip (2)
K,boat stop (1)
L,boatyard (1)
M,channel (1)
N,city dock (1)
O,dirt bank (1)
P,dock (384)
Q,dockboard (1)
R,dry dock (1)
S,ferry landing (1)
T,fish dock (2)
U,fisherman's landing (1)
V,flatform (1)
W,floating dock (1)
X,freight depot (2)
Y,harbor (43)
Z,jetty (1)
aa,landing (63)
ab,landing place (2)
ac,landing port (2)
ad,launching (n.) (1)
ae,launching dock (1)
af,launching pad (1)
ag,levee (11)
ah,loading dock (7)
ai,loading port (1)
aj,loading ramp (1)
ak,log landing (1)
al,mail-boat landing (1)
am,marina (6)
an,pier (86)
ao,platform (2)
ap,port (51)
aq,railroad dock (1)
ar,ramp (6)
as,river landing (1)
at,river port (1)
au,riverfront (1)
av,runway (1)
aw,seaport (3)
ax,sea wharf (1)
ay,ship base (1)
az,ship channel (1)
ba,ship dock (1)
bb,ship house (1)
bc,ship landing (2)
bd,shipping dock (1)
be,shipping lock (1)
bf,shipping port (2)
bg,shipyard (4)
bh,shoal (1)
bi,shore (1)
bj,shrimp dock (1)
bk,slip (1)
bl,stage flat (1)
bm,station (1)
bn,stop (n.) (1)
bo,unloading dock (2)
bp,wharf (130)
