Code,Response
A,access road (3)
B,alley (road) (21)
C,alleyway (1)
D,allitagor trail (1)
E,asphalt drive (1)
F,avenue (6)
G,back road/street (2)
H,bicycle trail (1)
I,big road [sic] (1)
J,branch-off road (1)
K,branch road (1)
L,brechas [S] (1)
M,buggy road (1)
N,byroad (6)
O,byway (4)
P,car driveway (1)
Q,cattle crossing (3)
R,cattle gap (1)
S,cattle gate (1)
T,cattle pass (2)
U,cattle path (2)
V,cattle road (1)
W,cattle thing (1)
X,cattle trail (4)
Y,cattle underpass [sic] (1)
Z,community road (2)
aa,concrete driveway (1)
ab,country lane (2)
ac,country road (4)
ad,country side road (1)
ae,county road [sic] (1)
af,cow lane (1)
ag,cow pass (2)
ah,cow-pasture road (1)
ai,cow('s) path (26)
aj,cow trail (18)
ak,cutoff (2)
al,dead end (road) (3)
am,dirt road (15)
an,drive (52)
ao,drive-in (5)
ap,drive out (1)
aq,driveway (347)
ar,entrance (road) (3)
as,entranceway (1)
at,exit (1)
au,farm road (15)
av,fence road (1)
aw,field road (12)
ax,footpath (5)
ay,front drive (1)
az,gap [sic] (1)
ba,gap through (1)
bb,gravel driveway (1)
bc,graveled road (1)
bd,halfway road (1)
be,haul road (1)
bf,hog path (1)
bg,hog trail (1)
bh,home road (1)
bi,horse lane (1)
bj,horse trail (2)
bk,house trail (1)
bl,individual (little) road (2)
bm,lane (road) (322)
bn,laneway (1)
bo,lawn (1)
bp,little (narrow) road (4)
bq,lovers' lane (3)
br,main drive (1)
bs,meadow road (1)
bt,narrow road (2)
bu,narrow strip (1)
bv,neighborhood lane (1)
bw,neighborhood road (1)
bx,off road (1)
by,out road (2)
bz,outlet (1)
ca,parkway (1)
cb,pass (7)
cc,pasture road (4)
cd,path (171)
ce,"path-like, a (2)"
cf,pathway (10)
cg,pavement road (1)
ch,pig path (2)
ci,pig trail (6)
cj,plantation road (3)
ck,private drive (9)
cl,private driveway (4)
cm,private lane (2)
cn,private road (71)
co,property road (1)
cp,(rac)coon trail (1)
cq,ranch road (1)
cr,right-of-way (2)
cs,road (to the farm/house) (23)
ct,road field [sic] (1)
cu,runway (1)
cv,sand road (1)
cw,sendero (road) [S] (1)
cx,settlement road (2)
cy,shaded lane (1)
cz,shady drive (1)
da,shady road (1)
db,sheep path (1)
dc,short cutoff (1)
dd,side drive (1)
de,side lane (1)
df,side road (8)
dg,spur (1)
dh,three-path road (2)
di,three-trail road (1)
dj,township road (1)
dk,track (3)
dl,trail (road) (80)
dm,trailway (1)
dn,tramroad (1)
do,travel path (1)
dp,turn road (3)
dq,turnaround (1)
dr,turnoff (road) (8)
ds,turnout (1)
dt,two-rutted road (1)
du,wagon road (5)
dv,walk (3)
dw,walkway (4)
dx,welcome road (1)
dy,wire road (1)
