Code,Response
A,banquette (32)
B,board sidewalk (2)
C,boardwalk (11)
D,brick walk (1)
E,briquette (F) (1)
F,catwalk (1)
G,cement pavement (1)
H,cement walk (2)
I,concrete sidewalk (1)
J,concrete walk (1)
K,dirt sidewalk (2)
L,palement (=pavement) (1)
M,pathway (1)
N,pave (=pavement) (1)
O,pave walk [sic] (1)
P,paved sidewalk (1)
Q,pavement (25)
R,plank walk (6)
S,plank walkway (1)
T,side (?) (1)
U,sidewalk (686)
V,street (=sidewalk) (1)
W,walk (13)
X,walking street (1)
Y,walkway (11)
Z,wooden bridge (1)
