Code,Response
A,bench (1)
B,bluff (92)
C,buttress (1)
D,canyon wall (1)
E,cliff (576)
F,cliff of rock (2)
G,cliffside (2)
H,crag (1)
I,crest (1)
J,drop (1)
K,drop-off (10)
L,edge (4)
M,embankment (2)
N,escarpment (2)
O,face (8)
P,fall (=cliff) (1)
Q,falloff (1)
R,hanging-out cliff (1)
S,hillside (2)
T,incline (2)
U,jump-off (3)
V,ledge (39)
W,mountain cliff (1)
X,mountainside (1)
Y,palisade (1)
Z,peak (4)
aa,plateau (4)
ab,precipice (17)
ac,promontory (1)
ad,ridge (7)
ae,ridge country (1)
af,rock cliff (10)
ag,rock ledge (1)
ah,rocky cliff (1)
ai,rocky side (1)
aj,sharp cliff (1)
ak,sheer drop (1)
al,shelf (1)
am,side (2)
an,slope (17)
ao,steep (n.) (2)
ap,steep place (1)
aq,steepside (1)
ar,tableland (1)
as,terrace (1)
