Code,Response
A,access (road) (4)
B,alternate road (1)
C,auxiliary road (1)
D,back dirt road (1)
E,back lane (1)
F,back road/street (26)
G,back-street pave road (1)
H,backcountry road (1)
I,beach road (1)
J,billy-goat road (1)
K,black hard-surface road (1)
L,blacktop road [small] (3)
M,blanket road (1)
N,blind road (1)
O,branch off [n.] (2)
P,branch road (12)
Q,bypass (9)
R,byroad (25)
S,byway (9)
T,caliche road (6)
U,cart road (1)
V,CC road (1)
W,chemin travers [F] (1)
X,chert road (6)
Y,city road/street (4)
Z,clay road (22)
aa,cobblestone street (1)
ab,community dirt road (1)
ac,community road (7)
ad,corduroy road (1)
ae,"cote, le [F] (1)"
af,country road/highway (128)
ag,country side road (1)
ah,county grade (1)
ai,county farm road (1)
aj,county-maintained road (2)
ak,county road (41)
al,cow path [sic] (1)
am,cross street (1)
an,crosscountry road (1)
ao,crossroad(s) (20)
ap,cutoff (road) (11)
aq,dead(-)end (road) (3)
ar,detour (road) (5)
as,dirt country road (1)
at,dirt road/street (464)
au,dirt trail (1)
av,dirt wagon road (1)
aw,drive [sic] (1)
ax,driveway [sic] (1)
ay,dust road (2)
az,dusty road (1)
ba,egress road (1)
bb,exit road (1)
bc,farm road (19)
bd,farm-to-market road (53)
be,feeder road (4)
bf,field road (10)
bg,fork (2)
bh,front road (1)
bi,graded road (4)
bj,gravel road/street (196)
bk,gravel trail (1)
bl,graveled road (3)
bm,hard road (4)
bn,hard-surface road (1)
bo,hardtop (3)
bp,headland (1)
bq,horse-and-wagon road (1)
br,horse path (1)
bs,improved country road (1)
bt,in road (1)
bu,intersection road (1)
bv,junction road (1)
bw,lane (35)
bx,lead-in road (1)
by,leading road  (1)
bz,little road (8)
ca,little short road (1)
cb,log road (3)
cc,logging road (1)
cd,military road (3)
ce,mountain road (2)
cf,mud road/street (9)
cg,narrow road (2)
ch,narrow small road (1)
ci,neighborhood road (4)
cj,no-name road (1)
ck,nowhere road (1)
cl,off road/street (3)
cm,one-way street (1)
cn,out road (2)
co,outside road (1)
cp,oystershell road (2)
cq,paper-wood road (1)
cr,parish road (10)
cs,pass (1)
ct,path (road) (19)
cu,pave road/street (4)
cv,paved (road/street) (11)
cw,pavement road (1)
cx,pig trail [sic] (1)
cy,pike (road) (5)
cz,plantation road (3)
da,pole road (1)
db,post road (1)
dc,primary road (1)
dd,public road (30)
de,pulpwood road (1)
df,ranch road (1)
dg,residential street (1)
dh,ridge road (1)
di,right-of-way (1)
dj,rock road (21)
dk,route (road) (3)
dl,rural country road (1)
dm,rural road (7)
dn,sand road (12)
do,sand trail (1)
dp,sawdust road (1)
dq,seashell road (1)
dr,second-class road (1)
ds,second-place road (1)
dt,secondary (road) (10)
du,service road (7)
dv,settlement road (13)
dw,shell road (24)
dx,shell-dust road (1)
dy,shortcut (road) (4)
dz,side road/street (202)
ea,sidetrack road (1)
eb,sled road (1)
ec,slim road (1)
ed,small road (1)
ee,spur (of the road) (2)
ef,stagecoach road (1)
eg,state road/street/etc. (18)
eh,straight-out road (1)
ei,subgrade (1)
ej,third road (1)
ek,thoroughfare (1)
el,three-packed road (1)
em,three-path road (6)
en,three-pathed road (1)
eo,three-track road (1)
ep,three-trail road (2)
eq,through road (2)
er,trail (road) (28)
es,turn road (1)
et,turnoff (road) (7)
eu,ungraded road (1)
ev,unimproved (1)
ew,unpave(d) road (5)
ex,valley road (1)
ey,wagon road (9)
ez,wagon trail (1)
fa,ward road (1)
fb,wood block road (1)
fc,woods road (4)
fd,WPA road (2)
