Code,Response
A,allee (F) (1)
B,bank(s) (3)
C,beautifying place (1)
D,block (1)
E,border (2)
F,boulevard (5)
G,channel (1)
H,city property (1)
I,curb (8)
J,curbing (5)
K,ditch line (1)
L,divider (1)
M,divider strip (1)
N,easement (4)
O,edges (2)
P,enfilade (F) (1)
Q,esplanade (2)
R,grass (5)
S,grass between the pavement and the street (1)
T,grass cot[=plot?] (1)
U,grass median (1)
V,grass strip (15)
W,grassplot (4)
X,grassy place (1)
Y,grassy strip (1)
Z,gutter (1)
aa,hedge (1)
ab,intermediate (1)
ac,land (1)
ad,lawn (13)
ae,margin (1)
af,median(16)
ag,median strip (1)
ah,medium [=median] (5)
ai,meridian [=median] (1)
aj,neutral ground (10)
ak,neutral strip (4)
al,park (1)
am,park strip (1)
an,parking (3)
ao,parking strip (1)
ap,parkway (14)
aq,parquette (1)
ar,part of the lawn (1)
as,patch of Bermuda grass (1)
at,path (2)
au,piece of grass (1)
av,right-of-way (6)
aw,road (1)
ax,shoulder (6)
ay,shoulder of the road (1)
az,small lawn (1)
ba,sod belt (1)
bb,strip (2)
bc,strip of grass (9)
bd,swale (1)
be,terrace (2)
bf,tree belt (1)
bg,tree lawn (2)
bh,walk (1)
