Code,Response
A,(a)dobe (road) (2)
B,all-weather road (2)
C,amesite (2)
D,asbestos (4)
E,asphalt (road) (424)
F,asphalt concrete (1)
G,ashpalt pave (2)
H,asphalt top (1)
I,asphalt pavement/paving (3)
J,asphalted (2)
K,asphalting (1)
L,base dirt (1)
M,Benton County chert (1)
N,billy-goat road (1)
O,bituminous (1)
P,black asphalt (1)
Q,black-bottom road (1)
R,black cement (1)
S,black dirt (2)
T,black hard-surface road (1)
U,black oil (3)
V,black road (2)
W,black tar (4)
X,blacktop (road/street) (352)
Y,blacktop clay (1)
Z,blacktop paving (1)
aa,blacktopped (road) (9)
ab,blacktopping (5)
ac,block road (1)
ad,blue gravel (1)
ae,board road (1)
af,bodock block (1)
ag,brick (road/street) (26)
ah,caliche (road) (19)
ai,car road (1)
aj,cement (road) (264)
ak,cement blocks (1)
al,cement brick (1)
am,cement lime  (1)
an,cement paving (5)
ao,cement slab (5)
ap,cement-surface road (1)
aq,cemented (3)
ar,chert (road) (20)
as,cinders (2)
at,clamshell (2)
au,clay (road) (45)
av,clay-base road (1)
aw,clay dirt (1)
ax,coal tar (6)
ay,cobblestone (13)
az,cold mix (1)
ba,conbrick (1)
bb,concrete (road) (419)
bc,concrete blocks (3)
bd,concrete pave (1)
be,concrete pavement (1)
bf,concrete slab (road) (2)
bg,concreted (1)
bh,concretement (1)
bi,coquina (1)
bj,coquina shell (1)
bk,corduroy road (5)
bl,cover stone (1)
bm,creek gravel (1)
bn,creosote (3)
bo,creosote oil (1)
bp,creosote wood-block road (1)
bq,creosoted wood blocks (1)
br,crush bottles (1)
bs,crush rock (2)
bt,crush stone (1)
bu,crushed rock (7)
bv,crushed shells (1)
bw,crushed-stone road (2)
bx,dirt (road/street) (653)
by,dust (road) (4)
bz,dusty road (1)
ca,Georgia shale (1)
cb,graded (road) (13)
cc,granite (1)
cd,gravel (road) (587)
ce,gravel(-)rock (road) (3)
cf,gravel top (1)
cg,graveled (road) (7)
ch,gravels [sic] (8)
ci,ground limestone (1)
cj,ground-rock road (1)
ck,gum (1)
cl,gutter rock (1)
cm,hard clay (1)
cn,hard road (9)
co,hard-pave road (1)
cp,hard(-)surface (road) (13)
cq,hardtop (road) (10)
cr,hardtopped road (2)
cs,hot mix (3)
ct,hot top (1)
cu,lime (1)
cv,lime(-)rock (road) (6)
cw,limestone (6)
cx,log road (3)
cy,macadam (road) (22)
cz,macadam paving (1)
da,macadamize (road) (3)
db,macadamized (road) (9)
dc,marl (2)
dd,mud (road/street) (19)
de,muddy (road) (3)
df,natural (1)
dg,oil (road) (15)
dh,oily road (1)
di,oolite limestone (1)
dj,oystershell (roa (8)
dk,pale road (2)
dl,paled road (1)
dm,paling (1)
dn,paper-wood road (1)
do,pave (road) (50)
dp,paved (highway/road/street) (141)
dq,pavement (road) (57)
dr,paving (6)
ds,pea gravel (3)
dt,pebbles (4)
du,pebblestone (1)
dv,phosphate (1)
dw,pike (road) (7)
dx,pine tar (3)
dy,pitch (4)
dz,plank mix (1)
ea,plank road (2)
eb,plant mix (2)
ec,pole road (2)
ed,post road (2)
ee,pulpwood road (1)
ef,red clay (2)
eg,red clay gravel (1)
eh,red gravel (2)
ei,red rock (1)
ej,red-soil road (1)
ek,redtop road (1)
el,resin (1)
em,road oil (1)
en,rock (road) (77)
eo,rock bottom (1)
ep,rock pavement (1)
eq,rocky road (2)
er,rut road (1)
es,salt [asphalt] (1)
et,sand (road) (40)
eu,sand(-)clay (road) (2)
ev,sand gravel (1)
ew,sand-graded road (1)
ex,sandrock (3)
ey,sandy (road) (5)
ez,sawdust road (1)
fa,seashell road (1)
fb,sediment road (1)
fc,shale (1)
fd,shell (road) (49)
fe,shell-dust road (1)
ff,slab (1)
fg,slag (road) (23)
fh,slagged road (1)
fi,soft dirt (1)
fj,soft gravel (1)
fk,soil (1)
fl,soil cement (1)
fm,stone (road) (5)
fn,surface(d) road (4)
fo,tar (road/street) (384)
fp,tar belt road (1)
fq,tar blocks (1)
fr,tar covering (1)
fs,tar on gravel (1)
ft,tar surface (1)
fu,tar-surfaced (1)
fv,Tarmac (1)
fw,tarred (1)
fx,Tarvia (1)
fy,Tarviated road (1)
fz,topping (road) (2)
ga,unimproved (2)
gb,unpave road (1)
gc,unpaved (road) (6)
gd,vitrified-brick road (1)
ge,vulcanized road (1)
gf,wash gravel (2)
gg,washboard road (3)
gh,white asphalt (1)
gi,white chalk (1)
gj,white clay (1)
gk,white gravel (1)
gl,white pavement (1)
gm,white rock (1)
gn,white sand (2)
go,white slag (1)
gp,wood (road) (2)
gq,wood blocks (1)
gr,wooden blocks (2)
gs,woods road (3)
