Code,Response
A,as is (2)
B,bare (1)
C,barefoot (coffee) (10)
D,barefooted (37)
E,bitter (5)
F,black (coffee) (560)
G,black and rich (2)
H,black as your hat (1)
I,black straight coffee (1)
J,blank (1)
K,cafe negro [S] (1)
L,cafe noir [F] (2)
M,cafe solo [S] (1)
N,coffee from the pot (1)
O,coffee with no milk (1)
P,cowboy style (1)
Q,"cup walking, a (1)"
R,dark (coffee) (5)
S,flatfoot [sic] (1)
T,French coffee (2)
U,Java (9)
V,Joe (10)
W,just as it is (1)
X,Kilgore coffee (1)
Y,mud (4)
Z,naked (coffee) (6)
aa,plain (coffee) (71)
ab,plain black (coffee) (4)
ac,pure (coffee) (5)
ad,reverent (1)
ae,sawmill coffee (1)
af,solid coffee (1)
ag,straight (coffee) (230)
ah,straight black (coffee) (6)
ai,straight-old black coffee (1)
aj,straight up (1)
ak,strong (coffee) (14)
al,without cream/milk (214)
