Code,Response
A,brace (2)
B,brace (of horses) (2)
C,brace (of mules) (3)
D,bull train (1)
E,couple (2)
F,couple of mules (2)
G,couple of oxen (2)
H,couple of oxteams (1)
I,cow train (1)
J,"double, a (horses) (1)"
K,"double, a (oxen) (1)"
L,double plow (mules) (1)
M,double mules (1)
N,double stock (1)
O,double string (2)
P,double team (15)
Q,double team (horses) (6)
R,double team (mules) (20)
S,double yoke (1)
T,double yoke of oxen (2)
U,"drove, a (mules) (1)"
V,five-mule team (1)
W,four hitch (1)
X,four-horse team (2)
Y,four-mule team (5)
Z,"four up, a (mules) (1)"
aa,four-up team (1)
ab,full team (mules) (1)
ac,hitch (horses/mules) (1)
ad,horse team (1)
ae,lead team (1)
af,log team (mules) (1)
ag,log-wagon team (mules) (1)
ah,logging team (1)
ai,long team of oxen (1)
aj,matched team (1)
ak,mix team (mule+horse) (1)
al,mule team (20)
am,mule train (1)
an,oxen team (3)
ao,oxteam (21)
ap,pair (92)
aq,pair (of donkeys) (1)
ar,pair (of horses) (26)
as,pair (of mules) (249)
at,pair (of oxen) (43)
au,plow team (mules) (1)
av,set (1)
aw,set of mules (2)
ax,six up (mules) (1)
ay,six up (horses) (1)
az,six-up team (2)
ba,span (3)
bb,span (of horses) (5)
bc,span (of mules) (11)
bd,span (of oxen) (4)
be,spike team (2)
bf,stand of mules (1)
bg,string of oxen (1)
bh,tandem (1)
bi,team (184)
bj,team (of horses) (67)
bk,team (of mules) (213)
bl,team (of oxen) (78)
bm,three-mule team (1)
bn,triple mules (1)
bo,twelve-up team (1)
bp,two-ox team (1)
bq,two pair(s) (5)
br,two pair(s) (of horses) (1)
bs,two pair(s) of mules (14)
bt,two pair(s) of oxen (4)
bu,two team(s) (11)
bv,two team(s) (of horses) (4)
bw,two team(s) (of mules) (10)
bx,two team(s) (of oxen) (2)
by,two yoke(s) (2)
bz,two yoke(s) (of oxen) (11)
ca,wagon team (1)
cb,yoke (14)
cc,yoke (of beeves) (1)
cd,yoke (of cattle) (4)
ce,yoke (of mules) (1)
cf,yoke (of oxen) (112)
cg,yoke (of steers) (15)
