Code,Response
A,beast (8)
B,"beef, a (4)"
C,big boy (1)
D,boar [sic] (1)
E,bobtail bull (1)
F,boeuf [F] (4)
G,"boy, the (2)"
H,boy cow (3)
I,breeder (1)
J,breeding bull (1)
K,breeding cattle (1)
L,breeding male (1)
M,brute (2)
N,bull (548)
O,bull [taboo] (241)
P,bull calf (3)
Q,bull cow (8)
R,bull steer (1)
S,bull yearling (2)
T,bullock (1)
U,bully (1)
V,bully bull (1)
W,cow [sic] (4)
X,"daddy, the (1)"
Y,eunuch (1)
Z,fighting bull (1)
aa,gentleman (1)
ab,gentleman cow (6)
ac,"he, a (2)"
ad,he cow (5)
ae,he male (1)
af,head of the herd (1)
ag,heifer (2)
ah,herd bull (4)
ai,herd sire (1)
aj,herd stock (1)
ak,husbandry (1)
al,king of the woods (1)
am,leader (3)
an,magnolia (1)
ao,male (132)
ap,male animal (3)
aq,male beast (1)
ar,male bull (1)
as,male calf (3)
at,male cow (86)
au,male of a cow (1)
av,male ox (1)
aw,male yearling (2)
ax,males cow [sic] (1)
ay,man cow (3)
az,"man, the (1)"
ba,mean-old male (1)
bb,moo ah (1)
bc,Ochs [G] (1)
bd,ox(en) (12)
be,papa cow (1)
bf,preacher cow (1)
bg,ranger (1)
bh,scrub bull (1)
bi,sire (8)
bj,stag (3)
bk,steer (67)
bl,steer cow (1)
bm,stock (1)
bn,stock breeder (1)
bo,stock bull (3)
bp,stock cow (14)
bq,stock male (3)
br,stud [sic] (4)
bs,surly (2)
bt,taureau [F] (2)
bu,top bull (1)
bv,top cow (2)
bw,toro [S] (7)
bx,yearling (13)
by,yearling steer (1)
