Code,Response
A,all-American (dog) (3)
B,alley dog (3)
C,asthma dog (2)
D,bad dog (1)
E,barker (1)
F,barking dog (1)
G,barking little devil (1)
H,bastard (1)
I,bird dog (mixed) (1)
J,biscuit catcher (1)
K,biscuit eater (3)
L,bitch (1)
M,bread eater (1)
N,bucero (S) (1)
O,bum (1)
P,carpenter dog (1)
Q,Catahoula (3)
R,Catahoula cur (8)
S,Catahoula dog (4)
T,Catahoula hound (1)
U,Catahoula leopard (1)
V,catch dog (1)
W,combination dog (2)
X,common cur (2)
Y,common dog (16)
Z,common hound (1)
aa,common-old breed of dog (1)
ab,common stray dog (1)
ac,crooch (1)
ad,crossbreed (dog) (14)
ae,crossbreeded dog (1)
af,crossed-up dog (1)
ag,cur (dog) (222)
ah,cur-looking dog (1)
ai,damn old dog (1)
aj,dime a dozen (1)
ak,dog (26)
al,dog dog (2)
am,drop (1)
an,dud (1)
ao,duke's mixture (9)
ap,dumb dog (1)
aq,dunghill (1)
ar,feist (dog) (343)
as,feisty (n.) (1)
at,feisty (little) dog (17)
au,feisty little rascal (1)
av,fido (1)
aw,Fifty-Seven Heinz (1)
ax,fifty-seven variety(s) (7)
ay,flea raiser (1)
az,fleabag (2)
ba,fox feist (1)
bb,fox-terrier feist (1)
bc,full-blooded feist (1)
bd,fuss box (1)
be,fuss maker (1)
bf,glass-eyed cur (1)
bg,good-for-nothing (dog) (8)
bh,Grant cur (1)
bi,guard dog (1)
bj,gyp (dog) (4)
bk,half-and-half (4)
bl,half-and-half feist (1)
bm,half-breed (31)
bn,half-breed dog (3)
bo,Heinz (variety) (8)
bp,Heinz Fifty-Seven (39)
bq,Heinz Fifty-Seven cur (1)
br,Heinz Fifty-Seven variety(s) (4)
bs,Heinz Forty-Seven varieties (1)
bt,Heinz Sixty-Seven (1)
bu,Heinz Variety Fifty-Seven (1)
bv,hog dog (5)
bw,hooey dog (1)
bx,hound (dog) (114)
by,hound-colored feist (1)
bz,house dog (17)
ca,hybrid (2)
cb,Jigg's dog (1)
cc,knotty dog (1)
cd,kyoodle (11)
ce,lapdog (5)
cf,lazy dog/hound (3)
cg,leopards dog (1)
ch,loafer (1)
ci,loafing dog (2)
cj,loudmouth (2)
ck,Maggie's dog (1)
cl,mangy (old) dog (2)
cm,March and May dog (1)
cn,meat eater (1)
co,meat hound (1)
cp,miniature dog (1)
cq,mix (n.) (1)
cr,mix-blooded dog (1)
cs,mix bred (1)
ct,mix breed (80)
cu,mix-breed dog (11)
cv,mix breed of dog (1)
cw,mix dog (11)
cx,mix hound (1)
cy,mix-up (1)
cz,mixblood (1)
da,mixed (10)
db,mixed breed (30)
dc,mixed-breed dog (5)
dd,mixed dog (7)
de,mixed-up breed (3)
df,mixed-up cur dog (1)
dg,mixed-up (dog) (7)
dh,mixture (7)
di,monger (1)
dj,Mongolian dog (1)
dk,mongrel (dog) (186)
dl,mongrel hound (1)
dm,mongrel pup (1)
dn,mutt (132)
do,natural (1)
dp,no-account (dog) (8)
dq,no-account for nothing (1)
dr,no breed of dog (1)
ds,no-good darned old cur (1)
dt,no-good (dog) (17)
du,no-good mutt (1)
dv,no-good mongrel (1)
dw,no-good one (1)
dx,no-winner Pedro (1)
dy,noisy dog (1)
dz,noisy little rascal (1)
ea,noisy old dog (1)
eb,nondescript (2)
ec,nuisance (8)
ed,off brand (2)
ee,off breed (3)
ef,old dog (2)
eg,old son (1)
eh,old whelp (1)
ei,outlaw (dog) (2)
ej,pain in the neck (1)
ek,part Chihuahua (1)
el,part dog (1)
em,pest (6)
en,pet (1)
eo,pickaninny (1)
ep,plain dog (5)
eq,plain-old dog (3)
er,plain-old hound (1)
es,poll-blood (1)
et,pooch (2)
eu,pot cur (1)
ev,pot ham (1)
ew,pot hound (4)
ex,potlicker (hound) (19)
ey,pup (2)
ez,rascal (2)
fa,rattail (1)
fb,rattan dog (1)
fc,rattlehead (1)
fd,regular dog (1)
fe,riffraff (1)
ff,rotty dog (1)
fg,runt (1)
fh,Russian soccer (1)
fi,Sandy's dog (1)
fj,scrub (dog) (4)
fk,Seymour (1)
fl,shit eater (1)
fm,sit-on dog (1)
fn,sleep hound (1)
fo,society dog (1)
fp,sooner (dog) (37)
fq,sooner hound (1)
fr,sorry-ass dog (1)
fs,sorry cur (dog) (2)
ft,sorry (dog) (8)
fu,soup hound (4)
fv,spit feist (1)
fw,spitz (mixed) (3)
fx,spitz feist (1)
fy,squirt (1)
fz,straggling dog (1)
ga,straight dog (1)
gb,stray (dog) (39)
gc,street dog (1)
gd,strooch (1)
ge,surface dog (1)
gf,toy dog (1)
gg,toy feist (1)
gh,trailer (1)
gi,tramp (dog) (3)
gj,trash (1)
gk,trig (1)
gl,useless dog (2)
gm,"who, sir; me, sir (1)"
gn,whining dog (1)
go,wild dog (1)
gp,Winn Parish cur (3)
gq,worthless (dog) (8)
gr,worthless hound (2)
gs,worthless no-good dog (1)
gt,yapper (4)
gu,yapping dog (4)
gv,yard dog (10)
gw,yellow dog (3)
