Code,Response
A,attack (12)
B,attack him (1)
C,bite him (1)
D,catch (4)
E,catch him/it/them (83)
F,catch-him(x3) (1)
G,fetch him (1)
H,fight (1)
I,get after him (1)
J,get him/it/them (170)
K,get-him(x2) (6)
L,get him off (1)
M,get on him (3)
N,get that dog (1)
O,go (1)
P,go after him (1)
Q,go and get him/it (3)
R,go at him (1)
S,go catch him (2)
T,go find him (1)
U,go get him/them (43)
V,grab him (1)
W,hiss him (4)
X,hit (1)
Y,hooey (1)
Z,jowl him (1)
aa,jump (1)
ab,jump on him (2)
ac,kill (7)
ad,kill him (1)
ae,run him away (1)
af,sic (14)
ag,sic(x3) (2)
ah,sic him/them (435)
ai,sic-him/them(x2)/(x3) (6)
aj,sic it psst (1)
ak,sook-him(x3) (1)
al,take him (3)
am,whooey (1)
an,wushel (1)
