Code,Response
A,avoir un veau (F) (1)
B,be fresh (29)
C,be in (1)
D,bear (v.) (3)
E,bear (you) a calf (3)
F,birth (him) (5)
G,birth (a) (baby) calf (9)
H,born (v.) (2)
I,born a cow (1)
J,break a calf (1)
K,bring (a baby) (2)
L,bring (me) (a) (little) calf (69)
M,bring in (1)
N,calve (124)
O,come back in the pen (1)
P,come fresh (17)
Q,come in (and give milk) (66)
R,come in fresh (with a calf) (11)
S,come in(to) the pen (9)                  (282)
T,come in with a/her calf (1)
U,come to (the) pail (4)
V,come to the pen (4)
W,coming (1)
X,deliver (12)
Y,deliver (a) calf (3)
Z,domino (v.) (1)
aa,drop (it) (v.) (16)
ab,drop a baby (1)
ac,drop (a) calf (110)
ad,dug it up in a field (1)
ae,farrow [sic] (2)
af,find one (2)
ag,find (a) (little) (baby) calf (82)
ah,find her (a) calf (3)
ai,foal (of cow) (10)
aj,fold [sic] (2)
ak,freshen (94)
al,freshen time (1)
am,get a calf (1)
an,give birth (26)
ao,give birth to a calf (7)
ap,go to the pen (1)
aq,going to cow [sic] (1)
ar,hatch [sic] (1)
as,hatching day is nigh (1)
at,have (a little one) (6)
au,have (a) (little) baby (8)
av,have (a) (little) (baby) calf/cow
aw,have a foal (1)
ax,have a litter [sic] (1)
ay,have birth (1)
az,looking for a calf (1)
ba,milk (v.) [sic] (1)
bb,put down (1)
bc,raise a calf (1)
bd,spring (v.) (21)
be,suckle [sic] (9)
bf,yield (v.) (1)
