Code,Response
A,boy (3)
B,boy horse (6)
C,breed horse (1)
D,breeder (1)
E,breeding horse (1)
F,breeding stock (2)
G,breeding-stock horse (1)
H,colt (8)
I,etalon [F] (4)
J,fellow horse (1)
K,four-year-old (1)
L,gentleman horse (1)
M,he horse (8)
N,horse (67)
O,horse colt (1)
P,jack (=horse) (2)
Q,male (19)
R,male horse (50)
S,man horse (1)
T,mare (=male) (5)
U,Morgan stallion (1)
V,papa horse (2)
W,pony (1)
X,seed horse (1)
Y,sire (2)
Z,stable horse (10)
aa,stag (3)
ab,stallion (386)
ac,stallion (taboo) (15)
ad,stallion horse (3)
ae,stock horse (6)
af,stock stud (1)
ag,stud (314)
ah,stud (taboo) (41)
ai,stud colt (1)
aj,stud pony (1)
ak,studhaorse (106)
al,studhorse (taboo) (11)
