Code,Response
A,(fell) down (1)
B,(fell) down from the bed (1)
C,(fell) from (the bed) (1)
D,(fell) off (72)
E,(fell) off (the bed) (196)
F,(fell) off in the floor (1)
G,(fell) off of (the bed) (34)
H,(fell) offen (the bed) (7)
I,(fell) out (15)
J,(fell) out of (bed) (156)
K,(fell) out of (the) (bed) (69)
L,(fell) out [P-0] (the) (bed) (35)
M,(fell) outen (the bed) (1)
N,rolled off (12)
O,rolled off (the bed) (26)
P,rolled off of (the bed) (5)
Q,rolled offen (it) (1)
R,rolled out (3)
S,rolled out of (the) (bed) (10)
T,tolled out [P-0] the bed (1)
U,slipped off the bed (1)
V,tumbled off (1)
W,tumbled out (2)
X,tumbled out (of bed) (1)
