Code,Response
A,chunking the horseshoes (2)
B,game of horseshoes (2)
C,hoop game (rings) (1)
D,horse pitch (1)
E,horseshoe pitching (6)
F,horseshoe ring (2)
G,horseshoe(s) (398)
H,horseshoe(s) game (56)
I,horseshoeing (it) (2)
J,horseshoes for pitching (1)
K,looping (with rings) (1)
L,pitch(ing) (them) (6)
M,pitch(ing) a horseshoe (2)
N,pitch(ing) them/those shoes (2)
O,pitch(ing) (the/those) horseshoes
P,pitching rings (2)
Q,pitching shoes (1)
R,play pitch horseshoes (1)
S,play rings (1)
T,play throwing horseshoes over
U,play(ing) horseshoe(s) (21)
V,playing with the horse (1)
W,quoits (13)
X,ring game (1)
Y,ring (the) hoop (2)
Z,ring the horseshoes (1)
aa,ring that shoe (1)
ab,ring that stob (1)
ac,ring the stob around (1)
ad,ring(ing) it/that (4)
ae,ring(s) (6)
af,ring-out stobs (1)
ag,ring-tossing (1)
ah,ringers (2)
ai,ringing shoes (1)
aj,ringing your stob (1)
ak,ringtoss (15)
al,ringtoss game (1)
am,rope the peg (1)
an,shoes (2)
ao,shoot rings (1)
ap,throw them horseshoes (1)
aq,throw(ing) horseshoes (13)
ar,throwing a horseshoe (3)
as,toss some shoes (1)
at,toss(ing) (the) rings (2)
au,tossing shoes (1)
