Code,Response
A,altered pig (1)
B,barred hog (1)
C,bar(row) (131)
D,barrow (286)
E,bar(row) hog (6)
F,barrow hog (3)
G,boar [sic] (4)
H,boar hog [sic] (2)
I,castrated boar (2)
J,castrated hog (4)
K,castrated male hog (1)
L,castrated pig (2)
M,common pig (1)
N,cut boar (1)
O,cut hog (3)
P,fattening hog (2)
Q,gelding [sic] (1)
R,gilt [sic] (5)
S,grease hog (1)
T,hog (21)
U,it (1)
V,male (6)
W,male hog (4)
X,meat hog (9)
Y,"neuter, a (3)"
Z,ordinary hog (1)
aa,ox [sic] (1)
ab,pig (3)
ac,rig (2)
ad,shoat [sic] (6)
ae,stag (40)
af,sterile hog (1)
ag,virgin [sic] (1)
