Code,Response
A,barrow hog (=boar) (1)
B,boar (no taboo) (552)
C,boar (taboo) (62)
D,boar hog (no taboo) (89)
E,boar hog (taboo) (18)
F,boar pig (no taboo) (9)
G,boar pig (taboo) (1)
H,boy hog (4)
I,boy one (1)
J,boy pig (1)
K,breeding hog (3)
L,breeding stock (2)
M,bull [sic] (1)
N,daddy pig (1)
O,Eber (G) (1)
P,gentleman pig (1)
Q,he (1)
R,he hog (5)
S,hog (27)
T,male (no taboo) (64)
U,male (taboo) (1)
V,male hog (88)
W,male pig (6)
X,man hog (2)
Y,man pig (1)
Z,old male (2)
aa,old male hog (2)
ab,papa (1)
ac,papa hog (2)
ad,pig (6)
ae,Russian boar (1)
af,sow (=male) (1)
ag,stag (1)
ah,stock hog (20)
ai,stud (1)
aj,swine (2)
ak,verrat (F) (2)
