Code,Response
A,African type (1)
B,Arkansas razorback (2)
C,Arkansas razorback hog (2)
D,boar (=wild hog) (74)
E,boar hog (=wild hog) (2)
F,bougre barrow (=wild barrow) (1)
G,bush hog (1)
H,field dodger (1)
I,flatwood hog (1)
J,guinea pig (1)
K,hazel splitter (1)
L,hill hog (1)
M,hog (=wild hog) (2)
N,jabalina [S] (23)
O,jabalina hog (1)
P,mix breed of hogs (=wild hogs) (1)
Q,mountain hog (2)
R,mountain rooter (3)
S,native hog (1)
T,peccary (4)
U,pine root(er) (1)
V,pine rooter (14)
W,pine-hill rooter (2)
X,pine-ridge rooter (1)
Y,pinewood rooter (1)
Z,pinewoods rooter (1)
aa,piney rooter (4)
ab,piney woods [sic] (2)
ac,piney-wood hog (2)
ad,piney-wood rooter (23)
ae,piney-woods hog (3)
af,piney-woods rooter (56)
ag,poor hog (2)
ah,range hog (=wild hog) (3)
ai,razorback (107)
aj,razorback boar (1)
ak,razorback hog (15)
al,razorback pig (1)
am,razorback rooter (1)
an,ridge runner (1)
ao,ridge runner hog (1)
ap,rooter (5)
aq,rooter hog (1)
ar,Russian boar (1)
as,Russian wild boar (2)
at,sembel breed (1)
au,scrub hog (2)
av,sinner hog (1)
aw,swamp hog (3)
ax,swine (=wild hog) (1)
ay,tusher (1)
az,tusker (1)
ba,warthog (1)
bb,wild (6)
bc,wild black boar (1)
bd,wild boar (170)
be,wild boar hog (4)
bf,wild gilt (2)
bg,wild hog (450)
bh,wild male (2)
bi,wild one (4)
bj,wild pig (30)
bk,wild range hog (1)
bl,wild rooter (1)
bm,wild sow (3)
bn,wild stag (1)
bo,wood hog (1)
bp,wood rooter (1)
bq,woods hog (6)
br,woods rooter (1)
