Code,Response
A,barn (1)
B,biddy breeder (1)
C,biddy coop (5)
D,biddy house (2)
E,biddy pen (3)
F,biddy shelter (1)
G,box (4)
H,breeder house (5)
I,breeder pen (1)
J,breeding house (2)
K,brood house (5)
L,brooder (51)
M,brooder coop (1)
N,brooder house (15)
O,brooding house (2)
P,broody house (2)
Q,cage (7)
R,"cage, (la/un) [F] (2)"
S,chick coop (1)
T,chicken barn (5)
U,chicken box (1)
V,chicken brooder (1)
W,chicken cage (2)
X,chicken coop (311)
Y,chicken crate (1)
Z,chicken crib (2)
aa,chicken house (389)
ab,chicken-house coop (1)
ac,chicken hover (1)
ad,chicken hut (1)
ae,chicken lot (5)
af,chicken nest (1)
ag,chicken pasture (1)
ah,chicken pen (39)
ai,chicken room (1)
aj,chicken roost (20)
ak,chicken run (1)
al,chicken shack (2)
am,chicken shed (4)
an,chicken shelter (3)
ao,chicken yard (74)
ap,coop (447)
aq,cooper (1)
ar,crate (10)
as,crib (1)
at,electric brooder (1)
au,fattening coop (1)
av,feed pen (1)
aw,feeding coop (1)
ax,fowl house (6)
ay,gallinero [S] (1)
az,"grie, un [F] (1)"
ba,hatchery (4)
bb,hen coop (1)
bc,hen house (237)
bd,hen yard (4)
be,hen's nest (6)
bf,homemade coop (1)
bg,house (17)
bh,house for the chickens (1)
bi,hover (1)
bj,hutch (2)
bk,incubator (4)
bl,laying house (4)
bm,lean-to (1)
bn,little house (2)
bo,little shed (2)
bp,nest (3)
bq,nesting box (1)
br,open-air coop (1)
bs,pen (48)
bt,poultry house (11)
bu,poultry yard (1)
bv,rainproof coop (1)
bw,roost (28)
bx,roosting place (1)
by,"run, a (1)"
bz,runway (1)
ca,screen cage (1)
cb,shed (13)
cc,shelter (4)
cd,wire cage (1)
ce,wire coop (2)
cf,wood crate (1)
cg,yard (10)
