Code,Response
A,a-setting [v.] (5)
B,breeding hen (1)
C,brood hen (3)
D,brooder (4)
E,brooder hen (4)
F,brooder one (1)
G,brooding hen (7)
H,broodish (1)
I,broody [adj.] (2)
J,broody hen (5)
K,cackling (1)
L,cackling (hen) (1)
M,cluck (3)
N,clucker (2)
O,clucking (1)
P,clucking hen (2)
Q,clueca (hen) [S] (1)
R,couveuse [F] (1)
S,hatching (1)
T,hatching hen (2)
U,hen (38)
V,hen that's laying (1)
W,hen that's setting (1)
X,layer (10)
Y,laying [v.] (6)
Z,laying (hen) (1)
aa,laying hen (50)
ab,laying on the eggs (1)
ac,mother (2)
ad,mother (hen) (2)
ae,mother hen (16)
af,nest hen (1)
ag,nesting [v.] (5)
ah,nesting (hen) (1)
ai,nesting hen (14)
aj,old biddy (=setting hen) (1)
ak,old cluck (1)
al,old hen (1)
am,old setting hen (3)
an,poule qui couve (=hen) [F] (1)
ao,rooster (=setting hen) (1)
ap,roosting [v.] (2)
aq,roosting (hen) (1)
ar,roosting hen (1)
as,set [v.] (7)
at,set a/the hen (4)
au,set hen (3)
av,setter (8)
aw,setting [v.] (61)
ax,setting (=setting hen) (1)
ay,setting eggs [v.] (1)
az,setting (hen) (22)
ba,setting hen (475)
bb,sitter (3)
bc,sitting [v.] (12)
bd,sitting (hen) (1)
be,sitting hen (70)
not,setting hen)
