Code,Response
A,a-nickering (3)
B,a-whinkering (1)
C,bellows (3)
D,"bleat (-s,-ing) (2)"
E,blow (-ing) (2)
F,blowing his nose (=snorting) (1)
G,"bray (-s,-ed,-ing) (56)"
H,braying noise (1)
I,cry (1)
J,grinning sound (1)
K,grunt (1)
L,hee-haw (-s) (4)
M,hennit [F] (1)
N,hennit (n.) [F] (1)
O,hinny (n.) (2)
P,"holler (-s,-ing) (12)"
Q,horselaugh (2)
R,laugh (n.) (1)
S,laugh (-s) (1)
T,laughing noise (1)
U,low (2)
V,minnied (1)
W,moos (1)
X,nanny (1)
Y,neeing (1)
Z,neigh (n.) (5)
aa,"neigh (-s,-ing) (214)"
ab,neighing sound (2)
ac,"nicker (-s,-ed,-ing) (251)"
ad,nighing (1)
ae,ninny (2)
af,nipping (1)
ag,nuzzling (1)
ah,shaying (1)
ai,sigh (1)
aj,"snicker (-s,-ing) (3)"
ak,"snort (-s,-ing) (18)"
al,snout [sic] (1)
am,snuffling (2)
an,soft whinny (1)
ao,squeal (-ing) (5)
ap,squealing noise (1)
aq,trill (n.) (1)
ar,whicker (n.) (2)
as,"whicker (-s,-ed,-ing) (75)"
at,whickering (n.) (1)
au,whickering noise (1)
av,whickering sound (1)
aw,whicking (1)
ax,whigger (1)
ay,whimper (-ing) (6)
az,"whine (-s,-ing) (7)"
ba,whining sound (1)
bb,"whinker (-s,-ing) (14)"
bc,whinny (n.) (12)
bd,"whinny (-ies,-ied,-ing) (202)"
be,whinny-like (1)
bf,whiny (1)
bg,winces (-ing) (1)
bh,yells (1)
