Code,Response
A,after [sic] [=alter?] (1)
B,alt(er) (3)
C,alter/altered/altering (47)
D,alterate [=alter + castrate] (1)
E,alteration (1)
F,alternate (=alter) (1)
G,barrowing (=castrating) (1)
H,caponize/caponized (=castrate) (3)
I,casperate/casperated [sic] (1)
J,casteraise [sic] (1)
K,casterize/casterized (12)
L,castracized [=castrate + ostracize?](1)
M,castr(ate) (1)
N,castrate/castrated/castrating (511)
O,castrate on (1)
P,castration (3)
Q,catharized (=castrated) (1)
R,change/changed/changing (20)
S,circumcise (=castrate) (3)
T,clamp (v.) (2)
U,clipped/clipping (2)
V,cut/cutting (203)
W,cut his nuts out (3)
X,cut something off (2)
Y,cut the seed out (1)
Z,cut up (1)
aa,cutting his seeds out (1)
ab,cutting something out (1)
ac,deball/deballed (2)
ad,deflower/deflowered (2)
ae,denatured (1)
af,denude (=spay/castrate) (1)
ag,denut/denutting (4)
ah,desex/desexed (1)
ai,do something to them (=castrate) (1)
aj,doctored/doctoring (2)
ak,dress/dressed (=castrate) (2)
al,emasculate/emasculated (2)
am,emasculation (1)
an,fix/fixed/fixing (24)
ao,fix off (1)
ap,fix/fixed up (2)
aq,geld/gelded/gelding (18)
ar,get the seeds out (1)
as,had his marbles taken out (1)
at,have a operation [sic] (1)
au,kill [?] (1)
av,lancelate [sic] (1)
aw,made over (1)
ax,make/made sterile (2)
ay,make tame (1)
az,mark/marked/marking (=castrate)(42)
ba,neuter/neutered/neutering (31)
bb,operate (1)
bc,operate/operated/operating on (22)
bd,pinch/pinched/pinching (4)
be,removing its testicles (1)
bf,robbed of his privilege(=castrated)(1)
bg,service (1)
bh,shaving (1)
bi,spade/spaded/spading (23)
bj,spay/spayed/spaying (75)
bk,spray (=spay) (1)
bl,stab (1)
bm,sterile [sic] (1)
bn,sterilize/sterilized (8)
bo,stunt [?] (1)
bp,take his sex out (1)
bq,take his tonsils out [facetious] (1)
br,take the nuts out (2)
bs,taking their balls out (1)
bt,tend/tended to (3)
bu,trim/trimmed/trimming (16)
bv,trimmed up (1)
bw,undergone a seed change (1)
bx,unsexed (1)
by,veterinary work (1)
bz,work/worked (=castrate) (2)
ca,work/worked/working on (53)
cb,work over (1)
