Code,Response
A,afternoon chores (1)
B,chore(s) (17)
C,chore(s) time (29)
D,dinnertime (6)
E,eating time (2)
F,evening chores (1)
G,evening time (1)
H,evening work (1)
I,feed time (41)
J,feeding hours (1)
K,feeding time (407)
L,feeding-up time (2)
M,hog-feeding time (1)
N,milk time (4)
O,milking time (21)
P,night chores (1)
Q,night work (8)
R,night-work time (1)
S,outside chores (1)
T,outside work (1)
U,stock-feeding time (1)
V,straight time (1)
W,suppertime (5)
X,time for chores (1)
Y,time for work (1)
Z,(time to) do (the) chores (36)
aa,(time to) do (the) chores up (1)
ab,(time to) do (the) night work (8)
ac,(time to) do the outside work (1)
ad,(time to) do the work (2)
ae,(time to) do up (the) chores (2)
af,(time to) do up (the) night work (5)
ag,(time to) do up (the) work (3)
ah,(time to) feed (22)
ai,"(time to) feed the (stock, etc.) (41)"
aj,(time to) feed up (15)
ak,(time to) get (the) chores (done) (2)
al,(time to) get ready for feeding (1)
am,(time to) get (the) outside chores done (1)
an,(time to) get the stock fed (1)
ao,(time to) go and feed up (the livestocks) (1)
ap,(time to) go do the chores (1)
aq,(time to) go feed (5)
ar,"(time to) go feed the (stock, etc.) (3)"
as,"(time to) go feed up (the stock, etc.) (7)"
at,(time to) go milk (1)
au,(time to) go milk her and feed her (1)
av,(time to) go out and feed (1)
aw,(time to) go to work (1)
ax,(time to) milk (1)
ay,(time to) slop (the) hogs (3)
az,(time to) tend the cattle (1)
ba,(time to) tend to the things (1)
bb,(time to) work (1)
bc,work time (5)
