Code,Response
A,breast (the horse) up (1)
B,dress (the horse) (1)
C,fix (the horse) up (1)
D,gear (the horse) (7)
E,gear (the horse) up (25)
F,gear up (the horse) (12)
G,get (the horse) up (1)
H,harness  (the horse) (306)
I,harness (the horse) up (58)
J,harness up (the horse) (23)
K,hitch (the horse) (69)
L,hitch (the horse) up (134)
M,hitch up (the horse) (63)
N,hook (the horse) (9)
O,hook (the horse) up (16)
P,hook up (the horse) (12)
Q,rig [v.] (1)
R,suit up (1)
S,tack up (1)
T,trace (the horse) (2)
U,yoke (the ox) up (1)
