Code,Response
A,"bit over, a (1)"
B,"few blocks, a  (1)"
C,"few feet, a (1)                         (198)"
D,"few miles, a (5)"
E,"few steps, a (8)"
F,"few yards, a (1)"
G,"hair jump, a (1)"
H,"hop and a jump, a (1)"
I,"hop (and) (a) skip, a (4)"
J,"hop, skip, and (a) jump (3)"
K,"hop, step, and jump (1)"
L,"jump (away), a (5)"
M,little bit (away/off/over) (38)
N,little distance (away/over) (33)
O,little drive (1)
P,little farther way (1)
Q,little hop (1)
R,little jump (2)
S,little piece (away/off/over) (206)
T,little step (1)
U,little stretch (1)
V,little trip (1)
W,little walk (1)
X,little way (off/over) (74)
Y,little ways (away/down/off/out/over)
Z,"piece, a (away) (47)"
aa,"reach, a [sic] (1)"
ab,short distance (away) (62)
ac,short piece (18)
ad,short throw (1)
ae,short way (over) (9)
af,short ways (15)
ag,"skip and a hop, a (2)"
ah,small distance (2)
ai,small piece (2)
aj,small way (1)
ak,"step, a (away) (6)"
al,"stone cast, a (1)"
am,"stone's throw, a (6)"
an,"tad, a (1)"
ao,three shakes of a sheep's tail (1)
ap,"way, a (off) (5)"
aq,"ways, a (off) (11)"
ar,whoop and a holler (1)
