Code,Response
A,blew the stumps up (1)
B,broke (4)
C,broke up (1)
D,bulldozed off (1)
E,burned (2)
F,burned off (6)
G,burned up (1)
H,bush-hogged (7)
I,bushed (2)
J,chopped (1)
K,clean-cut [v.] (1)
L,cleaned (26)
M,cleaned off (23)
N,cleaned out (13)
O,cleaned up (114)
P,cleared (526)
Q,cleared away (1)
R,cleared off (31)
S,cleared out (12)
T,cleared up (88)
U,cropped (1)
V,cut (1)
W,cut a road/roadway (3)
X,cut a route (1)
Y,cut a trail (2)
Z,cut down (6)
aa,cut off (1)
ab,cut out (1)
ac,cut over (1)
ad,cut sprouts (1)
ae,ditched (1)
af,double-cut (1)
ag,dozed (2)
ah,dragged out (2)
ai,dropped off (1)
aj,got rid of the trash (1)
ak,got that brush away (1)
al,graded (1)
am,grubbed (19)
an,grubbed out (2)
ao,grubbed up (5)
ap,hoed (1)
aq,improved (2)
ar,knocked off (1)
as,landscaped (1)
at,made a trail (1)
au,made newground (1)
av,plowed (2)
aw,plowed up (1)
ax,raked (2)
ay,ridded the trees off (1)
az,root-plowed (1)
ba,sawed the trees out (1)
bb,scrubbed (1)
bc,scrubbed off (1)
bd,shrubbed (2)
be,shrubbed off (2)
bf,shrubbed out (1)
bg,sprouted (1)
bh,stripped (1)
bi,trimmed up (1)
bj,underbrushed (1)
bk,weeded (1)
