Code,Response
A,aftermath (5)
B,another cutting (of grass) (3)
C,best cutting (1)
D,bumper (1)
E,chaff (2)
F,"come-up crop, a (1)"
G,cover (crop) (7)
H,cutover (1)
I,dead (Bermuda/sage) grass (15)
J,dead hay (1)
K,double crop (2)
L,double hay (1)
M,dried Johnson grass (1)
N,dried-up hay (1)
O,dry grass (3)
P,fodder (1)
Q,free stand (1)
R,good cutting (1)
S,grass (4)
T,growing wild (1)
U,harvest (1)
V,hay (meadow) (34)
W,last cutting (1)
X,late crop (1)
Y,lattermath (2)
Z,leftover(s) (2)
aa,litter (2)
ab,"mess, a (1)"
ac,middle cutting (1)
ad,"mill, a (1)"
ae,"mistake, a (1)"
af,mulch (6)
ag,native (3)
ah,natural crop (1)
ai,new crop (2)
aj,new growth (3)
ak,new-mown (1)
al,offals (1)
am,old (dry) (dead) grass (6)
an,old hay (crop) (2)
ao,old hay grass (1)
ap,old stalks (1)
aq,peanut hay (1)
ar,pumice (1)
as,recropping (1)
at,recut(ting) (2)
au,regrowth (2)
av,reharvest (1)
aw,reseeding (1)
ax,residue (1)
ay,second bloom (1)
az,second cover (1)
ba,second crop (96)
bb,second cut (8)
bc,second-cut hay (1)
bd,second cutting (170)
be,second growth (39)
bf,second harvest (7)
bg,second mowing (3)
bh,second time (around) (7)
bi,second yield (1)
bj,seconds (1)
bk,seed crop (2)
bl,self-sown (1)
bm,something that volunteered (1)
bn,stajoles [S] (1)
bo,"straggler, a (1)"
bp,straw (4)
bq,stubble [n.] (21)
br,stubble [adj.] (2)
bs,stubble crop (2)
bt,stubs (1)
bu,thatch (1)
bv,trash (3)
bw,two crops (1)
bx,two cuttings (7)
by,unwanted vegetables (1)
bz,voluntary (1)
ca,volunteer (196)
cb,volunteer [adj.] (21)
cc,volunteer crop (38)
cd,volunteer stuff (2)
ce,volunteer weed (1)
cf,volunteered [adj.] (1)
cg,volunteered crop (1)
ch,waste (2)
ci,weed(s) (4)
cj,wheat straw (1)
ck,whey (1)
cl,wild [adj.] (5)
cm,wild crop (6)
cn,wild stuff (1)
