Code,Response
A,American bread (1)
B,baker's bread (6)
C,bakery bread (2)
D,black bread (1)
E,bread (403)
F,brown bread (22)
G,butter bread (2)
H,country-style light bread (1)
I,crack-wheat bread (1)
J,cracked(-)wheat (bread) (4)
K,dark (bread) (5)
L,enrich bread (1)
M,flour bread (15)
N,flour light bread (1)
O,foundation bread (1)
P,graham (bread) (8)
Q,graham-flour (bread) (1)
R,hallah (2)
S,home-baked bread
T,homemade bread (40)
U,homemade light bread (9)
V,homemade loaf bread (3)
W,homemade-style bread (1)
X,homemade wheat bread (1)
Y,homemade yeast bread (1)
Z,Jewish white bread (1)
aa,leaven(ed) bread (7)
ab,light bread (482)
ac,light loaf bread (1)
ad,light salt bread (1)
ae,loaf (23)
af,loaf bread (137)
ag,loaf light bread (2)
ah,loaf of bread (70)
ai,loaf of light bread (2)
aj,loafed bread [sic] (1)
ak,long loaf (1)
al,pain americain [F] (1)
am,pan bread (1)
an,plain bread (8)
ao,plain flour bread (1)
ap,plain self-rising bread (1)
aq,pone (7)
ar,pone bread (5)
as,pone light bread (1)
at,pone of bread (5)
au,pone of light bread (1)
av,pone of wheat bread (1)
aw,rise loaf (1)
ax,risen bread (1)
ay,rising bread (3)
az,salt bread (1)
ba,salt-raising (1)
bb,salt-rising (bread) (17)
bc,salt-rising light bread (1)
bd,sandwich bread (6)
be,sandwich loaf (1)
bf,Schnitsbrot [G] (1)
bg,self-rising bread (3)
bh,short loaf (1)
bi,sliced bread (3)
bj,sliced white bread (1)
bk,sour bread (4)
bl,sourdough (bread) (16)
bm,sourdough light bread (1)
bn,store-bought bread (1)
bo,(un)leaven(ed) bread (5)
bp,wasp(-)nest (bread) (4)
bq,wheat (bread) (166)
br,wheat loaf (1)
bs,white bread (144)
bt,white loaf (of bread) (2)
bu,whole bread (3)
bv,whole loaf (1)
bw,whole(-)wheat (bread) (93)
bx,yeast bread (75)
by,yeast light bread (1)
bz,yeast-rise bread (1)
ca,yeast-rising bread (1)
