Code,Response
A,Anadama bread
B,Arkansas wedding cake (=corn bread)
C,ash bread
D,ash hoecake
E,ash pone
F,ashcake
G,ashcake corn bread
H,ash-cooked corn bread
I,ashes cake
J,ashy cake
K,bake bread
L,bake corn bread
M,baked bread
N,baked corn bread
O,baker[N-K] bread
P,bass bread
Q,batter bread
R,batter corn bread
S,battercake
T,biscuit
U,biscuit hoecake
V,bollos [S]
W,bracken bread
X,bread (=corn bread)
Y,buttermilk bread
Z,cake
aa,cake bread
ab,Camp Fire Girls' corn bread
ac,cheese bread
ad,chicken dressing
ae,chicken dumpling
af,chitlin bread
ag,cold-water corn bread
ah,Conch flitters
ai,convict bread
aj,cook bread
ak,corn bread
al,corn bread with cracklings
am,corn cake
an,corn cup (=muffin?)
ao,corn dodger
ap,corn dodger bread
aq,corn dog
ar,corn dumpling
as,corn flitter
at,corn fritter
au,corn hoecake
av,corn huskes
aw,corn light bread
ax,corn loaf
ay,corn muffin
az,corn mush (=spoon bread)
ba,corn patty
bb,corn poke (=hush puppy)
bc,corn pone
bd,corn pone bread
be,corn pudding (=corn pone)
bf,corn puppy
bg,corn roll
bh,corn stick
bi,corn sweet bread
bj,corn tortilla
bk,corn-bread battercake
bl,corn-bread bun
bm,corn-bread cake
bn,corn-bread dodger
bo,corn-bread dressing
bp,corn-bread dumpling
bq,corn-bread flapjack
br,corn-bread muffin
bs,corn-bread pancake
bt,corn-bread patty
bu,corn-bread pone
bv,corn-bread slapjack
bw,corn-bread stick
bx,cornmeal ball
by,cornmeal bread
bz,cornmeal cake
ca,cornmeal dumpling
cb,cornmeal flitter
cc,cornmeal fritter
cd,cornmeal muffin
ce,cornmeal mush
cf,cornmeal patty
cg,cornmeal stick
ch,"corny dog ?816,?821"
ci,crackling bread
cj,crackling corn bread
ck,cumpfolos
cl,cush (=spoon bread)
cm,cush bread
cn,cush-cush (baked)
co,cushion
cp,dodger
cq,dodger ball
cr,dodger corn bread
cs,dodger of bread
ct,dodger of corn bread
cu,dog bread
cv,doodad
cw,dough bread
cx,dough dad
cy,doughball
cz,doughboy (=hush puppy)
da,doughty bread
db,dress(ing)
dc,dressing
dd,drop biscuit
de,dumpling
df,egg bread
dg,egg-bread muffin
dh,egg corn bread
di,egg muffin
dj,fatty bread (=crackling bread)
dk,fish  corn bread
dl,fish dough
dm,fish stick (=corn stick)
dn,fish-grease biscuit
do,five-finger bread
dp,flat bread
dq,flat cake
dr,flitter
ds,foot pone
dt,French duck
du,fried bread
dv,fried corn batter
dw,fried corn bread
dx,fried corn cake
dy,fried cornmeal
dz,fried hoecake
ea,fried mush
eb,friedcake
ec,fritter
ed,fry bread
ee,gosh (=turkey dressing)
ef,grated bread
eg,grease bread
eh,griddle bread
ei,griddle cake
ej,grits corn bread
ek,gritted
el,gritted bread
em,gritted corn bread
en,gritted-cornmeal bread
eo,gritter
ep,heavy bread
eq,hoecake
er,hoecake bread
es,hoecake corn bread
et,hoecake of bread
eu,hoecake of corn bread
ev,hokey-dokey
ew,hot corn dodger
ex,hot dodger
ey,hot tamale shell
ez,hotcake
fa,hot-roll corn bread
fb,hot-water bread
fc,hot-water corn bread
fd,hot-water corn cake
fe,hush puppy
ff,hush puppy thing
fg,johnny bread
fh,johnnycake
fi,johnnycake bread
fj,lacy bread
fk,lazy bread
fl,light bread
fm,loaf (of corn bread)
fn,loaf of corn bread
fo,lost John
fp,mash [=mush?]
fq,meal batter
fr,meal bread
fs,meal dumpling
ft,meal mush
fu,menablers (=hush puppies)
fv,Mexican bread
fw,Mexican corn bread
fx,Mexican-style corn bread
fy,milk bread
fz,molasses bread
ga,(mo)lasses bread
gb,molasses cake (=hoecake)
gc,muffin
gd,muffin bread
ge,muffin cake
gf,muffin ring
gg,mush (fried)
gh,mush bread
gi,old hard corn bread (=corn dodger)
gj,old-fashion pone
gk,old-timey corn bread (=pone bread)
gl,old-timey hoecake
gm,old-timey poor-folks' bread (=corn dodger)
gn,onion bread
go,onion-and-egg bread
gp,oven bread
gq,pan (=pone)
gr,pan bread
gs,pan of bread
gt,pan of corn bread
gu,pancake
gv,panic bread
gw,pat-a-cake
gx,patty
gy,patty bread (=crackling bread)
gz,patty of bread
ha,piece of corn bread (=corn dodger)
hb,pistolets
hc,plain bread
hd,plain brick
he,plain corn bread
hf,plain cornmeal bread
hg,plain hoecake
hh,pone
hi,pone bread
hj,pone cake
hk,pone corn bread
hl,pone of bread
hm,pone of corn bread
hn,poor do (like hush puppy)
ho,poor soul
hp,poor-boy corn bread
hq,poor-folks bread
hr,poor-man's bread
hs,pot dodger
ht,pot liquor (=soft corn bread in greens)
hu,potato bread (sweet potatoes/cornmeal)
hv,potato bread (Irish potatoes/gritter)
hw,(po)tato pone [INC UNGLOSSED]
hx,puff cake
hy,puppy dog (=hush puppy)
hz,raisin corn bread
ja,ring
jb,rising bread
jc,river bread
jd,roasted bread
je,roasting-ear patty
jf,Sally Lunn (=spoon bread)
jg,salt-rising bread
jh,saltwater corn bread
ji,salty (corn bread)
jj,scalded bread
jk,scalded hoecake
jl,scalded hot hoecake
jm,shortbread
jn,shortening bread
jo,skillet bread
jp,skillet corn bread
jq,snow bread
jr,soda corn bread
js,sour bread
jt,sour corn bread
ju,Southern spoon bread
jv,Southern sweet bread
jw,spoon bread
jx,squaw bread
jy,stick
jz,stick bread
ka,stick of corn bread
kb,straight-out corn bread
kc,stone bread
kd,stove finger
ke,stuffing
kf,Sunday muffin
kg,sweet bread
kh,sweet corn bread
ki,syrup cake
kj,taco
kk,thin hoecake
kl,tortilla
km,turkey dressing
kn,turn mush (soft)
ko,turnover
kp,turnover bread
kq,turnover corn bread
kr,water bread
ks,white corn bread
kt,whole cake
ku,yeast bread
kv,yeast cake
kw,yeast corn bread
kx,yeast-rising bread
ky,yellow corn bread
