Code,Response
A,angel biscuits (1)
B,beaten biscuits (1)
C,biscuit bread (23)
D,biscuit buns (1)
E,biscuit roll (1)
F,biscuits (646)
G,brown biscuits (1)
H,buttermilk biscuits (6)
I,canned biscuits (1)
J,cathead biscuits (2)
K,catheads (2)
L,choke biscuits (1)
M,clabber biscuits (2)
N,Coon biscuits (1)
O,drop biscuits (2)
P,flour biscuits (1)
Q,hoecake biscuits (1)
R,homemade biscuits (8)
S,icebox biscuits (1)
T,potato biscuits (1)
U,puffs [sic] (1)
V,soda biscuits (1)
W,sour-milk biscuits (1)
X,sourdough biscuits (1)
Y,Southern biscuits (1)
Z,spoon biscuits (1)
aa,spoon bread [=biscuits] (1)
ab,stepmother biscuits (1)
ac,whole cake [biscuit dough] (1)
ad,batter bread (1)
ae,battercakes (2)
af,biscuit hoecakes (2)
ag,buckwheat cakes (1)
ah,buckwheat-cake bread (1)
ai,flapjacks (3)
aj,flat cakes (3)
ak,flitters (2)
al,flop cake (1)
am,flour bread (1)
an,flour hoecakes (4)
ao,galette [F] (5)
ap,hoecakes (52)
aq,johnny bread (1)
ar,johnnycake (5)
as,johnnycake bread (1)
at,nigger cakes (1)
au,pancake bread (1)
av,spoon bread [=hoecake] (1)
aw,spread wide (1)
ax,turnover bread (1)
ay,wheat hoecakes (1)
az,blueberry muffins (3)
ba,bran muffins (1)
bb,cake muffins (3)
bc,egg bread (2)
bd,English muffins (3)
be,flour muffins (2)
bf,muffin bread (2)
bg,muffin cakes (1)
bh,muffin ring (1)
bi,muffins (66)
bj,popovers (2)
bk,whole-wheat muffins (1)
bl,bagels (1)
bm,brown-and-serve rolls (2)
bn,buns (42)
bo,butter rolls (1)
bp,buttermilk rolls (1)
bq,crescent rolls (2)
br,crescents (1)
bs,dinner rolls (3)
bt,egg rolls (1)
bu,French rolls (1)
bv,hamburger buns (5)
bw,hard rolls (2)
bx,home rolls (1)
by,homemade rolls (2)
bz,hot-dog bread (1)
ca,hot-dog buns (4)
cb,light rolls (4)
cc,light-bread rolls (1)
cd,onion buns (1)
ce,onion rolls (4)
cf,Parker House rolls (2)
cg,potato rolls (1)
ch,quick rolls (1)
ci,roll bread (1)
cj,rolls (231)
ck,soft rolls (1)
cl,twist(ed) rolls (2)
cm,whole-wheat rolls (1)
cn,wienie rolls (1)
co,yeast rolls (5)
cp,brioche [F] (1)
cq,camp bread (1)
cr,cap bread [round] (1)
cs,cap loaf (1)
ct,chicken dumplings (2)
cu,cholah (1)
cv,cowboy bread (1)
cw,creole bread (1)
cx,croquignole [F] (1)
cy,Cuban bread (4)
cz,doughboy bread (1)
da,dumplings (30)
db,eating bread (1)
dc,flour dumplings (2)
dd,French bread (51)
de,German bread (1)
df,hardtack (1)
dg,Italian bread (4)
dh,lost bread (2)
di,monkey bread (1)
dj,New Orleans bread (2)
dk,oven bread (1)
dl,pan of bread (1)
dm,quick bread (6)
dn,round bread (2)
do,Sally Lunn (1)
dp,scones (1)
dq,twist loaf (1)
dr,Yorkshire bread (1)
