Code,Response
A,bake bread [n.] (2)
B,baker('s) bread (41)
C,baker shop (bread) (1)
D,bakery (bread) (90)
E,bakery-made (1)
F,bakery-shop bread (2)
G,bakery-type bread (1)
H,bought (bread) (115)
I,bought biscuits (4)
J,bought light bread (4)
K,boughten (bread) (4)
L,bread (10)
M,bread from the bakery (1)
N,bread from the store (1)
O,brought-home bread (1)
P,bum bread (2)
Q,commercial (bread) (4)
R,commercial light bread (1)
S,company bread (1)
T,factory bread (3)
U,factory-made (bread) (7)
V,light bread (158)
W,light rolls (1)
X,loaf (4)
Y,loaf bread (94)
Z,loaf of bread (21)
aa,loaf of light bread (3)
ab,manufactured bread (1)
ac,manufactury bread [sic] (1)
ad,market bread (2)
ae,outside bread (1)
af,packaged (2)
ag,ready-made (bread) (3)
ah,regular bread (2)
ai,salt-rising bread (1)
aj,sandwich bread (4)
ak,slice bread [n.] (3)
al,sliced bread (2)
am,spider webs (1)
an,store bread (20)
ao,store-bought biscuits (1)
ap,store-bought (bread) (210)
aq,store-bought loaf bread (1)
ar,store-bought wheat bread (1)
as,store-boughten (bread) (7)
at,white bread (7)
