Code,Response
A,batter bread (1)
B,battercakes (154)
C,beignets (6)
D,buckwheat bread (1)
E,buckwheat cakes (12)
F,buckwheat pancakes (2)
G,cakes (1)
H,corn cakes (13)
I,corn flitters (3)
J,corn fritters (8)
K,corn pancakes (1)
L,corn patties (1)
M,corn-bread battercakes (2)
N,corn-bread flitters (1)
O,corn-bread fritters (1)
P,corn-bread hotcakes (1)
Q,corn-bread pancakes (1)
R,cornmeal cakes (1)
S,crepes (4)
T,deceivers (1)
U,flap flitters (1)
V,flapcakes (2)
W,flapjackety (1)
X,flapjacks (238)
Y,flatjacks [sic] (1)
Z,flatter cakes (1)
aa,flipjacks (3)
ab,flips (1)
ac,flitter cakes (4)
ad,flitters (80)
ae,flour cakes (1)
af,flour flitters (1)
ag,flour fritters (1)
ah,flour hoecakes (1)
ai,fried battercakes (1)
aj,fried flapjacks (1)
ak,fried hobbies (1)
al,fried pancakes (1)
am,fritter cakes (2)
an,fritters (46)
ao,frog (1)
ap,griddle bread (1)
aq,griddle cakes (31)
ar,hobbies (1)
as,hoecakes (31)
at,hop cakes (1)
au,hot stack (1)
av,hotcakes (226)
aw,hush puppies (=pancakes) (1)
ax,Indian bread (1)
ay,johnnycakes (4)
az,pancake bread (1)
ba,pancakes (649)
bb,pat-a-cakes (5)
bc,Pfannkuchen (1)
bd,potato pancakes (2)
be,rice pancakes (1)
bf,shortcakes (3)
bg,skillet cakes (1)
bh,slapjacks (7)
bi,stack cakes (1)
bj,stack of cakes (1)
bk,stacked cakes (1)
bl,syrup soppers (1)
bm,tortilla (2)
bn,wheat cakes (8)
bo,wheat hoecakes (1)
bp,wheat pancakes (1)
bq,whole-wheat pancakes (1)
br,yellow pancakes (1)
