Code,Response
A,animal dip [sic] (1)
B,beignet [F] (15)
C,biscuit [sic] (1)
D,bunuelos [S] (1)
E,cake doughnut (10)
F,cake-like doughnut (1)
G,candied (doughnut) (1)
H,cartwheel (1)
I,cherry (doughnut) (1)
J,chocolate (doughnut) (4)
K,chocolate-covered doughnut (2)
L,chocolate top [n.] (1)
M,cinnamon bar (1)
N,cinnamon bun (1)
O,cinnamon (doughnut) (1)
P,cinnamon roll (2)
Q,cinnamon stick (1)
R,cinnamon twist (doughnut) (2)
S,coffee bread (1)
T,coffee cake (4)
U,cookie [sic] (1)
V,cream-filled (doughnut) (1)
W,cream puff (1)
X,croquignole [F] (9)
Y,cruller (10)
Z,doorknob [sic] (1)
aa,doughboy (1)
ab,doughnut (762)
ac,doughnut center (1)
ad,doughnut hole (10)
ae,doughnut twist (1)
af,dropped cookie [sic] (1)
ag,dunker (2)
ah,egg ball (1)
ai,figurine (1)
aj,fill(ed) doughnut (4)
ak,flat cake (1)
al,flitter (1)
am,flour doughnut (1)
an,French doughnut (1)
ao,French Market doughnut (2)
ap,French pastry (1)
aq,fried beignet (1)
ar,fried bread [sic] (1)
as,fried dough (1)
at,fried fritter (1)
au,fritter (4)
av,frosted doughnut (1)
aw,glaze(d) (doughnut) (5)
ax,hole (of the doughnut) (5)
ay,homemade doughnut (2)
az,honey (doughnut) (1)
ba,honey-drip (doughnut) (1)
bb,hot cross bun (2)
bc,jelly doughnut (5)
bd,jelly-fill(ed) doughnut (2)
be,jelly roll (7)
bf,Krapfen [G] (1)
bg,Krepletz [G] (1)
bh,lemon (doughnut) (1)
bi,long john (2)
bj,muffin (6)
bk,pastry (4)
bl,plain (doughnut) (4)
bm,puff (1)
bn,raise(d) doughnut (5)
bo,sinker (3)
bp,solid doughnut (1)
bq,spoon bread [sic] (1)
br,square doughnut (1)
bs,strip (1)
bt,suet cake (1)
bu,sugar-covered (doughnut) (1)
bv,sugar-top doughnut (1)
bw,sweet biscuit (1)
bx,sweet bread (1)
by,sweet cake (doughnut) (2)
bz,sweet doughnut (1)
ca,sweet loaf  (1)
cb,sweet roll (8)
cc,sweeten bread (1)
cd,sweeten cake (1)
ce,tea cake (17)
cf,twist (doughnut) (6)
cg,twisted doughn (2)
ch,yeast doughnut (8)
ci,yeast cake (1)
