Code,Response
A,aged out (2)
B,age[V-t] (1)
C,bad  (20)
D,cankered (3)
E,canky (1)
F,contaminated  (1)
G,decayed (1)
H,deteriorated (1)
I,faisande [F] (1)
J,flabby (1)
K,funky (1)
L,hard (2)
M,mold (2)
N,molded (6)
O,mold[V-t] (1)
P,moldy (3)
Q,musty (1)
R,nasty (1)
S,no good (2)
T,old (33)
U,putrified (1)
V,rance [F] (2)
W,rancy (1)
X,rancid (124)
Y,rank (59)
Z,ripe (1)
aa,rot(s) (3)
ab,rot[V-t] (1)
ac,rotted (4)
ad,rotten (22)
ae,rough (1)
af,ruined (38)
ag,ruin[V-t] (6)
ah,sour(s) (14)
ai,soured (14)
aj,spoil(s) (102)
ak,spoiled (480)
al,spoilt (76)
am,"spoil[V-p,-r,-t] (56)"
an,stale (25)
ao,stark (1)
ap,stink(s) (2)
aq,stout (1)
ar,strong (52)
as,swump (1)
at,taint(s) (7)
au,tainted (88)
av,taint[V-t] (1)
aw,tainty (1)
ax,tint of rotteness (1)
ay,tinted [=tainted] (1)
az,turned (1)
ba,turn[V-p] (1)
