Code,Response
A,Alabama ham (=fatback) (1)
B,Arkansas chicken (=fatback) (1)
C,back (=fatback) (1)
D,bacon (92)
E,bac(on) fat (1)
F,bacon fat (3)
G,bacon meat (2)
H,bacon salt (1)
I,belly (4)
J,belly meat (2)
K,boar flank (=sowbelly) (1)
L,boil meat (3)
M,boiled meat (=sowbelly) (1)
N,boiling bacon (4)
O,boiling meat (34)
P,boiling pork (2)
Q,boiling white meat (1)
R,bulk meat (1)
S,Canadian bacon (1)
T,chunk meat (3)
U,cooking meat (=sowbelly) (3)
V,country cured side bacon (1)
W,cured bacon (2)
X,cured meat (6)
Y,cured hog meat (=side meat) (1)
Z,cured piece of side meat (1)
aa,cured pork (=salted meat) (1)
ab,dried meat (2)
ac,dry pork (1)
ad,dry salt (=salt pork) (9)
ae,dry salt bacon (1)
af,dry salt meat (7)
ag,dry salt pork (1)
ah,fat (17)
ai,fat bacon (10)
aj,fat belly (3)
ak,fat (meat) (1)
al,fat meat (63)
am,fat off of a middling (1)
an,fat off the middlings (1)
ao,fat part of this side meat (1)
ap,fat pork (4)
aq,fat pork meat (1)
ar,fat salt pork (5)
as,fat side (1)
at,fat white meat (1)
au,fatback (350)
av,fatback meat (3)
aw,fat-lean pork (1)
ax,flank (1)
ay,fried meat (2)
az,green meat [salted/not cured] (2)
ba,grunt meat (=hog meat) (1)
bb,ham hock (=fatback) (1)
bc,ham with the buttons on (=sowbelly) (1)
bd,hog back (1)
be,hog meat (4)
bf,home cure (1)
bg,leaf fat (2)
bh,leaf lard (2)
bi,lean (1)
bj,lean fatback (1)
bk,lean meat (12)
bl,lean salt pork (1)
bm,lean streak (1)
bn,lean streaked meat (1)
bo,meat (2)
bp,meat and lard (1)
bq,middling (31)
br,middling meat (12)
bs,middlings (6)
bt,pickle meat (4)
bu,pickle pork (2)
bv,pickled meat (1)
bw,piece of bacon (1)
bx,piece of cheap meat (1)
by,piece of meat (3)
bz,piece of pork (1)
ca,plain-old fat (1)
cb,plate meat (=fat salt meat) (1)
cc,pork (31)
cd,pork bacon (1)
ce,pork bellies (2)
cf,pork belly (2)
cg,pork fat (=salt meat) (1)
ch,pork loin (1)
ci,pork meat (3)
cj,pork rind (=fat meat) (1)
ck,salt back (2)
cl,salt bacon (28)
cm,salt meat (121)
cn,salt pork (154)
co,salt side (3)
cp,salt side meat (2)
cq,salt side pork (1)
cr,salted (1)
cs,salted meat (4)
ct,salted side meat (1)
cu,salt-cured (meat) (1)
cv,salty meat (1)
cw,sawmill chicken (=side meat) (1)
cx,scutter back (1)
cy,season meat (=fatback) (1)
cz,seasoning [meat] (4)
da,seasoning bacon (1)
db,seasoning meat (9)
dc,seasoning pork (1)
dd,side (2)
de,side back (1)
df,side meat (87)
dg,side of salt meat (1)
dh,side of salt pork (1)
di,side-plate meat (1)
dj,side pork (2)
dk,sideback (1)
dl,slab bacon (2)
dm,smoke bacon (3)
dn,smoke meat (2)
do,smoke pork (1)
dp,sow bosom (2)
dq,sow bellies (2)
dr,sowbelly (134)
ds,sowbelly meat (1)
dt,sowbelly with the buttons on (1)
du,sow's belly (1)
dv,streak [P-O] lean (1)
dw,streak meat (1)
dx,streak of fat (4)
dy,streak of fat and streak of lean (1)
dz,streak of fat streak of lean (1)
ea,streak of lean (86)
eb,streak of lean and streak of fat (2)
ec,streak of lean and a streak of fat (1)
ed,streak of lean bacon (1)
ee,streak of lean meat (1)
ef,streak of lean or strip of fat (1)
eg,streak of lean streak of fat (27)
eh,streak of the lean (1)
ei,streaked [meat] (6)
ej,streaked bacon (1)
ek,streaked lean (4)
el,streaked meat (18)
em,streaked pork (1)
en,streaks of lean (1)
eo,stripe back (=Canadian bacon) (1)
ep,tenderloin (5)
eq,Tennessee chicken (=salt pork) (2)
er,white back (3)
es,white bacon (25)
et,white fat (1)
eu,white meat (55)
ev,white pork (3)
ew,white salt bacon (1)
ex,white salt meat (2)
ey,white salt pork (1)
ez,white side (8)
fa,white side meat (1)
fb,white side of bacon (1)
fc,white sowbelly (1)
fd,whiteback (1)
