Code,Response
A,bought cheese (=souse) (1)
B,cheese (6)
C,cheesehead (3)
D,fromage (F) (1)
E,head sausage (1)
F,head souse (5)
G,headcheese (99)
H,headhog cheese (1)
I,hog cheese (8)
J,hog souse (5)
K,hog's head cheese (55)
L,hog's head souse (2)
M,hoghead (=souse) (2)
N,hoghead and cheese (1)
O,hoghead cheese (270)
P,hoghead chow (1)
Q,hoghead fry (1)
R,hoghead mush (2)
S,hoghead sausage (1)
T,hoghead side [sic] (1)
U,hogheads cheese (44)
V,louder (1)
W,mincemeat (=souse) (1)
X,press meat (61)
Y,pressed meat (12)
Z,Schwademagen (G) (1)
aa,souse (319)
ab,souse meat (212)
ac,south meat (4)
ad,Sulze (G) (1)
