Code,Response
A,blink (inf.) (4)
B,blink (n.?) (2)
C,blinked (v. ~ adj.) (7)
D,blinking (1)
E,blinking stage (1)
F,blinks (pres.) (2)
G,blinky (11)
H,blinky milk (1)
I,buttermilk (145)
J,clabber (adj.) (1)
K,clabber (inf.) (36)
L,clabber (n.) (468)
M,clabber buttermilk (1)
N,clabber milk (76)
O,clabbered (v.~ adj.) (66)
P,clabbered buttermilk (1)
Q,clabbered milk (65)
R,clabbering (2)
S,clabbers (n.) [sic] (2)
T,clabbers (pres.) (23)
U,clabbers milk [sic] (1)
V,crud (inf.) (1)
W,crudded milk (1)
X,cruddy (1)
Y,cruds (=curds) (1)
Z,curd (11)
aa,curdle (7)
ab,curdle milk [sic] (4)
ac,curdled (25)
ad,curdled milk (18)
ae,curdles (pres.) (8)
af,curds (13)
ag,drip clabber (1)
ah,lump milk (1)
ai,natural clabber (1)
aj,sour (adj.) (19)
ak,sour (inf.) (7)
al,sour buttermilk (3)
am,sour clabber (1)
an,sour cream (9)
ao,sour milk (63)
ap,soured (5)
aq,soured milk (3)
ar,thick (2)
as,thick buttermilk (1)
at,thick milk (1)
au,turn milk [sic] (1)
av,whey (=clabber) (2)
aw,wheyed (=clabbered) (1)
