Code,Response
A,blood pudding [sic] (1)
B,braunschweiger (1)
C,cheese spread [sic] (1)
D,goose liver (7)
E,goose-liver cheese (1)
F,goose-liver sausage (1)
G,hash (48)
H,haslet (6)
I,haslet stew (1)
J,hog haslet (1)
K,hog pudding (1)
L,liver cheese (42)
M,liver dumplings (1)
N,liver hash (23)
O,liver loaf (17)
P,liver mush (17)
Q,liver paste (4)
R,liver pate (1)
S,liver pudding (103)
T,liver roll (1)
U,liver sausage (40)
V,liver spread (2)
W,liverelle (1)
X,liverwurst (60)
Y,pate (7)
Z,pate de foie gras (F) (1)
aa,pate de maison (F) (1)
ab,pate ordinaire (F) (1)
ac,picadillo (S) (2)
ad,pudding (6)
ae,sausage (2)
af,Schwademagen (G) (1)
