Code,Response
A,aged (2)
B,aromatic (1)
C,bad (20)
D,bitter (2)
E,blinky (2)
F,cankered (4)
G,cheese-like (1)
H,cheesy (2)
I,curdled [sic] (4)
J,fermented (1)
K,funky (35)
L,funny (1)
M,loud (2)
N,mildewed (1)
O,molded (7)
P,moldy (9)
Q,mushroomy-like (1)
R,musty (3)
S,nasty (1)
T,no-good (5)
U,old (89)
V,puffed (1)
W,putrid (2)
X,rance (F) (4)
Y,ranc(id) (7)
Z,rancid (348)
aa,rank (138)
ab,rankid (1)
ac,rankish (1)
ad,ranky (3)
ae,rotten (6)
af,ruined (23)
ag,sanging [sic] (1)
ah,sour (51)
ai,soured (25)
aj,spoiled/spoilt (118)
ak,spunky (1)
al,stale (40)
am,stout (13)
an,strong (78)
ao,tainted (20)
ap,tarnished (1)
aq,turned (1)
ar,white (1)
as,yukky (1)
