Code,Response
A,ambrosia (1)
B,covering (1)
C,cream (3)
D,cream sauce (7)
E,creme patissiere [F] (1)
F,custard sauce (2)
G,dessert topping (1)
H,dip (32)
I,dip sauce (1)
J,drawn sauce (1)
K,dressing (16)
L,hard butter sauce (1)
M,hard sauce (3)
N,pap (1)
O,pudding sauce (1)
P,hush puppy (1)
Q,liquor (1)
R,mixer (1)
S,sauce (283)
T,seasoning (1)
U,sugar syrup (3)
V,sweet cream (1)
W,sweet milk (2)
X,sweet sauce (3)
Y,syllabub (1)
Z,syrup (76)
aa,topping (30)
ab,white sauce (2)
