Code,Response
A,Betty (3)
B,brown Betty (4)
C,cobbler (535)
D,cobbler pie (59)
E,crisp (3)
F,crunch (1)
G,deep pie (15)
H,deep-dish cobbler (1)
I,deep-dish (pie) (63)
J,deep-pan (pie) (3)
K,dish pie (1)
L,dooby (1)
M,doolunkum (1)
N,duff (1)
O,dumpling (30)
P,dumpling pie (1)
Q,Dutch (pie) (1)
R,Dutch-oven pie (1)
S,family pie (18)
T,family's pie (1)
U,fried pie (9)
V,half-moon pie (2)
W,layer pie (1)
X,lazy pie (1)
Y,pan pie (9)
Z,pandowdy (11)
aa,parch (1)
ab,pastry (1)
ac,patty (1)
ad,pie (255)
ae,pie cobbler (1)
af,plate pie (3)
ag,poor-man's cobbler (1)
ah,poor-man's pie (2)
ai,potpie (6)
aj,roll (1)
ak,scuffle (1)
al,slickum (1)
am,sling (1)
an,slump (1)
ao,sonker (1)
ap,spread pie (1)
aq,stack pie (5)
ar,stew (1)
as,streusel (2)
at,strudel (9)
au,turnover (8)
av,upside-down pie (1)
aw,vinegar cobbler (1)
ax,vinegar pie (3)
