Code,Response
A,buttermilk cheese (1)
B,caille (F) (1)
C,caille goutte (F) (2)
D,caso (S) (1)
E,cheese (59)
F,clabber cheese (42)
G,clabber cottage cheese (1)
H,clabbered cheese (6)
I,clabbered-milk cheese (1)
J,college cheese [sic] (1)
K,cook case (1)
L,cook cheese (3)
M,cottage cheese (472)
N,cottage [sic] (4)
O,cream cheese (63)
P,cream cottage cheese (1)
Q,creole cream cheese (1)
R,curd (18)
S,curd cheese (2)
T,curdled cheese (1)
U,curds (6)
V,drip cheese (1)
W,drip clabber (1)
X,dry cheese (1)
Y,Dutch cheese (2)
Z,farmers cheese (2)
aa,homemade cheese (6)
ab,Kase (G) (1)
ac,Kochkase (G) (1)
ad,milk cheese (3)
ae,pot cheese (3)
af,smearcase (7)
ag,sour cheese (2)
ah,sour milk [sic] (1)
ai,sour-cream cheese (1)
aj,sour-milk cheese (2)
ak,white cheese (9)
