Code,Response
A,a-snacking (2)
B,aftermeal/after meal (3)
C,between meal [sic] (1)
D,between-meal lunch (1)
E,between-meal snack (10)
F,bite (19)
G,bite of lunch (1)
H,"bite or two, a (2)"
I,bite to eat (8)
J,bite [P-0] something to eat (2)
K,brunch (4)
L,coffee break (1)
M,eating between meals (3)
N,evening snack (1)
O,garbage (1)
P,in-between snack (4)
Q,in-between-meal snack (1)
R,junk (2)
S,Klatsch (G) (1)
T,knack (1)
U,knacking (1)
V,knickknack (18)
W,knickknack snack (1)
X,knickknacking (1)
Y,light snack (1)
Z,light supper (1)
aa,little bite (2)
ab,little bite of something (1)
ac,little bite to eat (1)
ad,"little lunch, a (5)"
ae,little snack (3)
af,"little something I can nibble on, a (1)"
ag,little treat (1)
ah,lunch (57)
ai,lunch between meals (2)
aj,luncheon (1)
ak,lunching (1)
al,merienda (S) (2)
am,mid-meal (1)
an,mid-meal lunch (1)
ao,midday snack (1)
ap,midevening snack (1)
aq,midmorning snack (1)
ar,morning snack (1)
as,mouth of something to eat (1)
at,munchy/munchies (2)
au,nibbled (1)
av,nibbling (4)
aw,refreshments (1)
ax,sandwich (3)
ay,smack (=snack) (4)
az,small snack (1)
ba,snack (n.) (625)
bb,snack (v.) (1)
bc,snack around (1)
bd,snack between meals (2)
be,snack in between meals (1)
bf,snacked (1)
bg,snacking (12)
bh,something to eat (2)
bi,Sunday brunch (1)
bj,Sunday-night snack (1)
bk,sweets (1)
bl,tad (1)
bm,"taste, a (2)"
bn,tea party (1)
bo,tidbit (1)
bp,trash (1)
