Code,Response
A,come and help yourself (2)
B,dig in (5)
C,dive in (3)
D,fix your own plate (1)
E,get it yourself (3)
F,get some (2)
G,get you some (1)                          you want (1)
H,get you something to eat (1)
I,get yours (2)
J,go ahead (5)
K,go ahead and begin (1)
L,go ahead and dip (1)
M,go ahead and get some (4)
N,go ahead and help yourself (6)
O,go ahead and make yourself at home
P,go ahead and reach (4)
Q,go ahead and take it (1)
R,go ahead and take some out (1)
S,go ahead and use it (1)
T,go ahead and use your boardinghouse
U,go help yourself (1)
V,have some (45)
W,help the plates (2)
X,help your own self (2)
Y,help your plate (7)
Z,help yourself (485)
aa,jump in and help yourself (1)
ab,just help yourself (4)
ac,make a long arm and reach for what
ad,pass it yourself (1)
ae,pitch in and help yourself (1)
af,please have some (1)
ag,please help yourself (3)
ah,reach and get it (6)
ai,reach and get what you want (1)
aj,reach and help yourself (1)
ak,reach for it (4)
al,serve your plate (1)
am,serve yourself (57)
an,take it (1)
ao,take out (5)
ap,take some (9)
aq,take your share (1)
ar,try it (1)
as,wait on your own self (1)
at,wait on yourself (6)
au,y'all help yourself[M-i] (2)
