Code,Response
A,back-door garden (1)
B,backyard (1)
C,backyard garden (1)
D,city garden (1)
E,community garden (1)
F,dirt garden (1)
G,fall garden (1)
H,family garden (4)
I,flower bed (3)
J,flower garden (15)
K,garden (819)
L,garden area (1)
M,garden farm (1)
N,garden patch (5)
O,garden place (1)
P,garden plot (4)
Q,garden spot (13)
R,herb garden (1)
S,home garden (5)
T,house garden (1)
U,kitchen garden (3)
V,Mexican garden (1)
W,orchard (1)
X,patch (10)
Y,patch garden (1)
Z,patch of ground (1)
aa,plant bed (1)
ab,plastic garden (1)
ac,plot (2)
ad,rock garden (1)
ae,rose garden (2)
af,spring garden (2)
ag,summer garden (3)
ah,table garden (1)
ai,truck garden (4)
aj,truck patch (29)
ak,vegetable garden (44)
al,vegetable patch (7)
am,victory garden (2)
an,yard (2)
ao,year-(a)round garden (1)
ap,year-round vegetable garden (1)
