Code,Response
A,carried-over food (1)
B,coldovers (1)
C,cooked-over food (3)
D,hand-me-down food (1)
E,hash (2)
F,leave overs (1)
G,leftover food (6)
H,leftovers (387)
I,(left)overs (1)
J,old food (1)
K,remainders (1)
L,repeat [n.] (1)
M,rerun [n.] (2)
N,scraps (2)
O,second serving (1)
P,secondhanded food (2)
Q,seconds (5)
R,warmed overs (14)
S,warmed-over dinner (1)
T,warmed-over supper (2)
U,warmed-over food (15)
V,warmed-over meal (2)
W,warmed-over stuff (1)
X,warmed-up food (5)
Y,warmed-up leftovers (2)
Z,warm-ups (3)
