Code,Response
A,aguardiente (1)
B,apple cider (2)
C,applejack (2)
D,backing(s) (3)
E,bad booze (1)
F,bad moonshine (1)
G,bad whiskey (2)
H,barn liquor (1)
I,bathtub gin (12)
J,bathtub whiskey (1)
K,bayou water (1)
L,black pot (1)
M,blackberry wine (4)
N,blind tiger (=whiskey) (1)
O,blind-tiger liquor (1)
P,blue john (1)
Q,bootleg (100)
R,bootleg booze (1)
S,bootleg liquor (13)
T,bootleg moonshine (1)
U,bootleg stuff (1)
V,bootleg whiskey (48)
W,bootlegged liquor (1)
X,bootlegged whiskey (3)
Y,bootlegging (whiskey) (3)
Z,booze (30)
aa,brand XXX (1)
ab,brandy (whiskey) (3)
ac,brew [=whiskey] (1)
ad,brier(-)patch (whiskey) (2)
ae,buck head (1)
af,bug-eyed (1)
ag,bulk (1)
ah,bulkhead (1)
ai,bust skull (4)
aj,busthead (4)
ak,cane buck (3)
al,cane-skimming whiskey (1)
am,cane(-)skimmings (liquor) (3)
an,cat (whiskey) (2)
ao,cheap booze (1)
ap,cheap whiskey (7)
aq,Christmas whiskey (1)
ar,cider (2)
as,coal-oil johnny (1)
at,corn [sic] (1)
au,corn buck (5)
av,corn gin (1)
aw,corn juice (1)
ax,corn lightning (1)
ay,corn liquor (40)
az,corn mash (1)
ba,corn squeezings (10)
bb,corn whiskey (49)
bc,crystal (1)
bd,crystal clear (1)
be,dewberry wine (1)
bf,"dram, a (1)"
bg,dry rot (1)
bh,explode [n.] (1)
bi,eye-opener (1)
bj,firewater (2)
bk,four hundred and ten rebreak (1)
bl,glucken (1)
bm,Golden Pa liquor (1)
bn,good whiskey (1)
bo,gosh (2)
bp,grape [sic] (1)
bq,grape jack (1)
br,grape whiskey (1)
bs,grape wine (5)
bt,gray mule (1)
bu,grease lightning (1)
bv,green whiskey (1)
bw,groundhog whiskey (1)
bx,gunpowder whiskey (1)
by,gut rot (2)
bz,happy juice (1)
ca,hard cider (1)
cb,hog and hair (1)
cc,hog and hominy (1)
cd,home brew [=whiskey/wine] (14)
ce,homemade liquor (6)
cf,homemade scald cat (1)
cg,homemade shine (2)
ch,homemade whiskey (7)
ci,homemade wine (4)
cj,hootch (3)
ck,horse piss (1)
cl,hundred-and-ten proof (1)
cm,illegal liquor (1)
cn,illegal whiskey (1)
co,illicit whiskey (1)
cp,jake leg (1)
cq,Joe Louis (3)
cr,joy juice (1)
cs,julep (1)
ct,Kickapoo Joy Juice (1)
cu,knockum (1)
cv,laughing water (1)
cw,lightning (2)
cx,liquor (38)
cy,low(-)grade (whiskey) (2)
cz,low wine (4)
da,malt liquor (1)
db,mash (whiskey) (19)
dc,moonshine (483)
dd,moonshine gosh (1)
de,moonshine liquor (8)
df,moonshine whiskey (26)
dg,mountain dew (15)
dh,mountain juice (1)
di,(mo)squito juice (1)
dj,muscadine (wine) (4)
dk,mustang wine (1)
dl,nectar (1)
dm,old moonshine (1)
dn,old rum liquor (1)
do,old whiskey (1)
dp,outlaw (1)
dq,outlawed whiskey (1)
dr,packing ham (1)
ds,panther piss (1)
dt,peach brandy (5)
du,please don't fight in the house
dv,poison liquor (1)
dw,poison whiskey (3)
dx,poontang (2)
dy,popeyed (1)
dz,popskull (16)
ea,pot liquor (1)
eb,prune-and-raisin wine (1)
ec,punch (1)
ed,pure corn (whiskey) (3)
ee,pure grain alcohol (1)
ef,"recipe, the (1)"
eg,red-eye (6)
eh,roasting-ear cordial (1)
eh,rum (homemade)
ei,rotgut (whiskey) (67)
ek,rye (whiskey) (6)
el,saki (=cheap wine) (2)
em,scald cat (1)
en,scrap iron (1)
eo,shake a leg (1)
ep,sheep dip (1)
eq,shimmy (1)
er,shine (15)
es,shinny (whiskey) (30)
et,sizzling (1)
eu,skag (1)
ev,skaw (1)
ew,skimmings (1)
ex,skull bust(er) (2)
ey,slop (3)
ez,snake piss (1)
fa,something grain (1)
fb,sorry grade of whiskey (1)
fc,sorry whiskey (1)
fd,sorry wildcat whiskey (1)
fe,sour mash (whiskey) (3)
ff,spirits (1)
fg,splo (whiskey) (10)
fh,squeezings (1)
fi,squirrel whiskey (1)
fj,still whiskey (1)
fk,stomach buster (1)
fl,stoop/stop (2)
fm,stump (3)
fn,stump fit (1)
fo,stump-hole juice (1)
fp,stump juice (7)
fq,stump liquor (5)
fr,stump rum (4)
fs,stump water (5)
ft,stump whiskey (1)
fu,sugar whiskey (1)
fv,sweet cider (1)
fw,Sweet Lucy (2)
fx,syrup liquor (1)
fy,tanglefoot (1)
fz,thicket whiskey (1)
ga,unstamp whiskey (1)
gb,whiskey (159)
gc,white corn (liquor) (2)
gd,white corn whiskey (3)
ge,white jack (1)
gf,white lightning (298)
gg,white liquor (3)
gh,white meal [=mule?] (1)
gi,white mule (whiskey) (12)
gj,white whiskey (7)
gk,wildcat (19)
gl,wildcat liquor (1)
gm,wildcat piss (1)
gn,wildcat stuff (1)
go,wildcat whiskey (10)
gp,wine home brew (1)
gq,wood alcohol (2)
ha,bad beer (1)
hb,beer (47)
hc,bootleg beer (1)
hd,brew (9)
he,buck (9)
hf,California beer (1)
hg,California seed beer (1)
hh,cane beer (4)
hi,cane skimmings (3)
hj,corn beer (3)
hk,corn buck (1)
hl,green beer (1)
hm,home brew (beer) (239)
hn,homemade beer (9)
ho,homemade brew (3)
hp,locust beer (2)
hq,loggerhead beer (1)
hr,malt [sic] (1)
hs,malt liquor (1)
ht,persimmon beer (7)
hu,potato beer (1)
hv,second beer (1)
hw,seed beer (1)
hx,skimmings (2)
hy,spruce beer (1)
hz,thicklen (1)
