Code,Response
A,coarse grits (3)
A,big hominy (16)
B,corn grits (5)
B,coarse hominy (1)
C,fine grits (2)
C,corn hominy (1)
D,Georgia ice cream (1)
D,homily (25)
E,grist (1)
E,hominies (1)
F,grits (661)
F,hominy (523)
G,ground hominy (2)
G,hominy corn (3)
H,heart of the corn (1)
H,lye corn (9)
I,homemade grits (1)
I,lye homily (6)
J,homily [=grits] (1)
J,lye hominy (59)
K,homily grits (1)
K,lyed corn (4)
L,hominy [=grits] (6)
L,lyed hominy (3)
M,hominy grits (48)
M,white hominy (1)
N,little hominy (2)
N,whole-grained hominy (1)
O,yellow grits (4)
O,yellow hominy (1)
