Code,Response
A,broth (=mush) (1)
B,chicken dressing (=cush) (1)
C,cold sandwich (=mush) (1)
D,corn gruel (1)
E,corn mush (28)
F,corn pudding (3)
G,corn-bread mush (4)
H,corn-bread pudding (2)
I,cornmeal gruel (1)
J,cornmeal mush (64)
K,cornmeal pudding (2)
L,cornmeal soup (3)
M,cream of wheat (=mush) (1)
N,cush (74)
O,cush-cush (33)
P,dog mush (1)
Q,dressing (=cush) (1)
R,fried mush (8)
S,goulash (=mush) (1)
T,gruel (56)
U,Indian pudding (3)
V,Indian-corn pudding (1)
W,liver mush (1)
X,meal gruel (2)
Y,meal mush (2)
Z,mull (1)
aa,mush (504)
ab,mush meal (1)
ac,mush-mush (1)
ad,poor do (1)
ae,poor-man's pudding (1)
af,pudding (2)
ag,turn mush (n.) (1)
