Code,Response
A,bought syrup (1)
B,cane syrup (47)
C,corn syrup (17)
D,country syrup (1)
E,Georgia cane syrup (2)
F,Georgia syrup (1)
G,green-cane syrup (1)
H,homemade maple syrup (1)
I,homemade syrup (2)
J,honeydew syrup (1)
K,light and heavy syrup (1)
L,long sweetening (5)
M,Louisiana (2)
N,Louisiana pure cane syrup (2)
O,Louisiana syrup (2)
P,maple syrup (110)
Q,molasses [=syrup] (2)
R,pancake syrup (2)
S,pure-old cane syrup (1)
T,ribbon-cane syrup (13)
U,simple syrup (1)
V,sirop (de batterie) [F] (2)
W,soft molasses [=syrup] (1)
X,sopping [=syrup] (1)
Y,sorghum [=syrup] (4)
Z,sorghum syrup (35)
aa,South Georgia syrup (1)
ab,sugar syrup (4)
ac,sugarcane syrup (16)
ad,syrup (765)
ae,table syrup (1)
af,thin syrup [=maple] (1)
ag,tree molasses [=maple syrup] (1)
ah,waffle syrup (1)
