Code,Response
A,black joe (4)
B,black molasses (4)
C,black syrup (1)
D,blackjack molasses (1)
E,blackstrap (11)
F,blackstrap molasses (20)
G,cane juice (2)
H,cane molasses (3)
I,cane syrup [=molasses] (4)
J,colored-folks' molasses (1)
K,flapjack molasses (1)
L,homemade syrup [=molasses] (1)
M,long sweetening (4)
N,Louisiana molasses (1)
O,(mo)lasses (20)
P,molas(ses) (3)
Q,molasses (693)
R,ribbon-cane molasses (2)
S,sorghum (135)
T,sorghum molas(ses) (1)
U,sorghum molasses (61)
V,sorghum molasses syrup (1)
W,sorghum stuff (1)
X,sorghum syrup (12)
Y,sugarcane molasses (1)
Z,sumac molasses (1)
aa,sweetening (2)
ab,syrup [=molasses] (42)
ac,thick syrup (1)
