Code,Response
A,(a)cross yonder (way) (4)
B,(a)round yonder (1)
C,back in yonder (2)
D,back there/here (7)
E,back up yonder (ways) (4)
F,back yonder (way) (41)
G,down there/here (9)
H,down yonder (75)
I,here and yonder (10)
J,"here, there, and yonder (4)"
K,"here, yonder, and everywhere (1)"
L,in there (14)
M,in yonder (33)
N,out there/here (50)
O,out yon(der) (5)
P,out yonder (95)
Q,over down yonder (1)
R,over the yonders [sic] (1)
S,over there/here (563)
T,over yon(der) (way) (5)
U,over yonder (234)
V,over yonders [sic] (1)
W,there/here (51)
X,up back yonder (1)
Y,up there (18)
Z,up through yonder (1)
aa,up yonder (63)
ab,yon(der) (2)
ac,yon(der) way (1)
ad,yonder (108)
ae,yonder way (5)
