Code,Response
A,break peach (1)
B,breaking-open peach (1)
C,busting-open peach (1)
D,canning peach (1)
E,clay stone peach (1)
F,clear (2)
G,clear cut (1)
H,clear one (1)
I,clear peach (3)
J,clear seed (180)
K,clear seed peach (43)
L,clear seeded (1)
M,clear seeded peach (2)
N,clear sing peach [sic] (1)
O,clear stone (36)
P,clear stone peach (4)
Q,clears peach [sic] (1)
R,cling free (3)
S,cling peach [sic] (1)
T,eating peach (2)
U,Firestone peach [sic] (1)
V,free (5)
W,free cling (2)
X,free seed (6)
Y,free seed peach (1)
Z,freestone (294)
aa,freestone Indian peach (1)
ab,freestone peach (35)
ac,juice peach (1)
ad,loose peach (1)
ae,mellow peach (2)
af,open heart (1)
ag,open peach (4)
ah,open seed (3)
ai,open stone (29)
aj,peach (4)
ak,peche a jus [F] (1)
al,peche au jus [F] (1)
am,(pe)tit noyau [F] (1)
an,plum [sic] (1)
ao,press peach [sic] (1)
ap,regular peach (1)
aq,ripe peach (1)
ar,seedless (1)
as,slip seed (1)
at,smooth stone (1)
au,soft (2)
av,soft cling peach [sic] (1)
aw,soft peach (10)
ax,stone free (2)
ay,stone peach (1)
az,white clear seed (1)
ba,white English peach (1)
bb,yellow clear seed (1)
