Code,Response
A,almond (inside seed) (2)
B,bone (=seed) (2)
C,core (8)
D,core (inside seed) (4)
E,germ (1)
F,goody (inside seed) (4)
G,heart (3)
H,heart (inside seed) (5)
I,inside (inside seed) (1)
J,kernel (96)
K,kernel (inside seed) (84)
L,noyau (F) (2)
M,nut (inside pit) (2)
N,peach core (inside seed) (1)
O,peach kernel (12)
P,peach pit (8)
Q,peach seed (115)
R,peach stone (13)
S,pit (101)
T,pit (inside seed) (7)
U,pit of the stone (inside) (1)
V,plug (1)
W,seed (482)
X,seed (inside pit) (7)
Y,stone (82)
Z,white kernal (inside seed) (1)
