Code,Response
A,core (1)
A,bark (6)
B,hard shell (6)
B,black hull (2)
C,hull (31)
C,burr (3)
D,inside hull (2)
D,case (2)
E,kernel (4)
E,coating (1)
F,nut (9)
F,coque [F] (1)
G,second hull (1)
G,cover (6)
H,shell (313)
H,covering (2)
I,wooden part (1)
I,crust (1)
J,fur (2)
K,green cover (2)
L,green hull (6)
M,green shell (3)
N,hide (2)
O,hull (278)
P,husk (22)
Q,outer covering (1)
R,outer hull (3)
S,outer layer (1)
T,outer shell (5)
U,outer skin (1)
V,outside bark (1)
W,outside hull (3)
X,outside shell (1)
Y,"outside(s), the (2)"
Z,peeling (7)
aa,pod (2)
ab,pouch (1)
ac,rind (2)
ad,shell (45)
ae,shuck (5)
af,skin (11)
ag,soft shell (1)
ah,thick peeling (1)
ai,"top, the (1)"
aj,top peeling (1)
