Code,Response
A,apple preserves (3)
B,apple puffs (1)
C,apple Schnitts [G] (2)
D,canned apples (1)
E,dehydrated (1)
F,dried apples (296)
G,dried-apple snip (1)
H,dried apricots (1)
I,dried fruit (105)
J,dried peaches (54)
K,dried pears (1)
L,dried pieces (1)
M,dried prunes (1)
N,dry apples (9)
O,dry fruit (5)
P,dry peaches (2)
Q,dry piece of apples [sic] (1)
R,dry preserves (1)
S,evaporated peaches (2)
T,peach puffs (1)
U,peche sec [F] (1)
V,pieces (of apple) (2)
W,preserves (1)
X,puffs (1)
Y,rinds (1)
Z,Schnitzel Grube [G] (1)
aa,slices (of dried apple) (2)
ab,snits (1)
ac,strips (1)
ad,wedges (1)
