Code,Response
A,canning peach (2)
B,clear seed (=cling) (1)
C,cling (133)
D,cling free [sic]  (1)
E,cling peach (114)
F,cling pit peach (1)
G,cling seed (25)
H,cling seed peach (1)
I,cling seeded peach (1)
J,cling sing peach (1)
K,cling-type peach (1)
L,clinger (2)
M,clinging (2)
N,clinging stone (1)
O,clinging type (1)
P,clingstone (124)
Q,clingstone peach (9)
R,crouch peach (1)
S,early peach (1)
T,eating type (1)
U,English peach (1)
V,freestone (=cling) (1)
W,green peach (5)
X,hairless peach (1)
Y,hard cling peach (1)
Z,hard core (1)
aa,hard peach (7)
ab,hard stone (1)
ac,hateful peach (1)
ad,honey peach (1)
ae,Indian (2)
af,Indian peach (37)
ag,Indian pickled peach (1)
ah,June peach (2)
ai,lemon peach (2)
aj,May peach (1)
ak,native peach (1)
al,November peach (1)
am,peach (38)
an,peche au noyau (F) (1)
ao,pickle peach (4)
ap,pickled peach (1)
aq,pickling peach (6)
ar,pitted peach (1)
as,plum (9)
at,plum peach (92)
au,plum seed (7)
av,plum seed peach (7)
aw,plum seeded (1)
ax,plum stone (5)
ay,plum stone peach (3)
az,preserving peach (2)
ba,press (44)
bb,press peach (78)
bc,press seed (4)
bd,press stone (3)
be,press stone peach (3)
bf,pressed (n.) (1)
bg,pressed peach (3)
bh,pressing peach (1)
bi,prince peach (1)
bj,red peach (2)
bk,ruddy Indian peach (1)
bl,seed peach (1)
bm,soft meat (1)
bn,soft peach (2)
bo,stone peach (2)
bp,stone [sic] (1)
bq,summer peach (1)
br,sweet peach (1)
bs,tan peach (1)
bt,tight peach (1)
bu,white peach (2)
bv,white press (2)
bw,yellow cling (2)
bx,yellow cling peach (2)
by,yellow peach (2)
bz,yellow press (2)
ca,yellow stone peach (1)
