Code,Response
A,above-the-ground potatoes (1)
B,All Gold (1)
C,Allen (1)
D,Arkansas yams (1)
E,Arkansas Yellow (1)
F,blue yams (1)
G,Boones (1)
H,Boston potatoes (1)
I,botah (1)
J,Brizina potatoes (1)
K,buck yams (1)
L,bunch potatoes (1)
M,bunch yams (7)
N,burnt yams (1)
O,Centennials (3)
P,chokers (1)
Q,Coleman yams (1)
R,Colorado potatoes (1)
S,Contenders (1)
T,creole yams (1)
U,Cubas (1)
V,Dooley potatoes (1)
W,Dooley yams (8)
X,Dooleys (3)
Y,fart fruit (1)
Z,Florida yams (1)
aa,forked-leaf yams (1)
ab,Georgia potatoes (1)
ac,Georgia Reds (5)
ad,Gold Rush potatoes (1)
ae,Gold Rushes (1)
af,ground potatoes (1)
ag,jams (1)
ah,jumbos (1)
ai,Key West (1)
aj,Louisiana Improved (1)
ak,Louisiana yam (5)
al,Moody (1)
am,Moody (po)tatoes (1)
an,music roots (4)
ao,Nancy Hall (19)
ap,Nancy yams (1)
aq,nigger chokers (2)
ar,nigger killers (4)
as,nigger legs (1)
at,Norton yam potatoes (1)
au,Nuggets (1)
av,pink potatoes (1)
aw,pink yams (1)
ax,poot root (1)
ay,Porto Acorns (1)
az,Porto Rican potatoes (2)
ba,Porto Rican sweet potatoes (1)
bb,Porto Rico (31)
bc,Porto Rico potatoes (6)
bd,Porto Rico sweet potatoes (1)
be,Porto Ricans (12)
bf,Porto Rico yams (1)
bg,(Porto) Rico yams (2)
bh,potatoes [=sweet] (4)
bi,(po)tato yams (1)
bj,(po)tatoes [=sweet] (2)
bk,pumpkin yams (4)
bl,Queen of the South (1)
bm,red Porto Rico potatoes (1)
bn,red potatoes (12)
bo,red Spanish (2)
bp,red yams (5)
bq,Southern Queen sweet potatoes (1)
br,Southern Queens (2)
bs,Spanish potatoes (1)
bt,Spanish sweet potatoes (1)
bu,Spanish yam (1)
bv,spuds (1)
bw,strings (1)
bx,sugar yams (1)
by,Suss Kartoffel [G] (1)
bz,sweet potatoes (737)
ca,sweet (po)tatoes (7)
cb,Texas Longs (1)
cc,tramps (1)
cd,two-by-fours (1)
ce,upper-ground potatoes (1)
cf,white potatoes (5)
cg,white sweet potatoes (5)
ch,white yams (3)
ci,yam potatoes (11)
cj,yam (po)tatoes (1)
ck,yam yam (1)
cl,yammy-yammy (1)
cm,yams (398)
cn,yellow ones (2)
co,yellow potatoes (1)
cp,yellow yam potatoes (2)
cq,yellow yams (31)
cr,yellow-skin yams (1)
