Code,Response
A,bakers (1)
B,baking (1)
C,baking potatoes (7)
D,Ball potatoes (1)
E,boiling potatoes (1)
F,brown potatoes (1)
G,Bruce Reds (1)
H,bunch potatoes (1)
I,Burbank (3)
J,California white (1)
K,cobblers (7)
L,Early Bliss (1)
M,Early Rose (3)
N,eating potatoes (1)
O,elephants (1)
P,fall potatoes (2)
Q,great big jumbo potatoes (1)
R,Green Mountain (1)
S,hog potatoes (1)
T,Idaho bakers (2)
U,Idaho potatoes (43)
V,Idaho whites (2)
W,Idahoes (19)
X,Irish (18)
Y,Irish cobblers (8)
Z,Irish (po)tatoes (6)
aa,Irish potatoes (559)
ab,Irish white potatoes (1)
ac,Kennebec (7)
ad,little red potatoes (1)
ae,new (1)
af,new Irish potatoes (2)
ag,new ones (1)
ah,new potatoes (45)
ai,new red potatoes (1)
aj,nigger-killer potatoes (1)
ak,old potatoes (1)
al,old whites (1)
am,Piggy Bank (1)
an,pink Irish potatoes (1)
ao,pink potatoes (1)
ap,pink-skin potatoes (1)
aq,potatoes (542)
ar,(po)tatoes (75)
as,queen potatoes (1)
at,red (2)
au,red (po)tatoes (2)
av,Red Bliss (3)
aw,Red Bliss potatoes (1)
ax,red Irish potatoes (2)
ay,red ones (5)
az,red potatoes (38)
ba,red russets (1)
bb,Red Triumph (1)
bc,red-eye potatoes (1)
bd,red-skinned potatoes (1)
be,regular potatoes (1)
bf,russet potatoes (5)
bg,russets (5)
bh,seed potatoes (1)
bi,Sequoia (1)
bj,small potatoes (1)
bk,spring potatoes (1)
bl,spuds (25)
bm,straight potatoes (1)
bn,summer potatoes (2)
bo,Triumph (3)
bp,Triumph potatoes (2)
bq,white (3)
br,white cobblers (1)
bs,white Idaho (2)
bt,white Irish potatoes (1)
bu,white ones (3)
bv,white potatoes (73)
bw,white russet (2)
bx,White Star (1)
by,yams [=Irish] (1)
bz,young potatoes (1)
