Code,Response
A,baby onions (1)
B,Bermuda onions (9)
C,Bermudas (1)
D,boots (1)
E,bunch of onions (1)
F,bunch onions (3)
G,button onions (1)
H,buttons (3)
I,chives (8)
J,cluster onions (1)
K,cocktail onions (1)
L,creole onions (3)
M,early onions (1)
N,echalotes (F) (1)
O,evergreen multiplying shallots (1)
P,evergreen onions (10)
R,flat Dutch onions (1)
S,fresh onions (10)
T,garden onions (5)
U,green kind (1)
V,green ones (1)
W,green onions (300)
X,green shoots (1)
Y,green spring onions (1)
Z,green tops (2)
aa,green-onion tops (1)
ab,green-top onions (1)
ac,guinea nest (1)
ad,leaf onions (1)
ae,little butts (1)
af,little ones (1)
ag,mist onions (1)
ah,multipliers (9)
ai,multiply (3)
aj,multiply onions (6)
ak,multiplying (4)
al,multiplying onions (49)
am,multiplying variety (1)
an,nest-egg onions (1)
ao,nest eggs (1)
ap,nest onions (31)
aq,new onions (3)
ar,onion bulbs (1)
as,onion buttons (2)
at,onion plants (2)
au,onion sets (18)
av,onion slips (1)
aw,onion sprouts (1)
ax,onion stalks (1)
ay,onion tops (3)
az,onions (small) (14)
ba,onions with green tops (1)
bb,pearl onions (3)
bc,red onions (small) (1)
bd,salad onions (9)
be,sallet onions (4)
bf,scallions (52)
bg,scallops [sic] (2)
bh,sconions (1)
bi,sets (15)
bj,Seven Sisters (1)
bk,shallot onions (12)
bl,shallots (180)
bm,shell [sic] (1)
bn,shoats [sic] (1)
bo,silver skins (1)
bp,slip onions (1)
bq,slips (3)
br,spring buttons (1)
bs,Spring Maid onions (1)
bt,spring onions (92)
bu,stick-up onions (1)
bv,sweet onions (3)
bw,table onions (1)
bx,tender onions (2)
by,white globes (1)
bz,white nest onions (1)
ca,white onions (small) (1)
cb,wild (1)
cc,wild onions (16)
cd,winter onions (6)
ce,winter shallots (1)
cf,young onions (12)
