Code,Response
A,acorn tomato (1)
B,baby tomato (8)
C,bell tomato (4)
D,bullet tomato (1)
E,bunch tomato (1)
F,canning tomato (2)
G,cherry (tomato) (13)
H,cherry tomato (175)
I,cherry-type tomato (1)
J,cocktail tomato (9)
K,cull (1)
L,cull tomato (1)
M,domino (1)
N,dwarf tomato (4)
O,grape tomato (2)
P,gravy tomato (1)
Q,hogpen tomato (1)
R,hybrid tomato (1)
S,icebox tomato (2)
T,knot (1)
U,little bitsy (tomato) (1)
V,little love tomato (1)
W,little ornamental tomato (1)
X,little thumb tomato (1)
Y,little tomato (10)
Z,little-bitty tomato (4)
aa,little-old tomato (2)
ab,love apple (3)
ac,marble (n.) (1)
ad,marble tomato (3)
ae,mimmyto (1)
af,miniature (n.) (4)
ag,miniature tomato (3)
ah,nest tomato (1)
ai,old-fashion tomato (1)
aj,outhouse tomato (3)
ak,party tomato (1)
al,patio (tomato) (1)
am,patio tomato (4)
an,pear tomato (2)
ao,pee wee (tomato) (1)
ap,pendaligne (1)
aq,pimento (1)
ar,pink tomato (1)
as,pinto tomato (1)
at,plum (tomato) (1)
au,plum tomato (44)
av,poor tomato (1)
aw,potted egg (tomato) (1)
ax,preserving tomato (1)
ay,privy tomato (1)
az,red tomato (1)
ba,rose tomato (1)
bb,running tomato (1)
bc,runt (1)
bd,salad (tomato) (3)
be,salad tomato (84)
bf,salad-type tomato (1)
bg,sallet (tomato) (1)
bh,sallet tomato (1)
bi,small tomato (1)
bj,soup tomato (5)
bk,sour tomato (1)
bl,sugar tomato (1)
bm,sweet tomato (1)
bn,teeny to (1)
bo,teeny tomato (1)
bp,Texas tomato (2)
bq,throwback (1)
br,Thumbellina tomato (1)
bs,tiny one (1)
bt,Tiny Tim (2)
bu,tom (tomato) (2)
bv,Tom Thumb (4)
bw,Tom Thumb tomato (1)
bx,tom toe (2)
by,tom tom (2)
bz,tom-tom tomato (2)
ca,tomate figue (1)
cb,tommy (1)
cc,tommy tomato (1)
cd,tommyquat (1)
ce,tommyto (194)
cf,tommyto thing (1)
cg,tommyto tomato (9)
ch,toy tomato (1)
ci,tree tomato (2)
cj,volunteer (n.) (5)
ck,volunteer tomato (3)
cl,wild tomato (4)
cm,young tomato (1)
