Code,Response
A,break the shell (1)
B,break them out (1)
C,bust (1)
D,bust them hulls open (1)
E,crack (1)
F,cut (1)
G,dip (1)
H,dish (1)
I,hand-shell (1)
J,hull (60)
K,hulled (1)
L,hulling (7)
M,"hulling, the (n.) (1)"
N,husk (beans) (1)
O,open (1)
P,peel (11)
Q,peeling (1)
R,pop (2)
S,pull open (1)
T,shade [sic] (1)
U,shell (585)
V,shelled (17)
W,shelling (32)
X,shuck (beans) (11)
Y,shucking (beans) (1)
Z,skin (2)
aa,snap (beans/peas) (2)
ab,split (2)
ac,splitting (1)
ad,take them out of [D-0] shell (1)
