Code,Response
A,beet greens (5)
B,beet leaves (1)
C,beet tops (6)
D,blue-stem collards (1)
E,cabbage collard (1)
F,carrot green(s) (1)
G,coarse greens (1)
H,collard greens (116)
I,collard leaves (1)
J,collard sallet (1)
K,collards (230)
L,collards greens [sic] (1)
M,cress(es) (2)
N,dandelion greens (5)
O,dandelions (5)
P,dock (3)
Q,dry-land cresses (1)
R,field cresses (1)
S,green salad (=greens) (3)
T,green sallet (1)
U,green tops (1)
V,greens (337)
W,horse food (=greens) (1)
X,kale (38)
Y,kale greens (1)
Z,kohlrabi (3)
aa,lamb's-quarter (1)
ab,leaves (1)
ac,light greens (1)
ad,mixed greens (1)
ae,mustard (204)
af,mustard greens (138)
ag,mustard salad (3)
ah,mustard sallet (3)
ai,nightshade (1)
aj,peppergrass (2)
ak,poke (21)
al,poke greens (9)
am,poke salad (65)
an,poke salad greens (3)
ao,poke sallet (55)
ap,purpletop (=turnip greens) (1)
aq,radish leaves (1)
ar,radish tops (4)
as,radishes (=greens) (1)
at,rake (=rape) (1)
au,rape (15)
av,rape sallet (1)
aw,rutabaga (=greens) (1)
ax,rutabaga greens (1)
ay,rutabaga salad (1)
az,rutabaga tops (1)
ba,salad (=greens) (48)
bb,salad greens (13)
bc,salad part (1)
bd,salad turnips (=tops) (1)
be,saladox (?) (1)
bf,sallet (51)
bg,sallet part (1)
bh,sass (2)
bi,spinach (106)
bj,spinach greens (2)
bk,tender greens (1)
bl,tender mustard (1)
bm,top part (1)
bn,tops (7)
bo,tops of a radish (1)
bp,tripe [sic] (1)
bq,turnip greens (439)
br,turnip heads (1)
bs,turnip leaves (1)
bt,turnip salad (35)
bu,turnip sallet (20)
bv,turnip tops (15)
bw,turnip-green sallet (1)
bx,turnips (=greens) (12)
by,vegetable greens (2)
bz,watercress(es) (3)
ca,wild cress (1)
cb,wild greens (6)
cc,winter collards (1)
cd,winter green (1)
