Code,Response
A,baby lima (13)
B,baby lima bean (2)
C,bean (37)
D,bunch (3)
E,bunch bean (11)
F,bunch butter bean (12)
G,bunch lima (1)
H,bunch one (1)
I,bush bean (1)
J,bush butter bean (1)
K,bush lima (1)
L,butter (1)
M,butter bean (702)
N,calico (2)
O,calico bean (1)
P,calico butter bean (1)
Q,colored bean (1)
R,colored butter bean (3)
S,colored-spotted lima (1)
T,elephant ear (=lima) (1)
U,flats (1)
V,Fordhook (10)
W,Fordhook bean (3)
X,Fordhook lima (3)
Y,Fordhook lima bean (1)
Z,Fordhurst [=hook?] (1)
aa,garden bean (1)
ab,green bean (=lima) (2)
ac,green butter bean (6)
ad,green lima (1)
ae,green lima bean (1)
af,half-a-dollar bean (1)
ag,hook [sic] (1)
ah,hull (1)
ai,hull bean (1)
aj,jumbo (1)
ak,lima (61)
al,lima bean (392)
am,lima butter bean (3)
an,long-stem lima (1)
ao,muddy butter bean (1)
ap,October (5)
aq,October bean (7)
ar,peanut bean (1)
as,pieded [sic] (1)
at,pole (1)
au,pole butter bean (3)
av,purple butter bean (2)
aw,runner lima (1)
ax,running (1)
ay,running bean (4)
az,running butter bean (6)
ba,running lima (1)
bb,running one (1)
bc,shallot [sic] (1)
bd,shell bean (8)
be,shelly (3)
bf,shelly bean (20)
bg,shelly October (1)
bh,shucky bean (1)
bi,sieva bean (1)
bj,speckle (3)
bk,speckle bean (1)
bl,speckle butter bean (8)
bm,speckle one (1)
bn,speckled (3)
bo,speckled bean (1)
bp,speckled butter bean (3)
bq,speckled lima (1)
br,spotted butter bean (1)
bs,steamboat bean (1)
bt,tough bean (1)
bu,tough-hull bean (1)
bv,vine (1)
bw,vine bean (1)
bx,vining type (1)
by,white (2)
bz,white baby lima bean (1)
ca,white bean (16)
cb,white butter bean (5)
cc,white lima (2)
cd,white lima bean (1)
ce,white lima butter bean (1)
cf,white one (1)
cg,willow bean (1)
ch,yellow butter bean (1)
