Code,Response
A,beans (144)
B,bunch (beans) (6)
C,bunch beans (80)
D,bunch snap beans (4)
E,bunch string beans (2)
F,bunch type (1)
G,bush (beans) (2)
H,bush beans (19)
I,bush snap beans (1)
J,canners (1)
K,cornfield (beans) (1)
L,cornfield beans (24)
M,field beans (1)
N,fresh beans (1)
O,(green) beans (1)
P,green (beans) (3)
Q,green beans (324)
R,green running beans (1)
S,green snap beans (4)
T,green string beans (1)
U,green stringless (1)
V,half runner beans (1)
W,half runners (19)
X,half-runner green beans (1)
Y,(pole) beans (1)
Z,pole (beans) (5)
aa,pole beans (178)
ab,pole snap beans (2)
ac,runner (3)
ad,runner beans (1)
ae,running (beans) (2)
af,running beans (28)
ag,running snap beans (1)
ah,salad beans (1)
ai,shelly (1)
aj,snap (beans) (5)
ak,snap beans (387)
al,snap green beans (1)
am,snap pole beans (1)
an,snap runners (1)
ao,snaps (5)
ap,stick beans (16)
aq,string (beans) (5)
ar,string beans (351)
as,stringless beans (4)
at,tender beans (3)
au,vine beans (1)
av,vine string beans (1)
aw,vining beans (1)
