Code,Response
A,cob [sic] (2)
B,corn husk (7)
C,corn shuck (23)
D,cornhouse (=corn husk) (1)
E,covering (1)
F,hull (2)
G,husk (n.) (135)
H,husk (v.) (6)
I,husking (v.) (2)
J,leaf (2)
K,peel (1)
L,roasting-ear shuck (1)
M,sheaf [sic] (1)
N,shell (n.) (3)
O,shell (v.) (=shuck) (8)
P,shelled (v.) (1)
Q,shock (n.) [sic] (5)
R,shock (v.) [sic] (2)
S,shocking (v.) [sic] (1)
T,shocks (v.) [sic] (1)
U,shuck (n.) (674)
V,shuck (v.) (60)
W,shucked (v.) (7)
X,shucking (v.) (6)
Y,silk (=shuck) (1)
Z,skin (3)
aa,slip-shuck (v.) (1)
