Code,Response
A,baking ears (1)
B,Bantam (1)
C,Bantam corn (2)
D,big corn (1)
E,boil corn [sic] (25)
F,boiled corn (35)
G,boiled corn on the cob (1)
H,boiled on the cob (1)
I,boiled roasting ears (2)
J,boiling corn (3)
K,brier corn (1)
L,clear corn (1)
M,cob corn [sic] (1)
N,corn (258)
O,corn in the cob [sic] (2)
P,corn in the ear (1)
Q,corn off the cob (2)
R,corn on the cob (205)
S,corn on [D-0] cob (5)
T,corn [P-0] [D-0] cob (1)
U,cut corn (1)
V,dwarf corn (1)
W,ear corn [sic] (5)
X,ear(s) (8)
Y,ear(s) of corn (13)
Z,early corn (10)
aa,early roasting ears (1)
ab,early tender corn (1)
ac,eating corn (2)
ad,field corn (64)
ae,freezer corn (1)
af,fresh corn (9)
ag,fresh corn on the cob (1)
ah,fried corn (3)
ai,fried roasting ears (1)
aj,frozen corn (1)
ak,garden corn (2)
al,golden corn (1)
am,green corn (16)
an,horse corn (=roasting ears) (2)
ao,hybrid (1)
ap,hybrid corn (2)
aq,hybrid field corn (1)
ar,Indian corn (2)
as,Indian-type corn (1)
at,late corn (2)
au,late roasting ears (1)
av,maize (6)
aw,milo corn (1)
ax,milo maize (1)
ay,mule corn (1)
az,mutton (1)
ba,mutton corn (8)
bb,new corn (1)
bc,ninety-day corn (1)
bd,nubbins (1)
be,off the cob (2)
bf,on the cob (6)
bg,pencil-cob corn (1)
bh,popcorn (5)
bi,red corn (1)
bj,refrigerator corn (1)
bk,roasted ears [sic] (4)
bl,roasted [sic] (2)
bm,roasting corn (5)
bn,roasting ear of corn (2)
bo,roasting ear(s) (547)
bp,roasting-ear corn (20)
bq,roasting-ear stage (5)
br,row corn (1)
bs,seed corn (2)
bt,shell corn (1)
bu,short corn (1)
bv,soft corn (1)
bw,squirrel corn (1)
bx,stewed corn (1)
by,strawberry corn (1)
bz,strawberry popcorn (1)
ca,sugar corn (6)
cb,sweet (2)
cc,sweet corn (232)
cd,sweet ear (1)
ce,table corn (2)
cf,tasting stage (1)
cg,tender corn (3)
ch,white (4)
ci,white corn (33)
cj,white sweet (1)
ck,white sweet corn (1)
cl,white tender corn (1)
cm,whole grain corn (2)
cn,whole-kernel corn (3)
co,yellow (5)
cp,yellow corn (39)
cq,yellow field corn (2)
cr,yellow garden corn (1)
cs,yellow hybrid (1)
ct,yellow sweet corn (1)
cu,young corn (9)
cv,young roasting-ear corn (1)
