Code,Response
A,behold(en) (1)
B,beholden (to no one/nobody) (47)
C,beholding (6)
D,"bother, a (14)"
E,"botheration, a (1)"
F,bothering you (2)
G,bothersome (1)
H,bounden (1)
I,"burden, a (13)"
J,dependent (2)
K,heavy on you (1)
L,"impairment on you, an (1)"
M,imposing (on you) (6)
N,in debt (to you) (17)
O,in his debt (1)
P,indebted (to) (24)
Q,(in)debted (1)
R,intruding on (1)
S,involved (with anybody) (5)
T,"leech, a (1)"
U,no obligation (1)
V,no trouble to you (1)
W,"nuisance, a (1)"
X,obligated (to nobody) (229)
Y,obliged (to you) (6)
Z,(o)bliged to you (1)
aa,obliging (1)
ab,on charity (1)
ac,owing (to anybody) (4)
ad,tied up (1)
ae,"trouble, (any) (5)"
af,unbeholdens [sic] (1)
ag,under (any) obligation (4)
ah,under obligations (2)
ai,upholden [sic] (1)
aj,worried up (1)
ak,worry [n.] (1)
