Code,Response
A,barn owl (31)
B,barnyard owl (1)
C,barred owl (1)
D,brown owl (1)
E,cat owl (3)
F,"chouette, la (3)"
G,crinch owl (2)
H,deaf owl (2)
I,death owl (4)
J,freezing owl (1)
K,frog owl (1)
L,haunted owl (1)
M,hoot owl (small) (1)
N,horn owl (=screech owl) (1)
O,lechuza (2)
P,monkey-faced owl (3)
Q,moonlight owl (1)
R,mouse owl (1)
S,nightowl (14)
T,owl (394)
U,peep owl (1)
V,pygmy owl (1)
W,quibbling owl (1)
X,quivering owl (3)
Y,red owl (1)
Z,sand owl (1)
aa,screak owl (1)
ab,screaming owl (2)
ac,screech (2)
ad,screech owl (463)
ae,screeching owl (8)
af,scrinch owl (23)
ag,scrinching owl (1)
ah,scrooch owl (90)
ai,scrunch owl (1)
aj,shiver owl (2)
ak,shivering owl (18)
al,shriek owl (1)
am,skrink owl (1)
an,snowy owl (1)
ao,squeak owl (4)
ap,squeech owl (5)
aq,squeeching owl (2)
ar,squinch owl (36)
as,squinching owl (2)
at,squink owl (1)
au,squinky owl (1)
av,squint owl (1)
aw,streak owl (1)
ax,streaking owl (1)
ay,swamp owl (2)
az,swinch owl (1)
ba,swink owl (1)
bb,tchi-tchi (1)
bc,tree owl (3)
bd,walleyed owl (1)
be,whistle owl (1)
bf,white owl (1)
