Code,Response
A,albino squirrel (4)
B,black fox squirrel (8)
C,black one (4)
D,black squirrel (32)
E,boomer (11)
F,brown one (1)
G,brown squirrel (27)
H,cat squirrel [=red] (3)
I,fantail squirrel (1)
J,fox squirrel (416)
K,great squirrel [largest] (1)
L,half-white squirrel (1)
M,Mexican squirrel (1)
N,mountain boomer (2)
O,nutcracker (1)
P,orange one (1)
Q,red fox squirrel (20)
R,red kind/one (3)
S,red squirrel (144)
T,reddish squirrel (1)
U,redtail squirrel (1)
V,solid-black fox squirrel (1)
W,Southern squirrel (1)
X,squirrel (15)
Y,swamp squirrel (1)
Z,tree squirrel (5)
aa,white one (1)
ab,white squirrel (4)
ac,wood squirrel (2)
ad,yellow squirrel (3)
