Code,Response
A,ben kins (1)
B,black-throat (1)
C,bluebird (1)
D,carpenter (1)
E,carpentero (1)
F,chab (1)
G,Cham-Chak (1)
H,checkedy-looking bird (1)
I,checker bird (1)
J,checkerwood (1)
K,chuckwood (1)
L,Dominecker peckerwood (1)
M,downy woodpecker (3)
N,flicker (13)
O,golly whopper (1)
P,good god (5)
Q,gray-throat (1)
R,guinea sapsucker (1)
S,hairy woodpecker (1)
T,hammer knocker (1)
U,hammered woodpecker (1)
V,hammerhead (1)
W,Indian hen (14)
X,ivory-billed (2)
Y,ivory-billed woodpecker (2)
Z,ivorybill (7)
aa,ivorybill woodpecker (1)
ab,jenny wood (1)
ac,log god (1)
ad,loggerhead (3)
ae,lord god (26)
af,my god (1)
ag,New England woodcock (1)
ah,pecker woodpecker (2)
ai,peckerwood (455)
aj,peckerwood bird (2)
ak,pic bois (F) (2)
al,pileate (1)
am,pileated (4)
an,pileated woodpecker (5)
ao,rain crow (1)
ap,red woodpecker (2)
aq,red-bellied (1)
ar,red-breasted sapsucker (1)
as,red-breasted woodpecker (1)
at,redhead (65)
au,redhead and whitewing woodpecker (1)
av,redhead bird (1)
aw,redhead peckerwood (12)
ax,redhead sapsucker (2)
ay,redhead woodpecker (11)
az,redheaded (9)
ba,redheaded bird (1)
bb,redheaded peckerwood (26)
bc,redheaded sapsucker (3)
bd,redheaded wood hen (1)
be,redheaded wooden pecker (1)
bf,redheaded woodpecker (52)
bg,redpecker (1)
bh,redwood (1)
bi,regular woodpecker (3)
bj,sapsuck (3)
bk,sapsucker (87)
bl,shirttail (2)
bm,speckle (2)
bn,speckle peckerwood (1)
bo,speckle woodpecker (1)
bp,striped woodpecker (1)
bq,tomtit (3)
br,white shirt (1)
bs,whitewing (1)
bt,wood bird (1)
bu,wood bunker (1)
bv,wood god (1)
bw,wood hen (18)
bx,wood knocker (4)
by,woodchecker (1)
bz,woodchuck (48)
ca,woodchucker (2)
cb,woodcock (9)
cc,woodpeck (3)
cd,woodpecker (618)
ce,Woody (2)
cf,yellow breast (1)
cg,yellow hanger (1)
ch,yellow-bellied sapsucker (2)
ci,yellow-headed woodpecker (1)
cj,yellowhammer (57)
ck,yellowhead peckerwood (1)
