Code,Response
A,albino (2)
B,black cat squirrel (1)
C,black squirrel (16)
D,bony [?] (1)
E,boomer (3)
F,brown squirrel (3)
G,burr squirrel (1)
H,bushy-tail (gray) squirrel (2)
I,cat [=cat squirrel] (1)
J,cat squirrel (160)
K,eating squirrel (1)
L,field squirrel (1)
M,fox squirrel [=gray squirrel] (2)
N,gray [=gray squirrel] (1)
O,gray cat squirrel (1)
P,gray one (6)
Q,gray squirrel (394)
R,hunting squirrel (1)
S,mountain squirrel (1)
T,pet squirrel (1)
U,rat squirrel (1)
V,redtail cat squirrel (1)
W,ringtail squirrel (1)
X,rock squirrel (1)
Y,squirrel (638)
Z,tame squirrel (1)
aa,tree squirrel (15)
ab,white squirrel (6)
ac,wild squirrel (2)
ad,wood(s) squirrel (2)
