Code,Response
A,African red worm (1)
B,African worm (1)
C,angle (1)
D,angleworm (9)
E,angling worm (1)
F,bait (122)
G,bait worm (13)
H,black wiggler (1)
I,black worm (2)
J,blue wiggler (1)
K,blue worm (1)
L,bottom worm (1)
M,brown wiggler (1)
N,brown worm (3)
O,buckshot worm (1)
P,catalpa worm (7)
Q,catawba (2)
R,catawba worm (49)
S,coffee worm (1)
T,commercial worm (1)
U,crawler (3)
V,creeper (1)
W,cutworm (4)
X,dirt worm (1)
Y,earthworm (369)
Z,eelworm (7)
aa,English red worm (1)
ab,English worm (2)
ac,fiddle worm (1)
ad,fiddler (1)
ae,fiddler worm (1)
af,fiddling worm (1)
ag,fish bait (14)
ah,fish-bait worm (2)
ai,fishing bait (1)
aj,fishing worm (41)
ak,fishworm (29)
al,flathead (2)
am,flatworm (2)
an,Florida worm (1)
ao,foot-long red worm (1)
ap,foot-long worm (1)
aq,Georgia wiggler (1)
ar,giant red worm (1)
as,ground puppy (2)
at,ground worm (13)
au,grub (1)
av,grubber (1)
aw,grubworm (109)
ax,grunt worm (1)
ay,grunt-nut worm (1)
az,house bait (1)
ba,jumbo (1)
bb,jumper (2)
bc,jumping jack (1)
bd,king worm (1)
be,liver worm (1)
bf,long john (2)
bg,long jumper (1)
bh,Louisiana pink (8)
bi,maple worm (1)
bj,mudworm (4)
bk,multiplier (1)
bl,night crawler (77)
bm,night creeper (1)
bn,night walker (1)
bo,night wiggler (1)
bp,oak worm (3)
bq,pink worm (4)
br,planarian (1)
bs,pond worm (2)
bt,purple worm (1)
bu,rainworm (4)
bv,red bait (1)
bw,red earthworm (4)
bx,red wiggler (31)
by,red worm (237)
bz,redhead (1)
ca,Regenwurm (1)
cb,roundworm (1)
cc,sawyer (10)
cd,segmented roundworm (6)
ce,sleeker (1)
cf,slop worm (7)
cg,snakeworm (1)
ch,sneaker (1)
ci,stinking Jim (1)
cj,stump worm (1)
ck,swamp bait (1)
cl,swamp wiggler (2)
cm,swamp worm (1)
cn,Tennessee (1)
co,Texas Giant (1)
cp,Washington worm (1)
cq,wee-wee worm (1)
cr,white worm (4)
cs,wiggle (1)
ct,wiggle worm (12)
cu,wiggle-tail (1)
cv,wiggler (100)
cw,wiggler worm (1)
cx,wiggly (1)
cy,wiggly worm (2)
cz,wild wiggler (2)
da,willow worm (1)
db,wood sawyer (1)
dc,worm (559)
dd,worm bait (1)
de,worm for bait (1)
df,wriggler (2)
dg,wriggly worm (1)
dh,yard worm (1)
di,yellow worm (1)
