Code,Response
A,bottle turtle (1)
B,box cooter (1)
C,box terrapin (5)
D,box turtle (17)
E,box-hull terrapin (1)
F,box-hull turtle (1)
G,box-shell cooter (1)
H,box-shell terrapin (3)
I,box-shell turtle (3)
J,burying tortoise (1)
K,cooter (37)
L,deer-head turtle (1)
M,dew turtle (1)
N,dirt cooter (1)
O,dried-back turtle (1)
P,dry turtle (1)
Q,dry-land terrapin (29)
R,dry-land turtle (25)
S,gopher (171)
T,gopher turtle (3)
U,ground turtle (3)
V,hard-shell (4)
W,hard-shell cooter (1)
X,hard-shell terrapin (1)
Y,hard-shell turtle (15)
Z,highland (1)
aa,highland gopher (1)
ab,highland terrapin (9)
ac,highland turtle (9)
ad,hill terrapin (2)
ae,land gopher (1)
af,land terrapin (2)
ag,land tortoise (3)
ah,land turtle (38)
ai,log head (1)
aj,loggerhead turtle (2)
ak,Maryland terrapin (1)
al,pond cooter (1)
am,sand gopher (1)
an,sand turtle (1)
ao,sandhill gopher (1)
ap,scooter (1)
aq,stink turtle (1)
ar,stinking back (1)
as,streaked head (1)
at,streakedy head (1)
au,striped-head terrapin (1)
av,terrapin (481)
aw,terrapin turtle (1)
ax,thunder cooter (1)
ay,tortoise (109)
az,trapdoor (1)
ba,turtle (47)
bb,wood terrapin (1)
bc,woods terrapin (1)
bd,yellow-bellied turtle (1)
be,yellowbelly (1)
