Code,Response
A,(alli)gator tail (1)
B,(alli)gator-tail terrapin (1)
C,(alli)gator-tail turtle (1)
D,alligator snapper (1)
E,alligator snapping turtle (1)
F,alligator terrapin (1)
G,alligator turtle (18)
H,Atlantic ridley turtle (1)
I,black turtle (1)
J,box cooter (1)
K,box-shell turtle (1)
L,caouaine (3)
M,chicken turtle (1)
N,common snapper (1)
O,cooter (62)
P,cooter turtle (1)
Q,diamondback (3)
R,diamondback turtle (3)
S,flat turtle (1)
T,flatwood mud turtle (1)
U,flying turtle (1)
V,freshwater cooter (1)
W,freshwater turtle (1)
X,green sea turtle (2)
Y,green turtle (7)
Z,greenhead (1)
aa,hard back (1)
ab,hard-shell (16)
ac,hard-shell snapper (1)
ad,hard-shell turtle (28)
ae,hardback turtle (1)
af,hardtop mud turtle (1)
ag,hawk-neck (1)
ah,hawkbill (1)
ai,horseshoe cooter (1)
aj,lady turtle (1)
ak,leatherback (1)
al,log-head (1)
am,logger back (1)
an,loggerhead (54)
ao,loggerhead cooter (3)
ap,loggerhead turtle (24)
aq,Mobilian (2)
ar,Mobilian turtle (1)
as,mud terrapin (1)
at,mud turtle (39)
au,musher (1)
av,musk turtle (1)
aw,peace turtle (1)
ax,pond cooter (1)
ay,pond turtle (2)
az,red snapper (1)
ba,red-eyed turtle (1)
bb,redhead (1)
bc,redheaded turtle (1)
bd,redneck turtle (1)
be,ridley (1)
bf,ridley turtle (1)
bg,river turtle (1)
bh,saltwater turtle (2)
bi,sea turtle (51)
bj,skillpot (2)
bk,slider (2)
bl,snake turtle (1)
bm,snapper (4)
bn,snapper turtle (3)
bo,snapping jenny (1)
bp,snapping kind (1)
bq,snapping terrapin (1)
br,snapping turtle (76)
bs,snappy turtle (1)
bt,soft-back (2)
bu,soft-back turtle (2)
bv,soft-shell (37)
bw,soft-shell cooter (3)
bx,soft-shell one (1)
by,soft-shell turtle (83)
bz,soft-shelled turtle (2)
ca,soft-water turtle (1)
cb,speckle turtle (1)
cc,stink Jenny (1)
cd,stink Jim (2)
ce,stink turtle (1)
cf,stinking Jim (1)
cg,stinking Tom (1)
ch,streaked-head (3)
ci,streaked-head turtle (3)
cj,streaked-neck turtle (1)
ck,streakedy-head turtle (2)
cl,streaker head (1)
cm,streaky head (1)
cn,striped head (1)
co,striped-headed one (1)
cp,striped-neck turtle (1)
cq,swimming turtle (1)
cr,terrapin (34)
cs,three-rowed turtle (1)
ct,tortoise (8)
cu,trunkback (1)
cv,turkey (1)
cw,turtle (710)
cx,water terrapin (7)
cy,water turtle (13)
cz,white turtle (1)
