Code,Response
A,baby lobster (1)
B,backslider (1)
C,catfish bait (1)
D,clawdaddy (=crawdaddy) (1)
E,clawfish (=crawfish) (1)
F,crab (7)
G,crab fish (1)
H,craw mollies (1)
I,crawdab (8)
J,crawdad (168)
K,crawdad (attrib.) (1)
L,crawdaddy (3)
M,craw(fish) (1)
N,crawfish (640)
O,crawfish (attrib.) (4)
P,crawfishy (attrib.) (2)
Q,crawly bottom (1)
R,crawpa (1)
S,craydad (1)
T,crayfish (125)
U,grampus (1)
V,molly (1)
W,red crawfish (1)
X,scabies (1)
Y,scissors (1)
Z,shrimp (4)
