Code,Response
A,bee moth (1)
B,blackfly (1)
C,bug (13)
D,butterfly (=moth) (3)
E,butterfly-like thing (1)
F,candle bat (3)
G,candle bug (22)
H,candle flapper (1)
I,candle fly (284)
J,candle-fly-like thing (1)
K,candle miller (1)
L,candle moth (1)
M,candlelight (3)
N,candlelight bug (1)
O,cellar fly (1)
P,clothes moth (1)
Q,electric-light bug (1)
R,firefly (6)
S,fly bug (1)
T,green light bug (1)
U,lamp bug (4)
V,lamp fly (2)
W,light bug (36)
X,light dabber (1)
Y,light fly (1)
Z,light insect (1)
aa,light miller (1)
ab,lightning bug (3)
ac,miller (42)
ad,miller bug (5)
ae,miller fly (6)
af,miller moth (1)
ag,moth (363)
ah,moth miller (1)
ai,night bug (2)
aj,night fly (2)
ak,night miler (1)
al,pest (1)
am,shrimp moth (1)
