Code,Response
A,blue tail (1)
B,damselfly (1)
C,devil doctor (1)
D,devil horse (4)
E,devil's horse (5)
F,"devil's little horse (tr.,S) (1)"
G,doctor snake (2)
H,dragon (2)
I,dragon(fly) (1)
J,dragonfly (294)
K,feeder (snake) (1)
L,hawk (1)
M,helicopter bug (1)
N,horse doctor (4)
O,horsefly (=dragonfly) (4)
P,house doctor [sic] (1)
Q,jubilee (1)
R,July fly (1)
S,June bug (1)
T,Katydid (=dragonfly) (1)
U,(mo)squito (1)
V,mosquito bug (1)
W,(mo)squito bug (1)
X,mosquito catcher (2)
Y,mosquito doctor (1)
Z,(mo)squito doctor (1)
aa,mosquito fly (3)
ab,(mo)squito fly (2)
ac,mosquito hawk (260)
ad,(mo)squito hawk (58)
ae,mosquito horse (1)
af,praying mantis (=snake dr.) (1)
ag,shepherd needle (1)
ah,skimmers (1)
ai,snake doc(tor) (1)
aj,snake doctor (306)
ak,snake doctor fly (1)
al,snake feeder (58)
am,snake fly (3)
an,snake medicine (1)
ao,swamp fly (1)
ap,willow fly (1)
aq,wine doctor (1)
ar,witch doctor (2)
as,witch's horse (1)
