Code,Response
A,alina tree (?) (1)
B,bull maple (1)
C,cane maple (1)
D,cut-leaf maple (1)
E,forest maple (1)
F,gum (2)
G,gum maple (1)
H,gum tree (1)
I,hard maple (6)
J,hard maple tree (1)
K,honey maple (1)
L,honey tree (1)
M,maple (328)
N,maple tree (169)
O,maple-syrup tree (1)
P,mountain maple (1)
Q,nursery maple (1)
R,red (maple) (1)
S,red maple (3)
T,red maple tree (1)
U,sap tree (1)
V,scaly-bark maple (1)
W,scarlet maple (1)
X,silver maple (7)
Y,silver maple tree (1)
Z,silverleaf maple (6)
aa,soft maple (2)
ab,sugar (maple) (1)
ac,sugar maple (98)
ad,sugar maple tree (1)
ae,sugar tree (29)
af,sugar type (1)
ag,sugarcane tree (2)
ah,swamp maple (5)
ai,sweet gum (type of maple) (1)
aj,sweet maple (2)
ak,syrup tree (3)
al,syrup-making kind (1)
am,Vermont maple (1)
an,water maple (1)
ao,white maple (4)
ap,wild maple (2)
aq,wood maple (1)
