Code,Response
A,black grasshopper (2)
B,black hopper (1)
C,cemetery grasshopper (1)
D,cricket (=grasshopper) (2)
E,devil's horse (1)
F,Georgia boy (1)
G,Georgia grasshopper (1)
H,Georgia stumper (1)
I,Georgia thumper (7)
J,grass eater (1)
K,grasshopper (755)
L,graveyard horse (1)
M,gray grasshopper (1)
N,green grasshopper (1)
O,green hoppergrass (1)
P,hop (n.) (1)
Q,hopgrasser (1)
R,hopper (5)
S,hopper cricket (2)
T,hoppergrass (145)
U,hopping grass (2)
V,horse grasshopper (1)
W,jiminy cricket (1)
X,locust (=grasshopper) (1)
Y,sawyer (1)
Z,yellow grasshopper (1)
