Code,Response
A,Arkansas shiner (1)
B,bait (6)
C,bait minnow (1)
D,ballyhoo (1)
E,Baltimore minnow (1)
F,biscuit [sic] (1)
G,bream (9)
H,buffalo (1)
I,bull minnow (2)
J,cacaho (1)
K,catfish (3)
L,choker (1)
M,chopa (2)
N,chub (2)
O,cigar minnow (1)
P,creek minnow (1)
Q,croaker (2)
R,cut bait [sic] (1)
S,fish bait (4)
T,fly bream (1)
U,golden shiner (1)
V,goldfish (10)
W,grouper (1)
X,guppy (1)
Y,hornyhead (2)
Z,little fish (2)
aa,mackerel (1)
ab,minnow (662)
ac,minnow fish (2)
ad,Missouri minnow (2)
ae,mudminnow (1)
af,mullet (8)
ag,mullet fish (1)
ah,oysters' fish (1)
ai,panfish (1)
aj,perch (17)
ak,piggy (1)
al,pilchard (1)
am,pogy (1)
an,pot-gutted minnow (1)
ao,pumpkinseed perch (1)
ap,red goldfish (1)
aq,redeye (3)
ar,redfin (1)
as,redfin minnow (1)
at,redhorse (1)
au,redtail minnow (1)
av,roach (2)
aw,sand perch (1)
ax,sardine (6)
ay,shad (10)
az,shad minnow (10)
ba,shadow (1)
bb,shiner (86)
bc,shiner minnow (1)
bd,silver (2)
be,silverfish (1)
bf,silverside minnow (1)
bg,small fish (1)
bh,snail darter (1)
bi,spottail (3)
bj,steel-back minnow (1)
bk,top minnow (3)
bl,top water (2)
bm,top-water bait (1)
bn,top-water minnow (3)
bo,toughie (3)
bp,toughie minnow (1)
bq,trash fish (1)
br,white jig (1)
