Code,Response
A,almond grove (1)
B,arbor (2)
C,body of trees (1)
D,boundary (1)
E,brake (1)
F,bunch (10)
G,chenier (1)
H,citrus grove (3)
I,clump (6)
J,cluster (3)
K,copse (1)
L,cypriere (1)
M,forest (23)
N,group (4)
O,grove (164)
P,grow [sic] (1)
Q,hickory-nut grove (1)
R,hummock (1)
S,knot (1)
T,maple crop of trees (1)
U,maple forest (3)
V,maple grove (26)
W,maple orchard (23)
X,maple stand (1)
Y,maple trees (=grove) (1)
Z,maple wood lot (1)
aa,maple-sugar orchard (1)
ab,maple-syrup orchard (1)
ac,maple-tree grove (1)
ad,mote (1)
ae,motte (1)
af,orange grove (8)
ag,orchard (46)
ah,patch (3)
ai,peach grove (3)
aj,pecan grove (9)
ak,pecan orchard (2)
al,pine thicket (2)
am,plantation (=grove) (1)
an,scope of timber (1)
ao,stand (8)
ap,sugar grove (5)
aq,sugar orchard (3)
ar,sugar-maple grove (2)
as,sugar-maple orchard (1)
at,sugar-tree grove (1)
au,sugar-tree orchard (2)
av,thicket (4)
aw,tree orchard (1)
ax,turpentine grove (1)
ay,turpentine orchard (1)
az,woods (5)
