Code,Response
A,bowl ivy (1)
B,bramblebush (1)
C,brambles (1)
D,buck vine (1)
E,bull nettle (13)
F,bush ivy (1)
G,bush nettle (1)
H,carriage vine (1)
I,cat's vine (1)
J,cow vine (1)
K,cowitch (11)
L,cowitch vine (13)
M,cowlick (1)
N,dropsy vine (1)
O,five-leaf (1)
P,five-leaf poison vine (3)
Q,four-leaf poison vine (1)
R,ground ivy (2)
S,ivory (3)
T,ivy (27)
U,ivy vine (2)
V,l'herbe a la puce (2)
W,live oak (1)
X,manchineel (1)
Y,nettle(s) (6)
Z,nettle rash (2)
aa,oak (5)
ab,pink elder (1)
ac,poison ash (3)
ad,poison elder (2)
ae,poison itch bush (1)
af,poison ivory (52)
ag,poison ivy (545)
ah,poison oak (496)
ai,poison sumac (33)
aj,poison three-leaf (1)
ak,poison vine (28)
al,poison-ivy bush (1)
am,poison-oak vine (8)
an,poisoned ivy (1)
ao,poisoning oak (1)
ap,poppy nettle (1)
aq,smartweed (1)
ar,sour vine (1)
as,stingarees (1)
at,stinging nettle (11)
au,stinging vine (1)
av,stinging weed (1)
aw,sumac [poisonous] (29)
ax,sumac poison ivory (1)
ay,three-leaf poison vine (3)
az,thunder oak (1)
ba,thunderwood (17)
bb,thunderwood bush (2)
bc,thunderwood tree (1)
bd,white elder (1)
be,white sumac (1)
bf,wild bull nettle (1)
bg,wild ivy (1)
