Code,Response
A,bay (4)
B,bay tree (4)
C,blue magnolia (1)
D,bull bay (1)
E,china magnolia (1)
F,cucumber (17)
G,cucumber bush (1)
H,cucumber plant (1)
I,cucumber tree (16)
J,flower tree (3)
K,Japanese magnolia (3)
L,Japanese tree (1)
M,magnolia (553)
N,magnolia bay (3)
O,magnolia bush (3)
P,Magnolia grandiflora (1)
Q,magnolia tree (83)
R,mulberry [sic] (1)
S,pink magnolia (1)
T,Southern magnolia (1)
U,sweet bay (1)
V,sweet magnolia (1)
W,tulip (1)
X,tulip magnolia (1)
Y,tulip poplar (1)
Z,tulip tree (1)
aa,umbrella tree (1)
ab,wild cucumber (2)
ac,wild magnolia (2)
