Code,Response
A,(a)buelita [S] (1)
B,(ab)uela [S] (1)
C,abuela [S] (2)
D,Abuela [S] (1)
E,Annie (1)
F,Big Mamma (20)
G,Didi (1)
H,Gaga (1)
I,Ganny (1)
J,GG (1)
K,Goggy (1)
L,Gommo (1)
M,Gram (2)
N,Gran (3)
O,Grand (1)
P,Gran-Gran (1)
Q,grandma (15)
R,Grandma (378)
S,grandmamma (1)
T,Grandmamma (49)
U,Grandmammy (2)
V,Grandmom (5)
W,grandmother (722)
X,Grandmother (32)
Y,Granny (133)
Z,Gross Mom [F] (1)
aa,Gumma (1)
ab,Honey Mamma (1)
ac,Ma (22)
ad,Ma Mia (1)
ae,Ma-Mom (2)
af,Mam (1)
ag,Mama Grande [S] (1)
ah,Maman [F] (2)
ai,Mamere [F] (1)
aj,Mamie (1)
ak,Mamma (78)
al,Mammy (9)
am,Mere [F] (2)
an,Mima (10)
ao,Mimi (8)
ap,Mimmy (1)
aq,Mimom (1)
ar,Minny (1)
as,Mom (5)
at,Mommy (2)
au,Mo-moo (1)
av,Mother (2)
aw,mother (1)
ax,Mummum (1)
ay,Munner (3)
az,Mutti [G] (1)
ba,My Dear (2)
bb,Namoo (1)
bc,Nana (8)
bd,Nanna (4)
be,Nanny (16)
bf,Nini (1)
bg,Oma [G] (1)
bh,She (1)
