Code,Response
A,babies (2)
B,black children (1)
C,black kids (1)
D,brats (16)
E,brood (1)
F,chaps (21)
G,childer (1)
H,children (804)
I,childrens (11)
J,childs (1)
K,chops (1)
L,crawlers (1)
M,delinquents (1)
N,family (1)
O,farm children (1)
P,grand boys (1)
Q,grand kids (9)
R,grand young ones (3)
S,grandbabies (2)
T,grandchildren (30)
U,grandchilds (1)
V,grands (1)
W,great-grandchildren (4)
X,great-grands (1)
Y,juveniles (1)
Z,kiddos (1)
aa,kids (518)
ab,lap children (1)
ac,little ones (3)
ad,monsters (2)
ae,ninos (S) (1)
af,offspring (10)
ag,offsprings (4)
ah,school kids (1)
ai,schoolchildren (1)
aj,toddlers (2)
ak,tots (2)
al,urchins (1)
am,young ones (160)
an,youngsters (35)
