Code,Response
A,a-rolling (1)
B,air (the baby) (3)
C,air out (the baby) (1)
D,carry (7)
E,carry (the baby) around (2)
F,carry (the baby) for a ride (2)
G,carry (the baby) for a stroll or ride (1)
H,carry (the baby) for a walk (1)
I,give (the baby) a ride (2)
J,give (the baby) a stroll (2)
K,give (the baby) a walk (1)
L,give (the baby) an airing (2)
M,give (the baby) some fresh air (1)
N,give (the baby) some sunshine (1)
O,giving (the baby) a ride (1)
P,go for a ride (1)
Q,go for a stroll (3)
R,go for a walk (2)
S,go out a-walking (1)
T,go out and ride (1)
U,go out and roll (the baby) around (1)
V,go out for a walk (1)
W,go walk (the baby) (1)
X,going for a stroll (1)
Y,going for a walk (1)
Z,haul [sic] (1)
aa,have a stroll (1)
ab,let (the baby) get some air (1)
ac,pull (1)
ad,push (188)
ae,push (the baby) along (6)
af,push (the baby) around (12)
ag,push (the baby) around the block (1)
ah,push (the baby) out (1)
ai,push for a walk (1)
aj,pushed (3)
ak,pushed (the baby) around (2)
al,pushing (16)
am,put (the baby) in a stroller (1)
an,ride (56)
ao,ride (the baby) around (1)
ap,riding (4)
aq,riding around (1)
ar,rock (= wheel the baby) (1)
as,rode (1)
at,roll (119)
au,roll (the baby) about (1)
av,roll (the baby) around (22)
aw,roll (the baby) in the sun (1)
ax,roll (the baby) out (3)
ay,rolling (8)
az,rolling around (1)
ba,stroll (129)
bb,stroll (the baby) around (6)
bc,stroll with (the baby) (2)
bd,strolling (13)
be,sun (the baby) (1)
bf,sun (the baby) out (1)
bg,take (the baby) for a buggy ride (1)
bh,take (the baby) for a little walk (1)
bi,take (the baby) for a ride (17)
bj,take (the baby) for a stroll (15)
bk,take (the baby) for a walk (8)
bl,take (the baby) for fresh air (1)
bm,take (the baby) out (8)
bn,take (the baby) out for a joyride (1)
bo,take (the baby) out for a ride (3)
bp,take (the baby) out for a stroll (1)
bq,take (the baby) out for a walk (2)
br,take (the baby) out riding (2)
bs,take (the baby) strolling (3)
bt,take (the baby) to ride (1)
bu,take a little jaunt (1)
bv,take a stroll (5)
bw,take a walk (12)
bx,taking (the baby) for a ride (2)
by,taking (the baby) for a stroll (5)
bz,taking (the baby) for a walk (3)
ca,taking a ride (1)
cb,taking a stroll (1)
cc,took (the baby) for a walk (1)
cd,tote (2)
ce,walk (83)
cf,walk (the baby) about (1)
cg,walk (the baby) out (1)
ch,walking (7)
ci,wheel (21)
cj,wheel (the baby) out (1)
ck,wheeling (7)
