Code,Response
A,(a)buelo [S] (1)
B,(ab)uelito [S] (1)
C,abuelo [S] (2)
D,Abuelo [S] (1)
E,Baby Grandpa (1)
F,Big Dad (1)
G,Big Daddy (15)
H,Big Granddaddy (1)
I,Big Pa (2)
J,Big Papa (2)
K,Big Pop (1)
L,Biggy (1)
M,Compere [F] (1)
N,D Daddy (1)
O,Dad (4)
P,Dada (3)
Q,Daddy (8)
R,Daddy Pa (2)
S,Dodo (1)
T,Fatti [G] (1)
U,Gramp (3)
V,Gramps (13)
W,Grampy (1)
X,Gran (1)
Y,Grand (1)
Z,Grandda (1)
aa,Granddad (72)
ab,granddad (6)
ac,Granddaddy (252)
ad,granddaddy (17)
ae,grandfa(ther) (3)
af,Grandfather (21)
ag,grandfather (669)
ah,Grandpa (385)
ai,grandpa (7)
aj,Grandpap (7)
ak,Grandpapa (19)
al,Grandpappy (3)
am,Grandpop (3)
an,Grandy (2)
ao,Granny (1)
ap,Gros Pop [F] (1)
aq,old gentleman (1)
ar,old Granddaddy (1)
as,old grandfather (1)
at,Opa [G] (2)
au,Pa (9)
av,pa (1)
aw,Papa (107)
ax,papa grande [S] (1)
ay,Papo (1)
az,Papop (1)
ba,Pappy (10)
bb,Peapop (1)
bc,Pepere [F] (1)
bd,Pere [F] (1)
be,Pipa (2)
bf,Pop (9)
bg,Pop Pop (1)
bh,Poppy (2)
