Code,Response
A,ain't got no daddy (1)
B,baby borned out of wedlock (1)
C,baby without a father (1)
D,back-seat baby (1)
E,baseborn (1)
F,baseborn child (1)
G,bastard (519)
H,bastard baby (2)
I,bastard child (42)
J,bastard kid (1)
K,bastard son (1)
L,bastard young one (3)
M,batard (F) (2)
N,bitch (a girl) (1)
O,born on the wrong side of the blanket(3)
P,born out of wedlock (19)
Q,borned out of wedlock (5)
R,brat (1)
S,brier-patch (1)
T,brier-patch baby (2)
U,brush buddy (1)
V,bush baby (1)
W,bush child (4)
X,bush colt (1)
Y,child born out of wedlock (4)
Z,child borned out of wedlock (2)
aa,child from an unwed mother (1)
ab,child of the woods (1)
ac,child out of wedlock (4)
ad,come by chance (2)
ae,common law (1)
af,crossbreed (1)
ag,daddyless child (1)
ah,damn bastard (1)
ai,delinquent child (1)
aj,doesn't know who his daddy is (1)
ak,don't know the daddy (1)
al,fatherless (4)
am,fatherless child (2)
an,foster baby (1)
ao,got a few over the fence (1)
ap,grass colt (2)
aq,grass young one (1)
ar,had no father (1)
as,half-breed (1)
at,has no father (1)
au,hasn't got a daddy (1)
av,illegal (4)
aw,illegal child (1)
ax,illegitimate (251)
ay,illegitimate baby (6)
az,illegitimate bastard (1)
ba,illegitimate child (94)
bb,illegitimate kid (2)
bc,illegitime (F) (1)
bd,illicit (1)
be,jeebie-jeebie (1)
bf,just a baby (1)
bg,kid out of marriage (1)
bh,kid out of wedlock (1)
bi,"kid, a (1)"
bj,loner (2)
bk,love child (11)
bl,ma and pa wasn't married (1)
bm,malignant child (1)
bn,mamma just got out and picked him up(1)
bo,"mistake, a (1)"
bp,nigger bastard (1)
bq,nigger in the woodpile (2)
br,not legal (1)
bs,not legitimate (1)
bt,one-night baby (1)
bu,onus child (1)
bv,orphan child (1)
bw,out of family (1)
bx,out of lock [sic] (1)
by,out of the wedlock (1)
bz,out of wedlock (14)
ca,out-of-wed marriage [sic] (1)
cb,out-of-wedlock child (1)
cc,outcast (2)
cd,outlaw (1)
ce,outside (2)
cf,outside child (12)
cg,outsider (1)
ch,pea dropper (1)
ci,"pickup, a (1)"
cj,plain baby (1)
ck,prematured (1)
cl,range child (1)
cm,SOB (2)
cn,son of a bitch (2)
co,son [P-0] a bitch (1)
cp,sprung up out of wedlock (1)
cq,stray (1)
cr,stray colt (2)
cs,towhead (1)
ct,trash (1)
cu,unexpected (1)
cv,unfortunate child (2)
cw,unlawful (1)
cx,unlawful baby (1)
cy,unlawful child (2)
cz,unlegal bastard [sic] (1)
da,unlegal child [sic] (4)
db,unlegitimate child [sic] (1)
dc,unwanted (1)
dd,unwanted child (2)
de,unwed child [sic] (3)
df,unwedded child [sic] (2)
dg,unwedlock child [sic] (1)
dh,volunteer (3)
di,volunteer baby (1)
dj,wedlock child [sic] (1)
dk,wedlock [sic] (1)
dl,wild jackass (1)
dm,wildwoods kid (1)
dn,wire-grass colt (1)
do,wood chicken (1)
dp,wood child (1)
dq,wood colt (3)
dr,woodling colt (1)
ds,woodman (1)
dt,woods child (1)
du,woods colt (118)
dv,yard child (2)
dw,young one out of wedlock (1)
