Code,Response
A,ass whipping (n) (2)
B,beat (v) (12)
C,beat hell out of (5)
D,beat the hang out of (1)
E,beat the life out of (1)
F,beat the tar out of (1)
G,beat on (v) (1)
H,beat up (v) (4)
I,beat your butt (4)
J,beating (n) (1)
K,belt (n) (1)
L,belting (n) (3)
M,blister (v) (2)
N,blister your behind (1)
O,blistering (n) (1)
P,boxing (n) (1)
Q,break you down (1)
R,break your arm (1)
S,break your neck (1)
T,brush up (v) (1)
U,brushing (n) (1)
V,burn your fanny (1)
W,bust hell out of (1)
X,cane (v) (2)
Y,catch it (2)
Z,chastise (v) (4)
aa,chastising (n) (3)
ab,clubbing (n) (1)
ac,cut (v) (1)
ad,cut the blood (1)
ae,dressing down (n) (1)
af,drub (v) (1)
ag,drubbing (n) (1)
ah,fan your fanny (1)
ai,ferdootin (n) (1)
aj,flogging (n) (3)
ak,frail (v) (1)
al,frail hell out of (1)
am,frail the tar out of (1)
an,frailing (n) (3)
ao,fussing (n) (1)
ap,get a belt (1)
aq,get a belt after (1)
ar,get a board to (1)
as,get a hickory (1)
at,get a limb and wear it out (1)
au,get a peach-tree limb after (1)
av,get a switch to (2)
aw,get on his breeches (1)
ax,get the rod (1)
ay,get your jacket (1)
az,give him mischief (1)
ba,go to the washhouse (1)
bb,hawk (v) (1)
bc,hit (n) (1)
bd,hit (v) (2)
be,horsewhipping (n) (1)
bf,kick your ass up between the shoulder (1)
bg,kick your tail (1)
bh,killing (n) (4)
bi,knuckle sandwich (n) (1)
bj,larruping (n) (3)
bk,lashing (n) (13)
bl,latching (n) (1)
bm,lick (n) (4)
bn,licking (n) (53)
bo,lint your jacket (1)
bp,mark up (v) (2)
bq,nettle (v) (1)
br,paddle (v) (8)
bs,paddling (n) (33)
bt,pat (v) (1)
bu,peach-limb whipping (n) (1)
bv,punch (n) (1)
bw,punish (v) (15)
bx,punish(ing) (n) (2)
by,punishing (n) (2)
bz,punishment (n) (6)
ca,put a switch on you (1)
cb,put a whipping on you (1)
cc,put the switch to (1)
cd,razor soup (n) (1)
ce,score (v) (1)
cf,(shel)lacking (n) (1)
cg,shellacking (n) (1)
ch,skin you (1)
ci,skin you alive (3)
cj,skinning (n) (2)
ck,slap (n) (6)
cl,slap (v) (2)
cm,slap around (v) (1)
cn,slap hell out of (1)
co,slapping (n) (2)
cp,slashing (n) (2)
cq,smack (v) (2)
cr,smacking (n) (1)
cs,sock in the jaw (n) (1)
ct,socking (n) (1)
cu,spank (n) (1)
cv,spank (v) (38)
cw,spank hell out of (1)
cx,spanking (n) (408)
cy,stomping (n) (1)
cz,strap (v) (5)
da,strapping (n) (6)
db,stripe (v) (1)
dc,striping (n) (1)
dd,strop (v) (1)
de,stropping (n) (1)
df,swap (v) (2)
dh,switch (v) (9)
di,switching (n) (31)
dj,tail-oiling (n) (1)
dk,take a piece off your butt (1)
dl,take a limb to (1)
dm,take a belt strap to (1)
dn,take you to the woodshed (1)
do,tan (v) (3)
dp,tan up (v) (1)
dq,tan the hide off (1)
dr,tan your bottom (1)
ds,tan your breeches (1)
dt,tan your hide (5)
dv,tanning (n) (10)
dw,tap (n) (1)
dx,tear (v) (1)
dy,tear down (v) (1)
dz,tear up (v) (10)
ea,tear your ass up (1)
ec,tear your butt up (1)
ed,tear your pants off (1)
ee,tear your tail up (1)
ef,tear your breeches up (2)
eg,tearing up (n) (2)
eh,thrash (v) (3)
ei,thrashing (n) (20)
ej,thrashing out (n) (3)
ek,threshing (n) (2)
el,troubling (n) (1)
em,trounce (v) (1)
en,trouncing (n) (1)
eo,wallop (v) (1)
ep,walloping (n) (2)
eq,warm you up (1)
er,warm your leather (1)
es,wear it out (1)
et,wear you out (7)
eu,wearing out (n) (1)
ev,whack (v) (1)
ew,whacking (n) (2)
ex,whale the daylights out of (1)
ey,whaling (n) (1)
ez,whip (v) (135)
fa,whip your ass (1)
fb,whip your butt (2)
fc,whip hell out of him (1)
fd,whipping (n) (476)
fe,work (over) (v) (2)
ff,work on the rear end (1)
fg,working (n) (1)
fh,working over (n) (2)
