Code,Response
A,"actions like, has (4)"
B,acts (his father) (3)
C,acts (just) like (114)
D,acts similar (1)
E,"all over, his father (1)"
F,"attitude, same (1)"
G,behaves like (3)
H,belongs to (him) (1)
I,"build, father's (1)"
J,built like (1)
K,carbon copy (3)
L,"character, same (1)"
M,"characteristics, has (4)"
N,"child, his father's (1)"
O,"chip, same old (1)"
P,chip off the old block (47)
Q,"clear through, father (1)"
R,comes by it honest (3)
S,copies (=replicates) (1)
T,cut out of the same pattern (1)
U,dead ringer (1)
V,"disposition, (has father's) (7)"
W,"does daddy hisself, he (1)"
X,"double, his father's (1)"
Y,exactly like (2)
Z,favors (303)
aa,featured like (1)
ab,features (n.) (12)
ac,features (v.) (7)
ad,futures (v.) (1)
ae,follows his father (1)
af,follows his father's footseps (5)
ag,good dog follows his race (1)
ah,"habits, (has) his father's (5)"
ai,identical to (2)
aj,image of (33)
ak,"images, got his father's (1)"
al,imitates (=replicates) (3)
am,inherited (father's traits etc) (4)
an,just like (115)
ao,"kind, is daddy's (1)"
ap,like (70)
aq,"like father, like son (6)"
ar,"like mother, like daughter (1)"
as,"likeness of, the (2)"
at,living image (1)
au,"looks, has (1)"
av,looks and acts like (1)
aw,looks like (230)
ax,"made over, father (5)"
ay,"mannerisms, has (4)"
az,manners like (2)
ba,marked like (1)
bb,off of the old tree (1)
bc,"over and over, his father (2)"
bd,patterned after (1)
be,perfect image (2)
bf,"personality, has same (2)"
bg,"picture of, the (3)"
bh,piece off the old block (1)
bi,pulled a hair out of his ass (1)
bj,resembles (216)
bk,same nature (1)
bl,similar (to) (5)
bm,solid image (1)
bn,"son like father, (father like son) (2)"
bo,"spit, the (very) (11)"
bp,"spit him out, looks like (his father) (2)"
bq,spit image (7)
br,spitting image (60)
bs,splitting image (1)
bt,takes after (189)
bu,takes at (his father) (1)
bv,takes behind (1)
bw,takes it after (6)
bx,takes it natural (1)
by,takes on (1)
bz,takes out after (1)
ca,takes up after (1)
cb,"temper like, has a (2)"
cc,"temperament, has father's (1)"
cd,thinks like (1)
ce,"traits after, has (1)"
cf,"traits of, has (1)"
cg,walks in his footsteps (1)
ch,"way(s), has father's (34)"
ci,"ways and actions, has father's (1)"
