Code,Response
A,aide (1)
B,baby nurse (1)
C,baby snatcher (1)
D,birthing lady (1)
E,black woman (1)
F,chaste woman (?) (1)
G,colored lady (1)
H,doctor woman (1)
I,godmother (4)
J,grandma (3)
K,Grandmamma (1)
L,granny (120)
M,granny doctor (2)
N,granny lady (4)
O,granny mother (1)
P,granny nurse (1)
Q,granny one (1)
R,granny woman (77)
S,help maid (1)
T,helper (1)
U,housemother (1)
V,housewife (1)
W,inner wife (1)
X,landlady (1)
Y,maid lady (1)
Z,mammy (3)
aa,Memere (F) (1)
ab,mid lady (3)
ac,mid woman (8)
ad,midway [sic] (1)
ae,midwife (718)
af,midwife woman (1)
ag,mother doctor (1)
ah,nanny (2)
ai,Negro mammy (1)
aj,Negro midwife (1)
ak,Negro woman (1)
al,nigger midwife (1)
am,nigger woman (1)
an,nurse (14)
ao,old maid (1)
ap,old woman (2)
aq,older lady (1)
ar,practical nurse (3)
as,sage-femme (F) (1)
at,semilegal granny (1)
au,to granny (v.) (2)
av,wet nurse (1)
aw,woman doctor (3)
