Code,Response
A,blue belly (1)
B,damn Yankee (10)
C,damned old foreigner (1)
D,flatland foreigner (1)
E,foreign dude (1)
F,foreign fellow (1)
G,foreign person (1)
H,foreigner (=stranger) (149)
I,(from) out of state (5)
J,from out of town (1)
K,immigrant (=newcomer) (1)
L,lost child [facetious] (1)
M,new face (in town) (2)
N,new fellow (1)
O,new in town (1)
P,new kid (1)
Q,new neighbor (1)
R,new people (1)
S,new person (in town) (1)
T,new (to the neighborhood) (2)
U,newcomer (54)
V,Northern folks (1)
W,Northerner (7)
X,of [D-O] nations (=outsider) (1)
Y,out-of-state person (1)
Z,out of towner (3)
aa,outlander (1)
ab,outside agitator (1)
ac,outside people (1)
ad,outsider (12)
ae,perfect stranger (2)
af,rank stranger (5)
ag,strange man in town (1)
ah,strange people (1)
ai,"strange somebody, a (1)"
aj,stranger (605)
ak,total stranger (2)
al,tourist (2)
am,traveler (2)
an,visitor (8)
ao,Westerner (2)
ap,Yankee (49)
aq,drifter (2)
ar,hermit (1)
as,hobo (2)
at,tramp (5)
au,transient (4)
av,vagrant (1)
aw,wino (1)
