Code,Response
A,educator (2)
B,female teacher (1)
C,girl marm (1)
D,governess (1)
E,instructor (9)
F,(in)structor (1)
G,lady teacher (8)
H,ma (1)
I,ma'am (1)
J,madam (1)
K,marm (2)
L,matron (2)
M,mistress (8)
N,old maid (4)
O,old-maid schoolteacher (7)
P,old-maid teacher (1)
Q,school ma (1)
R,school madam (5)
S,school maid (1)
T,school maker (1)
U,school matron (2)
V,school miss (2)
W,school woman (1)
X,schoolma'am (15)
Y,schoolmarm (180)
Z,schoolmistress (22)
aa,schoolteacher (310)
ab,severe spinster (1)
ac,sister (3)
ad,spinster (1)
ae,teacher (409)
af,tutor (2)
ag,woman teacher (14)
