Code,Response
A,alley lawyer [lawyer/preacher] (1)
B,amateur (3)
C,apprentice (carpenter/preacher) (3)
D,assistant (minister/preacher) (2)
E,backwoods preacher (2)
F,bad preacher (1)
G,badger [=botcher?/preacher] (1)
H,banister preacher (1)
I,beginner (1)
J,Bible beater (1)
K,bootleg lawyer (1)
L,bootleg preacher (1)
M,botch (carpenter) (3)
N,botcher [carpenter] (2)
O,bum [carpenter] (1)
P,cake eater [preacher] (1)
Q,CC rider [traveling preacher] (2)
R,chicken healer [preacher] (1)
S,chicken [preacher] (1)
T,chimley-cornered lawyer (1)
U,circuit (preacher) (3)
V,circuit rider (preacher) (7)
W,cobbler (3)
X,coffeepot preacher (1)
Y,common carpenter (1)
Z,country preacher (2)
aa,crooked lawyer (1)
ab,daddle-do [carpenter] (1)
ac,drugstore quarterback (1)
ad,Dummkopf [G] (1)
ae,entered apprentice (1)
af,evangelist (11)
ag,"exalted, the (1)"
ah,exhorter (2)
ai,fake (1)
aj,fieldworker [preacher] (1)
ak,fill-in preacher (1)
al,fill-out [preacher] (1)
am,flunky [carpenter] (1)
an,fly-by-night carpenter (1)
ao,footlog preacher (1)
ap,free-lance preacher (1)
aq,get-by [carpenter] (1)
ar,greenhorn [mechanic] (1)
as,hack [carpenter] (1)
at,half-ass (1)
au,half-ass carpenter (1)
av,half-ass lawyer (1)
aw,half-ass mechanic (1)
ax,half-ass preacher (2)
ay,half-assed (2)
az,half-assed [mechanic] (1)
ba,half-assed preacher (1)
bb,half-handed man [builder] (1)
bc,half-handed mechanic (1)
bd,half-handed preacher (2)
be,hammer-and-saw carpenter (1)
bf,handyman (4)
bg,haphazard carpenter (1)
bh,hard-call preacher (1)
bi,hard-time [preacher] (1)
bj,hatchet and hammer [carpenter] (1)
bk,helper [carpenter] (2)
bl,henpeck preacher (1)
bm,hick [carpenter] (1)
bn,hillbilly (preacher) (2)
bo,Holy Roller (preacher) (2)
bp,hypocrite (5)
bq,inexperienced preacher (1)
br,infidel [preacher] (1)
bs,interim pastor (1)
bt,intern (1)
bu,intern preacher (1)
bv,itenerant (carpenter) (1)
bw,itinerant minister (1)
bx,itinerant (preacher) (10)
by,jack (2)
bz,jack [preacher] (1)
ca,jack carpenter (2)
cb,jack at all trades (3)
cc,jack-of-all-trades (man) (35)
cd,jackass (1)
ce,jackass at all trades (1)
cf,jackass carpenter (1)
cg,jackass preacher (1)
ch,jackleg (116)
ci,jackleg at all jobs (1)
cj,jackleg at all trades (1)
ck,jackleg blacksmith (1)
cl,jackleg bricklayer/mason (3)
cm,jackleg builder (1)
cn,jackleg car repairman (1)
co,jackleg (carpenter) (221)
cp,jackleg (electrician) (3)
cq,jackleg (doctor) (32)
cr,jackleg farmer (4)
cs,jackleg (governor) (4)
ct,jackleg horse [badly trained] (1)
cu,jackleg (lawyer) (91)
cv,jackleg man (1)
cw,jackleg (mechanic) (38)
cx,jackleg of a carpenter (5)
cy,jackleg of a preacher (6)
cz,jackleg of all trades (4)
da,jackleg (painter) (3)
db,jackleg plow-hand (1)
dc,jackleg (plumber) (11)
dd,jackleg (politician) (2)
de,jackleg (preacher) (286)
df,jackleg president (1)
dg,jackleg singer (1)
dh,jackleg (teacher) (14)
di,jacklegged (1)
dj,jacklegged carpenter (2)
dk,jacklegged lawyer (2)
dl,jacklegged preacher (10)
dm,jacklegged teacher (1)
dn,jailhouse (lawyer) (1)
do,jake leg (2)
dp,jake leg (carpenter) (4)
dq,jake leg [cobbler] (1)
dr,jake leg (mechanic) (1)
ds,jake leg [preacher] (2)
dt,jerk water (1)
du,lay minister (2)
dv,lay preacher (23)
dw,lay reader (1)
dx,lay speaker (1)
dy,layman (21)
dz,lousy preacher (1)
ea,makeshift [carpenter] (2)
eb,makeshift [preacher] (1)
ec,misfit (1)
ed,missionary [preacher] (1)
ee,monkey wrench [handyman] (1)
ef,nail bender [carpenter] (1)
eg,ne'er-do-well [tradesman] (1)
eh,no-(ac)count preacher (1)
ei,oak tree mechanic (1)
ej,one-horse (preacher) (2)
ek,outlaw preacher (1)
el,part-time minister (1)
em,part-time pastor (1)
en,part-time preacher (13)
eo,peckerwood (2)
ep,pickup [carpenter] (1)
eq,piece away [carpenter] (1)
er,piece of a doctor (1)
es,pillroller [doctor] (1)
et,poor preacher (3)
eu,pot-liquor preacher (1)
ev,quack (2)
ew,quack (doctor) (15)
ex,quack [preacher] (3)
ey,quack [teacher] (1)
ez,quasi (carpenter) (1)
fa,rinky-dink carpenter (1)
fb,roadside mechanic (1)
fc,rough carpenter (1)
fd,sawmill mechanic (1)
fe,scab (3)
ff,scab on the trade [carpenter] (1)
fg,shade tree (3)
fh,shade-tree (carpenter) (1)
fi,shade-tree (mechanic) (42)
fj,shade tree [painter] (1)
fk,shade-tree (preacher) (8)
fl,shyster (lawyer) (7)
fm,sidewalk preacher (1)
fn,slack preacher (1)
fo,sloppy carpenter (1)
fp,sorry [carpenter] (2)
fq,sorry preacher (2)
fr,street preacher (1)
fs,striker [preacher] (1)
ft,stump leg [preacher] (1)
fu,stump preacher (2)
fv,stumpknocker (preacher) (6)
fw,substitute (preacher) (2)
fx,supply pastor (1)
fy,supply (preacher) (3)
fz,table tapper [preacher] (1)
ga,tinker (1)
gb,traveling preacher (2)
gc,tree-stump preacher (1)
gd,two-bit carpenter (1)
ge,two-bit lawyer (1)
gf,two-by-four (carpenter) (2)
gg,uneducated (preacher) (2)
gh,unordained minister (1)
gi,untrained minister (1)
gj,wagon-tail [preacher] (1)
gk,wish-washy [itinerant preacher] (1)
gl,wood bee [carpenter] (1)
gm,wood butcher [carpenter] (3)
gn,wood butcherer (1)
go,yard ax [preacher] (2)
