Code,Response
A,cadet [college] (1)
B,co-ed (5)
C,college boy (1)
D,college co-ed (1)
E,college kid (1)
F,college pupil (1)
G,college student (26)
H,collegian (1)
I,collegiate (1)
J,college-bound student (1)
K,day scholar (1)
L,day student (1)
M,grade kid (1)
N,grade-school student (1)
O,graduate student (2)
P,grammar-school student (1)
Q,high-school scholar (3)
R,high-school student (3)
S,kid (1)
T,normal (2)
U,pupil (194)
V,scholar (92)
W,school kid (3)
X,school scholar (2)
Y,school student (1)
Z,schoolboy (9)
aa,schoolchild (19)
ab,schoolgirl (3)
ac,seven-grade scholar (1)
ad,student (679)
