Code,Response
A,bastard [sic] (1)
B,boll weevil (1)
C,bones (1)
D,bums (24)
E,chufa bellies (1)
F,common (2)
G,common people (3)
H,common trash (2)
I,common white trash (1)
J,commoner (1)
K,Conchs (1)
L,country crackers (2)
M,country hicks (1)
N,country sager (1)
O,country trash (1)
P,cracker neck (1)
Q,crackers (20)
R,crackerjacks (2)
S,dagos (1)
T,damn lazy white folks (1)
U,deadbeats (6)
V,didn't have no get-up-and-get-it (1)
W,dirt (1)
X,dirty people (1)
Y,do-nothing (1)
Z,drifters (1)
aa,drone (1)
ab,drunkard (2)
ac,drunks (1)
ad,dullard (1)
ae,dumb bunnies (1)
af,Florida Crackers (2)
ag,Georgia Crackers (16)
ah,good-for-nothing (14)
ai,good-for-nothing and don't care (1)
aj,good-for-nothings (2)
ak,hard-luck folks (1)
al,hicks (2)
am,hillbillies (4)
an,hippies (3)
ao,hoboes (2)
ap,hoodlums (1)
aq,hoosier (5)
ar,ignorant (2)
as,illiterates (4)
at,indigent (1)
au,kicker [=red-neck] (1)
av,kind of trashy people (1)
aw,lazy (46)
ax,lazy as a nigger (1)
ay,lazy bastards (1)
az,lazy bum (1)
ba,lazy folks (2)
bb,lazy good-for-nothing bums (1)
bc,lazy good-for-nothing person (1)
bd,lazy hammer knocker (1)
be,lazy loafer (1)
bf,"lazy, low-down white trash (1)"
bg,lazy no-good thing (1)
bh,lazy man (1)
bi,lazy people (10)
bj,lazy white folks (1)
bk,lazybones (1)
bl,little-old dirt-land farmers (1)
bm,loafers (7)
bn,longneck (1)
bo,low class (2)
bp,low class of people (2)
bq,low-class people (2)
br,low-class trash (1)
bs,low-class white man (1)
bt,low-class whites (1)
bu,low-down (6)
bv,low-down class of people (1)
bw,low-down folks (1)
bx,low-down people (2)
by,"low-down, sorry white folks (1)"
bz,low-down trash (1)
ca,low-dwon white trash (1)
cb,low-grade white people (1)
cc,low-life (1)
cd,lower class (3)
ce,lower-class people (2)
cf,lower-class white people (1)
cg,lower whites (1)
ch,Mississippi Cracker (1)
ci,nasty and slouchy (1)
cj,nasty low class (1)
ck,ne'er-do-wells (2)
cl,"neglector, a (1)"
cm,no better than a nigger (2)
cn,no-(ac)count (15)
co,no-(ac)count bastard (1)
cp,no (ac)count for anything (1)
cq,no-(ac)count people (2)
cr,no-(ac)counters (1)
cs,no-(ac)counts (1)
ct,no-account (6)
cu,no-good (25)
cv,no-good for nothing (3)
cw,no-good people (3)
cx,no-good residents (1)
cy,no-good trash (1)
cz,no-good white (1)
da,no-worm peckerwoods (1)
db,not much good (1)
dc,old common trash (2)
dd,old sorry nothing (1)
de,old sorry white folks (1)
df,old trash (1)
dg,old trashy something (1)
dh,old white cracker (1)
di,ornery (3)
dj,other-side-of-the-street people (1)
dk,paupers (5)
dl,peckerwoods (19)
dm,peckerwood farmers (1)
dn,pickings (1)
do,piney woods (1)
dp,poor (10)
dq,poor class of people (2)
dr,poor crackers (3)
ds,poor devils (1)
dt,poor dunks (1)
du,poor folks (9)
dv,poor people (22)
dw,poor trash (11)
dx,poor trashy people (2)
dy,poor white people (11)
dz,poor white trash (120)
ea,poor whites (30)
eb,pure sorry (1)
ec,pure trash (3)
ed,pure white trash (1)
ee,PWTs [=poor white trash] (1)
ef,rascals (1)
eg,real backward (1)
eh,real poor (2)
ei,real sorry people (1)
ej,"real sorry, trashy white people (1)"
ek,red-neck hippie (1)
el,red-necks (36)
em,red-necky (1)
en,regular hoosier (1)
eo,regular peckerwood (1)
ep,riffraff (1)
eq,sans le prix [F] [=no-good] (1)
er,scalawag (1)
es,scum (3)
et,scum of the earth (1)
eu,sharecrop (1)
ev,sharecroppers (3)
ew,shiftless (9)
ex,shiftless people (2)
ey,shit kicker (2)
ez,shysters (1)
fa,slouch (2)
fb,sluggish (1)
fc,slum people (1)
fd,so sorry (1)
fe,sorriest (1)
ff,sorriness (1)
fg,sorry (22)
fh,sorry as old chicken fertilizer (1)
fi,sorry class of people (2)
fj,sorry class of white people (1)
fk,sorry fellow (2)
fl,sorry folks (1)
fm,sorry no-(ac)count (1)
fn,sorry man (1)
fo,sorry peckerwood (1)
fp,sorry people (11)
fq,sorry son[N-i] of bitches (1)
fr,sorry trash (1)
fs,sorry-type folks (1)
ft,sorry white folks (2)
fu,sorry white man (1)
fv,sorry white person (1)
fw,sorry white trash (3)
fx,stringneck (1)
fy,Tobacco Road (1)
fz,too sorry to work (1)
ga,tramps (10)
gb,trash (88)
gc,trash of the country (1)
gd,trash of the world (1)
ge,trashy (11)
gf,trashy people (13)
gg,trashy white folks (1)
gh,trashy whites (1)
gi,trifle (2)
gj,trifling (14)
gk,trifling as a nigger (1)
gl,trifling good-for-nothing scoundrel (1)
gm,trifling people (3)
gn,underprivilege (1)
go,underprivileged (1)
gp,vagabonds (1)
gq,vagrants (1)
gr,wayfar(er) (1)
gs,welfare recipients (1)
gt,welfarers (1)
gu,white cracker (1)
gv,white niggers (1)
gw,white poor people  (1)
gx,white trash (162)
gy,wino (1)
gz,woodpecker (1)
ha,woolhatter (1)
hb,worthless (3)
hc,worthless white man (1)
hd,wouldn't hit a lick at a snake (1)
