Code,Response
A,Big Boss (1)
B,big boss (1)
C,Big Master* (1)
D,big shot (1)
E,Boss (23)
F,boss (245)
G,Boss Man (3)
H,boss man (80)
I,Cap (18)
J,Captain (25)
K,captain (43)
L,Chief (1)
M,chief (5)
N,dona [S] (1)
O,employer (21)
P,foreman (8)
Q,general (1)
R,general boss (1)
S,gov (1)
T,Governor (1)
U,Grandpa (1)
V,headman (1)
W,horse master (1)
X,jefe [S] (1)
Y,judge (1)
Z,king bee (1)
aa,kingpin (1)
ab,Little Boss (1)
ac,little boss [straw boss] (1)
ad,Little Master* (1)
ae,main boss (1)
af,Major (2)
ag,"Man, the (5)"
ah,Marse* (5)
ai,marse* (7)
aj,Massa* (6)
ak,massa* (11)
al,Master* (7)
am,master* (98)
an,mill boss (1)
ao,Mist(er) (1)
ap,Miss (7)
aq,Missy (1)
ar,missy (1)
as,Mister (130)
at,Mister Boss (3)
au,Mistress (1)
av,mistress (3)
aw,Mrs. (4)
ax,old boss (4)
ay,old man (1)
az,old marse* (2)
ba,old massa* (2)
bb,Old Master* (2)
bc,old master* (11)
bd,Old Miss (1)
be,old miss (4)
bf,old mistress (1)
bg,overseer (6)
bh,patron [F] (1)
bi,patron [S] (3)
bj,plantation owner (1)
bk,road foreman (1)
bl,sir (10)
bm,straw boss (2)
bn,sup(ervisor) (1)
bo,superior officer (1)
bp,supervisor (4)
bq,young captain (1)
br,young master* (1)
