Code,Response
A,ace of spades (1)
B,African (29)
C,Afro (3)
D,Afro-American (17)
E,Afro-American engineers (1)
F,alligator bait (1)
G,(alli)gator bait (4)
H,American Indian [in Europe] (1)
I,apes (3)
J,Aunt [form of address] (8)
K,Auntie [form of address] (4)
L,aunties (2)
M,bad nigger (1)
N,big black buck niggers (1)
O,big fat nigger (1)
P,big nigger (3)
Q,bigeye nigger (1)
R,black (351)
S,black African (2)
T,black American (3)
U,black ape (4)
V,black-ass so-and-so (1)
W,black bastard (4)
X,black bitch (2)
Y,black boy (12)
Z,black children (1)
aa,black coons (2)
ab,black crow (1)
ac,black dude (1)
ad,black folk(s) (16)
ae,black girl (3)
af,black guy (1)
ag,black heel (1)
ah,black kid (1)
ai,black lady (3)
aj,black mammy (3)
ak,black man (48)
al,black MF (1)
am,black Negro (1)
an,black nigger (14)
ao,black person/people (120)
ap,black polecat (1)
aq,black race (21)
ar,black rascal (2)
as,black so-and-so (1)
at,black son of a bitch (7)
au,black spook (1)
av,black thing (4)
aw,black trash (3)
ax,black woman (11)
ay,blackbirds (3)
az,blackie(s) (3)
ba,blacks (3)
bb,blood (1)
bc,blue (1)
bd,blue(-)gum(s) (3)
be,blue-gum nigger (3)
bf,boll weevil (1)
bg,bone (1)
bh,bonehead (1)
bi,booger (1)
bj,boogies (1)
bk,boot (1)
bl,Bosco bunny (1)
bm,Boy [form of address] (2)
bn,boy (12)
bo,bro (1)
bp,brother (2)
bq,brown-skin nigger (1)
br,brown-skin people (1)
bs,buck nigger (4)
bt,bucks (2)
bu,buckwheat nigger (1)
bv,bugaboos (1)
bw,bunnies (1)
bx,burr head (13)
by,burrheaded colored people (1)
bz,burrheaded son[N-i] of a bitches (1)
ca,buzzard (2)
cb,carrion crow (1)
cc,chocolate (1)
cd,chocolate drops (1)
ce,chocolate motherfucker (1)
cf,coal-black nigger wench (1)
cg,color folk(s) (3)
ch,color people(s) (4)
ci,colored(s) (248)
cj,colored boy (19)
ck,colored dude (1)
cl,colored fellow (14)
cm,colored folk(s) (55)
cn,colored gal (1)
co,colored girl (10)
cp,colored guy (3)
cq,colored kids (1)
cr,colored lady (7)
cs,colored mammy (1)
ct,colored man (59)
cu,colored nigger (1)
cv,colored person/people (260)
cw,colored race (6)
cx,colored trash (1)
cy,colored woman (25)
cz,Congo cookie (1)
da,coon (69)
db,cotton-picking nigger (1)
dc,country colored (1)
dd,country nigger (1)
de,crackers [=blacks] (1)
df,crow (1)
dg,damn nigger (6)
dh,damn shit-assy nigger (1)
di,dang nigger (1)
dj,dark (2)
dk,dark folks (1)
dl,dark person (1)
dm,darky (79)
dn,descendant of Ham [=Negro] (1)
do,devil (1)
dp,dimbo (1)
dq,dirty nigger (1)
dr,donkeys (1)
ds,dragger (1)
dt,dusky (1)
du,E-Eighty (1)
dv,East Texas nigger (1)
dw,Englishman (1)
dx,Ethiopia [=Negro race] (1)
dy,Ethiopian [=black] (3)
dz,Ethiopian race [=blacks] (1)
ea,free man/person of color (2)
eb,ex-slaves (1)
ec,Geech(ee) nigger (1)
ed,Geechee (4)
ee,gentlemen of color (1)
ef,gigs (1)
eg,girl (1)
eh,gingersnaps (1)
ei,good black people (1)
ej,good nigger (5)
ek,good-old darky (1)
el,granny (1)
em,Ham's children (1)
en,head (1)
eo,immigrant (1)
ep,jigaboo (16)
eq,jig (9)
er,Jim Crow (2)
es,jive-ass nigger (1)
et,jungle bunny (18)
eu,kinky heads (1)
ev,ladies of color (1)
ew,lint head (1)
ex,little black girl (1)
ey,Little Black Sambo (1)
ez,little colored boys (2)
fa,little niggers (4)
fb,low-down good-for-nothing nigger (1)
fc,low-down no-good nigger (1)
fd,low-down nigger (2)
fe,Mammy [form of address] (1)
ff,mammy (1)
fg,man of color (1)
fh,mean nigger (1)
fi,melon eaters (1)
fj,Mobile nigger (1)
fk,monkey (2)
fl,natives (2)
fm,Neger [G] (1)
fn,Negress (1)
fo,negrette (1)
fp,Neg(ro) (1)
fq,Neg(roes) (1)
fr,Negro (632)
fs,negro [S] (1)
ft,Negro boy (1)
fu,Negro girl (1)
fv,Negro mammy (1)
fw,Negro man (5)
fx,Negro people (2)
fy,Negro race (9)
fz,Negro woman (9)
ga,Negroid(s) (4)
gb,Negroid race (3)
gc,Nelda [?] (1)
gd,nig (4)
ge,nigaroos (1)
gf,nigger (668)
gg,nigger boy (12)
gh,nigger cracker (1)
gi,nigger girl (3)
gj,nigger kids (1)
gk,nigger mammy (1)
gl,nigger man (8)
gm,nigger people (2)
gn,nigger race (4)
go,nigger slave (2)
gp,nigger straight out (1)
gq,nigger woman (27)
gr,niggeress (1)
gs,night fighter (1)
gt,nigritos [S] (1)
gu,nits (1)
gv,nivada [Italian] (1)
gw,no-(ac)count nigger (3)
gx,no-good (1)
gy,Northern nigger (1)
gz,Number Two  [military serial] (1)
ha,old black boy (1)
hb,old black lady (1)
hc,old colored darky (1)
hd,old colored fellow (1)
he,old colored lady (1)
hf,old colored man (2)
hg,old colored woman (3)
hh,old coon (1)
hi,old cornfield niggers (1)
hj,old darky (8)
hk,old Geechee (1)
hl,old nigger (16)
hm,old nigger woman (7)
hn,old slave nigger woman (1)
ho,old slavery nigger (1)
hp,Old Uncle [form of address] (1)
hq,old woolly-head nigger (1)
hr,Oreos (4)
hs,pickaninny (8)
ht,plain nigger (2)
hu,polecats (1)
hv,poor black trash (1)
hw,poor blacks (1)
hx,poor colored (1)
hy,poor colored folks (1)
hz,poor Negro (1)
ia,Preacher [form of address] (1)
ib,pure nigger (1)
ic,rascal (1)
id,raspberry colored folks (1)
ie,Red Bone (4)
if,rogue (1)
ig,saltwater Geech(ee) (1)
ih,Sambos (4)
ii,Schwartze [G] (1)
ij,scoundrel (1)
ik,shine (3)
il,shoeshine boy (1)
im,Shvartzers [Yiddish] (1)
in,slaveries [=Negroes] (1)
io,slaves (3)
ip,smokies (1)
iq,smutty buddy (1)
ir,son of a bitch (1)
is,sooboos (1)
it,sorry nigger (6)
iu,soul brother (1)
iv,Southern nigger (1)
iw,spade (32)
ix,spliv (1)
iy,spear carriers (1)
iz,spear throwers (1)
ja,spook (11)
jb,stupid nigger (1)
jc,sunburn American (1)
jd,Swahilis (1)
je,swamp niggers (2)
jf,tadpoles (2)
jg,tar baby (1)
jh,"Tom, a (1)"
ji,trifling nigger (1)
jj,Two (1)
jk,Uncle [form of address] (19)
jl,Uncle Joe (1)
jm,Uncle Tom (6)
jn,uncles (1)
jo,uppity nigger (1)
jp,walking talking Tootsie Roll (1)
jq,weird-ass nigger (1)
jr,white man's nigger (1)
js,woolies (1)
jt,woolly heads (1)
ju,yard ape (2)
