Code,Response
A,American [=white race] (3)
B,American-born man (1)
C,Anglo-American (1)
D,Anglo-Saxon (10)
E,Anglo-Sax(on) [race] (1)
F,Anglo-Saxon race (2)
G,Anglos (21)
H,aristocrats (1)
I,Aryan (2)
J,barbarians [=whites] (1)
K,bleached white [=white] (1)
L,buck (1)
M,buckra (2)
N,Caucasian (169)
O,Caucasian race (3)
P,Caucasoid (1)
Q,common white people (1)
R,cracker (43)
S,cracker honky (1)
T,cracker neck (1)
U,crackerjack (1)
V,delta red (1)
W,devil (2)
X,dirty whites (1)
Y,Dixie [name for white] (1)
Z,English-American people (1)
aa,Gentiles (2)
ab,Georgia Cracker (5)
ac,good-old white man (1)
ad,gringo/gringa [S] (11)
ae,hicks (1)
af,high rent (1)
ag,hillbilly [=white] (12)
ah,hokies (1)
ai,honky (99)
aj,hoosiers [=whites] (7)
ak,hootchy (1)
al,hunky (3)
am,Jim Crows (1)
an,lazy cracker (1)
ao,little-old white boys (1)
ap,longneck (1)
aq,low-down (1)
ar,"Man, the (2)"
as,Mongolians [=Caucasians] (1)
at,motherfucker (1)
au,mothers (1)
av,nasty-ass red-neck (1)
aw,nasty cracker (1)
ax,nigger [=white/derogatory] (1)
ay,nutcracker (1)
az,ofay (5)
ba,old cracker (1)
bb,old hunky (1)
bc,old hoosier (1)
bd,old red-neck (1)
be,old red peckerwood (1)
bf,old scamp (1)
bg,old white fellow (1)
bh,onery sapsucker (1)
bi,ordinary people (1)
bj,Paddies (1)
bk,paleface (5)
bl,peck (10)
bm,pecker (1)
bn,peckerwood (56)
bo,pig (1)
bp,poor cracker (1)
bq,poor white cracker (1)
br,poor white folks (1)
bs,potato head (1)
bt,pure white person (1)
bu,quacker (1)
bv,racist (1)
bw,red (1)
bx,red-neck (46)
by,red-neck cracker (1)
bz,red-neck white folk (1)
ca,red pecker (1)
cb,redhead peckerwood (1)
cc,resin chewer (1)
cd,sager [=white] (1)
ce,saltine (1)
cf,sandhill red-neck (1)
cg,snowballs (1)
ch,soda cracker (4)
ci,stone cracker (1)
cj,straight-out honky (1)
ck,stringneck (1)
cl,stupid cracker (1)
cm,"Supreme Being, the (1)"
cn,surf[=turf?] eaters (1)
co,swine (1)
cp,tallow face (1)
cq,ugly-ass cracker (1)
cr,unsleek bull [=white] (1)
cs,WASP (1)
ct,white [adj.] (401)
cu,white bastard (1)
cv,white boy [=white] (15)
cw,white cracker (3)
cx,white folk(s) (74)
cy,white hoosier (1)
cz,white man (82)
da,white MF (1)
db,white ones (2)
dc,white peck (2)
dd,white person/people (218)
de,white population (1)
df,white race (43)
dg,white son-of-a-bitch (1)
dh,white trash [=whites] (4)
di,Whitecap [=KKK member] (1)
dj,whiteface (1)
dk,whites (85)
dl,Whitey (41)
dm,Yankee (2)
dn,yaps (3)
do,yellow woman [insulting] (1)
dp,yellowbelly (1)
