Code,Response
A,alligator catcher (1)
B,Arkansas Hoosier (1)
C,back in the sticks (1)
D,back-in-the-woods folks (1)
E,backcountry folks (1)
F,backcountry man (1)
G,backcountry nigger (1)
H,backheels (1)
I,backward (2)
J,backwards (1)
K,backward folks (1)
L,backwood countryman (1)
M,backwood cracker (1)
N,backwood folks (1)
O,backwood hoosier (2)
P,backwood people (1)
Q,backwoods (9)
R,backwoods cracker (4)
S,backwoods hick (1)
T,backwoods hoosier (1)
U,backwoods people (1)
V,backwoodser (2)
W,backwoodsman (18)
X,backwoodsy (5)
Y,bayou red-neck (1)
Z,billy (1)
aa,bon rien [F] (1)
ab,bootlegger (1)
ac,bougalee (3)
ad,bum (2)
ae,bumpkin (5)
af,Cajan [F] (1)
ag,Cajun (24)
ah,cedar chopper (3)
ai,charcoal burner (1)
aj,clod (1)
ak,clodhopper (8)
al,coon (2)
am,coonass (20)
an,coony (9)
ao,corn dodger (1)
ap,cornball (1)
aq,corny man (1)
ar,cottonseed (1)
as,countrified (8)
at,countrified-looking (1)
au,country (39)
av,country booger (1)
aw,country boy (94)
ax,country bum (1)
ay,country bumpkin (27)
az,country clod (1)
ba,country codger (1)
bb,country colored (1)
bc,country coon [not black] (1)
bd,country cracker (31)
be,country dude (9)
bf,country farmer (1)
bg,country fellow (11)
bh,country gal (2)
bi,country gentleman (1)
bj,country girl (7)
bk,country guy (10)
bl,country heathen (1)
bm,country hick (85)
bn,country honky (1)
bo,country hoodlum (3)
bp,country hoosier (51)
bq,country hunk (3)
br,country idiot (2)
bs,country Ike (2)
bt,country jake (16)
bu,country kid (1)
bv,country man (21)
bw,country motherfucker (1)
bx,country nigger (1)
by,country Paddy (1)
bz,country peck (1)
ca,country person (58)
cb,country rat (1)
cc,country rube (1)
cd,country sager (1)
ce,country slick (1)
cf,country tramp (1)
cg,country trash (2)
ch,country wolf (1)
ci,country woman (1)
cj,country come to town (3)
ck,countryfolks (37)
cl,countryman (20)
cm,cracked (1)
cn,cracker (25)
co,crazy as a peckerwood (1)
cp,Creole (8)
cq,Creoles ass (1)
cr,dirt farmer (1)
cs,dude from the country (1)
ct,farm boy (3)
cu,farm guy (1)
cv,farmer (10)
cw,Florida Cracker (3)
cx,fogy (1)
cy,French people (2)
cz,Frenchman (3)
da,from Podunk (2)
db,from the backwoods (2)
dc,from the country (1)
dd,from the jungle (1)
de,from the piney woods (1)
df,from the sticks (3)
dg,full-blood countryman (1)
dh,Geechee (2)
di,Georgia Cracker (7)
dj,gray (1)
dk,greenback (1)
dl,greenhead (1)
dm,greenhorn (5)
dn,guegue [F] (2)
do,half nutria (2)
dp,hardhead (1)
dq,hayseed (15)
dr,hayseeded (1)
ds,hayshaker (2)
dt,heathen (2)
du,hermit (28)
dv,hick (76)
dw,hicky (1)
dx,higger (1)
dy,hill folks (2)
dz,hill people (8)
ea,hillbilly (202)
eb,hillbilly-ass fool (1)
ec,honky (1)
ed,hoo-hoo hoosier (1)
ee,hoodlum (2)
ef,hoople (1)
eg,hoosier (89)
eh,ignoramus (1)
ei,ignorant (5)
ej,ignorant country guy (1)
ek,ignorant mountaineer (1)
el,knothead (1)
em,(lives) (out) in the sticks (8)
en,loner (1)
eo,Louisiana coon (1)
ep,Mississippi red-neck (1)
eq,mountain boomer (7)
er,mountain folks (1)
es,mountain goat (1)
et,mountain hillbilly (1)
eu,mountain hoosier (32)
ev,mountain Jack (1)
ew,mountain man (2)
ex,mountain people (8)
ey,mountaineer (44)
ez,mud rat (1)
fa,mud turtle (1)
fb,muddies (1)
fc,numbskull (1)
fd,off the party line (1)
fe,old bach (1)
ff,old bachelor (1)
fg,old bum (2)
fh,old codger (1)
fi,old common hoosier (5)
fj,old contry slick (1)
fk,old country bastard (1)
fl,old country boy (11)
fm,old country bumpkin (1)
fn,old country cracker (2)
fo,old country fool (1)
fp,old country gal (1)
fq,old country guy (2)
fr,old country hick (5)
fs,old country hoosier (5)
ft,old country jake (2)
fu,old country man (1)
fv,old country slick (1)
fw,old countryfolks (1)
fx,old countryman (5)
fy,old cracker (2)
fz,old farmer (1)
ga,old fogy (1)
gb,old Geechee (1)
gc,old hick (1)
gd,old hill people (1)
ge,old hillbilly (1)
gf,old hoodooer (1)
gg,old hoosier (3)
gh,old Ku Klux (1)
gi,old mountain hoosier woman (1)
gj,old mountaineer (1)
gk,old peckerwood (1)
gl,old red peckerwood (1)
gm,old red-neck (1)
gn,old river coon (1)
go,old sager (1)
gp,old-timey cracker (2)
gq,out of the knobs (1)
gr,outlaw (1)
gs,outsider (1)
gt,pecker head (1)
gu,peckerwood (12)
gv,piney wood (1)
gw,piney woods person (1)
gx,piney-woods peckerwood (1)
gy,piney-woods rooter (2)
gz,plain-old country person (1)
ha,plowboy (1)
hb,Podunk (1)
hc,podunk (1)
hd,poor codger (1)
he,poor countryman (1)
hf,poor cracker (1)
hg,poor dunk (1)
hh,quasi-hillbilly (1)
hi,rascal (3)
hj,razorback (1)
hk,recluse (2)
hl,Red Bone (3)
hm,red-hill people (1)
hn,red-neck (79)
ho,regular mountain hoosier (1)
hp,regular peckerwood (1)
hq,resin chawer (1)
hr,resin chewer (1)
hs,Resinite (1)
ht,ridge runner (7)
hu,right out of the corn patch (1)
hv,river boomer (1)
hw,river rat (9)
hx,riverman (2)
hy,road runner (1)
hz,rogue (1)
ia,roughneck (4)
ib,rube (5)
ic,ruffian (1)
id,rural dweller (1)
ie,rural person (4)
if,rustic (2)
ig,sager (1)
ih,sandhill red-neck (1)
ii,sauvage [F] (1)
ij,scalawag (1)
ik,seed (1)
il,shinny maker (1)
im,snuff chewer (1)
in,sodbuster (2)
io,sourbone (1)
ip,Southern cracker (1)
iq,Southern Frenchmen (1)
ir,Southern hick (1)
is,squatter (1)
it,stranger (1)
iu,stump jumper (4)
iv,sucker (1)
iw,swamp angel (1)
ix,swamp nigger (2)
iy,swamp rat (3)
iz,swamp stomper (1)
ja,sweet-gum smacker (1)
jb,tarheel (1)
jc,Tennessee hillbilly (1)
jd,tickite (1)
je,tobacco chewer (1)
jf,tramp (9)
jg,uncivilize (1)
jh,valley pud (1)
ji,webfeet (1)
jj,webs between the toes (1)
jk,wetback [not Mexican] (1)
jl,white hick (1)
jm,wild people (1)
jn,wood rat (1)
jo,woodpecker (2)
jp,Yahoo (3)
jq,yokel (3)
jr,yokes (1)
