Code,Response
A,buckra (2)
B,buckra folks (1)
C,bunch of bums (1)
D,cheap (1)
E,coon neck (1)
F,country hick (1)
G,country people (1)
H,cracker (35)
I,dirty cracker (1)
J,dirty poor white person (1)
K,dirty white folks (1)
L,hick (3)
M,hillbilly (3)
N,honky (9)
O,hoodgy (1)
P,hoodlum (2)
Q,hoosier (3)
R,last class (1)
S,lazy (6)
T,lazy good-for-nothing (1)
U,lazy peckerwood (1)
V,lazy people (1)
W,low class (3)
X,low-class people (1)
Y,low-down person (1)
Z,low-down white folks (1)
aa,low grades (1)
ab,low-grade white folks (1)
ac,mean peckerwood (1)
ad,mean white person (1)
ae,misfit (1)
af,no-(ac)count people (1)
ag,no-(ac)count white folks (1)
ah,no-good folks (1)
ai,old cracker (1)
aj,old honky (1)
ak,old peckerwood (1)
al,old white pecker (1)
am,old white trash (2)
an,old Whitey (1)
ao,peck (3)
ap,pecker(3)
aq,peckerwood (41)
ar,pitiful (1)
as,poor (5)
at,poor buckra (1)
au,poor class (of people) (3)
av,poor-class white people (1)
aw,poor cracker (4)
ax,poor fellow (1)
ay,poor honky (1)
az,poor hoosier (3)
ba,poor man (1)
bb,poor peck (4)
bc,poor pecker (1)
bd,poor peckerwood (1)
be,poor people (5)
bf,poor trash (14)
bg,poor white (14)
bh,poor white cracker (1)
bi,poor white folks (7)
bj,poor white man (3)
bk,poor white people (11)
bl,poor white trash (59)
bm,poor-class white people (1)
bn,puds (1)
bo,razorback (1)
bp,red-neck (29)
bq,red-neck cracker (1)
br,resin chawer (1)
bs,resin chewer (1)
bt,rogue (2)
bu,roughneck (1)
bv,sager (3)
bw,sapsucker (1)
bx,shiftless (1)
by,shit kicker (1)
bz,slummy person (1)
ca,sorry (5)
cb,sorry class of white peoples (1)
cc,sorry no-good (1)
cd,sorry trash (1)
ce,sorry white (1)
cf,sorry white trash (1)
cg,Southern cracker (1)
ch,trash (32)
ci,trashy (1)
cj,"trashy no-good, a  (1)"
ck,trashy person/people (3)
cl,trashy white folks (1)
cm,trifling (2)
cn,underprivilege white (1)
co,white cracker (1)
cp,white folks (1)
cq,white motherfuckers (1)
cr,white trash (71)
cs,Whitey (5)
ct,woodpecker (1)
cu,yellow (1)
cv,yellowbelly (1)
cw,yokel (1)
