Code,Response
A,(a)dulterated up (1)
B,Afro-Cuban white (1)
C,alabaster (1)
D,albino (7)
E,bastard (9)
F,bastard nigger (1)
G,biracial (5)
H,black [sic] (1)
I,blond niggers (1)
J,blue-eyed nigger (1)
K,breed (1)
L,bright [adj.] (20)
M,"bright, a (1)"
N,bright girl (1)
O,bright man (2)
P,bright people (1)
Q,bright-skinned (1)
R,brighter (1)
S,brown (2)
T,brown baby (1)
U,brown skin (1)
V,brown-skin nigger (1)
W,cafe au lait (1)
X,Cajun (19)
Y,Cajun folks (1)
Z,Cajun people (2)
aa,chinch [Cajun+French?] (1)
ab,chocolates (1)
ac,colored (2)
ad,coon (4)
ae,coonass (9)
af,coony (9)
ag,cream in the coffee (1)
ah,Creole (22)
ai,Creole man (2)
aj,Creole people (3)
ak,cross (2)
al,crossbreed (3)
am,crossed between (two races) (1)
an,cuarteron [S] (1)
ao,dead nigger in the woodpile (1)
ap,duke's mixture (1)
aq,"ethnic, a (1)"
ar,fay [=light-skinned female] (1)
as,free jack (10)
at,French (1)
au,French Creole (1)
av,Frenchman (3)
aw,Geech(ee) nigger (1)
ax,"generation gap, a (1)"
ay,ginger cake (2)
az,ginger-cake color (3)
ba,ginger-cake nigger (1)
bb,got nigger blood (1)
bc,griffe (2)
bd,gypsy (1)
be,half (1)
bf,half-and-half (8)
bg,half black (3)
bh,half black and half white (1)
bi,half-black kid (1)
bj,half-breed (88)
bk,half colored and half white (1)
bl,half nigger [adj.] (3)
bm,"half nigger, a (2)"
bn,half nigger and half white (2)
bo,half nigger [J-O] half white (1)
bp,half white (16)
bq,half white and half nigger (1)
br,half-white child (2)
bs,half-white Negro (1)
bt,half-white nigger (2)
bu,half white [J-O] half black (1)
bv,(her)maphrodite [red hair] (1)
bw,high brown (3)
bx,high yellow (60)
by,high-yellow girls (1)
bz,half-yellow so-and-so (1)
ca,illegitimate child (1)
cb,integrated (1)
cc,interbreed (1)
cd,interrace[N-i] (1)
ce,interracial (1)
cf,"intermarriage, an [sic] (1)"
cg,kind of yellow (1)
ch,kind of yellow-like skin (1)
ci,light (1)
cj,light-colored (1)
ck,light-colored Negro (1)
cl,light nigger (1)
cm,light-skin darky (1)
cn,light-skinned (2)
co,light-skinned Negro (2)
cp,Louisiana Cajun (1)
cq,malabaster [=mulatto+alabaster?] (1)
cr,Maroon [=mulatto+octoroon?] (1)
cs,mellow yellow (1)
ct,Melungeons (2)
cu,"mix, a (3)"
cv,mix-blooded (1)
cw,mix breed (41)
cx,mix-breeded (1)
cy,mix child/children (4)
cz,mix colored (1)
da,mix colors (1)
db,mix folks (1)
dc,mix man (1)
dd,mix-marriage baby (1)
de,mix people (1)
df,mix race (7)
dg,mixblood (6)
dh,mixed (adj) (37)
di,"mixed, a (3)"
dj,mixed blood (10)
dk,mixed-blooded (3)
dl,mixed breed (23)
dm,mixed child (1)
dn,mixed nigger (1)
do,mixed race (6)
dp,mixed tumor [sic] (1)
dq,mixed-up child (4)
dr,mixed-up people (1)
ds,mixed-up race (3)
dt,mixture (3)
du,Mongol (1)
dv,mongrel (1)
dw,mulateral [=mulatto+lateral] (1)
dx,"mulatre, le [F] (2)"
dy,mulato [S] (1)
dz,(mu)latto (2)
ea,mulatto (235)
eb,mulatto folks (1)
ec,mulatto man (1)
ed,mulatto Negro (2)
ee,mulatto nigger (5)
ef,mulatto race (1)
eg,mulatto woman (1)
eh,mulattress (1)
ei,mule (1)
ej,Negro (2)
ek,nigger (3)
el,nigger in the woodpile (4)
em,no nation (1)
en,octoroon (28)
eo,of mixed blood (1)
ep,old red nigger (1)
eq,Oreo (2)
er,paper-sack brown (1)
es,"partly colored, partly Negro (1)"
et,passovers (1)
eu,pure half-breed (1)
ev,quadroon (24)
ew,quarter black (1)
ex,quarter breeds (2)
ey,quarteroon (1)
ez,real bright (2)
fa,Red Bone [white/black/Indian] (6)
fb,Scuffletoni(an) (1)
fc,stray one (1)
fd,three-quarter breeds (1)
fe,white (1)
ff,white nigger (4)
fg,white-skinned (1)
fh,woods colt (1)
fi,wrong cat on that line (1)
fj,yellow [adj.] (5)
fk,"yellow, a (3)"
fl,yellow mulatto (1)
fm,yellow Negro (3)
fn,yellow nigger (11)
fo,yellow person (2)
fp,yellow race (1)
fq,yellowish (1)
fr,zebra (2)
