Code,Response
A,ass (1)
B,back of the leg (8)
C,back of the thigh (6)
D,backside (2)
E,behind (1)
F,benders (1)
G,biceps (=buttocks) (1)
H,bongers (1)
I,bottom (3)
J,butt (11)
K,buttocks (7)
L,calf (of the leg) (33)
M,chamorra (=thighs) [S] (1)
N,dewclaws (1)
O,fanny (6)
P,feet (3)
Q,flank (2)
R,fleshy part of the leg (1)
S,ham (6)
T,hanger (1)
U,haunchers (1)
V,haunches (222)
W,heel(s) (10)
X,hind legs (of a person) (2)
Y,hind part of the leg (1)
Z,hips (27)
aa,honkies (1)
ab,horses (=haunches) (1)
ac,hunkers (173)
ad,hunks (2)
ae,legs (7)
af,muscle of the leg (2)
ag,pones (=buttocks) (1)
ah,posterier (1)
ai,rear (3)
aj,rear end (4)
ak,rump (6)
al,seat (2)
am,setter (1)
an,squatter (1)
ao,thigh(s) (142)
