Code,Response
A,ailing (3)
B,anemic (2)
C,awful (1)
D,bad (103)
E,badly (1)
F,bad off (1)
G,beat out (1)
H,cagou [F] (1)
I,colorless (1)
J,creepy (1)
K,cupid (1)
L,debilitated (1)
M,down (1)
N,down in the dumps (2)
O,down in the mouth (1)
P,down in the weathers (1)
Q,down-and-out (3)
R,drawn (3)
S,dreary (1)
T,drooped up (1)
U,droopy (2)
V,drowsy and no-good (1)
W,emaciated (2)
X,feeble (11)
Y,frail (8)
Z,gaunt (3)
aa,green around the gills (1)
ab,haggard (1)
ac,hallowed (1)
ad,ill (21)
ae,in low cotton (1)
af,jaggedy (1)
ag,like a walking corpse (1)
ah,listless (2)
ai,miserable well (1)
aj,not up to par (3)
ak,not up to snuff (1)
al,not well (2)
am,off (1)
an,old and stiff (1)
ao,out of it (1)
ap,ornery (1)
aq,pale (204)
ar,pale-looking (1)
as,palish (1)
at,pallid (4)
au,peak (4)
av,peaked (342)
aw,peakedy (2)
ax,peaked-like (1)
ay,peaky (1)
az,peakish (6)
ba,pepid (1)
bb,pert (1)
bc,picky (1)
bd,pink (2)
be,pinked around the gills (1)
bf,pinky (1)
bg,pitiful (2)
bh,poor (10)
bi,poorly (25)
bj,puny (176)
bk,"puny, puny (1)"
bl,queasy (1)
bm,rough (2)
bn,run-down (1)
bo,sallow (2)
bp,sallow-looking (2)
bq,scrawngy (1)
br,scrawny (2)
bs,shabby (1)
bt,shaky (4)
bu,shitty-looking (1)
bv,sick (47)
bw,sickly (59)
bx,sickly-looking (2)
by,skinny (1)
bz,sorry-looking (1)
ca,spindly (1)
cb,stupid (2)
cc,swarthy (3)
cd,tallow (1)
ce,tepid (1)
cf,terrible (1)
cg,thin (11)
ch,timid (1)
ci,tired (4)
cj,tough (2)
ck,under the cover (1)
cl,under the weather (17)
cm,wan (4)
cn,weak (103)
co,weakened (1)
cp,weaker (1)
cq,weakly (6)
cr,weary (1)
cs,weaselly (1)
ct,white (1)
cu,whitish (1)
cv,wobbly (1)
cw,worn out (1)
cx,worried (2)
cy,worser (1)
cz,yellow (1)
