Code,Response
A,able (2)
B,able-bodied (2)
C,athletic (5)
D,big (25)
E,big-old (2)
F,bowed up (1)
G,brawny (5)
H,broad (1)
I,built (5)
J,built-up (2)
K,bulky (1)
L,bully (1)
M,cut up (1)
N,developed (1)
O,dumpy (1)
P,fat (9)
Q,fine (3)
R,fit (1)
S,great big (1)
T,hale (2)
U,hale and hardy (4)
V,hardy (6)
W,heavy (8)
X,heavy-built (2)
Y,heavyset (5)
Z,heavysot (1)
aa,hefty (12)
ab,huge (1)
ac,husky (89)
ad,husky-built (1)
ae,husky-looking (1)
af,in fine fettle (1)
ag,in good shape (1)
ah,large (3)
ai,large-sized (1)
aj,lot of bulk (1)
ak,masculine (4)
al,much of a man (6)
am,muscle-built (1)
an,muscled (1)
ao,muscled up (3)
ap,muscular (4)
aq,physically fit (2)
ar,pink like a prizefighter (1)
as,plenty of oompower (1)
at,powerful (7)
au,powerful built (1)
av,right smart of a man (1)
aw,robust (49)
ax,robusty (1)
ay,solid (2)
az,stocky (16)
ba,stocky-built (1)
bb,stout (324)
bc,stout-built (1)
bd,stout-looking (2)
be,strapping (2)
bf,strong (642)
bg,strong-looking (1)
bh,strongly (1)
bi,sturdy (2)
bj,tough (1)
bk,vigorous (1)
bl,virile (1)
bm,well-built (8)
