Code,Response
A,admirable (2)
B,affable (4)
C,agile (1)
D,agreeable (20)
E,amenable (1)
F,amiable (7)
G,animated (1)
H,average (1)
I,beautiful (1)
J,best-natured (1)
K,bright (1)
L,calm (11)
M,caring (1)
N,charming (1)
O,cheerful (17)
P,chickenhearted (1)
Q,chipper (1)
R,clever (2)
S,compatible (4)
T,congenial (26)
U,considerate (1)
V,contented (1)
W,cool (5)
X,cooperative (4)
Y,cordial (3)
Z,courteous (3)
aa,delightful (1)
ab,easy (3)
ac,easy to agree with (1)
ad,easy to get along with (25)
ae,easy-tempered (9)
af,easygoing (86)
ag,even (1)
ah,even-dispositioned (1)
ai,even-keeled (1)
aj,even-tempered (13)
ak,fine (6)
al,friendly (94)
am,friendly-natured (1)
an,full of life (1)
ao,gay (2)
ap,genial (1)
aq,genteel (1)
ar,gentle (16)
as,good (29)
at,good-dispositioned (1)
au,good-hearted (2)
av,good-humored (4)
aw,good-natured (181)
ax,good-tempered (5)
ay,good to get along with (3)
az,gracious (1)
ba,hail fellow well met (1)
bb,happy (43)
bc,happy dispositione(d (1)
bd,happy-go-lucky (14)
be,harmonious (1)
bf,helpful (1)
bg,humble (2)
bh,humorous (1)
bi,(in) good humor (5)
bj,in jolly foot (1)
bk,jokal (1)
bl,jolly (36)
bm,jolly good (3)
bn,jolly good-natured (1)
bo,jovial (8)
bp,joyful (1)
bq,kind (34)
br,kindhearted (3)
bs,level-headed (1)
bt,lighthearted (1)
bu,likable (15)
bv,likely (1)
bw,lively (1)
bx,lovely (4)
by,meek (2)
bz,merry (1)
ca,mild-mannered (6)
cb,mild-tempered (5)
cc,nice (54)
cd,not hard to get along with (1)
ce,of a good nature (1)
cf,optimistic (1)
cg,outgoing (2)
ch,patient (4)
ci,peaceful (1)
cj,pleasant (116)
ck,pleasing (2)
cl,polite (4)
cm,popular (1)
cn,quiet (1)
co,quiet-tempered (1)
cp,reasonable (1)
cq,smooth (1)
cr,smooth-tempered (8)
cs,sociable (6)
ct,sweet (10)
cu,temperamental (=level-headed/calm) (1)
cv,tenderhearted (1)
cw,too good a natured (1)
cx,well thought of (1)
cy,well-tempered (1)
cz,well-turned (1)
da,with a good turn (1)
db,wonderful (1)
