Code,Response
A,baboso [S] (1)
B,bad boy (1)
C,blunderbuss (1)
D,braque [F] (1)
E,bumbler (2)
F,bungler (1)
G,clown (1)
H,complete ass (1)
I,crack (1)
J,crackbrain (1)
K,crank (1)
L,crazy boy (1)
M,crazy guy (2)
N,crazy person (1)
O,cuckoo (2)
P,cutup (1)
Q,dimwit (2)
R,dodo (1)
S,doofus (2)
T,dope (4)
U,dud (1)
V,dumb ass (2)
W,dumb bunny (2)
X,dumb Dora (1)
Y,dumb ox (1)
Z,dumb person (1)
aa,dumb-dumb (1)
ab,dumbbell (6)
ac,dumb fool (2)
ad,dumbhead (2)
ae,Dumbo (1)
af,dummox (1)
ag,dummy (40)
ah,dunce (6)
ai,fathead (1)
aj,flake (1)
ak,fogy (1)
al,fool (429)
am,fool man (1)
an,freak (2)
ao,fumbler (1)
ap,goof (5)
aq,goof-up (1)
ar,gooney (1)
as,goose (1)
at,ham skin (1)
au,hardhead (1)
av,idiot (106)
aw,ignoramus (2)
ax,imbecile (4)
ay,jackass (3)
az,jerk (2)
ba,jinx (1)
bb,klutz (3)
bc,knothead (1)
bd,knucklehead (3)
be,kook (3)
bf,loco bobo [S] (1)
bg,loony [n.] (1)
bh,loose screw (1)
bi,lunatic (3)
bj,maniac (3)
bk,misfit (1)
bl,monkey (1)
bm,moron (3)
bn,mutt (1)
bo,nerd (2)
bp,nincompoop (1)
bq,nitwit (4)
br,nuisance (1)
bs,numb [n.] (1)
bt,numbskull (4)
bu,nut (70)
bv,nut head (1)
bw,pain in the neck (1)
bx,pendejo [S] (3)
by,pest (2)
bz,pill (1)
ca,pumpkin head (1)
cb,sap (1)
cc,scatterbrain (3)
cd,schmuck (1)
ce,screw-up (1)
cf,screwball (1)
cg,silly [n.] (1)
ch,simp (1)
ci,simpleton (3)
cj,space cadet (1)
ck,stumblebum
cl,stupe (3)
cm,stupid fellow (1)
cn,tomfool (1)
co,turkey (1)
cp,weirdball (1)
cq,weirdo (4)
cr,witch (1)
cs,zafado [S] (1)
ct,zip fool (1)
