Code,Response
A,a-gangling (1)
B,a-gawking (1)
C,accident-prone (1)
D,all arms (1)
E,all arms and legs (1)
F,all legs (1)
G,all thumbs (3)
H,awkward (185)
I,awkward as a ox (1)
J,awkwards (1)
K,awkward-like (1)
L,awkward-looking (2)
M,bad (1)
N,bad boy [n.] (2)
O,big fumbler [n.] (1)
P,big scoundrel [n.] (1)
Q,big-old gosling [n.] (1)
R,blind mule in a rail pile [n.] (1)
S,blunderbuss [n.] (1)
T,blundering (around) (2)
U,boisterous (1)
V,bull in a china shop [n.] (1)
W,bumble-fisted (1)
X,bumblefooted (1)
Y,bumbling (1)
Z,bungler [n.] (1)
aa,butterfingers (2)
ab,careless (6)
ac,clumsy (441)
ad,clumsy and awkward (1)
ae,clumsy and helpless (1)
af,clumsy as a ox (1)
ag,Clumsy Claude [n.] (1)
ah,clumsy foot [n.] (1)
ai,clumsy ox [n.] (1)
aj,clumsy rascal [n.] (1)
ak,coltish (1)
al,couple doub(le) long (1)
am,cumbersome (1)
an,devilish kind of fellow [n.] (1)
ao,dupey [sic] (1)
ap,dumb (4)
aq,dummy [n.] (1)
ar,"emplatre, un [F] [n.] (1)"
as,feeble (1)
at,fidgety (1)
au,flimsy (1)
av,flustrated (1)
aw,fumble-fisted (2)
ax,fumbler [n.] (1)
ay,fumblified (1)
az,fumbling (1)
ba,fumbly (1)
bb,gaga [n.] (1)
bc,gangling (19)
bd,gangling [n.] (1)
be,gangly (32)
bf,gawky (58)
bg,"giant [=big, awkward man] [n.] (1)"
bh,goofball [n.] (1)
bi,goofy (1)
bj,growed up like a bad weed (1)
bk,grown up like a bean pole (1)
bl,headlonging (1)
bm,horse-limb(ed) (1)
bn,ignorant (3)
bo,klutz [n.] (5)
bp,klutzy (2)
bq,lanky (28)
br,lean and lanky (1)
bs,left-legged (1)
bt,leggy (1)
bu,long and skinny (1)
bv,long-arm(ed) (1)
bw,long-legged (3)
bx,loose-jointed (1)
by,lopsided (1)
bz,mischievous (1)
ca,muddler [n.] (1)
cb,must have but(ter) in his hand (1)
cc,nervous (4)
cd,not very coordinated (1)
ce,oafish (1)
cf,octopus [n.] (1)
cg,out of fashion (1)
ch,outgrow his strength (1)
ci,outgrown himself (1)
cj,overgrown (5)
ck,pear-toed (1)
cl,pitiful (1)
cm,pole [n.] (1)
cn,"Ralph, a [n.] (1)"
co,rambunctious (3)
cp,rangy (1)
cq,rawbony (1)
cr,reckless (1)
cs,rough [=clumsy] (5)
ct,rowdy (1)
cu,rude [=clumsy] (1)
cv,scrawny (1)
cw,skinny (6)
cx,skinny and awkward (1)
cy,slender (1)
cz,slouchy (2)
da,sluggish (2)
db,spastic [n.] [facetious] (1)
dc,spider [n.] (1)
dd,spider legs [n.] (1)
de,staggery (1)
df,straggly (1)
dg,string bean [n.] (1)
dh,stringy (1)
di,stumble (1)
dj,stumblebum [n.] (1)
dk,stumbling (2)
dl,stumbly (3)
dm,stupid (5)
dn,"tall, lean, and lanky (1)"
do,tall and gangling (1)
dp,tall and linky (1)
dq,thumble-fisted (1)
dr,two left feet (1)
ds,unbalanced (1)
dt,uncoordinated (7)
du,weak-kneed (1)
dv,wild (1)
