Code,Response
A,acorn head (1)
B,adamant (2)
C,argumentry (1)
D,arrogant (1)
E,awful (1)
F,bad (1)
G,balky (1)
H,belligerent (2)
I,bigheaded (3)
J,blockheaded (2)
K,boisterous (1)
L,bold (1)
M,boneheaded (1)
N,bossy (3)
O,brash (1)
P,bullhead (1)
Q,bullheaded (140)
R,bumptious (1)
S,butt-headed (4)
T,cantankerous (3)
U,close-minded (5)
V,closed (1)
W,cocksure (1)
X,cocky (1)
Y,conceited (4)
Z,contentious (1)
aa,contarious (1)
ab,contrary (32)
ac,crabby (2)
ad,cranky (7)
ae,crazy (8)
af,curious (1)
ag,dead set (4)
ah,determine (1)
ai,determined (9)
aj,difficult (1)
ak,disagreeable (1)
al,doggy bullheaded (1)
am,dogmatic (4)
an,domineering (1)
ao,dullheaded (1)
ap,dumb (3)
aq,dumbheaded (1)
ar,dummy (2)
as,easy (4)
at,eccentric (1)
au,egotistical (1)
av,finicky (1)
aw,firm (1)
ax,fixed (1)
ay,fool (1)
az,foolish (4)
ba,funny (1)
bb,fussy (1)
bc,goat-headed (2)
bd,grouchy (3)
be,hard head (2)
bf,hard to change (1)
bg,hard to understand (1)
bh,hard-boil (1)
bi,hard-nose (2)
bj,hard-nosed (1)
bk,hard-shell (1)
bl,hardhead (9)
bm,hardheaded (171)
bn,hardheaded as a mule (1)
bo,hardheaded as a rock (1)
bp,hardheaded as mischief (1)
bq,hardhearted (1)
br,hateful (1)
bs,head-set (2)
bt,headlong (5)
bu,headstrong (18)
bv,hen-house ways (1)
bw,high-minded (1)
bx,high-strung (1)
by,high-tempered (1)
bz,hotheaded (2)
ca,humblish (1)
cb,ignorant (3)
cc,independent (1)
cd,infidel (1)
ce,ironheaded (1)
cf,ivory (1)
cg,jackal-headed (1)
ch,knotheaded (1)
ci,know-it-all (1)
cj,knucklehead (1)
ck,loner (1)
cl,long head (1)
cm,longheaded (1)
cn,loud (1)
co,low-down (1)
cp,mean (10)
cq,mind of his own (1)
cr,mulehead (1)
cs,muleheaded (49)
ct,muleheadedy (1)
cu,muley (1)
cv,muleyheaded (1)
cw,mulish (1)
cx,narrow-minded (2)
cy,nasty (2)
cz,no sense (1)
da,nubbin head (1)
db,obnoxious (3)
dc,obstinate (26)
dd,obstreperous (2)
de,old maid (1)
df,old-fashioned (1)
dg,old-timey (1)
dh,one-minded (1)
di,one-track mind (5)
dj,one-way (3)
dk,opinionated (4)
dl,optimistic [sic] (1)
dm,ornery (21)
dn,particular (3)
do,peckerwood (1)
dp,peculiar (2)
dq,persistent (2)
dr,pig head (1)
ds,pigheaded (18)
dt,pompous (1)
du,positive (3)
dv,queer [=obstinate] (5)
dw,quick (1)
dx,rebellious (1)
dy,recalcitrant (1)
dz,sarcastic (1)
ea,self-assured (1)
eb,self-centered (1)
ec,self-conceited (1)
ed,self-determined (1)
ee,selfish (3)
ef,set (15)
eg,set in his ways (120)
eh,set-willed (1)
ei,silly (4)
ej,smart (2)
ek,sot (2)
el,sot in his head (1)
em,sot in his mind (1)
en,sot in his ways (6)
eo,sourpuss (1)
ep,staunch (3)
eq,steadfast (2)
er,stick-in-the-mud (1)
es,stiff (1)
et,stiff-necked (1)
eu,straitlaced (2)
ev,strong (1)
ew,strong-minded (5)
ex,strong-will (1)
ey,strong-willed (6)
ez,strong-willed as a mule (1)
fa,strongheaded (4)
fb,stubborn (379)
fc,stubborn as a bluenose mule (1)
fd,stubborn as a donkey (1)
fe,stubborn as a Missouri mule (1)
ff,stubborn as a mule (7)
fg,stubborn as an ox (1)
fh,stubborn as hell (1)
fi,stubborn-headed (1)
fj,stubborn-minded (1)
fk,stuck in his ways (4)
fl,stuck-up (1)
fm,stupid (13)
fn,sure of yourself (4)
fo,thick skull (1)
fp,thickheaded (2)
fq,unyielding (2)
fr,warp-minded (1)
fs,well-made-up mind (1)
