Code,Response
A,absentminded (2)
B,addlebrained (1)
C,addled (1)
D,ain't/not (quite) all there (5)
E,ain't real (1)
F,ain't screwed up tight (1)
G,ain't tight (1)
H,backwoodsman (1)
I,backwoodsy [adv.] (1)
J,balmy (1)
K,barmy (1)
L,bashful (1)
M,batty (2)
N,beside herself (1)
O,bizarre (2)
P,bread ain't done (2)
Q,childish (2)
R,contrary (3)
S,cracked (1)
T,cracked up (1)
U,cracking up (1)
V,cranky (=strange/peculiar) (8)
W,crazy (132)
X,crazy in her old age (1)
Y,crazy-like (2)
Z,cuckoo (4)
aa,curious (22)
ab,different (9)
ac,doesn't have all his marbles (1)
ad,don't act right (2)
ae,don't percolate right (1)
af,dressed slouchy [wearing funny-
ag,dubious (1)
ah,dumb (7)                                 looking clothes] (1)
ai,dummy [n.] (1)
aj,eccentric (16)
ak,fag [n.] (3)
al,fairy [n.] (3)
am,far-out (1)
an,feeble (1)
ao,feeblemind (1)
ap,flaky (1)
aq,flighty (1)
ar,foggy (2)
as,foolish (29)
at,freak [n.] (1)
au,freaky (1)
av,frizzy (1)
aw,fruit [n.] (1)
ax,fruity (1)
ay,funny (133)
az,funny boy (1)
ba,funny-acting (1)
bb,funny-looking [clothes] (2)
bc,gay (=homosexual) [adj.] (12)
bd,gays [n.] (1)
be,goofball [n.] (1)
bf,goofy (31)
bg,got odd ways (1)
bh,gripy (1)
bi,hermit [n.] (2)
bj,homo [n.] (1)
bk,homosexual [n.] (18)
bl,homosexuality (1)
bm,hot in the pants (=homosexual) (1)
bn,indifferent (1)
bo,insane (1)
bp,irrational (1)
bq,joto [S] (=homosexual) (2)
br,kind of curious (2)
bs,kind/sort of funny (6)
bt,kind of/kindly off (7)
bu,kind of old (1)
bv,kind of queer (8)
bw,kooky (1)
bx,lacking some of her marbles (1)
by,lacks something (1)
bz,lame-brained (1)
ca,leery (1)
cb,left-hander (=different) (1)
cc,Lesbian (3)
cd,like an imbecile (1)
ce,little shaky (=homosexual) (1)
cf,looks odd [of one in funny-
cg,loony (5)
ch,losing her marbles (1)
ci,mentally (=crazy) (1)
cj,mindless (3)
ck,mixed-up in the head (2)
cl,moody (2)
cm,nervous (1)
cn,neurotic (1)
co,not all there (1)
cp,not bright (1)
cq,not (just) right (2)
cr,not together (1)
cs,nut [n.] (1)
ct,nuts (2)
cu,nutty (20)
cv,odd (70)
cw,odd person (1)
cx,odd-acting (1)
cy,oddball [n.] (9)
cz,off (51)
da,off a little/
db,off balance (1)
dc,off her/his/the/their
dd,off in their brains (1)
de,off the course (1)
df,offbeat (2)
dg,old fogy [adv.] (1)
dh,old-fashion (1)
di,on the dumb side (1)
dj,on the off side (1)
dk,on the queer side (1)
dl,out (of) the way (1)
dm,pansy [n.] (1)
dn,peculiar (90)
do,peculiar nut (1)
dp,pervert [n.] (1)
dq,plumb queer (1)
dr,puto [S] (=male harlot) (2)
ds,quaint (1)
dt,queer (568)
du,queer mind (1)
dv,queer money (1)
dw,queer person (12)
dx,queer duck (3)
dy,queer in the head (3)
dz,queer to blind (=odd to point
ea,queer ways (6)
eb,queer-acting (4)
ec,queer-like (1)
ed,queer-looking (1)
ee,queer-thinking (1)
ef,queer-turned (1)
eg,queerish (2)
eh,queery (2)
ei,quiet (1)
ej,retarded (1)
ek,right queer (1)
el,"screw loose, a (1)"
em,screwball (1)
en,screwy (2)
eo,senile (11)
ep,set in his/their ways (2)
eq,sickly (1)
er,silly (44)
es,silly-like (1)
et,simple (2)
eu,slowful (=peculiar) (1)
ev,snobby (1)
ew,so-called fellow (=homosexual) (1)
ex,spacy (2)
ey,spastic (1)
ez,spooky (3)
fa,squirrelly (1)
fb,standoffish (1)
fc,strange (113)
fd,strange-acting (1)
fe,strange-looking thing (1)
ff,stuck-up (1)
fg,stupid (15)
fh,superstitious (1)
fi,tacky [of funny-looking clothes] (3)
fj,tooky (1)
fk,tooky-acting (1)
fl,touched (6)
fm,touched in the head (3)
fn,unaware (1)
fo,unbalanced (1)
fp,uncanny (1)
fq,unfamiliar (=different) (1)
fr,unusual (7)
fs,wacky-wacky (1)
ft,weird (85)
fu,wierd old people (1)
fv,weirdo [n.] (4)
fw,worried (1)
fx,zany (1)
fy,queer (=antisocial/recluse) (9)
fz,queer (=counterfeit) [adj.] (1)
ga,queer (=crazy/mentally off) (18)
gb,queer (=curious) (8)
gc,queer (=different) (49)
gd,queer (=eccentric) (17)
ge,queer (=foolish) (4)
gf,queer (=forgetful) (1)
gg,queer (=funny) (22)
gh,queer (=homosexual) [n.] (74)
gi,queer (=homosexual) [adj.] (174)
gj,queer (=not bright) (2)
gk,queer (=old-fashioned) (2)
gl,queer (=of old maid/bachelor) (1)
gm,queer (=a little off) (24)
gn,queer (=obstinate) (1)
go,queer (=opinionated) (1)
gp,queer (=out of the ordinary) (2)
gq,queer (=peculiar/odd) (125)
gr,queer (=quaint/odd) (2)
gs,queer (=shy) (1)
gt,queer (=quiet/not talkative) (2)
gu,queer (=senile) (11)
gv,queer (=silly) (2)
gw,queer (=strange) (65)
gx,queer (=unfriendly) (1)
gy,queer (=unusual) (11)
gz,queer (=nervous) (1)
ha,queer (=short-tempered) (1)
hb,queer (=worried) (2)
