Code,Response
A,able (2)
B,active (294)
C,agile (30)
D,alert (25)
E,amazing (1)
F,ambitious (1)
G,apt (1)
H,bright (2)
I,brisk (1)
J,busy (2)
K,busy as a beaver (1)
L,busy as a bee (1)
M,capable (3)
N,chipper (12)
O,chippy (2)
P,clever (1)
Q,competent (1)
R,conscious (1)
S,energetic (30)
T,feisty (11)
U,fine (2)
V,fit (3)
W,fresh (5)
X,frisky (17)
Y,full of energy (3)
Z,full of life (7)
aa,full of pep (7)
ab,full of pep and energy (1)
ac,full of spirit (2)
ad,full of vinegar (2)
ae,funny (1)
af,game (2)
ag,glib (11)
ah,good (9)
ai,graceful (1)
aj,hale (1)
ak,hale and hardy (1)
al,handy (1)
am,hardy (1)
an,healthy (15)
ao,healthy as a buck (1)
ap,in control (1)
aq,in good shape (2)
ar,independent (2)
as,jolly (1)
at,liberal (1)
au,limber (6)
av,lively (79)
aw,manly (1)
ax,mobile (1)
ay,movable (1)
az,nervy (1)
ba,nimble (1)
bb,outgoing (3)
bc,peppy (33)
bd,perky (5)
be,pert (44)
bf,pertly (1)
bg,perty (1)
bh,prissy (2)
bi,proud (1)
bj,quick (5)
bk,radiant (1)
bl,ready (1)
bm,robust (1)
bn,self-sufficient (2)
bo,sharp as a brier (1)
bp,sharp as a tack (1)
bq,smart (9)
br,spirited (1)
bs,sprightly (2)
bt,sprucy (4)
bu,spry (348)
bv,spry as a chicken (1)
bw,spry as a cricket (3)
bx,spunky (4)
by,steady (1)
bz,stout (4)
ca,strong (20)
cb,strong-looking (1)
cc,sturdy (1)
cd,suitable (1)
ce,super (4)
cf,supple (6)
cg,swift (2)
ch,thrifty (1)
ci,tireless (1)
cj,tough (1)
ck,unusual (4)
cl,up and at them (1)
cm,vigorous (2)
cn,virile (2)
co,vivacious (2)
cp,well (4)
cq,well-blessed (1)
cr,well-preserved (9)
cs,well-kept (1)
ct,wide awake (1)
cu,young (27)
cv,young at heart (2)
cw,young-looking (7)
cx,youthful (5)
