Code,Response
A,all in (9)
B,all out (2)
C,all to pieces (1)
D,beat (18)
E,beat down (1)
F,beat out (1)
G,beat to a pulp (1)
H,bone tired (2)
I,broke down (5)
J,burnt out (3)
K,bushed (18)
L,dead (5)
M,dead tired (1)
N,dog tired (5)
O,down-and-out (1)
P,drained (1)
Q,exasperated (=exhausted) (2)
R,exhausted (102)
S,fagged (3)
T,fagged out (11)
U,fatigue [F] (1)
V,fatigued (18)
W,frazzled (1)
X,frazzled out (1)
Y,fried out (1)
Z,gave/give(n) out (74)
aa,give slam out (1)
ab,jaded (1)
ac,jaded out (1)
ad,just out (1)
ae,knocked out (2)
af,out (1)
ag,petered out (5)
ah,played out (6)
ai,poofed (1)
aj,pooped (60)
ak,pooped out (13)
al,puckered (1)
am,pumped out (1)
an,punked out (1)
ao,ready to fall out (1)
ap,rest-broken (1)
aq,retired (2)
ar,run-down (7)
as,sluggish (1)
at,slumped (1)
au,spent (1)
av,stove up (1)
aw,tired (734)
ax,tired out (19)
ay,tucked out (1)
az,tuckered (1)
ba,tuckered out (21)
bb,used up (1)
bc,washed out (1)
bd,wasted (2)
be,weak (1)
bf,wearied (1)
bg,weary (21)
bh,whipped (8)
bi,wiped out (1)
bj,wore/worn out (18)
bk,worked down (2)
bl,worry (=weary) (1)
