Code,Response
A,aggressive (2)
B,anger (=angry) (1)
C,bad (1)
D,bad-tempered (1)
E,cantankerous (3)
F,childish (1)
G,contrary (1)
H,crabbish (1)
I,crabby (4)
J,cranky (6)
K,crazy (5)
L,crochety (1)
M,cross (5)
N,crutchous (1)
O,curious (5)
P,difficult (1)
Q,disagreeable (6)
R,disturbed (1)
S,easi(ly) offended (4)
T,easily provoked (1)
U,easily upset (1)
V,easy irritated (1)
W,easy made mad (1)
X,easy to fly off the handle (1)
Y,easy to get mad (6)
Z,easy to get upset (2)
aa,easy to lose his temper (2)
ab,easy to make mad (3)
ac,easy (to) touch (2)
ad,edgy (5)
ae,fanatic (1)
af,feisty (9)
ag,fiery (4)
ah,fighty (1)
ai,finicky (2)
aj,foolish (1)
ak,fractious (28)
al,fretful (6)
am,fretted (1)
an,funny (3)
ao,goofy (1)
ap,grouchy (8)
aq,grumpy (1)
ar,hard to get along with (6)
as,hard to handle (1)
at,hardheaded (2)
au,harebrained (1)
av,headstrong (1)
aw,high nervous (1)
ax,high-headed (2)
ay,high-minded (1)
az,high-strung (23)
ba,high-temper(ed) (103)
bb,horsey (1)
bc,hostile (1)
bd,hot (1)
be,hot-tempered (13)
bf,hotheaded (26)
bg,humorless (1)
bh,ignorant (1)
bi,ill (2)
bj,ill-disposed (1)
bk,ill-natured (1)
bl,ill-tempered (9)
bm,immature (1)
bn,impatient (2)
bo,independent (1)
bp,irritable (16)
bq,irritated (1)
br,jump(y) (3)
bs,leery (2)
bt,low-down (1)
bu,mean (15)
bv,moody (3)
bw,nar(row)-minded (2)
bx,nervous (13)
by,nettly (1)
bz,obnoxious (1)
ca,on edge (1)
cb,on offsides (1)
cc,ornery (1)
cd,out of line (1)
ce,oversensitive (1)
cf,paranoid (1)
cg,particular (2)
ch,peculiar (3)
ci,pissy (1)
cj,possessed (1)
ck,prickly (1)
cl,puckered mouth (1)
cm,put out (1)
cn,queer (5)
co,quick (1)
cp,quick on the draw (1)
cq,quick to get mad (3)
cr,quick to get upsetted over nothing (1)
cs,quick to shoot off (1)
ct,quick-temper(ed) (50)
cu,radical (1)
cv,rough (1)
cw,selfish (2)
cx,sensitive (80)
cy,serious (7)
cz,serious-minded (1)
da,shaky (1)
db,short (1)
dc,short patience (1)
dd,short patient (4)
de,short-minded (1)
df,short-tempered (15)
dg,shy (1)
dh,silly (1)
di,skittish (1)
dj,soft-skinned (1)
dk,sore (3)
dl,sorry (1)
dm,standoffish (1)
dn,straitlaced (1)
do,strong-minded (1)
dp,strong-tempered (1)
dq,stubborn (2)
dr,stupid (2)
ds,sullen (1)
dt,super-sensitive (1)
du,taciturn (1)
dv,teeky (1)
dw,temperamental (16)
dx,temperous (1)
dy,tender (1)
dz,tenderhearted (1)
ea,tense (2)
eb,terrible (1)
ec,testy (5)
ed,thin-skin(ned) (6)
ee,ticky (1)
ef,timid (1)
eg,tore up (1)
eh,touchous (76)
ei,touchy (321)
ej,ugly (1)
ek,unstable (1)
el,upset (4)
em,uptight (4)
en,volatile (1)
eo,weak (1)
ep,wild (2)
