Code,Response
A,aggravated (8)
B,all to pieces (2)
C,angry (231)
D,annoyed (1)
E,bent out of shape (1)
F,bad (1)
G,boiled up (1)
H,bothered (2)
I,burned (1)
J,burned up (1)
K,cranky (1)
L,crazy (2)
M,cross (3)
N,disgusted (1)
O,disturbed (6)
P,embarrased (1)
Q,emotional (2)
R,excited (3)
S,fanatic (1)
T,fired up (5)
U,flustered (1)
V,flustrated (4)
W,foul (1)
X,flying mad (1)
Y,fractious (2)
Z,fretted (3)
aa,fuffed up (1)
ab,furious (11)
ac,furious mad (1)
ad,fussy (1)
ae,hateful (1)
af,heated (1)
ag,het up (3)
ah,hostile (1)
ai,hot (9)
aj,hot as a firecracker (1)
ak,hot under the collar (2)
al,huffy (3)
am,hurt (2)
an,ill (1)
ao,impatient (1)
ap,insulted (1)
aq,irate (2)
ar,irritated (4)
as,lit up (1)
at,livid with rage (1)
au,mad (591)
av,mad as a hornet (1)
aw,mad as fire (1)
ax,mad as get-out (1)
ay,mad as hell (2)
az,mad as the devil (1)
ba,mad as the dickens (1)
bb,mad enough to die (1)
bc,mean (5)
bd,nasty (1)
be,offended (11)
bf,on edge (1)
bg,ornery (1)
bh,out of his mind (1)
bi,out of sorts (1)
bj,peeled (1)
bk,peeved (3)
bl,perturbed (2)
bm,pissed off (6)
bn,provoked (1)
bo,put out (1)
bp,riled (6)
bq,riled up (19)
br,rude (1)
bs,serious (1)
bt,shook up (2)
bu,silly (1)
bv,skunked (1)
bw,sore (4)
bx,steamed up (1)
by,stirred up (2)
bz,teed off (2)
ca,ticked off (1)
cb,touchous (1)
cc,ugly (5)
cd,unglued (1)
ce,unruly (1)
cf,upset (131)
cg,uptight (9)
ch,vexed (4)
ci,vigorous (1)
cj,wide open (1)
ck,wild up (=riled up) (1)
cl,worked up (1)
cm,worried (1)
cn,wrought up (1)
