Code,Response
A,acid (1)
B,blister water (2)
C,body fluid (1)
D,clear fluid (1)
E,clear liquid (3)
F,clear stuff (1)
G,clear water (1)
H,corruption (6)
I,fester [n.] (5)
J,fluid (34)
K,hot water (3)
L,humor (2)
M,juice (4)
N,liquid (6)
O,matter (4)
P,mucus (1)
Q,poison (1)
R,pus (33)
S,serum (1)
T,thin fluid (1)
U,"thin, watery pus (1)"
V,water (408)
W,water-like (substance) (1)
X,watery-like (substance) (1)
Y,watery liquid (1)
Z,watery matter (1)
aa,watery stuff (2)
ab,watery substance (3)
ac,watery-type substance (1)
ad,white mucus (1)
ae,yellow liquid (1)
