Code,Response
A,called to his reward (1)
B,(de)cease(d) (67)
C,(de)ceaseded (4)
D,demised (1)
E,departed (this life) (13)
F,descended (1)
G,didn't make it (6)
H,didn't recover (1)
I,died (822)
J,drop(ped) dead (7)
K,dropped out (2)
L,(e)xpired (56)
M,fell dead (4)
N,gave out (1)
O,gave up the ghost (8)
P,gone (37)
Q,gone above (1)
R,gone home (1)
S,gone on (to the other side) (7)
T,gone to another world (1)
U,gone to his final resting place (1)
V,gone to rest (2)
W,gone to sleep (2)
X,got dead (1)
Y,left (us) (18)
Z,met his glory (2)
aa,met his Maker (8)
ab,moved on (1)
ac,moved to the happy hunting ground (3)
ad,out of his troubles (1)
ae,pass(ed) (116)
af,passed into the great beyond (2)
ag,passed away (462)
ah,passed on (108)
ai,passed out (24)
aj,passed over (the hill) (3)
ak,resigned (1)
al,slept (away) (2)
am,slipped away (1)
an,succumb(ed) (9)
ao,taken by his Creator (1)
ap,took a trip (1)
aq,transpired (1)
ar,up and died (2)
as,went away (3)
at,went on (2)
au,went over (1)
av,went right on out (1)
aw,went to heaven (2)
ax,went to his reward (8)
ay,went to his eternal rest (1)
az,went to his future home (1)
ba,went to meet his Father (1)
bb,went to (meet) his Maker (4)
bc,went to the great beyond (2)
bd,with the angels now (1)
