Code,Response
A,aches and pains (1)
B,arthri(tis) (1)
C,arthrit(is) (1)
D,arthritis (591)
E,arthritis [not rheumatism] (7)
F,Arthur (1)
G,buritis [sic] (1)
H,bursitis (42)
I,"cramp, the (1)"
J,cramps (1)
K,creaking joints (1)
L,gout (11)
M,joint ache (1)
N,lumbago (9)
O,miseries (1)
P,misery (1)
Q,neural(gia) (1)
R,neuralgia (8)
S,neuritis (6)
T,old age (1)
U,old Arthur(s) (2)
V,pain in the joints (1)
W,pains in the bones (1)
X,rheumatic pains (2)
Y,rheumatic(s) (5)
Z,(rheuma)tism (1)
aa,rheumatis(m) (506)
ab,rheumatism(s) (1)
ac,rheumatoid (1)
ad,rheumatoid arthritis (3)
ae,sciatic rheumatism (1)
af,stiff joints (2)
ag,tendonitis (1)
