Code,Response
A,aluminum box (1)
B,black box (4)
C,box (45)
D,burial box (1)
E,cajon (S) (1)
F,casket (569)
G,casket box (2)
H,coffin (542)
I,coffin box (2)
J,couch (1)
K,grave (=casket) (1)
L,homemade coffin (1)
M,lead coffin (1)
N,metal casket (2)
O,pine box (25)
P,pinewood box (1)
Q,pinto (3)
R,plain wooden box (1)
S,rosewood coffin (1)
T,rough box (1)
U,sharpshooter (2)
V,sharpshooter casket (1)
W,shotgun coffin (1)
X,steel casket (1)
Y,wood box (2)
Z,wooden box (13)
aa,wooden casket (2)
ab,wooden coffin (2)
ac,wooden overcoat (1)
