Code,Response
A,burial (36)
B,burial ceremony (6)
C,burial service(s) (3)
D,burying (3)
E,"bye-bye, the [facetious] (1)"
F,ceremony (4)
G,church ceremony (1)
H,church funeral (1)
I,close-casket funeral (1)
J,double funeral (1)
K,funeral (729)
L,funeral ceremony (1)
M,funeral rites (1)
N,funeral service (33)
O,funeral time (1)
P,grave rites (1)
Q,graveside (1)
R,graveside burial (2)
S,graveside ceremony (3)
T,graveside rites (1)
U,graveside service(s) (10)
V,interment (3)
W,last rites (6)
X,laying to rest (1)
Y,memorial service (1)
Z,nigger funeral (1)
aa,obsequies (1)
ab,planting [facetious] (1)
ac,requiem (1)
ad,rite(s) (4)
ae,ritual (1)
af,service(s) (14)
