Code,Response
A,able to get along (1)
B,(a)bout (as) usual (3)
C,(about) average (4)
D,(a)bout like common (1)
E,(a)bout like I've been (1)
F,ain't doing so good (1)
G,all right (76)
H,as usual (2)
I,awful droopy (1)
J,bad (2)
K,better (5)
L,bitter (1)
M,blowing and a-going (1)
N,doing nicely (1)
O,don't feel so hot (1)
P,don't feel too well (2)
Q,don't feel up to par (1)
R,droopy (2)
S,fair (24)
T,fair enough (1)
U,fair to midling (13)
V,fair to moderate (1)
W,fair well [sic] (2)
X,fairly (2)
Y,fairly good (6)
Z,fairly middling (1)
aa,fairly well (13)
ab,feeling like hell (1)
ac,fine (269)
ad,getting (a)long all right (2)
ae,getting along pretty good (1)
af,getting along fine (1)
ag,good (13)
ah,good enough (1)
ai,hadn't been feeling too well (1)
aj,hadn't got a worry in the world (1)
ak,hanging on (1)
al,have felt better (2)
am,"I ain't well, I ain't down (1)"
an,I don't know (1)
ao,I wish I knew (1)
ap,I'll do (1)
aq,I'll pass (1)
ar,I'm here (1)
as,just (a) bout like I [X-0] been (1)
at,just ain't much (1)
au,just barely here (1)
av,just commonly well (1)
aw,just dragging along (1)
ax,just fair (2)
ay,just fine (20)
az,just getting by (1)
ba,just great (2)
bb,just middling (1)
bc,just only [sic] (1)
bd,just so-so (1)
be,just tolerable (3)
bf,kicking but not high (1)
bg,kind of blah (1)
bh,kind of down and out (1)
bi,kind of middling (1)
bj,kind of salty (1)
bk,kind of so-so (1)
bl,making it (1)
bm,medinar(y) (1)
bn,medium (3)
bo,middling (9)
bp,middling considering (1)
bq,middling fair (1)
br,mighty fine (1)
bs,no complaints (1)
bt,no-good (1)
bu,not at all [=all right] (1)
bv,not doing [sic] (1)
bw,not feeling so good (1)
bx,not feeling too good (1)
by,not kicking very high (1)
bz,not so well (3)
ca,not too good (3)
cb,not up to par (1)
cc,OK (73)
cd,on a mighty low limb (1)
ce,on a pass (1)
cf,only tolerable (1)
cg,poorly (2)
ch,pretty bum (1)
ci,pretty fair (6)
cj,pretty good (151)
ck,pretty poorly (2)
cl,pretty tough (1)
cm,pretty well (42)
cn,punk (1)
co,puny (1)
cp,quite well (1)
cq,same as usual (1)
cr,seen better days (1)
cs,so-and-so (3)
ct,so good (1)
cu,so-so (31)
cv,still living (1)
cw,supposed to be up (1)
cx,think I'll make it (1)
cy,tolerable (24)
cz,tolerable well (4)
da,tolerably well (2)
db,up to par (1)
dc,very common (2)
dd,very well (43)
de,well (1)
df,wonderful (1)
