Code,Response
A,barf  (5)
B,be ill (2)
C,be nauseated (13)
D,be nauseous (3)
E,be/get sick (5)
F,belch it (2)
G,belch it up (3)
H,belch up (1)
I,bring it up (2)
J,bring up (2)
K,bulk it up (1)
L,burp [=vomit] (2)
M,burp it (1)
N,burp it up (1)
O,come up (2)
P,cough it up (1)
Q,expell (1)
R,gag (5)
S,gag it up (1)
T,get rid of the food (1)
U,have a action (1)
V,have a sick stomach (3)
W,have a sour stomach (2)
X,have a vomiting stomach (1)
Y,have an upset stomach (2)
Z,have indigestion (1)
aa,have nausea (1)
ab,have the bellyache (3)
ac,have the stomachache (1)
ad,have the vomits (1)
ae,heave (22)
af,heave it up (1)
ag,heave up (4)
ah,let it come back (1)
ai,let it up (1)
aj,lose (one's) breakfast (2)
ak,lose (one's) dinner (5)
al,lose (one's) lunch (1)
am,lose (one's) meal (1)
an,puke (23)
ao,regurgitate (51)
ap,(re)gurgitate (4)
aq,resusitate [=regurgitate] (1)
ar,retch (5)
as,spit it up (5)
at,spit out (one's) food  (1)
au,spit up (26)
av,throw (one's) food up (1)
aw,throw back (one's) food (1)
ax,throw it back up (1)
ay,throw it out (1)
az,throw it up (38)
ba,throw up (366)
bb,throw up (one's) food (1)
bc,toss (one's) cookies (2)
bd,up [v.] (1)
be,up it up (1)
bf,up-swallow (1)
bg,urp (18)
bh,urp it up (1)
bi,urp up (1)
bj,upchuck (70)
bk,vomit (640)
bl,vomit (one's) food up (1)
bm,vomit it up (16)
bn,vomit up (5)
