Code,Response
A,abscess (1)
B,acid [=colic] (1)
C,acute indigestion (1)
D,(ap)pendicitis (364)
E,appendicitis (339)
F,(ap)pendix [sic] (26)
G,appendix [sic] (20)
H,appendix attack (5)
I,(ap)pendix trouble (1)
J,(ap)pendix was bad (1)
K,attack of (ap)pendicitis (2)
L,attack of appendix (4)
M,attack of colic (1)
N,bad appendix (1)
O,bellyache (2)
P,blind gut (1)
Q,burst appendix (1)
R,bursted (ap)pendix (1)
S,busted appendix (1)
T,case of appendix (1)
U,colic (14)
V,cramp colic (20)
W,cramps (2)
X,inflamed appendix (1)
Y,kidney colic (3)
Z,lock bowels (3)
aa,packed bowels (1)
ab,pleurisy (1)
ac,pleurisy of the side (1)
ad,pneumonia from your side (1)
ae,renal colic (1)
af,rupture appendix (3)
ag,ruptured (ap)pendix (3)
ah,ruptured appendix (3)
ai,side ache (1)
aj,side pleurisy (1)
ak,stomach colic (2)
al,stomachache (1)
