Code,Response
A,at her stomach (1)
B,at his belly (1)
C,at his stomach (212)
D,at his tummy (2)
E,at my stomach (47)
F,at stomach [sic] (1)
G,at the belly (1)
H,at the stomach (102)
I,at their stomach[N-i] (13)
J,at your stomach (23)
K,at [D-0] stomach (4)
L,at [sic] (1)
M,from his stomach (1)
N,from the stomach (1)
O,in his belly (2)
P,in his stomach (80)
Q,in my stomach (13)
R,in the belly (1)
S,in the bottom of your stomach (3)
T,in the gut (1)
U,in the pit of his stomach (1)
V,in the stomach (77)
W,in your belly (1)
X,in your stomach (15)
Y,in [D-0] stomach (1)
Z,of a stomach (1)
aa,of his stomach (6)
ab,of my stomach (1)
ac,of the stomach (8)
ad,on his stomach (54)
ae,on my stomach (5)
af,on the stomach (22)
ag,on their stomach[N-i] (2)
ah,on your stomach (1)
ai,on [D-0] stomach (1)
aj,soured on his stomach (1)
ak,to his stomach (48)
al,to my stomach (10)
am,to the stomach (11)
an,to the tummy (1)
ao,to their stomach[N-i] (7)
ap,to your stomach (3)
aq,to [D-0] stomach (1)
ar,to [M-0] stomach (1)
as,to [sic] (1)
at,upset in the stomach (1)
au,with his stomach (2)
av,with my stomach (1)
aw,with the stomach (1)
ax,with their stomach[N-i] (1)
ay,[P-0] his stomach (5)
az,[P-0] the stomach (1)
ba,[P-0] [D-0] stomach (1)
