Code,Response
A,barf (23)
B,blow lunch (3)
C,blow groceries (1)
D,bring (one's) shoe soles
E,call Monroe (1)
F,call Ralph (2)
G,cascade (1)
H,chuck up (1)
I,chuck-a-luck (1)
J,crack (one's) lunch (1)
K,crap [=vomit] (1)
L,"drunk throw-up, a (1)"
M,feed the fish (1)
N,flash (2)
O,gag (2)
P,going to Europe (1)
Q,heave (19)                            inside out (1)
R,heave up (1)
S,holler for Ralph (1)
T,holler for the dinosaurs (1)
U,hug the toilet (1)
V,let her rip (1)
W,lose it all (1)
X,lose (one's) biscuits (1)
Y,lose (one's) cookies (1)
Z,lose (one's) groceries (1)
aa,lose (one's) lunch (4)
ab,mess (1)
ac,pitch (one's) cookies (3)
ad,puke (316)
ae,puke it up (8)
af,puke like a buzzard (1)
ag,puke like a horse (1)
ah,puke (one's) guts out (1)
ai,puke (one's) guts up (2)
aj,puke (one's) insides out (1)
ak,puke up (6)
al,Ralph (3)
am,(re)gurgitate (4)
an,regurgitate (9)
ao,shit it all up (1)
ap,spew (4)
aq,spew up (1)
ar,spill (one's) cookies (1)
as,spill (one's) guts (1)
at,spill (one's) supper (1)
au,spit up (2)
av,throw it out (2)
aw,throw it up (9)
ax,"throw (one's) stomach upside down,"
ay,throw (one's) toes up (1)
az,throw up (93)
ba,throw up (one's) guts (1)
bb,throw up (one's) socks (1)
bc,toss (one's) cookies (7)
bd,upchoke (1)
be,upchuck (51)
bf,upswallow (1)
bg,url (1)
bh,urp (13)
bi,urp it up (3)
bj,urp (one's) toes up (1)
bk,urp up (1)
bl,vomir [F] (1)
bm,vomit (44)
bn,vomit up (1)
