Code,Response
A,bussing (22)
B,canoodling (2)
C,caressing (1)
D,carrying on (1)
E,catting (1)
F,courting (12)
G,cuddling (1)
H,flirting (2)
I,fooling around (3)
J,fooling with (1)
K,Frenching (2)
L,getting down (1)
M,getting it on (1)
N,getting/giving some sugar (2)
O,grubbing (1)
P,hanky-pankying (1)
Q,having fun (1)
R,hugging (16)
S,hugging and kissing (7)
T,kissing (379)
U,kissing around (1)
V,kissing and hugging (1)
W,kissing and loving (1)
X,loving (14)
Y,loving up (2)
Z,making love (7)
aa,making out (37)
ab,making whoopee (1)
ac,messing (2)
ad,messing around (5)
ae,messing up (1)
af,misbehaving (1)
ag,mooching (1)
ah,moonlighting (1)
ai,mugging (1)
aj,necking (131)
ak,parking (6)
al,petting (21)
am,picking huckleberries (1)
an,pitching woo (1)
ao,playing around (1)
ap,playing kissy face (1)
aq,scooter pooping (1)
ar,screwing around (1)
as,scrunching (1)
at,smacking (9)
au,smirking (2)
av,smooching (220)
aw,smooching around (1)
ax,snoofing (1)
ay,sparking (6)
az,spooking (1)
ba,spooning (23)
bb,spooning around (1)
bc,squeezing (1)
bd,swapping slobber (1)
be,sweethearting (1)
