Code,Response
A,beau  (167)
B,"beau, le [F] (1)"
C,best beau (1)
D,best boyfriend (3)
E,best friend (1)
F,Boy Friday (1)
G,boyfriend (561)
H,company (1)
I,courter (1)
J,date (13)
K,dude (2)
L,fellow (62)
M,fianc(e) (2)
N,fiance (70)
O,finance [sic] (3)
P,financier [sic] (1)
Q,flame (1)
R,flapper (1)
S,flirt (1)
T,friend (11)
U,friend boy (2)
V,gentleman friend (1)
W,grand sweetheart (1)
X,guy (3)
Y,high-school sweetheart (1)
Z,honey (4)
aa,honey breeches (1)
ab,honey pie (1)
ac,intended husband (1)
ad,lover (24)
ae,lover boy (1)
af,main man (1)
ag,main nigger (1)
ah,main squeeze (1)
ai,main thing (1)
aj,man (12)
ak,man friend (1)
al,old man (8)
am,one boy (1)
an,puppy lover (1)
ao,regular (2)
ap,regular boyfriend (1)
aq,regular date (1)
ar,right-hand man  (1)
as,Schatz [G] (1)
at,special boyfriend (2)
au,steady (34)
av,steady beau (3)
aw,steady boyfriend (4)
ax,steady date (3)
ay,standby (2)
az,sucker (1)
ba,sugar baby (1)
bb,sugar daddy (1)
bc,sugar lump (1)
bd,suitor (14)
be,sweetheart (176)
bf,sweetie (4)
bg,to-be husband (1)
bh,young man (2)
