Code,Response
A,baby doll (1)
B,belle (2)
C,"belle, la [F] (1)"
D,best girl (3)
E,best girl friend (3)
F,bitch (1)
G,bride (2)
H,bride to be (1)
I,broad (1)
J,chick (5)
K,companion (1)
L,date (4)
M,dear (1)
N,dearest (1)
O,fianc(ee) (2)
P,fiancee (33)
Q,finance [sic] (1)
R,first love (1)
S,friend (3)
T,friend girl (1)
U,future wife (2)
V,gal (11)
W,gal friend (1)
X,girl (103)
Y,girl friend (518)
Z,heartthrob (1)
aa,honey (5)
ab,honeybunch (1)
ac,intended (1)
ad,intended wife (1)
ae,lady (4)
af,lady friend (5)
ag,lady love (1)
ah,little girl (1)
ai,lover (8)
aj,lover girl (1)
ak,main girl (2)
al,main squeeze (1)
am,old lady (8)
an,old standby (1)
ao,pal (2)
ap,paramour (1)
aq,patootie (1)
ar,pet (1)
as,prospective bride (1)
at,regular girl (1)
au,romance (1)
av,special girl (1)
aw,steady (16)
ax,steady date (1)
ay,steady girl (4)
az,steady girl friend (4)
ba,sucker (1)
bb,sugar babe (1)
bc,sweet mama (1)
bd,sweet patootie (1)
be,sweetheart (198)
bf,sweetie (8)
bg,sweetie pie (1)
bh,wife to be (1)
bi,woman (11)
