Code,Response
A,a-courting (11)
B,a-courting pretty heavy (1)
C,a-dating (1)
D,a-going with (her) (1)
E,a-sparking (2)
F,being with (her) (1)
G,booing [sic] (1)
H,chasing (her) (2)
I,corresponding [sic] (1)
J,courting (571)
K,courting along (1)
L,courting heavy (6)
M,courting (her) mighty close (1)
N,courting pretty close (1)
O,courting on (her) (1)
P,courting (her) pretty (1)
Q,courting pretty heavy (4)
R,courting right along (1)
S,courting steadily/steady (1)
T,dating (168)
U,dating pretty heavy (1)
V,dating steadily/steady (5)
W,dining (her) (1)
X,dogging (1)
Y,escourting (2)
Z,falling in love (8)
aa,fixing to marry/get married (1)
ab,fooling around with (1)
ac,galing (1)
ad,getting close (2)
ae,getting down to gritty (1)
af,getting engaged (2)
ag,getting in love (3)
ah,getting serious (13)
ai,getting steady (1)
aj,getting (pretty) thick (5)
ak,getting too thick (1)
al,going after her (1)
am,going out (with) (10)
an,going out a lot (5)
ao,going out courting (1)
ap,going regular (3)
aq,going steady (with) (153)
ar,going to see (her) (4)
as,going together (51)
at,going with (61)
au,hanging around after (her) (2)
av,hanging his hat there (a lot) (1)
aw,having intercourse with (1)
ax,having relations with (her) (1)
ay,heavy dating (2)
az,he-ing and she-ing (1)
ba,him-ing and her-ing (1)
bb,interested in (her) (6)
bc,keeping (her) company (9)
bd,knocking around (1)
be,making dates with (her) (1)
bf,making love (2)
bg,on the make (1)
bh,paying attention to (her) (1)
bi,playing up to (her) (1)
bj,plug knuckling (1)
bk,romancing (3)
bl,rushing (her) (4)
bm,seeing (her/each other) (11)
bn,seeing (her) a lot (2)
bo,seeing (her) regular (1)
bp,setting up to (her) (1)
bq,shining up to (her) (2)
br,smelling around (1)
bs,sniffing around the bushes (1)
bt,sparking (151)
bu,sparking courting (1)
bv,sparking heavy (1)
bw,sparkling (1)
bx,spooking [sic] (1)
by,spooning (4)
bz,sprucing (1)
ca,squiring (1)
cb,steady dating (4)
cc,stepping out with (1)
cd,sweeping her off her feet (1)
ce,sweethearting (1)
cf,taking (her) out (3)
cg,talking (to) (4)
ch,waiting on her (2)
ci,willing (her) (1)
cj,wising up (1)
ck,wooing (4)
