Code,Response
A,attendant (9)
B,best girl (10)
C,best lady (6)
D,best maid (5)
E,best woman (7)
F,best-man girl (1)
G,bridal maid (1)
H,bridemaid (360)
I,brides maiden (2)
J,brides matron (2)
K,bridesmaid (360)
L,flower girl (=bridesmaid) (1)
M,girl (1)
N,girl friend (2)
O,girl of honor (1)
P,girl wed man (1)
Q,groom [sic] (1)
R,helper (1)
S,honor maid (1)
T,honor matron (1)
U,lady-in-waiting (2)
V,leading maid (1)
W,maid (12)
X,maid and/or matron of honor (1)
Y,maid bride (1)
Z,maid of honor (202)
aa,maid or (the) matron of honor (10)
ab,matron (6)
ac,matron of honor (93)
ad,wait man [sic] (3)
ae,waiter (9)
af,waiter girl (2)
ag,waiting woman (1)
ah,waitress (2)
ai,witness (1)
