Code,Response
A,all (4)
B,audience (1)
C,bang (1)
D,batch (1)
E,block (2)
F,bunch (374)
G,business (3)
H,caboodle (2)
I,camp (1)
J,capush (1)
K,city (1)
L,community (7)
M,congregation (1)
N,country (6)
O,county (2)
P,Coxey's Army (1)
Q,crew (13)
R,crowd (174)
S,deal (1)
T,dirty crowd (1)
U,drove (2)
V,everybody (5)
W,everybody and his brother (1)
X,family (13)
Y,flock (1)
Z,gang (134)
aa,gathering (5)
ab,group (118)
ac,heap (3)
ad,hell raisers (1)
ae,herd (1)
af,house (7)
ag,household (1)
ah,kit and caboodle (11)
ai,kit and caboose (1)
aj,lawless bunch (1)
ak,lot (35)
al,mass (1)
am,mob (20)
an,mob crowd (1)
ao,neighborhood (2)
ap,outfit (4)
aq,pack (2)
ar,party (14)
as,party group (1)
at,passel (6)
au,place (3)
av,posse (1)
aw,push (4)
ax,push and caboodle (1)
ay,set-up (1)
az,shebang (14)
ba,shooting match (7)
bb,"sight, a [=a lot] (1)"
bc,slew (2)
bd,squad (1)
be,thing (18)
bf,throng (1)
bg,town (5)
bh,tribe (1)
bi,troop (2)
bj,troublemakers (3)
bk,universe (1)
bl,wild bunch (1)
bm,wilder bunch (1)
bn,works (2)
bo,world (5)
bp,young bunch (2)
