Code,Response
A,"accordeon, un [F] (1)"
B,accordion dance (1)
C,after-hours dance (1)
D,apple peeling (3)
E,baile [S] (1)
F,bal [F] (2)
G,"bal de maison, un [F] (1)"
H,ball (27)
I,ballroom dance (2)
J,banco (1)
K,banquet (1)
L,barbeque (1)
M,barn dance (11)
N,barn party (1)
O,barn raising (1)
P,bash (2)
Q,bean hulling (1)
R,bean stringing (3)
S,big dance (3)
T,big folk's dance (1)
U,blast (1)
V,blowout (1)
W,boy-girl party (1)
X,breakdown (12)
Y,breakdown dance (1)
Z,candy drawing (1)
aa,candy making (1)
ab,candy pulling (7)
ac,chaperoned dance (1)
ad,chimley daubing (1)
ae,community dance (1)
af,community social (1)
ag,corn shucking (6)
ah,cotillion (4)
ai,country dance (7)
aj,cowboy dance (1)
ak,dance (586)
al,dance party (1)
am,dancing party (2)
an,debutante ball (1)
ao,dinner dance (2)
ap,dinner-and-dance party (1)
aq,fais-dodo [F] (8)
ar,family dance (1)
as,fiddle down (1)
at,fish fry (1)
au,folly (1)
av,football dance (1)
aw,formal (8)
ax,formal dance (2)
ay,frolic (20)
az,get-together (7)
ba,hang dang (1)
bb,harvest festival (1)
bc,hoedown (26)
bd,hoedown dance (2)
be,home dance (2)
bf,home party (2)
bg,hootenanny (1)
bh,hop (6)
bi,house dance (3)
bj,house party (5)
bk,housewarming (1)
bl,inaugural ball (1)
bm,informal dance (1)
bn,jam (1)
bo,juke jam (2)
bp,jump Josie party (1)
bq,junior prom (1)
br,king-and-queen ball (1)
bs,log rolling (3)
bt,matinee dance (1)
bu,party (39)
bv,pea hulling (1)
bw,peanut boiling (1)
bx,peanut parching (1)
by,peanut shelling (2)
bz,play (1)
ca,play-party (5)
cb,program dance (1)
cc,prom (14)
cd,public dance (2)
ce,pull candy [=taffy pull] (1)
cf,railroad dance (1)
cg,round dance (36)
ch,ruckus (1)
ci,school dance (5)
cj,school hop (1)
ck,scrip dance (1)
cl,senior prom (1)
cm,shakedown (1)
cn,shindig (36)
co,shivaree dance (1)
cp,showdown (1)
cq,social (4)
cr,sock hop (12)
cs,soiree (2)
ct,square dance (143)
cu,street dance (4)
cv,tea dance (2)
cw,Valentine dance (1)
cx,watermelon cutting (2)
cy,wedding dance (1)
cz,young people's party (1)
