Code,Response
A,(about to) end (1)
B,adjourn/adjourns (5)
C,broke up (1)
D,close/closes/closed (68)
E,closing time (1)
F,disbands (1)
G,dismiss them (1)
H,dismiss/dismisses/dismissed (43)
I,end/ends/ended (22)
J,ends over (1)
K,excused (1)
L,finish/finishes (2)
M,get/gets/got/getting out (50)
N,gets over (1)
O,give on out (1)
P,go out (3)
Q,is about out (1)
R,is called [sic] (1)
S,is/was over (16)
T,is/was/will be out (233)
U,lay out [sic] (1)
V,leaves out (1)
W,let/lets them out (1)
X,let/lets/letting out (141)
Y,out [sic] (19)
Z,over [sic] (4)
aa,recess/recessed (2)
ab,releases (1)
ac,(school) held till four (1)
ad,(school) is turned out (2)
ae,start turning out (1)
af,terminated (2)
ag,time for school to be out (1)
ah,turn me out (1)
ai,turn up (1)
aj,turn/turned them/us/you out (3)
ak,turn/turns/turning/turned out (166)
al,turned out of school (1)
am,turned the school out (1)
an,turning-out time (1)
ao,vacates (1)
ap,we're out of school (2)
aq,we/they get out of school (3)
ar,would close school (1)
as,wound up (1)
