Code,Response
A,ABC (class) (2)
B,beginner(s) (9)
C,big school (1)
D,catechism (1)
E,chart [before 1st grade] (2)
F,chart class (1)
G,chart class [before 1st reader]
H,elementary (35)
I,elementary grade (1)
J,elementary school (35)
K,first (14)
L,first class (3)                          (1)
M,first grade (542)
N,first learning (1)
O,first primary (1)
P,first reader (28)
Q,first school (1)
R,first speller (1)
S,first year (2)
T,first-grade school (1)
U,free school (2)
V,grade (2)
W,grade school (52)
X,grammar (4)
Y,grammar school (51)
Z,literary school (1)
aa,primary  (44)
ab,primary [before 1st grade] (2)
ac,primary class (3)
ad,primary department (2)
ae,primary grade (16)
af,primary grade [before 1st grade]
ag,primary school (14)
ah,primer (105)
ai,primer [before 1st grade] (26)
aj,primer class (3)
ak,primer grade (3)
al,real school (1)
am,regular school (3)
an,school (5)
