Code,Response
A,absent (12)
B,absent from school (1)
C,acting rookie [=hooky?] (1)
D,AWOL (1)                                    (339)
E,bagging (1)
F,being/was truant (5)
G,broke class(es) (2)
H,copping/copped out (2)
I,cut a/the class (7)
J,cut school (5)
K,cut/cutting (21)
L,cut/cutting (his) class(es) (56)
M,cuts it (1)
N,dart school (1)
O,deserted the school (1)
P,didn't go (2)
Q,didn't go to class (1)
R,didn't report (1)
S,didn't show up for class (1)
T,disappeared (1)
U,do a hook (1)
V,dropped out (1)
W,dropped out of school today (1)
X,ducked school (1)
Y,escape(d) school (1)
Z,flew the coop (1)
aa,goofed/goofing off (5)
ab,he was a fallout [=dropout] (1)
ac,hooked school (1)                          class(es) (56)
ad,hooky (19)
ae,jump(ed) class (1)
af,kidnapped [sic] (1)
ag,laid off (1)
ah,laid out from school (1)
ai,lay out till school time [sic] (1)
aj,lay/lays/laid/laying out (39)
ak,lay/lays/laid/laying
al,laying out on the teacher (1)
am,loafing (1)
an,lying out (1)
ao,miss(ed) (1)
ap,miss(ed) (the) class (3)
aq,miss(ed) school (1)
ar,missed his class (1)
as,out of school (1)
at,play hookies [sic] (1)
au,play/plays/played/playing hooky
av,(played) a slacker (1)
aw,played around (1)
ax,played hide (1)
ay,played hooky from school (3)
az,played out (2)
ba,played out of school (1)
bb,played the hooky (1)
bc,played the truant (1)
bd,played truant (2)
be,pretended to be sick (1)
bf,(re)neged on his class (1)
bg,reneged (1)
bh,rookie [=hooky?] (1)
bi,run off from school (1)
bj,run/ran away (6)
bk,run/ran off (5)
bl,runned away [sic] (1)
bm,shoot/shot the hook (2)
bn,shoot/shot/shooting hooky (7)
bo,shot so much of hooky [sic] (1)
bp,shot/shooting a hook (1)
bq,skip a class (2)
br,skip/skipped/skipping (47)
bs,skip/skipped/skipping (his)
bt,skip/skipped/skipping school (60)
bu,skipped a certain class (1)
bv,skipped out (6)
bw,slackered (1)
bx,slept in (2)
by,slipped around (1)
bz,snuck off (1)
ca,stayed out (2)
cb,stayed out of school (4)
cc,threw a hook (1)
cd,truancy (1)
ce,truant (8)
cf,walked out (1)
cg,was a truant (1)
ch,was absent of school [sic] (1)
ci,was crooked (1)
cj,went truant (1)
