Code,Response
A,auditorium (8)
B,cinema (7)
C,coliseum (1)
D,concert hall (1)
E,drive-in (10)
F,drive-in movie (1)
G,drive-in theater (7)
H,"hall, the (1)"
I,motion-picture house (1)
J,motion pictures (1)
K,movie (40)
L,movie building (1)
M,movie house (34)
N,movie picture show [sic] (1)
O,movie show (5)
P,movie theater (10)
Q,movies (23)
R,moving picture(s) (3)
S,moving-picture house (3)
T,moving-picture show (15)
U,opera (3)
V,opera house (24)
W,outdoor theater (1)
X,picture cinema (1)
Y,picture show (133)
Z,picture theater (1)
aa,pictures (1)
ab,playhouse (3)
ac,show (53)
ad,showhouse (1)
ae,theater (701)
af,walk-in theater (1)
