Code,Response
A,depot (524)
B,depot station (3)
C,flag stop (1)
D,rail depot (1)
E,rail junction (1)
F,rail terminal (1)
G,rail station (13)
H,railhead (2)
I,railroad (station) (12)
J,railroad depot (19)
K,railroad junction (3)
L,railroad office (2)
M,railroad shed (1)
N,railroad station (269)
O,railroad stop (1)
P,railroad terminal (1)
Q,railway (station) (2)
R,railway depot (3)
S,railway station (52)
T,sitting room (1)
U,station (175)
V,station depot (1)
W,station house (2)
X,stop (1)
Y,terminal (10)
Z,terminal station (3)
aa,train depot (7)
ab,train station (145)
ac,train stop (1)
ad,train terminal (2)
ae,waiting room (3)
af,waiting station (1)
