Code,Response
A,center of town (1)
B,circle (3)
C,city commons (1)
D,city park (1)
E,city square (1)
F,common (1)
G,county courthouse square (1)
H,county square (3)
I,court lawn (2)
J,court park (1)
K,court square (34)
L,courthouse (71)
M,courthouse greens (1)
N,courthouse grounds (6)
O,courthouse lawn (26)
P,courthouse lot (1)
Q,courthouse property (1)
R,courthouse square (79)
S,courthouse square park (1)
T,courthouse yard (14)
U,courtyard (36)
V,courtyard square (1)
W,esplanade (1)
X,grass (2)
Y,green (2)
Z,grounds  (1)
aa,heart of town (1)
ab,lawn (31)
ac,lot (1)
ad,mall (4)
ae,middle of town (1)
af,open place (1)
ag,park (180)
ah,plaza (10)
ai,plazuela (1)
aj,public park (5)
ak,public square (10)
al,recreation area (1)
am,recreation park (1)
an,rest area (1)
ao,square (155)
ap,town park (2)
aq,town square (24)
ar,village green (1)
as,wagonyard (1)
at,yard(s) (5)
