Code,Response
A,across a catercorner (11)
B,adjacent (1)
C,angle sided (1)
D,angled (15)
E,angling (across) (15)
F,angly (1)
G,angular (2)
H,antigodlin (79)
I,at an angle (5)
J,biased (2)
K,biasin (1)
L,biasy (1)
M,cat walk [v.] (1)
N,catawampus(ed) (52)
O,catechism (2)
P,cater (1)
Q,cater bias (6)
R,cater crooked (1)
S,cater cross (1)
T,cater cut (1)
U,cater ranging (1)
V,cater way (1)
W,cater-corner(ed) (548)
X,cater-mac-bias (1)
Y,catergodlin (1)
Z,catering across (1)
aa,cockeyed (1)
ab,cornerwise (1)
ac,cross (16)
ad,cross (the) corner (2)
ae,crosscut (1)
af,crossway(s) (31)
ag,crosswise (5)
ah,cut a corner (3)
ai,cut (a)cross (23)
aj,cut the butter (1)
ak,cutting the corners (8)
al,cutting through (2)
am,cutting through the cabbage (1)
an,cutting through the middle (1)
ao,Denver crossing (1)
ap,diagonal(ly) (across) (78)
aq,diangling (1)
ar,going through (1)
as,haphazard (1)
at,horizontal (2)
au,jackleg (1)
av,jay horsing (1)
aw,jaywalk (106)
ax,jig-jag (1)
ay,jigzag (1)
az,mighty godlin (1)
ba,narrow cut (1)
bb,near cut (8)
bc,near shoot (1)
bd,near(er) way (3)
be,nigh cut (1)
bf,oblique (1)
bg,oblong (2)
bh,overcross (1)
bi,quartered (1)
bj,right angling (1)
bk,short path (1)
bl,short way (1)
bm,shortcut (28)
bn,sideways (1)
bo,sigodlin (1)
bp,skigoglin (1)
bq,slantwise (2)
br,snaggler diagonal (1)
bs,straight across (11)
bt,straight cut (2)
bu,took a path (1)
bv,triangle (5)
bw,whompy-jawed (1)
bx,whopper-jawed (1)
by,woppy-jawed (1)
bz,wrong-sided (1)
ca,zigzag (14)
