Code,Response
A,adversary (3)
B,Asteroff (1)
C,bad boy (1)
D,bad man (92)
E,beast (1)
F,Beelzebub (12)
G,black angel (1)
H,booger (2)
I,booger bear (2)
J,boogerman (=devil) (194)
K,boogers (1)
L,boogeyman (34)
M,deceiver (1)
N,demon (13)
O,DEVIL [spells it] (1)
P,devil (762)
Q,diab(le) [F] (1)
R,diable [F] (1)
S,Diabolo (1)
T,"diabolo, el [S] (1)"
U,dickens (1)
V,Dragon (1)
W,dragon (6)
X,evil one (1)
Y,evil spirit (1)
Z,false prophet (1)
aa,Gable (=the devil) (1)
ab,heathen (1)
ac,imp (2)
ad,infern [=devil?] (1)
ae,infidel (1)
af,infierno [S] (1)
ag,Lucifer (58)
ah,Lucius [=Lucifer] (1)
ai,man with a horn over his head (1)
aj,man with the horns (1)
ak,man with the pitchfork (1)
al,Mister Bad Man (1)
am,old bad man (4)
an,old booger (1)
ao,old boogerman (7)
ap,old boogeyman (1)
aq,old boy (1)
ar,old deluder (1)
as,old devil (9)
at,old dragon (1)
au,Old Haggy (1)
av,Old Haggy Bill (1)
aw,Old Harry (3)
ax,old imp (1)
ay,Old Jack (1)
az,old man (1)
ba,Old Nick (9)
bb,old Satan (18)
bc,Old Scratch (24)
bd,old Scrooge (1)
be,old serpent (1)
bf,Prince of Darkness (1)
bg,red devil (2)
bh,red man (1)
bi,Saint Lucifer (1)
bj,Saint Nick (1)
bk,Sat(an) (1)
bl,Satan (381)
bm,serpent (2)
bn,Tataille [F] (1)
bo,wicked one (1)
