Code,Response
A,booger house (1)
B,camp [=haunted house] (1)
C,creepy house (1)
D,deserted house (2)
E,empty house (2)
F,ghost house (32)
G,ghosty house (4)
H,haunt house (2)
I,haunted homestead (1)
J,haunted house (346)
K,haunted place (3)
L,haunting house (1)
M,haunty house (2)
N,horror house (1)
O,house full of boogers (1)
P,house of ghost[N-i] (1)
Q,house of goblins (1)
R,old haunted house (2)
S,old house (2)
T,old spooky house (1)
U,scary house (2)
V,spook house (10)
W,spooked house (1)
X,spooky house (11)
Y,witch house (2)
