Code,Response
A,angels [=ghosts] (3)
B,apparitions (3)
C,bad booger (1)
D,bad spirits (2)
E,banshees (1)
F,booger (19)
G,booger bear (2)
H,boogey bear (2)
I,boogerman (13)
J,boogeyman (1)
K,"dead, the (1)"
L,dead people (2)
M,dead things (1)
N,demons (2)
O,diable [F] [=spirit] (1)
P,evil spirits (3)
Q,fairy (1)
R,ghosts (623)
S,ghost people (1)
T,ghostly troll (1)
U,ghouls (2)
V,goblins (37)
W,haunts (250)
X,hobgoblins (2)
Y,hoodlums [=ghosts] (2)
Z,hoodoos (2)
aa,little devils (1)
ab,old goblin (1)
ac,old spooks' witch (1)
ad,phantoms (2)
ae,"pocket haunts, a (1)"
af,poltergeist (1)
ag,rawhead and bloodybones (1)
ah,revenant [F] (1)
ai,scarecrow [=ghost] (2)
aj,shades (1)
ak,shadows (1)
al,skeleton (3)
am,specters (2)
an,spirits (97)
ao,spirits from dead people (1)
ap,spiritual spirit (1)
aq,spooks (134)
ar,will-o'-[D-O]-wisp (1)
as,witch (13)
at,wraiths (1)
au,Yahoo (1)
av,zombi (1)
