Code,Response
A,Big Christmas (1)
B,Christmas Aid (1)
C,Christmas Cheer (2)
D,Christmas Eve Gift (21)
E,Christmas Gift (313)
F,Christmas Gifts [sic] (1)
G,Christmas Give (41)
H,Christmas Gives [sic] (2)
I,Christmas Greeting (5)
J,Christmas Greetings (10)
K,Christmas Kiss (1)
L,Christmas Present (1)
M,Christmas Treat (1)
N,Feliz Navidad (S) (4)
O,Good Christmas (5)
P,Good Holiday (1)
Q,Good Wishes (1)
R,Happy Christmas (68)
S,Happy Christmas Day (2)
T,Happy Christmas Give (1)
U,Happy Greeting (1)
V,Happy Holiday (5)
W,Happy Holidays (10)
X,"Happy, Merry Christmas (2)"
Y,Happy Noel (1)
Z,Happy Yule (1)
aa,Happy Yuletide (2)
ab,Holiday Wishes (1)
ac,Joyous Christmas (1)
ad,Joyous Noel (1)
ae,Merry Christmas (724)
af,Merry Christmas Gift (1)
ag,Nice Christmas (1)
ah,Noel (1)
ai,Season's Greetings (2)
aj,Wonderful Christmas (2)
