Code,Response
A,backwards somerset (1)
B,barrel roll (1)
C,canover (1)
D,cut a somerset (1)
E,cut somersaults (1)
F,double somersault (2)
G,double somerset (3)
H,flip (113)
I,flip over (1)
J,flip-flop (5)
K,flop-flip (1)
L,forward roll (2)
M,head over heels (2)
N,keel over (1)
O,loop-[D-0]-loop (1)
P,roll (n.) (4)
Q,roll (v.) (5)
R,roll over (n.) (2)
S,sloosh over (v.) (1)
T,somersault (415)
U,somersaulting (2)
V,somerset (200)
W,sumblesault (3)
X,sumbleset (5)
Y,tomersault (1)
Z,tumble (9)
aa,tumble over (v.) (2)
ab,tumbler up (1)
ac,tumblesault (33)
ad,tumbleset (58)
ae,tumbleset (v.) (1)
af,tumbling (6)
ag,tummy set (1)
ah,tummy up (1)
ai,turnover (1)
aj,wheelabarrow (2)
