Code,Response
A,appreciation (8)
B,appreciation gift (2)
C,baker's dozen (1)
D,boneless (=bonus) (1)
E,bonus (95)
F,bonus gift (1)
G,boot (2)
H,countra (2)
I,courtesy gift (1)
J,extra bonus (1)
K,extra gift (1)
L,for free (1)
M,free gift (1)
N,free prize (1)
O,gift (68)
P,goodwill gesture (1)
Q,gravy (1)
R,handout (4)
S,lagniappe (99)
T,"little appreciation, a (1)"
U,"little bit extra, a (1)"
V,little bonus (1)
W,little donation (1)
X,little extra (3)
Y,little extra bonus (1)
Z,little gift (9)
aa,little present (1)
ab,little something extra (1)
ac,little token (1)
ad,little-old merchant gift (1)
ae,love gift (1)
af,love-offering (1)
ag,on the house (3)
ah,patronage (1)
ai,pilon (18)
aj,premium (8)
ak,present (21)
al,prize (6)
am,recompense (1)
an,something extra (1)
ao,special gift (1)
ap,token (14)
aq,token of appreciation (1)
ar,token of good will (1)
as,treat (5)
