Code,Response
A,"bang, a (1)"
B,belly bath (1)
C,belly burst (3)
D,belly bust (42)
E,belly buster (406)
F,belly bustering (1)
G,belly busting (3)
H,belly dive (17)
I,belly diving (1)
J,belly flip (1)
K,belly flop (38)
L,belly flopper (4)
M,belly hit (1)
N,belly land (3)
O,belly landing (7)
P,belly loop (1)
Q,belly plop (1)
R,belly something (2)
S,belly splash (4)
T,belly splasher (2)
U,belly stroke (1)
V,belly washer (2)
W,belly whopper (12)
X,burst (2)
Y,bust (2)
Z,buster (5)
aa,busting the water (1)
ab,devil's dive (1)
ac,flop (1)
ad,pancake (2)
ae,skinning (1)
af,slap diving (1)
ag,"splash, a (8)"
ah,splashdown (1)
ai,"splatter, a (1)"
aj,stomach buster (2)
