Code,Response
A,bend (5)
B,bend down (14)
C,bend over (7)
D,clunch down (1)
E,(es)condileto [S] [=hide]  (1)
F,creep down (1)
G,croop (1)
H,crouch (69)
I,crouch down (27)
J,crump up (1)
K,crumple (1)
L,crunch [=crouch] (2)
M,crunch down (2)
N,crush up (1)
O,cuddle up (1)
P,dodge (1)
Q,dodge down (1)
R,down on his dewclaws (1)
S,down on his haunches (5)
T,down on his hunkers (6)
U,draw up (2)
V,duck (16)
W,duck down (5)
X,dunk (1)
Y,dunk down (1)
Z,get down (2)
aa,get down on his all fours (1)
ab,haunch down (1)
ac,hide (24)
ad,huddle up (1)
ae,hump (1)
af,hump down (1)
ag,hump over (3)
ah,hump up (2)
ai,hunch (3)
aj,hunch down (9)
ak,hunk down (1)
al,hunker (30)
am,hunker around (4)
an,hunker down (153)
ao,hunker over (3)
ap,hunker up (2)
aq,hunker way over (1)
ar,in a haunch (1)
as,peeping down (1)
at,scoot down (3)
au,scootch (1)
av,screech up (1)
aw,scrinch down (2)
ax,scrooch (4)
ay,scrooch down (19)
az,scrooch up (9)
ba,scrouch (4)
bb,scrouge down (2)
bc,scrout down (2)
bd,scrum up (1)
be,scrunch (3)
bf,scrunch down (7)
bg,scrunch up (2)
bh,set (2)
bi,sit back on his haunches (1)
bj,sit down on his hunkers (1)
bk,sit on his haunches (3)
bl,sit on his heels (1)
bm,slumber over (1)
bn,slump down (1)
bo,squat (283)
bp,squat down (204)
bq,squat down on his feet (1)
br,squat down on his haunches (1)
bs,squat down on his hunkers (1)
bt,squat on his heels (1)
bu,squeech down (1)
bv,squish down (1)
bw,stoop (117)
bx,stoop down (51)
by,stoop over (16)
