Code,Response
A,absconded (2)
B,borrowed (7)
C,carried off (1)
D,copped (5)
E,filched (4)
F,glommed on (1)
G,got (65)
H,grabbed (1)
I,heisted (2)
J,hocked (1)
K,hooked (13)
L,latched onto (2)
M,lifted (11)
N,made off with (1)
O,nabbed (1)
P,nixed (1)
Q,picked up (12)
R,pilfered (2)
S,pinched (3)
T,purloined (1)
U,ran off with (1)
V,relieved of (1)
W,ripped off (41)
X,rogued (1)
Y,rooked (1)
Z,slipped (1)
aa,snatched (10)
ab,sniped (1)
ac,snitched (57)
ad,snooked (1)
ae,snuck (1)
af,stole (345)
ag,stoled (62)
ah,swiped (152)
ai,taked (2)
aj,takened (1)
ak,thieved (1)
al,took (151)
am,walked off with (1)
