Code,Response
A,can't bring it to mind (2)
B,can't bring it out (1)
C,can't call (105)
D,can't recall (57)
E,can't recollect (4)
F,can't remember (206)
G,can't (re)member (8)
H,can't say (1)
I,can't tell (2)
J,can't think (of) (13)
K,disremember (15)
L,don't disremember (1)
M,don't get (1)
N,don't have any recollection (1)
O,don't recall (50)
P,don't (re)call (2)
Q,don't recollect (17)
R,don't remember (492)
S,don't (re)member (45)
T,don't think of (1)
U,forget (124)
V,let it slip my mind (2)
W,never remember (1)
X,wouldn't remember (1)
