Code,Response
A,backbiter (1)
B,big mouth (1)
C,blabbermouth (4)
D,blabbermouth gabber (1)
E,blat (1)
F,bong toter (1)
G,brownnoser (1)
H,busy bee (1)
I,busybody (6)
J,busy mouth (1)
K,carrier of tales (1)
L,crybaby (1)
M,fibber (3)
N,fink (2)
O,fuss maker (1)
P,gabber (1)
Q,gossip (105)
R,gossip box (1)
S,gossip lady (1)
T,gossip people (1)
U,gossiper (29)
V,gossipy kind (1)
W,gossipy old lady (1)
X,hot breath (1)
Y,informer (1)
Z,liar (8)
aa,meddler (3)
ab,meddlesome butt (1)
ac,mess maker (1)
ad,moocher (1)
ae,news carrier (1)
af,news dispatcher (1)
ag,new toter (1)
ah,newspaper [=gossip] (1)
ai,noser (1)
aj,nosy [n.] (2)
ak,nuisance (1)
al,peacebreaker (3)
am,PI [=pimp] (1)
an,pigeon (1)
ao,pimp (21)
ap,rat (1)
aq,rat fink (2)
ar,shit [n.] (1)
as,sissy (1)
at,smart [n.] (1)
au,smart aleck (1)
av,sneak (1)
aw,snitch (13)
ax,snitcher (9)
ay,snooper (1)
az,squealer (6)
ba,stool pigeon (14)
bb,stoolie (1)
bc,storyteller (5)
bd,tale carrier (1)
be,tale-teller (4)
bf,tale-tolder (1)
bg,talebear(er) (5)
bh,taletattler (3)
bi,tattle [n.] (1)
bj,tattle box (5)
bk,tattle butt (1)
bl,tattle tattler (1)
bm,tattler (102)
bn,tattletale (508)
bo,tattletale lady (1)
bp,tattletale tit (1)
bq,tattletaler (4)
br,tattling child (1)
bs,tattly box (1)
bt,telephone gossiper (2)
bu,teller (1)
bv,telltale (2)
bw,tongue tattler (1)
bx,two-face (1)
by,Uncle Tom (1)
bz,wagtail (1)
ca,white mouth (1)
cb,windjammer (1)
