<?xml version="1.0" encoding="UTF-8" standalone="yes"?>
<Audio>
	<entry id="1060390101" project="LAO" informant="INF039" reel="1a" region="1" narrative="_Q" label="Names, Titles and Occupations" state="OK" sex="F" age="75" age_level="3" education="1" town="Amber" county="Grady" land_regions="D" locality="R" date="1962" file_name="LAO(INF039)1a 01 Names, Titles and Occupations.mp3" path_to_file="LAP\Projects\LAO\Speakers\LAO(INF039)\Audio\LAO(INF039)1a\LAO(INF039)1a 01 Names, Titles and Occupations.mp3"/>
	<entry id="1060390102" project="LAO" informant="INF039" reel="1a" region="2" narrative="_N" label="Geography" state="OK" sex="F" age="75" age_level="3" education="1" town="Amber" county="Grady" land_regions="D" locality="R" date="1962" file_name="LAO(INF039)1a 02 Geography_N.mp3" path_to_file="LAP\Projects\LAO\Speakers\LAO(INF039)\Audio\LAO(INF039)1a\LAO(INF039)1a 02 Geography_N.mp3"/>
	<entry id="1060390103" project="LAO" informant="INF039" reel="1a" region="3" narrative="_N" label="The Farm" state="OK" sex="F" age="75" age_level="3" education="1" town="Amber" county="Grady" land_regions="D" locality="R" date="1962" file_name="LAO(INF039)1a 03 The Farm_N.mp3" path_to_file="LAP\Projects\LAO\Speakers\LAO(INF039)\Audio\LAO(INF039)1a\LAO(INF039)1a 03 The Farm_N.mp3"/>
	<entry id="1060390104" project="LAO" informant="INF039" reel="1a" region="4" narrative="_N" label="Dwellings" state="OK" sex="F" age="75" age_level="3" education="1" town="Amber" county="Grady" land_regions="D" locality="R" date="1962" file_name="LAO(INF039)1a 04 Dwellings_N.mp3" path_to_file="LAP\Projects\LAO\Speakers\LAO(INF039)\Audio\LAO(INF039)1a\LAO(INF039)1a 04 Dwellings_N.mp3"/>
	<entry id="1060390105" project="LAO" informant="INF039" reel="1a" region="5" narrative="_Q" label="Food and Cooking" state="OK" sex="F" age="75" age_level="3" education="1" town="Amber" county="Grady" land_regions="D" locality="R" date="1962" file_name="LAO(INF039)1a 05 Food and Cooking.mp3" path_to_file="LAP\Projects\LAO\Speakers\LAO(INF039)\Audio\LAO(INF039)1a\LAO(INF039)1a 05 Food and Cooking.mp3"/>
	<entry id="1060390106" project="LAO" informant="INF039" reel="1a" region="6" narrative="_Q" label="Dwellings " state="OK" sex="F" age="75" age_level="3" education="1" town="Amber" county="Grady" land_regions="D" locality="R" date="1962" file_name="LAO(INF039)1a 06 Dwellings .mp3" path_to_file="LAP\Projects\LAO\Speakers\LAO(INF039)\Audio\LAO(INF039)1a\LAO(INF039)1a 06 Dwellings .mp3"/>
	<entry id="1060390107" project="LAO" informant="INF039" reel="1a" region="7" narrative="_N" label="Sport and Play" state="OK" sex="F" age="75" age_level="3" education="1" town="Amber" county="Grady" land_regions="D" locality="R" date="1962" file_name="LAO(INF039)1a 07 Sport and Play_N.mp3" path_to_file="LAP\Projects\LAO\Speakers\LAO(INF039)\Audio\LAO(INF039)1a\LAO(INF039)1a 07 Sport and Play_N.mp3"/>
	<entry id="3060390101" project="LAO" informant="INF039" reel="1a" region="0" narrative="_I" label="Metadata" state="OK" sex="F" age="75" age_level="3" education="1" town="Amber" county="Grady" land_regions="D" locality="R" date="1962" file_name="LAO(INF039)1ameta.txt" path_to_file="LAP\Projects\LAO\Speakers\LAO(INF039)\Audio\LAO(INF039)1a\LAO(INF039)1ameta.txt"/>
	<entry id="1060390108" project="LAO" informant="INF039" reel="1b" region="1" narrative="_Q" label="Social Relations" state="OK" sex="F" age="75" age_level="3" education="1" town="Amber" county="Grady" land_regions="D" locality="R" date="1962" file_name="LAO(INF039)1b 01 Social Relations.mp3" path_to_file="LAP\Projects\LAO\Speakers\LAO(INF039)\Audio\LAO(INF039)1b\LAO(INF039)1b 01 Social Relations.mp3"/>
	<entry id="1060390109" project="LAO" informant="INF039" reel="1b" region="2" narrative="_Q" label="Dwellings" state="OK" sex="F" age="75" age_level="3" education="1" town="Amber" county="Grady" land_regions="D" locality="R" date="1962" file_name="LAO(INF039)1b 02 Dwellings.mp3" path_to_file="LAP\Projects\LAO\Speakers\LAO(INF039)\Audio\LAO(INF039)1b\LAO(INF039)1b 02 Dwellings.mp3"/>
	<entry id="1060390110" project="LAO" informant="INF039" reel="1b" region="3" narrative="_N" label="Wild Animals" state="OK" sex="F" age="75" age_level="3" education="1" town="Amber" county="Grady" land_regions="D" locality="R" date="1962" file_name="LAO(INF039)1b 03 Wild Animals_N.mp3" path_to_file="LAP\Projects\LAO\Speakers\LAO(INF039)\Audio\LAO(INF039)1b\LAO(INF039)1b 03 Wild Animals_N.mp3"/>
	<entry id="1060390111" project="LAO" informant="INF039" reel="1b" region="4" narrative="_Q" label="Containers and Utensils" state="OK" sex="F" age="75" age_level="3" education="1" town="Amber" county="Grady" land_regions="D" locality="R" date="1962" file_name="LAO(INF039)1b 04 Containers and Utensils.mp3" path_to_file="LAP\Projects\LAO\Speakers\LAO(INF039)\Audio\LAO(INF039)1b\LAO(INF039)1b 04 Containers and Utensils.mp3"/>
	<entry id="1060390112" project="LAO" informant="INF039" reel="1b" region="5" narrative="_Q" label="Containers and Utensils" state="OK" sex="F" age="75" age_level="3" education="1" town="Amber" county="Grady" land_regions="D" locality="R" date="1962" file_name="LAO(INF039)1b 05 Containers and Utensils.mp3" path_to_file="LAP\Projects\LAO\Speakers\LAO(INF039)\Audio\LAO(INF039)1b\LAO(INF039)1b 05 Containers and Utensils.mp3"/>
	<entry id="1060390113" project="LAO" informant="INF039" reel="1b" region="6" narrative="_Q" label="Dwellings" state="OK" sex="F" age="75" age_level="3" education="1" town="Amber" county="Grady" land_regions="D" locality="R" date="1962" file_name="LAO(INF039)1b 06 Dwellings.mp3" path_to_file="LAP\Projects\LAO\Speakers\LAO(INF039)\Audio\LAO(INF039)1b\LAO(INF039)1b 06 Dwellings.mp3"/>
	<entry id="1060390114" project="LAO" informant="INF039" reel="1b" region="7" narrative="_Q" label="The Farm" state="OK" sex="F" age="75" age_level="3" education="1" town="Amber" county="Grady" land_regions="D" locality="R" date="1962" file_name="LAO(INF039)1b 07 The Farm.mp3" path_to_file="LAP\Projects\LAO\Speakers\LAO(INF039)\Audio\LAO(INF039)1b\LAO(INF039)1b 07 The Farm.mp3"/>
	<entry id="3060390102" project="LAO" informant="INF039" reel="1b" region="0" narrative="_I" label="Metadata" state="OK" sex="F" age="75" age_level="3" education="1" town="Amber" county="Grady" land_regions="D" locality="R" date="1962" file_name="LAO(INF039)1bmeta.txt" path_to_file="LAP\Projects\LAO\Speakers\LAO(INF039)\Audio\LAO(INF039)1b\LAO(INF039)1bmeta.txt"/>
	<entry id="1060390115" project="LAO" informant="INF039" reel="1c" region="1" narrative="_Q" label="The Farm" state="OK" sex="F" age="75" age_level="3" education="1" town="Amber" county="Grady" land_regions="D" locality="R" date="1962" file_name="LAO(INF039)1c 01 The Farm.mp3" path_to_file="LAP\Projects\LAO\Speakers\LAO(INF039)\Audio\LAO(INF039)1c\LAO(INF039)1c 01 The Farm.mp3"/>
	<entry id="1060390116" project="LAO" informant="INF039" reel="1c" region="2" narrative="_Q" label="Public Institutions" state="OK" sex="F" age="75" age_level="3" education="1" town="Amber" county="Grady" land_regions="D" locality="R" date="1962" file_name="LAO(INF039)1c 02 Public Institutions.mp3" path_to_file="LAP\Projects\LAO\Speakers\LAO(INF039)\Audio\LAO(INF039)1c\LAO(INF039)1c 02 Public Institutions.mp3"/>
	<entry id="1060390117" project="LAO" informant="INF039" reel="1c" region="3" narrative="_Q" label="The Farm" state="OK" sex="F" age="75" age_level="3" education="1" town="Amber" county="Grady" land_regions="D" locality="R" date="1962" file_name="LAO(INF039)1c 03 The Farm.mp3" path_to_file="LAP\Projects\LAO\Speakers\LAO(INF039)\Audio\LAO(INF039)1c\LAO(INF039)1c 03 The Farm.mp3"/>
	<entry id="1060390118" project="LAO" informant="INF039" reel="1c" region="4" narrative="_Q" label="The Farm" state="OK" sex="F" age="75" age_level="3" education="1" town="Amber" county="Grady" land_regions="D" locality="R" date="1962" file_name="LAO(INF039)1c 04 The Farm.mp3" path_to_file="LAP\Projects\LAO\Speakers\LAO(INF039)\Audio\LAO(INF039)1c\LAO(INF039)1c 04 The Farm.mp3"/>
	<entry id="1060390119" project="LAO" informant="INF039" reel="1c" region="5" narrative="_N" label="The Farm" state="OK" sex="F" age="75" age_level="3" education="1" town="Amber" county="Grady" land_regions="D" locality="R" date="1962" file_name="LAO(INF039)1c 05 The Farm_N.mp3" path_to_file="LAP\Projects\LAO\Speakers\LAO(INF039)\Audio\LAO(INF039)1c\LAO(INF039)1c 05 The Farm_N.mp3"/>
	<entry id="1060390120" project="LAO" informant="INF039" reel="1c" region="6" narrative="_Q" label="Containers and Utensils" state="OK" sex="F" age="75" age_level="3" education="1" town="Amber" county="Grady" land_regions="D" locality="R" date="1962" file_name="LAO(INF039)1c 06 Containers and Utensils.mp3" path_to_file="LAP\Projects\LAO\Speakers\LAO(INF039)\Audio\LAO(INF039)1c\LAO(INF039)1c 06 Containers and Utensils.mp3"/>
	<entry id="1060390121" project="LAO" informant="INF039" reel="1c" region="7" narrative="_N" label="Food and Cooking" state="OK" sex="F" age="75" age_level="3" education="1" town="Amber" county="Grady" land_regions="D" locality="R" date="1962" file_name="LAO(INF039)1c 07 Food and Cooking_N.mp3" path_to_file="LAP\Projects\LAO\Speakers\LAO(INF039)\Audio\LAO(INF039)1c\LAO(INF039)1c 07 Food and Cooking_N.mp3"/>
	<entry id="1060390122" project="LAO" informant="INF039" reel="1c" region="8" narrative="_Q" label="Domestic Animals" state="OK" sex="F" age="75" age_level="3" education="1" town="Amber" county="Grady" land_regions="D" locality="R" date="1962" file_name="LAO(INF039)1c 08 Domestic Animals.mp3" path_to_file="LAP\Projects\LAO\Speakers\LAO(INF039)\Audio\LAO(INF039)1c\LAO(INF039)1c 08 Domestic Animals.mp3"/>
	<entry id="3060390103" project="LAO" informant="INF039" reel="1c" region="0" narrative="_I" label="Metadata" state="OK" sex="F" age="75" age_level="3" education="1" town="Amber" county="Grady" land_regions="D" locality="R" date="1962" file_name="LAO(INF039)1cmeta.txt" path_to_file="LAP\Projects\LAO\Speakers\LAO(INF039)\Audio\LAO(INF039)1c\LAO(INF039)1cmeta.txt"/>
	<entry id="1060390201" project="LAO" informant="INF039" reel="2a" region="1" narrative="_Q" label="Family" state="OK" sex="F" age="75" age_level="3" education="1" town="Amber" county="Grady" land_regions="D" locality="R" date="1962" file_name="LAO(INF039)2a 01 Family.mp3" path_to_file="LAP\Projects\LAO\Speakers\LAO(INF039)\Audio\LAO(INF039)2a\LAO(INF039)2a 01 Family.mp3"/>
	<entry id="1060390202" project="LAO" informant="INF039" reel="2a" region="2" narrative="_Q" label="Containers and Utensils" state="OK" sex="F" age="75" age_level="3" education="1" town="Amber" county="Grady" land_regions="D" locality="R" date="1962" file_name="LAO(INF039)2a 02 Containers and Utensils.mp3" path_to_file="LAP\Projects\LAO\Speakers\LAO(INF039)\Audio\LAO(INF039)2a\LAO(INF039)2a 02 Containers and Utensils.mp3"/>
	<entry id="1060390203" project="LAO" informant="INF039" reel="2a" region="3" narrative="_Q" label="Social Relations " state="OK" sex="F" age="75" age_level="3" education="1" town="Amber" county="Grady" land_regions="D" locality="R" date="1962" file_name="LAO(INF039)2a 03 Social Relations .mp3" path_to_file="LAP\Projects\LAO\Speakers\LAO(INF039)\Audio\LAO(INF039)2a\LAO(INF039)2a 03 Social Relations .mp3"/>
	<entry id="1060390204" project="LAO" informant="INF039" reel="2a" region="4" narrative="_Q" label="Topography" state="OK" sex="F" age="75" age_level="3" education="1" town="Amber" county="Grady" land_regions="D" locality="R" date="1962" file_name="LAO(INF039)2a 04 Topography.mp3" path_to_file="LAP\Projects\LAO\Speakers\LAO(INF039)\Audio\LAO(INF039)2a\LAO(INF039)2a 04 Topography.mp3"/>
	<entry id="1060390205" project="LAO" informant="INF039" reel="2a" region="5" narrative="_Q" label="Vehicles" state="OK" sex="F" age="75" age_level="3" education="1" town="Amber" county="Grady" land_regions="D" locality="R" date="1962" file_name="LAO(INF039)2a 05 Vehicles.mp3" path_to_file="LAP\Projects\LAO\Speakers\LAO(INF039)\Audio\LAO(INF039)2a\LAO(INF039)2a 05 Vehicles.mp3"/>
	<entry id="1060390206" project="LAO" informant="INF039" reel="2a" region="6" narrative="_N" label="Vehicles" state="OK" sex="F" age="75" age_level="3" education="1" town="Amber" county="Grady" land_regions="D" locality="R" date="1962" file_name="LAO(INF039)2a 06 Vehicles_N.mp3" path_to_file="LAP\Projects\LAO\Speakers\LAO(INF039)\Audio\LAO(INF039)2a\LAO(INF039)2a 06 Vehicles_N.mp3"/>
	<entry id="1060390207" project="LAO" informant="INF039" reel="2a" region="7" narrative="_Q" label="Vehicles" state="OK" sex="F" age="75" age_level="3" education="1" town="Amber" county="Grady" land_regions="D" locality="R" date="1962" file_name="LAO(INF039)2a 07 Vehicles.mp3" path_to_file="LAP\Projects\LAO\Speakers\LAO(INF039)\Audio\LAO(INF039)2a\LAO(INF039)2a 07 Vehicles.mp3"/>
	<entry id="3060390201" project="LAO" informant="INF039" reel="2a" region="0" narrative="_I" label="Metadata" state="OK" sex="F" age="75" age_level="3" education="1" town="Amber" county="Grady" land_regions="D" locality="R" date="1962" file_name="LAO(INF039)2ameta.txt" path_to_file="LAP\Projects\LAO\Speakers\LAO(INF039)\Audio\LAO(INF039)2a\LAO(INF039)2ameta.txt"/>
	<entry id="1060390208" project="LAO" informant="INF039" reel="2b" region="1" narrative="_N" label="Containers and Utensils" state="OK" sex="F" age="75" age_level="3" education="1" town="Amber" county="Grady" land_regions="D" locality="R" date="1962" file_name="LAO(INF039)2b 01 Containers and Utensils_N.mp3" path_to_file="LAP\Projects\LAO\Speakers\LAO(INF039)\Audio\LAO(INF039)2b\LAO(INF039)2b 01 Containers and Utensils_N.mp3"/>
	<entry id="1060390209" project="LAO" informant="INF039" reel="2b" region="2" narrative="_Q" label="Weather" state="OK" sex="F" age="75" age_level="3" education="1" town="Amber" county="Grady" land_regions="D" locality="R" date="1962" file_name="LAO(INF039)2b 02 Weather.mp3" path_to_file="LAP\Projects\LAO\Speakers\LAO(INF039)\Audio\LAO(INF039)2b\LAO(INF039)2b 02 Weather.mp3"/>
	<entry id="1060390210" project="LAO" informant="INF039" reel="2b" region="3" narrative="_N" label="Public Institutions" state="OK" sex="F" age="75" age_level="3" education="1" town="Amber" county="Grady" land_regions="D" locality="R" date="1962" file_name="LAO(INF039)2b 03 Public Institutions_N.mp3" path_to_file="LAP\Projects\LAO\Speakers\LAO(INF039)\Audio\LAO(INF039)2b\LAO(INF039)2b 03 Public Institutions_N.mp3"/>
	<entry id="1060390211" project="LAO" informant="INF039" reel="2b" region="4" narrative="_N" label="Public Institutions" state="OK" sex="F" age="75" age_level="3" education="1" town="Amber" county="Grady" land_regions="D" locality="R" date="1962" file_name="LAO(INF039)2b 04 Public Institutions_N.mp3" path_to_file="LAP\Projects\LAO\Speakers\LAO(INF039)\Audio\LAO(INF039)2b\LAO(INF039)2b 04 Public Institutions_N.mp3"/>
	<entry id="1060390212" project="LAO" informant="INF039" reel="2b" region="5" narrative="_Q" label="Family" state="OK" sex="F" age="75" age_level="3" education="1" town="Amber" county="Grady" land_regions="D" locality="R" date="1962" file_name="LAO(INF039)2b 05 Family.mp3" path_to_file="LAP\Projects\LAO\Speakers\LAO(INF039)\Audio\LAO(INF039)2b\LAO(INF039)2b 05 Family.mp3"/>
	<entry id="1060390213" project="LAO" informant="INF039" reel="2b" region="6" narrative="_Q" label="Containers and Utensils" state="OK" sex="F" age="75" age_level="3" education="1" town="Amber" county="Grady" land_regions="D" locality="R" date="1962" file_name="LAO(INF039)2b 06 Containers and Utensils.mp3" path_to_file="LAP\Projects\LAO\Speakers\LAO(INF039)\Audio\LAO(INF039)2b\LAO(INF039)2b 06 Containers and Utensils.mp3"/>
	<entry id="1060390214" project="LAO" informant="INF039" reel="2b" region="7" narrative="_Q" label="Business" state="OK" sex="F" age="75" age_level="3" education="1" town="Amber" county="Grady" land_regions="D" locality="R" date="1962" file_name="LAO(INF039)2b 07 Business.mp3" path_to_file="LAP\Projects\LAO\Speakers\LAO(INF039)\Audio\LAO(INF039)2b\LAO(INF039)2b 07 Business.mp3"/>
	<entry id="3060390202" project="LAO" informant="INF039" reel="2b" region="0" narrative="_I" label="Metadata" state="OK" sex="F" age="75" age_level="3" education="1" town="Amber" county="Grady" land_regions="D" locality="R" date="1962" file_name="LAO(INF039)2bmeta.txt" path_to_file="LAP\Projects\LAO\Speakers\LAO(INF039)\Audio\LAO(INF039)2b\LAO(INF039)2bmeta.txt"/>
	<entry id="1060390215" project="LAO" informant="INF039" reel="2c" region="1" narrative="_Q" label="Clothing " state="OK" sex="F" age="75" age_level="3" education="1" town="Amber" county="Grady" land_regions="D" locality="R" date="1962" file_name="LAO(INF039)2c 01 Clothing .mp3" path_to_file="LAP\Projects\LAO\Speakers\LAO(INF039)\Audio\LAO(INF039)2c\LAO(INF039)2c 01 Clothing .mp3"/>
	<entry id="1060390216" project="LAO" informant="INF039" reel="2c" region="2" narrative="_Q" label="Food and Cooking" state="OK" sex="F" age="75" age_level="3" education="1" town="Amber" county="Grady" land_regions="D" locality="R" date="1962" file_name="LAO(INF039)2c 02 Food and Cooking.mp3" path_to_file="LAP\Projects\LAO\Speakers\LAO(INF039)\Audio\LAO(INF039)2c\LAO(INF039)2c 02 Food and Cooking.mp3"/>
	<entry id="1060390217" project="LAO" informant="INF039" reel="2c" region="3" narrative="_Q" label="Food and Cooking" state="OK" sex="F" age="75" age_level="3" education="1" town="Amber" county="Grady" land_regions="D" locality="R" date="1962" file_name="LAO(INF039)2c 03 Food and Cooking.mp3" path_to_file="LAP\Projects\LAO\Speakers\LAO(INF039)\Audio\LAO(INF039)2c\LAO(INF039)2c 03 Food and Cooking.mp3"/>
	<entry id="1060390218" project="LAO" informant="INF039" reel="2c" region="4" narrative="_Q" label="Sport and Play" state="OK" sex="F" age="75" age_level="3" education="1" town="Amber" county="Grady" land_regions="D" locality="R" date="1962" file_name="LAO(INF039)2c 04 Sport and Play.mp3" path_to_file="LAP\Projects\LAO\Speakers\LAO(INF039)\Audio\LAO(INF039)2c\LAO(INF039)2c 04 Sport and Play.mp3"/>
	<entry id="1060390219" project="LAO" informant="INF039" reel="2c" region="5" narrative="_Q" label="Sport and Play" state="OK" sex="F" age="75" age_level="3" education="1" town="Amber" county="Grady" land_regions="D" locality="R" date="1962" file_name="LAO(INF039)2c 05 Sport and Play.mp3" path_to_file="LAP\Projects\LAO\Speakers\LAO(INF039)\Audio\LAO(INF039)2c\LAO(INF039)2c 05 Sport and Play.mp3"/>
	<entry id="1060390220" project="LAO" informant="INF039" reel="2c" region="6" narrative="_Q" label="Food and Cooking" state="OK" sex="F" age="75" age_level="3" education="1" town="Amber" county="Grady" land_regions="D" locality="R" date="1962" file_name="LAO(INF039)2c 06 Food and Cooking.mp3" path_to_file="LAP\Projects\LAO\Speakers\LAO(INF039)\Audio\LAO(INF039)2c\LAO(INF039)2c 06 Food and Cooking.mp3"/>
	<entry id="1060390221" project="LAO" informant="INF039" reel="2c" region="7" narrative="_Q" label="Vegetables" state="OK" sex="F" age="75" age_level="3" education="1" town="Amber" county="Grady" land_regions="D" locality="R" date="1962" file_name="LAO(INF039)2c 07 Vegetables.mp3" path_to_file="LAP\Projects\LAO\Speakers\LAO(INF039)\Audio\LAO(INF039)2c\LAO(INF039)2c 07 Vegetables.mp3"/>
	<entry id="1060390222" project="LAO" informant="INF039" reel="2c" region="8" narrative="_Q" label="Agriculture" state="OK" sex="F" age="75" age_level="3" education="1" town="Amber" county="Grady" land_regions="D" locality="R" date="1962" file_name="LAO(INF039)2c 08 Agriculture.mp3" path_to_file="LAP\Projects\LAO\Speakers\LAO(INF039)\Audio\LAO(INF039)2c\LAO(INF039)2c 08 Agriculture.mp3"/>
	<entry id="3060390203" project="LAO" informant="INF039" reel="2c" region="0" narrative="_I" label="Metadata" state="OK" sex="F" age="75" age_level="3" education="1" town="Amber" county="Grady" land_regions="D" locality="R" date="1962" file_name="LAO(INF039)2cmeta.txt" path_to_file="LAP\Projects\LAO\Speakers\LAO(INF039)\Audio\LAO(INF039)2c\LAO(INF039)2cmeta.txt"/>
	<entry id="1060390301" project="LAO" informant="INF039" reel="3a" region="1" narrative="_Q" label="Agriculture" state="OK" sex="F" age="75" age_level="3" education="1" town="Amber" county="Grady" land_regions="D" locality="R" date="1962" file_name="LAO(INF039)3a 01 Agriculture.mp3" path_to_file="LAP\Projects\LAO\Speakers\LAO(INF039)\Audio\LAO(INF039)3a\LAO(INF039)3a 01 Agriculture.mp3"/>
	<entry id="1060390302" project="LAO" informant="INF039" reel="3a" region="2" narrative="_Q" label="Vehicles" state="OK" sex="F" age="75" age_level="3" education="1" town="Amber" county="Grady" land_regions="D" locality="R" date="1962" file_name="LAO(INF039)3a 02 Vehicles.mp3" path_to_file="LAP\Projects\LAO\Speakers\LAO(INF039)\Audio\LAO(INF039)3a\LAO(INF039)3a 02 Vehicles.mp3"/>
	<entry id="1060390303" project="LAO" informant="INF039" reel="3a" region="3" narrative="_N" label="Names, Titles and Occupations" state="OK" sex="F" age="75" age_level="3" education="1" town="Amber" county="Grady" land_regions="D" locality="R" date="1962" file_name="LAO(INF039)3a 03 Names, Titles and Occupations_N.mp3" path_to_file="LAP\Projects\LAO\Speakers\LAO(INF039)\Audio\LAO(INF039)3a\LAO(INF039)3a 03 Names, Titles and Occupations_N.mp3"/>
	<entry id="1060390304" project="LAO" informant="INF039" reel="3a" region="4" narrative="_Q" label="Domestic Animals" state="OK" sex="F" age="75" age_level="3" education="1" town="Amber" county="Grady" land_regions="D" locality="R" date="1962" file_name="LAO(INF039)3a 04 Domestic Animals.mp3" path_to_file="LAP\Projects\LAO\Speakers\LAO(INF039)\Audio\LAO(INF039)3a\LAO(INF039)3a 04 Domestic Animals.mp3"/>
	<entry id="1060390305" project="LAO" informant="INF039" reel="3a" region="5" narrative="_N" label="Domestic Animals" state="OK" sex="F" age="75" age_level="3" education="1" town="Amber" county="Grady" land_regions="D" locality="R" date="1962" file_name="LAO(INF039)3a 05 Domestic Animals_N.mp3" path_to_file="LAP\Projects\LAO\Speakers\LAO(INF039)\Audio\LAO(INF039)3a\LAO(INF039)3a 05 Domestic Animals_N.mp3"/>
	<entry id="1060390306" project="LAO" informant="INF039" reel="3a" region="6" narrative="_Q" label="Wild Animals" state="OK" sex="F" age="75" age_level="3" education="1" town="Amber" county="Grady" land_regions="D" locality="R" date="1962" file_name="LAO(INF039)3a 06 Wild Animals.mp3" path_to_file="LAP\Projects\LAO\Speakers\LAO(INF039)\Audio\LAO(INF039)3a\LAO(INF039)3a 06 Wild Animals.mp3"/>
	<entry id="1060390307" project="LAO" informant="INF039" reel="3a" region="7" narrative="_Q" label="Domestic Animals " state="OK" sex="F" age="75" age_level="3" education="1" town="Amber" county="Grady" land_regions="D" locality="R" date="1962" file_name="LAO(INF039)3a 07 Domestic Animals .mp3" path_to_file="LAP\Projects\LAO\Speakers\LAO(INF039)\Audio\LAO(INF039)3a\LAO(INF039)3a 07 Domestic Animals .mp3"/>
	<entry id="3060390301" project="LAO" informant="INF039" reel="3a" region="0" narrative="_I" label="Metadata" state="OK" sex="F" age="75" age_level="3" education="1" town="Amber" county="Grady" land_regions="D" locality="R" date="1962" file_name="LAO(INF039)3ameta.txt" path_to_file="LAP\Projects\LAO\Speakers\LAO(INF039)\Audio\LAO(INF039)3a\LAO(INF039)3ameta.txt"/>
	<entry id="1060390308" project="LAO" informant="INF039" reel="3b" region="1" narrative="_Q" label="Domestic Animals " state="OK" sex="F" age="75" age_level="3" education="1" town="Amber" county="Grady" land_regions="D" locality="R" date="1962" file_name="LAO(INF039)3b 01 Domestic Animals .mp3" path_to_file="LAP\Projects\LAO\Speakers\LAO(INF039)\Audio\LAO(INF039)3b\LAO(INF039)3b 01 Domestic Animals .mp3"/>
	<entry id="1060390309" project="LAO" informant="INF039" reel="3b" region="2" narrative="_Q" label="Trees and Shrubs" state="OK" sex="F" age="75" age_level="3" education="1" town="Amber" county="Grady" land_regions="D" locality="R" date="1962" file_name="LAO(INF039)3b 02 Trees and Shrubs.mp3" path_to_file="LAP\Projects\LAO\Speakers\LAO(INF039)\Audio\LAO(INF039)3b\LAO(INF039)3b 02 Trees and Shrubs.mp3"/>
	<entry id="1060390310" project="LAO" informant="INF039" reel="3b" region="3" narrative="_Q" label="Agriculture" state="OK" sex="F" age="75" age_level="3" education="1" town="Amber" county="Grady" land_regions="D" locality="R" date="1962" file_name="LAO(INF039)3b 03 Agriculture.mp3" path_to_file="LAP\Projects\LAO\Speakers\LAO(INF039)\Audio\LAO(INF039)3b\LAO(INF039)3b 03 Agriculture.mp3"/>
	<entry id="1060390311" project="LAO" informant="INF039" reel="3b" region="4" narrative="_Q" label="Food and Cooking" state="OK" sex="F" age="75" age_level="3" education="1" town="Amber" county="Grady" land_regions="D" locality="R" date="1962" file_name="LAO(INF039)3b 04 Food and Cooking.mp3" path_to_file="LAP\Projects\LAO\Speakers\LAO(INF039)\Audio\LAO(INF039)3b\LAO(INF039)3b 04 Food and Cooking.mp3"/>
	<entry id="1060390312" project="LAO" informant="INF039" reel="3b" region="5" narrative="_Q" label="Food and Cooking" state="OK" sex="F" age="75" age_level="3" education="1" town="Amber" county="Grady" land_regions="D" locality="R" date="1962" file_name="LAO(INF039)3b 05 Food and Cooking.mp3" path_to_file="LAP\Projects\LAO\Speakers\LAO(INF039)\Audio\LAO(INF039)3b\LAO(INF039)3b 05 Food and Cooking.mp3"/>
	<entry id="1060390313" project="LAO" informant="INF039" reel="3b" region="6" narrative="_Q" label="Time " state="OK" sex="F" age="75" age_level="3" education="1" town="Amber" county="Grady" land_regions="D" locality="R" date="1962" file_name="LAO(INF039)3b 06 Time .mp3" path_to_file="LAP\Projects\LAO\Speakers\LAO(INF039)\Audio\LAO(INF039)3b\LAO(INF039)3b 06 Time .mp3"/>
	<entry id="1060390314" project="LAO" informant="INF039" reel="3b" region="7" narrative="_Q" label="Vegetables" state="OK" sex="F" age="75" age_level="3" education="1" town="Amber" county="Grady" land_regions="D" locality="R" date="1962" file_name="LAO(INF039)3b 07 Vegetables.mp3" path_to_file="LAP\Projects\LAO\Speakers\LAO(INF039)\Audio\LAO(INF039)3b\LAO(INF039)3b 07 Vegetables.mp3"/>
	<entry id="3060390302" project="LAO" informant="INF039" reel="3b" region="0" narrative="_I" label="Metadata" state="OK" sex="F" age="75" age_level="3" education="1" town="Amber" county="Grady" land_regions="D" locality="R" date="1962" file_name="LAO(INF039)3bmeta.txt" path_to_file="LAP\Projects\LAO\Speakers\LAO(INF039)\Audio\LAO(INF039)3b\LAO(INF039)3bmeta.txt"/>
	<entry id="1060390315" project="LAO" informant="INF039" reel="3c" region="1" narrative="_Q" label="Wild Animals" state="OK" sex="F" age="75" age_level="3" education="1" town="Amber" county="Grady" land_regions="D" locality="R" date="1962" file_name="LAO(INF039)3c 01 Wild Animals.mp3" path_to_file="LAP\Projects\LAO\Speakers\LAO(INF039)\Audio\LAO(INF039)3c\LAO(INF039)3c 01 Wild Animals.mp3"/>
	<entry id="1060390316" project="LAO" informant="INF039" reel="3c" region="2" narrative="_Q" label="Vegetables" state="OK" sex="F" age="75" age_level="3" education="1" town="Amber" county="Grady" land_regions="D" locality="R" date="1962" file_name="LAO(INF039)3c 02 Vegetables.mp3" path_to_file="LAP\Projects\LAO\Speakers\LAO(INF039)\Audio\LAO(INF039)3c\LAO(INF039)3c 02 Vegetables.mp3"/>
	<entry id="1060390317" project="LAO" informant="INF039" reel="3c" region="3" narrative="_Q" label="Vegetables" state="OK" sex="F" age="75" age_level="3" education="1" town="Amber" county="Grady" land_regions="D" locality="R" date="1962" file_name="LAO(INF039)3c 03 Vegetables.mp3" path_to_file="LAP\Projects\LAO\Speakers\LAO(INF039)\Audio\LAO(INF039)3c\LAO(INF039)3c 03 Vegetables.mp3"/>
	<entry id="1060390318" project="LAO" informant="INF039" reel="3c" region="4" narrative="_Q" label="Vegetables" state="OK" sex="F" age="75" age_level="3" education="1" town="Amber" county="Grady" land_regions="D" locality="R" date="1962" file_name="LAO(INF039)3c 04 Vegetables.mp3" path_to_file="LAP\Projects\LAO\Speakers\LAO(INF039)\Audio\LAO(INF039)3c\LAO(INF039)3c 04 Vegetables.mp3"/>
	<entry id="1060390319" project="LAO" informant="INF039" reel="3c" region="5" narrative="_Q" label="Wild Animals" state="OK" sex="F" age="75" age_level="3" education="1" town="Amber" county="Grady" land_regions="D" locality="R" date="1962" file_name="LAO(INF039)3c 05 Wild Animals.mp3" path_to_file="LAP\Projects\LAO\Speakers\LAO(INF039)\Audio\LAO(INF039)3c\LAO(INF039)3c 05 Wild Animals.mp3"/>
	<entry id="1060390320" project="LAO" informant="INF039" reel="3c" region="6" narrative="_Q" label="Wild Animals " state="OK" sex="F" age="75" age_level="3" education="1" town="Amber" county="Grady" land_regions="D" locality="R" date="1962" file_name="LAO(INF039)3c 06 Wild Animals .mp3" path_to_file="LAP\Projects\LAO\Speakers\LAO(INF039)\Audio\LAO(INF039)3c\LAO(INF039)3c 06 Wild Animals .mp3"/>
	<entry id="1060390321" project="LAO" informant="INF039" reel="3c" region="7" narrative="_N" label="Wild Animals" state="OK" sex="F" age="75" age_level="3" education="1" town="Amber" county="Grady" land_regions="D" locality="R" date="1962" file_name="LAO(INF039)3c 07 Wild Animals_N.mp3" path_to_file="LAP\Projects\LAO\Speakers\LAO(INF039)\Audio\LAO(INF039)3c\LAO(INF039)3c 07 Wild Animals_N.mp3"/>
	<entry id="3060390303" project="LAO" informant="INF039" reel="3c" region="0" narrative="_I" label="Metadata" state="OK" sex="F" age="75" age_level="3" education="1" town="Amber" county="Grady" land_regions="D" locality="R" date="1962" file_name="LAO(INF039)3cmeta.txt" path_to_file="LAP\Projects\LAO\Speakers\LAO(INF039)\Audio\LAO(INF039)3c\LAO(INF039)3cmeta.txt"/>
	<entry id="1060390401" project="LAO" informant="INF039" reel="4a" region="1" narrative="_Q" label="Sport and Play" state="OK" sex="F" age="75" age_level="3" education="1" town="Amber" county="Grady" land_regions="D" locality="R" date="1962" file_name="LAO(INF039)4a 01 Sport and Play.mp3" path_to_file="LAP\Projects\LAO\Speakers\LAO(INF039)\Audio\LAO(INF039)4a\LAO(INF039)4a 01 Sport and Play.mp3"/>
	<entry id="1060390402" project="LAO" informant="INF039" reel="4a" region="2" narrative="_Q" label="Sport and Play" state="OK" sex="F" age="75" age_level="3" education="1" town="Amber" county="Grady" land_regions="D" locality="R" date="1962" file_name="LAO(INF039)4a 02 Sport and Play.mp3" path_to_file="LAP\Projects\LAO\Speakers\LAO(INF039)\Audio\LAO(INF039)4a\LAO(INF039)4a 02 Sport and Play.mp3"/>
	<entry id="1060390403" project="LAO" informant="INF039" reel="4a" region="3" narrative="_Q" label="Wild Animals" state="OK" sex="F" age="75" age_level="3" education="1" town="Amber" county="Grady" land_regions="D" locality="R" date="1962" file_name="LAO(INF039)4a 03 Wild Animals.mp3" path_to_file="LAP\Projects\LAO\Speakers\LAO(INF039)\Audio\LAO(INF039)4a\LAO(INF039)4a 03 Wild Animals.mp3"/>
	<entry id="1060390404" project="LAO" informant="INF039" reel="4a" region="4" narrative="_Q" label="Wild Animals" state="OK" sex="F" age="75" age_level="3" education="1" town="Amber" county="Grady" land_regions="D" locality="R" date="1962" file_name="LAO(INF039)4a 04 Wild Animals.mp3" path_to_file="LAP\Projects\LAO\Speakers\LAO(INF039)\Audio\LAO(INF039)4a\LAO(INF039)4a 04 Wild Animals.mp3"/>
	<entry id="1060390405" project="LAO" informant="INF039" reel="4a" region="5" narrative="_Q" label="Names, Titles and Occupations" state="OK" sex="F" age="75" age_level="3" education="1" town="Amber" county="Grady" land_regions="D" locality="R" date="1962" file_name="LAO(INF039)4a 05 Names, Titles and Occupations.mp3" path_to_file="LAP\Projects\LAO\Speakers\LAO(INF039)\Audio\LAO(INF039)4a\LAO(INF039)4a 05 Names, Titles and Occupations.mp3"/>
	<entry id="3060390401" project="LAO" informant="INF039" reel="4a" region="0" narrative="_I" label="Metadata" state="OK" sex="F" age="75" age_level="3" education="1" town="Amber" county="Grady" land_regions="D" locality="R" date="1962" file_name="LAO(INF039)4ameta.txt" path_to_file="LAP\Projects\LAO\Speakers\LAO(INF039)\Audio\LAO(INF039)4a\LAO(INF039)4ameta.txt"/>
	<entry id="1060390406" project="LAO" informant="INF039" reel="4b" region="1" narrative="_Q" label="Wild Animals" state="OK" sex="F" age="75" age_level="3" education="1" town="Amber" county="Grady" land_regions="D" locality="R" date="1962" file_name="LAO(INF039)4b 01 Wild Animals.mp3" path_to_file="LAP\Projects\LAO\Speakers\LAO(INF039)\Audio\LAO(INF039)4b\LAO(INF039)4b 01 Wild Animals.mp3"/>
	<entry id="1060390407" project="LAO" informant="INF039" reel="4b" region="2" narrative="_N" label="Personal Characteristics" state="OK" sex="F" age="75" age_level="3" education="1" town="Amber" county="Grady" land_regions="D" locality="R" date="1962" file_name="LAO(INF039)4b 02 Personal Characteristics_N.mp3" path_to_file="LAP\Projects\LAO\Speakers\LAO(INF039)\Audio\LAO(INF039)4b\LAO(INF039)4b 02 Personal Characteristics_N.mp3"/>
	<entry id="1060390408" project="LAO" informant="INF039" reel="4b" region="3" narrative="_Q" label="Social Relations" state="OK" sex="F" age="75" age_level="3" education="1" town="Amber" county="Grady" land_regions="D" locality="R" date="1962" file_name="LAO(INF039)4b 03 Social Relations.mp3" path_to_file="LAP\Projects\LAO\Speakers\LAO(INF039)\Audio\LAO(INF039)4b\LAO(INF039)4b 03 Social Relations.mp3"/>
	<entry id="1060390409" project="LAO" informant="INF039" reel="4b" region="4" narrative="_N" label="Public Institutions " state="OK" sex="F" age="75" age_level="3" education="1" town="Amber" county="Grady" land_regions="D" locality="R" date="1962" file_name="LAO(INF039)4b 04 Public Institutions_N .mp3" path_to_file="LAP\Projects\LAO\Speakers\LAO(INF039)\Audio\LAO(INF039)4b\LAO(INF039)4b 04 Public Institutions_N .mp3"/>
	<entry id="1060390410" project="LAO" informant="INF039" reel="4b" region="5" narrative="_Q" label="Geography" state="OK" sex="F" age="75" age_level="3" education="1" town="Amber" county="Grady" land_regions="D" locality="R" date="1962" file_name="LAO(INF039)4b 05 Geography.mp3" path_to_file="LAP\Projects\LAO\Speakers\LAO(INF039)\Audio\LAO(INF039)4b\LAO(INF039)4b 05 Geography.mp3"/>
	<entry id="1060390411" project="LAO" informant="INF039" reel="4b" region="6" narrative="_N" label="Social Relations" state="OK" sex="F" age="75" age_level="3" education="1" town="Amber" county="Grady" land_regions="D" locality="R" date="1962" file_name="LAO(INF039)4b 06 Social Relations_N.mp3" path_to_file="LAP\Projects\LAO\Speakers\LAO(INF039)\Audio\LAO(INF039)4b\LAO(INF039)4b 06 Social Relations_N.mp3"/>
	<entry id="1060390412" project="LAO" informant="INF039" reel="4b" region="7" narrative="_N" label="Vehicles" state="OK" sex="F" age="75" age_level="3" education="1" town="Amber" county="Grady" land_regions="D" locality="R" date="1962" file_name="LAO(INF039)4b 07 Vehicles_N.mp3" path_to_file="LAP\Projects\LAO\Speakers\LAO(INF039)\Audio\LAO(INF039)4b\LAO(INF039)4b 07 Vehicles_N.mp3"/>
	<entry id="3060390402" project="LAO" informant="INF039" reel="4b" region="0" narrative="_I" label="Metadata" state="OK" sex="F" age="75" age_level="3" education="1" town="Amber" county="Grady" land_regions="D" locality="R" date="1962" file_name="LAO(INF039)4bmeta.txt" path_to_file="LAP\Projects\LAO\Speakers\LAO(INF039)\Audio\LAO(INF039)4b\LAO(INF039)4bmeta.txt"/>
	<entry id="1060390413" project="LAO" informant="INF039" reel="4c" region="1" narrative="_N" label="Vehicles" state="OK" sex="F" age="75" age_level="3" education="1" town="Amber" county="Grady" land_regions="D" locality="R" date="1962" file_name="LAO(INF039)4c 01 Vehicles_N.mp3" path_to_file="LAP\Projects\LAO\Speakers\LAO(INF039)\Audio\LAO(INF039)4c\LAO(INF039)4c 01 Vehicles_N.mp3"/>
	<entry id="1060390414" project="LAO" informant="INF039" reel="4c" region="2" narrative="_N" label="Social Relations " state="OK" sex="F" age="75" age_level="3" education="1" town="Amber" county="Grady" land_regions="D" locality="R" date="1962" file_name="LAO(INF039)4c 02 Social Relations_N .mp3" path_to_file="LAP\Projects\LAO\Speakers\LAO(INF039)\Audio\LAO(INF039)4c\LAO(INF039)4c 02 Social Relations_N .mp3"/>
	<entry id="1060390415" project="LAO" informant="INF039" reel="4c" region="3" narrative="_N" label="Public Institutions" state="OK" sex="F" age="75" age_level="3" education="1" town="Amber" county="Grady" land_regions="D" locality="R" date="1962" file_name="LAO(INF039)4c 03 Public Institutions_N.mp3" path_to_file="LAP\Projects\LAO\Speakers\LAO(INF039)\Audio\LAO(INF039)4c\LAO(INF039)4c 03 Public Institutions_N.mp3"/>
	<entry id="1060390416" project="LAO" informant="INF039" reel="4c" region="4" narrative="_N" label="Trees and Shrubs" state="OK" sex="F" age="75" age_level="3" education="1" town="Amber" county="Grady" land_regions="D" locality="R" date="1962" file_name="LAO(INF039)4c 04 Trees and Shrubs_N.mp3" path_to_file="LAP\Projects\LAO\Speakers\LAO(INF039)\Audio\LAO(INF039)4c\LAO(INF039)4c 04 Trees and Shrubs_N.mp3"/>
	<entry id="1060390417" project="LAO" informant="INF039" reel="4c" region="5" narrative="_Q" label="Trees and Shrubs" state="OK" sex="F" age="75" age_level="3" education="1" town="Amber" county="Grady" land_regions="D" locality="R" date="1962" file_name="LAO(INF039)4c 05 Trees and Shrubs.mp3" path_to_file="LAP\Projects\LAO\Speakers\LAO(INF039)\Audio\LAO(INF039)4c\LAO(INF039)4c 05 Trees and Shrubs.mp3"/>
	<entry id="1060390418" project="LAO" informant="INF039" reel="4c" region="6" narrative="_Q" label="Illness and Death" state="OK" sex="F" age="75" age_level="3" education="1" town="Amber" county="Grady" land_regions="D" locality="R" date="1962" file_name="LAO(INF039)4c 06 Illness and Death.mp3" path_to_file="LAP\Projects\LAO\Speakers\LAO(INF039)\Audio\LAO(INF039)4c\LAO(INF039)4c 06 Illness and Death.mp3"/>
	<entry id="1060390419" project="LAO" informant="INF039" reel="4c" region="7" narrative="_Q" label="Social Relations " state="OK" sex="F" age="75" age_level="3" education="1" town="Amber" county="Grady" land_regions="D" locality="R" date="1962" file_name="LAO(INF039)4c 07 Social Relations .mp3" path_to_file="LAP\Projects\LAO\Speakers\LAO(INF039)\Audio\LAO(INF039)4c\LAO(INF039)4c 07 Social Relations .mp3"/>
	<entry id="3060390403" project="LAO" informant="INF039" reel="4c" region="0" narrative="_I" label="Metadata" state="OK" sex="F" age="75" age_level="3" education="1" town="Amber" county="Grady" land_regions="D" locality="R" date="1962" file_name="LAO(INF039)4cmeta.txt" path_to_file="LAP\Projects\LAO\Speakers\LAO(INF039)\Audio\LAO(INF039)4c\LAO(INF039)4cmeta.txt"/>
	<entry id="1060390501" project="LAO" informant="INF039" reel="5a" region="1" narrative="_N" label="Names, Titles and Occupations" state="OK" sex="F" age="75" age_level="3" education="1" town="Amber" county="Grady" land_regions="D" locality="R" date="1962" file_name="LAO(INF039)5a 01 Names, Titles and Occupations_N.mp3" path_to_file="LAP\Projects\LAO\Speakers\LAO(INF039)\Audio\LAO(INF039)5a\LAO(INF039)5a 01 Names, Titles and Occupations_N.mp3"/>
	<entry id="1060390502" project="LAO" informant="INF039" reel="5a" region="2" narrative="_N" label="Social Relations " state="OK" sex="F" age="75" age_level="3" education="1" town="Amber" county="Grady" land_regions="D" locality="R" date="1962" file_name="LAO(INF039)5a 02 Social Relations _N.mp3" path_to_file="LAP\Projects\LAO\Speakers\LAO(INF039)\Audio\LAO(INF039)5a\LAO(INF039)5a 02 Social Relations _N.mp3"/>
	<entry id="1060390503" project="LAO" informant="INF039" reel="5a" region="3" narrative="_N" label="Names, Titles and Occupations" state="OK" sex="F" age="75" age_level="3" education="1" town="Amber" county="Grady" land_regions="D" locality="R" date="1962" file_name="LAO(INF039)5a 03 Names, Titles and Occupations_N.mp3" path_to_file="LAP\Projects\LAO\Speakers\LAO(INF039)\Audio\LAO(INF039)5a\LAO(INF039)5a 03 Names, Titles and Occupations_N.mp3"/>
	<entry id="1060390504" project="LAO" informant="INF039" reel="5a" region="4" narrative="_Q" label="Names, Titles and Occupations" state="OK" sex="F" age="75" age_level="3" education="1" town="Amber" county="Grady" land_regions="D" locality="R" date="1962" file_name="LAO(INF039)5a 04 Names, Titles and Occupations.mp3" path_to_file="LAP\Projects\LAO\Speakers\LAO(INF039)\Audio\LAO(INF039)5a\LAO(INF039)5a 04 Names, Titles and Occupations.mp3"/>
	<entry id="1060390505" project="LAO" informant="INF039" reel="5a" region="5" narrative="_Q" label="Social Relations" state="OK" sex="F" age="75" age_level="3" education="1" town="Amber" county="Grady" land_regions="D" locality="R" date="1962" file_name="LAO(INF039)5a 05 Social Relations.mp3" path_to_file="LAP\Projects\LAO\Speakers\LAO(INF039)\Audio\LAO(INF039)5a\LAO(INF039)5a 05 Social Relations.mp3"/>
	<entry id="1060390506" project="LAO" informant="INF039" reel="5a" region="6" narrative="_Q" label="Personal Characteristics" state="OK" sex="F" age="75" age_level="3" education="1" town="Amber" county="Grady" land_regions="D" locality="R" date="1962" file_name="LAO(INF039)5a 06 Personal Characteristics.mp3" path_to_file="LAP\Projects\LAO\Speakers\LAO(INF039)\Audio\LAO(INF039)5a\LAO(INF039)5a 06 Personal Characteristics.mp3"/>
	<entry id="1060390507" project="LAO" informant="INF039" reel="5a" region="7" narrative="_Q" label="Personal Characteristics" state="OK" sex="F" age="75" age_level="3" education="1" town="Amber" county="Grady" land_regions="D" locality="R" date="1962" file_name="LAO(INF039)5a 07 Personal Characteristics.mp3" path_to_file="LAP\Projects\LAO\Speakers\LAO(INF039)\Audio\LAO(INF039)5a\LAO(INF039)5a 07 Personal Characteristics.mp3"/>
	<entry id="3060390501" project="LAO" informant="INF039" reel="5a" region="0" narrative="_I" label="Metadata" state="OK" sex="F" age="75" age_level="3" education="1" town="Amber" county="Grady" land_regions="D" locality="R" date="1962" file_name="LAO(INF039)5ameta.txt" path_to_file="LAP\Projects\LAO\Speakers\LAO(INF039)\Audio\LAO(INF039)5a\LAO(INF039)5ameta.txt"/>
	<entry id="1060390508" project="LAO" informant="INF039" reel="5b" region="1" narrative="_Q" label="Illness and Death" state="OK" sex="F" age="75" age_level="3" education="1" town="Amber" county="Grady" land_regions="D" locality="R" date="1962" file_name="LAO(INF039)5b 01 Illness and Death.mp3" path_to_file="LAP\Projects\LAO\Speakers\LAO(INF039)\Audio\LAO(INF039)5b\LAO(INF039)5b 01 Illness and Death.mp3"/>
	<entry id="1060390509" project="LAO" informant="INF039" reel="5b" region="2" narrative="_Q" label="Verbs_Principal Parts" state="OK" sex="F" age="75" age_level="3" education="1" town="Amber" county="Grady" land_regions="D" locality="R" date="1962" file_name="LAO(INF039)5b 02 Verbs_Principal Parts.mp3" path_to_file="LAP\Projects\LAO\Speakers\LAO(INF039)\Audio\LAO(INF039)5b\LAO(INF039)5b 02 Verbs_Principal Parts.mp3"/>
	<entry id="1060390510" project="LAO" informant="INF039" reel="5b" region="3" narrative="_Q" label="Geography" state="OK" sex="F" age="75" age_level="3" education="1" town="Amber" county="Grady" land_regions="D" locality="R" date="1962" file_name="LAO(INF039)5b 03 Geography.mp3" path_to_file="LAP\Projects\LAO\Speakers\LAO(INF039)\Audio\LAO(INF039)5b\LAO(INF039)5b 03 Geography.mp3"/>
	<entry id="1060390511" project="LAO" informant="INF039" reel="5b" region="4" narrative="_Q" label="Names, Titles and Occupations" state="OK" sex="F" age="75" age_level="3" education="1" town="Amber" county="Grady" land_regions="D" locality="R" date="1962" file_name="LAO(INF039)5b 04 Names, Titles and Occupations.mp3" path_to_file="LAP\Projects\LAO\Speakers\LAO(INF039)\Audio\LAO(INF039)5b\LAO(INF039)5b 04 Names, Titles and Occupations.mp3"/>
	<entry id="1060390512" project="LAO" informant="INF039" reel="5b" region="5" narrative="_Q" label="Domestic Animals " state="OK" sex="F" age="75" age_level="3" education="1" town="Amber" county="Grady" land_regions="D" locality="R" date="1962" file_name="LAO(INF039)5b 05 Domestic Animals .mp3" path_to_file="LAP\Projects\LAO\Speakers\LAO(INF039)\Audio\LAO(INF039)5b\LAO(INF039)5b 05 Domestic Animals .mp3"/>
	<entry id="1060390513" project="LAO" informant="INF039" reel="5b" region="6" narrative="_Q" label="Geography" state="OK" sex="F" age="75" age_level="3" education="1" town="Amber" county="Grady" land_regions="D" locality="R" date="1962" file_name="LAO(INF039)5b 06 Geography.mp3" path_to_file="LAP\Projects\LAO\Speakers\LAO(INF039)\Audio\LAO(INF039)5b\LAO(INF039)5b 06 Geography.mp3"/>
	<entry id="1060390514" project="LAO" informant="INF039" reel="5b" region="7" narrative="_Q" label="Religion" state="OK" sex="F" age="75" age_level="3" education="1" town="Amber" county="Grady" land_regions="D" locality="R" date="1962" file_name="LAO(INF039)5b 07 Religion.mp3" path_to_file="LAP\Projects\LAO\Speakers\LAO(INF039)\Audio\LAO(INF039)5b\LAO(INF039)5b 07 Religion.mp3"/>
	<entry id="3060390502" project="LAO" informant="INF039" reel="5b" region="0" narrative="_I" label="Metadata" state="OK" sex="F" age="75" age_level="3" education="1" town="Amber" county="Grady" land_regions="D" locality="R" date="1962" file_name="LAO(INF039)5bmeta.txt" path_to_file="LAP\Projects\LAO\Speakers\LAO(INF039)\Audio\LAO(INF039)5b\LAO(INF039)5bmeta.txt"/>
	<entry id="1060390515" project="LAO" informant="INF039" reel="5c" region="1" narrative="_Q" label="Sport and Play" state="OK" sex="F" age="75" age_level="3" education="1" town="Amber" county="Grady" land_regions="D" locality="R" date="1962" file_name="LAO(INF039)5c 01 Sport and Play.mp3" path_to_file="LAP\Projects\LAO\Speakers\LAO(INF039)\Audio\LAO(INF039)5c\LAO(INF039)5c 01 Sport and Play.mp3"/>
	<entry id="1060390516" project="LAO" informant="INF039" reel="5c" region="2" narrative="_Q" label="Verbs_Principal Parts" state="OK" sex="F" age="75" age_level="3" education="1" town="Amber" county="Grady" land_regions="D" locality="R" date="1962" file_name="LAO(INF039)5c 02 Verbs_Principal Parts.mp3" path_to_file="LAP\Projects\LAO\Speakers\LAO(INF039)\Audio\LAO(INF039)5c\LAO(INF039)5c 02 Verbs_Principal Parts.mp3"/>
	<entry id="1060390517" project="LAO" informant="INF039" reel="5c" region="3" narrative="_Q" label="Numerals" state="OK" sex="F" age="75" age_level="3" education="1" town="Amber" county="Grady" land_regions="D" locality="R" date="1962" file_name="LAO(INF039)5c 03 Numerals.mp3" path_to_file="LAP\Projects\LAO\Speakers\LAO(INF039)\Audio\LAO(INF039)5c\LAO(INF039)5c 03 Numerals.mp3"/>
	<entry id="1060390518" project="LAO" informant="INF039" reel="5c" region="4" narrative="_Q" label="Time" state="OK" sex="F" age="75" age_level="3" education="1" town="Amber" county="Grady" land_regions="D" locality="R" date="1962" file_name="LAO(INF039)5c 04 Time.mp3" path_to_file="LAP\Projects\LAO\Speakers\LAO(INF039)\Audio\LAO(INF039)5c\LAO(INF039)5c 04 Time.mp3"/>
	<entry id="1060390519" project="LAO" informant="INF039" reel="5c" region="5" narrative="_Q" label="Weather" state="OK" sex="F" age="75" age_level="3" education="1" town="Amber" county="Grady" land_regions="D" locality="R" date="1962" file_name="LAO(INF039)5c 05 Weather.mp3" path_to_file="LAP\Projects\LAO\Speakers\LAO(INF039)\Audio\LAO(INF039)5c\LAO(INF039)5c 05 Weather.mp3"/>
	<entry id="1060390520" project="LAO" informant="INF039" reel="5c" region="6" narrative="_Q" label="Weather" state="OK" sex="F" age="75" age_level="3" education="1" town="Amber" county="Grady" land_regions="D" locality="R" date="1962" file_name="LAO(INF039)5c 06 Weather.mp3" path_to_file="LAP\Projects\LAO\Speakers\LAO(INF039)\Audio\LAO(INF039)5c\LAO(INF039)5c 06 Weather.mp3"/>
	<entry id="1060390521" project="LAO" informant="INF039" reel="5c" region="7" narrative="_Q" label="Dwellings" state="OK" sex="F" age="75" age_level="3" education="1" town="Amber" county="Grady" land_regions="D" locality="R" date="1962" file_name="LAO(INF039)5c 07 Dwellings.mp3" path_to_file="LAP\Projects\LAO\Speakers\LAO(INF039)\Audio\LAO(INF039)5c\LAO(INF039)5c 07 Dwellings.mp3"/>
	<entry id="3060390503" project="LAO" informant="INF039" reel="5c" region="0" narrative="_I" label="Metadata" state="OK" sex="F" age="75" age_level="3" education="1" town="Amber" county="Grady" land_regions="D" locality="R" date="1962" file_name="LAO(INF039)5cmeta.txt" path_to_file="LAP\Projects\LAO\Speakers\LAO(INF039)\Audio\LAO(INF039)5c\LAO(INF039)5cmeta.txt"/>
	<entry id="1060390601" project="LAO" informant="INF039" reel="6" region="1" narrative="_Q" label="Verbs_Principal Parts" state="OK" sex="F" age="75" age_level="3" education="1" town="Amber" county="Grady" land_regions="D" locality="R" date="1962" file_name="LAO(INF039)6 01 Verbs_Principal Parts.mp3" path_to_file="LAP\Projects\LAO\Speakers\LAO(INF039)\Audio\LAO(INF039)6\LAO(INF039)6 01 Verbs_Principal Parts.mp3"/>
	<entry id="1060390602" project="LAO" informant="INF039" reel="6" region="2" narrative="_Q" label="Verbs_Principal Parts" state="OK" sex="F" age="75" age_level="3" education="1" town="Amber" county="Grady" land_regions="D" locality="R" date="1962" file_name="LAO(INF039)6 02 Verbs_Principal Parts.mp3" path_to_file="LAP\Projects\LAO\Speakers\LAO(INF039)\Audio\LAO(INF039)6\LAO(INF039)6 02 Verbs_Principal Parts.mp3"/>
	<entry id="1060390603" project="LAO" informant="INF039" reel="6" region="3" narrative="_Q" label="Food and Cooking" state="OK" sex="F" age="75" age_level="3" education="1" town="Amber" county="Grady" land_regions="D" locality="R" date="1962" file_name="LAO(INF039)6 03 Food and Cooking.mp3" path_to_file="LAP\Projects\LAO\Speakers\LAO(INF039)\Audio\LAO(INF039)6\LAO(INF039)6 03 Food and Cooking.mp3"/>
	<entry id="1060390604" project="LAO" informant="INF039" reel="6" region="4" narrative="_Q" label="Public Institutions" state="OK" sex="F" age="75" age_level="3" education="1" town="Amber" county="Grady" land_regions="D" locality="R" date="1962" file_name="LAO(INF039)6 04 Public Institutions.mp3" path_to_file="LAP\Projects\LAO\Speakers\LAO(INF039)\Audio\LAO(INF039)6\LAO(INF039)6 04 Public Institutions.mp3"/>
	<entry id="1060390605" project="LAO" informant="INF039" reel="6" region="5" narrative="_Q" label="Illness and Death" state="OK" sex="F" age="75" age_level="3" education="1" town="Amber" county="Grady" land_regions="D" locality="R" date="1962" file_name="LAO(INF039)6 05 Illness and Death.mp3" path_to_file="LAP\Projects\LAO\Speakers\LAO(INF039)\Audio\LAO(INF039)6\LAO(INF039)6 05 Illness and Death.mp3"/>
	<entry id="1060390606" project="LAO" informant="INF039" reel="6" region="6" narrative="_Q" label="Personal Characteristics" state="OK" sex="F" age="75" age_level="3" education="1" town="Amber" county="Grady" land_regions="D" locality="R" date="1962" file_name="LAO(INF039)6 06 Personal Characteristics.mp3" path_to_file="LAP\Projects\LAO\Speakers\LAO(INF039)\Audio\LAO(INF039)6\LAO(INF039)6 06 Personal Characteristics.mp3"/>
	<entry id="1060390607" project="LAO" informant="INF039" reel="6" region="7" narrative="_Q" label="Food and Cooking" state="OK" sex="F" age="75" age_level="3" education="1" town="Amber" county="Grady" land_regions="D" locality="R" date="1962" file_name="LAO(INF039)6 07 Food and Cooking.mp3" path_to_file="LAP\Projects\LAO\Speakers\LAO(INF039)\Audio\LAO(INF039)6\LAO(INF039)6 07 Food and Cooking.mp3"/>
	<entry id="1060390608" project="LAO" informant="INF039" reel="6" region="8" narrative="_Q" label="Food and Cooking" state="OK" sex="F" age="75" age_level="3" education="1" town="Amber" county="Grady" land_regions="D" locality="R" date="1962" file_name="LAO(INF039)6 08 Food and Cooking.mp3" path_to_file="LAP\Projects\LAO\Speakers\LAO(INF039)\Audio\LAO(INF039)6\LAO(INF039)6 08 Food and Cooking.mp3"/>
	<entry id="3060390601" project="LAO" informant="INF039" reel="6" region="0" narrative="_I" label="Metadata" state="OK" sex="F" age="75" age_level="3" education="1" town="Amber" county="Grady" land_regions="D" locality="R" date="1962" file_name="LAO(INF039)6meta.txt" path_to_file="LAP\Projects\LAO\Speakers\LAO(INF039)\Audio\LAO(INF039)6\LAO(INF039)6meta.txt"/>
	<entry id="3060390001" project="LAO" informant="INF039" reel="0" region="0" narrative="_I" label="Biographical Information" state="OK" sex="F" age="75" age_level="3" education="1" town="Amber" county="Grady" land_regions="D" locality="R" date="1962" file_name="LAO(INF039)BIO.txt" path_to_file="LAP\Projects\LAO\Speakers\LAO(INF039)\Text\LAO(INF039)BIO.txt"/>
</Audio>