<?xml version="1.0" encoding="UTF-8" standalone="yes"?>
<Audio>
	<entry id="1060040101" project="LAO" informant="INF004" reel="1" region="1" narrative="_N" label="Dwellings" state="OK" sex="M " age="76" age_level="3" education="1" town="Sparks" county="Lincoln" land_regions="D" locality="R" date="1962" latitude="35.61151" longitude="-96.82212" file_name="LAO(INF004)1a 01 Dwellings_N.mp3" path_to_file="LAP\Projects\LAO\Speakers\LAO(INF004)\Audio\LAO(INF004)1a\LAO(INF004)1a 01 Dwellings_N.mp3"/>
	<entry id="1060040102" project="LAO" informant="INF004" reel="1" region="2" narrative="_Q" label="Dwellings" state="OK" sex="M " age="76" age_level="3" education="1" town="Sparks" county="Lincoln" land_regions="D" locality="R" date="1962" latitude="35.61151" longitude="-96.82212" file_name="LAO(INF004)1a 02 Dwellings.mp3" path_to_file="LAP\Projects\LAO\Speakers\LAO(INF004)\Audio\LAO(INF004)1a\LAO(INF004)1a 02 Dwellings.mp3"/>
	<entry id="1060040103" project="LAO" informant="INF004" reel="1" region="3" narrative="_Q" label="Dwellings" state="OK" sex="M " age="76" age_level="3" education="1" town="Sparks" county="Lincoln" land_regions="D" locality="R" date="1962" latitude="35.61151" longitude="-96.82212" file_name="LAO(INF004)1a 03 Dwellings.mp3" path_to_file="LAP\Projects\LAO\Speakers\LAO(INF004)\Audio\LAO(INF004)1a\LAO(INF004)1a 03 Dwellings.mp3"/>
	<entry id="1060040104" project="LAO" informant="INF004" reel="1" region="4" narrative="_Q" label="Agriculture" state="OK" sex="M " age="76" age_level="3" education="1" town="Sparks" county="Lincoln" land_regions="D" locality="R" date="1962" latitude="35.61151" longitude="-96.82212" file_name="LAO(INF004)1a 04 Agriculture.mp3" path_to_file="LAP\Projects\LAO\Speakers\LAO(INF004)\Audio\LAO(INF004)1a\LAO(INF004)1a 04 Agriculture.mp3"/>
	<entry id="1060040105" project="LAO" informant="INF004" reel="1" region="5" narrative="_Q" label="Dwellings" state="OK" sex="M " age="76" age_level="3" education="1" town="Sparks" county="Lincoln" land_regions="D" locality="R" date="1962" latitude="35.61151" longitude="-96.82212" file_name="LAO(INF004)1a 05 Dwellings.mp3" path_to_file="LAP\Projects\LAO\Speakers\LAO(INF004)\Audio\LAO(INF004)1a\LAO(INF004)1a 05 Dwellings.mp3"/>
	<entry id="1060040106" project="LAO" informant="INF004" reel="1" region="6" narrative="_Q" label="Clothing" state="OK" sex="M " age="76" age_level="3" education="1" town="Sparks" county="Lincoln" land_regions="D" locality="R" date="1962" latitude="35.61151" longitude="-96.82212" file_name="LAO(INF004)1a 06 Clothing.mp3" path_to_file="LAP\Projects\LAO\Speakers\LAO(INF004)\Audio\LAO(INF004)1a\LAO(INF004)1a 06 Clothing.mp3"/>
	<entry id="1060040107" project="LAO" informant="INF004" reel="1" region="7" narrative="_Q" label="Clothing" state="OK" sex="M " age="76" age_level="3" education="1" town="Sparks" county="Lincoln" land_regions="D" locality="R" date="1962" latitude="35.61151" longitude="-96.82212" file_name="LAO(INF004)1a 07 Clothing.mp3" path_to_file="LAP\Projects\LAO\Speakers\LAO(INF004)\Audio\LAO(INF004)1a\LAO(INF004)1a 07 Clothing.mp3"/>
	<entry id="1060040108" project="LAO" informant="INF004" reel="1" region="8" narrative="_Q" label="Dwellings" state="OK" sex="M " age="76" age_level="3" education="1" town="Sparks" county="Lincoln" land_regions="D" locality="R" date="1962" latitude="35.61151" longitude="-96.82212" file_name="LAO(INF004)1a 08 Dwellings.mp3" path_to_file="LAP\Projects\LAO\Speakers\LAO(INF004)\Audio\LAO(INF004)1a\LAO(INF004)1a 08 Dwellings.mp3"/>
	<entry id="3060040101" project="LAO" informant="INF004" reel="1" region="0" narrative="_I" label="Metadata" state="OK" sex="M " age="76" age_level="3" education="1" town="Sparks" county="Lincoln" land_regions="D" locality="R" date="1962" latitude="35.61151" longitude="-96.82212" file_name="LAO(INF004)1ameta.txt" path_to_file="LAP\Projects\LAO\Speakers\LAO(INF004)\Audio\LAO(INF004)1a\LAO(INF004)1ameta.txt"/>
	<entry id="1060040109" project="LAO" informant="INF004" reel="1" region="1" narrative="_Q" label="Agriculture" state="OK" sex="M " age="76" age_level="3" education="1" town="Sparks" county="Lincoln" land_regions="D" locality="R" date="1962" latitude="35.61151" longitude="-96.82212" file_name="LAO(INF004)1b 01 Agriculture.mp3" path_to_file="LAP\Projects\LAO\Speakers\LAO(INF004)\Audio\LAO(INF004)1b\LAO(INF004)1b 01 Agriculture.mp3"/>
	<entry id="1060040110" project="LAO" informant="INF004" reel="1" region="2" narrative="_Q" label="The Farm" state="OK" sex="M " age="76" age_level="3" education="1" town="Sparks" county="Lincoln" land_regions="D" locality="R" date="1962" latitude="35.61151" longitude="-96.82212" file_name="LAO(INF004)1b 02 The Farm.mp3" path_to_file="LAP\Projects\LAO\Speakers\LAO(INF004)\Audio\LAO(INF004)1b\LAO(INF004)1b 02 The Farm.mp3"/>
	<entry id="1060040111" project="LAO" informant="INF004" reel="1" region="3" narrative="_Q" label="Containers and Utensils" state="OK" sex="M " age="76" age_level="3" education="1" town="Sparks" county="Lincoln" land_regions="D" locality="R" date="1962" latitude="35.61151" longitude="-96.82212" file_name="LAO(INF004)1b 03 Containers and Utensils.mp3" path_to_file="LAP\Projects\LAO\Speakers\LAO(INF004)\Audio\LAO(INF004)1b\LAO(INF004)1b 03 Containers and Utensils.mp3"/>
	<entry id="1060040112" project="LAO" informant="INF004" reel="1" region="4" narrative="_Q" label="Containers and Utensils" state="OK" sex="M " age="76" age_level="3" education="1" town="Sparks" county="Lincoln" land_regions="D" locality="R" date="1962" latitude="35.61151" longitude="-96.82212" file_name="LAO(INF004)1b 04 Containers and Utensils.mp3" path_to_file="LAP\Projects\LAO\Speakers\LAO(INF004)\Audio\LAO(INF004)1b\LAO(INF004)1b 04 Containers and Utensils.mp3"/>
	<entry id="1060040113" project="LAO" informant="INF004" reel="1" region="5" narrative="_Q" label="Containers and Utensils" state="OK" sex="M " age="76" age_level="3" education="1" town="Sparks" county="Lincoln" land_regions="D" locality="R" date="1962" latitude="35.61151" longitude="-96.82212" file_name="LAO(INF004)1b 05 Containers and Utensils.mp3" path_to_file="LAP\Projects\LAO\Speakers\LAO(INF004)\Audio\LAO(INF004)1b\LAO(INF004)1b 05 Containers and Utensils.mp3"/>
	<entry id="3060040102" project="LAO" informant="INF004" reel="1" region="0" narrative="_I" label="Metadata" state="OK" sex="M " age="76" age_level="3" education="1" town="Sparks" county="Lincoln" land_regions="D" locality="R" date="1962" latitude="35.61151" longitude="-96.82212" file_name="LAO(INF004)1bmeta.txt" path_to_file="LAP\Projects\LAO\Speakers\LAO(INF004)\Audio\LAO(INF004)1b\LAO(INF004)1bmeta.txt"/>
	<entry id="1060040114" project="LAO" informant="INF004" reel="1" region="1" narrative="_Q" label="Vehicles" state="OK" sex="M " age="76" age_level="3" education="1" town="Sparks" county="Lincoln" land_regions="D" locality="R" date="1962" latitude="35.61151" longitude="-96.82212" file_name="LAO(INF004)1c 01 Vehicles.mp3" path_to_file="LAP\Projects\LAO\Speakers\LAO(INF004)\Audio\LAO(INF004)1c\LAO(INF004)1c 01 Vehicles.mp3"/>
	<entry id="1060040115" project="LAO" informant="INF004" reel="1" region="2" narrative="_Q" label="Domestic Animals" state="OK" sex="M " age="76" age_level="3" education="1" town="Sparks" county="Lincoln" land_regions="D" locality="R" date="1962" latitude="35.61151" longitude="-96.82212" file_name="LAO(INF004)1c 02 Domestic Animals.mp3" path_to_file="LAP\Projects\LAO\Speakers\LAO(INF004)\Audio\LAO(INF004)1c\LAO(INF004)1c 02 Domestic Animals.mp3"/>
	<entry id="1060040116" project="LAO" informant="INF004" reel="1" region="3" narrative="_Q" label="Sport and Play" state="OK" sex="M " age="76" age_level="3" education="1" town="Sparks" county="Lincoln" land_regions="D" locality="R" date="1962" latitude="35.61151" longitude="-96.82212" file_name="LAO(INF004)1c 03 Sport and Play.mp3" path_to_file="LAP\Projects\LAO\Speakers\LAO(INF004)\Audio\LAO(INF004)1c\LAO(INF004)1c 03 Sport and Play.mp3"/>
	<entry id="1060040117" project="LAO" informant="INF004" reel="1" region="4" narrative="_Q" label="Vehicles" state="OK" sex="M " age="76" age_level="3" education="1" town="Sparks" county="Lincoln" land_regions="D" locality="R" date="1962" latitude="35.61151" longitude="-96.82212" file_name="LAO(INF004)1c 04 Vehicles.mp3" path_to_file="LAP\Projects\LAO\Speakers\LAO(INF004)\Audio\LAO(INF004)1c\LAO(INF004)1c 04 Vehicles.mp3"/>
	<entry id="1060040118" project="LAO" informant="INF004" reel="1" region="5" narrative="_Q" label="Clothing" state="OK" sex="M " age="76" age_level="3" education="1" town="Sparks" county="Lincoln" land_regions="D" locality="R" date="1962" latitude="35.61151" longitude="-96.82212" file_name="LAO(INF004)1c 05 Clothing.mp3" path_to_file="LAP\Projects\LAO\Speakers\LAO(INF004)\Audio\LAO(INF004)1c\LAO(INF004)1c 05 Clothing.mp3"/>
	<entry id="1060040119" project="LAO" informant="INF004" reel="1" region="6" narrative="_Q" label="Topography" state="OK" sex="M " age="76" age_level="3" education="1" town="Sparks" county="Lincoln" land_regions="D" locality="R" date="1962" latitude="35.61151" longitude="-96.82212" file_name="LAO(INF004)1c 06 Topography.mp3" path_to_file="LAP\Projects\LAO\Speakers\LAO(INF004)\Audio\LAO(INF004)1c\LAO(INF004)1c 06 Topography.mp3"/>
	<entry id="1060040120" project="LAO" informant="INF004" reel="1" region="7" narrative="_Q" label="Food and Cooking" state="OK" sex="M " age="76" age_level="3" education="1" town="Sparks" county="Lincoln" land_regions="D" locality="R" date="1962" latitude="35.61151" longitude="-96.82212" file_name="LAO(INF004)1c 07 Food and Cooking.mp3" path_to_file="LAP\Projects\LAO\Speakers\LAO(INF004)\Audio\LAO(INF004)1c\LAO(INF004)1c 07 Food and Cooking.mp3"/>
	<entry id="1060040121" project="LAO" informant="INF004" reel="1" region="8" narrative="_Q" label="Topography" state="OK" sex="M " age="76" age_level="3" education="1" town="Sparks" county="Lincoln" land_regions="D" locality="R" date="1962" latitude="35.61151" longitude="-96.82212" file_name="LAO(INF004)1c 08 Topography.mp3" path_to_file="LAP\Projects\LAO\Speakers\LAO(INF004)\Audio\LAO(INF004)1c\LAO(INF004)1c 08 Topography.mp3"/>
	<entry id="3060040103" project="LAO" informant="INF004" reel="1" region="0" narrative="_I" label="Metadata" state="OK" sex="M " age="76" age_level="3" education="1" town="Sparks" county="Lincoln" land_regions="D" locality="R" date="1962" latitude="35.61151" longitude="-96.82212" file_name="LAO(INF004)1cmeta.txt" path_to_file="LAP\Projects\LAO\Speakers\LAO(INF004)\Audio\LAO(INF004)1c\LAO(INF004)1cmeta.txt"/>
	<entry id="1060040201" project="LAO" informant="INF004" reel="2" region="1" narrative="_Q" label="Topography" state="OK" sex="M " age="76" age_level="3" education="1" town="Sparks" county="Lincoln" land_regions="D" locality="R" date="1962" latitude="35.61151" longitude="-96.82212" file_name="LAO(INF004)2a 01 Topography.mp3" path_to_file="LAP\Projects\LAO\Speakers\LAO(INF004)\Audio\LAO(INF004)2a\LAO(INF004)2a 01 Topography.mp3"/>
	<entry id="1060040202" project="LAO" informant="INF004" reel="2" region="2" narrative="_Q" label="Domestic Animals" state="OK" sex="M " age="76" age_level="3" education="1" town="Sparks" county="Lincoln" land_regions="D" locality="R" date="1962" latitude="35.61151" longitude="-96.82212" file_name="LAO(INF004)2a 02 Domestic Animals.mp3" path_to_file="LAP\Projects\LAO\Speakers\LAO(INF004)\Audio\LAO(INF004)2a\LAO(INF004)2a 02 Domestic Animals.mp3"/>
	<entry id="1060040203" project="LAO" informant="INF004" reel="2" region="3" narrative="_Q" label="Domestic Animals" state="OK" sex="M " age="76" age_level="3" education="1" town="Sparks" county="Lincoln" land_regions="D" locality="R" date="1962" latitude="35.61151" longitude="-96.82212" file_name="LAO(INF004)2a 03 Domestic Animals.mp3" path_to_file="LAP\Projects\LAO\Speakers\LAO(INF004)\Audio\LAO(INF004)2a\LAO(INF004)2a 03 Domestic Animals.mp3"/>
	<entry id="1060040204" project="LAO" informant="INF004" reel="2" region="4" narrative="_Q" label="Domestic Animals" state="OK" sex="M " age="76" age_level="3" education="1" town="Sparks" county="Lincoln" land_regions="D" locality="R" date="1962" latitude="35.61151" longitude="-96.82212" file_name="LAO(INF004)2a 04 Domestic Animals.mp3" path_to_file="LAP\Projects\LAO\Speakers\LAO(INF004)\Audio\LAO(INF004)2a\LAO(INF004)2a 04 Domestic Animals.mp3"/>
	<entry id="1060040205" project="LAO" informant="INF004" reel="2" region="5" narrative="_Q" label="Food and Cooking" state="OK" sex="M " age="76" age_level="3" education="1" town="Sparks" county="Lincoln" land_regions="D" locality="R" date="1962" latitude="35.61151" longitude="-96.82212" file_name="LAO(INF004)2a 05 Food and Cooking.mp3" path_to_file="LAP\Projects\LAO\Speakers\LAO(INF004)\Audio\LAO(INF004)2a\LAO(INF004)2a 05 Food and Cooking.mp3"/>
	<entry id="1060040206" project="LAO" informant="INF004" reel="2" region="6" narrative="_Q" label="Calls to Animals" state="OK" sex="M " age="76" age_level="3" education="1" town="Sparks" county="Lincoln" land_regions="D" locality="R" date="1962" latitude="35.61151" longitude="-96.82212" file_name="LAO(INF004)2a 06 Calls to Animals.mp3" path_to_file="LAP\Projects\LAO\Speakers\LAO(INF004)\Audio\LAO(INF004)2a\LAO(INF004)2a 06 Calls to Animals.mp3"/>
	<entry id="1060040207" project="LAO" informant="INF004" reel="2" region="7" narrative="_Q" label="Agriculture" state="OK" sex="M " age="76" age_level="3" education="1" town="Sparks" county="Lincoln" land_regions="D" locality="R" date="1962" latitude="35.61151" longitude="-96.82212" file_name="LAO(INF004)2a 07 Agriculture.mp3" path_to_file="LAP\Projects\LAO\Speakers\LAO(INF004)\Audio\LAO(INF004)2a\LAO(INF004)2a 07 Agriculture.mp3"/>
	<entry id="1060040208" project="LAO" informant="INF004" reel="2" region="8" narrative="_Q" label="Agriculture" state="OK" sex="M " age="76" age_level="3" education="1" town="Sparks" county="Lincoln" land_regions="D" locality="R" date="1962" latitude="35.61151" longitude="-96.82212" file_name="LAO(INF004)2a 08 Agriculture.mp3" path_to_file="LAP\Projects\LAO\Speakers\LAO(INF004)\Audio\LAO(INF004)2a\LAO(INF004)2a 08 Agriculture.mp3"/>
	<entry id="1060040209" project="LAO" informant="INF004" reel="2" region="9" narrative="_Q" label="Food and Cooking" state="OK" sex="M " age="76" age_level="3" education="1" town="Sparks" county="Lincoln" land_regions="D" locality="R" date="1962" latitude="35.61151" longitude="-96.82212" file_name="LAO(INF004)2a 09 Food and Cooking.mp3" path_to_file="LAP\Projects\LAO\Speakers\LAO(INF004)\Audio\LAO(INF004)2a\LAO(INF004)2a 09 Food and Cooking.mp3"/>
	<entry id="3060040201" project="LAO" informant="INF004" reel="2" region="0" narrative="_I" label="Metadata" state="OK" sex="M " age="76" age_level="3" education="1" town="Sparks" county="Lincoln" land_regions="D" locality="R" date="1962" latitude="35.61151" longitude="-96.82212" file_name="LAO(INF004)2ameta.txt" path_to_file="LAP\Projects\LAO\Speakers\LAO(INF004)\Audio\LAO(INF004)2a\LAO(INF004)2ameta.txt"/>
	<entry id="1060040210" project="LAO" informant="INF004" reel="2" region="1" narrative="_Q" label="Food and Cooking" state="OK" sex="M " age="76" age_level="3" education="1" town="Sparks" county="Lincoln" land_regions="D" locality="R" date="1962" latitude="35.61151" longitude="-96.82212" file_name="LAO(INF004)2b 01 Food and Cooking.mp3" path_to_file="LAP\Projects\LAO\Speakers\LAO(INF004)\Audio\LAO(INF004)2b\LAO(INF004)2b 01 Food and Cooking.mp3"/>
	<entry id="1060040211" project="LAO" informant="INF004" reel="2" region="2" narrative="_Q" label="Food and Cooking" state="OK" sex="M " age="76" age_level="3" education="1" town="Sparks" county="Lincoln" land_regions="D" locality="R" date="1962" latitude="35.61151" longitude="-96.82212" file_name="LAO(INF004)2b 02 Food and Cooking.mp3" path_to_file="LAP\Projects\LAO\Speakers\LAO(INF004)\Audio\LAO(INF004)2b\LAO(INF004)2b 02 Food and Cooking.mp3"/>
	<entry id="1060040212" project="LAO" informant="INF004" reel="2" region="3" narrative="_Q" label="Agriculture" state="OK" sex="M " age="76" age_level="3" education="1" town="Sparks" county="Lincoln" land_regions="D" locality="R" date="1962" latitude="35.61151" longitude="-96.82212" file_name="LAO(INF004)2b 03 Agriculture.mp3" path_to_file="LAP\Projects\LAO\Speakers\LAO(INF004)\Audio\LAO(INF004)2b\LAO(INF004)2b 03 Agriculture.mp3"/>
	<entry id="1060040213" project="LAO" informant="INF004" reel="2" region="4" narrative="_Q" label="Vegetables" state="OK" sex="M " age="76" age_level="3" education="1" town="Sparks" county="Lincoln" land_regions="D" locality="R" date="1962" latitude="35.61151" longitude="-96.82212" file_name="LAO(INF004)2b 04 Vegetables.mp3" path_to_file="LAP\Projects\LAO\Speakers\LAO(INF004)\Audio\LAO(INF004)2b\LAO(INF004)2b 04 Vegetables.mp3"/>
	<entry id="1060040214" project="LAO" informant="INF004" reel="2" region="5" narrative="_Q" label="Food and Cooking" state="OK" sex="M " age="76" age_level="3" education="1" town="Sparks" county="Lincoln" land_regions="D" locality="R" date="1962" latitude="35.61151" longitude="-96.82212" file_name="LAO(INF004)2b 05 Food and Cooking.mp3" path_to_file="LAP\Projects\LAO\Speakers\LAO(INF004)\Audio\LAO(INF004)2b\LAO(INF004)2b 05 Food and Cooking.mp3"/>
	<entry id="3060040202" project="LAO" informant="INF004" reel="2" region="0" narrative="_I" label="Metadata" state="OK" sex="M " age="76" age_level="3" education="1" town="Sparks" county="Lincoln" land_regions="D" locality="R" date="1962" latitude="35.61151" longitude="-96.82212" file_name="LAO(INF004)2bmeta.txt" path_to_file="LAP\Projects\LAO\Speakers\LAO(INF004)\Audio\LAO(INF004)2b\LAO(INF004)2bmeta.txt"/>
	<entry id="1060040215" project="LAO" informant="INF004" reel="2" region="1" narrative="_Q" label="Vegetables" state="OK" sex="M " age="76" age_level="3" education="1" town="Sparks" county="Lincoln" land_regions="D" locality="R" date="1962" latitude="35.61151" longitude="-96.82212" file_name="LAO(INF004)2c 01 Vegetables.mp3" path_to_file="LAP\Projects\LAO\Speakers\LAO(INF004)\Audio\LAO(INF004)2c\LAO(INF004)2c 01 Vegetables.mp3"/>
	<entry id="1060040216" project="LAO" informant="INF004" reel="2" region="2" narrative="_Q" label="Vegetables" state="OK" sex="M " age="76" age_level="3" education="1" town="Sparks" county="Lincoln" land_regions="D" locality="R" date="1962" latitude="35.61151" longitude="-96.82212" file_name="LAO(INF004)2c 02 Vegetables.mp3" path_to_file="LAP\Projects\LAO\Speakers\LAO(INF004)\Audio\LAO(INF004)2c\LAO(INF004)2c 02 Vegetables.mp3"/>
	<entry id="1060040217" project="LAO" informant="INF004" reel="2" region="3" narrative="_Q" label="Wild Animals" state="OK" sex="M " age="76" age_level="3" education="1" town="Sparks" county="Lincoln" land_regions="D" locality="R" date="1962" latitude="35.61151" longitude="-96.82212" file_name="LAO(INF004)2c 03 Wild Animals.mp3" path_to_file="LAP\Projects\LAO\Speakers\LAO(INF004)\Audio\LAO(INF004)2c\LAO(INF004)2c 03 Wild Animals.mp3"/>
	<entry id="1060040218" project="LAO" informant="INF004" reel="2" region="4" narrative="_N" label="Wild Animals" state="OK" sex="M " age="76" age_level="3" education="1" town="Sparks" county="Lincoln" land_regions="D" locality="R" date="1962" latitude="35.61151" longitude="-96.82212" file_name="LAO(INF004)2c 04 Wild Animals_N.mp3" path_to_file="LAP\Projects\LAO\Speakers\LAO(INF004)\Audio\LAO(INF004)2c\LAO(INF004)2c 04 Wild Animals_N.mp3"/>
	<entry id="1060040219" project="LAO" informant="INF004" reel="2" region="5" narrative="_Q" label="Wild Animals" state="OK" sex="M " age="76" age_level="3" education="1" town="Sparks" county="Lincoln" land_regions="D" locality="R" date="1962" latitude="35.61151" longitude="-96.82212" file_name="LAO(INF004)2c 05 Wild Animals.mp3" path_to_file="LAP\Projects\LAO\Speakers\LAO(INF004)\Audio\LAO(INF004)2c\LAO(INF004)2c 05 Wild Animals.mp3"/>
	<entry id="1060040220" project="LAO" informant="INF004" reel="2" region="6" narrative="_Q" label="Sport and Play" state="OK" sex="M " age="76" age_level="3" education="1" town="Sparks" county="Lincoln" land_regions="D" locality="R" date="1962" latitude="35.61151" longitude="-96.82212" file_name="LAO(INF004)2c 06 Sport and Play.mp3" path_to_file="LAP\Projects\LAO\Speakers\LAO(INF004)\Audio\LAO(INF004)2c\LAO(INF004)2c 06 Sport and Play.mp3"/>
	<entry id="1060040221" project="LAO" informant="INF004" reel="2" region="7" narrative="_Q" label="Wild Animals" state="OK" sex="M " age="76" age_level="3" education="1" town="Sparks" county="Lincoln" land_regions="D" locality="R" date="1962" latitude="35.61151" longitude="-96.82212" file_name="LAO(INF004)2c 07 Wild Animals.mp3" path_to_file="LAP\Projects\LAO\Speakers\LAO(INF004)\Audio\LAO(INF004)2c\LAO(INF004)2c 07 Wild Animals.mp3"/>
	<entry id="3060040203" project="LAO" informant="INF004" reel="2" region="0" narrative="_I" label="Metadata" state="OK" sex="M " age="76" age_level="3" education="1" town="Sparks" county="Lincoln" land_regions="D" locality="R" date="1962" latitude="35.61151" longitude="-96.82212" file_name="LAO(INF004)2cmeta.txt" path_to_file="LAP\Projects\LAO\Speakers\LAO(INF004)\Audio\LAO(INF004)2c\LAO(INF004)2cmeta.txt"/>
	<entry id="1060040301" project="LAO" informant="INF004" reel="3" region="1" narrative="_N" label="Wild Animals" state="OK" sex="M " age="76" age_level="3" education="1" town="Sparks" county="Lincoln" land_regions="D" locality="R" date="1962" latitude="35.61151" longitude="-96.82212" file_name="LAO(INF004)3a 01 Wild Animals_N.mp3" path_to_file="LAP\Projects\LAO\Speakers\LAO(INF004)\Audio\LAO(INF004)3a\LAO(INF004)3a 01 Wild Animals_N.mp3"/>
	<entry id="1060040302" project="LAO" informant="INF004" reel="3" region="2" narrative="_Q" label="Trees and Shrubs" state="OK" sex="M " age="76" age_level="3" education="1" town="Sparks" county="Lincoln" land_regions="D" locality="R" date="1962" latitude="35.61151" longitude="-96.82212" file_name="LAO(INF004)3a 02 Trees and Shrubs.mp3" path_to_file="LAP\Projects\LAO\Speakers\LAO(INF004)\Audio\LAO(INF004)3a\LAO(INF004)3a 02 Trees and Shrubs.mp3"/>
	<entry id="1060040303" project="LAO" informant="INF004" reel="3" region="3" narrative="_Q" label="Trees and Shrubs" state="OK" sex="M " age="76" age_level="3" education="1" town="Sparks" county="Lincoln" land_regions="D" locality="R" date="1962" latitude="35.61151" longitude="-96.82212" file_name="LAO(INF004)3a 03 Trees and Shrubs.mp3" path_to_file="LAP\Projects\LAO\Speakers\LAO(INF004)\Audio\LAO(INF004)3a\LAO(INF004)3a 03 Trees and Shrubs.mp3"/>
	<entry id="1060040304" project="LAO" informant="INF004" reel="3" region="4" narrative="_Q" label="Family" state="OK" sex="M " age="76" age_level="3" education="1" town="Sparks" county="Lincoln" land_regions="D" locality="R" date="1962" latitude="35.61151" longitude="-96.82212" file_name="LAO(INF004)3a 04 Family.mp3" path_to_file="LAP\Projects\LAO\Speakers\LAO(INF004)\Audio\LAO(INF004)3a\LAO(INF004)3a 04 Family.mp3"/>
	<entry id="1060040305" project="LAO" informant="INF004" reel="3" region="5" narrative="_Q" label="Family" state="OK" sex="M " age="76" age_level="3" education="1" town="Sparks" county="Lincoln" land_regions="D" locality="R" date="1962" latitude="35.61151" longitude="-96.82212" file_name="LAO(INF004)3a 05 Family.mp3" path_to_file="LAP\Projects\LAO\Speakers\LAO(INF004)\Audio\LAO(INF004)3a\LAO(INF004)3a 05 Family.mp3"/>
	<entry id="1060040306" project="LAO" informant="INF004" reel="3" region="6" narrative="_Q" label="Family" state="OK" sex="M " age="76" age_level="3" education="1" town="Sparks" county="Lincoln" land_regions="D" locality="R" date="1962" latitude="35.61151" longitude="-96.82212" file_name="LAO(INF004)3a 06 Family.mp3" path_to_file="LAP\Projects\LAO\Speakers\LAO(INF004)\Audio\LAO(INF004)3a\LAO(INF004)3a 06 Family.mp3"/>
	<entry id="1060040307" project="LAO" informant="INF004" reel="3" region="7" narrative="_Q" label="Names, Titles and Occupations" state="OK" sex="M " age="76" age_level="3" education="1" town="Sparks" county="Lincoln" land_regions="D" locality="R" date="1962" latitude="35.61151" longitude="-96.82212" file_name="LAO(INF004)3a 07 Names, Titles and Occupations.mp3" path_to_file="LAP\Projects\LAO\Speakers\LAO(INF004)\Audio\LAO(INF004)3a\LAO(INF004)3a 07 Names, Titles and Occupations.mp3"/>
	<entry id="3060040301" project="LAO" informant="INF004" reel="3" region="0" narrative="_I" label="Metadata" state="OK" sex="M " age="76" age_level="3" education="1" town="Sparks" county="Lincoln" land_regions="D" locality="R" date="1962" latitude="35.61151" longitude="-96.82212" file_name="LAO(INF004)3ameta.txt" path_to_file="LAP\Projects\LAO\Speakers\LAO(INF004)\Audio\LAO(INF004)3a\LAO(INF004)3ameta.txt"/>
	<entry id="1060040308" project="LAO" informant="INF004" reel="3" region="1" narrative="_N" label="Names, Titles and Occupations" state="OK" sex="M " age="76" age_level="3" education="1" town="Sparks" county="Lincoln" land_regions="D" locality="R" date="1962" latitude="35.61151" longitude="-96.82212" file_name="LAO(INF004)3b 01 Names, Titles and Occupations_N.mp3" path_to_file="LAP\Projects\LAO\Speakers\LAO(INF004)\Audio\LAO(INF004)3b\LAO(INF004)3b 01 Names, Titles and Occupations_N.mp3"/>
	<entry id="1060040309" project="LAO" informant="INF004" reel="3" region="2" narrative="_Q" label="Names, Titles and Occupations" state="OK" sex="M " age="76" age_level="3" education="1" town="Sparks" county="Lincoln" land_regions="D" locality="R" date="1962" latitude="35.61151" longitude="-96.82212" file_name="LAO(INF004)3b 02 Names, Titles and Occupations.mp3" path_to_file="LAP\Projects\LAO\Speakers\LAO(INF004)\Audio\LAO(INF004)3b\LAO(INF004)3b 02 Names, Titles and Occupations.mp3"/>
	<entry id="1060040310" project="LAO" informant="INF004" reel="3" region="3" narrative="_N" label="Names, Titles and Occupations" state="OK" sex="M " age="76" age_level="3" education="1" town="Sparks" county="Lincoln" land_regions="D" locality="R" date="1962" latitude="35.61151" longitude="-96.82212" file_name="LAO(INF004)3b 03 Names, Titles and Occupations_N.mp3" path_to_file="LAP\Projects\LAO\Speakers\LAO(INF004)\Audio\LAO(INF004)3b\LAO(INF004)3b 03 Names, Titles and Occupations_N.mp3"/>
	<entry id="1060040311" project="LAO" informant="INF004" reel="3" region="4" narrative="_N" label="Names, Titles and Occupations" state="OK" sex="M " age="76" age_level="3" education="1" town="Sparks" county="Lincoln" land_regions="D" locality="R" date="1962" latitude="35.61151" longitude="-96.82212" file_name="LAO(INF004)3b 04 Names, Titles and Occupations_N.mp3" path_to_file="LAP\Projects\LAO\Speakers\LAO(INF004)\Audio\LAO(INF004)3b\LAO(INF004)3b 04 Names, Titles and Occupations_N.mp3"/>
	<entry id="1060040312" project="LAO" informant="INF004" reel="3" region="5" narrative="_N" label="Names, Titles and Occupations" state="OK" sex="M " age="76" age_level="3" education="1" town="Sparks" county="Lincoln" land_regions="D" locality="R" date="1962" latitude="35.61151" longitude="-96.82212" file_name="LAO(INF004)3b 05 Names, Titles and Occupations_N.mp3" path_to_file="LAP\Projects\LAO\Speakers\LAO(INF004)\Audio\LAO(INF004)3b\LAO(INF004)3b 05 Names, Titles and Occupations_N.mp3"/>
	<entry id="1060040313" project="LAO" informant="INF004" reel="3" region="6" narrative="_Q" label="Illness and Death" state="OK" sex="M " age="76" age_level="3" education="1" town="Sparks" county="Lincoln" land_regions="D" locality="R" date="1962" latitude="35.61151" longitude="-96.82212" file_name="LAO(INF004)3b 06 Illness and Death.mp3" path_to_file="LAP\Projects\LAO\Speakers\LAO(INF004)\Audio\LAO(INF004)3b\LAO(INF004)3b 06 Illness and Death.mp3"/>
	<entry id="1060040314" project="LAO" informant="INF004" reel="3" region="7" narrative="_Q" label="Family" state="OK" sex="M " age="76" age_level="3" education="1" town="Sparks" county="Lincoln" land_regions="D" locality="R" date="1962" latitude="35.61151" longitude="-96.82212" file_name="LAO(INF004)3b 07 Family.mp3" path_to_file="LAP\Projects\LAO\Speakers\LAO(INF004)\Audio\LAO(INF004)3b\LAO(INF004)3b 07 Family.mp3"/>
	<entry id="1060040315" project="LAO" informant="INF004" reel="3" region="8" narrative="_Q" label="Family" state="OK" sex="M " age="76" age_level="3" education="1" town="Sparks" county="Lincoln" land_regions="D" locality="R" date="1962" latitude="35.61151" longitude="-96.82212" file_name="LAO(INF004)3b 08 Family.mp3" path_to_file="LAP\Projects\LAO\Speakers\LAO(INF004)\Audio\LAO(INF004)3b\LAO(INF004)3b 08 Family.mp3"/>
	<entry id="3060040302" project="LAO" informant="INF004" reel="3" region="0" narrative="_I" label="Metadata" state="OK" sex="M " age="76" age_level="3" education="1" town="Sparks" county="Lincoln" land_regions="D" locality="R" date="1962" latitude="35.61151" longitude="-96.82212" file_name="LAO(INF004)3bmeta.txt" path_to_file="LAP\Projects\LAO\Speakers\LAO(INF004)\Audio\LAO(INF004)3b\LAO(INF004)3bmeta.txt"/>
	<entry id="1060040316" project="LAO" informant="INF004" reel="3" region="1" narrative="_N" label="Body Parts" state="OK" sex="M " age="76" age_level="3" education="1" town="Sparks" county="Lincoln" land_regions="D" locality="R" date="1962" latitude="35.61151" longitude="-96.82212" file_name="LAO(INF004)3c 01 Body Parts_N.mp3" path_to_file="LAP\Projects\LAO\Speakers\LAO(INF004)\Audio\LAO(INF004)3c\LAO(INF004)3c 01 Body Parts_N.mp3"/>
	<entry id="1060040317" project="LAO" informant="INF004" reel="3" region="2" narrative="_N" label="Body Parts" state="OK" sex="M " age="76" age_level="3" education="1" town="Sparks" county="Lincoln" land_regions="D" locality="R" date="1962" latitude="35.61151" longitude="-96.82212" file_name="LAO(INF004)3c 02 Body Parts_N.mp3" path_to_file="LAP\Projects\LAO\Speakers\LAO(INF004)\Audio\LAO(INF004)3c\LAO(INF004)3c 02 Body Parts_N.mp3"/>
	<entry id="1060040318" project="LAO" informant="INF004" reel="3" region="3" narrative="_N" label="Body Parts" state="OK" sex="M " age="76" age_level="3" education="1" town="Sparks" county="Lincoln" land_regions="D" locality="R" date="1962" latitude="35.61151" longitude="-96.82212" file_name="LAO(INF004)3c 03 Body Parts_N.mp3" path_to_file="LAP\Projects\LAO\Speakers\LAO(INF004)\Audio\LAO(INF004)3c\LAO(INF004)3c 03 Body Parts_N.mp3"/>
	<entry id="1060040319" project="LAO" informant="INF004" reel="3" region="4" narrative="_N" label="Personal Characteristics" state="OK" sex="M " age="76" age_level="3" education="1" town="Sparks" county="Lincoln" land_regions="D" locality="R" date="1962" latitude="35.61151" longitude="-96.82212" file_name="LAO(INF004)3c 04 Personal Characteristics_N.mp3" path_to_file="LAP\Projects\LAO\Speakers\LAO(INF004)\Audio\LAO(INF004)3c\LAO(INF004)3c 04 Personal Characteristics_N.mp3"/>
	<entry id="1060040320" project="LAO" informant="INF004" reel="3" region="5" narrative="_N" label="Personal Characteristics " state="OK" sex="M " age="76" age_level="3" education="1" town="Sparks" county="Lincoln" land_regions="D" locality="R" date="1962" latitude="35.61151" longitude="-96.82212" file_name="LAO(INF004)3c 05 Personal Characteristics _N.mp3" path_to_file="LAP\Projects\LAO\Speakers\LAO(INF004)\Audio\LAO(INF004)3c\LAO(INF004)3c 05 Personal Characteristics _N.mp3"/>
	<entry id="1060040321" project="LAO" informant="INF004" reel="3" region="6" narrative="_N" label="Illness and Death" state="OK" sex="M " age="76" age_level="3" education="1" town="Sparks" county="Lincoln" land_regions="D" locality="R" date="1962" latitude="35.61151" longitude="-96.82212" file_name="LAO(INF004)3c 06 Illness and Death_N.mp3" path_to_file="LAP\Projects\LAO\Speakers\LAO(INF004)\Audio\LAO(INF004)3c\LAO(INF004)3c 06 Illness and Death_N.mp3"/>
	<entry id="1060040322" project="LAO" informant="INF004" reel="3" region="7" narrative="_N" label="Public Institutions" state="OK" sex="M " age="76" age_level="3" education="1" town="Sparks" county="Lincoln" land_regions="D" locality="R" date="1962" latitude="35.61151" longitude="-96.82212" file_name="LAO(INF004)3c 07 Public Institutions_N.mp3" path_to_file="LAP\Projects\LAO\Speakers\LAO(INF004)\Audio\LAO(INF004)3c\LAO(INF004)3c 07 Public Institutions_N.mp3"/>
	<entry id="3060040303" project="LAO" informant="INF004" reel="3" region="0" narrative="_I" label="Metadata" state="OK" sex="M " age="76" age_level="3" education="1" town="Sparks" county="Lincoln" land_regions="D" locality="R" date="1962" latitude="35.61151" longitude="-96.82212" file_name="LAO(INF004)3cmeta.txt" path_to_file="LAP\Projects\LAO\Speakers\LAO(INF004)\Audio\LAO(INF004)3c\LAO(INF004)3cmeta.txt"/>
	<entry id="1060040401" project="LAO" informant="INF004" reel="4" region="1" narrative="_Q" label="Wild Animals" state="OK" sex="M " age="76" age_level="3" education="1" town="Sparks" county="Lincoln" land_regions="D" locality="R" date="1962" latitude="35.61151" longitude="-96.82212" file_name="LAO(INF004)4a 01 Wild Animals.mp3" path_to_file="LAP\Projects\LAO\Speakers\LAO(INF004)\Audio\LAO(INF004)4a\LAO(INF004)4a 01 Wild Animals.mp3"/>
	<entry id="1060040402" project="LAO" informant="INF004" reel="4" region="2" narrative="_Q" label="Social Relations" state="OK" sex="M " age="76" age_level="3" education="1" town="Sparks" county="Lincoln" land_regions="D" locality="R" date="1962" latitude="35.61151" longitude="-96.82212" file_name="LAO(INF004)4a 02 Social Relations.mp3" path_to_file="LAP\Projects\LAO\Speakers\LAO(INF004)\Audio\LAO(INF004)4a\LAO(INF004)4a 02 Social Relations.mp3"/>
	<entry id="1060040403" project="LAO" informant="INF004" reel="4" region="3" narrative="_Q" label="Public Institutions" state="OK" sex="M " age="76" age_level="3" education="1" town="Sparks" county="Lincoln" land_regions="D" locality="R" date="1962" latitude="35.61151" longitude="-96.82212" file_name="LAO(INF004)4a 03 Public Institutions.mp3" path_to_file="LAP\Projects\LAO\Speakers\LAO(INF004)\Audio\LAO(INF004)4a\LAO(INF004)4a 03 Public Institutions.mp3"/>
	<entry id="1060040404" project="LAO" informant="INF004" reel="4" region="4" narrative="_Q" label="Public Institutions" state="OK" sex="M " age="76" age_level="3" education="1" town="Sparks" county="Lincoln" land_regions="D" locality="R" date="1962" latitude="35.61151" longitude="-96.82212" file_name="LAO(INF004)4a 04 Public Institutions.mp3" path_to_file="LAP\Projects\LAO\Speakers\LAO(INF004)\Audio\LAO(INF004)4a\LAO(INF004)4a 04 Public Institutions.mp3"/>
	<entry id="1060040405" project="LAO" informant="INF004" reel="4" region="5" narrative="_Q" label="Geography" state="OK" sex="M " age="76" age_level="3" education="1" town="Sparks" county="Lincoln" land_regions="D" locality="R" date="1962" latitude="35.61151" longitude="-96.82212" file_name="LAO(INF004)4a 05 Geography.mp3" path_to_file="LAP\Projects\LAO\Speakers\LAO(INF004)\Audio\LAO(INF004)4a\LAO(INF004)4a 05 Geography.mp3"/>
	<entry id="1060040406" project="LAO" informant="INF004" reel="4" region="6" narrative="_Q" label="Geography" state="OK" sex="M " age="76" age_level="3" education="1" town="Sparks" county="Lincoln" land_regions="D" locality="R" date="1962" latitude="35.61151" longitude="-96.82212" file_name="LAO(INF004)4a 06 Geography.mp3" path_to_file="LAP\Projects\LAO\Speakers\LAO(INF004)\Audio\LAO(INF004)4a\LAO(INF004)4a 06 Geography.mp3"/>
	<entry id="1060040407" project="LAO" informant="INF004" reel="4" region="7" narrative="_N" label="Public Institutions" state="OK" sex="M " age="76" age_level="3" education="1" town="Sparks" county="Lincoln" land_regions="D" locality="R" date="1962" latitude="35.61151" longitude="-96.82212" file_name="LAO(INF004)4a 07 Public Institutions_N.mp3" path_to_file="LAP\Projects\LAO\Speakers\LAO(INF004)\Audio\LAO(INF004)4a\LAO(INF004)4a 07 Public Institutions_N.mp3"/>
	<entry id="3060040401" project="LAO" informant="INF004" reel="4" region="0" narrative="_I" label="Metadata" state="OK" sex="M " age="76" age_level="3" education="1" town="Sparks" county="Lincoln" land_regions="D" locality="R" date="1962" latitude="35.61151" longitude="-96.82212" file_name="LAO(INF004)4ameta.txt" path_to_file="LAP\Projects\LAO\Speakers\LAO(INF004)\Audio\LAO(INF004)4a\LAO(INF004)4ameta.txt"/>
	<entry id="1060040408" project="LAO" informant="INF004" reel="4" region="1" narrative="_Q" label="Family" state="OK" sex="M " age="76" age_level="3" education="1" town="Sparks" county="Lincoln" land_regions="D" locality="R" date="1962" latitude="35.61151" longitude="-96.82212" file_name="LAO(INF004)4b 01 Family.mp3" path_to_file="LAP\Projects\LAO\Speakers\LAO(INF004)\Audio\LAO(INF004)4b\LAO(INF004)4b 01 Family.mp3"/>
	<entry id="1060040409" project="LAO" informant="INF004" reel="4" region="2" narrative="_Q" label="Family" state="OK" sex="M " age="76" age_level="3" education="1" town="Sparks" county="Lincoln" land_regions="D" locality="R" date="1962" latitude="35.61151" longitude="-96.82212" file_name="LAO(INF004)4b 02 Family.mp3" path_to_file="LAP\Projects\LAO\Speakers\LAO(INF004)\Audio\LAO(INF004)4b\LAO(INF004)4b 02 Family.mp3"/>
	<entry id="1060040410" project="LAO" informant="INF004" reel="4" region="3" narrative="_Q" label="Geography" state="OK" sex="M " age="76" age_level="3" education="1" town="Sparks" county="Lincoln" land_regions="D" locality="R" date="1962" latitude="35.61151" longitude="-96.82212" file_name="LAO(INF004)4b 03 Geography.mp3" path_to_file="LAP\Projects\LAO\Speakers\LAO(INF004)\Audio\LAO(INF004)4b\LAO(INF004)4b 03 Geography.mp3"/>
	<entry id="1060040411" project="LAO" informant="INF004" reel="4" region="4" narrative="_Q" label="Geography" state="OK" sex="M " age="76" age_level="3" education="1" town="Sparks" county="Lincoln" land_regions="D" locality="R" date="1962" latitude="35.61151" longitude="-96.82212" file_name="LAO(INF004)4b 04 Geography.mp3" path_to_file="LAP\Projects\LAO\Speakers\LAO(INF004)\Audio\LAO(INF004)4b\LAO(INF004)4b 04 Geography.mp3"/>
	<entry id="1060040412" project="LAO" informant="INF004" reel="4" region="5" narrative="_Q" label="Religion" state="OK" sex="M " age="76" age_level="3" education="1" town="Sparks" county="Lincoln" land_regions="D" locality="R" date="1962" latitude="35.61151" longitude="-96.82212" file_name="LAO(INF004)4b 05 Religion.mp3" path_to_file="LAP\Projects\LAO\Speakers\LAO(INF004)\Audio\LAO(INF004)4b\LAO(INF004)4b 05 Religion.mp3"/>
	<entry id="1060040413" project="LAO" informant="INF004" reel="4" region="6" narrative="_Q" label="Dwellings" state="OK" sex="M " age="76" age_level="3" education="1" town="Sparks" county="Lincoln" land_regions="D" locality="R" date="1962" latitude="35.61151" longitude="-96.82212" file_name="LAO(INF004)4b 06 Dwellings.mp3" path_to_file="LAP\Projects\LAO\Speakers\LAO(INF004)\Audio\LAO(INF004)4b\LAO(INF004)4b 06 Dwellings.mp3"/>
	<entry id="1060040414" project="LAO" informant="INF004" reel="4" region="7" narrative="_Q" label="Time" state="OK" sex="M " age="76" age_level="3" education="1" town="Sparks" county="Lincoln" land_regions="D" locality="R" date="1962" latitude="35.61151" longitude="-96.82212" file_name="LAO(INF004)4b 07 Time.mp3" path_to_file="LAP\Projects\LAO\Speakers\LAO(INF004)\Audio\LAO(INF004)4b\LAO(INF004)4b 07 Time.mp3"/>
	<entry id="3060040402" project="LAO" informant="INF004" reel="4" region="0" narrative="_I" label="Metadata" state="OK" sex="M " age="76" age_level="3" education="1" town="Sparks" county="Lincoln" land_regions="D" locality="R" date="1962" latitude="35.61151" longitude="-96.82212" file_name="LAO(INF004)4bmeta.txt" path_to_file="LAP\Projects\LAO\Speakers\LAO(INF004)\Audio\LAO(INF004)4b\LAO(INF004)4bmeta.txt"/>
	<entry id="1060040415" project="LAO" informant="INF004" reel="4" region="1" narrative="_Q" label="Verbs_ Principal Parts" state="OK" sex="M " age="76" age_level="3" education="1" town="Sparks" county="Lincoln" land_regions="D" locality="R" date="1962" latitude="35.61151" longitude="-96.82212" file_name="LAO(INF004)4c 01 Verbs_ Principal Parts.mp3" path_to_file="LAP\Projects\LAO\Speakers\LAO(INF004)\Audio\LAO(INF004)4c\LAO(INF004)4c 01 Verbs_ Principal Parts.mp3"/>
	<entry id="1060040416" project="LAO" informant="INF004" reel="4" region="2" narrative="_Q" label="Sport and Play" state="OK" sex="M " age="76" age_level="3" education="1" town="Sparks" county="Lincoln" land_regions="D" locality="R" date="1962" latitude="35.61151" longitude="-96.82212" file_name="LAO(INF004)4c 02 Sport and Play.mp3" path_to_file="LAP\Projects\LAO\Speakers\LAO(INF004)\Audio\LAO(INF004)4c\LAO(INF004)4c 02 Sport and Play.mp3"/>
	<entry id="1060040417" project="LAO" informant="INF004" reel="4" region="3" narrative="_Q" label="Verbs_ Principal Parts" state="OK" sex="M " age="76" age_level="3" education="1" town="Sparks" county="Lincoln" land_regions="D" locality="R" date="1962" latitude="35.61151" longitude="-96.82212" file_name="LAO(INF004)4c 03 Verbs_ Principal Parts.mp3" path_to_file="LAP\Projects\LAO\Speakers\LAO(INF004)\Audio\LAO(INF004)4c\LAO(INF004)4c 03 Verbs_ Principal Parts.mp3"/>
	<entry id="1060040418" project="LAO" informant="INF004" reel="4" region="4" narrative="_Q" label="Social Relations" state="OK" sex="M " age="76" age_level="3" education="1" town="Sparks" county="Lincoln" land_regions="D" locality="R" date="1962" latitude="35.61151" longitude="-96.82212" file_name="LAO(INF004)4c 04 Social Relations.mp3" path_to_file="LAP\Projects\LAO\Speakers\LAO(INF004)\Audio\LAO(INF004)4c\LAO(INF004)4c 04 Social Relations.mp3"/>
	<entry id="1060040419" project="LAO" informant="INF004" reel="4" region="5" narrative="_Q" label="Clothing" state="OK" sex="M " age="76" age_level="3" education="1" town="Sparks" county="Lincoln" land_regions="D" locality="R" date="1962" latitude="35.61151" longitude="-96.82212" file_name="LAO(INF004)4c 05 Clothing.mp3" path_to_file="LAP\Projects\LAO\Speakers\LAO(INF004)\Audio\LAO(INF004)4c\LAO(INF004)4c 05 Clothing.mp3"/>
	<entry id="1060040420" project="LAO" informant="INF004" reel="4" region="6" narrative="_N" label="Vehicles" state="OK" sex="M " age="76" age_level="3" education="1" town="Sparks" county="Lincoln" land_regions="D" locality="R" date="1962" latitude="35.61151" longitude="-96.82212" file_name="LAO(INF004)4c 06 Vehicles_N.mp3" path_to_file="LAP\Projects\LAO\Speakers\LAO(INF004)\Audio\LAO(INF004)4c\LAO(INF004)4c 06 Vehicles_N.mp3"/>
	<entry id="1060040421" project="LAO" informant="INF004" reel="4" region="7" narrative="_Q" label="Public Institutions" state="OK" sex="M " age="76" age_level="3" education="1" town="Sparks" county="Lincoln" land_regions="D" locality="R" date="1962" latitude="35.61151" longitude="-96.82212" file_name="LAO(INF004)4c 07 Public Institutions.mp3" path_to_file="LAP\Projects\LAO\Speakers\LAO(INF004)\Audio\LAO(INF004)4c\LAO(INF004)4c 07 Public Institutions.mp3"/>
	<entry id="1060040422" project="LAO" informant="INF004" reel="4" region="8" narrative="_Q" label="Geography" state="OK" sex="M " age="76" age_level="3" education="1" town="Sparks" county="Lincoln" land_regions="D" locality="R" date="1962" latitude="35.61151" longitude="-96.82212" file_name="LAO(INF004)4c 08 Geography.mp3" path_to_file="LAP\Projects\LAO\Speakers\LAO(INF004)\Audio\LAO(INF004)4c\LAO(INF004)4c 08 Geography.mp3"/>
	<entry id="3060040403" project="LAO" informant="INF004" reel="4" region="0" narrative="_I" label="Metadata" state="OK" sex="M " age="76" age_level="3" education="1" town="Sparks" county="Lincoln" land_regions="D" locality="R" date="1962" latitude="35.61151" longitude="-96.82212" file_name="LAO(INF004)4cmeta.txt" path_to_file="LAP\Projects\LAO\Speakers\LAO(INF004)\Audio\LAO(INF004)4c\LAO(INF004)4cmeta.txt"/>
	<entry id="1060040501" project="LAO" informant="INF004" reel="5" region="1" narrative="_Q" label="Weather" state="OK" sex="M " age="76" age_level="3" education="1" town="Sparks" county="Lincoln" land_regions="D" locality="R" date="1962" latitude="35.61151" longitude="-96.82212" file_name="LAO(INF004)5a 01 Weather.mp3" path_to_file="LAP\Projects\LAO\Speakers\LAO(INF004)\Audio\LAO(INF004)5a\LAO(INF004)5a 01 Weather.mp3"/>
	<entry id="1060040502" project="LAO" informant="INF004" reel="5" region="2" narrative="_Q" label="Names, Titles and Occupations" state="OK" sex="M " age="76" age_level="3" education="1" town="Sparks" county="Lincoln" land_regions="D" locality="R" date="1962" latitude="35.61151" longitude="-96.82212" file_name="LAO(INF004)5a 02 Names, Titles and Occupations.mp3" path_to_file="LAP\Projects\LAO\Speakers\LAO(INF004)\Audio\LAO(INF004)5a\LAO(INF004)5a 02 Names, Titles and Occupations.mp3"/>
	<entry id="1060040503" project="LAO" informant="INF004" reel="5" region="3" narrative="_Q" label="Geography" state="OK" sex="M " age="76" age_level="3" education="1" town="Sparks" county="Lincoln" land_regions="D" locality="R" date="1962" latitude="35.61151" longitude="-96.82212" file_name="LAO(INF004)5a 03 Geography.mp3" path_to_file="LAP\Projects\LAO\Speakers\LAO(INF004)\Audio\LAO(INF004)5a\LAO(INF004)5a 03 Geography.mp3"/>
	<entry id="1060040504" project="LAO" informant="INF004" reel="5" region="4" narrative="_Q" label="Family" state="OK" sex="M " age="76" age_level="3" education="1" town="Sparks" county="Lincoln" land_regions="D" locality="R" date="1962" latitude="35.61151" longitude="-96.82212" file_name="LAO(INF004)5a 04 Family.mp3" path_to_file="LAP\Projects\LAO\Speakers\LAO(INF004)\Audio\LAO(INF004)5a\LAO(INF004)5a 04 Family.mp3"/>
	<entry id="1060040505" project="LAO" informant="INF004" reel="5" region="5" narrative="_Q" label="Time" state="OK" sex="M " age="76" age_level="3" education="1" town="Sparks" county="Lincoln" land_regions="D" locality="R" date="1962" latitude="35.61151" longitude="-96.82212" file_name="LAO(INF004)5a 05 Time.mp3" path_to_file="LAP\Projects\LAO\Speakers\LAO(INF004)\Audio\LAO(INF004)5a\LAO(INF004)5a 05 Time.mp3"/>
	<entry id="1060040506" project="LAO" informant="INF004" reel="5" region="6" narrative="_Q" label="Time" state="OK" sex="M " age="76" age_level="3" education="1" town="Sparks" county="Lincoln" land_regions="D" locality="R" date="1962" latitude="35.61151" longitude="-96.82212" file_name="LAO(INF004)5a 06 Time.mp3" path_to_file="LAP\Projects\LAO\Speakers\LAO(INF004)\Audio\LAO(INF004)5a\LAO(INF004)5a 06 Time.mp3"/>
	<entry id="1060040507" project="LAO" informant="INF004" reel="5" region="7" narrative="_N" label="Weather" state="OK" sex="M " age="76" age_level="3" education="1" town="Sparks" county="Lincoln" land_regions="D" locality="R" date="1962" latitude="35.61151" longitude="-96.82212" file_name="LAO(INF004)5a 07 Weather_N.mp3" path_to_file="LAP\Projects\LAO\Speakers\LAO(INF004)\Audio\LAO(INF004)5a\LAO(INF004)5a 07 Weather_N.mp3"/>
	<entry id="1060040508" project="LAO" informant="INF004" reel="5" region="8" narrative="_Q" label="Weather" state="OK" sex="M " age="76" age_level="3" education="1" town="Sparks" county="Lincoln" land_regions="D" locality="R" date="1962" latitude="35.61151" longitude="-96.82212" file_name="LAO(INF004)5a 08 Weather.mp3" path_to_file="LAP\Projects\LAO\Speakers\LAO(INF004)\Audio\LAO(INF004)5a\LAO(INF004)5a 08 Weather.mp3"/>
	<entry id="3060040501" project="LAO" informant="INF004" reel="5" region="0" narrative="_I" label="Metadata" state="OK" sex="M " age="76" age_level="3" education="1" town="Sparks" county="Lincoln" land_regions="D" locality="R" date="1962" latitude="35.61151" longitude="-96.82212" file_name="LAO(INF004)5ameta.txt" path_to_file="LAP\Projects\LAO\Speakers\LAO(INF004)\Audio\LAO(INF004)5a\LAO(INF004)5ameta.txt"/>
	<entry id="1060040509" project="LAO" informant="INF004" reel="5" region="1" narrative="_Q" label="Containers and Utensils" state="OK" sex="M " age="76" age_level="3" education="1" town="Sparks" county="Lincoln" land_regions="D" locality="R" date="1962" latitude="35.61151" longitude="-96.82212" file_name="LAO(INF004)5b 01 Containers and Utensils.mp3" path_to_file="LAP\Projects\LAO\Speakers\LAO(INF004)\Audio\LAO(INF004)5b\LAO(INF004)5b 01 Containers and Utensils.mp3"/>
	<entry id="1060040510" project="LAO" informant="INF004" reel="5" region="2" narrative="_Q" label="Verbs_ Principlel Parts" state="OK" sex="M " age="76" age_level="3" education="1" town="Sparks" county="Lincoln" land_regions="D" locality="R" date="1962" latitude="35.61151" longitude="-96.82212" file_name="LAO(INF004)5b 02 Verbs_ Principlel Parts.mp3" path_to_file="LAP\Projects\LAO\Speakers\LAO(INF004)\Audio\LAO(INF004)5b\LAO(INF004)5b 02 Verbs_ Principlel Parts.mp3"/>
	<entry id="1060040511" project="LAO" informant="INF004" reel="5" region="3" narrative="_Q" label="Verbs_ Principle Parts" state="OK" sex="M " age="76" age_level="3" education="1" town="Sparks" county="Lincoln" land_regions="D" locality="R" date="1962" latitude="35.61151" longitude="-96.82212" file_name="LAO(INF004)5b 03 Verbs_ Principle Parts.mp3" path_to_file="LAP\Projects\LAO\Speakers\LAO(INF004)\Audio\LAO(INF004)5b\LAO(INF004)5b 03 Verbs_ Principle Parts.mp3"/>
	<entry id="1060040512" project="LAO" informant="INF004" reel="5" region="4" narrative="_Q" label="Wild Animals" state="OK" sex="M " age="76" age_level="3" education="1" town="Sparks" county="Lincoln" land_regions="D" locality="R" date="1962" latitude="35.61151" longitude="-96.82212" file_name="LAO(INF004)5b 04 Wild Animals.mp3" path_to_file="LAP\Projects\LAO\Speakers\LAO(INF004)\Audio\LAO(INF004)5b\LAO(INF004)5b 04 Wild Animals.mp3"/>
	<entry id="1060040513" project="LAO" informant="INF004" reel="5" region="5" narrative="_Q" label="Verbs_ Principle Parts" state="OK" sex="M " age="76" age_level="3" education="1" town="Sparks" county="Lincoln" land_regions="D" locality="R" date="1962" latitude="35.61151" longitude="-96.82212" file_name="LAO(INF004)5b 05 Verbs_ Principle Parts.mp3" path_to_file="LAP\Projects\LAO\Speakers\LAO(INF004)\Audio\LAO(INF004)5b\LAO(INF004)5b 05 Verbs_ Principle Parts.mp3"/>
	<entry id="1060040514" project="LAO" informant="INF004" reel="5" region="6" narrative="_Q" label="Verbs_ Principle Parts" state="OK" sex="M " age="76" age_level="3" education="1" town="Sparks" county="Lincoln" land_regions="D" locality="R" date="1962" latitude="35.61151" longitude="-96.82212" file_name="LAO(INF004)5b 06 Verbs_ Principle Parts.mp3" path_to_file="LAP\Projects\LAO\Speakers\LAO(INF004)\Audio\LAO(INF004)5b\LAO(INF004)5b 06 Verbs_ Principle Parts.mp3"/>
	<entry id="1060040515" project="LAO" informant="INF004" reel="5" region="7" narrative="_Q" label="Dwellings" state="OK" sex="M " age="76" age_level="3" education="1" town="Sparks" county="Lincoln" land_regions="D" locality="R" date="1962" latitude="35.61151" longitude="-96.82212" file_name="LAO(INF004)5b 07 Dwellings.mp3" path_to_file="LAP\Projects\LAO\Speakers\LAO(INF004)\Audio\LAO(INF004)5b\LAO(INF004)5b 07 Dwellings.mp3"/>
	<entry id="1060040516" project="LAO" informant="INF004" reel="5" region="8" narrative="_Q" label="Topography" state="OK" sex="M " age="76" age_level="3" education="1" town="Sparks" county="Lincoln" land_regions="D" locality="R" date="1962" latitude="35.61151" longitude="-96.82212" file_name="LAO(INF004)5b 08 Topography.mp3" path_to_file="LAP\Projects\LAO\Speakers\LAO(INF004)\Audio\LAO(INF004)5b\LAO(INF004)5b 08 Topography.mp3"/>
	<entry id="1060040517" project="LAO" informant="INF004" reel="5" region="9" narrative="_Q" label="Verbs_ Be, Have, Do" state="OK" sex="M " age="76" age_level="3" education="1" town="Sparks" county="Lincoln" land_regions="D" locality="R" date="1962" latitude="35.61151" longitude="-96.82212" file_name="LAO(INF004)5b 09 Verbs_ Be, Have, Do.mp3" path_to_file="LAP\Projects\LAO\Speakers\LAO(INF004)\Audio\LAO(INF004)5b\LAO(INF004)5b 09 Verbs_ Be, Have, Do.mp3"/>
	<entry id="3060040502" project="LAO" informant="INF004" reel="5" region="0" narrative="_I" label="Metadata" state="OK" sex="M " age="76" age_level="3" education="1" town="Sparks" county="Lincoln" land_regions="D" locality="R" date="1962" latitude="35.61151" longitude="-96.82212" file_name="LAO(INF004)5bmeta.txt" path_to_file="LAP\Projects\LAO\Speakers\LAO(INF004)\Audio\LAO(INF004)5b\LAO(INF004)5bmeta.txt"/>
	<entry id="3060040001" project="LAO" informant="INF004" reel="0" region="0" narrative="_I" label="Biographical Information" state="OK" sex="M " age="76" age_level="3" education="1" town="Sparks" county="Lincoln" land_regions="D" locality="R" date="1962" latitude="35.61151" longitude="-96.82212" file_name="LAO(INF004)BIO.txt" path_to_file="LAP\Projects\LAO\Speakers\LAO(INF004)\Text\LAO(INF004)BIO.txt"/>
</Audio>