<?xml version="1.0" encoding="UTF-8" standalone="yes"?>
<Audio>
	<entry id="1060380101" project="LAO" informant="INF038" reel="1a" region="1" narrative="_Q" label="Dwellings" state="OK" sex="F" age="67" age_level="3" education="3" town="Altus" county="Jackson" land_regions="D" locality="U" date="1962" file_name="LAO(INF038)1a 01 Dwellings.mp3" path_to_file="LAP\Projects\LAO\Speakers\LAO(INF038)\Audio\LAO(INF038)1a\LAO(INF038)1a 01 Dwellings.mp3"/>
	<entry id="1060380102" project="LAO" informant="INF038" reel="1a" region="2" narrative="_Q" label="Dwellings" state="OK" sex="F" age="67" age_level="3" education="3" town="Altus" county="Jackson" land_regions="D" locality="U" date="1962" file_name="LAO(INF038)1a 02 Dwellings.mp3" path_to_file="LAP\Projects\LAO\Speakers\LAO(INF038)\Audio\LAO(INF038)1a\LAO(INF038)1a 02 Dwellings.mp3"/>
	<entry id="1060380103" project="LAO" informant="INF038" reel="1a" region="3" narrative="_N" label="Dwellings" state="OK" sex="F" age="67" age_level="3" education="3" town="Altus" county="Jackson" land_regions="D" locality="U" date="1962" file_name="LAO(INF038)1a 03 Dwellings_N.mp3" path_to_file="LAP\Projects\LAO\Speakers\LAO(INF038)\Audio\LAO(INF038)1a\LAO(INF038)1a 03 Dwellings_N.mp3"/>
	<entry id="1060380104" project="LAO" informant="INF038" reel="1a" region="4" narrative="_Q" label="Dwellings" state="OK" sex="F" age="67" age_level="3" education="3" town="Altus" county="Jackson" land_regions="D" locality="U" date="1962" file_name="LAO(INF038)1a 04 Dwellings.mp3" path_to_file="LAP\Projects\LAO\Speakers\LAO(INF038)\Audio\LAO(INF038)1a\LAO(INF038)1a 04 Dwellings.mp3"/>
	<entry id="1060380105" project="LAO" informant="INF038" reel="1a" region="5" narrative="_Q" label="Dwellings" state="OK" sex="F" age="67" age_level="3" education="3" town="Altus" county="Jackson" land_regions="D" locality="U" date="1962" file_name="LAO(INF038)1a 05 Dwellings.mp3" path_to_file="LAP\Projects\LAO\Speakers\LAO(INF038)\Audio\LAO(INF038)1a\LAO(INF038)1a 05 Dwellings.mp3"/>
	<entry id="1060380106" project="LAO" informant="INF038" reel="1a" region="6" narrative="_Q" label="Dwellings" state="OK" sex="F" age="67" age_level="3" education="3" town="Altus" county="Jackson" land_regions="D" locality="U" date="1962" file_name="LAO(INF038)1a 06 Dwellings.mp3" path_to_file="LAP\Projects\LAO\Speakers\LAO(INF038)\Audio\LAO(INF038)1a\LAO(INF038)1a 06 Dwellings.mp3"/>
	<entry id="1060380107" project="LAO" informant="INF038" reel="1a" region="7" narrative="_Q" label="Dwellings" state="OK" sex="F" age="67" age_level="3" education="3" town="Altus" county="Jackson" land_regions="D" locality="U" date="1962" file_name="LAO(INF038)1a 07 Dwellings.mp3" path_to_file="LAP\Projects\LAO\Speakers\LAO(INF038)\Audio\LAO(INF038)1a\LAO(INF038)1a 07 Dwellings.mp3"/>
	<entry id="3060380101" project="LAO" informant="INF038" reel="1a" region="0" narrative="_I" label="Metadata" state="OK" sex="F" age="67" age_level="3" education="3" town="Altus" county="Jackson" land_regions="D" locality="U" date="1962" file_name="LAO(INF038)1ameta.txt" path_to_file="LAP\Projects\LAO\Speakers\LAO(INF038)\Audio\LAO(INF038)1a\LAO(INF038)1ameta.txt"/>
	<entry id="1060380108" project="LAO" informant="INF038" reel="1b" region="1" narrative="_N" label="Containers and Utensils" state="OK" sex="F" age="67" age_level="3" education="3" town="Altus" county="Jackson" land_regions="D" locality="U" date="1962" file_name="LAO(INF038)1b 01 Containers and Utensils_N.mp3" path_to_file="LAP\Projects\LAO\Speakers\LAO(INF038)\Audio\LAO(INF038)1b\LAO(INF038)1b 01 Containers and Utensils_N.mp3"/>
	<entry id="1060380109" project="LAO" informant="INF038" reel="1b" region="2" narrative="_N" label="Public Institutions" state="OK" sex="F" age="67" age_level="3" education="3" town="Altus" county="Jackson" land_regions="D" locality="U" date="1962" file_name="LAO(INF038)1b 02 Public Institutions_N.mp3" path_to_file="LAP\Projects\LAO\Speakers\LAO(INF038)\Audio\LAO(INF038)1b\LAO(INF038)1b 02 Public Institutions_N.mp3"/>
	<entry id="1060380110" project="LAO" informant="INF038" reel="1b" region="3" narrative="_Q" label="Dwellings" state="OK" sex="F" age="67" age_level="3" education="3" town="Altus" county="Jackson" land_regions="D" locality="U" date="1962" file_name="LAO(INF038)1b 03 Dwellings.mp3" path_to_file="LAP\Projects\LAO\Speakers\LAO(INF038)\Audio\LAO(INF038)1b\LAO(INF038)1b 03 Dwellings.mp3"/>
	<entry id="1060380111" project="LAO" informant="INF038" reel="1b" region="4" narrative="_Q" label="Containers and Utensils" state="OK" sex="F" age="67" age_level="3" education="3" town="Altus" county="Jackson" land_regions="D" locality="U" date="1962" file_name="LAO(INF038)1b 04 Containers and Utensils.mp3" path_to_file="LAP\Projects\LAO\Speakers\LAO(INF038)\Audio\LAO(INF038)1b\LAO(INF038)1b 04 Containers and Utensils.mp3"/>
	<entry id="1060380112" project="LAO" informant="INF038" reel="1b" region="5" narrative="_Q" label="The Farm" state="OK" sex="F" age="67" age_level="3" education="3" town="Altus" county="Jackson" land_regions="D" locality="U" date="1962" file_name="LAO(INF038)1b 05 The Farm.mp3" path_to_file="LAP\Projects\LAO\Speakers\LAO(INF038)\Audio\LAO(INF038)1b\LAO(INF038)1b 05 The Farm.mp3"/>
	<entry id="1060380113" project="LAO" informant="INF038" reel="1b" region="6" narrative="_Q" label="The Family" state="OK" sex="F" age="67" age_level="3" education="3" town="Altus" county="Jackson" land_regions="D" locality="U" date="1962" file_name="LAO(INF038)1b 06 The Family.mp3" path_to_file="LAP\Projects\LAO\Speakers\LAO(INF038)\Audio\LAO(INF038)1b\LAO(INF038)1b 06 The Family.mp3"/>
	<entry id="1060380114" project="LAO" informant="INF038" reel="1b" region="7" narrative="_Q" label="Public Institutions" state="OK" sex="F" age="67" age_level="3" education="3" town="Altus" county="Jackson" land_regions="D" locality="U" date="1962" file_name="LAO(INF038)1b 07 Public Institutions.mp3" path_to_file="LAP\Projects\LAO\Speakers\LAO(INF038)\Audio\LAO(INF038)1b\LAO(INF038)1b 07 Public Institutions.mp3"/>
	<entry id="3060380102" project="LAO" informant="INF038" reel="1b" region="0" narrative="_I" label="Metadata" state="OK" sex="F" age="67" age_level="3" education="3" town="Altus" county="Jackson" land_regions="D" locality="U" date="1962" file_name="LAO(INF038)1bmeta.txt" path_to_file="LAP\Projects\LAO\Speakers\LAO(INF038)\Audio\LAO(INF038)1b\LAO(INF038)1bmeta.txt"/>
	<entry id="1060380115" project="LAO" informant="INF038" reel="1c" region="1" narrative="_Q" label="Containers and Utensils" state="OK" sex="F" age="67" age_level="3" education="3" town="Altus" county="Jackson" land_regions="D" locality="U" date="1962" file_name="LAO(INF038)1c 01 Containers and Utensils.mp3" path_to_file="LAP\Projects\LAO\Speakers\LAO(INF038)\Audio\LAO(INF038)1c\LAO(INF038)1c 01 Containers and Utensils.mp3"/>
	<entry id="1060380116" project="LAO" informant="INF038" reel="1c" region="2" narrative="_Q" label="Containers and Utensils" state="OK" sex="F" age="67" age_level="3" education="3" town="Altus" county="Jackson" land_regions="D" locality="U" date="1962" file_name="LAO(INF038)1c 02 Containers and Utensils.mp3" path_to_file="LAP\Projects\LAO\Speakers\LAO(INF038)\Audio\LAO(INF038)1c\LAO(INF038)1c 02 Containers and Utensils.mp3"/>
	<entry id="1060380117" project="LAO" informant="INF038" reel="1c" region="3" narrative="_Q" label="Containers and Utensils" state="OK" sex="F" age="67" age_level="3" education="3" town="Altus" county="Jackson" land_regions="D" locality="U" date="1962" file_name="LAO(INF038)1c 03 Containers and Utensils.mp3" path_to_file="LAP\Projects\LAO\Speakers\LAO(INF038)\Audio\LAO(INF038)1c\LAO(INF038)1c 03 Containers and Utensils.mp3"/>
	<entry id="1060380118" project="LAO" informant="INF038" reel="1c" region="4" narrative="_Q" label="Public Institutions" state="OK" sex="F" age="67" age_level="3" education="3" town="Altus" county="Jackson" land_regions="D" locality="U" date="1962" file_name="LAO(INF038)1c 04 Public Institutions.mp3" path_to_file="LAP\Projects\LAO\Speakers\LAO(INF038)\Audio\LAO(INF038)1c\LAO(INF038)1c 04 Public Institutions.mp3"/>
	<entry id="1060380119" project="LAO" informant="INF038" reel="1c" region="5" narrative="_Q" label="Agriculture" state="OK" sex="F" age="67" age_level="3" education="3" town="Altus" county="Jackson" land_regions="D" locality="U" date="1962" file_name="LAO(INF038)1c 05 Agriculture.mp3" path_to_file="LAP\Projects\LAO\Speakers\LAO(INF038)\Audio\LAO(INF038)1c\LAO(INF038)1c 05 Agriculture.mp3"/>
	<entry id="1060380120" project="LAO" informant="INF038" reel="1c" region="6" narrative="_Q" label="Domestic Animals" state="OK" sex="F" age="67" age_level="3" education="3" town="Altus" county="Jackson" land_regions="D" locality="U" date="1962" file_name="LAO(INF038)1c 06 Domestic Animals.mp3" path_to_file="LAP\Projects\LAO\Speakers\LAO(INF038)\Audio\LAO(INF038)1c\LAO(INF038)1c 06 Domestic Animals.mp3"/>
	<entry id="1060380121" project="LAO" informant="INF038" reel="1c" region="7" narrative="_Q" label="Sport and Play" state="OK" sex="F" age="67" age_level="3" education="3" town="Altus" county="Jackson" land_regions="D" locality="U" date="1962" file_name="LAO(INF038)1c 07 Sport and Play.mp3" path_to_file="LAP\Projects\LAO\Speakers\LAO(INF038)\Audio\LAO(INF038)1c\LAO(INF038)1c 07 Sport and Play.mp3"/>
	<entry id="3060380103" project="LAO" informant="INF038" reel="1c" region="0" narrative="_I" label="Metadata" state="OK" sex="F" age="67" age_level="3" education="3" town="Altus" county="Jackson" land_regions="D" locality="U" date="1962" file_name="LAO(INF038)1cmeta.txt" path_to_file="LAP\Projects\LAO\Speakers\LAO(INF038)\Audio\LAO(INF038)1c\LAO(INF038)1cmeta.txt"/>
	<entry id="1060380201" project="LAO" informant="INF038" reel="2a" region="1" narrative="_Q" label="Containers and Utensils" state="OK" sex="F" age="67" age_level="3" education="3" town="Altus" county="Jackson" land_regions="D" locality="U" date="1962" file_name="LAO(INF038)2a 01 Containers and Utensils.mp3" path_to_file="LAP\Projects\LAO\Speakers\LAO(INF038)\Audio\LAO(INF038)2a\LAO(INF038)2a 01 Containers and Utensils.mp3"/>
	<entry id="1060380202" project="LAO" informant="INF038" reel="2a" region="2" narrative="_Q" label="Clothing" state="OK" sex="F" age="67" age_level="3" education="3" town="Altus" county="Jackson" land_regions="D" locality="U" date="1962" file_name="LAO(INF038)2a 02 Clothing.mp3" path_to_file="LAP\Projects\LAO\Speakers\LAO(INF038)\Audio\LAO(INF038)2a\LAO(INF038)2a 02 Clothing.mp3"/>
	<entry id="1060380203" project="LAO" informant="INF038" reel="2a" region="3" narrative="_Q" label="Clothing" state="OK" sex="F" age="67" age_level="3" education="3" town="Altus" county="Jackson" land_regions="D" locality="U" date="1962" file_name="LAO(INF038)2a 03 Clothing.mp3" path_to_file="LAP\Projects\LAO\Speakers\LAO(INF038)\Audio\LAO(INF038)2a\LAO(INF038)2a 03 Clothing.mp3"/>
	<entry id="1060380204" project="LAO" informant="INF038" reel="2a" region="4" narrative="_Q" label="Topography" state="OK" sex="F" age="67" age_level="3" education="3" town="Altus" county="Jackson" land_regions="D" locality="U" date="1962" file_name="LAO(INF038)2a 04 Topography.mp3" path_to_file="LAP\Projects\LAO\Speakers\LAO(INF038)\Audio\LAO(INF038)2a\LAO(INF038)2a 04 Topography.mp3"/>
	<entry id="1060380205" project="LAO" informant="INF038" reel="2a" region="5" narrative="_Q" label="Domestic Animals" state="OK" sex="F" age="67" age_level="3" education="3" town="Altus" county="Jackson" land_regions="D" locality="U" date="1962" file_name="LAO(INF038)2a 05 Domestic Animals.mp3" path_to_file="LAP\Projects\LAO\Speakers\LAO(INF038)\Audio\LAO(INF038)2a\LAO(INF038)2a 05 Domestic Animals.mp3"/>
	<entry id="1060380206" project="LAO" informant="INF038" reel="2a" region="6" narrative="_Q" label="Vehicles" state="OK" sex="F" age="67" age_level="3" education="3" town="Altus" county="Jackson" land_regions="D" locality="U" date="1962" file_name="LAO(INF038)2a 06 Vehicles.mp3" path_to_file="LAP\Projects\LAO\Speakers\LAO(INF038)\Audio\LAO(INF038)2a\LAO(INF038)2a 06 Vehicles.mp3"/>
	<entry id="1060380207" project="LAO" informant="INF038" reel="2a" region="7" narrative="_Q" label="Domestic Animals" state="OK" sex="F" age="67" age_level="3" education="3" town="Altus" county="Jackson" land_regions="D" locality="U" date="1962" file_name="LAO(INF038)2a 07 Domestic Animals.mp3" path_to_file="LAP\Projects\LAO\Speakers\LAO(INF038)\Audio\LAO(INF038)2a\LAO(INF038)2a 07 Domestic Animals.mp3"/>
	<entry id="3060380201" project="LAO" informant="INF038" reel="2a" region="0" narrative="_I" label="Metadata" state="OK" sex="F" age="67" age_level="3" education="3" town="Altus" county="Jackson" land_regions="D" locality="U" date="1962" file_name="LAO(INF038)2ameta.txt" path_to_file="LAP\Projects\LAO\Speakers\LAO(INF038)\Audio\LAO(INF038)2a\LAO(INF038)2ameta.txt"/>
	<entry id="1060380208" project="LAO" informant="INF038" reel="2b" region="1" narrative="_Q" label="Domestic Animals" state="OK" sex="F" age="67" age_level="3" education="3" town="Altus" county="Jackson" land_regions="D" locality="U" date="1962" file_name="LAO(INF038)2b 01 Domestic Animals.mp3" path_to_file="LAP\Projects\LAO\Speakers\LAO(INF038)\Audio\LAO(INF038)2b\LAO(INF038)2b 01 Domestic Animals.mp3"/>
	<entry id="1060380209" project="LAO" informant="INF038" reel="2b" region="2" narrative="_Q" label="Trees and Shrubs" state="OK" sex="F" age="67" age_level="3" education="3" town="Altus" county="Jackson" land_regions="D" locality="U" date="1962" file_name="LAO(INF038)2b 02 Trees and Shrubs.mp3" path_to_file="LAP\Projects\LAO\Speakers\LAO(INF038)\Audio\LAO(INF038)2b\LAO(INF038)2b 02 Trees and Shrubs.mp3"/>
	<entry id="1060380210" project="LAO" informant="INF038" reel="2b" region="3" narrative="_Q" label="Agriculture" state="OK" sex="F" age="67" age_level="3" education="3" town="Altus" county="Jackson" land_regions="D" locality="U" date="1962" file_name="LAO(INF038)2b 03 Agriculture.mp3" path_to_file="LAP\Projects\LAO\Speakers\LAO(INF038)\Audio\LAO(INF038)2b\LAO(INF038)2b 03 Agriculture.mp3"/>
	<entry id="1060380211" project="LAO" informant="INF038" reel="2b" region="4" narrative="_Q" label="Food and Cooking" state="OK" sex="F" age="67" age_level="3" education="3" town="Altus" county="Jackson" land_regions="D" locality="U" date="1962" file_name="LAO(INF038)2b 04 Food and Cooking.mp3" path_to_file="LAP\Projects\LAO\Speakers\LAO(INF038)\Audio\LAO(INF038)2b\LAO(INF038)2b 04 Food and Cooking.mp3"/>
	<entry id="1060380212" project="LAO" informant="INF038" reel="2b" region="5" narrative="_Q" label="Food and Cooking" state="OK" sex="F" age="67" age_level="3" education="3" town="Altus" county="Jackson" land_regions="D" locality="U" date="1962" file_name="LAO(INF038)2b 05 Food and Cooking.mp3" path_to_file="LAP\Projects\LAO\Speakers\LAO(INF038)\Audio\LAO(INF038)2b\LAO(INF038)2b 05 Food and Cooking.mp3"/>
	<entry id="1060380213" project="LAO" informant="INF038" reel="2b" region="6" narrative="_Q" label="Food and Cooking" state="OK" sex="F" age="67" age_level="3" education="3" town="Altus" county="Jackson" land_regions="D" locality="U" date="1962" file_name="LAO(INF038)2b 06 Food and Cooking.mp3" path_to_file="LAP\Projects\LAO\Speakers\LAO(INF038)\Audio\LAO(INF038)2b\LAO(INF038)2b 06 Food and Cooking.mp3"/>
	<entry id="3060380202" project="LAO" informant="INF038" reel="2b" region="0" narrative="_I" label="Metadata" state="OK" sex="F" age="67" age_level="3" education="3" town="Altus" county="Jackson" land_regions="D" locality="U" date="1962" file_name="LAO(INF038)2bmeta.txt" path_to_file="LAP\Projects\LAO\Speakers\LAO(INF038)\Audio\LAO(INF038)2b\LAO(INF038)2bmeta.txt"/>
	<entry id="1060380214" project="LAO" informant="INF038" reel="2c" region="1" narrative="_Q" label="Containers and Utensils" state="OK" sex="F" age="67" age_level="3" education="3" town="Altus" county="Jackson" land_regions="D" locality="U" date="1962" file_name="LAO(INF038)2c 01 Containers and Utensils.mp3" path_to_file="LAP\Projects\LAO\Speakers\LAO(INF038)\Audio\LAO(INF038)2c\LAO(INF038)2c 01 Containers and Utensils.mp3"/>
	<entry id="1060380215" project="LAO" informant="INF038" reel="2c" region="2" narrative="_Q" label="Vegetables" state="OK" sex="F" age="67" age_level="3" education="3" town="Altus" county="Jackson" land_regions="D" locality="U" date="1962" file_name="LAO(INF038)2c 02 Vegetables.mp3" path_to_file="LAP\Projects\LAO\Speakers\LAO(INF038)\Audio\LAO(INF038)2c\LAO(INF038)2c 02 Vegetables.mp3"/>
	<entry id="1060380216" project="LAO" informant="INF038" reel="2c" region="3" narrative="_Q" label="Vegetables" state="OK" sex="F" age="67" age_level="3" education="3" town="Altus" county="Jackson" land_regions="D" locality="U" date="1962" file_name="LAO(INF038)2c 03 Vegetables.mp3" path_to_file="LAP\Projects\LAO\Speakers\LAO(INF038)\Audio\LAO(INF038)2c\LAO(INF038)2c 03 Vegetables.mp3"/>
	<entry id="1060380217" project="LAO" informant="INF038" reel="2c" region="4" narrative="_Q" label="Vegetables" state="OK" sex="F" age="67" age_level="3" education="3" town="Altus" county="Jackson" land_regions="D" locality="U" date="1962" file_name="LAO(INF038)2c 04 Vegetables.mp3" path_to_file="LAP\Projects\LAO\Speakers\LAO(INF038)\Audio\LAO(INF038)2c\LAO(INF038)2c 04 Vegetables.mp3"/>
	<entry id="1060380218" project="LAO" informant="INF038" reel="2c" region="5" narrative="_Q" label="Verbs_ Principal Parts" state="OK" sex="F" age="67" age_level="3" education="3" town="Altus" county="Jackson" land_regions="D" locality="U" date="1962" file_name="LAO(INF038)2c 05 Verbs_ Principal Parts.mp3" path_to_file="LAP\Projects\LAO\Speakers\LAO(INF038)\Audio\LAO(INF038)2c\LAO(INF038)2c 05 Verbs_ Principal Parts.mp3"/>
	<entry id="1060380219" project="LAO" informant="INF038" reel="2c" region="6" narrative="_Q" label="Family" state="OK" sex="F" age="67" age_level="3" education="3" town="Altus" county="Jackson" land_regions="D" locality="U" date="1962" file_name="LAO(INF038)2c 06 Family.mp3" path_to_file="LAP\Projects\LAO\Speakers\LAO(INF038)\Audio\LAO(INF038)2c\LAO(INF038)2c 06 Family.mp3"/>
	<entry id="1060380220" project="LAO" informant="INF038" reel="2c" region="7" narrative="_Q" label="Sport and Play" state="OK" sex="F" age="67" age_level="3" education="3" town="Altus" county="Jackson" land_regions="D" locality="U" date="1962" file_name="LAO(INF038)2c 07 Sport and Play.mp3" path_to_file="LAP\Projects\LAO\Speakers\LAO(INF038)\Audio\LAO(INF038)2c\LAO(INF038)2c 07 Sport and Play.mp3"/>
	<entry id="1060380221" project="LAO" informant="INF038" reel="2c" region="8" narrative="_Q" label="Wild Animals" state="OK" sex="F" age="67" age_level="3" education="3" town="Altus" county="Jackson" land_regions="D" locality="U" date="1962" file_name="LAO(INF038)2c 08 Wild Animals.mp3" path_to_file="LAP\Projects\LAO\Speakers\LAO(INF038)\Audio\LAO(INF038)2c\LAO(INF038)2c 08 Wild Animals.mp3"/>
	<entry id="3060380203" project="LAO" informant="INF038" reel="2c" region="0" narrative="_I" label="Metadata" state="OK" sex="F" age="67" age_level="3" education="3" town="Altus" county="Jackson" land_regions="D" locality="U" date="1962" file_name="LAO(INF038)2cmeta.txt" path_to_file="LAP\Projects\LAO\Speakers\LAO(INF038)\Audio\LAO(INF038)2c\LAO(INF038)2cmeta.txt"/>
	<entry id="1060380301" project="LAO" informant="INF038" reel="3a" region="1" narrative="_Q" label="Names, Titles and Occupations" state="OK" sex="F" age="67" age_level="3" education="3" town="Altus" county="Jackson" land_regions="D" locality="U" date="1962" file_name="LAO(INF038)3a 01 Names, Titles and Occupations.mp3" path_to_file="LAP\Projects\LAO\Speakers\LAO(INF038)\Audio\LAO(INF038)3a\LAO(INF038)3a 01 Names, Titles and Occupations.mp3"/>
	<entry id="1060380302" project="LAO" informant="INF038" reel="3a" region="2" narrative="_Q" label="Trees and Shrubs" state="OK" sex="F" age="67" age_level="3" education="3" town="Altus" county="Jackson" land_regions="D" locality="U" date="1962" file_name="LAO(INF038)3a 02 Trees and Shrubs.mp3" path_to_file="LAP\Projects\LAO\Speakers\LAO(INF038)\Audio\LAO(INF038)3a\LAO(INF038)3a 02 Trees and Shrubs.mp3"/>
	<entry id="1060380303" project="LAO" informant="INF038" reel="3a" region="3" narrative="_Q" label="Family" state="OK" sex="F" age="67" age_level="3" education="3" town="Altus" county="Jackson" land_regions="D" locality="U" date="1962" file_name="LAO(INF038)3a 03 Family.mp3" path_to_file="LAP\Projects\LAO\Speakers\LAO(INF038)\Audio\LAO(INF038)3a\LAO(INF038)3a 03 Family.mp3"/>
	<entry id="1060380304" project="LAO" informant="INF038" reel="3a" region="4" narrative="_Q" label="Names, Titles and Occupations" state="OK" sex="F" age="67" age_level="3" education="3" town="Altus" county="Jackson" land_regions="D" locality="U" date="1962" file_name="LAO(INF038)3a 04 Names, Titles and Occupations.mp3" path_to_file="LAP\Projects\LAO\Speakers\LAO(INF038)\Audio\LAO(INF038)3a\LAO(INF038)3a 04 Names, Titles and Occupations.mp3"/>
	<entry id="1060380305" project="LAO" informant="INF038" reel="3a" region="5" narrative="_Q" label="Names, Titles and Occupations" state="OK" sex="F" age="67" age_level="3" education="3" town="Altus" county="Jackson" land_regions="D" locality="U" date="1962" file_name="LAO(INF038)3a 05 Names, Titles and Occupations.mp3" path_to_file="LAP\Projects\LAO\Speakers\LAO(INF038)\Audio\LAO(INF038)3a\LAO(INF038)3a 05 Names, Titles and Occupations.mp3"/>
	<entry id="1060380306" project="LAO" informant="INF038" reel="3a" region="6" narrative="_Q" label="Vehicles" state="OK" sex="F" age="67" age_level="3" education="3" town="Altus" county="Jackson" land_regions="D" locality="U" date="1962" file_name="LAO(INF038)3a 06 Vehicles.mp3" path_to_file="LAP\Projects\LAO\Speakers\LAO(INF038)\Audio\LAO(INF038)3a\LAO(INF038)3a 06 Vehicles.mp3"/>
	<entry id="1060380307" project="LAO" informant="INF038" reel="3a" region="7" narrative="_Q" label="Personal Characteristics" state="OK" sex="F" age="67" age_level="3" education="3" town="Altus" county="Jackson" land_regions="D" locality="U" date="1962" file_name="LAO(INF038)3a 07 Personal Characteristics.mp3" path_to_file="LAP\Projects\LAO\Speakers\LAO(INF038)\Audio\LAO(INF038)3a\LAO(INF038)3a 07 Personal Characteristics.mp3"/>
	<entry id="3060380301" project="LAO" informant="INF038" reel="3a" region="0" narrative="_I" label="Metadata" state="OK" sex="F" age="67" age_level="3" education="3" town="Altus" county="Jackson" land_regions="D" locality="U" date="1962" file_name="LAO(INF038)3ameta.txt" path_to_file="LAP\Projects\LAO\Speakers\LAO(INF038)\Audio\LAO(INF038)3a\LAO(INF038)3ameta.txt"/>
	<entry id="1060380308" project="LAO" informant="INF038" reel="3b" region="1" narrative="_Q" label="Names, Titles and Occupations" state="OK" sex="F" age="67" age_level="3" education="3" town="Altus" county="Jackson" land_regions="D" locality="U" date="1962" file_name="LAO(INF038)3b 01 Names, Titles and Occupations.mp3" path_to_file="LAP\Projects\LAO\Speakers\LAO(INF038)\Audio\LAO(INF038)3b\LAO(INF038)3b 01 Names, Titles and Occupations.mp3"/>
	<entry id="1060380309" project="LAO" informant="INF038" reel="3b" region="2" narrative="_Q" label="Illness and Death" state="OK" sex="F" age="67" age_level="3" education="3" town="Altus" county="Jackson" land_regions="D" locality="U" date="1962" file_name="LAO(INF038)3b 02 Illness and Death.mp3" path_to_file="LAP\Projects\LAO\Speakers\LAO(INF038)\Audio\LAO(INF038)3b\LAO(INF038)3b 02 Illness and Death.mp3"/>
	<entry id="1060380310" project="LAO" informant="INF038" reel="3b" region="3" narrative="_Q" label="Illness and Death" state="OK" sex="F" age="67" age_level="3" education="3" town="Altus" county="Jackson" land_regions="D" locality="U" date="1962" file_name="LAO(INF038)3b 03 Illness and Death.mp3" path_to_file="LAP\Projects\LAO\Speakers\LAO(INF038)\Audio\LAO(INF038)3b\LAO(INF038)3b 03 Illness and Death.mp3"/>
	<entry id="1060380311" project="LAO" informant="INF038" reel="3b" region="4" narrative="_Q" label="Public Institutions" state="OK" sex="F" age="67" age_level="3" education="3" town="Altus" county="Jackson" land_regions="D" locality="U" date="1962" file_name="LAO(INF038)3b 04 Public Institutions.mp3" path_to_file="LAP\Projects\LAO\Speakers\LAO(INF038)\Audio\LAO(INF038)3b\LAO(INF038)3b 04 Public Institutions.mp3"/>
	<entry id="1060380312" project="LAO" informant="INF038" reel="3b" region="5" narrative="_Q" label="Social Institutions" state="OK" sex="F" age="67" age_level="3" education="3" town="Altus" county="Jackson" land_regions="D" locality="U" date="1962" file_name="LAO(INF038)3b 05 Social Institutions.mp3" path_to_file="LAP\Projects\LAO\Speakers\LAO(INF038)\Audio\LAO(INF038)3b\LAO(INF038)3b 05 Social Institutions.mp3"/>
	<entry id="1060380313" project="LAO" informant="INF038" reel="3b" region="6" narrative="_Q" label="Public Institutions" state="OK" sex="F" age="67" age_level="3" education="3" town="Altus" county="Jackson" land_regions="D" locality="U" date="1962" file_name="LAO(INF038)3b 06 Public Institutions.mp3" path_to_file="LAP\Projects\LAO\Speakers\LAO(INF038)\Audio\LAO(INF038)3b\LAO(INF038)3b 06 Public Institutions.mp3"/>
	<entry id="1060380314" project="LAO" informant="INF038" reel="3b" region="7" narrative="_Q" label="Geography" state="OK" sex="F" age="67" age_level="3" education="3" town="Altus" county="Jackson" land_regions="D" locality="U" date="1962" file_name="LAO(INF038)3b 07 Geography.mp3" path_to_file="LAP\Projects\LAO\Speakers\LAO(INF038)\Audio\LAO(INF038)3b\LAO(INF038)3b 07 Geography.mp3"/>
	<entry id="1060380315" project="LAO" informant="INF038" reel="3b" region="8" narrative="_Q" label="Geography" state="OK" sex="F" age="67" age_level="3" education="3" town="Altus" county="Jackson" land_regions="D" locality="U" date="1962" file_name="LAO(INF038)3b 08 Geography.mp3" path_to_file="LAP\Projects\LAO\Speakers\LAO(INF038)\Audio\LAO(INF038)3b\LAO(INF038)3b 08 Geography.mp3"/>
	<entry id="3060380302" project="LAO" informant="INF038" reel="3b" region="0" narrative="_I" label="Metadata" state="OK" sex="F" age="67" age_level="3" education="3" town="Altus" county="Jackson" land_regions="D" locality="U" date="1962" file_name="LAO(INF038)3bmeta.txt" path_to_file="LAP\Projects\LAO\Speakers\LAO(INF038)\Audio\LAO(INF038)3b\LAO(INF038)3bmeta.txt"/>
	<entry id="1060380316" project="LAO" informant="INF038" reel="3c" region="1" narrative="_Q" label="Social Relations" state="OK" sex="F" age="67" age_level="3" education="3" town="Altus" county="Jackson" land_regions="D" locality="U" date="1962" file_name="LAO(INF038)3c 01 Social Relations.mp3" path_to_file="LAP\Projects\LAO\Speakers\LAO(INF038)\Audio\LAO(INF038)3c\LAO(INF038)3c 01 Social Relations.mp3"/>
	<entry id="1060380317" project="LAO" informant="INF038" reel="3c" region="2" narrative="_Q" label="Sport and Play" state="OK" sex="F" age="67" age_level="3" education="3" town="Altus" county="Jackson" land_regions="D" locality="U" date="1962" file_name="LAO(INF038)3c 02 Sport and Play.mp3" path_to_file="LAP\Projects\LAO\Speakers\LAO(INF038)\Audio\LAO(INF038)3c\LAO(INF038)3c 02 Sport and Play.mp3"/>
	<entry id="1060380318" project="LAO" informant="INF038" reel="3c" region="3" narrative="_Q" label="Public Institutions" state="OK" sex="F" age="67" age_level="3" education="3" town="Altus" county="Jackson" land_regions="D" locality="U" date="1962" file_name="LAO(INF038)3c 03 Public Institutions.mp3" path_to_file="LAP\Projects\LAO\Speakers\LAO(INF038)\Audio\LAO(INF038)3c\LAO(INF038)3c 03 Public Institutions.mp3"/>
	<entry id="1060380319" project="LAO" informant="INF038" reel="3c" region="4" narrative="_Q" label="Verbs_ Principal Parts" state="OK" sex="F" age="67" age_level="3" education="3" town="Altus" county="Jackson" land_regions="D" locality="U" date="1962" file_name="LAO(INF038)3c 04 Verbs_ Principal Parts.mp3" path_to_file="LAP\Projects\LAO\Speakers\LAO(INF038)\Audio\LAO(INF038)3c\LAO(INF038)3c 04 Verbs_ Principal Parts.mp3"/>
	<entry id="1060380320" project="LAO" informant="INF038" reel="3c" region="5" narrative="_Q" label="Sport and Play" state="OK" sex="F" age="67" age_level="3" education="3" town="Altus" county="Jackson" land_regions="D" locality="U" date="1962" file_name="LAO(INF038)3c 05 Sport and Play.mp3" path_to_file="LAP\Projects\LAO\Speakers\LAO(INF038)\Audio\LAO(INF038)3c\LAO(INF038)3c 05 Sport and Play.mp3"/>
	<entry id="1060380321" project="LAO" informant="INF038" reel="3c" region="6" narrative="_Q" label="Public Institutions" state="OK" sex="F" age="67" age_level="3" education="3" town="Altus" county="Jackson" land_regions="D" locality="U" date="1962" file_name="LAO(INF038)3c 06 Public Institutions.mp3" path_to_file="LAP\Projects\LAO\Speakers\LAO(INF038)\Audio\LAO(INF038)3c\LAO(INF038)3c 06 Public Institutions.mp3"/>
	<entry id="1060380322" project="LAO" informant="INF038" reel="3c" region="7" narrative="_Q" label="Numerals" state="OK" sex="F" age="67" age_level="3" education="3" town="Altus" county="Jackson" land_regions="D" locality="U" date="1962" file_name="LAO(INF038)3c 07 Numerals.mp3" path_to_file="LAP\Projects\LAO\Speakers\LAO(INF038)\Audio\LAO(INF038)3c\LAO(INF038)3c 07 Numerals.mp3"/>
	<entry id="3060380303" project="LAO" informant="INF038" reel="3c" region="0" narrative="_I" label="Metadata" state="OK" sex="F" age="67" age_level="3" education="3" town="Altus" county="Jackson" land_regions="D" locality="U" date="1962" file_name="LAO(INF038)3cmeta.txt" path_to_file="LAP\Projects\LAO\Speakers\LAO(INF038)\Audio\LAO(INF038)3c\LAO(INF038)3cmeta.txt"/>
	<entry id="1060380401" project="LAO" informant="INF038" reel="4a" region="1" narrative="_Q" label="Time" state="OK" sex="F" age="67" age_level="3" education="3" town="Altus" county="Jackson" land_regions="D" locality="U" date="1962" file_name="LAO(INF038)4a 01 Time.mp3" path_to_file="LAP\Projects\LAO\Speakers\LAO(INF038)\Audio\LAO(INF038)4a\LAO(INF038)4a 01 Time.mp3"/>
	<entry id="1060380402" project="LAO" informant="INF038" reel="4a" region="2" narrative="_Q" label="Weather" state="OK" sex="F" age="67" age_level="3" education="3" town="Altus" county="Jackson" land_regions="D" locality="U" date="1962" file_name="LAO(INF038)4a 02 Weather.mp3" path_to_file="LAP\Projects\LAO\Speakers\LAO(INF038)\Audio\LAO(INF038)4a\LAO(INF038)4a 02 Weather.mp3"/>
	<entry id="1060380403" project="LAO" informant="INF038" reel="4a" region="3" narrative="_Q" label="Weather" state="OK" sex="F" age="67" age_level="3" education="3" town="Altus" county="Jackson" land_regions="D" locality="U" date="1962" file_name="LAO(INF038)4a 03 Weather.mp3" path_to_file="LAP\Projects\LAO\Speakers\LAO(INF038)\Audio\LAO(INF038)4a\LAO(INF038)4a 03 Weather.mp3"/>
	<entry id="1060380404" project="LAO" informant="INF038" reel="4a" region="4" narrative="_Q" label="Vehicles" state="OK" sex="F" age="67" age_level="3" education="3" town="Altus" county="Jackson" land_regions="D" locality="U" date="1962" file_name="LAO(INF038)4a 04 Vehicles.mp3" path_to_file="LAP\Projects\LAO\Speakers\LAO(INF038)\Audio\LAO(INF038)4a\LAO(INF038)4a 04 Vehicles.mp3"/>
	<entry id="1060380405" project="LAO" informant="INF038" reel="4a" region="5" narrative="_Q" label="Adverbs" state="OK" sex="F" age="67" age_level="3" education="3" town="Altus" county="Jackson" land_regions="D" locality="U" date="1962" file_name="LAO(INF038)4a 05 Adverbs.mp3" path_to_file="LAP\Projects\LAO\Speakers\LAO(INF038)\Audio\LAO(INF038)4a\LAO(INF038)4a 05 Adverbs.mp3"/>
	<entry id="1060380406" project="LAO" informant="INF038" reel="4a" region="6" narrative="_Q" label="Verbs_ Principal Parts" state="OK" sex="F" age="67" age_level="3" education="3" town="Altus" county="Jackson" land_regions="D" locality="U" date="1962" file_name="LAO(INF038)4a 06 Verbs_ Principal Parts.mp3" path_to_file="LAP\Projects\LAO\Speakers\LAO(INF038)\Audio\LAO(INF038)4a\LAO(INF038)4a 06 Verbs_ Principal Parts.mp3"/>
	<entry id="1060380407" project="LAO" informant="INF038" reel="4a" region="7" narrative="_Q" label="Verbs_ Principal Parts" state="OK" sex="F" age="67" age_level="3" education="3" town="Altus" county="Jackson" land_regions="D" locality="U" date="1962" file_name="LAO(INF038)4a 07 Verbs_ Principal Parts.mp3" path_to_file="LAP\Projects\LAO\Speakers\LAO(INF038)\Audio\LAO(INF038)4a\LAO(INF038)4a 07 Verbs_ Principal Parts.mp3"/>
	<entry id="3060380401" project="LAO" informant="INF038" reel="4a" region="0" narrative="_I" label="Metadata" state="OK" sex="F" age="67" age_level="3" education="3" town="Altus" county="Jackson" land_regions="D" locality="U" date="1962" file_name="LAO(INF038)4ameta.txt" path_to_file="LAP\Projects\LAO\Speakers\LAO(INF038)\Audio\LAO(INF038)4a\LAO(INF038)4ameta.txt"/>
	<entry id="1060380408" project="LAO" informant="INF038" reel="4b" region="1" narrative="_Q" label="Geography" state="OK" sex="F" age="67" age_level="3" education="3" town="Altus" county="Jackson" land_regions="D" locality="U" date="1962" file_name="LAO(INF038)4b 01 Geography.mp3" path_to_file="LAP\Projects\LAO\Speakers\LAO(INF038)\Audio\LAO(INF038)4b\LAO(INF038)4b 01 Geography.mp3"/>
	<entry id="1060380409" project="LAO" informant="INF038" reel="4b" region="2" narrative="_Q" label="Family" state="OK" sex="F" age="67" age_level="3" education="3" town="Altus" county="Jackson" land_regions="D" locality="U" date="1962" file_name="LAO(INF038)4b 02 Family.mp3" path_to_file="LAP\Projects\LAO\Speakers\LAO(INF038)\Audio\LAO(INF038)4b\LAO(INF038)4b 02 Family.mp3"/>
	<entry id="1060380410" project="LAO" informant="INF038" reel="4b" region="3" narrative="_Q" label="Geography" state="OK" sex="F" age="67" age_level="3" education="3" town="Altus" county="Jackson" land_regions="D" locality="U" date="1962" file_name="LAO(INF038)4b 03 Geography.mp3" path_to_file="LAP\Projects\LAO\Speakers\LAO(INF038)\Audio\LAO(INF038)4b\LAO(INF038)4b 03 Geography.mp3"/>
	<entry id="3060380402" project="LAO" informant="INF038" reel="4b" region="0" narrative="_I" label="Metadata" state="OK" sex="F" age="67" age_level="3" education="3" town="Altus" county="Jackson" land_regions="D" locality="U" date="1962" file_name="LAO(INF038)4bmeta.txt" path_to_file="LAP\Projects\LAO\Speakers\LAO(INF038)\Audio\LAO(INF038)4b\LAO(INF038)4bmeta.txt"/>
	<entry id="3060380001" project="LAO" informant="INF038" reel="0" region="0" narrative="_I" label="Biographical Information" state="OK" sex="F" age="67" age_level="3" education="3" town="Altus" county="Jackson" land_regions="D" locality="U" date="1962" file_name="LAO(INF038)BIO.txt" path_to_file="LAP\Projects\LAO\Speakers\LAO(INF038)\Text\LAO(INF038)BIO.txt"/>
</Audio>