<?xml version="1.0" encoding="UTF-8" standalone="yes"?>
<Audio>
	<entry id="1060020101" project="LAO" informant="INF002" reel="1" region="1" narrative="_Q" label="Business" state="OK" sex="M " age="63" age_level="2" education="4" town="Beaver" county="Beaver" land_regions="D" locality="R" date="1962" latitude="36.81519" longitude="-100.51964" file_name="LAO(INF002)1 01 Business.mp3" path_to_file="LAP\Projects\LAO\Speakers\LAO(INF002)\Audio\LAO(INF002)1\LAO(INF002)1 01 Business.mp3"/>
	<entry id="1060020102" project="LAO" informant="INF002" reel="1" region="2" narrative="_Q" label="Public Institutions" state="OK" sex="M " age="63" age_level="2" education="4" town="Beaver" county="Beaver" land_regions="D" locality="R" date="1962" latitude="36.81519" longitude="-100.51964" file_name="LAO(INF002)1 02 Public Institutions.mp3" path_to_file="LAP\Projects\LAO\Speakers\LAO(INF002)\Audio\LAO(INF002)1\LAO(INF002)1 02 Public Institutions.mp3"/>
	<entry id="1060020103" project="LAO" informant="INF002" reel="1" region="3" narrative="_Q" label="Domestic Animals" state="OK" sex="M " age="63" age_level="2" education="4" town="Beaver" county="Beaver" land_regions="D" locality="R" date="1962" latitude="36.81519" longitude="-100.51964" file_name="LAO(INF002)1 03 Domestic Animals.mp3" path_to_file="LAP\Projects\LAO\Speakers\LAO(INF002)\Audio\LAO(INF002)1\LAO(INF002)1 03 Domestic Animals.mp3"/>
	<entry id="1060020104" project="LAO" informant="INF002" reel="1" region="4" narrative="_Q" label="Dwellings" state="OK" sex="M " age="63" age_level="2" education="4" town="Beaver" county="Beaver" land_regions="D" locality="R" date="1962" latitude="36.81519" longitude="-100.51964" file_name="LAO(INF002)1 04 Dwellings.mp3" path_to_file="LAP\Projects\LAO\Speakers\LAO(INF002)\Audio\LAO(INF002)1\LAO(INF002)1 04 Dwellings.mp3"/>
	<entry id="1060020105" project="LAO" informant="INF002" reel="1" region="5" narrative="_Q" label="Dwellings" state="OK" sex="M " age="63" age_level="2" education="4" town="Beaver" county="Beaver" land_regions="D" locality="R" date="1962" latitude="36.81519" longitude="-100.51964" file_name="LAO(INF002)1 05 Dwellings.mp3" path_to_file="LAP\Projects\LAO\Speakers\LAO(INF002)\Audio\LAO(INF002)1\LAO(INF002)1 05 Dwellings.mp3"/>
	<entry id="1060020106" project="LAO" informant="INF002" reel="1" region="6" narrative="_Q" label="Dwellings" state="OK" sex="M " age="63" age_level="2" education="4" town="Beaver" county="Beaver" land_regions="D" locality="R" date="1962" latitude="36.81519" longitude="-100.51964" file_name="LAO(INF002)1 06 Dwellings.mp3" path_to_file="LAP\Projects\LAO\Speakers\LAO(INF002)\Audio\LAO(INF002)1\LAO(INF002)1 06 Dwellings.mp3"/>
	<entry id="1060020107" project="LAO" informant="INF002" reel="1" region="7" narrative="_Q" label="Vehicles" state="OK" sex="M " age="63" age_level="2" education="4" town="Beaver" county="Beaver" land_regions="D" locality="R" date="1962" latitude="36.81519" longitude="-100.51964" file_name="LAO(INF002)1 07 Vehicles.mp3" path_to_file="LAP\Projects\LAO\Speakers\LAO(INF002)\Audio\LAO(INF002)1\LAO(INF002)1 07 Vehicles.mp3"/>
	<entry id="1060020108" project="LAO" informant="INF002" reel="1" region="8" narrative="_Q" label="Vehicles" state="OK" sex="M " age="63" age_level="2" education="4" town="Beaver" county="Beaver" land_regions="D" locality="R" date="1962" latitude="36.81519" longitude="-100.51964" file_name="LAO(INF002)1 08 Vehicles.mp3" path_to_file="LAP\Projects\LAO\Speakers\LAO(INF002)\Audio\LAO(INF002)1\LAO(INF002)1 08 Vehicles.mp3"/>
	<entry id="1060020109" project="LAO" informant="INF002" reel="1" region="9" narrative="_Q" label="Names, Titles and Occupations" state="OK" sex="M " age="63" age_level="2" education="4" town="Beaver" county="Beaver" land_regions="D" locality="R" date="1962" latitude="36.81519" longitude="-100.51964" file_name="LAO(INF002)1 09 Names, Titles and Occupations.mp3" path_to_file="LAP\Projects\LAO\Speakers\LAO(INF002)\Audio\LAO(INF002)1\LAO(INF002)1 09 Names, Titles and Occupations.mp3"/>
	<entry id="1060020110" project="LAO" informant="INF002" reel="1" region="10" narrative="_Q" label="Dwellings" state="OK" sex="M " age="63" age_level="2" education="4" town="Beaver" county="Beaver" land_regions="D" locality="R" date="1962" latitude="36.81519" longitude="-100.51964" file_name="LAO(INF002)1 10 Dwellings.mp3" path_to_file="LAP\Projects\LAO\Speakers\LAO(INF002)\Audio\LAO(INF002)1\LAO(INF002)1 10 Dwellings.mp3"/>
	<entry id="1060020111" project="LAO" informant="INF002" reel="1" region="11" narrative="_Q" label="Dwellings" state="OK" sex="M " age="63" age_level="2" education="4" town="Beaver" county="Beaver" land_regions="D" locality="R" date="1962" latitude="36.81519" longitude="-100.51964" file_name="LAO(INF002)1 11 Dwellings.mp3" path_to_file="LAP\Projects\LAO\Speakers\LAO(INF002)\Audio\LAO(INF002)1\LAO(INF002)1 11 Dwellings.mp3"/>
	<entry id="1060020112" project="LAO" informant="INF002" reel="1" region="12" narrative="_Q" label="Social Relations" state="OK" sex="M " age="63" age_level="2" education="4" town="Beaver" county="Beaver" land_regions="D" locality="R" date="1962" latitude="36.81519" longitude="-100.51964" file_name="LAO(INF002)1 12 Social Relations.mp3" path_to_file="LAP\Projects\LAO\Speakers\LAO(INF002)\Audio\LAO(INF002)1\LAO(INF002)1 12 Social Relations.mp3"/>
	<entry id="1060020113" project="LAO" informant="INF002" reel="1" region="13" narrative="_Q" label="The Farm" state="OK" sex="M " age="63" age_level="2" education="4" town="Beaver" county="Beaver" land_regions="D" locality="R" date="1962" latitude="36.81519" longitude="-100.51964" file_name="LAO(INF002)1 13 The Farm.mp3" path_to_file="LAP\Projects\LAO\Speakers\LAO(INF002)\Audio\LAO(INF002)1\LAO(INF002)1 13 The Farm.mp3"/>
	<entry id="1060020114" project="LAO" informant="INF002" reel="1" region="14" narrative="_Q" label="Agriculture" state="OK" sex="M " age="63" age_level="2" education="4" town="Beaver" county="Beaver" land_regions="D" locality="R" date="1962" latitude="36.81519" longitude="-100.51964" file_name="LAO(INF002)1 14 Agriculture.mp3" path_to_file="LAP\Projects\LAO\Speakers\LAO(INF002)\Audio\LAO(INF002)1\LAO(INF002)1 14 Agriculture.mp3"/>
	<entry id="1060020115" project="LAO" informant="INF002" reel="1" region="15" narrative="_Q" label="The Farm" state="OK" sex="M " age="63" age_level="2" education="4" town="Beaver" county="Beaver" land_regions="D" locality="R" date="1962" latitude="36.81519" longitude="-100.51964" file_name="LAO(INF002)1 15 The Farm.mp3" path_to_file="LAP\Projects\LAO\Speakers\LAO(INF002)\Audio\LAO(INF002)1\LAO(INF002)1 15 The Farm.mp3"/>
	<entry id="1060020116" project="LAO" informant="INF002" reel="1" region="16" narrative="_Q" label="The Farm" state="OK" sex="M " age="63" age_level="2" education="4" town="Beaver" county="Beaver" land_regions="D" locality="R" date="1962" latitude="36.81519" longitude="-100.51964" file_name="LAO(INF002)1 16 The Farm.mp3" path_to_file="LAP\Projects\LAO\Speakers\LAO(INF002)\Audio\LAO(INF002)1\LAO(INF002)1 16 The Farm.mp3"/>
	<entry id="1060020117" project="LAO" informant="INF002" reel="1" region="17" narrative="_Q" label="Personal Characteristics" state="OK" sex="M " age="63" age_level="2" education="4" town="Beaver" county="Beaver" land_regions="D" locality="R" date="1962" latitude="36.81519" longitude="-100.51964" file_name="LAO(INF002)1 17 Personal Characteristics.mp3" path_to_file="LAP\Projects\LAO\Speakers\LAO(INF002)\Audio\LAO(INF002)1\LAO(INF002)1 17 Personal Characteristics.mp3"/>
	<entry id="1060020118" project="LAO" informant="INF002" reel="1" region="18" narrative="_Q" label="Agriculture" state="OK" sex="M " age="63" age_level="2" education="4" town="Beaver" county="Beaver" land_regions="D" locality="R" date="1962" latitude="36.81519" longitude="-100.51964" file_name="LAO(INF002)1 18 Agriculture.mp3" path_to_file="LAP\Projects\LAO\Speakers\LAO(INF002)\Audio\LAO(INF002)1\LAO(INF002)1 18 Agriculture.mp3"/>
	<entry id="1060020119" project="LAO" informant="INF002" reel="1" region="19" narrative="_Q" label="Containers and Utensils" state="OK" sex="M " age="63" age_level="2" education="4" town="Beaver" county="Beaver" land_regions="D" locality="R" date="1962" latitude="36.81519" longitude="-100.51964" file_name="LAO(INF002)1 19 Containers and Utensils.mp3" path_to_file="LAP\Projects\LAO\Speakers\LAO(INF002)\Audio\LAO(INF002)1\LAO(INF002)1 19 Containers and Utensils.mp3"/>
	<entry id="1060020120" project="LAO" informant="INF002" reel="1" region="20" narrative="_Q" label="Food and Cooking" state="OK" sex="M " age="63" age_level="2" education="4" town="Beaver" county="Beaver" land_regions="D" locality="R" date="1962" latitude="36.81519" longitude="-100.51964" file_name="LAO(INF002)1 20 Food and Cooking.mp3" path_to_file="LAP\Projects\LAO\Speakers\LAO(INF002)\Audio\LAO(INF002)1\LAO(INF002)1 20 Food and Cooking.mp3"/>
	<entry id="1060020121" project="LAO" informant="INF002" reel="1" region="21" narrative="_Q" label="Containers and Utensils" state="OK" sex="M " age="63" age_level="2" education="4" town="Beaver" county="Beaver" land_regions="D" locality="R" date="1962" latitude="36.81519" longitude="-100.51964" file_name="LAO(INF002)1 21 Containers and Utensils.mp3" path_to_file="LAP\Projects\LAO\Speakers\LAO(INF002)\Audio\LAO(INF002)1\LAO(INF002)1 21 Containers and Utensils.mp3"/>
	<entry id="1060020122" project="LAO" informant="INF002" reel="1" region="22" narrative="_Q" label="Containers and Utensils" state="OK" sex="M " age="63" age_level="2" education="4" town="Beaver" county="Beaver" land_regions="D" locality="R" date="1962" latitude="36.81519" longitude="-100.51964" file_name="LAO(INF002)1 22 Containers and Utensils.mp3" path_to_file="LAP\Projects\LAO\Speakers\LAO(INF002)\Audio\LAO(INF002)1\LAO(INF002)1 22 Containers and Utensils.mp3"/>
	<entry id="3060020101" project="LAO" informant="INF002" reel="1" region="0" narrative="_I" label="Metadata" state="OK" sex="M " age="63" age_level="2" education="4" town="Beaver" county="Beaver" land_regions="D" locality="R" date="1962" latitude="36.81519" longitude="-100.51964" file_name="LAO(INF002)1meta.txt" path_to_file="LAP\Projects\LAO\Speakers\LAO(INF002)\Audio\LAO(INF002)1\LAO(INF002)1meta.txt"/>
	<entry id="1060020201" project="LAO" informant="INF002" reel="2" region="1" narrative="_Q" label="Family" state="OK" sex="M " age="63" age_level="2" education="4" town="Beaver" county="Beaver" land_regions="D" locality="R" date="1962" latitude="36.81519" longitude="-100.51964" file_name="LAO(INF002)2 01 Family.mp3" path_to_file="LAP\Projects\LAO\Speakers\LAO(INF002)\Audio\LAO(INF002)2\LAO(INF002)2 01 Family.mp3"/>
	<entry id="1060020202" project="LAO" informant="INF002" reel="2" region="2" narrative="_Q" label="Containers and Utensils" state="OK" sex="M " age="63" age_level="2" education="4" town="Beaver" county="Beaver" land_regions="D" locality="R" date="1962" latitude="36.81519" longitude="-100.51964" file_name="LAO(INF002)2 02 Containers and Utensils.mp3" path_to_file="LAP\Projects\LAO\Speakers\LAO(INF002)\Audio\LAO(INF002)2\LAO(INF002)2 02 Containers and Utensils.mp3"/>
	<entry id="1060020203" project="LAO" informant="INF002" reel="2" region="3" narrative="_Q" label="Domestic Animals" state="OK" sex="M " age="63" age_level="2" education="4" town="Beaver" county="Beaver" land_regions="D" locality="R" date="1962" latitude="36.81519" longitude="-100.51964" file_name="LAO(INF002)2 03 Domestic Animals.mp3" path_to_file="LAP\Projects\LAO\Speakers\LAO(INF002)\Audio\LAO(INF002)2\LAO(INF002)2 03 Domestic Animals.mp3"/>
	<entry id="1060020204" project="LAO" informant="INF002" reel="2" region="4" narrative="_Q" label="Public Institutions" state="OK" sex="M " age="63" age_level="2" education="4" town="Beaver" county="Beaver" land_regions="D" locality="R" date="1962" latitude="36.81519" longitude="-100.51964" file_name="LAO(INF002)2 04 Public Institutions.mp3" path_to_file="LAP\Projects\LAO\Speakers\LAO(INF002)\Audio\LAO(INF002)2\LAO(INF002)2 04 Public Institutions.mp3"/>
	<entry id="1060020205" project="LAO" informant="INF002" reel="2" region="5" narrative="_Q" label="Containers and Utensils" state="OK" sex="M " age="63" age_level="2" education="4" town="Beaver" county="Beaver" land_regions="D" locality="R" date="1962" latitude="36.81519" longitude="-100.51964" file_name="LAO(INF002)2 05 Containers and Utensils.mp3" path_to_file="LAP\Projects\LAO\Speakers\LAO(INF002)\Audio\LAO(INF002)2\LAO(INF002)2 05 Containers and Utensils.mp3"/>
	<entry id="1060020206" project="LAO" informant="INF002" reel="2" region="6" narrative="_Q" label="Public Institutions" state="OK" sex="M " age="63" age_level="2" education="4" town="Beaver" county="Beaver" land_regions="D" locality="R" date="1962" latitude="36.81519" longitude="-100.51964" file_name="LAO(INF002)2 06 Public Institutions.mp3" path_to_file="LAP\Projects\LAO\Speakers\LAO(INF002)\Audio\LAO(INF002)2\LAO(INF002)2 06 Public Institutions.mp3"/>
	<entry id="1060020207" project="LAO" informant="INF002" reel="2" region="7" narrative="_Q" label="Containers and Utensils" state="OK" sex="M " age="63" age_level="2" education="4" town="Beaver" county="Beaver" land_regions="D" locality="R" date="1962" latitude="36.81519" longitude="-100.51964" file_name="LAO(INF002)2 07 Containers and Utensils.mp3" path_to_file="LAP\Projects\LAO\Speakers\LAO(INF002)\Audio\LAO(INF002)2\LAO(INF002)2 07 Containers and Utensils.mp3"/>
	<entry id="1060020208" project="LAO" informant="INF002" reel="2" region="8" narrative="_Q" label="Vehicles" state="OK" sex="M " age="63" age_level="2" education="4" town="Beaver" county="Beaver" land_regions="D" locality="R" date="1962" latitude="36.81519" longitude="-100.51964" file_name="LAO(INF002)2 08 Vehicles.mp3" path_to_file="LAP\Projects\LAO\Speakers\LAO(INF002)\Audio\LAO(INF002)2\LAO(INF002)2 08 Vehicles.mp3"/>
	<entry id="1060020209" project="LAO" informant="INF002" reel="2" region="9" narrative="_Q" label="Vehicles" state="OK" sex="M " age="63" age_level="2" education="4" town="Beaver" county="Beaver" land_regions="D" locality="R" date="1962" latitude="36.81519" longitude="-100.51964" file_name="LAO(INF002)2 09 Vehicles.mp3" path_to_file="LAP\Projects\LAO\Speakers\LAO(INF002)\Audio\LAO(INF002)2\LAO(INF002)2 09 Vehicles.mp3"/>
	<entry id="1060020210" project="LAO" informant="INF002" reel="2" region="10" narrative="_Q" label="Containers and Utensils" state="OK" sex="M " age="63" age_level="2" education="4" town="Beaver" county="Beaver" land_regions="D" locality="R" date="1962" latitude="36.81519" longitude="-100.51964" file_name="LAO(INF002)2 10 Containers and Utensils.mp3" path_to_file="LAP\Projects\LAO\Speakers\LAO(INF002)\Audio\LAO(INF002)2\LAO(INF002)2 10 Containers and Utensils.mp3"/>
	<entry id="1060020211" project="LAO" informant="INF002" reel="2" region="11" narrative="_Q" label="Illness and Death" state="OK" sex="M " age="63" age_level="2" education="4" town="Beaver" county="Beaver" land_regions="D" locality="R" date="1962" latitude="36.81519" longitude="-100.51964" file_name="LAO(INF002)2 11 Illness and Death.mp3" path_to_file="LAP\Projects\LAO\Speakers\LAO(INF002)\Audio\LAO(INF002)2\LAO(INF002)2 11 Illness and Death.mp3"/>
	<entry id="1060020212" project="LAO" informant="INF002" reel="2" region="12" narrative="_Q" label="Containers and Utensils" state="OK" sex="M " age="63" age_level="2" education="4" town="Beaver" county="Beaver" land_regions="D" locality="R" date="1962" latitude="36.81519" longitude="-100.51964" file_name="LAO(INF002)2 12 Containers and Utensils.mp3" path_to_file="LAP\Projects\LAO\Speakers\LAO(INF002)\Audio\LAO(INF002)2\LAO(INF002)2 12 Containers and Utensils.mp3"/>
	<entry id="1060020213" project="LAO" informant="INF002" reel="2" region="13" narrative="_Q" label="Vehicles" state="OK" sex="M " age="63" age_level="2" education="4" town="Beaver" county="Beaver" land_regions="D" locality="R" date="1962" latitude="36.81519" longitude="-100.51964" file_name="LAO(INF002)2 13 Vehicles.mp3" path_to_file="LAP\Projects\LAO\Speakers\LAO(INF002)\Audio\LAO(INF002)2\LAO(INF002)2 13 Vehicles.mp3"/>
	<entry id="1060020214" project="LAO" informant="INF002" reel="2" region="14" narrative="_Q" label="Affirmations and Interjections" state="OK" sex="M " age="63" age_level="2" education="4" town="Beaver" county="Beaver" land_regions="D" locality="R" date="1962" latitude="36.81519" longitude="-100.51964" file_name="LAO(INF002)2 14 Affirmations and Interjections.mp3" path_to_file="LAP\Projects\LAO\Speakers\LAO(INF002)\Audio\LAO(INF002)2\LAO(INF002)2 14 Affirmations and Interjections.mp3"/>
	<entry id="1060020215" project="LAO" informant="INF002" reel="2" region="15" narrative="_Q" label="Personal Characteristics" state="OK" sex="M " age="63" age_level="2" education="4" town="Beaver" county="Beaver" land_regions="D" locality="R" date="1962" latitude="36.81519" longitude="-100.51964" file_name="LAO(INF002)2 15 Personal Characteristics.mp3" path_to_file="LAP\Projects\LAO\Speakers\LAO(INF002)\Audio\LAO(INF002)2\LAO(INF002)2 15 Personal Characteristics.mp3"/>
	<entry id="1060020216" project="LAO" informant="INF002" reel="2" region="16" narrative="_Q" label="Clothing" state="OK" sex="M " age="63" age_level="2" education="4" town="Beaver" county="Beaver" land_regions="D" locality="R" date="1962" latitude="36.81519" longitude="-100.51964" file_name="LAO(INF002)2 16 Clothing.mp3" path_to_file="LAP\Projects\LAO\Speakers\LAO(INF002)\Audio\LAO(INF002)2\LAO(INF002)2 16 Clothing.mp3"/>
	<entry id="1060020217" project="LAO" informant="INF002" reel="2" region="17" narrative="_Q" label="Clothing" state="OK" sex="M " age="63" age_level="2" education="4" town="Beaver" county="Beaver" land_regions="D" locality="R" date="1962" latitude="36.81519" longitude="-100.51964" file_name="LAO(INF002)2 17 Clothing.mp3" path_to_file="LAP\Projects\LAO\Speakers\LAO(INF002)\Audio\LAO(INF002)2\LAO(INF002)2 17 Clothing.mp3"/>
	<entry id="1060020218" project="LAO" informant="INF002" reel="2" region="18" narrative="_Q" label="Clothing" state="OK" sex="M " age="63" age_level="2" education="4" town="Beaver" county="Beaver" land_regions="D" locality="R" date="1962" latitude="36.81519" longitude="-100.51964" file_name="LAO(INF002)2 18 Clothing.mp3" path_to_file="LAP\Projects\LAO\Speakers\LAO(INF002)\Audio\LAO(INF002)2\LAO(INF002)2 18 Clothing.mp3"/>
	<entry id="1060020219" project="LAO" informant="INF002" reel="2" region="19" narrative="_Q" label="Wild Animals" state="OK" sex="M " age="63" age_level="2" education="4" town="Beaver" county="Beaver" land_regions="D" locality="R" date="1962" latitude="36.81519" longitude="-100.51964" file_name="LAO(INF002)2 19 Wild Animals.mp3" path_to_file="LAP\Projects\LAO\Speakers\LAO(INF002)\Audio\LAO(INF002)2\LAO(INF002)2 19 Wild Animals.mp3"/>
	<entry id="1060020220" project="LAO" informant="INF002" reel="2" region="20" narrative="_Q" label="Topography" state="OK" sex="M " age="63" age_level="2" education="4" town="Beaver" county="Beaver" land_regions="D" locality="R" date="1962" latitude="36.81519" longitude="-100.51964" file_name="LAO(INF002)2 20 Topography.mp3" path_to_file="LAP\Projects\LAO\Speakers\LAO(INF002)\Audio\LAO(INF002)2\LAO(INF002)2 20 Topography.mp3"/>
	<entry id="1060020221" project="LAO" informant="INF002" reel="2" region="21" narrative="_Q" label="Prepositions" state="OK" sex="M " age="63" age_level="2" education="4" town="Beaver" county="Beaver" land_regions="D" locality="R" date="1962" latitude="36.81519" longitude="-100.51964" file_name="LAO(INF002)2 21 Prepositions.mp3" path_to_file="LAP\Projects\LAO\Speakers\LAO(INF002)\Audio\LAO(INF002)2\LAO(INF002)2 21 Prepositions.mp3"/>
	<entry id="1060020222" project="LAO" informant="INF002" reel="2" region="22" narrative="_Q" label="Domestic Animals" state="OK" sex="M " age="63" age_level="2" education="4" town="Beaver" county="Beaver" land_regions="D" locality="R" date="1962" latitude="36.81519" longitude="-100.51964" file_name="LAO(INF002)2 22 Domestic Animals.mp3" path_to_file="LAP\Projects\LAO\Speakers\LAO(INF002)\Audio\LAO(INF002)2\LAO(INF002)2 22 Domestic Animals.mp3"/>
	<entry id="3060020201" project="LAO" informant="INF002" reel="2" region="0" narrative="_I" label="Metadata" state="OK" sex="M " age="63" age_level="2" education="4" town="Beaver" county="Beaver" land_regions="D" locality="R" date="1962" latitude="36.81519" longitude="-100.51964" file_name="LAO(INF002)2meta.txt" path_to_file="LAP\Projects\LAO\Speakers\LAO(INF002)\Audio\LAO(INF002)2\LAO(INF002)2meta.txt"/>
	<entry id="1060020301" project="LAO" informant="INF002" reel="3" region="1" narrative="_Q" label="Domestic Animals" state="OK" sex="M " age="63" age_level="2" education="4" town="Beaver" county="Beaver" land_regions="D" locality="R" date="1962" latitude="36.81519" longitude="-100.51964" file_name="LAO(INF002)3 01 Domestic Animals.mp3" path_to_file="LAP\Projects\LAO\Speakers\LAO(INF002)\Audio\LAO(INF002)3\LAO(INF002)3 01 Domestic Animals.mp3"/>
	<entry id="1060020302" project="LAO" informant="INF002" reel="3" region="2" narrative="_Q" label="Domestic Animals" state="OK" sex="M " age="63" age_level="2" education="4" town="Beaver" county="Beaver" land_regions="D" locality="R" date="1962" latitude="36.81519" longitude="-100.51964" file_name="LAO(INF002)3 02 Domestic Animals.mp3" path_to_file="LAP\Projects\LAO\Speakers\LAO(INF002)\Audio\LAO(INF002)3\LAO(INF002)3 02 Domestic Animals.mp3"/>
	<entry id="1060020303" project="LAO" informant="INF002" reel="3" region="3" narrative="_Q" label="Calls to Animals" state="OK" sex="M " age="63" age_level="2" education="4" town="Beaver" county="Beaver" land_regions="D" locality="R" date="1962" latitude="36.81519" longitude="-100.51964" file_name="LAO(INF002)3 03 Calls to Animals.mp3" path_to_file="LAP\Projects\LAO\Speakers\LAO(INF002)\Audio\LAO(INF002)3\LAO(INF002)3 03 Calls to Animals.mp3"/>
	<entry id="1060020304" project="LAO" informant="INF002" reel="3" region="4" narrative="_Q" label="Adverbs" state="OK" sex="M " age="63" age_level="2" education="4" town="Beaver" county="Beaver" land_regions="D" locality="R" date="1962" latitude="36.81519" longitude="-100.51964" file_name="LAO(INF002)3 04 Adverbs.mp3" path_to_file="LAP\Projects\LAO\Speakers\LAO(INF002)\Audio\LAO(INF002)3\LAO(INF002)3 04 Adverbs.mp3"/>
	<entry id="1060020305" project="LAO" informant="INF002" reel="3" region="5" narrative="_Q" label="Agriculture" state="OK" sex="M " age="63" age_level="2" education="4" town="Beaver" county="Beaver" land_regions="D" locality="R" date="1962" latitude="36.81519" longitude="-100.51964" file_name="LAO(INF002)3 05 Agriculture.mp3" path_to_file="LAP\Projects\LAO\Speakers\LAO(INF002)\Audio\LAO(INF002)3\LAO(INF002)3 05 Agriculture.mp3"/>
	<entry id="1060020306" project="LAO" informant="INF002" reel="3" region="6" narrative="_Q" label="Pronouns" state="OK" sex="M " age="63" age_level="2" education="4" town="Beaver" county="Beaver" land_regions="D" locality="R" date="1962" latitude="36.81519" longitude="-100.51964" file_name="LAO(INF002)3 06 Pronouns.mp3" path_to_file="LAP\Projects\LAO\Speakers\LAO(INF002)\Audio\LAO(INF002)3\LAO(INF002)3 06 Pronouns.mp3"/>
	<entry id="1060020307" project="LAO" informant="INF002" reel="3" region="7" narrative="_Q" label="Food and Cooking" state="OK" sex="M " age="63" age_level="2" education="4" town="Beaver" county="Beaver" land_regions="D" locality="R" date="1962" latitude="36.81519" longitude="-100.51964" file_name="LAO(INF002)3 07 Food and Cooking.mp3" path_to_file="LAP\Projects\LAO\Speakers\LAO(INF002)\Audio\LAO(INF002)3\LAO(INF002)3 07 Food and Cooking.mp3"/>
	<entry id="1060020308" project="LAO" informant="INF002" reel="3" region="8" narrative="_Q" label="Food and Cooking" state="OK" sex="M " age="63" age_level="2" education="4" town="Beaver" county="Beaver" land_regions="D" locality="R" date="1962" latitude="36.81519" longitude="-100.51964" file_name="LAO(INF002)3 08 Food and Cooking.mp3" path_to_file="LAP\Projects\LAO\Speakers\LAO(INF002)\Audio\LAO(INF002)3\LAO(INF002)3 08 Food and Cooking.mp3"/>
	<entry id="1060020309" project="LAO" informant="INF002" reel="3" region="9" narrative="_Q" label="Food and Cooking" state="OK" sex="M " age="63" age_level="2" education="4" town="Beaver" county="Beaver" land_regions="D" locality="R" date="1962" latitude="36.81519" longitude="-100.51964" file_name="LAO(INF002)3 09 Food and Cooking.mp3" path_to_file="LAP\Projects\LAO\Speakers\LAO(INF002)\Audio\LAO(INF002)3\LAO(INF002)3 09 Food and Cooking.mp3"/>
	<entry id="1060020310" project="LAO" informant="INF002" reel="3" region="10" narrative="_Q" label="Affirmations and Interjections" state="OK" sex="M " age="63" age_level="2" education="4" town="Beaver" county="Beaver" land_regions="D" locality="R" date="1962" latitude="36.81519" longitude="-100.51964" file_name="LAO(INF002)3 10 Affirmations and Interjections.mp3" path_to_file="LAP\Projects\LAO\Speakers\LAO(INF002)\Audio\LAO(INF002)3\LAO(INF002)3 10 Affirmations and Interjections.mp3"/>
	<entry id="1060020311" project="LAO" informant="INF002" reel="3" region="11" narrative="_Q" label="Demonstratives" state="OK" sex="M " age="63" age_level="2" education="4" town="Beaver" county="Beaver" land_regions="D" locality="R" date="1962" latitude="36.81519" longitude="-100.51964" file_name="LAO(INF002)3 11 Demonstratives.mp3" path_to_file="LAP\Projects\LAO\Speakers\LAO(INF002)\Audio\LAO(INF002)3\LAO(INF002)3 11 Demonstratives.mp3"/>
	<entry id="1060020312" project="LAO" informant="INF002" reel="3" region="12" narrative="_Q" label="Vegetables" state="OK" sex="M " age="63" age_level="2" education="4" town="Beaver" county="Beaver" land_regions="D" locality="R" date="1962" latitude="36.81519" longitude="-100.51964" file_name="LAO(INF002)3 12 Vegetables.mp3" path_to_file="LAP\Projects\LAO\Speakers\LAO(INF002)\Audio\LAO(INF002)3\LAO(INF002)3 12 Vegetables.mp3"/>
	<entry id="1060020313" project="LAO" informant="INF002" reel="3" region="13" narrative="_Q" label="Vegetables" state="OK" sex="M " age="63" age_level="2" education="4" town="Beaver" county="Beaver" land_regions="D" locality="R" date="1962" latitude="36.81519" longitude="-100.51964" file_name="LAO(INF002)3 13 Vegetables.mp3" path_to_file="LAP\Projects\LAO\Speakers\LAO(INF002)\Audio\LAO(INF002)3\LAO(INF002)3 13 Vegetables.mp3"/>
	<entry id="1060020314" project="LAO" informant="INF002" reel="3" region="14" narrative="_Q" label="Affirmations and Interjections" state="OK" sex="M " age="63" age_level="2" education="4" town="Beaver" county="Beaver" land_regions="D" locality="R" date="1962" latitude="36.81519" longitude="-100.51964" file_name="LAO(INF002)3 14 Affirmations and Interjections.mp3" path_to_file="LAP\Projects\LAO\Speakers\LAO(INF002)\Audio\LAO(INF002)3\LAO(INF002)3 14 Affirmations and Interjections.mp3"/>
	<entry id="1060020315" project="LAO" informant="INF002" reel="3" region="15" narrative="_Q" label="Afiirmations and Interjections" state="OK" sex="M " age="63" age_level="2" education="4" town="Beaver" county="Beaver" land_regions="D" locality="R" date="1962" latitude="36.81519" longitude="-100.51964" file_name="LAO(INF002)3 15 Afiirmations and Interjections.mp3" path_to_file="LAP\Projects\LAO\Speakers\LAO(INF002)\Audio\LAO(INF002)3\LAO(INF002)3 15 Afiirmations and Interjections.mp3"/>
	<entry id="1060020316" project="LAO" informant="INF002" reel="3" region="16" narrative="_Q" label="Wild Animals" state="OK" sex="M " age="63" age_level="2" education="4" town="Beaver" county="Beaver" land_regions="D" locality="R" date="1962" latitude="36.81519" longitude="-100.51964" file_name="LAO(INF002)3 16 Wild Animals.mp3" path_to_file="LAP\Projects\LAO\Speakers\LAO(INF002)\Audio\LAO(INF002)3\LAO(INF002)3 16 Wild Animals.mp3"/>
	<entry id="1060020317" project="LAO" informant="INF002" reel="3" region="17" narrative="_Q" label="Trees and Shrubs" state="OK" sex="M " age="63" age_level="2" education="4" town="Beaver" county="Beaver" land_regions="D" locality="R" date="1962" latitude="36.81519" longitude="-100.51964" file_name="LAO(INF002)3 17 Trees and Shrubs.mp3" path_to_file="LAP\Projects\LAO\Speakers\LAO(INF002)\Audio\LAO(INF002)3\LAO(INF002)3 17 Trees and Shrubs.mp3"/>
	<entry id="3060020301" project="LAO" informant="INF002" reel="3" region="0" narrative="_I" label="Metadata" state="OK" sex="M " age="63" age_level="2" education="4" town="Beaver" county="Beaver" land_regions="D" locality="R" date="1962" latitude="36.81519" longitude="-100.51964" file_name="LAO(INF002)3meta.txt" path_to_file="LAP\Projects\LAO\Speakers\LAO(INF002)\Audio\LAO(INF002)3\LAO(INF002)3meta.txt"/>
	<entry id="1060020401" project="LAO" informant="INF002" reel="4" region="1" narrative="_Q" label="Illness and Death" state="OK" sex="M " age="63" age_level="2" education="4" town="Beaver" county="Beaver" land_regions="D" locality="R" date="1962" latitude="36.81519" longitude="-100.51964" file_name="LAO(INF002)4 01 Illness and Death.mp3" path_to_file="LAP\Projects\LAO\Speakers\LAO(INF002)\Audio\LAO(INF002)4\LAO(INF002)4 01 Illness and Death.mp3"/>
	<entry id="1060020402" project="LAO" informant="INF002" reel="4" region="2" narrative="_Q" label="Geography" state="OK" sex="M " age="63" age_level="2" education="4" town="Beaver" county="Beaver" land_regions="D" locality="R" date="1962" latitude="36.81519" longitude="-100.51964" file_name="LAO(INF002)4 02 Geography.mp3" path_to_file="LAP\Projects\LAO\Speakers\LAO(INF002)\Audio\LAO(INF002)4\LAO(INF002)4 02 Geography.mp3"/>
	<entry id="1060020403" project="LAO" informant="INF002" reel="4" region="3" narrative="_Q" label="Religion" state="OK" sex="M " age="63" age_level="2" education="4" town="Beaver" county="Beaver" land_regions="D" locality="R" date="1962" latitude="36.81519" longitude="-100.51964" file_name="LAO(INF002)4 03 Religion.mp3" path_to_file="LAP\Projects\LAO\Speakers\LAO(INF002)\Audio\LAO(INF002)4\LAO(INF002)4 03 Religion.mp3"/>
	<entry id="1060020404" project="LAO" informant="INF002" reel="4" region="4" narrative="_Q" label="Business" state="OK" sex="M " age="63" age_level="2" education="4" town="Beaver" county="Beaver" land_regions="D" locality="R" date="1962" latitude="36.81519" longitude="-100.51964" file_name="LAO(INF002)4 04 Business.mp3" path_to_file="LAP\Projects\LAO\Speakers\LAO(INF002)\Audio\LAO(INF002)4\LAO(INF002)4 04 Business.mp3"/>
	<entry id="1060020405" project="LAO" informant="INF002" reel="4" region="5" narrative="_Q" label="Verbs_Principal Parts" state="OK" sex="M " age="63" age_level="2" education="4" town="Beaver" county="Beaver" land_regions="D" locality="R" date="1962" latitude="36.81519" longitude="-100.51964" file_name="LAO(INF002)4 05 Verbs_Principal Parts.mp3" path_to_file="LAP\Projects\LAO\Speakers\LAO(INF002)\Audio\LAO(INF002)4\LAO(INF002)4 05 Verbs_Principal Parts.mp3"/>
	<entry id="1060020406" project="LAO" informant="INF002" reel="4" region="6" narrative="_Q" label="Verbs_Principal Parts" state="OK" sex="M " age="63" age_level="2" education="4" town="Beaver" county="Beaver" land_regions="D" locality="R" date="1962" latitude="36.81519" longitude="-100.51964" file_name="LAO(INF002)4 06 Verbs_Principal Parts.mp3" path_to_file="LAP\Projects\LAO\Speakers\LAO(INF002)\Audio\LAO(INF002)4\LAO(INF002)4 06 Verbs_Principal Parts.mp3"/>
	<entry id="1060020407" project="LAO" informant="INF002" reel="4" region="7" narrative="_Q" label="Adverbs" state="OK" sex="M " age="63" age_level="2" education="4" town="Beaver" county="Beaver" land_regions="D" locality="R" date="1962" latitude="36.81519" longitude="-100.51964" file_name="LAO(INF002)4 07 Adverbs.mp3" path_to_file="LAP\Projects\LAO\Speakers\LAO(INF002)\Audio\LAO(INF002)4\LAO(INF002)4 07 Adverbs.mp3"/>
	<entry id="1060020408" project="LAO" informant="INF002" reel="4" region="8" narrative="_Q" label="Greetings and Salutations" state="OK" sex="M " age="63" age_level="2" education="4" town="Beaver" county="Beaver" land_regions="D" locality="R" date="1962" latitude="36.81519" longitude="-100.51964" file_name="LAO(INF002)4 08 Greetings and Salutations.mp3" path_to_file="LAP\Projects\LAO\Speakers\LAO(INF002)\Audio\LAO(INF002)4\LAO(INF002)4 08 Greetings and Salutations.mp3"/>
	<entry id="1060020409" project="LAO" informant="INF002" reel="4" region="9" narrative="_Q" label="Time" state="OK" sex="M " age="63" age_level="2" education="4" town="Beaver" county="Beaver" land_regions="D" locality="R" date="1962" latitude="36.81519" longitude="-100.51964" file_name="LAO(INF002)4 09 Time.mp3" path_to_file="LAP\Projects\LAO\Speakers\LAO(INF002)\Audio\LAO(INF002)4\LAO(INF002)4 09 Time.mp3"/>
	<entry id="1060020410" project="LAO" informant="INF002" reel="4" region="10" narrative="_Q" label="Weather" state="OK" sex="M " age="63" age_level="2" education="4" town="Beaver" county="Beaver" land_regions="D" locality="R" date="1962" latitude="36.81519" longitude="-100.51964" file_name="LAO(INF002)4 10 Weather.mp3" path_to_file="LAP\Projects\LAO\Speakers\LAO(INF002)\Audio\LAO(INF002)4\LAO(INF002)4 10 Weather.mp3"/>
	<entry id="1060020411" project="LAO" informant="INF002" reel="4" region="11" narrative="_Q" label="Geography" state="OK" sex="M " age="63" age_level="2" education="4" town="Beaver" county="Beaver" land_regions="D" locality="R" date="1962" latitude="36.81519" longitude="-100.51964" file_name="LAO(INF002)4 11 Geography.mp3" path_to_file="LAP\Projects\LAO\Speakers\LAO(INF002)\Audio\LAO(INF002)4\LAO(INF002)4 11 Geography.mp3"/>
	<entry id="1060020412" project="LAO" informant="INF002" reel="4" region="12" narrative="_Q" label="Names, Titles and Occupations" state="OK" sex="M " age="63" age_level="2" education="4" town="Beaver" county="Beaver" land_regions="D" locality="R" date="1962" latitude="36.81519" longitude="-100.51964" file_name="LAO(INF002)4 12 Names, Titles and Occupations.mp3" path_to_file="LAP\Projects\LAO\Speakers\LAO(INF002)\Audio\LAO(INF002)4\LAO(INF002)4 12 Names, Titles and Occupations.mp3"/>
	<entry id="1060020413" project="LAO" informant="INF002" reel="4" region="13" narrative="_Q" label="Names, Titles and Occupations" state="OK" sex="M " age="63" age_level="2" education="4" town="Beaver" county="Beaver" land_regions="D" locality="R" date="1962" latitude="36.81519" longitude="-100.51964" file_name="LAO(INF002)4 13 Names, Titles and Occupations.mp3" path_to_file="LAP\Projects\LAO\Speakers\LAO(INF002)\Audio\LAO(INF002)4\LAO(INF002)4 13 Names, Titles and Occupations.mp3"/>
	<entry id="1060020414" project="LAO" informant="INF002" reel="4" region="14" narrative="_Q" label="Family" state="OK" sex="M " age="63" age_level="2" education="4" town="Beaver" county="Beaver" land_regions="D" locality="R" date="1962" latitude="36.81519" longitude="-100.51964" file_name="LAO(INF002)4 14 Family.mp3" path_to_file="LAP\Projects\LAO\Speakers\LAO(INF002)\Audio\LAO(INF002)4\LAO(INF002)4 14 Family.mp3"/>
	<entry id="3060020401" project="LAO" informant="INF002" reel="4" region="0" narrative="_I" label="Metadata" state="OK" sex="M " age="63" age_level="2" education="4" town="Beaver" county="Beaver" land_regions="D" locality="R" date="1962" latitude="36.81519" longitude="-100.51964" file_name="LAO(INF002)4meta.txt" path_to_file="LAP\Projects\LAO\Speakers\LAO(INF002)\Audio\LAO(INF002)4\LAO(INF002)4meta.txt"/>
	<entry id="3060020001" project="LAO" informant="INF002" reel="0" region="0" narrative="_I" label="Biographical Information" state="OK" sex="M " age="63" age_level="2" education="4" town="Beaver" county="Beaver" land_regions="D" locality="R" date="1962" latitude="36.81519" longitude="-100.51964" file_name="LAO(INF002)BIO.txt" path_to_file="LAP\Projects\LAO\Speakers\LAO(INF002)\Text\LAO(INF002)BIO.txt"/>
</Audio>