<?xml version="1.0" encoding="UTF-8" standalone="yes"?>
<Audio>
	<entry id="1060250101" project="LAO" informant="INF025" reel="1a" region="1" narrative="_Q" label="Public Institutions" state="OK" sex="M " age="34" age_level="1" education="4" town="Alva" county="Woods" land_regions="D" locality="U" date="1962" latitude="36.79764" longitude="-98.66604" file_name="LAO(INF025)1a 01 Public Institutions.mp3" path_to_file="LAP\Projects\LAO\Speakers\LAO(INF025)\Audio\LAO(INF025)1a\LAO(INF025)1a 01 Public Institutions.mp3"/>
	<entry id="1060250102" project="LAO" informant="INF025" reel="1a" region="2" narrative="_Q" label="Dwellings" state="OK" sex="M " age="34" age_level="1" education="4" town="Alva" county="Woods" land_regions="D" locality="U" date="1962" latitude="36.79764" longitude="-98.66604" file_name="LAO(INF025)1a 02 Dwellings.mp3" path_to_file="LAP\Projects\LAO\Speakers\LAO(INF025)\Audio\LAO(INF025)1a\LAO(INF025)1a 02 Dwellings.mp3"/>
	<entry id="1060250103" project="LAO" informant="INF025" reel="1a" region="3" narrative="_Q" label="Vegetables" state="OK" sex="M " age="34" age_level="1" education="4" town="Alva" county="Woods" land_regions="D" locality="U" date="1962" latitude="36.79764" longitude="-98.66604" file_name="LAO(INF025)1a 03 Vegetables.mp3" path_to_file="LAP\Projects\LAO\Speakers\LAO(INF025)\Audio\LAO(INF025)1a\LAO(INF025)1a 03 Vegetables.mp3"/>
	<entry id="1060250104" project="LAO" informant="INF025" reel="1a" region="4" narrative="_Q" label="Dwellings" state="OK" sex="M " age="34" age_level="1" education="4" town="Alva" county="Woods" land_regions="D" locality="U" date="1962" latitude="36.79764" longitude="-98.66604" file_name="LAO(INF025)1a 04 Dwellings.mp3" path_to_file="LAP\Projects\LAO\Speakers\LAO(INF025)\Audio\LAO(INF025)1a\LAO(INF025)1a 04 Dwellings.mp3"/>
	<entry id="1060250105" project="LAO" informant="INF025" reel="1a" region="5" narrative="_Q" label="Geography" state="OK" sex="M " age="34" age_level="1" education="4" town="Alva" county="Woods" land_regions="D" locality="U" date="1962" latitude="36.79764" longitude="-98.66604" file_name="LAO(INF025)1a 05 Geography.mp3" path_to_file="LAP\Projects\LAO\Speakers\LAO(INF025)\Audio\LAO(INF025)1a\LAO(INF025)1a 05 Geography.mp3"/>
	<entry id="1060250106" project="LAO" informant="INF025" reel="1a" region="6" narrative="_Q" label="Domestic Animals" state="OK" sex="M " age="34" age_level="1" education="4" town="Alva" county="Woods" land_regions="D" locality="U" date="1962" latitude="36.79764" longitude="-98.66604" file_name="LAO(INF025)1a 06 Domestic Animals.mp3" path_to_file="LAP\Projects\LAO\Speakers\LAO(INF025)\Audio\LAO(INF025)1a\LAO(INF025)1a 06 Domestic Animals.mp3"/>
	<entry id="1060250107" project="LAO" informant="INF025" reel="1a" region="7" narrative="_Q" label="Topography" state="OK" sex="M " age="34" age_level="1" education="4" town="Alva" county="Woods" land_regions="D" locality="U" date="1962" latitude="36.79764" longitude="-98.66604" file_name="LAO(INF025)1a 07 Topography.mp3" path_to_file="LAP\Projects\LAO\Speakers\LAO(INF025)\Audio\LAO(INF025)1a\LAO(INF025)1a 07 Topography.mp3"/>
	<entry id="3060250101" project="LAO" informant="INF025" reel="1a" region="0" narrative="_I" label="Metadata" state="OK" sex="M " age="34" age_level="1" education="4" town="Alva" county="Woods" land_regions="D" locality="U" date="1962" latitude="36.79764" longitude="-98.66604" file_name="LAO(INF025)1ameta.txt" path_to_file="LAP\Projects\LAO\Speakers\LAO(INF025)\Audio\LAO(INF025)1a\LAO(INF025)1ameta.txt"/>
	<entry id="1060250108" project="LAO" informant="INF025" reel="1b" region="1" narrative="_Q" label="Containers and Utensils" state="OK" sex="M " age="34" age_level="1" education="4" town="Alva" county="Woods" land_regions="D" locality="U" date="1962" latitude="36.79764" longitude="-98.66604" file_name="LAO(INF025)1b 01 Containers and Utensils.mp3" path_to_file="LAP\Projects\LAO\Speakers\LAO(INF025)\Audio\LAO(INF025)1b\LAO(INF025)1b 01 Containers and Utensils.mp3"/>
	<entry id="1060250109" project="LAO" informant="INF025" reel="1b" region="2" narrative="_Q" label="Family" state="OK" sex="M " age="34" age_level="1" education="4" town="Alva" county="Woods" land_regions="D" locality="U" date="1962" latitude="36.79764" longitude="-98.66604" file_name="LAO(INF025)1b 02 Family.mp3" path_to_file="LAP\Projects\LAO\Speakers\LAO(INF025)\Audio\LAO(INF025)1b\LAO(INF025)1b 02 Family.mp3"/>
	<entry id="1060250110" project="LAO" informant="INF025" reel="1b" region="3" narrative="_Q" label="Containers and Utensils " state="OK" sex="M " age="34" age_level="1" education="4" town="Alva" county="Woods" land_regions="D" locality="U" date="1962" latitude="36.79764" longitude="-98.66604" file_name="LAO(INF025)1b 03 Containers and Utensils .mp3" path_to_file="LAP\Projects\LAO\Speakers\LAO(INF025)\Audio\LAO(INF025)1b\LAO(INF025)1b 03 Containers and Utensils .mp3"/>
	<entry id="1060250111" project="LAO" informant="INF025" reel="1b" region="4" narrative="_Q" label="Domestic Animals" state="OK" sex="M " age="34" age_level="1" education="4" town="Alva" county="Woods" land_regions="D" locality="U" date="1962" latitude="36.79764" longitude="-98.66604" file_name="LAO(INF025)1b 04 Domestic Animals.mp3" path_to_file="LAP\Projects\LAO\Speakers\LAO(INF025)\Audio\LAO(INF025)1b\LAO(INF025)1b 04 Domestic Animals.mp3"/>
	<entry id="1060250112" project="LAO" informant="INF025" reel="1b" region="5" narrative="_Q" label="Vehicles" state="OK" sex="M " age="34" age_level="1" education="4" town="Alva" county="Woods" land_regions="D" locality="U" date="1962" latitude="36.79764" longitude="-98.66604" file_name="LAO(INF025)1b 05 Vehicles.mp3" path_to_file="LAP\Projects\LAO\Speakers\LAO(INF025)\Audio\LAO(INF025)1b\LAO(INF025)1b 05 Vehicles.mp3"/>
	<entry id="1060250113" project="LAO" informant="INF025" reel="1b" region="6" narrative="_Q" label="Verbs_Principal Parts" state="OK" sex="M " age="34" age_level="1" education="4" town="Alva" county="Woods" land_regions="D" locality="U" date="1962" latitude="36.79764" longitude="-98.66604" file_name="LAO(INF025)1b 06 Verbs_Principal Parts.mp3" path_to_file="LAP\Projects\LAO\Speakers\LAO(INF025)\Audio\LAO(INF025)1b\LAO(INF025)1b 06 Verbs_Principal Parts.mp3"/>
	<entry id="1060250114" project="LAO" informant="INF025" reel="1b" region="7" narrative="_Q" label="Topography" state="OK" sex="M " age="34" age_level="1" education="4" town="Alva" county="Woods" land_regions="D" locality="U" date="1962" latitude="36.79764" longitude="-98.66604" file_name="LAO(INF025)1b 07 Topography.mp3" path_to_file="LAP\Projects\LAO\Speakers\LAO(INF025)\Audio\LAO(INF025)1b\LAO(INF025)1b 07 Topography.mp3"/>
	<entry id="3060250102" project="LAO" informant="INF025" reel="1b" region="0" narrative="_I" label="Metadata" state="OK" sex="M " age="34" age_level="1" education="4" town="Alva" county="Woods" land_regions="D" locality="U" date="1962" latitude="36.79764" longitude="-98.66604" file_name="LAO(INF025)1bmeta.txt" path_to_file="LAP\Projects\LAO\Speakers\LAO(INF025)\Audio\LAO(INF025)1b\LAO(INF025)1bmeta.txt"/>
	<entry id="1060250115" project="LAO" informant="INF025" reel="1c" region="1" narrative="_Q" label="Public Institutions" state="OK" sex="M " age="34" age_level="1" education="4" town="Alva" county="Woods" land_regions="D" locality="U" date="1962" latitude="36.79764" longitude="-98.66604" file_name="LAO(INF025)1c 01 Public Institutions.mp3" path_to_file="LAP\Projects\LAO\Speakers\LAO(INF025)\Audio\LAO(INF025)1c\LAO(INF025)1c 01 Public Institutions.mp3"/>
	<entry id="1060250116" project="LAO" informant="INF025" reel="1c" region="2" narrative="_Q" label="Prepositions" state="OK" sex="M " age="34" age_level="1" education="4" town="Alva" county="Woods" land_regions="D" locality="U" date="1962" latitude="36.79764" longitude="-98.66604" file_name="LAO(INF025)1c 02 Prepositions.mp3" path_to_file="LAP\Projects\LAO\Speakers\LAO(INF025)\Audio\LAO(INF025)1c\LAO(INF025)1c 02 Prepositions.mp3"/>
	<entry id="1060250117" project="LAO" informant="INF025" reel="1c" region="3" narrative="_Q" label="Personal Characteristics" state="OK" sex="M " age="34" age_level="1" education="4" town="Alva" county="Woods" land_regions="D" locality="U" date="1962" latitude="36.79764" longitude="-98.66604" file_name="LAO(INF025)1c 03 Personal Characteristics.mp3" path_to_file="LAP\Projects\LAO\Speakers\LAO(INF025)\Audio\LAO(INF025)1c\LAO(INF025)1c 03 Personal Characteristics.mp3"/>
	<entry id="1060250118" project="LAO" informant="INF025" reel="1c" region="4" narrative="_Q" label="Domestic Animals" state="OK" sex="M " age="34" age_level="1" education="4" town="Alva" county="Woods" land_regions="D" locality="U" date="1962" latitude="36.79764" longitude="-98.66604" file_name="LAO(INF025)1c 04 Domestic Animals.mp3" path_to_file="LAP\Projects\LAO\Speakers\LAO(INF025)\Audio\LAO(INF025)1c\LAO(INF025)1c 04 Domestic Animals.mp3"/>
	<entry id="1060250119" project="LAO" informant="INF025" reel="1c" region="5" narrative="_Q" label="Vehicles" state="OK" sex="M " age="34" age_level="1" education="4" town="Alva" county="Woods" land_regions="D" locality="U" date="1962" latitude="36.79764" longitude="-98.66604" file_name="LAO(INF025)1c 05 Vehicles.mp3" path_to_file="LAP\Projects\LAO\Speakers\LAO(INF025)\Audio\LAO(INF025)1c\LAO(INF025)1c 05 Vehicles.mp3"/>
	<entry id="1060250120" project="LAO" informant="INF025" reel="1c" region="6" narrative="_Q" label="Agriculture" state="OK" sex="M " age="34" age_level="1" education="4" town="Alva" county="Woods" land_regions="D" locality="U" date="1962" latitude="36.79764" longitude="-98.66604" file_name="LAO(INF025)1c 06 Agriculture.mp3" path_to_file="LAP\Projects\LAO\Speakers\LAO(INF025)\Audio\LAO(INF025)1c\LAO(INF025)1c 06 Agriculture.mp3"/>
	<entry id="1060250121" project="LAO" informant="INF025" reel="1c" region="7" narrative="_Q" label="Agriculture" state="OK" sex="M " age="34" age_level="1" education="4" town="Alva" county="Woods" land_regions="D" locality="U" date="1962" latitude="36.79764" longitude="-98.66604" file_name="LAO(INF025)1c 07 Agriculture.mp3" path_to_file="LAP\Projects\LAO\Speakers\LAO(INF025)\Audio\LAO(INF025)1c\LAO(INF025)1c 07 Agriculture.mp3"/>
	<entry id="3060250102" project="LAO" informant="INF025" reel="1c" region="0" narrative="_I" label="Metadata" state="OK" sex="M " age="34" age_level="1" education="4" town="Alva" county="Woods" land_regions="D" locality="U" date="1962" latitude="36.79764" longitude="-98.66604" file_name="LAO(INF025)1cmeta.txt" path_to_file="LAP\Projects\LAO\Speakers\LAO(INF025)\Audio\LAO(INF025)1c\LAO(INF025)1cmeta.txt"/>
	<entry id="1060250201" project="LAO" informant="INF025" reel="2a" region="1" narrative="_Q" label="Food and Cooking" state="OK" sex="M " age="34" age_level="1" education="4" town="Alva" county="Woods" land_regions="D" locality="U" date="1962" latitude="36.79764" longitude="-98.66604" file_name="LAO(INF025)2a 01 Food and Cooking.mp3" path_to_file="LAP\Projects\LAO\Speakers\LAO(INF025)\Audio\LAO(INF025)2a\LAO(INF025)2a 01 Food and Cooking.mp3"/>
	<entry id="1060250202" project="LAO" informant="INF025" reel="2a" region="2" narrative="_Q" label="Food and Cooking" state="OK" sex="M " age="34" age_level="1" education="4" town="Alva" county="Woods" land_regions="D" locality="U" date="1962" latitude="36.79764" longitude="-98.66604" file_name="LAO(INF025)2a 02 Food and Cooking.mp3" path_to_file="LAP\Projects\LAO\Speakers\LAO(INF025)\Audio\LAO(INF025)2a\LAO(INF025)2a 02 Food and Cooking.mp3"/>
	<entry id="1060250203" project="LAO" informant="INF025" reel="2a" region="3" narrative="_Q" label="Geography" state="OK" sex="M " age="34" age_level="1" education="4" town="Alva" county="Woods" land_regions="D" locality="U" date="1962" latitude="36.79764" longitude="-98.66604" file_name="LAO(INF025)2a 03 Geography.mp3" path_to_file="LAP\Projects\LAO\Speakers\LAO(INF025)\Audio\LAO(INF025)2a\LAO(INF025)2a 03 Geography.mp3"/>
	<entry id="1060250204" project="LAO" informant="INF025" reel="2a" region="4" narrative="_Q" label="Verbs_Principal Parts" state="OK" sex="M " age="34" age_level="1" education="4" town="Alva" county="Woods" land_regions="D" locality="U" date="1962" latitude="36.79764" longitude="-98.66604" file_name="LAO(INF025)2a 04 Verbs_Principal Parts.mp3" path_to_file="LAP\Projects\LAO\Speakers\LAO(INF025)\Audio\LAO(INF025)2a\LAO(INF025)2a 04 Verbs_Principal Parts.mp3"/>
	<entry id="1060250205" project="LAO" informant="INF025" reel="2a" region="5" narrative="_Q" label="Verbs_Principal Parts" state="OK" sex="M " age="34" age_level="1" education="4" town="Alva" county="Woods" land_regions="D" locality="U" date="1962" latitude="36.79764" longitude="-98.66604" file_name="LAO(INF025)2a 05 Verbs_Principal Parts.mp3" path_to_file="LAP\Projects\LAO\Speakers\LAO(INF025)\Audio\LAO(INF025)2a\LAO(INF025)2a 05 Verbs_Principal Parts.mp3"/>
	<entry id="1060250206" project="LAO" informant="INF025" reel="2a" region="6" narrative="_Q" label="Verbs_Principal Parts" state="OK" sex="M " age="34" age_level="1" education="4" town="Alva" county="Woods" land_regions="D" locality="U" date="1962" latitude="36.79764" longitude="-98.66604" file_name="LAO(INF025)2a 06 Verbs_Principal Parts.mp3" path_to_file="LAP\Projects\LAO\Speakers\LAO(INF025)\Audio\LAO(INF025)2a\LAO(INF025)2a 06 Verbs_Principal Parts.mp3"/>
	<entry id="1060250207" project="LAO" informant="INF025" reel="2a" region="7" narrative="_Q" label="Vegetables" state="OK" sex="M " age="34" age_level="1" education="4" town="Alva" county="Woods" land_regions="D" locality="U" date="1962" latitude="36.79764" longitude="-98.66604" file_name="LAO(INF025)2a 07 Vegetables.mp3" path_to_file="LAP\Projects\LAO\Speakers\LAO(INF025)\Audio\LAO(INF025)2a\LAO(INF025)2a 07 Vegetables.mp3"/>
	<entry id="3060250201" project="LAO" informant="INF025" reel="2a" region="0" narrative="_I" label="Metadata" state="OK" sex="M " age="34" age_level="1" education="4" town="Alva" county="Woods" land_regions="D" locality="U" date="1962" latitude="36.79764" longitude="-98.66604" file_name="LAO(INF025)2ameta.txt" path_to_file="LAP\Projects\LAO\Speakers\LAO(INF025)\Audio\LAO(INF025)2a\LAO(INF025)2ameta.txt"/>
	<entry id="1060250208" project="LAO" informant="INF025" reel="2b" region="1" narrative="_Q" label="Geography" state="OK" sex="M " age="34" age_level="1" education="4" town="Alva" county="Woods" land_regions="D" locality="U" date="1962" latitude="36.79764" longitude="-98.66604" file_name="LAO(INF025)2b 01 Geography.mp3" path_to_file="LAP\Projects\LAO\Speakers\LAO(INF025)\Audio\LAO(INF025)2b\LAO(INF025)2b 01 Geography.mp3"/>
	<entry id="1060250209" project="LAO" informant="INF025" reel="2b" region="2" narrative="_Q" label="Wild Animals" state="OK" sex="M " age="34" age_level="1" education="4" town="Alva" county="Woods" land_regions="D" locality="U" date="1962" latitude="36.79764" longitude="-98.66604" file_name="LAO(INF025)2b 02 Wild Animals.mp3" path_to_file="LAP\Projects\LAO\Speakers\LAO(INF025)\Audio\LAO(INF025)2b\LAO(INF025)2b 02 Wild Animals.mp3"/>
	<entry id="1060250210" project="LAO" informant="INF025" reel="2b" region="3" narrative="_Q" label="Wild Animals" state="OK" sex="M " age="34" age_level="1" education="4" town="Alva" county="Woods" land_regions="D" locality="U" date="1962" latitude="36.79764" longitude="-98.66604" file_name="LAO(INF025)2b 03 Wild Animals.mp3" path_to_file="LAP\Projects\LAO\Speakers\LAO(INF025)\Audio\LAO(INF025)2b\LAO(INF025)2b 03 Wild Animals.mp3"/>
	<entry id="1060250211" project="LAO" informant="INF025" reel="2b" region="4" narrative="_Q" label="Wild Animals" state="OK" sex="M " age="34" age_level="1" education="4" town="Alva" county="Woods" land_regions="D" locality="U" date="1962" latitude="36.79764" longitude="-98.66604" file_name="LAO(INF025)2b 04 Wild Animals.mp3" path_to_file="LAP\Projects\LAO\Speakers\LAO(INF025)\Audio\LAO(INF025)2b\LAO(INF025)2b 04 Wild Animals.mp3"/>
	<entry id="1060250212" project="LAO" informant="INF025" reel="2b" region="5" narrative="_Q" label="Trees and Shrubs" state="OK" sex="M " age="34" age_level="1" education="4" town="Alva" county="Woods" land_regions="D" locality="U" date="1962" latitude="36.79764" longitude="-98.66604" file_name="LAO(INF025)2b 05 Trees and Shrubs.mp3" path_to_file="LAP\Projects\LAO\Speakers\LAO(INF025)\Audio\LAO(INF025)2b\LAO(INF025)2b 05 Trees and Shrubs.mp3"/>
	<entry id="1060250213" project="LAO" informant="INF025" reel="2b" region="6" narrative="_Q" label="Names, Titles and Occupations" state="OK" sex="M " age="34" age_level="1" education="4" town="Alva" county="Woods" land_regions="D" locality="U" date="1962" latitude="36.79764" longitude="-98.66604" file_name="LAO(INF025)2b 06 Names, Titles and Occupations.mp3" path_to_file="LAP\Projects\LAO\Speakers\LAO(INF025)\Audio\LAO(INF025)2b\LAO(INF025)2b 06 Names, Titles and Occupations.mp3"/>
	<entry id="1060250214" project="LAO" informant="INF025" reel="2b" region="7" narrative="_Q" label="Names, Titles and Occupations" state="OK" sex="M " age="34" age_level="1" education="4" town="Alva" county="Woods" land_regions="D" locality="U" date="1962" latitude="36.79764" longitude="-98.66604" file_name="LAO(INF025)2b 07 Names, Titles and Occupations.mp3" path_to_file="LAP\Projects\LAO\Speakers\LAO(INF025)\Audio\LAO(INF025)2b\LAO(INF025)2b 07 Names, Titles and Occupations.mp3"/>
	<entry id="3060250202" project="LAO" informant="INF025" reel="2b" region="0" narrative="_I" label="Metadata" state="OK" sex="M " age="34" age_level="1" education="4" town="Alva" county="Woods" land_regions="D" locality="U" date="1962" latitude="36.79764" longitude="-98.66604" file_name="LAO(INF025)2bmeta.txt" path_to_file="LAP\Projects\LAO\Speakers\LAO(INF025)\Audio\LAO(INF025)2b\LAO(INF025)2bmeta.txt"/>
	<entry id="1060250215" project="LAO" informant="INF025" reel="2c" region="1" narrative="_Q" label="Names, Titles and Occupations" state="OK" sex="M " age="34" age_level="1" education="4" town="Alva" county="Woods" land_regions="D" locality="U" date="1962" latitude="36.79764" longitude="-98.66604" file_name="LAO(INF025)2c 01 Names, Titles and Occupations.mp3" path_to_file="LAP\Projects\LAO\Speakers\LAO(INF025)\Audio\LAO(INF025)2c\LAO(INF025)2c 01 Names, Titles and Occupations.mp3"/>
	<entry id="1060250216" project="LAO" informant="INF025" reel="2c" region="2" narrative="_Q" label="Personal Characteristics" state="OK" sex="M " age="34" age_level="1" education="4" town="Alva" county="Woods" land_regions="D" locality="U" date="1962" latitude="36.79764" longitude="-98.66604" file_name="LAO(INF025)2c 02 Personal Characteristics.mp3" path_to_file="LAP\Projects\LAO\Speakers\LAO(INF025)\Audio\LAO(INF025)2c\LAO(INF025)2c 02 Personal Characteristics.mp3"/>
	<entry id="1060250217" project="LAO" informant="INF025" reel="2c" region="3" narrative="_Q" label="Body Parts" state="OK" sex="M " age="34" age_level="1" education="4" town="Alva" county="Woods" land_regions="D" locality="U" date="1962" latitude="36.79764" longitude="-98.66604" file_name="LAO(INF025)2c 03 Body Parts.mp3" path_to_file="LAP\Projects\LAO\Speakers\LAO(INF025)\Audio\LAO(INF025)2c\LAO(INF025)2c 03 Body Parts.mp3"/>
	<entry id="1060250218" project="LAO" informant="INF025" reel="2c" region="4" narrative="_Q" label="Personal Characteristics" state="OK" sex="M " age="34" age_level="1" education="4" town="Alva" county="Woods" land_regions="D" locality="U" date="1962" latitude="36.79764" longitude="-98.66604" file_name="LAO(INF025)2c 04 Personal Characteristics.mp3" path_to_file="LAP\Projects\LAO\Speakers\LAO(INF025)\Audio\LAO(INF025)2c\LAO(INF025)2c 04 Personal Characteristics.mp3"/>
	<entry id="1060250219" project="LAO" informant="INF025" reel="2c" region="5" narrative="_Q" label="Illness and Death" state="OK" sex="M " age="34" age_level="1" education="4" town="Alva" county="Woods" land_regions="D" locality="U" date="1962" latitude="36.79764" longitude="-98.66604" file_name="LAO(INF025)2c 05 Illness and Death.mp3" path_to_file="LAP\Projects\LAO\Speakers\LAO(INF025)\Audio\LAO(INF025)2c\LAO(INF025)2c 05 Illness and Death.mp3"/>
	<entry id="1060250220" project="LAO" informant="INF025" reel="2c" region="6" narrative="_Q" label="Sport and Play" state="OK" sex="M " age="34" age_level="1" education="4" town="Alva" county="Woods" land_regions="D" locality="U" date="1962" latitude="36.79764" longitude="-98.66604" file_name="LAO(INF025)2c 06 Sport and Play.mp3" path_to_file="LAP\Projects\LAO\Speakers\LAO(INF025)\Audio\LAO(INF025)2c\LAO(INF025)2c 06 Sport and Play.mp3"/>
	<entry id="1060250221" project="LAO" informant="INF025" reel="2c" region="7" narrative="_Q" label="Verbs_Principal Parts" state="OK" sex="M " age="34" age_level="1" education="4" town="Alva" county="Woods" land_regions="D" locality="U" date="1962" latitude="36.79764" longitude="-98.66604" file_name="LAO(INF025)2c 07 Verbs_Principal Parts.mp3" path_to_file="LAP\Projects\LAO\Speakers\LAO(INF025)\Audio\LAO(INF025)2c\LAO(INF025)2c 07 Verbs_Principal Parts.mp3"/>
	<entry id="3060250203" project="LAO" informant="INF025" reel="2c" region="0" narrative="_I" label="Metadata" state="OK" sex="M " age="34" age_level="1" education="4" town="Alva" county="Woods" land_regions="D" locality="U" date="1962" latitude="36.79764" longitude="-98.66604" file_name="LAO(INF025)2cmeta.txt" path_to_file="LAP\Projects\LAO\Speakers\LAO(INF025)\Audio\LAO(INF025)2c\LAO(INF025)2cmeta.txt"/>
	<entry id="1060250301" project="LAO" informant="INF025" reel="3a" region="1" narrative="_Q" label="Sport and Play" state="OK" sex="M " age="34" age_level="1" education="4" town="Alva" county="Woods" land_regions="D" locality="U" date="1962" latitude="36.79764" longitude="-98.66604" file_name="LAO(INF025)3a 01 Sport and Play.mp3" path_to_file="LAP\Projects\LAO\Speakers\LAO(INF025)\Audio\LAO(INF025)3a\LAO(INF025)3a 01 Sport and Play.mp3"/>
	<entry id="1060250302" project="LAO" informant="INF025" reel="3a" region="2" narrative="_Q" label="Music" state="OK" sex="M " age="34" age_level="1" education="4" town="Alva" county="Woods" land_regions="D" locality="U" date="1962" latitude="36.79764" longitude="-98.66604" file_name="LAO(INF025)3a 02 Music.mp3" path_to_file="LAP\Projects\LAO\Speakers\LAO(INF025)\Audio\LAO(INF025)3a\LAO(INF025)3a 02 Music.mp3"/>
	<entry id="1060250303" project="LAO" informant="INF025" reel="3a" region="3" narrative="_Q" label="Geography" state="OK" sex="M " age="34" age_level="1" education="4" town="Alva" county="Woods" land_regions="D" locality="U" date="1962" latitude="36.79764" longitude="-98.66604" file_name="LAO(INF025)3a 03 Geography.mp3" path_to_file="LAP\Projects\LAO\Speakers\LAO(INF025)\Audio\LAO(INF025)3a\LAO(INF025)3a 03 Geography.mp3"/>
	<entry id="1060250304" project="LAO" informant="INF025" reel="3a" region="4" narrative="_Q" label="Public Institutions" state="OK" sex="M " age="34" age_level="1" education="4" town="Alva" county="Woods" land_regions="D" locality="U" date="1962" latitude="36.79764" longitude="-98.66604" file_name="LAO(INF025)3a 04 Public Institutions.mp3" path_to_file="LAP\Projects\LAO\Speakers\LAO(INF025)\Audio\LAO(INF025)3a\LAO(INF025)3a 04 Public Institutions.mp3"/>
	<entry id="1060250305" project="LAO" informant="INF025" reel="3a" region="5" narrative="_Q" label="Greetings and Salutations" state="OK" sex="M " age="34" age_level="1" education="4" town="Alva" county="Woods" land_regions="D" locality="U" date="1962" latitude="36.79764" longitude="-98.66604" file_name="LAO(INF025)3a 05 Greetings and Salutations.mp3" path_to_file="LAP\Projects\LAO\Speakers\LAO(INF025)\Audio\LAO(INF025)3a\LAO(INF025)3a 05 Greetings and Salutations.mp3"/>
	<entry id="1060250306" project="LAO" informant="INF025" reel="3a" region="6" narrative="_Q" label="Adverbs" state="OK" sex="M " age="34" age_level="1" education="4" town="Alva" county="Woods" land_regions="D" locality="U" date="1962" latitude="36.79764" longitude="-98.66604" file_name="LAO(INF025)3a 06 Adverbs.mp3" path_to_file="LAP\Projects\LAO\Speakers\LAO(INF025)\Audio\LAO(INF025)3a\LAO(INF025)3a 06 Adverbs.mp3"/>
	<entry id="1060250307" project="LAO" informant="INF025" reel="3a" region="7" narrative="_Q" label="Verbs_Principal Parts" state="OK" sex="M " age="34" age_level="1" education="4" town="Alva" county="Woods" land_regions="D" locality="U" date="1962" latitude="36.79764" longitude="-98.66604" file_name="LAO(INF025)3a 07 Verbs_Principal Parts.mp3" path_to_file="LAP\Projects\LAO\Speakers\LAO(INF025)\Audio\LAO(INF025)3a\LAO(INF025)3a 07 Verbs_Principal Parts.mp3"/>
	<entry id="3060250301" project="LAO" informant="INF025" reel="3a" region="0" narrative="_I" label="Metadata" state="OK" sex="M " age="34" age_level="1" education="4" town="Alva" county="Woods" land_regions="D" locality="U" date="1962" latitude="36.79764" longitude="-98.66604" file_name="LAO(INF025)3ameta.txt" path_to_file="LAP\Projects\LAO\Speakers\LAO(INF025)\Audio\LAO(INF025)3a\LAO(INF025)3ameta.txt"/>
	<entry id="1060250308" project="LAO" informant="INF025" reel="3b" region="1" narrative="_Q" label="Verbs_Principal Parts" state="OK" sex="M " age="34" age_level="1" education="4" town="Alva" county="Woods" land_regions="D" locality="U" date="1962" latitude="36.79764" longitude="-98.66604" file_name="LAO(INF025)3b 01 Verbs_Principal Parts.mp3" path_to_file="LAP\Projects\LAO\Speakers\LAO(INF025)\Audio\LAO(INF025)3b\LAO(INF025)3b 01 Verbs_Principal Parts.mp3"/>
	<entry id="1060250309" project="LAO" informant="INF025" reel="3b" region="2" narrative="_Q" label="Verbs_Principal Parts" state="OK" sex="M " age="34" age_level="1" education="4" town="Alva" county="Woods" land_regions="D" locality="U" date="1962" latitude="36.79764" longitude="-98.66604" file_name="LAO(INF025)3b 02 Verbs_Principal Parts.mp3" path_to_file="LAP\Projects\LAO\Speakers\LAO(INF025)\Audio\LAO(INF025)3b\LAO(INF025)3b 02 Verbs_Principal Parts.mp3"/>
	<entry id="1060250310" project="LAO" informant="INF025" reel="3b" region="3" narrative="_Q" label="Verbs_Principal Parts" state="OK" sex="M " age="34" age_level="1" education="4" town="Alva" county="Woods" land_regions="D" locality="U" date="1962" latitude="36.79764" longitude="-98.66604" file_name="LAO(INF025)3b 03 Verbs_Principal Parts.mp3" path_to_file="LAP\Projects\LAO\Speakers\LAO(INF025)\Audio\LAO(INF025)3b\LAO(INF025)3b 03 Verbs_Principal Parts.mp3"/>
	<entry id="1060250311" project="LAO" informant="INF025" reel="3b" region="4" narrative="_Q" label="Adverbs" state="OK" sex="M " age="34" age_level="1" education="4" town="Alva" county="Woods" land_regions="D" locality="U" date="1962" latitude="36.79764" longitude="-98.66604" file_name="LAO(INF025)3b 04 Adverbs.mp3" path_to_file="LAP\Projects\LAO\Speakers\LAO(INF025)\Audio\LAO(INF025)3b\LAO(INF025)3b 04 Adverbs.mp3"/>
	<entry id="1060250312" project="LAO" informant="INF025" reel="3b" region="5" narrative="_Q" label="Time" state="OK" sex="M " age="34" age_level="1" education="4" town="Alva" county="Woods" land_regions="D" locality="U" date="1962" latitude="36.79764" longitude="-98.66604" file_name="LAO(INF025)3b 05 Time.mp3" path_to_file="LAP\Projects\LAO\Speakers\LAO(INF025)\Audio\LAO(INF025)3b\LAO(INF025)3b 05 Time.mp3"/>
	<entry id="1060250313" project="LAO" informant="INF025" reel="3b" region="6" narrative="_Q" label="Weather" state="OK" sex="M " age="34" age_level="1" education="4" town="Alva" county="Woods" land_regions="D" locality="U" date="1962" latitude="36.79764" longitude="-98.66604" file_name="LAO(INF025)3b 06 Weather.mp3" path_to_file="LAP\Projects\LAO\Speakers\LAO(INF025)\Audio\LAO(INF025)3b\LAO(INF025)3b 06 Weather.mp3"/>
	<entry id="1060250314" project="LAO" informant="INF025" reel="3b" region="7" narrative="_Q" label="Topography" state="OK" sex="M " age="34" age_level="1" education="4" town="Alva" county="Woods" land_regions="D" locality="U" date="1962" latitude="36.79764" longitude="-98.66604" file_name="LAO(INF025)3b 07 Topography.mp3" path_to_file="LAP\Projects\LAO\Speakers\LAO(INF025)\Audio\LAO(INF025)3b\LAO(INF025)3b 07 Topography.mp3"/>
	<entry id="3060250302" project="LAO" informant="INF025" reel="3b" region="0" narrative="_I" label="Metadata" state="OK" sex="M " age="34" age_level="1" education="4" town="Alva" county="Woods" land_regions="D" locality="U" date="1962" latitude="36.79764" longitude="-98.66604" file_name="LAO(INF025)3bmeta.txt" path_to_file="LAP\Projects\LAO\Speakers\LAO(INF025)\Audio\LAO(INF025)3b\LAO(INF025)3bmeta.txt"/>
	<entry id="1060250315" project="LAO" informant="INF025" reel="3c" region="1" narrative="_Q" label="Verbs_Be, Have, Do" state="OK" sex="M " age="34" age_level="1" education="4" town="Alva" county="Woods" land_regions="D" locality="U" date="1962" latitude="36.79764" longitude="-98.66604" file_name="LAO(INF025)3c 01 Verbs_Be, Have, Do.mp3" path_to_file="LAP\Projects\LAO\Speakers\LAO(INF025)\Audio\LAO(INF025)3c\LAO(INF025)3c 01 Verbs_Be, Have, Do.mp3"/>
	<entry id="1060250316" project="LAO" informant="INF025" reel="3c" region="2" narrative="_Q" label="Pronouns" state="OK" sex="M " age="34" age_level="1" education="4" town="Alva" county="Woods" land_regions="D" locality="U" date="1962" latitude="36.79764" longitude="-98.66604" file_name="LAO(INF025)3c 02 Pronouns.mp3" path_to_file="LAP\Projects\LAO\Speakers\LAO(INF025)\Audio\LAO(INF025)3c\LAO(INF025)3c 02 Pronouns.mp3"/>
	<entry id="1060250317" project="LAO" informant="INF025" reel="3c" region="3" narrative="_Q" label="Topography" state="OK" sex="M " age="34" age_level="1" education="4" town="Alva" county="Woods" land_regions="D" locality="U" date="1962" latitude="36.79764" longitude="-98.66604" file_name="LAO(INF025)3c 03 Topography.mp3" path_to_file="LAP\Projects\LAO\Speakers\LAO(INF025)\Audio\LAO(INF025)3c\LAO(INF025)3c 03 Topography.mp3"/>
	<entry id="1060250318" project="LAO" informant="INF025" reel="3c" region="4" narrative="_Q" label="Verbs_Principal Parts" state="OK" sex="M " age="34" age_level="1" education="4" town="Alva" county="Woods" land_regions="D" locality="U" date="1962" latitude="36.79764" longitude="-98.66604" file_name="LAO(INF025)3c 04 Verbs_Principal Parts.mp3" path_to_file="LAP\Projects\LAO\Speakers\LAO(INF025)\Audio\LAO(INF025)3c\LAO(INF025)3c 04 Verbs_Principal Parts.mp3"/>
	<entry id="1060250319" project="LAO" informant="INF025" reel="3c" region="5" narrative="_Q" label="Verbs_Modals" state="OK" sex="M " age="34" age_level="1" education="4" town="Alva" county="Woods" land_regions="D" locality="U" date="1962" latitude="36.79764" longitude="-98.66604" file_name="LAO(INF025)3c 05 Verbs_Modals.mp3" path_to_file="LAP\Projects\LAO\Speakers\LAO(INF025)\Audio\LAO(INF025)3c\LAO(INF025)3c 05 Verbs_Modals.mp3"/>
	<entry id="1060250320" project="LAO" informant="INF025" reel="3c" region="6" narrative="_Q" label="Verbs_Principal Parts" state="OK" sex="M " age="34" age_level="1" education="4" town="Alva" county="Woods" land_regions="D" locality="U" date="1962" latitude="36.79764" longitude="-98.66604" file_name="LAO(INF025)3c 06 Verbs_Principal Parts.mp3" path_to_file="LAP\Projects\LAO\Speakers\LAO(INF025)\Audio\LAO(INF025)3c\LAO(INF025)3c 06 Verbs_Principal Parts.mp3"/>
	<entry id="1060250321" project="LAO" informant="INF025" reel="3c" region="7" narrative="_Q" label="Personal Characteristics" state="OK" sex="M " age="34" age_level="1" education="4" town="Alva" county="Woods" land_regions="D" locality="U" date="1962" latitude="36.79764" longitude="-98.66604" file_name="LAO(INF025)3c 07 Personal Characteristics.mp3" path_to_file="LAP\Projects\LAO\Speakers\LAO(INF025)\Audio\LAO(INF025)3c\LAO(INF025)3c 07 Personal Characteristics.mp3"/>
	<entry id="3060250303" project="LAO" informant="INF025" reel="3c" region="0" narrative="_I" label="Metadata" state="OK" sex="M " age="34" age_level="1" education="4" town="Alva" county="Woods" land_regions="D" locality="U" date="1962" latitude="36.79764" longitude="-98.66604" file_name="LAO(INF025)3cmeta.txt" path_to_file="LAP\Projects\LAO\Speakers\LAO(INF025)\Audio\LAO(INF025)3c\LAO(INF025)3cmeta.txt"/>
	<entry id="1060250401" project="LAO" informant="INF025" reel="4" region="1" narrative="_Q" label="Geography" state="OK" sex="M " age="34" age_level="1" education="4" town="Alva" county="Woods" land_regions="D" locality="U" date="1962" latitude="36.79764" longitude="-98.66604" file_name="LAO(INF025)4 01 Geography.mp3" path_to_file="LAP\Projects\LAO\Speakers\LAO(INF025)\Audio\LAO(INF025)4\LAO(INF025)4 01 Geography.mp3"/>
	<entry id="1060250402" project="LAO" informant="INF025" reel="4" region="2" narrative="_Q" label="Family" state="OK" sex="M " age="34" age_level="1" education="4" town="Alva" county="Woods" land_regions="D" locality="U" date="1962" latitude="36.79764" longitude="-98.66604" file_name="LAO(INF025)4 02 Family.mp3" path_to_file="LAP\Projects\LAO\Speakers\LAO(INF025)\Audio\LAO(INF025)4\LAO(INF025)4 02 Family.mp3"/>
	<entry id="1060250403" project="LAO" informant="INF025" reel="4" region="3" narrative="_Q" label="Family" state="OK" sex="M " age="34" age_level="1" education="4" town="Alva" county="Woods" land_regions="D" locality="U" date="1962" latitude="36.79764" longitude="-98.66604" file_name="LAO(INF025)4 03 Family.mp3" path_to_file="LAP\Projects\LAO\Speakers\LAO(INF025)\Audio\LAO(INF025)4\LAO(INF025)4 03 Family.mp3"/>
	<entry id="3060250401" project="LAO" informant="INF025" reel="4" region="0" narrative="_I" label="Metadata" state="OK" sex="M " age="34" age_level="1" education="4" town="Alva" county="Woods" land_regions="D" locality="U" date="1962" latitude="36.79764" longitude="-98.66604" file_name="LAO(INF025)4meta.txt" path_to_file="LAP\Projects\LAO\Speakers\LAO(INF025)\Audio\LAO(INF025)4\LAO(INF025)4meta.txt"/>
	<entry id="3060250001" project="LAO" informant="INF025" reel="0" region="0" narrative="_I" label="Biographical Information" state="OK" sex="M " age="34" age_level="1" education="4" town="Alva" county="Woods" land_regions="D" locality="U" date="1962" latitude="36.79764" longitude="-98.66604" file_name="LAO(INF025)BIO.txt" path_to_file="LAP\Projects\LAO\Speakers\LAO(INF025)\Text\LAO(INF025)BIO.txt"/>
</Audio>