<?xml version="1.0" encoding="UTF-8" standalone="yes"?>
<Audio>
	<entry id="1060150101" project="LAO" informant="INF015" reel="1a" region="1" narrative="_Q" label="Geography" state="OK" sex="F" age="47" age_level="2" education="3" town="Hominy" county="Osage" land_regions="D" locality="U" date="1962" latitude="36.41445" longitude="-96.3941" file_name="LAO(INF015)1a 01 Geography.mp3" path_to_file="LAP\Projects\LAO\Speakers\LAO(INF015)\Audio\LAO(INF015)1a\LAO(INF015)1a 01 Geography.mp3"/>
	<entry id="1060150102" project="LAO" informant="INF015" reel="1a" region="2" narrative="_Q" label="Dwellings" state="OK" sex="F" age="47" age_level="2" education="3" town="Hominy" county="Osage" land_regions="D" locality="U" date="1962" latitude="36.41445" longitude="-96.3941" file_name="LAO(INF015)1a 02 Dwellings.mp3" path_to_file="LAP\Projects\LAO\Speakers\LAO(INF015)\Audio\LAO(INF015)1a\LAO(INF015)1a 02 Dwellings.mp3"/>
	<entry id="1060150103" project="LAO" informant="INF015" reel="1a" region="3" narrative="_Q" label="Containers and Utensils" state="OK" sex="F" age="47" age_level="2" education="3" town="Hominy" county="Osage" land_regions="D" locality="U" date="1962" latitude="36.41445" longitude="-96.3941" file_name="LAO(INF015)1a 03 Containers and Utensils.mp3" path_to_file="LAP\Projects\LAO\Speakers\LAO(INF015)\Audio\LAO(INF015)1a\LAO(INF015)1a 03 Containers and Utensils.mp3"/>
	<entry id="1060150104" project="LAO" informant="INF015" reel="1a" region="4" narrative="_Q" label="Dwellings" state="OK" sex="F" age="47" age_level="2" education="3" town="Hominy" county="Osage" land_regions="D" locality="U" date="1962" latitude="36.41445" longitude="-96.3941" file_name="LAO(INF015)1a 04 Dwellings.mp3" path_to_file="LAP\Projects\LAO\Speakers\LAO(INF015)\Audio\LAO(INF015)1a\LAO(INF015)1a 04 Dwellings.mp3"/>
	<entry id="1060150105" project="LAO" informant="INF015" reel="1a" region="5" narrative="_N" label="Dwellings" state="OK" sex="F" age="47" age_level="2" education="3" town="Hominy" county="Osage" land_regions="D" locality="U" date="1962" latitude="36.41445" longitude="-96.3941" file_name="LAO(INF015)1a 05 Dwellings_N.mp3" path_to_file="LAP\Projects\LAO\Speakers\LAO(INF015)\Audio\LAO(INF015)1a\LAO(INF015)1a 05 Dwellings_N.mp3"/>
	<entry id="1060150106" project="LAO" informant="INF015" reel="1a" region="6" narrative="_Q" label="Dwellings" state="OK" sex="F" age="47" age_level="2" education="3" town="Hominy" county="Osage" land_regions="D" locality="U" date="1962" latitude="36.41445" longitude="-96.3941" file_name="LAO(INF015)1a 06 Dwellings.mp3" path_to_file="LAP\Projects\LAO\Speakers\LAO(INF015)\Audio\LAO(INF015)1a\LAO(INF015)1a 06 Dwellings.mp3"/>
	<entry id="1060150107" project="LAO" informant="INF015" reel="1a" region="7" narrative="_Q" label="Dwellings" state="OK" sex="F" age="47" age_level="2" education="3" town="Hominy" county="Osage" land_regions="D" locality="U" date="1962" latitude="36.41445" longitude="-96.3941" file_name="LAO(INF015)1a 07 Dwellings.mp3" path_to_file="LAP\Projects\LAO\Speakers\LAO(INF015)\Audio\LAO(INF015)1a\LAO(INF015)1a 07 Dwellings.mp3"/>
	<entry id="3060150101" project="LAO" informant="INF015" reel="1a" region="0" narrative="_I" label="Metadata" state="OK" sex="F" age="47" age_level="2" education="3" town="Hominy" county="Osage" land_regions="D" locality="U" date="1962" latitude="36.41445" longitude="-96.3941" file_name="LAO(INF015)1ameta.txt" path_to_file="LAP\Projects\LAO\Speakers\LAO(INF015)\Audio\LAO(INF015)1a\LAO(INF015)1ameta.txt"/>
	<entry id="1060150108" project="LAO" informant="INF015" reel="1b" region="1" narrative="_Q" label="Food and Cooking" state="OK" sex="F" age="47" age_level="2" education="3" town="Hominy" county="Osage" land_regions="D" locality="U" date="1962" latitude="36.41445" longitude="-96.3941" file_name="LAO(INF015)1b 01 Food and Cooking.mp3" path_to_file="LAP\Projects\LAO\Speakers\LAO(INF015)\Audio\LAO(INF015)1b\LAO(INF015)1b 01 Food and Cooking.mp3"/>
	<entry id="1060150109" project="LAO" informant="INF015" reel="1b" region="2" narrative="_Q" label="The Farm" state="OK" sex="F" age="47" age_level="2" education="3" town="Hominy" county="Osage" land_regions="D" locality="U" date="1962" latitude="36.41445" longitude="-96.3941" file_name="LAO(INF015)1b 02 The Farm.mp3" path_to_file="LAP\Projects\LAO\Speakers\LAO(INF015)\Audio\LAO(INF015)1b\LAO(INF015)1b 02 The Farm.mp3"/>
	<entry id="1060150110" project="LAO" informant="INF015" reel="1b" region="3" narrative="_Q" label="Agriculture" state="OK" sex="F" age="47" age_level="2" education="3" town="Hominy" county="Osage" land_regions="D" locality="U" date="1962" latitude="36.41445" longitude="-96.3941" file_name="LAO(INF015)1b 03 Agriculture.mp3" path_to_file="LAP\Projects\LAO\Speakers\LAO(INF015)\Audio\LAO(INF015)1b\LAO(INF015)1b 03 Agriculture.mp3"/>
	<entry id="1060150111" project="LAO" informant="INF015" reel="1b" region="4" narrative="_Q" label="Agriculture" state="OK" sex="F" age="47" age_level="2" education="3" town="Hominy" county="Osage" land_regions="D" locality="U" date="1962" latitude="36.41445" longitude="-96.3941" file_name="LAO(INF015)1b 04 Agriculture.mp3" path_to_file="LAP\Projects\LAO\Speakers\LAO(INF015)\Audio\LAO(INF015)1b\LAO(INF015)1b 04 Agriculture.mp3"/>
	<entry id="1060150112" project="LAO" informant="INF015" reel="1b" region="5" narrative="_Q" label="The Farm" state="OK" sex="F" age="47" age_level="2" education="3" town="Hominy" county="Osage" land_regions="D" locality="U" date="1962" latitude="36.41445" longitude="-96.3941" file_name="LAO(INF015)1b 05 The Farm.mp3" path_to_file="LAP\Projects\LAO\Speakers\LAO(INF015)\Audio\LAO(INF015)1b\LAO(INF015)1b 05 The Farm.mp3"/>
	<entry id="1060150113" project="LAO" informant="INF015" reel="1b" region="6" narrative="_Q" label="The Farm" state="OK" sex="F" age="47" age_level="2" education="3" town="Hominy" county="Osage" land_regions="D" locality="U" date="1962" latitude="36.41445" longitude="-96.3941" file_name="LAO(INF015)1b 06 The Farm.mp3" path_to_file="LAP\Projects\LAO\Speakers\LAO(INF015)\Audio\LAO(INF015)1b\LAO(INF015)1b 06 The Farm.mp3"/>
	<entry id="1060150114" project="LAO" informant="INF015" reel="1b" region="7" narrative="_N" label="Domestic Animals" state="OK" sex="F" age="47" age_level="2" education="3" town="Hominy" county="Osage" land_regions="D" locality="U" date="1962" latitude="36.41445" longitude="-96.3941" file_name="LAO(INF015)1b 07 Domestic Animals_N.mp3" path_to_file="LAP\Projects\LAO\Speakers\LAO(INF015)\Audio\LAO(INF015)1b\LAO(INF015)1b 07 Domestic Animals_N.mp3"/>
	<entry id="3060150102" project="LAO" informant="INF015" reel="1b" region="0" narrative="_I" label="Metadata" state="OK" sex="F" age="47" age_level="2" education="3" town="Hominy" county="Osage" land_regions="D" locality="U" date="1962" latitude="36.41445" longitude="-96.3941" file_name="LAO(INF015)1bmeta.txt" path_to_file="LAP\Projects\LAO\Speakers\LAO(INF015)\Audio\LAO(INF015)1b\LAO(INF015)1bmeta.txt"/>
	<entry id="1060150115" project="LAO" informant="INF015" reel="1c" region="1" narrative="_Q" label="Food and Cooking" state="OK" sex="F" age="47" age_level="2" education="3" town="Hominy" county="Osage" land_regions="D" locality="U" date="1962" latitude="36.41445" longitude="-96.3941" file_name="LAO(INF015)1c 01 Food and Cooking.mp3" path_to_file="LAP\Projects\LAO\Speakers\LAO(INF015)\Audio\LAO(INF015)1c\LAO(INF015)1c 01 Food and Cooking.mp3"/>
	<entry id="1060150116" project="LAO" informant="INF015" reel="1c" region="2" narrative="_N" label="Trees and Shrubs" state="OK" sex="F" age="47" age_level="2" education="3" town="Hominy" county="Osage" land_regions="D" locality="U" date="1962" latitude="36.41445" longitude="-96.3941" file_name="LAO(INF015)1c 02 Trees and Shrubs_N.mp3" path_to_file="LAP\Projects\LAO\Speakers\LAO(INF015)\Audio\LAO(INF015)1c\LAO(INF015)1c 02 Trees and Shrubs_N.mp3"/>
	<entry id="1060150117" project="LAO" informant="INF015" reel="1c" region="3" narrative="_Q" label="Trees and Shrubs" state="OK" sex="F" age="47" age_level="2" education="3" town="Hominy" county="Osage" land_regions="D" locality="U" date="1962" latitude="36.41445" longitude="-96.3941" file_name="LAO(INF015)1c 03 Trees and Shrubs.mp3" path_to_file="LAP\Projects\LAO\Speakers\LAO(INF015)\Audio\LAO(INF015)1c\LAO(INF015)1c 03 Trees and Shrubs.mp3"/>
	<entry id="1060150118" project="LAO" informant="INF015" reel="1c" region="4" narrative="_N" label="Containers and Utensils" state="OK" sex="F" age="47" age_level="2" education="3" town="Hominy" county="Osage" land_regions="D" locality="U" date="1962" latitude="36.41445" longitude="-96.3941" file_name="LAO(INF015)1c 04 Containers and Utensils_N.mp3" path_to_file="LAP\Projects\LAO\Speakers\LAO(INF015)\Audio\LAO(INF015)1c\LAO(INF015)1c 04 Containers and Utensils_N.mp3"/>
	<entry id="1060150119" project="LAO" informant="INF015" reel="1c" region="5" narrative="_Q" label="Containers and Utensils" state="OK" sex="F" age="47" age_level="2" education="3" town="Hominy" county="Osage" land_regions="D" locality="U" date="1962" latitude="36.41445" longitude="-96.3941" file_name="LAO(INF015)1c 05 Containers and Utensils.mp3" path_to_file="LAP\Projects\LAO\Speakers\LAO(INF015)\Audio\LAO(INF015)1c\LAO(INF015)1c 05 Containers and Utensils.mp3"/>
	<entry id="1060150120" project="LAO" informant="INF015" reel="1c" region="6" narrative="_Q" label="Containers and Utensils" state="OK" sex="F" age="47" age_level="2" education="3" town="Hominy" county="Osage" land_regions="D" locality="U" date="1962" latitude="36.41445" longitude="-96.3941" file_name="LAO(INF015)1c 06 Containers and Utensils.mp3" path_to_file="LAP\Projects\LAO\Speakers\LAO(INF015)\Audio\LAO(INF015)1c\LAO(INF015)1c 06 Containers and Utensils.mp3"/>
	<entry id="1060150121" project="LAO" informant="INF015" reel="1c" region="7" narrative="_Q" label="Vehicles" state="OK" sex="F" age="47" age_level="2" education="3" town="Hominy" county="Osage" land_regions="D" locality="U" date="1962" latitude="36.41445" longitude="-96.3941" file_name="LAO(INF015)1c 07 Vehicles.mp3" path_to_file="LAP\Projects\LAO\Speakers\LAO(INF015)\Audio\LAO(INF015)1c\LAO(INF015)1c 07 Vehicles.mp3"/>
	<entry id="3060150103" project="LAO" informant="INF015" reel="1c" region="0" narrative="_I" label="Metadata" state="OK" sex="F" age="47" age_level="2" education="3" town="Hominy" county="Osage" land_regions="D" locality="U" date="1962" latitude="36.41445" longitude="-96.3941" file_name="LAO(INF015)1cmeta.txt" path_to_file="LAP\Projects\LAO\Speakers\LAO(INF015)\Audio\LAO(INF015)1c\LAO(INF015)1cmeta.txt"/>
	<entry id="1060150201" project="LAO" informant="INF015" reel="2a" region="1" narrative="_N" label="Containers and Utensils" state="OK" sex="F" age="47" age_level="2" education="3" town="Hominy" county="Osage" land_regions="D" locality="U" date="1962" latitude="36.41445" longitude="-96.3941" file_name="LAO(INF015)2a 01 Containers and Utensils_N.mp3" path_to_file="LAP\Projects\LAO\Speakers\LAO(INF015)\Audio\LAO(INF015)2a\LAO(INF015)2a 01 Containers and Utensils_N.mp3"/>
	<entry id="1060150202" project="LAO" informant="INF015" reel="2a" region="2" narrative="_Q" label="Containers and Utensils" state="OK" sex="F" age="47" age_level="2" education="3" town="Hominy" county="Osage" land_regions="D" locality="U" date="1962" latitude="36.41445" longitude="-96.3941" file_name="LAO(INF015)2a 02 Containers and Utensils.mp3" path_to_file="LAP\Projects\LAO\Speakers\LAO(INF015)\Audio\LAO(INF015)2a\LAO(INF015)2a 02 Containers and Utensils.mp3"/>
	<entry id="1060150203" project="LAO" informant="INF015" reel="2a" region="3" narrative="_N" label="Containers and Utensils" state="OK" sex="F" age="47" age_level="2" education="3" town="Hominy" county="Osage" land_regions="D" locality="U" date="1962" latitude="36.41445" longitude="-96.3941" file_name="LAO(INF015)2a 03 Containers and Utensils_N.mp3" path_to_file="LAP\Projects\LAO\Speakers\LAO(INF015)\Audio\LAO(INF015)2a\LAO(INF015)2a 03 Containers and Utensils_N.mp3"/>
	<entry id="1060150204" project="LAO" informant="INF015" reel="2a" region="4" narrative="_Q" label="Wild Animals" state="OK" sex="F" age="47" age_level="2" education="3" town="Hominy" county="Osage" land_regions="D" locality="U" date="1962" latitude="36.41445" longitude="-96.3941" file_name="LAO(INF015)2a 04 Wild Animals.mp3" path_to_file="LAP\Projects\LAO\Speakers\LAO(INF015)\Audio\LAO(INF015)2a\LAO(INF015)2a 04 Wild Animals.mp3"/>
	<entry id="1060150205" project="LAO" informant="INF015" reel="2a" region="5" narrative="_N" label="Clothing" state="OK" sex="F" age="47" age_level="2" education="3" town="Hominy" county="Osage" land_regions="D" locality="U" date="1962" latitude="36.41445" longitude="-96.3941" file_name="LAO(INF015)2a 05 Clothing_N.mp3" path_to_file="LAP\Projects\LAO\Speakers\LAO(INF015)\Audio\LAO(INF015)2a\LAO(INF015)2a 05 Clothing_N.mp3"/>
	<entry id="1060150206" project="LAO" informant="INF015" reel="2a" region="6" narrative="_Q" label="Clothing" state="OK" sex="F" age="47" age_level="2" education="3" town="Hominy" county="Osage" land_regions="D" locality="U" date="1962" latitude="36.41445" longitude="-96.3941" file_name="LAO(INF015)2a 06 Clothing.mp3" path_to_file="LAP\Projects\LAO\Speakers\LAO(INF015)\Audio\LAO(INF015)2a\LAO(INF015)2a 06 Clothing.mp3"/>
	<entry id="1060150207" project="LAO" informant="INF015" reel="2a" region="7" narrative="_Q" label="Dwellings" state="OK" sex="F" age="47" age_level="2" education="3" town="Hominy" county="Osage" land_regions="D" locality="U" date="1962" latitude="36.41445" longitude="-96.3941" file_name="LAO(INF015)2a 07 Dwellings.mp3" path_to_file="LAP\Projects\LAO\Speakers\LAO(INF015)\Audio\LAO(INF015)2a\LAO(INF015)2a 07 Dwellings.mp3"/>
	<entry id="3060150201" project="LAO" informant="INF015" reel="2a" region="0" narrative="_I" label="Metadata" state="OK" sex="F" age="47" age_level="2" education="3" town="Hominy" county="Osage" land_regions="D" locality="U" date="1962" latitude="36.41445" longitude="-96.3941" file_name="LAO(INF015)2ameta.txt" path_to_file="LAP\Projects\LAO\Speakers\LAO(INF015)\Audio\LAO(INF015)2a\LAO(INF015)2ameta.txt"/>
	<entry id="1060150208" project="LAO" informant="INF015" reel="2b" region="1" narrative="_Q" label="Topography" state="OK" sex="F" age="47" age_level="2" education="3" town="Hominy" county="Osage" land_regions="D" locality="U" date="1962" latitude="36.41445" longitude="-96.3941" file_name="LAO(INF015)2b 01 Topography.mp3" path_to_file="LAP\Projects\LAO\Speakers\LAO(INF015)\Audio\LAO(INF015)2b\LAO(INF015)2b 01 Topography.mp3"/>
	<entry id="1060150209" project="LAO" informant="INF015" reel="2b" region="2" narrative="_Q" label="Sport and Play" state="OK" sex="F" age="47" age_level="2" education="3" town="Hominy" county="Osage" land_regions="D" locality="U" date="1962" latitude="36.41445" longitude="-96.3941" file_name="LAO(INF015)2b 02 Sport and Play.mp3" path_to_file="LAP\Projects\LAO\Speakers\LAO(INF015)\Audio\LAO(INF015)2b\LAO(INF015)2b 02 Sport and Play.mp3"/>
	<entry id="1060150210" project="LAO" informant="INF015" reel="2b" region="3" narrative="_Q" label="Topography" state="OK" sex="F" age="47" age_level="2" education="3" town="Hominy" county="Osage" land_regions="D" locality="U" date="1962" latitude="36.41445" longitude="-96.3941" file_name="LAO(INF015)2b 03 Topography.mp3" path_to_file="LAP\Projects\LAO\Speakers\LAO(INF015)\Audio\LAO(INF015)2b\LAO(INF015)2b 03 Topography.mp3"/>
	<entry id="1060150211" project="LAO" informant="INF015" reel="2b" region="4" narrative="_Q" label="Verbs_Be, Have, Do" state="OK" sex="F" age="47" age_level="2" education="3" town="Hominy" county="Osage" land_regions="D" locality="U" date="1962" latitude="36.41445" longitude="-96.3941" file_name="LAO(INF015)2b 04 Verbs_Be, Have, Do.mp3" path_to_file="LAP\Projects\LAO\Speakers\LAO(INF015)\Audio\LAO(INF015)2b\LAO(INF015)2b 04 Verbs_Be, Have, Do.mp3"/>
	<entry id="1060150212" project="LAO" informant="INF015" reel="2b" region="5" narrative="_Q" label="Domestic Animals" state="OK" sex="F" age="47" age_level="2" education="3" town="Hominy" county="Osage" land_regions="D" locality="U" date="1962" latitude="36.41445" longitude="-96.3941" file_name="LAO(INF015)2b 05 Domestic Animals.mp3" path_to_file="LAP\Projects\LAO\Speakers\LAO(INF015)\Audio\LAO(INF015)2b\LAO(INF015)2b 05 Domestic Animals.mp3"/>
	<entry id="1060150213" project="LAO" informant="INF015" reel="2b" region="6" narrative="_Q" label="Sport and Play" state="OK" sex="F" age="47" age_level="2" education="3" town="Hominy" county="Osage" land_regions="D" locality="U" date="1962" latitude="36.41445" longitude="-96.3941" file_name="LAO(INF015)2b 06 Sport and Play.mp3" path_to_file="LAP\Projects\LAO\Speakers\LAO(INF015)\Audio\LAO(INF015)2b\LAO(INF015)2b 06 Sport and Play.mp3"/>
	<entry id="1060150214" project="LAO" informant="INF015" reel="2b" region="7" narrative="_Q" label="Domestic Animals" state="OK" sex="F" age="47" age_level="2" education="3" town="Hominy" county="Osage" land_regions="D" locality="U" date="1962" latitude="36.41445" longitude="-96.3941" file_name="LAO(INF015)2b 07 Domestic Animals.mp3" path_to_file="LAP\Projects\LAO\Speakers\LAO(INF015)\Audio\LAO(INF015)2b\LAO(INF015)2b 07 Domestic Animals.mp3"/>
	<entry id="3060150202" project="LAO" informant="INF015" reel="2b" region="0" narrative="_I" label="Metadata" state="OK" sex="F" age="47" age_level="2" education="3" town="Hominy" county="Osage" land_regions="D" locality="U" date="1962" latitude="36.41445" longitude="-96.3941" file_name="LAO(INF015)2bmeta.txt" path_to_file="LAP\Projects\LAO\Speakers\LAO(INF015)\Audio\LAO(INF015)2b\LAO(INF015)2bmeta.txt"/>
	<entry id="1060150215" project="LAO" informant="INF015" reel="2c" region="1" narrative="_Q" label="Food and Cooking" state="OK" sex="F" age="47" age_level="2" education="3" town="Hominy" county="Osage" land_regions="D" locality="U" date="1962" latitude="36.41445" longitude="-96.3941" file_name="LAO(INF015)2c 01 Food and Cooking.mp3" path_to_file="LAP\Projects\LAO\Speakers\LAO(INF015)\Audio\LAO(INF015)2c\LAO(INF015)2c 01 Food and Cooking.mp3"/>
	<entry id="1060150216" project="LAO" informant="INF015" reel="2c" region="2" narrative="_N" label="Adverbs" state="OK" sex="F" age="47" age_level="2" education="3" town="Hominy" county="Osage" land_regions="D" locality="U" date="1962" latitude="36.41445" longitude="-96.3941" file_name="LAO(INF015)2c 02 Adverbs_N.mp3" path_to_file="LAP\Projects\LAO\Speakers\LAO(INF015)\Audio\LAO(INF015)2c\LAO(INF015)2c 02 Adverbs_N.mp3"/>
	<entry id="1060150217" project="LAO" informant="INF015" reel="2c" region="3" narrative="_Q" label="Trees and Shrubs" state="OK" sex="F" age="47" age_level="2" education="3" town="Hominy" county="Osage" land_regions="D" locality="U" date="1962" latitude="36.41445" longitude="-96.3941" file_name="LAO(INF015)2c 03 Trees and Shrubs.mp3" path_to_file="LAP\Projects\LAO\Speakers\LAO(INF015)\Audio\LAO(INF015)2c\LAO(INF015)2c 03 Trees and Shrubs.mp3"/>
	<entry id="1060150218" project="LAO" informant="INF015" reel="2c" region="4" narrative="_Q" label="Trees and Shrubs" state="OK" sex="F" age="47" age_level="2" education="3" town="Hominy" county="Osage" land_regions="D" locality="U" date="1962" latitude="36.41445" longitude="-96.3941" file_name="LAO(INF015)2c 04 Trees and Shrubs.mp3" path_to_file="LAP\Projects\LAO\Speakers\LAO(INF015)\Audio\LAO(INF015)2c\LAO(INF015)2c 04 Trees and Shrubs.mp3"/>
	<entry id="1060150219" project="LAO" informant="INF015" reel="2c" region="5" narrative="_N" label="Food and Cooking" state="OK" sex="F" age="47" age_level="2" education="3" town="Hominy" county="Osage" land_regions="D" locality="U" date="1962" latitude="36.41445" longitude="-96.3941" file_name="LAO(INF015)2c 05 Food and Cooking_N.mp3" path_to_file="LAP\Projects\LAO\Speakers\LAO(INF015)\Audio\LAO(INF015)2c\LAO(INF015)2c 05 Food and Cooking_N.mp3"/>
	<entry id="1060150220" project="LAO" informant="INF015" reel="2c" region="6" narrative="_N" label="Food and Cooking" state="OK" sex="F" age="47" age_level="2" education="3" town="Hominy" county="Osage" land_regions="D" locality="U" date="1962" latitude="36.41445" longitude="-96.3941" file_name="LAO(INF015)2c 06 Food and Cooking_N.mp3" path_to_file="LAP\Projects\LAO\Speakers\LAO(INF015)\Audio\LAO(INF015)2c\LAO(INF015)2c 06 Food and Cooking_N.mp3"/>
	<entry id="1060150221" project="LAO" informant="INF015" reel="2c" region="7" narrative="_N" label="Domestic Animals" state="OK" sex="F" age="47" age_level="2" education="3" town="Hominy" county="Osage" land_regions="D" locality="U" date="1962" latitude="36.41445" longitude="-96.3941" file_name="LAO(INF015)2c 07 Domestic Animals_N.mp3" path_to_file="LAP\Projects\LAO\Speakers\LAO(INF015)\Audio\LAO(INF015)2c\LAO(INF015)2c 07 Domestic Animals_N.mp3"/>
	<entry id="3060150203" project="LAO" informant="INF015" reel="2c" region="0" narrative="_I" label="Metadata" state="OK" sex="F" age="47" age_level="2" education="3" town="Hominy" county="Osage" land_regions="D" locality="U" date="1962" latitude="36.41445" longitude="-96.3941" file_name="LAO(INF015)2cmeta.txt" path_to_file="LAP\Projects\LAO\Speakers\LAO(INF015)\Audio\LAO(INF015)2c\LAO(INF015)2cmeta.txt"/>
	<entry id="1060150301" project="LAO" informant="INF015" reel="3a" region="1" narrative="_Q" label="Food and Cooking" state="OK" sex="F" age="47" age_level="2" education="3" town="Hominy" county="Osage" land_regions="D" locality="U" date="1962" latitude="36.41445" longitude="-96.3941" file_name="LAO(INF015)3a 01 Food and Cooking.mp3" path_to_file="LAP\Projects\LAO\Speakers\LAO(INF015)\Audio\LAO(INF015)3a\LAO(INF015)3a 01 Food and Cooking.mp3"/>
	<entry id="1060150302" project="LAO" informant="INF015" reel="3a" region="2" narrative="_Q" label="Food and Cooking" state="OK" sex="F" age="47" age_level="2" education="3" town="Hominy" county="Osage" land_regions="D" locality="U" date="1962" latitude="36.41445" longitude="-96.3941" file_name="LAO(INF015)3a 02 Food and Cooking.mp3" path_to_file="LAP\Projects\LAO\Speakers\LAO(INF015)\Audio\LAO(INF015)3a\LAO(INF015)3a 02 Food and Cooking.mp3"/>
	<entry id="1060150303" project="LAO" informant="INF015" reel="3a" region="3" narrative="_N" label="Food and Cooking" state="OK" sex="F" age="47" age_level="2" education="3" town="Hominy" county="Osage" land_regions="D" locality="U" date="1962" latitude="36.41445" longitude="-96.3941" file_name="LAO(INF015)3a 03 Food and Cooking_N.mp3" path_to_file="LAP\Projects\LAO\Speakers\LAO(INF015)\Audio\LAO(INF015)3a\LAO(INF015)3a 03 Food and Cooking_N.mp3"/>
	<entry id="1060150304" project="LAO" informant="INF015" reel="3a" region="4" narrative="_Q" label="Food and Cooking" state="OK" sex="F" age="47" age_level="2" education="3" town="Hominy" county="Osage" land_regions="D" locality="U" date="1962" latitude="36.41445" longitude="-96.3941" file_name="LAO(INF015)3a 04 Food and Cooking.mp3" path_to_file="LAP\Projects\LAO\Speakers\LAO(INF015)\Audio\LAO(INF015)3a\LAO(INF015)3a 04 Food and Cooking.mp3"/>
	<entry id="1060150305" project="LAO" informant="INF015" reel="3a" region="5" narrative="_Q" label="Containers and Utensils" state="OK" sex="F" age="47" age_level="2" education="3" town="Hominy" county="Osage" land_regions="D" locality="U" date="1962" latitude="36.41445" longitude="-96.3941" file_name="LAO(INF015)3a 05 Containers and Utensils.mp3" path_to_file="LAP\Projects\LAO\Speakers\LAO(INF015)\Audio\LAO(INF015)3a\LAO(INF015)3a 05 Containers and Utensils.mp3"/>
	<entry id="1060150306" project="LAO" informant="INF015" reel="3a" region="6" narrative="_N" label="Food and Cooking" state="OK" sex="F" age="47" age_level="2" education="3" town="Hominy" county="Osage" land_regions="D" locality="U" date="1962" latitude="36.41445" longitude="-96.3941" file_name="LAO(INF015)3a 06 Food and Cooking_N.mp3" path_to_file="LAP\Projects\LAO\Speakers\LAO(INF015)\Audio\LAO(INF015)3a\LAO(INF015)3a 06 Food and Cooking_N.mp3"/>
	<entry id="1060150307" project="LAO" informant="INF015" reel="3a" region="7" narrative="_N" label="Family" state="OK" sex="F" age="47" age_level="2" education="3" town="Hominy" county="Osage" land_regions="D" locality="U" date="1962" latitude="36.41445" longitude="-96.3941" file_name="LAO(INF015)3a 07 Family_N.mp3" path_to_file="LAP\Projects\LAO\Speakers\LAO(INF015)\Audio\LAO(INF015)3a\LAO(INF015)3a 07 Family_N.mp3"/>
	<entry id="3060150301" project="LAO" informant="INF015" reel="3a" region="0" narrative="_I" label="Metadata" state="OK" sex="F" age="47" age_level="2" education="3" town="Hominy" county="Osage" land_regions="D" locality="U" date="1962" latitude="36.41445" longitude="-96.3941" file_name="LAO(INF015)3ameta.txt" path_to_file="LAP\Projects\LAO\Speakers\LAO(INF015)\Audio\LAO(INF015)3a\LAO(INF015)3ameta.txt"/>
	<entry id="1060150308" project="LAO" informant="INF015" reel="3b" region="1" narrative="_Q" label="Containers and Utensils" state="OK" sex="F" age="47" age_level="2" education="3" town="Hominy" county="Osage" land_regions="D" locality="U" date="1962" latitude="36.41445" longitude="-96.3941" file_name="LAO(INF015)3b 01 Containers and Utensils.mp3" path_to_file="LAP\Projects\LAO\Speakers\LAO(INF015)\Audio\LAO(INF015)3b\LAO(INF015)3b 01 Containers and Utensils.mp3"/>
	<entry id="1060150309" project="LAO" informant="INF015" reel="3b" region="2" narrative="_N" label="Dwellings" state="OK" sex="F" age="47" age_level="2" education="3" town="Hominy" county="Osage" land_regions="D" locality="U" date="1962" latitude="36.41445" longitude="-96.3941" file_name="LAO(INF015)3b 02 Dwellings_N.mp3" path_to_file="LAP\Projects\LAO\Speakers\LAO(INF015)\Audio\LAO(INF015)3b\LAO(INF015)3b 02 Dwellings_N.mp3"/>
	<entry id="1060150310" project="LAO" informant="INF015" reel="3b" region="3" narrative="_N" label="Prepositions" state="OK" sex="F" age="47" age_level="2" education="3" town="Hominy" county="Osage" land_regions="D" locality="U" date="1962" latitude="36.41445" longitude="-96.3941" file_name="LAO(INF015)3b 03 Prepositions_N.mp3" path_to_file="LAP\Projects\LAO\Speakers\LAO(INF015)\Audio\LAO(INF015)3b\LAO(INF015)3b 03 Prepositions_N.mp3"/>
	<entry id="1060150311" project="LAO" informant="INF015" reel="3b" region="4" narrative="_N" label="Social Relations" state="OK" sex="F" age="47" age_level="2" education="3" town="Hominy" county="Osage" land_regions="D" locality="U" date="1962" latitude="36.41445" longitude="-96.3941" file_name="LAO(INF015)3b 04 Social Relations_N.mp3" path_to_file="LAP\Projects\LAO\Speakers\LAO(INF015)\Audio\LAO(INF015)3b\LAO(INF015)3b 04 Social Relations_N.mp3"/>
	<entry id="1060150312" project="LAO" informant="INF015" reel="3b" region="5" narrative="_N" label="Agriculture" state="OK" sex="F" age="47" age_level="2" education="3" town="Hominy" county="Osage" land_regions="D" locality="U" date="1962" latitude="36.41445" longitude="-96.3941" file_name="LAO(INF015)3b 05 Agriculture_N.mp3" path_to_file="LAP\Projects\LAO\Speakers\LAO(INF015)\Audio\LAO(INF015)3b\LAO(INF015)3b 05 Agriculture_N.mp3"/>
	<entry id="1060150313" project="LAO" informant="INF015" reel="3b" region="6" narrative="_N" label="Vegetables" state="OK" sex="F" age="47" age_level="2" education="3" town="Hominy" county="Osage" land_regions="D" locality="U" date="1962" latitude="36.41445" longitude="-96.3941" file_name="LAO(INF015)3b 06 Vegetables_N.mp3" path_to_file="LAP\Projects\LAO\Speakers\LAO(INF015)\Audio\LAO(INF015)3b\LAO(INF015)3b 06 Vegetables_N.mp3"/>
	<entry id="1060150314" project="LAO" informant="INF015" reel="3b" region="7" narrative="_N" label="Sport and Play" state="OK" sex="F" age="47" age_level="2" education="3" town="Hominy" county="Osage" land_regions="D" locality="U" date="1962" latitude="36.41445" longitude="-96.3941" file_name="LAO(INF015)3b 07 Sport and Play_N.mp3" path_to_file="LAP\Projects\LAO\Speakers\LAO(INF015)\Audio\LAO(INF015)3b\LAO(INF015)3b 07 Sport and Play_N.mp3"/>
	<entry id="3060150302" project="LAO" informant="INF015" reel="3b" region="0" narrative="_I" label="Metadata" state="OK" sex="F" age="47" age_level="2" education="3" town="Hominy" county="Osage" land_regions="D" locality="U" date="1962" latitude="36.41445" longitude="-96.3941" file_name="LAO(INF015)3bmeta.txt" path_to_file="LAP\Projects\LAO\Speakers\LAO(INF015)\Audio\LAO(INF015)3b\LAO(INF015)3bmeta.txt"/>
	<entry id="1060150315" project="LAO" informant="INF015" reel="3c" region="1" narrative="_N" label="Wild Animals" state="OK" sex="F" age="47" age_level="2" education="3" town="Hominy" county="Osage" land_regions="D" locality="U" date="1962" latitude="36.41445" longitude="-96.3941" file_name="LAO(INF015)3c 01 Wild Animals_N.mp3" path_to_file="LAP\Projects\LAO\Speakers\LAO(INF015)\Audio\LAO(INF015)3c\LAO(INF015)3c 01 Wild Animals_N.mp3"/>
	<entry id="1060150316" project="LAO" informant="INF015" reel="3c" region="2" narrative="_N" label="Clothing" state="OK" sex="F" age="47" age_level="2" education="3" town="Hominy" county="Osage" land_regions="D" locality="U" date="1962" latitude="36.41445" longitude="-96.3941" file_name="LAO(INF015)3c 02 Clothing_N.mp3" path_to_file="LAP\Projects\LAO\Speakers\LAO(INF015)\Audio\LAO(INF015)3c\LAO(INF015)3c 02 Clothing_N.mp3"/>
	<entry id="1060150317" project="LAO" informant="INF015" reel="3c" region="3" narrative="_N" label="Food and Cooking" state="OK" sex="F" age="47" age_level="2" education="3" town="Hominy" county="Osage" land_regions="D" locality="U" date="1962" latitude="36.41445" longitude="-96.3941" file_name="LAO(INF015)3c 03 Food and Cooking_N.mp3" path_to_file="LAP\Projects\LAO\Speakers\LAO(INF015)\Audio\LAO(INF015)3c\LAO(INF015)3c 03 Food and Cooking_N.mp3"/>
	<entry id="1060150318" project="LAO" informant="INF015" reel="3c" region="4" narrative="_N" label="Food and Cooking" state="OK" sex="F" age="47" age_level="2" education="3" town="Hominy" county="Osage" land_regions="D" locality="U" date="1962" latitude="36.41445" longitude="-96.3941" file_name="LAO(INF015)3c 04 Food and Cooking_N.mp3" path_to_file="LAP\Projects\LAO\Speakers\LAO(INF015)\Audio\LAO(INF015)3c\LAO(INF015)3c 04 Food and Cooking_N.mp3"/>
	<entry id="1060150319" project="LAO" informant="INF015" reel="3c" region="5" narrative="_N" label="Vegetables" state="OK" sex="F" age="47" age_level="2" education="3" town="Hominy" county="Osage" land_regions="D" locality="U" date="1962" latitude="36.41445" longitude="-96.3941" file_name="LAO(INF015)3c 05 Vegetables_N.mp3" path_to_file="LAP\Projects\LAO\Speakers\LAO(INF015)\Audio\LAO(INF015)3c\LAO(INF015)3c 05 Vegetables_N.mp3"/>
	<entry id="1060150320" project="LAO" informant="INF015" reel="3c" region="6" narrative="_N" label="Illness and Death" state="OK" sex="F" age="47" age_level="2" education="3" town="Hominy" county="Osage" land_regions="D" locality="U" date="1962" latitude="36.41445" longitude="-96.3941" file_name="LAO(INF015)3c 06 Illness and Death_N.mp3" path_to_file="LAP\Projects\LAO\Speakers\LAO(INF015)\Audio\LAO(INF015)3c\LAO(INF015)3c 06 Illness and Death_N.mp3"/>
	<entry id="1060150321" project="LAO" informant="INF015" reel="3c" region="7" narrative="_N" label="Illness and Death" state="OK" sex="F" age="47" age_level="2" education="3" town="Hominy" county="Osage" land_regions="D" locality="U" date="1962" latitude="36.41445" longitude="-96.3941" file_name="LAO(INF015)3c 07 Illness and Death_N.mp3" path_to_file="LAP\Projects\LAO\Speakers\LAO(INF015)\Audio\LAO(INF015)3c\LAO(INF015)3c 07 Illness and Death_N.mp3"/>
	<entry id="3060150303" project="LAO" informant="INF015" reel="3c" region="0" narrative="_I" label="Metadata" state="OK" sex="F" age="47" age_level="2" education="3" town="Hominy" county="Osage" land_regions="D" locality="U" date="1962" latitude="36.41445" longitude="-96.3941" file_name="LAO(INF015)3cmeta.txt" path_to_file="LAP\Projects\LAO\Speakers\LAO(INF015)\Audio\LAO(INF015)3c\LAO(INF015)3cmeta.txt"/>
	<entry id="1060150401" project="LAO" informant="INF015" reel="4a" region="1" narrative="_Q" label="Wild Animals" state="OK" sex="F" age="47" age_level="2" education="3" town="Hominy" county="Osage" land_regions="D" locality="U" date="1962" latitude="36.41445" longitude="-96.3941" file_name="LAO(INF015)4a 01 Wild Animals.mp3" path_to_file="LAP\Projects\LAO\Speakers\LAO(INF015)\Audio\LAO(INF015)4a\LAO(INF015)4a 01 Wild Animals.mp3"/>
	<entry id="1060150402" project="LAO" informant="INF015" reel="4a" region="2" narrative="_N" label="Wild Animals" state="OK" sex="F" age="47" age_level="2" education="3" town="Hominy" county="Osage" land_regions="D" locality="U" date="1962" latitude="36.41445" longitude="-96.3941" file_name="LAO(INF015)4a 02 Wild Animals_N.mp3" path_to_file="LAP\Projects\LAO\Speakers\LAO(INF015)\Audio\LAO(INF015)4a\LAO(INF015)4a 02 Wild Animals_N.mp3"/>
	<entry id="1060150403" project="LAO" informant="INF015" reel="4a" region="3" narrative="_N" label="Geography" state="OK" sex="F" age="47" age_level="2" education="3" town="Hominy" county="Osage" land_regions="D" locality="U" date="1962" latitude="36.41445" longitude="-96.3941" file_name="LAO(INF015)4a 03 Geography_N.mp3" path_to_file="LAP\Projects\LAO\Speakers\LAO(INF015)\Audio\LAO(INF015)4a\LAO(INF015)4a 03 Geography_N.mp3"/>
	<entry id="1060150404" project="LAO" informant="INF015" reel="4a" region="4" narrative="_N" label="Wild Animals" state="OK" sex="F" age="47" age_level="2" education="3" town="Hominy" county="Osage" land_regions="D" locality="U" date="1962" latitude="36.41445" longitude="-96.3941" file_name="LAO(INF015)4a 04 Wild Animals_N.mp3" path_to_file="LAP\Projects\LAO\Speakers\LAO(INF015)\Audio\LAO(INF015)4a\LAO(INF015)4a 04 Wild Animals_N.mp3"/>
	<entry id="1060150405" project="LAO" informant="INF015" reel="4a" region="5" narrative="_N" label="Verbs_Principal Parts" state="OK" sex="F" age="47" age_level="2" education="3" town="Hominy" county="Osage" land_regions="D" locality="U" date="1962" latitude="36.41445" longitude="-96.3941" file_name="LAO(INF015)4a 05 Verbs_Principal Parts_N.mp3" path_to_file="LAP\Projects\LAO\Speakers\LAO(INF015)\Audio\LAO(INF015)4a\LAO(INF015)4a 05 Verbs_Principal Parts_N.mp3"/>
	<entry id="1060150406" project="LAO" informant="INF015" reel="4a" region="6" narrative="_N" label="Wild Animals" state="OK" sex="F" age="47" age_level="2" education="3" town="Hominy" county="Osage" land_regions="D" locality="U" date="1962" latitude="36.41445" longitude="-96.3941" file_name="LAO(INF015)4a 06 Wild Animals_N.mp3" path_to_file="LAP\Projects\LAO\Speakers\LAO(INF015)\Audio\LAO(INF015)4a\LAO(INF015)4a 06 Wild Animals_N.mp3"/>
	<entry id="1060150407" project="LAO" informant="INF015" reel="4a" region="7" narrative="_Q" label="Trees and Shrubs" state="OK" sex="F" age="47" age_level="2" education="3" town="Hominy" county="Osage" land_regions="D" locality="U" date="1962" latitude="36.41445" longitude="-96.3941" file_name="LAO(INF015)4a 07 Trees and Shrubs.mp3" path_to_file="LAP\Projects\LAO\Speakers\LAO(INF015)\Audio\LAO(INF015)4a\LAO(INF015)4a 07 Trees and Shrubs.mp3"/>
	<entry id="3060150401" project="LAO" informant="INF015" reel="4a" region="0" narrative="_I" label="Metadata" state="OK" sex="F" age="47" age_level="2" education="3" town="Hominy" county="Osage" land_regions="D" locality="U" date="1962" latitude="36.41445" longitude="-96.3941" file_name="LAO(INF015)4ameta.txt" path_to_file="LAP\Projects\LAO\Speakers\LAO(INF015)\Audio\LAO(INF015)4a\LAO(INF015)4ameta.txt"/>
	<entry id="1060150408" project="LAO" informant="INF015" reel="4b" region="1" narrative="_N" label="Illness and Death" state="OK" sex="F" age="47" age_level="2" education="3" town="Hominy" county="Osage" land_regions="D" locality="U" date="1962" latitude="36.41445" longitude="-96.3941" file_name="LAO(INF015)4b 01 Illness and Death_N.mp3" path_to_file="LAP\Projects\LAO\Speakers\LAO(INF015)\Audio\LAO(INF015)4b\LAO(INF015)4b 01 Illness and Death_N.mp3"/>
	<entry id="1060150409" project="LAO" informant="INF015" reel="4b" region="2" narrative="_Q" label="Names, Titles and Occupations" state="OK" sex="F" age="47" age_level="2" education="3" town="Hominy" county="Osage" land_regions="D" locality="U" date="1962" latitude="36.41445" longitude="-96.3941" file_name="LAO(INF015)4b 02 Names, Titles and Occupations.mp3" path_to_file="LAP\Projects\LAO\Speakers\LAO(INF015)\Audio\LAO(INF015)4b\LAO(INF015)4b 02 Names, Titles and Occupations.mp3"/>
	<entry id="1060150410" project="LAO" informant="INF015" reel="4b" region="3" narrative="_Q" label="Names, Titles and Occupations" state="OK" sex="F" age="47" age_level="2" education="3" town="Hominy" county="Osage" land_regions="D" locality="U" date="1962" latitude="36.41445" longitude="-96.3941" file_name="LAO(INF015)4b 03 Names, Titles and Occupations.mp3" path_to_file="LAP\Projects\LAO\Speakers\LAO(INF015)\Audio\LAO(INF015)4b\LAO(INF015)4b 03 Names, Titles and Occupations.mp3"/>
	<entry id="1060150411" project="LAO" informant="INF015" reel="4b" region="4" narrative="_Q" label="Names, Titles and Occupations" state="OK" sex="F" age="47" age_level="2" education="3" town="Hominy" county="Osage" land_regions="D" locality="U" date="1962" latitude="36.41445" longitude="-96.3941" file_name="LAO(INF015)4b 04 Names, Titles and Occupations.mp3" path_to_file="LAP\Projects\LAO\Speakers\LAO(INF015)\Audio\LAO(INF015)4b\LAO(INF015)4b 04 Names, Titles and Occupations.mp3"/>
	<entry id="1060150412" project="LAO" informant="INF015" reel="4b" region="5" narrative="_Q" label="Social Relations" state="OK" sex="F" age="47" age_level="2" education="3" town="Hominy" county="Osage" land_regions="D" locality="U" date="1962" latitude="36.41445" longitude="-96.3941" file_name="LAO(INF015)4b 05 Social Relations.mp3" path_to_file="LAP\Projects\LAO\Speakers\LAO(INF015)\Audio\LAO(INF015)4b\LAO(INF015)4b 05 Social Relations.mp3"/>
	<entry id="1060150413" project="LAO" informant="INF015" reel="4b" region="6" narrative="_Q" label="Personal Characteristics" state="OK" sex="F" age="47" age_level="2" education="3" town="Hominy" county="Osage" land_regions="D" locality="U" date="1962" latitude="36.41445" longitude="-96.3941" file_name="LAO(INF015)4b 06 Personal Characteristics.mp3" path_to_file="LAP\Projects\LAO\Speakers\LAO(INF015)\Audio\LAO(INF015)4b\LAO(INF015)4b 06 Personal Characteristics.mp3"/>
	<entry id="1060150414" project="LAO" informant="INF015" reel="4b" region="7" narrative="_Q" label="Personal Characteristics" state="OK" sex="F" age="47" age_level="2" education="3" town="Hominy" county="Osage" land_regions="D" locality="U" date="1962" latitude="36.41445" longitude="-96.3941" file_name="LAO(INF015)4b 07 Personal Characteristics.mp3" path_to_file="LAP\Projects\LAO\Speakers\LAO(INF015)\Audio\LAO(INF015)4b\LAO(INF015)4b 07 Personal Characteristics.mp3"/>
	<entry id="3060150402" project="LAO" informant="INF015" reel="4b" region="0" narrative="_I" label="Metadata" state="OK" sex="F" age="47" age_level="2" education="3" town="Hominy" county="Osage" land_regions="D" locality="U" date="1962" latitude="36.41445" longitude="-96.3941" file_name="LAO(INF015)4bmeta.txt" path_to_file="LAP\Projects\LAO\Speakers\LAO(INF015)\Audio\LAO(INF015)4b\LAO(INF015)4bmeta.txt"/>
	<entry id="1060150415" project="LAO" informant="INF015" reel="4c" region="1" narrative="_N" label="Illness and Death" state="OK" sex="F" age="47" age_level="2" education="3" town="Hominy" county="Osage" land_regions="D" locality="U" date="1962" latitude="36.41445" longitude="-96.3941" file_name="LAO(INF015)4c 01 Illness and Death_N.mp3" path_to_file="LAP\Projects\LAO\Speakers\LAO(INF015)\Audio\LAO(INF015)4c\LAO(INF015)4c 01 Illness and Death_N.mp3"/>
	<entry id="1060150416" project="LAO" informant="INF015" reel="4c" region="2" narrative="_N" label="Illness and Death" state="OK" sex="F" age="47" age_level="2" education="3" town="Hominy" county="Osage" land_regions="D" locality="U" date="1962" latitude="36.41445" longitude="-96.3941" file_name="LAO(INF015)4c 02 Illness and Death_N.mp3" path_to_file="LAP\Projects\LAO\Speakers\LAO(INF015)\Audio\LAO(INF015)4c\LAO(INF015)4c 02 Illness and Death_N.mp3"/>
	<entry id="1060150417" project="LAO" informant="INF015" reel="4c" region="3" narrative="_N" label="Illness and Death" state="OK" sex="F" age="47" age_level="2" education="3" town="Hominy" county="Osage" land_regions="D" locality="U" date="1962" latitude="36.41445" longitude="-96.3941" file_name="LAO(INF015)4c 03 Illness and Death_N.mp3" path_to_file="LAP\Projects\LAO\Speakers\LAO(INF015)\Audio\LAO(INF015)4c\LAO(INF015)4c 03 Illness and Death_N.mp3"/>
	<entry id="1060150418" project="LAO" informant="INF015" reel="4c" region="4" narrative="_N" label="Food and Cooking" state="OK" sex="F" age="47" age_level="2" education="3" town="Hominy" county="Osage" land_regions="D" locality="U" date="1962" latitude="36.41445" longitude="-96.3941" file_name="LAO(INF015)4c 04 Food and Cooking_N.mp3" path_to_file="LAP\Projects\LAO\Speakers\LAO(INF015)\Audio\LAO(INF015)4c\LAO(INF015)4c 04 Food and Cooking_N.mp3"/>
	<entry id="1060150419" project="LAO" informant="INF015" reel="4c" region="5" narrative="_N" label="Social Relations" state="OK" sex="F" age="47" age_level="2" education="3" town="Hominy" county="Osage" land_regions="D" locality="U" date="1962" latitude="36.41445" longitude="-96.3941" file_name="LAO(INF015)4c 05 Social Relations_N.mp3" path_to_file="LAP\Projects\LAO\Speakers\LAO(INF015)\Audio\LAO(INF015)4c\LAO(INF015)4c 05 Social Relations_N.mp3"/>
	<entry id="1060150420" project="LAO" informant="INF015" reel="4c" region="6" narrative="_N" label="Social Relations" state="OK" sex="F" age="47" age_level="2" education="3" town="Hominy" county="Osage" land_regions="D" locality="U" date="1962" latitude="36.41445" longitude="-96.3941" file_name="LAO(INF015)4c 06 Social Relations_N.mp3" path_to_file="LAP\Projects\LAO\Speakers\LAO(INF015)\Audio\LAO(INF015)4c\LAO(INF015)4c 06 Social Relations_N.mp3"/>
	<entry id="1060150421" project="LAO" informant="INF015" reel="4c" region="7" narrative="_N" label="Social Relations" state="OK" sex="F" age="47" age_level="2" education="3" town="Hominy" county="Osage" land_regions="D" locality="U" date="1962" latitude="36.41445" longitude="-96.3941" file_name="LAO(INF015)4c 07 Social Relations_N.mp3" path_to_file="LAP\Projects\LAO\Speakers\LAO(INF015)\Audio\LAO(INF015)4c\LAO(INF015)4c 07 Social Relations_N.mp3"/>
	<entry id="3060150403" project="LAO" informant="INF015" reel="4c" region="0" narrative="_I" label="Metadata" state="OK" sex="F" age="47" age_level="2" education="3" town="Hominy" county="Osage" land_regions="D" locality="U" date="1962" latitude="36.41445" longitude="-96.3941" file_name="LAO(INF015)4cmeta.txt" path_to_file="LAP\Projects\LAO\Speakers\LAO(INF015)\Audio\LAO(INF015)4c\LAO(INF015)4cmeta.txt"/>
	<entry id="1060150501" project="LAO" informant="INF015" reel="5a" region="1" narrative="_N" label="Public Institutions" state="OK" sex="F" age="47" age_level="2" education="3" town="Hominy" county="Osage" land_regions="D" locality="U" date="1962" latitude="36.41445" longitude="-96.3941" file_name="LAO(INF015)5a 01 Public Institutions_N.mp3" path_to_file="LAP\Projects\LAO\Speakers\LAO(INF015)\Audio\LAO(INF015)5a\LAO(INF015)5a 01 Public Institutions_N.mp3"/>
	<entry id="1060150502" project="LAO" informant="INF015" reel="5a" region="2" narrative="_N" label="Public Institutions" state="OK" sex="F" age="47" age_level="2" education="3" town="Hominy" county="Osage" land_regions="D" locality="U" date="1962" latitude="36.41445" longitude="-96.3941" file_name="LAO(INF015)5a 02 Public Institutions_N.mp3" path_to_file="LAP\Projects\LAO\Speakers\LAO(INF015)\Audio\LAO(INF015)5a\LAO(INF015)5a 02 Public Institutions_N.mp3"/>
	<entry id="1060150503" project="LAO" informant="INF015" reel="5a" region="3" narrative="_N" label="Domestic Animals" state="OK" sex="F" age="47" age_level="2" education="3" town="Hominy" county="Osage" land_regions="D" locality="U" date="1962" latitude="36.41445" longitude="-96.3941" file_name="LAO(INF015)5a 03 Domestic Animals_N.mp3" path_to_file="LAP\Projects\LAO\Speakers\LAO(INF015)\Audio\LAO(INF015)5a\LAO(INF015)5a 03 Domestic Animals_N.mp3"/>
	<entry id="1060150504" project="LAO" informant="INF015" reel="5a" region="4" narrative="_N" label="Illness and Death" state="OK" sex="F" age="47" age_level="2" education="3" town="Hominy" county="Osage" land_regions="D" locality="U" date="1962" latitude="36.41445" longitude="-96.3941" file_name="LAO(INF015)5a 04 Illness and Death_N.mp3" path_to_file="LAP\Projects\LAO\Speakers\LAO(INF015)\Audio\LAO(INF015)5a\LAO(INF015)5a 04 Illness and Death_N.mp3"/>
	<entry id="1060150505" project="LAO" informant="INF015" reel="5a" region="5" narrative="_N" label="Public Institutions" state="OK" sex="F" age="47" age_level="2" education="3" town="Hominy" county="Osage" land_regions="D" locality="U" date="1962" latitude="36.41445" longitude="-96.3941" file_name="LAO(INF015)5a 05 Public Institutions_N.mp3" path_to_file="LAP\Projects\LAO\Speakers\LAO(INF015)\Audio\LAO(INF015)5a\LAO(INF015)5a 05 Public Institutions_N.mp3"/>
	<entry id="1060150506" project="LAO" informant="INF015" reel="5a" region="6" narrative="_Q" label="Social Relations" state="OK" sex="F" age="47" age_level="2" education="3" town="Hominy" county="Osage" land_regions="D" locality="U" date="1962" latitude="36.41445" longitude="-96.3941" file_name="LAO(INF015)5a 06 Social Relations.mp3" path_to_file="LAP\Projects\LAO\Speakers\LAO(INF015)\Audio\LAO(INF015)5a\LAO(INF015)5a 06 Social Relations.mp3"/>
	<entry id="1060150507" project="LAO" informant="INF015" reel="5a" region="7" narrative="_Q" label="Geography" state="OK" sex="F" age="47" age_level="2" education="3" town="Hominy" county="Osage" land_regions="D" locality="U" date="1962" latitude="36.41445" longitude="-96.3941" file_name="LAO(INF015)5a 07 Geography.mp3" path_to_file="LAP\Projects\LAO\Speakers\LAO(INF015)\Audio\LAO(INF015)5a\LAO(INF015)5a 07 Geography.mp3"/>
	<entry id="3060150501" project="LAO" informant="INF015" reel="5a" region="0" narrative="_I" label="Metadata" state="OK" sex="F" age="47" age_level="2" education="3" town="Hominy" county="Osage" land_regions="D" locality="U" date="1962" latitude="36.41445" longitude="-96.3941" file_name="LAO(INF015)5ameta.txt" path_to_file="LAP\Projects\LAO\Speakers\LAO(INF015)\Audio\LAO(INF015)5a\LAO(INF015)5ameta.txt"/>
	<entry id="1060150508" project="LAO" informant="INF015" reel="5b" region="1" narrative="_Q" label="Geography" state="OK" sex="F" age="47" age_level="2" education="3" town="Hominy" county="Osage" land_regions="D" locality="U" date="1962" latitude="36.41445" longitude="-96.3941" file_name="LAO(INF015)5b 01 Geography.mp3" path_to_file="LAP\Projects\LAO\Speakers\LAO(INF015)\Audio\LAO(INF015)5b\LAO(INF015)5b 01 Geography.mp3"/>
	<entry id="1060150509" project="LAO" informant="INF015" reel="5b" region="2" narrative="_N" label="Prepositions" state="OK" sex="F" age="47" age_level="2" education="3" town="Hominy" county="Osage" land_regions="D" locality="U" date="1962" latitude="36.41445" longitude="-96.3941" file_name="LAO(INF015)5b 02 Prepositions_N.mp3" path_to_file="LAP\Projects\LAO\Speakers\LAO(INF015)\Audio\LAO(INF015)5b\LAO(INF015)5b 02 Prepositions_N.mp3"/>
	<entry id="1060150510" project="LAO" informant="INF015" reel="5b" region="3" narrative="_N" label="Illness and Death" state="OK" sex="F" age="47" age_level="2" education="3" town="Hominy" county="Osage" land_regions="D" locality="U" date="1962" latitude="36.41445" longitude="-96.3941" file_name="LAO(INF015)5b 03 Illness and Death_N.mp3" path_to_file="LAP\Projects\LAO\Speakers\LAO(INF015)\Audio\LAO(INF015)5b\LAO(INF015)5b 03 Illness and Death_N.mp3"/>
	<entry id="1060150511" project="LAO" informant="INF015" reel="5b" region="4" narrative="_N" label="Social Relations" state="OK" sex="F" age="47" age_level="2" education="3" town="Hominy" county="Osage" land_regions="D" locality="U" date="1962" latitude="36.41445" longitude="-96.3941" file_name="LAO(INF015)5b 04 Social Relations_N.mp3" path_to_file="LAP\Projects\LAO\Speakers\LAO(INF015)\Audio\LAO(INF015)5b\LAO(INF015)5b 04 Social Relations_N.mp3"/>
	<entry id="1060150512" project="LAO" informant="INF015" reel="5b" region="5" narrative="_N" label="Vehicles" state="OK" sex="F" age="47" age_level="2" education="3" town="Hominy" county="Osage" land_regions="D" locality="U" date="1962" latitude="36.41445" longitude="-96.3941" file_name="LAO(INF015)5b 05 Vehicles_N.mp3" path_to_file="LAP\Projects\LAO\Speakers\LAO(INF015)\Audio\LAO(INF015)5b\LAO(INF015)5b 05 Vehicles_N.mp3"/>
	<entry id="1060150513" project="LAO" informant="INF015" reel="5b" region="6" narrative="_N" label="Greetings and Salutations" state="OK" sex="F" age="47" age_level="2" education="3" town="Hominy" county="Osage" land_regions="D" locality="U" date="1962" latitude="36.41445" longitude="-96.3941" file_name="LAO(INF015)5b 06 Greetings and Salutations_N.mp3" path_to_file="LAP\Projects\LAO\Speakers\LAO(INF015)\Audio\LAO(INF015)5b\LAO(INF015)5b 06 Greetings and Salutations_N.mp3"/>
	<entry id="1060150514" project="LAO" informant="INF015" reel="5b" region="7" narrative="_Q" label="Business" state="OK" sex="F" age="47" age_level="2" education="3" town="Hominy" county="Osage" land_regions="D" locality="U" date="1962" latitude="36.41445" longitude="-96.3941" file_name="LAO(INF015)5b 07 Business.mp3" path_to_file="LAP\Projects\LAO\Speakers\LAO(INF015)\Audio\LAO(INF015)5b\LAO(INF015)5b 07 Business.mp3"/>
	<entry id="3060150502" project="LAO" informant="INF015" reel="5b" region="0" narrative="_I" label="Metadata" state="OK" sex="F" age="47" age_level="2" education="3" town="Hominy" county="Osage" land_regions="D" locality="U" date="1962" latitude="36.41445" longitude="-96.3941" file_name="LAO(INF015)5bmeta.txt" path_to_file="LAP\Projects\LAO\Speakers\LAO(INF015)\Audio\LAO(INF015)5b\LAO(INF015)5bmeta.txt"/>
	<entry id="1060150515" project="LAO" informant="INF015" reel="5c" region="1" narrative="_Q" label="Verbs_Principal Parts" state="OK" sex="F" age="47" age_level="2" education="3" town="Hominy" county="Osage" land_regions="D" locality="U" date="1962" latitude="36.41445" longitude="-96.3941" file_name="LAO(INF015)5c 01 Verbs_Principal Parts.mp3" path_to_file="LAP\Projects\LAO\Speakers\LAO(INF015)\Audio\LAO(INF015)5c\LAO(INF015)5c 01 Verbs_Principal Parts.mp3"/>
	<entry id="1060150516" project="LAO" informant="INF015" reel="5c" region="2" narrative="_Q" label="Sport and Play" state="OK" sex="F" age="47" age_level="2" education="3" town="Hominy" county="Osage" land_regions="D" locality="U" date="1962" latitude="36.41445" longitude="-96.3941" file_name="LAO(INF015)5c 02 Sport and Play.mp3" path_to_file="LAP\Projects\LAO\Speakers\LAO(INF015)\Audio\LAO(INF015)5c\LAO(INF015)5c 02 Sport and Play.mp3"/>
	<entry id="1060150517" project="LAO" informant="INF015" reel="5c" region="3" narrative="_Q" label="Verbs_Principal Parts" state="OK" sex="F" age="47" age_level="2" education="3" town="Hominy" county="Osage" land_regions="D" locality="U" date="1962" latitude="36.41445" longitude="-96.3941" file_name="LAO(INF015)5c 03 Verbs_Principal Parts.mp3" path_to_file="LAP\Projects\LAO\Speakers\LAO(INF015)\Audio\LAO(INF015)5c\LAO(INF015)5c 03 Verbs_Principal Parts.mp3"/>
	<entry id="1060150518" project="LAO" informant="INF015" reel="5c" region="4" narrative="_Q" label="Personal Characteristics" state="OK" sex="F" age="47" age_level="2" education="3" town="Hominy" county="Osage" land_regions="D" locality="U" date="1962" latitude="36.41445" longitude="-96.3941" file_name="LAO(INF015)5c 04 Personal Characteristics.mp3" path_to_file="LAP\Projects\LAO\Speakers\LAO(INF015)\Audio\LAO(INF015)5c\LAO(INF015)5c 04 Personal Characteristics.mp3"/>
	<entry id="1060150519" project="LAO" informant="INF015" reel="5c" region="5" narrative="_N" label="Dwellings" state="OK" sex="F" age="47" age_level="2" education="3" town="Hominy" county="Osage" land_regions="D" locality="U" date="1962" latitude="36.41445" longitude="-96.3941" file_name="LAO(INF015)5c 05 Dwellings_N.mp3" path_to_file="LAP\Projects\LAO\Speakers\LAO(INF015)\Audio\LAO(INF015)5c\LAO(INF015)5c 05 Dwellings_N.mp3"/>
	<entry id="1060150520" project="LAO" informant="INF015" reel="5c" region="6" narrative="_Q" label="Numerals" state="OK" sex="F" age="47" age_level="2" education="3" town="Hominy" county="Osage" land_regions="D" locality="U" date="1962" latitude="36.41445" longitude="-96.3941" file_name="LAO(INF015)5c 06 Numerals.mp3" path_to_file="LAP\Projects\LAO\Speakers\LAO(INF015)\Audio\LAO(INF015)5c\LAO(INF015)5c 06 Numerals.mp3"/>
	<entry id="1060150521" project="LAO" informant="INF015" reel="5c" region="7" narrative="_Q" label="Time" state="OK" sex="F" age="47" age_level="2" education="3" town="Hominy" county="Osage" land_regions="D" locality="U" date="1962" latitude="36.41445" longitude="-96.3941" file_name="LAO(INF015)5c 07 Time.mp3" path_to_file="LAP\Projects\LAO\Speakers\LAO(INF015)\Audio\LAO(INF015)5c\LAO(INF015)5c 07 Time.mp3"/>
	<entry id="1060150522" project="LAO" informant="INF015" reel="5c" region="8" narrative="_N" label="Weather" state="OK" sex="F" age="47" age_level="2" education="3" town="Hominy" county="Osage" land_regions="D" locality="U" date="1962" latitude="36.41445" longitude="-96.3941" file_name="LAO(INF015)5c 08 Weather_N.mp3" path_to_file="LAP\Projects\LAO\Speakers\LAO(INF015)\Audio\LAO(INF015)5c\LAO(INF015)5c 08 Weather_N.mp3"/>
	<entry id="3060150503" project="LAO" informant="INF015" reel="5c" region="0" narrative="_I" label="Metadata" state="OK" sex="F" age="47" age_level="2" education="3" town="Hominy" county="Osage" land_regions="D" locality="U" date="1962" latitude="36.41445" longitude="-96.3941" file_name="LAO(INF015)5cmeta.txt" path_to_file="LAP\Projects\LAO\Speakers\LAO(INF015)\Audio\LAO(INF015)5c\LAO(INF015)5cmeta.txt"/>
	<entry id="1060150601" project="LAO" informant="INF015" reel="6a" region="1" narrative="_Q" label="Weather" state="OK" sex="F" age="47" age_level="2" education="3" town="Hominy" county="Osage" land_regions="D" locality="U" date="1962" latitude="36.41445" longitude="-96.3941" file_name="LAO(INF015)6a 01 Weather.mp3" path_to_file="LAP\Projects\LAO\Speakers\LAO(INF015)\Audio\LAO(INF015)6a\LAO(INF015)6a 01 Weather.mp3"/>
	<entry id="1060150602" project="LAO" informant="INF015" reel="6a" region="2" narrative="_N" label="Weather" state="OK" sex="F" age="47" age_level="2" education="3" town="Hominy" county="Osage" land_regions="D" locality="U" date="1962" latitude="36.41445" longitude="-96.3941" file_name="LAO(INF015)6a 02 Weather_N.mp3" path_to_file="LAP\Projects\LAO\Speakers\LAO(INF015)\Audio\LAO(INF015)6a\LAO(INF015)6a 02 Weather_N.mp3"/>
	<entry id="1060150603" project="LAO" informant="INF015" reel="6a" region="3" narrative="_N" label="Geography" state="OK" sex="F" age="47" age_level="2" education="3" town="Hominy" county="Osage" land_regions="D" locality="U" date="1962" latitude="36.41445" longitude="-96.3941" file_name="LAO(INF015)6a 03 Geography_N.mp3" path_to_file="LAP\Projects\LAO\Speakers\LAO(INF015)\Audio\LAO(INF015)6a\LAO(INF015)6a 03 Geography_N.mp3"/>
	<entry id="1060150604" project="LAO" informant="INF015" reel="6a" region="4" narrative="_N" label="Weather" state="OK" sex="F" age="47" age_level="2" education="3" town="Hominy" county="Osage" land_regions="D" locality="U" date="1962" latitude="36.41445" longitude="-96.3941" file_name="LAO(INF015)6a 04 Weather_N.mp3" path_to_file="LAP\Projects\LAO\Speakers\LAO(INF015)\Audio\LAO(INF015)6a\LAO(INF015)6a 04 Weather_N.mp3"/>
	<entry id="1060150605" project="LAO" informant="INF015" reel="6a" region="5" narrative="_N" label="Dwellings" state="OK" sex="F" age="47" age_level="2" education="3" town="Hominy" county="Osage" land_regions="D" locality="U" date="1962" latitude="36.41445" longitude="-96.3941" file_name="LAO(INF015)6a 05 Dwellings_N.mp3" path_to_file="LAP\Projects\LAO\Speakers\LAO(INF015)\Audio\LAO(INF015)6a\LAO(INF015)6a 05 Dwellings_N.mp3"/>
	<entry id="1060150606" project="LAO" informant="INF015" reel="6a" region="6" narrative="_N" label="Containers and Utensils" state="OK" sex="F" age="47" age_level="2" education="3" town="Hominy" county="Osage" land_regions="D" locality="U" date="1962" latitude="36.41445" longitude="-96.3941" file_name="LAO(INF015)6a 06 Containers and Utensils_N.mp3" path_to_file="LAP\Projects\LAO\Speakers\LAO(INF015)\Audio\LAO(INF015)6a\LAO(INF015)6a 06 Containers and Utensils_N.mp3"/>
	<entry id="1060150607" project="LAO" informant="INF015" reel="6a" region="7" narrative="_Q" label="Adverbs" state="OK" sex="F" age="47" age_level="2" education="3" town="Hominy" county="Osage" land_regions="D" locality="U" date="1962" latitude="36.41445" longitude="-96.3941" file_name="LAO(INF015)6a 07 Adverbs.mp3" path_to_file="LAP\Projects\LAO\Speakers\LAO(INF015)\Audio\LAO(INF015)6a\LAO(INF015)6a 07 Adverbs.mp3"/>
	<entry id="3060150601" project="LAO" informant="INF015" reel="6a" region="0" narrative="_I" label="Metadata" state="OK" sex="F" age="47" age_level="2" education="3" town="Hominy" county="Osage" land_regions="D" locality="U" date="1962" latitude="36.41445" longitude="-96.3941" file_name="LAO(INF015)6ameta.txt" path_to_file="LAP\Projects\LAO\Speakers\LAO(INF015)\Audio\LAO(INF015)6a\LAO(INF015)6ameta.txt"/>
	<entry id="1060150608" project="LAO" informant="INF015" reel="6b" region="1" narrative="_Q" label="Pronouns" state="OK" sex="F" age="47" age_level="2" education="3" town="Hominy" county="Osage" land_regions="D" locality="U" date="1962" latitude="36.41445" longitude="-96.3941" file_name="LAO(INF015)6b 01 Pronouns.mp3" path_to_file="LAP\Projects\LAO\Speakers\LAO(INF015)\Audio\LAO(INF015)6b\LAO(INF015)6b 01 Pronouns.mp3"/>
	<entry id="1060150609" project="LAO" informant="INF015" reel="6b" region="2" narrative="_Q" label="Verbs_Principal Parts" state="OK" sex="F" age="47" age_level="2" education="3" town="Hominy" county="Osage" land_regions="D" locality="U" date="1962" latitude="36.41445" longitude="-96.3941" file_name="LAO(INF015)6b 02 Verbs_Principal Parts.mp3" path_to_file="LAP\Projects\LAO\Speakers\LAO(INF015)\Audio\LAO(INF015)6b\LAO(INF015)6b 02 Verbs_Principal Parts.mp3"/>
	<entry id="1060150610" project="LAO" informant="INF015" reel="6b" region="3" narrative="_Q" label="Wild Animals" state="OK" sex="F" age="47" age_level="2" education="3" town="Hominy" county="Osage" land_regions="D" locality="U" date="1962" latitude="36.41445" longitude="-96.3941" file_name="LAO(INF015)6b 03 Wild Animals.mp3" path_to_file="LAP\Projects\LAO\Speakers\LAO(INF015)\Audio\LAO(INF015)6b\LAO(INF015)6b 03 Wild Animals.mp3"/>
	<entry id="1060150611" project="LAO" informant="INF015" reel="6b" region="4" narrative="_Q" label="Social Relations" state="OK" sex="F" age="47" age_level="2" education="3" town="Hominy" county="Osage" land_regions="D" locality="U" date="1962" latitude="36.41445" longitude="-96.3941" file_name="LAO(INF015)6b 04 Social Relations.mp3" path_to_file="LAP\Projects\LAO\Speakers\LAO(INF015)\Audio\LAO(INF015)6b\LAO(INF015)6b 04 Social Relations.mp3"/>
	<entry id="1060150612" project="LAO" informant="INF015" reel="6b" region="5" narrative="_Q" label="Vehicles" state="OK" sex="F" age="47" age_level="2" education="3" town="Hominy" county="Osage" land_regions="D" locality="U" date="1962" latitude="36.41445" longitude="-96.3941" file_name="LAO(INF015)6b 05 Vehicles.mp3" path_to_file="LAP\Projects\LAO\Speakers\LAO(INF015)\Audio\LAO(INF015)6b\LAO(INF015)6b 05 Vehicles.mp3"/>
	<entry id="1060150613" project="LAO" informant="INF015" reel="6b" region="6" narrative="_Q" label="Family" state="OK" sex="F" age="47" age_level="2" education="3" town="Hominy" county="Osage" land_regions="D" locality="U" date="1962" latitude="36.41445" longitude="-96.3941" file_name="LAO(INF015)6b 06 Family.mp3" path_to_file="LAP\Projects\LAO\Speakers\LAO(INF015)\Audio\LAO(INF015)6b\LAO(INF015)6b 06 Family.mp3"/>
	<entry id="1060150614" project="LAO" informant="INF015" reel="6b" region="7" narrative="_Q" label="Family" state="OK" sex="F" age="47" age_level="2" education="3" town="Hominy" county="Osage" land_regions="D" locality="U" date="1962" latitude="36.41445" longitude="-96.3941" file_name="LAO(INF015)6b 07 Family.mp3" path_to_file="LAP\Projects\LAO\Speakers\LAO(INF015)\Audio\LAO(INF015)6b\LAO(INF015)6b 07 Family.mp3"/>
	<entry id="1060150615" project="LAO" informant="INF015" reel="6b" region="8" narrative="_Q" label="Interviewer" state="OK" sex="F" age="47" age_level="2" education="3" town="Hominy" county="Osage" land_regions="D" locality="U" date="1962" latitude="36.41445" longitude="-96.3941" file_name="LAO(INF015)6b 08 Interviewer.mp3" path_to_file="LAP\Projects\LAO\Speakers\LAO(INF015)\Audio\LAO(INF015)6b\LAO(INF015)6b 08 Interviewer.mp3"/>
	<entry id="3060150602" project="LAO" informant="INF015" reel="6b" region="0" narrative="_I" label="Metadata" state="OK" sex="F" age="47" age_level="2" education="3" town="Hominy" county="Osage" land_regions="D" locality="U" date="1962" latitude="36.41445" longitude="-96.3941" file_name="LAO(INF015)6bmeta.txt" path_to_file="LAP\Projects\LAO\Speakers\LAO(INF015)\Audio\LAO(INF015)6b\LAO(INF015)6bmeta.txt"/>
	<entry id="3060150001" project="LAO" informant="INF015" reel="0" region="0" narrative="_I" label="Biographical Information" state="OK" sex="F" age="47" age_level="2" education="3" town="Hominy" county="Osage" land_regions="D" locality="U" date="1962" latitude="36.41445" longitude="-96.3941" file_name="LAO(INF015)BIO.txt" path_to_file="LAP\Projects\LAO\Speakers\LAO(INF015)\Text\LAO(INF015)BIO.txt"/>
</Audio>