<?xml version="1.0" encoding="UTF-8" standalone="yes"?>
<Audio>
	<entry id="1060310101" project="LAO" informant="INF031" reel="1a" region="1" narrative="_Q" label="Public Institutions" state="OK" sex="M " age="71" age_level="3" education="2" town="Pawhuska" county="Osage" land_regions="D" locality="U" date="1962" file_name="LAO(INF031)1a 01 Public Institutions.mp3" path_to_file="LAP\Projects\LAO\Speakers\LAO(INF031)\Audio\LAO(INF031)1a\LAO(INF031)1a 01 Public Institutions.mp3"/>
	<entry id="1060310102" project="LAO" informant="INF031" reel="1a" region="2" narrative="_Q" label="Food and Cooking" state="OK" sex="M " age="71" age_level="3" education="2" town="Pawhuska" county="Osage" land_regions="D" locality="U" date="1962" file_name="LAO(INF031)1a 02 Food and Cooking.mp3" path_to_file="LAP\Projects\LAO\Speakers\LAO(INF031)\Audio\LAO(INF031)1a\LAO(INF031)1a 02 Food and Cooking.mp3"/>
	<entry id="1060310103" project="LAO" informant="INF031" reel="1a" region="3" narrative="_Q" label="Food and Cooking" state="OK" sex="M " age="71" age_level="3" education="2" town="Pawhuska" county="Osage" land_regions="D" locality="U" date="1962" file_name="LAO(INF031)1a 03 Food and Cooking.mp3" path_to_file="LAP\Projects\LAO\Speakers\LAO(INF031)\Audio\LAO(INF031)1a\LAO(INF031)1a 03 Food and Cooking.mp3"/>
	<entry id="1060310104" project="LAO" informant="INF031" reel="1a" region="4" narrative="_Q" label="Containers and Utensils" state="OK" sex="M " age="71" age_level="3" education="2" town="Pawhuska" county="Osage" land_regions="D" locality="U" date="1962" file_name="LAO(INF031)1a 04 Containers and Utensils.mp3" path_to_file="LAP\Projects\LAO\Speakers\LAO(INF031)\Audio\LAO(INF031)1a\LAO(INF031)1a 04 Containers and Utensils.mp3"/>
	<entry id="1060310105" project="LAO" informant="INF031" reel="1a" region="5" narrative="_Q" label="Dwellings" state="OK" sex="M " age="71" age_level="3" education="2" town="Pawhuska" county="Osage" land_regions="D" locality="U" date="1962" file_name="LAO(INF031)1a 05 Dwellings.mp3" path_to_file="LAP\Projects\LAO\Speakers\LAO(INF031)\Audio\LAO(INF031)1a\LAO(INF031)1a 05 Dwellings.mp3"/>
	<entry id="1060310106" project="LAO" informant="INF031" reel="1a" region="6" narrative="_Q" label="Vehicles" state="OK" sex="M " age="71" age_level="3" education="2" town="Pawhuska" county="Osage" land_regions="D" locality="U" date="1962" file_name="LAO(INF031)1a 06 Vehicles.mp3" path_to_file="LAP\Projects\LAO\Speakers\LAO(INF031)\Audio\LAO(INF031)1a\LAO(INF031)1a 06 Vehicles.mp3"/>
	<entry id="1060310107" project="LAO" informant="INF031" reel="1a" region="7" narrative="_Q" label="Containers and Utensils" state="OK" sex="M " age="71" age_level="3" education="2" town="Pawhuska" county="Osage" land_regions="D" locality="U" date="1962" file_name="LAO(INF031)1a 07 Containers and Utensils.mp3" path_to_file="LAP\Projects\LAO\Speakers\LAO(INF031)\Audio\LAO(INF031)1a\LAO(INF031)1a 07 Containers and Utensils.mp3"/>
	<entry id="1060310108" project="LAO" informant="INF031" reel="1a" region="8" narrative="_Q" label="Vehicles" state="OK" sex="M " age="71" age_level="3" education="2" town="Pawhuska" county="Osage" land_regions="D" locality="U" date="1962" file_name="LAO(INF031)1a 08 Vehicles.mp3" path_to_file="LAP\Projects\LAO\Speakers\LAO(INF031)\Audio\LAO(INF031)1a\LAO(INF031)1a 08 Vehicles.mp3"/>
	<entry id="3060310101" project="LAO" informant="INF031" reel="1a" region="0" narrative="_I" label="Metadata" state="OK" sex="M " age="71" age_level="3" education="2" town="Pawhuska" county="Osage" land_regions="D" locality="U" date="1962" file_name="LAO(INF031)1ameta.txt" path_to_file="LAP\Projects\LAO\Speakers\LAO(INF031)\Audio\LAO(INF031)1a\LAO(INF031)1ameta.txt"/>
	<entry id="1060310109" project="LAO" informant="INF031" reel="1b" region="1" narrative="_Q" label="Dwellings" state="OK" sex="M " age="71" age_level="3" education="2" town="Pawhuska" county="Osage" land_regions="D" locality="U" date="1962" file_name="LAO(INF031)1b 01 Dwellings.mp3" path_to_file="LAP\Projects\LAO\Speakers\LAO(INF031)\Audio\LAO(INF031)1b\LAO(INF031)1b 01 Dwellings.mp3"/>
	<entry id="1060310110" project="LAO" informant="INF031" reel="1b" region="2" narrative="_Q" label="The Farm" state="OK" sex="M " age="71" age_level="3" education="2" town="Pawhuska" county="Osage" land_regions="D" locality="U" date="1962" file_name="LAO(INF031)1b 02 The Farm.mp3" path_to_file="LAP\Projects\LAO\Speakers\LAO(INF031)\Audio\LAO(INF031)1b\LAO(INF031)1b 02 The Farm.mp3"/>
	<entry id="1060310111" project="LAO" informant="INF031" reel="1b" region="3" narrative="_Q" label="Agriculture" state="OK" sex="M " age="71" age_level="3" education="2" town="Pawhuska" county="Osage" land_regions="D" locality="U" date="1962" file_name="LAO(INF031)1b 03 Agriculture.mp3" path_to_file="LAP\Projects\LAO\Speakers\LAO(INF031)\Audio\LAO(INF031)1b\LAO(INF031)1b 03 Agriculture.mp3"/>
	<entry id="1060310112" project="LAO" informant="INF031" reel="1b" region="4" narrative="_Q" label="The Farm" state="OK" sex="M " age="71" age_level="3" education="2" town="Pawhuska" county="Osage" land_regions="D" locality="U" date="1962" file_name="LAO(INF031)1b 04 The Farm.mp3" path_to_file="LAP\Projects\LAO\Speakers\LAO(INF031)\Audio\LAO(INF031)1b\LAO(INF031)1b 04 The Farm.mp3"/>
	<entry id="1060310113" project="LAO" informant="INF031" reel="1b" region="5" narrative="_Q" label="The Farm" state="OK" sex="M " age="71" age_level="3" education="2" town="Pawhuska" county="Osage" land_regions="D" locality="U" date="1962" file_name="LAO(INF031)1b 05 The Farm.mp3" path_to_file="LAP\Projects\LAO\Speakers\LAO(INF031)\Audio\LAO(INF031)1b\LAO(INF031)1b 05 The Farm.mp3"/>
	<entry id="1060310114" project="LAO" informant="INF031" reel="1b" region="6" narrative="_Q" label="Containers and Utensils" state="OK" sex="M " age="71" age_level="3" education="2" town="Pawhuska" county="Osage" land_regions="D" locality="U" date="1962" file_name="LAO(INF031)1b 06 Containers and Utensils.mp3" path_to_file="LAP\Projects\LAO\Speakers\LAO(INF031)\Audio\LAO(INF031)1b\LAO(INF031)1b 06 Containers and Utensils.mp3"/>
	<entry id="1060310115" project="LAO" informant="INF031" reel="1b" region="7" narrative="_Q" label="Calls to Animals" state="OK" sex="M " age="71" age_level="3" education="2" town="Pawhuska" county="Osage" land_regions="D" locality="U" date="1962" file_name="LAO(INF031)1b 07 Calls to Animals.mp3" path_to_file="LAP\Projects\LAO\Speakers\LAO(INF031)\Audio\LAO(INF031)1b\LAO(INF031)1b 07 Calls to Animals.mp3"/>
	<entry id="3060310102" project="LAO" informant="INF031" reel="1b" region="0" narrative="_I" label="Metadata" state="OK" sex="M " age="71" age_level="3" education="2" town="Pawhuska" county="Osage" land_regions="D" locality="U" date="1962" file_name="LAO(INF031)1bmeta.txt" path_to_file="LAP\Projects\LAO\Speakers\LAO(INF031)\Audio\LAO(INF031)1b\LAO(INF031)1bmeta.txt"/>
	<entry id="1060310201" project="LAO" informant="INF031" reel="2a" region="1" narrative="_Q" label="Social Relations" state="OK" sex="M " age="71" age_level="3" education="2" town="Pawhuska" county="Osage" land_regions="D" locality="U" date="1962" file_name="LAO(INF031)2a 01 Social Relations.mp3" path_to_file="LAP\Projects\LAO\Speakers\LAO(INF031)\Audio\LAO(INF031)2a\LAO(INF031)2a 01 Social Relations.mp3"/>
	<entry id="1060310202" project="LAO" informant="INF031" reel="2a" region="2" narrative="_Q" label="Vehicles" state="OK" sex="M " age="71" age_level="3" education="2" town="Pawhuska" county="Osage" land_regions="D" locality="U" date="1962" file_name="LAO(INF031)2a 02 Vehicles.mp3" path_to_file="LAP\Projects\LAO\Speakers\LAO(INF031)\Audio\LAO(INF031)2a\LAO(INF031)2a 02 Vehicles.mp3"/>
	<entry id="1060310203" project="LAO" informant="INF031" reel="2a" region="3" narrative="_Q" label="Sport and Play" state="OK" sex="M " age="71" age_level="3" education="2" town="Pawhuska" county="Osage" land_regions="D" locality="U" date="1962" file_name="LAO(INF031)2a 03 Sport and Play.mp3" path_to_file="LAP\Projects\LAO\Speakers\LAO(INF031)\Audio\LAO(INF031)2a\LAO(INF031)2a 03 Sport and Play.mp3"/>
	<entry id="1060310204" project="LAO" informant="INF031" reel="2a" region="4" narrative="_Q" label="Containers and Utensils" state="OK" sex="M " age="71" age_level="3" education="2" town="Pawhuska" county="Osage" land_regions="D" locality="U" date="1962" file_name="LAO(INF031)2a 04 Containers and Utensils.mp3" path_to_file="LAP\Projects\LAO\Speakers\LAO(INF031)\Audio\LAO(INF031)2a\LAO(INF031)2a 04 Containers and Utensils.mp3"/>
	<entry id="1060310205" project="LAO" informant="INF031" reel="2a" region="5" narrative="_Q" label="Containers and Utensils" state="OK" sex="M " age="71" age_level="3" education="2" town="Pawhuska" county="Osage" land_regions="D" locality="U" date="1962" file_name="LAO(INF031)2a 05 Containers and Utensils.mp3" path_to_file="LAP\Projects\LAO\Speakers\LAO(INF031)\Audio\LAO(INF031)2a\LAO(INF031)2a 05 Containers and Utensils.mp3"/>
	<entry id="1060310206" project="LAO" informant="INF031" reel="2a" region="6" narrative="_Q" label="Containers and Utensils" state="OK" sex="M " age="71" age_level="3" education="2" town="Pawhuska" county="Osage" land_regions="D" locality="U" date="1962" file_name="LAO(INF031)2a 06 Containers and Utensils.mp3" path_to_file="LAP\Projects\LAO\Speakers\LAO(INF031)\Audio\LAO(INF031)2a\LAO(INF031)2a 06 Containers and Utensils.mp3"/>
	<entry id="1060310207" project="LAO" informant="INF031" reel="2a" region="7" narrative="_Q" label="Clothing" state="OK" sex="M " age="71" age_level="3" education="2" town="Pawhuska" county="Osage" land_regions="D" locality="U" date="1962" file_name="LAO(INF031)2a 07 Clothing.mp3" path_to_file="LAP\Projects\LAO\Speakers\LAO(INF031)\Audio\LAO(INF031)2a\LAO(INF031)2a 07 Clothing.mp3"/>
	<entry id="3060310201" project="LAO" informant="INF031" reel="2a" region="0" narrative="_I" label="Metadata" state="OK" sex="M " age="71" age_level="3" education="2" town="Pawhuska" county="Osage" land_regions="D" locality="U" date="1962" file_name="LAO(INF031)2ameta.txt" path_to_file="LAP\Projects\LAO\Speakers\LAO(INF031)\Audio\LAO(INF031)2a\LAO(INF031)2ameta.txt"/>
	<entry id="1060310208" project="LAO" informant="INF031" reel="2b" region="1" narrative="_Q" label="Social Relations" state="OK" sex="M " age="71" age_level="3" education="2" town="Pawhuska" county="Osage" land_regions="D" locality="U" date="1962" file_name="LAO(INF031)2b 01 Social Relations.mp3" path_to_file="LAP\Projects\LAO\Speakers\LAO(INF031)\Audio\LAO(INF031)2b\LAO(INF031)2b 01 Social Relations.mp3"/>
	<entry id="1060310209" project="LAO" informant="INF031" reel="2b" region="2" narrative="_Q" label="Vehicles" state="OK" sex="M " age="71" age_level="3" education="2" town="Pawhuska" county="Osage" land_regions="D" locality="U" date="1962" file_name="LAO(INF031)2b 02 Vehicles.mp3" path_to_file="LAP\Projects\LAO\Speakers\LAO(INF031)\Audio\LAO(INF031)2b\LAO(INF031)2b 02 Vehicles.mp3"/>
	<entry id="1060310210" project="LAO" informant="INF031" reel="2b" region="3" narrative="_Q" label="Trees and Shrubs" state="OK" sex="M " age="71" age_level="3" education="2" town="Pawhuska" county="Osage" land_regions="D" locality="U" date="1962" file_name="LAO(INF031)2b 03 Trees and Shrubs.mp3" path_to_file="LAP\Projects\LAO\Speakers\LAO(INF031)\Audio\LAO(INF031)2b\LAO(INF031)2b 03 Trees and Shrubs.mp3"/>
	<entry id="1060310211" project="LAO" informant="INF031" reel="2b" region="4" narrative="_Q" label="Vegetables" state="OK" sex="M " age="71" age_level="3" education="2" town="Pawhuska" county="Osage" land_regions="D" locality="U" date="1962" file_name="LAO(INF031)2b 04 Vegetables.mp3" path_to_file="LAP\Projects\LAO\Speakers\LAO(INF031)\Audio\LAO(INF031)2b\LAO(INF031)2b 04 Vegetables.mp3"/>
	<entry id="1060310212" project="LAO" informant="INF031" reel="2b" region="5" narrative="_Q" label="Wild Animals" state="OK" sex="M " age="71" age_level="3" education="2" town="Pawhuska" county="Osage" land_regions="D" locality="U" date="1962" file_name="LAO(INF031)2b 05 Wild Animals.mp3" path_to_file="LAP\Projects\LAO\Speakers\LAO(INF031)\Audio\LAO(INF031)2b\LAO(INF031)2b 05 Wild Animals.mp3"/>
	<entry id="1060310213" project="LAO" informant="INF031" reel="2b" region="6" narrative="_Q" label="Topography" state="OK" sex="M " age="71" age_level="3" education="2" town="Pawhuska" county="Osage" land_regions="D" locality="U" date="1962" file_name="LAO(INF031)2b 06 Topography.mp3" path_to_file="LAP\Projects\LAO\Speakers\LAO(INF031)\Audio\LAO(INF031)2b\LAO(INF031)2b 06 Topography.mp3"/>
	<entry id="1060310214" project="LAO" informant="INF031" reel="2b" region="7" narrative="_Q" label="Wild Animals" state="OK" sex="M " age="71" age_level="3" education="2" town="Pawhuska" county="Osage" land_regions="D" locality="U" date="1962" file_name="LAO(INF031)2b 07 Wild Animals.mp3" path_to_file="LAP\Projects\LAO\Speakers\LAO(INF031)\Audio\LAO(INF031)2b\LAO(INF031)2b 07 Wild Animals.mp3"/>
	<entry id="3060310202" project="LAO" informant="INF031" reel="2b" region="0" narrative="_I" label="Metadata" state="OK" sex="M " age="71" age_level="3" education="2" town="Pawhuska" county="Osage" land_regions="D" locality="U" date="1962" file_name="LAO(INF031)2bmeta.txt" path_to_file="LAP\Projects\LAO\Speakers\LAO(INF031)\Audio\LAO(INF031)2b\LAO(INF031)2bmeta.txt"/>
	<entry id="1060310215" project="LAO" informant="INF031" reel="2c" region="1" narrative="_Q" label="Geography" state="OK" sex="M " age="71" age_level="3" education="2" town="Pawhuska" county="Osage" land_regions="D" locality="U" date="1962" file_name="LAO(INF031)2c 01 Geography.mp3" path_to_file="LAP\Projects\LAO\Speakers\LAO(INF031)\Audio\LAO(INF031)2c\LAO(INF031)2c 01 Geography.mp3"/>
	<entry id="1060310216" project="LAO" informant="INF031" reel="2c" region="2" narrative="_Q" label="Verbs_Principal Parts" state="OK" sex="M " age="71" age_level="3" education="2" town="Pawhuska" county="Osage" land_regions="D" locality="U" date="1962" file_name="LAO(INF031)2c 02 Verbs_Principal Parts.mp3" path_to_file="LAP\Projects\LAO\Speakers\LAO(INF031)\Audio\LAO(INF031)2c\LAO(INF031)2c 02 Verbs_Principal Parts.mp3"/>
	<entry id="1060310217" project="LAO" informant="INF031" reel="2c" region="3" narrative="_Q" label="Domestic Animals" state="OK" sex="M " age="71" age_level="3" education="2" town="Pawhuska" county="Osage" land_regions="D" locality="U" date="1962" file_name="LAO(INF031)2c 03 Domestic Animals.mp3" path_to_file="LAP\Projects\LAO\Speakers\LAO(INF031)\Audio\LAO(INF031)2c\LAO(INF031)2c 03 Domestic Animals.mp3"/>
	<entry id="1060310218" project="LAO" informant="INF031" reel="2c" region="4" narrative="_Q" label="Illness and Death" state="OK" sex="M " age="71" age_level="3" education="2" town="Pawhuska" county="Osage" land_regions="D" locality="U" date="1962" file_name="LAO(INF031)2c 04 Illness and Death.mp3" path_to_file="LAP\Projects\LAO\Speakers\LAO(INF031)\Audio\LAO(INF031)2c\LAO(INF031)2c 04 Illness and Death.mp3"/>
	<entry id="1060310219" project="LAO" informant="INF031" reel="2c" region="5" narrative="_Q" label="Wild Animals" state="OK" sex="M " age="71" age_level="3" education="2" town="Pawhuska" county="Osage" land_regions="D" locality="U" date="1962" file_name="LAO(INF031)2c 05 Wild Animals.mp3" path_to_file="LAP\Projects\LAO\Speakers\LAO(INF031)\Audio\LAO(INF031)2c\LAO(INF031)2c 05 Wild Animals.mp3"/>
	<entry id="1060310220" project="LAO" informant="INF031" reel="2c" region="6" narrative="_Q" label="Domestic Animals" state="OK" sex="M " age="71" age_level="3" education="2" town="Pawhuska" county="Osage" land_regions="D" locality="U" date="1962" file_name="LAO(INF031)2c 06 Domestic Animals.mp3" path_to_file="LAP\Projects\LAO\Speakers\LAO(INF031)\Audio\LAO(INF031)2c\LAO(INF031)2c 06 Domestic Animals.mp3"/>
	<entry id="1060310221" project="LAO" informant="INF031" reel="2c" region="7" narrative="_Q" label="Domestic Animals" state="OK" sex="M " age="71" age_level="3" education="2" town="Pawhuska" county="Osage" land_regions="D" locality="U" date="1962" file_name="LAO(INF031)2c 07 Domestic Animals.mp3" path_to_file="LAP\Projects\LAO\Speakers\LAO(INF031)\Audio\LAO(INF031)2c\LAO(INF031)2c 07 Domestic Animals.mp3"/>
	<entry id="3060310203" project="LAO" informant="INF031" reel="2c" region="0" narrative="_I" label="Metadata" state="OK" sex="M " age="71" age_level="3" education="2" town="Pawhuska" county="Osage" land_regions="D" locality="U" date="1962" file_name="LAO(INF031)2cmeta.txt" path_to_file="LAP\Projects\LAO\Speakers\LAO(INF031)\Audio\LAO(INF031)2c\LAO(INF031)2cmeta.txt"/>
	<entry id="1060310301" project="LAO" informant="INF031" reel="3b" region="1" narrative="_Q" label="Domestic Animals" state="OK" sex="M " age="71" age_level="3" education="2" town="Pawhuska" county="Osage" land_regions="D" locality="U" date="1962" file_name="LAO(INF031)3b 01 Domestic Animals.mp3" path_to_file="LAP\Projects\LAO\Speakers\LAO(INF031)\Audio\LAO(INF031)3b\LAO(INF031)3b 01 Domestic Animals.mp3"/>
	<entry id="1060310302" project="LAO" informant="INF031" reel="3b" region="2" narrative="_Q" label="Vehicles" state="OK" sex="M " age="71" age_level="3" education="2" town="Pawhuska" county="Osage" land_regions="D" locality="U" date="1962" file_name="LAO(INF031)3b 02 Vehicles.mp3" path_to_file="LAP\Projects\LAO\Speakers\LAO(INF031)\Audio\LAO(INF031)3b\LAO(INF031)3b 02 Vehicles.mp3"/>
	<entry id="1060310303" project="LAO" informant="INF031" reel="3b" region="3" narrative="_Q" label="Vehicles" state="OK" sex="M " age="71" age_level="3" education="2" town="Pawhuska" county="Osage" land_regions="D" locality="U" date="1962" file_name="LAO(INF031)3b 03 Vehicles.mp3" path_to_file="LAP\Projects\LAO\Speakers\LAO(INF031)\Audio\LAO(INF031)3b\LAO(INF031)3b 03 Vehicles.mp3"/>
	<entry id="1060310304" project="LAO" informant="INF031" reel="3b" region="4" narrative="_Q" label="Agriculture" state="OK" sex="M " age="71" age_level="3" education="2" town="Pawhuska" county="Osage" land_regions="D" locality="U" date="1962" file_name="LAO(INF031)3b 04 Agriculture.mp3" path_to_file="LAP\Projects\LAO\Speakers\LAO(INF031)\Audio\LAO(INF031)3b\LAO(INF031)3b 04 Agriculture.mp3"/>
	<entry id="1060310305" project="LAO" informant="INF031" reel="3b" region="5" narrative="_Q" label="Vehicles" state="OK" sex="M " age="71" age_level="3" education="2" town="Pawhuska" county="Osage" land_regions="D" locality="U" date="1962" file_name="LAO(INF031)3b 05 Vehicles.mp3" path_to_file="LAP\Projects\LAO\Speakers\LAO(INF031)\Audio\LAO(INF031)3b\LAO(INF031)3b 05 Vehicles.mp3"/>
	<entry id="1060310306" project="LAO" informant="INF031" reel="3b" region="6" narrative="_Q" label="Food and Cooking" state="OK" sex="M " age="71" age_level="3" education="2" town="Pawhuska" county="Osage" land_regions="D" locality="U" date="1962" file_name="LAO(INF031)3b 06 Food and Cooking.mp3" path_to_file="LAP\Projects\LAO\Speakers\LAO(INF031)\Audio\LAO(INF031)3b\LAO(INF031)3b 06 Food and Cooking.mp3"/>
	<entry id="1060310307" project="LAO" informant="INF031" reel="3b" region="7" narrative="_Q" label="Food and Cooking" state="OK" sex="M " age="71" age_level="3" education="2" town="Pawhuska" county="Osage" land_regions="D" locality="U" date="1962" file_name="LAO(INF031)3b 07 Food and Cooking.mp3" path_to_file="LAP\Projects\LAO\Speakers\LAO(INF031)\Audio\LAO(INF031)3b\LAO(INF031)3b 07 Food and Cooking.mp3"/>
	<entry id="3060310301" project="LAO" informant="INF031" reel="3b" region="0" narrative="_I" label="Metadata" state="OK" sex="M " age="71" age_level="3" education="2" town="Pawhuska" county="Osage" land_regions="D" locality="U" date="1962" file_name="LAO(INF031)3bmeta.txt" path_to_file="LAP\Projects\LAO\Speakers\LAO(INF031)\Audio\LAO(INF031)3b\LAO(INF031)3bmeta.txt"/>
	<entry id="1060310308" project="LAO" informant="INF031" reel="3c" region="1" narrative="_Q" label="Food and Cooking" state="OK" sex="M " age="71" age_level="3" education="2" town="Pawhuska" county="Osage" land_regions="D" locality="U" date="1962" file_name="LAO(INF031)3c 01 Food and Cooking.mp3" path_to_file="LAP\Projects\LAO\Speakers\LAO(INF031)\Audio\LAO(INF031)3c\LAO(INF031)3c 01 Food and Cooking.mp3"/>
	<entry id="1060310309" project="LAO" informant="INF031" reel="3c" region="2" narrative="_Q" label="Food and Cooking" state="OK" sex="M " age="71" age_level="3" education="2" town="Pawhuska" county="Osage" land_regions="D" locality="U" date="1962" file_name="LAO(INF031)3c 02 Food and Cooking.mp3" path_to_file="LAP\Projects\LAO\Speakers\LAO(INF031)\Audio\LAO(INF031)3c\LAO(INF031)3c 02 Food and Cooking.mp3"/>
	<entry id="1060310310" project="LAO" informant="INF031" reel="3c" region="3" narrative="_Q" label="Food and Cooking" state="OK" sex="M " age="71" age_level="3" education="2" town="Pawhuska" county="Osage" land_regions="D" locality="U" date="1962" file_name="LAO(INF031)3c 03 Food and Cooking.mp3" path_to_file="LAP\Projects\LAO\Speakers\LAO(INF031)\Audio\LAO(INF031)3c\LAO(INF031)3c 03 Food and Cooking.mp3"/>
	<entry id="1060310311" project="LAO" informant="INF031" reel="3c" region="4" narrative="_Q" label="Food and Cooking" state="OK" sex="M " age="71" age_level="3" education="2" town="Pawhuska" county="Osage" land_regions="D" locality="U" date="1962" file_name="LAO(INF031)3c 04 Food and Cooking.mp3" path_to_file="LAP\Projects\LAO\Speakers\LAO(INF031)\Audio\LAO(INF031)3c\LAO(INF031)3c 04 Food and Cooking.mp3"/>
	<entry id="1060310312" project="LAO" informant="INF031" reel="3c" region="5" narrative="_Q" label="Verbs_Be, Have, Do" state="OK" sex="M " age="71" age_level="3" education="2" town="Pawhuska" county="Osage" land_regions="D" locality="U" date="1962" file_name="LAO(INF031)3c 05 Verbs_Be, Have, Do.mp3" path_to_file="LAP\Projects\LAO\Speakers\LAO(INF031)\Audio\LAO(INF031)3c\LAO(INF031)3c 05 Verbs_Be, Have, Do.mp3"/>
	<entry id="1060310313" project="LAO" informant="INF031" reel="3c" region="6" narrative="_Q" label="Food and Cooking" state="OK" sex="M " age="71" age_level="3" education="2" town="Pawhuska" county="Osage" land_regions="D" locality="U" date="1962" file_name="LAO(INF031)3c 06 Food and Cooking.mp3" path_to_file="LAP\Projects\LAO\Speakers\LAO(INF031)\Audio\LAO(INF031)3c\LAO(INF031)3c 06 Food and Cooking.mp3"/>
	<entry id="1060310314" project="LAO" informant="INF031" reel="3c" region="7" narrative="_Q" label="Numerals" state="OK" sex="M " age="71" age_level="3" education="2" town="Pawhuska" county="Osage" land_regions="D" locality="U" date="1962" file_name="LAO(INF031)3c 07 Numerals.mp3" path_to_file="LAP\Projects\LAO\Speakers\LAO(INF031)\Audio\LAO(INF031)3c\LAO(INF031)3c 07 Numerals.mp3"/>
	<entry id="3060310302" project="LAO" informant="INF031" reel="3c" region="0" narrative="_I" label="Metadata" state="OK" sex="M " age="71" age_level="3" education="2" town="Pawhuska" county="Osage" land_regions="D" locality="U" date="1962" file_name="LAO(INF031)3cmeta.txt" path_to_file="LAP\Projects\LAO\Speakers\LAO(INF031)\Audio\LAO(INF031)3c\LAO(INF031)3cmeta.txt"/>
	<entry id="1060310401" project="LAO" informant="INF031" reel="4a" region="1" narrative="_Q" label="Vegetables" state="OK" sex="M " age="71" age_level="3" education="2" town="Pawhuska" county="Osage" land_regions="D" locality="U" date="1962" file_name="LAO(INF031)4a 01 Vegetables.mp3" path_to_file="LAP\Projects\LAO\Speakers\LAO(INF031)\Audio\LAO(INF031)4a\LAO(INF031)4a 01 Vegetables.mp3"/>
	<entry id="1060310402" project="LAO" informant="INF031" reel="4a" region="2" narrative="_Q" label="Vegetables" state="OK" sex="M " age="71" age_level="3" education="2" town="Pawhuska" county="Osage" land_regions="D" locality="U" date="1962" file_name="LAO(INF031)4a 02 Vegetables.mp3" path_to_file="LAP\Projects\LAO\Speakers\LAO(INF031)\Audio\LAO(INF031)4a\LAO(INF031)4a 02 Vegetables.mp3"/>
	<entry id="1060310403" project="LAO" informant="INF031" reel="4a" region="3" narrative="_Q" label="Agriculture" state="OK" sex="M " age="71" age_level="3" education="2" town="Pawhuska" county="Osage" land_regions="D" locality="U" date="1962" file_name="LAO(INF031)4a 03 Agriculture.mp3" path_to_file="LAP\Projects\LAO\Speakers\LAO(INF031)\Audio\LAO(INF031)4a\LAO(INF031)4a 03 Agriculture.mp3"/>
	<entry id="1060310404" project="LAO" informant="INF031" reel="4a" region="4" narrative="_Q" label="Vegetables" state="OK" sex="M " age="71" age_level="3" education="2" town="Pawhuska" county="Osage" land_regions="D" locality="U" date="1962" file_name="LAO(INF031)4a 04 Vegetables.mp3" path_to_file="LAP\Projects\LAO\Speakers\LAO(INF031)\Audio\LAO(INF031)4a\LAO(INF031)4a 04 Vegetables.mp3"/>
	<entry id="1060310405" project="LAO" informant="INF031" reel="4a" region="5" narrative="_Q" label="Vegetables" state="OK" sex="M " age="71" age_level="3" education="2" town="Pawhuska" county="Osage" land_regions="D" locality="U" date="1962" file_name="LAO(INF031)4a 05 Vegetables.mp3" path_to_file="LAP\Projects\LAO\Speakers\LAO(INF031)\Audio\LAO(INF031)4a\LAO(INF031)4a 05 Vegetables.mp3"/>
	<entry id="1060310406" project="LAO" informant="INF031" reel="4a" region="6" narrative="_Q" label="Vegetables" state="OK" sex="M " age="71" age_level="3" education="2" town="Pawhuska" county="Osage" land_regions="D" locality="U" date="1962" file_name="LAO(INF031)4a 06 Vegetables.mp3" path_to_file="LAP\Projects\LAO\Speakers\LAO(INF031)\Audio\LAO(INF031)4a\LAO(INF031)4a 06 Vegetables.mp3"/>
	<entry id="1060310407" project="LAO" informant="INF031" reel="4a" region="7" narrative="_Q" label="Vegetables" state="OK" sex="M " age="71" age_level="3" education="2" town="Pawhuska" county="Osage" land_regions="D" locality="U" date="1962" file_name="LAO(INF031)4a 07 Vegetables.mp3" path_to_file="LAP\Projects\LAO\Speakers\LAO(INF031)\Audio\LAO(INF031)4a\LAO(INF031)4a 07 Vegetables.mp3"/>
	<entry id="3060310401" project="LAO" informant="INF031" reel="4a" region="0" narrative="_I" label="Metadata" state="OK" sex="M " age="71" age_level="3" education="2" town="Pawhuska" county="Osage" land_regions="D" locality="U" date="1962" file_name="LAO(INF031)4ameta.txt" path_to_file="LAP\Projects\LAO\Speakers\LAO(INF031)\Audio\LAO(INF031)4a\LAO(INF031)4ameta.txt"/>
	<entry id="1060310408" project="LAO" informant="INF031" reel="4b" region="1" narrative="_Q" label="Wild Animals" state="OK" sex="M " age="71" age_level="3" education="2" town="Pawhuska" county="Osage" land_regions="D" locality="U" date="1962" file_name="LAO(INF031)4b 01 Wild Animals.mp3" path_to_file="LAP\Projects\LAO\Speakers\LAO(INF031)\Audio\LAO(INF031)4b\LAO(INF031)4b 01 Wild Animals.mp3"/>
	<entry id="1060310409" project="LAO" informant="INF031" reel="4b" region="2" narrative="_Q" label="Wild Animals" state="OK" sex="M " age="71" age_level="3" education="2" town="Pawhuska" county="Osage" land_regions="D" locality="U" date="1962" file_name="LAO(INF031)4b 02 Wild Animals.mp3" path_to_file="LAP\Projects\LAO\Speakers\LAO(INF031)\Audio\LAO(INF031)4b\LAO(INF031)4b 02 Wild Animals.mp3"/>
	<entry id="1060310410" project="LAO" informant="INF031" reel="4b" region="3" narrative="_Q" label="Domestic Animals" state="OK" sex="M " age="71" age_level="3" education="2" town="Pawhuska" county="Osage" land_regions="D" locality="U" date="1962" file_name="LAO(INF031)4b 03 Domestic Animals.mp3" path_to_file="LAP\Projects\LAO\Speakers\LAO(INF031)\Audio\LAO(INF031)4b\LAO(INF031)4b 03 Domestic Animals.mp3"/>
	<entry id="1060310411" project="LAO" informant="INF031" reel="4b" region="4" narrative="_Q" label="Domestic Animals" state="OK" sex="M " age="71" age_level="3" education="2" town="Pawhuska" county="Osage" land_regions="D" locality="U" date="1962" file_name="LAO(INF031)4b 04 Domestic Animals.mp3" path_to_file="LAP\Projects\LAO\Speakers\LAO(INF031)\Audio\LAO(INF031)4b\LAO(INF031)4b 04 Domestic Animals.mp3"/>
	<entry id="1060310412" project="LAO" informant="INF031" reel="4b" region="5" narrative="_Q" label="Wild Animals" state="OK" sex="M " age="71" age_level="3" education="2" town="Pawhuska" county="Osage" land_regions="D" locality="U" date="1962" file_name="LAO(INF031)4b 05 Wild Animals.mp3" path_to_file="LAP\Projects\LAO\Speakers\LAO(INF031)\Audio\LAO(INF031)4b\LAO(INF031)4b 05 Wild Animals.mp3"/>
	<entry id="1060310413" project="LAO" informant="INF031" reel="4b" region="6" narrative="_Q" label="Wild Animals" state="OK" sex="M " age="71" age_level="3" education="2" town="Pawhuska" county="Osage" land_regions="D" locality="U" date="1962" file_name="LAO(INF031)4b 06 Wild Animals.mp3" path_to_file="LAP\Projects\LAO\Speakers\LAO(INF031)\Audio\LAO(INF031)4b\LAO(INF031)4b 06 Wild Animals.mp3"/>
	<entry id="1060310414" project="LAO" informant="INF031" reel="4b" region="7" narrative="_Q" label="Wild Animals" state="OK" sex="M " age="71" age_level="3" education="2" town="Pawhuska" county="Osage" land_regions="D" locality="U" date="1962" file_name="LAO(INF031)4b 07 Wild Animals.mp3" path_to_file="LAP\Projects\LAO\Speakers\LAO(INF031)\Audio\LAO(INF031)4b\LAO(INF031)4b 07 Wild Animals.mp3"/>
	<entry id="3060310402" project="LAO" informant="INF031" reel="4b" region="0" narrative="_I" label="Metadata" state="OK" sex="M " age="71" age_level="3" education="2" town="Pawhuska" county="Osage" land_regions="D" locality="U" date="1962" file_name="LAO(INF031)4bmeta.txt" path_to_file="LAP\Projects\LAO\Speakers\LAO(INF031)\Audio\LAO(INF031)4b\LAO(INF031)4bmeta.txt"/>
	<entry id="1060310415" project="LAO" informant="INF031" reel="4c" region="1" narrative="_Q" label="Wild Animals" state="OK" sex="M " age="71" age_level="3" education="2" town="Pawhuska" county="Osage" land_regions="D" locality="U" date="1962" file_name="LAO(INF031)4c 01 Wild Animals.mp3" path_to_file="LAP\Projects\LAO\Speakers\LAO(INF031)\Audio\LAO(INF031)4c\LAO(INF031)4c 01 Wild Animals.mp3"/>
	<entry id="1060310416" project="LAO" informant="INF031" reel="4c" region="2" narrative="_Q" label="Trees and Shrubs" state="OK" sex="M " age="71" age_level="3" education="2" town="Pawhuska" county="Osage" land_regions="D" locality="U" date="1962" file_name="LAO(INF031)4c 02 Trees and Shrubs.mp3" path_to_file="LAP\Projects\LAO\Speakers\LAO(INF031)\Audio\LAO(INF031)4c\LAO(INF031)4c 02 Trees and Shrubs.mp3"/>
	<entry id="1060310417" project="LAO" informant="INF031" reel="4c" region="3" narrative="_Q" label="Family" state="OK" sex="M " age="71" age_level="3" education="2" town="Pawhuska" county="Osage" land_regions="D" locality="U" date="1962" file_name="LAO(INF031)4c 03 Family.mp3" path_to_file="LAP\Projects\LAO\Speakers\LAO(INF031)\Audio\LAO(INF031)4c\LAO(INF031)4c 03 Family.mp3"/>
	<entry id="1060310418" project="LAO" informant="INF031" reel="4c" region="4" narrative="_Q" label="Names, Titles and Occupations" state="OK" sex="M " age="71" age_level="3" education="2" town="Pawhuska" county="Osage" land_regions="D" locality="U" date="1962" file_name="LAO(INF031)4c 04 Names, Titles and Occupations.mp3" path_to_file="LAP\Projects\LAO\Speakers\LAO(INF031)\Audio\LAO(INF031)4c\LAO(INF031)4c 04 Names, Titles and Occupations.mp3"/>
	<entry id="1060310419" project="LAO" informant="INF031" reel="4c" region="5" narrative="_Q" label="Names, Titles and Occupations" state="OK" sex="M " age="71" age_level="3" education="2" town="Pawhuska" county="Osage" land_regions="D" locality="U" date="1962" file_name="LAO(INF031)4c 05 Names, Titles and Occupations.mp3" path_to_file="LAP\Projects\LAO\Speakers\LAO(INF031)\Audio\LAO(INF031)4c\LAO(INF031)4c 05 Names, Titles and Occupations.mp3"/>
	<entry id="1060310420" project="LAO" informant="INF031" reel="4c" region="6" narrative="_Q" label="Names, Titles and Occupations" state="OK" sex="M " age="71" age_level="3" education="2" town="Pawhuska" county="Osage" land_regions="D" locality="U" date="1962" file_name="LAO(INF031)4c 06 Names, Titles and Occupations.mp3" path_to_file="LAP\Projects\LAO\Speakers\LAO(INF031)\Audio\LAO(INF031)4c\LAO(INF031)4c 06 Names, Titles and Occupations.mp3"/>
	<entry id="1060310421" project="LAO" informant="INF031" reel="4c" region="7" narrative="_Q" label="Names, Titles and Occupations" state="OK" sex="M " age="71" age_level="3" education="2" town="Pawhuska" county="Osage" land_regions="D" locality="U" date="1962" file_name="LAO(INF031)4c 07 Names, Titles and Occupations.mp3" path_to_file="LAP\Projects\LAO\Speakers\LAO(INF031)\Audio\LAO(INF031)4c\LAO(INF031)4c 07 Names, Titles and Occupations.mp3"/>
	<entry id="3060310403" project="LAO" informant="INF031" reel="4c" region="0" narrative="_I" label="Metadata" state="OK" sex="M " age="71" age_level="3" education="2" town="Pawhuska" county="Osage" land_regions="D" locality="U" date="1962" file_name="LAO(INF031)4cmeta.txt" path_to_file="LAP\Projects\LAO\Speakers\LAO(INF031)\Audio\LAO(INF031)4c\LAO(INF031)4cmeta.txt"/>
	<entry id="1060310501" project="LAO" informant="INF031" reel="5a" region="1" narrative="_Q" label="Names, Titles and Occupations" state="OK" sex="M " age="71" age_level="3" education="2" town="Pawhuska" county="Osage" land_regions="D" locality="U" date="1962" file_name="LAO(INF031)5a 01 Names, Titles and Occupations.mp3" path_to_file="LAP\Projects\LAO\Speakers\LAO(INF031)\Audio\LAO(INF031)5a\LAO(INF031)5a 01 Names, Titles and Occupations.mp3"/>
	<entry id="1060310502" project="LAO" informant="INF031" reel="5a" region="2" narrative="_Q" label="Body Parts" state="OK" sex="M " age="71" age_level="3" education="2" town="Pawhuska" county="Osage" land_regions="D" locality="U" date="1962" file_name="LAO(INF031)5a 02 Body Parts.mp3" path_to_file="LAP\Projects\LAO\Speakers\LAO(INF031)\Audio\LAO(INF031)5a\LAO(INF031)5a 02 Body Parts.mp3"/>
	<entry id="1060310503" project="LAO" informant="INF031" reel="5a" region="3" narrative="_Q" label="Personal Characteristics" state="OK" sex="M " age="71" age_level="3" education="2" town="Pawhuska" county="Osage" land_regions="D" locality="U" date="1962" file_name="LAO(INF031)5a 03 Personal Characteristics.mp3" path_to_file="LAP\Projects\LAO\Speakers\LAO(INF031)\Audio\LAO(INF031)5a\LAO(INF031)5a 03 Personal Characteristics.mp3"/>
	<entry id="1060310504" project="LAO" informant="INF031" reel="5a" region="4" narrative="_Q" label="Personal Characteristics" state="OK" sex="M " age="71" age_level="3" education="2" town="Pawhuska" county="Osage" land_regions="D" locality="U" date="1962" file_name="LAO(INF031)5a 04 Personal Characteristics.mp3" path_to_file="LAP\Projects\LAO\Speakers\LAO(INF031)\Audio\LAO(INF031)5a\LAO(INF031)5a 04 Personal Characteristics.mp3"/>
	<entry id="1060310505" project="LAO" informant="INF031" reel="5a" region="5" narrative="_Q" label="Illness and Death" state="OK" sex="M " age="71" age_level="3" education="2" town="Pawhuska" county="Osage" land_regions="D" locality="U" date="1962" file_name="LAO(INF031)5a 05 Illness and Death.mp3" path_to_file="LAP\Projects\LAO\Speakers\LAO(INF031)\Audio\LAO(INF031)5a\LAO(INF031)5a 05 Illness and Death.mp3"/>
	<entry id="1060310506" project="LAO" informant="INF031" reel="5a" region="6" narrative="_Q" label="Illness and Death" state="OK" sex="M " age="71" age_level="3" education="2" town="Pawhuska" county="Osage" land_regions="D" locality="U" date="1962" file_name="LAO(INF031)5a 06 Illness and Death.mp3" path_to_file="LAP\Projects\LAO\Speakers\LAO(INF031)\Audio\LAO(INF031)5a\LAO(INF031)5a 06 Illness and Death.mp3"/>
	<entry id="1060310507" project="LAO" informant="INF031" reel="5a" region="7" narrative="_Q" label="Illness and Death" state="OK" sex="M " age="71" age_level="3" education="2" town="Pawhuska" county="Osage" land_regions="D" locality="U" date="1962" file_name="LAO(INF031)5a 07 Illness and Death.mp3" path_to_file="LAP\Projects\LAO\Speakers\LAO(INF031)\Audio\LAO(INF031)5a\LAO(INF031)5a 07 Illness and Death.mp3"/>
	<entry id="3060310501" project="LAO" informant="INF031" reel="5a" region="0" narrative="_I" label="Metadata" state="OK" sex="M " age="71" age_level="3" education="2" town="Pawhuska" county="Osage" land_regions="D" locality="U" date="1962" file_name="LAO(INF031)5ameta.txt" path_to_file="LAP\Projects\LAO\Speakers\LAO(INF031)\Audio\LAO(INF031)5a\LAO(INF031)5ameta.txt"/>
	<entry id="1060310508" project="LAO" informant="INF031" reel="5b" region="1" narrative="_Q" label="Illness and Death" state="OK" sex="M " age="71" age_level="3" education="2" town="Pawhuska" county="Osage" land_regions="D" locality="U" date="1962" file_name="LAO(INF031)5b 01 Illness and Death.mp3" path_to_file="LAP\Projects\LAO\Speakers\LAO(INF031)\Audio\LAO(INF031)5b\LAO(INF031)5b 01 Illness and Death.mp3"/>
	<entry id="1060310509" project="LAO" informant="INF031" reel="5b" region="2" narrative="_Q" label="Illness and Death" state="OK" sex="M " age="71" age_level="3" education="2" town="Pawhuska" county="Osage" land_regions="D" locality="U" date="1962" file_name="LAO(INF031)5b 02 Illness and Death.mp3" path_to_file="LAP\Projects\LAO\Speakers\LAO(INF031)\Audio\LAO(INF031)5b\LAO(INF031)5b 02 Illness and Death.mp3"/>
	<entry id="1060310510" project="LAO" informant="INF031" reel="5b" region="3" narrative="_Q" label="Names, Titles and Occupations" state="OK" sex="M " age="71" age_level="3" education="2" town="Pawhuska" county="Osage" land_regions="D" locality="U" date="1962" file_name="LAO(INF031)5b 03 Names, Titles and Occupations.mp3" path_to_file="LAP\Projects\LAO\Speakers\LAO(INF031)\Audio\LAO(INF031)5b\LAO(INF031)5b 03 Names, Titles and Occupations.mp3"/>
	<entry id="1060310511" project="LAO" informant="INF031" reel="5b" region="4" narrative="_Q" label="Illness and Death" state="OK" sex="M " age="71" age_level="3" education="2" town="Pawhuska" county="Osage" land_regions="D" locality="U" date="1962" file_name="LAO(INF031)5b 04 Illness and Death.mp3" path_to_file="LAP\Projects\LAO\Speakers\LAO(INF031)\Audio\LAO(INF031)5b\LAO(INF031)5b 04 Illness and Death.mp3"/>
	<entry id="1060310512" project="LAO" informant="INF031" reel="5b" region="5" narrative="_Q" label="Public Institutions" state="OK" sex="M " age="71" age_level="3" education="2" town="Pawhuska" county="Osage" land_regions="D" locality="U" date="1962" file_name="LAO(INF031)5b 05 Public Institutions.mp3" path_to_file="LAP\Projects\LAO\Speakers\LAO(INF031)\Audio\LAO(INF031)5b\LAO(INF031)5b 05 Public Institutions.mp3"/>
	<entry id="1060310513" project="LAO" informant="INF031" reel="5b" region="6" narrative="_Q" label="Public Institutions" state="OK" sex="M " age="71" age_level="3" education="2" town="Pawhuska" county="Osage" land_regions="D" locality="U" date="1962" file_name="LAO(INF031)5b 06 Public Institutions.mp3" path_to_file="LAP\Projects\LAO\Speakers\LAO(INF031)\Audio\LAO(INF031)5b\LAO(INF031)5b 06 Public Institutions.mp3"/>
	<entry id="1060310514" project="LAO" informant="INF031" reel="5b" region="7" narrative="_Q" label="Geography" state="OK" sex="M " age="71" age_level="3" education="2" town="Pawhuska" county="Osage" land_regions="D" locality="U" date="1962" file_name="LAO(INF031)5b 07 Geography.mp3" path_to_file="LAP\Projects\LAO\Speakers\LAO(INF031)\Audio\LAO(INF031)5b\LAO(INF031)5b 07 Geography.mp3"/>
	<entry id="3060310502" project="LAO" informant="INF031" reel="5b" region="0" narrative="_I" label="Metadata" state="OK" sex="M " age="71" age_level="3" education="2" town="Pawhuska" county="Osage" land_regions="D" locality="U" date="1962" file_name="LAO(INF031)5bmeta.txt" path_to_file="LAP\Projects\LAO\Speakers\LAO(INF031)\Audio\LAO(INF031)5b\LAO(INF031)5bmeta.txt"/>
	<entry id="1060310515" project="LAO" informant="INF031" reel="5c" region="1" narrative="_Q" label="Geography" state="OK" sex="M " age="71" age_level="3" education="2" town="Pawhuska" county="Osage" land_regions="D" locality="U" date="1962" file_name="LAO(INF031)5c 01 Geography.mp3" path_to_file="LAP\Projects\LAO\Speakers\LAO(INF031)\Audio\LAO(INF031)5c\LAO(INF031)5c 01 Geography.mp3"/>
	<entry id="1060310516" project="LAO" informant="INF031" reel="5c" region="2" narrative="_Q" label="Geography" state="OK" sex="M " age="71" age_level="3" education="2" town="Pawhuska" county="Osage" land_regions="D" locality="U" date="1962" file_name="LAO(INF031)5c 02 Geography.mp3" path_to_file="LAP\Projects\LAO\Speakers\LAO(INF031)\Audio\LAO(INF031)5c\LAO(INF031)5c 02 Geography.mp3"/>
	<entry id="1060310517" project="LAO" informant="INF031" reel="5c" region="3" narrative="_Q" label="Geography" state="OK" sex="M " age="71" age_level="3" education="2" town="Pawhuska" county="Osage" land_regions="D" locality="U" date="1962" file_name="LAO(INF031)5c 03 Geography.mp3" path_to_file="LAP\Projects\LAO\Speakers\LAO(INF031)\Audio\LAO(INF031)5c\LAO(INF031)5c 03 Geography.mp3"/>
	<entry id="1060310518" project="LAO" informant="INF031" reel="5c" region="4" narrative="_Q" label="Religion" state="OK" sex="M " age="71" age_level="3" education="2" town="Pawhuska" county="Osage" land_regions="D" locality="U" date="1962" file_name="LAO(INF031)5c 04 Religion.mp3" path_to_file="LAP\Projects\LAO\Speakers\LAO(INF031)\Audio\LAO(INF031)5c\LAO(INF031)5c 04 Religion.mp3"/>
	<entry id="1060310519" project="LAO" informant="INF031" reel="5c" region="5" narrative="_Q" label="Affirmations and Interjections" state="OK" sex="M " age="71" age_level="3" education="2" town="Pawhuska" county="Osage" land_regions="D" locality="U" date="1962" file_name="LAO(INF031)5c 05 Affirmations and Interjections.mp3" path_to_file="LAP\Projects\LAO\Speakers\LAO(INF031)\Audio\LAO(INF031)5c\LAO(INF031)5c 05 Affirmations and Interjections.mp3"/>
	<entry id="1060310520" project="LAO" informant="INF031" reel="5c" region="6" narrative="_Q" label="Personal Characteristics" state="OK" sex="M " age="71" age_level="3" education="2" town="Pawhuska" county="Osage" land_regions="D" locality="U" date="1962" file_name="LAO(INF031)5c 06 Personal Characteristics.mp3" path_to_file="LAP\Projects\LAO\Speakers\LAO(INF031)\Audio\LAO(INF031)5c\LAO(INF031)5c 06 Personal Characteristics.mp3"/>
	<entry id="1060310521" project="LAO" informant="INF031" reel="5c" region="7" narrative="_Q" label="Illness and Death" state="OK" sex="M " age="71" age_level="3" education="2" town="Pawhuska" county="Osage" land_regions="D" locality="U" date="1962" file_name="LAO(INF031)5c 07 Illness and Death.mp3" path_to_file="LAP\Projects\LAO\Speakers\LAO(INF031)\Audio\LAO(INF031)5c\LAO(INF031)5c 07 Illness and Death.mp3"/>
	<entry id="1060310522" project="LAO" informant="INF031" reel="5c" region="8" narrative="_Q" label="Verbs_Principal Parts" state="OK" sex="M " age="71" age_level="3" education="2" town="Pawhuska" county="Osage" land_regions="D" locality="U" date="1962" file_name="LAO(INF031)5c 08 Verbs_Principal Parts.mp3" path_to_file="LAP\Projects\LAO\Speakers\LAO(INF031)\Audio\LAO(INF031)5c\LAO(INF031)5c 08 Verbs_Principal Parts.mp3"/>
	<entry id="3060310503" project="LAO" informant="INF031" reel="5c" region="0" narrative="_I" label="Metadata" state="OK" sex="M " age="71" age_level="3" education="2" town="Pawhuska" county="Osage" land_regions="D" locality="U" date="1962" file_name="LAO(INF031)5cmeta.txt" path_to_file="LAP\Projects\LAO\Speakers\LAO(INF031)\Audio\LAO(INF031)5c\LAO(INF031)5cmeta.txt"/>
	<entry id="1060310601" project="LAO" informant="INF031" reel="6a" region="1" narrative="_Q" label="Sport and Play" state="OK" sex="M " age="71" age_level="3" education="2" town="Pawhuska" county="Osage" land_regions="D" locality="U" date="1962" file_name="LAO(INF031)6a 01 Sport and Play.mp3" path_to_file="LAP\Projects\LAO\Speakers\LAO(INF031)\Audio\LAO(INF031)6a\LAO(INF031)6a 01 Sport and Play.mp3"/>
	<entry id="1060310602" project="LAO" informant="INF031" reel="6a" region="2" narrative="_Q" label="Sport and Play" state="OK" sex="M " age="71" age_level="3" education="2" town="Pawhuska" county="Osage" land_regions="D" locality="U" date="1962" file_name="LAO(INF031)6a 02 Sport and Play.mp3" path_to_file="LAP\Projects\LAO\Speakers\LAO(INF031)\Audio\LAO(INF031)6a\LAO(INF031)6a 02 Sport and Play.mp3"/>
	<entry id="1060310603" project="LAO" informant="INF031" reel="6a" region="3" narrative="_Q" label="Affirmations and Interjections" state="OK" sex="M " age="71" age_level="3" education="2" town="Pawhuska" county="Osage" land_regions="D" locality="U" date="1962" file_name="LAO(INF031)6a 03 Affirmations and Interjections.mp3" path_to_file="LAP\Projects\LAO\Speakers\LAO(INF031)\Audio\LAO(INF031)6a\LAO(INF031)6a 03 Affirmations and Interjections.mp3"/>
	<entry id="1060310604" project="LAO" informant="INF031" reel="6a" region="4" narrative="_Q" label="Public Institutions" state="OK" sex="M " age="71" age_level="3" education="2" town="Pawhuska" county="Osage" land_regions="D" locality="U" date="1962" file_name="LAO(INF031)6a 04 Public Institutions.mp3" path_to_file="LAP\Projects\LAO\Speakers\LAO(INF031)\Audio\LAO(INF031)6a\LAO(INF031)6a 04 Public Institutions.mp3"/>
	<entry id="1060310605" project="LAO" informant="INF031" reel="6a" region="5" narrative="_Q" label="Adverbs" state="OK" sex="M " age="71" age_level="3" education="2" town="Pawhuska" county="Osage" land_regions="D" locality="U" date="1962" file_name="LAO(INF031)6a 05 Adverbs.mp3" path_to_file="LAP\Projects\LAO\Speakers\LAO(INF031)\Audio\LAO(INF031)6a\LAO(INF031)6a 05 Adverbs.mp3"/>
	<entry id="1060310606" project="LAO" informant="INF031" reel="6a" region="6" narrative="_Q" label="Calls to Animals" state="OK" sex="M " age="71" age_level="3" education="2" town="Pawhuska" county="Osage" land_regions="D" locality="U" date="1962" file_name="LAO(INF031)6a 06 Calls to Animals.mp3" path_to_file="LAP\Projects\LAO\Speakers\LAO(INF031)\Audio\LAO(INF031)6a\LAO(INF031)6a 06 Calls to Animals.mp3"/>
	<entry id="1060310607" project="LAO" informant="INF031" reel="6a" region="7" narrative="_Q" label="Time" state="OK" sex="M " age="71" age_level="3" education="2" town="Pawhuska" county="Osage" land_regions="D" locality="U" date="1962" file_name="LAO(INF031)6a 07 Time.mp3" path_to_file="LAP\Projects\LAO\Speakers\LAO(INF031)\Audio\LAO(INF031)6a\LAO(INF031)6a 07 Time.mp3"/>
	<entry id="3060310601" project="LAO" informant="INF031" reel="6a" region="0" narrative="_I" label="Metadata" state="OK" sex="M " age="71" age_level="3" education="2" town="Pawhuska" county="Osage" land_regions="D" locality="U" date="1962" file_name="LAO(INF031)6ameta.txt" path_to_file="LAP\Projects\LAO\Speakers\LAO(INF031)\Audio\LAO(INF031)6a\LAO(INF031)6ameta.txt"/>
	<entry id="1060310608" project="LAO" informant="INF031" reel="6b" region="1" narrative="_Q" label="Time" state="OK" sex="M " age="71" age_level="3" education="2" town="Pawhuska" county="Osage" land_regions="D" locality="U" date="1962" file_name="LAO(INF031)6b 01 Time.mp3" path_to_file="LAP\Projects\LAO\Speakers\LAO(INF031)\Audio\LAO(INF031)6b\LAO(INF031)6b 01 Time.mp3"/>
	<entry id="1060310609" project="LAO" informant="INF031" reel="6b" region="2" narrative="_Q" label="Weather" state="OK" sex="M " age="71" age_level="3" education="2" town="Pawhuska" county="Osage" land_regions="D" locality="U" date="1962" file_name="LAO(INF031)6b 02 Weather.mp3" path_to_file="LAP\Projects\LAO\Speakers\LAO(INF031)\Audio\LAO(INF031)6b\LAO(INF031)6b 02 Weather.mp3"/>
	<entry id="1060310610" project="LAO" informant="INF031" reel="6b" region="3" narrative="_Q" label="Weather" state="OK" sex="M " age="71" age_level="3" education="2" town="Pawhuska" county="Osage" land_regions="D" locality="U" date="1962" file_name="LAO(INF031)6b 03 Weather.mp3" path_to_file="LAP\Projects\LAO\Speakers\LAO(INF031)\Audio\LAO(INF031)6b\LAO(INF031)6b 03 Weather.mp3"/>
	<entry id="1060310611" project="LAO" informant="INF031" reel="6b" region="4" narrative="_Q" label="Weather" state="OK" sex="M " age="71" age_level="3" education="2" town="Pawhuska" county="Osage" land_regions="D" locality="U" date="1962" file_name="LAO(INF031)6b 04 Weather.mp3" path_to_file="LAP\Projects\LAO\Speakers\LAO(INF031)\Audio\LAO(INF031)6b\LAO(INF031)6b 04 Weather.mp3"/>
	<entry id="1060310612" project="LAO" informant="INF031" reel="6b" region="5" narrative="_Q" label="Names, Titles and Occupations" state="OK" sex="M " age="71" age_level="3" education="2" town="Pawhuska" county="Osage" land_regions="D" locality="U" date="1962" file_name="LAO(INF031)6b 05 Names, Titles and Occupations.mp3" path_to_file="LAP\Projects\LAO\Speakers\LAO(INF031)\Audio\LAO(INF031)6b\LAO(INF031)6b 05 Names, Titles and Occupations.mp3"/>
	<entry id="1060310613" project="LAO" informant="INF031" reel="6b" region="6" narrative="_Q" label="Dwellings" state="OK" sex="M " age="71" age_level="3" education="2" town="Pawhuska" county="Osage" land_regions="D" locality="U" date="1962" file_name="LAO(INF031)6b 06 Dwellings.mp3" path_to_file="LAP\Projects\LAO\Speakers\LAO(INF031)\Audio\LAO(INF031)6b\LAO(INF031)6b 06 Dwellings.mp3"/>
	<entry id="3060310602" project="LAO" informant="INF031" reel="6b" region="0" narrative="_I" label="Metadata" state="OK" sex="M " age="71" age_level="3" education="2" town="Pawhuska" county="Osage" land_regions="D" locality="U" date="1962" file_name="LAO(INF031)6bmeta.txt" path_to_file="LAP\Projects\LAO\Speakers\LAO(INF031)\Audio\LAO(INF031)6b\LAO(INF031)6bmeta.txt"/>
	<entry id="1060310614" project="LAO" informant="INF031" reel="6c" region="1" narrative="_Q" label="Public Institutions" state="OK" sex="M " age="71" age_level="3" education="2" town="Pawhuska" county="Osage" land_regions="D" locality="U" date="1962" file_name="LAO(INF031)6c 01 Public Institutions.mp3" path_to_file="LAP\Projects\LAO\Speakers\LAO(INF031)\Audio\LAO(INF031)6c\LAO(INF031)6c 01 Public Institutions.mp3"/>
	<entry id="1060310615" project="LAO" informant="INF031" reel="6c" region="2" narrative="_Q" label="Family" state="OK" sex="M " age="71" age_level="3" education="2" town="Pawhuska" county="Osage" land_regions="D" locality="U" date="1962" file_name="LAO(INF031)6c 02 Family.mp3" path_to_file="LAP\Projects\LAO\Speakers\LAO(INF031)\Audio\LAO(INF031)6c\LAO(INF031)6c 02 Family.mp3"/>
	<entry id="1060310616" project="LAO" informant="INF031" reel="6c" region="3" narrative="_Q" label="Public Institutions" state="OK" sex="M " age="71" age_level="3" education="2" town="Pawhuska" county="Osage" land_regions="D" locality="U" date="1962" file_name="LAO(INF031)6c 03 Public Institutions.mp3" path_to_file="LAP\Projects\LAO\Speakers\LAO(INF031)\Audio\LAO(INF031)6c\LAO(INF031)6c 03 Public Institutions.mp3"/>
	<entry id="1060310617" project="LAO" informant="INF031" reel="6c" region="4" narrative="_Q" label="Topography" state="OK" sex="M " age="71" age_level="3" education="2" town="Pawhuska" county="Osage" land_regions="D" locality="U" date="1962" file_name="LAO(INF031)6c 04 Topography.mp3" path_to_file="LAP\Projects\LAO\Speakers\LAO(INF031)\Audio\LAO(INF031)6c\LAO(INF031)6c 04 Topography.mp3"/>
	<entry id="1060310618" project="LAO" informant="INF031" reel="6c" region="5" narrative="_Q" label="Vehicles" state="OK" sex="M " age="71" age_level="3" education="2" town="Pawhuska" county="Osage" land_regions="D" locality="U" date="1962" file_name="LAO(INF031)6c 05 Vehicles.mp3" path_to_file="LAP\Projects\LAO\Speakers\LAO(INF031)\Audio\LAO(INF031)6c\LAO(INF031)6c 05 Vehicles.mp3"/>
	<entry id="1060310619" project="LAO" informant="INF031" reel="6c" region="6" narrative="_Q" label="Prepositions" state="OK" sex="M " age="71" age_level="3" education="2" town="Pawhuska" county="Osage" land_regions="D" locality="U" date="1962" file_name="LAO(INF031)6c 06 Prepositions.mp3" path_to_file="LAP\Projects\LAO\Speakers\LAO(INF031)\Audio\LAO(INF031)6c\LAO(INF031)6c 06 Prepositions.mp3"/>
	<entry id="1060310620" project="LAO" informant="INF031" reel="6c" region="7" narrative="_Q" label="Prepositions" state="OK" sex="M " age="71" age_level="3" education="2" town="Pawhuska" county="Osage" land_regions="D" locality="U" date="1962" file_name="LAO(INF031)6c 07 Prepositions.mp3" path_to_file="LAP\Projects\LAO\Speakers\LAO(INF031)\Audio\LAO(INF031)6c\LAO(INF031)6c 07 Prepositions.mp3"/>
	<entry id="1060310621" project="LAO" informant="INF031" reel="6c" region="8" narrative="_Q" label="Pronouns" state="OK" sex="M " age="71" age_level="3" education="2" town="Pawhuska" county="Osage" land_regions="D" locality="U" date="1962" file_name="LAO(INF031)6c 08 Pronouns.mp3" path_to_file="LAP\Projects\LAO\Speakers\LAO(INF031)\Audio\LAO(INF031)6c\LAO(INF031)6c 08 Pronouns.mp3"/>
	<entry id="3060310603" project="LAO" informant="INF031" reel="6c" region="0" narrative="_I" label="Metadata" state="OK" sex="M " age="71" age_level="3" education="2" town="Pawhuska" county="Osage" land_regions="D" locality="U" date="1962" file_name="LAO(INF031)6cmeta.txt" path_to_file="LAP\Projects\LAO\Speakers\LAO(INF031)\Audio\LAO(INF031)6c\LAO(INF031)6cmeta.txt"/>
	<entry id="3060310001" project="LAO" informant="INF031" reel="0" region="0" narrative="_I" label="Biographical Information" state="OK" sex="M " age="71" age_level="3" education="2" town="Pawhuska" county="Osage" land_regions="D" locality="U" date="1962" file_name="LAO(INF031)BIO.txt" path_to_file="LAP\Projects\LAO\Speakers\LAO(INF031)\Text\LAO(INF031)BIO.txt"/>
</Audio>