<?xml version="1.0" encoding="UTF-8" standalone="yes"?>
<Audio>
	<entry id="1060080101" project="LAO" informant="INF008" reel="1" region="1" narrative="_Q" label="Dwellings" state="OK" sex="F" age="39" age_level="1" education="3" town="Frederick" county="Tillman" land_regions="D" locality="U" date="1962" latitude="34.39197" longitude="-99.01699" file_name="LAO(INF008)1a 01 Dwellings.mp3" path_to_file="LAP\Projects\LAO\Speakers\LAO(INF008)\Audio\LAO(INF008)1a\LAO(INF008)1a 01 Dwellings.mp3"/>
	<entry id="1060080102" project="LAO" informant="INF008" reel="1" region="2" narrative="_Q" label="Containers and Utensils" state="OK" sex="F" age="39" age_level="1" education="3" town="Frederick" county="Tillman" land_regions="D" locality="U" date="1962" latitude="34.39197" longitude="-99.01699" file_name="LAO(INF008)1a 02 Containers and Utensils.mp3" path_to_file="LAP\Projects\LAO\Speakers\LAO(INF008)\Audio\LAO(INF008)1a\LAO(INF008)1a 02 Containers and Utensils.mp3"/>
	<entry id="1060080103" project="LAO" informant="INF008" reel="1" region="3" narrative="_Q" label="Dwellings" state="OK" sex="F" age="39" age_level="1" education="3" town="Frederick" county="Tillman" land_regions="D" locality="U" date="1962" latitude="34.39197" longitude="-99.01699" file_name="LAO(INF008)1a 03 Dwellings.mp3" path_to_file="LAP\Projects\LAO\Speakers\LAO(INF008)\Audio\LAO(INF008)1a\LAO(INF008)1a 03 Dwellings.mp3"/>
	<entry id="1060080104" project="LAO" informant="INF008" reel="1" region="4" narrative="_Q" label="Geography" state="OK" sex="F" age="39" age_level="1" education="3" town="Frederick" county="Tillman" land_regions="D" locality="U" date="1962" latitude="34.39197" longitude="-99.01699" file_name="LAO(INF008)1a 04 Geography.mp3" path_to_file="LAP\Projects\LAO\Speakers\LAO(INF008)\Audio\LAO(INF008)1a\LAO(INF008)1a 04 Geography.mp3"/>
	<entry id="1060080105" project="LAO" informant="INF008" reel="1" region="5" narrative="_Q" label="The Farm" state="OK" sex="F" age="39" age_level="1" education="3" town="Frederick" county="Tillman" land_regions="D" locality="U" date="1962" latitude="34.39197" longitude="-99.01699" file_name="LAO(INF008)1a 05 The Farm.mp3" path_to_file="LAP\Projects\LAO\Speakers\LAO(INF008)\Audio\LAO(INF008)1a\LAO(INF008)1a 05 The Farm.mp3"/>
	<entry id="1060080106" project="LAO" informant="INF008" reel="1" region="6" narrative="_Q" label="Agriculture" state="OK" sex="F" age="39" age_level="1" education="3" town="Frederick" county="Tillman" land_regions="D" locality="U" date="1962" latitude="34.39197" longitude="-99.01699" file_name="LAO(INF008)1a 06 Agriculture.mp3" path_to_file="LAP\Projects\LAO\Speakers\LAO(INF008)\Audio\LAO(INF008)1a\LAO(INF008)1a 06 Agriculture.mp3"/>
	<entry id="1060080107" project="LAO" informant="INF008" reel="1" region="7" narrative="_Q" label="Containers and Utensils" state="OK" sex="F" age="39" age_level="1" education="3" town="Frederick" county="Tillman" land_regions="D" locality="U" date="1962" latitude="34.39197" longitude="-99.01699" file_name="LAO(INF008)1a 07 Containers and Utensils.mp3" path_to_file="LAP\Projects\LAO\Speakers\LAO(INF008)\Audio\LAO(INF008)1a\LAO(INF008)1a 07 Containers and Utensils.mp3"/>
	<entry id="3060080101" project="LAO" informant="INF008" reel="1" region="0" narrative="_I" label="Metadata" state="OK" sex="F" age="39" age_level="1" education="3" town="Frederick" county="Tillman" land_regions="D" locality="U" date="1962" latitude="34.39197" longitude="-99.01699" file_name="LAO(INF008)1ameta.txt" path_to_file="LAP\Projects\LAO\Speakers\LAO(INF008)\Audio\LAO(INF008)1a\LAO(INF008)1ameta.txt"/>
	<entry id="1060080108" project="LAO" informant="INF008" reel="1" region="1" narrative="_Q" label="Vehicles" state="OK" sex="F" age="39" age_level="1" education="3" town="Frederick" county="Tillman" land_regions="D" locality="U" date="1962" latitude="34.39197" longitude="-99.01699" file_name="LAO(INF008)1b 01 Vehicles.mp3" path_to_file="LAP\Projects\LAO\Speakers\LAO(INF008)\Audio\LAO(INF008)1b\LAO(INF008)1b 01 Vehicles.mp3"/>
	<entry id="1060080109" project="LAO" informant="INF008" reel="1" region="2" narrative="_Q" label="Vehicles" state="OK" sex="F" age="39" age_level="1" education="3" town="Frederick" county="Tillman" land_regions="D" locality="U" date="1962" latitude="34.39197" longitude="-99.01699" file_name="LAO(INF008)1b 02 Vehicles.mp3" path_to_file="LAP\Projects\LAO\Speakers\LAO(INF008)\Audio\LAO(INF008)1b\LAO(INF008)1b 02 Vehicles.mp3"/>
	<entry id="1060080110" project="LAO" informant="INF008" reel="1" region="3" narrative="_Q" label="Verbs_Principal Parts" state="OK" sex="F" age="39" age_level="1" education="3" town="Frederick" county="Tillman" land_regions="D" locality="U" date="1962" latitude="34.39197" longitude="-99.01699" file_name="LAO(INF008)1b 03 Verbs_Principal Parts.mp3" path_to_file="LAP\Projects\LAO\Speakers\LAO(INF008)\Audio\LAO(INF008)1b\LAO(INF008)1b 03 Verbs_Principal Parts.mp3"/>
	<entry id="1060080111" project="LAO" informant="INF008" reel="1" region="4" narrative="_Q" label="Dwellings" state="OK" sex="F" age="39" age_level="1" education="3" town="Frederick" county="Tillman" land_regions="D" locality="U" date="1962" latitude="34.39197" longitude="-99.01699" file_name="LAO(INF008)1b 04 Dwellings.mp3" path_to_file="LAP\Projects\LAO\Speakers\LAO(INF008)\Audio\LAO(INF008)1b\LAO(INF008)1b 04 Dwellings.mp3"/>
	<entry id="1060080112" project="LAO" informant="INF008" reel="1" region="5" narrative="_Q" label="Topography" state="OK" sex="F" age="39" age_level="1" education="3" town="Frederick" county="Tillman" land_regions="D" locality="U" date="1962" latitude="34.39197" longitude="-99.01699" file_name="LAO(INF008)1b 05 Topography.mp3" path_to_file="LAP\Projects\LAO\Speakers\LAO(INF008)\Audio\LAO(INF008)1b\LAO(INF008)1b 05 Topography.mp3"/>
	<entry id="1060080113" project="LAO" informant="INF008" reel="1" region="6" narrative="_Q" label="Domestic Animals" state="OK" sex="F" age="39" age_level="1" education="3" town="Frederick" county="Tillman" land_regions="D" locality="U" date="1962" latitude="34.39197" longitude="-99.01699" file_name="LAO(INF008)1b 06 Domestic Animals.mp3" path_to_file="LAP\Projects\LAO\Speakers\LAO(INF008)\Audio\LAO(INF008)1b\LAO(INF008)1b 06 Domestic Animals.mp3"/>
	<entry id="1060080114" project="LAO" informant="INF008" reel="1" region="7" narrative="_Q" label="Domestic Animals" state="OK" sex="F" age="39" age_level="1" education="3" town="Frederick" county="Tillman" land_regions="D" locality="U" date="1962" latitude="34.39197" longitude="-99.01699" file_name="LAO(INF008)1b 07 Domestic Animals.mp3" path_to_file="LAP\Projects\LAO\Speakers\LAO(INF008)\Audio\LAO(INF008)1b\LAO(INF008)1b 07 Domestic Animals.mp3"/>
	<entry id="3060080102" project="LAO" informant="INF008" reel="1" region="0" narrative="_I" label="Metadata" state="OK" sex="F" age="39" age_level="1" education="3" town="Frederick" county="Tillman" land_regions="D" locality="U" date="1962" latitude="34.39197" longitude="-99.01699" file_name="LAO(INF008)1bmeta.txt" path_to_file="LAP\Projects\LAO\Speakers\LAO(INF008)\Audio\LAO(INF008)1b\LAO(INF008)1bmeta.txt"/>
	<entry id="1060080201" project="LAO" informant="INF008" reel="2" region="1" narrative="_Q" label="Adverbs" state="OK" sex="F" age="39" age_level="1" education="3" town="Frederick" county="Tillman" land_regions="D" locality="U" date="1962" latitude="34.39197" longitude="-99.01699" file_name="LAO(INF008)2 01 Adverbs.mp3" path_to_file="LAP\Projects\LAO\Speakers\LAO(INF008)\Audio\LAO(INF008)2\LAO(INF008)2 01 Adverbs.mp3"/>
	<entry id="1060080202" project="LAO" informant="INF008" reel="2" region="2" narrative="_Q" label="Conjunctions" state="OK" sex="F" age="39" age_level="1" education="3" town="Frederick" county="Tillman" land_regions="D" locality="U" date="1962" latitude="34.39197" longitude="-99.01699" file_name="LAO(INF008)2 02 Conjunctions.mp3" path_to_file="LAP\Projects\LAO\Speakers\LAO(INF008)\Audio\LAO(INF008)2\LAO(INF008)2 02 Conjunctions.mp3"/>
	<entry id="1060080203" project="LAO" informant="INF008" reel="2" region="3" narrative="_Q" label="Food and Cooking" state="OK" sex="F" age="39" age_level="1" education="3" town="Frederick" county="Tillman" land_regions="D" locality="U" date="1962" latitude="34.39197" longitude="-99.01699" file_name="LAO(INF008)2 03 Food and Cooking.mp3" path_to_file="LAP\Projects\LAO\Speakers\LAO(INF008)\Audio\LAO(INF008)2\LAO(INF008)2 03 Food and Cooking.mp3"/>
	<entry id="1060080204" project="LAO" informant="INF008" reel="2" region="4" narrative="_N" label="Business" state="OK" sex="F" age="39" age_level="1" education="3" town="Frederick" county="Tillman" land_regions="D" locality="U" date="1962" latitude="34.39197" longitude="-99.01699" file_name="LAO(INF008)2 04 Business_N.mp3" path_to_file="LAP\Projects\LAO\Speakers\LAO(INF008)\Audio\LAO(INF008)2\LAO(INF008)2 04 Business_N.mp3"/>
	<entry id="1060080205" project="LAO" informant="INF008" reel="2" region="5" narrative="_Q" label="Vegetables" state="OK" sex="F" age="39" age_level="1" education="3" town="Frederick" county="Tillman" land_regions="D" locality="U" date="1962" latitude="34.39197" longitude="-99.01699" file_name="LAO(INF008)2 05 Vegetables.mp3" path_to_file="LAP\Projects\LAO\Speakers\LAO(INF008)\Audio\LAO(INF008)2\LAO(INF008)2 05 Vegetables.mp3"/>
	<entry id="1060080206" project="LAO" informant="INF008" reel="2" region="6" narrative="_Q" label="Vegetables" state="OK" sex="F" age="39" age_level="1" education="3" town="Frederick" county="Tillman" land_regions="D" locality="U" date="1962" latitude="34.39197" longitude="-99.01699" file_name="LAO(INF008)2 06 Vegetables.mp3" path_to_file="LAP\Projects\LAO\Speakers\LAO(INF008)\Audio\LAO(INF008)2\LAO(INF008)2 06 Vegetables.mp3"/>
	<entry id="1060080207" project="LAO" informant="INF008" reel="2" region="7" narrative="_Q" label="Wild Animals " state="OK" sex="F" age="39" age_level="1" education="3" town="Frederick" county="Tillman" land_regions="D" locality="U" date="1962" latitude="34.39197" longitude="-99.01699" file_name="LAO(INF008)2 07 Wild Animals .mp3" path_to_file="LAP\Projects\LAO\Speakers\LAO(INF008)\Audio\LAO(INF008)2\LAO(INF008)2 07 Wild Animals .mp3"/>
	<entry id="3060080201" project="LAO" informant="INF008" reel="2" region="0" narrative="_I" label="Metadata" state="OK" sex="F" age="39" age_level="1" education="3" town="Frederick" county="Tillman" land_regions="D" locality="U" date="1962" latitude="34.39197" longitude="-99.01699" file_name="LAO(INF008)2meta.txt" path_to_file="LAP\Projects\LAO\Speakers\LAO(INF008)\Audio\LAO(INF008)2\LAO(INF008)2meta.txt"/>
	<entry id="1060080301" project="LAO" informant="INF008" reel="3" region="1" narrative="_Q" label="Wild Animals " state="OK" sex="F" age="39" age_level="1" education="3" town="Frederick" county="Tillman" land_regions="D" locality="U" date="1962" latitude="34.39197" longitude="-99.01699" file_name="LAO(INF008)3a 01 Wild Animals .mp3" path_to_file="LAP\Projects\LAO\Speakers\LAO(INF008)\Audio\LAO(INF008)3a\LAO(INF008)3a 01 Wild Animals .mp3"/>
	<entry id="1060080302" project="LAO" informant="INF008" reel="3" region="2" narrative="_Q" label="Social Relations " state="OK" sex="F" age="39" age_level="1" education="3" town="Frederick" county="Tillman" land_regions="D" locality="U" date="1962" latitude="34.39197" longitude="-99.01699" file_name="LAO(INF008)3a 02 Social Relations .mp3" path_to_file="LAP\Projects\LAO\Speakers\LAO(INF008)\Audio\LAO(INF008)3a\LAO(INF008)3a 02 Social Relations .mp3"/>
	<entry id="1060080303" project="LAO" informant="INF008" reel="3" region="3" narrative="_Q" label="Personal Characteristics" state="OK" sex="F" age="39" age_level="1" education="3" town="Frederick" county="Tillman" land_regions="D" locality="U" date="1962" latitude="34.39197" longitude="-99.01699" file_name="LAO(INF008)3a 03 Personal Characteristics.mp3" path_to_file="LAP\Projects\LAO\Speakers\LAO(INF008)\Audio\LAO(INF008)3a\LAO(INF008)3a 03 Personal Characteristics.mp3"/>
	<entry id="1060080304" project="LAO" informant="INF008" reel="3" region="4" narrative="_Q" label="Social Relations " state="OK" sex="F" age="39" age_level="1" education="3" town="Frederick" county="Tillman" land_regions="D" locality="U" date="1962" latitude="34.39197" longitude="-99.01699" file_name="LAO(INF008)3a 04 Social Relations .mp3" path_to_file="LAP\Projects\LAO\Speakers\LAO(INF008)\Audio\LAO(INF008)3a\LAO(INF008)3a 04 Social Relations .mp3"/>
	<entry id="1060080305" project="LAO" informant="INF008" reel="3" region="5" narrative="_Q" label="Personal Characteristics " state="OK" sex="F" age="39" age_level="1" education="3" town="Frederick" county="Tillman" land_regions="D" locality="U" date="1962" latitude="34.39197" longitude="-99.01699" file_name="LAO(INF008)3a 05 Personal Characteristics .mp3" path_to_file="LAP\Projects\LAO\Speakers\LAO(INF008)\Audio\LAO(INF008)3a\LAO(INF008)3a 05 Personal Characteristics .mp3"/>
	<entry id="1060080306" project="LAO" informant="INF008" reel="3" region="6" narrative="_Q" label="Illness and Death" state="OK" sex="F" age="39" age_level="1" education="3" town="Frederick" county="Tillman" land_regions="D" locality="U" date="1962" latitude="34.39197" longitude="-99.01699" file_name="LAO(INF008)3a 06 Illness and Death.mp3" path_to_file="LAP\Projects\LAO\Speakers\LAO(INF008)\Audio\LAO(INF008)3a\LAO(INF008)3a 06 Illness and Death.mp3"/>
	<entry id="1060080307" project="LAO" informant="INF008" reel="3" region="7" narrative="_Q" label="Illness and Death" state="OK" sex="F" age="39" age_level="1" education="3" town="Frederick" county="Tillman" land_regions="D" locality="U" date="1962" latitude="34.39197" longitude="-99.01699" file_name="LAO(INF008)3a 07 Illness and Death.mp3" path_to_file="LAP\Projects\LAO\Speakers\LAO(INF008)\Audio\LAO(INF008)3a\LAO(INF008)3a 07 Illness and Death.mp3"/>
	<entry id="3060080301" project="LAO" informant="INF008" reel="3" region="0" narrative="_I" label="Metadata" state="OK" sex="F" age="39" age_level="1" education="3" town="Frederick" county="Tillman" land_regions="D" locality="U" date="1962" latitude="34.39197" longitude="-99.01699" file_name="LAO(INF008)3ameta.txt" path_to_file="LAP\Projects\LAO\Speakers\LAO(INF008)\Audio\LAO(INF008)3a\LAO(INF008)3ameta.txt"/>
	<entry id="1060080308" project="LAO" informant="INF008" reel="3" region="1" narrative="_Q" label="Family" state="OK" sex="F" age="39" age_level="1" education="3" town="Frederick" county="Tillman" land_regions="D" locality="U" date="1962" latitude="34.39197" longitude="-99.01699" file_name="LAO(INF008)3b 01 Family.mp3" path_to_file="LAP\Projects\LAO\Speakers\LAO(INF008)\Audio\LAO(INF008)3b\LAO(INF008)3b 01 Family.mp3"/>
	<entry id="1060080309" project="LAO" informant="INF008" reel="3" region="2" narrative="_Q" label="Public Instituations" state="OK" sex="F" age="39" age_level="1" education="3" town="Frederick" county="Tillman" land_regions="D" locality="U" date="1962" latitude="34.39197" longitude="-99.01699" file_name="LAO(INF008)3b 02 Public Instituations.mp3" path_to_file="LAP\Projects\LAO\Speakers\LAO(INF008)\Audio\LAO(INF008)3b\LAO(INF008)3b 02 Public Instituations.mp3"/>
	<entry id="1060080310" project="LAO" informant="INF008" reel="3" region="3" narrative="_Q" label="Geography" state="OK" sex="F" age="39" age_level="1" education="3" town="Frederick" county="Tillman" land_regions="D" locality="U" date="1962" latitude="34.39197" longitude="-99.01699" file_name="LAO(INF008)3b 03 Geography.mp3" path_to_file="LAP\Projects\LAO\Speakers\LAO(INF008)\Audio\LAO(INF008)3b\LAO(INF008)3b 03 Geography.mp3"/>
	<entry id="1060080311" project="LAO" informant="INF008" reel="3" region="4" narrative="_Q" label="Prepositions " state="OK" sex="F" age="39" age_level="1" education="3" town="Frederick" county="Tillman" land_regions="D" locality="U" date="1962" latitude="34.39197" longitude="-99.01699" file_name="LAO(INF008)3b 04 Prepositions .mp3" path_to_file="LAP\Projects\LAO\Speakers\LAO(INF008)\Audio\LAO(INF008)3b\LAO(INF008)3b 04 Prepositions .mp3"/>
	<entry id="1060080312" project="LAO" informant="INF008" reel="3" region="5" narrative="_Q" label="Vehicles " state="OK" sex="F" age="39" age_level="1" education="3" town="Frederick" county="Tillman" land_regions="D" locality="U" date="1962" latitude="34.39197" longitude="-99.01699" file_name="LAO(INF008)3b 05 Vehicles .mp3" path_to_file="LAP\Projects\LAO\Speakers\LAO(INF008)\Audio\LAO(INF008)3b\LAO(INF008)3b 05 Vehicles .mp3"/>
	<entry id="1060080313" project="LAO" informant="INF008" reel="3" region="6" narrative="_Q" label="Business " state="OK" sex="F" age="39" age_level="1" education="3" town="Frederick" county="Tillman" land_regions="D" locality="U" date="1962" latitude="34.39197" longitude="-99.01699" file_name="LAO(INF008)3b 06 Business .mp3" path_to_file="LAP\Projects\LAO\Speakers\LAO(INF008)\Audio\LAO(INF008)3b\LAO(INF008)3b 06 Business .mp3"/>
	<entry id="1060080314" project="LAO" informant="INF008" reel="3" region="7" narrative="_Q" label="Verbs_Principal Parts" state="OK" sex="F" age="39" age_level="1" education="3" town="Frederick" county="Tillman" land_regions="D" locality="U" date="1962" latitude="34.39197" longitude="-99.01699" file_name="LAO(INF008)3b 07 Verbs_Principal Parts.mp3" path_to_file="LAP\Projects\LAO\Speakers\LAO(INF008)\Audio\LAO(INF008)3b\LAO(INF008)3b 07 Verbs_Principal Parts.mp3"/>
	<entry id="3060080302" project="LAO" informant="INF008" reel="3" region="0" narrative="_I" label="Metadata" state="OK" sex="F" age="39" age_level="1" education="3" town="Frederick" county="Tillman" land_regions="D" locality="U" date="1962" latitude="34.39197" longitude="-99.01699" file_name="LAO(INF008)3bmeta.txt" path_to_file="LAP\Projects\LAO\Speakers\LAO(INF008)\Audio\LAO(INF008)3b\LAO(INF008)3bmeta.txt"/>
	<entry id="1060080315" project="LAO" informant="INF008" reel="3" region="1" narrative="_Q" label="Names, Titles and Occupations" state="OK" sex="F" age="39" age_level="1" education="3" town="Frederick" county="Tillman" land_regions="D" locality="U" date="1962" latitude="34.39197" longitude="-99.01699" file_name="LAO(INF008)3c 01 Names, Titles and Occupations.mp3" path_to_file="LAP\Projects\LAO\Speakers\LAO(INF008)\Audio\LAO(INF008)3c\LAO(INF008)3c 01 Names, Titles and Occupations.mp3"/>
	<entry id="1060080316" project="LAO" informant="INF008" reel="3" region="2" narrative="_Q" label="Names, Titles and Occupations" state="OK" sex="F" age="39" age_level="1" education="3" town="Frederick" county="Tillman" land_regions="D" locality="U" date="1962" latitude="34.39197" longitude="-99.01699" file_name="LAO(INF008)3c 02 Names, Titles and Occupations.mp3" path_to_file="LAP\Projects\LAO\Speakers\LAO(INF008)\Audio\LAO(INF008)3c\LAO(INF008)3c 02 Names, Titles and Occupations.mp3"/>
	<entry id="1060080317" project="LAO" informant="INF008" reel="3" region="3" narrative="_Q" label="Numerals" state="OK" sex="F" age="39" age_level="1" education="3" town="Frederick" county="Tillman" land_regions="D" locality="U" date="1962" latitude="34.39197" longitude="-99.01699" file_name="LAO(INF008)3c 03 Numerals.mp3" path_to_file="LAP\Projects\LAO\Speakers\LAO(INF008)\Audio\LAO(INF008)3c\LAO(INF008)3c 03 Numerals.mp3"/>
	<entry id="1060080318" project="LAO" informant="INF008" reel="3" region="4" narrative="_Q" label="Time" state="OK" sex="F" age="39" age_level="1" education="3" town="Frederick" county="Tillman" land_regions="D" locality="U" date="1962" latitude="34.39197" longitude="-99.01699" file_name="LAO(INF008)3c 04 Time.mp3" path_to_file="LAP\Projects\LAO\Speakers\LAO(INF008)\Audio\LAO(INF008)3c\LAO(INF008)3c 04 Time.mp3"/>
	<entry id="1060080319" project="LAO" informant="INF008" reel="3" region="5" narrative="_Q" label="Weather" state="OK" sex="F" age="39" age_level="1" education="3" town="Frederick" county="Tillman" land_regions="D" locality="U" date="1962" latitude="34.39197" longitude="-99.01699" file_name="LAO(INF008)3c 05 Weather.mp3" path_to_file="LAP\Projects\LAO\Speakers\LAO(INF008)\Audio\LAO(INF008)3c\LAO(INF008)3c 05 Weather.mp3"/>
	<entry id="1060080320" project="LAO" informant="INF008" reel="3" region="6" narrative="_Q" label="Weather" state="OK" sex="F" age="39" age_level="1" education="3" town="Frederick" county="Tillman" land_regions="D" locality="U" date="1962" latitude="34.39197" longitude="-99.01699" file_name="LAO(INF008)3c 06 Weather.mp3" path_to_file="LAP\Projects\LAO\Speakers\LAO(INF008)\Audio\LAO(INF008)3c\LAO(INF008)3c 06 Weather.mp3"/>
	<entry id="1060080321" project="LAO" informant="INF008" reel="3" region="7" narrative="_Q" label="Vehicles" state="OK" sex="F" age="39" age_level="1" education="3" town="Frederick" county="Tillman" land_regions="D" locality="U" date="1962" latitude="34.39197" longitude="-99.01699" file_name="LAO(INF008)3c 07 Vehicles.mp3" path_to_file="LAP\Projects\LAO\Speakers\LAO(INF008)\Audio\LAO(INF008)3c\LAO(INF008)3c 07 Vehicles.mp3"/>
	<entry id="3060080303" project="LAO" informant="INF008" reel="3" region="0" narrative="_I" label="Metadata" state="OK" sex="F" age="39" age_level="1" education="3" town="Frederick" county="Tillman" land_regions="D" locality="U" date="1962" latitude="34.39197" longitude="-99.01699" file_name="LAO(INF008)3cmeta.txt" path_to_file="LAP\Projects\LAO\Speakers\LAO(INF008)\Audio\LAO(INF008)3c\LAO(INF008)3cmeta.txt"/>
	<entry id="1060080322" project="LAO" informant="INF008" reel="3" region="1" narrative="_Q" label="Food and Cooking" state="OK" sex="F" age="39" age_level="1" education="3" town="Frederick" county="Tillman" land_regions="D" locality="U" date="1962" latitude="34.39197" longitude="-99.01699" file_name="LAO(INF008)3d 01 Food and Cooking.mp3" path_to_file="LAP\Projects\LAO\Speakers\LAO(INF008)\Audio\LAO(INF008)3d\LAO(INF008)3d 01 Food and Cooking.mp3"/>
	<entry id="1060080323" project="LAO" informant="INF008" reel="3" region="2" narrative="_Q" label="Family" state="OK" sex="F" age="39" age_level="1" education="3" town="Frederick" county="Tillman" land_regions="D" locality="U" date="1962" latitude="34.39197" longitude="-99.01699" file_name="LAO(INF008)3d 02 Family.mp3" path_to_file="LAP\Projects\LAO\Speakers\LAO(INF008)\Audio\LAO(INF008)3d\LAO(INF008)3d 02 Family.mp3"/>
	<entry id="1060080324" project="LAO" informant="INF008" reel="3" region="3" narrative="_Q" label="Verbs_Principal Parts " state="OK" sex="F" age="39" age_level="1" education="3" town="Frederick" county="Tillman" land_regions="D" locality="U" date="1962" latitude="34.39197" longitude="-99.01699" file_name="LAO(INF008)3d 03 Verbs_Principal Parts .mp3" path_to_file="LAP\Projects\LAO\Speakers\LAO(INF008)\Audio\LAO(INF008)3d\LAO(INF008)3d 03 Verbs_Principal Parts .mp3"/>
	<entry id="1060080325" project="LAO" informant="INF008" reel="3" region="4" narrative="_Q" label="Dwellings" state="OK" sex="F" age="39" age_level="1" education="3" town="Frederick" county="Tillman" land_regions="D" locality="U" date="1962" latitude="34.39197" longitude="-99.01699" file_name="LAO(INF008)3d 04 Dwellings.mp3" path_to_file="LAP\Projects\LAO\Speakers\LAO(INF008)\Audio\LAO(INF008)3d\LAO(INF008)3d 04 Dwellings.mp3"/>
	<entry id="1060080326" project="LAO" informant="INF008" reel="3" region="5" narrative="_Q" label="Family" state="OK" sex="F" age="39" age_level="1" education="3" town="Frederick" county="Tillman" land_regions="D" locality="U" date="1962" latitude="34.39197" longitude="-99.01699" file_name="LAO(INF008)3d 05 Family.mp3" path_to_file="LAP\Projects\LAO\Speakers\LAO(INF008)\Audio\LAO(INF008)3d\LAO(INF008)3d 05 Family.mp3"/>
	<entry id="1060080327" project="LAO" informant="INF008" reel="3" region="6" narrative="_Q" label="Family" state="OK" sex="F" age="39" age_level="1" education="3" town="Frederick" county="Tillman" land_regions="D" locality="U" date="1962" latitude="34.39197" longitude="-99.01699" file_name="LAO(INF008)3d 06 Family.mp3" path_to_file="LAP\Projects\LAO\Speakers\LAO(INF008)\Audio\LAO(INF008)3d\LAO(INF008)3d 06 Family.mp3"/>
	<entry id="1060080328" project="LAO" informant="INF008" reel="3" region="7" narrative="_Q" label="Family" state="OK" sex="F" age="39" age_level="1" education="3" town="Frederick" county="Tillman" land_regions="D" locality="U" date="1962" latitude="34.39197" longitude="-99.01699" file_name="LAO(INF008)3d 07 Family.mp3" path_to_file="LAP\Projects\LAO\Speakers\LAO(INF008)\Audio\LAO(INF008)3d\LAO(INF008)3d 07 Family.mp3"/>
	<entry id="3060080304" project="LAO" informant="INF008" reel="3" region="0" narrative="_I" label="Metadata" state="OK" sex="F" age="39" age_level="1" education="3" town="Frederick" county="Tillman" land_regions="D" locality="U" date="1962" latitude="34.39197" longitude="-99.01699" file_name="LAO(INF008)3dmeta.txt" path_to_file="LAP\Projects\LAO\Speakers\LAO(INF008)\Audio\LAO(INF008)3d\LAO(INF008)3dmeta.txt"/>
	<entry id="3060080001" project="LAO" informant="INF008" reel="0" region="0" narrative="_I" label="Biographical Information" state="OK" sex="F" age="39" age_level="1" education="3" town="Frederick" county="Tillman" land_regions="D" locality="U" date="1962" latitude="34.39197" longitude="-99.01699" file_name="LAO(INF008)BIO.txt" path_to_file="LAP\Projects\LAO\Speakers\LAO(INF008)\Text\LAO(INF008)BIO.txt"/>
</Audio>