<?xml version="1.0" encoding="UTF-8" standalone="yes"?>
<Audio>
	<entry id="1060030101" project="LAO" informant="INF003" reel="1" region="1" narrative="_Q" label="Dwellings" state="TX" sex="F" age="91" age_level="4" education="1" town="Sayre" county="Wise" land_regions="D" locality="R" date="1962" latitude="33.23476" longitude="-97.5865" file_name="LAO(INF003)1a 01 Dwellings.mp3" path_to_file="LAP\Projects\LAO\Speakers\LAO(INF003)\Audio\LAO(INF003)1a\LAO(INF003)1a 01 Dwellings.mp3"/>
	<entry id="1060030102" project="LAO" informant="INF003" reel="1" region="2" narrative="_Q" label="Geography" state="TX" sex="F" age="91" age_level="4" education="1" town="Sayre" county="Wise" land_regions="D" locality="R" date="1962" latitude="33.23476" longitude="-97.5865" file_name="LAO(INF003)1a 02 Geography.mp3" path_to_file="LAP\Projects\LAO\Speakers\LAO(INF003)\Audio\LAO(INF003)1a\LAO(INF003)1a 02 Geography.mp3"/>
	<entry id="1060030103" project="LAO" informant="INF003" reel="1" region="3" narrative="_Q" label="The Farm" state="TX" sex="F" age="91" age_level="4" education="1" town="Sayre" county="Wise" land_regions="D" locality="R" date="1962" latitude="33.23476" longitude="-97.5865" file_name="LAO(INF003)1a 03 The Farm.mp3" path_to_file="LAP\Projects\LAO\Speakers\LAO(INF003)\Audio\LAO(INF003)1a\LAO(INF003)1a 03 The Farm.mp3"/>
	<entry id="1060030104" project="LAO" informant="INF003" reel="1" region="4" narrative="_Q" label="Topograpy" state="TX" sex="F" age="91" age_level="4" education="1" town="Sayre" county="Wise" land_regions="D" locality="R" date="1962" latitude="33.23476" longitude="-97.5865" file_name="LAO(INF003)1a 04 Topograpy.mp3" path_to_file="LAP\Projects\LAO\Speakers\LAO(INF003)\Audio\LAO(INF003)1a\LAO(INF003)1a 04 Topograpy.mp3"/>
	<entry id="1060030105" project="LAO" informant="INF003" reel="1" region="5" narrative="_Q" label="Dwellings" state="TX" sex="F" age="91" age_level="4" education="1" town="Sayre" county="Wise" land_regions="D" locality="R" date="1962" latitude="33.23476" longitude="-97.5865" file_name="LAO(INF003)1a 05 Dwellings.mp3" path_to_file="LAP\Projects\LAO\Speakers\LAO(INF003)\Audio\LAO(INF003)1a\LAO(INF003)1a 05 Dwellings.mp3"/>
	<entry id="1060030106" project="LAO" informant="INF003" reel="1" region="6" narrative="_N" label="Domestic Animals" state="TX" sex="F" age="91" age_level="4" education="1" town="Sayre" county="Wise" land_regions="D" locality="R" date="1962" latitude="33.23476" longitude="-97.5865" file_name="LAO(INF003)1a 06 Domestic Animals_N.mp3" path_to_file="LAP\Projects\LAO\Speakers\LAO(INF003)\Audio\LAO(INF003)1a\LAO(INF003)1a 06 Domestic Animals_N.mp3"/>
	<entry id="1060030107" project="LAO" informant="INF003" reel="1" region="7" narrative="_Q" label="Wild Animals" state="TX" sex="F" age="91" age_level="4" education="1" town="Sayre" county="Wise" land_regions="D" locality="R" date="1962" latitude="33.23476" longitude="-97.5865" file_name="LAO(INF003)1a 07 Wild Animals.mp3" path_to_file="LAP\Projects\LAO\Speakers\LAO(INF003)\Audio\LAO(INF003)1a\LAO(INF003)1a 07 Wild Animals.mp3"/>
	<entry id="3060030101" project="LAO" informant="INF003" reel="1" region="0" narrative="_I" label="Metadata" state="TX" sex="F" age="91" age_level="4" education="1" town="Sayre" county="Wise" land_regions="D" locality="R" date="1962" latitude="33.23476" longitude="-97.5865" file_name="LAO(INF003)1ameta.txt" path_to_file="LAP\Projects\LAO\Speakers\LAO(INF003)\Audio\LAO(INF003)1a\LAO(INF003)1ameta.txt"/>
	<entry id="1060030108" project="LAO" informant="INF003" reel="1" region="1" narrative="_Q" label="Domestic Animals" state="TX" sex="F" age="91" age_level="4" education="1" town="Sayre" county="Wise" land_regions="D" locality="R" date="1962" latitude="33.23476" longitude="-97.5865" file_name="LAO(INF003)1b 01 Domestic Animals.mp3" path_to_file="LAP\Projects\LAO\Speakers\LAO(INF003)\Audio\LAO(INF003)1b\LAO(INF003)1b 01 Domestic Animals.mp3"/>
	<entry id="1060030109" project="LAO" informant="INF003" reel="1" region="2" narrative="_Q" label="Doemstic Animals" state="TX" sex="F" age="91" age_level="4" education="1" town="Sayre" county="Wise" land_regions="D" locality="R" date="1962" latitude="33.23476" longitude="-97.5865" file_name="LAO(INF003)1b 02 Doemstic Animals.mp3" path_to_file="LAP\Projects\LAO\Speakers\LAO(INF003)\Audio\LAO(INF003)1b\LAO(INF003)1b 02 Doemstic Animals.mp3"/>
	<entry id="1060030110" project="LAO" informant="INF003" reel="1" region="3" narrative="_Q" label="The Farm" state="TX" sex="F" age="91" age_level="4" education="1" town="Sayre" county="Wise" land_regions="D" locality="R" date="1962" latitude="33.23476" longitude="-97.5865" file_name="LAO(INF003)1b 03 The Farm.mp3" path_to_file="LAP\Projects\LAO\Speakers\LAO(INF003)\Audio\LAO(INF003)1b\LAO(INF003)1b 03 The Farm.mp3"/>
	<entry id="1060030111" project="LAO" informant="INF003" reel="1" region="4" narrative="_Q" label="Vehicles" state="TX" sex="F" age="91" age_level="4" education="1" town="Sayre" county="Wise" land_regions="D" locality="R" date="1962" latitude="33.23476" longitude="-97.5865" file_name="LAO(INF003)1b 04 Vehicles.mp3" path_to_file="LAP\Projects\LAO\Speakers\LAO(INF003)\Audio\LAO(INF003)1b\LAO(INF003)1b 04 Vehicles.mp3"/>
	<entry id="1060030112" project="LAO" informant="INF003" reel="1" region="5" narrative="_Q" label="Agriculture" state="TX" sex="F" age="91" age_level="4" education="1" town="Sayre" county="Wise" land_regions="D" locality="R" date="1962" latitude="33.23476" longitude="-97.5865" file_name="LAO(INF003)1b 05 Agriculture.mp3" path_to_file="LAP\Projects\LAO\Speakers\LAO(INF003)\Audio\LAO(INF003)1b\LAO(INF003)1b 05 Agriculture.mp3"/>
	<entry id="1060030113" project="LAO" informant="INF003" reel="1" region="6" narrative="_Q" label="Food and Cooking" state="TX" sex="F" age="91" age_level="4" education="1" town="Sayre" county="Wise" land_regions="D" locality="R" date="1962" latitude="33.23476" longitude="-97.5865" file_name="LAO(INF003)1b 06 Food and Cooking.mp3" path_to_file="LAP\Projects\LAO\Speakers\LAO(INF003)\Audio\LAO(INF003)1b\LAO(INF003)1b 06 Food and Cooking.mp3"/>
	<entry id="1060030114" project="LAO" informant="INF003" reel="1" region="7" narrative="_Q" label="Food and Cooking" state="TX" sex="F" age="91" age_level="4" education="1" town="Sayre" county="Wise" land_regions="D" locality="R" date="1962" latitude="33.23476" longitude="-97.5865" file_name="LAO(INF003)1b 07 Food and Cooking.mp3" path_to_file="LAP\Projects\LAO\Speakers\LAO(INF003)\Audio\LAO(INF003)1b\LAO(INF003)1b 07 Food and Cooking.mp3"/>
	<entry id="3060030102" project="LAO" informant="INF003" reel="1" region="0" narrative="_I" label="Metadata" state="TX" sex="F" age="91" age_level="4" education="1" town="Sayre" county="Wise" land_regions="D" locality="R" date="1962" latitude="33.23476" longitude="-97.5865" file_name="LAO(INF003)1bmeta.txt" path_to_file="LAP\Projects\LAO\Speakers\LAO(INF003)\Audio\LAO(INF003)1b\LAO(INF003)1bmeta.txt"/>
	<entry id="1060030115" project="LAO" informant="INF003" reel="1" region="1" narrative="_Q" label="Food and Cooking" state="TX" sex="F" age="91" age_level="4" education="1" town="Sayre" county="Wise" land_regions="D" locality="R" date="1962" latitude="33.23476" longitude="-97.5865" file_name="LAO(INF003)1c 01 Food and Cooking.mp3" path_to_file="LAP\Projects\LAO\Speakers\LAO(INF003)\Audio\LAO(INF003)1c\LAO(INF003)1c 01 Food and Cooking.mp3"/>
	<entry id="1060030116" project="LAO" informant="INF003" reel="1" region="2" narrative="_Q" label="Food and Cooking" state="TX" sex="F" age="91" age_level="4" education="1" town="Sayre" county="Wise" land_regions="D" locality="R" date="1962" latitude="33.23476" longitude="-97.5865" file_name="LAO(INF003)1c 02 Food and Cooking.mp3" path_to_file="LAP\Projects\LAO\Speakers\LAO(INF003)\Audio\LAO(INF003)1c\LAO(INF003)1c 02 Food and Cooking.mp3"/>
	<entry id="1060030117" project="LAO" informant="INF003" reel="1" region="3" narrative="_Q" label="Food and Cooking" state="TX" sex="F" age="91" age_level="4" education="1" town="Sayre" county="Wise" land_regions="D" locality="R" date="1962" latitude="33.23476" longitude="-97.5865" file_name="LAO(INF003)1c 03 Food and Cooking.mp3" path_to_file="LAP\Projects\LAO\Speakers\LAO(INF003)\Audio\LAO(INF003)1c\LAO(INF003)1c 03 Food and Cooking.mp3"/>
	<entry id="1060030118" project="LAO" informant="INF003" reel="1" region="4" narrative="_Q" label="Food and Cooking" state="TX" sex="F" age="91" age_level="4" education="1" town="Sayre" county="Wise" land_regions="D" locality="R" date="1962" latitude="33.23476" longitude="-97.5865" file_name="LAO(INF003)1c 04 Food and Cooking.mp3" path_to_file="LAP\Projects\LAO\Speakers\LAO(INF003)\Audio\LAO(INF003)1c\LAO(INF003)1c 04 Food and Cooking.mp3"/>
	<entry id="1060030119" project="LAO" informant="INF003" reel="1" region="5" narrative="_Q" label="Food and Cooking" state="TX" sex="F" age="91" age_level="4" education="1" town="Sayre" county="Wise" land_regions="D" locality="R" date="1962" latitude="33.23476" longitude="-97.5865" file_name="LAO(INF003)1c 05 Food and Cooking.mp3" path_to_file="LAP\Projects\LAO\Speakers\LAO(INF003)\Audio\LAO(INF003)1c\LAO(INF003)1c 05 Food and Cooking.mp3"/>
	<entry id="1060030120" project="LAO" informant="INF003" reel="1" region="6" narrative="_Q" label="Food and Cooking" state="TX" sex="F" age="91" age_level="4" education="1" town="Sayre" county="Wise" land_regions="D" locality="R" date="1962" latitude="33.23476" longitude="-97.5865" file_name="LAO(INF003)1c 06 Food and Cooking.mp3" path_to_file="LAP\Projects\LAO\Speakers\LAO(INF003)\Audio\LAO(INF003)1c\LAO(INF003)1c 06 Food and Cooking.mp3"/>
	<entry id="1060030121" project="LAO" informant="INF003" reel="1" region="7" narrative="_Q" label="Food and Cooking" state="TX" sex="F" age="91" age_level="4" education="1" town="Sayre" county="Wise" land_regions="D" locality="R" date="1962" latitude="33.23476" longitude="-97.5865" file_name="LAO(INF003)1c 07 Food and Cooking.mp3" path_to_file="LAP\Projects\LAO\Speakers\LAO(INF003)\Audio\LAO(INF003)1c\LAO(INF003)1c 07 Food and Cooking.mp3"/>
	<entry id="1060030122" project="LAO" informant="INF003" reel="1" region="8" narrative="_Q" label="Vegetables" state="TX" sex="F" age="91" age_level="4" education="1" town="Sayre" county="Wise" land_regions="D" locality="R" date="1962" latitude="33.23476" longitude="-97.5865" file_name="LAO(INF003)1c 08 Vegetables.mp3" path_to_file="LAP\Projects\LAO\Speakers\LAO(INF003)\Audio\LAO(INF003)1c\LAO(INF003)1c 08 Vegetables.mp3"/>
	<entry id="3060030103" project="LAO" informant="INF003" reel="1" region="0" narrative="_I" label="Metadata" state="TX" sex="F" age="91" age_level="4" education="1" town="Sayre" county="Wise" land_regions="D" locality="R" date="1962" latitude="33.23476" longitude="-97.5865" file_name="LAO(INF003)1cmeta.txt" path_to_file="LAP\Projects\LAO\Speakers\LAO(INF003)\Audio\LAO(INF003)1c\LAO(INF003)1cmeta.txt"/>
	<entry id="1060030201" project="LAO" informant="INF003" reel="2" region="1" narrative="_Q" label="Dwellings" state="TX" sex="F" age="91" age_level="4" education="1" town="Sayre" county="Wise" land_regions="D" locality="R" date="1962" latitude="33.23476" longitude="-97.5865" file_name="LAO(INF003)2a 01 Dwellings.mp3" path_to_file="LAP\Projects\LAO\Speakers\LAO(INF003)\Audio\LAO(INF003)2a\LAO(INF003)2a 01 Dwellings.mp3"/>
	<entry id="1060030202" project="LAO" informant="INF003" reel="2" region="2" narrative="_Q" label="Dwellings" state="TX" sex="F" age="91" age_level="4" education="1" town="Sayre" county="Wise" land_regions="D" locality="R" date="1962" latitude="33.23476" longitude="-97.5865" file_name="LAO(INF003)2a 02 Dwellings.mp3" path_to_file="LAP\Projects\LAO\Speakers\LAO(INF003)\Audio\LAO(INF003)2a\LAO(INF003)2a 02 Dwellings.mp3"/>
	<entry id="1060030203" project="LAO" informant="INF003" reel="2" region="3" narrative="_Q" label="Dwellings" state="TX" sex="F" age="91" age_level="4" education="1" town="Sayre" county="Wise" land_regions="D" locality="R" date="1962" latitude="33.23476" longitude="-97.5865" file_name="LAO(INF003)2a 03 Dwellings.mp3" path_to_file="LAP\Projects\LAO\Speakers\LAO(INF003)\Audio\LAO(INF003)2a\LAO(INF003)2a 03 Dwellings.mp3"/>
	<entry id="1060030204" project="LAO" informant="INF003" reel="2" region="4" narrative="_Q" label="Dwellings" state="TX" sex="F" age="91" age_level="4" education="1" town="Sayre" county="Wise" land_regions="D" locality="R" date="1962" latitude="33.23476" longitude="-97.5865" file_name="LAO(INF003)2a 04 Dwellings.mp3" path_to_file="LAP\Projects\LAO\Speakers\LAO(INF003)\Audio\LAO(INF003)2a\LAO(INF003)2a 04 Dwellings.mp3"/>
	<entry id="1060030205" project="LAO" informant="INF003" reel="2" region="5" narrative="_Q" label="Dwellings" state="TX" sex="F" age="91" age_level="4" education="1" town="Sayre" county="Wise" land_regions="D" locality="R" date="1962" latitude="33.23476" longitude="-97.5865" file_name="LAO(INF003)2a 05 Dwellings.mp3" path_to_file="LAP\Projects\LAO\Speakers\LAO(INF003)\Audio\LAO(INF003)2a\LAO(INF003)2a 05 Dwellings.mp3"/>
	<entry id="1060030206" project="LAO" informant="INF003" reel="2" region="6" narrative="_Q" label="Dwellings" state="TX" sex="F" age="91" age_level="4" education="1" town="Sayre" county="Wise" land_regions="D" locality="R" date="1962" latitude="33.23476" longitude="-97.5865" file_name="LAO(INF003)2a 06 Dwellings.mp3" path_to_file="LAP\Projects\LAO\Speakers\LAO(INF003)\Audio\LAO(INF003)2a\LAO(INF003)2a 06 Dwellings.mp3"/>
	<entry id="1060030207" project="LAO" informant="INF003" reel="2" region="7" narrative="_Q" label="The Farm" state="TX" sex="F" age="91" age_level="4" education="1" town="Sayre" county="Wise" land_regions="D" locality="R" date="1962" latitude="33.23476" longitude="-97.5865" file_name="LAO(INF003)2a 07 The Farm.mp3" path_to_file="LAP\Projects\LAO\Speakers\LAO(INF003)\Audio\LAO(INF003)2a\LAO(INF003)2a 07 The Farm.mp3"/>
	<entry id="3060030201" project="LAO" informant="INF003" reel="2" region="0" narrative="_I" label="Metadata" state="TX" sex="F" age="91" age_level="4" education="1" town="Sayre" county="Wise" land_regions="D" locality="R" date="1962" latitude="33.23476" longitude="-97.5865" file_name="LAO(INF003)2ameta.txt" path_to_file="LAP\Projects\LAO\Speakers\LAO(INF003)\Audio\LAO(INF003)2a\LAO(INF003)2ameta.txt"/>
	<entry id="1060030208" project="LAO" informant="INF003" reel="2" region="1" narrative="_Q" label="Vehicles" state="TX" sex="F" age="91" age_level="4" education="1" town="Sayre" county="Wise" land_regions="D" locality="R" date="1962" latitude="33.23476" longitude="-97.5865" file_name="LAO(INF003)2b 01 Vehicles.mp3" path_to_file="LAP\Projects\LAO\Speakers\LAO(INF003)\Audio\LAO(INF003)2b\LAO(INF003)2b 01 Vehicles.mp3"/>
	<entry id="1060030209" project="LAO" informant="INF003" reel="2" region="2" narrative="_Q" label="Agriculture" state="TX" sex="F" age="91" age_level="4" education="1" town="Sayre" county="Wise" land_regions="D" locality="R" date="1962" latitude="33.23476" longitude="-97.5865" file_name="LAO(INF003)2b 02 Agriculture.mp3" path_to_file="LAP\Projects\LAO\Speakers\LAO(INF003)\Audio\LAO(INF003)2b\LAO(INF003)2b 02 Agriculture.mp3"/>
	<entry id="1060030210" project="LAO" informant="INF003" reel="2" region="3" narrative="_Q" label="The Farm" state="TX" sex="F" age="91" age_level="4" education="1" town="Sayre" county="Wise" land_regions="D" locality="R" date="1962" latitude="33.23476" longitude="-97.5865" file_name="LAO(INF003)2b 03 The Farm.mp3" path_to_file="LAP\Projects\LAO\Speakers\LAO(INF003)\Audio\LAO(INF003)2b\LAO(INF003)2b 03 The Farm.mp3"/>
	<entry id="1060030211" project="LAO" informant="INF003" reel="2" region="4" narrative="_Q" label="Containers and Utensils" state="TX" sex="F" age="91" age_level="4" education="1" town="Sayre" county="Wise" land_regions="D" locality="R" date="1962" latitude="33.23476" longitude="-97.5865" file_name="LAO(INF003)2b 04 Containers and Utensils.mp3" path_to_file="LAP\Projects\LAO\Speakers\LAO(INF003)\Audio\LAO(INF003)2b\LAO(INF003)2b 04 Containers and Utensils.mp3"/>
	<entry id="1060030212" project="LAO" informant="INF003" reel="2" region="5" narrative="_Q" label="Food and Cooking" state="TX" sex="F" age="91" age_level="4" education="1" town="Sayre" county="Wise" land_regions="D" locality="R" date="1962" latitude="33.23476" longitude="-97.5865" file_name="LAO(INF003)2b 05 Food and Cooking.mp3" path_to_file="LAP\Projects\LAO\Speakers\LAO(INF003)\Audio\LAO(INF003)2b\LAO(INF003)2b 05 Food and Cooking.mp3"/>
	<entry id="1060030213" project="LAO" informant="INF003" reel="2" region="6" narrative="_Q" label="Containers and Utensils" state="TX" sex="F" age="91" age_level="4" education="1" town="Sayre" county="Wise" land_regions="D" locality="R" date="1962" latitude="33.23476" longitude="-97.5865" file_name="LAO(INF003)2b 06 Containers and Utensils.mp3" path_to_file="LAP\Projects\LAO\Speakers\LAO(INF003)\Audio\LAO(INF003)2b\LAO(INF003)2b 06 Containers and Utensils.mp3"/>
	<entry id="1060030214" project="LAO" informant="INF003" reel="2" region="7" narrative="_Q" label="Agriculture" state="TX" sex="F" age="91" age_level="4" education="1" town="Sayre" county="Wise" land_regions="D" locality="R" date="1962" latitude="33.23476" longitude="-97.5865" file_name="LAO(INF003)2b 07 Agriculture.mp3" path_to_file="LAP\Projects\LAO\Speakers\LAO(INF003)\Audio\LAO(INF003)2b\LAO(INF003)2b 07 Agriculture.mp3"/>
	<entry id="3060030202" project="LAO" informant="INF003" reel="2" region="0" narrative="_I" label="Metadata" state="TX" sex="F" age="91" age_level="4" education="1" town="Sayre" county="Wise" land_regions="D" locality="R" date="1962" latitude="33.23476" longitude="-97.5865" file_name="LAO(INF003)2bmeta.txt" path_to_file="LAP\Projects\LAO\Speakers\LAO(INF003)\Audio\LAO(INF003)2b\LAO(INF003)2bmeta.txt"/>
	<entry id="1060030215" project="LAO" informant="INF003" reel="2" region="1" narrative="_Q" label="Vehicles" state="TX" sex="F" age="91" age_level="4" education="1" town="Sayre" county="Wise" land_regions="D" locality="R" date="1962" latitude="33.23476" longitude="-97.5865" file_name="LAO(INF003)2c 01 Vehicles.mp3" path_to_file="LAP\Projects\LAO\Speakers\LAO(INF003)\Audio\LAO(INF003)2c\LAO(INF003)2c 01 Vehicles.mp3"/>
	<entry id="1060030216" project="LAO" informant="INF003" reel="2" region="2" narrative="_Q" label="Illness and Death" state="TX" sex="F" age="91" age_level="4" education="1" town="Sayre" county="Wise" land_regions="D" locality="R" date="1962" latitude="33.23476" longitude="-97.5865" file_name="LAO(INF003)2c 02 Illness and Death.mp3" path_to_file="LAP\Projects\LAO\Speakers\LAO(INF003)\Audio\LAO(INF003)2c\LAO(INF003)2c 02 Illness and Death.mp3"/>
	<entry id="1060030217" project="LAO" informant="INF003" reel="2" region="3" narrative="_Q" label="Vehicles" state="TX" sex="F" age="91" age_level="4" education="1" town="Sayre" county="Wise" land_regions="D" locality="R" date="1962" latitude="33.23476" longitude="-97.5865" file_name="LAO(INF003)2c 03 Vehicles.mp3" path_to_file="LAP\Projects\LAO\Speakers\LAO(INF003)\Audio\LAO(INF003)2c\LAO(INF003)2c 03 Vehicles.mp3"/>
	<entry id="1060030218" project="LAO" informant="INF003" reel="2" region="4" narrative="_Q" label="Vehicles" state="TX" sex="F" age="91" age_level="4" education="1" town="Sayre" county="Wise" land_regions="D" locality="R" date="1962" latitude="33.23476" longitude="-97.5865" file_name="LAO(INF003)2c 04 Vehicles.mp3" path_to_file="LAP\Projects\LAO\Speakers\LAO(INF003)\Audio\LAO(INF003)2c\LAO(INF003)2c 04 Vehicles.mp3"/>
	<entry id="1060030219" project="LAO" informant="INF003" reel="2" region="5" narrative="_Q" label="Dwellings" state="TX" sex="F" age="91" age_level="4" education="1" town="Sayre" county="Wise" land_regions="D" locality="R" date="1962" latitude="33.23476" longitude="-97.5865" file_name="LAO(INF003)2c 05 Dwellings.mp3" path_to_file="LAP\Projects\LAO\Speakers\LAO(INF003)\Audio\LAO(INF003)2c\LAO(INF003)2c 05 Dwellings.mp3"/>
	<entry id="1060030220" project="LAO" informant="INF003" reel="2" region="6" narrative="_Q" label="Social Relations" state="TX" sex="F" age="91" age_level="4" education="1" town="Sayre" county="Wise" land_regions="D" locality="R" date="1962" latitude="33.23476" longitude="-97.5865" file_name="LAO(INF003)2c 06 Social Relations.mp3" path_to_file="LAP\Projects\LAO\Speakers\LAO(INF003)\Audio\LAO(INF003)2c\LAO(INF003)2c 06 Social Relations.mp3"/>
	<entry id="1060030221" project="LAO" informant="INF003" reel="2" region="7" narrative="_Q" label="Clothing" state="TX" sex="F" age="91" age_level="4" education="1" town="Sayre" county="Wise" land_regions="D" locality="R" date="1962" latitude="33.23476" longitude="-97.5865" file_name="LAO(INF003)2c 07 Clothing.mp3" path_to_file="LAP\Projects\LAO\Speakers\LAO(INF003)\Audio\LAO(INF003)2c\LAO(INF003)2c 07 Clothing.mp3"/>
	<entry id="3060030203" project="LAO" informant="INF003" reel="2" region="0" narrative="_I" label="Metadata" state="TX" sex="F" age="91" age_level="4" education="1" town="Sayre" county="Wise" land_regions="D" locality="R" date="1962" latitude="33.23476" longitude="-97.5865" file_name="LAO(INF003)2cmeta.txt" path_to_file="LAP\Projects\LAO\Speakers\LAO(INF003)\Audio\LAO(INF003)2c\LAO(INF003)2cmeta.txt"/>
	<entry id="1060030301" project="LAO" informant="INF003" reel="3" region="1" narrative="_Q" label="Names, Titles and Occupations" state="TX" sex="F" age="91" age_level="4" education="1" town="Sayre" county="Wise" land_regions="D" locality="R" date="1962" latitude="33.23476" longitude="-97.5865" file_name="LAO(INF003)3a 01 Names, Titles and Occupations.mp3" path_to_file="LAP\Projects\LAO\Speakers\LAO(INF003)\Audio\LAO(INF003)3a\LAO(INF003)3a 01 Names, Titles and Occupations.mp3"/>
	<entry id="1060030302" project="LAO" informant="INF003" reel="3" region="2" narrative="_Q" label="Vegetables" state="TX" sex="F" age="91" age_level="4" education="1" town="Sayre" county="Wise" land_regions="D" locality="R" date="1962" latitude="33.23476" longitude="-97.5865" file_name="LAO(INF003)3a 02 Vegetables.mp3" path_to_file="LAP\Projects\LAO\Speakers\LAO(INF003)\Audio\LAO(INF003)3a\LAO(INF003)3a 02 Vegetables.mp3"/>
	<entry id="1060030303" project="LAO" informant="INF003" reel="3" region="3" narrative="_Q" label="Vegetables" state="TX" sex="F" age="91" age_level="4" education="1" town="Sayre" county="Wise" land_regions="D" locality="R" date="1962" latitude="33.23476" longitude="-97.5865" file_name="LAO(INF003)3a 03 Vegetables.mp3" path_to_file="LAP\Projects\LAO\Speakers\LAO(INF003)\Audio\LAO(INF003)3a\LAO(INF003)3a 03 Vegetables.mp3"/>
	<entry id="1060030304" project="LAO" informant="INF003" reel="3" region="4" narrative="_Q" label="Food and Cooking" state="TX" sex="F" age="91" age_level="4" education="1" town="Sayre" county="Wise" land_regions="D" locality="R" date="1962" latitude="33.23476" longitude="-97.5865" file_name="LAO(INF003)3a 04 Food and Cooking.mp3" path_to_file="LAP\Projects\LAO\Speakers\LAO(INF003)\Audio\LAO(INF003)3a\LAO(INF003)3a 04 Food and Cooking.mp3"/>
	<entry id="1060030305" project="LAO" informant="INF003" reel="3" region="5" narrative="_Q" label="Names, Titles and Occupations" state="TX" sex="F" age="91" age_level="4" education="1" town="Sayre" county="Wise" land_regions="D" locality="R" date="1962" latitude="33.23476" longitude="-97.5865" file_name="LAO(INF003)3a 05 Names, Titles and Occupations.mp3" path_to_file="LAP\Projects\LAO\Speakers\LAO(INF003)\Audio\LAO(INF003)3a\LAO(INF003)3a 05 Names, Titles and Occupations.mp3"/>
	<entry id="1060030306" project="LAO" informant="INF003" reel="3" region="6" narrative="_Q" label="Wild Animals" state="TX" sex="F" age="91" age_level="4" education="1" town="Sayre" county="Wise" land_regions="D" locality="R" date="1962" latitude="33.23476" longitude="-97.5865" file_name="LAO(INF003)3a 06 Wild Animals.mp3" path_to_file="LAP\Projects\LAO\Speakers\LAO(INF003)\Audio\LAO(INF003)3a\LAO(INF003)3a 06 Wild Animals.mp3"/>
	<entry id="1060030307" project="LAO" informant="INF003" reel="3" region="7" narrative="_Q" label="Wild Animals" state="TX" sex="F" age="91" age_level="4" education="1" town="Sayre" county="Wise" land_regions="D" locality="R" date="1962" latitude="33.23476" longitude="-97.5865" file_name="LAO(INF003)3a 07 Wild Animals.mp3" path_to_file="LAP\Projects\LAO\Speakers\LAO(INF003)\Audio\LAO(INF003)3a\LAO(INF003)3a 07 Wild Animals.mp3"/>
	<entry id="3060030301" project="LAO" informant="INF003" reel="3" region="0" narrative="_I" label="Metadata" state="TX" sex="F" age="91" age_level="4" education="1" town="Sayre" county="Wise" land_regions="D" locality="R" date="1962" latitude="33.23476" longitude="-97.5865" file_name="LAO(INF003)3ameta.txt" path_to_file="LAP\Projects\LAO\Speakers\LAO(INF003)\Audio\LAO(INF003)3a\LAO(INF003)3ameta.txt"/>
	<entry id="1060030308" project="LAO" informant="INF003" reel="3" region="1" narrative="_Q" label="Topography" state="TX" sex="F" age="91" age_level="4" education="1" town="Sayre" county="Wise" land_regions="D" locality="R" date="1962" latitude="33.23476" longitude="-97.5865" file_name="LAO(INF003)3b 01 Topography.mp3" path_to_file="LAP\Projects\LAO\Speakers\LAO(INF003)\Audio\LAO(INF003)3b\LAO(INF003)3b 01 Topography.mp3"/>
	<entry id="1060030309" project="LAO" informant="INF003" reel="3" region="1" narrative="_Q" label="Wild Animals" state="TX" sex="F" age="91" age_level="4" education="1" town="Sayre" county="Wise" land_regions="D" locality="R" date="1962" latitude="33.23476" longitude="-97.5865" file_name="LAO(INF003)3b 01 Wild Animals.mp3" path_to_file="LAP\Projects\LAO\Speakers\LAO(INF003)\Audio\LAO(INF003)3b\LAO(INF003)3b 01 Wild Animals.mp3"/>
	<entry id="1060030310" project="LAO" informant="INF003" reel="3" region="2" narrative="_Q" label="Wild Animals" state="TX" sex="F" age="91" age_level="4" education="1" town="Sayre" county="Wise" land_regions="D" locality="R" date="1962" latitude="33.23476" longitude="-97.5865" file_name="LAO(INF003)3b 02 Wild Animals.mp3" path_to_file="LAP\Projects\LAO\Speakers\LAO(INF003)\Audio\LAO(INF003)3b\LAO(INF003)3b 02 Wild Animals.mp3"/>
	<entry id="1060030311" project="LAO" informant="INF003" reel="3" region="3" narrative="_Q" label="Trees and Shrubs" state="TX" sex="F" age="91" age_level="4" education="1" town="Sayre" county="Wise" land_regions="D" locality="R" date="1962" latitude="33.23476" longitude="-97.5865" file_name="LAO(INF003)3b 03 Trees and Shrubs.mp3" path_to_file="LAP\Projects\LAO\Speakers\LAO(INF003)\Audio\LAO(INF003)3b\LAO(INF003)3b 03 Trees and Shrubs.mp3"/>
	<entry id="1060030312" project="LAO" informant="INF003" reel="3" region="3" narrative="_Q" label="Wild Animals" state="TX" sex="F" age="91" age_level="4" education="1" town="Sayre" county="Wise" land_regions="D" locality="R" date="1962" latitude="33.23476" longitude="-97.5865" file_name="LAO(INF003)3b 03 Wild Animals.mp3" path_to_file="LAP\Projects\LAO\Speakers\LAO(INF003)\Audio\LAO(INF003)3b\LAO(INF003)3b 03 Wild Animals.mp3"/>
	<entry id="1060030313" project="LAO" informant="INF003" reel="3" region="4" narrative="_Q" label="Names, Titles and Occupations" state="TX" sex="F" age="91" age_level="4" education="1" town="Sayre" county="Wise" land_regions="D" locality="R" date="1962" latitude="33.23476" longitude="-97.5865" file_name="LAO(INF003)3b 04 Names, Titles and Occupations.mp3" path_to_file="LAP\Projects\LAO\Speakers\LAO(INF003)\Audio\LAO(INF003)3b\LAO(INF003)3b 04 Names, Titles and Occupations.mp3"/>
	<entry id="1060030314" project="LAO" informant="INF003" reel="3" region="4" narrative="_Q" label="Trees and Shrubs" state="TX" sex="F" age="91" age_level="4" education="1" town="Sayre" county="Wise" land_regions="D" locality="R" date="1962" latitude="33.23476" longitude="-97.5865" file_name="LAO(INF003)3b 04 Trees and Shrubs.mp3" path_to_file="LAP\Projects\LAO\Speakers\LAO(INF003)\Audio\LAO(INF003)3b\LAO(INF003)3b 04 Trees and Shrubs.mp3"/>
	<entry id="1060030315" project="LAO" informant="INF003" reel="3" region="5" narrative="_Q" label="Names, Titles and Occupations" state="TX" sex="F" age="91" age_level="4" education="1" town="Sayre" county="Wise" land_regions="D" locality="R" date="1962" latitude="33.23476" longitude="-97.5865" file_name="LAO(INF003)3b 05 Names, Titles and Occupations.mp3" path_to_file="LAP\Projects\LAO\Speakers\LAO(INF003)\Audio\LAO(INF003)3b\LAO(INF003)3b 05 Names, Titles and Occupations.mp3"/>
	<entry id="1060030316" project="LAO" informant="INF003" reel="3" region="5" narrative="_Q" label="Trees and Shrubs" state="TX" sex="F" age="91" age_level="4" education="1" town="Sayre" county="Wise" land_regions="D" locality="R" date="1962" latitude="33.23476" longitude="-97.5865" file_name="LAO(INF003)3b 05 Trees and Shrubs.mp3" path_to_file="LAP\Projects\LAO\Speakers\LAO(INF003)\Audio\LAO(INF003)3b\LAO(INF003)3b 05 Trees and Shrubs.mp3"/>
	<entry id="1060030317" project="LAO" informant="INF003" reel="3" region="6" narrative="_Q" label="Family" state="TX" sex="F" age="91" age_level="4" education="1" town="Sayre" county="Wise" land_regions="D" locality="R" date="1962" latitude="33.23476" longitude="-97.5865" file_name="LAO(INF003)3b 06 Family.mp3" path_to_file="LAP\Projects\LAO\Speakers\LAO(INF003)\Audio\LAO(INF003)3b\LAO(INF003)3b 06 Family.mp3"/>
	<entry id="1060030318" project="LAO" informant="INF003" reel="3" region="7" narrative="_Q" label="Names, Titles and Occupations" state="TX" sex="F" age="91" age_level="4" education="1" town="Sayre" county="Wise" land_regions="D" locality="R" date="1962" latitude="33.23476" longitude="-97.5865" file_name="LAO(INF003)3b 07 Names, Titles and Occupations.mp3" path_to_file="LAP\Projects\LAO\Speakers\LAO(INF003)\Audio\LAO(INF003)3b\LAO(INF003)3b 07 Names, Titles and Occupations.mp3"/>
	<entry id="1060030319" project="LAO" informant="INF003" reel="3" region="8" narrative="_Q" label="Family" state="TX" sex="F" age="91" age_level="4" education="1" town="Sayre" county="Wise" land_regions="D" locality="R" date="1962" latitude="33.23476" longitude="-97.5865" file_name="LAO(INF003)3b 08 Family.mp3" path_to_file="LAP\Projects\LAO\Speakers\LAO(INF003)\Audio\LAO(INF003)3b\LAO(INF003)3b 08 Family.mp3"/>
	<entry id="1060030320" project="LAO" informant="INF003" reel="3" region="9" narrative="_Q" label="Names, Titles and Occupations" state="TX" sex="F" age="91" age_level="4" education="1" town="Sayre" county="Wise" land_regions="D" locality="R" date="1962" latitude="33.23476" longitude="-97.5865" file_name="LAO(INF003)3b 09 Names, Titles and Occupations.mp3" path_to_file="LAP\Projects\LAO\Speakers\LAO(INF003)\Audio\LAO(INF003)3b\LAO(INF003)3b 09 Names, Titles and Occupations.mp3"/>
	<entry id="1060030321" project="LAO" informant="INF003" reel="3" region="10" narrative="_Q" label="Names, Titles and Occupations" state="TX" sex="F" age="91" age_level="4" education="1" town="Sayre" county="Wise" land_regions="D" locality="R" date="1962" latitude="33.23476" longitude="-97.5865" file_name="LAO(INF003)3b 10 Names, Titles and Occupations.mp3" path_to_file="LAP\Projects\LAO\Speakers\LAO(INF003)\Audio\LAO(INF003)3b\LAO(INF003)3b 10 Names, Titles and Occupations.mp3"/>
	<entry id="1060030322" project="LAO" informant="INF003" reel="3" region="11" narrative="_Q" label="Topography" state="TX" sex="F" age="91" age_level="4" education="1" town="Sayre" county="Wise" land_regions="D" locality="R" date="1962" latitude="33.23476" longitude="-97.5865" file_name="LAO(INF003)3b 11 Topography.mp3" path_to_file="LAP\Projects\LAO\Speakers\LAO(INF003)\Audio\LAO(INF003)3b\LAO(INF003)3b 11 Topography.mp3"/>
	<entry id="3060030302" project="LAO" informant="INF003" reel="3" region="0" narrative="_I" label="Metadata" state="TX" sex="F" age="91" age_level="4" education="1" town="Sayre" county="Wise" land_regions="D" locality="R" date="1962" latitude="33.23476" longitude="-97.5865" file_name="LAO(INF003)3bmeta.txt" path_to_file="LAP\Projects\LAO\Speakers\LAO(INF003)\Audio\LAO(INF003)3b\LAO(INF003)3bmeta.txt"/>
	<entry id="1060030401" project="LAO" informant="INF003" reel="4" region="1" narrative="_Q" label="Numerals" state="TX" sex="F" age="91" age_level="4" education="1" town="Sayre" county="Wise" land_regions="D" locality="R" date="1962" latitude="33.23476" longitude="-97.5865" file_name="LAO(INF003)4 01 Numerals.mp3" path_to_file="LAP\Projects\LAO\Speakers\LAO(INF003)\Audio\LAO(INF003)4\LAO(INF003)4 01 Numerals.mp3"/>
	<entry id="1060030402" project="LAO" informant="INF003" reel="4" region="2" narrative="_Q" label="Numerals" state="TX" sex="F" age="91" age_level="4" education="1" town="Sayre" county="Wise" land_regions="D" locality="R" date="1962" latitude="33.23476" longitude="-97.5865" file_name="LAO(INF003)4 02 Numerals.mp3" path_to_file="LAP\Projects\LAO\Speakers\LAO(INF003)\Audio\LAO(INF003)4\LAO(INF003)4 02 Numerals.mp3"/>
	<entry id="1060030403" project="LAO" informant="INF003" reel="4" region="3" narrative="_Q" label="Time" state="TX" sex="F" age="91" age_level="4" education="1" town="Sayre" county="Wise" land_regions="D" locality="R" date="1962" latitude="33.23476" longitude="-97.5865" file_name="LAO(INF003)4 03 Time.mp3" path_to_file="LAP\Projects\LAO\Speakers\LAO(INF003)\Audio\LAO(INF003)4\LAO(INF003)4 03 Time.mp3"/>
	<entry id="1060030404" project="LAO" informant="INF003" reel="4" region="4" narrative="_Q" label="Numerals" state="TX" sex="F" age="91" age_level="4" education="1" town="Sayre" county="Wise" land_regions="D" locality="R" date="1962" latitude="33.23476" longitude="-97.5865" file_name="LAO(INF003)4 04 Numerals.mp3" path_to_file="LAP\Projects\LAO\Speakers\LAO(INF003)\Audio\LAO(INF003)4\LAO(INF003)4 04 Numerals.mp3"/>
	<entry id="1060030405" project="LAO" informant="INF003" reel="4" region="5" narrative="_Q" label="Weather" state="TX" sex="F" age="91" age_level="4" education="1" town="Sayre" county="Wise" land_regions="D" locality="R" date="1962" latitude="33.23476" longitude="-97.5865" file_name="LAO(INF003)4 05 Weather.mp3" path_to_file="LAP\Projects\LAO\Speakers\LAO(INF003)\Audio\LAO(INF003)4\LAO(INF003)4 05 Weather.mp3"/>
	<entry id="1060030406" project="LAO" informant="INF003" reel="4" region="6" narrative="_Q" label="Public Institutions" state="TX" sex="F" age="91" age_level="4" education="1" town="Sayre" county="Wise" land_regions="D" locality="R" date="1962" latitude="33.23476" longitude="-97.5865" file_name="LAO(INF003)4 06 Public Institutions.mp3" path_to_file="LAP\Projects\LAO\Speakers\LAO(INF003)\Audio\LAO(INF003)4\LAO(INF003)4 06 Public Institutions.mp3"/>
	<entry id="1060030407" project="LAO" informant="INF003" reel="4" region="7" narrative="_Q" label="Public Institutions" state="TX" sex="F" age="91" age_level="4" education="1" town="Sayre" county="Wise" land_regions="D" locality="R" date="1962" latitude="33.23476" longitude="-97.5865" file_name="LAO(INF003)4 07 Public Institutions.mp3" path_to_file="LAP\Projects\LAO\Speakers\LAO(INF003)\Audio\LAO(INF003)4\LAO(INF003)4 07 Public Institutions.mp3"/>
	<entry id="3060030401" project="LAO" informant="INF003" reel="4" region="0" narrative="_I" label="Metadata" state="TX" sex="F" age="91" age_level="4" education="1" town="Sayre" county="Wise" land_regions="D" locality="R" date="1962" latitude="33.23476" longitude="-97.5865" file_name="LAO(INF003)4meta.txt" path_to_file="LAP\Projects\LAO\Speakers\LAO(INF003)\Audio\LAO(INF003)4\LAO(INF003)4meta.txt"/>
	<entry id="1060030501" project="LAO" informant="INF003" reel="5" region="1" narrative="_Q" label="Names, Titles and Occupations" state="TX" sex="F" age="91" age_level="4" education="1" town="Sayre" county="Wise" land_regions="D" locality="R" date="1962" latitude="33.23476" longitude="-97.5865" file_name="LAO(INF003)5a 01 Names, Titles and Occupations.mp3" path_to_file="LAP\Projects\LAO\Speakers\LAO(INF003)\Audio\LAO(INF003)5a\LAO(INF003)5a 01 Names, Titles and Occupations.mp3"/>
	<entry id="1060030502" project="LAO" informant="INF003" reel="5" region="2" narrative="_Q" label="Personal Characteristics" state="TX" sex="F" age="91" age_level="4" education="1" town="Sayre" county="Wise" land_regions="D" locality="R" date="1962" latitude="33.23476" longitude="-97.5865" file_name="LAO(INF003)5a 02 Personal Characteristics.mp3" path_to_file="LAP\Projects\LAO\Speakers\LAO(INF003)\Audio\LAO(INF003)5a\LAO(INF003)5a 02 Personal Characteristics.mp3"/>
	<entry id="1060030503" project="LAO" informant="INF003" reel="5" region="3" narrative="_N" label="Illness and Death" state="TX" sex="F" age="91" age_level="4" education="1" town="Sayre" county="Wise" land_regions="D" locality="R" date="1962" latitude="33.23476" longitude="-97.5865" file_name="LAO(INF003)5a 03 Illness and Death_N.mp3" path_to_file="LAP\Projects\LAO\Speakers\LAO(INF003)\Audio\LAO(INF003)5a\LAO(INF003)5a 03 Illness and Death_N.mp3"/>
	<entry id="1060030504" project="LAO" informant="INF003" reel="5" region="4" narrative="_Q" label="Illness and Death" state="TX" sex="F" age="91" age_level="4" education="1" town="Sayre" county="Wise" land_regions="D" locality="R" date="1962" latitude="33.23476" longitude="-97.5865" file_name="LAO(INF003)5a 04 Illness and Death.mp3" path_to_file="LAP\Projects\LAO\Speakers\LAO(INF003)\Audio\LAO(INF003)5a\LAO(INF003)5a 04 Illness and Death.mp3"/>
	<entry id="1060030505" project="LAO" informant="INF003" reel="5" region="5" narrative="_Q" label="Illness and Death" state="TX" sex="F" age="91" age_level="4" education="1" town="Sayre" county="Wise" land_regions="D" locality="R" date="1962" latitude="33.23476" longitude="-97.5865" file_name="LAO(INF003)5a 05 Illness and Death.mp3" path_to_file="LAP\Projects\LAO\Speakers\LAO(INF003)\Audio\LAO(INF003)5a\LAO(INF003)5a 05 Illness and Death.mp3"/>
	<entry id="1060030506" project="LAO" informant="INF003" reel="5" region="6" narrative="_Q" label="Illness and Death" state="TX" sex="F" age="91" age_level="4" education="1" town="Sayre" county="Wise" land_regions="D" locality="R" date="1962" latitude="33.23476" longitude="-97.5865" file_name="LAO(INF003)5a 06 Illness and Death.mp3" path_to_file="LAP\Projects\LAO\Speakers\LAO(INF003)\Audio\LAO(INF003)5a\LAO(INF003)5a 06 Illness and Death.mp3"/>
	<entry id="1060030507" project="LAO" informant="INF003" reel="5" region="7" narrative="_Q" label="Illness and Death" state="TX" sex="F" age="91" age_level="4" education="1" town="Sayre" county="Wise" land_regions="D" locality="R" date="1962" latitude="33.23476" longitude="-97.5865" file_name="LAO(INF003)5a 07 Illness and Death.mp3" path_to_file="LAP\Projects\LAO\Speakers\LAO(INF003)\Audio\LAO(INF003)5a\LAO(INF003)5a 07 Illness and Death.mp3"/>
	<entry id="3060030501" project="LAO" informant="INF003" reel="5" region="0" narrative="_I" label="Metadata" state="TX" sex="F" age="91" age_level="4" education="1" town="Sayre" county="Wise" land_regions="D" locality="R" date="1962" latitude="33.23476" longitude="-97.5865" file_name="LAO(INF003)5ameta.txt" path_to_file="LAP\Projects\LAO\Speakers\LAO(INF003)\Audio\LAO(INF003)5a\LAO(INF003)5ameta.txt"/>
	<entry id="1060030508" project="LAO" informant="INF003" reel="5" region="1" narrative="_Q" label="Illness and Death" state="TX" sex="F" age="91" age_level="4" education="1" town="Sayre" county="Wise" land_regions="D" locality="R" date="1962" latitude="33.23476" longitude="-97.5865" file_name="LAO(INF003)5b 01 Illness and Death.mp3" path_to_file="LAP\Projects\LAO\Speakers\LAO(INF003)\Audio\LAO(INF003)5b\LAO(INF003)5b 01 Illness and Death.mp3"/>
	<entry id="1060030509" project="LAO" informant="INF003" reel="5" region="2" narrative="_N" label="Family" state="TX" sex="F" age="91" age_level="4" education="1" town="Sayre" county="Wise" land_regions="D" locality="R" date="1962" latitude="33.23476" longitude="-97.5865" file_name="LAO(INF003)5b 02 Family_N.mp3" path_to_file="LAP\Projects\LAO\Speakers\LAO(INF003)\Audio\LAO(INF003)5b\LAO(INF003)5b 02 Family_N.mp3"/>
	<entry id="1060030510" project="LAO" informant="INF003" reel="5" region="3" narrative="_Q" label="Social Relations" state="TX" sex="F" age="91" age_level="4" education="1" town="Sayre" county="Wise" land_regions="D" locality="R" date="1962" latitude="33.23476" longitude="-97.5865" file_name="LAO(INF003)5b 03 Social Relations.mp3" path_to_file="LAP\Projects\LAO\Speakers\LAO(INF003)\Audio\LAO(INF003)5b\LAO(INF003)5b 03 Social Relations.mp3"/>
	<entry id="1060030511" project="LAO" informant="INF003" reel="5" region="4" narrative="_Q" label="Time" state="TX" sex="F" age="91" age_level="4" education="1" town="Sayre" county="Wise" land_regions="D" locality="R" date="1962" latitude="33.23476" longitude="-97.5865" file_name="LAO(INF003)5b 04 Time.mp3" path_to_file="LAP\Projects\LAO\Speakers\LAO(INF003)\Audio\LAO(INF003)5b\LAO(INF003)5b 04 Time.mp3"/>
	<entry id="1060030512" project="LAO" informant="INF003" reel="5" region="5" narrative="_Q" label="Public Institutions" state="TX" sex="F" age="91" age_level="4" education="1" town="Sayre" county="Wise" land_regions="D" locality="R" date="1962" latitude="33.23476" longitude="-97.5865" file_name="LAO(INF003)5b 05 Public Institutions.mp3" path_to_file="LAP\Projects\LAO\Speakers\LAO(INF003)\Audio\LAO(INF003)5b\LAO(INF003)5b 05 Public Institutions.mp3"/>
	<entry id="1060030513" project="LAO" informant="INF003" reel="5" region="6" narrative="_Q" label="Vehicles" state="TX" sex="F" age="91" age_level="4" education="1" town="Sayre" county="Wise" land_regions="D" locality="R" date="1962" latitude="33.23476" longitude="-97.5865" file_name="LAO(INF003)5b 06 Vehicles.mp3" path_to_file="LAP\Projects\LAO\Speakers\LAO(INF003)\Audio\LAO(INF003)5b\LAO(INF003)5b 06 Vehicles.mp3"/>
	<entry id="1060030514" project="LAO" informant="INF003" reel="5" region="7" narrative="_Q" label="Geography" state="TX" sex="F" age="91" age_level="4" education="1" town="Sayre" county="Wise" land_regions="D" locality="R" date="1962" latitude="33.23476" longitude="-97.5865" file_name="LAO(INF003)5b 07 Geography.mp3" path_to_file="LAP\Projects\LAO\Speakers\LAO(INF003)\Audio\LAO(INF003)5b\LAO(INF003)5b 07 Geography.mp3"/>
	<entry id="3060030502" project="LAO" informant="INF003" reel="5" region="0" narrative="_I" label="Metadata" state="TX" sex="F" age="91" age_level="4" education="1" town="Sayre" county="Wise" land_regions="D" locality="R" date="1962" latitude="33.23476" longitude="-97.5865" file_name="LAO(INF003)5bmeta.txt" path_to_file="LAP\Projects\LAO\Speakers\LAO(INF003)\Audio\LAO(INF003)5b\LAO(INF003)5bmeta.txt"/>
	<entry id="1060030515" project="LAO" informant="INF003" reel="5" region="1" narrative="_Q" label="Geography" state="TX" sex="F" age="91" age_level="4" education="1" town="Sayre" county="Wise" land_regions="D" locality="R" date="1962" latitude="33.23476" longitude="-97.5865" file_name="LAO(INF003)5c 01 Geography.mp3" path_to_file="LAP\Projects\LAO\Speakers\LAO(INF003)\Audio\LAO(INF003)5c\LAO(INF003)5c 01 Geography.mp3"/>
	<entry id="1060030516" project="LAO" informant="INF003" reel="5" region="2" narrative="_Q" label="Religion" state="TX" sex="F" age="91" age_level="4" education="1" town="Sayre" county="Wise" land_regions="D" locality="R" date="1962" latitude="33.23476" longitude="-97.5865" file_name="LAO(INF003)5c 02 Religion.mp3" path_to_file="LAP\Projects\LAO\Speakers\LAO(INF003)\Audio\LAO(INF003)5c\LAO(INF003)5c 02 Religion.mp3"/>
	<entry id="1060030517" project="LAO" informant="INF003" reel="5" region="3" narrative="_Q" label="Religion" state="TX" sex="F" age="91" age_level="4" education="1" town="Sayre" county="Wise" land_regions="D" locality="R" date="1962" latitude="33.23476" longitude="-97.5865" file_name="LAO(INF003)5c 03 Religion.mp3" path_to_file="LAP\Projects\LAO\Speakers\LAO(INF003)\Audio\LAO(INF003)5c\LAO(INF003)5c 03 Religion.mp3"/>
	<entry id="1060030518" project="LAO" informant="INF003" reel="5" region="4" narrative="_Q" label="Greetings and Salutations" state="TX" sex="F" age="91" age_level="4" education="1" town="Sayre" county="Wise" land_regions="D" locality="R" date="1962" latitude="33.23476" longitude="-97.5865" file_name="LAO(INF003)5c 04 Greetings and Salutations.mp3" path_to_file="LAP\Projects\LAO\Speakers\LAO(INF003)\Audio\LAO(INF003)5c\LAO(INF003)5c 04 Greetings and Salutations.mp3"/>
	<entry id="1060030519" project="LAO" informant="INF003" reel="5" region="5" narrative="_Q" label="Verbs_ Principal Parts" state="TX" sex="F" age="91" age_level="4" education="1" town="Sayre" county="Wise" land_regions="D" locality="R" date="1962" latitude="33.23476" longitude="-97.5865" file_name="LAO(INF003)5c 05 Verbs_ Principal Parts.mp3" path_to_file="LAP\Projects\LAO\Speakers\LAO(INF003)\Audio\LAO(INF003)5c\LAO(INF003)5c 05 Verbs_ Principal Parts.mp3"/>
	<entry id="1060030520" project="LAO" informant="INF003" reel="5" region="6" narrative="_Q" label="Illness and Death" state="TX" sex="F" age="91" age_level="4" education="1" town="Sayre" county="Wise" land_regions="D" locality="R" date="1962" latitude="33.23476" longitude="-97.5865" file_name="LAO(INF003)5c 06 Illness and Death.mp3" path_to_file="LAP\Projects\LAO\Speakers\LAO(INF003)\Audio\LAO(INF003)5c\LAO(INF003)5c 06 Illness and Death.mp3"/>
	<entry id="1060030521" project="LAO" informant="INF003" reel="5" region="7" narrative="_Q" label="Verbs_ Prinicpal Parts" state="TX" sex="F" age="91" age_level="4" education="1" town="Sayre" county="Wise" land_regions="D" locality="R" date="1962" latitude="33.23476" longitude="-97.5865" file_name="LAO(INF003)5c 07 Verbs_ Prinicpal Parts.mp3" path_to_file="LAP\Projects\LAO\Speakers\LAO(INF003)\Audio\LAO(INF003)5c\LAO(INF003)5c 07 Verbs_ Prinicpal Parts.mp3"/>
	<entry id="1060030522" project="LAO" informant="INF003" reel="5" region="8" narrative="_N" label="Wild Animals" state="TX" sex="F" age="91" age_level="4" education="1" town="Sayre" county="Wise" land_regions="D" locality="R" date="1962" latitude="33.23476" longitude="-97.5865" file_name="LAO(INF003)5c 08 Wild Animals_N.mp3" path_to_file="LAP\Projects\LAO\Speakers\LAO(INF003)\Audio\LAO(INF003)5c\LAO(INF003)5c 08 Wild Animals_N.mp3"/>
	<entry id="1060030523" project="LAO" informant="INF003" reel="5" region="9" narrative="_Q" label="Public Institutions" state="TX" sex="F" age="91" age_level="4" education="1" town="Sayre" county="Wise" land_regions="D" locality="R" date="1962" latitude="33.23476" longitude="-97.5865" file_name="LAO(INF003)5c 09 Public Institutions.mp3" path_to_file="LAP\Projects\LAO\Speakers\LAO(INF003)\Audio\LAO(INF003)5c\LAO(INF003)5c 09 Public Institutions.mp3"/>
	<entry id="3060030503" project="LAO" informant="INF003" reel="5" region="0" narrative="_I" label="Metadata" state="TX" sex="F" age="91" age_level="4" education="1" town="Sayre" county="Wise" land_regions="D" locality="R" date="1962" latitude="33.23476" longitude="-97.5865" file_name="LAO(INF003)5cmeta.txt" path_to_file="LAP\Projects\LAO\Speakers\LAO(INF003)\Audio\LAO(INF003)5c\LAO(INF003)5cmeta.txt"/>
	<entry id="3060030001" project="LAO" informant="INF003" reel="0" region="0" narrative="_I" label="Biographical Information" state="TX" sex="F" age="91" age_level="4" education="1" town="Sayre" county="Wise" land_regions="D" locality="R" date="1962" latitude="33.23476" longitude="-97.5865" file_name="LAO(INF003)BIO.txt" path_to_file="LAP\Projects\LAO\Speakers\LAO(INF003)\Text\LAO(INF003)BIO.txt"/>
</Audio>