<?xml version="1.0" encoding="UTF-8" standalone="yes"?>
<Audio>
	<entry id="1060110101" project="LAO" informant="INF011" reel="1a" region="1" narrative="_Q" label="Dwellings" state="OK" sex="M " age="72" age_level="3" education="3" town="Stillwater" county="Payne" land_regions="D" locality="U" date="1962" latitude="36.11574" longitude="-97.05865" file_name="LAO(INF011)1a 01 Dwellings.mp3" path_to_file="LAP\Projects\LAO\Speakers\LAO(INF011)\Audio\LAO(INF011)1a\LAO(INF011)1a 01 Dwellings.mp3"/>
	<entry id="1060110102" project="LAO" informant="INF011" reel="1a" region="2" narrative="_Q" label="Dwellings" state="OK" sex="M " age="72" age_level="3" education="3" town="Stillwater" county="Payne" land_regions="D" locality="U" date="1962" latitude="36.11574" longitude="-97.05865" file_name="LAO(INF011)1a 02 Dwellings.mp3" path_to_file="LAP\Projects\LAO\Speakers\LAO(INF011)\Audio\LAO(INF011)1a\LAO(INF011)1a 02 Dwellings.mp3"/>
	<entry id="1060110103" project="LAO" informant="INF011" reel="1a" region="3" narrative="_Q" label="Dwellings" state="OK" sex="M " age="72" age_level="3" education="3" town="Stillwater" county="Payne" land_regions="D" locality="U" date="1962" latitude="36.11574" longitude="-97.05865" file_name="LAO(INF011)1a 03 Dwellings.mp3" path_to_file="LAP\Projects\LAO\Speakers\LAO(INF011)\Audio\LAO(INF011)1a\LAO(INF011)1a 03 Dwellings.mp3"/>
	<entry id="1060110104" project="LAO" informant="INF011" reel="1a" region="4" narrative="_Q" label="Dwellings" state="OK" sex="M " age="72" age_level="3" education="3" town="Stillwater" county="Payne" land_regions="D" locality="U" date="1962" latitude="36.11574" longitude="-97.05865" file_name="LAO(INF011)1a 04 Dwellings.mp3" path_to_file="LAP\Projects\LAO\Speakers\LAO(INF011)\Audio\LAO(INF011)1a\LAO(INF011)1a 04 Dwellings.mp3"/>
	<entry id="1060110105" project="LAO" informant="INF011" reel="1a" region="5" narrative="_Q" label="Dwellings" state="OK" sex="M " age="72" age_level="3" education="3" town="Stillwater" county="Payne" land_regions="D" locality="U" date="1962" latitude="36.11574" longitude="-97.05865" file_name="LAO(INF011)1a 05 Dwellings.mp3" path_to_file="LAP\Projects\LAO\Speakers\LAO(INF011)\Audio\LAO(INF011)1a\LAO(INF011)1a 05 Dwellings.mp3"/>
	<entry id="1060110106" project="LAO" informant="INF011" reel="1a" region="6" narrative="_Q" label="Dwellings" state="OK" sex="M " age="72" age_level="3" education="3" town="Stillwater" county="Payne" land_regions="D" locality="U" date="1962" latitude="36.11574" longitude="-97.05865" file_name="LAO(INF011)1a 06 Dwellings.mp3" path_to_file="LAP\Projects\LAO\Speakers\LAO(INF011)\Audio\LAO(INF011)1a\LAO(INF011)1a 06 Dwellings.mp3"/>
	<entry id="1060110107" project="LAO" informant="INF011" reel="1a" region="7" narrative="_Q" label="Dwellings" state="OK" sex="M " age="72" age_level="3" education="3" town="Stillwater" county="Payne" land_regions="D" locality="U" date="1962" latitude="36.11574" longitude="-97.05865" file_name="LAO(INF011)1a 07 Dwellings.mp3" path_to_file="LAP\Projects\LAO\Speakers\LAO(INF011)\Audio\LAO(INF011)1a\LAO(INF011)1a 07 Dwellings.mp3"/>
	<entry id="3060110101" project="LAO" informant="INF011" reel="1a" region="0" narrative="_I" label="Metadata" state="OK" sex="M " age="72" age_level="3" education="3" town="Stillwater" county="Payne" land_regions="D" locality="U" date="1962" latitude="36.11574" longitude="-97.05865" file_name="LAO(INF011)1ameta.txt" path_to_file="LAP\Projects\LAO\Speakers\LAO(INF011)\Audio\LAO(INF011)1a\LAO(INF011)1ameta.txt"/>
	<entry id="1060110108" project="LAO" informant="INF011" reel="1b" region="1" narrative="_N" label="Dwellings" state="OK" sex="M " age="72" age_level="3" education="3" town="Stillwater" county="Payne" land_regions="D" locality="U" date="1962" latitude="36.11574" longitude="-97.05865" file_name="LAO(INF011)1b 01 Dwellings_N.mp3" path_to_file="LAP\Projects\LAO\Speakers\LAO(INF011)\Audio\LAO(INF011)1b\LAO(INF011)1b 01 Dwellings_N.mp3"/>
	<entry id="1060110109" project="LAO" informant="INF011" reel="1b" region="2" narrative="_Q" label="The Farm" state="OK" sex="M " age="72" age_level="3" education="3" town="Stillwater" county="Payne" land_regions="D" locality="U" date="1962" latitude="36.11574" longitude="-97.05865" file_name="LAO(INF011)1b 02 The Farm.mp3" path_to_file="LAP\Projects\LAO\Speakers\LAO(INF011)\Audio\LAO(INF011)1b\LAO(INF011)1b 02 The Farm.mp3"/>
	<entry id="1060110110" project="LAO" informant="INF011" reel="1b" region="3" narrative="_Q" label="The Farm" state="OK" sex="M " age="72" age_level="3" education="3" town="Stillwater" county="Payne" land_regions="D" locality="U" date="1962" latitude="36.11574" longitude="-97.05865" file_name="LAO(INF011)1b 03 The Farm.mp3" path_to_file="LAP\Projects\LAO\Speakers\LAO(INF011)\Audio\LAO(INF011)1b\LAO(INF011)1b 03 The Farm.mp3"/>
	<entry id="1060110111" project="LAO" informant="INF011" reel="1b" region="4" narrative="_Q" label="The Farm" state="OK" sex="M " age="72" age_level="3" education="3" town="Stillwater" county="Payne" land_regions="D" locality="U" date="1962" latitude="36.11574" longitude="-97.05865" file_name="LAO(INF011)1b 04 The Farm.mp3" path_to_file="LAP\Projects\LAO\Speakers\LAO(INF011)\Audio\LAO(INF011)1b\LAO(INF011)1b 04 The Farm.mp3"/>
	<entry id="1060110112" project="LAO" informant="INF011" reel="1b" region="5" narrative="_Q" label="Containers and Utensils" state="OK" sex="M " age="72" age_level="3" education="3" town="Stillwater" county="Payne" land_regions="D" locality="U" date="1962" latitude="36.11574" longitude="-97.05865" file_name="LAO(INF011)1b 05 Containers and Utensils.mp3" path_to_file="LAP\Projects\LAO\Speakers\LAO(INF011)\Audio\LAO(INF011)1b\LAO(INF011)1b 05 Containers and Utensils.mp3"/>
	<entry id="1060110113" project="LAO" informant="INF011" reel="1b" region="6" narrative="_Q" label="Containers and Utensils" state="OK" sex="M " age="72" age_level="3" education="3" town="Stillwater" county="Payne" land_regions="D" locality="U" date="1962" latitude="36.11574" longitude="-97.05865" file_name="LAO(INF011)1b 06 Containers and Utensils.mp3" path_to_file="LAP\Projects\LAO\Speakers\LAO(INF011)\Audio\LAO(INF011)1b\LAO(INF011)1b 06 Containers and Utensils.mp3"/>
	<entry id="1060110114" project="LAO" informant="INF011" reel="1b" region="7" narrative="_Q" label="Vehicles" state="OK" sex="M " age="72" age_level="3" education="3" town="Stillwater" county="Payne" land_regions="D" locality="U" date="1962" latitude="36.11574" longitude="-97.05865" file_name="LAO(INF011)1b 07 Vehicles.mp3" path_to_file="LAP\Projects\LAO\Speakers\LAO(INF011)\Audio\LAO(INF011)1b\LAO(INF011)1b 07 Vehicles.mp3"/>
	<entry id="3060110102" project="LAO" informant="INF011" reel="1b" region="0" narrative="_I" label="Metadata" state="OK" sex="M " age="72" age_level="3" education="3" town="Stillwater" county="Payne" land_regions="D" locality="U" date="1962" latitude="36.11574" longitude="-97.05865" file_name="LAO(INF011)1bmeta.txt" path_to_file="LAP\Projects\LAO\Speakers\LAO(INF011)\Audio\LAO(INF011)1b\LAO(INF011)1bmeta.txt"/>
	<entry id="1060110115" project="LAO" informant="INF011" reel="1c" region="1" narrative="_Q" label="Containers and Utensils" state="OK" sex="M " age="72" age_level="3" education="3" town="Stillwater" county="Payne" land_regions="D" locality="U" date="1962" latitude="36.11574" longitude="-97.05865" file_name="LAO(INF011)1c 01 Containers and Utensils.mp3" path_to_file="LAP\Projects\LAO\Speakers\LAO(INF011)\Audio\LAO(INF011)1c\LAO(INF011)1c 01 Containers and Utensils.mp3"/>
	<entry id="1060110116" project="LAO" informant="INF011" reel="1c" region="2" narrative="_N" label="Business" state="OK" sex="M " age="72" age_level="3" education="3" town="Stillwater" county="Payne" land_regions="D" locality="U" date="1962" latitude="36.11574" longitude="-97.05865" file_name="LAO(INF011)1c 02 Business_N.mp3" path_to_file="LAP\Projects\LAO\Speakers\LAO(INF011)\Audio\LAO(INF011)1c\LAO(INF011)1c 02 Business_N.mp3"/>
	<entry id="1060110117" project="LAO" informant="INF011" reel="1c" region="3" narrative="_Q" label="Sport and Play" state="OK" sex="M " age="72" age_level="3" education="3" town="Stillwater" county="Payne" land_regions="D" locality="U" date="1962" latitude="36.11574" longitude="-97.05865" file_name="LAO(INF011)1c 03 Sport and Play.mp3" path_to_file="LAP\Projects\LAO\Speakers\LAO(INF011)\Audio\LAO(INF011)1c\LAO(INF011)1c 03 Sport and Play.mp3"/>
	<entry id="1060110118" project="LAO" informant="INF011" reel="1c" region="4" narrative="_Q" label="Clothing" state="OK" sex="M " age="72" age_level="3" education="3" town="Stillwater" county="Payne" land_regions="D" locality="U" date="1962" latitude="36.11574" longitude="-97.05865" file_name="LAO(INF011)1c 04 Clothing.mp3" path_to_file="LAP\Projects\LAO\Speakers\LAO(INF011)\Audio\LAO(INF011)1c\LAO(INF011)1c 04 Clothing.mp3"/>
	<entry id="1060110119" project="LAO" informant="INF011" reel="1c" region="5" narrative="_Q" label="Topography" state="OK" sex="M " age="72" age_level="3" education="3" town="Stillwater" county="Payne" land_regions="D" locality="U" date="1962" latitude="36.11574" longitude="-97.05865" file_name="LAO(INF011)1c 05 Topography.mp3" path_to_file="LAP\Projects\LAO\Speakers\LAO(INF011)\Audio\LAO(INF011)1c\LAO(INF011)1c 05 Topography.mp3"/>
	<entry id="1060110120" project="LAO" informant="INF011" reel="1c" region="6" narrative="_Q" label="Agriculture" state="OK" sex="M " age="72" age_level="3" education="3" town="Stillwater" county="Payne" land_regions="D" locality="U" date="1962" latitude="36.11574" longitude="-97.05865" file_name="LAO(INF011)1c 06 Agriculture.mp3" path_to_file="LAP\Projects\LAO\Speakers\LAO(INF011)\Audio\LAO(INF011)1c\LAO(INF011)1c 06 Agriculture.mp3"/>
	<entry id="1060110121" project="LAO" informant="INF011" reel="1c" region="7" narrative="_Q" label="Calls to Animals" state="OK" sex="M " age="72" age_level="3" education="3" town="Stillwater" county="Payne" land_regions="D" locality="U" date="1962" latitude="36.11574" longitude="-97.05865" file_name="LAO(INF011)1c 07 Calls to Animals.mp3" path_to_file="LAP\Projects\LAO\Speakers\LAO(INF011)\Audio\LAO(INF011)1c\LAO(INF011)1c 07 Calls to Animals.mp3"/>
	<entry id="1060110122" project="LAO" informant="INF011" reel="1c" region="8" narrative="_Q" label="Sport and Play" state="OK" sex="M " age="72" age_level="3" education="3" town="Stillwater" county="Payne" land_regions="D" locality="U" date="1962" latitude="36.11574" longitude="-97.05865" file_name="LAO(INF011)1c 08 Sport and Play.mp3" path_to_file="LAP\Projects\LAO\Speakers\LAO(INF011)\Audio\LAO(INF011)1c\LAO(INF011)1c 08 Sport and Play.mp3"/>
	<entry id="3060110103" project="LAO" informant="INF011" reel="1c" region="0" narrative="_I" label="Metadata" state="OK" sex="M " age="72" age_level="3" education="3" town="Stillwater" county="Payne" land_regions="D" locality="U" date="1962" latitude="36.11574" longitude="-97.05865" file_name="LAO(INF011)1cmeta.txt" path_to_file="LAP\Projects\LAO\Speakers\LAO(INF011)\Audio\LAO(INF011)1c\LAO(INF011)1cmeta.txt"/>
	<entry id="1060110201" project="LAO" informant="INF011" reel="2a" region="1" narrative="_Q" label="The Farm" state="OK" sex="M " age="72" age_level="3" education="3" town="Stillwater" county="Payne" land_regions="D" locality="U" date="1962" latitude="36.11574" longitude="-97.05865" file_name="LAO(INF011)2a 01 The Farm.mp3" path_to_file="LAP\Projects\LAO\Speakers\LAO(INF011)\Audio\LAO(INF011)2a\LAO(INF011)2a 01 The Farm.mp3"/>
	<entry id="1060110202" project="LAO" informant="INF011" reel="2a" region="2" narrative="_Q" label="Calls to Animals" state="OK" sex="M " age="72" age_level="3" education="3" town="Stillwater" county="Payne" land_regions="D" locality="U" date="1962" latitude="36.11574" longitude="-97.05865" file_name="LAO(INF011)2a 02 Calls to Animals.mp3" path_to_file="LAP\Projects\LAO\Speakers\LAO(INF011)\Audio\LAO(INF011)2a\LAO(INF011)2a 02 Calls to Animals.mp3"/>
	<entry id="1060110203" project="LAO" informant="INF011" reel="2a" region="3" narrative="_Q" label="Agriculture" state="OK" sex="M " age="72" age_level="3" education="3" town="Stillwater" county="Payne" land_regions="D" locality="U" date="1962" latitude="36.11574" longitude="-97.05865" file_name="LAO(INF011)2a 03 Agriculture.mp3" path_to_file="LAP\Projects\LAO\Speakers\LAO(INF011)\Audio\LAO(INF011)2a\LAO(INF011)2a 03 Agriculture.mp3"/>
	<entry id="1060110204" project="LAO" informant="INF011" reel="2a" region="4" narrative="_N" label="Food and Cooking" state="OK" sex="M " age="72" age_level="3" education="3" town="Stillwater" county="Payne" land_regions="D" locality="U" date="1962" latitude="36.11574" longitude="-97.05865" file_name="LAO(INF011)2a 04 Food and Cooking_N.mp3" path_to_file="LAP\Projects\LAO\Speakers\LAO(INF011)\Audio\LAO(INF011)2a\LAO(INF011)2a 04 Food and Cooking_N.mp3"/>
	<entry id="1060110205" project="LAO" informant="INF011" reel="2a" region="5" narrative="_Q" label="Food and Cooking" state="OK" sex="M " age="72" age_level="3" education="3" town="Stillwater" county="Payne" land_regions="D" locality="U" date="1962" latitude="36.11574" longitude="-97.05865" file_name="LAO(INF011)2a 05 Food and Cooking.mp3" path_to_file="LAP\Projects\LAO\Speakers\LAO(INF011)\Audio\LAO(INF011)2a\LAO(INF011)2a 05 Food and Cooking.mp3"/>
	<entry id="1060110206" project="LAO" informant="INF011" reel="2a" region="6" narrative="_Q" label="Food and Cooking" state="OK" sex="M " age="72" age_level="3" education="3" town="Stillwater" county="Payne" land_regions="D" locality="U" date="1962" latitude="36.11574" longitude="-97.05865" file_name="LAO(INF011)2a 06 Food and Cooking.mp3" path_to_file="LAP\Projects\LAO\Speakers\LAO(INF011)\Audio\LAO(INF011)2a\LAO(INF011)2a 06 Food and Cooking.mp3"/>
	<entry id="1060110207" project="LAO" informant="INF011" reel="2a" region="7" narrative="_Q" label="Food and Cooking" state="OK" sex="M " age="72" age_level="3" education="3" town="Stillwater" county="Payne" land_regions="D" locality="U" date="1962" latitude="36.11574" longitude="-97.05865" file_name="LAO(INF011)2a 07 Food and Cooking.mp3" path_to_file="LAP\Projects\LAO\Speakers\LAO(INF011)\Audio\LAO(INF011)2a\LAO(INF011)2a 07 Food and Cooking.mp3"/>
	<entry id="3060110201" project="LAO" informant="INF011" reel="2a" region="0" narrative="_I" label="Metadata" state="OK" sex="M " age="72" age_level="3" education="3" town="Stillwater" county="Payne" land_regions="D" locality="U" date="1962" latitude="36.11574" longitude="-97.05865" file_name="LAO(INF011)2ameta.txt" path_to_file="LAP\Projects\LAO\Speakers\LAO(INF011)\Audio\LAO(INF011)2a\LAO(INF011)2ameta.txt"/>
	<entry id="1060110208" project="LAO" informant="INF011" reel="2b" region="1" narrative="_Q" label="Food and Cooking" state="OK" sex="M " age="72" age_level="3" education="3" town="Stillwater" county="Payne" land_regions="D" locality="U" date="1962" latitude="36.11574" longitude="-97.05865" file_name="LAO(INF011)2b 01 Food and Cooking.mp3" path_to_file="LAP\Projects\LAO\Speakers\LAO(INF011)\Audio\LAO(INF011)2b\LAO(INF011)2b 01 Food and Cooking.mp3"/>
	<entry id="1060110209" project="LAO" informant="INF011" reel="2b" region="2" narrative="_Q" label="Food and Cooking" state="OK" sex="M " age="72" age_level="3" education="3" town="Stillwater" county="Payne" land_regions="D" locality="U" date="1962" latitude="36.11574" longitude="-97.05865" file_name="LAO(INF011)2b 02 Food and Cooking.mp3" path_to_file="LAP\Projects\LAO\Speakers\LAO(INF011)\Audio\LAO(INF011)2b\LAO(INF011)2b 02 Food and Cooking.mp3"/>
	<entry id="1060110210" project="LAO" informant="INF011" reel="2b" region="3" narrative="_Q" label="Verbs_Principal Parts" state="OK" sex="M " age="72" age_level="3" education="3" town="Stillwater" county="Payne" land_regions="D" locality="U" date="1962" latitude="36.11574" longitude="-97.05865" file_name="LAO(INF011)2b 03 Verbs_Principal Parts.mp3" path_to_file="LAP\Projects\LAO\Speakers\LAO(INF011)\Audio\LAO(INF011)2b\LAO(INF011)2b 03 Verbs_Principal Parts.mp3"/>
	<entry id="1060110211" project="LAO" informant="INF011" reel="2b" region="4" narrative="_Q" label="The Farm" state="OK" sex="M " age="72" age_level="3" education="3" town="Stillwater" county="Payne" land_regions="D" locality="U" date="1962" latitude="36.11574" longitude="-97.05865" file_name="LAO(INF011)2b 04 The Farm.mp3" path_to_file="LAP\Projects\LAO\Speakers\LAO(INF011)\Audio\LAO(INF011)2b\LAO(INF011)2b 04 The Farm.mp3"/>
	<entry id="1060110212" project="LAO" informant="INF011" reel="2b" region="5" narrative="_Q" label="Vegetables" state="OK" sex="M " age="72" age_level="3" education="3" town="Stillwater" county="Payne" land_regions="D" locality="U" date="1962" latitude="36.11574" longitude="-97.05865" file_name="LAO(INF011)2b 05 Vegetables.mp3" path_to_file="LAP\Projects\LAO\Speakers\LAO(INF011)\Audio\LAO(INF011)2b\LAO(INF011)2b 05 Vegetables.mp3"/>
	<entry id="1060110213" project="LAO" informant="INF011" reel="2b" region="6" narrative="_Q" label="Vegetables" state="OK" sex="M " age="72" age_level="3" education="3" town="Stillwater" county="Payne" land_regions="D" locality="U" date="1962" latitude="36.11574" longitude="-97.05865" file_name="LAO(INF011)2b 06 Vegetables.mp3" path_to_file="LAP\Projects\LAO\Speakers\LAO(INF011)\Audio\LAO(INF011)2b\LAO(INF011)2b 06 Vegetables.mp3"/>
	<entry id="1060110214" project="LAO" informant="INF011" reel="2b" region="7" narrative="_Q" label="Vegetables" state="OK" sex="M " age="72" age_level="3" education="3" town="Stillwater" county="Payne" land_regions="D" locality="U" date="1962" latitude="36.11574" longitude="-97.05865" file_name="LAO(INF011)2b 07 Vegetables.mp3" path_to_file="LAP\Projects\LAO\Speakers\LAO(INF011)\Audio\LAO(INF011)2b\LAO(INF011)2b 07 Vegetables.mp3"/>
	<entry id="3060110202" project="LAO" informant="INF011" reel="2b" region="0" narrative="_I" label="Metadata" state="OK" sex="M " age="72" age_level="3" education="3" town="Stillwater" county="Payne" land_regions="D" locality="U" date="1962" latitude="36.11574" longitude="-97.05865" file_name="LAO(INF011)2bmeta.txt" path_to_file="LAP\Projects\LAO\Speakers\LAO(INF011)\Audio\LAO(INF011)2b\LAO(INF011)2bmeta.txt"/>
	<entry id="1060110215" project="LAO" informant="INF011" reel="2c" region="1" narrative="_Q" label="Vegetables" state="OK" sex="M " age="72" age_level="3" education="3" town="Stillwater" county="Payne" land_regions="D" locality="U" date="1962" latitude="36.11574" longitude="-97.05865" file_name="LAO(INF011)2c 01 Vegetables.mp3" path_to_file="LAP\Projects\LAO\Speakers\LAO(INF011)\Audio\LAO(INF011)2c\LAO(INF011)2c 01 Vegetables.mp3"/>
	<entry id="1060110216" project="LAO" informant="INF011" reel="2c" region="2" narrative="_N" label="Vegetables" state="OK" sex="M " age="72" age_level="3" education="3" town="Stillwater" county="Payne" land_regions="D" locality="U" date="1962" latitude="36.11574" longitude="-97.05865" file_name="LAO(INF011)2c 02 Vegetables_N.mp3" path_to_file="LAP\Projects\LAO\Speakers\LAO(INF011)\Audio\LAO(INF011)2c\LAO(INF011)2c 02 Vegetables_N.mp3"/>
	<entry id="1060110217" project="LAO" informant="INF011" reel="2c" region="3" narrative="_Q" label="Food and Cooking" state="OK" sex="M " age="72" age_level="3" education="3" town="Stillwater" county="Payne" land_regions="D" locality="U" date="1962" latitude="36.11574" longitude="-97.05865" file_name="LAO(INF011)2c 03 Food and Cooking.mp3" path_to_file="LAP\Projects\LAO\Speakers\LAO(INF011)\Audio\LAO(INF011)2c\LAO(INF011)2c 03 Food and Cooking.mp3"/>
	<entry id="1060110218" project="LAO" informant="INF011" reel="2c" region="4" narrative="_Q" label="Family" state="OK" sex="M " age="72" age_level="3" education="3" town="Stillwater" county="Payne" land_regions="D" locality="U" date="1962" latitude="36.11574" longitude="-97.05865" file_name="LAO(INF011)2c 04 Family.mp3" path_to_file="LAP\Projects\LAO\Speakers\LAO(INF011)\Audio\LAO(INF011)2c\LAO(INF011)2c 04 Family.mp3"/>
	<entry id="1060110219" project="LAO" informant="INF011" reel="2c" region="5" narrative="_Q" label="Vegetables" state="OK" sex="M " age="72" age_level="3" education="3" town="Stillwater" county="Payne" land_regions="D" locality="U" date="1962" latitude="36.11574" longitude="-97.05865" file_name="LAO(INF011)2c 05 Vegetables.mp3" path_to_file="LAP\Projects\LAO\Speakers\LAO(INF011)\Audio\LAO(INF011)2c\LAO(INF011)2c 05 Vegetables.mp3"/>
	<entry id="1060110220" project="LAO" informant="INF011" reel="2c" region="6" narrative="_Q" label="Wild Animals" state="OK" sex="M " age="72" age_level="3" education="3" town="Stillwater" county="Payne" land_regions="D" locality="U" date="1962" latitude="36.11574" longitude="-97.05865" file_name="LAO(INF011)2c 06 Wild Animals.mp3" path_to_file="LAP\Projects\LAO\Speakers\LAO(INF011)\Audio\LAO(INF011)2c\LAO(INF011)2c 06 Wild Animals.mp3"/>
	<entry id="1060110221" project="LAO" informant="INF011" reel="2c" region="7" narrative="_N" label="Wild Animals" state="OK" sex="M " age="72" age_level="3" education="3" town="Stillwater" county="Payne" land_regions="D" locality="U" date="1962" latitude="36.11574" longitude="-97.05865" file_name="LAO(INF011)2c 07 Wild Animals_N.mp3" path_to_file="LAP\Projects\LAO\Speakers\LAO(INF011)\Audio\LAO(INF011)2c\LAO(INF011)2c 07 Wild Animals_N.mp3"/>
	<entry id="1060110222" project="LAO" informant="INF011" reel="2c" region="8" narrative="_Q" label="Wild Animals" state="OK" sex="M " age="72" age_level="3" education="3" town="Stillwater" county="Payne" land_regions="D" locality="U" date="1962" latitude="36.11574" longitude="-97.05865" file_name="LAO(INF011)2c 08 Wild Animals.mp3" path_to_file="LAP\Projects\LAO\Speakers\LAO(INF011)\Audio\LAO(INF011)2c\LAO(INF011)2c 08 Wild Animals.mp3"/>
	<entry id="1060110223" project="LAO" informant="INF011" reel="2c" region="9" narrative="_Q" label="Wild Animals" state="OK" sex="M " age="72" age_level="3" education="3" town="Stillwater" county="Payne" land_regions="D" locality="U" date="1962" latitude="36.11574" longitude="-97.05865" file_name="LAO(INF011)2c 09 Wild Animals.mp3" path_to_file="LAP\Projects\LAO\Speakers\LAO(INF011)\Audio\LAO(INF011)2c\LAO(INF011)2c 09 Wild Animals.mp3"/>
	<entry id="3060110203" project="LAO" informant="INF011" reel="2c" region="0" narrative="_I" label="Metadata" state="OK" sex="M " age="72" age_level="3" education="3" town="Stillwater" county="Payne" land_regions="D" locality="U" date="1962" latitude="36.11574" longitude="-97.05865" file_name="LAO(INF011)2cmeta.txt" path_to_file="LAP\Projects\LAO\Speakers\LAO(INF011)\Audio\LAO(INF011)2c\LAO(INF011)2cmeta.txt"/>
	<entry id="1060110301" project="LAO" informant="INF011" reel="3a" region="1" narrative="_Q" label="Names, Titles and Occupations" state="OK" sex="M " age="72" age_level="3" education="3" town="Stillwater" county="Payne" land_regions="D" locality="U" date="1962" latitude="36.11574" longitude="-97.05865" file_name="LAO(INF011)3a 01 Names, Titles and Occupations.mp3" path_to_file="LAP\Projects\LAO\Speakers\LAO(INF011)\Audio\LAO(INF011)3a\LAO(INF011)3a 01 Names, Titles and Occupations.mp3"/>
	<entry id="1060110302" project="LAO" informant="INF011" reel="3a" region="2" narrative="_Q" label="Family" state="OK" sex="M " age="72" age_level="3" education="3" town="Stillwater" county="Payne" land_regions="D" locality="U" date="1962" latitude="36.11574" longitude="-97.05865" file_name="LAO(INF011)3a 02 Family.mp3" path_to_file="LAP\Projects\LAO\Speakers\LAO(INF011)\Audio\LAO(INF011)3a\LAO(INF011)3a 02 Family.mp3"/>
	<entry id="3060110301" project="LAO" informant="INF011" reel="3a" region="0" narrative="_I" label="Metadata" state="OK" sex="M " age="72" age_level="3" education="3" town="Stillwater" county="Payne" land_regions="D" locality="U" date="1962" latitude="36.11574" longitude="-97.05865" file_name="LAO(INF011)3ameta.txt" path_to_file="LAP\Projects\LAO\Speakers\LAO(INF011)\Audio\LAO(INF011)3a\LAO(INF011)3ameta.txt"/>
	<entry id="1060110401" project="LAO" informant="INF011" reel="4a" region="1" narrative="_Q" label="Trees and Shrubs" state="OK" sex="M " age="72" age_level="3" education="3" town="Stillwater" county="Payne" land_regions="D" locality="U" date="1962" latitude="36.11574" longitude="-97.05865" file_name="LAO(INF011)4a 01 Trees and Shrubs.mp3" path_to_file="LAP\Projects\LAO\Speakers\LAO(INF011)\Audio\LAO(INF011)4a\LAO(INF011)4a 01 Trees and Shrubs.mp3"/>
	<entry id="1060110402" project="LAO" informant="INF011" reel="4a" region="2" narrative="_Q" label="Trees and Shrubs" state="OK" sex="M " age="72" age_level="3" education="3" town="Stillwater" county="Payne" land_regions="D" locality="U" date="1962" latitude="36.11574" longitude="-97.05865" file_name="LAO(INF011)4a 02 Trees and Shrubs.mp3" path_to_file="LAP\Projects\LAO\Speakers\LAO(INF011)\Audio\LAO(INF011)4a\LAO(INF011)4a 02 Trees and Shrubs.mp3"/>
	<entry id="1060110403" project="LAO" informant="INF011" reel="4a" region="3" narrative="_Q" label="Family" state="OK" sex="M " age="72" age_level="3" education="3" town="Stillwater" county="Payne" land_regions="D" locality="U" date="1962" latitude="36.11574" longitude="-97.05865" file_name="LAO(INF011)4a 03 Family.mp3" path_to_file="LAP\Projects\LAO\Speakers\LAO(INF011)\Audio\LAO(INF011)4a\LAO(INF011)4a 03 Family.mp3"/>
	<entry id="1060110404" project="LAO" informant="INF011" reel="4a" region="4" narrative="_Q" label="Family" state="OK" sex="M " age="72" age_level="3" education="3" town="Stillwater" county="Payne" land_regions="D" locality="U" date="1962" latitude="36.11574" longitude="-97.05865" file_name="LAO(INF011)4a 04 Family.mp3" path_to_file="LAP\Projects\LAO\Speakers\LAO(INF011)\Audio\LAO(INF011)4a\LAO(INF011)4a 04 Family.mp3"/>
	<entry id="1060110405" project="LAO" informant="INF011" reel="4a" region="5" narrative="_Q" label="Names, Titles and Occupations" state="OK" sex="M " age="72" age_level="3" education="3" town="Stillwater" county="Payne" land_regions="D" locality="U" date="1962" latitude="36.11574" longitude="-97.05865" file_name="LAO(INF011)4a 05 Names, Titles and Occupations.mp3" path_to_file="LAP\Projects\LAO\Speakers\LAO(INF011)\Audio\LAO(INF011)4a\LAO(INF011)4a 05 Names, Titles and Occupations.mp3"/>
	<entry id="1060110406" project="LAO" informant="INF011" reel="4a" region="6" narrative="_Q" label="Names, Titles and Occupations" state="OK" sex="M " age="72" age_level="3" education="3" town="Stillwater" county="Payne" land_regions="D" locality="U" date="1962" latitude="36.11574" longitude="-97.05865" file_name="LAO(INF011)4a 06 Names, Titles and Occupations.mp3" path_to_file="LAP\Projects\LAO\Speakers\LAO(INF011)\Audio\LAO(INF011)4a\LAO(INF011)4a 06 Names, Titles and Occupations.mp3"/>
	<entry id="1060110407" project="LAO" informant="INF011" reel="4a" region="7" narrative="_Q" label="Names, Titles and Occupations" state="OK" sex="M " age="72" age_level="3" education="3" town="Stillwater" county="Payne" land_regions="D" locality="U" date="1962" latitude="36.11574" longitude="-97.05865" file_name="LAO(INF011)4a 07 Names, Titles and Occupations.mp3" path_to_file="LAP\Projects\LAO\Speakers\LAO(INF011)\Audio\LAO(INF011)4a\LAO(INF011)4a 07 Names, Titles and Occupations.mp3"/>
	<entry id="3060110401" project="LAO" informant="INF011" reel="4a" region="0" narrative="_I" label="Metadata" state="OK" sex="M " age="72" age_level="3" education="3" town="Stillwater" county="Payne" land_regions="D" locality="U" date="1962" latitude="36.11574" longitude="-97.05865" file_name="LAO(INF011)4ameta.txt" path_to_file="LAP\Projects\LAO\Speakers\LAO(INF011)\Audio\LAO(INF011)4a\LAO(INF011)4ameta.txt"/>
	<entry id="1060110408" project="LAO" informant="INF011" reel="4b" region="1" narrative="_Q" label="Names, Titles and Occupations" state="OK" sex="M " age="72" age_level="3" education="3" town="Stillwater" county="Payne" land_regions="D" locality="U" date="1962" latitude="36.11574" longitude="-97.05865" file_name="LAO(INF011)4b 01 Names, Titles and Occupations.mp3" path_to_file="LAP\Projects\LAO\Speakers\LAO(INF011)\Audio\LAO(INF011)4b\LAO(INF011)4b 01 Names, Titles and Occupations.mp3"/>
	<entry id="1060110409" project="LAO" informant="INF011" reel="4b" region="2" narrative="_Q" label="Public Institutions" state="OK" sex="M " age="72" age_level="3" education="3" town="Stillwater" county="Payne" land_regions="D" locality="U" date="1962" latitude="36.11574" longitude="-97.05865" file_name="LAO(INF011)4b 02 Public Institutions.mp3" path_to_file="LAP\Projects\LAO\Speakers\LAO(INF011)\Audio\LAO(INF011)4b\LAO(INF011)4b 02 Public Institutions.mp3"/>
	<entry id="1060110410" project="LAO" informant="INF011" reel="4b" region="3" narrative="_Q" label="Verbs_Principal Parts" state="OK" sex="M " age="72" age_level="3" education="3" town="Stillwater" county="Payne" land_regions="D" locality="U" date="1962" latitude="36.11574" longitude="-97.05865" file_name="LAO(INF011)4b 03 Verbs_Principal Parts.mp3" path_to_file="LAP\Projects\LAO\Speakers\LAO(INF011)\Audio\LAO(INF011)4b\LAO(INF011)4b 03 Verbs_Principal Parts.mp3"/>
	<entry id="1060110411" project="LAO" informant="INF011" reel="4b" region="4" narrative="_Q" label="Personal Characteristics" state="OK" sex="M " age="72" age_level="3" education="3" town="Stillwater" county="Payne" land_regions="D" locality="U" date="1962" latitude="36.11574" longitude="-97.05865" file_name="LAO(INF011)4b 04 Personal Characteristics.mp3" path_to_file="LAP\Projects\LAO\Speakers\LAO(INF011)\Audio\LAO(INF011)4b\LAO(INF011)4b 04 Personal Characteristics.mp3"/>
	<entry id="1060110412" project="LAO" informant="INF011" reel="4b" region="5" narrative="_Q" label="Illness and Death" state="OK" sex="M " age="72" age_level="3" education="3" town="Stillwater" county="Payne" land_regions="D" locality="U" date="1962" latitude="36.11574" longitude="-97.05865" file_name="LAO(INF011)4b 05 Illness and Death.mp3" path_to_file="LAP\Projects\LAO\Speakers\LAO(INF011)\Audio\LAO(INF011)4b\LAO(INF011)4b 05 Illness and Death.mp3"/>
	<entry id="1060110413" project="LAO" informant="INF011" reel="4b" region="6" narrative="_Q" label="Illness and Death" state="OK" sex="M " age="72" age_level="3" education="3" town="Stillwater" county="Payne" land_regions="D" locality="U" date="1962" latitude="36.11574" longitude="-97.05865" file_name="LAO(INF011)4b 06 Illness and Death.mp3" path_to_file="LAP\Projects\LAO\Speakers\LAO(INF011)\Audio\LAO(INF011)4b\LAO(INF011)4b 06 Illness and Death.mp3"/>
	<entry id="1060110414" project="LAO" informant="INF011" reel="4b" region="7" narrative="_N" label="Illness and Death" state="OK" sex="M " age="72" age_level="3" education="3" town="Stillwater" county="Payne" land_regions="D" locality="U" date="1962" latitude="36.11574" longitude="-97.05865" file_name="LAO(INF011)4b 07 Illness and Death_N.mp3" path_to_file="LAP\Projects\LAO\Speakers\LAO(INF011)\Audio\LAO(INF011)4b\LAO(INF011)4b 07 Illness and Death_N.mp3"/>
	<entry id="3060110402" project="LAO" informant="INF011" reel="4b" region="0" narrative="_I" label="Metadata" state="OK" sex="M " age="72" age_level="3" education="3" town="Stillwater" county="Payne" land_regions="D" locality="U" date="1962" latitude="36.11574" longitude="-97.05865" file_name="LAO(INF011)4bmeta.txt" path_to_file="LAP\Projects\LAO\Speakers\LAO(INF011)\Audio\LAO(INF011)4b\LAO(INF011)4bmeta.txt"/>
	<entry id="1060110415" project="LAO" informant="INF011" reel="4c" region="1" narrative="_Q" label="Illness and Death" state="OK" sex="M " age="72" age_level="3" education="3" town="Stillwater" county="Payne" land_regions="D" locality="U" date="1962" latitude="36.11574" longitude="-97.05865" file_name="LAO(INF011)4c 01 Illness and Death.mp3" path_to_file="LAP\Projects\LAO\Speakers\LAO(INF011)\Audio\LAO(INF011)4c\LAO(INF011)4c 01 Illness and Death.mp3"/>
	<entry id="1060110416" project="LAO" informant="INF011" reel="4c" region="2" narrative="_Q" label="Illness and Death" state="OK" sex="M " age="72" age_level="3" education="3" town="Stillwater" county="Payne" land_regions="D" locality="U" date="1962" latitude="36.11574" longitude="-97.05865" file_name="LAO(INF011)4c 02 Illness and Death.mp3" path_to_file="LAP\Projects\LAO\Speakers\LAO(INF011)\Audio\LAO(INF011)4c\LAO(INF011)4c 02 Illness and Death.mp3"/>
	<entry id="1060110417" project="LAO" informant="INF011" reel="4c" region="3" narrative="_Q" label="Public Institutions" state="OK" sex="M " age="72" age_level="3" education="3" town="Stillwater" county="Payne" land_regions="D" locality="U" date="1962" latitude="36.11574" longitude="-97.05865" file_name="LAO(INF011)4c 03 Public Institutions.mp3" path_to_file="LAP\Projects\LAO\Speakers\LAO(INF011)\Audio\LAO(INF011)4c\LAO(INF011)4c 03 Public Institutions.mp3"/>
	<entry id="1060110418" project="LAO" informant="INF011" reel="4c" region="4" narrative="_N" label="Public Institutions" state="OK" sex="M " age="72" age_level="3" education="3" town="Stillwater" county="Payne" land_regions="D" locality="U" date="1962" latitude="36.11574" longitude="-97.05865" file_name="LAO(INF011)4c 04 Public Institutions_N.mp3" path_to_file="LAP\Projects\LAO\Speakers\LAO(INF011)\Audio\LAO(INF011)4c\LAO(INF011)4c 04 Public Institutions_N.mp3"/>
	<entry id="1060110419" project="LAO" informant="INF011" reel="4c" region="5" narrative="_N" label="Family" state="OK" sex="M " age="72" age_level="3" education="3" town="Stillwater" county="Payne" land_regions="D" locality="U" date="1962" latitude="36.11574" longitude="-97.05865" file_name="LAO(INF011)4c 05 Family_N.mp3" path_to_file="LAP\Projects\LAO\Speakers\LAO(INF011)\Audio\LAO(INF011)4c\LAO(INF011)4c 05 Family_N.mp3"/>
	<entry id="1060110420" project="LAO" informant="INF011" reel="4c" region="6" narrative="_N" label="Geography" state="OK" sex="M " age="72" age_level="3" education="3" town="Stillwater" county="Payne" land_regions="D" locality="U" date="1962" latitude="36.11574" longitude="-97.05865" file_name="LAO(INF011)4c 06 Geography_N.mp3" path_to_file="LAP\Projects\LAO\Speakers\LAO(INF011)\Audio\LAO(INF011)4c\LAO(INF011)4c 06 Geography_N.mp3"/>
	<entry id="1060110421" project="LAO" informant="INF011" reel="4c" region="7" narrative="_Q" label="Geography" state="OK" sex="M " age="72" age_level="3" education="3" town="Stillwater" county="Payne" land_regions="D" locality="U" date="1962" latitude="36.11574" longitude="-97.05865" file_name="LAO(INF011)4c 07 Geography.mp3" path_to_file="LAP\Projects\LAO\Speakers\LAO(INF011)\Audio\LAO(INF011)4c\LAO(INF011)4c 07 Geography.mp3"/>
	<entry id="3060110403" project="LAO" informant="INF011" reel="4c" region="0" narrative="_I" label="Metadata" state="OK" sex="M " age="72" age_level="3" education="3" town="Stillwater" county="Payne" land_regions="D" locality="U" date="1962" latitude="36.11574" longitude="-97.05865" file_name="LAO(INF011)4cmeta.txt" path_to_file="LAP\Projects\LAO\Speakers\LAO(INF011)\Audio\LAO(INF011)4c\LAO(INF011)4cmeta.txt"/>
	<entry id="1060110422" project="LAO" informant="INF011" reel="4d" region="1" narrative="_Q" label="Religion" state="OK" sex="M " age="72" age_level="3" education="3" town="Stillwater" county="Payne" land_regions="D" locality="U" date="1962" latitude="36.11574" longitude="-97.05865" file_name="LAO(INF011)4d 01 Religion.mp3" path_to_file="LAP\Projects\LAO\Speakers\LAO(INF011)\Audio\LAO(INF011)4d\LAO(INF011)4d 01 Religion.mp3"/>
	<entry id="1060110423" project="LAO" informant="INF011" reel="4d" region="2" narrative="_N" label="Religion" state="OK" sex="M " age="72" age_level="3" education="3" town="Stillwater" county="Payne" land_regions="D" locality="U" date="1962" latitude="36.11574" longitude="-97.05865" file_name="LAO(INF011)4d 02 Religion_N.mp3" path_to_file="LAP\Projects\LAO\Speakers\LAO(INF011)\Audio\LAO(INF011)4d\LAO(INF011)4d 02 Religion_N.mp3"/>
	<entry id="1060110424" project="LAO" informant="INF011" reel="4d" region="3" narrative="_N" label="Greetings and Salutations" state="OK" sex="M " age="72" age_level="3" education="3" town="Stillwater" county="Payne" land_regions="D" locality="U" date="1962" latitude="36.11574" longitude="-97.05865" file_name="LAO(INF011)4d 03 Greetings and Salutations_N.mp3" path_to_file="LAP\Projects\LAO\Speakers\LAO(INF011)\Audio\LAO(INF011)4d\LAO(INF011)4d 03 Greetings and Salutations_N.mp3"/>
	<entry id="1060110425" project="LAO" informant="INF011" reel="4d" region="4" narrative="_N" label="Social Relations" state="OK" sex="M " age="72" age_level="3" education="3" town="Stillwater" county="Payne" land_regions="D" locality="U" date="1962" latitude="36.11574" longitude="-97.05865" file_name="LAO(INF011)4d 04 Social Relations_N.mp3" path_to_file="LAP\Projects\LAO\Speakers\LAO(INF011)\Audio\LAO(INF011)4d\LAO(INF011)4d 04 Social Relations_N.mp3"/>
	<entry id="1060110426" project="LAO" informant="INF011" reel="4d" region="5" narrative="_Q" label="Greetings and Salutations" state="OK" sex="M " age="72" age_level="3" education="3" town="Stillwater" county="Payne" land_regions="D" locality="U" date="1962" latitude="36.11574" longitude="-97.05865" file_name="LAO(INF011)4d 05 Greetings and Salutations.mp3" path_to_file="LAP\Projects\LAO\Speakers\LAO(INF011)\Audio\LAO(INF011)4d\LAO(INF011)4d 05 Greetings and Salutations.mp3"/>
	<entry id="1060110427" project="LAO" informant="INF011" reel="4d" region="6" narrative="_N" label="Business" state="OK" sex="M " age="72" age_level="3" education="3" town="Stillwater" county="Payne" land_regions="D" locality="U" date="1962" latitude="36.11574" longitude="-97.05865" file_name="LAO(INF011)4d 06 Business_N.mp3" path_to_file="LAP\Projects\LAO\Speakers\LAO(INF011)\Audio\LAO(INF011)4d\LAO(INF011)4d 06 Business_N.mp3"/>
	<entry id="1060110428" project="LAO" informant="INF011" reel="4d" region="7" narrative="_Q" label="Illness and Death" state="OK" sex="M " age="72" age_level="3" education="3" town="Stillwater" county="Payne" land_regions="D" locality="U" date="1962" latitude="36.11574" longitude="-97.05865" file_name="LAO(INF011)4d 07 Illness and Death.mp3" path_to_file="LAP\Projects\LAO\Speakers\LAO(INF011)\Audio\LAO(INF011)4d\LAO(INF011)4d 07 Illness and Death.mp3"/>
	<entry id="1060110429" project="LAO" informant="INF011" reel="4d" region="8" narrative="_N" label="Verbs_Principal Parts" state="OK" sex="M " age="72" age_level="3" education="3" town="Stillwater" county="Payne" land_regions="D" locality="U" date="1962" latitude="36.11574" longitude="-97.05865" file_name="LAO(INF011)4d 08 Verbs_Principal Parts_N.mp3" path_to_file="LAP\Projects\LAO\Speakers\LAO(INF011)\Audio\LAO(INF011)4d\LAO(INF011)4d 08 Verbs_Principal Parts_N.mp3"/>
	<entry id="1060110430" project="LAO" informant="INF011" reel="4d" region="9" narrative="_Q" label="Topography" state="OK" sex="M " age="72" age_level="3" education="3" town="Stillwater" county="Payne" land_regions="D" locality="U" date="1962" latitude="36.11574" longitude="-97.05865" file_name="LAO(INF011)4d 09 Topography.mp3" path_to_file="LAP\Projects\LAO\Speakers\LAO(INF011)\Audio\LAO(INF011)4d\LAO(INF011)4d 09 Topography.mp3"/>
	<entry id="3060110404" project="LAO" informant="INF011" reel="4d" region="0" narrative="_I" label="Metadata" state="OK" sex="M " age="72" age_level="3" education="3" town="Stillwater" county="Payne" land_regions="D" locality="U" date="1962" latitude="36.11574" longitude="-97.05865" file_name="LAO(INF011)4dmeta.txt" path_to_file="LAP\Projects\LAO\Speakers\LAO(INF011)\Audio\LAO(INF011)4d\LAO(INF011)4dmeta.txt"/>
	<entry id="3060110001" project="LAO" informant="INF011" reel="0" region="0" narrative="_I" label="Biographical Information" state="OK" sex="M " age="72" age_level="3" education="3" town="Stillwater" county="Payne" land_regions="D" locality="U" date="1962" latitude="36.11574" longitude="-97.05865" file_name="LAO(INF011)BIO.txt" path_to_file="LAP\Projects\LAO\Speakers\LAO(INF011)\Text\LAO(INF011)BIO.txt"/>
</Audio>