<?xml version="1.0" encoding="UTF-8"?>
<MediaAsset>
   <!--Original Physical Asset and Transfer Details-->
   <Original>
      <Filename>IL27B</Filename>
      <RunningTime>03:15:48</RunningTime>
      <RecordDate>undated</RecordDate>
      <FormatType>Open Reel</FormatType>
      <StockBrand>Knight</StockBrand>
      <TapeModel>None</TapeModel>
      <TapeWidth>1/4"</TapeWidth>
      <TapeType>Polyester</TapeType>
      <ReelSize>7"</ReelSize>
      <TrackConfiguration>Half track</TrackConfiguration>
      <SoundField>Mono</SoundField>
      <RecordingSpeed>3.75 ips</RecordingSpeed>
      <NoiseReduction>None</NoiseReduction>
      <Equalization>NAB</Equalization>
      <PackOrientation>Heads Out</PackOrientation>
      <Language/>
      <PerforationRepairs>Yes</PerforationRepairs>
      <Cleaned>No</Cleaned>
      <Baked>No</Baked>
      <TransferComments>High Amount of Hum on Tape; Program Distorted at Times; </TransferComments>
      <ConditionReport>
         <SmallRisk>TapeDamage</SmallRisk>
      </ConditionReport>
      <TransferOperator>TL</TransferOperator>
      <Deck_Description>1/4" Open Reel Reproducer</Deck_Description>
      <Deck_Brand>Studer</Deck_Brand>
      <Deck_Model>A-810</Deck_Model>
      <Deck_SerialNumber/>
      <Originator> The MediaPreserve, a division of Preservation Technologies, LP </Originator>
      <OriginatorAddress> 111 Thomson Park Drive, Cranberry Township, PA 16066-6424
      </OriginatorAddress>
   </Original>
   <!--Digital Preservation Master File-->
   <PreservationMaster>
      <MediaKeeper>
         <OriginalTitle>IL27B</OriginalTitle>
         <CustomerFilename>IL27B_a.wav</CustomerFilename>
         <DateCreated>2020-01-15T09:11:24</DateCreated>
         <Checksum>DF8966FABBEE80081D71D8BE46C7AC92</Checksum>
         <ChecksumType>MD5</ChecksumType>
         <ChecksumDateCreated>2020-01-20T18:48:43</ChecksumDateCreated>
         <RunningTime>01:37:54</RunningTime>
         <BitPerSample>24</BitPerSample>
         <SampleRate>96000</SampleRate>
         <BitRate>2304000</BitRate>
         <SoundFieldFromJhove>1</SoundFieldFromJhove>
         <FileSizeInBytes>1691780348</FileSizeInBytes>
         <FileSizeInKB>1652129</FileSizeInKB>
         <FileSizeInMB>1613.407</FileSizeInMB>
         <FileSizeInGB>1.5756</FileSizeInGB>
         <FaceDesignation>A</FaceDesignation>
         <TrackDesignation>00</TrackDesignation>
         <RegionDesignation>01</RegionDesignation>
         <ComputerManufacturer>Dell</ComputerManufacturer>
         <HostComputerName>Precision</HostComputerName>
         <HostComputerVersion>T5600</HostComputerVersion>
         <OperatingSystem>Windows 7</OperatingSystem>
         <OperatingSystemVersion>Professional</OperatingSystemVersion>
         <A2D_DeviceType>Analog to Digital Converter</A2D_DeviceType>
         <A2D_DeviceManufacturer>Antelope Audio</A2D_DeviceManufacturer>
         <A2D_DeviceModelName>Orion</A2D_DeviceModelName>
         <A2D_DeviceModelVersion>32</A2D_DeviceModelVersion>
         <A2D_DeviceModelSerialNumber>1003815240101</A2D_DeviceModelSerialNumber>
         <A2D_DeviceDriverVersion>A-810</A2D_DeviceDriverVersion>
      </MediaKeeper>
   </PreservationMaster>
   <PreservationMaster>
      <MediaKeeper>
         <OriginalTitle>IL27B</OriginalTitle>
         <CustomerFilename>IL27B_b.wav</CustomerFilename>
         <DateCreated>2020-01-15T09:11:36</DateCreated>
         <Checksum>934C19945F0EE5FBA07793C600986182</Checksum>
         <ChecksumType>MD5</ChecksumType>
         <ChecksumDateCreated>2020-01-20T18:48:43</ChecksumDateCreated>
         <RunningTime>01:37:54</RunningTime>
         <BitPerSample>24</BitPerSample>
         <SampleRate>96000</SampleRate>
         <BitRate>2304000</BitRate>
         <SoundFieldFromJhove>1</SoundFieldFromJhove>
         <FileSizeInBytes>1691871646</FileSizeInBytes>
         <FileSizeInKB>1652218</FileSizeInKB>
         <FileSizeInMB>1613.495</FileSizeInMB>
         <FileSizeInGB>1.5757</FileSizeInGB>
         <FaceDesignation>B</FaceDesignation>
         <TrackDesignation>00</TrackDesignation>
         <RegionDesignation>01</RegionDesignation>
         <ComputerManufacturer>Dell</ComputerManufacturer>
         <HostComputerName>Precision</HostComputerName>
         <HostComputerVersion>T5600</HostComputerVersion>
         <OperatingSystem>Windows 7</OperatingSystem>
         <OperatingSystemVersion>Professional</OperatingSystemVersion>
         <A2D_DeviceType>Analog to Digital Converter</A2D_DeviceType>
         <A2D_DeviceManufacturer>Antelope Audio</A2D_DeviceManufacturer>
         <A2D_DeviceModelName>Orion</A2D_DeviceModelName>
         <A2D_DeviceModelVersion>32</A2D_DeviceModelVersion>
         <A2D_DeviceModelSerialNumber>1003815240101</A2D_DeviceModelSerialNumber>
         <A2D_DeviceDriverVersion>A-810</A2D_DeviceDriverVersion>
      </MediaKeeper>
   </PreservationMaster>
   <!--Digital Use/Access/Streaming File-->
   <Streaming>
      <MediaKeeper>
         <OriginalTitle>IL27B</OriginalTitle>
         <CustomerFilename>IL27B_a.mp3</CustomerFilename>
         <DateCreated>2020-01-20T17:41:41</DateCreated>
         <Checksum>F351DDB13E4C7538A504C68E9503A63B</Checksum>
         <ChecksumType>MD5</ChecksumType>
         <ChecksumDateCreated>2020-01-20T18:48:43</ChecksumDateCreated>
         <RunningTime>01:38:03</RunningTime>
         <BitRate>192000</BitRate>
         <SoundFieldFromJhove>1</SoundFieldFromJhove>
         <FileSizeInBytes>140982857</FileSizeInBytes>
         <FileSizeInKB>137678.6</FileSizeInKB>
         <FileSizeInMB>134.4517</FileSizeInMB>
         <FileSizeInGB>0.1313</FileSizeInGB>
         <FaceDesignation>A</FaceDesignation>
         <TrackDesignation>00</TrackDesignation>
         <RegionDesignation>01</RegionDesignation>
         <EncodeSoftwareManufacturer>Steinberg</EncodeSoftwareManufacturer>
         <EncodeSoftware>Wavelab</EncodeSoftware>
         <EncodeSoftwareVersion>7.2.1</EncodeSoftwareVersion>
      </MediaKeeper>
   </Streaming>
   <Streaming>
      <MediaKeeper>
         <OriginalTitle>IL27B</OriginalTitle>
         <CustomerFilename>IL27B_b.mp3</CustomerFilename>
         <DateCreated>2020-01-20T17:41:47</DateCreated>
         <Checksum>F0F17895A72197060B310B4585FC3CB4</Checksum>
         <ChecksumType>MD5</ChecksumType>
         <ChecksumDateCreated>2020-01-20T18:48:43</ChecksumDateCreated>
         <RunningTime>01:38:03</RunningTime>
         <BitRate>192000</BitRate>
         <SoundFieldFromJhove>1</SoundFieldFromJhove>
         <FileSizeInBytes>140990380</FileSizeInBytes>
         <FileSizeInKB>137685.9</FileSizeInKB>
         <FileSizeInMB>134.4589</FileSizeInMB>
         <FileSizeInGB>0.1313</FileSizeInGB>
         <FaceDesignation>B</FaceDesignation>
         <TrackDesignation>00</TrackDesignation>
         <RegionDesignation>01</RegionDesignation>
         <EncodeSoftwareManufacturer>Steinberg</EncodeSoftwareManufacturer>
         <EncodeSoftware>Wavelab</EncodeSoftware>
         <EncodeSoftwareVersion>7.2.1</EncodeSoftwareVersion>
      </MediaKeeper>
   </Streaming>
</MediaAsset>
