<?xml version="1.0" encoding="UTF-8" standalone="yes"?>
<Audio>
	<entry id="1060070101" project="LAO" informant="INF007" reel="1" region="1" narrative="_N" label="Illness and Death" state="OK" sex="M " age="39" age_level="1" education="4" town="Oklahoma City" county="Oklahoma" land_regions="D" locality="U" date="1962" latitude="35.47302" longitude="-97.52123" file_name="LAO(INF007)1a 01 Illness and Death_N.mp3" path_to_file="LAP\Projects\LAO\Speakers\LAO(INF007)\Audio\LAO(INF007)1a\LAO(INF007)1a 01 Illness and Death_N.mp3"/>
	<entry id="1060070102" project="LAO" informant="INF007" reel="1" region="2" narrative="_Q" label="Food and Cooking" state="OK" sex="M " age="39" age_level="1" education="4" town="Oklahoma City" county="Oklahoma" land_regions="D" locality="U" date="1962" latitude="35.47302" longitude="-97.52123" file_name="LAO(INF007)1a 02 Food and Cooking.mp3" path_to_file="LAP\Projects\LAO\Speakers\LAO(INF007)\Audio\LAO(INF007)1a\LAO(INF007)1a 02 Food and Cooking.mp3"/>
	<entry id="1060070103" project="LAO" informant="INF007" reel="1" region="3" narrative="_Q" label="Food and Cooking" state="OK" sex="M " age="39" age_level="1" education="4" town="Oklahoma City" county="Oklahoma" land_regions="D" locality="U" date="1962" latitude="35.47302" longitude="-97.52123" file_name="LAO(INF007)1a 03 Food and Cooking.mp3" path_to_file="LAP\Projects\LAO\Speakers\LAO(INF007)\Audio\LAO(INF007)1a\LAO(INF007)1a 03 Food and Cooking.mp3"/>
	<entry id="1060070104" project="LAO" informant="INF007" reel="1" region="4" narrative="_N" label="Food and Cooking" state="OK" sex="M " age="39" age_level="1" education="4" town="Oklahoma City" county="Oklahoma" land_regions="D" locality="U" date="1962" latitude="35.47302" longitude="-97.52123" file_name="LAO(INF007)1a 04 Food and Cooking_N.mp3" path_to_file="LAP\Projects\LAO\Speakers\LAO(INF007)\Audio\LAO(INF007)1a\LAO(INF007)1a 04 Food and Cooking_N.mp3"/>
	<entry id="1060070105" project="LAO" informant="INF007" reel="1" region="5" narrative="_N" label="Food and Cooking" state="OK" sex="M " age="39" age_level="1" education="4" town="Oklahoma City" county="Oklahoma" land_regions="D" locality="U" date="1962" latitude="35.47302" longitude="-97.52123" file_name="LAO(INF007)1a 05 Food and Cooking_N.mp3" path_to_file="LAP\Projects\LAO\Speakers\LAO(INF007)\Audio\LAO(INF007)1a\LAO(INF007)1a 05 Food and Cooking_N.mp3"/>
	<entry id="1060070106" project="LAO" informant="INF007" reel="1" region="6" narrative="_Q" label="Sport and Play" state="OK" sex="M " age="39" age_level="1" education="4" town="Oklahoma City" county="Oklahoma" land_regions="D" locality="U" date="1962" latitude="35.47302" longitude="-97.52123" file_name="LAO(INF007)1a 06 Sport and Play.mp3" path_to_file="LAP\Projects\LAO\Speakers\LAO(INF007)\Audio\LAO(INF007)1a\LAO(INF007)1a 06 Sport and Play.mp3"/>
	<entry id="1060070107" project="LAO" informant="INF007" reel="1" region="7" narrative="_Q" label="Food and Cooking" state="OK" sex="M " age="39" age_level="1" education="4" town="Oklahoma City" county="Oklahoma" land_regions="D" locality="U" date="1962" latitude="35.47302" longitude="-97.52123" file_name="LAO(INF007)1a 07 Food and Cooking.mp3" path_to_file="LAP\Projects\LAO\Speakers\LAO(INF007)\Audio\LAO(INF007)1a\LAO(INF007)1a 07 Food and Cooking.mp3"/>
	<entry id="3060070101" project="LAO" informant="INF007" reel="1" region="0" narrative="_I" label="Metadata" state="OK" sex="M " age="39" age_level="1" education="4" town="Oklahoma City" county="Oklahoma" land_regions="D" locality="U" date="1962" latitude="35.47302" longitude="-97.52123" file_name="LAO(INF007)1ameta.txt" path_to_file="LAP\Projects\LAO\Speakers\LAO(INF007)\Audio\LAO(INF007)1a\LAO(INF007)1ameta.txt"/>
	<entry id="1060070108" project="LAO" informant="INF007" reel="1" region="1" narrative="_Q" label="Verbs_Principal Parts" state="OK" sex="M " age="39" age_level="1" education="4" town="Oklahoma City" county="Oklahoma" land_regions="D" locality="U" date="1962" latitude="35.47302" longitude="-97.52123" file_name="LAO(INF007)1b 01 Verbs_Principal Parts.mp3" path_to_file="LAP\Projects\LAO\Speakers\LAO(INF007)\Audio\LAO(INF007)1b\LAO(INF007)1b 01 Verbs_Principal Parts.mp3"/>
	<entry id="1060070109" project="LAO" informant="INF007" reel="1" region="2" narrative="_N" label="Vegetables" state="OK" sex="M " age="39" age_level="1" education="4" town="Oklahoma City" county="Oklahoma" land_regions="D" locality="U" date="1962" latitude="35.47302" longitude="-97.52123" file_name="LAO(INF007)1b 02 Vegetables_N.mp3" path_to_file="LAP\Projects\LAO\Speakers\LAO(INF007)\Audio\LAO(INF007)1b\LAO(INF007)1b 02 Vegetables_N.mp3"/>
	<entry id="1060070110" project="LAO" informant="INF007" reel="1" region="3" narrative="_N" label="Food and Cooking" state="OK" sex="M " age="39" age_level="1" education="4" town="Oklahoma City" county="Oklahoma" land_regions="D" locality="U" date="1962" latitude="35.47302" longitude="-97.52123" file_name="LAO(INF007)1b 03 Food and Cooking_N.mp3" path_to_file="LAP\Projects\LAO\Speakers\LAO(INF007)\Audio\LAO(INF007)1b\LAO(INF007)1b 03 Food and Cooking_N.mp3"/>
	<entry id="1060070111" project="LAO" informant="INF007" reel="1" region="4" narrative="_N" label="Vegetables" state="OK" sex="M " age="39" age_level="1" education="4" town="Oklahoma City" county="Oklahoma" land_regions="D" locality="U" date="1962" latitude="35.47302" longitude="-97.52123" file_name="LAO(INF007)1b 04 Vegetables_N.mp3" path_to_file="LAP\Projects\LAO\Speakers\LAO(INF007)\Audio\LAO(INF007)1b\LAO(INF007)1b 04 Vegetables_N.mp3"/>
	<entry id="1060070112" project="LAO" informant="INF007" reel="1" region="5" narrative="_Q" label="Vegetables" state="OK" sex="M " age="39" age_level="1" education="4" town="Oklahoma City" county="Oklahoma" land_regions="D" locality="U" date="1962" latitude="35.47302" longitude="-97.52123" file_name="LAO(INF007)1b 05 Vegetables.mp3" path_to_file="LAP\Projects\LAO\Speakers\LAO(INF007)\Audio\LAO(INF007)1b\LAO(INF007)1b 05 Vegetables.mp3"/>
	<entry id="1060070113" project="LAO" informant="INF007" reel="1" region="6" narrative="_Q" label="Verbs_Modals" state="OK" sex="M " age="39" age_level="1" education="4" town="Oklahoma City" county="Oklahoma" land_regions="D" locality="U" date="1962" latitude="35.47302" longitude="-97.52123" file_name="LAO(INF007)1b 06 Verbs_Modals.mp3" path_to_file="LAP\Projects\LAO\Speakers\LAO(INF007)\Audio\LAO(INF007)1b\LAO(INF007)1b 06 Verbs_Modals.mp3"/>
	<entry id="1060070114" project="LAO" informant="INF007" reel="1" region="7" narrative="_Q" label="Wild Animals" state="OK" sex="M " age="39" age_level="1" education="4" town="Oklahoma City" county="Oklahoma" land_regions="D" locality="U" date="1962" latitude="35.47302" longitude="-97.52123" file_name="LAO(INF007)1b 07 Wild Animals.mp3" path_to_file="LAP\Projects\LAO\Speakers\LAO(INF007)\Audio\LAO(INF007)1b\LAO(INF007)1b 07 Wild Animals.mp3"/>
	<entry id="3060070102" project="LAO" informant="INF007" reel="1" region="0" narrative="_I" label="Metadata" state="OK" sex="M " age="39" age_level="1" education="4" town="Oklahoma City" county="Oklahoma" land_regions="D" locality="U" date="1962" latitude="35.47302" longitude="-97.52123" file_name="LAO(INF007)1bmeta.txt" path_to_file="LAP\Projects\LAO\Speakers\LAO(INF007)\Audio\LAO(INF007)1b\LAO(INF007)1bmeta.txt"/>
	<entry id="1060070115" project="LAO" informant="INF007" reel="1" region="1" narrative="_Q" label="Food and Cooking" state="OK" sex="M " age="39" age_level="1" education="4" town="Oklahoma City" county="Oklahoma" land_regions="D" locality="U" date="1962" latitude="35.47302" longitude="-97.52123" file_name="LAO(INF007)1c 01 Food and Cooking.mp3" path_to_file="LAP\Projects\LAO\Speakers\LAO(INF007)\Audio\LAO(INF007)1c\LAO(INF007)1c 01 Food and Cooking.mp3"/>
	<entry id="1060070116" project="LAO" informant="INF007" reel="1" region="2" narrative="_Q" label="Trees and Shrubs" state="OK" sex="M " age="39" age_level="1" education="4" town="Oklahoma City" county="Oklahoma" land_regions="D" locality="U" date="1962" latitude="35.47302" longitude="-97.52123" file_name="LAO(INF007)1c 02 Trees and Shrubs.mp3" path_to_file="LAP\Projects\LAO\Speakers\LAO(INF007)\Audio\LAO(INF007)1c\LAO(INF007)1c 02 Trees and Shrubs.mp3"/>
	<entry id="1060070117" project="LAO" informant="INF007" reel="1" region="3" narrative="_Q" label="Family" state="OK" sex="M " age="39" age_level="1" education="4" town="Oklahoma City" county="Oklahoma" land_regions="D" locality="U" date="1962" latitude="35.47302" longitude="-97.52123" file_name="LAO(INF007)1c 03 Family.mp3" path_to_file="LAP\Projects\LAO\Speakers\LAO(INF007)\Audio\LAO(INF007)1c\LAO(INF007)1c 03 Family.mp3"/>
	<entry id="1060070118" project="LAO" informant="INF007" reel="1" region="4" narrative="_Q" label="Names, Titles and Occupations" state="OK" sex="M " age="39" age_level="1" education="4" town="Oklahoma City" county="Oklahoma" land_regions="D" locality="U" date="1962" latitude="35.47302" longitude="-97.52123" file_name="LAO(INF007)1c 04 Names, Titles and Occupations.mp3" path_to_file="LAP\Projects\LAO\Speakers\LAO(INF007)\Audio\LAO(INF007)1c\LAO(INF007)1c 04 Names, Titles and Occupations.mp3"/>
	<entry id="1060070119" project="LAO" informant="INF007" reel="1" region="5" narrative="_Q" label="Body Parts" state="OK" sex="M " age="39" age_level="1" education="4" town="Oklahoma City" county="Oklahoma" land_regions="D" locality="U" date="1962" latitude="35.47302" longitude="-97.52123" file_name="LAO(INF007)1c 05 Body Parts.mp3" path_to_file="LAP\Projects\LAO\Speakers\LAO(INF007)\Audio\LAO(INF007)1c\LAO(INF007)1c 05 Body Parts.mp3"/>
	<entry id="1060070120" project="LAO" informant="INF007" reel="1" region="6" narrative="_Q" label="Personal Characteristics" state="OK" sex="M " age="39" age_level="1" education="4" town="Oklahoma City" county="Oklahoma" land_regions="D" locality="U" date="1962" latitude="35.47302" longitude="-97.52123" file_name="LAO(INF007)1c 06 Personal Characteristics.mp3" path_to_file="LAP\Projects\LAO\Speakers\LAO(INF007)\Audio\LAO(INF007)1c\LAO(INF007)1c 06 Personal Characteristics.mp3"/>
	<entry id="3060070103" project="LAO" informant="INF007" reel="1" region="7" narrative="_I" label="Metadata" state="OK" sex="M " age="39" age_level="1" education="4" town="Oklahoma City" county="Oklahoma" land_regions="D" locality="U" date="1962" latitude="35.47302" longitude="-97.52123" file_name="LAO(INF007)1cmeta.txt" path_to_file="LAP\Projects\LAO\Speakers\LAO(INF007)\Audio\LAO(INF007)1c\LAO(INF007)1cmeta.txt"/>
	<entry id="1060070201" project="LAO" informant="INF007" reel="2" region="1" narrative="_Q" label="Dwellings" state="OK" sex="M " age="39" age_level="1" education="4" town="Oklahoma City" county="Oklahoma" land_regions="D" locality="U" date="1962" latitude="35.47302" longitude="-97.52123" file_name="LAO(INF007)2a 01 Dwellings.mp3" path_to_file="LAP\Projects\LAO\Speakers\LAO(INF007)\Audio\LAO(INF007)2a\LAO(INF007)2a 01 Dwellings.mp3"/>
	<entry id="1060070202" project="LAO" informant="INF007" reel="2" region="2" narrative="_Q" label="Dwellings" state="OK" sex="M " age="39" age_level="1" education="4" town="Oklahoma City" county="Oklahoma" land_regions="D" locality="U" date="1962" latitude="35.47302" longitude="-97.52123" file_name="LAO(INF007)2a 02 Dwellings.mp3" path_to_file="LAP\Projects\LAO\Speakers\LAO(INF007)\Audio\LAO(INF007)2a\LAO(INF007)2a 02 Dwellings.mp3"/>
	<entry id="1060070203" project="LAO" informant="INF007" reel="2" region="3" narrative="_Q" label="Dwellings" state="OK" sex="M " age="39" age_level="1" education="4" town="Oklahoma City" county="Oklahoma" land_regions="D" locality="U" date="1962" latitude="35.47302" longitude="-97.52123" file_name="LAO(INF007)2a 03 Dwellings.mp3" path_to_file="LAP\Projects\LAO\Speakers\LAO(INF007)\Audio\LAO(INF007)2a\LAO(INF007)2a 03 Dwellings.mp3"/>
	<entry id="1060070204" project="LAO" informant="INF007" reel="2" region="4" narrative="_Q" label="Dwellings" state="OK" sex="M " age="39" age_level="1" education="4" town="Oklahoma City" county="Oklahoma" land_regions="D" locality="U" date="1962" latitude="35.47302" longitude="-97.52123" file_name="LAO(INF007)2a 04 Dwellings.mp3" path_to_file="LAP\Projects\LAO\Speakers\LAO(INF007)\Audio\LAO(INF007)2a\LAO(INF007)2a 04 Dwellings.mp3"/>
	<entry id="1060070205" project="LAO" informant="INF007" reel="2" region="5" narrative="_Q" label="Dwellings" state="OK" sex="M " age="39" age_level="1" education="4" town="Oklahoma City" county="Oklahoma" land_regions="D" locality="U" date="1962" latitude="35.47302" longitude="-97.52123" file_name="LAO(INF007)2a 05 Dwellings.mp3" path_to_file="LAP\Projects\LAO\Speakers\LAO(INF007)\Audio\LAO(INF007)2a\LAO(INF007)2a 05 Dwellings.mp3"/>
	<entry id="1060070206" project="LAO" informant="INF007" reel="2" region="6" narrative="_Q" label="The Farm" state="OK" sex="M " age="39" age_level="1" education="4" town="Oklahoma City" county="Oklahoma" land_regions="D" locality="U" date="1962" latitude="35.47302" longitude="-97.52123" file_name="LAO(INF007)2a 06 The Farm.mp3" path_to_file="LAP\Projects\LAO\Speakers\LAO(INF007)\Audio\LAO(INF007)2a\LAO(INF007)2a 06 The Farm.mp3"/>
	<entry id="1060070207" project="LAO" informant="INF007" reel="2" region="7" narrative="_Q" label="The Farm" state="OK" sex="M " age="39" age_level="1" education="4" town="Oklahoma City" county="Oklahoma" land_regions="D" locality="U" date="1962" latitude="35.47302" longitude="-97.52123" file_name="LAO(INF007)2a 07 The Farm.mp3" path_to_file="LAP\Projects\LAO\Speakers\LAO(INF007)\Audio\LAO(INF007)2a\LAO(INF007)2a 07 The Farm.mp3"/>
	<entry id="3060070201" project="LAO" informant="INF007" reel="2" region="0" narrative="_I" label="Metadata" state="OK" sex="M " age="39" age_level="1" education="4" town="Oklahoma City" county="Oklahoma" land_regions="D" locality="U" date="1962" latitude="35.47302" longitude="-97.52123" file_name="LAO(INF007)2ameta.txt" path_to_file="LAP\Projects\LAO\Speakers\LAO(INF007)\Audio\LAO(INF007)2a\LAO(INF007)2ameta.txt"/>
	<entry id="1060070208" project="LAO" informant="INF007" reel="2" region="1" narrative="_Q" label="Containers and Utensils" state="OK" sex="M " age="39" age_level="1" education="4" town="Oklahoma City" county="Oklahoma" land_regions="D" locality="U" date="1962" latitude="35.47302" longitude="-97.52123" file_name="LAO(INF007)2b 01 Containers and Utensils.mp3" path_to_file="LAP\Projects\LAO\Speakers\LAO(INF007)\Audio\LAO(INF007)2b\LAO(INF007)2b 01 Containers and Utensils.mp3"/>
	<entry id="1060070209" project="LAO" informant="INF007" reel="2" region="2" narrative="_Q" label="Containers and Utensils" state="OK" sex="M " age="39" age_level="1" education="4" town="Oklahoma City" county="Oklahoma" land_regions="D" locality="U" date="1962" latitude="35.47302" longitude="-97.52123" file_name="LAO(INF007)2b 02 Containers and Utensils.mp3" path_to_file="LAP\Projects\LAO\Speakers\LAO(INF007)\Audio\LAO(INF007)2b\LAO(INF007)2b 02 Containers and Utensils.mp3"/>
	<entry id="1060070210" project="LAO" informant="INF007" reel="2" region="3" narrative="_Q" label="Containers and Utensils" state="OK" sex="M " age="39" age_level="1" education="4" town="Oklahoma City" county="Oklahoma" land_regions="D" locality="U" date="1962" latitude="35.47302" longitude="-97.52123" file_name="LAO(INF007)2b 03 Containers and Utensils.mp3" path_to_file="LAP\Projects\LAO\Speakers\LAO(INF007)\Audio\LAO(INF007)2b\LAO(INF007)2b 03 Containers and Utensils.mp3"/>
	<entry id="1060070211" project="LAO" informant="INF007" reel="2" region="4" narrative="_Q" label="Vehicles" state="OK" sex="M " age="39" age_level="1" education="4" town="Oklahoma City" county="Oklahoma" land_regions="D" locality="U" date="1962" latitude="35.47302" longitude="-97.52123" file_name="LAO(INF007)2b 04 Vehicles.mp3" path_to_file="LAP\Projects\LAO\Speakers\LAO(INF007)\Audio\LAO(INF007)2b\LAO(INF007)2b 04 Vehicles.mp3"/>
	<entry id="1060070212" project="LAO" informant="INF007" reel="2" region="5" narrative="_Q" label="Sport and Play" state="OK" sex="M " age="39" age_level="1" education="4" town="Oklahoma City" county="Oklahoma" land_regions="D" locality="U" date="1962" latitude="35.47302" longitude="-97.52123" file_name="LAO(INF007)2b 05 Sport and Play.mp3" path_to_file="LAP\Projects\LAO\Speakers\LAO(INF007)\Audio\LAO(INF007)2b\LAO(INF007)2b 05 Sport and Play.mp3"/>
	<entry id="1060070213" project="LAO" informant="INF007" reel="2" region="6" narrative="_Q" label="Clothing" state="OK" sex="M " age="39" age_level="1" education="4" town="Oklahoma City" county="Oklahoma" land_regions="D" locality="U" date="1962" latitude="35.47302" longitude="-97.52123" file_name="LAO(INF007)2b 06 Clothing.mp3" path_to_file="LAP\Projects\LAO\Speakers\LAO(INF007)\Audio\LAO(INF007)2b\LAO(INF007)2b 06 Clothing.mp3"/>
	<entry id="1060070214" project="LAO" informant="INF007" reel="2" region="7" narrative="_Q" label="Clothing" state="OK" sex="M " age="39" age_level="1" education="4" town="Oklahoma City" county="Oklahoma" land_regions="D" locality="U" date="1962" latitude="35.47302" longitude="-97.52123" file_name="LAO(INF007)2b 07 Clothing.mp3" path_to_file="LAP\Projects\LAO\Speakers\LAO(INF007)\Audio\LAO(INF007)2b\LAO(INF007)2b 07 Clothing.mp3"/>
	<entry id="3060070202" project="LAO" informant="INF007" reel="2" region="0" narrative="_I" label="Metadata" state="OK" sex="M " age="39" age_level="1" education="4" town="Oklahoma City" county="Oklahoma" land_regions="D" locality="U" date="1962" latitude="35.47302" longitude="-97.52123" file_name="LAO(INF007)2bmeta.txt" path_to_file="LAP\Projects\LAO\Speakers\LAO(INF007)\Audio\LAO(INF007)2b\LAO(INF007)2bmeta.txt"/>
	<entry id="1060070215" project="LAO" informant="INF007" reel="2" region="1" narrative="_Q" label="Topography" state="OK" sex="M " age="39" age_level="1" education="4" town="Oklahoma City" county="Oklahoma" land_regions="D" locality="U" date="1962" latitude="35.47302" longitude="-97.52123" file_name="LAO(INF007)2c 01 Topography.mp3" path_to_file="LAP\Projects\LAO\Speakers\LAO(INF007)\Audio\LAO(INF007)2c\LAO(INF007)2c 01 Topography.mp3"/>
	<entry id="1060070216" project="LAO" informant="INF007" reel="2" region="2" narrative="_Q" label="Topography" state="OK" sex="M " age="39" age_level="1" education="4" town="Oklahoma City" county="Oklahoma" land_regions="D" locality="U" date="1962" latitude="35.47302" longitude="-97.52123" file_name="LAO(INF007)2c 02 Topography.mp3" path_to_file="LAP\Projects\LAO\Speakers\LAO(INF007)\Audio\LAO(INF007)2c\LAO(INF007)2c 02 Topography.mp3"/>
	<entry id="1060070217" project="LAO" informant="INF007" reel="2" region="3" narrative="_Q" label="Domestic Animals" state="OK" sex="M " age="39" age_level="1" education="4" town="Oklahoma City" county="Oklahoma" land_regions="D" locality="U" date="1962" latitude="35.47302" longitude="-97.52123" file_name="LAO(INF007)2c 03 Domestic Animals.mp3" path_to_file="LAP\Projects\LAO\Speakers\LAO(INF007)\Audio\LAO(INF007)2c\LAO(INF007)2c 03 Domestic Animals.mp3"/>
	<entry id="1060070218" project="LAO" informant="INF007" reel="2" region="4" narrative="_Q" label="Verbs_Principal Parts" state="OK" sex="M " age="39" age_level="1" education="4" town="Oklahoma City" county="Oklahoma" land_regions="D" locality="U" date="1962" latitude="35.47302" longitude="-97.52123" file_name="LAO(INF007)2c 04 Verbs_Principal Parts.mp3" path_to_file="LAP\Projects\LAO\Speakers\LAO(INF007)\Audio\LAO(INF007)2c\LAO(INF007)2c 04 Verbs_Principal Parts.mp3"/>
	<entry id="1060070219" project="LAO" informant="INF007" reel="2" region="5" narrative="_Q" label="Calls to Animals" state="OK" sex="M " age="39" age_level="1" education="4" town="Oklahoma City" county="Oklahoma" land_regions="D" locality="U" date="1962" latitude="35.47302" longitude="-97.52123" file_name="LAO(INF007)2c 05 Calls to Animals.mp3" path_to_file="LAP\Projects\LAO\Speakers\LAO(INF007)\Audio\LAO(INF007)2c\LAO(INF007)2c 05 Calls to Animals.mp3"/>
	<entry id="1060070220" project="LAO" informant="INF007" reel="2" region="6" narrative="_N" label="Calls to Animals" state="OK" sex="M " age="39" age_level="1" education="4" town="Oklahoma City" county="Oklahoma" land_regions="D" locality="U" date="1962" latitude="35.47302" longitude="-97.52123" file_name="LAO(INF007)2c 06 Calls to Animals_N.mp3" path_to_file="LAP\Projects\LAO\Speakers\LAO(INF007)\Audio\LAO(INF007)2c\LAO(INF007)2c 06 Calls to Animals_N.mp3"/>
	<entry id="1060070221" project="LAO" informant="INF007" reel="2" region="7" narrative="_Q" label="Agriculture" state="OK" sex="M " age="39" age_level="1" education="4" town="Oklahoma City" county="Oklahoma" land_regions="D" locality="U" date="1962" latitude="35.47302" longitude="-97.52123" file_name="LAO(INF007)2c 07 Agriculture.mp3" path_to_file="LAP\Projects\LAO\Speakers\LAO(INF007)\Audio\LAO(INF007)2c\LAO(INF007)2c 07 Agriculture.mp3"/>
	<entry id="1060070222" project="LAO" informant="INF007" reel="2" region="8" narrative="_Q" label="Agriculture" state="OK" sex="M " age="39" age_level="1" education="4" town="Oklahoma City" county="Oklahoma" land_regions="D" locality="U" date="1962" latitude="35.47302" longitude="-97.52123" file_name="LAO(INF007)2c 08 Agriculture.mp3" path_to_file="LAP\Projects\LAO\Speakers\LAO(INF007)\Audio\LAO(INF007)2c\LAO(INF007)2c 08 Agriculture.mp3"/>
	<entry id="3060070203" project="LAO" informant="INF007" reel="2" region="0" narrative="_I" label="Metadata" state="OK" sex="M " age="39" age_level="1" education="4" town="Oklahoma City" county="Oklahoma" land_regions="D" locality="U" date="1962" latitude="35.47302" longitude="-97.52123" file_name="LAO(INF007)2cmeta.txt" path_to_file="LAP\Projects\LAO\Speakers\LAO(INF007)\Audio\LAO(INF007)2c\LAO(INF007)2cmeta.txt"/>
	<entry id="1060070301" project="LAO" informant="INF007" reel="3" region="1" narrative="_Q" label="Containers and Utensils" state="OK" sex="M " age="39" age_level="1" education="4" town="Oklahoma City" county="Oklahoma" land_regions="D" locality="U" date="1962" latitude="35.47302" longitude="-97.52123" file_name="LAO(INF007)3a 01 Containers and Utensils.mp3" path_to_file="LAP\Projects\LAO\Speakers\LAO(INF007)\Audio\LAO(INF007)3a\LAO(INF007)3a 01 Containers and Utensils.mp3"/>
	<entry id="1060070302" project="LAO" informant="INF007" reel="3" region="2" narrative="_Q" label="Containers and Utensils" state="OK" sex="M " age="39" age_level="1" education="4" town="Oklahoma City" county="Oklahoma" land_regions="D" locality="U" date="1962" latitude="35.47302" longitude="-97.52123" file_name="LAO(INF007)3a 02 Containers and Utensils.mp3" path_to_file="LAP\Projects\LAO\Speakers\LAO(INF007)\Audio\LAO(INF007)3a\LAO(INF007)3a 02 Containers and Utensils.mp3"/>
	<entry id="1060070303" project="LAO" informant="INF007" reel="3" region="3" narrative="_N" label="Containers and Utensils" state="OK" sex="M " age="39" age_level="1" education="4" town="Oklahoma City" county="Oklahoma" land_regions="D" locality="U" date="1962" latitude="35.47302" longitude="-97.52123" file_name="LAO(INF007)3a 03 Containers and Utensils_N.mp3" path_to_file="LAP\Projects\LAO\Speakers\LAO(INF007)\Audio\LAO(INF007)3a\LAO(INF007)3a 03 Containers and Utensils_N.mp3"/>
	<entry id="1060070304" project="LAO" informant="INF007" reel="3" region="4" narrative="_Q" label="Containers and Utensils" state="OK" sex="M " age="39" age_level="1" education="4" town="Oklahoma City" county="Oklahoma" land_regions="D" locality="U" date="1962" latitude="35.47302" longitude="-97.52123" file_name="LAO(INF007)3a 04 Containers and Utensils.mp3" path_to_file="LAP\Projects\LAO\Speakers\LAO(INF007)\Audio\LAO(INF007)3a\LAO(INF007)3a 04 Containers and Utensils.mp3"/>
	<entry id="1060070305" project="LAO" informant="INF007" reel="3" region="5" narrative="_Q" label="Illness and Death" state="OK" sex="M " age="39" age_level="1" education="4" town="Oklahoma City" county="Oklahoma" land_regions="D" locality="U" date="1962" latitude="35.47302" longitude="-97.52123" file_name="LAO(INF007)3a 05 Illness and Death.mp3" path_to_file="LAP\Projects\LAO\Speakers\LAO(INF007)\Audio\LAO(INF007)3a\LAO(INF007)3a 05 Illness and Death.mp3"/>
	<entry id="1060070306" project="LAO" informant="INF007" reel="3" region="6" narrative="_Q" label="Social Relations" state="OK" sex="M " age="39" age_level="1" education="4" town="Oklahoma City" county="Oklahoma" land_regions="D" locality="U" date="1962" latitude="35.47302" longitude="-97.52123" file_name="LAO(INF007)3a 06 Social Relations.mp3" path_to_file="LAP\Projects\LAO\Speakers\LAO(INF007)\Audio\LAO(INF007)3a\LAO(INF007)3a 06 Social Relations.mp3"/>
	<entry id="1060070307" project="LAO" informant="INF007" reel="3" region="7" narrative="_N" label="Social Relations" state="OK" sex="M " age="39" age_level="1" education="4" town="Oklahoma City" county="Oklahoma" land_regions="D" locality="U" date="1962" latitude="35.47302" longitude="-97.52123" file_name="LAO(INF007)3a 07 Social Relations_N.mp3" path_to_file="LAP\Projects\LAO\Speakers\LAO(INF007)\Audio\LAO(INF007)3a\LAO(INF007)3a 07 Social Relations_N.mp3"/>
	<entry id="1060070308" project="LAO" informant="INF007" reel="3" region="8" narrative="_Q" label="Public Institutions" state="OK" sex="M " age="39" age_level="1" education="4" town="Oklahoma City" county="Oklahoma" land_regions="D" locality="U" date="1962" latitude="35.47302" longitude="-97.52123" file_name="LAO(INF007)3a 08 Public Institutions.mp3" path_to_file="LAP\Projects\LAO\Speakers\LAO(INF007)\Audio\LAO(INF007)3a\LAO(INF007)3a 08 Public Institutions.mp3"/>
	<entry id="3060070301" project="LAO" informant="INF007" reel="3" region="0" narrative="_I" label="Metadata" state="OK" sex="M " age="39" age_level="1" education="4" town="Oklahoma City" county="Oklahoma" land_regions="D" locality="U" date="1962" latitude="35.47302" longitude="-97.52123" file_name="LAO(INF007)3ameta.txt" path_to_file="LAP\Projects\LAO\Speakers\LAO(INF007)\Audio\LAO(INF007)3a\LAO(INF007)3ameta.txt"/>
	<entry id="1060070309" project="LAO" informant="INF007" reel="3" region="1" narrative="_Q" label="Vehicles" state="OK" sex="M " age="39" age_level="1" education="4" town="Oklahoma City" county="Oklahoma" land_regions="D" locality="U" date="1962" latitude="35.47302" longitude="-97.52123" file_name="LAO(INF007)3b 01 Vehicles.mp3" path_to_file="LAP\Projects\LAO\Speakers\LAO(INF007)\Audio\LAO(INF007)3b\LAO(INF007)3b 01 Vehicles.mp3"/>
	<entry id="1060070310" project="LAO" informant="INF007" reel="3" region="2" narrative="_N" label="Geography" state="OK" sex="M " age="39" age_level="1" education="4" town="Oklahoma City" county="Oklahoma" land_regions="D" locality="U" date="1962" latitude="35.47302" longitude="-97.52123" file_name="LAO(INF007)3b 02 Geography_N.mp3" path_to_file="LAP\Projects\LAO\Speakers\LAO(INF007)\Audio\LAO(INF007)3b\LAO(INF007)3b 02 Geography_N.mp3"/>
	<entry id="1060070311" project="LAO" informant="INF007" reel="3" region="3" narrative="_N" label="Sport and Play" state="OK" sex="M " age="39" age_level="1" education="4" town="Oklahoma City" county="Oklahoma" land_regions="D" locality="U" date="1962" latitude="35.47302" longitude="-97.52123" file_name="LAO(INF007)3b 03 Sport and Play_N.mp3" path_to_file="LAP\Projects\LAO\Speakers\LAO(INF007)\Audio\LAO(INF007)3b\LAO(INF007)3b 03 Sport and Play_N.mp3"/>
	<entry id="1060070312" project="LAO" informant="INF007" reel="3" region="4" narrative="_Q" label="Topography" state="OK" sex="M " age="39" age_level="1" education="4" town="Oklahoma City" county="Oklahoma" land_regions="D" locality="U" date="1962" latitude="35.47302" longitude="-97.52123" file_name="LAO(INF007)3b 04 Topography.mp3" path_to_file="LAP\Projects\LAO\Speakers\LAO(INF007)\Audio\LAO(INF007)3b\LAO(INF007)3b 04 Topography.mp3"/>
	<entry id="1060070313" project="LAO" informant="INF007" reel="3" region="5" narrative="_Q" label="Greetings and Salutations" state="OK" sex="M " age="39" age_level="1" education="4" town="Oklahoma City" county="Oklahoma" land_regions="D" locality="U" date="1962" latitude="35.47302" longitude="-97.52123" file_name="LAO(INF007)3b 05 Greetings and Salutations.mp3" path_to_file="LAP\Projects\LAO\Speakers\LAO(INF007)\Audio\LAO(INF007)3b\LAO(INF007)3b 05 Greetings and Salutations.mp3"/>
	<entry id="1060070314" project="LAO" informant="INF007" reel="3" region="6" narrative="_Q" label="Verbs_Principal Parts" state="OK" sex="M " age="39" age_level="1" education="4" town="Oklahoma City" county="Oklahoma" land_regions="D" locality="U" date="1962" latitude="35.47302" longitude="-97.52123" file_name="LAO(INF007)3b 06 Verbs_Principal Parts.mp3" path_to_file="LAP\Projects\LAO\Speakers\LAO(INF007)\Audio\LAO(INF007)3b\LAO(INF007)3b 06 Verbs_Principal Parts.mp3"/>
	<entry id="1060070315" project="LAO" informant="INF007" reel="3" region="7" narrative="_Q" label="Verbs_Principal Parts" state="OK" sex="M " age="39" age_level="1" education="4" town="Oklahoma City" county="Oklahoma" land_regions="D" locality="U" date="1962" latitude="35.47302" longitude="-97.52123" file_name="LAO(INF007)3b 07 Verbs_Principal Parts.mp3" path_to_file="LAP\Projects\LAO\Speakers\LAO(INF007)\Audio\LAO(INF007)3b\LAO(INF007)3b 07 Verbs_Principal Parts.mp3"/>
	<entry id="3060070302" project="LAO" informant="INF007" reel="3" region="0" narrative="_I" label="Metadata" state="OK" sex="M " age="39" age_level="1" education="4" town="Oklahoma City" county="Oklahoma" land_regions="D" locality="U" date="1962" latitude="35.47302" longitude="-97.52123" file_name="LAO(INF007)3bmeta.txt" path_to_file="LAP\Projects\LAO\Speakers\LAO(INF007)\Audio\LAO(INF007)3b\LAO(INF007)3bmeta.txt"/>
	<entry id="1060070316" project="LAO" informant="INF007" reel="3" region="1" narrative="_N" label="Public Institutions" state="OK" sex="M " age="39" age_level="1" education="4" town="Oklahoma City" county="Oklahoma" land_regions="D" locality="U" date="1962" latitude="35.47302" longitude="-97.52123" file_name="LAO(INF007)3c 01 Public Institutions_N.mp3" path_to_file="LAP\Projects\LAO\Speakers\LAO(INF007)\Audio\LAO(INF007)3c\LAO(INF007)3c 01 Public Institutions_N.mp3"/>
	<entry id="1060070317" project="LAO" informant="INF007" reel="3" region="2" narrative="_Q" label="Verbs_Be, Have, Do" state="OK" sex="M " age="39" age_level="1" education="4" town="Oklahoma City" county="Oklahoma" land_regions="D" locality="U" date="1962" latitude="35.47302" longitude="-97.52123" file_name="LAO(INF007)3c 02 Verbs_Be, Have, Do.mp3" path_to_file="LAP\Projects\LAO\Speakers\LAO(INF007)\Audio\LAO(INF007)3c\LAO(INF007)3c 02 Verbs_Be, Have, Do.mp3"/>
	<entry id="1060070318" project="LAO" informant="INF007" reel="3" region="3" narrative="_Q" label="Names, Titles and Occupations" state="OK" sex="M " age="39" age_level="1" education="4" town="Oklahoma City" county="Oklahoma" land_regions="D" locality="U" date="1962" latitude="35.47302" longitude="-97.52123" file_name="LAO(INF007)3c 03 Names, Titles and Occupations.mp3" path_to_file="LAP\Projects\LAO\Speakers\LAO(INF007)\Audio\LAO(INF007)3c\LAO(INF007)3c 03 Names, Titles and Occupations.mp3"/>
	<entry id="1060070319" project="LAO" informant="INF007" reel="3" region="4" narrative="_Q" label="Numerals" state="OK" sex="M " age="39" age_level="1" education="4" town="Oklahoma City" county="Oklahoma" land_regions="D" locality="U" date="1962" latitude="35.47302" longitude="-97.52123" file_name="LAO(INF007)3c 04 Numerals.mp3" path_to_file="LAP\Projects\LAO\Speakers\LAO(INF007)\Audio\LAO(INF007)3c\LAO(INF007)3c 04 Numerals.mp3"/>
	<entry id="1060070320" project="LAO" informant="INF007" reel="3" region="5" narrative="_Q" label="Time" state="OK" sex="M " age="39" age_level="1" education="4" town="Oklahoma City" county="Oklahoma" land_regions="D" locality="U" date="1962" latitude="35.47302" longitude="-97.52123" file_name="LAO(INF007)3c 05 Time.mp3" path_to_file="LAP\Projects\LAO\Speakers\LAO(INF007)\Audio\LAO(INF007)3c\LAO(INF007)3c 05 Time.mp3"/>
	<entry id="1060070321" project="LAO" informant="INF007" reel="3" region="6" narrative="_Q" label="Weather" state="OK" sex="M " age="39" age_level="1" education="4" town="Oklahoma City" county="Oklahoma" land_regions="D" locality="U" date="1962" latitude="35.47302" longitude="-97.52123" file_name="LAO(INF007)3c 06 Weather.mp3" path_to_file="LAP\Projects\LAO\Speakers\LAO(INF007)\Audio\LAO(INF007)3c\LAO(INF007)3c 06 Weather.mp3"/>
	<entry id="1060070322" project="LAO" informant="INF007" reel="3" region="7" narrative="_Q" label="Domestic Animals" state="OK" sex="M " age="39" age_level="1" education="4" town="Oklahoma City" county="Oklahoma" land_regions="D" locality="U" date="1962" latitude="35.47302" longitude="-97.52123" file_name="LAO(INF007)3c 07 Domestic Animals.mp3" path_to_file="LAP\Projects\LAO\Speakers\LAO(INF007)\Audio\LAO(INF007)3c\LAO(INF007)3c 07 Domestic Animals.mp3"/>
	<entry id="3060070303" project="LAO" informant="INF007" reel="3" region="0" narrative="_I" label="Metadata" state="OK" sex="M " age="39" age_level="1" education="4" town="Oklahoma City" county="Oklahoma" land_regions="D" locality="U" date="1962" latitude="35.47302" longitude="-97.52123" file_name="LAO(INF007)3cmeta.txt" path_to_file="LAP\Projects\LAO\Speakers\LAO(INF007)\Audio\LAO(INF007)3c\LAO(INF007)3cmeta.txt"/>
	<entry id="1060070401" project="LAO" informant="INF007" reel="4" region="1" narrative="_Q" label="Pronouns" state="OK" sex="M " age="39" age_level="1" education="4" town="Oklahoma City" county="Oklahoma" land_regions="D" locality="U" date="1962" latitude="35.47302" longitude="-97.52123" file_name="LAO(INF007)4 01 Pronouns.mp3" path_to_file="LAP\Projects\LAO\Speakers\LAO(INF007)\Audio\LAO(INF007)4\LAO(INF007)4 01 Pronouns.mp3"/>
	<entry id="1060070402" project="LAO" informant="INF007" reel="4" region="2" narrative="_Q" label="Verbs_Principal Parts" state="OK" sex="M " age="39" age_level="1" education="4" town="Oklahoma City" county="Oklahoma" land_regions="D" locality="U" date="1962" latitude="35.47302" longitude="-97.52123" file_name="LAO(INF007)4 02 Verbs_Principal Parts.mp3" path_to_file="LAP\Projects\LAO\Speakers\LAO(INF007)\Audio\LAO(INF007)4\LAO(INF007)4 02 Verbs_Principal Parts.mp3"/>
	<entry id="1060070403" project="LAO" informant="INF007" reel="4" region="3" narrative="_Q" label="Food and Cooking" state="OK" sex="M " age="39" age_level="1" education="4" town="Oklahoma City" county="Oklahoma" land_regions="D" locality="U" date="1962" latitude="35.47302" longitude="-97.52123" file_name="LAO(INF007)4 03 Food and Cooking.mp3" path_to_file="LAP\Projects\LAO\Speakers\LAO(INF007)\Audio\LAO(INF007)4\LAO(INF007)4 03 Food and Cooking.mp3"/>
	<entry id="1060070404" project="LAO" informant="INF007" reel="4" region="4" narrative="_Q" label="Dwellings" state="OK" sex="M " age="39" age_level="1" education="4" town="Oklahoma City" county="Oklahoma" land_regions="D" locality="U" date="1962" latitude="35.47302" longitude="-97.52123" file_name="LAO(INF007)4 04 Dwellings.mp3" path_to_file="LAP\Projects\LAO\Speakers\LAO(INF007)\Audio\LAO(INF007)4\LAO(INF007)4 04 Dwellings.mp3"/>
	<entry id="1060070405" project="LAO" informant="INF007" reel="4" region="5" narrative="_Q" label="Sport and Play" state="OK" sex="M " age="39" age_level="1" education="4" town="Oklahoma City" county="Oklahoma" land_regions="D" locality="U" date="1962" latitude="35.47302" longitude="-97.52123" file_name="LAO(INF007)4 05 Sport and Play.mp3" path_to_file="LAP\Projects\LAO\Speakers\LAO(INF007)\Audio\LAO(INF007)4\LAO(INF007)4 05 Sport and Play.mp3"/>
	<entry id="1060070406" project="LAO" informant="INF007" reel="4" region="6" narrative="_N" label="Sport and Play" state="OK" sex="M " age="39" age_level="1" education="4" town="Oklahoma City" county="Oklahoma" land_regions="D" locality="U" date="1962" latitude="35.47302" longitude="-97.52123" file_name="LAO(INF007)4 06 Sport and Play_N.mp3" path_to_file="LAP\Projects\LAO\Speakers\LAO(INF007)\Audio\LAO(INF007)4\LAO(INF007)4 06 Sport and Play_N.mp3"/>
	<entry id="1060070407" project="LAO" informant="INF007" reel="4" region="7" narrative="_Q" label="Geography" state="OK" sex="M " age="39" age_level="1" education="4" town="Oklahoma City" county="Oklahoma" land_regions="D" locality="U" date="1962" latitude="35.47302" longitude="-97.52123" file_name="LAO(INF007)4 07 Geography.mp3" path_to_file="LAP\Projects\LAO\Speakers\LAO(INF007)\Audio\LAO(INF007)4\LAO(INF007)4 07 Geography.mp3"/>
	<entry id="1060070408" project="LAO" informant="INF007" reel="4" region="8" narrative="_Q" label="Family" state="OK" sex="M " age="39" age_level="1" education="4" town="Oklahoma City" county="Oklahoma" land_regions="D" locality="U" date="1962" latitude="35.47302" longitude="-97.52123" file_name="LAO(INF007)4 08 Family.mp3" path_to_file="LAP\Projects\LAO\Speakers\LAO(INF007)\Audio\LAO(INF007)4\LAO(INF007)4 08 Family.mp3"/>
	<entry id="1060070409" project="LAO" informant="INF007" reel="4" region="9" narrative="_N" label="Geography" state="OK" sex="M " age="39" age_level="1" education="4" town="Oklahoma City" county="Oklahoma" land_regions="D" locality="U" date="1962" latitude="35.47302" longitude="-97.52123" file_name="LAO(INF007)4 09 Geography_N.mp3" path_to_file="LAP\Projects\LAO\Speakers\LAO(INF007)\Audio\LAO(INF007)4\LAO(INF007)4 09 Geography_N.mp3"/>
	<entry id="3060070401" project="LAO" informant="INF007" reel="4" region="0" narrative="_I" label="Metadata" state="OK" sex="M " age="39" age_level="1" education="4" town="Oklahoma City" county="Oklahoma" land_regions="D" locality="U" date="1962" latitude="35.47302" longitude="-97.52123" file_name="LAO(INF007)4meta.txt" path_to_file="LAP\Projects\LAO\Speakers\LAO(INF007)\Audio\LAO(INF007)4\LAO(INF007)4meta.txt"/>
	<entry id="3060070001" project="LAO" informant="INF007" reel="0" region="0" narrative="_I" label="Biographical Information" state="OK" sex="M " age="39" age_level="1" education="4" town="Oklahoma City" county="Oklahoma" land_regions="D" locality="U" date="1962" latitude="35.47302" longitude="-97.52123" file_name="LAO(INF007)BIO.txt" path_to_file="LAP\Projects\LAO\Speakers\LAO(INF007)\Text\LAO(INF007)BIO.txt"/>
</Audio>