<?xml version="1.0" encoding="UTF-8" standalone="yes"?>
<Audio>
	<entry id="1060280101" project="LAO" informant="INF028" reel="1a" region="1" narrative="_Q" label="Names, Titles and Occupations" state="OK" sex="M " age="69" age_level="3" education="1" town="Stonewall" county="Coal" land_regions="D" locality="R" date="1962" file_name="LAO(INF028)1a 01 Names, Titles and Occupations.mp3" path_to_file="LAP\Projects\LAO\Speakers\LAO(INF028)\Audio\LAO(INF028)1a\LAO(INF028)1a 01 Names, Titles and Occupations.mp3"/>
	<entry id="1060280102" project="LAO" informant="INF028" reel="1a" region="2" narrative="_Q" label="Trees and Shrubs" state="OK" sex="M " age="69" age_level="3" education="1" town="Stonewall" county="Coal" land_regions="D" locality="R" date="1962" file_name="LAO(INF028)1a 02 Trees and Shrubs.mp3" path_to_file="LAP\Projects\LAO\Speakers\LAO(INF028)\Audio\LAO(INF028)1a\LAO(INF028)1a 02 Trees and Shrubs.mp3"/>
	<entry id="1060280103" project="LAO" informant="INF028" reel="1a" region="3" narrative="_Q" label="Dwellings" state="OK" sex="M " age="69" age_level="3" education="1" town="Stonewall" county="Coal" land_regions="D" locality="R" date="1962" file_name="LAO(INF028)1a 03 Dwellings.mp3" path_to_file="LAP\Projects\LAO\Speakers\LAO(INF028)\Audio\LAO(INF028)1a\LAO(INF028)1a 03 Dwellings.mp3"/>
	<entry id="1060280104" project="LAO" informant="INF028" reel="1a" region="4" narrative="_Q" label="Dwellings" state="OK" sex="M " age="69" age_level="3" education="1" town="Stonewall" county="Coal" land_regions="D" locality="R" date="1962" file_name="LAO(INF028)1a 04 Dwellings.mp3" path_to_file="LAP\Projects\LAO\Speakers\LAO(INF028)\Audio\LAO(INF028)1a\LAO(INF028)1a 04 Dwellings.mp3"/>
	<entry id="1060280105" project="LAO" informant="INF028" reel="1a" region="5" narrative="_Q" label="Topography" state="OK" sex="M " age="69" age_level="3" education="1" town="Stonewall" county="Coal" land_regions="D" locality="R" date="1962" file_name="LAO(INF028)1a 05 Topography.mp3" path_to_file="LAP\Projects\LAO\Speakers\LAO(INF028)\Audio\LAO(INF028)1a\LAO(INF028)1a 05 Topography.mp3"/>
	<entry id="1060280106" project="LAO" informant="INF028" reel="1a" region="6" narrative="_Q" label="Dwellings" state="OK" sex="M " age="69" age_level="3" education="1" town="Stonewall" county="Coal" land_regions="D" locality="R" date="1962" file_name="LAO(INF028)1a 06 Dwellings.mp3" path_to_file="LAP\Projects\LAO\Speakers\LAO(INF028)\Audio\LAO(INF028)1a\LAO(INF028)1a 06 Dwellings.mp3"/>
	<entry id="1060280107" project="LAO" informant="INF028" reel="1a" region="7" narrative="_Q" label="Dwellings" state="OK" sex="M " age="69" age_level="3" education="1" town="Stonewall" county="Coal" land_regions="D" locality="R" date="1962" file_name="LAO(INF028)1a 07 Dwellings.mp3" path_to_file="LAP\Projects\LAO\Speakers\LAO(INF028)\Audio\LAO(INF028)1a\LAO(INF028)1a 07 Dwellings.mp3"/>
	<entry id="3060280101" project="LAO" informant="INF028" reel="1a" region="0" narrative="_I" label="Metadata" state="OK" sex="M " age="69" age_level="3" education="1" town="Stonewall" county="Coal" land_regions="D" locality="R" date="1962" file_name="LAO(INF028)1ameta.txt" path_to_file="LAP\Projects\LAO\Speakers\LAO(INF028)\Audio\LAO(INF028)1a\LAO(INF028)1ameta.txt"/>
	<entry id="1060280108" project="LAO" informant="INF028" reel="1b" region="1" narrative="_Q" label="Containers and Utensils" state="OK" sex="M " age="69" age_level="3" education="1" town="Stonewall" county="Coal" land_regions="D" locality="R" date="1962" file_name="LAO(INF028)1b 01 Containers and Utensils.mp3" path_to_file="LAP\Projects\LAO\Speakers\LAO(INF028)\Audio\LAO(INF028)1b\LAO(INF028)1b 01 Containers and Utensils.mp3"/>
	<entry id="1060280109" project="LAO" informant="INF028" reel="1b" region="2" narrative="_Q" label="Dwellings" state="OK" sex="M " age="69" age_level="3" education="1" town="Stonewall" county="Coal" land_regions="D" locality="R" date="1962" file_name="LAO(INF028)1b 02 Dwellings.mp3" path_to_file="LAP\Projects\LAO\Speakers\LAO(INF028)\Audio\LAO(INF028)1b\LAO(INF028)1b 02 Dwellings.mp3"/>
	<entry id="1060280110" project="LAO" informant="INF028" reel="1b" region="3" narrative="_Q" label="The Farm" state="OK" sex="M " age="69" age_level="3" education="1" town="Stonewall" county="Coal" land_regions="D" locality="R" date="1962" file_name="LAO(INF028)1b 03 The Farm.mp3" path_to_file="LAP\Projects\LAO\Speakers\LAO(INF028)\Audio\LAO(INF028)1b\LAO(INF028)1b 03 The Farm.mp3"/>
	<entry id="1060280111" project="LAO" informant="INF028" reel="1b" region="4" narrative="_Q" label="Names, Titles and Occupations" state="OK" sex="M " age="69" age_level="3" education="1" town="Stonewall" county="Coal" land_regions="D" locality="R" date="1962" file_name="LAO(INF028)1b 04 Names, Titles and Occupations.mp3" path_to_file="LAP\Projects\LAO\Speakers\LAO(INF028)\Audio\LAO(INF028)1b\LAO(INF028)1b 04 Names, Titles and Occupations.mp3"/>
	<entry id="1060280112" project="LAO" informant="INF028" reel="1b" region="5" narrative="_Q" label="Containers and Utensils" state="OK" sex="M " age="69" age_level="3" education="1" town="Stonewall" county="Coal" land_regions="D" locality="R" date="1962" file_name="LAO(INF028)1b 05 Containers and Utensils.mp3" path_to_file="LAP\Projects\LAO\Speakers\LAO(INF028)\Audio\LAO(INF028)1b\LAO(INF028)1b 05 Containers and Utensils.mp3"/>
	<entry id="1060280113" project="LAO" informant="INF028" reel="1b" region="6" narrative="_Q" label="The Farm" state="OK" sex="M " age="69" age_level="3" education="1" town="Stonewall" county="Coal" land_regions="D" locality="R" date="1962" file_name="LAO(INF028)1b 06 The Farm.mp3" path_to_file="LAP\Projects\LAO\Speakers\LAO(INF028)\Audio\LAO(INF028)1b\LAO(INF028)1b 06 The Farm.mp3"/>
	<entry id="1060280114" project="LAO" informant="INF028" reel="1b" region="7" narrative="_Q" label="The Farm" state="OK" sex="M " age="69" age_level="3" education="1" town="Stonewall" county="Coal" land_regions="D" locality="R" date="1962" file_name="LAO(INF028)1b 07 The Farm.mp3" path_to_file="LAP\Projects\LAO\Speakers\LAO(INF028)\Audio\LAO(INF028)1b\LAO(INF028)1b 07 The Farm.mp3"/>
	<entry id="3060280102" project="LAO" informant="INF028" reel="1b" region="0" narrative="_I" label="Metadata" state="OK" sex="M " age="69" age_level="3" education="1" town="Stonewall" county="Coal" land_regions="D" locality="R" date="1962" file_name="LAO(INF028)1bmeta.txt" path_to_file="LAP\Projects\LAO\Speakers\LAO(INF028)\Audio\LAO(INF028)1b\LAO(INF028)1bmeta.txt"/>
	<entry id="1060280115" project="LAO" informant="INF028" reel="1c" region="1" narrative="_Q" label="Geography" state="OK" sex="M " age="69" age_level="3" education="1" town="Stonewall" county="Coal" land_regions="D" locality="R" date="1962" file_name="LAO(INF028)1c 01 Geography.mp3" path_to_file="LAP\Projects\LAO\Speakers\LAO(INF028)\Audio\LAO(INF028)1c\LAO(INF028)1c 01 Geography.mp3"/>
	<entry id="1060280116" project="LAO" informant="INF028" reel="1c" region="2" narrative="_Q" label="Containers and Utensils" state="OK" sex="M " age="69" age_level="3" education="1" town="Stonewall" county="Coal" land_regions="D" locality="R" date="1962" file_name="LAO(INF028)1c 02 Containers and Utensils.mp3" path_to_file="LAP\Projects\LAO\Speakers\LAO(INF028)\Audio\LAO(INF028)1c\LAO(INF028)1c 02 Containers and Utensils.mp3"/>
	<entry id="1060280117" project="LAO" informant="INF028" reel="1c" region="3" narrative="_Q" label="Food and Cooking" state="OK" sex="M " age="69" age_level="3" education="1" town="Stonewall" county="Coal" land_regions="D" locality="R" date="1962" file_name="LAO(INF028)1c 03 Food and Cooking.mp3" path_to_file="LAP\Projects\LAO\Speakers\LAO(INF028)\Audio\LAO(INF028)1c\LAO(INF028)1c 03 Food and Cooking.mp3"/>
	<entry id="1060280118" project="LAO" informant="INF028" reel="1c" region="4" narrative="_Q" label="Domestic Animals" state="OK" sex="M " age="69" age_level="3" education="1" town="Stonewall" county="Coal" land_regions="D" locality="R" date="1962" file_name="LAO(INF028)1c 04 Domestic Animals.mp3" path_to_file="LAP\Projects\LAO\Speakers\LAO(INF028)\Audio\LAO(INF028)1c\LAO(INF028)1c 04 Domestic Animals.mp3"/>
	<entry id="1060280119" project="LAO" informant="INF028" reel="1c" region="5" narrative="_Q" label="Social Relations" state="OK" sex="M " age="69" age_level="3" education="1" town="Stonewall" county="Coal" land_regions="D" locality="R" date="1962" file_name="LAO(INF028)1c 05 Social Relations.mp3" path_to_file="LAP\Projects\LAO\Speakers\LAO(INF028)\Audio\LAO(INF028)1c\LAO(INF028)1c 05 Social Relations.mp3"/>
	<entry id="1060280120" project="LAO" informant="INF028" reel="1c" region="6" narrative="_Q" label="Domestic Animals" state="OK" sex="M " age="69" age_level="3" education="1" town="Stonewall" county="Coal" land_regions="D" locality="R" date="1962" file_name="LAO(INF028)1c 06 Domestic Animals.mp3" path_to_file="LAP\Projects\LAO\Speakers\LAO(INF028)\Audio\LAO(INF028)1c\LAO(INF028)1c 06 Domestic Animals.mp3"/>
	<entry id="1060280121" project="LAO" informant="INF028" reel="1c" region="7" narrative="_Q" label="Vehicles" state="OK" sex="M " age="69" age_level="3" education="1" town="Stonewall" county="Coal" land_regions="D" locality="R" date="1962" file_name="LAO(INF028)1c 07 Vehicles.mp3" path_to_file="LAP\Projects\LAO\Speakers\LAO(INF028)\Audio\LAO(INF028)1c\LAO(INF028)1c 07 Vehicles.mp3"/>
	<entry id="1060280122" project="LAO" informant="INF028" reel="1c" region="8" narrative="_Q" label="Calls to Animals" state="OK" sex="M " age="69" age_level="3" education="1" town="Stonewall" county="Coal" land_regions="D" locality="R" date="1962" file_name="LAO(INF028)1c 08 Calls to Animals.mp3" path_to_file="LAP\Projects\LAO\Speakers\LAO(INF028)\Audio\LAO(INF028)1c\LAO(INF028)1c 08 Calls to Animals.mp3"/>
	<entry id="3060280103" project="LAO" informant="INF028" reel="1c" region="0" narrative="_I" label="Metadata" state="OK" sex="M " age="69" age_level="3" education="1" town="Stonewall" county="Coal" land_regions="D" locality="R" date="1962" file_name="LAO(INF028)1cmeta.txt" path_to_file="LAP\Projects\LAO\Speakers\LAO(INF028)\Audio\LAO(INF028)1c\LAO(INF028)1cmeta.txt"/>
	<entry id="1060280201" project="LAO" informant="INF028" reel="2a" region="1" narrative="_Q" label="Personal Characteristics" state="OK" sex="M " age="69" age_level="3" education="1" town="Stonewall" county="Coal" land_regions="D" locality="R" date="1962" file_name="LAO(INF028)2a 01 Personal Characteristics.mp3" path_to_file="LAP\Projects\LAO\Speakers\LAO(INF028)\Audio\LAO(INF028)2a\LAO(INF028)2a 01 Personal Characteristics.mp3"/>
	<entry id="1060280202" project="LAO" informant="INF028" reel="2a" region="2" narrative="_Q" label="Containers and Utensils" state="OK" sex="M " age="69" age_level="3" education="1" town="Stonewall" county="Coal" land_regions="D" locality="R" date="1962" file_name="LAO(INF028)2a 02 Containers and Utensils.mp3" path_to_file="LAP\Projects\LAO\Speakers\LAO(INF028)\Audio\LAO(INF028)2a\LAO(INF028)2a 02 Containers and Utensils.mp3"/>
	<entry id="1060280203" project="LAO" informant="INF028" reel="2a" region="3" narrative="_Q" label="Sport and Play" state="OK" sex="M " age="69" age_level="3" education="1" town="Stonewall" county="Coal" land_regions="D" locality="R" date="1962" file_name="LAO(INF028)2a 03 Sport and Play.mp3" path_to_file="LAP\Projects\LAO\Speakers\LAO(INF028)\Audio\LAO(INF028)2a\LAO(INF028)2a 03 Sport and Play.mp3"/>
	<entry id="1060280204" project="LAO" informant="INF028" reel="2a" region="4" narrative="_Q" label="Containers and Utensils" state="OK" sex="M " age="69" age_level="3" education="1" town="Stonewall" county="Coal" land_regions="D" locality="R" date="1962" file_name="LAO(INF028)2a 04 Containers and Utensils.mp3" path_to_file="LAP\Projects\LAO\Speakers\LAO(INF028)\Audio\LAO(INF028)2a\LAO(INF028)2a 04 Containers and Utensils.mp3"/>
	<entry id="1060280205" project="LAO" informant="INF028" reel="2a" region="5" narrative="_Q" label="Clothing" state="OK" sex="M " age="69" age_level="3" education="1" town="Stonewall" county="Coal" land_regions="D" locality="R" date="1962" file_name="LAO(INF028)2a 05 Clothing.mp3" path_to_file="LAP\Projects\LAO\Speakers\LAO(INF028)\Audio\LAO(INF028)2a\LAO(INF028)2a 05 Clothing.mp3"/>
	<entry id="1060280206" project="LAO" informant="INF028" reel="2a" region="6" narrative="_Q" label="The Farm" state="OK" sex="M " age="69" age_level="3" education="1" town="Stonewall" county="Coal" land_regions="D" locality="R" date="1962" file_name="LAO(INF028)2a 06 The Farm.mp3" path_to_file="LAP\Projects\LAO\Speakers\LAO(INF028)\Audio\LAO(INF028)2a\LAO(INF028)2a 06 The Farm.mp3"/>
	<entry id="1060280207" project="LAO" informant="INF028" reel="2a" region="7" narrative="_Q" label="Vegetables" state="OK" sex="M " age="69" age_level="3" education="1" town="Stonewall" county="Coal" land_regions="D" locality="R" date="1962" file_name="LAO(INF028)2a 07 Vegetables.mp3" path_to_file="LAP\Projects\LAO\Speakers\LAO(INF028)\Audio\LAO(INF028)2a\LAO(INF028)2a 07 Vegetables.mp3"/>
	<entry id="3060280201" project="LAO" informant="INF028" reel="2a" region="0" narrative="_I" label="Metadata" state="OK" sex="M " age="69" age_level="3" education="1" town="Stonewall" county="Coal" land_regions="D" locality="R" date="1962" file_name="LAO(INF028)2ameta.txt" path_to_file="LAP\Projects\LAO\Speakers\LAO(INF028)\Audio\LAO(INF028)2a\LAO(INF028)2ameta.txt"/>
	<entry id="1060280208" project="LAO" informant="INF028" reel="2b" region="1" narrative="_Q" label="Vehicles" state="OK" sex="M " age="69" age_level="3" education="1" town="Stonewall" county="Coal" land_regions="D" locality="R" date="1962" file_name="LAO(INF028)2b 01 Vehicles.mp3" path_to_file="LAP\Projects\LAO\Speakers\LAO(INF028)\Audio\LAO(INF028)2b\LAO(INF028)2b 01 Vehicles.mp3"/>
	<entry id="1060280209" project="LAO" informant="INF028" reel="2b" region="2" narrative="_Q" label="Agriculture" state="OK" sex="M " age="69" age_level="3" education="1" town="Stonewall" county="Coal" land_regions="D" locality="R" date="1962" file_name="LAO(INF028)2b 02 Agriculture.mp3" path_to_file="LAP\Projects\LAO\Speakers\LAO(INF028)\Audio\LAO(INF028)2b\LAO(INF028)2b 02 Agriculture.mp3"/>
	<entry id="1060280210" project="LAO" informant="INF028" reel="2b" region="3" narrative="_Q" label="Topography" state="OK" sex="M " age="69" age_level="3" education="1" town="Stonewall" county="Coal" land_regions="D" locality="R" date="1962" file_name="LAO(INF028)2b 03 Topography.mp3" path_to_file="LAP\Projects\LAO\Speakers\LAO(INF028)\Audio\LAO(INF028)2b\LAO(INF028)2b 03 Topography.mp3"/>
	<entry id="1060280211" project="LAO" informant="INF028" reel="2b" region="4" narrative="_Q" label="Vehicles" state="OK" sex="M " age="69" age_level="3" education="1" town="Stonewall" county="Coal" land_regions="D" locality="R" date="1962" file_name="LAO(INF028)2b 04 Vehicles.mp3" path_to_file="LAP\Projects\LAO\Speakers\LAO(INF028)\Audio\LAO(INF028)2b\LAO(INF028)2b 04 Vehicles.mp3"/>
	<entry id="1060280212" project="LAO" informant="INF028" reel="2b" region="5" narrative="_Q" label="Prepositions" state="OK" sex="M " age="69" age_level="3" education="1" town="Stonewall" county="Coal" land_regions="D" locality="R" date="1962" file_name="LAO(INF028)2b 05 Prepositions.mp3" path_to_file="LAP\Projects\LAO\Speakers\LAO(INF028)\Audio\LAO(INF028)2b\LAO(INF028)2b 05 Prepositions.mp3"/>
	<entry id="1060280213" project="LAO" informant="INF028" reel="2b" region="6" narrative="_Q" label="Calls to Animals" state="OK" sex="M " age="69" age_level="3" education="1" town="Stonewall" county="Coal" land_regions="D" locality="R" date="1962" file_name="LAO(INF028)2b 06 Calls to Animals.mp3" path_to_file="LAP\Projects\LAO\Speakers\LAO(INF028)\Audio\LAO(INF028)2b\LAO(INF028)2b 06 Calls to Animals.mp3"/>
	<entry id="1060280214" project="LAO" informant="INF028" reel="2b" region="7" narrative="_Q" label="Domestic Animals" state="OK" sex="M " age="69" age_level="3" education="1" town="Stonewall" county="Coal" land_regions="D" locality="R" date="1962" file_name="LAO(INF028)2b 07 Domestic Animals.mp3" path_to_file="LAP\Projects\LAO\Speakers\LAO(INF028)\Audio\LAO(INF028)2b\LAO(INF028)2b 07 Domestic Animals.mp3"/>
	<entry id="3060280202" project="LAO" informant="INF028" reel="2b" region="0" narrative="_I" label="Metadata" state="OK" sex="M " age="69" age_level="3" education="1" town="Stonewall" county="Coal" land_regions="D" locality="R" date="1962" file_name="LAO(INF028)2bmeta.txt" path_to_file="LAP\Projects\LAO\Speakers\LAO(INF028)\Audio\LAO(INF028)2b\LAO(INF028)2bmeta.txt"/>
	<entry id="1060280215" project="LAO" informant="INF028" reel="2c" region="1" narrative="_Q" label="Domestic Animals" state="OK" sex="M " age="69" age_level="3" education="1" town="Stonewall" county="Coal" land_regions="D" locality="R" date="1962" file_name="LAO(INF028)2c 01 Domestic Animals.mp3" path_to_file="LAP\Projects\LAO\Speakers\LAO(INF028)\Audio\LAO(INF028)2c\LAO(INF028)2c 01 Domestic Animals.mp3"/>
	<entry id="1060280216" project="LAO" informant="INF028" reel="2c" region="2" narrative="_Q" label="Vehicles" state="OK" sex="M " age="69" age_level="3" education="1" town="Stonewall" county="Coal" land_regions="D" locality="R" date="1962" file_name="LAO(INF028)2c 02 Vehicles.mp3" path_to_file="LAP\Projects\LAO\Speakers\LAO(INF028)\Audio\LAO(INF028)2c\LAO(INF028)2c 02 Vehicles.mp3"/>
	<entry id="1060280217" project="LAO" informant="INF028" reel="2c" region="3" narrative="_Q" label="Geography" state="OK" sex="M " age="69" age_level="3" education="1" town="Stonewall" county="Coal" land_regions="D" locality="R" date="1962" file_name="LAO(INF028)2c 03 Geography.mp3" path_to_file="LAP\Projects\LAO\Speakers\LAO(INF028)\Audio\LAO(INF028)2c\LAO(INF028)2c 03 Geography.mp3"/>
	<entry id="1060280218" project="LAO" informant="INF028" reel="2c" region="4" narrative="_Q" label="Food and Cooking" state="OK" sex="M " age="69" age_level="3" education="1" town="Stonewall" county="Coal" land_regions="D" locality="R" date="1962" file_name="LAO(INF028)2c 04 Food and Cooking.mp3" path_to_file="LAP\Projects\LAO\Speakers\LAO(INF028)\Audio\LAO(INF028)2c\LAO(INF028)2c 04 Food and Cooking.mp3"/>
	<entry id="1060280219" project="LAO" informant="INF028" reel="2c" region="5" narrative="_Q" label="Food and Cooking" state="OK" sex="M " age="69" age_level="3" education="1" town="Stonewall" county="Coal" land_regions="D" locality="R" date="1962" file_name="LAO(INF028)2c 05 Food and Cooking.mp3" path_to_file="LAP\Projects\LAO\Speakers\LAO(INF028)\Audio\LAO(INF028)2c\LAO(INF028)2c 05 Food and Cooking.mp3"/>
	<entry id="1060280220" project="LAO" informant="INF028" reel="2c" region="6" narrative="_Q" label="Food and Cooking" state="OK" sex="M " age="69" age_level="3" education="1" town="Stonewall" county="Coal" land_regions="D" locality="R" date="1962" file_name="LAO(INF028)2c 06 Food and Cooking.mp3" path_to_file="LAP\Projects\LAO\Speakers\LAO(INF028)\Audio\LAO(INF028)2c\LAO(INF028)2c 06 Food and Cooking.mp3"/>
	<entry id="3060280203" project="LAO" informant="INF028" reel="2c" region="0" narrative="_I" label="Metadata" state="OK" sex="M " age="69" age_level="3" education="1" town="Stonewall" county="Coal" land_regions="D" locality="R" date="1962" file_name="LAO(INF028)2cmeta.txt" path_to_file="LAP\Projects\LAO\Speakers\LAO(INF028)\Audio\LAO(INF028)2c\LAO(INF028)2cmeta.txt"/>
	<entry id="1060280301" project="LAO" informant="INF028" reel="3" region="1" narrative="_Q" label="Domestic Animals" state="OK" sex="M " age="69" age_level="3" education="1" town="Stonewall" county="Coal" land_regions="D" locality="R" date="1962" file_name="LAO(INF028)3 01 Domestic Animals.mp3" path_to_file="LAP\Projects\LAO\Speakers\LAO(INF028)\Audio\LAO(INF028)3\LAO(INF028)3 01 Domestic Animals.mp3"/>
	<entry id="1060280302" project="LAO" informant="INF028" reel="3" region="2" narrative="_Q" label="Food and Cooking" state="OK" sex="M " age="69" age_level="3" education="1" town="Stonewall" county="Coal" land_regions="D" locality="R" date="1962" file_name="LAO(INF028)3 02 Food and Cooking.mp3" path_to_file="LAP\Projects\LAO\Speakers\LAO(INF028)\Audio\LAO(INF028)3\LAO(INF028)3 02 Food and Cooking.mp3"/>
	<entry id="1060280303" project="LAO" informant="INF028" reel="3" region="3" narrative="_Q" label="Containers and Utensils" state="OK" sex="M " age="69" age_level="3" education="1" town="Stonewall" county="Coal" land_regions="D" locality="R" date="1962" file_name="LAO(INF028)3 03 Containers and Utensils.mp3" path_to_file="LAP\Projects\LAO\Speakers\LAO(INF028)\Audio\LAO(INF028)3\LAO(INF028)3 03 Containers and Utensils.mp3"/>
	<entry id="3060280301" project="LAO" informant="INF028" reel="3" region="0" narrative="_I" label="Metadata" state="OK" sex="M " age="69" age_level="3" education="1" town="Stonewall" county="Coal" land_regions="D" locality="R" date="1962" file_name="LAO(INF028)3meta.txt" path_to_file="LAP\Projects\LAO\Speakers\LAO(INF028)\Audio\LAO(INF028)3\LAO(INF028)3meta.txt"/>
	<entry id="1060280401" project="LAO" informant="INF028" reel="4a" region="1" narrative="_Q" label="Vegetables" state="OK" sex="M " age="69" age_level="3" education="1" town="Stonewall" county="Coal" land_regions="D" locality="R" date="1962" file_name="LAO(INF028)4a 01 Vegetables.mp3" path_to_file="LAP\Projects\LAO\Speakers\LAO(INF028)\Audio\LAO(INF028)4a\LAO(INF028)4a 01 Vegetables.mp3"/>
	<entry id="1060280402" project="LAO" informant="INF028" reel="4a" region="2" narrative="_Q" label="Vegetables" state="OK" sex="M " age="69" age_level="3" education="1" town="Stonewall" county="Coal" land_regions="D" locality="R" date="1962" file_name="LAO(INF028)4a 02 Vegetables.mp3" path_to_file="LAP\Projects\LAO\Speakers\LAO(INF028)\Audio\LAO(INF028)4a\LAO(INF028)4a 02 Vegetables.mp3"/>
	<entry id="1060280403" project="LAO" informant="INF028" reel="4a" region="3" narrative="_Q" label="Vegetables" state="OK" sex="M " age="69" age_level="3" education="1" town="Stonewall" county="Coal" land_regions="D" locality="R" date="1962" file_name="LAO(INF028)4a 03 Vegetables.mp3" path_to_file="LAP\Projects\LAO\Speakers\LAO(INF028)\Audio\LAO(INF028)4a\LAO(INF028)4a 03 Vegetables.mp3"/>
	<entry id="1060280404" project="LAO" informant="INF028" reel="4a" region="4" narrative="_Q" label="Vegetables" state="OK" sex="M " age="69" age_level="3" education="1" town="Stonewall" county="Coal" land_regions="D" locality="R" date="1962" file_name="LAO(INF028)4a 04 Vegetables.mp3" path_to_file="LAP\Projects\LAO\Speakers\LAO(INF028)\Audio\LAO(INF028)4a\LAO(INF028)4a 04 Vegetables.mp3"/>
	<entry id="1060280405" project="LAO" informant="INF028" reel="4a" region="5" narrative="_Q" label="Wild Animals" state="OK" sex="M " age="69" age_level="3" education="1" town="Stonewall" county="Coal" land_regions="D" locality="R" date="1962" file_name="LAO(INF028)4a 05 Wild Animals.mp3" path_to_file="LAP\Projects\LAO\Speakers\LAO(INF028)\Audio\LAO(INF028)4a\LAO(INF028)4a 05 Wild Animals.mp3"/>
	<entry id="1060280406" project="LAO" informant="INF028" reel="4a" region="6" narrative="_Q" label="Wild Animals" state="OK" sex="M " age="69" age_level="3" education="1" town="Stonewall" county="Coal" land_regions="D" locality="R" date="1962" file_name="LAO(INF028)4a 06 Wild Animals.mp3" path_to_file="LAP\Projects\LAO\Speakers\LAO(INF028)\Audio\LAO(INF028)4a\LAO(INF028)4a 06 Wild Animals.mp3"/>
	<entry id="1060280407" project="LAO" informant="INF028" reel="4a" region="7" narrative="_Q" label="Wild Animals" state="OK" sex="M " age="69" age_level="3" education="1" town="Stonewall" county="Coal" land_regions="D" locality="R" date="1962" file_name="LAO(INF028)4a 07 Wild Animals.mp3" path_to_file="LAP\Projects\LAO\Speakers\LAO(INF028)\Audio\LAO(INF028)4a\LAO(INF028)4a 07 Wild Animals.mp3"/>
	<entry id="3060280401" project="LAO" informant="INF028" reel="4a" region="0" narrative="_I" label="Metadata" state="OK" sex="M " age="69" age_level="3" education="1" town="Stonewall" county="Coal" land_regions="D" locality="R" date="1962" file_name="LAO(INF028)4ameta.txt" path_to_file="LAP\Projects\LAO\Speakers\LAO(INF028)\Audio\LAO(INF028)4a\LAO(INF028)4ameta.txt"/>
	<entry id="1060280408" project="LAO" informant="INF028" reel="4b" region="1" narrative="_Q" label="Wild Animals" state="OK" sex="M " age="69" age_level="3" education="1" town="Stonewall" county="Coal" land_regions="D" locality="R" date="1962" file_name="LAO(INF028)4b 01 Wild Animals.mp3" path_to_file="LAP\Projects\LAO\Speakers\LAO(INF028)\Audio\LAO(INF028)4b\LAO(INF028)4b 01 Wild Animals.mp3"/>
	<entry id="1060280409" project="LAO" informant="INF028" reel="4b" region="2" narrative="_Q" label="Trees and Shrubs" state="OK" sex="M " age="69" age_level="3" education="1" town="Stonewall" county="Coal" land_regions="D" locality="R" date="1962" file_name="LAO(INF028)4b 02 Trees and Shrubs.mp3" path_to_file="LAP\Projects\LAO\Speakers\LAO(INF028)\Audio\LAO(INF028)4b\LAO(INF028)4b 02 Trees and Shrubs.mp3"/>
	<entry id="1060280410" project="LAO" informant="INF028" reel="4b" region="3" narrative="_Q" label="Geography" state="OK" sex="M " age="69" age_level="3" education="1" town="Stonewall" county="Coal" land_regions="D" locality="R" date="1962" file_name="LAO(INF028)4b 03 Geography.mp3" path_to_file="LAP\Projects\LAO\Speakers\LAO(INF028)\Audio\LAO(INF028)4b\LAO(INF028)4b 03 Geography.mp3"/>
	<entry id="1060280411" project="LAO" informant="INF028" reel="4b" region="4" narrative="_Q" label="Names, Titles and Occupations" state="OK" sex="M " age="69" age_level="3" education="1" town="Stonewall" county="Coal" land_regions="D" locality="R" date="1962" file_name="LAO(INF028)4b 04 Names, Titles and Occupations.mp3" path_to_file="LAP\Projects\LAO\Speakers\LAO(INF028)\Audio\LAO(INF028)4b\LAO(INF028)4b 04 Names, Titles and Occupations.mp3"/>
	<entry id="1060280412" project="LAO" informant="INF028" reel="4b" region="5" narrative="_Q" label="Names, Titles and Occupations" state="OK" sex="M " age="69" age_level="3" education="1" town="Stonewall" county="Coal" land_regions="D" locality="R" date="1962" file_name="LAO(INF028)4b 05 Names, Titles and Occupations.mp3" path_to_file="LAP\Projects\LAO\Speakers\LAO(INF028)\Audio\LAO(INF028)4b\LAO(INF028)4b 05 Names, Titles and Occupations.mp3"/>
	<entry id="1060280413" project="LAO" informant="INF028" reel="4b" region="6" narrative="_Q" label="Names, Titles and Occupations" state="OK" sex="M " age="69" age_level="3" education="1" town="Stonewall" county="Coal" land_regions="D" locality="R" date="1962" file_name="LAO(INF028)4b 06 Names, Titles and Occupations.mp3" path_to_file="LAP\Projects\LAO\Speakers\LAO(INF028)\Audio\LAO(INF028)4b\LAO(INF028)4b 06 Names, Titles and Occupations.mp3"/>
	<entry id="1060280414" project="LAO" informant="INF028" reel="4b" region="7" narrative="_Q" label="Greetings and Salutations" state="OK" sex="M " age="69" age_level="3" education="1" town="Stonewall" county="Coal" land_regions="D" locality="R" date="1962" file_name="LAO(INF028)4b 07 Greetings and Salutations.mp3" path_to_file="LAP\Projects\LAO\Speakers\LAO(INF028)\Audio\LAO(INF028)4b\LAO(INF028)4b 07 Greetings and Salutations.mp3"/>
	<entry id="3060280402" project="LAO" informant="INF028" reel="4b" region="0" narrative="_I" label="Metadata" state="OK" sex="M " age="69" age_level="3" education="1" town="Stonewall" county="Coal" land_regions="D" locality="R" date="1962" file_name="LAO(INF028)4bmeta.txt" path_to_file="LAP\Projects\LAO\Speakers\LAO(INF028)\Audio\LAO(INF028)4b\LAO(INF028)4bmeta.txt"/>
	<entry id="1060280415" project="LAO" informant="INF028" reel="4c" region="1" narrative="_Q" label="Personal Characteristics" state="OK" sex="M " age="69" age_level="3" education="1" town="Stonewall" county="Coal" land_regions="D" locality="R" date="1962" file_name="LAO(INF028)4c 01 Personal Characteristics.mp3" path_to_file="LAP\Projects\LAO\Speakers\LAO(INF028)\Audio\LAO(INF028)4c\LAO(INF028)4c 01 Personal Characteristics.mp3"/>
	<entry id="1060280416" project="LAO" informant="INF028" reel="4c" region="2" narrative="_Q" label="Personal Characteristics" state="OK" sex="M " age="69" age_level="3" education="1" town="Stonewall" county="Coal" land_regions="D" locality="R" date="1962" file_name="LAO(INF028)4c 02 Personal Characteristics.mp3" path_to_file="LAP\Projects\LAO\Speakers\LAO(INF028)\Audio\LAO(INF028)4c\LAO(INF028)4c 02 Personal Characteristics.mp3"/>
	<entry id="1060280417" project="LAO" informant="INF028" reel="4c" region="3" narrative="_Q" label="Domestic Animals" state="OK" sex="M " age="69" age_level="3" education="1" town="Stonewall" county="Coal" land_regions="D" locality="R" date="1962" file_name="LAO(INF028)4c 03 Domestic Animals.mp3" path_to_file="LAP\Projects\LAO\Speakers\LAO(INF028)\Audio\LAO(INF028)4c\LAO(INF028)4c 03 Domestic Animals.mp3"/>
	<entry id="1060280418" project="LAO" informant="INF028" reel="4c" region="4" narrative="_Q" label="Illness and Death" state="OK" sex="M " age="69" age_level="3" education="1" town="Stonewall" county="Coal" land_regions="D" locality="R" date="1962" file_name="LAO(INF028)4c 04 Illness and Death.mp3" path_to_file="LAP\Projects\LAO\Speakers\LAO(INF028)\Audio\LAO(INF028)4c\LAO(INF028)4c 04 Illness and Death.mp3"/>
	<entry id="1060280419" project="LAO" informant="INF028" reel="4c" region="5" narrative="_Q" label="Illness and Death" state="OK" sex="M " age="69" age_level="3" education="1" town="Stonewall" county="Coal" land_regions="D" locality="R" date="1962" file_name="LAO(INF028)4c 05 Illness and Death.mp3" path_to_file="LAP\Projects\LAO\Speakers\LAO(INF028)\Audio\LAO(INF028)4c\LAO(INF028)4c 05 Illness and Death.mp3"/>
	<entry id="1060280420" project="LAO" informant="INF028" reel="4c" region="6" narrative="_Q" label="Illness and Death" state="OK" sex="M " age="69" age_level="3" education="1" town="Stonewall" county="Coal" land_regions="D" locality="R" date="1962" file_name="LAO(INF028)4c 06 Illness and Death.mp3" path_to_file="LAP\Projects\LAO\Speakers\LAO(INF028)\Audio\LAO(INF028)4c\LAO(INF028)4c 06 Illness and Death.mp3"/>
	<entry id="1060280421" project="LAO" informant="INF028" reel="4c" region="7" narrative="_Q" label="Clothing" state="OK" sex="M " age="69" age_level="3" education="1" town="Stonewall" county="Coal" land_regions="D" locality="R" date="1962" file_name="LAO(INF028)4c 07 Clothing.mp3" path_to_file="LAP\Projects\LAO\Speakers\LAO(INF028)\Audio\LAO(INF028)4c\LAO(INF028)4c 07 Clothing.mp3"/>
	<entry id="3060280403" project="LAO" informant="INF028" reel="4c" region="0" narrative="_I" label="Metadata" state="OK" sex="M " age="69" age_level="3" education="1" town="Stonewall" county="Coal" land_regions="D" locality="R" date="1962" file_name="LAO(INF028)4cmeta.txt" path_to_file="LAP\Projects\LAO\Speakers\LAO(INF028)\Audio\LAO(INF028)4c\LAO(INF028)4cmeta.txt"/>
	<entry id="1060280501" project="LAO" informant="INF028" reel="5a" region="1" narrative="_Q" label="Public Institutions" state="OK" sex="M " age="69" age_level="3" education="1" town="Stonewall" county="Coal" land_regions="D" locality="R" date="1962" file_name="LAO(INF028)5a 01 Public Institutions.mp3" path_to_file="LAP\Projects\LAO\Speakers\LAO(INF028)\Audio\LAO(INF028)5a\LAO(INF028)5a 01 Public Institutions.mp3"/>
	<entry id="1060280502" project="LAO" informant="INF028" reel="5a" region="2" narrative="_Q" label="Public Institutions" state="OK" sex="M " age="69" age_level="3" education="1" town="Stonewall" county="Coal" land_regions="D" locality="R" date="1962" file_name="LAO(INF028)5a 02 Public Institutions.mp3" path_to_file="LAP\Projects\LAO\Speakers\LAO(INF028)\Audio\LAO(INF028)5a\LAO(INF028)5a 02 Public Institutions.mp3"/>
	<entry id="1060280503" project="LAO" informant="INF028" reel="5a" region="3" narrative="_Q" label="Geography" state="OK" sex="M " age="69" age_level="3" education="1" town="Stonewall" county="Coal" land_regions="D" locality="R" date="1962" file_name="LAO(INF028)5a 03 Geography.mp3" path_to_file="LAP\Projects\LAO\Speakers\LAO(INF028)\Audio\LAO(INF028)5a\LAO(INF028)5a 03 Geography.mp3"/>
	<entry id="1060280504" project="LAO" informant="INF028" reel="5a" region="4" narrative="_Q" label="Geography" state="OK" sex="M " age="69" age_level="3" education="1" town="Stonewall" county="Coal" land_regions="D" locality="R" date="1962" file_name="LAO(INF028)5a 04 Geography.mp3" path_to_file="LAP\Projects\LAO\Speakers\LAO(INF028)\Audio\LAO(INF028)5a\LAO(INF028)5a 04 Geography.mp3"/>
	<entry id="1060280505" project="LAO" informant="INF028" reel="5a" region="5" narrative="_Q" label="Geography" state="OK" sex="M " age="69" age_level="3" education="1" town="Stonewall" county="Coal" land_regions="D" locality="R" date="1962" file_name="LAO(INF028)5a 05 Geography.mp3" path_to_file="LAP\Projects\LAO\Speakers\LAO(INF028)\Audio\LAO(INF028)5a\LAO(INF028)5a 05 Geography.mp3"/>
	<entry id="1060280506" project="LAO" informant="INF028" reel="5a" region="6" narrative="_Q" label="Religion" state="OK" sex="M " age="69" age_level="3" education="1" town="Stonewall" county="Coal" land_regions="D" locality="R" date="1962" file_name="LAO(INF028)5a 06 Religion.mp3" path_to_file="LAP\Projects\LAO\Speakers\LAO(INF028)\Audio\LAO(INF028)5a\LAO(INF028)5a 06 Religion.mp3"/>
	<entry id="1060280507" project="LAO" informant="INF028" reel="5a" region="7" narrative="_Q" label="Adverbs" state="OK" sex="M " age="69" age_level="3" education="1" town="Stonewall" county="Coal" land_regions="D" locality="R" date="1962" file_name="LAO(INF028)5a 07 Adverbs.mp3" path_to_file="LAP\Projects\LAO\Speakers\LAO(INF028)\Audio\LAO(INF028)5a\LAO(INF028)5a 07 Adverbs.mp3"/>
	<entry id="3060280501" project="LAO" informant="INF028" reel="5a" region="0" narrative="_I" label="Metadata" state="OK" sex="M " age="69" age_level="3" education="1" town="Stonewall" county="Coal" land_regions="D" locality="R" date="1962" file_name="LAO(INF028)5ameta.txt" path_to_file="LAP\Projects\LAO\Speakers\LAO(INF028)\Audio\LAO(INF028)5a\LAO(INF028)5ameta.txt"/>
	<entry id="1060280508" project="LAO" informant="INF028" reel="5b" region="1" narrative="_Q" label="Greetings and Salutations" state="OK" sex="M " age="69" age_level="3" education="1" town="Stonewall" county="Coal" land_regions="D" locality="R" date="1962" file_name="LAO(INF028)5b 01 Greetings and Salutations.mp3" path_to_file="LAP\Projects\LAO\Speakers\LAO(INF028)\Audio\LAO(INF028)5b\LAO(INF028)5b 01 Greetings and Salutations.mp3"/>
	<entry id="1060280509" project="LAO" informant="INF028" reel="5b" region="2" narrative="_Q" label="Business" state="OK" sex="M " age="69" age_level="3" education="1" town="Stonewall" county="Coal" land_regions="D" locality="R" date="1962" file_name="LAO(INF028)5b 02 Business.mp3" path_to_file="LAP\Projects\LAO\Speakers\LAO(INF028)\Audio\LAO(INF028)5b\LAO(INF028)5b 02 Business.mp3"/>
	<entry id="1060280510" project="LAO" informant="INF028" reel="5b" region="3" narrative="_Q" label="Verbs_Principal Parts" state="OK" sex="M " age="69" age_level="3" education="1" town="Stonewall" county="Coal" land_regions="D" locality="R" date="1962" file_name="LAO(INF028)5b 03 Verbs_Principal Parts.mp3" path_to_file="LAP\Projects\LAO\Speakers\LAO(INF028)\Audio\LAO(INF028)5b\LAO(INF028)5b 03 Verbs_Principal Parts.mp3"/>
	<entry id="1060280511" project="LAO" informant="INF028" reel="5b" region="4" narrative="_Q" label="Sport and Play" state="OK" sex="M " age="69" age_level="3" education="1" town="Stonewall" county="Coal" land_regions="D" locality="R" date="1962" file_name="LAO(INF028)5b 04 Sport and Play.mp3" path_to_file="LAP\Projects\LAO\Speakers\LAO(INF028)\Audio\LAO(INF028)5b\LAO(INF028)5b 04 Sport and Play.mp3"/>
	<entry id="1060280512" project="LAO" informant="INF028" reel="5b" region="5" narrative="_Q" label="Verbs_Principal Parts" state="OK" sex="M " age="69" age_level="3" education="1" town="Stonewall" county="Coal" land_regions="D" locality="R" date="1962" file_name="LAO(INF028)5b 05 Verbs_Principal Parts.mp3" path_to_file="LAP\Projects\LAO\Speakers\LAO(INF028)\Audio\LAO(INF028)5b\LAO(INF028)5b 05 Verbs_Principal Parts.mp3"/>
	<entry id="1060280513" project="LAO" informant="INF028" reel="5b" region="6" narrative="_Q" label="Adverbs" state="OK" sex="M " age="69" age_level="3" education="1" town="Stonewall" county="Coal" land_regions="D" locality="R" date="1962" file_name="LAO(INF028)5b 06 Adverbs.mp3" path_to_file="LAP\Projects\LAO\Speakers\LAO(INF028)\Audio\LAO(INF028)5b\LAO(INF028)5b 06 Adverbs.mp3"/>
	<entry id="1060280514" project="LAO" informant="INF028" reel="5b" region="7" narrative="_Q" label="Names, Titles and Occupations" state="OK" sex="M " age="69" age_level="3" education="1" town="Stonewall" county="Coal" land_regions="D" locality="R" date="1962" file_name="LAO(INF028)5b 07 Names, Titles and Occupations.mp3" path_to_file="LAP\Projects\LAO\Speakers\LAO(INF028)\Audio\LAO(INF028)5b\LAO(INF028)5b 07 Names, Titles and Occupations.mp3"/>
	<entry id="3060280502" project="LAO" informant="INF028" reel="5b" region="0" narrative="_I" label="Metadata" state="OK" sex="M " age="69" age_level="3" education="1" town="Stonewall" county="Coal" land_regions="D" locality="R" date="1962" file_name="LAO(INF028)5bmeta.txt" path_to_file="LAP\Projects\LAO\Speakers\LAO(INF028)\Audio\LAO(INF028)5b\LAO(INF028)5bmeta.txt"/>
	<entry id="1060280515" project="LAO" informant="INF028" reel="5c" region="1" narrative="_Q" label="Numerals" state="OK" sex="M " age="69" age_level="3" education="1" town="Stonewall" county="Coal" land_regions="D" locality="R" date="1962" file_name="LAO(INF028)5c 01 Numerals.mp3" path_to_file="LAP\Projects\LAO\Speakers\LAO(INF028)\Audio\LAO(INF028)5c\LAO(INF028)5c 01 Numerals.mp3"/>
	<entry id="1060280516" project="LAO" informant="INF028" reel="5c" region="2" narrative="_Q" label="Time" state="OK" sex="M " age="69" age_level="3" education="1" town="Stonewall" county="Coal" land_regions="D" locality="R" date="1962" file_name="LAO(INF028)5c 02 Time.mp3" path_to_file="LAP\Projects\LAO\Speakers\LAO(INF028)\Audio\LAO(INF028)5c\LAO(INF028)5c 02 Time.mp3"/>
	<entry id="1060280517" project="LAO" informant="INF028" reel="5c" region="3" narrative="_Q" label="Time" state="OK" sex="M " age="69" age_level="3" education="1" town="Stonewall" county="Coal" land_regions="D" locality="R" date="1962" file_name="LAO(INF028)5c 03 Time.mp3" path_to_file="LAP\Projects\LAO\Speakers\LAO(INF028)\Audio\LAO(INF028)5c\LAO(INF028)5c 03 Time.mp3"/>
	<entry id="1060280518" project="LAO" informant="INF028" reel="5c" region="4" narrative="_Q" label="Weather" state="OK" sex="M " age="69" age_level="3" education="1" town="Stonewall" county="Coal" land_regions="D" locality="R" date="1962" file_name="LAO(INF028)5c 04 Weather.mp3" path_to_file="LAP\Projects\LAO\Speakers\LAO(INF028)\Audio\LAO(INF028)5c\LAO(INF028)5c 04 Weather.mp3"/>
	<entry id="1060280519" project="LAO" informant="INF028" reel="5c" region="5" narrative="_Q" label="Weather" state="OK" sex="M " age="69" age_level="3" education="1" town="Stonewall" county="Coal" land_regions="D" locality="R" date="1962" file_name="LAO(INF028)5c 05 Weather.mp3" path_to_file="LAP\Projects\LAO\Speakers\LAO(INF028)\Audio\LAO(INF028)5c\LAO(INF028)5c 05 Weather.mp3"/>
	<entry id="1060280520" project="LAO" informant="INF028" reel="5c" region="6" narrative="_Q" label="The Farm" state="OK" sex="M " age="69" age_level="3" education="1" town="Stonewall" county="Coal" land_regions="D" locality="R" date="1962" file_name="LAO(INF028)5c 06 The Farm.mp3" path_to_file="LAP\Projects\LAO\Speakers\LAO(INF028)\Audio\LAO(INF028)5c\LAO(INF028)5c 06 The Farm.mp3"/>
	<entry id="1060280521" project="LAO" informant="INF028" reel="5c" region="7" narrative="_Q" label="Adverbs" state="OK" sex="M " age="69" age_level="3" education="1" town="Stonewall" county="Coal" land_regions="D" locality="R" date="1962" file_name="LAO(INF028)5c 07 Adverbs.mp3" path_to_file="LAP\Projects\LAO\Speakers\LAO(INF028)\Audio\LAO(INF028)5c\LAO(INF028)5c 07 Adverbs.mp3"/>
	<entry id="1060280522" project="LAO" informant="INF028" reel="5c" region="8" narrative="_Q" label="Adverbs" state="OK" sex="M " age="69" age_level="3" education="1" town="Stonewall" county="Coal" land_regions="D" locality="R" date="1962" file_name="LAO(INF028)5c 08 Adverbs.mp3" path_to_file="LAP\Projects\LAO\Speakers\LAO(INF028)\Audio\LAO(INF028)5c\LAO(INF028)5c 08 Adverbs.mp3"/>
	<entry id="3060280503" project="LAO" informant="INF028" reel="5c" region="0" narrative="_I" label="Metadata" state="OK" sex="M " age="69" age_level="3" education="1" town="Stonewall" county="Coal" land_regions="D" locality="R" date="1962" file_name="LAO(INF028)5cmeta.txt" path_to_file="LAP\Projects\LAO\Speakers\LAO(INF028)\Audio\LAO(INF028)5c\LAO(INF028)5cmeta.txt"/>
	<entry id="1060280601" project="LAO" informant="INF028" reel="6a" region="1" narrative="_Q" label="Vehicles" state="OK" sex="M " age="69" age_level="3" education="1" town="Stonewall" county="Coal" land_regions="D" locality="R" date="1962" file_name="LAO(INF028)6a 01 Vehicles.mp3" path_to_file="LAP\Projects\LAO\Speakers\LAO(INF028)\Audio\LAO(INF028)6a\LAO(INF028)6a 01 Vehicles.mp3"/>
	<entry id="1060280602" project="LAO" informant="INF028" reel="6a" region="2" narrative="_Q" label="Names, Titles and Occupations" state="OK" sex="M " age="69" age_level="3" education="1" town="Stonewall" county="Coal" land_regions="D" locality="R" date="1962" file_name="LAO(INF028)6a 02 Names, Titles and Occupations.mp3" path_to_file="LAP\Projects\LAO\Speakers\LAO(INF028)\Audio\LAO(INF028)6a\LAO(INF028)6a 02 Names, Titles and Occupations.mp3"/>
	<entry id="1060280603" project="LAO" informant="INF028" reel="6a" region="3" narrative="_Q" label="Verbs_Principal Parts" state="OK" sex="M " age="69" age_level="3" education="1" town="Stonewall" county="Coal" land_regions="D" locality="R" date="1962" file_name="LAO(INF028)6a 03 Verbs_Principal Parts.mp3" path_to_file="LAP\Projects\LAO\Speakers\LAO(INF028)\Audio\LAO(INF028)6a\LAO(INF028)6a 03 Verbs_Principal Parts.mp3"/>
	<entry id="1060280604" project="LAO" informant="INF028" reel="6a" region="4" narrative="_Q" label="The Farm" state="OK" sex="M " age="69" age_level="3" education="1" town="Stonewall" county="Coal" land_regions="D" locality="R" date="1962" file_name="LAO(INF028)6a 04 The Farm.mp3" path_to_file="LAP\Projects\LAO\Speakers\LAO(INF028)\Audio\LAO(INF028)6a\LAO(INF028)6a 04 The Farm.mp3"/>
	<entry id="1060280605" project="LAO" informant="INF028" reel="6a" region="5" narrative="_Q" label="Family" state="OK" sex="M " age="69" age_level="3" education="1" town="Stonewall" county="Coal" land_regions="D" locality="R" date="1962" file_name="LAO(INF028)6a 05 Family.mp3" path_to_file="LAP\Projects\LAO\Speakers\LAO(INF028)\Audio\LAO(INF028)6a\LAO(INF028)6a 05 Family.mp3"/>
	<entry id="1060280606" project="LAO" informant="INF028" reel="6a" region="6" narrative="_Q" label="Verbs_Principal Parts" state="OK" sex="M " age="69" age_level="3" education="1" town="Stonewall" county="Coal" land_regions="D" locality="R" date="1962" file_name="LAO(INF028)6a 06 Verbs_Principal Parts.mp3" path_to_file="LAP\Projects\LAO\Speakers\LAO(INF028)\Audio\LAO(INF028)6a\LAO(INF028)6a 06 Verbs_Principal Parts.mp3"/>
	<entry id="1060280607" project="LAO" informant="INF028" reel="6a" region="7" narrative="_Q" label="Weather" state="OK" sex="M " age="69" age_level="3" education="1" town="Stonewall" county="Coal" land_regions="D" locality="R" date="1962" file_name="LAO(INF028)6a 07 Weather.mp3" path_to_file="LAP\Projects\LAO\Speakers\LAO(INF028)\Audio\LAO(INF028)6a\LAO(INF028)6a 07 Weather.mp3"/>
	<entry id="3060280601" project="LAO" informant="INF028" reel="6a" region="0" narrative="_I" label="Metadata" state="OK" sex="M " age="69" age_level="3" education="1" town="Stonewall" county="Coal" land_regions="D" locality="R" date="1962" file_name="LAO(INF028)6ameta.txt" path_to_file="LAP\Projects\LAO\Speakers\LAO(INF028)\Audio\LAO(INF028)6a\LAO(INF028)6ameta.txt"/>
	<entry id="1060280608" project="LAO" informant="INF028" reel="6b" region="1" narrative="_Q" label="Public Institutions" state="OK" sex="M " age="69" age_level="3" education="1" town="Stonewall" county="Coal" land_regions="D" locality="R" date="1962" file_name="LAO(INF028)6b 01 Public Institutions.mp3" path_to_file="LAP\Projects\LAO\Speakers\LAO(INF028)\Audio\LAO(INF028)6b\LAO(INF028)6b 01 Public Institutions.mp3"/>
	<entry id="1060280609" project="LAO" informant="INF028" reel="6b" region="2" narrative="_Q" label="Geography" state="OK" sex="M " age="69" age_level="3" education="1" town="Stonewall" county="Coal" land_regions="D" locality="R" date="1962" file_name="LAO(INF028)6b 02 Geography.mp3" path_to_file="LAP\Projects\LAO\Speakers\LAO(INF028)\Audio\LAO(INF028)6b\LAO(INF028)6b 02 Geography.mp3"/>
	<entry id="1060280610" project="LAO" informant="INF028" reel="6b" region="3" narrative="_Q" label="Names, Titles and Occupations" state="OK" sex="M " age="69" age_level="3" education="1" town="Stonewall" county="Coal" land_regions="D" locality="R" date="1962" file_name="LAO(INF028)6b 03 Names, Titles and Occupations.mp3" path_to_file="LAP\Projects\LAO\Speakers\LAO(INF028)\Audio\LAO(INF028)6b\LAO(INF028)6b 03 Names, Titles and Occupations.mp3"/>
	<entry id="1060280611" project="LAO" informant="INF028" reel="6b" region="4" narrative="_Q" label="Personal Characteristics" state="OK" sex="M " age="69" age_level="3" education="1" town="Stonewall" county="Coal" land_regions="D" locality="R" date="1962" file_name="LAO(INF028)6b 04 Personal Characteristics.mp3" path_to_file="LAP\Projects\LAO\Speakers\LAO(INF028)\Audio\LAO(INF028)6b\LAO(INF028)6b 04 Personal Characteristics.mp3"/>
	<entry id="1060280612" project="LAO" informant="INF028" reel="6b" region="5" narrative="_Q" label="Family" state="OK" sex="M " age="69" age_level="3" education="1" town="Stonewall" county="Coal" land_regions="D" locality="R" date="1962" file_name="LAO(INF028)6b 05 Family.mp3" path_to_file="LAP\Projects\LAO\Speakers\LAO(INF028)\Audio\LAO(INF028)6b\LAO(INF028)6b 05 Family.mp3"/>
	<entry id="1060280613" project="LAO" informant="INF028" reel="6b" region="6" narrative="_Q" label="Public Institutions" state="OK" sex="M " age="69" age_level="3" education="1" town="Stonewall" county="Coal" land_regions="D" locality="R" date="1962" file_name="LAO(INF028)6b 06 Public Institutions.mp3" path_to_file="LAP\Projects\LAO\Speakers\LAO(INF028)\Audio\LAO(INF028)6b\LAO(INF028)6b 06 Public Institutions.mp3"/>
	<entry id="3060280602" project="LAO" informant="INF028" reel="6b" region="0" narrative="_I" label="Metadata" state="OK" sex="M " age="69" age_level="3" education="1" town="Stonewall" county="Coal" land_regions="D" locality="R" date="1962" file_name="LAO(INF028)6bmeta.txt" path_to_file="LAP\Projects\LAO\Speakers\LAO(INF028)\Audio\LAO(INF028)6b\LAO(INF028)6bmeta.txt"/>
	<entry id="3060280001" project="LAO" informant="INF028" reel="0" region="0" narrative="_I" label="Biographical Information" state="OK" sex="M " age="69" age_level="3" education="1" town="Stonewall" county="Coal" land_regions="D" locality="R" date="1962" file_name="LAO(INF028)BIO.txt" path_to_file="LAP\Projects\LAO\Speakers\LAO(INF028)\Text\LAO(INF028)BIO.txt"/>
</Audio>