<?xml version="1.0" encoding="UTF-8" standalone="yes"?>
<Audio>
	<entry id="1060370101" project="LAO" informant="INF037" reel="1a" region="1" narrative="_Q" label="Dwellings" state="OK" sex="M " age="74" age_level="3" education="2" town="Nowata" county="Indian Territory" land_regions="D" locality="U" date="1962" file_name="LAO(INF037)1a 01 Dwellings.mp3" path_to_file="LAP\Projects\LAO\Speakers\LAO(INF037)\Audio\LAO(INF037)1a\LAO(INF037)1a 01 Dwellings.mp3"/>
	<entry id="1060370102" project="LAO" informant="INF037" reel="1a" region="2" narrative="_Q" label="Dwellings" state="OK" sex="M " age="74" age_level="3" education="2" town="Nowata" county="Indian Territory" land_regions="D" locality="U" date="1962" file_name="LAO(INF037)1a 02 Dwellings.mp3" path_to_file="LAP\Projects\LAO\Speakers\LAO(INF037)\Audio\LAO(INF037)1a\LAO(INF037)1a 02 Dwellings.mp3"/>
	<entry id="1060370103" project="LAO" informant="INF037" reel="1a" region="3" narrative="_Q" label="Dwellings" state="OK" sex="M " age="74" age_level="3" education="2" town="Nowata" county="Indian Territory" land_regions="D" locality="U" date="1962" file_name="LAO(INF037)1a 03 Dwellings.mp3" path_to_file="LAP\Projects\LAO\Speakers\LAO(INF037)\Audio\LAO(INF037)1a\LAO(INF037)1a 03 Dwellings.mp3"/>
	<entry id="1060370104" project="LAO" informant="INF037" reel="1a" region="4" narrative="_Q" label="Family" state="OK" sex="M " age="74" age_level="3" education="2" town="Nowata" county="Indian Territory" land_regions="D" locality="U" date="1962" file_name="LAO(INF037)1a 04 Family.mp3" path_to_file="LAP\Projects\LAO\Speakers\LAO(INF037)\Audio\LAO(INF037)1a\LAO(INF037)1a 04 Family.mp3"/>
	<entry id="1060370105" project="LAO" informant="INF037" reel="1a" region="5" narrative="_Q" label="Food and Cooking" state="OK" sex="M " age="74" age_level="3" education="2" town="Nowata" county="Indian Territory" land_regions="D" locality="U" date="1962" file_name="LAO(INF037)1a 05 Food and Cooking.mp3" path_to_file="LAP\Projects\LAO\Speakers\LAO(INF037)\Audio\LAO(INF037)1a\LAO(INF037)1a 05 Food and Cooking.mp3"/>
	<entry id="1060370106" project="LAO" informant="INF037" reel="1a" region="6" narrative="_Q" label="Dwellings" state="OK" sex="M " age="74" age_level="3" education="2" town="Nowata" county="Indian Territory" land_regions="D" locality="U" date="1962" file_name="LAO(INF037)1a 06 Dwellings.mp3" path_to_file="LAP\Projects\LAO\Speakers\LAO(INF037)\Audio\LAO(INF037)1a\LAO(INF037)1a 06 Dwellings.mp3"/>
	<entry id="1060370107" project="LAO" informant="INF037" reel="1a" region="7" narrative="_Q" label="Dwellings" state="OK" sex="M " age="74" age_level="3" education="2" town="Nowata" county="Indian Territory" land_regions="D" locality="U" date="1962" file_name="LAO(INF037)1a 07 Dwellings.mp3" path_to_file="LAP\Projects\LAO\Speakers\LAO(INF037)\Audio\LAO(INF037)1a\LAO(INF037)1a 07 Dwellings.mp3"/>
	<entry id="3060370101" project="LAO" informant="INF037" reel="1a" region="0" narrative="_I" label="Metadata" state="OK" sex="M " age="74" age_level="3" education="2" town="Nowata" county="Indian Territory" land_regions="D" locality="U" date="1962" file_name="LAO(INF037)1ameta.txt" path_to_file="LAP\Projects\LAO\Speakers\LAO(INF037)\Audio\LAO(INF037)1a\LAO(INF037)1ameta.txt"/>
	<entry id="1060370108" project="LAO" informant="INF037" reel="1b" region="1" narrative="_Q" label="The Farm" state="OK" sex="M " age="74" age_level="3" education="2" town="Nowata" county="Indian Territory" land_regions="D" locality="U" date="1962" file_name="LAO(INF037)1b 01 The Farm.mp3" path_to_file="LAP\Projects\LAO\Speakers\LAO(INF037)\Audio\LAO(INF037)1b\LAO(INF037)1b 01 The Farm.mp3"/>
	<entry id="1060370109" project="LAO" informant="INF037" reel="1b" region="2" narrative="_Q" label="Agriculture" state="OK" sex="M " age="74" age_level="3" education="2" town="Nowata" county="Indian Territory" land_regions="D" locality="U" date="1962" file_name="LAO(INF037)1b 02 Agriculture.mp3" path_to_file="LAP\Projects\LAO\Speakers\LAO(INF037)\Audio\LAO(INF037)1b\LAO(INF037)1b 02 Agriculture.mp3"/>
	<entry id="1060370110" project="LAO" informant="INF037" reel="1b" region="3" narrative="_Q" label="Dwellings" state="OK" sex="M " age="74" age_level="3" education="2" town="Nowata" county="Indian Territory" land_regions="D" locality="U" date="1962" file_name="LAO(INF037)1b 03 Dwellings.mp3" path_to_file="LAP\Projects\LAO\Speakers\LAO(INF037)\Audio\LAO(INF037)1b\LAO(INF037)1b 03 Dwellings.mp3"/>
	<entry id="1060370111" project="LAO" informant="INF037" reel="1b" region="4" narrative="_Q" label="Containers and Utensils" state="OK" sex="M " age="74" age_level="3" education="2" town="Nowata" county="Indian Territory" land_regions="D" locality="U" date="1962" file_name="LAO(INF037)1b 04 Containers and Utensils.mp3" path_to_file="LAP\Projects\LAO\Speakers\LAO(INF037)\Audio\LAO(INF037)1b\LAO(INF037)1b 04 Containers and Utensils.mp3"/>
	<entry id="1060370112" project="LAO" informant="INF037" reel="1b" region="5" narrative="_Q" label="Containers and Utensils" state="OK" sex="M " age="74" age_level="3" education="2" town="Nowata" county="Indian Territory" land_regions="D" locality="U" date="1962" file_name="LAO(INF037)1b 05 Containers and Utensils.mp3" path_to_file="LAP\Projects\LAO\Speakers\LAO(INF037)\Audio\LAO(INF037)1b\LAO(INF037)1b 05 Containers and Utensils.mp3"/>
	<entry id="1060370113" project="LAO" informant="INF037" reel="1b" region="6" narrative="_Q" label="Vehicles" state="OK" sex="M " age="74" age_level="3" education="2" town="Nowata" county="Indian Territory" land_regions="D" locality="U" date="1962" file_name="LAO(INF037)1b 06 Vehicles.mp3" path_to_file="LAP\Projects\LAO\Speakers\LAO(INF037)\Audio\LAO(INF037)1b\LAO(INF037)1b 06 Vehicles.mp3"/>
	<entry id="1060370114" project="LAO" informant="INF037" reel="1b" region="7" narrative="_Q" label="Containers and Utensils" state="OK" sex="M " age="74" age_level="3" education="2" town="Nowata" county="Indian Territory" land_regions="D" locality="U" date="1962" file_name="LAO(INF037)1b 07 Containers and Utensils.mp3" path_to_file="LAP\Projects\LAO\Speakers\LAO(INF037)\Audio\LAO(INF037)1b\LAO(INF037)1b 07 Containers and Utensils.mp3"/>
	<entry id="3060370102" project="LAO" informant="INF037" reel="1b" region="0" narrative="_I" label="Metadata" state="OK" sex="M " age="74" age_level="3" education="2" town="Nowata" county="Indian Territory" land_regions="D" locality="U" date="1962" file_name="LAO(INF037)1bmeta.txt" path_to_file="LAP\Projects\LAO\Speakers\LAO(INF037)\Audio\LAO(INF037)1b\LAO(INF037)1bmeta.txt"/>
	<entry id="1060370115" project="LAO" informant="INF037" reel="1c" region="1" narrative="_Q" label="Social Relations" state="OK" sex="M " age="74" age_level="3" education="2" town="Nowata" county="Indian Territory" land_regions="D" locality="U" date="1962" file_name="LAO(INF037)1c 01 Social Relations.mp3" path_to_file="LAP\Projects\LAO\Speakers\LAO(INF037)\Audio\LAO(INF037)1c\LAO(INF037)1c 01 Social Relations.mp3"/>
	<entry id="1060370116" project="LAO" informant="INF037" reel="1c" region="2" narrative="_Q" label="Containers and Utensils" state="OK" sex="M " age="74" age_level="3" education="2" town="Nowata" county="Indian Territory" land_regions="D" locality="U" date="1962" file_name="LAO(INF037)1c 02 Containers and Utensils.mp3" path_to_file="LAP\Projects\LAO\Speakers\LAO(INF037)\Audio\LAO(INF037)1c\LAO(INF037)1c 02 Containers and Utensils.mp3"/>
	<entry id="1060370117" project="LAO" informant="INF037" reel="1c" region="3" narrative="_Q" label="Containers and Utensils" state="OK" sex="M " age="74" age_level="3" education="2" town="Nowata" county="Indian Territory" land_regions="D" locality="U" date="1962" file_name="LAO(INF037)1c 03 Containers and Utensils.mp3" path_to_file="LAP\Projects\LAO\Speakers\LAO(INF037)\Audio\LAO(INF037)1c\LAO(INF037)1c 03 Containers and Utensils.mp3"/>
	<entry id="1060370118" project="LAO" informant="INF037" reel="1c" region="4" narrative="_Q" label="Vehicles" state="OK" sex="M " age="74" age_level="3" education="2" town="Nowata" county="Indian Territory" land_regions="D" locality="U" date="1962" file_name="LAO(INF037)1c 04 Vehicles.mp3" path_to_file="LAP\Projects\LAO\Speakers\LAO(INF037)\Audio\LAO(INF037)1c\LAO(INF037)1c 04 Vehicles.mp3"/>
	<entry id="1060370119" project="LAO" informant="INF037" reel="1c" region="5" narrative="_Q" label="Public Institutions" state="OK" sex="M " age="74" age_level="3" education="2" town="Nowata" county="Indian Territory" land_regions="D" locality="U" date="1962" file_name="LAO(INF037)1c 05 Public Institutions.mp3" path_to_file="LAP\Projects\LAO\Speakers\LAO(INF037)\Audio\LAO(INF037)1c\LAO(INF037)1c 05 Public Institutions.mp3"/>
	<entry id="1060370120" project="LAO" informant="INF037" reel="1c" region="6" narrative="_Q" label="Clothing" state="OK" sex="M " age="74" age_level="3" education="2" town="Nowata" county="Indian Territory" land_regions="D" locality="U" date="1962" file_name="LAO(INF037)1c 06 Clothing.mp3" path_to_file="LAP\Projects\LAO\Speakers\LAO(INF037)\Audio\LAO(INF037)1c\LAO(INF037)1c 06 Clothing.mp3"/>
	<entry id="1060370121" project="LAO" informant="INF037" reel="1c" region="7" narrative="_Q" label="Clothing" state="OK" sex="M " age="74" age_level="3" education="2" town="Nowata" county="Indian Territory" land_regions="D" locality="U" date="1962" file_name="LAO(INF037)1c 07 Clothing.mp3" path_to_file="LAP\Projects\LAO\Speakers\LAO(INF037)\Audio\LAO(INF037)1c\LAO(INF037)1c 07 Clothing.mp3"/>
	<entry id="1060370122" project="LAO" informant="INF037" reel="1c" region="8" narrative="_Q" label="Dwellings" state="OK" sex="M " age="74" age_level="3" education="2" town="Nowata" county="Indian Territory" land_regions="D" locality="U" date="1962" file_name="LAO(INF037)1c 08 Dwellings.mp3" path_to_file="LAP\Projects\LAO\Speakers\LAO(INF037)\Audio\LAO(INF037)1c\LAO(INF037)1c 08 Dwellings.mp3"/>
	<entry id="3060370103" project="LAO" informant="INF037" reel="1c" region="0" narrative="_I" label="Metadata" state="OK" sex="M " age="74" age_level="3" education="2" town="Nowata" county="Indian Territory" land_regions="D" locality="U" date="1962" file_name="LAO(INF037)1cmeta.txt" path_to_file="LAP\Projects\LAO\Speakers\LAO(INF037)\Audio\LAO(INF037)1c\LAO(INF037)1cmeta.txt"/>
	<entry id="1060370201" project="LAO" informant="INF037" reel="2a" region="1" narrative="_Q" label="Vehicles" state="OK" sex="M " age="74" age_level="3" education="2" town="Nowata" county="Indian Territory" land_regions="D" locality="U" date="1962" file_name="LAO(INF037)2a 01 Vehicles.mp3" path_to_file="LAP\Projects\LAO\Speakers\LAO(INF037)\Audio\LAO(INF037)2a\LAO(INF037)2a 01 Vehicles.mp3"/>
	<entry id="1060370202" project="LAO" informant="INF037" reel="2a" region="2" narrative="_Q" label="Topography" state="OK" sex="M " age="74" age_level="3" education="2" town="Nowata" county="Indian Territory" land_regions="D" locality="U" date="1962" file_name="LAO(INF037)2a 02 Topography.mp3" path_to_file="LAP\Projects\LAO\Speakers\LAO(INF037)\Audio\LAO(INF037)2a\LAO(INF037)2a 02 Topography.mp3"/>
	<entry id="1060370203" project="LAO" informant="INF037" reel="2a" region="3" narrative="_Q" label="Topography" state="OK" sex="M " age="74" age_level="3" education="2" town="Nowata" county="Indian Territory" land_regions="D" locality="U" date="1962" file_name="LAO(INF037)2a 03 Topography.mp3" path_to_file="LAP\Projects\LAO\Speakers\LAO(INF037)\Audio\LAO(INF037)2a\LAO(INF037)2a 03 Topography.mp3"/>
	<entry id="1060370204" project="LAO" informant="INF037" reel="2a" region="4" narrative="_Q" label="Domestic Animals" state="OK" sex="M " age="74" age_level="3" education="2" town="Nowata" county="Indian Territory" land_regions="D" locality="U" date="1962" file_name="LAO(INF037)2a 04 Domestic Animals.mp3" path_to_file="LAP\Projects\LAO\Speakers\LAO(INF037)\Audio\LAO(INF037)2a\LAO(INF037)2a 04 Domestic Animals.mp3"/>
	<entry id="1060370205" project="LAO" informant="INF037" reel="2a" region="5" narrative="_Q" label="Domestic Animals" state="OK" sex="M " age="74" age_level="3" education="2" town="Nowata" county="Indian Territory" land_regions="D" locality="U" date="1962" file_name="LAO(INF037)2a 05 Domestic Animals.mp3" path_to_file="LAP\Projects\LAO\Speakers\LAO(INF037)\Audio\LAO(INF037)2a\LAO(INF037)2a 05 Domestic Animals.mp3"/>
	<entry id="1060370206" project="LAO" informant="INF037" reel="2a" region="6" narrative="_Q" label="Domestic Animals" state="OK" sex="M " age="74" age_level="3" education="2" town="Nowata" county="Indian Territory" land_regions="D" locality="U" date="1962" file_name="LAO(INF037)2a 06 Domestic Animals.mp3" path_to_file="LAP\Projects\LAO\Speakers\LAO(INF037)\Audio\LAO(INF037)2a\LAO(INF037)2a 06 Domestic Animals.mp3"/>
	<entry id="1060370207" project="LAO" informant="INF037" reel="2a" region="7" narrative="_Q" label="Domestic Animals" state="OK" sex="M " age="74" age_level="3" education="2" town="Nowata" county="Indian Territory" land_regions="D" locality="U" date="1962" file_name="LAO(INF037)2a 07 Domestic Animals.mp3" path_to_file="LAP\Projects\LAO\Speakers\LAO(INF037)\Audio\LAO(INF037)2a\LAO(INF037)2a 07 Domestic Animals.mp3"/>
	<entry id="3060370201" project="LAO" informant="INF037" reel="2a" region="0" narrative="_I" label="Metadata" state="OK" sex="M " age="74" age_level="3" education="2" town="Nowata" county="Indian Territory" land_regions="D" locality="U" date="1962" file_name="LAO(INF037)2ameta.txt" path_to_file="LAP\Projects\LAO\Speakers\LAO(INF037)\Audio\LAO(INF037)2a\LAO(INF037)2ameta.txt"/>
	<entry id="1060370208" project="LAO" informant="INF037" reel="2b" region="1" narrative="_Q" label="Food and Cooking" state="OK" sex="M " age="74" age_level="3" education="2" town="Nowata" county="Indian Territory" land_regions="D" locality="U" date="1962" file_name="LAO(INF037)2b 01 Food and Cooking.mp3" path_to_file="LAP\Projects\LAO\Speakers\LAO(INF037)\Audio\LAO(INF037)2b\LAO(INF037)2b 01 Food and Cooking.mp3"/>
	<entry id="3060370202" project="LAO" informant="INF037" reel="2b" region="0" narrative="_I" label="Metadata" state="OK" sex="M " age="74" age_level="3" education="2" town="Nowata" county="Indian Territory" land_regions="D" locality="U" date="1962" file_name="LAO(INF037)2bmeta.txt" path_to_file="LAP\Projects\LAO\Speakers\LAO(INF037)\Audio\LAO(INF037)2b\LAO(INF037)2bmeta.txt"/>
	<entry id="1060370301" project="LAO" informant="INF037" reel="3a" region="1" narrative="_N" label="Vehicles" state="OK" sex="M " age="74" age_level="3" education="2" town="Nowata" county="Indian Territory" land_regions="D" locality="U" date="1962" file_name="LAO(INF037)3a 01 Vehicles_N.mp3" path_to_file="LAP\Projects\LAO\Speakers\LAO(INF037)\Audio\LAO(INF037)3a\LAO(INF037)3a 01 Vehicles_N.mp3"/>
	<entry id="1060370302" project="LAO" informant="INF037" reel="3a" region="2" narrative="_Q" label="Vehicles" state="OK" sex="M " age="74" age_level="3" education="2" town="Nowata" county="Indian Territory" land_regions="D" locality="U" date="1962" file_name="LAO(INF037)3a 02 Vehicles.mp3" path_to_file="LAP\Projects\LAO\Speakers\LAO(INF037)\Audio\LAO(INF037)3a\LAO(INF037)3a 02 Vehicles.mp3"/>
	<entry id="1060370303" project="LAO" informant="INF037" reel="3a" region="3" narrative="_Q" label="Adverbs" state="OK" sex="M " age="74" age_level="3" education="2" town="Nowata" county="Indian Territory" land_regions="D" locality="U" date="1962" file_name="LAO(INF037)3a 03 Adverbs.mp3" path_to_file="LAP\Projects\LAO\Speakers\LAO(INF037)\Audio\LAO(INF037)3a\LAO(INF037)3a 03 Adverbs.mp3"/>
	<entry id="1060370304" project="LAO" informant="INF037" reel="3a" region="4" narrative="_Q" label="Food and Cooking" state="OK" sex="M " age="74" age_level="3" education="2" town="Nowata" county="Indian Territory" land_regions="D" locality="U" date="1962" file_name="LAO(INF037)3a 04 Food and Cooking.mp3" path_to_file="LAP\Projects\LAO\Speakers\LAO(INF037)\Audio\LAO(INF037)3a\LAO(INF037)3a 04 Food and Cooking.mp3"/>
	<entry id="1060370305" project="LAO" informant="INF037" reel="3a" region="5" narrative="_Q" label="Food and Cooking" state="OK" sex="M " age="74" age_level="3" education="2" town="Nowata" county="Indian Territory" land_regions="D" locality="U" date="1962" file_name="LAO(INF037)3a 05 Food and Cooking.mp3" path_to_file="LAP\Projects\LAO\Speakers\LAO(INF037)\Audio\LAO(INF037)3a\LAO(INF037)3a 05 Food and Cooking.mp3"/>
	<entry id="1060370306" project="LAO" informant="INF037" reel="3a" region="6" narrative="_Q" label="Public Institutions" state="OK" sex="M " age="74" age_level="3" education="2" town="Nowata" county="Indian Territory" land_regions="D" locality="U" date="1962" file_name="LAO(INF037)3a 06 Public Institutions.mp3" path_to_file="LAP\Projects\LAO\Speakers\LAO(INF037)\Audio\LAO(INF037)3a\LAO(INF037)3a 06 Public Institutions.mp3"/>
	<entry id="1060370307" project="LAO" informant="INF037" reel="3a" region="7" narrative="_Q" label="Verbs_ Principal Parts" state="OK" sex="M " age="74" age_level="3" education="2" town="Nowata" county="Indian Territory" land_regions="D" locality="U" date="1962" file_name="LAO(INF037)3a 07 Verbs_ Principal Parts.mp3" path_to_file="LAP\Projects\LAO\Speakers\LAO(INF037)\Audio\LAO(INF037)3a\LAO(INF037)3a 07 Verbs_ Principal Parts.mp3"/>
	<entry id="3060370301" project="LAO" informant="INF037" reel="3a" region="0" narrative="_I" label="Metadata" state="OK" sex="M " age="74" age_level="3" education="2" town="Nowata" county="Indian Territory" land_regions="D" locality="U" date="1962" file_name="LAO(INF037)3ameta.txt" path_to_file="LAP\Projects\LAO\Speakers\LAO(INF037)\Audio\LAO(INF037)3a\LAO(INF037)3ameta.txt"/>
	<entry id="1060370308" project="LAO" informant="INF037" reel="3b" region="1" narrative="_Q" label="Verbs_ Principal Parts" state="OK" sex="M " age="74" age_level="3" education="2" town="Nowata" county="Indian Territory" land_regions="D" locality="U" date="1962" file_name="LAO(INF037)3b 01 Verbs_ Principal Parts.mp3" path_to_file="LAP\Projects\LAO\Speakers\LAO(INF037)\Audio\LAO(INF037)3b\LAO(INF037)3b 01 Verbs_ Principal Parts.mp3"/>
	<entry id="1060370309" project="LAO" informant="INF037" reel="3b" region="2" narrative="_Q" label="Pronouns" state="OK" sex="M " age="74" age_level="3" education="2" town="Nowata" county="Indian Territory" land_regions="D" locality="U" date="1962" file_name="LAO(INF037)3b 02 Pronouns.mp3" path_to_file="LAP\Projects\LAO\Speakers\LAO(INF037)\Audio\LAO(INF037)3b\LAO(INF037)3b 02 Pronouns.mp3"/>
	<entry id="1060370310" project="LAO" informant="INF037" reel="3b" region="3" narrative="_Q" label="Vegetables" state="OK" sex="M " age="74" age_level="3" education="2" town="Nowata" county="Indian Territory" land_regions="D" locality="U" date="1962" file_name="LAO(INF037)3b 03 Vegetables.mp3" path_to_file="LAP\Projects\LAO\Speakers\LAO(INF037)\Audio\LAO(INF037)3b\LAO(INF037)3b 03 Vegetables.mp3"/>
	<entry id="1060370311" project="LAO" informant="INF037" reel="3b" region="4" narrative="_Q" label="Vegetables" state="OK" sex="M " age="74" age_level="3" education="2" town="Nowata" county="Indian Territory" land_regions="D" locality="U" date="1962" file_name="LAO(INF037)3b 04 Vegetables.mp3" path_to_file="LAP\Projects\LAO\Speakers\LAO(INF037)\Audio\LAO(INF037)3b\LAO(INF037)3b 04 Vegetables.mp3"/>
	<entry id="1060370312" project="LAO" informant="INF037" reel="3b" region="5" narrative="_Q" label="Vegetables" state="OK" sex="M " age="74" age_level="3" education="2" town="Nowata" county="Indian Territory" land_regions="D" locality="U" date="1962" file_name="LAO(INF037)3b 05 Vegetables.mp3" path_to_file="LAP\Projects\LAO\Speakers\LAO(INF037)\Audio\LAO(INF037)3b\LAO(INF037)3b 05 Vegetables.mp3"/>
	<entry id="1060370313" project="LAO" informant="INF037" reel="3b" region="6" narrative="_Q" label="Verbs_ Principal Parts" state="OK" sex="M " age="74" age_level="3" education="2" town="Nowata" county="Indian Territory" land_regions="D" locality="U" date="1962" file_name="LAO(INF037)3b 06 Verbs_ Principal Parts.mp3" path_to_file="LAP\Projects\LAO\Speakers\LAO(INF037)\Audio\LAO(INF037)3b\LAO(INF037)3b 06 Verbs_ Principal Parts.mp3"/>
	<entry id="1060370314" project="LAO" informant="INF037" reel="3b" region="7" narrative="_Q" label="Wild Animals" state="OK" sex="M " age="74" age_level="3" education="2" town="Nowata" county="Indian Territory" land_regions="D" locality="U" date="1962" file_name="LAO(INF037)3b 07 Wild Animals.mp3" path_to_file="LAP\Projects\LAO\Speakers\LAO(INF037)\Audio\LAO(INF037)3b\LAO(INF037)3b 07 Wild Animals.mp3"/>
	<entry id="3060370302" project="LAO" informant="INF037" reel="3b" region="0" narrative="_I" label="Metadata" state="OK" sex="M " age="74" age_level="3" education="2" town="Nowata" county="Indian Territory" land_regions="D" locality="U" date="1962" file_name="LAO(INF037)3bmeta.txt" path_to_file="LAP\Projects\LAO\Speakers\LAO(INF037)\Audio\LAO(INF037)3b\LAO(INF037)3bmeta.txt"/>
	<entry id="1060370315" project="LAO" informant="INF037" reel="3c" region="1" narrative="_Q" label="Vehicles" state="OK" sex="M " age="74" age_level="3" education="2" town="Nowata" county="Indian Territory" land_regions="D" locality="U" date="1962" file_name="LAO(INF037)3c 01 Vehicles.mp3" path_to_file="LAP\Projects\LAO\Speakers\LAO(INF037)\Audio\LAO(INF037)3c\LAO(INF037)3c 01 Vehicles.mp3"/>
	<entry id="1060370316" project="LAO" informant="INF037" reel="3c" region="2" narrative="_Q" label="Wild Animals" state="OK" sex="M " age="74" age_level="3" education="2" town="Nowata" county="Indian Territory" land_regions="D" locality="U" date="1962" file_name="LAO(INF037)3c 02 Wild Animals.mp3" path_to_file="LAP\Projects\LAO\Speakers\LAO(INF037)\Audio\LAO(INF037)3c\LAO(INF037)3c 02 Wild Animals.mp3"/>
	<entry id="1060370317" project="LAO" informant="INF037" reel="3c" region="3" narrative="_Q" label="Wild Animals" state="OK" sex="M " age="74" age_level="3" education="2" town="Nowata" county="Indian Territory" land_regions="D" locality="U" date="1962" file_name="LAO(INF037)3c 03 Wild Animals.mp3" path_to_file="LAP\Projects\LAO\Speakers\LAO(INF037)\Audio\LAO(INF037)3c\LAO(INF037)3c 03 Wild Animals.mp3"/>
	<entry id="1060370318" project="LAO" informant="INF037" reel="3c" region="4" narrative="_Q" label="Trees and Shrubs" state="OK" sex="M " age="74" age_level="3" education="2" town="Nowata" county="Indian Territory" land_regions="D" locality="U" date="1962" file_name="LAO(INF037)3c 04 Trees and Shrubs.mp3" path_to_file="LAP\Projects\LAO\Speakers\LAO(INF037)\Audio\LAO(INF037)3c\LAO(INF037)3c 04 Trees and Shrubs.mp3"/>
	<entry id="1060370319" project="LAO" informant="INF037" reel="3c" region="5" narrative="_Q" label="Containers and Utensils" state="OK" sex="M " age="74" age_level="3" education="2" town="Nowata" county="Indian Territory" land_regions="D" locality="U" date="1962" file_name="LAO(INF037)3c 05 Containers and Utensils.mp3" path_to_file="LAP\Projects\LAO\Speakers\LAO(INF037)\Audio\LAO(INF037)3c\LAO(INF037)3c 05 Containers and Utensils.mp3"/>
	<entry id="1060370320" project="LAO" informant="INF037" reel="3c" region="6" narrative="_Q" label="Names, Titles and Occupations" state="OK" sex="M " age="74" age_level="3" education="2" town="Nowata" county="Indian Territory" land_regions="D" locality="U" date="1962" file_name="LAO(INF037)3c 06 Names, Titles and Occupations.mp3" path_to_file="LAP\Projects\LAO\Speakers\LAO(INF037)\Audio\LAO(INF037)3c\LAO(INF037)3c 06 Names, Titles and Occupations.mp3"/>
	<entry id="1060370321" project="LAO" informant="INF037" reel="3c" region="7" narrative="_Q" label="Names, Titles and Occupations" state="OK" sex="M " age="74" age_level="3" education="2" town="Nowata" county="Indian Territory" land_regions="D" locality="U" date="1962" file_name="LAO(INF037)3c 07 Names, Titles and Occupations.mp3" path_to_file="LAP\Projects\LAO\Speakers\LAO(INF037)\Audio\LAO(INF037)3c\LAO(INF037)3c 07 Names, Titles and Occupations.mp3"/>
	<entry id="1060370322" project="LAO" informant="INF037" reel="3c" region="8" narrative="_Q" label="Public Institutions" state="OK" sex="M " age="74" age_level="3" education="2" town="Nowata" county="Indian Territory" land_regions="D" locality="U" date="1962" file_name="LAO(INF037)3c 08 Public Institutions.mp3" path_to_file="LAP\Projects\LAO\Speakers\LAO(INF037)\Audio\LAO(INF037)3c\LAO(INF037)3c 08 Public Institutions.mp3"/>
	<entry id="3060370303" project="LAO" informant="INF037" reel="3c" region="0" narrative="_I" label="Metadata" state="OK" sex="M " age="74" age_level="3" education="2" town="Nowata" county="Indian Territory" land_regions="D" locality="U" date="1962" file_name="LAO(INF037)3cmeta.txt" path_to_file="LAP\Projects\LAO\Speakers\LAO(INF037)\Audio\LAO(INF037)3c\LAO(INF037)3cmeta.txt"/>
	<entry id="1060370401" project="LAO" informant="INF037" reel="4a" region="1" narrative="_Q" label="Family" state="OK" sex="M " age="74" age_level="3" education="2" town="Nowata" county="Indian Territory" land_regions="D" locality="U" date="1962" file_name="LAO(INF037)4a 01 Family.mp3" path_to_file="LAP\Projects\LAO\Speakers\LAO(INF037)\Audio\LAO(INF037)4a\LAO(INF037)4a 01 Family.mp3"/>
	<entry id="1060370402" project="LAO" informant="INF037" reel="4a" region="2" narrative="_Q" label="Topography" state="OK" sex="M " age="74" age_level="3" education="2" town="Nowata" county="Indian Territory" land_regions="D" locality="U" date="1962" file_name="LAO(INF037)4a 02 Topography.mp3" path_to_file="LAP\Projects\LAO\Speakers\LAO(INF037)\Audio\LAO(INF037)4a\LAO(INF037)4a 02 Topography.mp3"/>
	<entry id="1060370403" project="LAO" informant="INF037" reel="4a" region="3" narrative="_Q" label="Body Parts" state="OK" sex="M " age="74" age_level="3" education="2" town="Nowata" county="Indian Territory" land_regions="D" locality="U" date="1962" file_name="LAO(INF037)4a 03 Body Parts.mp3" path_to_file="LAP\Projects\LAO\Speakers\LAO(INF037)\Audio\LAO(INF037)4a\LAO(INF037)4a 03 Body Parts.mp3"/>
	<entry id="1060370404" project="LAO" informant="INF037" reel="4a" region="4" narrative="_Q" label="Personal Characteristics" state="OK" sex="M " age="74" age_level="3" education="2" town="Nowata" county="Indian Territory" land_regions="D" locality="U" date="1962" file_name="LAO(INF037)4a 04 Personal Characteristics.mp3" path_to_file="LAP\Projects\LAO\Speakers\LAO(INF037)\Audio\LAO(INF037)4a\LAO(INF037)4a 04 Personal Characteristics.mp3"/>
	<entry id="1060370405" project="LAO" informant="INF037" reel="4a" region="5" narrative="_Q" label="Personal Characteristics" state="OK" sex="M " age="74" age_level="3" education="2" town="Nowata" county="Indian Territory" land_regions="D" locality="U" date="1962" file_name="LAO(INF037)4a 05 Personal Characteristics.mp3" path_to_file="LAP\Projects\LAO\Speakers\LAO(INF037)\Audio\LAO(INF037)4a\LAO(INF037)4a 05 Personal Characteristics.mp3"/>
	<entry id="1060370406" project="LAO" informant="INF037" reel="4a" region="6" narrative="_Q" label="Illness and Death" state="OK" sex="M " age="74" age_level="3" education="2" town="Nowata" county="Indian Territory" land_regions="D" locality="U" date="1962" file_name="LAO(INF037)4a 06 Illness and Death.mp3" path_to_file="LAP\Projects\LAO\Speakers\LAO(INF037)\Audio\LAO(INF037)4a\LAO(INF037)4a 06 Illness and Death.mp3"/>
	<entry id="1060370407" project="LAO" informant="INF037" reel="4a" region="7" narrative="_Q" label="Illness and Death" state="OK" sex="M " age="74" age_level="3" education="2" town="Nowata" county="Indian Territory" land_regions="D" locality="U" date="1962" file_name="LAO(INF037)4a 07 Illness and Death.mp3" path_to_file="LAP\Projects\LAO\Speakers\LAO(INF037)\Audio\LAO(INF037)4a\LAO(INF037)4a 07 Illness and Death.mp3"/>
	<entry id="3060370401" project="LAO" informant="INF037" reel="4a" region="0" narrative="_I" label="Metadata" state="OK" sex="M " age="74" age_level="3" education="2" town="Nowata" county="Indian Territory" land_regions="D" locality="U" date="1962" file_name="LAO(INF037)4ameta.txt" path_to_file="LAP\Projects\LAO\Speakers\LAO(INF037)\Audio\LAO(INF037)4a\LAO(INF037)4ameta.txt"/>
	<entry id="1060370408" project="LAO" informant="INF037" reel="4b" region="1" narrative="_Q" label="Verbs_ Be, Have, Do" state="OK" sex="M " age="74" age_level="3" education="2" town="Nowata" county="Indian Territory" land_regions="D" locality="U" date="1962" file_name="LAO(INF037)4b 01 Verbs_ Be, Have, Do.mp3" path_to_file="LAP\Projects\LAO\Speakers\LAO(INF037)\Audio\LAO(INF037)4b\LAO(INF037)4b 01 Verbs_ Be, Have, Do.mp3"/>
	<entry id="1060370409" project="LAO" informant="INF037" reel="4b" region="2" narrative="_Q" label="Verbs_ Be, Have, Do" state="OK" sex="M " age="74" age_level="3" education="2" town="Nowata" county="Indian Territory" land_regions="D" locality="U" date="1962" file_name="LAO(INF037)4b 02 Verbs_ Be, Have, Do.mp3" path_to_file="LAP\Projects\LAO\Speakers\LAO(INF037)\Audio\LAO(INF037)4b\LAO(INF037)4b 02 Verbs_ Be, Have, Do.mp3"/>
	<entry id="1060370410" project="LAO" informant="INF037" reel="4b" region="3" narrative="_Q" label="Social Relations" state="OK" sex="M " age="74" age_level="3" education="2" town="Nowata" county="Indian Territory" land_regions="D" locality="U" date="1962" file_name="LAO(INF037)4b 03 Social Relations.mp3" path_to_file="LAP\Projects\LAO\Speakers\LAO(INF037)\Audio\LAO(INF037)4b\LAO(INF037)4b 03 Social Relations.mp3"/>
	<entry id="1060370411" project="LAO" informant="INF037" reel="4b" region="4" narrative="_Q" label="Public Institutions" state="OK" sex="M " age="74" age_level="3" education="2" town="Nowata" county="Indian Territory" land_regions="D" locality="U" date="1962" file_name="LAO(INF037)4b 04 Public Institutions.mp3" path_to_file="LAP\Projects\LAO\Speakers\LAO(INF037)\Audio\LAO(INF037)4b\LAO(INF037)4b 04 Public Institutions.mp3"/>
	<entry id="1060370412" project="LAO" informant="INF037" reel="4b" region="5" narrative="_Q" label="Business" state="OK" sex="M " age="74" age_level="3" education="2" town="Nowata" county="Indian Territory" land_regions="D" locality="U" date="1962" file_name="LAO(INF037)4b 05 Business.mp3" path_to_file="LAP\Projects\LAO\Speakers\LAO(INF037)\Audio\LAO(INF037)4b\LAO(INF037)4b 05 Business.mp3"/>
	<entry id="1060370413" project="LAO" informant="INF037" reel="4b" region="6" narrative="_Q" label="Food and Cooking" state="OK" sex="M " age="74" age_level="3" education="2" town="Nowata" county="Indian Territory" land_regions="D" locality="U" date="1962" file_name="LAO(INF037)4b 06 Food and Cooking.mp3" path_to_file="LAP\Projects\LAO\Speakers\LAO(INF037)\Audio\LAO(INF037)4b\LAO(INF037)4b 06 Food and Cooking.mp3"/>
	<entry id="1060370414" project="LAO" informant="INF037" reel="4b" region="7" narrative="_Q" label="Geography" state="OK" sex="M " age="74" age_level="3" education="2" town="Nowata" county="Indian Territory" land_regions="D" locality="U" date="1962" file_name="LAO(INF037)4b 07 Geography.mp3" path_to_file="LAP\Projects\LAO\Speakers\LAO(INF037)\Audio\LAO(INF037)4b\LAO(INF037)4b 07 Geography.mp3"/>
	<entry id="3060370402" project="LAO" informant="INF037" reel="4b" region="0" narrative="_I" label="Metadata" state="OK" sex="M " age="74" age_level="3" education="2" town="Nowata" county="Indian Territory" land_regions="D" locality="U" date="1962" file_name="LAO(INF037)4bmeta.txt" path_to_file="LAP\Projects\LAO\Speakers\LAO(INF037)\Audio\LAO(INF037)4b\LAO(INF037)4bmeta.txt"/>
	<entry id="1060370415" project="LAO" informant="INF037" reel="4c" region="1" narrative="_Q" label="Geography" state="OK" sex="M " age="74" age_level="3" education="2" town="Nowata" county="Indian Territory" land_regions="D" locality="U" date="1962" file_name="LAO(INF037)4c 01 Geography.mp3" path_to_file="LAP\Projects\LAO\Speakers\LAO(INF037)\Audio\LAO(INF037)4c\LAO(INF037)4c 01 Geography.mp3"/>
	<entry id="1060370416" project="LAO" informant="INF037" reel="4c" region="2" narrative="_Q" label="Topography" state="OK" sex="M " age="74" age_level="3" education="2" town="Nowata" county="Indian Territory" land_regions="D" locality="U" date="1962" file_name="LAO(INF037)4c 02 Topography.mp3" path_to_file="LAP\Projects\LAO\Speakers\LAO(INF037)\Audio\LAO(INF037)4c\LAO(INF037)4c 02 Topography.mp3"/>
	<entry id="1060370417" project="LAO" informant="INF037" reel="4c" region="3" narrative="_Q" label="Weather" state="OK" sex="M " age="74" age_level="3" education="2" town="Nowata" county="Indian Territory" land_regions="D" locality="U" date="1962" file_name="LAO(INF037)4c 03 Weather.mp3" path_to_file="LAP\Projects\LAO\Speakers\LAO(INF037)\Audio\LAO(INF037)4c\LAO(INF037)4c 03 Weather.mp3"/>
	<entry id="1060370418" project="LAO" informant="INF037" reel="4c" region="4" narrative="_N" label="Sport and Play" state="OK" sex="M " age="74" age_level="3" education="2" town="Nowata" county="Indian Territory" land_regions="D" locality="U" date="1962" file_name="LAO(INF037)4c 04 Sport and Play_N.mp3" path_to_file="LAP\Projects\LAO\Speakers\LAO(INF037)\Audio\LAO(INF037)4c\LAO(INF037)4c 04 Sport and Play_N.mp3"/>
	<entry id="1060370419" project="LAO" informant="INF037" reel="4c" region="5" narrative="_Q" label="Sport and Play" state="OK" sex="M " age="74" age_level="3" education="2" town="Nowata" county="Indian Territory" land_regions="D" locality="U" date="1962" file_name="LAO(INF037)4c 05 Sport and Play.mp3" path_to_file="LAP\Projects\LAO\Speakers\LAO(INF037)\Audio\LAO(INF037)4c\LAO(INF037)4c 05 Sport and Play.mp3"/>
	<entry id="1060370420" project="LAO" informant="INF037" reel="4c" region="6" narrative="_N" label="Vehicles" state="OK" sex="M " age="74" age_level="3" education="2" town="Nowata" county="Indian Territory" land_regions="D" locality="U" date="1962" file_name="LAO(INF037)4c 06 Vehicles_N.mp3" path_to_file="LAP\Projects\LAO\Speakers\LAO(INF037)\Audio\LAO(INF037)4c\LAO(INF037)4c 06 Vehicles_N.mp3"/>
	<entry id="1060370421" project="LAO" informant="INF037" reel="4c" region="7" narrative="_Q" label="Food and Cooking" state="OK" sex="M " age="74" age_level="3" education="2" town="Nowata" county="Indian Territory" land_regions="D" locality="U" date="1962" file_name="LAO(INF037)4c 07 Food and Cooking.mp3" path_to_file="LAP\Projects\LAO\Speakers\LAO(INF037)\Audio\LAO(INF037)4c\LAO(INF037)4c 07 Food and Cooking.mp3"/>
	<entry id="3060370403" project="LAO" informant="INF037" reel="4c" region="0" narrative="_I" label="Metadata" state="OK" sex="M " age="74" age_level="3" education="2" town="Nowata" county="Indian Territory" land_regions="D" locality="U" date="1962" file_name="LAO(INF037)4cmeta.txt" path_to_file="LAP\Projects\LAO\Speakers\LAO(INF037)\Audio\LAO(INF037)4c\LAO(INF037)4cmeta.txt"/>
	<entry id="1060370501" project="LAO" informant="INF037" reel="5a" region="1" narrative="_Q" label="Verbs_ Be, Have, Do" state="OK" sex="M " age="74" age_level="3" education="2" town="Nowata" county="Indian Territory" land_regions="D" locality="U" date="1962" file_name="LAO(INF037)5a 01 Verbs_ Be, Have, Do.mp3" path_to_file="LAP\Projects\LAO\Speakers\LAO(INF037)\Audio\LAO(INF037)5a\LAO(INF037)5a 01 Verbs_ Be, Have, Do.mp3"/>
	<entry id="1060370502" project="LAO" informant="INF037" reel="5a" region="2" narrative="_Q" label="Food and Cooking" state="OK" sex="M " age="74" age_level="3" education="2" town="Nowata" county="Indian Territory" land_regions="D" locality="U" date="1962" file_name="LAO(INF037)5a 02 Food and Cooking.mp3" path_to_file="LAP\Projects\LAO\Speakers\LAO(INF037)\Audio\LAO(INF037)5a\LAO(INF037)5a 02 Food and Cooking.mp3"/>
	<entry id="1060370503" project="LAO" informant="INF037" reel="5a" region="3" narrative="_Q" label="Business" state="OK" sex="M " age="74" age_level="3" education="2" town="Nowata" county="Indian Territory" land_regions="D" locality="U" date="1962" file_name="LAO(INF037)5a 03 Business.mp3" path_to_file="LAP\Projects\LAO\Speakers\LAO(INF037)\Audio\LAO(INF037)5a\LAO(INF037)5a 03 Business.mp3"/>
	<entry id="1060370504" project="LAO" informant="INF037" reel="5a" region="4" narrative="_Q" label="Business" state="OK" sex="M " age="74" age_level="3" education="2" town="Nowata" county="Indian Territory" land_regions="D" locality="U" date="1962" file_name="LAO(INF037)5a 04 Business.mp3" path_to_file="LAP\Projects\LAO\Speakers\LAO(INF037)\Audio\LAO(INF037)5a\LAO(INF037)5a 04 Business.mp3"/>
	<entry id="1060370505" project="LAO" informant="INF037" reel="5a" region="5" narrative="_N" label="Adverbs" state="OK" sex="M " age="74" age_level="3" education="2" town="Nowata" county="Indian Territory" land_regions="D" locality="U" date="1962" file_name="LAO(INF037)5a 05 Adverbs_N.mp3" path_to_file="LAP\Projects\LAO\Speakers\LAO(INF037)\Audio\LAO(INF037)5a\LAO(INF037)5a 05 Adverbs_N.mp3"/>
	<entry id="1060370506" project="LAO" informant="INF037" reel="5a" region="6" narrative="_Q" label="Illness and Death" state="OK" sex="M " age="74" age_level="3" education="2" town="Nowata" county="Indian Territory" land_regions="D" locality="U" date="1962" file_name="LAO(INF037)5a 06 Illness and Death.mp3" path_to_file="LAP\Projects\LAO\Speakers\LAO(INF037)\Audio\LAO(INF037)5a\LAO(INF037)5a 06 Illness and Death.mp3"/>
	<entry id="1060370507" project="LAO" informant="INF037" reel="5a" region="7" narrative="_Q" label="Numerals" state="OK" sex="M " age="74" age_level="3" education="2" town="Nowata" county="Indian Territory" land_regions="D" locality="U" date="1962" file_name="LAO(INF037)5a 07 Numerals.mp3" path_to_file="LAP\Projects\LAO\Speakers\LAO(INF037)\Audio\LAO(INF037)5a\LAO(INF037)5a 07 Numerals.mp3"/>
	<entry id="3060370501" project="LAO" informant="INF037" reel="5a" region="0" narrative="_I" label="Metadata" state="OK" sex="M " age="74" age_level="3" education="2" town="Nowata" county="Indian Territory" land_regions="D" locality="U" date="1962" file_name="LAO(INF037)5ameta.txt" path_to_file="LAP\Projects\LAO\Speakers\LAO(INF037)\Audio\LAO(INF037)5a\LAO(INF037)5ameta.txt"/>
	<entry id="1060370508" project="LAO" informant="INF037" reel="5b" region="1" narrative="_Q" label="Time" state="OK" sex="M " age="74" age_level="3" education="2" town="Nowata" county="Indian Territory" land_regions="D" locality="U" date="1962" file_name="LAO(INF037)5b 01 Time.mp3" path_to_file="LAP\Projects\LAO\Speakers\LAO(INF037)\Audio\LAO(INF037)5b\LAO(INF037)5b 01 Time.mp3"/>
	<entry id="1060370509" project="LAO" informant="INF037" reel="5b" region="2" narrative="_Q" label="Time" state="OK" sex="M " age="74" age_level="3" education="2" town="Nowata" county="Indian Territory" land_regions="D" locality="U" date="1962" file_name="LAO(INF037)5b 02 Time.mp3" path_to_file="LAP\Projects\LAO\Speakers\LAO(INF037)\Audio\LAO(INF037)5b\LAO(INF037)5b 02 Time.mp3"/>
	<entry id="1060370510" project="LAO" informant="INF037" reel="5b" region="3" narrative="_Q" label="Weather" state="OK" sex="M " age="74" age_level="3" education="2" town="Nowata" county="Indian Territory" land_regions="D" locality="U" date="1962" file_name="LAO(INF037)5b 03 Weather.mp3" path_to_file="LAP\Projects\LAO\Speakers\LAO(INF037)\Audio\LAO(INF037)5b\LAO(INF037)5b 03 Weather.mp3"/>
	<entry id="1060370511" project="LAO" informant="INF037" reel="5b" region="4" narrative="_Q" label="Weather" state="OK" sex="M " age="74" age_level="3" education="2" town="Nowata" county="Indian Territory" land_regions="D" locality="U" date="1962" file_name="LAO(INF037)5b 04 Weather.mp3" path_to_file="LAP\Projects\LAO\Speakers\LAO(INF037)\Audio\LAO(INF037)5b\LAO(INF037)5b 04 Weather.mp3"/>
	<entry id="1060370512" project="LAO" informant="INF037" reel="5b" region="5" narrative="_Q" label="Clothing" state="OK" sex="M " age="74" age_level="3" education="2" town="Nowata" county="Indian Territory" land_regions="D" locality="U" date="1962" file_name="LAO(INF037)5b 05 Clothing.mp3" path_to_file="LAP\Projects\LAO\Speakers\LAO(INF037)\Audio\LAO(INF037)5b\LAO(INF037)5b 05 Clothing.mp3"/>
	<entry id="1060370513" project="LAO" informant="INF037" reel="5b" region="6" narrative="_Q" label="Names, Titles and Occupations" state="OK" sex="M " age="74" age_level="3" education="2" town="Nowata" county="Indian Territory" land_regions="D" locality="U" date="1962" file_name="LAO(INF037)5b 06 Names, Titles and Occupations.mp3" path_to_file="LAP\Projects\LAO\Speakers\LAO(INF037)\Audio\LAO(INF037)5b\LAO(INF037)5b 06 Names, Titles and Occupations.mp3"/>
	<entry id="1060370514" project="LAO" informant="INF037" reel="5b" region="7" narrative="_Q" label="Business" state="OK" sex="M " age="74" age_level="3" education="2" town="Nowata" county="Indian Territory" land_regions="D" locality="U" date="1962" file_name="LAO(INF037)5b 07 Business.mp3" path_to_file="LAP\Projects\LAO\Speakers\LAO(INF037)\Audio\LAO(INF037)5b\LAO(INF037)5b 07 Business.mp3"/>
	<entry id="1060370515" project="LAO" informant="INF037" reel="5b" region="8" narrative="_Q" label="Family" state="OK" sex="M " age="74" age_level="3" education="2" town="Nowata" county="Indian Territory" land_regions="D" locality="U" date="1962" file_name="LAO(INF037)5b 08 Family.mp3" path_to_file="LAP\Projects\LAO\Speakers\LAO(INF037)\Audio\LAO(INF037)5b\LAO(INF037)5b 08 Family.mp3"/>
	<entry id="3060370502" project="LAO" informant="INF037" reel="5b" region="0" narrative="_I" label="Metadata" state="OK" sex="M " age="74" age_level="3" education="2" town="Nowata" county="Indian Territory" land_regions="D" locality="U" date="1962" file_name="LAO(INF037)5bmeta.txt" path_to_file="LAP\Projects\LAO\Speakers\LAO(INF037)\Audio\LAO(INF037)5b\LAO(INF037)5bmeta.txt"/>
	<entry id="3060370001" project="LAO" informant="INF037" reel="0" region="0" narrative="_I" label="Biographical Information" state="OK" sex="M " age="74" age_level="3" education="2" town="Nowata" county="Indian Territory" land_regions="D" locality="U" date="1962" file_name="LAO(INF037)BIO.txt" path_to_file="LAP\Projects\LAO\Speakers\LAO(INF037)\Text\LAO(INF037)BIO.txt"/>
</Audio>