<?xml version="1.0" encoding="UTF-8"?>
<MediaAsset>
   <!--Original Physical Asset and Transfer Details-->
   <Original>
      <Filename>IL22_IL11A</Filename>
      <RunningTime>01:21:05</RunningTime>
      <RecordDate>undated</RecordDate>
      <Language>English</Language>
      <FormatType>Open Reel</FormatType>
      <StockBrand>Scotch</StockBrand>
      <TapeModel>None</TapeModel>
      <TapeWidth>1/4"</TapeWidth>
      <TapeType>Polyester</TapeType>
      <ReelSize>7"</ReelSize>
      <TrackConfiguration>Half track</TrackConfiguration>
      <SoundField>Mono</SoundField>
      <RecordingSpeed>3.75 ips</RecordingSpeed>
      <NoiseReduction>None</NoiseReduction>
      <Equalization>NAB</Equalization>
      <PackOrientation>Heads Out</PackOrientation>
      <Language>English</Language>
      <PerforationRepairs>Yes</PerforationRepairs>
      <Cleaned>No</Cleaned>
      <Baked>No</Baked>
      <TransferComments>High Amount of Hiss on Tape; Program Distorted at Times; High Amount of Hum
         on Tape; </TransferComments>
      <ConditionReport>
         <SmallRisk>TapeDamage</SmallRisk>
      </ConditionReport>
      <TransferOperator>SC</TransferOperator>
      <Deck_Description>Master Recorder</Deck_Description>
      <Deck_Brand>Studer</Deck_Brand>
      <Deck_Model>A-820 1</Deck_Model>
      <Deck_SerialNumber>1143</Deck_SerialNumber>
      <Originator> The MediaPreserve, a division of Preservation Technologies, LP </Originator>
      <OriginatorAddress> 111 Thomson Park Drive, Cranberry Township, PA 16066-6424
      </OriginatorAddress>
   </Original>
   <!--Digital Preservation Master File-->
   <PreservationMaster>
      <MediaKeeper>
         <OriginalTitle>IL22_IL11A</OriginalTitle>
         <CustomerFilename>IL22_IL11A_a.wav</CustomerFilename>
         <DateCreated>2020-01-13T08:53:25</DateCreated>
         <Checksum>0B0E146347568A38751F7D6064D32028</Checksum>
         <ChecksumType>MD5</ChecksumType>
         <ChecksumDateCreated>2020-01-20T20:37:35</ChecksumDateCreated>
         <RunningTime>01:05:00</RunningTime>
         <BitPerSample>24</BitPerSample>
         <SampleRate>96000</SampleRate>
         <BitRate>2304000</BitRate>
         <SoundFieldFromJhove>1</SoundFieldFromJhove>
         <FileSizeInBytes>1123465618</FileSizeInBytes>
         <FileSizeInKB>1097134</FileSizeInKB>
         <FileSizeInMB>1071.42</FileSizeInMB>
         <FileSizeInGB>1.0463</FileSizeInGB>
         <FaceDesignation>A</FaceDesignation>
         <TrackDesignation>00</TrackDesignation>
         <RegionDesignation>01</RegionDesignation>
         <ComputerManufacturer>VisionDAW</ComputerManufacturer>
         <HostComputerName>VX99-PRO</HostComputerName>
         <HostComputerVersion>Core i7</HostComputerVersion>
         <OperatingSystem>Windows 10</OperatingSystem>
         <OperatingSystemVersion>Professional x64 Edition</OperatingSystemVersion>
         <A2D_DeviceType>A/D Converter</A2D_DeviceType>
         <A2D_DeviceManufacturer>Antelope Audio</A2D_DeviceManufacturer>
         <A2D_DeviceModelName>Orion</A2D_DeviceModelName>
         <A2D_DeviceModelVersion>32</A2D_DeviceModelVersion>
         <A2D_DeviceModelSerialNumber>1000813050023</A2D_DeviceModelSerialNumber>
         <A2D_DeviceDriverVersion>A-820 1</A2D_DeviceDriverVersion>
      </MediaKeeper>
   </PreservationMaster>
   <PreservationMaster>
      <MediaKeeper>
         <OriginalTitle>IL22_IL11A</OriginalTitle>
         <CustomerFilename>IL22_IL11A_b.wav</CustomerFilename>
         <DateCreated>2020-01-13T08:53:09</DateCreated>
         <Checksum>1FBFBFFB22A081670153D6839CA8540A</Checksum>
         <ChecksumType>MD5</ChecksumType>
         <ChecksumDateCreated>2020-01-20T20:37:35</ChecksumDateCreated>
         <RunningTime>00:16:05</RunningTime>
         <BitPerSample>24</BitPerSample>
         <SampleRate>96000</SampleRate>
         <BitRate>2304000</BitRate>
         <SoundFieldFromJhove>1</SoundFieldFromJhove>
         <FileSizeInBytes>278170930</FileSizeInBytes>
         <FileSizeInKB>271651.3</FileSizeInKB>
         <FileSizeInMB>265.2845</FileSizeInMB>
         <FileSizeInGB>0.2591</FileSizeInGB>
         <FaceDesignation>B</FaceDesignation>
         <TrackDesignation>00</TrackDesignation>
         <RegionDesignation>01</RegionDesignation>
         <ComputerManufacturer>VisionDAW</ComputerManufacturer>
         <HostComputerName>VX99-PRO</HostComputerName>
         <HostComputerVersion>Core i7</HostComputerVersion>
         <OperatingSystem>Windows 10</OperatingSystem>
         <OperatingSystemVersion>Professional x64 Edition</OperatingSystemVersion>
         <A2D_DeviceType>A/D Converter</A2D_DeviceType>
         <A2D_DeviceManufacturer>Antelope Audio</A2D_DeviceManufacturer>
         <A2D_DeviceModelName>Orion</A2D_DeviceModelName>
         <A2D_DeviceModelVersion>32</A2D_DeviceModelVersion>
         <A2D_DeviceModelSerialNumber>1000813050023</A2D_DeviceModelSerialNumber>
         <A2D_DeviceDriverVersion>A-820 1</A2D_DeviceDriverVersion>
      </MediaKeeper>
   </PreservationMaster>
   <!--Digital Use/Access/Streaming File-->
   <Streaming>
      <MediaKeeper>
         <OriginalTitle>IL22_IL11A</OriginalTitle>
         <CustomerFilename>IL22_IL11A_b.mp3</CustomerFilename>
         <DateCreated>2020-01-20T17:20:03</DateCreated>
         <Checksum>D93BAC9DED377B875FBBFC54899BC894</Checksum>
         <ChecksumType>MD5</ChecksumType>
         <ChecksumDateCreated>2020-01-20T20:37:35</ChecksumDateCreated>
         <RunningTime>00:16:07</RunningTime>
         <BitRate>192000</BitRate>
         <SoundFieldFromJhove>1</SoundFieldFromJhove>
         <FileSizeInBytes>23181688</FileSizeInBytes>
         <FileSizeInKB>22638.37</FileSizeInKB>
         <FileSizeInMB>22.1078</FileSizeInMB>
         <FileSizeInGB>0.0216</FileSizeInGB>
         <FaceDesignation>B</FaceDesignation>
         <TrackDesignation>00</TrackDesignation>
         <RegionDesignation>01</RegionDesignation>
         <EncodeSoftwareManufacturer>Steinberg</EncodeSoftwareManufacturer>
         <EncodeSoftware>Wavelab</EncodeSoftware>
         <EncodeSoftwareVersion>7.2.1</EncodeSoftwareVersion>
      </MediaKeeper>
   </Streaming>
   <Streaming>
      <MediaKeeper>
         <OriginalTitle>IL22_IL11A</OriginalTitle>
         <CustomerFilename>IL22_IL11A_a.mp3</CustomerFilename>
         <DateCreated>2020-01-20T17:19:56</DateCreated>
         <Checksum>C24F519AB18BEA40A141582CF3CB4A75</Checksum>
         <ChecksumType>MD5</ChecksumType>
         <ChecksumDateCreated>2020-01-20T20:37:35</ChecksumDateCreated>
         <RunningTime>01:05:06</RunningTime>
         <BitRate>192000</BitRate>
         <SoundFieldFromJhove>1</SoundFieldFromJhove>
         <FileSizeInBytes>93623275</FileSizeInBytes>
         <FileSizeInKB>91428.98</FileSizeInKB>
         <FileSizeInMB>89.2861</FileSizeInMB>
         <FileSizeInGB>0.0872</FileSizeInGB>
         <FaceDesignation>A</FaceDesignation>
         <TrackDesignation>00</TrackDesignation>
         <RegionDesignation>01</RegionDesignation>
         <EncodeSoftwareManufacturer>Steinberg</EncodeSoftwareManufacturer>
         <EncodeSoftware>Wavelab</EncodeSoftware>
         <EncodeSoftwareVersion>7.2.1</EncodeSoftwareVersion>
      </MediaKeeper>
   </Streaming>
</MediaAsset>
