<?xml version="1.0" encoding="UTF-8" standalone="yes"?>
<Audio>
	<entry id="1060360101" project="LAO" informant="INF036" reel="1a" region="1" narrative="_N" label="Agriculture" state="OK" sex="M " age="50" age_level="2" education="1" town="Okarche" county="Kingfisher" land_regions="D" locality="R" date="1962" file_name="LAO(INF036)1a 01 Agriculture_N.mp3" path_to_file="LAP\Projects\LAO\Speakers\LAO(INF036)\Audio\LAO(INF036)1a\LAO(INF036)1a 01 Agriculture_N.mp3"/>
	<entry id="1060360102" project="LAO" informant="INF036" reel="1a" region="2" narrative="_N" label="Agriculture" state="OK" sex="M " age="50" age_level="2" education="1" town="Okarche" county="Kingfisher" land_regions="D" locality="R" date="1962" file_name="LAO(INF036)1a 02 Agriculture_N.mp3" path_to_file="LAP\Projects\LAO\Speakers\LAO(INF036)\Audio\LAO(INF036)1a\LAO(INF036)1a 02 Agriculture_N.mp3"/>
	<entry id="1060360103" project="LAO" informant="INF036" reel="1a" region="3" narrative="_N" label="The Farm" state="OK" sex="M " age="50" age_level="2" education="1" town="Okarche" county="Kingfisher" land_regions="D" locality="R" date="1962" file_name="LAO(INF036)1a 03 The Farm_N.mp3" path_to_file="LAP\Projects\LAO\Speakers\LAO(INF036)\Audio\LAO(INF036)1a\LAO(INF036)1a 03 The Farm_N.mp3"/>
	<entry id="1060360104" project="LAO" informant="INF036" reel="1a" region="4" narrative="_N" label="The Farm" state="OK" sex="M " age="50" age_level="2" education="1" town="Okarche" county="Kingfisher" land_regions="D" locality="R" date="1962" file_name="LAO(INF036)1a 04 The Farm_N.mp3" path_to_file="LAP\Projects\LAO\Speakers\LAO(INF036)\Audio\LAO(INF036)1a\LAO(INF036)1a 04 The Farm_N.mp3"/>
	<entry id="1060360105" project="LAO" informant="INF036" reel="1a" region="5" narrative="_N" label="The Farm" state="OK" sex="M " age="50" age_level="2" education="1" town="Okarche" county="Kingfisher" land_regions="D" locality="R" date="1962" file_name="LAO(INF036)1a 05 The Farm_N.mp3" path_to_file="LAP\Projects\LAO\Speakers\LAO(INF036)\Audio\LAO(INF036)1a\LAO(INF036)1a 05 The Farm_N.mp3"/>
	<entry id="1060360106" project="LAO" informant="INF036" reel="1a" region="6" narrative="_N" label="The Farm" state="OK" sex="M " age="50" age_level="2" education="1" town="Okarche" county="Kingfisher" land_regions="D" locality="R" date="1962" file_name="LAO(INF036)1a 06 The Farm_N.mp3" path_to_file="LAP\Projects\LAO\Speakers\LAO(INF036)\Audio\LAO(INF036)1a\LAO(INF036)1a 06 The Farm_N.mp3"/>
	<entry id="1060360107" project="LAO" informant="INF036" reel="1a" region="7" narrative="_Q" label="Containers and Utensils" state="OK" sex="M " age="50" age_level="2" education="1" town="Okarche" county="Kingfisher" land_regions="D" locality="R" date="1962" file_name="LAO(INF036)1a 07 Containers and Utensils.mp3" path_to_file="LAP\Projects\LAO\Speakers\LAO(INF036)\Audio\LAO(INF036)1a\LAO(INF036)1a 07 Containers and Utensils.mp3"/>
	<entry id="3060360101" project="LAO" informant="INF036" reel="1a" region="0" narrative="_I" label="Metadata" state="OK" sex="M " age="50" age_level="2" education="1" town="Okarche" county="Kingfisher" land_regions="D" locality="R" date="1962" file_name="LAO(INF036)1ameta.txt" path_to_file="LAP\Projects\LAO\Speakers\LAO(INF036)\Audio\LAO(INF036)1a\LAO(INF036)1ameta.txt"/>
	<entry id="1060360108" project="LAO" informant="INF036" reel="1b" region="1" narrative="_Q" label="Illness and Death" state="OK" sex="M " age="50" age_level="2" education="1" town="Okarche" county="Kingfisher" land_regions="D" locality="R" date="1962" file_name="LAO(INF036)1b 01 Illness and Death.mp3" path_to_file="LAP\Projects\LAO\Speakers\LAO(INF036)\Audio\LAO(INF036)1b\LAO(INF036)1b 01 Illness and Death.mp3"/>
	<entry id="1060360109" project="LAO" informant="INF036" reel="1b" region="2" narrative="_Q" label="Dwellings" state="OK" sex="M " age="50" age_level="2" education="1" town="Okarche" county="Kingfisher" land_regions="D" locality="R" date="1962" file_name="LAO(INF036)1b 02 Dwellings.mp3" path_to_file="LAP\Projects\LAO\Speakers\LAO(INF036)\Audio\LAO(INF036)1b\LAO(INF036)1b 02 Dwellings.mp3"/>
	<entry id="1060360110" project="LAO" informant="INF036" reel="1b" region="3" narrative="_N" label="Containers and Utensils" state="OK" sex="M " age="50" age_level="2" education="1" town="Okarche" county="Kingfisher" land_regions="D" locality="R" date="1962" file_name="LAO(INF036)1b 03 Containers and Utensils_N.mp3" path_to_file="LAP\Projects\LAO\Speakers\LAO(INF036)\Audio\LAO(INF036)1b\LAO(INF036)1b 03 Containers and Utensils_N.mp3"/>
	<entry id="1060360111" project="LAO" informant="INF036" reel="1b" region="4" narrative="_N" label="Vehicles" state="OK" sex="M " age="50" age_level="2" education="1" town="Okarche" county="Kingfisher" land_regions="D" locality="R" date="1962" file_name="LAO(INF036)1b 04 Vehicles_N.mp3" path_to_file="LAP\Projects\LAO\Speakers\LAO(INF036)\Audio\LAO(INF036)1b\LAO(INF036)1b 04 Vehicles_N.mp3"/>
	<entry id="1060360112" project="LAO" informant="INF036" reel="1b" region="5" narrative="_N" label="Food and Cooking" state="OK" sex="M " age="50" age_level="2" education="1" town="Okarche" county="Kingfisher" land_regions="D" locality="R" date="1962" file_name="LAO(INF036)1b 05 Food and Cooking_N.mp3" path_to_file="LAP\Projects\LAO\Speakers\LAO(INF036)\Audio\LAO(INF036)1b\LAO(INF036)1b 05 Food and Cooking_N.mp3"/>
	<entry id="1060360113" project="LAO" informant="INF036" reel="1b" region="6" narrative="_Q" label="Business" state="OK" sex="M " age="50" age_level="2" education="1" town="Okarche" county="Kingfisher" land_regions="D" locality="R" date="1962" file_name="LAO(INF036)1b 06 Business.mp3" path_to_file="LAP\Projects\LAO\Speakers\LAO(INF036)\Audio\LAO(INF036)1b\LAO(INF036)1b 06 Business.mp3"/>
	<entry id="3060360102" project="LAO" informant="INF036" reel="1b" region="0" narrative="_I" label="Metadata" state="OK" sex="M " age="50" age_level="2" education="1" town="Okarche" county="Kingfisher" land_regions="D" locality="R" date="1962" file_name="LAO(INF036)1bmeta.txt" path_to_file="LAP\Projects\LAO\Speakers\LAO(INF036)\Audio\LAO(INF036)1b\LAO(INF036)1bmeta.txt"/>
	<entry id="1060360201" project="LAO" informant="INF036" reel="2a" region="1" narrative="_Q" label="Dwellings" state="OK" sex="M " age="50" age_level="2" education="1" town="Okarche" county="Kingfisher" land_regions="D" locality="R" date="1962" file_name="LAO(INF036)2a 01 Dwellings.mp3" path_to_file="LAP\Projects\LAO\Speakers\LAO(INF036)\Audio\LAO(INF036)2a\LAO(INF036)2a 01 Dwellings.mp3"/>
	<entry id="1060360202" project="LAO" informant="INF036" reel="2a" region="2" narrative="_Q" label="Dwellings" state="OK" sex="M " age="50" age_level="2" education="1" town="Okarche" county="Kingfisher" land_regions="D" locality="R" date="1962" file_name="LAO(INF036)2a 02 Dwellings.mp3" path_to_file="LAP\Projects\LAO\Speakers\LAO(INF036)\Audio\LAO(INF036)2a\LAO(INF036)2a 02 Dwellings.mp3"/>
	<entry id="1060360203" project="LAO" informant="INF036" reel="2a" region="3" narrative="_Q" label="Dwellings" state="OK" sex="M " age="50" age_level="2" education="1" town="Okarche" county="Kingfisher" land_regions="D" locality="R" date="1962" file_name="LAO(INF036)2a 03 Dwellings.mp3" path_to_file="LAP\Projects\LAO\Speakers\LAO(INF036)\Audio\LAO(INF036)2a\LAO(INF036)2a 03 Dwellings.mp3"/>
	<entry id="1060360204" project="LAO" informant="INF036" reel="2a" region="4" narrative="_Q" label="Dwellings" state="OK" sex="M " age="50" age_level="2" education="1" town="Okarche" county="Kingfisher" land_regions="D" locality="R" date="1962" file_name="LAO(INF036)2a 04 Dwellings.mp3" path_to_file="LAP\Projects\LAO\Speakers\LAO(INF036)\Audio\LAO(INF036)2a\LAO(INF036)2a 04 Dwellings.mp3"/>
	<entry id="1060360205" project="LAO" informant="INF036" reel="2a" region="5" narrative="_Q" label="Dwellings" state="OK" sex="M " age="50" age_level="2" education="1" town="Okarche" county="Kingfisher" land_regions="D" locality="R" date="1962" file_name="LAO(INF036)2a 05 Dwellings.mp3" path_to_file="LAP\Projects\LAO\Speakers\LAO(INF036)\Audio\LAO(INF036)2a\LAO(INF036)2a 05 Dwellings.mp3"/>
	<entry id="1060360206" project="LAO" informant="INF036" reel="2a" region="6" narrative="_Q" label="Dwellings" state="OK" sex="M " age="50" age_level="2" education="1" town="Okarche" county="Kingfisher" land_regions="D" locality="R" date="1962" file_name="LAO(INF036)2a 06 Dwellings.mp3" path_to_file="LAP\Projects\LAO\Speakers\LAO(INF036)\Audio\LAO(INF036)2a\LAO(INF036)2a 06 Dwellings.mp3"/>
	<entry id="1060360207" project="LAO" informant="INF036" reel="2a" region="7" narrative="_N" label="Food and Cooking" state="OK" sex="M " age="50" age_level="2" education="1" town="Okarche" county="Kingfisher" land_regions="D" locality="R" date="1962" file_name="LAO(INF036)2a 07 Food and Cooking_N.mp3" path_to_file="LAP\Projects\LAO\Speakers\LAO(INF036)\Audio\LAO(INF036)2a\LAO(INF036)2a 07 Food and Cooking_N.mp3"/>
	<entry id="3060360201" project="LAO" informant="INF036" reel="2a" region="0" narrative="_I" label="Metadata" state="OK" sex="M " age="50" age_level="2" education="1" town="Okarche" county="Kingfisher" land_regions="D" locality="R" date="1962" file_name="LAO(INF036)2ameta.txt" path_to_file="LAP\Projects\LAO\Speakers\LAO(INF036)\Audio\LAO(INF036)2a\LAO(INF036)2ameta.txt"/>
	<entry id="1060360208" project="LAO" informant="INF036" reel="2b" region="1" narrative="_Q" label="Food and Cooking" state="OK" sex="M " age="50" age_level="2" education="1" town="Okarche" county="Kingfisher" land_regions="D" locality="R" date="1962" file_name="LAO(INF036)2b 01 Food and Cooking.mp3" path_to_file="LAP\Projects\LAO\Speakers\LAO(INF036)\Audio\LAO(INF036)2b\LAO(INF036)2b 01 Food and Cooking.mp3"/>
	<entry id="1060360209" project="LAO" informant="INF036" reel="2b" region="2" narrative="_N" label="Dwellings" state="OK" sex="M " age="50" age_level="2" education="1" town="Okarche" county="Kingfisher" land_regions="D" locality="R" date="1962" file_name="LAO(INF036)2b 02 Dwellings_N.mp3" path_to_file="LAP\Projects\LAO\Speakers\LAO(INF036)\Audio\LAO(INF036)2b\LAO(INF036)2b 02 Dwellings_N.mp3"/>
	<entry id="1060360210" project="LAO" informant="INF036" reel="2b" region="3" narrative="_N" label="Dwellings" state="OK" sex="M " age="50" age_level="2" education="1" town="Okarche" county="Kingfisher" land_regions="D" locality="R" date="1962" file_name="LAO(INF036)2b 03 Dwellings_N.mp3" path_to_file="LAP\Projects\LAO\Speakers\LAO(INF036)\Audio\LAO(INF036)2b\LAO(INF036)2b 03 Dwellings_N.mp3"/>
	<entry id="1060360211" project="LAO" informant="INF036" reel="2b" region="4" narrative="_N" label="Dwellings" state="OK" sex="M " age="50" age_level="2" education="1" town="Okarche" county="Kingfisher" land_regions="D" locality="R" date="1962" file_name="LAO(INF036)2b 04 Dwellings_N.mp3" path_to_file="LAP\Projects\LAO\Speakers\LAO(INF036)\Audio\LAO(INF036)2b\LAO(INF036)2b 04 Dwellings_N.mp3"/>
	<entry id="1060360212" project="LAO" informant="INF036" reel="2b" region="5" narrative="_N" label="Dwellings" state="OK" sex="M " age="50" age_level="2" education="1" town="Okarche" county="Kingfisher" land_regions="D" locality="R" date="1962" file_name="LAO(INF036)2b 05 Dwellings_N.mp3" path_to_file="LAP\Projects\LAO\Speakers\LAO(INF036)\Audio\LAO(INF036)2b\LAO(INF036)2b 05 Dwellings_N.mp3"/>
	<entry id="1060360213" project="LAO" informant="INF036" reel="2b" region="6" narrative="_N" label="Family" state="OK" sex="M " age="50" age_level="2" education="1" town="Okarche" county="Kingfisher" land_regions="D" locality="R" date="1962" file_name="LAO(INF036)2b 06 Family_N.mp3" path_to_file="LAP\Projects\LAO\Speakers\LAO(INF036)\Audio\LAO(INF036)2b\LAO(INF036)2b 06 Family_N.mp3"/>
	<entry id="1060360214" project="LAO" informant="INF036" reel="2b" region="7" narrative="_N" label="Family" state="OK" sex="M " age="50" age_level="2" education="1" town="Okarche" county="Kingfisher" land_regions="D" locality="R" date="1962" file_name="LAO(INF036)2b 07 Family_N.mp3" path_to_file="LAP\Projects\LAO\Speakers\LAO(INF036)\Audio\LAO(INF036)2b\LAO(INF036)2b 07 Family_N.mp3"/>
	<entry id="3060360202" project="LAO" informant="INF036" reel="2b" region="0" narrative="_I" label="Metadata" state="OK" sex="M " age="50" age_level="2" education="1" town="Okarche" county="Kingfisher" land_regions="D" locality="R" date="1962" file_name="LAO(INF036)2bmeta.txt" path_to_file="LAP\Projects\LAO\Speakers\LAO(INF036)\Audio\LAO(INF036)2b\LAO(INF036)2bmeta.txt"/>
	<entry id="1060360215" project="LAO" informant="INF036" reel="2c" region="1" narrative="_Q" label="Weather" state="OK" sex="M " age="50" age_level="2" education="1" town="Okarche" county="Kingfisher" land_regions="D" locality="R" date="1962" file_name="LAO(INF036)2c 01 Weather.mp3" path_to_file="LAP\Projects\LAO\Speakers\LAO(INF036)\Audio\LAO(INF036)2c\LAO(INF036)2c 01 Weather.mp3"/>
	<entry id="1060360216" project="LAO" informant="INF036" reel="2c" region="2" narrative="_N" label="Social Relations" state="OK" sex="M " age="50" age_level="2" education="1" town="Okarche" county="Kingfisher" land_regions="D" locality="R" date="1962" file_name="LAO(INF036)2c 02 Social Relations_N.mp3" path_to_file="LAP\Projects\LAO\Speakers\LAO(INF036)\Audio\LAO(INF036)2c\LAO(INF036)2c 02 Social Relations_N.mp3"/>
	<entry id="1060360217" project="LAO" informant="INF036" reel="2c" region="3" narrative="_N" label="Wild Animals" state="OK" sex="M " age="50" age_level="2" education="1" town="Okarche" county="Kingfisher" land_regions="D" locality="R" date="1962" file_name="LAO(INF036)2c 03 Wild Animals_N.mp3" path_to_file="LAP\Projects\LAO\Speakers\LAO(INF036)\Audio\LAO(INF036)2c\LAO(INF036)2c 03 Wild Animals_N.mp3"/>
	<entry id="1060360218" project="LAO" informant="INF036" reel="2c" region="4" narrative="_N" label="Wild Animals" state="OK" sex="M " age="50" age_level="2" education="1" town="Okarche" county="Kingfisher" land_regions="D" locality="R" date="1962" file_name="LAO(INF036)2c 04 Wild Animals_N.mp3" path_to_file="LAP\Projects\LAO\Speakers\LAO(INF036)\Audio\LAO(INF036)2c\LAO(INF036)2c 04 Wild Animals_N.mp3"/>
	<entry id="1060360219" project="LAO" informant="INF036" reel="2c" region="5" narrative="_N" label="Wild Animals" state="OK" sex="M " age="50" age_level="2" education="1" town="Okarche" county="Kingfisher" land_regions="D" locality="R" date="1962" file_name="LAO(INF036)2c 05 Wild Animals_N.mp3" path_to_file="LAP\Projects\LAO\Speakers\LAO(INF036)\Audio\LAO(INF036)2c\LAO(INF036)2c 05 Wild Animals_N.mp3"/>
	<entry id="1060360220" project="LAO" informant="INF036" reel="2c" region="6" narrative="_Q" label="Wild Animals" state="OK" sex="M " age="50" age_level="2" education="1" town="Okarche" county="Kingfisher" land_regions="D" locality="R" date="1962" file_name="LAO(INF036)2c 06 Wild Animals.mp3" path_to_file="LAP\Projects\LAO\Speakers\LAO(INF036)\Audio\LAO(INF036)2c\LAO(INF036)2c 06 Wild Animals.mp3"/>
	<entry id="1060360221" project="LAO" informant="INF036" reel="2c" region="7" narrative="_Q" label="Dwellings" state="OK" sex="M " age="50" age_level="2" education="1" town="Okarche" county="Kingfisher" land_regions="D" locality="R" date="1962" file_name="LAO(INF036)2c 07 Dwellings.mp3" path_to_file="LAP\Projects\LAO\Speakers\LAO(INF036)\Audio\LAO(INF036)2c\LAO(INF036)2c 07 Dwellings.mp3"/>
	<entry id="3060360203" project="LAO" informant="INF036" reel="2c" region="0" narrative="_I" label="Metadata" state="OK" sex="M " age="50" age_level="2" education="1" town="Okarche" county="Kingfisher" land_regions="D" locality="R" date="1962" file_name="LAO(INF036)2cmeta.txt" path_to_file="LAP\Projects\LAO\Speakers\LAO(INF036)\Audio\LAO(INF036)2c\LAO(INF036)2cmeta.txt"/>
	<entry id="1060360301" project="LAO" informant="INF036" reel="3a" region="1" narrative="_Q" label="Public Institutions" state="OK" sex="M " age="50" age_level="2" education="1" town="Okarche" county="Kingfisher" land_regions="D" locality="R" date="1962" file_name="LAO(INF036)3a 01 Public Institutions.mp3" path_to_file="LAP\Projects\LAO\Speakers\LAO(INF036)\Audio\LAO(INF036)3a\LAO(INF036)3a 01 Public Institutions.mp3"/>
	<entry id="1060360302" project="LAO" informant="INF036" reel="3a" region="2" narrative="_Q" label="Public Institutions" state="OK" sex="M " age="50" age_level="2" education="1" town="Okarche" county="Kingfisher" land_regions="D" locality="R" date="1962" file_name="LAO(INF036)3a 02 Public Institutions.mp3" path_to_file="LAP\Projects\LAO\Speakers\LAO(INF036)\Audio\LAO(INF036)3a\LAO(INF036)3a 02 Public Institutions.mp3"/>
	<entry id="1060360303" project="LAO" informant="INF036" reel="3a" region="3" narrative="_Q" label="Food and Cooking" state="OK" sex="M " age="50" age_level="2" education="1" town="Okarche" county="Kingfisher" land_regions="D" locality="R" date="1962" file_name="LAO(INF036)3a 03 Food and Cooking.mp3" path_to_file="LAP\Projects\LAO\Speakers\LAO(INF036)\Audio\LAO(INF036)3a\LAO(INF036)3a 03 Food and Cooking.mp3"/>
	<entry id="1060360304" project="LAO" informant="INF036" reel="3a" region="4" narrative="_Q" label="Food and Cooking" state="OK" sex="M " age="50" age_level="2" education="1" town="Okarche" county="Kingfisher" land_regions="D" locality="R" date="1962" file_name="LAO(INF036)3a 04 Food and Cooking.mp3" path_to_file="LAP\Projects\LAO\Speakers\LAO(INF036)\Audio\LAO(INF036)3a\LAO(INF036)3a 04 Food and Cooking.mp3"/>
	<entry id="3060360301" project="LAO" informant="INF036" reel="3a" region="0" narrative="_I" label="Metadata" state="OK" sex="M " age="50" age_level="2" education="1" town="Okarche" county="Kingfisher" land_regions="D" locality="R" date="1962" file_name="LAO(INF036)3ameta.txt" path_to_file="LAP\Projects\LAO\Speakers\LAO(INF036)\Audio\LAO(INF036)3a\LAO(INF036)3ameta.txt"/>
	<entry id="1060360305" project="LAO" informant="INF036" reel="3b" region="1" narrative="_Q" label="Illness and Death" state="OK" sex="M " age="50" age_level="2" education="1" town="Okarche" county="Kingfisher" land_regions="D" locality="R" date="1962" file_name="LAO(INF036)3b 01 Illness and Death.mp3" path_to_file="LAP\Projects\LAO\Speakers\LAO(INF036)\Audio\LAO(INF036)3b\LAO(INF036)3b 01 Illness and Death.mp3"/>
	<entry id="1060360306" project="LAO" informant="INF036" reel="3b" region="2" narrative="_Q" label="Illness and Death" state="OK" sex="M " age="50" age_level="2" education="1" town="Okarche" county="Kingfisher" land_regions="D" locality="R" date="1962" file_name="LAO(INF036)3b 02 Illness and Death.mp3" path_to_file="LAP\Projects\LAO\Speakers\LAO(INF036)\Audio\LAO(INF036)3b\LAO(INF036)3b 02 Illness and Death.mp3"/>
	<entry id="1060360307" project="LAO" informant="INF036" reel="3b" region="3" narrative="_Q" label="Public Institutions" state="OK" sex="M " age="50" age_level="2" education="1" town="Okarche" county="Kingfisher" land_regions="D" locality="R" date="1962" file_name="LAO(INF036)3b 03 Public Institutions.mp3" path_to_file="LAP\Projects\LAO\Speakers\LAO(INF036)\Audio\LAO(INF036)3b\LAO(INF036)3b 03 Public Institutions.mp3"/>
	<entry id="1060360308" project="LAO" informant="INF036" reel="3b" region="4" narrative="_Q" label="Vehicles" state="OK" sex="M " age="50" age_level="2" education="1" town="Okarche" county="Kingfisher" land_regions="D" locality="R" date="1962" file_name="LAO(INF036)3b 04 Vehicles.mp3" path_to_file="LAP\Projects\LAO\Speakers\LAO(INF036)\Audio\LAO(INF036)3b\LAO(INF036)3b 04 Vehicles.mp3"/>
	<entry id="1060360309" project="LAO" informant="INF036" reel="3b" region="5" narrative="_Q" label="Geography" state="OK" sex="M " age="50" age_level="2" education="1" town="Okarche" county="Kingfisher" land_regions="D" locality="R" date="1962" file_name="LAO(INF036)3b 05 Geography.mp3" path_to_file="LAP\Projects\LAO\Speakers\LAO(INF036)\Audio\LAO(INF036)3b\LAO(INF036)3b 05 Geography.mp3"/>
	<entry id="1060360310" project="LAO" informant="INF036" reel="3b" region="6" narrative="_Q" label="Religion" state="OK" sex="M " age="50" age_level="2" education="1" town="Okarche" county="Kingfisher" land_regions="D" locality="R" date="1962" file_name="LAO(INF036)3b 06 Religion.mp3" path_to_file="LAP\Projects\LAO\Speakers\LAO(INF036)\Audio\LAO(INF036)3b\LAO(INF036)3b 06 Religion.mp3"/>
	<entry id="1060360311" project="LAO" informant="INF036" reel="3b" region="7" narrative="_Q" label="Greetings and Salutations" state="OK" sex="M " age="50" age_level="2" education="1" town="Okarche" county="Kingfisher" land_regions="D" locality="R" date="1962" file_name="LAO(INF036)3b 07 Greetings and Salutations.mp3" path_to_file="LAP\Projects\LAO\Speakers\LAO(INF036)\Audio\LAO(INF036)3b\LAO(INF036)3b 07 Greetings and Salutations.mp3"/>
	<entry id="3060360302" project="LAO" informant="INF036" reel="3b" region="0" narrative="_I" label="Metadata" state="OK" sex="M " age="50" age_level="2" education="1" town="Okarche" county="Kingfisher" land_regions="D" locality="R" date="1962" file_name="LAO(INF036)3bmeta.txt" path_to_file="LAP\Projects\LAO\Speakers\LAO(INF036)\Audio\LAO(INF036)3b\LAO(INF036)3bmeta.txt"/>
	<entry id="1060360401" project="LAO" informant="INF036" reel="4a" region="1" narrative="_Q" label="Containers and Utensils" state="OK" sex="M " age="50" age_level="2" education="1" town="Okarche" county="Kingfisher" land_regions="D" locality="R" date="1962" file_name="LAO(INF036)4a 01 Containers and Utensils.mp3" path_to_file="LAP\Projects\LAO\Speakers\LAO(INF036)\Audio\LAO(INF036)4a\LAO(INF036)4a 01 Containers and Utensils.mp3"/>
	<entry id="1060360402" project="LAO" informant="INF036" reel="4a" region="2" narrative="_Q" label="Containers and Utensils" state="OK" sex="M " age="50" age_level="2" education="1" town="Okarche" county="Kingfisher" land_regions="D" locality="R" date="1962" file_name="LAO(INF036)4a 02 Containers and Utensils.mp3" path_to_file="LAP\Projects\LAO\Speakers\LAO(INF036)\Audio\LAO(INF036)4a\LAO(INF036)4a 02 Containers and Utensils.mp3"/>
	<entry id="1060360403" project="LAO" informant="INF036" reel="4a" region="3" narrative="_Q" label="Domestic Animals" state="OK" sex="M " age="50" age_level="2" education="1" town="Okarche" county="Kingfisher" land_regions="D" locality="R" date="1962" file_name="LAO(INF036)4a 03 Domestic Animals.mp3" path_to_file="LAP\Projects\LAO\Speakers\LAO(INF036)\Audio\LAO(INF036)4a\LAO(INF036)4a 03 Domestic Animals.mp3"/>
	<entry id="1060360404" project="LAO" informant="INF036" reel="4a" region="4" narrative="_Q" label="Sport and Play" state="OK" sex="M " age="50" age_level="2" education="1" town="Okarche" county="Kingfisher" land_regions="D" locality="R" date="1962" file_name="LAO(INF036)4a 04 Sport and Play.mp3" path_to_file="LAP\Projects\LAO\Speakers\LAO(INF036)\Audio\LAO(INF036)4a\LAO(INF036)4a 04 Sport and Play.mp3"/>
	<entry id="1060360405" project="LAO" informant="INF036" reel="4a" region="5" narrative="_Q" label="Vehicles" state="OK" sex="M " age="50" age_level="2" education="1" town="Okarche" county="Kingfisher" land_regions="D" locality="R" date="1962" file_name="LAO(INF036)4a 05 Vehicles.mp3" path_to_file="LAP\Projects\LAO\Speakers\LAO(INF036)\Audio\LAO(INF036)4a\LAO(INF036)4a 05 Vehicles.mp3"/>
	<entry id="1060360406" project="LAO" informant="INF036" reel="4a" region="6" narrative="_Q" label="Clothing" state="OK" sex="M " age="50" age_level="2" education="1" town="Okarche" county="Kingfisher" land_regions="D" locality="R" date="1962" file_name="LAO(INF036)4a 06 Clothing.mp3" path_to_file="LAP\Projects\LAO\Speakers\LAO(INF036)\Audio\LAO(INF036)4a\LAO(INF036)4a 06 Clothing.mp3"/>
	<entry id="1060360407" project="LAO" informant="INF036" reel="4a" region="7" narrative="_Q" label="Clothing" state="OK" sex="M " age="50" age_level="2" education="1" town="Okarche" county="Kingfisher" land_regions="D" locality="R" date="1962" file_name="LAO(INF036)4a 07 Clothing.mp3" path_to_file="LAP\Projects\LAO\Speakers\LAO(INF036)\Audio\LAO(INF036)4a\LAO(INF036)4a 07 Clothing.mp3"/>
	<entry id="3060360401" project="LAO" informant="INF036" reel="4a" region="0" narrative="_I" label="Metadata" state="OK" sex="M " age="50" age_level="2" education="1" town="Okarche" county="Kingfisher" land_regions="D" locality="R" date="1962" file_name="LAO(INF036)4ameta.txt" path_to_file="LAP\Projects\LAO\Speakers\LAO(INF036)\Audio\LAO(INF036)4a\LAO(INF036)4ameta.txt"/>
	<entry id="1060360408" project="LAO" informant="INF036" reel="4b" region="1" narrative="_Q" label="Dwellings" state="OK" sex="M " age="50" age_level="2" education="1" town="Okarche" county="Kingfisher" land_regions="D" locality="R" date="1962" file_name="LAO(INF036)4b 01 Dwellings.mp3" path_to_file="LAP\Projects\LAO\Speakers\LAO(INF036)\Audio\LAO(INF036)4b\LAO(INF036)4b 01 Dwellings.mp3"/>
	<entry id="1060360409" project="LAO" informant="INF036" reel="4b" region="2" narrative="_Q" label="Topography" state="OK" sex="M " age="50" age_level="2" education="1" town="Okarche" county="Kingfisher" land_regions="D" locality="R" date="1962" file_name="LAO(INF036)4b 02 Topography.mp3" path_to_file="LAP\Projects\LAO\Speakers\LAO(INF036)\Audio\LAO(INF036)4b\LAO(INF036)4b 02 Topography.mp3"/>
	<entry id="1060360410" project="LAO" informant="INF036" reel="4b" region="3" narrative="_Q" label="Agriculture" state="OK" sex="M " age="50" age_level="2" education="1" town="Okarche" county="Kingfisher" land_regions="D" locality="R" date="1962" file_name="LAO(INF036)4b 03 Agriculture.mp3" path_to_file="LAP\Projects\LAO\Speakers\LAO(INF036)\Audio\LAO(INF036)4b\LAO(INF036)4b 03 Agriculture.mp3"/>
	<entry id="1060360411" project="LAO" informant="INF036" reel="4b" region="4" narrative="_Q" label="Topography" state="OK" sex="M " age="50" age_level="2" education="1" town="Okarche" county="Kingfisher" land_regions="D" locality="R" date="1962" file_name="LAO(INF036)4b 04 Topography.mp3" path_to_file="LAP\Projects\LAO\Speakers\LAO(INF036)\Audio\LAO(INF036)4b\LAO(INF036)4b 04 Topography.mp3"/>
	<entry id="1060360412" project="LAO" informant="INF036" reel="4b" region="5" narrative="_Q" label="Topography" state="OK" sex="M " age="50" age_level="2" education="1" town="Okarche" county="Kingfisher" land_regions="D" locality="R" date="1962" file_name="LAO(INF036)4b 05 Topography.mp3" path_to_file="LAP\Projects\LAO\Speakers\LAO(INF036)\Audio\LAO(INF036)4b\LAO(INF036)4b 05 Topography.mp3"/>
	<entry id="1060360413" project="LAO" informant="INF036" reel="4b" region="6" narrative="_Q" label="Public Institutions" state="OK" sex="M " age="50" age_level="2" education="1" town="Okarche" county="Kingfisher" land_regions="D" locality="R" date="1962" file_name="LAO(INF036)4b 06 Public Institutions.mp3" path_to_file="LAP\Projects\LAO\Speakers\LAO(INF036)\Audio\LAO(INF036)4b\LAO(INF036)4b 06 Public Institutions.mp3"/>
	<entry id="1060360414" project="LAO" informant="INF036" reel="4b" region="7" narrative="_Q" label="Clothing" state="OK" sex="M " age="50" age_level="2" education="1" town="Okarche" county="Kingfisher" land_regions="D" locality="R" date="1962" file_name="LAO(INF036)4b 07 Clothing.mp3" path_to_file="LAP\Projects\LAO\Speakers\LAO(INF036)\Audio\LAO(INF036)4b\LAO(INF036)4b 07 Clothing.mp3"/>
	<entry id="3060360402" project="LAO" informant="INF036" reel="4b" region="0" narrative="_I" label="Metadata" state="OK" sex="M " age="50" age_level="2" education="1" town="Okarche" county="Kingfisher" land_regions="D" locality="R" date="1962" file_name="LAO(INF036)4bmeta.txt" path_to_file="LAP\Projects\LAO\Speakers\LAO(INF036)\Audio\LAO(INF036)4b\LAO(INF036)4bmeta.txt"/>
	<entry id="1060360415" project="LAO" informant="INF036" reel="4c" region="1" narrative="_Q" label="Domestic Animals" state="OK" sex="M " age="50" age_level="2" education="1" town="Okarche" county="Kingfisher" land_regions="D" locality="R" date="1962" file_name="LAO(INF036)4c 01 Domestic Animals.mp3" path_to_file="LAP\Projects\LAO\Speakers\LAO(INF036)\Audio\LAO(INF036)4c\LAO(INF036)4c 01 Domestic Animals.mp3"/>
	<entry id="1060360416" project="LAO" informant="INF036" reel="4c" region="2" narrative="_Q" label="Domestic Animals" state="OK" sex="M " age="50" age_level="2" education="1" town="Okarche" county="Kingfisher" land_regions="D" locality="R" date="1962" file_name="LAO(INF036)4c 02 Domestic Animals.mp3" path_to_file="LAP\Projects\LAO\Speakers\LAO(INF036)\Audio\LAO(INF036)4c\LAO(INF036)4c 02 Domestic Animals.mp3"/>
	<entry id="1060360417" project="LAO" informant="INF036" reel="4c" region="3" narrative="_Q" label="Domestic Animals" state="OK" sex="M " age="50" age_level="2" education="1" town="Okarche" county="Kingfisher" land_regions="D" locality="R" date="1962" file_name="LAO(INF036)4c 03 Domestic Animals.mp3" path_to_file="LAP\Projects\LAO\Speakers\LAO(INF036)\Audio\LAO(INF036)4c\LAO(INF036)4c 03 Domestic Animals.mp3"/>
	<entry id="1060360418" project="LAO" informant="INF036" reel="4c" region="4" narrative="_Q" label="Sport and Play" state="OK" sex="M " age="50" age_level="2" education="1" town="Okarche" county="Kingfisher" land_regions="D" locality="R" date="1962" file_name="LAO(INF036)4c 04 Sport and Play.mp3" path_to_file="LAP\Projects\LAO\Speakers\LAO(INF036)\Audio\LAO(INF036)4c\LAO(INF036)4c 04 Sport and Play.mp3"/>
	<entry id="1060360419" project="LAO" informant="INF036" reel="4c" region="5" narrative="_Q" label="Domestic Animals" state="OK" sex="M " age="50" age_level="2" education="1" town="Okarche" county="Kingfisher" land_regions="D" locality="R" date="1962" file_name="LAO(INF036)4c 05 Domestic Animals.mp3" path_to_file="LAP\Projects\LAO\Speakers\LAO(INF036)\Audio\LAO(INF036)4c\LAO(INF036)4c 05 Domestic Animals.mp3"/>
	<entry id="1060360420" project="LAO" informant="INF036" reel="4c" region="6" narrative="_Q" label="Domestic Animals" state="OK" sex="M " age="50" age_level="2" education="1" town="Okarche" county="Kingfisher" land_regions="D" locality="R" date="1962" file_name="LAO(INF036)4c 06 Domestic Animals.mp3" path_to_file="LAP\Projects\LAO\Speakers\LAO(INF036)\Audio\LAO(INF036)4c\LAO(INF036)4c 06 Domestic Animals.mp3"/>
	<entry id="1060360421" project="LAO" informant="INF036" reel="4c" region="7" narrative="_Q" label="Calls to Animals" state="OK" sex="M " age="50" age_level="2" education="1" town="Okarche" county="Kingfisher" land_regions="D" locality="R" date="1962" file_name="LAO(INF036)4c 07 Calls to Animals.mp3" path_to_file="LAP\Projects\LAO\Speakers\LAO(INF036)\Audio\LAO(INF036)4c\LAO(INF036)4c 07 Calls to Animals.mp3"/>
	<entry id="1060360422" project="LAO" informant="INF036" reel="4c" region="8" narrative="_Q" label="The Farm" state="OK" sex="M " age="50" age_level="2" education="1" town="Okarche" county="Kingfisher" land_regions="D" locality="R" date="1962" file_name="LAO(INF036)4c 08 The Farm.mp3" path_to_file="LAP\Projects\LAO\Speakers\LAO(INF036)\Audio\LAO(INF036)4c\LAO(INF036)4c 08 The Farm.mp3"/>
	<entry id="3060360403" project="LAO" informant="INF036" reel="4c" region="0" narrative="_I" label="Metadata" state="OK" sex="M " age="50" age_level="2" education="1" town="Okarche" county="Kingfisher" land_regions="D" locality="R" date="1962" file_name="LAO(INF036)4cmeta.txt" path_to_file="LAP\Projects\LAO\Speakers\LAO(INF036)\Audio\LAO(INF036)4c\LAO(INF036)4cmeta.txt"/>
	<entry id="1060360501" project="LAO" informant="INF036" reel="5a" region="1" narrative="_Q" label="Verbs_ Principal Parts" state="OK" sex="M " age="50" age_level="2" education="1" town="Okarche" county="Kingfisher" land_regions="D" locality="R" date="1962" file_name="LAO(INF036)5a 01 Verbs_ Principal Parts.mp3" path_to_file="LAP\Projects\LAO\Speakers\LAO(INF036)\Audio\LAO(INF036)5a\LAO(INF036)5a 01 Verbs_ Principal Parts.mp3"/>
	<entry id="1060360502" project="LAO" informant="INF036" reel="5a" region="2" narrative="_Q" label="Verbs_ Principal Parts" state="OK" sex="M " age="50" age_level="2" education="1" town="Okarche" county="Kingfisher" land_regions="D" locality="R" date="1962" file_name="LAO(INF036)5a 02 Verbs_ Principal Parts.mp3" path_to_file="LAP\Projects\LAO\Speakers\LAO(INF036)\Audio\LAO(INF036)5a\LAO(INF036)5a 02 Verbs_ Principal Parts.mp3"/>
	<entry id="1060360503" project="LAO" informant="INF036" reel="5a" region="3" narrative="_Q" label="Food and Cooking" state="OK" sex="M " age="50" age_level="2" education="1" town="Okarche" county="Kingfisher" land_regions="D" locality="R" date="1962" file_name="LAO(INF036)5a 03 Food and Cooking.mp3" path_to_file="LAP\Projects\LAO\Speakers\LAO(INF036)\Audio\LAO(INF036)5a\LAO(INF036)5a 03 Food and Cooking.mp3"/>
	<entry id="1060360504" project="LAO" informant="INF036" reel="5a" region="4" narrative="_Q" label="Weather" state="OK" sex="M " age="50" age_level="2" education="1" town="Okarche" county="Kingfisher" land_regions="D" locality="R" date="1962" file_name="LAO(INF036)5a 04 Weather.mp3" path_to_file="LAP\Projects\LAO\Speakers\LAO(INF036)\Audio\LAO(INF036)5a\LAO(INF036)5a 04 Weather.mp3"/>
	<entry id="1060360505" project="LAO" informant="INF036" reel="5a" region="5" narrative="_Q" label="Dwellings" state="OK" sex="M " age="50" age_level="2" education="1" town="Okarche" county="Kingfisher" land_regions="D" locality="R" date="1962" file_name="LAO(INF036)5a 05 Dwellings.mp3" path_to_file="LAP\Projects\LAO\Speakers\LAO(INF036)\Audio\LAO(INF036)5a\LAO(INF036)5a 05 Dwellings.mp3"/>
	<entry id="1060360506" project="LAO" informant="INF036" reel="5a" region="6" narrative="_Q" label="Verbs_ Be, Have, Do" state="OK" sex="M " age="50" age_level="2" education="1" town="Okarche" county="Kingfisher" land_regions="D" locality="R" date="1962" file_name="LAO(INF036)5a 06 Verbs_ Be, Have, Do.mp3" path_to_file="LAP\Projects\LAO\Speakers\LAO(INF036)\Audio\LAO(INF036)5a\LAO(INF036)5a 06 Verbs_ Be, Have, Do.mp3"/>
	<entry id="1060360507" project="LAO" informant="INF036" reel="5a" region="7" narrative="_Q" label="Verbs_ Be, Have, Do" state="OK" sex="M " age="50" age_level="2" education="1" town="Okarche" county="Kingfisher" land_regions="D" locality="R" date="1962" file_name="LAO(INF036)5a 07 Verbs_ Be, Have, Do.mp3" path_to_file="LAP\Projects\LAO\Speakers\LAO(INF036)\Audio\LAO(INF036)5a\LAO(INF036)5a 07 Verbs_ Be, Have, Do.mp3"/>
	<entry id="3060360501" project="LAO" informant="INF036" reel="5a" region="0" narrative="_I" label="Metadata" state="OK" sex="M " age="50" age_level="2" education="1" town="Okarche" county="Kingfisher" land_regions="D" locality="R" date="1962" file_name="LAO(INF036)5ameta.txt" path_to_file="LAP\Projects\LAO\Speakers\LAO(INF036)\Audio\LAO(INF036)5a\LAO(INF036)5ameta.txt"/>
	<entry id="1060360508" project="LAO" informant="INF036" reel="5b" region="1" narrative="_Q" label="Verbs_ Principal Parts" state="OK" sex="M " age="50" age_level="2" education="1" town="Okarche" county="Kingfisher" land_regions="D" locality="R" date="1962" file_name="LAO(INF036)5b 01 Verbs_ Principal Parts.mp3" path_to_file="LAP\Projects\LAO\Speakers\LAO(INF036)\Audio\LAO(INF036)5b\LAO(INF036)5b 01 Verbs_ Principal Parts.mp3"/>
	<entry id="1060360509" project="LAO" informant="INF036" reel="5b" region="2" narrative="_Q" label="Names, Titles and Occupations" state="OK" sex="M " age="50" age_level="2" education="1" town="Okarche" county="Kingfisher" land_regions="D" locality="R" date="1962" file_name="LAO(INF036)5b 02 Names, Titles and Occupations.mp3" path_to_file="LAP\Projects\LAO\Speakers\LAO(INF036)\Audio\LAO(INF036)5b\LAO(INF036)5b 02 Names, Titles and Occupations.mp3"/>
	<entry id="1060360510" project="LAO" informant="INF036" reel="5b" region="3" narrative="_N" label="Topography" state="OK" sex="M " age="50" age_level="2" education="1" town="Okarche" county="Kingfisher" land_regions="D" locality="R" date="1962" file_name="LAO(INF036)5b 03 Topography_N.mp3" path_to_file="LAP\Projects\LAO\Speakers\LAO(INF036)\Audio\LAO(INF036)5b\LAO(INF036)5b 03 Topography_N.mp3"/>
	<entry id="1060360511" project="LAO" informant="INF036" reel="5b" region="4" narrative="_Q" label="Family" state="OK" sex="M " age="50" age_level="2" education="1" town="Okarche" county="Kingfisher" land_regions="D" locality="R" date="1962" file_name="LAO(INF036)5b 04 Family.mp3" path_to_file="LAP\Projects\LAO\Speakers\LAO(INF036)\Audio\LAO(INF036)5b\LAO(INF036)5b 04 Family.mp3"/>
	<entry id="3060360502" project="LAO" informant="INF036" reel="5b" region="0" narrative="_I" label="Metadata" state="OK" sex="M " age="50" age_level="2" education="1" town="Okarche" county="Kingfisher" land_regions="D" locality="R" date="1962" file_name="LAO(INF036)5bmeta.txt" path_to_file="LAP\Projects\LAO\Speakers\LAO(INF036)\Audio\LAO(INF036)5b\LAO(INF036)5bmeta.txt"/>
	<entry id="3060360001" project="LAO" informant="INF036" reel="0" region="0" narrative="_I" label="Biographical Information" state="OK" sex="M " age="50" age_level="2" education="1" town="Okarche" county="Kingfisher" land_regions="D" locality="R" date="1962" file_name="LAO(INF036)BIO.txt" path_to_file="LAP\Projects\LAO\Speakers\LAO(INF036)\Text\LAO(INF036)BIO.txt"/>
</Audio>