<?xml version="1.0" encoding="UTF-8" standalone="yes"?>
<Audio>
	<entry id="1060260101" project="LAO" informant="INF026" reel="1a" region="1" narrative="_Q" label="Dwellings" state="OK" sex="F" age="73" age_level="3" education="2" town="Doby" county="Harper" land_regions="D" locality="R" date="1962" latitude="36.81218" longitude="-99.76448" file_name="LAO(INF026)1a 01 Dwellings.mp3" path_to_file="LAP\Projects\LAO\Speakers\LAO(INF026)\Audio\LAO(INF026)1a\LAO(INF026)1a 01 Dwellings.mp3"/>
	<entry id="1060260102" project="LAO" informant="INF026" reel="1a" region="2" narrative="_N" label="Dwellings" state="OK" sex="F" age="73" age_level="3" education="2" town="Doby" county="Harper" land_regions="D" locality="R" date="1962" latitude="36.81218" longitude="-99.76448" file_name="LAO(INF026)1a 02 Dwellings_N.mp3" path_to_file="LAP\Projects\LAO\Speakers\LAO(INF026)\Audio\LAO(INF026)1a\LAO(INF026)1a 02 Dwellings_N.mp3"/>
	<entry id="1060260103" project="LAO" informant="INF026" reel="1a" region="3" narrative="_N" label="Dwellings" state="OK" sex="F" age="73" age_level="3" education="2" town="Doby" county="Harper" land_regions="D" locality="R" date="1962" latitude="36.81218" longitude="-99.76448" file_name="LAO(INF026)1a 03 Dwellings_N.mp3" path_to_file="LAP\Projects\LAO\Speakers\LAO(INF026)\Audio\LAO(INF026)1a\LAO(INF026)1a 03 Dwellings_N.mp3"/>
	<entry id="1060260104" project="LAO" informant="INF026" reel="1a" region="4" narrative="_N" label="Topography" state="OK" sex="F" age="73" age_level="3" education="2" town="Doby" county="Harper" land_regions="D" locality="R" date="1962" latitude="36.81218" longitude="-99.76448" file_name="LAO(INF026)1a 04 Topography_N.mp3" path_to_file="LAP\Projects\LAO\Speakers\LAO(INF026)\Audio\LAO(INF026)1a\LAO(INF026)1a 04 Topography_N.mp3"/>
	<entry id="1060260105" project="LAO" informant="INF026" reel="1a" region="5" narrative="_Q" label="Containers and Utensils" state="OK" sex="F" age="73" age_level="3" education="2" town="Doby" county="Harper" land_regions="D" locality="R" date="1962" latitude="36.81218" longitude="-99.76448" file_name="LAO(INF026)1a 05 Containers and Utensils.mp3" path_to_file="LAP\Projects\LAO\Speakers\LAO(INF026)\Audio\LAO(INF026)1a\LAO(INF026)1a 05 Containers and Utensils.mp3"/>
	<entry id="1060260106" project="LAO" informant="INF026" reel="1a" region="6" narrative="_N" label="Dwellings" state="OK" sex="F" age="73" age_level="3" education="2" town="Doby" county="Harper" land_regions="D" locality="R" date="1962" latitude="36.81218" longitude="-99.76448" file_name="LAO(INF026)1a 06 Dwellings_N.mp3" path_to_file="LAP\Projects\LAO\Speakers\LAO(INF026)\Audio\LAO(INF026)1a\LAO(INF026)1a 06 Dwellings_N.mp3"/>
	<entry id="1060260107" project="LAO" informant="INF026" reel="1a" region="7" narrative="_N" label="Business" state="OK" sex="F" age="73" age_level="3" education="2" town="Doby" county="Harper" land_regions="D" locality="R" date="1962" latitude="36.81218" longitude="-99.76448" file_name="LAO(INF026)1a 07 Business_N.mp3" path_to_file="LAP\Projects\LAO\Speakers\LAO(INF026)\Audio\LAO(INF026)1a\LAO(INF026)1a 07 Business_N.mp3"/>
	<entry id="3060260101" project="LAO" informant="INF026" reel="1a" region="0" narrative="_I" label="Metadata" state="OK" sex="F" age="73" age_level="3" education="2" town="Doby" county="Harper" land_regions="D" locality="R" date="1962" latitude="36.81218" longitude="-99.76448" file_name="LAO(INF026)1ameta.txt" path_to_file="LAP\Projects\LAO\Speakers\LAO(INF026)\Audio\LAO(INF026)1a\LAO(INF026)1ameta.txt"/>
	<entry id="1060260108" project="LAO" informant="INF026" reel="1b" region="1" narrative="_N" label="Wild Animals" state="OK" sex="F" age="73" age_level="3" education="2" town="Doby" county="Harper" land_regions="D" locality="R" date="1962" latitude="36.81218" longitude="-99.76448" file_name="LAO(INF026)1b 01 Wild Animals_N.mp3" path_to_file="LAP\Projects\LAO\Speakers\LAO(INF026)\Audio\LAO(INF026)1b\LAO(INF026)1b 01 Wild Animals_N.mp3"/>
	<entry id="1060260109" project="LAO" informant="INF026" reel="1b" region="2" narrative="_N" label="Food and Cooking" state="OK" sex="F" age="73" age_level="3" education="2" town="Doby" county="Harper" land_regions="D" locality="R" date="1962" latitude="36.81218" longitude="-99.76448" file_name="LAO(INF026)1b 02 Food and Cooking_N.mp3" path_to_file="LAP\Projects\LAO\Speakers\LAO(INF026)\Audio\LAO(INF026)1b\LAO(INF026)1b 02 Food and Cooking_N.mp3"/>
	<entry id="1060260110" project="LAO" informant="INF026" reel="1b" region="3" narrative="_N" label="Dwellings" state="OK" sex="F" age="73" age_level="3" education="2" town="Doby" county="Harper" land_regions="D" locality="R" date="1962" latitude="36.81218" longitude="-99.76448" file_name="LAO(INF026)1b 03 Dwellings_N.mp3" path_to_file="LAP\Projects\LAO\Speakers\LAO(INF026)\Audio\LAO(INF026)1b\LAO(INF026)1b 03 Dwellings_N.mp3"/>
	<entry id="1060260111" project="LAO" informant="INF026" reel="1b" region="4" narrative="_N" label="Dwellings" state="OK" sex="F" age="73" age_level="3" education="2" town="Doby" county="Harper" land_regions="D" locality="R" date="1962" latitude="36.81218" longitude="-99.76448" file_name="LAO(INF026)1b 04 Dwellings_N.mp3" path_to_file="LAP\Projects\LAO\Speakers\LAO(INF026)\Audio\LAO(INF026)1b\LAO(INF026)1b 04 Dwellings_N.mp3"/>
	<entry id="1060260112" project="LAO" informant="INF026" reel="1b" region="5" narrative="_Q" label="Verbs_Principle Parts" state="OK" sex="F" age="73" age_level="3" education="2" town="Doby" county="Harper" land_regions="D" locality="R" date="1962" latitude="36.81218" longitude="-99.76448" file_name="LAO(INF026)1b 05 Verbs_Principle Parts.mp3" path_to_file="LAP\Projects\LAO\Speakers\LAO(INF026)\Audio\LAO(INF026)1b\LAO(INF026)1b 05 Verbs_Principle Parts.mp3"/>
	<entry id="1060260113" project="LAO" informant="INF026" reel="1b" region="6" narrative="_N" label="The Farm" state="OK" sex="F" age="73" age_level="3" education="2" town="Doby" county="Harper" land_regions="D" locality="R" date="1962" latitude="36.81218" longitude="-99.76448" file_name="LAO(INF026)1b 06 The Farm_N.mp3" path_to_file="LAP\Projects\LAO\Speakers\LAO(INF026)\Audio\LAO(INF026)1b\LAO(INF026)1b 06 The Farm_N.mp3"/>
	<entry id="1060260114" project="LAO" informant="INF026" reel="1b" region="7" narrative="_Q" label="Illness and Death" state="OK" sex="F" age="73" age_level="3" education="2" town="Doby" county="Harper" land_regions="D" locality="R" date="1962" latitude="36.81218" longitude="-99.76448" file_name="LAO(INF026)1b 07 Illness and Death.mp3" path_to_file="LAP\Projects\LAO\Speakers\LAO(INF026)\Audio\LAO(INF026)1b\LAO(INF026)1b 07 Illness and Death.mp3"/>
	<entry id="3060260102" project="LAO" informant="INF026" reel="1b" region="0" narrative="_I" label="Metadata" state="OK" sex="F" age="73" age_level="3" education="2" town="Doby" county="Harper" land_regions="D" locality="R" date="1962" latitude="36.81218" longitude="-99.76448" file_name="LAO(INF026)1bmeta.txt" path_to_file="LAP\Projects\LAO\Speakers\LAO(INF026)\Audio\LAO(INF026)1b\LAO(INF026)1bmeta.txt"/>
	<entry id="1060260115" project="LAO" informant="INF026" reel="1c" region="1" narrative="_N" label="Domestic Animals" state="OK" sex="F" age="73" age_level="3" education="2" town="Doby" county="Harper" land_regions="D" locality="R" date="1962" latitude="36.81218" longitude="-99.76448" file_name="LAO(INF026)1c 01 Domestic Animals_N.mp3" path_to_file="LAP\Projects\LAO\Speakers\LAO(INF026)\Audio\LAO(INF026)1c\LAO(INF026)1c 01 Domestic Animals_N.mp3"/>
	<entry id="1060260116" project="LAO" informant="INF026" reel="1c" region="2" narrative="_N" label="The Farm" state="OK" sex="F" age="73" age_level="3" education="2" town="Doby" county="Harper" land_regions="D" locality="R" date="1962" latitude="36.81218" longitude="-99.76448" file_name="LAO(INF026)1c 02 The Farm_N.mp3" path_to_file="LAP\Projects\LAO\Speakers\LAO(INF026)\Audio\LAO(INF026)1c\LAO(INF026)1c 02 The Farm_N.mp3"/>
	<entry id="1060260117" project="LAO" informant="INF026" reel="1c" region="3" narrative="_Q" label="Domestic Animals" state="OK" sex="F" age="73" age_level="3" education="2" town="Doby" county="Harper" land_regions="D" locality="R" date="1962" latitude="36.81218" longitude="-99.76448" file_name="LAO(INF026)1c 03 Domestic Animals.mp3" path_to_file="LAP\Projects\LAO\Speakers\LAO(INF026)\Audio\LAO(INF026)1c\LAO(INF026)1c 03 Domestic Animals.mp3"/>
	<entry id="1060260118" project="LAO" informant="INF026" reel="1c" region="4" narrative="_Q" label="The Farm" state="OK" sex="F" age="73" age_level="3" education="2" town="Doby" county="Harper" land_regions="D" locality="R" date="1962" latitude="36.81218" longitude="-99.76448" file_name="LAO(INF026)1c 04 The Farm.mp3" path_to_file="LAP\Projects\LAO\Speakers\LAO(INF026)\Audio\LAO(INF026)1c\LAO(INF026)1c 04 The Farm.mp3"/>
	<entry id="1060260119" project="LAO" informant="INF026" reel="1c" region="5" narrative="_Q" label="The Farm" state="OK" sex="F" age="73" age_level="3" education="2" town="Doby" county="Harper" land_regions="D" locality="R" date="1962" latitude="36.81218" longitude="-99.76448" file_name="LAO(INF026)1c 05 The Farm.mp3" path_to_file="LAP\Projects\LAO\Speakers\LAO(INF026)\Audio\LAO(INF026)1c\LAO(INF026)1c 05 The Farm.mp3"/>
	<entry id="1060260120" project="LAO" informant="INF026" reel="1c" region="6" narrative="_Q" label="Food and Cooking" state="OK" sex="F" age="73" age_level="3" education="2" town="Doby" county="Harper" land_regions="D" locality="R" date="1962" latitude="36.81218" longitude="-99.76448" file_name="LAO(INF026)1c 06 Food and Cooking.mp3" path_to_file="LAP\Projects\LAO\Speakers\LAO(INF026)\Audio\LAO(INF026)1c\LAO(INF026)1c 06 Food and Cooking.mp3"/>
	<entry id="1060260121" project="LAO" informant="INF026" reel="1c" region="7" narrative="_Q" label="Containers and Utensils" state="OK" sex="F" age="73" age_level="3" education="2" town="Doby" county="Harper" land_regions="D" locality="R" date="1962" latitude="36.81218" longitude="-99.76448" file_name="LAO(INF026)1c 07 Containers and Utensils.mp3" path_to_file="LAP\Projects\LAO\Speakers\LAO(INF026)\Audio\LAO(INF026)1c\LAO(INF026)1c 07 Containers and Utensils.mp3"/>
	<entry id="3060260103" project="LAO" informant="INF026" reel="1c" region="0" narrative="_I" label="Metadata" state="OK" sex="F" age="73" age_level="3" education="2" town="Doby" county="Harper" land_regions="D" locality="R" date="1962" latitude="36.81218" longitude="-99.76448" file_name="LAO(INF026)1cmeta.txt" path_to_file="LAP\Projects\LAO\Speakers\LAO(INF026)\Audio\LAO(INF026)1c\LAO(INF026)1cmeta.txt"/>
	<entry id="1060260201" project="LAO" informant="INF026" reel="2a" region="1" narrative="_Q" label="Agriculture" state="OK" sex="F" age="73" age_level="3" education="2" town="Doby" county="Harper" land_regions="D" locality="R" date="1962" latitude="36.81218" longitude="-99.76448" file_name="LAO(INF026)2a 01 Agriculture.mp3" path_to_file="LAP\Projects\LAO\Speakers\LAO(INF026)\Audio\LAO(INF026)2a\LAO(INF026)2a 01 Agriculture.mp3"/>
	<entry id="1060260202" project="LAO" informant="INF026" reel="2a" region="2" narrative="_Q" label="Food and Cooking" state="OK" sex="F" age="73" age_level="3" education="2" town="Doby" county="Harper" land_regions="D" locality="R" date="1962" latitude="36.81218" longitude="-99.76448" file_name="LAO(INF026)2a 02 Food and Cooking.mp3" path_to_file="LAP\Projects\LAO\Speakers\LAO(INF026)\Audio\LAO(INF026)2a\LAO(INF026)2a 02 Food and Cooking.mp3"/>
	<entry id="1060260203" project="LAO" informant="INF026" reel="2a" region="3" narrative="_N" label="Wild Animals" state="OK" sex="F" age="73" age_level="3" education="2" town="Doby" county="Harper" land_regions="D" locality="R" date="1962" latitude="36.81218" longitude="-99.76448" file_name="LAO(INF026)2a 03 Wild Animals_N.mp3" path_to_file="LAP\Projects\LAO\Speakers\LAO(INF026)\Audio\LAO(INF026)2a\LAO(INF026)2a 03 Wild Animals_N.mp3"/>
	<entry id="1060260204" project="LAO" informant="INF026" reel="2a" region="4" narrative="_Q" label="Tools and Utensils" state="OK" sex="F" age="73" age_level="3" education="2" town="Doby" county="Harper" land_regions="D" locality="R" date="1962" latitude="36.81218" longitude="-99.76448" file_name="LAO(INF026)2a 04 Tools and Utensils.mp3" path_to_file="LAP\Projects\LAO\Speakers\LAO(INF026)\Audio\LAO(INF026)2a\LAO(INF026)2a 04 Tools and Utensils.mp3"/>
	<entry id="1060260205" project="LAO" informant="INF026" reel="2a" region="5" narrative="_Q" label="Domestic Animals" state="OK" sex="F" age="73" age_level="3" education="2" town="Doby" county="Harper" land_regions="D" locality="R" date="1962" latitude="36.81218" longitude="-99.76448" file_name="LAO(INF026)2a 05 Domestic Animals.mp3" path_to_file="LAP\Projects\LAO\Speakers\LAO(INF026)\Audio\LAO(INF026)2a\LAO(INF026)2a 05 Domestic Animals.mp3"/>
	<entry id="1060260206" project="LAO" informant="INF026" reel="2a" region="6" narrative="_Q" label="Vehicles" state="OK" sex="F" age="73" age_level="3" education="2" town="Doby" county="Harper" land_regions="D" locality="R" date="1962" latitude="36.81218" longitude="-99.76448" file_name="LAO(INF026)2a 06 Vehicles.mp3" path_to_file="LAP\Projects\LAO\Speakers\LAO(INF026)\Audio\LAO(INF026)2a\LAO(INF026)2a 06 Vehicles.mp3"/>
	<entry id="1060260207" project="LAO" informant="INF026" reel="2a" region="7" narrative="_N" label="Food and Cooking" state="OK" sex="F" age="73" age_level="3" education="2" town="Doby" county="Harper" land_regions="D" locality="R" date="1962" latitude="36.81218" longitude="-99.76448" file_name="LAO(INF026)2a 07 Food and Cooking_N.mp3" path_to_file="LAP\Projects\LAO\Speakers\LAO(INF026)\Audio\LAO(INF026)2a\LAO(INF026)2a 07 Food and Cooking_N.mp3"/>
	<entry id="3060260201" project="LAO" informant="INF026" reel="2a" region="0" narrative="_I" label="Metadata" state="OK" sex="F" age="73" age_level="3" education="2" town="Doby" county="Harper" land_regions="D" locality="R" date="1962" latitude="36.81218" longitude="-99.76448" file_name="LAO(INF026)2ameta.txt" path_to_file="LAP\Projects\LAO\Speakers\LAO(INF026)\Audio\LAO(INF026)2a\LAO(INF026)2ameta.txt"/>
	<entry id="1060260208" project="LAO" informant="INF026" reel="2b" region="1" narrative="_Q" label="Sport and Play" state="OK" sex="F" age="73" age_level="3" education="2" town="Doby" county="Harper" land_regions="D" locality="R" date="1962" latitude="36.81218" longitude="-99.76448" file_name="LAO(INF026)2b 01 Sport and Play.mp3" path_to_file="LAP\Projects\LAO\Speakers\LAO(INF026)\Audio\LAO(INF026)2b\LAO(INF026)2b 01 Sport and Play.mp3"/>
	<entry id="1060260209" project="LAO" informant="INF026" reel="2b" region="2" narrative="_Q" label="Vehicles" state="OK" sex="F" age="73" age_level="3" education="2" town="Doby" county="Harper" land_regions="D" locality="R" date="1962" latitude="36.81218" longitude="-99.76448" file_name="LAO(INF026)2b 02 Vehicles.mp3" path_to_file="LAP\Projects\LAO\Speakers\LAO(INF026)\Audio\LAO(INF026)2b\LAO(INF026)2b 02 Vehicles.mp3"/>
	<entry id="1060260210" project="LAO" informant="INF026" reel="2b" region="3" narrative="_Q" label="Family" state="OK" sex="F" age="73" age_level="3" education="2" town="Doby" county="Harper" land_regions="D" locality="R" date="1962" latitude="36.81218" longitude="-99.76448" file_name="LAO(INF026)2b 03 Family.mp3" path_to_file="LAP\Projects\LAO\Speakers\LAO(INF026)\Audio\LAO(INF026)2b\LAO(INF026)2b 03 Family.mp3"/>
	<entry id="1060260211" project="LAO" informant="INF026" reel="2b" region="4" narrative="_Q" label="Tools and Utensils" state="OK" sex="F" age="73" age_level="3" education="2" town="Doby" county="Harper" land_regions="D" locality="R" date="1962" latitude="36.81218" longitude="-99.76448" file_name="LAO(INF026)2b 04 Tools and Utensils.mp3" path_to_file="LAP\Projects\LAO\Speakers\LAO(INF026)\Audio\LAO(INF026)2b\LAO(INF026)2b 04 Tools and Utensils.mp3"/>
	<entry id="1060260212" project="LAO" informant="INF026" reel="2b" region="5" narrative="_Q" label="Religion" state="OK" sex="F" age="73" age_level="3" education="2" town="Doby" county="Harper" land_regions="D" locality="R" date="1962" latitude="36.81218" longitude="-99.76448" file_name="LAO(INF026)2b 05 Religion.mp3" path_to_file="LAP\Projects\LAO\Speakers\LAO(INF026)\Audio\LAO(INF026)2b\LAO(INF026)2b 05 Religion.mp3"/>
	<entry id="1060260213" project="LAO" informant="INF026" reel="2b" region="6" narrative="_Q" label="Sport and Play" state="OK" sex="F" age="73" age_level="3" education="2" town="Doby" county="Harper" land_regions="D" locality="R" date="1962" latitude="36.81218" longitude="-99.76448" file_name="LAO(INF026)2b 06 Sport and Play.mp3" path_to_file="LAP\Projects\LAO\Speakers\LAO(INF026)\Audio\LAO(INF026)2b\LAO(INF026)2b 06 Sport and Play.mp3"/>
	<entry id="1060260214" project="LAO" informant="INF026" reel="2b" region="7" narrative="_Q" label="Dwellings" state="OK" sex="F" age="73" age_level="3" education="2" town="Doby" county="Harper" land_regions="D" locality="R" date="1962" latitude="36.81218" longitude="-99.76448" file_name="LAO(INF026)2b 07 Dwellings.mp3" path_to_file="LAP\Projects\LAO\Speakers\LAO(INF026)\Audio\LAO(INF026)2b\LAO(INF026)2b 07 Dwellings.mp3"/>
	<entry id="3060260202" project="LAO" informant="INF026" reel="2b" region="0" narrative="_I" label="Metadata" state="OK" sex="F" age="73" age_level="3" education="2" town="Doby" county="Harper" land_regions="D" locality="R" date="1962" latitude="36.81218" longitude="-99.76448" file_name="LAO(INF026)2bmeta.txt" path_to_file="LAP\Projects\LAO\Speakers\LAO(INF026)\Audio\LAO(INF026)2b\LAO(INF026)2bmeta.txt"/>
	<entry id="1060260215" project="LAO" informant="INF026" reel="2c" region="1" narrative="_Q" label="The Farm" state="OK" sex="F" age="73" age_level="3" education="2" town="Doby" county="Harper" land_regions="D" locality="R" date="1962" latitude="36.81218" longitude="-99.76448" file_name="LAO(INF026)2c 01 The Farm.mp3" path_to_file="LAP\Projects\LAO\Speakers\LAO(INF026)\Audio\LAO(INF026)2c\LAO(INF026)2c 01 The Farm.mp3"/>
	<entry id="1060260216" project="LAO" informant="INF026" reel="2c" region="2" narrative="_Q" label="Containers and Utensils" state="OK" sex="F" age="73" age_level="3" education="2" town="Doby" county="Harper" land_regions="D" locality="R" date="1962" latitude="36.81218" longitude="-99.76448" file_name="LAO(INF026)2c 02 Containers and Utensils.mp3" path_to_file="LAP\Projects\LAO\Speakers\LAO(INF026)\Audio\LAO(INF026)2c\LAO(INF026)2c 02 Containers and Utensils.mp3"/>
	<entry id="1060260217" project="LAO" informant="INF026" reel="2c" region="3" narrative="_Q" label="Dwellings" state="OK" sex="F" age="73" age_level="3" education="2" town="Doby" county="Harper" land_regions="D" locality="R" date="1962" latitude="36.81218" longitude="-99.76448" file_name="LAO(INF026)2c 03 Dwellings.mp3" path_to_file="LAP\Projects\LAO\Speakers\LAO(INF026)\Audio\LAO(INF026)2c\LAO(INF026)2c 03 Dwellings.mp3"/>
	<entry id="1060260218" project="LAO" informant="INF026" reel="2c" region="4" narrative="_Q" label="Clothing" state="OK" sex="F" age="73" age_level="3" education="2" town="Doby" county="Harper" land_regions="D" locality="R" date="1962" latitude="36.81218" longitude="-99.76448" file_name="LAO(INF026)2c 04 Clothing.mp3" path_to_file="LAP\Projects\LAO\Speakers\LAO(INF026)\Audio\LAO(INF026)2c\LAO(INF026)2c 04 Clothing.mp3"/>
	<entry id="1060260219" project="LAO" informant="INF026" reel="2c" region="5" narrative="_Q" label="Domestic Animals" state="OK" sex="F" age="73" age_level="3" education="2" town="Doby" county="Harper" land_regions="D" locality="R" date="1962" latitude="36.81218" longitude="-99.76448" file_name="LAO(INF026)2c 05 Domestic Animals.mp3" path_to_file="LAP\Projects\LAO\Speakers\LAO(INF026)\Audio\LAO(INF026)2c\LAO(INF026)2c 05 Domestic Animals.mp3"/>
	<entry id="1060260220" project="LAO" informant="INF026" reel="2c" region="6" narrative="_Q" label="Clothing" state="OK" sex="F" age="73" age_level="3" education="2" town="Doby" county="Harper" land_regions="D" locality="R" date="1962" latitude="36.81218" longitude="-99.76448" file_name="LAO(INF026)2c 06 Clothing.mp3" path_to_file="LAP\Projects\LAO\Speakers\LAO(INF026)\Audio\LAO(INF026)2c\LAO(INF026)2c 06 Clothing.mp3"/>
	<entry id="1060260221" project="LAO" informant="INF026" reel="2c" region="7" narrative="_Q" label="Sport and Play" state="OK" sex="F" age="73" age_level="3" education="2" town="Doby" county="Harper" land_regions="D" locality="R" date="1962" latitude="36.81218" longitude="-99.76448" file_name="LAO(INF026)2c 07 Sport and Play.mp3" path_to_file="LAP\Projects\LAO\Speakers\LAO(INF026)\Audio\LAO(INF026)2c\LAO(INF026)2c 07 Sport and Play.mp3"/>
	<entry id="3060260203" project="LAO" informant="INF026" reel="2c" region="0" narrative="_I" label="Metadata" state="OK" sex="F" age="73" age_level="3" education="2" town="Doby" county="Harper" land_regions="D" locality="R" date="1962" latitude="36.81218" longitude="-99.76448" file_name="LAO(INF026)2cmeta.txt" path_to_file="LAP\Projects\LAO\Speakers\LAO(INF026)\Audio\LAO(INF026)2c\LAO(INF026)2cmeta.txt"/>
	<entry id="1060260301" project="LAO" informant="INF026" reel="3a" region="1" narrative="_Q" label="Domestic Animals" state="OK" sex="F" age="73" age_level="3" education="2" town="Doby" county="Harper" land_regions="D" locality="R" date="1962" latitude="36.81218" longitude="-99.76448" file_name="LAO(INF026)3a 01 Domestic Animals.mp3" path_to_file="LAP\Projects\LAO\Speakers\LAO(INF026)\Audio\LAO(INF026)3a\LAO(INF026)3a 01 Domestic Animals.mp3"/>
	<entry id="1060260302" project="LAO" informant="INF026" reel="3a" region="2" narrative="_Q" label="Illness and Death" state="OK" sex="F" age="73" age_level="3" education="2" town="Doby" county="Harper" land_regions="D" locality="R" date="1962" latitude="36.81218" longitude="-99.76448" file_name="LAO(INF026)3a 02 Illness and Death.mp3" path_to_file="LAP\Projects\LAO\Speakers\LAO(INF026)\Audio\LAO(INF026)3a\LAO(INF026)3a 02 Illness and Death.mp3"/>
	<entry id="1060260303" project="LAO" informant="INF026" reel="3a" region="3" narrative="_Q" label="Geography" state="OK" sex="F" age="73" age_level="3" education="2" town="Doby" county="Harper" land_regions="D" locality="R" date="1962" latitude="36.81218" longitude="-99.76448" file_name="LAO(INF026)3a 03 Geography.mp3" path_to_file="LAP\Projects\LAO\Speakers\LAO(INF026)\Audio\LAO(INF026)3a\LAO(INF026)3a 03 Geography.mp3"/>
	<entry id="1060260304" project="LAO" informant="INF026" reel="3a" region="4" narrative="_Q" label="Domestic Animals" state="OK" sex="F" age="73" age_level="3" education="2" town="Doby" county="Harper" land_regions="D" locality="R" date="1962" latitude="36.81218" longitude="-99.76448" file_name="LAO(INF026)3a 04 Domestic Animals.mp3" path_to_file="LAP\Projects\LAO\Speakers\LAO(INF026)\Audio\LAO(INF026)3a\LAO(INF026)3a 04 Domestic Animals.mp3"/>
	<entry id="1060260305" project="LAO" informant="INF026" reel="3a" region="5" narrative="_Q" label="Vehicles" state="OK" sex="F" age="73" age_level="3" education="2" town="Doby" county="Harper" land_regions="D" locality="R" date="1962" latitude="36.81218" longitude="-99.76448" file_name="LAO(INF026)3a 05 Vehicles.mp3" path_to_file="LAP\Projects\LAO\Speakers\LAO(INF026)\Audio\LAO(INF026)3a\LAO(INF026)3a 05 Vehicles.mp3"/>
	<entry id="1060260306" project="LAO" informant="INF026" reel="3a" region="6" narrative="_Q" label="Wild Animals" state="OK" sex="F" age="73" age_level="3" education="2" town="Doby" county="Harper" land_regions="D" locality="R" date="1962" latitude="36.81218" longitude="-99.76448" file_name="LAO(INF026)3a 06 Wild Animals.mp3" path_to_file="LAP\Projects\LAO\Speakers\LAO(INF026)\Audio\LAO(INF026)3a\LAO(INF026)3a 06 Wild Animals.mp3"/>
	<entry id="1060260307" project="LAO" informant="INF026" reel="3a" region="7" narrative="_Q" label="Domestic Animals" state="OK" sex="F" age="73" age_level="3" education="2" town="Doby" county="Harper" land_regions="D" locality="R" date="1962" latitude="36.81218" longitude="-99.76448" file_name="LAO(INF026)3a 07 Domestic Animals.mp3" path_to_file="LAP\Projects\LAO\Speakers\LAO(INF026)\Audio\LAO(INF026)3a\LAO(INF026)3a 07 Domestic Animals.mp3"/>
	<entry id="3060260301" project="LAO" informant="INF026" reel="3a" region="0" narrative="_I" label="Metadata" state="OK" sex="F" age="73" age_level="3" education="2" town="Doby" county="Harper" land_regions="D" locality="R" date="1962" latitude="36.81218" longitude="-99.76448" file_name="LAO(INF026)3ameta.txt" path_to_file="LAP\Projects\LAO\Speakers\LAO(INF026)\Audio\LAO(INF026)3a\LAO(INF026)3ameta.txt"/>
	<entry id="1060260308" project="LAO" informant="INF026" reel="3b" region="1" narrative="_N" label="Domestic Animals" state="OK" sex="F" age="73" age_level="3" education="2" town="Doby" county="Harper" land_regions="D" locality="R" date="1962" latitude="36.81218" longitude="-99.76448" file_name="LAO(INF026)3b 01 Domestic Animals_N.mp3" path_to_file="LAP\Projects\LAO\Speakers\LAO(INF026)\Audio\LAO(INF026)3b\LAO(INF026)3b 01 Domestic Animals_N.mp3"/>
	<entry id="1060260309" project="LAO" informant="INF026" reel="3b" region="2" narrative="_Q" label="Domestic Animals" state="OK" sex="F" age="73" age_level="3" education="2" town="Doby" county="Harper" land_regions="D" locality="R" date="1962" latitude="36.81218" longitude="-99.76448" file_name="LAO(INF026)3b 02 Domestic Animals.mp3" path_to_file="LAP\Projects\LAO\Speakers\LAO(INF026)\Audio\LAO(INF026)3b\LAO(INF026)3b 02 Domestic Animals.mp3"/>
	<entry id="1060260310" project="LAO" informant="INF026" reel="3b" region="3" narrative="_Q" label="Domestic Animals" state="OK" sex="F" age="73" age_level="3" education="2" town="Doby" county="Harper" land_regions="D" locality="R" date="1962" latitude="36.81218" longitude="-99.76448" file_name="LAO(INF026)3b 03 Domestic Animals.mp3" path_to_file="LAP\Projects\LAO\Speakers\LAO(INF026)\Audio\LAO(INF026)3b\LAO(INF026)3b 03 Domestic Animals.mp3"/>
	<entry id="1060260311" project="LAO" informant="INF026" reel="3b" region="4" narrative="_Q" label="Wild Animals" state="OK" sex="F" age="73" age_level="3" education="2" town="Doby" county="Harper" land_regions="D" locality="R" date="1962" latitude="36.81218" longitude="-99.76448" file_name="LAO(INF026)3b 04 Wild Animals.mp3" path_to_file="LAP\Projects\LAO\Speakers\LAO(INF026)\Audio\LAO(INF026)3b\LAO(INF026)3b 04 Wild Animals.mp3"/>
	<entry id="1060260312" project="LAO" informant="INF026" reel="3b" region="5" narrative="_Q" label="Food and Cooking   " state="OK" sex="F" age="73" age_level="3" education="2" town="Doby" county="Harper" land_regions="D" locality="R" date="1962" latitude="36.81218" longitude="-99.76448" file_name="LAO(INF026)3b 05 Food and Cooking   .mp3" path_to_file="LAP\Projects\LAO\Speakers\LAO(INF026)\Audio\LAO(INF026)3b\LAO(INF026)3b 05 Food and Cooking   .mp3"/>
	<entry id="1060260313" project="LAO" informant="INF026" reel="3b" region="6" narrative="_Q" label="Food and Cooking" state="OK" sex="F" age="73" age_level="3" education="2" town="Doby" county="Harper" land_regions="D" locality="R" date="1962" latitude="36.81218" longitude="-99.76448" file_name="LAO(INF026)3b 06 Food and Cooking.mp3" path_to_file="LAP\Projects\LAO\Speakers\LAO(INF026)\Audio\LAO(INF026)3b\LAO(INF026)3b 06 Food and Cooking.mp3"/>
	<entry id="1060260314" project="LAO" informant="INF026" reel="3b" region="7" narrative="_Q" label="Wild Animals" state="OK" sex="F" age="73" age_level="3" education="2" town="Doby" county="Harper" land_regions="D" locality="R" date="1962" latitude="36.81218" longitude="-99.76448" file_name="LAO(INF026)3b 07 Wild Animals.mp3" path_to_file="LAP\Projects\LAO\Speakers\LAO(INF026)\Audio\LAO(INF026)3b\LAO(INF026)3b 07 Wild Animals.mp3"/>
	<entry id="3060260302" project="LAO" informant="INF026" reel="3b" region="0" narrative="_I" label="Metadata" state="OK" sex="F" age="73" age_level="3" education="2" town="Doby" county="Harper" land_regions="D" locality="R" date="1962" latitude="36.81218" longitude="-99.76448" file_name="LAO(INF026)3bmeta.txt" path_to_file="LAP\Projects\LAO\Speakers\LAO(INF026)\Audio\LAO(INF026)3b\LAO(INF026)3bmeta.txt"/>
	<entry id="1060260315" project="LAO" informant="INF026" reel="3c" region="1" narrative="_N" label="Sport and Play" state="OK" sex="F" age="73" age_level="3" education="2" town="Doby" county="Harper" land_regions="D" locality="R" date="1962" latitude="36.81218" longitude="-99.76448" file_name="LAO(INF026)3c 01 Sport and Play_N.mp3" path_to_file="LAP\Projects\LAO\Speakers\LAO(INF026)\Audio\LAO(INF026)3c\LAO(INF026)3c 01 Sport and Play_N.mp3"/>
	<entry id="1060260316" project="LAO" informant="INF026" reel="3c" region="2" narrative="_N" label="Geography" state="OK" sex="F" age="73" age_level="3" education="2" town="Doby" county="Harper" land_regions="D" locality="R" date="1962" latitude="36.81218" longitude="-99.76448" file_name="LAO(INF026)3c 02 Geography_N.mp3" path_to_file="LAP\Projects\LAO\Speakers\LAO(INF026)\Audio\LAO(INF026)3c\LAO(INF026)3c 02 Geography_N.mp3"/>
	<entry id="1060260317" project="LAO" informant="INF026" reel="3c" region="3" narrative="_N" label="Vegetables" state="OK" sex="F" age="73" age_level="3" education="2" town="Doby" county="Harper" land_regions="D" locality="R" date="1962" latitude="36.81218" longitude="-99.76448" file_name="LAO(INF026)3c 03 Vegetables_N.mp3" path_to_file="LAP\Projects\LAO\Speakers\LAO(INF026)\Audio\LAO(INF026)3c\LAO(INF026)3c 03 Vegetables_N.mp3"/>
	<entry id="1060260318" project="LAO" informant="INF026" reel="3c" region="4" narrative="_Q" label="Pronouns" state="OK" sex="F" age="73" age_level="3" education="2" town="Doby" county="Harper" land_regions="D" locality="R" date="1962" latitude="36.81218" longitude="-99.76448" file_name="LAO(INF026)3c 04 Pronouns.mp3" path_to_file="LAP\Projects\LAO\Speakers\LAO(INF026)\Audio\LAO(INF026)3c\LAO(INF026)3c 04 Pronouns.mp3"/>
	<entry id="1060260319" project="LAO" informant="INF026" reel="3c" region="5" narrative="_Q" label="Food and Cooking " state="OK" sex="F" age="73" age_level="3" education="2" town="Doby" county="Harper" land_regions="D" locality="R" date="1962" latitude="36.81218" longitude="-99.76448" file_name="LAO(INF026)3c 05 Food and Cooking .mp3" path_to_file="LAP\Projects\LAO\Speakers\LAO(INF026)\Audio\LAO(INF026)3c\LAO(INF026)3c 05 Food and Cooking .mp3"/>
	<entry id="1060260320" project="LAO" informant="INF026" reel="3c" region="6" narrative="_Q" label="Food and Cooking" state="OK" sex="F" age="73" age_level="3" education="2" town="Doby" county="Harper" land_regions="D" locality="R" date="1962" latitude="36.81218" longitude="-99.76448" file_name="LAO(INF026)3c 06 Food and Cooking.mp3" path_to_file="LAP\Projects\LAO\Speakers\LAO(INF026)\Audio\LAO(INF026)3c\LAO(INF026)3c 06 Food and Cooking.mp3"/>
	<entry id="1060260321" project="LAO" informant="INF026" reel="3c" region="7" narrative="_Q" label="Food and Cooking" state="OK" sex="F" age="73" age_level="3" education="2" town="Doby" county="Harper" land_regions="D" locality="R" date="1962" latitude="36.81218" longitude="-99.76448" file_name="LAO(INF026)3c 07 Food and Cooking.mp3" path_to_file="LAP\Projects\LAO\Speakers\LAO(INF026)\Audio\LAO(INF026)3c\LAO(INF026)3c 07 Food and Cooking.mp3"/>
	<entry id="3060260303" project="LAO" informant="INF026" reel="3c" region="0" narrative="_I" label="Metadata" state="OK" sex="F" age="73" age_level="3" education="2" town="Doby" county="Harper" land_regions="D" locality="R" date="1962" latitude="36.81218" longitude="-99.76448" file_name="LAO(INF026)3cmeta.txt" path_to_file="LAP\Projects\LAO\Speakers\LAO(INF026)\Audio\LAO(INF026)3c\LAO(INF026)3cmeta.txt"/>
	<entry id="1060260401" project="LAO" informant="INF026" reel="4a" region="1" narrative="_Q" label="Inaudible" state="OK" sex="F" age="73" age_level="3" education="2" town="Doby" county="Harper" land_regions="D" locality="R" date="1962" latitude="36.81218" longitude="-99.76448" file_name="LAO(INF026)4a 01 Inaudible.mp3" path_to_file="LAP\Projects\LAO\Speakers\LAO(INF026)\Audio\LAO(INF026)4a\LAO(INF026)4a 01 Inaudible.mp3"/>
	<entry id="1060260402" project="LAO" informant="INF026" reel="4a" region="2" narrative="_Q" label="Inaudible" state="OK" sex="F" age="73" age_level="3" education="2" town="Doby" county="Harper" land_regions="D" locality="R" date="1962" latitude="36.81218" longitude="-99.76448" file_name="LAO(INF026)4a 02 Inaudible.mp3" path_to_file="LAP\Projects\LAO\Speakers\LAO(INF026)\Audio\LAO(INF026)4a\LAO(INF026)4a 02 Inaudible.mp3"/>
	<entry id="1060260403" project="LAO" informant="INF026" reel="4a" region="3" narrative="_Q" label="Inaudible" state="OK" sex="F" age="73" age_level="3" education="2" town="Doby" county="Harper" land_regions="D" locality="R" date="1962" latitude="36.81218" longitude="-99.76448" file_name="LAO(INF026)4a 03 Inaudible.mp3" path_to_file="LAP\Projects\LAO\Speakers\LAO(INF026)\Audio\LAO(INF026)4a\LAO(INF026)4a 03 Inaudible.mp3"/>
	<entry id="1060260404" project="LAO" informant="INF026" reel="4a" region="4" narrative="_Q" label="Inaudible" state="OK" sex="F" age="73" age_level="3" education="2" town="Doby" county="Harper" land_regions="D" locality="R" date="1962" latitude="36.81218" longitude="-99.76448" file_name="LAO(INF026)4a 04 Inaudible.mp3" path_to_file="LAP\Projects\LAO\Speakers\LAO(INF026)\Audio\LAO(INF026)4a\LAO(INF026)4a 04 Inaudible.mp3"/>
	<entry id="1060260405" project="LAO" informant="INF026" reel="4a" region="5" narrative="_Q" label="Inaudible" state="OK" sex="F" age="73" age_level="3" education="2" town="Doby" county="Harper" land_regions="D" locality="R" date="1962" latitude="36.81218" longitude="-99.76448" file_name="LAO(INF026)4a 05 Inaudible.mp3" path_to_file="LAP\Projects\LAO\Speakers\LAO(INF026)\Audio\LAO(INF026)4a\LAO(INF026)4a 05 Inaudible.mp3"/>
	<entry id="1060260406" project="LAO" informant="INF026" reel="4a" region="6" narrative="_Q" label="Inaudible" state="OK" sex="F" age="73" age_level="3" education="2" town="Doby" county="Harper" land_regions="D" locality="R" date="1962" latitude="36.81218" longitude="-99.76448" file_name="LAO(INF026)4a 06 Inaudible.mp3" path_to_file="LAP\Projects\LAO\Speakers\LAO(INF026)\Audio\LAO(INF026)4a\LAO(INF026)4a 06 Inaudible.mp3"/>
	<entry id="1060260407" project="LAO" informant="INF026" reel="4a" region="7" narrative="_Q" label="Inaudible" state="OK" sex="F" age="73" age_level="3" education="2" town="Doby" county="Harper" land_regions="D" locality="R" date="1962" latitude="36.81218" longitude="-99.76448" file_name="LAO(INF026)4a 07 Inaudible.mp3" path_to_file="LAP\Projects\LAO\Speakers\LAO(INF026)\Audio\LAO(INF026)4a\LAO(INF026)4a 07 Inaudible.mp3"/>
	<entry id="3060260401" project="LAO" informant="INF026" reel="4a" region="0" narrative="_I" label="Metadata" state="OK" sex="F" age="73" age_level="3" education="2" town="Doby" county="Harper" land_regions="D" locality="R" date="1962" latitude="36.81218" longitude="-99.76448" file_name="LAO(INF026)4ameta.txt" path_to_file="LAP\Projects\LAO\Speakers\LAO(INF026)\Audio\LAO(INF026)4a\LAO(INF026)4ameta.txt"/>
	<entry id="1060260408" project="LAO" informant="INF026" reel="4b" region="1" narrative="_Q" label="Inaudible" state="OK" sex="F" age="73" age_level="3" education="2" town="Doby" county="Harper" land_regions="D" locality="R" date="1962" latitude="36.81218" longitude="-99.76448" file_name="LAO(INF026)4b 01 Inaudible.mp3" path_to_file="LAP\Projects\LAO\Speakers\LAO(INF026)\Audio\LAO(INF026)4b\LAO(INF026)4b 01 Inaudible.mp3"/>
	<entry id="1060260409" project="LAO" informant="INF026" reel="4b" region="2" narrative="_Q" label="Inaudible" state="OK" sex="F" age="73" age_level="3" education="2" town="Doby" county="Harper" land_regions="D" locality="R" date="1962" latitude="36.81218" longitude="-99.76448" file_name="LAO(INF026)4b 02 Inaudible.mp3" path_to_file="LAP\Projects\LAO\Speakers\LAO(INF026)\Audio\LAO(INF026)4b\LAO(INF026)4b 02 Inaudible.mp3"/>
	<entry id="1060260410" project="LAO" informant="INF026" reel="4b" region="3" narrative="_Q" label="Inaudible" state="OK" sex="F" age="73" age_level="3" education="2" town="Doby" county="Harper" land_regions="D" locality="R" date="1962" latitude="36.81218" longitude="-99.76448" file_name="LAO(INF026)4b 03 Inaudible.mp3" path_to_file="LAP\Projects\LAO\Speakers\LAO(INF026)\Audio\LAO(INF026)4b\LAO(INF026)4b 03 Inaudible.mp3"/>
	<entry id="1060260411" project="LAO" informant="INF026" reel="4b" region="4" narrative="_Q" label="Inaudible" state="OK" sex="F" age="73" age_level="3" education="2" town="Doby" county="Harper" land_regions="D" locality="R" date="1962" latitude="36.81218" longitude="-99.76448" file_name="LAO(INF026)4b 04 Inaudible.mp3" path_to_file="LAP\Projects\LAO\Speakers\LAO(INF026)\Audio\LAO(INF026)4b\LAO(INF026)4b 04 Inaudible.mp3"/>
	<entry id="1060260412" project="LAO" informant="INF026" reel="4b" region="5" narrative="_Q" label="Inaudible" state="OK" sex="F" age="73" age_level="3" education="2" town="Doby" county="Harper" land_regions="D" locality="R" date="1962" latitude="36.81218" longitude="-99.76448" file_name="LAO(INF026)4b 05 Inaudible.mp3" path_to_file="LAP\Projects\LAO\Speakers\LAO(INF026)\Audio\LAO(INF026)4b\LAO(INF026)4b 05 Inaudible.mp3"/>
	<entry id="1060260413" project="LAO" informant="INF026" reel="4b" region="6" narrative="_Q" label="Inaudible" state="OK" sex="F" age="73" age_level="3" education="2" town="Doby" county="Harper" land_regions="D" locality="R" date="1962" latitude="36.81218" longitude="-99.76448" file_name="LAO(INF026)4b 06 Inaudible.mp3" path_to_file="LAP\Projects\LAO\Speakers\LAO(INF026)\Audio\LAO(INF026)4b\LAO(INF026)4b 06 Inaudible.mp3"/>
	<entry id="1060260414" project="LAO" informant="INF026" reel="4b" region="7" narrative="_Q" label="Inaudible" state="OK" sex="F" age="73" age_level="3" education="2" town="Doby" county="Harper" land_regions="D" locality="R" date="1962" latitude="36.81218" longitude="-99.76448" file_name="LAO(INF026)4b 07 Inaudible.mp3" path_to_file="LAP\Projects\LAO\Speakers\LAO(INF026)\Audio\LAO(INF026)4b\LAO(INF026)4b 07 Inaudible.mp3"/>
	<entry id="3060260402" project="LAO" informant="INF026" reel="4b" region="0" narrative="_I" label="Metadata" state="OK" sex="F" age="73" age_level="3" education="2" town="Doby" county="Harper" land_regions="D" locality="R" date="1962" latitude="36.81218" longitude="-99.76448" file_name="LAO(INF026)4bmeta.txt" path_to_file="LAP\Projects\LAO\Speakers\LAO(INF026)\Audio\LAO(INF026)4b\LAO(INF026)4bmeta.txt"/>
	<entry id="1060260415" project="LAO" informant="INF026" reel="4c" region="1" narrative="_Q" label="Inaudible" state="OK" sex="F" age="73" age_level="3" education="2" town="Doby" county="Harper" land_regions="D" locality="R" date="1962" latitude="36.81218" longitude="-99.76448" file_name="LAO(INF026)4c 01 Inaudible.mp3" path_to_file="LAP\Projects\LAO\Speakers\LAO(INF026)\Audio\LAO(INF026)4c\LAO(INF026)4c 01 Inaudible.mp3"/>
	<entry id="1060260416" project="LAO" informant="INF026" reel="4c" region="2" narrative="_Q" label="Inaudible" state="OK" sex="F" age="73" age_level="3" education="2" town="Doby" county="Harper" land_regions="D" locality="R" date="1962" latitude="36.81218" longitude="-99.76448" file_name="LAO(INF026)4c 02 Inaudible.mp3" path_to_file="LAP\Projects\LAO\Speakers\LAO(INF026)\Audio\LAO(INF026)4c\LAO(INF026)4c 02 Inaudible.mp3"/>
	<entry id="1060260417" project="LAO" informant="INF026" reel="4c" region="3" narrative="_Q" label="Inaudible" state="OK" sex="F" age="73" age_level="3" education="2" town="Doby" county="Harper" land_regions="D" locality="R" date="1962" latitude="36.81218" longitude="-99.76448" file_name="LAO(INF026)4c 03 Inaudible.mp3" path_to_file="LAP\Projects\LAO\Speakers\LAO(INF026)\Audio\LAO(INF026)4c\LAO(INF026)4c 03 Inaudible.mp3"/>
	<entry id="1060260418" project="LAO" informant="INF026" reel="4c" region="4" narrative="_Q" label="Inaudible" state="OK" sex="F" age="73" age_level="3" education="2" town="Doby" county="Harper" land_regions="D" locality="R" date="1962" latitude="36.81218" longitude="-99.76448" file_name="LAO(INF026)4c 04 Inaudible.mp3" path_to_file="LAP\Projects\LAO\Speakers\LAO(INF026)\Audio\LAO(INF026)4c\LAO(INF026)4c 04 Inaudible.mp3"/>
	<entry id="1060260419" project="LAO" informant="INF026" reel="4c" region="5" narrative="_Q" label="Inaudible" state="OK" sex="F" age="73" age_level="3" education="2" town="Doby" county="Harper" land_regions="D" locality="R" date="1962" latitude="36.81218" longitude="-99.76448" file_name="LAO(INF026)4c 05 Inaudible.mp3" path_to_file="LAP\Projects\LAO\Speakers\LAO(INF026)\Audio\LAO(INF026)4c\LAO(INF026)4c 05 Inaudible.mp3"/>
	<entry id="1060260420" project="LAO" informant="INF026" reel="4c" region="6" narrative="_Q" label="Inaudible" state="OK" sex="F" age="73" age_level="3" education="2" town="Doby" county="Harper" land_regions="D" locality="R" date="1962" latitude="36.81218" longitude="-99.76448" file_name="LAO(INF026)4c 06 Inaudible.mp3" path_to_file="LAP\Projects\LAO\Speakers\LAO(INF026)\Audio\LAO(INF026)4c\LAO(INF026)4c 06 Inaudible.mp3"/>
	<entry id="1060260421" project="LAO" informant="INF026" reel="4c" region="7" narrative="_Q" label="Inaudible" state="OK" sex="F" age="73" age_level="3" education="2" town="Doby" county="Harper" land_regions="D" locality="R" date="1962" latitude="36.81218" longitude="-99.76448" file_name="LAO(INF026)4c 07 Inaudible.mp3" path_to_file="LAP\Projects\LAO\Speakers\LAO(INF026)\Audio\LAO(INF026)4c\LAO(INF026)4c 07 Inaudible.mp3"/>
	<entry id="3060260403" project="LAO" informant="INF026" reel="4c" region="0" narrative="_I" label="Metadata" state="OK" sex="F" age="73" age_level="3" education="2" town="Doby" county="Harper" land_regions="D" locality="R" date="1962" latitude="36.81218" longitude="-99.76448" file_name="LAO(INF026)4cmeta.txt" path_to_file="LAP\Projects\LAO\Speakers\LAO(INF026)\Audio\LAO(INF026)4c\LAO(INF026)4cmeta.txt"/>
	<entry id="1060260501" project="LAO" informant="INF026" reel="5a" region="1" narrative="_Q" label="Sport and Play" state="OK" sex="F" age="73" age_level="3" education="2" town="Doby" county="Harper" land_regions="D" locality="R" date="1962" latitude="36.81218" longitude="-99.76448" file_name="LAO(INF026)5a 01 Sport and Play.mp3" path_to_file="LAP\Projects\LAO\Speakers\LAO(INF026)\Audio\LAO(INF026)5a\LAO(INF026)5a 01 Sport and Play.mp3"/>
	<entry id="1060260502" project="LAO" informant="INF026" reel="5a" region="2" narrative="_Q" label="Food and Cooking" state="OK" sex="F" age="73" age_level="3" education="2" town="Doby" county="Harper" land_regions="D" locality="R" date="1962" latitude="36.81218" longitude="-99.76448" file_name="LAO(INF026)5a 02 Food and Cooking.mp3" path_to_file="LAP\Projects\LAO\Speakers\LAO(INF026)\Audio\LAO(INF026)5a\LAO(INF026)5a 02 Food and Cooking.mp3"/>
	<entry id="1060260503" project="LAO" informant="INF026" reel="5a" region="3" narrative="_Q" label="Food and Cooking" state="OK" sex="F" age="73" age_level="3" education="2" town="Doby" county="Harper" land_regions="D" locality="R" date="1962" latitude="36.81218" longitude="-99.76448" file_name="LAO(INF026)5a 03 Food and Cooking.mp3" path_to_file="LAP\Projects\LAO\Speakers\LAO(INF026)\Audio\LAO(INF026)5a\LAO(INF026)5a 03 Food and Cooking.mp3"/>
	<entry id="1060260504" project="LAO" informant="INF026" reel="5a" region="4" narrative="_Q" label="Containers and Utensils" state="OK" sex="F" age="73" age_level="3" education="2" town="Doby" county="Harper" land_regions="D" locality="R" date="1962" latitude="36.81218" longitude="-99.76448" file_name="LAO(INF026)5a 04 Containers and Utensils.mp3" path_to_file="LAP\Projects\LAO\Speakers\LAO(INF026)\Audio\LAO(INF026)5a\LAO(INF026)5a 04 Containers and Utensils.mp3"/>
	<entry id="1060260505" project="LAO" informant="INF026" reel="5a" region="5" narrative="_Q" label="Vegetables" state="OK" sex="F" age="73" age_level="3" education="2" town="Doby" county="Harper" land_regions="D" locality="R" date="1962" latitude="36.81218" longitude="-99.76448" file_name="LAO(INF026)5a 05 Vegetables.mp3" path_to_file="LAP\Projects\LAO\Speakers\LAO(INF026)\Audio\LAO(INF026)5a\LAO(INF026)5a 05 Vegetables.mp3"/>
	<entry id="1060260506" project="LAO" informant="INF026" reel="5a" region="6" narrative="_Q" label="Vegetables" state="OK" sex="F" age="73" age_level="3" education="2" town="Doby" county="Harper" land_regions="D" locality="R" date="1962" latitude="36.81218" longitude="-99.76448" file_name="LAO(INF026)5a 06 Vegetables.mp3" path_to_file="LAP\Projects\LAO\Speakers\LAO(INF026)\Audio\LAO(INF026)5a\LAO(INF026)5a 06 Vegetables.mp3"/>
	<entry id="1060260507" project="LAO" informant="INF026" reel="5a" region="7" narrative="_Q" label="Vegetables" state="OK" sex="F" age="73" age_level="3" education="2" town="Doby" county="Harper" land_regions="D" locality="R" date="1962" latitude="36.81218" longitude="-99.76448" file_name="LAO(INF026)5a 07 Vegetables.mp3" path_to_file="LAP\Projects\LAO\Speakers\LAO(INF026)\Audio\LAO(INF026)5a\LAO(INF026)5a 07 Vegetables.mp3"/>
	<entry id="3060260501" project="LAO" informant="INF026" reel="5a" region="0" narrative="_I" label="Metadata" state="OK" sex="F" age="73" age_level="3" education="2" town="Doby" county="Harper" land_regions="D" locality="R" date="1962" latitude="36.81218" longitude="-99.76448" file_name="LAO(INF026)5ameta.txt" path_to_file="LAP\Projects\LAO\Speakers\LAO(INF026)\Audio\LAO(INF026)5a\LAO(INF026)5ameta.txt"/>
	<entry id="1060260508" project="LAO" informant="INF026" reel="5b" region="1" narrative="_Q" label="Sport and Play" state="OK" sex="F" age="73" age_level="3" education="2" town="Doby" county="Harper" land_regions="D" locality="R" date="1962" latitude="36.81218" longitude="-99.76448" file_name="LAO(INF026)5b 01 Sport and Play.mp3" path_to_file="LAP\Projects\LAO\Speakers\LAO(INF026)\Audio\LAO(INF026)5b\LAO(INF026)5b 01 Sport and Play.mp3"/>
	<entry id="1060260509" project="LAO" informant="INF026" reel="5b" region="2" narrative="_Q" label="Illness and Death" state="OK" sex="F" age="73" age_level="3" education="2" town="Doby" county="Harper" land_regions="D" locality="R" date="1962" latitude="36.81218" longitude="-99.76448" file_name="LAO(INF026)5b 02 Illness and Death.mp3" path_to_file="LAP\Projects\LAO\Speakers\LAO(INF026)\Audio\LAO(INF026)5b\LAO(INF026)5b 02 Illness and Death.mp3"/>
	<entry id="1060260510" project="LAO" informant="INF026" reel="5b" region="3" narrative="_Q" label="Wild Animals" state="OK" sex="F" age="73" age_level="3" education="2" town="Doby" county="Harper" land_regions="D" locality="R" date="1962" latitude="36.81218" longitude="-99.76448" file_name="LAO(INF026)5b 03 Wild Animals.mp3" path_to_file="LAP\Projects\LAO\Speakers\LAO(INF026)\Audio\LAO(INF026)5b\LAO(INF026)5b 03 Wild Animals.mp3"/>
	<entry id="1060260511" project="LAO" informant="INF026" reel="5b" region="4" narrative="_Q" label="Wild Animals" state="OK" sex="F" age="73" age_level="3" education="2" town="Doby" county="Harper" land_regions="D" locality="R" date="1962" latitude="36.81218" longitude="-99.76448" file_name="LAO(INF026)5b 04 Wild Animals.mp3" path_to_file="LAP\Projects\LAO\Speakers\LAO(INF026)\Audio\LAO(INF026)5b\LAO(INF026)5b 04 Wild Animals.mp3"/>
	<entry id="1060260512" project="LAO" informant="INF026" reel="5b" region="5" narrative="_Q" label="Wild Animals" state="OK" sex="F" age="73" age_level="3" education="2" town="Doby" county="Harper" land_regions="D" locality="R" date="1962" latitude="36.81218" longitude="-99.76448" file_name="LAO(INF026)5b 05 Wild Animals.mp3" path_to_file="LAP\Projects\LAO\Speakers\LAO(INF026)\Audio\LAO(INF026)5b\LAO(INF026)5b 05 Wild Animals.mp3"/>
	<entry id="1060260513" project="LAO" informant="INF026" reel="5b" region="6" narrative="_Q" label="Wild Animals" state="OK" sex="F" age="73" age_level="3" education="2" town="Doby" county="Harper" land_regions="D" locality="R" date="1962" latitude="36.81218" longitude="-99.76448" file_name="LAO(INF026)5b 06 Wild Animals.mp3" path_to_file="LAP\Projects\LAO\Speakers\LAO(INF026)\Audio\LAO(INF026)5b\LAO(INF026)5b 06 Wild Animals.mp3"/>
	<entry id="1060260514" project="LAO" informant="INF026" reel="5b" region="7" narrative="_Q" label="Wild Animals" state="OK" sex="F" age="73" age_level="3" education="2" town="Doby" county="Harper" land_regions="D" locality="R" date="1962" latitude="36.81218" longitude="-99.76448" file_name="LAO(INF026)5b 07 Wild Animals.mp3" path_to_file="LAP\Projects\LAO\Speakers\LAO(INF026)\Audio\LAO(INF026)5b\LAO(INF026)5b 07 Wild Animals.mp3"/>
	<entry id="3060260502" project="LAO" informant="INF026" reel="5b" region="0" narrative="_I" label="Metadata" state="OK" sex="F" age="73" age_level="3" education="2" town="Doby" county="Harper" land_regions="D" locality="R" date="1962" latitude="36.81218" longitude="-99.76448" file_name="LAO(INF026)5bmeta.txt" path_to_file="LAP\Projects\LAO\Speakers\LAO(INF026)\Audio\LAO(INF026)5b\LAO(INF026)5bmeta.txt"/>
	<entry id="1060260515" project="LAO" informant="INF026" reel="5c" region="1" narrative="_Q" label="Trees and Shrubs" state="OK" sex="F" age="73" age_level="3" education="2" town="Doby" county="Harper" land_regions="D" locality="R" date="1962" latitude="36.81218" longitude="-99.76448" file_name="LAO(INF026)5c 01 Trees and Shrubs.mp3" path_to_file="LAP\Projects\LAO\Speakers\LAO(INF026)\Audio\LAO(INF026)5c\LAO(INF026)5c 01 Trees and Shrubs.mp3"/>
	<entry id="1060260516" project="LAO" informant="INF026" reel="5c" region="2" narrative="_Q" label="Verbs_Principal Parts" state="OK" sex="F" age="73" age_level="3" education="2" town="Doby" county="Harper" land_regions="D" locality="R" date="1962" latitude="36.81218" longitude="-99.76448" file_name="LAO(INF026)5c 02 Verbs_Principal Parts.mp3" path_to_file="LAP\Projects\LAO\Speakers\LAO(INF026)\Audio\LAO(INF026)5c\LAO(INF026)5c 02 Verbs_Principal Parts.mp3"/>
	<entry id="1060260517" project="LAO" informant="INF026" reel="5c" region="3" narrative="_Q" label="Family" state="OK" sex="F" age="73" age_level="3" education="2" town="Doby" county="Harper" land_regions="D" locality="R" date="1962" latitude="36.81218" longitude="-99.76448" file_name="LAO(INF026)5c 03 Family.mp3" path_to_file="LAP\Projects\LAO\Speakers\LAO(INF026)\Audio\LAO(INF026)5c\LAO(INF026)5c 03 Family.mp3"/>
	<entry id="1060260518" project="LAO" informant="INF026" reel="5c" region="4" narrative="_Q" label="Names, Titles and Occupations" state="OK" sex="F" age="73" age_level="3" education="2" town="Doby" county="Harper" land_regions="D" locality="R" date="1962" latitude="36.81218" longitude="-99.76448" file_name="LAO(INF026)5c 04 Names, Titles and Occupations.mp3" path_to_file="LAP\Projects\LAO\Speakers\LAO(INF026)\Audio\LAO(INF026)5c\LAO(INF026)5c 04 Names, Titles and Occupations.mp3"/>
	<entry id="1060260519" project="LAO" informant="INF026" reel="5c" region="5" narrative="_Q" label="Body Parts" state="OK" sex="F" age="73" age_level="3" education="2" town="Doby" county="Harper" land_regions="D" locality="R" date="1962" latitude="36.81218" longitude="-99.76448" file_name="LAO(INF026)5c 05 Body Parts.mp3" path_to_file="LAP\Projects\LAO\Speakers\LAO(INF026)\Audio\LAO(INF026)5c\LAO(INF026)5c 05 Body Parts.mp3"/>
	<entry id="1060260520" project="LAO" informant="INF026" reel="5c" region="6" narrative="_Q" label="Names, Titles and Occupations" state="OK" sex="F" age="73" age_level="3" education="2" town="Doby" county="Harper" land_regions="D" locality="R" date="1962" latitude="36.81218" longitude="-99.76448" file_name="LAO(INF026)5c 06 Names, Titles and Occupations.mp3" path_to_file="LAP\Projects\LAO\Speakers\LAO(INF026)\Audio\LAO(INF026)5c\LAO(INF026)5c 06 Names, Titles and Occupations.mp3"/>
	<entry id="1060260521" project="LAO" informant="INF026" reel="5c" region="7" narrative="_Q" label="Illness and Death" state="OK" sex="F" age="73" age_level="3" education="2" town="Doby" county="Harper" land_regions="D" locality="R" date="1962" latitude="36.81218" longitude="-99.76448" file_name="LAO(INF026)5c 07 Illness and Death.mp3" path_to_file="LAP\Projects\LAO\Speakers\LAO(INF026)\Audio\LAO(INF026)5c\LAO(INF026)5c 07 Illness and Death.mp3"/>
	<entry id="3060260503" project="LAO" informant="INF026" reel="5c" region="0" narrative="_I" label="Metadata" state="OK" sex="F" age="73" age_level="3" education="2" town="Doby" county="Harper" land_regions="D" locality="R" date="1962" latitude="36.81218" longitude="-99.76448" file_name="LAO(INF026)5cmeta.txt" path_to_file="LAP\Projects\LAO\Speakers\LAO(INF026)\Audio\LAO(INF026)5c\LAO(INF026)5cmeta.txt"/>
	<entry id="1060260601" project="LAO" informant="INF026" reel="6a" region="1" narrative="_Q" label="Illness and Death" state="OK" sex="F" age="73" age_level="3" education="2" town="Doby" county="Harper" land_regions="D" locality="R" date="1962" latitude="36.81218" longitude="-99.76448" file_name="LAO(INF026)6a 01 Illness and Death.mp3" path_to_file="LAP\Projects\LAO\Speakers\LAO(INF026)\Audio\LAO(INF026)6a\LAO(INF026)6a 01 Illness and Death.mp3"/>
	<entry id="1060260602" project="LAO" informant="INF026" reel="6a" region="2" narrative="_Q" label="Weather" state="OK" sex="F" age="73" age_level="3" education="2" town="Doby" county="Harper" land_regions="D" locality="R" date="1962" latitude="36.81218" longitude="-99.76448" file_name="LAO(INF026)6a 02 Weather.mp3" path_to_file="LAP\Projects\LAO\Speakers\LAO(INF026)\Audio\LAO(INF026)6a\LAO(INF026)6a 02 Weather.mp3"/>
	<entry id="1060260603" project="LAO" informant="INF026" reel="6a" region="3" narrative="_Q" label="Illness and Death" state="OK" sex="F" age="73" age_level="3" education="2" town="Doby" county="Harper" land_regions="D" locality="R" date="1962" latitude="36.81218" longitude="-99.76448" file_name="LAO(INF026)6a 03 Illness and Death.mp3" path_to_file="LAP\Projects\LAO\Speakers\LAO(INF026)\Audio\LAO(INF026)6a\LAO(INF026)6a 03 Illness and Death.mp3"/>
	<entry id="1060260604" project="LAO" informant="INF026" reel="6a" region="4" narrative="_Q" label="Sport and Play" state="OK" sex="F" age="73" age_level="3" education="2" town="Doby" county="Harper" land_regions="D" locality="R" date="1962" latitude="36.81218" longitude="-99.76448" file_name="LAO(INF026)6a 04 Sport and Play.mp3" path_to_file="LAP\Projects\LAO\Speakers\LAO(INF026)\Audio\LAO(INF026)6a\LAO(INF026)6a 04 Sport and Play.mp3"/>
	<entry id="1060260605" project="LAO" informant="INF026" reel="6a" region="5" narrative="_Q" label="Verbs_Principal Parts" state="OK" sex="F" age="73" age_level="3" education="2" town="Doby" county="Harper" land_regions="D" locality="R" date="1962" latitude="36.81218" longitude="-99.76448" file_name="LAO(INF026)6a 05 Verbs_Principal Parts.mp3" path_to_file="LAP\Projects\LAO\Speakers\LAO(INF026)\Audio\LAO(INF026)6a\LAO(INF026)6a 05 Verbs_Principal Parts.mp3"/>
	<entry id="1060260606" project="LAO" informant="INF026" reel="6a" region="6" narrative="_Q" label="Illness and Death" state="OK" sex="F" age="73" age_level="3" education="2" town="Doby" county="Harper" land_regions="D" locality="R" date="1962" latitude="36.81218" longitude="-99.76448" file_name="LAO(INF026)6a 06 Illness and Death.mp3" path_to_file="LAP\Projects\LAO\Speakers\LAO(INF026)\Audio\LAO(INF026)6a\LAO(INF026)6a 06 Illness and Death.mp3"/>
	<entry id="1060260607" project="LAO" informant="INF026" reel="6a" region="7" narrative="_Q" label="Illness and Death" state="OK" sex="F" age="73" age_level="3" education="2" town="Doby" county="Harper" land_regions="D" locality="R" date="1962" latitude="36.81218" longitude="-99.76448" file_name="LAO(INF026)6a 07 Illness and Death.mp3" path_to_file="LAP\Projects\LAO\Speakers\LAO(INF026)\Audio\LAO(INF026)6a\LAO(INF026)6a 07 Illness and Death.mp3"/>
	<entry id="3060260601" project="LAO" informant="INF026" reel="6a" region="0" narrative="_I" label="Metadata" state="OK" sex="F" age="73" age_level="3" education="2" town="Doby" county="Harper" land_regions="D" locality="R" date="1962" latitude="36.81218" longitude="-99.76448" file_name="LAO(INF026)6ameta.txt" path_to_file="LAP\Projects\LAO\Speakers\LAO(INF026)\Audio\LAO(INF026)6a\LAO(INF026)6ameta.txt"/>
	<entry id="1060260608" project="LAO" informant="INF026" reel="6b" region="1" narrative="_Q" label="Geography" state="OK" sex="F" age="73" age_level="3" education="2" town="Doby" county="Harper" land_regions="D" locality="R" date="1962" latitude="36.81218" longitude="-99.76448" file_name="LAO(INF026)6b 01 Geography.mp3" path_to_file="LAP\Projects\LAO\Speakers\LAO(INF026)\Audio\LAO(INF026)6b\LAO(INF026)6b 01 Geography.mp3"/>
	<entry id="1060260609" project="LAO" informant="INF026" reel="6b" region="2" narrative="_Q" label="Religion" state="OK" sex="F" age="73" age_level="3" education="2" town="Doby" county="Harper" land_regions="D" locality="R" date="1962" latitude="36.81218" longitude="-99.76448" file_name="LAO(INF026)6b 02 Religion.mp3" path_to_file="LAP\Projects\LAO\Speakers\LAO(INF026)\Audio\LAO(INF026)6b\LAO(INF026)6b 02 Religion.mp3"/>
	<entry id="1060260610" project="LAO" informant="INF026" reel="6b" region="3" narrative="_Q" label="Greetings and Salutations" state="OK" sex="F" age="73" age_level="3" education="2" town="Doby" county="Harper" land_regions="D" locality="R" date="1962" latitude="36.81218" longitude="-99.76448" file_name="LAO(INF026)6b 03 Greetings and Salutations.mp3" path_to_file="LAP\Projects\LAO\Speakers\LAO(INF026)\Audio\LAO(INF026)6b\LAO(INF026)6b 03 Greetings and Salutations.mp3"/>
	<entry id="1060260611" project="LAO" informant="INF026" reel="6b" region="4" narrative="_Q" label="Public Institutions" state="OK" sex="F" age="73" age_level="3" education="2" town="Doby" county="Harper" land_regions="D" locality="R" date="1962" latitude="36.81218" longitude="-99.76448" file_name="LAO(INF026)6b 04 Public Institutions.mp3" path_to_file="LAP\Projects\LAO\Speakers\LAO(INF026)\Audio\LAO(INF026)6b\LAO(INF026)6b 04 Public Institutions.mp3"/>
	<entry id="1060260612" project="LAO" informant="INF026" reel="6b" region="5" narrative="_Q" label="Sport and Play" state="OK" sex="F" age="73" age_level="3" education="2" town="Doby" county="Harper" land_regions="D" locality="R" date="1962" latitude="36.81218" longitude="-99.76448" file_name="LAO(INF026)6b 05 Sport and Play.mp3" path_to_file="LAP\Projects\LAO\Speakers\LAO(INF026)\Audio\LAO(INF026)6b\LAO(INF026)6b 05 Sport and Play.mp3"/>
	<entry id="1060260613" project="LAO" informant="INF026" reel="6b" region="6" narrative="_Q" label="The Farm" state="OK" sex="F" age="73" age_level="3" education="2" town="Doby" county="Harper" land_regions="D" locality="R" date="1962" latitude="36.81218" longitude="-99.76448" file_name="LAO(INF026)6b 06 The Farm.mp3" path_to_file="LAP\Projects\LAO\Speakers\LAO(INF026)\Audio\LAO(INF026)6b\LAO(INF026)6b 06 The Farm.mp3"/>
	<entry id="1060260614" project="LAO" informant="INF026" reel="6b" region="7" narrative="_Q" label="Sport and Play" state="OK" sex="F" age="73" age_level="3" education="2" town="Doby" county="Harper" land_regions="D" locality="R" date="1962" latitude="36.81218" longitude="-99.76448" file_name="LAO(INF026)6b 07 Sport and Play.mp3" path_to_file="LAP\Projects\LAO\Speakers\LAO(INF026)\Audio\LAO(INF026)6b\LAO(INF026)6b 07 Sport and Play.mp3"/>
	<entry id="3060260602" project="LAO" informant="INF026" reel="6b" region="0" narrative="_I" label="Metadata" state="OK" sex="F" age="73" age_level="3" education="2" town="Doby" county="Harper" land_regions="D" locality="R" date="1962" latitude="36.81218" longitude="-99.76448" file_name="LAO(INF026)6bmeta.txt" path_to_file="LAP\Projects\LAO\Speakers\LAO(INF026)\Audio\LAO(INF026)6b\LAO(INF026)6bmeta.txt"/>
	<entry id="1060260615" project="LAO" informant="INF026" reel="6c" region="1" narrative="_Q" label="Domestic Animals" state="OK" sex="F" age="73" age_level="3" education="2" town="Doby" county="Harper" land_regions="D" locality="R" date="1962" latitude="36.81218" longitude="-99.76448" file_name="LAO(INF026)6c 01 Domestic Animals.mp3" path_to_file="LAP\Projects\LAO\Speakers\LAO(INF026)\Audio\LAO(INF026)6c\LAO(INF026)6c 01 Domestic Animals.mp3"/>
	<entry id="1060260616" project="LAO" informant="INF026" reel="6c" region="2" narrative="_Q" label="Sport and Play" state="OK" sex="F" age="73" age_level="3" education="2" town="Doby" county="Harper" land_regions="D" locality="R" date="1962" latitude="36.81218" longitude="-99.76448" file_name="LAO(INF026)6c 02 Sport and Play.mp3" path_to_file="LAP\Projects\LAO\Speakers\LAO(INF026)\Audio\LAO(INF026)6c\LAO(INF026)6c 02 Sport and Play.mp3"/>
	<entry id="1060260617" project="LAO" informant="INF026" reel="6c" region="3" narrative="_Q" label="Verbs_Principal Parts" state="OK" sex="F" age="73" age_level="3" education="2" town="Doby" county="Harper" land_regions="D" locality="R" date="1962" latitude="36.81218" longitude="-99.76448" file_name="LAO(INF026)6c 03 Verbs_Principal Parts.mp3" path_to_file="LAP\Projects\LAO\Speakers\LAO(INF026)\Audio\LAO(INF026)6c\LAO(INF026)6c 03 Verbs_Principal Parts.mp3"/>
	<entry id="1060260618" project="LAO" informant="INF026" reel="6c" region="4" narrative="_Q" label="Numerals" state="OK" sex="F" age="73" age_level="3" education="2" town="Doby" county="Harper" land_regions="D" locality="R" date="1962" latitude="36.81218" longitude="-99.76448" file_name="LAO(INF026)6c 04 Numerals.mp3" path_to_file="LAP\Projects\LAO\Speakers\LAO(INF026)\Audio\LAO(INF026)6c\LAO(INF026)6c 04 Numerals.mp3"/>
	<entry id="1060260619" project="LAO" informant="INF026" reel="6c" region="5" narrative="_Q" label="Time" state="OK" sex="F" age="73" age_level="3" education="2" town="Doby" county="Harper" land_regions="D" locality="R" date="1962" latitude="36.81218" longitude="-99.76448" file_name="LAO(INF026)6c 05 Time.mp3" path_to_file="LAP\Projects\LAO\Speakers\LAO(INF026)\Audio\LAO(INF026)6c\LAO(INF026)6c 05 Time.mp3"/>
	<entry id="1060260620" project="LAO" informant="INF026" reel="6c" region="6" narrative="_Q" label="Clothing" state="OK" sex="F" age="73" age_level="3" education="2" town="Doby" county="Harper" land_regions="D" locality="R" date="1962" latitude="36.81218" longitude="-99.76448" file_name="LAO(INF026)6c 06 Clothing.mp3" path_to_file="LAP\Projects\LAO\Speakers\LAO(INF026)\Audio\LAO(INF026)6c\LAO(INF026)6c 06 Clothing.mp3"/>
	<entry id="1060260621" project="LAO" informant="INF026" reel="6c" region="7" narrative="_Q" label="Weather" state="OK" sex="F" age="73" age_level="3" education="2" town="Doby" county="Harper" land_regions="D" locality="R" date="1962" latitude="36.81218" longitude="-99.76448" file_name="LAO(INF026)6c 07 Weather.mp3" path_to_file="LAP\Projects\LAO\Speakers\LAO(INF026)\Audio\LAO(INF026)6c\LAO(INF026)6c 07 Weather.mp3"/>
	<entry id="1060260622" project="LAO" informant="INF026" reel="6c" region="8" narrative="_Q" label="Verbs_Principal Parts" state="OK" sex="F" age="73" age_level="3" education="2" town="Doby" county="Harper" land_regions="D" locality="R" date="1962" latitude="36.81218" longitude="-99.76448" file_name="LAO(INF026)6c 08 Verbs_Principal Parts.mp3" path_to_file="LAP\Projects\LAO\Speakers\LAO(INF026)\Audio\LAO(INF026)6c\LAO(INF026)6c 08 Verbs_Principal Parts.mp3"/>
	<entry id="3060260603" project="LAO" informant="INF026" reel="6c" region="0" narrative="_I" label="Metadata" state="OK" sex="F" age="73" age_level="3" education="2" town="Doby" county="Harper" land_regions="D" locality="R" date="1962" latitude="36.81218" longitude="-99.76448" file_name="LAO(INF026)6ameta.txt" path_to_file="LAP\Projects\LAO\Speakers\LAO(INF026)\Audio\LAO(INF026)6c\LAO(INF026)6cmeta.txt"/>
	<entry id="3060260001" project="LAO" informant="INF026" reel="0" region="0" narrative="_I" label="Biographical Information" state="OK" sex="F" age="73" age_level="3" education="2" town="Doby" county="Harper" land_regions="D" locality="R" date="1962" latitude="36.81218" longitude="-99.76448" file_name="LAO(INF026)BIO.txt" path_to_file="LAP\Projects\LAO\Speakers\LAO(INF026)\Text\LAO(INF026)BIO.txt"/>
</Audio>