<?xml version="1.0" encoding="UTF-8" standalone="yes"?>
<Audio>
	<entry id="1060100101" project="LAO" informant="INF010" reel="1" region="1" narrative="_Q" label="Dwellings" state="OK" sex="M " age="66" age_level="3" education="4" town="Cordell" county="Washita" land_regions="D" locality="R" date="1962" latitude="35.29123" longitude="-98.98762" file_name="LAO(INF010)1a 01 Dwellings.mp3" path_to_file="LAP\Projects\LAO\Speakers\LAO(INF010)\Audio\LAO(INF010)1a\LAO(INF010)1a 01 Dwellings.mp3"/>
	<entry id="1060100102" project="LAO" informant="INF010" reel="1" region="2" narrative="_Q" label="Containers and Utensils" state="OK" sex="M " age="66" age_level="3" education="4" town="Cordell" county="Washita" land_regions="D" locality="R" date="1962" latitude="35.29123" longitude="-98.98762" file_name="LAO(INF010)1a 02 Containers and Utensils.mp3" path_to_file="LAP\Projects\LAO\Speakers\LAO(INF010)\Audio\LAO(INF010)1a\LAO(INF010)1a 02 Containers and Utensils.mp3"/>
	<entry id="1060100103" project="LAO" informant="INF010" reel="1" region="3" narrative="_Q" label="Dwellings" state="OK" sex="M " age="66" age_level="3" education="4" town="Cordell" county="Washita" land_regions="D" locality="R" date="1962" latitude="35.29123" longitude="-98.98762" file_name="LAO(INF010)1a 03 Dwellings.mp3" path_to_file="LAP\Projects\LAO\Speakers\LAO(INF010)\Audio\LAO(INF010)1a\LAO(INF010)1a 03 Dwellings.mp3"/>
	<entry id="1060100104" project="LAO" informant="INF010" reel="1" region="4" narrative="_Q" label="Dwellings" state="OK" sex="M " age="66" age_level="3" education="4" town="Cordell" county="Washita" land_regions="D" locality="R" date="1962" latitude="35.29123" longitude="-98.98762" file_name="LAO(INF010)1a 04 Dwellings.mp3" path_to_file="LAP\Projects\LAO\Speakers\LAO(INF010)\Audio\LAO(INF010)1a\LAO(INF010)1a 04 Dwellings.mp3"/>
	<entry id="1060100105" project="LAO" informant="INF010" reel="1" region="5" narrative="_N" label="Dwellings" state="OK" sex="M " age="66" age_level="3" education="4" town="Cordell" county="Washita" land_regions="D" locality="R" date="1962" latitude="35.29123" longitude="-98.98762" file_name="LAO(INF010)1a 05 Dwellings_N.mp3" path_to_file="LAP\Projects\LAO\Speakers\LAO(INF010)\Audio\LAO(INF010)1a\LAO(INF010)1a 05 Dwellings_N.mp3"/>
	<entry id="1060100106" project="LAO" informant="INF010" reel="1" region="6" narrative="_Q" label="Containers and Utensils" state="OK" sex="M " age="66" age_level="3" education="4" town="Cordell" county="Washita" land_regions="D" locality="R" date="1962" latitude="35.29123" longitude="-98.98762" file_name="LAO(INF010)1a 06 Containers and Utensils.mp3" path_to_file="LAP\Projects\LAO\Speakers\LAO(INF010)\Audio\LAO(INF010)1a\LAO(INF010)1a 06 Containers and Utensils.mp3"/>
	<entry id="1060100107" project="LAO" informant="INF010" reel="1" region="7" narrative="_Q" label="Dwellings" state="OK" sex="M " age="66" age_level="3" education="4" town="Cordell" county="Washita" land_regions="D" locality="R" date="1962" latitude="35.29123" longitude="-98.98762" file_name="LAO(INF010)1a 07 Dwellings.mp3" path_to_file="LAP\Projects\LAO\Speakers\LAO(INF010)\Audio\LAO(INF010)1a\LAO(INF010)1a 07 Dwellings.mp3"/>
	<entry id="3060100101" project="LAO" informant="INF010" reel="1" region="0" narrative="_I" label="Metadata" state="OK" sex="M " age="66" age_level="3" education="4" town="Cordell" county="Washita" land_regions="D" locality="R" date="1962" latitude="35.29123" longitude="-98.98762" file_name="LAO(INF010)1ameta.txt" path_to_file="LAP\Projects\LAO\Speakers\LAO(INF010)\Audio\LAO(INF010)1a\LAO(INF010)1ameta.txt"/>
	<entry id="1060100108" project="LAO" informant="INF010" reel="1" region="1" narrative="_Q" label="Dwellings" state="OK" sex="M " age="66" age_level="3" education="4" town="Cordell" county="Washita" land_regions="D" locality="R" date="1962" latitude="35.29123" longitude="-98.98762" file_name="LAO(INF010)1b 01 Dwellings.mp3" path_to_file="LAP\Projects\LAO\Speakers\LAO(INF010)\Audio\LAO(INF010)1b\LAO(INF010)1b 01 Dwellings.mp3"/>
	<entry id="1060100109" project="LAO" informant="INF010" reel="1" region="2" narrative="_Q" label="The Farm" state="OK" sex="M " age="66" age_level="3" education="4" town="Cordell" county="Washita" land_regions="D" locality="R" date="1962" latitude="35.29123" longitude="-98.98762" file_name="LAO(INF010)1b 02 The Farm.mp3" path_to_file="LAP\Projects\LAO\Speakers\LAO(INF010)\Audio\LAO(INF010)1b\LAO(INF010)1b 02 The Farm.mp3"/>
	<entry id="1060100110" project="LAO" informant="INF010" reel="1" region="3" narrative="_N" label="The Farm" state="OK" sex="M " age="66" age_level="3" education="4" town="Cordell" county="Washita" land_regions="D" locality="R" date="1962" latitude="35.29123" longitude="-98.98762" file_name="LAO(INF010)1b 03 The Farm_N.mp3" path_to_file="LAP\Projects\LAO\Speakers\LAO(INF010)\Audio\LAO(INF010)1b\LAO(INF010)1b 03 The Farm_N.mp3"/>
	<entry id="1060100111" project="LAO" informant="INF010" reel="1" region="4" narrative="_Q" label="The Farm" state="OK" sex="M " age="66" age_level="3" education="4" town="Cordell" county="Washita" land_regions="D" locality="R" date="1962" latitude="35.29123" longitude="-98.98762" file_name="LAO(INF010)1b 04 The Farm.mp3" path_to_file="LAP\Projects\LAO\Speakers\LAO(INF010)\Audio\LAO(INF010)1b\LAO(INF010)1b 04 The Farm.mp3"/>
	<entry id="1060100112" project="LAO" informant="INF010" reel="1" region="5" narrative="_Q" label="The Farm " state="OK" sex="M " age="66" age_level="3" education="4" town="Cordell" county="Washita" land_regions="D" locality="R" date="1962" latitude="35.29123" longitude="-98.98762" file_name="LAO(INF010)1b 05 The Farm .mp3" path_to_file="LAP\Projects\LAO\Speakers\LAO(INF010)\Audio\LAO(INF010)1b\LAO(INF010)1b 05 The Farm .mp3"/>
	<entry id="1060100113" project="LAO" informant="INF010" reel="1" region="6" narrative="_Q" label="The Farm" state="OK" sex="M " age="66" age_level="3" education="4" town="Cordell" county="Washita" land_regions="D" locality="R" date="1962" latitude="35.29123" longitude="-98.98762" file_name="LAO(INF010)1b 06 The Farm.mp3" path_to_file="LAP\Projects\LAO\Speakers\LAO(INF010)\Audio\LAO(INF010)1b\LAO(INF010)1b 06 The Farm.mp3"/>
	<entry id="1060100114" project="LAO" informant="INF010" reel="1" region="7" narrative="_Q" label="Containers and Utensils" state="OK" sex="M " age="66" age_level="3" education="4" town="Cordell" county="Washita" land_regions="D" locality="R" date="1962" latitude="35.29123" longitude="-98.98762" file_name="LAO(INF010)1b 07 Containers and Utensils.mp3" path_to_file="LAP\Projects\LAO\Speakers\LAO(INF010)\Audio\LAO(INF010)1b\LAO(INF010)1b 07 Containers and Utensils.mp3"/>
	<entry id="3060100102" project="LAO" informant="INF010" reel="1" region="0" narrative="_I" label="Metadata" state="OK" sex="M " age="66" age_level="3" education="4" town="Cordell" county="Washita" land_regions="D" locality="R" date="1962" latitude="35.29123" longitude="-98.98762" file_name="LAO(INF010)1bmeta.txt" path_to_file="LAP\Projects\LAO\Speakers\LAO(INF010)\Audio\LAO(INF010)1b\LAO(INF010)1bmeta.txt"/>
	<entry id="1060100115" project="LAO" informant="INF010" reel="1" region="1" narrative="_Q" label="Containers and Utensils" state="OK" sex="M " age="66" age_level="3" education="4" town="Cordell" county="Washita" land_regions="D" locality="R" date="1962" latitude="35.29123" longitude="-98.98762" file_name="LAO(INF010)1c 01 Containers and Utensils.mp3" path_to_file="LAP\Projects\LAO\Speakers\LAO(INF010)\Audio\LAO(INF010)1c\LAO(INF010)1c 01 Containers and Utensils.mp3"/>
	<entry id="1060100116" project="LAO" informant="INF010" reel="1" region="2" narrative="_Q" label="Business" state="OK" sex="M " age="66" age_level="3" education="4" town="Cordell" county="Washita" land_regions="D" locality="R" date="1962" latitude="35.29123" longitude="-98.98762" file_name="LAO(INF010)1c 02 Business.mp3" path_to_file="LAP\Projects\LAO\Speakers\LAO(INF010)\Audio\LAO(INF010)1c\LAO(INF010)1c 02 Business.mp3"/>
	<entry id="1060100117" project="LAO" informant="INF010" reel="1" region="3" narrative="_Q" label="Vehicles" state="OK" sex="M " age="66" age_level="3" education="4" town="Cordell" county="Washita" land_regions="D" locality="R" date="1962" latitude="35.29123" longitude="-98.98762" file_name="LAO(INF010)1c 03 Vehicles.mp3" path_to_file="LAP\Projects\LAO\Speakers\LAO(INF010)\Audio\LAO(INF010)1c\LAO(INF010)1c 03 Vehicles.mp3"/>
	<entry id="1060100118" project="LAO" informant="INF010" reel="1" region="4" narrative="_Q" label="Vehicles" state="OK" sex="M " age="66" age_level="3" education="4" town="Cordell" county="Washita" land_regions="D" locality="R" date="1962" latitude="35.29123" longitude="-98.98762" file_name="LAO(INF010)1c 04 Vehicles.mp3" path_to_file="LAP\Projects\LAO\Speakers\LAO(INF010)\Audio\LAO(INF010)1c\LAO(INF010)1c 04 Vehicles.mp3"/>
	<entry id="1060100119" project="LAO" informant="INF010" reel="1" region="5" narrative="_N" label="Sport and Play" state="OK" sex="M " age="66" age_level="3" education="4" town="Cordell" county="Washita" land_regions="D" locality="R" date="1962" latitude="35.29123" longitude="-98.98762" file_name="LAO(INF010)1c 05 Sport and Play_N.mp3" path_to_file="LAP\Projects\LAO\Speakers\LAO(INF010)\Audio\LAO(INF010)1c\LAO(INF010)1c 05 Sport and Play_N.mp3"/>
	<entry id="1060100120" project="LAO" informant="INF010" reel="1" region="6" narrative="_Q" label="Clothing" state="OK" sex="M " age="66" age_level="3" education="4" town="Cordell" county="Washita" land_regions="D" locality="R" date="1962" latitude="35.29123" longitude="-98.98762" file_name="LAO(INF010)1c 06 Clothing.mp3" path_to_file="LAP\Projects\LAO\Speakers\LAO(INF010)\Audio\LAO(INF010)1c\LAO(INF010)1c 06 Clothing.mp3"/>
	<entry id="1060100121" project="LAO" informant="INF010" reel="1" region="7" narrative="_Q" label="The Farm" state="OK" sex="M " age="66" age_level="3" education="4" town="Cordell" county="Washita" land_regions="D" locality="R" date="1962" latitude="35.29123" longitude="-98.98762" file_name="LAO(INF010)1c 07 The Farm.mp3" path_to_file="LAP\Projects\LAO\Speakers\LAO(INF010)\Audio\LAO(INF010)1c\LAO(INF010)1c 07 The Farm.mp3"/>
	<entry id="3060100103" project="LAO" informant="INF010" reel="1" region="0" narrative="_I" label="Metadata" state="OK" sex="M " age="66" age_level="3" education="4" town="Cordell" county="Washita" land_regions="D" locality="R" date="1962" latitude="35.29123" longitude="-98.98762" file_name="LAO(INF010)1cmeta.txt" path_to_file="LAP\Projects\LAO\Speakers\LAO(INF010)\Audio\LAO(INF010)1c\LAO(INF010)1cmeta.txt"/>
	<entry id="1060100201" project="LAO" informant="INF010" reel="2" region="1" narrative="_N" label="Domestic Animals" state="OK" sex="M " age="66" age_level="3" education="4" town="Cordell" county="Washita" land_regions="D" locality="R" date="1962" latitude="35.29123" longitude="-98.98762" file_name="LAO(INF010)2a 01 Domestic Animals_N.mp3" path_to_file="LAP\Projects\LAO\Speakers\LAO(INF010)\Audio\LAO(INF010)2a\LAO(INF010)2a 01 Domestic Animals_N.mp3"/>
	<entry id="1060100202" project="LAO" informant="INF010" reel="2" region="2" narrative="_N" label="Wild Animals" state="OK" sex="M " age="66" age_level="3" education="4" town="Cordell" county="Washita" land_regions="D" locality="R" date="1962" latitude="35.29123" longitude="-98.98762" file_name="LAO(INF010)2a 02 Wild Animals_N.mp3" path_to_file="LAP\Projects\LAO\Speakers\LAO(INF010)\Audio\LAO(INF010)2a\LAO(INF010)2a 02 Wild Animals_N.mp3"/>
	<entry id="1060100203" project="LAO" informant="INF010" reel="2" region="3" narrative="_Q" label="Public Institutions" state="OK" sex="M " age="66" age_level="3" education="4" town="Cordell" county="Washita" land_regions="D" locality="R" date="1962" latitude="35.29123" longitude="-98.98762" file_name="LAO(INF010)2a 03 Public Institutions.mp3" path_to_file="LAP\Projects\LAO\Speakers\LAO(INF010)\Audio\LAO(INF010)2a\LAO(INF010)2a 03 Public Institutions.mp3"/>
	<entry id="1060100204" project="LAO" informant="INF010" reel="2" region="4" narrative="_Q" label="Clothing  " state="OK" sex="M " age="66" age_level="3" education="4" town="Cordell" county="Washita" land_regions="D" locality="R" date="1962" latitude="35.29123" longitude="-98.98762" file_name="LAO(INF010)2a 04 Clothing  .mp3" path_to_file="LAP\Projects\LAO\Speakers\LAO(INF010)\Audio\LAO(INF010)2a\LAO(INF010)2a 04 Clothing  .mp3"/>
	<entry id="1060100205" project="LAO" informant="INF010" reel="2" region="5" narrative="_Q" label="Topography" state="OK" sex="M " age="66" age_level="3" education="4" town="Cordell" county="Washita" land_regions="D" locality="R" date="1962" latitude="35.29123" longitude="-98.98762" file_name="LAO(INF010)2a 05 Topography.mp3" path_to_file="LAP\Projects\LAO\Speakers\LAO(INF010)\Audio\LAO(INF010)2a\LAO(INF010)2a 05 Topography.mp3"/>
	<entry id="1060100206" project="LAO" informant="INF010" reel="2" region="6" narrative="_N" label="Agriculture" state="OK" sex="M " age="66" age_level="3" education="4" town="Cordell" county="Washita" land_regions="D" locality="R" date="1962" latitude="35.29123" longitude="-98.98762" file_name="LAO(INF010)2a 06 Agriculture_N.mp3" path_to_file="LAP\Projects\LAO\Speakers\LAO(INF010)\Audio\LAO(INF010)2a\LAO(INF010)2a 06 Agriculture_N.mp3"/>
	<entry id="1060100207" project="LAO" informant="INF010" reel="2" region="7" narrative="_Q" label="Topography" state="OK" sex="M " age="66" age_level="3" education="4" town="Cordell" county="Washita" land_regions="D" locality="R" date="1962" latitude="35.29123" longitude="-98.98762" file_name="LAO(INF010)2a 07 Topography.mp3" path_to_file="LAP\Projects\LAO\Speakers\LAO(INF010)\Audio\LAO(INF010)2a\LAO(INF010)2a 07 Topography.mp3"/>
	<entry id="1060100208" project="LAO" informant="INF010" reel="2" region="8" narrative="_Q" label="Vehicles" state="OK" sex="M " age="66" age_level="3" education="4" town="Cordell" county="Washita" land_regions="D" locality="R" date="1962" latitude="35.29123" longitude="-98.98762" file_name="LAO(INF010)2a 08 Vehicles.mp3" path_to_file="LAP\Projects\LAO\Speakers\LAO(INF010)\Audio\LAO(INF010)2a\LAO(INF010)2a 08 Vehicles.mp3"/>
	<entry id="3060100201" project="LAO" informant="INF010" reel="2" region="0" narrative="_I" label="Metadata" state="OK" sex="M " age="66" age_level="3" education="4" town="Cordell" county="Washita" land_regions="D" locality="R" date="1962" latitude="35.29123" longitude="-98.98762" file_name="LAO(INF010)2ameta.txt" path_to_file="LAP\Projects\LAO\Speakers\LAO(INF010)\Audio\LAO(INF010)2a\LAO(INF010)2ameta.txt"/>
	<entry id="1060100209" project="LAO" informant="INF010" reel="2" region="1" narrative="_Q" label="Business" state="OK" sex="M " age="66" age_level="3" education="4" town="Cordell" county="Washita" land_regions="D" locality="R" date="1962" latitude="35.29123" longitude="-98.98762" file_name="LAO(INF010)2b 01 Business.mp3" path_to_file="LAP\Projects\LAO\Speakers\LAO(INF010)\Audio\LAO(INF010)2b\LAO(INF010)2b 01 Business.mp3"/>
	<entry id="1060100210" project="LAO" informant="INF010" reel="2" region="2" narrative="_Q" label="Topography" state="OK" sex="M " age="66" age_level="3" education="4" town="Cordell" county="Washita" land_regions="D" locality="R" date="1962" latitude="35.29123" longitude="-98.98762" file_name="LAO(INF010)2b 02 Topography.mp3" path_to_file="LAP\Projects\LAO\Speakers\LAO(INF010)\Audio\LAO(INF010)2b\LAO(INF010)2b 02 Topography.mp3"/>
	<entry id="1060100211" project="LAO" informant="INF010" reel="2" region="3" narrative="_Q" label="Domestic Animals" state="OK" sex="M " age="66" age_level="3" education="4" town="Cordell" county="Washita" land_regions="D" locality="R" date="1962" latitude="35.29123" longitude="-98.98762" file_name="LAO(INF010)2b 03 Domestic Animals.mp3" path_to_file="LAP\Projects\LAO\Speakers\LAO(INF010)\Audio\LAO(INF010)2b\LAO(INF010)2b 03 Domestic Animals.mp3"/>
	<entry id="1060100212" project="LAO" informant="INF010" reel="2" region="4" narrative="_Q" label="The Farm" state="OK" sex="M " age="66" age_level="3" education="4" town="Cordell" county="Washita" land_regions="D" locality="R" date="1962" latitude="35.29123" longitude="-98.98762" file_name="LAO(INF010)2b 04 The Farm.mp3" path_to_file="LAP\Projects\LAO\Speakers\LAO(INF010)\Audio\LAO(INF010)2b\LAO(INF010)2b 04 The Farm.mp3"/>
	<entry id="1060100213" project="LAO" informant="INF010" reel="2" region="5" narrative="_Q" label="Food and Cooking" state="OK" sex="M " age="66" age_level="3" education="4" town="Cordell" county="Washita" land_regions="D" locality="R" date="1962" latitude="35.29123" longitude="-98.98762" file_name="LAO(INF010)2b 05 Food and Cooking.mp3" path_to_file="LAP\Projects\LAO\Speakers\LAO(INF010)\Audio\LAO(INF010)2b\LAO(INF010)2b 05 Food and Cooking.mp3"/>
	<entry id="1060100214" project="LAO" informant="INF010" reel="2" region="6" narrative="_Q" label="Calls to Animals " state="OK" sex="M " age="66" age_level="3" education="4" town="Cordell" county="Washita" land_regions="D" locality="R" date="1962" latitude="35.29123" longitude="-98.98762" file_name="LAO(INF010)2b 06 Calls to Animals .mp3" path_to_file="LAP\Projects\LAO\Speakers\LAO(INF010)\Audio\LAO(INF010)2b\LAO(INF010)2b 06 Calls to Animals .mp3"/>
	<entry id="1060100215" project="LAO" informant="INF010" reel="2" region="7" narrative="_Q" label="Agriculture" state="OK" sex="M " age="66" age_level="3" education="4" town="Cordell" county="Washita" land_regions="D" locality="R" date="1962" latitude="35.29123" longitude="-98.98762" file_name="LAO(INF010)2b 07 Agriculture.mp3" path_to_file="LAP\Projects\LAO\Speakers\LAO(INF010)\Audio\LAO(INF010)2b\LAO(INF010)2b 07 Agriculture.mp3"/>
	<entry id="1060100216" project="LAO" informant="INF010" reel="2" region="8" narrative="_Q" label="Agriculture" state="OK" sex="M " age="66" age_level="3" education="4" town="Cordell" county="Washita" land_regions="D" locality="R" date="1962" latitude="35.29123" longitude="-98.98762" file_name="LAO(INF010)2b 08 Agriculture.mp3" path_to_file="LAP\Projects\LAO\Speakers\LAO(INF010)\Audio\LAO(INF010)2b\LAO(INF010)2b 08 Agriculture.mp3"/>
	<entry id="3060100202" project="LAO" informant="INF010" reel="2" region="0" narrative="_I" label="Metadata" state="OK" sex="M " age="66" age_level="3" education="4" town="Cordell" county="Washita" land_regions="D" locality="R" date="1962" latitude="35.29123" longitude="-98.98762" file_name="LAO(INF010)2bmeta.txt" path_to_file="LAP\Projects\LAO\Speakers\LAO(INF010)\Audio\LAO(INF010)2b\LAO(INF010)2bmeta.txt"/>
	<entry id="1060100301" project="LAO" informant="INF010" reel="3" region="1" narrative="_Q" label="Geography" state="OK" sex="M " age="66" age_level="3" education="4" town="Cordell" county="Washita" land_regions="D" locality="R" date="1962" latitude="35.29123" longitude="-98.98762" file_name="LAO(INF010)3a 01 Geography.mp3" path_to_file="LAP\Projects\LAO\Speakers\LAO(INF010)\Audio\LAO(INF010)3a\LAO(INF010)3a 01 Geography.mp3"/>
	<entry id="1060100302" project="LAO" informant="INF010" reel="3" region="2" narrative="_Q" label="Food and Cooking" state="OK" sex="M " age="66" age_level="3" education="4" town="Cordell" county="Washita" land_regions="D" locality="R" date="1962" latitude="35.29123" longitude="-98.98762" file_name="LAO(INF010)3a 02 Food and Cooking.mp3" path_to_file="LAP\Projects\LAO\Speakers\LAO(INF010)\Audio\LAO(INF010)3a\LAO(INF010)3a 02 Food and Cooking.mp3"/>
	<entry id="1060100303" project="LAO" informant="INF010" reel="3" region="3" narrative="_Q" label="Food and Cooking" state="OK" sex="M " age="66" age_level="3" education="4" town="Cordell" county="Washita" land_regions="D" locality="R" date="1962" latitude="35.29123" longitude="-98.98762" file_name="LAO(INF010)3a 03 Food and Cooking.mp3" path_to_file="LAP\Projects\LAO\Speakers\LAO(INF010)\Audio\LAO(INF010)3a\LAO(INF010)3a 03 Food and Cooking.mp3"/>
	<entry id="1060100304" project="LAO" informant="INF010" reel="3" region="4" narrative="_Q" label="Food and Cooking" state="OK" sex="M " age="66" age_level="3" education="4" town="Cordell" county="Washita" land_regions="D" locality="R" date="1962" latitude="35.29123" longitude="-98.98762" file_name="LAO(INF010)3a 04 Food and Cooking.mp3" path_to_file="LAP\Projects\LAO\Speakers\LAO(INF010)\Audio\LAO(INF010)3a\LAO(INF010)3a 04 Food and Cooking.mp3"/>
	<entry id="1060100305" project="LAO" informant="INF010" reel="3" region="5" narrative="_Q" label="Food and Cooking" state="OK" sex="M " age="66" age_level="3" education="4" town="Cordell" county="Washita" land_regions="D" locality="R" date="1962" latitude="35.29123" longitude="-98.98762" file_name="LAO(INF010)3a 05 Food and Cooking.mp3" path_to_file="LAP\Projects\LAO\Speakers\LAO(INF010)\Audio\LAO(INF010)3a\LAO(INF010)3a 05 Food and Cooking.mp3"/>
	<entry id="1060100306" project="LAO" informant="INF010" reel="3" region="6" narrative="_Q" label="The Farm" state="OK" sex="M " age="66" age_level="3" education="4" town="Cordell" county="Washita" land_regions="D" locality="R" date="1962" latitude="35.29123" longitude="-98.98762" file_name="LAO(INF010)3a 06 The Farm.mp3" path_to_file="LAP\Projects\LAO\Speakers\LAO(INF010)\Audio\LAO(INF010)3a\LAO(INF010)3a 06 The Farm.mp3"/>
	<entry id="1060100307" project="LAO" informant="INF010" reel="3" region="7" narrative="_Q" label="Food and Cooking" state="OK" sex="M " age="66" age_level="3" education="4" town="Cordell" county="Washita" land_regions="D" locality="R" date="1962" latitude="35.29123" longitude="-98.98762" file_name="LAO(INF010)3a 07 Food and Cooking.mp3" path_to_file="LAP\Projects\LAO\Speakers\LAO(INF010)\Audio\LAO(INF010)3a\LAO(INF010)3a 07 Food and Cooking.mp3"/>
	<entry id="3060100301" project="LAO" informant="INF010" reel="3" region="0" narrative="_I" label="Metadata" state="OK" sex="M " age="66" age_level="3" education="4" town="Cordell" county="Washita" land_regions="D" locality="R" date="1962" latitude="35.29123" longitude="-98.98762" file_name="LAO(INF010)3ameta.txt" path_to_file="LAP\Projects\LAO\Speakers\LAO(INF010)\Audio\LAO(INF010)3a\LAO(INF010)3ameta.txt"/>
	<entry id="1060100308" project="LAO" informant="INF010" reel="3" region="1" narrative="_Q" label="Vegetables" state="OK" sex="M " age="66" age_level="3" education="4" town="Cordell" county="Washita" land_regions="D" locality="R" date="1962" latitude="35.29123" longitude="-98.98762" file_name="LAO(INF010)3b 01 Vegetables.mp3" path_to_file="LAP\Projects\LAO\Speakers\LAO(INF010)\Audio\LAO(INF010)3b\LAO(INF010)3b 01 Vegetables.mp3"/>
	<entry id="1060100309" project="LAO" informant="INF010" reel="3" region="2" narrative="_Q" label=" Verbs_Modals" state="OK" sex="M " age="66" age_level="3" education="4" town="Cordell" county="Washita" land_regions="D" locality="R" date="1962" latitude="35.29123" longitude="-98.98762" file_name="LAO(INF010)3b 02  Verbs_Modals.mp3" path_to_file="LAP\Projects\LAO\Speakers\LAO(INF010)\Audio\LAO(INF010)3b\LAO(INF010)3b 02  Verbs_Modals.mp3"/>
	<entry id="1060100310" project="LAO" informant="INF010" reel="3" region="3" narrative="_Q" label="Wild Animals " state="OK" sex="M " age="66" age_level="3" education="4" town="Cordell" county="Washita" land_regions="D" locality="R" date="1962" latitude="35.29123" longitude="-98.98762" file_name="LAO(INF010)3b 03 Wild Animals .mp3" path_to_file="LAP\Projects\LAO\Speakers\LAO(INF010)\Audio\LAO(INF010)3b\LAO(INF010)3b 03 Wild Animals .mp3"/>
	<entry id="1060100311" project="LAO" informant="INF010" reel="3" region="4" narrative="_Q" label="Sport and Play" state="OK" sex="M " age="66" age_level="3" education="4" town="Cordell" county="Washita" land_regions="D" locality="R" date="1962" latitude="35.29123" longitude="-98.98762" file_name="LAO(INF010)3b 04 Sport and Play.mp3" path_to_file="LAP\Projects\LAO\Speakers\LAO(INF010)\Audio\LAO(INF010)3b\LAO(INF010)3b 04 Sport and Play.mp3"/>
	<entry id="1060100312" project="LAO" informant="INF010" reel="3" region="5" narrative="_Q" label="Wild Animals " state="OK" sex="M " age="66" age_level="3" education="4" town="Cordell" county="Washita" land_regions="D" locality="R" date="1962" latitude="35.29123" longitude="-98.98762" file_name="LAO(INF010)3b 05 Wild Animals .mp3" path_to_file="LAP\Projects\LAO\Speakers\LAO(INF010)\Audio\LAO(INF010)3b\LAO(INF010)3b 05 Wild Animals .mp3"/>
	<entry id="1060100313" project="LAO" informant="INF010" reel="3" region="6" narrative="_Q" label="Trees and Shrubs" state="OK" sex="M " age="66" age_level="3" education="4" town="Cordell" county="Washita" land_regions="D" locality="R" date="1962" latitude="35.29123" longitude="-98.98762" file_name="LAO(INF010)3b 06 Trees and Shrubs.mp3" path_to_file="LAP\Projects\LAO\Speakers\LAO(INF010)\Audio\LAO(INF010)3b\LAO(INF010)3b 06 Trees and Shrubs.mp3"/>
	<entry id="1060100314" project="LAO" informant="INF010" reel="3" region="7" narrative="_Q" label="Trees and Shrubs" state="OK" sex="M " age="66" age_level="3" education="4" town="Cordell" county="Washita" land_regions="D" locality="R" date="1962" latitude="35.29123" longitude="-98.98762" file_name="LAO(INF010)3b 07 Trees and Shrubs.mp3" path_to_file="LAP\Projects\LAO\Speakers\LAO(INF010)\Audio\LAO(INF010)3b\LAO(INF010)3b 07 Trees and Shrubs.mp3"/>
	<entry id="3060100302" project="LAO" informant="INF010" reel="3" region="0" narrative="_I" label="Metadata" state="OK" sex="M " age="66" age_level="3" education="4" town="Cordell" county="Washita" land_regions="D" locality="R" date="1962" latitude="35.29123" longitude="-98.98762" file_name="LAO(INF010)3bmeta.txt" path_to_file="LAP\Projects\LAO\Speakers\LAO(INF010)\Audio\LAO(INF010)3b\LAO(INF010)3bmeta.txt"/>
	<entry id="1060100315" project="LAO" informant="INF010" reel="3" region="1" narrative="_Q" label="Vehicles" state="OK" sex="M " age="66" age_level="3" education="4" town="Cordell" county="Washita" land_regions="D" locality="R" date="1962" latitude="35.29123" longitude="-98.98762" file_name="LAO(INF010)3c 01 Vehicles.mp3" path_to_file="LAP\Projects\LAO\Speakers\LAO(INF010)\Audio\LAO(INF010)3c\LAO(INF010)3c 01 Vehicles.mp3"/>
	<entry id="1060100316" project="LAO" informant="INF010" reel="3" region="2" narrative="_Q" label="Family" state="OK" sex="M " age="66" age_level="3" education="4" town="Cordell" county="Washita" land_regions="D" locality="R" date="1962" latitude="35.29123" longitude="-98.98762" file_name="LAO(INF010)3c 02 Family.mp3" path_to_file="LAP\Projects\LAO\Speakers\LAO(INF010)\Audio\LAO(INF010)3c\LAO(INF010)3c 02 Family.mp3"/>
	<entry id="1060100317" project="LAO" informant="INF010" reel="3" region="3" narrative="_Q" label="Names, Titles and Occupations" state="OK" sex="M " age="66" age_level="3" education="4" town="Cordell" county="Washita" land_regions="D" locality="R" date="1962" latitude="35.29123" longitude="-98.98762" file_name="LAO(INF010)3c 03 Names, Titles and Occupations.mp3" path_to_file="LAP\Projects\LAO\Speakers\LAO(INF010)\Audio\LAO(INF010)3c\LAO(INF010)3c 03 Names, Titles and Occupations.mp3"/>
	<entry id="1060100318" project="LAO" informant="INF010" reel="3" region="4" narrative="_Q" label="Personal Characterisitics" state="OK" sex="M " age="66" age_level="3" education="4" town="Cordell" county="Washita" land_regions="D" locality="R" date="1962" latitude="35.29123" longitude="-98.98762" file_name="LAO(INF010)3c 04 Personal Characterisitics.mp3" path_to_file="LAP\Projects\LAO\Speakers\LAO(INF010)\Audio\LAO(INF010)3c\LAO(INF010)3c 04 Personal Characterisitics.mp3"/>
	<entry id="1060100319" project="LAO" informant="INF010" reel="3" region="5" narrative="_Q" label="Illness and Death " state="OK" sex="M " age="66" age_level="3" education="4" town="Cordell" county="Washita" land_regions="D" locality="R" date="1962" latitude="35.29123" longitude="-98.98762" file_name="LAO(INF010)3c 05 Illness and Death .mp3" path_to_file="LAP\Projects\LAO\Speakers\LAO(INF010)\Audio\LAO(INF010)3c\LAO(INF010)3c 05 Illness and Death .mp3"/>
	<entry id="1060100320" project="LAO" informant="INF010" reel="3" region="6" narrative="_Q" label="Illness and Death " state="OK" sex="M " age="66" age_level="3" education="4" town="Cordell" county="Washita" land_regions="D" locality="R" date="1962" latitude="35.29123" longitude="-98.98762" file_name="LAO(INF010)3c 06 Illness and Death .mp3" path_to_file="LAP\Projects\LAO\Speakers\LAO(INF010)\Audio\LAO(INF010)3c\LAO(INF010)3c 06 Illness and Death .mp3"/>
	<entry id="1060100321" project="LAO" informant="INF010" reel="3" region="7" narrative="_Q" label="Social Relations " state="OK" sex="M " age="66" age_level="3" education="4" town="Cordell" county="Washita" land_regions="D" locality="R" date="1962" latitude="35.29123" longitude="-98.98762" file_name="LAO(INF010)3c 07 Social Relations .mp3" path_to_file="LAP\Projects\LAO\Speakers\LAO(INF010)\Audio\LAO(INF010)3c\LAO(INF010)3c 07 Social Relations .mp3"/>
	<entry id="1060100322" project="LAO" informant="INF010" reel="3" region="8" narrative="_Q" label="Vehicles" state="OK" sex="M " age="66" age_level="3" education="4" town="Cordell" county="Washita" land_regions="D" locality="R" date="1962" latitude="35.29123" longitude="-98.98762" file_name="LAO(INF010)3c 08 Vehicles.mp3" path_to_file="LAP\Projects\LAO\Speakers\LAO(INF010)\Audio\LAO(INF010)3c\LAO(INF010)3c 08 Vehicles.mp3"/>
	<entry id="3060100303" project="LAO" informant="INF010" reel="3" region="0" narrative="_I" label="Metadata" state="OK" sex="M " age="66" age_level="3" education="4" town="Cordell" county="Washita" land_regions="D" locality="R" date="1962" latitude="35.29123" longitude="-98.98762" file_name="LAO(INF010)3cmeta.txt" path_to_file="LAP\Projects\LAO\Speakers\LAO(INF010)\Audio\LAO(INF010)3c\LAO(INF010)3cmeta.txt"/>
	<entry id="1060100401" project="LAO" informant="INF010" reel="4" region="1" narrative="_Q" label="Geography" state="OK" sex="M " age="66" age_level="3" education="4" town="Cordell" county="Washita" land_regions="D" locality="R" date="1962" latitude="35.29123" longitude="-98.98762" file_name="LAO(INF010)4a 01 Geography.mp3" path_to_file="LAP\Projects\LAO\Speakers\LAO(INF010)\Audio\LAO(INF010)4a\LAO(INF010)4a 01 Geography.mp3"/>
	<entry id="1060100402" project="LAO" informant="INF010" reel="4" region="2" narrative="_Q" label="Religion" state="OK" sex="M " age="66" age_level="3" education="4" town="Cordell" county="Washita" land_regions="D" locality="R" date="1962" latitude="35.29123" longitude="-98.98762" file_name="LAO(INF010)4a 02 Religion.mp3" path_to_file="LAP\Projects\LAO\Speakers\LAO(INF010)\Audio\LAO(INF010)4a\LAO(INF010)4a 02 Religion.mp3"/>
	<entry id="1060100403" project="LAO" informant="INF010" reel="4" region="3" narrative="_Q" label="Sport and Play" state="OK" sex="M " age="66" age_level="3" education="4" town="Cordell" county="Washita" land_regions="D" locality="R" date="1962" latitude="35.29123" longitude="-98.98762" file_name="LAO(INF010)4a 03 Sport and Play.mp3" path_to_file="LAP\Projects\LAO\Speakers\LAO(INF010)\Audio\LAO(INF010)4a\LAO(INF010)4a 03 Sport and Play.mp3"/>
	<entry id="1060100404" project="LAO" informant="INF010" reel="4" region="4" narrative="_Q" label="Verbs_Principal Parts" state="OK" sex="M " age="66" age_level="3" education="4" town="Cordell" county="Washita" land_regions="D" locality="R" date="1962" latitude="35.29123" longitude="-98.98762" file_name="LAO(INF010)4a 04 Verbs_Principal Parts.mp3" path_to_file="LAP\Projects\LAO\Speakers\LAO(INF010)\Audio\LAO(INF010)4a\LAO(INF010)4a 04 Verbs_Principal Parts.mp3"/>
	<entry id="1060100405" project="LAO" informant="INF010" reel="4" region="5" narrative="_Q" label="Verbs_Principal Parts" state="OK" sex="M " age="66" age_level="3" education="4" town="Cordell" county="Washita" land_regions="D" locality="R" date="1962" latitude="35.29123" longitude="-98.98762" file_name="LAO(INF010)4a 05 Verbs_Principal Parts.mp3" path_to_file="LAP\Projects\LAO\Speakers\LAO(INF010)\Audio\LAO(INF010)4a\LAO(INF010)4a 05 Verbs_Principal Parts.mp3"/>
	<entry id="1060100406" project="LAO" informant="INF010" reel="4" region="6" narrative="_Q" label="Numerals" state="OK" sex="M " age="66" age_level="3" education="4" town="Cordell" county="Washita" land_regions="D" locality="R" date="1962" latitude="35.29123" longitude="-98.98762" file_name="LAO(INF010)4a 06 Numerals.mp3" path_to_file="LAP\Projects\LAO\Speakers\LAO(INF010)\Audio\LAO(INF010)4a\LAO(INF010)4a 06 Numerals.mp3"/>
	<entry id="1060100407" project="LAO" informant="INF010" reel="4" region="7" narrative="_Q" label="Time" state="OK" sex="M " age="66" age_level="3" education="4" town="Cordell" county="Washita" land_regions="D" locality="R" date="1962" latitude="35.29123" longitude="-98.98762" file_name="LAO(INF010)4a 07 Time.mp3" path_to_file="LAP\Projects\LAO\Speakers\LAO(INF010)\Audio\LAO(INF010)4a\LAO(INF010)4a 07 Time.mp3"/>
	<entry id="3060100401" project="LAO" informant="INF010" reel="4" region="0" narrative="_I" label="Metadata" state="OK" sex="M " age="66" age_level="3" education="4" town="Cordell" county="Washita" land_regions="D" locality="R" date="1962" latitude="35.29123" longitude="-98.98762" file_name="LAO(INF010)4ameta.txt" path_to_file="LAP\Projects\LAO\Speakers\LAO(INF010)\Audio\LAO(INF010)4a\LAO(INF010)4ameta.txt"/>
	<entry id="1060100408" project="LAO" informant="INF010" reel="4" region="1" narrative="_Q" label="Weather" state="OK" sex="M " age="66" age_level="3" education="4" town="Cordell" county="Washita" land_regions="D" locality="R" date="1962" latitude="35.29123" longitude="-98.98762" file_name="LAO(INF010)4b 01 Weather.mp3" path_to_file="LAP\Projects\LAO\Speakers\LAO(INF010)\Audio\LAO(INF010)4b\LAO(INF010)4b 01 Weather.mp3"/>
	<entry id="1060100409" project="LAO" informant="INF010" reel="4" region="2" narrative="_Q" label="Verbs_Principal Parts " state="OK" sex="M " age="66" age_level="3" education="4" town="Cordell" county="Washita" land_regions="D" locality="R" date="1962" latitude="35.29123" longitude="-98.98762" file_name="LAO(INF010)4b 02 Verbs_Principal Parts .mp3" path_to_file="LAP\Projects\LAO\Speakers\LAO(INF010)\Audio\LAO(INF010)4b\LAO(INF010)4b 02 Verbs_Principal Parts .mp3"/>
	<entry id="1060100410" project="LAO" informant="INF010" reel="4" region="3" narrative="_Q" label="Adverbs" state="OK" sex="M " age="66" age_level="3" education="4" town="Cordell" county="Washita" land_regions="D" locality="R" date="1962" latitude="35.29123" longitude="-98.98762" file_name="LAO(INF010)4b 03 Adverbs.mp3" path_to_file="LAP\Projects\LAO\Speakers\LAO(INF010)\Audio\LAO(INF010)4b\LAO(INF010)4b 03 Adverbs.mp3"/>
	<entry id="1060100411" project="LAO" informant="INF010" reel="4" region="4" narrative="_N" label="Names, Titles and Occupations" state="OK" sex="M " age="66" age_level="3" education="4" town="Cordell" county="Washita" land_regions="D" locality="R" date="1962" latitude="35.29123" longitude="-98.98762" file_name="LAO(INF010)4b 04 Names, Titles and Occupations_N.mp3" path_to_file="LAP\Projects\LAO\Speakers\LAO(INF010)\Audio\LAO(INF010)4b\LAO(INF010)4b 04 Names, Titles and Occupations_N.mp3"/>
	<entry id="1060100412" project="LAO" informant="INF010" reel="4" region="5" narrative="_Q" label="Geography" state="OK" sex="M " age="66" age_level="3" education="4" town="Cordell" county="Washita" land_regions="D" locality="R" date="1962" latitude="35.29123" longitude="-98.98762" file_name="LAO(INF010)4b 05 Geography.mp3" path_to_file="LAP\Projects\LAO\Speakers\LAO(INF010)\Audio\LAO(INF010)4b\LAO(INF010)4b 05 Geography.mp3"/>
	<entry id="1060100413" project="LAO" informant="INF010" reel="4" region="6" narrative="_Q" label="Family" state="OK" sex="M " age="66" age_level="3" education="4" town="Cordell" county="Washita" land_regions="D" locality="R" date="1962" latitude="35.29123" longitude="-98.98762" file_name="LAO(INF010)4b 06 Family.mp3" path_to_file="LAP\Projects\LAO\Speakers\LAO(INF010)\Audio\LAO(INF010)4b\LAO(INF010)4b 06 Family.mp3"/>
	<entry id="3060100402" project="LAO" informant="INF010" reel="4" region="0" narrative="_I" label="Metadata" state="OK" sex="M " age="66" age_level="3" education="4" town="Cordell" county="Washita" land_regions="D" locality="R" date="1962" latitude="35.29123" longitude="-98.98762" file_name="LAO(INF010)4bmeta.txt" path_to_file="LAP\Projects\LAO\Speakers\LAO(INF010)\Audio\LAO(INF010)4b\LAO(INF010)4bmeta.txt"/>
	<entry id="3060100001" project="LAO" informant="INF010" reel="0" region="0" narrative="_I" label="Biographical Information" state="OK" sex="M " age="66" age_level="3" education="4" town="Cordell" county="Washita" land_regions="D" locality="R" date="1962" latitude="35.29123" longitude="-98.98762" file_name="LAO(INF010)BIO.txt" path_to_file="LAP\Projects\LAO\Speakers\LAO(INF010)\Text\LAO(INF010)BIO.txt"/>
</Audio>