Informant,State,Informant number,Response
TN001,TN,001,tightwad 
TN002,TN,002,miser 
TN003,TN,003,stingy [adj.] 
TN003,TN,003,tightwad 
TN004,TN,004,money miser 
TN004,TN,004,wad [= tightwad] 
TN005,TN,005,miser 
TN005,TN,005,stingy old cuss 
TN006,TN,006,miser 
TN006,TN,006,stingy [adj.] 
TN007,TN,007,-
TN008,TN,008,miser 
TN008,TN,008,stingy [adj.] 
TN008,TN,008,tight [adj.] 
TN009,TN,009,-
TN010,TN,010,miser 
TN010,TN,010,stingy [adj.] 
TN011,TN,011,tightwad 
TN012,TN,012,stingy [adj.] 
TN012,TN,012,tightwad 
TN013,TN,013,good manager 
TN013,TN,013,tightwad 
TN014,TN,014,skinflint 
TN014,TN,014,stingy [adj.] 
TN015,TN,015,tightwad 
TN016,TN,016,tightwad 
TN016,TN,016,bum 
TN017,TN,017,-
TN018,TN,018,-
TN019,TN,019,conservative [adj.] 
TN019,TN,019,good saver 
TN019,TN,019,griping [adj.] 
TN019,TN,019,miser 
TN019,TN,019,stingy [adj.] 
TN019,TN,019,thrifty [adj.] 
TN020,TN,020,-
TN021,TN,021,-
TN022,TN,022,frugal [adj.] 
TN022,TN,022,miser 
TN022,TN,022,spendthrift 
TN022,TN,022,leech 
TN023,TN,023,stingy [adj.] 
TN023,TN,023,tight [adj.] 
TN023,TN,023,tightwad 
TN023,TN,023,swindler 
TN024,TN,024,-
TN025,TN,025,-
TN026,TN,026,-
TN027,TN,027,skinflint 
TN027,TN,027,slave driver 
TN027,TN,027,tightwad 
TN028,TN,028,tight [adj.] 
TN029,TN,029,miser 
TN029,TN,029,stingy [adj.] 
TN030,TN,030,-
TN031,TN,031,-
TN032,TN,032,-
TN033,TN,033,tightwad 
TN034,TN,034,-
TN035,TN,035,-
TN036,TN,036,close [adj.] 
TN036,TN,036,stingy [adj.] 
TN037,TN,037,-
TN038,TN,038,tightwad 
TN039,TN,039,cheapskate 
TN039,TN,039,tightwad 
TN040,TN,040,cheap [adj.] 
TN040,TN,040,stingy [adj.] 
TN040,TN,040,tight as bark on a tree 
TN041,TN,041,Jew 
TN041,TN,041,miser 
TN042,TN,042,-
TN043,TN,043,hidebound [adj.] 
TN043,TN,043,miser 
TN043,TN,043,tightwad 
TN044,TN,044,miser 
TN045,TN,045,stingy [adj.] 
TN045,TN,045,tight [adj.] 
TN046,TN,046,spendthrift 
TN046,TN,046,stingy [adj.] 
TN046,TN,046,tightwad 
TN047,TN,047,stingy [adj.] 
TN047,TN,047,tightwad 
TN048,TN,048,skinflint 
TN049,TN,049,tightwad 
TN050,TN,050,-
TN051,TN,051,miser 
TN051,TN,051,tightwad 
TN052,TN,052,tightwad 
TN053,TN,053,close [adj.] 
TN053,TN,053,stingy [adj.] 
TN053,TN,053,tightwad 
TN054,TN,054,stingy [adj.] 
TN055,TN,055,tight [adj.] 
TN056,TN,056,stingy [adj.] 
TN056,TN,056,tight [adj.] 
TN057,TN,057,tightwad 
TN058,TN,058,chintzy [adj.] 
TN058,TN,058,skinflint 
TN058,TN,058,stingy [adj.] 
TN058,TN,058,tight ass 
TN058,TN,058,tightwad 
TN059,TN,059,tightwad 
TN060,TN,060,miser 
TN060,TN,060,stingy [adj.] 
GA061,GA,061,a-misering 
GA062,GA,062,miser 
GA062,GA,062,stingy [adj.] 
GA062,GA,062,tightwad 
GA063,GA,063,griper 
GA063,GA,063,miser 
GA063,GA,063,rascal 
GA063,GA,063,stingy [adj.] 
GA063,GA,063,tightwad 
GA064,GA,064,stingy [adj.] 
GA065,GA,065,miser 
GA066,GA,066,stingy [adj.] 
GA067,GA,067,-
GA068,GA,068,closefisted 
GA068,GA,068,miser 
GA068,GA,068,skinflint 
GA068,GA,068,stingy [adj.] 
GA069,GA,069,stingy [adj.] 
GA069,GA,069,cheat [n.] 
GA069,GA,069,swindler 
GA070,GA,070,tightfisted 
GA071,GA,071,stingy [adj.] 
GA072,GA,072,Scrooge 
GA072,GA,072,tightwad 
GA073,GA,073,stingy [adj.] 
GA073,GA,073,tightwad 
GA074,GA,074,stingy [adj.] 
GA075,GA,075,penny pincher 
GA075,GA,075,selfish [adj.] 
GA075,GA,075,skinflint 
GA075,GA,075,stingy [adj.] 
GA075,GA,075,tightwad 
GA076,GA,076,close [adj.] 
GA076,GA,076,miser 
GA076,GA,076,stingy [adj.] 
GA077,GA,077,stingy [adj.] 
GA078,GA,078,stingy [adj.] 
GA079,GA,079,close [adj.] 
GA079,GA,079,stingy [adj.] 
GA079,GA,079,tight [adj.] 
GA080,GA,080,tightwad 
GA081,GA,081,stingy [adj.] 
GA082,GA,082,-
GA083,GA,083,-
GA084,GA,084,close [adj.] 
GA084,GA,084,greedy [adj.] 
GA084,GA,084,stingy [adj.] 
GA084,GA,084,deadbeater 
GA085,GA,085,stingy [adj.] 
GA086,GA,086,tightwad 
GA087,GA,087,hoarder 
GA087,GA,087,stingy [adj.] 
GA088,GA,088,closefisted 
GA089,GA,089,-
GA090,GA,090,-
GA091,GA,091,-
GA092,GA,092,stingy [adj.] 
GA092,GA,092,tightwad 
GA093,GA,093,stingy [adj.] 
GA093,GA,093,tightwad 
GA094,GA,094,-
GA095,GA,095,cheapskate 
GA095,GA,095,miser 
GA096,GA,096,stingy [adj.] 
GA096,GA,096,tight [adj.] 
GA096,GA,096,tightwad 
GA097,GA,097,miser 
GA097,GA,097,penny pincher 
GA097,GA,097,stingy [adj.] 
GA097,GA,097,tight [adj.] 
GA097,GA,097,tightwad 
GA098,GA,098,close [adj.] 
GA098,GA,098,stingy [adj.] 
GA098,GA,098,tightwad 
GA099,GA,099,geyser 
GA100,GA,100,stingy [adj.] 
GA101,GA,101,penny pincher 
GA102,GA,102,miser 
GA103,GA,103,frugal [adj.] 
GA103,GA,103,miser 
GA103,GA,103,pinchpenny 
GA103,GA,103,stingy [adj.] 
GA103,GA,103,tight [adj.] 
GA104,GA,104,miser 
GA104,GA,104,Scrooge 
GA104,GA,104,tightwad 
GA105,GA,105,miser 
GA106,GA,106,miser 
GA107,GA,107,tightwad 
GA108,GA,108,miserly [adj.] 
GA108,GA,108,skinflint 
GA108,GA,108,stingy [adj.] 
GA109,GA,109,miser 
GA109,GA,109,skinflint 
GA110,GA,110,-
GA111,GA,111,stingy [adj.] 
GA112,GA,112,stingy [adj.] 
GA113,GA,113,stingy rascal 
GA114,GA,114,miser 
GA114,GA,114,stingy folks 
GA114,GA,114,tightwad 
GA115,GA,115,miser 
GA115,GA,115,stingy [adj.] 
GA116,GA,116,-
GA117,GA,117,stingy [adj.] 
GA118,GA,118,tightwad 
GA119,GA,119,miser 
GA119,GA,119,stingy [adj.] 
GA120,GA,120,-
GA121,GA,121,tight [adj.] 
GA121,GA,121,swindler 
GA122,GA,122,miser 
GA123,GA,123,-
GA124,GA,124,-
GA125,GA,125,-
GA126,GA,126,stingy [adj.] 
GA127,GA,127,miser 
GA127,GA,127,stingy [adj.] 
GA128,GA,128,stingy [adj.] 
GA129,GA,129,stingy person 
GA130,GA,130,miser 
GA130,GA,130,skinflint 
GA130,GA,130,stingy [adj.] 
GA130,GA,130,tight [adj.] 
GA131,GA,131,slave driver 
GA131,GA,131,stingy [adj.] 
GA131,GA,131,tight boss 
GA132,GA,132,closewad 
GA132,GA,132,stingy [adj.] 
GA132,GA,132,tightwad 
GA133,GA,133,-
GA134,GA,134,stingy man 
GA135,GA,135,miser 
GA135,GA,135,tightwad 
GA136,GA,136,greedy gut 
GA136,GA,136,overbearing [adj.] 
GA136,GA,136,tightwad 
GA136,GA,136,thief 
GA137,GA,137,miser 
GA137,GA,137,penny pincher 
GA137,GA,137,skinflint 
GA137,GA,137,tightwad 
GA138,GA,138,miser 
GA138,GA,138,stingy [n.] 
GA138,GA,138,tightwad 
GA139,GA,139,-
GA140,GA,140,-
GA141,GA,141,miser 
GA141,GA,141,tightwad 
GA142,GA,142,-
GA143,GA,143,miser 
GA143,GA,143,stingy [adj.] 
GA143,GA,143,tightwad 
GA144,GA,144,miser 
GA144,GA,144,skinflint 
GA144,GA,144,stingy [adj.] 
GA145,GA,145,tight [adj.] 
GA145,GA,145,tight man 
GA146,GA,146,miser 
GA146,GA,146,tightwad 
GA147,GA,147,stingy [adj.] 
GA147,GA,147,tightwad 
GA148,GA,148,miser 
GA148,GA,148,skinflint 
GA148,GA,148,tightwad 
GA149,GA,149,stingy [n.] 
GA149,GA,149,stingy person 
GA150,GA,150,miser 
GA150,GA,150,stingy [adj.] 
GA150,GA,150,tightwad 
GA151,GA,151,-
GA152,GA,152,stingy [adj.] 
GA153,GA,153,real tight one 
GA153,GA,153,stingy [adj.] 
GA154,GA,154,-
GA155,GA,155,-
GA156,GA,156,miser 
GA156,GA,156,tightwad 
GA157,GA,157,miser 
GA158,GA,158,skinflint 
GA158,GA,158,stingy [adj.] 
GA158,GA,158,tight [adj.] 
GA159,GA,159,close [adj.] 
GA159,GA,159,stingy [adj.] 
GA160,GA,160,close [adj.] 
GA160,GA,160,stingy [adj.] 
GA161,GA,161,-
GA162,GA,162,cheap [adj.] 
GA162,GA,162,close [adj.] 
GA162,GA,162,stingy [adj.] 
GA162,GA,162,tight [adj.] 
GA163,GA,163,skinflint 
GA163,GA,163,tight-fisted person 
GA164,GA,164,miser 
GA164,GA,164,penny pincher 
GA165,GA,165,stingy [adj.] 
GA166,GA,166,stingy [adj.] 
GA167,GA,167,miser 
GA167,GA,167,stinger [n.] 
GA167,GA,167,tightwad 
GA168,GA,168,selfish [adj.] 
GA169,GA,169,-
GA170,GA,170,miser 
GA170,GA,170,stingy [adj.] 
GA170,GA,170,tightwad 
GA171,GA,171,-
GA172,GA,172,-
GA173,GA,173,stingy person 
GA173,GA,173,tightwad 
GA174,GA,174,griping [adj.] 
GA174,GA,174,stingy [adj.] 
GA174,GA,174,tight [adj.] 
GA175,GA,175,-
GA176,GA,176,stingy [adj.] 
GA177,GA,177,tightwad 
GA178,GA,178,stingy [adj.] 
GA179,GA,179,stingy man 
GA180,GA,180,tightwad 
GA181,GA,181,tightwad 
GA182,GA,182,austere person 
GA182,GA,182,Scotchman 
GA182,GA,182,Scotsman 
GA182,GA,182,stingy [adj.] 
GA183,GA,183,miser 
GA183,GA,183,tightwad 
GA184,GA,184,skinflint 
GA184,GA,184,tightwad 
GA185,GA,185,tightwad 
GA186,GA,186,stingy [adj.] 
GA187,GA,187,stingy rascal 
GA187,GA,187,stingy sapsucker 
GA187,GA,187,stingy wart 
GA188,GA,188,close [adj.] 
GA188,GA,188,stingy [adj.] 
GA189,GA,189,miser 
GA189,GA,189,stingy [adj.] 
GA190,GA,190,skinflint 
GA190,GA,190,stingy [adj.] 
GA190,GA,190,tightwad 
GA191,GA,191,frugal [adj.] 
GA191,GA,191,tight [adj.] 
GA192,GA,192,stingy man 
GA193,GA,193,-
GA194,GA,194,stingy [adj.] 
GA195,GA,195,-
GA196,GA,196,miser 
GA196,GA,196,skinflint 
GA196,GA,196,stingy [adj.] 
GA197,GA,197,stingy [adj.] 
GA197,GA,197,tightwad 
GA198,GA,198,stingy [adj.] 
GA198,GA,198,tightwad 
GA199,GA,199,stingy [adj.] 
GA200,GA,200,stingy [adj.] 
GA201,GA,201,-
GA202,GA,202,miser 
GA202,GA,202,tightwad 
GA203,GA,203,stingy [n.] 
GA204,GA,204,conservative [adj.] 
GA204,GA,204,miser 
GA204,GA,204,saving [adj.] 
GA204,GA,204,stingy [adj.] 
GA204,GA,204,tight [adj.] 
GA205,GA,205,-
GA206,GA,206,crab apple 
GA206,GA,206,penny pincher 
GA207,GA,207,stingy [adj.] 
GA208,GA,208,stingy [adj.] 
GA209,GA,209,miser 
GA209,GA,209,skinflint 
GA209,GA,209,stingy [adj.] 
GA209,GA,209,tight [adj.] 
GA210,GA,210,close [adj.] 
GA210,GA,210,stingy [adj.] 
GA210,GA,210,stingy guy 
GA211,GA,211,miser 
GA211,GA,211,stingy [adj.] 
GA212,GA,212,-
GA213,GA,213,miser 
GA214,GA,214,-
GA215,GA,215,rank [adj.] 
GA215,GA,215,stingy [adj.] 
GA215,GA,215,stingy man 
GA216,GA,216,miser 
GA216,GA,216,stingy [adj.] 
GA216,GA,216,tightwad 
GA217,GA,217,miserly [adj.] 
GA218,GA,218,cheap [adj.] 
GA218,GA,218,cheap screw 
GA218,GA,218,stingy [adj.] 
GA219,GA,219,tightwad 
GA220,GA,220,tightwad 
GA221,GA,221,stingy [adj.] 
GA222,GA,222,stingy [adj.] 
GA223,GA,223,stingy [adj.] 
GA223,GA,223,tight [adj.] 
GA224,GA,224,close fellow 
GA224,GA,224,stingy man 
GA225,GA,225,money miser 
FL226,FL,226,-
FL227,FL,227,stingy [adj.] 
FL228,FL,228,miser 
FL229,FL,229,tightwad 
FL230,FL,230,cautious 
FL230,FL,230,meany 
FL230,FL,230,old bag 
FL230,FL,230,tight man 
FL231,FL,231,miser 
FL232,FL,232,cheap [adj.] 
FL232,FL,232,miser 
FL233,FL,233,tightwad 
FL234,FL,234,beat [n.] 
FL234,FL,234,beat [n.] 
FL234,FL,234,bum 
FL235,FL,235,stingy [adj.] 
FL235,FL,235,tightwad 
FL236,FL,236,stingy old goat 
FL236,FL,236,tightwad 
FL237,FL,237,stingy [adj.] 
FL237,FL,237,tight [adj.] 
FL237,FL,237,tightwad 
FL238,FL,238,stingy [adj.] 
FL238,FL,238,tightwad 
FL239,FL,239,miser 
FL239,FL,239,stingy [adj.] 
FL239,FL,239,tightwad 
FL240,FL,240,stingy [adj.] 
FL240,FL,240,tight [adj.] 
FL240,FL,240,tightwad 
FL241,FL,241,-
FL242,FL,242,stingy man 
FL242,FL,242,tightwad 
FL243,FL,243,miser 
FL243,FL,243,penny pincher 
FL243,FL,243,tight [adj.] 
FL244,FL,244,-
FL245,FL,245,-
FL246,FL,246,miser 
FL246,FL,246,tightwad 
FL247,FL,247,miser 
FL247,FL,247,miserly [adj.] 
FL248,FL,248,miser 
FL248,FL,248,squeaks when he walks 
FL248,FL,248,stingy [adj.] 
FL248,FL,248,tight [adj.] 
FL249,FL,249,tightwad 
FL250,FL,250,stingy [adj.] 
FL251,FL,251,-
FL252,FL,252,-
FL253,FL,253,miser 
FL253,FL,253,tightwad 
FL254,FL,254,chinchy [adj.] 
FL254,FL,254,miser 
FL254,FL,254,pinchpenny 
FL254,FL,254,tightwad 
FL255,FL,255,-
FL256,FL,256,close as bark to a tree 
FL256,FL,256,money lover 
FL256,FL,256,stingy [adj.] 
FL257,FL,257,stingy [adj.] 
FL257,FL,257,tightwad 
FL258,FL,258,stingy [adj.] 
FL258,FL,258,tight [adj.] 
FL258,FL,258,tightwad 
FL259,FL,259,miser 
FL259,FL,259,tight [adj.] 
FL259,FL,259,tight with (his) money 
FL259,FL,259,tightwad 
FL260,FL,260,-
FL261,FL,261,thrifty [adj.] 
FL261,FL,261,tightwad 
FL262,FL,262,stingy [adj.] 
FL262,FL,262,tightwad 
FL263,FL,263,tightwad 
FL264,FL,264,tightwad 
FL265,FL,265,stingy [adj.] 
FL266,FL,266,miser 
FL266,FL,266,tightwad 
FL267,FL,267,stingy [adj.] 
FL267,FL,267,deadbeat 
FL268,FL,268,-
FL269,FL,269,tightwad 
FL270,FL,270,stingy [adj.] 
FL270,FL,270,tight [adj.] 
FL271,FL,271,miser 
FL271,FL,271,stingy like a jew 
FL272,FL,272,miser 
FL272,FL,272,tightwad 
FL273,FL,273,penny pincher 
FL273,FL,273,tightwad 
FL274,FL,274,miser 
FL275,FL,275,miser 
FL275,FL,275,stingy [adj.] 
FL276,FL,276,stingy [adj.] 
FL276,FL,276,tightwad 
FL277,FL,277,-
FL278,FL,278,miser 
FL278,FL,278,spendthrift 
FL278,FL,278,spinster [=female spendthrift] 
FL278,FL,278,tightwad 
FL279,FL,279,miser 
FL280,FL,280,driver 
FL280,FL,280,miser 
FL281,FL,281,miser 
FL282,FL,282,tightwad 
FL283,FL,283,cheap [adj.] 
FL283,FL,283,Jew 
FL284,FL,284,miser 
FL284,FL,284,tight-fisted person 
FL285,FL,285,-
FL286,FL,286,cheap [adj.] 
FL286,FL,286,miser 
FL286,FL,286,penny pincher 
FL286,FL,286,tightwad 
FL287,FL,287,-
FL288,FL,288,tight [adj.] 
FL288,FL,288,tightwad 
FL289,FL,289,miser 
FL289,FL,289,Scrooge 
FL289,FL,289,tightwad 
TN290,TN,290,stingy [adj.] 
TN290,TN,290,tightwad 
TN291,TN,291,close [adj.] 
TN291,TN,291,miser 
TN291,TN,291,stingy [adj.] 
TN292,TN,292,stingy [adj.] 
TN292,TN,292,stingy person 
TN292,TN,292,tight [adj.] 
TN293,TN,293,miser 
TN293,TN,293,stingy gut 
TN293,TN,293,tightwad 
TN294,TN,294,miser 
TN294,TN,294,penny pincher 
TN294,TN,294,tightwad 
TN295,TN,295,saving [adj.] 
TN295,TN,295,stingy [adj.] 
TN295,TN,295,tight [adj.] 
TN295,TN,295,tightwad 
TN296,TN,296,miser 
TN296,TN,296,skinflint 
TN296,TN,296,tightwad 
TN297,TN,297,tightwad 
TN298,TN,298,-
TN299,TN,299,tightwad 
TN300,TN,300,tightwad 
TN301,TN,301,beat [n.] 
TN301,TN,301,stingy [adj.] 
TN301,TN,301,beat [n.] 
TN302,TN,302,stingy [adj.] 
TN302,TN,302,tightwad 
TN303,TN,303,close [adj.] 
TN303,TN,303,sissy [= tightwad] 
TN303,TN,303,stingy [adj.] 
TN303,TN,303,tightwad 
TN304,TN,304,stingy [adj.] 
TN304,TN,304,tightwad 
TN305,TN,305,miser 
TN305,TN,305,tightwad 
TN306,TN,306,miser 
TN307,TN,307,miser 
TN307,TN,307,tightwad 
TN308,TN,308,-
TN309,TN,309,cheap [adj.] 
TN309,TN,309,miser 
TN310,TN,310,penny pincher 
TN310,TN,310,tightwad 
TN311,TN,311,miser 
TN311,TN,311,penny pincher 
TN312,TN,312,stingy [adj.] 
TN313,TN,313,tightwad 
TN314,TN,314,miser 
TN314,TN,314,tightwad 
TN315,TN,315,stingy [adj.] 
TN316,TN,316,-
TN317,TN,317,stingy [adj.] 
TN317,TN,317,tightwad 
TN318,TN,318,-
TN319,TN,319,-
TN320,TN,320,pure stinginess 
TN320,TN,320,tight [adj.] 
TN321,TN,321,tightwad 
TN322,TN,322,miser 
TN322,TN,322,penny pincher 
TN322,TN,322,stingy [adj.] 
TN322,TN,322,tightwad 
TN323,TN,323,stingy [adj.] 
TN324,TN,324,stingy [adj.] 
TN324,TN,324,tightwad 
TN325,TN,325,tightwad 
TN326,TN,326,cheapskate 
TN326,TN,326,stingy [adj.] 
TN326,TN,326,tight [adj.] 
TN326,TN,326,tightwad 
TN326,TN,326,natural-born sponge 
TN327,TN,327,miser 
TN327,TN,327,tightwad 
TN328,TN,328,miserly [adj.] 
TN328,TN,328,stingy [adj.] 
TN329,TN,329,tightwad 
TN330,TN,330,miser 
TN330,TN,330,tightwad 
TN331,TN,331,-
TN332,TN,332,miser 
TN332,TN,332,tight [adj.] 
TN332,TN,332,tightwad 
TN332,TN,332,crook 
TN332,TN,332,deadbeat 
TN333,TN,333,miser 
TN333,TN,333,tightwad 
TN334,TN,334,miser 
TN334,TN,334,stingy [adj.] 
TN334,TN,334,tightwad 
TN335,TN,335,-
TN336,TN,336,tightwad 
AL337,AL,337,-
AL338,AL,338,miser 
AL338,AL,338,tightwad 
AL339,AL,339,-
AL340,AL,340,money lover 
AL341,AL,341,-
AL342,AL,342,-
AL343,AL,343,Jew 
AL343,AL,343,penny pincher 
AL343,AL,343,poor mouth 
AL343,AL,343,tightwad 
AL344,AL,344,stingy [adj.] 
AL345,AL,345,stingy [adj.] 
AL346,AL,346,-
AL347,AL,347,-
AL348,AL,348,miser 
AL348,AL,348,tight [adj.] 
AL348,AL,348,tightwad 
AL349,AL,349,miser 
AL350,AL,350,-
AL351,AL,351,miser 
AL352,AL,352,cheapo 
AL352,AL,352,cheapskate 
AL352,AL,352,miser 
AL352,AL,352,spendthrift 
AL352,AL,352,tightwad 
AL353,AL,353,stingy [adj.] 
AL354,AL,354,stingy [adj.] 
AL354,AL,354,tightwad 
AL355,AL,355,-
AL356,AL,356,miser 
AL356,AL,356,Scrooge 
AL356,AL,356,stingy [adj.] 
AL356,AL,356,tightwad 
AL357,AL,357,tightwad 
AL358,AL,358,stingy [adj.] 
AL358,AL,358,tightwad 
AL359,AL,359,cheapskate 
AL359,AL,359,tightwad 
AL360,AL,360,miser 
AL360,AL,360,stingy [adj.] 
AL361,AL,361,miser 
AL361,AL,361,penny pincher 
AL362,AL,362,stingy [adj.] 
AL362,AL,362,tightwad 
AL363,AL,363,stingy [adj.] 
AL363,AL,363,tightwad 
AL364,AL,364,stingy [adj.] 
AL364,AL,364,tightwad 
AL365,AL,365,tight [adj.] 
AL365,AL,365,tightwad 
AL366,AL,366,-
AL367,AL,367,stingy thing 
AL367,AL,367,tightwad 
AL368,AL,368,-
AL369,AL,369,tightwad 
AL370,AL,370,miser 
AL370,AL,370,tightwad 
AL370,AL,370,wad [= tightwad] 
AL371,AL,371,-
AL372,AL,372,grouch 
AL372,AL,372,stingy [adj.] 
AL372,AL,372,thrifty [adj.] 
AL373,AL,373,-
AL374,AL,374,miser 
AL374,AL,374,penny pincher 
AL375,AL,375,-
AL376,AL,376,-
AL377,AL,377,stingy [adj.] 
AL378,AL,378,-
AL379,AL,379,-
AL380,AL,380,-
AL381,AL,381,-
AL382,AL,382,tightwad 
AL383,AL,383,miser 
AL383,AL,383,spendthrift 
AL383,AL,383,stingy [adj.] 
AL383,AL,383,tightwad 
AL384,AL,384,miser 
AL384,AL,384,stingy [adj.] 
AL384,AL,384,tightwad 
AL385,AL,385,tightwad 
AL386,AL,386,miser 
AL386,AL,386,selfish [adj.] 
AL386,AL,386,stingy [adj.] 
AL386,AL,386,tightwad 
AL387,AL,387,tight [adj.] 
AL387,AL,387,tightwad 
AL388,AL,388,griper 
AL388,AL,388,griping [adj.] 
AL388,AL,388,stingy [adj.] 
AL389,AL,389,stingy [adj.] 
AL389,AL,389,tight [adj.] 
AL390,AL,390,miser 
AL390,AL,390,pinchpenny 
AL390,AL,390,stingy [adj.] 
AL390,AL,390,tight [adj.] 
AL391,AL,391,miser 
AL391,AL,391,tightwad 
AL392,AL,392,tightwad 
AL392,AL,392,would pinch a nickel to try to make a dime out of it 
AL392,AL,392,bum 
AL392,AL,392,regular bum 
AL393,AL,393,-
AL394,AL,394,miser 
AL394,AL,394,tightwad 
AL395,AL,395,miser 
AL395,AL,395,tight [adj.] 
AL396,AL,396,-
AL397,AL,397,stingy [adj.] 
AL398,AL,398,chinchy [adj.] 
AL398,AL,398,stingy [adj.] 
AL399,AL,399,tightwad 
AL400,AL,400,miser 
AL400,AL,400,stingy [adj.] 
AL400,AL,400,tightwad 
AL401,AL,401,close [adj.] 
AL402,AL,402,stingy [adj.] 
AL403,AL,403,nit 
AL404,AL,404,frugal [adj.] 
AL404,AL,404,pinchpenny 
AL404,AL,404,stingy [adj.] 
AL405,AL,405,penny pincher 
AL405,AL,405,tight [adj.] 
AL405,AL,405,tightwad 
AL406,AL,406,stingy [adj.] 
AL407,AL,407,stingy [adj.] 
AL408,AL,408,tightwad 
AL409,AL,409,tightwad 
AL409,AL,409,parasite 
AL410,AL,410,stingy [adj.] 
AL411,AL,411,stingy [adj.] 
AL412,AL,412,-
AL413,AL,413,-
AL414,AL,414,miser 
AL414,AL,414,tightwad 
AL415,AL,415,stingy [adj.] 
AL416,AL,416,miser 
AL416,AL,416,tightwad 
AL417,AL,417,miser 
AL417,AL,417,tightwad 
AL418,AL,418,cheap [adj.] 
AL418,AL,418,cheapskate 
AL418,AL,418,miser 
AL418,AL,418,stingy [adj.] 
AL419,AL,419,close [adj.] 
AL419,AL,419,miser 
AL419,AL,419,stingy [adj.] 
AL419,AL,419,tight [adj.] 
AL420,AL,420,-
AL421,AL,421,tightwad 
AL422,AL,422,stingy [adj.] 
AL422,AL,422,tightwad 
AL423,AL,423,miser 
AL423,AL,423,stingy [adj.] 
AL423,AL,423,tightwad 
AL424,AL,424,stingy [adj.] 
AL424,AL,424,tight [adj.] 
AL425,AL,425,-
AL426,AL,426,selfish person 
AL426,AL,426,stingy person 
AL427,AL,427,stingy [adj.] 
AL427,AL,427,tightwad 
AL428,AL,428,miser 
AL428,AL,428,stingy [adj.] 
AL429,AL,429,-
AL430,AL,430,miser 
AL431,AL,431,stingy [adj.] 
AL431,AL,431,tightwad 
AL432,AL,432,-
AL433,AL,433,stingy [adj.] 
AL433,AL,433,tightwad 
AL434,AL,434,stingy [adj.] 
AL434,AL,434,tight [adj.] 
AL435,AL,435,skinflint 
AL435,AL,435,stingy [adj.] 
AL435,AL,435,tightwad 
AL436,AL,436,stingy [adj.] 
AL437,AL,437,miser 
AL437,AL,437,skinflint 
AL437,AL,437,tightwad 
AL438,AL,438,nitty [adj.] 
AL439,AL,439,miser 
AL440,AL,440,miser 
AL440,AL,440,tightwad 
AL441,AL,441,Scrooge 
AL442,AL,442,miser 
AL442,AL,442,stingy [adj.] 
AL443,AL,443,cheapskate 
AL444,AL,444,tightwad 
AL445,AL,445,miser 
AL445,AL,445,stingy [adj.] 
AL445,AL,445,tightwad 
AL446,AL,446,-
AL447,AL,447,miser 
AL447,AL,447,stingy [adj.] 
AL448,AL,448,miser 
AL448,AL,448,tight [adj.] 
AL449,AL,449,greedy [adj.] 
AL449,AL,449,stingy [adj.] 
AL450,AL,450,progressive [adj.] 
AL450,AL,450,stingy [adj.] 
AL450,AL,450,tightwad 
AL450,AL,450,grafter 
AL451,AL,451,miser 
AL451,AL,451,stingy [adj.] 
AL451,AL,451,tightwad 
FL452,FL,452,frugal [adj.] 
FL452,FL,452,miserly [adj.] 
FL452,FL,452,Scrooge 
FL453,FL,453,-
FL454,FL,454,tight [adj.] 
FL455,FL,455,tightwad 
FL456,FL,456,chintzy [adj.] 
FL456,FL,456,close [adj.] 
FL456,FL,456,stingy [adj.] 
FL456,FL,456,tightwad 
FL457,FL,457,tightwad 
FL458,FL,458,miser 
FL458,FL,458,skinflint 
FL458,FL,458,stingy [adj.] 
FL459,FL,459,-
FL460,FL,460,tightwad 
FL461,FL,461,tightwad 
FL462,FL,462,close as the bark on a hickory 
FL462,FL,462,stingy rascal 
FL463,FL,463,-
FL464,FL,464,nit 
FL464,FL,464,stingy [adj.] 
FL465,FL,465,stingy [adj.] 
FL465,FL,465,tightwad 
FL466,FL,466,miser 
FL466,FL,466,stingy [adj.] 
FL466,FL,466,tight [adj.] 
FL467,FL,467,stingy [adj.] 
FL468,FL,468,stingy [adj.] 
FL469,FL,469,stingy [adj.] 
FL470,FL,470,miser 
FL470,FL,470,penny pincher 
FL470,FL,470,Scrooge 
FL471,FL,471,miser 
FL471,FL,471,stingy [adj.] 
AL472,AL,472,money lover 
AL472,AL,472,tightwad 
AL473,AL,473,-
AL474,AL,474,tightwad 
AL475,AL,475,stingy [adj.] 
AL475,AL,475,tightwad 
AL476,AL,476,skinflint 
AL476,AL,476,tightwad 
AL477,AL,477,miser 
AL477,AL,477,stingy [adj.] 
AL478,AL,478,-
AL479,AL,479,-
AL480,AL,480,tightwad 
AL481,AL,481,don't want to get up off their cash 
AL481,AL,481,nitty [adj.] 
AL481,AL,481,penny pincher 
AL481,AL,481,stingy [adj.] 
AL482,AL,482,miser 
AL482,AL,482,Scrooge 
AL482,AL,482,tightwad 
AL483,AL,483,-
AL484,AL,484,miser 
AL484,AL,484,Scrooge 
AL484,AL,484,skinflint 
AL485,AL,485,-
TN486,TN,486,-
TN487,TN,487,miser 
TN487,TN,487,niggardly [adj.] 
TN487,TN,487,stingy gut 
TN488,TN,488,miser 
TN488,TN,488,tightwad 
TN489,TN,489,money lover 
TN489,TN,489,(money) worshiper 
TN489,TN,489,slave master 
TN489,TN,489,stingy [adj.] 
TN490,TN,490,chintzy [adj.] 
TN490,TN,490,miser 
TN490,TN,490,penny pincher 
TN490,TN,490,Scrooge 
TN490,TN,490,stingy [adj.] 
TN490,TN,490,tightwad 
TN491,TN,491,-
TN492,TN,492,stingy gut 
TN492,TN,492,tightwad 
TN493,TN,493,miser 
TN493,TN,493,tightwad 
TN494,TN,494,miser 
TN494,TN,494,tightwad 
TN495,TN,495,stingy [adj.] 
TN496,TN,496,stingy [adj.] 
TN496,TN,496,tight [adj.] 
TN496,TN,496,tightwad 
TN497,TN,497,-
TN498,TN,498,miser 
TN498,TN,498,stingy [adj.] 
TN499,TN,499,miser 
TN500,TN,500,-
TN501,TN,501,stingy [adj.] 
TN502,TN,502,stingy [adj.] 
TN502,TN,502,tightwad 
TN503,TN,503,-
TN504,TN,504,miser 
TN504,TN,504,skinflint 
TN504,TN,504,tightwad 
TN505,TN,505,stingy [adj.] 
TN505,TN,505,tight [adj.] 
TN506,TN,506,-
TN507,TN,507,-
TN508,TN,508,miser 
TN508,TN,508,skinflint 
TN508,TN,508,tightwad 
TN509,TN,509,-
TN510,TN,510,-
TN511,TN,511,Scrooge 
TN511,TN,511,tightwad 
TN512,TN,512,-
TN513,TN,513,miser 
TN513,TN,513,spendthrift 
TN513,TN,513,tightwad 
TN514,TN,514,tightwad 
TN515,TN,515,stingy [adj.] 
TN516,TN,516,miser 
TN517,TN,517,miser 
TN517,TN,517,penurious [adj.] 
TN517,TN,517,skinflint 
TN517,TN,517,tightwad 
TN518,TN,518,miser 
TN518,TN,518,stingy [adj.] 
TN518,TN,518,tight [adj.] 
TN519,TN,519,miser 
TN519,TN,519,tightwad 
MS520,MS,520,-
MS521,MS,521,miser 
MS522,MS,522,stingy [adj.] 
MS523,MS,523,-
MS524,MS,524,tightwad 
MS525,MS,525,stingy [adj.] 
MS526,MS,526,-
MS527,MS,527,miser 
MS527,MS,527,tight-fisted person 
MS527,MS,527,tightwad 
MS528,MS,528,-
MS529,MS,529,-
MS530,MS,530,close [adj.] 
MS530,MS,530,miser 
MS530,MS,530,stingy [adj.] 
MS530,MS,530,beater 
MS531,MS,531,-
MS532,MS,532,tightwad 
MS533,MS,533,miser 
MS533,MS,533,stingy [adj.] 
MS533,MS,533,tightwad 
MS534,MS,534,-
MS535,MS,535,miser 
MS535,MS,535,stingy [adj.] 
MS535,MS,535,tightwad 
MS536,MS,536,-
MS537,MS,537,stingy [adj.] 
MS538,MS,538,cheapskate 
MS539,MS,539,miser 
MS539,MS,539,tight [adj.] 
MS539,MS,539,tightwad 
MS540,MS,540,-
MS541,MS,541,miser 
MS541,MS,541,stingy [adj.] 
MS541,MS,541,tightwad 
MS541,MS,541,moocher 
MS542,MS,542,tightwad 
MS543,MS,543,tight [adj.] 
MS544,MS,544,hoarder 
MS544,MS,544,miser 
MS544,MS,544,tightwad 
MS545,MS,545,miser 
MS546,MS,546,-
MS547,MS,547,miser 
MS547,MS,547,tightwad 
MS548,MS,548,stingy [adj.] 
MS548,MS,548,tightwad 
MS549,MS,549,miser 
MS549,MS,549,tightwad 
MS550,MS,550,-
MS551,MS,551,-
MS552,MS,552,-
MS553,MS,553,-
MS554,MS,554,-
MS555,MS,555,-
MS556,MS,556,miser 
MS556,MS,556,stingy [adj.] 
MS556,MS,556,tightwad 
MS557,MS,557,tightwad 
MS557,MS,557,chiseler 
MS558,MS,558,cheap [adj.] 
MS559,MS,559,-
MS560,MS,560,-
MS561,MS,561,-
MS562,MS,562,miser 
MS562,MS,562,skinflint 
MS562,MS,562,tightwad 
MS563,MS,563,miser 
MS563,MS,563,tight as paper on the wall 
MS563,MS,563,tightwad 
MS564,MS,564,cheap [adj.] 
MS564,MS,564,miser 
MS564,MS,564,penny pincher 
MS564,MS,564,tightwad 
MS565,MS,565,miser 
MS565,MS,565,tightwad 
MS566,MS,566,-
MS567,MS,567,-
MS568,MS,568,-
MS569,MS,569,rascal 
MS569,MS,569,stingy [n.] 
MS569,MS,569,tightwad 
MS570,MS,570,tightwad 
MS571,MS,571,tight guy 
MS571,MS,571,swindle [n.] 
MS572,MS,572,tightwad 
MS572,MS,572,slick talker 
MS573,MS,573,-
MS574,MS,574,penny pincher 
MS574,MS,574,stingy [adj.] 
MS574,MS,574,tightwad 
MS575,MS,575,stingy [adj.] 
MS575,MS,575,tightwad 
MS576,MS,576,cheap [adj.] 
MS576,MS,576,tightwad 
MS577,MS,577,cheap [adj.] 
MS577,MS,577,close one 
MS577,MS,577,tight [adj.] 
MS578,MS,578,greedy gut 
MS578,MS,578,stingy [adj.] 
MS579,MS,579,stingy [adj.] 
MS579,MS,579,tightwad 
MS580,MS,580,stingy [adj.] 
MS580,MS,580,chiseler 
MS581,MS,581,-
MS582,MS,582,miser 
MS582,MS,582,skinflint 
MS582,MS,582,tightwad 
MS582,MS,582,cheat [n.] 
MS583,MS,583,-
MS584,MS,584,stingy [adj.] 
MS584,MS,584,tightwad 
MS585,MS,585,close [adj.] 
MS585,MS,585,tight [adj.] 
MS586,MS,586,-
MS587,MS,587,stingy [adj.] 
MS587,MS,587,tight [adj.] 
MS587,MS,587,hustler 
MS588,MS,588,tightwad 
MS589,MS,589,miser 
MS589,MS,589,tightwad 
MS590,MS,590,-
MS591,MS,591,miser 
MS591,MS,591,tightwad 
MS592,MS,592,-
MS593,MS,593,stingy [adj.] 
MS593,MS,593,tight [adj.] 
MS594,MS,594,tightwad 
MS595,MS,595,miser 
MS595,MS,595,tightwad 
MS596,MS,596,stingy [adj.] 
MS596,MS,596,bummer 
MS597,MS,597,miser 
MS597,MS,597,tightwad 
MS598,MS,598,miser 
MS598,MS,598,skinflint 
MS598,MS,598,tightwad 
MS599,MS,599,stingy [adj.] 
MS599,MS,599,tightwad 
MS600,MS,600,close [adj.] 
MS600,MS,600,stingy [n.] 
MS600,MS,600,stingy person 
MS600,MS,600,tight [adj.] 
MS600,MS,600,tight-fisted person 
MS601,MS,601,miser 
MS601,MS,601,tightwad 
MS602,MS,602,tight [adj.] 
MS603,MS,603,-
MS604,MS,604,-
MS605,MS,605,money lover 
MS605,MS,605,rich fool 
MS606,MS,606,-
MS607,MS,607,-
MS608,MS,608,tight [adj.] 
MS609,MS,609,stingy [adj.] 
MS610,MS,610,stingy [adj.] 
MS611,MS,611,miser 
MS611,MS,611,stingy [adj.] 
MS612,MS,612,stingy [adj.] 
MS613,MS,613,miser 
MS613,MS,613,penny pincher 
MS613,MS,613,Scrooge 
MS613,MS,613,tightwad 
MS614,MS,614,-
MS615,MS,615,miser 
MS615,MS,615,stingy [adj.] 
MS616,MS,616,miser 
MS616,MS,616,tightwad 
MS617,MS,617,miser 
MS617,MS,617,tightwad 
MS618,MS,618,-
MS619,MS,619,-
MS620,MS,620,miser 
MS621,MS,621,tightwad 
MS621,MS,621,chiseler 
MS622,MS,622,miser 
MS622,MS,622,tightwad 
MS623,MS,623,-
MS624,MS,624,miser 
MS624,MS,624,penny pincher 
MS624,MS,624,tightwad 
MS625,MS,625,tightwad 
MS625,MS,625,bum 
MS626,MS,626,-
MS627,MS,627,tight [adj.] 
MS628,MS,628,miser 
MS628,MS,628,stingy [adj.] 
MS628,MS,628,tightwad 
MS629,MS,629,tight [adj.] 
MS629,MS,629,moocher 
LA630,LA,630,tightwad 
LA631,LA,631,-
LA632,LA,632,miser 
LA633,LA,633,-
LA634,LA,634,stingy [adj.] 
LA634,LA,634,tightwad 
LA635,LA,635,miser 
LA635,LA,635,tightwad 
LA636,LA,636,miser 
LA636,LA,636,tightwad 
LA637,LA,637,-
LA638,LA,638,close [adj.] 
LA638,LA,638,stingy [adj.] 
LA639,LA,639,tightwad 
LA640,LA,640,stingy [adj.] 
LA640,LA,640,tight [adj.] 
LA641,LA,641,miser 
LA641,LA,641,stingy [adj.] 
LA641,LA,641,tight [adj.] 
LA642,LA,642,-
LA643,LA,643,miser 
LA643,LA,643,tightwad 
LA644,LA,644,-
LA645,LA,645,-
LA646,LA,646,close [adj.] 
LA646,LA,646,miser 
LA646,LA,646,tight [adj.] 
LA646,LA,646,tightwad 
LA647,LA,647,-
LA648,LA,648,stingy [adj.] 
LA648,LA,648,tightwad 
LA649,LA,649,penny pincher 
LA649,LA,649,tightwad 
LA650,LA,650,miser 
LA651,LA,651,-
LA652,LA,652,tightwad 
LA653,LA,653,miserly [adj.] 
LA653,LA,653,Scotch 
LA653,LA,653,stingy [adj.] 
LA653,LA,653,tight [adj.] 
LA654,LA,654,-
LA655,LA,655,miser 
LA655,LA,655,tightwad 
LA656,LA,656,miser 
LA656,LA,656,penny pincher 
LA657,LA,657,cheapskate 
LA657,LA,657,miser 
LA657X,LA,657X,miser 
LA657X,LA,657X,penny pincher 
LA657Y,LA,657Y,miser 
LA657Y,LA,657Y,tight [adj.] 
LA657Z,LA,657Z,miser 
LA657Z,LA,657Z,penny pincher 
LA657Z,LA,657Z,persimmon 
LA658,LA,658,mean [adj.] 
LA658,LA,658,stingy [adj.] 
LA658,LA,658,stingy [n.] 
LA658,LA,658,tight [adj.] 
LA658,LA,658,mooch [n.] 
LA659,LA,659,"chiche, le [F] "
LA659,LA,659,"malin, un [F] "
LA659,LA,659,miser 
LA659,LA,659,tight [adj.] 
LA659,LA,659,con man 
LA659,LA,659,moocher 
LA660,LA,660,stingy [adj.] 
LA661,LA,661,stingy [adj.] 
LA661,LA,661,tightwad 
LA662,LA,662,miser 
LA662,LA,662,tightwad 
LA663,LA,663,-
LA664,LA,664,-
LA665,LA,665,tight [adj.] 
LA666,LA,666,miser 
LA666,LA,666,slicker 
LA667,LA,667,tight character 
LA668,LA,668,miser 
LA668,LA,668,stingy [adj.] 
LA668,LA,668,tight [adj.] 
LA669,LA,669,miser 
LA669,LA,669,stingy [adj.] 
LA669,LA,669,tightwad 
LA670,LA,670,stingy [adj.] 
LA670,LA,670,moocher 
LA671,LA,671,dago [= tightwad] 
LA671,LA,671,tightwad 
LA672,LA,672,tight head 
LA673,LA,673,miser 
LA673,LA,673,tight-fisted person 
LA673,LA,673,tightwad 
AR674,AR,674,stingy [adj.] 
AR674,AR,674,tight [adj.] 
AR674,AR,674,tightwad 
AR675,AR,675,penny pincher 
AR675,AR,675,tightwad 
AR676,AR,676,-
AR677,AR,677,Scrooge 
AR677,AR,677,tightwad 
AR678,AR,678,miser 
AR678,AR,678,tightwad 
AR679,AR,679,miser 
AR679,AR,679,tightwad 
AR680,AR,680,skinflint 
AR680,AR,680,tight [adj.] 
AR680,AR,680,tightwad 
AR681,AR,681,got the first dime he ever made 
AR681,AR,681,tight [n.] 
AR682,AR,682,tightwad 
AR683,AR,683,chinchy [adj.] 
AR683,AR,683,miser 
AR684,AR,684,-
AR685,AR,685,tightwad 
AR686,AR,686,chinchy [adj.] 
AR686,AR,686,miser 
AR686,AR,686,tightwad 
AR687,AR,687,miser 
AR687,AR,687,penny pincher 
AR687,AR,687,stingy [adj.] 
AR687,AR,687,tightwad 
AR687,AR,687,chiseler 
AR688,AR,688,close [adj.] 
AR688,AR,688,stingy [adj.] 
AR688,AR,688,tight [adj.] 
AR689,AR,689,miser 
AR689,AR,689,tightwad 
AR690,AR,690,-
AR691,AR,691,-
AR692,AR,692,-
AR693,AR,693,miser 
AR693,AR,693,tightwad 
AR694,AR,694,tightwad 
AR695,AR,695,spendthrift 
AR695,AR,695,tightwad 
AR696,AR,696,miser 
AR696,AR,696,tightwad 
AR696,AR,696,slicker 
AR697,AR,697,stingy [adj.] 
AR697,AR,697,tightwad 
AR698,AR,698,-
AR699,AR,699,-
AR700,AR,700,-
AR701,AR,701,miser 
AR701,AR,701,tightwad 
AR702,AR,702,-
AR703,AR,703,-
AR704,AR,704,tightwad 
AR704,AR,704,cheater 
AR705,AR,705,miserly [adj.] 
AR705,AR,705,stingy [adj.] 
AR705,AR,705,thrifty [adj.] 
AR705,AR,705,tightwad 
AR706,AR,706,-
AR707,AR,707,miser 
AR707,AR,707,tight [adj.] 
AR708,AR,708,-
AR709,AR,709,chintzy [adj.] 
AR709,AR,709,miser 
AR709,AR,709,tightwad 
AR710,AR,710,miser 
AR710,AR,710,tight [adj.] 
AR711,AR,711,close [adj.] 
AR711,AR,711,stingy [adj.] 
AR711,AR,711,tightwad 
AR712,AR,712,tightwad 
AR713,AR,713,tightwad 
AR714,AR,714,miser 
AR714,AR,714,stingy [adj.] 
AR714,AR,714,tightwad 
AR715,AR,715,tightwad 
AR716,AR,716,tightwad 
AR717,AR,717,stingy [adj.] 
AR717,AR,717,tightwad 
AR718,AR,718,tightwad 
AR719,AR,719,-
AR720,AR,720,stinge [n.] 
AR721,AR,721,miser 
AR721,AR,721,skinflint 
AR721,AR,721,stingy man 
AR721,AR,721,tightwad 
AR722,AR,722,tightwad 
AR723,AR,723,tightwad 
AR724,AR,724,stingy [adj.] 
AR725,AR,725,Scrooge 
AR725,AR,725,tightwad 
AR726,AR,726,stingy [adj.] 
AR726,AR,726,tightwad 
AR727,AR,727,miser 
AR728,AR,728,stingy [adj.] 
AR728,AR,728,tightwad 
AR728,AR,728,sponger 
AR729,AR,729,stingy [adj.] 
AR729,AR,729,tight [adj.] 
AR730,AR,730,stingy [adj.] 
AR730,AR,730,tight [adj.] 
AR731,AR,731,tightwad 
AR732,AR,732,miser 
AR732,AR,732,tightwad 
AR733,AR,733,-
AR734,AR,734,tightwad 
AR735,AR,735,miser 
AR735,AR,735,tightwad 
AR736,AR,736,miser 
AR737,AR,737,tightwad 
AR738,AR,738,miser 
AR738,AR,738,tightwad 
AR739,AR,739,-
AR740,AR,740,stingy [adj.] 
AR740,AR,740,tightwad 
AR741,AR,741,miser 
AR741,AR,741,Scotch 
AR741,AR,741,tightwad 
AR742,AR,742,stingy [adj.] 
AR742,AR,742,tight [adj.] 
AR743,AR,743,-
AR744,AR,744,-
AR745,AR,745,-
AR746,AR,746,-
AR747,AR,747,Scrooge 
AR747,AR,747,tightwad 
AR748,AR,748,stingy [adj.] 
AR748,AR,748,tight [adj.] 
AR749,AR,749,miser 
AR749,AR,749,tightwad 
AR750,AR,750,-
AR751,AR,751,miser 
AR751,AR,751,skinflint 
AR751,AR,751,tightwad 
AR751,AR,751,moocher 
AR752,AR,752,miser 
AR752,AR,752,tightwad 
AR752,AR,752,manipulator 
AR753,AR,753,penny pincher 
AR753,AR,753,tightwad 
AR754,AR,754,close [adj.] 
AR754,AR,754,stingy [adj.] 
AR754,AR,754,tight [adj.] 
AR754,AR,754,beater 
AR754,AR,754,chiseler 
AR755,AR,755,cheap [adj.] 
AR755,AR,755,miser 
AR755,AR,755,selfish [adj.] 
AR755,AR,755,tightwad 
LA756,LA,756,stingy [adj.] 
LA756,LA,756,tight [adj.] 
LA757,LA,757,miser 
LA757,LA,757,penny pincher 
LA757,LA,757,thrify person 
LA758,LA,758,miser 
LA758,LA,758,stingy [adj.] 
LA758,LA,758,tightwad 
LA759,LA,759,-
LA760,LA,760,-
LA761,LA,761,stingy [adj.] 
LA762,LA,762,miser 
LA762,LA,762,stingy [adj.] 
LA762,LA,762,tightwad 
LA762,LA,762,leech 
LA763,LA,763,-
LA764,LA,764,selfish fellow 
LA764,LA,764,stingy [adj.] 
LA765,LA,765,miser 
LA765,LA,765,penny grabber 
LA765,LA,765,penny pincher 
LA766,LA,766,stingy [adj.] 
LA767,LA,767,miser 
LA767,LA,767,skinflint 
LA767,LA,767,tightwad 
LA768,LA,768,stingy [adj.] 
LA768,LA,768,tight [adj.] 
LA769,LA,769,tightwad 
LA770,LA,770,Scrooge 
LA770,LA,770,tightwad 
LA771,LA,771,snitcher 
LA772,LA,772,-
LA773,LA,773,dollar hoarder 
LA773,LA,773,live close to [D-O] hog 
LA773,LA,773,miser 
LA773,LA,773,tightwad 
LA773,LA,773,city slicker 
LA774,LA,774,-
LA775,LA,775,grouchy [adj.] 
LA775,LA,775,stingy [adj.] 
LA776,LA,776,skinflint 
LA776,LA,776,tightwad 
LA777,LA,777,cheap [adj.] 
LA777,LA,777,tightwad 
LA778,LA,778,miser 
LA778,LA,778,skinflint 
LA779,LA,779,-
LA780,LA,780,greedy [adj.] 
LA780,LA,780,miser 
LA780,LA,780,tightwad 
LA781,LA,781,-
LA782,LA,782,miser 
LA782,LA,782,tightwad 
LA783,LA,783,stingy [adj.] 
LA783,LA,783,tightwad 
LA784,LA,784,-
LA785,LA,785,skinflint 
LA786,LA,786,miser 
LA786,LA,786,short [adj.] 
LA787,LA,787,miser 
LA787,LA,787,skinflint 
LA788,LA,788,tightwad 
LA789,LA,789,stingy [adj.] 
LA789,LA,789,tight [adj.] 
LA789,LA,789,tightwad 
LA790,LA,790,stingy [adj.] 
LA790,LA,790,tight [adj.] 
LA790,LA,790,chiseler 
LA791,LA,791,money miser 
LA791,LA,791,tightwad 
LA791,LA,791,finagler 
LA791,LA,791,schemer 
LA792,LA,792,miser 
LA792,LA,792,tightwad 
LA793,LA,793,-
LA794,LA,794,close [adj.] 
LA794,LA,794,selfish [adj.] 
LA794,LA,794,stingy [adj.] 
LA794,LA,794,tightwad 
LA795,LA,795,-
LA796,LA,796,tightwad 
LA797,LA,797,tight [adj.] 
LA798,LA,798,miser 
LA798,LA,798,tightwad 
LA799,LA,799,-
LA800,LA,800,miser 
LA801,LA,801,close [adj.] 
LA801,LA,801,stingy [adj.] 
LA801,LA,801,tightwad 
LA802,LA,802,tightwad 
LA803,LA,803,-
LA804,LA,804,-
LA805,LA,805,stingy person 
LA806,LA,806,miser 
LA807,LA,807,tightwad 
LA808,LA,808,stingy [adj.] 
LA809,LA,809,miser 
LA809,LA,809,tightwad 
LA810,LA,810,too tight to spend it 
LA811,LA,811,tight [adj.] 
LA812,LA,812,-
LA813,LA,813,miser 
LA813,LA,813,tightwad 
LA814,LA,814,stingy [adj.] 
LA814,LA,814,tight [adj.] 
LA815,LA,815,-
LA816,LA,816,miser 
LA816,LA,816,tight [adj.] 
LA817,LA,817,miser 
TX818,TX,818,-
TX819,TX,819,cheapskate 
TX819,TX,819,miser 
TX820,TX,820,miser 
TX821,TX,821,stingy [adj.] 
TX821,TX,821,tight [adj.] 
TX822,TX,822,miser 
TX822,TX,822,skinflint 
TX822,TX,822,stingy [adj.] 
TX823,TX,823,money pincher 
TX824,TX,824,stingy [adj.] 
TX824,TX,824,tightwad 
TX825,TX,825,miser 
TX825,TX,825,saving with his money 
TX825,TX,825,stingy [adj.] 
TX825,TX,825,tightwad 
TX826,TX,826,bulge pockets 
TX826,TX,826,tightwad 
TX827,TX,827,miser 
TX827,TX,827,stingy [adj.] 
TX827,TX,827,tightwad 
TX828,TX,828,skinflint 
TX829,TX,829,close [adj.] 
TX829,TX,829,miser 
TX830,TX,830,miser 
TX830,TX,830,penny pincher 
TX830,TX,830,tightwad 
TX831,TX,831,miser 
TX831,TX,831,tightwad 
TX832,TX,832,-
TX833,TX,833,miser 
TX833,TX,833,tightwad 
TX834,TX,834,niggardly [adj.] 
TX834,TX,834,stingy [adj.] 
TX834,TX,834,tight [adj.] 
TX835,TX,835,stingy [adj.] 
TX835,TX,835,tight [adj.] 
TX836,TX,836,short [adj.] 
TX836,TX,836,stingy [adj.] 
TX836,TX,836,tightfist 
TX837,TX,837,miser 
TX837,TX,837,tightwad 
TX838,TX,838,miser 
TX838,TX,838,tightwad 
TX839,TX,839,saver 
TX839,TX,839,tight [adj.] 
TX840,TX,840,stingy [adj.] 
TX840,TX,840,tightwad 
TX841,TX,841,tightwad 
TX842,TX,842,stingy [adj.] 
TX843,TX,843,miser 
TX843,TX,843,spendthrift 
TX843,TX,843,tightwad 
TX843,TX,843,leech 
TX844,TX,844,grasping [adj.] 
TX844,TX,844,miser 
TX844,TX,844,selfish [adj.] 
TX844,TX,844,stingy [adj.] 
TX845,TX,845,tightwad 
TX846,TX,846,chinch [n.] 
TX846,TX,846,miser 
TX846,TX,846,penny pincher 
TX847,TX,847,-
TX848,TX,848,stingy [adj.] 
TX849,TX,849,tightwad 
TX850,TX,850,tightwad 
TX851,TX,851,tightwad 
TX852,TX,852,miser 
TX852,TX,852,stingy [adj.] 
TX853,TX,853,miser 
TX854,TX,854,miser 
TX854,TX,854,smart [adj.] 
TX854,TX,854,thrifty [adj.] 
TX854,TX,854,tightwad 
TX855,TX,855,miser 
TX855,TX,855,skinflint 
TX855,TX,855,tightwad 
TX856,TX,856,-
TX857,TX,857,miser 
TX858,TX,858,-
TX859,TX,859,miser 
TX859,TX,859,penny pincher 
TX859,TX,859,skinflint 
TX859,TX,859,tightwad 
TX860,TX,860,tight [adj.] 
TX861,TX,861,tight [adj.] 
TX862,TX,862,miser 
TX862,TX,862,penny pincher 
TX863,TX,863,miser 
TX863,TX,863,Scot 
TX864,TX,864,-
TX865,TX,865,miser 
TX865,TX,865,tightwad 
TX866,TX,866,stingy [adj.] 
TX866,TX,866,tight [adj.] 
TX867,TX,867,penny pincher 
TX867,TX,867,moocher 
TX868,TX,868,tight [adj.] 
TX868,TX,868,moocher 
TX869,TX,869,miser 
TX869,TX,869,stingy [adj.] 
TX869,TX,869,tight [adj.] 
TX870,TX,870,skinflint 
TX870,TX,870,tightwad 
TX871,TX,871,-
TX872,TX,872,-
TX873,TX,873,miser 
TX873,TX,873,spendthrift 
TX873,TX,873,stingy [adj.] 
TX874,TX,874,chinchy [adj.] 
TX874,TX,874,tight [adj.] 
TX874,TX,874,tightwad 
TX875,TX,875,hoarder 
TX875,TX,875,miser 
TX876,TX,876,miser 
TX876,TX,876,penny-pinching [adj.] 
TX876,TX,876,tightwad 
TX877,TX,877,skinflint 
TX877,TX,877,stingy [adj.] 
TX877,TX,877,tightwad 
TX878,TX,878,miser 
TX879,TX,879,-
TX880,TX,880,stingy [adj.] 
TX881,TX,881,-
TX882,TX,882,tightwad 
TX882,TX,882,freeloader 
TX883,TX,883,miser 
TX883,TX,883,selfish person 
TX884,TX,884,-
TX885,TX,885,tightwad 
TX886,TX,886,tightwad 
TX887,TX,887,miser 
TX887,TX,887,stingy [adj.] 
TX888,TX,888,gritty [adj.] 
TX888,TX,888,tight [adj.] 
TX889,TX,889,miser 
TX890,TX,890,tightwad 
TX890,TX,890,leech 
TX891,TX,891,miser 
TX891,TX,891,Mister Scrooge 
TX891,TX,891,selfish [adj.] 
TX892,TX,892,tightwad 
TX893,TX,893,miser 
TX893,TX,893,stingy [adj.] 
TX894,TX,894,chinchy [adj.] 
TX894,TX,894,miser 
TX895,TX,895,miser 
TX895,TX,895,stingy person 
TX896,TX,896,-
TX897,TX,897,-
TX898,TX,898,-
TX899,TX,899,-
TX900,TX,900,tight [adj.] 
TX900,TX,900,tightwad 
TX901,TX,901,tightwad 
TX902,TX,902,miser 
TX902,TX,902,tightwad 
TX903,TX,903,-
TX904,TX,904,tightwad 
TX905,TX,905,miser 
TX905,TX,905,penny pincher 
TX905,TX,905,stingy [adj.] 
TX906,TX,906,tightwad 
TX907,TX,907,-
TX908,TX,908,cheap [adj.] 
TX908,TX,908,chintzy [adj.] 
TX908,TX,908,miser 
TX908,TX,908,tightwad 
TX909,TX,909,-
TX910,TX,910,tightwad 
TX911,TX,911,miser 
TX911,TX,911,penny pincher 
