Informant,State,Informant number,Response
TN001,TN,001,D
TN002,TN,002,C
TN003,TN,003,A
TN003,TN,003,C
TN004,TN,004,C
TN005,TN,005,A
TN006,TN,006,A
TN007,TN,007,-
TN008,TN,008,E
TN009,TN,009,B
TN009,TN,009,C
TN010,TN,010,B
TN011,TN,011,A
TN011,TN,011,C
TN012,TN,012,A
TN013,TN,013,C
TN014,TN,014,C
TN015,TN,015,C
TN016,TN,016,B
TN016,TN,016,C
TN017,TN,017,A
TN017,TN,017,B
TN018,TN,018,-
TN019,TN,019,A
TN020,TN,020,E
TN021,TN,021,C
TN022,TN,022,B
TN022,TN,022,C
TN023,TN,023,A
TN024,TN,024,A
TN024,TN,024,C
TN024,TN,024,D
TN025,TN,025,-
TN026,TN,026,A
TN027,TN,027,C
TN028,TN,028,C
TN029,TN,029,C
TN030,TN,030,E
TN031,TN,031,-
TN032,TN,032,B
TN032,TN,032,C
TN033,TN,033,B
TN033,TN,033,C
TN034,TN,034,B
TN035,TN,035,B
TN035,TN,035,C
TN036,TN,036,C
TN037,TN,037,B
TN037,TN,037,D
TN038,TN,038,B
TN038,TN,038,C
TN039,TN,039,C
TN039,TN,039,D
TN040,TN,040,C
TN040,TN,040,D
TN041,TN,041,C
TN042,TN,042,-
TN043,TN,043,C
TN044,TN,044,A
TN044,TN,044,D
TN045,TN,045,B
TN045,TN,045,C
TN046,TN,046,B
TN046,TN,046,C
TN047,TN,047,A
TN048,TN,048,C
TN049,TN,049,C
TN049,TN,049,D
TN050,TN,050,-
TN051,TN,051,C
TN052,TN,052,-
TN053,TN,053,A
TN054,TN,054,C
TN055,TN,055,B
TN055,TN,055,D
TN056,TN,056,B
TN057,TN,057,B
TN058,TN,058,B
TN058,TN,058,C
TN059,TN,059,E
TN060,TN,060,C
GA061,GA,061,-
GA062,GA,062,C
GA063,GA,063,-
GA064,GA,064,C
GA065,GA,065,C
GA066,GA,066,C
GA067,GA,067,-
GA068,GA,068,D
GA069,GA,069,C
GA070,GA,070,B
GA071,GA,071,A
GA071,GA,071,D
GA072,GA,072,C
GA073,GA,073,B
GA073,GA,073,D
GA074,GA,074,-
GA075,GA,075,B
GA075,GA,075,D
GA076,GA,076,B
GA077,GA,077,C
GA077,GA,077,D
GA078,GA,078,C
GA078,GA,078,D
GA079,GA,079,B
GA080,GA,080,-
GA081,GA,081,C
GA081,GA,081,D
GA082,GA,082,-
GA083,GA,083,-
GA084,GA,084,C
GA085,GA,085,A
GA086,GA,086,C
GA087,GA,087,C
GA087,GA,087,D
GA088,GA,088,C
GA088,GA,088,D
GA089,GA,089,D
GA090,GA,090,-
GA091,GA,091,C
GA092,GA,092,C
GA093,GA,093,-
GA094,GA,094,B
GA094,GA,094,D
GA095,GA,095,-
GA096,GA,096,-
GA097,GA,097,B
GA097,GA,097,D
GA098,GA,098,C
GA098,GA,098,D
GA099,GA,099,B
GA100,GA,100,C
GA101,GA,101,B
GA102,GA,102,-
GA103,GA,103,B
GA103,GA,103,D
GA104,GA,104,B
GA105,GA,105,B
GA105,GA,105,C
GA106,GA,106,-
GA107,GA,107,B
GA108,GA,108,B
GA109,GA,109,C
GA109,GA,109,D
GA110,GA,110,-
GA111,GA,111,B
GA112,GA,112,-
GA113,GA,113,C
GA114,GA,114,-
GA115,GA,115,-
GA116,GA,116,A
GA116,GA,116,B
GA117,GA,117,C
GA118,GA,118,-
GA119,GA,119,C
GA120,GA,120,-
GA121,GA,121,-
GA122,GA,122,B
GA123,GA,123,B
GA123,GA,123,D
GA124,GA,124,B
GA124,GA,124,C
GA125,GA,125,B
GA125,GA,125,C
GA126,GA,126,B
GA127,GA,127,-
GA128,GA,128,-
GA129,GA,129,-
GA130,GA,130,D
GA131,GA,131,B
GA131,GA,131,C
GA131,GA,131,D
GA132,GA,132,-
GA133,GA,133,B
GA134,GA,134,C
GA135,GA,135,-
GA136,GA,136,D
GA137,GA,137,B
GA137,GA,137,D
GA138,GA,138,A
GA138,GA,138,B
GA139,GA,139,B
GA140,GA,140,B
GA141,GA,141,C
GA141,GA,141,D
GA142,GA,142,C
GA143,GA,143,C
GA144,GA,144,B
GA145,GA,145,C
GA146,GA,146,C
GA147,GA,147,-
GA148,GA,148,C
GA149,GA,149,A
GA150,GA,150,-
GA151,GA,151,B
GA152,GA,152,A
GA153,GA,153,-
GA154,GA,154,C
GA155,GA,155,-
GA156,GA,156,D
GA157,GA,157,-
GA158,GA,158,D
GA159,GA,159,C
GA160,GA,160,-
GA161,GA,161,B
GA162,GA,162,B
GA163,GA,163,B
GA163,GA,163,D
GA164,GA,164,C
GA165,GA,165,C
GA166,GA,166,C
GA167,GA,167,B
GA167,GA,167,C
GA167,GA,167,D
GA168,GA,168,B
GA168,GA,168,D
GA169,GA,169,-
GA170,GA,170,A
GA170,GA,170,B
GA170,GA,170,D
GA171,GA,171,B
GA171,GA,171,C
GA172,GA,172,B
GA173,GA,173,-
GA174,GA,174,-
GA175,GA,175,D
GA176,GA,176,-
GA177,GA,177,E
GA178,GA,178,-
GA179,GA,179,B
GA180,GA,180,C
GA181,GA,181,C
GA182,GA,182,D
GA183,GA,183,A
GA183,GA,183,D
GA184,GA,184,B
GA185,GA,185,B
GA186,GA,186,B
GA187,GA,187,-
GA188,GA,188,C
GA189,GA,189,B
GA189,GA,189,C
GA190,GA,190,A
GA190,GA,190,C
GA191,GA,191,B
GA191,GA,191,D
GA192,GA,192,-
GA193,GA,193,-
GA194,GA,194,A
GA194,GA,194,C
GA195,GA,195,A
GA195,GA,195,C
GA195,GA,195,D
GA196,GA,196,-
GA197,GA,197,-
GA198,GA,198,-
GA199,GA,199,B
GA199,GA,199,C
GA200,GA,200,B
GA201,GA,201,C
GA202,GA,202,B
GA202,GA,202,C
GA203,GA,203,C
GA204,GA,204,-
GA205,GA,205,-
GA206,GA,206,A
GA207,GA,207,-
GA208,GA,208,D
GA209,GA,209,B
GA210,GA,210,B
GA211,GA,211,A
GA212,GA,212,-
GA213,GA,213,B
GA213,GA,213,C
GA214,GA,214,-
GA215,GA,215,B
GA216,GA,216,-
GA217,GA,217,B
GA217,GA,217,C
GA218,GA,218,-
GA219,GA,219,C
GA220,GA,220,A
GA220,GA,220,B
GA220,GA,220,C
GA221,GA,221,C
GA222,GA,222,-
GA223,GA,223,B
GA224,GA,224,A
GA225,GA,225,-
FL226,FL,226,-
FL227,FL,227,B
FL227,FL,227,C
FL228,FL,228,-
FL229,FL,229,B
FL230,FL,230,D
FL231,FL,231,B
FL232,FL,232,-
FL233,FL,233,B
FL234,FL,234,-
FL235,FL,235,-
FL236,FL,236,C
FL237,FL,237,C
FL238,FL,238,A
FL239,FL,239,-
FL240,FL,240,-
FL241,FL,241,-
FL242,FL,242,C
FL243,FL,243,B
FL243,FL,243,C
FL244,FL,244,C
FL245,FL,245,B
FL245,FL,245,D
FL246,FL,246,C
FL246,FL,246,D
FL247,FL,247,-
FL248,FL,248,-
FL249,FL,249,B
FL249,FL,249,C
FL250,FL,250,-
FL251,FL,251,-
FL252,FL,252,-
FL253,FL,253,B
FL253,FL,253,C
FL254,FL,254,B
FL255,FL,255,D
FL256,FL,256,A
FL257,FL,257,A
FL258,FL,258,C
FL259,FL,259,C
FL260,FL,260,C
FL261,FL,261,-
FL262,FL,262,-
FL263,FL,263,C
FL264,FL,264,A
FL264,FL,264,B
FL265,FL,265,C
FL266,FL,266,B
FL267,FL,267,-
FL268,FL,268,-
FL269,FL,269,-
FL270,FL,270,-
FL271,FL,271,D
FL271,FL,271,E
FL272,FL,272,A
FL272,FL,272,B
FL273,FL,273,C
FL273,FL,273,D
FL274,FL,274,C
FL275,FL,275,B
FL276,FL,276,-
FL277,FL,277,-
FL278,FL,278,B
FL278,FL,278,C
FL278,FL,278,D
FL279,FL,279,-
FL280,FL,280,B
FL281,FL,281,B
FL281,FL,281,C
FL282,FL,282,C
FL283,FL,283,-
FL284,FL,284,B
FL285,FL,285,-
FL286,FL,286,B
FL287,FL,287,-
FL288,FL,288,B
FL288,FL,288,D
FL289,FL,289,A
FL289,FL,289,B
FL289,FL,289,C
TN290,TN,290,A
TN291,TN,291,A
TN292,TN,292,A
TN292,TN,292,C
TN293,TN,293,B
TN294,TN,294,-
TN295,TN,295,B
TN296,TN,296,B
TN297,TN,297,B
TN298,TN,298,B
TN299,TN,299,B
TN300,TN,300,B
TN300,TN,300,C
TN300,TN,300,D
TN301,TN,301,C
TN302,TN,302,B
TN303,TN,303,C
TN304,TN,304,C
TN305,TN,305,B
TN306,TN,306,B
TN307,TN,307,B
TN308,TN,308,-
TN309,TN,309,-
TN310,TN,310,B
TN311,TN,311,-
TN312,TN,312,B
TN313,TN,313,-
TN314,TN,314,B
TN315,TN,315,-
TN316,TN,316,C
TN317,TN,317,B
TN318,TN,318,-
TN319,TN,319,-
TN320,TN,320,-
TN321,TN,321,A
TN321,TN,321,B
TN322,TN,322,-
TN323,TN,323,-
TN324,TN,324,B
TN325,TN,325,-
TN326,TN,326,B
TN327,TN,327,B
TN328,TN,328,B
TN328,TN,328,D
TN329,TN,329,-
TN330,TN,330,B
TN331,TN,331,B
TN332,TN,332,B
TN332,TN,332,C
TN333,TN,333,C
TN334,TN,334,C
TN335,TN,335,-
TN336,TN,336,C
AL337,AL,337,E
AL338,AL,338,B
AL338,AL,338,C
AL339,AL,339,D
AL340,AL,340,A
AL341,AL,341,A
AL342,AL,342,-
AL343,AL,343,B
AL343,AL,343,D
AL344,AL,344,C
AL345,AL,345,B
AL345,AL,345,D
AL346,AL,346,-
AL347,AL,347,C
AL348,AL,348,-
AL349,AL,349,-
AL350,AL,350,C
AL351,AL,351,-
AL352,AL,352,D
AL353,AL,353,C
AL354,AL,354,-
AL355,AL,355,B
AL356,AL,356,B
AL357,AL,357,D
AL358,AL,358,B
AL359,AL,359,B
AL359,AL,359,D
AL360,AL,360,B
AL361,AL,361,C
AL362,AL,362,-
AL363,AL,363,C
AL364,AL,364,C
AL365,AL,365,C
AL366,AL,366,D
AL367,AL,367,-
AL368,AL,368,C
AL369,AL,369,D
AL370,AL,370,C
AL371,AL,371,B
AL372,AL,372,-
AL373,AL,373,B
AL374,AL,374,-
AL375,AL,375,-
AL376,AL,376,C
AL377,AL,377,E
AL378,AL,378,-
AL379,AL,379,-
AL380,AL,380,A
AL381,AL,381,B
AL382,AL,382,B
AL383,AL,383,B
AL383,AL,383,C
AL383,AL,383,D
AL384,AL,384,A
AL384,AL,384,B
AL385,AL,385,-
AL386,AL,386,B
AL386,AL,386,C
AL387,AL,387,B
AL387,AL,387,D
AL388,AL,388,B
AL388,AL,388,D
AL389,AL,389,A
AL389,AL,389,D
AL390,AL,390,B
AL390,AL,390,C
AL390,AL,390,D
AL391,AL,391,B
AL391,AL,391,C
AL391,AL,391,D
AL392,AL,392,C
AL393,AL,393,C
AL394,AL,394,C
AL395,AL,395,C
AL396,AL,396,D
AL397,AL,397,C
AL398,AL,398,B
AL398,AL,398,C
AL399,AL,399,A
AL400,AL,400,C
AL401,AL,401,-
AL402,AL,402,A
AL403,AL,403,B
AL404,AL,404,A
AL404,AL,404,B
AL405,AL,405,-
AL406,AL,406,A
AL407,AL,407,C
AL408,AL,408,C
AL409,AL,409,-
AL410,AL,410,C
AL411,AL,411,A
AL412,AL,412,-
AL413,AL,413,-
AL414,AL,414,-
AL415,AL,415,B
AL415,AL,415,C
AL416,AL,416,B
AL417,AL,417,B
AL417,AL,417,D
AL418,AL,418,C
AL419,AL,419,B
AL419,AL,419,C
AL420,AL,420,-
AL421,AL,421,-
AL422,AL,422,B
AL423,AL,423,-
AL424,AL,424,-
AL425,AL,425,D
AL426,AL,426,-
AL427,AL,427,C
AL428,AL,428,D
AL429,AL,429,C
AL430,AL,430,-
AL431,AL,431,B
AL432,AL,432,-
AL433,AL,433,E
AL434,AL,434,B
AL435,AL,435,A
AL436,AL,436,C
AL437,AL,437,B
AL437,AL,437,C
AL438,AL,438,A
AL439,AL,439,C
AL440,AL,440,C
AL441,AL,441,B
AL441,AL,441,C
AL442,AL,442,C
AL442,AL,442,D
AL443,AL,443,C
AL444,AL,444,C
AL444,AL,444,D
AL445,AL,445,B
AL445,AL,445,C
AL446,AL,446,C
AL447,AL,447,C
AL448,AL,448,B
AL449,AL,449,C
AL450,AL,450,-
AL451,AL,451,C
FL452,FL,452,B
FL452,FL,452,D
FL453,FL,453,-
FL454,FL,454,C
FL455,FL,455,C
FL456,FL,456,B
FL456,FL,456,C
FL457,FL,457,-
FL458,FL,458,B
FL459,FL,459,-
FL460,FL,460,-
FL461,FL,461,B
FL461,FL,461,C
FL462,FL,462,C
FL463,FL,463,-
FL464,FL,464,C
FL465,FL,465,C
FL466,FL,466,C
FL467,FL,467,D
FL468,FL,468,B
FL469,FL,469,C
FL470,FL,470,A
FL471,FL,471,B
AL472,AL,472,A
AL472,AL,472,D
AL473,AL,473,C
AL474,AL,474,-
AL475,AL,475,-
AL476,AL,476,B
AL476,AL,476,C
AL477,AL,477,B
AL478,AL,478,B
AL479,AL,479,B
AL480,AL,480,B
AL481,AL,481,B
AL481,AL,481,C
AL482,AL,482,B
AL482,AL,482,D
AL483,AL,483,-
AL484,AL,484,C
AL485,AL,485,D
TN486,TN,486,D
TN487,TN,487,-
TN488,TN,488,-
TN489,TN,489,C
TN490,TN,490,B
TN490,TN,490,C
TN491,TN,491,D
TN492,TN,492,C
TN493,TN,493,B
TN494,TN,494,A
TN494,TN,494,B
TN495,TN,495,B
TN495,TN,495,D
TN496,TN,496,B
TN496,TN,496,C
TN497,TN,497,A
TN498,TN,498,D
TN499,TN,499,B
TN499,TN,499,D
TN500,TN,500,0
TN501,TN,501,B
TN501,TN,501,C
TN502,TN,502,-
TN503,TN,503,-
TN504,TN,504,-
TN505,TN,505,A
TN505,TN,505,D
TN506,TN,506,A
TN507,TN,507,-
TN508,TN,508,B
TN509,TN,509,C
TN510,TN,510,D
TN511,TN,511,B
TN511,TN,511,D
TN512,TN,512,-
TN513,TN,513,B
TN514,TN,514,C
TN515,TN,515,-
TN516,TN,516,-
TN517,TN,517,A
TN517,TN,517,C
TN518,TN,518,B
TN518,TN,518,C
TN519,TN,519,B
MS520,MS,520,-
MS521,MS,521,B
MS521,MS,521,C
MS522,MS,522,-
MS523,MS,523,-
MS524,MS,524,-
MS525,MS,525,E
MS526,MS,526,-
MS527,MS,527,C
MS528,MS,528,B
MS528,MS,528,C
MS529,MS,529,-
MS530,MS,530,C
MS531,MS,531,C
MS531,MS,531,D
MS532,MS,532,C
MS533,MS,533,B
MS533,MS,533,D
MS534,MS,534,-
MS535,MS,535,B
MS536,MS,536,C
MS537,MS,537,C
MS537,MS,537,D
MS538,MS,538,B
MS538,MS,538,C
MS539,MS,539,-
MS540,MS,540,-
MS541,MS,541,C
MS542,MS,542,A
MS543,MS,543,C
MS544,MS,544,B
MS545,MS,545,C
MS546,MS,546,C
MS547,MS,547,C
MS547,MS,547,D
MS548,MS,548,C
MS549,MS,549,B
MS550,MS,550,-
MS551,MS,551,-
MS552,MS,552,-
MS553,MS,553,B
MS553,MS,553,D
MS554,MS,554,-
MS555,MS,555,A
MS556,MS,556,B
MS557,MS,557,B
MS558,MS,558,C
MS559,MS,559,-
MS560,MS,560,D
MS561,MS,561,-
MS562,MS,562,B
MS563,MS,563,-
MS564,MS,564,C
MS564,MS,564,D
MS565,MS,565,-
MS566,MS,566,B
MS567,MS,567,D
MS568,MS,568,-
MS569,MS,569,A
MS570,MS,570,B
MS570,MS,570,C
MS571,MS,571,-
MS572,MS,572,C
MS572,MS,572,D
MS573,MS,573,B
MS573,MS,573,C
MS574,MS,574,C
MS575,MS,575,-
MS576,MS,576,C
MS577,MS,577,B
MS577,MS,577,C
MS578,MS,578,-
MS579,MS,579,B
MS580,MS,580,B
MS581,MS,581,-
MS582,MS,582,C
MS582,MS,582,D
MS583,MS,583,A
MS584,MS,584,-
MS585,MS,585,A
MS586,MS,586,-
MS587,MS,587,C
MS588,MS,588,C
MS589,MS,589,C
MS590,MS,590,C
MS591,MS,591,-
MS592,MS,592,B
MS592,MS,592,C
MS593,MS,593,B
MS594,MS,594,B
MS595,MS,595,C
MS596,MS,596,C
MS597,MS,597,D
MS598,MS,598,C
MS599,MS,599,-
MS600,MS,600,A
MS601,MS,601,B
MS602,MS,602,C
MS603,MS,603,-
MS604,MS,604,-
MS605,MS,605,C
MS606,MS,606,C
MS607,MS,607,-
MS608,MS,608,B
MS608,MS,608,C
MS609,MS,609,C
MS610,MS,610,C
MS611,MS,611,B
MS612,MS,612,A
MS613,MS,613,B
MS614,MS,614,C
MS615,MS,615,-
MS616,MS,616,C
MS617,MS,617,C
MS617,MS,617,D
MS618,MS,618,-
MS619,MS,619,-
MS620,MS,620,-
MS621,MS,621,A
MS621,MS,621,C
MS622,MS,622,-
MS623,MS,623,C
MS624,MS,624,C
MS625,MS,625,C
MS626,MS,626,B
MS626,MS,626,C
MS627,MS,627,C
MS628,MS,628,B
MS629,MS,629,C
MS629,MS,629,D
LA630,LA,630,B
LA631,LA,631,-
LA632,LA,632,C
LA633,LA,633,B
LA634,LA,634,C
LA635,LA,635,B
LA636,LA,636,C
LA637,LA,637,-
LA638,LA,638,D
LA639,LA,639,B
LA640,LA,640,B
LA641,LA,641,C
LA641,LA,641,D
LA642,LA,642,-
LA643,LA,643,D
LA644,LA,644,-
LA645,LA,645,B
LA646,LA,646,-
LA647,LA,647,-
LA648,LA,648,B
LA649,LA,649,-
LA650,LA,650,B
LA651,LA,651,-
LA652,LA,652,B
LA653,LA,653,B
LA654,LA,654,-
LA655,LA,655,B
LA656,LA,656,C
LA656,LA,656,D
LA657,LA,657,B
LA657X,LA,657X,B
LA657X,LA,657X,D
LA657Y,LA,657Y,B
LA657Y,LA,657Y,D
LA657Z,LA,657Z,B
LA657Z,LA,657Z,D
LA658,LA,658,B
LA659,LA,659,D
LA660,LA,660,C
LA661,LA,661,B
LA662,LA,662,C
LA663,LA,663,-
LA664,LA,664,-
LA665,LA,665,-
LA666,LA,666,C
LA667,LA,667,B
LA668,LA,668,B
LA668,LA,668,D
LA669,LA,669,-
LA670,LA,670,B
LA671,LA,671,A
LA671,LA,671,B
LA672,LA,672,B
LA673,LA,673,D
AR674,AR,674,C
AR675,AR,675,C
AR676,AR,676,-
AR677,AR,677,B
AR678,AR,678,B
AR678,AR,678,C
AR679,AR,679,C
AR679,AR,679,D
AR680,AR,680,B
AR680,AR,680,C
AR681,AR,681,-
AR682,AR,682,C
AR682,AR,682,D
AR683,AR,683,-
AR684,AR,684,-
AR685,AR,685,-
AR686,AR,686,C
AR687,AR,687,C
AR688,AR,688,C
AR689,AR,689,C
AR690,AR,690,B
AR690,AR,690,C
AR691,AR,691,D
AR692,AR,692,C
AR693,AR,693,B
AR694,AR,694,C
AR695,AR,695,B
AR696,AR,696,C
AR697,AR,697,B
AR698,AR,698,-
AR699,AR,699,-
AR700,AR,700,-
AR701,AR,701,-
AR702,AR,702,B
AR703,AR,703,-
AR704,AR,704,B
AR704,AR,704,D
AR705,AR,705,B
AR705,AR,705,D
AR706,AR,706,D
AR707,AR,707,-
AR708,AR,708,B
AR709,AR,709,-
AR710,AR,710,B
AR710,AR,710,C
AR711,AR,711,B
AR712,AR,712,B
AR713,AR,713,C
AR714,AR,714,C
AR714,AR,714,D
AR715,AR,715,C
AR716,AR,716,C
AR716,AR,716,D
AR717,AR,717,C
AR718,AR,718,C
AR719,AR,719,B
AR719,AR,719,D
AR720,AR,720,E
AR721,AR,721,C
AR721,AR,721,D
AR722,AR,722,A
AR723,AR,723,-
AR724,AR,724,C
AR725,AR,725,B
AR726,AR,726,C
AR727,AR,727,C
AR727,AR,727,D
AR728,AR,728,C
AR729,AR,729,-
AR730,AR,730,B
AR731,AR,731,B
AR731,AR,731,D
AR732,AR,732,-
AR733,AR,733,C
AR734,AR,734,-
AR735,AR,735,D
AR736,AR,736,B
AR737,AR,737,D
AR738,AR,738,B
AR739,AR,739,-
AR740,AR,740,C
AR741,AR,741,B
AR742,AR,742,C
AR743,AR,743,D
AR744,AR,744,D
AR745,AR,745,C
AR746,AR,746,B
AR747,AR,747,C
AR747,AR,747,D
AR748,AR,748,C
AR748,AR,748,D
AR749,AR,749,B
AR749,AR,749,C
AR750,AR,750,-
AR751,AR,751,C
AR752,AR,752,C
AR753,AR,753,-
AR754,AR,754,B
AR755,AR,755,C
LA756,LA,756,B
LA757,LA,757,B
LA757,LA,757,C
LA758,LA,758,-
LA759,LA,759,-
LA760,LA,760,-
LA761,LA,761,-
LA762,LA,762,B
LA763,LA,763,-
LA764,LA,764,A
LA765,LA,765,B
LA766,LA,766,C
LA767,LA,767,C
LA768,LA,768,C
LA769,LA,769,C
LA770,LA,770,B
LA771,LA,771,C
LA771,LA,771,D
LA772,LA,772,C
LA773,LA,773,-
LA774,LA,774,-
LA775,LA,775,B
LA776,LA,776,B
LA777,LA,777,-
LA778,LA,778,B
LA778,LA,778,C
LA779,LA,779,-
LA780,LA,780,C
LA781,LA,781,B
LA781,LA,781,C
LA782,LA,782,C
LA783,LA,783,C
LA784,LA,784,C
LA785,LA,785,A
LA785,LA,785,D
LA786,LA,786,C
LA787,LA,787,B
LA788,LA,788,B
LA789,LA,789,B
LA789,LA,789,C
LA790,LA,790,C
LA791,LA,791,-
LA792,LA,792,C
LA793,LA,793,-
LA794,LA,794,A
LA795,LA,795,B
LA796,LA,796,B
LA797,LA,797,C
LA797,LA,797,D
LA798,LA,798,B
LA798,LA,798,D
LA799,LA,799,-
LA800,LA,800,C
LA801,LA,801,B
LA802,LA,802,C
LA803,LA,803,-
LA804,LA,804,-
LA805,LA,805,B
LA806,LA,806,C
LA807,LA,807,B
LA808,LA,808,B
LA808,LA,808,C
LA809,LA,809,C
LA810,LA,810,A
LA811,LA,811,C
LA812,LA,812,-
LA813,LA,813,C
LA814,LA,814,A
LA815,LA,815,-
LA816,LA,816,C
LA817,LA,817,C
LA817,LA,817,D
TX818,TX,818,-
TX819,TX,819,C
TX820,TX,820,B
TX820,TX,820,C
TX821,TX,821,A
TX822,TX,822,B
TX823,TX,823,C
TX824,TX,824,B
TX824,TX,824,D
TX825,TX,825,B
TX826,TX,826,-
TX827,TX,827,C
TX827,TX,827,D
TX828,TX,828,B
TX829,TX,829,B
TX830,TX,830,B
TX830,TX,830,C
TX831,TX,831,A
TX832,TX,832,-
TX833,TX,833,B
TX834,TX,834,C
TX834,TX,834,D
TX835,TX,835,C
TX836,TX,836,C
TX837,TX,837,B
TX837,TX,837,D
TX838,TX,838,B
TX839,TX,839,-
TX840,TX,840,C
TX841,TX,841,D
TX842,TX,842,B
TX843,TX,843,B
TX844,TX,844,B
TX845,TX,845,-
TX846,TX,846,-
TX847,TX,847,D
TX848,TX,848,B
TX849,TX,849,B
TX849,TX,849,D
TX850,TX,850,D
TX851,TX,851,B
TX852,TX,852,B
TX853,TX,853,C
TX854,TX,854,-
TX855,TX,855,C
TX856,TX,856,D
TX857,TX,857,C
TX858,TX,858,-
TX859,TX,859,D
TX860,TX,860,A
TX860,TX,860,B
TX861,TX,861,C
TX862,TX,862,C
TX863,TX,863,C
TX864,TX,864,-
TX865,TX,865,B
TX865,TX,865,C
TX866,TX,866,-
TX867,TX,867,C
TX868,TX,868,B
TX868,TX,868,D
TX869,TX,869,B
TX869,TX,869,C
TX870,TX,870,B
TX870,TX,870,D
TX871,TX,871,C
TX872,TX,872,-
TX873,TX,873,A
TX873,TX,873,B
TX874,TX,874,B
TX875,TX,875,C
TX876,TX,876,C
TX876,TX,876,D
TX877,TX,877,B
TX877,TX,877,C
TX877,TX,877,D
TX878,TX,878,B
TX879,TX,879,B
TX880,TX,880,C
TX881,TX,881,-
TX882,TX,882,-
TX883,TX,883,D
TX884,TX,884,-
TX885,TX,885,C
TX886,TX,886,C
TX887,TX,887,B
TX888,TX,888,A
TX889,TX,889,C
TX890,TX,890,B
TX891,TX,891,-
TX892,TX,892,-
TX893,TX,893,B
TX893,TX,893,C
TX894,TX,894,0
TX895,TX,895,D
TX896,TX,896,C
TX897,TX,897,-
TX898,TX,898,-
TX899,TX,899,D
TX900,TX,900,C
TX901,TX,901,C
TX902,TX,902,B
TX902,TX,902,C
TX903,TX,903,-
TX904,TX,904,B
TX905,TX,905,B
TX906,TX,906,D
TX907,TX,907,-
TX908,TX,908,C
TX909,TX,909,-
TX910,TX,910,B
TX911,TX,911,B
