Informant,State,Informant number,Response
TN001,TN,001,-
TN002,TN,002,un-
TN003,TN,003,un-
TN004,TN,004,un-
TN005,TN,005,un-
TN006,TN,006,-
TN007,TN,007,-
TN008,TN,008,un-
TN009,TN,009,-
TN010,TN,010,un-
TN011,TN,011,un-
TN012,TN,012,[N]-
TN013,TN,013,un-
TN014,TN,014,-
TN015,TN,015,un-
TN016,TN,016,un-
TN017,TN,017,-
TN018,TN,018,-
TN019,TN,019,un-
TN020,TN,020,-
TN021,TN,021,-
TN022,TN,022,un-
TN023,TN,023,-
TN024,TN,024,-
TN025,TN,025,-
TN026,TN,026,-
TN027,TN,027,un-
TN028,TN,028,[N]-
TN028,TN,028,un-
TN029,TN,029,on-
TN030,TN,030,on-
TN031,TN,031,-
TN032,TN,032,-
TN033,TN,033,un-
TN034,TN,034,-
TN035,TN,035,-
TN036,TN,036,-
TN037,TN,037,un-
TN038,TN,038,-
TN039,TN,039,on-
TN040,TN,040,un-
TN041,TN,041,un-
TN042,TN,042,-
TN043,TN,043,-
TN044,TN,044,un-
TN045,TN,045,un-
TN046,TN,046,un-
TN047,TN,047,un-
TN048,TN,048,-
TN049,TN,049,un-
TN050,TN,050,-
TN051,TN,051,un-
TN052,TN,052,-
TN053,TN,053,un-
TN054,TN,054,[N]-
TN055,TN,055,un-
TN056,TN,056,on-
TN057,TN,057,un-
TN058,TN,058,un-
TN059,TN,059,un-
TN060,TN,060,un-
GA061,GA,061,-
GA062,GA,062,un-
GA063,GA,063,-
GA064,GA,064,-
GA065,GA,065,un-
GA066,GA,066,un-
GA067,GA,067,-
GA068,GA,068,-
GA069,GA,069,-
GA070,GA,070,-
GA071,GA,071,-
GA072,GA,072,un-
GA073,GA,073,un-
GA074,GA,074,-
GA075,GA,075,un-
GA076,GA,076,un-
GA077,GA,077,-
GA078,GA,078,un-
GA079,GA,079,[N]-
GA080,GA,080,un-
GA081,GA,081,[N]-
GA082,GA,082,-
GA083,GA,083,-
GA084,GA,084,-
GA085,GA,085,-
GA086,GA,086,un-
GA087,GA,087,un-
GA088,GA,088,un-
GA089,GA,089,-
GA090,GA,090,-
GA091,GA,091,-
GA092,GA,092,un-
GA093,GA,093,-
GA094,GA,094,un-
GA095,GA,095,on-
GA096,GA,096,un-
GA097,GA,097,un-
GA098,GA,098,un-
GA099,GA,099,un-
GA100,GA,100,un-
GA101,GA,101,un-
GA102,GA,102,-
GA103,GA,103,un-
GA104,GA,104,un-
GA105,GA,105,un-
GA106,GA,106,un-
GA107,GA,107,-
GA108,GA,108,un-
GA109,GA,109,un-
GA110,GA,110,un-
GA111,GA,111,-
GA112,GA,112,un-
GA113,GA,113,-
GA114,GA,114,-
GA115,GA,115,-
GA116,GA,116,-
GA117,GA,117,[N]-
GA118,GA,118,un-
GA119,GA,119,un-
GA120,GA,120,un-
GA121,GA,121,un-
GA122,GA,122,un-
GA123,GA,123,un-
GA124,GA,124,-
GA125,GA,125,un-
GA126,GA,126,un-
GA127,GA,127,-
GA128,GA,128,-
GA129,GA,129,-
GA130,GA,130,un-
GA131,GA,131,un-
GA132,GA,132,-
GA133,GA,133,-
GA134,GA,134,-
GA135,GA,135,un-
GA136,GA,136,un-
GA137,GA,137,un-
GA138,GA,138,un-
GA139,GA,139,un-
GA140,GA,140,-
GA141,GA,141,{oo}n-
GA141,GA,141,un-
GA142,GA,142,un-
GA143,GA,143,un-
GA144,GA,144,un-
GA145,GA,145,un-
GA146,GA,146,un-
GA147,GA,147,-
GA148,GA,148,awn-
GA149,GA,149,un-
GA150,GA,150,un-
GA151,GA,151,un-
GA152,GA,152,un-
GA153,GA,153,-
GA154,GA,154,un-
GA155,GA,155,un-
GA156,GA,156,-
GA157,GA,157,-
GA158,GA,158,-
GA159,GA,159,un-
GA160,GA,160,-
GA161,GA,161,[N]-
GA162,GA,162,on-
GA163,GA,163,un-
GA164,GA,164,un-
GA165,GA,165,-
GA166,GA,166,un-
GA167,GA,167,un-
GA168,GA,168,un-
GA169,GA,169,-
GA170,GA,170,un-
GA171,GA,171,-
GA172,GA,172,-
GA173,GA,173,-
GA174,GA,174,-
GA175,GA,175,un-
GA176,GA,176,-
GA177,GA,177,un-
GA178,GA,178,-
GA179,GA,179,un-
GA180,GA,180,un-
GA181,GA,181,-
GA182,GA,182,un-
GA183,GA,183,un-
GA184,GA,184,-
GA185,GA,185,un-
GA186,GA,186,-
GA187,GA,187,-
GA188,GA,188,un-
GA189,GA,189,un-
GA190,GA,190,un-
GA191,GA,191,un-
GA192,GA,192,un-
GA193,GA,193,-
GA194,GA,194,-
GA195,GA,195,-
GA196,GA,196,-
GA197,GA,197,-
GA198,GA,198,-
GA199,GA,199,h[N]-
GA200,GA,200,-
GA201,GA,201,-
GA202,GA,202,-
GA203,GA,203,-
GA204,GA,204,-
GA205,GA,205,-
GA206,GA,206,un-
GA207,GA,207,-
GA208,GA,208,-
GA209,GA,209,-
GA210,GA,210,on-
GA211,GA,211,un-
GA212,GA,212,-
GA213,GA,213,un-
GA214,GA,214,-
GA215,GA,215,-
GA216,GA,216,un-
GA217,GA,217,un-
GA218,GA,218,-
GA219,GA,219,-
GA220,GA,220,un-
GA221,GA,221,un-
GA222,GA,222,un-
GA223,GA,223,-
GA224,GA,224,awn-
GA225,GA,225,-
FL226,FL,226,-
FL227,FL,227,-
FL228,FL,228,-
FL229,FL,229,un-
FL230,FL,230,o[n]-
FL231,FL,231,un-
FL232,FL,232,-
FL233,FL,233,-
FL234,FL,234,un-
FL235,FL,235,un-
FL236,FL,236,-
FL237,FL,237,un-
FL238,FL,238,un-
FL239,FL,239,un-
FL240,FL,240,un-
FL241,FL,241,-
FL242,FL,242,-
FL243,FL,243,un-
FL244,FL,244,awn-
FL245,FL,245,un-
FL246,FL,246,un-
FL247,FL,247,un-
FL248,FL,248,un-
FL249,FL,249,-
FL250,FL,250,un-
FL251,FL,251,-
FL252,FL,252,-
FL253,FL,253,un-
FL254,FL,254,un-
FL255,FL,255,-
FL256,FL,256,un-
FL257,FL,257,un-
FL258,FL,258,un-
FL259,FL,259,un-
FL260,FL,260,-
FL261,FL,261,un-
FL262,FL,262,un-
FL263,FL,263,-
FL264,FL,264,-
FL265,FL,265,un-
FL266,FL,266,un-
FL267,FL,267,-
FL268,FL,268,-
FL269,FL,269,-
FL270,FL,270,-
FL271,FL,271,-
FL272,FL,272,-
FL273,FL,273,-
FL274,FL,274,-
FL275,FL,275,un-
FL276,FL,276,un-
FL277,FL,277,un-
FL278,FL,278,un-
FL279,FL,279,-
FL280,FL,280,u[n]-
FL281,FL,281,un-
FL282,FL,282,-
FL283,FL,283,un-
FL284,FL,284,un-
FL285,FL,285,-
FL286,FL,286,un-
FL287,FL,287,-
FL288,FL,288,un-
FL289,FL,289,un-
TN290,TN,290,un-
TN291,TN,291,un-
TN292,TN,292,un-
TN293,TN,293,un-
TN294,TN,294,un-
TN295,TN,295,un-
TN296,TN,296,un-
TN297,TN,297,un-
TN298,TN,298,-
TN299,TN,299,un-
TN300,TN,300,un-
TN301,TN,301,un-
TN302,TN,302,un-
TN303,TN,303,un-
TN304,TN,304,-
TN305,TN,305,un-
TN306,TN,306,un-
TN307,TN,307,un-
TN308,TN,308,-
TN309,TN,309,-
TN310,TN,310,-
TN311,TN,311,-
TN312,TN,312,-
TN313,TN,313,-
TN314,TN,314,un-
TN315,TN,315,-
TN316,TN,316,-
TN317,TN,317,un-
TN318,TN,318,-
TN319,TN,319,-
TN320,TN,320,un-
TN321,TN,321,un-
TN322,TN,322,un-
TN323,TN,323,un-
TN324,TN,324,un-
TN325,TN,325,un-
TN326,TN,326,un-
TN327,TN,327,un-
TN328,TN,328,un-
TN329,TN,329,un-
TN330,TN,330,un-
TN331,TN,331,-
TN332,TN,332,[N]-
TN333,TN,333,un-
TN334,TN,334,un-
TN335,TN,335,-
TN336,TN,336,un-
AL337,AL,337,-
AL338,AL,338,-
AL339,AL,339,-
AL340,AL,340,un-
AL341,AL,341,-
AL342,AL,342,-
AL343,AL,343,un-
AL344,AL,344,[N]-
AL344,AL,344,un-
AL345,AL,345,un-
AL346,AL,346,un-
AL347,AL,347,on-
AL348,AL,348,[N]-
AL349,AL,349,un-
AL350,AL,350,un-
AL351,AL,351,un-
AL352,AL,352,un-
AL353,AL,353,un-
AL354,AL,354,un-
AL355,AL,355,un-
AL356,AL,356,un-
AL357,AL,357,un-
AL358,AL,358,un-
AL359,AL,359,un-
AL360,AL,360,un-
AL361,AL,361,un-
AL362,AL,362,un-
AL363,AL,363,[N]-
AL364,AL,364,[N]-
AL365,AL,365,-
AL366,AL,366,-
AL367,AL,367,-
AL368,AL,368,un-
AL369,AL,369,un-
AL370,AL,370,un-
AL371,AL,371,un-
AL372,AL,372,un-
AL373,AL,373,-
AL374,AL,374,un-
AL375,AL,375,[N]-
AL376,AL,376,-
AL377,AL,377,-
AL378,AL,378,-
AL379,AL,379,un-
AL380,AL,380,-
AL381,AL,381,-
AL382,AL,382,un-
AL383,AL,383,-
AL384,AL,384,un-
AL385,AL,385,un-
AL386,AL,386,-
AL387,AL,387,un-
AL388,AL,388,un-
AL389,AL,389,un-
AL390,AL,390,un-
AL391,AL,391,un-
AL392,AL,392,-
AL393,AL,393,un-
AL394,AL,394,-
AL395,AL,395,-
AL396,AL,396,-
AL397,AL,397,[N]-
AL398,AL,398,un-
AL399,AL,399,un-
AL400,AL,400,un-
AL401,AL,401,-
AL402,AL,402,un-
AL403,AL,403,un-
AL404,AL,404,un-
AL405,AL,405,un-
AL406,AL,406,-
AL407,AL,407,-
AL408,AL,408,un-
AL409,AL,409,-
AL410,AL,410,-
AL411,AL,411,un-
AL412,AL,412,-
AL413,AL,413,un-
AL414,AL,414,[N]-
AL414,AL,414,un-
AL415,AL,415,un-
AL416,AL,416,-
AL417,AL,417,[N]-
AL418,AL,418,un-
AL419,AL,419,un-
AL420,AL,420,un-
AL421,AL,421,un-
AL422,AL,422,-
AL423,AL,423,un-
AL424,AL,424,u[n]-
AL425,AL,425,-
AL426,AL,426,un-
AL427,AL,427,un-
AL428,AL,428,un-
AL429,AL,429,-
AL430,AL,430,-
AL431,AL,431,un-
AL432,AL,432,-
AL433,AL,433,un-
AL434,AL,434,-
AL435,AL,435,un-
AL436,AL,436,[N]-
AL437,AL,437,un-
AL438,AL,438,un-
AL439,AL,439,un-
AL440,AL,440,un-
AL441,AL,441,-
AL442,AL,442,-
AL443,AL,443,un-
AL444,AL,444,un-
AL445,AL,445,un-
AL446,AL,446,-
AL447,AL,447,un-
AL448,AL,448,[N]-
AL449,AL,449,-
AL450,AL,450,-
AL451,AL,451,un-
FL452,FL,452,un-
FL453,FL,453,-
FL454,FL,454,un-
FL455,FL,455,un-
FL456,FL,456,un-
FL457,FL,457,[N]-
FL458,FL,458,un-
FL459,FL,459,-
FL460,FL,460,-
FL461,FL,461,un-
FL462,FL,462,-
FL463,FL,463,-
FL464,FL,464,awn-
FL465,FL,465,[N]-
FL466,FL,466,un-
FL467,FL,467,-
FL468,FL,468,-
FL469,FL,469,-
FL470,FL,470,-
FL471,FL,471,un-
AL472,AL,472,un-
AL473,AL,473,un-
AL474,AL,474,un-
AL475,AL,475,un-
AL476,AL,476,un-
AL477,AL,477,un-
AL478,AL,478,un-
AL479,AL,479,un-
AL480,AL,480,un-
AL481,AL,481,un-
AL482,AL,482,un-
AL483,AL,483,un-
AL484,AL,484,un-
AL485,AL,485,un-
TN486,TN,486,-
TN487,TN,487,-
TN488,TN,488,[N]-
TN489,TN,489,un-
TN490,TN,490,un-
TN491,TN,491,-
TN492,TN,492,un-
TN493,TN,493,un-
TN494,TN,494,un-
TN495,TN,495,un-
TN496,TN,496,un-
TN497,TN,497,un-
TN498,TN,498,un-
TN499,TN,499,un-
TN500,TN,500,un-
TN501,TN,501,un-
TN502,TN,502,un-
TN503,TN,503,un-
TN504,TN,504,[N]-
TN505,TN,505,-
TN506,TN,506,-
TN507,TN,507,-
TN508,TN,508,-
TN509,TN,509,-
TN510,TN,510,-
TN511,TN,511,-
TN512,TN,512,-
TN513,TN,513,un-
TN514,TN,514,un-
TN515,TN,515,un-
TN516,TN,516,un-
TN517,TN,517,un-
TN518,TN,518,un-
TN519,TN,519,-
MS520,MS,520,-
MS521,MS,521,un-
MS522,MS,522,-
MS523,MS,523,-
MS524,MS,524,un-
MS525,MS,525,-
MS526,MS,526,-
MS527,MS,527,un-
MS528,MS,528,-
MS529,MS,529,-
MS530,MS,530,un-
MS531,MS,531,-
MS532,MS,532,-
MS533,MS,533,un-
MS534,MS,534,-
MS535,MS,535,un-
MS536,MS,536,-
MS537,MS,537,un-
MS538,MS,538,un-
MS539,MS,539,un-
MS540,MS,540,-
MS541,MS,541,un-
MS542,MS,542,-
MS543,MS,543,-
MS544,MS,544,un-
MS545,MS,545,[N]-
MS545,MS,545,un-
MS546,MS,546,-
MS547,MS,547,un-
MS548,MS,548,-
MS549,MS,549,-
MS550,MS,550,-
MS551,MS,551,-
MS552,MS,552,un-
MS553,MS,553,-
MS554,MS,554,-
MS555,MS,555,-
MS556,MS,556,un-
MS557,MS,557,-
MS558,MS,558,un-
MS559,MS,559,un-
MS560,MS,560,-
MS561,MS,561,-
MS562,MS,562,un-
MS563,MS,563,un-
MS564,MS,564,un-
MS565,MS,565,-
MS566,MS,566,-
MS567,MS,567,-
MS568,MS,568,-
MS569,MS,569,un-
MS570,MS,570,un-
MS571,MS,571,awn-
MS572,MS,572,un-
MS573,MS,573,-
MS574,MS,574,un-
MS575,MS,575,un-
MS576,MS,576,un-
MS577,MS,577,un-
MS578,MS,578,-
MS579,MS,579,un-
MS580,MS,580,un-
MS581,MS,581,-
MS582,MS,582,un-
MS583,MS,583,un-
MS584,MS,584,-
MS585,MS,585,-
MS586,MS,586,-
MS587,MS,587,un-
MS588,MS,588,un-
MS589,MS,589,on-
MS590,MS,590,-
MS591,MS,591,un-
MS592,MS,592,-
MS593,MS,593,awn-
MS594,MS,594,un-
MS595,MS,595,un-
MS596,MS,596,un-
MS597,MS,597,-
MS598,MS,598,-
MS599,MS,599,un-
MS600,MS,600,[N]-
MS601,MS,601,[N]-
MS602,MS,602,un-
MS603,MS,603,-
MS604,MS,604,-
MS605,MS,605,-
MS606,MS,606,un-
MS607,MS,607,un-
MS608,MS,608,un-
MS609,MS,609,aw[n]-
MS609,MS,609,un-
MS610,MS,610,un-
MS611,MS,611,[N]-
MS612,MS,612,un-
MS613,MS,613,un-
MS614,MS,614,-
MS615,MS,615,un-
MS616,MS,616,-
MS617,MS,617,-
MS618,MS,618,-
MS619,MS,619,-
MS620,MS,620,un-
MS621,MS,621,-
MS622,MS,622,un-
MS623,MS,623,un-
MS624,MS,624,un-
MS625,MS,625,un-
MS626,MS,626,-
MS627,MS,627,-
MS628,MS,628,un-
MS629,MS,629,-
LA630,LA,630,on-
LA631,LA,631,-
LA632,LA,632,un-
LA633,LA,633,-
LA634,LA,634,-
LA635,LA,635,un-
LA636,LA,636,un-
LA637,LA,637,-
LA638,LA,638,-
LA639,LA,639,un-
LA640,LA,640,un-
LA641,LA,641,[N]-
LA642,LA,642,-
LA643,LA,643,un-
LA644,LA,644,-
LA645,LA,645,-
LA646,LA,646,un-
LA647,LA,647,-
LA648,LA,648,un-
LA649,LA,649,un-
LA650,LA,650,-
LA651,LA,651,-
LA652,LA,652,un-
LA653,LA,653,-
LA654,LA,654,-
LA655,LA,655,un-
LA656,LA,656,un-
LA657,LA,657,un-
LA657X,LA,657X,[N]-
LA657Y,LA,657Y,un-
LA657Z,LA,657Z,un-
LA658,LA,658,un-
LA659,LA,659,un-
LA660,LA,660,-
LA661,LA,661,-
LA662,LA,662,-
LA663,LA,663,-
LA664,LA,664,-
LA665,LA,665,-
LA666,LA,666,-
LA667,LA,667,un-
LA668,LA,668,-
LA669,LA,669,-
LA670,LA,670,-
LA671,LA,671,un-
LA672,LA,672,-
LA673,LA,673,un-
AR674,AR,674,un-
AR675,AR,675,-
AR676,AR,676,-
AR677,AR,677,un-
AR678,AR,678,un-
AR679,AR,679,un-
AR680,AR,680,-
AR681,AR,681,un-
AR682,AR,682,un-
AR683,AR,683,-
AR684,AR,684,-
AR685,AR,685,-
AR686,AR,686,un-
AR687,AR,687,un-
AR688,AR,688,un-
AR689,AR,689,un-
AR690,AR,690,-
AR691,AR,691,-
AR692,AR,692,un-
AR693,AR,693,-
AR694,AR,694,un-
AR695,AR,695,un-
AR696,AR,696,un-
AR697,AR,697,un-
AR698,AR,698,-
AR699,AR,699,-
AR700,AR,700,-
AR701,AR,701,un-
AR702,AR,702,-
AR703,AR,703,un-
AR704,AR,704,un-
AR705,AR,705,un-
AR706,AR,706,-
AR707,AR,707,un-
AR708,AR,708,-
AR709,AR,709,un-
AR710,AR,710,un-
AR711,AR,711,un-
AR712,AR,712,un-
AR713,AR,713,-
AR714,AR,714,un-
AR715,AR,715,-
AR716,AR,716,un-
AR717,AR,717,-
AR718,AR,718,-
AR719,AR,719,un-
AR720,AR,720,-
AR721,AR,721,un-
AR722,AR,722,-
AR723,AR,723,-
AR724,AR,724,un-
AR725,AR,725,-
AR726,AR,726,-
AR727,AR,727,-
AR728,AR,728,oen-
AR729,AR,729,-
AR730,AR,730,un-
AR731,AR,731,-
AR732,AR,732,-
AR733,AR,733,-
AR734,AR,734,-
AR735,AR,735,-
AR736,AR,736,[N]-
AR737,AR,737,un-
AR738,AR,738,un-
AR739,AR,739,-
AR740,AR,740,un-
AR741,AR,741,[N]-
AR742,AR,742,un-
AR743,AR,743,-
AR744,AR,744,-
AR745,AR,745,-
AR746,AR,746,-
AR747,AR,747,[N]-
AR748,AR,748,oen-
AR749,AR,749,un-
AR750,AR,750,-
AR751,AR,751,un-
AR752,AR,752,un-
AR753,AR,753,un-
AR754,AR,754,un-
AR755,AR,755,-
LA756,LA,756,-
LA757,LA,757,-
LA758,LA,758,-
LA759,LA,759,-
LA760,LA,760,-
LA761,LA,761,un-
LA762,LA,762,un-
LA763,LA,763,-
LA764,LA,764,-
LA765,LA,765,un-
LA766,LA,766,-
LA767,LA,767,un-
LA768,LA,768,[N]-
LA769,LA,769,un-
LA770,LA,770,-
LA771,LA,771,un-
LA772,LA,772,hun-
LA773,LA,773,-
LA774,LA,774,-
LA775,LA,775,-
LA776,LA,776,-
LA777,LA,777,un-
LA778,LA,778,un-
LA779,LA,779,-
LA780,LA,780,un-
LA781,LA,781,-
LA782,LA,782,-
LA783,LA,783,un-
LA784,LA,784,-
LA785,LA,785,un-
LA786,LA,786,un-
LA787,LA,787,un-
LA788,LA,788,un-
LA789,LA,789,un-
LA790,LA,790,un-
LA791,LA,791,un-
LA792,LA,792,[N]-
LA793,LA,793,-
LA794,LA,794,-
LA795,LA,795,-
LA796,LA,796,un-
LA797,LA,797,-
LA798,LA,798,un-
LA799,LA,799,-
LA800,LA,800,un-
LA801,LA,801,un-
LA802,LA,802,-
LA803,LA,803,-
LA804,LA,804,-
LA805,LA,805,-
LA806,LA,806,un-
LA807,LA,807,un-
LA808,LA,808,-
LA809,LA,809,un-
LA810,LA,810,un-
LA811,LA,811,un-
LA812,LA,812,-
LA813,LA,813,un-
LA814,LA,814,un-
LA815,LA,815,-
LA816,LA,816,[N]-
LA817,LA,817,un-
TX818,TX,818,-
TX819,TX,819,un-
TX820,TX,820,[N]-
TX821,TX,821,-
TX822,TX,822,un-
TX823,TX,823,un-
TX824,TX,824,un-
TX825,TX,825,[N]-
TX826,TX,826,un-
TX827,TX,827,un-
TX828,TX,828,-
TX829,TX,829,un-
TX830,TX,830,un-
TX831,TX,831,un-
TX832,TX,832,-
TX833,TX,833,un-
TX834,TX,834,un-
TX835,TX,835,un-
TX836,TX,836,un-
TX837,TX,837,-
TX838,TX,838,-
TX839,TX,839,-
TX840,TX,840,un-
TX841,TX,841,un-
TX842,TX,842,un-
TX843,TX,843,un-
TX844,TX,844,un-
TX845,TX,845,un-
TX846,TX,846,un-
TX847,TX,847,-
TX848,TX,848,un-
TX849,TX,849,-
TX850,TX,850,-
TX851,TX,851,-
TX852,TX,852,un-
TX853,TX,853,un-
TX854,TX,854,on-
TX855,TX,855,-
TX856,TX,856,-
TX857,TX,857,un-
TX858,TX,858,-
TX859,TX,859,un-
TX860,TX,860,un-
TX861,TX,861,un-
TX862,TX,862,-
TX863,TX,863,un-
TX864,TX,864,-
TX865,TX,865,un-
TX866,TX,866,-
TX867,TX,867,un-
TX868,TX,868,un-
TX869,TX,869,-
TX870,TX,870,un-
TX871,TX,871,-
TX872,TX,872,-
TX873,TX,873,un-
TX874,TX,874,un-
TX875,TX,875,awn-
TX875,TX,875,un-
TX876,TX,876,un-
TX877,TX,877,un-
TX878,TX,878,-
TX879,TX,879,-
TX880,TX,880,-
TX881,TX,881,-
TX882,TX,882,un-
TX883,TX,883,un-
TX884,TX,884,-
TX885,TX,885,un-
TX886,TX,886,-
TX887,TX,887,-
TX888,TX,888,un-
TX889,TX,889,un-
TX890,TX,890,un-
TX891,TX,891,un-
TX892,TX,892,-
TX893,TX,893,[N]-
TX894,TX,894,un-
TX895,TX,895,-
TX896,TX,896,-
TX897,TX,897,-
TX898,TX,898,-
TX899,TX,899,-
TX900,TX,900,awn-
TX901,TX,901,un-
TX902,TX,902,un-
TX903,TX,903,-
TX904,TX,904,un-
TX905,TX,905,un-
TX906,TX,906,un-
TX907,TX,907,-
TX908,TX,908,un-
TX909,TX,909,-
TX910,TX,910,un-
TX911,TX,911,un-
