Informant,State,Informant number,Response
TN001,TN,001,touchous 
TN002,TN,002,easy made mad 
TN002,TN,002,thin-skin(ned) 
TN002,TN,002,touchy 
TN003,TN,003,-
TN004,TN,004,childish 
TN004,TN,004,touchous 
TN005,TN,005,sensitive 
TN005,TN,005,touchous 
TN006,TN,006,high-strung 
TN007,TN,007,easi(ly) offended 
TN007,TN,007,touchy 
TN008,TN,008,touchy 
TN009,TN,009,touchy 
TN010,TN,010,touchy 
TN011,TN,011,touchous 
TN011,TN,011,touchy 
TN011,TN,011,upset 
TN012,TN,012,touchous 
TN013,TN,013,stupid 
TN014,TN,014,touchous 
TN015,TN,015,hotheaded 
TN016,TN,016,cross 
TN017,TN,017,touchous 
TN018,TN,018,-
TN019,TN,019,high-temper(ed) 
TN019,TN,019,ill-natured 
TN019,TN,019,touchous 
TN020,TN,020,touchy 
TN021,TN,021,disturbed 
TN021,TN,021,high-temper(ed) 
TN021,TN,021,touchous 
TN022,TN,022,grouchy 
TN022,TN,022,touchy 
TN023,TN,023,touchous 
TN024,TN,024,touchy 
TN025,TN,025,-
TN026,TN,026,touchous 
TN027,TN,027,sensitive 
TN027,TN,027,touchy 
TN028,TN,028,hotheaded 
TN028,TN,028,quick-temper(ed) 
TN029,TN,029,curious 
TN029,TN,029,timid 
TN029,TN,029,touchous 
TN029,TN,029,touchy 
TN030,TN,030,touchy 
TN031,TN,031,-
TN032,TN,032,touchy 
TN033,TN,033,touchy 
TN034,TN,034,sensitive 
TN034,TN,034,thin-skin(ned) 
TN034,TN,034,touchy 
TN035,TN,035,touchy 
TN036,TN,036,easy to get mad 
TN036,TN,036,touchous 
TN037,TN,037,touchous 
TN038,TN,038,high-temper(ed) 
TN039,TN,039,particular 
TN040,TN,040,touchy 
TN041,TN,041,touchous 
TN042,TN,042,fractious 
TN042,TN,042,high-temper(ed) 
TN043,TN,043,high-headed 
TN043,TN,043,ugly 
TN044,TN,044,possessed 
TN045,TN,045,-
TN046,TN,046,super-sensitive 
TN046,TN,046,touchy 
TN047,TN,047,touchy 
TN048,TN,048,queer 
TN048,TN,048,touchous 
TN049,TN,049,touchy 
TN050,TN,050,cranky 
TN050,TN,050,touchy 
TN051,TN,051,touchy 
TN052,TN,052,-
TN053,TN,053,skittish 
TN053,TN,053,sorry 
TN053,TN,053,temperamental 
TN053,TN,053,touchy 
TN054,TN,054,-
TN055,TN,055,touchy 
TN056,TN,056,touchy 
TN057,TN,057,touchous 
TN058,TN,058,hot-tempered 
TN058,TN,058,touchy 
TN059,TN,059,touchy 
TN060,TN,060,fractious 
GA061,GA,061,-
GA062,GA,062,cross 
GA063,GA,063,-
GA064,GA,064,harebrained 
GA065,GA,065,out of line 
GA065,GA,065,touchy 
GA066,GA,066,touchy 
GA067,GA,067,touchy 
GA068,GA,068,-
GA069,GA,069,easy irritated 
GA070,GA,070,nervous 
GA070,GA,070,temperamental 
GA070,GA,070,touchy 
GA071,GA,071,-
GA072,GA,072,high-temper(ed) 
GA072,GA,072,touchous 
GA072,GA,072,touchy 
GA073,GA,073,sensitive 
GA073,GA,073,touchy 
GA074,GA,074,high-temper(ed) 
GA075,GA,075,nervous 
GA076,GA,076,cross 
GA076,GA,076,touchy 
GA077,GA,077,mean 
GA077,GA,077,peculiar 
GA078,GA,078,cross 
GA078,GA,078,fractious 
GA079,GA,079,sensitive 
GA079,GA,079,touchy 
GA080,GA,080,-
GA081,GA,081,quick-temper(ed) 
GA082,GA,082,-
GA083,GA,083,high-temper(ed) 
GA083,GA,083,nervous 
GA084,GA,084,easy to get mad 
GA084,GA,084,high-temper(ed) 
GA084,GA,084,mean 
GA085,GA,085,-
GA086,GA,086,easi(ly) offended 
GA087,GA,087,fractious 
GA088,GA,088,high-temper(ed) 
GA089,GA,089,-
GA090,GA,090,-
GA091,GA,091,ill-tempered 
GA092,GA,092,high-temper(ed) 
GA092,GA,092,hot-tempered 
GA093,GA,093,-
GA094,GA,094,sensitive 
GA095,GA,095,cross 
GA095,GA,095,fretful 
GA095,GA,095,irritable 
GA096,GA,096,quick-temper(ed) 
GA097,GA,097,high-headed 
GA097,GA,097,sensitive 
GA097,GA,097,touchy 
GA098,GA,098,fighty 
GA098,GA,098,high-temper(ed) 
GA099,GA,099,grouchy 
GA099,GA,099,high-strung 
GA099,GA,099,touchy 
GA100,GA,100,short-tempered 
GA101,GA,101,touchy 
GA102,GA,102,high-temper(ed) 
GA102,GA,102,hotheaded 
GA102,GA,102,sensitive 
GA103,GA,103,sensitive 
GA103,GA,103,touchy 
GA104,GA,104,sensitive 
GA104,GA,104,touchy 
GA105,GA,105,-
GA106,GA,106,-
GA107,GA,107,sensitive 
GA107,GA,107,touchy 
GA108,GA,108,short-tempered 
GA108,GA,108,touchy 
GA109,GA,109,touchy 
GA110,GA,110,high-temper(ed) 
GA110,GA,110,nervous 
GA111,GA,111,high-temper(ed) 
GA112,GA,112,high-temper(ed) 
GA113,GA,113,-
GA114,GA,114,-
GA115,GA,115,-
GA116,GA,116,-
GA117,GA,117,-
GA118,GA,118,touchy 
GA119,GA,119,high-temper(ed) 
GA119,GA,119,quick-temper(ed) 
GA120,GA,120,-
GA121,GA,121,high-temper(ed) 
GA121,GA,121,touchous 
GA122,GA,122,obnoxious 
GA123,GA,123,sensitive 
GA123,GA,123,touchous 
GA124,GA,124,irritable 
GA124,GA,124,short-tempered 
GA125,GA,125,sensitive 
GA126,GA,126,touchy 
GA127,GA,127,-
GA128,GA,128,-
GA129,GA,129,-
GA130,GA,130,-
GA131,GA,131,disagreeable 
GA131,GA,131,mean 
GA132,GA,132,-
GA133,GA,133,touchy 
GA134,GA,134,particular 
GA135,GA,135,cranky 
GA135,GA,135,hard to get along with 
GA135,GA,135,headstrong 
GA135,GA,135,hot-tempered 
GA135,GA,135,irritable 
GA136,GA,136,queer 
GA136,GA,136,touchy 
GA137,GA,137,sensitive 
GA137,GA,137,touchy 
GA138,GA,138,high-temper(ed) 
GA138,GA,138,touchous 
GA139,GA,139,high-strung 
GA139,GA,139,ill 
GA139,GA,139,touchy 
GA140,GA,140,nervous 
GA141,GA,141,feisty 
GA141,GA,141,touchy 
GA142,GA,142,peculiar 
GA143,GA,143,finicky 
GA143,GA,143,touchous 
GA144,GA,144,serious 
GA144,GA,144,touchy 
GA145,GA,145,easy to lose his temper 
GA146,GA,146,-
GA147,GA,147,-
GA148,GA,148,quick-temper(ed) 
GA149,GA,149,funny 
GA150,GA,150,quick-temper(ed) 
GA150,GA,150,upset 
GA151,GA,151,high-temper(ed) 
GA152,GA,152,touchy 
GA153,GA,153,-
GA154,GA,154,touchy 
GA155,GA,155,soft-skinned 
GA156,GA,156,-
GA157,GA,157,-
GA158,GA,158,-
GA159,GA,159,touchy 
GA160,GA,160,-
GA161,GA,161,sensitive 
GA162,GA,162,quick-temper(ed) 
GA163,GA,163,touchy 
GA164,GA,164,sensitive 
GA164,GA,164,touchy 
GA165,GA,165,easy to get mad 
GA166,GA,166,curious 
GA167,GA,167,feisty 
GA167,GA,167,touchy 
GA168,GA,168,-
GA169,GA,169,-
GA170,GA,170,sensitive 
GA171,GA,171,easily upset 
GA171,GA,171,high-strung 
GA171,GA,171,irritable 
GA171,GA,171,sensitive 
GA171,GA,171,touchy 
GA172,GA,172,sensitive 
GA173,GA,173,-
GA174,GA,174,-
GA175,GA,175,-
GA176,GA,176,touchy 
GA177,GA,177,mean 
GA177,GA,177,quick-temper(ed) 
GA178,GA,178,-
GA179,GA,179,mean 
GA180,GA,180,hot-tempered 
GA181,GA,181,high-temper(ed) 
GA182,GA,182,-
GA183,GA,183,feisty 
GA183,GA,183,irritable 
GA183,GA,183,touchy 
GA184,GA,184,sensitive 
GA184,GA,184,touchy 
GA185,GA,185,hotheaded 
GA185,GA,185,short-tempered 
GA186,GA,186,touchy 
GA187,GA,187,-
GA188,GA,188,bad 
GA188,GA,188,low-down 
GA188,GA,188,mean 
GA189,GA,189,quick-temper(ed) 
GA190,GA,190,uptight 
GA191,GA,191,difficult 
GA191,GA,191,temperamental 
GA191,GA,191,volatile 
GA192,GA,192,short patient 
GA192,GA,192,touchy 
GA193,GA,193,ornery 
GA194,GA,194,-
GA195,GA,195,-
GA196,GA,196,-
GA197,GA,197,-
GA198,GA,198,-
GA199,GA,199,-
GA200,GA,200,-
GA201,GA,201,mean 
GA201,GA,201,stubborn 
GA202,GA,202,-
GA203,GA,203,teeky 
GA204,GA,204,-
GA205,GA,205,-
GA206,GA,206,curious 
GA206,GA,206,touchous 
GA207,GA,207,-
GA208,GA,208,moody 
GA208,GA,208,temperamental 
GA209,GA,209,sensitive 
GA210,GA,210,-
GA211,GA,211,short-tempered 
GA212,GA,212,-
GA213,GA,213,high-strung 
GA214,GA,214,irritable 
GA214,GA,214,sensitive 
GA215,GA,215,terrible 
GA216,GA,216,sensitive 
GA216,GA,216,touchy 
GA217,GA,217,-
GA218,GA,218,-
GA219,GA,219,-
GA220,GA,220,-
GA221,GA,221,easi(ly) offended 
GA222,GA,222,-
GA223,GA,223,-
GA224,GA,224,-
GA225,GA,225,-
FL226,FL,226,jump(y) 
FL227,FL,227,high-temper(ed) 
FL227,FL,227,sensitive 
FL228,FL,228,temperamental 
FL229,FL,229,mean 
FL230,FL,230,-
FL231,FL,231,irritable 
FL231,FL,231,touchy 
FL232,FL,232,touchy 
FL233,FL,233,easy to get upset 
FL234,FL,234,high-temper(ed) 
FL234,FL,234,mean 
FL235,FL,235,quick-temper(ed) 
FL236,FL,236,crazy 
FL237,FL,237,fractious 
FL238,FL,238,high-temper(ed) 
FL238,FL,238,touchy 
FL239,FL,239,sensitive 
FL239,FL,239,touchy 
FL240,FL,240,touchy 
FL241,FL,241,-
FL242,FL,242,ill 
FL242,FL,242,touchy 
FL243,FL,243,touchy 
FL244,FL,244,-
FL245,FL,245,-
FL246,FL,246,fiery 
FL246,FL,246,touchous 
FL247,FL,247,touchy 
FL248,FL,248,touchous 
FL249,FL,249,-
FL250,FL,250,quick-temper(ed) 
FL251,FL,251,-
FL252,FL,252,-
FL253,FL,253,touchy 
FL254,FL,254,touchy 
FL255,FL,255,crochety 
FL255,FL,255,feisty 
FL255,FL,255,testy 
FL256,FL,256,easy (to) touch 
FL256,FL,256,fractious 
FL257,FL,257,touchy 
FL258,FL,258,crazy 
FL258,FL,258,touchy 
FL259,FL,259,touchy 
FL260,FL,260,-
FL261,FL,261,serious 
FL261,FL,261,testy 
FL261,FL,261,touchy 
FL262,FL,262,hardheaded 
FL263,FL,263,-
FL264,FL,264,touchy 
FL265,FL,265,touchy 
FL266,FL,266,moody 
FL266,FL,266,short-tempered 
FL266,FL,266,touchy 
FL267,FL,267,crabbish 
FL268,FL,268,-
FL269,FL,269,touchy 
FL270,FL,270,touchy 
FL271,FL,271,temperamental 
FL272,FL,272,touchy 
FL273,FL,273,grumpy 
FL273,FL,273,hotheaded 
FL274,FL,274,touchy 
FL275,FL,275,fiery 
FL276,FL,276,nervous 
FL276,FL,276,touchous 
FL277,FL,277,touchy 
FL278,FL,278,sensitive 
FL278,FL,278,touchy 
FL279,FL,279,impatient 
FL279,FL,279,touchy 
FL280,FL,280,touchy 
FL281,FL,281,touchous 
FL282,FL,282,-
FL283,FL,283,quick-temper(ed) 
FL283,FL,283,rough 
FL284,FL,284,touchy 
FL285,FL,285,-
FL286,FL,286,aggressive 
FL286,FL,286,high-strung 
FL286,FL,286,high-temper(ed) 
FL286,FL,286,sensitive 
FL287,FL,287,-
FL288,FL,288,-
FL289,FL,289,touchy 
TN290,TN,290,high-temper(ed) 
TN290,TN,290,queer 
TN291,TN,291,high-temper(ed) 
TN292,TN,292,touchy 
TN293,TN,293,high-temper(ed) 
TN294,TN,294,touchy 
TN295,TN,295,queer 
TN296,TN,296,hotheaded 
TN296,TN,296,sensitive 
TN297,TN,297,touchy 
TN298,TN,298,high-temper(ed) 
TN299,TN,299,high-temper(ed) 
TN299,TN,299,touchous 
TN300,TN,300,feisty 
TN300,TN,300,touchy 
TN301,TN,301,touchous 
TN301,TN,301,touchy 
TN302,TN,302,fanatic 
TN302,TN,302,touchy 
TN303,TN,303,high-temper(ed) 
TN304,TN,304,high-temper(ed) 
TN304,TN,304,touchy 
TN305,TN,305,touchous 
TN306,TN,306,-
TN307,TN,307,hotheaded 
TN308,TN,308,touchy 
TN309,TN,309,-
TN310,TN,310,touchy 
TN311,TN,311,irritable 
TN311,TN,311,sensitive 
TN311,TN,311,touchy 
TN312,TN,312,touchy 
TN313,TN,313,ill-tempered 
TN313,TN,313,touchy 
TN314,TN,314,short-tempered 
TN314,TN,314,touchy 
TN315,TN,315,high-temper(ed) 
TN316,TN,316,high-temper(ed) 
TN317,TN,317,independent 
TN317,TN,317,tore up 
TN317,TN,317,touchous 
TN318,TN,318,-
TN319,TN,319,-
TN320,TN,320,touchy 
TN321,TN,321,easily provoked 
TN321,TN,321,feisty 
TN321,TN,321,fretful 
TN322,TN,322,touchy 
TN323,TN,323,-
TN324,TN,324,nar(row)-minded 
TN324,TN,324,quick-temper(ed) 
TN325,TN,325,high-temper(ed) 
TN326,TN,326,nettly 
TN326,TN,326,touchy 
TN327,TN,327,touchous 
TN328,TN,328,sensitive 
TN328,TN,328,touchy 
TN329,TN,329,sensitive 
TN329,TN,329,temperamental 
TN330,TN,330,nervous 
TN330,TN,330,touchous 
TN330,TN,330,touchy 
TN331,TN,331,touchy 
TN332,TN,332,touchy 
TN333,TN,333,-
TN334,TN,334,high-temper(ed) 
TN334,TN,334,sensitive 
TN334,TN,334,touchy 
TN335,TN,335,high-temper(ed) 
TN336,TN,336,high-temper(ed) 
TN336,TN,336,touchous 
AL337,AL,337,-
AL338,AL,338,touchy 
AL339,AL,339,sensitive 
AL340,AL,340,mean 
AL341,AL,341,touchy 
AL342,AL,342,-
AL343,AL,343,short-tempered 
AL344,AL,344,-
AL345,AL,345,-
AL346,AL,346,high-temper(ed) 
AL347,AL,347,touchy 
AL348,AL,348,quick-temper(ed) 
AL349,AL,349,-
AL350,AL,350,high-strung 
AL350,AL,350,nervous 
AL350,AL,350,touchy 
AL351,AL,351,high-strung 
AL351,AL,351,touchy 
AL352,AL,352,irritable 
AL352,AL,352,touchy 
AL353,AL,353,short patient 
AL353,AL,353,weak 
AL354,AL,354,-
AL355,AL,355,curious 
AL355,AL,355,peculiar 
AL355,AL,355,touchous 
AL356,AL,356,disagreeable 
AL356,AL,356,temperamental 
AL356,AL,356,touchy 
AL357,AL,357,immature 
AL357,AL,357,short-tempered 
AL357,AL,357,touchy 
AL358,AL,358,temperamental 
AL359,AL,359,touchous 
AL360,AL,360,touchy 
AL361,AL,361,quick-temper(ed) 
AL362,AL,362,high-temper(ed) 
AL363,AL,363,high-temper(ed) 
AL363,AL,363,touchy 
AL364,AL,364,fractious 
AL364,AL,364,high-temper(ed) 
AL365,AL,365,hotheaded 
AL366,AL,366,fractious 
AL366,AL,366,quick-temper(ed) 
AL367,AL,367,tense 
AL367,AL,367,touchy 
AL368,AL,368,-
AL369,AL,369,high-strung 
AL369,AL,369,testy 
AL370,AL,370,high-temper(ed) 
AL370,AL,370,touchy 
AL371,AL,371,temperamental 
AL372,AL,372,touchy 
AL373,AL,373,-
AL374,AL,374,selfish 
AL374,AL,374,touchy 
AL375,AL,375,short-tempered 
AL375,AL,375,touchy 
AL376,AL,376,-
AL377,AL,377,quick to get upsetted over nothing 
AL377,AL,377,touchy 
AL378,AL,378,quick-temper(ed) 
AL379,AL,379,irritable 
AL379,AL,379,touchy 
AL380,AL,380,high-temper(ed) 
AL380,AL,380,touchy 
AL381,AL,381,fractious 
AL381,AL,381,high-temper(ed) 
AL382,AL,382,ill-tempered 
AL383,AL,383,high-strung 
AL383,AL,383,temperamental 
AL383,AL,383,touchy 
AL384,AL,384,sensitive 
AL385,AL,385,high-temper(ed) 
AL385,AL,385,touchy 
AL386,AL,386,touchy 
AL387,AL,387,fractious 
AL387,AL,387,thin-skin(ned) 
AL387,AL,387,touchy 
AL388,AL,388,nervous 
AL388,AL,388,high-temper(ed) 
AL389,AL,389,cranky 
AL389,AL,389,grouchy 
AL389,AL,389,touchy 
AL390,AL,390,fractious 
AL391,AL,391,touchy 
AL392,AL,392,high nervous 
AL393,AL,393,touchous 
AL394,AL,394,-
AL395,AL,395,grouchy 
AL396,AL,396,-
AL397,AL,397,touchy 
AL398,AL,398,high-strung 
AL398,AL,398,hotheaded 
AL398,AL,398,sensitive 
AL398,AL,398,tenderhearted 
AL398,AL,398,touchy 
AL399,AL,399,touchy 
AL400,AL,400,touchy 
AL401,AL,401,high-temper(ed) 
AL401,AL,401,quick to shoot off 
AL402,AL,402,touchous 
AL403,AL,403,touchy 
AL404,AL,404,sensitive 
AL405,AL,405,touchy 
AL406,AL,406,high-temper(ed) 
AL407,AL,407,-
AL408,AL,408,hotheaded 
AL408,AL,408,touchy 
AL409,AL,409,fractious 
AL410,AL,410,fractious 
AL411,AL,411,high-strung 
AL411,AL,411,high-temper(ed) 
AL412,AL,412,-
AL413,AL,413,hot-tempered 
AL413,AL,413,hotheaded 
AL414,AL,414,short patience 
AL414,AL,414,touchy 
AL415,AL,415,short-tempered 
AL415,AL,415,touchy 
AL416,AL,416,touchy 
AL417,AL,417,sensitive 
AL417,AL,417,touchy 
AL418,AL,418,touchy 
AL419,AL,419,touchy 
AL420,AL,420,touchous 
AL421,AL,421,short 
AL422,AL,422,fractious 
AL423,AL,423,easy to fly off the handle 
AL423,AL,423,high-temper(ed) 
AL423,AL,423,touchy 
AL424,AL,424,-
AL425,AL,425,-
AL426,AL,426,-
AL427,AL,427,high-temper(ed) 
AL427,AL,427,temperamental 
AL427,AL,427,touchy 
AL428,AL,428,quick-temper(ed) 
AL429,AL,429,-
AL430,AL,430,sensitive 
AL430,AL,430,touchy 
AL431,AL,431,high-temper(ed) 
AL431,AL,431,touchy 
AL432,AL,432,-
AL433,AL,433,irritable 
AL434,AL,434,high-temper(ed) 
AL435,AL,435,high-temper(ed) 
AL435,AL,435,hotheaded 
AL435,AL,435,touchy 
AL436,AL,436,touchy 
AL437,AL,437,touchy 
AL438,AL,438,crabby 
AL438,AL,438,mean 
AL439,AL,439,-
AL440,AL,440,easy to get mad 
AL440,AL,440,easy to lose his temper 
AL441,AL,441,-
AL442,AL,442,-
AL443,AL,443,feisty 
AL443,AL,443,jump(y) 
AL444,AL,444,hotheaded 
AL445,AL,445,cantankerous 
AL445,AL,445,finicky 
AL445,AL,445,hard to get along with 
AL445,AL,445,touchy 
AL446,AL,446,touchy 
AL447,AL,447,touchy 
AL448,AL,448,touchy 
AL449,AL,449,feisty 
AL449,AL,449,quick-temper(ed) 
AL449,AL,449,short patient 
AL450,AL,450,short patient 
AL451,AL,451,hot-tempered 
AL451,AL,451,hotheaded 
FL452,FL,452,edgy 
FL453,FL,453,-
FL454,FL,454,high-temper(ed) 
FL455,FL,455,touchy 
FL456,FL,456,touchy 
FL457,FL,457,hotheaded 
FL458,FL,458,touchy 
FL459,FL,459,-
FL460,FL,460,high-temper(ed) 
FL460,FL,460,touchous 
FL461,FL,461,sensitive 
FL461,FL,461,touchy 
FL462,FL,462,-
FL463,FL,463,hard to get along with 
FL464,FL,464,mean 
FL464,FL,464,easy to make mad 
FL465,FL,465,fractious 
FL466,FL,466,touchous 
FL467,FL,467,high-temper(ed) 
FL468,FL,468,-
FL469,FL,469,quick-temper(ed) 
FL470,FL,470,leery 
FL470,FL,470,touchy 
FL471,FL,471,sensitive 
AL472,AL,472,touchous 
AL473,AL,473,-
AL474,AL,474,touchy 
AL475,AL,475,touchy 
AL476,AL,476,hot-tempered 
AL476,AL,476,quick-temper(ed) 
AL477,AL,477,hot-tempered 
AL477,AL,477,hotheaded 
AL478,AL,478,-
AL479,AL,479,hotheaded 
AL479,AL,479,touchy 
AL480,AL,480,touchy 
AL481,AL,481,quick-temper(ed) 
AL482,AL,482,touchy 
AL483,AL,483,-
AL484,AL,484,sensitive 
AL485,AL,485,quick-temper(ed) 
TN486,TN,486,-
TN487,TN,487,-
TN488,TN,488,fractious 
TN489,TN,489,high-strung 
TN490,TN,490,straitlaced 
TN491,TN,491,-
TN492,TN,492,high-temper(ed) 
TN493,TN,493,quick-temper(ed) 
TN494,TN,494,touchous 
TN494,TN,494,touchy 
TN495,TN,495,high-temper(ed) 
TN495,TN,495,touchy 
TN496,TN,496,sensitive 
TN496,TN,496,touchy 
TN497,TN,497,touchy 
TN498,TN,498,hot-tempered 
TN499,TN,499,-
TN500,TN,500,high-temper(ed) 
TN501,TN,501,high-strung 
TN501,TN,501,high-temper(ed) 
TN502,TN,502,sensitive 
TN503,TN,503,high-temper(ed) 
TN503,TN,503,touchous 
TN503,TN,503,touchy 
TN504,TN,504,touchy 
TN505,TN,505,high-temper(ed) 
TN506,TN,506,high-temper(ed) 
TN507,TN,507,-
TN508,TN,508,touchous 
TN508,TN,508,touchy 
TN509,TN,509,-
TN510,TN,510,-
TN511,TN,511,quick-temper(ed) 
TN511,TN,511,sensitive 
TN511,TN,511,touchous 
TN511,TN,511,touchy 
TN512,TN,512,-
TN513,TN,513,-
TN514,TN,514,quick-temper(ed) 
TN515,TN,515,-
TN516,TN,516,-
TN517,TN,517,sensitive 
TN518,TN,518,touchy 
TN519,TN,519,-
MS520,MS,520,-
MS521,MS,521,touchous 
MS522,MS,522,high-temper(ed) 
MS523,MS,523,-
MS524,MS,524,touchy 
MS525,MS,525,-
MS526,MS,526,-
MS527,MS,527,quick-temper(ed) 
MS527,MS,527,sensitive 
MS528,MS,528,touchous 
MS529,MS,529,-
MS530,MS,530,quick-temper(ed) 
MS531,MS,531,fractious 
MS532,MS,532,hot-tempered 
MS532,MS,532,quick-temper(ed) 
MS532,MS,532,touchy 
MS533,MS,533,touchy 
MS534,MS,534,high-temper(ed) 
MS535,MS,535,jump(y) 
MS535,MS,535,touchy 
MS536,MS,536,fractious 
MS537,MS,537,quick 
MS537,MS,537,touchous 
MS538,MS,538,sensitive 
MS538,MS,538,touchy 
MS539,MS,539,high-temper(ed) 
MS540,MS,540,-
MS541,MS,541,hot-tempered 
MS542,MS,542,fractious 
MS542,MS,542,high-temper(ed) 
MS543,MS,543,high-temper(ed) 
MS543,MS,543,touchous 
MS544,MS,544,high-temper(ed) 
MS544,MS,544,sensitive 
MS545,MS,545,ticky 
MS545,MS,545,touchy 
MS546,MS,546,-
MS547,MS,547,sensitive 
MS548,MS,548,mean 
MS548,MS,548,quick-temper(ed) 
MS549,MS,549,-
MS550,MS,550,-
MS551,MS,551,-
MS552,MS,552,crabby 
MS552,MS,552,touchous 
MS553,MS,553,-
MS554,MS,554,-
MS555,MS,555,touchous 
MS556,MS,556,touchous 
MS556,MS,556,touchy 
MS557,MS,557,-
MS558,MS,558,grouchy 
MS558,MS,558,ill-tempered 
MS559,MS,559,-
MS560,MS,560,-
MS561,MS,561,-
MS562,MS,562,horsey 
MS563,MS,563,touchy 
MS564,MS,564,serious 
MS564,MS,564,touchy 
MS565,MS,565,touchy 
MS566,MS,566,-
MS567,MS,567,-
MS568,MS,568,-
MS569,MS,569,high-strung 
MS570,MS,570,-
MS571,MS,571,anger (=angry) 
MS572,MS,572,-
MS573,MS,573,quick-temper(ed) 
MS573,MS,573,touchy 
MS574,MS,574,high-strung 
MS574,MS,574,touchy 
MS575,MS,575,sensitive 
MS576,MS,576,high-strung 
MS576,MS,576,high-temper(ed) 
MS576,MS,576,touchy 
MS577,MS,577,quick to get mad 
MS577,MS,577,touchous 
MS578,MS,578,touchous 
MS579,MS,579,touchy 
MS580,MS,580,mean 
MS581,MS,581,-
MS582,MS,582,high-temper(ed) 
MS583,MS,583,high-temper(ed) 
MS584,MS,584,on edge 
MS584,MS,584,touchy 
MS585,MS,585,high-temper(ed) 
MS585,MS,585,touchous 
MS586,MS,586,-
MS587,MS,587,crutchous 
MS587,MS,587,touchous 
MS588,MS,588,high-temper(ed) 
MS588,MS,588,touchy 
MS589,MS,589,quick-temper(ed) 
MS590,MS,590,-
MS591,MS,591,sensitive 
MS591,MS,591,touchy 
MS592,MS,592,fiery 
MS592,MS,592,high-temper(ed) 
MS592,MS,592,touchy 
MS593,MS,593,quick to get mad 
MS594,MS,594,temperous 
MS594,MS,594,touchous 
MS595,MS,595,sensitive 
MS595,MS,595,touchy 
MS596,MS,596,-
MS597,MS,597,touchy 
MS598,MS,598,-
MS599,MS,599,irritable 
MS599,MS,599,touchy 
MS600,MS,600,high-temper(ed) 
MS601,MS,601,touchous 
MS601,MS,601,touchy 
MS602,MS,602,easy to get upset 
MS602,MS,602,shaky 
MS602,MS,602,touchous 
MS602,MS,602,touchy 
MS603,MS,603,-
MS604,MS,604,-
MS605,MS,605,-
MS606,MS,606,curious 
MS607,MS,607,easy to make mad 
MS607,MS,607,easy (to) touch 
MS608,MS,608,edgy 
MS608,MS,608,fractious 
MS609,MS,609,-
MS610,MS,610,nervous 
MS611,MS,611,sensitive 
MS611,MS,611,touchy 
MS612,MS,612,mean 
MS612,MS,612,quick to get mad 
MS612,MS,612,touchous 
MS613,MS,613,touchy 
MS614,MS,614,touchy 
MS615,MS,615,sensitive 
MS615,MS,615,touchy 
MS616,MS,616,-
MS617,MS,617,cantankerous 
MS617,MS,617,sensitive 
MS617,MS,617,touchy 
MS617,MS,617,wild 
MS618,MS,618,-
MS619,MS,619,-
MS620,MS,620,funny 
MS620,MS,620,queer 
MS621,MS,621,-
MS622,MS,622,high-temper(ed) 
MS623,MS,623,touchy 
MS624,MS,624,ill-tempered 
MS624,MS,624,uptight 
MS625,MS,625,selfish 
MS626,MS,626,-
MS627,MS,627,high-temper(ed) 
MS628,MS,628,sensitive 
MS628,MS,628,touchy 
MS629,MS,629,moody 
MS629,MS,629,touchy 
LA630,LA,630,-
LA631,LA,631,-
LA632,LA,632,fractious 
LA632,LA,632,temperamental 
LA633,LA,633,-
LA634,LA,634,touchous 
LA635,LA,635,touchous 
LA636,LA,636,quick-temper(ed) 
LA637,LA,637,cranky 
LA638,LA,638,sensitive 
LA639,LA,639,touchous 
LA640,LA,640,quick-temper(ed) 
LA640,LA,640,touchy 
LA641,LA,641,quick-temper(ed) 
LA641,LA,641,touchy 
LA642,LA,642,-
LA643,LA,643,hot-tempered 
LA643,LA,643,touchy 
LA644,LA,644,-
LA645,LA,645,serious 
LA645,LA,645,short-tempered 
LA645,LA,645,strong-tempered 
LA646,LA,646,irritated 
LA647,LA,647,-
LA648,LA,648,nervous 
LA648,LA,648,touchy 
LA649,LA,649,hotheaded 
LA649,LA,649,touchy 
LA650,LA,650,disagreeable 
LA651,LA,651,-
LA652,LA,652,sensitive 
LA652,LA,652,touchy 
LA653,LA,653,-
LA654,LA,654,-
LA655,LA,655,touchy 
LA656,LA,656,hot 
LA656,LA,656,sensitive 
LA656,LA,656,touchy 
LA657,LA,657,touchy 
LA657X,LA,657X,disagreeable 
LA657X,LA,657X,silly 
LA657Y,LA,657Y,aggressive 
LA657Y,LA,657Y,hostile 
LA657Z,LA,657Z,-
LA658,LA,658,quick-temper(ed) 
LA659,LA,659,serious 
LA659,LA,659,stupid 
LA660,LA,660,fretful 
LA661,LA,661,grouchy 
LA661,LA,661,touchy 
LA662,LA,662,oversensitive 
LA662,LA,662,touchy 
LA663,LA,663,-
LA664,LA,664,-
LA665,LA,665,disagreeable 
LA665,LA,665,fractious 
LA666,LA,666,-
LA667,LA,667,touchy 
LA668,LA,668,serious 
LA668,LA,668,touchy 
LA669,LA,669,touchy 
LA670,LA,670,-
LA671,LA,671,bad-tempered 
LA671,LA,671,irritable 
LA671,LA,671,quick-temper(ed) 
LA671,LA,671,touchy 
LA672,LA,672,quick-temper(ed) 
LA673,LA,673,sensitive 
AR674,AR,674,high-strung 
AR675,AR,675,-
AR676,AR,676,-
AR677,AR,677,on offsides 
AR677,AR,677,standoffish 
AR677,AR,677,temperamental 
AR677,AR,677,touchy 
AR678,AR,678,touchy 
AR679,AR,679,edgy 
AR679,AR,679,touchy 
AR680,AR,680,-
AR681,AR,681,high-temper(ed) 
AR682,AR,682,high-temper(ed) 
AR683,AR,683,high-strung 
AR683,AR,683,high-temper(ed) 
AR683,AR,683,touchous 
AR684,AR,684,-
AR685,AR,685,quick-temper(ed) 
AR686,AR,686,touchous 
AR687,AR,687,touchy 
AR688,AR,688,-
AR689,AR,689,crabby 
AR689,AR,689,hard to get along with 
AR690,AR,690,sensitive 
AR690,AR,690,touchy 
AR691,AR,691,-
AR692,AR,692,-
AR693,AR,693,quick-temper(ed) 
AR694,AR,694,ill-tempered 
AR695,AR,695,fiery 
AR695,AR,695,radical 
AR695,AR,695,touchy 
AR696,AR,696,high-strung 
AR696,AR,696,high-temper(ed) 
AR697,AR,697,fretted 
AR698,AR,698,-
AR699,AR,699,-
AR700,AR,700,-
AR701,AR,701,fractious 
AR702,AR,702,-
AR703,AR,703,-
AR704,AR,704,grouchy 
AR704,AR,704,wild 
AR705,AR,705,touchy 
AR706,AR,706,-
AR707,AR,707,temperamental 
AR708,AR,708,irritable 
AR709,AR,709,-
AR710,AR,710,touchy 
AR711,AR,711,crazy 
AR711,AR,711,paranoid 
AR711,AR,711,touchy 
AR712,AR,712,sensitive 
AR712,AR,712,touchy 
AR713,AR,713,touchy 
AR714,AR,714,-
AR715,AR,715,fractious 
AR716,AR,716,-
AR717,AR,717,-
AR718,AR,718,easi(ly) offended 
AR718,AR,718,touchy 
AR719,AR,719,thin-skin(ned) 
AR720,AR,720,touchy 
AR721,AR,721,high-strung 
AR721,AR,721,high-temper(ed) 
AR722,AR,722,-
AR723,AR,723,touchy 
AR724,AR,724,-
AR725,AR,725,hotheaded 
AR725,AR,725,touchy 
AR726,AR,726,goofy 
AR727,AR,727,touchy 
AR728,AR,728,hot-tempered 
AR729,AR,729,touchy 
AR730,AR,730,hardheaded 
AR730,AR,730,touchy 
AR731,AR,731,fractious 
AR731,AR,731,hard to handle 
AR731,AR,731,touchy 
AR732,AR,732,hotheaded 
AR733,AR,733,-
AR734,AR,734,-
AR735,AR,735,-
AR736,AR,736,high-temper(ed) 
AR736,AR,736,touchy 
AR737,AR,737,high-temper(ed) 
AR737,AR,737,short-minded 
AR738,AR,738,touchy 
AR739,AR,739,-
AR740,AR,740,high-strung 
AR740,AR,740,high-temper(ed) 
AR741,AR,741,touchy 
AR742,AR,742,high-temper(ed) 
AR742,AR,742,touchy 
AR743,AR,743,high-temper(ed) 
AR744,AR,744,-
AR745,AR,745,-
AR746,AR,746,sensitive 
AR746,AR,746,touchous 
AR746,AR,746,touchy 
AR747,AR,747,quick-temper(ed) 
AR747,AR,747,touchy 
AR748,AR,748,-
AR749,AR,749,high-strung 
AR749,AR,749,touchy 
AR750,AR,750,-
AR751,AR,751,-
AR752,AR,752,serious 
AR753,AR,753,touchy 
AR754,AR,754,high-temper(ed) 
AR754,AR,754,quick-temper(ed) 
AR755,AR,755,nervous 
AR755,AR,755,quick-temper(ed) 
AR755,AR,755,touchy 
LA756,LA,756,crazy 
LA756,LA,756,testy 
LA757,LA,757,nervous 
LA758,LA,758,cranky 
LA759,LA,759,-
LA760,LA,760,-
LA761,LA,761,-
LA762,LA,762,feisty 
LA762,LA,762,high-temper(ed) 
LA763,LA,763,-
LA764,LA,764,easy to make mad 
LA764,LA,764,funny 
LA764,LA,764,high-minded 
LA764,LA,764,high-temper(ed) 
LA764,LA,764,touchous 
LA765,LA,765,touchy 
LA766,LA,766,-
LA767,LA,767,sensitive 
LA767,LA,767,touchy 
LA768,LA,768,touchy 
LA769,LA,769,touchy 
LA770,LA,770,sensitive 
LA771,LA,771,-
LA772,LA,772,fractious 
LA773,LA,773,-
LA774,LA,774,-
LA775,LA,775,-
LA776,LA,776,touchy 
LA777,LA,777,-
LA778,LA,778,sensitive 
LA778,LA,778,touchy 
LA779,LA,779,ill-tempered 
LA779,LA,779,touchy 
LA780,LA,780,temperamental 
LA781,LA,781,-
LA782,LA,782,high-strung 
LA782,LA,782,high-temper(ed) 
LA783,LA,783,touchy 
LA784,LA,784,high-temper(ed) 
LA784,LA,784,pissy 
LA785,LA,785,strong-minded 
LA785,LA,785,touchy 
LA786,LA,786,high-temper(ed) 
LA786,LA,786,touchy 
LA787,LA,787,touchy 
LA788,LA,788,-
LA789,LA,789,fretful 
LA789,LA,789,high-temper(ed) 
LA790,LA,790,foolish 
LA790,LA,790,fractious 
LA791,LA,791,disagreeable 
LA791,LA,791,hotheaded 
LA791,LA,791,ill-tempered 
LA791,LA,791,touchous 
LA792,LA,792,stubborn 
LA793,LA,793,-
LA794,LA,794,high-temper(ed) 
LA794,LA,794,touchous 
LA795,LA,795,-
LA796,LA,796,edgy 
LA796,LA,796,touchy 
LA797,LA,797,touchous 
LA798,LA,798,touchy 
LA799,LA,799,-
LA800,LA,800,hotheaded 
LA800,LA,800,touchous 
LA801,LA,801,touchy 
LA802,LA,802,quick-temper(ed) 
LA803,LA,803,-
LA804,LA,804,-
LA805,LA,805,sensitive 
LA805,LA,805,touchy 
LA806,LA,806,short-tempered 
LA806,LA,806,sore 
LA806,LA,806,touchy 
LA807,LA,807,touchy 
LA808,LA,808,hard to get along with 
LA809,LA,809,touchy 
LA810,LA,810,high-temper(ed) 
LA811,LA,811,impatient 
LA812,LA,812,-
LA813,LA,813,quick-temper(ed) 
LA814,LA,814,contrary 
LA815,LA,815,-
LA816,LA,816,prickly 
LA816,LA,816,touchy 
LA817,LA,817,easy to get mad 
LA817,LA,817,touchy 
TX818,TX,818,-
TX819,TX,819,leery 
TX819,TX,819,quick-temper(ed) 
TX819,TX,819,touchy 
TX820,TX,820,touchy 
TX821,TX,821,touchous 
TX822,TX,822,touchy 
TX823,TX,823,crazy 
TX823,TX,823,hotheaded 
TX823,TX,823,sore 
TX823,TX,823,touchous 
TX824,TX,824,touchy 
TX825,TX,825,touchous 
TX826,TX,826,touchy 
TX827,TX,827,touchy 
TX828,TX,828,cranky 
TX828,TX,828,touchy 
TX829,TX,829,sensitive 
TX829,TX,829,touchy 
TX830,TX,830,sensitive 
TX830,TX,830,touchy 
TX831,TX,831,touchy 
TX832,TX,832,-
TX833,TX,833,hotheaded 
TX833,TX,833,sensitive 
TX833,TX,833,touchy 
TX834,TX,834,touchy 
TX835,TX,835,touchy 
TX836,TX,836,easy to get mad 
TX836,TX,836,high-temper(ed) 
TX836,TX,836,touchy 
TX837,TX,837,sensitive 
TX837,TX,837,touchy 
TX838,TX,838,-
TX839,TX,839,puckered mouth 
TX840,TX,840,high-temper(ed) 
TX841,TX,841,-
TX842,TX,842,upset 
TX843,TX,843,put out 
TX843,TX,843,uptight 
TX844,TX,844,touchy 
TX845,TX,845,touchy 
TX846,TX,846,sensitive 
TX847,TX,847,-
TX848,TX,848,tense 
TX848,TX,848,touchy 
TX849,TX,849,cantankerous 
TX849,TX,849,irritable 
TX849,TX,849,touchy 
TX850,TX,850,serious-minded 
TX851,TX,851,-
TX852,TX,852,sensitive 
TX853,TX,853,sensitive 
TX854,TX,854,touchy 
TX855,TX,855,ignorant 
TX855,TX,855,thin-skin(ned) 
TX855,TX,855,touchous 
TX856,TX,856,-
TX857,TX,857,touchy 
TX858,TX,858,-
TX859,TX,859,fractious 
TX860,TX,860,quick-temper(ed) 
TX860,TX,860,touchy 
TX861,TX,861,touchy 
TX862,TX,862,-
TX863,TX,863,humorless 
TX863,TX,863,sensitive 
TX863,TX,863,thin-skin(ned) 
TX863,TX,863,touchy 
TX864,TX,864,-
TX865,TX,865,touchy 
TX866,TX,866,grouchy 
TX866,TX,866,hotheaded 
TX867,TX,867,sore 
TX867,TX,867,touchy 
TX868,TX,868,quick-temper(ed) 
TX868,TX,868,sensitive 
TX868,TX,868,touchy 
TX869,TX,869,touchy 
TX869,TX,869,upset 
TX869,TX,869,uptight 
TX870,TX,870,sensitive 
TX870,TX,870,touchy 
TX871,TX,871,touchy 
TX872,TX,872,-
TX873,TX,873,nar(row)-minded 
TX873,TX,873,touchy 
TX874,TX,874,touchy 
TX875,TX,875,touchy 
TX876,TX,876,-
TX877,TX,877,sensitive 
TX877,TX,877,testy 
TX877,TX,877,touchy 
TX878,TX,878,high-temper(ed) 
TX878,TX,878,quick-temper(ed) 
TX879,TX,879,-
TX880,TX,880,ill-disposed 
TX880,TX,880,taciturn 
TX881,TX,881,-
TX882,TX,882,hotheaded 
TX883,TX,883,sensitive 
TX884,TX,884,-
TX885,TX,885,hard to get along with 
TX885,TX,885,touchy 
TX886,TX,886,shy 
TX887,TX,887,sullen 
TX887,TX,887,touchy 
TX888,TX,888,-
TX889,TX,889,crabby 
TX889,TX,889,touchy 
TX890,TX,890,touchy 
TX891,TX,891,sensitive 
TX892,TX,892,-
TX893,TX,893,touchy 
TX894,TX,894,high-temper(ed) 
TX894,TX,894,quick on the draw 
TX894,TX,894,touchy 
TX895,TX,895,touchy 
TX896,TX,896,-
TX897,TX,897,-
TX898,TX,898,-
TX899,TX,899,-
TX900,TX,900,high-temper(ed) 
TX900,TX,900,touchy 
TX901,TX,901,edgy 
TX901,TX,901,tender 
TX901,TX,901,touchy 
TX902,TX,902,short-tempered 
TX902,TX,902,touchy 
TX903,TX,903,-
TX904,TX,904,fretful 
TX905,TX,905,touchy 
TX906,TX,906,unstable 
TX907,TX,907,-
TX908,TX,908,irritable 
TX908,TX,908,touchy 
TX909,TX,909,-
TX910,TX,910,fretful 
TX910,TX,910,ill-tempered 
TX910,TX,910,quick-temper(ed) 
TX910,TX,910,short-tempered 
TX910,TX,910,touchy 
TX911,TX,911,touchy 
