Informant,State,Informant number,Response
TN001,TN,001,sleepyheaded 
TN002,TN,002,drowsy 
TN002,TN,002,sleepy 
TN003,TN,003,sleepyheaded 
TN004,TN,004,sleepy 
TN005,TN,005,let down 
TN006,TN,006,sleepy 
TN007,TN,007,sleepy 
TN008,TN,008,drowsy 
TN009,TN,009,-
TN010,TN,010,sleepy 
TN011,TN,011,sleepy 
TN012,TN,012,drowsy 
TN013,TN,013,drowsy 
TN014,TN,014,sleepy 
TN015,TN,015,drowsy 
TN016,TN,016,drowsy 
TN017,TN,017,-
TN018,TN,018,-
TN019,TN,019,drowsy 
TN019,TN,019,groggy 
TN019,TN,019,sleepy 
TN020,TN,020,-
TN021,TN,021,-
TN022,TN,022,sleepy 
TN023,TN,023,drowsy 
TN024,TN,024,-
TN025,TN,025,-
TN026,TN,026,-
TN027,TN,027,sleepy 
TN028,TN,028,drowsy 
TN028,TN,028,sleepyheaded 
TN029,TN,029,drowsy 
TN030,TN,030,-
TN031,TN,031,-
TN032,TN,032,sleepy 
TN032,TN,032,tired 
TN033,TN,033,sleepy 
TN034,TN,034,-
TN035,TN,035,-
TN036,TN,036,sleepy 
TN037,TN,037,-
TN038,TN,038,sleepy 
TN039,TN,039,sleepy 
TN040,TN,040,sleepy 
TN041,TN,041,sleepy 
TN041,TN,041,tired 
TN042,TN,042,-
TN043,TN,043,sleepy 
TN044,TN,044,-
TN045,TN,045,sleepy 
TN046,TN,046,drowsy 
TN046,TN,046,sleepy 
TN047,TN,047,-
TN048,TN,048,drowsy 
TN049,TN,049,drowsy 
TN050,TN,050,-
TN051,TN,051,sleepy 
TN052,TN,052,sleepy 
TN053,TN,053,sleepy 
TN054,TN,054,sleepy 
TN055,TN,055,sleepy 
TN056,TN,056,-
TN057,TN,057,sleepy 
TN058,TN,058,sleepy 
TN059,TN,059,-
TN060,TN,060,sleepy 
GA061,GA,061,bad 
GA062,GA,062,sleepy 
GA063,GA,063,-
GA064,GA,064,sleepy 
GA065,GA,065,-
GA066,GA,066,drowsy 
GA067,GA,067,-
GA068,GA,068,-
GA069,GA,069,sleepy 
GA070,GA,070,sleepy 
GA071,GA,071,-
GA072,GA,072,sleepy 
GA073,GA,073,drowsy 
GA073,GA,073,sleepy 
GA074,GA,074,sleepy 
GA075,GA,075,sleepy 
GA076,GA,076,low 
GA076,GA,076,sleepy 
GA077,GA,077,-
GA078,GA,078,-
GA079,GA,079,-
GA080,GA,080,-
GA081,GA,081,-
GA082,GA,082,-
GA083,GA,083,-
GA084,GA,084,sleepy 
GA084,GA,084,tired 
GA085,GA,085,sleepy 
GA086,GA,086,sleepy 
GA087,GA,087,sleepy 
GA088,GA,088,sleepy 
GA089,GA,089,-
GA090,GA,090,-
GA091,GA,091,-
GA092,GA,092,-
GA093,GA,093,-
GA094,GA,094,-
GA095,GA,095,sleepy 
GA096,GA,096,sleepy 
GA097,GA,097,-
GA098,GA,098,tired 
GA098,GA,098,wor(n) out 
GA099,GA,099,sleepy 
GA100,GA,100,sleepy 
GA101,GA,101,sleepy 
GA102,GA,102,sleepy 
GA103,GA,103,sleepy 
GA104,GA,104,sleepy 
GA105,GA,105,tired 
GA106,GA,106,sleepy 
GA107,GA,107,-
GA108,GA,108,-
GA109,GA,109,sleepy 
GA110,GA,110,sleepy 
GA111,GA,111,sleepy 
GA112,GA,112,groggy 
GA112,GA,112,sleepy 
GA113,GA,113,-
GA114,GA,114,-
GA115,GA,115,-
GA116,GA,116,-
GA117,GA,117,-
GA118,GA,118,sleepy 
GA119,GA,119,drowsy 
GA119,GA,119,sleepy 
GA120,GA,120,-
GA121,GA,121,sleepy 
GA122,GA,122,sleepy 
GA123,GA,123,-
GA124,GA,124,-
GA125,GA,125,-
GA126,GA,126,-
GA127,GA,127,-
GA128,GA,128,-
GA129,GA,129,-
GA130,GA,130,-
GA131,GA,131,-
GA132,GA,132,-
GA133,GA,133,sleepy 
GA134,GA,134,tired 
GA135,GA,135,-
GA136,GA,136,drowsy 
GA137,GA,137,sleepy 
GA138,GA,138,sleepy 
GA139,GA,139,drowsy 
GA139,GA,139,sleepy 
GA140,GA,140,sleepy 
GA141,GA,141,sleepy 
GA142,GA,142,-
GA143,GA,143,sleepy 
GA144,GA,144,sleepy 
GA145,GA,145,sleepy 
GA146,GA,146,sleepy 
GA147,GA,147,-
GA148,GA,148,weary 
GA149,GA,149,jade(d) 
GA149,GA,149,tired 
GA150,GA,150,sleepy 
GA151,GA,151,sleepy 
GA152,GA,152,-
GA153,GA,153,-
GA154,GA,154,-
GA155,GA,155,-
GA156,GA,156,-
GA157,GA,157,-
GA158,GA,158,-
GA159,GA,159,sleepy 
GA160,GA,160,sleepy 
GA161,GA,161,-
GA162,GA,162,sleepy 
GA163,GA,163,sleepy 
GA164,GA,164,sleepy 
GA165,GA,165,sleepy 
GA166,GA,166,sleepy 
GA167,GA,167,drowsy 
GA167,GA,167,sleepy 
GA168,GA,168,-
GA169,GA,169,-
GA170,GA,170,sleepy 
GA171,GA,171,-
GA172,GA,172,sleepy 
GA173,GA,173,-
GA174,GA,174,-
GA175,GA,175,-
GA176,GA,176,sleepy 
GA177,GA,177,-
GA178,GA,178,-
GA179,GA,179,drowsy 
GA180,GA,180,sleepy 
GA181,GA,181,-
GA182,GA,182,-
GA183,GA,183,sleepy 
GA184,GA,184,sleepy 
GA185,GA,185,sleepy 
GA186,GA,186,sleepy 
GA187,GA,187,-
GA188,GA,188,drowsy 
GA188,GA,188,sleepy 
GA189,GA,189,sleepy 
GA190,GA,190,sleepy 
GA191,GA,191,sleepy 
GA192,GA,192,sleepy 
GA193,GA,193,-
GA194,GA,194,-
GA195,GA,195,-
GA196,GA,196,-
GA197,GA,197,-
GA198,GA,198,-
GA199,GA,199,drowsy 
GA199,GA,199,sleepy 
GA200,GA,200,jade(d) 
GA201,GA,201,-
GA202,GA,202,-
GA203,GA,203,sleepy 
GA204,GA,204,-
GA205,GA,205,-
GA206,GA,206,sleepy 
GA207,GA,207,-
GA208,GA,208,sleepy 
GA209,GA,209,drowsy 
GA210,GA,210,drowsy 
GA210,GA,210,sleepy 
GA211,GA,211,sleepy 
GA212,GA,212,-
GA213,GA,213,moody 
GA213,GA,213,tired 
GA214,GA,214,-
GA215,GA,215,sleepy 
GA216,GA,216,sleepy 
GA217,GA,217,sleepy 
GA218,GA,218,drowsy 
GA219,GA,219,sleepy 
GA220,GA,220,sleepy 
GA221,GA,221,-
GA222,GA,222,-
GA223,GA,223,drowsy 
GA223,GA,223,sleepy 
GA224,GA,224,sleepy 
GA225,GA,225,sleepy 
FL226,FL,226,sleepy 
FL226,FL,226,weary 
FL227,FL,227,sleepy 
FL228,FL,228,-
FL229,FL,229,-
FL230,FL,230,drowsy 
FL231,FL,231,-
FL232,FL,232,drowsy 
FL232,FL,232,sleepy 
FL233,FL,233,sleepy 
FL234,FL,234,-
FL235,FL,235,-
FL236,FL,236,-
FL237,FL,237,-
FL238,FL,238,-
FL239,FL,239,sleepy 
FL240,FL,240,drowsy 
FL241,FL,241,-
FL242,FL,242,-
FL243,FL,243,-
FL244,FL,244,-
FL245,FL,245,sleepy 
FL246,FL,246,-
FL247,FL,247,sleepy 
FL248,FL,248,-
FL249,FL,249,sleepy 
FL250,FL,250,weary 
FL251,FL,251,-
FL252,FL,252,-
FL253,FL,253,-
FL254,FL,254,sleepy 
FL255,FL,255,sleepy 
FL255,FL,255,weary 
FL256,FL,256,-
FL257,FL,257,-
FL258,FL,258,-
FL259,FL,259,-
FL260,FL,260,-
FL261,FL,261,sleepy 
FL262,FL,262,drowsy 
FL262,FL,262,sleepy 
FL263,FL,263,sleepy 
FL264,FL,264,sleepy 
FL265,FL,265,sleepy 
FL266,FL,266,drowsy 
FL266,FL,266,foggy 
FL266,FL,266,sleepy 
FL267,FL,267,drowsy 
FL268,FL,268,-
FL269,FL,269,drowsy 
FL269,FL,269,sleepy 
FL270,FL,270,sleepy 
FL271,FL,271,-
FL272,FL,272,sleepy 
FL273,FL,273,drowsy 
FL273,FL,273,sleepy 
FL274,FL,274,-
FL275,FL,275,sleepy 
FL276,FL,276,drowsy 
FL276,FL,276,sleepy 
FL277,FL,277,-
FL278,FL,278,drowsy 
FL278,FL,278,sleepy 
FL279,FL,279,-
FL280,FL,280,sleepy 
FL281,FL,281,sleepy 
FL282,FL,282,-
FL283,FL,283,sleepy 
FL284,FL,284,sleepy 
FL285,FL,285,-
FL286,FL,286,sleepy 
FL287,FL,287,-
FL288,FL,288,sleepy 
FL289,FL,289,drowsy 
TN290,TN,290,sleepy 
TN291,TN,291,drowsy 
TN292,TN,292,drowsy 
TN293,TN,293,drowsy 
TN293,TN,293,sleepy 
TN294,TN,294,drowsy 
TN294,TN,294,sleepy 
TN295,TN,295,sleepy 
TN296,TN,296,tired 
TN297,TN,297,sleepy 
TN298,TN,298,-
TN299,TN,299,-
TN300,TN,300,-
TN301,TN,301,-
TN302,TN,302,sleepy 
TN302,TN,302,tough 
TN303,TN,303,drowsy 
TN303,TN,303,sleepy 
TN303,TN,303,stupid 
TN304,TN,304,sleepy 
TN305,TN,305,sleepy 
TN306,TN,306,-
TN307,TN,307,-
TN308,TN,308,-
TN309,TN,309,-
TN310,TN,310,sleepy 
TN311,TN,311,-
TN312,TN,312,tired 
TN313,TN,313,-
TN314,TN,314,sleepy 
TN315,TN,315,-
TN316,TN,316,-
TN317,TN,317,-
TN318,TN,318,-
TN319,TN,319,-
TN320,TN,320,drowsy 
TN320,TN,320,sleepy 
TN321,TN,321,sleepy 
TN322,TN,322,sleepy 
TN323,TN,323,sleepy 
TN324,TN,324,drowsy 
TN325,TN,325,sleepy 
TN325,TN,325,yawny 
TN326,TN,326,-
TN327,TN,327,sleepy 
TN328,TN,328,-
TN329,TN,329,sleepy 
TN330,TN,330,sleepy 
TN331,TN,331,-
TN332,TN,332,-
TN333,TN,333,-
TN334,TN,334,sleepy 
TN335,TN,335,-
TN336,TN,336,drowsy 
TN336,TN,336,sleepy 
AL337,AL,337,-
AL338,AL,338,sleepy 
AL339,AL,339,-
AL340,AL,340,sleepy 
AL341,AL,341,-
AL342,AL,342,sleepy 
AL343,AL,343,sleepy 
AL344,AL,344,sleepy 
AL345,AL,345,-
AL346,AL,346,-
AL347,AL,347,sleepy 
AL348,AL,348,sleepy 
AL349,AL,349,-
AL350,AL,350,-
AL351,AL,351,sleepy 
AL352,AL,352,drowsy 
AL352,AL,352,sleepy 
AL353,AL,353,sleepy 
AL354,AL,354,sleepy 
AL355,AL,355,-
AL356,AL,356,drowsy 
AL356,AL,356,fagged out 
AL356,AL,356,poorly 
AL356,AL,356,queasy 
AL356,AL,356,sleepy 
AL357,AL,357,sleepy 
AL358,AL,358,sleepy 
AL359,AL,359,drowsy 
AL360,AL,360,drowsy 
AL361,AL,361,sleepy 
AL362,AL,362,sleepy 
AL363,AL,363,bozy 
AL363,AL,363,drowsy 
AL363,AL,363,sleepy 
AL364,AL,364,sleepy 
AL365,AL,365,-
AL366,AL,366,drowsy 
AL367,AL,367,sleepy 
AL368,AL,368,-
AL369,AL,369,sleepy 
AL370,AL,370,-
AL371,AL,371,-
AL372,AL,372,-
AL373,AL,373,-
AL374,AL,374,-
AL375,AL,375,-
AL376,AL,376,-
AL377,AL,377,-
AL378,AL,378,-
AL379,AL,379,sleepy 
AL380,AL,380,-
AL381,AL,381,-
AL382,AL,382,sleepy 
AL383,AL,383,sleepy 
AL384,AL,384,drowsy 
AL384,AL,384,sleepy 
AL385,AL,385,-
AL386,AL,386,sleepy 
AL387,AL,387,sleepy 
AL388,AL,388,sleepy 
AL389,AL,389,-
AL390,AL,390,drowsy 
AL390,AL,390,sleepy 
AL391,AL,391,sleepy 
AL392,AL,392,bad 
AL392,AL,392,disgusted 
AL392,AL,392,drowsy 
AL392,AL,392,stupid 
AL393,AL,393,sleepy 
AL394,AL,394,sleepy 
AL395,AL,395,sleepy 
AL396,AL,396,-
AL397,AL,397,-
AL398,AL,398,-
AL399,AL,399,-
AL400,AL,400,sleepy 
AL401,AL,401,-
AL402,AL,402,sleepy 
AL403,AL,403,sleepy 
AL404,AL,404,sleepy 
AL405,AL,405,sleepy 
AL406,AL,406,sleepy 
AL407,AL,407,sleepy 
AL408,AL,408,-
AL409,AL,409,sleepy 
AL410,AL,410,-
AL411,AL,411,sleepy 
AL412,AL,412,-
AL413,AL,413,-
AL414,AL,414,sleepy 
AL415,AL,415,sleepy 
AL416,AL,416,sleepy 
AL417,AL,417,sleepy 
AL418,AL,418,sleepy 
AL419,AL,419,drowsy 
AL419,AL,419,sleepy 
AL420,AL,420,sleepy 
AL421,AL,421,sleepy 
AL422,AL,422,drowsy 
AL423,AL,423,sleepy 
AL424,AL,424,sleepy 
AL425,AL,425,sleepy 
AL426,AL,426,sleepy 
AL427,AL,427,sleepy 
AL428,AL,428,sleepy 
AL429,AL,429,-
AL430,AL,430,-
AL431,AL,431,sleepy 
AL432,AL,432,-
AL433,AL,433,sleepy 
AL434,AL,434,sleepy 
AL435,AL,435,drowsy 
AL435,AL,435,petered out 
AL435,AL,435,sleepy 
AL436,AL,436,sleepy 
AL437,AL,437,sleepy 
AL438,AL,438,sleepy 
AL439,AL,439,sleepy 
AL440,AL,440,sleepy 
AL441,AL,441,sleepy 
AL442,AL,442,sleepy 
AL443,AL,443,drowsy 
AL444,AL,444,tough 
AL445,AL,445,sleepy 
AL446,AL,446,-
AL447,AL,447,-
AL448,AL,448,-
AL449,AL,449,drowsy 
AL450,AL,450,drowsy 
AL451,AL,451,stretchified 
AL451,AL,451,stretchy 
FL452,FL,452,drowsy 
FL453,FL,453,-
FL454,FL,454,-
FL455,FL,455,-
FL456,FL,456,-
FL457,FL,457,sleepy 
FL458,FL,458,sleepy 
FL459,FL,459,-
FL460,FL,460,-
FL461,FL,461,-
FL462,FL,462,sleepy 
FL463,FL,463,-
FL464,FL,464,-
FL465,FL,465,-
FL466,FL,466,-
FL467,FL,467,sleepy 
FL468,FL,468,sleepy 
FL469,FL,469,-
FL470,FL,470,-
FL471,FL,471,-
AL472,AL,472,sleepy 
AL473,AL,473,-
AL474,AL,474,sleepy 
AL474,AL,474,tired 
AL475,AL,475,sleepy 
AL476,AL,476,sleepy 
AL476,AL,476,tired 
AL477,AL,477,-
AL478,AL,478,-
AL479,AL,479,-
AL480,AL,480,sleepy 
AL481,AL,481,-
AL482,AL,482,drowsy 
AL482,AL,482,groggy 
AL483,AL,483,-
AL484,AL,484,-
AL485,AL,485,-
TN486,TN,486,-
TN487,TN,487,-
TN488,TN,488,-
TN489,TN,489,drowsy 
TN490,TN,490,wor(n) out 
TN491,TN,491,-
TN492,TN,492,drowsy 
TN493,TN,493,-
TN494,TN,494,-
TN495,TN,495,sleepy 
TN496,TN,496,-
TN497,TN,497,-
TN498,TN,498,sleepy 
TN499,TN,499,sleepy 
TN500,TN,500,-
TN501,TN,501,sleepy 
TN502,TN,502,-
TN503,TN,503,-
TN504,TN,504,sleepy 
TN505,TN,505,-
TN506,TN,506,-
TN507,TN,507,-
TN508,TN,508,-
TN509,TN,509,-
TN510,TN,510,-
TN511,TN,511,-
TN512,TN,512,-
TN513,TN,513,droopy 
TN514,TN,514,sleepy 
TN515,TN,515,-
TN516,TN,516,sleepy 
TN517,TN,517,sleepy 
TN518,TN,518,sleepy 
TN519,TN,519,-
MS520,MS,520,-
MS521,MS,521,-
MS522,MS,522,sleepy 
MS523,MS,523,-
MS524,MS,524,sleepy 
MS525,MS,525,-
MS526,MS,526,-
MS527,MS,527,sleepy 
MS528,MS,528,-
MS529,MS,529,-
MS530,MS,530,jade(d) 
MS530,MS,530,sleepy 
MS531,MS,531,-
MS532,MS,532,sleepy 
MS532,MS,532,weary 
MS533,MS,533,sleepy 
MS534,MS,534,-
MS535,MS,535,sleepy 
MS536,MS,536,-
MS537,MS,537,-
MS538,MS,538,-
MS539,MS,539,jade(d) 
MS539,MS,539,sleepy 
MS539,MS,539,tired 
MS540,MS,540,-
MS541,MS,541,sleepy 
MS542,MS,542,-
MS543,MS,543,-
MS544,MS,544,-
MS545,MS,545,-
MS546,MS,546,-
MS547,MS,547,sleepy 
MS548,MS,548,drowsy 
MS549,MS,549,-
MS550,MS,550,-
MS551,MS,551,-
MS552,MS,552,-
MS553,MS,553,-
MS554,MS,554,-
MS555,MS,555,-
MS556,MS,556,-
MS557,MS,557,drowsy 
MS558,MS,558,sleepy 
MS559,MS,559,-
MS560,MS,560,-
MS561,MS,561,-
MS562,MS,562,drowsy 
MS562,MS,562,tired 
MS563,MS,563,sleepy 
MS563,MS,563,tired 
MS564,MS,564,sleepy 
MS565,MS,565,drowsy 
MS566,MS,566,-
MS567,MS,567,-
MS568,MS,568,-
MS569,MS,569,-
MS570,MS,570,-
MS571,MS,571,sleepy 
MS572,MS,572,drowsy 
MS573,MS,573,-
MS574,MS,574,-
MS575,MS,575,-
MS576,MS,576,-
MS577,MS,577,-
MS578,MS,578,-
MS579,MS,579,-
MS580,MS,580,sleepy 
MS581,MS,581,-
MS582,MS,582,sleepy 
MS582,MS,582,tired 
MS583,MS,583,-
MS584,MS,584,-
MS585,MS,585,-
MS586,MS,586,-
MS587,MS,587,drowsy 
MS587,MS,587,sleepy 
MS588,MS,588,sleepy 
MS589,MS,589,sleepy 
MS590,MS,590,-
MS591,MS,591,sleepy 
MS592,MS,592,-
MS593,MS,593,-
MS594,MS,594,-
MS595,MS,595,-
MS596,MS,596,-
MS597,MS,597,sleepy 
MS598,MS,598,-
MS599,MS,599,sleepy 
MS600,MS,600,-
MS601,MS,601,-
MS602,MS,602,sleepy 
MS603,MS,603,-
MS604,MS,604,-
MS605,MS,605,drowsy 
MS606,MS,606,-
MS607,MS,607,-
MS608,MS,608,sleepy 
MS609,MS,609,-
MS610,MS,610,sleepy 
MS611,MS,611,-
MS612,MS,612,sleepy 
MS613,MS,613,-
MS614,MS,614,-
MS615,MS,615,-
MS616,MS,616,-
MS617,MS,617,sleepy 
MS618,MS,618,-
MS619,MS,619,-
MS620,MS,620,sleepy 
MS621,MS,621,sleepy 
MS621,MS,621,tired 
MS622,MS,622,sleepy 
MS623,MS,623,-
MS624,MS,624,sleepy 
MS625,MS,625,sleepy 
MS626,MS,626,-
MS627,MS,627,-
MS628,MS,628,sleepy 
MS629,MS,629,-
LA630,LA,630,sleepy 
LA631,LA,631,-
LA632,LA,632,tired 
LA633,LA,633,-
LA634,LA,634,-
LA635,LA,635,-
LA636,LA,636,sleepy 
LA637,LA,637,drowsy 
LA638,LA,638,-
LA639,LA,639,-
LA640,LA,640,-
LA641,LA,641,-
LA642,LA,642,-
LA643,LA,643,-
LA644,LA,644,-
LA645,LA,645,sleepy 
LA646,LA,646,sleepy 
LA647,LA,647,-
LA648,LA,648,-
LA649,LA,649,-
LA650,LA,650,sleepy 
LA651,LA,651,-
LA652,LA,652,sleepy 
LA652,LA,652,tired 
LA653,LA,653,-
LA654,LA,654,-
LA655,LA,655,-
LA656,LA,656,sleepy 
LA657,LA,657,sleepy 
LA657X,LA,657X,-
LA657Y,LA,657Y,sleepy 
LA657Z,LA,657Z,sleepy 
LA657Z,LA,657Z,tired 
LA658,LA,658,sleepy 
LA659,LA,659,sleepy 
LA660,LA,660,-
LA661,LA,661,-
LA662,LA,662,-
LA663,LA,663,-
LA664,LA,664,-
LA665,LA,665,sleepy 
LA666,LA,666,drowsy 
LA666,LA,666,sleepy 
LA667,LA,667,drowsy 
LA667,LA,667,sleepy 
LA667,LA,667,tired 
LA668,LA,668,sleepy 
LA669,LA,669,-
LA670,LA,670,-
LA671,LA,671,-
LA672,LA,672,sleepy 
LA673,LA,673,drowsy 
AR674,AR,674,draggy 
AR674,AR,674,sleepy 
AR675,AR,675,-
AR676,AR,676,-
AR677,AR,677,-
AR678,AR,678,-
AR679,AR,679,drowsy 
AR680,AR,680,-
AR681,AR,681,gappy 
AR681,AR,681,sleepy 
AR682,AR,682,sleepy 
AR683,AR,683,-
AR684,AR,684,sleepy 
AR685,AR,685,-
AR686,AR,686,sleepy 
AR687,AR,687,sleepy 
AR688,AR,688,tired 
AR689,AR,689,sleepy 
AR690,AR,690,-
AR691,AR,691,-
AR692,AR,692,sleepy 
AR693,AR,693,-
AR694,AR,694,noddy 
AR694,AR,694,sleepy 
AR695,AR,695,drowsy 
AR695,AR,695,sleepy 
AR696,AR,696,-
AR697,AR,697,sleepy 
AR698,AR,698,-
AR699,AR,699,-
AR700,AR,700,-
AR701,AR,701,sleepy 
AR702,AR,702,-
AR703,AR,703,drowsy 
AR704,AR,704,drowsy 
AR705,AR,705,sleepy 
AR706,AR,706,-
AR707,AR,707,drowsy 
AR707,AR,707,sleepy 
AR708,AR,708,sleepy 
AR709,AR,709,sleepy 
AR710,AR,710,sleepy 
AR711,AR,711,drowsy 
AR712,AR,712,sleepy 
AR713,AR,713,sleepy 
AR714,AR,714,-
AR715,AR,715,sleepy 
AR716,AR,716,sleepy 
AR717,AR,717,-
AR718,AR,718,sleepy 
AR719,AR,719,-
AR720,AR,720,sleepy 
AR721,AR,721,-
AR722,AR,722,sleepy 
AR723,AR,723,drowsy 
AR723,AR,723,sleepy 
AR723,AR,723,sluggish 
AR724,AR,724,-
AR725,AR,725,-
AR726,AR,726,sleepy 
AR727,AR,727,sleepy 
AR728,AR,728,sleepy 
AR729,AR,729,-
AR730,AR,730,drowsy 
AR731,AR,731,sleepy 
AR732,AR,732,sleepy 
AR733,AR,733,-
AR734,AR,734,-
AR735,AR,735,sleepy 
AR736,AR,736,-
AR737,AR,737,-
AR738,AR,738,-
AR739,AR,739,-
AR740,AR,740,drowsy 
AR740,AR,740,sleepy 
AR741,AR,741,sleepy 
AR742,AR,742,sleepy 
AR743,AR,743,-
AR744,AR,744,-
AR745,AR,745,-
AR746,AR,746,-
AR747,AR,747,sleepy 
AR748,AR,748,sleepy 
AR749,AR,749,sleepy 
AR750,AR,750,-
AR751,AR,751,drowsy 
AR752,AR,752,drowsy 
AR753,AR,753,sleepy 
AR754,AR,754,drowsy 
AR754,AR,754,sleepy 
AR755,AR,755,sleepy 
AR755,AR,755,woozy 
LA756,LA,756,sleepy 
LA757,LA,757,sleepy 
LA758,LA,758,drowsy 
LA758,LA,758,sleepy 
LA759,LA,759,-
LA760,LA,760,-
LA761,LA,761,sleepy 
LA762,LA,762,-
LA763,LA,763,-
LA764,LA,764,sleepy 
LA765,LA,765,sleepy 
LA766,LA,766,sleepy 
LA767,LA,767,sleepy 
LA768,LA,768,sleepy 
LA769,LA,769,sleepy 
LA770,LA,770,sleepy 
LA771,LA,771,sleepy 
LA771,LA,771,sluggish 
LA772,LA,772,-
LA773,LA,773,-
LA774,LA,774,-
LA775,LA,775,sleepy 
LA776,LA,776,sleepy 
LA777,LA,777,-
LA778,LA,778,sleepy 
LA779,LA,779,-
LA780,LA,780,sleepy 
LA781,LA,781,-
LA782,LA,782,sleepy 
LA783,LA,783,-
LA784,LA,784,-
LA785,LA,785,sleepy 
LA786,LA,786,sleepy 
LA787,LA,787,sleepy 
LA788,LA,788,sleepy 
LA789,LA,789,drowsy 
LA789,LA,789,sleepy 
LA790,LA,790,drowsy 
LA791,LA,791,sleepy 
LA792,LA,792,sleepy 
LA793,LA,793,-
LA794,LA,794,sleepy 
LA795,LA,795,-
LA796,LA,796,sleepy 
LA797,LA,797,-
LA798,LA,798,-
LA799,LA,799,-
LA800,LA,800,sleepy 
LA801,LA,801,drowsy 
LA801,LA,801,sleepy 
LA802,LA,802,sleepy 
LA803,LA,803,-
LA804,LA,804,-
LA805,LA,805,-
LA806,LA,806,-
LA807,LA,807,-
LA808,LA,808,-
LA809,LA,809,sleepy 
LA810,LA,810,drowsy 
LA810,LA,810,sleepy 
LA811,LA,811,drowsy 
LA811,LA,811,sleepy 
LA812,LA,812,-
LA813,LA,813,-
LA814,LA,814,-
LA815,LA,815,-
LA816,LA,816,-
LA817,LA,817,drowsy 
LA817,LA,817,sleepy 
TX818,TX,818,-
TX819,TX,819,-
TX820,TX,820,-
TX821,TX,821,-
TX822,TX,822,-
TX823,TX,823,-
TX824,TX,824,-
TX825,TX,825,-
TX826,TX,826,-
TX827,TX,827,-
TX828,TX,828,-
TX829,TX,829,-
TX830,TX,830,-
TX831,TX,831,-
TX832,TX,832,-
TX833,TX,833,-
TX834,TX,834,sleepy 
TX835,TX,835,-
TX836,TX,836,-
TX837,TX,837,-
TX838,TX,838,-
TX839,TX,839,lazy 
TX839,TX,839,sleepy 
TX840,TX,840,sleepy 
TX841,TX,841,sleepy 
TX842,TX,842,sleepy 
TX843,TX,843,sleepy 
TX843,TX,843,tired 
TX843,TX,843,weary 
TX844,TX,844,sleepy 
TX845,TX,845,sleepy 
TX846,TX,846,sleepy 
TX847,TX,847,-
TX848,TX,848,drowsy 
TX849,TX,849,-
TX850,TX,850,sleepy 
TX851,TX,851,-
TX852,TX,852,sleepy 
TX853,TX,853,sleepy 
TX854,TX,854,sleepy 
TX855,TX,855,-
TX856,TX,856,-
TX857,TX,857,drowsy 
TX858,TX,858,-
TX859,TX,859,drowsy 
TX860,TX,860,-
TX861,TX,861,-
TX862,TX,862,sleepy 
TX863,TX,863,-
TX864,TX,864,-
TX865,TX,865,drowsy 
TX865,TX,865,sleepy 
TX865,TX,865,tired 
TX866,TX,866,sleepy 
TX867,TX,867,sleepy 
TX868,TX,868,sleepy 
TX869,TX,869,-
TX870,TX,870,drowsy 
TX870,TX,870,sleepy 
TX871,TX,871,-
TX872,TX,872,-
TX873,TX,873,drowsy 
TX873,TX,873,sleepy 
TX874,TX,874,sleepy 
TX874,TX,874,tired 
TX875,TX,875,sleepy 
TX876,TX,876,drowsy 
TX876,TX,876,sleepy 
TX877,TX,877,sleepy 
TX878,TX,878,sleepy 
TX879,TX,879,-
TX880,TX,880,sleepy 
TX881,TX,881,-
TX882,TX,882,sleepy 
TX883,TX,883,weary 
TX884,TX,884,-
TX885,TX,885,sleepy 
TX886,TX,886,droopy 
TX886,TX,886,sleepy 
TX887,TX,887,drowsy 
TX888,TX,888,sleepy 
TX889,TX,889,sleepy 
TX890,TX,890,sleepy 
TX891,TX,891,sleepy 
TX891,TX,891,tired 
TX892,TX,892,-
TX893,TX,893,-
TX894,TX,894,-
TX895,TX,895,-
TX896,TX,896,-
TX897,TX,897,-
TX898,TX,898,sleepy 
TX899,TX,899,-
TX900,TX,900,-
TX901,TX,901,-
TX902,TX,902,drowsy 
TX903,TX,903,-
TX904,TX,904,-
TX905,TX,905,-
TX906,TX,906,weary 
TX907,TX,907,-
TX908,TX,908,sleepy 
TX909,TX,909,-
TX910,TX,910,-
TX911,TX,911,-
