Informant,State,Informant number,Response
TN001,TN,001,h{oe}rs
TN002,TN,002,h{oe}rs
TN003,TN,003,h{oe}rs
TN004,TN,004,h{oe}rs
TN005,TN,005,h{oe}rs
TN006,TN,006,h{oe}rs
TN007,TN,007,h{oe}rs
TN008,TN,008,h{oe}rs
TN009,TN,009,h{oe}rs
TN010,TN,010,h{oe}rs
TN011,TN,011,h{oe}rs
TN012,TN,012,h{oe}rs
TN013,TN,013,-
TN014,TN,014,h{oe}rs
TN015,TN,015,h{oe}rs
TN016,TN,016,h{oe}[r]s
TN017,TN,017,h{oe}rs
TN018,TN,018,h{oe}rs
TN019,TN,019,h{oe}rs
TN020,TN,020,h{oe}rs
TN021,TN,021,h{oe}rs
TN022,TN,022,h{oe}[r]s
TN023,TN,023,h{oe}rs
TN024,TN,024,h{oe}rs
TN025,TN,025,h{oe}rs
TN026,TN,026,h{oe}rs
TN027,TN,027,h{oe}rs
TN028,TN,028,h{oe}rs
TN029,TN,029,h{oe}rs
TN030,TN,030,h{oe}[r]s
TN031,TN,031,h{oe}rs
TN032,TN,032,h{oe}rs
TN033,TN,033,h{oe}rs
TN034,TN,034,h{oe}[r]s
TN035,TN,035,h{oe}rs
TN036,TN,036,h{oe}rs
TN037,TN,037,h{oe}rs
TN038,TN,038,h{oe}rs
TN039,TN,039,h{oe}rs
TN040,TN,040,h{oe}rs
TN041,TN,041,h{oe}rs
TN042,TN,042,h{oe}rs
TN043,TN,043,h{oe}rs
TN044,TN,044,hawrs
TN045,TN,045,h{oe}rs
TN046,TN,046,h{oe}rs
TN047,TN,047,hoers
TN048,TN,048,h{oe}rs
TN049,TN,049,h{oe}rs
TN050,TN,050,h{oe}rs
TN051,TN,051,hoers
TN052,TN,052,h{oe}rs
TN053,TN,053,h{oe}rs
TN054,TN,054,hoe[r]s
TN055,TN,055,h{oe}rs
TN056,TN,056,h{oe}rs
TN057,TN,057,h{oe}[r]s
TN058,TN,058,h{oe}rs
TN059,TN,059,hoers
TN060,TN,060,h{oe}rs
GA061,GA,061,hoe{r}s
GA062,GA,062,hoers
GA063,GA,063,-
GA064,GA,064,h{oe}rs
GA065,GA,065,hoers
GA066,GA,066,hoe[r]s
GA067,GA,067,hoers
GA068,GA,068,h{oe}rs
GA069,GA,069,h{oe}rs
GA070,GA,070,h{oe}rs
GA071,GA,071,h{oe}rs
GA072,GA,072,h{oe}{r}s
GA073,GA,073,h{oe}rs
GA074,GA,074,hoers
GA075,GA,075,h{oe}rs
GA076,GA,076,haw[r]s
GA076,GA,076,h{oe}[r]s
GA077,GA,077,-
GA078,GA,078,hoers
GA079,GA,079,hoe{r}s
GA080,GA,080,h{oe}rs
GA081,GA,081,h{oe}rs
GA082,GA,082,-
GA083,GA,083,hoers
GA084,GA,084,h{oe}[r]s
GA085,GA,085,h{oe}rs
GA086,GA,086,hoers
GA087,GA,087,hoers
GA088,GA,088,h{oe}[r]s
GA089,GA,089,-
GA090,GA,090,-
GA091,GA,091,hoers
GA092,GA,092,h{oe}[r]s
GA093,GA,093,hoe{r}s
GA094,GA,094,h{oe}[r]s
GA095,GA,095,hoe[r]s
GA096,GA,096,h{oe}[r]s
GA097,GA,097,hoers
GA098,GA,098,hoe(r)s
GA099,GA,099,hoers
GA100,GA,100,h{oe}{r}s
GA101,GA,101,h{oe}rs
GA102,GA,102,hoe{r}s
GA103,GA,103,hoe{r}s
GA104,GA,104,h{oe}rs
GA105,GA,105,h{oe}rs
GA106,GA,106,hoers
GA107,GA,107,hoers
GA108,GA,108,h{oe}rs
GA109,GA,109,hoe{r}s
GA110,GA,110,hoe[r]s
GA111,GA,111,h{oe}[r]s
GA112,GA,112,h{oe}{r}s
GA113,GA,113,-
GA114,GA,114,hoe[r]s
GA115,GA,115,h{oe}rs
GA116,GA,116,hoe(r)s
GA117,GA,117,hoe(r)s
GA118,GA,118,h{oe}{r}s
GA119,GA,119,h{oe}[r]s
GA120,GA,120,hoe{r}s
GA121,GA,121,hoe[r]s
GA122,GA,122,hoe{r}s
GA123,GA,123,h{oe}[r]s
GA124,GA,124,h{oe}rs
GA125,GA,125,h{oe}[r]s
GA126,GA,126,hoe(r)s
GA127,GA,127,h{oe}{r}s
GA128,GA,128,h{oe}[r]s
GA129,GA,129,hoe[r]s
GA130,GA,130,hoers
GA131,GA,131,h{oe}[r]s
GA132,GA,132,h{oe}(r)s
GA133,GA,133,h{oe}{r}s
GA134,GA,134,h{oe}[r]s
GA135,GA,135,hoe[r]s
GA136,GA,136,hoers
GA137,GA,137,hoe{r}s
GA138,GA,138,h{oe}[r]s
GA138,GA,138,h{oe}(r)s
GA139,GA,139,h{oe}[r]s
GA140,GA,140,-
GA141,GA,141,hoe[r]s
GA142,GA,142,hoe[r]s
GA143,GA,143,hoe[r]s
GA144,GA,144,hoe[r]s
GA145,GA,145,h{oe}[r]s
GA146,GA,146,hoe[r]s
GA147,GA,147,h{oe}[r]s
GA148,GA,148,hoe{r}s
GA148,GA,148,hoe[r]s
GA149,GA,149,h{oe}(r)s
GA150,GA,150,h{oe}[r]s
GA151,GA,151,hoe[r]s
GA152,GA,152,h{oe}rs
GA153,GA,153,h{oe}[r]s
GA154,GA,154,h{oe}rs
GA155,GA,155,h{oe}rs
GA156,GA,156,h{oe}[r]s
GA157,GA,157,h{oe}rs
GA158,GA,158,hoers
GA159,GA,159,h{oe}rs
GA160,GA,160,h{oe}{r}s
GA161,GA,161,h{oe}[r]s
GA162,GA,162,hoe[r]s
GA163,GA,163,hoe(r)s
GA164,GA,164,h{oe}rs
GA165,GA,165,h{oe}rs
GA166,GA,166,hoe[r]s
GA167,GA,167,h{oe}[r]s
GA168,GA,168,hoe[r]s
GA169,GA,169,-
GA170,GA,170,hoe[r]s
GA171,GA,171,hoers
GA172,GA,172,hoe[r]s
GA173,GA,173,hoers
GA174,GA,174,h{oe}{r}s
GA175,GA,175,-
GA176,GA,176,h{oe}rs
GA177,GA,177,hoe[r]s
GA178,GA,178,h{oe}rs
GA179,GA,179,-
GA180,GA,180,h{oe}{r}s
GA181,GA,181,h{oe}[r]s
GA182,GA,182,h{oe}[r]s
GA183,GA,183,hoers
GA184,GA,184,hoers
GA185,GA,185,h{oe}rs
GA186,GA,186,h{oe}rs
GA187,GA,187,hoe{r}s
GA188,GA,188,h{oe}[r]s
GA189,GA,189,hoe[r]s
GA190,GA,190,h{oe}[r]s
GA191,GA,191,hoers
GA192,GA,192,hoe(r)s
GA193,GA,193,-
GA194,GA,194,hoe(r)s
GA195,GA,195,-
GA196,GA,196,h{oe}[r]s
GA197,GA,197,h{oe}rs
GA198,GA,198,h{oe}{r}s
GA199,GA,199,hoers
GA200,GA,200,h{oe}{r}s
GA201,GA,201,hoe[r]s
GA202,GA,202,h{oe}[r]s
GA203,GA,203,-
GA204,GA,204,hoers
GA205,GA,205,-
GA206,GA,206,h{oe}rs
GA207,GA,207,hoe[r]s
GA208,GA,208,-
GA209,GA,209,hoe{r}s
GA210,GA,210,hoe[r]s
GA211,GA,211,h{oe}rs
GA212,GA,212,h{oe}rs
GA213,GA,213,hoe[r]s
GA214,GA,214,h{oe}[r]s
GA215,GA,215,-
GA216,GA,216,hoers
GA217,GA,217,h{oe}rs
GA218,GA,218,hoe[r]sh
GA219,GA,219,h{oe}[r]s
GA220,GA,220,h{oe}{r}s
GA221,GA,221,h{oe}{r}s
GA222,GA,222,-
GA223,GA,223,hoe{r}s
GA224,GA,224,h{oe}(r)th
GA225,GA,225,h{oe}[r]s
FL226,FL,226,-
FL227,FL,227,h{oe}rs
FL228,FL,228,hoers
FL229,FL,229,h{oe}[r]s
FL230,FL,230,-
FL231,FL,231,h{oe}rs
FL232,FL,232,h{oe}{r}s
FL233,FL,233,h{oe}rs
FL234,FL,234,hoe(r)s
FL235,FL,235,h{oe}rs
FL236,FL,236,h{oe}rs
FL237,FL,237,hoe{r}s
FL238,FL,238,h{oe}rs
FL239,FL,239,hoers
FL240,FL,240,hoers
FL241,FL,241,-
FL242,FL,242,h{oe}{r}s
FL243,FL,243,h{oe}rs
FL244,FL,244,-
FL245,FL,245,hoe{r}s
FL246,FL,246,h{oe}{r}s
FL247,FL,247,hoe{r}s
FL248,FL,248,h{oe}rs
FL249,FL,249,h{oe}rs
FL250,FL,250,hoe{r}s
FL251,FL,251,-
FL252,FL,252,-
FL253,FL,253,h{oe}rs
FL254,FL,254,h{oe}{r}s
FL255,FL,255,h{oe}rs
FL256,FL,256,h{oe}rs
FL257,FL,257,h{oe}rs
FL258,FL,258,h{oe}rs
FL259,FL,259,hoe[r]s
FL260,FL,260,h{oe}rs
FL261,FL,261,h{oe}rs
FL262,FL,262,h{oe}{r}s
FL263,FL,263,h{oe}[r]s
FL264,FL,264,-
FL265,FL,265,hoe{r}s
FL266,FL,266,h{oe}rs
FL267,FL,267,hoe{r}s
FL268,FL,268,-
FL269,FL,269,hoers
FL270,FL,270,haw{r}s
FL271,FL,271,h{oe}{r}s
FL272,FL,272,h{oe}rs
FL273,FL,273,hoers
FL274,FL,274,h{oe}rs
FL275,FL,275,-
FL276,FL,276,h{oe}rs
FL277,FL,277,hoe[r]s
FL278,FL,278,h{oe}rs
FL279,FL,279,hoers
FL280,FL,280,h{oe}[r]s
FL281,FL,281,hoe[r]s
FL282,FL,282,hoers
FL283,FL,283,haw[r]s
FL284,FL,284,h{oe}rs
FL285,FL,285,-
FL286,FL,286,hoers
FL287,FL,287,-
FL288,FL,288,-
FL289,FL,289,h{oe}[r]s
TN290,TN,290,h{oe}rs
TN291,TN,291,h{oe}rs
TN292,TN,292,h{oe}rs
TN293,TN,293,h{oe}rs
TN294,TN,294,h{oe}rs
TN295,TN,295,hoe[r]s
TN296,TN,296,h{oe}rs
TN297,TN,297,h{oe}rs
TN298,TN,298,-
TN299,TN,299,h{oe}{r}s
TN300,TN,300,h{oe}rs
TN301,TN,301,hoe[r]s
TN301,TN,301,hoe(r)s
TN302,TN,302,h{oe}rs
TN303,TN,303,hoe[r]s
TN304,TN,304,hoe{r}s
TN305,TN,305,h{oe}rs
TN306,TN,306,hoe[r]s
TN307,TN,307,h{oe}rs
TN308,TN,308,hoers
TN309,TN,309,h{oe}rs
TN310,TN,310,-
TN311,TN,311,h{oe}rs
TN312,TN,312,hoe[r]s
TN313,TN,313,hoers
TN314,TN,314,hoers
TN315,TN,315,hoe{r}s
TN316,TN,316,haw[r]s
TN317,TN,317,hoe[r]s
TN318,TN,318,-
TN319,TN,319,-
TN320,TN,320,h{oe}rs
TN321,TN,321,hoe{r}s
TN322,TN,322,hoers
TN323,TN,323,hoers
TN324,TN,324,h{oe}rs
TN325,TN,325,hoe[r]s
TN326,TN,326,h{oe}rs
TN327,TN,327,hoe[r]s
TN328,TN,328,hoers
TN329,TN,329,hoers
TN330,TN,330,h{oe}[r]s
TN331,TN,331,h{oe}[r]s
TN332,TN,332,hoe[r]sh
TN333,TN,333,h{oe}{r}s
TN334,TN,334,hoers
TN335,TN,335,h{oe}rs
TN336,TN,336,h{oe}rs
AL337,AL,337,-
AL338,AL,338,h{oe}rs
AL339,AL,339,h{oe}rs
AL340,AL,340,hoe(r)s
AL341,AL,341,hoe[r]s
AL342,AL,342,h{oe}rs
AL343,AL,343,hoers
AL344,AL,344,-
AL345,AL,345,hoe{r}s
AL346,AL,346,h{oe}[r]s
AL347,AL,347,h{oe}[r]s
AL348,AL,348,hoers
AL349,AL,349,hoe[r]s
AL350,AL,350,h{oe}rs
AL351,AL,351,hoers
AL352,AL,352,hoers
AL353,AL,353,h{oe}rs
AL354,AL,354,h{oe}rs
AL355,AL,355,h{oe}{r}s
AL356,AL,356,hoers
AL357,AL,357,hoers
AL358,AL,358,hoers
AL359,AL,359,h{oe}rs
AL360,AL,360,h{oe}rs
AL361,AL,361,hoers
AL362,AL,362,h{oe}rs
AL363,AL,363,hoers
AL364,AL,364,h{oe}[r]s
AL365,AL,365,h{oe}rs
AL366,AL,366,h{oe}rs
AL367,AL,367,h{oe}rs
AL368,AL,368,hoers
AL369,AL,369,hoe[r]s
AL370,AL,370,h{oe}rs
AL371,AL,371,h{oe}rs
AL372,AL,372,h{oe}rs
AL373,AL,373,hoe[r]s
AL374,AL,374,hoers
AL375,AL,375,h{oe}rs
AL376,AL,376,-
AL377,AL,377,hoe[r]s
AL378,AL,378,hoe[r]s
AL379,AL,379,h{oe}[r]s
AL380,AL,380,hoe{r}s
AL381,AL,381,hoers
AL382,AL,382,hoe{r}s
AL383,AL,383,h{oe}rs
AL384,AL,384,h{oe}rs
AL385,AL,385,hoe[r]s
AL386,AL,386,h{oe}[r]s
AL387,AL,387,h{oe}rs
AL388,AL,388,hoers
AL389,AL,389,hoe[r]s
AL390,AL,390,hoers
AL391,AL,391,h{oe}[r]s
AL392,AL,392,-
AL393,AL,393,hoers
AL394,AL,394,hoe[r]s
AL395,AL,395,h{oe}[r]s
AL396,AL,396,-
AL397,AL,397,hoers
AL398,AL,398,hoe[r]s
AL399,AL,399,hoe(r)s
AL400,AL,400,hoe{r}s
AL401,AL,401,-
AL402,AL,402,-
AL403,AL,403,hoe[r]s
AL404,AL,404,hoe[r]s
AL405,AL,405,hoers
AL406,AL,406,h{oe}[r]s
AL407,AL,407,h{oe}[r]s
AL408,AL,408,hoers
AL409,AL,409,h{oe}[r]s
AL410,AL,410,hoe[r]s
AL411,AL,411,h{oe}[r]s
AL412,AL,412,-
AL413,AL,413,h{oe}{r}s
AL414,AL,414,horsh
AL415,AL,415,hoe{r}s
AL416,AL,416,hoe[r]s
AL417,AL,417,h{oe}[r]s
AL418,AL,418,h{oe}{r}s
AL419,AL,419,h{oe}{r}s
AL420,AL,420,h{oe}[r]s
AL421,AL,421,h{oe}[r]s
AL422,AL,422,h{oe}[r]s
AL423,AL,423,hoers
AL424,AL,424,hoe[r]s
AL425,AL,425,-
AL426,AL,426,h{oe}rs
AL427,AL,427,h{oe}{r}s
AL428,AL,428,hoers
AL429,AL,429,-
AL430,AL,430,hoe{r}s
AL431,AL,431,h{oe}rs
AL432,AL,432,-
AL433,AL,433,h{oe}rs
AL434,AL,434,-
AL435,AL,435,hoe[r]s
AL436,AL,436,hoers
AL437,AL,437,h{oe}rs
AL438,AL,438,h{oe}[r]s
AL439,AL,439,hoers
AL440,AL,440,hoers
AL441,AL,441,h{oe}{r}s
AL442,AL,442,h{oe}[r]sh
AL443,AL,443,hoers
AL444,AL,444,h{oe}[r]s
AL445,AL,445,hoers
AL446,AL,446,h{oe}rs
AL447,AL,447,h{oe}rs
AL448,AL,448,h{oe}rs
AL449,AL,449,hoe[r]s
AL450,AL,450,h{oe}[r]s
AL451,AL,451,h{oe}rs
FL452,FL,452,hoers
FL453,FL,453,-
FL454,FL,454,h{oe}[r]s
FL455,FL,455,h{oe}rs
FL456,FL,456,hoe[r]s
FL457,FL,457,hoers
FL458,FL,458,hoers
FL459,FL,459,-
FL460,FL,460,hoe{r}s
FL461,FL,461,h{oe}rs
FL462,FL,462,h{oe}rsh
FL463,FL,463,h{oe}rs
FL464,FL,464,h{oe}rs
FL465,FL,465,h{oe}{r}s
FL466,FL,466,h{oe}rs
FL467,FL,467,-
FL468,FL,468,hoe(r)s
FL469,FL,469,h{oe}rs
FL470,FL,470,h{oe}rs
FL471,FL,471,hoe[r]s
AL472,AL,472,hoe[r]s
AL473,AL,473,-
AL474,AL,474,hoers
AL475,AL,475,h{oe}{r}s
AL476,AL,476,h{oe}rs
AL477,AL,477,h{oe}[r]s
AL478,AL,478,h{oe}[r]s
AL479,AL,479,hoe[r]s
AL480,AL,480,h{oe}rs
AL481,AL,481,hoe[r]s
AL482,AL,482,h{oe}[r]s
AL483,AL,483,-
AL484,AL,484,hoers
AL485,AL,485,hoe[r]s
TN486,TN,486,-
TN487,TN,487,hoe{r}s
TN488,TN,488,hoers
TN489,TN,489,hoe{r}s
TN490,TN,490,h{oe}rs
TN491,TN,491,-
TN492,TN,492,hoers
TN493,TN,493,-
TN494,TN,494,h{oe}rs
TN495,TN,495,h{oe}[r]s
TN496,TN,496,hoers
TN497,TN,497,hoe[r]s
TN498,TN,498,hoers
TN499,TN,499,hoe{r}s
TN500,TN,500,-
TN501,TN,501,hoe[r]s
TN502,TN,502,h{oe}rs
TN503,TN,503,-
TN504,TN,504,hoers
TN505,TN,505,h{oe}[r]s
TN506,TN,506,hoers
TN507,TN,507,-
TN508,TN,508,h{oe}[r]s
TN509,TN,509,-
TN510,TN,510,-
TN511,TN,511,hawrs
TN512,TN,512,-
TN513,TN,513,h{oe}[r]s
TN514,TN,514,hawrs
TN515,TN,515,-
TN516,TN,516,hoers
TN517,TN,517,hoers
TN518,TN,518,h{oe}rs
TN519,TN,519,hoe{r}s
MS520,MS,520,-
MS521,MS,521,h{oe}[r]s
MS522,MS,522,hoers
MS523,MS,523,-
MS524,MS,524,hoers
MS525,MS,525,h{oe}[r]s
MS526,MS,526,-
MS527,MS,527,hoe{r}s
MS528,MS,528,h{oe}{r}s
MS529,MS,529,-
MS530,MS,530,h{oe}{r}s
MS531,MS,531,-
MS532,MS,532,hoe[r]s
MS533,MS,533,hoers
MS534,MS,534,h{oe}[r]s
MS535,MS,535,hoers
MS536,MS,536,hoe{r}s
MS537,MS,537,-
MS538,MS,538,h{oe}rs
MS539,MS,539,h{oe}{r}s
MS540,MS,540,-
MS541,MS,541,hors
MS542,MS,542,-
MS543,MS,543,-
MS544,MS,544,h{oe}{r}s
MS545,MS,545,h{oe}{r}s
MS546,MS,546,-
MS547,MS,547,h{oe}rs
MS548,MS,548,h{oe}[r]s
MS549,MS,549,-
MS550,MS,550,-
MS551,MS,551,-
MS552,MS,552,h{oe}[r]s
MS553,MS,553,-
MS554,MS,554,-
MS555,MS,555,-
MS556,MS,556,h{oe}[r]s
MS557,MS,557,hoe[r]s
MS558,MS,558,hoers
MS559,MS,559,-
MS560,MS,560,-
MS561,MS,561,-
MS562,MS,562,-
MS563,MS,563,h{oe}{r}s
MS564,MS,564,h{oe}rs
MS565,MS,565,h{oe}{r}s
MS566,MS,566,-
MS567,MS,567,-
MS568,MS,568,-
MS569,MS,569,hoe[r]s
MS570,MS,570,hoe{r}s
MS571,MS,571,h{oe}[r]s
MS572,MS,572,h{oe}rs
MS573,MS,573,hoe[r]s
MS574,MS,574,hoe[r]s
MS575,MS,575,h{oe}[r]s
MS576,MS,576,h{oe}rs
MS577,MS,577,hoe[r]s
MS578,MS,578,h{oe}{r}s
MS579,MS,579,hoe[r]s
MS580,MS,580,hoe(r)s
MS581,MS,581,-
MS582,MS,582,h{oe}rs
MS583,MS,583,hoe[r]s
MS584,MS,584,h{oe}rs
MS585,MS,585,h{oe}[r]s
MS586,MS,586,-
MS587,MS,587,hoe(r)s
MS588,MS,588,hoe[r]s
MS589,MS,589,h{oe}rs
MS590,MS,590,h{oe}{r}s
MS591,MS,591,hoers
MS592,MS,592,hoers
MS593,MS,593,h{oe}[r]s
MS594,MS,594,h{oe}[r]s
MS595,MS,595,hoers
MS596,MS,596,h{oe}{r}s
MS597,MS,597,h{oe}rs
MS598,MS,598,h{oe}{r}s
MS599,MS,599,hoers
MS600,MS,600,hoers
MS601,MS,601,h{oe}rs
MS602,MS,602,hoe[r]s
MS603,MS,603,-
MS604,MS,604,-
MS605,MS,605,hoers
MS606,MS,606,-
MS607,MS,607,h{oe}rs
MS608,MS,608,hoe{r}s
MS609,MS,609,-
MS610,MS,610,hoe(r)s
MS611,MS,611,h{oe}rs
MS612,MS,612,hoe[r]s
MS613,MS,613,h{oe}[r]s
MS614,MS,614,hoe[r]s
MS615,MS,615,h{oe}[r]s
MS616,MS,616,hoe{r}s
MS617,MS,617,hoe[r]s
MS618,MS,618,-
MS619,MS,619,-
MS620,MS,620,h{oe}{r}s
MS621,MS,621,h{oe}rs
MS622,MS,622,hoe[r]s
MS623,MS,623,hoers
MS624,MS,624,hoe{r}s
MS625,MS,625,hoe{r}s
MS626,MS,626,-
MS627,MS,627,h{oe}(r)s
MS628,MS,628,h{oe}rs
MS629,MS,629,hoers
LA630,LA,630,hoers
LA631,LA,631,-
LA632,LA,632,hoers
LA633,LA,633,-
LA634,LA,634,hoers
LA635,LA,635,h{oe}rs
LA636,LA,636,h{oe}rs
LA637,LA,637,h{oe}{r}s
LA638,LA,638,hoe[r]s
LA639,LA,639,h{oe}{r}s
LA640,LA,640,h{oe}[r]s
LA641,LA,641,hoe[r]s
LA642,LA,642,-
LA643,LA,643,hoers
LA644,LA,644,-
LA645,LA,645,hoe[r]s
LA646,LA,646,hoers
LA647,LA,647,-
LA648,LA,648,hoe[r]s
LA649,LA,649,h{oe}rs
LA650,LA,650,hoe(r)s
LA651,LA,651,-
LA652,LA,652,hoe[r]s
LA653,LA,653,-
LA654,LA,654,-
LA655,LA,655,h{oe}rs
LA656,LA,656,hoers
LA657,LA,657,hoers
LA657X,LA,657X,h{oe}[r]s
LA657Y,LA,657Y,h{oe}{r}s
LA657Z,LA,657Z,h{oe}{r}s
LA658,LA,658,h{oe}{r}s
LA659,LA,659,h{oe}[r]s
LA660,LA,660,hoe[r]s
LA661,LA,661,hawrs
LA662,LA,662,h{oe}rs
LA663,LA,663,-
LA664,LA,664,-
LA665,LA,665,hoe[r]s
LA666,LA,666,h{oe}(r)s
LA667,LA,667,h{oe}[r]s
LA668,LA,668,hoe{r}s
LA669,LA,669,hoers
LA670,LA,670,h{oe}(r)s
LA671,LA,671,h{oe}(r)s
LA672,LA,672,hoe[r]s
LA673,LA,673,h{oe}rs
AR674,AR,674,hors
AR674,AR,674,h{oe}rs
AR675,AR,675,h{oe}rs
AR676,AR,676,-
AR677,AR,677,hoers
AR678,AR,678,h{oe}rs
AR679,AR,679,hawrth
AR680,AR,680,h{oe}rs
AR681,AR,681,h{oe}rs
AR682,AR,682,h{oe}rs
AR683,AR,683,hoers
AR684,AR,684,-
AR685,AR,685,-
AR686,AR,686,hoers
AR687,AR,687,hoers
AR688,AR,688,h{oe}[r]s
AR689,AR,689,h{oe}rs
AR690,AR,690,hoe{r}s
AR691,AR,691,h{oe}rs
AR692,AR,692,h{oe}[r]s
AR693,AR,693,h{oe}rs
AR694,AR,694,h{oe}rs
AR695,AR,695,hoers
AR696,AR,696,h{oe}[r]s
AR697,AR,697,hawrs
AR698,AR,698,-
AR699,AR,699,-
AR700,AR,700,-
AR701,AR,701,hoers
AR702,AR,702,-
AR703,AR,703,h{oe}rs
AR704,AR,704,h{oe}[r]s
AR705,AR,705,hoers
AR706,AR,706,-
AR707,AR,707,h{oe}[r]th
AR708,AR,708,h{oe}[r]s
AR709,AR,709,hoers
AR710,AR,710,hoers
AR711,AR,711,h{oe}rs
AR712,AR,712,hoers
AR713,AR,713,h{oe}rs
AR714,AR,714,-
AR715,AR,715,h{oe}rs
AR716,AR,716,hoe[r]s
AR717,AR,717,h{oe}rs
AR718,AR,718,hoe[r]s
AR719,AR,719,hoers
AR720,AR,720,h{oe}rs
AR721,AR,721,h{oe}rs
AR722,AR,722,hoers
AR723,AR,723,hoers
AR724,AR,724,h{oe}rs
AR725,AR,725,h{oe}rs
AR726,AR,726,h{oe}rs
AR727,AR,727,-
AR728,AR,728,hoe{r}s
AR729,AR,729,h{oe}rs
AR730,AR,730,hoers
AR731,AR,731,hoers
AR732,AR,732,hoers
AR733,AR,733,-
AR734,AR,734,-
AR735,AR,735,-
AR736,AR,736,h{oe}rs
AR737,AR,737,h{oe}rs
AR738,AR,738,hoers
AR739,AR,739,-
AR740,AR,740,h{oe}rs
AR741,AR,741,hoers
AR742,AR,742,h{oe}rs
AR743,AR,743,hoers
AR744,AR,744,-
AR745,AR,745,-
AR746,AR,746,hoe{r}s
AR747,AR,747,h{oe}rs
AR748,AR,748,hoe[r]s
AR749,AR,749,h{oe}rs
AR750,AR,750,-
AR751,AR,751,hoers
AR752,AR,752,h{oe}rs
AR753,AR,753,hoers
AR754,AR,754,h{oe}(r)s
AR755,AR,755,hoers
LA756,LA,756,-
LA757,LA,757,h{oe}rs
LA758,LA,758,hoers
LA759,LA,759,-
LA760,LA,760,-
LA761,LA,761,h{oe}(r)s
LA762,LA,762,hoe{r}s
LA763,LA,763,-
LA764,LA,764,h{oe}(r)s
LA765,LA,765,h{oe}rs
LA766,LA,766,hoe(r)s
LA767,LA,767,hoers
LA768,LA,768,hoe(r)s
LA769,LA,769,hoers
LA770,LA,770,h{oe}{r}s
LA771,LA,771,h{oe}(r)s
LA772,LA,772,h{oe}[r]s
LA773,LA,773,h{oe}[r]s
LA774,LA,774,-
LA775,LA,775,hoe[r]s
LA776,LA,776,h{oe}rs
LA777,LA,777,h{oe}[r]s
LA778,LA,778,h{oe}rs
LA779,LA,779,h{oe}rs
LA780,LA,780,h{oe}rs
LA781,LA,781,-
LA782,LA,782,hoers
LA783,LA,783,-
LA784,LA,784,-
LA785,LA,785,hoersh
LA786,LA,786,hoers
LA787,LA,787,h{oe}rs
LA788,LA,788,h{oe}rs
LA789,LA,789,hoers
LA790,LA,790,h{oe}{r}s
LA791,LA,791,hoers
LA792,LA,792,h{oe}rs
LA793,LA,793,-
LA794,LA,794,h{oe}rs
LA795,LA,795,-
LA796,LA,796,hoe(r)s
LA797,LA,797,hoe[r]sh
LA798,LA,798,hoe{r}s
LA799,LA,799,-
LA800,LA,800,hoers
LA801,LA,801,h{oe}rs
LA802,LA,802,hoe(r)s
LA803,LA,803,-
LA804,LA,804,-
LA805,LA,805,h{oe}rs
LA806,LA,806,hoe[r]s
LA807,LA,807,hoers
LA808,LA,808,hoe{r}s
LA809,LA,809,hoers
LA810,LA,810,h{oe}[r]s
LA811,LA,811,hoe(r)s
LA812,LA,812,-
LA813,LA,813,hoe{r}s
LA814,LA,814,h{oe}rs
LA815,LA,815,-
LA816,LA,816,hoers
LA817,LA,817,h{oe}rs
TX818,TX,818,-
TX819,TX,819,hawrs
TX820,TX,820,hoers
TX821,TX,821,hoe[r]s
TX822,TX,822,h{oe}rs
TX823,TX,823,h{oe}rs
TX824,TX,824,h{oe}rs
TX825,TX,825,h{oe}{r}s
TX826,TX,826,h{oe}rs
TX827,TX,827,h{oe}rs
TX828,TX,828,hoe[r]s
TX829,TX,829,h{oe}(r)s
TX830,TX,830,hoers
TX831,TX,831,h{oe}rs
TX832,TX,832,-
TX833,TX,833,hoe{r}s
TX834,TX,834,hoers
TX835,TX,835,hoe{r}s
TX836,TX,836,h{oe}{r}s
TX837,TX,837,h{oe}rs
TX838,TX,838,h{oe}{r}s
TX839,TX,839,-
TX840,TX,840,hoe[r]s
TX841,TX,841,h{oe}rs
TX842,TX,842,hoe{r}s
TX843,TX,843,hoers
TX844,TX,844,hoers
TX845,TX,845,h{oe}rs
TX846,TX,846,h{oe}{r}s
TX847,TX,847,-
TX848,TX,848,h{oe}rs
TX849,TX,849,hoers
TX850,TX,850,-
TX851,TX,851,-
TX852,TX,852,hoers
TX853,TX,853,hoers
TX854,TX,854,h{oe}{r}s
TX855,TX,855,hoers
TX856,TX,856,-
TX857,TX,857,hoe{r}s
TX858,TX,858,-
TX859,TX,859,hoers
TX860,TX,860,hoe{r}s
TX861,TX,861,h{oe}rs
TX862,TX,862,h{oe}rs
TX863,TX,863,h{oe}rs
TX864,TX,864,hoe[r]s
TX865,TX,865,h{oe}rs
TX866,TX,866,haw[r]s
TX867,TX,867,hoe{r}s
TX868,TX,868,h{oe}[r]s
TX869,TX,869,h{oe}{r}s
TX870,TX,870,hoers
TX871,TX,871,hoe{r}s
TX872,TX,872,-
TX873,TX,873,hoe[r]s
TX874,TX,874,h{oe}{r}s
TX875,TX,875,hoe{r}s
TX876,TX,876,hoers
TX877,TX,877,h{oe}rs
TX878,TX,878,h{oe}rs
TX879,TX,879,-
TX880,TX,880,-
TX881,TX,881,-
TX882,TX,882,hoers
TX883,TX,883,h{oe}rs
TX884,TX,884,-
TX885,TX,885,-
TX886,TX,886,h{oe}rs
TX887,TX,887,hoers
TX888,TX,888,hoe[r]s
TX889,TX,889,hoe{r}s
TX890,TX,890,hoers
TX891,TX,891,h{oe}rs
TX892,TX,892,-
TX893,TX,893,hoers
TX894,TX,894,h{oe}rs
TX895,TX,895,h{oe}rs
TX896,TX,896,-
TX897,TX,897,-
TX898,TX,898,hawrs
TX899,TX,899,-
TX900,TX,900,hoe{r}s
TX901,TX,901,hoers
TX902,TX,902,hoers
TX903,TX,903,-
TX904,TX,904,hoe{r}s
TX905,TX,905,h{oe}rs
TX906,TX,906,h{oe}rs
TX907,TX,907,-
TX908,TX,908,hoe[r]s
TX909,TX,909,-
TX910,TX,910,hoe{r}s
TX911,TX,911,h{oe}rs
