Informant,State,Informant number,Response
TN001,TN,001,got sick 
TN002,TN,002,became ill 
TN002,TN,002,got sick 
TN003,TN,003,got sick 
TN004,TN,004,got sick 
TN005,TN,005,took sick 
TN006,TN,006,took sick 
TN007,TN,007,took sick 
TN008,TN,008,-
TN009,TN,009,-
TN010,TN,010,became ill 
TN010,TN,010,became sick 
TN010,TN,010,took sick 
TN011,TN,011,got sick 
TN012,TN,012,got sick 
TN013,TN,013,got sick 
TN014,TN,014,got sick 
TN015,TN,015,got sick 
TN016,TN,016,got sick 
TN016,TN,016,took sick 
TN017,TN,017,took sick 
TN018,TN,018,got sick 
TN019,TN,019,took sick 
TN020,TN,020,got sick 
TN021,TN,021,got sick 
TN022,TN,022,got sick 
TN023,TN,023,took sick 
TN024,TN,024,got sick 
TN025,TN,025,-
TN026,TN,026,got sick 
TN027,TN,027,got sick 
TN028,TN,028,-
TN029,TN,029,took sick 
TN030,TN,030,-
TN031,TN,031,-
TN032,TN,032,took sick 
TN033,TN,033,got sick 
TN034,TN,034,got sick 
TN034,TN,034,took sick 
TN035,TN,035,got sick 
TN036,TN,036,got sick 
TN036,TN,036,took sick 
TN037,TN,037,got sick 
TN038,TN,038,got sick 
TN039,TN,039,got sick 
TN040,TN,040,got sick 
TN041,TN,041,-
TN042,TN,042,-
TN043,TN,043,got sick 
TN044,TN,044,-
TN045,TN,045,took sick 
TN046,TN,046,got sick 
TN047,TN,047,-
TN048,TN,048,took sick 
TN049,TN,049,became sick 
TN049,TN,049,got sick 
TN050,TN,050,-
TN051,TN,051,got sick 
TN052,TN,052,got sick 
TN053,TN,053,took sick 
TN054,TN,054,-
TN055,TN,055,took sick 
TN056,TN,056,got sick 
TN057,TN,057,took sick 
TN058,TN,058,got sick 
TN059,TN,059,-
TN060,TN,060,became sick 
GA061,GA,061,-
GA062,GA,062,got sick 
GA063,GA,063,-
GA064,GA,064,took sick 
GA065,GA,065,got sick 
GA066,GA,066,took sick 
GA067,GA,067,-
GA068,GA,068,-
GA069,GA,069,got sick 
GA070,GA,070,became ill 
GA071,GA,071,got sick 
GA072,GA,072,took sick 
GA073,GA,073,became ill 
GA073,GA,073,got sick 
GA074,GA,074,got sick 
GA075,GA,075,took sick 
GA076,GA,076,got sick 
GA077,GA,077,-
GA078,GA,078,got sick 
GA079,GA,079,got sick 
GA080,GA,080,took ill 
GA081,GA,081,got sick 
GA082,GA,082,-
GA083,GA,083,-
GA084,GA,084,took sick 
GA085,GA,085,got sick 
GA086,GA,086,became ill 
GA087,GA,087,got sick 
GA087,GA,087,took sick 
GA088,GA,088,got sick 
GA089,GA,089,-
GA090,GA,090,-
GA091,GA,091,got sick 
GA092,GA,092,got sick 
GA093,GA,093,-
GA094,GA,094,became sick 
GA094,GA,094,got sick 
GA095,GA,095,took ill 
GA095,GA,095,took sick 
GA096,GA,096,-
GA097,GA,097,got sick 
GA098,GA,098,got sick 
GA099,GA,099,got sick 
GA100,GA,100,-
GA101,GA,101,got sick 
GA102,GA,102,took sick 
GA103,GA,103,became ill 
GA103,GA,103,got sick 
GA104,GA,104,got sick 
GA105,GA,105,got sick 
GA106,GA,106,took sick 
GA107,GA,107,got sick 
GA108,GA,108,took sick 
GA109,GA,109,-
GA110,GA,110,-
GA111,GA,111,got sick 
GA112,GA,112,took sick 
GA113,GA,113,-
GA114,GA,114,-
GA115,GA,115,-
GA116,GA,116,took sick 
GA117,GA,117,took sick 
GA118,GA,118,-
GA119,GA,119,-
GA120,GA,120,-
GA121,GA,121,-
GA122,GA,122,became ill 
GA123,GA,123,got sick 
GA124,GA,124,-
GA125,GA,125,got sick 
GA126,GA,126,-
GA127,GA,127,-
GA128,GA,128,got sick 
GA129,GA,129,took sick 
GA130,GA,130,-
GA131,GA,131,-
GA132,GA,132,-
GA133,GA,133,took sick 
GA134,GA,134,-
GA135,GA,135,got sick 
GA136,GA,136,took sick 
GA137,GA,137,became ill 
GA137,GA,137,took sick 
GA138,GA,138,-
GA139,GA,139,-
GA140,GA,140,-
GA141,GA,141,got sick 
GA142,GA,142,-
GA143,GA,143,took sick 
GA144,GA,144,got sick 
GA145,GA,145,took sick 
GA146,GA,146,got sick 
GA147,GA,147,-
GA148,GA,148,took ill 
GA149,GA,149,got sick 
GA150,GA,150,-
GA151,GA,151,got sick 
GA151,GA,151,took sick 
GA152,GA,152,got sick 
GA153,GA,153,-
GA154,GA,154,-
GA155,GA,155,-
GA156,GA,156,-
GA157,GA,157,-
GA158,GA,158,got sick 
GA158,GA,158,took sick 
GA159,GA,159,-
GA160,GA,160,-
GA161,GA,161,got sick 
GA161,GA,161,took sick 
GA162,GA,162,took sick 
GA163,GA,163,took ill 
GA163,GA,163,took sick 
GA164,GA,164,got sick 
GA165,GA,165,got sick 
GA166,GA,166,-
GA167,GA,167,got sick 
GA168,GA,168,got sick 
GA169,GA,169,-
GA170,GA,170,got sick 
GA171,GA,171,got sick 
GA172,GA,172,took sick 
GA173,GA,173,-
GA174,GA,174,took sick 
GA175,GA,175,-
GA176,GA,176,got sick 
GA177,GA,177,became ill 
GA178,GA,178,-
GA179,GA,179,-
GA180,GA,180,-
GA181,GA,181,became ill 
GA182,GA,182,became ill 
GA182,GA,182,became sick 
GA182,GA,182,took sick 
GA183,GA,183,got sick 
GA183,GA,183,took sick 
GA184,GA,184,got sick 
GA185,GA,185,got sick 
GA186,GA,186,got sick 
GA187,GA,187,got sick 
GA188,GA,188,got sick 
GA189,GA,189,became sick 
GA189,GA,189,got sick 
GA189,GA,189,took sick 
GA190,GA,190,took sick 
GA191,GA,191,became sick 
GA192,GA,192,-
GA193,GA,193,-
GA194,GA,194,got sick 
GA195,GA,195,got sick 
GA196,GA,196,-
GA197,GA,197,-
GA198,GA,198,took sick 
GA199,GA,199,got sick 
GA199,GA,199,took sick 
GA200,GA,200,got sick 
GA201,GA,201,-
GA202,GA,202,got sick 
GA203,GA,203,-
GA204,GA,204,-
GA205,GA,205,-
GA206,GA,206,got sick 
GA207,GA,207,fell ill 
GA208,GA,208,got sick 
GA209,GA,209,got sick 
GA210,GA,210,got sick 
GA211,GA,211,-
GA212,GA,212,got sick 
GA213,GA,213,-
GA214,GA,214,became ill 
GA214,GA,214,got sick 
GA215,GA,215,-
GA216,GA,216,-
GA217,GA,217,-
GA218,GA,218,-
GA219,GA,219,got sick 
GA219,GA,219,took sick 
GA220,GA,220,got sick 
GA221,GA,221,got sick 
GA222,GA,222,got sick 
GA223,GA,223,-
GA224,GA,224,got sick 
GA225,GA,225,-
FL226,FL,226,-
FL227,FL,227,got sick 
FL228,FL,228,-
FL229,FL,229,took sick 
FL230,FL,230,got sick 
FL231,FL,231,got sick 
FL232,FL,232,became ill 
FL233,FL,233,became ill 
FL233,FL,233,got sick 
FL234,FL,234,got sick 
FL235,FL,235,got sick 
FL236,FL,236,got sick 
FL237,FL,237,-
FL238,FL,238,got sick 
FL239,FL,239,got sick 
FL239,FL,239,took sick 
FL240,FL,240,got sick 
FL241,FL,241,-
FL242,FL,242,got sick 
FL243,FL,243,got sick 
FL244,FL,244,got sick 
FL245,FL,245,-
FL246,FL,246,took sick 
FL247,FL,247,got sick 
FL248,FL,248,got sick 
FL249,FL,249,became ill 
FL250,FL,250,-
FL251,FL,251,-
FL252,FL,252,-
FL253,FL,253,got sick 
FL254,FL,254,got sick 
FL254,FL,254,took sick 
FL255,FL,255,got sick 
FL256,FL,256,got sick 
FL256,FL,256,took sick 
FL257,FL,257,took sick 
FL258,FL,258,got sick 
FL259,FL,259,got sick 
FL260,FL,260,got sick 
FL261,FL,261,got sick 
FL262,FL,262,got sick 
FL263,FL,263,got sick 
FL264,FL,264,became ill 
FL265,FL,265,got sick 
FL266,FL,266,got sick 
FL267,FL,267,took sick 
FL268,FL,268,-
FL269,FL,269,-
FL270,FL,270,got sick 
FL271,FL,271,got sick 
FL271,FL,271,took sick 
FL272,FL,272,became ill 
FL272,FL,272,became sick 
FL272,FL,272,got sick 
FL273,FL,273,got sick 
FL274,FL,274,got ill 
FL275,FL,275,-
FL276,FL,276,-
FL277,FL,277,got sick 
FL278,FL,278,got sick 
FL279,FL,279,got sick 
FL280,FL,280,-
FL281,FL,281,took sick 
FL282,FL,282,-
FL283,FL,283,-
FL284,FL,284,became ill 
FL284,FL,284,became sick 
FL285,FL,285,-
FL286,FL,286,got sick 
FL287,FL,287,-
FL288,FL,288,-
FL289,FL,289,-
TN290,TN,290,got sick 
TN291,TN,291,got sick 
TN292,TN,292,took sick 
TN293,TN,293,took sick 
TN294,TN,294,became ill 
TN294,TN,294,got sick 
TN295,TN,295,got sick 
TN296,TN,296,became ill 
TN297,TN,297,got sick 
TN298,TN,298,got sick 
TN299,TN,299,got sick 
TN300,TN,300,got sick 
TN301,TN,301,took sick 
TN302,TN,302,got sick 
TN303,TN,303,got sick 
TN303,TN,303,took sick 
TN304,TN,304,took ill 
TN304,TN,304,took sick 
TN305,TN,305,got sick 
TN305,TN,305,took sick 
TN306,TN,306,got sick 
TN307,TN,307,got sick 
TN307,TN,307,took sick 
TN308,TN,308,-
TN309,TN,309,got sick 
TN310,TN,310,got sick 
TN311,TN,311,got sick 
TN312,TN,312,-
TN313,TN,313,-
TN314,TN,314,got sick 
TN315,TN,315,got sick 
TN316,TN,316,took sick 
TN317,TN,317,-
TN318,TN,318,-
TN319,TN,319,-
TN320,TN,320,took sick 
TN321,TN,321,got sick 
TN322,TN,322,became ill 
TN323,TN,323,-
TN324,TN,324,got sick 
TN325,TN,325,got sick 
TN326,TN,326,became ill 
TN326,TN,326,got sick 
TN326,TN,326,took sick 
TN327,TN,327,got sick 
TN328,TN,328,got sick 
TN328,TN,328,took sick 
TN329,TN,329,got sick 
TN330,TN,330,took sick 
TN331,TN,331,got sick 
TN332,TN,332,got sick 
TN333,TN,333,got sick 
TN334,TN,334,became ill 
TN334,TN,334,became sick 
TN335,TN,335,-
TN336,TN,336,got sick 
TN336,TN,336,took sick 
AL337,AL,337,-
AL338,AL,338,got sick 
AL339,AL,339,-
AL340,AL,340,-
AL341,AL,341,got sick 
AL342,AL,342,got sick 
AL343,AL,343,became ill 
AL343,AL,343,got sick 
AL344,AL,344,got sick 
AL345,AL,345,got sick 
AL346,AL,346,-
AL347,AL,347,took sick 
AL348,AL,348,took sick 
AL349,AL,349,got sick 
AL350,AL,350,got sick 
AL351,AL,351,-
AL352,AL,352,got sick 
AL353,AL,353,-
AL354,AL,354,became ill 
AL354,AL,354,became sick 
AL354,AL,354,got sick 
AL355,AL,355,-
AL356,AL,356,became ill 
AL357,AL,357,got sick 
AL358,AL,358,-
AL359,AL,359,got sick 
AL360,AL,360,got sick 
AL361,AL,361,became sick 
AL361,AL,361,got sick 
AL362,AL,362,became ill 
AL363,AL,363,got sick 
AL363,AL,363,took sick 
AL364,AL,364,-
AL365,AL,365,-
AL366,AL,366,-
AL367,AL,367,got sick 
AL368,AL,368,-
AL369,AL,369,got sick 
AL370,AL,370,took sick 
AL371,AL,371,got sick 
AL372,AL,372,became sick 
AL372,AL,372,took sick 
AL373,AL,373,-
AL374,AL,374,got sick 
AL375,AL,375,got sick 
AL376,AL,376,-
AL377,AL,377,got sick 
AL378,AL,378,got sick 
AL379,AL,379,took sick 
AL380,AL,380,got sick 
AL381,AL,381,-
AL382,AL,382,-
AL383,AL,383,became ill 
AL383,AL,383,took sick 
AL384,AL,384,became ill 
AL385,AL,385,got sick 
AL386,AL,386,got sick 
AL387,AL,387,got sick 
AL388,AL,388,got sick 
AL389,AL,389,took sick 
AL390,AL,390,got sick 
AL391,AL,391,got sick 
AL392,AL,392,turned sick 
AL393,AL,393,-
AL394,AL,394,-
AL395,AL,395,took sick 
AL396,AL,396,-
AL397,AL,397,got sick 
AL398,AL,398,got sick 
AL399,AL,399,got sick 
AL400,AL,400,took sick 
AL401,AL,401,-
AL402,AL,402,-
AL403,AL,403,got sick 
AL404,AL,404,-
AL405,AL,405,got sick 
AL406,AL,406,took sick 
AL407,AL,407,took sick 
AL408,AL,408,took sick 
AL409,AL,409,-
AL410,AL,410,got sick 
AL411,AL,411,got sick 
AL412,AL,412,-
AL413,AL,413,became ill 
AL414,AL,414,became ill 
AL415,AL,415,got sick 
AL415,AL,415,took sick 
AL416,AL,416,-
AL417,AL,417,became ill 
AL417,AL,417,got sick 
AL418,AL,418,got sick 
AL419,AL,419,got sick 
AL420,AL,420,got sick 
AL420,AL,420,took sick 
AL421,AL,421,took sick 
AL422,AL,422,got sick 
AL423,AL,423,got sick 
AL424,AL,424,got sick 
AL425,AL,425,-
AL426,AL,426,took sick 
AL427,AL,427,got sick 
AL428,AL,428,got sick 
AL429,AL,429,-
AL430,AL,430,took sick 
AL431,AL,431,got sick 
AL432,AL,432,-
AL433,AL,433,-
AL434,AL,434,took sick 
AL435,AL,435,took sick 
AL436,AL,436,took sick 
AL437,AL,437,got sick 
AL438,AL,438,got sick 
AL439,AL,439,got sick 
AL440,AL,440,became ill 
AL441,AL,441,took sick 
AL442,AL,442,got sick 
AL443,AL,443,got sick 
AL444,AL,444,got sick 
AL445,AL,445,got sick 
AL445,AL,445,took sick 
AL446,AL,446,got sick 
AL446,AL,446,took sick 
AL447,AL,447,got sick 
AL448,AL,448,got sick 
AL449,AL,449,took sick 
AL450,AL,450,got sick 
AL451,AL,451,got sick 
FL452,FL,452,-
FL453,FL,453,took sick 
FL454,FL,454,took sick 
FL455,FL,455,got sick 
FL455,FL,455,took sick 
FL456,FL,456,took sick 
FL457,FL,457,got sick 
FL458,FL,458,-
FL459,FL,459,-
FL460,FL,460,got sick 
FL461,FL,461,took sick 
FL462,FL,462,got sick 
FL463,FL,463,got sick 
FL464,FL,464,took sick 
FL465,FL,465,got sick 
FL466,FL,466,got sick 
FL467,FL,467,got sick 
FL468,FL,468,took sick 
FL469,FL,469,took sick 
FL470,FL,470,got sick 
FL471,FL,471,got sick 
AL472,AL,472,got sick 
AL473,AL,473,got sick 
AL474,AL,474,got sick 
AL475,AL,475,took sick 
AL476,AL,476,got sick 
AL476,AL,476,took sick 
AL477,AL,477,got sick 
AL478,AL,478,got sick 
AL478,AL,478,took sick 
AL479,AL,479,became ill 
AL480,AL,480,took sick 
AL481,AL,481,-
AL482,AL,482,took sick 
AL483,AL,483,-
AL484,AL,484,became sick 
AL485,AL,485,-
TN486,TN,486,-
TN487,TN,487,-
TN488,TN,488,got sick 
TN489,TN,489,got sick 
TN490,TN,490,took sick 
TN491,TN,491,got sick 
TN492,TN,492,gave sick 
TN493,TN,493,got sick 
TN494,TN,494,got sick 
TN495,TN,495,took sick 
TN496,TN,496,got ill 
TN496,TN,496,got sick 
TN497,TN,497,got sick 
TN498,TN,498,-
TN499,TN,499,-
TN500,TN,500,-
TN501,TN,501,-
TN502,TN,502,-
TN503,TN,503,-
TN504,TN,504,-
TN505,TN,505,took sick 
TN506,TN,506,-
TN507,TN,507,-
TN508,TN,508,-
TN509,TN,509,-
TN510,TN,510,-
TN511,TN,511,took sick 
TN512,TN,512,-
TN513,TN,513,became sick 
TN514,TN,514,got sick 
TN515,TN,515,-
TN516,TN,516,got sick 
TN517,TN,517,got sick 
TN518,TN,518,became ill 
TN519,TN,519,-
MS520,MS,520,-
MS521,MS,521,took sick 
MS522,MS,522,got sick 
MS523,MS,523,-
MS524,MS,524,got ill 
MS524,MS,524,got sick 
MS525,MS,525,-
MS526,MS,526,-
MS527,MS,527,got sick 
MS528,MS,528,got sick 
MS529,MS,529,-
MS530,MS,530,-
MS531,MS,531,-
MS532,MS,532,got sick 
MS533,MS,533,got sick 
MS533,MS,533,took ill 
MS534,MS,534,took sick 
MS535,MS,535,got sick 
MS536,MS,536,got sick 
MS537,MS,537,-
MS538,MS,538,became ill 
MS538,MS,538,got sick 
MS539,MS,539,-
MS540,MS,540,-
MS541,MS,541,got sick 
MS542,MS,542,got sick 
MS542,MS,542,took sick 
MS543,MS,543,took sick 
MS544,MS,544,took sick 
MS545,MS,545,took sick 
MS546,MS,546,-
MS547,MS,547,-
MS548,MS,548,got sick 
MS548,MS,548,took sick 
MS549,MS,549,got sick 
MS550,MS,550,-
MS551,MS,551,got sick 
MS552,MS,552,-
MS553,MS,553,-
MS554,MS,554,-
MS555,MS,555,-
MS556,MS,556,took sick 
MS557,MS,557,got sick 
MS558,MS,558,became ill 
MS559,MS,559,got sick 
MS559,MS,559,took sick 
MS560,MS,560,got sick 
MS561,MS,561,got sick 
MS562,MS,562,-
MS563,MS,563,got sick 
MS564,MS,564,got sick 
MS565,MS,565,got sick 
MS565,MS,565,took sick 
MS566,MS,566,-
MS567,MS,567,-
MS568,MS,568,-
MS569,MS,569,-
MS570,MS,570,-
MS571,MS,571,got sick 
MS572,MS,572,got sick 
MS573,MS,573,took sick 
MS574,MS,574,got sick 
MS575,MS,575,took ill 
MS576,MS,576,got sick 
MS577,MS,577,took sick 
MS578,MS,578,got sick 
MS579,MS,579,fell ill 
MS579,MS,579,got sick 
MS580,MS,580,took sick 
MS581,MS,581,-
MS582,MS,582,got sick 
MS583,MS,583,got sick 
MS584,MS,584,got sick 
MS585,MS,585,got sick 
MS586,MS,586,took sick 
MS587,MS,587,got sick 
MS588,MS,588,took sick 
MS589,MS,589,got sick 
MS590,MS,590,got sick 
MS591,MS,591,got sick 
MS592,MS,592,became sick 
MS592,MS,592,got sick 
MS593,MS,593,-
MS594,MS,594,got sick 
MS595,MS,595,took sick 
MS596,MS,596,got sick 
MS596,MS,596,took sick 
MS597,MS,597,took sick 
MS598,MS,598,took sick 
MS599,MS,599,became ill 
MS599,MS,599,got sick 
MS600,MS,600,got sick 
MS601,MS,601,became sick 
MS602,MS,602,got sick 
MS603,MS,603,-
MS604,MS,604,-
MS605,MS,605,took sick 
MS606,MS,606,got sick 
MS607,MS,607,-
MS608,MS,608,got sick 
MS608,MS,608,took ill 
MS609,MS,609,took sick 
MS610,MS,610,got sick 
MS611,MS,611,took sick 
MS612,MS,612,got sick 
MS612,MS,612,took sick 
MS613,MS,613,got sick 
MS614,MS,614,got sick 
MS615,MS,615,got sick 
MS616,MS,616,-
MS617,MS,617,got sick 
MS617,MS,617,took sick 
MS618,MS,618,-
MS619,MS,619,-
MS620,MS,620,got sick 
MS621,MS,621,took sick 
MS622,MS,622,took ill 
MS623,MS,623,got sick 
MS623,MS,623,took ill 
MS624,MS,624,caught sick 
MS625,MS,625,got sick 
MS625,MS,625,took sick 
MS626,MS,626,-
MS627,MS,627,got sick 
MS628,MS,628,got sick 
MS629,MS,629,got sick 
LA630,LA,630,took sick 
LA631,LA,631,-
LA632,LA,632,-
LA633,LA,633,-
LA634,LA,634,got sick 
LA635,LA,635,got sick 
LA636,LA,636,-
LA637,LA,637,took sick 
LA638,LA,638,got sick 
LA639,LA,639,got sick 
LA640,LA,640,took sick 
LA641,LA,641,took sick 
LA642,LA,642,got sick 
LA643,LA,643,got sick 
LA644,LA,644,-
LA645,LA,645,became ill 
LA646,LA,646,got sick 
LA647,LA,647,took sick 
LA648,LA,648,took sick 
LA649,LA,649,got ill 
LA649,LA,649,got sick 
LA650,LA,650,took sick 
LA651,LA,651,-
LA652,LA,652,took sick 
LA653,LA,653,got sick 
LA654,LA,654,got sick 
LA655,LA,655,became ill 
LA655,LA,655,took sick 
LA656,LA,656,got sick 
LA657,LA,657,got sick 
LA657X,LA,657X,got sick 
LA657Y,LA,657Y,got sick 
LA657Z,LA,657Z,got sick 
LA658,LA,658,got sick 
LA658,LA,658,took sick 
LA659,LA,659,got sick 
LA660,LA,660,got sick 
LA661,LA,661,-
LA662,LA,662,got sick 
LA663,LA,663,-
LA664,LA,664,-
LA665,LA,665,-
LA666,LA,666,got sick 
LA667,LA,667,took sick 
LA668,LA,668,got sick 
LA669,LA,669,took sick 
LA670,LA,670,-
LA671,LA,671,became sick 
LA671,LA,671,took sick 
LA672,LA,672,got sick 
LA672,LA,672,took sick 
LA673,LA,673,fell sick 
AR674,AR,674,took sick 
AR675,AR,675,got sick 
AR676,AR,676,-
AR677,AR,677,got sick 
AR677,AR,677,took sick 
AR678,AR,678,took sick 
AR679,AR,679,-
AR680,AR,680,-
AR681,AR,681,-
AR682,AR,682,-
AR683,AR,683,got sick 
AR683,AR,683,took sick 
AR684,AR,684,-
AR685,AR,685,took sick 
AR686,AR,686,got sick 
AR687,AR,687,got sick 
AR688,AR,688,got sick 
AR688,AR,688,took sick 
AR689,AR,689,took sick 
AR690,AR,690,took sick 
AR691,AR,691,got sick 
AR692,AR,692,got sick 
AR692,AR,692,took sick 
AR693,AR,693,became ill 
AR694,AR,694,got sick 
AR694,AR,694,took sick 
AR695,AR,695,got sick 
AR696,AR,696,got sick 
AR697,AR,697,took sick 
AR698,AR,698,-
AR699,AR,699,-
AR700,AR,700,-
AR701,AR,701,-
AR702,AR,702,got sick 
AR703,AR,703,-
AR704,AR,704,took sick 
AR705,AR,705,became ill 
AR705,AR,705,got sick 
AR705,AR,705,took sick 
AR706,AR,706,-
AR707,AR,707,got sick 
AR708,AR,708,got sick 
AR709,AR,709,got sick 
AR710,AR,710,got sick 
AR711,AR,711,became sick 
AR711,AR,711,got sick 
AR712,AR,712,got sick 
AR713,AR,713,became ill 
AR713,AR,713,got sick 
AR714,AR,714,got sick 
AR715,AR,715,took sick 
AR716,AR,716,got sick 
AR717,AR,717,-
AR718,AR,718,got sick 
AR719,AR,719,got sick 
AR720,AR,720,-
AR721,AR,721,got sick 
AR722,AR,722,-
AR723,AR,723,got sick 
AR724,AR,724,got sick 
AR725,AR,725,took sick 
AR726,AR,726,-
AR727,AR,727,took sick 
AR728,AR,728,got sick 
AR729,AR,729,got sick 
AR730,AR,730,took sick 
AR731,AR,731,got sick 
AR732,AR,732,got sick 
AR733,AR,733,-
AR734,AR,734,-
AR735,AR,735,got sick 
AR736,AR,736,took sick 
AR737,AR,737,got sick 
AR737,AR,737,took sick 
AR738,AR,738,got sick 
AR739,AR,739,-
AR740,AR,740,took sick 
AR741,AR,741,got sick 
AR742,AR,742,-
AR743,AR,743,-
AR744,AR,744,-
AR745,AR,745,got sick 
AR746,AR,746,-
AR747,AR,747,became ill 
AR748,AR,748,got sick 
AR749,AR,749,got sick 
AR750,AR,750,-
AR751,AR,751,took ill 
AR751,AR,751,took sick 
AR752,AR,752,got sick 
AR753,AR,753,got sick 
AR754,AR,754,got sick 
AR754,AR,754,took sick 
AR755,AR,755,got sick 
LA756,LA,756,took sick 
LA757,LA,757,became ill 
LA757,LA,757,got sick 
LA758,LA,758,-
LA759,LA,759,got sick 
LA760,LA,760,-
LA761,LA,761,-
LA762,LA,762,got sick 
LA763,LA,763,-
LA764,LA,764,got sick 
LA764,LA,764,took sick 
LA765,LA,765,got sick 
LA766,LA,766,took sick 
LA767,LA,767,got sick 
LA768,LA,768,took sick 
LA769,LA,769,got sick 
LA770,LA,770,took sick 
LA771,LA,771,took sick 
LA772,LA,772,-
LA773,LA,773,got sick 
LA774,LA,774,-
LA775,LA,775,got sick 
LA776,LA,776,got sick 
LA777,LA,777,-
LA778,LA,778,got sick 
LA779,LA,779,got sick 
LA780,LA,780,became ill 
LA780,LA,780,got sick 
LA781,LA,781,-
LA782,LA,782,took sick 
LA783,LA,783,got sick 
LA784,LA,784,-
LA785,LA,785,got sick 
LA786,LA,786,got sick 
LA787,LA,787,became sick 
LA787,LA,787,got sick 
LA788,LA,788,got sick 
LA788,LA,788,took sick 
LA789,LA,789,took sick 
LA790,LA,790,took sick 
LA791,LA,791,took ill 
LA791,LA,791,took sick 
LA792,LA,792,got sick 
LA793,LA,793,-
LA794,LA,794,got sick 
LA794,LA,794,took sick 
LA795,LA,795,-
LA796,LA,796,took sick 
LA797,LA,797,-
LA798,LA,798,took ill 
LA799,LA,799,-
LA800,LA,800,got sick 
LA801,LA,801,got sick 
LA802,LA,802,-
LA803,LA,803,-
LA804,LA,804,-
LA805,LA,805,got sick 
LA806,LA,806,got sick 
LA807,LA,807,got sick 
LA808,LA,808,took sick 
LA809,LA,809,got sick 
LA810,LA,810,took sick 
LA811,LA,811,took sick 
LA812,LA,812,took sick 
LA813,LA,813,got sick 
LA814,LA,814,got sick 
LA815,LA,815,-
LA816,LA,816,got sick 
LA817,LA,817,took sick 
TX818,TX,818,-
TX819,TX,819,became sick 
TX819,TX,819,got sick 
TX820,TX,820,got sick 
TX821,TX,821,got sick 
TX822,TX,822,became ill 
TX822,TX,822,got sick 
TX823,TX,823,took sick 
TX824,TX,824,got sick 
TX825,TX,825,got sick 
TX826,TX,826,got sick 
TX827,TX,827,got sick 
TX828,TX,828,got sick 
TX828,TX,828,took sick 
TX829,TX,829,got sick 
TX830,TX,830,got sick 
TX830,TX,830,took sick 
TX831,TX,831,got sick 
TX832,TX,832,-
TX833,TX,833,got sick 
TX834,TX,834,became ill 
TX834,TX,834,fell sick 
TX835,TX,835,took sick 
TX836,TX,836,got sick 
TX837,TX,837,got sick 
TX838,TX,838,-
TX839,TX,839,got sick 
TX840,TX,840,got sick 
TX841,TX,841,got sick 
TX841,TX,841,took sick 
TX842,TX,842,took sick 
TX843,TX,843,took ill 
TX844,TX,844,took sick 
TX845,TX,845,got sick 
TX846,TX,846,got sick 
TX847,TX,847,got sick 
TX848,TX,848,-
TX849,TX,849,got sick 
TX850,TX,850,got ill 
TX850,TX,850,got sick 
TX851,TX,851,got sick 
TX852,TX,852,got sick 
TX853,TX,853,got sick 
TX854,TX,854,got sick 
TX855,TX,855,-
TX856,TX,856,got sick 
TX857,TX,857,took ill 
TX857,TX,857,took sick 
TX858,TX,858,-
TX859,TX,859,got sick 
TX860,TX,860,took sick 
TX861,TX,861,got sick 
TX862,TX,862,got sick 
TX862,TX,862,took ill 
TX863,TX,863,became ill 
TX863,TX,863,got sick 
TX864,TX,864,got sick 
TX865,TX,865,got sick 
TX866,TX,866,got sick 
TX867,TX,867,got sick 
TX868,TX,868,got sick 
TX868,TX,868,took sick 
TX869,TX,869,got sick 
TX870,TX,870,got sick 
TX871,TX,871,-
TX872,TX,872,-
TX873,TX,873,got sick 
TX874,TX,874,got sick 
TX875,TX,875,took sick 
TX876,TX,876,got sick 
TX877,TX,877,took sick 
TX878,TX,878,-
TX879,TX,879,-
TX880,TX,880,-
TX881,TX,881,-
TX882,TX,882,got sick 
TX883,TX,883,-
TX884,TX,884,-
TX885,TX,885,-
TX886,TX,886,got sick 
TX887,TX,887,got sick 
TX888,TX,888,got sick 
TX889,TX,889,got sick 
TX890,TX,890,got sick 
TX891,TX,891,got sick 
TX892,TX,892,got sick 
TX893,TX,893,became ill 
TX893,TX,893,got sick 
TX894,TX,894,took sick 
TX895,TX,895,got sick 
TX896,TX,896,-
TX897,TX,897,-
TX898,TX,898,-
TX899,TX,899,-
TX900,TX,900,became sick 
TX900,TX,900,got sick 
TX901,TX,901,got ill 
TX902,TX,902,got sick 
TX903,TX,903,-
TX904,TX,904,took ill 
TX905,TX,905,got sick 
TX906,TX,906,-
TX907,TX,907,-
TX908,TX,908,got sick 
TX909,TX,909,-
TX910,TX,910,got sick 
TX911,TX,911,-
