Informant,State,Informant number,Response
TN001,TN,001,humor 
TN001,TN,001,water 
TN002,TN,002,water 
TN003,TN,003,water 
TN004,TN,004,-
TN005,TN,005,-
TN006,TN,006,fluid 
TN007,TN,007,-
TN008,TN,008,water 
TN009,TN,009,-
TN010,TN,010,matter 
TN010,TN,010,water 
TN011,TN,011,water 
TN012,TN,012,water 
TN013,TN,013,water 
TN014,TN,014,pus 
TN015,TN,015,water 
TN016,TN,016,juice 
TN017,TN,017,-
TN018,TN,018,-
TN019,TN,019,water 
TN020,TN,020,-
TN021,TN,021,-
TN022,TN,022,liquid 
TN023,TN,023,-
TN024,TN,024,-
TN025,TN,025,-
TN026,TN,026,-
TN027,TN,027,water 
TN028,TN,028,-
TN029,TN,029,-
TN030,TN,030,-
TN031,TN,031,-
TN032,TN,032,-
TN033,TN,033,water 
TN034,TN,034,-
TN035,TN,035,-
TN036,TN,036,-
TN037,TN,037,-
TN038,TN,038,water 
TN039,TN,039,pus 
TN040,TN,040,water 
TN041,TN,041,water 
TN042,TN,042,-
TN043,TN,043,-
TN044,TN,044,fluid 
TN044,TN,044,water 
TN045,TN,045,pus 
TN046,TN,046,-
TN047,TN,047,-
TN048,TN,048,water 
TN049,TN,049,pus 
TN050,TN,050,-
TN051,TN,051,water 
TN052,TN,052,-
TN053,TN,053,water 
TN054,TN,054,water 
TN055,TN,055,water 
TN056,TN,056,-
TN057,TN,057,water 
TN058,TN,058,water 
TN059,TN,059,water 
TN060,TN,060,-
GA061,GA,061,-
GA062,GA,062,water 
GA063,GA,063,-
GA064,GA,064,water 
GA065,GA,065,-
GA066,GA,066,water 
GA067,GA,067,-
GA068,GA,068,-
GA069,GA,069,water 
GA070,GA,070,-
GA071,GA,071,-
GA072,GA,072,liquid 
GA073,GA,073,water 
GA074,GA,074,water 
GA075,GA,075,water 
GA076,GA,076,water 
GA077,GA,077,water 
GA078,GA,078,-
GA079,GA,079,-
GA080,GA,080,-
GA081,GA,081,-
GA082,GA,082,-
GA083,GA,083,-
GA084,GA,084,water 
GA085,GA,085,fluid 
GA085,GA,085,water 
GA086,GA,086,water 
GA087,GA,087,-
GA088,GA,088,water 
GA089,GA,089,-
GA090,GA,090,-
GA091,GA,091,-
GA092,GA,092,-
GA093,GA,093,pus 
GA094,GA,094,-
GA095,GA,095,water 
GA096,GA,096,water 
GA097,GA,097,-
GA098,GA,098,water 
GA099,GA,099,water 
GA100,GA,100,pus 
GA101,GA,101,water 
GA102,GA,102,water 
GA103,GA,103,water 
GA104,GA,104,water 
GA105,GA,105,water 
GA106,GA,106,watery-type substance 
GA107,GA,107,fluid 
GA107,GA,107,watery liquid 
GA108,GA,108,-
GA109,GA,109,-
GA110,GA,110,-
GA111,GA,111,water 
GA112,GA,112,water 
GA113,GA,113,-
GA114,GA,114,-
GA115,GA,115,-
GA116,GA,116,-
GA117,GA,117,-
GA118,GA,118,water 
GA119,GA,119,water 
GA120,GA,120,-
GA121,GA,121,water 
GA122,GA,122,fluid 
GA122,GA,122,water 
GA123,GA,123,-
GA124,GA,124,-
GA125,GA,125,-
GA126,GA,126,-
GA127,GA,127,-
GA128,GA,128,-
GA129,GA,129,-
GA130,GA,130,-
GA131,GA,131,water 
GA132,GA,132,-
GA133,GA,133,-
GA134,GA,134,water 
GA135,GA,135,water 
GA136,GA,136,hot water 
GA137,GA,137,fluid 
GA138,GA,138,water 
GA139,GA,139,-
GA140,GA,140,-
GA141,GA,141,water 
GA142,GA,142,-
GA143,GA,143,water 
GA144,GA,144,water 
GA145,GA,145,water 
GA146,GA,146,water 
GA147,GA,147,-
GA148,GA,148,water 
GA149,GA,149,water 
GA150,GA,150,water 
GA151,GA,151,water 
GA152,GA,152,water 
GA153,GA,153,-
GA154,GA,154,-
GA155,GA,155,-
GA156,GA,156,-
GA157,GA,157,-
GA158,GA,158,-
GA159,GA,159,water 
GA160,GA,160,-
GA161,GA,161,-
GA162,GA,162,water 
GA163,GA,163,water 
GA164,GA,164,water 
GA165,GA,165,water 
GA166,GA,166,corruption 
GA166,GA,166,pus 
GA167,GA,167,-
GA168,GA,168,-
GA169,GA,169,-
GA170,GA,170,-
GA171,GA,171,-
GA172,GA,172,-
GA173,GA,173,-
GA174,GA,174,-
GA175,GA,175,-
GA176,GA,176,-
GA177,GA,177,-
GA178,GA,178,-
GA179,GA,179,fester [n.] 
GA180,GA,180,water 
GA181,GA,181,water 
GA182,GA,182,-
GA183,GA,183,-
GA184,GA,184,water 
GA185,GA,185,water 
GA186,GA,186,water 
GA187,GA,187,-
GA188,GA,188,-
GA189,GA,189,water 
GA190,GA,190,-
GA191,GA,191,water 
GA192,GA,192,water 
GA193,GA,193,-
GA194,GA,194,-
GA195,GA,195,-
GA196,GA,196,-
GA197,GA,197,-
GA198,GA,198,-
GA199,GA,199,-
GA200,GA,200,-
GA201,GA,201,-
GA202,GA,202,-
GA203,GA,203,-
GA204,GA,204,-
GA205,GA,205,-
GA206,GA,206,-
GA207,GA,207,water 
GA208,GA,208,water 
GA209,GA,209,water 
GA210,GA,210,water 
GA211,GA,211,-
GA212,GA,212,water 
GA213,GA,213,-
GA214,GA,214,-
GA215,GA,215,-
GA216,GA,216,water 
GA217,GA,217,clear fluid 
GA218,GA,218,-
GA219,GA,219,-
GA220,GA,220,-
GA221,GA,221,-
GA222,GA,222,-
GA223,GA,223,water 
GA223,GA,223,white mucus 
GA224,GA,224,-
GA225,GA,225,-
FL226,FL,226,-
FL227,FL,227,-
FL228,FL,228,-
FL229,FL,229,-
FL230,FL,230,-
FL231,FL,231,water 
FL232,FL,232,-
FL233,FL,233,pus 
FL234,FL,234,water 
FL235,FL,235,matter 
FL236,FL,236,water 
FL237,FL,237,fluid 
FL238,FL,238,-
FL239,FL,239,water 
FL240,FL,240,water 
FL241,FL,241,-
FL242,FL,242,water 
FL243,FL,243,water 
FL244,FL,244,-
FL245,FL,245,water 
FL246,FL,246,yellow liquid 
FL247,FL,247,water 
FL248,FL,248,water 
FL249,FL,249,water 
FL250,FL,250,water 
FL251,FL,251,-
FL252,FL,252,-
FL253,FL,253,water 
FL254,FL,254,-
FL255,FL,255,water 
FL256,FL,256,-
FL257,FL,257,fester [n.] 
FL258,FL,258,-
FL259,FL,259,fluid 
FL259,FL,259,water 
FL260,FL,260,-
FL261,FL,261,water 
FL262,FL,262,water 
FL263,FL,263,water 
FL264,FL,264,water 
FL265,FL,265,pus 
FL266,FL,266,-
FL267,FL,267,-
FL268,FL,268,-
FL269,FL,269,water 
FL270,FL,270,-
FL271,FL,271,-
FL272,FL,272,water 
FL273,FL,273,pus 
FL274,FL,274,-
FL275,FL,275,pus 
FL276,FL,276,water 
FL277,FL,277,-
FL278,FL,278,clear liquid 
FL279,FL,279,water 
FL280,FL,280,water 
FL281,FL,281,water 
FL282,FL,282,-
FL283,FL,283,water 
FL284,FL,284,water 
FL285,FL,285,-
FL286,FL,286,water 
FL287,FL,287,-
FL288,FL,288,water 
FL289,FL,289,fluid 
FL289,FL,289,water 
TN290,TN,290,-
TN291,TN,291,water 
TN292,TN,292,water 
TN293,TN,293,water 
TN294,TN,294,fluid 
TN294,TN,294,water 
TN295,TN,295,clear water 
TN296,TN,296,-
TN297,TN,297,water 
TN298,TN,298,-
TN299,TN,299,water 
TN300,TN,300,fluid 
TN300,TN,300,water 
TN301,TN,301,water 
TN302,TN,302,water 
TN303,TN,303,water 
TN304,TN,304,-
TN305,TN,305,water 
TN306,TN,306,-
TN307,TN,307,water 
TN308,TN,308,-
TN309,TN,309,-
TN310,TN,310,water 
TN311,TN,311,water 
TN312,TN,312,clear liquid 
TN313,TN,313,-
TN314,TN,314,pus 
TN315,TN,315,-
TN316,TN,316,-
TN317,TN,317,corruption 
TN317,TN,317,water 
TN318,TN,318,-
TN319,TN,319,-
TN320,TN,320,water 
TN321,TN,321,water 
TN322,TN,322,water 
TN323,TN,323,-
TN324,TN,324,fluid 
TN325,TN,325,matter 
TN326,TN,326,water 
TN327,TN,327,water 
TN328,TN,328,-
TN329,TN,329,water 
TN330,TN,330,water 
TN331,TN,331,-
TN332,TN,332,-
TN333,TN,333,water 
TN334,TN,334,water 
TN335,TN,335,-
TN336,TN,336,pus 
TN336,TN,336,water 
AL337,AL,337,-
AL338,AL,338,water 
AL339,AL,339,-
AL340,AL,340,water 
AL341,AL,341,-
AL342,AL,342,water 
AL343,AL,343,pus 
AL343,AL,343,water 
AL344,AL,344,corruption 
AL345,AL,345,-
AL346,AL,346,-
AL347,AL,347,water 
AL348,AL,348,water 
AL349,AL,349,corruption 
AL349,AL,349,pus 
AL350,AL,350,-
AL351,AL,351,water 
AL352,AL,352,watery-like (substance) 
AL353,AL,353,-
AL354,AL,354,water 
AL355,AL,355,-
AL356,AL,356,fluid 
AL356,AL,356,water 
AL357,AL,357,fluid 
AL357,AL,357,water 
AL358,AL,358,water 
AL359,AL,359,water 
AL360,AL,360,liquid 
AL361,AL,361,water 
AL362,AL,362,-
AL363,AL,363,water 
AL364,AL,364,water 
AL365,AL,365,-
AL366,AL,366,water 
AL367,AL,367,water 
AL368,AL,368,-
AL369,AL,369,water 
AL370,AL,370,water 
AL371,AL,371,-
AL372,AL,372,-
AL373,AL,373,mucus 
AL374,AL,374,water 
AL375,AL,375,water 
AL376,AL,376,-
AL377,AL,377,-
AL378,AL,378,-
AL379,AL,379,-
AL380,AL,380,fluid 
AL380,AL,380,water 
AL381,AL,381,-
AL382,AL,382,fluid 
AL383,AL,383,water 
AL384,AL,384,pus 
AL384,AL,384,water 
AL385,AL,385,water 
AL386,AL,386,water 
AL387,AL,387,water 
AL388,AL,388,water 
AL389,AL,389,-
AL390,AL,390,water 
AL391,AL,391,-
AL392,AL,392,water 
AL393,AL,393,fluid 
AL394,AL,394,-
AL395,AL,395,water 
AL396,AL,396,-
AL397,AL,397,-
AL398,AL,398,-
AL399,AL,399,water 
AL400,AL,400,water 
AL401,AL,401,-
AL402,AL,402,fluid 
AL403,AL,403,water 
AL404,AL,404,water 
AL405,AL,405,water 
AL406,AL,406,water 
AL407,AL,407,-
AL408,AL,408,water 
AL409,AL,409,juice 
AL409,AL,409,water 
AL410,AL,410,-
AL411,AL,411,water 
AL412,AL,412,-
AL413,AL,413,water 
AL414,AL,414,water 
AL415,AL,415,water 
AL416,AL,416,fluid 
AL417,AL,417,water 
AL418,AL,418,-
AL419,AL,419,water 
AL420,AL,420,water 
AL421,AL,421,water 
AL422,AL,422,-
AL423,AL,423,water 
AL424,AL,424,-
AL425,AL,425,-
AL426,AL,426,water 
AL427,AL,427,water 
AL428,AL,428,water 
AL429,AL,429,-
AL430,AL,430,-
AL431,AL,431,water 
AL432,AL,432,-
AL433,AL,433,-
AL434,AL,434,water 
AL435,AL,435,pus 
AL435,AL,435,water 
AL436,AL,436,water 
AL437,AL,437,water 
AL438,AL,438,water 
AL439,AL,439,fester [n.] 
AL440,AL,440,fluid 
AL440,AL,440,water 
AL441,AL,441,corruption 
AL442,AL,442,water 
AL443,AL,443,humor 
AL444,AL,444,water 
AL445,AL,445,water 
AL446,AL,446,-
AL447,AL,447,hot water 
AL448,AL,448,water 
AL449,AL,449,fester [n.] 
AL450,AL,450,water 
AL451,AL,451,water 
FL452,FL,452,water 
FL453,FL,453,-
FL454,FL,454,-
FL455,FL,455,water 
FL456,FL,456,water 
FL457,FL,457,water 
FL458,FL,458,water 
FL459,FL,459,-
FL460,FL,460,poison 
FL461,FL,461,water 
FL462,FL,462,water 
FL463,FL,463,-
FL464,FL,464,water 
FL465,FL,465,water 
FL466,FL,466,water 
FL467,FL,467,water 
FL468,FL,468,water 
FL469,FL,469,water 
FL470,FL,470,water 
FL471,FL,471,water 
AL472,AL,472,water 
AL473,AL,473,-
AL474,AL,474,water 
AL475,AL,475,-
AL476,AL,476,fluid 
AL476,AL,476,juice 
AL476,AL,476,water 
AL477,AL,477,-
AL478,AL,478,-
AL479,AL,479,-
AL480,AL,480,water 
AL481,AL,481,-
AL482,AL,482,-
AL483,AL,483,-
AL484,AL,484,-
AL485,AL,485,-
TN486,TN,486,-
TN487,TN,487,water 
TN488,TN,488,water 
TN489,TN,489,water 
TN490,TN,490,watery stuff 
TN491,TN,491,-
TN492,TN,492,water 
TN493,TN,493,-
TN494,TN,494,water 
TN495,TN,495,water 
TN496,TN,496,-
TN497,TN,497,-
TN498,TN,498,-
TN499,TN,499,water 
TN500,TN,500,-
TN501,TN,501,-
TN502,TN,502,-
TN503,TN,503,-
TN504,TN,504,water 
TN505,TN,505,-
TN506,TN,506,-
TN507,TN,507,-
TN508,TN,508,-
TN509,TN,509,-
TN510,TN,510,-
TN511,TN,511,water 
TN512,TN,512,-
TN513,TN,513,water 
TN514,TN,514,pus 
TN515,TN,515,-
TN516,TN,516,water 
TN517,TN,517,water 
TN518,TN,518,-
TN519,TN,519,water 
MS520,MS,520,-
MS521,MS,521,-
MS522,MS,522,water 
MS523,MS,523,-
MS524,MS,524,-
MS525,MS,525,-
MS526,MS,526,-
MS527,MS,527,water 
MS528,MS,528,water 
MS529,MS,529,-
MS530,MS,530,water 
MS531,MS,531,-
MS532,MS,532,-
MS533,MS,533,-
MS534,MS,534,-
MS535,MS,535,water 
MS536,MS,536,-
MS537,MS,537,-
MS538,MS,538,water 
MS539,MS,539,-
MS540,MS,540,-
MS541,MS,541,-
MS542,MS,542,-
MS543,MS,543,-
MS544,MS,544,liquid 
MS544,MS,544,water 
MS545,MS,545,water 
MS546,MS,546,-
MS547,MS,547,-
MS548,MS,548,water 
MS549,MS,549,-
MS550,MS,550,-
MS551,MS,551,-
MS552,MS,552,-
MS553,MS,553,-
MS554,MS,554,-
MS555,MS,555,-
MS556,MS,556,water 
MS557,MS,557,-
MS558,MS,558,pus 
MS559,MS,559,-
MS560,MS,560,-
MS561,MS,561,-
MS562,MS,562,fluid 
MS563,MS,563,water 
MS564,MS,564,water 
MS565,MS,565,water 
MS566,MS,566,-
MS567,MS,567,-
MS568,MS,568,-
MS569,MS,569,-
MS570,MS,570,-
MS571,MS,571,-
MS572,MS,572,fluid 
MS573,MS,573,-
MS574,MS,574,water 
MS575,MS,575,-
MS576,MS,576,water 
MS577,MS,577,fluid 
MS578,MS,578,water 
MS579,MS,579,-
MS580,MS,580,-
MS581,MS,581,-
MS582,MS,582,water 
MS583,MS,583,-
MS584,MS,584,water 
MS585,MS,585,water 
MS586,MS,586,-
MS587,MS,587,water 
MS588,MS,588,water 
MS589,MS,589,-
MS590,MS,590,-
MS591,MS,591,pus 
MS592,MS,592,-
MS593,MS,593,water 
MS594,MS,594,-
MS595,MS,595,water 
MS596,MS,596,water 
MS597,MS,597,water 
MS598,MS,598,-
MS599,MS,599,water 
MS600,MS,600,water 
MS601,MS,601,water 
MS602,MS,602,-
MS603,MS,603,-
MS604,MS,604,-
MS605,MS,605,-
MS606,MS,606,-
MS607,MS,607,-
MS608,MS,608,water 
MS609,MS,609,-
MS610,MS,610,water 
MS611,MS,611,-
MS612,MS,612,water 
MS613,MS,613,water 
MS614,MS,614,-
MS615,MS,615,water 
MS616,MS,616,water 
MS617,MS,617,water 
MS618,MS,618,-
MS619,MS,619,-
MS620,MS,620,-
MS621,MS,621,body fluid 
MS621,MS,621,fluid 
MS622,MS,622,pus 
MS623,MS,623,-
MS624,MS,624,watery matter 
MS625,MS,625,water 
MS626,MS,626,-
MS627,MS,627,water 
MS628,MS,628,water 
MS629,MS,629,fluid 
LA630,LA,630,water 
LA631,LA,631,-
LA632,LA,632,pus 
LA632,LA,632,water 
LA633,LA,633,-
LA634,LA,634,water 
LA635,LA,635,water 
LA636,LA,636,-
LA637,LA,637,-
LA638,LA,638,water 
LA639,LA,639,water 
LA640,LA,640,water 
LA641,LA,641,water 
LA642,LA,642,-
LA643,LA,643,watery-like (substance) 
LA644,LA,644,-
LA645,LA,645,-
LA646,LA,646,-
LA647,LA,647,-
LA648,LA,648,water 
LA649,LA,649,water 
LA650,LA,650,water 
LA651,LA,651,-
LA652,LA,652,water 
LA653,LA,653,-
LA654,LA,654,-
LA655,LA,655,water 
LA656,LA,656,water 
LA657,LA,657,fluid 
LA657X,LA,657X,water 
LA657Y,LA,657Y,serum 
LA657Y,LA,657Y,water 
LA657Z,LA,657Z,water 
LA658,LA,658,-
LA659,LA,659,water 
LA660,LA,660,matter 
LA661,LA,661,pus 
LA662,LA,662,-
LA663,LA,663,-
LA664,LA,664,-
LA665,LA,665,-
LA666,LA,666,water 
LA667,LA,667,-
LA668,LA,668,water 
LA669,LA,669,water 
LA670,LA,670,-
LA671,LA,671,water 
LA672,LA,672,-
LA673,LA,673,fluid 
AR674,AR,674,-
AR675,AR,675,-
AR676,AR,676,-
AR677,AR,677,-
AR678,AR,678,-
AR679,AR,679,water 
AR680,AR,680,-
AR681,AR,681,-
AR682,AR,682,water 
AR683,AR,683,-
AR684,AR,684,-
AR685,AR,685,-
AR686,AR,686,water 
AR687,AR,687,water 
AR688,AR,688,-
AR689,AR,689,-
AR690,AR,690,-
AR691,AR,691,-
AR692,AR,692,-
AR693,AR,693,-
AR694,AR,694,water 
AR695,AR,695,water 
AR696,AR,696,-
AR697,AR,697,-
AR698,AR,698,-
AR699,AR,699,-
AR700,AR,700,-
AR701,AR,701,water 
AR702,AR,702,-
AR703,AR,703,water 
AR704,AR,704,-
AR705,AR,705,water 
AR706,AR,706,-
AR707,AR,707,water 
AR708,AR,708,water 
AR709,AR,709,-
AR710,AR,710,-
AR711,AR,711,water 
AR712,AR,712,-
AR713,AR,713,-
AR714,AR,714,water 
AR715,AR,715,corruption 
AR716,AR,716,-
AR717,AR,717,-
AR718,AR,718,water 
AR719,AR,719,-
AR720,AR,720,-
AR721,AR,721,-
AR722,AR,722,-
AR723,AR,723,-
AR724,AR,724,-
AR725,AR,725,water 
AR726,AR,726,-
AR727,AR,727,water 
AR728,AR,728,-
AR729,AR,729,-
AR730,AR,730,water 
AR731,AR,731,-
AR732,AR,732,-
AR733,AR,733,-
AR734,AR,734,-
AR735,AR,735,pus 
AR736,AR,736,water 
AR737,AR,737,water 
AR738,AR,738,-
AR739,AR,739,-
AR740,AR,740,water 
AR741,AR,741,fluid 
AR741,AR,741,water 
AR742,AR,742,water 
AR743,AR,743,-
AR744,AR,744,-
AR745,AR,745,-
AR746,AR,746,water 
AR747,AR,747,-
AR748,AR,748,water 
AR749,AR,749,water 
AR750,AR,750,-
AR751,AR,751,fluid 
AR752,AR,752,-
AR753,AR,753,water 
AR754,AR,754,-
AR755,AR,755,-
LA756,LA,756,water 
LA757,LA,757,water 
LA758,LA,758,fluid 
LA758,LA,758,water 
LA759,LA,759,-
LA760,LA,760,-
LA761,LA,761,water 
LA762,LA,762,water 
LA763,LA,763,-
LA764,LA,764,hot water 
LA765,LA,765,water 
LA766,LA,766,water 
LA767,LA,767,water 
LA768,LA,768,water 
LA769,LA,769,water 
LA770,LA,770,water 
LA771,LA,771,-
LA772,LA,772,-
LA773,LA,773,-
LA774,LA,774,-
LA775,LA,775,water 
LA776,LA,776,water 
LA777,LA,777,-
LA778,LA,778,watery substance 
LA779,LA,779,-
LA780,LA,780,pus 
LA781,LA,781,water 
LA782,LA,782,water 
LA783,LA,783,-
LA784,LA,784,fester [n.] 
LA784,LA,784,water 
LA785,LA,785,water 
LA786,LA,786,water 
LA787,LA,787,water 
LA788,LA,788,-
LA789,LA,789,water 
LA790,LA,790,thin fluid 
LA790,LA,790,"thin, watery pus "
LA791,LA,791,water 
LA792,LA,792,water 
LA793,LA,793,water 
LA794,LA,794,pus 
LA794,LA,794,water-like (substance) 
LA795,LA,795,-
LA796,LA,796,watery stuff 
LA797,LA,797,-
LA798,LA,798,-
LA799,LA,799,-
LA800,LA,800,water 
LA801,LA,801,fluid 
LA802,LA,802,pus 
LA803,LA,803,-
LA804,LA,804,-
LA805,LA,805,pus 
LA805,LA,805,water 
LA806,LA,806,water 
LA807,LA,807,water 
LA808,LA,808,water 
LA809,LA,809,-
LA810,LA,810,water 
LA811,LA,811,-
LA812,LA,812,-
LA813,LA,813,water 
LA814,LA,814,water 
LA815,LA,815,water 
LA816,LA,816,-
LA817,LA,817,water 
TX818,TX,818,-
TX819,TX,819,-
TX820,TX,820,water 
TX821,TX,821,water 
TX822,TX,822,water 
TX823,TX,823,pus 
TX824,TX,824,water 
TX825,TX,825,water 
TX826,TX,826,water 
TX827,TX,827,water 
TX828,TX,828,water 
TX829,TX,829,water 
TX829,TX,829,watery substance 
TX830,TX,830,pus 
TX831,TX,831,water 
TX832,TX,832,-
TX833,TX,833,water 
TX834,TX,834,juice 
TX834,TX,834,water 
TX835,TX,835,water 
TX836,TX,836,water 
TX837,TX,837,-
TX838,TX,838,water 
TX839,TX,839,water 
TX840,TX,840,water 
TX841,TX,841,-
TX842,TX,842,water 
TX843,TX,843,liquid 
TX843,TX,843,water 
TX844,TX,844,-
TX845,TX,845,water 
TX846,TX,846,-
TX847,TX,847,-
TX848,TX,848,water 
TX849,TX,849,-
TX850,TX,850,-
TX851,TX,851,-
TX852,TX,852,-
TX853,TX,853,water 
TX854,TX,854,water 
TX855,TX,855,-
TX856,TX,856,-
TX857,TX,857,water 
TX858,TX,858,-
TX859,TX,859,water 
TX860,TX,860,water 
TX861,TX,861,-
TX862,TX,862,water 
TX863,TX,863,fluid 
TX863,TX,863,water 
TX864,TX,864,pus 
TX865,TX,865,water 
TX866,TX,866,pus 
TX867,TX,867,water 
TX868,TX,868,-
TX869,TX,869,pus 
TX869,TX,869,water 
TX870,TX,870,clear stuff 
TX871,TX,871,-
TX872,TX,872,-
TX873,TX,873,water 
TX874,TX,874,clear liquid 
TX874,TX,874,water 
TX875,TX,875,watery substance 
TX876,TX,876,water 
TX877,TX,877,blister water 
TX878,TX,878,water 
TX879,TX,879,-
TX880,TX,880,-
TX881,TX,881,-
TX882,TX,882,water 
TX883,TX,883,-
TX884,TX,884,-
TX885,TX,885,water 
TX886,TX,886,liquid 
TX886,TX,886,water 
TX887,TX,887,water 
TX888,TX,888,water 
TX889,TX,889,blister water 
TX890,TX,890,-
TX891,TX,891,water 
TX892,TX,892,-
TX893,TX,893,water 
TX894,TX,894,water 
TX895,TX,895,water 
TX896,TX,896,-
TX897,TX,897,-
TX898,TX,898,water 
TX899,TX,899,water 
TX900,TX,900,acid 
TX901,TX,901,water 
TX902,TX,902,fluid 
TX903,TX,903,-
TX904,TX,904,water 
TX905,TX,905,water 
TX906,TX,906,water 
TX907,TX,907,-
TX908,TX,908,water 
TX909,TX,909,-
TX910,TX,910,water 
TX911,TX,911,-
