Informant,State,Informant number,Response
TN001,TN,001,b{oy}l
TN002,TN,002,b{oy}l
TN003,TN,003,b{oy}l
TN004,TN,004,b{oy}l
TN005,TN,005,boy{l}
TN006,TN,006,b{oy}l
TN007,TN,007,b{oy}l
TN008,TN,008,b{oy}{l}
TN009,TN,009,boyl
TN010,TN,010,b{oy}l
TN011,TN,011,b{oy}l
TN012,TN,012,boyl
TN012,TN,012,b{oy}lz
TN013,TN,013,boyl
TN014,TN,014,-
TN015,TN,015,b{oy}l
TN016,TN,016,b{oy}l
TN017,TN,017,b{oy}l
TN018,TN,018,b{oy}l
TN019,TN,019,boyl
TN020,TN,020,boyl
TN021,TN,021,b{oy}l
TN022,TN,022,boyl
TN023,TN,023,b{oy}{l}
TN024,TN,024,b{oy}{l}
TN025,TN,025,boyl
TN026,TN,026,boylz
TN027,TN,027,boy{l}
TN028,TN,028,boyl
TN029,TN,029,boyl
TN030,TN,030,boyl
TN031,TN,031,boyl
TN032,TN,032,b{oy}l
TN033,TN,033,b{oy}l
TN034,TN,034,b{oy}l
TN035,TN,035,b{oy}l
TN036,TN,036,boy{l}
TN037,TN,037,b{oy}{l}
TN038,TN,038,b{oy}l
TN039,TN,039,-
TN040,TN,040,-
TN041,TN,041,b{oy}l
TN042,TN,042,boyl
TN043,TN,043,b{oy}l
TN044,TN,044,boyl
TN045,TN,045,b{oy}l
TN046,TN,046,boyl
TN047,TN,047,b{oy}l
TN048,TN,048,-
TN049,TN,049,b{oy}{l}
TN050,TN,050,b{oy}l
TN051,TN,051,boy{l}
TN052,TN,052,b{oy}l
TN053,TN,053,b{oy}l
TN054,TN,054,b{oy}l
TN055,TN,055,boy{l}
TN056,TN,056,boy{l}
TN057,TN,057,boy{l}
TN058,TN,058,boy{l}
TN059,TN,059,boyl
TN060,TN,060,boyl
GA061,GA,061,-
GA062,GA,062,boy{l}
GA063,GA,063,-
GA064,GA,064,b{oy}{l}
GA065,GA,065,biel
GA065,GA,065,b{oy}l
GA066,GA,066,b{oy}l
GA067,GA,067,b{oy}l
GA068,GA,068,-
GA069,GA,069,b{oy}{l}{z}
GA070,GA,070,-
GA071,GA,071,-
GA072,GA,072,-
GA073,GA,073,boy{l}
GA074,GA,074,boy{l}
GA075,GA,075,boy{l}
GA076,GA,076,boyl
GA077,GA,077,boy(l)
GA078,GA,078,boy{l}
GA079,GA,079,boyl
GA080,GA,080,-
GA081,GA,081,boylN=14
GA082,GA,082,-
GA083,GA,083,-
GA084,GA,084,-
GA085,GA,085,b{oy}{l}
GA086,GA,086,baw{l}
GA087,GA,087,b{oy}{l}
GA088,GA,088,b{oy}{l}
GA089,GA,089,-
GA090,GA,090,b{oy}{l}
GA091,GA,091,boy{l}
GA092,GA,092,-
GA093,GA,093,b{oy}(l)
GA094,GA,094,boyl
GA095,GA,095,b{oy}[l]
GA096,GA,096,boyl
GA097,GA,097,b{oy}{l}
GA098,GA,098,boyl
GA099,GA,099,b{oy}{l}z
GA100,GA,100,-
GA101,GA,101,boy{l}
GA102,GA,102,b{oy}l
GA103,GA,103,boy{l}
GA104,GA,104,boy{l}
GA105,GA,105,b{oy}{l}
GA106,GA,106,boyl
GA107,GA,107,boyl
GA108,GA,108,b{oy}{l}
GA109,GA,109,boy{l}
GA110,GA,110,boy{l}
GA111,GA,111,-
GA112,GA,112,b{oy}l
GA113,GA,113,boyl
GA114,GA,114,-
GA115,GA,115,-
GA116,GA,116,b{oy}{l}
GA117,GA,117,-
GA118,GA,118,boy{l}
GA119,GA,119,boy{l}
GA120,GA,120,boyl
GA121,GA,121,boy{l}
GA122,GA,122,b{oy}l
GA123,GA,123,boyl
GA124,GA,124,b{oy}l
GA125,GA,125,-
GA126,GA,126,b{oy}l
GA127,GA,127,-
GA128,GA,128,-
GA129,GA,129,-
GA130,GA,130,-
GA131,GA,131,boy{l}
GA132,GA,132,-
GA133,GA,133,-
GA134,GA,134,b{oy}{l}
GA135,GA,135,b{oy}l
GA136,GA,136,boy{l}
GA137,GA,137,-
GA138,GA,138,b{oy}lz
GA139,GA,139,b{oy}{l}
GA140,GA,140,b{oy}{l}
GA141,GA,141,-
GA142,GA,142,boyl
GA143,GA,143,boy{l}
GA144,GA,144,boy{l}
GA145,GA,145,-
GA146,GA,146,boy{l}
GA147,GA,147,-
GA148,GA,148,b{oy}{l}
GA149,GA,149,b{oy}{l}
GA150,GA,150,-
GA151,GA,151,boylz
GA152,GA,152,b{aw}{l}
GA153,GA,153,-
GA154,GA,154,boyl
GA155,GA,155,-
GA156,GA,156,-
GA157,GA,157,-
GA158,GA,158,-
GA159,GA,159,-
GA160,GA,160,-
GA161,GA,161,b{oy}l
GA162,GA,162,b{oy}l
GA163,GA,163,boy{l}
GA164,GA,164,boy{l}
GA165,GA,165,boy{l}
GA166,GA,166,-
GA167,GA,167,b{oy}{l}
GA168,GA,168,-
GA169,GA,169,-
GA170,GA,170,boy{l}
GA171,GA,171,boy{l}
GA172,GA,172,-
GA173,GA,173,-
GA174,GA,174,-
GA175,GA,175,b{oy}{l}
GA176,GA,176,b{oy}l
GA177,GA,177,boy{l}
GA178,GA,178,-
GA179,GA,179,b{ie}{l}
GA180,GA,180,boy{l}
GA181,GA,181,boyl
GA182,GA,182,-
GA183,GA,183,b{oy}{l}
GA184,GA,184,b{oy}l
GA185,GA,185,-
GA186,GA,186,b{oy}{l}
GA187,GA,187,-
GA188,GA,188,boy{l}
GA189,GA,189,b{oy}l{z}
GA190,GA,190,-
GA191,GA,191,b{oy}[l]
GA192,GA,192,boyl
GA193,GA,193,boyl
GA194,GA,194,-
GA195,GA,195,-
GA196,GA,196,-
GA197,GA,197,-
GA198,GA,198,-
GA199,GA,199,b{oy}l
GA200,GA,200,boy{l}
GA201,GA,201,b{oy}{l}
GA202,GA,202,b{oy}{l}
GA203,GA,203,-
GA204,GA,204,-
GA205,GA,205,-
GA206,GA,206,b{oy}{l}z
GA207,GA,207,-
GA208,GA,208,-
GA209,GA,209,b{oy}{l}
GA210,GA,210,-
GA211,GA,211,boy{l}
GA212,GA,212,b{oy}{l}z
GA213,GA,213,-
GA214,GA,214,b{oy}{l}
GA215,GA,215,-
GA216,GA,216,-
GA217,GA,217,b{oy}l
GA218,GA,218,-
GA219,GA,219,b{oy}l
GA220,GA,220,-
GA221,GA,221,b{oy}l
GA222,GA,222,-
GA223,GA,223,boy{l}
GA224,GA,224,boe[l]
GA225,GA,225,-
FL226,FL,226,-
FL227,FL,227,b{oy}l
FL228,FL,228,boyl
FL229,FL,229,-
FL230,FL,230,boyl
FL230,FL,230,b{oy}l
FL231,FL,231,b{oy}l
FL232,FL,232,boyl
FL233,FL,233,-
FL234,FL,234,-
FL235,FL,235,b{oy}l
FL236,FL,236,boe{l}
FL237,FL,237,bawl
FL238,FL,238,b{oy}l
FL239,FL,239,boy{l}
FL240,FL,240,boy{l}
FL241,FL,241,-
FL242,FL,242,b{oy}l
FL243,FL,243,boy{l}
FL244,FL,244,-
FL245,FL,245,boy{l}
FL246,FL,246,b{oy}l
FL247,FL,247,baw{?}L=14
FL248,FL,248,b{oy}{l}
FL249,FL,249,boy[l]
FL250,FL,250,b{oy}{l}
FL251,FL,251,-
FL252,FL,252,-
FL253,FL,253,b{oy}{l}
FL254,FL,254,boylz
FL255,FL,255,boy{l}
FL256,FL,256,b{oy}l
FL257,FL,257,boy{l}
FL258,FL,258,b{oy}{l}
FL259,FL,259,boy{l}
FL260,FL,260,-
FL261,FL,261,boy[l]
FL262,FL,262,b{oy}{l}
FL263,FL,263,boy{l}
FL264,FL,264,-
FL265,FL,265,boy{l}
FL266,FL,266,boy{l}
FL267,FL,267,boy{l}
FL268,FL,268,-
FL269,FL,269,boy{l}
FL270,FL,270,b{oy}[l]{z}
FL271,FL,271,b{oy}{l}
FL272,FL,272,boyl
FL273,FL,273,boy{l}
FL274,FL,274,boy{l}
FL275,FL,275,b{oy}{l}
FL276,FL,276,-
FL277,FL,277,boy{l}
FL278,FL,278,boy{l}
FL279,FL,279,boy{l}
FL280,FL,280,boy{l}
FL281,FL,281,boylz
FL282,FL,282,boylz
FL283,FL,283,b{oy}l
FL284,FL,284,boyL=14
FL285,FL,285,-
FL286,FL,286,boy{l}
FL287,FL,287,-
FL288,FL,288,{b}oy{l}
FL289,FL,289,boyl{z}
TN290,TN,290,b{oy}l
TN291,TN,291,b{oy}l
TN292,TN,292,b{oy}l
TN293,TN,293,b{oy}l
TN294,TN,294,b{oy}{l}{z}
TN295,TN,295,-
TN296,TN,296,b{oy}{l}
TN297,TN,297,b{oy}lz
TN298,TN,298,b{oy}l{z}
TN299,TN,299,boyl
TN300,TN,300,boy{l}
TN301,TN,301,-
TN302,TN,302,boyl
TN303,TN,303,b{oy}{l}
TN304,TN,304,boyl
TN305,TN,305,b{oy}l
TN306,TN,306,boy{l}
TN307,TN,307,b{oy}{l}
TN308,TN,308,-
TN309,TN,309,-
TN310,TN,310,-
TN311,TN,311,boy{l}
TN312,TN,312,-
TN313,TN,313,-
TN314,TN,314,b{oy}{l}
TN315,TN,315,boyl
TN315,TN,315,b{oy}{l}
TN316,TN,316,-
TN317,TN,317,boyl
TN318,TN,318,-
TN319,TN,319,-
TN320,TN,320,b{oy}{l}
TN321,TN,321,b{oy}l
TN322,TN,322,boyl
TN323,TN,323,boy{l}
TN324,TN,324,b{oy}l
TN325,TN,325,baw{?}{L}=14
TN326,TN,326,b{oy}{l}
TN327,TN,327,b{oy}{l}
TN328,TN,328,boylz
TN329,TN,329,boy{l}
TN330,TN,330,b{oy}{l}
TN331,TN,331,boyl
TN332,TN,332,-
TN333,TN,333,boyl
TN334,TN,334,boy{l}
TN335,TN,335,boel
TN336,TN,336,boyl
AL337,AL,337,-
AL338,AL,338,b{oy}{l}
AL339,AL,339,b{oy}{l}
AL340,AL,340,-
AL341,AL,341,b{oy}{l}
AL342,AL,342,boy[l]
AL343,AL,343,b{oy}[l]
AL344,AL,344,boyl
AL345,AL,345,boylz
AL346,AL,346,b{oy}l
AL347,AL,347,boy{l}
AL348,AL,348,boyl
AL349,AL,349,b{oy}l
AL350,AL,350,b{oy}l
AL351,AL,351,-
AL352,AL,352,b{oy}{l}
AL353,AL,353,-
AL354,AL,354,b{oy}{l}
AL355,AL,355,-
AL356,AL,356,boy{l}
AL356,AL,356,b{oy}{l}
AL357,AL,357,-
AL358,AL,358,-
AL359,AL,359,boy{l}
AL360,AL,360,b{oy}{l}
AL361,AL,361,boy{l}
AL362,AL,362,-
AL363,AL,363,boyl
AL364,AL,364,boyl
AL365,AL,365,-
AL366,AL,366,boy[l]{z}
AL367,AL,367,-
AL368,AL,368,b{oy}{l}
AL369,AL,369,boy{l}
AL370,AL,370,-
AL371,AL,371,boy{l}
AL372,AL,372,-
AL373,AL,373,b{oy}{l}
AL374,AL,374,b{oy}{l}
AL375,AL,375,boy{l}
AL376,AL,376,-
AL377,AL,377,-
AL378,AL,378,b{oy}{l}
AL379,AL,379,boy{l}
AL380,AL,380,b{oy}{l}
AL381,AL,381,-
AL382,AL,382,-
AL383,AL,383,-
AL384,AL,384,b{oy}{l}
AL385,AL,385,baw{l}
AL386,AL,386,boy{l}
AL387,AL,387,b{oy}{l}
AL388,AL,388,-
AL389,AL,389,b{oy}{l}
AL390,AL,390,boy{l}
AL391,AL,391,boy{l}
AL392,AL,392,-
AL393,AL,393,b{oy}{l}
AL394,AL,394,-
AL395,AL,395,boyl
AL396,AL,396,-
AL397,AL,397,boy{l}
AL398,AL,398,b{oy}{l}
AL399,AL,399,b{oy}{l}
AL400,AL,400,b{oy}{l}
AL401,AL,401,b{oy}{l}
AL402,AL,402,-
AL403,AL,403,b{oy}{l}
AL404,AL,404,-
AL405,AL,405,b{oy}{l}
AL406,AL,406,b{oy}{l}
AL407,AL,407,b{oy}{l}
AL408,AL,408,b{oy}{l}
AL409,AL,409,b{oy}{l}
AL410,AL,410,boy[l]
AL411,AL,411,boyl
AL412,AL,412,-
AL413,AL,413,baw{l}
AL414,AL,414,b{oy}[l]
AL415,AL,415,boyl
AL416,AL,416,b{oy}{l}
AL417,AL,417,boy{l}
AL418,AL,418,b{oy}{l}
AL419,AL,419,b{oy}{l}
AL420,AL,420,-
AL421,AL,421,b{oy}l
AL422,AL,422,boy{l}
AL423,AL,423,b{oy}{l}
AL424,AL,424,-
AL425,AL,425,-
AL426,AL,426,b{oy}l
AL427,AL,427,b{oy}{l}
AL428,AL,428,b{oy}{l}
AL429,AL,429,-
AL430,AL,430,-
AL431,AL,431,-
AL432,AL,432,-
AL433,AL,433,b{oy}l
AL434,AL,434,-
AL435,AL,435,b{oy}{l}
AL436,AL,436,boyl
AL437,AL,437,b{oy}{l}
AL438,AL,438,-
AL439,AL,439,b{oy}{l}
AL440,AL,440,boyl
AL441,AL,441,b{oy}{l}
AL442,AL,442,-
AL443,AL,443,b{oy}{l}
AL444,AL,444,boyl
AL445,AL,445,boy{l}
AL446,AL,446,b{oy}{l}
AL447,AL,447,b{oy}{l}
AL448,AL,448,b{oy}{l}
AL449,AL,449,boyl
AL450,AL,450,b{oy}l
AL451,AL,451,boy{l}
FL452,FL,452,boy{l}
FL453,FL,453,-
FL454,FL,454,b{oy}{l}
FL455,FL,455,b{oy}l
FL456,FL,456,b{oy}l
FL457,FL,457,boyl
FL458,FL,458,b{oy}{l}
FL459,FL,459,-
FL460,FL,460,b{oy}lz
FL461,FL,461,b{oy}l
FL462,FL,462,boyld
FL463,FL,463,boyl
FL464,FL,464,-
FL465,FL,465,-
FL466,FL,466,b{oy}{l}
FL467,FL,467,boy{l}
FL468,FL,468,b{oy}{l}
FL469,FL,469,bawl
FL470,FL,470,-
FL471,FL,471,boyl
AL472,AL,472,-
AL473,AL,473,boy{l}
AL474,AL,474,b{oy}{l}
AL475,AL,475,boy{l}
AL476,AL,476,boy{l}
AL477,AL,477,boy{l}
AL478,AL,478,-
AL479,AL,479,-
AL480,AL,480,-
AL481,AL,481,-
AL482,AL,482,-
AL483,AL,483,-
AL484,AL,484,boy{l}
AL485,AL,485,-
TN486,TN,486,-
TN487,TN,487,-
TN488,TN,488,-
TN489,TN,489,boyl
TN490,TN,490,b{oy}l
TN491,TN,491,-
TN492,TN,492,-
TN493,TN,493,-
TN494,TN,494,boyl
TN495,TN,495,boy{l}z
TN496,TN,496,b{oy}l
TN497,TN,497,-
TN498,TN,498,-
TN499,TN,499,b{oy}l
TN500,TN,500,-
TN501,TN,501,-
TN502,TN,502,-
TN503,TN,503,-
TN504,TN,504,boyl
TN505,TN,505,b{oy}{l}
TN506,TN,506,b{oy}{l}
TN507,TN,507,-
TN508,TN,508,-
TN509,TN,509,-
TN510,TN,510,-
TN511,TN,511,boyl
TN512,TN,512,-
TN513,TN,513,b{oy}{l}
TN514,TN,514,boy{l}
TN515,TN,515,-
TN516,TN,516,boy{l}
TN517,TN,517,boy{l}
TN518,TN,518,b{oy}{l}
TN519,TN,519,boyl
MS520,MS,520,-
MS521,MS,521,boyl
MS522,MS,522,b{oy}{l}
MS523,MS,523,-
MS524,MS,524,b{oy}{l}
MS525,MS,525,-
MS526,MS,526,-
MS527,MS,527,boyl
MS528,MS,528,-
MS529,MS,529,-
MS530,MS,530,b{oy}l
MS531,MS,531,-
MS532,MS,532,-
MS533,MS,533,boylz
MS534,MS,534,-
MS535,MS,535,boy[l]
MS536,MS,536,-
MS537,MS,537,-
MS538,MS,538,b{oy}{l}z
MS539,MS,539,b{oy}{l}z
MS540,MS,540,-
MS541,MS,541,boyl
MS542,MS,542,boyl
MS543,MS,543,b{oy}lz
MS544,MS,544,b{oy}l
MS545,MS,545,boyl
MS546,MS,546,-
MS547,MS,547,-
MS548,MS,548,b{oy}{l}
MS549,MS,549,boyl
MS550,MS,550,-
MS551,MS,551,boyl
MS552,MS,552,-
MS553,MS,553,-
MS554,MS,554,-
MS555,MS,555,b{oy}l
MS556,MS,556,b{oy}{l}
MS557,MS,557,-
MS558,MS,558,b{oy}lz
MS559,MS,559,-
MS560,MS,560,-
MS561,MS,561,-
MS562,MS,562,b{oy}{l}
MS563,MS,563,b{oy}{l}
MS564,MS,564,b{oy}l
MS565,MS,565,b{oy}{l}
MS566,MS,566,-
MS567,MS,567,-
MS568,MS,568,-
MS569,MS,569,-
MS570,MS,570,-
MS571,MS,571,b{oy}{l}z
MS572,MS,572,boy{l}
MS573,MS,573,boy{l}
MS574,MS,574,b{oy}l
MS575,MS,575,boy{l}
MS576,MS,576,b{oy}l
MS577,MS,577,-
MS578,MS,578,b{oy}l
MS579,MS,579,boy{l}
MS580,MS,580,boy(l)
MS581,MS,581,-
MS582,MS,582,-
MS583,MS,583,-
MS584,MS,584,b{oy}l
MS585,MS,585,-
MS586,MS,586,-
MS587,MS,587,b{oy}{l}
MS588,MS,588,b{oy}{l}
MS589,MS,589,b{oy}lz
MS590,MS,590,boy{l}
MS591,MS,591,b{oy}{l}
MS592,MS,592,boyl
MS593,MS,593,b{oy}l
MS594,MS,594,-
MS595,MS,595,b{oy}l
MS596,MS,596,boy{l}
MS597,MS,597,b{oy}lz
MS598,MS,598,b{oy}l
MS599,MS,599,boyl
MS600,MS,600,b{oy}{l}
MS601,MS,601,b{oy}l
MS602,MS,602,boy[l]
MS603,MS,603,-
MS604,MS,604,-
MS605,MS,605,boy{l}
MS606,MS,606,-
MS607,MS,607,boyl{z}
MS608,MS,608,b{oy}{l}
MS609,MS,609,boy{l}
MS610,MS,610,boy[l]
MS611,MS,611,boy{l}
MS612,MS,612,b{oy}l
MS613,MS,613,b{oy}{l}
MS614,MS,614,boy{l}
MS615,MS,615,boy{l}
MS616,MS,616,b{oy}{l}z
MS617,MS,617,-
MS618,MS,618,-
MS619,MS,619,-
MS620,MS,620,b{oy}l
MS621,MS,621,b{oy}{l}
MS622,MS,622,boyl
MS623,MS,623,boy{l}
MS624,MS,624,boylz
MS625,MS,625,-
MS626,MS,626,-
MS627,MS,627,-
MS628,MS,628,b{oy}{l}
MS629,MS,629,-
LA630,LA,630,boy{l}
LA631,LA,631,boyl
LA632,LA,632,b{oy}{l}
LA633,LA,633,b{oy}{l}
LA634,LA,634,b{oy}{l}
LA635,LA,635,b{oy}l
LA636,LA,636,b{oy}{l}
LA637,LA,637,b{oy}{l}
LA638,LA,638,boy{l}
LA639,LA,639,b{oy}l
LA640,LA,640,boy{l}
LA641,LA,641,boy{l}
LA642,LA,642,-
LA643,LA,643,boy{l}
LA644,LA,644,-
LA645,LA,645,boyl
LA646,LA,646,boyl
LA647,LA,647,-
LA648,LA,648,boyl
LA649,LA,649,boyl
LA650,LA,650,boy{l}
LA651,LA,651,-
LA652,LA,652,boy{l}
LA653,LA,653,boyl
LA654,LA,654,bur{l}
LA655,LA,655,b{oy}{l}
LA656,LA,656,boy{l}
LA657,LA,657,boy{l}
LA657X,LA,657X,boyl
LA657Y,LA,657Y,boy{l}
LA657Z,LA,657Z,b{oy}l
LA658,LA,658,boy{l}
LA659,LA,659,boy{l}
LA660,LA,660,-
LA661,LA,661,boy[l]
LA662,LA,662,boy{l}
LA663,LA,663,-
LA664,LA,664,b{oy}{l}
LA665,LA,665,b{oy}{l}
LA666,LA,666,boyl
LA667,LA,667,b{ie}{l}
LA667,LA,667,boyl
LA668,LA,668,boyl
LA669,LA,669,boy{l}
LA670,LA,670,boyl
LA671,LA,671,boy{l}
LA672,LA,672,boyl
LA673,LA,673,boy{l}
AR674,AR,674,boy{l}
AR675,AR,675,boy{l}
AR676,AR,676,-
AR677,AR,677,-
AR678,AR,678,b{oy}{l}
AR679,AR,679,b{oy}[l]
AR680,AR,680,-
AR681,AR,681,b{oy}{l}
AR682,AR,682,boy{l}
AR683,AR,683,b{oy}{l}
AR684,AR,684,b{oy}{l}
AR685,AR,685,boyl
AR686,AR,686,b{oy}{l}
AR687,AR,687,boyl{z}
AR688,AR,688,-
AR689,AR,689,boyl
AR690,AR,690,-
AR691,AR,691,-
AR692,AR,692,b{oy}l
AR693,AR,693,b{oy}l
AR694,AR,694,-
AR695,AR,695,b{oy}{l}
AR696,AR,696,b{oy}{l}
AR697,AR,697,b{oy}lz
AR698,AR,698,-
AR699,AR,699,-
AR700,AR,700,-
AR701,AR,701,b{oy}{l}z
AR702,AR,702,-
AR703,AR,703,boyl
AR704,AR,704,boy{l}
AR705,AR,705,boy{l}
AR706,AR,706,-
AR707,AR,707,boy{l}
AR708,AR,708,b{oy}{l}{z}
AR709,AR,709,boy{l}
AR710,AR,710,boy{l}
AR711,AR,711,b{oy}{l}z
AR712,AR,712,boy{l}
AR713,AR,713,-
AR714,AR,714,b{oy}{l}
AR715,AR,715,-
AR716,AR,716,boylz
AR717,AR,717,-
AR718,AR,718,b{oy}l
AR719,AR,719,b{oy}{l}
AR720,AR,720,boy{l}
AR721,AR,721,b{oy}{l}
AR722,AR,722,b{oy}l
AR723,AR,723,-
AR724,AR,724,b{oy}{l}
AR725,AR,725,boyl
AR726,AR,726,-
AR727,AR,727,boy{l}
AR728,AR,728,boyl
AR729,AR,729,b{oy}{l}
AR730,AR,730,b{oy}{l}
AR731,AR,731,boy{l}
AR732,AR,732,boy{l}
AR733,AR,733,boy{l}z
AR734,AR,734,-
AR735,AR,735,boy{l}z
AR736,AR,736,b{oy}{l}
AR737,AR,737,{b}{oy}{l}
AR738,AR,738,b{oy}l{z}
AR739,AR,739,-
AR740,AR,740,b{oy}{l}z
AR741,AR,741,boylz
AR742,AR,742,b{oy}{l}
AR743,AR,743,b{oy}{l}
AR744,AR,744,-
AR745,AR,745,b{oy}{l}
AR746,AR,746,boyl
AR747,AR,747,b{oy}{l}
AR748,AR,748,-
AR749,AR,749,boy{l}
AR750,AR,750,-
AR751,AR,751,boyl
AR752,AR,752,b{oy}{l}z
AR753,AR,753,b{oy}{l}
AR754,AR,754,b{oy}l
AR755,AR,755,b{oy}{l}{z}
LA756,LA,756,b{oy}l
LA757,LA,757,b{oy}{l}
LA758,LA,758,b{oy}lz
LA759,LA,759,-
LA760,LA,760,b{oy}lz
LA761,LA,761,b{oy}{l}
LA762,LA,762,boyl
LA763,LA,763,-
LA764,LA,764,b{oy}l
LA765,LA,765,b{oy}{l}
LA766,LA,766,-
LA767,LA,767,boy{l}
LA768,LA,768,boy{l}
LA769,LA,769,b{oy}{l}
LA770,LA,770,b{oy}{l}
LA771,LA,771,b{oy}{l}
LA772,LA,772,boy{l}
LA773,LA,773,b{oy}{l}
LA774,LA,774,-
LA775,LA,775,boyl
LA776,LA,776,b{aw}{l}
LA777,LA,777,b{oy}l{z}
LA778,LA,778,boy{l}
LA779,LA,779,b{oy}l
LA780,LA,780,boy{l}
LA781,LA,781,b{oy}{l}
LA782,LA,782,-
LA783,LA,783,-
LA784,LA,784,biel
LA785,LA,785,b{aw}l
LA786,LA,786,boy{l}
LA787,LA,787,boyl
LA787,LA,787,b{oy}{l}
LA788,LA,788,boyl
LA789,LA,789,boy{l}
LA790,LA,790,b{oy}{l}z
LA791,LA,791,b{oy}{l}z
LA792,LA,792,boyl
LA793,LA,793,b{oy}{l}
LA794,LA,794,b{oy}lz
LA795,LA,795,-
LA796,LA,796,b{oy}{l}
LA797,LA,797,b{oy}l
LA798,LA,798,bw{oy}l
LA799,LA,799,-
LA800,LA,800,boylz
LA801,LA,801,b{oy}l
LA802,LA,802,b{oy}{l}
LA803,LA,803,b{oy}{l}
LA804,LA,804,-
LA805,LA,805,-
LA806,LA,806,boyl
LA807,LA,807,b{aw}rl
LA808,LA,808,-
LA809,LA,809,boyl
LA810,LA,810,boy{l}
LA811,LA,811,boy[l]
LA812,LA,812,-
LA813,LA,813,boy{l}
LA814,LA,814,b{oy}l
LA815,LA,815,b{oy}{l}
LA816,LA,816,boyl
LA817,LA,817,boy{l}
TX818,TX,818,-
TX819,TX,819,-
TX820,TX,820,b{aw}{l}
TX821,TX,821,-
TX822,TX,822,b{oy}{l}
TX823,TX,823,b{oy}l
TX824,TX,824,boy{l}
TX825,TX,825,-
TX826,TX,826,boy{l}
TX827,TX,827,b{oy}{l}
TX828,TX,828,-
TX829,TX,829,boyl
TX830,TX,830,b{oy}l
TX831,TX,831,-
TX832,TX,832,-
TX833,TX,833,boyl
TX834,TX,834,-
TX835,TX,835,-
TX836,TX,836,-
TX837,TX,837,-
TX838,TX,838,b{oy}{l}
TX839,TX,839,boy{l}
TX840,TX,840,-
TX841,TX,841,b{oy}{l}
TX842,TX,842,boyl
TX843,TX,843,boy{l}
TX844,TX,844,boyl
TX845,TX,845,boy{l}
TX846,TX,846,boyl
TX847,TX,847,-
TX848,TX,848,b{oy}{l}
TX849,TX,849,boy{l}
TX850,TX,850,-
TX851,TX,851,boy{l}z
TX852,TX,852,-
TX853,TX,853,boy{l}
TX854,TX,854,-
TX855,TX,855,boylz
TX856,TX,856,-
TX857,TX,857,boyl
TX858,TX,858,-
TX859,TX,859,boy{l}
TX860,TX,860,boyl
TX861,TX,861,b{oy}{l}
TX862,TX,862,b{oy}{l}
TX863,TX,863,b{oy}{l}
TX864,TX,864,boyl
TX865,TX,865,boy{l}
TX866,TX,866,b{oy}{l}
TX867,TX,867,boyl{z}
TX868,TX,868,b{oy}{l}
TX869,TX,869,b{oy}{l}
TX870,TX,870,boy{l}
TX871,TX,871,boyl
TX872,TX,872,-
TX873,TX,873,boy{l}
TX874,TX,874,boy{l}
TX875,TX,875,boyl
TX876,TX,876,boy{l}
TX877,TX,877,boy{l}
TX878,TX,878,boy{l}
TX879,TX,879,-
TX880,TX,880,-
TX881,TX,881,-
TX882,TX,882,-
TX883,TX,883,-
TX884,TX,884,-
TX885,TX,885,-
TX886,TX,886,boy{l}z
TX887,TX,887,boy{l}
TX888,TX,888,b{aw}[l]
TX889,TX,889,boyL=14
TX890,TX,890,boy{l}
TX891,TX,891,boy{l}
TX892,TX,892,boyl
TX893,TX,893,boy{l}
TX894,TX,894,boyl
TX894,TX,894,b{oy}l
TX895,TX,895,boy{l}
TX896,TX,896,-
TX897,TX,897,-
TX898,TX,898,boyl
TX899,TX,899,boyl
TX900,TX,900,boyl
TX901,TX,901,-
TX902,TX,902,boyl
TX903,TX,903,-
TX904,TX,904,boyl
TX905,TX,905,b{oy}{l}
TX906,TX,906,boy{l}
TX907,TX,907,-
TX908,TX,908,boyL=14
TX909,TX,909,-
TX910,TX,910,boyl
TX911,TX,911,b{oy}{l}
