Informant,State,Informant number,Response
TN001,TN,001,*sweld
TN002,TN,002,*sweld
TN003,TN,003,#swoelN=14
TN004,TN,004,!swel
TN004,TN,004,#swoelN=14
TN005,TN,005,#swoelN=14
TN006,TN,006,@swelN=14
TN006,TN,006,*sweld
TN006,TN,006,*swoe[l]
TN006,TN,006,#swoelN=14
TN007,TN,007,-
TN008,TN,008,#swoelN=14
TN009,TN,009,-
TN010,TN,010,!swel
TN010,TN,010,*sweld
TN010,TN,010,#swoelN=14
TN011,TN,011,*sweld
TN011,TN,011,#swoelN=14
TN012,TN,012,#swoelN=14
TN013,TN,013,#swoelN=14
TN014,TN,014,#swoelN=14
TN015,TN,015,#swoelN=14
TN016,TN,016,!swel
TN016,TN,016,*sweld
TN016,TN,016,#swoelN=14
TN017,TN,017,-
TN018,TN,018,-
TN019,TN,019,*sweld
TN020,TN,020,*sweld
TN021,TN,021,-
TN022,TN,022,!swel
TN022,TN,022,#swoelN=14
TN023,TN,023,*swoel
TN023,TN,023,#swoelN=14
TN024,TN,024,-
TN025,TN,025,#sweld
TN026,TN,026,-
TN027,TN,027,*sweld
TN027,TN,027,#swoelN=14
TN028,TN,028,@swelN=14
TN028,TN,028,#swoelN=14
TN029,TN,029,-
TN030,TN,030,-
TN031,TN,031,-
TN032,TN,032,-
TN033,TN,033,!swel
TN033,TN,033,*sweld
TN033,TN,033,#swoelN=14
TN034,TN,034,-
TN035,TN,035,-
TN036,TN,036,#sweld
TN037,TN,037,-
TN038,TN,038,#swoelN=14
TN039,TN,039,!swel
TN039,TN,039,*swoel
TN039,TN,039,#swoelN=14
TN039,TN,039,#swawlN=14
TN040,TN,040,*sweld
TN040,TN,040,#swoelN=14
TN041,TN,041,*sweld
TN041,TN,041,*swel
TN042,TN,042,-
TN043,TN,043,!swel
TN043,TN,043,*sweld
TN044,TN,044,#swoelN=14
TN045,TN,045,#swoelN=14
TN046,TN,046,*sweld
TN046,TN,046,#swoelN=14
TN047,TN,047,-
TN048,TN,048,#swoelN=14
TN049,TN,049,!swel
TN049,TN,049,*sweld
TN049,TN,049,#swoelN=14
TN050,TN,050,-
TN051,TN,051,!swel
TN051,TN,051,*sweld
TN051,TN,051,#swoelN=14
TN052,TN,052,*s(w)oeld
TN053,TN,053,!swel
TN053,TN,053,@swelN=14
TN054,TN,054,#swel
TN055,TN,055,!swel
TN055,TN,055,*sweld
TN055,TN,055,#swawlN=14
TN056,TN,056,!swel
TN056,TN,056,*sweld
TN056,TN,056,#swoelN=14
TN057,TN,057,!swel
TN057,TN,057,*sweld
TN057,TN,057,#swoelN=14
TN058,TN,058,!swel
TN058,TN,058,#swoelN=14
TN059,TN,059,*sweld
TN059,TN,059,*swoelN=14
TN060,TN,060,!swel
TN060,TN,060,*sweld
TN060,TN,060,#swoelN=14
GA061,GA,061,!swel
GA061,GA,061,#swoelN=14
GA062,GA,062,!swel
GA062,GA,062,#swoelN=14
GA063,GA,063,-
GA064,GA,064,*sweld
GA065,GA,065,-
GA066,GA,066,#swoelN=14
GA067,GA,067,-
GA068,GA,068,-
GA069,GA,069,!swel
GA070,GA,070,@swelN=14
GA071,GA,071,-
GA072,GA,072,*sweld
GA072,GA,072,#swoelN=14
GA073,GA,073,!swel
GA073,GA,073,*swoel
GA073,GA,073,#swoelN=14
GA074,GA,074,*sweld
GA074,GA,074,#sweld
GA074,GA,074,#swolN=14
GA075,GA,075,!swel
GA075,GA,075,*sweld
GA075,GA,075,*swoel
GA075,GA,075,#swoelN=14
GA076,GA,076,#swoelN=14
GA076,GA,076,#sweld
GA076,GA,076,#swoel
GA077,GA,077,*sweld
GA078,GA,078,!swel
GA078,GA,078,*sweld
GA078,GA,078,#swoelN=14
GA079,GA,079,!swel
GA079,GA,079,*sweld
GA079,GA,079,#swoelN=14
GA079,GA,079,#sweld
GA080,GA,080,-
GA081,GA,081,!swel
GA081,GA,081,*swoelN=14
GA081,GA,081,#swoelN=14
GA082,GA,082,-
GA083,GA,083,-
GA084,GA,084,!swel
GA084,GA,084,*sweld
GA084,GA,084,*swoel
GA084,GA,084,#swoelN=14
GA085,GA,085,!swel
GA085,GA,085,#swoelN=14
GA086,GA,086,!swel
GA086,GA,086,*swoel
GA086,GA,086,#swoelN=14
GA087,GA,087,!swel
GA087,GA,087,*sweld
GA087,GA,087,#swoelN=14
GA088,GA,088,*sweld
GA089,GA,089,-
GA090,GA,090,!swel
GA090,GA,090,*sweld
GA090,GA,090,#swel
GA091,GA,091,-
GA092,GA,092,-
GA093,GA,093,#swoelN=14
GA094,GA,094,*sweld
GA094,GA,094,#swoelN=14
GA095,GA,095,@sweling=13
GA095,GA,095,*swe[l]d
GA095,GA,095,#swoelN=14
GA096,GA,096,*sweld
GA096,GA,096,#sweld
GA097,GA,097,&swelz
GA097,GA,097,*sweld
GA097,GA,097,#swoelN=14
GA098,GA,098,*swoel
GA098,GA,098,*swoe[l]
GA098,GA,098,#swoelun=13
GA099,GA,099,!swel
GA099,GA,099,#swoelN=14
GA100,GA,100,!swel
GA100,GA,100,*swoel
GA100,GA,100,#swe[l]
GA101,GA,101,!swel
GA101,GA,101,*sweld
GA101,GA,101,#swoelN=14
GA102,GA,102,#swoelN=14
GA103,GA,103,!swel
GA103,GA,103,*swoel
GA103,GA,103,#swoelN=14
GA104,GA,104,!swel
GA104,GA,104,*sweld
GA104,GA,104,#swoelN=14
GA104,GA,104,#sweld
GA105,GA,105,#swoelN=14
GA106,GA,106,*sweld
GA106,GA,106,#swoelN=14
GA107,GA,107,!swel
GA107,GA,107,#swoelN=14
GA108,GA,108,!swel
GA108,GA,108,*sweld
GA108,GA,108,#swoelN=14
GA109,GA,109,-
GA110,GA,110,-
GA111,GA,111,*swoel
GA112,GA,112,*sweld
GA112,GA,112,#swoelN=14
GA113,GA,113,-
GA114,GA,114,-
GA115,GA,115,-
GA116,GA,116,!swel
GA116,GA,116,*sweld
GA116,GA,116,#sweld
GA117,GA,117,*sweld
GA117,GA,117,*swuld
GA118,GA,118,*sweld
GA118,GA,118,#swoelN=14
GA119,GA,119,!swel
GA119,GA,119,#swoelN=14
GA120,GA,120,*sweld
GA120,GA,120,#swoelN=14
GA121,GA,121,#swoelN=14
GA122,GA,122,!swel
GA122,GA,122,@swelN=14
GA122,GA,122,#swoelN=14
GA123,GA,123,*sweld
GA123,GA,123,#swoelN=14
GA124,GA,124,-
GA125,GA,125,*sweld
GA125,GA,125,#swoelN=14
GA126,GA,126,!swe[l]
GA126,GA,126,#swoe[l]
GA127,GA,127,-
GA128,GA,128,-
GA129,GA,129,-
GA130,GA,130,-
GA131,GA,131,!swel
GA131,GA,131,#swoelN=14
GA132,GA,132,-
GA133,GA,133,-
GA134,GA,134,*swel
GA135,GA,135,*sweld
GA135,GA,135,#swoelN=14
GA135,GA,135,#sweld
GA136,GA,136,#swoelN=14
GA137,GA,137,#swoelN=14
GA138,GA,138,@swelNG=14
GA138,GA,138,*sweld
GA139,GA,139,-
GA140,GA,140,-
GA141,GA,141,!swel
GA141,GA,141,*sweld
GA141,GA,141,#swoelN=14
GA142,GA,142,-
GA143,GA,143,*sweld
GA143,GA,143,#swoelN=14
GA144,GA,144,!swel
GA144,GA,144,*sweld
GA144,GA,144,#swoelN=14
GA145,GA,145,#swoelN=14
GA146,GA,146,!swel
GA147,GA,147,-
GA148,GA,148,!swel
GA148,GA,148,#swoelN=14
GA148,GA,148,#sweld
GA149,GA,149,*swoel
GA149,GA,149,#swoelN=14
GA150,GA,150,*sweld
GA150,GA,150,#swoel
GA151,GA,151,!swel
GA151,GA,151,*swoeld
GA152,GA,152,!swel
GA152,GA,152,#swoelN=14
GA153,GA,153,-
GA154,GA,154,*sweld
GA154,GA,154,#sweld
GA155,GA,155,*sweld
GA155,GA,155,#swoelN=14
GA156,GA,156,-
GA157,GA,157,#sweld
GA158,GA,158,-
GA159,GA,159,#swoelN=14
GA160,GA,160,-
GA161,GA,161,-
GA162,GA,162,*swel
GA163,GA,163,!swel
GA163,GA,163,*swoel
GA163,GA,163,#swoelN=14
GA164,GA,164,!swel
GA164,GA,164,*sweld
GA164,GA,164,*swoel
GA164,GA,164,#swoelN=14
GA165,GA,165,#sweld
GA166,GA,166,!swel
GA166,GA,166,#swoelN=14
GA166,GA,166,#sweld
GA167,GA,167,@swelN=14
GA167,GA,167,*sweld
GA167,GA,167,#swoelN=14
GA168,GA,168,-
GA169,GA,169,-
GA170,GA,170,!swel
GA170,GA,170,*sweld
GA170,GA,170,#swoelN=14
GA171,GA,171,-
GA172,GA,172,@swilN=14
GA172,GA,172,#swoelN=14
GA173,GA,173,-
GA174,GA,174,-
GA175,GA,175,!swel
GA176,GA,176,-
GA177,GA,177,!swel
GA177,GA,177,#swoelN=14
GA178,GA,178,-
GA179,GA,179,#swoelN=14
GA180,GA,180,*sweld
GA180,GA,180,#swoelN=14
GA181,GA,181,#swoelN=14
GA182,GA,182,-
GA183,GA,183,#swoelN=14
GA184,GA,184,!swel
GA184,GA,184,#swoelN=14
GA184,GA,184,#sweld
GA185,GA,185,!swel
GA185,GA,185,*sweld
GA185,GA,185,#swoelN=14
GA186,GA,186,!swel
GA186,GA,186,@swelN=14
GA186,GA,186,*sweld
GA186,GA,186,#swoelN=14
GA187,GA,187,-
GA188,GA,188,!swel
GA188,GA,188,*swoel
GA188,GA,188,*swoeld
GA188,GA,188,#swoeld
GA189,GA,189,!swel
GA189,GA,189,#swoelN=14
GA190,GA,190,-
GA191,GA,191,#swoe[l]N=14
GA192,GA,192,!swel
GA192,GA,192,#swoelN=14
GA192,GA,192,#sweld
GA193,GA,193,-
GA194,GA,194,!swel
GA195,GA,195,-
GA196,GA,196,-
GA197,GA,197,-
GA198,GA,198,-
GA199,GA,199,-
GA200,GA,200,*swe[l]
GA201,GA,201,-
GA202,GA,202,-
GA203,GA,203,-
GA204,GA,204,-
GA205,GA,205,-
GA206,GA,206,!swel
GA206,GA,206,*sweld
GA206,GA,206,#sweld
GA207,GA,207,#swoel
GA208,GA,208,!swel
GA208,GA,208,#swoelN=14
GA208,GA,208,#swoe[l]
GA209,GA,209,*sweld
GA210,GA,210,!swel
GA210,GA,210,*swoel
GA210,GA,210,#swoelN=14
GA211,GA,211,*sweld
GA211,GA,211,#swoelN=14
GA212,GA,212,-
GA213,GA,213,-
GA214,GA,214,-
GA215,GA,215,!swel
GA216,GA,216,!swel
GA216,GA,216,#swoelN=14
GA217,GA,217,!swel
GA217,GA,217,#swoelN=14
GA218,GA,218,!swel
GA219,GA,219,@swelN=14
GA219,GA,219,*sweld
GA220,GA,220,*swai[l]
GA220,GA,220,#swoe[l]N=14
GA221,GA,221,!swel
GA221,GA,221,*swoelN=14
GA221,GA,221,#swoelN=14
GA222,GA,222,!swel
GA222,GA,222,@swelN=14
GA222,GA,222,#sweld
GA223,GA,223,#swoelN=14
GA223,GA,223,#sweld
GA224,GA,224,!swil
GA224,GA,224,!shwil
GA224,GA,224,!shwail
GA224,GA,224,&swe[l]z
GA224,GA,224,*shwel
GA224,GA,224,*shwild
GA224,GA,224,#shwil
GA225,GA,225,-
FL226,FL,226,-
FL227,FL,227,-
FL228,FL,228,!swel
FL228,FL,228,#swoelN=14
FL229,FL,229,!swel
FL229,FL,229,#swoelN=14
FL230,FL,230,!swel
FL230,FL,230,#swawlN=14
FL231,FL,231,!swel
FL231,FL,231,#swoelN=14
FL232,FL,232,#swoelN=14
FL233,FL,233,!swel
FL233,FL,233,*swoel
FL233,FL,233,#swoelN=14
FL234,FL,234,*swoel
FL235,FL,235,*sweld
FL235,FL,235,#swoelN=14
FL236,FL,236,*sweld
FL236,FL,236,#swoelN=14
FL237,FL,237,*sweld
FL237,FL,237,#sweld
FL238,FL,238,!swel
FL238,FL,238,*sweld
FL238,FL,238,#swoelN=14
FL239,FL,239,!swel
FL239,FL,239,*sweld
FL239,FL,239,#swoelN=14
FL240,FL,240,*sweld
FL240,FL,240,#swoelN=14
FL241,FL,241,-
FL242,FL,242,!swel
FL242,FL,242,*sweld
FL242,FL,242,#swoelN=14
FL243,FL,243,!swel
FL243,FL,243,*sweld
FL243,FL,243,#swoelN=14
FL243,FL,243,#sweld
FL244,FL,244,-
FL245,FL,245,*sweld
FL245,FL,245,#swoelN=14
FL246,FL,246,!swel
FL246,FL,246,*sweld
FL246,FL,246,#swoelN=14
FL247,FL,247,!swel
FL247,FL,247,*sweld
FL247,FL,247,#swoelN=14
FL248,FL,248,!swel
FL248,FL,248,*sweld
FL248,FL,248,#swoelN=14
FL249,FL,249,#swoelN=14
FL250,FL,250,*sweld
FL251,FL,251,-
FL252,FL,252,-
FL253,FL,253,!swel
FL253,FL,253,*sweld
FL253,FL,253,#swoelN=14
FL254,FL,254,!swel
FL254,FL,254,&swelz
FL255,FL,255,#swoelN=14
FL256,FL,256,!swel
FL257,FL,257,&swelz
FL257,FL,257,*sweld
FL257,FL,257,#sweld
FL258,FL,258,#swoelN=14
FL259,FL,259,!swel
FL259,FL,259,*sweld
FL259,FL,259,#swoelN=14
FL260,FL,260,-
FL261,FL,261,!swe[l]
FL261,FL,261,*swoel
FL261,FL,261,#swoelN=14
FL262,FL,262,#swoelN=14
FL263,FL,263,!swel
FL264,FL,264,*sweld
FL265,FL,265,*sweld
FL266,FL,266,!swe[l]
FL267,FL,267,#swoelN=14
FL268,FL,268,-
FL269,FL,269,-
FL270,FL,270,!swe[l]
FL270,FL,270,*swoe[l]
FL270,FL,270,#swoelN=14
FL271,FL,271,-
FL272,FL,272,!swel
FL272,FL,272,*sweld
FL272,FL,272,#swoelN=14
FL273,FL,273,!swel
FL273,FL,273,*sweld
FL273,FL,273,#swoe[l]N=14
FL274,FL,274,*sweld
FL274,FL,274,#swoelN=14
FL275,FL,275,@swelN=14
FL276,FL,276,!swe{?}
FL276,FL,276,*sweld
FL276,FL,276,#swoelN=14
FL277,FL,277,-
FL278,FL,278,!swel
FL278,FL,278,*sweld
FL278,FL,278,#swoelN=14
FL279,FL,279,#swoelN=14
FL280,FL,280,!svel
FL280,FL,280,*swoel
FL280,FL,280,#swoelN=14
FL281,FL,281,!swe[l]
FL281,FL,281,*sweld
FL281,FL,281,#swoelN=14
FL282,FL,282,-
FL283,FL,283,!swi[l]
FL283,FL,283,@swelN=14
FL283,FL,283,#swoelN=14
FL284,FL,284,!swel
FL284,FL,284,@swelNG=14
FL284,FL,284,#swoelN=14
FL285,FL,285,-
FL286,FL,286,!swel
FL286,FL,286,*sweld
FL286,FL,286,#swoelN=14
FL287,FL,287,-
FL288,FL,288,*sweld
FL288,FL,288,#swoelN=14
FL289,FL,289,!swel
FL289,FL,289,*sweld
FL289,FL,289,#swoelN=14
TN290,TN,290,!swoel
TN290,TN,290,&swoelz
TN290,TN,290,*swoeld
TN290,TN,290,#swoelN=14
TN291,TN,291,!swel
TN291,TN,291,*sweld
TN291,TN,291,#swoelN=14
TN292,TN,292,!swel
TN292,TN,292,*swel
TN292,TN,292,#swoelN=14
TN293,TN,293,!swel
TN293,TN,293,*sweld
TN293,TN,293,#swoelN=14
TN294,TN,294,!swel
TN294,TN,294,*sweld
TN294,TN,294,#swoelN=14
TN295,TN,295,!swel
TN295,TN,295,*swoelN=14
TN296,TN,296,!swel
TN296,TN,296,#swoelN=14
TN297,TN,297,*swe[l]d
TN297,TN,297,#swoelN=14
TN298,TN,298,-
TN299,TN,299,!swel
TN299,TN,299,*swaild
TN299,TN,299,#sweld
TN300,TN,300,!swel
TN300,TN,300,*sweld
TN300,TN,300,#swoelN=14
TN301,TN,301,!swel
TN301,TN,301,@swelN=14
TN301,TN,301,*sweld
TN301,TN,301,#swel
TN302,TN,302,!swel
TN302,TN,302,*sweld
TN302,TN,302,#swoelN=14
TN303,TN,303,!swel
TN303,TN,303,!swail
TN303,TN,303,@swelN=14
TN303,TN,303,*sweld
TN303,TN,303,#swoel
TN304,TN,304,&swelz
TN304,TN,304,*swoelN=14
TN304,TN,304,#swoelN=14
TN305,TN,305,!swel
TN305,TN,305,*sweld
TN305,TN,305,#swoelN=14
TN306,TN,306,!swel
TN307,TN,307,!swel
TN307,TN,307,*swoel
TN307,TN,307,#swoelN=14
TN308,TN,308,-
TN309,TN,309,-
TN310,TN,310,-
TN311,TN,311,-
TN312,TN,312,#swoelN=14
TN313,TN,313,-
TN314,TN,314,!swel
TN314,TN,314,*sweld
TN314,TN,314,*swoel
TN314,TN,314,#swoelN=14
TN315,TN,315,-
TN316,TN,316,-
TN317,TN,317,!swel
TN317,TN,317,*swoelN=14
TN317,TN,317,#swoelN=14
TN318,TN,318,-
TN319,TN,319,-
TN320,TN,320,!swel
TN320,TN,320,*sweld
TN320,TN,320,#swoelN=14
TN321,TN,321,!swel
TN321,TN,321,*sweld
TN321,TN,321,#swoelN=14
TN322,TN,322,&swelz
TN322,TN,322,*sweld
TN322,TN,322,#swoelN=14
TN323,TN,323,!swel
TN323,TN,323,#swoelN=14
TN324,TN,324,!swel
TN324,TN,324,*sweld
TN324,TN,324,#swoelN=14
TN325,TN,325,!swel
TN325,TN,325,*swoel
TN325,TN,325,#swoelN=14
TN326,TN,326,!swel
TN326,TN,326,*sweld
TN326,TN,326,#swoelN=14
TN327,TN,327,!swel
TN327,TN,327,*sweld
TN327,TN,327,#swoelN=14
TN328,TN,328,!swel
TN328,TN,328,*sweld
TN328,TN,328,#swoelN=14
TN329,TN,329,*sweld
TN329,TN,329,*swe[l]
TN329,TN,329,#swoelN=14
TN330,TN,330,!swel
TN330,TN,330,*sweld
TN330,TN,330,#swoel
TN331,TN,331,-
TN332,TN,332,!swel
TN332,TN,332,*swil
TN332,TN,332,#swoelN=14
TN333,TN,333,!swel
TN333,TN,333,*sweld
TN333,TN,333,#sweld
TN334,TN,334,!swel
TN334,TN,334,*sweld
TN334,TN,334,#swoelN=14
TN335,TN,335,-
TN336,TN,336,!swel
TN336,TN,336,*sweld
TN336,TN,336,#swoelN=14
TN336,TN,336,#sweld
AL337,AL,337,-
AL338,AL,338,!swel
AL338,AL,338,@swelN=14
AL338,AL,338,*sweld
AL338,AL,338,#swoelN=14
AL339,AL,339,-
AL340,AL,340,&swelz
AL341,AL,341,-
AL342,AL,342,#swoelN=14
AL343,AL,343,!swe[l]
AL343,AL,343,*swoe[l]
AL343,AL,343,#swoelN=14
AL344,AL,344,#sweld
AL345,AL,345,!swel
AL345,AL,345,*sweld
AL345,AL,345,#swoelN=14
AL346,AL,346,-
AL347,AL,347,!swel
AL348,AL,348,!swel
AL348,AL,348,*sweld
AL348,AL,348,*swool
AL348,AL,348,#swoelN=14
AL349,AL,349,#swoelN=14
AL349,AL,349,#sweld
AL350,AL,350,!swel
AL350,AL,350,*swoelN=14
AL350,AL,350,#swoelN=14
AL351,AL,351,*sweld
AL352,AL,352,!swel
AL352,AL,352,&swelz
AL352,AL,352,@swelNG=14
AL352,AL,352,#swoelN=14
AL353,AL,353,#swoelN=14
AL354,AL,354,!swel
AL354,AL,354,*swoeld
AL354,AL,354,#swoelN=14
AL355,AL,355,-
AL356,AL,356,*sweld
AL356,AL,356,#swoelN=14
AL357,AL,357,!swel
AL357,AL,357,*sweld
AL357,AL,357,#swoelN=14
AL358,AL,358,!swel
AL358,AL,358,@swelN=14
AL358,AL,358,#swoelN=14
AL359,AL,359,!swel
AL360,AL,360,!swel
AL360,AL,360,*sweld
AL360,AL,360,#swawlN=14
AL361,AL,361,!swel
AL362,AL,362,#swoelN=14
AL363,AL,363,*swoel
AL363,AL,363,#swoelN=14
AL364,AL,364,*swoel
AL364,AL,364,#swoelN=14
AL365,AL,365,-
AL366,AL,366,&swe[l]z
AL367,AL,367,!swel
AL367,AL,367,#swoelN=14
AL368,AL,368,#swoelN=14
AL369,AL,369,*sweld
AL370,AL,370,*swoel
AL370,AL,370,#swoelN=14
AL371,AL,371,-
AL372,AL,372,!swel
AL372,AL,372,*sweld
AL372,AL,372,#swoelN=14
AL373,AL,373,-
AL374,AL,374,!swel
AL374,AL,374,*sweld
AL374,AL,374,#swoelN=14
AL375,AL,375,-
AL376,AL,376,-
AL377,AL,377,!swel
AL377,AL,377,*sweld
AL377,AL,377,#sweld
AL378,AL,378,-
AL379,AL,379,-
AL380,AL,380,-
AL381,AL,381,-
AL382,AL,382,@swelN=14
AL382,AL,382,#swoelN=14
AL383,AL,383,!swel
AL383,AL,383,*sweld
AL383,AL,383,#swoelN=14
AL384,AL,384,!swel
AL384,AL,384,@swelNG=14
AL384,AL,384,*swoel
AL384,AL,384,#swoelN=14
AL385,AL,385,!swel
AL385,AL,385,*swoel
AL385,AL,385,#swoelN=14
AL386,AL,386,!swel
AL386,AL,386,@swelNG=14
AL386,AL,386,*sweld
AL386,AL,386,#swoelN=14
AL387,AL,387,!swel
AL387,AL,387,*sweld
AL387,AL,387,#swoelN=14
AL388,AL,388,*swoelN=14
AL389,AL,389,!swel
AL389,AL,389,*swelt
AL389,AL,389,#swoelN=14
AL390,AL,390,!swel
AL390,AL,390,@swelN=14
AL390,AL,390,#swoelN=14
AL391,AL,391,!swel
AL391,AL,391,*sweld
AL391,AL,391,*swoel
AL391,AL,391,#swoelN=14
AL392,AL,392,!swel
AL393,AL,393,#swoelN=14
AL394,AL,394,!swel
AL394,AL,394,@swelNG=14
AL394,AL,394,#swoelN=14
AL395,AL,395,!swel
AL395,AL,395,#swoelN=14
AL396,AL,396,!swel
AL396,AL,396,#swoelN=14
AL397,AL,397,!swel
AL397,AL,397,@swelN=14
AL397,AL,397,*swild
AL397,AL,397,#sweld
AL398,AL,398,!swel
AL398,AL,398,*shwoel
AL398,AL,398,#swoelN=14
AL399,AL,399,!swel
AL399,AL,399,#swel
AL400,AL,400,!swel
AL400,AL,400,*swoel
AL400,AL,400,*swoelN=14
AL400,AL,400,#swoelN=14
AL401,AL,401,-
AL402,AL,402,*sweld
AL402,AL,402,#sweld
AL403,AL,403,#swoelN=14
AL404,AL,404,#swoelN=14
AL405,AL,405,!swel
AL405,AL,405,*swoel
AL405,AL,405,#swoelN=14
AL406,AL,406,-
AL407,AL,407,!swel
AL407,AL,407,#swoelN=14
AL408,AL,408,!swel
AL408,AL,408,*swoel
AL408,AL,408,*swoe[l]
AL408,AL,408,#swoelN=14
AL409,AL,409,!swel
AL409,AL,409,*sweld
AL409,AL,409,#swoelN=14
AL410,AL,410,!swe[l]
AL410,AL,410,#swoelN=14
AL411,AL,411,!swel
AL411,AL,411,*sweld
AL411,AL,411,#swoelN=14
AL412,AL,412,-
AL413,AL,413,!swel
AL413,AL,413,#swoelN=14
AL414,AL,414,!swe[l]
AL414,AL,414,*swe[l]d
AL414,AL,414,#swoelN=14
AL415,AL,415,*sweld
AL415,AL,415,*swoelN=14
AL416,AL,416,!swel
AL416,AL,416,#swoelN=14
AL416,AL,416,#swoel
AL417,AL,417,*sweld
AL417,AL,417,#swoelN=14
AL418,AL,418,!swel
AL418,AL,418,*swoel
AL418,AL,418,#swoelN=14
AL419,AL,419,!swel
AL419,AL,419,*swoel
AL419,AL,419,#swoelN=14
AL420,AL,420,*swoelN=14
AL420,AL,420,#sweld
AL421,AL,421,!swel
AL421,AL,421,#swoelN=14
AL422,AL,422,-
AL423,AL,423,*sweld
AL423,AL,423,#swoelN=14
AL424,AL,424,!swel
AL424,AL,424,#swoelN=14
AL425,AL,425,-
AL426,AL,426,!swel
AL426,AL,426,*sweld
AL426,AL,426,#swoelN=14
AL427,AL,427,!swel
AL427,AL,427,*sweld
AL427,AL,427,#swoelN=14
AL428,AL,428,!swel
AL428,AL,428,#swoelN=14
AL429,AL,429,-
AL430,AL,430,-
AL431,AL,431,*sweld
AL431,AL,431,#swoelN=14
AL432,AL,432,-
AL433,AL,433,-
AL434,AL,434,!swoel
AL434,AL,434,*swoeld
AL435,AL,435,#swoelN=14
AL436,AL,436,!swel
AL436,AL,436,#swoelN=14
AL437,AL,437,!swel
AL437,AL,437,*sweld
AL437,AL,437,#swoelN=14
AL438,AL,438,*swel
AL439,AL,439,#swulN=14
AL440,AL,440,*sweld
AL440,AL,440,#swoelN=14
AL441,AL,441,*swoel
AL442,AL,442,*swoelN=14
AL443,AL,443,!swel
AL443,AL,443,*sweld
AL443,AL,443,#swoelN=14
AL444,AL,444,*sweld
AL444,AL,444,#swoelN=14
AL445,AL,445,!swel
AL445,AL,445,*sweld
AL445,AL,445,#swoelN=14
AL446,AL,446,-
AL447,AL,447,!swel
AL447,AL,447,*swoel
AL447,AL,447,*swel
AL447,AL,447,#swel
AL448,AL,448,!swel
AL448,AL,448,*sweld
AL448,AL,448,#swoelN=14
AL449,AL,449,*swoel
AL450,AL,450,#swoelN=14
AL451,AL,451,!swel
AL451,AL,451,#swoelN=14
FL452,FL,452,*sweld
FL452,FL,452,#swoelN=14
FL453,FL,453,-
FL454,FL,454,-
FL455,FL,455,!swel
FL455,FL,455,*sweld
FL455,FL,455,#swoelN=14
FL456,FL,456,!swel
FL456,FL,456,*sweld
FL456,FL,456,#swoelN=14
FL457,FL,457,!swel
FL457,FL,457,*sweld
FL457,FL,457,#swoelN=14
FL458,FL,458,*sweld
FL458,FL,458,#swoelN=14
FL459,FL,459,-
FL460,FL,460,!swel
FL460,FL,460,#swoelN=14
FL461,FL,461,!swel
FL461,FL,461,*sweld
FL461,FL,461,#swoelN=14
FL462,FL,462,!swe[l]
FL462,FL,462,*swaild
FL463,FL,463,!swel
FL463,FL,463,*swoel
FL463,FL,463,#sweld
FL464,FL,464,!swel
FL464,FL,464,*swoeld
FL464,FL,464,#swoel
FL464,FL,464,#swoeld
FL465,FL,465,!swel
FL465,FL,465,#sweld
FL466,FL,466,!swel
FL466,FL,466,*swoel
FL466,FL,466,#swoelN=14
FL467,FL,467,!swel
FL468,FL,468,!swel
FL468,FL,468,*swoelN=14
FL468,FL,468,#swoel
FL469,FL,469,!swel
FL469,FL,469,#swoelN=14
FL470,FL,470,!swel
FL470,FL,470,*sweld
FL470,FL,470,#sweld
FL471,FL,471,!swel
FL471,FL,471,*sweld
FL471,FL,471,#swoelN=14
FL471,FL,471,#sweld
AL472,AL,472,!swel
AL473,AL,473,!swel
AL474,AL,474,!swel
AL474,AL,474,*swoel
AL474,AL,474,#swoelN=14
AL475,AL,475,!swel
AL475,AL,475,*sweld
AL475,AL,475,#swoelN=14
AL476,AL,476,!swel
AL476,AL,476,*sweld
AL476,AL,476,#swoelN=14
AL477,AL,477,-
AL478,AL,478,&swe[l]z
AL479,AL,479,-
AL480,AL,480,!swel
AL481,AL,481,-
AL482,AL,482,-
AL483,AL,483,-
AL484,AL,484,-
AL485,AL,485,-
TN486,TN,486,-
TN487,TN,487,-
TN488,TN,488,#swoelN=14
TN489,TN,489,!swel
TN489,TN,489,#sweld
TN490,TN,490,!swel
TN490,TN,490,*sweld
TN490,TN,490,#swoelN=14
TN491,TN,491,-
TN492,TN,492,!swel
TN492,TN,492,#sweld
TN493,TN,493,!swel
TN494,TN,494,-
TN495,TN,495,!swel
TN495,TN,495,#swoelN=14
TN496,TN,496,-
TN497,TN,497,-
TN498,TN,498,!swel
TN498,TN,498,#swoelN=14
TN499,TN,499,*swaild
TN499,TN,499,#swoelN=14
TN500,TN,500,!swel
TN501,TN,501,*sweld
TN501,TN,501,#swoelN=14
TN502,TN,502,*sweld
TN502,TN,502,#swoelN=14
TN503,TN,503,-
TN504,TN,504,*swel
TN504,TN,504,#swoelN=14
TN505,TN,505,-
TN506,TN,506,#sweld
TN507,TN,507,!swel
TN507,TN,507,*swoel
TN507,TN,507,#swoeld
TN508,TN,508,-
TN509,TN,509,!swel
TN510,TN,510,-
TN511,TN,511,-
TN512,TN,512,-
TN513,TN,513,*sweld
TN513,TN,513,#swoelN=14
TN514,TN,514,*swoel
TN515,TN,515,-
TN516,TN,516,!swel
TN516,TN,516,#swoelN=14
TN517,TN,517,!swel
TN517,TN,517,*swoel
TN517,TN,517,#swoelN=14
TN518,TN,518,!swel
TN518,TN,518,#swoelN=14
TN519,TN,519,!swel
TN519,TN,519,#swoelN=14
MS520,MS,520,-
MS521,MS,521,&swelz
MS521,MS,521,#swoelN=14
MS522,MS,522,!swel
MS522,MS,522,*sweld
MS522,MS,522,#swoelN=14
MS523,MS,523,-
MS524,MS,524,!swel
MS524,MS,524,*swoel
MS524,MS,524,#swoelN=14
MS525,MS,525,-
MS526,MS,526,-
MS527,MS,527,!swel
MS527,MS,527,*sweld
MS527,MS,527,#swoelN=14
MS528,MS,528,-
MS529,MS,529,-
MS530,MS,530,!swel
MS530,MS,530,#swoel
MS531,MS,531,-
MS532,MS,532,!swel
MS533,MS,533,!swel
MS533,MS,533,*sweld
MS533,MS,533,#sweld
MS534,MS,534,&swelz
MS535,MS,535,#sweld
MS536,MS,536,-
MS537,MS,537,!swel
MS537,MS,537,#sweld
MS538,MS,538,-
MS539,MS,539,!swel
MS539,MS,539,*sweld
MS539,MS,539,#swoelN=14
MS540,MS,540,-
MS541,MS,541,&swelz
MS541,MS,541,@swelNG=14
MS541,MS,541,#swoelN=14
MS542,MS,542,!swel
MS543,MS,543,!swel
MS543,MS,543,*sweld
MS544,MS,544,-
MS545,MS,545,-
MS546,MS,546,-
MS547,MS,547,!swel
MS547,MS,547,*sweld
MS547,MS,547,#swoelN=14
MS548,MS,548,!swel
MS548,MS,548,*sweld
MS549,MS,549,-
MS550,MS,550,-
MS551,MS,551,-
MS552,MS,552,-
MS553,MS,553,-
MS554,MS,554,&swel
MS555,MS,555,-
MS556,MS,556,-
MS557,MS,557,*sweld
MS557,MS,557,#swoelN=14
MS558,MS,558,!swel
MS558,MS,558,*swoel
MS558,MS,558,#swoelN=14
MS559,MS,559,!swel
MS560,MS,560,-
MS561,MS,561,&swelz
MS562,MS,562,!swel
MS562,MS,562,*sweld
MS562,MS,562,#swoelN=14
MS563,MS,563,!swel
MS563,MS,563,*sweld
MS563,MS,563,#swoelN=14
MS564,MS,564,!swel
MS564,MS,564,@swelN=14
MS564,MS,564,*sweld
MS564,MS,564,#swoelN=14
MS565,MS,565,#swoelN=14
MS566,MS,566,!swel
MS567,MS,567,-
MS568,MS,568,&swelz
MS569,MS,569,*sweld
MS570,MS,570,-
MS571,MS,571,!swoel
MS571,MS,571,*swoel
MS571,MS,571,#swoelNG=14
MS572,MS,572,*sweld
MS572,MS,572,#sweld
MS573,MS,573,-
MS574,MS,574,!swel
MS574,MS,574,*sweld
MS574,MS,574,#swoelN=14
MS575,MS,575,-
MS576,MS,576,!swel
MS576,MS,576,*sweld
MS576,MS,576,#swoelN=14
MS577,MS,577,!swel
MS577,MS,577,*swoeld
MS577,MS,577,#swoeldN=14
MS578,MS,578,!swel
MS579,MS,579,!swel
MS579,MS,579,*sweld
MS579,MS,579,#swoelN=14
MS580,MS,580,*swoelN=14
MS580,MS,580,#swoel
MS581,MS,581,-
MS582,MS,582,!swel
MS582,MS,582,@swelN=14
MS582,MS,582,#swoelN=14
MS583,MS,583,!swel
MS584,MS,584,!swel
MS584,MS,584,*sweld
MS585,MS,585,!swel
MS585,MS,585,*swoe[l]
MS585,MS,585,#swoe[l]
MS586,MS,586,!swel
MS587,MS,587,*sweld
MS587,MS,587,*swoeld
MS587,MS,587,#sweld
MS588,MS,588,*swoel
MS588,MS,588,#swoelN=14
MS589,MS,589,!swel
MS589,MS,589,*sweld
MS589,MS,589,#sweld
MS589,MS,589,#swoel
MS590,MS,590,-
MS591,MS,591,!swel
MS591,MS,591,*sweld
MS591,MS,591,#swoelN=14
MS592,MS,592,-
MS593,MS,593,!swel
MS593,MS,593,*swel
MS593,MS,593,#swoelN=14
MS593,MS,593,#swel
MS594,MS,594,!swel
MS594,MS,594,*swoel
MS594,MS,594,#swoelN=14
MS595,MS,595,!swel
MS595,MS,595,*sweld
MS595,MS,595,#swawlN=14
MS596,MS,596,*swoeld
MS596,MS,596,#swoel
MS597,MS,597,*sweld
MS598,MS,598,!swel
MS598,MS,598,*sweld
MS598,MS,598,#swoelN=14
MS599,MS,599,!swel
MS599,MS,599,*sweld
MS599,MS,599,#swoelN=14
MS600,MS,600,!swil
MS600,MS,600,*swoe[l]
MS600,MS,600,#swoelN=14
MS601,MS,601,*sweld
MS601,MS,601,#swoelN=14
MS602,MS,602,!swel
MS602,MS,602,*swoel
MS602,MS,602,#swoelN=14
MS603,MS,603,-
MS604,MS,604,-
MS605,MS,605,*swel
MS605,MS,605,#sweld
MS606,MS,606,*sweld
MS606,MS,606,#sweld
MS607,MS,607,*sweld
MS607,MS,607,#swoelN=14
MS608,MS,608,*swoel
MS608,MS,608,#swoelN=14
MS609,MS,609,*swoel
MS609,MS,609,#swoel
MS610,MS,610,!swel
MS610,MS,610,#swoelN=14
MS611,MS,611,-
MS612,MS,612,!sweld
MS612,MS,612,@swelN=14
MS612,MS,612,#swoel
MS613,MS,613,!swel
MS613,MS,613,*swoel
MS613,MS,613,#swoelN=14
MS614,MS,614,-
MS615,MS,615,!swel
MS615,MS,615,*sweld
MS615,MS,615,#swoelN=14
MS616,MS,616,#swoelN=14
MS616,MS,616,#sweld
MS617,MS,617,*swoel
MS618,MS,618,-
MS619,MS,619,-
MS620,MS,620,!swel
MS620,MS,620,*swoel
MS621,MS,621,*swoel
MS622,MS,622,!swel
MS622,MS,622,*sweld
MS622,MS,622,*swoel
MS622,MS,622,#swoelN=14
MS623,MS,623,&swelz
MS624,MS,624,!swel
MS624,MS,624,*sweld
MS624,MS,624,*swoel
MS624,MS,624,#swoelN=14
MS625,MS,625,!swel
MS625,MS,625,*swoel
MS625,MS,625,#swoelN=14
MS626,MS,626,-
MS627,MS,627,!swel
MS627,MS,627,*sweld
MS628,MS,628,#swoelN=14
MS629,MS,629,!swel
MS629,MS,629,*sweld
MS629,MS,629,#sweld
LA630,LA,630,*swoel
LA631,LA,631,!swel
LA632,LA,632,*swel
LA632,LA,632,#swoelN=14
LA633,LA,633,#sweld
LA634,LA,634,@swelN=14
LA634,LA,634,#swoelN=14
LA635,LA,635,!swel
LA635,LA,635,*sweld
LA635,LA,635,#swoelN=14
LA635,LA,635,#sweld
LA636,LA,636,!swel
LA636,LA,636,*swoelN=14
LA636,LA,636,#swoelN=14
LA637,LA,637,!swel
LA637,LA,637,*swoel
LA637,LA,637,#swoel
LA638,LA,638,!swel
LA638,LA,638,#swoelN=14
LA639,LA,639,*sweld
LA639,LA,639,#swoelN=14
LA640,LA,640,!swel
LA640,LA,640,*swoelN=14
LA640,LA,640,#swoel
LA641,LA,641,!swel
LA641,LA,641,*swoe[l]
LA641,LA,641,#swoelN=14
LA642,LA,642,-
LA643,LA,643,!swel
LA643,LA,643,*sweld
LA643,LA,643,#swoelN=14
LA644,LA,644,-
LA645,LA,645,-
LA646,LA,646,!swel
LA646,LA,646,*sweld
LA646,LA,646,#swoelN=14
LA647,LA,647,-
LA648,LA,648,!swel
LA648,LA,648,*sweld
LA648,LA,648,#swoelN=14
LA649,LA,649,!swel
LA649,LA,649,*sweld
LA649,LA,649,*swoel
LA649,LA,649,#swoelN=14
LA650,LA,650,!swel
LA650,LA,650,*swelt
LA650,LA,650,#swoelN=14
LA651,LA,651,-
LA652,LA,652,!swel
LA652,LA,652,*sweld
LA652,LA,652,#swoelN=14
LA653,LA,653,!swel
LA653,LA,653,*sweld
LA653,LA,653,#sweld
LA654,LA,654,!swel
LA654,LA,654,*swoel
LA654,LA,654,#swoelN=14
LA655,LA,655,*swoel
LA655,LA,655,#swoelN=14
LA656,LA,656,!swel
LA656,LA,656,*swoel
LA656,LA,656,#swoelN=14
LA657,LA,657,!swel
LA657,LA,657,*swoel
LA657,LA,657,#swoelN=14
LA657X,LA,657X,-
LA657Y,LA,657Y,!swel
LA657Y,LA,657Y,*sweld
LA657Y,LA,657Y,#sweld
LA657Z,LA,657Z,!swel
LA657Z,LA,657Z,*swoel
LA657Z,LA,657Z,#swoelN=14
LA658,LA,658,*sweld
LA658,LA,658,*swoel
LA658,LA,658,#swoelN=14
LA659,LA,659,!swel
LA659,LA,659,*swoel
LA659,LA,659,#swoelN=14
LA660,LA,660,!swel
LA660,LA,660,*swoel
LA660,LA,660,#swoel
LA661,LA,661,!swel
LA661,LA,661,*swe[l]d
LA661,LA,661,#swoelN=14
LA662,LA,662,!swel
LA662,LA,662,*swelt
LA662,LA,662,#swoelN=14
LA663,LA,663,-
LA664,LA,664,-
LA665,LA,665,*swel
LA666,LA,666,!swel
LA666,LA,666,*swoel
LA666,LA,666,#swoelN=14
LA667,LA,667,!swel
LA667,LA,667,#swoelN=14
LA668,LA,668,*sweld
LA668,LA,668,#swoelN=14
LA669,LA,669,*sweld
LA669,LA,669,#swoel
LA670,LA,670,&swelz
LA670,LA,670,*swoel
LA671,LA,671,!swel
LA671,LA,671,*swoel
LA671,LA,671,#swoelN=14
LA672,LA,672,!swel
LA672,LA,672,*swoel
LA672,LA,672,*swoeld
LA672,LA,672,#swoel
LA673,LA,673,*swoel
LA673,LA,673,#swoelN=14
AR674,AR,674,!swel
AR674,AR,674,#swoelN=14
AR675,AR,675,*sweld
AR675,AR,675,#swoelN=14
AR676,AR,676,-
AR677,AR,677,*swail
AR678,AR,678,*sweld
AR679,AR,679,*sweld
AR679,AR,679,#swoelN=14
AR679,AR,679,#sweld
AR680,AR,680,-
AR681,AR,681,!swel
AR681,AR,681,#sweld
AR682,AR,682,!swel
AR682,AR,682,#swoelN=14
AR682,AR,682,#sweld
AR683,AR,683,!swel
AR683,AR,683,#sweld
AR684,AR,684,-
AR685,AR,685,*swoel
AR685,AR,685,#swoelN=14
AR686,AR,686,*sweld
AR686,AR,686,#sweld
AR687,AR,687,*sweld
AR687,AR,687,#swoelN=14
AR688,AR,688,!swel
AR688,AR,688,*swoeld
AR688,AR,688,#swoelN=14
AR689,AR,689,*sweld
AR689,AR,689,#swoelN=14
AR690,AR,690,*swoel
AR691,AR,691,#swawlN=14
AR692,AR,692,@swelN=14
AR693,AR,693,#swoelN=14
AR694,AR,694,*sweld
AR694,AR,694,#swoelN=14
AR695,AR,695,#sweld
AR696,AR,696,!swel
AR696,AR,696,&swelz
AR696,AR,696,*sweld
AR696,AR,696,#swoel
AR697,AR,697,#swoelN=14
AR698,AR,698,-
AR699,AR,699,-
AR700,AR,700,!swel
AR701,AR,701,!swel
AR701,AR,701,#swoelN=14
AR702,AR,702,-
AR703,AR,703,#swoelN=14
AR704,AR,704,*swoe[l]
AR704,AR,704,#swoelN=14
AR705,AR,705,!swel
AR705,AR,705,#swoelN=14
AR706,AR,706,-
AR707,AR,707,*swoel
AR707,AR,707,#swoelN=14
AR707,AR,707,#swoel
AR708,AR,708,*swel
AR708,AR,708,#swoelN=14
AR709,AR,709,!swel
AR709,AR,709,*sweld
AR709,AR,709,#swoelN=14
AR710,AR,710,!swel
AR710,AR,710,*sweld
AR710,AR,710,#swoelN=14
AR711,AR,711,!swel
AR711,AR,711,*sweld
AR712,AR,712,*sweld
AR712,AR,712,#swoelN=14
AR713,AR,713,#swoelN=14
AR713,AR,713,#swel
AR714,AR,714,#swoelN=14
AR714,AR,714,#sweld
AR715,AR,715,#swoelN=14
AR716,AR,716,!swel
AR716,AR,716,*swoeld
AR716,AR,716,*swoelN=14
AR717,AR,717,#swoelN=14
AR718,AR,718,@swelNG=14
AR718,AR,718,*sweld
AR719,AR,719,-
AR720,AR,720,!swel
AR720,AR,720,#swoelN=14
AR721,AR,721,#swoelN=14
AR722,AR,722,!swel
AR722,AR,722,*swel
AR723,AR,723,-
AR724,AR,724,-
AR725,AR,725,&swelz
AR725,AR,725,#swoelN=14
AR726,AR,726,@swelN=14
AR727,AR,727,*sweld
AR728,AR,728,*swoelN=14
AR729,AR,729,@swelNG=14
AR730,AR,730,#swoelN=14
AR731,AR,731,!swul
AR731,AR,731,#swoelN=14
AR732,AR,732,#swoelN=14
AR733,AR,733,-
AR734,AR,734,-
AR735,AR,735,-
AR736,AR,736,-
AR737,AR,737,!swel
AR737,AR,737,*sweld
AR738,AR,738,*sweld
AR738,AR,738,#swoelN=14
AR739,AR,739,-
AR740,AR,740,*sweld
AR740,AR,740,#swoelN=14
AR741,AR,741,!swel
AR741,AR,741,*sweld
AR742,AR,742,!swel
AR743,AR,743,-
AR744,AR,744,-
AR745,AR,745,-
AR746,AR,746,-
AR747,AR,747,#swoelN=14
AR748,AR,748,!swel
AR748,AR,748,*swoel
AR748,AR,748,#swoel
AR749,AR,749,#swoelN=14
AR750,AR,750,-
AR751,AR,751,!swel
AR751,AR,751,*sweld
AR751,AR,751,#swoelN=14
AR752,AR,752,!swel
AR752,AR,752,*swoel
AR752,AR,752,#swoelN=14
AR753,AR,753,!swel
AR753,AR,753,*sweld
AR753,AR,753,#swoelN=14
AR754,AR,754,*swoel
AR754,AR,754,#swoelN=14
AR755,AR,755,-
LA756,LA,756,!swel
LA756,LA,756,*swoel
LA757,LA,757,!swel
LA757,LA,757,*sweld
LA757,LA,757,#swoelN=14
LA758,LA,758,#swoelN=14
LA758,LA,758,#sweld
LA759,LA,759,-
LA760,LA,760,-
LA761,LA,761,-
LA762,LA,762,*sweld
LA762,LA,762,#swoelN=14
LA763,LA,763,-
LA764,LA,764,!swel
LA764,LA,764,@swelN=14
LA764,LA,764,*sweld
LA764,LA,764,#sweld
LA765,LA,765,!swel
LA765,LA,765,*sweld
LA765,LA,765,#swoelN=14
LA766,LA,766,!swel
LA766,LA,766,*swoel
LA766,LA,766,#swoelN=14
LA767,LA,767,!swel
LA767,LA,767,*swel
LA767,LA,767,#swoelN=14
LA768,LA,768,!swel
LA768,LA,768,*swoel
LA768,LA,768,#swoelN=14
LA769,LA,769,!swel
LA769,LA,769,*swoel
LA769,LA,769,#swoelN=14
LA770,LA,770,!swel
LA770,LA,770,*swoel
LA770,LA,770,#sweld
LA771,LA,771,!swel
LA771,LA,771,*swoel
LA771,LA,771,#sweld
LA772,LA,772,!swel
LA772,LA,772,#swoelN=14
LA773,LA,773,!swel
LA773,LA,773,*sweld
LA773,LA,773,#swoelN=14
LA774,LA,774,-
LA775,LA,775,!swel
LA775,LA,775,*sweld
LA775,LA,775,#sweld
LA776,LA,776,!swal
LA776,LA,776,*sweld
LA776,LA,776,#swoelN=14
LA777,LA,777,-
LA778,LA,778,!swel
LA778,LA,778,*sweld
LA778,LA,778,#swoelN=14
LA779,LA,779,-
LA780,LA,780,!swe[l]
LA780,LA,780,*sweld
LA780,LA,780,#swoelN=14
LA781,LA,781,!swel
LA781,LA,781,*sweld
LA781,LA,781,#swoelN=14
LA782,LA,782,*sweld
LA783,LA,783,!swel
LA783,LA,783,*swuld
LA784,LA,784,!swel
LA784,LA,784,*swoel
LA785,LA,785,!swel
LA785,LA,785,*swoelN=14
LA785,LA,785,#swoelN=14
LA786,LA,786,!swel
LA786,LA,786,*sweld
LA786,LA,786,*swoel
LA786,LA,786,#sweld
LA787,LA,787,!swel
LA787,LA,787,*swoel
LA787,LA,787,#swoelN=14
LA788,LA,788,-
LA789,LA,789,*sweld
LA789,LA,789,*sweldId=14
LA789,LA,789,#sweld
LA790,LA,790,!swel
LA790,LA,790,*sweld
LA790,LA,790,*swoeld
LA790,LA,790,#sweld
LA791,LA,791,&swelz
LA791,LA,791,#swoelN=14
LA792,LA,792,*sweld
LA792,LA,792,#swoelN=14
LA792,LA,792,#sweld
LA793,LA,793,*sweld
LA793,LA,793,#swoelN=14
LA794,LA,794,!swel
LA794,LA,794,*swoelN=14
LA794,LA,794,#swoelN=14
LA795,LA,795,-
LA796,LA,796,!swel
LA796,LA,796,*swawl
LA796,LA,796,#swoelN=14
LA797,LA,797,-
LA798,LA,798,-
LA799,LA,799,-
LA800,LA,800,!swel
LA800,LA,800,*sweld
LA801,LA,801,!swel
LA801,LA,801,*sweld
LA801,LA,801,#swoelN=14
LA802,LA,802,!swel
LA802,LA,802,*sweld
LA802,LA,802,#swoel
LA803,LA,803,-
LA804,LA,804,-
LA805,LA,805,*swel
LA805,LA,805,*swoel
LA805,LA,805,#swoel
LA806,LA,806,@swelN=14
LA806,LA,806,*swoel
LA806,LA,806,#swoelN=14
LA807,LA,807,!swel
LA807,LA,807,*sweld
LA807,LA,807,#swoelN=14
LA808,LA,808,!swel
LA808,LA,808,*sweld
LA808,LA,808,#swelN=14
LA809,LA,809,-
LA810,LA,810,!swel
LA810,LA,810,*swoel
LA810,LA,810,#swoelN=14
LA811,LA,811,!swel
LA811,LA,811,*swoel
LA811,LA,811,#swoelN=14
LA812,LA,812,!swel
LA813,LA,813,!unswel=31
LA813,LA,813,*swoeld
LA813,LA,813,#swoelN=14
LA814,LA,814,!swel
LA814,LA,814,*swoel
LA814,LA,814,#swoelN=14
LA815,LA,815,-
LA816,LA,816,!swel
LA816,LA,816,*sweld
LA816,LA,816,#swoelN=14
LA817,LA,817,!swel
LA817,LA,817,*sweld
TX818,TX,818,-
TX819,TX,819,!swel
TX819,TX,819,#swoelN=14
TX820,TX,820,!swel
TX820,TX,820,*sweld
TX820,TX,820,#swoelN=14
TX821,TX,821,!swel
TX821,TX,821,*swoel
TX821,TX,821,#swoelN=14
TX822,TX,822,!swel
TX822,TX,822,*sweld
TX822,TX,822,#swoelN=14
TX823,TX,823,!swel
TX823,TX,823,*swoelN=14
TX823,TX,823,#swoelN=14
TX824,TX,824,!swe[l]
TX824,TX,824,*sweld
TX824,TX,824,#swoelN=14
TX824,TX,824,#swoe[l]
TX825,TX,825,!swel
TX825,TX,825,*sweld
TX825,TX,825,#sweld
TX826,TX,826,!swel
TX826,TX,826,*sweld
TX826,TX,826,#swoelN=14
TX827,TX,827,!swel
TX827,TX,827,*sweld
TX827,TX,827,#swoelN=14
TX828,TX,828,!swel
TX828,TX,828,#swoelN=14
TX829,TX,829,!swel
TX829,TX,829,*sweld
TX829,TX,829,#swoelN=14
TX830,TX,830,!swel
TX830,TX,830,*swoe[l]
TX830,TX,830,#swoelN=14
TX831,TX,831,!swel
TX831,TX,831,*sweld
TX831,TX,831,#swoelN=14
TX832,TX,832,-
TX833,TX,833,!swel
TX833,TX,833,*swoel
TX833,TX,833,#swoelN=14
TX834,TX,834,!swel
TX834,TX,834,*sweld
TX834,TX,834,#swoelN=14
TX835,TX,835,!swel
TX835,TX,835,*swoel
TX835,TX,835,#swoelN=14
TX836,TX,836,!swel
TX836,TX,836,*sweld
TX836,TX,836,*swoelN=14
TX836,TX,836,#sweld
TX837,TX,837,-
TX838,TX,838,!swel
TX839,TX,839,!swel
TX840,TX,840,#sweld
TX841,TX,841,-
TX842,TX,842,!swel
TX842,TX,842,#swoelN=14
TX843,TX,843,!swel
TX843,TX,843,*swoel
TX843,TX,843,#swoelN=14
TX844,TX,844,!swel
TX844,TX,844,*swoel
TX844,TX,844,#swoelN=14
TX845,TX,845,!swel
TX845,TX,845,*sweld
TX845,TX,845,#swoelNd=14
TX846,TX,846,-
TX847,TX,847,-
TX848,TX,848,-
TX849,TX,849,#sweld
TX850,TX,850,!swel
TX850,TX,850,@swelN=14
TX850,TX,850,*sweld
TX851,TX,851,-
TX852,TX,852,#swoelN=14
TX853,TX,853,*sweld
TX853,TX,853,#swoelN=14
TX854,TX,854,*swoel
TX854,TX,854,#swoelN=14
TX855,TX,855,!swel
TX855,TX,855,&swelz
TX856,TX,856,!swel
TX857,TX,857,!swel
TX857,TX,857,*sweld
TX857,TX,857,#swoelN=14
TX858,TX,858,-
TX859,TX,859,!swel
TX859,TX,859,*sweld
TX859,TX,859,#swoelN=14
TX860,TX,860,!swel
TX860,TX,860,*sweld
TX860,TX,860,#swoelN=14
TX861,TX,861,!swel
TX861,TX,861,*sweld
TX861,TX,861,#swoelN=14
TX862,TX,862,!swel
TX862,TX,862,*swoel
TX862,TX,862,#swoelN=14
TX863,TX,863,!swel
TX863,TX,863,*sweld
TX863,TX,863,#swoelN=14
TX864,TX,864,!swel
TX864,TX,864,*swoel
TX864,TX,864,#swoeld
TX865,TX,865,&swelz
TX865,TX,865,*swoel
TX865,TX,865,#swoelN=14
TX866,TX,866,!swel
TX866,TX,866,*swoeld
TX866,TX,866,#swoelN=14
TX867,TX,867,!swel
TX867,TX,867,*sweld
TX867,TX,867,#swoelN=14
TX868,TX,868,!swel
TX868,TX,868,*swoel
TX868,TX,868,#swoelN=14
TX869,TX,869,!swel
TX869,TX,869,*swoeld
TX869,TX,869,#swoelN=14
TX870,TX,870,!swel
TX870,TX,870,*sweld
TX870,TX,870,#swoelN=14
TX871,TX,871,-
TX872,TX,872,-
TX873,TX,873,!swa[l]
TX873,TX,873,*swuld
TX873,TX,873,#swoelN=14
TX874,TX,874,!swel
TX874,TX,874,*sweld
TX874,TX,874,#swoelN=14
TX875,TX,875,!swel
TX875,TX,875,*sweld
TX875,TX,875,#swoelN=14
TX875,TX,875,#sweld
TX876,TX,876,!swe[l]
TX876,TX,876,*swoel
TX876,TX,876,#swoelN=14
TX877,TX,877,!swel
TX877,TX,877,*swoel
TX877,TX,877,#swoelN=14
TX878,TX,878,!swel
TX878,TX,878,*sweld
TX878,TX,878,#swoelN=14
TX879,TX,879,!swel
TX880,TX,880,!swel
TX881,TX,881,-
TX882,TX,882,!swel
TX882,TX,882,*swoelN=14
TX882,TX,882,#swoelN=14
TX883,TX,883,!swel
TX883,TX,883,#swoelN=14
TX884,TX,884,-
TX885,TX,885,#swoelN=14
TX886,TX,886,!swel
TX886,TX,886,#swoelN=14
TX887,TX,887,!swel
TX887,TX,887,*sweld
TX887,TX,887,#swawlN=14
TX888,TX,888,!swe[l]
TX888,TX,888,!swoe[l]
TX888,TX,888,*swoe[l]
TX888,TX,888,#swoe[l]
TX889,TX,889,!swel
TX889,TX,889,*swoel
TX889,TX,889,#swoelN=14
TX890,TX,890,!swel
TX890,TX,890,*swoel
TX890,TX,890,#swoelN=14
TX891,TX,891,!swel
TX891,TX,891,*sweld
TX891,TX,891,#swoelN=14
TX892,TX,892,!swel
TX893,TX,893,!swel
TX893,TX,893,*sweld
TX893,TX,893,#swoelN=14
TX894,TX,894,@swelNG=14
TX894,TX,894,#swawlN=14
TX895,TX,895,!swel
TX895,TX,895,*swoeld
TX895,TX,895,#swoelN=14
TX896,TX,896,-
TX897,TX,897,-
TX898,TX,898,-
TX899,TX,899,!swel
TX899,TX,899,#swoelN=14
TX900,TX,900,!swel
TX900,TX,900,*sweld
TX900,TX,900,#swo:lN=14
TX901,TX,901,!swel
TX901,TX,901,*swoeld
TX901,TX,901,#swoelN=14
TX902,TX,902,!swel
TX902,TX,902,*sweld
TX902,TX,902,#swoelN=14
TX903,TX,903,-
TX904,TX,904,!swel
TX904,TX,904,*sweld
TX904,TX,904,*swoelN=14
TX905,TX,905,!swel
TX905,TX,905,*sweld
TX905,TX,905,#swoelN=14
TX906,TX,906,&swelz
TX906,TX,906,*sweld
TX906,TX,906,#swoelN=14
TX907,TX,907,-
TX908,TX,908,!swel
TX908,TX,908,*sweld
TX908,TX,908,#swoelN=14
TX909,TX,909,-
TX910,TX,910,!swel
TX910,TX,910,*sweld
TX910,TX,910,#swawlN=14
TX911,TX,911,!swel
TX911,TX,911,*swoeld
TX911,TX,911,#swoelN=14
