Informant,State,Informant number,Response
TN001,TN,001,proud flesh 
TN002,TN,002,proud flesh 
TN003,TN,003,proud flesh 
TN004,TN,004,-
TN005,TN,005,proud flesh 
TN006,TN,006,proud flesh 
TN007,TN,007,proud flesh 
TN008,TN,008,-
TN009,TN,009,proud flesh 
TN010,TN,010,proud flesh 
TN011,TN,011,proud flesh 
TN011,TN,011,proud fresh 
TN012,TN,012,proud flesh 
TN013,TN,013,plowed fresh 
TN014,TN,014,proud flesh 
TN015,TN,015,proud flesh 
TN016,TN,016,-
TN017,TN,017,proud flesh 
TN018,TN,018,proud flesh 
TN019,TN,019,proud flesh 
TN020,TN,020,proud flesh 
TN021,TN,021,proud fresh 
TN022,TN,022,-
TN023,TN,023,-
TN024,TN,024,proud flesh 
TN025,TN,025,proud flesh 
TN026,TN,026,proud flesh 
TN027,TN,027,proud flesh 
TN028,TN,028,proud flesh 
TN029,TN,029,-
TN030,TN,030,-
TN031,TN,031,-
TN032,TN,032,quick flesh 
TN033,TN,033,proud flesh 
TN034,TN,034,-
TN035,TN,035,-
TN036,TN,036,proud flesh 
TN037,TN,037,proud flesh 
TN038,TN,038,proud flesh 
TN039,TN,039,-
TN040,TN,040,proud flesh 
TN041,TN,041,-
TN042,TN,042,proud flesh 
TN043,TN,043,proud flesh 
TN044,TN,044,proud flesh 
TN045,TN,045,dead flesh 
TN045,TN,045,proud flesh 
TN046,TN,046,-
TN047,TN,047,gristle 
TN047,TN,047,proud flesh 
TN048,TN,048,proud flesh 
TN049,TN,049,-
TN050,TN,050,proud flesh 
TN051,TN,051,-
TN052,TN,052,proud flesh 
TN053,TN,053,proud flesh 
TN054,TN,054,proud fresh 
TN055,TN,055,proud flesh 
TN056,TN,056,proud flesh 
TN057,TN,057,proud flesh 
TN058,TN,058,proud flesh 
TN059,TN,059,proud flesh 
TN060,TN,060,proud flesh 
GA061,GA,061,-
GA062,GA,062,plowed fresh 
GA063,GA,063,-
GA064,GA,064,proud flesh 
GA065,GA,065,proud flesh 
GA066,GA,066,-
GA067,GA,067,-
GA068,GA,068,-
GA069,GA,069,proud flesh 
GA070,GA,070,proud flesh 
GA071,GA,071,proud flesh 
GA072,GA,072,proud flesh 
GA073,GA,073,proud flesh 
GA074,GA,074,proud flesh 
GA075,GA,075,proud fresh 
GA076,GA,076,proud flesh 
GA077,GA,077,proud flesh 
GA078,GA,078,-
GA079,GA,079,proud flesh 
GA080,GA,080,-
GA081,GA,081,proud flesh 
GA082,GA,082,-
GA083,GA,083,proud flesh 
GA084,GA,084,plowed flesh 
GA084,GA,084,plowed fresh 
GA085,GA,085,proud flesh 
GA086,GA,086,proud flesh 
GA087,GA,087,-
GA088,GA,088,proud flesh 
GA089,GA,089,-
GA090,GA,090,proud flesh 
GA091,GA,091,proud flesh 
GA092,GA,092,-
GA093,GA,093,-
GA094,GA,094,proud flesh 
GA095,GA,095,proud flesh 
GA096,GA,096,proud flesh 
GA097,GA,097,proud flesh 
GA098,GA,098,plowed fresh 
GA098,GA,098,proud flesh 
GA099,GA,099,proud flesh 
GA100,GA,100,-
GA101,GA,101,-
GA102,GA,102,-
GA103,GA,103,-
GA104,GA,104,proud flesh 
GA105,GA,105,proud flesh 
GA106,GA,106,proud flesh 
GA107,GA,107,plowed fresh 
GA107,GA,107,proud flesh 
GA108,GA,108,proud flesh 
GA109,GA,109,proud flesh 
GA110,GA,110,-
GA111,GA,111,proud flesh 
GA112,GA,112,proud flesh 
GA113,GA,113,-
GA114,GA,114,-
GA115,GA,115,-
GA116,GA,116,-
GA117,GA,117,proud flesh 
GA118,GA,118,proud flesh 
GA119,GA,119,proud flesh 
GA120,GA,120,-
GA121,GA,121,proud flesh 
GA122,GA,122,proud flesh 
GA123,GA,123,proud flesh 
GA124,GA,124,proud flesh 
GA125,GA,125,proud flesh 
GA126,GA,126,-
GA127,GA,127,-
GA128,GA,128,-
GA129,GA,129,-
GA130,GA,130,-
GA131,GA,131,proud flesh 
GA132,GA,132,-
GA133,GA,133,proud flesh 
GA134,GA,134,proud fresh 
GA135,GA,135,proud flesh 
GA136,GA,136,proud fresh 
GA137,GA,137,proud flesh 
GA138,GA,138,-
GA139,GA,139,proud flesh 
GA140,GA,140,-
GA141,GA,141,proud flesh 
GA142,GA,142,proud flesh 
GA143,GA,143,proud flesh 
GA144,GA,144,proud flesh 
GA145,GA,145,proud flesh 
GA146,GA,146,-
GA147,GA,147,-
GA148,GA,148,-
GA149,GA,149,proud fresh 
GA150,GA,150,proud flesh 
GA151,GA,151,plowed fresh 
GA152,GA,152,-
GA153,GA,153,-
GA154,GA,154,proud flesh 
GA155,GA,155,proud flesh 
GA156,GA,156,-
GA157,GA,157,-
GA158,GA,158,-
GA159,GA,159,plowed flesh 
GA160,GA,160,-
GA161,GA,161,proud flesh 
GA162,GA,162,proud flesh 
GA163,GA,163,dead flesh 
GA163,GA,163,proud flesh 
GA164,GA,164,-
GA165,GA,165,proud flesh 
GA166,GA,166,proud flesh 
GA167,GA,167,proud flesh 
GA168,GA,168,-
GA169,GA,169,-
GA170,GA,170,proud flesh 
GA171,GA,171,-
GA172,GA,172,-
GA173,GA,173,-
GA174,GA,174,-
GA175,GA,175,-
GA176,GA,176,proud flesh 
GA177,GA,177,proud flesh 
GA178,GA,178,-
GA179,GA,179,-
GA180,GA,180,proud flesh 
GA181,GA,181,proud flesh 
GA182,GA,182,-
GA183,GA,183,proud flesh 
GA184,GA,184,proud flesh 
GA185,GA,185,proud flesh 
GA186,GA,186,proud flesh 
GA187,GA,187,-
GA188,GA,188,-
GA189,GA,189,proud flesh 
GA190,GA,190,-
GA191,GA,191,-
GA192,GA,192,-
GA193,GA,193,-
GA194,GA,194,plowed flesh 
GA195,GA,195,-
GA196,GA,196,-
GA197,GA,197,-
GA198,GA,198,-
GA199,GA,199,proud fresh 
GA200,GA,200,proud flesh 
GA201,GA,201,-
GA202,GA,202,proud flesh 
GA203,GA,203,proud flesh 
GA204,GA,204,-
GA205,GA,205,-
GA206,GA,206,proud flesh 
GA207,GA,207,proud flesh 
GA208,GA,208,-
GA209,GA,209,proud flesh 
GA210,GA,210,proud flesh 
GA211,GA,211,proud flesh 
GA212,GA,212,proud flesh 
GA213,GA,213,proud flesh 
GA214,GA,214,-
GA215,GA,215,proud flesh 
GA216,GA,216,proud flesh 
GA217,GA,217,proud flesh 
GA218,GA,218,-
GA219,GA,219,proud flesh 
GA220,GA,220,-
GA221,GA,221,proud flesh 
GA222,GA,222,proud flesh 
GA223,GA,223,proud flesh 
GA224,GA,224,proud corruption 
GA224,GA,224,proud flesh 
GA225,GA,225,-
FL226,FL,226,proud flesh 
FL227,FL,227,-
FL228,FL,228,proud flesh 
FL229,FL,229,-
FL230,FL,230,-
FL231,FL,231,proud flesh 
FL232,FL,232,proud flesh 
FL233,FL,233,-
FL234,FL,234,proud flesh 
FL235,FL,235,proud flesh 
FL236,FL,236,dead flesh 
FL236,FL,236,proud flesh 
FL237,FL,237,proud flesh 
FL238,FL,238,proud flesh 
FL239,FL,239,proud flesh 
FL240,FL,240,proud flesh 
FL241,FL,241,-
FL242,FL,242,proud flesh 
FL243,FL,243,proud flesh 
FL244,FL,244,-
FL245,FL,245,proud flesh 
FL246,FL,246,proud flesh 
FL247,FL,247,proud flesh 
FL248,FL,248,proud flesh 
FL249,FL,249,proud fresh 
FL249,FL,249,proud skin 
FL250,FL,250,proud fresh 
FL251,FL,251,-
FL252,FL,252,-
FL253,FL,253,proud flesh 
FL254,FL,254,proud flesh 
FL255,FL,255,proud flesh 
FL256,FL,256,proud flesh 
FL257,FL,257,gristle 
FL257,FL,257,plowed flesh 
FL257,FL,257,proud flesh 
FL258,FL,258,proud flesh 
FL259,FL,259,proud flesh 
FL259,FL,259,scar tissue 
FL260,FL,260,-
FL261,FL,261,-
FL262,FL,262,proud flesh 
FL263,FL,263,proud flesh 
FL264,FL,264,-
FL265,FL,265,proud flesh 
FL266,FL,266,scar tissue 
FL267,FL,267,proud flesh 
FL268,FL,268,-
FL269,FL,269,proud flesh 
FL270,FL,270,-
FL271,FL,271,-
FL272,FL,272,proud flesh 
FL273,FL,273,-
FL274,FL,274,-
FL275,FL,275,proud flesh 
FL276,FL,276,proud flesh 
FL277,FL,277,proud flesh 
FL278,FL,278,-
FL279,FL,279,-
FL280,FL,280,proud flesh 
FL281,FL,281,-
FL282,FL,282,-
FL283,FL,283,-
FL284,FL,284,-
FL285,FL,285,-
FL286,FL,286,scar tissue 
FL287,FL,287,-
FL288,FL,288,proud flesh 
FL289,FL,289,-
TN290,TN,290,plowed flesh 
TN291,TN,291,proud flesh 
TN292,TN,292,proud flesh 
TN293,TN,293,proud flesh 
TN294,TN,294,-
TN295,TN,295,proud flesh 
TN296,TN,296,proud flesh 
TN297,TN,297,-
TN298,TN,298,proud flesh 
TN299,TN,299,proud flesh 
TN300,TN,300,dead flesh 
TN300,TN,300,proud flesh 
TN301,TN,301,proud flesh 
TN302,TN,302,proud flesh 
TN303,TN,303,proud flesh 
TN304,TN,304,proud flesh 
TN305,TN,305,proud flesh 
TN306,TN,306,-
TN307,TN,307,-
TN308,TN,308,-
TN309,TN,309,-
TN310,TN,310,-
TN311,TN,311,-
TN312,TN,312,-
TN313,TN,313,-
TN314,TN,314,-
TN315,TN,315,proud flesh 
TN316,TN,316,proud flesh 
TN317,TN,317,proud flesh 
TN318,TN,318,-
TN319,TN,319,-
TN320,TN,320,proud flesh 
TN321,TN,321,proud flesh 
TN322,TN,322,-
TN323,TN,323,proud flesh 
TN324,TN,324,proud flesh 
TN325,TN,325,proud flesh 
TN326,TN,326,proud flesh 
TN327,TN,327,proud flesh 
TN328,TN,328,proud flesh 
TN329,TN,329,dead skin 
TN330,TN,330,plowed flesh 
TN330,TN,330,proud flesh 
TN331,TN,331,proud flesh 
TN332,TN,332,proud flesh 
TN333,TN,333,plowed flesh 
TN333,TN,333,proud flesh 
TN334,TN,334,proud flesh 
TN335,TN,335,proud flesh 
TN336,TN,336,proud flesh 
AL337,AL,337,-
AL338,AL,338,proud flesh 
AL339,AL,339,-
AL340,AL,340,proud flesh 
AL341,AL,341,proud flesh 
AL342,AL,342,-
AL343,AL,343,-
AL344,AL,344,plowed flesh 
AL345,AL,345,proud flesh 
AL346,AL,346,-
AL347,AL,347,proud flesh 
AL348,AL,348,proud flesh 
AL349,AL,349,proud flesh 
AL350,AL,350,proud flesh 
AL351,AL,351,proud flesh 
AL352,AL,352,-
AL353,AL,353,proud flesh 
AL354,AL,354,proud flesh 
AL355,AL,355,-
AL356,AL,356,proud flesh 
AL357,AL,357,proud flesh 
AL358,AL,358,dead flesh 
AL358,AL,358,proud flesh 
AL359,AL,359,proud flesh 
AL360,AL,360,-
AL361,AL,361,proud flesh 
AL362,AL,362,proud flesh 
AL363,AL,363,-
AL364,AL,364,proud flesh 
AL365,AL,365,-
AL366,AL,366,proud flesh 
AL367,AL,367,proud flesh 
AL368,AL,368,proud flesh 
AL369,AL,369,proud flesh 
AL370,AL,370,-
AL371,AL,371,-
AL372,AL,372,-
AL373,AL,373,proud fresh 
AL374,AL,374,-
AL375,AL,375,-
AL376,AL,376,-
AL377,AL,377,-
AL378,AL,378,proud flesh 
AL379,AL,379,proud flesh 
AL380,AL,380,proud flesh 
AL381,AL,381,proud flesh 
AL382,AL,382,-
AL383,AL,383,-
AL384,AL,384,-
AL385,AL,385,proud flesh 
AL386,AL,386,-
AL387,AL,387,-
AL388,AL,388,plowed fresh 
AL389,AL,389,proud flesh 
AL390,AL,390,proud flesh 
AL391,AL,391,proud flesh 
AL392,AL,392,proud flesh 
AL393,AL,393,proud flesh 
AL394,AL,394,quick flesh 
AL395,AL,395,proud flesh 
AL396,AL,396,-
AL397,AL,397,-
AL398,AL,398,-
AL399,AL,399,-
AL400,AL,400,plowed flesh 
AL401,AL,401,proud flesh 
AL402,AL,402,-
AL403,AL,403,proud flesh 
AL403,AL,403,proud fresh 
AL404,AL,404,proud flesh 
AL405,AL,405,-
AL406,AL,406,-
AL407,AL,407,proud flesh 
AL408,AL,408,proud flesh 
AL409,AL,409,proud flesh 
AL410,AL,410,proud flesh 
AL411,AL,411,-
AL412,AL,412,-
AL413,AL,413,-
AL414,AL,414,-
AL415,AL,415,plowed flesh 
AL416,AL,416,-
AL417,AL,417,proud flesh 
AL418,AL,418,-
AL419,AL,419,proud flesh 
AL420,AL,420,proud flesh 
AL421,AL,421,proud flesh 
AL422,AL,422,plowed flesh 
AL423,AL,423,-
AL424,AL,424,-
AL425,AL,425,-
AL426,AL,426,proud flesh 
AL427,AL,427,proud flesh 
AL428,AL,428,proud flesh 
AL429,AL,429,-
AL430,AL,430,-
AL431,AL,431,-
AL432,AL,432,-
AL433,AL,433,proud flesh 
AL434,AL,434,proud flesh 
AL435,AL,435,proud flesh 
AL436,AL,436,proud flesh 
AL437,AL,437,proud flesh 
AL438,AL,438,plowed fresh 
AL439,AL,439,proud flesh 
AL440,AL,440,plowed flesh 
AL440,AL,440,proud flesh 
AL441,AL,441,proud flesh 
AL442,AL,442,-
AL443,AL,443,-
AL444,AL,444,proud flesh 
AL445,AL,445,proud flesh 
AL446,AL,446,proud flesh 
AL447,AL,447,proud flesh 
AL448,AL,448,proud flesh 
AL449,AL,449,proud fresh 
AL450,AL,450,proud flesh 
AL451,AL,451,proud flesh 
FL452,FL,452,proud flesh 
FL453,FL,453,-
FL454,FL,454,proud flesh 
FL455,FL,455,proud flesh 
FL456,FL,456,-
FL457,FL,457,proud flesh 
FL458,FL,458,proud flesh 
FL459,FL,459,-
FL460,FL,460,proud flesh 
FL461,FL,461,proud flesh 
FL462,FL,462,proud flesh 
FL463,FL,463,proud flesh 
FL464,FL,464,proud flesh 
FL465,FL,465,proud flesh 
FL466,FL,466,proud flesh 
FL467,FL,467,proud flesh 
FL468,FL,468,plowed flesh 
FL469,FL,469,proud flesh 
FL470,FL,470,-
FL471,FL,471,proud flesh 
AL472,AL,472,proud flesh 
AL473,AL,473,proud flesh 
AL474,AL,474,-
AL475,AL,475,proud flesh 
AL476,AL,476,proud flesh 
AL477,AL,477,proud fresh 
AL478,AL,478,-
AL479,AL,479,-
AL480,AL,480,proud flesh 
AL481,AL,481,proud flesh 
AL482,AL,482,dead flesh 
AL483,AL,483,-
AL484,AL,484,proud flesh 
AL484,AL,484,scar tissue 
AL485,AL,485,-
TN486,TN,486,-
TN487,TN,487,proud flesh 
TN488,TN,488,proud flesh 
TN489,TN,489,proud flesh 
TN490,TN,490,proud flesh 
TN491,TN,491,-
TN492,TN,492,proud flesh 
TN493,TN,493,-
TN494,TN,494,proud flesh 
TN495,TN,495,proud flesh 
TN496,TN,496,proud flesh 
TN497,TN,497,-
TN498,TN,498,plowed flesh 
TN499,TN,499,proud flesh 
TN500,TN,500,-
TN501,TN,501,dead skin 
TN501,TN,501,proud flesh 
TN502,TN,502,-
TN503,TN,503,-
TN504,TN,504,-
TN505,TN,505,-
TN506,TN,506,proud flesh 
TN507,TN,507,-
TN508,TN,508,-
TN509,TN,509,-
TN510,TN,510,-
TN511,TN,511,proud flesh 
TN512,TN,512,-
TN513,TN,513,proud flesh 
TN514,TN,514,-
TN515,TN,515,-
TN516,TN,516,-
TN517,TN,517,-
TN518,TN,518,-
TN519,TN,519,proud flesh 
MS520,MS,520,-
MS521,MS,521,proud flesh 
MS522,MS,522,proud flesh 
MS523,MS,523,-
MS524,MS,524,proud flesh 
MS525,MS,525,proud flesh 
MS526,MS,526,-
MS527,MS,527,plowed flesh 
MS528,MS,528,proud flesh 
MS529,MS,529,-
MS530,MS,530,proud flesh 
MS531,MS,531,-
MS532,MS,532,proud flesh 
MS533,MS,533,proud flesh 
MS534,MS,534,-
MS535,MS,535,proud flesh 
MS536,MS,536,proud flesh 
MS537,MS,537,plowed fresh 
MS537,MS,537,proud fresh 
MS538,MS,538,proud flesh 
MS539,MS,539,-
MS540,MS,540,-
MS541,MS,541,-
MS542,MS,542,plowed flesh 
MS543,MS,543,dead skin 
MS544,MS,544,proud flesh 
MS545,MS,545,-
MS546,MS,546,-
MS547,MS,547,proud flush 
MS548,MS,548,proud flesh 
MS549,MS,549,-
MS550,MS,550,plowed flush 
MS550,MS,550,proud flush 
MS551,MS,551,-
MS552,MS,552,proud flesh 
MS553,MS,553,proud flesh 
MS554,MS,554,-
MS555,MS,555,plowed flesh 
MS555,MS,555,plowed flush 
MS555,MS,555,proud flesh 
MS556,MS,556,proud flesh 
MS557,MS,557,proud flesh 
MS558,MS,558,proud flesh 
MS559,MS,559,-
MS560,MS,560,-
MS561,MS,561,-
MS562,MS,562,proud flesh 
MS563,MS,563,proud flesh 
MS564,MS,564,dead skin 
MS564,MS,564,proud flesh 
MS565,MS,565,proud flesh 
MS566,MS,566,-
MS567,MS,567,-
MS568,MS,568,-
MS569,MS,569,proud fresh 
MS570,MS,570,proud flesh 
MS571,MS,571,-
MS572,MS,572,-
MS573,MS,573,plowed flesh 
MS574,MS,574,proud flesh 
MS575,MS,575,proud flesh 
MS576,MS,576,-
MS577,MS,577,proud flesh 
MS578,MS,578,proud flesh 
MS579,MS,579,proud flesh 
MS580,MS,580,plowed flesh 
MS581,MS,581,-
MS582,MS,582,proud flesh 
MS583,MS,583,proud flesh 
MS584,MS,584,proud flesh 
MS585,MS,585,-
MS586,MS,586,-
MS587,MS,587,plowed flesh 
MS587,MS,587,plowed fresh 
MS588,MS,588,plowed flesh 
MS589,MS,589,-
MS590,MS,590,-
MS591,MS,591,-
MS592,MS,592,proud flesh 
MS593,MS,593,bad flesh 
MS593,MS,593,plowed flesh 
MS594,MS,594,proud flesh 
MS595,MS,595,proud flesh 
MS596,MS,596,proud flesh 
MS597,MS,597,proud flesh 
MS598,MS,598,proud flesh 
MS599,MS,599,-
MS600,MS,600,proud flesh 
MS601,MS,601,proud flesh 
MS602,MS,602,proud flesh 
MS603,MS,603,-
MS604,MS,604,-
MS605,MS,605,proud flesh 
MS606,MS,606,-
MS607,MS,607,proud flesh 
MS608,MS,608,proud flesh 
MS609,MS,609,plowed fresh 
MS610,MS,610,proud flesh 
MS611,MS,611,cold flesh 
MS612,MS,612,-
MS613,MS,613,proud flesh 
MS614,MS,614,-
MS615,MS,615,proud flesh 
MS616,MS,616,proud fresh 
MS617,MS,617,proud flesh 
MS618,MS,618,-
MS619,MS,619,-
MS620,MS,620,proud flesh 
MS621,MS,621,proud flesh 
MS622,MS,622,proud flesh 
MS623,MS,623,proud flesh 
MS624,MS,624,proud flesh 
MS625,MS,625,proud flesh 
MS626,MS,626,proud flesh 
MS627,MS,627,plowed flesh 
MS628,MS,628,proud flesh 
MS629,MS,629,-
LA630,LA,630,-
LA631,LA,631,prodded flesh 
LA632,LA,632,proud flesh 
LA633,LA,633,proud flesh 
LA634,LA,634,-
LA635,LA,635,proud flesh 
LA636,LA,636,proud flesh 
LA637,LA,637,plowed fresh 
LA638,LA,638,proud flesh 
LA639,LA,639,proud flesh 
LA640,LA,640,proud flesh 
LA641,LA,641,plowed flesh 
LA642,LA,642,-
LA643,LA,643,proud flesh 
LA643,LA,643,scar tissue 
LA644,LA,644,-
LA645,LA,645,dead flesh 
LA646,LA,646,proud flesh 
LA647,LA,647,-
LA648,LA,648,-
LA649,LA,649,proud flesh 
LA650,LA,650,-
LA651,LA,651,-
LA652,LA,652,proud flesh 
LA653,LA,653,-
LA654,LA,654,proud flesh 
LA655,LA,655,-
LA656,LA,656,-
LA657,LA,657,-
LA657X,LA,657X,proud flesh 
LA657Y,LA,657Y,-
LA657Z,LA,657Z,proud flesh 
LA658,LA,658,proud flesh 
LA659,LA,659,-
LA660,LA,660,proud flesh 
LA661,LA,661,-
LA662,LA,662,proud flesh 
LA663,LA,663,-
LA664,LA,664,-
LA665,LA,665,plowed fresh 
LA665,LA,665,proud flesh 
LA666,LA,666,-
LA667,LA,667,proud flesh 
LA668,LA,668,-
LA669,LA,669,proud flesh 
LA670,LA,670,proud flesh 
LA671,LA,671,proud flesh 
LA672,LA,672,-
LA673,LA,673,proud flesh 
AR674,AR,674,proud flesh 
AR675,AR,675,proud flesh 
AR676,AR,676,-
AR677,AR,677,-
AR678,AR,678,-
AR679,AR,679,proud flesh 
AR680,AR,680,-
AR681,AR,681,proud flesh 
AR682,AR,682,proud flesh 
AR683,AR,683,proud flesh 
AR684,AR,684,proud flesh 
AR685,AR,685,-
AR686,AR,686,proud flesh 
AR687,AR,687,proud flesh 
AR688,AR,688,proud flesh 
AR689,AR,689,proud flesh 
AR690,AR,690,-
AR691,AR,691,proud fresh 
AR692,AR,692,proud flesh 
AR693,AR,693,-
AR694,AR,694,proud flesh 
AR695,AR,695,proud flesh 
AR696,AR,696,proud flesh 
AR697,AR,697,-
AR698,AR,698,-
AR699,AR,699,-
AR700,AR,700,-
AR701,AR,701,plowed fresh 
AR702,AR,702,-
AR703,AR,703,proud flesh 
AR704,AR,704,proud flesh 
AR705,AR,705,dead skin 
AR706,AR,706,-
AR707,AR,707,-
AR708,AR,708,proud flesh 
AR709,AR,709,-
AR710,AR,710,-
AR711,AR,711,proud flesh 
AR712,AR,712,-
AR713,AR,713,proud flesh 
AR714,AR,714,-
AR715,AR,715,proud flesh 
AR716,AR,716,plowed fresh 
AR716,AR,716,proud fresh 
AR717,AR,717,-
AR718,AR,718,proud flesh 
AR719,AR,719,proud flesh 
AR720,AR,720,-
AR721,AR,721,proud flesh 
AR722,AR,722,-
AR723,AR,723,-
AR724,AR,724,-
AR725,AR,725,proud flesh 
AR726,AR,726,-
AR727,AR,727,proud flesh 
AR728,AR,728,proud flesh 
AR729,AR,729,proud flesh 
AR730,AR,730,proud flesh 
AR731,AR,731,proud flesh 
AR732,AR,732,-
AR733,AR,733,-
AR734,AR,734,proud flesh 
AR735,AR,735,-
AR736,AR,736,proud flesh 
AR737,AR,737,proud flesh 
AR738,AR,738,-
AR739,AR,739,-
AR740,AR,740,proud flesh 
AR741,AR,741,-
AR742,AR,742,proud flesh 
AR743,AR,743,proud flesh 
AR744,AR,744,-
AR745,AR,745,-
AR746,AR,746,-
AR747,AR,747,proud flesh 
AR748,AR,748,proud flesh 
AR749,AR,749,proud flesh 
AR750,AR,750,-
AR751,AR,751,proud flesh 
AR752,AR,752,proud flesh 
AR753,AR,753,-
AR754,AR,754,proud flesh 
AR755,AR,755,-
LA756,LA,756,-
LA757,LA,757,proud flesh 
LA758,LA,758,proud flesh 
LA759,LA,759,-
LA760,LA,760,proud flesh 
LA761,LA,761,-
LA762,LA,762,proud flesh 
LA763,LA,763,-
LA764,LA,764,proud flesh 
LA765,LA,765,proud flesh 
LA766,LA,766,proud flesh 
LA767,LA,767,proud flesh 
LA768,LA,768,-
LA769,LA,769,-
LA770,LA,770,proud flesh 
LA771,LA,771,proud flesh 
LA772,LA,772,-
LA773,LA,773,proud flesh 
LA773,LA,773,proud fresh 
LA774,LA,774,-
LA775,LA,775,proud flesh 
LA776,LA,776,proud flesh 
LA777,LA,777,proud flesh 
LA778,LA,778,proud flesh 
LA779,LA,779,proud flesh 
LA779,LA,779,scar tissue 
LA780,LA,780,proud flesh 
LA781,LA,781,proud flesh 
LA782,LA,782,proud flesh 
LA783,LA,783,proud flesh 
LA784,LA,784,-
LA785,LA,785,proud flesh 
LA786,LA,786,proud flesh 
LA787,LA,787,-
LA788,LA,788,proud flesh 
LA789,LA,789,proud flesh 
LA789,LA,789,proud fresh 
LA790,LA,790,proud flesh 
LA790,LA,790,proud fresh 
LA791,LA,791,plowed flesh 
LA792,LA,792,proud flesh 
LA793,LA,793,proud flesh 
LA794,LA,794,proud flesh 
LA795,LA,795,-
LA796,LA,796,plowed flesh 
LA797,LA,797,proud flesh 
LA798,LA,798,proud flesh 
LA799,LA,799,-
LA800,LA,800,proud flesh 
LA801,LA,801,proud flesh 
LA802,LA,802,proud flesh 
LA803,LA,803,-
LA804,LA,804,-
LA805,LA,805,-
LA806,LA,806,-
LA807,LA,807,proud flesh 
LA808,LA,808,-
LA809,LA,809,-
LA810,LA,810,died flesh 
LA811,LA,811,proud flesh 
LA812,LA,812,proud flesh 
LA813,LA,813,proud flesh 
LA814,LA,814,proud flesh 
LA815,LA,815,proud flesh 
LA816,LA,816,proud flesh 
LA817,LA,817,proud flesh 
TX818,TX,818,-
TX819,TX,819,proud flesh 
TX820,TX,820,proud flesh 
TX821,TX,821,proud flesh 
TX822,TX,822,proud flesh 
TX823,TX,823,proud flesh 
TX824,TX,824,proud flesh 
TX825,TX,825,proud flesh 
TX826,TX,826,proud flesh 
TX827,TX,827,-
TX828,TX,828,-
TX829,TX,829,proud flesh 
TX830,TX,830,-
TX831,TX,831,-
TX832,TX,832,-
TX833,TX,833,-
TX834,TX,834,-
TX835,TX,835,-
TX836,TX,836,plowed flesh 
TX837,TX,837,-
TX838,TX,838,proud flesh 
TX839,TX,839,-
TX840,TX,840,-
TX841,TX,841,-
TX842,TX,842,proud flesh 
TX843,TX,843,proud flesh 
TX844,TX,844,proud flesh 
TX845,TX,845,-
TX846,TX,846,-
TX847,TX,847,-
TX848,TX,848,proud flesh 
TX849,TX,849,proud flesh 
TX850,TX,850,proud flesh 
TX851,TX,851,-
TX852,TX,852,proud flesh 
TX852,TX,852,scar tissue 
TX853,TX,853,dead flesh 
TX853,TX,853,proud flesh 
TX854,TX,854,proud flesh 
TX855,TX,855,proud fresh 
TX856,TX,856,proud flesh 
TX857,TX,857,proud flesh 
TX858,TX,858,-
TX859,TX,859,proud flesh 
TX860,TX,860,proud flesh 
TX861,TX,861,proud flesh 
TX862,TX,862,-
TX863,TX,863,proud flesh 
TX864,TX,864,-
TX865,TX,865,proud flesh 
TX866,TX,866,-
TX867,TX,867,-
TX868,TX,868,-
TX869,TX,869,scar tissue 
TX870,TX,870,proud flesh 
TX871,TX,871,proud flesh 
TX872,TX,872,-
TX873,TX,873,plowed flesh 
TX874,TX,874,dead flesh 
TX874,TX,874,proud flesh 
TX875,TX,875,proud flesh 
TX875,TX,875,wild flesh 
TX876,TX,876,-
TX877,TX,877,proud flesh 
TX878,TX,878,proud flesh 
TX879,TX,879,-
TX880,TX,880,-
TX881,TX,881,-
TX882,TX,882,proud flesh 
TX883,TX,883,-
TX884,TX,884,-
TX885,TX,885,wild flesh 
TX886,TX,886,-
TX887,TX,887,proud flesh 
TX888,TX,888,-
TX889,TX,889,-
TX890,TX,890,-
TX891,TX,891,-
TX892,TX,892,-
TX893,TX,893,-
TX894,TX,894,proud flesh 
TX895,TX,895,-
TX896,TX,896,-
TX897,TX,897,-
TX898,TX,898,-
TX899,TX,899,dead flesh 
TX900,TX,900,-
TX901,TX,901,-
TX902,TX,902,-
TX903,TX,903,-
TX904,TX,904,proud flesh 
TX905,TX,905,proud flesh 
TX906,TX,906,-
TX907,TX,907,-
TX908,TX,908,proud flesh 
TX909,TX,909,-
TX910,TX,910,proud flesh 
TX911,TX,911,-
