Informant,State,Informant number,Response
TN001,TN,001,funeral 
TN002,TN,002,funeral 
TN003,TN,003,funeral 
TN004,TN,004,funeral 
TN005,TN,005,funeral 
TN006,TN,006,funeral 
TN007,TN,007,funeral 
TN008,TN,008,-
TN009,TN,009,-
TN010,TN,010,funeral 
TN011,TN,011,funeral 
TN012,TN,012,funeral 
TN013,TN,013,funeral 
TN014,TN,014,funeral 
TN015,TN,015,funeral 
TN016,TN,016,graveside service(s) 
TN016,TN,016,service(s) 
TN017,TN,017,funeral 
TN018,TN,018,funeral 
TN019,TN,019,funeral 
TN020,TN,020,funeral 
TN021,TN,021,funeral 
TN022,TN,022,funeral 
TN023,TN,023,funeral 
TN024,TN,024,funeral 
TN025,TN,025,-
TN026,TN,026,funeral 
TN027,TN,027,funeral 
TN028,TN,028,funeral 
TN029,TN,029,funeral service 
TN030,TN,030,funeral 
TN031,TN,031,funeral 
TN032,TN,032,funeral 
TN033,TN,033,funeral 
TN034,TN,034,funeral 
TN035,TN,035,funeral service 
TN036,TN,036,funeral 
TN037,TN,037,funeral 
TN038,TN,038,burial 
TN039,TN,039,funeral 
TN040,TN,040,funeral 
TN041,TN,041,funeral 
TN042,TN,042,funeral 
TN043,TN,043,burying 
TN044,TN,044,funeral 
TN045,TN,045,funeral 
TN046,TN,046,funeral 
TN047,TN,047,funeral 
TN048,TN,048,funeral 
TN049,TN,049,funeral 
TN050,TN,050,funeral 
TN051,TN,051,funeral 
TN052,TN,052,funeral 
TN053,TN,053,funeral 
TN054,TN,054,funeral 
TN055,TN,055,funeral 
TN056,TN,056,-
TN057,TN,057,funeral 
TN058,TN,058,funeral 
TN059,TN,059,funeral 
TN060,TN,060,funeral 
GA061,GA,061,funeral 
GA062,GA,062,burial 
GA062,GA,062,funeral 
GA063,GA,063,-
GA064,GA,064,funeral 
GA065,GA,065,funeral 
GA066,GA,066,funeral 
GA067,GA,067,funeral 
GA068,GA,068,-
GA069,GA,069,funeral 
GA070,GA,070,funeral 
GA071,GA,071,-
GA072,GA,072,funeral 
GA073,GA,073,funeral 
GA074,GA,074,burying 
GA074,GA,074,funeral 
GA075,GA,075,funeral 
GA076,GA,076,funeral 
GA076,GA,076,interment 
GA077,GA,077,funeral 
GA078,GA,078,funeral 
GA079,GA,079,funeral 
GA080,GA,080,-
GA081,GA,081,funeral service 
GA082,GA,082,-
GA083,GA,083,funeral 
GA084,GA,084,funeral 
GA085,GA,085,funeral 
GA086,GA,086,funeral 
GA087,GA,087,funeral 
GA088,GA,088,funeral 
GA089,GA,089,-
GA090,GA,090,funeral 
GA091,GA,091,funeral 
GA092,GA,092,-
GA093,GA,093,funeral 
GA094,GA,094,service(s) 
GA095,GA,095,funeral 
GA095,GA,095,rite(s) 
GA096,GA,096,funeral 
GA096,GA,096,graveside service(s) 
GA097,GA,097,funeral 
GA097,GA,097,funeral service 
GA097,GA,097,last rites 
GA098,GA,098,funeral 
GA099,GA,099,funeral 
GA100,GA,100,funeral 
GA101,GA,101,funeral 
GA102,GA,102,funeral 
GA103,GA,103,funeral 
GA103,GA,103,obsequies 
GA103,GA,103,requiem 
GA103,GA,103,rite(s) 
GA103,GA,103,service(s) 
GA104,GA,104,funeral 
GA105,GA,105,funeral 
GA105,GA,105,funeral service 
GA105,GA,105,graveside service(s) 
GA106,GA,106,funeral 
GA107,GA,107,funeral 
GA107,GA,107,grave rites 
GA108,GA,108,funeral 
GA109,GA,109,funeral 
GA110,GA,110,funeral 
GA111,GA,111,funeral 
GA112,GA,112,funeral 
GA113,GA,113,funeral 
GA114,GA,114,-
GA115,GA,115,funeral 
GA116,GA,116,funeral 
GA117,GA,117,funeral 
GA118,GA,118,funeral 
GA119,GA,119,funeral 
GA120,GA,120,-
GA121,GA,121,funeral 
GA122,GA,122,funeral 
GA123,GA,123,funeral 
GA124,GA,124,burial 
GA124,GA,124,funeral 
GA125,GA,125,funeral 
GA126,GA,126,-
GA127,GA,127,-
GA128,GA,128,-
GA129,GA,129,-
GA130,GA,130,-
GA131,GA,131,funeral service 
GA132,GA,132,-
GA133,GA,133,funeral 
GA134,GA,134,funeral 
GA135,GA,135,burial 
GA135,GA,135,funeral 
GA136,GA,136,funeral 
GA137,GA,137,funeral service 
GA137,GA,137,interment 
GA137,GA,137,service(s) 
GA138,GA,138,funeral 
GA139,GA,139,funeral 
GA140,GA,140,funeral 
GA141,GA,141,funeral 
GA142,GA,142,-
GA143,GA,143,funeral 
GA144,GA,144,funeral 
GA145,GA,145,-
GA146,GA,146,funeral 
GA147,GA,147,-
GA148,GA,148,burial 
GA148,GA,148,funeral 
GA149,GA,149,funeral 
GA150,GA,150,funeral 
GA151,GA,151,funeral 
GA152,GA,152,funeral 
GA153,GA,153,-
GA154,GA,154,funeral 
GA155,GA,155,funeral 
GA156,GA,156,-
GA157,GA,157,-
GA158,GA,158,-
GA159,GA,159,funeral 
GA160,GA,160,-
GA161,GA,161,-
GA162,GA,162,funeral 
GA163,GA,163,funeral 
GA163,GA,163,funeral service 
GA164,GA,164,funeral 
GA165,GA,165,funeral 
GA166,GA,166,funeral 
GA167,GA,167,funeral 
GA168,GA,168,-
GA169,GA,169,-
GA170,GA,170,funeral 
GA171,GA,171,funeral 
GA172,GA,172,funeral 
GA173,GA,173,-
GA174,GA,174,-
GA175,GA,175,funeral 
GA176,GA,176,-
GA177,GA,177,funeral 
GA178,GA,178,-
GA179,GA,179,funeral 
GA180,GA,180,funeral 
GA181,GA,181,funeral 
GA182,GA,182,-
GA183,GA,183,funeral 
GA184,GA,184,funeral service 
GA184,GA,184,graveside service(s) 
GA184,GA,184,planting [facetious] 
GA185,GA,185,-
GA186,GA,186,funeral 
GA187,GA,187,-
GA188,GA,188,burial 
GA188,GA,188,funeral 
GA189,GA,189,funeral 
GA190,GA,190,funeral service 
GA191,GA,191,funeral 
GA192,GA,192,funeral 
GA193,GA,193,funeral 
GA194,GA,194,funeral 
GA195,GA,195,funeral 
GA196,GA,196,-
GA197,GA,197,-
GA198,GA,198,-
GA199,GA,199,funeral 
GA200,GA,200,funeral 
GA201,GA,201,funeral 
GA202,GA,202,funeral 
GA203,GA,203,funeral 
GA203,GA,203,graveside service(s) 
GA204,GA,204,-
GA205,GA,205,-
GA206,GA,206,funeral 
GA207,GA,207,funeral 
GA208,GA,208,funeral 
GA208,GA,208,service(s) 
GA209,GA,209,funeral 
GA210,GA,210,funeral 
GA211,GA,211,funeral 
GA212,GA,212,funeral 
GA213,GA,213,funeral 
GA214,GA,214,funeral 
GA215,GA,215,burial 
GA215,GA,215,funeral 
GA216,GA,216,funeral 
GA217,GA,217,funeral 
GA218,GA,218,-
GA219,GA,219,funeral 
GA220,GA,220,funeral 
GA221,GA,221,funeral 
GA222,GA,222,double funeral 
GA222,GA,222,funeral 
GA223,GA,223,funeral 
GA223,GA,223,graveside service(s) 
GA224,GA,224,funeral 
GA225,GA,225,-
FL226,FL,226,funeral 
FL227,FL,227,funeral 
FL228,FL,228,funeral 
FL229,FL,229,funeral 
FL230,FL,230,funeral 
FL231,FL,231,funeral 
FL232,FL,232,interment 
FL233,FL,233,-
FL234,FL,234,funeral 
FL235,FL,235,funeral 
FL236,FL,236,funeral 
FL237,FL,237,funeral 
FL238,FL,238,funeral 
FL239,FL,239,funeral 
FL240,FL,240,funeral 
FL241,FL,241,funeral 
FL242,FL,242,funeral 
FL243,FL,243,funeral 
FL244,FL,244,funeral 
FL245,FL,245,funeral 
FL246,FL,246,funeral 
FL247,FL,247,funeral 
FL248,FL,248,funeral 
FL248,FL,248,service(s) 
FL249,FL,249,funeral service 
FL250,FL,250,funeral 
FL251,FL,251,-
FL252,FL,252,funeral 
FL253,FL,253,funeral 
FL254,FL,254,burial 
FL254,FL,254,burial service(s) 
FL254,FL,254,funeral 
FL255,FL,255,funeral service 
FL256,FL,256,funeral 
FL257,FL,257,funeral 
FL258,FL,258,funeral 
FL259,FL,259,funeral 
FL260,FL,260,funeral 
FL261,FL,261,funeral 
FL262,FL,262,graveside ceremony 
FL263,FL,263,funeral 
FL264,FL,264,funeral 
FL265,FL,265,funeral 
FL266,FL,266,funeral 
FL267,FL,267,funeral 
FL268,FL,268,-
FL269,FL,269,funeral 
FL270,FL,270,funeral 
FL271,FL,271,funeral 
FL272,FL,272,burial service(s) 
FL272,FL,272,funeral 
FL272,FL,272,service(s) 
FL273,FL,273,funeral 
FL274,FL,274,funeral 
FL275,FL,275,funeral 
FL276,FL,276,funeral 
FL277,FL,277,burial ceremony 
FL278,FL,278,funeral 
FL279,FL,279,funeral 
FL280,FL,280,funeral 
FL281,FL,281,funeral 
FL282,FL,282,funeral 
FL283,FL,283,funeral 
FL284,FL,284,-
FL285,FL,285,burial 
FL286,FL,286,funeral 
FL287,FL,287,-
FL288,FL,288,ceremony 
FL288,FL,288,funeral 
FL289,FL,289,burial 
FL289,FL,289,funeral 
TN290,TN,290,funeral 
TN291,TN,291,funeral 
TN292,TN,292,funeral 
TN293,TN,293,funeral 
TN294,TN,294,funeral 
TN295,TN,295,funeral 
TN296,TN,296,funeral 
TN297,TN,297,funeral 
TN298,TN,298,-
TN299,TN,299,funeral 
TN300,TN,300,burial 
TN300,TN,300,funeral 
TN301,TN,301,funeral 
TN302,TN,302,funeral 
TN303,TN,303,ceremony 
TN304,TN,304,funeral 
TN305,TN,305,funeral 
TN306,TN,306,burial ceremony 
TN306,TN,306,funeral 
TN307,TN,307,funeral 
TN308,TN,308,funeral 
TN308,TN,308,funeral service 
TN309,TN,309,funeral 
TN310,TN,310,-
TN311,TN,311,burial 
TN311,TN,311,funeral 
TN312,TN,312,funeral service 
TN313,TN,313,funeral 
TN314,TN,314,funeral 
TN315,TN,315,funeral 
TN316,TN,316,funeral 
TN317,TN,317,funeral 
TN318,TN,318,-
TN319,TN,319,-
TN320,TN,320,funeral 
TN321,TN,321,funeral 
TN322,TN,322,funeral 
TN323,TN,323,funeral 
TN324,TN,324,funeral 
TN325,TN,325,funeral 
TN326,TN,326,funeral 
TN327,TN,327,funeral 
TN328,TN,328,-
TN329,TN,329,funeral 
TN330,TN,330,funeral 
TN331,TN,331,funeral 
TN332,TN,332,funeral 
TN333,TN,333,funeral 
TN334,TN,334,funeral 
TN335,TN,335,funeral 
TN336,TN,336,funeral 
AL337,AL,337,funeral 
AL338,AL,338,funeral 
AL339,AL,339,funeral 
AL340,AL,340,funeral 
AL341,AL,341,funeral 
AL342,AL,342,funeral 
AL343,AL,343,funeral 
AL344,AL,344,funeral 
AL345,AL,345,-
AL346,AL,346,funeral 
AL347,AL,347,funeral 
AL348,AL,348,funeral 
AL349,AL,349,funeral 
AL350,AL,350,-
AL351,AL,351,funeral 
AL352,AL,352,funeral 
AL353,AL,353,funeral 
AL354,AL,354,service(s) 
AL355,AL,355,funeral 
AL356,AL,356,burial 
AL356,AL,356,funeral 
AL357,AL,357,funeral 
AL358,AL,358,funeral 
AL358,AL,358,service(s) 
AL359,AL,359,-
AL360,AL,360,funeral 
AL361,AL,361,funeral service 
AL362,AL,362,-
AL363,AL,363,funeral 
AL364,AL,364,funeral 
AL365,AL,365,funeral 
AL366,AL,366,funeral 
AL367,AL,367,funeral 
AL367,AL,367,funeral service 
AL367,AL,367,graveside service(s) 
AL368,AL,368,funeral 
AL369,AL,369,burial ceremony 
AL370,AL,370,funeral 
AL371,AL,371,funeral 
AL372,AL,372,funeral 
AL373,AL,373,funeral 
AL374,AL,374,funeral 
AL375,AL,375,funeral 
AL376,AL,376,-
AL377,AL,377,funeral 
AL378,AL,378,funeral 
AL379,AL,379,funeral 
AL380,AL,380,laying to rest 
AL381,AL,381,funeral 
AL382,AL,382,funeral 
AL382,AL,382,graveside service(s) 
AL383,AL,383,funeral 
AL384,AL,384,funeral 
AL385,AL,385,funeral 
AL386,AL,386,funeral 
AL387,AL,387,funeral 
AL388,AL,388,funeral 
AL389,AL,389,-
AL390,AL,390,funeral 
AL391,AL,391,funeral 
AL392,AL,392,funeral 
AL393,AL,393,funeral 
AL394,AL,394,funeral 
AL395,AL,395,funeral 
AL396,AL,396,funeral 
AL397,AL,397,funeral 
AL398,AL,398,funeral 
AL399,AL,399,funeral 
AL399,AL,399,last rites 
AL400,AL,400,funeral 
AL401,AL,401,funeral 
AL402,AL,402,funeral 
AL403,AL,403,funeral 
AL404,AL,404,funeral 
AL405,AL,405,funeral 
AL406,AL,406,burial 
AL406,AL,406,funeral 
AL407,AL,407,funeral 
AL408,AL,408,funeral 
AL408,AL,408,graveside service(s) 
AL408,AL,408,last rites 
AL409,AL,409,funeral 
AL410,AL,410,-
AL411,AL,411,funeral 
AL412,AL,412,-
AL413,AL,413,funeral 
AL413,AL,413,graveside ceremony 
AL414,AL,414,funeral 
AL415,AL,415,funeral 
AL416,AL,416,funeral 
AL416,AL,416,graveside service(s) 
AL417,AL,417,funeral 
AL418,AL,418,funeral 
AL418,AL,418,graveside rites 
AL418,AL,418,rite(s) 
AL419,AL,419,funeral 
AL420,AL,420,church funeral 
AL420,AL,420,funeral 
AL421,AL,421,funeral 
AL422,AL,422,funeral 
AL423,AL,423,funeral 
AL424,AL,424,funeral 
AL425,AL,425,funeral 
AL425,AL,425,nigger funeral 
AL426,AL,426,funeral 
AL427,AL,427,funeral 
AL428,AL,428,funeral 
AL429,AL,429,-
AL430,AL,430,funeral 
AL431,AL,431,funeral 
AL431,AL,431,service(s) 
AL432,AL,432,-
AL433,AL,433,funeral 
AL434,AL,434,funeral 
AL435,AL,435,funeral service 
AL436,AL,436,funeral 
AL437,AL,437,funeral 
AL438,AL,438,funeral 
AL439,AL,439,funeral 
AL440,AL,440,funeral 
AL441,AL,441,burial ceremony 
AL441,AL,441,funeral 
AL442,AL,442,funeral 
AL443,AL,443,funeral 
AL444,AL,444,funeral 
AL445,AL,445,funeral 
AL446,AL,446,funeral 
AL447,AL,447,funeral 
AL448,AL,448,funeral 
AL449,AL,449,burial 
AL449,AL,449,funeral 
AL450,AL,450,funeral 
AL451,AL,451,funeral 
FL452,FL,452,funeral 
FL453,FL,453,funeral 
FL454,FL,454,funeral 
FL455,FL,455,funeral 
FL456,FL,456,funeral 
FL456,FL,456,funeral service 
FL457,FL,457,funeral 
FL458,FL,458,funeral service 
FL459,FL,459,-
FL460,FL,460,funeral 
FL461,FL,461,burying 
FL461,FL,461,funeral 
FL462,FL,462,funeral 
FL463,FL,463,funeral 
FL464,FL,464,funeral 
FL465,FL,465,funeral 
FL466,FL,466,funeral 
FL467,FL,467,funeral 
FL468,FL,468,funeral 
FL469,FL,469,funeral 
FL470,FL,470,funeral 
FL471,FL,471,funeral 
AL472,AL,472,funeral 
AL473,AL,473,burial 
AL473,AL,473,funeral 
AL474,AL,474,funeral 
AL475,AL,475,funeral service 
AL476,AL,476,funeral 
AL477,AL,477,funeral 
AL478,AL,478,funeral 
AL479,AL,479,funeral 
AL480,AL,480,burial 
AL480,AL,480,funeral 
AL481,AL,481,funeral 
AL482,AL,482,-
AL483,AL,483,-
AL484,AL,484,funeral 
AL485,AL,485,funeral 
TN486,TN,486,-
TN487,TN,487,burial 
TN487,TN,487,funeral 
TN488,TN,488,funeral 
TN489,TN,489,funeral 
TN490,TN,490,funeral 
TN491,TN,491,-
TN492,TN,492,funeral 
TN493,TN,493,funeral 
TN494,TN,494,funeral 
TN495,TN,495,funeral 
TN496,TN,496,funeral 
TN496,TN,496,funeral service 
TN497,TN,497,funeral 
TN498,TN,498,funeral 
TN499,TN,499,funeral 
TN500,TN,500,funeral 
TN501,TN,501,funeral 
TN502,TN,502,burial 
TN503,TN,503,-
TN504,TN,504,funeral 
TN505,TN,505,funeral 
TN506,TN,506,funeral 
TN507,TN,507,-
TN508,TN,508,funeral 
TN509,TN,509,funeral 
TN510,TN,510,-
TN511,TN,511,funeral 
TN512,TN,512,funeral 
TN513,TN,513,service(s) 
TN514,TN,514,funeral 
TN515,TN,515,-
TN516,TN,516,burial 
TN516,TN,516,funeral 
TN517,TN,517,funeral 
TN517,TN,517,graveside 
TN518,TN,518,funeral 
TN519,TN,519,funeral 
MS520,MS,520,funeral 
MS521,MS,521,funeral 
MS522,MS,522,funeral 
MS523,MS,523,-
MS524,MS,524,funeral 
MS525,MS,525,funeral 
MS526,MS,526,-
MS527,MS,527,funeral 
MS528,MS,528,funeral 
MS529,MS,529,-
MS530,MS,530,funeral 
MS531,MS,531,funeral 
MS532,MS,532,funeral 
MS533,MS,533,funeral 
MS534,MS,534,funeral 
MS535,MS,535,funeral 
MS536,MS,536,service(s) 
MS537,MS,537,funeral 
MS538,MS,538,funeral 
MS539,MS,539,funeral 
MS540,MS,540,funeral 
MS541,MS,541,funeral 
MS542,MS,542,burial 
MS542,MS,542,ceremony 
MS543,MS,543,funeral 
MS544,MS,544,funeral 
MS545,MS,545,funeral 
MS546,MS,546,funeral 
MS547,MS,547,funeral 
MS548,MS,548,funeral 
MS549,MS,549,funeral 
MS550,MS,550,-
MS551,MS,551,funeral 
MS552,MS,552,funeral 
MS553,MS,553,funeral 
MS554,MS,554,-
MS555,MS,555,funeral 
MS556,MS,556,burial 
MS556,MS,556,funeral 
MS557,MS,557,funeral 
MS558,MS,558,funeral 
MS559,MS,559,funeral 
MS560,MS,560,funeral 
MS561,MS,561,-
MS562,MS,562,funeral 
MS563,MS,563,funeral service 
MS564,MS,564,funeral 
MS565,MS,565,burial 
MS565,MS,565,service(s) 
MS566,MS,566,-
MS567,MS,567,funeral 
MS568,MS,568,-
MS569,MS,569,burial ceremony 
MS570,MS,570,funeral 
MS571,MS,571,last rites 
MS572,MS,572,funeral 
MS573,MS,573,funeral 
MS574,MS,574,burial 
MS574,MS,574,funeral 
MS575,MS,575,funeral 
MS576,MS,576,funeral 
MS577,MS,577,funeral 
MS578,MS,578,-
MS579,MS,579,funeral 
MS580,MS,580,-
MS581,MS,581,-
MS582,MS,582,-
MS583,MS,583,burial 
MS583,MS,583,funeral 
MS584,MS,584,funeral 
MS585,MS,585,funeral 
MS586,MS,586,-
MS587,MS,587,-
MS588,MS,588,-
MS589,MS,589,funeral 
MS590,MS,590,funeral 
MS591,MS,591,funeral 
MS592,MS,592,funeral 
MS593,MS,593,funeral 
MS594,MS,594,funeral 
MS595,MS,595,funeral 
MS596,MS,596,-
MS597,MS,597,funeral 
MS598,MS,598,funeral 
MS599,MS,599,funeral 
MS600,MS,600,funeral 
MS601,MS,601,funeral 
MS602,MS,602,funeral 
MS603,MS,603,-
MS604,MS,604,funeral 
MS605,MS,605,funeral 
MS606,MS,606,funeral 
MS607,MS,607,funeral 
MS608,MS,608,funeral 
MS609,MS,609,funeral 
MS610,MS,610,funeral 
MS611,MS,611,funeral 
MS612,MS,612,-
MS613,MS,613,funeral service 
MS614,MS,614,-
MS615,MS,615,funeral 
MS616,MS,616,funeral 
MS617,MS,617,funeral 
MS618,MS,618,funeral 
MS619,MS,619,funeral 
MS620,MS,620,funeral 
MS621,MS,621,funeral 
MS622,MS,622,funeral 
MS623,MS,623,funeral 
MS624,MS,624,funeral 
MS625,MS,625,funeral 
MS626,MS,626,-
MS627,MS,627,funeral 
MS628,MS,628,funeral 
MS629,MS,629,funeral 
LA630,LA,630,funeral 
LA631,LA,631,funeral 
LA632,LA,632,funeral 
LA633,LA,633,funeral 
LA634,LA,634,funeral 
LA635,LA,635,funeral 
LA636,LA,636,funeral 
LA637,LA,637,funeral 
LA638,LA,638,funeral 
LA639,LA,639,funeral 
LA640,LA,640,funeral 
LA641,LA,641,funeral 
LA642,LA,642,-
LA643,LA,643,ceremony 
LA643,LA,643,funeral 
LA644,LA,644,funeral 
LA645,LA,645,funeral 
LA646,LA,646,funeral 
LA647,LA,647,-
LA648,LA,648,funeral 
LA649,LA,649,funeral 
LA650,LA,650,funeral 
LA651,LA,651,funeral 
LA652,LA,652,burial 
LA653,LA,653,funeral 
LA654,LA,654,burial 
LA655,LA,655,-
LA656,LA,656,funeral 
LA657,LA,657,funeral 
LA657X,LA,657X,funeral 
LA657X,LA,657X,funeral rites 
LA657Y,LA,657Y,funeral 
LA657Z,LA,657Z,funeral 
LA658,LA,658,funeral 
LA659,LA,659,-
LA660,LA,660,funeral 
LA661,LA,661,funeral 
LA662,LA,662,funeral 
LA663,LA,663,funeral 
LA664,LA,664,funeral 
LA665,LA,665,funeral 
LA666,LA,666,funeral 
LA667,LA,667,funeral 
LA668,LA,668,funeral 
LA669,LA,669,funeral 
LA670,LA,670,funeral 
LA671,LA,671,funeral 
LA672,LA,672,funeral 
LA673,LA,673,funeral 
AR674,AR,674,funeral 
AR675,AR,675,funeral service 
AR676,AR,676,-
AR677,AR,677,funeral 
AR678,AR,678,funeral 
AR679,AR,679,funeral 
AR680,AR,680,funeral 
AR681,AR,681,funeral 
AR682,AR,682,funeral 
AR683,AR,683,funeral 
AR684,AR,684,-
AR685,AR,685,funeral 
AR686,AR,686,burial 
AR686,AR,686,funeral 
AR687,AR,687,funeral service 
AR688,AR,688,funeral 
AR689,AR,689,funeral 
AR690,AR,690,funeral 
AR691,AR,691,funeral 
AR692,AR,692,funeral 
AR693,AR,693,funeral 
AR694,AR,694,funeral 
AR695,AR,695,funeral 
AR696,AR,696,-
AR697,AR,697,funeral 
AR698,AR,698,-
AR699,AR,699,-
AR700,AR,700,-
AR701,AR,701,-
AR702,AR,702,-
AR703,AR,703,funeral 
AR704,AR,704,-
AR705,AR,705,funeral 
AR706,AR,706,-
AR707,AR,707,funeral 
AR708,AR,708,funeral 
AR709,AR,709,funeral 
AR710,AR,710,funeral 
AR711,AR,711,funeral 
AR712,AR,712,funeral 
AR713,AR,713,funeral 
AR714,AR,714,funeral 
AR715,AR,715,funeral 
AR716,AR,716,funeral 
AR717,AR,717,funeral 
AR718,AR,718,funeral 
AR719,AR,719,funeral 
AR720,AR,720,funeral 
AR721,AR,721,funeral ceremony 
AR722,AR,722,funeral 
AR723,AR,723,funeral 
AR724,AR,724,funeral 
AR725,AR,725,"bye-bye, the [facetious] "
AR725,AR,725,funeral 
AR726,AR,726,funeral 
AR727,AR,727,funeral 
AR728,AR,728,funeral 
AR729,AR,729,funeral 
AR730,AR,730,funeral 
AR730,AR,730,funeral service 
AR731,AR,731,funeral 
AR732,AR,732,funeral 
AR733,AR,733,-
AR734,AR,734,funeral service 
AR735,AR,735,burial 
AR735,AR,735,funeral 
AR736,AR,736,funeral 
AR737,AR,737,funeral service 
AR738,AR,738,funeral 
AR739,AR,739,-
AR740,AR,740,funeral service 
AR741,AR,741,funeral 
AR742,AR,742,funeral 
AR743,AR,743,funeral 
AR744,AR,744,funeral time 
AR744,AR,744,graveside burial 
AR745,AR,745,funeral 
AR746,AR,746,funeral 
AR747,AR,747,funeral 
AR748,AR,748,funeral 
AR749,AR,749,funeral 
AR750,AR,750,-
AR751,AR,751,burial 
AR751,AR,751,funeral 
AR752,AR,752,funeral 
AR753,AR,753,funeral 
AR754,AR,754,funeral 
AR755,AR,755,funeral 
LA756,LA,756,funeral 
LA757,LA,757,funeral 
LA758,LA,758,funeral 
LA759,LA,759,-
LA760,LA,760,funeral 
LA761,LA,761,funeral 
LA762,LA,762,-
LA763,LA,763,-
LA764,LA,764,funeral 
LA765,LA,765,funeral 
LA766,LA,766,burial 
LA766,LA,766,funeral 
LA767,LA,767,funeral 
LA768,LA,768,funeral 
LA769,LA,769,funeral 
LA770,LA,770,funeral 
LA771,LA,771,funeral 
LA772,LA,772,funeral 
LA773,LA,773,-
LA774,LA,774,-
LA775,LA,775,funeral 
LA776,LA,776,funeral 
LA777,LA,777,close-casket funeral 
LA777,LA,777,funeral 
LA778,LA,778,funeral 
LA779,LA,779,burial service(s) 
LA779,LA,779,funeral 
LA780,LA,780,funeral 
LA781,LA,781,funeral 
LA782,LA,782,-
LA783,LA,783,funeral 
LA784,LA,784,funeral 
LA785,LA,785,funeral 
LA786,LA,786,funeral 
LA787,LA,787,funeral 
LA788,LA,788,funeral 
LA789,LA,789,funeral 
LA790,LA,790,funeral 
LA791,LA,791,funeral 
LA792,LA,792,funeral 
LA793,LA,793,funeral 
LA794,LA,794,funeral 
LA795,LA,795,-
LA796,LA,796,funeral 
LA797,LA,797,funeral 
LA798,LA,798,funeral 
LA799,LA,799,-
LA800,LA,800,funeral 
LA801,LA,801,funeral 
LA802,LA,802,funeral 
LA803,LA,803,-
LA804,LA,804,-
LA805,LA,805,funeral 
LA806,LA,806,funeral 
LA807,LA,807,funeral 
LA808,LA,808,-
LA809,LA,809,funeral 
LA810,LA,810,funeral 
LA811,LA,811,funeral 
LA812,LA,812,-
LA813,LA,813,funeral 
LA814,LA,814,funeral 
LA815,LA,815,funeral 
LA816,LA,816,funeral 
LA817,LA,817,funeral 
TX818,TX,818,-
TX819,TX,819,funeral 
TX820,TX,820,funeral 
TX821,TX,821,-
TX822,TX,822,funeral 
TX823,TX,823,funeral 
TX824,TX,824,funeral 
TX825,TX,825,funeral 
TX826,TX,826,funeral 
TX827,TX,827,funeral 
TX828,TX,828,funeral 
TX829,TX,829,funeral 
TX830,TX,830,funeral 
TX831,TX,831,burial 
TX831,TX,831,funeral 
TX832,TX,832,-
TX833,TX,833,funeral 
TX834,TX,834,-
TX835,TX,835,funeral 
TX836,TX,836,funeral 
TX837,TX,837,funeral 
TX838,TX,838,funeral 
TX839,TX,839,funeral 
TX840,TX,840,funeral service 
TX841,TX,841,funeral 
TX842,TX,842,funeral 
TX843,TX,843,funeral 
TX844,TX,844,funeral 
TX845,TX,845,funeral 
TX846,TX,846,funeral 
TX847,TX,847,funeral 
TX848,TX,848,funeral service 
TX849,TX,849,funeral 
TX850,TX,850,last rites 
TX851,TX,851,funeral 
TX852,TX,852,funeral 
TX853,TX,853,funeral 
TX854,TX,854,funeral 
TX855,TX,855,-
TX856,TX,856,-
TX857,TX,857,funeral 
TX858,TX,858,funeral service 
TX859,TX,859,funeral 
TX860,TX,860,burial 
TX860,TX,860,funeral 
TX861,TX,861,funeral 
TX862,TX,862,funeral 
TX863,TX,863,funeral 
TX864,TX,864,funeral 
TX865,TX,865,funeral 
TX866,TX,866,funeral 
TX867,TX,867,funeral 
TX868,TX,868,funeral 
TX869,TX,869,funeral 
TX870,TX,870,funeral 
TX870,TX,870,memorial service 
TX871,TX,871,funeral 
TX872,TX,872,-
TX873,TX,873,funeral 
TX874,TX,874,funeral 
TX875,TX,875,funeral 
TX876,TX,876,funeral 
TX877,TX,877,funeral 
TX878,TX,878,funeral 
TX879,TX,879,-
TX880,TX,880,funeral 
TX881,TX,881,-
TX882,TX,882,funeral 
TX883,TX,883,burial 
TX883,TX,883,funeral 
TX884,TX,884,-
TX885,TX,885,funeral 
TX885,TX,885,graveside burial 
TX886,TX,886,funeral 
TX887,TX,887,funeral 
TX888,TX,888,funeral 
TX889,TX,889,funeral 
TX890,TX,890,funeral 
TX891,TX,891,funeral 
TX892,TX,892,-
TX893,TX,893,funeral 
TX894,TX,894,funeral 
TX895,TX,895,funeral 
TX896,TX,896,funeral 
TX897,TX,897,-
TX898,TX,898,burial ceremony 
TX898,TX,898,funeral 
TX898,TX,898,last rites 
TX899,TX,899,funeral 
TX899,TX,899,rite(s) 
TX900,TX,900,burial 
TX900,TX,900,funeral 
TX901,TX,901,funeral 
TX902,TX,902,funeral 
TX903,TX,903,-
TX904,TX,904,funeral 
TX905,TX,905,funeral 
TX906,TX,906,ritual 
TX906,TX,906,service(s) 
TX907,TX,907,funeral 
TX908,TX,908,church ceremony 
TX908,TX,908,funeral 
TX908,TX,908,graveside ceremony 
TX909,TX,909,-
TX910,TX,910,burial 
TX910,TX,910,funeral 
TX910,TX,910,funeral service 
TX911,TX,911,funeral 
