Informant,State,Informant number,Response
TN001,TN,001,wurI=14
TN002,TN,002,wurI=14
TN003,TN,003,wurI=14
TN004,TN,004,wurI=14
TN005,TN,005,wurI=14
TN006,TN,006,weree=13
TN007,TN,007,wur(I)
TN008,TN,008,wurId=14
TN009,TN,009,wurI=14
TN010,TN,010,wurI=14
TN011,TN,011,wuree=13
TN012,TN,012,wurI=14
TN013,TN,013,wuree=13
TN014,TN,014,wurI=14
TN015,TN,015,wurI=14
TN016,TN,016,wurI=14
TN017,TN,017,wurI=14
TN018,TN,018,wurI=14
TN019,TN,019,wurI=14
TN020,TN,020,wuree=13
TN021,TN,021,wurI=14
TN022,TN,022,wurI=14
TN023,TN,023,wurI=14
TN024,TN,024,wuree=13
TN025,TN,025,wurId=14
TN026,TN,026,-
TN027,TN,027,wurI=14
TN028,TN,028,wuree=13
TN029,TN,029,wurI=14
TN030,TN,030,wurI=14
TN031,TN,031,-
TN032,TN,032,wurI=14
TN033,TN,033,wurrI=14
TN034,TN,034,wurrI=14
TN035,TN,035,wurrI=14
TN036,TN,036,wurrI=14
TN037,TN,037,wurrI=14
TN038,TN,038,wurI=14
TN039,TN,039,wurrI=14
TN040,TN,040,wurrI=14
TN041,TN,041,wurI=14
TN042,TN,042,-
TN043,TN,043,wurI=14
TN044,TN,044,wurI=14
TN045,TN,045,wurId=14
TN046,TN,046,wur(I)
TN047,TN,047,wurrI=14
TN048,TN,048,-
TN049,TN,049,wurrI=14
TN050,TN,050,wuree=13
TN051,TN,051,wurrI=14
TN052,TN,052,wurIz=14
TN053,TN,053,wuree=13
TN054,TN,054,wurId=14
TN055,TN,055,wurI=14
TN056,TN,056,wurI=14
TN057,TN,057,wurI=14
TN058,TN,058,wurrI=14
TN059,TN,059,wurI=14
TN060,TN,060,wurI=14
GA061,GA,061,wu{r}rI=14
GA062,GA,062,wurI=14
GA063,GA,063,-
GA064,GA,064,wurI=14
GA065,GA,065,-
GA066,GA,066,wu[r](I)
GA067,GA,067,wurrI=14
GA068,GA,068,-
GA069,GA,069,wurId=14
GA070,GA,070,wurI=14
GA071,GA,071,wurI=14
GA072,GA,072,wurI=14
GA073,GA,073,wurI=14
GA074,GA,074,wurrI=14
GA075,GA,075,wurI=14
GA076,GA,076,wu{r}rI=14
GA077,GA,077,wurrI=14
GA078,GA,078,wurI=14
GA079,GA,079,wurI=14
GA080,GA,080,-
GA081,GA,081,wurI=14
GA082,GA,082,wur(I)
GA083,GA,083,wurI=14
GA084,GA,084,wurI=14
GA085,GA,085,wurrI=14
GA086,GA,086,wurrI=14
GA087,GA,087,wurrI=14
GA088,GA,088,wurI=14
GA089,GA,089,-
GA090,GA,090,wurI=14
GA091,GA,091,wurrI=14
GA092,GA,092,-
GA093,GA,093,-
GA094,GA,094,wurI=14
GA095,GA,095,wurrI=14
GA096,GA,096,wurI=14
GA097,GA,097,wurrI=14
GA098,GA,098,wurrI=14
GA099,GA,099,wurI=14
GA100,GA,100,wurI=14
GA101,GA,101,wurI=14
GA102,GA,102,wur(I)
GA103,GA,103,wurI=14
GA104,GA,104,wurI=14
GA105,GA,105,wurI=14
GA106,GA,106,wuree=13
GA107,GA,107,wuree=13
GA107,GA,107,wurI=14
GA108,GA,108,wurI=14
GA109,GA,109,wurI=14
GA110,GA,110,wurI=14
GA111,GA,111,wu{r}I=14
GA112,GA,112,wurI=14
GA113,GA,113,wuree=13
GA114,GA,114,-
GA115,GA,115,-
GA116,GA,116,wurI=14
GA117,GA,117,wurI=14
GA118,GA,118,wurI=14
GA119,GA,119,wurI=14
GA120,GA,120,wurI=14
GA121,GA,121,wurI=14
GA122,GA,122,wurI=14
GA123,GA,123,wurI=14
GA124,GA,124,wurI=14
GA125,GA,125,wurI=14
GA126,GA,126,worI=14
GA127,GA,127,-
GA128,GA,128,wu{r}rId=14
GA129,GA,129,-
GA130,GA,130,-
GA131,GA,131,wurId=14
GA132,GA,132,-
GA133,GA,133,wurI=14
GA134,GA,134,wurI=14
GA135,GA,135,wu{r}I=14
GA136,GA,136,wurrI=14
GA137,GA,137,wu[r]I=14
GA138,GA,138,wurI=14
GA139,GA,139,wurI=14
GA140,GA,140,wu{r}rI=14
GA141,GA,141,wurrI=14
GA142,GA,142,wurI=14
GA143,GA,143,wurI=14
GA144,GA,144,wurI=14
GA145,GA,145,-
GA146,GA,146,wurI=14
GA147,GA,147,-
GA148,GA,148,-
GA149,GA,149,wurI=14
GA150,GA,150,wurI=14
GA151,GA,151,wurI=14
GA152,GA,152,wurI=14
GA153,GA,153,wurIz=14
GA154,GA,154,-
GA155,GA,155,wurI=14
GA156,GA,156,-
GA157,GA,157,wurIz=14
GA158,GA,158,-
GA159,GA,159,wurI=14
GA160,GA,160,-
GA161,GA,161,wurI=14
GA162,GA,162,wurI=14
GA163,GA,163,wurI=14
GA164,GA,164,wurrI=14
GA165,GA,165,wurI=14
GA166,GA,166,wurI=14
GA167,GA,167,wawrI=14
GA168,GA,168,-
GA169,GA,169,-
GA170,GA,170,wurI=14
GA171,GA,171,wurI=14
GA172,GA,172,wurI=14
GA173,GA,173,-
GA174,GA,174,-
GA175,GA,175,-
GA176,GA,176,wurrI=14
GA177,GA,177,wurI=14
GA178,GA,178,-
GA179,GA,179,wurI=14
GA180,GA,180,wurI=14
GA181,GA,181,wurId=14
GA182,GA,182,-
GA183,GA,183,wurI=14
GA184,GA,184,wurI=14
GA185,GA,185,wurI=14
GA186,GA,186,-
GA187,GA,187,wu{r}rI=14
GA188,GA,188,-
GA189,GA,189,wurI=14
GA190,GA,190,wurI=14
GA191,GA,191,wurI=14
GA192,GA,192,wurI=14
GA193,GA,193,-
GA194,GA,194,wurI=14
GA195,GA,195,-
GA196,GA,196,-
GA197,GA,197,-
GA198,GA,198,-
GA199,GA,199,-
GA200,GA,200,wurId=14
GA201,GA,201,wurI=14
GA202,GA,202,wurI=14
GA203,GA,203,-
GA204,GA,204,-
GA205,GA,205,-
GA206,GA,206,wurI=14
GA207,GA,207,wu{r}Id=14
GA208,GA,208,wurI=14
GA209,GA,209,wurI=14
GA209,GA,209,wurrI=14
GA210,GA,210,wurI=14
GA211,GA,211,wurI=14
GA212,GA,212,wurI=14
GA213,GA,213,wurI=14
GA214,GA,214,wurI=14
GA215,GA,215,wurI=14
GA216,GA,216,wurI=14
GA217,GA,217,wurI=14
GA218,GA,218,wurId=14
GA219,GA,219,-
GA220,GA,220,wurrI=14
GA221,GA,221,wurI=14
GA222,GA,222,wurI=14
GA223,GA,223,-
GA224,GA,224,wue(r)Id=14
GA225,GA,225,-
FL226,FL,226,worI=14
FL227,FL,227,wurrI=14
FL228,FL,228,wuree=13
FL229,FL,229,wurI=14
FL230,FL,230,wurI=14
FL231,FL,231,wurI=14
FL232,FL,232,wurrI=14
FL233,FL,233,wurI=14
FL234,FL,234,wurI=14
FL235,FL,235,wurrI=14
FL236,FL,236,-
FL237,FL,237,wu{r}I=14
FL238,FL,238,wuree=13
FL239,FL,239,wurI=14
FL240,FL,240,wurI=14
FL241,FL,241,-
FL242,FL,242,wuree=13
FL243,FL,243,wurI=14
FL244,FL,244,wu{r}I=14
FL245,FL,245,-
FL246,FL,246,wurI=14
FL247,FL,247,wurI=14
FL248,FL,248,wurId=14
FL249,FL,249,wurrI=14
FL250,FL,250,wu{r}I=14
FL251,FL,251,-
FL252,FL,252,-
FL253,FL,253,wurI=14
FL254,FL,254,wurI=14
FL255,FL,255,wurI=14
FL256,FL,256,wurrI=14
FL257,FL,257,wurI=14
FL258,FL,258,-
FL259,FL,259,wu[r]I=14
FL260,FL,260,wurI=14
FL261,FL,261,wurI=14
FL262,FL,262,wurI=14
FL263,FL,263,wurI=14
FL264,FL,264,wurI=14
FL265,FL,265,wurI=14
FL266,FL,266,wurI=14
FL267,FL,267,wurI=14
FL268,FL,268,-
FL269,FL,269,wurrI=14
FL270,FL,270,wurrI=14
FL271,FL,271,wurI=14
FL272,FL,272,wurI=14
FL273,FL,273,wurI=14
FL274,FL,274,wurI=14
FL275,FL,275,wurId=14
FL276,FL,276,wurrI=14
FL277,FL,277,wurI=14
FL278,FL,278,wurI=14
FL279,FL,279,wurI=14
FL280,FL,280,wu{r}rI=14
FL281,FL,281,wurrI=14
FL282,FL,282,-
FL283,FL,283,wurA=14
FL284,FL,284,wurI=14
FL285,FL,285,-
FL286,FL,286,wurrI=14
FL287,FL,287,-
FL288,FL,288,wur(I)
FL289,FL,289,wurI=14
TN290,TN,290,wurrI=14
TN291,TN,291,wurI=14
TN292,TN,292,wurrI=14
TN293,TN,293,wurI=14
TN294,TN,294,wurI=14
TN295,TN,295,wurI=14
TN296,TN,296,wurI=14
TN297,TN,297,werI=14
TN298,TN,298,-
TN299,TN,299,wurrI=14
TN300,TN,300,wurrI=14
TN301,TN,301,wurI=14
TN302,TN,302,wurI=14
TN303,TN,303,wu{r}I=14
TN304,TN,304,wurI=14
TN305,TN,305,wurI=14
TN306,TN,306,wurI=14
TN307,TN,307,wurrI=14
TN308,TN,308,wurrI=14
TN309,TN,309,wurrI=14
TN310,TN,310,-
TN311,TN,311,wurI=14
TN312,TN,312,wurI=14
TN313,TN,313,wurI=14
TN314,TN,314,wurI=14
TN315,TN,315,wurrI=14
TN316,TN,316,wurrI=14
TN317,TN,317,wurI=14
TN317,TN,317,wu{r}rI=14
TN318,TN,318,-
TN319,TN,319,-
TN320,TN,320,wurI=14
TN321,TN,321,wurI=14
TN322,TN,322,wurI=14
TN323,TN,323,wurI=14
TN324,TN,324,wurrI=14
TN325,TN,325,wurI=14
TN326,TN,326,wurI=14
TN327,TN,327,wu{r}I=14
TN328,TN,328,wurI=14
TN329,TN,329,wurI=14
TN330,TN,330,wurI=14
TN331,TN,331,wu[r]I=14
TN332,TN,332,w{oo}rI=14
TN333,TN,333,wurrI=14
TN334,TN,334,wurI=14
TN335,TN,335,wurI=14
TN336,TN,336,wurI=14
AL337,AL,337,wurrI=14
AL338,AL,338,wurI=14
AL339,AL,339,wurI=14
AL340,AL,340,wu[r](I)
AL341,AL,341,-
AL342,AL,342,-
AL343,AL,343,woerI=14
AL344,AL,344,wurI=14
AL345,AL,345,wurI=14
AL346,AL,346,wurI=14
AL347,AL,347,wu{r}I=14
AL348,AL,348,wirI=14
AL349,AL,349,wu{r}rI=14
AL350,AL,350,wuree=13
AL350,AL,350,wu{r}I=14
AL351,AL,351,wurrI=14
AL352,AL,352,wurrI=14
AL353,AL,353,wurrI=14
AL354,AL,354,wurI=14
AL355,AL,355,wurI=14
AL356,AL,356,wurI=14
AL357,AL,357,wurI=14
AL358,AL,358,wurI=14
AL359,AL,359,-
AL360,AL,360,wurI=14
AL361,AL,361,wurI=14
AL362,AL,362,-
AL363,AL,363,wurI=14
AL364,AL,364,wurA=14
AL365,AL,365,-
AL366,AL,366,wurI=14
AL367,AL,367,wurId=14
AL368,AL,368,-
AL369,AL,369,wurrI=14
AL370,AL,370,wurI=14
AL371,AL,371,worI=14
AL372,AL,372,wurI=14
AL373,AL,373,wurrI=14
AL374,AL,374,wurI=14
AL375,AL,375,wurI=14
AL376,AL,376,-
AL377,AL,377,-
AL378,AL,378,wurI=14
AL379,AL,379,wurrI=14
AL380,AL,380,wurI=14
AL381,AL,381,wurI=14
AL382,AL,382,wurI=14
AL382,AL,382,wu{r}rI=14
AL383,AL,383,wurI=14
AL384,AL,384,wurI=14
AL385,AL,385,wurI=14
AL386,AL,386,wu{r}rI=14
AL387,AL,387,wurI=14
AL388,AL,388,wurI=14
AL389,AL,389,wurI=14
AL390,AL,390,wurI=14
AL391,AL,391,wurI=14
AL392,AL,392,wu[r]I=14
AL393,AL,393,wurI=14
AL394,AL,394,wu{r}rI=14
AL395,AL,395,wurI=14
AL396,AL,396,-
AL397,AL,397,wurrI=14
AL398,AL,398,wurI=14
AL399,AL,399,wurI=14
AL400,AL,400,wurI=14
AL401,AL,401,wu[r]I=14
AL402,AL,402,wurI=14
AL403,AL,403,wurI=14
AL404,AL,404,wurI=14
AL405,AL,405,wurrI=14
AL406,AL,406,wurI=14
AL407,AL,407,wurId=14
AL408,AL,408,wurI=14
AL409,AL,409,wurrI=14
AL410,AL,410,wurI=14
AL411,AL,411,wu{r}I=14
AL412,AL,412,-
AL413,AL,413,wurI=14
AL414,AL,414,wurrI=14
AL415,AL,415,wurI=14
AL416,AL,416,wurI=14
AL417,AL,417,wurI=14
AL418,AL,418,wurI=14
AL419,AL,419,wurI=14
AL420,AL,420,wurI=14
AL421,AL,421,wurI=14
AL422,AL,422,-
AL423,AL,423,wurI=14
AL424,AL,424,wurI=14
AL425,AL,425,-
AL426,AL,426,wurId=14
AL427,AL,427,wurI=14
AL428,AL,428,wurrI=14
AL429,AL,429,-
AL430,AL,430,wurI=14
AL431,AL,431,wurI=14
AL432,AL,432,-
AL433,AL,433,wu{r}rI=14
AL434,AL,434,wurI=14
AL434,AL,434,wu[r](I)d
AL435,AL,435,wurI=14
AL436,AL,436,wurI=14
AL437,AL,437,wurI=14
AL438,AL,438,wu[r](I)
AL439,AL,439,wu{r}rI=14
AL440,AL,440,wurI=14
AL441,AL,441,wurI=14
AL442,AL,442,wurrI=14
AL443,AL,443,wurI=14
AL444,AL,444,-
AL445,AL,445,wurrI=14
AL446,AL,446,wurI=14
AL447,AL,447,wurI=14
AL448,AL,448,wurI=14
AL449,AL,449,wurI=14
AL450,AL,450,wu{r}I=14
AL451,AL,451,wurI=14
FL452,FL,452,wurId=14
FL453,FL,453,wurI=14
FL454,FL,454,-
FL455,FL,455,wurI=14
FL456,FL,456,wu{r}rI=14
FL457,FL,457,wurI=14
FL458,FL,458,wurI=14
FL459,FL,459,-
FL460,FL,460,wu{r}rI=14
FL461,FL,461,wurI=14
FL462,FL,462,wurrI=14
FL463,FL,463,wurI=14
FL464,FL,464,wurI=14
FL465,FL,465,wurI=14
FL466,FL,466,wurI=14
FL467,FL,467,wurI=14
FL468,FL,468,-
FL469,FL,469,wurI=14
FL470,FL,470,wurI=14
FL471,FL,471,wu{r}rI=14
AL472,AL,472,werI=14
AL473,AL,473,wurI=14
AL474,AL,474,wurI=14
AL475,AL,475,wu{r}rI=14
AL476,AL,476,-
AL477,AL,477,wurI=14
AL478,AL,478,wurI=14
AL479,AL,479,wurI=14
AL480,AL,480,wu{r}rI=14
AL481,AL,481,wurrI=14
AL482,AL,482,wurI=14
AL483,AL,483,-
AL484,AL,484,wurrI=14
AL485,AL,485,wurI=14
TN486,TN,486,-
TN487,TN,487,-
TN488,TN,488,wurI=14
TN489,TN,489,wu{r}(I)
TN490,TN,490,wurrI=14
TN491,TN,491,-
TN492,TN,492,wurI=14
TN493,TN,493,-
TN494,TN,494,-
TN495,TN,495,wurI=14
TN496,TN,496,wurI=14
TN497,TN,497,-
TN498,TN,498,wurI=14
TN499,TN,499,werI=14
TN500,TN,500,-
TN501,TN,501,werI=14
TN502,TN,502,wurI=14
TN503,TN,503,wurI=14
TN504,TN,504,wurrI=14
TN505,TN,505,wurI=14
TN506,TN,506,wurI=14
TN507,TN,507,-
TN508,TN,508,wurI=14
TN509,TN,509,-
TN510,TN,510,-
TN511,TN,511,-
TN512,TN,512,-
TN513,TN,513,wurI=14
TN514,TN,514,wurrI=14
TN515,TN,515,-
TN516,TN,516,wurrI=14
TN517,TN,517,wurI=14
TN518,TN,518,wurI=14
TN519,TN,519,wu{r}rI=14
MS520,MS,520,-
MS521,MS,521,wurI=14
MS522,MS,522,wurI=14
MS523,MS,523,-
MS524,MS,524,wurI=14
MS525,MS,525,-
MS526,MS,526,-
MS527,MS,527,wurI=14
MS528,MS,528,-
MS529,MS,529,-
MS530,MS,530,wurI=14
MS531,MS,531,-
MS532,MS,532,wurI=14
MS533,MS,533,-
MS534,MS,534,wurI=14
MS535,MS,535,wurrI=14
MS536,MS,536,-
MS537,MS,537,-
MS538,MS,538,wurI=14
MS539,MS,539,wurI=14
MS540,MS,540,-
MS541,MS,541,wurId=14
MS542,MS,542,wu{r}rI=14
MS543,MS,543,wurA=14
MS544,MS,544,wurI=14
MS545,MS,545,wurI=14
MS546,MS,546,wurI=14
MS547,MS,547,-
MS548,MS,548,wurI=14
MS549,MS,549,wurI=14
MS550,MS,550,-
MS551,MS,551,-
MS552,MS,552,-
MS553,MS,553,-
MS554,MS,554,-
MS555,MS,555,-
MS556,MS,556,-
MS557,MS,557,wurI=14
MS558,MS,558,wurI=14
MS559,MS,559,-
MS560,MS,560,wurI=14
MS561,MS,561,wurI=14
MS562,MS,562,wurI=14
MS563,MS,563,wurI=14
MS564,MS,564,wurI=14
MS565,MS,565,wurI=14
MS566,MS,566,-
MS567,MS,567,-
MS568,MS,568,wurI=14
MS569,MS,569,wuree=13
MS570,MS,570,wurI=14
MS571,MS,571,wurI=14
MS572,MS,572,wurI=14
MS573,MS,573,-
MS574,MS,574,wurI=14
MS575,MS,575,wurI=14
MS576,MS,576,wurI=14
MS577,MS,577,wur(I)
MS578,MS,578,wurI=14
MS579,MS,579,wurI=14
MS580,MS,580,wu[r](I)d
MS581,MS,581,wu{r}rI=14
MS582,MS,582,wu{r}rI=14
MS583,MS,583,wurI=14
MS584,MS,584,wu{r}rI=14
MS585,MS,585,wurI=14
MS586,MS,586,-
MS587,MS,587,wurI=14
MS588,MS,588,wurI=14
MS589,MS,589,wurI=14
MS590,MS,590,wurI=14
MS591,MS,591,wurI=14
MS592,MS,592,wurI=14
MS593,MS,593,wu[r]id=13
MS594,MS,594,wurI=14
MS595,MS,595,wurI=14
MS596,MS,596,wurI=14
MS596,MS,596,wu[r]I=14
MS597,MS,597,wurI=14
MS598,MS,598,wu{r}A=14
MS599,MS,599,wurI=14
MS600,MS,600,werrI=14
MS601,MS,601,wurI=14
MS602,MS,602,wurI=14
MS603,MS,603,-
MS604,MS,604,wurId=14
MS605,MS,605,wurI=14
MS606,MS,606,wurId=14
MS607,MS,607,wurI=14
MS608,MS,608,-
MS609,MS,609,wu[r]I=14
MS610,MS,610,wurI=14
MS611,MS,611,wurrI=14
MS612,MS,612,woorI=14
MS613,MS,613,wu{r}rI=14
MS614,MS,614,wurI=14
MS615,MS,615,worI=14
MS616,MS,616,wurI=14
MS617,MS,617,wurrI=14
MS618,MS,618,-
MS619,MS,619,-
MS620,MS,620,-
MS621,MS,621,wurrI=14
MS622,MS,622,wurI=14
MS623,MS,623,wurrI=14
MS624,MS,624,wurI=14
MS625,MS,625,wurI=14
MS626,MS,626,-
MS627,MS,627,wurrI=14
MS628,MS,628,wurI=14
MS629,MS,629,wurId=14
LA630,LA,630,wurI=14
LA631,LA,631,wurI=14
LA632,LA,632,wurId=14
LA633,LA,633,-
LA634,LA,634,wurI=14
LA635,LA,635,wurI=14
LA636,LA,636,we{r}I=14
LA637,LA,637,wurI=14
LA638,LA,638,wu[r]I=14
LA639,LA,639,-
LA640,LA,640,wurI=14
LA641,LA,641,wurrI=14
LA642,LA,642,-
LA643,LA,643,wurI=14
LA644,LA,644,-
LA645,LA,645,wu{r}rI=14
LA646,LA,646,wurI{d}=14
LA647,LA,647,wu{r}rI=14
LA648,LA,648,wurI=14
LA649,LA,649,wurI=14
LA650,LA,650,wurI=14
LA651,LA,651,-
LA652,LA,652,wurI=14
LA653,LA,653,wurI=14
LA654,LA,654,wurI=14
LA655,LA,655,wurI=14
LA656,LA,656,wurI=14
LA657,LA,657,woerI=14
LA657X,LA,657X,wurI=14
LA657Y,LA,657Y,wurI=14
LA657Z,LA,657Z,wurI=14
LA658,LA,658,wurI=14
LA659,LA,659,wurI=14
LA660,LA,660,-
LA661,LA,661,wurrI=14
LA662,LA,662,wurI=14
LA663,LA,663,wu[r]I=14
LA663,LA,663,wu{r}I=14
LA664,LA,664,-
LA665,LA,665,wu[r]I=14
LA666,LA,666,wu{r}I=14
LA667,LA,667,wurI{d}=14
LA668,LA,668,wu[r]{t}I=14
LA669,LA,669,wurrI=14
LA670,LA,670,wurI=14
LA671,LA,671,wurI=14
LA672,LA,672,wurI=14
LA673,LA,673,wurI=14
AR674,AR,674,werI=14
AR674,AR,674,wurI=14
AR675,AR,675,-
AR676,AR,676,wurI=14
AR677,AR,677,wurI=14
AR678,AR,678,-
AR679,AR,679,wurrI=14
AR680,AR,680,wurI=14
AR681,AR,681,wurI=14
AR682,AR,682,wurrI=14
AR683,AR,683,-
AR684,AR,684,-
AR685,AR,685,-
AR686,AR,686,-
AR687,AR,687,wirI=14
AR687,AR,687,wurId=14
AR688,AR,688,wu[r]eed=13
AR688,AR,688,wurId=14
AR689,AR,689,wurI=14
AR690,AR,690,wu{r}rI=14
AR691,AR,691,-
AR692,AR,692,wu{r}rI=14
AR693,AR,693,wurI=14
AR694,AR,694,wurrI=14
AR695,AR,695,wurrI=14
AR696,AR,696,wurI=14
AR697,AR,697,wurI=14
AR698,AR,698,-
AR699,AR,699,-
AR700,AR,700,-
AR701,AR,701,wurI=14
AR702,AR,702,-
AR703,AR,703,wurI=14
AR704,AR,704,wurrI=14
AR705,AR,705,wurI=14
AR706,AR,706,-
AR707,AR,707,-
AR708,AR,708,wurId=14
AR709,AR,709,wurI=14
AR709,AR,709,wurrI=14
AR710,AR,710,wurI=14
AR711,AR,711,-
AR712,AR,712,wurI=14
AR713,AR,713,wurI=14
AR714,AR,714,-
AR715,AR,715,wurree=13
AR716,AR,716,wu{r}rId=14
AR717,AR,717,werI=14
AR718,AR,718,werI=14
AR719,AR,719,wurrai=13
AR720,AR,720,wurI=14
AR721,AR,721,wurI=14
AR722,AR,722,wurI=14
AR723,AR,723,wurI=14
AR724,AR,724,wurId=14
AR725,AR,725,wurI=14
AR726,AR,726,wurI=14
AR727,AR,727,wurI=14
AR728,AR,728,wu[r](I)
AR729,AR,729,wurI=14
AR730,AR,730,wurId=14
AR731,AR,731,wurrI=14
AR732,AR,732,wurI=14
AR733,AR,733,-
AR734,AR,734,-
AR735,AR,735,wurrI=14
AR736,AR,736,-
AR737,AR,737,wurrI=14
AR738,AR,738,wurI=14
AR739,AR,739,-
AR740,AR,740,wurI=14
AR741,AR,741,wurI=14
AR742,AR,742,wurI=14
AR743,AR,743,wurI=14
AR744,AR,744,-
AR745,AR,745,-
AR746,AR,746,-
AR747,AR,747,wurI=14
AR748,AR,748,wurId=14
AR749,AR,749,wurI=14
AR750,AR,750,-
AR751,AR,751,wurI=14
AR752,AR,752,wu{r}rI=14
AR753,AR,753,wurI=14
AR754,AR,754,wurI=14
AR755,AR,755,wurId=14
LA756,LA,756,woorI=14
LA757,LA,757,wurId=14
LA758,LA,758,wurIz=14
LA759,LA,759,wu[r]Id=14
LA760,LA,760,wu{r}rI=14
LA761,LA,761,wu[r]I=14
LA762,LA,762,wurI=14
LA763,LA,763,-
LA764,LA,764,wu{r}I=14
LA765,LA,765,wurI=14
LA766,LA,766,wurI=14
LA767,LA,767,wurI=14
LA768,LA,768,-
LA769,LA,769,wurI=14
LA770,LA,770,wurI=14
LA771,LA,771,wurI{d}=14
LA772,LA,772,wurI=14
LA773,LA,773,wurI=14
LA774,LA,774,-
LA775,LA,775,wurI=14
LA776,LA,776,wurree=13
LA777,LA,777,wurI=14
LA778,LA,778,wurI=14
LA779,LA,779,wurrI=14
LA780,LA,780,wurI=14
LA781,LA,781,-
LA782,LA,782,-
LA783,LA,783,-
LA784,LA,784,wurI=14
LA785,LA,785,wurrI=14
LA786,LA,786,wurI=14
LA787,LA,787,wurrI=14
LA788,LA,788,wu{r}rI=14
LA789,LA,789,wurI=14
LA790,LA,790,wurI=14
LA791,LA,791,wurI=14
LA792,LA,792,wurI=14
LA793,LA,793,wurI=14
LA794,LA,794,wurI=14
LA795,LA,795,-
LA796,LA,796,wurI=14
LA797,LA,797,wurrI=14
LA798,LA,798,wu{r}rI=14
LA799,LA,799,-
LA800,LA,800,wurI=14
LA801,LA,801,wuree=13
LA802,LA,802,-
LA803,LA,803,-
LA804,LA,804,-
LA805,LA,805,wurI=14
LA806,LA,806,wurI=14
LA807,LA,807,werI=14
LA808,LA,808,wurI=14
LA809,LA,809,wurI=14
LA810,LA,810,wurI{d}=14
LA811,LA,811,wurI=14
LA812,LA,812,wurI=14
LA813,LA,813,wurI=14
LA814,LA,814,wurI=14
LA815,LA,815,wureed=13
LA816,LA,816,wurrI=14
LA817,LA,817,werI=14
TX818,TX,818,-
TX819,TX,819,wurrI=14
TX820,TX,820,wurrI=14
TX821,TX,821,wu[r]I=14
TX822,TX,822,-
TX823,TX,823,wurI=14
TX824,TX,824,wurrI=14
TX825,TX,825,wu{r}I=14
TX826,TX,826,wurId=14
TX827,TX,827,wurrI=14
TX828,TX,828,wurI=14
TX829,TX,829,wu{r}rI=14
TX830,TX,830,wurrI=14
TX831,TX,831,wurI=14
TX832,TX,832,-
TX833,TX,833,wu{r}rI=14
TX834,TX,834,wurId=14
TX835,TX,835,wurI=14
TX836,TX,836,werI=14
TX836,TX,836,wu[r]I=14
TX837,TX,837,-
TX838,TX,838,-
TX839,TX,839,wurI=14
TX840,TX,840,wurId=14
TX841,TX,841,-
TX842,TX,842,wurI=14
TX843,TX,843,wurI=14
TX844,TX,844,wurrI=14
TX845,TX,845,wurI=14
TX846,TX,846,wu{r}I=14
TX847,TX,847,-
TX848,TX,848,wurrI=14
TX849,TX,849,wurI=14
TX850,TX,850,-
TX851,TX,851,wu{r}(I)
TX852,TX,852,-
TX853,TX,853,wurI=14
TX854,TX,854,wurI=14
TX855,TX,855,wurI=14
TX856,TX,856,wurI=14
TX857,TX,857,wurI=14
TX858,TX,858,wurIz=14
TX859,TX,859,wurI=14
TX860,TX,860,wurI=14
TX861,TX,861,wurI=14
TX862,TX,862,wurI=14
TX863,TX,863,wurI=14
TX864,TX,864,wurI=14
TX865,TX,865,wurrI=14
TX866,TX,866,wurI=14
TX867,TX,867,wu{r}rI=14
TX868,TX,868,wurI=14
TX868,TX,868,wu[r]I=14
TX869,TX,869,wurI=14
TX870,TX,870,wurI=14
TX871,TX,871,-
TX872,TX,872,-
TX873,TX,873,wurrI=14
TX874,TX,874,wurI=14
TX875,TX,875,wurI=14
TX876,TX,876,wurI=14
TX877,TX,877,wurI=14
TX878,TX,878,wurI=14
TX879,TX,879,-
TX880,TX,880,wurI=14
TX881,TX,881,-
TX882,TX,882,wurId=14
TX883,TX,883,wurI=14
TX884,TX,884,-
TX885,TX,885,wurI=14
TX886,TX,886,wurrI=14
TX887,TX,887,wurI=14
TX888,TX,888,wurrI=14
TX889,TX,889,wu{r}rI=14
TX890,TX,890,wurI=14
TX891,TX,891,wurI=14
TX892,TX,892,wurIz=14
TX893,TX,893,wurI=14
TX894,TX,894,wurI=14
TX895,TX,895,wurI=14
TX896,TX,896,-
TX897,TX,897,-
TX898,TX,898,wurrI=14
TX899,TX,899,wurI=14
TX900,TX,900,wurI=14
TX901,TX,901,wurI=14
TX902,TX,902,wurI=14
TX903,TX,903,-
TX904,TX,904,-
TX905,TX,905,wurI=14
TX906,TX,906,wurI=14
TX907,TX,907,wurI=14
TX908,TX,908,wurI=14
TX909,TX,909,-
TX910,TX,910,wu{r}rI=14
TX911,TX,911,wurrI=14
