Informant,State,Informant number,Response
TN001,TN,001,(in) mourning 
TN002,TN,002,(in) mourning 
TN003,TN,003,(in) mourning 
TN004,TN,004,(in) mourning 
TN005,TN,005,(in) mourning 
TN006,TN,006,(in) mourning 
TN007,TN,007,(in) mourning 
TN008,TN,008,-
TN009,TN,009,-
TN010,TN,010,(in) mourning 
TN010,TN,010,taking on (a lot) 
TN011,TN,011,(in) mourning 
TN012,TN,012,(in) mourning 
TN013,TN,013,(in) mourning 
TN014,TN,014,(in) mourning 
TN015,TN,015,(in) mourning 
TN016,TN,016,crying 
TN016,TN,016,(in) mourning 
TN016,TN,016,sobbing 
TN016,TN,016,taking on (a lot) 
TN016,TN,016,weeping 
TN017,TN,017,(in) mourning 
TN018,TN,018,(in) mourning 
TN019,TN,019,(in) mourning 
TN020,TN,020,(in) mourning 
TN021,TN,021,(in) mourning 
TN022,TN,022,(in) mourning 
TN023,TN,023,(in) mourning 
TN024,TN,024,(in) mourning 
TN025,TN,025,-
TN026,TN,026,(in) mourning 
TN027,TN,027,(in) mourning 
TN028,TN,028,(in) mourning 
TN029,TN,029,(in) mourning 
TN030,TN,030,(in) mourning 
TN031,TN,031,(in) mourning 
TN032,TN,032,(in) mourning 
TN033,TN,033,(in) mourning 
TN034,TN,034,(in) mourning 
TN035,TN,035,(in) mourning 
TN036,TN,036,(in) mourning 
TN037,TN,037,(in) mourning 
TN038,TN,038,(in) mourning 
TN039,TN,039,(in) mourning 
TN040,TN,040,(in) mourning 
TN041,TN,041,(in) mourning 
TN042,TN,042,(in) mourning 
TN043,TN,043,(in) mourning 
TN044,TN,044,(in) mourning 
TN045,TN,045,(in) mourning 
TN046,TN,046,(in) mourning 
TN047,TN,047,(in) mourning 
TN048,TN,048,(in) mourning 
TN049,TN,049,(in) mourning 
TN050,TN,050,(in) mourning 
TN051,TN,051,(in) mourning 
TN052,TN,052,-
TN053,TN,053,-
TN054,TN,054,-
TN055,TN,055,(in) mourning 
TN056,TN,056,(in) mourning 
TN057,TN,057,(in) mourning 
TN058,TN,058,carrying on 
TN058,TN,058,(in) mourning 
TN059,TN,059,(in) mourning 
TN060,TN,060,(in) mourning 
GA061,GA,061,(in) mourning 
GA062,GA,062,(in) mourning 
GA063,GA,063,-
GA064,GA,064,(in) mourning 
GA065,GA,065,(in) mourning 
GA066,GA,066,(in) mourning 
GA067,GA,067,(in) mourning 
GA068,GA,068,-
GA069,GA,069,(in) mourning 
GA070,GA,070,bereaved 
GA071,GA,071,(in) mourning 
GA072,GA,072,(in) mourning 
GA073,GA,073,(in) mourning 
GA074,GA,074,(in) mourning 
GA075,GA,075,(in) mourning 
GA076,GA,076,(in) mourning 
GA077,GA,077,(in) mourning 
GA078,GA,078,(in) mourning 
GA079,GA,079,(in) mourning 
GA080,GA,080,-
GA081,GA,081,(in) mourning 
GA082,GA,082,-
GA083,GA,083,(in) mourning 
GA084,GA,084,"taking it (mighty, etc.) hard "
GA085,GA,085,(in) mourning 
GA086,GA,086,(in) mourning 
GA087,GA,087,(in) mourning 
GA088,GA,088,(in) mourning 
GA089,GA,089,-
GA090,GA,090,(in) mourning 
GA091,GA,091,weeping 
GA092,GA,092,-
GA093,GA,093,-
GA094,GA,094,(in) mourning 
GA095,GA,095,(in) mourning 
GA096,GA,096,(in) mourning 
GA097,GA,097,(in) mourning 
GA098,GA,098,(in) mourning 
GA099,GA,099,(in) mourning 
GA100,GA,100,(in) mourning 
GA101,GA,101,(in) mourning 
GA102,GA,102,(in) mourning 
GA103,GA,103,(in) mourning 
GA103,GA,103,"taking it (mighty, etc.) hard "
GA104,GA,104,hysterical 
GA104,GA,104,(in) mourning 
GA105,GA,105,-
GA106,GA,106,(in) mourning 
GA107,GA,107,(in) mourning 
GA107,GA,107,taking on (a lot) 
GA108,GA,108,(in) mourning 
GA109,GA,109,(in) mourning 
GA110,GA,110,(in) mourning 
GA111,GA,111,(in) mourning 
GA112,GA,112,(in) mourning 
GA113,GA,113,-
GA114,GA,114,-
GA115,GA,115,-
GA116,GA,116,-
GA117,GA,117,(in) mourning 
GA117,GA,117,putting on mourning 
GA118,GA,118,(in) mourning 
GA119,GA,119,(in) mourning 
GA120,GA,120,-
GA121,GA,121,(in) mourning 
GA122,GA,122,(in) mourning 
GA123,GA,123,(in) mourning 
GA124,GA,124,(in) mourning 
GA125,GA,125,(in) mourning 
GA126,GA,126,(in) mourning 
GA127,GA,127,-
GA128,GA,128,-
GA129,GA,129,-
GA130,GA,130,-
GA131,GA,131,(in) mourning 
GA132,GA,132,-
GA133,GA,133,(in) mourning 
GA134,GA,134,mourn [=mourning] 
GA135,GA,135,(in) mourning 
GA136,GA,136,(in) mourning 
GA136,GA,136,mourn [=mourning] 
GA137,GA,137,(in) mourning 
GA138,GA,138,(in) mourning 
GA139,GA,139,(in) mourning 
GA140,GA,140,crying 
GA140,GA,140,dressed in black 
GA140,GA,140,weeping 
GA141,GA,141,(in) mourning 
GA142,GA,142,(in) mourning 
GA143,GA,143,(in) mourning 
GA144,GA,144,(in) mourning 
GA145,GA,145,going to fall out 
GA146,GA,146,(in) mourning 
GA147,GA,147,-
GA148,GA,148,(in) mourning 
GA148,GA,148,weeping 
GA149,GA,149,-
GA150,GA,150,(in) mourning 
GA151,GA,151,(in) mourning 
GA152,GA,152,(in) mourning 
GA153,GA,153,-
GA154,GA,154,(in) mourning 
GA155,GA,155,(in) mourning 
GA156,GA,156,-
GA157,GA,157,-
GA158,GA,158,-
GA159,GA,159,(in) mourning 
GA160,GA,160,-
GA161,GA,161,(in) mourning 
GA162,GA,162,all shooken up 
GA162,GA,162,(in) mourning 
GA163,GA,163,(in) mourning 
GA164,GA,164,(in) mourning 
GA165,GA,165,(in) mourning 
GA165,GA,165,"taking it (mighty, etc.) hard "
GA166,GA,166,grieved 
GA166,GA,166,(in) mourning 
GA167,GA,167,(in) mourning 
GA168,GA,168,-
GA169,GA,169,-
GA170,GA,170,(in) mourning 
GA171,GA,171,(in) mourning 
GA172,GA,172,grieved 
GA172,GA,172,hysterical 
GA172,GA,172,(in) mourning 
GA172,GA,172,putting on 
GA173,GA,173,-
GA174,GA,174,-
GA175,GA,175,-
GA176,GA,176,(in) mourning 
GA177,GA,177,(in) mourning 
GA178,GA,178,-
GA179,GA,179,(in) mourning 
GA180,GA,180,(in) mourning 
GA181,GA,181,hysterical 
GA181,GA,181,(in) mourning 
GA182,GA,182,-
GA183,GA,183,(in) mourning 
GA184,GA,184,broken up 
GA184,GA,184,(in) mourning 
GA185,GA,185,(in) mourning 
GA186,GA,186,(in) mourning 
GA187,GA,187,-
GA188,GA,188,-
GA189,GA,189,-
GA190,GA,190,(in) mourning 
GA191,GA,191,(in) mourning 
GA192,GA,192,(in) mourning 
GA193,GA,193,(in) mourning 
GA194,GA,194,(in) mourning 
GA195,GA,195,-
GA196,GA,196,-
GA197,GA,197,-
GA198,GA,198,-
GA199,GA,199,(in) mourning 
GA200,GA,200,(in) mourning 
GA200,GA,200,"taking it (mighty, etc.) hard "
GA201,GA,201,(in) grieving 
GA201,GA,201,(in) mourning 
GA202,GA,202,-
GA203,GA,203,-
GA204,GA,204,-
GA205,GA,205,-
GA206,GA,206,(in) mourning 
GA207,GA,207,(in) mourning 
GA208,GA,208,(in) mourning 
GA209,GA,209,(in) mourning 
GA210,GA,210,(in) mourning 
GA211,GA,211,(in) mourning 
GA212,GA,212,(in) mourning 
GA213,GA,213,-
GA214,GA,214,(in) mourning 
GA215,GA,215,-
GA216,GA,216,(in) mourning 
GA217,GA,217,(in) mourning 
GA218,GA,218,-
GA219,GA,219,-
GA220,GA,220,-
GA221,GA,221,(in) mourning 
GA222,GA,222,-
GA223,GA,223,(in) mourning 
GA224,GA,224,(in) mourning 
GA224,GA,224,"taking it (mighty, etc.) hard "
GA225,GA,225,-
FL226,FL,226,(in) mourning 
FL227,FL,227,-
FL228,FL,228,(in) mourning 
FL229,FL,229,(in) mourning 
FL230,FL,230,(in) mourning 
FL231,FL,231,(in) mourning 
FL232,FL,232,-
FL233,FL,233,(in) mourning 
FL234,FL,234,(in) mourning 
FL235,FL,235,(in) mourning 
FL236,FL,236,-
FL237,FL,237,(in) mourning 
FL238,FL,238,(in) mourning 
FL238,FL,238,upset 
FL239,FL,239,(in) mourning 
FL240,FL,240,(in) mourning 
FL241,FL,241,-
FL242,FL,242,(in) mourning 
FL243,FL,243,(in) mourning 
FL244,FL,244,carrying on 
FL245,FL,245,(in) mourning 
FL246,FL,246,-
FL247,FL,247,(in) mourning 
FL248,FL,248,(in) mourning 
FL249,FL,249,(in) mourning 
FL250,FL,250,-
FL251,FL,251,-
FL252,FL,252,-
FL253,FL,253,(in) mourning 
FL254,FL,254,acting a fool 
FL254,FL,254,(in) mourning 
FL255,FL,255,(in) mourning 
FL256,FL,256,-
FL257,FL,257,carrying on 
FL257,FL,257,hysterical 
FL257,FL,257,(in) mourning 
FL257,FL,257,taking on (a lot) 
FL258,FL,258,(in) mourning 
FL259,FL,259,(in) mourning 
FL260,FL,260,(in) mourning 
FL261,FL,261,in hysterics 
FL261,FL,261,(in) mourning 
FL261,FL,261,wailing 
FL261,FL,261,weeping 
FL262,FL,262,(in) mourning 
FL263,FL,263,(in) mourning 
FL264,FL,264,(in) mourning 
FL265,FL,265,-
FL266,FL,266,(in) mourning 
FL267,FL,267,(in) mourning 
FL268,FL,268,-
FL269,FL,269,(in) mourning 
FL270,FL,270,(in) mourning 
FL271,FL,271,(in) mourning 
FL272,FL,272,(in) mourning 
FL273,FL,273,(in) mourning 
FL274,FL,274,(in) mourning 
FL275,FL,275,(in) mourning 
FL276,FL,276,-
FL277,FL,277,(in) mourning 
FL278,FL,278,(in) mourning 
FL278,FL,278,taking on (a lot) 
FL279,FL,279,(in) mourning 
FL280,FL,280,(in) mourning 
FL281,FL,281,(in) mourning 
FL282,FL,282,-
FL283,FL,283,-
FL284,FL,284,(in) mourning 
FL285,FL,285,(in) mourning 
FL286,FL,286,(in) mourning 
FL287,FL,287,-
FL288,FL,288,-
FL289,FL,289,(in) mourning 
TN290,TN,290,in the mourning clothes 
TN291,TN,291,(in) mourning 
TN292,TN,292,in the mourning clothes 
TN293,TN,293,going to pieces 
TN293,TN,293,(in) mourning 
TN293,TN,293,taking on (a lot) 
TN294,TN,294,(in) mourning 
TN295,TN,295,(in) mourning 
TN295,TN,295,taking on (a lot) 
TN296,TN,296,(in) mourning 
TN297,TN,297,(in) mourning 
TN298,TN,298,(in) mourning 
TN299,TN,299,carrying on 
TN299,TN,299,(going) all to pieces 
TN299,TN,299,(in) mourning 
TN300,TN,300,carrying on 
TN300,TN,300,(in) mourning 
TN300,TN,300,taking on (a lot) 
TN301,TN,301,(in) mourning 
TN302,TN,302,(in) mourning 
TN303,TN,303,-
TN304,TN,304,(in) mourning 
TN305,TN,305,carrying on 
TN305,TN,305,(in) mourning 
TN305,TN,305,(in) sorrow 
TN305,TN,305,taking on (a lot) 
TN306,TN,306,(in) mourning 
TN307,TN,307,(in) mourning 
TN308,TN,308,-
TN309,TN,309,(in) mourning 
TN310,TN,310,(in) mourning 
TN311,TN,311,(in) mourning 
TN312,TN,312,(in) mourning 
TN313,TN,313,(in) mourning 
TN314,TN,314,grieving 
TN315,TN,315,(in) mourning 
TN316,TN,316,(in) mourning 
TN317,TN,317,(in) mourning 
TN318,TN,318,-
TN319,TN,319,-
TN320,TN,320,(in) mourning 
TN321,TN,321,(in) mourning 
TN322,TN,322,(in) mourning 
TN323,TN,323,(in) mourning 
TN324,TN,324,(in) mourning 
TN325,TN,325,(in) mourning 
TN326,TN,326,disturbed 
TN326,TN,326,(in) mourning 
TN326,TN,326,upset 
TN327,TN,327,(in) mourning 
TN328,TN,328,(in) mourning 
TN329,TN,329,(in) mourning 
TN330,TN,330,(in) mourning 
TN331,TN,331,hysterical 
TN331,TN,331,(in) mourning 
TN331,TN,331,"taking it (mighty, etc.) hard "
TN332,TN,332,(in) mourning 
TN333,TN,333,(in) mourning 
TN334,TN,334,putting on a show 
TN334,TN,334,turning loose 
TN335,TN,335,(in) mourning 
TN336,TN,336,carrying on 
TN336,TN,336,(in) mourning 
TN336,TN,336,taking on (a lot) 
AL337,AL,337,(in) mourning 
AL338,AL,338,(in) mourning 
AL339,AL,339,(in) mourning 
AL339,AL,339,in shock 
AL340,AL,340,(in) mourning 
AL341,AL,341,(in) mourning 
AL342,AL,342,(in) mourning 
AL343,AL,343,(in) mourning 
AL344,AL,344,(in) mourning 
AL345,AL,345,(in) mourning 
AL346,AL,346,-
AL347,AL,347,(in) mourning 
AL348,AL,348,(in) mourning 
AL349,AL,349,(in) mourning 
AL350,AL,350,(in) mourning 
AL351,AL,351,(in) mourning 
AL352,AL,352,(in) mourning 
AL353,AL,353,(in) mourning 
AL354,AL,354,(in) mourning 
AL355,AL,355,grieving 
AL356,AL,356,taking on (a lot) 
AL357,AL,357,(in) mourning 
AL358,AL,358,(in) mourning 
AL359,AL,359,(in) mourning 
AL360,AL,360,(in) mourning 
AL361,AL,361,(in) mourning 
AL362,AL,362,(in) mourning 
AL363,AL,363,(in) mourning 
AL364,AL,364,(in) mourning 
AL365,AL,365,(in) mourning 
AL366,AL,366,(in) mourning 
AL367,AL,367,(in) mourning 
AL368,AL,368,(in) mourning 
AL369,AL,369,(in) mourning 
AL370,AL,370,(in) mourning 
AL371,AL,371,(in) mourning 
AL372,AL,372,(in) mourning 
AL373,AL,373,(in) mourning 
AL374,AL,374,(in) mourning 
AL375,AL,375,(in) mourning 
AL376,AL,376,-
AL377,AL,377,(in) mourning 
AL378,AL,378,(in) mourning 
AL379,AL,379,(in) mourning 
AL380,AL,380,(in) mourning 
AL381,AL,381,(in) mourning 
AL382,AL,382,(in) mourning 
AL383,AL,383,(in) mourning 
AL384,AL,384,(in) mourning 
AL385,AL,385,carrying on 
AL385,AL,385,going haywire 
AL385,AL,385,taking on (a lot) 
AL386,AL,386,(in) mourning 
AL387,AL,387,(in) mourning 
AL388,AL,388,-
AL389,AL,389,(in) mourning 
AL390,AL,390,(in) mourning 
AL391,AL,391,(in) mourning 
AL392,AL,392,heartbroken 
AL392,AL,392,(in) mourning 
AL392,AL,392,nervous 
AL393,AL,393,(in) mourning 
AL394,AL,394,(in) mourning 
AL395,AL,395,(in) mourning 
AL396,AL,396,-
AL397,AL,397,(in) mourning 
AL398,AL,398,(in) mourning 
AL399,AL,399,(in) mourning 
AL400,AL,400,(in) mourning 
AL401,AL,401,(in) mourning 
AL402,AL,402,(in) mourning 
AL403,AL,403,grieving 
AL404,AL,404,(in) mourning 
AL405,AL,405,(in) mourning 
AL406,AL,406,(in) mourning 
AL407,AL,407,(in) mourning 
AL408,AL,408,hysterical 
AL408,AL,408,(in) mourning 
AL409,AL,409,(in) mourning 
AL410,AL,410,(in) mourning 
AL411,AL,411,(in) mourning 
AL412,AL,412,-
AL413,AL,413,(in) mourning 
AL414,AL,414,(in) mourning 
AL415,AL,415,(in) mourning 
AL416,AL,416,(in) mourning 
AL417,AL,417,-
AL418,AL,418,(in) mourning 
AL419,AL,419,(in) mourning 
AL420,AL,420,(in) mourning 
AL421,AL,421,(in) mourning 
AL422,AL,422,(in) mourning 
AL423,AL,423,(in) mourning 
AL424,AL,424,(in) mourning 
AL425,AL,425,carried away 
AL425,AL,425,(in) mourning 
AL426,AL,426,(in) mourning 
AL426,AL,426,nerves [X-0] stirred up 
AL427,AL,427,-
AL428,AL,428,(in) mourning 
AL429,AL,429,-
AL430,AL,430,(in) mourning 
AL431,AL,431,(in) mourning 
AL432,AL,432,-
AL433,AL,433,(in) mourning 
AL434,AL,434,hurt over it 
AL435,AL,435,hysterical 
AL435,AL,435,(in) mourning 
AL435,AL,435,taking on (a lot) 
AL436,AL,436,(in) mourning 
AL437,AL,437,carrying on 
AL437,AL,437,hysterical 
AL437,AL,437,(in) mourning 
AL438,AL,438,(in) mourning 
AL439,AL,439,(in) mourning 
AL440,AL,440,(in) mourning 
AL441,AL,441,(in) mourning 
AL442,AL,442,(in) mourning 
AL443,AL,443,(in) mourning 
AL444,AL,444,(in) mourning 
AL445,AL,445,(in) mourning 
AL446,AL,446,(in) mourning 
AL447,AL,447,(in) mourning 
AL448,AL,448,(in) mourning 
AL449,AL,449,(in) mourning 
AL450,AL,450,(in) mourning 
AL451,AL,451,(in) mourning 
FL452,FL,452,-
FL453,FL,453,-
FL454,FL,454,(in) mourning 
FL455,FL,455,(in) mourning 
FL456,FL,456,(in) mourning 
FL457,FL,457,(in) mourning 
FL458,FL,458,(in) mourning 
FL459,FL,459,-
FL460,FL,460,taking on (a lot) 
FL461,FL,461,taking on (a lot) 
FL462,FL,462,(in) mourning 
FL463,FL,463,-
FL464,FL,464,(in) mourning 
FL465,FL,465,-
FL466,FL,466,(in) mourning 
FL467,FL,467,-
FL468,FL,468,(in) mourning 
FL469,FL,469,-
FL470,FL,470,(in) mourning 
FL471,FL,471,(in) mourning 
AL472,AL,472,(in) mourning 
AL473,AL,473,carrying on 
AL473,AL,473,(in) mourning 
AL474,AL,474,(in) mourning 
AL475,AL,475,(in) mourning 
AL476,AL,476,(in) mourning 
AL477,AL,477,(in) mourning 
AL478,AL,478,-
AL479,AL,479,(in) mourning 
AL480,AL,480,(in) mourning 
AL481,AL,481,acting a fool 
AL481,AL,481,carrying on 
AL481,AL,481,(in) mourning 
AL482,AL,482,-
AL483,AL,483,-
AL484,AL,484,(in) mourning 
AL485,AL,485,(in) mourning 
TN486,TN,486,carrying on 
TN487,TN,487,(in) mourning 
TN488,TN,488,(in) mourning 
TN489,TN,489,(in) mourning 
TN490,TN,490,(in) mourning 
TN491,TN,491,-
TN492,TN,492,(in) mourning 
TN493,TN,493,(in) mourning 
TN494,TN,494,(in) mourning 
TN495,TN,495,(in) mourning 
TN496,TN,496,(in) mourning 
TN497,TN,497,(in) mourning 
TN498,TN,498,(in) mourning 
TN499,TN,499,(in) mourning 
TN500,TN,500,(in) mourning 
TN501,TN,501,(in) mourning 
TN502,TN,502,(in) mourning 
TN503,TN,503,(in) mourning 
TN504,TN,504,getting hysterical 
TN504,TN,504,(in) mourning 
TN505,TN,505,(in) mourning 
TN506,TN,506,(in) mourning 
TN507,TN,507,-
TN508,TN,508,(in) mourning 
TN509,TN,509,-
TN510,TN,510,-
TN511,TN,511,(in) mourning 
TN512,TN,512,-
TN513,TN,513,(in) mourning 
TN514,TN,514,(in) bereavement 
TN514,TN,514,(in) mourning 
TN515,TN,515,-
TN516,TN,516,(in) mourning 
TN517,TN,517,(in) mourning 
TN518,TN,518,(in) bereavement 
TN519,TN,519,(in) mourning 
MS520,MS,520,-
MS521,MS,521,hysterical 
MS521,MS,521,(in) mourning 
MS522,MS,522,(in) mourning 
MS523,MS,523,-
MS524,MS,524,(in) mourning 
MS525,MS,525,-
MS526,MS,526,-
MS527,MS,527,(in) mourning 
MS528,MS,528,(in) mourning 
MS529,MS,529,-
MS530,MS,530,grieving 
MS530,MS,530,(in) mourning 
MS531,MS,531,-
MS532,MS,532,falling out [=losing control] 
MS532,MS,532,(in) mourning 
MS533,MS,533,(in) mourning 
MS534,MS,534,-
MS535,MS,535,-
MS536,MS,536,(in) mourning 
MS537,MS,537,(in) mourning 
MS538,MS,538,(in) mourning 
MS539,MS,539,(in) mourning 
MS540,MS,540,-
MS541,MS,541,-
MS542,MS,542,-
MS543,MS,543,(in) mourning 
MS544,MS,544,(in) mourning 
MS545,MS,545,-
MS546,MS,546,-
MS547,MS,547,(in) mourning 
MS548,MS,548,(in) mourning 
MS549,MS,549,(in) mourning 
MS550,MS,550,-
MS551,MS,551,-
MS552,MS,552,(in) mourning 
MS553,MS,553,carrying on 
MS553,MS,553,(in) mourning 
MS554,MS,554,-
MS555,MS,555,(in) mourning 
MS556,MS,556,(in) mourning 
MS557,MS,557,(in) mourning 
MS558,MS,558,(in) mourning 
MS559,MS,559,-
MS560,MS,560,(in) mourning 
MS561,MS,561,-
MS562,MS,562,(in) mourning 
MS563,MS,563,(in) mourning 
MS564,MS,564,(in) mourning 
MS565,MS,565,(in) mourning 
MS566,MS,566,-
MS567,MS,567,-
MS568,MS,568,-
MS569,MS,569,(in) mourning 
MS570,MS,570,(in) mourning 
MS571,MS,571,(in) mourning 
MS572,MS,572,mourn [=mourning] 
MS573,MS,573,(in) mourning 
MS574,MS,574,(in) mourning 
MS575,MS,575,(in) mourning 
MS576,MS,576,(in) mourning 
MS577,MS,577,carrying on 
MS578,MS,578,(in) mourning 
MS579,MS,579,(in) mourning 
MS580,MS,580,(in) mourning 
MS581,MS,581,-
MS582,MS,582,(in) mourning 
MS583,MS,583,(in) mourning 
MS584,MS,584,taking on (a lot) 
MS585,MS,585,(in) mourning 
MS586,MS,586,-
MS587,MS,587,mourn [=mourning] 
MS588,MS,588,(in) mourning 
MS589,MS,589,(in) mourning 
MS590,MS,590,(in) mourning 
MS591,MS,591,(in) mourning 
MS592,MS,592,(in) mourning 
MS593,MS,593,mourn [=mourning] 
MS594,MS,594,(in) mourning 
MS595,MS,595,(in) mourning 
MS596,MS,596,taking on (a lot) 
MS597,MS,597,(in) mourning 
MS598,MS,598,(in) mourning 
MS599,MS,599,(in) mourning 
MS600,MS,600,(in) mourning 
MS601,MS,601,carrying on 
MS602,MS,602,carrying on 
MS602,MS,602,giving away 
MS603,MS,603,-
MS604,MS,604,-
MS605,MS,605,(in) mourning 
MS606,MS,606,-
MS607,MS,607,(in) mourning 
MS608,MS,608,taking on (a lot) 
MS609,MS,609,mourn [=mourning] 
MS610,MS,610,mourn [=mourning] 
MS611,MS,611,(in) mourning 
MS612,MS,612,(in) mourning 
MS613,MS,613,carrying on 
MS613,MS,613,(in) mourning 
MS613,MS,613,shook up 
MS613,MS,613,upset 
MS614,MS,614,(in) mourning 
MS615,MS,615,carrying on 
MS615,MS,615,(in) mourning 
MS616,MS,616,-
MS617,MS,617,(in) mourning 
MS618,MS,618,-
MS619,MS,619,-
MS620,MS,620,(in) mourning 
MS621,MS,621,(in) mourning 
MS622,MS,622,-
MS623,MS,623,(in) mourning 
MS624,MS,624,(in) mourning 
MS625,MS,625,(in) mourning 
MS626,MS,626,(in) mourning 
MS627,MS,627,(in) mourning 
MS628,MS,628,going into hysterics 
MS629,MS,629,(in) mourning 
LA630,LA,630,(in) mourning 
LA631,LA,631,hysterical 
LA631,LA,631,taking on (a lot) 
LA632,LA,632,(in) mourning 
LA633,LA,633,(in) mourning 
LA634,LA,634,-
LA635,LA,635,(in) mourning 
LA636,LA,636,breaking down 
LA637,LA,637,(in) mourning 
LA638,LA,638,(in) mourning 
LA639,LA,639,(in) mourning 
LA640,LA,640,(in) mourning 
LA641,LA,641,"taking it (mighty, etc.) hard "
LA642,LA,642,-
LA643,LA,643,breaking down 
LA644,LA,644,-
LA645,LA,645,(in) mourning 
LA646,LA,646,(in) mourning 
LA647,LA,647,-
LA648,LA,648,(in) mourning 
LA649,LA,649,(in) mourning 
LA650,LA,650,(in) mourning 
LA651,LA,651,-
LA652,LA,652,(in) mourning 
LA653,LA,653,getting hysterical 
LA654,LA,654,(in) mourning 
LA655,LA,655,(in) mourning 
LA656,LA,656,carrying on 
LA656,LA,656,hysterical 
LA656,LA,656,(in) mourning 
LA657,LA,657,(in) mourning 
LA657X,LA,657X,(in) full mourning 
LA657X,LA,657X,(in) mourning 
LA657X,LA,657X,(in) second mourning 
LA657Y,LA,657Y,(in) mourning 
LA657Z,LA,657Z,(in) mourning 
LA658,LA,658,(in) mourning 
LA659,LA,659,(in) mourning 
LA660,LA,660,(in) mourning 
LA661,LA,661,carrying on 
LA661,LA,661,(in) mourning 
LA662,LA,662,(in) mourning 
LA663,LA,663,(in) mourning 
LA664,LA,664,(in) mourning 
LA665,LA,665,(in) mourning 
LA666,LA,666,(in) mourning 
LA667,LA,667,(in) mourning 
LA668,LA,668,(in) mourning 
LA669,LA,669,(in) mourning 
LA670,LA,670,(in) mourning 
LA671,LA,671,carrying on 
LA671,LA,671,(in) mourning 
LA672,LA,672,carrying on 
LA672,LA,672,going on 
LA672,LA,672,(in) mourning 
LA673,LA,673,getting hysterical 
LA673,LA,673,(in) mourning 
AR674,AR,674,broken up 
AR674,AR,674,(in) mourning 
AR675,AR,675,(in) mourning 
AR676,AR,676,-
AR677,AR,677,(in) mourning 
AR678,AR,678,(in) mourning 
AR679,AR,679,(in) mourning 
AR680,AR,680,(in) mourning 
AR681,AR,681,(in) mourning 
AR682,AR,682,(in) mourning 
AR683,AR,683,(going) all to pieces 
AR683,AR,683,(in) mourning 
AR684,AR,684,-
AR685,AR,685,(in) mourning 
AR686,AR,686,(in) mourning 
AR687,AR,687,(in) mourning 
AR688,AR,688,(in) mourning 
AR689,AR,689,(in) mourning 
AR690,AR,690,(in) mourning 
AR691,AR,691,(in) mourning 
AR692,AR,692,(in) mourning 
AR693,AR,693,(in) mourning 
AR694,AR,694,(in) mourning 
AR695,AR,695,(in) mourning 
AR696,AR,696,-
AR697,AR,697,(in) mourning 
AR698,AR,698,-
AR699,AR,699,-
AR700,AR,700,-
AR701,AR,701,(in) mourning 
AR702,AR,702,-
AR703,AR,703,(in) mourning 
AR704,AR,704,(in) mourning 
AR705,AR,705,(in) mourning 
AR706,AR,706,-
AR707,AR,707,(in) mourning 
AR707,AR,707,in sympathy 
AR708,AR,708,(in) mourning 
AR709,AR,709,(in) mourning 
AR710,AR,710,-
AR711,AR,711,(in) mourning 
AR712,AR,712,(in) mourning 
AR713,AR,713,(in) mourning 
AR714,AR,714,(in) mourning 
AR715,AR,715,(in) mourning 
AR716,AR,716,"taking it (mighty, etc.) hard "
AR716,AR,716,taking it serious 
AR717,AR,717,"taking it (mighty, etc.) hard "
AR718,AR,718,(in) mourning 
AR719,AR,719,(in) mourning 
AR720,AR,720,(in) mourning 
AR721,AR,721,(in) mourning 
AR722,AR,722,(in) mourning 
AR723,AR,723,-
AR724,AR,724,(in) mourning 
AR725,AR,725,(in) mourning 
AR726,AR,726,(in) mourning 
AR726,AR,726,"taking it (mighty, etc.) hard "
AR727,AR,727,(in) mourning 
AR728,AR,728,grieved 
AR729,AR,729,(in) mourning 
AR730,AR,730,(in) mourning 
AR731,AR,731,(in) mourning 
AR732,AR,732,(in) mourning 
AR733,AR,733,-
AR734,AR,734,-
AR735,AR,735,carrying on 
AR735,AR,735,(in) mourning 
AR736,AR,736,(in) mourning 
AR737,AR,737,(in) mourning 
AR738,AR,738,(in) mourning 
AR739,AR,739,-
AR740,AR,740,(in) mourning 
AR741,AR,741,(in) mourning 
AR742,AR,742,(in) mourning 
AR743,AR,743,(in) mourning 
AR744,AR,744,(in) mourning 
AR745,AR,745,(in) mourning 
AR746,AR,746,(in) mourning 
AR747,AR,747,(in) mourning 
AR748,AR,748,-
AR749,AR,749,(in) mourning 
AR750,AR,750,-
AR751,AR,751,putting on 
AR751,AR,751,"taking it (mighty, etc.) hard "
AR752,AR,752,in a frenzy 
AR753,AR,753,(in) mourning 
AR754,AR,754,mourn [=mourning] 
AR755,AR,755,-
LA756,LA,756,(in) mourning 
LA757,LA,757,(in) mourning 
LA758,LA,758,(in) mourning 
LA759,LA,759,-
LA760,LA,760,-
LA761,LA,761,in black 
LA761,LA,761,(in) grief 
LA761,LA,761,mourn [=mourning] 
LA762,LA,762,-
LA763,LA,763,-
LA764,LA,764,(in) mourning 
LA765,LA,765,(in) mourning 
LA765,LA,765,"taking it (mighty, etc.) hard "
LA766,LA,766,(in) mourning 
LA767,LA,767,(in) mourning 
LA767,LA,767,putting on 
LA767,LA,767,taking on (a lot) 
LA768,LA,768,(in) mourning 
LA769,LA,769,(in) mourning 
LA770,LA,770,(in) mourning 
LA771,LA,771,taking on (a lot) 
LA772,LA,772,-
LA773,LA,773,mourn [=mourning] 
LA774,LA,774,-
LA775,LA,775,all in black 
LA775,LA,775,in black 
LA775,LA,775,mourn(ing) ([a]round) 
LA775,LA,775,taking on (a lot) 
LA776,LA,776,(in) mourning 
LA777,LA,777,(in) mourning 
LA778,LA,778,carrying on 
LA778,LA,778,hysterical 
LA778,LA,778,(in) mourning 
LA779,LA,779,(in) mourning 
LA780,LA,780,(in) mourning 
LA781,LA,781,(in) mourning 
LA782,LA,782,-
LA783,LA,783,(in) mourning 
LA783,LA,783,taking on (a lot) 
LA784,LA,784,(in) mourning 
LA785,LA,785,(in) mourning 
LA786,LA,786,(in) mourning 
LA787,LA,787,(in) mourning 
LA788,LA,788,(in) mourning 
LA789,LA,789,(in) mourning 
LA790,LA,790,(in) mourning 
LA791,LA,791,hysterical 
LA791,LA,791,taking on (a lot) 
LA792,LA,792,hysterical 
LA792,LA,792,(in) mourning 
LA792,LA,792,taking on (a lot) 
LA793,LA,793,(in) mourning 
LA793,LA,793,"taking it (mighty, etc.) hard "
LA794,LA,794,dressed in black 
LA794,LA,794,(in) mourning 
LA794,LA,794,in shock 
LA795,LA,795,-
LA796,LA,796,(in) mourning 
LA797,LA,797,(in) mourning 
LA798,LA,798,(in) mourning 
LA798,LA,798,mourn [=mourning] 
LA799,LA,799,-
LA800,LA,800,(in) mourning 
LA801,LA,801,(in) mourning 
LA802,LA,802,(in) mourning 
LA803,LA,803,-
LA804,LA,804,-
LA805,LA,805,(in) mourning 
LA806,LA,806,(in) mourning 
LA807,LA,807,(in) mourning 
LA808,LA,808,sorrowing 
LA809,LA,809,(in) mourning 
LA810,LA,810,(in) mourning 
LA810,LA,810,"taking it (mighty, etc.) hard "
LA811,LA,811,getting carried away 
LA811,LA,811,(in) mourning 
LA812,LA,812,-
LA813,LA,813,(in) mourning 
LA814,LA,814,(in) mourning 
LA815,LA,815,-
LA816,LA,816,(in) mourning 
LA817,LA,817,hysterical 
LA817,LA,817,(in) mourning 
TX818,TX,818,-
TX819,TX,819,(in) mourning 
TX820,TX,820,(in) mourning 
TX821,TX,821,(in) mourning 
TX822,TX,822,(in) mourning 
TX823,TX,823,(in) mourning 
TX824,TX,824,(in) mourning 
TX825,TX,825,(in) mourning 
TX826,TX,826,(in) mourning 
TX827,TX,827,(in) mourning 
TX828,TX,828,(in) mourning 
TX829,TX,829,(in) mourning 
TX830,TX,830,(in) mourning 
TX831,TX,831,(in) mourning 
TX832,TX,832,-
TX833,TX,833,carrying on 
TX833,TX,833,hysterical 
TX833,TX,833,(in) mourning 
TX834,TX,834,(in) mourning 
TX835,TX,835,(in) mourning 
TX836,TX,836,(in) mourning 
TX837,TX,837,(in) mourning 
TX838,TX,838,(in) mourning 
TX839,TX,839,dressed in black 
TX840,TX,840,(in) mourning 
TX841,TX,841,(in) mourning 
TX842,TX,842,(in) mourning 
TX843,TX,843,(in) mourning 
TX844,TX,844,(in) mourning 
TX845,TX,845,(in) mourning 
TX846,TX,846,(in) mourning 
TX847,TX,847,-
TX848,TX,848,(in) mourning 
TX848,TX,848,putting on 
TX849,TX,849,(in) mourning 
TX850,TX,850,(in) mourning 
TX851,TX,851,-
TX852,TX,852,(in) mourning 
TX853,TX,853,(in) mourning 
TX854,TX,854,(in) mourning 
TX855,TX,855,(in) mourning 
TX856,TX,856,all up in the air about it 
TX856,TX,856,(going) all to pieces 
TX857,TX,857,grief-stricken 
TX857,TX,857,(in) mourning 
TX858,TX,858,(in) mourning 
TX859,TX,859,carried away 
TX859,TX,859,falling out [=losing control] 
TX859,TX,859,(in) mourning 
TX860,TX,860,(in) mourning 
TX861,TX,861,(in) mourning 
TX861,TX,861,in shock 
TX862,TX,862,(in) mourning 
TX863,TX,863,(in) mourning 
TX864,TX,864,-
TX865,TX,865,(in) mourning 
TX866,TX,866,(in) mourning 
TX867,TX,867,(in) mourning 
TX868,TX,868,(in) mourning 
TX869,TX,869,carrying on 
TX869,TX,869,hysterical 
TX869,TX,869,(in) mourning 
TX870,TX,870,carrying on 
TX870,TX,870,hysterical 
TX870,TX,870,(in) mourning 
TX871,TX,871,(in) mourning 
TX872,TX,872,-
TX873,TX,873,(in) mourning 
TX874,TX,874,-
TX875,TX,875,(in) mourning 
TX876,TX,876,(in) mourning 
TX877,TX,877,(in) mourning 
TX878,TX,878,(in) mourning 
TX879,TX,879,-
TX880,TX,880,(in) mourning 
TX881,TX,881,-
TX882,TX,882,(in) mourning 
TX883,TX,883,(in) mourning 
TX884,TX,884,-
TX885,TX,885,(in) mourning 
TX885,TX,885,mourn [=mourning] 
TX886,TX,886,(in) mourning 
TX887,TX,887,(in) mourning 
TX888,TX,888,(in) mourning 
TX889,TX,889,(in) mourning 
TX890,TX,890,(in) mourning 
TX891,TX,891,(in) mourning 
TX892,TX,892,-
TX893,TX,893,(in) mourning 
TX894,TX,894,(in) mourning 
TX895,TX,895,(in) mourning 
TX896,TX,896,(in) mourning 
TX897,TX,897,-
TX898,TX,898,(in) mourning 
TX898,TX,898,overcome with grief 
TX899,TX,899,(in) mourning 
TX900,TX,900,(in) mourning 
TX901,TX,901,(in) mourning 
TX902,TX,902,(in) mourning 
TX903,TX,903,-
TX904,TX,904,(in) mourning 
TX905,TX,905,(in) mourning 
TX906,TX,906,bemoaning 
TX906,TX,906,(in) mourning 
TX906,TX,906,"taking it (mighty, etc.) hard "
TX907,TX,907,(in) mourning 
TX908,TX,908,hysterical 
TX908,TX,908,(in) mourning 
TX909,TX,909,-
TX910,TX,910,(in) deep mourning 
TX910,TX,910,(in) mourning 
TX911,TX,911,(in) mourning 
