Informant,State,Informant number,Response
TN001,TN,001,coffin 
TN002,TN,002,-
TN003,TN,003,coffin 
TN004,TN,004,-
TN005,TN,005,coffin 
TN006,TN,006,casket 
TN006,TN,006,coffin 
TN007,TN,007,casket 
TN008,TN,008,casket 
TN008,TN,008,coffin 
TN009,TN,009,casket 
TN009,TN,009,coffin 
TN010,TN,010,casket 
TN010,TN,010,coffin 
TN011,TN,011,coffin 
TN012,TN,012,coffin 
TN013,TN,013,coffin 
TN014,TN,014,casket 
TN015,TN,015,casket 
TN015,TN,015,coffin 
TN016,TN,016,casket 
TN016,TN,016,coffin 
TN017,TN,017,casket 
TN017,TN,017,coffin 
TN018,TN,018,box 
TN018,TN,018,casket 
TN019,TN,019,casket 
TN019,TN,019,coffin 
TN020,TN,020,casket 
TN021,TN,021,box 
TN021,TN,021,casket 
TN022,TN,022,coffin 
TN023,TN,023,casket 
TN023,TN,023,coffin 
TN024,TN,024,casket 
TN024,TN,024,coffin 
TN025,TN,025,casket 
TN026,TN,026,casket 
TN027,TN,027,casket 
TN028,TN,028,coffin 
TN029,TN,029,casket 
TN029,TN,029,coffin 
TN030,TN,030,casket 
TN031,TN,031,casket 
TN032,TN,032,coffin 
TN033,TN,033,casket 
TN033,TN,033,coffin 
TN034,TN,034,casket 
TN034,TN,034,coffin 
TN035,TN,035,casket 
TN036,TN,036,casket 
TN036,TN,036,coffin 
TN037,TN,037,box 
TN037,TN,037,casket 
TN037,TN,037,coffin 
TN038,TN,038,casket 
TN038,TN,038,coffin 
TN039,TN,039,casket 
TN040,TN,040,casket 
TN041,TN,041,box 
TN041,TN,041,casket 
TN041,TN,041,coffin 
TN042,TN,042,homemade coffin 
TN043,TN,043,casket 
TN043,TN,043,coffin 
TN044,TN,044,casket 
TN045,TN,045,casket 
TN046,TN,046,casket 
TN046,TN,046,coffin 
TN047,TN,047,casket 
TN048,TN,048,casket 
TN049,TN,049,casket 
TN049,TN,049,coffin 
TN050,TN,050,casket 
TN050,TN,050,coffin 
TN051,TN,051,coffin 
TN052,TN,052,casket 
TN052,TN,052,coffin 
TN053,TN,053,casket 
TN054,TN,054,coffin 
TN055,TN,055,casket 
TN055,TN,055,coffin 
TN056,TN,056,coffin 
TN057,TN,057,casket 
TN057,TN,057,coffin 
TN058,TN,058,casket 
TN058,TN,058,coffin 
TN059,TN,059,casket 
TN059,TN,059,coffin 
TN060,TN,060,coffin 
GA061,GA,061,box 
GA061,GA,061,casket 
GA062,GA,062,casket 
GA062,GA,062,coffin 
GA063,GA,063,casket 
GA063,GA,063,coffin 
GA064,GA,064,casket 
GA065,GA,065,coffin 
GA066,GA,066,casket 
GA066,GA,066,coffin 
GA067,GA,067,casket 
GA068,GA,068,casket 
GA069,GA,069,pine box 
GA069,GA,069,wooden casket 
GA070,GA,070,casket 
GA070,GA,070,coffin 
GA071,GA,071,casket 
GA072,GA,072,casket 
GA072,GA,072,coffin 
GA073,GA,073,casket 
GA073,GA,073,coffin 
GA074,GA,074,casket 
GA074,GA,074,coffin 
GA075,GA,075,coffin 
GA076,GA,076,casket 
GA076,GA,076,coffin 
GA077,GA,077,casket 
GA078,GA,078,casket 
GA079,GA,079,casket 
GA079,GA,079,coffin 
GA080,GA,080,casket 
GA080,GA,080,coffin 
GA081,GA,081,casket 
GA081,GA,081,coffin 
GA082,GA,082,-
GA083,GA,083,casket 
GA084,GA,084,casket 
GA085,GA,085,casket 
GA086,GA,086,casket 
GA087,GA,087,casket 
GA087,GA,087,coffin 
GA088,GA,088,coffin 
GA089,GA,089,-
GA090,GA,090,-
GA091,GA,091,casket 
GA091,GA,091,coffin 
GA092,GA,092,-
GA093,GA,093,-
GA094,GA,094,coffin 
GA095,GA,095,casket 
GA096,GA,096,casket 
GA097,GA,097,casket 
GA097,GA,097,coffin 
GA097,GA,097,coffin box 
GA098,GA,098,casket 
GA098,GA,098,coffin 
GA098,GA,098,pinto 
GA099,GA,099,box 
GA099,GA,099,coffin 
GA100,GA,100,coffin 
GA101,GA,101,casket 
GA102,GA,102,casket 
GA103,GA,103,casket 
GA103,GA,103,coffin 
GA103,GA,103,couch 
GA104,GA,104,casket 
GA104,GA,104,coffin 
GA105,GA,105,casket 
GA106,GA,106,casket 
GA106,GA,106,coffin 
GA107,GA,107,casket 
GA107,GA,107,coffin 
GA108,GA,108,coffin 
GA109,GA,109,coffin 
GA110,GA,110,casket 
GA110,GA,110,coffin 
GA111,GA,111,coffin 
GA112,GA,112,casket 
GA112,GA,112,coffin 
GA113,GA,113,coffin 
GA114,GA,114,coffin 
GA115,GA,115,casket 
GA116,GA,116,casket 
GA116,GA,116,coffin 
GA117,GA,117,casket 
GA118,GA,118,casket 
GA119,GA,119,box 
GA119,GA,119,casket 
GA119,GA,119,coffin 
GA120,GA,120,-
GA121,GA,121,coffin 
GA122,GA,122,casket 
GA123,GA,123,coffin 
GA124,GA,124,casket 
GA125,GA,125,casket 
GA125,GA,125,coffin 
GA126,GA,126,coffin 
GA127,GA,127,casket 
GA128,GA,128,coffin 
GA129,GA,129,box 
GA129,GA,129,pine box 
GA130,GA,130,casket 
GA130,GA,130,coffin 
GA131,GA,131,coffin 
GA132,GA,132,casket 
GA133,GA,133,casket 
GA134,GA,134,casket 
GA134,GA,134,coffin 
GA135,GA,135,casket 
GA135,GA,135,coffin 
GA136,GA,136,casket 
GA137,GA,137,casket 
GA137,GA,137,coffin 
GA138,GA,138,casket 
GA138,GA,138,coffin 
GA139,GA,139,casket 
GA139,GA,139,coffin 
GA140,GA,140,casket 
GA141,GA,141,casket 
GA142,GA,142,casket 
GA142,GA,142,coffin 
GA143,GA,143,casket 
GA144,GA,144,casket 
GA144,GA,144,coffin 
GA144,GA,144,plain wooden box 
GA145,GA,145,casket 
GA146,GA,146,casket 
GA147,GA,147,casket 
GA148,GA,148,casket 
GA148,GA,148,coffin 
GA149,GA,149,casket 
GA150,GA,150,casket 
GA150,GA,150,coffin 
GA151,GA,151,coffin 
GA152,GA,152,casket 
GA152,GA,152,coffin 
GA153,GA,153,casket 
GA154,GA,154,casket 
GA155,GA,155,coffin 
GA156,GA,156,coffin 
GA157,GA,157,casket 
GA158,GA,158,coffin 
GA159,GA,159,casket 
GA160,GA,160,casket 
GA160,GA,160,coffin 
GA161,GA,161,coffin 
GA162,GA,162,casket 
GA162,GA,162,coffin 
GA162,GA,162,pinto 
GA163,GA,163,casket 
GA164,GA,164,coffin 
GA165,GA,165,casket 
GA165,GA,165,coffin 
GA166,GA,166,casket 
GA167,GA,167,casket 
GA168,GA,168,coffin 
GA169,GA,169,-
GA170,GA,170,casket 
GA171,GA,171,coffin 
GA172,GA,172,box 
GA172,GA,172,casket 
GA173,GA,173,coffin box 
GA174,GA,174,coffin 
GA175,GA,175,-
GA176,GA,176,casket 
GA177,GA,177,casket 
GA177,GA,177,coffin 
GA178,GA,178,casket 
GA178,GA,178,coffin 
GA179,GA,179,casket 
GA180,GA,180,casket 
GA180,GA,180,coffin 
GA181,GA,181,coffin 
GA182,GA,182,casket 
GA182,GA,182,coffin 
GA183,GA,183,casket 
GA183,GA,183,coffin 
GA184,GA,184,casket 
GA184,GA,184,coffin 
GA185,GA,185,casket 
GA185,GA,185,coffin 
GA186,GA,186,coffin 
GA187,GA,187,coffin 
GA188,GA,188,casket 
GA189,GA,189,casket 
GA189,GA,189,coffin 
GA190,GA,190,casket 
GA190,GA,190,coffin 
GA191,GA,191,coffin 
GA192,GA,192,box 
GA192,GA,192,casket 
GA192,GA,192,coffin 
GA193,GA,193,casket 
GA194,GA,194,coffin 
GA195,GA,195,coffin 
GA196,GA,196,coffin 
GA197,GA,197,-
GA198,GA,198,casket 
GA198,GA,198,coffin 
GA199,GA,199,coffin 
GA200,GA,200,casket 
GA200,GA,200,pinto 
GA201,GA,201,coffin 
GA202,GA,202,casket 
GA202,GA,202,coffin 
GA203,GA,203,casket 
GA203,GA,203,coffin 
GA204,GA,204,box 
GA204,GA,204,casket 
GA204,GA,204,wooden box 
GA205,GA,205,-
GA206,GA,206,casket 
GA207,GA,207,casket 
GA208,GA,208,casket 
GA209,GA,209,casket 
GA209,GA,209,coffin 
GA210,GA,210,coffin 
GA211,GA,211,casket 
GA212,GA,212,casket 
GA213,GA,213,0
GA214,GA,214,coffin 
GA215,GA,215,casket 
GA216,GA,216,coffin 
GA217,GA,217,casket 
GA217,GA,217,coffin 
GA218,GA,218,casket 
GA218,GA,218,coffin 
GA219,GA,219,-
GA220,GA,220,coffin 
GA221,GA,221,casket 
GA221,GA,221,coffin 
GA222,GA,222,casket 
GA222,GA,222,coffin 
GA223,GA,223,casket 
GA223,GA,223,coffin 
GA224,GA,224,casket 
GA224,GA,224,wooden box 
GA225,GA,225,coffin 
FL226,FL,226,coffin 
FL227,FL,227,casket 
FL228,FL,228,coffin 
FL229,FL,229,casket 
FL230,FL,230,coffin 
FL231,FL,231,casket 
FL231,FL,231,coffin 
FL232,FL,232,casket 
FL233,FL,233,casket 
FL234,FL,234,coffin 
FL235,FL,235,casket 
FL235,FL,235,coffin 
FL235,FL,235,wooden box 
FL236,FL,236,metal casket 
FL236,FL,236,wooden coffin 
FL237,FL,237,box 
FL237,FL,237,casket 
FL237,FL,237,coffin 
FL238,FL,238,casket 
FL238,FL,238,coffin 
FL239,FL,239,coffin 
FL240,FL,240,casket 
FL241,FL,241,-
FL242,FL,242,box 
FL242,FL,242,casket 
FL242,FL,242,coffin 
FL243,FL,243,casket 
FL243,FL,243,coffin 
FL244,FL,244,casket 
FL245,FL,245,-
FL246,FL,246,coffin 
FL247,FL,247,casket 
FL247,FL,247,coffin 
FL248,FL,248,casket 
FL248,FL,248,coffin 
FL249,FL,249,coffin 
FL250,FL,250,casket 
FL250,FL,250,coffin 
FL251,FL,251,-
FL252,FL,252,-
FL253,FL,253,casket 
FL254,FL,254,casket 
FL254,FL,254,coffin 
FL255,FL,255,coffin 
FL256,FL,256,casket 
FL257,FL,257,box 
FL257,FL,257,casket 
FL257,FL,257,coffin 
FL258,FL,258,casket 
FL259,FL,259,casket 
FL260,FL,260,casket 
FL261,FL,261,coffin 
FL261,FL,261,pine box 
FL262,FL,262,casket 
FL262,FL,262,coffin 
FL263,FL,263,casket 
FL263,FL,263,coffin 
FL264,FL,264,coffin 
FL265,FL,265,coffin 
FL266,FL,266,casket 
FL266,FL,266,coffin 
FL266,FL,266,pine box 
FL267,FL,267,casket 
FL267,FL,267,coffin 
FL268,FL,268,-
FL269,FL,269,coffin 
FL270,FL,270,casket 
FL271,FL,271,casket 
FL272,FL,272,coffin 
FL273,FL,273,casket 
FL273,FL,273,coffin 
FL274,FL,274,casket 
FL274,FL,274,coffin 
FL275,FL,275,casket 
FL275,FL,275,coffin 
FL276,FL,276,coffin 
FL277,FL,277,casket 
FL277,FL,277,coffin 
FL278,FL,278,casket 
FL278,FL,278,coffin 
FL279,FL,279,coffin 
FL280,FL,280,casket 
FL281,FL,281,casket 
FL282,FL,282,coffin 
FL283,FL,283,casket 
FL284,FL,284,casket 
FL285,FL,285,casket 
FL286,FL,286,coffin 
FL287,FL,287,-
FL288,FL,288,coffin 
FL289,FL,289,coffin 
TN290,TN,290,casket 
TN290,TN,290,coffin 
TN291,TN,291,casket 
TN291,TN,291,coffin 
TN292,TN,292,casket 
TN292,TN,292,coffin 
TN293,TN,293,casket 
TN293,TN,293,coffin 
TN294,TN,294,casket 
TN294,TN,294,coffin 
TN295,TN,295,casket 
TN295,TN,295,coffin 
TN296,TN,296,casket 
TN296,TN,296,coffin 
TN297,TN,297,casket 
TN297,TN,297,coffin 
TN298,TN,298,-
TN299,TN,299,casket 
TN299,TN,299,coffin 
TN300,TN,300,casket 
TN300,TN,300,coffin 
TN301,TN,301,casket 
TN301,TN,301,coffin 
TN302,TN,302,casket 
TN302,TN,302,coffin 
TN303,TN,303,casket 
TN303,TN,303,coffin 
TN303,TN,303,wooden box 
TN304,TN,304,casket 
TN304,TN,304,coffin 
TN305,TN,305,box 
TN305,TN,305,casket 
TN305,TN,305,coffin 
TN306,TN,306,casket 
TN307,TN,307,coffin 
TN308,TN,308,casket 
TN309,TN,309,casket 
TN310,TN,310,casket 
TN311,TN,311,casket 
TN312,TN,312,casket 
TN312,TN,312,coffin 
TN313,TN,313,-
TN314,TN,314,casket 
TN314,TN,314,coffin 
TN315,TN,315,casket 
TN315,TN,315,coffin 
TN316,TN,316,coffin 
TN317,TN,317,casket 
TN317,TN,317,coffin 
TN318,TN,318,casket 
TN318,TN,318,coffin 
TN319,TN,319,-
TN320,TN,320,casket 
TN320,TN,320,coffin 
TN321,TN,321,casket 
TN321,TN,321,coffin 
TN322,TN,322,coffin 
TN323,TN,323,casket 
TN324,TN,324,casket 
TN324,TN,324,coffin 
TN325,TN,325,coffin 
TN326,TN,326,casket 
TN326,TN,326,coffin 
TN327,TN,327,casket 
TN327,TN,327,coffin 
TN328,TN,328,casket 
TN328,TN,328,coffin 
TN329,TN,329,coffin 
TN330,TN,330,casket 
TN331,TN,331,casket 
TN331,TN,331,coffin 
TN332,TN,332,casket 
TN332,TN,332,coffin 
TN333,TN,333,coffin 
TN334,TN,334,casket 
TN334,TN,334,coffin 
TN335,TN,335,casket 
TN335,TN,335,coffin 
TN336,TN,336,casket 
TN336,TN,336,coffin 
AL337,AL,337,casket 
AL338,AL,338,casket 
AL339,AL,339,casket 
AL340,AL,340,casket 
AL341,AL,341,casket 
AL342,AL,342,casket 
AL342,AL,342,coffin 
AL343,AL,343,casket 
AL343,AL,343,coffin 
AL344,AL,344,casket 
AL345,AL,345,-
AL346,AL,346,casket 
AL347,AL,347,casket 
AL348,AL,348,casket 
AL349,AL,349,casket 
AL349,AL,349,coffin 
AL350,AL,350,coffin 
AL351,AL,351,casket 
AL352,AL,352,coffin 
AL353,AL,353,casket 
AL354,AL,354,casket 
AL354,AL,354,coffin 
AL355,AL,355,casket 
AL356,AL,356,casket 
AL356,AL,356,coffin 
AL357,AL,357,coffin 
AL358,AL,358,casket 
AL359,AL,359,box 
AL359,AL,359,casket 
AL359,AL,359,coffin 
AL360,AL,360,casket 
AL361,AL,361,casket 
AL362,AL,362,-
AL363,AL,363,casket 
AL363,AL,363,coffin 
AL364,AL,364,coffin 
AL365,AL,365,-
AL366,AL,366,coffin 
AL367,AL,367,-
AL368,AL,368,-
AL369,AL,369,casket 
AL370,AL,370,casket 
AL370,AL,370,coffin 
AL371,AL,371,coffin 
AL372,AL,372,casket 
AL373,AL,373,coffin 
AL374,AL,374,casket 
AL375,AL,375,casket 
AL376,AL,376,-
AL377,AL,377,casket 
AL377,AL,377,coffin 
AL378,AL,378,coffin 
AL379,AL,379,coffin 
AL380,AL,380,casket 
AL380,AL,380,wood box 
AL381,AL,381,casket 
AL381,AL,381,coffin 
AL382,AL,382,casket 
AL382,AL,382,coffin 
AL383,AL,383,casket 
AL384,AL,384,casket 
AL385,AL,385,casket 
AL385,AL,385,coffin 
AL386,AL,386,casket 
AL386,AL,386,coffin 
AL387,AL,387,casket 
AL387,AL,387,coffin 
AL388,AL,388,casket 
AL388,AL,388,coffin 
AL389,AL,389,casket 
AL389,AL,389,coffin 
AL390,AL,390,casket 
AL390,AL,390,coffin 
AL391,AL,391,casket 
AL391,AL,391,coffin 
AL392,AL,392,casket 
AL393,AL,393,casket 
AL393,AL,393,coffin 
AL394,AL,394,casket 
AL394,AL,394,coffin 
AL395,AL,395,casket 
AL396,AL,396,-
AL397,AL,397,casket 
AL397,AL,397,coffin 
AL398,AL,398,casket 
AL398,AL,398,coffin 
AL398,AL,398,pine box 
AL399,AL,399,box 
AL399,AL,399,coffin 
AL400,AL,400,coffin 
AL401,AL,401,coffin 
AL402,AL,402,coffin 
AL403,AL,403,casket 
AL404,AL,404,casket 
AL404,AL,404,coffin 
AL405,AL,405,casket 
AL405,AL,405,coffin 
AL406,AL,406,box 
AL406,AL,406,casket 
AL407,AL,407,casket 
AL407,AL,407,coffin 
AL408,AL,408,casket 
AL408,AL,408,coffin 
AL409,AL,409,coffin 
AL410,AL,410,casket 
AL410,AL,410,coffin 
AL411,AL,411,coffin 
AL412,AL,412,-
AL413,AL,413,casket 
AL413,AL,413,coffin 
AL414,AL,414,coffin 
AL415,AL,415,coffin 
AL416,AL,416,casket 
AL416,AL,416,pine box 
AL417,AL,417,coffin 
AL417,AL,417,pine box 
AL418,AL,418,box 
AL418,AL,418,casket 
AL419,AL,419,casket 
AL419,AL,419,coffin 
AL420,AL,420,casket 
AL420,AL,420,coffin 
AL421,AL,421,black box 
AL421,AL,421,coffin 
AL422,AL,422,coffin 
AL423,AL,423,casket 
AL423,AL,423,coffin 
AL424,AL,424,casket 
AL425,AL,425,casket 
AL426,AL,426,box 
AL426,AL,426,casket 
AL426,AL,426,coffin 
AL427,AL,427,casket 
AL428,AL,428,casket 
AL428,AL,428,coffin 
AL429,AL,429,-
AL430,AL,430,-
AL431,AL,431,casket 
AL432,AL,432,-
AL433,AL,433,casket 
AL434,AL,434,casket 
AL434,AL,434,coffin 
AL435,AL,435,casket 
AL435,AL,435,coffin 
AL436,AL,436,casket 
AL437,AL,437,casket 
AL437,AL,437,coffin 
AL438,AL,438,coffin 
AL439,AL,439,casket 
AL440,AL,440,casket 
AL441,AL,441,casket 
AL442,AL,442,coffin 
AL443,AL,443,casket 
AL444,AL,444,casket 
AL444,AL,444,coffin 
AL445,AL,445,box 
AL445,AL,445,casket 
AL445,AL,445,coffin 
AL446,AL,446,coffin 
AL447,AL,447,casket 
AL448,AL,448,casket 
AL449,AL,449,coffin 
AL450,AL,450,casket 
AL450,AL,450,coffin 
AL451,AL,451,coffin 
FL452,FL,452,box 
FL452,FL,452,coffin 
FL453,FL,453,-
FL454,FL,454,casket 
FL455,FL,455,box 
FL455,FL,455,casket 
FL455,FL,455,coffin 
FL456,FL,456,box 
FL456,FL,456,coffin 
FL457,FL,457,casket 
FL458,FL,458,casket 
FL458,FL,458,pine box 
FL459,FL,459,-
FL460,FL,460,casket 
FL460,FL,460,coffin 
FL461,FL,461,casket 
FL461,FL,461,coffin 
FL462,FL,462,casket 
FL462,FL,462,coffin 
FL463,FL,463,casket 
FL464,FL,464,casket 
FL464,FL,464,coffin 
FL465,FL,465,casket 
FL465,FL,465,coffin 
FL466,FL,466,casket 
FL466,FL,466,coffin 
FL467,FL,467,casket 
FL467,FL,467,coffin 
FL468,FL,468,box 
FL468,FL,468,casket 
FL469,FL,469,casket 
FL469,FL,469,rough box 
FL470,FL,470,casket 
FL471,FL,471,casket 
AL472,AL,472,casket 
AL472,AL,472,coffin 
AL473,AL,473,casket 
AL473,AL,473,wood box 
AL474,AL,474,casket 
AL475,AL,475,casket 
AL475,AL,475,coffin 
AL476,AL,476,casket 
AL476,AL,476,coffin 
AL477,AL,477,coffin 
AL478,AL,478,-
AL479,AL,479,coffin 
AL480,AL,480,coffin 
AL481,AL,481,casket 
AL481,AL,481,coffin 
AL482,AL,482,coffin 
AL483,AL,483,-
AL484,AL,484,casket 
AL485,AL,485,casket 
AL485,AL,485,coffin 
TN486,TN,486,-
TN487,TN,487,casket 
TN488,TN,488,casket 
TN489,TN,489,casket 
TN489,TN,489,coffin 
TN490,TN,490,coffin 
TN491,TN,491,-
TN492,TN,492,casket 
TN492,TN,492,pine box 
TN493,TN,493,casket 
TN493,TN,493,coffin 
TN494,TN,494,casket 
TN494,TN,494,coffin 
TN495,TN,495,casket 
TN495,TN,495,coffin 
TN496,TN,496,casket 
TN496,TN,496,wooden casket 
TN497,TN,497,box 
TN497,TN,497,casket 
TN498,TN,498,casket 
TN499,TN,499,casket 
TN500,TN,500,casket 
TN500,TN,500,coffin 
TN501,TN,501,casket 
TN502,TN,502,coffin 
TN503,TN,503,coffin 
TN504,TN,504,coffin 
TN505,TN,505,coffin 
TN506,TN,506,casket 
TN506,TN,506,coffin 
TN507,TN,507,box 
TN507,TN,507,coffin 
TN508,TN,508,casket 
TN508,TN,508,pine box 
TN509,TN,509,coffin 
TN509,TN,509,steel casket 
TN509,TN,509,wooden box 
TN510,TN,510,-
TN511,TN,511,coffin 
TN512,TN,512,casket 
TN513,TN,513,coffin 
TN514,TN,514,coffin 
TN515,TN,515,-
TN516,TN,516,coffin 
TN517,TN,517,coffin 
TN518,TN,518,casket 
TN519,TN,519,coffin 
MS520,MS,520,-
MS521,MS,521,box 
MS521,MS,521,casket 
MS522,MS,522,casket 
MS523,MS,523,-
MS524,MS,524,coffin 
MS525,MS,525,casket 
MS525,MS,525,coffin 
MS526,MS,526,-
MS527,MS,527,casket 
MS527,MS,527,coffin 
MS528,MS,528,box 
MS528,MS,528,pine box 
MS529,MS,529,-
MS530,MS,530,casket 
MS530,MS,530,coffin 
MS530,MS,530,sharpshooter 
MS531,MS,531,-
MS532,MS,532,casket box 
MS533,MS,533,casket 
MS533,MS,533,pine box 
MS534,MS,534,casket box 
MS535,MS,535,casket 
MS535,MS,535,coffin 
MS536,MS,536,casket 
MS537,MS,537,casket 
MS538,MS,538,casket 
MS538,MS,538,coffin 
MS538,MS,538,pine box 
MS539,MS,539,casket 
MS540,MS,540,-
MS541,MS,541,casket 
MS542,MS,542,casket 
MS543,MS,543,coffin 
MS544,MS,544,coffin 
MS545,MS,545,coffin 
MS546,MS,546,-
MS547,MS,547,casket 
MS548,MS,548,coffin 
MS549,MS,549,-
MS550,MS,550,-
MS551,MS,551,-
MS552,MS,552,casket 
MS553,MS,553,casket 
MS554,MS,554,-
MS555,MS,555,casket 
MS556,MS,556,coffin 
MS556,MS,556,pine box 
MS557,MS,557,casket 
MS557,MS,557,coffin 
MS558,MS,558,coffin 
MS559,MS,559,casket 
MS560,MS,560,coffin 
MS561,MS,561,-
MS562,MS,562,0
MS563,MS,563,coffin 
MS564,MS,564,casket 
MS564,MS,564,coffin 
MS565,MS,565,casket 
MS565,MS,565,coffin 
MS566,MS,566,-
MS567,MS,567,coffin 
MS568,MS,568,coffin 
MS569,MS,569,box 
MS569,MS,569,casket 
MS569,MS,569,coffin 
MS570,MS,570,casket 
MS571,MS,571,box 
MS571,MS,571,coffin 
MS572,MS,572,casket 
MS573,MS,573,casket 
MS573,MS,573,coffin 
MS574,MS,574,casket 
MS574,MS,574,coffin 
MS575,MS,575,black box 
MS575,MS,575,box 
MS575,MS,575,coffin 
MS576,MS,576,casket 
MS576,MS,576,pine box 
MS577,MS,577,casket 
MS577,MS,577,coffin 
MS578,MS,578,box 
MS578,MS,578,coffin 
MS579,MS,579,casket 
MS579,MS,579,coffin 
MS580,MS,580,casket 
MS581,MS,581,-
MS582,MS,582,casket 
MS582,MS,582,coffin 
MS583,MS,583,coffin 
MS584,MS,584,casket 
MS584,MS,584,coffin 
MS585,MS,585,box 
MS585,MS,585,casket 
MS586,MS,586,-
MS587,MS,587,coffin 
MS588,MS,588,coffin 
MS589,MS,589,casket 
MS589,MS,589,coffin 
MS590,MS,590,coffin 
MS591,MS,591,casket 
MS591,MS,591,coffin 
MS592,MS,592,casket 
MS592,MS,592,coffin 
MS593,MS,593,casket 
MS593,MS,593,coffin 
MS594,MS,594,casket 
MS594,MS,594,coffin 
MS595,MS,595,casket 
MS595,MS,595,coffin 
MS596,MS,596,casket 
MS596,MS,596,coffin 
MS596,MS,596,wooden overcoat 
MS597,MS,597,casket 
MS597,MS,597,coffin 
MS598,MS,598,casket 
MS598,MS,598,coffin 
MS599,MS,599,casket 
MS600,MS,600,box 
MS600,MS,600,casket 
MS600,MS,600,coffin 
MS600,MS,600,wooden box 
MS601,MS,601,casket 
MS601,MS,601,coffin 
MS602,MS,602,casket 
MS602,MS,602,coffin 
MS603,MS,603,-
MS604,MS,604,-
MS605,MS,605,-
MS606,MS,606,casket 
MS607,MS,607,casket 
MS608,MS,608,casket 
MS608,MS,608,coffin 
MS609,MS,609,coffin 
MS609,MS,609,sharpshooter 
MS609,MS,609,shotgun coffin 
MS610,MS,610,coffin 
MS611,MS,611,coffin 
MS612,MS,612,casket 
MS612,MS,612,wooden box 
MS613,MS,613,casket 
MS613,MS,613,coffin 
MS614,MS,614,casket 
MS614,MS,614,coffin 
MS615,MS,615,coffin 
MS616,MS,616,coffin 
MS617,MS,617,coffin 
MS618,MS,618,-
MS619,MS,619,-
MS620,MS,620,casket 
MS620,MS,620,rosewood coffin 
MS621,MS,621,coffin 
MS622,MS,622,casket 
MS622,MS,622,coffin 
MS623,MS,623,coffin 
MS624,MS,624,casket 
MS625,MS,625,casket 
MS625,MS,625,coffin 
MS626,MS,626,coffin 
MS627,MS,627,coffin 
MS628,MS,628,casket 
MS628,MS,628,coffin 
MS629,MS,629,casket 
LA630,LA,630,coffin 
LA631,LA,631,coffin 
LA632,LA,632,coffin 
LA633,LA,633,casket 
LA634,LA,634,casket 
LA634,LA,634,coffin 
LA635,LA,635,casket 
LA635,LA,635,coffin 
LA636,LA,636,casket 
LA637,LA,637,casket 
LA638,LA,638,casket 
LA639,LA,639,coffin 
LA640,LA,640,casket 
LA640,LA,640,coffin 
LA641,LA,641,coffin 
LA642,LA,642,-
LA643,LA,643,casket 
LA644,LA,644,-
LA645,LA,645,casket 
LA645,LA,645,coffin 
LA645,LA,645,wooden box 
LA646,LA,646,casket 
LA646,LA,646,coffin 
LA647,LA,647,-
LA648,LA,648,coffin 
LA649,LA,649,coffin 
LA650,LA,650,casket 
LA650,LA,650,coffin 
LA651,LA,651,casket 
LA652,LA,652,casket 
LA652,LA,652,coffin 
LA653,LA,653,coffin 
LA654,LA,654,coffin 
LA655,LA,655,casket 
LA655,LA,655,coffin 
LA655,LA,655,pine box 
LA656,LA,656,casket 
LA657,LA,657,coffin 
LA657,LA,657,pine box 
LA657X,LA,657X,casket 
LA657X,LA,657X,coffin 
LA657Y,LA,657Y,casket 
LA657Y,LA,657Y,coffin 
LA657Z,LA,657Z,coffin 
LA658,LA,658,casket 
LA658,LA,658,coffin 
LA659,LA,659,box 
LA659,LA,659,coffin 
LA660,LA,660,casket 
LA660,LA,660,coffin 
LA661,LA,661,coffin 
LA662,LA,662,coffin 
LA663,LA,663,-
LA664,LA,664,-
LA665,LA,665,casket 
LA665,LA,665,coffin 
LA666,LA,666,casket 
LA667,LA,667,coffin 
LA668,LA,668,casket 
LA668,LA,668,coffin 
LA669,LA,669,casket 
LA669,LA,669,coffin 
LA670,LA,670,coffin 
LA671,LA,671,casket 
LA672,LA,672,sharpshooter casket 
LA673,LA,673,casket 
LA673,LA,673,coffin 
AR674,AR,674,casket 
AR674,AR,674,coffin 
AR675,AR,675,casket 
AR676,AR,676,-
AR677,AR,677,casket 
AR677,AR,677,coffin 
AR678,AR,678,coffin 
AR679,AR,679,coffin 
AR680,AR,680,casket 
AR681,AR,681,casket 
AR682,AR,682,box 
AR682,AR,682,casket 
AR683,AR,683,-
AR684,AR,684,-
AR685,AR,685,casket 
AR686,AR,686,casket 
AR686,AR,686,coffin 
AR687,AR,687,casket 
AR687,AR,687,coffin 
AR688,AR,688,casket 
AR688,AR,688,coffin 
AR689,AR,689,casket 
AR689,AR,689,coffin 
AR690,AR,690,coffin 
AR691,AR,691,coffin 
AR692,AR,692,coffin 
AR693,AR,693,casket 
AR693,AR,693,coffin 
AR694,AR,694,casket 
AR695,AR,695,coffin 
AR696,AR,696,-
AR697,AR,697,casket 
AR698,AR,698,-
AR699,AR,699,-
AR700,AR,700,-
AR701,AR,701,casket 
AR701,AR,701,coffin 
AR702,AR,702,-
AR703,AR,703,casket 
AR703,AR,703,coffin 
AR704,AR,704,casket 
AR704,AR,704,coffin 
AR705,AR,705,casket 
AR705,AR,705,coffin 
AR705,AR,705,pine box 
AR706,AR,706,-
AR707,AR,707,casket 
AR707,AR,707,coffin 
AR708,AR,708,casket 
AR709,AR,709,coffin 
AR710,AR,710,casket 
AR711,AR,711,casket 
AR711,AR,711,coffin 
AR712,AR,712,coffin 
AR713,AR,713,casket 
AR714,AR,714,casket 
AR715,AR,715,coffin 
AR716,AR,716,casket 
AR717,AR,717,casket 
AR717,AR,717,coffin 
AR718,AR,718,casket 
AR719,AR,719,coffin 
AR720,AR,720,casket 
AR721,AR,721,casket 
AR721,AR,721,coffin 
AR721,AR,721,wooden box 
AR722,AR,722,coffin 
AR723,AR,723,casket 
AR724,AR,724,coffin 
AR725,AR,725,casket 
AR726,AR,726,coffin 
AR727,AR,727,casket 
AR727,AR,727,coffin 
AR728,AR,728,casket 
AR729,AR,729,casket 
AR730,AR,730,casket 
AR731,AR,731,casket 
AR732,AR,732,casket 
AR733,AR,733,-
AR734,AR,734,coffin 
AR735,AR,735,coffin 
AR736,AR,736,casket 
AR737,AR,737,box 
AR737,AR,737,coffin 
AR738,AR,738,casket 
AR739,AR,739,-
AR740,AR,740,casket 
AR740,AR,740,coffin 
AR741,AR,741,casket 
AR741,AR,741,coffin 
AR742,AR,742,coffin 
AR743,AR,743,coffin 
AR744,AR,744,casket 
AR745,AR,745,casket 
AR745,AR,745,coffin 
AR746,AR,746,coffin 
AR747,AR,747,casket 
AR748,AR,748,-
AR749,AR,749,casket 
AR749,AR,749,coffin 
AR750,AR,750,-
AR751,AR,751,casket 
AR751,AR,751,coffin 
AR752,AR,752,casket 
AR752,AR,752,coffin 
AR752,AR,752,pine box 
AR753,AR,753,coffin 
AR754,AR,754,casket 
AR754,AR,754,coffin 
AR755,AR,755,-
LA756,LA,756,coffin 
LA757,LA,757,casket 
LA758,LA,758,casket 
LA758,LA,758,coffin 
LA759,LA,759,coffin 
LA760,LA,760,coffin 
LA761,LA,761,-
LA762,LA,762,-
LA763,LA,763,-
LA764,LA,764,aluminum box 
LA764,LA,764,coffin 
LA764,LA,764,metal casket 
LA764,LA,764,wooden box 
LA765,LA,765,casket 
LA765,LA,765,coffin 
LA766,LA,766,casket 
LA766,LA,766,coffin 
LA767,LA,767,casket 
LA767,LA,767,coffin 
LA768,LA,768,box 
LA768,LA,768,casket 
LA769,LA,769,casket 
LA769,LA,769,coffin 
LA770,LA,770,casket 
LA770,LA,770,coffin 
LA771,LA,771,coffin 
LA772,LA,772,coffin 
LA773,LA,773,casket 
LA773,LA,773,coffin 
LA774,LA,774,-
LA775,LA,775,casket 
LA775,LA,775,coffin 
LA776,LA,776,casket 
LA777,LA,777,casket 
LA778,LA,778,casket 
LA778,LA,778,coffin 
LA779,LA,779,casket 
LA779,LA,779,coffin 
LA780,LA,780,coffin 
LA781,LA,781,casket 
LA781,LA,781,coffin 
LA782,LA,782,casket 
LA782,LA,782,coffin 
LA783,LA,783,coffin 
LA784,LA,784,coffin 
LA785,LA,785,coffin 
LA786,LA,786,box 
LA786,LA,786,casket 
LA787,LA,787,coffin 
LA788,LA,788,coffin 
LA789,LA,789,casket 
LA789,LA,789,coffin 
LA790,LA,790,coffin 
LA791,LA,791,casket 
LA792,LA,792,casket 
LA793,LA,793,casket 
LA794,LA,794,casket 
LA794,LA,794,coffin 
LA795,LA,795,-
LA796,LA,796,casket 
LA796,LA,796,coffin 
LA797,LA,797,casket 
LA798,LA,798,box 
LA798,LA,798,casket 
LA798,LA,798,coffin 
LA799,LA,799,-
LA800,LA,800,casket 
LA800,LA,800,coffin 
LA801,LA,801,casket 
LA801,LA,801,coffin 
LA802,LA,802,coffin 
LA803,LA,803,coffin 
LA803,LA,803,lead coffin 
LA804,LA,804,-
LA805,LA,805,coffin 
LA806,LA,806,casket 
LA807,LA,807,coffin 
LA808,LA,808,coffin 
LA809,LA,809,casket 
LA810,LA,810,-
LA811,LA,811,casket 
LA811,LA,811,pine box 
LA812,LA,812,-
LA813,LA,813,casket 
LA813,LA,813,coffin 
LA814,LA,814,casket 
LA815,LA,815,coffin 
LA816,LA,816,casket 
LA817,LA,817,box 
LA817,LA,817,coffin 
TX818,TX,818,-
TX819,TX,819,casket 
TX819,TX,819,coffin 
TX820,TX,820,casket 
TX820,TX,820,coffin 
TX821,TX,821,casket 
TX822,TX,822,casket 
TX822,TX,822,coffin 
TX823,TX,823,black box 
TX823,TX,823,casket 
TX824,TX,824,coffin 
TX824,TX,824,wooden box 
TX825,TX,825,casket 
TX825,TX,825,coffin 
TX826,TX,826,casket 
TX827,TX,827,coffin 
TX828,TX,828,casket 
TX828,TX,828,coffin 
TX829,TX,829,casket 
TX829,TX,829,coffin 
TX830,TX,830,casket 
TX830,TX,830,coffin 
TX831,TX,831,casket 
TX831,TX,831,coffin 
TX832,TX,832,-
TX833,TX,833,casket 
TX833,TX,833,coffin 
TX834,TX,834,casket 
TX834,TX,834,coffin 
TX834,TX,834,pinewood box 
TX835,TX,835,casket 
TX836,TX,836,coffin 
TX837,TX,837,casket 
TX837,TX,837,coffin 
TX838,TX,838,casket 
TX838,TX,838,wooden box 
TX838,TX,838,wooden coffin 
TX839,TX,839,coffin 
TX840,TX,840,casket 
TX841,TX,841,coffin 
TX842,TX,842,casket 
TX842,TX,842,coffin 
TX843,TX,843,coffin 
TX844,TX,844,casket 
TX844,TX,844,coffin 
TX845,TX,845,casket 
TX845,TX,845,coffin 
TX846,TX,846,casket 
TX846,TX,846,pine box 
TX847,TX,847,-
TX848,TX,848,casket 
TX848,TX,848,coffin 
TX849,TX,849,casket 
TX849,TX,849,coffin 
TX850,TX,850,casket 
TX851,TX,851,-
TX852,TX,852,casket 
TX852,TX,852,coffin 
TX853,TX,853,black box 
TX853,TX,853,casket 
TX854,TX,854,coffin 
TX855,TX,855,casket 
TX856,TX,856,-
TX857,TX,857,box 
TX857,TX,857,casket 
TX857,TX,857,coffin 
TX858,TX,858,casket 
TX859,TX,859,casket 
TX859,TX,859,coffin 
TX860,TX,860,coffin 
TX861,TX,861,casket 
TX862,TX,862,pine box 
TX863,TX,863,casket 
TX863,TX,863,coffin 
TX863,TX,863,pine box 
TX864,TX,864,-
TX865,TX,865,casket 
TX865,TX,865,coffin 
TX865,TX,865,pine box 
TX866,TX,866,casket 
TX866,TX,866,grave (=casket) 
TX867,TX,867,casket 
TX867,TX,867,coffin 
TX868,TX,868,coffin 
TX869,TX,869,casket 
TX870,TX,870,casket 
TX870,TX,870,coffin 
TX871,TX,871,coffin 
TX872,TX,872,-
TX873,TX,873,coffin 
TX874,TX,874,coffin 
TX875,TX,875,casket 
TX875,TX,875,coffin 
TX876,TX,876,casket 
TX876,TX,876,coffin 
TX877,TX,877,coffin 
TX878,TX,878,coffin 
TX879,TX,879,-
TX880,TX,880,-
TX881,TX,881,-
TX882,TX,882,coffin 
TX883,TX,883,casket 
TX884,TX,884,-
TX885,TX,885,casket 
TX886,TX,886,casket 
TX887,TX,887,casket 
TX887,TX,887,coffin 
TX888,TX,888,box 
TX888,TX,888,casket 
TX889,TX,889,casket 
TX889,TX,889,coffin 
TX890,TX,890,casket 
TX890,TX,890,coffin 
TX890,TX,890,pine box 
TX891,TX,891,casket 
TX892,TX,892,-
TX893,TX,893,coffin 
TX894,TX,894,coffin 
TX895,TX,895,casket 
TX896,TX,896,coffin 
TX897,TX,897,-
TX898,TX,898,box 
TX898,TX,898,coffin 
TX899,TX,899,coffin 
TX899,TX,899,wooden box 
TX900,TX,900,burial box 
TX900,TX,900,casket 
TX901,TX,901,coffin 
TX902,TX,902,cajon (S) 
TX902,TX,902,casket 
TX902,TX,902,coffin 
TX903,TX,903,-
TX904,TX,904,coffin 
TX905,TX,905,casket 
TX905,TX,905,coffin 
TX906,TX,906,casket 
TX907,TX,907,-
TX908,TX,908,casket 
TX909,TX,909,-
TX910,TX,910,casket 
TX910,TX,910,coffin 
TX911,TX,911,coffin 
