Informant,State,Informant number,Response
TN001,TN,001,arthritis 
TN001,TN,001,rheumatism(s) 
TN002,TN,002,arthritis 
TN003,TN,003,rheumatism(s) 
TN004,TN,004,arthritis 
TN004,TN,004,rheumatism(s) 
TN005,TN,005,rheumatism(s) 
TN006,TN,006,arthritis 
TN006,TN,006,rheumatism(s) 
TN007,TN,007,arthritis 
TN007,TN,007,rheumatism(s) 
TN008,TN,008,arthritis 
TN008,TN,008,rheumatism(s) 
TN009,TN,009,arthritis 
TN010,TN,010,arthritis 
TN010,TN,010,rheumatism(s) 
TN011,TN,011,arthritis 
TN012,TN,012,arthritis 
TN012,TN,012,rheumatism(s) 
TN013,TN,013,arthritis 
TN013,TN,013,rheumatism(s) 
TN014,TN,014,-
TN015,TN,015,arthritis 
TN015,TN,015,rheumatism(s) 
TN016,TN,016,arthritis 
TN016,TN,016,rheumatism(s) 
TN017,TN,017,rheumatism(s) 
TN018,TN,018,arthritis 
TN019,TN,019,arthritis [not rheumatism] 
TN019,TN,019,rheumatism(s) 
TN020,TN,020,rheumatism(s) 
TN021,TN,021,arthritis 
TN021,TN,021,rheumatism(s) 
TN022,TN,022,arthritis 
TN022,TN,022,rheumatism(s) 
TN023,TN,023,arthritis 
TN024,TN,024,arthritis 
TN025,TN,025,arthritis 
TN026,TN,026,-
TN027,TN,027,arthritis 
TN027,TN,027,rheumatism(s) 
TN028,TN,028,rheumatism(s) 
TN029,TN,029,arthritis 
TN029,TN,029,rheumatism(s) 
TN030,TN,030,arthritis 
TN031,TN,031,arthritis 
TN032,TN,032,arthritis 
TN032,TN,032,rheumatism(s) 
TN033,TN,033,arthritis 
TN034,TN,034,-
TN035,TN,035,rheumatism(s) 
TN036,TN,036,rheumatic pains 
TN036,TN,036,rheumatis(m) 
TN037,TN,037,rheumatism(s) 
TN038,TN,038,arthritis 
TN039,TN,039,arthritis 
TN040,TN,040,arthritis 
TN040,TN,040,rheumatis(m) 
TN041,TN,041,arthritis [not rheumatism] 
TN041,TN,041,rheumatism(s) 
TN042,TN,042,arthritis [not rheumatism] 
TN043,TN,043,-
TN044,TN,044,arthritis 
TN045,TN,045,arthritis 
TN046,TN,046,arthritis 
TN046,TN,046,rheumatism(s) 
TN047,TN,047,arthritis 
TN047,TN,047,rheumatism(s) 
TN048,TN,048,arthritis 
TN049,TN,049,arthritis 
TN049,TN,049,rheumatism(s) 
TN050,TN,050,arthritis 
TN050,TN,050,rheumatism(s) 
TN051,TN,051,arthritis 
TN052,TN,052,-
TN053,TN,053,arthritis 
TN053,TN,053,rheumatism(s) 
TN054,TN,054,arthritis 
TN054,TN,054,rheumatism(s) 
TN055,TN,055,rheumatism(s) 
TN056,TN,056,rheumatism(s) 
TN057,TN,057,arthritis 
TN057,TN,057,neuralgia 
TN057,TN,057,rheumatism(s) 
TN057,TN,057,rheumatoid arthritis 
TN058,TN,058,arthritis 
TN058,TN,058,rheumatism(s) 
TN059,TN,059,rheumatism(s) 
TN060,TN,060,rheumatic(s) 
GA061,GA,061,arthritis 
GA062,GA,062,arthritis 
GA063,GA,063,-
GA064,GA,064,arthritis 
GA065,GA,065,arthritis 
GA066,GA,066,neuralgia 
GA066,GA,066,rheumatism(s) 
GA067,GA,067,arthritis 
GA068,GA,068,-
GA069,GA,069,rheumatoid 
GA069,GA,069,rheumatoid arthritis 
GA070,GA,070,arthritis 
GA070,GA,070,rheumatism(s) 
GA071,GA,071,arthritis 
GA071,GA,071,rheumatism(s) 
GA072,GA,072,arthritis 
GA072,GA,072,rheumatism(s) 
GA073,GA,073,rheumatism(s) 
GA074,GA,074,arthritis 
GA074,GA,074,rheumatism(s) 
GA075,GA,075,rheumatism(s) 
GA076,GA,076,arthritis 
GA076,GA,076,rheumatism(s) 
GA077,GA,077,rheumatism(s) 
GA078,GA,078,arthritis 
GA078,GA,078,bursitis 
GA078,GA,078,rheumatism(s) 
GA079,GA,079,arthritis 
GA079,GA,079,rheumatism(s) 
GA080,GA,080,-
GA081,GA,081,arthritis 
GA081,GA,081,rheumatism(s) 
GA082,GA,082,arthritis 
GA083,GA,083,arthritis 
GA084,GA,084,rheumatism(s) 
GA085,GA,085,arthritis 
GA086,GA,086,arthritis 
GA087,GA,087,arthritis 
GA088,GA,088,arthritis 
GA088,GA,088,rheumatism(s) 
GA089,GA,089,-
GA090,GA,090,arthritis 
GA090,GA,090,lumbago 
GA090,GA,090,rheumatism(s) 
GA091,GA,091,rheumatism(s) 
GA092,GA,092,-
GA093,GA,093,arthritis 
GA094,GA,094,arthritis 
GA094,GA,094,rheumatism(s) 
GA095,GA,095,arthritis 
GA095,GA,095,rheumatism(s) 
GA096,GA,096,arthritis 
GA096,GA,096,rheumatism(s) 
GA097,GA,097,arthritis 
GA097,GA,097,bursitis 
GA097,GA,097,rheumatism(s) 
GA098,GA,098,arthritis 
GA098,GA,098,rheumatism(s) 
GA099,GA,099,arthritis 
GA099,GA,099,rheumatism(s) 
GA100,GA,100,arthritis 
GA100,GA,100,rheumatism(s) 
GA101,GA,101,arthritis 
GA101,GA,101,bursitis 
GA102,GA,102,arthritis 
GA102,GA,102,rheumatism(s) 
GA103,GA,103,arthritis 
GA103,GA,103,bursitis 
GA103,GA,103,rheumatism(s) 
GA104,GA,104,arthritis 
GA104,GA,104,rheumatism(s) 
GA105,GA,105,arthritis 
GA105,GA,105,rheumatism(s) 
GA106,GA,106,rheumatism(s) 
GA107,GA,107,arthritis 
GA108,GA,108,misery 
GA108,GA,108,rheumatism(s) 
GA109,GA,109,arthritis 
GA109,GA,109,bursitis 
GA109,GA,109,rheumatism(s) 
GA110,GA,110,arthritis 
GA110,GA,110,rheumatism(s) 
GA111,GA,111,arthritis 
GA111,GA,111,bursitis 
GA111,GA,111,rheumatism(s) 
GA112,GA,112,arthritis 
GA112,GA,112,rheumatism(s) 
GA113,GA,113,arthritis 
GA113,GA,113,rheumatism(s) 
GA114,GA,114,-
GA115,GA,115,-
GA116,GA,116,joint ache 
GA116,GA,116,rheumatism(s) 
GA117,GA,117,rheumatism(s) 
GA118,GA,118,arthritis 
GA118,GA,118,rheumatism(s) 
GA119,GA,119,arthritis 
GA119,GA,119,rheumatism(s) 
GA120,GA,120,-
GA121,GA,121,arthritis 
GA122,GA,122,arthritis 
GA123,GA,123,arthritis 
GA123,GA,123,rheumatism(s) 
GA124,GA,124,arthritis 
GA124,GA,124,rheumatism(s) 
GA125,GA,125,arthritis 
GA125,GA,125,rheumatism(s) 
GA126,GA,126,arthritis 
GA126,GA,126,rheumatism(s) 
GA127,GA,127,-
GA128,GA,128,-
GA129,GA,129,-
GA130,GA,130,-
GA131,GA,131,arthritis 
GA131,GA,131,rheumatism(s) 
GA132,GA,132,-
GA133,GA,133,rheumatism(s) 
GA134,GA,134,arthritis 
GA134,GA,134,pains in the bones 
GA134,GA,134,rheumatism(s) 
GA135,GA,135,arthritis 
GA135,GA,135,gout 
GA135,GA,135,rheumatism(s) 
GA136,GA,136,rheumatism(s) 
GA137,GA,137,arthritis 
GA137,GA,137,rheumatism(s) 
GA138,GA,138,rheumatism(s) 
GA139,GA,139,arthritis 
GA139,GA,139,rheumatism(s) 
GA140,GA,140,arthritis 
GA140,GA,140,rheumatism(s) 
GA141,GA,141,arthritis 
GA141,GA,141,rheumatism(s) 
GA142,GA,142,arthritis 
GA142,GA,142,rheumatism(s) 
GA143,GA,143,arthritis 
GA143,GA,143,rheumatism(s) 
GA144,GA,144,arthritis 
GA144,GA,144,rheumatism(s) 
GA145,GA,145,arthritis 
GA146,GA,146,arthritis 
GA146,GA,146,rheumatism(s) 
GA147,GA,147,-
GA148,GA,148,arthritis 
GA148,GA,148,lumbago 
GA149,GA,149,rheumatism(s) 
GA150,GA,150,rheumatism(s) 
GA151,GA,151,arthritis 
GA151,GA,151,rheumatism(s) 
GA152,GA,152,arthritis 
GA152,GA,152,rheumatism(s) 
GA153,GA,153,-
GA154,GA,154,arthritis 
GA154,GA,154,rheumatism(s) 
GA155,GA,155,arthritis 
GA155,GA,155,rheumatism(s) 
GA156,GA,156,-
GA157,GA,157,-
GA158,GA,158,-
GA159,GA,159,arthritis 
GA159,GA,159,rheumatism(s) 
GA160,GA,160,-
GA161,GA,161,rheumatism(s) 
GA162,GA,162,arthritis 
GA162,GA,162,rheumatism(s) 
GA163,GA,163,arthritis 
GA163,GA,163,rheumatism(s) 
GA164,GA,164,arthritis 
GA164,GA,164,rheumatism(s) 
GA165,GA,165,arthritis 
GA165,GA,165,bursitis 
GA165,GA,165,rheumatism(s) 
GA166,GA,166,arthritis 
GA166,GA,166,bursitis 
GA166,GA,166,rheumatism(s) 
GA167,GA,167,arthritis 
GA167,GA,167,gout 
GA167,GA,167,rheumatism(s) 
GA168,GA,168,-
GA169,GA,169,-
GA170,GA,170,arthritis 
GA170,GA,170,rheumatism(s) 
GA171,GA,171,rheumatism(s) 
GA172,GA,172,arthritis 
GA172,GA,172,rheumatism(s) 
GA173,GA,173,-
GA174,GA,174,-
GA175,GA,175,-
GA176,GA,176,arthritis 
GA176,GA,176,rheumatism(s) 
GA177,GA,177,arthritis 
GA178,GA,178,-
GA179,GA,179,(rheuma)tism 
GA180,GA,180,arthritis 
GA180,GA,180,bursitis 
GA181,GA,181,arthritis 
GA181,GA,181,rheumatism(s) 
GA182,GA,182,-
GA183,GA,183,arthritis 
GA183,GA,183,rheumatism(s) 
GA184,GA,184,arthritis 
GA184,GA,184,rheumatism(s) 
GA185,GA,185,arthritis 
GA185,GA,185,rheumatism(s) 
GA186,GA,186,arthritis 
GA186,GA,186,rheumatism(s) 
GA187,GA,187,-
GA188,GA,188,arthritis 
GA188,GA,188,rheumatism(s) 
GA189,GA,189,arthritis 
GA189,GA,189,rheumatism(s) 
GA190,GA,190,arthritis 
GA190,GA,190,rheumatism(s) 
GA191,GA,191,arthritis 
GA191,GA,191,rheumatism(s) 
GA192,GA,192,arthritis 
GA193,GA,193,-
GA194,GA,194,arthritis 
GA195,GA,195,-
GA196,GA,196,-
GA197,GA,197,-
GA198,GA,198,-
GA199,GA,199,-
GA200,GA,200,arthritis 
GA200,GA,200,neuralgia 
GA201,GA,201,arthritis 
GA201,GA,201,rheumatism(s) 
GA202,GA,202,arthritis 
GA202,GA,202,bursitis 
GA202,GA,202,tendonitis 
GA203,GA,203,arthritis 
GA203,GA,203,"cramp, the "
GA203,GA,203,rheumatism(s) 
GA204,GA,204,-
GA205,GA,205,-
GA206,GA,206,arthritis 
GA206,GA,206,rheumatism(s) 
GA207,GA,207,arthrit(is) 
GA208,GA,208,arthritis 
GA209,GA,209,-
GA210,GA,210,arthritis 
GA210,GA,210,rheumatism(s) 
GA211,GA,211,arthritis 
GA211,GA,211,rheumatism(s) 
GA212,GA,212,arthritis 
GA212,GA,212,rheumatism(s) 
GA213,GA,213,arthritis 
GA213,GA,213,rheumatism(s) 
GA214,GA,214,rheumatism(s) 
GA215,GA,215,arthritis 
GA216,GA,216,rheumatism(s) 
GA217,GA,217,arthritis 
GA217,GA,217,rheumatism(s) 
GA218,GA,218,-
GA219,GA,219,-
GA220,GA,220,-
GA221,GA,221,arthritis 
GA221,GA,221,rheumatism(s) 
GA222,GA,222,-
GA223,GA,223,arthritis 
GA223,GA,223,rheumatism(s) 
GA224,GA,224,arthritis 
GA224,GA,224,rheumatism(s) 
GA225,GA,225,-
FL226,FL,226,arthritis 
FL226,FL,226,stiff joints 
FL227,FL,227,arthritis 
FL228,FL,228,arthritis 
FL229,FL,229,arthritis 
FL230,FL,230,arthritis 
FL231,FL,231,rheumatism(s) 
FL232,FL,232,arthritis 
FL232,FL,232,rheumatism(s) 
FL233,FL,233,arthritis 
FL233,FL,233,gout 
FL234,FL,234,rheumatism(s) 
FL235,FL,235,arthritis 
FL235,FL,235,rheumatism(s) 
FL236,FL,236,arthritis 
FL237,FL,237,neuritis 
FL237,FL,237,rheumatism(s) 
FL238,FL,238,arthritis 
FL238,FL,238,neuralgia 
FL238,FL,238,rheumatism(s) 
FL239,FL,239,arthritis 
FL239,FL,239,rheumatism(s) 
FL240,FL,240,arthritis 
FL241,FL,241,-
FL242,FL,242,arthritis 
FL242,FL,242,rheumatism(s) 
FL243,FL,243,arthritis 
FL243,FL,243,rheumatism(s) 
FL244,FL,244,-
FL245,FL,245,-
FL246,FL,246,arthritis 
FL247,FL,247,rheumatism(s) 
FL248,FL,248,arthritis 
FL248,FL,248,rheumatism(s) 
FL249,FL,249,arthritis 
FL249,FL,249,rheumatism(s) 
FL250,FL,250,arthritis 
FL251,FL,251,-
FL252,FL,252,-
FL253,FL,253,arthritis 
FL254,FL,254,arthritis 
FL254,FL,254,rheumatism(s) 
FL255,FL,255,arthritis 
FL255,FL,255,rheumatism(s) 
FL256,FL,256,arthritis 
FL256,FL,256,rheumatism(s) 
FL257,FL,257,arthritis 
FL257,FL,257,neuralgia 
FL257,FL,257,rheumatism(s) 
FL258,FL,258,-
FL259,FL,259,rheumatism(s) 
FL260,FL,260,-
FL261,FL,261,arthritis 
FL261,FL,261,rheumatism(s) 
FL262,FL,262,-
FL263,FL,263,arthritis 
FL264,FL,264,arthritis 
FL264,FL,264,gout 
FL264,FL,264,rheumatism(s) 
FL265,FL,265,arthritis 
FL265,FL,265,rheumatism(s) 
FL266,FL,266,arthritis 
FL266,FL,266,rheumatism(s) 
FL267,FL,267,arthritis 
FL267,FL,267,cramps 
FL267,FL,267,rheumatism(s) 
FL268,FL,268,-
FL269,FL,269,rheumatism(s) 
FL270,FL,270,rheumatism(s) 
FL271,FL,271,arthritis 
FL272,FL,272,-
FL273,FL,273,arthritis 
FL274,FL,274,arthritis 
FL275,FL,275,arthritis 
FL276,FL,276,arthritis 
FL276,FL,276,rheumatism(s) 
FL277,FL,277,arthritis [not rheumatism] 
FL277,FL,277,rheumatism(s) 
FL278,FL,278,arthritis 
FL279,FL,279,arthritis 
FL280,FL,280,arthritis 
FL281,FL,281,arthritis 
FL281,FL,281,bursitis 
FL282,FL,282,arthritis 
FL283,FL,283,arthritis 
FL284,FL,284,arthritis 
FL284,FL,284,rheumatism(s) 
FL285,FL,285,arthritis 
FL286,FL,286,arthritis 
FL286,FL,286,rheumatism(s) 
FL287,FL,287,-
FL288,FL,288,arthritis 
FL288,FL,288,bursitis 
FL289,FL,289,arthritis 
FL289,FL,289,bursitis 
FL289,FL,289,rheumatism(s) 
TN290,TN,290,arthritis 
TN290,TN,290,rheumatis(m) 
TN290,TN,290,rheumatism(s) 
TN291,TN,291,arthritis 
TN291,TN,291,rheumatism(s) 
TN292,TN,292,arthritis 
TN292,TN,292,rheumatism(s) 
TN293,TN,293,arthritis 
TN293,TN,293,rheumatism(s) 
TN294,TN,294,arthritis 
TN294,TN,294,bursitis 
TN294,TN,294,rheumatism(s) 
TN295,TN,295,bursitis 
TN295,TN,295,rheumatism(s) 
TN296,TN,296,rheumatism(s) 
TN297,TN,297,arthritis 
TN298,TN,298,arthritis [not rheumatism] 
TN299,TN,299,arthritis 
TN299,TN,299,rheumatism(s) 
TN300,TN,300,arthritis 
TN300,TN,300,bursitis 
TN300,TN,300,pain in the joints 
TN300,TN,300,rheumatism(s) 
TN301,TN,301,rheumatism(s) 
TN302,TN,302,arthritis 
TN302,TN,302,rheumatism(s) 
TN303,TN,303,neuralgia 
TN303,TN,303,rheumatism(s) 
TN304,TN,304,arthritis 
TN304,TN,304,rheumatism(s) 
TN305,TN,305,arthritis 
TN305,TN,305,rheumatism(s) 
TN306,TN,306,arthritis 
TN306,TN,306,gout 
TN307,TN,307,arthritis 
TN307,TN,307,rheumatism(s) 
TN308,TN,308,-
TN309,TN,309,arthritis 
TN310,TN,310,arthritis 
TN310,TN,310,bursitis 
TN310,TN,310,rheumatism(s) 
TN311,TN,311,arthritis 
TN311,TN,311,rheumatism(s) 
TN312,TN,312,arthritis 
TN312,TN,312,rheumatism(s) 
TN313,TN,313,arthritis 
TN313,TN,313,rheumatism(s) 
TN314,TN,314,arthritis 
TN314,TN,314,bursitis 
TN315,TN,315,arthritis 
TN315,TN,315,bursitis 
TN316,TN,316,arthritis 
TN316,TN,316,rheumatism(s) 
TN317,TN,317,neural(gia) 
TN317,TN,317,rheumatism(s) 
TN318,TN,318,-
TN319,TN,319,-
TN320,TN,320,arthritis 
TN320,TN,320,rheumatism(s) 
TN321,TN,321,arthritis 
TN321,TN,321,rheumatism(s) 
TN322,TN,322,arthritis 
TN322,TN,322,rheumatism(s) 
TN323,TN,323,arthritis 
TN324,TN,324,rheumatism(s) 
TN325,TN,325,arthritis 
TN325,TN,325,rheumatism(s) 
TN326,TN,326,arthritis 
TN326,TN,326,rheumatism(s) 
TN327,TN,327,arthritis 
TN327,TN,327,rheumatism(s) 
TN328,TN,328,rheumatism(s) 
TN329,TN,329,arthritis 
TN330,TN,330,neuritis 
TN330,TN,330,rheumatism(s) 
TN331,TN,331,arthritis 
TN331,TN,331,rheumatism(s) 
TN332,TN,332,arthritis 
TN332,TN,332,rheumatism(s) 
TN333,TN,333,rheumatism(s) 
TN334,TN,334,rheumatism(s) 
TN335,TN,335,arthritis 
TN335,TN,335,rheumatis(m) 
TN336,TN,336,arthritis 
TN336,TN,336,rheumatis(m) 
AL337,AL,337,arthritis 
AL338,AL,338,arthritis 
AL338,AL,338,rheumatism(s) 
AL339,AL,339,bursitis 
AL339,AL,339,rheumatism(s) 
AL340,AL,340,rheumatism(s) 
AL341,AL,341,arthritis 
AL341,AL,341,buritis [sic] 
AL341,AL,341,bursitis 
AL342,AL,342,-
AL343,AL,343,arthritis 
AL343,AL,343,bursitis 
AL343,AL,343,rheumatism(s) 
AL344,AL,344,rheumatism(s) 
AL345,AL,345,rheumatism(s) 
AL346,AL,346,-
AL347,AL,347,arthritis 
AL347,AL,347,rheumatism(s) 
AL348,AL,348,arthritis 
AL348,AL,348,rheumatism(s) 
AL349,AL,349,-
AL350,AL,350,rheumatism(s) 
AL351,AL,351,rheumatism(s) 
AL352,AL,352,arthritis 
AL352,AL,352,lumbago 
AL352,AL,352,rheumatism(s) 
AL353,AL,353,rheumatism(s) 
AL354,AL,354,rheumatism(s) 
AL355,AL,355,rheumatism(s) 
AL356,AL,356,arthritis 
AL356,AL,356,rheumatism(s) 
AL357,AL,357,arthritis 
AL357,AL,357,rheumatism(s) 
AL358,AL,358,arthritis 
AL358,AL,358,rheumatism(s) 
AL359,AL,359,rheumatism(s) 
AL360,AL,360,arthritis 
AL360,AL,360,gout 
AL360,AL,360,rheumatism(s) 
AL361,AL,361,arthritis 
AL361,AL,361,lumbago 
AL361,AL,361,rheumatism(s) 
AL362,AL,362,rheumatism(s) 
AL363,AL,363,arthritis 
AL363,AL,363,rheumatism(s) 
AL364,AL,364,arthritis 
AL364,AL,364,rheumatism(s) 
AL365,AL,365,arthritis 
AL366,AL,366,rheumatism(s) 
AL367,AL,367,arthritis 
AL367,AL,367,rheumatoid arthritis 
AL368,AL,368,-
AL369,AL,369,rheumatism(s) 
AL370,AL,370,rheumatism(s) 
AL371,AL,371,arthritis 
AL371,AL,371,rheumatism(s) 
AL372,AL,372,arthritis 
AL373,AL,373,arthritis 
AL373,AL,373,rheumatism(s) 
AL374,AL,374,arthritis 
AL374,AL,374,rheumatism(s) 
AL375,AL,375,arthritis 
AL375,AL,375,rheumatism(s) 
AL376,AL,376,arthritis 
AL376,AL,376,rheumatism(s) 
AL377,AL,377,-
AL378,AL,378,rheumatism(s) 
AL379,AL,379,rheumatism(s) 
AL380,AL,380,arthritis 
AL380,AL,380,rheumatism(s) 
AL381,AL,381,lumbago 
AL381,AL,381,neuritis 
AL381,AL,381,rheumatism(s) 
AL382,AL,382,arthritis 
AL383,AL,383,arthritis 
AL383,AL,383,lumbago 
AL383,AL,383,rheumatism(s) 
AL384,AL,384,arthritis 
AL384,AL,384,bursitis 
AL384,AL,384,rheumatism(s) 
AL385,AL,385,arthritis 
AL385,AL,385,rheumatism(s) 
AL386,AL,386,arthritis 
AL386,AL,386,bursitis 
AL386,AL,386,rheumatism(s) 
AL387,AL,387,arthritis 
AL387,AL,387,rheumatism(s) 
AL388,AL,388,arthritis 
AL388,AL,388,rheumatism(s) 
AL389,AL,389,arthritis 
AL389,AL,389,rheumatism(s) 
AL390,AL,390,arthritis 
AL390,AL,390,rheumatism(s) 
AL391,AL,391,arthritis 
AL391,AL,391,bursitis 
AL391,AL,391,rheumatism(s) 
AL392,AL,392,arthritis 
AL392,AL,392,rheumatism(s) 
AL393,AL,393,rheumatism(s) 
AL394,AL,394,arthritis 
AL395,AL,395,rheumatism(s) 
AL396,AL,396,-
AL397,AL,397,arthritis 
AL397,AL,397,neuritis 
AL397,AL,397,rheumatism(s) 
AL398,AL,398,arthritis 
AL398,AL,398,rheumatism(s) 
AL399,AL,399,rheumatism(s) 
AL400,AL,400,arthritis 
AL400,AL,400,bursitis 
AL400,AL,400,rheumatism(s) 
AL401,AL,401,arthritis 
AL402,AL,402,arthritis 
AL402,AL,402,rheumatism(s) 
AL403,AL,403,arthritis 
AL403,AL,403,rheumatism(s) 
AL404,AL,404,arthritis 
AL404,AL,404,rheumatism(s) 
AL405,AL,405,arthritis 
AL405,AL,405,rheumatism(s) 
AL406,AL,406,arthritis 
AL406,AL,406,rheumatism(s) 
AL407,AL,407,arthritis 
AL408,AL,408,arthritis 
AL409,AL,409,-
AL410,AL,410,arthritis 
AL410,AL,410,rheumatism(s) 
AL411,AL,411,arthritis 
AL411,AL,411,rheumatism(s) 
AL412,AL,412,-
AL413,AL,413,arthritis 
AL414,AL,414,arthritis 
AL414,AL,414,rheumatism(s) 
AL415,AL,415,arthritis 
AL415,AL,415,rheumatism(s) 
AL416,AL,416,arthritis 
AL416,AL,416,rheumatism(s) 
AL417,AL,417,arthritis 
AL417,AL,417,rheumatism(s) 
AL418,AL,418,arthritis 
AL418,AL,418,rheumatism(s) 
AL419,AL,419,arthritis 
AL419,AL,419,rheumatism(s) 
AL420,AL,420,arthritis 
AL420,AL,420,rheumatism(s) 
AL421,AL,421,arthritis 
AL421,AL,421,rheumatism(s) 
AL422,AL,422,arthritis 
AL422,AL,422,rheumatism(s) 
AL423,AL,423,arthritis 
AL423,AL,423,rheumatism(s) 
AL424,AL,424,arthritis 
AL425,AL,425,arthritis 
AL425,AL,425,bursitis 
AL425,AL,425,rheumatism(s) 
AL426,AL,426,-
AL427,AL,427,arthritis 
AL428,AL,428,arthritis 
AL428,AL,428,rheumatism(s) 
AL429,AL,429,-
AL430,AL,430,arthritis 
AL430,AL,430,rheumatism(s) 
AL431,AL,431,arthritis 
AL431,AL,431,rheumatism(s) 
AL432,AL,432,arthritis 
AL433,AL,433,arthritis 
AL434,AL,434,arthritis 
AL434,AL,434,rheumatism(s) 
AL435,AL,435,arthritis 
AL435,AL,435,rheumatism(s) 
AL436,AL,436,arthritis 
AL436,AL,436,rheumatism(s) 
AL437,AL,437,arthritis 
AL437,AL,437,rheumatism(s) 
AL438,AL,438,rheumatism(s) 
AL439,AL,439,rheumatism(s) 
AL440,AL,440,arthritis 
AL440,AL,440,rheumatism(s) 
AL441,AL,441,arthritis 
AL442,AL,442,arthritis 
AL442,AL,442,rheumatism(s) 
AL443,AL,443,rheumatism(s) 
AL444,AL,444,arthritis 
AL444,AL,444,rheumatism(s) 
AL445,AL,445,arthritis 
AL445,AL,445,rheumatism(s) 
AL446,AL,446,rheumatism(s) 
AL447,AL,447,arthritis 
AL447,AL,447,rheumatism(s) 
AL448,AL,448,rheumatism(s) 
AL449,AL,449,rheumatism(s) 
AL450,AL,450,arthritis 
AL451,AL,451,arthritis 
FL452,FL,452,arthritis 
FL452,FL,452,rheumatism(s) 
FL453,FL,453,-
FL454,FL,454,arthritis 
FL454,FL,454,rheumatism(s) 
FL455,FL,455,arthritis 
FL455,FL,455,neuralgia 
FL455,FL,455,rheumatism(s) 
FL456,FL,456,arthritis 
FL456,FL,456,rheumatism(s) 
FL457,FL,457,arthritis 
FL457,FL,457,rheumatism(s) 
FL458,FL,458,arthritis 
FL458,FL,458,bursitis 
FL458,FL,458,rheumatism(s) 
FL459,FL,459,-
FL460,FL,460,arthritis 
FL460,FL,460,rheumatism(s) 
FL461,FL,461,arthritis 
FL461,FL,461,rheumatism(s) 
FL462,FL,462,arthritis 
FL462,FL,462,rheumatism(s) 
FL463,FL,463,arthritis 
FL464,FL,464,arthritis 
FL465,FL,465,rheumatism(s) 
FL466,FL,466,arthritis 
FL467,FL,467,arthritis 
FL468,FL,468,arthritis 
FL468,FL,468,rheumatism(s) 
FL469,FL,469,rheumatism(s) 
FL470,FL,470,rheumatism(s) 
FL471,FL,471,arthritis 
AL472,AL,472,arthritis 
AL472,AL,472,rheumatism(s) 
AL473,AL,473,-
AL474,AL,474,arthritis 
AL474,AL,474,rheumatism(s) 
AL475,AL,475,arthritis 
AL476,AL,476,rheumatic(s) 
AL476,AL,476,rheumatism(s) 
AL477,AL,477,arthritis 
AL478,AL,478,-
AL479,AL,479,-
AL480,AL,480,arthritis 
AL481,AL,481,arthritis 
AL481,AL,481,rheumatism(s) 
AL482,AL,482,arthritis 
AL482,AL,482,rheumatism(s) 
AL483,AL,483,-
AL484,AL,484,arthritis 
AL485,AL,485,arthritis 
AL485,AL,485,rheumatism(s) 
TN486,TN,486,arthritis 
TN487,TN,487,rheumatic(s) 
TN488,TN,488,rheumatism(s) 
TN489,TN,489,arthritis 
TN489,TN,489,rheumatism(s) 
TN490,TN,490,arthritis 
TN490,TN,490,rheumatism(s) 
TN491,TN,491,-
TN492,TN,492,arthritis 
TN492,TN,492,rheumatism(s) 
TN493,TN,493,arthritis 
TN494,TN,494,rheumatis(m) 
TN495,TN,495,arthritis 
TN496,TN,496,arthritis 
TN496,TN,496,rheumatism(s) 
TN497,TN,497,arthritis 
TN498,TN,498,rheumatism(s) 
TN499,TN,499,arthritis 
TN500,TN,500,-
TN501,TN,501,arthritis 
TN501,TN,501,bursitis 
TN501,TN,501,gout 
TN502,TN,502,arthritis 
TN503,TN,503,-
TN504,TN,504,-
TN505,TN,505,-
TN506,TN,506,rheumatism(s) 
TN507,TN,507,-
TN508,TN,508,rheumatism(s) 
TN509,TN,509,-
TN510,TN,510,-
TN511,TN,511,rheumatism(s) 
TN512,TN,512,-
TN513,TN,513,arthritis 
TN514,TN,514,arthritis 
TN514,TN,514,bursitis 
TN515,TN,515,-
TN516,TN,516,arthritis 
TN517,TN,517,arthritis 
TN517,TN,517,rheumatism(s) 
TN518,TN,518,arthritis 
TN518,TN,518,rheumatism(s) 
TN519,TN,519,arthritis 
MS520,MS,520,-
MS521,MS,521,arthritis 
MS521,MS,521,rheumatism(s) 
MS522,MS,522,arthritis 
MS522,MS,522,rheumatism(s) 
MS523,MS,523,-
MS524,MS,524,arthritis 
MS525,MS,525,arthritis 
MS525,MS,525,rheumatism(s) 
MS526,MS,526,-
MS527,MS,527,arthritis 
MS528,MS,528,rheumatism(s) 
MS529,MS,529,-
MS530,MS,530,-
MS531,MS,531,-
MS532,MS,532,arthritis 
MS532,MS,532,rheumatism(s) 
MS533,MS,533,arthritis 
MS533,MS,533,gout 
MS533,MS,533,rheumatis(m) 
MS533,MS,533,rheumatism(s) 
MS534,MS,534,arthritis 
MS535,MS,535,rheumatism(s) 
MS536,MS,536,rheumatism(s) 
MS537,MS,537,arthritis 
MS537,MS,537,rheumatism(s) 
MS538,MS,538,rheumatism(s) 
MS539,MS,539,arthritis 
MS540,MS,540,-
MS541,MS,541,arthritis 
MS541,MS,541,rheumatism(s) 
MS542,MS,542,-
MS543,MS,543,rheumatism(s) 
MS544,MS,544,arthritis 
MS544,MS,544,rheumatism(s) 
MS545,MS,545,rheumatism(s) 
MS546,MS,546,-
MS547,MS,547,arthritis 
MS548,MS,548,arthritis 
MS549,MS,549,arthritis 
MS550,MS,550,-
MS551,MS,551,-
MS552,MS,552,-
MS553,MS,553,-
MS554,MS,554,-
MS555,MS,555,rheumatism(s) 
MS556,MS,556,rheumatism(s) 
MS557,MS,557,arthritis 
MS557,MS,557,rheumatism(s) 
MS558,MS,558,arthritis 
MS558,MS,558,rheumatism(s) 
MS559,MS,559,-
MS560,MS,560,arthritis 
MS560,MS,560,rheumatism(s) 
MS561,MS,561,-
MS562,MS,562,arthritis 
MS562,MS,562,rheumatism(s) 
MS563,MS,563,arthritis 
MS564,MS,564,arthritis 
MS564,MS,564,rheumatism(s) 
MS565,MS,565,arthritis 
MS566,MS,566,-
MS567,MS,567,-
MS568,MS,568,-
MS569,MS,569,rheumatism(s) 
MS570,MS,570,arthritis 
MS570,MS,570,rheumatism(s) 
MS571,MS,571,rheumatism(s) 
MS572,MS,572,arthritis 
MS572,MS,572,rheumatism(s) 
MS573,MS,573,rheumatism(s) 
MS574,MS,574,arthritis 
MS574,MS,574,neuralgia 
MS575,MS,575,rheumatism(s) 
MS576,MS,576,arthritis 
MS577,MS,577,arthritis 
MS577,MS,577,rheumatism(s) 
MS578,MS,578,arthritis 
MS579,MS,579,arthritis 
MS579,MS,579,rheumatism(s) 
MS580,MS,580,arthritis 
MS580,MS,580,rheumatism(s) 
MS581,MS,581,arthritis 
MS581,MS,581,rheumatism(s) 
MS582,MS,582,arthritis 
MS582,MS,582,rheumatism(s) 
MS583,MS,583,rheumatism(s) 
MS584,MS,584,arthritis 
MS584,MS,584,rheumatism(s) 
MS585,MS,585,rheumatism(s) 
MS586,MS,586,-
MS587,MS,587,arthritis 
MS588,MS,588,bursitis 
MS588,MS,588,rheumatism(s) 
MS589,MS,589,arthritis 
MS589,MS,589,rheumatism(s) 
MS590,MS,590,arthritis 
MS591,MS,591,arthritis 
MS591,MS,591,bursitis 
MS591,MS,591,rheumatism(s) 
MS592,MS,592,arthritis 
MS592,MS,592,rheumatism(s) 
MS593,MS,593,rheumatism(s) 
MS593,MS,593,stiff joints 
MS594,MS,594,arthritis 
MS594,MS,594,rheumatism(s) 
MS595,MS,595,arthritis 
MS595,MS,595,rheumatism(s) 
MS596,MS,596,arthritis 
MS596,MS,596,rheumatism(s) 
MS597,MS,597,rheumatism(s) 
MS598,MS,598,arthritis 
MS598,MS,598,rheumatism(s) 
MS599,MS,599,arthritis 
MS599,MS,599,bursitis 
MS599,MS,599,rheumatism(s) 
MS600,MS,600,arthritis 
MS600,MS,600,rheumatism(s) 
MS601,MS,601,arthritis 
MS601,MS,601,rheumatism(s) 
MS602,MS,602,arthritis 
MS602,MS,602,rheumatism(s) 
MS603,MS,603,-
MS604,MS,604,-
MS605,MS,605,arthritis 
MS605,MS,605,neuritis 
MS605,MS,605,rheumatism(s) 
MS606,MS,606,arthritis 
MS607,MS,607,arthritis 
MS608,MS,608,arthritis 
MS608,MS,608,rheumatism(s) 
MS609,MS,609,arthritis 
MS609,MS,609,rheumatism(s) 
MS610,MS,610,rheumatism(s) 
MS611,MS,611,arthritis 
MS612,MS,612,arthritis 
MS613,MS,613,arthritis 
MS613,MS,613,rheumatism(s) 
MS614,MS,614,arthritis 
MS615,MS,615,arthritis 
MS615,MS,615,rheumatism(s) 
MS616,MS,616,arthritis 
MS616,MS,616,rheumatism(s) 
MS617,MS,617,arthritis 
MS617,MS,617,rheumatism(s) 
MS618,MS,618,-
MS619,MS,619,-
MS620,MS,620,arthritis 
MS620,MS,620,rheumatism(s) 
MS621,MS,621,arthritis 
MS621,MS,621,bursitis 
MS622,MS,622,arthritis 
MS623,MS,623,arthritis 
MS624,MS,624,arthritis 
MS624,MS,624,rheumatism(s) 
MS625,MS,625,arthritis 
MS625,MS,625,rheumatism(s) 
MS626,MS,626,arthritis 
MS626,MS,626,rheumatism(s) 
MS627,MS,627,arthritis 
MS627,MS,627,rheumatism(s) 
MS628,MS,628,rheumatis(m) 
MS628,MS,628,rheumatism(s) 
MS629,MS,629,arthritis 
MS629,MS,629,rheumatism(s) 
LA630,LA,630,arthritis 
LA631,LA,631,-
LA632,LA,632,arthritis 
LA633,LA,633,arthritis 
LA633,LA,633,old Arthur(s) 
LA634,LA,634,arthritis 
LA634,LA,634,rheumatism(s) 
LA635,LA,635,arthritis 
LA635,LA,635,rheumatism(s) 
LA636,LA,636,arthritis 
LA636,LA,636,rheumatism(s) 
LA637,LA,637,arthri(tis) 
LA638,LA,638,-
LA639,LA,639,arthritis 
LA639,LA,639,rheumatism(s) 
LA640,LA,640,arthritis 
LA640,LA,640,rheumatism(s) 
LA641,LA,641,rheumatism(s) 
LA642,LA,642,-
LA643,LA,643,arthritis 
LA644,LA,644,-
LA645,LA,645,rheumatism(s) 
LA646,LA,646,arthritis 
LA647,LA,647,arthritis 
LA648,LA,648,arthritis 
LA649,LA,649,arthritis 
LA650,LA,650,rheumatism(s) 
LA651,LA,651,arthritis 
LA652,LA,652,arthritis 
LA652,LA,652,rheumatism(s) 
LA653,LA,653,arthritis 
LA654,LA,654,-
LA655,LA,655,arthritis 
LA656,LA,656,arthritis 
LA657,LA,657,arthritis 
LA657X,LA,657X,arthritis 
LA657X,LA,657X,rheumatism(s) 
LA657Y,LA,657Y,arthritis 
LA657Z,LA,657Z,arthritis 
LA657Z,LA,657Z,rheumatism(s) 
LA658,LA,658,arthritis 
LA659,LA,659,arthritis 
LA660,LA,660,rheumatism(s) 
LA661,LA,661,arthritis 
LA662,LA,662,arthritis 
LA662,LA,662,rheumatism(s) 
LA663,LA,663,-
LA664,LA,664,-
LA665,LA,665,-
LA666,LA,666,rheumatism(s) 
LA667,LA,667,arthritis 
LA667,LA,667,rheumatism(s) 
LA668,LA,668,arthritis 
LA669,LA,669,arthritis 
LA669,LA,669,rheumatism(s) 
LA670,LA,670,-
LA671,LA,671,arthritis 
LA672,LA,672,arthritis 
LA672,LA,672,rheumatism(s) 
LA673,LA,673,-
AR674,AR,674,arthritis 
AR675,AR,675,-
AR676,AR,676,-
AR677,AR,677,arthritis 
AR678,AR,678,arthritis 
AR679,AR,679,arthritis 
AR680,AR,680,arthritis 
AR681,AR,681,arthritis 
AR681,AR,681,rheumatis(m) 
AR682,AR,682,rheumatism(s) 
AR683,AR,683,arthritis 
AR684,AR,684,-
AR685,AR,685,arthritis 
AR686,AR,686,arthritis 
AR686,AR,686,rheumatis(m) 
AR687,AR,687,arthritis 
AR687,AR,687,rheumatis(m) 
AR688,AR,688,rheumatism(s) 
AR689,AR,689,arthritis 
AR690,AR,690,rheumatism(s) 
AR691,AR,691,rheumatism(s) 
AR692,AR,692,arthritis 
AR692,AR,692,rheumatism(s) 
AR693,AR,693,arthritis 
AR694,AR,694,arthritis 
AR694,AR,694,rheumatism(s) 
AR695,AR,695,arthritis 
AR695,AR,695,rheumatism(s) 
AR696,AR,696,arthritis 
AR696,AR,696,rheumatism(s) 
AR697,AR,697,arthritis 
AR697,AR,697,rheumatism(s) 
AR698,AR,698,-
AR699,AR,699,-
AR700,AR,700,-
AR701,AR,701,arthritis 
AR702,AR,702,-
AR703,AR,703,arthritis 
AR703,AR,703,rheumatism(s) 
AR704,AR,704,arthritis 
AR705,AR,705,arthritis 
AR705,AR,705,rheumatism(s) 
AR706,AR,706,-
AR707,AR,707,arthritis 
AR708,AR,708,arthritis 
AR709,AR,709,arthritis 
AR710,AR,710,arthritis 
AR711,AR,711,arthritis 
AR712,AR,712,arthritis 
AR713,AR,713,arthritis 
AR714,AR,714,-
AR715,AR,715,arthritis 
AR715,AR,715,rheumatism(s) 
AR716,AR,716,arthritis 
AR716,AR,716,rheumatism(s) 
AR717,AR,717,arthritis 
AR718,AR,718,arthritis 
AR719,AR,719,rheumatism(s) 
AR720,AR,720,rheumatic pains 
AR720,AR,720,rheumatism(s) 
AR721,AR,721,lumbago 
AR721,AR,721,rheumatism(s) 
AR722,AR,722,arthritis 
AR723,AR,723,-
AR724,AR,724,arthritis 
AR725,AR,725,rheumatis(m) 
AR726,AR,726,arthritis 
AR727,AR,727,arthritis 
AR727,AR,727,rheumatism(s) 
AR728,AR,728,arthritis 
AR729,AR,729,arthritis 
AR730,AR,730,arthritis 
AR730,AR,730,rheumatism(s) 
AR731,AR,731,arthritis 
AR732,AR,732,arthritis 
AR733,AR,733,-
AR734,AR,734,rheumatis(m) 
AR734,AR,734,rheumatism(s) 
AR735,AR,735,arthritis 
AR735,AR,735,rheumatism(s) 
AR735,AR,735,sciatic rheumatism 
AR736,AR,736,rheumatic(s) 
AR736,AR,736,rheumatism(s) 
AR737,AR,737,bursitis 
AR737,AR,737,rheumatism(s) 
AR738,AR,738,arthritis 
AR739,AR,739,-
AR740,AR,740,-
AR741,AR,741,arthritis 
AR741,AR,741,rheumatism(s) 
AR742,AR,742,arthritis 
AR742,AR,742,rheumatism(s) 
AR743,AR,743,-
AR744,AR,744,-
AR745,AR,745,arthritis 
AR745,AR,745,lumbago 
AR745,AR,745,rheumatism(s) 
AR746,AR,746,rheumatism(s) 
AR747,AR,747,arthritis 
AR748,AR,748,arthritis 
AR749,AR,749,arthritis 
AR749,AR,749,rheumatism(s) 
AR750,AR,750,arthritis 
AR751,AR,751,arthritis 
AR751,AR,751,rheumatism(s) 
AR752,AR,752,arthritis 
AR753,AR,753,arthritis 
AR753,AR,753,bursitis 
AR754,AR,754,arthritis 
AR754,AR,754,rheumatism(s) 
AR755,AR,755,arthritis 
LA756,LA,756,rheumatism(s) 
LA757,LA,757,arthritis 
LA757,LA,757,rheumatism(s) 
LA758,LA,758,arthritis 
LA758,LA,758,bursitis 
LA758,LA,758,gout 
LA758,LA,758,rheumatism(s) 
LA759,LA,759,-
LA760,LA,760,arthritis 
LA761,LA,761,arthritis 
LA762,LA,762,rheumatism(s) 
LA763,LA,763,-
LA764,LA,764,arthritis 
LA764,LA,764,rheumatism(s) 
LA765,LA,765,arthritis 
LA765,LA,765,neuritis 
LA765,LA,765,rheumatism(s) 
LA766,LA,766,arthritis 
LA767,LA,767,aches and pains 
LA767,LA,767,arthritis 
LA767,LA,767,rheumatism(s) 
LA768,LA,768,arthritis 
LA768,LA,768,rheumatism(s) 
LA769,LA,769,rheumatism(s) 
LA770,LA,770,arthritis 
LA770,LA,770,gout 
LA770,LA,770,rheumatism(s) 
LA771,LA,771,rheumatism(s) 
LA772,LA,772,arthritis 
LA773,LA,773,arthritis 
LA773,LA,773,rheumatism(s) 
LA774,LA,774,-
LA775,LA,775,old age 
LA775,LA,775,rheumatism(s) 
LA776,LA,776,arthritis 
LA776,LA,776,bursitis 
LA777,LA,777,arthritis 
LA778,LA,778,arthritis 
LA778,LA,778,rheumatism(s) 
LA779,LA,779,arthritis 
LA779,LA,779,rheumatism(s) 
LA780,LA,780,arthritis 
LA780,LA,780,gout 
LA780,LA,780,rheumatism(s) 
LA781,LA,781,arthritis 
LA781,LA,781,bursitis 
LA781,LA,781,rheumatism(s) 
LA782,LA,782,arthritis 
LA782,LA,782,rheumatism(s) 
LA783,LA,783,arthritis 
LA784,LA,784,arthritis 
LA785,LA,785,arthritis 
LA785,LA,785,rheumatism(s) 
LA786,LA,786,arthritis 
LA786,LA,786,rheumatism(s) 
LA787,LA,787,rheumatism(s) 
LA788,LA,788,-
LA789,LA,789,arthritis 
LA790,LA,790,arthritis 
LA791,LA,791,arthritis 
LA791,LA,791,rheumatism(s) 
LA792,LA,792,arthritis 
LA793,LA,793,arthritis 
LA793,LA,793,rheumatism(s) 
LA794,LA,794,arthritis 
LA794,LA,794,rheumatism(s) 
LA795,LA,795,-
LA796,LA,796,rheumatism(s) 
LA797,LA,797,arthritis 
LA798,LA,798,arthritis 
LA798,LA,798,bursitis 
LA799,LA,799,-
LA800,LA,800,rheumatism(s) 
LA801,LA,801,arthritis 
LA802,LA,802,arthritis 
LA803,LA,803,-
LA804,LA,804,-
LA805,LA,805,arthritis 
LA805,LA,805,rheumatism(s) 
LA806,LA,806,arthritis 
LA806,LA,806,rheumatism(s) 
LA807,LA,807,rheumatism(s) 
LA808,LA,808,rheumatism(s) 
LA809,LA,809,arthritis 
LA809,LA,809,rheumatism(s) 
LA810,LA,810,arthritis 
LA811,LA,811,rheumatism(s) 
LA812,LA,812,-
LA813,LA,813,rheumatism(s) 
LA814,LA,814,arthritis 
LA815,LA,815,-
LA816,LA,816,arthritis 
LA817,LA,817,arthritis 
LA817,LA,817,rheumatism(s) 
TX818,TX,818,-
TX819,TX,819,rheumatis(m) 
TX820,TX,820,rheumatism(s) 
TX821,TX,821,arthritis 
TX822,TX,822,rheumatism(s) 
TX823,TX,823,arthritis 
TX823,TX,823,rheumatism(s) 
TX824,TX,824,arthritis 
TX824,TX,824,old Arthur(s) 
TX825,TX,825,arthritis 
TX825,TX,825,rheumatism(s) 
TX826,TX,826,arthritis 
TX826,TX,826,rheumatism(s) 
TX827,TX,827,arthritis 
TX827,TX,827,rheumatism(s) 
TX828,TX,828,rheumatic(s) 
TX829,TX,829,arthritis 
TX830,TX,830,rheumatism(s) 
TX831,TX,831,rheumatism(s) 
TX832,TX,832,-
TX833,TX,833,arthritis 
TX834,TX,834,arthritis 
TX834,TX,834,Arthur 
TX834,TX,834,rheumatis(m) 
TX834,TX,834,rheumatism(s) 
TX835,TX,835,rheumatism(s) 
TX836,TX,836,creaking joints 
TX836,TX,836,rheumatism(s) 
TX837,TX,837,-
TX838,TX,838,arthritis 
TX839,TX,839,rheumatism(s) 
TX840,TX,840,arthritis 
TX840,TX,840,rheumatism(s) 
TX841,TX,841,arthritis 
TX842,TX,842,arthritis 
TX842,TX,842,rheumatism(s) 
TX843,TX,843,arthritis 
TX843,TX,843,bursitis 
TX844,TX,844,rheumatism(s) 
TX845,TX,845,arthritis 
TX845,TX,845,rheumatism(s) 
TX846,TX,846,rheumatism(s) 
TX847,TX,847,arthritis 
TX847,TX,847,rheumatism(s) 
TX848,TX,848,rheumatism(s) 
TX849,TX,849,arthritis 
TX849,TX,849,rheumatism(s) 
TX850,TX,850,arthritis 
TX851,TX,851,-
TX852,TX,852,arthritis 
TX852,TX,852,rheumatism(s) 
TX853,TX,853,rheumatism(s) 
TX854,TX,854,arthritis 
TX854,TX,854,rheumatism(s) 
TX855,TX,855,arthritis 
TX855,TX,855,rheumatism(s) 
TX856,TX,856,arthritis 
TX857,TX,857,rheumatism(s) 
TX858,TX,858,-
TX859,TX,859,arthritis 
TX859,TX,859,rheumatism(s) 
TX860,TX,860,arthritis 
TX861,TX,861,arthritis [not rheumatism] 
TX861,TX,861,rheumatism(s) 
TX862,TX,862,arthritis 
TX862,TX,862,rheumatism(s) 
TX863,TX,863,arthritis 
TX863,TX,863,lumbago 
TX864,TX,864,arthritis 
TX865,TX,865,arthritis 
TX865,TX,865,rheumatism(s) 
TX866,TX,866,arthritis 
TX866,TX,866,rheumatism(s) 
TX867,TX,867,rheumatis(m) 
TX868,TX,868,arthritis 
TX868,TX,868,rheumatism(s) 
TX869,TX,869,arthritis 
TX869,TX,869,rheumatism(s) 
TX870,TX,870,arthritis 
TX870,TX,870,rheumatism(s) 
TX871,TX,871,arthritis 
TX871,TX,871,rheumatism(s) 
TX872,TX,872,-
TX873,TX,873,rheumatism(s) 
TX874,TX,874,arthritis 
TX874,TX,874,rheumatism(s) 
TX875,TX,875,arthritis 
TX876,TX,876,arthritis 
TX877,TX,877,arthritis 
TX877,TX,877,rheumatism(s) 
TX878,TX,878,arthritis 
TX878,TX,878,miseries 
TX878,TX,878,rheumatism(s) 
TX879,TX,879,-
TX880,TX,880,arthritis 
TX880,TX,880,rheumatism(s) 
TX881,TX,881,arthritis 
TX882,TX,882,rheumatism(s) 
TX883,TX,883,arthritis 
TX884,TX,884,-
TX885,TX,885,arthritis 
TX886,TX,886,arthritis 
TX887,TX,887,arthritis 
TX888,TX,888,arthritis 
TX889,TX,889,arthritis 
TX890,TX,890,arthritis 
TX890,TX,890,rheumatism(s) 
TX891,TX,891,arthritis 
TX892,TX,892,-
TX893,TX,893,rheumatism(s) 
TX894,TX,894,arthritis [not rheumatism] 
TX894,TX,894,rheumatism(s) 
TX895,TX,895,rheumatism(s) 
TX896,TX,896,arthritis 
TX896,TX,896,rheumatism(s) 
TX897,TX,897,-
TX898,TX,898,rheumatism(s) 
TX899,TX,899,arthritis 
TX899,TX,899,rheumatism(s) 
TX900,TX,900,arthritis 
TX901,TX,901,arthritis 
TX902,TX,902,arthritis 
TX902,TX,902,rheumatis(m) 
TX903,TX,903,-
TX904,TX,904,arthritis 
TX904,TX,904,rheumatism(s) 
TX905,TX,905,arthritis 
TX905,TX,905,rheumatism(s) 
TX906,TX,906,arthritis 
TX906,TX,906,rheumatism(s) 
TX907,TX,907,-
TX908,TX,908,arthritis 
TX909,TX,909,-
TX910,TX,910,bursitis 
TX910,TX,910,rheumatism(s) 
TX911,TX,911,arthritis 
