Informant,State,Informant number,Response
TN001,TN,001,jandR{z}=14
TN002,TN,002,jandRz=14
TN002,TN,002,jondRz=14
TN003,TN,003,jandRz=14
TN004,TN,004,j{o}ndIs=14
TN005,TN,005,jondI{z}=14
TN006,TN,006,jandRz=14
TN007,TN,007,jawndIs=14
TN008,TN,008,jondIs=14
TN009,TN,009,jandIs=14
TN010,TN,010,jondIs=14
TN011,TN,011,jandR{z}=14
TN012,TN,012,jandIs=14
TN012,TN,012,jawndIs=14
TN013,TN,013,jawndRz=14
TN014,TN,014,jawndIs=14
TN014,TN,014,jawndR{z}=14
TN015,TN,015,jawndIs=14
TN016,TN,016,jondIs=14
TN017,TN,017,jawndIs=14
TN018,TN,018,jandRz=14
TN019,TN,019,jondIs=14
TN020,TN,020,j{aw}ndIs=14
TN021,TN,021,jandRz=14
TN021,TN,021,jand{R}z=14
TN022,TN,022,jawnd{R}z=14
TN023,TN,023,jandIs=14
TN024,TN,024,jondIs=14
TN025,TN,025,j{aw}ndRz=14
TN026,TN,026,jand{R}z=14
TN027,TN,027,j{o}ndIs=14
TN028,TN,028,jawndRz=14
TN029,TN,029,jandRz=14
TN030,TN,030,jon(d)Is=14
TN031,TN,031,jondIs=14
TN032,TN,032,jawndIs=14
TN033,TN,033,jondIs=14
TN034,TN,034,jondIs=14
TN035,TN,035,jawndIs=14
TN036,TN,036,-
TN037,TN,037,jawndIs=14
TN038,TN,038,jand{R}(z)=14
TN039,TN,039,jondAs=14
TN040,TN,040,jondR{z}=14
TN041,TN,041,jawndIs=14
TN042,TN,042,-
TN043,TN,043,j{aw}ndIs=14
TN044,TN,044,jandIz=14
TN045,TN,045,jondIs=14
TN046,TN,046,jawndIs=14
TN047,TN,047,jawndAs=14
TN048,TN,048,jondIs=14
TN049,TN,049,jawndIs=14
TN050,TN,050,j{aw}ndRz=14
TN051,TN,051,j{aw}ndAs=14
TN052,TN,052,jandIs=14
TN053,TN,053,j{o}ndRz=14
TN054,TN,054,jondAs=14
TN055,TN,055,jawndAs=14
TN056,TN,056,jondrI{z}=14
TN057,TN,057,jondAs=14
TN058,TN,058,jawndIs=14
TN059,TN,059,jandRz=14
TN060,TN,060,jandRz=14
TN060,TN,060,jondIs=14
TN060,TN,060,jonjIs=14
GA061,GA,061,jawndIs=14
GA062,GA,062,-
GA063,GA,063,-
GA064,GA,064,jawndIs=14
GA065,GA,065,jondAs=14
GA066,GA,066,jandA(s)=14
GA066,GA,066,jondA(s)=14
GA066,GA,066,jondAs=14
GA067,GA,067,jawndIs=14
GA068,GA,068,-
GA069,GA,069,jond{R}{z}=14
GA070,GA,070,jondIs=14
GA071,GA,071,j{aw}ndAs=14
GA072,GA,072,jondIs=14
GA073,GA,073,j{aw}ndIs=14
GA074,GA,074,jandAs=14
GA074,GA,074,jiendAs=14
GA074,GA,074,jondAs=14
GA075,GA,075,jawndAs=14
GA076,GA,076,jand{R}z=14
GA076,GA,076,jon(d)Is=14
GA077,GA,077,jandAs=14
GA078,GA,078,jawntIs=14
GA079,GA,079,jondIs=14
GA080,GA,080,-
GA081,GA,081,jawndIs=14
GA082,GA,082,-
GA083,GA,083,jondurz=13
GA084,GA,084,jawndA(s)=14
GA085,GA,085,jondAs=14
GA086,GA,086,jawndIs=14
GA087,GA,087,jontAs=14
GA088,GA,088,jandR{z}=14
GA089,GA,089,-
GA090,GA,090,jondRz=14
GA091,GA,091,jawndIs=14
GA092,GA,092,-
GA093,GA,093,jondAs=14
GA094,GA,094,jawndIs=14
GA095,GA,095,jondIs=14
GA096,GA,096,j{aw}ndIs=14
GA097,GA,097,jandAs=14
GA097,GA,097,jawndAs=14
GA098,GA,098,jondI(s)=14
GA099,GA,099,jondIs=14
GA100,GA,100,-
GA101,GA,101,jawndAs=14
GA102,GA,102,jawndAs=14
GA103,GA,103,j{aw}ndAs=14
GA104,GA,104,jawndIs=14
GA105,GA,105,jondIs=14
GA106,GA,106,jondis=13
GA107,GA,107,jondu{r}z=13
GA108,GA,108,-
GA109,GA,109,jawndIs=14
GA110,GA,110,jandAz=14
GA111,GA,111,jan(d)As=14
GA112,GA,112,jawndAs=14
GA113,GA,113,jandAz=14
GA114,GA,114,-
GA115,GA,115,-
GA116,GA,116,-
GA117,GA,117,jawndIs=14
GA118,GA,118,j{aw}ndIs=14
GA119,GA,119,jan(d)As=14
GA120,GA,120,jawndIs=14
GA121,GA,121,jandIs=14
GA122,GA,122,joyndAs=14
GA123,GA,123,jawndIs=14
GA124,GA,124,j{aw}ndAs=14
GA125,GA,125,jawndIs=14
GA126,GA,126,jondIs=14
GA127,GA,127,-
GA128,GA,128,-
GA129,GA,129,-
GA130,GA,130,-
GA131,GA,131,jondIs=14
GA132,GA,132,-
GA133,GA,133,jawndAs=14
GA134,GA,134,jandAz=14
GA135,GA,135,jawnd{R}z=14
GA136,GA,136,jandAz=14
GA137,GA,137,j{aw}ndIs=14
GA138,GA,138,jondAs=14
GA139,GA,139,jondAs=14
GA140,GA,140,jondAs=14
GA140,GA,140,j{o}n(d)Is=14
GA141,GA,141,jawndIs=14
GA142,GA,142,jondIs=14
GA143,GA,143,jawndIs=14
GA144,GA,144,jandAz=14
GA145,GA,145,jawndIs=14
GA146,GA,146,jawndIs=14
GA147,GA,147,-
GA148,GA,148,-
GA149,GA,149,jondIs=14
GA150,GA,150,jond{R}s=14
GA151,GA,151,jawndR{z}=14
GA152,GA,152,j{aw}ndAs=14
GA153,GA,153,-
GA154,GA,154,j{o}ndRz=14
GA155,GA,155,jawndIs=14
GA156,GA,156,-
GA157,GA,157,-
GA158,GA,158,-
GA159,GA,159,jawndIs=14
GA160,GA,160,-
GA161,GA,161,j{aw}ndAz=14
GA162,GA,162,jandAz=14
GA162,GA,162,jondIs=14
GA163,GA,163,jawndAs=14
GA164,GA,164,-
GA165,GA,165,jandAz=14
GA166,GA,166,jondAz=14
GA167,GA,167,jawn(d)Is=14
GA167,GA,167,jon(d)Is=14
GA168,GA,168,-
GA169,GA,169,-
GA170,GA,170,jawn{t}Is=14
GA171,GA,171,jawndAs=14
GA172,GA,172,jien(d)Is=14
GA173,GA,173,-
GA174,GA,174,-
GA175,GA,175,-
GA176,GA,176,jondIs=14
GA177,GA,177,-
GA178,GA,178,-
GA179,GA,179,-
GA180,GA,180,-
GA181,GA,181,jawndIs=14
GA182,GA,182,-
GA183,GA,183,j{aw}ndAs=14
GA184,GA,184,j{aw}ndIs=14
GA184,GA,184,jondIs=14
GA185,GA,185,jawndIs=14
GA186,GA,186,jondIs=14
GA187,GA,187,-
GA188,GA,188,jandAz=14
GA189,GA,189,jawndIs=14
GA190,GA,190,jawndIs=14
GA190,GA,190,jondIs=14
GA191,GA,191,jawnnIs=14
GA192,GA,192,jand{R}(z)=14
GA193,GA,193,jand{R}z=14
GA194,GA,194,jand{R}z=14
GA195,GA,195,-
GA196,GA,196,-
GA197,GA,197,-
GA198,GA,198,-
GA199,GA,199,jondA(s)=14
GA200,GA,200,jondIs=14
GA201,GA,201,jondIs=14
GA202,GA,202,jawndIs=14
GA203,GA,203,jawnd{R}z=14
GA204,GA,204,-
GA205,GA,205,-
GA206,GA,206,zhawndIs=14
GA207,GA,207,jandAz=14
GA208,GA,208,jondRz=14
GA209,GA,209,-
GA210,GA,210,jandIs=14
GA211,GA,211,j{aw}ndR{z}=14
GA212,GA,212,jondRz=14
GA213,GA,213,-
GA214,GA,214,jawndIs=14
GA215,GA,215,jandAz=14
GA216,GA,216,jondIs=14
GA217,GA,217,jondIs=14
GA218,GA,218,-
GA219,GA,219,-
GA220,GA,220,jondAs=14
GA221,GA,221,jawndIs=14
GA222,GA,222,jandAs=14
GA223,GA,223,-
GA224,GA,224,dam(d)Azh=14
GA225,GA,225,-
FL226,FL,226,-
FL227,FL,227,-
FL228,FL,228,-
FL229,FL,229,-
FL230,FL,230,-
FL231,FL,231,jawndAs=14
FL232,FL,232,jondAs=14
FL233,FL,233,-
FL234,FL,234,jandA(s)=14
FL235,FL,235,jawndRz=14
FL236,FL,236,jawndRz=14
FL237,FL,237,jawndRz=14
FL238,FL,238,j{o}ndIs=14
FL239,FL,239,jawndIs=14
FL240,FL,240,jawndIs=14
FL241,FL,241,-
FL242,FL,242,jondIs=14
FL243,FL,243,j{aw}ndRz=14
FL244,FL,244,-
FL245,FL,245,jawndIs=14
FL246,FL,246,jondIs=14
FL247,FL,247,jondIs=14
FL248,FL,248,jon{d}As=14
FL249,FL,249,jawndR{z}=14
FL250,FL,250,jand{R}z=14
FL251,FL,251,-
FL252,FL,252,-
FL253,FL,253,jawndIs=14
FL254,FL,254,jondAz=14
FL255,FL,255,jawndIs=14
FL256,FL,256,jand{R}z=14
FL257,FL,257,jawndRz=14
FL258,FL,258,jandRz=14
FL259,FL,259,jawndIs=14
FL260,FL,260,jandAs=14
FL261,FL,261,jon{t}Is=14
FL262,FL,262,jondAs=14
FL263,FL,263,jondIs=14
FL264,FL,264,-
FL265,FL,265,jandAs=14
FL266,FL,266,jawntIs=14
FL267,FL,267,jondIs=14
FL268,FL,268,-
FL269,FL,269,jondIs=14
FL270,FL,270,jondIs=14
FL271,FL,271,jondIs=14
FL272,FL,272,-
FL273,FL,273,jawndAs=14
FL274,FL,274,jawndAs=14
FL275,FL,275,jawndIs=14
FL276,FL,276,jawndIs=14
FL277,FL,277,jawndIs=14
FL278,FL,278,jawndIs=14
FL279,FL,279,j{aw}ndIs=14
FL280,FL,280,jondIs=14
FL281,FL,281,jandIs=14
FL282,FL,282,-
FL283,FL,283,jondIs=14
FL284,FL,284,jawndRs=14
FL285,FL,285,-
FL286,FL,286,jawndIs=14
FL287,FL,287,jondIs=14
FL288,FL,288,jawndIs=14
FL289,FL,289,jondIs=14
TN290,TN,290,jandRz=14
TN291,TN,291,jondIs=14
TN291,TN,291,j{aw}ndIs=14
TN292,TN,292,jandRz=14
TN293,TN,293,jawndIs=14
TN294,TN,294,jawndAs=14
TN295,TN,295,jandIs=14
TN296,TN,296,jawndIs=14
TN297,TN,297,jawntIs=14
TN298,TN,298,-
TN299,TN,299,jondIs=14
TN300,TN,300,jawndAs=14
TN301,TN,301,jand{R}z=14
TN302,TN,302,jondIs=14
TN303,TN,303,jandA(s)=14
TN304,TN,304,jand{R}z=14
TN305,TN,305,jawndIs=14
TN306,TN,306,jan(d)As=14
TN307,TN,307,jawndAs=14
TN308,TN,308,-
TN309,TN,309,jan(d)As=14
TN310,TN,310,jawnnIs=14
TN311,TN,311,jondAs=14
TN312,TN,312,jawndIs=14
TN313,TN,313,j{aw}ndAs=14
TN314,TN,314,-
TN315,TN,315,jond{R}z=14
TN316,TN,316,jon(d)As=14
TN317,TN,317,jandAz=14
TN317,TN,317,jond{R}z=14
TN318,TN,318,-
TN319,TN,319,-
TN320,TN,320,jandRz=14
TN321,TN,321,jand{R}{z}=14
TN321,TN,321,jondI{z}=14
TN322,TN,322,jawndIs=14
TN323,TN,323,jondIs=14
TN324,TN,324,jondIs=14
TN325,TN,325,jawndAz=14
TN326,TN,326,jawndIs=14
TN327,TN,327,jawndIs=14
TN328,TN,328,jawndIs=14
TN329,TN,329,jawndAs=14
TN330,TN,330,j{o}ndIs=14
TN331,TN,331,jawndIs=14
TN332,TN,332,zhondAs=14
TN333,TN,333,jandIz=14
TN334,TN,334,jawndIs=14
TN335,TN,335,jawndIs=14
TN336,TN,336,jandR{z}=14
AL337,AL,337,jawndIs=14
AL338,AL,338,jondIs=14
AL339,AL,339,jondIs=14
AL340,AL,340,jandA(s)=14
AL341,AL,341,jond{R}z=14
AL342,AL,342,jondIs=14
AL343,AL,343,jondIs=14
AL344,AL,344,-
AL345,AL,345,j{aw}n{t}Is=14
AL346,AL,346,j{aw}ndAs=14
AL347,AL,347,jondAs=14
AL348,AL,348,jawndIs=14
AL349,AL,349,jawndIs=14
AL350,AL,350,jandAs=14
AL351,AL,351,jawndIs=14
AL352,AL,352,jondIs=14
AL353,AL,353,jondAs=14
AL354,AL,354,jawndIs=14
AL355,AL,355,jondIs=14
AL356,AL,356,jondIs=14
AL357,AL,357,jawndIs=14
AL358,AL,358,jondAs=14
AL359,AL,359,jawndAs=14
AL360,AL,360,j{aw}ndIs=14
AL361,AL,361,jondRz=14
AL362,AL,362,jond{R}z=14
AL363,AL,363,jandIs=14
AL364,AL,364,jandAs=14
AL365,AL,365,jand{R}z=14
AL366,AL,366,jawndIs=14
AL367,AL,367,jawndIs=14
AL367,AL,367,jondIs=14
AL368,AL,368,-
AL369,AL,369,jawndAs=14
AL370,AL,370,jondAs=14
AL371,AL,371,jondIs=14
AL372,AL,372,jondIs=14
AL373,AL,373,j{o}ndAs=14
AL374,AL,374,jondIs=14
AL375,AL,375,jondA(s)=14
AL376,AL,376,-
AL377,AL,377,jo[n](d)Is=14
AL378,AL,378,jondIs=14
AL379,AL,379,jawndIs=14
AL380,AL,380,jawndAs=14
AL380,AL,380,j{aw}ndIs=14
AL381,AL,381,jandIs=14
AL382,AL,382,-
AL383,AL,383,jawndRz=14
AL383,AL,383,jondIs=14
AL384,AL,384,jand{R}z=14
AL385,AL,385,jondAz=14
AL386,AL,386,jondIs=14
AL387,AL,387,jawndIs=14
AL388,AL,388,jondAs=14
AL389,AL,389,jondIs=14
AL390,AL,390,jondIs=14
AL391,AL,391,jondIs=14
AL392,AL,392,jawndIs=14
AL393,AL,393,{j}ondIs=14
AL394,AL,394,jawndIs=14
AL395,AL,395,jawndIs=14
AL396,AL,396,-
AL397,AL,397,j{aw}ndIs=14
AL398,AL,398,jawndAs=14
AL399,AL,399,jandIs=14
AL400,AL,400,jandAz=14
AL401,AL,401,jawnd(Is)
AL402,AL,402,jandIs=14
AL403,AL,403,jandIs=14
AL404,AL,404,jawndAs=14
AL405,AL,405,zhawndAs=14
AL406,AL,406,jondA{z}=14
AL407,AL,407,jand{R}z=14
AL408,AL,408,jondIs=14
AL409,AL,409,jawndIs=14
AL410,AL,410,jandAs=14
AL411,AL,411,jawndAs=14
AL412,AL,412,-
AL413,AL,413,jondAz=14
AL414,AL,414,jondIs=14
AL415,AL,415,jawnd{R}z=14
AL416,AL,416,jawndIs=14
AL417,AL,417,jawndIs=14
AL418,AL,418,jondIs=14
AL419,AL,419,jondIs=14
AL420,AL,420,jo{r}ndAs=14
AL421,AL,421,jandAs=14
AL422,AL,422,j{aw}ndAs=14
AL423,AL,423,jondIs=14
AL424,AL,424,jien{t}A{z}=14
AL425,AL,425,jawndAs=14
AL426,AL,426,jawndRz=14
AL426,AL,426,jondRz=14
AL427,AL,427,jand{R}z=14
AL428,AL,428,jawndAs=14
AL429,AL,429,-
AL430,AL,430,-
AL431,AL,431,jondAs=14
AL432,AL,432,-
AL433,AL,433,jien(d)As=14
AL434,AL,434,jandIs=14
AL434,AL,434,jondIs=14
AL435,AL,435,jawndIs=14
AL436,AL,436,jandRz=14
AL437,AL,437,jawndIs=14
AL438,AL,438,jandIs=14
AL439,AL,439,jondAs=14
AL440,AL,440,jondAs=14
AL441,AL,441,jawndAs=14
AL442,AL,442,jawndIs=14
AL443,AL,443,jaw(n)dIs=14
AL444,AL,444,j{o}ndIs=14
AL445,AL,445,jawndIs=14
AL446,AL,446,jondIs=14
AL447,AL,447,j{o}ndRz=14
AL448,AL,448,jand{R}z=14
AL449,AL,449,zandA{z}=14
AL449,AL,449,zhondAs=14
AL450,AL,450,-
AL451,AL,451,jondIs=14
FL452,FL,452,j{aw}ndIs=14
FL453,FL,453,-
FL454,FL,454,jawndIs=14
FL455,FL,455,j{aw}ndIs=14
FL456,FL,456,jondIs=14
FL457,FL,457,jandAs=14
FL458,FL,458,jawndIs=14
FL459,FL,459,-
FL460,FL,460,jond{R}{z}=14
FL461,FL,461,jandRz=14
FL461,FL,461,jond{R}z=14
FL462,FL,462,jawndIth=14
FL463,FL,463,jandAz=14
FL464,FL,464,sand{R}z=14
FL465,FL,465,jawnd{R}s=14
FL466,FL,466,jawndIs=14
FL467,FL,467,jondIs=14
FL468,FL,468,jandAz=14
FL469,FL,469,jand{R}z=14
FL470,FL,470,jand{R}z=14
FL471,FL,471,jawndAs=14
FL471,FL,471,jawndA{z}=14
AL472,AL,472,jandAs=14
AL473,AL,473,jandAz=14
AL474,AL,474,jawndIs=14
AL475,AL,475,jondIs=14
AL476,AL,476,jawndIs=14
AL477,AL,477,jondAs=14
AL478,AL,478,-
AL479,AL,479,jandA{z}=14
AL480,AL,480,j{o}ndIs=14
AL481,AL,481,jien(d)A(s)=14
AL482,AL,482,jondIs=14
AL483,AL,483,-
AL484,AL,484,jondAs=14
AL485,AL,485,jowndIs=14
TN486,TN,486,-
TN487,TN,487,jondAs=14
TN488,TN,488,jondIs=14
TN489,TN,489,jond{R}{z}=14
TN490,TN,490,jawntIs=14
TN491,TN,491,-
TN492,TN,492,jondRs=14
TN493,TN,493,-
TN494,TN,494,jondIs=14
TN495,TN,495,jandAz=14
TN496,TN,496,jandRz=14
TN496,TN,496,jondIs=14
TN497,TN,497,-
TN498,TN,498,jawndIs=14
TN499,TN,499,jondA{z}=14
TN500,TN,500,-
TN501,TN,501,jondAs=14
TN502,TN,502,-
TN503,TN,503,-
TN504,TN,504,jawndIs=14
TN505,TN,505,jandIs=14
TN506,TN,506,jawndR{z}=14
TN507,TN,507,-
TN508,TN,508,jawndis=13
TN509,TN,509,-
TN510,TN,510,-
TN511,TN,511,j{aw}ndIst=14
TN512,TN,512,-
TN513,TN,513,jondIs=14
TN514,TN,514,-
TN515,TN,515,-
TN516,TN,516,-
TN517,TN,517,jawndIs=14
TN518,TN,518,-
TN519,TN,519,jondIs=14
MS520,MS,520,-
MS521,MS,521,jawndIs=14
MS522,MS,522,-
MS523,MS,523,-
MS524,MS,524,jawndIs=14
MS525,MS,525,jawndAs=14
MS525,MS,525,jondAs=14
MS526,MS,526,-
MS527,MS,527,jondIs=14
MS527,MS,527,jond{R}z=14
MS528,MS,528,jondIs=14
MS529,MS,529,-
MS530,MS,530,jand{R}z=14
MS531,MS,531,jontAs=14
MS532,MS,532,jiendAs=14
MS533,MS,533,jondIs=14
MS534,MS,534,jandAs=14
MS535,MS,535,jawndIs=14
MS536,MS,536,jondIs=14
MS537,MS,537,-
MS538,MS,538,jawndIs=14
MS539,MS,539,jawn(d)Is=14
MS540,MS,540,-
MS541,MS,541,-
MS542,MS,542,-
MS543,MS,543,-
MS544,MS,544,jawndIs=14
MS545,MS,545,jandAs=14
MS546,MS,546,-
MS547,MS,547,jien(d)As=14
MS548,MS,548,jondIs=14
MS549,MS,549,jawndIs=14
MS550,MS,550,-
MS551,MS,551,-
MS552,MS,552,jandAz=14
MS553,MS,553,-
MS554,MS,554,-
MS555,MS,555,jandA(s)=14
MS556,MS,556,jand{R}z=14
MS557,MS,557,jawndAs=14
MS558,MS,558,jawn(d)Is=14
MS559,MS,559,-
MS560,MS,560,jondIs=14
MS561,MS,561,-
MS562,MS,562,jondIs=14
MS563,MS,563,jondIs=14
MS564,MS,564,jondIs=14
MS565,MS,565,jand{R}z=14
MS566,MS,566,-
MS567,MS,567,-
MS568,MS,568,-
MS569,MS,569,jandAs=14
MS570,MS,570,jondAs=14
MS571,MS,571,-
MS572,MS,572,jan(d)As=14
MS573,MS,573,jondA(s)=14
MS574,MS,574,jandAz=14
MS575,MS,575,jawndIs=14
MS576,MS,576,jon(d)As=14
MS577,MS,577,jandA{z}=14
MS577,MS,577,jawndAs=14
MS578,MS,578,jawndIs=14
MS579,MS,579,jan(d)As=14
MS580,MS,580,jawndIs=14
MS581,MS,581,jandAs=14
MS582,MS,582,-
MS583,MS,583,jawndIs=14
MS584,MS,584,jandA{z}=14
MS585,MS,585,jondIs=14
MS586,MS,586,jondIs=14
MS587,MS,587,-
MS588,MS,588,jandAs=14
MS589,MS,589,jondAs=14
MS590,MS,590,jawntIs=14
MS591,MS,591,jandIs=14
MS592,MS,592,jawn{t}As=14
MS593,MS,593,jondIs=14
MS594,MS,594,jandA{z}=14
MS595,MS,595,jondIs=14
MS596,MS,596,jondIs=14
MS597,MS,597,jandAs=14
MS598,MS,598,jawndAs=14
MS599,MS,599,jondAs=14
MS600,MS,600,jawndIs=14
MS601,MS,601,jandR(z)=14
MS602,MS,602,j{aw}ndAs=14
MS603,MS,603,jien(d)As=14
MS604,MS,604,-
MS605,MS,605,-
MS606,MS,606,jawndIs=14
MS607,MS,607,jandAs=14
MS608,MS,608,jondIz=14
MS609,MS,609,jandA{z}=14
MS610,MS,610,jandAs=14
MS611,MS,611,gandIz=14
MS612,MS,612,jawndis=13
MS613,MS,613,jandAs=14
MS614,MS,614,-
MS615,MS,615,j{aw}ndIs=14
MS616,MS,616,jawndIs=14
MS617,MS,617,jondAz=14
MS618,MS,618,-
MS619,MS,619,-
MS620,MS,620,jandAs=14
MS621,MS,621,jondIs=14
MS622,MS,622,jawndIs=14
MS623,MS,623,jondAs=14
MS624,MS,624,jawndIs=14
MS625,MS,625,jawndIs=14
MS626,MS,626,jawndIs=14
MS627,MS,627,jandAz=14
MS628,MS,628,jandRz=14
MS629,MS,629,jondR{z}=14
LA630,LA,630,jondIs=14
LA631,LA,631,jawndIs=14
LA632,LA,632,jondIs=14
LA633,LA,633,j{aw}ndAs=14
LA634,LA,634,jon{t}Is=14
LA635,LA,635,jondRz=14
LA636,LA,636,jand{R}{z}=14
LA637,LA,637,jondIs=14
LA638,LA,638,jandAs=14
LA638,LA,638,jan(d)As=14
LA639,LA,639,jand{R}z=14
LA640,LA,640,jandAs=14
LA641,LA,641,jondAs=14
LA642,LA,642,-
LA643,LA,643,jawndAs=14
LA644,LA,644,-
LA645,LA,645,jawndIs=14
LA646,LA,646,jondAs=14
LA647,LA,647,-
LA648,LA,648,jiendAs=14
LA649,LA,649,jien(d){R}s=14
LA650,LA,650,jand{R}z=14
LA651,LA,651,-
LA652,LA,652,jawndIs=14
LA653,LA,653,jondIs=14
LA654,LA,654,-
LA655,LA,655,jondIs=14
LA656,LA,656,jawndIs=14
LA657,LA,657,jawndIs=14
LA657X,LA,657X,-
LA657Y,LA,657Y,jawndIs=14
LA657Z,LA,657Z,jondIs=14
LA658,LA,658,jandIs=14
LA658,LA,658,jondAs=14
LA659,LA,659,jondIs=14
LA660,LA,660,jandAz=14
LA661,LA,661,jon(d)Is=14
LA662,LA,662,jondIs=14
LA663,LA,663,-
LA664,LA,664,-
LA665,LA,665,jawnd{R}(s)=14
LA666,LA,666,jawn(d)As=14
LA667,LA,667,jan(d)Is=14
LA668,LA,668,jawn(d)Is=14
LA668,LA,668,jon(d)Is=14
LA669,LA,669,jondIs=14
LA670,LA,670,jondIs=14
LA671,LA,671,jandAs=14
LA672,LA,672,jenj{R}(z)=14
LA673,LA,673,jawndAs=14
AR674,AR,674,jandRz=14
AR675,AR,675,jawndis=13
AR676,AR,676,-
AR677,AR,677,j{aw}ndAs=14
AR678,AR,678,jandurz=13
AR678,AR,678,jawndIs=14
AR679,AR,679,j{o}ndIs=14
AR680,AR,680,j{o}ndIs=14
AR681,AR,681,jandR{z}=14
AR682,AR,682,jond{R}{z}=14
AR683,AR,683,jandIs=14
AR684,AR,684,-
AR685,AR,685,jondAs=14
AR686,AR,686,jandRz=14
AR687,AR,687,jientIs=14
AR688,AR,688,jandIs=14
AR689,AR,689,j{o}ndAs=14
AR690,AR,690,jondA{z}=14
AR691,AR,691,jondIs=14
AR692,AR,692,jondAz=14
AR693,AR,693,j{o}ndIs=14
AR694,AR,694,jawnvIs=14
AR695,AR,695,jondAs=14
AR696,AR,696,jondIs=14
AR697,AR,697,j{o}ndAs=14
AR698,AR,698,-
AR699,AR,699,-
AR700,AR,700,-
AR701,AR,701,jawnd{R}z=14
AR702,AR,702,-
AR703,AR,703,jondIs=14
AR704,AR,704,jondIs=14
AR705,AR,705,j{o}ndAs=14
AR706,AR,706,-
AR707,AR,707,jondIs=14
AR708,AR,708,jawn(d)As=14
AR709,AR,709,-
AR710,AR,710,jawndIs=14
AR711,AR,711,j{aw}ndIs=14
AR712,AR,712,jondIs=14
AR713,AR,713,jondIs=14
AR714,AR,714,jawndIs=14
AR715,AR,715,zawndRz=14
AR716,AR,716,jawnd{R}{z}=14
AR717,AR,717,-
AR718,AR,718,jondIs=14
AR719,AR,719,-
AR720,AR,720,j{o}ndIs=14
AR721,AR,721,jawndIs=14
AR722,AR,722,jandIs=14
AR723,AR,723,jandRz=14
AR724,AR,724,-
AR725,AR,725,jondAs=14
AR726,AR,726,jondIs=14
AR727,AR,727,jendR{z}=14
AR728,AR,728,jondIs=14
AR729,AR,729,j{aw}ndIs=14
AR730,AR,730,jondIs=14
AR731,AR,731,jawndIs=14
AR732,AR,732,jondIs=14
AR733,AR,733,-
AR734,AR,734,jond{R}z=14
AR735,AR,735,-
AR736,AR,736,jondAs=14
AR737,AR,737,jond{R}s=14
AR738,AR,738,jawndIs=14
AR739,AR,739,-
AR740,AR,740,jandIs=14
AR741,AR,741,jawndIs=14
AR742,AR,742,jondAs=14
AR743,AR,743,jond{R}{z}=14
AR744,AR,744,-
AR745,AR,745,jawndIs=14
AR746,AR,746,jondA{z}=14
AR747,AR,747,j{o}ndIs=14
AR748,AR,748,-
AR749,AR,749,jawndAs=14
AR750,AR,750,-
AR751,AR,751,jondIs=14
AR752,AR,752,jondIs=14
AR752,AR,752,j{o}ndIs=14
AR753,AR,753,jawndIs=14
AR754,AR,754,jand{R}{z}=14
AR755,AR,755,jan{t}As=14
LA756,LA,756,jand{R}z=14
LA757,LA,757,jondIs=14
LA758,LA,758,jawndR{z}=14
LA759,LA,759,-
LA760,LA,760,jondAs=14
LA761,LA,761,jandAz=14
LA762,LA,762,jondAs=14
LA763,LA,763,-
LA764,LA,764,jondA{z}=14
LA765,LA,765,j{o}ndAs=14
LA766,LA,766,jondA{z}=14
LA767,LA,767,jondAs=14
LA768,LA,768,jondAs=14
LA769,LA,769,jondAs=14
LA770,LA,770,jawndAs=14
LA771,LA,771,dondAs=14
LA771,LA,771,jon{t}As=14
LA772,LA,772,jandAs=14
LA773,LA,773,jandIs=14
LA774,LA,774,-
LA775,LA,775,jon(dIs)
LA775,LA,775,jondAz=14
LA776,LA,776,j{o}ndIs=14
LA777,LA,777,jawndIs=14
LA778,LA,778,jawndIs=14
LA779,LA,779,jawndIs=14
LA780,LA,780,jawndAs=14
LA781,LA,781,jondIs=14
LA782,LA,782,jawndAs=14
LA783,LA,783,jondA{z}=14
LA784,LA,784,-
LA785,LA,785,j{o}ndIs=14
LA786,LA,786,jondRz=14
LA787,LA,787,jawndIs=14
LA788,LA,788,jawndIs=14
LA789,LA,789,jondIs=14
LA790,LA,790,j{o}ndRz=14
LA791,LA,791,jondRz=14
LA792,LA,792,jondRz=14
LA793,LA,793,jond{R}z=14
LA794,LA,794,jandIs=14
LA795,LA,795,-
LA796,LA,796,jandIs=14
LA797,LA,797,{j}ondAsh=14
LA798,LA,798,jiendIs=14
LA799,LA,799,-
LA800,LA,800,jandRz=14
LA801,LA,801,jondIs=14
LA802,LA,802,janj{R}z=14
LA803,LA,803,-
LA804,LA,804,-
LA805,LA,805,jawndIs=14
LA806,LA,806,jon(d)Is=14
LA806,LA,806,zhon(d)Is=14
LA807,LA,807,jandIs=14
LA808,LA,808,jan(d)Is=14
LA809,LA,809,jondAs=14
LA810,LA,810,jawn(d)Is=14
LA810,LA,810,zhawndis=31
LA810,LA,810,zhawn(d)Is=14
LA811,LA,811,jan{t}Is=14
LA812,LA,812,-
LA813,LA,813,jon{d}As=14
LA814,LA,814,jondAs=14
LA815,LA,815,jondIs=14
LA816,LA,816,jawndIs=14
LA817,LA,817,jawndAs=14
TX818,TX,818,-
TX819,TX,819,jondIs=14
TX820,TX,820,j{o}n{d}e(s)=13
TX821,TX,821,jamnAz=14
TX822,TX,822,jondIs=14
TX823,TX,823,jondAs=14
TX824,TX,824,j{aw}n{d}Is=14
TX825,TX,825,jondAs=14
TX826,TX,826,j{o}ndAs=14
TX827,TX,827,jawndIs=14
TX828,TX,828,jon(d)As=14
TX829,TX,829,jondAs=14
TX830,TX,830,j{o}ndAs=14
TX831,TX,831,jondAs=14
TX832,TX,832,-
TX833,TX,833,jondAs=14
TX834,TX,834,jondAs=14
TX835,TX,835,-
TX836,TX,836,jandAs=14
TX837,TX,837,jawndAs=14
TX838,TX,838,jawnd{R}z=14
TX839,TX,839,-
TX840,TX,840,jondAs=14
TX841,TX,841,jawndAs=14
TX842,TX,842,jawnd{R}z=14
TX843,TX,843,jien(d)As=14
TX844,TX,844,j{aw}ndIs=14
TX845,TX,845,jondIs=14
TX846,TX,846,jondAs=14
TX847,TX,847,-
TX848,TX,848,jondIs=14
TX849,TX,849,jawndAs=14
TX850,TX,850,jondA{z}=14
TX851,TX,851,jondAs=14
TX852,TX,852,jawndIs=14
TX852,TX,852,jawndrIs=14
TX853,TX,853,j{aw}ndIs=14
TX854,TX,854,jandR{z}=14
TX855,TX,855,jandIs=14
TX856,TX,856,-
TX857,TX,857,jondAs=14
TX858,TX,858,-
TX859,TX,859,jawndIs=14
TX860,TX,860,jondA{z}=14
TX861,TX,861,jondIs=14
TX862,TX,862,j{aw}ndIs=14
TX863,TX,863,j{aw}ndIs=14
TX864,TX,864,-
TX865,TX,865,jondIs=14
TX866,TX,866,-
TX867,TX,867,jond{R}{z}=14
TX868,TX,868,jondIs=14
TX869,TX,869,jien{d}Is=14
TX870,TX,870,jawndIs=14
TX871,TX,871,jond{R}z=14
TX872,TX,872,-
TX873,TX,873,jawndAs=14
TX874,TX,874,jondIs=14
TX875,TX,875,jawndAs=14
TX876,TX,876,jondIs=14
TX877,TX,877,jawndIs=14
TX878,TX,878,j{aw}ndIs=14
TX879,TX,879,-
TX880,TX,880,-
TX881,TX,881,jawndIs=14
TX882,TX,882,jondIs=14
TX883,TX,883,-
TX884,TX,884,-
TX885,TX,885,-
TX886,TX,886,j{o}n(d)Is=14
TX887,TX,887,jondAs=14
TX888,TX,888,-
TX889,TX,889,-
TX890,TX,890,jondIs=14
TX891,TX,891,j{aw}ndAs=14
TX892,TX,892,-
TX893,TX,893,jondIs=14
TX894,TX,894,j{o}ndIs=14
TX895,TX,895,jon(d)As=14
TX896,TX,896,-
TX897,TX,897,-
TX898,TX,898,jawndIs=14
TX899,TX,899,jawndIs=14
TX900,TX,900,jondIz=14
TX901,TX,901,-
TX902,TX,902,jawndIs=14
TX903,TX,903,-
TX904,TX,904,jond{R}{z}=14
TX905,TX,905,j{o}ndIs=14
TX906,TX,906,j{o}ndIs=14
TX907,TX,907,-
TX908,TX,908,jondAs=14
TX908,TX,908,jondIs=14
TX909,TX,909,-
TX910,TX,910,jondA{z}=14
TX910,TX,910,jondIs=14
TX911,TX,911,jawndIs=14
