Informant,State,Informant number,Response
TN001,TN,001,fyuenrL=14
TN002,TN,002,fyuen(r)L=14
TN003,TN,003,fyuen(r)L=14
TN004,TN,004,fyuen(r)L=14
TN005,TN,005,fyuenrL=14
TN006,TN,006,fyuenrL=14
TN007,TN,007,fyuen(r)L=14
TN008,TN,008,-
TN009,TN,009,fyuen(r)L=14
TN010,TN,010,fyoonrL=14
TN011,TN,011,fyue[n]rL=14
TN012,TN,012,fyue[n]yL=14
TN013,TN,013,fyuenArL=144
TN014,TN,014,fyuenRL=144
TN015,TN,015,fyuenrL=14
TN016,TN,016,fyuenrL=14
TN017,TN,017,fyoonrL=14
TN018,TN,018,fyuen(r)L=14
TN019,TN,019,fyuenArL=144
TN020,TN,020,fyuenrL=14
TN021,TN,021,fyuen(r)L=14
TN022,TN,022,fyuenrL=14
TN023,TN,023,fyuen(r)L=14
TN024,TN,024,fyuenArLz=144
TN025,TN,025,fyuenArL=144
TN026,TN,026,fyuenArL=144
TN027,TN,027,fyuenrL=14
TN028,TN,028,fyuenrL=14
TN029,TN,029,fyoon(r)L=14
TN030,TN,030,fyuenArL=144
TN031,TN,031,fyuenArL=144
TN032,TN,032,fyue[n]rL=14
TN033,TN,033,fyuenArL=144
TN034,TN,034,fyuenIrL=144
TN035,TN,035,fyuenArL=144
TN036,TN,036,fyue[n]rL=14
TN037,TN,037,fyuenIrL=144
TN038,TN,038,-
TN039,TN,039,fewnArL=144
TN040,TN,040,fewnArL=144
TN041,TN,041,fyuen(r)L=14
TN042,TN,042,fyuenIrL=144
TN043,TN,043,fyuenrL=14
TN044,TN,044,fyuenrL=14
TN044,TN,044,fyue[n]rL=14
TN045,TN,045,fyuenArL=144
TN046,TN,046,fyuenrL=14
TN047,TN,047,fyuenRl=14
TN048,TN,048,fyuenrL=14
TN049,TN,049,fyuenIrL=144
TN050,TN,050,fyuenrL=14
TN051,TN,051,fewnArL=144
TN052,TN,052,-
TN053,TN,053,fyuen(r)L=14
TN054,TN,054,fewn(r)L=14
TN055,TN,055,fewnArL=144
TN056,TN,056,-
TN057,TN,057,fyuenrL=14
TN058,TN,058,fyuenrL=14
TN059,TN,059,fyuenrL=14
TN060,TN,060,fyuenrL=14
GA061,GA,061,fyuenRL=144
GA062,GA,062,fewnArL=144
GA063,GA,063,fyuenrL=14
GA064,GA,064,fyuen(r)L=14
GA065,GA,065,fyuenrL=14
GA066,GA,066,fyuen(r)L=14
GA067,GA,067,fyuenrL=14
GA068,GA,068,fyuenArL=144
GA069,GA,069,fewnrL=14
GA070,GA,070,fyuenrL=14
GA071,GA,071,-
GA072,GA,072,fyuenArL=144
GA073,GA,073,fyuenArL=144
GA074,GA,074,fyuen(r)L=14
GA075,GA,075,fewnRl=14
GA076,GA,076,fyewnrL=14
GA077,GA,077,{f}yewnr[L]=14
GA078,GA,078,fewnArL=144
GA079,GA,079,fyuenArL=144
GA080,GA,080,fyuenArL=144
GA081,GA,081,fyuenArL=144
GA082,GA,082,-
GA083,GA,083,fyuen(r)L=14
GA084,GA,084,fyuen(r)L=14
GA085,GA,085,fyewnRl=14
GA086,GA,086,fyuenrL=14
GA087,GA,087,fyuenrL=14
GA088,GA,088,fyuenrL=14
GA089,GA,089,-
GA090,GA,090,fyuenrL=14
GA091,GA,091,fyuenArL=144
GA092,GA,092,-
GA093,GA,093,-
GA094,GA,094,-
GA095,GA,095,{f}yewnr[L]=14
GA096,GA,096,fyuenrL=14
GA097,GA,097,fewnrL=14
GA098,GA,098,{f}yuen[R][L]=144
GA099,GA,099,fyuenArL=144
GA100,GA,100,f(y)oonArL=144
GA101,GA,101,fewnrL=14
GA102,GA,102,fyuen{R}l=14
GA103,GA,103,fyuenArL{z}=144
GA104,GA,104,fyuenIrL=144
GA105,GA,105,fyuen(r)L=14
GA106,GA,106,fyuenrL=14
GA107,GA,107,fewn(r)L=14
GA108,GA,108,fyuenrL=14
GA109,GA,109,fyuenrL=14
GA110,GA,110,fyuenrL=14
GA111,GA,111,fyuen(r)L=14
GA112,GA,112,fyuen{R}l=14
GA113,GA,113,fyuenrL=14
GA114,GA,114,fyuenrL=14
GA115,GA,115,fyuenrL=14
GA116,GA,116,fyuen(r)L=14
GA117,GA,117,fyuenRl=14
GA118,GA,118,fyewnRl=14
GA119,GA,119,fewnArL=144
GA120,GA,120,fyuenrL=14
GA121,GA,121,fyuenrL=14
GA122,GA,122,fyuenrL=14
GA123,GA,123,fyuenIrL=144
GA124,GA,124,fyuenRl=14
GA125,GA,125,fyuenArL=144
GA126,GA,126,-
GA127,GA,127,-
GA128,GA,128,fyuen(r)L=14
GA129,GA,129,fewn(r)[L]=14
GA130,GA,130,-
GA131,GA,131,fyuen(r)L=14
GA132,GA,132,fyuen(r)L=14
GA133,GA,133,fyuenRl=14
GA134,GA,134,fyun(r)L=14
GA135,GA,135,fyuenrL=14
GA136,GA,136,fyuen(r)L=14
GA137,GA,137,fyuenArL=144
GA138,GA,138,fewnrL=14
GA139,GA,139,fyuenArL=144
GA140,GA,140,fewn(r)L=14
GA141,GA,141,fyuen(r)L=14
GA142,GA,142,fyewn(r)L=14
GA143,GA,143,fyuenrL=14
GA144,GA,144,fewnrL=14
GA145,GA,145,fyuen(r)L=14
GA146,GA,146,fyewn{R}l=14
GA147,GA,147,fyuen(r)[L]=14
GA148,GA,148,fyuenrL=14
GA149,GA,149,fyuenrL=14
GA150,GA,150,fyuen(r)L=14
GA151,GA,151,fewn(r)L=14
GA152,GA,152,fyuen{R}l=14
GA153,GA,153,-
GA154,GA,154,fyuenyL=14
GA155,GA,155,fyuenrL=14
GA156,GA,156,fyoonrL=14
GA157,GA,157,-
GA158,GA,158,fewnArL=144
GA159,GA,159,fyewnRL=144
GA160,GA,160,fyun(r)L=14
GA161,GA,161,f(y)uenrL=14
GA162,GA,162,fyuen(r)L=14
GA163,GA,163,fyuenrL=14
GA164,GA,164,fyuenrL=14
GA165,GA,165,fyuenrL=14
GA166,GA,166,fyuenrL=14
GA167,GA,167,fyuenIrL=144
GA168,GA,168,fyuenRl=14
GA169,GA,169,-
GA170,GA,170,fyuenrL=14
GA171,GA,171,fewn(r)L=14
GA172,GA,172,fyuenrL=14
GA173,GA,173,-
GA174,GA,174,fyuenrL=14
GA175,GA,175,fyuenrLz=14
GA176,GA,176,-
GA177,GA,177,fyuenrL=14
GA178,GA,178,fyuenrL=14
GA179,GA,179,fyuen(r)L=14
GA180,GA,180,fyuenIrL=144
GA181,GA,181,fyue[n](r)L=14
GA182,GA,182,-
GA183,GA,183,fewn(r)L=14
GA184,GA,184,fewnrL=14
GA185,GA,185,fyuenrL=14
GA186,GA,186,fyuenIrL=144
GA187,GA,187,fewn{R}l=14
GA188,GA,188,fyuenrL=14
GA189,GA,189,fewnArL=144
GA190,GA,190,fyuen(r)L=14
GA191,GA,191,{f}yeenr[L]=14
GA192,GA,192,fyuen(r)L=14
GA193,GA,193,fyuenrL=14
GA194,GA,194,fyuen(r)L=14
GA195,GA,195,-
GA196,GA,196,-
GA197,GA,197,-
GA198,GA,198,fyuenrL=14
GA199,GA,199,{f}yewn(r)[L]=14
GA200,GA,200,fyuen(r)L=14
GA201,GA,201,f(y)urnArL=144
GA202,GA,202,fyuenIrL=144
GA203,GA,203,fyuenIrL=144
GA204,GA,204,-
GA205,GA,205,-
GA206,GA,206,fyuenrL=14
GA207,GA,207,fyuen(r)L=14
GA208,GA,208,fyuenrL=14
GA209,GA,209,fyuenrL=14
GA210,GA,210,fyuen(r)L=14
GA211,GA,211,fewnArL=144
GA211,GA,211,fewnrL=14
GA212,GA,212,fyuenRl=14
GA213,GA,213,fyuenrL=14
GA214,GA,214,fyuenrL=14
GA215,GA,215,fyuen(r)L=14
GA216,GA,216,fyuenrL=14
GA217,GA,217,fyuenrL=14
GA218,GA,218,-
GA219,GA,219,fyuen(r)L=14
GA220,GA,220,{f}yewnRL=144
GA221,GA,221,fyuen(r)L=14
GA222,GA,222,-
GA223,GA,223,fyuen{R}l=14
GA224,GA,224,{f}yewn(r)[L]=14
GA225,GA,225,-
FL226,FL,226,fyuen(r)L=14
FL227,FL,227,fyuenRrL=144
FL228,FL,228,fyewnrL=14
FL229,FL,229,fyuenrL=14
FL230,FL,230,fyuenue(r)l=13
FL231,FL,231,fyuenRrL=144
FL232,FL,232,fyuenrL=14
FL233,FL,233,-
FL234,FL,234,fyuen(r)L=14
FL235,FL,235,fyuen(r)L=14
FL236,FL,236,fyuenrL=14
FL237,FL,237,fyewn{R}l=14
FL238,FL,238,fyoonArL=144
FL239,FL,239,fewnrL=14
FL240,FL,240,fewnrL=14
FL241,FL,241,fyewnrL=14
FL241,FL,241,fyewn(r)L=14
FL242,FL,242,fyuenrL=14
FL243,FL,243,fyuenrL=14
FL244,FL,244,fyuen(r)L=14
FL245,FL,245,fyuenArL=144
FL246,FL,246,fyuenrL=14
FL247,FL,247,fyuenrL=14
FL248,FL,248,fyuenrL=14
FL249,FL,249,{f}yewnRL=144
FL250,FL,250,fyewnrL=14
FL250,FL,250,fyewn{r}L=14
FL251,FL,251,-
FL252,FL,252,fyuen(r)L=14
FL253,FL,253,fyuenrL=14
FL254,FL,254,fyuenrL=14
FL255,FL,255,fyuenRL=144
FL256,FL,256,fyuenrL=14
FL256,FL,256,fyuenyL=14
FL257,FL,257,fyuenrL=14
FL258,FL,258,fewnrL=14
FL259,FL,259,fyuenrL=14
FL260,FL,260,fyuenrL=14
FL261,FL,261,fewnrL=14
FL262,FL,262,-
FL263,FL,263,fyuenIrL=144
FL264,FL,264,-
FL265,FL,265,fyuen(r)L=14
FL266,FL,266,fyuenrL=14
FL267,FL,267,fyuenrL=14
FL268,FL,268,-
FL269,FL,269,{f}yuenR[L]=144
FL270,FL,270,{f}yewnR[L]=144
FL271,FL,271,fyuenrL=14
FL271,FL,271,fyue{n}IrL=144
FL272,FL,272,fyuenArL=144
FL273,FL,273,fyuenRL=144
FL274,FL,274,fyuenrL=14
FL275,FL,275,fyuenRL=144
FL276,FL,276,fyuenrL=14
FL277,FL,277,fyuenrL=14
FL278,FL,278,fyuenArL=144
FL279,FL,279,fewnArL=144
FL280,FL,280,fyuenIr[L]=144
FL281,FL,281,fyuen(r)L=14
FL282,FL,282,fyuenrL=14
FL283,FL,283,fyinR[L]=144
FL283,FL,283,{f}yinR[L]=144
FL284,FL,284,fyuenrL=14
FL285,FL,285,fyuenrL=14
FL286,FL,286,fewnRL=144
FL287,FL,287,-
FL288,FL,288,fewn(r)Lz=14
FL289,FL,289,fyuenIrL=144
TN290,TN,290,fyuen(r)L=14
TN291,TN,291,fyuenArL=144
TN292,TN,292,fyunrL=14
TN293,TN,293,fyuenrL=14
TN294,TN,294,fewnArL=144
TN295,TN,295,fyuen(r)L=14
TN296,TN,296,fyuenIrL=144
TN297,TN,297,fyuenrL=14
TN298,TN,298,-
TN299,TN,299,fyuenrL=14
TN300,TN,300,fyuenIrL=144
TN301,TN,301,fyuenrL=14
TN302,TN,302,fyuenrL=14
TN303,TN,303,fyuenrL=14
TN304,TN,304,fyuenrL=14
TN304,TN,304,fyuen(r)L=14
TN305,TN,305,fyuenrL=14
TN306,TN,306,fyuenrL=14
TN307,TN,307,fyuenrL=14
TN308,TN,308,fewnRL=144
TN308,TN,308,fruenrL=14
TN309,TN,309,fyoonRL=144
TN310,TN,310,fyuenrL=14
TN311,TN,311,fyewnRL=144
TN312,TN,312,fewnArL=144
TN313,TN,313,fyewnrL=14
TN314,TN,314,fyuenArL=144
TN315,TN,315,fyuenrL=14
TN316,TN,316,fyuenrL=14
TN317,TN,317,fyuen{R}l=14
TN317,TN,317,fyunrL{z}=14
TN318,TN,318,-
TN319,TN,319,-
TN320,TN,320,fyoonrL=14
TN321,TN,321,fyewnrL=14
TN322,TN,322,fyuenArL=144
TN323,TN,323,fyuenrL=14
TN324,TN,324,fyuenrL=14
TN325,TN,325,fyuenrL=14
TN326,TN,326,fyunrL=14
TN327,TN,327,fyewnrL=14
TN328,TN,328,-
TN329,TN,329,fyuenArL=144
TN330,TN,330,fyuen(r)L=14
TN331,TN,331,fyuen{R}l=14
TN332,TN,332,fyuen(r)[L]=14
TN333,TN,333,fyuen(r)L=14
TN334,TN,334,fyuenRrL=144
TN335,TN,335,fyuenrL=14
TN336,TN,336,fyuen(r)L=14
AL337,AL,337,fyuenrL=14
AL338,AL,338,fyuenIrL=144
AL339,AL,339,fyuenIrL=144
AL340,AL,340,f(y)i[n]AwL=144
AL341,AL,341,fyuenrL=14
AL342,AL,342,{f}yin(r)[L]=14
AL342,AL,342,fyewnr[L]=14
AL343,AL,343,fyuenrL=14
AL344,AL,344,fyuen(r)L=14
AL345,AL,345,-
AL346,AL,346,fewnrL=14
AL347,AL,347,fewnrL=14
AL348,AL,348,fyuenrL=14
AL349,AL,349,fyuen(r)L=14
AL350,AL,350,-
AL351,AL,351,fewnrL=14
AL352,AL,352,fewnrL=14
AL353,AL,353,fyuenRL{z}=144
AL354,AL,354,fyuenIrL=144
AL355,AL,355,fyuenIrL=144
AL356,AL,356,fyuenrL=14
AL357,AL,357,fyuenrL=14
AL358,AL,358,fyuenrL=14
AL359,AL,359,fyuenArL=144
AL360,AL,360,fewnrL=14
AL361,AL,361,fewnrL=14
AL361,AL,361,fyuen(r)L=14
AL362,AL,362,-
AL363,AL,363,fyuen(r)L=14
AL364,AL,364,fyuen(r)L=14
AL365,AL,365,fyuenrL=14
AL366,AL,366,fewnrL=14
AL367,AL,367,fyuenIrL=144
AL368,AL,368,fewnrL=14
AL369,AL,369,-
AL370,AL,370,fyuenrL=14
AL371,AL,371,fyuenIrL=144
AL372,AL,372,fewnIrL=144
AL373,AL,373,fyunRL=144
AL374,AL,374,fewnRL=144
AL375,AL,375,fyuenRL=144
AL376,AL,376,-
AL377,AL,377,fyuen(r)L=14
AL378,AL,378,fyuenrL=14
AL379,AL,379,fewnrL=14
AL380,AL,380,-
AL381,AL,381,fyuenrL=14
AL382,AL,382,fyuen(r)L=14
AL383,AL,383,fyuenArL=144
AL384,AL,384,fyuenIrL=144
AL385,AL,385,fyuenrL=14
AL386,AL,386,fyoonIrL=144
AL387,AL,387,fyuenrL=14
AL388,AL,388,fyuen(r)L=14
AL389,AL,389,-
AL390,AL,390,fyuenrL=14
AL391,AL,391,fewn(r)L=14
AL392,AL,392,fyue[n](r)L=14
AL393,AL,393,fyewnrL=14
AL394,AL,394,fewnrL=14
AL395,AL,395,fyuenIrL=144
AL396,AL,396,-
AL397,AL,397,fyuen(r)L=14
AL398,AL,398,fyuenArL=144
AL399,AL,399,fyuenRl=14
AL400,AL,400,fyuenrL=14
AL401,AL,401,fyuenr[L]=14
AL402,AL,402,fyuen(r)L=14
AL403,AL,403,fyuenrL=14
AL404,AL,404,fewn(r)L=14
AL405,AL,405,fewnArL=144
AL406,AL,406,fyuenRl=14
AL407,AL,407,fyue[n]rLz=14
AL408,AL,408,fyuenRl=14
AL409,AL,409,-
AL410,AL,410,-
AL411,AL,411,fyuenrL=14
AL412,AL,412,-
AL413,AL,413,fyuenRL=144
AL414,AL,414,{f}yinAR[l]=144
AL415,AL,415,fyuen{R}L=144
AL416,AL,416,fyuenrL=14
AL417,AL,417,fewnRL=144
AL418,AL,418,fyuenrL=14
AL419,AL,419,fyewnrL=14
AL420,AL,420,fyuenrL=14
AL421,AL,421,fyuen(r)L=14
AL422,AL,422,fyuenrL=14
AL423,AL,423,fyuenrL=14
AL424,AL,424,few[n]r[L]=14
AL425,AL,425,fyuenRL=144
AL426,AL,426,fyuenrL=14
AL427,AL,427,fyuenRl=14
AL428,AL,428,fyuenArL=144
AL429,AL,429,-
AL430,AL,430,fyuenrL=14
AL431,AL,431,fyuenrL=14
AL432,AL,432,-
AL433,AL,433,fyuenrL=14
AL434,AL,434,fyuenrL=14
AL435,AL,435,fyuenrL=14
AL436,AL,436,fyuen(r)L=14
AL437,AL,437,fyuenArL=144
AL438,AL,438,fyuen(r)L=14
AL439,AL,439,fyuenrL=14
AL440,AL,440,fyuenrL=14
AL441,AL,441,fyuenRl=14
AL442,AL,442,fyewn(r)[L]=14
AL443,AL,443,fyuenArL=144
AL444,AL,444,fyuenrL=14
AL445,AL,445,fewnrL=14
AL446,AL,446,fyue[n](r)L=14
AL447,AL,447,fyue[n]rL=14
AL448,AL,448,fyuenRl=14
AL449,AL,449,fyewnrL=14
AL450,AL,450,fyuenrL=14
AL451,AL,451,fyuen(r)L=14
FL452,FL,452,fewnRl=14
FL453,FL,453,fyuen(r)L=14
FL454,FL,454,fyuen(r)L=14
FL455,FL,455,fyuenRl=14
FL456,FL,456,fyuenrL=14
FL457,FL,457,fyuenArL=144
FL458,FL,458,fyuenRL=144
FL459,FL,459,-
FL460,FL,460,fyewn{R}l=14
FL461,FL,461,fyuenRl=14
FL462,FL,462,fyewR[L]=144
FL463,FL,463,fyuenrL=14
FL464,FL,464,fyuenrL=14
FL464,FL,464,fyuen(r)L=14
FL465,FL,465,fyuenRl=14
FL466,FL,466,fyuenrL=14
FL467,FL,467,fyuenIrL=144
FL468,FL,468,fyuen(r)L=14
FL469,FL,469,fyuenRl=14
FL470,FL,470,fyuenrL=14
FL471,FL,471,fyuenArL=144
AL472,AL,472,fewn(r)L=14
AL473,AL,473,fyuen(r)L{z}=14
AL474,AL,474,fewnrL=14
AL475,AL,475,fyewnIrL=144
AL476,AL,476,fyuenrL=14
AL477,AL,477,fyuen(r)L=14
AL478,AL,478,fewnrL=14
AL479,AL,479,few{n}(r)L=14
AL480,AL,480,fyuenArL=144
AL481,AL,481,fewnRL=144
AL482,AL,482,fyuenIrL=144
AL483,AL,483,-
AL484,AL,484,fewn(r)L=14
AL485,AL,485,fyinArL=144
TN486,TN,486,-
TN487,TN,487,fewnrL=14
TN487,TN,487,fyuenrL=14
TN488,TN,488,fyuenRl=14
TN489,TN,489,fyewn{R}L=144
TN490,TN,490,fyuenRL=144
TN491,TN,491,-
TN492,TN,492,fyuenrL=14
TN493,TN,493,-
TN494,TN,494,fyuenrL=14
TN495,TN,495,fyuenrL=14
TN496,TN,496,fyuenrL=14
TN497,TN,497,fyewnrL=14
TN498,TN,498,fewnRL=144
TN499,TN,499,fyewnrL=14
TN500,TN,500,fyuenrL=14
TN501,TN,501,fewn(r)L=14
TN502,TN,502,fyuenRl=14
TN503,TN,503,-
TN504,TN,504,fyuenRrL=144
TN505,TN,505,fyuenrL=14
TN505,TN,505,fyue{n}(r)L=14
TN506,TN,506,fyuen(r)L=14
TN507,TN,507,-
TN508,TN,508,fyuenRl=14
TN509,TN,509,fyewnrL=14
TN510,TN,510,-
TN511,TN,511,fyuenRL=144
TN512,TN,512,fyuenrL=14
TN513,TN,513,fyuen(r)L=14
TN514,TN,514,f(y)urnRL=144
TN515,TN,515,-
TN516,TN,516,fewnRL=144
TN517,TN,517,fewnRL=144
TN518,TN,518,fyuen{R}L=144
TN519,TN,519,fyewnrL=14
MS520,MS,520,fyuenArL=144
MS521,MS,521,fyuenrL=14
MS522,MS,522,fyuenrL=14
MS523,MS,523,-
MS524,MS,524,fyuenrL=14
MS525,MS,525,fyuen(r)L=14
MS526,MS,526,-
MS527,MS,527,fyuenrL=14
MS528,MS,528,fyuen(r)L=14
MS529,MS,529,-
MS530,MS,530,fewn{R}L=144
MS531,MS,531,fyuenrL=14
MS532,MS,532,fewn(r)L=14
MS533,MS,533,fyuenArLz=144
MS534,MS,534,fewnrL=14
MS535,MS,535,{f}yewn(r)[L]=14
MS536,MS,536,-
MS537,MS,537,fyewn(r)L=14
MS537,MS,537,fyuenrL=14
MS537,MS,537,fyuen(r)L=14
MS538,MS,538,fyuenrL=14
MS539,MS,539,fyuen(r)L=14
MS540,MS,540,fyuen(r)L=14
MS541,MS,541,fyuenrL=14
MS542,MS,542,-
MS543,MS,543,fyue[n](r)[L]=14
MS544,MS,544,fyuenRl=14
MS545,MS,545,fyuen(r)L=14
MS546,MS,546,fyuenrL=14
MS547,MS,547,fyuenArL=144
MS548,MS,548,fyuen(r)L=14
MS549,MS,549,fyuenrL=14
MS550,MS,550,-
MS551,MS,551,fyuenrLz=14
MS552,MS,552,fyuenrL=14
MS552,MS,552,fyue[n](r)L=14
MS553,MS,553,fewnRL=144
MS554,MS,554,-
MS555,MS,555,fyuenrL=14
MS556,MS,556,fyuenrL=14
MS557,MS,557,fyuenrL=14
MS558,MS,558,fewnArL=144
MS559,MS,559,fewnRl=14
MS559,MS,559,fewnRL=144
MS560,MS,560,fewnrL=14
MS561,MS,561,-
MS562,MS,562,fyue[n]rL=14
MS563,MS,563,fewnIrL=144
MS564,MS,564,fyuenIrL=144
MS565,MS,565,fyuenrL=14
MS566,MS,566,-
MS567,MS,567,fyuenr[L]=14
MS568,MS,568,-
MS569,MS,569,-
MS570,MS,570,fyuen(r)L=14
MS571,MS,571,fyuenrL=14
MS572,MS,572,fyuen(r)L=14
MS573,MS,573,fyuen(r)L=14
MS574,MS,574,fyuen{R}l=14
MS575,MS,575,fyuenrL=14
MS576,MS,576,fyuen(r)L=14
MS577,MS,577,fyewn(r)L=14
MS578,MS,578,-
MS579,MS,579,fewnArLz=144
MS579,MS,579,fewnrL=14
MS580,MS,580,-
MS581,MS,581,-
MS582,MS,582,fewn(r)L=14
MS583,MS,583,fyuen(r)L=14
MS584,MS,584,fyuenRl=14
MS585,MS,585,fyuen(r)L=14
MS586,MS,586,-
MS587,MS,587,fyue[n]rL=14
MS588,MS,588,fewn(r)L=14
MS589,MS,589,fyuenrL=14
MS590,MS,590,fyoon(r)L=14
MS591,MS,591,fyuenArL=144
MS592,MS,592,fyuenrL=14
MS593,MS,593,fyuen(r)L=14
MS594,MS,594,fyuen(r)L=14
MS594,MS,594,fyue[n](r)L=14
MS595,MS,595,fyuenrL=14
MS596,MS,596,fyuenrL=14
MS596,MS,596,fyuen(r)L=14
MS597,MS,597,fyuenrL=14
MS598,MS,598,fyuenrL=14
MS599,MS,599,fyuenrL=14
MS600,MS,600,{f}yuen(r)[L]=14
MS601,MS,601,fyuenArL=144
MS602,MS,602,fewnn(r)L=14
MS603,MS,603,-
MS604,MS,604,fyuenIrLz=144
MS605,MS,605,fewnrL=14
MS606,MS,606,fewn(r)L=14
MS607,MS,607,fyuenrL=14
MS608,MS,608,fyuenrL=14
MS609,MS,609,fyuen(r)L=14
MS610,MS,610,fewn(r)[L]=14
MS611,MS,611,fyuenrL=14
MS611,MS,611,fyuen(r)L=14
MS611,MS,611,{f}yoonr[L]=14
MS612,MS,612,-
MS613,MS,613,fyuenrL=14
MS614,MS,614,fyue(n)Rl=14
MS615,MS,615,fyuenrL=14
MS616,MS,616,fyuenrL=14
MS617,MS,617,fyewnr[L]=14
MS618,MS,618,fyuenArLz=144
MS619,MS,619,fyuenrL=14
MS620,MS,620,fyuenrL=14
MS621,MS,621,fyuenIrL=144
MS622,MS,622,fyuenArL=144
MS622,MS,622,fyuenrL=14
MS623,MS,623,fyuenrL=14
MS624,MS,624,fyuenArL=144
MS625,MS,625,fyuen(r)L=14
MS626,MS,626,fyuen(r)L=14
MS627,MS,627,fyuen(r)L=14
MS628,MS,628,fyuenrL=14
MS629,MS,629,fewn(r)L=14
LA630,LA,630,fyue[n]rL=14
LA631,LA,631,fyuenrL=14
LA632,LA,632,fyuenr[L]=14
LA633,LA,633,fyuenRl=14
LA634,LA,634,fyuen(r)[L]=14
LA634,LA,634,fyuen(r)L=14
LA635,LA,635,fyuenrL=14
LA636,LA,636,fyuen(r)[L]=14
LA637,LA,637,fyuenrL=14
LA638,LA,638,fyuenArL=144
LA639,LA,639,fyuen{R}l=14
LA640,LA,640,fyuen(r)L=14
LA641,LA,641,fyunR[L]=144
LA642,LA,642,fyuenrL=14
LA643,LA,643,fewnRL=144
LA644,LA,644,fyuenIrL=144
LA645,LA,645,fyuenrL=14
LA646,LA,646,fyuenrL=14
LA647,LA,647,-
LA648,LA,648,fyue[n]rL=14
LA649,LA,649,fyuenrL=14
LA650,LA,650,fyuenrL=14
LA651,LA,651,fyuenrLz=14
LA652,LA,652,fyuenrL=14
LA653,LA,653,fyuenrL=14
LA654,LA,654,fyuenRL=144
LA655,LA,655,-
LA656,LA,656,fewnRl=14
LA657,LA,657,fyuenRrL=144
LA657X,LA,657X,fyuenrL=14
LA657Y,LA,657Y,fyuenArL=144
LA657Z,LA,657Z,fyuenrL=14
LA658,LA,658,fyuenrL=14
LA659,LA,659,fyuenIrL=144
LA660,LA,660,fyuenrL=14
LA661,LA,661,fyewnr[L]=14
LA662,LA,662,fyuenrL=14
LA663,LA,663,fyuenrL=14
LA664,LA,664,fyuenrL=14
LA665,LA,665,fyuenrL=14
LA666,LA,666,fyuenrL=14
LA667,LA,667,fyuenIrL=144
LA668,LA,668,fewn{R}l=14
LA669,LA,669,fyuenrL=14
LA670,LA,670,fyuenrL=14
LA671,LA,671,fyuenrL=14
LA672,LA,672,fyuenrL=14
LA672,LA,672,fyuen(r)L=14
LA673,LA,673,fewnrL=14
AR674,AR,674,fyuen(r)L=14
AR675,AR,675,fyoonRL=144
AR676,AR,676,-
AR677,AR,677,fewnArL{z}=144
AR678,AR,678,fyuenArL=144
AR679,AR,679,fyinRL=144
AR680,AR,680,fyuenrL=14
AR681,AR,681,fewnrL=14
AR682,AR,682,fewnrL=14
AR683,AR,683,fewnrRl{z}=14
AR684,AR,684,-
AR685,AR,685,fyuenrL=14
AR686,AR,686,fyuenrL=14
AR687,AR,687,fyue(n)rL=14
AR688,AR,688,fyuen(r)L=14
AR689,AR,689,fyuenrL=14
AR690,AR,690,fyuenrL=14
AR691,AR,691,fewnRL=144
AR692,AR,692,fewn(r)L=14
AR692,AR,692,fyewnrL=14
AR693,AR,693,fyuenrL=14
AR694,AR,694,fyuenIrL=144
AR695,AR,695,fyuenrL=14
AR696,AR,696,-
AR697,AR,697,fyuen{R}l=14
AR698,AR,698,-
AR699,AR,699,-
AR700,AR,700,-
AR701,AR,701,fyuen(r)L=14
AR702,AR,702,-
AR703,AR,703,fyuenrL=14
AR704,AR,704,fewn(r)L=14
AR705,AR,705,fyuen(r)L=14
AR706,AR,706,-
AR707,AR,707,fyu{r}nIrL=144
AR708,AR,708,f(y)uenArL=144
AR709,AR,709,fyuenrL=14
AR710,AR,710,fyuenRL=144
AR711,AR,711,fyuenrL=14
AR712,AR,712,fyuenRL=144
AR713,AR,713,fyuenRl=14
AR714,AR,714,fewn(r)L=14
AR715,AR,715,fyuenrL=14
AR716,AR,716,fyewnrL=14
AR716,AR,716,fyuen(r)L=14
AR717,AR,717,fyuenrL=14
AR718,AR,718,fewnrL=14
AR719,AR,719,fyuenRL=144
AR720,AR,720,fyuenRL=144
AR721,AR,721,fewnRL=144
AR722,AR,722,fyuenrL=14
AR723,AR,723,fyuenRl=14
AR724,AR,724,fyuenrL=14
AR725,AR,725,fyuenrL=14
AR726,AR,726,fyuenRl=14
AR727,AR,727,fyuenrL=14
AR728,AR,728,fyuenrL=14
AR729,AR,729,fyuenRl=14
AR730,AR,730,fyuenrL=14
AR731,AR,731,fewnRL=144
AR732,AR,732,fewnRL=144
AR733,AR,733,-
AR734,AR,734,-
AR735,AR,735,fyoonRL=144
AR735,AR,735,fyuenRL=144
AR735,AR,735,fyuenrLs=14
AR736,AR,736,fyuenrL=14
AR737,AR,737,fyuen(r)L=14
AR738,AR,738,fyuenrL=14
AR739,AR,739,-
AR740,AR,740,fyue{n}(r)L=14
AR741,AR,741,fyuenrL=14
AR742,AR,742,fyuenrL=14
AR743,AR,743,fyuenrL=14
AR744,AR,744,fewnrL=14
AR745,AR,745,fewnRl=14
AR746,AR,746,fyewn{r}Lz=14
AR746,AR,746,fyewnIrL=144
AR747,AR,747,fyuenArL=144
AR748,AR,748,fewn(r)L=14
AR749,AR,749,fyuenRL=144
AR750,AR,750,-
AR751,AR,751,fyuenrL=14
AR752,AR,752,fyuenrL=14
AR753,AR,753,fyuenrL=14
AR754,AR,754,fewn{R}l=14
AR754,AR,754,fyuenrL=14
AR755,AR,755,fyuenrL=14
LA756,LA,756,fyuen(r)L=14
LA757,LA,757,fyuenrL=14
LA758,LA,758,fewnrL=14
LA759,LA,759,-
LA760,LA,760,fyuenrLz=14
LA761,LA,761,fyuen(r)L=14
LA762,LA,762,-
LA763,LA,763,-
LA764,LA,764,fyuen(r)L=14
LA765,LA,765,fyuenRL=144
LA766,LA,766,fyewnrL=14
LA767,LA,767,fewnrL=14
LA768,LA,768,fyuenRL=144
LA769,LA,769,fyuenRl=14
LA770,LA,770,fyuenRl=14
LA771,LA,771,fyuenrL=14
LA772,LA,772,fyuenArL=144
LA773,LA,773,-
LA774,LA,774,-
LA775,LA,775,fewn{R}l=14
LA776,LA,776,fyoonrul=13
LA777,LA,777,fyuenAr[L]=144
LA778,LA,778,fewnRL=144
LA779,LA,779,fyuenrL=14
LA780,LA,780,fyuenIrL=144
LA781,LA,781,fyuenrL=14
LA782,LA,782,fewn(r)L=14
LA783,LA,783,fewnAr[L]=144
LA784,LA,784,fyewn(r)L=14
LA785,LA,785,fyuen(rL)
LA786,LA,786,fyuenrL=14
LA787,LA,787,fewnArL=144
LA788,LA,788,fewnrL=14
LA789,LA,789,fyuenrL=14
LA790,LA,790,fyewnrL=14
LA791,LA,791,fyuenrL=14
LA792,LA,792,fyuen(r)L=14
LA793,LA,793,fyuenRl=14
LA794,LA,794,fyuenIrL=144
LA795,LA,795,-
LA796,LA,796,fyuenrL=14
LA797,LA,797,fyuen(r)L=14
LA798,LA,798,fyuen(r)L=14
LA799,LA,799,-
LA800,LA,800,fewnrL{z}=14
LA801,LA,801,fyuenrL=14
LA802,LA,802,fyuen{R}l=14
LA803,LA,803,-
LA804,LA,804,-
LA805,LA,805,fyuenRl=14
LA806,LA,806,fyuenrL=14
LA807,LA,807,fyuen(r)[L]=14
LA808,LA,808,-
LA809,LA,809,fewnrL=14
LA810,LA,810,fyuenrLz=14
LA811,LA,811,fyuen(r)[L]=14
LA812,LA,812,-
LA813,LA,813,fyuenrL=14
LA814,LA,814,fyuen{R}l=14
LA815,LA,815,fyoonrL=14
LA816,LA,816,fewnrL=14
LA817,LA,817,fyuenrL=14
TX818,TX,818,-
TX819,TX,819,fewn(r)L=14
TX819,TX,819,fyuen(r)L=14
TX820,TX,820,fyeenrL=14
TX821,TX,821,fewnArL=144
TX822,TX,822,fyue[n]IrL=144
TX823,TX,823,fyuenrL=14
TX824,TX,824,fyewnrL=14
TX825,TX,825,fyuen(r)L=14
TX826,TX,826,fyuenrL=14
TX827,TX,827,fyewnrL=14
TX828,TX,828,fewnrL=14
TX829,TX,829,fewnrL=14
TX830,TX,830,fyuenR[L]=144
TX831,TX,831,fyuenRl=14
TX832,TX,832,-
TX833,TX,833,fyewnrL=14
TX834,TX,834,-
TX835,TX,835,fyuen(r)L=14
TX836,TX,836,fyuenrL=14
TX837,TX,837,-
TX838,TX,838,fyuenrL=14
TX839,TX,839,fyuen(r)L=14
TX840,TX,840,fewnrL=14
TX841,TX,841,fyuenRl=14
TX842,TX,842,fyuenrL=14
TX843,TX,843,fewnRl=14
TX844,TX,844,fyuenRL=144
TX845,TX,845,fyuenArL=144
TX846,TX,846,fyewnrL=14
TX847,TX,847,fyuenrL=14
TX848,TX,848,fyuenrL=14
TX849,TX,849,fyuenArL=144
TX850,TX,850,fyuenr[L]=14
TX851,TX,851,fyuenArL=144
TX852,TX,852,fyuenrL=14
TX853,TX,853,fyuenrL=14
TX854,TX,854,fyuenArL=144
TX855,TX,855,-
TX856,TX,856,-
TX857,TX,857,fyewnrL=14
TX858,TX,858,fyue[n]rL=14
TX859,TX,859,fewnRL=144
TX860,TX,860,fyewnrL=14
TX861,TX,861,fyuenrL=14
TX862,TX,862,fyuenRl=14
TX863,TX,863,fyuenRL=144
TX864,TX,864,fewnrL=14
TX865,TX,865,fyuenrL=14
TX866,TX,866,fyewnArL=144
TX867,TX,867,fewn{R}L=144
TX868,TX,868,fyue[n]rL=14
TX869,TX,869,fyuenrL=14
TX870,TX,870,fewnRL=144
TX871,TX,871,fyuenRL=144
TX872,TX,872,-
TX873,TX,873,fyuenIrL=144
TX874,TX,874,fyuenrL=14
TX875,TX,875,fyuenArL=144
TX876,TX,876,fyuenr[L]=14
TX877,TX,877,fyuenrL=14
TX878,TX,878,fyuenrL=14
TX879,TX,879,-
TX880,TX,880,fyuenrL=14
TX881,TX,881,-
TX882,TX,882,fewn(r)L=14
TX883,TX,883,fyuenrL=14
TX884,TX,884,-
TX885,TX,885,fyuenrL=14
TX886,TX,886,fyuenrL=14
TX887,TX,887,fewnRl=14
TX888,TX,888,fyuenR[L]=144
TX889,TX,889,fyewn{R}L=144
TX890,TX,890,fewnirL=134
TX891,TX,891,fyuen{R}l=14
TX892,TX,892,-
TX893,TX,893,fyuenrL=14
TX894,TX,894,fyuenrL=14
TX895,TX,895,fyuenrL=14
TX896,TX,896,fyewnArul=143
TX897,TX,897,-
TX898,TX,898,fyuenIrL=144
TX899,TX,899,fewnrL=14
TX900,TX,900,fewn{R}L=144
TX901,TX,901,fyuenRL=144
TX902,TX,902,fyuenrL=14
TX903,TX,903,fyuen(r)L=14
TX904,TX,904,fyuenrL=14
TX905,TX,905,fyuenrL=14
TX906,TX,906,fyuenrL=14
TX907,TX,907,fyuenrL=14
TX908,TX,908,fyewnrul=13
TX909,TX,909,-
TX910,TX,910,fyuenrL=14
TX911,TX,911,fyuenArL=144
