Informant,State,Informant number,Response
TN001,TN,001,fairly well 
TN002,TN,002,better 
TN002,TN,002,pretty good 
TN003,TN,003,fine 
TN004,TN,004,-
TN005,TN,005,kind of so-so 
TN005,TN,005,so good 
TN006,TN,006,fine 
TN007,TN,007,-
TN008,TN,008,-
TN009,TN,009,-
TN010,TN,010,pretty well 
TN010,TN,010,very well 
TN011,TN,011,tolerable 
TN011,TN,011,very common 
TN012,TN,012,fine 
TN012,TN,012,pretty good 
TN013,TN,013,-
TN014,TN,014,-
TN015,TN,015,fair to midling 
TN016,TN,016,fine 
TN016,TN,016,just fine 
TN017,TN,017,-
TN018,TN,018,-
TN019,TN,019,good 
TN019,TN,019,tolerable well 
TN020,TN,020,-
TN021,TN,021,-
TN022,TN,022,-
TN023,TN,023,pretty good 
TN024,TN,024,-
TN025,TN,025,-
TN026,TN,026,-
TN027,TN,027,fine 
TN027,TN,027,so-so 
TN028,TN,028,pretty good 
TN028,TN,028,so-so 
TN029,TN,029,better 
TN029,TN,029,pretty good 
TN030,TN,030,-
TN031,TN,031,-
TN032,TN,032,-
TN033,TN,033,OK 
TN034,TN,034,-
TN035,TN,035,-
TN036,TN,036,pretty good 
TN037,TN,037,-
TN038,TN,038,-
TN039,TN,039,all right 
TN040,TN,040,fine 
TN041,TN,041,all right 
TN041,TN,041,better 
TN042,TN,042,-
TN043,TN,043,-
TN044,TN,044,fine 
TN045,TN,045,OK 
TN046,TN,046,OK 
TN047,TN,047,pretty good 
TN047,TN,047,pretty poorly 
TN047,TN,047,tolerable 
TN048,TN,048,-
TN049,TN,049,tolerable 
TN050,TN,050,-
TN051,TN,051,all right 
TN051,TN,051,pretty good 
TN052,TN,052,-
TN053,TN,053,OK 
TN054,TN,054,just so-so 
TN055,TN,055,fairly 
TN055,TN,055,fairly well 
TN056,TN,056,fine 
TN056,TN,056,puny 
TN057,TN,057,don't feel up to par 
TN057,TN,057,fair 
TN058,TN,058,fine 
TN059,TN,059,better 
TN059,TN,059,just ain't much 
TN060,TN,060,fine 
TN060,TN,060,middling 
TN060,TN,060,OK 
GA061,GA,061,pretty good 
GA062,GA,062,fine 
GA062,GA,062,OK 
GA062,GA,062,pretty well 
GA063,GA,063,-
GA064,GA,064,OK 
GA065,GA,065,-
GA066,GA,066,tolerable well 
GA067,GA,067,-
GA068,GA,068,-
GA069,GA,069,droopy 
GA069,GA,069,fine 
GA069,GA,069,have felt better 
GA070,GA,070,-
GA071,GA,071,-
GA072,GA,072,awful droopy 
GA072,GA,072,droopy 
GA072,GA,072,fine 
GA073,GA,073,fine 
GA074,GA,074,able to get along 
GA074,GA,074,fine 
GA074,GA,074,middling considering 
GA075,GA,075,fair 
GA076,GA,076,good 
GA076,GA,076,just fine 
GA077,GA,077,fine 
GA077,GA,077,pretty good 
GA078,GA,078,fine 
GA079,GA,079,fine 
GA080,GA,080,-
GA081,GA,081,pretty good 
GA082,GA,082,-
GA083,GA,083,-
GA084,GA,084,bitter 
GA084,GA,084,fine 
GA085,GA,085,fine 
GA086,GA,086,not so well 
GA087,GA,087,don't feel too well 
GA087,GA,087,just fine 
GA088,GA,088,fair 
GA089,GA,089,-
GA090,GA,090,(about) average 
GA090,GA,090,OK 
GA090,GA,090,pretty well 
GA091,GA,091,-
GA092,GA,092,-
GA093,GA,093,very well 
GA094,GA,094,so-so 
GA095,GA,095,all right 
GA095,GA,095,pretty good 
GA095,GA,095,very well 
GA096,GA,096,very well 
GA097,GA,097,fine 
GA098,GA,098,fairly middling 
GA098,GA,098,pretty good 
GA099,GA,099,fine 
GA099,GA,099,pretty good 
GA100,GA,100,all right 
GA101,GA,101,OK 
GA102,GA,102,fine 
GA102,GA,102,pretty well 
GA103,GA,103,all right 
GA103,GA,103,fair 
GA103,GA,103,fair to midling 
GA103,GA,103,OK 
GA103,GA,103,pretty good 
GA103,GA,103,pretty well 
GA104,GA,104,fair 
GA104,GA,104,fine 
GA104,GA,104,I don't know 
GA105,GA,105,OK 
GA105,GA,105,so-and-so 
GA106,GA,106,just fair 
GA107,GA,107,-
GA108,GA,108,fine 
GA108,GA,108,poorly 
GA109,GA,109,-
GA110,GA,110,-
GA111,GA,111,fine 
GA111,GA,111,pretty good 
GA112,GA,112,fine 
GA113,GA,113,-
GA114,GA,114,pretty good 
GA115,GA,115,-
GA116,GA,116,all right 
GA117,GA,117,all right 
GA118,GA,118,fine 
GA118,GA,118,middling 
GA118,GA,118,so-so 
GA119,GA,119,fair 
GA119,GA,119,fairly well 
GA119,GA,119,pretty well 
GA120,GA,120,-
GA121,GA,121,fine 
GA122,GA,122,fine 
GA122,GA,122,no complaints 
GA123,GA,123,fine 
GA124,GA,124,-
GA125,GA,125,pretty good 
GA126,GA,126,fine 
GA127,GA,127,-
GA128,GA,128,-
GA129,GA,129,-
GA130,GA,130,-
GA131,GA,131,so-so 
GA132,GA,132,-
GA133,GA,133,-
GA134,GA,134,fine 
GA134,GA,134,pretty good 
GA134,GA,134,pretty well 
GA134,GA,134,tolerable 
GA135,GA,135,just middling 
GA135,GA,135,pretty good 
GA135,GA,135,pretty well 
GA136,GA,136,"I ain't well, I ain't down "
GA136,GA,136,just dragging along 
GA136,GA,136,pretty good 
GA136,GA,136,tolerable 
GA137,GA,137,pretty well 
GA137,GA,137,tolerable 
GA138,GA,138,(about) average 
GA138,GA,138,not too good 
GA139,GA,139,fine 
GA140,GA,140,-
GA141,GA,141,fine 
GA141,GA,141,tolerable 
GA141,GA,141,very well 
GA142,GA,142,-
GA143,GA,143,fine 
GA143,GA,143,OK 
GA143,GA,143,pretty well 
GA143,GA,143,very well 
GA144,GA,144,fine 
GA144,GA,144,OK 
GA145,GA,145,-
GA146,GA,146,-
GA147,GA,147,-
GA148,GA,148,OK 
GA149,GA,149,fair 
GA149,GA,149,fine 
GA150,GA,150,tolerable 
GA150,GA,150,very well 
GA151,GA,151,getting along fine 
GA152,GA,152,pretty good 
GA153,GA,153,-
GA154,GA,154,getting (a)long all right 
GA155,GA,155,so-so 
GA156,GA,156,-
GA157,GA,157,-
GA158,GA,158,middling 
GA159,GA,159,all right 
GA159,GA,159,fine 
GA160,GA,160,-
GA161,GA,161,pretty good 
GA162,GA,162,pretty good 
GA163,GA,163,fairly well 
GA163,GA,163,very well 
GA164,GA,164,fine 
GA165,GA,165,very well 
GA166,GA,166,pretty good 
GA167,GA,167,pretty good 
GA168,GA,168,good 
GA169,GA,169,-
GA170,GA,170,pretty good 
GA171,GA,171,-
GA172,GA,172,just fine 
GA173,GA,173,-
GA174,GA,174,-
GA175,GA,175,-
GA176,GA,176,fine 
GA177,GA,177,fine 
GA177,GA,177,pretty good 
GA178,GA,178,-
GA179,GA,179,fine 
GA179,GA,179,good 
GA180,GA,180,pretty good 
GA181,GA,181,-
GA182,GA,182,pretty well 
GA183,GA,183,fair to midling 
GA183,GA,183,fine 
GA184,GA,184,all right 
GA185,GA,185,fine 
GA185,GA,185,pretty well 
GA186,GA,186,fine 
GA187,GA,187,pretty well 
GA188,GA,188,fair 
GA188,GA,188,very well 
GA189,GA,189,just fine 
GA189,GA,189,so-so 
GA190,GA,190,fair to midling 
GA190,GA,190,hadn't got a worry in the world 
GA191,GA,191,pretty good 
GA192,GA,192,pretty good 
GA193,GA,193,-
GA194,GA,194,-
GA195,GA,195,-
GA196,GA,196,-
GA197,GA,197,-
GA198,GA,198,-
GA199,GA,199,-
GA200,GA,200,-
GA201,GA,201,-
GA202,GA,202,-
GA203,GA,203,-
GA204,GA,204,-
GA205,GA,205,-
GA206,GA,206,pretty good 
GA207,GA,207,-
GA208,GA,208,pretty good 
GA209,GA,209,-
GA210,GA,210,fairly 
GA211,GA,211,good 
GA211,GA,211,OK 
GA211,GA,211,very well 
GA212,GA,212,-
GA213,GA,213,pretty good 
GA214,GA,214,-
GA215,GA,215,pretty good 
GA216,GA,216,fine 
GA217,GA,217,so-so 
GA218,GA,218,very well 
GA219,GA,219,pretty fair 
GA220,GA,220,fine 
GA221,GA,221,very well 
GA222,GA,222,-
GA223,GA,223,-
GA224,GA,224,tolerable 
GA225,GA,225,-
FL226,FL,226,better 
FL226,FL,226,fine 
FL226,FL,226,pretty good 
FL227,FL,227,OK 
FL228,FL,228,fine 
FL229,FL,229,OK 
FL230,FL,230,OK 
FL231,FL,231,pretty well 
FL232,FL,232,fine 
FL233,FL,233,all right 
FL234,FL,234,all right 
FL235,FL,235,fine 
FL236,FL,236,pretty good 
FL236,FL,236,pretty poorly 
FL237,FL,237,very well 
FL238,FL,238,pretty good 
FL239,FL,239,fine 
FL240,FL,240,all right 
FL240,FL,240,OK 
FL241,FL,241,-
FL242,FL,242,fine 
FL243,FL,243,fine 
FL244,FL,244,-
FL245,FL,245,fine 
FL245,FL,245,very well 
FL246,FL,246,fine 
FL246,FL,246,pretty good 
FL247,FL,247,-
FL248,FL,248,(about) average 
FL248,FL,248,fine 
FL248,FL,248,OK 
FL249,FL,249,pretty good 
FL249,FL,249,so-so 
FL250,FL,250,fair 
FL251,FL,251,-
FL252,FL,252,pretty good 
FL253,FL,253,pretty good 
FL254,FL,254,fine 
FL254,FL,254,pretty good 
FL254,FL,254,tolerable 
FL255,FL,255,quite well 
FL255,FL,255,tolerable 
FL256,FL,256,-
FL257,FL,257,very common 
FL258,FL,258,all right 
FL258,FL,258,fine 
FL259,FL,259,fine 
FL260,FL,260,-
FL261,FL,261,(about) average 
FL262,FL,262,fine 
FL263,FL,263,pretty good 
FL264,FL,264,fine 
FL265,FL,265,so-so 
FL266,FL,266,all right 
FL266,FL,266,fine 
FL266,FL,266,pretty good 
FL267,FL,267,-
FL268,FL,268,-
FL269,FL,269,-
FL270,FL,270,fine 
FL271,FL,271,OK 
FL272,FL,272,just great 
FL273,FL,273,fine 
FL274,FL,274,fine 
FL275,FL,275,fine 
FL276,FL,276,pretty good 
FL277,FL,277,-
FL278,FL,278,OK 
FL278,FL,278,pretty good 
FL278,FL,278,so-so 
FL279,FL,279,OK 
FL280,FL,280,fine 
FL280,FL,280,just only [sic] 
FL281,FL,281,all right 
FL281,FL,281,not so well 
FL282,FL,282,-
FL283,FL,283,fine 
FL283,FL,283,not doing [sic] 
FL284,FL,284,fair to midling 
FL284,FL,284,OK 
FL285,FL,285,-
FL286,FL,286,fair to moderate 
FL286,FL,286,fine 
FL286,FL,286,OK 
FL287,FL,287,-
FL288,FL,288,fair to midling 
FL288,FL,288,pretty good 
FL288,FL,288,so-so 
FL289,FL,289,so-so 
TN290,TN,290,I'll do 
TN291,TN,291,all right 
TN291,TN,291,fine 
TN291,TN,291,OK 
TN292,TN,292,fine 
TN293,TN,293,fine 
TN293,TN,293,OK 
TN294,TN,294,OK 
TN295,TN,295,all right 
TN295,TN,295,very well 
TN296,TN,296,tolerably well 
TN297,TN,297,fine 
TN298,TN,298,-
TN299,TN,299,all right 
TN299,TN,299,tolerable 
TN300,TN,300,fine 
TN301,TN,301,pretty good 
TN302,TN,302,as usual 
TN303,TN,303,all right 
TN303,TN,303,very well 
TN304,TN,304,-
TN305,TN,305,fair 
TN306,TN,306,-
TN307,TN,307,all right 
TN307,TN,307,fine 
TN308,TN,308,-
TN309,TN,309,pretty good 
TN310,TN,310,-
TN311,TN,311,fine 
TN311,TN,311,OK 
TN312,TN,312,pretty well 
TN313,TN,313,all right 
TN313,TN,313,so-so 
TN314,TN,314,all right 
TN314,TN,314,same as usual 
TN315,TN,315,-
TN316,TN,316,fair 
TN316,TN,316,fine 
TN317,TN,317,all right 
TN317,TN,317,pretty good 
TN317,TN,317,pretty well 
TN318,TN,318,pretty good 
TN319,TN,319,-
TN320,TN,320,just (a) bout like I [X-0] been 
TN320,TN,320,pretty well 
TN321,TN,321,middling 
TN321,TN,321,very well 
TN322,TN,322,fine 
TN322,TN,322,pretty good 
TN323,TN,323,-
TN324,TN,324,fine 
TN325,TN,325,fairly good 
TN326,TN,326,fine 
TN327,TN,327,fine 
TN327,TN,327,very well 
TN328,TN,328,fine 
TN329,TN,329,not feeling too good 
TN330,TN,330,fine 
TN330,TN,330,kind of salty 
TN330,TN,330,OK 
TN331,TN,331,pretty well 
TN332,TN,332,very well 
TN333,TN,333,fine 
TN333,TN,333,pretty good 
TN334,TN,334,fine 
TN334,TN,334,OK 
TN335,TN,335,-
TN336,TN,336,fine 
TN336,TN,336,OK 
TN336,TN,336,pretty good 
AL337,AL,337,-
AL338,AL,338,fine 
AL339,AL,339,-
AL340,AL,340,doing nicely 
AL340,AL,340,pretty well 
AL341,AL,341,-
AL342,AL,342,-
AL343,AL,343,-
AL344,AL,344,all right 
AL345,AL,345,-
AL346,AL,346,-
AL347,AL,347,very well 
AL348,AL,348,fine 
AL349,AL,349,-
AL350,AL,350,fairly well 
AL351,AL,351,all right 
AL351,AL,351,pretty good 
AL351,AL,351,very well 
AL352,AL,352,all right 
AL352,AL,352,fine 
AL352,AL,352,OK 
AL352,AL,352,pretty good 
AL353,AL,353,(a)bout like common 
AL353,AL,353,(a)bout like I've been 
AL354,AL,354,OK 
AL355,AL,355,-
AL356,AL,356,fair to midling 
AL356,AL,356,fine 
AL356,AL,356,OK 
AL356,AL,356,pretty well 
AL357,AL,357,OK 
AL358,AL,358,fine 
AL358,AL,358,pretty good 
AL359,AL,359,just fair 
AL360,AL,360,not at all [=all right] 
AL361,AL,361,pretty good 
AL362,AL,362,fine 
AL363,AL,363,all right 
AL363,AL,363,fine 
AL363,AL,363,OK 
AL364,AL,364,fine 
AL365,AL,365,-
AL366,AL,366,very well 
AL367,AL,367,pretty good 
AL367,AL,367,very well 
AL368,AL,368,-
AL369,AL,369,fair 
AL370,AL,370,fine 
AL370,AL,370,pretty well 
AL370,AL,370,so-so 
AL371,AL,371,-
AL372,AL,372,-
AL373,AL,373,fine 
AL374,AL,374,fine 
AL374,AL,374,very well 
AL375,AL,375,-
AL376,AL,376,-
AL377,AL,377,just fine 
AL378,AL,378,-
AL379,AL,379,-
AL380,AL,380,fine 
AL381,AL,381,fine 
AL382,AL,382,fine 
AL382,AL,382,OK 
AL383,AL,383,fine 
AL384,AL,384,fine 
AL385,AL,385,very well 
AL386,AL,386,fine 
AL387,AL,387,fine 
AL388,AL,388,-
AL389,AL,389,fine 
AL390,AL,390,very well 
AL391,AL,391,fair to midling 
AL391,AL,391,fine 
AL391,AL,391,OK 
AL391,AL,391,pretty good 
AL392,AL,392,fine 
AL392,AL,392,good 
AL392,AL,392,wonderful 
AL393,AL,393,OK 
AL393,AL,393,pretty good 
AL394,AL,394,fine 
AL394,AL,394,so-so 
AL395,AL,395,pretty good 
AL396,AL,396,-
AL397,AL,397,very well 
AL398,AL,398,all right 
AL398,AL,398,fine 
AL399,AL,399,all right 
AL399,AL,399,fine 
AL400,AL,400,fine 
AL401,AL,401,-
AL402,AL,402,tolerable 
AL403,AL,403,fine 
AL403,AL,403,pretty fair 
AL404,AL,404,-
AL405,AL,405,fine 
AL406,AL,406,all right 
AL407,AL,407,pretty good 
AL408,AL,408,pretty good 
AL409,AL,409,fine 
AL410,AL,410,-
AL411,AL,411,OK 
AL412,AL,412,pretty good 
AL413,AL,413,-
AL414,AL,414,fine 
AL414,AL,414,pretty well 
AL415,AL,415,fine 
AL415,AL,415,pretty good 
AL416,AL,416,all right 
AL416,AL,416,OK 
AL417,AL,417,so-so 
AL418,AL,418,just fine 
AL419,AL,419,bad 
AL419,AL,419,fair to midling 
AL419,AL,419,mighty fine 
AL419,AL,419,poorly 
AL419,AL,419,pretty good 
AL419,AL,419,very well 
AL420,AL,420,fine 
AL421,AL,421,fair 
AL421,AL,421,middling 
AL422,AL,422,all right 
AL422,AL,422,fine 
AL423,AL,423,fair well [sic] 
AL424,AL,424,fine 
AL425,AL,425,fairly good 
AL426,AL,426,all right 
AL427,AL,427,fine 
AL427,AL,427,very well 
AL428,AL,428,all right 
AL428,AL,428,just commonly well 
AL428,AL,428,pretty good 
AL428,AL,428,tolerable well 
AL429,AL,429,-
AL430,AL,430,fine 
AL430,AL,430,OK 
AL431,AL,431,fine 
AL431,AL,431,pretty bum 
AL432,AL,432,-
AL433,AL,433,all right 
AL433,AL,433,fine 
AL434,AL,434,OK 
AL434,AL,434,pretty good 
AL435,AL,435,fairly good 
AL435,AL,435,fine 
AL435,AL,435,medium 
AL436,AL,436,fine 
AL437,AL,437,fine 
AL437,AL,437,OK 
AL437,AL,437,pretty well 
AL438,AL,438,fine 
AL439,AL,439,tolerable 
AL440,AL,440,pretty good 
AL440,AL,440,tolerable 
AL441,AL,441,fine 
AL442,AL,442,fine 
AL443,AL,443,OK 
AL444,AL,444,fine 
AL444,AL,444,just barely here 
AL445,AL,445,fair to midling 
AL445,AL,445,pretty good 
AL446,AL,446,all right 
AL446,AL,446,fine 
AL446,AL,446,pretty good 
AL447,AL,447,-
AL448,AL,448,fine 
AL449,AL,449,all right 
AL449,AL,449,pretty good 
AL450,AL,450,fine 
AL451,AL,451,pretty good 
FL452,FL,452,pretty good 
FL452,FL,452,so-so 
FL453,FL,453,-
FL454,FL,454,-
FL455,FL,455,fine 
FL455,FL,455,medinar(y) 
FL455,FL,455,so-so 
FL456,FL,456,fine 
FL457,FL,457,fine 
FL458,FL,458,OK 
FL459,FL,459,-
FL460,FL,460,-
FL461,FL,461,fine 
FL462,FL,462,-
FL463,FL,463,all right 
FL464,FL,464,all right 
FL465,FL,465,fine 
FL466,FL,466,medium 
FL466,FL,466,middling 
FL466,FL,466,not too good 
FL466,FL,466,punk 
FL466,FL,466,tolerable 
FL467,FL,467,have felt better 
FL468,FL,468,-
FL469,FL,469,pretty good 
FL470,FL,470,pretty good 
FL471,FL,471,fine 
AL472,AL,472,fair well [sic] 
AL472,AL,472,fine 
AL472,AL,472,kicking but not high 
AL473,AL,473,-
AL474,AL,474,fine 
AL475,AL,475,fine 
AL476,AL,476,pretty good 
AL477,AL,477,-
AL478,AL,478,-
AL479,AL,479,-
AL480,AL,480,fine 
AL481,AL,481,-
AL482,AL,482,fine 
AL483,AL,483,-
AL484,AL,484,-
AL485,AL,485,-
TN486,TN,486,pretty good 
TN487,TN,487,-
TN488,TN,488,fine 
TN489,TN,489,bad 
TN490,TN,490,fine 
TN490,TN,490,pretty good 
TN491,TN,491,-
TN492,TN,492,very well 
TN493,TN,493,-
TN494,TN,494,as usual 
TN494,TN,494,fine 
TN494,TN,494,very well 
TN495,TN,495,fine 
TN495,TN,495,pretty good 
TN496,TN,496,fine 
TN497,TN,497,-
TN498,TN,498,fine 
TN499,TN,499,fine 
TN500,TN,500,pretty fair 
TN501,TN,501,fine 
TN502,TN,502,-
TN503,TN,503,pretty fair 
TN503,TN,503,pretty good 
TN504,TN,504,fine 
TN505,TN,505,fine 
TN505,TN,505,pretty good 
TN505,TN,505,pretty well 
TN506,TN,506,pretty well 
TN507,TN,507,-
TN508,TN,508,-
TN509,TN,509,-
TN510,TN,510,pretty good 
TN511,TN,511,-
TN512,TN,512,-
TN513,TN,513,fine 
TN514,TN,514,fine 
TN514,TN,514,OK 
TN515,TN,515,-
TN516,TN,516,pretty good 
TN517,TN,517,OK 
TN518,TN,518,fairly well 
TN518,TN,518,OK 
TN519,TN,519,so-so 
MS520,MS,520,-
MS521,MS,521,so-and-so 
MS521,MS,521,so-so 
MS522,MS,522,just fine 
MS523,MS,523,-
MS524,MS,524,OK 
MS525,MS,525,pretty well 
MS526,MS,526,-
MS527,MS,527,-
MS528,MS,528,-
MS529,MS,529,-
MS530,MS,530,all right 
MS530,MS,530,fine 
MS530,MS,530,OK 
MS530,MS,530,pretty good 
MS531,MS,531,-
MS532,MS,532,fine 
MS533,MS,533,all right 
MS533,MS,533,fine 
MS534,MS,534,-
MS535,MS,535,just fine 
MS536,MS,536,-
MS537,MS,537,-
MS538,MS,538,fairly well 
MS538,MS,538,tolerably well 
MS539,MS,539,-
MS540,MS,540,-
MS541,MS,541,-
MS542,MS,542,-
MS543,MS,543,making it 
MS543,MS,543,pretty well 
MS544,MS,544,so-so 
MS545,MS,545,fair 
MS545,MS,545,fine 
MS545,MS,545,only tolerable 
MS545,MS,545,supposed to be up 
MS546,MS,546,-
MS547,MS,547,fine 
MS548,MS,548,all right 
MS549,MS,549,-
MS550,MS,550,-
MS551,MS,551,-
MS552,MS,552,fine 
MS553,MS,553,pretty well 
MS554,MS,554,-
MS555,MS,555,-
MS556,MS,556,middling 
MS556,MS,556,OK 
MS556,MS,556,on a mighty low limb 
MS556,MS,556,pretty fair 
MS557,MS,557,just fine 
MS558,MS,558,fine 
MS559,MS,559,-
MS560,MS,560,fine 
MS560,MS,560,pretty good 
MS561,MS,561,-
MS562,MS,562,just fine 
MS563,MS,563,fine 
MS564,MS,564,fine 
MS564,MS,564,pretty good 
MS565,MS,565,fine 
MS566,MS,566,-
MS567,MS,567,pretty well 
MS568,MS,568,-
MS569,MS,569,just getting by 
MS570,MS,570,fine 
MS571,MS,571,pretty good 
MS572,MS,572,-
MS573,MS,573,-
MS574,MS,574,very well 
MS575,MS,575,-
MS576,MS,576,fine 
MS577,MS,577,all right 
MS578,MS,578,just fine 
MS579,MS,579,pretty good 
MS580,MS,580,pretty good 
MS581,MS,581,-
MS582,MS,582,fairly good 
MS582,MS,582,fine 
MS583,MS,583,-
MS584,MS,584,fine 
MS584,MS,584,not too good 
MS585,MS,585,pretty good 
MS586,MS,586,-
MS587,MS,587,fine 
MS587,MS,587,pretty good 
MS587,MS,587,tolerable 
MS588,MS,588,very well 
MS589,MS,589,fine 
MS590,MS,590,-
MS591,MS,591,fine 
MS592,MS,592,-
MS593,MS,593,fine 
MS594,MS,594,fine 
MS595,MS,595,fine 
MS596,MS,596,pretty fair 
MS596,MS,596,pretty good 
MS597,MS,597,getting along pretty good 
MS597,MS,597,pretty good 
MS598,MS,598,fair 
MS598,MS,598,fine 
MS599,MS,599,fine 
MS600,MS,600,pretty good 
MS600,MS,600,pretty well 
MS601,MS,601,pretty good 
MS602,MS,602,fine 
MS603,MS,603,-
MS604,MS,604,-
MS605,MS,605,all right 
MS605,MS,605,pretty good 
MS605,MS,605,pretty well 
MS606,MS,606,all right 
MS607,MS,607,pretty well 
MS608,MS,608,don't feel so hot 
MS608,MS,608,fine 
MS608,MS,608,pretty good 
MS609,MS,609,pretty good 
MS610,MS,610,all right 
MS610,MS,610,fine 
MS610,MS,610,very well 
MS611,MS,611,-
MS612,MS,612,pretty good 
MS613,MS,613,fine 
MS614,MS,614,-
MS615,MS,615,fine 
MS616,MS,616,-
MS617,MS,617,all right 
MS617,MS,617,fine 
MS618,MS,618,-
MS619,MS,619,pretty good 
MS620,MS,620,-
MS621,MS,621,pretty good 
MS622,MS,622,fine 
MS623,MS,623,-
MS624,MS,624,fine 
MS625,MS,625,fine 
MS626,MS,626,all right 
MS627,MS,627,all right 
MS628,MS,628,fine 
MS629,MS,629,up to par 
LA630,LA,630,-
LA631,LA,631,-
LA632,LA,632,-
LA633,LA,633,-
LA634,LA,634,fine 
LA635,LA,635,very well 
LA636,LA,636,(a)bout (as) usual 
LA636,LA,636,pretty good 
LA637,LA,637,-
LA638,LA,638,-
LA639,LA,639,so-so 
LA640,LA,640,fair 
LA640,LA,640,fine 
LA640,LA,640,pretty good 
LA641,LA,641,fine 
LA641,LA,641,OK 
LA641,LA,641,pretty good 
LA641,LA,641,pretty well 
LA642,LA,642,-
LA643,LA,643,fine 
LA644,LA,644,pretty good 
LA645,LA,645,-
LA646,LA,646,-
LA647,LA,647,-
LA648,LA,648,just fine 
LA649,LA,649,pretty good 
LA650,LA,650,all right 
LA651,LA,651,-
LA652,LA,652,fine 
LA653,LA,653,-
LA654,LA,654,-
LA655,LA,655,fine 
LA655,LA,655,pretty good 
LA656,LA,656,pretty good 
LA657,LA,657,fine 
LA657X,LA,657X,-
LA657Y,LA,657Y,fine 
LA657Z,LA,657Z,fair to midling 
LA657Z,LA,657Z,pretty well 
LA657Z,LA,657Z,so-so 
LA658,LA,658,-
LA659,LA,659,-
LA660,LA,660,all right 
LA661,LA,661,fine 
LA662,LA,662,fine 
LA663,LA,663,-
LA664,LA,664,-
LA665,LA,665,fine 
LA666,LA,666,good enough 
LA667,LA,667,fine 
LA668,LA,668,pretty well 
LA669,LA,669,OK 
LA670,LA,670,fine 
LA670,LA,670,so-so 
LA671,LA,671,fine 
LA672,LA,672,all right 
LA672,LA,672,fine 
LA672,LA,672,pretty good 
LA673,LA,673,fairly good 
LA673,LA,673,pretty good 
AR674,AR,674,all right 
AR674,AR,674,pretty well 
AR675,AR,675,-
AR676,AR,676,-
AR677,AR,677,-
AR678,AR,678,-
AR679,AR,679,-
AR680,AR,680,-
AR681,AR,681,-
AR682,AR,682,fine 
AR682,AR,682,OK 
AR683,AR,683,-
AR684,AR,684,-
AR685,AR,685,-
AR686,AR,686,fairly well 
AR687,AR,687,fine 
AR687,AR,687,pretty good 
AR688,AR,688,not feeling so good 
AR689,AR,689,fine 
AR689,AR,689,pretty well 
AR690,AR,690,-
AR691,AR,691,-
AR692,AR,692,fine 
AR693,AR,693,-
AR694,AR,694,fairly good 
AR694,AR,694,pretty good 
AR695,AR,695,fine 
AR696,AR,696,-
AR697,AR,697,fairly well 
AR698,AR,698,-
AR699,AR,699,pretty well 
AR700,AR,700,-
AR701,AR,701,-
AR702,AR,702,-
AR703,AR,703,all right 
AR703,AR,703,pretty good 
AR704,AR,704,pretty good 
AR705,AR,705,fine 
AR705,AR,705,middling 
AR705,AR,705,pretty good 
AR705,AR,705,so-so 
AR705,AR,705,tolerable 
AR706,AR,706,pretty good 
AR707,AR,707,fine 
AR708,AR,708,fine 
AR709,AR,709,-
AR710,AR,710,OK 
AR711,AR,711,OK 
AR712,AR,712,OK 
AR713,AR,713,-
AR714,AR,714,fine 
AR715,AR,715,pretty good 
AR715,AR,715,tolerable 
AR716,AR,716,fair 
AR716,AR,716,pretty good 
AR717,AR,717,so-so 
AR718,AR,718,-
AR719,AR,719,fine 
AR720,AR,720,-
AR721,AR,721,OK 
AR721,AR,721,pretty good 
AR722,AR,722,pretty good 
AR723,AR,723,-
AR724,AR,724,fine 
AR725,AR,725,all right 
AR726,AR,726,-
AR727,AR,727,all right 
AR727,AR,727,no-good 
AR728,AR,728,-
AR729,AR,729,-
AR730,AR,730,blowing and a-going 
AR730,AR,730,fine 
AR731,AR,731,-
AR732,AR,732,-
AR733,AR,733,pretty good 
AR734,AR,734,-
AR735,AR,735,-
AR736,AR,736,all right 
AR736,AR,736,fair 
AR737,AR,737,fine 
AR737,AR,737,OK 
AR738,AR,738,-
AR739,AR,739,-
AR740,AR,740,all right 
AR740,AR,740,OK 
AR741,AR,741,fine 
AR741,AR,741,just great 
AR742,AR,742,I wish I knew 
AR743,AR,743,fine 
AR744,AR,744,-
AR745,AR,745,-
AR746,AR,746,-
AR747,AR,747,fair to midling 
AR747,AR,747,fairly well 
AR747,AR,747,pretty well 
AR748,AR,748,very well 
AR749,AR,749,just fine 
AR750,AR,750,-
AR751,AR,751,fine 
AR751,AR,751,middling 
AR751,AR,751,middling fair 
AR751,AR,751,OK 
AR751,AR,751,pretty good 
AR751,AR,751,very well 
AR752,AR,752,fine 
AR753,AR,753,fine 
AR754,AR,754,pretty good 
AR755,AR,755,-
LA756,LA,756,fine 
LA757,LA,757,tolerable 
LA757,LA,757,very well 
LA758,LA,758,just fine 
LA758,LA,758,pretty good 
LA759,LA,759,-
LA760,LA,760,-
LA761,LA,761,pretty good 
LA762,LA,762,-
LA763,LA,763,-
LA764,LA,764,pretty good 
LA765,LA,765,OK 
LA766,LA,766,-
LA767,LA,767,fine 
LA768,LA,768,fine 
LA769,LA,769,pretty good 
LA770,LA,770,fine 
LA771,LA,771,fair 
LA772,LA,772,-
LA773,LA,773,fine 
LA773,LA,773,on a pass 
LA773,LA,773,still living 
LA773,LA,773,very well 
LA774,LA,774,pretty well 
LA775,LA,775,all right 
LA775,LA,775,pretty tough 
LA776,LA,776,fine 
LA777,LA,777,all right 
LA778,LA,778,fine 
LA779,LA,779,-
LA780,LA,780,ain't doing so good 
LA780,LA,780,fine 
LA781,LA,781,-
LA782,LA,782,(a)bout (as) usual 
LA783,LA,783,-
LA784,LA,784,OK 
LA785,LA,785,(a)bout (as) usual 
LA786,LA,786,fine 
LA787,LA,787,fine 
LA788,LA,788,all right 
LA788,LA,788,very well 
LA788,LA,788,seen better days 
LA789,LA,789,very well 
LA790,LA,790,all right 
LA790,LA,790,kind of middling 
LA790,LA,790,pretty good 
LA790,LA,790,tolerable 
LA791,LA,791,all right 
LA791,LA,791,fine 
LA791,LA,791,good 
LA791,LA,791,think I'll make it 
LA791,LA,791,tolerable 
LA792,LA,792,pretty good 
LA793,LA,793,good 
LA794,LA,794,good 
LA795,LA,795,pretty good 
LA796,LA,796,pretty good 
LA797,LA,797,-
LA798,LA,798,-
LA799,LA,799,-
LA800,LA,800,fair 
LA800,LA,800,kind of down and out 
LA800,LA,800,tolerable 
LA801,LA,801,-
LA802,LA,802,all right 
LA802,LA,802,fine 
LA803,LA,803,-
LA804,LA,804,-
LA805,LA,805,all right 
LA806,LA,806,OK 
LA807,LA,807,good 
LA808,LA,808,good 
LA809,LA,809,fine 
LA810,LA,810,-
LA811,LA,811,all right 
LA811,LA,811,pretty good 
LA812,LA,812,-
LA813,LA,813,OK 
LA813,LA,813,so-and-so 
LA814,LA,814,-
LA815,LA,815,pretty well 
LA816,LA,816,fine 
LA817,LA,817,fair enough 
TX818,TX,818,-
TX819,TX,819,fine 
TX819,TX,819,OK 
TX820,TX,820,fine 
TX821,TX,821,fine 
TX822,TX,822,well 
TX823,TX,823,tolerable well 
TX824,TX,824,fine 
TX824,TX,824,just fine 
TX825,TX,825,pretty good 
TX826,TX,826,just so-so 
TX827,TX,827,kind of blah 
TX827,TX,827,so-so 
TX828,TX,828,pretty good 
TX829,TX,829,fine 
TX830,TX,830,-
TX831,TX,831,pretty good 
TX832,TX,832,-
TX833,TX,833,OK 
TX834,TX,834,-
TX835,TX,835,fine 
TX836,TX,836,not kicking very high 
TX836,TX,836,pretty good 
TX836,TX,836,very well 
TX837,TX,837,fine 
TX838,TX,838,fairly well 
TX838,TX,838,getting (a)long all right 
TX839,TX,839,good 
TX839,TX,839,just fine 
TX840,TX,840,I'm here 
TX840,TX,840,just fine 
TX841,TX,841,-
TX842,TX,842,fairly well 
TX843,TX,843,fine 
TX844,TX,844,all right 
TX845,TX,845,pretty good 
TX845,TX,845,so-so 
TX846,TX,846,fair 
TX847,TX,847,-
TX848,TX,848,-
TX849,TX,849,feeling like hell 
TX849,TX,849,hadn't been feeling too well 
TX849,TX,849,pretty good 
TX850,TX,850,just so-so 
TX851,TX,851,-
TX852,TX,852,-
TX853,TX,853,fine 
TX853,TX,853,OK 
TX854,TX,854,fine 
TX854,TX,854,so-so 
TX855,TX,855,I'll pass 
TX856,TX,856,-
TX857,TX,857,fair 
TX857,TX,857,just fine 
TX857,TX,857,not so well 
TX858,TX,858,-
TX859,TX,859,all right 
TX859,TX,859,OK 
TX859,TX,859,pretty good 
TX860,TX,860,all right 
TX860,TX,860,pretty good 
TX861,TX,861,-
TX862,TX,862,fine 
TX862,TX,862,pretty good 
TX863,TX,863,fine 
TX864,TX,864,fine 
TX865,TX,865,fair 
TX865,TX,865,fine 
TX865,TX,865,pretty well 
TX866,TX,866,all right 
TX867,TX,867,all right 
TX867,TX,867,fine 
TX868,TX,868,fair 
TX868,TX,868,pretty good 
TX869,TX,869,fine 
TX870,TX,870,fine 
TX870,TX,870,just fine 
TX871,TX,871,all right 
TX872,TX,872,-
TX873,TX,873,fine 
TX873,TX,873,good 
TX873,TX,873,OK 
TX874,TX,874,fine 
TX874,TX,874,just tolerable 
TX875,TX,875,fairly well 
TX876,TX,876,fine 
TX877,TX,877,fair to midling 
TX877,TX,877,pretty good 
TX878,TX,878,fine 
TX879,TX,879,-
TX880,TX,880,-
TX881,TX,881,-
TX882,TX,882,pretty good 
TX882,TX,882,tolerable 
TX883,TX,883,fine 
TX884,TX,884,-
TX885,TX,885,fine 
TX885,TX,885,medium 
TX886,TX,886,pretty good 
TX887,TX,887,all right 
TX888,TX,888,hanging on 
TX889,TX,889,all right 
TX890,TX,890,pretty good 
TX891,TX,891,so-so 
TX892,TX,892,-
TX893,TX,893,all right 
TX894,TX,894,fine 
TX895,TX,895,fine 
TX895,TX,895,pretty good 
TX896,TX,896,-
TX897,TX,897,-
TX898,TX,898,-
TX899,TX,899,-
TX900,TX,900,fine 
TX901,TX,901,fine 
TX902,TX,902,fine 
TX903,TX,903,-
TX904,TX,904,-
TX905,TX,905,OK 
TX906,TX,906,fine 
TX907,TX,907,don't feel too well 
TX907,TX,907,not up to par 
TX908,TX,908,fine 
TX909,TX,909,-
TX910,TX,910,fine 
TX910,TX,910,pretty good 
TX911,TX,911,pretty good 
