Informant,State,Informant number,Response
TN001,TN,001,dipthirIA=3144
TN002,TN,002,dipthirIyA=3144
TN003,TN,003,dipther(I)yA=314
TN003,TN,003,dipthur(I)yA=134
TN004,TN,004,dipthurI(A)=134
TN005,TN,005,dipthiriyA=1234
TN006,TN,006,diptheree(A)=123
TN007,TN,007,diptherI(A)=314
TN008,TN,008,dipthirIA=3144
TN009,TN,009,dipthireeA=1234
TN010,TN,010,dipthir(I)yA=134
TN011,TN,011,dipthiree(A)=123
TN012,TN,012,diptherI(A)=134
TN013,TN,013,dipthirI(A)=134
TN014,TN,014,dipthiree(A)=313
TN015,TN,015,dipthir(I)yA=134
TN016,TN,016,dipthirIA=3144
TN017,TN,017,dipthirI(A)=134
TN018,TN,018,dipthirIA=3144
TN019,TN,019,dipthir(I)A=134
TN020,TN,020,dipthirIyA=3144
TN021,TN,021,dipthureeyA=1334
TN022,TN,022,dipthirIA=3144
TN023,TN,023,dipthiree(A)=123
TN024,TN,024,difthireeyA=1234
TN025,TN,025,dipthuree(A)=123
TN025,TN,025,dipthurI(A)=134
TN026,TN,026,di{p}thireeyA=3134
TN027,TN,027,dipthireeyA=3134
TN028,TN,028,dipthireeyA=1234
TN029,TN,029,dipthiriyA=3134
TN030,TN,030,dipthireeyA=3134
TN031,TN,031,dipthireeyA=3134
TN032,TN,032,dipthiree(A)=123
TN033,TN,033,dipthireeyA=2134
TN034,TN,034,dipthireeyA=3134
TN035,TN,035,dipthirIA=3144
TN036,TN,036,dipthurI(A)=134
TN037,TN,037,difthireeyA=3134
TN038,TN,038,dipthirIA=1244
TN039,TN,039,dipthirIA=2144
TN040,TN,040,dipthirIA=3144
TN041,TN,041,dipther(I)yA=314
TN042,TN,042,dipthirIA=3144
TN043,TN,043,dipthirIyA=3144
TN044,TN,044,dipthiree(A)=123
TN045,TN,045,dipthireeyA=1234
TN046,TN,046,dipftheer(I)yA=314
TN047,TN,047,dipthirIA=3144
TN048,TN,048,dipthirIA=1344
TN049,TN,049,dipthireeyA=3134
TN050,TN,050,dipthiree(A)=123
TN051,TN,051,dipthirIA=3144
TN052,TN,052,dipthiree(A)=313
TN053,TN,053,dipfthir(I)A=134
TN054,TN,054,-
TN055,TN,055,dipthirIA=3144
TN056,TN,056,dipthirIA=2144
TN057,TN,057,dipthirIA=3144
TN058,TN,058,dipthirIA=3144
TN059,TN,059,dipthirI(A)=314
TN060,TN,060,difthireeyA=3134
GA061,GA,061,dipthirIA=3144
GA062,GA,062,dipthirI(A)=214
GA063,GA,063,dipthirIA=3144
GA064,GA,064,dipthirI(A)=134
GA065,GA,065,dipthirIA=3144
GA066,GA,066,dipthir(I)yA=314
GA067,GA,067,dipthirIA=3144
GA068,GA,068,dipthirIA=3144
GA069,GA,069,dipthirIA=1244
GA070,GA,070,diptheereeyA=1234
GA071,GA,071,dipthirIA=3144
GA072,GA,072,dipthireeyA=3134
GA073,GA,073,dipthirIA=3144
GA074,GA,074,dipthireeA=3134
GA075,GA,075,dipthirI(A)=314
GA076,GA,076,dipthirIA=3144
GA077,GA,077,dipthirIA=3144
GA078,GA,078,dipthirIA=3144
GA079,GA,079,dipthireeyA=3134
GA080,GA,080,dipthirIA=3144
GA081,GA,081,dipthir(I)yA=134
GA082,GA,082,dipthirIA=3144
GA083,GA,083,dipthirI(A)=314
GA084,GA,084,dipthir(I)A=134
GA085,GA,085,dipthirIA=3144
GA086,GA,086,dipthirIA=3144
GA087,GA,087,dipthireeA=3134
GA088,GA,088,dipthiree(A)=213
GA089,GA,089,dipthirIA=3144
GA090,GA,090,dipthirI(A)=314
GA091,GA,091,dipthirIA=3144
GA092,GA,092,dipthirIA=3144
GA093,GA,093,dipthirIA=3144
GA094,GA,094,difthirIyA=3144
GA095,GA,095,dipthirIA=3144
GA096,GA,096,dipthirIA=3144
GA097,GA,097,dipthirIA=3144
GA098,GA,098,di{p}thirI(A)=214
GA098,GA,098,dipthirIA=1344
GA098,GA,098,dipthirI(A)=134
GA099,GA,099,dipthirIA=3144
GA100,GA,100,-
GA101,GA,101,diptherIA=2144
GA102,GA,102,dipthirIA=3144
GA103,GA,103,dipthirIA=2144
GA104,GA,104,dipthirIyA=3144
GA105,GA,105,dipthirI(A)=314
GA106,GA,106,dipthirIA=3144
GA107,GA,107,dipthirI(A)=314
GA108,GA,108,dipthirIA=2144
GA109,GA,109,dipthirIA=3144
GA110,GA,110,dipthireeA=1234
GA111,GA,111,dipthirI(A)=314
GA112,GA,112,-
GA113,GA,113,-
GA114,GA,114,-
GA115,GA,115,-
GA116,GA,116,dipthireeyA=1234
GA117,GA,117,dipthirIA=3144
GA118,GA,118,dipthirI(A)=314
GA119,GA,119,dipthirIA=3144
GA120,GA,120,dipthirI(A)=314
GA121,GA,121,dipthirIA=3144
GA122,GA,122,dipthiriyA=3134
GA123,GA,123,dipthirIA=3144
GA124,GA,124,dipthi{r}(I)yA=314
GA125,GA,125,dipthirIA=3144
GA126,GA,126,-
GA127,GA,127,-
GA128,GA,128,-
GA129,GA,129,-
GA130,GA,130,-
GA131,GA,131,dipthiriyA=3134
GA132,GA,132,-
GA133,GA,133,dipthirI(A)=314
GA134,GA,134,dipthirI(A)=314
GA135,GA,135,dipthirIA=3144
GA136,GA,136,diptheerIA=3144
GA137,GA,137,dipthirIA=3144
GA138,GA,138,dipthirIA=1244
GA139,GA,139,dipthirIA=1244
GA140,GA,140,-
GA141,GA,141,dipthirIA=3144
GA142,GA,142,dipthir(I)A=314
GA143,GA,143,dipthirI(A)=314
GA144,GA,144,dipthirIA=3144
GA145,GA,145,-
GA146,GA,146,dipthirIA=3144
GA147,GA,147,-
GA148,GA,148,dipthir(IA)=31
GA149,GA,149,dipthirI(A)=314
GA150,GA,150,dipthirI(A)=314
GA151,GA,151,dipthirI(A)=314
GA152,GA,152,dipthirI(A)=314
GA153,GA,153,-
GA154,GA,154,dipthirIA=1344
GA155,GA,155,dipthireeA=3134
GA156,GA,156,-
GA157,GA,157,-
GA158,GA,158,-
GA159,GA,159,dipthirI(A)=314
GA160,GA,160,-
GA161,GA,161,dipthirIA=2144
GA162,GA,162,dipthireeA=3134
GA163,GA,163,dipthirIA=3144
GA164,GA,164,dipthirIA=3144
GA165,GA,165,dipthirI(A)=314
GA166,GA,166,dipthirI(A)=314
GA167,GA,167,dipthirI(A)=314
GA168,GA,168,-
GA169,GA,169,-
GA170,GA,170,dipthirIA=2144
GA171,GA,171,dipthirIA=3144
GA172,GA,172,dipthirIA=3144
GA173,GA,173,-
GA174,GA,174,-
GA175,GA,175,-
GA176,GA,176,dipthireeyA=3134
GA177,GA,177,dipthireeA=2134
GA178,GA,178,-
GA179,GA,179,-
GA180,GA,180,dipthireeA=3134
GA181,GA,181,dipthiriA=3134
GA182,GA,182,-
GA183,GA,183,dipthirI(A)=314
GA184,GA,184,dipthirI(A)=214
GA185,GA,185,difthireeA=3134
GA186,GA,186,dipthirIA=1344
GA187,GA,187,-
GA188,GA,188,dipthirI(A)=134
GA189,GA,189,dipthirIA=3144
GA190,GA,190,diptheerIyA=1344
GA191,GA,191,dipthirIA=3144
GA192,GA,192,dippir(I)A=314
GA193,GA,193,dipthirI(A)=314
GA194,GA,194,dipthirIA=3144
GA195,GA,195,-
GA196,GA,196,-
GA197,GA,197,-
GA198,GA,198,-
GA199,GA,199,diptirI(A)=314
GA200,GA,200,-
GA201,GA,201,dipthirIA=3144
GA202,GA,202,dipthireeyA=1234
GA203,GA,203,dipthirIyA=1344
GA204,GA,204,-
GA205,GA,205,-
GA206,GA,206,dipthirI(A)=134
GA207,GA,207,dipthai[r]I(A)=314
GA208,GA,208,dipthirIA=3144
GA209,GA,209,dipthirIA=3144
GA210,GA,210,dipthirI(A)=314
GA211,GA,211,dipthirIA=1344
GA212,GA,212,dipthirI(A)=314
GA213,GA,213,dipthirIA=3144
GA214,GA,214,difthireeyA=1234
GA215,GA,215,-
GA216,GA,216,dipthirI(A)=134
GA217,GA,217,dipthireeA=1234
GA218,GA,218,-
GA219,GA,219,dipthee(rI)yA=134
GA220,GA,220,dipthlirIA=1144
GA221,GA,221,dipthirI(A)=314
GA222,GA,222,-
GA223,GA,223,dipthi{r}I(A)=314
GA224,GA,224,diptheer(I)A=124
GA225,GA,225,-
FL226,FL,226,-
FL227,FL,227,dipthirIA=3144
FL228,FL,228,dipthirI(A)=314
FL229,FL,229,-
FL230,FL,230,-
FL231,FL,231,dipthirIA=3144
FL232,FL,232,dipthirIA=3144
FL233,FL,233,dipthirIA=3144
FL234,FL,234,-
FL235,FL,235,dipthireeyA=3134
FL236,FL,236,dipthiriA=3134
FL237,FL,237,dipthi{r}I(A)=314
FL238,FL,238,dipthirI(A)=314
FL239,FL,239,dipthirIA=3144
FL240,FL,240,dipthirIA=3144
FL241,FL,241,-
FL242,FL,242,dipthireeyA=3134
FL243,FL,243,dipthiriA=3134
FL244,FL,244,-
FL245,FL,245,dipthirIA=3144
FL246,FL,246,dipthirIyA=1344
FL247,FL,247,dipthirIA=3144
FL248,FL,248,dipthirIA=1244
FL249,FL,249,dipthirI(A)=314
FL250,FL,250,-
FL251,FL,251,-
FL252,FL,252,-
FL253,FL,253,dipthiriA=3134
FL254,FL,254,dipthirIA=3144
FL255,FL,255,diptherIA=3144
FL256,FL,256,dipthiree(A)=123
FL257,FL,257,dipthireeyA=3134
FL258,FL,258,dipthirIA=1344
FL259,FL,259,dipthirIA=3144
FL260,FL,260,diptherIA=3144
FL261,FL,261,dipthirIA=3144
FL262,FL,262,dipthirI(A)=314
FL263,FL,263,dipthirIyA=3144
FL264,FL,264,-
FL265,FL,265,dipthiri{R}=3134
FL266,FL,266,dipthirIA=3144
FL267,FL,267,dipthirIA=3144
FL268,FL,268,-
FL269,FL,269,dipthirIA=2144
FL270,FL,270,diptherI{R}=1144
FL271,FL,271,dipthirIA=3144
FL272,FL,272,-
FL273,FL,273,dipthirIA=3144
FL274,FL,274,dipthirIA=3144
FL275,FL,275,-
FL276,FL,276,dipthireeA=1234
FL277,FL,277,dipthirIA=3144
FL278,FL,278,dipthireeA=3134
FL279,FL,279,-
FL280,FL,280,di(p)therIyA=3144
FL281,FL,281,diptirIA=3144
FL282,FL,282,-
FL283,FL,283,dIpthirIA=4144
FL284,FL,284,dipthirIA=1344
FL285,FL,285,-
FL286,FL,286,dipthirIA=3144
FL287,FL,287,dipthirIA=3144
FL288,FL,288,dipthirIA=2144
FL289,FL,289,dipthireeA=3134
TN290,TN,290,dipthuree(A)=123
TN291,TN,291,dipthireeyA=3134
TN292,TN,292,dipthirI(A)=314
TN293,TN,293,dipthiree(A)=123
TN294,TN,294,dipthirIA=3144
TN295,TN,295,dipthiryI(A)=314
TN296,TN,296,dipfthirIyA=1344
TN297,TN,297,dipthirIA=2144
TN298,TN,298,-
TN299,TN,299,dipthir(I)yA=314
TN300,TN,300,di{p}thirIA=3144
TN301,TN,301,dipthir(I)yA=314
TN302,TN,302,dipthirI(A)=134
TN303,TN,303,dipthir(I)yA=314
TN304,TN,304,dipthirI(A)=314
TN305,TN,305,dipthireeA=1234
TN306,TN,306,difthirIR=3144
TN307,TN,307,dipthirIA=3144
TN308,TN,308,-
TN309,TN,309,dIpthirIA=4144
TN310,TN,310,dipthirIA=1344
TN311,TN,311,dipthirIA=3144
TN312,TN,312,dipthireeA=3134
TN313,TN,313,dipthirIA=3144
TN314,TN,314,dipthirIA=3144
TN315,TN,315,dipthirI(A)=314
TN316,TN,316,dipthirI(A)=314
TN317,TN,317,dipthirI(A)=314
TN318,TN,318,-
TN319,TN,319,-
TN320,TN,320,dipthirI(A)=134
TN321,TN,321,dipthirI(A)=214
TN322,TN,322,dipthirIA=3144
TN323,TN,323,diptherIA=3144
TN324,TN,324,dipthir(I)yA=134
TN325,TN,325,dipthirI(A)=314
TN326,TN,326,dipthiree(A)=123
TN327,TN,327,dipthi{r}(I)yA=314
TN328,TN,328,dipthirIA=3144
TN329,TN,329,dipthirIA=2144
TN330,TN,330,dipthirI(A)=134
TN331,TN,331,dipthi(rI)yA=314
TN332,TN,332,dipthi(r)I(A)=124
TN333,TN,333,dipthireeA=1234
TN334,TN,334,dipthirI(A)=214
TN334,TN,334,dipthirriA=3134
TN335,TN,335,diptheereeA=3134
TN336,TN,336,dipthirI(A)=214
AL337,AL,337,dibthiriA=2134
AL338,AL,338,dipthiree(A)=313
AL339,AL,339,-
AL340,AL,340,dipthirI(A)=134
AL341,AL,341,-
AL342,AL,342,-
AL343,AL,343,dipthireeA=3134
AL344,AL,344,-
AL345,AL,345,dipthirI(A)=314
AL346,AL,346,dipthirIA=1244
AL347,AL,347,dipthirI(A)=134
AL348,AL,348,dipthirIA=3144
AL349,AL,349,dipthi{r}(I)yA=314
AL350,AL,350,dipthirIA=3144
AL351,AL,351,dipthirI(A)=314
AL352,AL,352,dipthirIA=2144
AL353,AL,353,-
AL354,AL,354,dipthir(I)A=314
AL355,AL,355,dipthir(I)yA=134
AL356,AL,356,dipthirIA=3144
AL357,AL,357,dipthirIA=2144
AL358,AL,358,dipthirI(A)=214
AL359,AL,359,dipthirI(A)=314
AL360,AL,360,dipthirIA=2144
AL361,AL,361,dipthirI(A)=214
AL362,AL,362,-
AL363,AL,363,dipthirI(A)=314
AL364,AL,364,dipthir(I)A=124
AL365,AL,365,-
AL366,AL,366,dipthirIA=3144
AL367,AL,367,dipthirIA=1344
AL368,AL,368,dipthirIA=2144
AL369,AL,369,dipthirIA=2144
AL370,AL,370,dipthirI(A)=314
AL371,AL,371,dipthireeyA=3134
AL372,AL,372,dipthirIR=2144
AL373,AL,373,dipthirIA=2144
AL374,AL,374,dipthirIA=1344
AL375,AL,375,dipthirIA=3144
AL376,AL,376,-
AL377,AL,377,-
AL378,AL,378,-
AL379,AL,379,dipthirIA=3144
AL380,AL,380,dipthirIA=2144
AL381,AL,381,dipthirIA=2144
AL382,AL,382,-
AL383,AL,383,dipthirIyA=3144
AL384,AL,384,dipthirI(A)=134
AL385,AL,385,dipthi{r}yI(A)=314
AL386,AL,386,dipthireeA=3134
AL387,AL,387,dipthireeyA=1234
AL388,AL,388,dipthirI(A)=214
AL389,AL,389,dipthirIA=3144
AL390,AL,390,dipthirIA=2144
AL391,AL,391,dipthirIA=3144
AL392,AL,392,dipthirI(A)=134
AL393,AL,393,dipthirIA=3144
AL394,AL,394,dipthir(I)A=314
AL395,AL,395,dipthirIA=1344
AL396,AL,396,-
AL397,AL,397,dipthirI(A)=314
AL398,AL,398,dipthirIA=2144
AL399,AL,399,dipthirI(A)=314
AL400,AL,400,dipthirI(A)=314
AL401,AL,401,-
AL402,AL,402,dipthir(I)A=134
AL403,AL,403,dipthirIA=3144
AL404,AL,404,dipthirIA=3144
AL405,AL,405,dipthirIA=2144
AL406,AL,406,dipthirI(A)=314
AL407,AL,407,dipthireeA=3134
AL408,AL,408,dipthirIA=3144
AL409,AL,409,dipthiriA=3134
AL410,AL,410,dipthireeA=3134
AL411,AL,411,dipthi{r}I(A)=134
AL412,AL,412,-
AL413,AL,413,dipthirIA=3144
AL414,AL,414,dIpthirIA=4144
AL415,AL,415,dipthi{r}I(A)=134
AL416,AL,416,dipthirIA=3144
AL417,AL,417,dipthirIA=3144
AL418,AL,418,dipthirIA=3144
AL419,AL,419,difthirIA=3144
AL420,AL,420,dipthirIA=1344
AL421,AL,421,dipthirI(A)=124
AL422,AL,422,dipthirIA=3144
AL423,AL,423,dipthirIA=3144
AL424,AL,424,dipthirIA=3144
AL425,AL,425,dipthirI(A)=314
AL426,AL,426,dipthirI(A)=134
AL427,AL,427,dipthirI(A)=314
AL428,AL,428,-
AL429,AL,429,-
AL430,AL,430,dipthirIA=3144
AL431,AL,431,dipthirI(A)=314
AL432,AL,432,-
AL433,AL,433,dipthirI(A)=214
AL434,AL,434,dipthirI(A)=134
AL435,AL,435,dipthirI(A)=314
AL436,AL,436,dipthirI(A)=134
AL437,AL,437,difthireeyA=3134
AL438,AL,438,dipthirIyA=3144
AL439,AL,439,dipthirI(A)=214
AL440,AL,440,dipthirIA=3144
AL441,AL,441,diptherI(A)=314
AL442,AL,442,dipthirI(A)=134
AL443,AL,443,dipthirIA=3144
AL444,AL,444,dipthireeyA=1234
AL445,AL,445,dipthireeA=2134
AL446,AL,446,dipthirIyA=1344
AL447,AL,447,diptheeree(A)=313
AL448,AL,448,dipthirI(A)=314
AL449,AL,449,dipthir(I)A=314
AL450,AL,450,-
AL451,AL,451,dipthirI(A)=134
FL452,FL,452,dipthirIA=3144
FL453,FL,453,-
FL454,FL,454,dipthi{r}eeyA=1234
FL455,FL,455,dipthireeA=3134
FL456,FL,456,difthi{r}(I)yA=314
FL457,FL,457,dipthirIR=3144
FL458,FL,458,dipthereeA=3134
FL458,FL,458,dipthireeA=3134
FL459,FL,459,-
FL460,FL,460,dipthi{r}(I)yA=314
FL461,FL,461,dipthiriA=2134
FL462,FL,462,dipthirIA=3144
FL463,FL,463,dipthirIA=3144
FL464,FL,464,dipseer(I)A=314
FL464,FL,464,diptheer(I)A=314
FL465,FL,465,dipthirI(A)=314
FL466,FL,466,diptheereeA=2134
FL467,FL,467,dipthirIA=1344
FL468,FL,468,-
FL469,FL,469,dipthiriA=2134
FL470,FL,470,diptherI(A)=314
FL471,FL,471,dipthi{r}(I)yA=314
AL472,AL,472,difthirIA=2144
AL472,AL,472,diptherIA=2144
AL473,AL,473,dipthirI(A)=314
AL474,AL,474,dipthirIA=3144
AL475,AL,475,dipthireeA=2134
AL476,AL,476,dipthireeyA=3134
AL477,AL,477,dipthirIA=3144
AL478,AL,478,-
AL479,AL,479,difthireeA=3134
AL480,AL,480,dipthirIA=3144
AL481,AL,481,dipthiriA=3134
AL482,AL,482,dipthi{r}(I)yA=314
AL483,AL,483,-
AL484,AL,484,difthireeA=3134
AL485,AL,485,dipthireeA=3134
TN486,TN,486,-
TN487,TN,487,dipthi{r}(I)yA=314
TN488,TN,488,dipthirI(A)=314
TN489,TN,489,dipthi{r}(I)A=134
TN490,TN,490,dipthireeA=2134
TN491,TN,491,-
TN492,TN,492,dipthirI(A)=314
TN493,TN,493,-
TN494,TN,494,dipthirIA=3144
TN495,TN,495,diptherI(A)=314
TN496,TN,496,dIpthiriA=4134
TN497,TN,497,-
TN498,TN,498,dipthireeA=3134
TN499,TN,499,dipthi{r}IA=3144
TN500,TN,500,-
TN501,TN,501,dipthiriA=3134
TN502,TN,502,dipthirIA=3144
TN503,TN,503,-
TN504,TN,504,dipthireeA=3134
TN505,TN,505,dipthirI(A)=134
TN505,TN,505,dipth{t}(ir)I(A)=14
TN506,TN,506,diptherI(A)=314
TN507,TN,507,-
TN508,TN,508,dipthireeA=2314
TN509,TN,509,-
TN510,TN,510,-
TN511,TN,511,dipthirIA=3144
TN512,TN,512,-
TN513,TN,513,dipthirI(A)=134
TN514,TN,514,dIpthireeA=4134
TN515,TN,515,-
TN516,TN,516,dipthiriA=3134
TN517,TN,517,dipthireeA=3134
TN518,TN,518,dipthirIA=3144
TN519,TN,519,dipthi{r}IA=3144
MS520,MS,520,-
MS521,MS,521,dipthireeA=3134
MS522,MS,522,dipthirIA=3144
MS523,MS,523,-
MS524,MS,524,dipthirIA=3144
MS525,MS,525,dipthir(I)A=134
MS526,MS,526,-
MS527,MS,527,dipthi{r}(I)A=314
MS528,MS,528,dipthireeA=3134
MS529,MS,529,-
MS530,MS,530,dipthirI(A)=314
MS531,MS,531,-
MS532,MS,532,dipthirI(A)=314
MS533,MS,533,dipthir(I)R=214
MS534,MS,534,dip{p}irI(A)=134
MS535,MS,535,dipthirIA=2144
MS536,MS,536,dipthiriA=2134
MS537,MS,537,dipthirI(A)=314
MS538,MS,538,dipthireeyA=1234
MS539,MS,539,dipthirI(A)=314
MS540,MS,540,-
MS541,MS,541,dipthirIA=3144
MS542,MS,542,dipthir(I)yA=314
MS543,MS,543,diptheeree(A)=123
MS544,MS,544,dipthirIA=3144
MS545,MS,545,di(p)thirI(A)=314
MS546,MS,546,-
MS547,MS,547,dipthirIA=1344
MS548,MS,548,di{p}thirIA=3144
MS549,MS,549,dipthirIA=3144
MS550,MS,550,-
MS551,MS,551,-
MS552,MS,552,dipthirI(A)=134
MS553,MS,553,-
MS554,MS,554,-
MS555,MS,555,dipthi{r}(I)yA=314
MS556,MS,556,dipthirIA=3144
MS557,MS,557,dipthirIA=2144
MS558,MS,558,-
MS559,MS,559,-
MS560,MS,560,dipthirI(A)=314
MS561,MS,561,-
MS562,MS,562,dipthirIyA=3144
MS563,MS,563,dipthirIyA=3144
MS564,MS,564,dipthir(I)yA=314
MS565,MS,565,dipthirI(A)=314
MS566,MS,566,-
MS567,MS,567,-
MS568,MS,568,-
MS569,MS,569,dipthirI(A)=134
MS570,MS,570,dipthirI(A)=214
MS571,MS,571,dipthir(I)A=314
MS572,MS,572,dipthirI(A)=214
MS573,MS,573,dipthirI(A)=314
MS574,MS,574,dipthi{r}(I)A=314
MS575,MS,575,dipthireeyA=3134
MS576,MS,576,dipthirIA=3144
MS577,MS,577,dipthi{r}I(A)=314
MS578,MS,578,dip(th)irI(A)=314
MS579,MS,579,diftheerIA=3144
MS580,MS,580,-
MS581,MS,581,-
MS582,MS,582,dipthirIyA=1344
MS583,MS,583,dipthi{r}(I)A=314
MS584,MS,584,dipthirI(A)=314
MS585,MS,585,dipthirI(A)=134
MS586,MS,586,-
MS587,MS,587,dipthirIA=3144
MS588,MS,588,dipthirIA=3144
MS589,MS,589,dipthirIA=2144
MS590,MS,590,divthirIA=1344
MS591,MS,591,dipthirI(A)=314
MS592,MS,592,difthirIA=3144
MS593,MS,593,diptherI(A)=314
MS594,MS,594,dipthi{r}(IA)=13
MS595,MS,595,dipthireeyA=1234
MS596,MS,596,dipthiriA=2134
MS597,MS,597,diptherIA=2144
MS598,MS,598,dipthirIA=1244
MS599,MS,599,dipthirIA=3144
MS600,MS,600,dIpthirI(A)=414
MS601,MS,601,dipthirIA=3144
MS602,MS,602,dipthirI(A)=134
MS603,MS,603,-
MS604,MS,604,-
MS605,MS,605,dipthirI(A)=214
MS606,MS,606,-
MS607,MS,607,dipthirIyA=3144
MS608,MS,608,dipthirI(A)=314
MS609,MS,609,diptherI(A)=314
MS610,MS,610,dipthirI(A)=314
MS611,MS,611,dIpthirIA=4144
MS612,MS,612,diptherI(A)=134
MS613,MS,613,dipthireeyA=1234
MS614,MS,614,dipthireeA=3134
MS615,MS,615,diptherIA=3144
MS616,MS,616,dipthirI(A)=314
MS617,MS,617,dipthi{r}(IA)=21
MS618,MS,618,dipthirIA=1344
MS619,MS,619,-
MS620,MS,620,dipthirIA=1244
MS621,MS,621,dipthirIyA=1344
MS622,MS,622,dipthirI(A)=314
MS623,MS,623,dipthirIA=3144
MS624,MS,624,dipthirIA=3144
MS625,MS,625,dipthirI(A)=314
MS626,MS,626,dipthirIyA=3144
MS627,MS,627,dipthirI(A)=314
MS628,MS,628,dipthirI(A)=314
MS629,MS,629,dipthirIA=3144
LA630,LA,630,dipthirIA=3144
LA631,LA,631,dipthirIA=3144
LA632,LA,632,dipthirIA=3144
LA633,LA,633,dipthirIA=3144
LA634,LA,634,dipthirI(A)=314
LA635,LA,635,dipthirI(A)=314
LA636,LA,636,dipthirIA=3144
LA637,LA,637,dipthirIA=3144
LA638,LA,638,dipthirIA=2144
LA639,LA,639,diptherI(A)=314
LA640,LA,640,dipthi(rI)A=314
LA640,LA,640,dipth{t}i(rIA)=31
LA641,LA,641,dIpthirIA=4144
LA641,LA,641,dipthirIA=1344
LA642,LA,642,-
LA643,LA,643,dipthiriA=3134
LA644,LA,644,-
LA645,LA,645,dipthirIA=3144
LA646,LA,646,dipthirIA=3144
LA647,LA,647,-
LA648,LA,648,dipti{r}(I)yA=314
LA649,LA,649,dipthirIA=3144
LA650,LA,650,dipthirIA=3144
LA651,LA,651,-
LA652,LA,652,dipthirIA=3144
LA653,LA,653,dipthirIA=3144
LA654,LA,654,-
LA655,LA,655,dipthirIA=3144
LA656,LA,656,dipthiriA=3134
LA657,LA,657,dipthiriA=3134
LA657X,LA,657X,difthiriA=2134
LA657Y,LA,657Y,dipthirIA=2144
LA657Z,LA,657Z,difthirIA=3144
LA658,LA,658,dipthirI(A)=314
LA659,LA,659,diptirIyA=3144
LA660,LA,660,-
LA661,LA,661,dI{p}thirIA=4144
LA662,LA,662,dipthireeyA=3134
LA663,LA,663,-
LA664,LA,664,-
LA665,LA,665,di{p}thirIA=3144
LA666,LA,666,dItthirIA=4144
LA667,LA,667,diptirIA=1344
LA668,LA,668,dIpthirIA=4144
LA669,LA,669,dipthireeA=3134
LA670,LA,670,dipthirIA=3144
LA671,LA,671,dipthirIA=3144
LA672,LA,672,diptherI(A)=314
LA673,LA,673,dipthirIA=3144
AR674,AR,674,dipthiree(A)=123
AR675,AR,675,diptherIA=2144
AR676,AR,676,-
AR677,AR,677,dipthirIA=3144
AR678,AR,678,dipthirIyA=3144
AR679,AR,679,dIptherIA=4144
AR680,AR,680,dipthir(I)A=134
AR681,AR,681,dipthirI(A)=124
AR682,AR,682,-
AR683,AR,683,dipthirI(A)=314
AR684,AR,684,dipthirIyA=1344
AR685,AR,685,-
AR686,AR,686,diptherI(A)=314
AR687,AR,687,dipthurIA=3144
AR688,AR,688,dipthirI(A)=134
AR689,AR,689,diptherIA=3144
AR690,AR,690,dipthi{r}(I)A=314
AR691,AR,691,dipthiriA=3134
AR692,AR,692,dipthi{r}(I)yA=314
AR693,AR,693,dipthirIA=3144
AR694,AR,694,dipthireeA=1234
AR694,AR,694,dipthirI(A)=314
AR695,AR,695,difthiriA=3134
AR696,AR,696,-
AR697,AR,697,dipthirIA=3144
AR698,AR,698,-
AR699,AR,699,-
AR700,AR,700,-
AR701,AR,701,dipthirI(A)=314
AR702,AR,702,-
AR703,AR,703,dipthiree(A)=123
AR704,AR,704,dipthireeA=2134
AR705,AR,705,difthirIA=3144
AR706,AR,706,-
AR707,AR,707,dipthirIyA=3144
AR708,AR,708,dipthirIA=3144
AR709,AR,709,diptherIA=3144
AR710,AR,710,dipthiriA=3134
AR711,AR,711,dipthirIA=3144
AR712,AR,712,dipthirIA=3144
AR713,AR,713,-
AR714,AR,714,dipthurIA=3144
AR715,AR,715,-
AR716,AR,716,dipthi{r}(I)yA=314
AR717,AR,717,-
AR718,AR,718,-
AR719,AR,719,-
AR720,AR,720,-
AR721,AR,721,dipthirI(A)=214
AR722,AR,722,diptherI(A)=314
AR723,AR,723,dipthirI(A)=314
AR724,AR,724,dipthireeA=3134
AR725,AR,725,dipthirIA=1344
AR726,AR,726,diptherI(A)=134
AR727,AR,727,dIpthirI(A)=414
AR728,AR,728,-
AR729,AR,729,-
AR730,AR,730,dipthirIA=3144
AR731,AR,731,dipthirIA=3144
AR732,AR,732,dIpthirIA=4144
AR733,AR,733,-
AR734,AR,734,dipthi{r}(I)yA=314
AR735,AR,735,dipthir(I)yA=314
AR736,AR,736,dipthirIA=3144
AR737,AR,737,dipthirI(A)=134
AR738,AR,738,dipthirIA=3144
AR739,AR,739,-
AR740,AR,740,dipthiree(A)=313
AR741,AR,741,dipthirIA=3144
AR742,AR,742,diptherI(A)=314
AR743,AR,743,dipthirI(A)=214
AR744,AR,744,-
AR745,AR,745,dipthirIA=3144
AR746,AR,746,-
AR747,AR,747,dipthirIA=3144
AR748,AR,748,-
AR749,AR,749,dipthirIA=3144
AR750,AR,750,-
AR751,AR,751,dipthirI(A)=314
AR752,AR,752,dipthirIA=3144
AR753,AR,753,dipthirIA=3144
AR754,AR,754,dipthe(r)I(A)=134
AR755,AR,755,dipdhirIA=3144
LA756,LA,756,dipthirI(A)=314
LA757,LA,757,dipthireeyA=3134
LA758,LA,758,dipthirI(A)=314
LA759,LA,759,-
LA760,LA,760,-
LA761,LA,761,dipthi(rI)A=134
LA762,LA,762,-
LA763,LA,763,-
LA764,LA,764,dipthi{r}I(A)=314
LA765,LA,765,dipthirIA=3144
LA766,LA,766,dipthi{r}I(A)=314
LA767,LA,767,dipthirIA=3144
LA768,LA,768,dipthirI(A)=134
LA769,LA,769,dipthirIA=3144
LA770,LA,770,dipthirIA=3144
LA771,LA,771,dipthirIA=3144
LA772,LA,772,dipthirIA=1244
LA773,LA,773,dipthirI(A)=314
LA774,LA,774,-
LA775,LA,775,diptheerI(A)=314
LA776,LA,776,dipthirIA=3144
LA777,LA,777,dipthirIA=3144
LA778,LA,778,dipthirIA=3144
LA779,LA,779,dipthireeyA=3134
LA780,LA,780,dipthirIA=3144
LA781,LA,781,dipthirI(A)=134
LA782,LA,782,dipthirI(A)=314
LA783,LA,783,diptherI(A)=214
LA784,LA,784,dipNthi{r}(I)A=3414
LA785,LA,785,dipthirIA=2144
LA786,LA,786,diptherI(A)=314
LA787,LA,787,dipthirIA=3144
LA788,LA,788,dipthirI(A)=134
LA789,LA,789,diptirI(A)=314
LA790,LA,790,dipthirI(A)=314
LA791,LA,791,dipthir(I)A=314
LA792,LA,792,dipthirI(A)=314
LA793,LA,793,diptherIA=3144
LA794,LA,794,dipthiree(A)=123
LA795,LA,795,-
LA796,LA,796,dipthir(I)A=314
LA797,LA,797,dipthirI(A)=314
LA798,LA,798,dipthi{r}I(A)=314
LA799,LA,799,-
LA800,LA,800,dipthirI(A)=314
LA801,LA,801,dipthir(I)yA=314
LA802,LA,802,diptherIA=3144
LA803,LA,803,-
LA804,LA,804,-
LA805,LA,805,dipterIA=3144
LA806,LA,806,dipti{r}rIA=3144
LA806,LA,806,dipti{R}A=3144
LA807,LA,807,dipthir(IA)=12
LA808,LA,808,dipthi{r}(I)A=314
LA809,LA,809,dipthirIA=3144
LA810,LA,810,diptirIA=3144
LA811,LA,811,dikthirIA=3144
LA812,LA,812,-
LA813,LA,813,dipterIA=1244
LA814,LA,814,dipthirIA=3144
LA815,LA,815,difthireeyA=1234
LA816,LA,816,dipthirIA=3144
LA817,LA,817,dipthirIA=3144
TX818,TX,818,-
TX819,TX,819,dipthir(I)yA=134
TX820,TX,820,dipthirIA=3144
TX821,TX,821,dipthirI(A)=314
TX822,TX,822,dipthirIyA=3144
TX823,TX,823,dipthirIA=3144
TX824,TX,824,dI{p}thirIA=4144
TX825,TX,825,dipthi{r}(I)A=314
TX826,TX,826,dipthirIA=3144
TX827,TX,827,dipthirIyA=3144
TX828,TX,828,dipthirI(A)=314
TX829,TX,829,dipthi{r}rIA=3144
TX830,TX,830,dIpthirIA=4144
TX831,TX,831,dipthirIA=3144
TX832,TX,832,-
TX833,TX,833,dipthi{r}rIA=3144
TX834,TX,834,dIpthirIA=4144
TX835,TX,835,dipthirI(A)=134
TX836,TX,836,dipthe{r}r(I)A=314
TX837,TX,837,dipthirI(A)=314
TX838,TX,838,dipthi{r}I(A)=214
TX839,TX,839,-
TX840,TX,840,dipthirI(A)=214
TX841,TX,841,dif(th)irI(A)=314
TX842,TX,842,dipthirIA=3144
TX843,TX,843,dipthireeA=3134
TX844,TX,844,dipthirIA=2144
TX845,TX,845,dipthirIA=3144
TX846,TX,846,dipthi{r}r(I)A=314
TX847,TX,847,-
TX848,TX,848,dipthirIyA=1344
TX849,TX,849,dipthirIA=3144
TX850,TX,850,-
TX851,TX,851,dipthirI(A)=124
TX852,TX,852,-
TX853,TX,853,dipthirIA=2144
TX854,TX,854,dipthirIyA=2144
TX855,TX,855,dipthirI(A)=314
TX856,TX,856,-
TX857,TX,857,dipthirIA=3144
TX858,TX,858,-
TX859,TX,859,difthirIA=3144
TX860,TX,860,dipthi{r}rIA=3144
TX861,TX,861,diptheerI(A)=314
TX862,TX,862,dipthirIA=3144
TX863,TX,863,dipthirIA=3144
TX864,TX,864,dipthi{r}IA=3144
TX865,TX,865,dipthir(I)yA=314
TX866,TX,866,die(p)thirIA=3144
TX867,TX,867,dipthi{r}IA=3144
TX868,TX,868,dipthireeyA=1234
TX869,TX,869,-
TX870,TX,870,difthireeA=3134
TX870,TX,870,dipthireeA=3134
TX871,TX,871,-
TX872,TX,872,-
TX873,TX,873,dipthirIA=3144
TX874,TX,874,dipthirIyA=3144
TX875,TX,875,dipthirIA=1244
TX876,TX,876,dipthirIA=3144
TX877,TX,877,dipthireeyA=1234
TX878,TX,878,diptherIA=3144
TX879,TX,879,-
TX880,TX,880,-
TX881,TX,881,dipthireeyA=3134
TX882,TX,882,dipthirI(A)=214
TX883,TX,883,dipthirIA=3144
TX884,TX,884,-
TX885,TX,885,dipthireeA=2134
TX885,TX,885,diptireeA=2134
TX886,TX,886,dipthir(I)yA=314
TX887,TX,887,dipthirIA=3144
TX888,TX,888,dIkthirIA=4144
TX889,TX,889,dipthi{r}rIyA=3144
TX890,TX,890,dipthirIA=3144
TX891,TX,891,dipthirIA=3144
TX892,TX,892,-
TX893,TX,893,difthirIA=3144
TX893,TX,893,dipthirIA=3144
TX894,TX,894,dipthir(I)yA=134
TX895,TX,895,dipthirIA=3144
TX896,TX,896,-
TX897,TX,897,-
TX898,TX,898,deptireeyA=3134
TX898,TX,898,diptireeyA=3134
TX899,TX,899,diptirIA=3144
TX900,TX,900,dipthi{r}(I)yA=314
TX901,TX,901,dipthirIA=3144
TX902,TX,902,dipthirIA=3144
TX903,TX,903,-
TX904,TX,904,dipthirIA=3144
TX905,TX,905,dipthirIA=3144
TX906,TX,906,dipthireeyA=3134
TX907,TX,907,dipthirIA=3144
TX908,TX,908,dipthi{r}rIA=3144
TX909,TX,909,-
TX910,TX,910,dipthi{r}rIA=3144
TX911,TX,911,dipthirIA=3144
