Informant,State,Informant number,Response
TN001,TN,001,bridesmaid 
TN002,TN,002,-
TN003,TN,003,-
TN004,TN,004,maid of honor 
TN005,TN,005,maid of honor 
TN006,TN,006,bridesmaid 
TN007,TN,007,-
TN008,TN,008,bridemaid 
TN009,TN,009,-
TN010,TN,010,bridesmaid 
TN011,TN,011,-
TN012,TN,012,bridemaid 
TN013,TN,013,bridesmaid 
TN014,TN,014,bridesmaid 
TN015,TN,015,bridesmaid 
TN016,TN,016,bridesmaid 
TN016,TN,016,matron of honor 
TN017,TN,017,-
TN018,TN,018,-
TN019,TN,019,bridal maid 
TN020,TN,020,-
TN021,TN,021,-
TN022,TN,022,bridesmaid 
TN022,TN,022,maid or (the) matron of honor 
TN023,TN,023,best lady 
TN023,TN,023,bridesmaid 
TN024,TN,024,-
TN025,TN,025,maid of honor 
TN026,TN,026,-
TN027,TN,027,bridesmaid 
TN027,TN,027,maid of honor 
TN027,TN,027,matron of honor 
TN028,TN,028,maid of honor 
TN029,TN,029,bridesmaid 
TN030,TN,030,-
TN031,TN,031,-
TN032,TN,032,-
TN033,TN,033,maid of honor 
TN034,TN,034,-
TN035,TN,035,-
TN036,TN,036,-
TN037,TN,037,bridesmaid 
TN037,TN,037,maid of honor 
TN038,TN,038,-
TN039,TN,039,maid of honor 
TN040,TN,040,maid 
TN040,TN,040,maid of honor 
TN041,TN,041,bridesmaid 
TN042,TN,042,maid of honor 
TN043,TN,043,-
TN044,TN,044,bridemaid 
TN044,TN,044,girl friend 
TN045,TN,045,lady-in-waiting 
TN046,TN,046,maid of honor 
TN047,TN,047,-
TN048,TN,048,bridesmaid 
TN049,TN,049,maid of honor 
TN050,TN,050,-
TN051,TN,051,bridesmaid 
TN051,TN,051,maid of honor 
TN052,TN,052,bridemaid 
TN053,TN,053,bridesmaid 
TN054,TN,054,maid 
TN055,TN,055,bridesmaid 
TN056,TN,056,bridesmaid 
TN056,TN,056,maid of honor 
TN057,TN,057,bridesmaid 
TN057,TN,057,maid of honor 
TN057,TN,057,matron of honor 
TN058,TN,058,bridesmaid 
TN058,TN,058,maid of honor 
TN059,TN,059,-
TN060,TN,060,maid of honor 
GA061,GA,061,bridesmaid 
GA062,GA,062,bridesmaid 
GA063,GA,063,-
GA064,GA,064,girl of honor 
GA065,GA,065,bridesmaid 
GA066,GA,066,bridesmaid 
GA067,GA,067,-
GA068,GA,068,-
GA069,GA,069,-
GA070,GA,070,bridesmaid 
GA071,GA,071,bridesmaid 
GA072,GA,072,bridesmaid 
GA073,GA,073,bridesmaid 
GA073,GA,073,matron of honor 
GA074,GA,074,best lady 
GA075,GA,075,bridesmaid 
GA075,GA,075,maid of honor 
GA076,GA,076,-
GA077,GA,077,bridesmaid 
GA078,GA,078,bridesmaid 
GA079,GA,079,bridesmaid 
GA080,GA,080,-
GA081,GA,081,bridemaid 
GA082,GA,082,-
GA083,GA,083,best girl 
GA084,GA,084,helper 
GA085,GA,085,bridesmaid 
GA086,GA,086,maid of honor 
GA087,GA,087,bridesmaid 
GA087,GA,087,maid of honor 
GA088,GA,088,bridesmaid 
GA089,GA,089,-
GA090,GA,090,-
GA091,GA,091,-
GA092,GA,092,-
GA093,GA,093,bridesmaid 
GA094,GA,094,bridesmaid 
GA094,GA,094,maid of honor 
GA094,GA,094,matron of honor 
GA095,GA,095,bridesmaid 
GA095,GA,095,matron of honor 
GA096,GA,096,attendant 
GA096,GA,096,bridesmaid 
GA096,GA,096,maid of honor 
GA097,GA,097,attendant 
GA097,GA,097,bridesmaid 
GA097,GA,097,maid of honor 
GA097,GA,097,maid or (the) matron of honor 
GA098,GA,098,bridesmaid 
GA099,GA,099,maid 
GA099,GA,099,maid of honor 
GA100,GA,100,bridesmaid 
GA101,GA,101,maid of honor 
GA102,GA,102,bridesmaid 
GA103,GA,103,maid of honor 
GA104,GA,104,bridesmaid 
GA104,GA,104,maid of honor 
GA104,GA,104,matron of honor 
GA105,GA,105,bridesmaid 
GA106,GA,106,bridesmaid 
GA106,GA,106,matron of honor 
GA107,GA,107,maid of honor 
GA107,GA,107,matron of honor 
GA108,GA,108,bridesmaid 
GA109,GA,109,-
GA110,GA,110,-
GA111,GA,111,bridesmaid 
GA112,GA,112,bridesmaid 
GA112,GA,112,maid of honor 
GA113,GA,113,-
GA114,GA,114,-
GA115,GA,115,-
GA116,GA,116,-
GA117,GA,117,bridesmaid 
GA118,GA,118,maid of honor 
GA119,GA,119,bridesmaid 
GA120,GA,120,-
GA121,GA,121,matron of honor 
GA122,GA,122,maid of honor 
GA123,GA,123,bridesmaid 
GA124,GA,124,-
GA125,GA,125,bridesmaid 
GA126,GA,126,bridemaid 
GA127,GA,127,-
GA128,GA,128,-
GA129,GA,129,-
GA130,GA,130,-
GA131,GA,131,bridesmaid 
GA132,GA,132,-
GA133,GA,133,-
GA134,GA,134,girl friend 
GA135,GA,135,bridesmaid 
GA135,GA,135,maid of honor 
GA136,GA,136,bridesmaid 
GA137,GA,137,maid of honor 
GA138,GA,138,bridesmaid 
GA139,GA,139,-
GA140,GA,140,best-man girl 
GA141,GA,141,bridesmaid 
GA142,GA,142,-
GA143,GA,143,bridesmaid 
GA143,GA,143,matron of honor 
GA144,GA,144,honor maid 
GA144,GA,144,honor matron 
GA144,GA,144,maid of honor 
GA144,GA,144,matron of honor 
GA145,GA,145,waiter 
GA146,GA,146,bridesmaid 
GA147,GA,147,-
GA148,GA,148,best maid 
GA149,GA,149,bridesmaid 
GA150,GA,150,bridesmaid 
GA151,GA,151,best girl 
GA152,GA,152,bridesmaid 
GA153,GA,153,-
GA154,GA,154,bridemaid 
GA155,GA,155,bridesmaid 
GA156,GA,156,-
GA157,GA,157,-
GA158,GA,158,-
GA159,GA,159,bridesmaid 
GA160,GA,160,-
GA161,GA,161,-
GA162,GA,162,bridemaid 
GA163,GA,163,maid of honor 
GA164,GA,164,maid of honor 
GA164,GA,164,matron of honor 
GA165,GA,165,-
GA166,GA,166,-
GA167,GA,167,bridesmaid 
GA167,GA,167,maid of honor 
GA168,GA,168,-
GA169,GA,169,-
GA170,GA,170,bridesmaid 
GA171,GA,171,-
GA172,GA,172,maid of honor 
GA173,GA,173,-
GA174,GA,174,-
GA175,GA,175,-
GA176,GA,176,-
GA177,GA,177,bridesmaid 
GA178,GA,178,-
GA179,GA,179,maid bride 
GA180,GA,180,bridesmaid 
GA181,GA,181,-
GA182,GA,182,-
GA183,GA,183,bridesmaid 
GA183,GA,183,maid of honor 
GA183,GA,183,matron of honor 
GA184,GA,184,bridesmaid 
GA184,GA,184,matron of honor 
GA185,GA,185,maid of honor 
GA185,GA,185,matron of honor 
GA186,GA,186,bridesmaid 
GA186,GA,186,matron of honor 
GA187,GA,187,-
GA188,GA,188,wait man [sic] 
GA189,GA,189,maid of honor 
GA190,GA,190,-
GA191,GA,191,bridesmaid 
GA191,GA,191,maid of honor 
GA191,GA,191,matron of honor 
GA192,GA,192,bridemaid 
GA193,GA,193,-
GA194,GA,194,-
GA195,GA,195,-
GA196,GA,196,-
GA197,GA,197,-
GA198,GA,198,-
GA199,GA,199,-
GA200,GA,200,bridemaid 
GA201,GA,201,-
GA202,GA,202,maid of honor 
GA202,GA,202,matron of honor 
GA203,GA,203,bridesmaid 
GA203,GA,203,maid of honor 
GA204,GA,204,-
GA205,GA,205,-
GA206,GA,206,0
GA207,GA,207,bridemaid 
GA207,GA,207,maid of honor 
GA208,GA,208,bridesmaid 
GA209,GA,209,bridesmaid 
GA209,GA,209,maid of honor 
GA209,GA,209,matron of honor 
GA210,GA,210,bridesmaid 
GA211,GA,211,bridesmaid 
GA212,GA,212,-
GA213,GA,213,-
GA214,GA,214,-
GA215,GA,215,wait man [sic] 
GA216,GA,216,bridesmaid 
GA217,GA,217,attendant 
GA217,GA,217,maid of honor 
GA218,GA,218,-
GA219,GA,219,-
GA220,GA,220,bridesmaid 
GA221,GA,221,bridesmaid 
GA222,GA,222,bridesmaid 
GA223,GA,223,bridesmaid 
GA224,GA,224,-
GA225,GA,225,-
FL226,FL,226,bridesmaid 
FL227,FL,227,bridesmaid 
FL227,FL,227,maid of honor 
FL228,FL,228,bridesmaid 
FL228,FL,228,maid of honor 
FL229,FL,229,-
FL230,FL,230,best lady 
FL231,FL,231,maid of honor 
FL232,FL,232,maid of honor 
FL233,FL,233,bridesmaid 
FL234,FL,234,waiter 
FL235,FL,235,bridemaid 
FL236,FL,236,-
FL237,FL,237,bridesmaid 
FL238,FL,238,bridesmaid 
FL239,FL,239,maid of honor 
FL239,FL,239,matron of honor 
FL240,FL,240,maid of honor 
FL241,FL,241,-
FL242,FL,242,bridesmaid 
FL243,FL,243,bridesmaid 
FL244,FL,244,-
FL245,FL,245,bridesmaid 
FL245,FL,245,maid of honor 
FL246,FL,246,bridesmaid 
FL247,FL,247,brides maiden 
FL247,FL,247,bridesmaid 
FL248,FL,248,bridesmaid 
FL248,FL,248,maid of honor 
FL249,FL,249,maid or (the) matron of honor 
FL250,FL,250,0
FL251,FL,251,-
FL252,FL,252,-
FL253,FL,253,maid of honor 
FL253,FL,253,matron of honor 
FL254,FL,254,-
FL255,FL,255,maid of honor 
FL256,FL,256,-
FL257,FL,257,maid of honor 
FL257,FL,257,matron 
FL258,FL,258,bridesmaid 
FL259,FL,259,bridesmaid 
FL259,FL,259,maid of honor 
FL259,FL,259,matron of honor 
FL260,FL,260,-
FL261,FL,261,matron of honor 
FL262,FL,262,bridesmaid 
FL263,FL,263,bridesmaid 
FL263,FL,263,maid of honor 
FL264,FL,264,maid of honor 
FL265,FL,265,-
FL266,FL,266,bridesmaid 
FL267,FL,267,-
FL268,FL,268,-
FL269,FL,269,-
FL270,FL,270,bridesmaid 
FL271,FL,271,bridesmaid 
FL272,FL,272,bridesmaid 
FL272,FL,272,maid of honor 
FL273,FL,273,bridesmaid 
FL273,FL,273,maid of honor 
FL274,FL,274,maid of honor 
FL275,FL,275,bridesmaid 
FL275,FL,275,maid of honor 
FL276,FL,276,0
FL277,FL,277,attendant 
FL277,FL,277,bridesmaid 
FL277,FL,277,maid of honor 
FL277,FL,277,matron of honor 
FL278,FL,278,maid of honor 
FL279,FL,279,bridesmaid 
FL280,FL,280,bridesmaid 
FL281,FL,281,bridesmaid 
FL282,FL,282,-
FL283,FL,283,-
FL284,FL,284,bridesmaid 
FL285,FL,285,-
FL286,FL,286,bridesmaid 
FL287,FL,287,-
FL288,FL,288,bridesmaid 
FL289,FL,289,maid of honor 
FL289,FL,289,matron of honor 
TN290,TN,290,-
TN291,TN,291,maid of honor 
TN292,TN,292,0
TN293,TN,293,bridesmaid 
TN294,TN,294,bridesmaid 
TN294,TN,294,maid of honor 
TN295,TN,295,best woman 
TN295,TN,295,bridesmaid 
TN296,TN,296,bridemaid 
TN297,TN,297,bridesmaid 
TN297,TN,297,maid of honor 
TN297,TN,297,matron of honor 
TN298,TN,298,-
TN299,TN,299,bridesmaid 
TN299,TN,299,maid of honor 
TN300,TN,300,maid of honor 
TN301,TN,301,-
TN302,TN,302,bridesmaid 
TN303,TN,303,-
TN304,TN,304,best lady 
TN304,TN,304,leading maid 
TN305,TN,305,bridesmaid 
TN306,TN,306,best girl 
TN306,TN,306,bridesmaid 
TN307,TN,307,bridesmaid 
TN308,TN,308,-
TN309,TN,309,-
TN310,TN,310,bridesmaid 
TN311,TN,311,maid of honor 
TN312,TN,312,bridesmaid 
TN312,TN,312,maid of honor 
TN313,TN,313,bridesmaid 
TN314,TN,314,bridesmaid 
TN315,TN,315,-
TN316,TN,316,-
TN317,TN,317,bridesmaid 
TN318,TN,318,-
TN319,TN,319,-
TN320,TN,320,bridemaid 
TN321,TN,321,bridesmaid 
TN322,TN,322,bridesmaid 
TN322,TN,322,maid or (the) matron of honor 
TN323,TN,323,maid of honor 
TN324,TN,324,bridesmaid 
TN325,TN,325,bridesmaid 
TN326,TN,326,bridesmaid 
TN327,TN,327,bridesmaid 
TN328,TN,328,bridesmaid 
TN328,TN,328,maid of honor 
TN329,TN,329,bridesmaid 
TN330,TN,330,bridesmaid 
TN331,TN,331,-
TN332,TN,332,bridesmaid 
TN333,TN,333,best woman 
TN334,TN,334,bridesmaid 
TN334,TN,334,matron of honor 
TN335,TN,335,-
TN336,TN,336,maid of honor 
AL337,AL,337,-
AL338,AL,338,maid of honor 
AL338,AL,338,matron of honor 
AL339,AL,339,-
AL340,AL,340,best girl 
AL341,AL,341,-
AL342,AL,342,maid of honor 
AL343,AL,343,maid of honor 
AL343,AL,343,matron of honor 
AL344,AL,344,girl wed man 
AL345,AL,345,bridesmaid 
AL346,AL,346,bridesmaid 
AL347,AL,347,bridesmaid 
AL348,AL,348,bridesmaid 
AL349,AL,349,bridesmaid 
AL350,AL,350,maid of honor 
AL351,AL,351,bridesmaid 
AL352,AL,352,bridesmaid 
AL352,AL,352,maid or (the) matron of honor 
AL353,AL,353,bridesmaid 
AL354,AL,354,bridesmaid 
AL355,AL,355,-
AL356,AL,356,bridesmaid 
AL357,AL,357,maid of honor 
AL357,AL,357,matron of honor 
AL358,AL,358,bridesmaid 
AL359,AL,359,bridemaid 
AL359,AL,359,bridesmaid 
AL360,AL,360,maid of honor 
AL361,AL,361,maid of honor 
AL362,AL,362,bridesmaid 
AL363,AL,363,-
AL364,AL,364,bridesmaid 
AL365,AL,365,bridesmaid 
AL365,AL,365,matron of honor 
AL366,AL,366,-
AL367,AL,367,bridesmaid 
AL368,AL,368,-
AL369,AL,369,maid of honor 
AL370,AL,370,bridesmaid 
AL371,AL,371,-
AL372,AL,372,bridesmaid 
AL373,AL,373,-
AL374,AL,374,bridesmaid 
AL375,AL,375,-
AL376,AL,376,-
AL377,AL,377,-
AL378,AL,378,-
AL379,AL,379,bridesmaid 
AL379,AL,379,maid of honor 
AL379,AL,379,matron of honor 
AL380,AL,380,-
AL381,AL,381,-
AL382,AL,382,maid of honor 
AL383,AL,383,maid of honor 
AL383,AL,383,matron of honor 
AL384,AL,384,bridesmaid 
AL385,AL,385,maid of honor 
AL386,AL,386,maid of honor 
AL387,AL,387,maid of honor 
AL388,AL,388,-
AL389,AL,389,bridesmaid 
AL390,AL,390,maid of honor 
AL391,AL,391,bridesmaid 
AL391,AL,391,maid of honor 
AL392,AL,392,bridesmaid 
AL393,AL,393,bridesmaid 
AL394,AL,394,bridesmaid 
AL395,AL,395,bridesmaid 
AL396,AL,396,-
AL397,AL,397,bridesmaid 
AL398,AL,398,bridesmaid 
AL398,AL,398,maid of honor 
AL398,AL,398,matron of honor 
AL399,AL,399,bridesmaid 
AL400,AL,400,maid 
AL400,AL,400,matron 
AL400,AL,400,matron of honor 
AL401,AL,401,-
AL402,AL,402,bridesmaid 
AL403,AL,403,bridesmaid 
AL404,AL,404,attendant 
AL404,AL,404,maid of honor 
AL405,AL,405,maid or (the) matron of honor 
AL406,AL,406,-
AL407,AL,407,bridesmaid 
AL407,AL,407,matron of honor 
AL408,AL,408,bridesmaid 
AL409,AL,409,maid of honor 
AL410,AL,410,bridesmaid 
AL410,AL,410,maid 
AL411,AL,411,matron of honor 
AL412,AL,412,-
AL413,AL,413,-
AL414,AL,414,bridesmaid 
AL415,AL,415,maid of honor 
AL416,AL,416,maid of honor 
AL416,AL,416,matron of honor 
AL417,AL,417,bridesmaid 
AL418,AL,418,maid of honor 
AL419,AL,419,maid of honor 
AL419,AL,419,matron of honor 
AL420,AL,420,bridesmaid 
AL421,AL,421,bridesmaid 
AL422,AL,422,bridesmaid 
AL422,AL,422,matron of honor 
AL423,AL,423,bridesmaid 
AL424,AL,424,maid of honor 
AL425,AL,425,bridesmaid 
AL426,AL,426,bridesmaid 
AL427,AL,427,best woman 
AL427,AL,427,bridemaid 
AL428,AL,428,maid of honor 
AL429,AL,429,-
AL430,AL,430,maid of honor 
AL431,AL,431,bridemaid 
AL432,AL,432,bridemaid 
AL432,AL,432,maid 
AL432,AL,432,maid of honor 
AL433,AL,433,bridesmaid 
AL434,AL,434,best girl 
AL435,AL,435,bridesmaid 
AL436,AL,436,maid of honor 
AL437,AL,437,bridesmaid 
AL437,AL,437,maid of honor 
AL437,AL,437,matron of honor 
AL438,AL,438,wait man [sic] 
AL439,AL,439,bridesmaid 
AL440,AL,440,maid of honor 
AL440,AL,440,maid 
AL440,AL,440,matron of honor 
AL441,AL,441,-
AL442,AL,442,bridesmaid 
AL443,AL,443,bridesmaid 
AL443,AL,443,maid of honor 
AL443,AL,443,matron of honor 
AL444,AL,444,bridesmaid 
AL445,AL,445,bridesmaid 
AL445,AL,445,matron of honor 
AL446,AL,446,-
AL447,AL,447,bridesmaid 
AL447,AL,447,maid of honor 
AL448,AL,448,bridesmaid 
AL449,AL,449,bridesmaid 
AL450,AL,450,bridesmaid 
AL451,AL,451,best girl 
FL452,FL,452,maid of honor 
FL452,FL,452,matron of honor 
FL453,FL,453,-
FL454,FL,454,-
FL455,FL,455,bridesmaid 
FL456,FL,456,maid of honor 
FL456,FL,456,matron of honor 
FL457,FL,457,maid of honor 
FL458,FL,458,maid of honor 
FL458,FL,458,matron of honor 
FL459,FL,459,-
FL460,FL,460,-
FL461,FL,461,bridesmaid 
FL462,FL,462,bridesmaid 
FL463,FL,463,bridemaid 
FL464,FL,464,-
FL465,FL,465,-
FL466,FL,466,bridesmaid 
FL467,FL,467,bridesmaid 
FL468,FL,468,bridesmaid 
FL469,FL,469,best maid 
FL470,FL,470,bridesmaid 
FL471,FL,471,bridesmaid 
AL472,AL,472,-
AL473,AL,473,-
AL474,AL,474,maid of honor 
AL475,AL,475,maid of honor 
AL475,AL,475,matron of honor 
AL476,AL,476,bridesmaid 
AL476,AL,476,matron of honor 
AL477,AL,477,-
AL478,AL,478,-
AL479,AL,479,-
AL480,AL,480,brides matron 
AL480,AL,480,bridesmaid 
AL481,AL,481,-
AL482,AL,482,bridesmaid 
AL482,AL,482,matron of honor 
AL483,AL,483,-
AL484,AL,484,maid of honor 
AL484,AL,484,matron of honor 
AL485,AL,485,-
TN486,TN,486,-
TN487,TN,487,maid of honor 
TN488,TN,488,bridesmaid 
TN489,TN,489,bridesmaid 
TN490,TN,490,maid of honor 
TN491,TN,491,-
TN492,TN,492,-
TN493,TN,493,-
TN494,TN,494,attendant 
TN494,TN,494,maid of honor 
TN494,TN,494,witness 
TN495,TN,495,maid of honor 
TN496,TN,496,bridesmaid 
TN497,TN,497,attendant 
TN497,TN,497,bridesmaid 
TN498,TN,498,-
TN499,TN,499,maid of honor 
TN499,TN,499,matron of honor 
TN500,TN,500,-
TN501,TN,501,bridemaid 
TN502,TN,502,matron of honor 
TN503,TN,503,-
TN504,TN,504,bridesmaid 
TN505,TN,505,waitress 
TN506,TN,506,-
TN507,TN,507,-
TN508,TN,508,bridesmaid 
TN509,TN,509,-
TN510,TN,510,-
TN511,TN,511,-
TN512,TN,512,-
TN513,TN,513,bridemaid 
TN514,TN,514,bridesmaid 
TN514,TN,514,maid of honor 
TN515,TN,515,-
TN516,TN,516,bridesmaid 
TN517,TN,517,bridesmaid 
TN517,TN,517,matron of honor 
TN518,TN,518,bridesmaid 
TN519,TN,519,bridesmaid 
MS520,MS,520,-
MS521,MS,521,maid of honor 
MS522,MS,522,maid of honor 
MS523,MS,523,-
MS524,MS,524,maid of honor 
MS524,MS,524,matron 
MS525,MS,525,best lady 
MS525,MS,525,waiter 
MS526,MS,526,-
MS527,MS,527,maid of honor 
MS527,MS,527,matron of honor 
MS528,MS,528,-
MS529,MS,529,-
MS530,MS,530,0
MS531,MS,531,-
MS532,MS,532,best woman 
MS533,MS,533,maid of honor 
MS533,MS,533,matron of honor 
MS534,MS,534,-
MS535,MS,535,-
MS536,MS,536,matron of honor 
MS537,MS,537,-
MS538,MS,538,-
MS539,MS,539,maid of honor 
MS539,MS,539,matron of honor 
MS540,MS,540,-
MS541,MS,541,-
MS542,MS,542,-
MS543,MS,543,-
MS544,MS,544,bridesmaid 
MS544,MS,544,maid of honor 
MS544,MS,544,matron of honor 
MS545,MS,545,bridesmaid 
MS545,MS,545,maid of honor 
MS546,MS,546,attendant 
MS546,MS,546,bridesmaid 
MS547,MS,547,bridesmaid 
MS547,MS,547,maid of honor 
MS548,MS,548,bridesmaid 
MS549,MS,549,bridesmaid 
MS549,MS,549,maid of honor 
MS549,MS,549,matron of honor 
MS550,MS,550,waitress 
MS551,MS,551,-
MS552,MS,552,matron of honor 
MS553,MS,553,-
MS554,MS,554,maid 
MS555,MS,555,waiting woman 
MS556,MS,556,maid of honor 
MS557,MS,557,-
MS558,MS,558,matron of honor 
MS559,MS,559,-
MS560,MS,560,bridesmaid 
MS561,MS,561,-
MS562,MS,562,bridesmaid 
MS562,MS,562,matron of honor 
MS563,MS,563,bridesmaid 
MS563,MS,563,maid of honor 
MS564,MS,564,bridesmaid 
MS564,MS,564,maid of honor 
MS565,MS,565,bridemaid 
MS566,MS,566,-
MS567,MS,567,bridesmaid 
MS567,MS,567,waiter 
MS568,MS,568,-
MS569,MS,569,bridesmaid 
MS570,MS,570,maid of honor 
MS571,MS,571,bridesmaid 
MS572,MS,572,-
MS573,MS,573,-
MS574,MS,574,best girl 
MS574,MS,574,flower girl (=bridesmaid) 
MS575,MS,575,-
MS576,MS,576,bridesmaid 
MS577,MS,577,bridesmaid 
MS578,MS,578,bridesmaid 
MS579,MS,579,maid of honor 
MS580,MS,580,-
MS581,MS,581,-
MS582,MS,582,maid of honor 
MS583,MS,583,-
MS584,MS,584,best woman 
MS585,MS,585,-
MS586,MS,586,-
MS587,MS,587,waiter 
MS588,MS,588,maid 
MS589,MS,589,bridesmaid 
MS590,MS,590,-
MS591,MS,591,maid of honor 
MS592,MS,592,-
MS593,MS,593,waiter 
MS594,MS,594,bridesmaid 
MS595,MS,595,bridesmaid 
MS595,MS,595,matron 
MS596,MS,596,best lady 
MS597,MS,597,bridesmaid 
MS598,MS,598,maid of honor 
MS599,MS,599,maid of honor 
MS600,MS,600,-
MS601,MS,601,maid of honor 
MS601,MS,601,matron of honor 
MS602,MS,602,bridesmaid 
MS603,MS,603,-
MS604,MS,604,-
MS605,MS,605,bridesmaid 
MS605,MS,605,maid of honor 
MS605,MS,605,matron of honor 
MS606,MS,606,-
MS607,MS,607,-
MS608,MS,608,matron of honor 
MS609,MS,609,-
MS610,MS,610,bridemaid 
MS611,MS,611,-
MS612,MS,612,groom [sic] 
MS613,MS,613,bridesmaid 
MS613,MS,613,maid of honor 
MS614,MS,614,-
MS615,MS,615,maid of honor 
MS616,MS,616,-
MS617,MS,617,bridesmaid 
MS618,MS,618,-
MS619,MS,619,-
MS620,MS,620,-
MS621,MS,621,bridesmaid 
MS622,MS,622,bridesmaid 
MS623,MS,623,-
MS624,MS,624,maid of honor 
MS624,MS,624,matron of honor 
MS625,MS,625,-
MS626,MS,626,-
MS627,MS,627,-
MS628,MS,628,bridesmaid 
MS628,MS,628,maid of honor 
MS629,MS,629,bridemaid 
LA630,LA,630,-
LA631,LA,631,-
LA632,LA,632,-
LA633,LA,633,-
LA634,LA,634,bridesmaid 
LA635,LA,635,bridesmaid 
LA636,LA,636,-
LA637,LA,637,-
LA638,LA,638,-
LA639,LA,639,-
LA640,LA,640,bridesmaid 
LA641,LA,641,maid of honor 
LA642,LA,642,-
LA643,LA,643,maid of honor 
LA643,LA,643,matron of honor 
LA644,LA,644,-
LA645,LA,645,-
LA646,LA,646,-
LA647,LA,647,-
LA648,LA,648,maid of honor 
LA649,LA,649,bridesmaid 
LA650,LA,650,bridesmaid 
LA650,LA,650,matron of honor 
LA651,LA,651,-
LA652,LA,652,bridesmaid 
LA652,LA,652,maid of honor 
LA653,LA,653,-
LA654,LA,654,-
LA655,LA,655,maid of honor 
LA655,LA,655,matron of honor 
LA656,LA,656,bridesmaid 
LA657,LA,657,bridesmaid 
LA657,LA,657,maid of honor 
LA657X,LA,657X,maid of honor 
LA657Y,LA,657Y,bridesmaid 
LA657Z,LA,657Z,maid of honor 
LA658,LA,658,-
LA659,LA,659,-
LA660,LA,660,-
LA661,LA,661,bridesmaid 
LA662,LA,662,maid of honor 
LA663,LA,663,-
LA664,LA,664,-
LA665,LA,665,-
LA666,LA,666,-
LA667,LA,667,-
LA668,LA,668,bridesmaid 
LA669,LA,669,bridemaid 
LA669,LA,669,bridesmaid 
LA670,LA,670,-
LA671,LA,671,bridesmaid 
LA672,LA,672,-
LA673,LA,673,-
AR674,AR,674,bridesmaid 
AR675,AR,675,bridesmaid 
AR675,AR,675,matron of honor 
AR676,AR,676,-
AR677,AR,677,maid of honor 
AR677,AR,677,matron of honor 
AR678,AR,678,bridesmaid 
AR679,AR,679,maid of honor 
AR680,AR,680,-
AR681,AR,681,-
AR682,AR,682,bridesmaid 
AR683,AR,683,-
AR684,AR,684,-
AR685,AR,685,-
AR686,AR,686,-
AR687,AR,687,-
AR688,AR,688,best maid 
AR689,AR,689,bridesmaid 
AR690,AR,690,-
AR691,AR,691,-
AR692,AR,692,bridesmaid 
AR693,AR,693,-
AR694,AR,694,0
AR695,AR,695,bridesmaid 
AR696,AR,696,0
AR697,AR,697,bridesmaid 
AR698,AR,698,-
AR699,AR,699,-
AR700,AR,700,-
AR701,AR,701,bridesmaid 
AR702,AR,702,-
AR703,AR,703,bridesmaid 
AR704,AR,704,bridesmaid 
AR705,AR,705,bridesmaid 
AR706,AR,706,-
AR707,AR,707,bridesmaid 
AR708,AR,708,bridesmaid 
AR709,AR,709,maid of honor 
AR710,AR,710,bridesmaid 
AR711,AR,711,maid of honor 
AR711,AR,711,matron of honor 
AR712,AR,712,bridesmaid 
AR712,AR,712,maid of honor 
AR713,AR,713,bridesmaid 
AR714,AR,714,bridesmaid 
AR715,AR,715,maid of honor 
AR716,AR,716,-
AR717,AR,717,bridesmaid 
AR718,AR,718,bridesmaid 
AR719,AR,719,-
AR720,AR,720,bridesmaid 
AR721,AR,721,bridesmaid 
AR722,AR,722,maid 
AR723,AR,723,-
AR724,AR,724,maid of honor 
AR725,AR,725,matron of honor 
AR726,AR,726,bridesmaid 
AR727,AR,727,-
AR728,AR,728,bridesmaid 
AR729,AR,729,-
AR730,AR,730,brides matron 
AR730,AR,730,bridesmaid 
AR731,AR,731,bridesmaid 
AR732,AR,732,bridesmaid 
AR733,AR,733,-
AR734,AR,734,bridesmaid 
AR735,AR,735,bridesmaid 
AR736,AR,736,-
AR737,AR,737,bridesmaid 
AR738,AR,738,maid of honor 
AR739,AR,739,-
AR740,AR,740,bridesmaid 
AR741,AR,741,maid of honor 
AR742,AR,742,bridesmaid 
AR743,AR,743,-
AR744,AR,744,-
AR745,AR,745,-
AR746,AR,746,bridesmaid 
AR747,AR,747,maid of honor 
AR748,AR,748,-
AR749,AR,749,maid of honor 
AR749,AR,749,matron of honor 
AR750,AR,750,-
AR751,AR,751,-
AR752,AR,752,-
AR753,AR,753,maid of honor 
AR754,AR,754,waiter 
AR755,AR,755,bridesmaid 
LA756,LA,756,-
LA757,LA,757,bridesmaid 
LA758,LA,758,bridesmaid 
LA759,LA,759,-
LA760,LA,760,-
LA761,LA,761,-
LA762,LA,762,-
LA763,LA,763,-
LA764,LA,764,bridesmaid 
LA765,LA,765,maid of honor 
LA766,LA,766,0
LA767,LA,767,bridesmaid 
LA768,LA,768,bridesmaid 
LA769,LA,769,bridesmaid 
LA769,LA,769,maid of honor 
LA769,LA,769,matron of honor 
LA770,LA,770,bridesmaid 
LA771,LA,771,-
LA772,LA,772,-
LA773,LA,773,-
LA774,LA,774,-
LA775,LA,775,0
LA776,LA,776,bridesmaid 
LA776,LA,776,maid of honor 
LA776,LA,776,matron of honor 
LA777,LA,777,maid of honor 
LA778,LA,778,bridesmaid 
LA778,LA,778,maid of honor 
LA778,LA,778,matron of honor 
LA779,LA,779,-
LA780,LA,780,bridesmaid 
LA781,LA,781,bridesmaid 
LA782,LA,782,bridesmaid 
LA783,LA,783,-
LA784,LA,784,girl 
LA785,LA,785,bridesmaid 
LA786,LA,786,best maid 
LA786,LA,786,maid of honor 
LA787,LA,787,bridesmaid 
LA788,LA,788,-
LA789,LA,789,bridesmaid 
LA790,LA,790,bridesmaid 
LA791,LA,791,bridesmaid 
LA792,LA,792,bridesmaid 
LA793,LA,793,-
LA794,LA,794,waiter 
LA795,LA,795,-
LA796,LA,796,bridesmaid 
LA797,LA,797,-
LA798,LA,798,bridesmaid 
LA799,LA,799,-
LA800,LA,800,-
LA801,LA,801,maid of honor 
LA801,LA,801,matron of honor 
LA802,LA,802,bridesmaid 
LA802,LA,802,waiter 
LA803,LA,803,-
LA804,LA,804,-
LA805,LA,805,bridemaid 
LA806,LA,806,bridesmaid 
LA807,LA,807,bridemaid 
LA808,LA,808,waiter girl 
LA809,LA,809,-
LA810,LA,810,-
LA811,LA,811,-
LA812,LA,812,-
LA813,LA,813,-
LA814,LA,814,best maid 
LA815,LA,815,-
LA816,LA,816,maid or (the) matron of honor 
LA817,LA,817,bridesmaid 
TX818,TX,818,-
TX819,TX,819,best woman 
TX820,TX,820,bridesmaid 
TX821,TX,821,best woman 
TX822,TX,822,bridesmaid 
TX823,TX,823,bridesmaid 
TX824,TX,824,bridesmaid 
TX825,TX,825,bridesmaid 
TX826,TX,826,bridesmaid 
TX827,TX,827,bridesmaid 
TX827,TX,827,maid of honor 
TX827,TX,827,matron 
TX828,TX,828,maid 
TX829,TX,829,bridesmaid 
TX830,TX,830,bridesmaid 
TX830,TX,830,maid of honor 
TX831,TX,831,bridesmaid 
TX832,TX,832,-
TX833,TX,833,bridesmaid 
TX833,TX,833,maid of honor 
TX834,TX,834,matron of honor 
TX835,TX,835,-
TX836,TX,836,bridesmaid 
TX837,TX,837,bridesmaid 
TX837,TX,837,matron of honor 
TX838,TX,838,bridesmaid 
TX839,TX,839,-
TX840,TX,840,-
TX841,TX,841,bridemaid 
TX842,TX,842,bridemaid 
TX843,TX,843,matron of honor 
TX844,TX,844,brides maiden 
TX845,TX,845,bridesmaid 
TX845,TX,845,maid of honor 
TX846,TX,846,maid of honor 
TX846,TX,846,matron of honor 
TX847,TX,847,-
TX848,TX,848,bridesmaid 
TX848,TX,848,maid of honor 
TX849,TX,849,maid of honor 
TX850,TX,850,bridesmaid 
TX851,TX,851,bridesmaid 
TX851,TX,851,maid 
TX852,TX,852,bridesmaid 
TX853,TX,853,bridesmaid 
TX853,TX,853,matron of honor 
TX854,TX,854,maid of honor 
TX855,TX,855,best girl 
TX855,TX,855,bridesmaid 
TX855,TX,855,waiter girl 
TX856,TX,856,-
TX857,TX,857,bridesmaid 
TX858,TX,858,-
TX859,TX,859,bridesmaid 
TX859,TX,859,maid of honor 
TX860,TX,860,bridemaid 
TX860,TX,860,maid of honor 
TX861,TX,861,maid of honor 
TX862,TX,862,-
TX863,TX,863,attendant 
TX863,TX,863,bridesmaid 
TX863,TX,863,maid of honor 
TX863,TX,863,matron of honor 
TX864,TX,864,-
TX865,TX,865,bridesmaid 
TX866,TX,866,-
TX867,TX,867,bridesmaid 
TX868,TX,868,bridesmaid 
TX869,TX,869,bridesmaid 
TX869,TX,869,maid and/or matron of honor 
TX870,TX,870,bridesmaid 
TX870,TX,870,maid of honor 
TX870,TX,870,matron of honor 
TX871,TX,871,maid of honor 
TX871,TX,871,matron of honor 
TX872,TX,872,-
TX873,TX,873,bridesmaid 
TX874,TX,874,bridesmaid 
TX874,TX,874,maid of honor 
TX875,TX,875,bridesmaid 
TX876,TX,876,bridesmaid 
TX876,TX,876,maid of honor 
TX876,TX,876,matron of honor 
TX877,TX,877,bridesmaid 
TX877,TX,877,maid or (the) matron of honor 
TX878,TX,878,maid of honor 
TX878,TX,878,matron of honor 
TX879,TX,879,-
TX880,TX,880,bridesmaid 
TX881,TX,881,-
TX882,TX,882,bridesmaid 
TX883,TX,883,bridesmaid 
TX884,TX,884,-
TX885,TX,885,maid of honor 
TX886,TX,886,maid of honor 
TX887,TX,887,bridesmaid 
TX888,TX,888,best girl 
TX889,TX,889,maid of honor 
TX890,TX,890,bridesmaid 
TX890,TX,890,matron 
TX891,TX,891,maid of honor 
TX892,TX,892,-
TX893,TX,893,bridesmaid 
TX893,TX,893,maid of honor 
TX893,TX,893,matron of honor 
TX894,TX,894,best girl 
TX895,TX,895,bridesmaid 
TX896,TX,896,-
TX897,TX,897,-
TX898,TX,898,-
TX899,TX,899,bridesmaid 
TX899,TX,899,lady-in-waiting 
TX900,TX,900,bridesmaid 
TX901,TX,901,bridesmaid 
TX901,TX,901,maid of honor 
TX902,TX,902,maid or (the) matron of honor 
TX903,TX,903,-
TX904,TX,904,bridesmaid 
TX905,TX,905,bridesmaid 
TX906,TX,906,maid of honor 
TX907,TX,907,-
TX908,TX,908,bridesmaid 
TX908,TX,908,maid of honor 
TX908,TX,908,matron of honor 
TX909,TX,909,-
TX910,TX,910,bridesmaid 
TX910,TX,910,matron of honor 
TX911,TX,911,bridesmaid 
TX911,TX,911,maid of honor 
