Informant,State,Informant number,Response
TN001,TN,001,ajAkaishN=1434
TN002,TN,002,ejIkaishN=3414
TN003,TN,003,e{j}IkaishN=3414
TN004,TN,004,ejIkaishN=3414
TN005,TN,005,ejIkaishN=3414
TN006,TN,006,ejIkaishN=3414
TN007,TN,007,ejIkaishN=3414
TN008,TN,008,-
TN009,TN,009,ejIkaishN=3414
TN010,TN,010,ejIkaishN=3414
TN011,TN,011,ejIkaishN=3414
TN012,TN,012,ejIkaishN=3414
TN013,TN,013,ejIkaishN=3414
TN014,TN,014,ejIkaishN=3414
TN015,TN,015,ejIkaishN=3414
TN016,TN,016,ejIkaishN=3414
TN017,TN,017,echAkaishN=3414
TN018,TN,018,ejIkaishN=3414
TN019,TN,019,ejIkaishN=3414
TN020,TN,020,ejIkaishN=3414
TN021,TN,021,-
TN022,TN,022,ejIk{a}shN=3414
TN023,TN,023,ejIkaishN=3414
TN024,TN,024,ejAkaishN=3414
TN025,TN,025,ejIkaishN=1434
TN026,TN,026,ejIkaishN=3414
TN027,TN,027,ejIkaishN=3414
TN028,TN,028,ejIkaishN=3414
TN029,TN,029,ejIkaishN=3414
TN030,TN,030,ejIkaishN=3414
TN031,TN,031,ejIkaishN=3414
TN032,TN,032,e{j}IkaishN=3414
TN033,TN,033,ejIkaishN=3414
TN034,TN,034,ejIkaishN=3414
TN035,TN,035,ejIkaishN=3414
TN036,TN,036,ejIkaishN=3414
TN037,TN,037,ejIkaishN=3414
TN038,TN,038,echIkaishN=3414
TN039,TN,039,{u}jIkaishN=3414
TN040,TN,040,{u}jIkaishN=3414
TN041,TN,041,ejAkaishN=3414
TN042,TN,042,ejIkaishN=1434
TN043,TN,043,-
TN044,TN,044,ejIkaishN=3414
TN045,TN,045,ejIkaishN=3414
TN046,TN,046,ejIkaishN=3414
TN047,TN,047,ejIkaishN=3414
TN048,TN,048,ejIkaishN=3414
TN049,TN,049,ejIkaishN=3414
TN050,TN,050,ejIkaishN=3414
TN051,TN,051,{u}jIkaishN=3414
TN052,TN,052,ejIkaishN=3414
TN053,TN,053,ejIkaishN=3414
TN054,TN,054,ejIk{ai}shN=3414
TN055,TN,055,e{j}IkaishN=3414
TN056,TN,056,ejIkaishN=3414
TN057,TN,057,{u}jIkaishN=3414
TN058,TN,058,ejIkaishN=3414
TN059,TN,059,ejAkaishN=3414
TN060,TN,060,ejIkaishN=3414
GA061,GA,061,ejuekaishN=2314
GA062,GA,062,{u}jIkaishN=3414
GA063,GA,063,-
GA064,GA,064,ejIkaishN=3414
GA065,GA,065,ejAkaishN=3414
GA066,GA,066,ejIkaishN=3414
GA067,GA,067,edyIkaishN=3414
GA068,GA,068,ejIkaishN=3414
GA069,GA,069,echAkaishN=3414
GA070,GA,070,ejIkaishN=3414
GA070,GA,070,e{j}IkaishN=3414
GA071,GA,071,ejAkaishN=3414
GA072,GA,072,ejIkaishN=3414
GA073,GA,073,e{j}IkaishN=3414
GA074,GA,074,ejikaishN=2314
GA075,GA,075,ejIkaishN=3414
GA076,GA,076,ejIkaishN=3414
GA077,GA,077,ejAk{ai}shN=3414
GA077,GA,077,ijAkaishN=2414
GA078,GA,078,e{j}IkaishN=3414
GA079,GA,079,ejIkaishN=3414
GA080,GA,080,-
GA081,GA,081,ejIkaishN=3414
GA082,GA,082,ejAkaishN=3414
GA083,GA,083,ejAkaishN=3414
GA084,GA,084,ejIkaishN=3414
GA085,GA,085,ejAkaishN=3414
GA086,GA,086,ejyuekaishN=2314
GA087,GA,087,ejIkaishN=3414
GA088,GA,088,{u}jIkaishN=3414
GA089,GA,089,-
GA090,GA,090,ejIkaishN=3414
GA091,GA,091,{u}jIkaishN=3414
GA092,GA,092,-
GA093,GA,093,e{j}IkeshN=1434
GA094,GA,094,ejyuekaishN=3214
GA095,GA,095,edyAk{ai}shN=3414
GA096,GA,096,ejIkaishN=3414
GA097,GA,097,{u}jIkaishN=3414
GA098,GA,098,ejAkaishN=3414
GA098,GA,098,ejAk{ai}shN=3414
GA098,GA,098,ej(I)k{ai}shN=314
GA099,GA,099,ejAkaishN=3414
GA100,GA,100,ejIkaishN=3414
GA101,GA,101,{u}juekaishN=2314
GA102,GA,102,{ai}jAkaishN=3414
GA103,GA,103,e{j}uekaishN=2314
GA104,GA,104,ejIkaishN=3414
GA105,GA,105,ejIkaishN=3414
GA106,GA,106,ejAkaishN=3414
GA107,GA,107,ejAkaishN=3414
GA108,GA,108,ejAkaishN=3414
GA109,GA,109,ejIkaishN=3414
GA110,GA,110,ejIkaishN=3414
GA111,GA,111,ejyuekaishN=2314
GA111,GA,111,ejyAkaishN=2414
GA112,GA,112,-
GA113,GA,113,ejAkaishN=3414
GA114,GA,114,-
GA115,GA,115,ejIkaishN=3414
GA116,GA,116,ed(zh)AkaishN=3414
GA117,GA,117,ejIkaishN=3414
GA118,GA,118,ejAkaishN=3414
GA119,GA,119,ejIkaishN=3414
GA120,GA,120,ejAkaishN=3414
GA121,GA,121,ejAkaishN=3414
GA122,GA,122,ejookaishN=2314
GA123,GA,123,ejAkaishN=3414
GA124,GA,124,ejAkaishN=3414
GA125,GA,125,ejAkaishN=3414
GA126,GA,126,ejIkaishN=3414
GA127,GA,127,-
GA128,GA,128,-
GA129,GA,129,-
GA130,GA,130,ejIkeshN=3414
GA131,GA,131,ejIkaishN=3414
GA132,GA,132,-
GA133,GA,133,-
GA134,GA,134,-
GA135,GA,135,ejAkaishN=3414
GA136,GA,136,ejIkaishN=3414
GA137,GA,137,ejIkaishN=3414
GA138,GA,138,ejuekaishN=1324
GA139,GA,139,ejuekaishN=1324
GA140,GA,140,-
GA141,GA,141,ejIkaishN=3414
GA142,GA,142,ejyAkaishN=3414
GA143,GA,143,ejIkaishN=3414
GA144,GA,144,ejAkaishN=3414
GA144,GA,144,ejIkaishN=3414
GA145,GA,145,ejIkaishN=3414
GA146,GA,146,ejAkaishN=3414
GA147,GA,147,-
GA148,GA,148,ejyIkaishN=3414
GA149,GA,149,-
GA150,GA,150,ejIkaishN=3414
GA151,GA,151,ejIkaishN=3414
GA152,GA,152,ejAkaishN=3414
GA153,GA,153,-
GA154,GA,154,-
GA155,GA,155,ejIkaishN=3414
GA156,GA,156,-
GA157,GA,157,-
GA158,GA,158,{u}jIkaishN=3414
GA159,GA,159,ejAkaishN=3414
GA160,GA,160,ejIkaishN=3414
GA161,GA,161,edjIkaishN=3414
GA162,GA,162,ejIkaishN=3414
GA163,GA,163,{u}jIkaishN=3414
GA164,GA,164,{u}jIkaishN=3414
GA165,GA,165,ejAkaishN=3414
GA166,GA,166,edyIkaishN=3414
GA167,GA,167,ejIkaishN=3414
GA168,GA,168,ejIkaishN=3414
GA169,GA,169,-
GA170,GA,170,{u}jIkaishN=3414
GA171,GA,171,ejIkaishN=3414
GA172,GA,172,ejuekaishN=2314
GA173,GA,173,-
GA174,GA,174,ejIkaishN=3414
GA175,GA,175,ejIkaishN=3414
GA176,GA,176,ejIkaishN=3414
GA177,GA,177,ejIkaishN=3414
GA178,GA,178,ejIkaishN=3414
GA179,GA,179,ejIkyaishN=3414
GA180,GA,180,ejIkaishN=3414
GA181,GA,181,ejIkaishN=3414
GA182,GA,182,ejIkaishN=3414
GA183,GA,183,{u}jIkaishN=3414
GA184,GA,184,{u}jIkaishN=3414
GA185,GA,185,ejIkaishN=3414
GA186,GA,186,ejIkaishN=3414
GA187,GA,187,{u}jIkaishN=3414
GA188,GA,188,ed(zh)IkaishN=3414
GA189,GA,189,{u}jIk{ai}shN=3414
GA190,GA,190,ejIkaishN=3414
GA191,GA,191,ejuek{ai}shN=2314
GA192,GA,192,ejAkaishN=3414
GA193,GA,193,-
GA194,GA,194,ejAkaishN=3414
GA195,GA,195,-
GA196,GA,196,-
GA197,GA,197,ejIkaishN=3414
GA198,GA,198,-
GA199,GA,199,e(d)zhAkaishN=2414
GA200,GA,200,ejIkaishN=3414
GA201,GA,201,ejIkaishN=3414
GA202,GA,202,-
GA203,GA,203,ejIkaishN=3414
GA204,GA,204,-
GA205,GA,205,-
GA206,GA,206,ejIkaishN=3414
GA207,GA,207,-
GA208,GA,208,ejAkaishN=3414
GA209,GA,209,ejIkaishN=3414
GA210,GA,210,ajIkaishN=3414
GA211,GA,211,{u}jIkaishN=3414
GA212,GA,212,-
GA213,GA,213,ejIkaishN=3414
GA214,GA,214,ejIkaishN=3414
GA215,GA,215,-
GA216,GA,216,ejIkaishN=3414
GA217,GA,217,ejIkaishN=3414
GA218,GA,218,ejIkaishN=3414
GA219,GA,219,ejyAkaishN=3414
GA220,GA,220,ejAkaishN=1434
GA221,GA,221,ejAkaishN=3414
GA222,GA,222,ejAkaishN=3414
GA223,GA,223,ejIkaishN=3414
GA224,GA,224,-
GA225,GA,225,ejIkaishN=3414
FL226,FL,226,ejIkaishN=3414
FL227,FL,227,ejIkaishN=3414
FL228,FL,228,ejAkaishN=3414
FL229,FL,229,echyIkyaishN=3414
FL230,FL,230,-
FL231,FL,231,ejAkaishN=3414
FL232,FL,232,e{j}IkaishN=3414
FL233,FL,233,ejAkaishN=3414
FL234,FL,234,-
FL235,FL,235,ejIkaishN=3414
FL236,FL,236,-
FL237,FL,237,ejIkaishN=3414
FL238,FL,238,ejIkaishN=3414
FL239,FL,239,ejIkaishN=3414
FL240,FL,240,ejAkaishN=3414
FL241,FL,241,-
FL242,FL,242,ejIkaishN=3414
FL243,FL,243,ejAkaishN=3414
FL244,FL,244,ejIkaishN=3414
FL245,FL,245,ejIkaishN=3414
FL246,FL,246,-
FL247,FL,247,ejIkaishN=3414
FL248,FL,248,ejAkaishN=1434
FL249,FL,249,ai{j}Ak{ai}shN=3414
FL250,FL,250,ejIkaishN=3414
FL251,FL,251,-
FL252,FL,252,ejIkaishN=3414
FL253,FL,253,ejAkaishN=3414
FL253,FL,253,ejIkaishN=3414
FL254,FL,254,ejuekaishN=1324
FL255,FL,255,ejAkaishN=3414
FL256,FL,256,ejIkaishN=3414
FL257,FL,257,ed(zh)IkaishN=3414
FL258,FL,258,ejAkaishN=3414
FL259,FL,259,ejyIkaishN=3414
FL260,FL,260,ejAkaishN=3414
FL261,FL,261,ejIkaishN=3414
FL262,FL,262,ejIkaishN=3414
FL263,FL,263,-
FL264,FL,264,ejIkaishN=3414
FL265,FL,265,-
FL266,FL,266,{u}jIkeshN=3414
FL267,FL,267,-
FL268,FL,268,-
FL269,FL,269,ejAk{ai}shN=3414
FL270,FL,270,e(d)zhAkaishN=1424
FL271,FL,271,ejIkaishN=3414
FL272,FL,272,-
FL273,FL,273,{u}jIkaishN=3414
FL274,FL,274,ejAkaishN=3414
FL275,FL,275,-
FL276,FL,276,ejIkaishN=3414
FL277,FL,277,ejAkaishN=3414
FL278,FL,278,ejIkaishN=3414
FL279,FL,279,ejIkaishN=3414
FL280,FL,280,ejIkaishN=3414
FL281,FL,281,ejIkaishN=3414
FL282,FL,282,ejAkaishN=3414
FL283,FL,283,e(d)zhuekaishN=2314
FL284,FL,284,ejuekaishN=2314
FL285,FL,285,ejIkaishN=3414
FL286,FL,286,{u}jIkaishN=3414
FL287,FL,287,ejuekaishN=2314
FL288,FL,288,ejuekaishN=2314
FL289,FL,289,ejAkaizhN=3414
TN290,TN,290,ejIkaishN=3414
TN291,TN,291,ejIkaishN=3414
TN292,TN,292,ejIkaishN=3414
TN293,TN,293,ejIkaishN=3414
TN294,TN,294,e{j}uekaishN=2314
TN295,TN,295,ejIkaishN=3414
TN296,TN,296,ejIkaishN=3414
TN297,TN,297,ejIkaishN=3414
TN298,TN,298,-
TN299,TN,299,edyIkaishN=2414
TN299,TN,299,ejIkaishN=3414
TN300,TN,300,ejIkaishN=3414
TN301,TN,301,ejIkaishN=3414
TN302,TN,302,edyIkaishN=3414
TN303,TN,303,ed(zh)AkaishN=3414
TN304,TN,304,ejIkaishN=3414
TN305,TN,305,ejIkaishN=3414
TN306,TN,306,-
TN307,TN,307,ejAkaishN=3414
TN308,TN,308,ejIkaishN=3414
TN309,TN,309,ejAk{ai}shN=3414
TN309,TN,309,ijAk{ai}shN=1434
TN310,TN,310,ejIkaishN=3414
TN311,TN,311,ejAkaishN=3414
TN312,TN,312,ejIkaishN=3414
TN313,TN,313,ejAkaishN=3414
TN314,TN,314,ejIkaishN=3414
TN315,TN,315,ejIkaishN=3414
TN316,TN,316,ejAkaishN=3414
TN317,TN,317,edyIkaishN=3414
TN318,TN,318,ejIkaishN=3414
TN319,TN,319,-
TN320,TN,320,ejIkaishN=3414
TN321,TN,321,ejIkaishN=3414
TN322,TN,322,-
TN323,TN,323,ejIkaishN=3414
TN324,TN,324,ejIkaishN=3414
TN325,TN,325,ejIkaishN=3414
TN326,TN,326,ejIkaishN=3414
TN327,TN,327,edyIkaishN=3414
TN328,TN,328,ejIkeshN=3414
TN328,TN,328,{u}jIkeshN=3414
TN329,TN,329,{u}jAkaishN=3414
TN330,TN,330,ejIkaishN=3414
TN331,TN,331,ejAkaishN=3414
TN332,TN,332,ejAkeeshN=3414
TN332,TN,332,ijAk{ai}shN=3414
TN333,TN,333,ejIkaishN=3414
TN334,TN,334,ejIkaishN=3414
TN335,TN,335,ejAkaishN=3414
TN336,TN,336,ejAkaishN=3414
AL337,AL,337,ejIkaishN=3414
AL338,AL,338,ejIkaishN=3414
AL339,AL,339,ejIkaishN=3414
AL340,AL,340,ejIkaishN=3414
AL341,AL,341,ejIkaishN=3414
AL342,AL,342,ej(I)k{ai}shN=314
AL343,AL,343,ejIkaishN=3414
AL344,AL,344,ejAkaishN=3414
AL345,AL,345,ejIkaishN=3414
AL346,AL,346,ejuekaishN=1324
AL347,AL,347,hechuekaishN=1324
AL348,AL,348,ejAkaishN=3414
AL349,AL,349,edyIkaishN=3414
AL350,AL,350,ejIkaishN=3414
AL351,AL,351,ejIkaishN=3414
AL352,AL,352,e{j}IkaishN=3414
AL353,AL,353,{u}jIkaishN=3414
AL354,AL,354,ejIkaishN=3414
AL355,AL,355,ejIkaishN=3414
AL356,AL,356,ejIkaishN=3414
AL357,AL,357,ejAkaishN=3414
AL358,AL,358,ejIkaishN=3414
AL358,AL,358,{u}jIkaishN=3414
AL359,AL,359,ejIkaishN=3414
AL360,AL,360,ejIkaishN=3414
AL361,AL,361,{u}jIkaishN=3414
AL362,AL,362,ejAkaishN=3414
AL363,AL,363,ejAkaishN=3414
AL364,AL,364,ejAkaishN=1424
AL365,AL,365,ejIkaishN=3414
AL366,AL,366,{u}jIkaishN=3414
AL367,AL,367,ejIkaishN=3414
AL368,AL,368,{u}{j}IkaishN=3414
AL369,AL,369,ejuekaishN=2314
AL370,AL,370,ejAkaishN=3414
AL371,AL,371,ejIkaishN=3414
AL372,AL,372,ejIk{ai}shN=3414
AL373,AL,373,ejIk{ai}shN=2414
AL374,AL,374,ejIkaishN=3414
AL375,AL,375,ejAkaishN=3414
AL376,AL,376,-
AL377,AL,377,ejAkaichN=3414
AL378,AL,378,e{j}AkaishN=3414
AL379,AL,379,ejuekaishN=2314
AL380,AL,380,{u}jIkaishN=3414
AL381,AL,381,ejIkaishN=3414
AL382,AL,382,edyIkaishN=3414
AL383,AL,383,ejIkaishN=3414
AL384,AL,384,e{j}IkaishN=3414
AL385,AL,385,ejIkaishN=3414
AL386,AL,386,ejIkaishN=3414
AL387,AL,387,ejIkaishN=3414
AL388,AL,388,{u}jIkaishN{z}=3414
AL389,AL,389,ejIkaishN=3414
AL390,AL,390,ejuekaishN=2314
AL391,AL,391,ejIkaishN=3414
AL392,AL,392,ejIkaishN=3414
AL393,AL,393,e{j}Ak{ai}shN=3414
AL394,AL,394,edyIkaishN=3414
AL395,AL,395,ejIkaishN=3414
AL396,AL,396,-
AL397,AL,397,ejIkaishN=3414
AL398,AL,398,ejIkaishN=3414
AL399,AL,399,ejIkaishN=3414
AL400,AL,400,ejAkyaishN=3414
AL401,AL,401,-
AL402,AL,402,ejIkaishN=3414
AL403,AL,403,ejIkaishN=3414
AL404,AL,404,ejIkaishN=3414
AL405,AL,405,ejIkaishN=3414
AL406,AL,406,-
AL407,AL,407,ejIkaishN=3414
AL408,AL,408,ejIkaishN=3414
AL409,AL,409,ejuekaishN=2314
AL410,AL,410,-
AL411,AL,411,ejuekyaishN=2314
AL412,AL,412,ejIkaishN=3414
AL413,AL,413,ejIkaishN=3414
AL414,AL,414,i(d)zhuekaishN=2314
AL414,AL,414,IjAgaishN=4414
AL415,AL,415,ejAkaishN=3414
AL415,AL,415,ejIkaishN=3414
AL416,AL,416,ejIkaishN=3414
AL417,AL,417,ejIkaishN=3414
AL418,AL,418,ejAkaishN=3414
AL419,AL,419,ejIkaishN=3414
AL420,AL,420,ejuekaishN=1324
AL421,AL,421,echAkaishN=3414
AL422,AL,422,ejAkaishN=3414
AL423,AL,423,ejIkaishN=3414
AL424,AL,424,ejIkaishN=3414
AL425,AL,425,-
AL426,AL,426,ejIkaishN=3414
AL427,AL,427,ejAkaishN=3414
AL428,AL,428,e{j}IkaishN=3414
AL429,AL,429,ejIkaishN=3414
AL430,AL,430,-
AL431,AL,431,ejAkaishN=3414
AL432,AL,432,ujIkaishN=3414
AL433,AL,433,ejIkaishN=3414
AL434,AL,434,ejIkaishN=3414
AL435,AL,435,ejAkaishN=3414
AL436,AL,436,ejAkaishN=2414
AL436,AL,436,ejAkaishN=3414
AL437,AL,437,ejIkaishN=3414
AL438,AL,438,-
AL439,AL,439,e{j}IkaishN=3414
AL440,AL,440,ejAkaishN=3414
AL441,AL,441,ejAkaishN=3414
AL442,AL,442,ejAkaishN=3414
AL443,AL,443,ejAkaishN=3414
AL444,AL,444,ejikaishN=2314
AL445,AL,445,ejIkaishN=3414
AL446,AL,446,ejIkaishN=3414
AL447,AL,447,ejIkaishN=3414
AL448,AL,448,ejAkaishN=3414
AL449,AL,449,ejIkaizhN=3414
AL450,AL,450,ejuekaishN=1324
AL451,AL,451,ejIkaishN=3414
FL452,FL,452,e{j}IkaishN=3414
FL452,FL,452,{u}{j}IkaishN=3414
FL453,FL,453,ejAkaishN=3414
FL454,FL,454,ejIkaishN=3414
FL455,FL,455,-
FL456,FL,456,ed(zh)IkaishN=3414
FL457,FL,457,ejAkaishN=3414
FL458,FL,458,ejIkaishN=3414
FL459,FL,459,-
FL460,FL,460,edyIkaishN=3414
FL461,FL,461,-
FL462,FL,462,ejAkaizhN=1434
FL462,FL,462,ejAk{ai}shN=2414
FL463,FL,463,ejAkaishN=3414
FL464,FL,464,ejIkaishN=3414
FL465,FL,465,ejAkaishN=3414
FL466,FL,466,ejIkaishN=3414
FL467,FL,467,ejIkaishN=3414
FL468,FL,468,ejIkaishN=3414
FL469,FL,469,ejAkaishN=3414
FL470,FL,470,ejAkaishN=3414
FL471,FL,471,edyAkaishN=3414
AL472,AL,472,ejIkaishN=3414
AL473,AL,473,ejAkaishN=3414
AL474,AL,474,ejAkaishN=3414
AL475,AL,475,ejIkaishN=3414
AL476,AL,476,ejIkaishN=3414
AL477,AL,477,ejIkaishN=3414
AL478,AL,478,ejIkaishN=3414
AL479,AL,479,ejIkaishN=3414
AL480,AL,480,ejIkaishN=3414
AL481,AL,481,ejIkaishN=3414
AL482,AL,482,ejIkaishN=3414
AL483,AL,483,-
AL484,AL,484,e{j}IkaishN=3414
AL485,AL,485,ejIkaishN=3414
TN486,TN,486,ejIkaishN=3414
TN487,TN,487,-
TN488,TN,488,ejAk{ai}shN=3414
TN489,TN,489,edyIkaishN=3414
TN490,TN,490,ejIkaishN=3414
TN491,TN,491,-
TN492,TN,492,ejAkaishN=3414
TN493,TN,493,-
TN494,TN,494,ejAkaishN=3414
TN495,TN,495,ejIkaishN=3414
TN496,TN,496,ed(zh)AkaishN=3414
TN496,TN,496,ejAkaishN=3414
TN497,TN,497,ejIkaishN=3414
TN498,TN,498,ejIkaishN=3414
TN499,TN,499,edyIkaishN=3414
TN500,TN,500,-
TN501,TN,501,ejIkaishN=3414
TN502,TN,502,ejAkaishN=3414
TN503,TN,503,ejIkaishN=3414
TN504,TN,504,ejIkaishN=3414
TN505,TN,505,ejIkaishN=3414
TN506,TN,506,ejIkaishN=3414
TN507,TN,507,-
TN508,TN,508,ejAkaishN=3414
TN509,TN,509,-
TN510,TN,510,-
TN511,TN,511,-
TN512,TN,512,ejIkaishN=3414
TN513,TN,513,ejIkaishN=3414
TN514,TN,514,ejAkaishN=3414
TN515,TN,515,ejIkaishN=3414
TN516,TN,516,ejIkaishN=3414
TN517,TN,517,ejookaishN=2314
TN518,TN,518,ejAkaishN=3414
TN519,TN,519,edyIkaishN=3414
MS520,MS,520,-
MS521,MS,521,ejIkaishN=3414
MS522,MS,522,ejAkaishN=3414
MS523,MS,523,-
MS524,MS,524,ejIkaishN=3414
MS525,MS,525,-
MS526,MS,526,-
MS527,MS,527,ejIkaishN=3414
MS528,MS,528,ejIkaishN=3414
MS529,MS,529,-
MS530,MS,530,-
MS531,MS,531,ejIkaishN=3414
MS532,MS,532,{u}jIkaishN=3414
MS533,MS,533,ejIkaishN=3414
MS534,MS,534,ejuekaishN=1324
MS534,MS,534,e{j}uekaishN=1324
MS535,MS,535,i{j}uek{ai}shN=2314
MS536,MS,536,-
MS537,MS,537,edyIkaishN=3414
MS538,MS,538,-
MS539,MS,539,ejIkaishN=3414
MS540,MS,540,ejIkaishN=3414
MS541,MS,541,ejIkaishN=3414
MS542,MS,542,edyAkaishN=3414
MS543,MS,543,ed(zh)IkaishN=1434
MS543,MS,543,ejIkaishN=3414
MS544,MS,544,ejAkaishN=3414
MS545,MS,545,-
MS546,MS,546,ejIkaishN=3414
MS547,MS,547,ejuekaishN=2314
MS548,MS,548,-
MS549,MS,549,ejAkaishN=3414
MS550,MS,550,-
MS551,MS,551,ejAkaishNz=3414
MS552,MS,552,-
MS553,MS,553,-
MS554,MS,554,-
MS555,MS,555,-
MS556,MS,556,ejAkaishN=3414
MS557,MS,557,ejIkaishN=3414
MS558,MS,558,ejuekaishN=2314
MS559,MS,559,ejIkaishN=3414
MS560,MS,560,{u}jIkaishN=3414
MS561,MS,561,ejIkaishN=3414
MS562,MS,562,ejIkaishN=3414
MS563,MS,563,ejIkaishN=3414
MS564,MS,564,ejIkaishN=3414
MS565,MS,565,-
MS566,MS,566,-
MS567,MS,567,-
MS568,MS,568,-
MS569,MS,569,ejIkaishN=3414
MS570,MS,570,{u}jIkaishN=3414
MS571,MS,571,ejuekaishN=1324
MS572,MS,572,ejIkaishN=3414
MS573,MS,573,ejIkaishN=3414
MS574,MS,574,edyAkaishN=3414
MS574,MS,574,edyIkaishN=3414
MS575,MS,575,ejIkaishN=3414
MS576,MS,576,ejAkaishN=3414
MS577,MS,577,edyAkaishN=3414
MS578,MS,578,ejIkaishN=3414
MS579,MS,579,-
MS580,MS,580,-
MS581,MS,581,ejuekaishN=1324
MS582,MS,582,ejIkaishN=3414
MS583,MS,583,edyIkaishN=3414
MS584,MS,584,ejAkaishN=3414
MS585,MS,585,ejIkaishN=3414
MS586,MS,586,{u}jIkeshN=3414
MS587,MS,587,ejIkaishN=3414
MS588,MS,588,{u}{j}IkaishN=3414
MS589,MS,589,ejIkaishN=3414
MS590,MS,590,ejIkaishN=3414
MS591,MS,591,ejIkaishN=3414
MS592,MS,592,ejuekaishN=2314
MS593,MS,593,ejIkaishN=3414
MS594,MS,594,ejIkaishN=3414
MS595,MS,595,ejIkaishN=3414
MS596,MS,596,ejAkaishN=3414
MS597,MS,597,ejIkaishN=3414
MS598,MS,598,ejuekaishN=1324
MS599,MS,599,ejAkaishN=3414
MS600,MS,600,e(d)zhAk{ai}shN=3414
MS601,MS,601,ejAk{ai}shN=3414
MS602,MS,602,ejIkaishN=3414
MS603,MS,603,ejIkaishN=3414
MS604,MS,604,-
MS605,MS,605,e{j}IkaishN=3414
MS606,MS,606,ejIkaishN=3414
MS607,MS,607,ejIkaishN=3414
MS608,MS,608,ejAkaishN=3414
MS609,MS,609,ejIkaishN=3414
MS610,MS,610,{u}jIkaishN=3414
MS611,MS,611,ijAk{ai}shN=3414
MS612,MS,612,{ai}jAkaizhN=3414
MS613,MS,613,ejIkaishN=3414
MS614,MS,614,ejIkaishN=3414
MS615,MS,615,ejIkaishN=3414
MS616,MS,616,ejIkaishN=3414
MS617,MS,617,edyIkaishN=3414
MS617,MS,617,ejIk{ai}shN=3414
MS618,MS,618,echuekaishN=1324
MS618,MS,618,ejuekaishN=1324
MS619,MS,619,ejIkaishN=3414
MS620,MS,620,-
MS621,MS,621,ejIkaishN=3414
MS621,MS,621,ejIkeshN=3414
MS622,MS,622,ejAkaishN=3414
MS623,MS,623,ejIkaishN=3414
MS624,MS,624,ejuekaishN=2314
MS624,MS,624,ejAkaishN=3414
MS625,MS,625,ejIkaishN=3414
MS626,MS,626,ejIkaishN=3414
MS627,MS,627,ejAkaishN=3414
MS628,MS,628,ejAkaishN=3414
MS629,MS,629,ejIkaishN=3414
LA630,LA,630,ejIkaishN=3414
LA631,LA,631,ejAkaishN=3414
LA632,LA,632,-
LA633,LA,633,ejAkaishN=3414
LA634,LA,634,ejIkaishN=3414
LA635,LA,635,ejAkaishN=3414
LA636,LA,636,ejAkaishN=3414
LA637,LA,637,ejIkaishN=3414
LA638,LA,638,ejIkaishN=3414
LA639,LA,639,ejAk{ai}shN=3414
LA640,LA,640,ejAkeshN=3414
LA641,LA,641,ejAk{ai}shN=3414
LA641,LA,641,ijuek{ai}shN=2314
LA642,LA,642,-
LA643,LA,643,ejIkaishN=3414
LA644,LA,644,ejIkaishN=3414
LA645,LA,645,ejIkaishN=3414
LA646,LA,646,ejAkaishN=3414
LA647,LA,647,ejIkaishN=3414
LA648,LA,648,ed(zh)IkaishN=3414
LA648,LA,648,ejIkaishN=3414
LA649,LA,649,-
LA650,LA,650,ejAk{ai}shN=3414
LA651,LA,651,-
LA652,LA,652,ejIkaishN=3414
LA653,LA,653,ejAkaishN=3414
LA654,LA,654,ejIkaishN=3414
LA655,LA,655,ejAkaishN=3414
LA656,LA,656,ejIk{ai}shN=3414
LA657,LA,657,e{j}IkaishN=3414
LA657X,LA,657X,{u}juekaishN=2314
LA657Y,LA,657Y,ejIkaishN=3414
LA657Z,LA,657Z,ejIkaishN=3414
LA658,LA,658,ejIkaishN=3414
LA659,LA,659,ejIkaishN=3414
LA660,LA,660,eddIkaishN=3414
LA661,LA,661,e{j}Ak{ai}shN=3414
LA661,LA,661,ijAk{ai}shN=3414
LA662,LA,662,ejAkaishN=3414
LA663,LA,663,ejuekaishN=1324
LA664,LA,664,-
LA665,LA,665,-
LA666,LA,666,ejuekaishN=2314
LA667,LA,667,ejIkaishN=3414
LA668,LA,668,{u}dewkaishN=2314
LA669,LA,669,ejAkaishN=3414
LA670,LA,670,ejAkaishN=3414
LA671,LA,671,ejAkaishN=3414
LA672,LA,672,ejuekaishN=1324
LA673,LA,673,ejIkaishN=3414
AR674,AR,674,ejIkaishN=3414
AR675,AR,675,ejIkaishN=2414
AR676,AR,676,-
AR677,AR,677,{u}jIkaishN=3414
AR678,AR,678,ejIkaishN=3414
AR679,AR,679,e{j}Ak{ai}shN=1434
AR680,AR,680,ejIkaishN=3414
AR681,AR,681,ejuekaishN=1324
AR682,AR,682,ejIkaishN=3414
AR683,AR,683,{u}{j}IkaishN=3414
AR684,AR,684,-
AR685,AR,685,e{j}uekaishN=1324
AR686,AR,686,ejAkaishN=3414
AR687,AR,687,ijIkaishNz=3414
AR688,AR,688,-
AR689,AR,689,{ai}jAkaishN=3414
AR690,AR,690,ed(zh)AkaishN=3414
AR691,AR,691,-
AR692,AR,692,edyIkaishN=2414
AR692,AR,692,ed(zh)IkaishN=3414
AR693,AR,693,ejAkaishN=3414
AR694,AR,694,ejIkaishN=3414
AR695,AR,695,ejIkaishN=3414
AR696,AR,696,-
AR697,AR,697,ejAkaishN=3414
AR698,AR,698,-
AR699,AR,699,-
AR700,AR,700,{u}jIkaishN=3414
AR701,AR,701,ejAkaishN=3414
AR702,AR,702,-
AR703,AR,703,ejIkaishN=3414
AR704,AR,704,ejIkaishN=3414
AR705,AR,705,ejIkaishN=3414
AR706,AR,706,ejIkaishN=3414
AR707,AR,707,ejIkaishN=3414
AR708,AR,708,ejyAkaishN=1434
AR709,AR,709,ejIkaishN=3414
AR710,AR,710,-
AR711,AR,711,ejAkaishN=3414
AR712,AR,712,ejuekaishN=2314
AR713,AR,713,ejAk{ai}shN=3414
AR714,AR,714,{u}jIkaishN=3414
AR715,AR,715,ejIkaishN=3414
AR716,AR,716,edyIkaishN=3414
AR716,AR,716,ejAkaishN=3414
AR717,AR,717,{ai}jIkaishN=3414
AR718,AR,718,ed(zh)IkaishN=3414
AR719,AR,719,ejIkaishN=3414
AR720,AR,720,ejIkaishN=3414
AR721,AR,721,{u}jIkaishN=3414
AR722,AR,722,ejIkaishN=3414
AR723,AR,723,ejIkaishN=3414
AR724,AR,724,e{j}IkaishN=3414
AR725,AR,725,ejAkaishN=1434
AR726,AR,726,ejAkaishN=1434
AR727,AR,727,{u}jIkaishN=3414
AR728,AR,728,ejIkaishN=3414
AR729,AR,729,ejIkaishN=3414
AR730,AR,730,ejIkaishN=3414
AR731,AR,731,ejIkaishN=3414
AR732,AR,732,ejIkaishN=3414
AR733,AR,733,ejIkaishN=3414
AR734,AR,734,edyIkaishN=3414
AR735,AR,735,ejIkaishN=3414
AR736,AR,736,-
AR737,AR,737,ejAkaishN=3414
AR738,AR,738,{u}juekaishN=2314
AR739,AR,739,-
AR740,AR,740,ejIkaishN=3414
AR741,AR,741,ejAkaishN=3414
AR742,AR,742,ejAkaishN=3414
AR743,AR,743,{u}jIkaishN=3414
AR744,AR,744,-
AR745,AR,745,ejAkaishN=3414
AR746,AR,746,-
AR747,AR,747,ejIkaishN=3414
AR748,AR,748,ejIkaishN=3414
AR749,AR,749,{ai}jAkaishN=3414
AR750,AR,750,-
AR751,AR,751,ejAkaishN=3414
AR752,AR,752,-
AR753,AR,753,{u}jIkaishN=2414
AR754,AR,754,-
AR755,AR,755,-
LA756,LA,756,ejIkaishN=3414
LA757,LA,757,ejIkaishN=3414
LA758,LA,758,{u}jIkaishN=3414
LA759,LA,759,-
LA760,LA,760,ejuekaishN=1324
LA761,LA,761,-
LA762,LA,762,ejAkaishN=3414
LA763,LA,763,ejIkaishN=3414
LA764,LA,764,edyAkaishN=3414
LA765,LA,765,ejAkaishN=3414
LA766,LA,766,edyIkaishN=3414
LA767,LA,767,ejIkaishN=3414
LA768,LA,768,ejAkaishN=3414
LA769,LA,769,ejAkaishN=1414
LA770,LA,770,ejAkaishN=3414
LA771,LA,771,{u}jIkaishN=3414
LA772,LA,772,ejuekaishN=1324
LA772,LA,772,ejAkaishN=1424
LA773,LA,773,-
LA774,LA,774,ejIkaishN=3414
LA775,LA,775,edyAkaishN=3414
LA775,LA,775,ejIkaishN=3414
LA776,LA,776,ejAkaishN=1434
LA776,LA,776,ejAkaishN=3414
LA777,LA,777,e{j}IkaishN=3414
LA778,LA,778,ejIkaishN=3414
LA779,LA,779,e{j}IkaishN=3414
LA780,LA,780,ejIkaishN=3414
LA781,LA,781,ejIkaishN=3414
LA782,LA,782,{u}jIkaishN=3414
LA783,LA,783,-
LA784,LA,784,-
LA785,LA,785,ejAk{ai}shN=1434
LA785,LA,785,ej(I)k{ai}shN=314
LA786,LA,786,ejIkaishN=3414
LA787,LA,787,ejIkaishN=3414
LA788,LA,788,{u}juekaishN=2314
LA789,LA,789,ejIkaishN=3414
LA790,LA,790,ejIkaishN=3414
LA791,LA,791,ejIkaishN=3414
LA792,LA,792,ejAkaishN=3414
LA793,LA,793,-
LA794,LA,794,ejIkaishN=3414
LA795,LA,795,{u}jIkaishN=3414
LA796,LA,796,{ai}jAkaishN=3414
LA797,LA,797,ejAk{ai}shN=3414
LA797,LA,797,ejook{ai}shN=2314
LA798,LA,798,edyIkaishN=3414
LA799,LA,799,-
LA800,LA,800,ejIkaishN=3414
LA801,LA,801,ejIkaishN=3414
LA802,LA,802,-
LA803,LA,803,-
LA804,LA,804,ejIkeshN=3414
LA805,LA,805,-
LA806,LA,806,ejIkaishN=3414
LA807,LA,807,ejAkishN=2414
LA808,LA,808,ejIkaishN=3414
LA809,LA,809,edyAkaishN=3414
LA810,LA,810,edyIkaishN=3414
LA810,LA,810,ejIkaishN=3414
LA811,LA,811,ejAkaishN=3414
LA812,LA,812,-
LA813,LA,813,ejIkaishN=3414
LA814,LA,814,ejAkaishN=3414
LA815,LA,815,echIkaishN=3414
LA815,LA,815,ejIkaishN=3414
LA816,LA,816,ejIkaishN=3414
LA817,LA,817,{u}jIkaishN=3414
TX818,TX,818,edyIkaishN=3414
TX819,TX,819,ejIkaishN=1434
TX820,TX,820,ejAk{ai}shN=1424
TX821,TX,821,ejIkaishN=3414
TX822,TX,822,ejIkaishN=3414
TX823,TX,823,ejAkaishN=3414
TX824,TX,824,ej(I)kaishN=314
TX825,TX,825,ejAkaishN=3414
TX825,TX,825,ejIkaishN=3414
TX826,TX,826,{ai}jAkaishN=3414
TX827,TX,827,ejIkaishN=3414
TX828,TX,828,ejIkaishN=3414
TX829,TX,829,ed(zh)AkaishN=3414
TX829,TX,829,edyAkaishN=3414
TX830,TX,830,ejAk{ai}shN=3414
TX830,TX,830,ijAk{ai}shN=3414
TX831,TX,831,ejAk{ai}shN=3414
TX832,TX,832,ejIkaishN=3414
TX833,TX,833,edyIkaishN=3414
TX834,TX,834,e{j}IkaishN=3414
TX835,TX,835,ejAk{ai}shN=3414
TX836,TX,836,ejAkaishN=3414
TX837,TX,837,ejAkaishN=3414
TX838,TX,838,ejAkaishN=1424
TX839,TX,839,ejIkaishN=3414
TX840,TX,840,{u}jIkaishN=3414
TX841,TX,841,-
TX842,TX,842,ejAkaishN=3414
TX843,TX,843,ejIkaishN=3414
TX844,TX,844,ejook{ai}shN=2314
TX845,TX,845,-
TX846,TX,846,edyIkaishN=3414
TX846,TX,846,ejIkaishN=3414
TX847,TX,847,ejIkaishN=3414
TX848,TX,848,ejIkaishN=3414
TX849,TX,849,{u}jIkaishN=3414
TX850,TX,850,ejIkaishN=3414
TX851,TX,851,-
TX852,TX,852,ejIkaishN=3414
TX853,TX,853,ejuekaishN=2314
TX854,TX,854,ejIkaishN=3414
TX855,TX,855,ejAkaishN=3414
TX856,TX,856,e{j}IkaishN=3414
TX857,TX,857,edyIkaishN=3414
TX858,TX,858,-
TX859,TX,859,ejuekaishN=2314
TX860,TX,860,-
TX861,TX,861,ejIkaishN=3414
TX862,TX,862,ejAkaishN=3414
TX863,TX,863,{ai}jAkaishN=3414
TX864,TX,864,edyAkaishN=3414
TX864,TX,864,ed(zh)AkaishN=3414
TX865,TX,865,ejIkaishN=3414
TX866,TX,866,ejAkaishN=3414
TX867,TX,867,edyAkaishN=3414
TX868,TX,868,ejIkaishN=3414
TX869,TX,869,e{j}IkaishN=3414
TX870,TX,870,ejIkaishN=3414
TX871,TX,871,ejAkaishN=3414
TX872,TX,872,ejIk{ai}shN=3414
TX873,TX,873,ejIkaishN=3414
TX874,TX,874,ejIkaishN=3414
TX875,TX,875,echuekaishN=1324
TX876,TX,876,ejIkaishN=3414
TX877,TX,877,ejIkaishN=3414
TX878,TX,878,-
TX879,TX,879,ejuekaishN=1324
TX880,TX,880,{u}jAkaishN=3414
TX881,TX,881,-
TX882,TX,882,{u}jIkaishN=3414
TX883,TX,883,ejIkaishN=3414
TX884,TX,884,edshuekaishN=2314
TX885,TX,885,ejIkaishN=3414
TX886,TX,886,-
TX887,TX,887,ejIkaishN=3414
TX888,TX,888,ejAk{ai}shN=3414
TX889,TX,889,ejIkaishN=3414
TX890,TX,890,ejookaishN=2314
TX891,TX,891,ejIkaishN=3414
TX892,TX,892,ejAkaishN=3414
TX893,TX,893,ejyuekaishN=2314
TX894,TX,894,ejIkaishN=3414
TX895,TX,895,{u}{j}IkaishN=3414
TX896,TX,896,ej(I)kaishN=314
TX896,TX,896,edyuekaishN=2314
TX896,TX,896,ejuekaishN=2314
TX896,TX,896,e(d)zhuekaishun=2312
TX897,TX,897,edyuekaishN=2314
TX898,TX,898,ejuekaishN=2314
TX899,TX,899,{u}juekaishN=2314
TX900,TX,900,edyookaishN=2314
TX900,TX,900,ejuekaishN=3214
TX901,TX,901,ejAkaishN=3414
TX902,TX,902,ejAkaishN=3414
TX903,TX,903,ejIkaishN=3414
TX904,TX,904,edyAkaishN=3414
TX904,TX,904,ed(zh)AkaishN=3414
TX905,TX,905,ejAkaishN=3414
TX906,TX,906,-
TX907,TX,907,-
TX908,TX,908,edyAkaishN=3414
TX908,TX,908,ed(zh)IkaishN=3414
TX909,TX,909,echIkaishN=3414
TX909,TX,909,ejIkaishN=3414
TX910,TX,910,edyIkaishN=3414
TX911,TX,911,ejIkaishN=3414
