Informant,State,Informant number,Response
TN001,TN,001,education 
TN002,TN,002,education 
TN003,TN,003,education 
TN004,TN,004,education 
TN005,TN,005,education 
TN006,TN,006,education 
TN007,TN,007,education 
TN008,TN,008,-
TN009,TN,009,education 
TN010,TN,010,education 
TN011,TN,011,education 
TN012,TN,012,education 
TN013,TN,013,education 
TN014,TN,014,education 
TN015,TN,015,education 
TN016,TN,016,education 
TN017,TN,017,education 
TN018,TN,018,education 
TN019,TN,019,education 
TN020,TN,020,education 
TN021,TN,021,-
TN022,TN,022,education 
TN023,TN,023,education 
TN024,TN,024,education 
TN025,TN,025,education 
TN026,TN,026,education 
TN027,TN,027,education 
TN028,TN,028,education 
TN029,TN,029,education 
TN030,TN,030,education 
TN031,TN,031,education 
TN032,TN,032,education 
TN033,TN,033,education 
TN034,TN,034,education 
TN035,TN,035,education 
TN036,TN,036,education 
TN037,TN,037,education 
TN038,TN,038,education 
TN039,TN,039,education 
TN040,TN,040,education 
TN041,TN,041,education 
TN042,TN,042,education 
TN043,TN,043,education 
TN043,TN,043,learning 
TN044,TN,044,education 
TN045,TN,045,education 
TN046,TN,046,education 
TN047,TN,047,education 
TN048,TN,048,education 
TN049,TN,049,education 
TN050,TN,050,education 
TN051,TN,051,education 
TN052,TN,052,education 
TN053,TN,053,education 
TN054,TN,054,education 
TN055,TN,055,education 
TN056,TN,056,education 
TN057,TN,057,education 
TN058,TN,058,education 
TN059,TN,059,education 
TN060,TN,060,education 
GA061,GA,061,education 
GA062,GA,062,education 
GA063,GA,063,-
GA064,GA,064,education 
GA065,GA,065,education 
GA066,GA,066,education 
GA067,GA,067,education 
GA068,GA,068,education 
GA069,GA,069,education 
GA070,GA,070,education 
GA071,GA,071,education 
GA071,GA,071,schooling 
GA072,GA,072,education 
GA073,GA,073,education 
GA074,GA,074,education 
GA074,GA,074,schooling 
GA075,GA,075,education 
GA076,GA,076,education 
GA077,GA,077,education 
GA078,GA,078,education 
GA079,GA,079,education 
GA080,GA,080,schooling 
GA081,GA,081,education 
GA082,GA,082,education 
GA083,GA,083,education 
GA084,GA,084,education 
GA085,GA,085,education 
GA086,GA,086,education 
GA087,GA,087,education 
GA088,GA,088,education 
GA089,GA,089,-
GA090,GA,090,education 
GA091,GA,091,education 
GA092,GA,092,-
GA093,GA,093,education 
GA094,GA,094,education 
GA095,GA,095,education 
GA096,GA,096,education 
GA097,GA,097,education 
GA098,GA,098,education 
GA099,GA,099,education 
GA100,GA,100,education 
GA101,GA,101,education 
GA102,GA,102,education 
GA103,GA,103,education 
GA104,GA,104,education 
GA105,GA,105,education 
GA106,GA,106,education 
GA107,GA,107,book learning 
GA107,GA,107,education 
GA108,GA,108,education 
GA109,GA,109,education 
GA110,GA,110,education 
GA111,GA,111,education 
GA112,GA,112,education 
GA113,GA,113,education 
GA114,GA,114,-
GA115,GA,115,education 
GA116,GA,116,-
GA117,GA,117,education 
GA118,GA,118,education 
GA119,GA,119,education 
GA120,GA,120,-
GA121,GA,121,education 
GA122,GA,122,education 
GA123,GA,123,education 
GA124,GA,124,education 
GA125,GA,125,education 
GA126,GA,126,education 
GA126,GA,126,learning 
GA127,GA,127,-
GA128,GA,128,-
GA129,GA,129,-
GA130,GA,130,education 
GA131,GA,131,education 
GA132,GA,132,-
GA133,GA,133,education 
GA133,GA,133,learning 
GA134,GA,134,learning 
GA135,GA,135,education 
GA136,GA,136,education 
GA137,GA,137,education 
GA138,GA,138,education 
GA139,GA,139,education 
GA140,GA,140,-
GA141,GA,141,education 
GA141,GA,141,learning 
GA142,GA,142,education 
GA143,GA,143,education 
GA144,GA,144,education 
GA145,GA,145,education 
GA146,GA,146,education 
GA147,GA,147,-
GA148,GA,148,education 
GA149,GA,149,learning 
GA150,GA,150,education 
GA151,GA,151,education 
GA152,GA,152,education 
GA153,GA,153,-
GA154,GA,154,-
GA155,GA,155,education 
GA156,GA,156,-
GA157,GA,157,-
GA158,GA,158,education 
GA159,GA,159,education 
GA160,GA,160,education 
GA161,GA,161,education 
GA162,GA,162,education 
GA163,GA,163,education 
GA164,GA,164,education 
GA165,GA,165,education 
GA166,GA,166,education 
GA166,GA,166,learning 
GA167,GA,167,education 
GA168,GA,168,education 
GA169,GA,169,-
GA170,GA,170,education 
GA171,GA,171,education 
GA172,GA,172,education 
GA173,GA,173,-
GA174,GA,174,education 
GA175,GA,175,education 
GA176,GA,176,education 
GA177,GA,177,education 
GA178,GA,178,education 
GA179,GA,179,education 
GA180,GA,180,education 
GA181,GA,181,education 
GA182,GA,182,education 
GA183,GA,183,education 
GA184,GA,184,education 
GA185,GA,185,education 
GA186,GA,186,education 
GA187,GA,187,education 
GA188,GA,188,education 
GA189,GA,189,education 
GA190,GA,190,education 
GA191,GA,191,education 
GA192,GA,192,education 
GA193,GA,193,-
GA194,GA,194,education 
GA195,GA,195,common-school education 
GA195,GA,195,education 
GA196,GA,196,-
GA197,GA,197,education 
GA198,GA,198,-
GA199,GA,199,education 
GA200,GA,200,education 
GA201,GA,201,education 
GA202,GA,202,-
GA203,GA,203,education 
GA204,GA,204,-
GA205,GA,205,-
GA206,GA,206,education 
GA207,GA,207,-
GA208,GA,208,education 
GA209,GA,209,education 
GA210,GA,210,education 
GA211,GA,211,education 
GA212,GA,212,education 
GA213,GA,213,education 
GA214,GA,214,education 
GA215,GA,215,learning 
GA216,GA,216,education 
GA217,GA,217,education 
GA218,GA,218,education 
GA219,GA,219,-
GA220,GA,220,education 
GA221,GA,221,education 
GA222,GA,222,education 
GA223,GA,223,book learning 
GA223,GA,223,education 
GA224,GA,224,-
GA225,GA,225,education 
FL226,FL,226,education 
FL227,FL,227,education 
FL228,FL,228,education 
FL229,FL,229,education 
FL230,FL,230,-
FL231,FL,231,education 
FL232,FL,232,education 
FL233,FL,233,education 
FL234,FL,234,-
FL235,FL,235,education 
FL236,FL,236,-
FL237,FL,237,education 
FL238,FL,238,education 
FL239,FL,239,education 
FL240,FL,240,education 
FL241,FL,241,-
FL242,FL,242,education 
FL243,FL,243,education 
FL244,FL,244,education 
FL244,FL,244,learning 
FL245,FL,245,education 
FL246,FL,246,-
FL247,FL,247,education 
FL248,FL,248,education 
FL249,FL,249,education 
FL249,FL,249,schooling 
FL250,FL,250,education 
FL251,FL,251,learning 
FL251,FL,251,schooling 
FL252,FL,252,education 
FL253,FL,253,education 
FL254,FL,254,-
FL255,FL,255,education 
FL256,FL,256,education 
FL257,FL,257,education 
FL258,FL,258,-
FL259,FL,259,education 
FL259,FL,259,formal schooling 
FL260,FL,260,education 
FL261,FL,261,education 
FL262,FL,262,education 
FL262,FL,262,schooling 
FL263,FL,263,-
FL264,FL,264,education 
FL265,FL,265,-
FL266,FL,266,education 
FL267,FL,267,-
FL268,FL,268,-
FL269,FL,269,education 
FL269,FL,269,schooling 
FL270,FL,270,education 
FL271,FL,271,education 
FL272,FL,272,-
FL273,FL,273,education 
FL274,FL,274,education 
FL275,FL,275,-
FL276,FL,276,education 
FL277,FL,277,education 
FL278,FL,278,education 
FL279,FL,279,education 
FL280,FL,280,education 
FL281,FL,281,education 
FL282,FL,282,education 
FL283,FL,283,education 
FL284,FL,284,education 
FL285,FL,285,education 
FL286,FL,286,education 
FL287,FL,287,education 
FL288,FL,288,education 
FL289,FL,289,education 
TN290,TN,290,education 
TN291,TN,291,education 
TN292,TN,292,education 
TN293,TN,293,education 
TN294,TN,294,education 
TN295,TN,295,education 
TN296,TN,296,education 
TN297,TN,297,education 
TN298,TN,298,education 
TN299,TN,299,education 
TN300,TN,300,education 
TN301,TN,301,education 
TN302,TN,302,education 
TN303,TN,303,education 
TN303,TN,303,schooling 
TN304,TN,304,education 
TN305,TN,305,education 
TN306,TN,306,-
TN307,TN,307,education 
TN308,TN,308,education 
TN309,TN,309,education 
TN310,TN,310,education 
TN311,TN,311,education 
TN312,TN,312,education 
TN313,TN,313,education 
TN314,TN,314,education 
TN315,TN,315,education 
TN316,TN,316,education 
TN317,TN,317,education 
TN318,TN,318,education 
TN319,TN,319,-
TN320,TN,320,education 
TN321,TN,321,education 
TN322,TN,322,-
TN323,TN,323,education 
TN324,TN,324,education 
TN325,TN,325,education 
TN326,TN,326,education 
TN327,TN,327,education 
TN328,TN,328,education 
TN329,TN,329,education 
TN330,TN,330,education 
TN331,TN,331,education 
TN332,TN,332,education 
TN333,TN,333,education 
TN334,TN,334,education 
TN335,TN,335,education 
TN336,TN,336,education 
AL337,AL,337,education 
AL338,AL,338,education 
AL339,AL,339,education 
AL340,AL,340,education 
AL341,AL,341,education 
AL342,AL,342,education 
AL343,AL,343,education 
AL343,AL,343,schooling 
AL344,AL,344,education 
AL345,AL,345,education 
AL346,AL,346,education 
AL347,AL,347,education 
AL348,AL,348,education 
AL349,AL,349,education 
AL350,AL,350,education 
AL351,AL,351,education 
AL352,AL,352,education 
AL353,AL,353,education 
AL354,AL,354,education 
AL355,AL,355,education 
AL356,AL,356,education 
AL357,AL,357,education 
AL358,AL,358,education 
AL359,AL,359,education 
AL359,AL,359,schooling 
AL360,AL,360,education 
AL361,AL,361,education 
AL362,AL,362,education 
AL363,AL,363,education 
AL364,AL,364,education 
AL365,AL,365,education 
AL366,AL,366,education 
AL367,AL,367,education 
AL368,AL,368,education 
AL369,AL,369,education 
AL370,AL,370,education 
AL371,AL,371,education 
AL372,AL,372,education 
AL373,AL,373,education 
AL374,AL,374,education 
AL375,AL,375,education 
AL376,AL,376,-
AL377,AL,377,education 
AL378,AL,378,education 
AL379,AL,379,education 
AL380,AL,380,education 
AL381,AL,381,education 
AL382,AL,382,education 
AL383,AL,383,education 
AL384,AL,384,education 
AL385,AL,385,education 
AL385,AL,385,schooling 
AL386,AL,386,education 
AL387,AL,387,education 
AL388,AL,388,education 
AL389,AL,389,education 
AL390,AL,390,education 
AL391,AL,391,education 
AL392,AL,392,education 
AL393,AL,393,education 
AL394,AL,394,education 
AL395,AL,395,education 
AL396,AL,396,-
AL397,AL,397,education 
AL397,AL,397,schooling 
AL398,AL,398,education 
AL399,AL,399,book learning 
AL399,AL,399,education 
AL400,AL,400,education 
AL401,AL,401,education 
AL401,AL,401,learn(ing) 
AL402,AL,402,education 
AL403,AL,403,education 
AL403,AL,403,learning 
AL404,AL,404,education 
AL405,AL,405,education 
AL406,AL,406,-
AL407,AL,407,education 
AL408,AL,408,education 
AL409,AL,409,education 
AL410,AL,410,education 
AL410,AL,410,learn(ing) 
AL411,AL,411,education 
AL412,AL,412,education 
AL413,AL,413,education 
AL414,AL,414,education 
AL415,AL,415,education 
AL416,AL,416,-
AL417,AL,417,education 
AL418,AL,418,education 
AL419,AL,419,education 
AL420,AL,420,education 
AL421,AL,421,education 
AL422,AL,422,education 
AL423,AL,423,education 
AL424,AL,424,education 
AL425,AL,425,education 
AL426,AL,426,education 
AL427,AL,427,education 
AL428,AL,428,education 
AL429,AL,429,education 
AL430,AL,430,-
AL431,AL,431,education 
AL432,AL,432,education 
AL433,AL,433,education 
AL434,AL,434,education 
AL435,AL,435,education 
AL436,AL,436,education 
AL437,AL,437,education 
AL438,AL,438,learning 
AL439,AL,439,education 
AL440,AL,440,education 
AL441,AL,441,education 
AL442,AL,442,education 
AL442,AL,442,schooling 
AL443,AL,443,education 
AL444,AL,444,education 
AL445,AL,445,education 
AL446,AL,446,education 
AL447,AL,447,education 
AL448,AL,448,education 
AL449,AL,449,education 
AL450,AL,450,education 
AL451,AL,451,education 
FL452,FL,452,education 
FL453,FL,453,education 
FL454,FL,454,education 
FL455,FL,455,-
FL456,FL,456,education 
FL457,FL,457,education 
FL458,FL,458,elementary education 
FL459,FL,459,-
FL460,FL,460,education 
FL460,FL,460,schooling 
FL461,FL,461,-
FL462,FL,462,education 
FL462,FL,462,schooling 
FL463,FL,463,education 
FL464,FL,464,education 
FL465,FL,465,education 
FL466,FL,466,education 
FL466,FL,466,schooling 
FL467,FL,467,education 
FL468,FL,468,education 
FL469,FL,469,education 
FL470,FL,470,education 
FL471,FL,471,education 
FL471,FL,471,plantation education 
AL472,AL,472,education 
AL473,AL,473,education 
AL473,AL,473,learning 
AL474,AL,474,education 
AL475,AL,475,education 
AL476,AL,476,education 
AL477,AL,477,education 
AL478,AL,478,education 
AL479,AL,479,education 
AL480,AL,480,education 
AL481,AL,481,education 
AL482,AL,482,education 
AL483,AL,483,-
AL484,AL,484,education 
AL485,AL,485,education 
TN486,TN,486,education 
TN487,TN,487,-
TN488,TN,488,education 
TN489,TN,489,education 
TN490,TN,490,education 
TN491,TN,491,-
TN492,TN,492,education 
TN493,TN,493,education 
TN494,TN,494,education 
TN495,TN,495,education 
TN495,TN,495,learning 
TN496,TN,496,education 
TN497,TN,497,education 
TN498,TN,498,country-school education 
TN498,TN,498,education 
TN499,TN,499,education 
TN500,TN,500,-
TN501,TN,501,education 
TN502,TN,502,education 
TN503,TN,503,education 
TN504,TN,504,education 
TN505,TN,505,education 
TN505,TN,505,learning 
TN506,TN,506,education 
TN507,TN,507,-
TN508,TN,508,education 
TN509,TN,509,-
TN510,TN,510,-
TN511,TN,511,education 
TN512,TN,512,education 
TN513,TN,513,education 
TN514,TN,514,education 
TN515,TN,515,education 
TN516,TN,516,education 
TN517,TN,517,education 
TN518,TN,518,education 
TN519,TN,519,education 
MS520,MS,520,-
MS521,MS,521,education 
MS522,MS,522,education 
MS523,MS,523,-
MS524,MS,524,education 
MS525,MS,525,-
MS526,MS,526,-
MS527,MS,527,education 
MS528,MS,528,education 
MS529,MS,529,-
MS530,MS,530,learning 
MS530,MS,530,schooling 
MS531,MS,531,education 
MS532,MS,532,education 
MS533,MS,533,education 
MS534,MS,534,education 
MS535,MS,535,education 
MS536,MS,536,-
MS537,MS,537,education 
MS538,MS,538,-
MS539,MS,539,education 
MS540,MS,540,education 
MS541,MS,541,education 
MS542,MS,542,education 
MS543,MS,543,education 
MS544,MS,544,education 
MS545,MS,545,-
MS546,MS,546,schooling 
MS547,MS,547,education 
MS548,MS,548,-
MS549,MS,549,education 
MS550,MS,550,-
MS551,MS,551,education 
MS552,MS,552,-
MS553,MS,553,-
MS554,MS,554,-
MS555,MS,555,learning 
MS556,MS,556,education 
MS557,MS,557,education 
MS558,MS,558,education 
MS559,MS,559,education 
MS559,MS,559,schooling 
MS560,MS,560,education 
MS561,MS,561,book learning 
MS561,MS,561,education 
MS562,MS,562,education 
MS563,MS,563,education 
MS564,MS,564,formal education 
MS565,MS,565,-
MS566,MS,566,-
MS567,MS,567,-
MS568,MS,568,-
MS569,MS,569,education 
MS569,MS,569,learning 
MS570,MS,570,education 
MS571,MS,571,education 
MS571,MS,571,fourth-grade education 
MS572,MS,572,education 
MS573,MS,573,education 
MS573,MS,573,learning 
MS574,MS,574,education 
MS574,MS,574,schooling 
MS575,MS,575,education 
MS576,MS,576,education 
MS577,MS,577,education 
MS578,MS,578,education 
MS579,MS,579,education 
MS580,MS,580,ordinary learning 
MS581,MS,581,education 
MS582,MS,582,education 
MS583,MS,583,education 
MS584,MS,584,education 
MS585,MS,585,education 
MS586,MS,586,education 
MS587,MS,587,education 
MS588,MS,588,education 
MS589,MS,589,education 
MS590,MS,590,education 
MS591,MS,591,education 
MS592,MS,592,education 
MS593,MS,593,education 
MS594,MS,594,education 
MS595,MS,595,education 
MS596,MS,596,education 
MS596,MS,596,learning 
MS597,MS,597,education 
MS598,MS,598,education 
MS599,MS,599,education 
MS600,MS,600,education 
MS601,MS,601,education 
MS602,MS,602,education 
MS603,MS,603,education 
MS604,MS,604,-
MS605,MS,605,education 
MS605,MS,605,learning 
MS605,MS,605,schooling 
MS606,MS,606,education 
MS606,MS,606,schooling 
MS607,MS,607,education 
MS608,MS,608,education 
MS609,MS,609,education 
MS610,MS,610,education 
MS611,MS,611,education 
MS612,MS,612,education 
MS612,MS,612,learning 
MS613,MS,613,education 
MS614,MS,614,education 
MS615,MS,615,education 
MS616,MS,616,education 
MS616,MS,616,schooling 
MS617,MS,617,education 
MS618,MS,618,education 
MS619,MS,619,education 
MS620,MS,620,-
MS621,MS,621,education 
MS622,MS,622,education 
MS623,MS,623,education 
MS624,MS,624,education 
MS625,MS,625,education 
MS626,MS,626,education 
MS627,MS,627,education 
MS627,MS,627,learning 
MS628,MS,628,education 
MS629,MS,629,education 
LA630,LA,630,education 
LA631,LA,631,education 
LA632,LA,632,-
LA633,LA,633,education 
LA634,LA,634,education 
LA635,LA,635,education 
LA636,LA,636,education 
LA637,LA,637,learn(ing) 
LA638,LA,638,education 
LA639,LA,639,education 
LA640,LA,640,education 
LA641,LA,641,education 
LA642,LA,642,-
LA643,LA,643,education 
LA644,LA,644,education 
LA645,LA,645,education 
LA646,LA,646,education 
LA647,LA,647,education 
LA648,LA,648,education 
LA649,LA,649,-
LA650,LA,650,education 
LA651,LA,651,education 
LA651,LA,651,schooling 
LA652,LA,652,education 
LA653,LA,653,education 
LA654,LA,654,education 
LA655,LA,655,education 
LA656,LA,656,education 
LA657,LA,657,education 
LA657X,LA,657X,education 
LA657Y,LA,657Y,education 
LA657Y,LA,657Y,schooling 
LA657Z,LA,657Z,education 
LA658,LA,658,education 
LA659,LA,659,education 
LA659,LA,659,learning 
LA660,LA,660,education 
LA661,LA,661,education 
LA662,LA,662,education 
LA663,LA,663,education 
LA664,LA,664,-
LA665,LA,665,learning 
LA666,LA,666,education 
LA667,LA,667,education 
LA667,LA,667,learning 
LA668,LA,668,education 
LA669,LA,669,education 
LA670,LA,670,education 
LA671,LA,671,education 
LA671,LA,671,schooling 
LA672,LA,672,education 
LA672,LA,672,learning 
LA673,LA,673,education 
LA673,LA,673,schooling 
AR674,AR,674,education 
AR675,AR,675,education 
AR676,AR,676,education 
AR677,AR,677,education 
AR678,AR,678,education 
AR679,AR,679,education 
AR680,AR,680,education 
AR681,AR,681,education 
AR682,AR,682,education 
AR683,AR,683,education 
AR683,AR,683,learning 
AR684,AR,684,-
AR685,AR,685,education 
AR686,AR,686,education 
AR687,AR,687,education 
AR688,AR,688,-
AR689,AR,689,education 
AR690,AR,690,education 
AR691,AR,691,schooling 
AR692,AR,692,education 
AR693,AR,693,education 
AR694,AR,694,book learning 
AR695,AR,695,education 
AR696,AR,696,-
AR697,AR,697,education 
AR698,AR,698,first learning 
AR699,AR,699,-
AR700,AR,700,education 
AR700,AR,700,schooling 
AR701,AR,701,education 
AR702,AR,702,-
AR703,AR,703,education 
AR704,AR,704,education 
AR705,AR,705,education 
AR706,AR,706,education 
AR707,AR,707,education 
AR708,AR,708,education 
AR709,AR,709,education 
AR710,AR,710,-
AR711,AR,711,education 
AR712,AR,712,education 
AR713,AR,713,education 
AR714,AR,714,education 
AR715,AR,715,education 
AR716,AR,716,education 
AR716,AR,716,schooling 
AR717,AR,717,education 
AR718,AR,718,education 
AR719,AR,719,education 
AR720,AR,720,book learning 
AR720,AR,720,education 
AR721,AR,721,education 
AR722,AR,722,education 
AR723,AR,723,education 
AR724,AR,724,education 
AR725,AR,725,eighth-grade education 
AR726,AR,726,education 
AR727,AR,727,education 
AR728,AR,728,education 
AR729,AR,729,education 
AR730,AR,730,education 
AR731,AR,731,education 
AR732,AR,732,education 
AR733,AR,733,education 
AR733,AR,733,schooling 
AR734,AR,734,education 
AR735,AR,735,-
AR736,AR,736,-
AR737,AR,737,education 
AR738,AR,738,education 
AR739,AR,739,-
AR740,AR,740,education 
AR741,AR,741,education 
AR742,AR,742,education 
AR743,AR,743,education 
AR743,AR,743,schooling 
AR744,AR,744,-
AR745,AR,745,education 
AR746,AR,746,-
AR747,AR,747,education 
AR748,AR,748,education 
AR749,AR,749,education 
AR749,AR,749,schooling 
AR750,AR,750,-
AR751,AR,751,education 
AR751,AR,751,learning 
AR752,AR,752,-
AR753,AR,753,education 
AR754,AR,754,learning 
AR755,AR,755,teaching 
LA756,LA,756,education 
LA756,LA,756,learning 
LA757,LA,757,education 
LA758,LA,758,education 
LA758,LA,758,schooling 
LA759,LA,759,-
LA760,LA,760,education 
LA761,LA,761,schooling 
LA762,LA,762,education 
LA763,LA,763,education 
LA764,LA,764,education 
LA765,LA,765,education 
LA766,LA,766,education 
LA766,LA,766,learning 
LA767,LA,767,education 
LA768,LA,768,education 
LA769,LA,769,education 
LA770,LA,770,education 
LA771,LA,771,education 
LA772,LA,772,education 
LA773,LA,773,-
LA774,LA,774,education 
LA775,LA,775,education 
LA776,LA,776,education 
LA777,LA,777,education 
LA777,LA,777,schooling 
LA778,LA,778,education 
LA779,LA,779,education 
LA780,LA,780,education 
LA781,LA,781,education 
LA782,LA,782,education 
LA782,LA,782,schooling 
LA783,LA,783,-
LA784,LA,784,-
LA785,LA,785,education 
LA786,LA,786,education 
LA787,LA,787,education 
LA788,LA,788,education 
LA789,LA,789,education 
LA790,LA,790,education 
LA791,LA,791,education 
LA792,LA,792,education 
LA793,LA,793,education 
LA794,LA,794,education 
LA795,LA,795,education 
LA795,LA,795,schooling 
LA796,LA,796,education 
LA797,LA,797,education 
LA798,LA,798,education 
LA799,LA,799,education 
LA799,LA,799,schooling 
LA800,LA,800,education 
LA801,LA,801,education 
LA802,LA,802,education 
LA802,LA,802,learning 
LA803,LA,803,-
LA804,LA,804,education 
LA805,LA,805,-
LA806,LA,806,schooling 
LA807,LA,807,education 
LA808,LA,808,education 
LA809,LA,809,education 
LA810,LA,810,education 
LA811,LA,811,education 
LA812,LA,812,-
LA813,LA,813,education 
LA814,LA,814,education 
LA815,LA,815,education 
LA816,LA,816,education 
LA817,LA,817,education 
LA817,LA,817,schooling 
TX818,TX,818,education 
TX819,TX,819,education 
TX820,TX,820,education 
TX821,TX,821,education 
TX822,TX,822,education 
TX822,TX,822,schooling 
TX823,TX,823,education 
TX824,TX,824,education 
TX825,TX,825,education 
TX826,TX,826,education 
TX827,TX,827,education 
TX828,TX,828,education 
TX829,TX,829,education 
TX830,TX,830,education 
TX831,TX,831,education 
TX832,TX,832,education 
TX833,TX,833,education 
TX834,TX,834,education 
TX835,TX,835,education 
TX836,TX,836,education 
TX837,TX,837,education 
TX838,TX,838,education 
TX839,TX,839,education 
TX840,TX,840,education 
TX841,TX,841,-
TX842,TX,842,education 
TX843,TX,843,education 
TX844,TX,844,education 
TX845,TX,845,-
TX846,TX,846,education 
TX847,TX,847,education 
TX848,TX,848,education 
TX849,TX,849,education 
TX849,TX,849,schooling 
TX850,TX,850,education 
TX851,TX,851,-
TX852,TX,852,education 
TX853,TX,853,education 
TX854,TX,854,education 
TX855,TX,855,education 
TX856,TX,856,education 
TX857,TX,857,education 
TX857,TX,857,learning 
TX858,TX,858,-
TX859,TX,859,learning 
TX860,TX,860,education 
TX861,TX,861,education 
TX862,TX,862,education 
TX863,TX,863,education 
TX864,TX,864,education 
TX865,TX,865,education 
TX866,TX,866,education 
TX867,TX,867,education 
TX868,TX,868,education 
TX869,TX,869,education 
TX870,TX,870,education 
TX871,TX,871,education 
TX872,TX,872,education 
TX873,TX,873,education 
TX874,TX,874,education 
TX875,TX,875,education 
TX876,TX,876,education 
TX877,TX,877,education 
TX878,TX,878,education 
TX879,TX,879,education 
TX880,TX,880,education 
TX881,TX,881,-
TX882,TX,882,education 
TX883,TX,883,education 
TX884,TX,884,education 
TX885,TX,885,education 
TX886,TX,886,-
TX887,TX,887,-
TX888,TX,888,education 
TX889,TX,889,education 
TX890,TX,890,education 
TX891,TX,891,education 
TX892,TX,892,education 
TX893,TX,893,education 
TX894,TX,894,education 
TX895,TX,895,education 
TX896,TX,896,education 
TX897,TX,897,education 
TX898,TX,898,education 
TX899,TX,899,education 
TX900,TX,900,learning 
TX900,TX,900,schooling 
TX901,TX,901,education 
TX902,TX,902,education 
TX903,TX,903,education 
TX904,TX,904,education 
TX905,TX,905,education 
TX906,TX,906,-
TX907,TX,907,education 
TX908,TX,908,education 
TX909,TX,909,education 
TX910,TX,910,education 
TX911,TX,911,education 
