Informant,State,Informant number,Response
TN001,TN,001,0
TN002,TN,002,close/closes/closed 
TN003,TN,003,close/closes/closed 
TN004,TN,004,let/lets/letting out 
TN004,TN,004,turn/turns/turning/turned out 
TN005,TN,005,is/was/will be out 
TN006,TN,006,close/closes/closed 
TN006,TN,006,turn/turns/turning/turned out 
TN007,TN,007,-
TN008,TN,008,-
TN009,TN,009,-
TN010,TN,010,let/lets/letting out 
TN011,TN,011,is/was/will be out 
TN012,TN,012,is/was/will be out 
TN013,TN,013,close/closes/closed 
TN014,TN,014,is/was/will be out 
TN015,TN,015,is/was/will be out 
TN015,TN,015,turn/turns/turning/turned out 
TN016,TN,016,let/lets/letting out 
TN017,TN,017,-
TN018,TN,018,-
TN019,TN,019,turn/turns/turning/turned out 
TN020,TN,020,-
TN021,TN,021,-
TN022,TN,022,dismiss/dismisses/dismissed 
TN023,TN,023,close/closes/closed 
TN024,TN,024,-
TN025,TN,025,-
TN026,TN,026,-
TN027,TN,027,is/was/will be out 
TN028,TN,028,turn/turns/turning/turned out 
TN029,TN,029,turn/turns/turning/turned out 
TN030,TN,030,-
TN031,TN,031,-
TN032,TN,032,-
TN033,TN,033,dismiss/dismisses/dismissed 
TN034,TN,034,-
TN035,TN,035,-
TN036,TN,036,turn/turns/turning/turned out 
TN037,TN,037,-
TN038,TN,038,turn/turns/turning/turned out 
TN039,TN,039,ends over 
TN039,TN,039,get/gets/got/getting out 
TN039,TN,039,let/lets/letting out 
TN040,TN,040,is/was/will be out 
TN041,TN,041,is/was/will be out 
TN042,TN,042,-
TN043,TN,043,-
TN044,TN,044,turn/turns/turning/turned out 
TN045,TN,045,close/closes/closed 
TN045,TN,045,turn/turns/turning/turned out 
TN046,TN,046,is/was over 
TN046,TN,046,let/lets/letting out 
TN046,TN,046,turn/turns/turning/turned out 
TN047,TN,047,turn/turns/turning/turned out 
TN048,TN,048,adjourn/adjourns 
TN048,TN,048,dismiss/dismisses/dismissed 
TN049,TN,049,is/was/will be out 
TN049,TN,049,let/lets/letting out 
TN050,TN,050,-
TN051,TN,051,get/gets/got/getting out 
TN051,TN,051,let/lets/letting out 
TN052,TN,052,is/was/will be out 
TN053,TN,053,is/was/will be out 
TN053,TN,053,turn/turns/turning/turned out 
TN054,TN,054,turn/turns/turning/turned out 
TN055,TN,055,close/closes/closed 
TN055,TN,055,disbands 
TN056,TN,056,-
TN057,TN,057,close/closes/closed 
TN057,TN,057,is/was/will be out 
TN058,TN,058,let/lets/letting out 
TN059,TN,059,is/was/will be out 
TN060,TN,060,dismiss/dismisses/dismissed 
TN060,TN,060,turn/turns/turning/turned out 
GA061,GA,061,dismiss/dismisses/dismissed 
GA062,GA,062,dismiss/dismisses/dismissed 
GA062,GA,062,is/was/will be out 
GA063,GA,063,-
GA064,GA,064,close/closes/closed 
GA065,GA,065,-
GA066,GA,066,turn/turns/turning/turned out 
GA067,GA,067,-
GA068,GA,068,-
GA069,GA,069,out [sic] 
GA070,GA,070,close/closes/closed 
GA071,GA,071,-
GA072,GA,072,adjourn/adjourns 
GA073,GA,073,turn/turns/turning/turned out 
GA074,GA,074,turn/turns/turning/turned out 
GA075,GA,075,turn/turns/turning/turned out 
GA076,GA,076,turn/turns/turning/turned out 
GA077,GA,077,turn/turns/turning/turned out 
GA078,GA,078,-
GA079,GA,079,-
GA080,GA,080,-
GA081,GA,081,-
GA082,GA,082,-
GA083,GA,083,-
GA084,GA,084,close/closes/closed 
GA085,GA,085,is/was/will be out 
GA086,GA,086,turn/turns/turning/turned out 
GA087,GA,087,turn/turns/turning/turned out 
GA088,GA,088,turn/turns/turning/turned out 
GA089,GA,089,-
GA090,GA,090,-
GA091,GA,091,-
GA092,GA,092,-
GA093,GA,093,turn/turns/turning/turned out 
GA094,GA,094,is/was/will be out 
GA095,GA,095,is/was/will be out 
GA096,GA,096,is/was/will be out 
GA097,GA,097,-
GA098,GA,098,turn/turns/turning/turned out 
GA099,GA,099,let/lets/letting out 
GA100,GA,100,end/ends/ended 
GA101,GA,101,dismiss/dismisses/dismissed 
GA101,GA,101,get/gets/got/getting out 
GA102,GA,102,turn/turns/turning/turned out 
GA103,GA,103,is/was over 
GA103,GA,103,is/was/will be out 
GA103,GA,103,turn/turns/turning/turned out 
GA104,GA,104,get/gets/got/getting out 
GA105,GA,105,is/was/will be out 
GA106,GA,106,is/was/will be out 
GA106,GA,106,over [sic] 
GA107,GA,107,-
GA108,GA,108,-
GA109,GA,109,-
GA110,GA,110,-
GA111,GA,111,close/closes/closed 
GA112,GA,112,turn/turns/turning/turned out 
GA113,GA,113,-
GA114,GA,114,-
GA115,GA,115,-
GA116,GA,116,-
GA117,GA,117,-
GA118,GA,118,get/gets/got/getting out 
GA118,GA,118,let/lets/letting out 
GA119,GA,119,close/closes/closed 
GA120,GA,120,-
GA121,GA,121,dismiss/dismisses/dismissed 
GA121,GA,121,is/was/will be out 
GA122,GA,122,turn/turns/turning/turned out 
GA123,GA,123,let/lets/letting out 
GA124,GA,124,is/was/will be out 
GA125,GA,125,turn/turns/turning/turned out 
GA126,GA,126,-
GA127,GA,127,-
GA128,GA,128,-
GA129,GA,129,-
GA130,GA,130,-
GA131,GA,131,turn/turns/turning/turned out 
GA132,GA,132,-
GA133,GA,133,-
GA134,GA,134,turn/turns/turning/turned out 
GA135,GA,135,get/gets/got/getting out 
GA136,GA,136,is/was/will be out 
GA137,GA,137,close/closes/closed 
GA137,GA,137,is/was/will be out 
GA138,GA,138,close/closes/closed 
GA139,GA,139,-
GA140,GA,140,-
GA141,GA,141,is/was/will be out 
GA141,GA,141,start turning out 
GA141,GA,141,turn/turned them/us/you out 
GA142,GA,142,-
GA143,GA,143,let/lets/letting out 
GA144,GA,144,is/was/will be out 
GA145,GA,145,out [sic] 
GA146,GA,146,-
GA147,GA,147,-
GA148,GA,148,let/lets/letting out 
GA149,GA,149,is/was/will be out 
GA149,GA,149,let/lets/letting out 
GA150,GA,150,is/was/will be out 
GA151,GA,151,is/was/will be out 
GA152,GA,152,is/was/will be out 
GA153,GA,153,-
GA154,GA,154,turn/turns/turning/turned out 
GA155,GA,155,turn/turns/turning/turned out 
GA156,GA,156,-
GA157,GA,157,-
GA158,GA,158,-
GA159,GA,159,close/closes/closed 
GA159,GA,159,get/gets/got/getting out 
GA159,GA,159,is/was/will be out 
GA160,GA,160,-
GA161,GA,161,-
GA162,GA,162,is/was/will be out 
GA163,GA,163,close/closes/closed 
GA163,GA,163,end/ends/ended 
GA164,GA,164,get/gets/got/getting out 
GA164,GA,164,is/was/will be out 
GA165,GA,165,out [sic] 
GA166,GA,166,close/closes/closed 
GA166,GA,166,is/was/will be out 
GA167,GA,167,get/gets/got/getting out 
GA167,GA,167,let/lets/letting out 
GA168,GA,168,-
GA169,GA,169,-
GA170,GA,170,is/was/will be out 
GA171,GA,171,-
GA172,GA,172,-
GA173,GA,173,-
GA174,GA,174,-
GA175,GA,175,-
GA176,GA,176,-
GA177,GA,177,let/lets/letting out 
GA178,GA,178,-
GA179,GA,179,close/closes/closed 
GA180,GA,180,is/was/will be out 
GA181,GA,181,-
GA182,GA,182,-
GA183,GA,183,turn/turns/turning/turned out 
GA184,GA,184,turn/turns/turning/turned out 
GA185,GA,185,is/was over 
GA185,GA,185,let/lets/letting out 
GA186,GA,186,turn/turns/turning/turned out 
GA187,GA,187,-
GA188,GA,188,adjourn/adjourns 
GA188,GA,188,end/ends/ended 
GA189,GA,189,let/lets/letting out 
GA189,GA,189,turn/turns/turning/turned out 
GA190,GA,190,turn/turns/turning/turned out 
GA191,GA,191,let/lets/letting out 
GA192,GA,192,turn/turns/turning/turned out 
GA193,GA,193,-
GA194,GA,194,is/was/will be out 
GA195,GA,195,get/gets/got/getting out 
GA196,GA,196,-
GA197,GA,197,-
GA198,GA,198,-
GA199,GA,199,(about to) end 
GA199,GA,199,go out 
GA199,GA,199,is about out 
GA200,GA,200,out [sic] 
GA200,GA,200,turn/turns/turning/turned out 
GA201,GA,201,is/was/will be out 
GA202,GA,202,-
GA203,GA,203,turn/turns/turning/turned out 
GA204,GA,204,-
GA205,GA,205,-
GA206,GA,206,-
GA207,GA,207,is/was/will be out 
GA208,GA,208,turn/turns/turning/turned out 
GA209,GA,209,let/lets/letting out 
GA209,GA,209,recess/recessed 
GA210,GA,210,turn/turns/turning/turned out 
GA211,GA,211,broke up 
GA211,GA,211,turn/turns/turning/turned out 
GA212,GA,212,close/closes/closed 
GA213,GA,213,let/lets them out 
GA214,GA,214,-
GA215,GA,215,is/was/will be out 
GA216,GA,216,let/lets/letting out 
GA217,GA,217,-
GA218,GA,218,-
GA219,GA,219,-
GA220,GA,220,is/was/will be out 
GA221,GA,221,-
GA222,GA,222,turning-out time 
GA223,GA,223,turn/turns/turning/turned out 
GA224,GA,224,close/closes/closed 
GA224,GA,224,give on out 
GA224,GA,224,turn/turns/turning/turned out 
GA225,GA,225,-
FL226,FL,226,is/was/will be out 
FL227,FL,227,end/ends/ended 
FL227,FL,227,is/was/will be out 
FL228,FL,228,get/gets/got/getting out 
FL229,FL,229,is/was/will be out 
FL230,FL,230,end/ends/ended 
FL230,FL,230,get/gets/got/getting out 
FL231,FL,231,let/lets/letting out 
FL232,FL,232,is/was/will be out 
FL233,FL,233,is/was/will be out 
FL234,FL,234,is/was/will be out 
FL235,FL,235,let/lets/letting out 
FL235,FL,235,turn/turns/turning/turned out 
FL236,FL,236,let/lets/letting out 
FL237,FL,237,is/was/will be out 
FL237,FL,237,turn/turns/turning/turned out 
FL238,FL,238,is/was/will be out 
FL239,FL,239,is/was/will be out 
FL240,FL,240,let/lets/letting out 
FL241,FL,241,-
FL242,FL,242,is/was/will be out 
FL242,FL,242,turn/turns/turning/turned out 
FL243,FL,243,turn/turns/turning/turned out 
FL244,FL,244,turn/turns/turning/turned out 
FL245,FL,245,let/lets/letting out 
FL246,FL,246,close/closes/closed 
FL247,FL,247,turn/turns/turning/turned out 
FL248,FL,248,is/was/will be out 
FL248,FL,248,turn/turns/turning/turned out 
FL249,FL,249,let/lets/letting out 
FL250,FL,250,turn/turns/turning/turned out 
FL251,FL,251,-
FL252,FL,252,-
FL253,FL,253,is/was/will be out 
FL254,FL,254,-
FL255,FL,255,let/lets/letting out 
FL256,FL,256,go out 
FL256,FL,256,turn me out 
FL257,FL,257,is/was/will be out 
FL257,FL,257,turn/turns/turning/turned out 
FL258,FL,258,is/was/will be out 
FL259,FL,259,end/ends/ended 
FL259,FL,259,is/was/will be out 
FL259,FL,259,let/lets/letting out 
FL260,FL,260,-
FL261,FL,261,end/ends/ended 
FL261,FL,261,finish/finishes 
FL261,FL,261,over [sic] 
FL262,FL,262,dismiss/dismisses/dismissed 
FL263,FL,263,let/lets/letting out 
FL264,FL,264,dismiss/dismisses/dismissed 
FL265,FL,265,is/was over 
FL265,FL,265,is/was/will be out 
FL265,FL,265,turn/turns/turning/turned out 
FL266,FL,266,get/gets/got/getting out 
FL266,FL,266,let/lets/letting out 
FL267,FL,267,-
FL268,FL,268,-
FL269,FL,269,is/was/will be out 
FL270,FL,270,get/gets/got/getting out 
FL271,FL,271,is/was/will be out 
FL271,FL,271,turn/turns/turning/turned out 
FL272,FL,272,let/lets/letting out 
FL273,FL,273,let/lets/letting out 
FL274,FL,274,get/gets/got/getting out 
FL275,FL,275,dismiss/dismisses/dismissed 
FL276,FL,276,dismiss/dismisses/dismissed 
FL276,FL,276,turn/turns/turning/turned out 
FL277,FL,277,let/lets/letting out 
FL278,FL,278,get/gets/got/getting out 
FL279,FL,279,let/lets/letting out 
FL280,FL,280,is/was/will be out 
FL280,FL,280,let/lets/letting out 
FL281,FL,281,is/was/will be out 
FL282,FL,282,-
FL283,FL,283,turn up 
FL284,FL,284,is/was/will be out 
FL285,FL,285,-
FL286,FL,286,end/ends/ended 
FL286,FL,286,let/lets/letting out 
FL287,FL,287,-
FL288,FL,288,dismiss/dismisses/dismissed 
FL289,FL,289,let/lets/letting out 
TN290,TN,290,turn/turns/turning/turned out 
TN291,TN,291,turn/turns/turning/turned out 
TN292,TN,292,close/closes/closed 
TN293,TN,293,is/was/will be out 
TN294,TN,294,get/gets/got/getting out 
TN294,TN,294,is/was/will be out 
TN294,TN,294,let/lets/letting out 
TN295,TN,295,close/closes/closed 
TN295,TN,295,get/gets/got/getting out 
TN296,TN,296,is/was/will be out 
TN297,TN,297,-
TN298,TN,298,-
TN299,TN,299,let/lets/letting out 
TN299,TN,299,turn/turns/turning/turned out 
TN300,TN,300,turn/turns/turning/turned out 
TN301,TN,301,turn/turns/turning/turned out 
TN302,TN,302,is/was/will be out 
TN303,TN,303,is/was/will be out 
TN303,TN,303,turn/turns/turning/turned out 
TN304,TN,304,is/was/will be out 
TN304,TN,304,turn/turns/turning/turned out 
TN305,TN,305,is/was/will be out 
TN306,TN,306,-
TN307,TN,307,gets over 
TN307,TN,307,let/lets/letting out 
TN308,TN,308,-
TN309,TN,309,-
TN310,TN,310,let/lets/letting out 
TN311,TN,311,-
TN312,TN,312,is/was/will be out 
TN313,TN,313,let/lets/letting out 
TN314,TN,314,let/lets/letting out 
TN315,TN,315,-
TN316,TN,316,-
TN317,TN,317,is/was/will be out 
TN318,TN,318,-
TN319,TN,319,-
TN320,TN,320,close/closes/closed 
TN320,TN,320,get/gets/got/getting out 
TN321,TN,321,close/closes/closed 
TN321,TN,321,is/was/will be out 
TN322,TN,322,turn/turns/turning/turned out 
TN323,TN,323,close/closes/closed 
TN324,TN,324,turn/turns/turning/turned out 
TN325,TN,325,is/was/will be out 
TN325,TN,325,turn/turns/turning/turned out 
TN326,TN,326,is/was over 
TN326,TN,326,is/was/will be out 
TN327,TN,327,turn/turns/turning/turned out 
TN328,TN,328,-
TN329,TN,329,get/gets/got/getting out 
TN330,TN,330,turn/turns/turning/turned out 
TN331,TN,331,-
TN332,TN,332,close/closes/closed 
TN333,TN,333,is/was/will be out 
TN334,TN,334,is/was/will be out 
TN335,TN,335,-
TN336,TN,336,is/was/will be out 
AL337,AL,337,-
AL338,AL,338,turn/turns/turning/turned out 
AL339,AL,339,-
AL340,AL,340,turn/turns/turning/turned out 
AL341,AL,341,-
AL342,AL,342,close/closes/closed 
AL342,AL,342,end/ends/ended 
AL343,AL,343,let/lets/letting out 
AL344,AL,344,out [sic] 
AL345,AL,345,-
AL346,AL,346,-
AL347,AL,347,get/gets/got/getting out 
AL347,AL,347,out [sic] 
AL348,AL,348,dismiss/dismisses/dismissed 
AL348,AL,348,out [sic] 
AL349,AL,349,turn/turns/turning/turned out 
AL350,AL,350,-
AL351,AL,351,close/closes/closed 
AL352,AL,352,end/ends/ended 
AL352,AL,352,is/was over 
AL353,AL,353,turn/turns/turning/turned out 
AL354,AL,354,turn/turns/turning/turned out 
AL355,AL,355,-
AL356,AL,356,let/lets/letting out 
AL356,AL,356,turn/turns/turning/turned out 
AL357,AL,357,is/was/will be out 
AL358,AL,358,close/closes/closed 
AL358,AL,358,let/lets/letting out 
AL359,AL,359,dismiss/dismisses/dismissed 
AL359,AL,359,is/was/will be out 
AL360,AL,360,let/lets/letting out 
AL361,AL,361,get/gets/got/getting out 
AL361,AL,361,is/was/will be out 
AL362,AL,362,turn/turns/turning/turned out 
AL363,AL,363,let/lets/letting out 
AL364,AL,364,is/was/will be out 
AL365,AL,365,lay out [sic] 
AL366,AL,366,-
AL367,AL,367,let/lets/letting out 
AL367,AL,367,vacates 
AL368,AL,368,-
AL369,AL,369,is/was/will be out 
AL370,AL,370,turn/turns/turning/turned out 
AL371,AL,371,-
AL372,AL,372,is/was over 
AL373,AL,373,-
AL374,AL,374,is/was over 
AL374,AL,374,let/lets/letting out 
AL375,AL,375,-
AL376,AL,376,-
AL377,AL,377,-
AL378,AL,378,-
AL379,AL,379,is/was/will be out 
AL379,AL,379,let/lets/letting out 
AL380,AL,380,-
AL381,AL,381,-
AL382,AL,382,close/closes/closed 
AL383,AL,383,end/ends/ended 
AL384,AL,384,close/closes/closed 
AL384,AL,384,end/ends/ended 
AL384,AL,384,is/was/will be out 
AL385,AL,385,is/was/will be out 
AL386,AL,386,dismiss/dismisses/dismissed 
AL386,AL,386,is/was/will be out 
AL387,AL,387,end/ends/ended 
AL387,AL,387,get/gets/got/getting out 
AL387,AL,387,let/lets/letting out 
AL388,AL,388,out [sic] 
AL389,AL,389,-
AL390,AL,390,turn/turns/turning/turned out 
AL391,AL,391,let/lets/letting out 
AL392,AL,392,close/closes/closed 
AL393,AL,393,out [sic] 
AL394,AL,394,dismiss/dismisses/dismissed 
AL395,AL,395,turn/turns/turning/turned out 
AL396,AL,396,-
AL397,AL,397,-
AL398,AL,398,-
AL399,AL,399,turn/turns/turning/turned out 
AL400,AL,400,is/was/will be out 
AL401,AL,401,is called [sic] 
AL402,AL,402,turn/turns/turning/turned out 
AL403,AL,403,is/was/will be out 
AL404,AL,404,dismiss/dismisses/dismissed 
AL404,AL,404,let/lets/letting out 
AL405,AL,405,dismiss/dismisses/dismissed 
AL405,AL,405,end/ends/ended 
AL406,AL,406,is/was/will be out 
AL407,AL,407,-
AL408,AL,408,is/was/will be out 
AL409,AL,409,end/ends/ended 
AL410,AL,410,get/gets/got/getting out 
AL410,AL,410,turn/turns/turning/turned out 
AL411,AL,411,turn/turns/turning/turned out 
AL412,AL,412,-
AL413,AL,413,-
AL414,AL,414,is/was/will be out 
AL414,AL,414,let/lets/letting out 
AL415,AL,415,let/lets/letting out 
AL415,AL,415,turn/turns/turning/turned out 
AL416,AL,416,let/lets/letting out 
AL417,AL,417,out [sic] 
AL418,AL,418,get/gets/got/getting out 
AL419,AL,419,let/lets/letting out 
AL420,AL,420,dismiss/dismisses/dismissed 
AL420,AL,420,is/was/will be out 
AL421,AL,421,close/closes/closed 
AL421,AL,421,out [sic] 
AL422,AL,422,-
AL423,AL,423,let/lets/letting out 
AL424,AL,424,turn/turns/turning/turned out 
AL425,AL,425,is/was/will be out 
AL425,AL,425,turn/turns/turning/turned out 
AL426,AL,426,turn/turns/turning/turned out 
AL427,AL,427,turn/turns/turning/turned out 
AL428,AL,428,get/gets/got/getting out 
AL428,AL,428,is/was/will be out 
AL428,AL,428,let/lets/letting out 
AL429,AL,429,-
AL430,AL,430,-
AL431,AL,431,dismiss/dismisses/dismissed 
AL432,AL,432,-
AL433,AL,433,is/was/will be out 
AL434,AL,434,is/was/will be out 
AL435,AL,435,close/closes/closed 
AL435,AL,435,is/was/will be out 
AL436,AL,436,is/was/will be out 
AL436,AL,436,turn/turns/turning/turned out 
AL437,AL,437,let/lets/letting out 
AL438,AL,438,is/was/will be out 
AL439,AL,439,end/ends/ended 
AL440,AL,440,is/was/will be out 
AL441,AL,441,is/was/will be out 
AL442,AL,442,close/closes/closed 
AL442,AL,442,turn/turns/turning/turned out 
AL443,AL,443,let/lets/letting out 
AL444,AL,444,turn/turns/turning/turned out 
AL445,AL,445,get/gets/got/getting out 
AL446,AL,446,-
AL447,AL,447,is/was/will be out 
AL448,AL,448,is/was/will be out 
AL449,AL,449,turn/turns/turning/turned out 
AL450,AL,450,close/closes/closed 
AL451,AL,451,turn/turns/turning/turned out 
FL452,FL,452,let/lets/letting out 
FL452,FL,452,turn/turns/turning/turned out 
FL453,FL,453,-
FL454,FL,454,is/was/will be out 
FL455,FL,455,is/was/will be out 
FL456,FL,456,close/closes/closed 
FL456,FL,456,is/was/will be out 
FL457,FL,457,-
FL458,FL,458,let/lets/letting out 
FL459,FL,459,-
FL460,FL,460,is/was/will be out 
FL461,FL,461,is/was/will be out 
FL461,FL,461,turn/turns/turning/turned out 
FL462,FL,462,is/was/will be out 
FL462,FL,462,turn/turns/turning/turned out 
FL463,FL,463,-
FL464,FL,464,close/closes/closed 
FL464,FL,464,is/was/will be out 
FL465,FL,465,is/was/will be out 
FL466,FL,466,close/closes/closed 
FL467,FL,467,turn/turns/turning/turned out 
FL468,FL,468,close/closes/closed 
FL468,FL,468,let/lets/letting out 
FL469,FL,469,is/was/will be out 
FL470,FL,470,let/lets/letting out 
FL471,FL,471,is/was/will be out 
AL472,AL,472,end/ends/ended 
AL472,AL,472,turn/turns/turning/turned out 
AL473,AL,473,-
AL474,AL,474,is/was/will be out 
AL475,AL,475,is/was/will be out 
AL475,AL,475,let/lets/letting out 
AL476,AL,476,get/gets/got/getting out 
AL476,AL,476,let/lets/letting out 
AL477,AL,477,-
AL478,AL,478,-
AL479,AL,479,-
AL480,AL,480,dismiss/dismisses/dismissed 
AL481,AL,481,close/closes/closed 
AL482,AL,482,dismiss/dismisses/dismissed 
AL483,AL,483,-
AL484,AL,484,-
AL485,AL,485,-
TN486,TN,486,-
TN487,TN,487,0
TN488,TN,488,is/was/will be out 
TN489,TN,489,turn/turns/turning/turned out 
TN490,TN,490,turn/turns/turning/turned out 
TN491,TN,491,-
TN492,TN,492,turn/turns/turning/turned out 
TN493,TN,493,is/was/will be out 
TN493,TN,493,wound up 
TN494,TN,494,let/lets/letting out 
TN494,TN,494,turn/turns/turning/turned out 
TN495,TN,495,is/was/will be out 
TN495,TN,495,turn/turns/turning/turned out 
TN496,TN,496,dismiss/dismisses/dismissed 
TN496,TN,496,let/lets/letting out 
TN497,TN,497,-
TN498,TN,498,turn/turns/turning/turned out 
TN499,TN,499,is/was over 
TN500,TN,500,-
TN501,TN,501,is/was/will be out 
TN502,TN,502,let/lets/letting out 
TN503,TN,503,-
TN504,TN,504,get/gets/got/getting out 
TN504,TN,504,turn/turns/turning/turned out 
TN505,TN,505,get/gets/got/getting out 
TN506,TN,506,-
TN507,TN,507,-
TN508,TN,508,-
TN509,TN,509,we're out of school 
TN509,TN,509,we/they get out of school 
TN510,TN,510,-
TN511,TN,511,let/lets/letting out 
TN512,TN,512,-
TN513,TN,513,dismiss/dismisses/dismissed 
TN514,TN,514,get/gets/got/getting out 
TN514,TN,514,let/lets/letting out 
TN515,TN,515,-
TN516,TN,516,get/gets/got/getting out 
TN517,TN,517,let/lets/letting out 
TN518,TN,518,dismiss/dismisses/dismissed 
TN519,TN,519,let/lets/letting out 
MS520,MS,520,-
MS521,MS,521,out [sic] 
MS521,MS,521,recess/recessed 
MS522,MS,522,turn/turns/turning/turned out 
MS523,MS,523,-
MS524,MS,524,turn/turns/turning/turned out 
MS525,MS,525,-
MS526,MS,526,-
MS527,MS,527,-
MS528,MS,528,-
MS529,MS,529,-
MS530,MS,530,dismiss them 
MS531,MS,531,-
MS532,MS,532,turn/turns/turning/turned out 
MS533,MS,533,-
MS534,MS,534,is/was/will be out 
MS535,MS,535,let/lets/letting out 
MS536,MS,536,-
MS537,MS,537,would close school 
MS538,MS,538,-
MS539,MS,539,close/closes/closed 
MS539,MS,539,turn/turns/turning/turned out 
MS540,MS,540,-
MS541,MS,541,we're out of school 
MS542,MS,542,turn/turned them/us/you out 
MS543,MS,543,turn/turns/turning/turned out 
MS544,MS,544,is/was/will be out 
MS544,MS,544,let/lets/letting out 
MS545,MS,545,close/closes/closed 
MS546,MS,546,-
MS547,MS,547,is/was/will be out 
MS548,MS,548,is/was/will be out 
MS549,MS,549,-
MS550,MS,550,-
MS551,MS,551,-
MS552,MS,552,-
MS553,MS,553,is/was/will be out 
MS554,MS,554,-
MS555,MS,555,-
MS556,MS,556,is/was/will be out 
MS556,MS,556,turn/turns/turning/turned out 
MS557,MS,557,-
MS558,MS,558,let/lets/letting out 
MS559,MS,559,is/was/will be out 
MS560,MS,560,turn/turns/turning/turned out 
MS561,MS,561,-
MS562,MS,562,turn/turns/turning/turned out 
MS563,MS,563,is/was/will be out 
MS564,MS,564,dismiss/dismisses/dismissed 
MS564,MS,564,turn/turns/turning/turned out 
MS565,MS,565,we/they get out of school 
MS566,MS,566,0
MS567,MS,567,terminated 
MS568,MS,568,-
MS569,MS,569,-
MS570,MS,570,get/gets/got/getting out 
MS570,MS,570,is/was/will be out 
MS570,MS,570,let/lets/letting out 
MS571,MS,571,get/gets/got/getting out 
MS572,MS,572,turned out of school 
MS573,MS,573,-
MS574,MS,574,turn/turns/turning/turned out 
MS575,MS,575,dismiss/dismisses/dismissed 
MS576,MS,576,turn/turns/turning/turned out 
MS577,MS,577,let/lets/letting out 
MS578,MS,578,let/lets/letting out 
MS579,MS,579,let/lets/letting out 
MS580,MS,580,-
MS581,MS,581,-
MS582,MS,582,end/ends/ended 
MS582,MS,582,get/gets/got/getting out 
MS582,MS,582,turn/turns/turning/turned out 
MS583,MS,583,out [sic] 
MS584,MS,584,close/closes/closed 
MS584,MS,584,is/was/will be out 
MS585,MS,585,turn/turns/turning/turned out 
MS586,MS,586,-
MS587,MS,587,close/closes/closed 
MS588,MS,588,turn/turns/turning/turned out 
MS589,MS,589,turn/turns/turning/turned out 
MS590,MS,590,-
MS591,MS,591,get/gets/got/getting out 
MS592,MS,592,-
MS593,MS,593,is/was/will be out 
MS593,MS,593,turn/turns/turning/turned out 
MS594,MS,594,turn/turns/turning/turned out 
MS595,MS,595,let/lets/letting out 
MS596,MS,596,-
MS597,MS,597,turn/turns/turning/turned out 
MS598,MS,598,close/closes/closed 
MS598,MS,598,is/was/will be out 
MS599,MS,599,get/gets/got/getting out 
MS600,MS,600,is/was/will be out 
MS600,MS,600,turn/turns/turning/turned out 
MS601,MS,601,is/was/will be out 
MS601,MS,601,turn/turns/turning/turned out 
MS602,MS,602,close/closes/closed 
MS603,MS,603,-
MS604,MS,604,-
MS605,MS,605,-
MS606,MS,606,-
MS607,MS,607,-
MS608,MS,608,turn/turns/turning/turned out 
MS609,MS,609,out [sic] 
MS609,MS,609,turn/turns/turning/turned out 
MS610,MS,610,adjourn/adjourns 
MS610,MS,610,close/closes/closed 
MS610,MS,610,dismiss/dismisses/dismissed 
MS611,MS,611,-
MS612,MS,612,get/gets/got/getting out 
MS612,MS,612,let/lets/letting out 
MS613,MS,613,let/lets/letting out 
MS614,MS,614,-
MS615,MS,615,let/lets/letting out 
MS616,MS,616,0
MS617,MS,617,let/lets/letting out 
MS618,MS,618,-
MS619,MS,619,-
MS620,MS,620,-
MS621,MS,621,closing time 
MS621,MS,621,end/ends/ended 
MS622,MS,622,is/was/will be out 
MS622,MS,622,turn/turns/turning/turned out 
MS623,MS,623,time for school to be out 
MS624,MS,624,is/was/will be out 
MS624,MS,624,terminated 
MS624,MS,624,turn/turns/turning/turned out 
MS625,MS,625,close/closes/closed 
MS625,MS,625,turn/turns/turning/turned out 
MS626,MS,626,-
MS627,MS,627,get/gets/got/getting out 
MS627,MS,627,turn/turns/turning/turned out 
MS628,MS,628,is/was/will be out 
MS629,MS,629,is/was over 
LA630,LA,630,let/lets/letting out 
LA631,LA,631,-
LA632,LA,632,excused 
LA632,LA,632,let/lets/letting out 
LA633,LA,633,-
LA634,LA,634,is/was/will be out 
LA635,LA,635,end/ends/ended 
LA635,LA,635,turn/turns/turning/turned out 
LA636,LA,636,turn/turns/turning/turned out 
LA637,LA,637,-
LA638,LA,638,turn/turns/turning/turned out 
LA639,LA,639,turn/turns/turning/turned out 
LA640,LA,640,get/gets/got/getting out 
LA640,LA,640,turn/turns/turning/turned out 
LA641,LA,641,let/lets/letting out 
LA642,LA,642,-
LA643,LA,643,releases 
LA644,LA,644,-
LA645,LA,645,-
LA646,LA,646,turn/turns/turning/turned out 
LA647,LA,647,-
LA648,LA,648,is/was/will be out 
LA649,LA,649,let/lets/letting out 
LA650,LA,650,leaves out 
LA651,LA,651,-
LA652,LA,652,let/lets/letting out 
LA653,LA,653,-
LA654,LA,654,close/closes/closed 
LA654,LA,654,is/was over 
LA655,LA,655,close/closes/closed 
LA656,LA,656,end/ends/ended 
LA657,LA,657,is/was/will be out 
LA657X,LA,657X,let/lets/letting out 
LA657Y,LA,657Y,let/lets/letting out 
LA657Z,LA,657Z,let/lets/letting out 
LA658,LA,658,is/was/will be out 
LA659,LA,659,get/gets/got/getting out 
LA660,LA,660,turn/turns/turning/turned out 
LA661,LA,661,let/lets/letting out 
LA662,LA,662,let/lets/letting out 
LA663,LA,663,-
LA664,LA,664,-
LA665,LA,665,let/lets/letting out 
LA666,LA,666,finish/finishes 
LA666,LA,666,go out 
LA666,LA,666,over [sic] 
LA667,LA,667,close/closes/closed 
LA668,LA,668,close/closes/closed 
LA668,LA,668,we/they get out of school 
LA669,LA,669,let/lets/letting out 
LA670,LA,670,-
LA671,LA,671,close/closes/closed 
LA671,LA,671,end/ends/ended 
LA672,LA,672,let/lets/letting out 
LA673,LA,673,let/lets/letting out 
AR674,AR,674,is/was/will be out 
AR675,AR,675,get/gets/got/getting out 
AR675,AR,675,let/lets/letting out 
AR676,AR,676,-
AR677,AR,677,is/was/will be out 
AR678,AR,678,-
AR679,AR,679,is/was/will be out 
AR680,AR,680,is/was/will be out 
AR681,AR,681,out [sic] 
AR681,AR,681,turn/turns/turning/turned out 
AR682,AR,682,let/lets/letting out 
AR682,AR,682,(school) held till four 
AR683,AR,683,is/was/will be out 
AR684,AR,684,dismiss/dismisses/dismissed 
AR685,AR,685,-
AR686,AR,686,close/closes/closed 
AR687,AR,687,let/lets/letting out 
AR688,AR,688,is/was/will be out 
AR689,AR,689,is/was/will be out 
AR690,AR,690,-
AR691,AR,691,-
AR692,AR,692,turn/turns/turning/turned out 
AR693,AR,693,is/was/will be out 
AR694,AR,694,is/was/will be out 
AR695,AR,695,(school) is turned out 
AR696,AR,696,-
AR697,AR,697,is/was/will be out 
AR698,AR,698,-
AR699,AR,699,-
AR700,AR,700,-
AR701,AR,701,-
AR702,AR,702,-
AR703,AR,703,get/gets/got/getting out 
AR704,AR,704,let/lets/letting out 
AR705,AR,705,is/was/will be out 
AR706,AR,706,-
AR707,AR,707,let/lets/letting out 
AR708,AR,708,-
AR709,AR,709,let/lets/letting out 
AR710,AR,710,-
AR711,AR,711,is/was/will be out 
AR712,AR,712,let/lets/letting out 
AR713,AR,713,is/was/will be out 
AR714,AR,714,is/was/will be out 
AR715,AR,715,close/closes/closed 
AR716,AR,716,is/was over 
AR716,AR,716,is/was/will be out 
AR717,AR,717,is/was/will be out 
AR718,AR,718,is/was/will be out 
AR719,AR,719,-
AR720,AR,720,dismiss/dismisses/dismissed 
AR721,AR,721,dismiss/dismisses/dismissed 
AR721,AR,721,is/was/will be out 
AR722,AR,722,is/was/will be out 
AR723,AR,723,is/was/will be out 
AR724,AR,724,is/was/will be out 
AR725,AR,725,let/lets/letting out 
AR726,AR,726,is/was/will be out 
AR727,AR,727,is/was/will be out 
AR728,AR,728,is/was/will be out 
AR729,AR,729,-
AR730,AR,730,is/was/will be out 
AR731,AR,731,let/lets/letting out 
AR732,AR,732,-
AR733,AR,733,-
AR734,AR,734,-
AR735,AR,735,-
AR736,AR,736,get/gets/got/getting out 
AR737,AR,737,turn/turns/turning/turned out 
AR738,AR,738,is/was/will be out 
AR739,AR,739,-
AR740,AR,740,is/was/will be out 
AR741,AR,741,let/lets/letting out 
AR742,AR,742,dismiss/dismisses/dismissed 
AR742,AR,742,turn/turns/turning/turned out 
AR743,AR,743,-
AR744,AR,744,-
AR745,AR,745,is/was/will be out 
AR746,AR,746,let/lets/letting out 
AR747,AR,747,close/closes/closed 
AR747,AR,747,is/was/will be out 
AR748,AR,748,close/closes/closed 
AR749,AR,749,dismiss/dismisses/dismissed 
AR749,AR,749,is/was/will be out 
AR750,AR,750,-
AR751,AR,751,let/lets/letting out 
AR752,AR,752,dismiss/dismisses/dismissed 
AR752,AR,752,let/lets/letting out 
AR753,AR,753,let/lets/letting out 
AR754,AR,754,turn/turns/turning/turned out 
AR755,AR,755,let/lets/letting out 
LA756,LA,756,turn/turns/turning/turned out 
LA757,LA,757,is/was/will be out 
LA757,LA,757,over [sic] 
LA758,LA,758,is/was/will be out 
LA759,LA,759,-
LA760,LA,760,-
LA761,LA,761,-
LA762,LA,762,-
LA763,LA,763,-
LA764,LA,764,is/was/will be out 
LA765,LA,765,(school) is turned out 
LA766,LA,766,is/was/will be out 
LA767,LA,767,is/was/will be out 
LA767,LA,767,turn/turns/turning/turned out 
LA768,LA,768,is/was/will be out 
LA769,LA,769,let/lets/letting out 
LA770,LA,770,is/was over 
LA770,LA,770,is/was/will be out 
LA771,LA,771,-
LA772,LA,772,-
LA773,LA,773,-
LA774,LA,774,-
LA775,LA,775,close/closes/closed 
LA775,LA,775,get/gets/got/getting out 
LA775,LA,775,is/was/will be out 
LA775,LA,775,turn/turns/turning/turned out 
LA776,LA,776,is/was/will be out 
LA777,LA,777,get/gets/got/getting out 
LA777,LA,777,let/lets/letting out 
LA778,LA,778,is/was/will be out 
LA779,LA,779,-
LA780,LA,780,let/lets/letting out 
LA781,LA,781,0
LA782,LA,782,adjourn/adjourns 
LA782,LA,782,dismiss/dismisses/dismissed 
LA782,LA,782,turn/turns/turning/turned out 
LA783,LA,783,0
LA784,LA,784,out [sic] 
LA785,LA,785,is/was/will be out 
LA786,LA,786,is/was/will be out 
LA787,LA,787,is/was/will be out 
LA788,LA,788,turn/turns/turning/turned out 
LA789,LA,789,close/closes/closed 
LA789,LA,789,is/was/will be out 
LA790,LA,790,turn/turns/turning/turned out 
LA791,LA,791,let/lets/letting out 
LA792,LA,792,dismiss/dismisses/dismissed 
LA792,LA,792,out [sic] 
LA793,LA,793,-
LA794,LA,794,is/was/will be out 
LA795,LA,795,-
LA796,LA,796,turn/turns/turning/turned out 
LA797,LA,797,is/was/will be out 
LA798,LA,798,is/was/will be out 
LA799,LA,799,-
LA800,LA,800,is/was over 
LA801,LA,801,turn/turns/turning/turned out 
LA802,LA,802,-
LA803,LA,803,-
LA804,LA,804,-
LA805,LA,805,is/was/will be out 
LA806,LA,806,let/lets/letting out 
LA807,LA,807,turn/turns/turning/turned out 
LA808,LA,808,is/was/will be out 
LA808,LA,808,let/lets/letting out 
LA809,LA,809,let/lets/letting out 
LA810,LA,810,let/lets/letting out 
LA811,LA,811,let/lets/letting out 
LA812,LA,812,0
LA813,LA,813,let/lets/letting out 
LA814,LA,814,is/was/will be out 
LA815,LA,815,-
LA816,LA,816,is/was/will be out 
LA817,LA,817,close/closes/closed 
TX818,TX,818,-
TX819,TX,819,is/was/will be out 
TX819,TX,819,turn/turns/turning/turned out 
TX820,TX,820,get/gets/got/getting out 
TX820,TX,820,let/lets/letting out 
TX820,TX,820,turn/turns/turning/turned out 
TX821,TX,821,is/was/will be out 
TX822,TX,822,close/closes/closed 
TX823,TX,823,is/was/will be out 
TX824,TX,824,let/lets/letting out 
TX825,TX,825,is/was/will be out 
TX825,TX,825,turn/turns/turning/turned out 
TX826,TX,826,is/was/will be out 
TX826,TX,826,turn/turns/turning/turned out 
TX827,TX,827,is/was/will be out 
TX828,TX,828,is/was/will be out 
TX829,TX,829,close/closes/closed 
TX829,TX,829,is/was/will be out 
TX830,TX,830,is/was/will be out 
TX831,TX,831,let/lets/letting out 
TX832,TX,832,-
TX833,TX,833,is/was over 
TX834,TX,834,dismiss/dismisses/dismissed 
TX834,TX,834,is/was/will be out 
TX835,TX,835,is/was/will be out 
TX836,TX,836,turn/turns/turning/turned out 
TX837,TX,837,-
TX838,TX,838,is/was/will be out 
TX839,TX,839,close/closes/closed 
TX840,TX,840,out [sic] 
TX841,TX,841,-
TX842,TX,842,is/was/will be out 
TX843,TX,843,turn/turns/turning/turned out 
TX844,TX,844,close/closes/closed 
TX844,TX,844,let/lets/letting out 
TX845,TX,845,-
TX846,TX,846,is/was/will be out 
TX847,TX,847,-
TX848,TX,848,let/lets/letting out 
TX849,TX,849,-
TX850,TX,850,-
TX851,TX,851,-
TX852,TX,852,is/was/will be out 
TX853,TX,853,is/was/will be out 
TX854,TX,854,is/was/will be out 
TX855,TX,855,turn/turned them/us/you out 
TX855,TX,855,turn/turns/turning/turned out 
TX856,TX,856,-
TX857,TX,857,close/closes/closed 
TX857,TX,857,is/was/will be out 
TX857,TX,857,turned the school out 
TX858,TX,858,-
TX859,TX,859,let/lets/letting out 
TX860,TX,860,is/was/will be out 
TX861,TX,861,dismiss/dismisses/dismissed 
TX862,TX,862,let/lets/letting out 
TX863,TX,863,let/lets/letting out 
TX864,TX,864,is/was/will be out 
TX865,TX,865,is/was/will be out 
TX866,TX,866,dismiss/dismisses/dismissed 
TX867,TX,867,is/was/will be out 
TX868,TX,868,is/was/will be out 
TX868,TX,868,turn/turns/turning/turned out 
TX869,TX,869,is/was/will be out 
TX870,TX,870,get/gets/got/getting out 
TX870,TX,870,let/lets/letting out 
TX871,TX,871,-
TX872,TX,872,-
TX873,TX,873,dismiss/dismisses/dismissed 
TX874,TX,874,is/was/will be out 
TX874,TX,874,turn/turns/turning/turned out 
TX875,TX,875,turn/turns/turning/turned out 
TX876,TX,876,is/was over 
TX876,TX,876,out [sic] 
TX877,TX,877,is/was/will be out 
TX878,TX,878,is/was/will be out 
TX879,TX,879,-
TX880,TX,880,-
TX881,TX,881,-
TX882,TX,882,is/was/will be out 
TX882,TX,882,let/lets/letting out 
TX883,TX,883,turn/turns/turning/turned out 
TX884,TX,884,-
TX885,TX,885,let/lets/letting out 
TX886,TX,886,is/was/will be out 
TX887,TX,887,let/lets/letting out 
TX888,TX,888,get/gets/got/getting out 
TX889,TX,889,dismiss/dismisses/dismissed 
TX890,TX,890,is/was/will be out 
TX891,TX,891,get/gets/got/getting out 
TX892,TX,892,-
TX893,TX,893,is/was/will be out 
TX894,TX,894,is/was/will be out 
TX895,TX,895,is/was/will be out 
TX896,TX,896,-
TX897,TX,897,-
TX898,TX,898,-
TX899,TX,899,dismiss/dismisses/dismissed 
TX899,TX,899,is/was/will be out 
TX900,TX,900,is/was/will be out 
TX901,TX,901,is/was/will be out 
TX902,TX,902,let/lets/letting out 
TX903,TX,903,-
TX904,TX,904,is/was/will be out 
TX905,TX,905,is/was/will be out 
TX906,TX,906,is/was/will be out 
TX907,TX,907,-
TX908,TX,908,let/lets/letting out 
TX909,TX,909,-
TX910,TX,910,is/was/will be out 
TX911,TX,911,is/was/will be out 
