Informant,State,Informant number,Response
TN001,TN,001,theeA{d}R=144
TN002,TN,002,theeai{d}[R]=134
TN003,TN,003,theeai{d}R=134
TN004,TN,004,theeai{d}R=134
TN005,TN,005,theeA{d}R=144
TN006,TN,006,theeai{d}R=134
TN007,TN,007,theeA{d}R=144
TN008,TN,008,theeetR=134
TN009,TN,009,theeai{d}R=134
TN010,TN,010,theeai{d}R=134
TN011,TN,011,theeai{d}R=134
TN012,TN,012,theeai{d}R=134
TN013,TN,013,theeaidR=134
TN014,TN,014,-
TN015,TN,015,theeai{d}R=134
TN016,TN,016,theeI{d}{R}=144
TN017,TN,017,theeai{d}[R]=134
TN018,TN,018,theeai{d}R=134
TN019,TN,019,theeai{d}R=134
TN020,TN,020,theeai{d}R=134
TN021,TN,021,theeai{d}R=134
TN022,TN,022,thiA{d}{R}=144
TN023,TN,023,theeai{d}R{z}=134
TN024,TN,024,theeai{d}R=134
TN025,TN,025,-
TN026,TN,026,theeai{d}R=134
TN027,TN,027,theeA{d}R=144
TN028,TN,028,saveA{d}ur=143
TN029,TN,029,theeai{d}R=134
TN030,TN,030,theeai{d}[R]=134
TN031,TN,031,thiA{d}R=144
TN032,TN,032,theeyA{d}R=144
TN033,TN,033,theeA{d}R=144
TN034,TN,034,theeI{d}R=144
TN035,TN,035,theeai{d}R=134
TN036,TN,036,theeai{d}R=134
TN037,TN,037,theeA{d}R=144
TN038,TN,038,theeai{d}R=124
TN039,TN,039,thi(A){d}R=14
TN040,TN,040,theeai{d}R=134
TN041,TN,041,theeA{d}R=144
TN042,TN,042,theeai{d}R=134
TN043,TN,043,theeai{d}R=134
TN044,TN,044,theeo{d}R=134
TN045,TN,045,theeai{d}R=314
TN046,TN,046,theeA{d}R=144
TN047,TN,047,theeai{d}R=134
TN048,TN,048,theeA{t}R=144
TN049,TN,049,theeai{d}R=314
TN050,TN,050,theeai{d}R=314
TN051,TN,051,theeai{d}R=134
TN052,TN,052,-
TN053,TN,053,theeA{d}R=144
TN054,TN,054,-
TN055,TN,055,-
TN056,TN,056,theeai{d}R=134
TN057,TN,057,thiaitR=314
TN058,TN,058,theeA{d}R=144
TN059,TN,059,theeai{d}R=134
TN060,TN,060,theeai{d}R=134
GA061,GA,061,theeai{d}R=134
GA062,GA,062,theeai{d}[R]=314
GA063,GA,063,-
GA064,GA,064,theeai{d}R=134
GA065,GA,065,theeai{d}R=134
GA066,GA,066,theeai{d}[R]=134
GA067,GA,067,theeai{d}{R}=134
GA068,GA,068,-
GA069,GA,069,theeai{d}R=134
GA070,GA,070,theeai{d}R=134
GA071,GA,071,theeai{d}R=134
GA072,GA,072,theeA{d}{R}=144
GA073,GA,073,thee(A){d}[R]=14
GA074,GA,074,-
GA075,GA,075,theeai{d}R=134
GA076,GA,076,theeai{d}{R}=134
GA077,GA,077,theeai{d}u[r]=123
GA078,GA,078,thee(A){d}[R]=14
GA079,GA,079,theeA{d}R=144
GA080,GA,080,-
GA081,GA,081,theeai{d}R=134
GA082,GA,082,-
GA083,GA,083,-
GA084,GA,084,-
GA085,GA,085,theeai{d}[R]=134
GA086,GA,086,theeai{d}R=134
GA087,GA,087,theeai{d}R=134
GA088,GA,088,-
GA089,GA,089,-
GA090,GA,090,theeai{d}[R]=134
GA091,GA,091,theeai{d}R=134
GA092,GA,092,-
GA093,GA,093,tIai{t}[R]=414
GA094,GA,094,theee{t}[R]=134
GA095,GA,095,theeai{t}{R}=134
GA096,GA,096,theeai{d}[R]=134
GA097,GA,097,theeai{d}[R]=134
GA098,GA,098,theeai{d}[R]=134
GA099,GA,099,theeai{d}[R]=134
GA100,GA,100,theeai{d}[R]=314
GA101,GA,101,theeai{d}R=134
GA102,GA,102,theeai{d}{R}=134
GA103,GA,103,thi(A){t}[R]=14
GA104,GA,104,theeA{t}R=144
GA105,GA,105,theeai{d}R=134
GA106,GA,106,theeA{d}R=144
GA107,GA,107,theeai{d}R=134
GA108,GA,108,theeA{d}R=144
GA109,GA,109,theeai{d}[R]=134
GA110,GA,110,theeai{d}[R]=134
GA111,GA,111,theeai{d}[R]=134
GA112,GA,112,theeai{d}R=214
GA113,GA,113,-
GA114,GA,114,-
GA115,GA,115,-
GA116,GA,116,-
GA117,GA,117,theeai{d}[R]=134
GA118,GA,118,theeai{d}[R]=134
GA119,GA,119,theeai{d}[R]=134
GA120,GA,120,thi(A){d}{R}=14
GA121,GA,121,theeai{d}[R]=134
GA122,GA,122,theeai{d}[R]=134
GA123,GA,123,theeA{d}[R]=144
GA124,GA,124,theeai{d}{R}=134
GA125,GA,125,theeai{d}[R]=134
GA125,GA,125,theeA{d}[R]=144
GA126,GA,126,theeai{d}[R]=134
GA127,GA,127,-
GA128,GA,128,-
GA129,GA,129,-
GA130,GA,130,-
GA131,GA,131,-
GA132,GA,132,-
GA133,GA,133,theeai{d}[R]=134
GA134,GA,134,-
GA135,GA,135,theeai{d}{R}=134
GA136,GA,136,theeai{d}[R]=134
GA137,GA,137,thi(A){d}[R]=14
GA138,GA,138,theeai{d}[R]z=124
GA139,GA,139,theeai{d}[R]=134
GA140,GA,140,theeai{d}[R]=134
GA141,GA,141,theeai{d}[R]=134
GA142,GA,142,theeai{d}{R}=134
GA143,GA,143,theeai{d}[R]=134
GA144,GA,144,theeai{d}[R]=134
GA145,GA,145,theeai{d}[R]=134
GA146,GA,146,thiA{d}[R]=144
GA147,GA,147,-
GA148,GA,148,-
GA149,GA,149,theeai{d}[R]=314
GA150,GA,150,theeai{d}[R]=134
GA151,GA,151,theeai{d}R=134
GA152,GA,152,theeai{d}{R}=314
GA153,GA,153,-
GA154,GA,154,-
GA155,GA,155,theeA{d}[R]=144
GA156,GA,156,-
GA157,GA,157,-
GA158,GA,158,-
GA159,GA,159,theeai{d}R=214
GA160,GA,160,-
GA161,GA,161,theeAt[R]=144
GA162,GA,162,thee(A){d}R=14
GA163,GA,163,thi(A){d}[R]=14
GA164,GA,164,theeai{d}R=134
GA165,GA,165,theeai{d}[R]=134
GA166,GA,166,theeai{d}[R]=134
GA167,GA,167,theeai{d}[R]=314
GA168,GA,168,-
GA169,GA,169,-
GA170,GA,170,thiA{d}[R]=144
GA171,GA,171,thi(A){d}[R]=14
GA172,GA,172,thiai{d}[R]z=134
GA173,GA,173,-
GA174,GA,174,-
GA175,GA,175,-
GA176,GA,176,theeai{d}R=134
GA177,GA,177,thee(A){d}[R]=14
GA178,GA,178,-
GA179,GA,179,theee{d}[R]=134
GA180,GA,180,theeai{d}[R]=314
GA181,GA,181,-
GA182,GA,182,-
GA183,GA,183,theeai{d}[R]=314
GA184,GA,184,thee(A){d}R=14
GA185,GA,185,theeA{d}R=144
GA186,GA,186,theeA{t}R=144
GA187,GA,187,-
GA188,GA,188,-
GA189,GA,189,thee{ai}{d}[R]=134
GA190,GA,190,thee(A){t}[R]=14
GA191,GA,191,thee(A){t}R=14
GA192,GA,192,theeai{d}[R]=314
GA193,GA,193,-
GA194,GA,194,theeai{d}{R}=134
GA195,GA,195,theeA{d}[R]=144
GA196,GA,196,-
GA197,GA,197,-
GA198,GA,198,-
GA199,GA,199,-
GA200,GA,200,-
GA201,GA,201,theeai{d}[R]=134
GA202,GA,202,theeA{d}[R]=144
GA203,GA,203,theeai{d}R=134
GA204,GA,204,-
GA205,GA,205,theeai{d}R=134
GA206,GA,206,theeai{d}{R}=134
GA207,GA,207,-
GA208,GA,208,theeai{d}R=134
GA209,GA,209,-
GA210,GA,210,theeai{d}[R]=134
GA211,GA,211,theeai{d}[R]=134
GA212,GA,212,theeai{d}{R}=134
GA213,GA,213,theeai{d}[R]=134
GA214,GA,214,theeA{t}[R]=144
GA215,GA,215,-
GA216,GA,216,theeait[R]=134
GA217,GA,217,theeA{d}ur=143
GA218,GA,218,-
GA219,GA,219,theeai{d}[R]=134
GA220,GA,220,thiai{t}R=314
GA221,GA,221,thiai{d}[R]=134
GA222,GA,222,feeai{d}{R}=134
GA223,GA,223,thie{d}[R]=134
GA224,GA,224,theeId[R]=144
GA225,GA,225,-
FL226,FL,226,theeai{d}[R]=134
FL227,FL,227,theeai{d}R=214
FL228,FL,228,theeI{d}[R]=144
FL229,FL,229,theeA{d}[R]=144
FL230,FL,230,theeai{d}R=134
FL231,FL,231,theeai{d}{R}=134
FL232,FL,232,theeA{d}R=144
FL233,FL,233,thiA{d}{R}=144
FL234,FL,234,theeai{d}[R]=214
FL235,FL,235,theeai{d}R=314
FL236,FL,236,theeai{d}R=134
FL237,FL,237,theeai{d}{R}=134
FL238,FL,238,theeai{d}R=134
FL239,FL,239,thee(A){d}{R}=14
FL240,FL,240,thi(A){d}R=14
FL241,FL,241,-
FL242,FL,242,theeai{d}R=134
FL243,FL,243,theeai{d}R=134
FL244,FL,244,-
FL245,FL,245,thi(A){d}[R]=14
FL246,FL,246,theee{t}[R]=134
FL247,FL,247,theeI{d}R=144
FL248,FL,248,theee{d}R=314
FL249,FL,249,thIai{t}R=414
FL250,FL,250,-
FL251,FL,251,-
FL252,FL,252,-
FL253,FL,253,theeai{d}R=134
FL254,FL,254,theee{d}R=134
FL255,FL,255,thi(A){d}R=14
FL256,FL,256,theeai{d}{R}=134
FL257,FL,257,theeai{d}R=134
FL258,FL,258,theeai{d}R=134
FL259,FL,259,thiI{d}[R]=144
FL260,FL,260,-
FL261,FL,261,thi(A){d}R=14
FL262,FL,262,-
FL263,FL,263,theeA{d}[R]=144
FL264,FL,264,theeai{d}R=134
FL265,FL,265,theeai{d}[R]=134
FL266,FL,266,thee(A){d}R=14
FL267,FL,267,-
FL268,FL,268,-
FL269,FL,269,theeai{t}[R]=134
FL270,FL,270,theeai{t}[R]=214
FL271,FL,271,theeai{d}R=314
FL272,FL,272,theee{d}R=134
FL273,FL,273,theeai{d}R=134
FL274,FL,274,thiA{d}R=144
FL275,FL,275,theeai{d}R=134
FL276,FL,276,-
FL277,FL,277,thi(A){d}[R]=14
FL278,FL,278,theeA{t}R=144
FL279,FL,279,thee(A){d}R=14
FL280,FL,280,theeai{d}[R]=314
FL281,FL,281,theeait[R]=134
FL282,FL,282,theeai{d}{R}=134
FL283,FL,283,thee{ai}{t}{R}=314
FL284,FL,284,theeA{d}R=144
FL285,FL,285,thiI{d}R=144
FL286,FL,286,thi(A){d}[R]=14
FL287,FL,287,theeai{d}Rz=134
FL288,FL,288,thi(A){d}[R]=14
FL289,FL,289,theeai{d}R=134
FL289,FL,289,theeA{t}[R]=144
TN290,TN,290,theeai{d}R=134
TN291,TN,291,thee(A){t}R=14
TN292,TN,292,theeai{d}[R]z=134
TN293,TN,293,theeai{d}{R}=134
TN294,TN,294,theeai{d}R=134
TN295,TN,295,theeai{d}[R]=134
TN296,TN,296,theeai{d}R=134
TN297,TN,297,thee(A){d}R=14
TN298,TN,298,-
TN299,TN,299,theeai{d}{R}=134
TN300,TN,300,thi(A){d}R=14
TN301,TN,301,thiai{d}{R}=134
TN302,TN,302,theeai{d}R=134
TN303,TN,303,theeai{d}[R]=134
TN304,TN,304,theeai{d}{R}=134
TN305,TN,305,-
TN306,TN,306,theeai{d}R=134
TN307,TN,307,theeai{d}R=134
TN308,TN,308,theeai{d}R=134
TN309,TN,309,theeI{t}R=144
TN309,TN,309,theeai{t}R=314
TN310,TN,310,theeai{d}R=134
TN311,TN,311,thiai{d}[R]=314
TN312,TN,312,thi(A){d}[R]=14
TN313,TN,313,theeA{d}R=144
TN314,TN,314,theeai{t}R=134
TN314,TN,314,thi(A){d}R=14
TN315,TN,315,theeI{d}{R}=144
TN316,TN,316,-
TN317,TN,317,theeai{t}{R}=134
TN318,TN,318,-
TN319,TN,319,-
TN320,TN,320,theeai{d}R=134
TN321,TN,321,theeai{d}{R}=134
TN322,TN,322,thiA{d}R=144
TN323,TN,323,theeai{d}R=134
TN324,TN,324,theeA{d}Rz=144
TN325,TN,325,theeai{d}[R]=134
TN326,TN,326,theeai{d}R=314
TN327,TN,327,theeai{d}R=134
TN328,TN,328,theeai{d}R=134
TN328,TN,328,thee(A){t}[R]=14
TN329,TN,329,thi(A){t}R=14
TN330,TN,330,theeai{d}[R]=134
TN331,TN,331,theeI{d}[R]=144
TN332,TN,332,theeai{t}[R]=134
TN333,TN,333,theeai{d}R=134
TN334,TN,334,theeai{d}R=134
TN335,TN,335,thi(A){d}R=14
TN336,TN,336,theeai{d}R=214
AL337,AL,337,-
AL338,AL,338,theeai{d}R=134
AL338,AL,338,theeA{t}R=144
AL339,AL,339,theeai{d}R=134
AL340,AL,340,-
AL341,AL,341,theeai{d}[R]=134
AL342,AL,342,-
AL343,AL,343,thee(A){d}[R]=14
AL343,AL,343,thi(A){d}[R]=14
AL344,AL,344,-
AL345,AL,345,theeai{d}[R]=134
AL346,AL,346,theeai{d}[R]=134
AL347,AL,347,theee{d}[R]=134
AL348,AL,348,thiA{d}R=144
AL349,AL,349,thee(A){d}{R}=14
AL350,AL,350,theeai{t}R=214
AL351,AL,351,theeai{d}R=134
AL352,AL,352,theeai{d}R=134
AL353,AL,353,theeai{d}R=134
AL354,AL,354,theeai{d}[R]=134
AL355,AL,355,theeA{t}[R]=144
AL356,AL,356,theeai{d}R=134
AL357,AL,357,thiA{d}[R]=144
AL358,AL,358,thi(A){d}R=14
AL358,AL,358,thi(A){d}[R]=14
AL359,AL,359,theeai{d}R=134
AL360,AL,360,theeai{d}R=134
AL361,AL,361,thee(A){d}R=14
AL362,AL,362,theeai{d}{R}=134
AL363,AL,363,theeai{t}{R}=134
AL364,AL,364,theeai{d}[R]=134
AL365,AL,365,-
AL366,AL,366,thi(A){d}[R]=14
AL367,AL,367,theeai{d}R=134
AL368,AL,368,thi(A){d}R=14
AL369,AL,369,-
AL370,AL,370,theeA{d}{R}=144
AL371,AL,371,theee{d}R=134
AL372,AL,372,theeA{d}R=144
AL373,AL,373,thIai{t}[R]=414
AL374,AL,374,theeai{d}R=134
AL375,AL,375,theeai{d}R=134
AL376,AL,376,-
AL377,AL,377,theeai{d}[R]=134
AL378,AL,378,theeai{d}R=134
AL379,AL,379,thi(A){d}[R]=14
AL380,AL,380,theeai{d}[R]=134
AL381,AL,381,thiai{d}R=134
AL382,AL,382,thee(A){d}[R]=14
AL383,AL,383,theeA{t}R=144
AL384,AL,384,theeA{d}[R]=144
AL385,AL,385,theeai{d}R=134
AL386,AL,386,theeA{t}[R]=144
AL387,AL,387,theeai{d}R=134
AL388,AL,388,theeai{d}R=134
AL389,AL,389,theeai{d}R=134
AL390,AL,390,theeai{d}[R]=134
AL391,AL,391,thee(A){d}Rz=14
AL392,AL,392,theeai{d}[R]=134
AL393,AL,393,thee{ai}{t}[R]=314
AL394,AL,394,theeai{d}{R}=314
AL395,AL,395,theeu{d}[R]=134
AL396,AL,396,-
AL397,AL,397,thi{ai}{d}R=134
AL398,AL,398,theeai{d}[R]=134
AL399,AL,399,theeai{d}[R]=134
AL400,AL,400,theeai{d}[R]=134
AL401,AL,401,-
AL402,AL,402,theeai{d}[R]=134
AL403,AL,403,theeai{d}[R]=134
AL404,AL,404,thie{d}[R]=134
AL405,AL,405,theeai{d}R=134
AL406,AL,406,-
AL407,AL,407,theeai{d}[R]=134
AL408,AL,408,theeai{d}R=134
AL409,AL,409,theeai{d}R=134
AL410,AL,410,-
AL411,AL,411,theeai{d}[R]=134
AL412,AL,412,-
AL413,AL,413,-
AL414,AL,414,thIai{t}R=414
AL415,AL,415,theeai{d}{R}=134
AL416,AL,416,theeai{d}[R]=134
AL417,AL,417,-
AL418,AL,418,theeA{d}{R}=144
AL419,AL,419,theeai{t}{R}=134
AL420,AL,420,-
AL421,AL,421,theeAt[R]=144
AL422,AL,422,-
AL423,AL,423,theeai{d}R=314
AL424,AL,424,theeait[R]=134
AL425,AL,425,-
AL426,AL,426,theeai{d}R=134
AL427,AL,427,theeai{d}R=134
AL428,AL,428,theeai{d}[R]=214
AL429,AL,429,-
AL430,AL,430,theeai{d}[R]=134
AL431,AL,431,theeai{d}{R}=134
AL432,AL,432,theeai{d}[R]=134
AL433,AL,433,theeai{d}[R]=314
AL434,AL,434,theeai{d}[R]=134
AL435,AL,435,theeai{d}[R]=134
AL436,AL,436,theeai{d}{R}=134
AL437,AL,437,theeA{d}R=144
AL438,AL,438,-
AL439,AL,439,theeai{d}[R]=134
AL440,AL,440,theeai{d}{R}=134
AL441,AL,441,theeai{d}{R}=134
AL442,AL,442,theeai{t}[R]=134
AL443,AL,443,theeai{d}R=134
AL444,AL,444,-
AL445,AL,445,theeai{d}[R]=134
AL446,AL,446,theeA{t}[R]=144
AL447,AL,447,theeai{d}[R]=134
AL448,AL,448,thiai{d}{R}=134
AL449,AL,449,thiait[R]=134
AL450,AL,450,theeai{d}[R]=314
AL451,AL,451,theeai{d}R=134
FL452,FL,452,theeA{d}R=144
FL453,FL,453,-
FL454,FL,454,theeai{d}[R]=134
FL455,FL,455,theeai{d}R=134
FL456,FL,456,thi(A){d}[R]=14
FL457,FL,457,theeA{d}{R}=144
FL458,FL,458,theeai{d}[R]=134
FL459,FL,459,-
FL460,FL,460,thee(A){d}{R}=14
FL461,FL,461,theeA{d}ur=143
FL462,FL,462,theeai{t}R=134
FL462,FL,462,theeai{d}{R}=134
FL462,FL,462,theeai{t}R=314
FL463,FL,463,theeai{t}{R}=314
FL464,FL,464,theeai{d}[R]=134
FL465,FL,465,theeai{d}[R]=134
FL466,FL,466,thee(A){d}R=14
FL467,FL,467,theeai{d}R=134
FL468,FL,468,thai(A){d}[R]=14
FL469,FL,469,theeai{d}[R]=134
FL470,FL,470,theeai{d}{R}=314
FL471,FL,471,thiI{d}[R]=144
AL472,AL,472,theeai{d}[R]=314
AL473,AL,473,-
AL474,AL,474,theeai{d}{R}=134
AL475,AL,475,theeai{d}{R}=134
AL476,AL,476,theeA{d}[R]=144
AL477,AL,477,theeai{d}[R]=134
AL478,AL,478,theeai{d}[R]=134
AL478,AL,478,thiai{d}[R]=314
AL479,AL,479,theeai{d}[R]=314
AL480,AL,480,theeai{d}{R}=134
AL481,AL,481,thi(A){d}[R]=14
AL482,AL,482,theeai{d}[R]=134
AL483,AL,483,-
AL484,AL,484,thi(A){d}R=14
AL485,AL,485,thi(A){d}R=14
TN486,TN,486,-
TN487,TN,487,theeai{d}{R}=134
TN488,TN,488,-
TN489,TN,489,theeai{d}{R}=134
TN490,TN,490,theee{d}R=134
TN491,TN,491,-
TN492,TN,492,theeai{t}R=314
TN493,TN,493,-
TN494,TN,494,-
TN495,TN,495,theeai{d}R=134
TN496,TN,496,theeA{d}R=144
TN497,TN,497,-
TN498,TN,498,theeai{d}[R]=134
TN499,TN,499,thiyai{d}{R}=314
TN500,TN,500,-
TN501,TN,501,theeai{d}R=134
TN502,TN,502,theeai{d}R=134
TN503,TN,503,-
TN504,TN,504,thi(A){d}R=14
TN505,TN,505,theeai{d}[R]=134
TN506,TN,506,theeai{d}R=134
TN507,TN,507,-
TN508,TN,508,theeA{d}[R]=144
TN509,TN,509,-
TN510,TN,510,-
TN511,TN,511,thiA{d}[R]=144
TN512,TN,512,-
TN513,TN,513,theeA{t}[R]=144
TN514,TN,514,thee(A){t}R=14
TN515,TN,515,thi(A)t[R]=14
TN516,TN,516,theeai{d}R=134
TN517,TN,517,thiai{d}R=134
TN518,TN,518,thiA{d}R=144
TN519,TN,519,theeyai{d}{R}=134
MS520,MS,520,-
MS521,MS,521,theeA{t}[R]=144
MS522,MS,522,theeai{d}R=134
MS523,MS,523,-
MS524,MS,524,theeai{d}R=134
MS525,MS,525,-
MS526,MS,526,-
MS527,MS,527,theee{t}{R}=134
MS528,MS,528,-
MS529,MS,529,-
MS530,MS,530,theeai{d}[R]=134
MS531,MS,531,-
MS532,MS,532,theeai{d}[R]=134
MS533,MS,533,theeai{d}R=134
MS534,MS,534,theeai{d}{R}=134
MS535,MS,535,theeai{d}R=134
MS536,MS,536,-
MS537,MS,537,theeyai{d}[R]=134
MS538,MS,538,theeai{d}[R]=134
MS539,MS,539,theeai{d}[R]=134
MS540,MS,540,-
MS541,MS,541,theeai{d}{R}=134
MS542,MS,542,-
MS543,MS,543,theeai{d}[R]z=314
MS544,MS,544,-
MS545,MS,545,thuai{d}[R]=314
MS546,MS,546,-
MS547,MS,547,thiA{d}[R]=144
MS548,MS,548,theeai{d}[R]=134
MS549,MS,549,thiA{d}{R}=144
MS550,MS,550,-
MS551,MS,551,-
MS552,MS,552,-
MS553,MS,553,-
MS554,MS,554,theeai{d}[R]=134
MS555,MS,555,-
MS556,MS,556,theeai{d}[R]=134
MS557,MS,557,theeai{d}[R]=134
MS558,MS,558,theeai{d}[R]=314
MS559,MS,559,-
MS560,MS,560,theeai{d}[R]=134
MS561,MS,561,-
MS562,MS,562,theeai{d}R=134
MS563,MS,563,theeA{t}[R]=144
MS564,MS,564,-
MS565,MS,565,theeai{t}[R]=314
MS566,MS,566,theeai{d}[R]=134
MS567,MS,567,-
MS568,MS,568,-
MS569,MS,569,theeI{d}[R]=144
MS570,MS,570,-
MS571,MS,571,theeai{d}[R]=124
MS572,MS,572,theeai{d}[R]=134
MS573,MS,573,theeai{d}[R]=134
MS574,MS,574,thiI{d}[R]=144
MS575,MS,575,theeai{d}R=134
MS576,MS,576,theeai{d}[R]=134
MS577,MS,577,theeai{d}[R]=134
MS578,MS,578,theeai{d}[R]=134
MS579,MS,579,thiA{d}[R]=144
MS580,MS,580,thiai{d}[R]=314
MS581,MS,581,theeu{d}[R]=134
MS582,MS,582,theeai{d}[R]=134
MS583,MS,583,theeyai{d}{R}=134
MS584,MS,584,theeai{d}R=134
MS585,MS,585,theeai{d}[R]=314
MS586,MS,586,-
MS587,MS,587,theeai{d}[R]=134
MS588,MS,588,-
MS589,MS,589,thiai{d}[R]=134
MS590,MS,590,theeai{d}[R]=134
MS591,MS,591,thi(A){d}R=14
MS592,MS,592,thiA{d}R=144
MS593,MS,593,theeai{d}[R]=314
MS594,MS,594,theeai{d}[R]z=314
MS595,MS,595,theeai{d}R=134
MS596,MS,596,theeai{d}[R]=134
MS597,MS,597,theeai{d}[R]=134
MS598,MS,598,theee{d}[R]=134
MS599,MS,599,thiA{t}R=144
MS600,MS,600,thee(A){t}R=14
MS601,MS,601,thi{ai}{d}{R}=134
MS602,MS,602,theeai{d}[R]=134
MS603,MS,603,-
MS604,MS,604,-
MS605,MS,605,theeai{d}R=134
MS606,MS,606,-
MS607,MS,607,-
MS608,MS,608,theeai{d}R=134
MS609,MS,609,theeai{d}[R]=134
MS610,MS,610,thee(A){d}[R]=14
MS611,MS,611,theeI{t}[R]=144
MS612,MS,612,theeai{d}[R]=134
MS613,MS,613,theeai{t}[R]=134
MS614,MS,614,-
MS615,MS,615,thiA{d}[R]=144
MS616,MS,616,theeai{d}R=134
MS617,MS,617,thIaid[R]=414
MS617,MS,617,thIai{t}[R]=414
MS618,MS,618,-
MS619,MS,619,-
MS620,MS,620,theeA(tR)=14
MS621,MS,621,theeai{t}R=314
MS622,MS,622,theeai{d}{R}=314
MS623,MS,623,theeai{d}[R]=134
MS624,MS,624,theeai{d}R=134
MS625,MS,625,thIai{d}{R}=414
MS626,MS,626,-
MS627,MS,627,-
MS628,MS,628,theeai{d}R=134
MS629,MS,629,theeai{d}R=134
LA630,LA,630,teeai{d}R=134
LA631,LA,631,-
LA632,LA,632,theeai{d}R=134
LA633,LA,633,theeai{d}R=134
LA634,LA,634,theeai{d}R=134
LA635,LA,635,theeai{d}R=134
LA636,LA,636,theeai{d}R=134
LA637,LA,637,-
LA638,LA,638,theeai{d}[R]=134
LA639,LA,639,theeai{d}{R}=314
LA640,LA,640,theeai{d}[R]=134
LA641,LA,641,thI{ai}{t}[R]=414
LA642,LA,642,-
LA643,LA,643,thi(A){d}R=14
LA644,LA,644,-
LA645,LA,645,theeai{d}{R}=314
LA646,LA,646,theeai{d}R=134
LA647,LA,647,-
LA648,LA,648,theeai{d}R=314
LA649,LA,649,thiai{d}R=134
LA650,LA,650,theeai{d}[R]=314
LA651,LA,651,theeai{d}[R]=314
LA652,LA,652,theeai{d}[R]=134
LA653,LA,653,thiI{d}{R}=144
LA654,LA,654,thee(A){d}[R]z=14
LA654,LA,654,theee{d}[R]=314
LA655,LA,655,thiA{d}R=144
LA655,LA,655,thiA{d}{R}=144
LA656,LA,656,thi(A){d}R=14
LA657,LA,657,thi(A){d}R=14
LA657X,LA,657X,thiA{d}[R]=144
LA657Y,LA,657Y,theeA{d}[R]=144
LA657Z,LA,657Z,theeai{t}[R]=134
LA657Z,LA,657Z,theeA{d}[R]=144
LA658,LA,658,-
LA659,LA,659,-
LA660,LA,660,-
LA661,LA,661,thIa{t}[R]=414
LA662,LA,662,theeai{d}[R]=314
LA663,LA,663,-
LA664,LA,664,teeai{d}[R]=134
LA665,LA,665,theeai{d}[R]=134
LA666,LA,666,theeai{d}[R]=314
LA667,LA,667,teeai{d}[R]=134
LA668,LA,668,theeai{d}R=134
LA669,LA,669,theeai{d}R=134
LA670,LA,670,thiI{d}{R}=144
LA671,LA,671,theeai{d}{R}=314
LA672,LA,672,theeai{d}R=134
LA673,LA,673,thi(A){d}[R]=14
AR674,AR,674,theeai{d}R=134
AR675,AR,675,theeai{d}ur=213
AR676,AR,676,-
AR677,AR,677,theeai{d}R=134
AR678,AR,678,theeai{d}R=314
AR678,AR,678,theeA{d}R=144
AR679,AR,679,theeI{t}R=144
AR680,AR,680,theeai{d}R=134
AR681,AR,681,theee{d}{R}=314
AR682,AR,682,theeai{d}R=134
AR682,AR,682,thiai{d}R=134
AR683,AR,683,theeai{d}R=134
AR684,AR,684,theeA{d}R=144
AR685,AR,685,-
AR686,AR,686,theeai{d}{R}=134
AR687,AR,687,theeai{d}R=134
AR688,AR,688,theee{d}R=134
AR689,AR,689,thiA{d}{R}=144
AR690,AR,690,thIai{d}[R]=414
AR691,AR,691,theeai{d}R=134
AR692,AR,692,theey{ai}{d}[R]=134
AR693,AR,693,theeA{d}R=144
AR694,AR,694,theeai{d}R=134
AR695,AR,695,theeai{d}[R]=134
AR696,AR,696,theee{d}R=314
AR697,AR,697,theeai{d}[R]=314
AR698,AR,698,-
AR699,AR,699,-
AR700,AR,700,-
AR701,AR,701,theeai{d}[R]=134
AR702,AR,702,-
AR703,AR,703,theeai{d}R=134
AR704,AR,704,thiai{d}R=314
AR705,AR,705,theeai{d}[R]=134
AR706,AR,706,-
AR707,AR,707,thiA{d}{R}=144
AR708,AR,708,theeai{d}R=134
AR709,AR,709,theeai{d}R=134
AR710,AR,710,-
AR711,AR,711,thee(A){d}R=14
AR712,AR,712,thee{ai}{d}R=134
AR713,AR,713,thee{ai}{d}{R}=134
AR714,AR,714,theeai{d}[R]=134
AR715,AR,715,theeai{d}R=134
AR716,AR,716,theeai{d}{R}=134
AR717,AR,717,theeai{d}{R}=134
AR718,AR,718,theeait{R}=134
AR719,AR,719,theeI{d}R=144
AR720,AR,720,theeai{t}R=134
AR721,AR,721,theai{d}R=134
AR722,AR,722,theeai{d}R=134
AR723,AR,723,theeai{d}R=134
AR724,AR,724,theeai{d}R=134
AR725,AR,725,theeai{d}R=134
AR726,AR,726,theeai{t}R=134
AR727,AR,727,theeai{d}R=134
AR728,AR,728,theeyait{R}=134
AR729,AR,729,theeai{d}R=134
AR730,AR,730,theeai{d}R=134
AR731,AR,731,thi(A){d}[R]=14
AR732,AR,732,theeai{d}R=134
AR733,AR,733,-
AR734,AR,734,-
AR735,AR,735,thIai{t}R=414
AR736,AR,736,theeai{d}R=134
AR737,AR,737,theeai{d}R=134
AR738,AR,738,theeai{d}R=134
AR739,AR,739,-
AR740,AR,740,theeai{d}R=134
AR741,AR,741,thiA{d}R=144
AR742,AR,742,-
AR743,AR,743,thee{ai}{d}[R]=134
AR744,AR,744,-
AR745,AR,745,-
AR746,AR,746,-
AR747,AR,747,theeai{d}R=134
AR748,AR,748,theeai{d}R=134
AR749,AR,749,theA{d}R=144
AR750,AR,750,-
AR751,AR,751,-
AR752,AR,752,theeA{d}R=144
AR753,AR,753,thi(A){d}R=14
AR754,AR,754,theeai{d}{R}=214
AR755,AR,755,theeai{d}R=134
LA756,LA,756,teeai{d}[R]=314
LA757,LA,757,theeai{d}[R]=134
LA758,LA,758,theeai{d}[R]=134
LA759,LA,759,-
LA760,LA,760,-
LA761,LA,761,theeai{d}[R]=314
LA762,LA,762,-
LA763,LA,763,-
LA764,LA,764,theeai{d}{R}{z}=134
LA765,LA,765,theeai{d}R=134
LA766,LA,766,theeyai{d}[R]=134
LA767,LA,767,theeai{d}R=134
LA768,LA,768,theeA{d}R=144
LA769,LA,769,theeai{t}R=134
LA770,LA,770,theeai{d}{R}=314
LA771,LA,771,theeai{d}[R]=134
LA772,LA,772,theeai{d}[R]=124
LA773,LA,773,theeai{d}[R]=134
LA774,LA,774,-
LA775,LA,775,theeyai{d}[R]=134
LA776,LA,776,thIai{t}R=414
LA777,LA,777,theeai{d}[R]=134
LA778,LA,778,thiai{d}R=134
LA779,LA,779,theeA{d}R=144
LA780,LA,780,theeai{d}R=134
LA781,LA,781,theeai{d}[R]=134
LA782,LA,782,theeai{d}[R]=134
LA783,LA,783,-
LA784,LA,784,-
LA785,LA,785,theeai{t}R=314
LA786,LA,786,theeai{d}R=134
LA787,LA,787,theeai{d}R=134
LA788,LA,788,theeai{d}R=134
LA789,LA,789,theeai{d}[R]=134
LA790,LA,790,theeai{d}R=134
LA791,LA,791,theeai{d}R=134
LA792,LA,792,theeai{d}R=134
LA793,LA,793,-
LA794,LA,794,-
LA795,LA,795,-
LA796,LA,796,theeai{d}R=314
LA797,LA,797,-
LA798,LA,798,thee(A){d}{R}=14
LA799,LA,799,-
LA800,LA,800,theeai{d}R{z}=134
LA801,LA,801,theeai{d}R=134
LA802,LA,802,theeai{d}{R}=314
LA803,LA,803,-
LA804,LA,804,-
LA805,LA,805,-
LA806,LA,806,teeai{d}{R}=314
LA807,LA,807,thI{ai}{t}R=414
LA808,LA,808,thi(A){d}[R]=14
LA809,LA,809,teeai{d}[R]=134
LA810,LA,810,teeai{d}[R]=314
LA811,LA,811,teeai{d}[R]=134
LA812,LA,812,-
LA813,LA,813,theeai{d}R=314
LA814,LA,814,theeai{d}R=134
LA815,LA,815,-
LA816,LA,816,theeai{d}R=134
LA817,LA,817,theeai{d}R=134
TX818,TX,818,-
TX819,TX,819,theeai{d}R=134
TX820,TX,820,thee{ai}{t}R=134
TX821,TX,821,theeA{d}[R]=144
TX822,TX,822,theeai{d}R=134
TX823,TX,823,thee{ai}{d}{R}=134
TX824,TX,824,thee{ai}{t}R=214
TX825,TX,825,thIyai{d}{R}=414
TX826,TX,826,thiI{d}R=144
TX827,TX,827,thee{ai}{d}R=134
TX828,TX,828,thee(A){d}[R]=14
TX829,TX,829,theeai{d}{R}=134
TX830,TX,830,thI{ai}{t}R=414
TX831,TX,831,thiai{d}R=134
TX832,TX,832,-
TX833,TX,833,thIyait{R}=414
TX834,TX,834,thi(A){d}R=14
TX835,TX,835,thee{ai}{d}[R]=134
TX836,TX,836,theeai{d}{R}=134
TX837,TX,837,-
TX838,TX,838,theeai{d}R=134
TX839,TX,839,theeA{d}R=144
TX840,TX,840,-
TX841,TX,841,-
TX842,TX,842,theeai{d}R=134
TX843,TX,843,theeai{d}R=134
TX844,TX,844,theeI{t}{R}=144
TX844,TX,844,thee(A){t}R=14
TX845,TX,845,-
TX846,TX,846,thi(A){d}{R}=14
TX847,TX,847,theeai{d}[R]z=314
TX848,TX,848,thiA{d}R=144
TX849,TX,849,theeA{d}[R]=144
TX850,TX,850,theeai{d}R=134
TX850,TX,850,thi(A){d}R=14
TX851,TX,851,-
TX852,TX,852,theeai{d}R=134
TX853,TX,853,theeai{d}R=134
TX854,TX,854,theeai{d}R=134
TX855,TX,855,theeA{d}R=144
TX855,TX,855,theeai{d}R=314
TX856,TX,856,-
TX857,TX,857,thi(A){d}[R]=14
TX858,TX,858,theeA{d}[R]=144
TX859,TX,859,theeai{d}R=314
TX859,TX,859,thi(A){d}R=14
TX860,TX,860,theeai{d}{R}=134
TX860,TX,860,thi(A){d}[R]=14
TX861,TX,861,theeai{d}R=134
TX861,TX,861,theeai{d}R=214
TX862,TX,862,theeai{d}{R}=134
TX863,TX,863,theeA{d}R=144
TX864,TX,864,theeai{d}{R}=314
TX865,TX,865,theeai{d}{R}=314
TX866,TX,866,theeai{d}[R]=134
TX867,TX,867,thi(A)t[R]=14
TX867,TX,867,thIait{R}=414
TX868,TX,868,theeai{d}[R]=314
TX869,TX,869,theeai{d}R=134
TX870,TX,870,thi(A){d}R=14
TX871,TX,871,-
TX872,TX,872,-
TX873,TX,873,thiai{d}R=134
TX874,TX,874,theeai{d}[R]=134
TX875,TX,875,theeai{d}[R]=134
TX876,TX,876,thee(A){d}R=14
TX877,TX,877,theeA{d}R=144
TX878,TX,878,thee(A){d}R=14
TX879,TX,879,-
TX880,TX,880,theeai{d}[R]=314
TX881,TX,881,-
TX882,TX,882,theeai{d}[R]=134
TX883,TX,883,theeA{d}R=144
TX884,TX,884,-
TX885,TX,885,theeai{d}R=134
TX886,TX,886,theeai{d}R=134
TX887,TX,887,thi(A){d}R=14
TX888,TX,888,thee(A){t}[R]=14
TX889,TX,889,thi(A){d}{R}=14
TX890,TX,890,theeai{d}[R]=134
TX891,TX,891,theeA{d}R=144
TX892,TX,892,-
TX893,TX,893,theeai{d}R=134
TX894,TX,894,theeai{d}R=314
TX895,TX,895,theeai{d}R=134
TX896,TX,896,-
TX897,TX,897,teeA{d}R=144
TX898,TX,898,theeA{t}R=144
TX899,TX,899,theeai{d}R=314
TX900,TX,900,thIai{d}{R}=414
TX901,TX,901,theeai{d}R=134
TX902,TX,902,thiA{d}R=144
TX903,TX,903,-
TX904,TX,904,theeai{d}{R}=314
TX904,TX,904,theeai{t}{R}=134
TX905,TX,905,thiA{d}R=144
TX906,TX,906,theeA{d}R=144
TX907,TX,907,-
TX908,TX,908,theeai{d}{R}=134
TX909,TX,909,-
TX910,TX,910,thi(A){d}{R}=14
TX911,TX,911,theeai{d}R=314
