Informant,State,Informant number,Response
TN001,TN,001,narrow cut 
TN002,TN,002,antigodlin 
TN002,TN,002,cater-corner(ed) 
TN002,TN,002,near cut 
TN003,TN,003,near cut 
TN004,TN,004,cater-corner(ed) 
TN004,TN,004,crossway(s) 
TN004,TN,004,diagonal(ly) (across) 
TN004,TN,004,shortcut 
TN005,TN,005,cater-corner(ed) 
TN005,TN,005,cut (a)cross 
TN005,TN,005,took a path 
TN006,TN,006,near(er) way 
TN006,TN,006,shortcut 
TN006,TN,006,straight across 
TN007,TN,007,cater-corner(ed) 
TN007,TN,007,straight cut 
TN008,TN,008,jaywalk 
TN009,TN,009,angled 
TN009,TN,009,shortcut 
TN010,TN,010,catawampus(ed) 
TN010,TN,010,straight cut 
TN011,TN,011,catawampus(ed) 
TN011,TN,011,shortcut 
TN012,TN,012,antigodlin 
TN013,TN,013,near cut 
TN014,TN,014,shortcut 
TN015,TN,015,antigodlin 
TN015,TN,015,cater-corner(ed) 
TN015,TN,015,haphazard 
TN015,TN,015,near cut 
TN016,TN,016,crossway(s) 
TN016,TN,016,diagonal(ly) (across) 
TN017,TN,017,catawampus(ed) 
TN017,TN,017,shortcut 
TN018,TN,018,antigodlin 
TN018,TN,018,crossway(s) 
TN019,TN,019,angling (across) 
TN019,TN,019,catawampus(ed) 
TN020,TN,020,antigodlin 
TN020,TN,020,catawampus(ed) 
TN020,TN,020,sigodlin 
TN020,TN,020,snaggler diagonal 
TN021,TN,021,nigh cut 
TN022,TN,022,cater-corner(ed) 
TN022,TN,022,jaywalk 
TN023,TN,023,near cut 
TN023,TN,023,straight across 
TN024,TN,024,cater-corner(ed) 
TN024,TN,024,diagonal(ly) (across) 
TN025,TN,025,catawampus(ed) 
TN025,TN,025,near cut 
TN026,TN,026,angled 
TN026,TN,026,catawampus(ed) 
TN026,TN,026,shortcut 
TN027,TN,027,cater-corner(ed) 
TN027,TN,027,diagonal(ly) (across) 
TN027,TN,027,skigoglin 
TN028,TN,028,cater-corner(ed) 
TN028,TN,028,shortcut 
TN029,TN,029,cater-corner(ed) 
TN029,TN,029,shortcut 
TN030,TN,030,at an angle 
TN031,TN,031,-
TN032,TN,032,cater-corner(ed) 
TN032,TN,032,diagonal(ly) (across) 
TN033,TN,033,cater-corner(ed) 
TN033,TN,033,oblique 
TN034,TN,034,shortcut 
TN035,TN,035,shortcut 
TN036,TN,036,angling (across) 
TN036,TN,036,near cut 
TN037,TN,037,cater-corner(ed) 
TN037,TN,037,cut a corner 
TN038,TN,038,-
TN039,TN,039,-
TN040,TN,040,cater-corner(ed) 
TN040,TN,040,jaywalk 
TN041,TN,041,cater-corner(ed) 
TN042,TN,042,catawampus(ed) 
TN042,TN,042,jigzag 
TN042,TN,042,near shoot 
TN043,TN,043,cater-corner(ed) 
TN044,TN,044,cater-corner(ed) 
TN044,TN,044,cross 
TN044,TN,044,cut (a)cross 
TN045,TN,045,cater-corner(ed) 
TN045,TN,045,diagonal(ly) (across) 
TN046,TN,046,cater-corner(ed) 
TN047,TN,047,antigodlin 
TN047,TN,047,cater-corner(ed) 
TN047,TN,047,diagonal(ly) (across) 
TN048,TN,048,antigodlin 
TN048,TN,048,catawampus(ed) 
TN049,TN,049,antigodlin 
TN049,TN,049,catawampus(ed) 
TN050,TN,050,catawampus(ed) 
TN050,TN,050,shortcut 
TN051,TN,051,cater-corner(ed) 
TN051,TN,051,cut (a)cross 
TN052,TN,052,jaywalk 
TN053,TN,053,cater-corner(ed) 
TN053,TN,053,shortcut 
TN054,TN,054,jaywalk 
TN055,TN,055,cater-corner(ed) 
TN055,TN,055,triangle 
TN056,TN,056,-
TN057,TN,057,across a catercorner 
TN058,TN,058,cater-corner(ed) 
TN059,TN,059,cater-corner(ed) 
TN060,TN,060,cater-corner(ed) 
TN060,TN,060,jaywalk 
GA061,GA,061,cater-corner(ed) 
GA062,GA,062,cater-corner(ed) 
GA062,GA,062,near(er) way 
GA063,GA,063,antigodlin 
GA063,GA,063,cater-corner(ed) 
GA063,GA,063,cutting through 
GA064,GA,064,biasy 
GA064,GA,064,cater-corner(ed) 
GA064,GA,064,cross 
GA064,GA,064,crossway(s) 
GA065,GA,065,cater-corner(ed) 
GA065,GA,065,jaywalk 
GA066,GA,066,-
GA067,GA,067,cater-corner(ed) 
GA068,GA,068,catawampus(ed) 
GA068,GA,068,cater-corner(ed) 
GA068,GA,068,cut (a)cross 
GA068,GA,068,shortcut 
GA069,GA,069,cater-corner(ed) 
GA070,GA,070,cater-corner(ed) 
GA070,GA,070,jaywalk 
GA071,GA,071,cater-corner(ed) 
GA071,GA,071,diagonal(ly) (across) 
GA072,GA,072,antigodlin 
GA073,GA,073,cater-corner(ed) 
GA074,GA,074,cater-corner(ed) 
GA075,GA,075,cater-corner(ed) 
GA075,GA,075,diagonal(ly) (across) 
GA076,GA,076,angling (across) 
GA076,GA,076,cornerwise 
GA077,GA,077,-
GA078,GA,078,-
GA079,GA,079,-
GA080,GA,080,shortcut 
GA081,GA,081,-
GA082,GA,082,-
GA083,GA,083,cut (a)cross 
GA084,GA,084,jaywalk 
GA085,GA,085,cater-corner(ed) 
GA086,GA,086,crossway(s) 
GA087,GA,087,cater-corner(ed) 
GA088,GA,088,cater 
GA088,GA,088,cater cross 
GA088,GA,088,jaywalk 
GA089,GA,089,-
GA090,GA,090,-
GA091,GA,091,cater-corner(ed) 
GA091,GA,091,jaywalk 
GA092,GA,092,-
GA093,GA,093,cater-corner(ed) 
GA094,GA,094,catawampus(ed) 
GA094,GA,094,cater-corner(ed) 
GA094,GA,094,diagonal(ly) (across) 
GA095,GA,095,cater-corner(ed) 
GA096,GA,096,cater-corner(ed) 
GA097,GA,097,-
GA098,GA,098,cater-corner(ed) 
GA098,GA,098,crossway(s) 
GA099,GA,099,cater-corner(ed) 
GA100,GA,100,diagonal(ly) (across) 
GA101,GA,101,cater-corner(ed) 
GA102,GA,102,-
GA103,GA,103,shortcut 
GA104,GA,104,cater-corner(ed) 
GA104,GA,104,diagonal(ly) (across) 
GA105,GA,105,cross 
GA106,GA,106,at an angle 
GA106,GA,106,cater-corner(ed) 
GA107,GA,107,cater-corner(ed) 
GA108,GA,108,-
GA109,GA,109,cat walk [v.] 
GA109,GA,109,jaywalk 
GA110,GA,110,-
GA111,GA,111,cater-corner(ed) 
GA112,GA,112,cater-corner(ed) 
GA113,GA,113,cater-corner(ed) 
GA114,GA,114,straight across 
GA115,GA,115,cater-corner(ed) 
GA115,GA,115,cut (a)cross 
GA116,GA,116,-
GA117,GA,117,-
GA118,GA,118,cater-corner(ed) 
GA119,GA,119,cater-corner(ed) 
GA120,GA,120,cater-corner(ed) 
GA121,GA,121,cater-corner(ed) 
GA121,GA,121,jaywalk 
GA122,GA,122,cater-corner(ed) 
GA123,GA,123,cater-corner(ed) 
GA124,GA,124,cater-corner(ed) 
GA125,GA,125,cater-corner(ed) 
GA125,GA,125,crossway(s) 
GA126,GA,126,-
GA127,GA,127,cater-corner(ed) 
GA128,GA,128,cross 
GA129,GA,129,cater-corner(ed) 
GA130,GA,130,cater-corner(ed) 
GA131,GA,131,crossway(s) 
GA131,GA,131,diagonal(ly) (across) 
GA132,GA,132,cater-corner(ed) 
GA132,GA,132,zigzag 
GA133,GA,133,catawampus(ed) 
GA134,GA,134,-
GA135,GA,135,cater-corner(ed) 
GA136,GA,136,at an angle 
GA136,GA,136,cut (a)cross 
GA136,GA,136,jaywalk 
GA136,GA,136,shortcut 
GA137,GA,137,cater-corner(ed) 
GA137,GA,137,diagonal(ly) (across) 
GA137,GA,137,jaywalk 
GA138,GA,138,-
GA139,GA,139,cater-corner(ed) 
GA140,GA,140,cross 
GA141,GA,141,cater-corner(ed) 
GA141,GA,141,cut a corner 
GA141,GA,141,diagonal(ly) (across) 
GA141,GA,141,jaywalk 
GA142,GA,142,cut (a)cross 
GA143,GA,143,angled 
GA143,GA,143,cater-corner(ed) 
GA143,GA,143,jaywalk 
GA144,GA,144,cater-corner(ed) 
GA144,GA,144,jaywalk 
GA145,GA,145,-
GA146,GA,146,catawampus(ed) 
GA146,GA,146,cater-corner(ed) 
GA147,GA,147,cater-corner(ed) 
GA147,GA,147,catergodlin 
GA148,GA,148,cater-corner(ed) 
GA148,GA,148,jaywalk 
GA149,GA,149,cater-corner(ed) 
GA149,GA,149,zigzag 
GA150,GA,150,cutting the corners 
GA150,GA,150,jaywalk 
GA151,GA,151,cutting the corners 
GA152,GA,152,cater-corner(ed) 
GA153,GA,153,cater-corner(ed) 
GA153,GA,153,shortcut 
GA154,GA,154,-
GA155,GA,155,cater-corner(ed) 
GA155,GA,155,diagonal(ly) (across) 
GA156,GA,156,cater-corner(ed) 
GA157,GA,157,-
GA158,GA,158,catawampus(ed) 
GA158,GA,158,cater bias 
GA158,GA,158,cater-corner(ed) 
GA159,GA,159,catawampus(ed) 
GA159,GA,159,cater-corner(ed) 
GA160,GA,160,straight across 
GA160,GA,160,zigzag 
GA161,GA,161,cater-corner(ed) 
GA162,GA,162,cater-corner(ed) 
GA162,GA,162,jaywalk 
GA162,GA,162,short path 
GA163,GA,163,cater-corner(ed) 
GA163,GA,163,jaywalk 
GA164,GA,164,cater-corner(ed) 
GA164,GA,164,jaywalk 
GA165,GA,165,-
GA166,GA,166,crossway(s) 
GA167,GA,167,cater-corner(ed) 
GA167,GA,167,jaywalk 
GA168,GA,168,catawampus(ed) 
GA169,GA,169,-
GA170,GA,170,cater-corner(ed) 
GA171,GA,171,cater-corner(ed) 
GA171,GA,171,diagonal(ly) (across) 
GA171,GA,171,jaywalk 
GA172,GA,172,cater-corner(ed) 
GA172,GA,172,crossway(s) 
GA173,GA,173,catawampus(ed) 
GA173,GA,173,cater-corner(ed) 
GA174,GA,174,antigodlin 
GA174,GA,174,cross 
GA175,GA,175,-
GA176,GA,176,cater-corner(ed) 
GA176,GA,176,jaywalk 
GA177,GA,177,cater-corner(ed) 
GA177,GA,177,diagonal(ly) (across) 
GA178,GA,178,cater-corner(ed) 
GA178,GA,178,cross 
GA179,GA,179,-
GA180,GA,180,cater-corner(ed) 
GA181,GA,181,-
GA182,GA,182,catawampus(ed) 
GA182,GA,182,cater bias 
GA182,GA,182,cater-corner(ed) 
GA183,GA,183,cater-corner(ed) 
GA184,GA,184,cater-corner(ed) 
GA185,GA,185,cater-corner(ed) 
GA186,GA,186,antigodlin 
GA186,GA,186,cater-corner(ed) 
GA187,GA,187,catering across 
GA188,GA,188,catawampus(ed) 
GA188,GA,188,cross 
GA189,GA,189,crosswise 
GA189,GA,189,diagonal(ly) (across) 
GA190,GA,190,catawampus(ed) 
GA191,GA,191,catechism 
GA191,GA,191,cater-corner(ed) 
GA192,GA,192,cater-corner(ed) 
GA193,GA,193,cater-corner(ed) 
GA194,GA,194,cater-corner(ed) 
GA195,GA,195,-
GA196,GA,196,cater-corner(ed) 
GA197,GA,197,biased 
GA197,GA,197,cross 
GA197,GA,197,horizontal 
GA198,GA,198,cutting through the middle 
GA198,GA,198,quartered 
GA199,GA,199,cater-corner(ed) 
GA200,GA,200,cater-corner(ed) 
GA201,GA,201,jaywalk 
GA202,GA,202,cater-corner(ed) 
GA203,GA,203,antigodlin 
GA203,GA,203,cater-corner(ed) 
GA203,GA,203,crossway(s) 
GA204,GA,204,cater-corner(ed) 
GA204,GA,204,straight across 
GA205,GA,205,-
GA206,GA,206,cater-corner(ed) 
GA207,GA,207,-
GA208,GA,208,cater-corner(ed) 
GA209,GA,209,catawampus(ed) 
GA209,GA,209,cater-corner(ed) 
GA209,GA,209,cross 
GA209,GA,209,jaywalk 
GA210,GA,210,-
GA211,GA,211,cross 
GA212,GA,212,cater-corner(ed) 
GA213,GA,213,cater-corner(ed) 
GA214,GA,214,cater-corner(ed) 
GA215,GA,215,jaywalk 
GA216,GA,216,cater-corner(ed) 
GA217,GA,217,catawampus(ed) 
GA217,GA,217,cater-corner(ed) 
GA217,GA,217,diagonal(ly) (across) 
GA218,GA,218,biasin 
GA218,GA,218,catawampus(ed) 
GA218,GA,218,cater-corner(ed) 
GA219,GA,219,cater-corner(ed) 
GA220,GA,220,cater-corner(ed) 
GA221,GA,221,-
GA222,GA,222,antigodlin 
GA222,GA,222,cater bias 
GA222,GA,222,cater ranging 
GA223,GA,223,antigodlin 
GA223,GA,223,cater bias 
GA223,GA,223,jaywalk 
GA224,GA,224,-
GA225,GA,225,cater-corner(ed) 
FL226,FL,226,-
FL227,FL,227,-
FL228,FL,228,cater-corner(ed) 
FL229,FL,229,diagonal(ly) (across) 
FL230,FL,230,cater-corner(ed) 
FL231,FL,231,cater-corner(ed) 
FL232,FL,232,cater-corner(ed) 
FL233,FL,233,-
FL234,FL,234,-
FL235,FL,235,cater-corner(ed) 
FL235,FL,235,cross 
FL235,FL,235,zigzag 
FL236,FL,236,cater-corner(ed) 
FL237,FL,237,crossway(s) 
FL237,FL,237,cut a corner 
FL237,FL,237,near(er) way 
FL237,FL,237,zigzag 
FL238,FL,238,antigodlin 
FL238,FL,238,shortcut 
FL239,FL,239,cater-corner(ed) 
FL240,FL,240,cater-corner(ed) 
FL240,FL,240,jaywalk 
FL241,FL,241,-
FL242,FL,242,cater-corner(ed) 
FL243,FL,243,cater-corner(ed) 
FL244,FL,244,-
FL245,FL,245,cater-corner(ed) 
FL246,FL,246,cater-corner(ed) 
FL246,FL,246,diagonal(ly) (across) 
FL247,FL,247,cater-corner(ed) 
FL247,FL,247,shortcut 
FL248,FL,248,cater-corner(ed) 
FL249,FL,249,cater-corner(ed) 
FL250,FL,250,-
FL251,FL,251,-
FL252,FL,252,-
FL253,FL,253,cater-corner(ed) 
FL254,FL,254,cater-corner(ed) 
FL255,FL,255,cater-corner(ed) 
FL256,FL,256,antigodlin 
FL256,FL,256,jig-jag 
FL256,FL,256,zigzag 
FL257,FL,257,cater-corner(ed) 
FL257,FL,257,jaywalk 
FL257,FL,257,zigzag 
FL258,FL,258,antigodlin 
FL258,FL,258,catawampus(ed) 
FL258,FL,258,cater-corner(ed) 
FL259,FL,259,-
FL260,FL,260,-
FL261,FL,261,cater-corner(ed) 
FL261,FL,261,diagonal(ly) (across) 
FL262,FL,262,-
FL263,FL,263,-
FL264,FL,264,cater-corner(ed) 
FL265,FL,265,-
FL266,FL,266,cater-corner(ed) 
FL267,FL,267,-
FL268,FL,268,-
FL269,FL,269,mighty godlin 
FL270,FL,270,angled 
FL270,FL,270,cater-corner(ed) 
FL271,FL,271,cater-corner(ed) 
FL272,FL,272,cater-corner(ed) 
FL273,FL,273,cater-corner(ed) 
FL273,FL,273,jaywalk 
FL273,FL,273,shortcut 
FL274,FL,274,cater-corner(ed) 
FL275,FL,275,straight across 
FL276,FL,276,straight across 
FL277,FL,277,cater-corner(ed) 
FL277,FL,277,cutting the corners 
FL277,FL,277,jaywalk 
FL278,FL,278,cater-corner(ed) 
FL278,FL,278,diagonal(ly) (across) 
FL278,FL,278,jaywalk 
FL279,FL,279,cater-corner(ed) 
FL280,FL,280,overcross 
FL281,FL,281,cater-corner(ed) 
FL282,FL,282,-
FL283,FL,283,diagonal(ly) (across) 
FL284,FL,284,cater-corner(ed) 
FL285,FL,285,-
FL286,FL,286,cater-corner(ed) 
FL286,FL,286,diagonal(ly) (across) 
FL287,FL,287,-
FL288,FL,288,-
FL289,FL,289,cater-corner(ed) 
TN290,TN,290,catawampus(ed) 
TN291,TN,291,cater-corner(ed) 
TN291,TN,291,jaywalk 
TN292,TN,292,cater-corner(ed) 
TN293,TN,293,catawampus(ed) 
TN293,TN,293,cater-corner(ed) 
TN293,TN,293,cut (a)cross 
TN294,TN,294,cater-corner(ed) 
TN295,TN,295,cater-corner(ed) 
TN296,TN,296,-
TN297,TN,297,-
TN298,TN,298,-
TN299,TN,299,cater-corner(ed) 
TN299,TN,299,jaywalk 
TN300,TN,300,cater-corner(ed) 
TN301,TN,301,cater-corner(ed) 
TN302,TN,302,cater-corner(ed) 
TN303,TN,303,cater-corner(ed) 
TN303,TN,303,cross (the) corner 
TN304,TN,304,cater bias 
TN305,TN,305,-
TN306,TN,306,cater-corner(ed) 
TN307,TN,307,cater-corner(ed) 
TN307,TN,307,cross (the) corner 
TN308,TN,308,cater-corner(ed) 
TN309,TN,309,cater-corner(ed) 
TN310,TN,310,cater-corner(ed) 
TN310,TN,310,diagonal(ly) (across) 
TN310,TN,310,jaywalk 
TN311,TN,311,cater-corner(ed) 
TN311,TN,311,diagonal(ly) (across) 
TN312,TN,312,cater-corner(ed) 
TN312,TN,312,diagonal(ly) (across) 
TN313,TN,313,diagonal(ly) (across) 
TN314,TN,314,antigodlin 
TN314,TN,314,cater-corner(ed) 
TN315,TN,315,antigodlin 
TN315,TN,315,cater-corner(ed) 
TN315,TN,315,crossway(s) 
TN315,TN,315,right angling 
TN315,TN,315,zigzag 
TN316,TN,316,jaywalk 
TN317,TN,317,-
TN318,TN,318,-
TN319,TN,319,-
TN320,TN,320,cater-corner(ed) 
TN321,TN,321,catawampus(ed) 
TN322,TN,322,cater-corner(ed) 
TN322,TN,322,diagonal(ly) (across) 
TN322,TN,322,jaywalk 
TN323,TN,323,cater-corner(ed) 
TN324,TN,324,cater-corner(ed) 
TN325,TN,325,cater-corner(ed) 
TN325,TN,325,jaywalk 
TN326,TN,326,cater-corner(ed) 
TN326,TN,326,jaywalk 
TN327,TN,327,cater-corner(ed) 
TN328,TN,328,-
TN329,TN,329,jaywalk 
TN330,TN,330,cut (a)cross 
TN330,TN,330,short way 
TN330,TN,330,shortcut 
TN331,TN,331,antigodlin 
TN331,TN,331,jaywalk 
TN332,TN,332,cater-corner(ed) 
TN333,TN,333,cater-corner(ed) 
TN334,TN,334,antigodlin 
TN334,TN,334,biased 
TN334,TN,334,cater-corner(ed) 
TN335,TN,335,jaywalk 
TN336,TN,336,cater-corner(ed) 
AL337,AL,337,-
AL338,AL,338,antigodlin 
AL338,AL,338,catawampus(ed) 
AL338,AL,338,cater-corner(ed) 
AL339,AL,339,diagonal(ly) (across) 
AL339,AL,339,jaywalk 
AL340,AL,340,cater-corner(ed) 
AL340,AL,340,crossway(s) 
AL341,AL,341,jaywalk 
AL342,AL,342,-
AL343,AL,343,cater-corner(ed) 
AL344,AL,344,cater-corner(ed) 
AL345,AL,345,-
AL346,AL,346,cater-corner(ed) 
AL347,AL,347,cater-corner(ed) 
AL348,AL,348,cater-corner(ed) 
AL349,AL,349,jaywalk 
AL350,AL,350,-
AL351,AL,351,cater-corner(ed) 
AL351,AL,351,zigzag 
AL352,AL,352,cater-corner(ed) 
AL352,AL,352,jaywalk 
AL353,AL,353,cater-corner(ed) 
AL354,AL,354,cater-corner(ed) 
AL354,AL,354,diangling 
AL354,AL,354,straight across 
AL355,AL,355,cater-corner(ed) 
AL356,AL,356,cater-corner(ed) 
AL357,AL,357,cater-corner(ed) 
AL357,AL,357,jaywalk 
AL358,AL,358,cater-corner(ed) 
AL358,AL,358,jaywalk 
AL359,AL,359,cater-corner(ed) 
AL359,AL,359,crossway(s) 
AL359,AL,359,jaywalk 
AL360,AL,360,cater-corner(ed) 
AL361,AL,361,cater-corner(ed) 
AL362,AL,362,diagonal(ly) (across) 
AL363,AL,363,jaywalk 
AL364,AL,364,cater-corner(ed) 
AL365,AL,365,angling (across) 
AL365,AL,365,jaywalk 
AL366,AL,366,cutting the corners 
AL367,AL,367,cater-corner(ed) 
AL367,AL,367,diagonal(ly) (across) 
AL368,AL,368,-
AL369,AL,369,diagonal(ly) (across) 
AL370,AL,370,cater-corner(ed) 
AL371,AL,371,cater-corner(ed) 
AL372,AL,372,cater-corner(ed) 
AL372,AL,372,jaywalk 
AL373,AL,373,cater-corner(ed) 
AL373,AL,373,diagonal(ly) (across) 
AL374,AL,374,cater-corner(ed) 
AL374,AL,374,crosscut 
AL374,AL,374,shortcut 
AL375,AL,375,cater-corner(ed) 
AL376,AL,376,-
AL377,AL,377,-
AL378,AL,378,cater-corner(ed) 
AL378,AL,378,diagonal(ly) (across) 
AL379,AL,379,cater-corner(ed) 
AL380,AL,380,cater-corner(ed) 
AL380,AL,380,jaywalk 
AL380,AL,380,zigzag 
AL381,AL,381,cater-corner(ed) 
AL382,AL,382,-
AL383,AL,383,angled 
AL383,AL,383,cater-corner(ed) 
AL384,AL,384,-
AL385,AL,385,antigodlin 
AL385,AL,385,cater-corner(ed) 
AL385,AL,385,jaywalk 
AL386,AL,386,cater-corner(ed) 
AL386,AL,386,crossway(s) 
AL387,AL,387,cater-corner(ed) 
AL387,AL,387,diagonal(ly) (across) 
AL388,AL,388,-
AL389,AL,389,-
AL390,AL,390,antigodlin 
AL390,AL,390,cater-corner(ed) 
AL390,AL,390,jaywalk 
AL391,AL,391,cater-corner(ed) 
AL391,AL,391,jaywalk 
AL392,AL,392,crossway(s) 
AL392,AL,392,jaywalk 
AL393,AL,393,cater-corner(ed) 
AL394,AL,394,cater-corner(ed) 
AL395,AL,395,diagonal(ly) (across) 
AL396,AL,396,-
AL397,AL,397,-
AL398,AL,398,-
AL399,AL,399,cater-corner(ed) 
AL399,AL,399,cutting the corners 
AL399,AL,399,jaywalk 
AL400,AL,400,antigodlin 
AL400,AL,400,cater-corner(ed) 
AL401,AL,401,cater-corner(ed) 
AL402,AL,402,across a catercorner 
AL403,AL,403,angly 
AL403,AL,403,cater-corner(ed) 
AL404,AL,404,cater-corner(ed) 
AL405,AL,405,cater-corner(ed) 
AL406,AL,406,cater-corner(ed) 
AL407,AL,407,cater-corner(ed) 
AL407,AL,407,jaywalk 
AL407,AL,407,shortcut 
AL408,AL,408,diagonal(ly) (across) 
AL408,AL,408,zigzag 
AL409,AL,409,antigodlin 
AL409,AL,409,catawampus(ed) 
AL409,AL,409,cater-corner(ed) 
AL409,AL,409,jaywalk 
AL410,AL,410,cater-corner(ed) 
AL411,AL,411,catawampus(ed) 
AL411,AL,411,cater-corner(ed) 
AL412,AL,412,-
AL413,AL,413,-
AL414,AL,414,cater-corner(ed) 
AL414,AL,414,diagonal(ly) (across) 
AL415,AL,415,jaywalk 
AL416,AL,416,cater-corner(ed) 
AL416,AL,416,diagonal(ly) (across) 
AL417,AL,417,cater-corner(ed) 
AL418,AL,418,diagonal(ly) (across) 
AL419,AL,419,cater-corner(ed) 
AL419,AL,419,diagonal(ly) (across) 
AL420,AL,420,-
AL421,AL,421,-
AL422,AL,422,-
AL423,AL,423,diagonal(ly) (across) 
AL423,AL,423,jaywalk 
AL424,AL,424,jaywalk 
AL425,AL,425,-
AL426,AL,426,cater-corner(ed) 
AL426,AL,426,cutting the corners 
AL426,AL,426,jaywalk 
AL427,AL,427,cater-corner(ed) 
AL427,AL,427,cutting the corners 
AL428,AL,428,cater-corner(ed) 
AL428,AL,428,cut (a)cross 
AL429,AL,429,-
AL430,AL,430,cater-corner(ed) 
AL431,AL,431,angled 
AL431,AL,431,cater-corner(ed) 
AL432,AL,432,-
AL433,AL,433,cater-corner(ed) 
AL434,AL,434,-
AL435,AL,435,cater-corner(ed) 
AL435,AL,435,jay horsing 
AL436,AL,436,-
AL437,AL,437,cater-corner(ed) 
AL437,AL,437,cut (a)cross 
AL437,AL,437,jaywalk 
AL438,AL,438,cater-corner(ed) 
AL438,AL,438,going through 
AL439,AL,439,cater-corner(ed) 
AL440,AL,440,cater-corner(ed) 
AL441,AL,441,jaywalk 
AL442,AL,442,-
AL443,AL,443,cater-corner(ed) 
AL444,AL,444,cater-corner(ed) 
AL444,AL,444,jaywalk 
AL445,AL,445,-
AL446,AL,446,cater-corner(ed) 
AL447,AL,447,cater-corner(ed) 
AL448,AL,448,cater-corner(ed) 
AL449,AL,449,-
AL450,AL,450,cater-corner(ed) 
AL451,AL,451,angling (across) 
AL451,AL,451,antigodlin 
AL451,AL,451,cater-corner(ed) 
AL451,AL,451,cross 
FL452,FL,452,cater-corner(ed) 
FL453,FL,453,-
FL454,FL,454,-
FL455,FL,455,cater-corner(ed) 
FL456,FL,456,across a catercorner 
FL457,FL,457,cater-corner(ed) 
FL457,FL,457,diagonal(ly) (across) 
FL458,FL,458,cater-corner(ed) 
FL459,FL,459,-
FL460,FL,460,-
FL461,FL,461,antigodlin 
FL461,FL,461,cater-corner(ed) 
FL462,FL,462,cater-corner(ed) 
FL463,FL,463,-
FL464,FL,464,-
FL465,FL,465,-
FL466,FL,466,cater-corner(ed) 
FL467,FL,467,-
FL468,FL,468,cater-corner(ed) 
FL469,FL,469,cater-corner(ed) 
FL470,FL,470,cater-corner(ed) 
FL470,FL,470,crossway(s) 
FL470,FL,470,wrong-sided 
FL471,FL,471,catawampus(ed) 
FL471,FL,471,cater-corner(ed) 
FL471,FL,471,slantwise 
AL472,AL,472,antigodlin 
AL472,AL,472,cater-corner(ed) 
AL473,AL,473,-
AL474,AL,474,cater-corner(ed) 
AL475,AL,475,antigodlin 
AL475,AL,475,cater-corner(ed) 
AL476,AL,476,antigodlin 
AL476,AL,476,cater-corner(ed) 
AL477,AL,477,cater-corner(ed) 
AL477,AL,477,triangle 
AL478,AL,478,cater-corner(ed) 
AL479,AL,479,cater-corner(ed) 
AL480,AL,480,cater-corner(ed) 
AL481,AL,481,cater-corner(ed) 
AL482,AL,482,cater-corner(ed) 
AL483,AL,483,-
AL484,AL,484,cater-corner(ed) 
AL484,AL,484,diagonal(ly) (across) 
AL485,AL,485,cater-corner(ed) 
AL485,AL,485,jaywalk 
TN486,TN,486,-
TN487,TN,487,catawampus(ed) 
TN487,TN,487,cater-mac-bias 
TN488,TN,488,cater-corner(ed) 
TN489,TN,489,antigodlin 
TN489,TN,489,cut (a)cross 
TN489,TN,489,diagonal(ly) (across) 
TN490,TN,490,-
TN491,TN,491,-
TN492,TN,492,cater-corner(ed) 
TN492,TN,492,shortcut 
TN493,TN,493,cater-corner(ed) 
TN494,TN,494,-
TN495,TN,495,-
TN496,TN,496,cater-corner(ed) 
TN496,TN,496,diagonal(ly) (across) 
TN496,TN,496,jaywalk 
TN497,TN,497,-
TN498,TN,498,diagonal(ly) (across) 
TN499,TN,499,cater-corner(ed) 
TN499,TN,499,jaywalk 
TN500,TN,500,-
TN501,TN,501,cater-corner(ed) 
TN502,TN,502,cater-corner(ed) 
TN503,TN,503,-
TN504,TN,504,cater-corner(ed) 
TN505,TN,505,cater-corner(ed) 
TN506,TN,506,cater-corner(ed) 
TN506,TN,506,cut (a)cross 
TN507,TN,507,-
TN508,TN,508,antigodlin 
TN508,TN,508,catawampus(ed) 
TN508,TN,508,cater-corner(ed) 
TN509,TN,509,catawampus(ed) 
TN509,TN,509,cater-corner(ed) 
TN510,TN,510,-
TN511,TN,511,catawampus(ed) 
TN511,TN,511,cater-corner(ed) 
TN512,TN,512,-
TN513,TN,513,cater-corner(ed) 
TN513,TN,513,diagonal(ly) (across) 
TN513,TN,513,jaywalk 
TN514,TN,514,across a catercorner 
TN515,TN,515,-
TN516,TN,516,cater-corner(ed) 
TN516,TN,516,cut (a)cross 
TN517,TN,517,cater-corner(ed) 
TN518,TN,518,cater-corner(ed) 
TN518,TN,518,diagonal(ly) (across) 
TN519,TN,519,cater-corner(ed) 
TN519,TN,519,diagonal(ly) (across) 
MS520,MS,520,-
MS521,MS,521,cater-corner(ed) 
MS522,MS,522,cater-corner(ed) 
MS523,MS,523,-
MS524,MS,524,-
MS525,MS,525,cater-corner(ed) 
MS526,MS,526,-
MS527,MS,527,antigodlin 
MS527,MS,527,cater-corner(ed) 
MS527,MS,527,jaywalk 
MS528,MS,528,antigodlin 
MS529,MS,529,-
MS530,MS,530,cater-corner(ed) 
MS531,MS,531,-
MS532,MS,532,antigodlin 
MS532,MS,532,cater-corner(ed) 
MS533,MS,533,cater-corner(ed) 
MS534,MS,534,-
MS535,MS,535,cater-corner(ed) 
MS536,MS,536,-
MS537,MS,537,-
MS538,MS,538,-
MS539,MS,539,cater-corner(ed) 
MS539,MS,539,diagonal(ly) (across) 
MS539,MS,539,straight across 
MS540,MS,540,-
MS541,MS,541,cater-corner(ed) 
MS541,MS,541,jaywalk 
MS542,MS,542,antigodlin 
MS543,MS,543,angling (across) 
MS543,MS,543,cater-corner(ed) 
MS543,MS,543,cross 
MS544,MS,544,cater-corner(ed) 
MS545,MS,545,cater-corner(ed) 
MS546,MS,546,-
MS547,MS,547,cater-corner(ed) 
MS548,MS,548,-
MS549,MS,549,antigodlin 
MS549,MS,549,cater-corner(ed) 
MS549,MS,549,cross 
MS550,MS,550,-
MS551,MS,551,-
MS552,MS,552,-
MS553,MS,553,-
MS554,MS,554,-
MS555,MS,555,-
MS556,MS,556,antigodlin 
MS556,MS,556,catawampus(ed) 
MS556,MS,556,cater-corner(ed) 
MS557,MS,557,cater-corner(ed) 
MS557,MS,557,crossway(s) 
MS557,MS,557,crosswise 
MS557,MS,557,diagonal(ly) (across) 
MS558,MS,558,cater-corner(ed) 
MS558,MS,558,diagonal(ly) (across) 
MS559,MS,559,crossway(s) 
MS560,MS,560,cater-corner(ed) 
MS560,MS,560,jaywalk 
MS561,MS,561,-
MS562,MS,562,antigodlin 
MS562,MS,562,cater-corner(ed) 
MS563,MS,563,cater-corner(ed) 
MS564,MS,564,cater-corner(ed) 
MS565,MS,565,cater-corner(ed) 
MS566,MS,566,-
MS567,MS,567,-
MS568,MS,568,-
MS569,MS,569,cater-corner(ed) 
MS570,MS,570,cater-corner(ed) 
MS571,MS,571,cater-corner(ed) 
MS572,MS,572,cater-corner(ed) 
MS573,MS,573,cater-corner(ed) 
MS574,MS,574,antigodlin 
MS574,MS,574,jackleg 
MS575,MS,575,cater-corner(ed) 
MS576,MS,576,cater-corner(ed) 
MS576,MS,576,jaywalk 
MS577,MS,577,cater-corner(ed) 
MS578,MS,578,-
MS579,MS,579,cater-corner(ed) 
MS579,MS,579,diagonal(ly) (across) 
MS580,MS,580,-
MS581,MS,581,cater-corner(ed) 
MS582,MS,582,cater-corner(ed) 
MS583,MS,583,-
MS584,MS,584,catawampus(ed) 
MS584,MS,584,diagonal(ly) (across) 
MS585,MS,585,cater-corner(ed) 
MS585,MS,585,cross 
MS586,MS,586,-
MS587,MS,587,angled 
MS587,MS,587,cater-corner(ed) 
MS587,MS,587,zigzag 
MS588,MS,588,angling (across) 
MS588,MS,588,slantwise 
MS589,MS,589,diagonal(ly) (across) 
MS590,MS,590,-
MS591,MS,591,cater-corner(ed) 
MS591,MS,591,diagonal(ly) (across) 
MS592,MS,592,cater-corner(ed) 
MS592,MS,592,diagonal(ly) (across) 
MS593,MS,593,angle sided 
MS593,MS,593,cater-corner(ed) 
MS594,MS,594,jaywalk 
MS595,MS,595,jaywalk 
MS596,MS,596,angling (across) 
MS596,MS,596,cater-corner(ed) 
MS597,MS,597,angled 
MS597,MS,597,antigodlin 
MS597,MS,597,cater-corner(ed) 
MS598,MS,598,cater-corner(ed) 
MS599,MS,599,cater-corner(ed) 
MS600,MS,600,cater-corner(ed) 
MS601,MS,601,cater-corner(ed) 
MS602,MS,602,cater-corner(ed) 
MS603,MS,603,-
MS604,MS,604,-
MS605,MS,605,antigodlin 
MS605,MS,605,cater-corner(ed) 
MS606,MS,606,-
MS607,MS,607,angling (across) 
MS607,MS,607,cater-corner(ed) 
MS608,MS,608,cater-corner(ed) 
MS609,MS,609,catechism 
MS609,MS,609,cater crooked 
MS609,MS,609,cater cut 
MS610,MS,610,angled 
MS610,MS,610,cater-corner(ed) 
MS611,MS,611,-
MS612,MS,612,cater-corner(ed) 
MS612,MS,612,crossway(s) 
MS613,MS,613,antigodlin 
MS613,MS,613,catawampus(ed) 
MS613,MS,613,jaywalk 
MS614,MS,614,-
MS615,MS,615,cater-corner(ed) 
MS616,MS,616,cater-corner(ed) 
MS616,MS,616,diagonal(ly) (across) 
MS616,MS,616,jaywalk 
MS617,MS,617,cater-corner(ed) 
MS618,MS,618,-
MS619,MS,619,-
MS620,MS,620,-
MS621,MS,621,cater-corner(ed) 
MS622,MS,622,angled 
MS622,MS,622,cater-corner(ed) 
MS623,MS,623,cater-corner(ed) 
MS623,MS,623,jaywalk 
MS624,MS,624,cater-corner(ed) 
MS624,MS,624,diagonal(ly) (across) 
MS625,MS,625,cater-corner(ed) 
MS626,MS,626,-
MS627,MS,627,cater-corner(ed) 
MS628,MS,628,cater-corner(ed) 
MS629,MS,629,cater-corner(ed) 
LA630,LA,630,cater-corner(ed) 
LA631,LA,631,-
LA632,LA,632,angular 
LA632,LA,632,cater-corner(ed) 
LA632,LA,632,cut (a)cross 
LA633,LA,633,-
LA634,LA,634,cater-corner(ed) 
LA635,LA,635,cater-corner(ed) 
LA635,LA,635,jaywalk 
LA636,LA,636,cater-corner(ed) 
LA637,LA,637,cater-corner(ed) 
LA638,LA,638,cater-corner(ed) 
LA638,LA,638,cut (a)cross 
LA639,LA,639,antigodlin 
LA640,LA,640,jaywalk 
LA640,LA,640,triangle 
LA641,LA,641,antigodlin 
LA642,LA,642,-
LA643,LA,643,diagonal(ly) (across) 
LA644,LA,644,-
LA645,LA,645,cater-corner(ed) 
LA645,LA,645,jaywalk 
LA646,LA,646,cater-corner(ed) 
LA647,LA,647,-
LA648,LA,648,cater-corner(ed) 
LA648,LA,648,oblong 
LA649,LA,649,cater-corner(ed) 
LA649,LA,649,jaywalk 
LA650,LA,650,-
LA651,LA,651,-
LA652,LA,652,cater-corner(ed) 
LA653,LA,653,-
LA654,LA,654,cater-corner(ed) 
LA654,LA,654,crossway(s) 
LA654,LA,654,jaywalk 
LA654,LA,654,sideways 
LA655,LA,655,cater-corner(ed) 
LA656,LA,656,cater-corner(ed) 
LA657,LA,657,cater-corner(ed) 
LA657X,LA,657X,cater-corner(ed) 
LA657X,LA,657X,diagonal(ly) (across) 
LA657Y,LA,657Y,cater-corner(ed) 
LA657Y,LA,657Y,jaywalk 
LA657Z,LA,657Z,cater-corner(ed) 
LA658,LA,658,cater-corner(ed) 
LA658,LA,658,cutting through 
LA659,LA,659,cater-corner(ed) 
LA659,LA,659,straight across 
LA660,LA,660,-
LA661,LA,661,-
LA662,LA,662,cater-corner(ed) 
LA662,LA,662,jaywalk 
LA663,LA,663,-
LA664,LA,664,-
LA665,LA,665,cater-corner(ed) 
LA666,LA,666,-
LA667,LA,667,cater-corner(ed) 
LA668,LA,668,cater-corner(ed) 
LA668,LA,668,crosswise 
LA669,LA,669,cater-corner(ed) 
LA669,LA,669,jaywalk 
LA670,LA,670,-
LA671,LA,671,jaywalk 
LA672,LA,672,cater-corner(ed) 
LA673,LA,673,cater-corner(ed) 
LA673,LA,673,diagonal(ly) (across) 
AR674,AR,674,antigodlin 
AR674,AR,674,cater-corner(ed) 
AR675,AR,675,cater-corner(ed) 
AR676,AR,676,-
AR677,AR,677,-
AR678,AR,678,cut (a)cross 
AR679,AR,679,cater-corner(ed) 
AR680,AR,680,antigodlin 
AR680,AR,680,cater-corner(ed) 
AR681,AR,681,antigodlin 
AR681,AR,681,cater bias 
AR681,AR,681,cater-corner(ed) 
AR681,AR,681,zigzag 
AR682,AR,682,cater-corner(ed) 
AR682,AR,682,diagonal(ly) (across) 
AR682,AR,682,jaywalk 
AR683,AR,683,-
AR684,AR,684,-
AR685,AR,685,antigodlin 
AR686,AR,686,antigodlin 
AR686,AR,686,cater-corner(ed) 
AR687,AR,687,antigodlin 
AR687,AR,687,cater-corner(ed) 
AR687,AR,687,diagonal(ly) (across) 
AR688,AR,688,cater-corner(ed) 
AR688,AR,688,near cut 
AR688,AR,688,shortcut 
AR689,AR,689,antigodlin 
AR689,AR,689,cater-corner(ed) 
AR690,AR,690,-
AR691,AR,691,cater-corner(ed) 
AR692,AR,692,antigodlin 
AR692,AR,692,cater-corner(ed) 
AR692,AR,692,jaywalk 
AR693,AR,693,cater-corner(ed) 
AR694,AR,694,antigodlin 
AR694,AR,694,cater-corner(ed) 
AR694,AR,694,cutting the corners 
AR695,AR,695,antigodlin 
AR695,AR,695,cater-corner(ed) 
AR696,AR,696,-
AR697,AR,697,cater-corner(ed) 
AR698,AR,698,-
AR699,AR,699,-
AR700,AR,700,-
AR701,AR,701,angling (across) 
AR701,AR,701,cater-corner(ed) 
AR702,AR,702,-
AR703,AR,703,angling (across) 
AR703,AR,703,cater-corner(ed) 
AR703,AR,703,cut (a)cross 
AR704,AR,704,cater-corner(ed) 
AR704,AR,704,crossway(s) 
AR705,AR,705,antigodlin 
AR705,AR,705,catawampus(ed) 
AR705,AR,705,cater-corner(ed) 
AR706,AR,706,-
AR707,AR,707,cater-corner(ed) 
AR707,AR,707,horizontal 
AR708,AR,708,cater-corner(ed) 
AR709,AR,709,cater-corner(ed) 
AR710,AR,710,-
AR711,AR,711,cater-corner(ed) 
AR711,AR,711,diagonal(ly) (across) 
AR711,AR,711,woppy-jawed 
AR712,AR,712,cater-corner(ed) 
AR712,AR,712,diagonal(ly) (across) 
AR713,AR,713,-
AR714,AR,714,cater-corner(ed) 
AR715,AR,715,antigodlin 
AR715,AR,715,cut (a)cross 
AR716,AR,716,angling (across) 
AR716,AR,716,antigodlin 
AR717,AR,717,cater-corner(ed) 
AR718,AR,718,angled 
AR718,AR,718,cater-corner(ed) 
AR719,AR,719,cater-corner(ed) 
AR720,AR,720,antigodlin 
AR721,AR,721,catawampus(ed) 
AR721,AR,721,cater-corner(ed) 
AR721,AR,721,cut (a)cross 
AR721,AR,721,jaywalk 
AR722,AR,722,cater-corner(ed) 
AR723,AR,723,cutting through the cabbage 
AR724,AR,724,cater-corner(ed) 
AR725,AR,725,antigodlin 
AR725,AR,725,cater-corner(ed) 
AR725,AR,725,crossway(s) 
AR726,AR,726,-
AR727,AR,727,diagonal(ly) (across) 
AR728,AR,728,antigodlin 
AR728,AR,728,cater-corner(ed) 
AR729,AR,729,antigodlin 
AR729,AR,729,whopper-jawed 
AR730,AR,730,cater-corner(ed) 
AR731,AR,731,antigodlin 
AR731,AR,731,cater-corner(ed) 
AR731,AR,731,jaywalk 
AR732,AR,732,cater-corner(ed) 
AR733,AR,733,-
AR734,AR,734,antigodlin 
AR734,AR,734,cater-corner(ed) 
AR735,AR,735,cater-corner(ed) 
AR736,AR,736,-
AR737,AR,737,cater-corner(ed) 
AR737,AR,737,jaywalk 
AR738,AR,738,cater-corner(ed) 
AR738,AR,738,triangle 
AR739,AR,739,-
AR740,AR,740,cater-corner(ed) 
AR741,AR,741,cater-corner(ed) 
AR742,AR,742,cater-corner(ed) 
AR743,AR,743,cater-corner(ed) 
AR743,AR,743,crossway(s) 
AR743,AR,743,jaywalk 
AR744,AR,744,angling (across) 
AR744,AR,744,catawampus(ed) 
AR744,AR,744,cater-corner(ed) 
AR745,AR,745,-
AR746,AR,746,-
AR747,AR,747,diagonal(ly) (across) 
AR747,AR,747,jaywalk 
AR748,AR,748,cater way 
AR748,AR,748,cater-corner(ed) 
AR748,AR,748,cut (a)cross 
AR749,AR,749,cater-corner(ed) 
AR749,AR,749,Denver crossing 
AR749,AR,749,jaywalk 
AR750,AR,750,-
AR751,AR,751,antigodlin 
AR751,AR,751,diagonal(ly) (across) 
AR751,AR,751,jaywalk 
AR752,AR,752,jaywalk 
AR753,AR,753,cater-corner(ed) 
AR754,AR,754,-
AR755,AR,755,-
LA756,LA,756,cater-corner(ed) 
LA757,LA,757,cater-corner(ed) 
LA758,LA,758,antigodlin 
LA759,LA,759,-
LA760,LA,760,-
LA761,LA,761,cater-corner(ed) 
LA761,LA,761,straight across 
LA762,LA,762,-
LA763,LA,763,-
LA764,LA,764,angling (across) 
LA764,LA,764,cater-corner(ed) 
LA765,LA,765,cater-corner(ed) 
LA766,LA,766,cater-corner(ed) 
LA767,LA,767,cater-corner(ed) 
LA768,LA,768,cater-corner(ed) 
LA769,LA,769,cater-corner(ed) 
LA770,LA,770,catawampus(ed) 
LA771,LA,771,cater-corner(ed) 
LA772,LA,772,-
LA773,LA,773,-
LA774,LA,774,-
LA775,LA,775,cater-corner(ed) 
LA775,LA,775,crossway(s) 
LA776,LA,776,antigodlin 
LA776,LA,776,cater-corner(ed) 
LA777,LA,777,-
LA778,LA,778,cater-corner(ed) 
LA779,LA,779,cater-corner(ed) 
LA780,LA,780,cater-corner(ed) 
LA781,LA,781,crossway(s) 
LA782,LA,782,antigodlin 
LA782,LA,782,cater-corner(ed) 
LA783,LA,783,antigodlin 
LA783,LA,783,cater-corner(ed) 
LA784,LA,784,-
LA785,LA,785,cater-corner(ed) 
LA785,LA,785,crossway(s) 
LA786,LA,786,antigodlin 
LA786,LA,786,cater-corner(ed) 
LA787,LA,787,antigodlin 
LA787,LA,787,at an angle 
LA787,LA,787,catawampus(ed) 
LA788,LA,788,cater-corner(ed) 
LA789,LA,789,cater-corner(ed) 
LA790,LA,790,cater-corner(ed) 
LA791,LA,791,cater-corner(ed) 
LA792,LA,792,cater-corner(ed) 
LA793,LA,793,cater-corner(ed) 
LA794,LA,794,angling (across) 
LA794,LA,794,antigodlin 
LA794,LA,794,catawampus(ed) 
LA794,LA,794,cater-corner(ed) 
LA795,LA,795,-
LA796,LA,796,cater-corner(ed) 
LA797,LA,797,cater-corner(ed) 
LA798,LA,798,cater-corner(ed) 
LA798,LA,798,oblong 
LA799,LA,799,-
LA800,LA,800,antigodlin 
LA801,LA,801,cater-corner(ed) 
LA802,LA,802,cater-corner(ed) 
LA803,LA,803,-
LA804,LA,804,-
LA805,LA,805,-
LA806,LA,806,cater-corner(ed) 
LA807,LA,807,cater-corner(ed) 
LA808,LA,808,cater-corner(ed) 
LA808,LA,808,crossway(s) 
LA809,LA,809,jaywalk 
LA810,LA,810,cater-corner(ed) 
LA811,LA,811,across a catercorner 
LA811,LA,811,cater-corner(ed) 
LA811,LA,811,crossway(s) 
LA812,LA,812,-
LA813,LA,813,cater-corner(ed) 
LA814,LA,814,cater-corner(ed) 
LA815,LA,815,-
LA816,LA,816,catawampus(ed) 
LA816,LA,816,cater-corner(ed) 
LA817,LA,817,cater-corner(ed) 
LA817,LA,817,crossway(s) 
LA817,LA,817,jaywalk 
LA817,LA,817,shortcut 
TX818,TX,818,-
TX819,TX,819,catawampus(ed) 
TX820,TX,820,cater-corner(ed) 
TX821,TX,821,cater-corner(ed) 
TX822,TX,822,across a catercorner 
TX822,TX,822,cater-corner(ed) 
TX822,TX,822,diagonal(ly) (across) 
TX823,TX,823,antigodlin 
TX823,TX,823,cater-corner(ed) 
TX823,TX,823,whompy-jawed 
TX824,TX,824,catawampus(ed) 
TX824,TX,824,cater-corner(ed) 
TX825,TX,825,cater-corner(ed) 
TX826,TX,826,angular 
TX826,TX,826,catawampus(ed) 
TX827,TX,827,cater-corner(ed) 
TX828,TX,828,cater-corner(ed) 
TX828,TX,828,zigzag 
TX829,TX,829,antigodlin 
TX829,TX,829,cater-corner(ed) 
TX830,TX,830,cater-corner(ed) 
TX831,TX,831,cater-corner(ed) 
TX832,TX,832,-
TX833,TX,833,cater-corner(ed) 
TX834,TX,834,cater-corner(ed) 
TX834,TX,834,jaywalk 
TX835,TX,835,angled 
TX835,TX,835,cater-corner(ed) 
TX836,TX,836,across a catercorner 
TX836,TX,836,cater-corner(ed) 
TX837,TX,837,-
TX838,TX,838,cater-corner(ed) 
TX839,TX,839,across a catercorner 
TX840,TX,840,-
TX841,TX,841,cater-corner(ed) 
TX842,TX,842,cater-corner(ed) 
TX843,TX,843,across a catercorner 
TX843,TX,843,cater-corner(ed) 
TX843,TX,843,diagonal(ly) (across) 
TX844,TX,844,cater-corner(ed) 
TX845,TX,845,-
TX846,TX,846,cater-corner(ed) 
TX846,TX,846,cut the butter 
TX847,TX,847,-
TX848,TX,848,angled 
TX848,TX,848,cater-corner(ed) 
TX849,TX,849,cater-corner(ed) 
TX850,TX,850,antigodlin 
TX851,TX,851,-
TX852,TX,852,across a catercorner 
TX853,TX,853,cater-corner(ed) 
TX854,TX,854,cater-corner(ed) 
TX855,TX,855,cater-corner(ed) 
TX856,TX,856,-
TX857,TX,857,cater-corner(ed) 
TX857,TX,857,crosswise 
TX858,TX,858,diagonal(ly) (across) 
TX859,TX,859,cater-corner(ed) 
TX860,TX,860,-
TX861,TX,861,cater-corner(ed) 
TX862,TX,862,cater-corner(ed) 
TX863,TX,863,cater-corner(ed) 
TX864,TX,864,cater-corner(ed) 
TX865,TX,865,cater-corner(ed) 
TX866,TX,866,angled 
TX866,TX,866,cater-corner(ed) 
TX866,TX,866,shortcut 
TX867,TX,867,cater-corner(ed) 
TX868,TX,868,angled 
TX868,TX,868,cater-corner(ed) 
TX869,TX,869,cater-corner(ed) 
TX869,TX,869,diagonal(ly) (across) 
TX870,TX,870,cater-corner(ed) 
TX871,TX,871,cater-corner(ed) 
TX872,TX,872,-
TX873,TX,873,cater-corner(ed) 
TX874,TX,874,cater-corner(ed) 
TX874,TX,874,cockeyed 
TX875,TX,875,cater-corner(ed) 
TX876,TX,876,cater-corner(ed) 
TX877,TX,877,catawampus(ed) 
TX877,TX,877,cater-corner(ed) 
TX878,TX,878,cater-corner(ed) 
TX879,TX,879,cater-corner(ed) 
TX880,TX,880,across a catercorner 
TX880,TX,880,cater-corner(ed) 
TX881,TX,881,-
TX882,TX,882,cater-corner(ed) 
TX883,TX,883,cater-corner(ed) 
TX884,TX,884,-
TX885,TX,885,cater-corner(ed) 
TX886,TX,886,cater-corner(ed) 
TX886,TX,886,triangle 
TX887,TX,887,cater-corner(ed) 
TX888,TX,888,-
TX889,TX,889,cater-corner(ed) 
TX889,TX,889,diagonal(ly) (across) 
TX890,TX,890,adjacent 
TX890,TX,890,cater-corner(ed) 
TX891,TX,891,cater-corner(ed) 
TX892,TX,892,cater-corner(ed) 
TX893,TX,893,cater-corner(ed) 
TX894,TX,894,cater-corner(ed) 
TX895,TX,895,-
TX896,TX,896,-
TX897,TX,897,-
TX898,TX,898,-
TX899,TX,899,cater-corner(ed) 
TX899,TX,899,crosswise 
TX900,TX,900,at an angle 
TX900,TX,900,cater-corner(ed) 
TX901,TX,901,cater-corner(ed) 
TX902,TX,902,antigodlin 
TX902,TX,902,cater-corner(ed) 
TX903,TX,903,-
TX904,TX,904,cater-corner(ed) 
TX905,TX,905,cater-corner(ed) 
TX906,TX,906,cater-corner(ed) 
TX907,TX,907,cater-corner(ed) 
TX908,TX,908,cater-corner(ed) 
TX908,TX,908,cut (a)cross 
TX908,TX,908,jaywalk 
TX909,TX,909,-
TX910,TX,910,cater-corner(ed) 
TX911,TX,911,catawampus(ed) 
