Informant,State,Informant number,Response
TN001,TN,001,mIzooryA=414
TN002,TN,002,mizoorA=314
TN003,TN,003,mizoorA=314
TN004,TN,004,-
TN005,TN,005,mizoorA=314
TN006,TN,006,mizoorA=314
TN007,TN,007,mizoorA=314
TN008,TN,008,-
TN009,TN,009,mizoorI=314
TN010,TN,010,mIzoorA=414
TN011,TN,011,mizoor(I)=31
TN012,TN,012,-
TN013,TN,013,mizoorA=314
TN014,TN,014,mizoorA=314
TN015,TN,015,mizoorA=314
TN016,TN,016,-
TN017,TN,017,mizoorI=314
TN018,TN,018,mizoorA=314
TN019,TN,019,mizoorA=314
TN020,TN,020,mizooree=313
TN021,TN,021,-
TN022,TN,022,mIzoorI=414
TN023,TN,023,muzoorA=314
TN024,TN,024,mizooree=313
TN025,TN,025,-
TN026,TN,026,mizooree=313
TN027,TN,027,mizooree=313
TN028,TN,028,mAzoorA=414
TN029,TN,029,mizoorA=314
TN030,TN,030,mAzoorI=414
TN031,TN,031,-
TN032,TN,032,mizoor(I)=31
TN033,TN,033,mizoorI=314
TN034,TN,034,mizooree=313
TN035,TN,035,mizoorI=314
TN036,TN,036,mizoorI=314
TN037,TN,037,mizoorI=314
TN038,TN,038,mAzoorA=414
TN039,TN,039,mizoorI=314
TN040,TN,040,mAzoorI=414
TN041,TN,041,mAzoorI=414
TN042,TN,042,-
TN043,TN,043,mizoorA=314
TN044,TN,044,mizooree=313
TN045,TN,045,mizoorA=314
TN046,TN,046,mizoorI=314
TN047,TN,047,mIzoorI=414
TN048,TN,048,mizoorA=314
TN049,TN,049,mizoorA=314
TN050,TN,050,mizooree=313
TN051,TN,051,mAzoorI=414
TN052,TN,052,-
TN053,TN,053,mizooree=313
TN054,TN,054,-
TN055,TN,055,mAzoorA=414
TN056,TN,056,mAzoorI=414
TN057,TN,057,mAzoorI=414
TN058,TN,058,mizoorI=314
TN059,TN,059,mIzoorI=414
TN060,TN,060,mizooree=313
GA061,GA,061,-
GA062,GA,062,mAzoorI=414
GA063,GA,063,-
GA064,GA,064,mizoorI=314
GA065,GA,065,mAzoorA=414
GA066,GA,066,-
GA067,GA,067,mIzoorI=414
GA068,GA,068,-
GA069,GA,069,mAzoorI=414
GA070,GA,070,-
GA071,GA,071,mizoorI=314
GA072,GA,072,mizoorI=314
GA073,GA,073,mAzoorA=414
GA074,GA,074,mAzoorI=414
GA075,GA,075,mAzoorA=414
GA076,GA,076,mIzoorA=414
GA077,GA,077,-
GA078,GA,078,-
GA079,GA,079,mizoorI=314
GA080,GA,080,-
GA081,GA,081,mAzooree=413
GA082,GA,082,-
GA083,GA,083,muzoorI=314
GA084,GA,084,-
GA085,GA,085,muzoorA=314
GA086,GA,086,mIzoorI=414
GA087,GA,087,mAzoorI=414
GA088,GA,088,mAzoorI=414
GA089,GA,089,-
GA090,GA,090,mAzoorI=414
GA091,GA,091,mAzoorA=414
GA092,GA,092,mizoorI=314
GA093,GA,093,-
GA094,GA,094,mAzoorA=414
GA095,GA,095,mIzoorA=414
GA096,GA,096,mIzoorA=414
GA097,GA,097,mizoorI=314
GA098,GA,098,mAzirI=414
GA099,GA,099,mAzoorI=414
GA100,GA,100,-
GA101,GA,101,mAzoorI=414
GA102,GA,102,mAzoorI=414
GA103,GA,103,mizyoorI=314
GA104,GA,104,mizoorI=314
GA105,GA,105,mizoorA=314
GA106,GA,106,mAzoorA=414
GA107,GA,107,mizoorA=314
GA108,GA,108,mizoorI=314
GA109,GA,109,mIzoorI=414
GA110,GA,110,-
GA111,GA,111,-
GA112,GA,112,-
GA113,GA,113,-
GA114,GA,114,-
GA115,GA,115,-
GA116,GA,116,-
GA117,GA,117,mizoorA=314
GA118,GA,118,mizoorI=314
GA119,GA,119,mIzewrI=414
GA120,GA,120,mAzoorA=414
GA121,GA,121,mAzoorI=414
GA122,GA,122,mAzoorI=414
GA123,GA,123,mizoorI=314
GA124,GA,124,mizoorI=314
GA125,GA,125,mAzoorI=414
GA126,GA,126,-
GA127,GA,127,-
GA128,GA,128,-
GA129,GA,129,-
GA130,GA,130,-
GA131,GA,131,-
GA132,GA,132,-
GA133,GA,133,mizoorI=314
GA134,GA,134,-
GA135,GA,135,mIzoorI=414
GA136,GA,136,mAzoorI=414
GA137,GA,137,mAzoorI=414
GA138,GA,138,-
GA139,GA,139,mAzoorA=414
GA140,GA,140,-
GA141,GA,141,mAzoorI=414
GA142,GA,142,-
GA143,GA,143,mIzoorI=414
GA144,GA,144,mAzoorI=414
GA145,GA,145,-
GA146,GA,146,mizoorA=314
GA147,GA,147,-
GA148,GA,148,mIzoorI=414
GA149,GA,149,-
GA150,GA,150,mAzoorI=414
GA151,GA,151,mIzoorI=414
GA152,GA,152,-
GA153,GA,153,-
GA154,GA,154,mizoorI=314
GA155,GA,155,mizoorI=314
GA156,GA,156,-
GA157,GA,157,-
GA158,GA,158,-
GA159,GA,159,mAzoorA=414
GA160,GA,160,-
GA161,GA,161,mIzoorI=414
GA162,GA,162,mIzoorI=414
GA163,GA,163,mizoorI=314
GA164,GA,164,mizoorI=314
GA165,GA,165,mizoorI=314
GA166,GA,166,mAzuerI=414
GA167,GA,167,mizoorI=314
GA168,GA,168,-
GA169,GA,169,-
GA170,GA,170,mAzoorI=414
GA171,GA,171,mAzoorI=414
GA172,GA,172,mAzoorA=414
GA173,GA,173,-
GA174,GA,174,-
GA175,GA,175,-
GA176,GA,176,mizoorA=314
GA177,GA,177,-
GA178,GA,178,-
GA179,GA,179,muzoorI=214
GA180,GA,180,-
GA181,GA,181,-
GA182,GA,182,-
GA183,GA,183,mIzoorI=414
GA184,GA,184,mizoorI=314
GA185,GA,185,mizoorI=314
GA186,GA,186,mizooree=313
GA187,GA,187,-
GA188,GA,188,mizoo(r)I=314
GA189,GA,189,mIzoorI=414
GA190,GA,190,mizoorI=314
GA191,GA,191,mAzoorI=414
GA192,GA,192,mAzoorA=414
GA193,GA,193,-
GA194,GA,194,-
GA195,GA,195,mAzoorA=414
GA196,GA,196,-
GA197,GA,197,-
GA198,GA,198,-
GA199,GA,199,-
GA200,GA,200,-
GA201,GA,201,mAzyoorI=414
GA202,GA,202,mizoorI=314
GA203,GA,203,-
GA204,GA,204,-
GA205,GA,205,-
GA206,GA,206,mizoorA=314
GA207,GA,207,mIzoor(I)=41
GA208,GA,208,mAzoorI=414
GA209,GA,209,mAzoorI=414
GA210,GA,210,-
GA211,GA,211,mAzoorI=414
GA212,GA,212,mAzoorI=414
GA213,GA,213,mAzoorI=414
GA214,GA,214,mizoorA=314
GA214,GA,214,mizoorI=314
GA215,GA,215,-
GA216,GA,216,-
GA217,GA,217,-
GA218,GA,218,-
GA219,GA,219,mAzoorA=414
GA220,GA,220,muzoorI=314
GA220,GA,220,mIzoorI=414
GA221,GA,221,mAzooree=413
GA222,GA,222,-
GA223,GA,223,-
GA224,GA,224,-
GA225,GA,225,-
FL226,FL,226,-
FL227,FL,227,mAzoorI=414
FL228,FL,228,mIzoorI=414
FL229,FL,229,mizuerA=314
FL230,FL,230,mAzoorI=414
FL231,FL,231,muzoorI=314
FL232,FL,232,-
FL233,FL,233,mAzoorI=414
FL234,FL,234,-
FL235,FL,235,mAzoorI=414
FL236,FL,236,mAzoorI=414
FL237,FL,237,mIzoorI=414
FL238,FL,238,mizoorI=314
FL238,FL,238,mizoorA=314
FL239,FL,239,mIzoorI=414
FL240,FL,240,mAzoorI=414
FL241,FL,241,-
FL242,FL,242,mizoorA=314
FL243,FL,243,mizoorI=314
FL244,FL,244,-
FL245,FL,245,mAzoorI=414
FL246,FL,246,mIzoorA=414
FL247,FL,247,mAzoorA=414
FL248,FL,248,mAzoorA=414
FL249,FL,249,mIzoorI=414
FL250,FL,250,-
FL251,FL,251,-
FL252,FL,252,-
FL253,FL,253,mIzooree=413
FL254,FL,254,mAzoorI=414
FL255,FL,255,mAzoorI=414
FL256,FL,256,-
FL257,FL,257,mizoorA=314
FL258,FL,258,mizoorI=314
FL259,FL,259,mIzoorI=414
FL260,FL,260,muzoorI=314
FL261,FL,261,mizoorI=314
FL262,FL,262,mAzoorI=414
FL263,FL,263,mizoorI=314
FL264,FL,264,mAzoorI=414
FL265,FL,265,-
FL266,FL,266,mAzoorI=414
FL267,FL,267,-
FL268,FL,268,-
FL269,FL,269,mAzoorA=414
FL270,FL,270,mAzoorI=414
FL271,FL,271,mAzoorI=414
FL272,FL,272,muzoorI=314
FL273,FL,273,mizoorI=314
FL274,FL,274,mizoorI=314
FL275,FL,275,-
FL276,FL,276,-
FL277,FL,277,-
FL278,FL,278,mizoorI=314
FL279,FL,279,mAzoorI=414
FL280,FL,280,mIzoorI=414
FL281,FL,281,mAzoorI=414
FL282,FL,282,muzoorA=314
FL283,FL,283,mIzuer(I)=41
FL284,FL,284,mAzoorA=414
FL285,FL,285,-
FL286,FL,286,mizoorI=314
FL287,FL,287,-
FL288,FL,288,mIzoorI=414
FL289,FL,289,mizooree=313
TN290,TN,290,mizoorI=314
TN291,TN,291,mizoorA=314
TN292,TN,292,mizoorA=314
TN293,TN,293,mizoorA=314
TN294,TN,294,mAzoorI=414
TN295,TN,295,-
TN296,TN,296,mizoorI=314
TN297,TN,297,mAzoorI=414
TN298,TN,298,-
TN299,TN,299,mIzoorI=414
TN300,TN,300,mAzoorI=414
TN301,TN,301,-
TN302,TN,302,mizoorA=314
TN303,TN,303,-
TN304,TN,304,mAzoorA=414
TN305,TN,305,-
TN306,TN,306,-
TN307,TN,307,mAzoorI=414
TN308,TN,308,mIzoorI=414
TN309,TN,309,mAzoorA=414
TN310,TN,310,mizoorI=314
TN311,TN,311,muzoorA=314
TN312,TN,312,mizoorA=314
TN313,TN,313,mAzoorA=414
TN314,TN,314,mAzoorI=414
TN315,TN,315,muzoorI=314
TN316,TN,316,mAzoorI=414
TN317,TN,317,mAzoor(I)=41
TN317,TN,317,mIzoorA=414
TN318,TN,318,-
TN319,TN,319,-
TN320,TN,320,mizoorA=314
TN321,TN,321,mAzoorI=414
TN322,TN,322,mIzoorI=414
TN323,TN,323,mAzoorI=414
TN324,TN,324,mizoorI=314
TN325,TN,325,mAzoorA=414
TN326,TN,326,mizoorA=314
TN327,TN,327,mAzoorI=414
TN328,TN,328,mAzoorI=414
TN329,TN,329,mAzoorI=414
TN330,TN,330,mizoorA=314
TN331,TN,331,-
TN332,TN,332,mAzoorI=414
TN333,TN,333,mizoorA=314
TN334,TN,334,mAzoorI=414
TN335,TN,335,mAzoorI=414
TN336,TN,336,mAzoorI=414
AL337,AL,337,-
AL338,AL,338,mizoorA=314
AL338,AL,338,mAzoorA=414
AL339,AL,339,mizoorI=314
AL340,AL,340,-
AL341,AL,341,mAzoorA=414
AL342,AL,342,mAzoorI=414
AL343,AL,343,mIzoorI=414
AL344,AL,344,-
AL345,AL,345,mAzoorI=414
AL346,AL,346,-
AL347,AL,347,-
AL348,AL,348,mIzoorI=414
AL349,AL,349,mAzoorI=414
AL350,AL,350,mAzoorI=414
AL351,AL,351,mAzoorI=414
AL352,AL,352,mAzoorI=414
AL353,AL,353,-
AL354,AL,354,mizoorA=314
AL355,AL,355,-
AL356,AL,356,mAzoorI=414
AL357,AL,357,mAzoorI=414
AL358,AL,358,mAzoorI=414
AL359,AL,359,mAzoorI=414
AL360,AL,360,mAzoorI=414
AL361,AL,361,mAzoorA=414
AL362,AL,362,mAzoorA=414
AL363,AL,363,mAzoorI=414
AL364,AL,364,mAzoorA=414
AL365,AL,365,-
AL366,AL,366,mIzoorI=414
AL367,AL,367,mizoorA=314
AL368,AL,368,mizoorA=314
AL369,AL,369,-
AL370,AL,370,mAzoorA=414
AL371,AL,371,mizoorI=314
AL372,AL,372,mIzoorI=414
AL373,AL,373,mIzirI=414
AL374,AL,374,mIzoorA=414
AL375,AL,375,mAzoorI=414
AL376,AL,376,-
AL377,AL,377,-
AL378,AL,378,mAzoorA=414
AL379,AL,379,mizoorI=314
AL380,AL,380,mIzoorA=414
AL381,AL,381,mAzoorI=414
AL382,AL,382,mAzoorA=414
AL383,AL,383,miszoorI=314
AL384,AL,384,mizoorA=314
AL385,AL,385,mIzhoorI=414
AL386,AL,386,mizoorA=314
AL387,AL,387,mizoorI=314
AL388,AL,388,-
AL389,AL,389,-
AL390,AL,390,mAzoorI=414
AL391,AL,391,mizoorI=314
AL392,AL,392,-
AL393,AL,393,mAzoeree=413
AL394,AL,394,mAzoorA=414
AL395,AL,395,mizoorA=314
AL396,AL,396,-
AL397,AL,397,mizoorI=314
AL398,AL,398,mizoorA=314
AL399,AL,399,mIzoorI=414
AL400,AL,400,mAzoorA=414
AL401,AL,401,-
AL402,AL,402,-
AL403,AL,403,mAzoorA=414
AL404,AL,404,mIzoorI=414
AL405,AL,405,mizoorI=314
AL406,AL,406,-
AL407,AL,407,-
AL408,AL,408,mAzoorI=414
AL409,AL,409,mAzoorI=414
AL410,AL,410,mizoorI=314
AL411,AL,411,mAzoorI=414
AL412,AL,412,-
AL413,AL,413,-
AL414,AL,414,mAzoorI=414
AL415,AL,415,mIzoorI=414
AL416,AL,416,mAzoorI=414
AL417,AL,417,mizoorI=314
AL418,AL,418,mAzoorI=414
AL419,AL,419,mizoorI=314
AL419,AL,419,mizoorA=314
AL420,AL,420,-
AL421,AL,421,mAzoorA=414
AL422,AL,422,-
AL423,AL,423,mAzoorI=414
AL424,AL,424,mizoorI=314
AL425,AL,425,-
AL426,AL,426,-
AL427,AL,427,mAzoorI=414
AL428,AL,428,mAzoorI=414
AL429,AL,429,-
AL430,AL,430,mAzoorA=414
AL431,AL,431,mAzoorA=414
AL432,AL,432,mIzoorI=414
AL433,AL,433,mAzoorI=414
AL434,AL,434,-
AL435,AL,435,mAzoorA=414
AL436,AL,436,mAzoorI=414
AL437,AL,437,mizoorI=314
AL438,AL,438,-
AL439,AL,439,mAzoorA=414
AL440,AL,440,mAzoorA=414
AL441,AL,441,mAzoorI=414
AL442,AL,442,-
AL443,AL,443,mAzoorI=414
AL444,AL,444,mizoorA=314
AL445,AL,445,mAzoorI=414
AL446,AL,446,muzoorA=314
AL447,AL,447,mizoorA=314
AL448,AL,448,mAzoorA=414
AL449,AL,449,-
AL450,AL,450,-
AL451,AL,451,mizoorA=314
FL452,FL,452,mizoorI=314
FL453,FL,453,-
FL454,FL,454,mizoorA=314
FL455,FL,455,mAzoorI=414
FL456,FL,456,mAzoorI=414
FL457,FL,457,mIzoorI=414
FL458,FL,458,mizoorA=314
FL459,FL,459,-
FL460,FL,460,-
FL461,FL,461,mAzoorI=414
FL462,FL,462,mAzoorA=414
FL463,FL,463,-
FL464,FL,464,-
FL465,FL,465,-
FL466,FL,466,mAzoorI=414
FL467,FL,467,mizoorI=314
FL468,FL,468,mAjoorA=414
FL469,FL,469,mAzoorI=414
FL470,FL,470,mAzoorA=414
FL471,FL,471,mAzoorI=414
AL472,AL,472,mAzoorI=414
AL473,AL,473,-
AL474,AL,474,mAzoorI=414
AL475,AL,475,mizoorA=314
AL476,AL,476,mIzoorA=414
AL477,AL,477,mizoorI=314
AL478,AL,478,-
AL479,AL,479,mAzoorI=414
AL480,AL,480,mizoorI=314
AL481,AL,481,mizoorA=314
AL482,AL,482,mizoorA=214
AL483,AL,483,-
AL484,AL,484,mizoorI=314
AL485,AL,485,mIzoorI=414
TN486,TN,486,-
TN487,TN,487,-
TN488,TN,488,mAzoorA=414
TN489,TN,489,mAzoorI=414
TN490,TN,490,mAzoorI=414
TN491,TN,491,-
TN492,TN,492,mAzoor(I)=41
TN493,TN,493,mAzoorA=414
TN494,TN,494,mAzoorA=414
TN494,TN,494,mAzoor(I)=41
TN495,TN,495,-
TN496,TN,496,mAzoorA=414
TN497,TN,497,moozuerA=314
TN498,TN,498,mIzoorI=414
TN499,TN,499,mAzoorI=414
TN500,TN,500,-
TN501,TN,501,mAzoorA=414
TN502,TN,502,mAzoorI=414
TN503,TN,503,-
TN504,TN,504,mIzoorI=414
TN505,TN,505,-
TN506,TN,506,-
TN507,TN,507,-
TN508,TN,508,muzoorA=314
TN509,TN,509,-
TN510,TN,510,mIzoorI=414
TN511,TN,511,-
TN512,TN,512,-
TN513,TN,513,mizoorI=314
TN514,TN,514,mizoorI=314
TN515,TN,515,mIzoorI=414
TN516,TN,516,mizoorI=314
TN517,TN,517,mAzoorI=414
TN518,TN,518,mAzoorI=414
TN519,TN,519,mAzoorI=414
MS520,MS,520,-
MS521,MS,521,mizoorA=314
MS522,MS,522,mAzoorI=414
MS523,MS,523,-
MS524,MS,524,mAzoorI=414
MS525,MS,525,mAzoorI=414
MS526,MS,526,-
MS527,MS,527,mIzoorI=414
MS528,MS,528,mizoorA=314
MS529,MS,529,-
MS530,MS,530,mAzoorI=414
MS531,MS,531,mAzoorI=414
MS532,MS,532,mizoorI=314
MS533,MS,533,mIzoorI=414
MS534,MS,534,mAzoorA=414
MS535,MS,535,muzoorA=314
MS536,MS,536,mAzoorA=414
MS537,MS,537,-
MS538,MS,538,mizoorA=314
MS539,MS,539,mizoorA=314
MS540,MS,540,mizoorA=314
MS541,MS,541,mIzoorA=414
MS542,MS,542,-
MS543,MS,543,-
MS544,MS,544,-
MS545,MS,545,mAzoorI=414
MS546,MS,546,-
MS547,MS,547,mAzoorA=414
MS548,MS,548,mizoorA=314
MS549,MS,549,mIzoorA=414
MS550,MS,550,-
MS551,MS,551,mIzoorI=414
MS552,MS,552,-
MS553,MS,553,-
MS554,MS,554,-
MS555,MS,555,-
MS556,MS,556,mAzoorI=414
MS556,MS,556,mAzoorA=414
MS557,MS,557,mAzoorA=414
MS558,MS,558,mAzoorI=414
MS559,MS,559,-
MS560,MS,560,mAzoorI=414
MS561,MS,561,-
MS562,MS,562,mizoorA=314
MS563,MS,563,mizooree=213
MS564,MS,564,mizoerI=314
MS565,MS,565,mAzoorI=414
MS566,MS,566,-
MS567,MS,567,-
MS568,MS,568,-
MS569,MS,569,-
MS570,MS,570,mAzoorA=414
MS571,MS,571,mAzoorI=414
MS572,MS,572,-
MS573,MS,573,mIzoorI=414
MS574,MS,574,mAzoorA=414
MS575,MS,575,mizoorA=314
MS576,MS,576,mAzoorI=414
MS577,MS,577,mAzoorI=414
MS577,MS,577,mIzoorA=414
MS578,MS,578,mAzoorA=414
MS579,MS,579,mIzoorI=414
MS580,MS,580,-
MS581,MS,581,-
MS582,MS,582,mizoorA=314
MS583,MS,583,mAzhoorA=414
MS584,MS,584,mAzoorA=414
MS585,MS,585,muzoo(r)I=314
MS586,MS,586,-
MS587,MS,587,mAzoorA=414
MS588,MS,588,mAzoorA=414
MS589,MS,589,mAzoorI=414
MS590,MS,590,mizoorI=314
MS591,MS,591,mIzoorI=414
MS592,MS,592,mIzoorI=414
MS593,MS,593,mAzoorI=414
MS594,MS,594,mizoorI=314
MS595,MS,595,mizoorA=314
MS596,MS,596,mAzoorI=414
MS597,MS,597,-
MS598,MS,598,mAzoorA=414
MS599,MS,599,mIzoorI=414
MS600,MS,600,-
MS601,MS,601,mAzoorI=414
MS602,MS,602,mizoorI=314
MS603,MS,603,-
MS604,MS,604,-
MS605,MS,605,mAzoorI=414
MS606,MS,606,-
MS607,MS,607,mizoorA=314
MS608,MS,608,mAzoorI=414
MS609,MS,609,-
MS610,MS,610,mizoorA=314
MS611,MS,611,-
MS612,MS,612,-
MS613,MS,613,mizoorA=314
MS614,MS,614,-
MS615,MS,615,mizoorI=314
MS616,MS,616,-
MS617,MS,617,mAzoorI=414
MS618,MS,618,mAzoorA=414
MS619,MS,619,-
MS620,MS,620,mizoorI=314
MS621,MS,621,mizoorI=314
MS622,MS,622,mAzoorI=414
MS623,MS,623,mIzoorA=414
MS624,MS,624,mIzoorI=414
MS625,MS,625,-
MS626,MS,626,-
MS627,MS,627,mAzooR=414
MS628,MS,628,mizoorI=314
MS629,MS,629,mizoorI=314
LA630,LA,630,mAzoorI=414
LA631,LA,631,-
LA632,LA,632,mAzoorI=414
LA633,LA,633,mAzoorA=414
LA634,LA,634,-
LA635,LA,635,mAzoorA=414
LA636,LA,636,mAzoorA=414
LA637,LA,637,-
LA638,LA,638,mizoorA=314
LA639,LA,639,mAzoo(r)I=414
LA640,LA,640,mAzoorA=414
LA641,LA,641,mAzurI=414
LA642,LA,642,mAzoorI=414
LA643,LA,643,mAzoorI=414
LA644,LA,644,-
LA645,LA,645,mAzoorI=414
LA646,LA,646,mAzoorI=414
LA647,LA,647,-
LA648,LA,648,mIzoorI=414
LA649,LA,649,mAzoorI=414
LA650,LA,650,-
LA651,LA,651,-
LA652,LA,652,mAzoorI=414
LA653,LA,653,mIzoorI=414
LA654,LA,654,mAzoorI=414
LA655,LA,655,mAzoorI=414
LA656,LA,656,mIzoorI=414
LA657,LA,657,mIzoorI=414
LA657X,LA,657X,mizoorI=314
LA657Y,LA,657Y,mIzoorI=414
LA657Z,LA,657Z,mizoorA=314
LA657Z,LA,657Z,mizoorI=314
LA658,LA,658,mizoorI=314
LA658,LA,658,mizuerI=314
LA659,LA,659,mizoorI=314
LA660,LA,660,mAzoorI=414
LA661,LA,661,mAzoorI=414
LA662,LA,662,mizoorI=314
LA663,LA,663,-
LA664,LA,664,-
LA665,LA,665,-
LA666,LA,666,mAzoorI=414
LA667,LA,667,-
LA668,LA,668,-
LA669,LA,669,mIzoorA=414
LA670,LA,670,-
LA671,LA,671,mAzoorI=414
LA672,LA,672,mIzoorI=414
LA673,LA,673,mAzoorI=414
AR674,AR,674,mizoorI=314
AR675,AR,675,-
AR676,AR,676,mizoorA=314
AR677,AR,677,mAzoorI=414
AR677,AR,677,mAzoorA=414
AR678,AR,678,mizoorA=314
AR678,AR,678,mizoorI=314
AR679,AR,679,mizoorA=314
AR680,AR,680,mizoorA=314
AR681,AR,681,muzoorI=314
AR682,AR,682,mizoorA=314
AR683,AR,683,mizoorI=314
AR684,AR,684,mizoorI=314
AR685,AR,685,-
AR686,AR,686,mAzoorA=414
AR687,AR,687,mIzoorI=414
AR687,AR,687,mItzoorA=414
AR688,AR,688,mizoorA=314
AR689,AR,689,mAzoorI=414
AR690,AR,690,mAzoorA=414
AR691,AR,691,mAzoorA=414
AR692,AR,692,mIzoorI=414
AR693,AR,693,mAzoorI=414
AR694,AR,694,mizoorI=314
AR695,AR,695,mIzoorA=414
AR696,AR,696,mizoorA=314
AR697,AR,697,mAzoorI=414
AR698,AR,698,-
AR699,AR,699,mizoorA=314
AR700,AR,700,mizoorI=314
AR701,AR,701,mAzoorA=414
AR702,AR,702,mAzoorA=414
AR703,AR,703,mizoorA=314
AR704,AR,704,mAzoolI=414
AR705,AR,705,mAzoorA=414
AR706,AR,706,-
AR707,AR,707,mizoorI=314
AR708,AR,708,mAzoorA=414
AR709,AR,709,mIzoorI=414
AR710,AR,710,-
AR711,AR,711,mAzoorI=414
AR712,AR,712,mAzoorI=414
AR713,AR,713,mAzoorI=414
AR714,AR,714,mAzoorI=414
AR715,AR,715,mizoorA=314
AR716,AR,716,mAzoorI=414
AR717,AR,717,mAzoorI=414
AR718,AR,718,mizuerI=314
AR718,AR,718,mAzoorA=414
AR719,AR,719,mIzooree=413
AR720,AR,720,mIzoorA=414
AR721,AR,721,mIzoorI=414
AR722,AR,722,-
AR723,AR,723,mIzoorI=414
AR723,AR,723,mIzurI=414
AR724,AR,724,mizoorA=314
AR725,AR,725,mIzoorI=414
AR726,AR,726,mAzoorA=414
AR727,AR,727,mAzoorI=414
AR728,AR,728,mAzoorA=414
AR729,AR,729,mAzoorI=414
AR730,AR,730,mAzoorA=414
AR731,AR,731,mIzoorI=414
AR732,AR,732,mizurI=314
AR732,AR,732,mAzoorI=414
AR733,AR,733,-
AR734,AR,734,-
AR735,AR,735,mIzooree=413
AR736,AR,736,mAzoorA=414
AR737,AR,737,mAzoorA=414
AR738,AR,738,mIzoorI=414
AR739,AR,739,-
AR740,AR,740,mizoorA=314
AR741,AR,741,mIzoorI=414
AR741,AR,741,mIzoorA=414
AR742,AR,742,mAzoorA=414
AR743,AR,743,mAzoorA=414
AR744,AR,744,-
AR745,AR,745,mAzoorA=414
AR746,AR,746,-
AR747,AR,747,mizoorA=314
AR748,AR,748,mizoorI=314
AR749,AR,749,mAzoorA=414
AR750,AR,750,mizoorA=314
AR751,AR,751,-
AR752,AR,752,mAzoorA=414
AR752,AR,752,mIzoorI=414
AR753,AR,753,mIzoorI=414
AR754,AR,754,mizoorI=314
AR755,AR,755,mAzooR=414
LA756,LA,756,mAzoorI=414
LA757,LA,757,mizoorI=314
LA758,LA,758,mAzoorI=414
LA759,LA,759,-
LA760,LA,760,-
LA761,LA,761,mizoorA=314
LA762,LA,762,-
LA763,LA,763,-
LA764,LA,764,mAzoorA=414
LA764,LA,764,mAzoorI=414
LA765,LA,765,mAzoorA=414
LA766,LA,766,mAzuerI=414
LA766,LA,766,muzoorI=314
LA767,LA,767,mizoorA=314
LA768,LA,768,mezoorI=314
LA769,LA,769,mizurI=314
LA769,LA,769,mAzurI=414
LA770,LA,770,mAzoorI=414
LA771,LA,771,mAzoorI=414
LA772,LA,772,mAzoorA=414
LA773,LA,773,mAzoorA=414
LA774,LA,774,-
LA775,LA,775,mAzoorA=414
LA776,LA,776,mizooree=313
LA777,LA,777,mAzoorI=414
LA778,LA,778,mizoorA=314
LA779,LA,779,mizoorI=314
LA780,LA,780,mAzoorI=414
LA781,LA,781,mizoorA=314
LA782,LA,782,mAzoorI=414
LA783,LA,783,mAzoorI=414
LA784,LA,784,-
LA785,LA,785,mAzoorI=414
LA786,LA,786,mAzoorI=414
LA787,LA,787,mizoorI=314
LA788,LA,788,mAzoorA=414
LA789,LA,789,mAzoorA=414
LA790,LA,790,mizoorA=314
LA791,LA,791,-
LA792,LA,792,mIzoorA=414
LA793,LA,793,-
LA794,LA,794,mAzoorA=414
LA795,LA,795,-
LA796,LA,796,mAzoorA=414
LA797,LA,797,-
LA798,LA,798,mIzoorI=414
LA799,LA,799,-
LA800,LA,800,mIzoorI=414
LA801,LA,801,mAroorA=414
LA802,LA,802,mizoorI=314
LA803,LA,803,-
LA804,LA,804,-
LA805,LA,805,mizoorI=314
LA806,LA,806,muzoorA=314
LA806,LA,806,mAzoorI=414
LA807,LA,807,-
LA808,LA,808,mAzoorI=414
LA809,LA,809,mIzoorI=414
LA810,LA,810,mizoorI=314
LA811,LA,811,mAzoorI=414
LA812,LA,812,mizoorI=314
LA813,LA,813,mAzoorA=414
LA814,LA,814,mAzoorA=414
LA815,LA,815,-
LA816,LA,816,mizoorI=314
LA817,LA,817,mizoorI=314
TX818,TX,818,-
TX819,TX,819,mizoorA=314
TX820,TX,820,mAzooree=413
TX821,TX,821,mAzoor(I)=41
TX822,TX,822,mizoorA=314
TX823,TX,823,mAzoorA=414
TX824,TX,824,mAzhurI=414
TX824,TX,824,mAzurI=414
TX825,TX,825,mAzoorA=414
TX826,TX,826,mAzoorI=414
TX827,TX,827,mizoorA=314
TX828,TX,828,mizoorI=314
TX829,TX,829,mAzoorA=414
TX830,TX,830,mAzoorA=414
TX831,TX,831,mAzoorI=414
TX832,TX,832,-
TX833,TX,833,mAzoorI=414
TX834,TX,834,-
TX835,TX,835,mAzoorA=414
TX836,TX,836,mAzoorI=414
TX836,TX,836,mAzoorA=414
TX836,TX,836,mAzoor(I)=41
TX837,TX,837,mAzoorA=414
TX838,TX,838,mAzoorA=414
TX839,TX,839,-
TX840,TX,840,-
TX841,TX,841,-
TX842,TX,842,mIzoorI=414
TX843,TX,843,-
TX844,TX,844,mIzirI=414
TX844,TX,844,mIzurI=414
TX845,TX,845,-
TX846,TX,846,mIzurI=414
TX847,TX,847,-
TX848,TX,848,-
TX849,TX,849,mAzoorA=414
TX850,TX,850,mAzoorI=414
TX851,TX,851,-
TX852,TX,852,mizoorI=314
TX853,TX,853,mIzoorI=414
TX854,TX,854,mIzoorI=414
TX854,TX,854,mIzoorA=414
TX855,TX,855,-
TX856,TX,856,-
TX857,TX,857,-
TX858,TX,858,mizoorA=314
TX859,TX,859,mIzoorI=414
TX860,TX,860,mIzoowI=414
TX861,TX,861,mAzoorA=414
TX862,TX,862,mAzoorI=414
TX863,TX,863,mAzoorI=414
TX864,TX,864,-
TX865,TX,865,mizoorA=314
TX866,TX,866,mAzoorI=414
TX867,TX,867,mAzoorI=414
TX867,TX,867,muzoorI=314
TX868,TX,868,mizoorA=314
TX869,TX,869,mizoorA=314
TX869,TX,869,mizoorI=314
TX870,TX,870,mizoorI=314
TX871,TX,871,mAzoorA=414
TX872,TX,872,-
TX873,TX,873,mAzoorA=414
TX874,TX,874,mizoorA=314
TX875,TX,875,mIzoorI=414
TX876,TX,876,mIzirI=414
TX877,TX,877,mizoorI=314
TX878,TX,878,mIzoorA=414
TX879,TX,879,-
TX880,TX,880,mIzoorI=414
TX881,TX,881,mizoorI=314
TX882,TX,882,-
TX883,TX,883,mizoorI=314
TX884,TX,884,-
TX885,TX,885,mIzoorA=414
TX886,TX,886,mIzoorA=414
TX887,TX,887,mizoorI=314
TX888,TX,888,-
TX889,TX,889,mIzoorI=414
TX890,TX,890,mizoorI=314
TX891,TX,891,mizoorI=314
TX892,TX,892,mIzoorI=414
TX893,TX,893,mAzoorI=414
TX894,TX,894,mizoorI=314
TX895,TX,895,mizuree=313
TX895,TX,895,mAzoorI=414
TX896,TX,896,-
TX897,TX,897,-
TX898,TX,898,-
TX899,TX,899,-
TX900,TX,900,mizoorI=314
TX901,TX,901,mAzoorI=414
TX902,TX,902,mIzoorI=414
TX903,TX,903,-
TX904,TX,904,mIzoorA=414
TX904,TX,904,mAzoor(I)=41
TX905,TX,905,mAzoorA=414
TX906,TX,906,mizoorI=314
TX907,TX,907,-
TX908,TX,908,-
TX909,TX,909,-
TX910,TX,910,mAzoorI=414
TX911,TX,911,mizoorI=314
TX911,TX,911,mizoorA=314
