Informant,State,Informant number,Response
TN001,TN,001,-
TN002,TN,002,orkNsaw=143
TN003,TN,003,orkNsaw=143
TN004,TN,004,orkNsaw=143
TN005,TN,005,orkNsaw=143
TN005,TN,005,awrkNsaw=143
TN006,TN,006,orkNsaw=143
TN007,TN,007,orkNsaw=143
TN008,TN,008,-
TN009,TN,009,o(r)kNsaw=143
TN010,TN,010,orkNsaw=143
TN011,TN,011,orkNsaw=143
TN012,TN,012,-
TN013,TN,013,orkNsaw=143
TN014,TN,014,o(r)kNsaw=143
TN015,TN,015,orkNsaw=143
TN016,TN,016,orkNsaw=143
TN017,TN,017,orkNsaw=143
TN018,TN,018,orkNsaw=143
TN019,TN,019,orkNsaw=143
TN020,TN,020,orkNsaw=143
TN021,TN,021,-
TN022,TN,022,orkNsaw=143
TN023,TN,023,-
TN024,TN,024,o(r)kNsaw=143
TN025,TN,025,orkNsaw=143
TN026,TN,026,orkNsaw=143
TN027,TN,027,orkNsaw=143
TN028,TN,028,orkNsaw=143
TN029,TN,029,orkNsaw=143
TN030,TN,030,orkNsaw=143
TN031,TN,031,orkNsaw=143
TN032,TN,032,orkNsaw=143
TN033,TN,033,orkNsaw=143
TN034,TN,034,o(r)kNsaw=143
TN035,TN,035,orkNsaw=143
TN036,TN,036,awrkNsaw=143
TN037,TN,037,orkNsaw=143
TN038,TN,038,orkNso=143
TN039,TN,039,orkNsaw=143
TN040,TN,040,orkNsaw=143
TN041,TN,041,orkNsaw=143
TN042,TN,042,-
TN043,TN,043,orkNsaw=143
TN044,TN,044,-
TN045,TN,045,orkNsaw=143
TN046,TN,046,orkNsaw=143
TN047,TN,047,awrkNsaw=143
TN048,TN,048,orkNsaw=143
TN049,TN,049,orkNsaw=143
TN050,TN,050,orkNsaw=143
TN051,TN,051,orkNsaw=143
TN052,TN,052,orkanzIz=314
TN053,TN,053,o[r]kNsaw=143
TN054,TN,054,-
TN055,TN,055,orkNsaw=143
TN056,TN,056,orkNsaw=143
TN057,TN,057,orkNsaw=141
TN058,TN,058,orkNsaw=143
TN059,TN,059,orkNsaw=143
TN060,TN,060,orkNsaw=143
GA061,GA,061,-
GA062,GA,062,-
GA063,GA,063,-
GA064,GA,064,orkNsaw=143
GA065,GA,065,orkNsaw=143
GA066,GA,066,orkanzAz=314
GA067,GA,067,orkNsaw=143
GA068,GA,068,-
GA069,GA,069,orkNsaw=142
GA070,GA,070,-
GA071,GA,071,orkinsaw=132
GA072,GA,072,orkNsaw=143
GA073,GA,073,orkNsaw=143
GA074,GA,074,orkNsaw=143
GA075,GA,075,orkNsaw=143
GA076,GA,076,o(r)kNsaw=143
GA077,GA,077,o[r]kyanzIs=134
GA077,GA,077,o[r]kanzA=124
GA078,GA,078,-
GA079,GA,079,orkNsaw=143
GA080,GA,080,-
GA081,GA,081,orkanzIs=314
GA082,GA,082,-
GA083,GA,083,orkanzIs=314
GA084,GA,084,-
GA085,GA,085,o(r)kNsaw=143
GA086,GA,086,orkNsaw=143
GA087,GA,087,orkNsaw=143
GA088,GA,088,orkNsaw=143
GA089,GA,089,-
GA090,GA,090,orkNsaw=143
GA091,GA,091,orkNsaw=143
GA092,GA,092,-
GA093,GA,093,-
GA094,GA,094,o[r]kNsaw=143
GA095,GA,095,orkNsaw=143
GA096,GA,096,aw(r)kinsaw=132
GA097,GA,097,orkNsaw=143
GA098,GA,098,o(r)kNsaw=143
GA099,GA,099,orkNsaw=143
GA100,GA,100,o(r)k[N]saw=143
GA101,GA,101,orkNso=143
GA102,GA,102,orkNsaw=143
GA103,GA,103,orkNsaw=143
GA104,GA,104,orkNsaw=143
GA105,GA,105,orkNsaw=143
GA106,GA,106,orkNsaw=143
GA107,GA,107,orkNsaw=143
GA107,GA,107,orkNso=143
GA108,GA,108,orkNsaw=143
GA109,GA,109,o(r)kNsaw=143
GA110,GA,110,aw(r)kNsaw=143
GA111,GA,111,orkanzAs=314
GA112,GA,112,-
GA113,GA,113,orke(n)saw=132
GA114,GA,114,-
GA115,GA,115,-
GA116,GA,116,-
GA117,GA,117,o(r)kNsaw=143
GA118,GA,118,awrkNsaw=143
GA119,GA,119,o(r)kanzAs=134
GA120,GA,120,orkNsaw=143
GA121,GA,121,o(r)kNsaw=143
GA122,GA,122,orkNsaw=143
GA123,GA,123,o(r)kNsaw=143
GA124,GA,124,orkNsaw=143
GA125,GA,125,o(r)kNsaw=143
GA126,GA,126,o(r)kNsaw=143
GA127,GA,127,-
GA128,GA,128,-
GA129,GA,129,-
GA130,GA,130,-
GA131,GA,131,o[r]kNsaw=143
GA132,GA,132,-
GA133,GA,133,o(r)kNsaw=143
GA134,GA,134,-
GA135,GA,135,o[r]kNsaw=143
GA136,GA,136,-
GA137,GA,137,o[r]kNsaw=143
GA138,GA,138,o(r)kNsaw=143
GA139,GA,139,-
GA140,GA,140,-
GA141,GA,141,o(r)kNsaw=143
GA142,GA,142,o[r]kNsaw=143
GA143,GA,143,o(r)kNsaw=143
GA144,GA,144,o[r]kNsaw=143
GA145,GA,145,-
GA146,GA,146,orkNsaw=143
GA147,GA,147,-
GA148,GA,148,orkNsaw=143
GA149,GA,149,-
GA150,GA,150,orkinsaw=132
GA151,GA,151,orkNsaw=143
GA152,GA,152,orkNsaw=341
GA153,GA,153,-
GA154,GA,154,-
GA155,GA,155,orkNsaw=143
GA156,GA,156,-
GA157,GA,157,-
GA158,GA,158,-
GA159,GA,159,-
GA160,GA,160,-
GA161,GA,161,o(r)kNso=142
GA162,GA,162,o(r)kNsaw=143
GA163,GA,163,o(r)kNsaw=143
GA164,GA,164,o(r)kinsaw=132
GA165,GA,165,orkNsaw=143
GA166,GA,166,orkNsaw=143
GA167,GA,167,orkanzIs=314
GA168,GA,168,-
GA169,GA,169,-
GA170,GA,170,orkNsaw=143
GA171,GA,171,orkNsaw=143
GA172,GA,172,o(r)kNsaw=143
GA173,GA,173,-
GA174,GA,174,-
GA175,GA,175,-
GA176,GA,176,orkanzIs=314
GA177,GA,177,a(r)kNsaw=143
GA178,GA,178,-
GA179,GA,179,-
GA180,GA,180,-
GA181,GA,181,-
GA182,GA,182,-
GA183,GA,183,orkNsaw=143
GA184,GA,184,orkNsaw=143
GA185,GA,185,orkNsaw=143
GA186,GA,186,orkNsaw=143
GA187,GA,187,-
GA188,GA,188,o[r]kNsaw=143
GA189,GA,189,o(r)kNsaw=143
GA190,GA,190,o[r]kNsaw=143
GA191,GA,191,orkNsaw=143
GA192,GA,192,orkNsaw=143
GA193,GA,193,-
GA194,GA,194,-
GA195,GA,195,awrkNsaw=143
GA196,GA,196,-
GA197,GA,197,-
GA198,GA,198,-
GA199,GA,199,-
GA200,GA,200,-
GA201,GA,201,orkNsaw=143
GA202,GA,202,o[r]kNsaw=143
GA203,GA,203,orkNsaw=143
GA204,GA,204,-
GA205,GA,205,-
GA206,GA,206,orkNso=143
GA207,GA,207,o[r]kNsaw=143
GA208,GA,208,orkNsaw=143
GA209,GA,209,o[r]kNsaw=143
GA210,GA,210,orkNsaw=143
GA211,GA,211,orkNsaw=143
GA212,GA,212,-
GA213,GA,213,o[r]kNsaw=143
GA214,GA,214,orkNsaw=143
GA215,GA,215,-
GA216,GA,216,orkNsaw=143
GA217,GA,217,orkNsaw=143
GA218,GA,218,-
GA219,GA,219,orkinsaw=132
GA220,GA,220,orkNso=143
GA221,GA,221,orkNsaw=143
GA222,GA,222,-
GA223,GA,223,orkensaw=132
GA224,GA,224,-
GA225,GA,225,-
FL226,FL,226,o(r)kNsaw=143
FL226,FL,226,o[r]kanzIs=314
FL227,FL,227,-
FL228,FL,228,-
FL229,FL,229,o[r]kNsaw=142
FL230,FL,230,-
FL231,FL,231,orkNsaw=143
FL232,FL,232,orkNsaw=143
FL233,FL,233,-
FL234,FL,234,-
FL235,FL,235,orkNsaw=143
FL236,FL,236,orkNsaw=143
FL237,FL,237,orkensaw=123
FL238,FL,238,orkNsaw=143
FL239,FL,239,orkNso=143
FL240,FL,240,orkNsaw=143
FL241,FL,241,-
FL242,FL,242,orkNsaw=143
FL243,FL,243,orkensaw=132
FL244,FL,244,-
FL245,FL,245,orkNso=143
FL246,FL,246,orkanzIs=314
FL247,FL,247,orkNsaw=143
FL248,FL,248,orkNsaw=143
FL249,FL,249,orkNsaw=143
FL250,FL,250,-
FL251,FL,251,-
FL252,FL,252,-
FL253,FL,253,orkNsaw=143
FL254,FL,254,orkNsaw=143
FL255,FL,255,awrkNsaw=143
FL256,FL,256,-
FL257,FL,257,orkNsaw=143
FL258,FL,258,orkNsaw=143
FL259,FL,259,orkNsaw=143
FL260,FL,260,-
FL261,FL,261,orkNsaw=143
FL262,FL,262,orkNsaw=143
FL263,FL,263,-
FL264,FL,264,orkNsaw=143
FL265,FL,265,-
FL266,FL,266,orkNsaw=143
FL267,FL,267,-
FL268,FL,268,-
FL269,FL,269,orkNthaw=143
FL270,FL,270,orkNsaw=143
FL271,FL,271,o[r]kNsaw=143
FL272,FL,272,oerkNsaw=143
FL273,FL,273,orkNsaw=143
FL274,FL,274,orkNsaw=143
FL275,FL,275,orkNsaw=143
FL276,FL,276,-
FL277,FL,277,o(r)kNsaw=143
FL277,FL,277,orkNsaw=143
FL278,FL,278,orkNsaw=341
FL279,FL,279,orkNsaw=143
FL280,FL,280,o[r]kNsaw=143
FL281,FL,281,-
FL282,FL,282,orkNsaw=143
FL283,FL,283,-
FL284,FL,284,orkNsaw=142
FL285,FL,285,-
FL286,FL,286,orkNsaw=143
FL287,FL,287,-
FL288,FL,288,-
FL289,FL,289,orkNsaw=143
TN290,TN,290,orkNsaw=143
TN291,TN,291,ork[N]saw=143
TN292,TN,292,orkunsaw=132
TN293,TN,293,orkNsaw=143
TN294,TN,294,orkNsaw=143
TN295,TN,295,-
TN296,TN,296,-
TN297,TN,297,-
TN298,TN,298,-
TN299,TN,299,orkNsaw=143
TN300,TN,300,orkNsaw=143
TN301,TN,301,o[r]kNsaw=143
TN302,TN,302,orkNsaw=143
TN303,TN,303,-
TN304,TN,304,orkNsaw=143
TN305,TN,305,-
TN306,TN,306,orkNsaw=143
TN307,TN,307,orkNsaw=143
TN308,TN,308,o(r)kNsaw=143
TN309,TN,309,o[r]kNsaw=142
TN310,TN,310,o[r]kNsaw=341
TN311,TN,311,orkNsaw=143
TN312,TN,312,o(r)kNsaw=143
TN313,TN,313,orkNsaw=143
TN314,TN,314,orkNsaw=143
TN315,TN,315,orkNsaw=143
TN316,TN,316,orkNsaw=143
TN317,TN,317,orkNsaw=143
TN318,TN,318,orkNsaw=143
TN319,TN,319,-
TN320,TN,320,orkNsaw=143
TN321,TN,321,orkNsaw=143
TN322,TN,322,orkNsaw=143
TN323,TN,323,orkNsaw=143
TN324,TN,324,ork[N]saw=143
TN325,TN,325,orkNsaw=143
TN326,TN,326,orkNsaw=143
TN327,TN,327,orkNsaw=143
TN328,TN,328,orkNso=143
TN329,TN,329,orkNsaw=143
TN330,TN,330,o[r]kNsaw=143
TN331,TN,331,o(r)kNsaw=143
TN332,TN,332,o(r)kNsaw=143
TN333,TN,333,awrkNsaw=143
TN334,TN,334,orkNsaw=143
TN335,TN,335,orkNsaw=143
TN336,TN,336,orkNsaw=143
AL337,AL,337,-
AL338,AL,338,orkNsaw=143
AL339,AL,339,orkNsaw=143
AL340,AL,340,-
AL341,AL,341,orkNsaw=143
AL342,AL,342,orkNsaw=143
AL343,AL,343,orkNsaw=143
AL344,AL,344,-
AL345,AL,345,orkNsaw=143
AL346,AL,346,-
AL347,AL,347,-
AL348,AL,348,orkNsaw=341
AL349,AL,349,o(r)kNsaw=143
AL350,AL,350,orkNsaw=143
AL351,AL,351,orkinsaw=132
AL352,AL,352,orkNsaw=143
AL353,AL,353,orkNsaw=143
AL354,AL,354,orkNsaw=143
AL355,AL,355,-
AL356,AL,356,-
AL357,AL,357,o[r]kNsaw=143
AL358,AL,358,orkNsaw=143
AL359,AL,359,orkinsaw=132
AL360,AL,360,orkNsaw=143
AL361,AL,361,orkinsaw=123
AL362,AL,362,orkNsaw=143
AL363,AL,363,orkNsaw=143
AL364,AL,364,o(r)kNsaw=143
AL364,AL,364,orkNsaw=143
AL365,AL,365,orkNsaw=143
AL366,AL,366,orkNsaw=143
AL367,AL,367,orkNsaw=143
AL368,AL,368,orkNsaw=143
AL369,AL,369,orkNsaw=143
AL370,AL,370,orkNsaw=143
AL371,AL,371,orkNsaw=143
AL372,AL,372,orkNsawz=143
AL373,AL,373,o[r]kinsA=134
AL374,AL,374,orkNsaw=143
AL375,AL,375,orkNsaw=143
AL376,AL,376,-
AL377,AL,377,-
AL378,AL,378,orkNsaw=143
AL379,AL,379,orkNsaw=143
AL380,AL,380,orkNsaw=143
AL381,AL,381,orkNsaw=143
AL382,AL,382,orkNsaw=143
AL383,AL,383,orkNsaw=143
AL384,AL,384,o[r]kNsaw=143
AL385,AL,385,orkensaw=132
AL386,AL,386,orkNsaw=143
AL387,AL,387,orkNsaw=143
AL388,AL,388,-
AL389,AL,389,orkNsaw=143
AL390,AL,390,orkNsaw=143
AL391,AL,391,orkNsaw=143
AL392,AL,392,-
AL393,AL,393,orkNsaw=143
AL394,AL,394,orkNsaw=143
AL395,AL,395,orkNsaw=143
AL396,AL,396,-
AL397,AL,397,orkNsaw=143
AL398,AL,398,o[r]kNsaw=143
AL399,AL,399,o(r)kNsaw=143
AL400,AL,400,o(r)kNsaw=143
AL401,AL,401,-
AL402,AL,402,-
AL403,AL,403,o[r]kNsaw=143
AL404,AL,404,o[r]kNsaw=143
AL405,AL,405,o[r]kNsaw=143
AL406,AL,406,-
AL407,AL,407,o[r]kNso=143
AL408,AL,408,orkNsaw=143
AL409,AL,409,o(r)kNsaw=143
AL410,AL,410,o(r)kNsaw=143
AL411,AL,411,o[r]kNsA=144
AL412,AL,412,-
AL413,AL,413,-
AL414,AL,414,o[r]kNsaw=143
AL415,AL,415,orkNsaw=143
AL416,AL,416,orkNsaw=143
AL417,AL,417,o(r)kNsaw=143
AL418,AL,418,orkNsaw=143
AL419,AL,419,orkNsaw=143
AL420,AL,420,-
AL421,AL,421,orkinso=313
AL421,AL,421,a[r]kNso=143
AL422,AL,422,o(r)kNsaw=143
AL423,AL,423,orkNsaw=143
AL424,AL,424,orkNsaw=143
AL425,AL,425,-
AL426,AL,426,-
AL427,AL,427,awrkNsaw=143
AL428,AL,428,orkNsaw=143
AL429,AL,429,orkNsaw=143
AL430,AL,430,orkNsaw=143
AL431,AL,431,orkNsaw=143
AL432,AL,432,-
AL433,AL,433,ork[N]saw=143
AL434,AL,434,o[r]kNsaw=143
AL435,AL,435,orkNsaw=143
AL435,AL,435,orkanzAz=314
AL436,AL,436,orkNsaw=143
AL437,AL,437,orkNsaw=143
AL438,AL,438,-
AL439,AL,439,orkNsaw=143
AL440,AL,440,orkNsaw=143
AL441,AL,441,orkansAs=314
AL442,AL,442,orkNthaw=143
AL443,AL,443,orkNsaw=143
AL444,AL,444,orkNsaw=143
AL445,AL,445,orkNsaw=143
AL446,AL,446,orkanzIz=314
AL447,AL,447,orkNsaw=143
AL448,AL,448,orkNsaw=143
AL449,AL,449,-
AL450,AL,450,-
AL451,AL,451,orkNsaw=143
FL452,FL,452,orkinsaw=132
FL453,FL,453,-
FL454,FL,454,awrkNsaw=143
FL455,FL,455,orkNsaw=143
FL456,FL,456,orkNsaw=143
FL457,FL,457,o(r)kNsaw=143
FL458,FL,458,orkinsaw=132
FL459,FL,459,-
FL460,FL,460,-
FL461,FL,461,orkNsaw=143
FL462,FL,462,awrkNsaw=143
FL463,FL,463,-
FL464,FL,464,orkNsaw=143
FL465,FL,465,orkNsaw=143
FL466,FL,466,awrkNsaw=143
FL467,FL,467,orkNsaw=143
FL468,FL,468,aw(r)kNsaw=143
FL469,FL,469,orkNsaw=143
FL470,FL,470,orkNsaw=143
FL471,FL,471,o(r)kNsaw=143
AL472,AL,472,o(r)k[N]saw=143
AL473,AL,473,-
AL474,AL,474,orkNsaw=143
AL475,AL,475,orkNsaw=341
AL476,AL,476,orkNsaw=143
AL477,AL,477,aw(r)kNsaw=143
AL478,AL,478,-
AL479,AL,479,o(r)kNsaw=143
AL480,AL,480,orkNsaw=143
AL481,AL,481,o[r]kinsaw=132
AL482,AL,482,o[r]kNsaw=143
AL483,AL,483,-
AL484,AL,484,orkNsaw=143
AL485,AL,485,o(r)kNsaw=143
TN486,TN,486,-
TN487,TN,487,-
TN488,TN,488,orkNsaw=143
TN489,TN,489,orkNsaw=143
TN490,TN,490,orkNsaw=143
TN491,TN,491,-
TN492,TN,492,-
TN493,TN,493,orkNsaw=143
TN494,TN,494,orkNsaw=143
TN495,TN,495,orkNsaw=143
TN496,TN,496,orkNsaw=143
TN497,TN,497,orkNsaw=143
TN498,TN,498,ork[N]saw=143
TN498,TN,498,orkNsaw=143
TN499,TN,499,orkNsaw=143
TN500,TN,500,orkNsaw=143
TN501,TN,501,orkNsaw=143
TN502,TN,502,-
TN503,TN,503,-
TN504,TN,504,orkNsaw=143
TN505,TN,505,o[r]kNsaw=143
TN506,TN,506,-
TN507,TN,507,o(r)kNsaw=143
TN508,TN,508,orkNsaw=143
TN509,TN,509,orkNsaw=143
TN510,TN,510,aw(r)kNsaw=143
TN511,TN,511,-
TN512,TN,512,-
TN513,TN,513,orkNsaw=143
TN514,TN,514,orkNso=143
TN515,TN,515,o(r)kNsaw=143
TN516,TN,516,orkNso=143
TN517,TN,517,orkNsaw=143
TN518,TN,518,orkNsaw=143
TN519,TN,519,o(r)kNsaw=143
TN519,TN,519,orkNso=143
MS520,MS,520,-
MS521,MS,521,orkNsaw=143
MS522,MS,522,orkNsaw=143
MS523,MS,523,-
MS524,MS,524,orkNsaw=143
MS525,MS,525,o[r]kNsaw=143
MS526,MS,526,-
MS527,MS,527,orkNsaw=143
MS528,MS,528,o[r]kNsaw=143
MS529,MS,529,o(r)kNsaw=143
MS530,MS,530,orkNsaw=143
MS531,MS,531,orkNsaw=143
MS532,MS,532,orkNsaw=143
MS533,MS,533,orkNsaw=143
MS534,MS,534,orkNsaw=142
MS535,MS,535,orkNsaw=143
MS535,MS,535,orkNso=143
MS536,MS,536,orkNsaw=143
MS537,MS,537,-
MS538,MS,538,orkNsaw=143
MS539,MS,539,orkNsaw=143
MS540,MS,540,orkNsaw=143
MS541,MS,541,orkNsaw=143
MS542,MS,542,-
MS543,MS,543,orkNsaw=143
MS544,MS,544,o(r)kNsaw=143
MS545,MS,545,orkNso=143
MS546,MS,546,-
MS547,MS,547,orkNsaw=143
MS548,MS,548,orkNsaw=143
MS549,MS,549,orkNsaw=143
MS550,MS,550,orkNsaw=143
MS551,MS,551,orkNsaw=143
MS552,MS,552,-
MS553,MS,553,-
MS554,MS,554,-
MS555,MS,555,-
MS556,MS,556,o(r)kNsaw=143
MS557,MS,557,o(r)kNsaw=143
MS558,MS,558,o(r)kNsaw=143
MS559,MS,559,orkNsaw=143
MS560,MS,560,o(r)kNsaw=143
MS561,MS,561,-
MS562,MS,562,orkNsA=144
MS563,MS,563,orkNsaw=143
MS564,MS,564,o[r]kNsaw=143
MS565,MS,565,orkNsaw=143
MS566,MS,566,-
MS567,MS,567,o(r)kNsaw=143
MS567,MS,567,o[r]k[N]so=143
MS568,MS,568,-
MS569,MS,569,-
MS570,MS,570,o[r]kNsaw=143
MS571,MS,571,-
MS572,MS,572,ork[N]saw=143
MS573,MS,573,o(r)kinsaw=132
MS574,MS,574,o(r)kNsaw=143
MS575,MS,575,orkNsaw=143
MS576,MS,576,orkNsaw=143
MS577,MS,577,o(r)kNsaw=143
MS578,MS,578,o(r)kNsaw=143
MS579,MS,579,o[r]kNsaw=143
MS580,MS,580,aw(r)kinsaw=132
MS581,MS,581,orkNsaw=143
MS582,MS,582,orkNsaw=143
MS583,MS,583,orkNsaw=143
MS584,MS,584,orkNsaw=143
MS585,MS,585,orkNso=143
MS586,MS,586,-
MS587,MS,587,orkNsaw=143
MS588,MS,588,o(r)kNsaw=143
MS589,MS,589,orkNsaw=143
MS589,MS,589,o(r)kNsaw=143
MS590,MS,590,orkNsaw=143
MS591,MS,591,awrkNsaw=143
MS592,MS,592,orkNsaw=143
MS593,MS,593,o[r]kNsaw=143
MS594,MS,594,o[r]kNsaw=143
MS595,MS,595,-
MS596,MS,596,o(r)kNsaw=143
MS597,MS,597,-
MS598,MS,598,o(r)kinsaw=132
MS599,MS,599,orkNsaw=143
MS600,MS,600,-
MS601,MS,601,orkNsaw=143
MS602,MS,602,orkunsaw=132
MS603,MS,603,-
MS604,MS,604,-
MS605,MS,605,orkNsaw=143
MS606,MS,606,-
MS607,MS,607,orkNsaw=143
MS608,MS,608,orkNsaw=143
MS609,MS,609,-
MS610,MS,610,o[r]kNsaw=143
MS611,MS,611,-
MS612,MS,612,-
MS613,MS,613,orkNsaw=143
MS614,MS,614,o(r)kNsaw=143
MS615,MS,615,o(r)kNsaw=143
MS616,MS,616,-
MS617,MS,617,orkNsaw=143
MS618,MS,618,aw(r)kNsaw=142
MS619,MS,619,-
MS620,MS,620,aw(r)kNsaw=142
MS621,MS,621,orkNsaw=143
MS622,MS,622,orkNso=143
MS623,MS,623,orkNsaw=143
MS624,MS,624,orkNsaw=143
MS625,MS,625,orkNsaw=143
MS626,MS,626,-
MS627,MS,627,o(r)kNsaw=143
MS627,MS,627,o(r)kansAs=314
MS628,MS,628,orkNsaw=143
MS629,MS,629,orkNsaw=143
LA630,LA,630,o(r)kNsaw=143
LA631,LA,631,orkNsaw=143
LA632,LA,632,orkNsaw=143
LA633,LA,633,orkNsaw=143
LA634,LA,634,orkNsaw=143
LA635,LA,635,orkNsaw=143
LA636,LA,636,orkNsaw=143
LA637,LA,637,-
LA638,LA,638,o(r)kNsaw=143
LA639,LA,639,orkNsaw=143
LA640,LA,640,o(r)kNsaw=143
LA641,LA,641,orkNsaw=143
LA642,LA,642,-
LA643,LA,643,orkNsaw=143
LA644,LA,644,-
LA645,LA,645,orkNsaw=143
LA646,LA,646,awrkNsaw=143
LA647,LA,647,-
LA648,LA,648,o[r]kNso=143
LA649,LA,649,aw(r)kNsaw=143
LA650,LA,650,o(r)kNsaw=143
LA651,LA,651,-
LA652,LA,652,orkNsaw=143
LA653,LA,653,awrkNsaw=143
LA654,LA,654,orkNsaw=143
LA655,LA,655,o(r)kNsaw=143
LA656,LA,656,orkNsaw=143
LA657,LA,657,orkNsaw=143
LA657X,LA,657X,aw[r]kNsaw=143
LA657Y,LA,657Y,orkNsaw=143
LA657Z,LA,657Z,o[r]kNsaw=143
LA658,LA,658,o[r]kNsaw=143
LA659,LA,659,o(r)kNsaw=143
LA660,LA,660,o(r)kNsaw=143
LA661,LA,661,orgNso=143
LA662,LA,662,orkNsaw=143
LA663,LA,663,aw(r)kNsaw=143
LA664,LA,664,-
LA665,LA,665,o(r)kNsaw=143
LA666,LA,666,aw(r)kNsaw=143
LA667,LA,667,o[r]kNsaw=143
LA668,LA,668,-
LA669,LA,669,orkNsaw=143
LA670,LA,670,orkNsaw=143
LA671,LA,671,orkNsaw=143
LA672,LA,672,orkNsaw=143
LA673,LA,673,o(r)kNsaw=143
AR674,AR,674,orkNsaw=143
AR675,AR,675,orkN(saw)=14
AR676,AR,676,-
AR677,AR,677,orkNsaw=143
AR678,AR,678,orkNsaw=143
AR679,AR,679,awrkNsaw=143
AR680,AR,680,orkNsaw=143
AR681,AR,681,orkNsaw=143
AR682,AR,682,orkNsaw=143
AR683,AR,683,orkNsaw=143
AR684,AR,684,orkNsaw=143
AR685,AR,685,orkNsaw=143
AR686,AR,686,orkNsaw=143
AR687,AR,687,orkNsaw=143
AR688,AR,688,o[r]kNsaw=143
AR689,AR,689,orkNsaw=143
AR690,AR,690,orkNsaw=143
AR691,AR,691,orkNsaw=143
AR692,AR,692,o(r)kNsaw=143
AR693,AR,693,o(r)kNsaw=143
AR694,AR,694,orkNsaw=143
AR695,AR,695,orkNsaw=143
AR696,AR,696,orkNsaw=143
AR696,AR,696,o[r]kNsaw=143
AR697,AR,697,orkNsaw=143
AR698,AR,698,orkNsaw=143
AR699,AR,699,o[r]kNsaw=143
AR700,AR,700,orkNsaw=143
AR701,AR,701,orkNsaw=143
AR702,AR,702,orkNsaw=143
AR703,AR,703,orkNso=143
AR704,AR,704,orkNsaw=143
AR705,AR,705,orkNsaw=143
AR706,AR,706,-
AR707,AR,707,orkNso=143
AR708,AR,708,orkNsaw=142
AR709,AR,709,aw(r)kNsaw=143
AR710,AR,710,orkNsaw=143
AR711,AR,711,orkNsaw=143
AR712,AR,712,orkNso=143
AR713,AR,713,orkNsaw=143
AR714,AR,714,o(r)kNsaw=143
AR715,AR,715,orkNsaw=143
AR716,AR,716,orkNsaw=143
AR717,AR,717,-
AR718,AR,718,orkNsaw=143
AR719,AR,719,orkNsaw=143
AR720,AR,720,-
AR721,AR,721,orkNsaw=143
AR722,AR,722,orkNsaw=143
AR723,AR,723,orkNsaw=143
AR724,AR,724,-
AR725,AR,725,orkNsaw=142
AR726,AR,726,orkNsaw=143
AR727,AR,727,orkNsaw=143
AR728,AR,728,orkNsaw=143
AR728,AR,728,orkNso=143
AR729,AR,729,orkNsaw=143
AR730,AR,730,orkNsaw=143
AR731,AR,731,orkNsaw=143
AR732,AR,732,orkNsaw=143
AR733,AR,733,-
AR734,AR,734,orkNsaw=143
AR735,AR,735,orkNsaw=143
AR736,AR,736,orkNsaw=143
AR737,AR,737,orkNsaw=143
AR738,AR,738,-
AR739,AR,739,orkNsaw=143
AR740,AR,740,awrkNsaw=143
AR741,AR,741,orkNsaw=143
AR742,AR,742,orkNsaw=143
AR743,AR,743,orkNsaw=143
AR744,AR,744,orkNsaw=143
AR745,AR,745,orkNsaw=143
AR746,AR,746,orkNsaw=143
AR747,AR,747,orkNsaw=143
AR748,AR,748,o(r)kNsaw=143
AR749,AR,749,orkNsaw=143
AR750,AR,750,orkNsaw=143
AR751,AR,751,orkNsaw=143
AR752,AR,752,awrkNsaw=143
AR753,AR,753,orkNsaw=143
AR754,AR,754,o(r)kNsaw=143
AR755,AR,755,orkNsaw=143
LA756,LA,756,o(r)kNsaw=143
LA757,LA,757,orkNsaw=143
LA758,LA,758,orkNsaw=143
LA759,LA,759,-
LA760,LA,760,o[r]kNsaw=143
LA761,LA,761,o[r]kNsaw=143
LA762,LA,762,orkNsaw=143
LA763,LA,763,orkNsaw=143
LA764,LA,764,orkNsaw=143
LA765,LA,765,orkNsaw=143
LA766,LA,766,o(r)kNsaw=143
LA767,LA,767,orkNsaw=143
LA768,LA,768,orkNsaw=143
LA769,LA,769,orkNsaw=143
LA770,LA,770,orkNsaw=143
LA771,LA,771,o(r)kNsaw=143
LA772,LA,772,orkNsaw=142
LA773,LA,773,o[r]kNsaw=143
LA774,LA,774,o[r]kNsaw=143
LA775,LA,775,o(r)kNsaw=143
LA776,LA,776,-
LA777,LA,777,orkNsaw=143
LA778,LA,778,orkunsaw=132
LA779,LA,779,orkNsaw=143
LA780,LA,780,orkNsaw=143
LA781,LA,781,orkNsaw=143
LA782,LA,782,ork[N]saw=143
LA783,LA,783,orkNsaw=143
LA784,LA,784,-
LA785,LA,785,orkNsaw=143
LA786,LA,786,orkNsaw=143
LA787,LA,787,orkNsaw=143
LA788,LA,788,orkNsaw=142
LA789,LA,789,orkNsaw=143
LA790,LA,790,orkNsaw=143
LA791,LA,791,orkNsA=144
LA792,LA,792,orkNsaw=143
LA793,LA,793,-
LA794,LA,794,orkNsaw=143
LA794,LA,794,awrkNsaw=143
LA795,LA,795,o[r]kNsaw=143
LA796,LA,796,o(r)kNsaw=143
LA797,LA,797,orkNsaw=143
LA798,LA,798,orkNsaw=143
LA799,LA,799,orkNsaw=143
LA800,LA,800,orkNsaw=143
LA801,LA,801,orkNsaw=143
LA802,LA,802,-
LA803,LA,803,aw[r]kNsaw=143
LA804,LA,804,o[r]kNsaw=143
LA805,LA,805,orkNsA=144
LA806,LA,806,orkNsaw=143
LA806,LA,806,o(r)kNso=143
LA807,LA,807,orkNsaw=143
LA808,LA,808,o(r)kNso=143
LA809,LA,809,o[r]kNsaw=143
LA810,LA,810,orkNsaw=143
LA811,LA,811,o(r)kNsaw=143
LA812,LA,812,orkNsaw=143
LA813,LA,813,orkNsaw=143
LA813,LA,813,orkNsaw=142
LA814,LA,814,orkNsaw=143
LA815,LA,815,orkNsaw=143
LA816,LA,816,orkNsaw=143
LA817,LA,817,orkNsaw=143
TX818,TX,818,-
TX819,TX,819,orkNsaw=143
TX820,TX,820,awrkNsaw=143
TX821,TX,821,o(r)kNsaw=143
TX822,TX,822,ork[N]saw=143
TX823,TX,823,orkNsaw=143
TX824,TX,824,awrkNsaw=143
TX825,TX,825,orkNsaw=143
TX826,TX,826,orkNsaw=143
TX827,TX,827,orkNsaw=143
TX828,TX,828,o(r)kNsaw=143
TX829,TX,829,orkNsaw=143
TX830,TX,830,orkNsaw=143
TX831,TX,831,orkNsaw=143
TX832,TX,832,orkNsaw=143
TX833,TX,833,orkNsaw=143
TX834,TX,834,orkNso=143
TX835,TX,835,o(r)kNsaw=143
TX836,TX,836,orkNsaw=143
TX837,TX,837,orkNsaw=143
TX838,TX,838,orkNsaw=143
TX839,TX,839,awrkNsaw=143
TX839,TX,839,orkNsaw=143
TX840,TX,840,awrkNsaw=143
TX841,TX,841,-
TX842,TX,842,orkNsaw=143
TX843,TX,843,orkinsaw=132
TX844,TX,844,orkNsaw=143
TX845,TX,845,-
TX846,TX,846,o(r)kNso=143
TX847,TX,847,-
TX848,TX,848,-
TX849,TX,849,orkNsaw=143
TX850,TX,850,orkNsaw=143
TX851,TX,851,-
TX852,TX,852,orkunsaw=132
TX853,TX,853,orkNsaw=143
TX854,TX,854,orkNsaw=143
TX855,TX,855,-
TX856,TX,856,o(r)kNsaw=143
TX857,TX,857,-
TX858,TX,858,-
TX859,TX,859,orkNsaw=143
TX860,TX,860,orkNso=143
TX861,TX,861,awrkNsaw=143
TX862,TX,862,orkNsaw=143
TX863,TX,863,orkNsaw=143
TX864,TX,864,-
TX865,TX,865,awrkNsaw=143
TX866,TX,866,o(r)kNsaw=143
TX867,TX,867,orkNso=143
TX868,TX,868,o[r]kNsaw=143
TX869,TX,869,orkNsaw=143
TX870,TX,870,orkNsaw=143
TX871,TX,871,orkNsaw=143
TX872,TX,872,-
TX873,TX,873,aw(r)ksNsaw=143
TX874,TX,874,orkNsaw=143
TX875,TX,875,orkNsaw=143
TX876,TX,876,orkNsaw=143
TX877,TX,877,orkNsaw=143
TX878,TX,878,orkNsaw=143
TX879,TX,879,-
TX880,TX,880,-
TX881,TX,881,-
TX882,TX,882,orkNsaw=143
TX883,TX,883,awrkNsaw=143
TX884,TX,884,-
TX885,TX,885,orkNsaw=143
TX886,TX,886,orkNsaw=143
TX887,TX,887,orkNsaw=143
TX888,TX,888,-
TX889,TX,889,orkNsaw=143
TX890,TX,890,orkNsaw=143
TX891,TX,891,orkNsaw=143
TX892,TX,892,orkNsaw=143
TX893,TX,893,orkNGsaw=143
TX894,TX,894,orkNsaw=143
TX895,TX,895,orkNsaw=143
TX896,TX,896,orkNsaw=142
TX897,TX,897,-
TX898,TX,898,-
TX899,TX,899,orkNsaw=143
TX900,TX,900,orkNsaw=143
TX901,TX,901,orkNsaw=143
TX902,TX,902,orkNsaw=143
TX903,TX,903,-
TX904,TX,904,orkNsaw=143
TX905,TX,905,orkNsaw=143
TX906,TX,906,orkNsaw=143
TX907,TX,907,-
TX908,TX,908,o(r)kNsaw=143
TX909,TX,909,-
TX910,TX,910,orkNso=143
TX911,TX,911,orkNsaw=143
