Informant,State,Informant number,Response
TN001,TN,001,noe[r]thk[R](A)lienA=3414
TN002,TN,002,noe[r]thk[R](A)lienI=3414
TN003,TN,003,noe[r]thk[R](A)lienR=1434
TN004,TN,004,nawrthk[R](A)lienA=1434
TN005,TN,005,naw[r]thk[R](A)lienA=1434
TN006,TN,006,noerthkerAlienA=12434
TN007,TN,007,noe(r)thker(A)lienA=1134
TN008,TN,008,noerthk[R](A)lienA=1434
TN009,TN,009,noerthkerIlienR=13414
TN010,TN,010,naw[r]thk[R](A)lienA=1434
TN011,TN,011,noerthkerIlienA=13424
TN012,TN,012,noe[r]thk[R](A)lienA=2414
TN013,TN,013,noerthkurAlienA=13424
TN014,TN,014,noe[r]thk[R](A)lienA=1434
TN015,TN,015,noerthkerIlienA=13424
TN016,TN,016,naw[r]thka(rA)lienA=1324
TN017,TN,017,noerthk[R](A)lienA=1434
TN018,TN,018,noerthk[R](A)lienA=1434
TN019,TN,019,noe[r]thkR(A)lienR=1434
TN020,TN,020,nawrthkerIlienA=21434
TN021,TN,021,naw[r]thk[R](A)lienA=1434
TN022,TN,022,naw[r]thkR(A)lienA=3414
TN023,TN,023,noe[r]thk[R](A)lienA=1434
TN024,TN,024,noerthkerIlienA=13424
TN025,TN,025,noe(r)thk[R](A)lienR=2414
TN025,TN,025,noe(r)thk[R](A)lienA=2414
TN026,TN,026,noerthk[R](A)lienA=1434
TN027,TN,027,noerthkarIlienA=13414
TN028,TN,028,noerthkR(A)lienA=2414
TN029,TN,029,noe[r]thkur(A)lienA=1324
TN030,TN,030,noerthker(A)lienA=1234
TN031,TN,031,noerthkarAlienA=13424
TN032,TN,032,noerthker(A)lienA=2314
TN033,TN,033,noerthkerIlienA=13424
TN034,TN,034,noe[r]thkarAlienA=13414
TN035,TN,035,noerthkerIlienA=13424
TN036,TN,036,noerthkur(A)lienA=1314
TN037,TN,037,noerthkerIlienA=13414
TN038,TN,038,noerthk[R](A)lienA=2414
TN039,TN,039,noerthkerAlienA=32414
TN040,TN,040,nawrthkerAlienA=13424
TN041,TN,041,naw[r]thk[R](A)lienR=1434
TN042,TN,042,no[r]thk[R](A)lienA=1434
TN043,TN,043,noerthker(A)lienA=1324
TN044,TN,044,noerthker(A)lienA=1324
TN045,TN,045,naw[r]thk[R](A)lienR=3414
TN046,TN,046,noerthker(A)lienA=1324
TN047,TN,047,noerthkR(A)lienA=1414
TN048,TN,048,noerthker(A)lienA=1314
TN049,TN,049,noerthkerIlienA=13414
TN050,TN,050,noerthkurIlienA=13424
TN051,TN,051,noerthkurAlienA=23414
TN052,TN,052,-
TN053,TN,053,naw[r]sker(A)lienA=1324
TN054,TN,054,-
TN055,TN,055,noerthk[R](A)lienA=1434
TN056,TN,056,noerthkerAlienA=32414
TN057,TN,057,noerthkerAlienA=13414
TN058,TN,058,noerthkerAlienA=23414
TN059,TN,059,noerthk[R](A)lienA=2414
TN060,TN,060,noerthkerIlienA=13424
GA061,GA,061,nawrthkarAlienA=13414
GA062,GA,062,naw(r)thkI(rA)lienA=3414
GA062,GA,062,nawrthkarAlienA=13414
GA063,GA,063,noe[r]thk[R](A)lienA=2414
GA064,GA,064,noe[r]thkerIlienA=13414
GA065,GA,065,nawrthk[R](A)lienA=3414
GA066,GA,066,-
GA067,GA,067,nawrthkar(A)lienA=2314
GA068,GA,068,-
GA069,GA,069,noerthk[R](A)lienR=2414
GA070,GA,070,noe[r]thk[R](A)lienA=1414
GA071,GA,071,noerthk[R](A)lienA=2414
GA072,GA,072,noerthkur(A)lienA=2314
GA073,GA,073,naw(r)thkarAlienA=21434
GA074,GA,074,naw(r)thka(rA)lienA=1314
GA075,GA,075,naw(r)thk[R](A)lienA=1434
GA076,GA,076,nawrthka(rA)lienA=2314
GA077,GA,077,naw(r)thke(rA)lienA=1314
GA078,GA,078,noerthkerAlienR=13414
GA079,GA,079,noerthkerIlienA=23414
GA080,GA,080,-
GA081,GA,081,noerthk[R](A)lienA=1434
GA082,GA,082,-
GA083,GA,083,nawrthk[R](A)lienR=1434
GA084,GA,084,noe[r]thk[R](A)lienA=1414
GA085,GA,085,noerthkerAlienA=33414
GA086,GA,086,naw[r]thkarAlienA=23414
GA087,GA,087,noerthkerAlienA=23414
GA088,GA,088,noerthk[R](A)lienR=1414
GA089,GA,089,-
GA090,GA,090,noe[r]thk[R](A)lienR=3414
GA091,GA,091,no[r]thkerAlIn(A)=1344
GA092,GA,092,-
GA093,GA,093,-
GA094,GA,094,noe[r]thkar(A)lienA=1314
GA095,GA,095,noe(r)thkerAlienA=23414
GA096,GA,096,naw(r)thkerAlienA=32414
GA097,GA,097,noe[r]thkerAlienA=13414
GA098,GA,098,naw(r)thk[R](A)lienA=1434
GA099,GA,099,naw[r]thkarAlienA=23414
GA100,GA,100,noe(r)thka[r](A)lienA=2314
GA101,GA,101,noerthkerAlienA=23414
GA102,GA,102,naw(r)thkR(A)lienA=3414
GA103,GA,103,noe(r)thkerAlienA=23414
GA104,GA,104,noe[r]thkarIlienA=13414
GA105,GA,105,noerthkerIlienA=23414
GA105,GA,105,noe[r]thkerIlienA=13414
GA106,GA,106,northka(rA)lienA=1334
GA107,GA,107,naw(r)thker(A)lienA=1324
GA108,GA,108,noerthkerIlienA=12414
GA109,GA,109,noe[r]thka(r)IlienA=23414
GA110,GA,110,naw(r)thke(rA)lienA=1324
GA111,GA,111,(noerth)ker(A)lienA=314
GA112,GA,112,noe(r)thkarAlienA=33414
GA113,GA,113,nawrthkarAlienA=13424
GA114,GA,114,noe[r]thkurAlienA=23414
GA115,GA,115,noe[r]thke[r](A)lienA=1324
GA116,GA,116,-
GA117,GA,117,noe[r]thkarAlienA=13424
GA118,GA,118,naw(r)thkerAlienA=23414
GA119,GA,119,naw(r)thk[R](A)lienA=1434
GA120,GA,120,noerthker(A)lienA=2314
GA121,GA,121,noe(r)thk[R](A)lienA=3414
GA122,GA,122,naw(r)thke(rA)lienA=1314
GA123,GA,123,noe(r)thkarAlienA=23414
GA124,GA,124,noerthkerAlienA=23414
GA125,GA,125,naw(r)thk[R](A)lienA=2414
GA126,GA,126,noe[r]thke(r)AlienA=13424
GA127,GA,127,-
GA128,GA,128,-
GA129,GA,129,-
GA130,GA,130,-
GA131,GA,131,noe[r]thke[r](A)lienA=1314
GA132,GA,132,-
GA133,GA,133,noe(r)thkerAlienA=23414
GA134,GA,134,-
GA135,GA,135,naw(r)thka(rA)lienA=1324
GA136,GA,136,noe[r]thke[r](A)lienA=2314
GA137,GA,137,naw(r)thkarAlienA=23414
GA138,GA,138,naw(r)thk[R](A)lienA=2414
GA139,GA,139,noerthkerAlienA=23414
GA140,GA,140,-
GA141,GA,141,naw(r)thkurAlienA=23414
GA142,GA,142,naw[r]thke(rA)lienA=2314
GA143,GA,143,noe(r)thkarAlienA=23414
GA144,GA,144,noe[r]thkarAlienA=23414
GA145,GA,145,noe[r]thk[R](A)lienA=1414
GA146,GA,146,noerthker(A)lienA=3314
GA147,GA,147,-
GA148,GA,148,naw(r)thk[R](A)lienA=1424
GA149,GA,149,-
GA150,GA,150,naw(r)thke(rA)lienA=3314
GA151,GA,151,noe[r]thkR(A)lienR=1434
GA152,GA,152,nawrthke(rA)lienR=3314
GA153,GA,153,-
GA154,GA,154,noe[r]thkur(A)lienA=2314
GA155,GA,155,noe[r]thk[R](A)lienA=3414
GA156,GA,156,-
GA157,GA,157,-
GA158,GA,158,noerthkarAlienA=13414
GA159,GA,159,noerthk[R](A)lienR=3414
GA160,GA,160,-
GA161,GA,161,naw(r)thkarAlienA=32414
GA162,GA,162,no(r)thka[r](A)lienA=2314
GA163,GA,163,noe(r)thkarAlienA=23414
GA164,GA,164,noerthkerAlienA=23414
GA165,GA,165,naw(r)thkerAlienA=23414
GA166,GA,166,noe(r)thke(rA)lienA=2314
GA167,GA,167,noerthkerIlienA=13414
GA168,GA,168,naw(r)thkarAlienA=23414
GA169,GA,169,-
GA170,GA,170,noe[r]thkarAlienA=23414
GA171,GA,171,noerthkerAlienA=23414
GA172,GA,172,noe(r)thkar(A)lienA=3214
GA173,GA,173,-
GA174,GA,174,noe[r]thke[r](A)lienA=1314
GA175,GA,175,-
GA176,GA,176,noerthky[R](A)lienA=1424
GA177,GA,177,naw(r)thk[R](A)lienA=2414
GA178,GA,178,-
GA179,GA,179,noe[r]thkerIlienA=13414
GA180,GA,180,noe[r]thka[r](A)lienA=1314
GA181,GA,181,naw[r]thker(A)lienA=1324
GA182,GA,182,naw(r)thkeRlienA=23414
GA183,GA,183,naw(r)thk[R](A)lienA=3414
GA184,GA,184,noe[r]thker(A)lienA=1214
GA185,GA,185,noerthkarIlienA=13414
GA186,GA,186,noerthkerIlienA=13414
GA187,GA,187,-
GA188,GA,188,noe[r]thke[r](A)lienA=1314
GA189,GA,189,naw(r)thka(r)AlienA=13424
GA190,GA,190,noe[r]thka(r)AlienA=13414
GA191,GA,191,noe(r)thkerAlienA=12434
GA192,GA,192,naw(r)thkarAlienA=23414
GA193,GA,193,-
GA194,GA,194,-
GA195,GA,195,-
GA196,GA,196,-
GA197,GA,197,-
GA198,GA,198,-
GA199,GA,199,-
GA200,GA,200,-
GA201,GA,201,naw[r]thka[r](A)lienA=2314
GA202,GA,202,noe[r]thkerIlienA=13414
GA203,GA,203,noe[r]thkerIlienA=13414
GA204,GA,204,-
GA205,GA,205,noerthkerAlienA=13414
GA206,GA,206,noerthkerIlienA=11434
GA207,GA,207,-
GA208,GA,208,noerthkerAlienA=23414
GA209,GA,209,no[r]thkurAlienA=13424
GA210,GA,210,noe[r]thk[R](A)lienA=3414
GA211,GA,211,nawrthkir(A)lienA=1314
GA212,GA,212,noerthk[R](A)lienA=3414
GA213,GA,213,noe[r]thkarAlienA=23414
GA214,GA,214,noerthkerIlienA=13414
GA215,GA,215,-
GA216,GA,216,naw[r]thkarAlienA=23414
GA217,GA,217,noe(r)thkerIlienA=13424
GA218,GA,218,-
GA219,GA,219,noe[r]thku[r](A)lienA=2314
GA220,GA,220,noerthkerAlienA=13424
GA221,GA,221,noe[r]thk[R](A)lienA=1434
GA222,GA,222,noe(r)thk[R](A)lienA=1434
GA223,GA,223,-
GA224,GA,224,-
GA225,GA,225,noe[r]thk[R](A)lienA=1434
GA225,GA,225,naw[r]fk[R](A)lienA=1434
FL226,FL,226,noe[r]thka[r](A)lienA=1314
FL227,FL,227,(noerth)ke[r](A)lienA=314
FL228,FL,228,-
FL229,FL,229,noe[r]thkyer(A)lienA=2314
FL230,FL,230,noerthkR(A)lienA=1434
FL231,FL,231,noerthkerAlienA=23414
FL232,FL,232,noerthkerIlienA=21434
FL233,FL,233,noerthkarAlienA=23414
FL234,FL,234,-
FL235,FL,235,naw[r]thk[R](A)lienA=1434
FL236,FL,236,nawrthkerAlienA=23414
FL237,FL,237,noerthk[R](A)lienA=1434
FL238,FL,238,noerthk[R](A)lienA=1434
FL239,FL,239,noerthkarAlienA=32414
FL240,FL,240,noerthkerAlienA=23414
FL241,FL,241,-
FL242,FL,242,noerthker(A)lienA=1324
FL243,FL,243,noerthker(A)lienA=2314
FL244,FL,244,-
FL245,FL,245,naw(r)thk[R](A)lienA=1414
FL246,FL,246,noe[r]thke[r](A)lienA=1324
FL247,FL,247,noe[r]thkarAlienA=23414
FL248,FL,248,noe[r]thkerAlienA=23414
FL249,FL,249,-
FL250,FL,250,naw(r)thkR(A)lienA=1434
FL251,FL,251,-
FL252,FL,252,noe[r]thk[R](A)lienA=1434
FL253,FL,253,noerthker(A)lienA=2314
FL254,FL,254,noe[r]thkerAlienA=23414
FL255,FL,255,naw(r)thkerAlienA=23414
FL256,FL,256,-
FL257,FL,257,noerthk[R](A)lienA=2414
FL258,FL,258,nawrthkerAlienA=13434
FL259,FL,259,nawrthkar(A)lienA=2314
FL260,FL,260,noerthkerAlienA=23414
FL261,FL,261,noerthkerAlienA=23414
FL262,FL,262,-
FL263,FL,263,noe[r]thke[r]IlienA=23414
FL264,FL,264,noerthkarAlienA=23414
FL265,FL,265,-
FL266,FL,266,noerthkerAlienA=13414
FL267,FL,267,-
FL268,FL,268,-
FL269,FL,269,naw(r)thk[R](A)lienA=1434
FL269,FL,269,noe(r)thkR(A)lienA=1434
FL270,FL,270,naw(r)thkerAlienA=23414
FL271,FL,271,noerthkerIlienA=13414
FL272,FL,272,noerthkerAlienA=21434
FL273,FL,273,noerthkerAlienA=32414
FL274,FL,274,noerthkerAlienA=23414
FL275,FL,275,noe(r)thk[R](A)lienA=3414
FL276,FL,276,noe[r]thk[R](A)lienA=2414
FL277,FL,277,noerthkar(A)lienA=1324
FL278,FL,278,noerthkerIlienA=13414
FL279,FL,279,noerthkerAlienA=23414
FL280,FL,280,noe[r]thka[r](A)lienA=1134
FL281,FL,281,naw(r)thkarAlienA=23414
FL282,FL,282,noerthkerAlienA=33414
FL283,FL,283,naw[r]thke[r](A)lienA=1324
FL284,FL,284,noerthkerIlienA=21424
FL285,FL,285,-
FL286,FL,286,noerthkarAlienA=32414
FL287,FL,287,-
FL288,FL,288,-
FL289,FL,289,noe[r]thke[r](A)lienA=1314
TN290,TN,290,noerthke[r]IlienA=23414
TN291,TN,291,noerthkerAlienA=12434
TN292,TN,292,nawrthk[R](A)lienA=1414
TN293,TN,293,noe[r]thker(A)lienA=1324
TN294,TN,294,noerthkerAlienA=23414
TN295,TN,295,-
TN296,TN,296,-
TN297,TN,297,noerthkR(A)lienA=2414
TN298,TN,298,-
TN299,TN,299,nawrthk[R](A)lienA=3414
TN300,TN,300,noerthkerAlienA=23414
TN301,TN,301,(noerth)ke(rA)lienA=314
TN302,TN,302,noe[r]thkur(A)lienA=1324
TN303,TN,303,-
TN304,TN,304,nawrthk[R](A)lienA=1434
TN305,TN,305,-
TN306,TN,306,-
TN307,TN,307,noerthkerAlienA=33414
TN308,TN,308,noerfkR(A)lienA=1434
TN309,TN,309,naw(r)thk[R](A)lienA=1424
TN310,TN,310,noerthkerIlienA=13414
TN311,TN,311,noerthkarAlienA=23414
TN312,TN,312,naw[r]thkarAlienA=23414
TN313,TN,313,noerthkarAlienA=23414
TN314,TN,314,noerthkur(A)lienA=2314
TN315,TN,315,naw(r)thk[R](A)lienA=1434
TN316,TN,316,naw[r]thkerAlienA=23414
TN317,TN,317,nawrthkar(A)lienA=2314
TN317,TN,317,nawrthk[R](A)lienA=3414
TN318,TN,318,noerthkR(A)lienA=1414
TN319,TN,319,-
TN320,TN,320,noerthkR(A)lienA=1414
TN321,TN,321,naw[r]thk[R](A)lienA=3414
TN322,TN,322,noerthkarAlienA=23414
TN323,TN,323,noerthkarAlienA=23414
TN324,TN,324,noerthker(A)lienA=1324
TN325,TN,325,noe[r]thk[R](A)lienA=3414
TN326,TN,326,noerthkerIlienA=13414
TN327,TN,327,naw[r]thkar(A)lienA=1324
TN328,TN,328,nawrthke(r)AlienA=23414
TN329,TN,329,noerthkurAlienA=13414
TN330,TN,330,noe(r)thk[R](A)lienA=1414
TN331,TN,331,naw(r)thk(arA)LienA=1434
TN332,TN,332,naw(r)thk[R](A)lienA=1434
TN333,TN,333,noe[r]thk[R](A)lienA=1434
TN334,TN,334,nawrthkR(A)lienA=2414
TN335,TN,335,nawrthkerAlienA=23414
TN336,TN,336,noerthk[R](A)lienA=2414
AL337,AL,337,naw(r)thk[R](A)lienA=1434
AL338,AL,338,noe[r]thk[R](A)lienA=2414
AL338,AL,338,noerthkur(A)lienA=1314
AL339,AL,339,noerthkur(A)lienA=1314
AL340,AL,340,naw(rth)k[R](A)lienA=1434
AL341,AL,341,-
AL342,AL,342,noe[r]thkerAlienA=13424
AL343,AL,343,noerthkerAlienA=23414
AL344,AL,344,-
AL345,AL,345,naw(r)thkerAlienA=23414
AL346,AL,346,noe[r]thkerIlienA=23414
AL347,AL,347,naw[r]thk[R](A)lienA=1434
AL348,AL,348,naw(r)thk[R](A)lienA=3414
AL349,AL,349,naw[r]thk[R](A)lienA=1434
AL350,AL,350,noerthku[r](A)lienA=1334
AL351,AL,351,naw(r)thkerAlienA=13424
AL352,AL,352,noerthke[r](A)lienA=1314
AL353,AL,353,naw(r)thkir(A)lienA=2314
AL354,AL,354,noerthk[R](A)lienA=1414
AL355,AL,355,noe[r]thk[R](A)lienR=3414
AL356,AL,356,-
AL357,AL,357,naw[r]thka[r](A)lienA=2314
AL358,AL,358,noe(r)thker(A)lienA=2314
AL359,AL,359,nawrthk[R](A)lienA=3414
AL360,AL,360,noerthkerAlienA=13424
AL361,AL,361,noe(r)thk[R](A)lienA=1434
AL362,AL,362,noerthk[R](A)lienA=3414
AL363,AL,363,noerthk[R](A)lienA=2414
AL364,AL,364,naw[r]thk[R](A)lienA=2414
AL365,AL,365,noerthk[R](A)lienA=1434
AL366,AL,366,noe(r)thkarAlienA=13414
AL367,AL,367,noerthk[R](A)lienR=1414
AL368,AL,368,nawrthkerAlienA=23414
AL369,AL,369,naw(r)thkarAlienA=23414
AL370,AL,370,noerthk[R](A)lienA=1434
AL371,AL,371,noerthkerIlienA=13414
AL372,AL,372,naw[r]thka(rA)lienA=2314
AL373,AL,373,noe(r)thke[r](A)lienA=2314
AL374,AL,374,nawrthker(A)lienA=3214
AL375,AL,375,noerthkarAlienA=23414
AL376,AL,376,noerthk[R](A)lienA=3414
AL377,AL,377,-
AL378,AL,378,noe[r]thkarAlienA=23414
AL379,AL,379,nawrthkarAlienA=13414
AL380,AL,380,noe[r]thk[R](A)lienA=1434
AL381,AL,381,noerthkR(A)lienA=1414
AL382,AL,382,noe[r]thk(ar)LienA=3414
AL383,AL,383,noerthkerIlienA=23414
AL384,AL,384,noe[r]thkerIlienA=13414
AL385,AL,385,naw[r]thka(rA)lienA=1324
AL386,AL,386,noerthkarIlienA=32414
AL387,AL,387,noerthkerIlienA=23414
AL388,AL,388,-
AL389,AL,389,naw[r]thker(A)lienA=1324
AL390,AL,390,naw(r)thkerAlienA=32414
AL391,AL,391,noe[r]thka[r](A)lienA=3214
AL392,AL,392,-
AL393,AL,393,naw(r)thk[R](A)lienA=1424
AL394,AL,394,naw(r)thk[R](A)lienA=2414
AL395,AL,395,noe[r]thke[r](A)lienA=1324
AL396,AL,396,-
AL397,AL,397,noerthkur(A)lienA=1314
AL398,AL,398,naw(r)thkerAlienA=13414
AL399,AL,399,naw(r)thk[R](A)lienA=2414
AL400,AL,400,noe(r)thk[R](A)lienA=1434
AL401,AL,401,-
AL402,AL,402,noe[r]thke[r](A)lienA=1314
AL403,AL,403,naw(r)thk[R](A)lienA=3414
AL404,AL,404,noe(r)thkerAlienA=23414
AL405,AL,405,noe[r]thkerAlienA=23414
AL406,AL,406,-
AL407,AL,407,noe[r]thka[r]AlienA=23414
AL408,AL,408,noe(r)thkerAlienA=13424
AL409,AL,409,naw(r)thke(r)AlienA=23414
AL410,AL,410,naw(r)thkerAlienA=13414
AL411,AL,411,noe[r]thkerAlienA=23414
AL412,AL,412,noe[r]thk[R](A)lienA=2414
AL412,AL,412,noerthker(A)lienA=1324
AL413,AL,413,-
AL414,AL,414,naw[r]thkerAlienA=13424
AL415,AL,415,nawrthk[R](A)lienA=3414
AL416,AL,416,naw[r]thkarAlienA=23414
AL417,AL,417,naw(r)thka[r](A)lInA=1344
AL418,AL,418,noe(r)thkerAlienA=33414
AL419,AL,419,noerthkerIlienA=23414
AL420,AL,420,noe[r]thke(rA)lienA=2314
AL421,AL,421,naw[r]thke[r](A)lienA=2314
AL422,AL,422,naw(r)thkarAlienA=23414
AL423,AL,423,-
AL424,AL,424,noe(rth)kerAlienA=23414
AL425,AL,425,noerthke[r](A)lienA=3314
AL426,AL,426,noerthk[R](A)lienR=1434
AL427,AL,427,noerthk[R](A)lienA=1434
AL428,AL,428,naw(r)thkir(A)lienA=1324
AL429,AL,429,-
AL430,AL,430,noe[r]thkarAlienA=23414
AL431,AL,431,nawrthk[R](A)lienA=3414
AL432,AL,432,naw(r)thka(rA)lienA=2314
AL433,AL,433,naw[r]thke[r](A)lienA=2314
AL434,AL,434,noe[r]thke[r](A)lienA=2314
AL435,AL,435,noe[r]thk[R](A)lienA=3414
AL436,AL,436,nawrthkarAlienA=23414
AL437,AL,437,noerthkerIlienA=13414
AL438,AL,438,-
AL439,AL,439,noerthkerAlienA=23414
AL440,AL,440,noe[r]thkarIlienA=33414
AL441,AL,441,naw(r)thk[R](A)lienA=3414
AL442,AL,442,noe[r]thk[R](A)lienR=1424
AL443,AL,443,noerthkarAlienA=23414
AL444,AL,444,noe[r]thky[R](A)lienA=1434
AL445,AL,445,-
AL446,AL,446,noe[r]thkerIlienA=13414
AL447,AL,447,-
AL448,AL,448,noerthkerAlienA=23414
AL449,AL,449,naw(r)thk[R](A)lienA=1434
AL450,AL,450,noe[r]thkerIlienA=23414
AL451,AL,451,noe[r]thk[R](A)lienA=1414
FL452,FL,452,naw(r)thkerAlienA=13414
FL453,FL,453,naw(r)thk[R](A)lienA=3414
FL454,FL,454,noe[r]thka(rA)lienA=1324
FL455,FL,455,nawrthker(A)lienA=2314
FL456,FL,456,nawrthkar(A)lienA=2314
FL457,FL,457,nawrthkerAlienA=23414
FL458,FL,458,noe(r)thkerAlienA=13424
FL459,FL,459,-
FL460,FL,460,-
FL461,FL,461,nawrthk[R](A)lienA=1434
FL462,FL,462,nawrthkerAlienA=13424
FL463,FL,463,-
FL464,FL,464,noe[r]thk[R](A)lienA=1414
FL465,FL,465,noerthk[R](A)lienA=3414
FL466,FL,466,naw(r)thker(A)lienA=2314
FL467,FL,467,noe[r]thker(A)lienA=1314
FL468,FL,468,naw(r)thk(arA)lienA=214
FL469,FL,469,nawrthk[R](A)lienA=3414
FL470,FL,470,noerthk[R](A)lienA=3414
FL471,FL,471,naw(r)thka(rA)lienA=1324
AL472,AL,472,nawrthker(A)lienA=3214
AL473,AL,473,-
AL474,AL,474,noerthka(rA)lienA=1324
AL475,AL,475,noe[r]thkerAlienA=13414
AL476,AL,476,noerthker(A)lienA=1314
AL477,AL,477,naw(r)thka[r](A)lienA=1324
AL478,AL,478,-
AL479,AL,479,naw(r)thke(rA)lienA=2314
AL480,AL,480,noe[r]thkerIlienA=23414
AL481,AL,481,naw(r)thka(rA)lienA=1324
AL482,AL,482,noe[r]thke[r](A)lienA=1134
AL483,AL,483,-
AL484,AL,484,naw[r](th)karAlienA=23414
AL485,AL,485,naw(r)thkurIlienA=23414
TN486,TN,486,-
TN487,TN,487,naw[r]thk[R](A)lienA=3414
TN487,TN,487,naw[r]thk(ar)LienA=3414
TN488,TN,488,nawrthkR(A)lienA=1414
TN489,TN,489,noerthk[R](A)lienA=1434
TN490,TN,490,noerthkerAlienA=13414
TN491,TN,491,-
TN492,TN,492,-
TN493,TN,493,-
TN494,TN,494,nawrthkar(A)lienA=1324
TN495,TN,495,naw(r)thker(A)lienA=1234
TN496,TN,496,northkerAlienA=13424
TN497,TN,497,nawrthka[r](A)lienA=1314
TN497,TN,497,nawrthkar(A)lienA=1314
TN498,TN,498,noerthkerAlienA=23414
TN499,TN,499,naw[r]thk[R](A)lienA=1434
TN500,TN,500,noe[r]thk[R](A)lienA=1414
TN501,TN,501,noe[r]thk[R](A)lienA=1434
TN502,TN,502,noerfk[R](A)lienA=3414
TN503,TN,503,-
TN504,TN,504,-
TN505,TN,505,-
TN506,TN,506,-
TN507,TN,507,-
TN508,TN,508,naw[r]thkerIlienA=13414
TN509,TN,509,naw[r]thk[R](A)lienA=3414
TN510,TN,510,-
TN511,TN,511,-
TN512,TN,512,noerthkur(A)lienA=2314
TN513,TN,513,noe[r]thke[r](A)lienA=2314
TN514,TN,514,noe(r)thkerAlienA=12434
TN515,TN,515,-
TN516,TN,516,-
TN517,TN,517,nawrthkerAlienA=23414
TN518,TN,518,noerthkarAlienA=13424
TN519,TN,519,nawrthkar(A)lienA=1324
MS520,MS,520,-
MS521,MS,521,naw[r]thkarIlienA=13424
MS522,MS,522,noerthkarAlienA=13414
MS523,MS,523,-
MS524,MS,524,noerthkarAlienA=23414
MS525,MS,525,-
MS526,MS,526,-
MS527,MS,527,naw(r)thkarIlienA=13424
MS528,MS,528,-
MS529,MS,529,-
MS530,MS,530,nawrthk[R](A)lienA=3414
MS531,MS,531,naw(r)thka(r)AlienA=23414
MS532,MS,532,naw(r)thker(A)lienA=1314
MS533,MS,533,noerthkarAlienA=13414
MS534,MS,534,-
MS535,MS,535,noe(r)thkerAlienA=13424
MS536,MS,536,-
MS537,MS,537,-
MS538,MS,538,noe[r]thkarIlienA=12434
MS539,MS,539,noerthkerIlienA=13414
MS540,MS,540,noe[r]thk[R](A)lienA=1414
MS541,MS,541,noerthkar(A)lienA=3314
MS542,MS,542,-
MS543,MS,543,noe[r]thk[R](A)lienA=1434
MS544,MS,544,nawrthkerAlienA=23414
MS545,MS,545,naw(r)thker(A)lienA=2314
MS546,MS,546,-
MS547,MS,547,naw(r)thkerAlienA=13414
MS548,MS,548,noe[r]thker(A)lienA=1314
MS549,MS,549,noerthkarAlienA=23414
MS550,MS,550,-
MS551,MS,551,nawrthkarAlienA=23414
MS552,MS,552,-
MS553,MS,553,-
MS554,MS,554,naw(r)thke[r](A)lienA=1324
MS555,MS,555,-
MS556,MS,556,naw(r)thker(A)lienA=3314
MS557,MS,557,noerthkerAlienA=13414
MS558,MS,558,noerthker(A)lienA=2314
MS559,MS,559,-
MS560,MS,560,naw(r)thk[R](A)lienA=3414
MS561,MS,561,-
MS562,MS,562,noe[r]thkur(A)lienA=2314
MS563,MS,563,noe[r]thkarIlienA=13414
MS564,MS,564,noe[r]thkerIlienA=13414
MS565,MS,565,nawrthk[R](A)lienA=1434
MS566,MS,566,-
MS567,MS,567,naw(r)thkerAlienA=13424
MS568,MS,568,-
MS569,MS,569,-
MS570,MS,570,naw(r)thk[R](A)lienA=3414
MS571,MS,571,-
MS572,MS,572,noe(r)thk[R](A)lienA=3414
MS573,MS,573,naw(r)thk[R](A)lienA=1434
MS574,MS,574,naw[r]thka(rA)lien(A)=132
MS575,MS,575,noe[r]thkerIlienA=13414
MS576,MS,576,nawrthk[R](A)lienA=3414
MS577,MS,577,noe[r]thka(rA)lienA=2314
MS578,MS,578,naw(r)thk[R](A)lienA=1434
MS579,MS,579,naw[r]thkarAlienA=33414
MS580,MS,580,-
MS581,MS,581,-
MS582,MS,582,noe[r]thk[R](A)lienA=1414
MS583,MS,583,naw[r]thk[R](A)lienA=1414
MS584,MS,584,nawrthker(A)lienA=2314
MS585,MS,585,noe[r]thk[R](A)lienA=1434
MS586,MS,586,-
MS587,MS,587,naw(r)thk[R](A)lienA=1434
MS588,MS,588,-
MS589,MS,589,noe(r)thker(A)lienA=1324
MS590,MS,590,noe[r]thkerIlienA=13414
MS591,MS,591,noerthkerAlienA=33414
MS592,MS,592,naw(r)thkarAlienA=13424
MS593,MS,593,-
MS594,MS,594,noe[r]thkyer(A)lienA=1324
MS595,MS,595,noerthkerIlienA=13424
MS596,MS,596,naw(r)thk[R](A)lienA=1434
MS597,MS,597,-
MS598,MS,598,noe(r)thkerAlienA=23414
MS599,MS,599,noerthkerAlienA=23414
MS600,MS,600,-
MS601,MS,601,noerthker(A)lienA=1324
MS602,MS,602,naw(r)thkerAlienA=13424
MS603,MS,603,-
MS604,MS,604,noerthkur(A)lienA=1314
MS605,MS,605,noerthkerIlienA=13414
MS606,MS,606,nawrthkR(A)lienR=3414
MS607,MS,607,noe[r]thke[r](A)lienA=1314
MS608,MS,608,noerthkarAlienA=23414
MS609,MS,609,-
MS610,MS,610,maw(r)thka[r](A)lienA=3214
MS611,MS,611,-
MS612,MS,612,-
MS613,MS,613,noe[r]thka(r)AlienA=11434
MS614,MS,614,-
MS615,MS,615,noerthkerAlienA=23414
MS616,MS,616,noerthkarAlienA=23414
MS617,MS,617,naw[r]thke[r](A)lienA=1324
MS618,MS,618,noerthkurAlienA=23414
MS619,MS,619,-
MS620,MS,620,noe[r]thkerAlienA=33414
MS620,MS,620,noe(r)thku[r](A)lienA=1324
MS621,MS,621,-
MS622,MS,622,naw(r)thkarAlienA=23414
MS623,MS,623,nawr(th)kurAlienA=13424
MS624,MS,624,noerthkarAlienA=23414
MS625,MS,625,noerthker(A)lienA=3314
MS626,MS,626,noe[r]thkarIlienA=23414
MS627,MS,627,-
MS628,MS,628,noerthkerAlienA=23414
MS629,MS,629,noerthke(r)AlienA=23414
LA630,LA,630,naw[r]thk[R](A)lienA=3414
LA631,LA,631,-
LA632,LA,632,noe[r]thk[R](A)lienA=3414
LA633,LA,633,noe(r)thkR(A)lienA=1414
LA634,LA,634,-
LA635,LA,635,nawrthker(A)lienA=2314
LA636,LA,636,-
LA637,LA,637,-
LA638,LA,638,noe[r]thkarAlienA=13424
LA639,LA,639,-
LA640,LA,640,-
LA641,LA,641,naw[r]thkerAlienA=13424
LA642,LA,642,naw[r]thkarAlienA=23414
LA643,LA,643,nawrthkurAlienA=13424
LA644,LA,644,-
LA645,LA,645,nawrthkar(A)lienA=2314
LA646,LA,646,noerthkarAlienA=13424
LA647,LA,647,-
LA648,LA,648,naw[r]tkar(A)lienA=2314
LA649,LA,649,nawrthkarAlienA=23414
LA650,LA,650,-
LA651,LA,651,-
LA652,LA,652,noerthkarAlienA=23414
LA653,LA,653,nawrthkarIlienA=23414
LA654,LA,654,-
LA655,LA,655,noe(r)thkerAlienA=23414
LA656,LA,656,naw[r]thka(rA)lienA=2314
LA657,LA,657,noe[r]thka(rA)lienA=2314
LA657X,LA,657X,noe[r]thkerAlienA=33414
LA657Y,LA,657Y,naw[r]thkarAlienA=23414
LA657Z,LA,657Z,noe[r]thkarIlienA=13414
LA658,LA,658,noe[r]thkarIlienA=13414
LA659,LA,659,naw[r]tkarAlienA=13414
LA660,LA,660,-
LA661,LA,661,no(r)thkerA[l]ienA=12434
LA662,LA,662,naw[r]thkarIlienA=13424
LA663,LA,663,noe(r)thke(rA)lienA=1334
LA664,LA,664,naw[r]thkarAlienA=23414
LA665,LA,665,-
LA666,LA,666,-
LA667,LA,667,noe[r]thkarIlienA=13414
LA668,LA,668,naw(r)thkarAlien(A)=1243
LA669,LA,669,-
LA670,LA,670,-
LA671,LA,671,naw(r)thkarAlienA=23414
LA672,LA,672,noerthkarAlienA=23414
LA673,LA,673,noerthkerAlienA=13424
AR674,AR,674,noerthkR(A)lienA=1434
AR675,AR,675,noerthkerAlienA=12414
AR676,AR,676,-
AR677,AR,677,-
AR678,AR,678,-
AR679,AR,679,northkerAlienA=13424
AR680,AR,680,noerthkarIlienA=11434
AR681,AR,681,nawrthkerIlienA=13424
AR682,AR,682,noerthkur(A)lienA=2314
AR683,AR,683,-
AR684,AR,684,noerthker(A)lienA=1314
AR685,AR,685,noerthkerAlienA=23414
AR686,AR,686,nawrthkar(A)lienA=1324
AR687,AR,687,nawrthkir(A)lienA=1324
AR688,AR,688,noe[r]sk[R](A)lienA=1434
AR689,AR,689,-
AR690,AR,690,-
AR691,AR,691,-
AR692,AR,692,naw(r)thka(rA)lienA=2314
AR693,AR,693,noerthker(A)lienA=2314
AR694,AR,694,noerthkur(A)lienA=1314
AR695,AR,695,no(r)thkerAlienA=13424
AR696,AR,696,noe[r]thke[r](A)lienA=1314
AR697,AR,697,nu[r]thk[R](A)lienA=3414
AR698,AR,698,-
AR699,AR,699,-
AR700,AR,700,-
AR701,AR,701,naw[r]thk[R](A)lienA=1434
AR702,AR,702,noerthkerAlienA=23414
AR703,AR,703,nawrthk[R](A)lienA=3414
AR704,AR,704,naw(r)thk[R](A)lienA=1434
AR705,AR,705,naw[r]thk[R](A)lienA=2414
AR706,AR,706,-
AR707,AR,707,noe[r]thkarIlienA=13414
AR708,AR,708,noerthk[R](A)lienR=2414
AR709,AR,709,-
AR710,AR,710,-
AR711,AR,711,noerthkerAlienA=23414
AR712,AR,712,noe(r)thkerAlienA=23414
AR713,AR,713,-
AR714,AR,714,noerthker(IlienA)=13
AR715,AR,715,-
AR716,AR,716,-
AR717,AR,717,-
AR718,AR,718,-
AR719,AR,719,noerthkerIlienA=23414
AR720,AR,720,-
AR721,AR,721,noerthkarAlienA=13414
AR722,AR,722,-
AR723,AR,723,nawrthkR(A)lienA=2414
AR724,AR,724,-
AR725,AR,725,noerthkur(A)lienA=2314
AR726,AR,726,-
AR727,AR,727,noerthk[R](A)lienA=3414
AR728,AR,728,naw(r)thk[R](A)lienA=3414
AR729,AR,729,-
AR730,AR,730,noerthkarAlienA=23414
AR731,AR,731,northkerAlienA=13414
AR732,AR,732,noerthkerAlienA=13414
AR733,AR,733,-
AR734,AR,734,-
AR735,AR,735,-
AR736,AR,736,-
AR737,AR,737,naw[r]thk[R](A)lienA=1434
AR738,AR,738,northkR(A)lienA=1434
AR739,AR,739,noerthkerIlienA=13414
AR740,AR,740,-
AR741,AR,741,noerthkarAlienA=23414
AR742,AR,742,noerthk[R](A)lienA=3414
AR743,AR,743,naw(r)thkir(A)lienA=1314
AR744,AR,744,-
AR745,AR,745,-
AR746,AR,746,naw[r]thka[r](A)lienA=2214
AR747,AR,747,nawrthkur(A)lienA=1324
AR748,AR,748,noe[r]thkI(A)lienA=1434
AR749,AR,749,noerthk[R](A)lienA=3414
AR750,AR,750,-
AR751,AR,751,noerthkarAlienA=33414
AR752,AR,752,noe(r)thke[r](A)lienA=1314
AR753,AR,753,noerthkerAlienA=23414
AR754,AR,754,nawrthk[R](A)lienA=3414
AR755,AR,755,noerthkur(A)lienA=2314
LA756,LA,756,-
LA757,LA,757,noe[r]thk[R](A)lienA=1414
LA758,LA,758,naw(r)thkarAlienA=32414
LA759,LA,759,-
LA760,LA,760,-
LA761,LA,761,noe[r]thk[R](A)lienA=1414
LA762,LA,762,-
LA763,LA,763,-
LA764,LA,764,naw(r)thk(arA)LienA=1434
LA765,LA,765,nawrthkerAlienA=23414
LA766,LA,766,naw[r]thk[R](A)lienA=2414
LA767,LA,767,nawrthkR(A)lienA=3414
LA768,LA,768,noerthkairIlienA=23414
LA769,LA,769,naw(r)thkerAlienA=12434
LA770,LA,770,nawrthkerAlienA=13414
LA771,LA,771,noe[r]thke(rA)lienA=1314
LA772,LA,772,noe[r]thke[r](A)lienA=2314
LA773,LA,773,noe[r]thk[R](A)lienA=1414
LA774,LA,774,-
LA775,LA,775,naw(r)thka(rA)lienA=1234
LA776,LA,776,no[r]thkerAlienA=13424
LA777,LA,777,noerthkarAlienA=13414
LA778,LA,778,-
LA779,LA,779,noerthkerIlienA=13424
LA780,LA,780,noerthkurAlienA=13414
LA781,LA,781,noe[r]thk[R](A)lienA=3414
LA782,LA,782,noerthk[R](A)lienA=1414
LA783,LA,783,noerthk[R](A)lienA=1414
LA784,LA,784,-
LA785,LA,785,northkerAlienA=12434
LA786,LA,786,noe[r]thk[R](A)lienA=3414
LA787,LA,787,nawrthkurAlienA=13424
LA788,LA,788,noerthk[R](A)lienR=2414
LA789,LA,789,noe[r]thk[R](A)lienA=3414
LA790,LA,790,noerthk[R](A)lienA=3414
LA791,LA,791,noe[r]thkarAlienA=23414
LA792,LA,792,noerthk[R](A)lienA=1434
LA793,LA,793,-
LA794,LA,794,-
LA795,LA,795,-
LA796,LA,796,naw(r)thker(A)lienA=1324
LA797,LA,797,-
LA798,LA,798,naw(r)thkar(A)lienA=1234
LA799,LA,799,-
LA800,LA,800,nawrthkR(A)lienR=2414
LA801,LA,801,noerthker(A)lienA=1324
LA802,LA,802,noerthk[R](A)lienA=3414
LA803,LA,803,-
LA804,LA,804,-
LA805,LA,805,noertkarAlienA=23414
LA806,LA,806,nawrtkar(A)lienA=1324
LA807,LA,807,-
LA808,LA,808,-
LA809,LA,809,naw[r]thka[r](A)lienA=1314
LA810,LA,810,noerthkarIlienA=23414
LA811,LA,811,-
LA812,LA,812,-
LA813,LA,813,-
LA814,LA,814,-
LA815,LA,815,nawrthker(A)lienA=1314
LA816,LA,816,nawrthkurAlienA=23414
LA817,LA,817,noerthkur(A)lienA=2314
TX818,TX,818,-
TX819,TX,819,nawrthk[R](A)lienA=1414
TX820,TX,820,northkerAlienA=23414
TX821,TX,821,naw(r)thk[R](A)lienA=3414
TX822,TX,822,noerthkurAlienR=13414
TX822,TX,822,noerthkerIlienR=13414
TX823,TX,823,nawrthkar(A)lienA=2314
TX824,TX,824,northkerAlienA=23414
TX825,TX,825,-
TX826,TX,826,noerthk[R](A)lienA=3414
TX827,TX,827,noerthkerAlienA=13414
TX828,TX,828,naw(r)thk[R](A)lienA=1434
TX829,TX,829,naw[r]thka[r](A)lienA=1324
TX830,TX,830,naw[r]thke[r](A)lienA=1324
TX831,TX,831,noerthkerAlienA=13424
TX832,TX,832,-
TX833,TX,833,nawrthkR(A)lienA=1434
TX834,TX,834,noerthkR(A)lienA=1414
TX835,TX,835,nawrthk[R](A)lienA=3414
TX836,TX,836,nawrthkar(A)lienA=2314
TX837,TX,837,-
TX838,TX,838,-
TX839,TX,839,-
TX840,TX,840,-
TX841,TX,841,-
TX842,TX,842,-
TX843,TX,843,nawrthka[r](A)lienA=1314
TX844,TX,844,naw(r)thker(A)lienA=1324
TX845,TX,845,-
TX846,TX,846,nawrthkar(A)lienA=2314
TX847,TX,847,-
TX848,TX,848,-
TX849,TX,849,naw(r)thkerAlienA=23414
TX850,TX,850,noerthk[R](A)lienA=1434
TX851,TX,851,-
TX852,TX,852,northkerAlienA=23414
TX853,TX,853,-
TX854,TX,854,noe[r]thk[R](A)lienA=2414
TX855,TX,855,-
TX856,TX,856,-
TX857,TX,857,naw(r)thka[r](A)lienA=2314
TX858,TX,858,noe[r]thkerIlienA=13414
TX859,TX,859,nawrthkurrAlienA=13424
TX860,TX,860,-
TX861,TX,861,noe[r]thkerIlienA=13414
TX862,TX,862,nawrthkerAlienA=33414
TX863,TX,863,nawrthkarAlienA=23414
TX864,TX,864,-
TX865,TX,865,noerthkerIlienA=12414
TX866,TX,866,naw[r]thkarAlienA=23414
TX867,TX,867,noerthkar(A)lienA=2314
TX868,TX,868,noe[r]thkarIlienA=13414
TX868,TX,868,noe[r]thkerIlienA=13414
TX869,TX,869,noe[r]thkarIlienA=11434
TX870,TX,870,nawrthkurAlienA=23414
TX871,TX,871,-
TX872,TX,872,-
TX873,TX,873,naw(r)thk[R](A)lienA=2414
TX874,TX,874,noerthkerIlienA=23414
TX875,TX,875,-
TX876,TX,876,northkerAlienA=13414
TX877,TX,877,nawrthkerIlienA=13414
TX878,TX,878,noerthkR(A)lienA=1434
TX879,TX,879,-
TX880,TX,880,noertku[r](A)lienA=1324
TX881,TX,881,-
TX882,TX,882,-
TX883,TX,883,-
TX884,TX,884,-
TX885,TX,885,nawrthkR(A)lienA=1434
TX886,TX,886,-
TX887,TX,887,northkarAlienA=23414
TX888,TX,888,-
TX889,TX,889,naw[r]thka[r](A)lienA=1324
TX890,TX,890,northkerAlienA=13424
TX891,TX,891,noerthkerAlienA=23414
TX892,TX,892,-
TX893,TX,893,noerthkar(A)lienA=2314
TX894,TX,894,noerthkerAlienA=13424
TX895,TX,895,noerthkurAlienA=13424
TX896,TX,896,nawrthkar(A)lienA=2314
TX897,TX,897,-
TX898,TX,898,-
TX899,TX,899,nawrthkerAlienA=13424
TX900,TX,900,naw[r]thke(rA)lienA=2314
TX900,TX,900,naw[r]thkar(A)lienR=2314
TX901,TX,901,noerthkerAlienA=23414
TX902,TX,902,nawrthkarAlienA=23414
TX903,TX,903,-
TX904,TX,904,nawrthka(rA)lienA=2314
TX905,TX,905,nawrthkerAlienA=13424
TX906,TX,906,noerthkerIlienA=11434
TX907,TX,907,-
TX908,TX,908,nawrthka[r](A)lienA=1324
TX909,TX,909,-
TX910,TX,910,naw(r)thka[r](A)lienA=1334
TX911,TX,911,nawrthkerIlienA=13434
