Informant,State,Informant number,Response
TN001,TN,001,-
TN002,TN,002,-
TN003,TN,003,oeklAhoemA=3414
TN004,TN,004,oeklAhoemA=3414
TN005,TN,005,oeklAhoemA=3414
TN006,TN,006,oeklihoemA=1324
TN007,TN,007,oeklAhoe[m](A)=241
TN008,TN,008,-
TN009,TN,009,oeklAhoemA=3414
TN010,TN,010,oeklIhoemA=3414
TN011,TN,011,oeklAhoe[m](A)=341
TN012,TN,012,-
TN013,TN,013,oeklAhoemA=1434
TN014,TN,014,oeklIhoemA=3414
TN015,TN,015,oeklAhoemA=1434
TN016,TN,016,oeklAhoemA=3414
TN017,TN,017,oeklAhoemA=3414
TN018,TN,018,oeklAhoemA=3414
TN019,TN,019,oeklAhoemA=1434
TN020,TN,020,oeklAhoemA=1434
TN021,TN,021,-
TN022,TN,022,oeklAhoemA=3414
TN023,TN,023,-
TN024,TN,024,oeklAhoemA=3414
TN025,TN,025,-
TN026,TN,026,oeklAhoemA=3414
TN027,TN,027,oeklAhoemA=1434
TN028,TN,028,oeklAhoemA=1434
TN029,TN,029,oeklAhoemA=3414
TN030,TN,030,oeklAhoemA=3414
TN031,TN,031,oeklAhoemA=3414
TN032,TN,032,oeklAhoemA=3414
TN033,TN,033,oeklAhoemA=3414
TN034,TN,034,oeklAhoemA=1434
TN035,TN,035,oeklAhoemA=3414
TN036,TN,036,oeklIhoemA=3414
TN037,TN,037,oeklIhoemA=3414
TN038,TN,038,oeklAhoemA=3414
TN039,TN,039,oeklIhoemA=3414
TN040,TN,040,oeklIhoemA=3414
TN041,TN,041,oek(l)AhoemA=3414
TN042,TN,042,-
TN043,TN,043,oeklAhoemA=3414
TN044,TN,044,oeklAhoemA=3414
TN045,TN,045,oeklAhoemA=3414
TN046,TN,046,oeklAhoemA=3414
TN047,TN,047,oeklIhoemA=3414
TN048,TN,048,oeklIhoemA=3414
TN049,TN,049,oeklIhoemA=3414
TN050,TN,050,oeklAhoemA=3414
TN051,TN,051,oeklIhoemA=3414
TN052,TN,052,-
TN053,TN,053,oeklIhoemA=2414
TN054,TN,054,-
TN055,TN,055,oeklIhoemA=3414
TN056,TN,056,-
TN057,TN,057,oeklIhoemA=3414
TN058,TN,058,oeklIhoemA=3414
TN059,TN,059,oeklAhoemA=3414
TN060,TN,060,oeklAhoemA=3414
GA061,GA,061,-
GA062,GA,062,oeklIhoemA=3414
GA063,GA,063,-
GA064,GA,064,oeklIhoemA=3414
GA065,GA,065,oeklAhoemA=3414
GA066,GA,066,-
GA067,GA,067,oeklAhoemA=3414
GA068,GA,068,-
GA069,GA,069,oeklAhoemA=3414
GA070,GA,070,-
GA071,GA,071,oeklIhoemA=3414
GA072,GA,072,oeklIhoemA=3414
GA073,GA,073,oeklIhoemA=3414
GA074,GA,074,oeklIhoemA=3414
GA075,GA,075,oeklIhoemA=3414
GA076,GA,076,oeklAhoemA=3414
GA077,GA,077,-
GA078,GA,078,-
GA079,GA,079,-
GA080,GA,080,-
GA081,GA,081,-
GA082,GA,082,-
GA083,GA,083,oeklAhoemA=3414
GA084,GA,084,-
GA085,GA,085,oeklAhoemA=3414
GA086,GA,086,oeklAhoemA=3414
GA087,GA,087,oeklIhoemA=3414
GA088,GA,088,-
GA089,GA,089,-
GA090,GA,090,oeklAhoemA=3414
GA091,GA,091,oeklIhoemA=3414
GA092,GA,092,oeklIhoemA=3414
GA093,GA,093,-
GA094,GA,094,-
GA095,GA,095,oeklAhoemA=3414
GA096,GA,096,oek(l)IhoemA=3414
GA097,GA,097,-
GA098,GA,098,oeklAhoemA=3414
GA099,GA,099,oeklAhoemA=3414
GA100,GA,100,oeklIhoemA=3414
GA101,GA,101,oeklIhoemA=3414
GA102,GA,102,oeklAhoemA=3414
GA103,GA,103,oeklIhoemA=3414
GA104,GA,104,oeklIhoemA=3414
GA105,GA,105,oeklAhoemA=3414
GA106,GA,106,oeklAhoemA=3414
GA107,GA,107,oeklIhoemA=3414
GA108,GA,108,-
GA109,GA,109,oeklIhoemA=3414
GA110,GA,110,-
GA111,GA,111,oeklAhoemA=3414
GA112,GA,112,oeklAhoemA=3414
GA113,GA,113,-
GA114,GA,114,-
GA115,GA,115,-
GA116,GA,116,-
GA117,GA,117,-
GA118,GA,118,oeklAhoemA=3414
GA119,GA,119,oeklIhoemA=3414
GA120,GA,120,oeklAhoemA=3414
GA121,GA,121,oeklIhoemA=3414
GA122,GA,122,oeklIhoemA=3414
GA123,GA,123,-
GA124,GA,124,oeklAhoemA=3414
GA125,GA,125,-
GA126,GA,126,-
GA127,GA,127,-
GA128,GA,128,-
GA129,GA,129,-
GA130,GA,130,-
GA131,GA,131,oeklIhoemA=2414
GA132,GA,132,-
GA133,GA,133,-
GA134,GA,134,-
GA135,GA,135,oeklIhoemA=3414
GA136,GA,136,oeklIhoemA=3414
GA137,GA,137,oeklIhoemA=3414
GA138,GA,138,-
GA139,GA,139,oeklAhoemA=3414
GA140,GA,140,-
GA141,GA,141,oeklIhoemA=3414
GA142,GA,142,oeklAhoemA=3414
GA143,GA,143,oeklAhoemA=3414
GA144,GA,144,oeklIhoemA=3414
GA145,GA,145,-
GA146,GA,146,oeklAhoemA=3414
GA147,GA,147,-
GA148,GA,148,oeklIhoemA=3414
GA149,GA,149,-
GA150,GA,150,oeklIhoemA=3414
GA151,GA,151,oeklihoemA=2314
GA152,GA,152,oek(l)AhoemA=3414
GA153,GA,153,-
GA154,GA,154,-
GA155,GA,155,-
GA156,GA,156,-
GA157,GA,157,-
GA158,GA,158,-
GA159,GA,159,oeklAhoemA=3414
GA160,GA,160,-
GA161,GA,161,oek(l)AhoemA=3414
GA162,GA,162,oeklIhoemA=3414
GA163,GA,163,oeklIhoemA=3414
GA164,GA,164,oeklIhoemA=3414
GA165,GA,165,oeklAhoemA=3414
GA166,GA,166,oeklAhoemA=3414
GA167,GA,167,oeklIhoemA=3414
GA168,GA,168,-
GA169,GA,169,-
GA170,GA,170,oeklIhoemA=3414
GA171,GA,171,oeklIhoemA=3414
GA172,GA,172,oeklIhoemA=3414
GA173,GA,173,-
GA174,GA,174,-
GA175,GA,175,-
GA176,GA,176,oeklAhoemA=3414
GA177,GA,177,oeklAhoemA=2414
GA178,GA,178,-
GA179,GA,179,-
GA180,GA,180,-
GA181,GA,181,-
GA182,GA,182,-
GA183,GA,183,oeklIhoemA=3414
GA184,GA,184,oeklIhoemA=3414
GA185,GA,185,oeklAhoemA=3414
GA186,GA,186,oeklIhoemA=3414
GA187,GA,187,-
GA188,GA,188,oek(l)IhoemA=3414
GA189,GA,189,oeklIhoemA=3414
GA190,GA,190,-
GA191,GA,191,oeklAhoemA=3414
GA192,GA,192,-
GA193,GA,193,-
GA194,GA,194,-
GA195,GA,195,-
GA196,GA,196,oeklIhoemA=3414
GA197,GA,197,-
GA198,GA,198,-
GA199,GA,199,-
GA200,GA,200,-
GA201,GA,201,oeklAhoemA=3414
GA202,GA,202,oeklAhoemA=3414
GA203,GA,203,-
GA204,GA,204,-
GA205,GA,205,-
GA206,GA,206,oeklIhoemA=3414
GA207,GA,207,oeklIhoemA=3414
GA208,GA,208,oeklAhoemA=3414
GA209,GA,209,oeklAhoemA=2414
GA210,GA,210,oeklAhoemA=3414
GA211,GA,211,oeklihoemA=1314
GA212,GA,212,oeklAhoemA=3414
GA213,GA,213,oeklAhoemA=3414
GA214,GA,214,oeklIhoemA=3414
GA215,GA,215,-
GA216,GA,216,oeklAhoemA=3414
GA217,GA,217,oeklIhoemA=3414
GA218,GA,218,-
GA219,GA,219,oeklAhoemA=1434
GA220,GA,220,oeklAhoemA=1424
GA221,GA,221,-
GA222,GA,222,-
GA223,GA,223,oeklAhoemA=3414
GA224,GA,224,-
GA225,GA,225,-
FL226,FL,226,oek(l)AhoemA=3414
FL227,FL,227,oeklIhoemA=3414
FL228,FL,228,-
FL229,FL,229,oeklAhoemA=1434
FL230,FL,230,oekrAhoemA=3414
FL231,FL,231,oeklAhoemA=3414
FL232,FL,232,-
FL233,FL,233,oeklAhoemA=3414
FL234,FL,234,oeklAhoemA=3414
FL235,FL,235,oeklIhoemA=3414
FL236,FL,236,oeklAhoemA=3414
FL237,FL,237,oeklAhoemA=3414
FL238,FL,238,oeklAhoemA=3414
FL239,FL,239,oeklIhoemA=3414
FL240,FL,240,oeklIhoemA=3414
FL241,FL,241,-
FL242,FL,242,oeklAhoemA=3414
FL243,FL,243,oeklAhoemA=3414
FL244,FL,244,-
FL245,FL,245,oeklIhoemA=3414
FL246,FL,246,oeklAhoemA=3414
FL247,FL,247,oeklAhoemA=3414
FL248,FL,248,oeklAhoemA=3414
FL249,FL,249,oeklAhoemA=2414
FL250,FL,250,-
FL251,FL,251,-
FL252,FL,252,-
FL253,FL,253,oeklAhoemA=3414
FL254,FL,254,-
FL255,FL,255,oeklAhoemA=3414
FL256,FL,256,-
FL257,FL,257,oeklIhoemA=3414
FL258,FL,258,oeklAhoemA=3414
FL259,FL,259,oeklAhoemA=3414
FL260,FL,260,-
FL261,FL,261,oeklAhoemA=3414
FL262,FL,262,-
FL263,FL,263,oeklAhoemA=3414
FL264,FL,264,oeklAhoemA=3414
FL265,FL,265,-
FL266,FL,266,oeklIhoemA=3414
FL267,FL,267,-
FL268,FL,268,-
FL269,FL,269,oeklAhoemA=1434
FL270,FL,270,oeklAhoemA=2414
FL271,FL,271,oeklAhoemA=3414
FL272,FL,272,oeklAhoemA=3414
FL273,FL,273,oeklIhoemA=3414
FL274,FL,274,oeklAhoemA=3414
FL275,FL,275,oeklIhoemA=3414
FL276,FL,276,-
FL277,FL,277,oeklAhoemA=3414
FL278,FL,278,oeklAhoemA=3414
FL279,FL,279,oeklIhoemA=3414
FL280,FL,280,oeklIhoemA=3414
FL281,FL,281,oeklIhoemA=3414
FL282,FL,282,oeklAhoemA=3414
FL283,FL,283,oeklAhoemA=3414
FL284,FL,284,oeklAhoemA=3414
FL285,FL,285,-
FL286,FL,286,oeklIhoemA=3414
FL287,FL,287,-
FL288,FL,288,-
FL289,FL,289,oeklIhoemA=3414
TN290,TN,290,-
TN291,TN,291,oeklAhoemA=1434
TN292,TN,292,oeklAhoemA=3414
TN293,TN,293,oeklAhoemA=3414
TN294,TN,294,oeklIhoemA=3414
TN295,TN,295,-
TN296,TN,296,oeklIhoemA=3414
TN297,TN,297,oeklIhoemA=3414
TN298,TN,298,-
TN299,TN,299,oeklIhoemA=2414
TN300,TN,300,oeklIhoemA=3414
TN301,TN,301,oeklIhoemA=3414
TN302,TN,302,oeklIhoemA=3414
TN303,TN,303,oeklAhoemA=3414
TN304,TN,304,oeklAhoemA=3414
TN305,TN,305,-
TN306,TN,306,-
TN307,TN,307,oeklAhoemA=3414
TN308,TN,308,oeklIhoemA=3414
TN309,TN,309,oeklAhoemA=1434
TN310,TN,310,oeklIhoemA=3414
TN311,TN,311,oeklAhoemA=3414
TN312,TN,312,oeklIhoemA=3414
TN313,TN,313,oeklAhoemA=3414
TN314,TN,314,oeklIhoemA=3414
TN315,TN,315,oeklAhoemA=3414
TN316,TN,316,oeklAhoemA=3414
TN317,TN,317,oeklIhoemA=3414
TN318,TN,318,oeklIhoemA=3414
TN319,TN,319,-
TN320,TN,320,oeklIhoemA=3414
TN321,TN,321,oeklAhoemA=3414
TN322,TN,322,oeklAhoemA=3414
TN323,TN,323,oeklAhoemA=3414
TN324,TN,324,oeklIhoemA=3414
TN325,TN,325,oeklAhoemA=3414
TN326,TN,326,oeklIhoemA=3414
TN327,TN,327,oeklAhoemA=3414
TN328,TN,328,-
TN329,TN,329,oeklAhoemA=3414
TN330,TN,330,oeklIhoemA=3414
TN331,TN,331,oeklIhoemA=2414
TN332,TN,332,oeklAhoemA=1434
TN333,TN,333,oeklIhoemA=3414
TN334,TN,334,oeklIhoemA=3414
TN335,TN,335,oeklAhoemA=3414
TN336,TN,336,oeklAhoemA=3414
AL337,AL,337,-
AL338,AL,338,oeklIhoemA=3414
AL339,AL,339,oeklIhoemA=3414
AL340,AL,340,-
AL341,AL,341,oeklAhoemA=3414
AL342,AL,342,oeklAhoemA=1424
AL343,AL,343,oeklIhoemA=3414
AL344,AL,344,-
AL345,AL,345,-
AL346,AL,346,-
AL347,AL,347,oeklAhoemA=3414
AL348,AL,348,oeklAhoemA=3414
AL349,AL,349,-
AL350,AL,350,-
AL351,AL,351,oeklIhoemA=3414
AL352,AL,352,oeklIhoemA=3414
AL353,AL,353,oeklIhoemA=3414
AL354,AL,354,oeklIhoemA=3414
AL355,AL,355,-
AL356,AL,356,oeklAhoemA=3414
AL357,AL,357,oeklIhoemA=3414
AL358,AL,358,oeklIhoemA=3414
AL359,AL,359,oeklIhoemR=3414
AL360,AL,360,oeklIhoemA=3414
AL361,AL,361,oeklIhoemA=3414
AL362,AL,362,oeklAhoemA=3414
AL363,AL,363,oeklAhoemA=3414
AL364,AL,364,oeklAhoemA=3414
AL365,AL,365,oek(l)AhoemA=3414
AL366,AL,366,oeklIhoemA=3414
AL367,AL,367,-
AL368,AL,368,oeklAhoemA=3414
AL369,AL,369,oeklIhoemA=3414
AL370,AL,370,oeklAhoemA=3414
AL371,AL,371,oeklIhoemA=3414
AL372,AL,372,oeklIhoemA=3414
AL373,AL,373,oeklAhoemA=1434
AL374,AL,374,oeklIhoemA=3414
AL375,AL,375,oeklAhoemA=3414
AL376,AL,376,-
AL377,AL,377,-
AL378,AL,378,oeklAhoemA=3414
AL379,AL,379,oeklAhoemA=3414
AL380,AL,380,oeklIhoemA=3414
AL381,AL,381,oeklIhoemA=3414
AL382,AL,382,oeklAhoemA=3414
AL383,AL,383,oeklAhoemA=3414
AL384,AL,384,oeklAhoemA=3414
AL385,AL,385,oeklAhoemA=3414
AL386,AL,386,oeklIhoemA=3414
AL387,AL,387,oeklIhoemA=3414
AL388,AL,388,-
AL389,AL,389,-
AL390,AL,390,oeklIhoemA=3414
AL391,AL,391,oeklIhoemA=3414
AL392,AL,392,oeklAhoemA=3414
AL393,AL,393,oeklAhoemA=1424
AL394,AL,394,oeklAhoemA=3414
AL395,AL,395,oeklIhoemA=3414
AL396,AL,396,-
AL397,AL,397,-
AL398,AL,398,-
AL399,AL,399,oek(l)AhoemA=3414
AL400,AL,400,oeklAhoemA=3414
AL401,AL,401,-
AL402,AL,402,-
AL403,AL,403,oeklAhoemA=3414
AL404,AL,404,oeklIhoemA=3414
AL405,AL,405,oeklIhoemA=3414
AL406,AL,406,-
AL407,AL,407,oeklIhoemA=3414
AL408,AL,408,oeklIhoemA=3414
AL409,AL,409,oeklAhoemA=3414
AL410,AL,410,oeklIhoemA=3414
AL411,AL,411,oeklAhoemA=3414
AL412,AL,412,-
AL413,AL,413,-
AL414,AL,414,oeklAhoemmA=3414
AL415,AL,415,oeklIhoemA=3414
AL416,AL,416,oeklAhoemA=3414
AL417,AL,417,oeklIhoemA=3414
AL418,AL,418,oeklIhoemA=3414
AL419,AL,419,oeklIhoemA=3414
AL420,AL,420,-
AL421,AL,421,oeklAhoemA=3414
AL422,AL,422,oeklAhoemA=3414
AL423,AL,423,oeklAhoemA=3414
AL424,AL,424,oeklIhoemA=3414
AL425,AL,425,-
AL426,AL,426,-
AL427,AL,427,oek(l)AhoemA=3414
AL428,AL,428,oeklAhoemA=3414
AL429,AL,429,-
AL430,AL,430,oeklAhoemA=3414
AL431,AL,431,oeklAhoemA=3414
AL432,AL,432,-
AL433,AL,433,oeklIhoemA=3414
AL434,AL,434,-
AL435,AL,435,oeklAhoemA=3414
AL436,AL,436,oek(l)AhoemA=3414
AL437,AL,437,oeklIhoemA=3414
AL438,AL,438,-
AL439,AL,439,oe(k)LIhoemA=34414
AL440,AL,440,oeklAhoemA=3414
AL441,AL,441,oeklAhoemA=3414
AL442,AL,442,oeklAhoemA=3414
AL443,AL,443,oeklAhoemA=3414
AL444,AL,444,oeklIhoemA=3414
AL445,AL,445,oeklIhoemA=3414
AL446,AL,446,oeklIhoemA=3414
AL447,AL,447,oeklIhoemA=3414
AL448,AL,448,oeklAhoemA=3414
AL449,AL,449,-
AL450,AL,450,-
AL451,AL,451,oeklIhoemA=3414
FL452,FL,452,oeklIhoemA=3414
FL453,FL,453,-
FL454,FL,454,oeklAhoemA=3414
FL455,FL,455,oeklAhoemA=3414
FL456,FL,456,oeklAhoemA=3414
FL457,FL,457,oeklAhoemA=3414
FL458,FL,458,oeklIhoemA=3414
FL459,FL,459,-
FL460,FL,460,-
FL461,FL,461,oeklAhoemA=3414
FL462,FL,462,oeklAhoemA=2414
FL463,FL,463,-
FL464,FL,464,-
FL465,FL,465,oeklAhoemA=3414
FL466,FL,466,oeklIhoemR=3414
FL467,FL,467,oeklIhoemA=3414
FL468,FL,468,oeklIhoemA=3414
FL469,FL,469,-
FL470,FL,470,oeklAhoemA=3414
FL471,FL,471,oeklAhoemA=3414
AL472,AL,472,oek(l)AhoemA=3414
AL473,AL,473,-
AL474,AL,474,oeklAhoemA=3414
AL475,AL,475,oeklIhoemA=3414
AL476,AL,476,oeklAhoemA=3414
AL477,AL,477,oeklIhoemA=3414
AL478,AL,478,-
AL479,AL,479,oeklIhoemA=3414
AL480,AL,480,oeklIhoemA=3414
AL481,AL,481,oeklIhoemA=3414
AL482,AL,482,-
AL483,AL,483,-
AL484,AL,484,oeklIhoemA=3414
AL485,AL,485,oeklIhumA=3414
TN486,TN,486,-
TN487,TN,487,oeklAhoemA=3414
TN488,TN,488,oeklAhoemA=3414
TN489,TN,489,oeklAhoemA=3414
TN490,TN,490,oeklAhoemA=3414
TN491,TN,491,oeklIhoemA=3414
TN492,TN,492,oeklAhoemA=3414
TN493,TN,493,-
TN494,TN,494,-
TN495,TN,495,oeklIhoemA=3414
TN496,TN,496,oeklAhoemA=3414
TN497,TN,497,-
TN498,TN,498,oeklIhoemA=3414
TN499,TN,499,oeklAhoemA=3414
TN500,TN,500,-
TN501,TN,501,oeklIhoemA=3414
TN502,TN,502,oeklAhoemA=3414
TN503,TN,503,oeklIhoemA=3414
TN504,TN,504,-
TN505,TN,505,-
TN506,TN,506,-
TN507,TN,507,-
TN508,TN,508,oeklAhoemA=2414
TN509,TN,509,oeklAhoemA=3414
TN510,TN,510,-
TN511,TN,511,-
TN512,TN,512,-
TN513,TN,513,oeklIhoemA=3414
TN514,TN,514,oeklAhoemA=1434
TN515,TN,515,oeklIhoemA=3414
TN516,TN,516,oeklIhoemA=3414
TN517,TN,517,oeklIhoemA=3414
TN518,TN,518,oeklAhoemA=3414
TN519,TN,519,oeklAhoemA=3414
MS520,MS,520,-
MS521,MS,521,oeklAhoemA=3414
MS522,MS,522,oeklAhoemA=3414
MS523,MS,523,-
MS524,MS,524,oeklAhoemA=3414
MS525,MS,525,-
MS526,MS,526,-
MS527,MS,527,oeklIhoemA=3414
MS528,MS,528,-
MS529,MS,529,-
MS530,MS,530,-
MS531,MS,531,oeklIhoemA=3414
MS532,MS,532,oeklIhoemA=3414
MS533,MS,533,oeklIhoemA=3414
MS534,MS,534,-
MS535,MS,535,oeklAhoemA=3414
MS536,MS,536,-
MS537,MS,537,-
MS538,MS,538,-
MS539,MS,539,oeklIhoemA=3414
MS540,MS,540,oeklIhoemA=3414
MS541,MS,541,oeklIhoemA=3414
MS542,MS,542,-
MS543,MS,543,-
MS544,MS,544,oeklAhoemA=3414
MS545,MS,545,-
MS546,MS,546,-
MS547,MS,547,oeklIhoemA=3414
MS548,MS,548,oeklIhoemA=3414
MS549,MS,549,oeklAhoemA=3414
MS550,MS,550,-
MS551,MS,551,oeklAhoemA=3414
MS552,MS,552,-
MS553,MS,553,-
MS554,MS,554,-
MS555,MS,555,-
MS556,MS,556,oeklAhoemA=3414
MS557,MS,557,oeklIhoemA=3414
MS558,MS,558,oeklIhoemA=3414
MS559,MS,559,-
MS560,MS,560,oeklIhoemA=3414
MS561,MS,561,-
MS562,MS,562,oeklIhoemA=3414
MS563,MS,563,oeklIhoemA=3414
MS564,MS,564,oeklIhoemA=3414
MS565,MS,565,oeklAhoemA=3414
MS566,MS,566,-
MS567,MS,567,-
MS568,MS,568,-
MS569,MS,569,-
MS570,MS,570,oeklAhoemA=3414
MS571,MS,571,-
MS572,MS,572,oeklIhoemA=3414
MS573,MS,573,oek(l)AhoemA=3414
MS574,MS,574,oeklAhoemA=3414
MS575,MS,575,oeklIhoemA=3414
MS576,MS,576,oeklAhoemR=3414
MS577,MS,577,-
MS578,MS,578,oeklAhoemA=3414
MS579,MS,579,oeklAhoemA=3414
MS580,MS,580,-
MS581,MS,581,oeklAhoemA=1424
MS582,MS,582,oeklIhoemA=3414
MS583,MS,583,oeklAhoemA=3414
MS584,MS,584,oeklAhoemA=3414
MS585,MS,585,oek(l)AhoemA=1434
MS586,MS,586,-
MS587,MS,587,oeklAhoemA=3414
MS588,MS,588,oeklIhoemA=3414
MS589,MS,589,oeklIhoemA=3414
MS590,MS,590,oeklIhoemA=3414
MS591,MS,591,oeklAhoemR=3414
MS592,MS,592,oeklAhoemA=3414
MS593,MS,593,oeklAhoemA=3414
MS594,MS,594,oeklAhoemA=1434
MS595,MS,595,oeklAhoemA=3414
MS596,MS,596,oeklIhumA=3414
MS597,MS,597,-
MS598,MS,598,oeklAhoemA=3414
MS599,MS,599,oeklAhoemA=3414
MS600,MS,600,-
MS601,MS,601,oeklAhoemA=3414
MS602,MS,602,oek(l)IhoemA=3414
MS603,MS,603,-
MS604,MS,604,-
MS605,MS,605,-
MS606,MS,606,-
MS607,MS,607,oeklIhoemA=3414
MS608,MS,608,oeklAhoemA=3414
MS609,MS,609,-
MS610,MS,610,oeklIhoemA=3414
MS611,MS,611,oeklAhoemA=1424
MS612,MS,612,oek(l)IhoemI=3414
MS612,MS,612,oekleehoemI=2314
MS613,MS,613,oeklAhoemA=3414
MS613,MS,613,oeklIhoemA=1434
MS614,MS,614,-
MS615,MS,615,oeklAhoemA=3414
MS616,MS,616,oeklAhoemA=3414
MS617,MS,617,oeklAhoemA=2414
MS618,MS,618,oeklAhoemA=3414
MS619,MS,619,-
MS620,MS,620,oeklAhoemA=3414
MS621,MS,621,oeklIhoemA=3414
MS622,MS,622,oeklAhoemA=3414
MS623,MS,623,oek(l)AhoemA=3414
MS624,MS,624,oeklAhoemA=3414
MS625,MS,625,oeklIhoemA=3414
MS626,MS,626,-
MS627,MS,627,-
MS628,MS,628,oeklAhoemA=3414
MS629,MS,629,oeklIhoemA=3414
LA630,LA,630,oeklAhoemA=3414
LA631,LA,631,-
LA632,LA,632,oeklAhoemA=3414
LA633,LA,633,oeklAhoemA=3414
LA634,LA,634,-
LA635,LA,635,oe(k)lIhoemA=3414
LA636,LA,636,oeklAhoemA=3414
LA637,LA,637,-
LA638,LA,638,oeklIhoemA=3414
LA639,LA,639,-
LA640,LA,640,-
LA641,LA,641,oeklAhoemA=1424
LA642,LA,642,-
LA643,LA,643,oeklIhoemA=3414
LA644,LA,644,-
LA645,LA,645,oeklAhoemA=3414
LA646,LA,646,oeklAhoemA=3414
LA647,LA,647,-
LA648,LA,648,oeklAhoemA=3414
LA649,LA,649,oeklAhoemA=3414
LA650,LA,650,-
LA651,LA,651,-
LA652,LA,652,-
LA653,LA,653,oeklIhoemA=3414
LA654,LA,654,oeklIhoemA=3414
LA655,LA,655,oeklAhoemA=3414
LA656,LA,656,oeklIhoemA=3414
LA657,LA,657,oeklIhoemA=3414
LA657X,LA,657X,oeklAhoemA=3414
LA657Y,LA,657Y,oeklIhoemA=3414
LA657Z,LA,657Z,oeklIhoemA=3414
LA658,LA,658,oeklIhoemA=3414
LA659,LA,659,oeklIhoemA=3414
LA660,LA,660,oeklAhoemA=3414
LA661,LA,661,oeklAhoemA=3414
LA662,LA,662,oeklAhoemA=3414
LA663,LA,663,-
LA664,LA,664,-
LA665,LA,665,-
LA666,LA,666,oeklAhoemA=3414
LA667,LA,667,oeklIhoemA=3414
LA668,LA,668,oeklIhoemA=3414
LA669,LA,669,oeklIhoemA=3414
LA670,LA,670,oeklAhoemA=3414
LA671,LA,671,oeklAhoemA=3414
LA672,LA,672,oeklIhoemA=3414
LA673,LA,673,oeklIhoemA=3414
AR674,AR,674,oeklIhoemA=3414
AR675,AR,675,oeklAhoemA=2414
AR676,AR,676,-
AR677,AR,677,-
AR678,AR,678,oeklIhoemA=3414
AR679,AR,679,oeklAhoemA=1434
AR680,AR,680,oeklIhoemA=3414
AR681,AR,681,oeklAhoemA=3414
AR682,AR,682,oeklIhoemA=3414
AR683,AR,683,oeklIhoemA=3414
AR684,AR,684,oek(l)AhoemA=3414
AR685,AR,685,oeklAhoemA=3414
AR686,AR,686,oeklAhoemA=3414
AR687,AR,687,oeklIhoemA=3414
AR688,AR,688,-
AR689,AR,689,oeklAhoemA=3414
AR690,AR,690,oeklAhoemA=3414
AR691,AR,691,oeklIhoemA=3414
AR692,AR,692,oeklAhoemA=3414
AR693,AR,693,oeklAhoemA=3414
AR694,AR,694,oeklIhoemA=3414
AR695,AR,695,oeklIhoemA=3414
AR696,AR,696,oeklIhoemA=3414
AR697,AR,697,oeklAhoemA=3414
AR698,AR,698,-
AR699,AR,699,-
AR700,AR,700,oeklIhoemA=3414
AR701,AR,701,-
AR702,AR,702,-
AR703,AR,703,oeklAhoemA=3414
AR704,AR,704,oeklIhoemA=3414
AR705,AR,705,oeklIhoemA=3414
AR706,AR,706,-
AR707,AR,707,oeklIhoemA=3414
AR708,AR,708,oeklAhoemA=3414
AR709,AR,709,oeklAhoemA=3414
AR710,AR,710,-
AR711,AR,711,oeklAhoemA=3414
AR712,AR,712,oeklIhoemA=3414
AR713,AR,713,oeklAhoemA=3414
AR714,AR,714,oeklIhoemA=3414
AR715,AR,715,oeklIhoemA=3414
AR716,AR,716,oeklAhoemA=3414
AR716,AR,716,oeklIhoemA=3414
AR717,AR,717,-
AR718,AR,718,oeklAhoemA=2414
AR719,AR,719,oeklAhoemA=3414
AR720,AR,720,-
AR721,AR,721,oeklIhoemA=3414
AR722,AR,722,oeklAhoemA=3414
AR723,AR,723,-
AR724,AR,724,oeklIhoemA=3414
AR725,AR,725,oeklAhoemA=1434
AR726,AR,726,oeklAhoemI=1434
AR727,AR,727,oeklIhoemA=3414
AR728,AR,728,oeklAhoemA=2414
AR729,AR,729,-
AR730,AR,730,oeklAhoemA=3414
AR731,AR,731,oeklIhoemA=3414
AR732,AR,732,oeklAhoemA=3414
AR733,AR,733,oeklAhoemA=3414
AR734,AR,734,oeklAhoemA=3414
AR735,AR,735,oeklAhoemA=3414
AR736,AR,736,oeklAhoemA=3414
AR737,AR,737,oeklAhoemA=3414
AR738,AR,738,oeklIhoemA=3414
AR739,AR,739,-
AR740,AR,740,oeklIhoemA=3414
AR741,AR,741,oeklAhoemA=3414
AR742,AR,742,oeklAhoemA=3414
AR743,AR,743,oeklIhoemA=3414
AR744,AR,744,-
AR745,AR,745,oeklAhoemA=3414
AR746,AR,746,-
AR747,AR,747,-
AR748,AR,748,oeklIhoemA=3414
AR749,AR,749,oeklIhoemA=3414
AR750,AR,750,oeklIhoemA=3414
AR751,AR,751,oeklIhoemA=3414
AR752,AR,752,oeklIhoemA=3414
AR753,AR,753,oeklIhoemA=3414
AR754,AR,754,oek(lA)hoemA=314
AR755,AR,755,oeklIhoemA=3414
LA756,LA,756,oeklAhoemA=3414
LA757,LA,757,oeklIhoemA=3414
LA758,LA,758,oeklIhoemA=3414
LA759,LA,759,-
LA760,LA,760,oeklAhoemA=3414
LA761,LA,761,-
LA762,LA,762,-
LA763,LA,763,-
LA764,LA,764,oeklAhoemA=3414
LA765,LA,765,oeklAhoemA=3414
LA766,LA,766,oeklAhoemA=3414
LA767,LA,767,oeklIhoemA=2414
LA768,LA,768,oeklAhoemA=3414
LA769,LA,769,oeklAhoemA=1434
LA770,LA,770,oeklAhoemA=3414
LA771,LA,771,oek(l)IhoemA=3414
LA772,LA,772,hoeklAhoemA=3414
LA773,LA,773,oeklAhoemA=3414
LA774,LA,774,-
LA775,LA,775,oeklAhoemA=3414
LA776,LA,776,oeklAhoemA=1424
LA777,LA,777,oeklIhoemA=3414
LA778,LA,778,oeklIhoemA=3414
LA779,LA,779,oeklAhoemA=3414
LA780,LA,780,oeklIhoemA=3414
LA781,LA,781,oeklIhoemA=3414
LA782,LA,782,oeklIhoemA=3414
LA783,LA,783,oeklIhoemA=3414
LA784,LA,784,-
LA785,LA,785,oeklAhoemA=2414
LA786,LA,786,oeklIhoemA=3414
LA787,LA,787,oeklIhoemA=3414
LA788,LA,788,oeklAhoemA=3414
LA789,LA,789,oeklAhoemA=3414
LA790,LA,790,oeklIhoemA=3414
LA791,LA,791,oeklAhoemA=3414
LA792,LA,792,oeklAhoemA=3414
LA793,LA,793,-
LA794,LA,794,oeklIhoemA=3414
LA795,LA,795,oeklAhoemA=3414
LA796,LA,796,oeklIhoemA=3414
LA797,LA,797,-
LA798,LA,798,oeklAhoemA=3414
LA799,LA,799,-
LA800,LA,800,oeklIhoemA=3414
LA801,LA,801,oek(l)IhoemA=3414
LA802,LA,802,-
LA803,LA,803,-
LA804,LA,804,-
LA805,LA,805,oeklIhoemA=3414
LA806,LA,806,oeklIhoemA=3414
LA807,LA,807,oeklAhoemA=2414
LA808,LA,808,-
LA809,LA,809,-
LA810,LA,810,oeklIhoemA=3414
LA811,LA,811,oeklIhoemA=3414
LA812,LA,812,-
LA813,LA,813,oeklAhoemA=3414
LA814,LA,814,oeklAhoemA=3414
LA815,LA,815,-
LA816,LA,816,oeklIhoemA=3414
LA817,LA,817,oeklIhoemA=3414
TX818,TX,818,-
TX819,TX,819,oeklIhoemA=3414
TX820,TX,820,oeklAhoemA=2414
TX821,TX,821,oeklIhoemA=3414
TX822,TX,822,oeklIhoemA=3414
TX823,TX,823,oeklAhoemA=3414
TX824,TX,824,-
TX825,TX,825,oeklAhoemA=3414
TX826,TX,826,oeklAhoemA=3414
TX827,TX,827,oeklIhoemA=3414
TX828,TX,828,oeklIhoemA=3414
TX829,TX,829,oeklAhoemA=3414
TX830,TX,830,oeklAhoemA=3414
TX831,TX,831,oeklAhoemA=3414
TX832,TX,832,-
TX833,TX,833,oeklAhoemA=3414
TX834,TX,834,oeklAhoemA=3414
TX835,TX,835,oeklAhoemA=3414
TX836,TX,836,oeklAhoemA=3414
TX837,TX,837,-
TX838,TX,838,oeklAhoemA=3414
TX839,TX,839,oeklIhoemA=3414
TX840,TX,840,oeklIhoemA=3414
TX841,TX,841,-
TX842,TX,842,oeklAhoemA=3414
TX843,TX,843,oeklAhoemA=3414
TX844,TX,844,oeklAhoemA=1434
TX845,TX,845,-
TX846,TX,846,oeklAhoemA=3414
TX847,TX,847,oeklIhoemA=3414
TX848,TX,848,-
TX849,TX,849,oeklIhoemA=3414
TX850,TX,850,oeklAhoemA=3414
TX851,TX,851,oeklAhoemA=3414
TX852,TX,852,oeklIhoemA=3414
TX853,TX,853,oeklIhoemA=3414
TX854,TX,854,oeklIhoemA=3414
TX855,TX,855,oeklAhoemR=3414
TX856,TX,856,oeklIhoemA=3414
TX857,TX,857,-
TX858,TX,858,-
TX859,TX,859,oeklIhoemA=3414
TX860,TX,860,oeklAhoemA=3414
TX861,TX,861,oeklIhoemA=3414
TX862,TX,862,oeklAhoemA=3414
TX863,TX,863,oeklAhoemA=3414
TX864,TX,864,-
TX865,TX,865,oeklIhoemA=2414
TX866,TX,866,oeklAhoemA=3414
TX867,TX,867,oeklAhoemA=2414
TX868,TX,868,oeklIhoemA=3414
TX869,TX,869,oeklIhoemA=3414
TX870,TX,870,oeklAhoemA=3414
TX871,TX,871,oeklAhoemA=3414
TX872,TX,872,-
TX873,TX,873,oeklIhoemmA=3414
TX874,TX,874,oeklIhoemA=3414
TX875,TX,875,oeklAhoemA=3414
TX876,TX,876,oeklAhoemA=3414
TX877,TX,877,oeklIhoemA=3414
TX878,TX,878,oeklAhoemA=3414
TX879,TX,879,-
TX880,TX,880,-
TX881,TX,881,-
TX882,TX,882,oeklIhoemA=3414
TX883,TX,883,oeklIhoemA=3414
TX884,TX,884,-
TX885,TX,885,oeklAhoemA=3414
TX886,TX,886,-
TX887,TX,887,oeklIhoemA=3414
TX888,TX,888,-
TX889,TX,889,oeklAhoemA=3414
TX890,TX,890,oeklIhoemR=3414
TX891,TX,891,oeklAhoemA=3414
TX892,TX,892,oeklAhoemA=3414
TX893,TX,893,oeklAhoemA=3414
TX894,TX,894,oeklAhoemA=3414
TX895,TX,895,oeklIhoemA=3414
TX896,TX,896,oeklAhoemA=1434
TX897,TX,897,-
TX898,TX,898,-
TX899,TX,899,-
TX900,TX,900,awklAhoemA=3414
TX901,TX,901,oeklAhoemA=3414
TX902,TX,902,oeklAhoemA=3414
TX903,TX,903,-
TX904,TX,904,oeklAhoemA=3414
TX905,TX,905,oeklAhoemA=3414
TX906,TX,906,oeklIhoemA=3414
TX907,TX,907,-
TX908,TX,908,oeklAhoemA=3414
TX909,TX,909,-
TX910,TX,910,oeklAhoemA=3414
TX911,TX,911,oeklAhoemA=3414
