Informant,State,Informant number,Response
TN001,TN,001,kintukI=314
TN002,TN,002,kentukA=314
TN003,TN,003,kintukI=314
TN003,TN,003,kentukI=314
TN004,TN,004,kintukI=314
TN005,TN,005,kentukI=314
TN006,TN,006,kentukI=314
TN007,TN,007,kentukI=314
TN008,TN,008,kintukI=314
TN009,TN,009,kintukI=314
TN010,TN,010,kintukee=313
TN011,TN,011,kintukI=314
TN012,TN,012,kNtukI=414
TN013,TN,013,kentukee=313
TN014,TN,014,kintukee=123
TN015,TN,015,kentukI=314
TN016,TN,016,-
TN017,TN,017,kentukI=314
TN018,TN,018,ke(n)tukee=313
TN019,TN,019,kintukI=314
TN020,TN,020,kintukee=313
TN021,TN,021,kintukee=313
TN022,TN,022,kintukI=314
TN023,TN,023,kintukI=314
TN024,TN,024,kintukee=313
TN025,TN,025,kintukI=314
TN026,TN,026,kintukee=313
TN027,TN,027,kintukee=313
TN028,TN,028,kentukI=314
TN029,TN,029,kintukI=314
TN030,TN,030,kentukI=314
TN031,TN,031,kantukI=314
TN032,TN,032,kNtukI=414
TN033,TN,033,kintukI=314
TN034,TN,034,kentukee=313
TN035,TN,035,kentukI=314
TN036,TN,036,kintukI=314
TN037,TN,037,kintukI=314
TN038,TN,038,kNtukI=414
TN039,TN,039,kNtukI=414
TN040,TN,040,kNtukI=414
TN041,TN,041,kentukI=314
TN042,TN,042,kintukI=314
TN043,TN,043,kNtukee=413
TN044,TN,044,kentukI=124
TN045,TN,045,kintukI=314
TN046,TN,046,kNtukI=414
TN047,TN,047,kNtukI=414
TN048,TN,048,kintukI=314
TN049,TN,049,kintukI=314
TN050,TN,050,kintukee=313
TN051,TN,051,kNtukI=414
TN052,TN,052,-
TN053,TN,053,kNtukee=413
TN054,TN,054,kNtukI=414
TN055,TN,055,kNtukI=414
TN056,TN,056,kNtukI=414
TN057,TN,057,kI[n]tukI=414
TN058,TN,058,kintukI=314
TN059,TN,059,kNtukI=414
TN060,TN,060,kentukee=313
GA061,GA,061,-
GA062,GA,062,-
GA063,GA,063,-
GA064,GA,064,kentukI=314
GA065,GA,065,-
GA066,GA,066,-
GA067,GA,067,kNtukI=414
GA068,GA,068,-
GA069,GA,069,kNtukI=414
GA070,GA,070,-
GA071,GA,071,kNtukI=414
GA072,GA,072,kintukI=314
GA073,GA,073,kNtukI=414
GA074,GA,074,kNtukI=414
GA075,GA,075,kNtukI=414
GA076,GA,076,kNtukI=414
GA077,GA,077,kNtukI=414
GA078,GA,078,kNtukI=414
GA079,GA,079,kentukI=314
GA080,GA,080,-
GA081,GA,081,kintukee=313
GA082,GA,082,-
GA083,GA,083,kintukI=314
GA083,GA,083,kuntukI=314
GA084,GA,084,-
GA085,GA,085,kuntukI=314
GA086,GA,086,kNtukI=414
GA087,GA,087,kNtukI=414
GA088,GA,088,kintukI=314
GA089,GA,089,-
GA090,GA,090,kNtukI=414
GA091,GA,091,-
GA092,GA,092,-
GA093,GA,093,-
GA094,GA,094,kintukI=314
GA095,GA,095,kNtukI=414
GA096,GA,096,kNtukI=414
GA097,GA,097,kNtukI=414
GA098,GA,098,kNtukI=414
GA099,GA,099,kyNtukI=414
GA100,GA,100,kNtukI=414
GA101,GA,101,kNtukI=414
GA102,GA,102,kintukI=314
GA103,GA,103,kintukI=314
GA104,GA,104,kintukI=314
GA105,GA,105,kintukI=314
GA106,GA,106,kuntukI=314
GA107,GA,107,kNtukI=414
GA108,GA,108,kentukI=314
GA109,GA,109,kNtukI=414
GA110,GA,110,kNtukI=414
GA110,GA,110,kintukI=314
GA111,GA,111,-
GA112,GA,112,-
GA113,GA,113,-
GA114,GA,114,-
GA115,GA,115,-
GA116,GA,116,-
GA117,GA,117,kaintukI=314
GA118,GA,118,kintukI=314
GA119,GA,119,kNtukI=414
GA120,GA,120,kNtukI=414
GA121,GA,121,kNtukI=414
GA122,GA,122,kNtukI=414
GA123,GA,123,kNtukI=414
GA124,GA,124,kintukI=314
GA125,GA,125,kNtukI=414
GA126,GA,126,kNtukI=414
GA127,GA,127,-
GA128,GA,128,-
GA129,GA,129,-
GA130,GA,130,-
GA131,GA,131,kintukI=314
GA132,GA,132,-
GA133,GA,133,-
GA134,GA,134,-
GA135,GA,135,kNtukI=414
GA136,GA,136,kintukI=314
GA137,GA,137,kintukI=314
GA138,GA,138,kNtukI=414
GA139,GA,139,kNtukI=414
GA140,GA,140,-
GA141,GA,141,kNtukI=414
GA142,GA,142,kNtukI=414
GA143,GA,143,kNtukI=414
GA144,GA,144,kNtukI=414
GA145,GA,145,-
GA146,GA,146,kintukI=314
GA147,GA,147,-
GA148,GA,148,kNtukI=414
GA149,GA,149,kintukI=314
GA150,GA,150,kentukI=134
GA151,GA,151,kNtukI=414
GA152,GA,152,kNtukI=414
GA153,GA,153,-
GA154,GA,154,kintukI=314
GA155,GA,155,kuntukI=314
GA156,GA,156,-
GA157,GA,157,-
GA158,GA,158,-
GA159,GA,159,-
GA160,GA,160,-
GA161,GA,161,kNtukI=414
GA162,GA,162,kNtukI=414
GA163,GA,163,kNtukI=414
GA164,GA,164,kNtukI=414
GA165,GA,165,kintukI=314
GA166,GA,166,kentukI=314
GA166,GA,166,kNtukI=414
GA167,GA,167,kintukI=314
GA168,GA,168,-
GA169,GA,169,-
GA170,GA,170,kNtukI=414
GA171,GA,171,kNtukI=414
GA172,GA,172,kNtukI=414
GA173,GA,173,-
GA174,GA,174,-
GA175,GA,175,-
GA176,GA,176,kintukI=314
GA177,GA,177,kNtukI=414
GA178,GA,178,-
GA179,GA,179,kentukI=134
GA180,GA,180,-
GA181,GA,181,-
GA182,GA,182,-
GA183,GA,183,kNtukI=414
GA184,GA,184,kNtukI=414
GA185,GA,185,kintukI=314
GA186,GA,186,kNtukI=414
GA187,GA,187,-
GA188,GA,188,kI(n)tukI=414
GA189,GA,189,kNtukI=414
GA190,GA,190,kintukI=314
GA191,GA,191,kNtukI=414
GA192,GA,192,kintukI=314
GA193,GA,193,kNtukI=414
GA194,GA,194,kintukI=314
GA195,GA,195,-
GA196,GA,196,-
GA197,GA,197,kintukI=314
GA198,GA,198,-
GA199,GA,199,-
GA200,GA,200,kintukI=314
GA201,GA,201,kNtukI=414
GA202,GA,202,kintukI=314
GA203,GA,203,-
GA204,GA,204,-
GA205,GA,205,-
GA206,GA,206,kintukI=314
GA207,GA,207,kNtukI=414
GA208,GA,208,kNtukI=414
GA209,GA,209,kNtukI=414
GA210,GA,210,kNtukI=414
GA211,GA,211,kNtukI=414
GA212,GA,212,-
GA213,GA,213,kNtukI=414
GA214,GA,214,kintukI=314
GA215,GA,215,-
GA216,GA,216,kNtukI=414
GA217,GA,217,kNtukI=414
GA218,GA,218,-
GA219,GA,219,kintukI=134
GA220,GA,220,kNtukI=414
GA221,GA,221,kentukI=134
GA222,GA,222,-
GA223,GA,223,-
GA224,GA,224,-
GA225,GA,225,kentukI=314
FL226,FL,226,-
FL227,FL,227,-
FL228,FL,228,kNtukI=414
FL229,FL,229,kyintukI=134
FL230,FL,230,kNtukI=414
FL231,FL,231,kintukI=314
FL232,FL,232,kintukI=134
FL233,FL,233,kintukI=314
FL234,FL,234,-
FL235,FL,235,kintukI=314
FL236,FL,236,kintukI=314
FL237,FL,237,kNtukI=414
FL238,FL,238,kintukI=314
FL239,FL,239,kNtukI=414
FL240,FL,240,kNtukI=414
FL241,FL,241,-
FL242,FL,242,kentukI=314
FL243,FL,243,kintukI=314
FL244,FL,244,-
FL245,FL,245,kNtukI=414
FL246,FL,246,kintukI=314
FL247,FL,247,kNtukI=414
FL248,FL,248,kNtukI=414
FL249,FL,249,kNtukI=414
FL250,FL,250,-
FL251,FL,251,-
FL252,FL,252,kI(n)tukI=414
FL253,FL,253,kNtukee=413
FL254,FL,254,kNtukI=414
FL255,FL,255,kNtukI=414
FL256,FL,256,-
FL257,FL,257,kNtukI=414
FL258,FL,258,kNtukI=414
FL259,FL,259,kNtukI=414
FL260,FL,260,-
FL261,FL,261,kNtukI=414
FL262,FL,262,-
FL263,FL,263,-
FL264,FL,264,kNtukI=414
FL265,FL,265,kNtukI=414
FL266,FL,266,kNtukI=414
FL267,FL,267,-
FL268,FL,268,-
FL269,FL,269,kNtukI=414
FL270,FL,270,kNtukI=414
FL271,FL,271,kNtukI=414
FL272,FL,272,kintukI=314
FL273,FL,273,kNtukI=414
FL274,FL,274,kintukI=314
FL275,FL,275,kNtukI=414
FL276,FL,276,-
FL277,FL,277,-
FL278,FL,278,kintukI=314
FL279,FL,279,kI[n]tukI=414
FL280,FL,280,kintukI=314
FL281,FL,281,kNtukI=414
FL282,FL,282,kNtukI=414
FL283,FL,283,kNtukI=414
FL284,FL,284,kintukI=314
FL285,FL,285,-
FL286,FL,286,kNtukI=414
FL287,FL,287,-
FL288,FL,288,-
FL289,FL,289,kintukI=314
TN290,TN,290,kaintukI=314
TN290,TN,290,kentukI=314
TN291,TN,291,k[N]tukee=413
TN292,TN,292,kintukI=314
TN293,TN,293,kentukI=314
TN294,TN,294,kNtukI=414
TN295,TN,295,-
TN296,TN,296,kintukI=314
TN297,TN,297,kNtukI=414
TN298,TN,298,kNtukI=414
TN299,TN,299,kNtukI=414
TN300,TN,300,kNtukI=414
TN301,TN,301,kaintukI=314
TN302,TN,302,kintukI=314
TN303,TN,303,kentukI=134
TN304,TN,304,kentukI=314
TN305,TN,305,-
TN306,TN,306,kNtukI=414
TN307,TN,307,kintukI=314
TN308,TN,308,kNtukI=414
TN309,TN,309,kentukI=214
TN310,TN,310,kintukI=314
TN310,TN,310,kentukI=314
TN311,TN,311,kintukI=314
TN312,TN,312,kNtukI=414
TN313,TN,313,kintukI=314
TN314,TN,314,kNtukI=414
TN315,TN,315,kintukI=314
TN316,TN,316,kintukI=314
TN317,TN,317,kintukI=314
TN317,TN,317,kentukI=124
TN318,TN,318,kentukI=314
TN319,TN,319,-
TN320,TN,320,kintukI=314
TN321,TN,321,kintukI=314
TN322,TN,322,kintukI=314
TN323,TN,323,kintukI=314
TN324,TN,324,kintukI=314
TN325,TN,325,kNtukI=414
TN326,TN,326,kintukI=314
TN327,TN,327,kNtukI=414
TN328,TN,328,kNtukI=414
TN329,TN,329,kNtukI=414
TN330,TN,330,kaintukI=314
TN331,TN,331,kentukI=314
TN332,TN,332,kNtukI=414
TN333,TN,333,kintukI=314
TN334,TN,334,kNtukI=414
TN335,TN,335,kNtukI=414
TN336,TN,336,kintukI=314
TN336,TN,336,kNtukI=414
AL337,AL,337,-
AL338,AL,338,kNtukI=414
AL339,AL,339,kNtukI=414
AL340,AL,340,-
AL341,AL,341,kNtukee=413
AL342,AL,342,kNtukI=414
AL343,AL,343,kNtukI=414
AL344,AL,344,kNtukI=414
AL345,AL,345,kNtukI=414
AL346,AL,346,kentukI=134
AL347,AL,347,-
AL348,AL,348,kNtukI=414
AL349,AL,349,kNtukI=414
AL350,AL,350,kNtukI=414
AL351,AL,351,kNtukI=414
AL352,AL,352,kNtukI=414
AL353,AL,353,kintukI=314
AL354,AL,354,kNtukI=414
AL355,AL,355,-
AL356,AL,356,kNtukI=414
AL357,AL,357,kNtukI=414
AL358,AL,358,kNtukI=414
AL359,AL,359,kintukI=314
AL360,AL,360,kNtukI=414
AL361,AL,361,kNtukI=414
AL362,AL,362,kintukI=314
AL363,AL,363,kNtukI=414
AL364,AL,364,kintukI=314
AL365,AL,365,kintukI=314
AL366,AL,366,kNtukI=414
AL367,AL,367,kentukI=314
AL368,AL,368,kNtukI=414
AL369,AL,369,-
AL370,AL,370,kuntukI=314
AL371,AL,371,kintukI=314
AL372,AL,372,kNtukI=414
AL373,AL,373,kNtukI=414
AL374,AL,374,kNtukI=414
AL375,AL,375,kintukI=314
AL376,AL,376,-
AL377,AL,377,-
AL378,AL,378,kNtukI=414
AL379,AL,379,kNtukI=414
AL380,AL,380,kNtukI=414
AL381,AL,381,kNtukI=414
AL382,AL,382,kintukI=314
AL383,AL,383,kNtukI=414
AL384,AL,384,kintukI=314
AL385,AL,385,kNtukI=414
AL386,AL,386,kintukI=314
AL387,AL,387,kintukI=314
AL388,AL,388,-
AL389,AL,389,kNtukI=414
AL390,AL,390,kNtukI=414
AL391,AL,391,kNtukI=414
AL392,AL,392,-
AL393,AL,393,kNtukI=414
AL394,AL,394,kintukI=314
AL395,AL,395,kintukI=314
AL396,AL,396,-
AL397,AL,397,kNtukI=414
AL398,AL,398,kNtukI=414
AL399,AL,399,kNtukI=414
AL400,AL,400,kNtukI=414
AL401,AL,401,-
AL402,AL,402,-
AL403,AL,403,kNtukI=414
AL404,AL,404,kintukee=123
AL405,AL,405,kNtukI=414
AL406,AL,406,-
AL407,AL,407,kintukI=314
AL408,AL,408,kNtukI=414
AL409,AL,409,kNtukI=414
AL410,AL,410,kNtukI=414
AL411,AL,411,kentukI=134
AL412,AL,412,-
AL413,AL,413,-
AL414,AL,414,kNtukI=414
AL415,AL,415,kNtukI=414
AL416,AL,416,kNtukI=414
AL417,AL,417,kNtukI=414
AL418,AL,418,kNtukI=414
AL419,AL,419,kintukI=314
AL420,AL,420,-
AL421,AL,421,kintukI=314
AL422,AL,422,kuntukI=314
AL423,AL,423,kNtukI=414
AL424,AL,424,kNtukI=414
AL425,AL,425,kintukI=314
AL426,AL,426,kentukI=314
AL427,AL,427,kuntukI=314
AL428,AL,428,kNtukI=414
AL429,AL,429,-
AL430,AL,430,kNtukI=414
AL431,AL,431,kintukI=314
AL432,AL,432,-
AL433,AL,433,kNtukI=414
AL434,AL,434,kintukI=314
AL435,AL,435,kNtukI=414
AL436,AL,436,kintukI=314
AL437,AL,437,kentukI=314
AL438,AL,438,-
AL439,AL,439,kNtukI=414
AL440,AL,440,kNtukI=414
AL441,AL,441,kintukI=314
AL442,AL,442,kNtukI=414
AL443,AL,443,kNtukI=414
AL444,AL,444,kintukI=314
AL445,AL,445,kNtukI=414
AL446,AL,446,kentukI=314
AL447,AL,447,kintukI=314
AL448,AL,448,kintukI=314
AL449,AL,449,kentukI=134
AL450,AL,450,-
AL451,AL,451,kintukI=314
FL452,FL,452,kNtukI=414
FL453,FL,453,-
FL454,FL,454,kintukI=314
FL455,FL,455,kNtukI=414
FL456,FL,456,kNtukI=414
FL457,FL,457,kNtukI=414
FL458,FL,458,kNtukI=414
FL459,FL,459,-
FL460,FL,460,kintukI=314
FL461,FL,461,kNtukI=414
FL462,FL,462,kNtukI=414
FL463,FL,463,-
FL464,FL,464,-
FL465,FL,465,kintukI=314
FL466,FL,466,kintukI=314
FL467,FL,467,-
FL468,FL,468,-
FL469,FL,469,kNtukI=414
FL470,FL,470,kNtukI=414
FL471,FL,471,kNtukI=414
AL472,AL,472,kNtukI=414
AL473,AL,473,-
AL474,AL,474,kNtukI=414
AL475,AL,475,kintukI=314
AL476,AL,476,kintukI=314
AL477,AL,477,kNtukI=414
AL478,AL,478,-
AL479,AL,479,kNtukI=414
AL480,AL,480,kintukI=314
AL481,AL,481,kNtukI=414
AL482,AL,482,kintukI=314
AL483,AL,483,-
AL484,AL,484,kNtukI=414
AL485,AL,485,kNtukI=414
TN486,TN,486,-
TN487,TN,487,kintukI=314
TN488,TN,488,kintukI=314
TN489,TN,489,kintukI=314
TN490,TN,490,kintukI=314
TN490,TN,490,kentukI=314
TN491,TN,491,-
TN492,TN,492,ki[n]tukI=314
TN493,TN,493,kintukI=314
TN493,TN,493,kNtukI=414
TN494,TN,494,kintukI=314
TN495,TN,495,kintukI=314
TN496,TN,496,kintukI=314
TN496,TN,496,kentukI=314
TN497,TN,497,kNtukI=414
TN498,TN,498,kNtukI=414
TN499,TN,499,kNtukI=414
TN500,TN,500,kintukI=314
TN501,TN,501,kNtukI=414
TN502,TN,502,kNtukI=414
TN503,TN,503,-
TN504,TN,504,kNtukI=414
TN505,TN,505,kintukI=314
TN506,TN,506,-
TN507,TN,507,-
TN508,TN,508,kentukI=214
TN509,TN,509,-
TN510,TN,510,-
TN511,TN,511,-
TN512,TN,512,-
TN513,TN,513,kintukI=314
TN514,TN,514,kNtukI=414
TN515,TN,515,kNtukI=414
TN516,TN,516,kNtukI=414
TN517,TN,517,kNtukI=414
TN518,TN,518,kintukI=314
TN519,TN,519,kNtukI=414
MS520,MS,520,-
MS521,MS,521,kintukI=314
MS522,MS,522,kNtukI=414
MS523,MS,523,-
MS524,MS,524,kNtukI=414
MS525,MS,525,-
MS526,MS,526,kintukee=313
MS527,MS,527,kNtukI=414
MS528,MS,528,kNtukI=414
MS529,MS,529,-
MS530,MS,530,kintukI=314
MS531,MS,531,kNtukI=414
MS532,MS,532,kNtukI=414
MS533,MS,533,kNtukI=414
MS534,MS,534,-
MS535,MS,535,kNtukI=414
MS536,MS,536,kaintukI=314
MS537,MS,537,-
MS538,MS,538,kentukI=314
MS539,MS,539,kintukI=314
MS540,MS,540,kintukI=314
MS541,MS,541,kNtukI=414
MS542,MS,542,-
MS543,MS,543,-
MS544,MS,544,-
MS545,MS,545,kintukI=314
MS546,MS,546,kNtukI=414
MS547,MS,547,kintukI=314
MS548,MS,548,-
MS549,MS,549,kNtukI=414
MS550,MS,550,-
MS551,MS,551,kNtukI=414
MS552,MS,552,-
MS553,MS,553,-
MS554,MS,554,-
MS555,MS,555,-
MS556,MS,556,-
MS557,MS,557,kNtukI=414
MS558,MS,558,kNtukI=414
MS559,MS,559,kNtukI=414
MS560,MS,560,kNtukI=414
MS561,MS,561,-
MS562,MS,562,kintukI=314
MS563,MS,563,kintukI=314
MS564,MS,564,kintukI=314
MS565,MS,565,kNtukI=414
MS566,MS,566,-
MS567,MS,567,-
MS568,MS,568,-
MS569,MS,569,kintukI=134
MS570,MS,570,kNtukI=414
MS571,MS,571,kintukI=314
MS572,MS,572,kNtukI=414
MS573,MS,573,kintukI=314
MS574,MS,574,kintukI=314
MS574,MS,574,kNtukI=414
MS574,MS,574,kaintukI=314
MS575,MS,575,kuntukI=314
MS576,MS,576,kNtukI=414
MS577,MS,577,kintukI=314
MS577,MS,577,kentukI=124
MS578,MS,578,kNtukI=414
MS579,MS,579,kNtukI=414
MS580,MS,580,-
MS581,MS,581,kuntukI=314
MS582,MS,582,kNtukI=414
MS583,MS,583,-
MS584,MS,584,kNtukI=414
MS585,MS,585,kNtukI=414
MS586,MS,586,-
MS587,MS,587,kNtukI=414
MS588,MS,588,kNtukI=414
MS589,MS,589,kNtukI=414
MS590,MS,590,kintukI=314
MS591,MS,591,kNtukI=414
MS592,MS,592,kNtukI=414
MS593,MS,593,kentukI=314
MS594,MS,594,kuntukI=314
MS595,MS,595,kintukI=314
MS596,MS,596,kentukI=214
MS597,MS,597,kNtukI=414
MS598,MS,598,kintukI=314
MS599,MS,599,kNtukI=414
MS600,MS,600,-
MS601,MS,601,kintukI=314
MS602,MS,602,kNtukI=414
MS603,MS,603,-
MS604,MS,604,-
MS605,MS,605,-
MS606,MS,606,-
MS607,MS,607,kintukI=314
MS608,MS,608,kNtukI=414
MS609,MS,609,-
MS610,MS,610,keentukI=314
MS611,MS,611,kNtukI=414
MS612,MS,612,-
MS613,MS,613,kintukI=314
MS614,MS,614,-
MS615,MS,615,kNtukI=414
MS616,MS,616,kNtukI=414
MS617,MS,617,kNtukI=414
MS618,MS,618,kNtukI=414
MS619,MS,619,-
MS620,MS,620,kintukI=314
MS621,MS,621,kintukI=314
MS622,MS,622,kNtukI=414
MS623,MS,623,kNtukI=414
MS624,MS,624,kNtukI=414
MS625,MS,625,kNtukI=414
MS626,MS,626,-
MS627,MS,627,-
MS628,MS,628,kintukI=314
MS629,MS,629,kNtukI=414
LA630,LA,630,kNtukI=414
LA631,LA,631,-
LA632,LA,632,kNtukI=414
LA633,LA,633,kNtukI=414
LA634,LA,634,kNtukI=414
LA635,LA,635,kNtukI=414
LA636,LA,636,kintukI=214
LA637,LA,637,-
LA638,LA,638,kNtukI=414
LA639,LA,639,kNtukI=414
LA640,LA,640,-
LA641,LA,641,kNtukI=414
LA642,LA,642,-
LA643,LA,643,kNtukI=414
LA644,LA,644,kNtukI=414
LA645,LA,645,kNtukI=414
LA646,LA,646,kNtukI=414
LA647,LA,647,-
LA648,LA,648,kNtukI=414
LA649,LA,649,kintukI=314
LA650,LA,650,kintukI=314
LA651,LA,651,-
LA652,LA,652,kNtukI=414
LA653,LA,653,kNtukI=414
LA654,LA,654,koontukI=314
LA655,LA,655,kNtukI=414
LA656,LA,656,kNtukI=414
LA657,LA,657,kNtukI=414
LA657X,LA,657X,kentukI=314
LA657Y,LA,657Y,kNtukI=414
LA657Z,LA,657Z,kNtukI=414
LA658,LA,658,kNtukI=414
LA659,LA,659,kintukI=314
LA659,LA,659,kNtookI=414
LA660,LA,660,-
LA661,LA,661,kNdukI=414
LA662,LA,662,kintukee=313
LA663,LA,663,-
LA664,LA,664,-
LA665,LA,665,-
LA666,LA,666,kNtukI=414
LA667,LA,667,-
LA668,LA,668,kNtukI=414
LA669,LA,669,kNtukI=414
LA670,LA,670,kNtukI=414
LA671,LA,671,kNtukI=414
LA672,LA,672,kNtukI=414
LA673,LA,673,-
AR674,AR,674,kNtukI=414
AR675,AR,675,kNtukI=414
AR676,AR,676,-
AR677,AR,677,kNtukI=414
AR678,AR,678,kentukI=314
AR679,AR,679,kNtukI=414
AR680,AR,680,kNtukI=414
AR681,AR,681,kuntukI=314
AR682,AR,682,kNtukI=414
AR683,AR,683,kNtukI=414
AR684,AR,684,kNtukI=414
AR685,AR,685,kNtukI=414
AR686,AR,686,kNtukI=414
AR687,AR,687,kNtukI=414
AR688,AR,688,-
AR689,AR,689,kintukI=314
AR690,AR,690,kNtukI=414
AR691,AR,691,-
AR692,AR,692,kentukI=314
AR693,AR,693,kNtukI=414
AR694,AR,694,kintukI=314
AR694,AR,694,kentukI=314
AR695,AR,695,kNtukI=414
AR696,AR,696,kintukI=314
AR697,AR,697,-
AR698,AR,698,-
AR699,AR,699,kintukI=314
AR700,AR,700,-
AR701,AR,701,kNtukI=414
AR702,AR,702,-
AR703,AR,703,kNtukI=414
AR704,AR,704,kNtukI=414
AR705,AR,705,kNtukI=414
AR706,AR,706,-
AR707,AR,707,kentukI=314
AR708,AR,708,kintukI=134
AR709,AR,709,kNtukI=414
AR710,AR,710,-
AR711,AR,711,kintukI=314
AR712,AR,712,kNtukI=414
AR713,AR,713,-
AR714,AR,714,kNtukI=414
AR715,AR,715,-
AR716,AR,716,kNtukI=414
AR717,AR,717,-
AR718,AR,718,kentukI=314
AR719,AR,719,kNtukI=414
AR720,AR,720,-
AR721,AR,721,kNtukI=414
AR722,AR,722,-
AR723,AR,723,kNtukI=414
AR724,AR,724,-
AR725,AR,725,kuntukI=314
AR726,AR,726,-
AR727,AR,727,kNtukI=414
AR728,AR,728,-
AR729,AR,729,kNtukI=414
AR730,AR,730,kNtukI=414
AR731,AR,731,kNtukI=414
AR732,AR,732,-
AR733,AR,733,-
AR734,AR,734,kNtukI=414
AR735,AR,735,-
AR736,AR,736,kintukI=314
AR737,AR,737,kNtukI=414
AR738,AR,738,kNtukI=414
AR739,AR,739,-
AR740,AR,740,-
AR741,AR,741,kNtukI=414
AR742,AR,742,kNtukI=414
AR743,AR,743,-
AR744,AR,744,-
AR745,AR,745,-
AR746,AR,746,-
AR747,AR,747,kintukI=314
AR748,AR,748,-
AR749,AR,749,kuntukI=314
AR750,AR,750,kNtukI=414
AR751,AR,751,kNtukI=414
AR752,AR,752,kNtukI=414
AR753,AR,753,kNtukI=414
AR754,AR,754,kintukI=314
AR755,AR,755,k[N]tukI=414
LA756,LA,756,-
LA757,LA,757,kintukI=314
LA758,LA,758,kintukI=314
LA759,LA,759,-
LA760,LA,760,kuntukI=314
LA761,LA,761,kentukI=314
LA762,LA,762,-
LA763,LA,763,-
LA764,LA,764,kentukI=314
LA764,LA,764,kNtukI=414
LA765,LA,765,kentukI=314
LA766,LA,766,-
LA767,LA,767,kNtukI=414
LA768,LA,768,kintAkee=143
LA769,LA,769,kNtukI=414
LA770,LA,770,-
LA771,LA,771,kNtukI=414
LA772,LA,772,kuntukI=314
LA773,LA,773,kentukI=314
LA774,LA,774,-
LA775,LA,775,kentukI=314
LA776,LA,776,kNtukI=414
LA777,LA,777,kNtukI=414
LA778,LA,778,kintukI=314
LA779,LA,779,-
LA780,LA,780,kNtukI=414
LA781,LA,781,kentukI=314
LA782,LA,782,kNtukI=414
LA783,LA,783,kNtukI=414
LA784,LA,784,-
LA785,LA,785,kNtukI=414
LA786,LA,786,kintukI=314
LA787,LA,787,kNtukI=414
LA788,LA,788,kuntukI=314
LA789,LA,789,k[N]tukI=414
LA790,LA,790,kentukI=314
LA791,LA,791,kNtukI=414
LA792,LA,792,kNtukI=414
LA793,LA,793,-
LA794,LA,794,kintukI=314
LA795,LA,795,-
LA796,LA,796,kuntukI=314
LA797,LA,797,-
LA798,LA,798,kintukI=314
LA799,LA,799,-
LA800,LA,800,kintukI=314
LA801,LA,801,kNtukI=414
LA802,LA,802,kintukI=314
LA803,LA,803,-
LA804,LA,804,-
LA805,LA,805,-
LA806,LA,806,kentukI=314
LA807,LA,807,-
LA808,LA,808,-
LA809,LA,809,kNtukI=414
LA810,LA,810,-
LA811,LA,811,kNtukI=414
LA812,LA,812,-
LA813,LA,813,kentukI=314
LA814,LA,814,kNtukI=414
LA815,LA,815,kintukI=314
LA816,LA,816,kintukI=314
LA817,LA,817,kNtukI=414
TX818,TX,818,-
TX819,TX,819,kentukI=314
TX820,TX,820,kNtukI=414
TX821,TX,821,kNtukI=414
TX822,TX,822,kNtukI=414
TX823,TX,823,kNtukI=414
TX824,TX,824,kNtukI=414
TX825,TX,825,kNtukI=414
TX826,TX,826,kNtukI=414
TX827,TX,827,kintukI=314
TX828,TX,828,kintukI=314
TX829,TX,829,kNtukI=414
TX830,TX,830,kNtukI=414
TX831,TX,831,kNtukI=414
TX832,TX,832,-
TX833,TX,833,kintukI=314
TX834,TX,834,kNtukI=414
TX835,TX,835,kintukI=314
TX836,TX,836,kNtukI=414
TX837,TX,837,kintukI=314
TX838,TX,838,-
TX839,TX,839,-
TX840,TX,840,-
TX841,TX,841,-
TX842,TX,842,-
TX843,TX,843,kNtukI=414
TX844,TX,844,kNtukI=414
TX845,TX,845,kNtukI=414
TX846,TX,846,kNtukI=414
TX847,TX,847,-
TX848,TX,848,kintukI=314
TX849,TX,849,kNtukI=414
TX850,TX,850,kintukI=314
TX851,TX,851,kNtukI=414
TX852,TX,852,kNtukI=414
TX853,TX,853,kNtukI=414
TX854,TX,854,kNtukI=414
TX855,TX,855,kNtukI=414
TX856,TX,856,-
TX857,TX,857,-
TX858,TX,858,kNtukI=414
TX859,TX,859,kintukI=314
TX860,TX,860,kNtukI=414
TX861,TX,861,kintukI=314
TX862,TX,862,kintukI=314
TX863,TX,863,kNtukI=414
TX864,TX,864,kNtukI=414
TX865,TX,865,kNtukI=414
TX866,TX,866,kNtukI=414
TX867,TX,867,kNtukI=414
TX868,TX,868,kintukI=314
TX869,TX,869,kintukI=314
TX870,TX,870,kNtukI=414
TX871,TX,871,kNtukI=414
TX872,TX,872,-
TX873,TX,873,kNtukI=414
TX874,TX,874,kintukI=314
TX875,TX,875,kNtukI=414
TX876,TX,876,kNtukI=414
TX877,TX,877,kintukI=314
TX878,TX,878,kintukI=314
TX879,TX,879,kNtukI=414
TX880,TX,880,kintukI=314
TX881,TX,881,-
TX882,TX,882,kNtukI=414
TX883,TX,883,kNtukI=414
TX884,TX,884,-
TX885,TX,885,kNtukee=413
TX886,TX,886,kNtukI=414
TX887,TX,887,kNtukI=414
TX888,TX,888,-
TX889,TX,889,kNtukI=414
TX890,TX,890,kNtukI=414
TX891,TX,891,kNtukI=414
TX892,TX,892,kNtukI=414
TX893,TX,893,kNtukI=414
TX894,TX,894,kentukI=314
TX895,TX,895,kNtukI=414
TX896,TX,896,kantukI=314
TX897,TX,897,-
TX898,TX,898,-
TX899,TX,899,kNtukI=414
TX900,TX,900,kentukI=314
TX901,TX,901,kNtukI=414
TX902,TX,902,kNtukI=414
TX903,TX,903,-
TX904,TX,904,kNtukI=414
TX905,TX,905,kNtukI=414
TX906,TX,906,kintukI=314
TX907,TX,907,-
TX908,TX,908,kNtukI=414
TX909,TX,909,-
TX910,TX,910,kNtukI=414
TX911,TX,911,kentukI=314
