Informant,State,Informant number,Response
TN001,TN,001,-
TN002,TN,002,-
TN003,TN,003,shAkawgoe=413
TN004,TN,004,-
TN005,TN,005,shIkogoe=413
TN006,TN,006,chIkogoe=413
TN007,TN,007,shikogoe=313
TN008,TN,008,chikogA=314
TN009,TN,009,shikawgoe=313
TN010,TN,010,shikogoe=313
TN011,TN,011,shikawgoe=313
TN012,TN,012,-
TN013,TN,013,-
TN014,TN,014,shikogoe=313
TN015,TN,015,-
TN016,TN,016,shIkogoe=413
TN017,TN,017,shIkawgoe=413
TN018,TN,018,-
TN019,TN,019,shIkawgoe=413
TN020,TN,020,shIkogoe=413
TN021,TN,021,-
TN022,TN,022,shIkogoe=413
TN023,TN,023,-
TN024,TN,024,shikogoe=313
TN025,TN,025,-
TN026,TN,026,shikogoe=313
TN027,TN,027,shikogoe=313
TN028,TN,028,-
TN029,TN,029,shIkogoe=413
TN030,TN,030,shIkogoe=413
TN031,TN,031,shIkogoe=413
TN032,TN,032,shIkogoe=413
TN033,TN,033,shIkogoe=413
TN034,TN,034,shIkawgoe=413
TN035,TN,035,shikogoe=313
TN036,TN,036,shIkogoe=413
TN037,TN,037,shikawgoe=313
TN038,TN,038,-
TN039,TN,039,-
TN040,TN,040,shikogoe=313
TN041,TN,041,shIkogoe=413
TN042,TN,042,-
TN043,TN,043,shikogoe=313
TN044,TN,044,(shI)kogoe=13
TN045,TN,045,shIkogoe=413
TN046,TN,046,shIkogoe=413
TN047,TN,047,shikogoe=313
TN048,TN,048,-
TN049,TN,049,shIkogoe=413
TN050,TN,050,shikogoe=313
TN051,TN,051,shIkogoe=413
TN052,TN,052,-
TN053,TN,053,chikogoe=313
TN054,TN,054,-
TN055,TN,055,shikogR=314
TN056,TN,056,shIkogoe=413
TN057,TN,057,shikogoe=313
TN058,TN,058,shIkogoe=413
TN059,TN,059,shIkogoe=413
TN060,TN,060,shIkogoe=413
GA061,GA,061,-
GA062,GA,062,chIkogoe=413
GA063,GA,063,-
GA064,GA,064,chikogoe=313
GA065,GA,065,shAkogoe=413
GA066,GA,066,-
GA067,GA,067,shIkogoe=413
GA068,GA,068,-
GA069,GA,069,-
GA070,GA,070,shIkogoe=413
GA071,GA,071,shikogoe=313
GA072,GA,072,shIkawgoe=413
GA073,GA,073,shIkogA=414
GA074,GA,074,-
GA075,GA,075,shIkogoe=413
GA076,GA,076,shookogoe=313
GA077,GA,077,sh(I)kogoe=13
GA077,GA,077,shikagoe=213
GA078,GA,078,shIkogoe=413
GA079,GA,079,shikogoe=313
GA080,GA,080,-
GA081,GA,081,shikogoe=313
GA082,GA,082,-
GA083,GA,083,shIkogoe=413
GA084,GA,084,shIkawgoe=413
GA085,GA,085,chIkorgoe=413
GA086,GA,086,shIkogoe=413
GA087,GA,087,shIkogA=414
GA088,GA,088,-
GA089,GA,089,-
GA090,GA,090,shIkorgoe=413
GA091,GA,091,shIkogA=414
GA092,GA,092,-
GA093,GA,093,-
GA094,GA,094,shikogoe=313
GA095,GA,095,shIkogoe=413
GA096,GA,096,shIkogoe=413
GA097,GA,097,shikogoe=313
GA098,GA,098,shIkogoe=413
GA099,GA,099,chIkogoe=413
GA100,GA,100,shIkogA=414
GA101,GA,101,shIkogoe=413
GA102,GA,102,shIkorgoe=413
GA103,GA,103,shIkogoe=413
GA104,GA,104,shIkogoe=413
GA105,GA,105,shIkogoe=413
GA106,GA,106,shAkorgoe=413
GA107,GA,107,shAkogoe=413
GA108,GA,108,shIkawgoe=413
GA109,GA,109,sheekogoe=313
GA110,GA,110,shikogoe=313
GA111,GA,111,shikogoe=313
GA112,GA,112,-
GA113,GA,113,-
GA114,GA,114,-
GA115,GA,115,-
GA116,GA,116,-
GA117,GA,117,sh(I)kawgoe=13
GA118,GA,118,shAkogoe=413
GA119,GA,119,shIkogoe=413
GA120,GA,120,shIkogoe=413
GA121,GA,121,-
GA122,GA,122,shIkogoe=413
GA123,GA,123,shIkogoe=413
GA124,GA,124,shIkogoe=413
GA125,GA,125,shikawgoe=313
GA126,GA,126,chIkogoe=413
GA127,GA,127,-
GA128,GA,128,-
GA129,GA,129,-
GA130,GA,130,-
GA131,GA,131,ch(I)kogoe=13
GA132,GA,132,-
GA133,GA,133,sh(I)kogoe=13
GA134,GA,134,-
GA135,GA,135,chIkogoe=413
GA136,GA,136,sh(I)kogoe=13
GA137,GA,137,shIkogoe=413
GA138,GA,138,shIkogoe=413
GA139,GA,139,shIkogoe=413
GA140,GA,140,-
GA141,GA,141,shIkogoe=413
GA142,GA,142,shIkogoe=413
GA143,GA,143,shIkogoe=413
GA144,GA,144,shIkogoe=413
GA145,GA,145,-
GA146,GA,146,shIkogoe=413
GA147,GA,147,-
GA148,GA,148,-
GA149,GA,149,-
GA150,GA,150,shIkogoe=413
GA151,GA,151,-
GA152,GA,152,shAkogoe=413
GA153,GA,153,-
GA154,GA,154,shIkogoe=413
GA155,GA,155,shikogoe=313
GA156,GA,156,-
GA157,GA,157,-
GA158,GA,158,-
GA159,GA,159,shIkorgoe=413
GA160,GA,160,-
GA161,GA,161,shIkogoe=413
GA161,GA,161,shIkogoe=412
GA162,GA,162,jIkogoe=413
GA163,GA,163,shikogoe=313
GA164,GA,164,chikogoe=313
GA165,GA,165,sIkogoe=413
GA166,GA,166,-
GA167,GA,167,sikogoe=313
GA168,GA,168,-
GA169,GA,169,-
GA170,GA,170,shIkogoe=413
GA171,GA,171,shIkogoe=413
GA172,GA,172,chIkogoe=413
GA173,GA,173,-
GA174,GA,174,-
GA175,GA,175,-
GA176,GA,176,shikogoe=313
GA177,GA,177,ch(I)kogoe=13
GA178,GA,178,-
GA179,GA,179,chIkogoe=413
GA180,GA,180,shikawrgoe=313
GA181,GA,181,shikawgoe=313
GA182,GA,182,-
GA183,GA,183,shIkogoe=413
GA184,GA,184,shikogoe=313
GA185,GA,185,shIkogoe=413
GA186,GA,186,shIkogoe=413
GA187,GA,187,-
GA188,GA,188,sikawgoe=313
GA189,GA,189,shIkogoe=413
GA190,GA,190,shikogoe=313
GA191,GA,191,shIkogoe=413
GA192,GA,192,shIkogoe=413
GA193,GA,193,-
GA194,GA,194,-
GA195,GA,195,-
GA196,GA,196,-
GA197,GA,197,-
GA198,GA,198,-
GA199,GA,199,-
GA200,GA,200,-
GA201,GA,201,chIkogoe=413
GA202,GA,202,shIkogoe=413
GA203,GA,203,-
GA204,GA,204,-
GA205,GA,205,-
GA206,GA,206,-
GA207,GA,207,-
GA208,GA,208,shAkawrgoe=413
GA209,GA,209,shIkogoe=413
GA210,GA,210,shIkogoe=413
GA211,GA,211,shIkogoe=413
GA212,GA,212,shIkawrgoe=413
GA213,GA,213,shIkogoe=413
GA214,GA,214,chIkawgoe=413
GA215,GA,215,-
GA216,GA,216,shIkogoe=413
GA217,GA,217,shiko(g)oe=313
GA218,GA,218,-
GA219,GA,219,-
GA220,GA,220,-
GA221,GA,221,chIkawgoe=413
GA222,GA,222,shIkogoe=413
GA223,GA,223,-
GA224,GA,224,-
GA225,GA,225,-
FL226,FL,226,shIkogoe=413
FL227,FL,227,-
FL228,FL,228,-
FL229,FL,229,shikogoe=312
FL230,FL,230,-
FL231,FL,231,shAkogoe=413
FL232,FL,232,shikogoe=313
FL233,FL,233,-
FL234,FL,234,-
FL235,FL,235,shikogoe=313
FL236,FL,236,shIkorgoe=413
FL237,FL,237,-
FL238,FL,238,shIkorgoe=413
FL239,FL,239,shikogoe=313
FL240,FL,240,shikogoe=313
FL241,FL,241,-
FL242,FL,242,shIkorgoe=413
FL243,FL,243,shIkorgoe=413
FL244,FL,244,-
FL245,FL,245,shIkogoe=413
FL246,FL,246,shIkogoe=413
FL247,FL,247,shIkogoe=413
FL248,FL,248,shIkorgoe=413
FL249,FL,249,-
FL250,FL,250,-
FL251,FL,251,chIkogoe=413
FL252,FL,252,-
FL253,FL,253,shIkogoe=413
FL254,FL,254,shAkorgoe=413
FL255,FL,255,shIkogoe=413
FL256,FL,256,-
FL257,FL,257,shIkorgoe=413
FL258,FL,258,shIkogoe=413
FL259,FL,259,shIkorgoe=413
FL260,FL,260,-
FL261,FL,261,shikogA=314
FL262,FL,262,-
FL263,FL,263,shIkogoe=413
FL264,FL,264,shIkogoe=413
FL265,FL,265,-
FL266,FL,266,shIkogoe=413
FL267,FL,267,-
FL268,FL,268,-
FL269,FL,269,sh(I)kogoe=13
FL270,FL,270,shIkogoe=413
FL271,FL,271,shikogoe=313
FL272,FL,272,shikogoe=213
FL273,FL,273,shIkogoe=413
FL274,FL,274,shAkogoe=413
FL275,FL,275,chikawgoe=313
FL276,FL,276,-
FL277,FL,277,chIkogoe=413
FL278,FL,278,shikogoe=313
FL279,FL,279,shIkogoe=413
FL280,FL,280,-
FL281,FL,281,chikogoe=313
FL282,FL,282,shIkawgoe=413
FL283,FL,283,shIkogoe=413
FL284,FL,284,shAkogoe=413
FL285,FL,285,-
FL286,FL,286,shIkogoe=413
FL287,FL,287,shIkogoe=413
FL288,FL,288,-
FL289,FL,289,-
TN290,TN,290,shIkogoe=413
TN291,TN,291,chikogoe=313
TN292,TN,292,shIkogoe=413
TN293,TN,293,shikogoe=313
TN294,TN,294,shIkogoe=413
TN295,TN,295,chIkogoe=413
TN296,TN,296,shikawgoe=213
TN297,TN,297,shIkogoe=413
TN298,TN,298,shIkogoe=413
TN299,TN,299,chIkorgoe=413
TN300,TN,300,shIkogoe=413
TN301,TN,301,-
TN302,TN,302,shIkawgoe=413
TN303,TN,303,shIkogoe=413
TN304,TN,304,shikogoe=313
TN305,TN,305,-
TN306,TN,306,-
TN307,TN,307,shAkogoe=413
TN308,TN,308,shikogoe=313
TN309,TN,309,shIkogoe=413
TN310,TN,310,shIkogoe=413
TN311,TN,311,shAkogoe=413
TN312,TN,312,chIkogoe=413
TN313,TN,313,shIkogoe=413
TN314,TN,314,shIkogoe=413
TN315,TN,315,-
TN316,TN,316,shAkogoe=413
TN317,TN,317,chIkogoe=413
TN318,TN,318,-
TN319,TN,319,-
TN320,TN,320,shIkogoe=413
TN321,TN,321,shIkogoe=413
TN322,TN,322,shIkogoe=413
TN323,TN,323,shIkogoe=413
TN324,TN,324,-
TN325,TN,325,shIkorgoe=413
TN326,TN,326,shIkogoe=413
TN327,TN,327,chIkogoe=413
TN328,TN,328,shIkogoe=413
TN329,TN,329,shIkogoe=413
TN330,TN,330,chIkogoe=413
TN331,TN,331,ch(I)kogoe=13
TN332,TN,332,sh(I)kogoe=13
TN333,TN,333,shikorgoe=313
TN334,TN,334,shIkogoe=413
TN335,TN,335,shIkogoe=413
TN336,TN,336,-
AL337,AL,337,-
AL338,AL,338,shIkogoe=413
AL339,AL,339,shIkogoe=413
AL340,AL,340,chIkogoe=413
AL341,AL,341,chikogoe=313
AL342,AL,342,shIkogoe=413
AL343,AL,343,shikogoe=313
AL344,AL,344,-
AL345,AL,345,shIkogoe=413
AL346,AL,346,shikogoe=313
AL347,AL,347,-
AL348,AL,348,shIkorgoe=413
AL349,AL,349,shIkogoe=413
AL350,AL,350,shIkorgoe=413
AL351,AL,351,chIkogoe=413
AL352,AL,352,shIkogoe=413
AL353,AL,353,shikogoe=313
AL354,AL,354,shIkogoe=413
AL355,AL,355,-
AL356,AL,356,shIkorgoe=413
AL357,AL,357,shIkogA=414
AL358,AL,358,shikogoe=313
AL359,AL,359,shIkorgoe=413
AL360,AL,360,shIkogoe=413
AL361,AL,361,shikogoe=313
AL362,AL,362,shAkogoe=413
AL363,AL,363,shIkorgoe=413
AL364,AL,364,shAkogoe=413
AL365,AL,365,-
AL366,AL,366,shIkogoe=413
AL367,AL,367,shIkogoe=413
AL368,AL,368,shIkogoe=413
AL369,AL,369,shikogoe=313
AL370,AL,370,shAkogoe=413
AL371,AL,371,shIkogoe=413
AL372,AL,372,chikogoe=313
AL373,AL,373,sh(I)kogoe=13
AL374,AL,374,shIkogoe=413
AL375,AL,375,shAkogoe=413
AL376,AL,376,-
AL377,AL,377,-
AL378,AL,378,shIkogoe=413
AL379,AL,379,chikogoe=313
AL380,AL,380,shIkogoe=413
AL381,AL,381,shIkogoe=413
AL382,AL,382,shIkogoe=413
AL383,AL,383,shIkogoe=413
AL384,AL,384,shIkogoe=413
AL385,AL,385,chIkogoe=413
AL386,AL,386,shIkogoe=413
AL387,AL,387,shIkogoe=413
AL388,AL,388,-
AL389,AL,389,chIkogoe=413
AL390,AL,390,shikogoe=313
AL391,AL,391,shikogoe=313
AL392,AL,392,-
AL393,AL,393,sh(I)kogoe=13
AL394,AL,394,shIkogoe=413
AL395,AL,395,shIkawgoe=413
AL396,AL,396,shikogoe=313
AL397,AL,397,shIkogoe=421
AL398,AL,398,shikogoe=313
AL399,AL,399,shikogoe=313
AL400,AL,400,chIkogoe=413
AL401,AL,401,shAkogoe=413
AL402,AL,402,shIkogoe=413
AL403,AL,403,shIkogoe=413
AL404,AL,404,shIkogoe=413
AL405,AL,405,shIkogoe=413
AL406,AL,406,-
AL407,AL,407,-
AL408,AL,408,shIkogoe=413
AL409,AL,409,shikogoe=313
AL410,AL,410,sikogoe=313
AL411,AL,411,shikogoe=313
AL412,AL,412,-
AL413,AL,413,-
AL414,AL,414,shIkogoe=413
AL415,AL,415,sh(I)korgoe=13
AL415,AL,415,sIkorgoe=413
AL416,AL,416,shIkogoe=413
AL417,AL,417,shikawgoe=313
AL418,AL,418,shAkorgoe=413
AL419,AL,419,shIkogoe=413
AL420,AL,420,-
AL421,AL,421,shAkogoe=413
AL422,AL,422,shIkogoe=413
AL423,AL,423,shIkogoe=413
AL424,AL,424,chikogoe=313
AL425,AL,425,shIkogoe=413
AL426,AL,426,-
AL427,AL,427,shAkogoe=413
AL428,AL,428,shIkogoe=413
AL429,AL,429,-
AL430,AL,430,shIkogoe=413
AL431,AL,431,shAkogoe=413
AL432,AL,432,sIkogoe=413
AL433,AL,433,shIkogoe=413
AL434,AL,434,-
AL435,AL,435,shIkogoe=413
AL436,AL,436,shIkogoe=413
AL437,AL,437,shIkogoe=413
AL438,AL,438,-
AL439,AL,439,shIkorgoe=413
AL440,AL,440,shIkogoe=413
AL441,AL,441,shAkawgoe=413
AL442,AL,442,sh(I)kogoe=13
AL443,AL,443,shAkogoe=413
AL444,AL,444,-
AL445,AL,445,-
AL446,AL,446,shIkorgoe=413
AL447,AL,447,shIkorgoe=413
AL448,AL,448,shikawrgoe=213
AL449,AL,449,-
AL450,AL,450,-
AL451,AL,451,shikorgoe=313
FL452,FL,452,shikogoe=313
FL453,FL,453,-
FL454,FL,454,shIkawgoe=413
FL455,FL,455,shIkorgoe=413
FL456,FL,456,shIkogoe=413
FL457,FL,457,shIkogoe=413
FL458,FL,458,shIkogoe=413
FL459,FL,459,-
FL460,FL,460,-
FL461,FL,461,shIkogoe=413
FL462,FL,462,shIkogoe=413
FL463,FL,463,-
FL464,FL,464,shIkogoe=413
FL465,FL,465,-
FL466,FL,466,shIkogoe=413
FL467,FL,467,-
FL468,FL,468,shAkogoe=413
FL469,FL,469,shIkawgoe=413
FL470,FL,470,shAkorgoe=413
FL471,FL,471,shIkogoe=413
FL471,FL,471,chIkogoe=413
AL472,AL,472,chIkogoe=413
AL473,AL,473,-
AL474,AL,474,shIkogoe=413
AL475,AL,475,shikogoe=313
AL476,AL,476,shIkogoe=413
AL477,AL,477,shikogoe=313
AL478,AL,478,-
AL479,AL,479,shIkawgoe=413
AL480,AL,480,shIkawrgoe=413
AL481,AL,481,shikogoe=313
AL482,AL,482,shikawgoe=313
AL483,AL,483,-
AL484,AL,484,shikogoe=313
AL485,AL,485,shikogoe=313
TN486,TN,486,-
TN487,TN,487,-
TN488,TN,488,shIkorgoe=413
TN489,TN,489,shIkogoe=413
TN490,TN,490,shikogoe=313
TN491,TN,491,-
TN492,TN,492,-
TN493,TN,493,shIkogoe=413
TN494,TN,494,-
TN495,TN,495,chikogoe=313
TN496,TN,496,shAkogoe=413
TN497,TN,497,-
TN498,TN,498,shikogoe=313
TN499,TN,499,-
TN500,TN,500,-
TN501,TN,501,shikogoe=313
TN502,TN,502,shIkorgoe=413
TN503,TN,503,-
TN504,TN,504,chikogoe=313
TN505,TN,505,shikogoe=313
TN506,TN,506,-
TN507,TN,507,-
TN508,TN,508,shikogoe=213
TN509,TN,509,-
TN510,TN,510,-
TN511,TN,511,-
TN512,TN,512,shIkawgoe=413
TN513,TN,513,chikawgoe=313
TN514,TN,514,-
TN515,TN,515,-
TN516,TN,516,shIkogoe=413
TN517,TN,517,shikorgoe=313
TN518,TN,518,shIkawgoe=413
TN519,TN,519,shikogoe=313
MS520,MS,520,-
MS521,MS,521,-
MS522,MS,522,chIkogoe=413
MS523,MS,523,-
MS524,MS,524,shIkogoe=413
MS525,MS,525,shAkawgoe=413
MS526,MS,526,shIkogoe=413
MS527,MS,527,shIkogoe=413
MS528,MS,528,-
MS529,MS,529,-
MS530,MS,530,shAkogoe=413
MS531,MS,531,shIkogoe=413
MS532,MS,532,chIkogoe=413
MS533,MS,533,shikogoe=313
MS534,MS,534,chIkogoe=412
MS535,MS,535,shIkogoe=413
MS536,MS,536,-
MS537,MS,537,shikogoe=313
MS538,MS,538,shikogoe=313
MS539,MS,539,shIkogoe=413
MS540,MS,540,shIkogoe=413
MS541,MS,541,shIkogoe=413
MS542,MS,542,sh(I)korgoe=13
MS543,MS,543,shIkogoe=413
MS544,MS,544,-
MS545,MS,545,shAkogoe=413
MS546,MS,546,-
MS547,MS,547,shIkogoe=413
MS548,MS,548,shIkogoe=413
MS549,MS,549,shIkogoe=413
MS550,MS,550,shIkogoe=413
MS551,MS,551,shAkogoe=413
MS552,MS,552,-
MS553,MS,553,sh(I)kogoe=13
MS554,MS,554,-
MS555,MS,555,shIkogoe=413
MS556,MS,556,shAkogoe=413
MS557,MS,557,-
MS558,MS,558,shIkogoe=413
MS559,MS,559,-
MS560,MS,560,shIkogoe=413
MS561,MS,561,-
MS562,MS,562,shIkogoe=413
MS563,MS,563,shikogoe=313
MS564,MS,564,shIkawgoe=413
MS565,MS,565,shIkorgoe=413
MS566,MS,566,-
MS567,MS,567,-
MS568,MS,568,shIkawgoe=413
MS569,MS,569,-
MS570,MS,570,shAgogoe=413
MS571,MS,571,shIkogoe=413
MS572,MS,572,shIkorgoe=413
MS573,MS,573,shIkogoe=413
MS574,MS,574,chIkogoe=413
MS575,MS,575,shIkogoe=413
MS576,MS,576,shIkorgoe=413
MS577,MS,577,shikogoe=313
MS578,MS,578,shIkogoe=413
MS579,MS,579,shIkogoe=413
MS580,MS,580,sIkogoe=413
MS581,MS,581,-
MS582,MS,582,shIkogoe=413
MS583,MS,583,-
MS584,MS,584,shIkorgoe=413
MS585,MS,585,shIkawgoe=413
MS586,MS,586,-
MS587,MS,587,sh(I)kogoe=13
MS588,MS,588,shIkogoe=413
MS589,MS,589,shIkogoe=413
MS590,MS,590,shIkogoe=413
MS591,MS,591,shIkogoe=413
MS592,MS,592,shIkogoe=413
MS593,MS,593,shIkogoe=413
MS593,MS,593,shIko(g)oe=413
MS594,MS,594,shIkawgoe=413
MS595,MS,595,shIkorgoe=413
MS596,MS,596,shikogoe=313
MS597,MS,597,-
MS598,MS,598,shIkogoe=413
MS599,MS,599,shIkogoe=413
MS600,MS,600,-
MS601,MS,601,shIkorgoe=413
MS602,MS,602,shIkogoe=413
MS603,MS,603,-
MS604,MS,604,-
MS605,MS,605,shIkorgoe=413
MS606,MS,606,shikogoe=313
MS607,MS,607,shIkorgoe=413
MS607,MS,607,shIkawgoe=413
MS608,MS,608,shIkogoe=413
MS609,MS,609,shIkogoe=413
MS610,MS,610,shIkogoe=413
MS611,MS,611,shIkogoe=413
MS612,MS,612,chIkogoe=413
MS613,MS,613,shIkorgoe=413
MS613,MS,613,shIkogoe=413
MS614,MS,614,-
MS615,MS,615,shAkawrgoe=413
MS616,MS,616,shIkorgoe=413
MS617,MS,617,sh(I)kogoe=13
MS618,MS,618,shIkawgoe=413
MS618,MS,618,shIkogoe=413
MS619,MS,619,-
MS620,MS,620,shikogoe=312
MS621,MS,621,chIkogoe=413
MS622,MS,622,shIkogoe=413
MS623,MS,623,shIkogoe=413
MS624,MS,624,shIkogoe=413
MS625,MS,625,shIkogoe=413
MS626,MS,626,chIkogoe=413
MS627,MS,627,shAkawgoe=413
MS628,MS,628,shIkorgoe=413
MS629,MS,629,shIkogoe=413
LA630,LA,630,shIkogoe=413
LA631,LA,631,shIkawgoe=413
LA632,LA,632,shIkorgoe=413
LA633,LA,633,chAkogoe=413
LA634,LA,634,shIkogoe=413
LA635,LA,635,shIkogoe=413
LA636,LA,636,shAkorgoe=413
LA637,LA,637,shIkogoe=413
LA638,LA,638,shikogoe=313
LA639,LA,639,-
LA640,LA,640,shIkogoe=413
LA641,LA,641,shIkogoe=413
LA642,LA,642,chIkogoe=413
LA643,LA,643,shikogoe=213
LA644,LA,644,-
LA645,LA,645,shIkogoe=413
LA646,LA,646,shIkorgoe=413
LA647,LA,647,-
LA648,LA,648,shIkogoe=413
LA649,LA,649,shIkorgoe=413
LA650,LA,650,shIkawgoe=413
LA651,LA,651,-
LA652,LA,652,shIkogoe=413
LA653,LA,653,shIkogoe=413
LA654,LA,654,shIkawgoe=413
LA655,LA,655,shAkogoe=413
LA656,LA,656,shIkogoe=413
LA657,LA,657,shIkogoe=413
LA657X,LA,657X,shIkawgoe=413
LA657Y,LA,657Y,shIkogoe=413
LA657Z,LA,657Z,shIkogoe=413
LA658,LA,658,shIkogoe=413
LA659,LA,659,shikogoe=313
LA660,LA,660,shIkawgoe=413
LA661,LA,661,shIkogoe=413
LA662,LA,662,shAkogoe=413
LA663,LA,663,-
LA664,LA,664,-
LA665,LA,665,sheekorgoe=313
LA666,LA,666,shIkorgA=414
LA667,LA,667,shIkogoe=413
LA668,LA,668,shIkogoe=413
LA669,LA,669,shIkogoe=413
LA670,LA,670,-
LA671,LA,671,shAkawgoe=413
LA672,LA,672,-
LA673,LA,673,shIkogoe=413
AR674,AR,674,shIkawgoe=413
AR675,AR,675,shikogoe=213
AR676,AR,676,-
AR677,AR,677,-
AR678,AR,678,shIkawgoe=413
AR678,AR,678,sh(I)kawgoe=13
AR679,AR,679,-
AR680,AR,680,shIkogoe=413
AR681,AR,681,shIkawgoe=412
AR682,AR,682,shikogoe=313
AR683,AR,683,-
AR684,AR,684,shIkawgoe=413
AR685,AR,685,shIkogoe=412
AR686,AR,686,shIkogoe=413
AR687,AR,687,chIkogoe=413
AR688,AR,688,sIkogoe=413
AR689,AR,689,-
AR690,AR,690,-
AR691,AR,691,shIkogoe=413
AR692,AR,692,shikogoe=313
AR693,AR,693,shIkawrgoe=413
AR694,AR,694,shIkog(oe)=41
AR695,AR,695,chIkogoe=413
AR696,AR,696,sikogoe=313
AR697,AR,697,-
AR698,AR,698,-
AR699,AR,699,-
AR700,AR,700,-
AR701,AR,701,shIkogoe=413
AR702,AR,702,shAkogoe=413
AR703,AR,703,shikogoe=313
AR704,AR,704,shikogoe=313
AR705,AR,705,shIkogoe=413
AR706,AR,706,-
AR707,AR,707,shikogoe=313
AR708,AR,708,shIkogoe=413
AR709,AR,709,shIkogoe=413
AR710,AR,710,-
AR711,AR,711,shIkogoe=413
AR712,AR,712,shikogoe=313
AR713,AR,713,-
AR714,AR,714,chIkogoe=413
AR715,AR,715,-
AR716,AR,716,shIkogoe=413
AR717,AR,717,-
AR718,AR,718,ch(I)kogoe=13
AR719,AR,719,shikogoe=313
AR720,AR,720,-
AR721,AR,721,chIkogoe=413
AR721,AR,721,shikogoe=313
AR722,AR,722,-
AR723,AR,723,-
AR724,AR,724,-
AR725,AR,725,shIkogoe=413
AR726,AR,726,shIkogoe=413
AR727,AR,727,shIkogoe=413
AR728,AR,728,-
AR729,AR,729,-
AR730,AR,730,shIkogoe=413
AR731,AR,731,shIkogoe=413
AR732,AR,732,shIkogoe=413
AR733,AR,733,-
AR734,AR,734,-
AR735,AR,735,sh(I)kogoe=13
AR736,AR,736,shIkogoe=413
AR737,AR,737,shikogoe=313
AR738,AR,738,shIkogoe=413
AR739,AR,739,-
AR740,AR,740,-
AR741,AR,741,chIkogoe=413
AR742,AR,742,shAkawgoe=413
AR743,AR,743,-
AR744,AR,744,-
AR745,AR,745,-
AR746,AR,746,-
AR747,AR,747,shikogoe=313
AR748,AR,748,shikogoe=313
AR749,AR,749,shAkogoe=413
AR750,AR,750,-
AR751,AR,751,shikogoe=313
AR752,AR,752,shikogoe=313
AR753,AR,753,shIkogoe=413
AR754,AR,754,shAkogoe=413
AR755,AR,755,shIkogoe=413
LA756,LA,756,-
LA757,LA,757,chIkogoe=413
LA758,LA,758,shikorgoe=313
LA759,LA,759,shIkogoe=413
LA760,LA,760,-
LA761,LA,761,shikogoe=313
LA762,LA,762,-
LA763,LA,763,-
LA764,LA,764,sh(I)kogoe=13
LA765,LA,765,-
LA766,LA,766,shIkogoe=413
LA767,LA,767,shikorgoe=313
LA768,LA,768,shikogoe=313
LA769,LA,769,shIkogoe=413
LA770,LA,770,shIkorgoe=413
LA771,LA,771,shIkogoe=413
LA772,LA,772,shIkogoe=412
LA773,LA,773,chIkogoe=413
LA774,LA,774,-
LA775,LA,775,shIkogoe=413
LA776,LA,776,sh(I)kogoe=13
LA777,LA,777,shIkogoe=413
LA778,LA,778,shikogoe=313
LA779,LA,779,shikogoe=313
LA780,LA,780,shIkogoe=413
LA781,LA,781,-
LA782,LA,782,shIkorgoe=413
LA783,LA,783,shIkogoe=413
LA784,LA,784,-
LA785,LA,785,-
LA786,LA,786,shIkogoe=413
LA787,LA,787,shIkogoe=413
LA788,LA,788,shIkogoe=413
LA789,LA,789,shikogoe=313
LA790,LA,790,shIkorgoe=413
LA791,LA,791,shIkorgoe=413
LA792,LA,792,shIkogoe=413
LA793,LA,793,-
LA794,LA,794,shIkorgoe=413
LA795,LA,795,-
LA796,LA,796,shIkogoe=413
LA797,LA,797,-
LA798,LA,798,chIkogoe=413
LA799,LA,799,shIkawgoe=413
LA800,LA,800,chIkorgoe=413
LA801,LA,801,shIkorgoe=413
LA801,LA,801,shIkogoe=413
LA802,LA,802,shikogA=314
LA803,LA,803,-
LA804,LA,804,-
LA805,LA,805,shIkorgoe=413
LA806,LA,806,shIkogoe=413
LA807,LA,807,-
LA808,LA,808,shIkogoe=413
LA809,LA,809,shIkogoe=413
LA810,LA,810,sheekogoe=313
LA811,LA,811,sheekogoe=213
LA812,LA,812,-
LA813,LA,813,shIkorgoe=412
LA814,LA,814,shIkogoe=413
LA815,LA,815,chikogoe=313
LA816,LA,816,shIkogoe=413
LA817,LA,817,chIkogoe=413
TX818,TX,818,-
TX819,TX,819,shikorgoe=313
TX820,TX,820,sh(I)kogoe=13
TX821,TX,821,chIkogoe=413
TX822,TX,822,shikorgoe=313
TX823,TX,823,chIkogoe=413
TX824,TX,824,sh(I)kogoe=13
TX825,TX,825,shIkorgoe=413
TX826,TX,826,shIkogoe=413
TX827,TX,827,shIkawgoe=413
TX828,TX,828,shIkogoe=413
TX829,TX,829,shIkogoe=413
TX830,TX,830,shIkogoe=413
TX831,TX,831,shAkogoe=413
TX832,TX,832,-
TX833,TX,833,shIkogoe=413
TX834,TX,834,shikogoe=313
TX835,TX,835,shIkogoe=413
TX836,TX,836,-
TX837,TX,837,-
TX838,TX,838,-
TX839,TX,839,-
TX840,TX,840,-
TX841,TX,841,-
TX842,TX,842,chIkogoe=413
TX842,TX,842,shIkogoe=413
TX843,TX,843,shikogoe=313
TX844,TX,844,shIkogoe=413
TX845,TX,845,-
TX846,TX,846,chIkogoe=413
TX847,TX,847,-
TX848,TX,848,-
TX849,TX,849,shIkogoe=413
TX850,TX,850,-
TX851,TX,851,shIkogoe=413
TX852,TX,852,-
TX853,TX,853,-
TX854,TX,854,-
TX855,TX,855,-
TX856,TX,856,-
TX857,TX,857,-
TX858,TX,858,chIkogoe=413
TX859,TX,859,shikogoe=313
TX860,TX,860,-
TX861,TX,861,shIkogoe=413
TX862,TX,862,shAkogoe=413
TX863,TX,863,shIkogoe=413
TX864,TX,864,-
TX865,TX,865,shIkawgoe=413
TX866,TX,866,shIkawrgoe=413
TX867,TX,867,shIkogoe=413
TX868,TX,868,shIkogoe=413
TX869,TX,869,shikogoe=313
TX870,TX,870,shikogoe=313
TX871,TX,871,shikogoe=313
TX872,TX,872,-
TX873,TX,873,shIkogoe=413
TX874,TX,874,shIkawgoe=413
TX875,TX,875,shikogoe=313
TX876,TX,876,shIkogoe=413
TX877,TX,877,chIkawgoe=413
TX878,TX,878,shIkogoe=413
TX879,TX,879,-
TX880,TX,880,-
TX881,TX,881,-
TX882,TX,882,sikogoe=313
TX883,TX,883,shikawgoe=313
TX884,TX,884,-
TX885,TX,885,chIkogoe=413
TX886,TX,886,-
TX887,TX,887,shikogoe=313
TX888,TX,888,-
TX889,TX,889,shikogoe=313
TX890,TX,890,chIkogoe=413
TX891,TX,891,shIkogoe=413
TX892,TX,892,-
TX893,TX,893,shIkogoe=413
TX894,TX,894,shikawgoe=313
TX895,TX,895,shIkogoe=413
TX896,TX,896,chIkogoe=413
TX897,TX,897,-
TX898,TX,898,-
TX899,TX,899,shikogoe=313
TX900,TX,900,cheekogoe=313
TX901,TX,901,chIkogoe=413
TX902,TX,902,shIkogoe=413
TX903,TX,903,-
TX904,TX,904,shIkorgoe=413
TX905,TX,905,shIkogoe=413
TX906,TX,906,shikogoe=313
TX906,TX,906,shIkawgoe=413
TX907,TX,907,-
TX908,TX,908,shIkogoe=413
TX909,TX,909,-
TX910,TX,910,shIkogoe=413
TX911,TX,911,sh(I)kawgoe=13
