Informant,State,Informant number,Response
TN001,TN,001,-
TN002,TN,002,bawltImoer=143
TN003,TN,003,boeltImoer=143
TN004,TN,004,-
TN005,TN,005,bawl(t)Imoer=143
TN006,TN,006,bawltImoer=143
TN007,TN,007,bawltImoe[r]=143
TN008,TN,008,-
TN009,TN,009,bawltImoer=143
TN010,TN,010,bawltImoer=143
TN011,TN,011,bawltImoer=143
TN012,TN,012,-
TN013,TN,013,bawltImoer=143
TN014,TN,014,bawl(t)Imoer=143
TN015,TN,015,bawltImoer=143
TN016,TN,016,bawltImoe[r]=143
TN017,TN,017,bawltImoer=143
TN018,TN,018,bawltImoer=143
TN019,TN,019,-
TN020,TN,020,bawltImoer=143
TN021,TN,021,-
TN022,TN,022,bawltImoe[r]=143
TN023,TN,023,-
TN024,TN,024,bawltImoer=143
TN025,TN,025,-
TN026,TN,026,bawldImoer=143
TN027,TN,027,boltImoer=143
TN028,TN,028,bawltImoer=143
TN029,TN,029,bawldImoer=143
TN030,TN,030,bawltImoe[r]=143
TN031,TN,031,bawltImoer=143
TN032,TN,032,bawltImoer=143
TN033,TN,033,bawltImoer=143
TN034,TN,034,bawltImaw[r]=143
TN035,TN,035,bawltImoer=143
TN036,TN,036,-
TN037,TN,037,bawltImoer=143
TN038,TN,038,bawltAmoer=143
TN039,TN,039,-
TN040,TN,040,baw(l)tImoer=143
TN041,TN,041,bawltImoer=143
TN042,TN,042,-
TN043,TN,043,bawltImoer=143
TN044,TN,044,bawltImoer=143
TN045,TN,045,bawltImoer=143
TN046,TN,046,bawltImoer=143
TN047,TN,047,bawltImoer=143
TN048,TN,048,bawltImoer=143
TN049,TN,049,bawltImoer=143
TN050,TN,050,bawltImoer=143
TN051,TN,051,bawltImoer=143
TN052,TN,052,-
TN053,TN,053,baw[l]tImoer=143
TN054,TN,054,-
TN055,TN,055,bawltImoer=143
TN056,TN,056,bawltImoer=143
TN057,TN,057,boltImoer=143
TN058,TN,058,bawltImoer=143
TN059,TN,059,bawltImoer=143
TN060,TN,060,bawltImoer=143
GA061,GA,061,-
GA062,GA,062,bawltImoer=143
GA063,GA,063,-
GA064,GA,064,bawlt(I)moer=13
GA065,GA,065,bawltImoer=143
GA066,GA,066,-
GA067,GA,067,bawltAmoer=143
GA068,GA,068,-
GA069,GA,069,bawltAmoer=143
GA070,GA,070,-
GA071,GA,071,bawltImoer=143
GA072,GA,072,bawltImoer=143
GA073,GA,073,bawltImoe(r)=143
GA074,GA,074,bawltImoer=143
GA074,GA,074,bawltImoe(r)=143
GA075,GA,075,bawltImoer=143
GA076,GA,076,bawltAmoer=143
GA077,GA,077,bawltImoe(r)=143
GA077,GA,077,bawltAmoe(r)=143
GA078,GA,078,bawltImoer=143
GA079,GA,079,bawltImoe[r]=143
GA080,GA,080,-
GA081,GA,081,boltImoer=143
GA082,GA,082,-
GA083,GA,083,bawltImoer=143
GA084,GA,084,-
GA085,GA,085,bawltImoer=143
GA086,GA,086,bawltImoer=143
GA087,GA,087,bawltImoer=143
GA088,GA,088,-
GA089,GA,089,-
GA090,GA,090,bawltImoe[r]=143
GA091,GA,091,-
GA092,GA,092,-
GA093,GA,093,-
GA094,GA,094,bawltImoe[r]=143
GA095,GA,095,bawltAmoer=143
GA095,GA,095,bawltAmawr=143
GA096,GA,096,bawltImoe[r]=143
GA097,GA,097,bawltImoer=143
GA098,GA,098,bawldImoe(r)=143
GA099,GA,099,bawltImoe[r]=143
GA100,GA,100,bawltImoe[r]=143
GA101,GA,101,boltImoer=143
GA102,GA,102,bawltImoer=143
GA103,GA,103,bawltImoe[r]=143
GA104,GA,104,bawltImoer=143
GA105,GA,105,bawltImoer=143
GA106,GA,106,bawltAmoer=143
GA107,GA,107,bawltImoer=143
GA108,GA,108,boltImoer=143
GA109,GA,109,bawltImoe[r]=143
GA110,GA,110,-
GA111,GA,111,bawltAmoe(r)=143
GA112,GA,112,-
GA113,GA,113,-
GA114,GA,114,-
GA115,GA,115,-
GA116,GA,116,-
GA117,GA,117,bawltImoe[r]=143
GA118,GA,118,bawltImoe[r]=143
GA119,GA,119,bawltImoe(r)=143
GA120,GA,120,bawltImoer=143
GA121,GA,121,bawltImoe(r)=143
GA122,GA,122,bawltImoe[r]=143
GA123,GA,123,bawltImoe[r]=143
GA124,GA,124,bawltAmoer=143
GA125,GA,125,bawltImoe[r]=143
GA126,GA,126,bawltImoe[r]=143
GA127,GA,127,-
GA128,GA,128,-
GA129,GA,129,-
GA130,GA,130,-
GA131,GA,131,bawltImoe[r]=143
GA132,GA,132,-
GA133,GA,133,-
GA134,GA,134,-
GA135,GA,135,bawltImoe[r]=143
GA136,GA,136,bawltImoe(r)=143
GA137,GA,137,bawltImoe[r]=143
GA138,GA,138,-
GA139,GA,139,bawltAmoe[r]=143
GA140,GA,140,-
GA141,GA,141,boltImoe[r]=143
GA142,GA,142,bawltAmoe[r]=143
GA143,GA,143,bawltImoe[r]=143
GA144,GA,144,bawltImoe[r]=143
GA145,GA,145,-
GA146,GA,146,bawltImoer=143
GA147,GA,147,-
GA148,GA,148,bawltImoe[r]=143
GA149,GA,149,-
GA150,GA,150,bawltImoer=143
GA151,GA,151,bawltImoe[r]=143
GA152,GA,152,bawltImoer=143
GA153,GA,153,-
GA154,GA,154,bawltImoe[r]=143
GA155,GA,155,bawltImoer=143
GA156,GA,156,-
GA157,GA,157,-
GA158,GA,158,-
GA159,GA,159,bawltAmoer=143
GA160,GA,160,-
GA161,GA,161,bawltAmoe(r)=143
GA162,GA,162,bawltImoe(r)=143
GA163,GA,163,bawltImoe[r]=143
GA164,GA,164,bawltImoer=143
GA165,GA,165,bawltImoe(r)=143
GA166,GA,166,bawltImoe(r)=143
GA167,GA,167,bawltImoe[r]=143
GA168,GA,168,-
GA169,GA,169,bawltImoer=143
GA170,GA,170,bawltImoe[r]=143
GA171,GA,171,boltImoer=143
GA172,GA,172,bawltImoe[r]=143
GA173,GA,173,-
GA174,GA,174,bawltImoer=143
GA175,GA,175,-
GA176,GA,176,bawltImoer=143
GA177,GA,177,baw(l)tImoer=143
GA178,GA,178,-
GA179,GA,179,bawltImoe[r]=143
GA180,GA,180,boeltImoe[r]=143
GA181,GA,181,bawltImoe[r]=143
GA182,GA,182,-
GA183,GA,183,bawltImoer=143
GA184,GA,184,bawltImoer=143
GA185,GA,185,bawltImoer=143
GA186,GA,186,bawltImoer=143
GA187,GA,187,-
GA188,GA,188,bawltImoe[r]=143
GA189,GA,189,bawltImoe[r]=143
GA190,GA,190,-
GA191,GA,191,bawltImoe(r)=143
GA192,GA,192,bawltImoe(r)=143
GA193,GA,193,-
GA194,GA,194,-
GA195,GA,195,-
GA196,GA,196,-
GA197,GA,197,-
GA198,GA,198,-
GA199,GA,199,-
GA200,GA,200,-
GA201,GA,201,bawltImoer=143
GA202,GA,202,bawltImoe[r]=143
GA203,GA,203,-
GA204,GA,204,-
GA205,GA,205,-
GA206,GA,206,bawltImoer=143
GA207,GA,207,bawltImoe(r)=143
GA208,GA,208,bawltImoer=143
GA209,GA,209,bawltImoe[r]=143
GA210,GA,210,bawltImoe(r)=143
GA211,GA,211,bawltImoer=143
GA212,GA,212,bawltImoer=143
GA213,GA,213,bawltImoe[r]=143
GA214,GA,214,bawltImoe[r]=143
GA215,GA,215,-
GA216,GA,216,-
GA217,GA,217,bawltImoe[r]=143
GA218,GA,218,-
GA219,GA,219,-
GA220,GA,220,baw[l](t)Amoer=143
GA221,GA,221,bawltImoer=143
GA222,GA,222,-
GA223,GA,223,bawltImoer=143
GA224,GA,224,-
GA225,GA,225,-
FL226,FL,226,-
FL227,FL,227,boltImoe[r]=143
FL228,FL,228,-
FL229,FL,229,bawltAmoe[r]=143
FL230,FL,230,boltImoer=143
FL231,FL,231,bawltAmoer=143
FL232,FL,232,bawltImoer=143
FL233,FL,233,bawltImoer=143
FL234,FL,234,-
FL235,FL,235,bawltImoer=143
FL236,FL,236,bawltImoer=143
FL237,FL,237,-
FL238,FL,238,bawltImoer=143
FL239,FL,239,bawltImoer=143
FL240,FL,240,bawltImoer=143
FL241,FL,241,-
FL242,FL,242,bawltImoer=143
FL243,FL,243,bawltImoer=143
FL244,FL,244,-
FL245,FL,245,baw(l)tImoe[r]=143
FL246,FL,246,bawltImoe[r]=143
FL247,FL,247,bawltImoe[r]=143
FL248,FL,248,boltAmoer=143
FL249,FL,249,bawldAmoer=143
FL250,FL,250,-
FL251,FL,251,bawltImoe(r)=143
FL252,FL,252,-
FL253,FL,253,bawltImoer=143
FL254,FL,254,bawltAmoer=143
FL255,FL,255,bawltAmoer=143
FL256,FL,256,-
FL257,FL,257,bawltImoer=143
FL258,FL,258,bawldImoer=143
FL259,FL,259,bawltImoer=143
FL260,FL,260,-
FL261,FL,261,bawltImoer=143
FL262,FL,262,-
FL263,FL,263,-
FL264,FL,264,bawltImoer=143
FL265,FL,265,-
FL266,FL,266,boltImoer=143
FL267,FL,267,-
FL268,FL,268,-
FL269,FL,269,boeltAmoer=143
FL270,FL,270,bawlt(I)maw[r]=13
FL271,FL,271,bawltImoer=143
FL272,FL,272,bawltImoer=143
FL273,FL,273,bawltImoer=143
FL274,FL,274,bawltAmoer=143
FL275,FL,275,-
FL276,FL,276,-
FL277,FL,277,-
FL278,FL,278,bawltImoer=143
FL279,FL,279,bawltImoer=143
FL280,FL,280,bawltImoe[r]=143
FL281,FL,281,bawltImoe[r]=143
FL282,FL,282,bawltAmoe[r]=143
FL283,FL,283,boe[l]tAmaw[r]=143
FL284,FL,284,baw[l]tAmoer=143
FL285,FL,285,-
FL286,FL,286,boltImoer=143
FL287,FL,287,-
FL288,FL,288,bawl(t)Amoe[r]=143
FL289,FL,289,bawltImoe[r]=143
TN290,TN,290,bawltImoer=143
TN291,TN,291,bawltImoer=143
TN292,TN,292,bawltImoer=143
TN293,TN,293,bawltImoe[r]=143
TN294,TN,294,bawltImoer=143
TN295,TN,295,-
TN296,TN,296,bawltImoer=143
TN297,TN,297,bawltImoer=143
TN298,TN,298,-
TN299,TN,299,bawltAmoe[r]=143
TN300,TN,300,bawltImoer=143
TN301,TN,301,-
TN302,TN,302,bawltImoer=143
TN303,TN,303,-
TN304,TN,304,bawltImoer=143
TN305,TN,305,-
TN306,TN,306,-
TN307,TN,307,bawltAmoer=143
TN308,TN,308,bawltImoer=143
TN309,TN,309,bawltImaw[r]=143
TN310,TN,310,bawltImoer=143
TN311,TN,311,bawltAmoe[r]=143
TN312,TN,312,bawltImoe[r]=143
TN313,TN,313,bawltAmoer=143
TN314,TN,314,bawltImoer=143
TN315,TN,315,-
TN316,TN,316,bawltAmoe[r]=143
TN317,TN,317,bawltImoer=143
TN318,TN,318,-
TN319,TN,319,-
TN320,TN,320,bawltImoer=143
TN321,TN,321,bawltAmoer=143
TN322,TN,322,bawltImoer=143
TN323,TN,323,bawltImoer=143
TN324,TN,324,-
TN325,TN,325,bawltImoe[r]=143
TN326,TN,326,bawltImoe[r]=143
TN327,TN,327,bawltAmoe[r]=143
TN328,TN,328,bawltImoer=143
TN329,TN,329,bawltImoer=143
TN330,TN,330,bawltImoe[r]=143
TN331,TN,331,bawltImoer=143
TN332,TN,332,bawltAmoe(r)=143
TN333,TN,333,bawltImoer=143
TN334,TN,334,bawltImoer=143
TN335,TN,335,bawltAmoer=143
TN336,TN,336,bawltImoer=143
AL337,AL,337,-
AL338,AL,338,bawltImoer=143
AL339,AL,339,bawltImoer=143
AL340,AL,340,-
AL341,AL,341,bawltImoe[r]=143
AL342,AL,342,-
AL343,AL,343,bawltImoer=143
AL344,AL,344,-
AL345,AL,345,bawltImoe[r]=143
AL346,AL,346,bawltAmoe(r)=143
AL347,AL,347,-
AL348,AL,348,bawltImoer=143
AL349,AL,349,-
AL350,AL,350,bawltAmoer=143
AL351,AL,351,bawltImoer=143
AL352,AL,352,boltImoer=143
AL353,AL,353,boltImoe(r)=143
AL354,AL,354,bawltImoer=143
AL355,AL,355,-
AL356,AL,356,bawltImoer=143
AL357,AL,357,boltImoer=143
AL358,AL,358,bawltImoe[r]=143
AL359,AL,359,bawltImoer=143
AL360,AL,360,boltImoer=143
AL361,AL,361,bawltImoer=143
AL362,AL,362,-
AL363,AL,363,bawltImoer=143
AL364,AL,364,bawltAmoe[r]=143
AL365,AL,365,-
AL366,AL,366,bawltImoer=143
AL367,AL,367,bawltImoer=143
AL368,AL,368,bawltImoer=143
AL369,AL,369,-
AL370,AL,370,bawltAmoer=143
AL371,AL,371,bawltImoer=143
AL372,AL,372,baw(l)tImoe[r]=143
AL373,AL,373,bawltIm[R]=144
AL374,AL,374,baw(l)tImoer=143
AL375,AL,375,bawltAmoe[r]=143
AL376,AL,376,-
AL377,AL,377,bawltImoe[r]=143
AL378,AL,378,bawltImoe[r]=143
AL379,AL,379,bawltImoer=143
AL380,AL,380,bawltImoe[r]=143
AL381,AL,381,bawltImoer=143
AL382,AL,382,-
AL383,AL,383,bawltImoer=143
AL384,AL,384,baw(l)tImoer=143
AL385,AL,385,bawltImoer=143
AL386,AL,386,bawltAmoe[r]=143
AL387,AL,387,bawltImoer=143
AL388,AL,388,-
AL389,AL,389,bawltImoe[r]=143
AL390,AL,390,bawltImR=144
AL391,AL,391,bawltImoer=143
AL392,AL,392,-
AL393,AL,393,baw[l]tAmoe(r)=143
AL394,AL,394,bawltAmoe[r]=143
AL395,AL,395,bawltImoe[r]=143
AL396,AL,396,-
AL397,AL,397,-
AL398,AL,398,bawltImoe[r]=143
AL399,AL,399,bawltImoe(r)=143
AL400,AL,400,baw(l)tImoe[r]=143
AL401,AL,401,-
AL402,AL,402,-
AL403,AL,403,bawltImoe(r)=143
AL404,AL,404,bawltImoe[r]=143
AL405,AL,405,bawltImoer=143
AL406,AL,406,-
AL407,AL,407,-
AL408,AL,408,bawltImoer=143
AL409,AL,409,boltImoe[r]=143
AL410,AL,410,bawltImoe[r]=143
AL411,AL,411,bawltAmoe[r]=143
AL412,AL,412,-
AL413,AL,413,-
AL414,AL,414,bawldImaw[r]=143
AL415,AL,415,-
AL416,AL,416,bawltImoe[r]=143
AL417,AL,417,bawltImoe[r]=143
AL418,AL,418,bawltAmoe[r]=143
AL419,AL,419,bawltImoer=143
AL420,AL,420,-
AL421,AL,421,bawltImaw(r)=143
AL422,AL,422,bawltAmoe[r]=143
AL423,AL,423,-
AL424,AL,424,-
AL425,AL,425,-
AL426,AL,426,-
AL427,AL,427,bawltAmaw(r)=143
AL428,AL,428,bawltImoer=143
AL429,AL,429,-
AL430,AL,430,bawltImoe[r]=143
AL431,AL,431,-
AL432,AL,432,-
AL433,AL,433,bawltImoe[r]=143
AL434,AL,434,bawltImoe[r]=143
AL435,AL,435,-
AL436,AL,436,bawltImoe(r)=143
AL437,AL,437,bawltImoer=143
AL438,AL,438,-
AL439,AL,439,bawltImoe[r]=143
AL440,AL,440,bawltImoer=143
AL441,AL,441,-
AL442,AL,442,-
AL443,AL,443,bawltImoer=143
AL444,AL,444,bawltImoe[r]=143
AL445,AL,445,bawltImoer=143
AL446,AL,446,bawltImoer=143
AL447,AL,447,bawltImoer=143
AL448,AL,448,bawltAmoer=143
AL449,AL,449,-
AL450,AL,450,bawltAmoe[r]=143
AL451,AL,451,bawltImoer=143
FL452,FL,452,bawltImoer=143
FL453,FL,453,-
FL454,FL,454,-
FL455,FL,455,bawltAmoer=143
FL456,FL,456,bawltAmoe[r]=143
FL457,FL,457,bawltImoer=143
FL458,FL,458,bawltImoer=143
FL459,FL,459,-
FL460,FL,460,-
FL461,FL,461,bawltAmoer=143
FL462,FL,462,baw[l]dAmoe[r]=143
FL463,FL,463,-
FL464,FL,464,-
FL465,FL,465,-
FL466,FL,466,baw(l)tImoer=143
FL467,FL,467,-
FL468,FL,468,-
FL469,FL,469,bawltImoer=143
FL470,FL,470,bawltAmoer=143
FL471,FL,471,bawltAmoe[r]=143
AL472,AL,472,bawltImoe[r]=143
AL473,AL,473,-
AL474,AL,474,bawltImoer=143
AL475,AL,475,bawltImoe[r]=143
AL476,AL,476,bawltImoer=143
AL477,AL,477,bawltImoe(r)=143
AL478,AL,478,-
AL479,AL,479,bawltImoe[r]=143
AL480,AL,480,bawltImoer=143
AL481,AL,481,bawltImoe[r]=143
AL482,AL,482,bawltImoe[r]=143
AL483,AL,483,-
AL484,AL,484,bawltImoer=143
AL485,AL,485,bawltImoe[r]=143
TN486,TN,486,-
TN487,TN,487,-
TN488,TN,488,bawltAmoer=143
TN489,TN,489,bawltAmoer=143
TN490,TN,490,bawltAmoer=143
TN491,TN,491,-
TN492,TN,492,-
TN493,TN,493,-
TN494,TN,494,-
TN495,TN,495,-
TN496,TN,496,bawltImoer=143
TN497,TN,497,-
TN498,TN,498,bawltImoer=143
TN499,TN,499,-
TN500,TN,500,-
TN501,TN,501,bawltImoe[r]=143
TN502,TN,502,bawltAmoer=143
TN503,TN,503,-
TN504,TN,504,bawltImoer=143
TN505,TN,505,bawltImoe[r]=143
TN506,TN,506,-
TN507,TN,507,-
TN508,TN,508,bawltAmoe[r]=143
TN509,TN,509,-
TN510,TN,510,-
TN511,TN,511,-
TN512,TN,512,-
TN513,TN,513,bawltImoer=143
TN514,TN,514,bawlt(I)moer=13
TN515,TN,515,-
TN516,TN,516,boltImoer=143
TN517,TN,517,bawltImoer=143
TN518,TN,518,bawltAmoer=143
TN519,TN,519,boltAmoer=143
MS520,MS,520,-
MS521,MS,521,bawltImoe[r]=143
MS522,MS,522,bawltImoer=143
MS523,MS,523,-
MS524,MS,524,bawltImoer=143
MS525,MS,525,-
MS526,MS,526,-
MS527,MS,527,bawltImoe(r)=143
MS528,MS,528,-
MS529,MS,529,-
MS530,MS,530,-
MS531,MS,531,bawltImoe[r]=143
MS532,MS,532,bawltImoe(r)=143
MS533,MS,533,bawltImoer=143
MS534,MS,534,-
MS535,MS,535,bawltAmoer=143
MS536,MS,536,-
MS537,MS,537,-
MS538,MS,538,bawltImoe[r]=143
MS539,MS,539,bawltImoe[r]=143
MS540,MS,540,-
MS541,MS,541,bawltImoer=143
MS542,MS,542,-
MS543,MS,543,-
MS544,MS,544,-
MS545,MS,545,bawlt(I)moe[r]=13
MS546,MS,546,-
MS547,MS,547,bawltImoer=143
MS548,MS,548,bawltImoer=143
MS549,MS,549,bawltImoer=143
MS550,MS,550,-
MS551,MS,551,bawltImoer=143
MS552,MS,552,-
MS553,MS,553,-
MS554,MS,554,-
MS555,MS,555,-
MS556,MS,556,-
MS557,MS,557,bawltImoer=143
MS558,MS,558,bawltImoer=143
MS559,MS,559,-
MS560,MS,560,bawltImoe[r]=143
MS561,MS,561,-
MS562,MS,562,bawltImoe[r]=143
MS563,MS,563,bawltImoe[r]=143
MS564,MS,564,bawltImaw[r]=143
MS565,MS,565,bawltImoe[r]=143
MS566,MS,566,-
MS567,MS,567,-
MS568,MS,568,-
MS569,MS,569,-
MS570,MS,570,bawltImoe[r]=143
MS571,MS,571,bawltAmaw(r)=143
MS572,MS,572,bawltImoe[r]=143
MS573,MS,573,bawltImoe[r]=143
MS574,MS,574,bawltAmoer=143
MS575,MS,575,bawltImoe[r]=143
MS576,MS,576,-
MS577,MS,577,-
MS578,MS,578,bawltAmoer=143
MS579,MS,579,bawltImoe[r]=143
MS580,MS,580,-
MS581,MS,581,bawltAmoe(r)=143
MS582,MS,582,bawltImoe[r]=143
MS583,MS,583,-
MS584,MS,584,-
MS585,MS,585,-
MS586,MS,586,-
MS587,MS,587,baw[l]tImoe[r]=143
MS588,MS,588,bawltImoe[r]=143
MS589,MS,589,bawltImoe[r]=143
MS590,MS,590,bawltImoe[r]=143
MS591,MS,591,bawltImoer=143
MS592,MS,592,bawltImoe(r)=143
MS593,MS,593,bawltImoe[r]=143
MS594,MS,594,-
MS595,MS,595,bawltImoe(r)=143
MS596,MS,596,bawltImoe[r]=143
MS597,MS,597,baw(l)tAmoe(r)=143
MS598,MS,598,bawltImoe(r)=143
MS599,MS,599,bawltImoer=143
MS600,MS,600,-
MS601,MS,601,bawltAmoer=143
MS602,MS,602,baw[l]tImoer=143
MS603,MS,603,-
MS604,MS,604,-
MS605,MS,605,-
MS606,MS,606,-
MS607,MS,607,bawltImoe[r]=143
MS608,MS,608,bawltImoer=143
MS609,MS,609,-
MS610,MS,610,bawltImoe[r]=143
MS611,MS,611,-
MS612,MS,612,-
MS613,MS,613,bawltImoe[r]=143
MS614,MS,614,-
MS615,MS,615,bawltAmoer=143
MS616,MS,616,baw[l]tImoe[r]=143
MS617,MS,617,bawlt(I)moe(r)=13
MS618,MS,618,bawltAmaw[r]=143
MS619,MS,619,bawltImoe[r]=143
MS620,MS,620,-
MS621,MS,621,bawltImoe[r]=143
MS622,MS,622,bawltImoer=143
MS623,MS,623,bawltImoer=143
MS624,MS,624,bawltImoer=143
MS625,MS,625,bawltImoer=143
MS626,MS,626,-
MS627,MS,627,bawltAmoe[r]=143
MS628,MS,628,-
MS629,MS,629,bawltImoer=143
LA630,LA,630,bawltImoewA=1434
LA631,LA,631,-
LA632,LA,632,-
LA633,LA,633,-
LA634,LA,634,-
LA635,LA,635,-
LA636,LA,636,bawltAmoer=143
LA637,LA,637,-
LA638,LA,638,bawltImoe[r]=143
LA639,LA,639,-
LA640,LA,640,-
LA641,LA,641,baw[l]tImoe(r)=143
LA642,LA,642,-
LA643,LA,643,-
LA644,LA,644,-
LA645,LA,645,bawlt(I)moer=13
LA645,LA,645,bawltImoer=143
LA646,LA,646,bawltImoer=143
LA647,LA,647,-
LA648,LA,648,bawltAmoe[r]=143
LA649,LA,649,-
LA650,LA,650,bawltAmoe(r)=143
LA651,LA,651,-
LA652,LA,652,bawltImoe[r]=143
LA653,LA,653,bawltImoer=143
LA654,LA,654,baw(l)tImoer=143
LA655,LA,655,-
LA656,LA,656,bawltImoer=143
LA657,LA,657,bawltImoer=143
LA657X,LA,657X,bawltImoe[r]=143
LA657Y,LA,657Y,bawltImoer=143
LA657Z,LA,657Z,bawltImur=143
LA658,LA,658,bawltImoe[r]=143
LA659,LA,659,bawltImoe[r]=143
LA660,LA,660,-
LA661,LA,661,-
LA662,LA,662,bawltImoe[r]=143
LA663,LA,663,-
LA664,LA,664,-
LA665,LA,665,-
LA666,LA,666,-
LA667,LA,667,bawltImoer=143
LA668,LA,668,bawltImoe[r]=143
LA669,LA,669,-
LA670,LA,670,-
LA671,LA,671,bawltAmoer=143
LA672,LA,672,bawltImoer=143
LA673,LA,673,bawltImoer=143
AR674,AR,674,-
AR675,AR,675,bawlt(I)moer=13
AR676,AR,676,-
AR677,AR,677,-
AR678,AR,678,-
AR679,AR,679,bawltImawr=143
AR680,AR,680,-
AR681,AR,681,-
AR682,AR,682,-
AR683,AR,683,-
AR684,AR,684,-
AR685,AR,685,bawltImoer=143
AR686,AR,686,baw[l]tImoer=143
AR687,AR,687,bawltAmoer=143
AR688,AR,688,-
AR689,AR,689,-
AR690,AR,690,-
AR691,AR,691,-
AR692,AR,692,-
AR693,AR,693,bawltImoer=143
AR694,AR,694,-
AR695,AR,695,bawltImoer=143
AR696,AR,696,bawltImoe[r]=143
AR697,AR,697,bawltAmoer=143
AR698,AR,698,-
AR699,AR,699,-
AR700,AR,700,-
AR701,AR,701,-
AR702,AR,702,bawltAmoer=143
AR703,AR,703,bawltAmoer=143
AR704,AR,704,-
AR705,AR,705,bawltImoer=143
AR706,AR,706,-
AR707,AR,707,bawltImoe[r]=143
AR708,AR,708,bawltAmoer=143
AR709,AR,709,bawltImoer=143
AR710,AR,710,-
AR711,AR,711,bawltAmoer=143
AR712,AR,712,bawltImoer=143
AR713,AR,713,-
AR714,AR,714,bawltImoer=143
AR715,AR,715,-
AR716,AR,716,-
AR717,AR,717,-
AR718,AR,718,-
AR719,AR,719,-
AR720,AR,720,-
AR721,AR,721,-
AR722,AR,722,-
AR723,AR,723,-
AR724,AR,724,-
AR725,AR,725,bawltAmoer=143
AR726,AR,726,-
AR727,AR,727,-
AR728,AR,728,-
AR729,AR,729,-
AR730,AR,730,bawltImoer=143
AR731,AR,731,-
AR732,AR,732,bawltImoer=143
AR733,AR,733,-
AR734,AR,734,-
AR735,AR,735,-
AR736,AR,736,-
AR737,AR,737,bawltImoer=143
AR738,AR,738,boltImoer=143
AR739,AR,739,-
AR740,AR,740,-
AR741,AR,741,bawltImoer=143
AR742,AR,742,-
AR743,AR,743,-
AR744,AR,744,-
AR745,AR,745,-
AR746,AR,746,-
AR747,AR,747,bawltImoer=143
AR748,AR,748,-
AR749,AR,749,bawltAmoer=143
AR750,AR,750,-
AR751,AR,751,bawltImoer=143
AR752,AR,752,bawltImoer=143
AR753,AR,753,boltImoer=143
AR754,AR,754,bawltAmoer=143
AR755,AR,755,bawltImoer=143
LA756,LA,756,bawltImoer=143
LA757,LA,757,bawltImoe[r]=143
LA758,LA,758,bawltImoer=143
LA759,LA,759,-
LA760,LA,760,-
LA761,LA,761,bawltImoe[r]=143
LA762,LA,762,-
LA763,LA,763,-
LA764,LA,764,bawltAmoer=143
LA765,LA,765,bawltAmoer=143
LA766,LA,766,-
LA767,LA,767,bawltImoer=143
LA768,LA,768,bawltImoe(r)=143
LA769,LA,769,bawltImoer=143
LA770,LA,770,bawltAmoer=143
LA771,LA,771,boltImoe(r)=143
LA772,LA,772,bawltImoe[r]=143
LA773,LA,773,bawltImoe[r]=143
LA774,LA,774,-
LA775,LA,775,bawltImoe[r]=143
LA776,LA,776,bawltImoer=143
LA777,LA,777,bawltImoe[r]=143
LA778,LA,778,bawltImoer=143
LA779,LA,779,bawltImoer=143
LA780,LA,780,bawltImoer=143
LA781,LA,781,bawltImoer=143
LA782,LA,782,boeltImoe[r]=143
LA783,LA,783,bawltImoe[r]=143
LA784,LA,784,-
LA785,LA,785,bawltImoer=143
LA786,LA,786,bawltImoe[r]=143
LA787,LA,787,bawltImoer=143
LA788,LA,788,bawltAmoer=143
LA789,LA,789,bawltImoer=143
LA790,LA,790,-
LA791,LA,791,bawltImoe[r]=143
LA792,LA,792,bawltImoer=143
LA793,LA,793,-
LA794,LA,794,-
LA795,LA,795,bawltImoe(r)=143
LA796,LA,796,bawltAmoer=143
LA797,LA,797,-
LA798,LA,798,bawltAmoer=143
LA799,LA,799,-
LA800,LA,800,bawltImoer=143
LA801,LA,801,bawltImoer=143
LA802,LA,802,baltAmoe[r]=143
LA803,LA,803,-
LA804,LA,804,-
LA805,LA,805,-
LA806,LA,806,baltAmoer=143
LA806,LA,806,bawlt(I)moe[r]=13
LA807,LA,807,-
LA808,LA,808,bawltImoe(r)=143
LA809,LA,809,bawltImoe[r]=143
LA810,LA,810,bawltImoe[r]=143
LA811,LA,811,bawltImaw(r)=143
LA812,LA,812,-
LA813,LA,813,bawltAmoer=143
LA814,LA,814,bawltAmoer=143
LA815,LA,815,-
LA816,LA,816,baw(l)tImoer=143
LA817,LA,817,baw(l)tImoer=143
TX818,TX,818,-
TX819,TX,819,-
TX820,TX,820,-
TX821,TX,821,baw(l)tImoe[r]=143
TX822,TX,822,bawltImoer=143
TX823,TX,823,bawltAmoer=143
TX824,TX,824,bawltImoe(r)=143
TX825,TX,825,bawlt(I)moer=13
TX826,TX,826,bawltAmoer=143
TX827,TX,827,bawltImoer=143
TX828,TX,828,bawltImer=143
TX829,TX,829,-
TX830,TX,830,baw[l]tAmawr=143
TX831,TX,831,bawltAmoer=143
TX832,TX,832,-
TX833,TX,833,bawltImoer=143
TX834,TX,834,bawltImoer=143
TX835,TX,835,-
TX836,TX,836,bawlt(I)moer=13
TX837,TX,837,-
TX838,TX,838,-
TX839,TX,839,-
TX840,TX,840,-
TX841,TX,841,-
TX842,TX,842,-
TX843,TX,843,-
TX844,TX,844,bawltAmoer=143
TX845,TX,845,-
TX846,TX,846,bawltImoe[r]=143
TX847,TX,847,-
TX848,TX,848,-
TX849,TX,849,bawltImoer=143
TX850,TX,850,-
TX851,TX,851,-
TX852,TX,852,-
TX853,TX,853,-
TX854,TX,854,-
TX855,TX,855,-
TX856,TX,856,-
TX857,TX,857,-
TX858,TX,858,-
TX859,TX,859,bawltImoer=143
TX860,TX,860,-
TX861,TX,861,bawltImoer=143
TX862,TX,862,-
TX863,TX,863,bawltAmoer=143
TX864,TX,864,-
TX865,TX,865,bawltImoe[r]=143
TX866,TX,866,bawltAmoe[r]=143
TX867,TX,867,bawltAmoer=143
TX868,TX,868,bawltImoe[r]=143
TX869,TX,869,bawltImoer=143
TX870,TX,870,bawltImoer=143
TX871,TX,871,-
TX872,TX,872,-
TX873,TX,873,bawltImoer=143
TX874,TX,874,-
TX875,TX,875,bawltAmoe(r)=143
TX876,TX,876,boltImoer=143
TX877,TX,877,bawltImoer=143
TX878,TX,878,bawltAmoer=143
TX879,TX,879,-
TX880,TX,880,-
TX881,TX,881,-
TX882,TX,882,-
TX883,TX,883,bawltImoer=143
TX884,TX,884,boltImoe[r]=143
TX885,TX,885,-
TX886,TX,886,bawltImoer=143
TX887,TX,887,-
TX888,TX,888,baw[l]tImoe(r)=143
TX889,TX,889,bawltAmoer=143
TX890,TX,890,bawltImoe[r]=143
TX891,TX,891,bawltAmoer=143
TX892,TX,892,-
TX893,TX,893,bawltImoer=143
TX894,TX,894,bawltImoer=143
TX895,TX,895,bawltImoer=143
TX896,TX,896,boltImoer=143
TX897,TX,897,-
TX898,TX,898,-
TX899,TX,899,boltImoer=143
TX900,TX,900,boltImoe[r]=143
TX901,TX,901,bawltAmoer=143
TX902,TX,902,bawltImoer=143
TX903,TX,903,-
TX904,TX,904,bawltImoer=143
TX905,TX,905,bawltAmoer=143
TX906,TX,906,-
TX907,TX,907,-
TX908,TX,908,bawltAmoer=143
TX909,TX,909,-
TX910,TX,910,bawltAmoer=143
TX911,TX,911,bawltImoer=143
