Informant,State,Informant number,Response
TN001,TN,001,-
TN002,TN,002,memfIs=14
TN003,TN,003,memfIs=14
TN004,TN,004,memfIs=14
TN005,TN,005,memfIs=14
TN006,TN,006,mempfIs=14
TN007,TN,007,mempfIs=14
TN008,TN,008,memfIs=14
TN009,TN,009,mempfIs=14
TN010,TN,010,memfAs=14
TN011,TN,011,mempfIs=14
TN012,TN,012,-
TN013,TN,013,mempfIs=14
TN014,TN,014,memfAs=14
TN015,TN,015,mempfIs=14
TN016,TN,016,memfIs=14
TN017,TN,017,memfAs=14
TN018,TN,018,memfIs=14
TN019,TN,019,mempfIs=14
TN020,TN,020,memfIs=14
TN021,TN,021,memfAs=14
TN022,TN,022,memfIs=14
TN023,TN,023,mempfAs=14
TN024,TN,024,memfis=13
TN025,TN,025,memfIs=14
TN026,TN,026,mempfAs=14
TN027,TN,027,memfIs=14
TN028,TN,028,memfIs=14
TN029,TN,029,memfIs=14
TN030,TN,030,memfIs=14
TN031,TN,031,mempfIs=14
TN032,TN,032,mamfIs=14
TN033,TN,033,mempfIs=14
TN034,TN,034,memfIs=14
TN035,TN,035,mempfIs=14
TN036,TN,036,mempfIs=14
TN037,TN,037,-
TN038,TN,038,mempfAs=14
TN039,TN,039,mimfIs=14
TN040,TN,040,mimfIs=14
TN041,TN,041,memfIs=14
TN042,TN,042,mempfIs=14
TN043,TN,043,mempfIs=14
TN044,TN,044,memfIs=14
TN045,TN,045,memfIs=14
TN046,TN,046,memfIs=14
TN047,TN,047,memfIs=14
TN048,TN,048,mempfAs=14
TN048,TN,048,mempfIs=14
TN049,TN,049,mempfIs=14
TN050,TN,050,mempfIs=14
TN051,TN,051,mi[m]fIs=14
TN052,TN,052,memfIs=14
TN053,TN,053,mempfIs=14
TN054,TN,054,-
TN055,TN,055,mimfIs=14
TN056,TN,056,me[m]fIs=14
TN057,TN,057,mimfIs=14
TN058,TN,058,mempfAs=14
TN058,TN,058,mempfIs=14
TN059,TN,059,memfIs=14
TN060,TN,060,mempfIs=14
GA061,GA,061,-
GA062,GA,062,memfIs=14
GA063,GA,063,-
GA064,GA,064,mempfIs=14
GA065,GA,065,-
GA066,GA,066,-
GA067,GA,067,mempfIs=14
GA068,GA,068,-
GA069,GA,069,mimfIs=14
GA069,GA,069,mimpfIs=14
GA070,GA,070,mempfIs=14
GA071,GA,071,mempfIs=14
GA072,GA,072,mempfIs=14
GA073,GA,073,mempfIs=14
GA074,GA,074,-
GA075,GA,075,memfAs=14
GA076,GA,076,mempfIs=14
GA077,GA,077,memfIs=14
GA078,GA,078,mimpfAs=14
GA079,GA,079,memfIs=14
GA080,GA,080,-
GA081,GA,081,memfIs=14
GA082,GA,082,-
GA083,GA,083,mimpfIs=14
GA084,GA,084,-
GA085,GA,085,mimpfIs=14
GA086,GA,086,memfIs=14
GA087,GA,087,mimfIs=14
GA088,GA,088,-
GA089,GA,089,-
GA090,GA,090,mimpfIs=14
GA091,GA,091,-
GA092,GA,092,-
GA093,GA,093,-
GA094,GA,094,-
GA095,GA,095,mimpfIs=14
GA096,GA,096,mimfIs=14
GA097,GA,097,mimpfIs=14
GA098,GA,098,mimfAs=14
GA099,GA,099,memfIs=14
GA100,GA,100,mumfIs=14
GA101,GA,101,mempfIs=14
GA102,GA,102,mentchAs=14
GA103,GA,103,mimfIs=14
GA104,GA,104,mempfIs=14
GA105,GA,105,mempfIs=14
GA106,GA,106,mempfIs=14
GA107,GA,107,memfIs=14
GA108,GA,108,mempfIs=14
GA109,GA,109,mimfIs=14
GA110,GA,110,mintfAs=14
GA111,GA,111,mimfIs=14
GA112,GA,112,mimfIs=14
GA113,GA,113,-
GA114,GA,114,-
GA115,GA,115,-
GA116,GA,116,-
GA117,GA,117,memfIs=14
GA118,GA,118,mimpfIs=14
GA119,GA,119,mimfIs=14
GA120,GA,120,memfIs=14
GA121,GA,121,mempfIs=14
GA122,GA,122,mimfIs=14
GA123,GA,123,-
GA124,GA,124,mimpfIs=14
GA125,GA,125,-
GA126,GA,126,-
GA127,GA,127,-
GA128,GA,128,-
GA129,GA,129,-
GA130,GA,130,-
GA131,GA,131,memfIs=14
GA132,GA,132,-
GA133,GA,133,-
GA134,GA,134,-
GA135,GA,135,memfIs=14
GA136,GA,136,memfIs=14
GA137,GA,137,mimfIs=14
GA138,GA,138,mi[m]fIs=14
GA139,GA,139,mimfIs=14
GA140,GA,140,-
GA141,GA,141,mimfIs=14
GA142,GA,142,mempfIs=14
GA143,GA,143,mimpfIs=14
GA144,GA,144,mimfIs=14
GA145,GA,145,-
GA146,GA,146,-
GA147,GA,147,-
GA148,GA,148,-
GA149,GA,149,-
GA150,GA,150,memfIs=14
GA151,GA,151,-
GA152,GA,152,mimpfIs=14
GA153,GA,153,-
GA154,GA,154,-
GA155,GA,155,-
GA156,GA,156,-
GA157,GA,157,-
GA158,GA,158,-
GA159,GA,159,mimpfIs=14
GA160,GA,160,-
GA161,GA,161,memfIs=14
GA162,GA,162,memfIs=14
GA163,GA,163,memfIs=14
GA164,GA,164,mimfIs=14
GA165,GA,165,memfIs=14
GA166,GA,166,mempfAs=14
GA166,GA,166,mempfIs=14
GA167,GA,167,mempfIs=14
GA168,GA,168,-
GA169,GA,169,-
GA170,GA,170,memfIs=14
GA171,GA,171,mimfIs=14
GA172,GA,172,mimfIs=14
GA173,GA,173,-
GA174,GA,174,-
GA175,GA,175,-
GA176,GA,176,mempfIs=14
GA177,GA,177,memfIs=14
GA178,GA,178,-
GA179,GA,179,memp(f)Is=14
GA180,GA,180,-
GA181,GA,181,-
GA182,GA,182,-
GA183,GA,183,mi[m]fIs=14
GA184,GA,184,-
GA185,GA,185,mempfIs=14
GA186,GA,186,mempfIs=14
GA187,GA,187,-
GA188,GA,188,mempfI(s)=14
GA189,GA,189,mi[m]fIs=14
GA190,GA,190,mempfIs=14
GA191,GA,191,memfIs=14
GA192,GA,192,mempfIs=14
GA193,GA,193,-
GA194,GA,194,-
GA195,GA,195,-
GA196,GA,196,-
GA197,GA,197,-
GA198,GA,198,-
GA199,GA,199,-
GA200,GA,200,-
GA201,GA,201,mempfIs=14
GA202,GA,202,mempfIs=14
GA203,GA,203,-
GA204,GA,204,-
GA205,GA,205,-
GA206,GA,206,mempfIs=14
GA207,GA,207,-
GA208,GA,208,mimpfIs=14
GA209,GA,209,-
GA210,GA,210,mempfAs=14
GA211,GA,211,mimpfIs=14
GA212,GA,212,-
GA213,GA,213,mempfIs=14
GA214,GA,214,mempfIs=14
GA215,GA,215,-
GA216,GA,216,mimpfIs=14
GA217,GA,217,mempfIs=14
GA218,GA,218,-
GA219,GA,219,mi[m]fIs=14
GA219,GA,219,mimfAs=14
GA220,GA,220,-
GA221,GA,221,-
GA222,GA,222,-
GA223,GA,223,mempfIs=14
GA224,GA,224,-
GA225,GA,225,-
FL226,FL,226,-
FL227,FL,227,mi[m]fIs=14
FL228,FL,228,-
FL229,FL,229,mi[m]fIs=14
FL230,FL,230,-
FL231,FL,231,mimfIs=14
FL232,FL,232,-
FL233,FL,233,memfIs=14
FL234,FL,234,-
FL235,FL,235,memfIs=14
FL236,FL,236,mimfIs=14
FL237,FL,237,memfI(s)=14
FL238,FL,238,mempfI(s)=14
FL239,FL,239,mimfIs=14
FL240,FL,240,mimfIs=14
FL241,FL,241,-
FL242,FL,242,mempfIs=14
FL243,FL,243,mimpfIs=14
FL244,FL,244,-
FL245,FL,245,memfIs=14
FL246,FL,246,mempfIs=14
FL247,FL,247,memfIs=14
FL248,FL,248,mimpfAs=14
FL249,FL,249,-
FL250,FL,250,-
FL251,FL,251,-
FL252,FL,252,-
FL253,FL,253,mimfIs=14
FL254,FL,254,mempfAs=14
FL255,FL,255,mimpfIs=14
FL256,FL,256,-
FL257,FL,257,mempfIs=14
FL258,FL,258,memfIs=14
FL259,FL,259,memfIs=14
FL260,FL,260,-
FL261,FL,261,mimfIs=14
FL262,FL,262,-
FL263,FL,263,-
FL264,FL,264,mimpfIs=14
FL265,FL,265,-
FL266,FL,266,mimfIs=14
FL267,FL,267,-
FL268,FL,268,-
FL269,FL,269,memfAs=14
FL270,FL,270,memfIs=14
FL271,FL,271,mempfIs=14
FL272,FL,272,mimfIs=14
FL273,FL,273,mimpfIs=14
FL274,FL,274,memfIs=14
FL275,FL,275,mimpfIs=14
FL276,FL,276,-
FL277,FL,277,-
FL278,FL,278,memfIs=14
FL279,FL,279,mimpfIs=14
FL280,FL,280,mempfIs=14
FL281,FL,281,mimfIs=14
FL282,FL,282,-
FL283,FL,283,-
FL284,FL,284,mimfAs=14
FL285,FL,285,-
FL286,FL,286,memfIs=14
FL287,FL,287,-
FL288,FL,288,-
FL289,FL,289,mempfIs=14
TN290,TN,290,mempfIs=14
TN291,TN,291,mempfIs=14
TN292,TN,292,mempfIs=14
TN293,TN,293,mempfIs=14
TN294,TN,294,mimpfIs=14
TN295,TN,295,-
TN296,TN,296,mempfis=13
TN297,TN,297,mimpfIs=14
TN298,TN,298,-
TN299,TN,299,mempfIs=14
TN300,TN,300,mimfIs=14
TN301,TN,301,memfIs=14
TN302,TN,302,memfIs=14
TN303,TN,303,mempfIs=14
TN304,TN,304,mempfIs=14
TN305,TN,305,-
TN306,TN,306,mimpfIs=14
TN307,TN,307,mimfIs=14
TN308,TN,308,mimfIs=14
TN309,TN,309,mimfIs=14
TN310,TN,310,mempfIs=14
TN311,TN,311,mimfIs=14
TN312,TN,312,memfIs=14
TN313,TN,313,mimfIs=14
TN314,TN,314,mimfIs=14
TN315,TN,315,mempfIs=14
TN316,TN,316,mimpfIs=14
TN317,TN,317,mempfIs=14
TN318,TN,318,mempfIs=14
TN319,TN,319,-
TN320,TN,320,mempfAs=14
TN321,TN,321,mempfAs=14
TN322,TN,322,memfIs=14
TN323,TN,323,memfIs=14
TN324,TN,324,memfIs=14
TN325,TN,325,memfIs=14
TN326,TN,326,mempfIs=14
TN327,TN,327,mempfIs=14
TN328,TN,328,memfIs=14
TN329,TN,329,mimfIs=14
TN330,TN,330,mempfIs=14
TN331,TN,331,memfIs=14
TN332,TN,332,mempfIs=14
TN333,TN,333,mempfIs=14
TN334,TN,334,mimfIs=14
TN335,TN,335,memfIs=14
TN336,TN,336,memfIs=14
AL337,AL,337,memfIs=14
AL338,AL,338,mempfIs=14
AL339,AL,339,mempfIs=14
AL340,AL,340,mimfIs=14
AL341,AL,341,mempfIs=14
AL342,AL,342,-
AL343,AL,343,mimpfIs=14
AL344,AL,344,membrIth=14
AL344,AL,344,memfIs=14
AL345,AL,345,memfIs=14
AL346,AL,346,-
AL347,AL,347,mi[m]fIs=14
AL348,AL,348,memfIs=14
AL349,AL,349,mempfIs=14
AL350,AL,350,mimfAs=14
AL351,AL,351,mimfIs=14
AL352,AL,352,mimpfIs=14
AL353,AL,353,-
AL354,AL,354,mempfIs=14
AL355,AL,355,-
AL356,AL,356,mimfIs=14
AL357,AL,357,memfIs=14
AL358,AL,358,mi[m]fIs=14
AL359,AL,359,memfIs=14
AL360,AL,360,mimpfIs=14
AL361,AL,361,mimfIs=14
AL362,AL,362,-
AL363,AL,363,memfIs=14
AL364,AL,364,mimfIs=14
AL365,AL,365,-
AL366,AL,366,mempfIs=14
AL367,AL,367,mempfIs=14
AL368,AL,368,mimfIs=14
AL369,AL,369,me[m]fIs=14
AL370,AL,370,memfIs=14
AL371,AL,371,mempfIs=14
AL372,AL,372,mimfIs=14
AL373,AL,373,memfAs=14
AL374,AL,374,mimfIs=14
AL375,AL,375,memfIs=14
AL376,AL,376,mimfIs=14
AL377,AL,377,-
AL378,AL,378,mempfIs=14
AL379,AL,379,memfIs=14
AL380,AL,380,mimfIs=14
AL381,AL,381,mimpfIs=14
AL382,AL,382,mempfIs=14
AL383,AL,383,memfIs=14
AL384,AL,384,memfIs=14
AL385,AL,385,mentfIs=14
AL386,AL,386,mempfIs=14
AL387,AL,387,memfIs=14
AL388,AL,388,-
AL389,AL,389,-
AL390,AL,390,mimpfIs=14
AL391,AL,391,mimpfIs=14
AL392,AL,392,-
AL393,AL,393,mempfIs=14
AL394,AL,394,memfIs=14
AL395,AL,395,mempfIs=14
AL396,AL,396,-
AL397,AL,397,-
AL398,AL,398,mi[m]fIs=14
AL399,AL,399,mimfAs=14
AL400,AL,400,memfAs=14
AL401,AL,401,-
AL402,AL,402,-
AL403,AL,403,mempfIs=14
AL404,AL,404,mimfIs=14
AL405,AL,405,mempfIs=14
AL406,AL,406,-
AL407,AL,407,mempfIs=14
AL408,AL,408,mimfIs=14
AL409,AL,409,memfIs=14
AL410,AL,410,memfAs=14
AL411,AL,411,mi(m)fIs=14
AL412,AL,412,-
AL413,AL,413,-
AL414,AL,414,memfIs=14
AL415,AL,415,mimpfIs=14
AL416,AL,416,mimfIs=14
AL417,AL,417,memfIs=14
AL418,AL,418,mimfIs=14
AL419,AL,419,mimpfIs=14
AL420,AL,420,-
AL421,AL,421,mimfIs=14
AL422,AL,422,memfIs=14
AL423,AL,423,memfIs=14
AL424,AL,424,mimfIs=14
AL425,AL,425,-
AL426,AL,426,-
AL427,AL,427,memfIs=14
AL428,AL,428,me[m]pfIs=14
AL429,AL,429,-
AL430,AL,430,mempfIs=14
AL431,AL,431,-
AL432,AL,432,-
AL433,AL,433,mimpfIs=14
AL434,AL,434,mempfIs=14
AL435,AL,435,memfIs=14
AL436,AL,436,mimpfIs=14
AL437,AL,437,mempfIs=14
AL438,AL,438,-
AL439,AL,439,mimpfIs=14
AL440,AL,440,mempfIs=14
AL441,AL,441,mimfIs=14
AL442,AL,442,memfIs=14
AL443,AL,443,mimpfIs=14
AL444,AL,444,mempfIs=14
AL445,AL,445,mimfIs=14
AL446,AL,446,mempfIs=14
AL447,AL,447,-
AL448,AL,448,mempfIs=14
AL449,AL,449,memfAs=14
AL450,AL,450,mimfIs=14
AL451,AL,451,myemfIs=14
FL452,FL,452,mimfIs=14
FL453,FL,453,-
FL454,FL,454,-
FL455,FL,455,mimfIs=14
FL456,FL,456,mempfIs=14
FL457,FL,457,memfIs=14
FL458,FL,458,mimfIs=14
FL459,FL,459,-
FL460,FL,460,-
FL461,FL,461,mimpfIs=14
FL462,FL,462,-
FL463,FL,463,-
FL464,FL,464,-
FL465,FL,465,-
FL466,FL,466,memfIs=14
FL467,FL,467,-
FL468,FL,468,-
FL469,FL,469,-
FL470,FL,470,mimpfIs=14
FL471,FL,471,mempfIs=14
AL472,AL,472,mimpfIs=14
AL473,AL,473,-
AL474,AL,474,mempfIs=14
AL475,AL,475,memfIs=14
AL476,AL,476,mempfIs=14
AL477,AL,477,mimfAs=14
AL478,AL,478,-
AL479,AL,479,mimfIs=14
AL480,AL,480,memfIs=14
AL481,AL,481,mimfIs=14
AL482,AL,482,mempfIs=14
AL483,AL,483,-
AL484,AL,484,memfIs=14
AL485,AL,485,memfIs=14
TN486,TN,486,mempfIs=14
TN487,TN,487,mempfIs=14
TN488,TN,488,mempfIs=14
TN489,TN,489,memfIs=14
TN490,TN,490,mimfIs=14
TN491,TN,491,-
TN492,TN,492,memfIs=14
TN493,TN,493,mempfIs=14
TN494,TN,494,mimpfIs=14
TN495,TN,495,mempfIs=14
TN496,TN,496,mempfIs=14
TN497,TN,497,-
TN498,TN,498,memfIs=14
TN499,TN,499,memfIs=14
TN500,TN,500,-
TN501,TN,501,mimfIs=14
TN502,TN,502,memfIs=14
TN503,TN,503,me(m)fIs=14
TN504,TN,504,memfIs=14
TN505,TN,505,mempfIs=14
TN505,TN,505,mimpfIs=14
TN506,TN,506,me[m]fIs=14
TN507,TN,507,memfIs=14
TN508,TN,508,memfIs=14
TN509,TN,509,memfIs=14
TN510,TN,510,me[m]fIs=14
TN511,TN,511,memfIs=14
TN512,TN,512,-
TN513,TN,513,me[m]fIs=14
TN513,TN,513,mempfIs=14
TN514,TN,514,memfIs=14
TN515,TN,515,memfIs=14
TN516,TN,516,mimpfIs=14
TN517,TN,517,memfIs=14
TN517,TN,517,mimfIs=14
TN518,TN,518,memfIs=14
TN519,TN,519,memfIs=14
MS520,MS,520,-
MS521,MS,521,mempfIs=14
MS522,MS,522,mimpfIs=14
MS523,MS,523,-
MS524,MS,524,mimfIs=14
MS525,MS,525,memfIs=14
MS526,MS,526,memfIs=14
MS527,MS,527,mimfIs=14
MS528,MS,528,me[m]pfIs=14
MS528,MS,528,mempfIs=14
MS528,MS,528,mempfI(s)=14
MS529,MS,529,memfIs=14
MS530,MS,530,mimfIs=14
MS531,MS,531,me[m]fIs=14
MS532,MS,532,memfIs=14
MS532,MS,532,mimfIs=14
MS533,MS,533,mimfIs=14
MS534,MS,534,mi(m)fIs=14
MS535,MS,535,memfIs=14
MS536,MS,536,mempfIs=14
MS537,MS,537,-
MS538,MS,538,me[m]fIs=14
MS538,MS,538,mempfIs=14
MS539,MS,539,mempfIs=14
MS540,MS,540,memfIs=14
MS540,MS,540,mempfIs=14
MS541,MS,541,mimpfIs=14
MS542,MS,542,-
MS543,MS,543,mempfIs=14
MS544,MS,544,memfIs=14
MS545,MS,545,memfIs=14
MS546,MS,546,me[m]fIs=14
MS547,MS,547,memfIs=14
MS548,MS,548,mempfIs=14
MS549,MS,549,memfIs=14
MS550,MS,550,-
MS551,MS,551,memfIs=14
MS552,MS,552,-
MS553,MS,553,mi[m]fIs=14
MS554,MS,554,-
MS555,MS,555,-
MS556,MS,556,memfIs=14
MS557,MS,557,mimfIs=14
MS558,MS,558,memfIs=14
MS558,MS,558,memp(f)Is=14
MS559,MS,559,mimfIs=14
MS560,MS,560,mimfIs=14
MS561,MS,561,memfIs=14
MS562,MS,562,mempfIs=14
MS563,MS,563,mempfIs=14
MS564,MS,564,mempfIs=14
MS565,MS,565,mempfIs=14
MS566,MS,566,-
MS567,MS,567,-
MS568,MS,568,-
MS569,MS,569,-
MS570,MS,570,mimfIs=14
MS571,MS,571,-
MS572,MS,572,mimfIs=14
MS573,MS,573,mimfIs=14
MS574,MS,574,memfIs=14
MS574,MS,574,mempfIs=14
MS575,MS,575,mempfIs=14
MS576,MS,576,memfIs=14
MS577,MS,577,-
MS578,MS,578,mimpfIs=14
MS579,MS,579,memfIs=14
MS580,MS,580,mimfIs=14
MS581,MS,581,mimfAs=14
MS582,MS,582,mempfIs=14
MS583,MS,583,-
MS584,MS,584,mimfIs=14
MS585,MS,585,memfIs=14
MS586,MS,586,-
MS587,MS,587,me[m]fIs=14
MS588,MS,588,memfIs=14
MS589,MS,589,me[m]fIs=14
MS590,MS,590,mempfIs=14
MS591,MS,591,mimfIs=14
MS592,MS,592,memfIs=14
MS593,MS,593,memfIs=14
MS594,MS,594,memfIs=14
MS595,MS,595,mempfIs=14
MS596,MS,596,mimfIs=14
MS597,MS,597,-
MS598,MS,598,memfAs=14
MS599,MS,599,memfIs=14
MS600,MS,600,-
MS601,MS,601,mimfIs=14
MS602,MS,602,mimfIs=14
MS603,MS,603,-
MS604,MS,604,-
MS605,MS,605,mimfIs=14
MS606,MS,606,me[m]fIs=14
MS607,MS,607,mempfIs=14
MS608,MS,608,memfIs=14
MS609,MS,609,mimpfIs=14
MS610,MS,610,memfAs=14
MS611,MS,611,memfIs=14
MS611,MS,611,mimfIs=14
MS612,MS,612,-
MS613,MS,613,memfIs=14
MS614,MS,614,-
MS615,MS,615,memfIs=14
MS616,MS,616,memfIs=14
MS617,MS,617,memfIs=14
MS618,MS,618,memfAs=14
MS619,MS,619,-
MS620,MS,620,mimfIs=14
MS621,MS,621,mempfIs=14
MS622,MS,622,memfIs=14
MS623,MS,623,mimpfIs=14
MS624,MS,624,memfIs=14
MS625,MS,625,mempfIs=14
MS626,MS,626,mempfIs=14
MS627,MS,627,mimpfIs=14
MS628,MS,628,mimpfIs=14
MS629,MS,629,mi[m]fIs=14
LA630,LA,630,mimfIs=14
LA631,LA,631,memfIs=14
LA632,LA,632,mempfIs=14
LA633,LA,633,mimfIs=14
LA634,LA,634,-
LA635,LA,635,mempfIs=14
LA636,LA,636,mimfIs=14
LA637,LA,637,-
LA638,LA,638,mimfIs=14
LA639,LA,639,-
LA640,LA,640,-
LA641,LA,641,memfIs=14
LA642,LA,642,mempfIs=14
LA643,LA,643,mimfIs=14
LA644,LA,644,-
LA645,LA,645,mempfIs=14
LA646,LA,646,mimpfIs=14
LA647,LA,647,-
LA648,LA,648,-
LA649,LA,649,memfIs=14
LA650,LA,650,-
LA651,LA,651,-
LA652,LA,652,mempfIs=14
LA653,LA,653,memfIs=14
LA654,LA,654,mimfIs=14
LA655,LA,655,mimfIs=14
LA656,LA,656,memfIs=14
LA657,LA,657,mimfIs=14
LA657X,LA,657X,memfIs=14
LA657Y,LA,657Y,memfIs=14
LA657Z,LA,657Z,mempfIs=14
LA658,LA,658,memfIs=14
LA659,LA,659,mempfIs=14
LA660,LA,660,mimfIs=14
LA661,LA,661,memfIs=14
LA662,LA,662,mempfIs=14
LA663,LA,663,-
LA664,LA,664,-
LA665,LA,665,-
LA666,LA,666,mimfAs=14
LA667,LA,667,mempfIs=14
LA668,LA,668,memfIs=14
LA669,LA,669,memfIs=14
LA670,LA,670,-
LA671,LA,671,mimfIs=14
LA672,LA,672,memfIs=14
LA673,LA,673,memfIs=14
LA673,LA,673,mimfIs=14
AR674,AR,674,-
AR675,AR,675,memfIs=14
AR676,AR,676,memfAs=14
AR677,AR,677,mimfIs=14
AR678,AR,678,mempfIs=14
AR679,AR,679,mimfIs=14
AR680,AR,680,mimpfAs=14
AR681,AR,681,mimfAs=14
AR682,AR,682,mimfIs=14
AR683,AR,683,memfIs=14
AR684,AR,684,mempfIs=14
AR685,AR,685,mimfIs=14
AR686,AR,686,mempfIs=14
AR687,AR,687,memfIs=14
AR688,AR,688,mempfIs=14
AR689,AR,689,memfIs=14
AR690,AR,690,memfAs=14
AR690,AR,690,memfIs=14
AR691,AR,691,me[m]fIs=14
AR692,AR,692,mimfIs=14
AR693,AR,693,memfIs=14
AR694,AR,694,mempfIs=14
AR695,AR,695,memfIs=14
AR696,AR,696,mempfIs=14
AR697,AR,697,memfIs=14
AR698,AR,698,-
AR699,AR,699,memfIs=14
AR700,AR,700,-
AR701,AR,701,mi[m]fIs=14
AR702,AR,702,-
AR703,AR,703,memfAs=14
AR704,AR,704,me[m]fIs=14
AR705,AR,705,mimfIs=14
AR706,AR,706,mempfIs=14
AR707,AR,707,memfIs=14
AR708,AR,708,mimfAs=14
AR709,AR,709,mimfIs=14
AR710,AR,710,-
AR711,AR,711,mimfIs=14
AR712,AR,712,mimfIs=14
AR713,AR,713,-
AR714,AR,714,-
AR715,AR,715,-
AR716,AR,716,-
AR717,AR,717,-
AR718,AR,718,-
AR719,AR,719,-
AR720,AR,720,memfIs=14
AR721,AR,721,memfAs=14
AR722,AR,722,-
AR723,AR,723,memfIs=14
AR724,AR,724,mempfIs=14
AR725,AR,725,mi[m]fAs=14
AR726,AR,726,-
AR727,AR,727,mimfIs=14
AR728,AR,728,-
AR729,AR,729,mempfIs=14
AR730,AR,730,mempfIs=14
AR731,AR,731,mimfIs=14
AR732,AR,732,mimfIs=14
AR733,AR,733,-
AR734,AR,734,-
AR735,AR,735,-
AR736,AR,736,memfIs=14
AR737,AR,737,memfIs=14
AR738,AR,738,mimfIs=14
AR739,AR,739,-
AR740,AR,740,mempfIs=14
AR741,AR,741,memfIs=14
AR742,AR,742,-
AR743,AR,743,memfIs=14
AR744,AR,744,-
AR745,AR,745,memfIs=14
AR746,AR,746,-
AR747,AR,747,mempfIs=14
AR748,AR,748,mempfIs=14
AR749,AR,749,mempfIs=14
AR750,AR,750,-
AR751,AR,751,memfIs=14
AR752,AR,752,mempfIs=14
AR753,AR,753,mimfIs=14
AR754,AR,754,mimfIs=14
AR755,AR,755,mimfIs=14
LA756,LA,756,mimfIs=14
LA757,LA,757,mempfIs=14
LA758,LA,758,mimfIs=14
LA759,LA,759,-
LA760,LA,760,mimfAs=14
LA761,LA,761,mempfIs=14
LA762,LA,762,memfIs=14
LA763,LA,763,mempfIs=14
LA764,LA,764,mempfAs=14
LA765,LA,765,memfIs=14
LA766,LA,766,mempfIs=14
LA767,LA,767,mimfIs=14
LA768,LA,768,mi[m]fIs=14
LA769,LA,769,memfIs=14
LA770,LA,770,mempfIs=14
LA771,LA,771,mimfI(s)=14
LA772,LA,772,mimfIs=14
LA773,LA,773,mempfIs=14
LA774,LA,774,-
LA775,LA,775,mempfAs=14
LA776,LA,776,memfIs=14
LA777,LA,777,mimfIs=14
LA778,LA,778,mimpfIs=14
LA779,LA,779,mempfIs=14
LA780,LA,780,mimfIs=14
LA781,LA,781,mempfIs=14
LA782,LA,782,memfIs=14
LA783,LA,783,memfIs=14
LA784,LA,784,-
LA785,LA,785,-
LA786,LA,786,mimpfIs=14
LA787,LA,787,mi[m]fIs=14
LA788,LA,788,-
LA789,LA,789,mempfIs=14
LA790,LA,790,mempfIs=14
LA791,LA,791,memfIs=14
LA792,LA,792,memfIs=14
LA793,LA,793,-
LA794,LA,794,-
LA795,LA,795,-
LA796,LA,796,mempfIs=14
LA797,LA,797,-
LA798,LA,798,memfAs=14
LA799,LA,799,-
LA800,LA,800,mimfIs=14
LA801,LA,801,mempfIs=14
LA802,LA,802,memfIs=14
LA803,LA,803,-
LA804,LA,804,-
LA805,LA,805,-
LA806,LA,806,memfIs=14
LA807,LA,807,-
LA808,LA,808,-
LA809,LA,809,-
LA810,LA,810,mempfIs=14
LA811,LA,811,mempfIs=14
LA812,LA,812,-
LA813,LA,813,mimfAs=14
LA814,LA,814,-
LA815,LA,815,mempfIs=14
LA816,LA,816,mimpfIs=14
LA817,LA,817,mempfIs=14
TX818,TX,818,-
TX819,TX,819,mempfIs=14
TX820,TX,820,mimfIs=14
TX821,TX,821,mimfI(s)=14
TX822,TX,822,mempfIs=14
TX823,TX,823,mempfAs=14
TX824,TX,824,memfIs=14
TX825,TX,825,memfIs=14
TX826,TX,826,memfIs=14
TX827,TX,827,memfIs=14
TX828,TX,828,-
TX829,TX,829,memfIs=14
TX829,TX,829,mempfIs=14
TX830,TX,830,minfAs=14
TX831,TX,831,memfIs=14
TX832,TX,832,mempfIs=14
TX833,TX,833,mimpfIs=14
TX834,TX,834,mimfIs=14
TX835,TX,835,mimfIs=14
TX836,TX,836,mempfIs=14
TX837,TX,837,-
TX838,TX,838,-
TX839,TX,839,-
TX840,TX,840,-
TX841,TX,841,-
TX842,TX,842,mempfIs=14
TX843,TX,843,-
TX844,TX,844,mimfIs=14
TX845,TX,845,-
TX846,TX,846,mempfIs=14
TX847,TX,847,-
TX848,TX,848,-
TX849,TX,849,mempfIs=14
TX850,TX,850,-
TX851,TX,851,-
TX852,TX,852,-
TX853,TX,853,-
TX854,TX,854,-
TX855,TX,855,-
TX856,TX,856,-
TX857,TX,857,-
TX858,TX,858,-
TX859,TX,859,mimfIs=14
TX860,TX,860,mempfIs=14
TX861,TX,861,memfIs=14
TX862,TX,862,-
TX863,TX,863,memfIs=14
TX864,TX,864,-
TX865,TX,865,menfIs=14
TX866,TX,866,memfIs=14
TX867,TX,867,memfIs=14
TX868,TX,868,mempfIs=14
TX869,TX,869,mempfIs=14
TX870,TX,870,mimfIs=14
TX871,TX,871,memfIs=14
TX872,TX,872,-
TX873,TX,873,mimfIs=14
TX874,TX,874,mempfIs=14
TX875,TX,875,mimfIs=14
TX876,TX,876,mimfIs=14
TX877,TX,877,mempfIs=14
TX878,TX,878,memfIs=14
TX879,TX,879,-
TX880,TX,880,-
TX881,TX,881,-
TX882,TX,882,memfIs=14
TX883,TX,883,mempfIs=14
TX884,TX,884,-
TX885,TX,885,-
TX886,TX,886,-
TX887,TX,887,mimfIs=14
TX888,TX,888,-
TX889,TX,889,-
TX890,TX,890,mimfIs=14
TX891,TX,891,memfAs=14
TX892,TX,892,-
TX893,TX,893,memfIs=14
TX894,TX,894,mempfIs=14
TX895,TX,895,mimfIs=14
TX896,TX,896,-
TX897,TX,897,-
TX898,TX,898,-
TX899,TX,899,me[m]fIs=14
TX900,TX,900,memfIs=14
TX901,TX,901,mempfIs=14
TX902,TX,902,memfIs=14
TX903,TX,903,-
TX904,TX,904,mempfIs=14
TX905,TX,905,mimfIs=14
TX906,TX,906,memfIs=14
TX907,TX,907,mempfIs=14
TX908,TX,908,-
TX909,TX,909,-
TX910,TX,910,mempfIs=14
TX911,TX,911,mempfIs=14
