Informant,State,Informant number,Response
TN001,TN,001,-
TN002,TN,002,saintlueIs=214
TN003,TN,003,saintlueIs=314
TN004,TN,004,-
TN005,TN,005,saintlueIs=134
TN006,TN,006,saintlueIs=124
TN007,TN,007,saintlooIs=214
TN008,TN,008,-
TN009,TN,009,saintlueIs=134
TN010,TN,010,saintlueIs=214
TN011,TN,011,saintlueIs=134
TN012,TN,012,-
TN013,TN,013,sentlueIs=314
TN014,TN,014,saintlueIs=314
TN015,TN,015,saintlueIs=214
TN016,TN,016,saintlueIs=314
TN017,TN,017,saintlueIs=214
TN018,TN,018,-
TN019,TN,019,saintlooIs=214
TN020,TN,020,saintlueIs=314
TN021,TN,021,-
TN022,TN,022,saintlueIs=314
TN023,TN,023,-
TN024,TN,024,saintluewIs=214
TN025,TN,025,-
TN026,TN,026,saintlooIs=134
TN027,TN,027,saintlueIs=214
TN028,TN,028,saintlueIs=134
TN029,TN,029,sentlueIs=314
TN030,TN,030,saintlueIs=314
TN031,TN,031,saintlueIs=214
TN032,TN,032,saintlueIs=214
TN033,TN,033,sentlueIs=214
TN034,TN,034,saintlueIs=314
TN035,TN,035,saintlueIs=314
TN036,TN,036,-
TN037,TN,037,saintlueIs=114
TN038,TN,038,saintlueAs=214
TN039,TN,039,saintlueIs=314
TN040,TN,040,sentlueIs=314
TN041,TN,041,saintlueIs=134
TN042,TN,042,-
TN043,TN,043,saintlueIs=134
TN044,TN,044,-
TN045,TN,045,sentlooIs=134
TN046,TN,046,saintlueIs=134
TN047,TN,047,santlueIs=314
TN048,TN,048,-
TN049,TN,049,saintlueIs=114
TN050,TN,050,saintlueIs=314
TN051,TN,051,saintlueIs=314
TN052,TN,052,saintlueIs=134
TN053,TN,053,saintlueIs=134
TN054,TN,054,-
TN055,TN,055,saintlueIs=214
TN056,TN,056,-
TN057,TN,057,saintlueIs=134
TN058,TN,058,saintlueIs=114
TN059,TN,059,-
TN060,TN,060,saintlueIs=214
GA061,GA,061,-
GA062,GA,062,saintlueIs=134
GA063,GA,063,-
GA064,GA,064,sentlueIs=114
GA065,GA,065,saintlueIs=314
GA066,GA,066,-
GA067,GA,067,saintlueIs=314
GA068,GA,068,-
GA069,GA,069,saintlueIs=214
GA070,GA,070,saintlueIs=214
GA071,GA,071,-
GA072,GA,072,saintlueIs=314
GA073,GA,073,santlueIs=214
GA074,GA,074,-
GA075,GA,075,saintlueIs=314
GA076,GA,076,saintlueIs=314
GA077,GA,077,-
GA078,GA,078,saintlooIs=214
GA079,GA,079,saintlueIs=214
GA080,GA,080,-
GA081,GA,081,saintlueIs=314
GA082,GA,082,-
GA083,GA,083,-
GA084,GA,084,-
GA085,GA,085,saintlueIs=314
GA086,GA,086,-
GA087,GA,087,saintlueIs=214
GA088,GA,088,-
GA089,GA,089,-
GA090,GA,090,saintlueIs=314
GA091,GA,091,-
GA092,GA,092,-
GA093,GA,093,-
GA094,GA,094,-
GA095,GA,095,saintlueIs=314
GA096,GA,096,saintlueIs=134
GA097,GA,097,santlueIs=314
GA098,GA,098,saindlueIs=124
GA099,GA,099,saintlueIs=314
GA100,GA,100,saintlueIs=214
GA101,GA,101,saintlueIs=314
GA102,GA,102,saintlueIs=314
GA103,GA,103,saintlueIs=214
GA104,GA,104,saintlueIs=114
GA105,GA,105,saintlueIs=114
GA106,GA,106,saintlueI=314
GA107,GA,107,saintlueIs=314
GA108,GA,108,saintluewI=114
GA109,GA,109,saintlueIs=214
GA110,GA,110,-
GA111,GA,111,saintlueIs=214
GA112,GA,112,saintlueIs=114
GA113,GA,113,-
GA114,GA,114,-
GA115,GA,115,-
GA116,GA,116,-
GA117,GA,117,saintlueIs=114
GA118,GA,118,saintlueIs=314
GA119,GA,119,saintlueIs=314
GA120,GA,120,saintlueIs=214
GA121,GA,121,saintlueIs=314
GA122,GA,122,sintlueIs=314
GA123,GA,123,saintlueIs=314
GA124,GA,124,saintlueIs=314
GA125,GA,125,saintlueIs=314
GA126,GA,126,saintlueIs=314
GA127,GA,127,-
GA128,GA,128,-
GA129,GA,129,-
GA130,GA,130,-
GA131,GA,131,-
GA132,GA,132,saintlueIs=114
GA133,GA,133,-
GA134,GA,134,-
GA135,GA,135,-
GA136,GA,136,saintlueIs=314
GA137,GA,137,saintlueIs=214
GA138,GA,138,-
GA139,GA,139,saintlueAs=214
GA140,GA,140,-
GA141,GA,141,saintlueIs=314
GA142,GA,142,saintlueIs=314
GA143,GA,143,saintlueIs=314
GA144,GA,144,saintlueIs=214
GA145,GA,145,-
GA146,GA,146,-
GA147,GA,147,-
GA148,GA,148,saintlueIs=314
GA149,GA,149,-
GA150,GA,150,saintlueIs=314
GA151,GA,151,-
GA152,GA,152,saintlueI=314
GA153,GA,153,-
GA154,GA,154,saintlueIs=314
GA155,GA,155,saintlueIs=314
GA156,GA,156,-
GA157,GA,157,-
GA158,GA,158,-
GA159,GA,159,saintlueIs=314
GA160,GA,160,-
GA161,GA,161,saintlueIs=314
GA162,GA,162,sN(t)lueIs=414
GA162,GA,162,sN(t)lueI=414
GA163,GA,163,sNtlueee=413
GA164,GA,164,sentlueIs=314
GA165,GA,165,saintlueIs=314
GA166,GA,166,saintlueIs=314
GA167,GA,167,saintlueIs=114
GA168,GA,168,-
GA169,GA,169,-
GA170,GA,170,saintlueIs=214
GA171,GA,171,saintlueIs=314
GA172,GA,172,-
GA173,GA,173,-
GA174,GA,174,-
GA175,GA,175,-
GA176,GA,176,saintlooIs=314
GA177,GA,177,-
GA178,GA,178,-
GA179,GA,179,-
GA180,GA,180,sentlewIs=314
GA181,GA,181,-
GA182,GA,182,-
GA183,GA,183,saintlueIs=314
GA184,GA,184,-
GA185,GA,185,saintlueIs=114
GA186,GA,186,saintlueIs=114
GA187,GA,187,-
GA188,GA,188,saintlueIs=114
GA189,GA,189,saintlueIs=214
GA190,GA,190,saintlueIs=114
GA191,GA,191,saintlewIs=134
GA192,GA,192,saintlueIs=314
GA193,GA,193,-
GA194,GA,194,-
GA195,GA,195,-
GA196,GA,196,-
GA197,GA,197,-
GA198,GA,198,-
GA199,GA,199,-
GA200,GA,200,-
GA201,GA,201,saintlueIs=314
GA202,GA,202,saintlueIs=114
GA203,GA,203,-
GA204,GA,204,-
GA205,GA,205,-
GA206,GA,206,saintlueIs=114
GA207,GA,207,saintlueIs=314
GA208,GA,208,saintlueI=314
GA209,GA,209,saintlueIs=214
GA210,GA,210,saintlueIs=314
GA211,GA,211,(saint)lueI=14
GA212,GA,212,saintlueIs=314
GA213,GA,213,-
GA214,GA,214,saintlueIs=114
GA215,GA,215,-
GA216,GA,216,-
GA217,GA,217,-
GA218,GA,218,-
GA219,GA,219,-
GA220,GA,220,sain(t)lueIs=314
GA221,GA,221,saintlueIs=114
GA222,GA,222,-
GA223,GA,223,-
GA224,GA,224,-
GA225,GA,225,-
FL226,FL,226,-
FL227,FL,227,-
FL228,FL,228,-
FL229,FL,229,saintlueIs=214
FL230,FL,230,saintlueIs=314
FL231,FL,231,saintlueIs=314
FL232,FL,232,-
FL233,FL,233,saintlueIs=314
FL234,FL,234,-
FL235,FL,235,sentlueIs=314
FL236,FL,236,sentlueIs=314
FL237,FL,237,saintlueIs=314
FL238,FL,238,saintlooIs=134
FL239,FL,239,saintlueIs=214
FL240,FL,240,saintlueIs=314
FL241,FL,241,-
FL242,FL,242,saintlooIs=314
FL243,FL,243,saintlooIs=314
FL244,FL,244,-
FL245,FL,245,saintlueIs=214
FL246,FL,246,saintlooIs=134
FL247,FL,247,saintlueIs=314
FL248,FL,248,santlueAs=214
FL249,FL,249,-
FL250,FL,250,-
FL251,FL,251,-
FL252,FL,252,-
FL253,FL,253,saintlueIs=314
FL254,FL,254,saintlueIs=214
FL255,FL,255,saintlueIs=314
FL256,FL,256,-
FL257,FL,257,saintlueI=214
FL258,FL,258,-
FL259,FL,259,saintlueIs=314
FL260,FL,260,-
FL261,FL,261,sentlueIs=314
FL262,FL,262,-
FL263,FL,263,-
FL264,FL,264,saintlueIs=314
FL265,FL,265,-
FL266,FL,266,saintlueIs=214
FL267,FL,267,-
FL268,FL,268,-
FL269,FL,269,saintlueIs=314
FL270,FL,270,saintlueIs=314
FL271,FL,271,saintlueIs=114
FL272,FL,272,saintlueIs=314
FL273,FL,273,sentlueIs=314
FL274,FL,274,saintlueIs=314
FL275,FL,275,-
FL276,FL,276,-
FL277,FL,277,-
FL278,FL,278,saintlueIs=314
FL279,FL,279,saintlueIs=214
FL280,FL,280,sintlueIs=314
FL281,FL,281,sentlueIs=314
FL282,FL,282,saintlueIs=314
FL283,FL,283,saintlueIs=314
FL284,FL,284,saintlueIs=214
FL285,FL,285,-
FL286,FL,286,saintlueIs=314
FL287,FL,287,-
FL288,FL,288,-
FL289,FL,289,saintlueIs=214
TN290,TN,290,-
TN291,TN,291,saintlueIs=214
TN292,TN,292,saintlueIs=314
TN293,TN,293,saintlueIs=214
TN294,TN,294,saintlueIs=214
TN295,TN,295,-
TN296,TN,296,saintlueIs=134
TN297,TN,297,saintlueIs=214
TN298,TN,298,-
TN299,TN,299,saintlueIs=314
TN300,TN,300,saintlueIs=134
TN301,TN,301,sentlueIs=314
TN302,TN,302,saintlueIs=114
TN303,TN,303,-
TN304,TN,304,saintlueIs=314
TN305,TN,305,-
TN306,TN,306,-
TN307,TN,307,saintlueIs=314
TN308,TN,308,saintlueIs=114
TN309,TN,309,saintlueIs=124
TN310,TN,310,saintlueIs=114
TN311,TN,311,saintlueIs=314
TN312,TN,312,saintlueIs=314
TN313,TN,313,saintlueIs=314
TN314,TN,314,saintlooIs=214
TN315,TN,315,saintlueIs=124
TN316,TN,316,saintlueIs=314
TN317,TN,317,saintlueAs=124
TN318,TN,318,saintlueIs=114
TN319,TN,319,-
TN320,TN,320,saintlueIs=114
TN321,TN,321,saintlueIs=314
TN322,TN,322,saintlueIs=214
TN323,TN,323,saintlueIs=314
TN324,TN,324,saintlueIs=314
TN325,TN,325,saintlueIs=314
TN326,TN,326,saintlueIs=314
TN327,TN,327,saintlueIs=314
TN328,TN,328,saintlooI=214
TN329,TN,329,saintlueIs=214
TN330,TN,330,saintlueIs=114
TN331,TN,331,saintlueIs=314
TN332,TN,332,sNtlueAs=414
TN333,TN,333,saintlueIs=214
TN334,TN,334,santlueIs=314
TN334,TN,334,santlooI=314
TN335,TN,335,saintlueIs=314
TN336,TN,336,saintlueIs=314
AL337,AL,337,-
AL338,AL,338,saintlueIs=214
AL339,AL,339,-
AL340,AL,340,-
AL341,AL,341,saintlueIs=314
AL342,AL,342,-
AL343,AL,343,saintlueIs=314
AL344,AL,344,saintlueIs=314
AL345,AL,345,saintlueIs=314
AL346,AL,346,-
AL347,AL,347,-
AL348,AL,348,-
AL349,AL,349,-
AL350,AL,350,saintlueAs=214
AL351,AL,351,saintlueIs=314
AL352,AL,352,saintlueIs=214
AL353,AL,353,-
AL354,AL,354,saintlueIs=114
AL355,AL,355,-
AL356,AL,356,saintlooIs=314
AL357,AL,357,saintlueIs=214
AL358,AL,358,sai[n](t)lueIs=314
AL359,AL,359,saintlueIs=214
AL360,AL,360,saintlueIs=314
AL361,AL,361,saintlueIs=314
AL362,AL,362,-
AL363,AL,363,saintlueIs=214
AL364,AL,364,saintlueIs=214
AL365,AL,365,-
AL366,AL,366,saintlueIs=314
AL367,AL,367,-
AL368,AL,368,saintlueIs=314
AL369,AL,369,saintlueIs=314
AL370,AL,370,saintlooIs=314
AL371,AL,371,saintlueIs=114
AL372,AL,372,saintlueIs=314
AL373,AL,373,saintlueIs=214
AL374,AL,374,saintlueIs=134
AL375,AL,375,saintlueIs=314
AL376,AL,376,-
AL377,AL,377,-
AL378,AL,378,-
AL379,AL,379,-
AL380,AL,380,saintlueIs=314
AL381,AL,381,saintlueIs=214
AL382,AL,382,saintlueIs=314
AL383,AL,383,saintlueIs=114
AL384,AL,384,saintlueIs=314
AL385,AL,385,saintlueIs=314
AL386,AL,386,saintlueI=314
AL387,AL,387,saintlueIs=114
AL388,AL,388,-
AL389,AL,389,-
AL390,AL,390,sain(t)lueI=214
AL391,AL,391,saintlueIs=314
AL392,AL,392,-
AL393,AL,393,saintlueIs=314
AL394,AL,394,saintluewIs=124
AL395,AL,395,sentlueIs=314
AL396,AL,396,-
AL397,AL,397,-
AL398,AL,398,sai[n]tlueIs=134
AL399,AL,399,saintlueIs=314
AL400,AL,400,-
AL401,AL,401,-
AL402,AL,402,-
AL403,AL,403,sain(t)lueIs=314
AL404,AL,404,saintlueIs=314
AL405,AL,405,sunglueIs=314
AL406,AL,406,-
AL407,AL,407,-
AL408,AL,408,saintlueIs=314
AL409,AL,409,saintlueIs=314
AL410,AL,410,saintlueIs=214
AL411,AL,411,saintlueAs=214
AL412,AL,412,-
AL413,AL,413,-
AL414,AL,414,saintlueIs=214
AL415,AL,415,saintlueIs=314
AL416,AL,416,saintlueIs=314
AL417,AL,417,-
AL418,AL,418,saintlueIs=314
AL419,AL,419,saintlueIs=114
AL420,AL,420,-
AL421,AL,421,saintlueAs=214
AL422,AL,422,saintlooIs=314
AL423,AL,423,saintlueIs=314
AL424,AL,424,-
AL425,AL,425,-
AL426,AL,426,-
AL427,AL,427,saintlooIs=314
AL428,AL,428,santlueIs=214
AL429,AL,429,-
AL430,AL,430,-
AL431,AL,431,saintlueIs=314
AL432,AL,432,saintlueIs=314
AL433,AL,433,saintlueIs=134
AL434,AL,434,-
AL435,AL,435,saintlueIs=314
AL436,AL,436,saintlueIs=214
AL437,AL,437,saintlueIs=114
AL438,AL,438,-
AL439,AL,439,saintlueIs=214
AL440,AL,440,saintlueIs=214
AL441,AL,441,-
AL442,AL,442,-
AL443,AL,443,saintlueIs=134
AL444,AL,444,saintlueIs=214
AL445,AL,445,saintlueIs=214
AL446,AL,446,saintlueIs=114
AL447,AL,447,saintlueI=114
AL448,AL,448,saintlueIs=314
AL449,AL,449,-
AL450,AL,450,-
AL451,AL,451,saintlueIs=314
FL452,FL,452,saintlueIs=314
FL453,FL,453,-
FL454,FL,454,saintlueIs=214
FL455,FL,455,saintlueIs=314
FL456,FL,456,saintlueIs=314
FL457,FL,457,saintlueIs=214
FL458,FL,458,saintlueIs=314
FL459,FL,459,-
FL460,FL,460,-
FL461,FL,461,saintlooIs=314
FL462,FL,462,saintlewIs=124
FL463,FL,463,-
FL464,FL,464,-
FL465,FL,465,-
FL466,FL,466,saintlueIs=214
FL467,FL,467,-
FL468,FL,468,-
FL469,FL,469,saintlueIs=314
FL470,FL,470,saintlueIs=314
FL471,FL,471,saintluewIs=314
AL472,AL,472,saintlueIs=314
AL473,AL,473,-
AL474,AL,474,saintlueIs=314
AL475,AL,475,saintlueIs=114
AL476,AL,476,saintlooIs=314
AL477,AL,477,saintlueIs=314
AL478,AL,478,-
AL479,AL,479,saintlueIs=314
AL480,AL,480,saintlueIs=314
AL481,AL,481,saintlueIs=314
AL482,AL,482,saintlueIs=114
AL483,AL,483,saintlueIs=314
AL484,AL,484,saintlueIs=314
AL485,AL,485,saintlueIs=314
TN486,TN,486,-
TN487,TN,487,saintlueIs=214
TN488,TN,488,saintlueIs=314
TN489,TN,489,saintlueI=314
TN490,TN,490,saintlueIs=314
TN491,TN,491,-
TN492,TN,492,-
TN493,TN,493,saintlueIs=314
TN494,TN,494,saintlueIs=314
TN495,TN,495,saintlueIs=314
TN496,TN,496,-
TN497,TN,497,-
TN498,TN,498,saintlueIs=314
TN499,TN,499,-
TN500,TN,500,-
TN501,TN,501,-
TN502,TN,502,saintlueIs=134
TN503,TN,503,-
TN504,TN,504,saintlueIs=314
TN505,TN,505,sin(t)lueIs=314
TN506,TN,506,-
TN507,TN,507,saintlueIs=314
TN508,TN,508,saintlueIs=214
TN509,TN,509,-
TN510,TN,510,-
TN511,TN,511,saintlueIs=314
TN512,TN,512,-
TN513,TN,513,saintlueIs=314
TN514,TN,514,saintlueIs=134
TN515,TN,515,-
TN516,TN,516,saintlueIs=314
TN517,TN,517,saintlueIs=314
TN518,TN,518,saintlueIs=314
TN519,TN,519,saintlueIs=124
MS520,MS,520,-
MS521,MS,521,saintlueIs=314
MS522,MS,522,saintlueIs=314
MS523,MS,523,-
MS524,MS,524,saintlueIs=314
MS525,MS,525,-
MS526,MS,526,saintlueIs=314
MS527,MS,527,saintlueIs=314
MS528,MS,528,saintlueIs=134
MS528,MS,528,sentlueIs=314
MS529,MS,529,-
MS530,MS,530,saintlueIs=314
MS531,MS,531,saintlueIs=134
MS532,MS,532,sai[n]tlueIs=214
MS533,MS,533,saintlueIs=214
MS534,MS,534,saintlueIs=214
MS535,MS,535,saintlueIs=314
MS536,MS,536,-
MS537,MS,537,-
MS538,MS,538,saintlueIs=214
MS539,MS,539,saintlueIs=114
MS540,MS,540,-
MS541,MS,541,saintlueIs=314
MS542,MS,542,-
MS543,MS,543,-
MS544,MS,544,-
MS545,MS,545,-
MS546,MS,546,-
MS547,MS,547,saintlueIs=314
MS548,MS,548,-
MS549,MS,549,-
MS550,MS,550,-
MS551,MS,551,saintlueIs=314
MS552,MS,552,-
MS553,MS,553,saintlueIs=134
MS554,MS,554,-
MS555,MS,555,-
MS556,MS,556,saintlueIs=314
MS557,MS,557,saintlueIs=314
MS558,MS,558,saintlueIs=314
MS559,MS,559,-
MS560,MS,560,saintlueIs=314
MS561,MS,561,-
MS562,MS,562,saintlueIs=114
MS563,MS,563,saintlueIs=114
MS564,MS,564,saintlueIs=114
MS565,MS,565,saintlueIs=314
MS566,MS,566,-
MS567,MS,567,-
MS568,MS,568,saintlueIs=314
MS569,MS,569,-
MS570,MS,570,saintlueIs=134
MS571,MS,571,saintlueAs=214
MS572,MS,572,-
MS573,MS,573,sain(t)lueI=134
MS574,MS,574,saintlueIs=214
MS575,MS,575,saintlueIs=114
MS576,MS,576,saintlueIs=314
MS577,MS,577,saintlueIs=314
MS578,MS,578,saintlueIs=314
MS579,MS,579,saintlueIs=314
MS580,MS,580,-
MS581,MS,581,-
MS582,MS,582,saintlueIs=114
MS583,MS,583,-
MS584,MS,584,-
MS585,MS,585,saintlueIs=214
MS586,MS,586,-
MS587,MS,587,saintlueIs=314
MS588,MS,588,saintlueIs=214
MS589,MS,589,sain(t)lueIs=214
MS590,MS,590,sain(t)looIs=314
MS591,MS,591,saintlueIs=214
MS592,MS,592,saintlueIs=214
MS593,MS,593,-
MS594,MS,594,saintlueIs=134
MS595,MS,595,saintlueee=123
MS595,MS,595,saintlueIs=134
MS596,MS,596,sintloowIs=214
MS597,MS,597,-
MS598,MS,598,saintlueIs=214
MS599,MS,599,saintlueIs=314
MS600,MS,600,-
MS601,MS,601,saintlueIs=314
MS602,MS,602,saintlueIs=314
MS603,MS,603,-
MS604,MS,604,-
MS605,MS,605,saintlueIs=214
MS606,MS,606,sain(t)lueIs=214
MS607,MS,607,-
MS608,MS,608,saintlueIs=214
MS609,MS,609,-
MS610,MS,610,sin(t)lueIs=314
MS611,MS,611,-
MS612,MS,612,-
MS613,MS,613,saintlueIs=114
MS614,MS,614,-
MS615,MS,615,saintlueI=314
MS616,MS,616,saintlueIs=314
MS617,MS,617,saintlueIs=314
MS618,MS,618,saintlueIs=214
MS618,MS,618,saintlueIs=124
MS619,MS,619,sain(t)looIs=314
MS620,MS,620,-
MS621,MS,621,saintlueIs=114
MS622,MS,622,saintlueIs=214
MS623,MS,623,saintlueIs=214
MS624,MS,624,saintlueIs=214
MS625,MS,625,saintlueIs=214
MS626,MS,626,saintlueIs=314
MS627,MS,627,-
MS628,MS,628,saintlueIs=314
MS629,MS,629,saintlueIs=314
LA630,LA,630,saintlueIs=314
LA631,LA,631,saintlueIs=314
LA632,LA,632,saintlueIs=314
LA633,LA,633,saintlueIs=314
LA634,LA,634,-
LA635,LA,635,saintlueIs=314
LA636,LA,636,-
LA637,LA,637,-
LA638,LA,638,sain(t)lueIs=314
LA639,LA,639,-
LA640,LA,640,-
LA641,LA,641,sentlueIs=134
LA642,LA,642,-
LA643,LA,643,sentlueIs=314
LA644,LA,644,-
LA645,LA,645,saintlueIs=214
LA646,LA,646,saintlueIs=314
LA647,LA,647,-
LA648,LA,648,saintluewAs=314
LA649,LA,649,saintlueIs=314
LA650,LA,650,sain(t)looIs=314
LA651,LA,651,saintlueIs=314
LA652,LA,652,saintlueIs=314
LA653,LA,653,saintlueIs=314
LA654,LA,654,saintlueIs=314
LA655,LA,655,saintlueIs=314
LA656,LA,656,saintlueIs=214
LA657,LA,657,saintlueIs=314
LA657X,LA,657X,saintlueI=214
LA657Y,LA,657Y,saintlueIs=314
LA657Z,LA,657Z,saintlueee=213
LA658,LA,658,saintlueIs=134
LA659,LA,659,san(t)lueIs=114
LA660,LA,660,-
LA661,LA,661,sendlueIs=314
LA662,LA,662,saintlooIs=314
LA663,LA,663,-
LA664,LA,664,-
LA665,LA,665,-
LA666,LA,666,santlueI=214
LA667,LA,667,sentlueIs=314
LA668,LA,668,saintlueIs=134
LA669,LA,669,saintlueIs=314
LA670,LA,670,-
LA671,LA,671,saintlueIs=314
LA672,LA,672,saintlueI=314
LA673,LA,673,sain(t)lueI=314
AR674,AR,674,saintlooIs=314
AR675,AR,675,saintlueIs=314
AR676,AR,676,saintlueIs=314
AR676,AR,676,sen(t)lue(I)s=31
AR676,AR,676,sain(t)lueI=214
AR677,AR,677,saintlueIs=314
AR678,AR,678,saintlueIs=134
AR679,AR,679,saintlueIs=314
AR680,AR,680,saintlueIs=114
AR681,AR,681,saintlueAs=214
AR682,AR,682,saintlueIs=314
AR683,AR,683,-
AR684,AR,684,saintlueIs=114
AR685,AR,685,saintlueIs=134
AR686,AR,686,saintlueIs=314
AR687,AR,687,saintlueIs=314
AR688,AR,688,saintlueIs=214
AR689,AR,689,saintlueIs=314
AR690,AR,690,-
AR691,AR,691,saintlueIs=134
AR692,AR,692,saintlueIs=314
AR693,AR,693,saintlueIs=314
AR694,AR,694,saintlueIs=114
AR695,AR,695,saintlueIs=314
AR696,AR,696,saintlueIs=114
AR697,AR,697,-
AR698,AR,698,-
AR699,AR,699,saintlueIs=114
AR700,AR,700,saintlueIs=314
AR701,AR,701,saintlueIs=314
AR702,AR,702,-
AR703,AR,703,-
AR704,AR,704,saintlueIs=214
AR705,AR,705,saintlueIs=214
AR706,AR,706,-
AR707,AR,707,saintlueIs=114
AR708,AR,708,saintlueAs=214
AR709,AR,709,(saint)lueIs=14
AR710,AR,710,-
AR711,AR,711,-
AR712,AR,712,saintlueIs=314
AR713,AR,713,-
AR714,AR,714,saintlueIs=314
AR715,AR,715,-
AR716,AR,716,-
AR717,AR,717,-
AR718,AR,718,-
AR719,AR,719,-
AR720,AR,720,-
AR721,AR,721,saintlueIs=214
AR722,AR,722,-
AR723,AR,723,saintlueIs=314
AR724,AR,724,sentlueIs=314
AR725,AR,725,-
AR726,AR,726,saintlueIs=124
AR727,AR,727,santlueIs=214
AR728,AR,728,saintlueIs=314
AR729,AR,729,-
AR730,AR,730,saintlueIs=314
AR731,AR,731,saintlueIs=314
AR732,AR,732,saintlueIs=214
AR733,AR,733,-
AR734,AR,734,-
AR735,AR,735,saintlueAs=214
AR736,AR,736,-
AR737,AR,737,-
AR738,AR,738,saintlueIs=314
AR739,AR,739,-
AR740,AR,740,saintlueIs=114
AR741,AR,741,saintlueIs=314
AR742,AR,742,-
AR743,AR,743,-
AR744,AR,744,-
AR745,AR,745,-
AR746,AR,746,-
AR747,AR,747,saintlueIs=314
AR748,AR,748,saintlueIs=314
AR749,AR,749,saintlueIs=314
AR750,AR,750,-
AR751,AR,751,saintlueIs=314
AR751,AR,751,saintlueI=314
AR752,AR,752,saintlueIs=314
AR753,AR,753,sain(t)luewIs=314
AR754,AR,754,sain(t)lueIs=214
AR755,AR,755,saintlueIs=134
LA756,LA,756,saintlueIs=314
LA757,LA,757,saintlueIs=114
LA758,LA,758,saintlueIs=314
LA759,LA,759,-
LA760,LA,760,-
LA761,LA,761,sentlueIs=314
LA762,LA,762,saintlueIs=314
LA763,LA,763,-
LA764,LA,764,saintlueIs=134
LA765,LA,765,saintlooAs=314
LA766,LA,766,sain(t)lueI=314
LA767,LA,767,saintlueIs=314
LA768,LA,768,sain(t)lueI=314
LA769,LA,769,saintlueIs=134
LA770,LA,770,saintlooIs=134
LA771,LA,771,saintlueIs=314
LA772,LA,772,saintlueIs=214
LA773,LA,773,saintlooIs=114
LA774,LA,774,-
LA775,LA,775,saintluewAs=314
LA776,LA,776,saintlueIs=314
LA777,LA,777,saintlueIs=214
LA778,LA,778,saintlueIs=314
LA779,LA,779,saintlueIs=314
LA780,LA,780,santlueIs=314
LA781,LA,781,saintlewIs=314
LA782,LA,782,saintlueIs=214
LA783,LA,783,saintlueIs=214
LA784,LA,784,-
LA785,LA,785,saintlueIs=214
LA786,LA,786,saintlueIs=314
LA787,LA,787,saintlueIs=314
LA788,LA,788,saintlueIs=214
LA789,LA,789,saintlueIs=314
LA790,LA,790,saintlueIs=114
LA791,LA,791,saintlueIs=114
LA792,LA,792,saintlueIs=314
LA793,LA,793,-
LA794,LA,794,-
LA795,LA,795,-
LA796,LA,796,saintlueIs=314
LA797,LA,797,-
LA798,LA,798,saintlueIs=314
LA799,LA,799,saintlueIs=134
LA800,LA,800,saintlueIs=314
LA801,LA,801,saintlueIs=134
LA802,LA,802,saintlueIs=314
LA803,LA,803,-
LA804,LA,804,-
LA805,LA,805,-
LA806,LA,806,saintlueIs=314
LA807,LA,807,-
LA808,LA,808,saintlueIs=314
LA809,LA,809,saintlueIs=314
LA810,LA,810,saintlueI=114
LA811,LA,811,santlueIs=314
LA812,LA,812,-
LA813,LA,813,-
LA814,LA,814,saintlueAs=214
LA815,LA,815,-
LA816,LA,816,saintlueIs=314
LA817,LA,817,santlueIs=314
TX818,TX,818,-
TX819,TX,819,saintlueIs=114
TX820,TX,820,saintlueIs=214
TX821,TX,821,saintlueI=134
TX822,TX,822,saintlueIs=214
TX823,TX,823,saintlueIs=314
TX824,TX,824,saintlueIs=214
TX825,TX,825,saintluewIs=214
TX826,TX,826,saintlueIs=314
TX827,TX,827,saintlueIs=114
TX828,TX,828,sNtlueIs=414
TX829,TX,829,saintlueIs=314
TX830,TX,830,saintlueIs=124
TX831,TX,831,saintlueIs=314
TX832,TX,832,-
TX833,TX,833,saintlueIs=314
TX834,TX,834,santluewIs=314
TX835,TX,835,saintlueIs=214
TX836,TX,836,sentluewAs=314
TX837,TX,837,saintlueIs=314
TX838,TX,838,-
TX839,TX,839,-
TX840,TX,840,-
TX841,TX,841,-
TX842,TX,842,saintlueIs=314
TX843,TX,843,saintlueIs=134
TX844,TX,844,saintlueIs=314
TX845,TX,845,-
TX846,TX,846,saintluewIs=314
TX847,TX,847,-
TX848,TX,848,saintlueIs=214
TX849,TX,849,saintlueIs=314
TX850,TX,850,saintlueIs=134
TX851,TX,851,saintlueIs=214
TX852,TX,852,-
TX853,TX,853,-
TX854,TX,854,santlueIs=214
TX855,TX,855,-
TX856,TX,856,-
TX857,TX,857,-
TX858,TX,858,saintlueIs=114
TX859,TX,859,saintlueIs=314
TX860,TX,860,saintlueIs=314
TX861,TX,861,saintlueIs=114
TX862,TX,862,saintlueIs=314
TX863,TX,863,saintlueIs=314
TX864,TX,864,saintlueIs=314
TX865,TX,865,-
TX866,TX,866,santlueIs=114
TX867,TX,867,saintlueIs=314
TX868,TX,868,saintlueIs=314
TX869,TX,869,saintlueIs=114
TX870,TX,870,saintlueIs=314
TX871,TX,871,-
TX872,TX,872,-
TX873,TX,873,sNtlueIsh=414
TX874,TX,874,saintlewIs=114
TX875,TX,875,saintlueIs=214
TX876,TX,876,saintlooIs=214
TX877,TX,877,saintlueIs=114
TX878,TX,878,saintlueIs=314
TX879,TX,879,-
TX880,TX,880,-
TX881,TX,881,-
TX882,TX,882,saintlueIs=314
TX883,TX,883,sentlueIs=114
TX884,TX,884,-
TX885,TX,885,saintlueIs=314
TX886,TX,886,-
TX887,TX,887,saintlueIs=314
TX888,TX,888,-
TX889,TX,889,-
TX890,TX,890,saintlueIs=314
TX891,TX,891,saintlooIs=314
TX892,TX,892,-
TX893,TX,893,saintlueIs=314
TX894,TX,894,saintlooIs=314
TX895,TX,895,sentlueIs=314
TX896,TX,896,santluewIs=314
TX897,TX,897,-
TX898,TX,898,-
TX899,TX,899,sain(t)lueIs=214
TX900,TX,900,santlueIs=314
TX901,TX,901,saintlueIs=314
TX902,TX,902,saintlueIs=314
TX903,TX,903,-
TX904,TX,904,saintlueIs=314
TX905,TX,905,saintlooIs=314
TX906,TX,906,saintlueIs=114
TX907,TX,907,-
TX908,TX,908,saintluewIs=124
TX909,TX,909,-
TX910,TX,910,saintlueIs=314
TX911,TX,911,saintlueIs=134
