Informant,State,Informant number,Response
TN001,TN,001,-
TN002,TN,002,wawshNGtN=144
TN003,TN,003,wawshNGtNdeesee=14411
TN004,TN,004,-
TN005,TN,005,wawrshNGtNdeesee=14411
TN006,TN,006,wawshNGtNdeesee=14411
TN007,TN,007,woshNGtNdeesee=14411
TN008,TN,008,wawshNGtN=144
TN009,TN,009,wawshNGtNdeesee=14411
TN010,TN,010,woshNtNdeesee=14411
TN011,TN,011,wawshNGtN=144
TN012,TN,012,-
TN013,TN,013,woshNGtN=144
TN014,TN,014,wawshNGtN=144
TN015,TN,015,wawshNGtNdeesee=14411
TN016,TN,016,woshNGtNdeesee=14431
TN017,TN,017,woshNGtNdeesee=14411
TN018,TN,018,wawshNGtNdeesee=14411
TN019,TN,019,wawshNGtNdeesee=14431
TN020,TN,020,woshNGtN=144
TN021,TN,021,-
TN022,TN,022,woshNGtNdeesee=14431
TN023,TN,023,-
TN024,TN,024,woshNGtNdeesee=14411
TN025,TN,025,-
TN026,TN,026,woershNGtN=144
TN027,TN,027,woshNGtNdeesee=14411
TN028,TN,028,wawshingtNdeesee=13413
TN029,TN,029,wawshNGtNdeesee=14413
TN030,TN,030,woshNGtNdeesee=14411
TN030,TN,030,wawshNGtN=144
TN031,TN,031,wawshNGtN=144
TN032,TN,032,wawshNGtN=144
TN033,TN,033,wawshNGtNdeesee=14411
TN034,TN,034,wawshingtNdeesee=13411
TN035,TN,035,wawshNGtNdeesee=14411
TN036,TN,036,-
TN037,TN,037,wawshNGtNdeesee=14411
TN038,TN,038,-
TN039,TN,039,woorshNGtN=144
TN040,TN,040,woshNGtNdeesee=14432
TN041,TN,041,woshNGtNdeesee=14431
TN042,TN,042,-
TN043,TN,043,wawshNGtNdeesee=14411
TN044,TN,044,woshNGtNdeesee=14431
TN045,TN,045,wawshNGtNdeesee=14431
TN046,TN,046,wawshNGtNdeesee=14411
TN047,TN,047,woshN(tN)deesee=2431
TN048,TN,048,wawshNGtN=144
TN049,TN,049,woshNGtNdeesee=14411
TN050,TN,050,wawshingtNdeesee=13431
TN051,TN,051,woshNGtNdeesee=14431
TN052,TN,052,woshNtNdeesee=14411
TN053,TN,053,waw(sh)NtNdeesee=14411
TN054,TN,054,wawrsh[NG]tN=144
TN055,TN,055,wawshNGtN=144
TN056,TN,056,woshingtN=134
TN057,TN,057,woshNGtNdeesee=14431
TN058,TN,058,wawshNGtNdeesee=14411
TN059,TN,059,woshNtN=144
TN060,TN,060,woshingtNdeesee=13413
GA061,GA,061,woshNGtN=144
GA062,GA,062,woshNGtNdeesee=14413
GA063,GA,063,woshNGtN=144
GA064,GA,064,woshNGtN=144
GA065,GA,065,woshNGtNdeesee=14413
GA066,GA,066,-
GA067,GA,067,woshNGtNdeesee=14423
GA068,GA,068,woshNGtN=144
GA069,GA,069,wawrshNGtN=144
GA070,GA,070,worshNGtNdeesee=14411
GA071,GA,071,woshNGtNdeesee=14413
GA072,GA,072,woshNGtNdeesee=14411
GA073,GA,073,-
GA074,GA,074,wosh[NG]tN=144
GA075,GA,075,woshN(tN)deesee=1413
GA076,GA,076,woshNGtNdeesee=14431
GA077,GA,077,woshNtundeesee=14313
GA078,GA,078,woshNGtN=144
GA079,GA,079,woshNGtNdeesee=14411
GA080,GA,080,wawshingtN=134
GA080,GA,080,woshingtN=134
GA081,GA,081,woshNGtN=144
GA082,GA,082,woshNtun=143
GA083,GA,083,woshingtNdeesee=13433
GA084,GA,084,woshNGtNdeesee=14411
GA085,GA,085,washNGtNdeesee=24431
GA086,GA,086,woshNtNdeesee=14431
GA087,GA,087,wawshNGtNdeesee=14421
GA088,GA,088,woshNGtN=144
GA089,GA,089,-
GA090,GA,090,woshNtN=144
GA091,GA,091,woshNGtNdeesee=14432
GA092,GA,092,-
GA093,GA,093,wawshN(t)Ndeesee=14432
GA094,GA,094,woshNGtN=144
GA095,GA,095,woshNGtNdeesee=14413
GA096,GA,096,woshNtNdeesee=14432
GA097,GA,097,woshNGtN=144
GA098,GA,098,wawshN(t)Ndeesee=14431
GA099,GA,099,woshNGtNdeesee=14431
GA100,GA,100,wochNGtNdeesee=14431
GA101,GA,101,woshNGtNdeesee=14431
GA102,GA,102,woshNtN=144
GA103,GA,103,woshingtN=134
GA104,GA,104,woshNGtNdeesee=14411
GA105,GA,105,woshNGtN=144
GA106,GA,106,woshNGtNdeesee=14433
GA107,GA,107,woshNtundeesee=14321
GA108,GA,108,woshNtN=144
GA109,GA,109,woshNGtN=144
GA110,GA,110,woch[NG]tNdeesee=14432
GA111,GA,111,wosh[NG]tNdeesee=14411
GA112,GA,112,-
GA113,GA,113,-
GA114,GA,114,wosh[NG]tN=144
GA115,GA,115,woshNGtN=144
GA116,GA,116,-
GA117,GA,117,woshNGtNdeesee=14411
GA118,GA,118,woshNGtNdeesee=24431
GA119,GA,119,woshNtN=144
GA120,GA,120,woshNtNdeesee=14421
GA121,GA,121,woshNtNdeesee=14431
GA122,GA,122,woshNGtun=143
GA123,GA,123,woshNGtN=144
GA124,GA,124,woshNGtNdeesee=14432
GA125,GA,125,woshNGtNdeesee=14411
GA126,GA,126,wosh(NG)tN=14
GA127,GA,127,woshNGtN=144
GA128,GA,128,wosh(NGtN)
GA129,GA,129,woshingtN=134
GA130,GA,130,woshingtN=134
GA131,GA,131,woshNGtN=144
GA132,GA,132,wawshNGtN=144
GA133,GA,133,wawshNGtNdeesee=24431
GA134,GA,134,woshNGtN=144
GA135,GA,135,woshNtNdeesee=14432
GA136,GA,136,woshingtNdeesee=13431
GA137,GA,137,woshNGtNdeesee=14421
GA138,GA,138,wosh(NG)tNdeesee=1411
GA138,GA,138,woshNGtN=144
GA139,GA,139,woshNGtNdeesee=14431
GA140,GA,140,woshNGtNdeesee=14411
GA141,GA,141,woshNGtNdeesee=14421
GA142,GA,142,woshNtNdeesee=14432
GA143,GA,143,woshNGtNdeesee=14431
GA144,GA,144,woshNGtNdeesee=14431
GA145,GA,145,woshNtN=144
GA146,GA,146,woshNGtNdeesee=14433
GA147,GA,147,woshNGtN=144
GA148,GA,148,wawshNtNdeesee=14431
GA149,GA,149,woshNtN=144
GA150,GA,150,woshNGtNdeesee=14413
GA151,GA,151,woshNtN=144
GA152,GA,152,woshNGtNdeesee=14431
GA153,GA,153,woshNGtN=144
GA154,GA,154,woshNGtN=144
GA155,GA,155,wawshNGtN=144
GA156,GA,156,woshNGtN=144
GA157,GA,157,woshNGtN=144
GA157,GA,157,woshNtN=144
GA158,GA,158,woshNGtN=144
GA159,GA,159,woshNGtN=144
GA160,GA,160,woshNGtN=144
GA161,GA,161,woshNGtN=144
GA162,GA,162,woshNtNdeesee=14431
GA163,GA,163,woshNGtNdeesee=14413
GA164,GA,164,woshNGtNdeesee=14431
GA165,GA,165,woshNtundeesee=14332
GA166,GA,166,woshNtN=144
GA167,GA,167,woshNGtNdeesee=14411
GA168,GA,168,woshNtN=144
GA169,GA,169,-
GA170,GA,170,wosh[NG]tNdeesee=14413
GA171,GA,171,woshNGtN=144
GA172,GA,172,woshNG(tN)deesee=1431
GA172,GA,172,woshintN=134
GA173,GA,173,woshingtN=134
GA174,GA,174,woshNGtN=144
GA175,GA,175,-
GA176,GA,176,wawshNGtN=144
GA176,GA,176,wawshNtN=144
GA177,GA,177,woshNtN=144
GA178,GA,178,wawshNGtN=144
GA179,GA,179,woshNGtNdeesee=14411
GA179,GA,179,woshNGtN=144
GA180,GA,180,woshNGtN=144
GA181,GA,181,-
GA182,GA,182,woshNtN=144
GA183,GA,183,woshNtundeesee=14313
GA184,GA,184,woshNtN=144
GA185,GA,185,woshingtNdeesee=13411
GA186,GA,186,woshNGtNdeesee=14411
GA187,GA,187,woshNtN=144
GA188,GA,188,wosh[NG]tNdeesee=14411
GA188,GA,188,wosh[NG]tN=144
GA189,GA,189,woshNtN=144
GA190,GA,190,woshingtN=134
GA191,GA,191,wawshNtNdeesee=14413
GA192,GA,192,woshNtNdeesee=24431
GA193,GA,193,whoshNtNdeesee=24431
GA193,GA,193,whoshNGtN=144
GA194,GA,194,-
GA195,GA,195,woshNtN=144
GA196,GA,196,wawshNGtN=144
GA197,GA,197,wawshNGtN=144
GA198,GA,198,woshNGtNdeesee=14411
GA198,GA,198,woshNGtN=144
GA199,GA,199,woshN(t)Ndeesee=14421
GA200,GA,200,-
GA201,GA,201,woshNtNdeesee=24431
GA202,GA,202,-
GA203,GA,203,woshNGtN=144
GA204,GA,204,woshNGdN=144
GA205,GA,205,-
GA206,GA,206,woshNGtNdeesee=14411
GA207,GA,207,woshNtNdeesee=14432
GA208,GA,208,wawshNGtNdeesee=24431
GA209,GA,209,woshNGtN=144
GA210,GA,210,woshNtNdeesee=24431
GA211,GA,211,woshingtNdeesee=13431
GA212,GA,212,woshNtNdeesee=24431
GA213,GA,213,woshNGtN=144
GA214,GA,214,wawshNGtNdeesee=14411
GA215,GA,215,woshNG(tN)=14
GA216,GA,216,woshNGtN=144
GA217,GA,217,woshNGtNdeesee=14431
GA218,GA,218,wosh[NG]tN=144
GA219,GA,219,wosh(NG)tN=14
GA220,GA,220,woshNtN=144
GA221,GA,221,-
GA222,GA,222,woshNGtN=144
GA223,GA,223,woshNGtN=144
GA224,GA,224,woshin(t)Ndeesee=23413
GA225,GA,225,woshNtN=144
FL226,FL,226,-
FL227,FL,227,woshNtN=144
FL228,FL,228,woshNGtNdeesee=14431
FL229,FL,229,woshNGtN=144
FL230,FL,230,woshNtN=144
FL231,FL,231,wawshNGtNdeesee=24413
FL232,FL,232,woshNGtNdeesee=14411
FL233,FL,233,woshNtN=144
FL234,FL,234,woshNtN=144
FL235,FL,235,wawshNtNdeesee=14411
FL236,FL,236,woshindNdeesee=23431
FL237,FL,237,wosh[NG]tun=143
FL238,FL,238,wawshNGtN=144
FL239,FL,239,worshingtNdeesee=13431
FL239,FL,239,woshintN=134
FL240,FL,240,woshNGtNdeesee=14423
FL241,FL,241,-
FL242,FL,242,woshingtNdeesee=13411
FL243,FL,243,woshNtundeesee=14331
FL244,FL,244,-
FL245,FL,245,woshNtN=144
FL246,FL,246,wawshingtNdeesee=13411
FL247,FL,247,woshNGtNdeesee=14431
FL248,FL,248,woshNGtNdeesee=14411
FL249,FL,249,woshNGtNdeesee=14431
FL250,FL,250,-
FL251,FL,251,-
FL252,FL,252,-
FL253,FL,253,woshNGtundeesee=24331
FL254,FL,254,worshNtN=144
FL255,FL,255,woshNGtN=144
FL256,FL,256,-
FL257,FL,257,wawshNGtNdeesee=14411
FL258,FL,258,woshNtN=144
FL259,FL,259,woshNGtN=144
FL259,FL,259,wawrshNGtN=144
FL260,FL,260,woshNtNdeesee=24431
FL261,FL,261,woshNtNdIsee=14441
FL262,FL,262,woshNGtN=144
FL263,FL,263,wawshNGtN=144
FL264,FL,264,woshNtNdeesee=14431
FL265,FL,265,-
FL266,FL,266,woshNGtNdeesee=14431
FL267,FL,267,-
FL268,FL,268,-
FL269,FL,269,woshNGtNdeesee=14431
FL270,FL,270,woshNtNdeesee=14421
FL271,FL,271,woshNGtNdeesee=14411
FL272,FL,272,woshNGtNdeesee=14411
FL273,FL,273,woshNGtNdeesee=14421
FL274,FL,274,woshNGtNdeesee=14431
FL275,FL,275,woshN(t)N=144
FL275,FL,275,washNtN=144
FL276,FL,276,woshNGtN=144
FL277,FL,277,-
FL278,FL,278,woshNGtNdeesee=14411
FL279,FL,279,woshNGtNdeesee=14431
FL280,FL,280,woshNtN=144
FL281,FL,281,woshintNdeesee=13431
FL282,FL,282,wawshNtNdeesee=34431
FL283,FL,283,wawsh[NG]dN=144
FL283,FL,283,woshN(tN)dIsee=1441
FL284,FL,284,wawrshNGtNdeesee=14411
FL285,FL,285,-
FL286,FL,286,woshingtNdeesee=13431
FL287,FL,287,-
FL288,FL,288,-
FL289,FL,289,woshNGtNdeesee=14411
TN290,TN,290,wawshingtN=134
TN291,TN,291,wawshNGtNdeesee=14411
TN292,TN,292,wawrshNGtNdeesee=14411
TN293,TN,293,wawshNGtNdeesee=14411
TN294,TN,294,woshNGtN=144
TN295,TN,295,-
TN296,TN,296,wawshNGtun=143
TN297,TN,297,woshNGtN=144
TN298,TN,298,-
TN299,TN,299,wawshNtNdeesee=14431
TN299,TN,299,woshNGtN=144
TN300,TN,300,woshNGtNdeesee=14431
TN301,TN,301,woshNtN=144
TN302,TN,302,woshNGtNdeesee=14411
TN303,TN,303,wawrshNtN=144
TN304,TN,304,wawrshNGtN=144
TN305,TN,305,-
TN306,TN,306,woshNGtNdeesee=14413
TN307,TN,307,woshNGtNdeesee=14432
TN308,TN,308,woshNtNdeesee=14431
TN309,TN,309,woshNtN=144
TN310,TN,310,wawshNGtNdeesee=14411
TN311,TN,311,woshNGtN=144
TN312,TN,312,woshingtNdeesee=13431
TN313,TN,313,woshNGtNdeesee=14431
TN314,TN,314,wosh[NG]tNdeesee=14413
TN315,TN,315,woshNtN=144
TN316,TN,316,woshNtN=144
TN317,TN,317,woshNGtN=144
TN318,TN,318,woshNGtNdeesee=14411
TN319,TN,319,-
TN320,TN,320,worshNGtNdeesee=14411
TN321,TN,321,woshNGtN=144
TN322,TN,322,woshNGtNdeesee=24431
TN323,TN,323,woshNGtNdeesee=24431
TN324,TN,324,wawshingtNdeesee=13431
TN325,TN,325,wawshNtNdeesee=24431
TN326,TN,326,wawshNGtNdeesee=14411
TN327,TN,327,woshNtNdeesee=14431
TN328,TN,328,woshNGtNdeesee=14431
TN329,TN,329,woshNGtNdeesee=14431
TN330,TN,330,woshNGtNdeesee=14411
TN331,TN,331,woshNtNdeesee=14432
TN332,TN,332,wawshNGtNdeesee=14431
TN333,TN,333,wawshNGtN=144
TN334,TN,334,woshNtNdeesee=14431
TN335,TN,335,woshNGtNdeesee=14423
TN336,TN,336,woshNGtNdeesee=14413
AL337,AL,337,-
AL338,AL,338,wosh[NG]tNdeesee=14411
AL339,AL,339,wawshNGtN=144
AL340,AL,340,woshNz(tN)=14
AL341,AL,341,woshNtNdeesee=24431
AL342,AL,342,-
AL343,AL,343,woshingtNdeesee=13431
AL344,AL,344,woshNtN=144
AL345,AL,345,woshingtN=134
AL346,AL,346,woshNktN=144
AL347,AL,347,-
AL348,AL,348,woshNtNdeesee=24431
AL349,AL,349,woshNtN=144
AL350,AL,350,worshNGtN=144
AL351,AL,351,woshNGtNdeesee=14431
AL352,AL,352,woshNGtNdIsee=14441
AL353,AL,353,woshNdNdeesee=14431
AL354,AL,354,woshingtNdeesee=13411
AL355,AL,355,-
AL356,AL,356,woshNGtNdeesee=24431
AL357,AL,357,woshNtNdeesee=14431
AL358,AL,358,woshNG(tN)deesee=1432
AL359,AL,359,woshNdN=144
AL359,AL,359,washNtNdeesee=14431
AL360,AL,360,woshingtNdeesee=13413
AL361,AL,361,wosh[NG]tNdeesee=14431
AL362,AL,362,-
AL363,AL,363,washNtNdeesee=24431
AL364,AL,364,woshNGtNdeesee=14411
AL365,AL,365,wosh[NG]tNdeesee=14411
AL366,AL,366,woshNGtN=144
AL367,AL,367,woshNGtN=144
AL368,AL,368,woshNtNdeesee=14432
AL369,AL,369,woshNtN=144
AL370,AL,370,wawshNGtN=144
AL371,AL,371,wawshNGtNdeesee=14411
AL372,AL,372,washNGtNdeesee=14432
AL373,AL,373,woshNtN=144
AL373,AL,373,woshN(tN)dIsI=1444
AL374,AL,374,woshNGtNdeesee=14431
AL375,AL,375,woshNdNdeesee=34431
AL376,AL,376,-
AL377,AL,377,-
AL378,AL,378,woshNGtN=144
AL379,AL,379,woshingtNdeesee=13431
AL380,AL,380,woshNGtNdeesee=24431
AL381,AL,381,woshNG(tN)deesee=1431
AL381,AL,381,woshNGtN=144
AL382,AL,382,woshNtNdeesee=14431
AL383,AL,383,wawshNGtNdeesee=14411
AL384,AL,384,wawshNGtNdeesee=14411
AL385,AL,385,woshNGtN=144
AL386,AL,386,wawshNGtNdeesee=14411
AL387,AL,387,woshNGtNdeesee=14411
AL388,AL,388,woshNtN=144
AL389,AL,389,woshNtNdeesee=24431
AL390,AL,390,woshingtNdeesee=13431
AL391,AL,391,woshNtNdeesee=14431
AL392,AL,392,-
AL393,AL,393,woshNtNdeesee=14432
AL394,AL,394,woshNtNdeesee=14431
AL395,AL,395,woshNGtNdeesee=14411
AL396,AL,396,-
AL397,AL,397,woshNGtN=144
AL398,AL,398,woshNGtN=144
AL399,AL,399,woshintNdeesee=23413
AL400,AL,400,-
AL401,AL,401,-
AL402,AL,402,woshNGtN=144
AL403,AL,403,woshNGtN=144
AL404,AL,404,woshNGtN=144
AL405,AL,405,woshNGtNdeesee=14431
AL406,AL,406,-
AL407,AL,407,-
AL408,AL,408,woshNtNdeesee=14431
AL408,AL,408,woshNtN=144
AL409,AL,409,woshNGtN=144
AL410,AL,410,woshNtNdeesee=14423
AL410,AL,410,woshNtN=144
AL411,AL,411,woshNGtN=144
AL412,AL,412,-
AL413,AL,413,-
AL414,AL,414,woshN(t)NdIsee=14442
AL415,AL,415,wosh[NG]tN=144
AL416,AL,416,woshNGtNdeesee=14413
AL417,AL,417,woshNtN=144
AL418,AL,418,wawshNGtNdeesee=14431
AL418,AL,418,wawshNGtN=144
AL419,AL,419,woshNGtNdeesee=14411
AL420,AL,420,woshNGtN=144
AL421,AL,421,woshNGtNdeesee=14413
AL422,AL,422,woshNGtN=144
AL423,AL,423,woshNtNdeesee=24431
AL424,AL,424,-
AL425,AL,425,woshNGtN=144
AL426,AL,426,-
AL427,AL,427,woshNGtNdeesee=14431
AL428,AL,428,wosh[NG]tNdeesee=14431
AL429,AL,429,-
AL430,AL,430,woshNGtNdeesee=14431
AL431,AL,431,woshNGtNdeesee=14431
AL432,AL,432,woshNtN=144
AL433,AL,433,woshNGtNdeesee=14431
AL434,AL,434,wawshNGtNdeesee=14411
AL435,AL,435,-
AL436,AL,436,wosh(NG)tNdeesee=2431
AL437,AL,437,woshNGtNdeesee=14411
AL438,AL,438,woshNtNdeesee=14411
AL439,AL,439,worshNtN=144
AL439,AL,439,woshNtNdeesee=14431
AL440,AL,440,woshNGtNdeesee=24421
AL441,AL,441,woshNtN=144
AL442,AL,442,wosh(NG)dNdeesee=1431
AL443,AL,443,woshNGtNdeesee=24431
AL444,AL,444,woshNGtNdeesee=14411
AL445,AL,445,woshingtNdeesee=13431
AL446,AL,446,wosh[NG]tNdeesee=14411
AL447,AL,447,woshNGtNdeesee=14411
AL448,AL,448,wawshNGtNdeesee=14423
AL449,AL,449,woshNtN=144
AL450,AL,450,-
AL451,AL,451,woshNGtNdeesee=14411
FL452,FL,452,woshNtNdeesee=14431
FL453,FL,453,-
FL454,FL,454,wawshNGtN=144
FL455,FL,455,woshNGtNdeesee=14413
FL456,FL,456,woshNGdN=144
FL457,FL,457,woshNGtNdeesee=14432
FL458,FL,458,woshingtNdeesee=13431
FL459,FL,459,woshNtN=144
FL460,FL,460,-
FL461,FL,461,woshintNdeesee=13433
FL462,FL,462,wawsh[NG](tN)deesee=1413
FL463,FL,463,-
FL464,FL,464,-
FL465,FL,465,woshNGdNdeesee=24431
FL466,FL,466,woshNtNdeesee=14431
FL467,FL,467,wosh[NG]tN=144
FL468,FL,468,woshNtNdeesee=14432
FL469,FL,469,woshNGtN=144
FL470,FL,470,woshNtNdeesee=14432
FL471,FL,471,woshNtNdeesee=14431
AL472,AL,472,woshNGtN=144
AL473,AL,473,wosh(NG)tN=14
AL473,AL,473,woshNtNdeesee=24431
AL474,AL,474,woshNtNdeesee=24431
AL475,AL,475,woshNGtNdeesee=14411
AL476,AL,476,woshNGtNdeesee=14411
AL477,AL,477,wosh[NG]tN=144
AL478,AL,478,-
AL479,AL,479,wawshingtN=134
AL480,AL,480,wawshNGtNdeesee=14411
AL481,AL,481,woshNGtNdeesee=14431
AL482,AL,482,wawshNGtNdeesee=14411
AL483,AL,483,-
AL484,AL,484,wawshNGtNdeesee=14431
AL485,AL,485,wosh(NGt)Ndeesee=1432
AL485,AL,485,woshNtNdeesee=14423
TN486,TN,486,-
TN487,TN,487,-
TN488,TN,488,wawrshNGtNdeesee=14432
TN489,TN,489,woshNtNdeesee=14431
TN490,TN,490,worshNGtNdeesee=14411
TN491,TN,491,-
TN492,TN,492,woshNtN=144
TN493,TN,493,-
TN494,TN,494,wawshNtNdeesee=14423
TN495,TN,495,woshNtNdeesee=14411
TN496,TN,496,woshNGtN=144
TN497,TN,497,woshNGtN=144
TN498,TN,498,woshNtNdeesee=14431
TN499,TN,499,woshNGtNdeesee=14431
TN500,TN,500,-
TN501,TN,501,woshNtNdeesee=14431
TN502,TN,502,wawshNGtN=144
TN503,TN,503,-
TN504,TN,504,woshintNdeesee=13421
TN505,TN,505,-
TN506,TN,506,-
TN507,TN,507,-
TN508,TN,508,washNGtN=144
TN509,TN,509,-
TN510,TN,510,-
TN511,TN,511,-
TN512,TN,512,-
TN513,TN,513,wosh[NG]tNdeesee=14411
TN514,TN,514,woshNdNdeesee=14423
TN515,TN,515,wawshNGtN=144
TN516,TN,516,woshNGtNdeesee=14431
TN517,TN,517,worshingtNdeesee=13431
TN518,TN,518,wosh[NG]tNdeesee=24431
TN519,TN,519,woshNGtN=144
MS520,MS,520,-
MS521,MS,521,woshNGtN=144
MS522,MS,522,woshNGtNdeesee=24431
MS523,MS,523,-
MS524,MS,524,woshNGtNdeesee=14431
MS525,MS,525,-
MS526,MS,526,woshNGtN=144
MS527,MS,527,woshNGtN=144
MS528,MS,528,woshNGtN=144
MS529,MS,529,woshNtN=144
MS530,MS,530,woshNtNdeesee=14431
MS531,MS,531,woshN(t)Ndeesee=14431
MS532,MS,532,wosh[NG]tNdeesee=14413
MS533,MS,533,woshNGtNdeesee=14431
MS534,MS,534,-
MS535,MS,535,wawshNGtNdeesai=14431
MS536,MS,536,woshNtNdeesee=24431
MS537,MS,537,woshNGtN=144
MS538,MS,538,woshNGtN=144
MS539,MS,539,woshNGtNdeesee=14411
MS539,MS,539,wawshNGtN=144
MS540,MS,540,-
MS541,MS,541,woshNGtNdeesee=14431
MS542,MS,542,-
MS543,MS,543,wawshNGtNdeesee=14431
MS544,MS,544,woshNGdNdeesee=14432
MS545,MS,545,woshNGtN=144
MS546,MS,546,woshNtN=144
MS547,MS,547,woshNGtN=144
MS548,MS,548,wawshNGtNdeesee=14411
MS549,MS,549,woshNtN=144
MS550,MS,550,-
MS551,MS,551,woshNtNdeesee=24431
MS552,MS,552,-
MS553,MS,553,-
MS554,MS,554,-
MS555,MS,555,-
MS556,MS,556,woshNtNdeesee=24431
MS557,MS,557,woshingtNdeesee=13421
MS557,MS,557,woshNtN=144
MS558,MS,558,woshNGtNdeesee=14413
MS559,MS,559,-
MS560,MS,560,wosh(NG)tNdeesee=1432
MS561,MS,561,-
MS562,MS,562,wosh[NG]tNdeesee=14411
MS563,MS,563,woshNGtNdeesee=14411
MS564,MS,564,wawshingtNdeesee=13411
MS565,MS,565,wawrshNGtNdeesee=14431
MS566,MS,566,-
MS567,MS,567,-
MS568,MS,568,woshNGtN=144
MS569,MS,569,-
MS570,MS,570,woshNGtN=144
MS571,MS,571,wawshNGtNdeesee=14413
MS572,MS,572,wosh[NG]tNdeesee=14411
MS573,MS,573,woshNdN=144
MS574,MS,574,woshNdN=144
MS574,MS,574,wawrshNtN=144
MS575,MS,575,woshNGtNdeesee=14411
MS576,MS,576,woshNtNdeesee=14432
MS577,MS,577,woshNtN=144
MS578,MS,578,wawshNdNdeesee=24431
MS579,MS,579,woshNGtNdeesee=14413
MS580,MS,580,woshNtNdeesee=14413
MS581,MS,581,woshNGtNdeesee=14411
MS582,MS,582,woshNGtNdeesee=14411
MS583,MS,583,woshNdN=144
MS584,MS,584,woshNGtN=144
MS585,MS,585,-
MS586,MS,586,-
MS587,MS,587,woshNtNdeesee=24431
MS588,MS,588,wosh[NG]tN=144
MS589,MS,589,wosh[NG]tNdeesee=14431
MS590,MS,590,woshNGtN=144
MS591,MS,591,woshNGtNdeesee=14432
MS592,MS,592,woshNGtN=144
MS593,MS,593,wawshNtN=144
MS594,MS,594,wawshNGtN=144
MS595,MS,595,wawshNGtN=144
MS596,MS,596,woshN(tN)deesee=3413
MS597,MS,597,-
MS598,MS,598,woshNGtN=144
MS599,MS,599,woshNGtNdeesee=24431
MS600,MS,600,-
MS601,MS,601,woshNGtNdeesee=24431
MS602,MS,602,woshi(ng)tNdeesee=13413
MS603,MS,603,-
MS604,MS,604,-
MS605,MS,605,woshNGtN=144
MS606,MS,606,-
MS607,MS,607,wawshNGtNdeesee=14411
MS607,MS,607,woshNGtN=144
MS608,MS,608,woshNtN=144
MS608,MS,608,woshNGtN=144
MS609,MS,609,woshNdNdeesee=24413
MS610,MS,610,woshNtNdeesee=14413
MS611,MS,611,wawshNGtN=144
MS612,MS,612,wosh[NG]tNdeesee=14413
MS613,MS,613,woshNGtNdeesee=14411
MS614,MS,614,-
MS615,MS,615,woshNGtN=144
MS616,MS,616,woshNGtN=144
MS617,MS,617,wawshNtNdeesee=14431
MS618,MS,618,woshNGtN=144
MS619,MS,619,wawshNGtN=144
MS620,MS,620,-
MS621,MS,621,wawshNGtNdeesee=14411
MS622,MS,622,woshNtNdeesee=24431
MS623,MS,623,woshingtNdeesee=13413
MS624,MS,624,woshNGtNdeesee=24431
MS625,MS,625,wawshNGtNdeesee=34431
MS625,MS,625,woshNtN=144
MS625,MS,625,wash[NG]tN=144
MS626,MS,626,-
MS627,MS,627,woshNtNdeesee=24431
MS628,MS,628,wawshNGtNdeesee=14413
MS629,MS,629,woshNtNdeesee=14431
LA630,LA,630,wawshNGtNdeesee=14431
LA631,LA,631,woshNGtNdeesee=24431
LA632,LA,632,woshNGtNdeesee=24431
LA632,LA,632,woshNtNdeesee=24431
LA633,LA,633,woshNGtN=144
LA634,LA,634,-
LA635,LA,635,woshNGtNdeesee=14432
LA636,LA,636,woshNtNdeesee=14413
LA637,LA,637,-
LA638,LA,638,woshNtNdeesee=14431
LA639,LA,639,woshNtN=144
LA640,LA,640,wosh[NG]tN=144
LA641,LA,641,wawshNdNdeesee=14423
LA642,LA,642,woshNGtN=144
LA643,LA,643,woshintNdeesee=13431
LA644,LA,644,-
LA645,LA,645,wawrshNGtNdeesee=14431
LA646,LA,646,woshNtNdeesee=24431
LA647,LA,647,-
LA648,LA,648,wawshNtN=144
LA649,LA,649,wawshNtNdeesee=14432
LA650,LA,650,wawshNGtN=144
LA651,LA,651,wawshN(t)N=144
LA652,LA,652,woshNGtNdeesee=24431
LA653,LA,653,woshNtN=144
LA654,LA,654,woshNdNdeesee=14432
LA655,LA,655,wawshNGtNdeesee=14431
LA656,LA,656,wawshingtNdeesee=13412
LA657,LA,657,woshingtNdeesee=13431
LA657X,LA,657X,woshNGtN=144
LA657Y,LA,657Y,wawshNGtNdeesee=14431
LA657Z,LA,657Z,woshNGtNdeesee=14411
LA658,LA,658,wawshNGtNdeesee=14411
LA659,LA,659,wawshNGtNdeesee=14411
LA660,LA,660,wawshNGtN=144
LA661,LA,661,woshNdI(n)=144
LA662,LA,662,wawshNGtNdeesee=14411
LA663,LA,663,-
LA664,LA,664,-
LA665,LA,665,woshNtNdeesee=24431
LA666,LA,666,wawrshNGtN=144
LA667,LA,667,wawshNGtNdeesee=14413
LA668,LA,668,woshNGtNdeesee=14413
LA669,LA,669,woshNGtN=144
LA670,LA,670,woshNGtNdeesee=24431
LA671,LA,671,woshNGtN=144
LA672,LA,672,woshNtNdeesee=24431
LA673,LA,673,woshNGtNdeesee=14431
LA673,LA,673,woshNtN=144
AR674,AR,674,wawshNtNdeesee=14411
AR675,AR,675,woshNGtN=144
AR676,AR,676,-
AR677,AR,677,-
AR678,AR,678,-
AR679,AR,679,woshNGtNdIsee=14443
AR680,AR,680,wawshNGtNdeesee=14411
AR681,AR,681,wawrshNGtNdeesee=14411
AR682,AR,682,woshNGtNdeesee=14431
AR683,AR,683,wawshNtNdeesee=14421
AR683,AR,683,wawsh[NG]tN=144
AR684,AR,684,wawshNGtNdeesee=14411
AR685,AR,685,wawrshNGtNdeesee=14411
AR686,AR,686,wawshNGtNdeesee=24431
AR687,AR,687,worshingtNdeesee=13423
AR687,AR,687,woshuntN=134
AR688,AR,688,woshNGtN=144
AR689,AR,689,woshNGtN=144
AR690,AR,690,wawrshNGtN=144
AR691,AR,691,worshNGtN=144
AR692,AR,692,woshNGtN=144
AR693,AR,693,wawshNGtNdeesee=14432
AR694,AR,694,worshNGtNdeesee=14411
AR695,AR,695,woshNtNdeesee=14421
AR696,AR,696,wawshNGtNdeesee=14411
AR697,AR,697,wawrshNGtN=144
AR698,AR,698,-
AR699,AR,699,wawshNGtNdeesee=14411
AR700,AR,700,-
AR701,AR,701,worshNtNdeesee=14431
AR702,AR,702,wosh[NG]tNdeesee=14421
AR703,AR,703,wawrshNGtNdeesee=14411
AR704,AR,704,woshNGtN=144
AR705,AR,705,wosh[NG]tN=144
AR706,AR,706,-
AR707,AR,707,woshNGtNdeesee=14411
AR708,AR,708,woshNtN=144
AR709,AR,709,wawshNdNdeesee=14431
AR710,AR,710,-
AR711,AR,711,-
AR712,AR,712,woshNGtNdeesee=14431
AR713,AR,713,-
AR714,AR,714,woshNtN=144
AR715,AR,715,wawshNGtNdeesee=14411
AR716,AR,716,woshNGtN=144
AR717,AR,717,woshNGtNdeesee=24431
AR718,AR,718,-
AR719,AR,719,woshNGtNdeesee=14431
AR720,AR,720,-
AR721,AR,721,woshNtNdeesee=14413
AR722,AR,722,wawrshNtN=144
AR723,AR,723,worsh[NG]tNdeesee=14421
AR724,AR,724,wawshingtNdeesee=13411
AR725,AR,725,wawrshNGtNdeesee=14411
AR726,AR,726,woshNGtNdeesee=14423
AR727,AR,727,woshNtN=144
AR728,AR,728,-
AR729,AR,729,wawrshNdNdeesee=14413
AR730,AR,730,wawshNtNdeesee=14431
AR731,AR,731,woshNtNdeesee=14431
AR732,AR,732,wawshNtNdeesee=14431
AR733,AR,733,-
AR734,AR,734,wawshNGtNdeesee=14431
AR735,AR,735,woshingtNdeesee=13413
AR736,AR,736,wawrshNGtN=144
AR737,AR,737,woshNtNdeesee=14431
AR738,AR,738,worshingtNdeesee=13431
AR739,AR,739,-
AR740,AR,740,woeshNGtN=144
AR741,AR,741,woshNGtNdeesee=24431
AR742,AR,742,woshNtN=144
AR743,AR,743,woshNtN=144
AR744,AR,744,wawrshNtN=144
AR745,AR,745,-
AR746,AR,746,wawrshNGtNdeesee=14431
AR747,AR,747,woshNGtNdeesee=14411
AR748,AR,748,woshNtNdeesee=24413
AR749,AR,749,wawshNGtNdeesee=24431
AR750,AR,750,-
AR751,AR,751,woshN(tN)deesee=2431
AR752,AR,752,woshNGtNdeesee=14411
AR753,AR,753,woshNGtN=144
AR754,AR,754,woshNtNdeesee=14431
AR755,AR,755,wosh[NG]tNdeesee=14421
LA756,LA,756,-
LA757,LA,757,woshNGtNdeesee=14411
LA758,LA,758,woshNGtNdeesee=14411
LA759,LA,759,-
LA760,LA,760,wawzhNG(tN)deesee=1411
LA761,LA,761,woshNtNdeesee=14411
LA762,LA,762,woshNGtNdeesee=14431
LA763,LA,763,-
LA764,LA,764,wawrshNtN=144
LA765,LA,765,woshNGtNdeesee=24431
LA766,LA,766,woshNGtN=144
LA767,LA,767,woshNGtNdeesee=24413
LA768,LA,768,woshi(ng)tNdeesee=13431
LA769,LA,769,wawshNtNdeesee=14432
LA770,LA,770,woshNtN=144
LA771,LA,771,woshN(tN)deesee=3421
LA772,LA,772,woshNGtNdeesee=14413
LA773,LA,773,wawshNtN=144
LA774,LA,774,-
LA775,LA,775,woshNtN=144
LA776,LA,776,wawshintNdeesee=13432
LA777,LA,777,woshNtNdeesee=14432
LA778,LA,778,woshNGtNdeesee=14431
LA779,LA,779,woshNGtNdeesee=14411
LA780,LA,780,worshNtNdeesee=14431
LA781,LA,781,woshNGtNdeesee=14411
LA782,LA,782,woshNtNdeesee=14431
LA783,LA,783,woshNGtNdeesee=14421
LA784,LA,784,-
LA785,LA,785,woshingtNdeesee=13421
LA786,LA,786,wawshNGtNdeesee=14431
LA787,LA,787,woshingtNdeesee=13421
LA788,LA,788,wosh[NG]tNdeesee=14411
LA789,LA,789,wosh[NG]tNdeesee=24431
LA790,LA,790,woshNGtNdeesee=14411
LA791,LA,791,woshNGtNdeesee=14431
LA792,LA,792,woshNGtNdeesee=14431
LA793,LA,793,-
LA794,LA,794,woshNGtN=144
LA795,LA,795,-
LA796,LA,796,woshNGtNdeesee=14413
LA797,LA,797,-
LA798,LA,798,woshNtNdeesee=14431
LA799,LA,799,-
LA800,LA,800,woshNGtN=144
LA801,LA,801,wawshNGtNdeesee=14411
LA802,LA,802,wawshNGtNdeesee=14413
LA803,LA,803,-
LA804,LA,804,-
LA805,LA,805,woshNGtNdIsee=14441
LA806,LA,806,woshNtN=144
LA807,LA,807,-
LA808,LA,808,-
LA809,LA,809,woshNtNdeesee=14413
LA810,LA,810,wawshNGtNdeesee=14411
LA811,LA,811,wawshNtNdeesee=14413
LA812,LA,812,wawshNGtNdeesee=14411
LA813,LA,813,wosh[NG]tNdeesee=14411
LA814,LA,814,wawshNGtN=144
LA815,LA,815,wawshNGtNdeesee=14411
LA816,LA,816,wawrshNGtNdeesee=14431
LA817,LA,817,woshNtNdeesee=14431
TX818,TX,818,-
TX819,TX,819,wawshingtN=134
TX820,TX,820,worshNdNdIsee=24441
TX820,TX,820,wawshingtNdIsee=13443
TX821,TX,821,-
TX822,TX,822,woshNGtNdeesee=14411
TX823,TX,823,woshNGtNdeesee=14431
TX824,TX,824,woshingtNdeesee=23431
TX825,TX,825,worshNtN=144
TX825,TX,825,wawshNtN=144
TX826,TX,826,woshNGtNdeesee=24431
TX827,TX,827,woshNGtNdeesee=14411
TX828,TX,828,woshNGtN=144
TX829,TX,829,wawrshNGtN=144
TX829,TX,829,worshNGtNdeesee=14431
TX830,TX,830,wosh[NG]tNdIsee=14442
TX831,TX,831,woshNGtN=144
TX832,TX,832,-
TX833,TX,833,wosh[NG]tNdeesee=14431
TX834,TX,834,wawrshNtNdeesee=14431
TX835,TX,835,wawshNtNdeesee=14432
TX836,TX,836,wawrshNGtN=144
TX837,TX,837,woshNGtN=144
TX838,TX,838,-
TX839,TX,839,-
TX840,TX,840,-
TX841,TX,841,-
TX842,TX,842,woshNGtNdeesee=24431
TX843,TX,843,woshingtNdeesee=13413
TX844,TX,844,woshNGtNdIsee=14441
TX845,TX,845,-
TX846,TX,846,wawshNGtNdeesee=14431
TX847,TX,847,wawsh[NG]tN=144
TX848,TX,848,wawrshNGtN=144
TX849,TX,849,woshingtNdeesee=23413
TX850,TX,850,-
TX851,TX,851,worshNGtNdeesee=14411
TX852,TX,852,-
TX853,TX,853,woshNtN=144
TX854,TX,854,wawsNGtNdeesee=14421
TX855,TX,855,-
TX856,TX,856,-
TX857,TX,857,-
TX858,TX,858,-
TX859,TX,859,woshingtNdeesee=13431
TX860,TX,860,woshNGtN=144
TX861,TX,861,wawshNGtNdeesee=14411
TX862,TX,862,wawshNGtNdeesee=14431
TX863,TX,863,woshNGtNdeesee=24431
TX864,TX,864,-
TX865,TX,865,wawshNGtNdeesee=14411
TX866,TX,866,wawshNGtNdeesee=14432
TX867,TX,867,wawshNGtNdeesee=14412
TX868,TX,868,woshNGtN=144
TX869,TX,869,woshNGtNdeesee=14411
TX870,TX,870,woshNGtNdeesee=14431
TX871,TX,871,wawshNGtN=144
TX872,TX,872,-
TX873,TX,873,woshingtN=134
TX874,TX,874,wawshNGtNdeesee=14411
TX875,TX,875,woshNGtNdeesee=14413
TX876,TX,876,worshNtNdeesee=14431
TX877,TX,877,wawshingtNdeesee=13411
TX878,TX,878,woshNGtNdeesee=14431
TX879,TX,879,-
TX880,TX,880,-
TX881,TX,881,-
TX882,TX,882,wosh[NG]tN=144
TX883,TX,883,woshNGtN=144
TX884,TX,884,woshintNdeesee=13421
TX885,TX,885,woshNGtNdeesee=14431
TX886,TX,886,woshNtNdeesee=14411
TX887,TX,887,woshingtNdeesee=13431
TX888,TX,888,woshN(t)NdIsee=14443
TX889,TX,889,woshNGtNdeesee=14431
TX890,TX,890,woshNtNdeesee=14431
TX891,TX,891,woshNGtNdeesee=24431
TX892,TX,892,-
TX893,TX,893,woshNtNdeesee=24431
TX894,TX,894,wawshNGtNdeesee=14411
TX895,TX,895,woshNGtNdeesee=14413
TX896,TX,896,-
TX897,TX,897,-
TX898,TX,898,-
TX899,TX,899,woshNtNdeesee=14413
TX900,TX,900,whoshNGtNdeesee=14431
TX901,TX,901,wawshNGtNdeesee=24431
TX902,TX,902,woshNGtNdeesee=14432
TX903,TX,903,-
TX904,TX,904,worshNGtNdeesee=14431
TX905,TX,905,wawshNGtNdeesee=24431
TX906,TX,906,woshNGtNdeesee=14411
TX907,TX,907,wawshNGtNdeesee=24431
TX908,TX,908,woshNGtNdeesee=14431
TX909,TX,909,-
TX910,TX,910,wawrshNGtN=144
TX911,TX,911,woshingtNdeesee=13411
