Informant,State,Informant number,Response
TN001,TN,001,-
TN002,TN,002,moebeel=13
TN003,TN,003,-
TN004,TN,004,-
TN005,TN,005,moebeel=13
TN006,TN,006,moebee[l]=13
TN007,TN,007,moebeel=13
TN008,TN,008,-
TN009,TN,009,-
TN010,TN,010,moebeel=13
TN011,TN,011,moebeel=13
TN012,TN,012,-
TN013,TN,013,moebee[l]=13
TN014,TN,014,moebeel=13
TN015,TN,015,moebeel=13
TN016,TN,016,mAbeel=41
TN017,TN,017,moebeel=13
TN018,TN,018,-
TN019,TN,019,moebeel=31
TN020,TN,020,moebeel=13
TN021,TN,021,-
TN022,TN,022,moebeel=13
TN023,TN,023,-
TN024,TN,024,moebeel=31
TN025,TN,025,-
TN026,TN,026,-
TN027,TN,027,moebeel=13
TN028,TN,028,moebeel=13
TN029,TN,029,moebeel=13
TN030,TN,030,moebil=13
TN031,TN,031,moebeel=31
TN032,TN,032,moebeel=31
TN033,TN,033,moebeel=13
TN034,TN,034,moebeel=31
TN035,TN,035,moebeel=13
TN036,TN,036,-
TN037,TN,037,moebeel=13
TN038,TN,038,-
TN039,TN,039,-
TN040,TN,040,moebeel=13
TN041,TN,041,moebeel=13
TN042,TN,042,-
TN043,TN,043,moebeel=13
TN044,TN,044,-
TN045,TN,045,moebeel=13
TN046,TN,046,moebi[l]=13
TN047,TN,047,moebeel=31
TN048,TN,048,moebeel=13
TN049,TN,049,moebeel=13
TN050,TN,050,moebeel=13
TN051,TN,051,moebeel=31
TN052,TN,052,-
TN053,TN,053,moebeel=13
TN054,TN,054,-
TN055,TN,055,moebeel=21
TN056,TN,056,moebeel=13
TN057,TN,057,moebeel=21
TN058,TN,058,moebeel=31
TN059,TN,059,moebeel=31
TN060,TN,060,moebeel=13
GA061,GA,061,-
GA062,GA,062,moebil=13
GA063,GA,063,-
GA064,GA,064,moebeel=13
GA065,GA,065,moebeel=13
GA066,GA,066,-
GA067,GA,067,moebeel=13
GA068,GA,068,-
GA069,GA,069,moebL=14
GA069,GA,069,moebeel=13
GA070,GA,070,moebeel=31
GA071,GA,071,moebeel=13
GA072,GA,072,moebeel=31
GA073,GA,073,moebeel=31
GA074,GA,074,-
GA075,GA,075,moebeel=31
GA076,GA,076,moebeel=13
GA077,GA,077,-
GA078,GA,078,moebeel=31
GA079,GA,079,moebeel=31
GA080,GA,080,-
GA081,GA,081,moebeel=13
GA082,GA,082,-
GA083,GA,083,moebeel=31
GA084,GA,084,-
GA085,GA,085,moebil=13
GA086,GA,086,moebeel=31
GA087,GA,087,moebL=14
GA088,GA,088,moebeel=31
GA089,GA,089,-
GA090,GA,090,moebi[l]=13
GA091,GA,091,moebee[l]=13
GA092,GA,092,-
GA093,GA,093,-
GA094,GA,094,-
GA095,GA,095,moebee[l]=21
GA096,GA,096,moebeel=31
GA097,GA,097,moebeel=31
GA098,GA,098,moebil=12
GA099,GA,099,moebil=31
GA100,GA,100,moebi[l]=13
GA101,GA,101,moebeel=21
GA102,GA,102,-
GA103,GA,103,moebeel=31
GA104,GA,104,moebeel=31
GA105,GA,105,moebeel=31
GA106,GA,106,moebeel=31
GA107,GA,107,moebeel=13
GA108,GA,108,moebeel=13
GA109,GA,109,moebee[l]=31
GA110,GA,110,-
GA111,GA,111,moebeel=21
GA112,GA,112,moebeel=13
GA113,GA,113,-
GA114,GA,114,-
GA115,GA,115,-
GA116,GA,116,-
GA117,GA,117,moebeel=31
GA118,GA,118,moebeel=12
GA119,GA,119,moebeel=13
GA120,GA,120,moebeel=31
GA121,GA,121,moebeel=31
GA122,GA,122,-
GA123,GA,123,-
GA124,GA,124,moebeel=21
GA124,GA,124,moebL=14
GA125,GA,125,-
GA126,GA,126,moebeel=13
GA127,GA,127,-
GA128,GA,128,-
GA129,GA,129,-
GA130,GA,130,-
GA131,GA,131,moebeel=31
GA132,GA,132,-
GA133,GA,133,-
GA134,GA,134,-
GA135,GA,135,moebeel=13
GA136,GA,136,moebeel=31
GA137,GA,137,moebeel=31
GA138,GA,138,moebeel=12
GA139,GA,139,moebeel=12
GA140,GA,140,-
GA141,GA,141,moebeel=13
GA142,GA,142,moebeel=31
GA143,GA,143,moebeel=31
GA144,GA,144,moebeel=31
GA145,GA,145,-
GA146,GA,146,moebeel=31
GA147,GA,147,-
GA148,GA,148,-
GA149,GA,149,moebeel=13
GA150,GA,150,moebeel=13
GA151,GA,151,-
GA152,GA,152,-
GA153,GA,153,-
GA154,GA,154,-
GA155,GA,155,-
GA156,GA,156,-
GA157,GA,157,-
GA158,GA,158,-
GA159,GA,159,moebeel=13
GA160,GA,160,-
GA161,GA,161,moebeel=21
GA162,GA,162,moebeel=13
GA163,GA,163,moebeel=31
GA164,GA,164,moebee[l]=31
GA165,GA,165,moebeel=31
GA166,GA,166,moebeel=13
GA167,GA,167,moebeel=13
GA168,GA,168,-
GA169,GA,169,-
GA170,GA,170,moebeel=21
GA171,GA,171,moebeel=31
GA172,GA,172,moebeel=13
GA173,GA,173,-
GA174,GA,174,-
GA175,GA,175,-
GA176,GA,176,moebeel=31
GA177,GA,177,moebeel=13
GA178,GA,178,-
GA179,GA,179,-
GA180,GA,180,moebeel=31
GA181,GA,181,-
GA182,GA,182,-
GA183,GA,183,moebeel=31
GA184,GA,184,-
GA185,GA,185,moebeel=13
GA186,GA,186,moebeel=13
GA187,GA,187,-
GA188,GA,188,moebeel=13
GA189,GA,189,moebeel=13
GA190,GA,190,moebeel=31
GA191,GA,191,moebee[l]=31
GA192,GA,192,-
GA193,GA,193,-
GA194,GA,194,-
GA195,GA,195,moebil=13
GA196,GA,196,-
GA197,GA,197,-
GA198,GA,198,-
GA199,GA,199,moebeel=21
GA200,GA,200,-
GA201,GA,201,moebil=31
GA202,GA,202,moebeel=31
GA203,GA,203,-
GA204,GA,204,-
GA205,GA,205,-
GA206,GA,206,moebeel=31
GA207,GA,207,-
GA208,GA,208,moebil=13
GA209,GA,209,moebeel=31
GA210,GA,210,moebil=31
GA211,GA,211,moebeel=13
GA212,GA,212,moebeel=31
GA213,GA,213,moebeel=13
GA214,GA,214,moebeel=31
GA215,GA,215,-
GA216,GA,216,moebil=13
GA217,GA,217,moebeel=31
GA217,GA,217,moebeel=13
GA218,GA,218,-
GA219,GA,219,-
GA220,GA,220,-
GA221,GA,221,moebeel=31
GA222,GA,222,-
GA223,GA,223,moebeel=31
GA223,GA,223,moebil=31
GA224,GA,224,-
GA225,GA,225,-
FL226,FL,226,-
FL227,FL,227,-
FL228,FL,228,-
FL229,FL,229,moebeel=13
FL230,FL,230,-
FL231,FL,231,-
FL232,FL,232,-
FL233,FL,233,moebeel=31
FL234,FL,234,-
FL235,FL,235,moebeel=13
FL236,FL,236,moebeel=12
FL237,FL,237,moebeel=31
FL238,FL,238,moebeel=31
FL239,FL,239,moebeel=31
FL240,FL,240,moebeel=31
FL241,FL,241,-
FL242,FL,242,moebeel=13
FL243,FL,243,moebeel=31
FL244,FL,244,-
FL245,FL,245,moebeel=31
FL246,FL,246,moebeel=13
FL247,FL,247,moebi[l]=13
FL248,FL,248,moebil=12
FL249,FL,249,-
FL250,FL,250,moebil=13
FL251,FL,251,-
FL252,FL,252,-
FL253,FL,253,moebil=13
FL254,FL,254,moebeel=12
FL255,FL,255,moebeel=31
FL256,FL,256,-
FL257,FL,257,moebeel=31
FL258,FL,258,moebeel=31
FL259,FL,259,moebeel=13
FL260,FL,260,-
FL261,FL,261,moetL=14
FL262,FL,262,-
FL263,FL,263,moebeel=31
FL264,FL,264,moebil=13
FL265,FL,265,moebeel=31
FL266,FL,266,moebeel=13
FL267,FL,267,-
FL268,FL,268,-
FL269,FL,269,moebee[l]=12
FL270,FL,270,moebil=13
FL270,FL,270,moebi[l]=12
FL271,FL,271,moebeel=31
FL272,FL,272,moebeel=21
FL273,FL,273,moebeel=13
FL274,FL,274,moebil=31
FL275,FL,275,moebil=13
FL276,FL,276,-
FL277,FL,277,mAbeel=41
FL278,FL,278,moebeel=13
FL279,FL,279,-
FL280,FL,280,moebL=14
FL281,FL,281,moebeel=13
FL282,FL,282,moebeel=31
FL283,FL,283,-
FL284,FL,284,moebeel=12
FL285,FL,285,-
FL286,FL,286,moebeel=13
FL287,FL,287,-
FL288,FL,288,-
FL289,FL,289,moebeel=31
TN290,TN,290,-
TN291,TN,291,moebeel=13
TN292,TN,292,-
TN293,TN,293,moebeel=13
TN294,TN,294,moebeel=21
TN295,TN,295,-
TN296,TN,296,moebeel=21
TN297,TN,297,moebL=14
TN298,TN,298,-
TN299,TN,299,moebeel=13
TN300,TN,300,moebi[l]=13
TN301,TN,301,-
TN302,TN,302,moebeel=13
TN303,TN,303,-
TN304,TN,304,moebeel=13
TN305,TN,305,-
TN306,TN,306,moebeel=13
TN307,TN,307,moebil=31
TN308,TN,308,moebeel=13
TN309,TN,309,moebee[l]=13
TN310,TN,310,moebeel=13
TN311,TN,311,moebil=21
TN312,TN,312,moebeel=31
TN313,TN,313,moebeel=31
TN314,TN,314,moebL=14
TN315,TN,315,-
TN316,TN,316,moebil=31
TN317,TN,317,moebeel=13
TN318,TN,318,-
TN319,TN,319,-
TN320,TN,320,moebeel=31
TN321,TN,321,moebeel=13
TN322,TN,322,moebeel=21
TN323,TN,323,moebeel=31
TN324,TN,324,moebeel=13
TN325,TN,325,moebil=31
TN326,TN,326,moebeel=31
TN327,TN,327,moebeel=13
TN328,TN,328,moebeel=31
TN329,TN,329,moebi[l]=13
TN330,TN,330,moebeel=13
TN331,TN,331,mAbeel=41
TN332,TN,332,moebee[l]=13
TN333,TN,333,moebeel=13
TN334,TN,334,moebeel=31
TN335,TN,335,moebeel=31
TN336,TN,336,moebeel=31
AL337,AL,337,moebeel=13
AL338,AL,338,moebeel=13
AL339,AL,339,moebeel=13
AL340,AL,340,-
AL341,AL,341,moebee[l]=31
AL342,AL,342,moebi[l]=13
AL343,AL,343,moebeel=31
AL344,AL,344,-
AL345,AL,345,moebeel=31
AL346,AL,346,-
AL347,AL,347,moebeel=12
AL348,AL,348,moebee[l]=31
AL349,AL,349,moebeel=31
AL350,AL,350,moebil=13
AL351,AL,351,moebeel=31
AL352,AL,352,moebeel=21
AL353,AL,353,-
AL354,AL,354,moebeel=31
AL355,AL,355,moebeel=31
AL356,AL,356,moebeel=31
AL357,AL,357,moebeel=31
AL358,AL,358,moebeel=31
AL359,AL,359,moebeel=31
AL360,AL,360,moebee[l]=21
AL361,AL,361,moebeel=31
AL362,AL,362,-
AL363,AL,363,moebeel=31
AL364,AL,364,moebeel=12
AL365,AL,365,moebil=31
AL366,AL,366,moebeel=13
AL367,AL,367,moebeel=31
AL368,AL,368,moebeel=31
AL369,AL,369,-
AL370,AL,370,moebeel=31
AL371,AL,371,moebil=31
AL372,AL,372,moebeel=31
AL373,AL,373,moebeel=31
AL374,AL,374,moebeel=31
AL375,AL,375,moebeel=31
AL376,AL,376,-
AL377,AL,377,-
AL378,AL,378,moebil=31
AL379,AL,379,moebeel=31
AL380,AL,380,moebeel=31
AL381,AL,381,moebee[l]=21
AL382,AL,382,moebeel=13
AL383,AL,383,moebeel=31
AL384,AL,384,moebil=31
AL385,AL,385,moebeel=31
AL386,AL,386,moebeel=13
AL387,AL,387,moebeel=13
AL388,AL,388,moebeel=21
AL389,AL,389,moebil=31
AL390,AL,390,moebeel=31
AL391,AL,391,moebeel=31
AL392,AL,392,-
AL393,AL,393,moebeel=21
AL394,AL,394,moebeel=31
AL395,AL,395,moebeel=31
AL396,AL,396,-
AL397,AL,397,-
AL398,AL,398,moebeel=13
AL399,AL,399,moebeel=31
AL400,AL,400,moebeel=31
AL401,AL,401,moebeel=21
AL402,AL,402,moebeel=31
AL403,AL,403,-
AL404,AL,404,moebeel=31
AL405,AL,405,moebeel=31
AL406,AL,406,-
AL407,AL,407,moebeel=31
AL408,AL,408,moebeel=31
AL409,AL,409,moebee[l]=31
AL410,AL,410,moebeel=31
AL411,AL,411,moebeel=13
AL412,AL,412,moebeel=31
AL413,AL,413,-
AL414,AL,414,moebi[l]=31
AL415,AL,415,moebeel=31
AL416,AL,416,moebeel=31
AL417,AL,417,moebeel=13
AL418,AL,418,moebeel=31
AL419,AL,419,moebeel=13
AL420,AL,420,moebeel=13
AL421,AL,421,moebeel=13
AL422,AL,422,moebil=31
AL423,AL,423,-
AL424,AL,424,moebeel=31
AL425,AL,425,moebeel=13
AL426,AL,426,moebeel=31
AL427,AL,427,moebil=31
AL428,AL,428,moebeel=31
AL429,AL,429,moebeel=13
AL430,AL,430,moebil=13
AL431,AL,431,moebeel=31
AL432,AL,432,-
AL433,AL,433,moebeel=31
AL434,AL,434,-
AL435,AL,435,moebil=21
AL436,AL,436,moebeel=21
AL437,AL,437,moebeel=31
AL438,AL,438,-
AL439,AL,439,moebeel=31
AL440,AL,440,moebeel=31
AL441,AL,441,-
AL442,AL,442,moebi[l]=21
AL443,AL,443,moebeel=21
AL444,AL,444,moebeel=21
AL445,AL,445,moebeel=13
AL446,AL,446,moebeel=31
AL447,AL,447,moebeel=31
AL448,AL,448,moebil=31
AL449,AL,449,-
AL450,AL,450,moebeel=31
AL451,AL,451,moebeel=13
FL452,FL,452,moebee[l]=31
FL453,FL,453,moebeel=31
FL454,FL,454,moebeel=31
FL455,FL,455,moebeel=31
FL456,FL,456,mAbeel=41
FL457,FL,457,moebeel=21
FL458,FL,458,moebeel=13
FL459,FL,459,-
FL460,FL,460,-
FL461,FL,461,moebeel=31
FL462,FL,462,moebeel=21
FL463,FL,463,-
FL464,FL,464,-
FL465,FL,465,-
FL466,FL,466,moebeel=31
FL467,FL,467,-
FL468,FL,468,moebeel=31
FL469,FL,469,moebeel=31
FL470,FL,470,moebeel=31
FL471,FL,471,moebeel=31
AL472,AL,472,moebeel=31
AL473,AL,473,moebeel=21
AL474,AL,474,moebeel=31
AL475,AL,475,moebeel=31
AL476,AL,476,moebeel=31
AL477,AL,477,moebeel=31
AL478,AL,478,moebeel=31
AL479,AL,479,moebeel=13
AL480,AL,480,moebeel=31
AL481,AL,481,moebeel=31
AL482,AL,482,moebeel=31
AL482,AL,482,mAbeel=41
AL483,AL,483,moebeel=13
AL484,AL,484,moebeel=31
AL485,AL,485,moebeel=31
TN486,TN,486,-
TN487,TN,487,-
TN488,TN,488,-
TN489,TN,489,moebeel=13
TN490,TN,490,moebeel=31
TN491,TN,491,-
TN492,TN,492,-
TN493,TN,493,-
TN494,TN,494,moebeel=13
TN495,TN,495,moebeel=31
TN496,TN,496,moebeel=31
TN497,TN,497,-
TN498,TN,498,moebeel=13
TN499,TN,499,moebeel=31
TN499,TN,499,mAbeel=41
TN500,TN,500,-
TN501,TN,501,-
TN502,TN,502,moebeel=31
TN503,TN,503,-
TN504,TN,504,-
TN505,TN,505,-
TN506,TN,506,-
TN507,TN,507,-
TN508,TN,508,moebeel=13
TN509,TN,509,-
TN510,TN,510,-
TN511,TN,511,-
TN512,TN,512,-
TN513,TN,513,-
TN514,TN,514,moebL=14
TN515,TN,515,-
TN516,TN,516,moebeel=31
TN517,TN,517,moebeel=31
TN518,TN,518,moebeel=13
TN519,TN,519,moebeel=13
MS520,MS,520,-
MS521,MS,521,moebeel=31
MS522,MS,522,moebil=31
MS523,MS,523,-
MS524,MS,524,moebeel=31
MS525,MS,525,-
MS526,MS,526,-
MS527,MS,527,-
MS528,MS,528,moebeel=31
MS529,MS,529,-
MS530,MS,530,moebi[l]=31
MS531,MS,531,moebeel=31
MS532,MS,532,moebee[l]=31
MS533,MS,533,moebeel=31
MS534,MS,534,-
MS535,MS,535,moebee[l]=31
MS536,MS,536,-
MS537,MS,537,-
MS538,MS,538,moebeel=31
MS539,MS,539,moebeel=31
MS540,MS,540,-
MS541,MS,541,moebeel=31
MS542,MS,542,-
MS543,MS,543,moebeel=13
MS544,MS,544,-
MS545,MS,545,moebil=31
MS546,MS,546,-
MS547,MS,547,moebeel=13
MS548,MS,548,moebeel=31
MS549,MS,549,moebeel=31
MS550,MS,550,-
MS551,MS,551,moebeel=31
MS552,MS,552,-
MS553,MS,553,moebeel=31
MS554,MS,554,-
MS555,MS,555,moebeel=31
MS556,MS,556,moebeel=31
MS557,MS,557,moebeel=31
MS558,MS,558,moebeel=31
MS559,MS,559,-
MS560,MS,560,moebeel=31
MS561,MS,561,-
MS562,MS,562,moebeel=31
MS563,MS,563,moebeel=31
MS564,MS,564,moebeel=13
MS565,MS,565,moebil=31
MS566,MS,566,-
MS567,MS,567,-
MS568,MS,568,-
MS569,MS,569,-
MS570,MS,570,moebeel=31
MS571,MS,571,moebeel=31
MS572,MS,572,moebil=31
MS573,MS,573,moebeel=13
MS574,MS,574,moebeel=31
MS575,MS,575,moebeel=31
MS576,MS,576,moebeel=31
MS577,MS,577,moebeel=31
MS578,MS,578,moebeel=31
MS579,MS,579,moebeel=13
MS580,MS,580,-
MS581,MS,581,-
MS582,MS,582,moebeel=31
MS583,MS,583,-
MS584,MS,584,moebeel=31
MS585,MS,585,moebeel=31
MS586,MS,586,-
MS587,MS,587,moebi[l]=31
MS588,MS,588,moebeel=13
MS589,MS,589,moebeel=31
MS590,MS,590,moebeel=31
MS591,MS,591,moebeel=31
MS592,MS,592,moebeel=31
MS593,MS,593,-
MS594,MS,594,-
MS595,MS,595,moebeel=31
MS596,MS,596,moebee[l]=21
MS597,MS,597,moebeel=31
MS598,MS,598,moebeel=12
MS599,MS,599,moebeel=31
MS600,MS,600,moebeel=31
MS601,MS,601,moebil=31
MS602,MS,602,moebeel=12
MS603,MS,603,-
MS604,MS,604,-
MS605,MS,605,moebeel=31
MS606,MS,606,moebeel=31
MS607,MS,607,moebeel=31
MS608,MS,608,moebeel=31
MS609,MS,609,-
MS610,MS,610,moebee[l]=21
MS611,MS,611,-
MS612,MS,612,-
MS613,MS,613,moebeel=13
MS614,MS,614,-
MS615,MS,615,moebeel=31
MS616,MS,616,moebil=31
MS617,MS,617,moebil=12
MS618,MS,618,moebeel=13
MS619,MS,619,moebeel=13
MS620,MS,620,moebeel=13
MS621,MS,621,moebeel=31
MS621,MS,621,moebeel=13
MS622,MS,622,moebeel=31
MS623,MS,623,moebeel=31
MS624,MS,624,moebeel=31
MS625,MS,625,moebeel=31
MS626,MS,626,moebeel=31
MS627,MS,627,-
MS628,MS,628,moebeel=31
MS629,MS,629,moebeel=13
LA630,LA,630,moebeel=31
LA631,LA,631,-
LA632,LA,632,moebil=31
LA633,LA,633,-
LA634,LA,634,moebeel=21
LA635,LA,635,moebeel=31
LA636,LA,636,moebil=31
LA637,LA,637,-
LA638,LA,638,-
LA639,LA,639,-
LA640,LA,640,-
LA641,LA,641,moebeel=13
LA641,LA,641,moebee[l]=31
LA642,LA,642,-
LA643,LA,643,moebeel=31
LA644,LA,644,-
LA645,LA,645,mubeel=31
LA646,LA,646,moebeel=31
LA647,LA,647,-
LA648,LA,648,moebeel=31
LA649,LA,649,moebeel=31
LA650,LA,650,-
LA651,LA,651,-
LA652,LA,652,moebeel=31
LA653,LA,653,moebeel=31
LA654,LA,654,moebil=31
LA655,LA,655,moebil=31
LA656,LA,656,moebeel=31
LA657,LA,657,moebeel=13
LA657X,LA,657X,moebeel=31
LA657Y,LA,657Y,moebeel=21
LA657Z,LA,657Z,moebeel=31
LA658,LA,658,moebeel=31
LA659,LA,659,moebeel=31
LA660,LA,660,-
LA661,LA,661,-
LA662,LA,662,moebeel=31
LA663,LA,663,-
LA664,LA,664,-
LA665,LA,665,-
LA666,LA,666,-
LA667,LA,667,moebeel=13
LA668,LA,668,moebeel=13
LA669,LA,669,moebeel=13
LA670,LA,670,-
LA671,LA,671,moebeel=31
LA672,LA,672,moebeel=31
LA673,LA,673,moebeel=13
AR674,AR,674,-
AR675,AR,675,moebeel=13
AR676,AR,676,-
AR677,AR,677,-
AR678,AR,678,-
AR679,AR,679,moebee[l]=13
AR680,AR,680,-
AR681,AR,681,-
AR682,AR,682,moebeel=13
AR683,AR,683,moebL=14
AR684,AR,684,-
AR685,AR,685,moebeel=31
AR686,AR,686,-
AR687,AR,687,moebeel=13
AR688,AR,688,-
AR689,AR,689,-
AR690,AR,690,-
AR691,AR,691,-
AR692,AR,692,-
AR693,AR,693,-
AR694,AR,694,-
AR695,AR,695,moebL=14
AR696,AR,696,moebeel=31
AR697,AR,697,-
AR698,AR,698,-
AR699,AR,699,-
AR700,AR,700,-
AR701,AR,701,moebil=31
AR702,AR,702,-
AR703,AR,703,moebeel=13
AR704,AR,704,-
AR705,AR,705,moebeel=21
AR706,AR,706,-
AR707,AR,707,moebee[l]=31
AR708,AR,708,moebeel=12
AR709,AR,709,moebeel=31
AR710,AR,710,-
AR711,AR,711,moebeel=31
AR712,AR,712,moebeel=31
AR713,AR,713,-
AR714,AR,714,moebeel=13
AR715,AR,715,-
AR716,AR,716,-
AR717,AR,717,-
AR718,AR,718,-
AR719,AR,719,-
AR720,AR,720,-
AR721,AR,721,moebeel=13
AR722,AR,722,-
AR723,AR,723,-
AR724,AR,724,-
AR725,AR,725,moebeel=12
AR726,AR,726,moebil=12
AR727,AR,727,-
AR728,AR,728,-
AR729,AR,729,-
AR730,AR,730,moebil=31
AR731,AR,731,-
AR732,AR,732,-
AR733,AR,733,-
AR734,AR,734,-
AR735,AR,735,-
AR736,AR,736,-
AR737,AR,737,moebeel=31
AR738,AR,738,moebeel=31
AR739,AR,739,-
AR740,AR,740,-
AR741,AR,741,moebeel=31
AR742,AR,742,moebeel=31
AR743,AR,743,-
AR744,AR,744,-
AR745,AR,745,-
AR746,AR,746,-
AR747,AR,747,moebeel=31
AR748,AR,748,-
AR749,AR,749,moebeel=31
AR750,AR,750,-
AR751,AR,751,moebeel=21
AR752,AR,752,moebeel=31
AR753,AR,753,moebeel=31
AR754,AR,754,-
AR755,AR,755,moebeel=13
LA756,LA,756,-
LA757,LA,757,moebeel=31
LA758,LA,758,moebeel=13
LA759,LA,759,-
LA760,LA,760,-
LA761,LA,761,-
LA762,LA,762,-
LA763,LA,763,-
LA764,LA,764,moebeel=13
LA765,LA,765,moebil=31
LA766,LA,766,-
LA767,LA,767,moebeel=13
LA768,LA,768,moebL=14
LA769,LA,769,moebeel=13
LA770,LA,770,moebeel=31
LA771,LA,771,-
LA772,LA,772,moebeel=13
LA773,LA,773,moebeel=31
LA774,LA,774,-
LA775,LA,775,-
LA776,LA,776,-
LA777,LA,777,moebeel=21
LA778,LA,778,moebeel=13
LA779,LA,779,moebeel=31
LA780,LA,780,moebee[l]=31
LA781,LA,781,moebeel=31
LA782,LA,782,moebeel=21
LA783,LA,783,moebeel=13
LA784,LA,784,-
LA785,LA,785,-
LA786,LA,786,moebeel=31
LA787,LA,787,-
LA788,LA,788,moebeel=13
LA789,LA,789,moebeel=31
LA790,LA,790,moebeel=31
LA791,LA,791,moebee[l]=31
LA792,LA,792,moebeel=13
LA793,LA,793,-
LA794,LA,794,moebeel=13
LA795,LA,795,-
LA796,LA,796,moebeel=31
LA797,LA,797,-
LA798,LA,798,moebeel=31
LA798,LA,798,moebeel=13
LA799,LA,799,-
LA800,LA,800,-
LA801,LA,801,moebeel=31
LA802,LA,802,mubeel=21
LA803,LA,803,-
LA804,LA,804,-
LA805,LA,805,-
LA806,LA,806,-
LA807,LA,807,-
LA808,LA,808,-
LA809,LA,809,-
LA810,LA,810,moebeel=31
LA811,LA,811,-
LA812,LA,812,-
LA813,LA,813,moebeel=13
LA814,LA,814,-
LA815,LA,815,moebeel=13
LA816,LA,816,mubeel=31
LA817,LA,817,moebeel=13
TX818,TX,818,-
TX819,TX,819,moebeel=13
TX820,TX,820,moebeel=21
TX821,TX,821,-
TX822,TX,822,moebeel=13
TX823,TX,823,moebeel=13
TX824,TX,824,moebee[l]=13
TX825,TX,825,moebeel=13
TX826,TX,826,moebeel=13
TX827,TX,827,moebeel=31
TX828,TX,828,moebeel=31
TX829,TX,829,moebeel=13
TX830,TX,830,moebeel=12
TX831,TX,831,moebeel=13
TX832,TX,832,-
TX833,TX,833,-
TX834,TX,834,moebeel=13
TX835,TX,835,moebeel=13
TX836,TX,836,-
TX837,TX,837,-
TX838,TX,838,-
TX839,TX,839,-
TX840,TX,840,-
TX841,TX,841,-
TX842,TX,842,moebeel=13
TX843,TX,843,-
TX844,TX,844,moebee[l]=31
TX845,TX,845,-
TX846,TX,846,-
TX847,TX,847,-
TX848,TX,848,-
TX849,TX,849,moebee[l]=31
TX850,TX,850,-
TX851,TX,851,-
TX852,TX,852,-
TX853,TX,853,-
TX854,TX,854,-
TX855,TX,855,-
TX856,TX,856,-
TX857,TX,857,-
TX858,TX,858,moebeel=13
TX859,TX,859,moebeel=31
TX860,TX,860,moebeel=31
TX861,TX,861,-
TX862,TX,862,-
TX863,TX,863,moebeel=13
TX864,TX,864,-
TX865,TX,865,moebeel=31
TX866,TX,866,-
TX867,TX,867,moebL=14
TX868,TX,868,moebeel=13
TX869,TX,869,moebeel=31
TX870,TX,870,moebeel=13
TX871,TX,871,moebeel=31
TX872,TX,872,-
TX873,TX,873,moebeel=31
TX874,TX,874,moebeel=31
TX875,TX,875,-
TX876,TX,876,moebeel=31
TX877,TX,877,moebeel=21
TX878,TX,878,moebeel=31
TX878,TX,878,moebL=14
TX879,TX,879,-
TX880,TX,880,-
TX881,TX,881,-
TX882,TX,882,-
TX883,TX,883,-
TX884,TX,884,-
TX885,TX,885,moebeel=31
TX886,TX,886,-
TX887,TX,887,moebeel=31
TX888,TX,888,-
TX889,TX,889,-
TX890,TX,890,moebeel=13
TX891,TX,891,moebeel=31
TX892,TX,892,-
TX893,TX,893,moebi[l]=13
TX894,TX,894,moebeel=31
TX895,TX,895,moebeel=13
TX896,TX,896,-
TX897,TX,897,-
TX898,TX,898,-
TX899,TX,899,moebeel=13
TX900,TX,900,-
TX901,TX,901,-
TX902,TX,902,moebeel=31
TX903,TX,903,-
TX904,TX,904,moebeel=21
TX905,TX,905,moebeel=13
TX906,TX,906,moebeel=13
TX907,TX,907,-
TX908,TX,908,moebeel=13
TX909,TX,909,-
TX910,TX,910,moebeel=13
TX911,TX,911,moebeel=31
