Informant,State,Informant number,Response
TN001,TN,001,noksvL=14
TN002,TN,002,noksvL=14
TN003,TN,003,noksvL=14
TN004,TN,004,noksvL=14
TN005,TN,005,noksvL=14
TN006,TN,006,noksvL=14
TN007,TN,007,noksvL=14
TN008,TN,008,noksvL=14
TN009,TN,009,noksvL=14
TN010,TN,010,noksvL=14
TN011,TN,011,noksvL=14
TN012,TN,012,-
TN013,TN,013,noksvL=14
TN014,TN,014,noksvL=14
TN015,TN,015,noksvL=14
TN016,TN,016,noksvL=14
TN017,TN,017,noksvL=14
TN018,TN,018,noksvL=14
TN019,TN,019,noksvL=14
TN020,TN,020,noksvL=14
TN021,TN,021,noksvL=14
TN022,TN,022,noksvil=13
TN023,TN,023,noksvL=14
TN024,TN,024,noksvL=14
TN025,TN,025,noksvL=14
TN026,TN,026,noksvL=14
TN027,TN,027,noksvL=14
TN028,TN,028,noksvL=14
TN029,TN,029,noksvL=14
TN030,TN,030,noksvL=14
TN031,TN,031,noksvL=14
TN032,TN,032,noksvL=14
TN033,TN,033,noksvL=14
TN034,TN,034,noksvL=14
TN035,TN,035,noksvL=14
TN036,TN,036,noksvL=14
TN037,TN,037,noksvL=14
TN038,TN,038,noksvL=14
TN039,TN,039,noksvL=14
TN040,TN,040,noksvL=14
TN041,TN,041,noksvL=14
TN042,TN,042,noksvL=14
TN043,TN,043,noksvL=14
TN044,TN,044,noksvL=14
TN045,TN,045,noksvL=14
TN046,TN,046,-
TN047,TN,047,noksvL=14
TN048,TN,048,noksvL=14
TN049,TN,049,noksvL=14
TN050,TN,050,noksvL=14
TN051,TN,051,-
TN052,TN,052,noksvL=14
TN053,TN,053,noksvL=14
TN054,TN,054,-
TN055,TN,055,noksvL=14
TN056,TN,056,noksvL=14
TN057,TN,057,noksvL=14
TN058,TN,058,noksvL=14
TN059,TN,059,noksvL=14
TN060,TN,060,noksvL=14
GA061,GA,061,-
GA062,GA,062,-
GA063,GA,063,-
GA064,GA,064,noksvL=14
GA065,GA,065,noksvL=14
GA066,GA,066,-
GA067,GA,067,noksfL=14
GA068,GA,068,-
GA069,GA,069,noksvL=14
GA070,GA,070,-
GA071,GA,071,noksvL=14
GA072,GA,072,noksvL=14
GA073,GA,073,noksvil=11
GA074,GA,074,-
GA075,GA,075,noksvL=14
GA076,GA,076,noksvL=14
GA077,GA,077,noksvL=14
GA078,GA,078,noksvil=13
GA079,GA,079,noksvL=14
GA080,GA,080,-
GA081,GA,081,-
GA082,GA,082,-
GA083,GA,083,noksvL=14
GA084,GA,084,-
GA085,GA,085,noksvil=13
GA086,GA,086,noksvL=14
GA087,GA,087,noksvL=14
GA088,GA,088,-
GA089,GA,089,-
GA090,GA,090,noksvil=13
GA091,GA,091,noksvL=14
GA092,GA,092,-
GA093,GA,093,-
GA094,GA,094,-
GA095,GA,095,noksvL=14
GA096,GA,096,noksvL=14
GA097,GA,097,noksvL=14
GA098,GA,098,noksvil=13
GA099,GA,099,noksvil=13
GA100,GA,100,noksvil=13
GA101,GA,101,noksvil=13
GA102,GA,102,noksvil=13
GA103,GA,103,noksvil=13
GA104,GA,104,noksvL=14
GA105,GA,105,noksvL=14
GA106,GA,106,-
GA107,GA,107,noksvL=14
GA108,GA,108,noksvL=14
GA109,GA,109,noksvL=14
GA110,GA,110,noksvil=13
GA111,GA,111,noksvil=13
GA112,GA,112,-
GA113,GA,113,noksvil=13
GA114,GA,114,-
GA115,GA,115,-
GA116,GA,116,-
GA117,GA,117,noksvil=13
GA118,GA,118,noksvil=13
GA119,GA,119,noksvil=13
GA120,GA,120,notsvL=14
GA121,GA,121,noksvL=14
GA122,GA,122,-
GA123,GA,123,-
GA124,GA,124,noksvL=14
GA125,GA,125,-
GA126,GA,126,noksvL=14
GA127,GA,127,-
GA128,GA,128,-
GA129,GA,129,-
GA130,GA,130,-
GA131,GA,131,noksvL=14
GA132,GA,132,-
GA133,GA,133,-
GA134,GA,134,-
GA135,GA,135,noksvL=14
GA136,GA,136,noksvL=14
GA137,GA,137,noksvil=13
GA138,GA,138,-
GA139,GA,139,noksvil=13
GA140,GA,140,-
GA141,GA,141,noksvL=14
GA142,GA,142,-
GA143,GA,143,noksvL=14
GA144,GA,144,noksvL=14
GA145,GA,145,-
GA146,GA,146,noksvil=13
GA147,GA,147,-
GA148,GA,148,-
GA149,GA,149,-
GA150,GA,150,-
GA151,GA,151,-
GA152,GA,152,noksvL=14
GA153,GA,153,-
GA154,GA,154,-
GA155,GA,155,-
GA156,GA,156,-
GA157,GA,157,-
GA158,GA,158,-
GA159,GA,159,nawksvil=13
GA160,GA,160,-
GA161,GA,161,noksvL=14
GA162,GA,162,nawksvL=14
GA163,GA,163,noksvil=13
GA164,GA,164,noksvil=13
GA165,GA,165,noksvL=14
GA166,GA,166,noksvL=14
GA167,GA,167,noksvL=14
GA168,GA,168,-
GA169,GA,169,-
GA170,GA,170,noksvL=14
GA171,GA,171,noksvL=14
GA172,GA,172,noksvL=14
GA173,GA,173,-
GA174,GA,174,-
GA175,GA,175,-
GA176,GA,176,noksvL=14
GA177,GA,177,-
GA178,GA,178,-
GA179,GA,179,-
GA180,GA,180,noksvL=14
GA181,GA,181,-
GA182,GA,182,-
GA183,GA,183,noksvil=13
GA184,GA,184,-
GA185,GA,185,noksvL=14
GA186,GA,186,noksvL=14
GA187,GA,187,noksvL=14
GA188,GA,188,nok(s)vil=13
GA189,GA,189,noksvL=14
GA190,GA,190,noksvL=14
GA191,GA,191,noksvil=13
GA192,GA,192,-
GA193,GA,193,-
GA194,GA,194,-
GA195,GA,195,-
GA196,GA,196,-
GA197,GA,197,-
GA198,GA,198,-
GA199,GA,199,-
GA200,GA,200,-
GA201,GA,201,noksvil=13
GA202,GA,202,-
GA203,GA,203,-
GA204,GA,204,-
GA205,GA,205,-
GA206,GA,206,noksvL=14
GA207,GA,207,noksvil=13
GA208,GA,208,-
GA209,GA,209,-
GA210,GA,210,noksvil=13
GA211,GA,211,noksvel=21
GA212,GA,212,noksvL=14
GA213,GA,213,-
GA214,GA,214,noksvil=13
GA215,GA,215,-
GA216,GA,216,-
GA217,GA,217,noksvL=14
GA218,GA,218,-
GA219,GA,219,-
GA220,GA,220,-
GA221,GA,221,noksvL=14
GA222,GA,222,-
GA223,GA,223,-
GA224,GA,224,-
GA225,GA,225,-
FL226,FL,226,-
FL227,FL,227,noksvil=13
FL228,FL,228,-
FL229,FL,229,-
FL230,FL,230,-
FL231,FL,231,-
FL232,FL,232,noksvil=13
FL233,FL,233,noksvil=13
FL234,FL,234,-
FL235,FL,235,noksvil=13
FL236,FL,236,noksvil=13
FL237,FL,237,noksvil=13
FL238,FL,238,noksvL=14
FL239,FL,239,noksvil=13
FL240,FL,240,noksvil=21
FL241,FL,241,-
FL242,FL,242,noksvL=14
FL243,FL,243,nawksvul=13
FL244,FL,244,-
FL245,FL,245,noksvil=13
FL246,FL,246,noksvL=14
FL247,FL,247,noksvil=13
FL248,FL,248,noksvil=13
FL249,FL,249,noksvil=13
FL250,FL,250,-
FL251,FL,251,-
FL252,FL,252,-
FL253,FL,253,-
FL254,FL,254,noksvL=14
FL255,FL,255,noksvil=13
FL256,FL,256,-
FL257,FL,257,noksvil=13
FL258,FL,258,noksvil=13
FL259,FL,259,noksvil=13
FL260,FL,260,nawksvL=14
FL261,FL,261,noksvil=13
FL262,FL,262,nawksvL=14
FL263,FL,263,-
FL264,FL,264,noksvil=13
FL265,FL,265,-
FL266,FL,266,noksvil=13
FL267,FL,267,-
FL268,FL,268,-
FL269,FL,269,noksvil=13
FL270,FL,270,noksvi[l]=13
FL271,FL,271,noksvil=13
FL272,FL,272,noksvil=13
FL273,FL,273,noksvil=13
FL274,FL,274,noksvil=13
FL275,FL,275,-
FL276,FL,276,-
FL277,FL,277,noksvil=13
FL278,FL,278,noksvil=13
FL279,FL,279,noksvil=13
FL280,FL,280,noksvL=14
FL281,FL,281,noksvil=13
FL282,FL,282,noksvL=14
FL283,FL,283,noksvil=13
FL284,FL,284,noksvil=13
FL285,FL,285,-
FL286,FL,286,noksvL=14
FL287,FL,287,-
FL288,FL,288,-
FL289,FL,289,noksvL=14
TN290,TN,290,noksvL=14
TN291,TN,291,noksvL=14
TN292,TN,292,noksvL=14
TN293,TN,293,noksvL=14
TN294,TN,294,noksvil=13
TN295,TN,295,noksvL=14
TN296,TN,296,noksvL=14
TN297,TN,297,noksvL=14
TN298,TN,298,-
TN299,TN,299,noksfL=14
TN300,TN,300,noksvL=14
TN301,TN,301,noksfL=14
TN302,TN,302,noksvL=14
TN303,TN,303,noksfL=14
TN304,TN,304,noksvL=14
TN305,TN,305,-
TN306,TN,306,noksvL=14
TN307,TN,307,noksvL=14
TN308,TN,308,noksvL=14
TN309,TN,309,noksvil=13
TN310,TN,310,noksvL=14
TN311,TN,311,nawksvL=14
TN312,TN,312,noksvL=14
TN313,TN,313,noksvil=13
TN314,TN,314,noksvL=14
TN315,TN,315,noksvL=14
TN316,TN,316,nawksvL=14
TN317,TN,317,noksvL=14
TN318,TN,318,noksvL=14
TN319,TN,319,-
TN320,TN,320,noksvL=14
TN321,TN,321,noksvL=14
TN322,TN,322,noksvL=14
TN323,TN,323,noksvL=14
TN324,TN,324,noksvL=14
TN325,TN,325,noksvL=14
TN326,TN,326,noksvL=14
TN327,TN,327,noksvL=14
TN328,TN,328,noksvL=14
TN329,TN,329,noksvil=13
TN330,TN,330,-
TN331,TN,331,noksvL=14
TN332,TN,332,noksvL=14
TN333,TN,333,-
TN334,TN,334,noksvL=14
TN335,TN,335,noksvL=14
TN336,TN,336,-
AL337,AL,337,-
AL338,AL,338,noksvL=14
AL339,AL,339,noksvL=14
AL340,AL,340,-
AL341,AL,341,noksvL=14
AL342,AL,342,-
AL343,AL,343,noksvL=14
AL344,AL,344,-
AL345,AL,345,noksvL=14
AL346,AL,346,-
AL347,AL,347,noksvL=14
AL348,AL,348,noksvL=14
AL349,AL,349,-
AL350,AL,350,noksvL=14
AL351,AL,351,noksvL=14
AL352,AL,352,noksvil=11
AL353,AL,353,-
AL354,AL,354,noksvL=14
AL355,AL,355,-
AL356,AL,356,-
AL357,AL,357,noksvL=14
AL358,AL,358,noksvL=14
AL359,AL,359,noksvL=14
AL360,AL,360,noksvL=14
AL361,AL,361,noksvL=14
AL362,AL,362,-
AL363,AL,363,noksvL=14
AL364,AL,364,noksvL=14
AL365,AL,365,-
AL366,AL,366,noksvL=14
AL367,AL,367,noksvL=14
AL368,AL,368,noksvL=14
AL369,AL,369,noksvL=14
AL370,AL,370,noksvL=14
AL371,AL,371,noksvL=14
AL372,AL,372,noksvL=14
AL373,AL,373,noksv[L]=14
AL373,AL,373,noksvL=14
AL374,AL,374,noksvL=14
AL375,AL,375,nawksvL=14
AL376,AL,376,noksvL=14
AL377,AL,377,-
AL378,AL,378,noksvL=14
AL379,AL,379,noksvL=14
AL380,AL,380,noksvL=14
AL380,AL,380,noksvil=13
AL381,AL,381,noksvL=14
AL382,AL,382,-
AL383,AL,383,noksvL=14
AL384,AL,384,-
AL385,AL,385,noksvL=14
AL386,AL,386,noksvL=14
AL387,AL,387,noksvL=14
AL388,AL,388,-
AL389,AL,389,-
AL390,AL,390,noksvL=14
AL391,AL,391,noksvil=13
AL392,AL,392,-
AL393,AL,393,noksvL=14
AL394,AL,394,noksvL=14
AL395,AL,395,noksvil=13
AL396,AL,396,-
AL397,AL,397,-
AL398,AL,398,noksvL=14
AL399,AL,399,noksvL=14
AL400,AL,400,noksvL=14
AL401,AL,401,-
AL402,AL,402,-
AL403,AL,403,noksvL=14
AL404,AL,404,noksvL=14
AL405,AL,405,noksvL=14
AL406,AL,406,-
AL407,AL,407,noksvL=14
AL408,AL,408,noksvil=13
AL409,AL,409,noksvL=14
AL410,AL,410,noksvL=14
AL411,AL,411,noksvL=14
AL412,AL,412,-
AL413,AL,413,-
AL414,AL,414,noksvL=14
AL415,AL,415,noksvL=14
AL416,AL,416,noksvil=13
AL417,AL,417,noksvL=14
AL418,AL,418,noksvL=14
AL419,AL,419,noksvL=14
AL420,AL,420,-
AL421,AL,421,noksvil=13
AL422,AL,422,-
AL423,AL,423,noksvL=14
AL424,AL,424,-
AL425,AL,425,noksvL=14
AL426,AL,426,-
AL427,AL,427,noksvil=13
AL428,AL,428,noksvL=14
AL429,AL,429,-
AL430,AL,430,noksvL=14
AL431,AL,431,-
AL432,AL,432,-
AL433,AL,433,noksvL=14
AL434,AL,434,-
AL435,AL,435,noksvL=14
AL436,AL,436,noksvL=14
AL437,AL,437,noksvL=14
AL438,AL,438,-
AL439,AL,439,noksvL=14
AL440,AL,440,noksvL=14
AL441,AL,441,noksvL=14
AL442,AL,442,noksvL=14
AL443,AL,443,noksvL=14
AL444,AL,444,noksvL=14
AL445,AL,445,noksvL=14
AL446,AL,446,noksvL=14
AL447,AL,447,-
AL448,AL,448,noksvL=14
AL449,AL,449,noksvil=13
AL450,AL,450,noksvL=14
AL451,AL,451,noksvL=14
FL452,FL,452,-
FL453,FL,453,-
FL454,FL,454,-
FL455,FL,455,noksvL=14
FL456,FL,456,noksfL=14
FL457,FL,457,noksvil=13
FL458,FL,458,-
FL459,FL,459,-
FL460,FL,460,-
FL461,FL,461,noksvL=14
FL462,FL,462,noksvL=14
FL463,FL,463,-
FL464,FL,464,-
FL465,FL,465,-
FL466,FL,466,noksvil=13
FL467,FL,467,noksvL=14
FL468,FL,468,-
FL469,FL,469,noksvil=13
FL470,FL,470,noksvil=13
FL471,FL,471,noksvil=13
AL472,AL,472,noksvL=14
AL473,AL,473,-
AL474,AL,474,noksvL=14
AL475,AL,475,noksvL=14
AL476,AL,476,noksvL=14
AL477,AL,477,noksvL=14
AL478,AL,478,-
AL479,AL,479,noksvil=13
AL480,AL,480,noksvil=13
AL481,AL,481,noksvil=13
AL482,AL,482,-
AL483,AL,483,-
AL484,AL,484,noksvL=14
AL485,AL,485,noksvil=13
TN486,TN,486,noksvL=14
TN487,TN,487,-
TN488,TN,488,noksvL=14
TN489,TN,489,noksAvL=144
TN490,TN,490,noksvL=14
TN491,TN,491,-
TN492,TN,492,-
TN493,TN,493,-
TN494,TN,494,-
TN495,TN,495,noksvL=14
TN496,TN,496,noksvil=13
TN497,TN,497,-
TN498,TN,498,noksvL=14
TN499,TN,499,noksvL=14
TN500,TN,500,-
TN501,TN,501,noksvL=14
TN502,TN,502,nawt(s)vL=14
TN502,TN,502,nawktvL=14
TN503,TN,503,-
TN504,TN,504,noksvL=14
TN505,TN,505,-
TN506,TN,506,-
TN507,TN,507,-
TN508,TN,508,noksvL=14
TN509,TN,509,-
TN510,TN,510,-
TN511,TN,511,-
TN512,TN,512,-
TN513,TN,513,noksvL=14
TN514,TN,514,noksvL=14
TN515,TN,515,noksvil=13
TN516,TN,516,noksvL=14
TN517,TN,517,noksvL=14
TN518,TN,518,noksvil=13
TN519,TN,519,-
MS520,MS,520,noksvL=14
MS521,MS,521,noksvL=14
MS522,MS,522,noksvL=14
MS523,MS,523,-
MS524,MS,524,noksvL=14
MS525,MS,525,-
MS526,MS,526,-
MS527,MS,527,noksvL=14
MS528,MS,528,-
MS529,MS,529,-
MS530,MS,530,noksvL=14
MS531,MS,531,noksvL=14
MS532,MS,532,noksvL=14
MS533,MS,533,noksvL=14
MS534,MS,534,-
MS535,MS,535,noksvL=14
MS536,MS,536,-
MS537,MS,537,-
MS538,MS,538,noksvL=14
MS539,MS,539,noksvL=14
MS540,MS,540,-
MS541,MS,541,noksvL=14
MS542,MS,542,-
MS543,MS,543,-
MS544,MS,544,noksvL=14
MS545,MS,545,noksvil=13
MS546,MS,546,-
MS547,MS,547,noksvil=13
MS548,MS,548,noksvL=14
MS549,MS,549,noksvL=14
MS550,MS,550,-
MS551,MS,551,noksvL=14
MS552,MS,552,-
MS553,MS,553,-
MS554,MS,554,-
MS555,MS,555,-
MS556,MS,556,-
MS557,MS,557,noksvL=14
MS558,MS,558,noksvil=13
MS559,MS,559,-
MS560,MS,560,noksvL=14
MS561,MS,561,-
MS562,MS,562,noksvL=14
MS563,MS,563,noksvL=14
MS564,MS,564,noksvil=13
MS565,MS,565,noksvL=14
MS566,MS,566,-
MS567,MS,567,-
MS568,MS,568,noksvL=14
MS569,MS,569,-
MS570,MS,570,noksvL=14
MS571,MS,571,-
MS572,MS,572,noksvL=14
MS573,MS,573,noksvL=14
MS574,MS,574,noksvil=13
MS575,MS,575,noksvL=14
MS576,MS,576,noksvL=14
MS577,MS,577,-
MS578,MS,578,-
MS579,MS,579,noksvil=13
MS580,MS,580,-
MS581,MS,581,noksvL=14
MS582,MS,582,noksvL=14
MS583,MS,583,-
MS584,MS,584,noksvL=14
MS585,MS,585,-
MS586,MS,586,-
MS587,MS,587,noksvL=14
MS588,MS,588,noksvL=14
MS589,MS,589,noksvil=13
MS590,MS,590,noksvil=13
MS591,MS,591,noksvL=14
MS592,MS,592,noksvL=14
MS593,MS,593,-
MS594,MS,594,-
MS595,MS,595,noksvil=13
MS596,MS,596,noksvL=14
MS597,MS,597,-
MS598,MS,598,noksvL=14
MS599,MS,599,noksvL=14
MS600,MS,600,-
MS601,MS,601,noksvL=14
MS602,MS,602,noksvil=13
MS603,MS,603,-
MS604,MS,604,-
MS605,MS,605,-
MS606,MS,606,-
MS607,MS,607,noksvil=13
MS608,MS,608,noksvL=14
MS609,MS,609,-
MS610,MS,610,noksvil=13
MS611,MS,611,noksvi[l]=13
MS612,MS,612,-
MS613,MS,613,noksvL=14
MS614,MS,614,-
MS615,MS,615,noksvL=14
MS616,MS,616,-
MS617,MS,617,noksvL=14
MS618,MS,618,noksvil=13
MS619,MS,619,-
MS620,MS,620,-
MS621,MS,621,noksvil=13
MS622,MS,622,noksvil=13
MS623,MS,623,noksvL=14
MS624,MS,624,noksvil=13
MS625,MS,625,noksvil=13
MS626,MS,626,-
MS627,MS,627,-
MS628,MS,628,noksvL=14
MS629,MS,629,noksvL=14
LA630,LA,630,noksvil=13
LA631,LA,631,-
LA632,LA,632,noksvil=13
LA633,LA,633,noksvL=14
LA634,LA,634,-
LA635,LA,635,noksvil=13
LA636,LA,636,-
LA637,LA,637,-
LA638,LA,638,-
LA639,LA,639,-
LA640,LA,640,-
LA641,LA,641,noksvil=13
LA642,LA,642,-
LA643,LA,643,noksvL=14
LA644,LA,644,-
LA645,LA,645,noksvil=13
LA646,LA,646,noksvL=14
LA647,LA,647,-
LA648,LA,648,-
LA649,LA,649,-
LA650,LA,650,-
LA651,LA,651,-
LA652,LA,652,-
LA653,LA,653,-
LA654,LA,654,noksvil=13
LA655,LA,655,-
LA656,LA,656,noksvil=13
LA657,LA,657,noksvil=13
LA657X,LA,657X,noksvil=13
LA657Y,LA,657Y,noksvil=13
LA657Z,LA,657Z,noksvL=14
LA658,LA,658,noksvil=21
LA659,LA,659,noksvL=14
LA660,LA,660,-
LA661,LA,661,-
LA662,LA,662,-
LA663,LA,663,-
LA664,LA,664,-
LA665,LA,665,-
LA666,LA,666,-
LA667,LA,667,noksvil=13
LA668,LA,668,nogAvul=143
LA669,LA,669,noksvil=13
LA670,LA,670,-
LA671,LA,671,nawksvil=13
LA672,LA,672,-
LA673,LA,673,noksvil=13
AR674,AR,674,-
AR675,AR,675,-
AR676,AR,676,-
AR677,AR,677,noksvL=14
AR678,AR,678,-
AR679,AR,679,noksvL=14
AR680,AR,680,noksvL=14
AR681,AR,681,noksvL=14
AR682,AR,682,noksvL=14
AR683,AR,683,-
AR684,AR,684,-
AR685,AR,685,noksvL=14
AR686,AR,686,-
AR687,AR,687,noksvL=14
AR688,AR,688,noksvL=14
AR689,AR,689,-
AR690,AR,690,-
AR691,AR,691,-
AR692,AR,692,noksvL=14
AR693,AR,693,-
AR694,AR,694,-
AR695,AR,695,noksvL=14
AR696,AR,696,noksvL=14
AR697,AR,697,-
AR698,AR,698,-
AR699,AR,699,-
AR700,AR,700,-
AR701,AR,701,noksvL=14
AR702,AR,702,-
AR703,AR,703,noksvL=14
AR704,AR,704,-
AR705,AR,705,noksvL=14
AR706,AR,706,-
AR707,AR,707,noksvL=14
AR708,AR,708,-
AR709,AR,709,noksvil=13
AR710,AR,710,-
AR711,AR,711,noksvL=14
AR712,AR,712,noksvil=13
AR713,AR,713,-
AR714,AR,714,noksvL=14
AR715,AR,715,-
AR716,AR,716,-
AR717,AR,717,-
AR718,AR,718,-
AR719,AR,719,-
AR720,AR,720,-
AR721,AR,721,noksvL=14
AR722,AR,722,-
AR723,AR,723,-
AR724,AR,724,-
AR725,AR,725,noksvL=14
AR726,AR,726,-
AR727,AR,727,noksvil=13
AR728,AR,728,-
AR729,AR,729,-
AR730,AR,730,noksvil=13
AR731,AR,731,-
AR732,AR,732,-
AR733,AR,733,-
AR734,AR,734,-
AR735,AR,735,-
AR736,AR,736,-
AR737,AR,737,noksvL=14
AR738,AR,738,noksvil=13
AR739,AR,739,-
AR740,AR,740,-
AR741,AR,741,noksvL=14
AR742,AR,742,-
AR743,AR,743,-
AR744,AR,744,-
AR745,AR,745,-
AR746,AR,746,-
AR747,AR,747,-
AR748,AR,748,-
AR749,AR,749,-
AR750,AR,750,-
AR751,AR,751,noksvL=14
AR752,AR,752,noksvil=13
AR753,AR,753,noksvL=14
AR754,AR,754,noksvil=13
AR755,AR,755,noksvil=13
LA756,LA,756,-
LA757,LA,757,-
LA758,LA,758,noksvil=13
LA759,LA,759,-
LA760,LA,760,-
LA761,LA,761,noksvL=14
LA762,LA,762,-
LA763,LA,763,-
LA764,LA,764,-
LA765,LA,765,nawksvL=14
LA766,LA,766,-
LA767,LA,767,noksvL=14
LA768,LA,768,nogzvil=13
LA769,LA,769,noksvil=13
LA770,LA,770,noksvL=14
LA771,LA,771,noksvil=13
LA772,LA,772,-
LA773,LA,773,noksvL=14
LA774,LA,774,-
LA775,LA,775,-
LA776,LA,776,-
LA777,LA,777,noksvil=13
LA778,LA,778,-
LA779,LA,779,noksvil=13
LA780,LA,780,noksvil=13
LA781,LA,781,-
LA782,LA,782,noksvL=14
LA783,LA,783,noksvL=14
LA784,LA,784,-
LA785,LA,785,-
LA786,LA,786,noksveel=13
LA787,LA,787,noksvil=13
LA788,LA,788,-
LA789,LA,789,-
LA790,LA,790,noksvil=13
LA791,LA,791,noksvil=13
LA792,LA,792,-
LA793,LA,793,-
LA794,LA,794,-
LA795,LA,795,-
LA796,LA,796,noksvil=13
LA797,LA,797,-
LA798,LA,798,-
LA799,LA,799,-
LA800,LA,800,-
LA801,LA,801,noksvL=14
LA802,LA,802,noksvil=13
LA803,LA,803,-
LA804,LA,804,-
LA805,LA,805,-
LA806,LA,806,-
LA807,LA,807,-
LA808,LA,808,-
LA809,LA,809,-
LA810,LA,810,-
LA811,LA,811,-
LA812,LA,812,-
LA813,LA,813,-
LA814,LA,814,-
LA815,LA,815,-
LA816,LA,816,noksvL=14
LA817,LA,817,noksvil=13
TX818,TX,818,-
TX819,TX,819,-
TX820,TX,820,-
TX821,TX,821,-
TX822,TX,822,noksvL=14
TX823,TX,823,notsvil=13
TX824,TX,824,noksvL=14
TX825,TX,825,-
TX826,TX,826,noksvL=14
TX827,TX,827,noksvL=14
TX828,TX,828,-
TX829,TX,829,noksvL=14
TX830,TX,830,noksvil=13
TX831,TX,831,-
TX832,TX,832,-
TX833,TX,833,-
TX834,TX,834,-
TX835,TX,835,-
TX836,TX,836,-
TX837,TX,837,-
TX838,TX,838,-
TX839,TX,839,-
TX840,TX,840,-
TX841,TX,841,-
TX842,TX,842,-
TX843,TX,843,-
TX844,TX,844,noksvil=13
TX845,TX,845,-
TX846,TX,846,noksvil=13
TX847,TX,847,-
TX848,TX,848,-
TX849,TX,849,noksvL=14
TX850,TX,850,-
TX851,TX,851,-
TX852,TX,852,-
TX853,TX,853,-
TX854,TX,854,-
TX855,TX,855,-
TX856,TX,856,-
TX857,TX,857,-
TX858,TX,858,-
TX859,TX,859,noksvil=13
TX860,TX,860,-
TX861,TX,861,noksvL=14
TX862,TX,862,-
TX863,TX,863,noksvL=14
TX864,TX,864,-
TX865,TX,865,noksvL=14
TX866,TX,866,-
TX867,TX,867,noksvil=13
TX868,TX,868,noksvil=13
TX869,TX,869,noksvil=13
TX870,TX,870,noksvil=13
TX871,TX,871,-
TX872,TX,872,-
TX873,TX,873,-
TX874,TX,874,noksvil=13
TX875,TX,875,noksvil=13
TX876,TX,876,noksvil=13
TX877,TX,877,noksvL=14
TX878,TX,878,noksvL=14
TX879,TX,879,-
TX880,TX,880,-
TX881,TX,881,-
TX882,TX,882,-
TX883,TX,883,-
TX884,TX,884,-
TX885,TX,885,-
TX886,TX,886,-
TX887,TX,887,-
TX888,TX,888,-
TX889,TX,889,-
TX890,TX,890,-
TX891,TX,891,-
TX892,TX,892,-
TX893,TX,893,noksvL=14
TX894,TX,894,noksvil=13
TX895,TX,895,noksvil=13
TX896,TX,896,noksvil=13
TX897,TX,897,-
TX898,TX,898,-
TX899,TX,899,noksvil=13
TX900,TX,900,-
TX901,TX,901,nawksvil=13
TX902,TX,902,noksvil=13
TX903,TX,903,-
TX904,TX,904,noksvil=13
TX905,TX,905,noksvil=13
TX906,TX,906,noksvil=13
TX907,TX,907,-
TX908,TX,908,noksvil=13
TX909,TX,909,-
TX910,TX,910,noksvil=13
TX911,TX,911,noksvil=13
