Informant,State,Informant number,Response
TN001,TN,001,myuezIk=14
TN002,TN,002,myuezIk=14
TN003,TN,003,myuezIk=14
TN004,TN,004,myuezsIk=14
TN005,TN,005,myue{z}Ik=14
TN006,TN,006,myue{z}Ik=14
TN007,TN,007,myuezIk=14
TN008,TN,008,myuezik=13
TN009,TN,009,myuezIk=14
TN010,TN,010,myuezIk=14
TN011,TN,011,myuezIk=14
TN012,TN,012,myuezIk=14
TN013,TN,013,myuezIk=14
TN014,TN,014,myuezIk=14
TN015,TN,015,myuezIk=14
TN016,TN,016,myuezIk=14
TN017,TN,017,myuezIk=14
TN018,TN,018,myuezIk=14
TN019,TN,019,myuezIk=14
TN020,TN,020,myuezIk=14
TN021,TN,021,myuezAk=14
TN022,TN,022,myuezIk=14
TN023,TN,023,myuezAk=14
TN024,TN,024,myue{z}Ik=14
TN025,TN,025,myuezIk=14
TN026,TN,026,myuezIk=14
TN027,TN,027,myuezIk=14
TN028,TN,028,myuezIk=14
TN029,TN,029,myuezIk=14
TN030,TN,030,myuezIk=14
TN031,TN,031,myuezIk=14
TN032,TN,032,myuezIk=14
TN033,TN,033,myuezIk=14
TN034,TN,034,myuezIk=14
TN035,TN,035,myuezIk=14
TN036,TN,036,myuezIk=14
TN037,TN,037,myuezIk=14
TN038,TN,038,-
TN039,TN,039,myuezIk=14
TN040,TN,040,mewzIk=14
TN041,TN,041,myuezIk=14
TN042,TN,042,myuezIk=14
TN043,TN,043,myuezIk=14
TN044,TN,044,-
TN045,TN,045,-
TN046,TN,046,myuezIk=14
TN047,TN,047,myuezIk=14
TN048,TN,048,myuezI{?}=14
TN049,TN,049,myuezIk=14
TN050,TN,050,myuezAk=14
TN051,TN,051,mewzIk=14
TN052,TN,052,myuezIk=14
TN053,TN,053,myuezIk=14
TN054,TN,054,mewzIk=14
TN055,TN,055,mewzIk=14
TN056,TN,056,mewzIk=14
TN057,TN,057,mewzIk=14
TN058,TN,058,myuezIk=14
TN059,TN,059,-
TN060,TN,060,myuezIk=14
GA061,GA,061,mewzIk=14
GA062,GA,062,mewzIk=14
GA063,GA,063,-
GA064,GA,064,myuezIk=14
GA065,GA,065,myuezik=13
GA066,GA,066,-
GA067,GA,067,mewzIk=14
GA068,GA,068,-
GA069,GA,069,myuezIk=14
GA070,GA,070,myuezIk=14
GA071,GA,071,mewzIk=14
GA072,GA,072,myuezIk=14
GA073,GA,073,mewzIk=14
GA074,GA,074,-
GA075,GA,075,mewzIk=14
GA076,GA,076,myewzIk=14
GA077,GA,077,myuezhIk=14
GA078,GA,078,myuezIk=14
GA079,GA,079,myuezIk=14
GA080,GA,080,-
GA081,GA,081,myuezIk=14
GA082,GA,082,-
GA083,GA,083,myuezik=13
GA084,GA,084,myuezIk=14
GA085,GA,085,myuezIk=14
GA086,GA,086,myuezIk=14
GA087,GA,087,myuezI(k)=14
GA088,GA,088,myue{z}Ik=14
GA089,GA,089,-
GA090,GA,090,myuezIk=14
GA091,GA,091,mewzIk=14
GA092,GA,092,-
GA093,GA,093,-
GA094,GA,094,myuezIk=14
GA095,GA,095,myewzIk=14
GA096,GA,096,myuezIk=14
GA097,GA,097,mewzIk=14
GA098,GA,098,myewzIk=14
GA099,GA,099,myuezIk=14
GA100,GA,100,myuezIk=14
GA101,GA,101,myuezIk=14
GA102,GA,102,myuezIk=14
GA103,GA,103,mewzIk=14
GA103,GA,103,myuezIk=14
GA104,GA,104,myuezIk=14
GA105,GA,105,myue{z}Ik=14
GA106,GA,106,myuezik=13
GA107,GA,107,myewzIk=14
GA108,GA,108,myuezIk=14
GA109,GA,109,myuezIk=14
GA110,GA,110,myuezIk=14
GA111,GA,111,myuezIk=14
GA112,GA,112,-
GA113,GA,113,myewzik=13
GA114,GA,114,-
GA115,GA,115,-
GA116,GA,116,myuezIk=14
GA117,GA,117,myuezIk=14
GA118,GA,118,myuezIk=14
GA119,GA,119,mewzIk=14
GA120,GA,120,myuezIk=14
GA121,GA,121,myuezIk=14
GA122,GA,122,myuezIk=14
GA123,GA,123,myuezIk=14
GA124,GA,124,myewzIk=14
GA125,GA,125,myuezIk=14
GA126,GA,126,myuezAk=14
GA127,GA,127,-
GA128,GA,128,-
GA129,GA,129,-
GA130,GA,130,-
GA131,GA,131,myuezIk=14
GA132,GA,132,-
GA133,GA,133,myuezIk=14
GA134,GA,134,myue{z}Ik=14
GA135,GA,135,myuezIk=14
GA136,GA,136,mewzIk=14
GA137,GA,137,myuezIk=14
GA138,GA,138,myuezIk=14
GA139,GA,139,mewzIk=14
GA140,GA,140,myuezIk=14
GA141,GA,141,mewzIk=14
GA142,GA,142,myuezIk=14
GA143,GA,143,myuezIk=14
GA144,GA,144,mewzIk=14
GA145,GA,145,mew{z}Ik=14
GA146,GA,146,myewzik=13
GA147,GA,147,-
GA148,GA,148,myuezIk=14
GA149,GA,149,myewzIk=14
GA150,GA,150,myewzik=13
GA151,GA,151,mewzIk=14
GA152,GA,152,myuezIk=14
GA153,GA,153,-
GA154,GA,154,-
GA155,GA,155,myue{z}Ik=14
GA156,GA,156,-
GA157,GA,157,-
GA158,GA,158,mewzIk=14
GA159,GA,159,mewzIk=14
GA160,GA,160,-
GA161,GA,161,mewzIk=14
GA162,GA,162,myuezI(k)=14
GA163,GA,163,mewzIk=14
GA164,GA,164,myuezIk=14
GA165,GA,165,myuezIk=14
GA166,GA,166,myewzIk=14
GA167,GA,167,myuezIk=14
GA168,GA,168,-
GA169,GA,169,-
GA170,GA,170,myuezIk=14
GA171,GA,171,mewzIk=14
GA172,GA,172,myuezIk=14
GA173,GA,173,-
GA174,GA,174,-
GA175,GA,175,mew{z}Ik=14
GA176,GA,176,-
GA177,GA,177,-
GA178,GA,178,-
GA179,GA,179,myue{z}I{?}=14
GA180,GA,180,-
GA181,GA,181,-
GA182,GA,182,-
GA183,GA,183,mewzIk=14
GA184,GA,184,mewzIk=14
GA185,GA,185,myuezIk=14
GA186,GA,186,myuezIk=14
GA187,GA,187,-
GA188,GA,188,myuezIk=14
GA189,GA,189,mewzIk=14
GA190,GA,190,myuezIk=14
GA191,GA,191,m(y)eezIk=14
GA192,GA,192,myuezIk=14
GA193,GA,193,myuezIk=14
GA194,GA,194,myuezIk=14
GA195,GA,195,myuezIk=14
GA196,GA,196,-
GA197,GA,197,-
GA198,GA,198,-
GA199,GA,199,-
GA200,GA,200,myuezIk=14
GA201,GA,201,myuezIk=14
GA202,GA,202,myue{z}Ik=14
GA203,GA,203,myuezIk=14
GA204,GA,204,-
GA205,GA,205,-
GA206,GA,206,myuezIk=14
GA207,GA,207,-
GA208,GA,208,myuezIk=14
GA209,GA,209,myue{z}Ik=14
GA210,GA,210,myuezIk=14
GA211,GA,211,mewzIk=14
GA212,GA,212,-
GA213,GA,213,myuezIk=14
GA214,GA,214,myuezIk=14
GA215,GA,215,myuezI{?}=14
GA216,GA,216,myuezIk=14
GA217,GA,217,myuezI{?}=14
GA218,GA,218,-
GA219,GA,219,-
GA220,GA,220,myewzIk=14
GA221,GA,221,myuezIk=14
GA222,GA,222,myuezIk=14
GA223,GA,223,myewzIk=14
GA224,GA,224,-
GA225,GA,225,-
FL226,FL,226,-
FL227,FL,227,myuezIk=14
FL228,FL,228,myewzIk=14
FL229,FL,229,myue{z}Ik=14
FL230,FL,230,myuezIk=14
FL231,FL,231,myuezIk=14
FL232,FL,232,myuezIk=14
FL233,FL,233,myuezIk=14
FL234,FL,234,mewzIk=14
FL235,FL,235,myoozIk=14
FL236,FL,236,myuezIk=14
FL237,FL,237,myewzIk=14
FL238,FL,238,myuezIk=14
FL239,FL,239,mewzIk=14
FL240,FL,240,mewzIk=14
FL241,FL,241,myuezIk=14
FL242,FL,242,myuezIk=14
FL243,FL,243,myuezIk=14
FL244,FL,244,myuezIk=14
FL245,FL,245,myuezIk=14
FL246,FL,246,myuezIk=14
FL247,FL,247,myuezIk=14
FL248,FL,248,myue{z}Ik=14
FL249,FL,249,myewzI{g}=14
FL249,FL,249,myewzIk=14
FL250,FL,250,myewzIk=14
FL251,FL,251,myuezIk=14
FL252,FL,252,-
FL253,FL,253,myuezIk=14
FL254,FL,254,myuezIk=14
FL255,FL,255,myuezIk=14
FL256,FL,256,myuezIk=14
FL256,FL,256,myuezI(k)=14
FL257,FL,257,myue{z}Ik=14
FL258,FL,258,mewzIk=14
FL259,FL,259,myuezIk=14
FL260,FL,260,-
FL261,FL,261,mewzIk=14
FL262,FL,262,mewzIk=14
FL263,FL,263,-
FL264,FL,264,myuezIk=14
FL265,FL,265,-
FL266,FL,266,myuezIk=14
FL267,FL,267,-
FL268,FL,268,-
FL269,FL,269,myewzhIk=14
FL270,FL,270,myuezIk=14
FL271,FL,271,myuezIk=14
FL272,FL,272,-
FL273,FL,273,myuezIk=14
FL274,FL,274,mewzIk=14
FL275,FL,275,mewzIk=14
FL276,FL,276,myuezIk=14
FL277,FL,277,myuezIk=14
FL278,FL,278,myuezIk=14
FL279,FL,279,mewzIk=14
FL280,FL,280,myue{z}Ik=14
FL281,FL,281,myuezI(k)=14
FL282,FL,282,-
FL283,FL,283,myuezI{?}=14
FL284,FL,284,myuezIk=14
FL285,FL,285,-
FL286,FL,286,mewzIk=14
FL287,FL,287,-
FL288,FL,288,myuezIk=14
FL289,FL,289,myuezIk=14
FL289,FL,289,myue{z}Ik=14
TN290,TN,290,myuezIk=14
TN291,TN,291,myuesIk=14
TN292,TN,292,myuezIk=14
TN293,TN,293,myuezIk=14
TN294,TN,294,myuezIk=14
TN295,TN,295,myuezIk=14
TN296,TN,296,myuezIk=14
TN297,TN,297,mewzIk=14
TN298,TN,298,myuezIk=14
TN299,TN,299,myuezIk=14
TN300,TN,300,myuezIk=14
TN301,TN,301,myuezIk=14
TN302,TN,302,myuezIk=14
TN303,TN,303,myuezIk=14
TN304,TN,304,myuezIk=14
TN305,TN,305,-
TN306,TN,306,myuezIk=14
TN307,TN,307,myuezIk=14
TN308,TN,308,myuezIk=14
TN309,TN,309,myue{z}ik=13
TN310,TN,310,myuezIk=14
TN311,TN,311,-
TN312,TN,312,myuezIk=14
TN313,TN,313,myewzIk=14
TN314,TN,314,myuezIk=14
TN315,TN,315,myuezIk=14
TN316,TN,316,-
TN317,TN,317,myuezIk=14
TN318,TN,318,-
TN319,TN,319,-
TN320,TN,320,myuezIk=14
TN321,TN,321,myuezIk=14
TN322,TN,322,myuezIk=14
TN323,TN,323,myuezIk=14
TN324,TN,324,myuezIk=14
TN325,TN,325,myuezIk=14
TN326,TN,326,myuezIk=14
TN327,TN,327,myewzIk=14
TN328,TN,328,mewzIk=14
TN329,TN,329,myuezIk=14
TN330,TN,330,myuezIk=14
TN331,TN,331,myuezIk=14
TN332,TN,332,myewzhIk=14
TN333,TN,333,myuezIk=14
TN334,TN,334,myuezIk=14
TN335,TN,335,-
TN336,TN,336,myuezIk=14
AL337,AL,337,-
AL338,AL,338,myuezIk=14
AL339,AL,339,myuezIk=14
AL340,AL,340,myuezIk=14
AL341,AL,341,myuezIk=14
AL342,AL,342,-
AL343,AL,343,myuezIk=14
AL344,AL,344,myuezIk=14
AL345,AL,345,mewzIk=14
AL346,AL,346,mewzIk=14
AL347,AL,347,myuezIk=14
AL348,AL,348,myuezIk=14
AL349,AL,349,myuezIk=14
AL350,AL,350,mewzIk=14
AL351,AL,351,mewzIk=14
AL352,AL,352,myuezIk=14
AL353,AL,353,mewzIk=14
AL354,AL,354,myuezIk=14
AL355,AL,355,myuezIk=14
AL356,AL,356,myuezIk=14
AL357,AL,357,mewzIk=14
AL358,AL,358,myuezIk=14
AL359,AL,359,-
AL360,AL,360,mewzIk=14
AL361,AL,361,mewzIk=14
AL361,AL,361,myuezIk=14
AL362,AL,362,myuezIk=14
AL363,AL,363,myuezIk=14
AL364,AL,364,mewzIk=14
AL365,AL,365,myuezik=13
AL366,AL,366,mewzIk=14
AL367,AL,367,myuezIk=14
AL368,AL,368,mewzIk=14
AL369,AL,369,mewzIk=14
AL370,AL,370,myuezIk=14
AL371,AL,371,myewzIk=14
AL371,AL,371,myuezIk=14
AL372,AL,372,myuezIk=14
AL373,AL,373,myewzIk=14
AL374,AL,374,mewzIk=14
AL375,AL,375,myuezIk=14
AL376,AL,376,-
AL377,AL,377,myuezIk=14
AL378,AL,378,myuezIk=14
AL379,AL,379,myuezIk=14
AL380,AL,380,mewzIk=14
AL381,AL,381,mewzIk=14
AL382,AL,382,myuezIk=14
AL383,AL,383,myuezsIk=14
AL384,AL,384,myuezIk=14
AL385,AL,385,myuezIk=14
AL386,AL,386,myuesIk=14
AL386,AL,386,myuezIk=14
AL387,AL,387,myuezIk=14
AL388,AL,388,myuezIk=14
AL389,AL,389,myuezIk=14
AL390,AL,390,myuezIk=14
AL391,AL,391,mewzIk=14
AL392,AL,392,-
AL393,AL,393,mew{z}ik=13
AL394,AL,394,m(y)uezIk=14
AL394,AL,394,myuezIk=14
AL395,AL,395,myuezIk=14
AL396,AL,396,-
AL397,AL,397,myuezIk=14
AL398,AL,398,mewzIk=14
AL399,AL,399,mewzIk=14
AL400,AL,400,myuezIk=14
AL401,AL,401,-
AL402,AL,402,myuezIk=14
AL403,AL,403,myuezIk=14
AL404,AL,404,mewzIk=14
AL405,AL,405,mewzIk=14
AL406,AL,406,myuezIk=14
AL407,AL,407,myuezIk=14
AL408,AL,408,myuezIk=14
AL409,AL,409,myuezIk=14
AL410,AL,410,m(y)uezIk=14
AL411,AL,411,myuezIk=14
AL412,AL,412,-
AL413,AL,413,-
AL414,AL,414,myuezIk=14
AL415,AL,415,myuezIk=14
AL416,AL,416,myuezIk=14
AL417,AL,417,myuezIk=14
AL418,AL,418,mewzIk=14
AL419,AL,419,myue{z}Ik=14
AL420,AL,420,myuezIk=14
AL421,AL,421,myuezIk=14
AL422,AL,422,myuezIk=14
AL423,AL,423,myuezIk=14
AL424,AL,424,myuezIk=14
AL425,AL,425,myewzIk=14
AL426,AL,426,myuezIk=14
AL427,AL,427,myuezIk=14
AL428,AL,428,mewzIk=14
AL429,AL,429,myuezIk=14
AL430,AL,430,myuezIk=14
AL431,AL,431,myewzIk=14
AL432,AL,432,-
AL433,AL,433,mewzIk=14
AL434,AL,434,myuezIk=14
AL435,AL,435,-
AL436,AL,436,myuezIk=14
AL437,AL,437,myue{z}Ik=14
AL438,AL,438,myuezIk=14
AL439,AL,439,mewzIk=14
AL440,AL,440,myuezIk=14
AL441,AL,441,-
AL442,AL,442,myewdhIk=14
AL443,AL,443,myuezIk=14
AL444,AL,444,myue{z}Ik=14
AL445,AL,445,mewzIk=14
AL446,AL,446,myuezIk=14
AL447,AL,447,myuezIk=14
AL448,AL,448,myuezIk=14
AL449,AL,449,myewzIk=14
AL450,AL,450,-
AL451,AL,451,myuez(Ik)
FL452,FL,452,myue{z}Ik=14
FL453,FL,453,-
FL454,FL,454,myuezIk=14
FL455,FL,455,myuezIk=14
FL456,FL,456,myewzIk=14
FL456,FL,456,myuezIk=14
FL457,FL,457,myuezIk=14
FL458,FL,458,myuezIk=14
FL459,FL,459,-
FL460,FL,460,mewzIk=14
FL461,FL,461,myuezIk=14
FL462,FL,462,mewzIk=14
FL463,FL,463,myuezIk=14
FL464,FL,464,myuezIk=14
FL465,FL,465,mewzIk=14
FL466,FL,466,myuezIk=14
FL467,FL,467,-
FL468,FL,468,myuezIk=14
FL469,FL,469,m(y)uezIk=14
FL469,FL,469,myuezIk=14
FL470,FL,470,myuezIk=14
FL471,FL,471,myuezIk=14
AL472,AL,472,mewzIk=14
AL473,AL,473,myuezIk=14
AL474,AL,474,myuezIk=14
AL475,AL,475,myewzIk=14
AL476,AL,476,myewzIk=14
AL477,AL,477,myuezIk=14
AL478,AL,478,myuezIk=14
AL479,AL,479,myuezI(k)=14
AL480,AL,480,myue{z}Ik=14
AL481,AL,481,myuezIk=14
AL482,AL,482,myuezIk=14
AL483,AL,483,myuezIk=14
AL484,AL,484,myuezIk=14
AL485,AL,485,myuezIk=14
TN486,TN,486,-
TN487,TN,487,mewzIk=14
TN487,TN,487,myuezIk=14
TN488,TN,488,myuezIk=14
TN489,TN,489,myewzIk=14
TN490,TN,490,mewzIk=14
TN491,TN,491,-
TN492,TN,492,myuezik=13
TN493,TN,493,-
TN494,TN,494,myuezIk=14
TN495,TN,495,-
TN496,TN,496,myuezIk=14
TN497,TN,497,myewzIk=14
TN497,TN,497,myuezIk=14
TN498,TN,498,myuezIk=14
TN499,TN,499,myuezIk=14
TN500,TN,500,-
TN501,TN,501,mewzIk=14
TN502,TN,502,myuezIk=14
TN503,TN,503,-
TN504,TN,504,myuezIk=14
TN505,TN,505,myuesIk=14
TN506,TN,506,myuezIk=14
TN507,TN,507,-
TN508,TN,508,myuesIk=14
TN509,TN,509,-
TN510,TN,510,-
TN511,TN,511,-
TN512,TN,512,myuezIk=14
TN513,TN,513,myuezIk=14
TN514,TN,514,myue{z}ik=13
TN515,TN,515,-
TN516,TN,516,mewzIk=14
TN517,TN,517,mewzIk=14
TN518,TN,518,myuezIk=14
TN519,TN,519,myewzIk=14
TN519,TN,519,myuezIk=14
MS520,MS,520,-
MS521,MS,521,myuezIk=14
MS522,MS,522,myuezIk=14
MS523,MS,523,mewzIk=14
MS524,MS,524,myuezIk=14
MS525,MS,525,-
MS526,MS,526,myuezIk=14
MS527,MS,527,myuezIk=14
MS528,MS,528,myuezIk=14
MS529,MS,529,-
MS530,MS,530,myuezIk=14
MS531,MS,531,mewzIk=14
MS532,MS,532,mewzIk=14
MS533,MS,533,myuezIk=14
MS534,MS,534,-
MS535,MS,535,mewzIk=14
MS535,MS,535,mew{z}Ik=14
MS536,MS,536,-
MS537,MS,537,myuezIk=14
MS538,MS,538,myuezIk=14
MS539,MS,539,myuezIk=14
MS540,MS,540,-
MS541,MS,541,-
MS542,MS,542,-
MS543,MS,543,myuezIk=14
MS544,MS,544,myuezIk=14
MS545,MS,545,myuezIk=14
MS546,MS,546,-
MS547,MS,547,myuezIk=14
MS548,MS,548,myuezIk=14
MS549,MS,549,myuezIk=14
MS550,MS,550,-
MS551,MS,551,myuezIk=14
MS552,MS,552,-
MS553,MS,553,mewzIk=14
MS554,MS,554,-
MS555,MS,555,-
MS556,MS,556,-
MS557,MS,557,myuezIk=14
MS558,MS,558,mewzIk=14
MS558,MS,558,myuezIk=14
MS559,MS,559,mewzIk=14
MS560,MS,560,mewzIk=14
MS561,MS,561,-
MS562,MS,562,myuezIk=14
MS563,MS,563,myuezIk=14
MS564,MS,564,myuezIk=14
MS565,MS,565,-
MS566,MS,566,-
MS567,MS,567,-
MS568,MS,568,-
MS569,MS,569,mewzIk=14
MS570,MS,570,mewzIk=14
MS571,MS,571,mewzIk=14
MS572,MS,572,myuezIk=14
MS573,MS,573,myuezIk=14
MS574,MS,574,myuezIk=14
MS575,MS,575,myuesIk=14
MS576,MS,576,myuezIk=14
MS577,MS,577,myuezIk=14
MS578,MS,578,myuezIk=14
MS579,MS,579,mewzIk=14
MS580,MS,580,-
MS581,MS,581,mewzIk=14
MS582,MS,582,myuezIk=14
MS583,MS,583,myuezIk=14
MS584,MS,584,myuezIk=14
MS585,MS,585,myuesIk=14
MS586,MS,586,-
MS587,MS,587,myuezIk=14
MS588,MS,588,myuezIk=14
MS589,MS,589,mewzIk=14
MS590,MS,590,myuezIk=14
MS591,MS,591,mewzIk=14
MS592,MS,592,myuezIk=14
MS593,MS,593,myuezIk=14
MS594,MS,594,myuezAk=14
MS595,MS,595,myuezIk=14
MS596,MS,596,myuezIk=14
MS597,MS,597,mewzIk=14
MS598,MS,598,mewzIk=14
MS598,MS,598,myuezIk=14
MS599,MS,599,myuezIk=14
MS600,MS,600,myuezhIk=14
MS601,MS,601,myuezIk=14
MS602,MS,602,myuezIk=14
MS602,MS,602,myuezIt=14
MS603,MS,603,-
MS604,MS,604,-
MS605,MS,605,mewzIk=14
MS606,MS,606,mewzIk=14
MS607,MS,607,myuezik=13
MS608,MS,608,myuezIk=14
MS609,MS,609,myuezIk=14
MS610,MS,610,myuezIk=14
MS611,MS,611,-
MS612,MS,612,mewzIk=14
MS613,MS,613,myuezAk=14
MS614,MS,614,-
MS615,MS,615,myewzIk=14
MS616,MS,616,myuezIk=14
MS617,MS,617,myewzIk=14
MS618,MS,618,-
MS619,MS,619,myuezIk=14
MS620,MS,620,myuezI(k)=14
MS621,MS,621,myuezIk=14
MS622,MS,622,myuezIk=14
MS623,MS,623,myuezIk=14
MS624,MS,624,myuezIk=14
MS625,MS,625,myuezIk=14
MS626,MS,626,-
MS627,MS,627,myuezIk=14
MS628,MS,628,myuezIk=14
MS629,MS,629,-
LA630,LA,630,myuezIk=14
LA631,LA,631,-
LA632,LA,632,-
LA633,LA,633,-
LA634,LA,634,mewzIk=14
LA635,LA,635,-
LA636,LA,636,myuezIk=14
LA637,LA,637,-
LA638,LA,638,-
LA639,LA,639,myuezIk=14
LA640,LA,640,myuezIk=14
LA641,LA,641,myuezIk=14
LA642,LA,642,-
LA643,LA,643,mewzIk=14
LA644,LA,644,-
LA645,LA,645,myewzIk=14
LA646,LA,646,myuezIk=14
LA647,LA,647,-
LA648,LA,648,myuezIk=14
LA649,LA,649,myuezIk=14
LA650,LA,650,myuezIk=14
LA651,LA,651,-
LA652,LA,652,myuezIk=14
LA653,LA,653,myuezIk=14
LA654,LA,654,-
LA655,LA,655,mewzIk=14
LA656,LA,656,myuezIk=14
LA657,LA,657,myuezIk=14
LA657X,LA,657X,myuezIk=14
LA657Y,LA,657Y,myuezIk=14
LA657Z,LA,657Z,myuezIk=14
LA658,LA,658,myewzAk=14
LA659,LA,659,myuezIk=14
LA660,LA,660,myuezIk=14
LA661,LA,661,myewzIk=14
LA662,LA,662,myuezik=13
LA663,LA,663,myuezIk=14
LA664,LA,664,-
LA665,LA,665,-
LA666,LA,666,myuezIk=14
LA667,LA,667,myuezIk=14
LA668,LA,668,mewzIk=14
LA669,LA,669,myuezIk=14
LA670,LA,670,myuezIk=14
LA671,LA,671,myuezIk=14
LA672,LA,672,myuezIk=14
LA673,LA,673,mewzIk=14
AR674,AR,674,myuezIk=14
AR675,AR,675,myuezik=13
AR676,AR,676,myuezIk=14
AR677,AR,677,mewzIk=14
AR678,AR,678,-
AR679,AR,679,myew{z}Ik=14
AR680,AR,680,myewzIk=14
AR681,AR,681,mewzIk=14
AR682,AR,682,mewzIk=14
AR683,AR,683,-
AR684,AR,684,-
AR685,AR,685,mewzIk=14
AR686,AR,686,myuezIk=14
AR687,AR,687,myuezIk=14
AR688,AR,688,myuezIk=14
AR689,AR,689,-
AR690,AR,690,myewzik=13
AR691,AR,691,mewzIk=14
AR692,AR,692,myuezIk=14
AR693,AR,693,myuezIk=14
AR694,AR,694,myuezIk=14
AR695,AR,695,mewzIk=14
AR696,AR,696,-
AR697,AR,697,myuezIk=14
AR698,AR,698,-
AR699,AR,699,-
AR700,AR,700,myuezIk=14
AR701,AR,701,myuezIk=14
AR702,AR,702,-
AR703,AR,703,myuezIk=14
AR704,AR,704,mewzIk=14
AR705,AR,705,m(y)uezIk=14
AR706,AR,706,-
AR707,AR,707,myuezIk=14
AR708,AR,708,myue{z}I(k)=14
AR709,AR,709,myuezIk=14
AR710,AR,710,myuezIk=14
AR711,AR,711,myuezIk=14
AR712,AR,712,mewzIk=14
AR713,AR,713,myuezIk=14
AR714,AR,714,mewzIk=14
AR715,AR,715,myuezIk=14
AR716,AR,716,myewzIk=14
AR716,AR,716,myuezIk=14
AR717,AR,717,myuezIk=14
AR718,AR,718,mewzIk=14
AR719,AR,719,myuezIk=14
AR720,AR,720,myue{z}Ik=14
AR721,AR,721,mewzIk=14
AR722,AR,722,myuezIk=14
AR723,AR,723,mewzIk=14
AR724,AR,724,myue{z}Ik=14
AR725,AR,725,myuezIk=14
AR726,AR,726,myuezik=13
AR727,AR,727,-
AR728,AR,728,myewzIk=14
AR729,AR,729,myuezIk=14
AR730,AR,730,-
AR731,AR,731,mewzIk=14
AR732,AR,732,mewzIk=14
AR733,AR,733,-
AR734,AR,734,-
AR735,AR,735,myuezik=13
AR735,AR,735,myuezIk=14
AR736,AR,736,myuezIk=14
AR737,AR,737,-
AR738,AR,738,myuezIk=14
AR739,AR,739,-
AR740,AR,740,myuezIk=14
AR741,AR,741,myuezIk=14
AR742,AR,742,-
AR743,AR,743,-
AR744,AR,744,mewzIk=14
AR745,AR,745,-
AR746,AR,746,-
AR747,AR,747,myuezIk=14
AR748,AR,748,myuezIk=14
AR749,AR,749,myewzIk=14
AR750,AR,750,-
AR751,AR,751,myuezIk=14
AR752,AR,752,mewzIk=14
AR752,AR,752,myuezIk=14
AR753,AR,753,mewzIk=14
AR754,AR,754,myuezIk=14
AR755,AR,755,mewzIk=14
LA756,LA,756,myuezIk=14
LA757,LA,757,myuezIk=14
LA758,LA,758,mewzIk=14
LA759,LA,759,myuezIk=14
LA760,LA,760,m(y)uezIk=14
LA761,LA,761,mewzI(k)=14
LA762,LA,762,-
LA763,LA,763,-
LA764,LA,764,myewzIk=14
LA765,LA,765,myuezIk=14
LA766,LA,766,myewzik=13
LA767,LA,767,mewzIk=14
LA768,LA,768,m(y)uezik=13
LA769,LA,769,myuezIk=14
LA770,LA,770,myuezIk=14
LA771,LA,771,myuezIk=14
LA772,LA,772,myuezIk=14
LA773,LA,773,myewzIk=14
LA774,LA,774,-
LA775,LA,775,mewzIk=14
LA776,LA,776,myuezik=13
LA777,LA,777,mewzIk=14
LA778,LA,778,mewzIk=14
LA779,LA,779,myuezIk=14
LA780,LA,780,mewzIk=14
LA781,LA,781,myuezIk=14
LA782,LA,782,myuezIk=14
LA783,LA,783,myuezIk=14
LA784,LA,784,myuezIk=14
LA785,LA,785,myuezik=13
LA785,LA,785,myuezIk=14
LA786,LA,786,myuezIk=14
LA787,LA,787,mewzIk=14
LA788,LA,788,mewsIk=14
LA788,LA,788,m(y)uezIk=14
LA789,LA,789,myuezIk=14
LA790,LA,790,myue{z}Ik=14
LA791,LA,791,myuezIk=14
LA792,LA,792,myuezIk=14
LA793,LA,793,-
LA794,LA,794,myuezIk=14
LA795,LA,795,myuezIk=14
LA796,LA,796,myuezIk=14
LA797,LA,797,myuezhIk=14
LA798,LA,798,myuezIk=14
LA799,LA,799,-
LA800,LA,800,mewzIk=14
LA801,LA,801,myuezIk=14
LA802,LA,802,-
LA803,LA,803,-
LA804,LA,804,-
LA805,LA,805,myuezik=13
LA806,LA,806,myuezIk=14
LA807,LA,807,myuezIk=14
LA808,LA,808,-
LA809,LA,809,mewzIk=14
LA810,LA,810,myoozIk=14
LA810,LA,810,myuezIk=14
LA811,LA,811,myuezIk=14
LA812,LA,812,-
LA813,LA,813,myuezIk=14
LA814,LA,814,myuezik=13
LA815,LA,815,myuezIk=14
LA816,LA,816,mewzIk=14
LA817,LA,817,mewzIk=14
TX818,TX,818,-
TX819,TX,819,myewzIk=14
TX820,TX,820,myue{z}Ik=14
TX821,TX,821,mewzIk=14
TX822,TX,822,myuezIk=14
TX823,TX,823,myuezIk=14
TX824,TX,824,myew{z}ik=13
TX825,TX,825,myuezIk=14
TX826,TX,826,myuezIk=14
TX827,TX,827,myue{z}Ik=14
TX828,TX,828,mewzIk=14
TX829,TX,829,mewzIk=14
TX829,TX,829,myuezIk=14
TX830,TX,830,myuesIk=14
TX830,TX,830,myuezIk=14
TX831,TX,831,myuezIk=14
TX832,TX,832,-
TX833,TX,833,myewzIk=14
TX834,TX,834,mewzIk=14
TX835,TX,835,-
TX836,TX,836,myuezIk=14
TX837,TX,837,myuezIk=14
TX838,TX,838,myuezIk=14
TX839,TX,839,-
TX840,TX,840,mewzIk=14
TX841,TX,841,-
TX842,TX,842,myuezIk=14
TX843,TX,843,mewzIk=14
TX844,TX,844,myewzIk=14
TX845,TX,845,myuezIk=14
TX846,TX,846,myewzIk=14
TX847,TX,847,myuezIk=14
TX848,TX,848,myuezIk=14
TX849,TX,849,mewzIk=14
TX850,TX,850,mewzIk=14
TX851,TX,851,-
TX852,TX,852,mewzIk=14
TX853,TX,853,mewzIk=14
TX854,TX,854,myuezIk=14
TX855,TX,855,-
TX856,TX,856,-
TX857,TX,857,mewzIk=14
TX857,TX,857,myuezIk=14
TX858,TX,858,myewzIk=14
TX858,TX,858,myuezIk=14
TX859,TX,859,mewzIk=14
TX860,TX,860,myewzIk=14
TX861,TX,861,myuezIk=14
TX862,TX,862,myuezIk=14
TX863,TX,863,myuezIk=14
TX864,TX,864,mewzIk=14
TX865,TX,865,myewzIk=14
TX866,TX,866,myewzIk=14
TX867,TX,867,myuezIk=14
TX868,TX,868,myuezIk=14
TX869,TX,869,myue{z}Ik=14
TX870,TX,870,mewzIk=14
TX871,TX,871,myuezIk=14
TX872,TX,872,-
TX873,TX,873,mewzIk=14
TX874,TX,874,mewzIk=14
TX874,TX,874,myuezIk=14
TX875,TX,875,-
TX876,TX,876,myuezIk=14
TX877,TX,877,myuezAk=14
TX878,TX,878,myewzIk=14
TX879,TX,879,-
TX880,TX,880,m(y)uezIk=14
TX881,TX,881,-
TX882,TX,882,mewzIk=14
TX883,TX,883,myuezIk=14
TX884,TX,884,-
TX885,TX,885,myuezIk=14
TX886,TX,886,myuezIk=14
TX887,TX,887,mewzIk=14
TX888,TX,888,myoozIk=14
TX889,TX,889,myewzIk=14
TX890,TX,890,mewzIk=14
TX891,TX,891,myuezik=13
TX892,TX,892,-
TX893,TX,893,myuezIk=14
TX894,TX,894,myue{z}Ik=14
TX895,TX,895,mewzIk=14
TX896,TX,896,-
TX897,TX,897,-
TX898,TX,898,-
TX899,TX,899,mewzIk=14
TX900,TX,900,-
TX901,TX,901,myuezik=13
TX902,TX,902,myuezIk=14
TX903,TX,903,-
TX904,TX,904,myewzIk=14
TX905,TX,905,myuezIk=14
TX906,TX,906,myuezIk=14
TX907,TX,907,-
TX908,TX,908,myewzIk=14
TX909,TX,909,myuezIk=14
TX910,TX,910,-
TX911,TX,911,myuezIk=14
