Informant,State,Informant number,Response
TN001,TN,001,han{t}I{d}=14
TN002,TN,002,hantId=14
TN003,TN,003,han{t}Id=14
TN004,TN,004,hontId=14
TN005,TN,005,han{t}Id=14
TN006,TN,006,hawn{t}Id=14
TN007,TN,007,h{o}n{t}Id=14
TN008,TN,008,h{o}n{t}Id=14
TN009,TN,009,han{t}Id=14
TN010,TN,010,hon{t}Id=14
TN011,TN,011,hantId=14
TN011,TN,011,hawntId=14
TN012,TN,012,hawntId=14
TN013,TN,013,hawn{t}Id=14
TN014,TN,014,hawntId=14
TN015,TN,015,han{t}Id=14
TN016,TN,016,hawntId=14
TN017,TN,017,hawntId=14
TN018,TN,018,hawn{t}Id=14
TN019,TN,019,hantId=14
TN019,TN,019,hawntId=14
TN020,TN,020,hawntId=14
TN021,TN,021,hantId=14
TN021,TN,021,h{aw}n{t}Id=14
TN021,TN,021,hon{t}Id=14
TN022,TN,022,hawntI{d}=14
TN023,TN,023,h{a}ntId=14
TN024,TN,024,hawntId=14
TN025,TN,025,hawntId=14
TN026,TN,026,-
TN027,TN,027,h{aw}ntId=14
TN028,TN,028,hawn{t}Id=14
TN029,TN,029,hawntId=14
TN030,TN,030,hon{t}Id=14
TN031,TN,031,-
TN032,TN,032,hawntId=14
TN033,TN,033,hontId=14
TN034,TN,034,hontId=14
TN035,TN,035,hawntId=14
TN036,TN,036,han{t}I(d)=14
TN037,TN,037,hain{t}Id=14
TN037,TN,037,h{aw}n{t}Id=14
TN038,TN,038,hawn{t}Id=14
TN039,TN,039,hawn(t)I{d}=14
TN040,TN,040,hawn(t)I{d}=14
TN041,TN,041,han{t}Id=14
TN042,TN,042,hon{t}Id=14
TN043,TN,043,han{t}Id=14
TN043,TN,043,hawn{t}Id=14
TN044,TN,044,hawn{t}Id=14
TN045,TN,045,hawntId=14
TN046,TN,046,hawn{t}Id=14
TN047,TN,047,hain{?}Id=14
TN048,TN,048,hawntId=14
TN049,TN,049,hawn{t}Id=14
TN050,TN,050,hoen{t}Id=14
TN051,TN,051,h{aw}n{?}Id=14
TN052,TN,052,hontId=14
TN053,TN,053,hantId=14
TN053,TN,053,hawntId=14
TN054,TN,054,hain{?}Id=14
TN055,TN,055,hawn(t)Id=14
TN056,TN,056,h{aw}n(t)Id=14
TN057,TN,057,hontId=14
TN058,TN,058,hawn{t}Id=14
TN059,TN,059,h{a}n{t}Id=14
TN060,TN,060,hontId=14
GA061,GA,061,hawn{t}Id=14
GA062,GA,062,-
GA063,GA,063,h{a}n{t}Id=14
GA064,GA,064,han{t}Id=14
GA065,GA,065,-
GA066,GA,066,hawn{t}Id=14
GA067,GA,067,hawn{t}Id=14
GA068,GA,068,hawn{t}Id=14
GA069,GA,069,hawn{t}Id=14
GA070,GA,070,hawn{t}Id=14
GA071,GA,071,hawn(t)Id=14
GA072,GA,072,hon{t}Id=14
GA073,GA,073,h{aw}(n){?}Id=14
GA074,GA,074,hain{t}Id=14
GA075,GA,075,hawn(t)I{d}=14
GA076,GA,076,h{aw}n{?}Id=14
GA077,GA,077,-
GA078,GA,078,hain(t)I{d}=14
GA079,GA,079,hawn{t}Id=14
GA080,GA,080,hawn{t}Id=14
GA081,GA,081,hawn{t}Id=14
GA082,GA,082,-
GA083,GA,083,-
GA084,GA,084,hantId=14
GA085,GA,085,hawn(t)Id=14
GA086,GA,086,hawnnId=14
GA087,GA,087,hawn{t}Id=14
GA088,GA,088,hain(t)Id=14
GA088,GA,088,h{aw}n(t)Id=14
GA089,GA,089,-
GA090,GA,090,hain(t)Id=14
GA090,GA,090,hawn(t)Id=14
GA091,GA,091,hain(t)I{d}=14
GA091,GA,091,hown(t)I{d}=14
GA092,GA,092,-
GA093,GA,093,-
GA094,GA,094,h{a}ntId=14
GA095,GA,095,hawn(t)I{d}=14
GA096,GA,096,hawn{t}Id=14
GA097,GA,097,hawn(t)Id=14
GA098,GA,098,hawn(t)Id=14
GA099,GA,099,hawn(t)Id=14
GA099,GA,099,hain(t)Id=14
GA100,GA,100,hawn(t)Id=14
GA101,GA,101,hawn(t)Id=14
GA102,GA,102,hon(t)Id=14
GA103,GA,103,haintId=14
GA103,GA,103,hawntId=14
GA104,GA,104,hawn{t}Id=14
GA105,GA,105,h{aw}n{t}Id=14
GA106,GA,106,hawn(t)Id=14
GA107,GA,107,hawn(t)Id=14
GA108,GA,108,hawn{t}Id=14
GA109,GA,109,hawn(t)Id=14
GA110,GA,110,haintId=14
GA111,GA,111,-
GA112,GA,112,hawn(t)Id=14
GA113,GA,113,-
GA114,GA,114,-
GA115,GA,115,hawn{t}Id=14
GA116,GA,116,hantI{d}=14
GA117,GA,117,han{t}Id=14
GA118,GA,118,hawn(t)Id=14
GA119,GA,119,-
GA120,GA,120,hawn(t)Id=14
GA121,GA,121,hain(t)Id=14
GA122,GA,122,hawn(t)Id=14
GA123,GA,123,hawn{t}Id=14
GA124,GA,124,hawn(t)Id=14
GA125,GA,125,han(t)I(d)=14
GA126,GA,126,hawn{t}Id=14
GA127,GA,127,hawn{t}Id=14
GA128,GA,128,hawn{t}Id=14
GA129,GA,129,hawn(t)I{d}=14
GA130,GA,130,haw[n]{?}I{d}=14
GA131,GA,131,hawn{t}Id=14
GA132,GA,132,-
GA133,GA,133,haw(n){?}Id=14
GA134,GA,134,-
GA135,GA,135,hown{?}Id=14
GA136,GA,136,hain{?}Id=14
GA136,GA,136,hawn(t)Id=14
GA137,GA,137,hawn{?}Id=14
GA138,GA,138,hain{t}Id=14
GA139,GA,139,hawn{t}Id=14
GA140,GA,140,han{t}Id=14
GA141,GA,141,hawn(t)Id=14
GA142,GA,142,han{?}Id=14
GA142,GA,142,hawn{?}Id=14
GA143,GA,143,hawn{?}Id=14
GA144,GA,144,hain(t)Id=14
GA144,GA,144,hawn(t)Id=14
GA145,GA,145,-
GA146,GA,146,hawn(t)Id=14
GA147,GA,147,han{t}Id=14
GA148,GA,148,-
GA149,GA,149,-
GA150,GA,150,hawntId=14
GA150,GA,150,h{a}n{t}I(d)=14
GA151,GA,151,h{a}n{?}I{d}=14
GA152,GA,152,hai[n]{?}Id=14
GA153,GA,153,hawn{t}Id=14
GA154,GA,154,-
GA155,GA,155,hawn{t}Id=14
GA156,GA,156,-
GA157,GA,157,hawn(t)Id=14
GA158,GA,158,han{t}Id=14
GA159,GA,159,haw[n]{?}Id=14
GA160,GA,160,hawn{t}Id=14
GA161,GA,161,hawntId=14
GA162,GA,162,hon(t)Id=14
GA163,GA,163,hon(t)Id=14
GA164,GA,164,hawn(t)Id=14
GA165,GA,165,hain(t)Id=14
GA166,GA,166,h{a}n{?}Id=14
GA167,GA,167,hawn{t}Id=14
GA168,GA,168,-
GA169,GA,169,-
GA170,GA,170,hawn(t)Id=14
GA171,GA,171,hon(t)Id=14
GA172,GA,172,hawn{t}Id=14
GA172,GA,172,hawn{?}Id=14
GA173,GA,173,-
GA174,GA,174,hawn{t}Id=14
GA175,GA,175,h{aw}n{?}Id=14
GA176,GA,176,hawn{t}Id=14
GA177,GA,177,hon{?}Id=14
GA178,GA,178,-
GA179,GA,179,-
GA180,GA,180,-
GA181,GA,181,-
GA182,GA,182,hawn(t)I{d}=14
GA183,GA,183,h{aw}n(t)I{d}=14
GA184,GA,184,hawn(t)I{d}=14
GA185,GA,185,haintId=14
GA185,GA,185,h{o}ntId=14
GA186,GA,186,hawn{t}Id=14
GA187,GA,187,hain{?}Id=14
GA188,GA,188,han(t)I(d)=14
GA189,GA,189,hawn(t)Id=14
GA190,GA,190,hawn{t}Id=14
GA191,GA,191,hoen(t)Id=14
GA192,GA,192,-
GA193,GA,193,-
GA194,GA,194,h{a}n(t)I(d)=14
GA195,GA,195,-
GA196,GA,196,hawn{t}Id=14
GA197,GA,197,-
GA198,GA,198,han{t}Id=14
GA199,GA,199,h{ai}ntId=14
GA200,GA,200,-
GA201,GA,201,h{aw}n(t)It=14
GA202,GA,202,hawn{t}Id=14
GA203,GA,203,-
GA204,GA,204,hain(t)Id=14
GA204,GA,204,han(t)Id=14
GA204,GA,204,h{aw}n(t)Id=14
GA205,GA,205,-
GA206,GA,206,hawn{t}Id=14
GA207,GA,207,hon(t)Id=14
GA208,GA,208,hawn(t)Id=14
GA209,GA,209,hawn(t)Id=14
GA210,GA,210,-
GA211,GA,211,hawn{t}Id=14
GA212,GA,212,hawn(t)Id=14
GA213,GA,213,-
GA214,GA,214,hawn{t}Id=14
GA215,GA,215,han(t)I(d)=14
GA216,GA,216,hawn(t)Id=14
GA217,GA,217,hawntId=14
GA218,GA,218,han{?}Id=14
GA219,GA,219,-
GA220,GA,220,hawn(t)Id=14
GA221,GA,221,han{t}Id=14
GA221,GA,221,h{a}n{t}Id=14
GA222,GA,222,hain{t}Id=14
GA223,GA,223,hawn(t)Id=14
GA224,GA,224,-
GA225,GA,225,hawn{t}Id=14
FL226,FL,226,-
FL227,FL,227,haw(n){?}Id=14
FL228,FL,228,-
FL229,FL,229,hontId=14
FL230,FL,230,h{aw}n(t)Id=14
FL231,FL,231,hawn(t)Id=14
FL232,FL,232,hawntId=14
FL233,FL,233,hontId=14
FL234,FL,234,h{aw}n{?}Id=14
FL235,FL,235,han{t}Id=14
FL235,FL,235,hawn{t}Id=14
FL236,FL,236,hon(t)Id=14
FL237,FL,237,hain(t)Id=14
FL238,FL,238,hawntId=14
FL238,FL,238,h{a}ntId=14
FL239,FL,239,hawn{?}I{d}=14
FL240,FL,240,haw[n]{t}I{d}=14
FL241,FL,241,-
FL242,FL,242,hontId=14
FL243,FL,243,hawn(t)Id=14
FL244,FL,244,-
FL245,FL,245,hawn{t}Id=14
FL245,FL,245,hawn(t)Id=14
FL246,FL,246,hawntId=14
FL247,FL,247,hai[n]{?}Id=14
FL247,FL,247,hawntId=14
FL247,FL,247,haw[n]{?}Id=14
FL248,FL,248,hawn(t)I{d}=14
FL249,FL,249,hawn(t)Id=14
FL250,FL,250,-
FL251,FL,251,-
FL252,FL,252,-
FL253,FL,253,hawn{t}Id=14
FL254,FL,254,hawn{t}Id=14
FL255,FL,255,hawn(t)Id=14
FL256,FL,256,h{a}ntId=14
FL257,FL,257,hain{t}Id=14
FL257,FL,257,hawn{t}Id=14
FL258,FL,258,hantId=14
FL258,FL,258,h{o}ntId=14
FL259,FL,259,hawn{?}Id=14
FL260,FL,260,hawn{?}Id=14
FL261,FL,261,h{aw}n(t)I{d}=14
FL262,FL,262,hawn(t)Id=14
FL263,FL,263,hawn{t}Id=14
FL264,FL,264,hontId=14
FL265,FL,265,hon(t)Id=14
FL266,FL,266,hon{?}Id=14
FL267,FL,267,-
FL268,FL,268,-
FL269,FL,269,hawn(t)Id=14
FL270,FL,270,hawn(t)Id=14
FL270,FL,270,honchId=14
FL271,FL,271,hawntI{d}=14
FL272,FL,272,hawn{t}Id=14
FL273,FL,273,hon(t)Id=14
FL274,FL,274,hawn(t)Id=14
FL275,FL,275,hawn{?}Id=14
FL276,FL,276,-
FL277,FL,277,hawn{?}Id=14
FL278,FL,278,hawntId=14
FL279,FL,279,h{aw}n(t)I{d}=14
FL280,FL,280,hawn{t}Id=14
FL281,FL,281,hon(t)I{d}=14
FL282,FL,282,hawntId=14
FL283,FL,283,hawn(t)Id=14
FL284,FL,284,h{o}n{t}Id=14
FL285,FL,285,-
FL286,FL,286,hon(t)Id=14
FL287,FL,287,-
FL288,FL,288,hoen(t)Id=14
FL289,FL,289,hawntIt=14
TN290,TN,290,h{a}ntId=14
TN291,TN,291,h{o}ntId=14
TN292,TN,292,hantId=14
TN292,TN,292,hawn{t}Id=14
TN293,TN,293,hawntId=14
TN294,TN,294,h{aw}n(t)Id=14
TN295,TN,295,han{?}Id=14
TN296,TN,296,hain{t}Id=14
TN297,TN,297,h{aw}n(t)Id=14
TN298,TN,298,-
TN299,TN,299,hain{?}Id=14
TN299,TN,299,hawn{?}Id=14
TN300,TN,300,hawn(t)Id=14
TN301,TN,301,h{a}n{?}Id=14
TN302,TN,302,han{t}Id=14
TN303,TN,303,han{?}Id=14
TN304,TN,304,hain{?}Id=14
TN305,TN,305,-
TN306,TN,306,hawn(t)Id=14
TN307,TN,307,hawn(t)Id=14
TN308,TN,308,hon(t)Id=14
TN309,TN,309,hontId=14
TN310,TN,310,h{aw}n{t}Id=14
TN311,TN,311,hawn(t)Id=14
TN312,TN,312,hawntId=14
TN313,TN,313,h{o}n(t)Id=14
TN314,TN,314,h{aw}n(t)Id=14
TN315,TN,315,hon{?}Id=14
TN316,TN,316,hain(t)Id=14
TN317,TN,317,h{a}n{?}Id=14
TN318,TN,318,-
TN319,TN,319,-
TN320,TN,320,haintId=14
TN321,TN,321,hawn{?}Id=14
TN321,TN,321,h{a}n{?}Id=14
TN322,TN,322,hawn(t)Id=14
TN323,TN,323,hawnnId=14
TN324,TN,324,hawntId=14
TN325,TN,325,haw[n]{?}Id=14
TN326,TN,326,han{t}Id=14
TN327,TN,327,hawntId=14
TN328,TN,328,hawn(t)Id=14
TN329,TN,329,hawntI{d}=14
TN330,TN,330,hawn{t}Id=14
TN331,TN,331,hantId=14
TN332,TN,332,hawn(t)Id=14
TN333,TN,333,haintId=14
TN333,TN,333,hantId=14
TN334,TN,334,hawn{t}Id=14
TN335,TN,335,hawn(t)Id=14
TN336,TN,336,han{t}Id=14
TN336,TN,336,hawn{t}Id=14
AL337,AL,337,hawn{?}Id=14
AL338,AL,338,hawn{t}Id=14
AL339,AL,339,hawn{t}Id=14
AL340,AL,340,hain{?}I(d)=14
AL341,AL,341,haw[n]{?}Id=14
AL342,AL,342,hawn(t)Id=14
AL343,AL,343,h{aw}n(t)Id=14
AL344,AL,344,h{a}n(t)Id=14
AL345,AL,345,hawn(t)Id=14
AL346,AL,346,h{o}n{t}Id=14
AL347,AL,347,hawn(t)I{d}=14
AL348,AL,348,han(t)Id=14
AL349,AL,349,hain{?}Id=14
AL350,AL,350,hawn{?}Id=14
AL351,AL,351,hawn(t)I{d}=14
AL352,AL,352,h{aw}n(t)Id=14
AL353,AL,353,-
AL354,AL,354,hantId=14
AL355,AL,355,haw[n]{?}Id=14
AL356,AL,356,h{aw}ntId=14
AL357,AL,357,hawn{t}Id=14
AL358,AL,358,-
AL359,AL,359,hawn(t)Id=14
AL360,AL,360,h{aw}n(t)I{d}=14
AL361,AL,361,hain{?}Id=14
AL361,AL,361,hawn{?}Id=14
AL362,AL,362,hon(t)Id=14
AL363,AL,363,hain(t)Id=14
AL364,AL,364,he{r}n{t}I{d}=14
AL365,AL,365,hawntId=14
AL366,AL,366,han{?}Id=14
AL367,AL,367,hawn{t}Id=14
AL368,AL,368,hon{?}Id=14
AL369,AL,369,hawn(t)Id=14
AL370,AL,370,hawn(t)Id=14
AL371,AL,371,hawntId=14
AL372,AL,372,hawn(t)I{d}=14
AL373,AL,373,h{o}n{t}I{d}=14
AL374,AL,374,h{aw}n{t}Id=14
AL375,AL,375,hawn(t)Id=14
AL376,AL,376,-
AL377,AL,377,hain(t)I(d)=14
AL378,AL,378,haw[n]{?}Id=14
AL379,AL,379,hawn{?}Id=14
AL380,AL,380,hawn(t)Id=14
AL381,AL,381,hawn(t)I{d}=14
AL382,AL,382,hawn{t}Id=14
AL383,AL,383,hawn{t}Id=14
AL384,AL,384,han{t}Id=14
AL385,AL,385,hain{?}Id=14
AL385,AL,385,hawn{?}Id=14
AL386,AL,386,hontId=14
AL387,AL,387,hawntId=14
AL388,AL,388,hain{t}Id=14
AL389,AL,389,hawn(t)Id=14
AL390,AL,390,hawn(t)Id=14
AL391,AL,391,hain{t}Id=14
AL391,AL,391,hawn(t)Id=14
AL392,AL,392,-
AL393,AL,393,-
AL394,AL,394,hawn{?}Id=14
AL395,AL,395,hawn{t}Id=14
AL396,AL,396,-
AL397,AL,397,han{?}I(d)=14
AL398,AL,398,hawn(t)I{d}=14
AL399,AL,399,h{oe}n{t}Id=14
AL400,AL,400,haw[n]tId=14
AL401,AL,401,-
AL402,AL,402,h{a}n{t}Id=14
AL403,AL,403,hain(t)Id=14
AL403,AL,403,hon(t)Id=14
AL404,AL,404,h{oe}n{t}Id=14
AL405,AL,405,hawn(t)Id=14
AL406,AL,406,hain(t)Id=14
AL407,AL,407,hawn{t}Id=14
AL408,AL,408,hawn(t)Id=14
AL409,AL,409,hawn(t)Id=14
AL410,AL,410,hain{t}Id=14
AL410,AL,410,hain{t}I(d)=14
AL411,AL,411,hawn{t}Id=14
AL412,AL,412,-
AL413,AL,413,-
AL414,AL,414,hawntI{d}=14
AL415,AL,415,h{a}n(t)Id=14
AL416,AL,416,h{oe}n(t)Id=14
AL417,AL,417,hawn(t)Id=14
AL418,AL,418,hontId=14
AL419,AL,419,h{aw}n{t}Id=14
AL420,AL,420,hawn{t}Id=14
AL421,AL,421,ho[n]{t}Id=14
AL422,AL,422,han(t)Id=14
AL422,AL,422,hawn(t)Id=14
AL423,AL,423,hawn{t}Id=14
AL424,AL,424,hain{t}I{d}=14
AL425,AL,425,hawn(t)Id=14
AL426,AL,426,hawn{t}Id=14
AL427,AL,427,hawn(t)Id=14
AL428,AL,428,hawn(t)I{d}=14
AL429,AL,429,-
AL430,AL,430,haw[n]{t}Id=14
AL431,AL,431,hai[n]{?}Id=14
AL432,AL,432,hain(t)I(d)=14
AL433,AL,433,hawn(t)I{d}=14
AL434,AL,434,hain{t}Id=14
AL435,AL,435,hawn(t)Id=14
AL436,AL,436,hawn(t)Id=14
AL437,AL,437,haintId=14
AL437,AL,437,hawntId=14
AL438,AL,438,hain(t)I(d)=14
AL439,AL,439,hawn(t)Id=14
AL440,AL,440,hawn(t)Id=14
AL441,AL,441,hain(t)Id=14
AL442,AL,442,hawn(t)Id=14
AL443,AL,443,hawn(t)Id=14
AL444,AL,444,hawn{t}Id=14
AL445,AL,445,hawn(t)Id=14
AL446,AL,446,hawn{t}Id=14
AL447,AL,447,han{t}Id=14
AL447,AL,447,hawn{t}Id=14
AL448,AL,448,han(t)Id=14
AL448,AL,448,hawn(t)Id=14
AL449,AL,449,h{a}n{?}Id=14
AL450,AL,450,hawn{t}Id=14
AL451,AL,451,hontId=14
FL452,FL,452,hawn(t)Id=14
FL453,FL,453,-
FL454,FL,454,hain{t}Id=14
FL455,FL,455,hawntId=14
FL456,FL,456,hon{?}Id=14
FL457,FL,457,hon{t}Id=14
FL458,FL,458,h{aw}n{t}Id=14
FL459,FL,459,-
FL460,FL,460,haintId=14
FL460,FL,460,h{a}n{t}Id=14
FL461,FL,461,hain(t)Id=14
FL461,FL,461,hawn(t)Id=14
FL462,FL,462,hawn{?}Id=14
FL463,FL,463,-
FL464,FL,464,haintId=14
FL465,FL,465,-
FL466,FL,466,hain{t}Id=14
FL467,FL,467,-
FL468,FL,468,han{t}Id=14
FL469,FL,469,hain(t)Id=14
FL470,FL,470,hawn(t)Id=14
FL471,FL,471,hawn{?}Id=14
AL472,AL,472,hawn(t)Id=14
AL473,AL,473,h{a}n(t)Id=14
AL474,AL,474,hon(t)Id=14
AL475,AL,475,hawn{t}Id=14
AL476,AL,476,hawntId=14
AL477,AL,477,h{oe}n(t)I{d}=14
AL478,AL,478,-
AL479,AL,479,hawn(t)Id=14
AL480,AL,480,hawntId=14
AL481,AL,481,hon(t)Id=14
AL482,AL,482,hawn{t}Id=14
AL483,AL,483,-
AL484,AL,484,haw[n]{t}Id=14
AL485,AL,485,hontId=14
TN486,TN,486,-
TN487,TN,487,hawn{?}Id=14
TN488,TN,488,hawn(t)Id=14
TN489,TN,489,haintId=14
TN489,TN,489,hon{?}Id=14
TN490,TN,490,hawn{t}Id=14
TN491,TN,491,-
TN492,TN,492,h{a}n{t}Id=14
TN492,TN,492,hontId=14
TN492,TN,492,hon(t)Id=14
TN493,TN,493,-
TN494,TN,494,-
TN495,TN,495,h{a}n{t}Id=14
TN496,TN,496,hawn(t)Id=14
TN497,TN,497,-
TN498,TN,498,-
TN499,TN,499,hawn{?}Id=14
TN500,TN,500,hawn{t}Id=14
TN501,TN,501,h{oe}n{t}Id=14
TN502,TN,502,hawn(t)Id=14
TN503,TN,503,han{t}Id=14
TN504,TN,504,hawn(t)Id=14
TN505,TN,505,-
TN506,TN,506,h{aw}n(t)Id=14
TN507,TN,507,-
TN508,TN,508,-
TN509,TN,509,hawn{?}Id=14
TN509,TN,509,h{a}n{?}Id=14
TN510,TN,510,-
TN511,TN,511,han(t)Id=14
TN511,TN,511,hawn(t)Id=14
TN512,TN,512,-
TN513,TN,513,hawn{t}Id=14
TN514,TN,514,h{o}n{?}Id=14
TN515,TN,515,-
TN516,TN,516,hawn{t}Id=14
TN517,TN,517,hawn{t}Id=14
TN518,TN,518,hawn(t)Id=14
TN519,TN,519,hon{?}Id=14
MS520,MS,520,-
MS521,MS,521,hawn{t}Id=14
MS522,MS,522,hawn(t)Id=14
MS523,MS,523,-
MS524,MS,524,hawn(t)I{d}=14
MS525,MS,525,h{a}n(t)Id=14
MS526,MS,526,-
MS527,MS,527,hawn(t)Id=14
MS528,MS,528,-
MS529,MS,529,-
MS530,MS,530,hain(t)Id=14
MS531,MS,531,hon(t)Id=14
MS532,MS,532,hain{?}Id=14
MS533,MS,533,hain(t)Id=14
MS533,MS,533,hawn(t)Id=14
MS534,MS,534,hawn{t}Id=14
MS535,MS,535,hawn{?}I{d}=14
MS535,MS,535,h{ai}n{?}Id=14
MS536,MS,536,hawn(t)Id=14
MS537,MS,537,han{?}Id=14
MS537,MS,537,h{a}n{?}Id=14
MS538,MS,538,hawn{t}Id=14
MS539,MS,539,hain{t}Id=14
MS539,MS,539,hawn{t}Id=14
MS540,MS,540,-
MS541,MS,541,-
MS542,MS,542,-
MS543,MS,543,han{t}I(d)=14
MS544,MS,544,hawn(t)Id=14
MS545,MS,545,-
MS546,MS,546,-
MS547,MS,547,hoyn{t}I{d}=14
MS548,MS,548,hawntId=14
MS549,MS,549,han{t}Id=14
MS549,MS,549,hawn(t)Id=14
MS550,MS,550,-
MS551,MS,551,-
MS552,MS,552,-
MS553,MS,553,-
MS554,MS,554,-
MS555,MS,555,-
MS556,MS,556,hawn(t)Id=14
MS556,MS,556,h{a}n(t)Id=14
MS557,MS,557,hain{?}Id=14
MS557,MS,557,hawn(t)Id=14
MS558,MS,558,hawn(t)It=14
MS559,MS,559,-
MS560,MS,560,hain{?}Id=14
MS561,MS,561,-
MS562,MS,562,hain{t}Id=14
MS562,MS,562,hawn{t}Id=14
MS563,MS,563,h{aw}n{t}Id=14
MS564,MS,564,hawn(t)It=14
MS565,MS,565,haw[n]{?}Id=14
MS566,MS,566,-
MS567,MS,567,-
MS568,MS,568,-
MS569,MS,569,hain(t)I(d)=14
MS570,MS,570,hawn(t)I{d}=14
MS571,MS,571,hawn{t}I{d}=14
MS572,MS,572,hawn(t)Id=14
MS573,MS,573,hain{?}Id=14
MS574,MS,574,hawntId=14
MS575,MS,575,hawntId=14
MS576,MS,576,hawn(t)Id=14
MS577,MS,577,h{aw}ntId=14
MS577,MS,577,h{a}n{?}Id=14
MS578,MS,578,hawn(t)Id=14
MS579,MS,579,hawn{t}Id=14
MS580,MS,580,-
MS581,MS,581,-
MS582,MS,582,hawn{t}Id=14
MS583,MS,583,hain{t}Id=14
MS584,MS,584,hain(t)Id=14
MS584,MS,584,hawn(t)Id=14
MS585,MS,585,hain{t}I{d}=14
MS586,MS,586,-
MS587,MS,587,hain(t)Id=14
MS587,MS,587,han(t)I(d)=14
MS588,MS,588,hawn(t)Id=14
MS589,MS,589,hon(t)Id=14
MS590,MS,590,hawntId=14
MS591,MS,591,haw[n](t)Id=14
MS592,MS,592,hawn{t}Id=14
MS593,MS,593,h{a}ntId=14
MS594,MS,594,h{a}n{t}Id=14
MS595,MS,595,hawn{t}Id=14
MS596,MS,596,hon(t)Id=14
MS596,MS,596,h{a}n(t)Id=14
MS597,MS,597,hawn{?}Id=14
MS598,MS,598,hawn{t}I{d}=14
MS599,MS,599,hawn(t)Id=14
MS600,MS,600,-
MS601,MS,601,haw(n){?}Id=14
MS602,MS,602,hun{t}Id=14
MS603,MS,603,-
MS604,MS,604,-
MS605,MS,605,-
MS606,MS,606,han{t}Id=14
MS607,MS,607,hawn(t)Id=14
MS608,MS,608,h{aw}n(t)Id=14
MS609,MS,609,hain(t)I{d}=14
MS610,MS,610,hawn{t}Id=14
MS611,MS,611,-
MS612,MS,612,han(t)I(d)=14
MS613,MS,613,hawn{t}Id=14
MS614,MS,614,-
MS615,MS,615,hawn(t)Id=14
MS616,MS,616,-
MS617,MS,617,hawn{?}Id=14
MS618,MS,618,-
MS619,MS,619,-
MS620,MS,620,-
MS621,MS,621,haintId=14
MS622,MS,622,hon(t)Id=14
MS623,MS,623,hawn(t)Id=14
MS624,MS,624,hawn{t}Id=14
MS625,MS,625,hawntId=14
MS626,MS,626,-
MS627,MS,627,hain(t)Id=14
MS628,MS,628,-
MS629,MS,629,hawn(t)Id=14
LA630,LA,630,ho[n]{?}Id=14
LA631,LA,631,-
LA632,LA,632,haw[n](t)Id=14
LA632,LA,632,hain(t)Id=14
LA633,LA,633,-
LA634,LA,634,hain{?}Id=14
LA635,LA,635,hawn(t)Id=14
LA636,LA,636,hon(t)Id=14
LA637,LA,637,han(t)Id=14
LA638,LA,638,hawn(t)I{d}=14
LA639,LA,639,hawn(t)Id=14
LA640,LA,640,hawn(t)Id=14
LA641,LA,641,hawn(t)Id=14
LA641,LA,641,h{ai}n{?}Id=14
LA642,LA,642,-
LA643,LA,643,h{aw}n{t}Id=14
LA644,LA,644,-
LA645,LA,645,hon{?}Id=14
LA646,LA,646,hawn(t)Id=14
LA647,LA,647,-
LA648,LA,648,hawn{?}Id=14
LA649,LA,649,hawn(t)Id=14
LA650,LA,650,hawn(t)Id=14
LA651,LA,651,-
LA652,LA,652,hontId=14
LA653,LA,653,-
LA654,LA,654,hawn(t)Id=14
LA655,LA,655,hawn{t}Id=14
LA656,LA,656,hawn{t}Id=14
LA657,LA,657,hawn{t}Id=14
LA657X,LA,657X,h{o}ntId=14
LA657Y,LA,657Y,hawn{?}Id=14
LA657Z,LA,657Z,h{oe}n(t)Id=14
LA658,LA,658,-
LA659,LA,659,hawntId=14
LA659,LA,659,hawn{t}Id=14
LA660,LA,660,han(t)Id=14
LA661,LA,661,h{o}n(t)Id=14
LA662,LA,662,hawntId=14
LA663,LA,663,-
LA664,LA,664,-
LA665,LA,665,han(t)Id=14
LA666,LA,666,hawn{t}Id=14
LA667,LA,667,hantId=14
LA668,LA,668,hawn{?}Id=14
LA669,LA,669,hawn(t)Id=14
LA670,LA,670,hawn(t)Id=14
LA671,LA,671,hawn(t)Id=14
LA672,LA,672,hawn(t)Id=14
LA673,LA,673,hawn(t)Id=14
LA673,LA,673,hawn(t)I{d}=14
AR674,AR,674,han{t}Id=14
AR675,AR,675,h{o}ntId=14
AR676,AR,676,-
AR677,AR,677,h{oe}n{t}Id=14
AR678,AR,678,-
AR679,AR,679,hawn(t)Id=14
AR680,AR,680,hawn{t}Id=14
AR681,AR,681,hain(t)Id=14
AR682,AR,682,h{oe}n(t)Id=14
AR683,AR,683,h{aw}n(t)Id=14
AR684,AR,684,hawn{t}Id=14
AR685,AR,685,hawn{t}Id=14
AR686,AR,686,hain(t)Id=14
AR687,AR,687,h{oe}n(t)Id=14
AR688,AR,688,h{a}ntI{d}=14
AR689,AR,689,hawn(t)Id=14
AR690,AR,690,hain{?}Id=14
AR690,AR,690,hon{?}Id=14
AR691,AR,691,h{aw}n(t)Id=14
AR692,AR,692,hawn{?}Id=14
AR693,AR,693,hawn(t)Id=14
AR694,AR,694,haintId=14
AR694,AR,694,han{t}Id=14
AR695,AR,695,h{aw}n{t}Id=14
AR696,AR,696,han{t}Id=14
AR697,AR,697,han(t)I{d}=14
AR698,AR,698,-
AR699,AR,699,-
AR700,AR,700,-
AR701,AR,701,hain(t)Id=14
AR702,AR,702,hawn{t}Id=14
AR703,AR,703,hawn{t}Id=14
AR704,AR,704,h{aw}n(t)I{d}=14
AR705,AR,705,hawn(t)Id=14
AR706,AR,706,-
AR707,AR,707,hon{t}Id=14
AR708,AR,708,-
AR709,AR,709,h{aw}n(t)Id=14
AR710,AR,710,-
AR711,AR,711,hawn(t)Id=14
AR712,AR,712,h{aw}n(t)Id=14
AR713,AR,713,h{aw}n(t)Id=14
AR714,AR,714,hain(t)I{d}=14
AR715,AR,715,hontI{d}=14
AR716,AR,716,hain{t}Id=14
AR716,AR,716,hain{?}Id=14
AR716,AR,716,hon{?}Id=14
AR717,AR,717,h{a}n(t)Id=14
AR718,AR,718,hawntId=14
AR719,AR,719,hawn{t}Id=14
AR720,AR,720,h{o}ntId=14
AR721,AR,721,han(t)Id=14
AR722,AR,722,h{a}n(t)Id=14
AR723,AR,723,hawn{t}Id=14
AR724,AR,724,hawn{t}Id=14
AR725,AR,725,h{o}n{t}I{d}=14
AR726,AR,726,hain{?}Ad=14
AR727,AR,727,han{?}Id=14
AR728,AR,728,hawn(t)Id=14
AR729,AR,729,h{aw}n(t)Id=14
AR730,AR,730,hawn{?}Id=14
AR731,AR,731,hawn{t}Id=14
AR732,AR,732,hawn{t}Id=14
AR733,AR,733,-
AR734,AR,734,haintId=14
AR735,AR,735,hawn{?}Id=14
AR736,AR,736,hain(t)Id=14
AR736,AR,736,hawn(t)Id=14
AR737,AR,737,hawn{?}Id=14
AR738,AR,738,hawn(t)Id=14
AR739,AR,739,-
AR740,AR,740,hawn{t}Id=14
AR741,AR,741,hon(t)Id=14
AR742,AR,742,hai[n]{?}Id=14
AR743,AR,743,hawn(t)Id=14
AR744,AR,744,han{?}I{d}=14
AR745,AR,745,hawn(t)Id=14
AR746,AR,746,-
AR747,AR,747,hain{t}Id=14
AR748,AR,748,han{t}I(d)=14
AR749,AR,749,hawn(t)Id=14
AR750,AR,750,-
AR751,AR,751,hawn{t}Id=14
AR752,AR,752,-
AR753,AR,753,h{aw}ntId=14
AR754,AR,754,hain(t)Id=14
AR755,AR,755,hawn(t)Id=14
LA756,LA,756,han(t)Id=14
LA757,LA,757,hawntId=14
LA758,LA,758,hawn(t)I{d}=14
LA759,LA,759,-
LA760,LA,760,-
LA761,LA,761,han{t}Id=14
LA762,LA,762,hawn(t)Id=14
LA763,LA,763,-
LA764,LA,764,haintId=14
LA765,LA,765,h{aw}n(t)Id=14
LA766,LA,766,hain{?}Id=14
LA767,LA,767,hawn{t}Id=14
LA768,LA,768,huen(t)I{d}=14
LA769,LA,769,h{oe}ntId=14
LA770,LA,770,hawn(t)Id=14
LA771,LA,771,hain(t)I{d}=14
LA772,LA,772,hain{t}Id=14
LA773,LA,773,han{t}Id=14
LA774,LA,774,-
LA775,LA,775,-
LA776,LA,776,h{o}n(t)Id=14
LA777,LA,777,h{aw}n{?}I{d}=14
LA778,LA,778,hon{t}Id=14
LA779,LA,779,hawn{t}Id=14
LA780,LA,780,h{oe}n(t)I{d}=14
LA781,LA,781,han{t}Id=14
LA782,LA,782,hien(t)I{d}=14
LA783,LA,783,hain(t)Id=14
LA783,LA,783,hawn(t)Id=14
LA784,LA,784,h{a}ntId=14
LA785,LA,785,hawn{?}id=13
LA786,LA,786,hawn{?}Id=14
LA787,LA,787,hawn{?}Id=14
LA788,LA,788,hawn{t}Id=14
LA789,LA,789,hain(t)Id=14
LA790,LA,790,hain{t}Id=14
LA791,LA,791,hawn(t)Id=14
LA792,LA,792,hawntId=14
LA793,LA,793,-
LA794,LA,794,hantId=14
LA795,LA,795,-
LA796,LA,796,hon(t)Id=14
LA797,LA,797,hawn(t)Id=14
LA798,LA,798,haw{r}n{?}Id=14
LA799,LA,799,-
LA800,LA,800,hain{t}Id=14
LA801,LA,801,h{aw}n{t}Id=14
LA802,LA,802,hain(t)Id=14
LA803,LA,803,-
LA804,LA,804,-
LA805,LA,805,-
LA806,LA,806,hawn{?}Id=14
LA807,LA,807,hawn{?}Id=14
LA808,LA,808,-
LA809,LA,809,hawn{t}Id=14
LA810,LA,810,h{oe}n(t)I{d}=14
LA811,LA,811,-
LA812,LA,812,hawn{t}I{d}=14
LA813,LA,813,hawn{t}Id=14
LA814,LA,814,hawn{t}Id=14
LA815,LA,815,hawn{t}Id=14
LA816,LA,816,hawn{t}Id=14
LA817,LA,817,hawn{t}Id=14
TX818,TX,818,-
TX819,TX,819,hantId=14
TX820,TX,820,hon(t)I{d}=14
TX821,TX,821,hain{t}Id=14
TX822,TX,822,h{aw}ntId=14
TX823,TX,823,hawn(t)Id=14
TX824,TX,824,h{aw}n{?}id=13
TX825,TX,825,hon{?}Id=14
TX826,TX,826,h{oe}n(t)Id=14
TX827,TX,827,hawntId=14
TX828,TX,828,hain{t}Id=14
TX829,TX,829,hawntId=14
TX829,TX,829,hawn{t}Id=14
TX830,TX,830,hon(t)I{d}=14
TX831,TX,831,h{aw}n(t)Id=14
TX832,TX,832,-
TX833,TX,833,hawntId=14
TX833,TX,833,hon{?}Id=14
TX834,TX,834,h{aw}ntI{d}=14
TX835,TX,835,hain(t)Id=14
TX836,TX,836,hain{t}Id=14
TX836,TX,836,hawn{t}Id=14
TX837,TX,837,hain(t)Id=14
TX838,TX,838,hain{t}I{d}=14
TX838,TX,838,han{t}I{d}=14
TX839,TX,839,hawn{t}Id=14
TX840,TX,840,-
TX841,TX,841,hawn(t)Id=14
TX842,TX,842,hawntI{d}=14
TX843,TX,843,h{aw}ntId=14
TX844,TX,844,hoentId=14
TX845,TX,845,-
TX846,TX,846,hawn{t}Id=14
TX846,TX,846,hain{t}Id=14
TX847,TX,847,-
TX848,TX,848,hawn{t}Id=14
TX849,TX,849,han{?}Id=14
TX849,TX,849,hawn(t)Id=14
TX850,TX,850,h{aw}n(t)I{d}=14
TX851,TX,851,hawn{t}Id=14
TX852,TX,852,h{oe}n(t)Id=14
TX852,TX,852,h{oe}n(t)I{d}=14
TX853,TX,853,hawn{t}I{d}=14
TX854,TX,854,hon{?}Id=14
TX855,TX,855,hawn(t)Id=14
TX855,TX,855,h{a}n(t)Id=14
TX856,TX,856,hon(t)Id=14
TX857,TX,857,hon{?}Id=14
TX858,TX,858,-
TX859,TX,859,hawn{t}Id=14
TX860,TX,860,hontI{d}=14
TX861,TX,861,hawntId=14
TX862,TX,862,hawn(t)Id=14
TX863,TX,863,h{aw}n(t)Id=14
TX864,TX,864,hawn{?}Id=14
TX865,TX,865,hawn{t}Id=14
TX866,TX,866,hawn(t)Id=14
TX867,TX,867,hon{?}Id=14
TX868,TX,868,hawntId=14
TX869,TX,869,hawn{t}Id=14
TX870,TX,870,hon{t}Id=14
TX871,TX,871,haw[n]{?}Id=14
TX872,TX,872,-
TX873,TX,873,han{?}Id=14
TX874,TX,874,hawn{t}Id=14
TX875,TX,875,hawn{t}Id=14
TX876,TX,876,hawntId=14
TX877,TX,877,hawn{t}Id=14
TX878,TX,878,haw[n]{?}Id=14
TX879,TX,879,-
TX880,TX,880,hon(t)Id=14
TX881,TX,881,-
TX882,TX,882,-
TX883,TX,883,hawntId=14
TX884,TX,884,-
TX885,TX,885,-
TX886,TX,886,-
TX887,TX,887,hawn{t}Id=14
TX888,TX,888,-
TX889,TX,889,hon{?}Id=14
TX890,TX,890,hon{t}Id=14
TX891,TX,891,hawn{t}Id=14
TX892,TX,892,-
TX893,TX,893,hon{?}Id=14
TX894,TX,894,hawntId=14
TX895,TX,895,hawntI{d}=14
TX896,TX,896,-
TX897,TX,897,-
TX898,TX,898,-
TX899,TX,899,hontId=14
TX900,TX,900,hontId=14
TX900,TX,900,huntId=14
TX901,TX,901,hawntid=13
TX902,TX,902,hawn(t)Id=14
TX903,TX,903,-
TX904,TX,904,hawn{?}Id=14
TX905,TX,905,hawn(t)Id=14
TX906,TX,906,hawntId=14
TX907,TX,907,-
TX908,TX,908,-
TX909,TX,909,-
TX910,TX,910,hain{?}Id=14
TX910,TX,910,hawn{?}Id=14
TX911,TX,911,hawntId=14
