Informant,State,Informant number,Response
TN001,TN,001,right smart [adj.] 
TN002,TN,002,right smart (of) [n.] 
TN003,TN,003,right smart [adv.] 
TN003,TN,003,right smart (of) [n.] 
TN004,TN,004,right smart [adv.] 
TN005,TN,005,right smart (of) [n.] 
TN006,TN,006,right smart [adj.] 
TN006,TN,006,right smart [adv.] 
TN006,TN,006,right smart (of) [n.] 
TN007,TN,007,right smart (of) [n.] 
TN008,TN,008,-
TN009,TN,009,right smart (of) [n.] 
TN010,TN,010,right smart [adv.] 
TN011,TN,011,right smart [adv.] 
TN012,TN,012,right smart [adv.] 
TN012,TN,012,right smart (of) [n.] 
TN013,TN,013,right smart [adj.] 
TN013,TN,013,right smart (of) [n.] 
TN014,TN,014,right smart (of) [n.] 
TN015,TN,015,right smart [adj.] 
TN015,TN,015,right smart [adv.] 
TN016,TN,016,right smart [adj.] 
TN016,TN,016,right smart [adv.] 
TN016,TN,016,right smart (of) [n.] 
TN017,TN,017,0
TN018,TN,018,right smart (of) [n.] 
TN019,TN,019,right smart (of) [n.] 
TN020,TN,020,right smart (of) [n.] 
TN021,TN,021,right smart [adv.] 
TN021,TN,021,right smart (of) [n.] 
TN022,TN,022,0
TN023,TN,023,right smart (of) [n.] 
TN024,TN,024,right smart (of) [n.] 
TN025,TN,025,right smart (of) [n.] 
TN026,TN,026,right smart [adj.] 
TN026,TN,026,right smart (of) [n.] 
TN027,TN,027,-
TN028,TN,028,right smart (of) [n.] 
TN029,TN,029,-
TN030,TN,030,right smart (of) [n.] 
TN031,TN,031,-
TN032,TN,032,0
TN033,TN,033,0
TN034,TN,034,right smart (of) [n.] 
TN034,TN,034,right smart [no context or usage unclear] 
TN035,TN,035,right smart [adj.] 
TN036,TN,036,right smart [adj.] 
TN037,TN,037,right smart [adj.] 
TN037,TN,037,right smart [no context or usage unclear] 
TN038,TN,038,0
TN039,TN,039,-
TN040,TN,040,right smart [adv.] 
TN040,TN,040,right smart (of) [n.] 
TN041,TN,041,right smart [adv.] 
TN041,TN,041,right smart (of) [n.] 
TN042,TN,042,-
TN043,TN,043,right smart [no context or usage unclear] 
TN044,TN,044,right smart [adv.] 
TN044,TN,044,right smart (of) [n.] 
TN045,TN,045,0
TN046,TN,046,right smart [adj.] 
TN047,TN,047,right smart [no context or usage unclear] 
TN048,TN,048,right smart [adj.] 
TN048,TN,048,right smart [no context or usage unclear] 
TN049,TN,049,right smart [adj.] 
TN050,TN,050,0
TN051,TN,051,right smart [adv.] 
TN052,TN,052,-
TN053,TN,053,right smart [adv.] 
TN053,TN,053,right smart (of) [n.] 
TN054,TN,054,right smart (of) [n.] 
TN055,TN,055,right smart [adj.] 
TN055,TN,055,right smart (of) [n.] 
TN056,TN,056,-
TN057,TN,057,right smart [no context or usage unclear] 
TN058,TN,058,-
TN059,TN,059,right smart (of) [n.] 
TN060,TN,060,-
GA061,GA,061,right smart [adj.] 
GA061,GA,061,right smart [adv.] 
GA061,GA,061,right smart (of) [n.] 
GA062,GA,062,right smart [adv.] 
GA062,GA,062,right smart (of) [n.] 
GA063,GA,063,-
GA064,GA,064,-
GA065,GA,065,0
GA066,GA,066,-
GA067,GA,067,0
GA068,GA,068,-
GA069,GA,069,0
GA070,GA,070,0
GA071,GA,071,0
GA072,GA,072,right smart [no context or usage unclear] 
GA073,GA,073,0
GA074,GA,074,-
GA075,GA,075,0
GA076,GA,076,0
GA077,GA,077,-
GA078,GA,078,0
GA079,GA,079,-
GA080,GA,080,-
GA081,GA,081,-
GA082,GA,082,right smart [adv.] 
GA083,GA,083,right smart [adj.] 
GA083,GA,083,right smart [adv.] 
GA084,GA,084,-
GA085,GA,085,right smart [no context or usage unclear] 
GA086,GA,086,0
GA087,GA,087,0
GA088,GA,088,0
GA089,GA,089,0
GA090,GA,090,right smart [adv.] 
GA090,GA,090,right smart (of) [n.] 
GA091,GA,091,0
GA092,GA,092,right smart (of) [n.] 
GA093,GA,093,0
GA094,GA,094,-
GA095,GA,095,right smart (of) [n.] 
GA096,GA,096,right smart (of) [n.] 
GA097,GA,097,-
GA098,GA,098,right smart (of) [n.] 
GA098,GA,098,right smart [no context or usage unclear] 
GA099,GA,099,0
GA100,GA,100,0
GA101,GA,101,0
GA102,GA,102,0
GA103,GA,103,right smart (of) [n.] 
GA104,GA,104,0
GA105,GA,105,-
GA106,GA,106,right smart (of) [n.] 
GA107,GA,107,right smart (of) [n.] 
GA108,GA,108,-
GA109,GA,109,right smart [adv.] 
GA109,GA,109,right smart (of) [n.] 
GA110,GA,110,0
GA111,GA,111,0
GA112,GA,112,0
GA113,GA,113,right smart (of) [n.] 
GA114,GA,114,-
GA115,GA,115,right smart [adv.] 
GA116,GA,116,right smart [adj.] 
GA116,GA,116,right smart [adv.] 
GA117,GA,117,-
GA118,GA,118,-
GA119,GA,119,-
GA120,GA,120,-
GA121,GA,121,0
GA122,GA,122,0
GA123,GA,123,-
GA124,GA,124,0
GA125,GA,125,-
GA126,GA,126,-
GA127,GA,127,-
GA128,GA,128,right smart [adv.] 
GA129,GA,129,-
GA130,GA,130,-
GA131,GA,131,0
GA132,GA,132,-
GA133,GA,133,right smart [no context or usage unclear] 
GA134,GA,134,right smart [adv.] 
GA135,GA,135,right smart [adv.] 
GA135,GA,135,right smart (of) [n.] 
GA136,GA,136,-
GA137,GA,137,-
GA138,GA,138,right smart (of) [n.] 
GA139,GA,139,-
GA140,GA,140,0
GA141,GA,141,right smart [adj.] 
GA141,GA,141,right smart (of) [n.] 
GA142,GA,142,right smart [adj.] 
GA142,GA,142,right smart (of) [n.] 
GA143,GA,143,right smart [adv.] 
GA143,GA,143,right smart (of) [n.] 
GA143,GA,143,right smart [no context or usage unclear] 
GA144,GA,144,right smart [no context or usage unclear] 
GA145,GA,145,right smart (of) [n.] 
GA146,GA,146,right smart [no context or usage unclear] 
GA147,GA,147,0
GA148,GA,148,0
GA149,GA,149,right smart [adv.] 
GA149,GA,149,right smart (of) [n.] 
GA150,GA,150,right smart [adj.] 
GA150,GA,150,right smart (of) [n.] 
GA150,GA,150,right smart [no context or usage unclear] 
GA151,GA,151,right smart (of) [n.] 
GA152,GA,152,right smart [no context or usage unclear] 
GA153,GA,153,-
GA154,GA,154,-
GA155,GA,155,-
GA156,GA,156,-
GA157,GA,157,right smart [adv.] 
GA158,GA,158,-
GA159,GA,159,right smart (of) [n.] 
GA160,GA,160,-
GA161,GA,161,right smart (of) [n.] 
GA162,GA,162,right smart [no context or usage unclear] 
GA163,GA,163,-
GA164,GA,164,0
GA165,GA,165,right smart (of) [n.] 
GA166,GA,166,right smart [adv.] 
GA166,GA,166,right smart (of) [n.] 
GA167,GA,167,right smart (of) [n.] 
GA168,GA,168,-
GA169,GA,169,right smart [adv.] 
GA170,GA,170,-
GA171,GA,171,0
GA172,GA,172,right smart (of) [n.] 
GA173,GA,173,-
GA174,GA,174,-
GA175,GA,175,-
GA176,GA,176,-
GA177,GA,177,0
GA178,GA,178,0
GA179,GA,179,-
GA180,GA,180,0
GA181,GA,181,0
GA182,GA,182,-
GA183,GA,183,0
GA184,GA,184,-
GA185,GA,185,0
GA186,GA,186,right smart (of) [n.] 
GA187,GA,187,-
GA188,GA,188,right smart (of) [n.] 
GA189,GA,189,-
GA190,GA,190,right smart (of) [n.] 
GA191,GA,191,0
GA192,GA,192,right smart (of) [n.] 
GA193,GA,193,right smart [adv.] 
GA193,GA,193,right smart (of) [n.] 
GA194,GA,194,-
GA195,GA,195,-
GA196,GA,196,-
GA197,GA,197,-
GA198,GA,198,0
GA199,GA,199,right smart (of) [n.] 
GA199,GA,199,right smart [no context or usage unclear] 
GA200,GA,200,0
GA201,GA,201,0
GA202,GA,202,-
GA203,GA,203,-
GA204,GA,204,-
GA205,GA,205,right smart [adj.] 
GA206,GA,206,right smart (of) [n.] 
GA207,GA,207,right smart [no context or usage unclear] 
GA208,GA,208,0
GA209,GA,209,0
GA210,GA,210,right smart (of) [n.] 
GA211,GA,211,right smart [adv.] 
GA211,GA,211,right smart (of) [n.] 
GA212,GA,212,right smart [adv.] 
GA212,GA,212,right smart (of) [n.] 
GA213,GA,213,-
GA214,GA,214,0
GA215,GA,215,right smart (of) [n.] 
GA216,GA,216,right smart (of) [n.] 
GA217,GA,217,-
GA218,GA,218,right smart (of) [n.] 
GA218,GA,218,right smart [no context or usage unclear] 
GA219,GA,219,right smart (of) [n.] 
GA220,GA,220,-
GA221,GA,221,-
GA222,GA,222,right smart [adj.] 
GA222,GA,222,right smart (of) [n.] 
GA223,GA,223,right smart [adv.] 
GA223,GA,223,right smart (of) [n.] 
GA224,GA,224,right smart (of) [n.] 
GA225,GA,225,right smart (of) [n.] 
FL226,FL,226,0
FL227,FL,227,-
FL228,FL,228,-
FL229,FL,229,0
FL230,FL,230,0
FL231,FL,231,0
FL232,FL,232,0
FL233,FL,233,0
FL234,FL,234,right smart [adv.] 
FL235,FL,235,right smart [adv.] 
FL236,FL,236,right smart [no context or usage unclear] 
FL237,FL,237,right smart [no context or usage unclear] 
FL238,FL,238,right smart (of) [n.] 
FL239,FL,239,0
FL240,FL,240,0
FL241,FL,241,-
FL242,FL,242,-
FL243,FL,243,-
FL244,FL,244,-
FL245,FL,245,0
FL246,FL,246,right smart (of) [n.] 
FL247,FL,247,right smart (of) [n.] 
FL248,FL,248,0
FL249,FL,249,0
FL250,FL,250,right smart (of) [n.] 
FL251,FL,251,-
FL252,FL,252,-
FL253,FL,253,-
FL254,FL,254,-
FL255,FL,255,0
FL256,FL,256,right smart [adj.] 
FL256,FL,256,right smart [adv.] 
FL256,FL,256,right smart (of) [n.] 
FL257,FL,257,right smart (of) [n.] 
FL258,FL,258,-
FL259,FL,259,0
FL260,FL,260,-
FL261,FL,261,0
FL262,FL,262,0
FL263,FL,263,-
FL264,FL,264,0
FL265,FL,265,-
FL266,FL,266,0
FL267,FL,267,-
FL268,FL,268,-
FL269,FL,269,right smart [adj.] 
FL270,FL,270,0
FL271,FL,271,0
FL272,FL,272,right smart [adj.] 
FL273,FL,273,-
FL274,FL,274,-
FL275,FL,275,-
FL276,FL,276,right smart [no context or usage unclear] 
FL277,FL,277,-
FL278,FL,278,-
FL279,FL,279,0
FL280,FL,280,0
FL281,FL,281,0
FL282,FL,282,-
FL283,FL,283,0
FL284,FL,284,right smart [no context or usage unclear] 
FL285,FL,285,-
FL286,FL,286,0
FL287,FL,287,-
FL288,FL,288,right smart [adj.] 
FL289,FL,289,0
TN290,TN,290,right smart (of) [n.] 
TN291,TN,291,-
TN292,TN,292,right smart (of) [n.] 
TN293,TN,293,right smart (of) [n.] 
TN294,TN,294,0
TN295,TN,295,right smart [adj.] 
TN295,TN,295,right smart (of) [n.] 
TN296,TN,296,-
TN297,TN,297,0
TN298,TN,298,0
TN299,TN,299,right smart (of) [n.] 
TN300,TN,300,right smart [adv.] 
TN300,TN,300,right smart (of) [n.] 
TN301,TN,301,right smart (of) [n.] 
TN302,TN,302,right smart [adv.] 
TN303,TN,303,right smart [adj.] 
TN303,TN,303,right smart [adv.] 
TN303,TN,303,right smart (of) [n.] 
TN304,TN,304,right smart (of) [n.] 
TN305,TN,305,-
TN306,TN,306,-
TN307,TN,307,0
TN308,TN,308,-
TN309,TN,309,0
TN310,TN,310,0
TN311,TN,311,0
TN312,TN,312,-
TN313,TN,313,-
TN314,TN,314,0
TN315,TN,315,right smart [adv.] 
TN315,TN,315,right smart (of) [n.] 
TN316,TN,316,-
TN317,TN,317,right smart [adj.] 
TN318,TN,318,right smart [adj.] 
TN318,TN,318,right smart (of) [n.] 
TN319,TN,319,-
TN320,TN,320,0
TN321,TN,321,right smart [adv.] 
TN321,TN,321,right smart (of) [n.] 
TN322,TN,322,right smart [adv.] 
TN322,TN,322,right smart [no context or usage unclear] 
TN323,TN,323,-
TN324,TN,324,right smart (of) [n.] 
TN325,TN,325,right smart [no context or usage unclear] 
TN326,TN,326,right smart (of) [n.] 
TN327,TN,327,right smart [no context or usage unclear] 
TN328,TN,328,-
TN329,TN,329,-
TN330,TN,330,right smart [adv.] 
TN330,TN,330,right smart (of) [n.] 
TN331,TN,331,right smart (of) [n.] 
TN332,TN,332,right smart (of) [n.] 
TN332,TN,332,right smart [no context or usage unclear] 
TN333,TN,333,right smart [adv.] 
TN333,TN,333,right smart (of) [n.] 
TN334,TN,334,-
TN335,TN,335,0
TN336,TN,336,right smart (of) [n.] 
AL337,AL,337,-
AL338,AL,338,right smart (of) [n.] 
AL339,AL,339,0
AL340,AL,340,0
AL341,AL,341,-
AL342,AL,342,0
AL343,AL,343,0
AL344,AL,344,0
AL345,AL,345,-
AL346,AL,346,0
AL347,AL,347,right smart (of) [n.] 
AL348,AL,348,right smart [no context or usage unclear] 
AL349,AL,349,right smart [no context or usage unclear] 
AL350,AL,350,right smart [no context or usage unclear] 
AL351,AL,351,right smart (of) [n.] 
AL352,AL,352,0
AL353,AL,353,right smart [adv.] 
AL354,AL,354,-
AL355,AL,355,0
AL356,AL,356,right smart (of) [n.] 
AL357,AL,357,0
AL358,AL,358,0
AL359,AL,359,right smart [adj.] 
AL359,AL,359,right smart (of) [n.] 
AL360,AL,360,right smart (of) [n.] 
AL361,AL,361,-
AL362,AL,362,-
AL363,AL,363,right smart (of) [n.] 
AL364,AL,364,0
AL365,AL,365,-
AL366,AL,366,-
AL367,AL,367,0
AL368,AL,368,-
AL369,AL,369,-
AL370,AL,370,right smart (of) [n.] 
AL371,AL,371,0
AL372,AL,372,0
AL373,AL,373,right smart (of) [n.] 
AL374,AL,374,0
AL375,AL,375,-
AL376,AL,376,-
AL377,AL,377,-
AL378,AL,378,-
AL379,AL,379,0
AL380,AL,380,right smart (of) [n.] 
AL381,AL,381,right smart [no context or usage unclear] 
AL382,AL,382,0
AL383,AL,383,right smart (of) [n.] 
AL384,AL,384,0
AL385,AL,385,right smart (of) [n.] 
AL386,AL,386,right smart [adj.] 
AL387,AL,387,right smart (of) [n.] 
AL387,AL,387,right smart [no context or usage unclear] 
AL388,AL,388,0
AL389,AL,389,-
AL390,AL,390,right smart (of) [n.] 
AL391,AL,391,-
AL392,AL,392,-
AL393,AL,393,right smart (of) [n.] 
AL394,AL,394,-
AL395,AL,395,0
AL396,AL,396,-
AL397,AL,397,-
AL398,AL,398,-
AL399,AL,399,right smart [no context or usage unclear] 
AL400,AL,400,-
AL401,AL,401,0
AL402,AL,402,right smart (of) [n.] 
AL403,AL,403,-
AL404,AL,404,-
AL405,AL,405,0
AL406,AL,406,-
AL407,AL,407,-
AL408,AL,408,-
AL409,AL,409,right smart [no context or usage unclear] 
AL410,AL,410,0
AL411,AL,411,0
AL412,AL,412,0
AL413,AL,413,-
AL414,AL,414,0
AL415,AL,415,right smart [adv.] 
AL415,AL,415,right smart (of) [n.] 
AL416,AL,416,0
AL417,AL,417,-
AL418,AL,418,0
AL419,AL,419,right smart (of) [n.] 
AL420,AL,420,-
AL421,AL,421,0
AL422,AL,422,-
AL423,AL,423,-
AL424,AL,424,0
AL425,AL,425,0
AL426,AL,426,right smart (of) [n.] 
AL427,AL,427,0
AL428,AL,428,0
AL429,AL,429,0
AL430,AL,430,right smart [no context or usage unclear] 
AL431,AL,431,right smart [adv.] 
AL432,AL,432,-
AL433,AL,433,-
AL434,AL,434,right smart (of) [n.] 
AL435,AL,435,right smart [no context or usage unclear] 
AL436,AL,436,-
AL437,AL,437,right smart (of) [n.] 
AL438,AL,438,right smart (of) [n.] 
AL439,AL,439,right smart (of) [n.] 
AL440,AL,440,right smart (of) [n.] 
AL441,AL,441,right smart [no context or usage unclear] 
AL442,AL,442,right smart (of) [n.] 
AL443,AL,443,right smart (of) [n.] 
AL444,AL,444,right smart (of) [n.] 
AL445,AL,445,right smart [no context or usage unclear] 
AL446,AL,446,right smart (of) [n.] 
AL447,AL,447,right smart [no context or usage unclear] 
AL448,AL,448,right smart [no context or usage unclear] 
AL449,AL,449,0
AL450,AL,450,0
AL451,AL,451,right smart [adv.] 
AL451,AL,451,right smart (of) [n.] 
FL452,FL,452,-
FL453,FL,453,-
FL454,FL,454,-
FL455,FL,455,-
FL456,FL,456,-
FL457,FL,457,right smart [no context or usage unclear] 
FL458,FL,458,0
FL459,FL,459,-
FL460,FL,460,right smart [adv.] 
FL460,FL,460,right smart (of) [n.] 
FL461,FL,461,right smart [no context or usage unclear] 
FL462,FL,462,right smart [adv.] 
FL462,FL,462,right smart (of) [n.] 
FL463,FL,463,-
FL464,FL,464,right smart [adv.] 
FL465,FL,465,right smart (of) [n.] 
FL466,FL,466,right smart (of) [n.] 
FL467,FL,467,0
FL468,FL,468,-
FL469,FL,469,right smart (of) [n.] 
FL470,FL,470,0
FL471,FL,471,0
AL472,AL,472,right smart [adv.] 
AL473,AL,473,-
AL474,AL,474,0
AL475,AL,475,-
AL476,AL,476,right smart (of) [n.] 
AL477,AL,477,-
AL478,AL,478,right smart (of) [n.] 
AL479,AL,479,0
AL480,AL,480,0
AL481,AL,481,-
AL482,AL,482,0
AL483,AL,483,-
AL484,AL,484,0
AL485,AL,485,-
TN486,TN,486,right smart [adj.] 
TN486,TN,486,right smart (of) [n.] 
TN486,TN,486,right smart [no context or usage unclear] 
TN487,TN,487,-
TN488,TN,488,right smart (of) [n.] 
TN489,TN,489,-
TN490,TN,490,0
TN491,TN,491,-
TN492,TN,492,right smart (of) [n.] 
TN493,TN,493,right smart [adj.] 
TN493,TN,493,right smart [adv.] 
TN493,TN,493,right smart (of) [n.] 
TN493,TN,493,right smart [no context or usage unclear] 
TN494,TN,494,right smart (of) [n.] 
TN494,TN,494,right smart [no context or usage unclear] 
TN495,TN,495,right smart [no context or usage unclear] 
TN496,TN,496,-
TN497,TN,497,right smart [adv.] 
TN498,TN,498,right smart (of) [n.] 
TN499,TN,499,0
TN500,TN,500,right smart (of) [n.] 
TN501,TN,501,right smart [no context or usage unclear] 
TN502,TN,502,0
TN503,TN,503,right smart [adj.] 
TN503,TN,503,right smart [adv.] 
TN503,TN,503,right smart (of) [n.] 
TN504,TN,504,right smart (of) [n.] 
TN505,TN,505,right smart (of) [n.] 
TN506,TN,506,right smart [adv.] 
TN507,TN,507,right smart [adv.] 
TN508,TN,508,-
TN509,TN,509,right smart [adj.] 
TN509,TN,509,right smart (of) [n.] 
TN510,TN,510,0
TN511,TN,511,right smart [no context or usage unclear] 
TN512,TN,512,-
TN513,TN,513,right smart (of) [n.] 
TN514,TN,514,0
TN515,TN,515,-
TN516,TN,516,0
TN517,TN,517,-
TN518,TN,518,0
TN519,TN,519,0
MS520,MS,520,right smart (of) [n.] 
MS520,MS,520,right smart [no context or usage unclear] 
MS521,MS,521,right smart (of) [n.] 
MS522,MS,522,0
MS523,MS,523,-
MS524,MS,524,right smart [no context or usage unclear] 
MS525,MS,525,right smart [adj.] 
MS525,MS,525,right smart [adv.] 
MS526,MS,526,-
MS527,MS,527,0
MS528,MS,528,0
MS529,MS,529,0
MS530,MS,530,right smart (of) [n.] 
MS531,MS,531,0
MS532,MS,532,right smart [adv.] 
MS533,MS,533,right smart [adv.] 
MS533,MS,533,right smart [no context or usage unclear] 
MS534,MS,534,-
MS535,MS,535,right smart (of) [n.] 
MS536,MS,536,right smart [adv.] 
MS537,MS,537,right smart [adj.] 
MS537,MS,537,right smart [adv.] 
MS538,MS,538,-
MS539,MS,539,0
MS540,MS,540,0
MS541,MS,541,-
MS542,MS,542,right smart (of) [n.] 
MS543,MS,543,right smart [adv.] 
MS543,MS,543,right smart (of) [n.] 
MS544,MS,544,0
MS545,MS,545,-
MS546,MS,546,0
MS547,MS,547,0
MS548,MS,548,right smart (of) [n.] 
MS549,MS,549,-
MS550,MS,550,right smart (of) [n.] 
MS551,MS,551,0
MS552,MS,552,-
MS553,MS,553,0
MS554,MS,554,-
MS555,MS,555,-
MS556,MS,556,right smart [no context or usage unclear] 
MS557,MS,557,right smart (of) [n.] 
MS558,MS,558,0
MS559,MS,559,right smart (of) [n.] 
MS560,MS,560,0
MS561,MS,561,-
MS562,MS,562,right smart (of) [n.] 
MS563,MS,563,0
MS564,MS,564,right smart (of) [n.] 
MS565,MS,565,right smart [no context or usage unclear] 
MS566,MS,566,-
MS567,MS,567,0
MS568,MS,568,-
MS569,MS,569,right smart [adv.] 
MS570,MS,570,right smart (of) [n.] 
MS571,MS,571,0
MS572,MS,572,0
MS573,MS,573,right smart (of) [n.] 
MS574,MS,574,right smart (of) [n.] 
MS575,MS,575,right smart [no context or usage unclear] 
MS576,MS,576,-
MS577,MS,577,right smart (of) [n.] 
MS577,MS,577,right smart [no context or usage unclear] 
MS578,MS,578,right smart (of) [n.] 
MS579,MS,579,right smart [no context or usage unclear] 
MS580,MS,580,-
MS581,MS,581,0
MS582,MS,582,right smart (of) [n.] 
MS582,MS,582,right smart [no context or usage unclear] 
MS583,MS,583,-
MS584,MS,584,0
MS585,MS,585,right smart (of) [n.] 
MS586,MS,586,right smart (of) [n.] 
MS587,MS,587,right smart (of) [n.] 
MS588,MS,588,right smart [adj.] 
MS588,MS,588,right smart (of) [n.] 
MS589,MS,589,0
MS590,MS,590,-
MS591,MS,591,-
MS592,MS,592,0
MS593,MS,593,right smart (of) [n.] 
MS594,MS,594,right smart (of) [n.] 
MS595,MS,595,-
MS596,MS,596,right smart (of) [n.] 
MS596,MS,596,right smart [no context or usage unclear] 
MS597,MS,597,0
MS598,MS,598,-
MS599,MS,599,0
MS600,MS,600,right smart (of) [n.] 
MS601,MS,601,right smart [adv.] 
MS602,MS,602,right smart (of) [n.] 
MS603,MS,603,right smart (of) [n.] 
MS604,MS,604,right smart [adj.] 
MS605,MS,605,right smart (of) [n.] 
MS606,MS,606,0
MS607,MS,607,right smart (of) [n.] 
MS607,MS,607,right smart [no context or usage unclear] 
MS608,MS,608,right smart (of) [n.] 
MS608,MS,608,right smart [no context or usage unclear] 
MS609,MS,609,-
MS610,MS,610,right smart (of) [n.] 
MS611,MS,611,0
MS612,MS,612,right smart [adv.] 
MS612,MS,612,right smart (of) [n.] 
MS613,MS,613,right smart [adv.] 
MS614,MS,614,-
MS615,MS,615,-
MS616,MS,616,0
MS617,MS,617,right smart (of) [n.] 
MS618,MS,618,0
MS619,MS,619,0
MS620,MS,620,-
MS621,MS,621,right smart (of) [n.] 
MS622,MS,622,0
MS623,MS,623,right smart [no context or usage unclear] 
MS624,MS,624,0
MS625,MS,625,right smart (of) [n.] 
MS626,MS,626,0
MS627,MS,627,0
MS628,MS,628,right smart (of) [n.] 
MS629,MS,629,right smart [no context or usage unclear] 
LA630,LA,630,right smart (of) [n.] 
LA631,LA,631,-
LA632,LA,632,0
LA633,LA,633,-
LA634,LA,634,-
LA635,LA,635,right smart [no context or usage unclear] 
LA636,LA,636,right smart (of) [n.] 
LA637,LA,637,-
LA638,LA,638,-
LA639,LA,639,right smart (of) [n.] 
LA640,LA,640,right smart (of) [n.] 
LA641,LA,641,right smart (of) [n.] 
LA641,LA,641,right smart [no context or usage unclear] 
LA642,LA,642,0
LA643,LA,643,0
LA644,LA,644,0
LA645,LA,645,0
LA646,LA,646,right smart [adv.] 
LA646,LA,646,right smart (of) [n.] 
LA647,LA,647,-
LA648,LA,648,0
LA649,LA,649,-
LA650,LA,650,-
LA651,LA,651,0
LA652,LA,652,-
LA653,LA,653,-
LA654,LA,654,0
LA655,LA,655,0
LA656,LA,656,0
LA657,LA,657,right smart [no context or usage unclear] 
LA657X,LA,657X,-
LA657Y,LA,657Y,0
LA657Z,LA,657Z,-
LA658,LA,658,0
LA659,LA,659,-
LA660,LA,660,right smart (of) [n.] 
LA661,LA,661,-
LA662,LA,662,-
LA663,LA,663,0
LA664,LA,664,-
LA665,LA,665,-
LA666,LA,666,0
LA667,LA,667,right smart (of) [n.] 
LA668,LA,668,-
LA669,LA,669,right smart (of) [n.] 
LA670,LA,670,-
LA671,LA,671,0
LA672,LA,672,right smart (of) [n.] 
LA673,LA,673,-
AR674,AR,674,right smart [adj.] 
AR674,AR,674,right smart [adv.] 
AR675,AR,675,-
AR676,AR,676,-
AR677,AR,677,-
AR678,AR,678,-
AR679,AR,679,-
AR680,AR,680,0
AR681,AR,681,right smart [adj.] 
AR681,AR,681,right smart (of) [n.] 
AR682,AR,682,-
AR683,AR,683,right smart (of) [n.] 
AR684,AR,684,right smart [no context or usage unclear] 
AR685,AR,685,0
AR686,AR,686,right smart [adv.] 
AR686,AR,686,right smart (of) [n.] 
AR687,AR,687,right smart (of) [n.] 
AR688,AR,688,0
AR689,AR,689,-
AR690,AR,690,-
AR691,AR,691,-
AR692,AR,692,-
AR693,AR,693,right smart [no context or usage unclear] 
AR694,AR,694,right smart [adv.] 
AR694,AR,694,right smart (of) [n.] 
AR695,AR,695,right smart [adv.] 
AR696,AR,696,right smart [no context or usage unclear] 
AR697,AR,697,right smart [no context or usage unclear] 
AR698,AR,698,-
AR699,AR,699,-
AR700,AR,700,0
AR701,AR,701,-
AR702,AR,702,0
AR703,AR,703,-
AR704,AR,704,right smart (of) [n.] 
AR705,AR,705,-
AR706,AR,706,0
AR707,AR,707,0
AR708,AR,708,right smart (of) [n.] 
AR709,AR,709,-
AR710,AR,710,-
AR711,AR,711,-
AR712,AR,712,0
AR713,AR,713,right smart [no context or usage unclear] 
AR714,AR,714,-
AR715,AR,715,right smart [adj.] 
AR716,AR,716,right smart [adv.] 
AR716,AR,716,right smart (of) [n.] 
AR717,AR,717,right smart [adv.] 
AR718,AR,718,right smart (of) [n.] 
AR719,AR,719,0
AR720,AR,720,0
AR721,AR,721,right smart [adj.] 
AR721,AR,721,right smart (of) [n.] 
AR722,AR,722,-
AR723,AR,723,0
AR724,AR,724,-
AR725,AR,725,0
AR726,AR,726,right smart [adv.] 
AR727,AR,727,right smart [adv.] 
AR727,AR,727,right smart (of) [n.] 
AR728,AR,728,right smart (of) [n.] 
AR729,AR,729,0
AR730,AR,730,-
AR731,AR,731,-
AR732,AR,732,-
AR733,AR,733,0
AR734,AR,734,right smart [no context or usage unclear] 
AR735,AR,735,0
AR736,AR,736,-
AR737,AR,737,-
AR738,AR,738,right smart (of) [n.] 
AR739,AR,739,-
AR740,AR,740,0
AR741,AR,741,-
AR742,AR,742,0
AR743,AR,743,-
AR744,AR,744,right smart [adv.] 
AR744,AR,744,right smart (of) [n.] 
AR745,AR,745,-
AR746,AR,746,-
AR747,AR,747,right smart [no context or usage unclear] 
AR747,AR,747,right smarter 
AR748,AR,748,right smart [adv.] 
AR749,AR,749,-
AR750,AR,750,-
AR751,AR,751,right smart (of) [n.] 
AR752,AR,752,right smart (of) [n.] 
AR753,AR,753,0
AR754,AR,754,right smart (of) [n.] 
AR755,AR,755,-
LA756,LA,756,-
LA757,LA,757,-
LA758,LA,758,right smart (of) [n.] 
LA759,LA,759,right smart (of) [n.] 
LA760,LA,760,0
LA761,LA,761,right smart [adv.] 
LA762,LA,762,right smart [adv.] 
LA763,LA,763,-
LA764,LA,764,right smart [adv.] 
LA764,LA,764,right smart (of) [n.] 
LA765,LA,765,-
LA766,LA,766,right smart (of) [n.] 
LA767,LA,767,0
LA768,LA,768,right smart (of) [n.] 
LA769,LA,769,right smart [adj.] 
LA770,LA,770,right smart (of) [n.] 
LA771,LA,771,right smart (of) [n.] 
LA772,LA,772,0
LA773,LA,773,-
LA774,LA,774,-
LA775,LA,775,-
LA776,LA,776,0
LA777,LA,777,0
LA778,LA,778,right smart [adj.] 
LA779,LA,779,-
LA780,LA,780,right smart [no context or usage unclear] 
LA781,LA,781,-
LA782,LA,782,right smart [adj.] 
LA782,LA,782,right smart (of) [n.] 
LA783,LA,783,right smart [no context or usage unclear] 
LA784,LA,784,right smart (of) [n.] 
LA784,LA,784,right smart [no context or usage unclear] 
LA785,LA,785,0
LA786,LA,786,right smart (of) [n.] 
LA787,LA,787,0
LA788,LA,788,right smart (of) [n.] 
LA789,LA,789,right smart [adv.] 
LA789,LA,789,right smart [no context or usage unclear] 
LA790,LA,790,right smart (of) [n.] 
LA791,LA,791,right smart (of) [n.] 
LA792,LA,792,right smart [adv.] 
LA793,LA,793,-
LA794,LA,794,right smart [adv.] 
LA794,LA,794,right smart (of) [n.] 
LA795,LA,795,-
LA796,LA,796,right smart [no context or usage unclear] 
LA797,LA,797,-
LA798,LA,798,right smart (of) [n.] 
LA799,LA,799,right smart (of) [n.] 
LA800,LA,800,right smart [adv.] 
LA801,LA,801,right smart (of) [n.] 
LA802,LA,802,right smart (of) [n.] 
LA803,LA,803,-
LA804,LA,804,-
LA805,LA,805,-
LA806,LA,806,-
LA807,LA,807,right smart (of) [n.] 
LA808,LA,808,right smart [adj.] 
LA808,LA,808,right smart (of) [n.] 
LA809,LA,809,-
LA810,LA,810,0
LA811,LA,811,0
LA812,LA,812,0
LA813,LA,813,right smart [adj.] 
LA814,LA,814,-
LA815,LA,815,-
LA816,LA,816,-
LA817,LA,817,right smart (of) [n.] 
TX818,TX,818,-
TX819,TX,819,right smart [adv.] 
TX820,TX,820,-
TX821,TX,821,-
TX822,TX,822,right smart (of) [n.] 
TX823,TX,823,right smart (of) [n.] 
TX824,TX,824,right smart (of) [n.] 
TX825,TX,825,right smart (of) [n.] 
TX826,TX,826,right smart [adv.] 
TX827,TX,827,0
TX828,TX,828,0
TX829,TX,829,0
TX830,TX,830,right smart [no context or usage unclear] 
TX831,TX,831,-
TX832,TX,832,-
TX833,TX,833,-
TX834,TX,834,-
TX835,TX,835,right smart (of) [n.] 
TX836,TX,836,right smart (of) [n.] 
TX837,TX,837,0
TX838,TX,838,0
TX839,TX,839,right smart [adv.] 
TX840,TX,840,right smart [no context or usage unclear] 
TX841,TX,841,0
TX842,TX,842,0
TX843,TX,843,0
TX844,TX,844,-
TX845,TX,845,-
TX846,TX,846,0
TX847,TX,847,0
TX848,TX,848,0
TX849,TX,849,-
TX850,TX,850,-
TX851,TX,851,0
TX852,TX,852,-
TX853,TX,853,-
TX854,TX,854,-
TX855,TX,855,right smart (of) [n.] 
TX856,TX,856,-
TX857,TX,857,right smart [adv.] 
TX857,TX,857,right smart (of) [n.] 
TX858,TX,858,-
TX859,TX,859,0
TX860,TX,860,0
TX861,TX,861,right smart (of) [n.] 
TX862,TX,862,0
TX863,TX,863,right smart [adj.] 
TX864,TX,864,-
TX865,TX,865,-
TX866,TX,866,0
TX867,TX,867,0
TX868,TX,868,right smart (of) [n.] 
TX869,TX,869,0
TX870,TX,870,0
TX871,TX,871,0
TX872,TX,872,right smart (of) [n.] 
TX873,TX,873,right smart (of) [n.] 
TX874,TX,874,-
TX875,TX,875,right smart [adj.] 
TX875,TX,875,right smart (of) [n.] 
TX875,TX,875,right smart [no context or usage unclear] 
TX876,TX,876,0
TX877,TX,877,right smart [adj.] 
TX878,TX,878,right smart [no context or usage unclear] 
TX879,TX,879,-
TX880,TX,880,-
TX881,TX,881,-
TX882,TX,882,-
TX883,TX,883,0
TX884,TX,884,-
TX885,TX,885,-
TX886,TX,886,0
TX887,TX,887,-
TX888,TX,888,0
TX889,TX,889,0
TX890,TX,890,right smart (of) [n.] 
TX890,TX,890,right smart [no context or usage unclear] 
TX891,TX,891,0
TX892,TX,892,0
TX893,TX,893,-
TX894,TX,894,-
TX895,TX,895,-
TX896,TX,896,-
TX897,TX,897,-
TX898,TX,898,-
TX899,TX,899,-
TX900,TX,900,0
TX901,TX,901,-
TX902,TX,902,0
TX903,TX,903,-
TX904,TX,904,right smart (of) [n.] 
TX905,TX,905,-
TX906,TX,906,0
TX907,TX,907,-
TX908,TX,908,0
TX909,TX,909,-
TX910,TX,910,right smart (of) [n.] 
TX911,TX,911,right smart [adj.] 
