Informant,State,Informant number,Response
TN001,TN,001,{ie}dee(A)=13
TN002,TN,002,iedeeA=134
TN003,TN,003,{ie}dee(A)=13
TN004,TN,004,{ie}dee(A)=13
TN005,TN,005,-
TN006,TN,006,iedeeyA=314
TN007,TN,007,{ie}deeA=134
TN008,TN,008,-
TN009,TN,009,{ie}dee(A)=13
TN010,TN,010,{ie}d{ee}yA=314
TN011,TN,011,iedeeyA=314
TN012,TN,012,{ie}dee(A)=13
TN013,TN,013,{ie}deeA=314
TN014,TN,014,{ie}deeA=314
TN015,TN,015,iedeeA=134
TN016,TN,016,ied{ee}(A)=31
TN017,TN,017,{ie}deeyA=314
TN018,TN,018,{ie}deeyA=314
TN019,TN,019,iedeeyA=314
TN020,TN,020,-
TN021,TN,021,-
TN022,TN,022,ied{ee}(A)=31
TN023,TN,023,{ie}dee(A)=13
TN024,TN,024,{ie}deeA=314
TN025,TN,025,iedee(A)=13
TN026,TN,026,-
TN027,TN,027,{ie}dee(A)=13
TN027,TN,027,{ie}deeA=314
TN028,TN,028,{ie}deeyA=314
TN029,TN,029,{ie}deeA=314
TN030,TN,030,iedeeA=314
TN031,TN,031,iedeeA=314
TN032,TN,032,iedeeyA=314
TN033,TN,033,-
TN034,TN,034,iedeeyA=314
TN035,TN,035,{ie}deeyA=314
TN036,TN,036,{ie}d(ee)I=14
TN037,TN,037,{ie}deeyA=314
TN038,TN,038,{ie}dIA=144
TN039,TN,039,-
TN040,TN,040,iedeeA=314
TN041,TN,041,-
TN042,TN,042,ied(ee)I=14
TN043,TN,043,{ie}deeA=314
TN044,TN,044,{ie}dee(A)=13
TN045,TN,045,{ie}dirz=31
TN046,TN,046,-
TN047,TN,047,-
TN048,TN,048,-
TN049,TN,049,{ie}deeyA=314
TN050,TN,050,{ie}dee(A)=13
TN051,TN,051,ied{ee}(A)=31
TN051,TN,051,iediA=314
TN052,TN,052,-
TN053,TN,053,iedeeyA=314
TN054,TN,054,-
TN055,TN,055,ied{ee}A=214
TN056,TN,056,-
TN057,TN,057,-
TN058,TN,058,iedeeyA=314
TN059,TN,059,-
TN060,TN,060,-
GA061,GA,061,-
GA062,GA,062,ied{ee}(A)=13
GA063,GA,063,-
GA064,GA,064,{ie}deeyA=314
GA065,GA,065,ied{ee}A=314
GA066,GA,066,-
GA067,GA,067,ied{ee}(A)=31
GA067,GA,067,{ie}d{ee}(A)=31
GA068,GA,068,-
GA069,GA,069,-
GA070,GA,070,-
GA071,GA,071,iedeeA=214
GA071,GA,071,ied{ee}A=314
GA072,GA,072,iedeeyA=214
GA073,GA,073,ied{ee}(A)=31
GA074,GA,074,-
GA075,GA,075,ied(ee)A=14
GA076,GA,076,iedIA=144
GA077,GA,077,iedeeA=134
GA078,GA,078,ied{ee}(A)=13
GA079,GA,079,-
GA080,GA,080,-
GA081,GA,081,-
GA082,GA,082,-
GA083,GA,083,-
GA084,GA,084,-
GA085,GA,085,{ie}di(A)r=31
GA086,GA,086,ied(ee)I=14
GA086,GA,086,ied{ee}(A)=31
GA087,GA,087,iediA=214
GA088,GA,088,ied(ee)I=14
GA089,GA,089,-
GA090,GA,090,{ie}d(ee)I=14
GA091,GA,091,ied(ee)I=14
GA092,GA,092,{ie}deeyA=314
GA093,GA,093,-
GA094,GA,094,iedeeA=134
GA095,GA,095,{ie}dee{R}=214
GA096,GA,096,-
GA097,GA,097,iedi(A)r=31
GA098,GA,098,-
GA099,GA,099,{ie}d{ee}A=314
GA100,GA,100,ied{ee}(A)=31
GA101,GA,101,ied{ee}(A)=31
GA102,GA,102,ied{ee}A=314
GA103,GA,103,ied{ee}(A)=31
GA104,GA,104,iedeeyA=314
GA105,GA,105,-
GA106,GA,106,iedi{R}=314
GA107,GA,107,ied{ee}(A)=13
GA107,GA,107,ied(ee)I=14
GA108,GA,108,{ie}d{ee}A=134
GA109,GA,109,iedeeA=314
GA110,GA,110,-
GA111,GA,111,iedIA=144
GA112,GA,112,{ie}d{ee}(A)=31
GA113,GA,113,-
GA114,GA,114,ied{ee}(A)=13
GA115,GA,115,-
GA116,GA,116,-
GA117,GA,117,-
GA118,GA,118,{ie}d{ee}A=314
GA119,GA,119,iedee(A)=13
GA120,GA,120,ied{ee}A=134
GA120,GA,120,ied{ee}A=314
GA121,GA,121,ied{ee}(A)=13
GA122,GA,122,ied(ee)I=14
GA123,GA,123,iedee(A)=31
GA124,GA,124,{ie}d{ee}A=314
GA125,GA,125,{ie}deeA=314
GA126,GA,126,-
GA127,GA,127,-
GA128,GA,128,-
GA129,GA,129,-
GA130,GA,130,ied{ee}(A)z=13
GA131,GA,131,-
GA132,GA,132,-
GA133,GA,133,{ie}d{ee}A=134
GA134,GA,134,-
GA135,GA,135,{ie}d{ee}(A)=13
GA136,GA,136,ied{ee}(A)=13
GA137,GA,137,ied{ee}(A)=13
GA138,GA,138,-
GA139,GA,139,{ie}deeA=134
GA140,GA,140,{ie}deeA=134
GA140,GA,140,{ie}deeyA=314
GA141,GA,141,ied{ee}A=314
GA141,GA,141,ied{ee}(A)=31
GA142,GA,142,-
GA143,GA,143,{ie}d{ee}A=134
GA144,GA,144,ied{ee}(A)=13
GA145,GA,145,-
GA146,GA,146,{ie}d{ee}A=314
GA147,GA,147,-
GA148,GA,148,ied{ee}(A)=13
GA149,GA,149,{ie}deeyA=314
GA150,GA,150,ied{ee}A=314
GA151,GA,151,-
GA152,GA,152,{ie}d{ee}(A)=13
GA153,GA,153,-
GA154,GA,154,ied(ee)I=14
GA155,GA,155,iedee(A)=13
GA156,GA,156,-
GA157,GA,157,-
GA158,GA,158,-
GA159,GA,159,{ie}d(ee)I=14
GA160,GA,160,-
GA161,GA,161,ied{ee}(A)=31
GA162,GA,162,-
GA163,GA,163,ied{ee}A=214
GA164,GA,164,{ie}d{ee}(A)=31
GA165,GA,165,-
GA166,GA,166,{ie}d{ee}(A)=31
GA167,GA,167,{ie}deeA=134
GA168,GA,168,ied{ee}(A)=13
GA169,GA,169,-
GA170,GA,170,ied{ee}(A)=21
GA171,GA,171,ied{ee}(A)=31
GA171,GA,171,{ie}d{ee}(A)=31
GA172,GA,172,{ie}d{ee}A=314
GA173,GA,173,-
GA174,GA,174,-
GA175,GA,175,ied{ee}(A)=13
GA176,GA,176,-
GA177,GA,177,ied(ee)I=14
GA178,GA,178,-
GA179,GA,179,-
GA180,GA,180,-
GA181,GA,181,-
GA182,GA,182,ied{ee}(A)=21
GA183,GA,183,-
GA184,GA,184,-
GA185,GA,185,iedeeA=314
GA185,GA,185,ied{ee}(A)=13
GA186,GA,186,{ie}deeA=134
GA187,GA,187,-
GA188,GA,188,iedeeyA=314
GA189,GA,189,ied{ee}A=314
GA190,GA,190,-
GA191,GA,191,{ie}deeA=314
GA192,GA,192,ied(ee)I=14
GA193,GA,193,-
GA194,GA,194,-
GA195,GA,195,-
GA196,GA,196,-
GA197,GA,197,-
GA198,GA,198,-
GA199,GA,199,-
GA200,GA,200,-
GA201,GA,201,ied{ee}A=314
GA202,GA,202,-
GA203,GA,203,{ie}d(ee)I=14
GA204,GA,204,-
GA205,GA,205,-
GA206,GA,206,{ie}deeyA=314
GA207,GA,207,-
GA208,GA,208,-
GA209,GA,209,ied{ee}(A)=31
GA210,GA,210,{ie}d{ee}A=314
GA211,GA,211,-
GA212,GA,212,{ie}d(ee)A=14
GA213,GA,213,-
GA214,GA,214,{ie}deeyA=314
GA215,GA,215,-
GA216,GA,216,-
GA217,GA,217,{ie}deeA=134
GA218,GA,218,-
GA219,GA,219,-
GA220,GA,220,-
GA221,GA,221,-
GA222,GA,222,{ie}d(ee)A=14
GA223,GA,223,-
GA224,GA,224,iedeeAsh=124
GA225,GA,225,-
FL226,FL,226,-
FL227,FL,227,ied{ee}A=314
FL228,FL,228,ied{ee}A=314
FL228,FL,228,iedi(A)r=31
FL229,FL,229,-
FL230,FL,230,{ie}dee(A)r=31
FL231,FL,231,{ie}d{ee}(A)=31
FL232,FL,232,{ie}deeA=214
FL233,FL,233,ied{ee}A=314
FL234,FL,234,-
FL235,FL,235,{ie}dee(A)=13
FL236,FL,236,iedi(A)r=31
FL237,FL,237,{ie}d(ee)I=14
FL238,FL,238,{ie}d(ee)I=14
FL239,FL,239,ied{ee}(A)=21
FL240,FL,240,ied{ee}(A)=21
FL241,FL,241,-
FL242,FL,242,{ie}deeyA=134
FL242,FL,242,{ie}deeyA=314
FL243,FL,243,-
FL244,FL,244,ied(ee)I=14
FL245,FL,245,ied{ee}(A)=13
FL246,FL,246,{ie}deeA=134
FL247,FL,247,{ie}d{ee}A=214
FL247,FL,247,{ie}dIA=144
FL248,FL,248,{ie}dIA=144
FL249,FL,249,ie{t}eeA=134
FL250,FL,250,-
FL251,FL,251,-
FL252,FL,252,-
FL253,FL,253,{ie}d{ee}A=314
FL254,FL,254,{ie}dIA=144
FL255,FL,255,iedee(A)=13
FL256,FL,256,{ie}deeA=134
FL257,FL,257,ied(ee)I=14
FL258,FL,258,-
FL259,FL,259,ied{ee}(A)=31
FL260,FL,260,{ie}d(ee)I=14
FL261,FL,261,{ie}d{ee}A=314
FL262,FL,262,-
FL263,FL,263,{ie}deeyA=134
FL263,FL,263,ied(ee)I=14
FL264,FL,264,ied{ee}A=314
FL265,FL,265,-
FL266,FL,266,ied{ee}A=314
FL267,FL,267,-
FL268,FL,268,-
FL269,FL,269,ied{ee}A=214
FL269,FL,269,ie{t}(ee)I=14
FL270,FL,270,{ie}d{ee}A=314
FL271,FL,271,-
FL272,FL,272,-
FL273,FL,273,ied{ee}A=314
FL274,FL,274,ied{ee}(A)=21
FL275,FL,275,ied{ee}(A)=31
FL276,FL,276,iedeeA=314
FL277,FL,277,ied{ee}(A)=31
FL278,FL,278,iedeeA=314
FL279,FL,279,ied{ee}A=314
FL280,FL,280,iedeeA=314
FL281,FL,281,-
FL282,FL,282,{ie}d{ee}(A)=13
FL283,FL,283,-
FL284,FL,284,-
FL285,FL,285,ied{ee}A=314
FL286,FL,286,ied{ee}(A)=31
FL287,FL,287,ied{ee}(A)=31
FL288,FL,288,ied{ee}(A)=13
FL289,FL,289,-
TN290,TN,290,-
TN291,TN,291,{ie}deeyA=134
TN292,TN,292,-
TN293,TN,293,{ie}d(ee)I=14
TN294,TN,294,ied{ee}(A)=31
TN295,TN,295,iedi(A)r=31
TN296,TN,296,iedeeA=134
TN296,TN,296,iedeeA=314
TN297,TN,297,ied{ee}A=214
TN297,TN,297,ied{ee}(A)=21
TN298,TN,298,-
TN299,TN,299,ied{ee}{R}=314
TN300,TN,300,ied{ee}(A)=21
TN301,TN,301,-
TN302,TN,302,{ie}deeA=314
TN303,TN,303,{ie}d(ee)A=14
TN304,TN,304,-
TN305,TN,305,-
TN306,TN,306,-
TN307,TN,307,{ie}d{ee}(A)=31
TN308,TN,308,-
TN309,TN,309,{ie}deeA=134
TN309,TN,309,{ie}deeR=314
TN310,TN,310,iedee(A)=31
TN311,TN,311,{ie}d{ee}(A)=31
TN312,TN,312,ied{ee}A=314
TN313,TN,313,-
TN314,TN,314,-
TN315,TN,315,ied{ee}(A)=31
TN316,TN,316,ied{ee}(A)=13
TN317,TN,317,iedee{R}=214
TN318,TN,318,{ie}d(ee)I=14
TN319,TN,319,-
TN320,TN,320,-
TN321,TN,321,{ie}d{ee}(A)=31
TN322,TN,322,ied{ee}A=314
TN323,TN,323,iedeeA=314
TN324,TN,324,iedeeA=314
TN325,TN,325,{ie}d{ee}A=314
TN326,TN,326,{ie}deeA=134
TN326,TN,326,{ie}d(ee)I=14
TN327,TN,327,-
TN328,TN,328,ied{ee}(A)=13
TN329,TN,329,ied{ee}(A)=13
TN329,TN,329,ied{ee}(A)=31
TN330,TN,330,{ie}deeA=134
TN330,TN,330,{ie}dee(A)=13
TN331,TN,331,ied{ee}(A)=31
TN332,TN,332,{ie}deeA=124
TN333,TN,333,{ie}dee(A)=13
TN333,TN,333,{ie}d(ee)I=14
TN334,TN,334,ied{ee}A=314
TN335,TN,335,{ie}d{ee}A=214
TN336,TN,336,iedIA=144
TN336,TN,336,ied(ee)I=14
AL337,AL,337,-
AL338,AL,338,{ie}deeyA=134
AL339,AL,339,iedeeyA=314
AL340,AL,340,-
AL341,AL,341,{ie}d{ee}A=314
AL342,AL,342,{ie}deeA=314
AL343,AL,343,ied{ee}A=314
AL343,AL,343,{ie}deeA=314
AL344,AL,344,-
AL345,AL,345,-
AL346,AL,346,{ie}dIA=144
AL347,AL,347,ied(ee){R}=14
AL347,AL,347,{ie}dIA=144
AL348,AL,348,ied{ee}A=314
AL349,AL,349,-
AL350,AL,350,-
AL351,AL,351,{ie}d{ee}(A)=21
AL352,AL,352,iedee(A)=31
AL353,AL,353,ied(ee)I=14
AL354,AL,354,{ie}d(ee)I=14
AL355,AL,355,-
AL356,AL,356,{ie}d{ee}A=314
AL357,AL,357,ied{ee}A=314
AL358,AL,358,ied{ee}A=314
AL359,AL,359,ied{ee}(A)=13
AL360,AL,360,ied{ee}(A)=21
AL361,AL,361,ied{ee}(A)=13
AL361,AL,361,ied(ee)A=14
AL362,AL,362,-
AL363,AL,363,ied{ee}A=314
AL364,AL,364,{ie}dIA=144
AL365,AL,365,-
AL366,AL,366,ied{ee}(A)=21
AL366,AL,366,ied{ee}(A)=13
AL367,AL,367,{ie}deeA=314
AL368,AL,368,-
AL369,AL,369,-
AL370,AL,370,{ie}d{ee}A=314
AL371,AL,371,{ie}deeyA=314
AL372,AL,372,iedeeA=214
AL372,AL,372,ied{ee}A=314
AL373,AL,373,iedeeA=134
AL373,AL,373,iedeeA=314
AL374,AL,374,-
AL375,AL,375,{ie}d{ee}(A)=31
AL376,AL,376,-
AL377,AL,377,-
AL378,AL,378,{ie}di(A)r=31
AL378,AL,378,{ie}di(A){r}=31
AL379,AL,379,ied{ee}A=314
AL380,AL,380,-
AL381,AL,381,ied{ee}(A)=13
AL382,AL,382,ied{ee}(A)=13
AL382,AL,382,{ie}d{ee}(A)=13
AL382,AL,382,{ie}d(ee)I=14
AL383,AL,383,{ie}deeA=314
AL384,AL,384,ied(ee)I=14
AL385,AL,385,iedeeA=314
AL386,AL,386,{ie}deeA=314
AL387,AL,387,{ie}deeA=134
AL388,AL,388,-
AL389,AL,389,-
AL390,AL,390,ied{ee}(A)=31
AL390,AL,390,iedi(A){r}=31
AL391,AL,391,ied{ee}A=314
AL391,AL,391,ied{ee}(A)=31
AL392,AL,392,iedee(A)=13
AL393,AL,393,-
AL394,AL,394,ied{ee}(A)=12
AL394,AL,394,{ie}d{ee}(A)=31
AL394,AL,394,{ie}d(ee)I=14
AL395,AL,395,iedeeA=134
AL396,AL,396,-
AL397,AL,397,-
AL398,AL,398,iedee(A)=13
AL399,AL,399,-
AL400,AL,400,{ie}d{ee}A=314
AL401,AL,401,-
AL402,AL,402,-
AL403,AL,403,{ie}d{ee}(A)=13
AL404,AL,404,iedeeA=314
AL405,AL,405,iedeeA=314
AL405,AL,405,ied{ee}(A)=31
AL406,AL,406,-
AL407,AL,407,iedeeA=134
AL408,AL,408,ied{ee}(A)=21
AL408,AL,408,ied{ee}(A)=31
AL409,AL,409,-
AL410,AL,410,ied{ee}(A)=13
AL411,AL,411,-
AL412,AL,412,iedeeA=134
AL413,AL,413,-
AL414,AL,414,iedeeA=134
AL415,AL,415,{ie}d(ee)I=14
AL416,AL,416,{ie}d{ee}A=314
AL417,AL,417,ied{ee}(A)=31
AL418,AL,418,{ie}dee(A)=31
AL419,AL,419,iedeeA=134
AL420,AL,420,-
AL421,AL,421,-
AL422,AL,422,-
AL423,AL,423,-
AL424,AL,424,{ie}d{ee}(A)=31
AL425,AL,425,-
AL426,AL,426,iedee(A)=13
AL427,AL,427,{ie}d{ee}(A)=31
AL428,AL,428,ied{ee}A=134
AL429,AL,429,-
AL430,AL,430,{ie}d{ee}A=134
AL431,AL,431,{ie}d{ee}(A)=31
AL432,AL,432,iedeeA=314
AL433,AL,433,ied(ee)I=14
AL434,AL,434,-
AL435,AL,435,{ie}d{ee}(A)=31
AL436,AL,436,{ie}d{ee}A=314
AL437,AL,437,iedeeyA=314
AL437,AL,437,{ie}deeyA=314
AL438,AL,438,-
AL439,AL,439,-
AL440,AL,440,ied{ee}A=134
AL440,AL,440,ied(ee)I=14
AL441,AL,441,{ie}d{ee}(A)=31
AL442,AL,442,ie{t}(ee)I=14
AL443,AL,443,ied{ee}A=314
AL443,AL,443,{ie}d{ee}A=314
AL444,AL,444,ied(ee)I=14
AL445,AL,445,ied{ee}A=134
AL446,AL,446,{ie}dee(A)=13
AL447,AL,447,{ie}deeA=134
AL448,AL,448,{ie}d(ee)I=14
AL449,AL,449,-
AL450,AL,450,-
AL451,AL,451,{ie}d(ee)I=14
FL452,FL,452,ied{ee}(A)=21
FL453,FL,453,-
FL454,FL,454,iedeeA=314
FL455,FL,455,{ie}di(A)r=31
FL456,FL,456,ied{ee}(A)=31
FL457,FL,457,ied{ee}A=214
FL457,FL,457,ied{ee}A=314
FL458,FL,458,{ie}d{ee}A=214
FL459,FL,459,-
FL460,FL,460,ied(ee)A=14
FL461,FL,461,{ie}d{ee}(A)=13
FL462,FL,462,-
FL463,FL,463,-
FL464,FL,464,ied(ee)I=14
FL465,FL,465,-
FL466,FL,466,ied{ee}A=314
FL467,FL,467,-
FL468,FL,468,ied{ee}(A)=31
FL469,FL,469,{ie}d{ee}(A)=13
FL470,FL,470,{ie}d{ee}(A)=31
FL471,FL,471,{ie}d{ee}(A)=13
AL472,AL,472,ied(ee)I=14
AL473,AL,473,-
AL474,AL,474,{ie}d{ee}A=314
AL475,AL,475,iedeeA=314
AL476,AL,476,iedeeA=314
AL477,AL,477,iedee(A)=13
AL478,AL,478,iedee(A)=31
AL479,AL,479,ied{ee}A=314
AL480,AL,480,iedeeA=314
AL481,AL,481,ied{ee}A=134
AL482,AL,482,ied(ee)I=14
AL483,AL,483,ied{ee}(A)=31
AL484,AL,484,iedi(A)z=31
AL485,AL,485,ied{ee}(A)=13
TN486,TN,486,iedeeAz=314
TN486,TN,486,{ie}deeAz=134
TN487,TN,487,-
TN488,TN,488,{ie}d(ee)I=14
TN489,TN,489,{ie}d{ee}(A)=31
TN490,TN,490,iedeeA=314
TN491,TN,491,-
TN492,TN,492,iedi(A)r=21
TN493,TN,493,-
TN494,TN,494,-
TN495,TN,495,-
TN496,TN,496,ied{ee}A=314
TN497,TN,497,ied{ee}(A)=13
TN498,TN,498,-
TN499,TN,499,-
TN500,TN,500,-
TN501,TN,501,-
TN502,TN,502,-
TN503,TN,503,-
TN504,TN,504,-
TN505,TN,505,{ie}d(ee)I=14
TN506,TN,506,-
TN507,TN,507,-
TN508,TN,508,-
TN509,TN,509,{ie}d{ee}(A)=31
TN509,TN,509,{ie}di(A){r}=13
TN510,TN,510,-
TN511,TN,511,-
TN512,TN,512,-
TN513,TN,513,-
TN514,TN,514,-
TN515,TN,515,iedeeA=314
TN516,TN,516,ied{ee}A=314
TN517,TN,517,iedi(A)r=31
TN518,TN,518,-
TN519,TN,519,{ie}d{ee}(A)=13
MS520,MS,520,-
MS521,MS,521,iedeeyA=314
MS522,MS,522,{ie}d{ee}A=314
MS523,MS,523,-
MS524,MS,524,{ie}d{ee}A=314
MS525,MS,525,-
MS526,MS,526,{ie}dee(A)=13
MS527,MS,527,ied(ee)I=14
MS527,MS,527,iedIA=144
MS528,MS,528,-
MS529,MS,529,-
MS530,MS,530,-
MS531,MS,531,-
MS532,MS,532,-
MS533,MS,533,ied{ee}A=214
MS534,MS,534,-
MS535,MS,535,{ie}deeA=214
MS536,MS,536,-
MS537,MS,537,-
MS538,MS,538,{ie}deeyA=314
MS539,MS,539,{ie}d(ee)I=14
MS540,MS,540,-
MS541,MS,541,ied{ee}A=314
MS542,MS,542,ied(ee)I=14
MS543,MS,543,iedeeA=134
MS544,MS,544,{ie}di(A){r}=31
MS545,MS,545,{ie}d{ee}(A)=13
MS546,MS,546,ied{ee}(A)=13
MS547,MS,547,ied{ee}(A)=31
MS548,MS,548,{ie}deeyA=314
MS549,MS,549,ied(ee)I=14
MS550,MS,550,-
MS551,MS,551,iedIA=144
MS552,MS,552,iedeeA=134
MS553,MS,553,ied{ee}(A)=13
MS554,MS,554,-
MS555,MS,555,-
MS556,MS,556,{ie}d(ee)I=14
MS557,MS,557,ied(ee)I=14
MS558,MS,558,ied{ee}(A)=31
MS559,MS,559,ied(ee)I=14
MS560,MS,560,-
MS561,MS,561,-
MS562,MS,562,-
MS563,MS,563,iedeeyA=134
MS564,MS,564,iedeeA=314
MS565,MS,565,{ie}d(ee)I=14
MS566,MS,566,-
MS567,MS,567,-
MS568,MS,568,iedeeA=314
MS568,MS,568,{ie}d(ee)I=14
MS569,MS,569,-
MS570,MS,570,ied{ee}(A)=13
MS571,MS,571,iedIA=144
MS572,MS,572,ied(ee)I=14
MS573,MS,573,ied(ee)I=14
MS574,MS,574,ied{ee}(A)=31
MS574,MS,574,{ie}d{ee}(A)=31
MS575,MS,575,{ie}deeA=134
MS576,MS,576,{ie}di(A)r=31
MS577,MS,577,ied{ee}(A)=31
MS578,MS,578,{ie}d(ee)I=14
MS579,MS,579,-
MS580,MS,580,-
MS581,MS,581,-
MS582,MS,582,{ie}deeA=134
MS583,MS,583,iedi(A){r}=13
MS583,MS,583,{ie}dye(A){r}=31
MS584,MS,584,{ie}di(A)r=31
MS585,MS,585,iedeeA=314
MS586,MS,586,-
MS587,MS,587,{ie}d(ee)A=14
MS588,MS,588,ied{ee}(A)=13
MS589,MS,589,iedee(A)=31
MS590,MS,590,iedeeA=134
MS591,MS,591,ied{ee}(A)=13
MS591,MS,591,ied{ee}A=214
MS592,MS,592,ied{ee}A=134
MS592,MS,592,ied{ee}A=314
MS593,MS,593,{ie}dee(A)=13
MS594,MS,594,{ie}dee(A)=13
MS595,MS,595,iedee(A)=13
MS596,MS,596,-
MS597,MS,597,-
MS598,MS,598,-
MS599,MS,599,ied{ee}A=214
MS599,MS,599,ied{ee}A=314
MS600,MS,600,{ie}{t}IA=144
MS600,MS,600,{ie}{t}eeA=314
MS601,MS,601,{ie}d(ee)I=14
MS602,MS,602,iedeeA=134
MS603,MS,603,-
MS604,MS,604,-
MS605,MS,605,ied{ee}(A)=31
MS605,MS,605,ied(ee)I=14
MS606,MS,606,-
MS607,MS,607,{ie}d(ee)I=14
MS608,MS,608,-
MS609,MS,609,-
MS610,MS,610,ied{ee}(A)=13
MS611,MS,611,{ie}dIA=144
MS612,MS,612,ied{ee}(A)=13
MS613,MS,613,{ie}deeyA=134
MS614,MS,614,-
MS615,MS,615,{ie}d{ee}(A)=31
MS616,MS,616,{ie}d(ee)I=14
MS617,MS,617,{ie}deeA=214
MS618,MS,618,{ie}dIA=144
MS619,MS,619,-
MS620,MS,620,-
MS621,MS,621,{ie}dee(A)=13
MS622,MS,622,ied{ee}A=314
MS623,MS,623,ied{ee}(A)=13
MS624,MS,624,ied{ee}A=314
MS625,MS,625,iedIA=144
MS626,MS,626,{ie}deeyA=134
MS626,MS,626,{ie}d(ee)I=14
MS627,MS,627,-
MS628,MS,628,{ie}d{ee}(A)r=31
MS629,MS,629,iedi(A)r=31
LA630,LA,630,ied(ee)I=14
LA630,LA,630,{ie}d(ee)I=14
LA631,LA,631,ied{ee}A=134
LA632,LA,632,-
LA633,LA,633,-
LA634,LA,634,ied(ee)I=14
LA635,LA,635,{ie}d{ee}(A)=13
LA636,LA,636,{ie}d{ee}(A)=13
LA637,LA,637,{ie}d{ee}A=314
LA638,LA,638,ied(ee)I=14
LA639,LA,639,{ie}d(ee)I=14
LA640,LA,640,ied{ee}(A)=13
LA641,LA,641,{ie}dee(A)rz=13
LA641,LA,641,{ie}d{ee}Az=134
LA642,LA,642,-
LA643,LA,643,iedeeA=314
LA644,LA,644,-
LA645,LA,645,iedeeA=314
LA645,LA,645,{ie}deeA=314
LA646,LA,646,ied{ee}A{z}=134
LA647,LA,647,-
LA648,LA,648,ied{ee}(A)=31
LA649,LA,649,ied{ee}A=314
LA650,LA,650,ied{ee}(A)=13
LA651,LA,651,iedeeAz=134
LA652,LA,652,{ie}d{ee}A=314
LA653,LA,653,ied{ee}A=134
LA654,LA,654,ied{ee}(A)z=31
LA655,LA,655,{ie}d{ee}(A)=31
LA656,LA,656,ied{ee}A=314
LA657,LA,657,iedee(A)=13
LA657X,LA,657X,ied{ee}A=134
LA657X,LA,657X,ied{ee}A=314
LA657Y,LA,657Y,ied{ee}A=314
LA657Z,LA,657Z,iedeeA=314
LA658,LA,658,iedeeA=134
LA659,LA,659,iedeeA=214
LA660,LA,660,{ie}d{ee}(A)=13
LA661,LA,661,ied(ee)I=14
LA662,LA,662,iedeeyA=314
LA663,LA,663,{ie}dIA=144
LA664,LA,664,-
LA665,LA,665,-
LA666,LA,666,{ie}d(ee)I=14
LA667,LA,667,iedeeA=134
LA668,LA,668,iedeeA=134
LA669,LA,669,ied(ee)I=14
LA670,LA,670,-
LA671,LA,671,{ie}d{ee}A=314
LA671,LA,671,{ie}di(A)r=31
LA672,LA,672,-
LA673,LA,673,ied{ee}A=314
AR674,AR,674,-
AR675,AR,675,-
AR676,AR,676,-
AR677,AR,677,ied{ee}A=214
AR678,AR,678,-
AR679,AR,679,{ie}dIA=144
AR680,AR,680,-
AR681,AR,681,{ie}d(ee)I=14
AR682,AR,682,-
AR683,AR,683,-
AR684,AR,684,-
AR685,AR,685,-
AR686,AR,686,{ie}d{ee}A=314
AR687,AR,687,-
AR688,AR,688,-
AR689,AR,689,-
AR690,AR,690,-
AR691,AR,691,ied{ee}(A)=13
AR692,AR,692,ied{ee}(A)=13
AR693,AR,693,-
AR694,AR,694,{ie}dee(A)=13
AR695,AR,695,ied{ee}(A)=31
AR696,AR,696,-
AR697,AR,697,-
AR698,AR,698,-
AR699,AR,699,-
AR700,AR,700,-
AR701,AR,701,{ie}deeR=314
AR701,AR,701,{ie}d{ee}[R]=134
AR702,AR,702,-
AR703,AR,703,iedeeyA=134
AR704,AR,704,-
AR705,AR,705,ied{ee}(A)=13
AR706,AR,706,-
AR707,AR,707,-
AR708,AR,708,-
AR709,AR,709,Adee(A)=41
AR710,AR,710,ied{ee}A=314
AR711,AR,711,-
AR712,AR,712,ied(ee)I=14
AR713,AR,713,-
AR714,AR,714,iedeeA=314
AR714,AR,714,ied(ee)I=14
AR715,AR,715,{ie}dee(A)=13
AR716,AR,716,-
AR717,AR,717,-
AR718,AR,718,-
AR719,AR,719,ied{ee}(A)=31
AR720,AR,720,{ie}deeA=134
AR721,AR,721,ied{ee}(A)=21
AR722,AR,722,-
AR723,AR,723,{ie}d(ee)R=14
AR724,AR,724,-
AR725,AR,725,{ie}dIA=144
AR726,AR,726,-
AR727,AR,727,ied(ee)I=14
AR728,AR,728,-
AR729,AR,729,-
AR730,AR,730,{ie}d{ee}A=314
AR731,AR,731,ied{ee}(A)=31
AR732,AR,732,ied{ee}(A)=31
AR733,AR,733,ied{ee}A=314
AR734,AR,734,-
AR735,AR,735,iedeeA=134
AR736,AR,736,-
AR737,AR,737,ied{ee}(A)=13
AR738,AR,738,-
AR739,AR,739,-
AR740,AR,740,-
AR741,AR,741,ied{ee}A=314
AR742,AR,742,ied{ee}(A)=31
AR743,AR,743,-
AR744,AR,744,-
AR745,AR,745,ied{ee}(A)=31
AR746,AR,746,-
AR747,AR,747,{ie}deeyA=314
AR747,AR,747,{ie}d(ee)I=14
AR748,AR,748,ied{ee}(A)=13
AR749,AR,749,{ie}d(ee)A=14
AR750,AR,750,{ie}deeyA=314
AR750,AR,750,{ie}d(ee)I=14
AR751,AR,751,ied{ee}A=314
AR751,AR,751,iedi(A)r=31
AR752,AR,752,{ie}deeyAz=314
AR753,AR,753,iedeeA=314
AR754,AR,754,{ie}d{ee}(A)=13
AR755,AR,755,-
LA756,LA,756,{ie}d{ee}(A)=13
LA757,LA,757,iedeeyA=314
LA757,LA,757,{ie}deeA=134
LA758,LA,758,ied{ee}(A)=13
LA759,LA,759,{ie}d(ee)I=14
LA760,LA,760,-
LA761,LA,761,{ie}d(ee)I=14
LA762,LA,762,ied{ee}A=314
LA762,LA,762,ied(ee)A=14
LA763,LA,763,-
LA764,LA,764,{ie}d{ee}(A)=13
LA765,LA,765,{ie}d{ee}A=314
LA766,LA,766,ied(ee)I=14
LA767,LA,767,ied{ee}(A)=13
LA767,LA,767,ied(ee)A=14
LA768,LA,768,iedeeA=134
LA769,LA,769,{ie}deeA=134
LA769,LA,769,{ie}di(A)r=13
LA770,LA,770,{ie}d{ee}A=134
LA771,LA,771,ied{ee}(A)=13
LA772,LA,772,{ie}dIA=144
LA773,LA,773,{ie}d(ee)I=14
LA774,LA,774,-
LA775,LA,775,ied{ee}(A)=31
LA775,LA,775,{ie}d(ee)I=14
LA776,LA,776,{ie}deeA=214
LA777,LA,777,-
LA778,LA,778,ied{ee}(A)=13
LA778,LA,778,ied(ee)I=14
LA779,LA,779,{ie}deeA=314
LA779,LA,779,{ie}dee(A)=31
LA780,LA,780,ied{ee}(A)=31
LA781,LA,781,-
LA782,LA,782,-
LA783,LA,783,-
LA784,LA,784,-
LA785,LA,785,{ie}deeA=314
LA786,LA,786,{ie}d(ee)A=14
LA787,LA,787,ied{ee}A=314
LA788,LA,788,{ie}d(ee)I=14
LA789,LA,789,{ie}di(A)r=13
LA790,LA,790,ied(ee)I=14
LA790,LA,790,{ie}deeA=314
LA791,LA,791,{ie}d(ee)I=14
LA792,LA,792,ied{ee}A=134
LA793,LA,793,-
LA794,LA,794,iedee(A)=13
LA794,LA,794,ied(ee)I=14
LA795,LA,795,ied{ee}(A)=13
LA795,LA,795,ied(ee)I=14
LA796,LA,796,{ie}d(ee)I=14
LA797,LA,797,-
LA798,LA,798,ied{ee}(A){r}=31
LA799,LA,799,iedee(A)z=13
LA800,LA,800,ied{ee}(A)=13
LA801,LA,801,{ie}deeA=314
LA802,LA,802,{ie}d{ee}(A)=13
LA803,LA,803,-
LA804,LA,804,-
LA805,LA,805,-
LA806,LA,806,iedee(A)=31
LA806,LA,806,ied(ee)I=14
LA807,LA,807,{ie}d(ee)I=14
LA808,LA,808,ied{ee}(A)=13
LA809,LA,809,-
LA810,LA,810,iedeeyA=134
LA811,LA,811,ied{ee}(A)=13
LA812,LA,812,ied(ee)I=14
LA813,LA,813,-
LA814,LA,814,{ie}d(ee)I=14
LA815,LA,815,iedeeA=134
LA815,LA,815,ied(ee)A=14
LA816,LA,816,ied{ee}(A)=31
LA816,LA,816,iedi(A)r=31
LA817,LA,817,ied(ee)I=14
TX818,TX,818,-
TX819,TX,819,iedee(A)=13
TX820,TX,820,{ie}deeA=134
TX821,TX,821,ied{ee}A=314
TX822,TX,822,iedeeR=134
TX823,TX,823,{ie}d{ee}(A){r}=31
TX824,TX,824,{ie}deeA=214
TX824,TX,824,{ie}{t}eeA=214
TX825,TX,825,ied(ee)I=14
TX825,TX,825,{ie}d(ee)I=14
TX826,TX,826,{ie}d{ee}A=314
TX827,TX,827,iedeeA=314
TX828,TX,828,iedeeA=134
TX829,TX,829,ied(ee)A=14
TX829,TX,829,ied{ee}(A)=31
TX829,TX,829,iedi(A){r}=31
TX830,TX,830,{ie}deeA=314
TX831,TX,831,{ie}d{ee}(A)=31
TX832,TX,832,-
TX833,TX,833,ied{ee}(A)=31
TX833,TX,833,{ie}d{ee}(A)=31
TX834,TX,834,-
TX835,TX,835,{ie}d{ee}A=314
TX836,TX,836,{ie}di(A){r}=21
TX836,TX,836,{ie}d(ee)Iz=14
TX837,TX,837,{ie}d{ee}(A)=13
TX838,TX,838,{ie}d(ee)A=14
TX839,TX,839,{ie}dee(A)=13
TX840,TX,840,ied(ee)I=14
TX841,TX,841,-
TX842,TX,842,ied{ee}A=134
TX843,TX,843,ied{ee}(A)=13
TX844,TX,844,ied(ee)I=14
TX845,TX,845,-
TX846,TX,846,{ie}d{ee}(A)=31
TX847,TX,847,-
TX848,TX,848,-
TX849,TX,849,ied{ee}(A)=13
TX850,TX,850,ied(ee)I=14
TX851,TX,851,{ie}dIA=144
TX851,TX,851,{ie}dIA=144
TX852,TX,852,ied{ee}(A)=13
TX852,TX,852,ied{ee}(A)=31
TX853,TX,853,ied{ee}(A)=13
TX854,TX,854,ied{ee}(A)=13
TX855,TX,855,ied(ee)I=14
TX856,TX,856,ied(ee)I=14
TX857,TX,857,{ie}dee(A)=13
TX858,TX,858,ied(ee)I=14
TX859,TX,859,ied{ee}A=314
TX860,TX,860,{ie}dee(A)=13
TX861,TX,861,iedeeyA=134
TX861,TX,861,iedeeyA=314
TX862,TX,862,{ie}d{ee}(A)=31
TX863,TX,863,{ie}d{ee}(A)=13
TX864,TX,864,-
TX865,TX,865,iedee(A)=13
TX865,TX,865,ied(ee)I=14
TX866,TX,866,ied{ee}A=314
TX867,TX,867,ied{ee}A=314
TX868,TX,868,iedeeyA=134
TX869,TX,869,{ie}deeyA=314
TX870,TX,870,iedee(A)=31
TX871,TX,871,-
TX872,TX,872,-
TX873,TX,873,ied{ee}(A)=13
TX874,TX,874,iedeeA=134
TX874,TX,874,{ie}deeA=134
TX875,TX,875,{ie}dIA=144
TX876,TX,876,ied{ee}(A)=31
TX877,TX,877,iedeeA=314
TX878,TX,878,ied{ee}(A)=13
TX878,TX,878,{ie}d{ee}(A)=31
TX879,TX,879,{ie}dIA=144
TX880,TX,880,ied{ee}(A){z}=13
TX881,TX,881,{ie}deeyA=314
TX882,TX,882,ied{ee}(A)=13
TX883,TX,883,{ie}deeyA=134
TX883,TX,883,{ie}dee(A)=13
TX884,TX,884,-
TX885,TX,885,-
TX886,TX,886,iedeeA=314
TX887,TX,887,ied{ee}(A)=31
TX888,TX,888,-
TX889,TX,889,ied{ee}(A)=31
TX890,TX,890,ied{ee}(A)=31
TX891,TX,891,{ie}d{ee}(A)=31
TX892,TX,892,ied{ee}A=314
TX893,TX,893,ied{ee}A=214
TX894,TX,894,iedeeA=314
TX895,TX,895,ied{ee}(A)=31
TX896,TX,896,-
TX897,TX,897,-
TX898,TX,898,-
TX899,TX,899,iedeeA=314
TX900,TX,900,iedee(A)=21
TX900,TX,900,ied{ee}(A)=31
TX901,TX,901,{ie}d{ee}A=314
TX902,TX,902,ied{ee}A=314
TX903,TX,903,-
TX904,TX,904,ied{ee}A=134
TX905,TX,905,{ie}d{ee}A=314
TX906,TX,906,iedIyA=144
TX907,TX,907,-
TX908,TX,908,ied{ee}(A)=31
TX909,TX,909,-
TX910,TX,910,ied{ee}A=214
TX910,TX,910,ied{ee}(A)=13
TX911,TX,911,iedeeyA=314
