Informant,State,Informant number,Response
TN001,TN,001,-
TN002,TN,002,E
TN002,TN,002,H
TN003,TN,003,-
TN004,TN,004,-
TN005,TN,005,J
TN006,TN,006,U
TN007,TN,007,-
TN008,TN,008,-
TN009,TN,009,K
TN009,TN,009,U
TN010,TN,010,F
TN010,TN,010,U
TN011,TN,011,ch
TN012,TN,012,cb
TN013,TN,013,E
TN014,TN,014,-
TN015,TN,015,-
TN016,TN,016,P
TN016,TN,016,bm
TN017,TN,017,P
TN018,TN,018,K
TN019,TN,019,K
TN019,TN,019,ba
TN020,TN,020,-
TN021,TN,021,-
TN022,TN,022,P
TN022,TN,022,U
TN023,TN,023,K
TN024,TN,024,P
TN025,TN,025,-
TN026,TN,026,-
TN027,TN,027,J
TN027,TN,027,P
TN027,TN,027,U
TN027,TN,027,ch
TN028,TN,028,X
TN029,TN,029,ch
TN030,TN,030,K
TN030,TN,030,P
TN030,TN,030,dc
TN031,TN,031,-
TN032,TN,032,ad
TN033,TN,033,-
TN034,TN,034,L
TN035,TN,035,P
TN035,TN,035,U
TN036,TN,036,-
TN037,TN,037,J
TN037,TN,037,L
TN037,TN,037,P
TN038,TN,038,-
TN039,TN,039,W
TN040,TN,040,U
TN040,TN,040,cb
TN041,TN,041,-
TN042,TN,042,-
TN043,TN,043,U
TN044,TN,044,-
TN045,TN,045,-
TN046,TN,046,-
TN047,TN,047,A
TN047,TN,047,C
TN048,TN,048,cz
TN049,TN,049,U
TN050,TN,050,U
TN051,TN,051,P
TN051,TN,051,U
TN052,TN,052,-
TN053,TN,053,cb
TN054,TN,054,be
TN055,TN,055,U
TN055,TN,055,bv
TN056,TN,056,-
TN057,TN,057,U
TN058,TN,058,ba
TN059,TN,059,cb
TN059,TN,059,bl
TN060,TN,060,U
GA061,GA,061,F
GA061,GA,061,ba
GA061,GA,061,bf
GA062,GA,062,J
GA062,GA,062,U
GA063,GA,063,-
GA064,GA,064,U
GA065,GA,065,bf
GA066,GA,066,bm
GA067,GA,067,W
GA068,GA,068,-
GA069,GA,069,J
GA069,GA,069,U
GA069,GA,069,at
GA070,GA,070,U
GA071,GA,071,be
GA072,GA,072,J
GA072,GA,072,K
GA073,GA,073,be
GA074,GA,074,ap
GA075,GA,075,W
GA075,GA,075,cd
GA076,GA,076,bn
GA077,GA,077,-
GA078,GA,078,U
GA079,GA,079,P
GA079,GA,079,U
GA080,GA,080,-
GA081,GA,081,K
GA082,GA,082,-
GA083,GA,083,U
GA083,GA,083,df
GA084,GA,084,U
GA084,GA,084,az
GA085,GA,085,U
GA085,GA,085,X
GA086,GA,086,-
GA087,GA,087,U
GA088,GA,088,U
GA089,GA,089,-
GA090,GA,090,-
GA091,GA,091,U
GA091,GA,091,ac
GA092,GA,092,U
GA093,GA,093,U
GA094,GA,094,U
GA094,GA,094,av
GA094,GA,094,cr
GA095,GA,095,U
GA096,GA,096,ba
GA096,GA,096,be
GA097,GA,097,U
GA098,GA,098,az
GA098,GA,098,be
GA098,GA,098,dd
GA099,GA,099,U
GA100,GA,100,ca
GA101,GA,101,U
GA101,GA,101,bz
GA102,GA,102,be
GA103,GA,103,U
GA104,GA,104,U
GA105,GA,105,ab
GA106,GA,106,U
GA107,GA,107,-
GA108,GA,108,cb
GA109,GA,109,U
GA109,GA,109,W
GA110,GA,110,ab
GA111,GA,111,W
GA112,GA,112,ac
GA113,GA,113,cb
GA114,GA,114,-
GA115,GA,115,bj
GA116,GA,116,-
GA117,GA,117,-
GA118,GA,118,U
GA119,GA,119,be
GA119,GA,119,cd
GA120,GA,120,-
GA121,GA,121,J
GA121,GA,121,bh
GA122,GA,122,I
GA122,GA,122,ba
GA123,GA,123,P
GA124,GA,124,U
GA125,GA,125,ah
GA126,GA,126,be
GA127,GA,127,-
GA128,GA,128,-
GA129,GA,129,-
GA130,GA,130,-
GA131,GA,131,-
GA132,GA,132,-
GA133,GA,133,U
GA133,GA,133,av
GA134,GA,134,E
GA135,GA,135,U
GA136,GA,136,ba
GA137,GA,137,J
GA137,GA,137,U
GA137,GA,137,ac
GA138,GA,138,-
GA139,GA,139,P
GA139,GA,139,U
GA140,GA,140,az
GA141,GA,141,L
GA141,GA,141,U
GA141,GA,141,W
GA142,GA,142,K
GA142,GA,142,be
GA142,GA,142,cb
GA143,GA,143,U
GA143,GA,143,X
GA144,GA,144,U
GA144,GA,144,ac
GA145,GA,145,-
GA146,GA,146,J
GA146,GA,146,U
GA147,GA,147,-
GA148,GA,148,Y
GA148,GA,148,ab
GA148,GA,148,al
GA149,GA,149,M
GA149,GA,149,ba
GA150,GA,150,F
GA150,GA,150,U
GA150,GA,150,be
GA151,GA,151,-
GA152,GA,152,U
GA153,GA,153,-
GA154,GA,154,bo
GA155,GA,155,U
GA156,GA,156,-
GA157,GA,157,-
GA158,GA,158,O
GA158,GA,158,ap
GA159,GA,159,at
GA160,GA,160,-
GA161,GA,161,-
GA162,GA,162,F
GA162,GA,162,U
GA163,GA,163,ae
GA164,GA,164,ba
GA165,GA,165,az
GA166,GA,166,bf
GA167,GA,167,X
GA168,GA,168,-
GA169,GA,169,ch
GA170,GA,170,U
GA171,GA,171,J
GA171,GA,171,P
GA171,GA,171,ba
GA172,GA,172,ap
GA173,GA,173,-
GA174,GA,174,-
GA175,GA,175,-
GA176,GA,176,-
GA177,GA,177,P
GA177,GA,177,U
GA178,GA,178,-
GA179,GA,179,ba
GA180,GA,180,ba
GA181,GA,181,-
GA182,GA,182,-
GA183,GA,183,J
GA183,GA,183,U
GA184,GA,184,ba
GA184,GA,184,cd
GA185,GA,185,J
GA185,GA,185,U
GA185,GA,185,ac
GA185,GA,185,bm
GA185,GA,185,cx
GA186,GA,186,J
GA187,GA,187,O
GA187,GA,187,ba
GA188,GA,188,cd
GA189,GA,189,U
GA190,GA,190,-
GA191,GA,191,ba
GA192,GA,192,J
GA192,GA,192,av
GA193,GA,193,O
GA194,GA,194,L
GA194,GA,194,az
GA194,GA,194,ba
GA195,GA,195,-
GA196,GA,196,-
GA197,GA,197,-
GA198,GA,198,-
GA199,GA,199,be
GA200,GA,200,an
GA200,GA,200,be
GA201,GA,201,J
GA201,GA,201,U
GA202,GA,202,H
GA202,GA,202,P
GA202,GA,202,U
GA203,GA,203,-
GA204,GA,204,-
GA205,GA,205,-
GA206,GA,206,U
GA206,GA,206,ba
GA207,GA,207,-
GA208,GA,208,bd
GA209,GA,209,J
GA209,GA,209,az
GA210,GA,210,ba
GA211,GA,211,az
GA212,GA,212,-
GA213,GA,213,-
GA214,GA,214,L
GA214,GA,214,U
GA215,GA,215,J
GA215,GA,215,L
GA215,GA,215,ap
GA216,GA,216,U
GA217,GA,217,ab
GA218,GA,218,-
GA219,GA,219,bc
GA220,GA,220,-
GA221,GA,221,cb
GA221,GA,221,ch
GA222,GA,222,-
GA223,GA,223,-
GA224,GA,224,Y
GA225,GA,225,-
FL226,FL,226,U
FL227,FL,227,P
FL227,FL,227,U
FL228,FL,228,-
FL229,FL,229,-
FL230,FL,230,P
FL230,FL,230,X
FL231,FL,231,E
FL232,FL,232,J
FL232,FL,232,U
FL233,FL,233,L
FL233,FL,233,db
FL234,FL,234,W
FL234,FL,234,ba
FL235,FL,235,-
FL236,FL,236,as
FL237,FL,237,be
FL238,FL,238,U
FL239,FL,239,bm
FL240,FL,240,P
FL240,FL,240,U
FL240,FL,240,ba
FL241,FL,241,J
FL242,FL,242,U
FL243,FL,243,U
FL244,FL,244,-
FL245,FL,245,-
FL246,FL,246,be
FL247,FL,247,J
FL247,FL,247,X
FL248,FL,248,U
FL248,FL,248,X
FL249,FL,249,U
FL250,FL,250,-
FL251,FL,251,-
FL252,FL,252,-
FL253,FL,253,U
FL253,FL,253,ba
FL254,FL,254,J
FL255,FL,255,be
FL255,FL,255,cf
FL256,FL,256,-
FL257,FL,257,ba
FL258,FL,258,as
FL258,FL,258,bi
FL258,FL,258,cv
FL259,FL,259,W
FL259,FL,259,X
FL260,FL,260,-
FL261,FL,261,U
FL262,FL,262,U
FL263,FL,263,be
FL264,FL,264,U
FL265,FL,265,ap
FL266,FL,266,U
FL266,FL,266,as
FL267,FL,267,ba
FL268,FL,268,-
FL269,FL,269,U
FL269,FL,269,X
FL270,FL,270,U
FL271,FL,271,X
FL272,FL,272,U
FL273,FL,273,F
FL274,FL,274,U
FL275,FL,275,U
FL276,FL,276,U
FL276,FL,276,bd
FL276,FL,276,bf
FL277,FL,277,bn
FL278,FL,278,U
FL279,FL,279,U
FL280,FL,280,be
FL281,FL,281,U
FL282,FL,282,-
FL283,FL,283,ba
FL283,FL,283,db
FL284,FL,284,-
FL285,FL,285,-
FL286,FL,286,as
FL286,FL,286,au
FL287,FL,287,-
FL288,FL,288,U
FL289,FL,289,J
FL289,FL,289,W
FL289,FL,289,cm
TN290,TN,290,Y
TN291,TN,291,U
TN292,TN,292,U
TN293,TN,293,be
TN293,TN,293,bf
TN294,TN,294,bm
TN294,TN,294,bn
TN295,TN,295,U
TN295,TN,295,cb
TN296,TN,296,U
TN297,TN,297,ap
TN298,TN,298,-
TN299,TN,299,U
TN300,TN,300,-
TN301,TN,301,-
TN302,TN,302,U
TN303,TN,303,X
TN304,TN,304,F
TN305,TN,305,-
TN306,TN,306,ac
TN307,TN,307,J
TN308,TN,308,-
TN309,TN,309,U
TN310,TN,310,au
TN311,TN,311,bl
TN312,TN,312,J
TN312,TN,312,U
TN313,TN,313,ae
TN314,TN,314,as
TN314,TN,314,br
TN315,TN,315,bf
TN316,TN,316,ba
TN316,TN,316,be
TN317,TN,317,U
TN318,TN,318,-
TN319,TN,319,-
TN320,TN,320,U
TN321,TN,321,U
TN321,TN,321,Y
TN322,TN,322,P
TN322,TN,322,U
TN323,TN,323,ae
TN324,TN,324,U
TN324,TN,324,ba
TN324,TN,324,ce
TN325,TN,325,X
TN326,TN,326,J
TN326,TN,326,ba
TN326,TN,326,bf
TN327,TN,327,U
TN327,TN,327,ap
TN328,TN,328,Q
TN328,TN,328,bn
TN328,TN,328,co
TN329,TN,329,U
TN329,TN,329,am
TN330,TN,330,J
TN330,TN,330,U
TN331,TN,331,bk
TN332,TN,332,U
TN332,TN,332,cd
TN333,TN,333,be
TN334,TN,334,U
TN335,TN,335,U
TN336,TN,336,U
AL337,AL,337,bx
AL338,AL,338,F
AL338,AL,338,J
AL338,AL,338,U
AL339,AL,339,U
AL340,AL,340,ap
AL340,AL,340,be
AL340,AL,340,bh
AL341,AL,341,X
AL342,AL,342,U
AL343,AL,343,U
AL344,AL,344,X
AL344,AL,344,Y
AL345,AL,345,-
AL346,AL,346,X
AL346,AL,346,bf
AL347,AL,347,ab
AL348,AL,348,U
AL349,AL,349,ap
AL349,AL,349,cb
AL350,AL,350,-
AL351,AL,351,U
AL352,AL,352,U
AL353,AL,353,J
AL354,AL,354,cd
AL355,AL,355,J
AL355,AL,355,U
AL356,AL,356,U
AL357,AL,357,U
AL358,AL,358,X
AL359,AL,359,U
AL359,AL,359,bl
AL359,AL,359,bn
AL360,AL,360,U
AL361,AL,361,U
AL362,AL,362,-
AL363,AL,363,U
AL364,AL,364,U
AL364,AL,364,ac
AL365,AL,365,-
AL366,AL,366,ap
AL367,AL,367,az
AL368,AL,368,be
AL369,AL,369,U
AL370,AL,370,be
AL371,AL,371,L
AL371,AL,371,X
AL372,AL,372,J
AL372,AL,372,U
AL373,AL,373,ba
AL373,AL,373,be
AL374,AL,374,J
AL374,AL,374,U
AL375,AL,375,-
AL376,AL,376,bf
AL377,AL,377,-
AL378,AL,378,U
AL378,AL,378,X
AL379,AL,379,J
AL379,AL,379,U
AL380,AL,380,-
AL381,AL,381,-
AL382,AL,382,J
AL382,AL,382,be
AL383,AL,383,L
AL384,AL,384,P
AL385,AL,385,be
AL386,AL,386,P
AL386,AL,386,ba
AL387,AL,387,H
AL387,AL,387,at
AL387,AL,387,bf
AL388,AL,388,-
AL389,AL,389,-
AL390,AL,390,U
AL390,AL,390,X
AL391,AL,391,L
AL391,AL,391,U
AL391,AL,391,ba
AL392,AL,392,bf
AL393,AL,393,be
AL394,AL,394,U
AL395,AL,395,ac
AL396,AL,396,-
AL397,AL,397,U
AL397,AL,397,Y
AL398,AL,398,R
AL399,AL,399,-
AL400,AL,400,af
AL401,AL,401,-
AL402,AL,402,U
AL403,AL,403,-
AL404,AL,404,-
AL405,AL,405,P
AL405,AL,405,U
AL406,AL,406,-
AL407,AL,407,bf
AL408,AL,408,U
AL408,AL,408,as
AL409,AL,409,-
AL410,AL,410,ap
AL411,AL,411,W
AL412,AL,412,H
AL412,AL,412,ap
AL412,AL,412,ba
AL413,AL,413,-
AL414,AL,414,N
AL414,AL,414,U
AL414,AL,414,ap
AL414,AL,414,ba
AL414,AL,414,da
AL415,AL,415,be
AL416,AL,416,bf
AL416,AL,416,cq
AL417,AL,417,U
AL418,AL,418,U
AL418,AL,418,be
AL419,AL,419,ba
AL420,AL,420,ba
AL421,AL,421,A
AL421,AL,421,U
AL422,AL,422,az
AL423,AL,423,-
AL424,AL,424,U
AL425,AL,425,X
AL426,AL,426,U
AL427,AL,427,U
AL428,AL,428,L
AL429,AL,429,-
AL430,AL,430,U
AL431,AL,431,E
AL431,AL,431,as
AL432,AL,432,-
AL433,AL,433,W
AL434,AL,434,ac
AL435,AL,435,J
AL435,AL,435,Y
AL436,AL,436,-
AL437,AL,437,ba
AL437,AL,437,dg
AL438,AL,438,E
AL439,AL,439,-
AL440,AL,440,U
AL441,AL,441,U
AL442,AL,442,ba
AL442,AL,442,bd
AL442,AL,442,bf
AL443,AL,443,U
AL444,AL,444,ba
AL445,AL,445,ba
AL446,AL,446,J
AL446,AL,446,L
AL446,AL,446,P
AL446,AL,446,U
AL446,AL,446,ba
AL447,AL,447,-
AL448,AL,448,U
AL449,AL,449,J
AL449,AL,449,X
AL450,AL,450,-
AL451,AL,451,F
AL451,AL,451,J
AL451,AL,451,U
AL451,AL,451,bi
AL451,AL,451,bu
AL451,AL,451,cl
FL452,FL,452,U
FL453,FL,453,-
FL454,FL,454,be
FL455,FL,455,bl
FL456,FL,456,L
FL456,FL,456,U
FL457,FL,457,ae
FL458,FL,458,-
FL459,FL,459,-
FL460,FL,460,at
FL460,FL,460,by
FL461,FL,461,U
FL462,FL,462,Y
FL463,FL,463,-
FL464,FL,464,L
FL465,FL,465,bf
FL466,FL,466,U
FL467,FL,467,-
FL468,FL,468,bd
FL469,FL,469,bf
FL470,FL,470,ba
FL471,FL,471,U
AL472,AL,472,U
AL473,AL,473,-
AL474,AL,474,br
AL475,AL,475,J
AL475,AL,475,R
AL475,AL,475,ch
AL476,AL,476,P
AL476,AL,476,be
AL476,AL,476,by
AL477,AL,477,U
AL478,AL,478,-
AL479,AL,479,X
AL480,AL,480,L
AL480,AL,480,U
AL481,AL,481,-
AL482,AL,482,J
AL482,AL,482,U
AL482,AL,482,cb
AL483,AL,483,-
AL484,AL,484,U
AL485,AL,485,-
TN486,TN,486,-
TN487,TN,487,-
TN488,TN,488,-
TN489,TN,489,U
TN490,TN,490,ba
TN491,TN,491,-
TN492,TN,492,ac
TN492,TN,492,ba
TN492,TN,492,be
TN492,TN,492,cj
TN493,TN,493,-
TN494,TN,494,U
TN495,TN,495,U
TN496,TN,496,F
TN496,TN,496,J
TN496,TN,496,U
TN497,TN,497,J
TN498,TN,498,U
TN498,TN,498,cd
TN499,TN,499,J
TN499,TN,499,U
TN500,TN,500,-
TN501,TN,501,F
TN501,TN,501,be
TN502,TN,502,bf
TN503,TN,503,J
TN503,TN,503,bl
TN503,TN,503,bm
TN504,TN,504,U
TN505,TN,505,J
TN505,TN,505,L
TN505,TN,505,P
TN506,TN,506,F
TN506,TN,506,cb
TN507,TN,507,-
TN508,TN,508,-
TN509,TN,509,-
TN510,TN,510,-
TN511,TN,511,-
TN512,TN,512,-
TN513,TN,513,E
TN513,TN,513,J
TN513,TN,513,be
TN514,TN,514,O
TN514,TN,514,W
TN515,TN,515,-
TN516,TN,516,U
TN517,TN,517,U
TN517,TN,517,bm
TN518,TN,518,U
TN519,TN,519,J
TN519,TN,519,U
TN519,TN,519,ac
MS520,MS,520,-
MS521,MS,521,U
MS522,MS,522,U
MS523,MS,523,-
MS524,MS,524,J
MS525,MS,525,-
MS526,MS,526,-
MS527,MS,527,P
MS527,MS,527,V
MS528,MS,528,L
MS529,MS,529,K
MS530,MS,530,at
MS530,MS,530,av
MS530,MS,530,az
MS531,MS,531,-
MS532,MS,532,J
MS532,MS,532,U
MS533,MS,533,T
MS533,MS,533,ba
MS534,MS,534,U
MS534,MS,534,ba
MS534,MS,534,cb
MS535,MS,535,U
MS536,MS,536,ce
MS537,MS,537,bg
MS538,MS,538,U
MS539,MS,539,F
MS539,MS,539,be
MS540,MS,540,-
MS541,MS,541,ba
MS542,MS,542,cc
MS543,MS,543,P
MS543,MS,543,av
MS544,MS,544,U
MS544,MS,544,cb
MS545,MS,545,ap
MS545,MS,545,ax
MS546,MS,546,bf
MS546,MS,546,bs
MS547,MS,547,J
MS547,MS,547,U
MS548,MS,548,bd
MS549,MS,549,-
MS550,MS,550,-
MS551,MS,551,bf
MS552,MS,552,-
MS553,MS,553,-
MS554,MS,554,-
MS555,MS,555,-
MS556,MS,556,U
MS556,MS,556,ba
MS557,MS,557,ae
MS558,MS,558,P
MS558,MS,558,U
MS558,MS,558,db
MS559,MS,559,-
MS560,MS,560,-
MS561,MS,561,-
MS562,MS,562,J
MS562,MS,562,ch
MS563,MS,563,J
MS563,MS,563,U
MS564,MS,564,br
MS565,MS,565,-
MS566,MS,566,-
MS567,MS,567,-
MS568,MS,568,-
MS569,MS,569,-
MS570,MS,570,ap
MS571,MS,571,X
MS572,MS,572,U
MS572,MS,572,ap
MS572,MS,572,ba
MS573,MS,573,ap
MS574,MS,574,ba
MS575,MS,575,U
MS576,MS,576,be
MS577,MS,577,az
MS578,MS,578,U
MS579,MS,579,-
MS580,MS,580,-
MS581,MS,581,-
MS582,MS,582,F
MS582,MS,582,ba
MS582,MS,582,bf
MS583,MS,583,be
MS584,MS,584,bd
MS585,MS,585,E
MS585,MS,585,be
MS586,MS,586,-
MS587,MS,587,ba
MS588,MS,588,ba
MS588,MS,588,bf
MS589,MS,589,P
MS589,MS,589,cv
MS590,MS,590,-
MS591,MS,591,ba
MS592,MS,592,J
MS592,MS,592,P
MS592,MS,592,U
MS593,MS,593,-
MS594,MS,594,bf
MS595,MS,595,U
MS595,MS,595,X
MS596,MS,596,be
MS597,MS,597,U
MS598,MS,598,-
MS599,MS,599,L
MS599,MS,599,U
MS600,MS,600,be
MS601,MS,601,U
MS602,MS,602,X
MS603,MS,603,-
MS604,MS,604,-
MS605,MS,605,bl
MS606,MS,606,-
MS607,MS,607,U
MS607,MS,607,ap
MS607,MS,607,ba
MS608,MS,608,Y
MS608,MS,608,ci
MS609,MS,609,aj
MS609,MS,609,ba
MS609,MS,609,bq
MS610,MS,610,be
MS610,MS,610,aq
MS611,MS,611,-
MS612,MS,612,az
MS613,MS,613,ac
MS614,MS,614,-
MS615,MS,615,-
MS616,MS,616,-
MS617,MS,617,ao
MS617,MS,617,at
MS617,MS,617,be
MS618,MS,618,-
MS619,MS,619,-
MS620,MS,620,P
MS620,MS,620,ae
MS620,MS,620,bw
MS621,MS,621,-
MS622,MS,622,af
MS623,MS,623,bf
MS624,MS,624,U
MS625,MS,625,E
MS625,MS,625,af
MS626,MS,626,-
MS627,MS,627,-
MS628,MS,628,bn
MS629,MS,629,bn
LA630,LA,630,ba
LA631,LA,631,-
LA632,LA,632,ag
LA632,LA,632,bf
LA633,LA,633,-
LA634,LA,634,-
LA635,LA,635,ba
LA636,LA,636,aa
LA636,LA,636,bf
LA637,LA,637,bf
LA638,LA,638,bf
LA639,LA,639,az
LA640,LA,640,bd
LA641,LA,641,af
LA641,LA,641,bb
LA642,LA,642,-
LA643,LA,643,U
LA644,LA,644,-
LA645,LA,645,P
LA645,LA,645,ba
LA645,LA,645,bz
LA646,LA,646,-
LA647,LA,647,-
LA648,LA,648,X
LA649,LA,649,bd
LA650,LA,650,bd
LA650,LA,650,by
LA651,LA,651,-
LA652,LA,652,U
LA652,LA,652,bj
LA653,LA,653,-
LA654,LA,654,N
LA654,LA,654,db
LA655,LA,655,ba
LA656,LA,656,ba
LA657,LA,657,U
LA657X,LA,657X,X
LA657Y,LA,657Y,U
LA657Z,LA,657Z,U
LA657Z,LA,657Z,bz
LA658,LA,658,U
LA659,LA,659,J
LA659,LA,659,L
LA659,LA,659,ba
LA660,LA,660,be
LA661,LA,661,be
LA662,LA,662,cs
LA663,LA,663,-
LA664,LA,664,-
LA665,LA,665,ap
LA665,LA,665,ar
LA666,LA,666,as
LA666,LA,666,ba
LA667,LA,667,cp
LA668,LA,668,-
LA669,LA,669,ab
LA669,LA,669,ac
LA670,LA,670,-
LA671,LA,671,U
LA672,LA,672,ba
LA673,LA,673,U
AR674,AR,674,-
AR675,AR,675,-
AR676,AR,676,-
AR677,AR,677,J
AR677,AR,677,U
AR678,AR,678,-
AR679,AR,679,-
AR680,AR,680,-
AR681,AR,681,J
AR681,AR,681,ab
AR681,AR,681,bf
AR681,AR,681,ct
AR682,AR,682,-
AR683,AR,683,S
AR683,AR,683,ba
AR684,AR,684,at
AR685,AR,685,U
AR686,AR,686,U
AR687,AR,687,U
AR688,AR,688,bj
AR689,AR,689,-
AR690,AR,690,-
AR691,AR,691,-
AR692,AR,692,az
AR693,AR,693,-
AR694,AR,694,-
AR695,AR,695,-
AR696,AR,696,U
AR697,AR,697,-
AR698,AR,698,-
AR699,AR,699,-
AR700,AR,700,-
AR701,AR,701,U
AR702,AR,702,-
AR703,AR,703,F
AR704,AR,704,-
AR705,AR,705,Z
AR705,AR,705,bn
AR706,AR,706,-
AR707,AR,707,-
AR708,AR,708,-
AR709,AR,709,-
AR710,AR,710,-
AR711,AR,711,-
AR712,AR,712,-
AR713,AR,713,ba
AR714,AR,714,P
AR714,AR,714,ba
AR715,AR,715,-
AR716,AR,716,-
AR717,AR,717,-
AR718,AR,718,-
AR719,AR,719,-
AR720,AR,720,-
AR721,AR,721,cb
AR722,AR,722,-
AR723,AR,723,-
AR724,AR,724,-
AR725,AR,725,J
AR725,AR,725,U
AR726,AR,726,-
AR727,AR,727,-
AR728,AR,728,-
AR729,AR,729,-
AR730,AR,730,ae
AR731,AR,731,-
AR732,AR,732,-
AR733,AR,733,-
AR734,AR,734,-
AR735,AR,735,U
AR736,AR,736,-
AR737,AR,737,E
AR738,AR,738,-
AR739,AR,739,-
AR740,AR,740,J
AR740,AR,740,K
AR741,AR,741,ba
AR742,AR,742,-
AR743,AR,743,P
AR743,AR,743,ba
AR744,AR,744,-
AR745,AR,745,-
AR746,AR,746,-
AR747,AR,747,bf
AR748,AR,748,U
AR748,AR,748,ba
AR748,AR,748,be
AR749,AR,749,Y
AR750,AR,750,-
AR751,AR,751,cg
AR751,AR,751,ck
AR752,AR,752,bt
AR752,AR,752,cl
AR752,AR,752,cn
AR752,AR,752,cw
AR753,AR,753,bn
AR754,AR,754,U
AR754,AR,754,ba
AR755,AR,755,ba
LA756,LA,756,U
LA757,LA,757,bn
LA757,LA,757,bp
LA757,LA,757,cs
LA758,LA,758,ai
LA759,LA,759,-
LA760,LA,760,-
LA761,LA,761,F
LA761,LA,761,bf
LA762,LA,762,-
LA763,LA,763,-
LA764,LA,764,be
LA765,LA,765,U
LA766,LA,766,bd
LA767,LA,767,U
LA768,LA,768,ba
LA769,LA,769,U
LA770,LA,770,be
LA771,LA,771,-
LA772,LA,772,-
LA773,LA,773,bf
LA774,LA,774,-
LA775,LA,775,bd
LA776,LA,776,U
LA777,LA,777,ba
LA777,LA,777,cu
LA777,LA,777,db
LA778,LA,778,U
LA779,LA,779,U
LA780,LA,780,db
LA781,LA,781,-
LA782,LA,782,J
LA782,LA,782,bf
LA783,LA,783,-
LA784,LA,784,ba
LA784,LA,784,cy
LA785,LA,785,U
LA786,LA,786,ay
LA786,LA,786,ba
LA787,LA,787,U
LA788,LA,788,-
LA789,LA,789,U
LA790,LA,790,bl
LA791,LA,791,U
LA791,LA,791,ak
LA792,LA,792,E
LA792,LA,792,P
LA792,LA,792,U
LA793,LA,793,-
LA794,LA,794,K
LA794,LA,794,cb
LA794,LA,794,cy
LA795,LA,795,-
LA796,LA,796,U
LA797,LA,797,-
LA798,LA,798,U
LA799,LA,799,-
LA800,LA,800,at
LA801,LA,801,U
LA802,LA,802,-
LA803,LA,803,-
LA804,LA,804,-
LA805,LA,805,U
LA806,LA,806,U
LA807,LA,807,ba
LA807,LA,807,be
LA808,LA,808,W
LA809,LA,809,-
LA810,LA,810,J
LA810,LA,810,W
LA811,LA,811,az
LA812,LA,812,-
LA813,LA,813,ab
LA814,LA,814,U
LA815,LA,815,-
LA816,LA,816,U
LA817,LA,817,be
TX818,TX,818,-
TX819,TX,819,be
TX820,TX,820,bl
TX821,TX,821,-
TX822,TX,822,Y
TX823,TX,823,bo
TX824,TX,824,U
TX825,TX,825,U
TX826,TX,826,U
TX827,TX,827,P
TX828,TX,828,ap
TX829,TX,829,U
TX830,TX,830,U
TX831,TX,831,ap
TX832,TX,832,-
TX833,TX,833,U
TX834,TX,834,U
TX835,TX,835,de
TX836,TX,836,U
TX837,TX,837,B
TX837,TX,837,W
TX838,TX,838,-
TX839,TX,839,G
TX840,TX,840,U
TX841,TX,841,au
TX842,TX,842,bd
TX843,TX,843,U
TX844,TX,844,-
TX845,TX,845,-
TX846,TX,846,D
TX847,TX,847,-
TX848,TX,848,U
TX849,TX,849,Y
TX850,TX,850,-
TX851,TX,851,-
TX852,TX,852,-
TX853,TX,853,cd
TX854,TX,854,U
TX855,TX,855,U
TX855,TX,855,ab
TX855,TX,855,aw
TX856,TX,856,-
TX857,TX,857,P
TX857,TX,857,U
TX857,TX,857,bd
TX858,TX,858,-
TX859,TX,859,U
TX859,TX,859,bn
TX859,TX,859,bz
TX860,TX,860,ac
TX861,TX,861,be
TX862,TX,862,ba
TX863,TX,863,U
TX864,TX,864,at
TX864,TX,864,bd
TX865,TX,865,J
TX865,TX,865,be
TX866,TX,866,W
TX867,TX,867,U
TX868,TX,868,U
TX868,TX,868,ap
TX869,TX,869,P
TX869,TX,869,U
TX870,TX,870,U
TX871,TX,871,bf
TX872,TX,872,-
TX873,TX,873,U
TX874,TX,874,X
TX875,TX,875,U
TX876,TX,876,U
TX876,TX,876,bm
TX877,TX,877,U
TX878,TX,878,U
TX879,TX,879,-
TX880,TX,880,bb
TX881,TX,881,-
TX882,TX,882,-
TX883,TX,883,-
TX884,TX,884,-
TX885,TX,885,U
TX886,TX,886,-
TX887,TX,887,F
TX888,TX,888,-
TX889,TX,889,-
TX890,TX,890,F
TX891,TX,891,U
TX892,TX,892,-
TX893,TX,893,U
TX893,TX,893,bz
TX894,TX,894,U
TX894,TX,894,ab
TX895,TX,895,ac
TX895,TX,895,ba
TX896,TX,896,-
TX897,TX,897,-
TX898,TX,898,-
TX899,TX,899,-
TX900,TX,900,U
TX901,TX,901,U
TX902,TX,902,ba
TX903,TX,903,-
TX904,TX,904,U
TX905,TX,905,ae
TX906,TX,906,F
TX907,TX,907,U
TX908,TX,908,W
TX909,TX,909,-
TX910,TX,910,U
TX911,TX,911,ba
