Informant,State,Informant number,Response
TN001,TN,001,-
TN002,TN,002,Abl{ie}jd=41
TN003,TN,003,-
TN004,TN,004,Abl{ie}jd=41
TN005,TN,005,Abl{ie}jd=41
TN006,TN,006,Abl{ie}jd=41
TN007,TN,007,Abl{ie}jd=41
TN008,TN,008,-
TN009,TN,009,-
TN010,TN,010,Abl{ie}jd=41
TN011,TN,011,Abl{ie}jd=41
TN012,TN,012,Abl{ie}jd=41
TN013,TN,013,Abl{ie}jd=41
TN014,TN,014,Abl{ie}jd=41
TN015,TN,015,Abl{ie}jd=41
TN016,TN,016,Abliejd=41
TN017,TN,017,-
TN018,TN,018,-
TN019,TN,019,Abl{ie}jd=41
TN020,TN,020,-
TN021,TN,021,-
TN022,TN,022,Abliej{d}=41
TN023,TN,023,Abl{ie}{j}{d}=41
TN024,TN,024,-
TN025,TN,025,-
TN026,TN,026,-
TN027,TN,027,Abl{ie}jd=41
TN028,TN,028,Abl{ie}jd=41
TN029,TN,029,Abl{ie}jd=41
TN030,TN,030,-
TN031,TN,031,-
TN032,TN,032,-
TN033,TN,033,-
TN034,TN,034,-
TN035,TN,035,-
TN036,TN,036,(A)bl{ie}jd
TN037,TN,037,-
TN038,TN,038,-
TN039,TN,039,-
TN040,TN,040,Ablie{j}{d}=41
TN041,TN,041,-
TN042,TN,042,-
TN043,TN,043,-
TN044,TN,044,-
TN045,TN,045,Abl{ie}jd=41
TN046,TN,046,Abl{ie}jd=41
TN047,TN,047,-
TN048,TN,048,Abl{ie}jd=41
TN049,TN,049,Abl{ie}jd=41
TN050,TN,050,-
TN051,TN,051,Abliejd=41
TN052,TN,052,-
TN053,TN,053,Abl{ie}jd=41
TN054,TN,054,-
TN055,TN,055,Abl{ie}j{d}=41
TN056,TN,056,-
TN057,TN,057,Abl{ie}{j}(d)=41
TN058,TN,058,Abl{ie}jd=41
TN059,TN,059,Abliejd=41
TN060,TN,060,Abl{ie}j(d)=41
GA061,GA,061,-
GA062,GA,062,-
GA063,GA,063,Abl{ie}jd=41
GA064,GA,064,-
GA065,GA,065,Abl{ie}jd=41
GA066,GA,066,Abl{ie}jd=41
GA067,GA,067,-
GA068,GA,068,-
GA069,GA,069,-
GA070,GA,070,-
GA071,GA,071,Abl{ie}j{d}=41
GA072,GA,072,Abliejd=41
GA073,GA,073,Abliejd=41
GA074,GA,074,-
GA075,GA,075,Abliezh(d)=41
GA076,GA,076,Abl{ie}j{d}=41
GA077,GA,077,-
GA078,GA,078,-
GA079,GA,079,-
GA080,GA,080,-
GA081,GA,081,-
GA082,GA,082,-
GA083,GA,083,-
GA084,GA,084,-
GA085,GA,085,Abl{ie}j(d)=41
GA086,GA,086,Abl{ie}j(d)=41
GA087,GA,087,Abliej{d}=41
GA088,GA,088,Ablie{j}(d)=41
GA089,GA,089,-
GA090,GA,090,Abl{ie}j(d)=41
GA091,GA,091,Abliej(d)=41
GA092,GA,092,-
GA093,GA,093,Ablie{j}{d}=41
GA094,GA,094,-
GA095,GA,095,Ablie{j}(d)=41
GA096,GA,096,Abliejd=41
GA097,GA,097,-
GA098,GA,098,Abl{ie}j(d)=41
GA099,GA,099,Abl{ie}jd=41
GA100,GA,100,-
GA101,GA,101,Ablie{j}{d}=41
GA102,GA,102,-
GA103,GA,103,Abliej{d}=41
GA104,GA,104,Abliejd=41
GA105,GA,105,-
GA106,GA,106,Abliej(d)=41
GA107,GA,107,Abliej(d)=41
GA108,GA,108,-
GA109,GA,109,-
GA110,GA,110,oebliej(d)=31
GA111,GA,111,Abl{ie}sh(d)=41
GA112,GA,112,-
GA113,GA,113,-
GA114,GA,114,-
GA115,GA,115,-
GA116,GA,116,-
GA117,GA,117,-
GA118,GA,118,-
GA119,GA,119,oebliej{d}=31
GA120,GA,120,Abliej(d)=41
GA121,GA,121,Abl{ie}j{d}=41
GA122,GA,122,Abliejd=41
GA123,GA,123,-
GA124,GA,124,-
GA125,GA,125,-
GA126,GA,126,-
GA127,GA,127,-
GA128,GA,128,-
GA129,GA,129,-
GA130,GA,130,-
GA131,GA,131,Abl{ie}jd=41
GA132,GA,132,-
GA133,GA,133,Abl{ie}jd=41
GA134,GA,134,-
GA135,GA,135,Abl{ie}j(d)=41
GA136,GA,136,Abliejd=41
GA137,GA,137,Ablie{j}{d}=41
GA138,GA,138,Abl{ie}cht=41
GA139,GA,139,-
GA140,GA,140,-
GA141,GA,141,Abliej(d)=41
GA142,GA,142,-
GA143,GA,143,Abl{ie}jd=41
GA144,GA,144,Ablie(j)d=41
GA145,GA,145,-
GA146,GA,146,-
GA147,GA,147,-
GA148,GA,148,Abliej(d)=41
GA149,GA,149,Abl{ie}jd=41
GA150,GA,150,Abliej(d)=41
GA151,GA,151,Abliej(d)=41
GA152,GA,152,Abl{ie}j(d)=41
GA153,GA,153,-
GA154,GA,154,-
GA155,GA,155,-
GA156,GA,156,-
GA157,GA,157,-
GA158,GA,158,-
GA159,GA,159,Abl{ie}j(d)=41
GA160,GA,160,-
GA161,GA,161,-
GA162,GA,162,-
GA163,GA,163,Abliejd=41
GA164,GA,164,Abliejd=41
GA165,GA,165,Abl{ie}jd=41
GA166,GA,166,Abl{ie}zh(d)=41
GA167,GA,167,Abl{ie}jd=41
GA168,GA,168,-
GA169,GA,169,-
GA170,GA,170,Ablie{j}{d}=41
GA171,GA,171,Ablie{j}(d)=41
GA172,GA,172,-
GA173,GA,173,-
GA174,GA,174,-
GA175,GA,175,-
GA176,GA,176,-
GA177,GA,177,-
GA178,GA,178,-
GA179,GA,179,-
GA180,GA,180,Abl{ie}jd=41
GA181,GA,181,-
GA182,GA,182,-
GA183,GA,183,Ablie{j}{d}=41
GA184,GA,184,-
GA185,GA,185,Abliejd=41
GA186,GA,186,Abliezh(d)=41
GA187,GA,187,-
GA188,GA,188,-
GA189,GA,189,Ablie{j}{d}=41
GA190,GA,190,Abl{ie}j(d)=41
GA191,GA,191,Abl{ie}{zh}(d)=41
GA192,GA,192,oebliej(d)=31
GA193,GA,193,-
GA194,GA,194,-
GA195,GA,195,-
GA196,GA,196,-
GA197,GA,197,-
GA198,GA,198,-
GA199,GA,199,Ablie{j}(d)=41
GA200,GA,200,-
GA201,GA,201,Abl{ie}zhd=41
GA202,GA,202,-
GA203,GA,203,-
GA204,GA,204,-
GA205,GA,205,-
GA206,GA,206,Abl{ie}jd=41
GA207,GA,207,Abl{ie}jd=41
GA208,GA,208,Abl{ie}jd=41
GA209,GA,209,-
GA210,GA,210,Abl{ie}j(d)=41
GA210,GA,210,(A)bl{ie}j(d)
GA211,GA,211,Ablie{j}(d)=41
GA212,GA,212,-
GA213,GA,213,-
GA214,GA,214,-
GA215,GA,215,-
GA216,GA,216,Abl{ie}j(d)=41
GA217,GA,217,-
GA218,GA,218,-
GA219,GA,219,-
GA220,GA,220,-
GA221,GA,221,-
GA222,GA,222,-
GA223,GA,223,-
GA224,GA,224,-
GA225,GA,225,-
FL226,FL,226,-
FL227,FL,227,oblie(jd)=31
FL228,FL,228,(A)bliej(d)
FL229,FL,229,Ablie(j)d=41
FL230,FL,230,-
FL231,FL,231,Abl{ie}jd=41
FL232,FL,232,Ablie{j}d=41
FL233,FL,233,-
FL234,FL,234,-
FL235,FL,235,Abl{ie}jd=41
FL236,FL,236,-
FL237,FL,237,-
FL238,FL,238,-
FL239,FL,239,Ablie{j}{d}=41
FL240,FL,240,Abliej{d}=41
FL241,FL,241,-
FL242,FL,242,Abliejd=41
FL243,FL,243,Abl{ie}jd=41
FL244,FL,244,-
FL245,FL,245,Abliejd=41
FL246,FL,246,-
FL247,FL,247,Abl{ie}jd=41
FL248,FL,248,-
FL249,FL,249,-
FL250,FL,250,Abl{ie}j(d)=41
FL251,FL,251,-
FL252,FL,252,-
FL253,FL,253,-
FL254,FL,254,Abliejt=41
FL255,FL,255,Abl{ie}jd=41
FL256,FL,256,-
FL257,FL,257,Abl{ie}jd=41
FL258,FL,258,-
FL259,FL,259,-
FL260,FL,260,-
FL261,FL,261,Ablie{j}{d}=41
FL262,FL,262,Abl{ie}jd=41
FL263,FL,263,Abl{ie}jd=41
FL264,FL,264,Abl{ie}j(d)=41
FL265,FL,265,Abliejd=41
FL266,FL,266,Ablie{j}{d}=41
FL267,FL,267,-
FL268,FL,268,-
FL269,FL,269,Ablie{j}(d)=41
FL270,FL,270,Abl{ie}{j}t=41
FL271,FL,271,Abl{ie}j(d)=41
FL272,FL,272,Abliejd=41
FL273,FL,273,-
FL274,FL,274,Abl{ie}jd=41
FL275,FL,275,Abliej(d)=41
FL276,FL,276,Abliejd=41
FL277,FL,277,-
FL278,FL,278,Ablie{j}t=41
FL279,FL,279,-
FL280,FL,280,Abl{ie}j(d)=41
FL281,FL,281,Ablie(jd)=41
FL282,FL,282,-
FL283,FL,283,-
FL284,FL,284,Abliejd=41
FL285,FL,285,-
FL286,FL,286,A(b)liejd=41
FL287,FL,287,-
FL288,FL,288,-
FL289,FL,289,Abl{ie}jd=41
TN290,TN,290,Abl{ie}jd=41
TN291,TN,291,Abl{ie}jd=41
TN292,TN,292,Abl{ie}jd=41
TN293,TN,293,Abl{ie}jd=41
TN294,TN,294,-
TN295,TN,295,Abliezh(d)=41
TN296,TN,296,Abliej(d)=41
TN297,TN,297,-
TN298,TN,298,-
TN299,TN,299,Abl{ie}j(d)=41
TN300,TN,300,Ablie{j}{d}=41
TN301,TN,301,Ablienzh(d)=41
TN302,TN,302,Abliejd=41
TN303,TN,303,Abl{ie}jd=41
TN304,TN,304,Abl{ie}j(d)=41
TN305,TN,305,-
TN306,TN,306,Abliej{d}=41
TN307,TN,307,-
TN308,TN,308,-
TN309,TN,309,-
TN310,TN,310,-
TN311,TN,311,-
TN312,TN,312,Abliejd=41
TN313,TN,313,Abl{ie}jd=41
TN314,TN,314,-
TN315,TN,315,-
TN316,TN,316,-
TN317,TN,317,-
TN318,TN,318,-
TN319,TN,319,-
TN320,TN,320,Abl{ie}jd=41
TN321,TN,321,Abl{ie}jd=41
TN322,TN,322,Abliejd=41
TN323,TN,323,Abliejd=41
TN324,TN,324,Abl{ie}jd=41
TN325,TN,325,Abl{ie}j(d)=41
TN325,TN,325,Abl{ie}z(d)=41
TN326,TN,326,Abl{ie}jd=41
TN327,TN,327,(A)bl{ie}jd
TN328,TN,328,-
TN329,TN,329,Abliej{d}=41
TN330,TN,330,Abl{ie}jd=41
TN331,TN,331,-
TN332,TN,332,-
TN333,TN,333,-
TN334,TN,334,-
TN335,TN,335,-
TN336,TN,336,Abliej(d)=41
AL337,AL,337,-
AL338,AL,338,Abl{ie}jd=41
AL339,AL,339,-
AL340,AL,340,Abliej(d)=41
AL341,AL,341,-
AL342,AL,342,-
AL343,AL,343,Abliejd=41
AL344,AL,344,Abliej(d)=41
AL345,AL,345,-
AL346,AL,346,Abl{ie}cht=41
AL347,AL,347,Ablajt=41
AL348,AL,348,Abliej(d)=41
AL349,AL,349,Abliej(d)=41
AL350,AL,350,-
AL351,AL,351,oebliej{d}=31
AL352,AL,352,Ablie{j}{d}=41
AL353,AL,353,-
AL354,AL,354,Abl{ie}jd=41
AL355,AL,355,-
AL356,AL,356,Abl{ie}j{d}=41
AL357,AL,357,Ablie{j}(d)=41
AL358,AL,358,Ablie{j}{d}=41
AL359,AL,359,Abliej(d)=41
AL360,AL,360,Ab(l)ie{j}{d}=41
AL361,AL,361,Ablie{j}{d}=41
AL362,AL,362,Abl{ie}jd=41
AL363,AL,363,Abliejd=41
AL364,AL,364,-
AL365,AL,365,-
AL366,AL,366,Abl{ie}j{d}=41
AL367,AL,367,Abl{ie}jd=41
AL368,AL,368,-
AL369,AL,369,Ab(l){ie}j(d)=41
AL370,AL,370,Abl{ie}j(d)=41
AL371,AL,371,-
AL372,AL,372,-
AL373,AL,373,-
AL374,AL,374,-
AL375,AL,375,Abl{ie}jd=41
AL376,AL,376,-
AL377,AL,377,-
AL378,AL,378,-
AL379,AL,379,Ablie{j}{d}=41
AL380,AL,380,-
AL381,AL,381,-
AL382,AL,382,-
AL383,AL,383,Abl{ie}jd=41
AL384,AL,384,-
AL385,AL,385,Abliejd=41
AL386,AL,386,Abl{ie}jd=41
AL387,AL,387,Abl{ie}jd=41
AL388,AL,388,Abl{ie}j(d)=41
AL389,AL,389,-
AL390,AL,390,Abliej{d}=41
AL391,AL,391,Abliej{d}=41
AL392,AL,392,-
AL393,AL,393,-
AL394,AL,394,Abl{ie}jd=41
AL395,AL,395,-
AL396,AL,396,-
AL397,AL,397,-
AL398,AL,398,-
AL399,AL,399,-
AL400,AL,400,Abl{ie}{zh}(d)=41
AL401,AL,401,-
AL402,AL,402,-
AL403,AL,403,Abl{ie}zh(d)=41
AL404,AL,404,Ablie{j}(d)=41
AL405,AL,405,Ablie{j}{d}=41
AL406,AL,406,Abl{ie}jd=41
AL407,AL,407,Ablie{j}{d}=41
AL408,AL,408,Ablie(j)d=41
AL409,AL,409,Abliezh{d}=41
AL410,AL,410,-
AL411,AL,411,Abliecht=41
AL412,AL,412,-
AL413,AL,413,-
AL414,AL,414,-
AL415,AL,415,Abliej(d)=41
AL416,AL,416,-
AL417,AL,417,Abliejd=41
AL418,AL,418,-
AL419,AL,419,Abl{ie}jd=41
AL420,AL,420,Abl{ie}j(d)=41
AL421,AL,421,Abl{ie}cht=41
AL422,AL,422,Abl{ie}j(d)=41
AL423,AL,423,-
AL424,AL,424,Ablie{zh}(d)=41
AL425,AL,425,-
AL426,AL,426,Abl{ie}jd=41
AL427,AL,427,Abl{ie}j(d)=41
AL428,AL,428,-
AL429,AL,429,-
AL430,AL,430,Abl{ie}j{d}=41
AL431,AL,431,Abl{ie}jd=41
AL432,AL,432,-
AL433,AL,433,-
AL434,AL,434,Abl{ie}j(d)=41
AL435,AL,435,Abl{ie}j(d)=41
AL436,AL,436,-
AL437,AL,437,Abl{ie}jd=41
AL438,AL,438,Abl{ie}j(d)=41
AL439,AL,439,oobl{ie}{j}{d}=31
AL440,AL,440,Abliej(d)=41
AL441,AL,441,Abl{ie}jd=41
AL442,AL,442,Abliej(d)=41
AL443,AL,443,Abliej{d}=41
AL444,AL,444,Abliejd=41
AL445,AL,445,Abliejd=41
AL446,AL,446,Abl{ie}jd=41
AL447,AL,447,-
AL448,AL,448,-
AL449,AL,449,Abliej(d)=41
AL450,AL,450,Abliecht=41
AL451,AL,451,Abl{ie}jd=41
FL452,FL,452,Ablie{j}{d}=41
FL453,FL,453,-
FL454,FL,454,-
FL455,FL,455,-
FL456,FL,456,-
FL457,FL,457,Abliej(d)=41
FL458,FL,458,-
FL459,FL,459,-
FL460,FL,460,-
FL461,FL,461,-
FL462,FL,462,Ablie{j}(d)=41
FL463,FL,463,-
FL464,FL,464,-
FL465,FL,465,Abl{ie}j(d)=41
FL466,FL,466,-
FL467,FL,467,-
FL468,FL,468,-
FL469,FL,469,-
FL470,FL,470,-
FL471,FL,471,-
AL472,AL,472,Abl{ie}{j}(d)=41
AL473,AL,473,-
AL474,AL,474,(A)b{ie}lzhd
AL475,AL,475,Abl{ie}jd=41
AL476,AL,476,Abl{ie}jd=41
AL477,AL,477,-
AL478,AL,478,-
AL479,AL,479,Abliej{d}=41
AL480,AL,480,Abliejd=41
AL481,AL,481,-
AL482,AL,482,-
AL483,AL,483,-
AL484,AL,484,-
AL485,AL,485,-
TN486,TN,486,-
TN487,TN,487,-
TN488,TN,488,-
TN489,TN,489,-
TN490,TN,490,Abliej{d}t=41
TN491,TN,491,-
TN492,TN,492,Abliej(d)=41
TN493,TN,493,-
TN494,TN,494,-
TN495,TN,495,Abliejd=41
TN496,TN,496,Abliejd=41
TN497,TN,497,-
TN498,TN,498,-
TN499,TN,499,-
TN500,TN,500,-
TN501,TN,501,-
TN502,TN,502,-
TN503,TN,503,-
TN504,TN,504,-
TN505,TN,505,Abl{ie}jd=41
TN506,TN,506,-
TN507,TN,507,-
TN508,TN,508,-
TN509,TN,509,-
TN510,TN,510,-
TN511,TN,511,-
TN512,TN,512,-
TN513,TN,513,-
TN514,TN,514,-
TN515,TN,515,-
TN516,TN,516,-
TN517,TN,517,Abliejd=41
TN518,TN,518,-
TN519,TN,519,-
MS520,MS,520,-
MS521,MS,521,-
MS522,MS,522,-
MS523,MS,523,-
MS524,MS,524,Abl{ie}j{d}=41
MS525,MS,525,-
MS526,MS,526,-
MS527,MS,527,Abliej(d)=41
MS528,MS,528,-
MS529,MS,529,-
MS530,MS,530,Abl{ie}jd=41
MS531,MS,531,Ablie{j}{d}=41
MS532,MS,532,Ablie(jd)=41
MS533,MS,533,Ablie{j}{d}=41
MS534,MS,534,-
MS535,MS,535,Abl{ie}j(d)=41
MS536,MS,536,-
MS537,MS,537,-
MS538,MS,538,-
MS539,MS,539,Abl{ie}jd=41
MS540,MS,540,-
MS541,MS,541,-
MS542,MS,542,-
MS543,MS,543,-
MS544,MS,544,-
MS545,MS,545,-
MS546,MS,546,-
MS547,MS,547,Ablie{j}(d)=41
MS548,MS,548,Abl{ie}jd=41
MS549,MS,549,-
MS550,MS,550,-
MS551,MS,551,Abliej(d)=41
MS552,MS,552,-
MS553,MS,553,-
MS554,MS,554,-
MS555,MS,555,-
MS556,MS,556,-
MS557,MS,557,-
MS558,MS,558,Ab(l)ie{j}{d}=41
MS559,MS,559,-
MS560,MS,560,Ablie(j)d=41
MS561,MS,561,-
MS562,MS,562,Abl{ie}jd=41
MS563,MS,563,Abl{ie}jd=41
MS564,MS,564,Abl{ie}jd=41
MS565,MS,565,Abliej(d)=41
MS566,MS,566,-
MS567,MS,567,-
MS568,MS,568,-
MS569,MS,569,Ablie(jd)=41
MS570,MS,570,A{b}lie{j}(d)=41
MS571,MS,571,-
MS572,MS,572,Abliejd=41
MS572,MS,572,Ablie(jd)=41
MS573,MS,573,-
MS574,MS,574,Abl{ie}jd=41
MS575,MS,575,-
MS576,MS,576,-
MS577,MS,577,-
MS578,MS,578,Abl{ie}j(d)=41
MS579,MS,579,-
MS580,MS,580,-
MS581,MS,581,-
MS582,MS,582,Abl{ie}jd=41
MS583,MS,583,-
MS584,MS,584,-
MS585,MS,585,-
MS586,MS,586,-
MS587,MS,587,Abl{ie}{j}(d)=41
MS588,MS,588,Ablie(jd)=41
MS589,MS,589,Ablie(jd)=41
MS590,MS,590,-
MS591,MS,591,Abliej{d}=41
MS592,MS,592,-
MS593,MS,593,-
MS594,MS,594,-
MS595,MS,595,-
MS596,MS,596,Abliej(d)=41
MS597,MS,597,Ablie{j}(d)=41
MS598,MS,598,-
MS599,MS,599,Abliejd=41
MS600,MS,600,Abl{ie}jd=41
MS601,MS,601,Abl{ie}jd=41
MS602,MS,602,Abliez(d)=41
MS603,MS,603,-
MS604,MS,604,-
MS605,MS,605,-
MS606,MS,606,-
MS607,MS,607,Abl{ie}jd=41
MS608,MS,608,Ablie(jd)=41
MS609,MS,609,Ablie{j}(d)=41
MS610,MS,610,Abliej(d)=41
MS611,MS,611,-
MS612,MS,612,Abliej(d)=41
MS613,MS,613,-
MS614,MS,614,-
MS615,MS,615,-
MS616,MS,616,Abl{ie}j{d}=41
MS617,MS,617,Abl{ie}{j}{d}=41
MS618,MS,618,-
MS619,MS,619,-
MS620,MS,620,Abl{ie}(jd)=41
MS621,MS,621,-
MS622,MS,622,Abl{ie}j(d)=41
MS623,MS,623,-
MS624,MS,624,-
MS625,MS,625,Ablie(j)d=41
MS626,MS,626,-
MS627,MS,627,-
MS628,MS,628,-
MS629,MS,629,-
LA630,LA,630,-
LA631,LA,631,-
LA632,LA,632,-
LA633,LA,633,-
LA634,LA,634,-
LA635,LA,635,-
LA636,LA,636,Abl{ie}jd=41
LA637,LA,637,-
LA638,LA,638,-
LA639,LA,639,-
LA640,LA,640,-
LA641,LA,641,-
LA642,LA,642,-
LA643,LA,643,-
LA644,LA,644,-
LA645,LA,645,Abliejd=41
LA646,LA,646,Abliej(d)=41
LA647,LA,647,-
LA648,LA,648,-
LA649,LA,649,-
LA650,LA,650,Abl{ie}jd=41
LA651,LA,651,-
LA652,LA,652,Abliejd=41
LA653,LA,653,-
LA654,LA,654,Abliej{d}=41
LA655,LA,655,Abl{ie}jd=41
LA656,LA,656,Abliej{d}=41
LA657,LA,657,Ablie{j}{d}=41
LA657X,LA,657X,-
LA657Y,LA,657Y,Abliej{d}=41
LA657Z,LA,657Z,Abl{ie}jd=41
LA658,LA,658,Abliejd=41
LA659,LA,659,Abliejd=41
LA660,LA,660,-
LA661,LA,661,-
LA662,LA,662,-
LA663,LA,663,-
LA664,LA,664,-
LA665,LA,665,-
LA666,LA,666,Abl{ie}ch(d)=41
LA667,LA,667,Abl{ie}jd=41
LA668,LA,668,Abliej(d)=41
LA669,LA,669,-
LA670,LA,670,-
LA671,LA,671,-
LA672,LA,672,-
LA673,LA,673,-
AR674,AR,674,Abliejd=41
AR675,AR,675,-
AR676,AR,676,-
AR677,AR,677,-
AR678,AR,678,-
AR679,AR,679,Ablie{j}{d}=41
AR680,AR,680,-
AR681,AR,681,Abl{ie}jd=41
AR682,AR,682,Abliej{d}=41
AR683,AR,683,Abliej(d)=41
AR684,AR,684,-
AR685,AR,685,-
AR686,AR,686,Ablieg(d)=41
AR687,AR,687,Ablie{j}{d}=41
AR688,AR,688,Abliejd=41
AR689,AR,689,Abliej(d)=41
AR690,AR,690,-
AR691,AR,691,Abliej{d}=41
AR692,AR,692,Abliej(d)=41
AR693,AR,693,Abl{ie}jd=41
AR694,AR,694,Abl{ie}jd=41
AR695,AR,695,Abliej(d)=41
AR696,AR,696,-
AR697,AR,697,Abl{ie}j(d)=41
AR698,AR,698,-
AR699,AR,699,-
AR700,AR,700,-
AR701,AR,701,Abl{ie}jd=41
AR702,AR,702,-
AR703,AR,703,-
AR704,AR,704,-
AR705,AR,705,ubl{ie}{zh}(d)=31
AR706,AR,706,-
AR707,AR,707,oebl{ie}jd=31
AR708,AR,708,Abl{ie}{z}(d)=41
AR709,AR,709,Abliejd=41
AR710,AR,710,-
AR711,AR,711,Abl{ie}jd=41
AR712,AR,712,Abliejd=41
AR713,AR,713,Abl{ie}jd=41
AR714,AR,714,(A)bliej(d)
AR715,AR,715,Abl{ie}jd=41
AR716,AR,716,Abliejd=41
AR717,AR,717,oebl{ie}jd=31
AR718,AR,718,Abl{ie}j(d)=41
AR719,AR,719,-
AR720,AR,720,Ablie{j}(d)=41
AR721,AR,721,Abliej{d}=41
AR722,AR,722,-
AR723,AR,723,Abliej(d)=41
AR724,AR,724,-
AR725,AR,725,-
AR726,AR,726,Ablie{j}(d)=41
AR727,AR,727,Ablie{j}(d)=41
AR728,AR,728,Abl{ie}jd=41
AR729,AR,729,Abl{ie}jd=41
AR730,AR,730,Abl{ie}j{d}=41
AR731,AR,731,Abliej{d}=41
AR732,AR,732,Abliejd=41
AR733,AR,733,-
AR734,AR,734,-
AR735,AR,735,-
AR736,AR,736,-
AR737,AR,737,-
AR738,AR,738,-
AR739,AR,739,-
AR740,AR,740,Abliejd=41
AR740,AR,740,Abl{ie}jd=41
AR741,AR,741,Abliejd=41
AR742,AR,742,Abliej(d)=41
AR743,AR,743,-
AR744,AR,744,-
AR745,AR,745,-
AR746,AR,746,-
AR747,AR,747,Abl{ie}jd=41
AR748,AR,748,Abliej{d}=41
AR749,AR,749,-
AR750,AR,750,-
AR751,AR,751,Abliej(d)=41
AR752,AR,752,Abl{ie}jd=41
AR753,AR,753,Abliejd=41
AR754,AR,754,Abl{ie}jd=41
AR755,AR,755,-
LA756,LA,756,-
LA757,LA,757,Abl{ie}jd=41
LA758,LA,758,Ablie{j}(d)=41
LA759,LA,759,-
LA760,LA,760,-
LA761,LA,761,Abliej(d)=41
LA762,LA,762,-
LA763,LA,763,-
LA764,LA,764,Abliejd=41
LA765,LA,765,Abl{ie}jd=41
LA766,LA,766,Ablee{d}sh(d)=41
LA767,LA,767,Ablie{j}(d)=41
LA768,LA,768,obliej(d)=31
LA769,LA,769,Abl{ie}j{d}=41
LA770,LA,770,Abl{ie}j{d}=41
LA771,LA,771,Abl{ie}j(d)=41
LA772,LA,772,Abl{ie}cht=41
LA773,LA,773,Abl{ie}jd=41
LA774,LA,774,-
LA775,LA,775,Abl{ie}j(d)=41
LA776,LA,776,Abliej(d)=41
LA777,LA,777,Abliej{d}=41
LA778,LA,778,Abliejd=41
LA779,LA,779,-
LA780,LA,780,ubliej{d}=31
LA781,LA,781,Abl{ie}jd=41
LA782,LA,782,Abliej(d)=41
LA783,LA,783,-
LA784,LA,784,-
LA785,LA,785,Ablie{j}{d}=41
LA786,LA,786,Abl{ie}j(d)=41
LA787,LA,787,Ablie{j}{d}=41
LA788,LA,788,Abl{ie}cht=41
LA789,LA,789,Abl{ie}j(d)=41
LA790,LA,790,Abl{ie}jd=41
LA791,LA,791,Abl{ie}jd=41
LA792,LA,792,Abliej(d)=41
LA793,LA,793,-
LA794,LA,794,Abliejd=41
LA795,LA,795,-
LA796,LA,796,Abl{ie}j(d)=41
LA797,LA,797,Ablie(jd)=41
LA798,LA,798,Abliej(d)=41
LA799,LA,799,-
LA800,LA,800,Abliejd=41
LA801,LA,801,Abl{ie}jd=41
LA802,LA,802,Abl{ie}j(d)=41
LA803,LA,803,-
LA804,LA,804,-
LA805,LA,805,-
LA806,LA,806,-
LA807,LA,807,-
LA808,LA,808,-
LA809,LA,809,-
LA810,LA,810,Abl{ie}jd=41
LA811,LA,811,-
LA812,LA,812,-
LA813,LA,813,Abl{ie}ch(d)=41
LA814,LA,814,-
LA815,LA,815,-
LA816,LA,816,-
LA817,LA,817,Abliej(d)=41
TX818,TX,818,-
TX819,TX,819,-
TX820,TX,820,-
TX821,TX,821,-
TX822,TX,822,-
TX823,TX,823,-
TX824,TX,824,-
TX825,TX,825,-
TX826,TX,826,-
TX827,TX,827,-
TX828,TX,828,-
TX829,TX,829,-
TX830,TX,830,-
TX831,TX,831,-
TX832,TX,832,-
TX833,TX,833,-
TX834,TX,834,Abliej{d}=41
TX835,TX,835,-
TX836,TX,836,-
TX837,TX,837,-
TX838,TX,838,Abl{ie}(j)d=41
TX839,TX,839,-
TX840,TX,840,-
TX841,TX,841,-
TX842,TX,842,-
TX843,TX,843,-
TX844,TX,844,Abrie{j}{d}=41
TX845,TX,845,-
TX846,TX,846,-
TX847,TX,847,-
TX848,TX,848,Abliejd=41
TX849,TX,849,Abliej{d}=41
TX850,TX,850,Ablie{j}{d}=41
TX851,TX,851,-
TX852,TX,852,Ablie{j}{d}=41
TX853,TX,853,-
TX854,TX,854,Ablie{j}{d}=41
TX855,TX,855,Abliejd=41
TX856,TX,856,-
TX857,TX,857,Abliejd=41
TX858,TX,858,-
TX859,TX,859,Abliej{d}=41
TX860,TX,860,-
TX861,TX,861,-
TX862,TX,862,-
TX863,TX,863,-
TX864,TX,864,-
TX865,TX,865,-
TX866,TX,866,Abl{ie}jd=41
TX867,TX,867,Abliej(d)=41
TX868,TX,868,Abl{ie}jd=41
TX869,TX,869,Abl{ie}jd=41
TX870,TX,870,Abliejd=41
TX871,TX,871,-
TX872,TX,872,-
TX873,TX,873,oeblie{j}(d)=31
TX874,TX,874,Abliejd=41
TX875,TX,875,Abl{ie}cht=41
TX876,TX,876,Abliej{d}=41
TX877,TX,877,Abliejd=41
TX878,TX,878,Abl{ie}jd=41
TX879,TX,879,-
TX880,TX,880,-
TX881,TX,881,-
TX882,TX,882,Ablie{j}{d}=41
TX883,TX,883,Abl{ie}jd=41
TX884,TX,884,-
TX885,TX,885,-
TX886,TX,886,-
TX887,TX,887,Abliejd=41
TX888,TX,888,Ablie{j}(d)=41
TX889,TX,889,Abliejd=41
TX890,TX,890,Abliejd=41
TX891,TX,891,-
TX892,TX,892,-
TX893,TX,893,-
TX894,TX,894,-
TX895,TX,895,-
TX896,TX,896,-
TX897,TX,897,-
TX898,TX,898,-
TX899,TX,899,Ablie{zh}{d}=41
TX900,TX,900,-
TX901,TX,901,-
TX902,TX,902,Abliejd=41
TX903,TX,903,-
TX904,TX,904,-
TX905,TX,905,-
TX906,TX,906,Abliejd=41
TX907,TX,907,-
TX908,TX,908,Ab(l)iejd=41
TX909,TX,909,-
TX910,TX,910,-
TX911,TX,911,-
