Informant,State,Informant number,Response
TN001,TN,001,Christmas Gift 
TN001,TN,001,Merry Christmas 
TN002,TN,002,Christmas Gift 
TN002,TN,002,Merry Christmas 
TN003,TN,003,Christmas Gift 
TN003,TN,003,Merry Christmas 
TN004,TN,004,Merry Christmas 
TN005,TN,005,Happy Christmas 
TN006,TN,006,Christmas Gift 
TN006,TN,006,Merry Christmas 
TN007,TN,007,Merry Christmas 
TN008,TN,008,Merry Christmas 
TN009,TN,009,Christmas Gift 
TN009,TN,009,Merry Christmas 
TN010,TN,010,Christmas Gift 
TN010,TN,010,Happy Christmas 
TN010,TN,010,Merry Christmas 
TN011,TN,011,Christmas Gift 
TN011,TN,011,Merry Christmas 
TN012,TN,012,Christmas Gift 
TN012,TN,012,Merry Christmas 
TN013,TN,013,Happy Christmas 
TN013,TN,013,Merry Christmas 
TN014,TN,014,Christmas Gift 
TN014,TN,014,Merry Christmas 
TN015,TN,015,Happy Christmas 
TN015,TN,015,Merry Christmas 
TN016,TN,016,Merry Christmas 
TN017,TN,017,Christmas Gift 
TN017,TN,017,Happy Christmas 
TN017,TN,017,Merry Christmas 
TN018,TN,018,Merry Christmas 
TN019,TN,019,Christmas Give 
TN019,TN,019,Merry Christmas 
TN020,TN,020,Christmas Gift 
TN020,TN,020,Happy Noel 
TN020,TN,020,Merry Christmas 
TN021,TN,021,Christmas Give 
TN021,TN,021,Merry Christmas 
TN022,TN,022,Merry Christmas 
TN023,TN,023,Christmas Gift 
TN023,TN,023,Merry Christmas 
TN024,TN,024,Christmas Gift 
TN024,TN,024,Merry Christmas 
TN025,TN,025,Christmas Gift 
TN025,TN,025,Merry Christmas 
TN026,TN,026,Merry Christmas 
TN027,TN,027,Christmas Gift 
TN027,TN,027,Merry Christmas 
TN028,TN,028,Christmas Give 
TN028,TN,028,Merry Christmas 
TN029,TN,029,Christmas Give 
TN029,TN,029,Merry Christmas 
TN030,TN,030,Merry Christmas 
TN031,TN,031,Merry Christmas 
TN032,TN,032,Christmas Gift 
TN032,TN,032,Merry Christmas 
TN033,TN,033,Merry Christmas 
TN034,TN,034,Christmas Give 
TN034,TN,034,Merry Christmas 
TN035,TN,035,Merry Christmas 
TN036,TN,036,Merry Christmas 
TN037,TN,037,Merry Christmas 
TN038,TN,038,Merry Christmas 
TN039,TN,039,Merry Christmas 
TN040,TN,040,Christmas Gift 
TN040,TN,040,Merry Christmas 
TN041,TN,041,Christmas Gift 
TN042,TN,042,Happy Christmas 
TN042,TN,042,Merry Christmas 
TN043,TN,043,Christmas Gift 
TN043,TN,043,Merry Christmas 
TN044,TN,044,Christmas Give 
TN045,TN,045,Merry Christmas 
TN046,TN,046,Merry Christmas 
TN047,TN,047,Christmas Gift 
TN047,TN,047,Christmas Greeting 
TN047,TN,047,Happy Christmas 
TN047,TN,047,Merry Christmas 
TN048,TN,048,Christmas Gift 
TN048,TN,048,Merry Christmas 
TN049,TN,049,Merry Christmas 
TN050,TN,050,Merry Christmas 
TN051,TN,051,Merry Christmas 
TN052,TN,052,Merry Christmas 
TN053,TN,053,Merry Christmas 
TN054,TN,054,-
TN055,TN,055,Merry Christmas 
TN056,TN,056,Christmas Gift 
TN056,TN,056,Merry Christmas 
TN057,TN,057,Christmas Give 
TN057,TN,057,Merry Christmas 
TN058,TN,058,Merry Christmas 
TN059,TN,059,Christmas Eve Gift 
TN059,TN,059,Christmas Gift 
TN059,TN,059,Merry Christmas 
TN060,TN,060,Merry Christmas 
GA061,GA,061,Christmas Gift 
GA062,GA,062,Merry Christmas 
GA063,GA,063,Christmas Gift 
GA063,GA,063,Christmas Give 
GA063,GA,063,Merry Christmas 
GA064,GA,064,Merry Christmas 
GA065,GA,065,Christmas Gift 
GA065,GA,065,Christmas Present 
GA066,GA,066,Christmas Gift 
GA067,GA,067,Merry Christmas 
GA068,GA,068,Merry Christmas 
GA069,GA,069,Merry Christmas 
GA070,GA,070,Merry Christmas 
GA071,GA,071,Merry Christmas 
GA072,GA,072,Christmas Greeting 
GA072,GA,072,Merry Christmas 
GA073,GA,073,Merry Christmas 
GA074,GA,074,Christmas Gift 
GA075,GA,075,Merry Christmas 
GA076,GA,076,Christmas Gift 
GA076,GA,076,Merry Christmas 
GA077,GA,077,Happy Christmas 
GA077,GA,077,Merry Christmas 
GA078,GA,078,Merry Christmas 
GA079,GA,079,Christmas Gift 
GA079,GA,079,Merry Christmas 
GA080,GA,080,Merry Christmas 
GA081,GA,081,Merry Christmas 
GA082,GA,082,-
GA083,GA,083,Merry Christmas 
GA084,GA,084,Merry Christmas 
GA085,GA,085,Merry Christmas 
GA086,GA,086,Merry Christmas 
GA087,GA,087,Christmas Eve Gift 
GA087,GA,087,Christmas Gift 
GA088,GA,088,Merry Christmas 
GA089,GA,089,-
GA090,GA,090,Merry Christmas 
GA091,GA,091,Happy Holiday 
GA091,GA,091,Merry Christmas 
GA092,GA,092,Merry Christmas 
GA093,GA,093,Merry Christmas 
GA094,GA,094,Merry Christmas 
GA095,GA,095,Merry Christmas 
GA096,GA,096,Merry Christmas 
GA097,GA,097,Merry Christmas 
GA098,GA,098,Christmas Gift 
GA099,GA,099,Merry Christmas 
GA100,GA,100,Merry Christmas 
GA101,GA,101,Merry Christmas 
GA102,GA,102,Merry Christmas 
GA103,GA,103,Christmas Gift 
GA103,GA,103,Christmas Give 
GA103,GA,103,Merry Christmas 
GA104,GA,104,Merry Christmas 
GA105,GA,105,Merry Christmas 
GA106,GA,106,Merry Christmas 
GA107,GA,107,Christmas Gift 
GA108,GA,108,Merry Christmas 
GA109,GA,109,Merry Christmas 
GA110,GA,110,Merry Christmas 
GA111,GA,111,Merry Christmas 
GA112,GA,112,Merry Christmas 
GA113,GA,113,-
GA114,GA,114,Merry Christmas 
GA115,GA,115,Merry Christmas 
GA116,GA,116,Happy Christmas 
GA117,GA,117,Merry Christmas 
GA118,GA,118,Merry Christmas 
GA119,GA,119,Merry Christmas 
GA120,GA,120,-
GA121,GA,121,Happy Christmas 
GA121,GA,121,Merry Christmas 
GA122,GA,122,Merry Christmas 
GA123,GA,123,Christmas Gift 
GA123,GA,123,Merry Christmas 
GA124,GA,124,Merry Christmas 
GA125,GA,125,Merry Christmas 
GA126,GA,126,Merry Christmas 
GA127,GA,127,Merry Christmas 
GA128,GA,128,Merry Christmas 
GA129,GA,129,Merry Christmas 
GA130,GA,130,Merry Christmas 
GA131,GA,131,Merry Christmas 
GA132,GA,132,Merry Christmas 
GA133,GA,133,Christmas Gift 
GA133,GA,133,Merry Christmas 
GA134,GA,134,Christmas Give 
GA135,GA,135,Merry Christmas 
GA136,GA,136,Merry Christmas 
GA137,GA,137,Christmas Gift 
GA137,GA,137,Merry Christmas 
GA138,GA,138,Happy Christmas 
GA139,GA,139,Merry Christmas 
GA140,GA,140,Christmas Give 
GA141,GA,141,Happy Christmas 
GA141,GA,141,Merry Christmas 
GA142,GA,142,Christmas Gift 
GA143,GA,143,Merry Christmas 
GA144,GA,144,Merry Christmas 
GA145,GA,145,-
GA146,GA,146,Merry Christmas 
GA147,GA,147,Christmas Gift 
GA147,GA,147,Happy Christmas 
GA147,GA,147,Merry Christmas 
GA148,GA,148,Merry Christmas 
GA149,GA,149,Merry Christmas 
GA150,GA,150,Merry Christmas 
GA151,GA,151,Christmas Gives [sic] 
GA151,GA,151,Merry Christmas 
GA152,GA,152,Christmas Give 
GA153,GA,153,Christmas Greetings 
GA153,GA,153,Merry Christmas 
GA154,GA,154,Christmas Give 
GA154,GA,154,Merry Christmas 
GA155,GA,155,Merry Christmas 
GA156,GA,156,Merry Christmas 
GA157,GA,157,Merry Christmas 
GA158,GA,158,Merry Christmas 
GA159,GA,159,Merry Christmas 
GA160,GA,160,Merry Christmas 
GA161,GA,161,Merry Christmas 
GA162,GA,162,Merry Christmas 
GA163,GA,163,Merry Christmas 
GA164,GA,164,Merry Christmas 
GA165,GA,165,Christmas Gift 
GA165,GA,165,Merry Christmas 
GA166,GA,166,Merry Christmas 
GA167,GA,167,Merry Christmas 
GA168,GA,168,Happy Christmas 
GA168,GA,168,Joyous Christmas 
GA169,GA,169,-
GA170,GA,170,Christmas Gift 
GA170,GA,170,Merry Christmas 
GA171,GA,171,Merry Christmas 
GA172,GA,172,Merry Christmas 
GA173,GA,173,Merry Christmas 
GA174,GA,174,"Happy, Merry Christmas "
GA175,GA,175,-
GA176,GA,176,-
GA177,GA,177,Happy Christmas 
GA177,GA,177,Merry Christmas 
GA178,GA,178,Merry Christmas 
GA179,GA,179,Merry Christmas 
GA180,GA,180,Christmas Treat 
GA180,GA,180,Merry Christmas 
GA181,GA,181,-
GA182,GA,182,Christmas Gift 
GA182,GA,182,Merry Christmas 
GA183,GA,183,Merry Christmas 
GA184,GA,184,Merry Christmas 
GA185,GA,185,Merry Christmas 
GA186,GA,186,Christmas Gift 
GA186,GA,186,Merry Christmas 
GA187,GA,187,Merry Christmas 
GA188,GA,188,Christmas Aid 
GA188,GA,188,Christmas Gift 
GA188,GA,188,Christmas Give 
GA188,GA,188,Merry Christmas 
GA189,GA,189,Merry Christmas 
GA190,GA,190,Merry Christmas 
GA191,GA,191,Merry Christmas 
GA192,GA,192,Christmas Gift 
GA192,GA,192,Merry Christmas 
GA193,GA,193,Christmas Gift 
GA193,GA,193,Merry Christmas 
GA194,GA,194,Christmas Gift 
GA195,GA,195,0
GA196,GA,196,Merry Christmas 
GA197,GA,197,Merry Christmas 
GA198,GA,198,Happy Christmas 
GA198,GA,198,Merry Christmas 
GA199,GA,199,Merry Christmas 
GA200,GA,200,Christmas Gift 
GA200,GA,200,Merry Christmas 
GA201,GA,201,Merry Christmas 
GA202,GA,202,Merry Christmas 
GA203,GA,203,Merry Christmas 
GA204,GA,204,Merry Christmas 
GA205,GA,205,-
GA206,GA,206,Happy Christmas 
GA206,GA,206,Merry Christmas 
GA207,GA,207,Merry Christmas 
GA208,GA,208,Merry Christmas 
GA209,GA,209,Merry Christmas 
GA210,GA,210,Christmas Gift 
GA210,GA,210,Christmas Give 
GA211,GA,211,Merry Christmas 
GA212,GA,212,Merry Christmas 
GA213,GA,213,Christmas Greetings 
GA213,GA,213,Holiday Wishes 
GA214,GA,214,Merry Christmas 
GA215,GA,215,Christmas Give 
GA215,GA,215,Merry Christmas 
GA216,GA,216,Merry Christmas 
GA217,GA,217,Merry Christmas 
GA218,GA,218,Christmas Gift 
GA218,GA,218,Happy Christmas 
GA219,GA,219,0
GA220,GA,220,Merry Christmas 
GA221,GA,221,Merry Christmas 
GA222,GA,222,Christmas Gift 
GA222,GA,222,Merry Christmas 
GA223,GA,223,Merry Christmas 
GA224,GA,224,-
GA225,GA,225,Christmas Gift 
GA225,GA,225,Merry Christmas 
FL226,FL,226,Happy Christmas 
FL226,FL,226,Merry Christmas 
FL227,FL,227,Merry Christmas 
FL228,FL,228,Merry Christmas 
FL229,FL,229,Merry Christmas 
FL230,FL,230,Merry Christmas 
FL231,FL,231,Merry Christmas 
FL232,FL,232,Merry Christmas 
FL233,FL,233,Merry Christmas 
FL234,FL,234,Merry Christmas 
FL235,FL,235,Christmas Gift 
FL235,FL,235,Merry Christmas 
FL236,FL,236,Christmas Gift 
FL236,FL,236,Merry Christmas 
FL237,FL,237,Merry Christmas 
FL238,FL,238,Merry Christmas 
FL239,FL,239,Christmas Gift 
FL239,FL,239,Merry Christmas 
FL240,FL,240,Merry Christmas 
FL241,FL,241,-
FL242,FL,242,Happy Christmas Day 
FL242,FL,242,Merry Christmas 
FL243,FL,243,Merry Christmas 
FL244,FL,244,-
FL245,FL,245,Merry Christmas 
FL246,FL,246,Merry Christmas 
FL247,FL,247,Merry Christmas 
FL248,FL,248,Merry Christmas 
FL249,FL,249,Merry Christmas 
FL250,FL,250,Merry Christmas 
FL251,FL,251,-
FL252,FL,252,-
FL253,FL,253,Merry Christmas 
FL254,FL,254,Merry Christmas 
FL255,FL,255,Happy Christmas 
FL255,FL,255,Merry Christmas 
FL256,FL,256,Happy Christmas 
FL256,FL,256,Merry Christmas 
FL257,FL,257,Merry Christmas 
FL258,FL,258,Happy Christmas 
FL258,FL,258,Merry Christmas 
FL259,FL,259,Merry Christmas 
FL260,FL,260,Merry Christmas 
FL261,FL,261,Merry Christmas 
FL262,FL,262,Merry Christmas 
FL263,FL,263,Christmas Gift 
FL263,FL,263,Merry Christmas 
FL264,FL,264,Merry Christmas 
FL265,FL,265,Christmas Gift 
FL265,FL,265,"Happy, Merry Christmas "
FL266,FL,266,Merry Christmas 
FL267,FL,267,Christmas Gift 
FL267,FL,267,Merry Christmas 
FL268,FL,268,-
FL269,FL,269,Merry Christmas 
FL270,FL,270,Merry Christmas 
FL271,FL,271,Merry Christmas 
FL272,FL,272,Merry Christmas 
FL273,FL,273,Merry Christmas 
FL274,FL,274,Merry Christmas 
FL275,FL,275,Christmas Gift 
FL275,FL,275,Christmas Greeting 
FL276,FL,276,Christmas Gives [sic] 
FL276,FL,276,Merry Christmas 
FL277,FL,277,Merry Christmas 
FL278,FL,278,Merry Christmas 
FL279,FL,279,Merry Christmas 
FL280,FL,280,Merry Christmas 
FL281,FL,281,Merry Christmas 
FL282,FL,282,Christmas Gift 
FL282,FL,282,Merry Christmas 
FL283,FL,283,-
FL284,FL,284,Christmas Gift 
FL284,FL,284,Merry Christmas 
FL285,FL,285,-
FL286,FL,286,Happy Christmas 
FL286,FL,286,Merry Christmas 
FL287,FL,287,-
FL288,FL,288,Merry Christmas 
FL289,FL,289,Merry Christmas 
TN290,TN,290,Christmas Give 
TN290,TN,290,Merry Christmas 
TN291,TN,291,Happy Holiday 
TN291,TN,291,Merry Christmas 
TN292,TN,292,Merry Christmas 
TN293,TN,293,Christmas Gift 
TN293,TN,293,Merry Christmas 
TN294,TN,294,Happy Holidays 
TN294,TN,294,Merry Christmas 
TN295,TN,295,Merry Christmas 
TN296,TN,296,Happy Christmas 
TN296,TN,296,Merry Christmas 
TN297,TN,297,Merry Christmas 
TN298,TN,298,0
TN299,TN,299,Christmas Eve Gift 
TN299,TN,299,Christmas Greetings 
TN299,TN,299,Happy Holidays 
TN299,TN,299,Merry Christmas 
TN300,TN,300,Merry Christmas 
TN301,TN,301,Christmas Gift 
TN301,TN,301,Merry Christmas 
TN302,TN,302,Merry Christmas 
TN303,TN,303,Christmas Gift 
TN303,TN,303,Merry Christmas 
TN304,TN,304,Christmas Gift 
TN304,TN,304,Merry Christmas 
TN305,TN,305,-
TN306,TN,306,Merry Christmas 
TN307,TN,307,Merry Christmas 
TN308,TN,308,Merry Christmas 
TN309,TN,309,Merry Christmas 
TN310,TN,310,-
TN311,TN,311,Merry Christmas 
TN312,TN,312,Merry Christmas 
TN313,TN,313,Merry Christmas 
TN314,TN,314,Merry Christmas 
TN315,TN,315,Christmas Gift 
TN315,TN,315,Merry Christmas 
TN316,TN,316,Christmas Give 
TN316,TN,316,Merry Christmas 
TN317,TN,317,Christmas Gift 
TN317,TN,317,Merry Christmas 
TN318,TN,318,-
TN319,TN,319,-
TN320,TN,320,Christmas Gift 
TN320,TN,320,Merry Christmas 
TN321,TN,321,Christmas Gift 
TN321,TN,321,Christmas Greetings 
TN321,TN,321,Merry Christmas 
TN322,TN,322,Merry Christmas 
TN323,TN,323,Merry Christmas 
TN324,TN,324,Christmas Gift 
TN324,TN,324,Merry Christmas 
TN325,TN,325,Christmas Gift 
TN325,TN,325,Happy Christmas 
TN325,TN,325,Merry Christmas 
TN326,TN,326,Christmas Gift 
TN326,TN,326,Merry Christmas 
TN327,TN,327,Merry Christmas 
TN328,TN,328,Christmas Gift 
TN328,TN,328,Merry Christmas 
TN329,TN,329,Happy Holidays 
TN329,TN,329,Merry Christmas 
TN330,TN,330,Happy Christmas 
TN330,TN,330,Merry Christmas 
TN331,TN,331,Christmas Gift 
TN331,TN,331,Merry Christmas 
TN332,TN,332,Christmas Gift 
TN332,TN,332,Merry Christmas 
TN333,TN,333,Christmas Gift 
TN333,TN,333,Merry Christmas 
TN334,TN,334,Merry Christmas 
TN335,TN,335,Merry Christmas 
TN336,TN,336,Christmas Gift 
TN336,TN,336,Merry Christmas 
AL337,AL,337,Merry Christmas 
AL338,AL,338,Christmas Gift 
AL338,AL,338,Merry Christmas 
AL339,AL,339,Merry Christmas 
AL340,AL,340,Christmas Gift 
AL340,AL,340,Happy Christmas 
AL340,AL,340,Merry Christmas 
AL341,AL,341,Christmas Gift 
AL341,AL,341,Merry Christmas 
AL342,AL,342,Merry Christmas 
AL343,AL,343,Christmas Eve Gift 
AL343,AL,343,Christmas Gift 
AL343,AL,343,Merry Christmas 
AL344,AL,344,Christmas Gift 
AL345,AL,345,Merry Christmas 
AL346,AL,346,Merry Christmas 
AL347,AL,347,Christmas Gift 
AL347,AL,347,Merry Christmas 
AL348,AL,348,Merry Christmas 
AL349,AL,349,Merry Christmas 
AL350,AL,350,Christmas Greeting 
AL350,AL,350,Merry Christmas 
AL351,AL,351,Merry Christmas 
AL352,AL,352,Merry Christmas 
AL353,AL,353,-
AL354,AL,354,Christmas Gift 
AL354,AL,354,Christmas Greetings 
AL354,AL,354,Merry Christmas 
AL355,AL,355,Christmas Eve Gift 
AL355,AL,355,Merry Christmas 
AL356,AL,356,Merry Christmas 
AL357,AL,357,Merry Christmas 
AL358,AL,358,Christmas Eve Gift 
AL358,AL,358,Christmas Gift 
AL358,AL,358,Merry Christmas 
AL359,AL,359,Christmas Gift 
AL359,AL,359,Merry Christmas 
AL360,AL,360,Christmas Gift 
AL360,AL,360,Merry Christmas 
AL361,AL,361,Christmas Gift 
AL361,AL,361,Merry Christmas 
AL362,AL,362,Christmas Gift 
AL363,AL,363,Christmas Give 
AL363,AL,363,Merry Christmas 
AL364,AL,364,Christmas Gift 
AL365,AL,365,Christmas Gift 
AL366,AL,366,Merry Christmas 
AL367,AL,367,Christmas Gift 
AL367,AL,367,Merry Christmas 
AL368,AL,368,Merry Christmas 
AL369,AL,369,Christmas Gift 
AL369,AL,369,Merry Christmas 
AL370,AL,370,Merry Christmas 
AL371,AL,371,Merry Christmas 
AL372,AL,372,Merry Christmas 
AL373,AL,373,Merry Christmas 
AL374,AL,374,Merry Christmas 
AL375,AL,375,Merry Christmas 
AL376,AL,376,-
AL377,AL,377,Christmas Gift 
AL378,AL,378,Merry Christmas 
AL379,AL,379,Christmas Gift 
AL379,AL,379,Christmas Greetings 
AL379,AL,379,Merry Christmas 
AL380,AL,380,Merry Christmas 
AL381,AL,381,Merry Christmas 
AL382,AL,382,Merry Christmas 
AL383,AL,383,Merry Christmas 
AL384,AL,384,Merry Christmas 
AL385,AL,385,Christmas Gift 
AL385,AL,385,Merry Christmas 
AL386,AL,386,Christmas Gift 
AL386,AL,386,Merry Christmas 
AL387,AL,387,Merry Christmas 
AL388,AL,388,Happy Christmas 
AL388,AL,388,Merry Christmas 
AL389,AL,389,Merry Christmas 
AL390,AL,390,Christmas Give 
AL390,AL,390,Merry Christmas 
AL391,AL,391,Christmas Gift 
AL391,AL,391,Merry Christmas 
AL392,AL,392,-
AL393,AL,393,Merry Christmas 
AL394,AL,394,Merry Christmas 
AL395,AL,395,Christmas Gift 
AL395,AL,395,Merry Christmas 
AL396,AL,396,-
AL397,AL,397,Merry Christmas 
AL398,AL,398,Merry Christmas 
AL399,AL,399,-
AL400,AL,400,Christmas Gift 
AL400,AL,400,Merry Christmas 
AL401,AL,401,Good Christmas 
AL402,AL,402,Christmas Gift 
AL402,AL,402,Merry Christmas 
AL403,AL,403,Christmas Gift 
AL403,AL,403,Merry Christmas 
AL404,AL,404,Christmas Gift 
AL404,AL,404,Merry Christmas 
AL405,AL,405,Merry Christmas 
AL406,AL,406,Merry Christmas 
AL407,AL,407,Merry Christmas 
AL408,AL,408,Merry Christmas 
AL409,AL,409,Merry Christmas 
AL410,AL,410,Christmas Gift 
AL410,AL,410,Merry Christmas 
AL411,AL,411,Merry Christmas 
AL412,AL,412,-
AL413,AL,413,-
AL414,AL,414,Merry Christmas 
AL415,AL,415,Christmas Gift 
AL415,AL,415,Merry Christmas 
AL416,AL,416,Merry Christmas 
AL417,AL,417,Merry Christmas 
AL417,AL,417,Noel 
AL418,AL,418,Merry Christmas 
AL419,AL,419,Christmas Gift 
AL419,AL,419,Merry Christmas 
AL420,AL,420,Christmas Gift 
AL421,AL,421,Merry Christmas 
AL422,AL,422,Merry Christmas 
AL423,AL,423,Christmas Gift 
AL423,AL,423,Merry Christmas 
AL424,AL,424,Merry Christmas 
AL425,AL,425,Merry Christmas 
AL426,AL,426,Christmas Gift 
AL426,AL,426,Merry Christmas 
AL427,AL,427,Christmas Gift 
AL427,AL,427,Merry Christmas 
AL428,AL,428,Merry Christmas 
AL429,AL,429,-
AL430,AL,430,Merry Christmas 
AL431,AL,431,Christmas Gift 
AL431,AL,431,Merry Christmas 
AL432,AL,432,-
AL433,AL,433,Christmas Gift 
AL433,AL,433,Happy Christmas 
AL433,AL,433,Merry Christmas 
AL434,AL,434,Christmas Give 
AL434,AL,434,Merry Christmas 
AL435,AL,435,Christmas Gift 
AL435,AL,435,Merry Christmas 
AL436,AL,436,-
AL437,AL,437,Christmas Gift 
AL437,AL,437,Merry Christmas 
AL438,AL,438,Christmas Give 
AL438,AL,438,Happy Christmas 
AL438,AL,438,Merry Christmas 
AL439,AL,439,Merry Christmas 
AL440,AL,440,Christmas Gift 
AL440,AL,440,Merry Christmas 
AL441,AL,441,Christmas Gift 
AL441,AL,441,Merry Christmas 
AL442,AL,442,Christmas Gift 
AL442,AL,442,Merry Christmas 
AL443,AL,443,Merry Christmas 
AL444,AL,444,Christmas Give 
AL444,AL,444,Merry Christmas 
AL445,AL,445,Merry Christmas 
AL446,AL,446,Merry Christmas 
AL447,AL,447,Christmas Give 
AL447,AL,447,Merry Christmas 
AL448,AL,448,Christmas Gift 
AL448,AL,448,Merry Christmas 
AL449,AL,449,Christmas Gift 
AL449,AL,449,Merry Christmas 
AL450,AL,450,Merry Christmas 
AL451,AL,451,Christmas Gift 
AL451,AL,451,Merry Christmas 
FL452,FL,452,Merry Christmas 
FL453,FL,453,-
FL454,FL,454,Christmas Gift 
FL454,FL,454,Merry Christmas 
FL455,FL,455,Merry Christmas 
FL456,FL,456,Christmas Gift 
FL456,FL,456,Happy Christmas 
FL456,FL,456,Merry Christmas 
FL457,FL,457,Merry Christmas 
FL458,FL,458,Merry Christmas 
FL459,FL,459,-
FL460,FL,460,Christmas Gift 
FL460,FL,460,Merry Christmas 
FL461,FL,461,Christmas Eve Gift 
FL461,FL,461,Christmas Gift 
FL461,FL,461,Merry Christmas 
FL462,FL,462,Christmas Eve Gift 
FL462,FL,462,Christmas Gift 
FL463,FL,463,-
FL464,FL,464,Christmas Gift 
FL464,FL,464,Merry Christmas 
FL465,FL,465,Christmas Gift 
FL465,FL,465,Good Christmas 
FL465,FL,465,Merry Christmas 
FL466,FL,466,Christmas Gift 
FL466,FL,466,Merry Christmas 
FL467,FL,467,-
FL468,FL,468,Christmas Gift 
FL468,FL,468,Happy Christmas 
FL468,FL,468,Merry Christmas 
FL469,FL,469,Christmas Gift 
FL469,FL,469,Merry Christmas 
FL470,FL,470,Christmas Gift 
FL470,FL,470,Merry Christmas 
FL471,FL,471,Merry Christmas 
AL472,AL,472,Christmas Gift 
AL472,AL,472,Merry Christmas 
AL472,AL,472,Nice Christmas 
AL473,AL,473,Christmas Gift 
AL473,AL,473,Merry Christmas 
AL474,AL,474,Merry Christmas 
AL475,AL,475,Christmas Gift 
AL475,AL,475,Merry Christmas 
AL476,AL,476,Merry Christmas 
AL477,AL,477,Merry Christmas 
AL478,AL,478,-
AL479,AL,479,Merry Christmas 
AL480,AL,480,Merry Christmas 
AL481,AL,481,Christmas Gift 
AL481,AL,481,Merry Christmas 
AL482,AL,482,Merry Christmas 
AL483,AL,483,-
AL484,AL,484,Merry Christmas 
AL485,AL,485,Happy Holidays 
AL485,AL,485,Merry Christmas 
TN486,TN,486,-
TN487,TN,487,Merry Christmas 
TN488,TN,488,Merry Christmas 
TN489,TN,489,Merry Christmas 
TN490,TN,490,Merry Christmas 
TN491,TN,491,-
TN492,TN,492,Christmas Eve Gift 
TN492,TN,492,Christmas Gift 
TN493,TN,493,Merry Christmas 
TN494,TN,494,Christmas Eve Gift 
TN494,TN,494,Merry Christmas 
TN495,TN,495,Christmas Gift 
TN495,TN,495,Merry Christmas 
TN496,TN,496,Christmas Gift 
TN496,TN,496,Merry Christmas 
TN497,TN,497,-
TN498,TN,498,Merry Christmas 
TN499,TN,499,Merry Christmas 
TN500,TN,500,Christmas Gift 
TN501,TN,501,Christmas Gift 
TN501,TN,501,Christmas Greetings 
TN502,TN,502,Merry Christmas 
TN503,TN,503,Christmas Give 
TN504,TN,504,Merry Christmas 
TN505,TN,505,Happy Christmas 
TN505,TN,505,Merry Christmas 
TN506,TN,506,Christmas Gift 
TN506,TN,506,Happy Christmas 
TN506,TN,506,Merry Christmas 
TN507,TN,507,Christmas Gift 
TN508,TN,508,Christmas Gift 
TN508,TN,508,Merry Christmas 
TN509,TN,509,Christmas Gift 
TN509,TN,509,Merry Christmas 
TN510,TN,510,0
TN511,TN,511,Christmas Gift 
TN511,TN,511,Merry Christmas 
TN512,TN,512,Christmas Give 
TN512,TN,512,Merry Christmas 
TN513,TN,513,Merry Christmas 
TN514,TN,514,Merry Christmas 
TN515,TN,515,-
TN516,TN,516,Merry Christmas 
TN517,TN,517,Christmas Gift 
TN517,TN,517,Merry Christmas 
TN518,TN,518,Christmas Gift 
TN519,TN,519,Merry Christmas 
MS520,MS,520,-
MS521,MS,521,Christmas Gift 
MS521,MS,521,Merry Christmas 
MS522,MS,522,Merry Christmas 
MS523,MS,523,-
MS524,MS,524,Merry Christmas 
MS525,MS,525,-
MS526,MS,526,-
MS527,MS,527,Christmas Gift 
MS527,MS,527,Merry Christmas 
MS528,MS,528,-
MS529,MS,529,-
MS530,MS,530,Christmas Gift 
MS531,MS,531,Merry Christmas 
MS532,MS,532,Happy Christmas Give 
MS533,MS,533,Happy Holidays 
MS533,MS,533,Happy Yule 
MS533,MS,533,Merry Christmas 
MS534,MS,534,Christmas Gift 
MS534,MS,534,Christmas Greetings 
MS534,MS,534,Merry Christmas 
MS535,MS,535,Christmas Eve Gift 
MS535,MS,535,Christmas Gift 
MS535,MS,535,Merry Christmas 
MS536,MS,536,Merry Christmas 
MS537,MS,537,-
MS538,MS,538,Christmas Eve Gift 
MS538,MS,538,Happy Christmas 
MS538,MS,538,Merry Christmas 
MS539,MS,539,Merry Christmas 
MS540,MS,540,-
MS541,MS,541,Merry Christmas 
MS542,MS,542,Christmas Gift 
MS543,MS,543,Christmas Gift 
MS544,MS,544,Christmas Gift 
MS544,MS,544,Happy Christmas 
MS545,MS,545,Christmas Gift 
MS545,MS,545,Merry Christmas 
MS546,MS,546,-
MS547,MS,547,Merry Christmas 
MS548,MS,548,Christmas Give 
MS548,MS,548,Good Christmas 
MS548,MS,548,Merry Christmas 
MS549,MS,549,Christmas Gift 
MS549,MS,549,Merry Christmas 
MS550,MS,550,-
MS551,MS,551,Christmas Gift 
MS551,MS,551,Merry Christmas 
MS552,MS,552,Merry Christmas 
MS553,MS,553,-
MS554,MS,554,Christmas Gift 
MS554,MS,554,Merry Christmas 
MS555,MS,555,-
MS556,MS,556,Merry Christmas 
MS557,MS,557,Merry Christmas 
MS558,MS,558,Merry Christmas 
MS559,MS,559,-
MS560,MS,560,-
MS561,MS,561,0
MS562,MS,562,Christmas Give 
MS562,MS,562,Merry Christmas 
MS563,MS,563,Christmas Gift 
MS563,MS,563,Merry Christmas 
MS564,MS,564,Merry Christmas 
MS565,MS,565,Christmas Gift 
MS565,MS,565,Merry Christmas 
MS566,MS,566,0
MS567,MS,567,Christmas Gift 
MS568,MS,568,Christmas Gift 
MS569,MS,569,Christmas Gift 
MS569,MS,569,Merry Christmas 
MS570,MS,570,Happy Christmas 
MS571,MS,571,Merry Christmas 
MS572,MS,572,Merry Christmas 
MS573,MS,573,Christmas Gift 
MS573,MS,573,Merry Christmas 
MS574,MS,574,Christmas Gift 
MS574,MS,574,Merry Christmas 
MS575,MS,575,Christmas Gift 
MS575,MS,575,Merry Christmas 
MS576,MS,576,Merry Christmas 
MS577,MS,577,Christmas Gift 
MS577,MS,577,Merry Christmas 
MS577,MS,577,Merry Christmas Gift 
MS578,MS,578,Happy Christmas 
MS578,MS,578,Merry Christmas 
MS579,MS,579,Happy Christmas 
MS579,MS,579,Merry Christmas 
MS580,MS,580,-
MS581,MS,581,-
MS582,MS,582,Good Christmas 
MS582,MS,582,Good Holiday 
MS582,MS,582,Merry Christmas 
MS583,MS,583,Merry Christmas 
MS584,MS,584,Merry Christmas 
MS585,MS,585,Christmas Give 
MS585,MS,585,Merry Christmas 
MS586,MS,586,-
MS587,MS,587,Happy Christmas 
MS587,MS,587,Merry Christmas 
MS588,MS,588,Merry Christmas 
MS589,MS,589,Christmas Give 
MS589,MS,589,Merry Christmas 
MS590,MS,590,-
MS591,MS,591,Merry Christmas 
MS592,MS,592,Christmas Gift 
MS592,MS,592,Merry Christmas 
MS593,MS,593,Christmas Give 
MS593,MS,593,Merry Christmas 
MS594,MS,594,Merry Christmas 
MS595,MS,595,Christmas Gift 
MS595,MS,595,Merry Christmas 
MS596,MS,596,Christmas Gift 
MS596,MS,596,Merry Christmas 
MS597,MS,597,Christmas Gift 
MS597,MS,597,Happy Christmas 
MS597,MS,597,Merry Christmas 
MS598,MS,598,Christmas Gift 
MS598,MS,598,Merry Christmas 
MS599,MS,599,Merry Christmas 
MS600,MS,600,Christmas Gift 
MS600,MS,600,Happy Christmas 
MS600,MS,600,Happy Christmas Day 
MS601,MS,601,Christmas Gift 
MS601,MS,601,Merry Christmas 
MS602,MS,602,Christmas Gift 
MS602,MS,602,Merry Christmas 
MS603,MS,603,-
MS604,MS,604,-
MS605,MS,605,0
MS606,MS,606,-
MS607,MS,607,Christmas Gift 
MS607,MS,607,Merry Christmas 
MS608,MS,608,Merry Christmas 
MS609,MS,609,Merry Christmas 
MS610,MS,610,Christmas Gift 
MS610,MS,610,Merry Christmas 
MS611,MS,611,Happy Christmas 
MS611,MS,611,Merry Christmas 
MS612,MS,612,Christmas Give 
MS612,MS,612,Merry Christmas 
MS613,MS,613,Merry Christmas 
MS614,MS,614,-
MS615,MS,615,Christmas Gift 
MS615,MS,615,Merry Christmas 
MS616,MS,616,Merry Christmas 
MS617,MS,617,Merry Christmas 
MS618,MS,618,-
MS619,MS,619,-
MS620,MS,620,Merry Christmas 
MS621,MS,621,Merry Christmas 
MS622,MS,622,Merry Christmas 
MS623,MS,623,Christmas Gift 
MS623,MS,623,Merry Christmas 
MS624,MS,624,Merry Christmas 
MS624,MS,624,Season's Greetings 
MS625,MS,625,Merry Christmas 
MS626,MS,626,-
MS627,MS,627,Happy Christmas 
MS627,MS,627,Merry Christmas 
MS628,MS,628,Merry Christmas 
MS629,MS,629,Merry Christmas 
LA630,LA,630,Merry Christmas 
LA631,LA,631,-
LA632,LA,632,Christmas Gift 
LA632,LA,632,Merry Christmas 
LA633,LA,633,-
LA634,LA,634,Christmas Gift 
LA634,LA,634,Merry Christmas 
LA635,LA,635,Christmas Gift 
LA635,LA,635,Merry Christmas 
LA636,LA,636,Merry Christmas 
LA637,LA,637,Christmas Give 
LA638,LA,638,-
LA639,LA,639,Merry Christmas 
LA640,LA,640,Christmas Give 
LA640,LA,640,Merry Christmas 
LA641,LA,641,Christmas Gift 
LA641,LA,641,Merry Christmas 
LA642,LA,642,-
LA643,LA,643,Christmas Gift 
LA643,LA,643,Happy Holidays 
LA643,LA,643,Merry Christmas 
LA644,LA,644,-
LA645,LA,645,Happy Holidays 
LA645,LA,645,Merry Christmas 
LA646,LA,646,Merry Christmas 
LA647,LA,647,-
LA648,LA,648,Merry Christmas 
LA649,LA,649,Merry Christmas 
LA650,LA,650,Merry Christmas 
LA651,LA,651,-
LA652,LA,652,Merry Christmas 
LA653,LA,653,-
LA654,LA,654,Merry Christmas 
LA655,LA,655,Merry Christmas 
LA656,LA,656,Merry Christmas 
LA657,LA,657,Merry Christmas 
LA657X,LA,657X,Merry Christmas 
LA657Y,LA,657Y,Merry Christmas 
LA657Z,LA,657Z,Merry Christmas 
LA658,LA,658,Merry Christmas 
LA659,LA,659,Merry Christmas 
LA660,LA,660,Merry Christmas 
LA661,LA,661,Merry Christmas 
LA662,LA,662,Merry Christmas 
LA663,LA,663,-
LA664,LA,664,-
LA665,LA,665,Happy Christmas 
LA665,LA,665,Merry Christmas 
LA666,LA,666,Christmas Gift 
LA666,LA,666,Happy Christmas 
LA666,LA,666,Merry Christmas 
LA667,LA,667,Happy Christmas 
LA668,LA,668,Merry Christmas 
LA669,LA,669,Merry Christmas 
LA670,LA,670,Happy Christmas 
LA670,LA,670,Merry Christmas 
LA671,LA,671,Happy Holidays 
LA671,LA,671,Merry Christmas 
LA672,LA,672,Christmas Gift 
LA672,LA,672,Merry Christmas 
LA673,LA,673,Merry Christmas 
AR674,AR,674,Good Wishes 
AR674,AR,674,Merry Christmas 
AR675,AR,675,Merry Christmas 
AR676,AR,676,-
AR677,AR,677,Christmas Gift 
AR677,AR,677,Merry Christmas 
AR678,AR,678,-
AR679,AR,679,Merry Christmas 
AR680,AR,680,Merry Christmas 
AR681,AR,681,Christmas Eve Gift 
AR681,AR,681,Happy Christmas 
AR681,AR,681,Merry Christmas 
AR682,AR,682,Christmas Gift 
AR682,AR,682,Merry Christmas 
AR683,AR,683,Christmas Gift 
AR683,AR,683,Merry Christmas 
AR684,AR,684,Christmas Gift 
AR684,AR,684,Merry Christmas 
AR685,AR,685,Christmas Gift 
AR685,AR,685,Merry Christmas 
AR686,AR,686,Christmas Gift 
AR686,AR,686,Happy Christmas 
AR686,AR,686,Merry Christmas 
AR687,AR,687,Merry Christmas 
AR688,AR,688,Christmas Gift 
AR689,AR,689,Merry Christmas 
AR690,AR,690,Christmas Gift 
AR690,AR,690,Merry Christmas 
AR691,AR,691,Merry Christmas 
AR692,AR,692,Merry Christmas 
AR693,AR,693,Merry Christmas 
AR694,AR,694,Christmas Gift 
AR694,AR,694,Merry Christmas 
AR695,AR,695,Merry Christmas 
AR696,AR,696,Christmas Gift 
AR696,AR,696,Merry Christmas 
AR697,AR,697,Christmas Gift 
AR697,AR,697,Merry Christmas 
AR698,AR,698,-
AR699,AR,699,-
AR700,AR,700,-
AR701,AR,701,Christmas Gift 
AR701,AR,701,Merry Christmas 
AR702,AR,702,-
AR703,AR,703,Merry Christmas 
AR704,AR,704,Merry Christmas 
AR705,AR,705,Christmas Give 
AR705,AR,705,Happy Yuletide 
AR705,AR,705,Merry Christmas 
AR706,AR,706,-
AR707,AR,707,Merry Christmas 
AR708,AR,708,Merry Christmas 
AR709,AR,709,Merry Christmas 
AR710,AR,710,-
AR711,AR,711,Merry Christmas 
AR712,AR,712,Merry Christmas 
AR713,AR,713,Merry Christmas 
AR714,AR,714,Merry Christmas 
AR715,AR,715,Christmas Gift 
AR716,AR,716,Christmas Gift 
AR717,AR,717,Christmas Gift 
AR718,AR,718,Christmas Eve Gift 
AR718,AR,718,Merry Christmas 
AR719,AR,719,Merry Christmas 
AR720,AR,720,Christmas Gift 
AR721,AR,721,Christmas Gift 
AR721,AR,721,Merry Christmas 
AR722,AR,722,Christmas Gift 
AR723,AR,723,Christmas Gift 
AR724,AR,724,Merry Christmas 
AR725,AR,725,Merry Christmas 
AR726,AR,726,Christmas Gift 
AR727,AR,727,Christmas Gift 
AR727,AR,727,Happy Christmas 
AR727,AR,727,Merry Christmas 
AR728,AR,728,Christmas Gift 
AR729,AR,729,Merry Christmas 
AR730,AR,730,Christmas Greeting 
AR730,AR,730,Merry Christmas 
AR731,AR,731,Merry Christmas 
AR732,AR,732,Merry Christmas 
AR733,AR,733,Christmas Gift 
AR733,AR,733,Merry Christmas 
AR734,AR,734,Christmas Gift 
AR735,AR,735,Christmas Cheer 
AR735,AR,735,Happy Christmas 
AR735,AR,735,Merry Christmas 
AR736,AR,736,Merry Christmas 
AR737,AR,737,Christmas Eve Gift 
AR737,AR,737,Merry Christmas 
AR737,AR,737,Wonderful Christmas 
AR738,AR,738,Merry Christmas 
AR739,AR,739,-
AR740,AR,740,Christmas Gift 
AR740,AR,740,Merry Christmas 
AR741,AR,741,Christmas Gift 
AR741,AR,741,Merry Christmas 
AR742,AR,742,Merry Christmas 
AR743,AR,743,Christmas Gift 
AR743,AR,743,Merry Christmas 
AR744,AR,744,Christmas Gift 
AR745,AR,745,Merry Christmas 
AR746,AR,746,Christmas Gift 
AR746,AR,746,Merry Christmas 
AR747,AR,747,Christmas Gift 
AR747,AR,747,Merry Christmas 
AR748,AR,748,Christmas Give 
AR748,AR,748,Merry Christmas 
AR749,AR,749,Christmas Gift 
AR749,AR,749,Merry Christmas 
AR750,AR,750,-
AR751,AR,751,Merry Christmas 
AR752,AR,752,Merry Christmas 
AR753,AR,753,Merry Christmas 
AR754,AR,754,Christmas Gift 
AR754,AR,754,Merry Christmas 
AR755,AR,755,Merry Christmas 
LA756,LA,756,Happy Christmas 
LA756,LA,756,Merry Christmas 
LA757,LA,757,Christmas Gift 
LA757,LA,757,Happy Holidays 
LA757,LA,757,Merry Christmas 
LA758,LA,758,Happy Christmas 
LA759,LA,759,-
LA760,LA,760,-
LA761,LA,761,Christmas Give 
LA761,LA,761,Merry Christmas 
LA762,LA,762,-
LA763,LA,763,-
LA764,LA,764,Good Christmas 
LA764,LA,764,Merry Christmas 
LA765,LA,765,Merry Christmas 
LA766,LA,766,Merry Christmas 
LA767,LA,767,Christmas Gift 
LA767,LA,767,Merry Christmas 
LA768,LA,768,Christmas Gift 
LA768,LA,768,Merry Christmas 
LA769,LA,769,Merry Christmas 
LA770,LA,770,Christmas Gift 
LA770,LA,770,Happy Christmas 
LA770,LA,770,Merry Christmas 
LA771,LA,771,Christmas Give 
LA771,LA,771,Merry Christmas 
LA772,LA,772,Merry Christmas 
LA773,LA,773,Christmas Give 
LA773,LA,773,Merry Christmas 
LA774,LA,774,-
LA775,LA,775,0
LA776,LA,776,Merry Christmas 
LA777,LA,777,Merry Christmas 
LA778,LA,778,Christmas Gift 
LA778,LA,778,Merry Christmas 
LA779,LA,779,Christmas Kiss 
LA779,LA,779,Merry Christmas 
LA780,LA,780,Merry Christmas 
LA781,LA,781,Merry Christmas 
LA782,LA,782,Christmas Gift 
LA782,LA,782,Christmas Greetings 
LA782,LA,782,Happy Christmas 
LA783,LA,783,Christmas Eve Gift 
LA783,LA,783,Christmas Gift 
LA783,LA,783,Merry Christmas 
LA784,LA,784,Christmas Gift 
LA784,LA,784,Merry Christmas 
LA785,LA,785,Christmas Gift 
LA785,LA,785,Happy Christmas 
LA785,LA,785,Happy Holiday 
LA786,LA,786,Christmas Gift 
LA786,LA,786,Merry Christmas 
LA787,LA,787,Merry Christmas 
LA788,LA,788,Christmas Gift 
LA788,LA,788,Happy Christmas 
LA788,LA,788,Merry Christmas 
LA789,LA,789,Christmas Gift 
LA789,LA,789,Merry Christmas 
LA790,LA,790,Christmas Gift 
LA790,LA,790,Merry Christmas 
LA791,LA,791,Christmas Eve Gift 
LA791,LA,791,Happy Christmas 
LA791,LA,791,Merry Christmas 
LA792,LA,792,Merry Christmas 
LA793,LA,793,-
LA794,LA,794,Big Christmas 
LA794,LA,794,Christmas Eve Gift 
LA794,LA,794,Christmas Gift 
LA794,LA,794,Happy Christmas 
LA794,LA,794,Merry Christmas 
LA795,LA,795,0
LA796,LA,796,Christmas Gift 
LA796,LA,796,Merry Christmas 
LA797,LA,797,Christmas Gift 
LA797,LA,797,Merry Christmas 
LA798,LA,798,Merry Christmas 
LA799,LA,799,-
LA800,LA,800,Christmas Gift 
LA800,LA,800,Merry Christmas 
LA801,LA,801,Christmas Eve Gift 
LA801,LA,801,Christmas Gift 
LA801,LA,801,Merry Christmas 
LA802,LA,802,Christmas Give 
LA802,LA,802,Happy Christmas 
LA802,LA,802,Merry Christmas 
LA803,LA,803,-
LA804,LA,804,-
LA805,LA,805,Happy Christmas 
LA805,LA,805,Merry Christmas 
LA806,LA,806,Merry Christmas 
LA807,LA,807,Happy Christmas 
LA807,LA,807,Merry Christmas 
LA808,LA,808,Christmas Gift 
LA808,LA,808,Happy Holidays 
LA808,LA,808,Merry Christmas 
LA809,LA,809,Merry Christmas 
LA810,LA,810,Happy Christmas 
LA810,LA,810,Merry Christmas 
LA811,LA,811,Merry Christmas 
LA812,LA,812,-
LA813,LA,813,Merry Christmas 
LA814,LA,814,Merry Christmas 
LA815,LA,815,Christmas Gift 
LA815,LA,815,Merry Christmas 
LA816,LA,816,Merry Christmas 
LA817,LA,817,Christmas Gift 
LA817,LA,817,Merry Christmas 
TX818,TX,818,-
TX819,TX,819,Christmas Gift 
TX819,TX,819,Merry Christmas 
TX820,TX,820,Merry Christmas 
TX821,TX,821,Christmas Gift 
TX821,TX,821,Merry Christmas 
TX822,TX,822,Christmas Gift 
TX822,TX,822,Merry Christmas 
TX823,TX,823,Merry Christmas 
TX824,TX,824,Feliz Navidad (S) 
TX824,TX,824,Merry Christmas 
TX825,TX,825,Christmas Gift 
TX825,TX,825,Merry Christmas 
TX826,TX,826,Christmas Gift 
TX826,TX,826,Merry Christmas 
TX827,TX,827,Merry Christmas 
TX828,TX,828,Christmas Gift 
TX828,TX,828,Happy Greeting 
TX828,TX,828,Merry Christmas 
TX829,TX,829,Merry Christmas 
TX830,TX,830,Merry Christmas 
TX831,TX,831,Merry Christmas 
TX832,TX,832,0
TX833,TX,833,Merry Christmas 
TX834,TX,834,Merry Christmas 
TX835,TX,835,Christmas Gift 
TX835,TX,835,Merry Christmas 
TX836,TX,836,Christmas Eve Gift 
TX836,TX,836,Christmas Gift 
TX836,TX,836,Merry Christmas 
TX837,TX,837,Happy Holiday 
TX837,TX,837,Merry Christmas 
TX838,TX,838,Christmas Gift 
TX838,TX,838,Merry Christmas 
TX839,TX,839,Wonderful Christmas 
TX840,TX,840,Christmas Gift 
TX841,TX,841,Merry Christmas 
TX842,TX,842,Christmas Gift 
TX842,TX,842,Merry Christmas 
TX843,TX,843,Christmas Give 
TX843,TX,843,Merry Christmas 
TX844,TX,844,Merry Christmas 
TX845,TX,845,-
TX846,TX,846,Merry Christmas 
TX847,TX,847,-
TX848,TX,848,Merry Christmas 
TX849,TX,849,Merry Christmas 
TX850,TX,850,Merry Christmas 
TX851,TX,851,Christmas Gift 
TX851,TX,851,Merry Christmas 
TX852,TX,852,Merry Christmas 
TX853,TX,853,Christmas Gift 
TX853,TX,853,Merry Christmas 
TX854,TX,854,Christmas Greetings 
TX854,TX,854,Merry Christmas 
TX855,TX,855,Christmas Gift 
TX855,TX,855,Merry Christmas 
TX856,TX,856,-
TX857,TX,857,Christmas Gift 
TX857,TX,857,Merry Christmas 
TX858,TX,858,-
TX859,TX,859,Feliz Navidad (S) 
TX859,TX,859,Joyous Noel 
TX859,TX,859,Merry Christmas 
TX860,TX,860,Christmas Gift 
TX860,TX,860,Happy Yuletide 
TX860,TX,860,Merry Christmas 
TX861,TX,861,Merry Christmas 
TX862,TX,862,Merry Christmas 
TX863,TX,863,Christmas Gift 
TX863,TX,863,Merry Christmas 
TX864,TX,864,Happy Christmas 
TX864,TX,864,Merry Christmas 
TX865,TX,865,Merry Christmas 
TX866,TX,866,Happy Christmas 
TX866,TX,866,Merry Christmas 
TX867,TX,867,Christmas Eve Gift 
TX867,TX,867,Merry Christmas 
TX868,TX,868,Christmas Gift 
TX868,TX,868,Merry Christmas 
TX869,TX,869,Merry Christmas 
TX870,TX,870,Christmas Gift 
TX870,TX,870,Merry Christmas 
TX871,TX,871,Merry Christmas 
TX872,TX,872,-
TX873,TX,873,Christmas Gift 
TX873,TX,873,Happy Christmas 
TX874,TX,874,Christmas Gift 
TX874,TX,874,Merry Christmas 
TX875,TX,875,Christmas Gift 
TX875,TX,875,Merry Christmas 
TX876,TX,876,Merry Christmas 
TX877,TX,877,Christmas Gifts [sic] 
TX877,TX,877,Merry Christmas 
TX878,TX,878,Merry Christmas 
TX879,TX,879,-
TX880,TX,880,Merry Christmas 
TX881,TX,881,-
TX882,TX,882,Merry Christmas 
TX883,TX,883,Merry Christmas 
TX884,TX,884,0
TX885,TX,885,Merry Christmas 
TX886,TX,886,Happy Holiday 
TX886,TX,886,Merry Christmas 
TX887,TX,887,Merry Christmas 
TX888,TX,888,Merry Christmas 
TX889,TX,889,Merry Christmas 
TX890,TX,890,Christmas Cheer 
TX890,TX,890,Christmas Gift 
TX890,TX,890,Merry Christmas 
TX890,TX,890,Season's Greetings 
TX891,TX,891,Feliz Navidad (S) 
TX891,TX,891,Merry Christmas 
TX892,TX,892,-
TX893,TX,893,Merry Christmas 
TX894,TX,894,Christmas Gift 
TX894,TX,894,Merry Christmas 
TX895,TX,895,Merry Christmas 
TX896,TX,896,0
TX897,TX,897,-
TX898,TX,898,Merry Christmas 
TX899,TX,899,Feliz Navidad (S) 
TX899,TX,899,Merry Christmas 
TX900,TX,900,Happy Christmas 
TX900,TX,900,Merry Christmas 
TX901,TX,901,Merry Christmas 
TX902,TX,902,Merry Christmas 
TX903,TX,903,-
TX904,TX,904,Christmas Gift 
TX904,TX,904,Merry Christmas 
TX905,TX,905,Merry Christmas 
TX906,TX,906,Merry Christmas 
TX907,TX,907,-
TX908,TX,908,Merry Christmas 
TX909,TX,909,-
TX910,TX,910,Merry Christmas 
TX911,TX,911,Merry Christmas 
