Informant,State,Informant number,Response
TN001,TN,001,newyir=13
TN002,TN,002,newyirz=13
TN003,TN,003,newyirz=13
TN004,TN,004,newyir=13
TN005,TN,005,newyirz=13
TN006,TN,006,newyirz=13
TN007,TN,007,nyueyir=13
TN008,TN,008,newyir=13
TN009,TN,009,nyueyir=13
TN010,TN,010,newyir=13
TN011,TN,011,nyueyir=13
TN012,TN,012,nueyir=13
TN013,TN,013,newyir=13
TN014,TN,014,newyirz=13
TN015,TN,015,nyueyi{r}=13
TN016,TN,016,newyir=13
TN017,TN,017,newyir=13
TN018,TN,018,nyueyirz=13
TN019,TN,019,newyirz=13
TN020,TN,020,nyueyir=13
TN021,TN,021,-
TN022,TN,022,nueyi[r]=13
TN023,TN,023,newyirz=13
TN024,TN,024,newyir=13
TN025,TN,025,nyueyir=13
TN026,TN,026,newyirz=13
TN027,TN,027,newyir=13
TN028,TN,028,newyir=13
TN029,TN,029,newyir=13
TN030,TN,030,newyi[r]=13
TN031,TN,031,newyir=13
TN032,TN,032,newyir=13
TN033,TN,033,newyir=13
TN034,TN,034,nyueyi[r]=13
TN035,TN,035,newyir=13
TN036,TN,036,newyir=13
TN037,TN,037,newyi[r]=13
TN038,TN,038,nyueyirz=13
TN038,TN,038,nyueyu[r]=13
TN039,TN,039,nueyir{z}=13
TN040,TN,040,nueyir=13
TN041,TN,041,newyurz=13
TN042,TN,042,newyir=13
TN043,TN,043,nyueyir=13
TN044,TN,044,newyirz=13
TN045,TN,045,newyir=13
TN045,TN,045,nyueyir=13
TN046,TN,046,newyirz=13
TN047,TN,047,newyir=11
TN048,TN,048,newyir=13
TN049,TN,049,newyir=13
TN050,TN,050,newyirz=13
TN051,TN,051,newyir=13
TN052,TN,052,nyueyi{r}=13
TN053,TN,053,newyirz=13
TN054,TN,054,newyir=13
TN055,TN,055,nueyir=13
TN056,TN,056,nueyir=13
TN057,TN,057,nueyir=13
TN058,TN,058,newyir=13
TN059,TN,059,nyueyir=13
TN059,TN,059,nyueyur=13
TN060,TN,060,newyir=13
GA061,GA,061,-
GA062,GA,062,nueyir=13
GA063,GA,063,-
GA064,GA,064,newyir=11
GA065,GA,065,nyueyirz=13
GA066,GA,066,nyueyi[r]z=13
GA067,GA,067,nyueyi{r}=13
GA068,GA,068,-
GA069,GA,069,nyueyir{z}=13
GA070,GA,070,newyir=13
GA071,GA,071,nueyir=13
GA072,GA,072,newyir=13
GA073,GA,073,newyi[r]=13
GA074,GA,074,nueyi[r]{z}=13
GA075,GA,075,newyir=13
GA076,GA,076,nyueyi{r}=13
GA077,GA,077,newyi[r]=13
GA078,GA,078,newyir=13
GA078,GA,078,newyir{z}=13
GA079,GA,079,newyi{r}=13
GA080,GA,080,-
GA081,GA,081,newyir=13
GA082,GA,082,-
GA083,GA,083,nyewyir=31
GA084,GA,084,newyi[r]=13
GA085,GA,085,nyueyi[r]=13
GA086,GA,086,newyir=13
GA087,GA,087,nyuyirz=13
GA088,GA,088,newyer=13
GA089,GA,089,newyi[r]=13
GA090,GA,090,nyueyi{r}=13
GA091,GA,091,newyir=13
GA092,GA,092,newyi[r]=13
GA093,GA,093,newyi[r]=13
GA094,GA,094,newyi{r}=13
GA095,GA,095,newyi[r]=13
GA096,GA,096,newyi[r]=13
GA097,GA,097,nueyi[r]{z}=13
GA098,GA,098,newyi[r]=13
GA099,GA,099,nyueyi[r]=13
GA100,GA,100,nueyi[r]=13
GA101,GA,101,nueyir=13
GA102,GA,102,nueyi{r}=13
GA103,GA,103,nueyi[r]=13
GA104,GA,104,newyir=13
GA105,GA,105,newyi{r}=13
GA106,GA,106,nyueyir=13
GA107,GA,107,nyewyirz=13
GA108,GA,108,nueyir=13
GA109,GA,109,nueyi[r]=13
GA110,GA,110,nueyi[r]=13
GA111,GA,111,newyi[r]=13
GA112,GA,112,nyueyi{r}=13
GA113,GA,113,-
GA114,GA,114,newye[r]{z}=13
GA115,GA,115,newyi[r]=13
GA116,GA,116,newyi[r]=13
GA117,GA,117,nyueyi[r]=13
GA118,GA,118,nyueyi[r]=13
GA119,GA,119,nueyi[r]=13
GA120,GA,120,nyueyi{r}=13
GA121,GA,121,nyueyi[r]=13
GA122,GA,122,nueye[r]=13
GA123,GA,123,newyi[r]=13
GA124,GA,124,nueyi{r}=13
GA125,GA,125,newyi[r]=13
GA126,GA,126,newyi[r]z=13
GA127,GA,127,-
GA128,GA,128,-
GA129,GA,129,-
GA130,GA,130,-
GA131,GA,131,newyi[r]=13
GA132,GA,132,newyi[r]=13
GA133,GA,133,nyueyir=13
GA134,GA,134,newyi{r}=13
GA135,GA,135,nyueyi[r]=13
GA136,GA,136,newyi[r]=13
GA137,GA,137,newyi[r]=13
GA138,GA,138,nyueye[r]=13
GA139,GA,139,newyi{r}=13
GA140,GA,140,newyi[r]=13
GA141,GA,141,nueyi[r]=13
GA142,GA,142,nyueyi[r]z=13
GA143,GA,143,nyueyi[r]=13
GA144,GA,144,nueyi[r]=13
GA145,GA,145,-
GA146,GA,146,nyewyi{r}=13
GA147,GA,147,-
GA148,GA,148,nueyir=13
GA149,GA,149,newyi[r]=13
GA150,GA,150,nyewyir=13
GA151,GA,151,newyir=13
GA152,GA,152,nyueyir=13
GA153,GA,153,-
GA154,GA,154,newyir=13
GA155,GA,155,nueyi{r}=31
GA156,GA,156,-
GA157,GA,157,-
GA158,GA,158,-
GA159,GA,159,nyueyir=13
GA160,GA,160,-
GA161,GA,161,nueyi[r]=31
GA162,GA,162,nueyi[r]=13
GA163,GA,163,nueye[r]=13
GA164,GA,164,nueyir=13
GA165,GA,165,nueyi[r]=21
GA166,GA,166,nyewyi[r]=13
GA167,GA,167,newyi[r]=13
GA168,GA,168,nueyi[r]=13
GA169,GA,169,-
GA170,GA,170,nueye[r]=13
GA171,GA,171,nueyir=13
GA172,GA,172,newyi[r]=13
GA173,GA,173,-
GA174,GA,174,-
GA175,GA,175,newye[r]z=13
GA176,GA,176,-
GA177,GA,177,nyueyirz=13
GA178,GA,178,-
GA179,GA,179,newye[r]=13
GA180,GA,180,newyi[r]z=13
GA181,GA,181,-
GA182,GA,182,-
GA183,GA,183,nueyR=14
GA184,GA,184,nueyi{r}=13
GA185,GA,185,newyir=13
GA186,GA,186,newyir=13
GA187,GA,187,-
GA188,GA,188,newyi[r]=13
GA189,GA,189,newyi[r]=13
GA190,GA,190,newyi[r]=13
GA191,GA,191,niyir=13
GA192,GA,192,nueyi{r}=13
GA193,GA,193,nyueyir=13
GA194,GA,194,nyueyir=13
GA195,GA,195,-
GA196,GA,196,-
GA197,GA,197,-
GA198,GA,198,-
GA199,GA,199,newyu{r}{zh}=13
GA199,GA,199,nueyi[r]{z}=13
GA200,GA,200,newyi[r]z=13
GA201,GA,201,nyueyi[r]=13
GA202,GA,202,newyi[r]=13
GA203,GA,203,newyir=13
GA204,GA,204,-
GA205,GA,205,-
GA206,GA,206,newyir=13
GA207,GA,207,nyueyi[r]=13
GA208,GA,208,nyueyir=13
GA209,GA,209,nueyi[r]=13
GA210,GA,210,nyueyi[r]=31
GA211,GA,211,newyir=13
GA212,GA,212,newyerz=13
GA213,GA,213,nyueyi[r]=13
GA214,GA,214,newyi[r]=13
GA215,GA,215,newyi[r]=13
GA216,GA,216,nyueyir=13
GA217,GA,217,newyi{r}=13
GA218,GA,218,newyi[r]=13
GA219,GA,219,-
GA220,GA,220,neeyi[r]=12
GA221,GA,221,newyir=13
GA222,GA,222,-
GA223,GA,223,-
GA224,GA,224,-
GA225,GA,225,-
FL226,FL,226,newyi[r]z=13
FL227,FL,227,nueyi[r]=13
FL228,FL,228,newyi{r}=13
FL229,FL,229,newyi[r]=13
FL230,FL,230,nueyir=13
FL231,FL,231,nueyir=13
FL232,FL,232,newyir=21
FL233,FL,233,nueyir=13
FL234,FL,234,nyueyi(r)z=13
FL235,FL,235,newyirz=13
FL236,FL,236,nyueyir=13
FL237,FL,237,nyewyi{r}=13
FL238,FL,238,newyir=13
FL239,FL,239,nueyir=13
FL240,FL,240,nueyir=13
FL241,FL,241,-
FL242,FL,242,newyir=21
FL243,FL,243,nyueyir=13
FL244,FL,244,-
FL245,FL,245,nueye[r]=13
FL246,FL,246,nyueyi[r]=13
FL247,FL,247,newyir=13
FL248,FL,248,nueyir{z}=13
FL249,FL,249,newyir=21
FL250,FL,250,newyi{r}z=13
FL251,FL,251,-
FL252,FL,252,-
FL253,FL,253,nueyir=13
FL254,FL,254,nueyir=13
FL255,FL,255,nueyi{r}=13
FL256,FL,256,newyir=13
FL257,FL,257,newyirz=13
FL258,FL,258,nyueyer=13
FL259,FL,259,nueyir=13
FL260,FL,260,-
FL261,FL,261,nueyir{z}=13
FL262,FL,262,newyi{r}z=13
FL263,FL,263,newyi[r]=13
FL264,FL,264,nyueyir=13
FL265,FL,265,nueyi[r]=13
FL266,FL,266,nueyir=13
FL267,FL,267,-
FL268,FL,268,-
FL269,FL,269,nueyir{zh}=13
FL269,FL,269,nyewyirzh=13
FL269,FL,269,nyewyir=13
FL270,FL,270,nooyi[r]=12
FL271,FL,271,newyi{r}z=13
FL272,FL,272,nueyir=13
FL273,FL,273,nueyir=13
FL274,FL,274,nueyir=13
FL275,FL,275,newyirz=13
FL276,FL,276,newyir=13
FL277,FL,277,nueyi[r]=13
FL278,FL,278,newyir=13
FL279,FL,279,nueyir=13
FL280,FL,280,newyi[r]=13
FL281,FL,281,nueyi[r]z=13
FL282,FL,282,nyueyir=13
FL283,FL,283,nooyir=21
FL284,FL,284,nueyir=13
FL285,FL,285,-
FL286,FL,286,nueyir=13
FL287,FL,287,-
FL288,FL,288,nueyi[r]=13
FL289,FL,289,newyi[r]=13
TN290,TN,290,newyirz=13
TN291,TN,291,newyir=13
TN291,TN,291,nueyirz=13
TN292,TN,292,newyir=13
TN293,TN,293,newyir=13
TN294,TN,294,nueyir=13
TN295,TN,295,nyueye{r}z=13
TN296,TN,296,newyi[r]=13
TN297,TN,297,newyirz=13
TN298,TN,298,newyi[r]z=13
TN299,TN,299,nyueyi{r}=13
TN300,TN,300,nueyir=13
TN301,TN,301,nyueyi{r}=13
TN302,TN,302,newyirz=13
TN303,TN,303,nyueyi[r]z=13
TN304,TN,304,nyueyerz=13
TN305,TN,305,-
TN306,TN,306,newyirz=13
TN307,TN,307,nyueyir=13
TN308,TN,308,nueyir=13
TN309,TN,309,nueyi[r]=31
TN310,TN,310,newyirz=31
TN311,TN,311,nueyir=13
TN312,TN,312,nueyi[r]=13
TN313,TN,313,nueyir=13
TN314,TN,314,nooyir=13
TN315,TN,315,nyueyir=12
TN316,TN,316,nueyi{r}=12
TN317,TN,317,nyueye{r}z=13
TN318,TN,318,-
TN319,TN,319,-
TN320,TN,320,newyirz=13
TN321,TN,321,nyueyurz=13
TN322,TN,322,nyueyir=13
TN323,TN,323,newyi[r]=13
TN324,TN,324,newyi[r]=13
TN325,TN,325,nyuey[R]z=14
TN326,TN,326,newyir=13
TN327,TN,327,nyueyi[r]=13
TN328,TN,328,newyir=13
TN329,TN,329,nueyir=13
TN330,TN,330,newyi[r]=13
TN331,TN,331,nyueyi[r]=13
TN332,TN,332,neeyi(r)=12
TN333,TN,333,newyir=13
TN334,TN,334,nueyir=13
TN335,TN,335,nyueyir=13
TN336,TN,336,nyueyir=13
AL337,AL,337,nyueyi{r}z=13
AL338,AL,338,newyir=13
AL339,AL,339,newyir=13
AL340,AL,340,newyi[r]=31
AL341,AL,341,nyueyi[r]=13
AL342,AL,342,newyir=12
AL343,AL,343,newyir=13
AL344,AL,344,nyueyi{r}z=13
AL345,AL,345,newyi[r]=13
AL346,AL,346,nueyi[r]z=31
AL347,AL,347,nueyi[r]=13
AL348,AL,348,nyueyirz=13
AL349,AL,349,nyewye[r]z=13
AL350,AL,350,newyer=13
AL351,AL,351,nueyir=13
AL352,AL,352,newyeer=13
AL353,AL,353,nueyer=13
AL354,AL,354,newyir=13
AL355,AL,355,newyi{r}=13
AL356,AL,356,nueyi{r}=13
AL357,AL,357,nueyir=13
AL358,AL,358,nueyi{r}=13
AL359,AL,359,newyirz=13
AL360,AL,360,newyir=13
AL361,AL,361,nueyi[r]=13
AL362,AL,362,nyueyir=13
AL363,AL,363,nueyirz=13
AL364,AL,364,newye[r]=13
AL365,AL,365,newyi[r]z=13
AL366,AL,366,newyi[r]=13
AL367,AL,367,nueyir=13
AL368,AL,368,newyur{z}=13
AL369,AL,369,nueyi[r]=13
AL370,AL,370,nyueyir=13
AL371,AL,371,newyir=13
AL372,AL,372,nueyi[r]z=13
AL373,AL,373,nAyee[r]=41
AL374,AL,374,nueyir=13
AL375,AL,375,nueyir=13
AL376,AL,376,-
AL377,AL,377,nueyi[r]=13
AL378,AL,378,nyueyi[r]=13
AL379,AL,379,nueyi[r]=13
AL380,AL,380,nueyi[r]=13
AL381,AL,381,newyir=13
AL382,AL,382,nyueyi[r]=13
AL383,AL,383,newyir=13
AL384,AL,384,newyi[r]=13
AL385,AL,385,nyueyarz=13
AL386,AL,386,newyi{r}=13
AL387,AL,387,newyir=13
AL388,AL,388,nueyir=13
AL389,AL,389,nyueyi[r]=13
AL390,AL,390,newyi[r]=13
AL391,AL,391,nueyir=13
AL392,AL,392,-
AL393,AL,393,newyeer=13
AL394,AL,394,nyueyi[r]=13
AL395,AL,395,newyi{r}=13
AL396,AL,396,-
AL397,AL,397,nueyir=13
AL398,AL,398,nueyi[r]=13
AL399,AL,399,-
AL400,AL,400,nyueyi[r]=13
AL401,AL,401,nyueyi[r]=13
AL402,AL,402,newyi[r]=13
AL403,AL,403,nueyi[r]=13
AL404,AL,404,newyi[r]=13
AL405,AL,405,nueyir=13
AL406,AL,406,nueyi{r}=13
AL407,AL,407,newyi{r}=13
AL408,AL,408,newyir=13
AL409,AL,409,nueyi[r]=13
AL410,AL,410,nueyi[r]z=13
AL411,AL,411,newyi[r]=13
AL412,AL,412,-
AL413,AL,413,-
AL414,AL,414,niyir=13
AL415,AL,415,nyueyi{r}=13
AL416,AL,416,newyi[r]=13
AL417,AL,417,nueyi[r]=13
AL418,AL,418,nueyi{r}=13
AL419,AL,419,newyi{r}=13
AL420,AL,420,newyi[r]z=13
AL421,AL,421,nueyi[r]=13
AL422,AL,422,nyueyi{r}=13
AL423,AL,423,newyir=13
AL424,AL,424,nueyi[r]=13
AL425,AL,425,nyueyer=13
AL426,AL,426,newyir=13
AL427,AL,427,nueyi{r}=13
AL428,AL,428,nueyir=13
AL429,AL,429,-
AL430,AL,430,nyueyi{r}=13
AL431,AL,431,nyueyirz=13
AL432,AL,432,-
AL433,AL,433,nueyi[r]=13
AL434,AL,434,newyi[r]=13
AL435,AL,435,nyueyi[r]z=13
AL436,AL,436,-
AL437,AL,437,newyir=13
AL438,AL,438,newyi[r]=13
AL439,AL,439,newyi{r}=13
AL440,AL,440,nyueyi{r}=13
AL441,AL,441,nueyi{r}=13
AL442,AL,442,nyewyi[r]=13
AL443,AL,443,-
AL444,AL,444,newyi[r]=13
AL445,AL,445,newyi[r]=13
AL446,AL,446,newyir=13
AL447,AL,447,newyir=13
AL448,AL,448,nyueyir=13
AL449,AL,449,nyueyi[r]=13
AL450,AL,450,newyi[r]=13
AL451,AL,451,newyir=13
FL452,FL,452,nueyir=13
FL453,FL,453,-
FL454,FL,454,newyi[r]=13
FL455,FL,455,nueyir=13
FL456,FL,456,nueyi[r]=13
FL457,FL,457,nueyi{r}=13
FL458,FL,458,newyir=13
FL459,FL,459,-
FL460,FL,460,nyueyi{r}=13
FL461,FL,461,nyueyir=13
FL462,FL,462,newyi[r]dh=13
FL463,FL,463,-
FL464,FL,464,newyi{r}=13
FL465,FL,465,-
FL466,FL,466,newyirz=13
FL467,FL,467,-
FL468,FL,468,nueyi[r]=13
FL469,FL,469,nyueyi{r}z=13
FL470,FL,470,nueyir=13
FL471,FL,471,nyueyi[r]=13
AL472,AL,472,newyi[r]=13
AL473,AL,473,nueyi{r}=13
AL474,AL,474,nyueyir=13
AL475,AL,475,newyi[r]=13
AL476,AL,476,newyir=13
AL477,AL,477,newyi[r]=13
AL478,AL,478,-
AL479,AL,479,nueyi[r]=13
AL480,AL,480,newyi{r}=13
AL481,AL,481,nueyi[r]=13
AL482,AL,482,-
AL483,AL,483,-
AL484,AL,484,nueyir=13
AL485,AL,485,nueyir=13
TN486,TN,486,-
TN487,TN,487,nyueyi{r}=13
TN488,TN,488,nyueyir=12
TN489,TN,489,nyewyi{r}=13
TN490,TN,490,nueyir=13
TN491,TN,491,-
TN492,TN,492,newyir=13
TN493,TN,493,-
TN494,TN,494,nyueyir=12
TN495,TN,495,newyi[r]=13
TN496,TN,496,nyueyir=13
TN497,TN,497,-
TN498,TN,498,newyir=13
TN499,TN,499,nyueyi{r}z=13
TN500,TN,500,-
TN501,TN,501,newyi[r]z=13
TN502,TN,502,nyueyir=12
TN503,TN,503,-
TN504,TN,504,newyir=13
TN505,TN,505,newyi[r]=13
TN506,TN,506,nyueyir=13
TN507,TN,507,-
TN508,TN,508,nueyi[r]=13
TN509,TN,509,nyewyi[r]z=13
TN510,TN,510,-
TN511,TN,511,-
TN512,TN,512,newyi[r]=13
TN513,TN,513,newyi{r}=13
TN514,TN,514,nueyir=13
TN514,TN,514,nueyirz=13
TN515,TN,515,-
TN516,TN,516,nueyir=13
TN517,TN,517,nueyir=13
TN518,TN,518,nyueyir=13
TN519,TN,519,nyueyi{r}=13
MS520,MS,520,-
MS521,MS,521,newyi[r]=13
MS522,MS,522,nyueyi{r}=13
MS523,MS,523,-
MS524,MS,524,nyueyir=13
MS525,MS,525,-
MS526,MS,526,-
MS527,MS,527,nyueyi{r}=13
MS528,MS,528,-
MS529,MS,529,-
MS530,MS,530,nyewyirz=13
MS531,MS,531,nueyi[r]=13
MS532,MS,532,newyi[r]=13
MS533,MS,533,nueyir=13
MS534,MS,534,newyi{r}{z}=13
MS535,MS,535,neeyir=13
MS536,MS,536,nueyir=13
MS537,MS,537,nyueyi[r]z=13
MS538,MS,538,newyi[r]=13
MS539,MS,539,newyi{r}=11
MS540,MS,540,-
MS541,MS,541,nyueyi[r]=13
MS542,MS,542,nyewye{r}z=13
MS543,MS,543,nyueyi[r]=13
MS544,MS,544,nyueyi{r}=13
MS545,MS,545,nueyi[r]=13
MS546,MS,546,-
MS547,MS,547,nueyi{r}=13
MS548,MS,548,newyir=13
MS549,MS,549,nyueyi{r}=13
MS550,MS,550,-
MS551,MS,551,newyir=13
MS552,MS,552,newyi{r}=13
MS553,MS,553,-
MS554,MS,554,-
MS555,MS,555,-
MS556,MS,556,-
MS557,MS,557,nueyi[r]=13
MS558,MS,558,nueyi{r}{z}=13
MS559,MS,559,-
MS560,MS,560,-
MS561,MS,561,-
MS562,MS,562,newyir=13
MS563,MS,563,newyi{r}=13
MS564,MS,564,newyi[r]=13
MS565,MS,565,nyueyi[r]=13
MS566,MS,566,-
MS567,MS,567,nueye[r]=13
MS568,MS,568,-
MS569,MS,569,newyi[r]z=13
MS570,MS,570,newyi[r]z=13
MS571,MS,571,nueyi{r}=13
MS572,MS,572,newyir=13
MS573,MS,573,nueyi[r]=13
MS574,MS,574,nyueye{r}=13
MS575,MS,575,newyi[r]=13
MS576,MS,576,nyueyi[r]=13
MS577,MS,577,nyueye[r]=13
MS578,MS,578,yueyi{r}=13
MS579,MS,579,newyu{r}=13
MS580,MS,580,-
MS581,MS,581,-
MS582,MS,582,newyir=13
MS583,MS,583,newye{r}=13
MS584,MS,584,nyueyir=13
MS585,MS,585,newyi[r]=13
MS586,MS,586,-
MS587,MS,587,nyueye[r]=13
MS588,MS,588,nueyi[r]=13
MS589,MS,589,newyi[r]=13
MS590,MS,590,-
MS591,MS,591,nueyir=13
MS592,MS,592,nyueyir=13
MS593,MS,593,newyi{r}=13
MS594,MS,594,nyueyi[r]=13
MS595,MS,595,newyir=13
MS596,MS,596,newyi[r]=13
MS597,MS,597,newye[r]=13
MS598,MS,598,nyueyi[r]=13
MS599,MS,599,nyueyir=13
MS600,MS,600,nueyir=13
MS601,MS,601,nyueyir=12
MS602,MS,602,nueyi[r]=13
MS603,MS,603,-
MS604,MS,604,-
MS605,MS,605,-
MS606,MS,606,-
MS607,MS,607,newyi{r}=13
MS608,MS,608,nyueyi{r}=13
MS609,MS,609,newyi[r]=13
MS610,MS,610,nueyi[r]{z}=13
MS611,MS,611,nueyee[r]=12
MS612,MS,612,newyi[r]=13
MS613,MS,613,newyi{r}=13
MS614,MS,614,-
MS615,MS,615,nyueyi[r]=13
MS616,MS,616,nyueyi{r}=13
MS617,MS,617,niy[R]=14
MS618,MS,618,-
MS619,MS,619,-
MS620,MS,620,newyi[r]=13
MS621,MS,621,newyi[r]=13
MS622,MS,622,nueyir=13
MS623,MS,623,nueyi{r}=13
MS624,MS,624,nueyir=13
MS625,MS,625,nyueyir=13
MS626,MS,626,-
MS627,MS,627,nueyi[r]=13
MS628,MS,628,nueyerz=13
MS629,MS,629,nueyir=13
LA630,LA,630,nueyi[r]=13
LA631,LA,631,-
LA632,LA,632,nyueyi{r}=13
LA633,LA,633,-
LA634,LA,634,nueyir=13
LA635,LA,635,-
LA636,LA,636,nyueyirz=13
LA637,LA,637,nyueyi[r]z=13
LA638,LA,638,newyi[r]z=13
LA639,LA,639,nueyi[r]=13
LA640,LA,640,nueyi[r]=13
LA641,LA,641,nueyi[r]=13
LA642,LA,642,-
LA643,LA,643,newyir=13
LA644,LA,644,-
LA645,LA,645,nyueyi{r}=13
LA646,LA,646,nyueyir=13
LA647,LA,647,-
LA648,LA,648,nueyi[r]=13
LA649,LA,649,nueyi{r}=13
LA650,LA,650,nueyi[r]=13
LA651,LA,651,-
LA652,LA,652,newyir=13
LA653,LA,653,-
LA654,LA,654,nueyi[r]=13
LA655,LA,655,nueyir=13
LA656,LA,656,nueyi[r]=13
LA657,LA,657,nueyi[r]=13
LA657X,LA,657X,nueyi[r]=13
LA657Y,LA,657Y,nueyi[r]=13
LA657Z,LA,657Z,newyi{r}=13
LA658,LA,658,newyi[r]=13
LA659,LA,659,newyi[r]=13
LA660,LA,660,nyueyi[r]=13
LA661,LA,661,newyir=13
LA662,LA,662,nyueyi[r]=13
LA663,LA,663,-
LA664,LA,664,-
LA665,LA,665,nyueyi[r]=13
LA666,LA,666,nyueyi[r]=13
LA667,LA,667,newyi[r]=13
LA668,LA,668,nueyi[r]=13
LA669,LA,669,newyir=13
LA670,LA,670,nyueyi{r}=13
LA671,LA,671,nueyir=13
LA672,LA,672,nueyurz=13
LA673,LA,673,newyi[r]=13
AR674,AR,674,newyirz=13
AR675,AR,675,nueyir=13
AR676,AR,676,-
AR677,AR,677,nueyir=13
AR678,AR,678,newyirz=13
AR679,AR,679,nueyir=13
AR680,AR,680,newyir=13
AR681,AR,681,newyurz=13
AR682,AR,682,newyirz=13
AR683,AR,683,nueyir=13
AR684,AR,684,newyir=13
AR685,AR,685,nueyir{z}=13
AR686,AR,686,nyueyer=13
AR687,AR,687,newyir{z}=13
AR688,AR,688,newyi[r]z=13
AR689,AR,689,nueyi{r}z=13
AR690,AR,690,nueyi{r}=13
AR691,AR,691,nueyir=13
AR692,AR,692,nyueyi[r]=13
AR693,AR,693,nueyir=13
AR694,AR,694,newyirz=13
AR695,AR,695,newyir=13
AR696,AR,696,newyir=13
AR697,AR,697,newyi{r}z=13
AR698,AR,698,-
AR699,AR,699,-
AR700,AR,700,-
AR701,AR,701,nyueyi[r]z=13
AR702,AR,702,-
AR703,AR,703,newyir=13
AR704,AR,704,nueyi[r]=13
AR705,AR,705,nueyi[r]=13
AR706,AR,706,-
AR707,AR,707,newyir=13
AR708,AR,708,nueyir=13
AR709,AR,709,nueyir=13
AR710,AR,710,-
AR711,AR,711,nueyir=13
AR712,AR,712,nueyeer=13
AR713,AR,713,nyueyirz=13
AR714,AR,714,newyer=13
AR715,AR,715,newyir=13
AR716,AR,716,nyueyi(r)z=13
AR717,AR,717,nyueyirz=13
AR718,AR,718,nyueyi{r}z=13
AR719,AR,719,nueyir=13
AR720,AR,720,nyueyirz=13
AR721,AR,721,nueyir=13
AR722,AR,722,nueyir=13
AR723,AR,723,newyirz=13
AR724,AR,724,newyir=13
AR725,AR,725,nueyir=13
AR726,AR,726,nueyirz=13
AR727,AR,727,nueyir=13
AR728,AR,728,nyueyirz=13
AR729,AR,729,nueyir=12
AR730,AR,730,nueyir=13
AR731,AR,731,nueyir=13
AR732,AR,732,nueyir=13
AR733,AR,733,-
AR734,AR,734,nyueyi{r}=13
AR735,AR,735,nooyir=13
AR736,AR,736,nyueyir=13
AR737,AR,737,nueyir=13
AR738,AR,738,nueyir=13
AR739,AR,739,-
AR740,AR,740,newyir=13
AR741,AR,741,nyueyir=13
AR742,AR,742,nueyir=13
AR743,AR,743,newyi[r]=13
AR744,AR,744,-
AR745,AR,745,nyueyir=13
AR746,AR,746,-
AR747,AR,747,newyir=13
AR748,AR,748,nueyi[r]=13
AR749,AR,749,nueyir=13
AR750,AR,750,-
AR751,AR,751,nyueyir=13
AR752,AR,752,newyir=13
AR753,AR,753,nueyir=13
AR754,AR,754,newye{r}=13
AR755,AR,755,nueyi[r]=13
LA756,LA,756,nyueyi{r}=13
LA757,LA,757,newyir=13
LA758,LA,758,newyirz=11
LA759,LA,759,-
LA760,LA,760,-
LA761,LA,761,newyi[r]=13
LA762,LA,762,-
LA763,LA,763,-
LA764,LA,764,nyewye{r}=13
LA765,LA,765,nyueyir=13
LA766,LA,766,nueyi[r]=13
LA767,LA,767,newyirz=13
LA768,LA,768,nueyee[r]=13
LA769,LA,769,nueyir=13
LA770,LA,770,nyueyi{r}=13
LA771,LA,771,newyee[r]=13
LA772,LA,772,nyueyi[r]=13
LA773,LA,773,newyi[r]=13
LA774,LA,774,-
LA775,LA,775,nyewye[r]=13
LA776,LA,776,nooyeer=13
LA777,LA,777,nueyi[r]=13
LA778,LA,778,newyir=13
LA779,LA,779,newyir=21
LA780,LA,780,nueyir=13
LA781,LA,781,newyi[r]z=13
LA782,LA,782,[n]yueyir=13
LA783,LA,783,newyir=13
LA784,LA,784,nyueyi[r]=13
LA785,LA,785,newyeer=12
LA786,LA,786,nyueyir=13
LA787,LA,787,newyir=13
LA788,LA,788,newyi{r}=13
LA789,LA,789,nyueyirz=13
LA790,LA,790,newyi{r}z=13
LA790,LA,790,newyi[r]z=13
LA791,LA,791,nyueyir=13
LA792,LA,792,nyueyirz=13
LA793,LA,793,-
LA794,LA,794,newyir=13
LA795,LA,795,-
LA796,LA,796,nyueyi{r}=13
LA797,LA,797,nyueyi[r]=13
LA798,LA,798,nyueyi{r}=13
LA799,LA,799,-
LA800,LA,800,newyirz=13
LA801,LA,801,newyir=13
LA802,LA,802,nyueye{r}z=13
LA803,LA,803,-
LA804,LA,804,-
LA805,LA,805,nyueyir=13
LA806,LA,806,nueyi[r]z=13
LA807,LA,807,nueyi(r)dh=13
LA808,LA,808,nueyi[r]=13
LA809,LA,809,newyi[r]=13
LA810,LA,810,newyir=13
LA811,LA,811,nueyi[r]=13
LA812,LA,812,-
LA813,LA,813,nyueyi{r}{z}=13
LA814,LA,814,nyueyerz=13
LA815,LA,815,newyir=13
LA816,LA,816,nueyir=13
LA817,LA,817,nueyir=13
TX818,TX,818,-
TX819,TX,819,newyirz=13
TX820,TX,820,neeyir=13
TX821,TX,821,nueyi[r]=13
TX822,TX,822,newyir=13
TX823,TX,823,nyueyir=12
TX824,TX,824,newyir=13
TX825,TX,825,-
TX826,TX,826,nueyir=12
TX827,TX,827,newyir=13
TX828,TX,828,nueyi[r]=13
TX829,TX,829,nyueyi{r}=13
TX830,TX,830,nueyir=13
TX831,TX,831,nyueyir=13
TX832,TX,832,-
TX833,TX,833,nyewyi{r}z=13
TX834,TX,834,nueyir=13
TX835,TX,835,nueyi[r]=13
TX836,TX,836,nyueyi{r}z=13
TX837,TX,837,nueyirz=13
TX838,TX,838,nueyu{r}=13
TX839,TX,839,newyir=13
TX840,TX,840,newyer{z}=13
TX841,TX,841,nueyerz=13
TX842,TX,842,nyueyir{z}=13
TX843,TX,843,nueyir=13
TX844,TX,844,nooyi[r]=13
TX845,TX,845,-
TX846,TX,846,nueyi{r}=13
TX847,TX,847,-
TX848,TX,848,newyi{r}=13
TX849,TX,849,newyir=13
TX850,TX,850,newyir=13
TX851,TX,851,nyueyi{r}=13
TX852,TX,852,nueyir=13
TX853,TX,853,nueyir=13
TX854,TX,854,nueyi[r]=13
TX855,TX,855,nyueyir=13
TX856,TX,856,-
TX857,TX,857,nueyi[r]{z}=13
TX858,TX,858,-
TX859,TX,859,nueyir=13
TX860,TX,860,nyueyi[r]=13
TX861,TX,861,newyir=13
TX862,TX,862,nueyir=13
TX863,TX,863,-
TX864,TX,864,nueyi[r]z=13
TX865,TX,865,newyi{r}=13
TX866,TX,866,nueyi[r]=13
TX867,TX,867,nyueyi[r]=13
TX868,TX,868,newyi[r]=13
TX869,TX,869,newyir=13
TX870,TX,870,nueyir=13
TX871,TX,871,nueyer=13
TX872,TX,872,-
TX873,TX,873,nueyi[r]=13
TX874,TX,874,newyi{r}=13
TX875,TX,875,nyueyi[r]=13
TX876,TX,876,nueyir=13
TX877,TX,877,newyir=11
TX878,TX,878,nyewyir=13
TX879,TX,879,-
TX880,TX,880,newyi[r]=13
TX881,TX,881,-
TX882,TX,882,nueyir=13
TX883,TX,883,newyir=13
TX884,TX,884,-
TX885,TX,885,newyir=13
TX886,TX,886,newyir=13
TX887,TX,887,nueyir=13
TX888,TX,888,nueyi[r]{z}=13
TX889,TX,889,nyueyi{r}=13
TX890,TX,890,newyi[r]=13
TX891,TX,891,nueyir=13
TX892,TX,892,nueyirz=13
TX893,TX,893,newyir=13
TX894,TX,894,newyirz=13
TX895,TX,895,nueyi[r]=13
TX896,TX,896,-
TX897,TX,897,-
TX898,TX,898,newyir=11
TX899,TX,899,nueyi{r}=13
TX900,TX,900,nueyi{r}=13
TX901,TX,901,nyueyir=13
TX902,TX,902,nyueyir=13
TX903,TX,903,-
TX904,TX,904,nyueyi[r]z=13
TX905,TX,905,nueyir=13
TX906,TX,906,newyir=13
TX907,TX,907,-
TX908,TX,908,nyewyi{r}=13
TX909,TX,909,-
TX910,TX,910,nueyi{r}=13
TX910,TX,910,nyueyir=13
TX911,TX,911,newyir=13
