Informant,State,Informant number,Response
TN001,TN,001,-
TN002,TN,002,Agen=41
TN003,TN,003,Agen=41
TN004,TN,004,Agen=41
TN005,TN,005,Ag{e}n=41
TN006,TN,006,Agen=41
TN007,TN,007,Agen=41
TN008,TN,008,-
TN009,TN,009,Ag{e}n=41
TN010,TN,010,Ag{e}n=41
TN011,TN,011,Ag{ai}n=41
TN012,TN,012,Ag{e}n=41
TN013,TN,013,Ag{e}n=41
TN014,TN,014,Agen=41
TN015,TN,015,Agen=41
TN016,TN,016,-
TN017,TN,017,Ag{e}n=41
TN018,TN,018,Agen=41
TN019,TN,019,Agen=41
TN020,TN,020,Agen=41
TN021,TN,021,-
TN022,TN,022,Agin=41
TN023,TN,023,Agen=41
TN024,TN,024,Agen=41
TN025,TN,025,-
TN026,TN,026,Agin=41
TN027,TN,027,Agen=41
TN028,TN,028,-
TN029,TN,029,Ag{e}n=41
TN030,TN,030,Ag{e}n=41
TN031,TN,031,-
TN032,TN,032,Ag{e}n=41
TN033,TN,033,Agen=41
TN034,TN,034,Ag{e}n=41
TN035,TN,035,Ag{e}n=41
TN036,TN,036,Ag{e}n=41
TN037,TN,037,Ag{e}n=41
TN038,TN,038,-
TN039,TN,039,-
TN040,TN,040,Agin=41
TN041,TN,041,Ag{e}n=41
TN042,TN,042,-
TN043,TN,043,Agen=41
TN044,TN,044,-
TN045,TN,045,-
TN046,TN,046,Agen=41
TN047,TN,047,-
TN048,TN,048,-
TN049,TN,049,Ag{e}n=41
TN050,TN,050,Agin=41
TN051,TN,051,Ag{i}n=41
TN052,TN,052,-
TN053,TN,053,Ag{e}n=41
TN053,TN,053,Agin=41
TN054,TN,054,Ag{e}n=41
TN054,TN,054,Ag{i}n=41
TN055,TN,055,Ag{e}n=41
TN055,TN,055,Ag{i}n=41
TN056,TN,056,-
TN057,TN,057,Again=41
TN058,TN,058,Ag{e}n=41
TN059,TN,059,Ag{e}n=41
TN060,TN,060,Igin=41
GA061,GA,061,Ag{i}n=41
GA062,GA,062,-
GA063,GA,063,Ag{e}n=41
GA064,GA,064,Agen=41
GA065,GA,065,Agen=41
GA066,GA,066,Agin=41
GA067,GA,067,Agen=41
GA068,GA,068,-
GA069,GA,069,-
GA070,GA,070,Ag{e}n=41
GA071,GA,071,Ag{i}n=41
GA072,GA,072,Ag{e}n=41
GA073,GA,073,Ag{i}n=41
GA074,GA,074,Ag{i}n=41
GA075,GA,075,Ag{i}n=41
GA076,GA,076,Ag{e}n=41
GA077,GA,077,Ag{i}n=41
GA078,GA,078,-
GA079,GA,079,Agen=41
GA080,GA,080,-
GA081,GA,081,-
GA082,GA,082,Ag{i}n=41
GA083,GA,083,Agin=41
GA084,GA,084,Ag{e}n=41
GA085,GA,085,Ag{i}n=41
GA086,GA,086,Again=41
GA087,GA,087,Ag{i}n=41
GA088,GA,088,Ag{e}n=41
GA089,GA,089,Ag{i}n=41
GA090,GA,090,-
GA091,GA,091,Agin=41
GA092,GA,092,Ag{e}n=41
GA093,GA,093,Ag{i}n=41
GA094,GA,094,-
GA095,GA,095,Again=41
GA095,GA,095,Ag{i}n=41
GA096,GA,096,Agin=41
GA097,GA,097,Agen=41
GA097,GA,097,Agin=41
GA098,GA,098,Ig{i}n=41
GA099,GA,099,-
GA100,GA,100,Agen=41
GA101,GA,101,Agen=41
GA102,GA,102,Ag{ai}n=41
GA103,GA,103,Ag{e}n=41
GA104,GA,104,Ag{e}n=41
GA105,GA,105,-
GA106,GA,106,Agin=41
GA107,GA,107,Ag{i}n=41
GA108,GA,108,-
GA109,GA,109,Ageen=41
GA110,GA,110,Agen=41
GA111,GA,111,Agin=41
GA111,GA,111,Agi[n]=41
GA112,GA,112,Ag{e}n=41
GA113,GA,113,-
GA114,GA,114,-
GA115,GA,115,Ag{e}n=41
GA116,GA,116,-
GA117,GA,117,-
GA118,GA,118,Ag{i}n=41
GA119,GA,119,Ageen=41
GA120,GA,120,Ag{e}n=41
GA121,GA,121,Ag{e}n=41
GA122,GA,122,Agen=41
GA123,GA,123,-
GA124,GA,124,Ag{i}n=41
GA125,GA,125,Agen=41
GA126,GA,126,Agen=41
GA127,GA,127,Ag{e}n=41
GA128,GA,128,Ag{e}n=41
GA129,GA,129,-
GA130,GA,130,Ag{i}n=41
GA131,GA,131,Ag{e}n=41
GA132,GA,132,-
GA133,GA,133,-
GA134,GA,134,Agen=41
GA135,GA,135,Ag{i}n=41
GA136,GA,136,Again=41
GA136,GA,136,Agin=41
GA137,GA,137,Ag{e}n=41
GA137,GA,137,Ag{i}n=41
GA138,GA,138,Ag{i}n=41
GA139,GA,139,Again=41
GA140,GA,140,Ag{e}n=41
GA141,GA,141,Agin=41
GA142,GA,142,Agen=41
GA143,GA,143,Ag{e}n=41
GA144,GA,144,Ag{e}n=41
GA145,GA,145,Agin=41
GA146,GA,146,Agin=41
GA147,GA,147,Ag{e}n=41
GA148,GA,148,Agen=41
GA149,GA,149,Ag{e}n=41
GA150,GA,150,Agin=41
GA151,GA,151,Ag{i}n=41
GA152,GA,152,-
GA153,GA,153,-
GA154,GA,154,-
GA155,GA,155,-
GA156,GA,156,Ag{e}n=41
GA157,GA,157,-
GA158,GA,158,-
GA159,GA,159,-
GA160,GA,160,-
GA161,GA,161,Again=41
GA161,GA,161,Agen=41
GA162,GA,162,Ag{i}n=41
GA163,GA,163,Ag{e}n=41
GA163,GA,163,Ag{i}n=41
GA164,GA,164,Agen=41
GA164,GA,164,Agin=41
GA165,GA,165,Agin=41
GA166,GA,166,Ag{e}n=41
GA167,GA,167,Ag{e}n=41
GA168,GA,168,Agin=41
GA169,GA,169,Ag{e}n=41
GA170,GA,170,Agen=41
GA171,GA,171,Ag{i}n=41
GA172,GA,172,Agin=41
GA173,GA,173,Ag{i}n=41
GA174,GA,174,Ag{e}n=41
GA175,GA,175,Agen=41
GA176,GA,176,Agen=41
GA177,GA,177,Agin=41
GA178,GA,178,-
GA179,GA,179,Agen=41
GA179,GA,179,(A)g{e}n
GA180,GA,180,Agen=41
GA181,GA,181,-
GA182,GA,182,-
GA183,GA,183,Ag{i}n=41
GA184,GA,184,Ag{i}n=41
GA185,GA,185,Ag{e}n=41
GA186,GA,186,Ag{e}n=41
GA187,GA,187,Agi[n]=41
GA188,GA,188,Ag{e}n=41
GA189,GA,189,Again=41
GA190,GA,190,Agen=41
GA191,GA,191,Agin=41
GA191,GA,191,Ag{i}n=41
GA192,GA,192,Ag{e}n=41
GA192,GA,192,Ag{i}n=41
GA193,GA,193,Ag{i}n=41
GA194,GA,194,Ag{i}n=41
GA195,GA,195,Ag{i}n=41
GA196,GA,196,-
GA197,GA,197,-
GA198,GA,198,-
GA199,GA,199,A{y}en=41
GA200,GA,200,Ag{e}n=41
GA201,GA,201,Ag{e}n=41
GA202,GA,202,Agen=41
GA203,GA,203,Agen=41
GA204,GA,204,-
GA205,GA,205,-
GA206,GA,206,Ag{e}n=41
GA207,GA,207,-
GA208,GA,208,Ag{i}n=41
GA209,GA,209,Ageen=41
GA209,GA,209,Ag{i}n=41
GA210,GA,210,Ag{i}n=41
GA211,GA,211,Ag{i}n=41
GA212,GA,212,Ag{i}n=41
GA213,GA,213,Ag{e}n=41
GA214,GA,214,Ag{e}n=41
GA215,GA,215,Agen=41
GA216,GA,216,Ag{e}n=41
GA217,GA,217,Ag{e}n=41
GA218,GA,218,-
GA219,GA,219,-
GA220,GA,220,Ag{i}n=41
GA221,GA,221,Agen=41
GA222,GA,222,Ag{i}n=41
GA223,GA,223,-
GA224,GA,224,Ag{i}n=41
GA225,GA,225,-
FL226,FL,226,Agan=41
FL226,FL,226,Ag{e}n=41
FL227,FL,227,Ag{ai}n=41
FL227,FL,227,Ag{i}n=41
FL228,FL,228,Ag{e}n=41
FL229,FL,229,Agy{i}n=41
FL230,FL,230,Agen=41
FL231,FL,231,Ag{i}n=41
FL232,FL,232,Ag{i}n=41
FL233,FL,233,Agen=41
FL233,FL,233,Ag{i}n=41
FL234,FL,234,-
FL235,FL,235,Agen=41
FL236,FL,236,-
FL237,FL,237,Ag{e}n=41
FL238,FL,238,Agen=41
FL239,FL,239,Again=41
FL240,FL,240,Agen=41
FL241,FL,241,Agen=41
FL242,FL,242,Ag{e}n=41
FL243,FL,243,Ag{ai}n=41
FL244,FL,244,Ag{e}n=41
FL245,FL,245,Agin=41
FL246,FL,246,-
FL247,FL,247,Again=41
FL248,FL,248,Ag{e}n=41
FL249,FL,249,Ag{i}n=41
FL249,FL,249,Igen=41
FL250,FL,250,Ag{e}n=41
FL251,FL,251,-
FL252,FL,252,Again=41
FL253,FL,253,Ag{ai}n=41
FL254,FL,254,Ag{e}n=41
FL255,FL,255,Ag{i}n=41
FL256,FL,256,Agen=41
FL257,FL,257,-
FL258,FL,258,-
FL259,FL,259,Ag{ai}n=41
FL260,FL,260,Ag{i}n=41
FL261,FL,261,Agen=41
FL262,FL,262,-
FL263,FL,263,Ag{e}n=41
FL264,FL,264,Ag{i}n=41
FL265,FL,265,Ag{i}n=41
FL266,FL,266,Agin=41
FL266,FL,266,Ag{i}n=41
FL267,FL,267,-
FL268,FL,268,Ag{i}n=41
FL269,FL,269,Ag{e}n=41
FL270,FL,270,Agen=41
FL270,FL,270,Ag{i}n=41
FL271,FL,271,Ag{e}n=41
FL271,FL,271,Agin=41
FL272,FL,272,Ag{i}n=41
FL273,FL,273,Agin=41
FL274,FL,274,Ag{i}n=41
FL275,FL,275,Ag{i}n=41
FL276,FL,276,Ag{e}n=41
FL277,FL,277,Agen=41
FL277,FL,277,Agin=41
FL278,FL,278,Ag{e}n=41
FL279,FL,279,Agin=41
FL280,FL,280,Again=41
FL281,FL,281,Ag{i}n=41
FL282,FL,282,-
FL283,FL,283,Agen=41
FL283,FL,283,Agyen=41
FL284,FL,284,Ag{i}n=41
FL285,FL,285,-
FL286,FL,286,Agen=41
FL287,FL,287,-
FL288,FL,288,Agen=41
FL288,FL,288,Agin=41
FL289,FL,289,Agen=41
TN290,TN,290,Ag{e}n=41
TN291,TN,291,Agen=41
TN292,TN,292,-
TN293,TN,293,Agen=41
TN294,TN,294,Ageen=41
TN295,TN,295,Ag{ai}n=41
TN295,TN,295,Agin=41
TN296,TN,296,Ag{e}n=41
TN297,TN,297,Ag{i}n=41
TN298,TN,298,-
TN299,TN,299,-
TN300,TN,300,-
TN301,TN,301,Ag{i}n=41
TN302,TN,302,Agen=41
TN303,TN,303,Ag{e}n=41
TN303,TN,303,Ag{i}n=41
TN304,TN,304,Ag{e}n=41
TN305,TN,305,-
TN306,TN,306,Ag{i}n=41
TN307,TN,307,Ag{i}n=41
TN308,TN,308,Ag{i}n=41
TN309,TN,309,Agen=41
TN309,TN,309,Ag{i}n=41
TN310,TN,310,-
TN311,TN,311,Ag{ai}n=41
TN312,TN,312,Ag{i}n=41
TN313,TN,313,Ag{i}n=41
TN314,TN,314,Ageen=41
TN314,TN,314,Ag{i}n=41
TN315,TN,315,Agen=41
TN316,TN,316,Ag{i}n=41
TN317,TN,317,Ag{e}n=41
TN318,TN,318,-
TN319,TN,319,-
TN320,TN,320,Agen=41
TN321,TN,321,Agen=41
TN321,TN,321,Ag{i}n=41
TN322,TN,322,Ag{i}n=41
TN323,TN,323,Again=41
TN324,TN,324,Ag{e}n=41
TN325,TN,325,Agen=41
TN326,TN,326,Ag{e}n=41
TN327,TN,327,Agin=41
TN328,TN,328,Ag{ai}n=41
TN329,TN,329,Ageen=41
TN329,TN,329,Ag{i}n=41
TN330,TN,330,Agen=41
TN330,TN,330,Ag{e}n=41
TN331,TN,331,Agen=41
TN332,TN,332,Igen=41
TN333,TN,333,Ag{i}n=41
TN334,TN,334,Ag{i}n=41
TN335,TN,335,Agin=41
TN336,TN,336,Ag{i}n=41
AL337,AL,337,-
AL338,AL,338,Agen=41
AL339,AL,339,Agen=41
AL340,AL,340,Ag{i}n=41
AL341,AL,341,Ag{i}n=41
AL342,AL,342,Ag{i}n=41
AL343,AL,343,Ag{e}n=41
AL343,AL,343,Agin=41
AL344,AL,344,Ag{i}n=41
AL345,AL,345,Ag{ai}n=41
AL346,AL,346,Ag{i}n=41
AL347,AL,347,Ag{e}n=41
AL348,AL,348,Ag{i}n=41
AL349,AL,349,Agen=41
AL349,AL,349,Ag{e}n=41
AL350,AL,350,-
AL351,AL,351,Ag{i}n=41
AL352,AL,352,Agen=41
AL352,AL,352,Agin=41
AL353,AL,353,Agi[n]=41
AL354,AL,354,-
AL355,AL,355,Agin=41
AL356,AL,356,Agen=41
AL357,AL,357,Ag{e}n=41
AL358,AL,358,Agin=41
AL359,AL,359,Agin=41
AL360,AL,360,Ag{i}n=41
AL361,AL,361,Agin=41
AL362,AL,362,-
AL363,AL,363,Ag{e}n=41
AL364,AL,364,Ag{e}n=41
AL365,AL,365,-
AL366,AL,366,Ag{i}n=41
AL367,AL,367,Agen=41
AL368,AL,368,Agin=41
AL369,AL,369,Ag{i}n=41
AL370,AL,370,Agin=41
AL371,AL,371,Ag{e}n=41
AL372,AL,372,Again=41
AL372,AL,372,Ag{i}n=41
AL373,AL,373,Agen=41
AL374,AL,374,Ag{i}n=41
AL375,AL,375,-
AL376,AL,376,-
AL377,AL,377,-
AL378,AL,378,Ag{i}n=41
AL379,AL,379,Ag{i}n=41
AL380,AL,380,Ag{e}n=41
AL380,AL,380,Agin=41
AL381,AL,381,Agin=41
AL381,AL,381,Ag{i}n=41
AL382,AL,382,Agen=41
AL383,AL,383,Ag{e}n=41
AL384,AL,384,-
AL385,AL,385,Agen=41
AL386,AL,386,Ag{e}n=41
AL387,AL,387,Ag{e}n=41
AL388,AL,388,-
AL389,AL,389,Ag{i}n=41
AL390,AL,390,Ag{i}n=41
AL391,AL,391,Agin=41
AL391,AL,391,Ag{i}n=41
AL392,AL,392,Ag{e}n=41
AL393,AL,393,Ag{ai}n=41
AL394,AL,394,Agen=41
AL395,AL,395,Agen=41
AL396,AL,396,-
AL397,AL,397,Agen=41
AL398,AL,398,-
AL399,AL,399,Ag{i}n=41
AL400,AL,400,Ag{e}n=41
AL401,AL,401,-
AL402,AL,402,-
AL403,AL,403,Ag{i}n=41
AL404,AL,404,Agin=41
AL405,AL,405,Ag{i}n=41
AL406,AL,406,Agin=41
AL407,AL,407,Agan=41
AL407,AL,407,Ag{e}n=41
AL408,AL,408,Ageen=41
AL409,AL,409,Ag{i}n=41
AL410,AL,410,Agin=41
AL410,AL,410,Ag{i}n=41
AL411,AL,411,Ag{i}n=41
AL412,AL,412,Ag{e}n=41
AL413,AL,413,-
AL414,AL,414,Agen=41
AL414,AL,414,Agin=41
AL415,AL,415,Ag{i}n=41
AL416,AL,416,-
AL417,AL,417,Ag{e}n=41
AL417,AL,417,Agin=41
AL418,AL,418,Ag{e}n=41
AL418,AL,418,Agin=41
AL419,AL,419,Agin=41
AL420,AL,420,Ag{i}n=41
AL421,AL,421,Ag{i}n=41
AL422,AL,422,Agin=41
AL423,AL,423,Ag{i}n=41
AL424,AL,424,Ageen=41
AL425,AL,425,-
AL426,AL,426,Ag{i}n=41
AL427,AL,427,Agin=41
AL428,AL,428,Ag{i}n=41
AL429,AL,429,-
AL430,AL,430,Ag{i}n=41
AL431,AL,431,Agin=41
AL432,AL,432,Ag{i}n=41
AL433,AL,433,-
AL434,AL,434,-
AL435,AL,435,Ag{e}n=41
AL436,AL,436,-
AL437,AL,437,Ag{e}n=41
AL438,AL,438,Ag{e}n=41
AL439,AL,439,Ag{i}n=41
AL440,AL,440,Ag{e}n=41
AL441,AL,441,Agin=41
AL442,AL,442,Ag{i}n=41
AL443,AL,443,Ag{i}n=41
AL444,AL,444,-
AL445,AL,445,Ag{i}n=41
AL446,AL,446,Agen=41
AL447,AL,447,Ag{e}n=41
AL448,AL,448,-
AL449,AL,449,Agen=41
AL450,AL,450,Ag{i}n=41
AL451,AL,451,Ag{e}n=41
AL451,AL,451,Agin=41
FL452,FL,452,Agin=41
FL453,FL,453,Ag{i}n=41
FL454,FL,454,-
FL455,FL,455,-
FL456,FL,456,Agen=41
FL457,FL,457,Ag{e}n=41
FL457,FL,457,Agin=41
FL457,FL,457,Ag{i}n=41
FL458,FL,458,-
FL459,FL,459,-
FL460,FL,460,Agen=41
FL460,FL,460,Ag{e}n=41
FL460,FL,460,Agin=41
FL461,FL,461,Agin=41
FL462,FL,462,Agin=41
FL462,FL,462,Ag{i}n=41
FL463,FL,463,-
FL464,FL,464,Agin=41
FL465,FL,465,Agin=41
FL466,FL,466,-
FL467,FL,467,Ag{e}n=41
FL468,FL,468,Ag{i}n=41
FL469,FL,469,-
FL470,FL,470,Agin=41
FL471,FL,471,Agen=41
FL471,FL,471,Agin=41
AL472,AL,472,Ag{i}n=41
AL473,AL,473,Ag{i}n=41
AL474,AL,474,Ag{i}n=41
AL475,AL,475,-
AL476,AL,476,Agen=41
AL476,AL,476,Ag{e}n=41
AL477,AL,477,Agin=41
AL478,AL,478,-
AL479,AL,479,Agin=41
AL479,AL,479,Ag{i}n=41
AL480,AL,480,Agen=41
AL480,AL,480,Ag{e}n=41
AL481,AL,481,Ag{i}n=41
AL482,AL,482,-
AL483,AL,483,-
AL484,AL,484,Ag{i}n=41
AL485,AL,485,Ag{i}n=41
TN486,TN,486,Ag{e}n=41
TN487,TN,487,Ag{e}n=41
TN488,TN,488,Ag{ai}n=41
TN489,TN,489,Agin=41
TN490,TN,490,-
TN491,TN,491,-
TN492,TN,492,Agin=41
TN493,TN,493,-
TN494,TN,494,Ag{ai}n=41
TN495,TN,495,Ag{i}n=41
TN496,TN,496,Ag{e}n=41
TN497,TN,497,Igin=41
TN498,TN,498,Agin=41
TN499,TN,499,-
TN500,TN,500,-
TN501,TN,501,Ag{i}n=41
TN502,TN,502,-
TN503,TN,503,-
TN504,TN,504,Ag{i}n=41
TN505,TN,505,Ag{e}n=41
TN506,TN,506,Agen=41
TN507,TN,507,-
TN508,TN,508,-
TN509,TN,509,-
TN510,TN,510,Ag{i}n=41
TN511,TN,511,Agen=41
TN512,TN,512,Again=41
TN513,TN,513,-
TN514,TN,514,Again=41
TN515,TN,515,Agen=41
TN516,TN,516,-
TN517,TN,517,Agin=41
TN518,TN,518,Ag{ai}n=41
TN519,TN,519,Agen=41
MS520,MS,520,-
MS521,MS,521,Ag{e}n=41
MS522,MS,522,Agin=41
MS523,MS,523,Agin=41
MS524,MS,524,Ag{i}n=41
MS525,MS,525,Ag{ai}n=41
MS526,MS,526,-
MS527,MS,527,Ag{e}n=41
MS528,MS,528,-
MS529,MS,529,-
MS530,MS,530,Agin=41
MS531,MS,531,Ag{i}n=41
MS532,MS,532,Agin=41
MS533,MS,533,Agin=41
MS534,MS,534,Ag{i}n=41
MS535,MS,535,Ag{i}n=41
MS536,MS,536,-
MS537,MS,537,Agan=41
MS537,MS,537,Ag{e}n=41
MS538,MS,538,Ag{e}n=41
MS539,MS,539,-
MS540,MS,540,-
MS541,MS,541,Ag{i}n=41
MS542,MS,542,-
MS543,MS,543,Ag{e}n=41
MS544,MS,544,-
MS545,MS,545,Agin=41
MS546,MS,546,Agin=41
MS547,MS,547,Ag{e}n=41
MS548,MS,548,Ag{i}n=41
MS549,MS,549,Ag{e}n=41
MS550,MS,550,Ag{i}n=41
MS551,MS,551,Ag{i}n=41
MS552,MS,552,Ag{e}[n]=41
MS553,MS,553,Ag{i}n=41
MS554,MS,554,Ag{i}n=41
MS555,MS,555,Ag{e}n=41
MS556,MS,556,Agin=41
MS557,MS,557,Ageen=41
MS557,MS,557,Ag{e}n=41
MS558,MS,558,Ag{i}n=41
MS559,MS,559,Agin=41
MS560,MS,560,-
MS561,MS,561,-
MS562,MS,562,Ag{e}n=41
MS563,MS,563,Ag{e}n=41
MS564,MS,564,Agen=41
MS564,MS,564,Ag{e}n=41
MS565,MS,565,Ag{e}n=41
MS566,MS,566,-
MS567,MS,567,-
MS568,MS,568,-
MS569,MS,569,Agin=41
MS570,MS,570,-
MS571,MS,571,(A)g{i}n
MS572,MS,572,Agi[n]=41
MS573,MS,573,Ag{e}n=41
MS574,MS,574,Ag{e}n=41
MS575,MS,575,Ag{e}n=41
MS576,MS,576,Agen=41
MS577,MS,577,Agen=41
MS578,MS,578,Agin=41
MS579,MS,579,Ag{e}n=41
MS580,MS,580,Ageen=41
MS581,MS,581,Ag{e}n=41
MS582,MS,582,Ag{e}n=41
MS583,MS,583,-
MS584,MS,584,-
MS585,MS,585,-
MS586,MS,586,-
MS587,MS,587,Ag{i}n=41
MS588,MS,588,Again=41
MS589,MS,589,Ag{e}[n]=41
MS589,MS,589,Agi[n]=41
MS590,MS,590,Ag{e}n=41
MS591,MS,591,Ag{i}n=41
MS592,MS,592,Ag{e}n=41
MS592,MS,592,Ag{i}n=41
MS593,MS,593,Agen=41
MS594,MS,594,-
MS595,MS,595,Again=41
MS596,MS,596,Ag{i}n=41
MS597,MS,597,-
MS598,MS,598,-
MS599,MS,599,Ag{e}n=41
MS600,MS,600,Agin=41
MS600,MS,600,Ag{i}n=41
MS601,MS,601,Agin=41
MS602,MS,602,Ag{i}n=41
MS603,MS,603,-
MS604,MS,604,Ag{e}n=41
MS605,MS,605,Ag{i}n=41
MS606,MS,606,Ag{e}n=41
MS607,MS,607,Again=41
MS607,MS,607,Ag{e}n=41
MS608,MS,608,Agin=41
MS609,MS,609,Agin=41
MS610,MS,610,Agin=41
MS610,MS,610,Ag{i}n=41
MS611,MS,611,Ag{ai}n=41
MS612,MS,612,Ag{i}n=41
MS613,MS,613,Again=41
MS613,MS,613,Ag{e}n=41
MS614,MS,614,Ag{i}n=41
MS615,MS,615,Agin=41
MS616,MS,616,Agin=41
MS617,MS,617,Ag{i}n=41
MS618,MS,618,-
MS619,MS,619,-
MS620,MS,620,Ag{i}n=41
MS621,MS,621,Ag{e}n=41
MS622,MS,622,-
MS623,MS,623,Ageen=41
MS624,MS,624,Ag{i}n=41
MS625,MS,625,Ag{i}n=41
MS626,MS,626,-
MS627,MS,627,Agin=41
MS628,MS,628,-
MS629,MS,629,Agin=41
LA630,LA,630,Ag{i}n=41
LA631,LA,631,Again=41
LA631,LA,631,Agen=41
LA632,LA,632,-
LA633,LA,633,-
LA634,LA,634,Ageen=41
LA635,LA,635,Ag{ai}n=41
LA636,LA,636,Agin=41
LA637,LA,637,-
LA638,LA,638,Again=41
LA639,LA,639,-
LA640,LA,640,Ag{i}n=41
LA641,LA,641,Ag{ai}n=41
LA642,LA,642,Ag{e}n=41
LA643,LA,643,Ag{i}n=41
LA644,LA,644,Again=41
LA645,LA,645,-
LA646,LA,646,Ag{e}n=41
LA647,LA,647,Agen=41
LA648,LA,648,Agin=41
LA649,LA,649,-
LA650,LA,650,Agin=41
LA651,LA,651,-
LA652,LA,652,Ag{e}n=41
LA653,LA,653,Agin=41
LA654,LA,654,Agin=41
LA655,LA,655,Agin=41
LA656,LA,656,Agin=41
LA657,LA,657,Ag{i}n=41
LA657X,LA,657X,Again=41
LA657Y,LA,657Y,Again=41
LA657Z,LA,657Z,Ag{e}n=41
LA658,LA,658,Agen=41
LA659,LA,659,-
LA660,LA,660,Ag{ai}n=41
LA661,LA,661,Ig{i}n=41
LA662,LA,662,-
LA663,LA,663,-
LA664,LA,664,-
LA665,LA,665,Ag{i}n=41
LA666,LA,666,-
LA667,LA,667,Agan=41
LA668,LA,668,Ag{e}n=41
LA669,LA,669,-
LA670,LA,670,Ag{e}n=41
LA671,LA,671,-
LA672,LA,672,Agen=41
LA672,LA,672,Ag{e}n=41
LA673,LA,673,Agen=41
AR674,AR,674,Agin=41
AR675,AR,675,Agen=41
AR676,AR,676,Agen=41
AR677,AR,677,Ag{i}n=41
AR678,AR,678,-
AR679,AR,679,Agen=41
AR680,AR,680,Ag{e}n=41
AR681,AR,681,Ag{i}n=41
AR682,AR,682,Ageen=41
AR682,AR,682,Ag{i}n=41
AR683,AR,683,Ag{e}n=41
AR684,AR,684,Ag{e}n=41
AR685,AR,685,Ag{i}n=41
AR686,AR,686,Ag{e}n=41
AR687,AR,687,Ag{i}n=41
AR688,AR,688,Agen=41
AR689,AR,689,-
AR690,AR,690,Agen=41
AR691,AR,691,Ageen=41
AR692,AR,692,Agen=41
AR692,AR,692,Agin=41
AR693,AR,693,Ag{ai}n=41
AR694,AR,694,Agen=41
AR694,AR,694,Agin=41
AR694,AR,694,Ag{i}n=41
AR695,AR,695,Ag{ai}n=41
AR696,AR,696,Ag{e}n=41
AR697,AR,697,Agan=41
AR698,AR,698,-
AR699,AR,699,-
AR700,AR,700,-
AR701,AR,701,Ag{i}n=41
AR702,AR,702,Agen=41
AR703,AR,703,Ag{e}n=41
AR704,AR,704,Ag{ai}n=41
AR705,AR,705,Agen=41
AR705,AR,705,Ag{i}n=41
AR706,AR,706,-
AR707,AR,707,Agen=41
AR708,AR,708,Ag{e}n=41
AR709,AR,709,Ag{i}n=41
AR710,AR,710,-
AR711,AR,711,-
AR712,AR,712,Ag{i}n=41
AR713,AR,713,-
AR714,AR,714,Agin=41
AR715,AR,715,-
AR716,AR,716,Agin=41
AR716,AR,716,Ag{i}n=41
AR717,AR,717,Ag{ai}n=41
AR718,AR,718,Ag{e}n=41
AR718,AR,718,Ag{i}n=41
AR719,AR,719,Ag{ai}n=41
AR720,AR,720,Agen=41
AR721,AR,721,Agin=41
AR722,AR,722,-
AR723,AR,723,Ag{i}n=41
AR724,AR,724,Agen=41
AR725,AR,725,Ag{i}n=41
AR726,AR,726,Agin=41
AR727,AR,727,Ageen=41
AR728,AR,728,ugan=31
AR729,AR,729,Agan=41
AR730,AR,730,Ag{e}n=41
AR731,AR,731,Ag{i}n=41
AR732,AR,732,Agin=41
AR733,AR,733,Agin=41
AR734,AR,734,Agin=41
AR735,AR,735,Ag{ai}n=41
AR736,AR,736,Agen=41
AR737,AR,737,Ag{i}n=41
AR738,AR,738,Ag{i}n=41
AR739,AR,739,-
AR740,AR,740,Ag{e}n=41
AR741,AR,741,Ag{e}n=41
AR742,AR,742,-
AR743,AR,743,Ag{i}n=41
AR744,AR,744,-
AR745,AR,745,-
AR746,AR,746,-
AR747,AR,747,Ag{e}n=41
AR748,AR,748,Ageen=41
AR749,AR,749,Agin=41
AR750,AR,750,-
AR751,AR,751,Ag{e}n=41
AR752,AR,752,-
AR753,AR,753,Ageen=41
AR753,AR,753,Agin=41
AR753,AR,753,Ag{i}n=41
AR754,AR,754,Agin=41
AR755,AR,755,Ageen=41
LA756,LA,756,Ag{ai}n=41
LA757,LA,757,Ag{e}n=41
LA758,LA,758,-
LA759,LA,759,-
LA760,LA,760,-
LA761,LA,761,Ag{e}n=41
LA762,LA,762,Ag{e}n=41
LA763,LA,763,-
LA764,LA,764,Agin=41
LA765,LA,765,Agin=41
LA766,LA,766,Agen=41
LA766,LA,766,Ag{i}n=41
LA767,LA,767,Again=41
LA767,LA,767,Agin=41
LA768,LA,768,-
LA769,LA,769,Agin=41
LA770,LA,770,Ag{ai}n=41
LA771,LA,771,Ageen=41
LA771,LA,771,Agee[n]=41
LA772,LA,772,Ag{i}n=41
LA773,LA,773,Agen=41
LA773,LA,773,Ag{e}n=41
LA774,LA,774,Ag{e}n=41
LA775,LA,775,Agin=41
LA776,LA,776,Agin=41
LA777,LA,777,Agi[n]=41
LA778,LA,778,Ag{i}n=41
LA779,LA,779,Agen=41
LA780,LA,780,Ag{i}n=41
LA781,LA,781,Ag{e}n=41
LA782,LA,782,Ag{i}n=41
LA783,LA,783,Ag{i}[n]=41
LA784,LA,784,-
LA785,LA,785,Agen=41
LA786,LA,786,Ag{i}n=41
LA787,LA,787,Ag{i}n=41
LA788,LA,788,Ag{i}n=41
LA789,LA,789,Ag{e}n=41
LA790,LA,790,Ag{e}n=41
LA790,LA,790,Ag{i}n=41
LA791,LA,791,Ag{i}n=41
LA792,LA,792,Ag{e}n=41
LA793,LA,793,Agin=41
LA794,LA,794,Again=41
LA795,LA,795,Agin=41
LA796,LA,796,Agen=41
LA797,LA,797,Agin=41
LA798,LA,798,Agen=41
LA799,LA,799,-
LA800,LA,800,-
LA801,LA,801,Ag{e}n=41
LA802,LA,802,-
LA803,LA,803,-
LA804,LA,804,-
LA805,LA,805,Ag{ai}n=41
LA806,LA,806,Agen=41
LA806,LA,806,Agin=41
LA807,LA,807,-
LA808,LA,808,Agin=41
LA809,LA,809,Again=41
LA810,LA,810,Ag{e}n=41
LA811,LA,811,Agin=41
LA812,LA,812,-
LA813,LA,813,Ag{i}n=41
LA814,LA,814,Agen=41
LA815,LA,815,-
LA816,LA,816,Ag{i}n=41
LA817,LA,817,Ag{i}n=41
LA817,LA,817,Ag{i}[n]=41
TX818,TX,818,Ag{i}n=41
TX819,TX,819,Again=41
TX820,TX,820,Agen=41
TX821,TX,821,Ag{i}n=41
TX822,TX,822,Ag{e}n=41
TX823,TX,823,Ag{ai}n=41
TX824,TX,824,Agen=41
TX825,TX,825,Agen=41
TX826,TX,826,-
TX827,TX,827,Ag{e}n=41
TX828,TX,828,Ag{i}n=41
TX829,TX,829,Agen=41
TX830,TX,830,Agen=41
TX831,TX,831,Ag{ai}n=41
TX832,TX,832,Ag{e}n=41
TX833,TX,833,Agen=41
TX833,TX,833,Agin=41
TX834,TX,834,Ag{i}n=41
TX835,TX,835,Ag{ai}n=41
TX836,TX,836,Agen=41
TX836,TX,836,Agin=41
TX836,TX,836,Ag{i}n=41
TX837,TX,837,Agin=41
TX838,TX,838,-
TX839,TX,839,-
TX840,TX,840,Agin=41
TX841,TX,841,-
TX842,TX,842,Ag{e}n=41
TX843,TX,843,Agin=41
TX843,TX,843,Ag{i}n=41
TX844,TX,844,Agen=41
TX845,TX,845,Ag{i}n=41
TX846,TX,846,Agen=41
TX847,TX,847,-
TX848,TX,848,Ag{e}n=41
TX849,TX,849,Agin=41
TX850,TX,850,Agen=41
TX851,TX,851,-
TX852,TX,852,Ag{i}n=41
TX853,TX,853,Ag{e}n=41
TX854,TX,854,Ag{i}n=41
TX855,TX,855,Ag{e}n=41
TX855,TX,855,Agin=41
TX856,TX,856,Ag{i}n=41
TX857,TX,857,Ag{ai}n=41
TX858,TX,858,Ag{e}n=41
TX859,TX,859,Ag{i}n=41
TX860,TX,860,Agen=41
TX861,TX,861,Ag{e}n=41
TX862,TX,862,Agin=41
TX863,TX,863,Ag{ai}n=41
TX864,TX,864,Agen=41
TX865,TX,865,-
TX866,TX,866,Ag{ai}n=41
TX867,TX,867,Agin=41
TX868,TX,868,Ag{e}n=41
TX868,TX,868,Ag{i}n=41
TX869,TX,869,Agen=41
TX870,TX,870,Ag{i}n=41
TX871,TX,871,-
TX872,TX,872,-
TX873,TX,873,Again=41
TX873,TX,873,Ag{e}n=41
TX874,TX,874,Agen=41
TX875,TX,875,Ag{e}n=41
TX876,TX,876,Agin=41
TX876,TX,876,Ag{i}n=41
TX877,TX,877,Agen=41
TX877,TX,877,Ag{e}n=41
TX878,TX,878,-
TX879,TX,879,-
TX880,TX,880,Agen=41
TX881,TX,881,Ag{e}n=41
TX882,TX,882,Agin=41
TX883,TX,883,-
TX884,TX,884,Agen=41
TX885,TX,885,Ag{e}n=41
TX886,TX,886,Agen=41
TX886,TX,886,Ag{e}n=41
TX886,TX,886,Ag{i}n=41
TX887,TX,887,Ag{i}n=41
TX888,TX,888,Agen=41
TX888,TX,888,Agin=41
TX889,TX,889,Agen=41
TX889,TX,889,Ag{e}n=41
TX889,TX,889,Agin=41
TX890,TX,890,Ag{i}n=41
TX891,TX,891,Ag{ai}n=41
TX892,TX,892,Agen=41
TX893,TX,893,Ag{e}n=41
TX894,TX,894,Ag{e}n=41
TX895,TX,895,Agen=41
TX895,TX,895,Ag{i}n=41
TX896,TX,896,-
TX897,TX,897,-
TX898,TX,898,Agen=41
TX899,TX,899,Agen=41
TX900,TX,900,-
TX901,TX,901,-
TX902,TX,902,Ag{i}n=41
TX903,TX,903,-
TX904,TX,904,-
TX905,TX,905,Again=41
TX906,TX,906,Agen=41
TX907,TX,907,Ag{ai}n=41
TX908,TX,908,Ag{i}n=41
TX908,TX,908,Igen=41
TX909,TX,909,-
TX910,TX,910,-
TX911,TX,911,-
