Informant,State,Informant number,Response
TN001,TN,001,ropt
TN002,TN,002,rapt
TN003,TN,003,rapt
TN004,TN,004,rapt
TN005,TN,005,rapt
TN006,TN,006,raps
TN007,TN,007,rapt
TN008,TN,008,rap
TN009,TN,009,rapt
TN010,TN,010,rapt
TN011,TN,011,rapt
TN012,TN,012,rapt
TN013,TN,013,rapt
TN014,TN,014,rapt
TN015,TN,015,rapt
TN016,TN,016,rapt
TN017,TN,017,rapt
TN018,TN,018,rapt
TN019,TN,019,rapt
TN020,TN,020,rapt
TN021,TN,021,rapt
TN021,TN,021,rop
TN022,TN,022,rapt
TN023,TN,023,rop
TN024,TN,024,rapt
TN024,TN,024,ropt
TN025,TN,025,rapt
TN026,TN,026,rapt
TN027,TN,027,rapt
TN028,TN,028,rapt
TN029,TN,029,rapt
TN030,TN,030,rapt
TN031,TN,031,rap
TN032,TN,032,rapt
TN033,TN,033,rapt
TN034,TN,034,rapt
TN035,TN,035,rapt
TN036,TN,036,rap
TN037,TN,037,rapt
TN038,TN,038,ropt
TN039,TN,039,rapt
TN040,TN,040,rapt
TN041,TN,041,rapt
TN042,TN,042,rop
TN043,TN,043,raps
TN044,TN,044,rept
TN045,TN,045,rapt
TN046,TN,046,rapt
TN047,TN,047,rap
TN048,TN,048,rapt
TN049,TN,049,rapt
TN050,TN,050,rapt
TN051,TN,051,rapt
TN052,TN,052,raps
TN053,TN,053,rapt
TN054,TN,054,rapt
TN055,TN,055,rapt
TN056,TN,056,rap
TN057,TN,057,rapt
TN058,TN,058,rapt
TN059,TN,059,rapt
TN060,TN,060,rapt
GA061,GA,061,rapt
GA062,GA,062,rapt
GA063,GA,063,-
GA064,GA,064,rapt
GA065,GA,065,rap
GA066,GA,066,ropt
GA067,GA,067,rap
GA068,GA,068,-
GA069,GA,069,rap
GA070,GA,070,rap
GA071,GA,071,rap
GA072,GA,072,rapt
GA073,GA,073,-
GA074,GA,074,rapt
GA075,GA,075,rap
GA076,GA,076,rapt
GA077,GA,077,rapt
GA078,GA,078,rapt
GA079,GA,079,rapt
GA080,GA,080,-
GA081,GA,081,rapt
GA082,GA,082,rapt
GA083,GA,083,-
GA084,GA,084,rapt
GA085,GA,085,rap
GA086,GA,086,rapt
GA087,GA,087,raps
GA088,GA,088,rapt
GA089,GA,089,-
GA090,GA,090,rap
GA091,GA,091,rapt
GA092,GA,092,-
GA093,GA,093,rap
GA094,GA,094,rapt
GA095,GA,095,rap
GA096,GA,096,rapt
GA097,GA,097,rapt
GA098,GA,098,rept
GA099,GA,099,rapt
GA100,GA,100,rap
GA101,GA,101,rapt
GA102,GA,102,rapt
GA103,GA,103,rapt
GA104,GA,104,rapt
GA105,GA,105,rap
GA106,GA,106,raps
GA107,GA,107,rapt
GA108,GA,108,rapt
GA109,GA,109,rapt
GA110,GA,110,rapt
GA111,GA,111,rapt
GA112,GA,112,rapt
GA113,GA,113,rapt
GA114,GA,114,-
GA115,GA,115,-
GA116,GA,116,-
GA117,GA,117,rep
GA118,GA,118,rapt
GA119,GA,119,rapt
GA120,GA,120,rapt
GA121,GA,121,rapt
GA122,GA,122,rapt
GA123,GA,123,rapt
GA124,GA,124,rap
GA125,GA,125,rap
GA126,GA,126,rap
GA127,GA,127,rap
GA128,GA,128,-
GA129,GA,129,rap
GA130,GA,130,-
GA131,GA,131,rap
GA132,GA,132,-
GA133,GA,133,rapt
GA134,GA,134,rap
GA135,GA,135,rapt
GA136,GA,136,rap
GA137,GA,137,rapt
GA138,GA,138,rapt
GA139,GA,139,rap
GA140,GA,140,rap
GA141,GA,141,rapt
GA142,GA,142,rap
GA143,GA,143,rap
GA144,GA,144,rapt
GA145,GA,145,-
GA146,GA,146,rap
GA147,GA,147,-
GA148,GA,148,rapt
GA149,GA,149,rapt
GA150,GA,150,rapt
GA151,GA,151,rap
GA152,GA,152,rapt
GA153,GA,153,-
GA154,GA,154,rapt
GA155,GA,155,rapt
GA156,GA,156,-
GA157,GA,157,-
GA158,GA,158,-
GA159,GA,159,rapt
GA160,GA,160,-
GA161,GA,161,rapt
GA162,GA,162,rapt
GA163,GA,163,rapt
GA164,GA,164,rapt
GA165,GA,165,rapt
GA166,GA,166,rapt
GA167,GA,167,rapt
GA168,GA,168,-
GA169,GA,169,-
GA170,GA,170,rapt
GA171,GA,171,rap
GA172,GA,172,rap
GA173,GA,173,-
GA174,GA,174,-
GA175,GA,175,-
GA176,GA,176,-
GA177,GA,177,rap
GA178,GA,178,-
GA179,GA,179,-
GA180,GA,180,rap
GA181,GA,181,-
GA182,GA,182,rap
GA183,GA,183,rapt
GA184,GA,184,rap
GA185,GA,185,rapt
GA186,GA,186,rapt
GA187,GA,187,-
GA188,GA,188,rapt
GA189,GA,189,raps
GA190,GA,190,rapt
GA191,GA,191,rept
GA192,GA,192,rapt
GA193,GA,193,rap
GA194,GA,194,-
GA195,GA,195,-
GA196,GA,196,-
GA197,GA,197,rap
GA198,GA,198,-
GA199,GA,199,rapt
GA200,GA,200,rap
GA201,GA,201,rapt
GA202,GA,202,rapt
GA203,GA,203,rap
GA204,GA,204,-
GA205,GA,205,-
GA206,GA,206,rapt
GA207,GA,207,rapt
GA208,GA,208,rap
GA209,GA,209,rapt
GA210,GA,210,-
GA211,GA,211,rapt
GA212,GA,212,-
GA213,GA,213,rap
GA214,GA,214,rapt
GA215,GA,215,rap
GA216,GA,216,rapt
GA217,GA,217,rapt
GA218,GA,218,rap
GA219,GA,219,-
GA220,GA,220,rap
GA221,GA,221,rop
GA222,GA,222,rap
GA222,GA,222,r{o}pt
GA223,GA,223,rap
GA224,GA,224,rapt
GA225,GA,225,-
FL226,FL,226,rap
FL227,FL,227,rap
FL228,FL,228,rapt
FL229,FL,229,rap
FL230,FL,230,rap
FL231,FL,231,rap
FL232,FL,232,rap
FL233,FL,233,rap
FL234,FL,234,rapt
FL235,FL,235,rop
FL236,FL,236,rapt
FL237,FL,237,rapt
FL238,FL,238,rapt
FL239,FL,239,rapt
FL240,FL,240,rapt
FL241,FL,241,-
FL242,FL,242,rapt
FL243,FL,243,rapt
FL244,FL,244,-
FL245,FL,245,rap
FL246,FL,246,rapt
FL247,FL,247,rapt
FL248,FL,248,rapt
FL249,FL,249,rapt
FL250,FL,250,rap
FL251,FL,251,-
FL252,FL,252,-
FL253,FL,253,rapt
FL254,FL,254,rapt
FL254,FL,254,rep
FL255,FL,255,rapt
FL256,FL,256,rapt
FL257,FL,257,rapt
FL258,FL,258,rapt
FL259,FL,259,rapt
FL260,FL,260,-
FL261,FL,261,rapt
FL262,FL,262,rapt
FL263,FL,263,rapt
FL264,FL,264,rapt
FL265,FL,265,rap
FL266,FL,266,rapt
FL267,FL,267,-
FL268,FL,268,-
FL269,FL,269,rapt
FL270,FL,270,rapt
FL271,FL,271,rapt
FL272,FL,272,rapt
FL273,FL,273,rapt
FL274,FL,274,rapt
FL275,FL,275,rapt
FL276,FL,276,rapt
FL277,FL,277,rapt
FL278,FL,278,rap
FL279,FL,279,-
FL280,FL,280,rap
FL281,FL,281,rapt
FL282,FL,282,rapt
FL283,FL,283,rap
FL284,FL,284,rapt
FL285,FL,285,-
FL286,FL,286,rapt
FL287,FL,287,rap
FL288,FL,288,ropt
FL289,FL,289,rops
TN290,TN,290,rapt
TN291,TN,291,rapt
TN292,TN,292,rapt
TN293,TN,293,rapt
TN294,TN,294,rap
TN295,TN,295,rapt
TN296,TN,296,rapt
TN297,TN,297,rap
TN298,TN,298,-
TN299,TN,299,rapt
TN300,TN,300,rept
TN301,TN,301,rapt
TN302,TN,302,rapt
TN303,TN,303,rapt
TN304,TN,304,rapt
TN305,TN,305,-
TN306,TN,306,rap
TN307,TN,307,rapt
TN308,TN,308,-
TN309,TN,309,rapt
TN310,TN,310,-
TN311,TN,311,rapt
TN312,TN,312,rapt
TN313,TN,313,rapt
TN314,TN,314,rap
TN315,TN,315,raps
TN316,TN,316,rap
TN317,TN,317,rapt
TN318,TN,318,-
TN319,TN,319,-
TN320,TN,320,rapt
TN321,TN,321,rapt
TN322,TN,322,rapt
TN323,TN,323,rapt
TN324,TN,324,rapt
TN325,TN,325,rapt
TN326,TN,326,rapt
TN327,TN,327,rapt
TN328,TN,328,rapt
TN329,TN,329,rapt
TN330,TN,330,rapt
TN331,TN,331,rapt
TN332,TN,332,rapt
TN333,TN,333,raps
TN334,TN,334,rapt
TN335,TN,335,rapt
TN336,TN,336,rapt
AL337,AL,337,rap
AL338,AL,338,rapt
AL339,AL,339,rapt
AL340,AL,340,rap
AL341,AL,341,rapt
AL342,AL,342,rapt
AL343,AL,343,rapt
AL344,AL,344,rap
AL345,AL,345,rap
AL346,AL,346,rap
AL347,AL,347,rap
AL348,AL,348,rapt
AL349,AL,349,rapt
AL350,AL,350,rapt
AL351,AL,351,rapt
AL352,AL,352,rapt
AL353,AL,353,rapt
AL354,AL,354,rap
AL355,AL,355,rapt
AL356,AL,356,rapt
AL357,AL,357,rapt
AL358,AL,358,rapt
AL359,AL,359,rapt
AL360,AL,360,rapt
AL361,AL,361,rapt
AL362,AL,362,rap
AL363,AL,363,raps
AL364,AL,364,rapt
AL365,AL,365,rapt
AL366,AL,366,rapt
AL367,AL,367,raps
AL368,AL,368,rapt
AL369,AL,369,raps
AL370,AL,370,rapt
AL371,AL,371,rap
AL372,AL,372,rapt
AL373,AL,373,rept
AL374,AL,374,rapt
AL375,AL,375,rap
AL376,AL,376,rapt
AL377,AL,377,rapt
AL378,AL,378,rapt
AL379,AL,379,rapt
AL380,AL,380,rapt
AL381,AL,381,rapt
AL382,AL,382,rap
AL383,AL,383,rapt
AL384,AL,384,rapt
AL385,AL,385,rapd
AL386,AL,386,rapt
AL387,AL,387,rapt
AL388,AL,388,rap
AL389,AL,389,rapt
AL390,AL,390,rept
AL391,AL,391,rap(t)
AL392,AL,392,rap
AL393,AL,393,reps
AL394,AL,394,rapt
AL395,AL,395,rapt
AL396,AL,396,-
AL397,AL,397,rept
AL398,AL,398,rap
AL399,AL,399,-
AL400,AL,400,rapt
AL401,AL,401,rap
AL402,AL,402,rapt
AL403,AL,403,rapt
AL404,AL,404,rapt
AL405,AL,405,rapt
AL406,AL,406,rapt
AL407,AL,407,rap
AL408,AL,408,rapt
AL409,AL,409,rapt
AL410,AL,410,rapt
AL411,AL,411,rapt
AL412,AL,412,-
AL413,AL,413,-
AL414,AL,414,rap
AL415,AL,415,rap
AL416,AL,416,rapt
AL417,AL,417,rept
AL418,AL,418,rapt
AL419,AL,419,rapt
AL420,AL,420,rapt
AL421,AL,421,rapt
AL422,AL,422,rapt
AL423,AL,423,-
AL424,AL,424,rap
AL425,AL,425,rap
AL426,AL,426,rap
AL427,AL,427,rapt
AL428,AL,428,rapt
AL429,AL,429,-
AL430,AL,430,rapt
AL431,AL,431,rap
AL432,AL,432,rap
AL433,AL,433,rap
AL434,AL,434,rapt
AL435,AL,435,rapt
AL436,AL,436,rap
AL437,AL,437,rapt
AL438,AL,438,rap
AL439,AL,439,rap
AL440,AL,440,rap
AL441,AL,441,rap
AL442,AL,442,rap
AL443,AL,443,rapt
AL444,AL,444,rapt
AL445,AL,445,rap
AL446,AL,446,rapt
AL447,AL,447,rapt
AL448,AL,448,rapt
AL449,AL,449,rap
AL450,AL,450,rapt
AL451,AL,451,rapt
FL452,FL,452,-
FL453,FL,453,rapt
FL454,FL,454,rapt
FL455,FL,455,rapt
FL456,FL,456,rapt
FL457,FL,457,rapt
FL458,FL,458,ropt
FL459,FL,459,-
FL460,FL,460,rapt
FL460,FL,460,rop(t)
FL461,FL,461,rapt
FL462,FL,462,rapd
FL463,FL,463,-
FL464,FL,464,rapt
FL465,FL,465,ropt
FL466,FL,466,rapt
FL467,FL,467,-
FL468,FL,468,rapt
FL469,FL,469,rapt
FL470,FL,470,rapt
FL471,FL,471,rapt
AL472,AL,472,rapt
AL473,AL,473,rap
AL474,AL,474,rapt
AL475,AL,475,rapt
AL476,AL,476,rapt
AL477,AL,477,rapt
AL478,AL,478,-
AL479,AL,479,rap
AL480,AL,480,rapt
AL481,AL,481,-
AL482,AL,482,rapt
AL483,AL,483,rapt
AL484,AL,484,rapt
AL485,AL,485,-
TN486,TN,486,rapt
TN487,TN,487,rapt
TN488,TN,488,rapt
TN489,TN,489,rapt
TN490,TN,490,rap
TN491,TN,491,-
TN492,TN,492,rap
TN493,TN,493,-
TN494,TN,494,rapt
TN495,TN,495,rap
TN496,TN,496,rap
TN497,TN,497,rap
TN498,TN,498,rapt
TN499,TN,499,rapt
TN500,TN,500,rap
TN501,TN,501,rapt
TN502,TN,502,rapt
TN503,TN,503,-
TN504,TN,504,rapt
TN505,TN,505,rept
TN505,TN,505,ropt
TN506,TN,506,rap
TN507,TN,507,-
TN508,TN,508,rap
TN509,TN,509,-
TN510,TN,510,rapt
TN511,TN,511,rapt
TN512,TN,512,-
TN513,TN,513,rapt
TN514,TN,514,rap
TN515,TN,515,-
TN516,TN,516,rapt
TN517,TN,517,rapt
TN518,TN,518,rap
TN519,TN,519,raps
MS520,MS,520,-
MS521,MS,521,raps
MS522,MS,522,rap
MS523,MS,523,-
MS524,MS,524,rapt
MS525,MS,525,-
MS526,MS,526,-
MS527,MS,527,raps
MS528,MS,528,-
MS529,MS,529,-
MS530,MS,530,rap
MS531,MS,531,-
MS532,MS,532,rapt
MS533,MS,533,rapt
MS534,MS,534,rap
MS535,MS,535,rap
MS536,MS,536,-
MS537,MS,537,rapt
MS538,MS,538,rapt
MS539,MS,539,rapt
MS540,MS,540,-
MS541,MS,541,rap
MS542,MS,542,-
MS543,MS,543,rap
MS544,MS,544,-
MS545,MS,545,rap
MS546,MS,546,-
MS547,MS,547,rapt
MS548,MS,548,rapt
MS549,MS,549,-
MS550,MS,550,rap
MS551,MS,551,-
MS552,MS,552,-
MS553,MS,553,-
MS554,MS,554,-
MS555,MS,555,-
MS556,MS,556,rapt
MS557,MS,557,rapt
MS558,MS,558,rapt
MS559,MS,559,rapt
MS560,MS,560,rapt
MS561,MS,561,-
MS562,MS,562,rapt
MS563,MS,563,rapt
MS564,MS,564,rapt
MS565,MS,565,rapt
MS566,MS,566,-
MS567,MS,567,rap
MS568,MS,568,-
MS569,MS,569,rapt
MS570,MS,570,rapt
MS571,MS,571,rapt
MS572,MS,572,rapt
MS573,MS,573,rapt
MS574,MS,574,ropt
MS575,MS,575,rapt
MS576,MS,576,rapt
MS577,MS,577,rapt
MS578,MS,578,rapt
MS579,MS,579,rapt
MS580,MS,580,raps
MS581,MS,581,-
MS582,MS,582,ropt
MS583,MS,583,rapt
MS584,MS,584,rapt
MS585,MS,585,rapt
MS586,MS,586,raps
MS587,MS,587,rep
MS588,MS,588,rapt
MS589,MS,589,rapt
MS590,MS,590,-
MS591,MS,591,rapt
MS592,MS,592,rapt
MS593,MS,593,rap
MS594,MS,594,rapt
MS595,MS,595,rapt
MS596,MS,596,rapt
MS597,MS,597,rapt
MS598,MS,598,rapt
MS599,MS,599,rapt
MS600,MS,600,ropt
MS601,MS,601,rapt
MS602,MS,602,rapt
MS603,MS,603,ropt
MS604,MS,604,-
MS605,MS,605,rapt
MS606,MS,606,rapt
MS607,MS,607,rapt
MS608,MS,608,rapt
MS609,MS,609,rapt
MS610,MS,610,rapt
MS611,MS,611,rap
MS612,MS,612,rapt
MS613,MS,613,rapt
MS614,MS,614,-
MS615,MS,615,rapt
MS616,MS,616,rap
MS617,MS,617,rapt
MS618,MS,618,rap
MS619,MS,619,rapt
MS620,MS,620,rap
MS621,MS,621,rap
MS622,MS,622,rapt
MS623,MS,623,rapt
MS624,MS,624,rapt
MS625,MS,625,rap
MS626,MS,626,rapt
MS627,MS,627,rapt
MS628,MS,628,rapt
MS629,MS,629,rapt
LA630,LA,630,rap
LA631,LA,631,-
LA632,LA,632,rapt
LA633,LA,633,-
LA634,LA,634,rapt
LA635,LA,635,rapt
LA636,LA,636,rap
LA637,LA,637,rap
LA638,LA,638,rapt
LA639,LA,639,rapt
LA640,LA,640,rapt
LA641,LA,641,rapt
LA642,LA,642,rapt
LA643,LA,643,rapt
LA644,LA,644,rapt
LA645,LA,645,rap
LA646,LA,646,-
LA647,LA,647,rapt
LA648,LA,648,rapt
LA649,LA,649,rapt
LA650,LA,650,rapt
LA651,LA,651,-
LA652,LA,652,rapt
LA653,LA,653,-
LA654,LA,654,rap
LA655,LA,655,rapt
LA656,LA,656,rapt
LA657,LA,657,rapt
LA657X,LA,657X,rapt
LA657Y,LA,657Y,rapt
LA657Z,LA,657Z,rapt
LA658,LA,658,rapt
LA659,LA,659,rapt
LA660,LA,660,rapt
LA661,LA,661,rapt
LA662,LA,662,rapt
LA663,LA,663,rapt
LA664,LA,664,rap
LA665,LA,665,rapt
LA666,LA,666,rap
LA667,LA,667,raps
LA668,LA,668,rapt
LA669,LA,669,rapt
LA670,LA,670,rapt
LA671,LA,671,rapt
LA672,LA,672,rapt
LA673,LA,673,rapt
AR674,AR,674,rapt
AR675,AR,675,rapt
AR676,AR,676,-
AR677,AR,677,rapt
AR678,AR,678,-
AR679,AR,679,rap{d}
AR680,AR,680,-
AR681,AR,681,rowpt
AR682,AR,682,rapt
AR683,AR,683,raps
AR684,AR,684,-
AR685,AR,685,rapt
AR686,AR,686,ropt
AR687,AR,687,rapt
AR688,AR,688,rap
AR689,AR,689,rap
AR690,AR,690,-
AR691,AR,691,rapt
AR692,AR,692,rapt
AR693,AR,693,rapt
AR694,AR,694,rapt
AR695,AR,695,rapt
AR696,AR,696,rap
AR697,AR,697,rap
AR698,AR,698,-
AR699,AR,699,-
AR700,AR,700,-
AR701,AR,701,rapt
AR702,AR,702,-
AR703,AR,703,rapt
AR704,AR,704,rapt
AR705,AR,705,rap
AR706,AR,706,rap
AR707,AR,707,rapt
AR708,AR,708,rapt
AR709,AR,709,rapt
AR710,AR,710,-
AR711,AR,711,rapt
AR712,AR,712,rapt
AR713,AR,713,-
AR714,AR,714,rapt
AR715,AR,715,rapt
AR716,AR,716,rap
AR717,AR,717,rap
AR718,AR,718,rap
AR719,AR,719,rap
AR720,AR,720,rapt
AR721,AR,721,rap
AR722,AR,722,rapt
AR723,AR,723,rapt
AR724,AR,724,rapt
AR725,AR,725,rapt
AR726,AR,726,rapt
AR727,AR,727,rap
AR728,AR,728,rap
AR729,AR,729,rapt
AR730,AR,730,rapt
AR731,AR,731,rap
AR732,AR,732,rap
AR733,AR,733,-
AR734,AR,734,-
AR735,AR,735,rapt
AR736,AR,736,-
AR737,AR,737,rapt
AR738,AR,738,rapt
AR739,AR,739,-
AR740,AR,740,rapt
AR741,AR,741,rapt
AR742,AR,742,-
AR743,AR,743,rapt
AR744,AR,744,rap
AR745,AR,745,-
AR746,AR,746,rapt
AR747,AR,747,rapt
AR748,AR,748,rapt
AR749,AR,749,rapt
AR750,AR,750,-
AR751,AR,751,rapt
AR752,AR,752,rapt
AR753,AR,753,rapt
AR754,AR,754,rapt
AR755,AR,755,rap
LA756,LA,756,rapt
LA757,LA,757,rapt
LA758,LA,758,rapt
LA759,LA,759,-
LA760,LA,760,-
LA761,LA,761,rap
LA762,LA,762,-
LA763,LA,763,-
LA764,LA,764,rapt
LA765,LA,765,rapt
LA766,LA,766,rapt
LA767,LA,767,rapt
LA768,LA,768,rapt
LA769,LA,769,rapt
LA770,LA,770,rapt
LA771,LA,771,rap
LA772,LA,772,raps
LA773,LA,773,rapt
LA774,LA,774,-
LA775,LA,775,rap
LA776,LA,776,rapt
LA777,LA,777,rapt
LA778,LA,778,rapt
LA779,LA,779,rapt
LA780,LA,780,rapt
LA781,LA,781,rap
LA782,LA,782,rap
LA783,LA,783,rapt
LA784,LA,784,rapt
LA785,LA,785,rapt
LA786,LA,786,rapt
LA787,LA,787,rapt
LA788,LA,788,rapt
LA789,LA,789,rapt
LA790,LA,790,rapt
LA791,LA,791,rapt
LA792,LA,792,rapt
LA793,LA,793,rop
LA794,LA,794,rapt
LA795,LA,795,rapt
LA796,LA,796,rapt
LA797,LA,797,rapt
LA798,LA,798,rapt
LA799,LA,799,-
LA800,LA,800,rapt
LA801,LA,801,rapt
LA802,LA,802,-
LA803,LA,803,-
LA804,LA,804,-
LA805,LA,805,rapt
LA806,LA,806,rapt
LA807,LA,807,rapt
LA808,LA,808,rapt
LA809,LA,809,rapt
LA810,LA,810,rap
LA811,LA,811,rapt
LA812,LA,812,rapt
LA813,LA,813,rapt
LA814,LA,814,rapt
LA815,LA,815,rapt
LA816,LA,816,rapt
LA817,LA,817,rapt
TX818,TX,818,-
TX819,TX,819,rapt
TX820,TX,820,rapt
TX821,TX,821,rapt
TX822,TX,822,rapt
TX823,TX,823,rapt
TX824,TX,824,rapt
TX825,TX,825,rapt
TX826,TX,826,rapt
TX827,TX,827,rapt
TX828,TX,828,rapt
TX829,TX,829,rapt
TX830,TX,830,rapt
TX831,TX,831,rapt
TX832,TX,832,-
TX833,TX,833,rapt
TX834,TX,834,rapt
TX835,TX,835,rapt
TX836,TX,836,rapd
TX837,TX,837,-
TX838,TX,838,rap
TX839,TX,839,rapt
TX840,TX,840,rap
TX841,TX,841,rap
TX842,TX,842,rapt
TX843,TX,843,rapt
TX844,TX,844,rapt
TX845,TX,845,-
TX846,TX,846,rapt
TX847,TX,847,-
TX848,TX,848,rapt
TX849,TX,849,rapt
TX850,TX,850,rap
TX851,TX,851,-
TX852,TX,852,rapt
TX853,TX,853,rapt
TX854,TX,854,rapt
TX855,TX,855,rapt
TX856,TX,856,rapt
TX857,TX,857,rapt
TX858,TX,858,rapt
TX859,TX,859,rapt
TX860,TX,860,rap
TX861,TX,861,raps
TX862,TX,862,rapt
TX863,TX,863,rapt
TX864,TX,864,rapt
TX865,TX,865,rapt
TX866,TX,866,rapt
TX867,TX,867,rapt
TX868,TX,868,rapt
TX869,TX,869,rapt
TX870,TX,870,rapt
TX871,TX,871,-
TX872,TX,872,-
TX873,TX,873,rapt
TX873,TX,873,r{o}pt
TX874,TX,874,rapt
TX875,TX,875,rapt
TX876,TX,876,rapt
TX877,TX,877,rapt
TX878,TX,878,rapt
TX879,TX,879,-
TX880,TX,880,-
TX881,TX,881,-
TX882,TX,882,rapt
TX882,TX,882,ropt
TX883,TX,883,rapt
TX884,TX,884,-
TX885,TX,885,rapt
TX886,TX,886,rapt
TX887,TX,887,rapt
TX888,TX,888,rapt
TX889,TX,889,rapt
TX890,TX,890,-
TX891,TX,891,rapt
TX892,TX,892,rapt
TX893,TX,893,rapt
TX894,TX,894,rapt
TX895,TX,895,rapt
TX896,TX,896,rap
TX897,TX,897,-
TX898,TX,898,rap
TX899,TX,899,-
TX900,TX,900,rapt
TX901,TX,901,rapt
TX902,TX,902,rapt
TX903,TX,903,-
TX904,TX,904,rapt
TX905,TX,905,rapt
TX906,TX,906,rap
TX907,TX,907,-
TX908,TX,908,rapt
TX909,TX,909,-
TX910,TX,910,rapt
TX911,TX,911,rapt
