Informant,State,Informant number,Response
TN001,TN,001,-
TN002,TN,002,&kaws(t)
TN003,TN,003,&kaws(t)
TN004,TN,004,&kaws(t)
TN005,TN,005,&kaws(t)
TN006,TN,006,&kaws(t)
TN007,TN,007,-
TN008,TN,008,-
TN009,TN,009,&kaws(t)
TN010,TN,010,&kaws(t)
TN011,TN,011,&kaws(t)
TN012,TN,012,&kaws(t)
TN013,TN,013,&kaws(t)
TN014,TN,014,&kaws(t)
TN015,TN,015,&kaws(t)
TN016,TN,016,&kaws(t)
TN017,TN,017,&kaws(t)
TN018,TN,018,-
TN019,TN,019,&kaws(t)
TN020,TN,020,-
TN021,TN,021,-
TN022,TN,022,&kaws(t)
TN023,TN,023,&kaws(t)
TN024,TN,024,&kaws(t)
TN025,TN,025,!kaws(t)
TN025,TN,025,&kaws(t)
TN026,TN,026,&kaws(t)
TN027,TN,027,&kaws(t)
TN028,TN,028,&kaws(t)
TN029,TN,029,&kaws(t)
TN030,TN,030,-
TN031,TN,031,-
TN032,TN,032,-
TN033,TN,033,&kaws(t)
TN034,TN,034,-
TN035,TN,035,-
TN036,TN,036,&kaws(t)
TN037,TN,037,&kaws(t)
TN038,TN,038,-
TN039,TN,039,&kaws(t)
TN040,TN,040,-
TN041,TN,041,&kaws(t)
TN042,TN,042,-
TN043,TN,043,&kaws(t)
TN044,TN,044,&kawstIz=14
TN044,TN,044,&kaws(t)Iz=14
TN045,TN,045,&kaws(t)
TN046,TN,046,&kaws(t)
TN047,TN,047,-
TN048,TN,048,-
TN049,TN,049,&kaws(t)
TN050,TN,050,-
TN051,TN,051,&kaws(t)
TN052,TN,052,&kaws(t)
TN053,TN,053,&kaws(t)
TN054,TN,054,-
TN055,TN,055,&kaws(t)
TN056,TN,056,&kaws(t)
TN057,TN,057,&kaws(t)
TN058,TN,058,&kaws(t)
TN059,TN,059,!kawst
TN059,TN,059,&kaws(t)
TN060,TN,060,&kaws(t)
GA061,GA,061,-
GA062,GA,062,-
GA063,GA,063,-
GA064,GA,064,&kaws(t)
GA065,GA,065,-
GA066,GA,066,&kaws(t)
GA067,GA,067,-
GA068,GA,068,-
GA069,GA,069,&kawstIz=14
GA070,GA,070,&kaws(t)
GA071,GA,071,&kawst
GA072,GA,072,&kaws(t)
GA073,GA,073,&kaws(t)
GA074,GA,074,&kaws(t)
GA075,GA,075,&kaws(t)
GA076,GA,076,&kawst
GA077,GA,077,&kaws(t)
GA078,GA,078,&kaws(t)Iz=14
GA079,GA,079,&kaws(t)
GA080,GA,080,-
GA081,GA,081,&kaws(t)
GA082,GA,082,&kaws(t)
GA083,GA,083,&kaws(t)
GA084,GA,084,&kaws(t)
GA085,GA,085,&kaws(t)
GA086,GA,086,&kaws(t)
GA087,GA,087,&kaws(t)
GA088,GA,088,-
GA089,GA,089,-
GA090,GA,090,&kaws(t)
GA091,GA,091,-
GA092,GA,092,-
GA093,GA,093,-
GA094,GA,094,&kawst
GA095,GA,095,&koes(t)
GA096,GA,096,&kaws(t)
GA097,GA,097,&kaws(t)
GA098,GA,098,-
GA099,GA,099,&kaws(t)
GA100,GA,100,&kaws(t)
GA101,GA,101,&kawsts
GA102,GA,102,-
GA103,GA,103,&kaws(t)
GA104,GA,104,&kaws(t)
GA105,GA,105,&kaws(t)
GA106,GA,106,&kawst
GA107,GA,107,-
GA108,GA,108,&kaws(t)
GA109,GA,109,&kaws(t)
GA110,GA,110,-
GA111,GA,111,&kawst
GA112,GA,112,&kaws(t)
GA113,GA,113,-
GA114,GA,114,-
GA115,GA,115,-
GA116,GA,116,-
GA117,GA,117,&kaws(t)
GA118,GA,118,&kaws(t)
GA119,GA,119,!kawst
GA119,GA,119,&kaws(t)
GA120,GA,120,&kaws(t)
GA121,GA,121,&kaws(t)
GA122,GA,122,&kaws(t)
GA123,GA,123,&kaws(t)
GA124,GA,124,-
GA125,GA,125,&kaws(t)
GA126,GA,126,&kaws(t)
GA127,GA,127,-
GA128,GA,128,-
GA129,GA,129,-
GA130,GA,130,-
GA131,GA,131,-
GA132,GA,132,-
GA133,GA,133,&kaws(t)
GA134,GA,134,-
GA135,GA,135,-
GA136,GA,136,&kaws(t)
GA137,GA,137,!kawst
GA137,GA,137,&kaws(t)
GA138,GA,138,!kawst
GA139,GA,139,-
GA140,GA,140,-
GA141,GA,141,&kaws(t)
GA142,GA,142,-
GA143,GA,143,&kaws(t)
GA144,GA,144,&kaws(t)
GA145,GA,145,-
GA146,GA,146,&kawst
GA146,GA,146,&kaws(t)
GA147,GA,147,-
GA148,GA,148,&kaws(t)
GA149,GA,149,*kawst
GA150,GA,150,-
GA151,GA,151,&kaws(t)
GA152,GA,152,&kawstIz=14
GA153,GA,153,-
GA154,GA,154,&kaws(t)
GA155,GA,155,&kaws(t)
GA156,GA,156,&kawst
GA156,GA,156,&kaws(t)
GA157,GA,157,-
GA158,GA,158,-
GA159,GA,159,&kaws(t)
GA160,GA,160,-
GA161,GA,161,-
GA162,GA,162,&kaws(t)
GA163,GA,163,&kaws(t)
GA164,GA,164,&kaws(t)
GA165,GA,165,&kaws(t)
GA166,GA,166,&kawst
GA167,GA,167,&kaws(t)
GA168,GA,168,-
GA169,GA,169,-
GA170,GA,170,&kaws(t)
GA170,GA,170,*kawst
GA171,GA,171,&kos(t)
GA172,GA,172,-
GA173,GA,173,-
GA174,GA,174,-
GA175,GA,175,#kaws(t)
GA176,GA,176,-
GA177,GA,177,&kaws(t)
GA178,GA,178,-
GA179,GA,179,-
GA180,GA,180,-
GA181,GA,181,!kawst
GA182,GA,182,-
GA183,GA,183,&kawst
GA183,GA,183,&kaws(t)
GA184,GA,184,!kawst
GA185,GA,185,&kaws(t)
GA186,GA,186,&kaws(t)
GA187,GA,187,-
GA188,GA,188,&kaws(t)
GA189,GA,189,!kawst
GA189,GA,189,&kaws(t)
GA190,GA,190,&kaws(t)
GA191,GA,191,&kaws(t)
GA192,GA,192,&kaws(t)
GA193,GA,193,!kawst
GA194,GA,194,!kawst
GA195,GA,195,-
GA196,GA,196,-
GA197,GA,197,-
GA198,GA,198,-
GA199,GA,199,-
GA200,GA,200,-
GA201,GA,201,&kaws(t)
GA202,GA,202,-
GA203,GA,203,&kaws(t)
GA204,GA,204,-
GA205,GA,205,-
GA206,GA,206,&kaws(t)
GA207,GA,207,&kaws(t)
GA208,GA,208,&kaws(t)
GA209,GA,209,&kawst
GA210,GA,210,&kaws(t)
GA211,GA,211,&kaws(t)
GA212,GA,212,&kaws(t)
GA213,GA,213,-
GA214,GA,214,-
GA215,GA,215,-
GA216,GA,216,&kaws(t)
GA217,GA,217,&kaws(t)
GA218,GA,218,-
GA219,GA,219,!kawst
GA219,GA,219,&kaw(s)(t)
GA220,GA,220,&kaws(t)
GA221,GA,221,&kawstIz=14
GA222,GA,222,!kawst
GA222,GA,222,&kaws(t)
GA222,GA,222,&kawstIz=14
GA223,GA,223,-
GA224,GA,224,-
GA225,GA,225,&kaws(t)
FL226,FL,226,&kawstIz=14
FL227,FL,227,&kaws(t)
FL228,FL,228,-
FL229,FL,229,&kaws(t)
FL230,FL,230,&kaws(t)
FL231,FL,231,!kawst
FL232,FL,232,&kawsts
FL233,FL,233,&kaws(t)
FL234,FL,234,&kaws(t)
FL235,FL,235,&kaws(t)
FL236,FL,236,&kaws(t)
FL237,FL,237,&kaws(t)
FL238,FL,238,&kaws(t)
FL239,FL,239,&kaws(t)
FL240,FL,240,&kaws(t)
FL241,FL,241,-
FL242,FL,242,&kaws(t)
FL243,FL,243,&kaws(t)
FL243,FL,243,*kawst
FL244,FL,244,!kaws(t)
FL245,FL,245,&kaws(t)
FL246,FL,246,&kaws(t)
FL247,FL,247,&kaws(t)
FL248,FL,248,&kos(t)
FL249,FL,249,*kawst
FL250,FL,250,&kaws(t)
FL251,FL,251,&kaws(t)
FL252,FL,252,-
FL253,FL,253,&kaws(t)
FL254,FL,254,&kaws(t)
FL255,FL,255,&kaws(t)
FL256,FL,256,-
FL257,FL,257,&kaws(t)
FL258,FL,258,-
FL259,FL,259,&kaws(t)
FL260,FL,260,-
FL261,FL,261,&kaws(t)
FL262,FL,262,&kaws(t)
FL263,FL,263,&kaws(t)
FL264,FL,264,&kaws(t)
FL265,FL,265,-
FL266,FL,266,&kaws(t)
FL267,FL,267,-
FL268,FL,268,&kaws(t)
FL269,FL,269,&koesh(t)
FL269,FL,269,*koesht
FL270,FL,270,&kaws(t)
FL271,FL,271,&kaws(t)
FL272,FL,272,&kawsts
FL273,FL,273,&kaws(t)
FL274,FL,274,&kaws(t)
FL275,FL,275,-
FL276,FL,276,-
FL277,FL,277,-
FL278,FL,278,&kaws(t)
FL279,FL,279,&kos(t)
FL280,FL,280,&kaws(t)
FL281,FL,281,&kaws(t)
FL282,FL,282,&kaws(t)
FL283,FL,283,&kaws(t)
FL284,FL,284,-
FL285,FL,285,-
FL286,FL,286,&kaws(t)
FL287,FL,287,-
FL288,FL,288,&koes(t)
FL289,FL,289,!kawst
FL289,FL,289,&kaws(t)
TN290,TN,290,&kaws(t)
TN291,TN,291,&kaws(t)
TN292,TN,292,&kaws(t)
TN293,TN,293,&kaws(t)
TN294,TN,294,&kaws(t)
TN295,TN,295,&koes(t)
TN296,TN,296,&kaws(t)
TN297,TN,297,&kaws(t)
TN298,TN,298,*kawst
TN298,TN,298,*kaws(t)
TN299,TN,299,&kaws(t)
TN300,TN,300,&kaws(t)
TN301,TN,301,&kaws(t)
TN302,TN,302,&kaws(t)
TN303,TN,303,&kaws(t)
TN304,TN,304,&kawsts
TN304,TN,304,&kaws(t)
TN305,TN,305,-
TN306,TN,306,&kaws(t)
TN307,TN,307,&kaws(t)
TN308,TN,308,-
TN309,TN,309,-
TN310,TN,310,-
TN311,TN,311,&kaws(t)
TN312,TN,312,&kaws(t)
TN313,TN,313,&kawsts
TN314,TN,314,-
TN315,TN,315,-
TN316,TN,316,-
TN317,TN,317,&kaws(t)
TN318,TN,318,*kawst
TN319,TN,319,-
TN320,TN,320,&kawstIz=14
TN321,TN,321,&kaws(t)
TN322,TN,322,&kaws(t)
TN323,TN,323,&kawst
TN324,TN,324,&kaws(t)
TN325,TN,325,&kaws(t)
TN326,TN,326,&kaws(t)
TN327,TN,327,&kaws(t)
TN328,TN,328,!kaws(t)
TN328,TN,328,&kaws(t)
TN329,TN,329,-
TN330,TN,330,!kaws(t)
TN330,TN,330,&kaws(t)
TN331,TN,331,-
TN332,TN,332,&kaws(t)
TN333,TN,333,&kaws(t)
TN334,TN,334,&kaws(t)
TN335,TN,335,-
TN336,TN,336,&kaws(t)
AL337,AL,337,-
AL338,AL,338,&kaws(t)
AL339,AL,339,-
AL340,AL,340,&kaws(t)
AL341,AL,341,-
AL342,AL,342,&kaws(t)
AL343,AL,343,&kaws(t)
AL344,AL,344,&kaws(t)
AL345,AL,345,&kaws(t)
AL346,AL,346,&kawst
AL347,AL,347,&kawsts
AL348,AL,348,&kaws(t)
AL349,AL,349,-
AL350,AL,350,!kawst
AL351,AL,351,&kaws(t)
AL352,AL,352,&kaws(t)
AL353,AL,353,*kaws(t)
AL354,AL,354,&kawst
AL355,AL,355,-
AL356,AL,356,&kaws(t)
AL357,AL,357,&kaws(t)
AL358,AL,358,&kaws(t)
AL359,AL,359,&kaws(t)
AL359,AL,359,*kawst
AL360,AL,360,&kaws(t)
AL361,AL,361,&kaws(t)
AL362,AL,362,-
AL363,AL,363,&kaws(t)
AL364,AL,364,-
AL365,AL,365,&kaws(t)
AL366,AL,366,&kawst
AL366,AL,366,&kaws(t)
AL367,AL,367,-
AL368,AL,368,-
AL369,AL,369,&kaws(t)
AL370,AL,370,-
AL371,AL,371,-
AL372,AL,372,&kaws(t)
AL373,AL,373,&koes(t)
AL374,AL,374,&kaws(t)
AL375,AL,375,-
AL376,AL,376,-
AL377,AL,377,&kaws(t)
AL378,AL,378,&kawst
AL379,AL,379,-
AL380,AL,380,&kaws(t)
AL380,AL,380,*kaws(t)
AL381,AL,381,&kaws(t)
AL382,AL,382,-
AL383,AL,383,&kaws(t)
AL384,AL,384,&kos(t)
AL385,AL,385,&kaws(t)
AL386,AL,386,&kaws(t)
AL387,AL,387,&kaws(t)
AL388,AL,388,&kaws(t)
AL389,AL,389,*kaws(t)
AL390,AL,390,&kaws(t)
AL391,AL,391,&kaws(t)
AL392,AL,392,&kawsts
AL392,AL,392,*kawst
AL393,AL,393,&kawst
AL394,AL,394,&kaws(t)
AL395,AL,395,&kaws(t)
AL396,AL,396,-
AL397,AL,397,-
AL398,AL,398,&kaws(t)
AL399,AL,399,&kawst
AL400,AL,400,&kaws(t)
AL401,AL,401,-
AL402,AL,402,-
AL403,AL,403,&kaws(t)
AL404,AL,404,&kawsts
AL404,AL,404,&kawst
AL405,AL,405,&kaws(t)
AL406,AL,406,-
AL407,AL,407,&kaws(t)
AL408,AL,408,&kaws(t)
AL409,AL,409,&kaws(t)
AL410,AL,410,&kaws(t)
AL411,AL,411,&kaws(t)
AL412,AL,412,-
AL413,AL,413,-
AL414,AL,414,&kaws(t)
AL415,AL,415,-
AL416,AL,416,&kaws(t)
AL417,AL,417,&kaws(t)
AL418,AL,418,&kaws(t)
AL419,AL,419,&kaws(t)
AL420,AL,420,-
AL421,AL,421,&kaws(t)
AL422,AL,422,&kaws(t)
AL423,AL,423,&kaws(t)
AL424,AL,424,&kaws(t)
AL425,AL,425,-
AL426,AL,426,&kawstIz=14
AL427,AL,427,&kaws(t)
AL428,AL,428,&kaws(t)
AL429,AL,429,-
AL430,AL,430,&kaws(t)
AL431,AL,431,-
AL432,AL,432,-
AL433,AL,433,!kawst
AL434,AL,434,&kaws(t)
AL435,AL,435,&kaws(t)
AL436,AL,436,&kos(t)
AL437,AL,437,&kaws(t)
AL438,AL,438,&kaws(t)
AL439,AL,439,&kaws(t)
AL440,AL,440,&kaws(t)
AL441,AL,441,&kaws(t)
AL442,AL,442,&kawsh(t)
AL443,AL,443,&kaws(t)
AL444,AL,444,!kaws(t)
AL444,AL,444,&kaws(t)
AL445,AL,445,&kaws(t)
AL446,AL,446,&kaws(t)
AL447,AL,447,&kaws(t)
AL448,AL,448,&kaws(t)
AL449,AL,449,&kaws(t)
AL450,AL,450,&kawst
AL451,AL,451,&kaws(t)
FL452,FL,452,&kaws(t)
FL453,FL,453,-
FL454,FL,454,&kaws(t)
FL455,FL,455,&kaws(t)
FL456,FL,456,&kaws(t)
FL457,FL,457,&kaws(t)
FL458,FL,458,-
FL459,FL,459,-
FL460,FL,460,&kaws(t)
FL461,FL,461,&kawst
FL462,FL,462,!kawsht
FL463,FL,463,-
FL464,FL,464,&kawstIs=14
FL465,FL,465,&kaws(t)Iz=14
FL466,FL,466,&kaws(t)
FL467,FL,467,-
FL468,FL,468,&kaws(t)
FL469,FL,469,&kaws(t)
FL470,FL,470,&kaws(t)
FL471,FL,471,&kaws(t)
AL472,AL,472,!kaws(t)
AL473,AL,473,-
AL474,AL,474,&kaws(t)
AL475,AL,475,&kaws(t)
AL476,AL,476,&kaws(t)
AL477,AL,477,&kaws(t)
AL478,AL,478,-
AL479,AL,479,-
AL480,AL,480,&kaws(t)
AL481,AL,481,-
AL482,AL,482,-
AL483,AL,483,-
AL484,AL,484,&kaws(t)
AL485,AL,485,!kos(t)
TN486,TN,486,*kawst
TN487,TN,487,-
TN488,TN,488,-
TN489,TN,489,-
TN490,TN,490,!kawst
TN490,TN,490,*kawst
TN491,TN,491,-
TN492,TN,492,&kaws(t)
TN493,TN,493,-
TN494,TN,494,&kaws(t)
TN495,TN,495,-
TN496,TN,496,&kaws(t)
TN497,TN,497,-
TN498,TN,498,&kaws(t)
TN499,TN,499,&kaws(t)
TN500,TN,500,-
TN501,TN,501,&kaws(t)
TN502,TN,502,&kaws(t)
TN503,TN,503,-
TN504,TN,504,&kaws(t)
TN505,TN,505,!kawst
TN505,TN,505,!kaws(t)
TN506,TN,506,-
TN507,TN,507,-
TN508,TN,508,-
TN509,TN,509,-
TN510,TN,510,-
TN511,TN,511,-
TN512,TN,512,-
TN513,TN,513,&kaws(t)
TN514,TN,514,&kawst
TN515,TN,515,*kawst
TN516,TN,516,&kaws(t)
TN517,TN,517,&kaws(t)
TN518,TN,518,&kaws(t)
TN519,TN,519,&kos(t)
MS520,MS,520,-
MS521,MS,521,&kaws(t)
MS522,MS,522,&kaws(t)
MS523,MS,523,-
MS524,MS,524,&kawst
MS525,MS,525,-
MS526,MS,526,-
MS527,MS,527,!kaws(t)
MS528,MS,528,!kaws(t)
MS528,MS,528,&kaws(t)
MS529,MS,529,-
MS530,MS,530,*kaws(t)
MS531,MS,531,&kaws(t)
MS532,MS,532,&kaws(t)
MS533,MS,533,!kawst
MS533,MS,533,&kaws(t)
MS534,MS,534,#kawst
MS535,MS,535,!kawst
MS535,MS,535,&kawth(t)
MS535,MS,535,*kaws(t)
MS536,MS,536,&kaws(t)
MS537,MS,537,-
MS538,MS,538,&kawstIz=14
MS539,MS,539,!kaws(t)
MS539,MS,539,&kawsts
MS539,MS,539,*kaws(t)
MS540,MS,540,-
MS541,MS,541,&kaws(t)
MS542,MS,542,-
MS543,MS,543,&kaws(t)
MS544,MS,544,&kaws(t)
MS545,MS,545,&kaws(t)
MS546,MS,546,-
MS547,MS,547,&kawst
MS548,MS,548,&kaws(t)
MS549,MS,549,&kaws(t)
MS550,MS,550,!kaws(t)
MS551,MS,551,-
MS552,MS,552,-
MS553,MS,553,-
MS554,MS,554,-
MS555,MS,555,-
MS556,MS,556,-
MS557,MS,557,&kaws(t)
MS558,MS,558,&kaws(t)
MS559,MS,559,-
MS560,MS,560,&kawst
MS560,MS,560,&kaws(t)
MS561,MS,561,!kawst
MS561,MS,561,*kaws(t)
MS562,MS,562,&kaws(t)
MS563,MS,563,&kaws(t)
MS564,MS,564,&kaws(t)
MS565,MS,565,!kaws(t)
MS565,MS,565,&kaws(t)
MS565,MS,565,*kaws(t)
MS566,MS,566,-
MS567,MS,567,-
MS568,MS,568,@kawstN=14
MS569,MS,569,!kawst
MS570,MS,570,&kaws(t)
MS571,MS,571,&kost
MS572,MS,572,&kaws(t)
MS572,MS,572,*kawst
MS573,MS,573,&kaws(t)
MS574,MS,574,&kaws(t)
MS575,MS,575,&kaws(t)
MS576,MS,576,&kaws(t)
MS577,MS,577,&kaws(t)
MS578,MS,578,&kaws(t)
MS579,MS,579,&kawsts
MS579,MS,579,&kaws(t)
MS580,MS,580,&kaws(t)
MS581,MS,581,-
MS582,MS,582,&kaws(t)
MS583,MS,583,&kaws(t)
MS584,MS,584,*kawst
MS585,MS,585,&kaws(t)
MS586,MS,586,-
MS587,MS,587,&kaws(t)
MS588,MS,588,&kaws(t)
MS589,MS,589,!kawst
MS589,MS,589,&kaws(t)
MS590,MS,590,-
MS591,MS,591,&kaws(t)
MS592,MS,592,#kawst
MS593,MS,593,-
MS594,MS,594,&kaws(t)
MS595,MS,595,&kawst
MS596,MS,596,&kaws(t)
MS597,MS,597,&kaws(t)
MS598,MS,598,!kaws(t)
MS599,MS,599,&kaws(t)
MS600,MS,600,&kaws(t)
MS601,MS,601,&kaws(t)
MS602,MS,602,&kaws(t)
MS603,MS,603,-
MS604,MS,604,-
MS605,MS,605,!kawst
MS605,MS,605,&kawsts
MS606,MS,606,!kawst
MS606,MS,606,&kaws(t)
MS607,MS,607,-
MS608,MS,608,!kawst
MS608,MS,608,&kaws(t)
MS609,MS,609,&kaws(t)
MS610,MS,610,&kaws(t)
MS611,MS,611,&kawsht
MS611,MS,611,*kawst
MS612,MS,612,&kaws(t)
MS613,MS,613,&kaws(t)
MS614,MS,614,-
MS615,MS,615,&kaws(t)
MS616,MS,616,-
MS617,MS,617,!kawst
MS617,MS,617,&kaws(t)
MS618,MS,618,-
MS619,MS,619,-
MS620,MS,620,-
MS621,MS,621,&kaws(t)
MS622,MS,622,&kawst
MS623,MS,623,-
MS624,MS,624,&kos(t)
MS625,MS,625,&kaws(t)
MS626,MS,626,-
MS627,MS,627,&kaws(t)
MS628,MS,628,&kaws(t)
MS629,MS,629,&kaws(t)
LA630,LA,630,&kaws(t)
LA631,LA,631,!kawst
LA632,LA,632,&kaws(t)
LA633,LA,633,-
LA634,LA,634,&kaws(t)
LA635,LA,635,&kaws(t)
LA636,LA,636,&kaws(t)
LA637,LA,637,&kaws(t)
LA638,LA,638,-
LA639,LA,639,&kaws(t)
LA640,LA,640,!kaws(t)
LA640,LA,640,&kaws(t)
LA641,LA,641,&kaws(t)
LA642,LA,642,-
LA643,LA,643,&kaws(t)
LA644,LA,644,-
LA645,LA,645,-
LA646,LA,646,&kawstIs=14
LA646,LA,646,#kaws(t)
LA647,LA,647,&kaws(t)
LA648,LA,648,&koes(t)
LA649,LA,649,&kaws(t)
LA650,LA,650,-
LA651,LA,651,-
LA652,LA,652,&kaws(t)
LA653,LA,653,!kaws(t)
LA654,LA,654,&kawsts
LA655,LA,655,&kaws(t)
LA656,LA,656,&kaws(t)
LA657,LA,657,-
LA657X,LA,657X,!kawst
LA657X,LA,657X,&kaws(t)
LA657Y,LA,657Y,&kaws(t)
LA657Z,LA,657Z,&kawsts
LA657Z,LA,657Z,*kaws(t)
LA658,LA,658,-
LA659,LA,659,&kaws(t)
LA660,LA,660,&kaws(t)
LA661,LA,661,&kaws(t)
LA662,LA,662,&kaws(t)
LA663,LA,663,!kawst
LA664,LA,664,!kawst
LA665,LA,665,&kaws(t)
LA666,LA,666,!kaws(t)
LA666,LA,666,&kawst
LA667,LA,667,&kaws(t)
LA668,LA,668,&kaws(t)
LA669,LA,669,&kaws(t)
LA670,LA,670,&kaws(t)
LA671,LA,671,&kaws(t)
LA672,LA,672,*kawst
LA673,LA,673,&kaws(t)
AR674,AR,674,&kaws(t)
AR675,AR,675,&kawst
AR676,AR,676,-
AR677,AR,677,-
AR678,AR,678,-
AR679,AR,679,&kaws(t)
AR680,AR,680,-
AR681,AR,681,-
AR682,AR,682,-
AR683,AR,683,*kaws(t)
AR684,AR,684,!kawst
AR685,AR,685,-
AR686,AR,686,&kaws(t)
AR687,AR,687,&kaws(t)
AR688,AR,688,-
AR689,AR,689,&kaws(t)
AR690,AR,690,-
AR691,AR,691,&kaws(t)
AR692,AR,692,*kawst
AR693,AR,693,&kaws(t)
AR694,AR,694,&kaws(t)
AR695,AR,695,&kaws(t)
AR696,AR,696,!kawst
AR696,AR,696,&kaws(t)
AR697,AR,697,&kaws(t)
AR698,AR,698,-
AR699,AR,699,-
AR700,AR,700,!kawst
AR701,AR,701,&kaws(t)
AR702,AR,702,-
AR703,AR,703,*kawst
AR704,AR,704,&kaws(t)
AR705,AR,705,!kawst
AR705,AR,705,&kaws(t)
AR706,AR,706,-
AR707,AR,707,&kaws(t)
AR708,AR,708,!kawst
AR708,AR,708,&kaws(t)
AR709,AR,709,&kaws(t)
AR710,AR,710,-
AR711,AR,711,&kaws(t)
AR712,AR,712,&kaws(t)
AR713,AR,713,&kaws(t)
AR714,AR,714,-
AR715,AR,715,&kaws(t)
AR716,AR,716,&kaws(t)
AR717,AR,717,&kaws(t)Is=14
AR718,AR,718,!kawst
AR718,AR,718,&kaws(t)
AR718,AR,718,*kost
AR719,AR,719,-
AR720,AR,720,&kawst
AR721,AR,721,-
AR722,AR,722,-
AR723,AR,723,!kawst
AR723,AR,723,&kaws(t)
AR724,AR,724,&kaws(t)
AR725,AR,725,&kos(t)
AR726,AR,726,&kawst
AR727,AR,727,&kaws(t)
AR728,AR,728,-
AR729,AR,729,-
AR730,AR,730,!kawst
AR731,AR,731,-
AR732,AR,732,&kaws(t)
AR733,AR,733,!kawst
AR734,AR,734,-
AR735,AR,735,*kaws(t)
AR736,AR,736,-
AR737,AR,737,-
AR738,AR,738,&kaws(t)
AR739,AR,739,-
AR740,AR,740,&kaws(t)
AR741,AR,741,&kaws(t)
AR742,AR,742,&kaws(t)
AR743,AR,743,-
AR744,AR,744,-
AR745,AR,745,-
AR746,AR,746,-
AR747,AR,747,&kaws(t)
AR748,AR,748,&kaws(t)
AR749,AR,749,&kaws(t)
AR750,AR,750,&kaws(t)
AR751,AR,751,&kaws(t)
AR752,AR,752,-
AR753,AR,753,&kaws(t)
AR754,AR,754,&kaws(t)
AR755,AR,755,&kaws(t)
LA756,LA,756,&kaws(t)Iz=14
LA757,LA,757,!kawst
LA758,LA,758,-
LA759,LA,759,-
LA760,LA,760,!kaws(t)
LA761,LA,761,&kaws(t)
LA762,LA,762,-
LA763,LA,763,-
LA764,LA,764,!kawst
LA765,LA,765,&kaws(t)
LA766,LA,766,-
LA767,LA,767,!kawst
LA767,LA,767,@kawstN=14
LA768,LA,768,&kaws(t)
LA769,LA,769,&kawst
LA770,LA,770,&kaws(t)
LA771,LA,771,!kaws(t)
LA772,LA,772,&kawst
LA773,LA,773,&kawsts
LA774,LA,774,-
LA775,LA,775,-
LA776,LA,776,&kaws(t)
LA777,LA,777,&kaws(t)
LA778,LA,778,&kaws(t)
LA779,LA,779,-
LA780,LA,780,&kaws(t)
LA781,LA,781,&kawst
LA782,LA,782,&kawst
LA783,LA,783,-
LA784,LA,784,&kaws(t)
LA785,LA,785,&kaws(t)
LA786,LA,786,&kawstIz=14
LA787,LA,787,&kaws(t)
LA788,LA,788,&kawst
LA789,LA,789,&kaws(t)
LA790,LA,790,&kaws(t)
LA791,LA,791,&kaws(t)
LA792,LA,792,&kaws(t)
LA793,LA,793,-
LA794,LA,794,!kaws(t)
LA795,LA,795,*kawst
LA796,LA,796,!kaws(t)
LA797,LA,797,!kawsh(t)
LA798,LA,798,&kos(t)
LA799,LA,799,-
LA800,LA,800,!kawst
LA801,LA,801,&kaws(t)
LA802,LA,802,-
LA803,LA,803,-
LA804,LA,804,-
LA805,LA,805,-
LA806,LA,806,&kaws(t)
LA807,LA,807,&kaws(t)
LA808,LA,808,&kaws(t)
LA809,LA,809,&kaws(t)
LA810,LA,810,&kaws(t)
LA811,LA,811,-
LA812,LA,812,-
LA813,LA,813,&kawst
LA814,LA,814,&kaws(t)
LA815,LA,815,&kaws(t)
LA816,LA,816,&kawsts
LA817,LA,817,!kawst
LA817,LA,817,&kaws(t)
TX818,TX,818,-
TX819,TX,819,&kaws(t)
TX820,TX,820,&kaws(t)
TX821,TX,821,&kaws(t)
TX822,TX,822,&kaws(t)
TX823,TX,823,&kaws(t)
TX824,TX,824,&kos(t)
TX825,TX,825,&kaws(t)
TX826,TX,826,&kaws(t)
TX827,TX,827,&kaws(t)
TX828,TX,828,&kaws(t)
TX829,TX,829,&kaws(t)
TX830,TX,830,&kaws(t)
TX831,TX,831,&kaws(t)
TX832,TX,832,!kawst
TX832,TX,832,&kaws(t)
TX833,TX,833,&kaws(t)
TX834,TX,834,&kaws(t)
TX835,TX,835,&kaws(t)
TX836,TX,836,&kaws(t)
TX837,TX,837,-
TX838,TX,838,-
TX839,TX,839,*kawst
TX840,TX,840,&kaws(t)
TX840,TX,840,*kaws(t)
TX841,TX,841,-
TX842,TX,842,&kaws(t)
TX843,TX,843,&kawst
TX844,TX,844,&koes(t)
TX845,TX,845,-
TX846,TX,846,&kaws(t)
TX847,TX,847,-
TX848,TX,848,&kaws(t)
TX849,TX,849,&kawst
TX849,TX,849,*kaws(t)
TX850,TX,850,&kaws(t)
TX851,TX,851,&kawsts
TX852,TX,852,&kaws(t)
TX853,TX,853,&kaws(t)
TX854,TX,854,*kaws(t)
TX855,TX,855,!koest
TX855,TX,855,&koes(t)
TX856,TX,856,!kawst
TX857,TX,857,&kaws(t)
TX858,TX,858,-
TX859,TX,859,&kaws(t)
TX860,TX,860,&kaws(t)
TX861,TX,861,&kaws(t)
TX862,TX,862,&kaws(t)
TX863,TX,863,&kaws(t)
TX864,TX,864,&kaws(t)
TX865,TX,865,-
TX866,TX,866,&kaws(t)
TX867,TX,867,&kaws(t)
TX868,TX,868,-
TX869,TX,869,&kaws(t)
TX870,TX,870,&kaws(t)
TX871,TX,871,-
TX872,TX,872,-
TX873,TX,873,&kaws(t)
TX874,TX,874,&kaws(t)
TX875,TX,875,&kawst
TX876,TX,876,&kaws(t)
TX877,TX,877,&kaws(t)
TX878,TX,878,&kaws(t)
TX879,TX,879,-
TX880,TX,880,!kawst
TX881,TX,881,-
TX882,TX,882,&kawst
TX882,TX,882,*kaws(t)
TX883,TX,883,&kaws(t)
TX884,TX,884,-
TX885,TX,885,-
TX886,TX,886,&kaws(t)
TX887,TX,887,&kaws(t)
TX888,TX,888,&kaws(t)
TX889,TX,889,&kaws(t)
TX890,TX,890,&kos(t)
TX891,TX,891,&kaws(t)
TX892,TX,892,-
TX893,TX,893,&kos(t)
TX894,TX,894,&kaws(t)
TX895,TX,895,&kost
TX895,TX,895,&kaws(t)
TX896,TX,896,-
TX897,TX,897,-
TX898,TX,898,-
TX899,TX,899,!kost
TX900,TX,900,&kaws(t)
TX901,TX,901,&kaws(t)
TX902,TX,902,&kost
TX903,TX,903,-
TX904,TX,904,&kaws(t)
TX905,TX,905,&kaws(t)
TX906,TX,906,&kaws(t)
TX907,TX,907,-
TX908,TX,908,-
TX909,TX,909,-
TX910,TX,910,&kaws(t)
TX911,TX,911,&kawsts
