Informant,State,Informant number,Response
TN001,TN,001,-
TN002,TN,002,dewz
TN003,TN,003,-
TN004,TN,004,dewz
TN005,TN,005,dewz
TN006,TN,006,dewz
TN007,TN,007,-
TN008,TN,008,dewz
TN009,TN,009,duez
TN010,TN,010,dewz
TN011,TN,011,dewz
TN012,TN,012,dewz
TN013,TN,013,dewz
TN014,TN,014,dewz
TN015,TN,015,-
TN016,TN,016,dyuez
TN017,TN,017,dewz
TN018,TN,018,-
TN019,TN,019,dewz
TN020,TN,020,-
TN021,TN,021,-
TN022,TN,022,duez
TN023,TN,023,dewz
TN024,TN,024,dewz
TN025,TN,025,dewz
TN026,TN,026,dewz
TN027,TN,027,dewz
TN028,TN,028,dewz
TN029,TN,029,dewz
TN030,TN,030,-
TN031,TN,031,-
TN032,TN,032,-
TN033,TN,033,duez
TN034,TN,034,-
TN035,TN,035,-
TN036,TN,036,dewz
TN037,TN,037,dew{z}
TN038,TN,038,dewz
TN039,TN,039,due{z}
TN040,TN,040,dewz
TN041,TN,041,dewz
TN042,TN,042,-
TN043,TN,043,dewz
TN044,TN,044,dewz
TN045,TN,045,dewz
TN046,TN,046,dewz
TN047,TN,047,dewz
TN048,TN,048,dewz
TN049,TN,049,dewz
TN050,TN,050,-
TN051,TN,051,due{z}
TN052,TN,052,dewz
TN053,TN,053,duez
TN054,TN,054,dewz
TN055,TN,055,-
TN056,TN,056,duez
TN057,TN,057,duez
TN058,TN,058,duez
TN059,TN,059,dyuez
TN060,TN,060,duez
GA061,GA,061,-
GA062,GA,062,dew{z}
GA063,GA,063,-
GA064,GA,064,duez
GA065,GA,065,-
GA066,GA,066,dyuez
GA067,GA,067,-
GA068,GA,068,-
GA069,GA,069,dew{z}
GA070,GA,070,dewz
GA071,GA,071,dewz
GA072,GA,072,dewz
GA073,GA,073,dewz
GA074,GA,074,dewz
GA075,GA,075,dewz
GA076,GA,076,dyuez
GA077,GA,077,dewz
GA078,GA,078,dewz
GA079,GA,079,dewz
GA080,GA,080,-
GA081,GA,081,dewz
GA082,GA,082,-
GA083,GA,083,-
GA084,GA,084,dewz
GA085,GA,085,dyewz
GA086,GA,086,dewz
GA087,GA,087,dewz
GA088,GA,088,-
GA089,GA,089,-
GA090,GA,090,dyuez
GA091,GA,091,-
GA092,GA,092,-
GA093,GA,093,{d}ew{z}
GA094,GA,094,dewz
GA095,GA,095,dew{zh}
GA096,GA,096,dewz
GA097,GA,097,dewz
GA098,GA,098,dew{dh}
GA099,GA,099,dyuez
GA100,GA,100,duez
GA101,GA,101,duez
GA102,GA,102,duez
GA103,GA,103,dew{z}
GA103,GA,103,duez
GA104,GA,104,dewz
GA105,GA,105,dew{z}
GA106,GA,106,duez
GA107,GA,107,-
GA108,GA,108,duez
GA109,GA,109,-
GA110,GA,110,-
GA111,GA,111,-
GA112,GA,112,dyuez
GA113,GA,113,-
GA114,GA,114,-
GA115,GA,115,-
GA116,GA,116,-
GA117,GA,117,dewz
GA118,GA,118,dyewz
GA119,GA,119,-
GA120,GA,120,dyuez
GA121,GA,121,dyuez
GA122,GA,122,dewz
GA123,GA,123,dewz
GA124,GA,124,-
GA125,GA,125,duez
GA126,GA,126,-
GA127,GA,127,-
GA128,GA,128,-
GA129,GA,129,-
GA130,GA,130,-
GA131,GA,131,duez
GA132,GA,132,-
GA133,GA,133,-
GA134,GA,134,dewz
GA135,GA,135,-
GA136,GA,136,dewz
GA137,GA,137,dewz
GA138,GA,138,dewz
GA139,GA,139,-
GA140,GA,140,dewz
GA141,GA,141,dewz
GA142,GA,142,-
GA143,GA,143,dyuez
GA144,GA,144,dewz
GA145,GA,145,-
GA146,GA,146,dyewz
GA147,GA,147,-
GA148,GA,148,dyuez
GA149,GA,149,dyuez
GA150,GA,150,dyewz
GA151,GA,151,dewz
GA152,GA,152,dewz
GA153,GA,153,-
GA154,GA,154,dewz
GA155,GA,155,-
GA156,GA,156,-
GA157,GA,157,-
GA158,GA,158,-
GA159,GA,159,dyewz
GA160,GA,160,-
GA161,GA,161,-
GA162,GA,162,dewz
GA163,GA,163,due{z}
GA164,GA,164,duez
GA165,GA,165,dyuez
GA166,GA,166,dyewz
GA167,GA,167,dew{z}
GA168,GA,168,-
GA169,GA,169,dyuez
GA170,GA,170,duez
GA171,GA,171,duez
GA172,GA,172,-
GA173,GA,173,-
GA174,GA,174,-
GA175,GA,175,-
GA176,GA,176,-
GA177,GA,177,duez
GA178,GA,178,-
GA179,GA,179,duez
GA180,GA,180,dewz
GA181,GA,181,-
GA182,GA,182,-
GA183,GA,183,dew{z}
GA184,GA,184,dewz
GA185,GA,185,dewz
GA186,GA,186,dewz
GA187,GA,187,-
GA188,GA,188,juez
GA189,GA,189,dew{zh}
GA190,GA,190,dewz
GA191,GA,191,dew{z}
GA192,GA,192,duez
GA193,GA,193,-
GA194,GA,194,-
GA195,GA,195,-
GA196,GA,196,-
GA197,GA,197,-
GA198,GA,198,-
GA199,GA,199,-
GA200,GA,200,-
GA201,GA,201,dewz
GA202,GA,202,-
GA203,GA,203,-
GA204,GA,204,-
GA205,GA,205,-
GA206,GA,206,dewz
GA207,GA,207,-
GA208,GA,208,dyuez
GA209,GA,209,-
GA210,GA,210,duez
GA211,GA,211,dewz
GA212,GA,212,dyewz
GA213,GA,213,dyuez
GA214,GA,214,-
GA215,GA,215,-
GA216,GA,216,duez
GA217,GA,217,dewz
GA218,GA,218,-
GA219,GA,219,-
GA220,GA,220,dew{z}
GA221,GA,221,dewz
GA222,GA,222,-
GA223,GA,223,-
GA224,GA,224,-
GA225,GA,225,-
FL226,FL,226,due{z}
FL227,FL,227,duez
FL228,FL,228,dyewz
FL229,FL,229,dews
FL230,FL,230,duez
FL231,FL,231,duez
FL232,FL,232,duez
FL233,FL,233,duez
FL234,FL,234,duez
FL235,FL,235,duez
FL236,FL,236,dyuez
FL237,FL,237,dyewz
FL238,FL,238,dewz
FL239,FL,239,due{z}
FL240,FL,240,dewz
FL241,FL,241,-
FL242,FL,242,dewz
FL243,FL,243,dyuez
FL244,FL,244,-
FL245,FL,245,duez
FL246,FL,246,dewz
FL247,FL,247,duez
FL248,FL,248,due{z}
FL249,FL,249,dew{z}
FL250,FL,250,-
FL251,FL,251,-
FL252,FL,252,-
FL253,FL,253,dewz
FL254,FL,254,duez
FL255,FL,255,dyuez
FL256,FL,256,-
FL257,FL,257,dewz
FL258,FL,258,dewz
FL259,FL,259,duez
FL260,FL,260,-
FL261,FL,261,due{z}
FL262,FL,262,dyewz
FL263,FL,263,dewz
FL264,FL,264,duez
FL265,FL,265,-
FL266,FL,266,due{z}
FL267,FL,267,-
FL268,FL,268,-
FL269,FL,269,dew{z}
FL270,FL,270,due{z}
FL271,FL,271,duez
FL272,FL,272,dew{z}
FL273,FL,273,duez
FL274,FL,274,duez
FL275,FL,275,duez
FL276,FL,276,dewz
FL277,FL,277,-
FL278,FL,278,dew{z}
FL279,FL,279,dewz
FL280,FL,280,duez
FL281,FL,281,duez
FL282,FL,282,dyuez
FL283,FL,283,due{z}
FL284,FL,284,duez
FL285,FL,285,-
FL286,FL,286,dewz
FL287,FL,287,-
FL288,FL,288,duez
FL289,FL,289,dewz
TN290,TN,290,dewz
TN291,TN,291,duez
TN292,TN,292,dewz
TN293,TN,293,dewz
TN294,TN,294,duez
TN295,TN,295,-
TN296,TN,296,dewz
TN297,TN,297,dewz
TN298,TN,298,-
TN299,TN,299,dyuez
TN300,TN,300,dewz
TN301,TN,301,-
TN302,TN,302,dew{z}
TN303,TN,303,dyuez
TN304,TN,304,dyuez
TN305,TN,305,-
TN306,TN,306,dewz
TN307,TN,307,dyuez
TN308,TN,308,-
TN309,TN,309,-
TN310,TN,310,-
TN311,TN,311,duez
TN312,TN,312,dewz
TN313,TN,313,duez
TN314,TN,314,dew{z}
TN315,TN,315,-
TN316,TN,316,-
TN317,TN,317,dyuez
TN318,TN,318,-
TN319,TN,319,-
TN320,TN,320,jewz
TN321,TN,321,dyuez
TN322,TN,322,dyuez
TN323,TN,323,duez
TN324,TN,324,dewz
TN325,TN,325,dyuez
TN326,TN,326,dyuez
TN327,TN,327,duez
TN328,TN,328,dewz
TN329,TN,329,dewz
TN330,TN,330,dewz
TN331,TN,331,-
TN332,TN,332,dew{z}
TN333,TN,333,dewz
TN334,TN,334,dewz
TN335,TN,335,-
TN336,TN,336,dyue{z}
AL337,AL,337,-
AL338,AL,338,dew{z}
AL339,AL,339,-
AL340,AL,340,dewz
AL341,AL,341,-
AL342,AL,342,-
AL343,AL,343,duez
AL344,AL,344,-
AL345,AL,345,dewz
AL346,AL,346,-
AL347,AL,347,dewz
AL348,AL,348,dyuez
AL349,AL,349,dyuez
AL350,AL,350,dewz
AL351,AL,351,dewz
AL352,AL,352,dewz
AL353,AL,353,dewz
AL354,AL,354,dewz
AL355,AL,355,-
AL356,AL,356,dyuez
AL357,AL,357,dewz
AL358,AL,358,dewz
AL359,AL,359,dyuez
AL360,AL,360,dew{z}
AL361,AL,361,dewz
AL362,AL,362,dewz
AL363,AL,363,duez
AL364,AL,364,dewz
AL365,AL,365,dewz
AL366,AL,366,dewz
AL367,AL,367,dewz
AL368,AL,368,dewz
AL369,AL,369,dewz
AL370,AL,370,-
AL371,AL,371,-
AL372,AL,372,duez
AL373,AL,373,dew{z}
AL374,AL,374,dewz
AL375,AL,375,-
AL376,AL,376,-
AL377,AL,377,-
AL378,AL,378,-
AL379,AL,379,-
AL380,AL,380,dewz
AL381,AL,381,dewz
AL382,AL,382,-
AL383,AL,383,dew{z}
AL384,AL,384,duez
AL385,AL,385,duez
AL386,AL,386,dew{z}
AL387,AL,387,dewz
AL388,AL,388,dewz
AL389,AL,389,dyuez
AL390,AL,390,dewz
AL391,AL,391,dewz
AL392,AL,392,-
AL393,AL,393,dew{z}
AL394,AL,394,dewz
AL395,AL,395,dyuez
AL396,AL,396,-
AL397,AL,397,dewz
AL398,AL,398,dewz
AL399,AL,399,dewz
AL400,AL,400,dyuez
AL401,AL,401,-
AL402,AL,402,dewz
AL403,AL,403,dyuez
AL404,AL,404,dewz
AL405,AL,405,dewz
AL406,AL,406,duez
AL407,AL,407,dewz
AL408,AL,408,dewz
AL409,AL,409,dewz
AL410,AL,410,-
AL411,AL,411,duez
AL412,AL,412,-
AL413,AL,413,-
AL414,AL,414,due{z}
AL415,AL,415,dyuez
AL416,AL,416,dewz
AL417,AL,417,duez
AL418,AL,418,duez
AL419,AL,419,dewz
AL420,AL,420,dews
AL421,AL,421,duez
AL422,AL,422,dyuez
AL423,AL,423,dyue{z}
AL424,AL,424,duez
AL425,AL,425,dyuez
AL426,AL,426,dewz
AL427,AL,427,dyuez
AL428,AL,428,dewz
AL429,AL,429,-
AL430,AL,430,dyue{z}
AL431,AL,431,dyuez
AL432,AL,432,-
AL433,AL,433,duez
AL434,AL,434,dyuez
AL435,AL,435,dyue{z}
AL436,AL,436,dewz
AL437,AL,437,dewz
AL438,AL,438,dew{z}
AL439,AL,439,dewz
AL440,AL,440,dyuez
AL441,AL,441,dyuez
AL442,AL,442,dyew{dh}
AL443,AL,443,dewz
AL444,AL,444,dewz
AL445,AL,445,dewz
AL446,AL,446,dewz
AL447,AL,447,dewz
AL448,AL,448,dyuez
AL449,AL,449,-
AL450,AL,450,dewz
AL451,AL,451,dewz
FL452,FL,452,dewz
FL453,FL,453,-
FL454,FL,454,dewz
FL455,FL,455,duez
FL456,FL,456,dyuez
FL456,FL,456,dyue{z}
FL457,FL,457,due{z}
FL458,FL,458,dewz
FL459,FL,459,-
FL460,FL,460,dyewz
FL461,FL,461,dyuez
FL462,FL,462,dewdh
FL463,FL,463,-
FL464,FL,464,dewz
FL465,FL,465,dyuez
FL466,FL,466,dew{z}
FL467,FL,467,-
FL468,FL,468,-
FL469,FL,469,dyuez
FL470,FL,470,dyuez
FL471,FL,471,dewz
AL472,AL,472,dewz
AL473,AL,473,-
AL474,AL,474,duez
AL475,AL,475,dewz
AL476,AL,476,duez
AL477,AL,477,dewz
AL478,AL,478,-
AL479,AL,479,-
AL480,AL,480,dew{z}
AL481,AL,481,-
AL482,AL,482,dewz
AL483,AL,483,-
AL484,AL,484,duez
AL485,AL,485,-
TN486,TN,486,-
TN487,TN,487,-
TN488,TN,488,dyuez
TN489,TN,489,-
TN490,TN,490,dewz
TN491,TN,491,-
TN492,TN,492,dyewz
TN493,TN,493,-
TN494,TN,494,-
TN495,TN,495,dyuez
TN496,TN,496,dyuez
TN497,TN,497,-
TN498,TN,498,dewz
TN499,TN,499,dewz
TN500,TN,500,-
TN501,TN,501,dewz
TN502,TN,502,-
TN503,TN,503,dewz
TN504,TN,504,dewz
TN505,TN,505,dewz
TN506,TN,506,-
TN507,TN,507,-
TN508,TN,508,-
TN509,TN,509,-
TN510,TN,510,-
TN511,TN,511,-
TN512,TN,512,-
TN513,TN,513,dewz
TN514,TN,514,duez
TN515,TN,515,-
TN516,TN,516,dewz
TN517,TN,517,duez
TN518,TN,518,duez
TN519,TN,519,duez
MS520,MS,520,-
MS521,MS,521,dewz
MS522,MS,522,dyuez
MS523,MS,523,-
MS524,MS,524,dyuez
MS525,MS,525,-
MS526,MS,526,-
MS527,MS,527,dyuez
MS528,MS,528,dewz
MS529,MS,529,-
MS530,MS,530,dyuez
MS531,MS,531,-
MS532,MS,532,dewz
MS533,MS,533,dewz
MS534,MS,534,-
MS535,MS,535,dew{z}
MS536,MS,536,dyuez
MS537,MS,537,dyuez
MS538,MS,538,dewz
MS539,MS,539,dewz
MS540,MS,540,-
MS541,MS,541,-
MS542,MS,542,-
MS543,MS,543,-
MS544,MS,544,dyuez
MS545,MS,545,dyuez
MS546,MS,546,-
MS547,MS,547,dewz
MS548,MS,548,dewz
MS549,MS,549,dyuez
MS550,MS,550,-
MS551,MS,551,-
MS552,MS,552,-
MS553,MS,553,-
MS554,MS,554,-
MS555,MS,555,-
MS556,MS,556,-
MS557,MS,557,dewz
MS558,MS,558,duez
MS559,MS,559,-
MS560,MS,560,dewz
MS561,MS,561,-
MS562,MS,562,dewz
MS563,MS,563,dew{z}
MS564,MS,564,dewz
MS565,MS,565,dyuez
MS566,MS,566,-
MS567,MS,567,-
MS568,MS,568,-
MS569,MS,569,-
MS570,MS,570,dewz
MS571,MS,571,dewz
MS572,MS,572,dewz
MS573,MS,573,dewz
MS574,MS,574,dyewz
MS575,MS,575,dewz
MS576,MS,576,dyuez
MS577,MS,577,dewz
MS578,MS,578,dyuez
MS579,MS,579,dewz
MS580,MS,580,-
MS581,MS,581,-
MS582,MS,582,dewz
MS583,MS,583,dyuez
MS584,MS,584,dyuez
MS585,MS,585,dewz
MS586,MS,586,-
MS587,MS,587,dyuez
MS588,MS,588,dewz
MS589,MS,589,due{z}
MS590,MS,590,-
MS591,MS,591,duez
MS592,MS,592,-
MS593,MS,593,-
MS594,MS,594,dew{z}
MS595,MS,595,dewz
MS596,MS,596,dew(z)
MS597,MS,597,dewz
MS598,MS,598,-
MS599,MS,599,dyuez
MS600,MS,600,dew(z)
MS601,MS,601,dyuez
MS602,MS,602,dewd
MS603,MS,603,-
MS604,MS,604,-
MS605,MS,605,-
MS606,MS,606,-
MS607,MS,607,-
MS608,MS,608,dyuez
MS609,MS,609,dyuez
MS610,MS,610,dewz
MS611,MS,611,-
MS612,MS,612,dewz
MS613,MS,613,dewz
MS614,MS,614,-
MS615,MS,615,dyuez
MS616,MS,616,dyuez
MS617,MS,617,dew{dh}
MS618,MS,618,-
MS619,MS,619,-
MS620,MS,620,-
MS621,MS,621,dew{z}
MS622,MS,622,dewz
MS623,MS,623,-
MS624,MS,624,duez
MS625,MS,625,dyuez
MS626,MS,626,-
MS627,MS,627,dyuez
MS628,MS,628,dyuez
MS629,MS,629,dew{z}
LA630,LA,630,duez
LA631,LA,631,-
LA632,LA,632,dyuez
LA633,LA,633,dyuez
LA634,LA,634,dewz
LA635,LA,635,dyuez
LA636,LA,636,dyuez
LA637,LA,637,dewz
LA638,LA,638,dewz
LA639,LA,639,dyuez
LA640,LA,640,duez
LA641,LA,641,-
LA642,LA,642,dewz
LA643,LA,643,-
LA644,LA,644,-
LA645,LA,645,dyuez
LA646,LA,646,-
LA647,LA,647,duez
LA648,LA,648,dyuez
LA649,LA,649,-
LA650,LA,650,-
LA651,LA,651,dewz
LA652,LA,652,-
LA653,LA,653,dewz
LA654,LA,654,dyuez
LA655,LA,655,duez
LA656,LA,656,dewz
LA657,LA,657,dewz
LA657X,LA,657X,dewz
LA657Y,LA,657Y,duez
LA657Z,LA,657Z,dewz
LA658,LA,658,dewz
LA659,LA,659,dewz
LA660,LA,660,duez
LA661,LA,661,dyew{z}
LA662,LA,662,dewz
LA663,LA,663,-
LA664,LA,664,-
LA665,LA,665,-
LA666,LA,666,dyuez
LA667,LA,667,dew{z}
LA668,LA,668,dewz
LA669,LA,669,dewz
LA670,LA,670,duez
LA671,LA,671,dyuez
LA672,LA,672,dyuez
LA673,LA,673,dewz
AR674,AR,674,dewz
AR675,AR,675,duez
AR676,AR,676,-
AR677,AR,677,-
AR678,AR,678,-
AR679,AR,679,dew{z}
AR680,AR,680,dewz
AR681,AR,681,-
AR682,AR,682,dewz
AR683,AR,683,due{z}
AR684,AR,684,-
AR685,AR,685,due{z}
AR686,AR,686,dyue{z}
AR687,AR,687,dew(z)
AR687,AR,687,duez
AR688,AR,688,-
AR689,AR,689,dewz
AR690,AR,690,dewz
AR691,AR,691,dewz
AR692,AR,692,duez
AR693,AR,693,dewz
AR694,AR,694,dyuez
AR695,AR,695,dewz
AR696,AR,696,dewz
AR697,AR,697,duez
AR698,AR,698,-
AR699,AR,699,-
AR700,AR,700,-
AR701,AR,701,dyuez
AR702,AR,702,-
AR703,AR,703,duez
AR704,AR,704,due{z}
AR705,AR,705,duez
AR706,AR,706,-
AR707,AR,707,duez
AR708,AR,708,due{z}
AR709,AR,709,duez
AR710,AR,710,-
AR711,AR,711,dyuez
AR712,AR,712,duez
AR713,AR,713,-
AR714,AR,714,dewz
AR715,AR,715,-
AR716,AR,716,dyewz
AR717,AR,717,-
AR718,AR,718,-
AR719,AR,719,-
AR720,AR,720,-
AR721,AR,721,duez
AR722,AR,722,duez
AR723,AR,723,dewz
AR724,AR,724,dewz
AR725,AR,725,duez
AR726,AR,726,dyue{z}
AR727,AR,727,dewz
AR728,AR,728,dewz
AR729,AR,729,-
AR730,AR,730,duez
AR731,AR,731,dew(z)
AR732,AR,732,duez
AR733,AR,733,-
AR734,AR,734,-
AR735,AR,735,-
AR736,AR,736,duez
AR736,AR,736,dyuez
AR737,AR,737,dyuez
AR738,AR,738,duez
AR739,AR,739,-
AR740,AR,740,dewz
AR741,AR,741,dyuez
AR742,AR,742,duez
AR743,AR,743,-
AR744,AR,744,-
AR745,AR,745,-
AR746,AR,746,-
AR747,AR,747,dyuez
AR748,AR,748,duez
AR749,AR,749,dewz
AR750,AR,750,dyuez
AR751,AR,751,dewz
AR752,AR,752,dewz
AR753,AR,753,duez
AR754,AR,754,dyewz
AR755,AR,755,duez
LA756,LA,756,dyuez
LA757,LA,757,dewz
LA758,LA,758,dew{z}
LA759,LA,759,-
LA760,LA,760,duez
LA761,LA,761,dewz
LA762,LA,762,-
LA763,LA,763,-
LA764,LA,764,dyewz
LA765,LA,765,dyuez
LA766,LA,766,duez
LA767,LA,767,dewz
LA768,LA,768,duez
LA769,LA,769,duez
LA770,LA,770,dyuez
LA771,LA,771,dyuez
LA772,LA,772,dewz
LA773,LA,773,dew{z}
LA774,LA,774,-
LA775,LA,775,-
LA776,LA,776,dew{z}
LA777,LA,777,dewz
LA778,LA,778,dewz
LA779,LA,779,-
LA780,LA,780,duez
LA781,LA,781,dewz
LA782,LA,782,dewz
LA783,LA,783,-
LA784,LA,784,-
LA785,LA,785,dewz
LA786,LA,786,dyuez
LA787,LA,787,dew{z}
LA788,LA,788,dyuez
LA789,LA,789,dyuez
LA790,LA,790,dyuez
LA791,LA,791,-
LA792,LA,792,dewz
LA793,LA,793,-
LA794,LA,794,duez
LA795,LA,795,duezh
LA796,LA,796,dyewz
LA797,LA,797,-
LA798,LA,798,dewz
LA799,LA,799,-
LA800,LA,800,dyewz
LA801,LA,801,-
LA802,LA,802,-
LA803,LA,803,dyuez
LA804,LA,804,dewz
LA805,LA,805,dewz
LA806,LA,806,dewz
LA807,LA,807,dewz
LA808,LA,808,duez
LA809,LA,809,dewz
LA810,LA,810,dewz
LA811,LA,811,dewz
LA812,LA,812,-
LA813,LA,813,dew{z}
LA814,LA,814,dyuez
LA815,LA,815,duez
LA816,LA,816,duez
LA817,LA,817,dewz
TX818,TX,818,-
TX819,TX,819,dewz
TX820,TX,820,dew{z}
TX821,TX,821,dew(z)
TX822,TX,822,dewz
TX823,TX,823,-
TX824,TX,824,dew{z}
TX825,TX,825,dyewz
TX826,TX,826,duez
TX827,TX,827,dewz
TX828,TX,828,duez
TX829,TX,829,dewz
TX830,TX,830,due{z}
TX831,TX,831,duez
TX832,TX,832,-
TX833,TX,833,dewz
TX833,TX,833,dyewz
TX834,TX,834,duez
TX835,TX,835,dyuez
TX836,TX,836,dyewz
TX837,TX,837,-
TX838,TX,838,-
TX839,TX,839,dewz
TX840,TX,840,dewz
TX841,TX,841,-
TX842,TX,842,dyuez
TX843,TX,843,dewz
TX844,TX,844,dyewz
TX845,TX,845,-
TX846,TX,846,duez
TX847,TX,847,-
TX848,TX,848,duez
TX849,TX,849,-
TX850,TX,850,-
TX851,TX,851,duez
TX852,TX,852,dewz
TX853,TX,853,duez
TX854,TX,854,dyuez
TX855,TX,855,-
TX856,TX,856,dewz
TX857,TX,857,-
TX858,TX,858,dewz
TX859,TX,859,dewz
TX860,TX,860,dewz
TX861,TX,861,dewz
TX862,TX,862,duez
TX863,TX,863,dyuez
TX864,TX,864,duez
TX865,TX,865,dewz
TX866,TX,866,duez
TX867,TX,867,duez
TX868,TX,868,dewz
TX869,TX,869,duez
TX870,TX,870,duez
TX871,TX,871,-
TX872,TX,872,-
TX873,TX,873,due{z}
TX874,TX,874,dewz
TX875,TX,875,dyuez
TX876,TX,876,duez
TX877,TX,877,duez
TX878,TX,878,dyewz
TX879,TX,879,-
TX880,TX,880,-
TX881,TX,881,-
TX882,TX,882,dewz
TX883,TX,883,dewz
TX884,TX,884,-
TX885,TX,885,dyuez
TX886,TX,886,dew{z}
TX887,TX,887,dewz
TX888,TX,888,duez
TX889,TX,889,duez
TX890,TX,890,duez
TX891,TX,891,dyuez
TX892,TX,892,-
TX893,TX,893,due{z}
TX894,TX,894,dewz
TX895,TX,895,dew{z}
TX896,TX,896,dyewz
TX897,TX,897,-
TX898,TX,898,dewz
TX899,TX,899,-
TX900,TX,900,dyew{z}
TX901,TX,901,dyuez
TX902,TX,902,duez
TX903,TX,903,-
TX904,TX,904,duez
TX905,TX,905,duez
TX906,TX,906,duez
TX907,TX,907,-
TX908,TX,908,duez
TX909,TX,909,-
TX910,TX,910,dyewz
TX911,TX,911,duez
