Informant,State,Informant number,Response
TN001,TN,001,-
TN002,TN,002,unrapt=31
TN003,TN,003,onrapt=31
TN004,TN,004,unrapt=13
TN005,TN,005,unrapt=13
TN006,TN,006,unrapt=13
TN007,TN,007,unrapt=13
TN008,TN,008,onrapt=13
TN009,TN,009,unrapt=31
TN010,TN,010,unrapt=31
TN011,TN,011,{aw}nrapt=13
TN012,TN,012,unrapt=13
TN013,TN,013,unrapt=13
TN014,TN,014,unrapt=31
TN015,TN,015,onrapt=13
TN016,TN,016,unrapt=13
TN017,TN,017,unrapt=13
TN018,TN,018,unrapt=31
TN019,TN,019,unrapt=13
TN020,TN,020,unrapt=31
TN021,TN,021,Nrapt=41
TN022,TN,022,unrapt=13
TN023,TN,023,unrap=31
TN024,TN,024,unrapt=13
TN025,TN,025,-
TN026,TN,026,unrapt=31
TN027,TN,027,Nrapt=41
TN028,TN,028,unrap=31
TN029,TN,029,unrapt=31
TN030,TN,030,unrapt=31
TN031,TN,031,unrapt=31
TN032,TN,032,unrap=31
TN033,TN,033,unrapt=13
TN034,TN,034,onrapt=31
TN035,TN,035,Nrapt=41
TN036,TN,036,unrap=13
TN037,TN,037,unrapt=31
TN038,TN,038,anrapt=13
TN039,TN,039,unrapt=13
TN040,TN,040,unrapt=13
TN041,TN,041,unrapt=31
TN042,TN,042,-
TN043,TN,043,-
TN044,TN,044,-
TN045,TN,045,unrapt=31
TN046,TN,046,unrapt=13
TN047,TN,047,unrap=31
TN048,TN,048,unrapt=13
TN049,TN,049,unrapt=12
TN050,TN,050,unrapt=31
TN051,TN,051,unrapt=13
TN052,TN,052,unrapt=13
TN053,TN,053,onrapt=31
TN054,TN,054,oenrapt=21
TN055,TN,055,-
TN056,TN,056,unrapt=13
TN057,TN,057,unrapt=13
TN058,TN,058,unrapt=13
TN059,TN,059,unrapt=31
TN060,TN,060,unrapt=13
GA061,GA,061,unrapt=31
GA062,GA,062,unrap(t)=31
GA063,GA,063,-
GA064,GA,064,unrapt=13
GA065,GA,065,-
GA066,GA,066,unrapt=31
GA067,GA,067,unrap=13
GA068,GA,068,-
GA069,GA,069,-
GA070,GA,070,unrapt=13
GA071,GA,071,unrap=13
GA072,GA,072,unrapt=13
GA073,GA,073,unrapt=13
GA074,GA,074,unrapt=13
GA075,GA,075,unrapt=31
GA076,GA,076,unrap=31
GA077,GA,077,-
GA078,GA,078,unrap=13
GA079,GA,079,unrapt=31
GA080,GA,080,-
GA081,GA,081,unrapt=12
GA082,GA,082,-
GA083,GA,083,-
GA084,GA,084,unrapt=31
GA085,GA,085,unrapt=21
GA086,GA,086,unrapt=31
GA087,GA,087,unrap=13
GA088,GA,088,unropt=31
GA089,GA,089,-
GA090,GA,090,unrap=31
GA091,GA,091,-
GA092,GA,092,unrapt=31
GA093,GA,093,unrap=13
GA094,GA,094,unrapt=13
GA095,GA,095,unrapt=13
GA096,GA,096,unrapt=31
GA097,GA,097,unrapt=13
GA098,GA,098,unrapt=31
GA099,GA,099,unrap=31
GA100,GA,100,unrap=13
GA101,GA,101,unrapt=13
GA102,GA,102,Nrapt=41
GA103,GA,103,unrapt=13
GA104,GA,104,unrapt=13
GA105,GA,105,unrap=12
GA106,GA,106,unrap=13
GA107,GA,107,unrapt=13
GA108,GA,108,unrapt=31
GA109,GA,109,unrap=13
GA110,GA,110,unrapt=13
GA111,GA,111,unrapN=114
GA112,GA,112,unrap=21
GA113,GA,113,-
GA114,GA,114,-
GA115,GA,115,-
GA116,GA,116,-
GA117,GA,117,unrap=31
GA118,GA,118,unrapt=13
GA119,GA,119,unrapt=13
GA120,GA,120,unrapt=13
GA121,GA,121,unrapt=13
GA122,GA,122,unrapt=13
GA123,GA,123,unrapt=31
GA124,GA,124,unrap=13
GA125,GA,125,unrap=31
GA126,GA,126,unrap=31
GA127,GA,127,-
GA128,GA,128,-
GA129,GA,129,-
GA130,GA,130,-
GA131,GA,131,-
GA132,GA,132,-
GA133,GA,133,unrapt=31
GA134,GA,134,unrap=31
GA135,GA,135,unrapt=13
GA136,GA,136,unrapt=13
GA137,GA,137,unrapt=13
GA138,GA,138,-
GA139,GA,139,-
GA140,GA,140,unrap=13
GA141,GA,141,unrapt=13
GA142,GA,142,onrap=13
GA143,GA,143,onrap=31
GA144,GA,144,unrapt=31
GA145,GA,145,-
GA146,GA,146,-
GA147,GA,147,-
GA148,GA,148,-
GA149,GA,149,-
GA150,GA,150,unrap=31
GA151,GA,151,unr{aw}pt=31
GA152,GA,152,unrapt=31
GA153,GA,153,-
GA154,GA,154,unrapt=31
GA155,GA,155,onrapt=31
GA156,GA,156,-
GA157,GA,157,-
GA158,GA,158,-
GA159,GA,159,unrapt=21
GA160,GA,160,-
GA161,GA,161,unrapt=12
GA162,GA,162,onrapt=13
GA163,GA,163,unrapt=13
GA164,GA,164,unrapt=13
GA165,GA,165,-
GA166,GA,166,unrapt=31
GA167,GA,167,unrapt=31
GA168,GA,168,-
GA169,GA,169,-
GA170,GA,170,unrapt=13
GA171,GA,171,unrapt=31
GA172,GA,172,unrapt=31
GA173,GA,173,-
GA174,GA,174,-
GA175,GA,175,-
GA176,GA,176,-
GA177,GA,177,-
GA178,GA,178,-
GA179,GA,179,-
GA180,GA,180,-
GA181,GA,181,-
GA182,GA,182,-
GA183,GA,183,unrapt=31
GA184,GA,184,unrap=31
GA185,GA,185,unraps=31
GA186,GA,186,oonrapt=13
GA187,GA,187,-
GA188,GA,188,-
GA189,GA,189,unrap=31
GA190,GA,190,-
GA191,GA,191,unrapt=12
GA192,GA,192,unrapt=31
GA193,GA,193,-
GA194,GA,194,-
GA195,GA,195,-
GA196,GA,196,-
GA197,GA,197,-
GA198,GA,198,-
GA199,GA,199,unrap=31
GA200,GA,200,awnrap=13
GA201,GA,201,unrapt=13
GA202,GA,202,-
GA203,GA,203,-
GA204,GA,204,-
GA205,GA,205,-
GA206,GA,206,unrap=31
GA207,GA,207,unrapt=13
GA208,GA,208,unrap=31
GA209,GA,209,unrapt=13
GA210,GA,210,unrap=31
GA211,GA,211,unrapt=31
GA212,GA,212,-
GA213,GA,213,-
GA214,GA,214,unrapt=13
GA215,GA,215,-
GA216,GA,216,Nrapt=41
GA217,GA,217,unrap=31
GA218,GA,218,-
GA219,GA,219,-
GA220,GA,220,unrap=13
GA221,GA,221,unrop=31
GA222,GA,222,-
GA223,GA,223,unrapN=314
GA224,GA,224,-
GA225,GA,225,-
FL226,FL,226,-
FL227,FL,227,unrap=13
FL228,FL,228,unrap=13
FL229,FL,229,-
FL230,FL,230,unrapNG=314
FL231,FL,231,unrap=13
FL232,FL,232,unrap=13
FL233,FL,233,unrap=13
FL234,FL,234,unrapt=31
FL235,FL,235,unrapt=31
FL236,FL,236,unrapt=12
FL237,FL,237,unrap=13
FL238,FL,238,unrapt=13
FL239,FL,239,unrapt=13
FL240,FL,240,unrapt=13
FL241,FL,241,-
FL242,FL,242,unrapt=13
FL243,FL,243,unrapt=13
FL244,FL,244,-
FL245,FL,245,-
FL246,FL,246,unraps=13
FL247,FL,247,unrapt=13
FL248,FL,248,-
FL249,FL,249,unrap=31
FL250,FL,250,-
FL251,FL,251,-
FL252,FL,252,-
FL253,FL,253,unrapt=13
FL254,FL,254,unrapt=13
FL255,FL,255,unrap=31
FL256,FL,256,unrapt=13
FL257,FL,257,-
FL258,FL,258,unrapt=13
FL259,FL,259,unrapt=13
FL260,FL,260,-
FL261,FL,261,unrapt=13
FL262,FL,262,-
FL263,FL,263,unrapt=31
FL264,FL,264,unrapt=13
FL265,FL,265,unrap=31
FL266,FL,266,unrapt=13
FL267,FL,267,-
FL268,FL,268,-
FL269,FL,269,unrapt=13
FL270,FL,270,unrap=13
FL271,FL,271,onrapt=13
FL272,FL,272,unrapt=13
FL273,FL,273,unrapt=13
FL274,FL,274,unrapt=13
FL275,FL,275,unrap=13
FL276,FL,276,unrapt=31
FL277,FL,277,unrap=13
FL278,FL,278,unrapt=13
FL279,FL,279,unrapt=31
FL280,FL,280,unrapt=31
FL281,FL,281,unrapt=13
FL282,FL,282,-
FL283,FL,283,unrap=31
FL284,FL,284,unrap=31
FL285,FL,285,-
FL286,FL,286,unrap=13
FL287,FL,287,-
FL288,FL,288,-
FL289,FL,289,onrap=13
TN290,TN,290,unrapt=31
TN291,TN,291,unrapt=31
TN292,TN,292,unrapt=31
TN293,TN,293,unrapt=13
TN294,TN,294,unrap=13
TN295,TN,295,-
TN296,TN,296,unrapt=13
TN297,TN,297,-
TN298,TN,298,-
TN299,TN,299,unrapt=13
TN300,TN,300,unrept=13
TN301,TN,301,unrapt=13
TN302,TN,302,unrapt=31
TN303,TN,303,unrap=13
TN304,TN,304,awnrapt=31
TN305,TN,305,-
TN306,TN,306,unrap=13
TN307,TN,307,unrap=31
TN308,TN,308,-
TN309,TN,309,unrapt=21
TN310,TN,310,-
TN311,TN,311,unrap=13
TN312,TN,312,unrapt=31
TN313,TN,313,unrap=13
TN314,TN,314,unrap=13
TN315,TN,315,unrapt=21
TN316,TN,316,-
TN317,TN,317,unrapt=31
TN318,TN,318,-
TN319,TN,319,-
TN320,TN,320,-
TN321,TN,321,unrapt=13
TN322,TN,322,unrapt=13
TN323,TN,323,unrapt=31
TN324,TN,324,-
TN325,TN,325,unrapt=13
TN326,TN,326,unrapt=13
TN327,TN,327,unrapt=13
TN328,TN,328,unrapt=13
TN329,TN,329,unrapt=31
TN330,TN,330,unrapt=13
TN331,TN,331,unrapt=13
TN332,TN,332,unwap=13
TN333,TN,333,unrapt=31
TN334,TN,334,unrapt=13
TN335,TN,335,unrapt=13
TN336,TN,336,unrapt=31
AL337,AL,337,unrap=13
AL338,AL,338,unrapt=13
AL339,AL,339,unrapt=13
AL340,AL,340,-
AL341,AL,341,-
AL342,AL,342,-
AL343,AL,343,unrapt=13
AL344,AL,344,unrapt=31
AL345,AL,345,unrap=31
AL346,AL,346,onrapt=31
AL347,AL,347,unrapt=13
AL348,AL,348,unrap=31
AL349,AL,349,unrap=31
AL350,AL,350,unrapt=13
AL351,AL,351,Nrapt=41
AL352,AL,352,unrapt=13
AL353,AL,353,unrapt=31
AL354,AL,354,unrap=13
AL355,AL,355,unrap=13
AL356,AL,356,-
AL357,AL,357,unrapt=13
AL358,AL,358,unrapt=13
AL359,AL,359,unrapt=31
AL360,AL,360,unrapt=13
AL361,AL,361,unrapt=13
AL362,AL,362,unrapt=31
AL363,AL,363,unrapt=31
AL364,AL,364,-
AL365,AL,365,unrap=13
AL366,AL,366,-
AL367,AL,367,unrap=31
AL368,AL,368,-
AL369,AL,369,-
AL370,AL,370,unrapt=13
AL371,AL,371,unrap=13
AL372,AL,372,unrapt=13
AL373,AL,373,unrap=13
AL374,AL,374,unrapt=31
AL375,AL,375,unrap=13
AL376,AL,376,-
AL377,AL,377,unrapt=31
AL378,AL,378,-
AL379,AL,379,unrapt=13
AL380,AL,380,unrap=31
AL381,AL,381,-
AL382,AL,382,unrap=31
AL383,AL,383,unrapt=13
AL384,AL,384,unrapt=31
AL385,AL,385,unrapt=13
AL386,AL,386,unrapt=13
AL387,AL,387,unrapt=13
AL388,AL,388,unrapt=31
AL389,AL,389,unrap=13
AL390,AL,390,unrapt=13
AL391,AL,391,unrapt=13
AL392,AL,392,-
AL393,AL,393,unrapt=13
AL394,AL,394,unrapt=13
AL395,AL,395,unrap=13
AL396,AL,396,-
AL397,AL,397,unrapt=13
AL398,AL,398,unrap=13
AL399,AL,399,-
AL400,AL,400,unrapt=13
AL401,AL,401,aw[n]rap=31
AL402,AL,402,-
AL403,AL,403,unrapt=13
AL404,AL,404,unrap=31
AL405,AL,405,unrapt=13
AL406,AL,406,-
AL407,AL,407,unrap=31
AL408,AL,408,unrapt=13
AL409,AL,409,unrapt=13
AL410,AL,410,-
AL411,AL,411,unrapt=13
AL412,AL,412,-
AL413,AL,413,-
AL414,AL,414,unrap=13
AL415,AL,415,unrap=13
AL416,AL,416,unrap=31
AL417,AL,417,unrap=31
AL418,AL,418,unrapt=31
AL419,AL,419,unrapt=31
AL420,AL,420,-
AL421,AL,421,unrapt=31
AL422,AL,422,-
AL423,AL,423,unrap=13
AL424,AL,424,unrap=13
AL425,AL,425,-
AL426,AL,426,-
AL427,AL,427,unrapt=13
AL428,AL,428,unrapt=31
AL429,AL,429,-
AL430,AL,430,unrap=31
AL431,AL,431,unrapt=13
AL432,AL,432,-
AL433,AL,433,unrep=31
AL434,AL,434,onrap=13
AL435,AL,435,unrap=13
AL436,AL,436,unrap=21
AL437,AL,437,unrapt=31
AL438,AL,438,-
AL439,AL,439,unrapt=13
AL440,AL,440,unrapt=13
AL441,AL,441,unrap=13
AL442,AL,442,unrap=12
AL443,AL,443,unrap=13
AL444,AL,444,unrap=13
AL445,AL,445,unrap=13
AL446,AL,446,unrapt=13
AL447,AL,447,unrapt=13
AL448,AL,448,-
AL449,AL,449,unrapt=31
AL450,AL,450,-
AL451,AL,451,unrapt=31
FL452,FL,452,unrap=13
FL453,FL,453,-
FL454,FL,454,unrapt=13
FL455,FL,455,unrapt=13
FL456,FL,456,unrapt=13
FL457,FL,457,unrapt=31
FL458,FL,458,unrapt=31
FL459,FL,459,-
FL460,FL,460,unropt=31
FL461,FL,461,unrapt=31
FL462,FL,462,-
FL463,FL,463,-
FL464,FL,464,awnrapt=31
FL465,FL,465,-
FL466,FL,466,-
FL467,FL,467,-
FL468,FL,468,-
FL469,FL,469,unrapt=31
FL470,FL,470,unrapt=31
FL471,FL,471,unrapt=13
AL472,AL,472,unrapt=31
AL473,AL,473,-
AL474,AL,474,unrapt=13
AL475,AL,475,unrapt=13
AL476,AL,476,unrapt=13
AL477,AL,477,unrap=13
AL478,AL,478,-
AL479,AL,479,unrap=13
AL480,AL,480,unrapt=13
AL481,AL,481,-
AL482,AL,482,unrapt=12
AL483,AL,483,-
AL484,AL,484,unrapt=13
AL485,AL,485,-
TN486,TN,486,-
TN487,TN,487,-
TN488,TN,488,Nrapt=41
TN489,TN,489,unrap=31
TN490,TN,490,unrap=31
TN491,TN,491,-
TN492,TN,492,unrap=13
TN493,TN,493,-
TN494,TN,494,-
TN495,TN,495,Nrapt=41
TN496,TN,496,unrapt=13
TN497,TN,497,-
TN498,TN,498,unrapt=31
TN499,TN,499,unrapt=13
TN500,TN,500,-
TN501,TN,501,unraps=31
TN502,TN,502,unrap=31
TN503,TN,503,-
TN504,TN,504,unrap=31
TN505,TN,505,unrap=12
TN506,TN,506,unrap=13
TN507,TN,507,-
TN508,TN,508,unrapt=13
TN509,TN,509,-
TN510,TN,510,-
TN511,TN,511,-
TN512,TN,512,-
TN513,TN,513,unrapt=12
TN514,TN,514,unrap=31
TN515,TN,515,-
TN516,TN,516,unrap=13
TN517,TN,517,unrapt=31
TN518,TN,518,unrap=13
TN519,TN,519,unrap=13
MS520,MS,520,-
MS521,MS,521,unrapt=31
MS522,MS,522,unrap=13
MS523,MS,523,-
MS524,MS,524,unrap=13
MS525,MS,525,-
MS526,MS,526,-
MS527,MS,527,-
MS528,MS,528,-
MS529,MS,529,-
MS530,MS,530,-
MS531,MS,531,-
MS532,MS,532,unrapt=13
MS533,MS,533,unrapt=31
MS534,MS,534,onrap=31
MS535,MS,535,unrap=13
MS536,MS,536,-
MS537,MS,537,-
MS538,MS,538,-
MS539,MS,539,unrapt=31
MS540,MS,540,-
MS541,MS,541,unrapt=31
MS542,MS,542,-
MS543,MS,543,unrap=31
MS544,MS,544,-
MS545,MS,545,-
MS546,MS,546,-
MS547,MS,547,onrap=13
MS548,MS,548,unra(p)t=13
MS549,MS,549,-
MS550,MS,550,-
MS551,MS,551,-
MS552,MS,552,-
MS553,MS,553,-
MS554,MS,554,-
MS555,MS,555,-
MS556,MS,556,-
MS557,MS,557,unrapt=13
MS558,MS,558,unrapt=13
MS559,MS,559,-
MS560,MS,560,unrapt=31
MS561,MS,561,-
MS562,MS,562,unrapt=13
MS563,MS,563,unrapt=13
MS564,MS,564,unrapt=13
MS565,MS,565,unrap=13
MS566,MS,566,-
MS567,MS,567,-
MS568,MS,568,-
MS569,MS,569,unrapt=13
MS570,MS,570,unrapt=13
MS571,MS,571,unrapt=31
MS572,MS,572,-
MS573,MS,573,-
MS574,MS,574,unrapt=13
MS575,MS,575,u[n]rapt=13
MS576,MS,576,Nrapt=41
MS577,MS,577,-
MS578,MS,578,unrapt=31
MS579,MS,579,unrapt=13
MS580,MS,580,-
MS581,MS,581,-
MS582,MS,582,unropt=13
MS583,MS,583,unrapt=31
MS584,MS,584,unrapt=13
MS585,MS,585,unrapt=13
MS586,MS,586,-
MS587,MS,587,unrap=31
MS588,MS,588,unrapt=21
MS589,MS,589,-
MS590,MS,590,-
MS591,MS,591,unrapt=13
MS592,MS,592,unrapt=31
MS593,MS,593,-
MS594,MS,594,unrapt=31
MS595,MS,595,-
MS596,MS,596,unrapt=13
MS597,MS,597,unrapt=13
MS598,MS,598,-
MS599,MS,599,unrapt=13
MS600,MS,600,unropt=13
MS601,MS,601,unrapt=13
MS602,MS,602,unrapt=13
MS603,MS,603,-
MS604,MS,604,-
MS605,MS,605,-
MS606,MS,606,-
MS607,MS,607,unrapt=31
MS608,MS,608,unrapt=31
MS609,MS,609,awnrapt=13
MS610,MS,610,unrap=13
MS611,MS,611,-
MS612,MS,612,unrapt=13
MS613,MS,613,unrapt=13
MS614,MS,614,-
MS615,MS,615,unrapt=13
MS616,MS,616,unrapt=31
MS617,MS,617,unrap=31
MS618,MS,618,Nrapt=41
MS619,MS,619,-
MS620,MS,620,-
MS621,MS,621,-
MS622,MS,622,unrapt=13
MS623,MS,623,unrapt=13
MS624,MS,624,unrapt=13
MS625,MS,625,unrap=31
MS626,MS,626,-
MS627,MS,627,unrapt=31
MS628,MS,628,unrapt=31
MS629,MS,629,unrapt=13
LA630,LA,630,unrap=31
LA631,LA,631,-
LA632,LA,632,unrapt=31
LA633,LA,633,-
LA634,LA,634,unrapt=31
LA635,LA,635,unrapt=13
LA636,LA,636,unrapt=21
LA637,LA,637,unrapt=13
LA638,LA,638,-
LA639,LA,639,unrapt=13
LA640,LA,640,unrapt=31
LA641,LA,641,unrapt=13
LA642,LA,642,-
LA643,LA,643,unrapt=13
LA644,LA,644,unrapt=31
LA645,LA,645,unrap=31
LA646,LA,646,unrap=31
LA647,LA,647,-
LA648,LA,648,unrapt=13
LA649,LA,649,unrapt=13
LA650,LA,650,unrapt=31
LA651,LA,651,-
LA652,LA,652,unrapt=13
LA653,LA,653,-
LA654,LA,654,unrap=13
LA655,LA,655,unrapt=13
LA656,LA,656,unrapt=31
LA657,LA,657,unrapt=13
LA657X,LA,657X,unrap=13
LA657Y,LA,657Y,unrapt=13
LA657Z,LA,657Z,unrapt=13
LA658,LA,658,unrap=31
LA659,LA,659,unrapt=31
LA660,LA,660,unrapt=31
LA661,LA,661,Nrapt=41
LA662,LA,662,unrapt=13
LA663,LA,663,-
LA664,LA,664,-
LA665,LA,665,unrap=31
LA666,LA,666,unrap=31
LA667,LA,667,unrap=31
LA668,LA,668,unrap=31
LA669,LA,669,unrap=13
LA670,LA,670,unrapt=13
LA671,LA,671,unrapt=31
LA672,LA,672,-
LA673,LA,673,unrapt=13
AR674,AR,674,unrapt=31
AR675,AR,675,unrapt=12
AR676,AR,676,-
AR677,AR,677,-
AR678,AR,678,-
AR679,AR,679,unrapt=13
AR680,AR,680,-
AR681,AR,681,unrawpt=13
AR682,AR,682,-
AR683,AR,683,unrap=13
AR684,AR,684,-
AR685,AR,685,unrapt=13
AR686,AR,686,unrap=31
AR687,AR,687,unrapt=31
AR688,AR,688,unrap=31
AR689,AR,689,unrapt=13
AR690,AR,690,-
AR691,AR,691,unrap=13
AR692,AR,692,unrap=13
AR693,AR,693,unrap=13
AR694,AR,694,unrapt=12
AR695,AR,695,unrapt=13
AR696,AR,696,-
AR697,AR,697,unrap=13
AR698,AR,698,-
AR699,AR,699,-
AR700,AR,700,-
AR701,AR,701,unrapt=31
AR702,AR,702,-
AR703,AR,703,-
AR704,AR,704,onrap=13
AR705,AR,705,unrapt=31
AR706,AR,706,-
AR707,AR,707,unrapt=13
AR708,AR,708,unrapt=13
AR709,AR,709,unrapt=13
AR710,AR,710,-
AR711,AR,711,unrapt=31
AR712,AR,712,unrapt=13
AR713,AR,713,unrapt=31
AR714,AR,714,unrapt=13
AR715,AR,715,-
AR716,AR,716,unrap=13
AR717,AR,717,unrap=31
AR718,AR,718,unrap=13
AR719,AR,719,unrap=13
AR720,AR,720,-
AR721,AR,721,unrapt=13
AR722,AR,722,onrapt=31
AR723,AR,723,unrapt=31
AR724,AR,724,unrapt=31
AR725,AR,725,unrapt=13
AR726,AR,726,hunrap=13
AR727,AR,727,unrap=31
AR728,AR,728,-
AR729,AR,729,-
AR730,AR,730,unrap=13
AR731,AR,731,unrap=13
AR732,AR,732,unrop=13
AR733,AR,733,-
AR734,AR,734,-
AR735,AR,735,-
AR736,AR,736,-
AR737,AR,737,unrap=13
AR738,AR,738,unrapt=13
AR739,AR,739,-
AR740,AR,740,unrap=13
AR741,AR,741,unrapt=13
AR742,AR,742,unrap=31
AR743,AR,743,unrapt=31
AR744,AR,744,-
AR745,AR,745,-
AR746,AR,746,-
AR747,AR,747,unrapt=13
AR748,AR,748,-
AR749,AR,749,unrapt=31
AR750,AR,750,-
AR751,AR,751,unrapt=13
AR752,AR,752,unrapt=13
AR753,AR,753,unrapt=13
AR754,AR,754,unrapt=13
AR755,AR,755,-
LA756,LA,756,-
LA757,LA,757,unrapt=13
LA758,LA,758,unrapt=13
LA759,LA,759,-
LA760,LA,760,-
LA761,LA,761,unrapt=31
LA762,LA,762,-
LA763,LA,763,-
LA764,LA,764,unrapt=13
LA765,LA,765,unrapt=13
LA766,LA,766,unrapt=13
LA767,LA,767,unrapt=13
LA768,LA,768,Nrapt=41
LA769,LA,769,unrapt=13
LA770,LA,770,unrapt=13
LA771,LA,771,unrap=31
LA772,LA,772,unrapt=31
LA773,LA,773,unrapt=13
LA774,LA,774,-
LA775,LA,775,-
LA776,LA,776,unrapt=12
LA777,LA,777,unrapt=13
LA778,LA,778,unrapt=31
LA779,LA,779,unrapt=13
LA780,LA,780,unrapt=13
LA780,LA,780,unropt=13
LA781,LA,781,unrap=13
LA782,LA,782,onrap=21
LA783,LA,783,-
LA784,LA,784,-
LA785,LA,785,-
LA786,LA,786,unrapt=31
LA787,LA,787,unrapt=13
LA788,LA,788,unrapt=13
LA789,LA,789,unrap=31
LA790,LA,790,unrapt=13
LA791,LA,791,unrapt=13
LA792,LA,792,unropt=31
LA793,LA,793,-
LA794,LA,794,unrapt=31
LA795,LA,795,-
LA796,LA,796,unrapt=13
LA797,LA,797,unrapt=21
LA798,LA,798,unrapt=13
LA799,LA,799,-
LA800,LA,800,unrapt=31
LA801,LA,801,unrapt=13
LA802,LA,802,-
LA803,LA,803,-
LA804,LA,804,-
LA805,LA,805,unrap=31
LA806,LA,806,unrapt=13
LA807,LA,807,Nrapt=41
LA808,LA,808,oenrapt=13
LA809,LA,809,unrapt=13
LA810,LA,810,unrap=31
LA811,LA,811,oonrapt=31
LA812,LA,812,-
LA813,LA,813,-
LA814,LA,814,unrapt=13
LA815,LA,815,unrapt=13
LA816,LA,816,unrapt=13
LA817,LA,817,unrapt=31
TX818,TX,818,-
TX819,TX,819,unrapt=12
TX820,TX,820,unrap=13
TX821,TX,821,unrap=31
TX822,TX,822,onrapt=13
TX823,TX,823,unrapt=31
TX824,TX,824,unrapt=13
TX825,TX,825,unrapt=31
TX826,TX,826,unrapt=13
TX827,TX,827,unrapt=31
TX828,TX,828,unrapt=13
TX829,TX,829,unrapt=13
TX830,TX,830,unrapt=13
TX831,TX,831,unrapt=13
TX832,TX,832,-
TX833,TX,833,unrapt=13
TX834,TX,834,unrapt=13
TX835,TX,835,unrapt=31
TX836,TX,836,unrapt=13
TX837,TX,837,-
TX838,TX,838,-
TX839,TX,839,-
TX840,TX,840,unrap=13
TX841,TX,841,unrap=13
TX842,TX,842,unrapt=13
TX843,TX,843,unrapt=13
TX844,TX,844,unrap=13
TX845,TX,845,-
TX846,TX,846,unrapt=13
TX847,TX,847,-
TX848,TX,848,unrapt=13
TX849,TX,849,unrapt=31
TX850,TX,850,-
TX851,TX,851,-
TX852,TX,852,unrapt=31
TX853,TX,853,unrapt=31
TX854,TX,854,unrapt=13
TX855,TX,855,-
TX856,TX,856,-
TX857,TX,857,unrapt=13
TX858,TX,858,-
TX859,TX,859,unrapt=31
TX860,TX,860,unrapt=13
TX861,TX,861,unrapt=21
TX862,TX,862,unrapt=13
TX863,TX,863,unrapt=13
TX864,TX,864,-
TX865,TX,865,unrapt=13
TX866,TX,866,unrapt=13
TX867,TX,867,unrapt=13
TX868,TX,868,unrapt=13
TX869,TX,869,unrapt=31
TX870,TX,870,unrapt=13
TX871,TX,871,-
TX872,TX,872,-
TX873,TX,873,unrapt=13
TX874,TX,874,unrapt=13
TX875,TX,875,unrapt=13
TX876,TX,876,unrapt=13
TX877,TX,877,unrapt=31
TX878,TX,878,unrapt=13
TX879,TX,879,-
TX880,TX,880,-
TX881,TX,881,-
TX882,TX,882,unrap=13
TX883,TX,883,unrapt=13
TX884,TX,884,-
TX885,TX,885,unrapt=13
TX886,TX,886,unrapt=13
TX887,TX,887,unrap=31
TX888,TX,888,unrap=13
TX889,TX,889,unrap=13
TX890,TX,890,unrap=13
TX891,TX,891,unrapt=13
TX892,TX,892,-
TX893,TX,893,unrapt=13
TX894,TX,894,unrapt=13
TX895,TX,895,unrapt=13
TX896,TX,896,-
TX897,TX,897,-
TX898,TX,898,-
TX899,TX,899,-
TX900,TX,900,unrapt=13
TX901,TX,901,unrapt=31
TX902,TX,902,unrap=13
TX903,TX,903,-
TX904,TX,904,unrapt=13
TX905,TX,905,unrapt=13
TX906,TX,906,unrapt=31
TX907,TX,907,-
TX908,TX,908,unrapt=13
TX909,TX,909,-
TX910,TX,910,unrapt=13
TX911,TX,911,unrapt=13
