Informant,State,Informant number,Response
TN001,TN,001,-
TN002,TN,002,laws
TN003,TN,003,laws
TN004,TN,004,l{aw}s
TN005,TN,005,laws
TN006,TN,006,laws
TN007,TN,007,laws
TN008,TN,008,-
TN009,TN,009,laws
TN010,TN,010,laws
TN011,TN,011,laws
TN012,TN,012,laws
TN013,TN,013,laws
TN014,TN,014,laws
TN015,TN,015,laws
TN016,TN,016,l{aw}s
TN017,TN,017,laws
TN018,TN,018,l{aw}s
TN019,TN,019,laws
TN020,TN,020,laws
TN021,TN,021,-
TN022,TN,022,laws
TN023,TN,023,laws
TN024,TN,024,laws
TN025,TN,025,-
TN026,TN,026,laws
TN027,TN,027,l{aw}s
TN028,TN,028,laws
TN029,TN,029,laws
TN030,TN,030,laws
TN031,TN,031,-
TN032,TN,032,laws
TN033,TN,033,laws
TN034,TN,034,laws
TN035,TN,035,laws
TN036,TN,036,laws
TN037,TN,037,laws
TN038,TN,038,laws
TN039,TN,039,-
TN040,TN,040,laws
TN041,TN,041,laws
TN042,TN,042,-
TN043,TN,043,laws
TN044,TN,044,-
TN045,TN,045,-
TN046,TN,046,laws
TN047,TN,047,laws
TN048,TN,048,laws
TN049,TN,049,laws
TN050,TN,050,laws
TN051,TN,051,laws
TN052,TN,052,-
TN053,TN,053,laws
TN054,TN,054,-
TN055,TN,055,l{aw}s
TN056,TN,056,l{aw}s
TN057,TN,057,l{aw}s
TN058,TN,058,laws
TN059,TN,059,laws
TN060,TN,060,l{aw}s
GA061,GA,061,laws
GA062,GA,062,-
GA063,GA,063,-
GA064,GA,064,laws
GA065,GA,065,-
GA066,GA,066,-
GA067,GA,067,laws
GA068,GA,068,-
GA069,GA,069,-
GA070,GA,070,laws
GA071,GA,071,-
GA072,GA,072,laws
GA073,GA,073,l{aw}s
GA074,GA,074,-
GA075,GA,075,l{aw}s
GA076,GA,076,laws
GA077,GA,077,laws
GA078,GA,078,laws
GA079,GA,079,laws
GA080,GA,080,-
GA081,GA,081,-
GA082,GA,082,-
GA083,GA,083,laws
GA084,GA,084,-
GA085,GA,085,laws
GA086,GA,086,-
GA087,GA,087,laws
GA088,GA,088,-
GA089,GA,089,-
GA090,GA,090,-
GA091,GA,091,laws
GA092,GA,092,-
GA093,GA,093,-
GA094,GA,094,laws
GA095,GA,095,-
GA096,GA,096,-
GA097,GA,097,l{aw}s
GA098,GA,098,-
GA099,GA,099,laws
GA100,GA,100,l{aw}s
GA101,GA,101,l{aw}s
GA102,GA,102,laws
GA103,GA,103,l{aw}s
GA104,GA,104,laws
GA105,GA,105,laws
GA106,GA,106,laws
GA107,GA,107,laws
GA108,GA,108,laws
GA109,GA,109,l{aw}s
GA110,GA,110,-
GA111,GA,111,laws
GA112,GA,112,laws
GA113,GA,113,-
GA114,GA,114,-
GA115,GA,115,-
GA116,GA,116,-
GA117,GA,117,laws
GA118,GA,118,laws
GA119,GA,119,laws
GA120,GA,120,laws
GA121,GA,121,-
GA122,GA,122,laws
GA123,GA,123,laws
GA124,GA,124,l{aw}s
GA125,GA,125,laws
GA126,GA,126,laws
GA127,GA,127,-
GA128,GA,128,-
GA129,GA,129,-
GA130,GA,130,-
GA131,GA,131,laws
GA132,GA,132,-
GA133,GA,133,-
GA134,GA,134,-
GA135,GA,135,laws
GA136,GA,136,laws
GA137,GA,137,l{aw}s
GA138,GA,138,laws
GA139,GA,139,-
GA140,GA,140,-
GA141,GA,141,l{aw}s
GA142,GA,142,laws
GA143,GA,143,laws
GA144,GA,144,laws
GA145,GA,145,-
GA146,GA,146,-
GA147,GA,147,-
GA148,GA,148,laws
GA149,GA,149,laws
GA150,GA,150,laws
GA151,GA,151,laws
GA152,GA,152,-
GA153,GA,153,-
GA154,GA,154,laws
GA155,GA,155,-
GA156,GA,156,-
GA157,GA,157,-
GA158,GA,158,-
GA159,GA,159,-
GA160,GA,160,-
GA161,GA,161,l{aw}s
GA162,GA,162,laws
GA163,GA,163,laws
GA164,GA,164,laws
GA165,GA,165,laws
GA166,GA,166,laws
GA167,GA,167,laws
GA168,GA,168,-
GA169,GA,169,-
GA170,GA,170,laws
GA171,GA,171,-
GA172,GA,172,laws
GA173,GA,173,-
GA174,GA,174,-
GA175,GA,175,-
GA176,GA,176,-
GA177,GA,177,laws
GA178,GA,178,-
GA179,GA,179,-
GA180,GA,180,laws
GA181,GA,181,-
GA182,GA,182,-
GA183,GA,183,laws
GA184,GA,184,laws
GA185,GA,185,laws
GA186,GA,186,laws
GA187,GA,187,-
GA188,GA,188,laws
GA189,GA,189,laws
GA190,GA,190,-
GA191,GA,191,-
GA192,GA,192,laws
GA193,GA,193,-
GA194,GA,194,-
GA195,GA,195,-
GA196,GA,196,-
GA197,GA,197,-
GA198,GA,198,-
GA199,GA,199,-
GA200,GA,200,-
GA201,GA,201,-
GA202,GA,202,laws
GA203,GA,203,-
GA204,GA,204,-
GA205,GA,205,-
GA206,GA,206,laws
GA207,GA,207,-
GA208,GA,208,laws
GA209,GA,209,l{aw}s
GA210,GA,210,laws
GA211,GA,211,-
GA212,GA,212,laws
GA213,GA,213,laws
GA214,GA,214,laws
GA215,GA,215,-
GA216,GA,216,-
GA217,GA,217,laws
GA218,GA,218,-
GA219,GA,219,-
GA220,GA,220,-
GA221,GA,221,laws
GA222,GA,222,-
GA223,GA,223,laws
GA224,GA,224,-
GA225,GA,225,-
FL226,FL,226,-
FL227,FL,227,-
FL228,FL,228,-
FL229,FL,229,laws
FL230,FL,230,-
FL231,FL,231,laws
FL232,FL,232,laws
FL233,FL,233,-
FL234,FL,234,laws
FL235,FL,235,-
FL236,FL,236,laws
FL237,FL,237,-
FL238,FL,238,-
FL239,FL,239,laws
FL240,FL,240,l{aw}s
FL241,FL,241,-
FL242,FL,242,-
FL243,FL,243,laws
FL244,FL,244,-
FL245,FL,245,l{aw}s
FL246,FL,246,laws
FL247,FL,247,-
FL248,FL,248,laws
FL249,FL,249,laws
FL250,FL,250,-
FL251,FL,251,-
FL252,FL,252,-
FL253,FL,253,-
FL254,FL,254,-
FL255,FL,255,laws
FL256,FL,256,-
FL257,FL,257,laws
FL258,FL,258,laws
FL259,FL,259,laws
FL260,FL,260,-
FL261,FL,261,l{aw}s
FL262,FL,262,-
FL263,FL,263,-
FL264,FL,264,laws
FL265,FL,265,-
FL266,FL,266,los
FL267,FL,267,-
FL268,FL,268,-
FL269,FL,269,laws
FL270,FL,270,laws
FL271,FL,271,laws
FL272,FL,272,laws
FL273,FL,273,-
FL274,FL,274,laws
FL275,FL,275,loes
FL276,FL,276,-
FL277,FL,277,laws
FL278,FL,278,laws
FL279,FL,279,l{aw}s
FL280,FL,280,laws
FL281,FL,281,laws
FL282,FL,282,-
FL283,FL,283,-
FL284,FL,284,laws
FL285,FL,285,-
FL286,FL,286,laws
FL287,FL,287,-
FL288,FL,288,-
FL289,FL,289,lawst
TN290,TN,290,-
TN291,TN,291,laws
TN292,TN,292,-
TN293,TN,293,laws
TN294,TN,294,l{aw}s
TN295,TN,295,lawst
TN296,TN,296,laws
TN297,TN,297,-
TN298,TN,298,-
TN299,TN,299,laws
TN300,TN,300,l{aw}s
TN301,TN,301,-
TN302,TN,302,laws
TN303,TN,303,-
TN304,TN,304,laws
TN305,TN,305,-
TN306,TN,306,l{aw}s
TN307,TN,307,laws
TN308,TN,308,-
TN309,TN,309,-
TN310,TN,310,-
TN311,TN,311,laws
TN312,TN,312,l{aw}s
TN313,TN,313,l{aw}s
TN314,TN,314,l{aw}s
TN315,TN,315,-
TN316,TN,316,-
TN317,TN,317,-
TN318,TN,318,laws
TN319,TN,319,-
TN320,TN,320,-
TN321,TN,321,laws
TN322,TN,322,-
TN323,TN,323,laws
TN324,TN,324,laws
TN325,TN,325,laws
TN326,TN,326,laws
TN327,TN,327,laws
TN328,TN,328,laws
TN329,TN,329,l{aw}s
TN330,TN,330,laws
TN331,TN,331,laws
TN332,TN,332,l{aw}s
TN333,TN,333,-
TN334,TN,334,laws
TN335,TN,335,laws
TN336,TN,336,-
AL337,AL,337,laws
AL338,AL,338,laws
AL339,AL,339,laws
AL340,AL,340,-
AL341,AL,341,-
AL342,AL,342,laws
AL343,AL,343,l{aw}s
AL344,AL,344,-
AL345,AL,345,l{aw}s
AL346,AL,346,-
AL347,AL,347,laws
AL348,AL,348,laws
AL349,AL,349,-
AL350,AL,350,l{aw}s
AL351,AL,351,l{aw}s
AL352,AL,352,-
AL353,AL,353,laws
AL354,AL,354,laws
AL355,AL,355,laws
AL356,AL,356,laws
AL357,AL,357,l{aw}s
AL358,AL,358,laws
AL359,AL,359,l{aw}s
AL360,AL,360,l{aw}s
AL361,AL,361,l{aw}s
AL362,AL,362,laws
AL363,AL,363,laws
AL364,AL,364,laws
AL365,AL,365,-
AL366,AL,366,lawst
AL367,AL,367,laws
AL368,AL,368,-
AL369,AL,369,-
AL370,AL,370,laws
AL371,AL,371,-
AL372,AL,372,laws
AL373,AL,373,l{aw}s
AL374,AL,374,l{aw}s
AL375,AL,375,l{aw}s
AL376,AL,376,-
AL377,AL,377,-
AL378,AL,378,laws
AL379,AL,379,laws
AL380,AL,380,laws
AL381,AL,381,laws
AL382,AL,382,laws
AL383,AL,383,laws
AL384,AL,384,lawst
AL385,AL,385,-
AL386,AL,386,laws
AL387,AL,387,laws
AL388,AL,388,-
AL389,AL,389,lawst
AL390,AL,390,laws
AL391,AL,391,l{aw}s
AL392,AL,392,-
AL393,AL,393,-
AL394,AL,394,laws
AL395,AL,395,laws
AL396,AL,396,-
AL397,AL,397,l{aw}s
AL398,AL,398,l{aw}st
AL399,AL,399,-
AL400,AL,400,lawst
AL401,AL,401,-
AL402,AL,402,laws
AL403,AL,403,-
AL404,AL,404,laws
AL405,AL,405,l{aw}s
AL406,AL,406,-
AL407,AL,407,laws
AL408,AL,408,laws
AL409,AL,409,laws
AL410,AL,410,-
AL411,AL,411,laws
AL412,AL,412,-
AL413,AL,413,-
AL414,AL,414,laws
AL415,AL,415,-
AL416,AL,416,laws
AL417,AL,417,-
AL418,AL,418,-
AL419,AL,419,laws
AL420,AL,420,-
AL421,AL,421,laws
AL422,AL,422,-
AL423,AL,423,-
AL424,AL,424,-
AL425,AL,425,laws
AL426,AL,426,laws
AL427,AL,427,laws
AL428,AL,428,l{aw}s
AL429,AL,429,-
AL430,AL,430,laws
AL431,AL,431,laws
AL432,AL,432,-
AL433,AL,433,laws
AL434,AL,434,-
AL435,AL,435,laws
AL436,AL,436,los
AL437,AL,437,laws
AL438,AL,438,-
AL439,AL,439,laws
AL440,AL,440,laws
AL441,AL,441,-
AL442,AL,442,lawsh
AL443,AL,443,laws
AL444,AL,444,laws
AL445,AL,445,l{aw}s
AL446,AL,446,laws
AL447,AL,447,-
AL448,AL,448,laws
AL449,AL,449,laws
AL450,AL,450,laws
AL451,AL,451,laws
FL452,FL,452,l{aw}s
FL453,FL,453,-
FL454,FL,454,laws
FL455,FL,455,laws
FL456,FL,456,laws
FL457,FL,457,lawst
FL458,FL,458,l{aw}s
FL459,FL,459,-
FL460,FL,460,-
FL461,FL,461,-
FL462,FL,462,loesh
FL463,FL,463,-
FL464,FL,464,-
FL465,FL,465,-
FL466,FL,466,laws
FL467,FL,467,-
FL468,FL,468,-
FL469,FL,469,laws
FL470,FL,470,l{aw}s
FL471,FL,471,laws
AL472,AL,472,laws
AL473,AL,473,-
AL474,AL,474,laws
AL475,AL,475,-
AL476,AL,476,laws
AL477,AL,477,laws
AL478,AL,478,-
AL479,AL,479,laws
AL479,AL,479,lawst
AL480,AL,480,laws
AL481,AL,481,-
AL482,AL,482,-
AL483,AL,483,-
AL484,AL,484,-
AL485,AL,485,laws
TN486,TN,486,-
TN487,TN,487,-
TN488,TN,488,l{aw}s
TN489,TN,489,laws
TN490,TN,490,laws
TN491,TN,491,-
TN492,TN,492,-
TN493,TN,493,-
TN494,TN,494,-
TN495,TN,495,-
TN496,TN,496,laws
TN497,TN,497,-
TN498,TN,498,laws
TN499,TN,499,-
TN500,TN,500,-
TN501,TN,501,laws
TN502,TN,502,l{aw}s
TN503,TN,503,-
TN504,TN,504,laws
TN505,TN,505,-
TN506,TN,506,laws
TN507,TN,507,-
TN508,TN,508,-
TN509,TN,509,-
TN510,TN,510,-
TN511,TN,511,l{aw}s
TN512,TN,512,-
TN513,TN,513,laws
TN514,TN,514,laws
TN515,TN,515,-
TN516,TN,516,-
TN517,TN,517,laws
TN518,TN,518,laws
TN519,TN,519,los
MS520,MS,520,-
MS521,MS,521,laws
MS522,MS,522,laws
MS523,MS,523,-
MS524,MS,524,laws
MS525,MS,525,-
MS526,MS,526,-
MS527,MS,527,laws
MS528,MS,528,-
MS529,MS,529,-
MS530,MS,530,-
MS531,MS,531,-
MS532,MS,532,l{aw}s
MS533,MS,533,l{aw}s
MS534,MS,534,-
MS535,MS,535,laws
MS536,MS,536,-
MS537,MS,537,-
MS538,MS,538,laws
MS539,MS,539,-
MS540,MS,540,-
MS541,MS,541,laws
MS542,MS,542,-
MS543,MS,543,-
MS544,MS,544,laws
MS545,MS,545,-
MS546,MS,546,-
MS547,MS,547,laws
MS548,MS,548,laws
MS549,MS,549,-
MS550,MS,550,-
MS551,MS,551,-
MS552,MS,552,-
MS553,MS,553,laws
MS554,MS,554,-
MS555,MS,555,-
MS556,MS,556,laws
MS557,MS,557,laws
MS558,MS,558,laws
MS559,MS,559,-
MS560,MS,560,laws
MS561,MS,561,-
MS562,MS,562,l{aw}s
MS563,MS,563,l{aw}s
MS564,MS,564,laws
MS565,MS,565,laws
MS566,MS,566,-
MS567,MS,567,-
MS568,MS,568,-
MS569,MS,569,-
MS570,MS,570,-
MS571,MS,571,lost
MS572,MS,572,laws
MS573,MS,573,-
MS574,MS,574,-
MS575,MS,575,laws
MS576,MS,576,laws
MS577,MS,577,-
MS578,MS,578,-
MS579,MS,579,laws
MS580,MS,580,-
MS581,MS,581,-
MS582,MS,582,laws
MS583,MS,583,-
MS584,MS,584,-
MS585,MS,585,-
MS586,MS,586,-
MS587,MS,587,lawst
MS588,MS,588,laws
MS589,MS,589,laws
MS590,MS,590,-
MS591,MS,591,laws
MS592,MS,592,laws
MS593,MS,593,-
MS594,MS,594,laws
MS595,MS,595,-
MS596,MS,596,-
MS597,MS,597,laws
MS598,MS,598,-
MS599,MS,599,laws
MS600,MS,600,-
MS601,MS,601,l{aw}s
MS602,MS,602,laws
MS603,MS,603,-
MS604,MS,604,-
MS605,MS,605,-
MS606,MS,606,-
MS607,MS,607,laws
MS608,MS,608,laws
MS609,MS,609,laws
MS610,MS,610,laws
MS611,MS,611,-
MS612,MS,612,laws
MS613,MS,613,laws
MS614,MS,614,-
MS615,MS,615,laws
MS616,MS,616,-
MS617,MS,617,laws
MS618,MS,618,-
MS619,MS,619,-
MS620,MS,620,-
MS621,MS,621,laws
MS622,MS,622,lawst
MS623,MS,623,laws
MS624,MS,624,los
MS625,MS,625,-
MS626,MS,626,-
MS627,MS,627,-
MS628,MS,628,-
MS629,MS,629,l{aw}s
LA630,LA,630,laws
LA631,LA,631,-
LA632,LA,632,-
LA633,LA,633,laws
LA634,LA,634,-
LA635,LA,635,laws
LA636,LA,636,laws
LA637,LA,637,-
LA638,LA,638,-
LA639,LA,639,laws
LA640,LA,640,-
LA641,LA,641,l{aw}s
LA642,LA,642,-
LA643,LA,643,l{aw}s
LA644,LA,644,-
LA645,LA,645,laws
LA646,LA,646,laws
LA647,LA,647,-
LA648,LA,648,-
LA649,LA,649,laws
LA650,LA,650,-
LA651,LA,651,-
LA652,LA,652,laws
LA653,LA,653,-
LA654,LA,654,laws
LA655,LA,655,laws
LA656,LA,656,laws
LA657,LA,657,laws
LA657X,LA,657X,laws
LA657Y,LA,657Y,laws
LA657Z,LA,657Z,laws
LA658,LA,658,laws
LA659,LA,659,laws
LA660,LA,660,-
LA661,LA,661,-
LA662,LA,662,laws
LA663,LA,663,-
LA664,LA,664,-
LA665,LA,665,-
LA666,LA,666,-
LA667,LA,667,laws
LA668,LA,668,laws
LA669,LA,669,-
LA670,LA,670,-
LA671,LA,671,l{aw}s
LA672,LA,672,-
LA673,LA,673,laws
AR674,AR,674,laws
AR675,AR,675,laws
AR676,AR,676,-
AR677,AR,677,-
AR678,AR,678,laws
AR679,AR,679,l{o}s
AR680,AR,680,laws
AR681,AR,681,lawst
AR682,AR,682,-
AR683,AR,683,laws
AR684,AR,684,-
AR685,AR,685,laws
AR686,AR,686,laws
AR687,AR,687,laws
AR688,AR,688,laws
AR689,AR,689,-
AR690,AR,690,laws
AR691,AR,691,l{aw}s
AR692,AR,692,laws
AR693,AR,693,l{aw}s
AR694,AR,694,laws
AR695,AR,695,laws
AR696,AR,696,laws
AR697,AR,697,laws
AR698,AR,698,-
AR699,AR,699,-
AR700,AR,700,-
AR701,AR,701,laws
AR702,AR,702,-
AR703,AR,703,laws
AR704,AR,704,laws
AR705,AR,705,laws
AR706,AR,706,-
AR707,AR,707,-
AR708,AR,708,lawst
AR709,AR,709,laws
AR710,AR,710,-
AR711,AR,711,l{aw}s
AR712,AR,712,los
AR713,AR,713,-
AR714,AR,714,-
AR715,AR,715,laws
AR716,AR,716,laws
AR717,AR,717,-
AR718,AR,718,laws
AR719,AR,719,laws
AR720,AR,720,laws
AR721,AR,721,laws
AR722,AR,722,laws
AR723,AR,723,laws
AR724,AR,724,laws
AR725,AR,725,-
AR726,AR,726,lawst
AR727,AR,727,laws
AR728,AR,728,laws
AR729,AR,729,l{aw}s
AR730,AR,730,-
AR731,AR,731,laws
AR732,AR,732,laws
AR733,AR,733,-
AR734,AR,734,-
AR735,AR,735,-
AR736,AR,736,l{aw}s
AR737,AR,737,-
AR738,AR,738,laws
AR739,AR,739,-
AR740,AR,740,laws
AR741,AR,741,-
AR742,AR,742,-
AR743,AR,743,-
AR744,AR,744,-
AR745,AR,745,-
AR746,AR,746,los
AR747,AR,747,laws
AR748,AR,748,laws
AR749,AR,749,laws
AR750,AR,750,-
AR751,AR,751,laws
AR752,AR,752,laws
AR753,AR,753,l{aw}s
AR754,AR,754,laws
AR755,AR,755,laws
LA756,LA,756,-
LA757,LA,757,laws
LA758,LA,758,-
LA759,LA,759,-
LA760,LA,760,-
LA761,LA,761,laws
LA762,LA,762,-
LA763,LA,763,-
LA764,LA,764,laws
LA765,LA,765,l{aw}s
LA766,LA,766,-
LA767,LA,767,laws
LA768,LA,768,laws
LA769,LA,769,laws
LA770,LA,770,laws
LA771,LA,771,-
LA772,LA,772,laws
LA773,LA,773,laws
LA774,LA,774,-
LA775,LA,775,-
LA776,LA,776,l{aw}s
LA777,LA,777,l{aw}s
LA778,LA,778,laws
LA779,LA,779,laws
LA780,LA,780,laws
LA781,LA,781,laws
LA782,LA,782,laws
LA783,LA,783,-
LA784,LA,784,-
LA785,LA,785,loes
LA786,LA,786,lawst
LA787,LA,787,laws
LA788,LA,788,laws
LA789,LA,789,laws
LA790,LA,790,laws
LA791,LA,791,laws
LA792,LA,792,laws
LA793,LA,793,-
LA794,LA,794,laws
LA795,LA,795,-
LA796,LA,796,laws
LA797,LA,797,l{aw}s
LA798,LA,798,laws
LA799,LA,799,laws
LA800,LA,800,laws
LA801,LA,801,l{aw}s
LA802,LA,802,laws
LA803,LA,803,-
LA804,LA,804,-
LA805,LA,805,-
LA806,LA,806,laws
LA807,LA,807,loes
LA808,LA,808,-
LA809,LA,809,laws
LA810,LA,810,laws
LA811,LA,811,laws
LA812,LA,812,-
LA813,LA,813,laws
LA814,LA,814,l{aw}s
LA815,LA,815,laws
LA816,LA,816,laws
LA817,LA,817,laws
TX818,TX,818,-
TX819,TX,819,-
TX820,TX,820,l{aw}s
TX821,TX,821,-
TX822,TX,822,laws
TX823,TX,823,l{aw}st
TX824,TX,824,l{o}s
TX825,TX,825,laws
TX826,TX,826,laws
TX827,TX,827,laws
TX828,TX,828,-
TX829,TX,829,laws
TX830,TX,830,l{aw}s
TX831,TX,831,l{aw}s
TX832,TX,832,-
TX833,TX,833,laws
TX834,TX,834,l{aw}s
TX835,TX,835,-
TX836,TX,836,lawst
TX837,TX,837,-
TX838,TX,838,laws
TX839,TX,839,-
TX840,TX,840,-
TX841,TX,841,-
TX842,TX,842,-
TX843,TX,843,-
TX844,TX,844,-
TX845,TX,845,-
TX846,TX,846,laws
TX847,TX,847,-
TX848,TX,848,laws
TX849,TX,849,laws
TX850,TX,850,-
TX851,TX,851,-
TX852,TX,852,-
TX853,TX,853,-
TX854,TX,854,l{aw}s
TX855,TX,855,-
TX856,TX,856,-
TX857,TX,857,laws
TX858,TX,858,-
TX859,TX,859,laws
TX860,TX,860,laws
TX861,TX,861,laws
TX862,TX,862,-
TX863,TX,863,laws
TX864,TX,864,-
TX865,TX,865,-
TX866,TX,866,-
TX867,TX,867,los
TX868,TX,868,laws
TX869,TX,869,laws
TX870,TX,870,laws
TX871,TX,871,-
TX872,TX,872,-
TX873,TX,873,laws
TX874,TX,874,laws
TX875,TX,875,laws
TX876,TX,876,l{aw}s
TX877,TX,877,laws
TX878,TX,878,l{aw}s
TX879,TX,879,-
TX880,TX,880,-
TX881,TX,881,-
TX882,TX,882,-
TX883,TX,883,-
TX884,TX,884,-
TX885,TX,885,-
TX886,TX,886,-
TX887,TX,887,-
TX888,TX,888,-
TX889,TX,889,-
TX890,TX,890,-
TX891,TX,891,-
TX892,TX,892,-
TX893,TX,893,los
TX894,TX,894,laws
TX895,TX,895,l{aw}s
TX896,TX,896,-
TX897,TX,897,-
TX898,TX,898,-
TX899,TX,899,-
TX900,TX,900,laws
TX901,TX,901,-
TX902,TX,902,laws
TX903,TX,903,-
TX904,TX,904,laws
TX905,TX,905,laws
TX906,TX,906,laws
TX907,TX,907,-
TX908,TX,908,laws
TX909,TX,909,-
TX910,TX,910,laws
TX911,TX,911,laws
