Informant,State,Informant number,Response
TN001,TN,001,somerset 
TN002,TN,002,somersault 
TN002,TN,002,somerset 
TN003,TN,003,somerset 
TN004,TN,004,somerset 
TN005,TN,005,somersault 
TN006,TN,006,somersault 
TN007,TN,007,somersault 
TN008,TN,008,somersault 
TN009,TN,009,somersault 
TN010,TN,010,somersault 
TN011,TN,011,somersault 
TN012,TN,012,somerset 
TN013,TN,013,flip 
TN013,TN,013,somersault 
TN014,TN,014,somersault 
TN015,TN,015,somersault 
TN016,TN,016,somersault 
TN016,TN,016,tumbling 
TN017,TN,017,-
TN018,TN,018,flip 
TN018,TN,018,somerset 
TN019,TN,019,somersault 
TN020,TN,020,somersault 
TN021,TN,021,flip 
TN021,TN,021,somerset 
TN022,TN,022,forward roll 
TN022,TN,022,somersault 
TN023,TN,023,somersault 
TN023,TN,023,somerset 
TN024,TN,024,somersault 
TN025,TN,025,somersault 
TN026,TN,026,somersault 
TN027,TN,027,flip 
TN027,TN,027,somersault 
TN028,TN,028,somersault 
TN029,TN,029,somerset 
TN030,TN,030,somersault 
TN030,TN,030,somerset 
TN031,TN,031,somersault 
TN032,TN,032,somersault 
TN033,TN,033,somersault 
TN034,TN,034,flip 
TN034,TN,034,somersault 
TN035,TN,035,somersault 
TN036,TN,036,somerset 
TN037,TN,037,flip 
TN037,TN,037,somersault 
TN038,TN,038,flip 
TN038,TN,038,somersault 
TN038,TN,038,somerset 
TN039,TN,039,flip-flop 
TN040,TN,040,-
TN041,TN,041,somerset 
TN042,TN,042,-
TN043,TN,043,somersault 
TN043,TN,043,somerset 
TN044,TN,044,somerset 
TN045,TN,045,somerset 
TN046,TN,046,somersault 
TN047,TN,047,somerset 
TN048,TN,048,somersault 
TN049,TN,049,somersault 
TN050,TN,050,somersault 
TN050,TN,050,somerset 
TN051,TN,051,-
TN052,TN,052,tumblesault 
TN053,TN,053,flip 
TN054,TN,054,somerset 
TN055,TN,055,somersault 
TN056,TN,056,flip 
TN056,TN,056,roll over (n.) 
TN057,TN,057,somersault 
TN058,TN,058,somersault 
TN059,TN,059,double somersault 
TN060,TN,060,somersault 
GA061,GA,061,somersault 
GA062,GA,062,somersault 
GA063,GA,063,-
GA064,GA,064,somerset 
GA065,GA,065,somersault 
GA066,GA,066,somersault 
GA067,GA,067,flip 
GA067,GA,067,somersault 
GA068,GA,068,-
GA069,GA,069,somersault 
GA070,GA,070,somersault 
GA071,GA,071,somersault 
GA072,GA,072,somersault 
GA073,GA,073,somersault 
GA074,GA,074,tumbleset 
GA075,GA,075,somersault 
GA076,GA,076,somersault 
GA077,GA,077,-
GA078,GA,078,flip 
GA078,GA,078,somersault 
GA079,GA,079,somersault 
GA080,GA,080,-
GA081,GA,081,somersault 
GA082,GA,082,-
GA083,GA,083,-
GA084,GA,084,somerset 
GA085,GA,085,somerset 
GA086,GA,086,somersault 
GA087,GA,087,somersault 
GA087,GA,087,somerset 
GA088,GA,088,somerset 
GA089,GA,089,-
GA090,GA,090,-
GA091,GA,091,sumbleset 
GA092,GA,092,-
GA093,GA,093,tumbleset 
GA094,GA,094,somerset 
GA095,GA,095,somersault 
GA096,GA,096,roll (v.) 
GA096,GA,096,somersault 
GA097,GA,097,somersault 
GA098,GA,098,somerset 
GA098,GA,098,tumbleset 
GA099,GA,099,flip 
GA099,GA,099,somersault 
GA100,GA,100,flip 
GA100,GA,100,somersault 
GA101,GA,101,roll (n.) 
GA101,GA,101,somersault 
GA102,GA,102,somersault 
GA103,GA,103,flip-flop 
GA103,GA,103,somersault 
GA104,GA,104,somersault 
GA105,GA,105,somersault 
GA106,GA,106,tumblesault 
GA107,GA,107,somersault 
GA108,GA,108,somersault 
GA109,GA,109,somersault 
GA110,GA,110,tumblesault 
GA111,GA,111,tumblesault 
GA112,GA,112,tumbleset 
GA113,GA,113,somersault 
GA113,GA,113,somerset 
GA114,GA,114,-
GA115,GA,115,-
GA116,GA,116,-
GA117,GA,117,flip 
GA118,GA,118,tumblesault 
GA119,GA,119,somersault 
GA120,GA,120,-
GA121,GA,121,tumbleset 
GA122,GA,122,tummy set 
GA123,GA,123,somersault 
GA124,GA,124,tumblesault 
GA125,GA,125,tumbleset 
GA126,GA,126,-
GA127,GA,127,-
GA128,GA,128,-
GA129,GA,129,-
GA130,GA,130,-
GA131,GA,131,somerset 
GA132,GA,132,-
GA133,GA,133,somersault 
GA134,GA,134,-
GA135,GA,135,somersault 
GA136,GA,136,sumblesault 
GA137,GA,137,barrel roll 
GA137,GA,137,somersault 
GA138,GA,138,somersault 
GA138,GA,138,tumbleset 
GA139,GA,139,-
GA140,GA,140,-
GA141,GA,141,somerset 
GA142,GA,142,tumblesault 
GA143,GA,143,flip 
GA143,GA,143,somersault 
GA144,GA,144,somersault 
GA144,GA,144,tumbleset 
GA145,GA,145,-
GA146,GA,146,flip over 
GA146,GA,146,somersault 
GA147,GA,147,-
GA148,GA,148,tumbleset 
GA149,GA,149,somersault 
GA150,GA,150,somersault 
GA151,GA,151,somerset 
GA152,GA,152,somerset 
GA153,GA,153,-
GA154,GA,154,somerset 
GA155,GA,155,somersault 
GA156,GA,156,-
GA157,GA,157,-
GA158,GA,158,-
GA159,GA,159,somersault 
GA159,GA,159,somerset 
GA160,GA,160,-
GA161,GA,161,tumblesault 
GA162,GA,162,canover 
GA162,GA,162,head over heels 
GA163,GA,163,tumblesault 
GA163,GA,163,tumbleset 
GA164,GA,164,somersault 
GA165,GA,165,wheelabarrow 
GA166,GA,166,somerset 
GA166,GA,166,turnover 
GA167,GA,167,tumblesault 
GA167,GA,167,tumbleset 
GA168,GA,168,-
GA169,GA,169,-
GA170,GA,170,tumblesault 
GA171,GA,171,somersault 
GA172,GA,172,tumbleset 
GA173,GA,173,-
GA174,GA,174,-
GA175,GA,175,-
GA176,GA,176,-
GA177,GA,177,somersault 
GA178,GA,178,-
GA179,GA,179,double somerset 
GA180,GA,180,flip 
GA181,GA,181,-
GA182,GA,182,-
GA183,GA,183,somersault 
GA184,GA,184,somersault 
GA184,GA,184,tumbling 
GA185,GA,185,-
GA186,GA,186,flip 
GA186,GA,186,somersault 
GA187,GA,187,-
GA188,GA,188,flip 
GA188,GA,188,somerset 
GA188,GA,188,tumbleset 
GA189,GA,189,somersault 
GA190,GA,190,-
GA191,GA,191,somersault 
GA192,GA,192,sumblesault 
GA193,GA,193,-
GA194,GA,194,-
GA195,GA,195,-
GA196,GA,196,-
GA197,GA,197,-
GA198,GA,198,-
GA199,GA,199,somerset 
GA200,GA,200,flip 
GA200,GA,200,keel over 
GA201,GA,201,somerset 
GA202,GA,202,somersault 
GA203,GA,203,-
GA204,GA,204,-
GA205,GA,205,-
GA206,GA,206,somersault 
GA207,GA,207,somerset 
GA208,GA,208,-
GA209,GA,209,somersault 
GA209,GA,209,somerset 
GA210,GA,210,somersault 
GA211,GA,211,somerset 
GA212,GA,212,somersault 
GA213,GA,213,-
GA214,GA,214,flip 
GA214,GA,214,somersault 
GA215,GA,215,wheelabarrow 
GA216,GA,216,somersault 
GA217,GA,217,somersault 
GA218,GA,218,-
GA219,GA,219,-
GA220,GA,220,-
GA221,GA,221,somerset 
GA222,GA,222,-
GA223,GA,223,somersault 
GA224,GA,224,-
GA225,GA,225,-
FL226,FL,226,-
FL227,FL,227,flip 
FL228,FL,228,tumbleset 
FL229,FL,229,head over heels 
FL230,FL,230,flip 
FL231,FL,231,somersault 
FL232,FL,232,somersault 
FL233,FL,233,somersault 
FL234,FL,234,somerset 
FL235,FL,235,somerset 
FL236,FL,236,somerset 
FL237,FL,237,somerset 
FL238,FL,238,somerset 
FL239,FL,239,somersault 
FL240,FL,240,somersault 
FL241,FL,241,-
FL242,FL,242,somersault 
FL243,FL,243,somersault 
FL244,FL,244,-
FL245,FL,245,-
FL246,FL,246,somerset 
FL247,FL,247,somersault 
FL248,FL,248,tumbleset 
FL249,FL,249,tumblesault 
FL250,FL,250,somerset 
FL251,FL,251,-
FL252,FL,252,-
FL253,FL,253,somersault 
FL254,FL,254,somersault 
FL254,FL,254,tumble over (v.) 
FL255,FL,255,sumblesault 
FL256,FL,256,somerset 
FL257,FL,257,flip 
FL257,FL,257,somersault 
FL257,FL,257,somerset 
FL258,FL,258,tumbleset 
FL259,FL,259,somersault 
FL260,FL,260,somerset 
FL261,FL,261,somersault 
FL262,FL,262,somerset 
FL263,FL,263,somerset 
FL264,FL,264,flip 
FL264,FL,264,somersault 
FL265,FL,265,flip 
FL266,FL,266,somersault 
FL267,FL,267,somersault 
FL268,FL,268,-
FL269,FL,269,somerset 
FL270,FL,270,somersault 
FL270,FL,270,tumble 
FL271,FL,271,somersault 
FL272,FL,272,somersault 
FL273,FL,273,somersault 
FL274,FL,274,somersault 
FL275,FL,275,-
FL276,FL,276,somersault 
FL277,FL,277,somersault 
FL278,FL,278,somersault 
FL279,FL,279,somersault 
FL280,FL,280,double somersault 
FL280,FL,280,roll (v.) 
FL281,FL,281,somerset 
FL282,FL,282,-
FL283,FL,283,flip 
FL284,FL,284,somersault 
FL284,FL,284,tumblesault 
FL285,FL,285,-
FL286,FL,286,flip 
FL286,FL,286,somersault 
FL287,FL,287,-
FL288,FL,288,somersault 
FL289,FL,289,tumblesault 
TN290,TN,290,somerset 
TN291,TN,291,somersault 
TN292,TN,292,somersault 
TN292,TN,292,somerset 
TN293,TN,293,somerset 
TN294,TN,294,somersault 
TN295,TN,295,flip 
TN295,TN,295,tumbleset 
TN296,TN,296,flip 
TN296,TN,296,somersault 
TN296,TN,296,somerset 
TN297,TN,297,somersault 
TN298,TN,298,-
TN299,TN,299,somerset 
TN300,TN,300,somersault 
TN301,TN,301,somerset 
TN302,TN,302,somerset 
TN303,TN,303,somerset 
TN304,TN,304,somersault 
TN305,TN,305,-
TN306,TN,306,tumblesault 
TN307,TN,307,somersault 
TN308,TN,308,-
TN309,TN,309,tumble 
TN310,TN,310,somersault 
TN311,TN,311,somersault 
TN312,TN,312,somersault 
TN313,TN,313,somersault 
TN314,TN,314,flip 
TN315,TN,315,somersault 
TN316,TN,316,somerset 
TN317,TN,317,somersault 
TN318,TN,318,-
TN319,TN,319,-
TN320,TN,320,flip 
TN320,TN,320,somersault 
TN320,TN,320,somerset 
TN321,TN,321,somerset 
TN322,TN,322,somersault 
TN323,TN,323,somersault 
TN324,TN,324,somersault 
TN324,TN,324,somerset 
TN325,TN,325,somersault 
TN325,TN,325,somerset 
TN326,TN,326,flip 
TN326,TN,326,somersault 
TN326,TN,326,somerset 
TN326,TN,326,tumbleset 
TN326,TN,326,tumbling 
TN327,TN,327,somersault 
TN327,TN,327,tumbleset 
TN328,TN,328,somersault 
TN329,TN,329,flip 
TN329,TN,329,somersault 
TN330,TN,330,tumbleset 
TN331,TN,331,somersault 
TN332,TN,332,somersaulting 
TN332,TN,332,tumblesault 
TN333,TN,333,somerset 
TN334,TN,334,somerset 
TN334,TN,334,sumbleset 
TN335,TN,335,somersault 
TN335,TN,335,somerset 
TN336,TN,336,flip 
TN336,TN,336,somersault 
AL337,AL,337,flip 
AL338,AL,338,somersault 
AL339,AL,339,somersault 
AL340,AL,340,flip 
AL341,AL,341,somersault 
AL342,AL,342,tumblesault 
AL343,AL,343,flip 
AL343,AL,343,somersault 
AL344,AL,344,tumbleset 
AL345,AL,345,somerset 
AL346,AL,346,somersault 
AL347,AL,347,tumblesault 
AL348,AL,348,flip 
AL349,AL,349,somersault 
AL350,AL,350,somersault 
AL351,AL,351,somersault 
AL352,AL,352,flip 
AL352,AL,352,somersault 
AL353,AL,353,somerset 
AL354,AL,354,somerset 
AL355,AL,355,somersault 
AL356,AL,356,somersault 
AL356,AL,356,somerset 
AL357,AL,357,somersault 
AL358,AL,358,flip 
AL358,AL,358,somersault 
AL359,AL,359,somersault 
AL360,AL,360,somersault 
AL361,AL,361,tumbleset 
AL362,AL,362,somersault 
AL363,AL,363,flip 
AL363,AL,363,somerset 
AL364,AL,364,tumbleset 
AL365,AL,365,-
AL366,AL,366,somersault 
AL367,AL,367,somerset 
AL368,AL,368,-
AL369,AL,369,somersault 
AL369,AL,369,tumble 
AL369,AL,369,tumblesault 
AL370,AL,370,flip 
AL370,AL,370,somersault 
AL371,AL,371,somersault 
AL372,AL,372,flip 
AL372,AL,372,roll (v.) 
AL372,AL,372,somersault 
AL373,AL,373,somersault 
AL374,AL,374,tumbleset 
AL375,AL,375,somersault 
AL376,AL,376,somerset 
AL377,AL,377,-
AL378,AL,378,tumblesault 
AL379,AL,379,somersault 
AL380,AL,380,roll (v.) 
AL380,AL,380,somersault 
AL381,AL,381,somersault 
AL382,AL,382,somersault 
AL383,AL,383,somersault 
AL384,AL,384,flip 
AL384,AL,384,somersault 
AL385,AL,385,flip 
AL385,AL,385,somerset 
AL386,AL,386,somersault 
AL387,AL,387,somersault 
AL387,AL,387,somerset 
AL388,AL,388,flip 
AL388,AL,388,somerset 
AL389,AL,389,flip 
AL389,AL,389,tumblesault 
AL390,AL,390,somersault 
AL391,AL,391,tumblesault 
AL392,AL,392,-
AL393,AL,393,tumblesault 
AL394,AL,394,somersault 
AL395,AL,395,somersault 
AL396,AL,396,-
AL397,AL,397,somerset 
AL398,AL,398,flip 
AL398,AL,398,tumblesault 
AL399,AL,399,-
AL400,AL,400,somersault 
AL401,AL,401,somerset 
AL402,AL,402,somersault 
AL403,AL,403,somersault 
AL404,AL,404,somersault 
AL404,AL,404,somerset 
AL405,AL,405,flip 
AL405,AL,405,roll (n.) 
AL405,AL,405,somersault 
AL406,AL,406,-
AL407,AL,407,somersault 
AL408,AL,408,flip 
AL408,AL,408,somersault 
AL409,AL,409,flip 
AL410,AL,410,somerset 
AL411,AL,411,somersault 
AL412,AL,412,-
AL413,AL,413,-
AL414,AL,414,somersault 
AL415,AL,415,somersault 
AL415,AL,415,somerset 
AL416,AL,416,tumblesault 
AL417,AL,417,somersaulting 
AL418,AL,418,somersault 
AL419,AL,419,somersault 
AL419,AL,419,tomersault 
AL420,AL,420,somersault 
AL420,AL,420,somerset 
AL421,AL,421,somersault 
AL422,AL,422,somersault 
AL423,AL,423,somersault 
AL424,AL,424,flip 
AL424,AL,424,somersault 
AL425,AL,425,somersault 
AL426,AL,426,somerset 
AL427,AL,427,tumble 
AL428,AL,428,somersault 
AL429,AL,429,-
AL430,AL,430,somersault 
AL431,AL,431,somersault 
AL432,AL,432,-
AL433,AL,433,somersault 
AL434,AL,434,tumbleset 
AL435,AL,435,flip 
AL435,AL,435,somersault 
AL436,AL,436,somerset 
AL437,AL,437,somersault 
AL437,AL,437,somerset 
AL438,AL,438,cut a somerset 
AL439,AL,439,somerset 
AL440,AL,440,-
AL441,AL,441,somersault 
AL442,AL,442,somerset 
AL443,AL,443,flip 
AL444,AL,444,somersault 
AL445,AL,445,flip 
AL445,AL,445,somersault 
AL446,AL,446,somersault 
AL446,AL,446,somerset 
AL447,AL,447,somersault 
AL448,AL,448,somersault 
AL449,AL,449,tumbleset 
AL450,AL,450,somersault 
AL451,AL,451,-
FL452,FL,452,somersault 
FL452,FL,452,tumblesault 
FL453,FL,453,-
FL454,FL,454,tumbleset 
FL455,FL,455,somersault 
FL456,FL,456,tumbleset 
FL457,FL,457,somersault 
FL458,FL,458,somersault 
FL459,FL,459,-
FL460,FL,460,somerset 
FL460,FL,460,tumbleset 
FL461,FL,461,somersault 
FL461,FL,461,somerset 
FL462,FL,462,somerset 
FL463,FL,463,-
FL464,FL,464,-
FL465,FL,465,somerset 
FL466,FL,466,somersault 
FL467,FL,467,-
FL468,FL,468,flip 
FL468,FL,468,tumbleset 
FL469,FL,469,tumbleset 
FL470,FL,470,somersault 
FL471,FL,471,somerset 
FL471,FL,471,tummy up 
AL472,AL,472,somerset 
AL473,AL,473,flip 
AL473,AL,473,somerset 
AL474,AL,474,somersault 
AL475,AL,475,somersault 
AL475,AL,475,somerset 
AL476,AL,476,somersault 
AL476,AL,476,tumbling 
AL477,AL,477,flip 
AL477,AL,477,tumbleset 
AL478,AL,478,-
AL479,AL,479,somersault 
AL480,AL,480,somersault 
AL481,AL,481,roll over (n.) 
AL481,AL,481,somersault 
AL481,AL,481,tumbleset 
AL482,AL,482,somersault 
AL483,AL,483,-
AL484,AL,484,somersault 
AL485,AL,485,somersault 
AL485,AL,485,tumbleset 
TN486,TN,486,-
TN487,TN,487,somersault 
TN488,TN,488,somersault 
TN489,TN,489,somersault 
TN489,TN,489,somerset 
TN490,TN,490,somersault 
TN491,TN,491,-
TN492,TN,492,somersault 
TN493,TN,493,somersault 
TN494,TN,494,somersault 
TN494,TN,494,somerset 
TN495,TN,495,somersault 
TN496,TN,496,somersault 
TN497,TN,497,flip 
TN497,TN,497,somersault 
TN498,TN,498,somersault 
TN499,TN,499,somersault 
TN500,TN,500,-
TN501,TN,501,somersault 
TN501,TN,501,somerset 
TN502,TN,502,flip 
TN502,TN,502,somersault 
TN503,TN,503,-
TN504,TN,504,somersault 
TN505,TN,505,flip 
TN505,TN,505,somerset 
TN506,TN,506,somerset 
TN507,TN,507,-
TN508,TN,508,somersault 
TN509,TN,509,-
TN510,TN,510,-
TN511,TN,511,somersault 
TN512,TN,512,-
TN513,TN,513,somersault 
TN514,TN,514,flip 
TN515,TN,515,-
TN516,TN,516,flip 
TN516,TN,516,somersault 
TN517,TN,517,somersault 
TN518,TN,518,somersault 
TN519,TN,519,somersault 
MS520,MS,520,-
MS521,MS,521,somersault 
MS522,MS,522,flip 
MS522,MS,522,somersault 
MS523,MS,523,-
MS524,MS,524,somersault 
MS525,MS,525,-
MS526,MS,526,-
MS527,MS,527,somersault 
MS527,MS,527,tumbleset 
MS528,MS,528,-
MS529,MS,529,-
MS530,MS,530,-
MS531,MS,531,-
MS532,MS,532,somersault 
MS532,MS,532,sumbleset 
MS533,MS,533,somerset 
MS534,MS,534,somerset 
MS535,MS,535,somersault 
MS536,MS,536,-
MS537,MS,537,somerset 
MS538,MS,538,-
MS539,MS,539,tumbleset 
MS540,MS,540,-
MS541,MS,541,-
MS542,MS,542,tumbleset 
MS543,MS,543,somerset 
MS544,MS,544,somersault 
MS545,MS,545,flip 
MS545,MS,545,somersault 
MS546,MS,546,-
MS547,MS,547,somersault 
MS547,MS,547,somerset 
MS548,MS,548,somerset 
MS549,MS,549,somersault 
MS549,MS,549,somerset 
MS550,MS,550,-
MS551,MS,551,-
MS552,MS,552,flip 
MS552,MS,552,somersault 
MS553,MS,553,somersault 
MS554,MS,554,-
MS555,MS,555,somerset 
MS556,MS,556,somersault 
MS556,MS,556,somerset 
MS557,MS,557,-
MS558,MS,558,flip 
MS558,MS,558,somersault 
MS559,MS,559,-
MS560,MS,560,somerset 
MS561,MS,561,-
MS562,MS,562,somersault 
MS563,MS,563,somersault 
MS564,MS,564,flip 
MS564,MS,564,somersault 
MS565,MS,565,somerset 
MS566,MS,566,-
MS567,MS,567,-
MS568,MS,568,-
MS569,MS,569,tumbleset 
MS570,MS,570,tumbleset 
MS571,MS,571,flip 
MS572,MS,572,-
MS573,MS,573,somerset 
MS574,MS,574,-
MS575,MS,575,somersault 
MS575,MS,575,tumbleset 
MS576,MS,576,somersault 
MS577,MS,577,somerset 
MS578,MS,578,tumbleset (v.) 
MS579,MS,579,somersault 
MS580,MS,580,-
MS581,MS,581,somersault 
MS582,MS,582,somerset 
MS583,MS,583,somerset 
MS584,MS,584,tumbleset 
MS585,MS,585,somerset 
MS586,MS,586,-
MS587,MS,587,roll (n.) 
MS587,MS,587,somerset 
MS588,MS,588,somerset 
MS589,MS,589,somersault 
MS589,MS,589,tumbling 
MS590,MS,590,-
MS591,MS,591,somersault 
MS592,MS,592,somersault 
MS593,MS,593,double somerset 
MS594,MS,594,tumbleset 
MS595,MS,595,somersault 
MS596,MS,596,somerset 
MS597,MS,597,somerset 
MS598,MS,598,somersault 
MS599,MS,599,somersault 
MS599,MS,599,tumble 
MS600,MS,600,somerset 
MS601,MS,601,flip 
MS601,MS,601,somersault 
MS602,MS,602,somerset 
MS603,MS,603,-
MS604,MS,604,-
MS605,MS,605,-
MS606,MS,606,-
MS607,MS,607,flip 
MS608,MS,608,flip 
MS608,MS,608,somerset 
MS609,MS,609,-
MS610,MS,610,sloosh over (v.) 
MS610,MS,610,tumble over (v.) 
MS611,MS,611,-
MS612,MS,612,somerset 
MS613,MS,613,tumblesault 
MS614,MS,614,-
MS615,MS,615,somersault 
MS616,MS,616,somersault 
MS617,MS,617,-
MS618,MS,618,-
MS619,MS,619,-
MS620,MS,620,tumbleset 
MS621,MS,621,cut somersaults 
MS622,MS,622,flip 
MS622,MS,622,somersault 
MS623,MS,623,somersault 
MS624,MS,624,flip 
MS624,MS,624,somersault 
MS624,MS,624,tumblesault 
MS625,MS,625,tumbleset 
MS626,MS,626,-
MS627,MS,627,tumbleset 
MS628,MS,628,somerset 
MS629,MS,629,flip 
MS629,MS,629,somersault 
MS629,MS,629,tumbleset 
LA630,LA,630,flip 
LA630,LA,630,somersault 
LA631,LA,631,-
LA632,LA,632,-
LA633,LA,633,-
LA634,LA,634,somerset 
LA635,LA,635,flip 
LA635,LA,635,somersault 
LA636,LA,636,-
LA637,LA,637,somerset 
LA638,LA,638,-
LA639,LA,639,tumbleset 
LA640,LA,640,double somerset 
LA641,LA,641,somerset 
LA642,LA,642,-
LA643,LA,643,somersault 
LA644,LA,644,-
LA645,LA,645,flop-flip 
LA645,LA,645,somersault 
LA646,LA,646,-
LA647,LA,647,-
LA648,LA,648,tumbleset 
LA649,LA,649,flip 
LA649,LA,649,tumbleset 
LA650,LA,650,somerset 
LA651,LA,651,-
LA652,LA,652,somersault 
LA653,LA,653,-
LA654,LA,654,-
LA655,LA,655,tumbleset 
LA656,LA,656,flip 
LA656,LA,656,tumblesault 
LA657,LA,657,somersault 
LA657X,LA,657X,somersault 
LA657Y,LA,657Y,somersault 
LA657Y,LA,657Y,tumble 
LA657Z,LA,657Z,tumbleset 
LA658,LA,658,tumbler up 
LA658,LA,658,tumbleset 
LA659,LA,659,flip 
LA659,LA,659,somersault 
LA660,LA,660,somerset 
LA661,LA,661,-
LA662,LA,662,tumbleset 
LA663,LA,663,-
LA664,LA,664,-
LA665,LA,665,somerset 
LA666,LA,666,-
LA667,LA,667,somerset 
LA668,LA,668,somerset 
LA669,LA,669,tumbleset 
LA670,LA,670,somersault 
LA671,LA,671,somersault 
LA672,LA,672,-
LA673,LA,673,somersault 
AR674,AR,674,somersault 
AR674,AR,674,somerset 
AR675,AR,675,somersault 
AR676,AR,676,-
AR677,AR,677,-
AR678,AR,678,-
AR679,AR,679,somersault 
AR680,AR,680,-
AR681,AR,681,flip 
AR682,AR,682,somersault 
AR682,AR,682,somerset 
AR683,AR,683,flip 
AR683,AR,683,somersault 
AR684,AR,684,-
AR685,AR,685,flip-flop 
AR686,AR,686,flip-flop 
AR686,AR,686,somerset 
AR687,AR,687,somersault 
AR688,AR,688,somerset 
AR688,AR,688,tumbleset 
AR689,AR,689,somersault 
AR689,AR,689,somerset 
AR690,AR,690,somersault 
AR691,AR,691,somersault 
AR692,AR,692,tumbleset 
AR693,AR,693,somersault 
AR694,AR,694,-
AR695,AR,695,somersault 
AR696,AR,696,somersault 
AR697,AR,697,somerset 
AR698,AR,698,-
AR699,AR,699,-
AR700,AR,700,-
AR701,AR,701,somerset 
AR702,AR,702,-
AR703,AR,703,-
AR704,AR,704,-
AR705,AR,705,roll (v.) 
AR705,AR,705,somersault 
AR706,AR,706,-
AR707,AR,707,flip 
AR707,AR,707,somersault 
AR708,AR,708,flip 
AR709,AR,709,flip 
AR710,AR,710,-
AR711,AR,711,somersault 
AR712,AR,712,-
AR713,AR,713,somersault 
AR714,AR,714,somersault 
AR715,AR,715,somersault 
AR715,AR,715,somerset 
AR716,AR,716,backwards somerset 
AR717,AR,717,flip-flop 
AR717,AR,717,somerset 
AR718,AR,718,somersault 
AR719,AR,719,somersault 
AR720,AR,720,somersault 
AR721,AR,721,somersault 
AR721,AR,721,somerset 
AR722,AR,722,somerset 
AR723,AR,723,-
AR724,AR,724,somersault 
AR725,AR,725,somersault 
AR726,AR,726,somerset 
AR727,AR,727,somerset 
AR728,AR,728,somerset 
AR729,AR,729,somerset 
AR730,AR,730,somersault 
AR731,AR,731,somersault 
AR732,AR,732,somersault 
AR733,AR,733,-
AR734,AR,734,somerset 
AR735,AR,735,somerset 
AR736,AR,736,somersault 
AR736,AR,736,somerset 
AR737,AR,737,flip 
AR737,AR,737,somersault 
AR738,AR,738,somersault 
AR739,AR,739,-
AR740,AR,740,-
AR741,AR,741,somersault 
AR742,AR,742,somerset 
AR743,AR,743,somersault 
AR744,AR,744,somerset 
AR745,AR,745,somersault 
AR746,AR,746,-
AR747,AR,747,somersault 
AR748,AR,748,somerset 
AR749,AR,749,somersault 
AR749,AR,749,somerset 
AR750,AR,750,-
AR751,AR,751,somersault 
AR752,AR,752,-
AR753,AR,753,somersault 
AR754,AR,754,somerset 
AR755,AR,755,-
LA756,LA,756,somerset 
LA757,LA,757,somersault 
LA757,LA,757,somerset 
LA758,LA,758,somerset 
LA759,LA,759,-
LA760,LA,760,-
LA761,LA,761,-
LA762,LA,762,somersault 
LA763,LA,763,-
LA764,LA,764,somerset 
LA765,LA,765,somersault 
LA766,LA,766,somerset 
LA767,LA,767,flip 
LA767,LA,767,somersault 
LA768,LA,768,tumble 
LA768,LA,768,tumbleset 
LA769,LA,769,tumblesault 
LA770,LA,770,somersault 
LA771,LA,771,somerset 
LA772,LA,772,somerset 
LA773,LA,773,somerset 
LA774,LA,774,-
LA775,LA,775,flip 
LA775,LA,775,somerset 
LA776,LA,776,somersault 
LA777,LA,777,flip 
LA777,LA,777,somersault 
LA777,LA,777,tumble 
LA778,LA,778,somersault 
LA779,LA,779,somersault 
LA780,LA,780,flip 
LA780,LA,780,roll (n.) 
LA780,LA,780,somersault 
LA781,LA,781,flip 
LA781,LA,781,somerset 
LA782,LA,782,somerset 
LA783,LA,783,somerset 
LA784,LA,784,somerset 
LA785,LA,785,somersault 
LA785,LA,785,tumbleset 
LA786,LA,786,somerset 
LA787,LA,787,somersault 
LA788,LA,788,somerset 
LA789,LA,789,flip 
LA789,LA,789,somerset 
LA790,LA,790,somerset 
LA791,LA,791,somersault 
LA792,LA,792,somersault 
LA793,LA,793,-
LA794,LA,794,somerset 
LA795,LA,795,-
LA796,LA,796,flip 
LA796,LA,796,somersault 
LA796,LA,796,somerset 
LA797,LA,797,somerset 
LA798,LA,798,flip 
LA798,LA,798,somersault 
LA798,LA,798,tumble 
LA799,LA,799,-
LA800,LA,800,flip 
LA800,LA,800,somersault 
LA800,LA,800,somerset 
LA801,LA,801,flip 
LA801,LA,801,somersault 
LA802,LA,802,-
LA803,LA,803,-
LA804,LA,804,-
LA805,LA,805,-
LA806,LA,806,-
LA807,LA,807,somerset 
LA808,LA,808,somerset 
LA809,LA,809,somersault 
LA810,LA,810,somersault 
LA811,LA,811,flip 
LA811,LA,811,sumbleset 
LA812,LA,812,-
LA813,LA,813,somersault 
LA814,LA,814,somerset 
LA815,LA,815,-
LA816,LA,816,somersault 
LA817,LA,817,somerset 
TX818,TX,818,-
TX819,TX,819,somersault 
TX820,TX,820,somersault 
TX820,TX,820,somerset 
TX821,TX,821,flip 
TX822,TX,822,flip 
TX822,TX,822,somersault 
TX822,TX,822,somerset 
TX823,TX,823,tumblesault 
TX824,TX,824,somersault 
TX825,TX,825,somersault 
TX826,TX,826,somersault 
TX826,TX,826,somerset 
TX827,TX,827,somersault 
TX828,TX,828,somerset 
TX829,TX,829,somersault 
TX830,TX,830,somersault 
TX831,TX,831,somersault 
TX832,TX,832,-
TX833,TX,833,-
TX834,TX,834,somersault 
TX835,TX,835,somerset 
TX836,TX,836,flip 
TX836,TX,836,somersault 
TX837,TX,837,-
TX838,TX,838,-
TX839,TX,839,somersault 
TX840,TX,840,somerset 
TX840,TX,840,sumbleset 
TX841,TX,841,loop-[D-0]-loop 
TX842,TX,842,flip 
TX842,TX,842,somerset 
TX843,TX,843,flip 
TX843,TX,843,tumbling 
TX844,TX,844,somersault 
TX845,TX,845,-
TX846,TX,846,somersault 
TX847,TX,847,-
TX848,TX,848,somersault 
TX849,TX,849,somersault 
TX850,TX,850,-
TX851,TX,851,-
TX852,TX,852,somersault 
TX853,TX,853,somersault 
TX854,TX,854,somerset 
TX855,TX,855,somerset 
TX856,TX,856,-
TX857,TX,857,somersault 
TX858,TX,858,-
TX859,TX,859,somersault 
TX860,TX,860,somersault 
TX861,TX,861,somerset 
TX862,TX,862,somersault 
TX862,TX,862,tumblesault 
TX863,TX,863,somersault 
TX864,TX,864,flip 
TX865,TX,865,somersault 
TX866,TX,866,flip 
TX867,TX,867,flip 
TX867,TX,867,forward roll 
TX867,TX,867,somersault 
TX868,TX,868,somersault 
TX869,TX,869,flip 
TX869,TX,869,somersault 
TX870,TX,870,somersault 
TX871,TX,871,tumblesault 
TX872,TX,872,-
TX873,TX,873,somerset 
TX874,TX,874,somersault 
TX875,TX,875,somersault 
TX876,TX,876,somersault 
TX877,TX,877,somersault 
TX878,TX,878,somersault 
TX879,TX,879,-
TX880,TX,880,0
TX881,TX,881,-
TX882,TX,882,-
TX883,TX,883,somersault 
TX884,TX,884,-
TX885,TX,885,somersault 
TX886,TX,886,somersault 
TX887,TX,887,somersault 
TX888,TX,888,somersault 
TX889,TX,889,somersault 
TX890,TX,890,flip 
TX890,TX,890,somersault 
TX891,TX,891,somersault 
TX892,TX,892,-
TX893,TX,893,somersault 
TX894,TX,894,flip 
TX894,TX,894,somersault 
TX895,TX,895,flip 
TX895,TX,895,somersault 
TX896,TX,896,-
TX897,TX,897,-
TX898,TX,898,-
TX899,TX,899,somersault 
TX900,TX,900,flip 
TX900,TX,900,somersault 
TX901,TX,901,somersault 
TX902,TX,902,flip 
TX902,TX,902,somersault 
TX903,TX,903,-
TX904,TX,904,flip 
TX904,TX,904,somerset 
TX905,TX,905,somersault 
TX906,TX,906,somersault 
TX907,TX,907,-
TX908,TX,908,flip 
TX908,TX,908,somersault 
TX909,TX,909,-
TX910,TX,910,somersault 
TX911,TX,911,somersault 
