Informant,State,Informant number,Response
TN001,TN,001,!kliem
TN001,TN,001,*klim
TN002,TN,002,@kliemN=14
TN002,TN,002,*klim
TN003,TN,003,!kliem
TN003,TN,003,*klum
TN004,TN,004,!kliem
TN004,TN,004,*kliemd
TN004,TN,004,#kliemd
TN005,TN,005,!kliem
TN005,TN,005,*kliemd
TN005,TN,005,#kliemd
TN006,TN,006,!kliem
TN006,TN,006,*klum
TN006,TN,006,#klum
TN007,TN,007,!kliem
TN007,TN,007,*kliemd
TN007,TN,007,#kliemd
TN008,TN,008,!kliem
TN009,TN,009,!kliem
TN009,TN,009,*kliemd
TN009,TN,009,#kliemd
TN010,TN,010,!kliem
TN010,TN,010,*kliemd
TN010,TN,010,#kliemd
TN011,TN,011,&kliemz
TN011,TN,011,*klim
TN011,TN,011,#klim
TN012,TN,012,*kliemd
TN012,TN,012,*klum
TN012,TN,012,#kliemd
TN013,TN,013,!kliem
TN013,TN,013,*klum
TN014,TN,014,*kliemd
TN015,TN,015,*kliemd
TN015,TN,015,#klum
TN016,TN,016,!kliemb
TN016,TN,016,*kliembd
TN016,TN,016,#kliembd
TN017,TN,017,!kliem
TN017,TN,017,*klum
TN018,TN,018,-
TN019,TN,019,!kliem
TN019,TN,019,*kliemd
TN019,TN,019,#kliemd
TN020,TN,020,&kliemz
TN021,TN,021,-
TN022,TN,022,!kliem
TN022,TN,022,*kliemd
TN022,TN,022,#kliemd
TN023,TN,023,!kliem
TN023,TN,023,*klum
TN024,TN,024,&kliemz
TN024,TN,024,*kliemd
TN024,TN,024,#kliemd
TN025,TN,025,-
TN026,TN,026,&kliemz
TN026,TN,026,*kliemd
TN027,TN,027,&kliemz
TN027,TN,027,*kliemd
TN027,TN,027,#kliemd
TN028,TN,028,!kliem
TN028,TN,028,*kliemd
TN028,TN,028,#kliem
TN029,TN,029,*kliemd
TN030,TN,030,-
TN031,TN,031,-
TN032,TN,032,!kliem
TN032,TN,032,*kliemd
TN032,TN,032,#kliemd
TN033,TN,033,!kliem
TN033,TN,033,*kliemd
TN033,TN,033,#kliemd
TN034,TN,034,!kliem
TN034,TN,034,*kliemd
TN034,TN,034,#kliemd
TN035,TN,035,!kliem
TN035,TN,035,*kliemd
TN035,TN,035,#kliemd
TN036,TN,036,*kliemd
TN036,TN,036,*klumd
TN037,TN,037,!kliem
TN037,TN,037,*kliemd
TN037,TN,037,#kliemd
TN038,TN,038,!kliem
TN039,TN,039,!kliem
TN039,TN,039,*kliemd
TN039,TN,039,#kliem
TN040,TN,040,&kliemz
TN040,TN,040,*kliemd
TN041,TN,041,&kliemz
TN042,TN,042,-
TN043,TN,043,-
TN044,TN,044,!kliem
TN044,TN,044,*kliemd
TN044,TN,044,#kliemd
TN045,TN,045,!kliem
TN045,TN,045,*kliemd
TN045,TN,045,#kliemd
TN046,TN,046,!kliem
TN046,TN,046,*kliemd
TN046,TN,046,#kliemd
TN047,TN,047,!kliem
TN047,TN,047,*klim
TN047,TN,047,#klam
TN048,TN,048,&kliemz
TN048,TN,048,*klum
TN049,TN,049,&kliemz
TN049,TN,049,*kliemd
TN049,TN,049,#kliemd
TN050,TN,050,!kliem
TN050,TN,050,*kliemd
TN050,TN,050,#kliemd
TN051,TN,051,!kliem
TN051,TN,051,*kliemd
TN051,TN,051,#kliemd
TN052,TN,052,!kliem
TN053,TN,053,!kliem
TN053,TN,053,*kliemd
TN053,TN,053,#klim
TN054,TN,054,*kliem
TN054,TN,054,#klum
TN055,TN,055,!kliem
TN055,TN,055,*kliemd
TN055,TN,055,#kliemd
TN056,TN,056,-
TN057,TN,057,!kliem
TN057,TN,057,*kliemd
TN057,TN,057,#kliemd
TN058,TN,058,!kliem
TN058,TN,058,*kliemd
TN058,TN,058,#kliemd
TN059,TN,059,!kliem
TN059,TN,059,*klum
TN059,TN,059,#klim
TN060,TN,060,!kliem
TN060,TN,060,*kliemd
TN060,TN,060,#kliemd
GA061,GA,061,*klum
GA061,GA,061,*kloem
GA062,GA,062,!kliem
GA062,GA,062,*kliem
GA062,GA,062,#kliem
GA063,GA,063,*kliemd
GA063,GA,063,#kliemd
GA064,GA,064,*klam
GA065,GA,065,!kliem
GA065,GA,065,*kliemd
GA065,GA,065,#kliemd
GA066,GA,066,!kliem
GA066,GA,066,*kliemd
GA067,GA,067,*kliemd
GA068,GA,068,*kliemd
GA068,GA,068,#kliemd
GA069,GA,069,!kliem
GA070,GA,070,!kliem
GA071,GA,071,!kliem
GA071,GA,071,*klim
GA072,GA,072,!kliem
GA072,GA,072,*klim
GA072,GA,072,*klum
GA072,GA,072,#klum
GA073,GA,073,!kliem
GA073,GA,073,*kliemd
GA073,GA,073,#kliemd
GA074,GA,074,!kliem
GA075,GA,075,!kliem
GA075,GA,075,*klum
GA075,GA,075,#kliemd
GA076,GA,076,!kliem
GA076,GA,076,*kliemd
GA076,GA,076,#kliemd
GA077,GA,077,!kliem
GA078,GA,078,!kliem
GA079,GA,079,-
GA080,GA,080,*klum
GA080,GA,080,#klum
GA081,GA,081,-
GA082,GA,082,!kliem
GA083,GA,083,-
GA084,GA,084,*klamd
GA084,GA,084,#klamd
GA085,GA,085,!kliem
GA085,GA,085,*kliemd
GA085,GA,085,#kliemd
GA086,GA,086,!kliem
GA086,GA,086,*kliemd
GA086,GA,086,#kliemd
GA087,GA,087,!kliem
GA087,GA,087,*kliemd
GA088,GA,088,!kliem
GA088,GA,088,*kliemd
GA088,GA,088,#kliemd
GA089,GA,089,-
GA090,GA,090,!kliem
GA091,GA,091,!kliem
GA091,GA,091,*kliemd
GA091,GA,091,#kliemd
GA092,GA,092,-
GA093,GA,093,!kliem
GA093,GA,093,*kliemd
GA094,GA,094,*kliemd
GA095,GA,095,*klomd
GA096,GA,096,!kliem
GA096,GA,096,*kliemd
GA096,GA,096,#kliemd
GA097,GA,097,!kliem
GA098,GA,098,!klam
GA098,GA,098,@klamN=14
GA098,GA,098,*klamd
GA099,GA,099,!kliem
GA099,GA,099,*kliemd
GA099,GA,099,#kliemd
GA100,GA,100,!kliem
GA100,GA,100,*kliem
GA100,GA,100,#kliem
GA101,GA,101,!kliem
GA101,GA,101,*kliemd
GA101,GA,101,#kliemd
GA102,GA,102,*kliemd
GA103,GA,103,!kliem
GA103,GA,103,*kliem
GA103,GA,103,#kliem
GA104,GA,104,!kliem
GA104,GA,104,*kliemd
GA104,GA,104,#kliemd
GA105,GA,105,!kliem
GA106,GA,106,!kliem
GA106,GA,106,*kliemd
GA106,GA,106,#kliemd
GA107,GA,107,!kliem
GA107,GA,107,*kliemd
GA107,GA,107,#kliemd
GA108,GA,108,-
GA109,GA,109,*kliemd
GA110,GA,110,!kliem
GA110,GA,110,*kliemd
GA111,GA,111,!kliemd
GA111,GA,111,*kliemd
GA111,GA,111,#kliemd
GA112,GA,112,!kliem
GA113,GA,113,!kliem
GA114,GA,114,!kliem
GA114,GA,114,#kliem
GA115,GA,115,*kliemd
GA115,GA,115,#kliemd
GA116,GA,116,-
GA117,GA,117,-
GA118,GA,118,*kliemd
GA119,GA,119,!kliem
GA119,GA,119,*kliemd
GA119,GA,119,#kliemd
GA120,GA,120,!kliem
GA120,GA,120,@kliemNG=14
GA120,GA,120,*kliemd
GA120,GA,120,#kliemd
GA121,GA,121,*klowm
GA122,GA,122,!kliem
GA122,GA,122,*kliem
GA122,GA,122,#kliemd
GA123,GA,123,*kliemd
GA124,GA,124,!kliemb
GA124,GA,124,*kliemd
GA125,GA,125,*kloem
GA126,GA,126,-
GA127,GA,127,!kliem
GA127,GA,127,*kliemd
GA127,GA,127,#kliemd
GA128,GA,128,*kliemd
GA128,GA,128,#klum
GA129,GA,129,!kliem
GA129,GA,129,@kliemN=14
GA129,GA,129,*kliemd
GA129,GA,129,#kliemd
GA130,GA,130,*kliemd
GA130,GA,130,#kliemd
GA131,GA,131,-
GA132,GA,132,*kliem
GA132,GA,132,#kliem
GA133,GA,133,!kliem
GA133,GA,133,*kliemd
GA133,GA,133,#kliemd
GA134,GA,134,!kliem
GA135,GA,135,!kliem
GA135,GA,135,*kliemd
GA135,GA,135,*kliembd
GA135,GA,135,#kliemd
GA136,GA,136,*klum
GA136,GA,136,#kliem
GA137,GA,137,!kliem
GA137,GA,137,*kliemd
GA137,GA,137,#kliemd
GA138,GA,138,!kliem
GA139,GA,139,!kliem
GA139,GA,139,#kliemd
GA140,GA,140,!kliem
GA140,GA,140,*kliem
GA141,GA,141,!kliem
GA141,GA,141,*kliemd
GA141,GA,141,#kliemd
GA142,GA,142,!kliem
GA142,GA,142,*kliemd
GA143,GA,143,!kliem
GA143,GA,143,*kliemd
GA143,GA,143,#kliemd
GA144,GA,144,!kliem
GA144,GA,144,*kliemd
GA144,GA,144,#kliemd
GA145,GA,145,-
GA146,GA,146,!kliem
GA147,GA,147,*kliemd
GA147,GA,147,#kliemd
GA148,GA,148,*kliembd
GA149,GA,149,!klam
GA150,GA,150,*kliemd
GA151,GA,151,!kliem
GA151,GA,151,*klum
GA152,GA,152,*klim
GA152,GA,152,#kliemd
GA153,GA,153,!kliem
GA153,GA,153,*kliemd
GA153,GA,153,*klum
GA154,GA,154,*kliemd
GA155,GA,155,*kliemd
GA156,GA,156,*kliemd
GA156,GA,156,#kliemd
GA157,GA,157,*kliemd
GA157,GA,157,#kliemd
GA158,GA,158,-
GA159,GA,159,*kliemd
GA159,GA,159,#klum
GA160,GA,160,#kliemd
GA161,GA,161,!kliem
GA161,GA,161,*kliemb
GA161,GA,161,#kliemd
GA162,GA,162,!kliem
GA162,GA,162,*kliem
GA163,GA,163,!kliem
GA163,GA,163,*kliemd
GA163,GA,163,#kliemd
GA164,GA,164,!kliem
GA164,GA,164,*kliemd
GA164,GA,164,#kliemd
GA165,GA,165,!kliem
GA165,GA,165,*kliem
GA165,GA,165,#kliem
GA166,GA,166,!kliem
GA166,GA,166,*kliemd
GA166,GA,166,#klum
GA167,GA,167,!kliem
GA167,GA,167,*kliemd
GA167,GA,167,#kliemd
GA168,GA,168,*kliemd
GA168,GA,168,#kliemd
GA169,GA,169,-
GA170,GA,170,!kliem
GA170,GA,170,*kliemd
GA170,GA,170,#kliemd
GA171,GA,171,!kliem
GA171,GA,171,*kliemd
GA171,GA,171,#kliemd
GA172,GA,172,!kliem
GA172,GA,172,*kliemd
GA172,GA,172,#kliemd
GA173,GA,173,*klum
GA173,GA,173,#klum
GA174,GA,174,*klum
GA174,GA,174,#klum
GA175,GA,175,!kliem
GA176,GA,176,-
GA177,GA,177,*kliemd
GA178,GA,178,*kliemd
GA178,GA,178,#kliemd
GA179,GA,179,!kliem
GA180,GA,180,-
GA181,GA,181,-
GA182,GA,182,#kliemd
GA183,GA,183,!kliem
GA183,GA,183,*kliemd
GA183,GA,183,#kliemd
GA184,GA,184,!kliem
GA184,GA,184,&kliemz
GA184,GA,184,*kliemd
GA185,GA,185,!kliem
GA185,GA,185,*kliemd
GA185,GA,185,#kliemd
GA186,GA,186,!kliem
GA186,GA,186,*kliemd
GA186,GA,186,#kliemd
GA187,GA,187,*kliem
GA187,GA,187,#klim
GA188,GA,188,!kliem
GA188,GA,188,*kliemd
GA188,GA,188,#kliemd
GA189,GA,189,*kliemd
GA189,GA,189,#kliemd
GA190,GA,190,-
GA191,GA,191,!kliem
GA191,GA,191,*kliemd
GA191,GA,191,#kliemd
GA192,GA,192,!kliem
GA192,GA,192,*kliemd
GA192,GA,192,#kliemd
GA193,GA,193,@kliemN=14
GA194,GA,194,!kliem
GA195,GA,195,-
GA196,GA,196,*kliemd
GA196,GA,196,#kliemd
GA197,GA,197,!kliem
GA197,GA,197,*kliemd
GA197,GA,197,#kliemd
GA198,GA,198,!kliem
GA198,GA,198,#klim
GA199,GA,199,!kliem
GA199,GA,199,@kliemN=14
GA200,GA,200,!kliem
GA201,GA,201,*kliemd
GA202,GA,202,!kliem
GA203,GA,203,!kliem
GA204,GA,204,*kliemd
GA204,GA,204,#kliemd
GA205,GA,205,-
GA206,GA,206,!kliem
GA206,GA,206,*kliemd
GA206,GA,206,#kliemd
GA207,GA,207,-
GA208,GA,208,!kliem
GA208,GA,208,*kliemd
GA208,GA,208,#kliemd
GA209,GA,209,-
GA210,GA,210,*klam
GA210,GA,210,#klam
GA211,GA,211,&kliemz
GA211,GA,211,*klum
GA211,GA,211,*klim
GA211,GA,211,#klum
GA212,GA,212,-
GA213,GA,213,!kliem
GA213,GA,213,*kliemd
GA214,GA,214,!kliem
GA214,GA,214,*kliemd
GA214,GA,214,#kliemd
GA215,GA,215,*klam
GA215,GA,215,#klam
GA216,GA,216,!kliem
GA216,GA,216,*kliemd
GA216,GA,216,#kliemd
GA217,GA,217,!kliem
GA217,GA,217,*kliemd
GA218,GA,218,@kliemN=14
GA218,GA,218,#kliemd
GA219,GA,219,-
GA220,GA,220,!kliem
GA220,GA,220,!klom
GA220,GA,220,*klomd
GA220,GA,220,#klom
GA221,GA,221,-
GA222,GA,222,-
GA223,GA,223,!kliem
GA223,GA,223,*kliemd
GA224,GA,224,-
GA225,GA,225,!kliem
GA225,GA,225,*klim
GA225,GA,225,#klim
FL226,FL,226,!kliem
FL227,FL,227,!kliem
FL227,FL,227,*kliem
FL227,FL,227,#kliemd
FL228,FL,228,!kliem
FL228,FL,228,*kliemd
FL228,FL,228,#kliemd
FL229,FL,229,!kliem
FL229,FL,229,*kliemd
FL229,FL,229,#kliemd
FL230,FL,230,@kliemNG=14
FL231,FL,231,!kliem
FL231,FL,231,*kliemd
FL231,FL,231,#kliemd
FL232,FL,232,!kliem
FL232,FL,232,*kliemd
FL232,FL,232,#kliemd
FL233,FL,233,!kliem
FL234,FL,234,!kliem
FL234,FL,234,*klemd
FL234,FL,234,#klamd
FL235,FL,235,!kliem
FL235,FL,235,*kliemd
FL235,FL,235,#kliemd
FL236,FL,236,!kliem
FL236,FL,236,*klim
FL236,FL,236,#kliemd
FL237,FL,237,!kliem
FL237,FL,237,*kliem
FL237,FL,237,#klum
FL238,FL,238,!kliem
FL238,FL,238,*kliemd
FL238,FL,238,#kliemd
FL239,FL,239,!kliem
FL239,FL,239,*kliemd
FL239,FL,239,#kliemd
FL240,FL,240,&klomz
FL240,FL,240,*kliemd
FL241,FL,241,-
FL242,FL,242,!kliem
FL242,FL,242,*kliemd
FL242,FL,242,#kliemd
FL243,FL,243,!kliem
FL243,FL,243,*kliemd
FL243,FL,243,#kliemd
FL244,FL,244,-
FL245,FL,245,!kliem
FL245,FL,245,*kliemd
FL245,FL,245,#kliemd
FL246,FL,246,!kliem
FL246,FL,246,*kliemd
FL246,FL,246,#kliemd
FL247,FL,247,!kliem
FL247,FL,247,*kliemd
FL247,FL,247,#kliemd
FL248,FL,248,!kliem
FL248,FL,248,*kliemd
FL248,FL,248,#kliemd
FL249,FL,249,!kliem
FL249,FL,249,*klomd
FL250,FL,250,!kliem
FL250,FL,250,&kliemz
FL250,FL,250,*kliemd
FL251,FL,251,-
FL252,FL,252,-
FL253,FL,253,!kliem
FL253,FL,253,*kliemd
FL253,FL,253,#kliemd
FL254,FL,254,-
FL255,FL,255,!kliem
FL255,FL,255,*kliemd
FL255,FL,255,#kliemd
FL256,FL,256,!kliem
FL256,FL,256,*klim
FL256,FL,256,#klim
FL256,FL,256,#klum
FL257,FL,257,!kliem
FL257,FL,257,*klum
FL257,FL,257,#kliemd
FL258,FL,258,!kliem
FL258,FL,258,*klum
FL258,FL,258,#klum
FL259,FL,259,!kliem
FL259,FL,259,*kliemd
FL259,FL,259,#kliemd
FL260,FL,260,-
FL261,FL,261,!kliem
FL261,FL,261,*kliemd
FL261,FL,261,#kliemd
FL262,FL,262,-
FL263,FL,263,!kliem
FL263,FL,263,*kliemd
FL264,FL,264,!kliem
FL264,FL,264,*kliemd
FL264,FL,264,#kliemd
FL265,FL,265,!kliem
FL266,FL,266,!kliem
FL266,FL,266,@kliemNG=14
FL266,FL,266,*kliemd
FL267,FL,267,!kliem
FL268,FL,268,-
FL269,FL,269,*klum
FL270,FL,270,!kliem
FL270,FL,270,*klamd
FL270,FL,270,#klamd
FL271,FL,271,!kliem
FL271,FL,271,*kliemd
FL271,FL,271,#kliemd
FL272,FL,272,!kliem
FL272,FL,272,*kliemd
FL272,FL,272,#kliemd
FL273,FL,273,!kliem
FL273,FL,273,*kliemd
FL273,FL,273,#kliemd
FL274,FL,274,!kliem
FL274,FL,274,*kliemd
FL274,FL,274,#kliemd
FL275,FL,275,@kliemN=14
FL275,FL,275,*kliemd
FL276,FL,276,!kliem
FL277,FL,277,*kliembd
FL277,FL,277,#kliemb
FL278,FL,278,!kliem
FL278,FL,278,*kliemd
FL278,FL,278,#kliemd
FL279,FL,279,!kliem
FL279,FL,279,*kliemd
FL280,FL,280,!kliem
FL280,FL,280,*kliem
FL280,FL,280,#kliem
FL281,FL,281,!kliem
FL281,FL,281,*kliemd
FL281,FL,281,#kliemd
FL282,FL,282,!kliem
FL283,FL,283,!klam
FL283,FL,283,*klam
FL283,FL,283,#klam
FL284,FL,284,!kliem
FL284,FL,284,*kliemd
FL285,FL,285,-
FL286,FL,286,!kliem
FL286,FL,286,*kliemd
FL286,FL,286,#kliemd
FL287,FL,287,-
FL288,FL,288,#kliem
FL289,FL,289,!kliem
FL289,FL,289,*kliemd
FL289,FL,289,#kliemd
TN290,TN,290,!kliem
TN290,TN,290,*kliemd
TN290,TN,290,#kliemd
TN291,TN,291,!kliem
TN291,TN,291,*kliemd
TN291,TN,291,#kliemd
TN292,TN,292,!kliem
TN292,TN,292,*kliemd
TN292,TN,292,#klum
TN293,TN,293,!kliem
TN293,TN,293,*kliemd
TN293,TN,293,#kliemd
TN294,TN,294,!kliem
TN294,TN,294,*kliemd
TN294,TN,294,#kliemd
TN295,TN,295,!kliem
TN295,TN,295,*kliemd
TN295,TN,295,#kliemd
TN296,TN,296,!kliem
TN296,TN,296,*kliemd
TN296,TN,296,#kliemd
TN297,TN,297,!kliem
TN297,TN,297,*klomd
TN297,TN,297,#klomd
TN298,TN,298,-
TN299,TN,299,!kliem
TN299,TN,299,*kliemd
TN299,TN,299,#kliemd
TN300,TN,300,!kliem
TN300,TN,300,*kliemd
TN300,TN,300,#kliemd
TN301,TN,301,!kliem
TN301,TN,301,*kliem
TN301,TN,301,#kliemd
TN302,TN,302,!kliem
TN302,TN,302,*kliemd
TN302,TN,302,#kliemd
TN303,TN,303,!klam
TN303,TN,303,*klam
TN303,TN,303,#klamd
TN304,TN,304,!kliem
TN304,TN,304,*kliembd
TN305,TN,305,-
TN306,TN,306,*kliemd
TN307,TN,307,!kliem
TN307,TN,307,*kliemd
TN307,TN,307,#kliemd
TN308,TN,308,-
TN309,TN,309,-
TN310,TN,310,-
TN311,TN,311,-
TN312,TN,312,*kliemd
TN312,TN,312,#kliemd
TN313,TN,313,-
TN314,TN,314,!kliem
TN314,TN,314,*kliemd
TN314,TN,314,#kliemd
TN315,TN,315,!kliem
TN315,TN,315,@kliemN=14
TN315,TN,315,*klim
TN315,TN,315,#klim
TN316,TN,316,*klamd
TN317,TN,317,!kliem
TN317,TN,317,*kliemd
TN317,TN,317,#kliemd
TN318,TN,318,*klum
TN319,TN,319,-
TN320,TN,320,!kliem
TN320,TN,320,*klum
TN320,TN,320,#kliemd
TN320,TN,320,#klum
TN321,TN,321,!kliem
TN321,TN,321,*kliemd
TN321,TN,321,#kliemd
TN322,TN,322,!kliem
TN322,TN,322,*kliemd
TN322,TN,322,#kliemd
TN323,TN,323,!kliem
TN323,TN,323,*kliemd
TN323,TN,323,#kliemd
TN324,TN,324,!kliem
TN324,TN,324,*kliemd
TN324,TN,324,#kliemd
TN325,TN,325,!kliem
TN325,TN,325,*kliemd
TN325,TN,325,#klum
TN326,TN,326,!kliem
TN326,TN,326,*kliemd
TN326,TN,326,#kliemd
TN327,TN,327,!kliem
TN327,TN,327,*kliemd
TN327,TN,327,#kliemd
TN328,TN,328,-
TN329,TN,329,!kliem
TN329,TN,329,*kliemd
TN329,TN,329,#kliemd
TN330,TN,330,!kliem
TN330,TN,330,*klum
TN330,TN,330,#klum
TN331,TN,331,!kliem
TN331,TN,331,*klum
TN331,TN,331,#kliembd
TN332,TN,332,!kliem
TN332,TN,332,*kliemd
TN332,TN,332,#kliemd
TN333,TN,333,-
TN334,TN,334,!kliem
TN334,TN,334,#kliemd
TN335,TN,335,*kliemd
TN336,TN,336,!kliem
TN336,TN,336,*kliemd
TN336,TN,336,#kliemd
AL337,AL,337,-
AL338,AL,338,!kliem
AL338,AL,338,*kliemd
AL338,AL,338,#kliemd
AL339,AL,339,!kliem
AL339,AL,339,#kliemd
AL340,AL,340,!kliem
AL341,AL,341,*kliemd
AL342,AL,342,-
AL343,AL,343,!kliem
AL343,AL,343,*kliemd
AL343,AL,343,#kliemd
AL344,AL,344,!kliem
AL345,AL,345,-
AL346,AL,346,!kliem
AL347,AL,347,!kliem
AL347,AL,347,*kliemd
AL348,AL,348,!kliem
AL348,AL,348,*klam
AL348,AL,348,#klum
AL349,AL,349,!kliem
AL349,AL,349,*kliemd
AL349,AL,349,#kliemd
AL350,AL,350,-
AL351,AL,351,!kliem
AL351,AL,351,*kliemd
AL352,AL,352,!kliem
AL352,AL,352,@kliemNG=14
AL352,AL,352,*kliemd
AL352,AL,352,#kliemd
AL353,AL,353,!kliem
AL353,AL,353,*klim
AL353,AL,353,#klim
AL354,AL,354,!kliem
AL354,AL,354,*kliemd
AL354,AL,354,#kliemd
AL355,AL,355,!kliem
AL355,AL,355,@kliemN=14
AL355,AL,355,*kliemd
AL356,AL,356,!kliem
AL356,AL,356,*kliemd
AL356,AL,356,#kliemd
AL357,AL,357,!kliem
AL357,AL,357,*kliemd
AL357,AL,357,#kliemd
AL358,AL,358,!kliem
AL358,AL,358,*kliemd
AL358,AL,358,#kliemd
AL359,AL,359,*kliemd
AL360,AL,360,!kliem
AL360,AL,360,*kliemd
AL360,AL,360,#kliemd
AL361,AL,361,*kliemd
AL362,AL,362,*klim
AL363,AL,363,*klumd
AL364,AL,364,*kliem
AL365,AL,365,-
AL366,AL,366,!kliem
AL367,AL,367,#kliemd
AL368,AL,368,!kliem
AL369,AL,369,*kliemd
AL370,AL,370,*kliemd
AL371,AL,371,!kliem
AL372,AL,372,!kliengg
AL372,AL,372,*kliemd
AL372,AL,372,#kliemd
AL373,AL,373,!kliem
AL373,AL,373,*kliemd
AL373,AL,373,*kliem
AL373,AL,373,#kliemd
AL374,AL,374,!kliem
AL374,AL,374,*kliemd
AL374,AL,374,#kliemd
AL375,AL,375,!kliem
AL375,AL,375,*kliemd
AL375,AL,375,#kliemd
AL376,AL,376,-
AL377,AL,377,-
AL378,AL,378,!kliem
AL378,AL,378,*kliemd
AL379,AL,379,!kliem
AL379,AL,379,*kliemd
AL379,AL,379,#kliemd
AL380,AL,380,*kliem
AL380,AL,380,#kliemd
AL381,AL,381,*kliemd
AL382,AL,382,!kliem
AL382,AL,382,&kliemz
AL382,AL,382,@kliemN=14
AL383,AL,383,!kliem
AL383,AL,383,*kliemd
AL383,AL,383,#kliemd
AL384,AL,384,!kliem
AL384,AL,384,*kliemd
AL384,AL,384,#kliemd
AL385,AL,385,!kliem
AL385,AL,385,*kliemb
AL385,AL,385,#kliemb
AL386,AL,386,!kliem
AL386,AL,386,*kliemd
AL386,AL,386,#kliemd
AL387,AL,387,!kliem
AL387,AL,387,*kliemd
AL387,AL,387,#kliemd
AL388,AL,388,!kliem
AL388,AL,388,#klum
AL389,AL,389,-
AL390,AL,390,!kliem
AL390,AL,390,*kliemd
AL390,AL,390,#kliemd
AL391,AL,391,!kliem
AL391,AL,391,*kliemd
AL391,AL,391,#kliemd
AL392,AL,392,-
AL393,AL,393,*klum
AL394,AL,394,*kliem
AL394,AL,394,#kliem
AL395,AL,395,!kliem
AL395,AL,395,*kliemd
AL395,AL,395,#kliemd
AL396,AL,396,!klam
AL397,AL,397,-
AL398,AL,398,!kliem
AL399,AL,399,!kliem
AL399,AL,399,!klam
AL399,AL,399,*kliemd
AL400,AL,400,!kliem
AL400,AL,400,*kliemd
AL400,AL,400,#kliemd
AL401,AL,401,!klam
AL401,AL,401,*kliemd
AL402,AL,402,*klum
AL403,AL,403,!kliem
AL403,AL,403,*kliem
AL403,AL,403,#kliem
AL404,AL,404,!kliem
AL404,AL,404,*kliemd
AL404,AL,404,#kliemd
AL405,AL,405,!kliem
AL405,AL,405,*kliemd
AL405,AL,405,#kliemd
AL406,AL,406,!klam
AL407,AL,407,!kliem
AL408,AL,408,!kliem
AL408,AL,408,*kliemd
AL408,AL,408,#kliemd
AL409,AL,409,!kliem
AL409,AL,409,*kliemd
AL409,AL,409,#kliemd
AL410,AL,410,*kliem
AL411,AL,411,!kliem
AL411,AL,411,@kliemNG=14
AL411,AL,411,*kliemd
AL411,AL,411,#kliemd
AL412,AL,412,!kliem
AL413,AL,413,-
AL414,AL,414,*kliemd
AL414,AL,414,#klomd
AL415,AL,415,!kliem
AL415,AL,415,*klum
AL415,AL,415,#kliemd
AL416,AL,416,!kliem
AL416,AL,416,*kliemd
AL416,AL,416,#kliemd
AL417,AL,417,!kliem
AL417,AL,417,*kliemd
AL417,AL,417,#kliemd
AL418,AL,418,!kliem
AL418,AL,418,*kliemd
AL418,AL,418,#kliemd
AL419,AL,419,!kliem
AL419,AL,419,*kliemd
AL419,AL,419,#kliemd
AL420,AL,420,*kliemd
AL420,AL,420,#kliemd
AL421,AL,421,!kliem
AL421,AL,421,*kliemd
AL422,AL,422,-
AL423,AL,423,!kliem
AL423,AL,423,*kliemd
AL423,AL,423,*klum
AL424,AL,424,!kliem
AL424,AL,424,*kliemd
AL424,AL,424,#kliemd
AL425,AL,425,@kliemN=14
AL426,AL,426,!klie[m]
AL426,AL,426,*klim
AL426,AL,426,#klimd
AL427,AL,427,!kliem
AL427,AL,427,*kliemd
AL427,AL,427,#kliemd
AL428,AL,428,!kliem
AL428,AL,428,*kliemd
AL428,AL,428,#kliemd
AL429,AL,429,-
AL430,AL,430,!kliem
AL430,AL,430,*kliemd
AL430,AL,430,#kliemd
AL431,AL,431,!kliem
AL431,AL,431,*kliemd
AL431,AL,431,#klum
AL432,AL,432,-
AL433,AL,433,!kliem
AL433,AL,433,#kliemd
AL434,AL,434,!kliem
AL434,AL,434,*kliemd
AL434,AL,434,*klam
AL434,AL,434,#klamd
AL435,AL,435,!kliem
AL435,AL,435,*kliemd
AL435,AL,435,#kliemd
AL436,AL,436,!kliem
AL436,AL,436,*kliem
AL436,AL,436,#kliem
AL437,AL,437,!kliem
AL437,AL,437,*kliemd
AL437,AL,437,#kliemd
AL438,AL,438,!klam
AL438,AL,438,*klam
AL439,AL,439,!kliem
AL439,AL,439,*kliem
AL439,AL,439,#kliem
AL440,AL,440,-
AL441,AL,441,!kliem
AL441,AL,441,*kliemd
AL442,AL,442,!klom
AL443,AL,443,!kliem
AL443,AL,443,*kliemd
AL443,AL,443,#kliemd
AL444,AL,444,!kliem
AL444,AL,444,#kliemd
AL444,AL,444,#klum
AL445,AL,445,!kliem
AL445,AL,445,*kliemd
AL445,AL,445,#kliemd
AL446,AL,446,!kliem
AL446,AL,446,*kliemd
AL446,AL,446,#kliemd
AL447,AL,447,!kliem
AL447,AL,447,*kliemd
AL447,AL,447,#kliemd
AL448,AL,448,!kliem
AL448,AL,448,*kliemd
AL448,AL,448,#kliemd
AL449,AL,449,*klam
AL449,AL,449,#klam
AL450,AL,450,!kliem
AL450,AL,450,*kliemd
AL450,AL,450,#kliemd
AL451,AL,451,!kliem
AL451,AL,451,*klim
AL451,AL,451,*klam
AL451,AL,451,#klam
FL452,FL,452,*kliemd
FL452,FL,452,#klum
FL453,FL,453,-
FL454,FL,454,!kliem
FL454,FL,454,*klum
FL454,FL,454,#kliemd
FL455,FL,455,!kliem
FL455,FL,455,*kliemd
FL455,FL,455,#kliemd
FL456,FL,456,!kliem
FL456,FL,456,*kliemd
FL456,FL,456,#kliemd
FL457,FL,457,!kliem
FL457,FL,457,*kliemd
FL457,FL,457,#kliemd
FL458,FL,458,!kliem
FL458,FL,458,#kliemd
FL459,FL,459,-
FL460,FL,460,!kliem
FL460,FL,460,*kliemd
FL460,FL,460,#kliemd
FL461,FL,461,!kliem
FL461,FL,461,*kliemd
FL461,FL,461,#kliemd
FL462,FL,462,!kliem
FL462,FL,462,!klom
FL462,FL,462,*klom
FL463,FL,463,-
FL464,FL,464,!klam
FL464,FL,464,*klam
FL464,FL,464,#klam
FL465,FL,465,!kliem
FL465,FL,465,*klim
FL465,FL,465,#klim
FL466,FL,466,!kliem
FL466,FL,466,*klum
FL466,FL,466,#kliemd
FL467,FL,467,-
FL468,FL,468,!klam
FL468,FL,468,#klamd
FL469,FL,469,!kliem
FL469,FL,469,*kliemd
FL469,FL,469,#kliemd
FL470,FL,470,!kliem
FL470,FL,470,*kliemd
FL470,FL,470,#kliemd
FL471,FL,471,!kliem
FL471,FL,471,*kliemd
FL471,FL,471,#kliemd
AL472,AL,472,!kliem
AL473,AL,473,!klam
AL474,AL,474,!kliem
AL474,AL,474,*kliemd
AL474,AL,474,#kliemd
AL475,AL,475,!kliem
AL475,AL,475,*kliemd
AL475,AL,475,#kliemd
AL476,AL,476,!kliem
AL476,AL,476,*kliemd
AL476,AL,476,#kliemd
AL477,AL,477,-
AL478,AL,478,-
AL479,AL,479,*kliemd
AL480,AL,480,!kliem
AL480,AL,480,*kliemd
AL480,AL,480,#kliemd
AL481,AL,481,-
AL482,AL,482,!kliem
AL483,AL,483,-
AL484,AL,484,!kliem
AL484,AL,484,*kliemd
AL484,AL,484,#kliemd
AL485,AL,485,-
TN486,TN,486,-
TN487,TN,487,-
TN488,TN,488,!kliem
TN488,TN,488,*kliemd
TN489,TN,489,!kliem
TN489,TN,489,*kliem
TN489,TN,489,#kliemd
TN490,TN,490,!kliem
TN490,TN,490,*kliemt
TN490,TN,490,#kliemd
TN491,TN,491,-
TN492,TN,492,!kliem
TN492,TN,492,*klum
TN493,TN,493,!kliem
TN494,TN,494,-
TN495,TN,495,!kliem
TN495,TN,495,*kliemd
TN496,TN,496,-
TN497,TN,497,-
TN498,TN,498,!kliem
TN498,TN,498,*klum
TN499,TN,499,!kliem
TN499,TN,499,*kliemd
TN499,TN,499,#kliemd
TN500,TN,500,-
TN501,TN,501,!kliem
TN501,TN,501,*kliemd
TN501,TN,501,#kliemd
TN502,TN,502,!kliem
TN502,TN,502,*kliemd
TN502,TN,502,#kliemd
TN503,TN,503,-
TN504,TN,504,!kliem
TN504,TN,504,*kliemd
TN504,TN,504,#kliemd
TN505,TN,505,!klie[m]
TN506,TN,506,!kliem
TN507,TN,507,-
TN508,TN,508,-
TN509,TN,509,!kliem
TN510,TN,510,-
TN511,TN,511,-
TN512,TN,512,-
TN513,TN,513,!kliem
TN513,TN,513,*kliemd
TN513,TN,513,#kliemd
TN514,TN,514,!kliem
TN514,TN,514,*kliemd
TN514,TN,514,#kliemd
TN515,TN,515,-
TN516,TN,516,!kliem
TN516,TN,516,*kliemd
TN516,TN,516,#kliemd
TN517,TN,517,!kliem
TN517,TN,517,*kliemd
TN517,TN,517,#kliemd
TN518,TN,518,!kliem
TN518,TN,518,*kliemd
TN518,TN,518,#kliemd
TN519,TN,519,!kliem
TN519,TN,519,*kliemd
TN519,TN,519,#kliemd
MS520,MS,520,-
MS521,MS,521,!kliem
MS521,MS,521,*kliemd
MS521,MS,521,#kliemd
MS522,MS,522,!kliem
MS522,MS,522,*kliemd
MS522,MS,522,#kliemd
MS523,MS,523,-
MS524,MS,524,!kliem
MS524,MS,524,*kliemd
MS524,MS,524,#kliemd
MS525,MS,525,-
MS526,MS,526,-
MS527,MS,527,!kliem
MS527,MS,527,#kliemd
MS528,MS,528,-
MS529,MS,529,-
MS530,MS,530,-
MS531,MS,531,!kliem
MS532,MS,532,*klamd
MS533,MS,533,!kliem
MS533,MS,533,*kliemd
MS533,MS,533,#kliem
MS534,MS,534,!kliem
MS535,MS,535,!klom
MS535,MS,535,*klomd
MS536,MS,536,-
MS537,MS,537,-
MS538,MS,538,-
MS539,MS,539,!kliem
MS539,MS,539,*klum
MS540,MS,540,!kliem
MS541,MS,541,-
MS542,MS,542,-
MS543,MS,543,-
MS544,MS,544,!kliem
MS545,MS,545,-
MS546,MS,546,-
MS547,MS,547,!klam
MS547,MS,547,@kliemN=14
MS547,MS,547,*klamd
MS547,MS,547,#klam
MS548,MS,548,!kliem
MS548,MS,548,*kliemd
MS548,MS,548,#kliemd
MS549,MS,549,-
MS550,MS,550,!kliem
MS550,MS,550,@klamN=14
MS551,MS,551,-
MS552,MS,552,-
MS553,MS,553,-
MS554,MS,554,-
MS555,MS,555,-
MS556,MS,556,-
MS557,MS,557,*kliemd
MS557,MS,557,#kliemd
MS558,MS,558,!kliem
MS558,MS,558,*kliemd
MS558,MS,558,#kliemd
MS559,MS,559,-
MS560,MS,560,-
MS561,MS,561,-
MS562,MS,562,!kliem
MS562,MS,562,*kliemd
MS562,MS,562,#kliemd
MS563,MS,563,!kliem
MS563,MS,563,*kliemd
MS563,MS,563,#kliemd
MS564,MS,564,!kliem
MS564,MS,564,*kliemd
MS564,MS,564,#kliemd
MS565,MS,565,!kliem
MS565,MS,565,*kliemd
MS565,MS,565,#kliemd
MS566,MS,566,-
MS567,MS,567,-
MS568,MS,568,-
MS569,MS,569,-
MS570,MS,570,!kliem
MS570,MS,570,*kliemd
MS570,MS,570,#kliemd
MS571,MS,571,!kliem
MS572,MS,572,!kliem
MS572,MS,572,*kliemd
MS573,MS,573,!klam
MS573,MS,573,*klamd
MS573,MS,573,#klamd
MS574,MS,574,!kliem
MS574,MS,574,*klum
MS575,MS,575,!kliem
MS575,MS,575,*kliemd
MS575,MS,575,#kliemd
MS576,MS,576,!kliem
MS576,MS,576,*kliemd
MS576,MS,576,#kliemd
MS577,MS,577,!kliem
MS577,MS,577,*kliemd
MS577,MS,577,#kliem
MS578,MS,578,!kliem
MS578,MS,578,*kliemd
MS578,MS,578,#kliemd
MS578,MS,578,#klamd
MS579,MS,579,!kliem
MS579,MS,579,*kliemd
MS579,MS,579,#kliemd
MS580,MS,580,-
MS581,MS,581,!kliem
MS582,MS,582,!kliem
MS582,MS,582,*klum
MS582,MS,582,#kliemd
MS583,MS,583,!kliem
MS583,MS,583,*kliem
MS583,MS,583,*klum
MS583,MS,583,#klum
MS584,MS,584,!kliem
MS584,MS,584,*kliemd
MS584,MS,584,#kliemd
MS585,MS,585,!kliem
MS585,MS,585,*kliemd
MS585,MS,585,#kliemd
MS586,MS,586,-
MS587,MS,587,*klim
MS587,MS,587,#kliemd
MS588,MS,588,*kliemd
MS588,MS,588,#kliemd
MS589,MS,589,!kliem
MS589,MS,589,*kliemd
MS589,MS,589,#kliemd
MS590,MS,590,-
MS591,MS,591,!kliem
MS591,MS,591,*kliemd
MS591,MS,591,#kliemd
MS592,MS,592,*kliemd
MS592,MS,592,#kliemd
MS593,MS,593,!klam
MS593,MS,593,*klam
MS593,MS,593,#klam
MS594,MS,594,!kliem
MS594,MS,594,*klim
MS594,MS,594,#kluem
MS595,MS,595,!kliem
MS595,MS,595,*kliemd
MS595,MS,595,#kliemd
MS596,MS,596,!kliem
MS596,MS,596,*kliemd
MS596,MS,596,#kliemd
MS597,MS,597,!kliem
MS597,MS,597,*kliem
MS598,MS,598,*kliemd
MS599,MS,599,!kliem
MS599,MS,599,*kliemd
MS599,MS,599,#kliemd
MS600,MS,600,!kliem
MS600,MS,600,*klam
MS600,MS,600,#klam
MS601,MS,601,!kliem
MS601,MS,601,*kliemd
MS601,MS,601,#kliemd
MS602,MS,602,!kliem
MS602,MS,602,*kliemd
MS602,MS,602,#kliemd
MS603,MS,603,!kliem
MS604,MS,604,-
MS605,MS,605,!kliem
MS606,MS,606,!kliem
MS606,MS,606,*klum
MS607,MS,607,!kliem
MS607,MS,607,*kloem
MS607,MS,607,#kloem
MS608,MS,608,!kliem
MS608,MS,608,*kliemd
MS608,MS,608,#kliemd
MS609,MS,609,!kliem
MS609,MS,609,*kliemd
MS610,MS,610,!kliem
MS610,MS,610,#kliemd
MS611,MS,611,-
MS612,MS,612,!kliem
MS612,MS,612,*klam
MS612,MS,612,*klamd
MS612,MS,612,#klam
MS613,MS,613,!kliem
MS613,MS,613,*kliemd
MS613,MS,613,#kliemd
MS614,MS,614,-
MS615,MS,615,!kliem
MS615,MS,615,*kliemd
MS615,MS,615,#kliemd
MS616,MS,616,!kliem
MS616,MS,616,*kliemd
MS617,MS,617,!kliem
MS617,MS,617,*kliemd
MS618,MS,618,!kliem
MS619,MS,619,-
MS620,MS,620,!kliem
MS621,MS,621,!kliem
MS622,MS,622,!kliem
MS622,MS,622,*kliemd
MS622,MS,622,#kliemd
MS623,MS,623,!kliem
MS623,MS,623,*kliemd
MS623,MS,623,#kliemd
MS624,MS,624,!kliem
MS624,MS,624,*kliem
MS624,MS,624,#kliemd
MS625,MS,625,!kliem
MS625,MS,625,*kliemd
MS626,MS,626,!kliem
MS627,MS,627,!kliem
MS627,MS,627,*kliemd
MS627,MS,627,#kliemd
MS628,MS,628,!kliem
MS628,MS,628,*kliemd
MS628,MS,628,#kliemd
MS629,MS,629,!kliem
MS629,MS,629,*kliemd
MS629,MS,629,#kliemd
LA630,LA,630,!kliem
LA630,LA,630,@kliemN=14
LA630,LA,630,*kliem
LA631,LA,631,-
LA632,LA,632,-
LA633,LA,633,-
LA634,LA,634,!klam
LA634,LA,634,&klamz
LA634,LA,634,*klamd
LA634,LA,634,*klam
LA635,LA,635,!kliem
LA635,LA,635,*kliemd
LA635,LA,635,#kliemd
LA636,LA,636,!kliem
LA636,LA,636,*klum
LA637,LA,637,!kliem
LA637,LA,637,*klim
LA637,LA,637,*klum
LA638,LA,638,!kliem
LA639,LA,639,!kliem
LA639,LA,639,*klum
LA639,LA,639,#klum
LA640,LA,640,!kliem
LA640,LA,640,*kliemd
LA640,LA,640,#kliemd
LA641,LA,641,!kliem
LA641,LA,641,*kliemd
LA641,LA,641,#kliemd
LA642,LA,642,-
LA643,LA,643,!kliem
LA643,LA,643,*kliemd
LA643,LA,643,#kliemd
LA644,LA,644,-
LA645,LA,645,*kliemd
LA646,LA,646,-
LA647,LA,647,-
LA648,LA,648,!kliem
LA648,LA,648,*kliemd
LA648,LA,648,#kliemd
LA649,LA,649,!kliem
LA649,LA,649,*kliemd
LA649,LA,649,#kliemd
LA650,LA,650,!kliem
LA650,LA,650,*kliemd
LA651,LA,651,-
LA652,LA,652,!kliem
LA652,LA,652,*kliemd
LA652,LA,652,#kliemd
LA653,LA,653,*kliemd
LA654,LA,654,-
LA655,LA,655,*kliemd
LA656,LA,656,!kliem
LA656,LA,656,*kliemd
LA656,LA,656,#kliemd
LA657,LA,657,!kliem
LA657,LA,657,*kliemd
LA657,LA,657,#kliemd
LA657X,LA,657X,-
LA657Y,LA,657Y,!kliem
LA657Y,LA,657Y,*kliemd
LA657Y,LA,657Y,#kliemd
LA657Z,LA,657Z,!kliem
LA657Z,LA,657Z,*kliemd
LA657Z,LA,657Z,#kliemd
LA658,LA,658,!kliem
LA658,LA,658,*kliemd
LA659,LA,659,!kliem
LA660,LA,660,!kliem
LA660,LA,660,*kliemd
LA660,LA,660,#kliemd
LA661,LA,661,!kliem
LA661,LA,661,*kliemd
LA661,LA,661,#klo{r}m
LA662,LA,662,!kliem
LA662,LA,662,*kliemd
LA662,LA,662,#kliemd
LA663,LA,663,-
LA664,LA,664,!kliem
LA665,LA,665,-
LA666,LA,666,!kliem
LA666,LA,666,*klamd
LA667,LA,667,!kliem
LA667,LA,667,*kliem
LA667,LA,667,#kliemd
LA668,LA,668,!kliem
LA668,LA,668,*kliemd
LA669,LA,669,!kliem
LA669,LA,669,*klum
LA669,LA,669,#klum
LA670,LA,670,!kliem
LA670,LA,670,*kliem
LA671,LA,671,!kliem
LA671,LA,671,*kliemd
LA671,LA,671,#kliemd
LA672,LA,672,!klam
LA673,LA,673,!kliem
AR674,AR,674,!kliem
AR674,AR,674,*klum
AR674,AR,674,#klum
AR675,AR,675,-
AR676,AR,676,-
AR677,AR,677,!kliem
AR678,AR,678,!kliem
AR678,AR,678,*kliemd
AR678,AR,678,#kliemd
AR679,AR,679,!kliem
AR679,AR,679,*kliemd
AR679,AR,679,#kliemd
AR680,AR,680,-
AR681,AR,681,!kliem
AR682,AR,682,!kliem
AR682,AR,682,*kliemd
AR682,AR,682,#kliemd
AR683,AR,683,!kliem
AR684,AR,684,!kliem
AR685,AR,685,!kliem
AR685,AR,685,*kliemd
AR685,AR,685,#kliemd
AR686,AR,686,!kliem
AR686,AR,686,*kliemd
AR687,AR,687,!kliem
AR687,AR,687,*kliemd
AR688,AR,688,!klam
AR688,AR,688,@klamN=14
AR688,AR,688,#klam
AR689,AR,689,!kliem
AR689,AR,689,*kliemd
AR689,AR,689,#kliemd
AR690,AR,690,!kliem
AR690,AR,690,*kliem
AR691,AR,691,-
AR692,AR,692,!kliem
AR692,AR,692,*kliemd
AR693,AR,693,!kliem
AR693,AR,693,*kliemd
AR693,AR,693,#kliemd
AR694,AR,694,!kliem
AR694,AR,694,*klum
AR694,AR,694,#klum
AR695,AR,695,!kliem
AR695,AR,695,*kliemd
AR695,AR,695,#kliemd
AR696,AR,696,!kliem
AR696,AR,696,@kliemN=14
AR696,AR,696,*kliemd
AR696,AR,696,#kliemd
AR697,AR,697,!kliem
AR697,AR,697,*kliemd
AR697,AR,697,#kliemd
AR698,AR,698,!kliem
AR699,AR,699,-
AR700,AR,700,-
AR701,AR,701,!kliem
AR701,AR,701,*kliemd
AR702,AR,702,-
AR703,AR,703,*kliemd
AR704,AR,704,!kliem
AR704,AR,704,*kliemd
AR704,AR,704,#kliemd
AR705,AR,705,*klum
AR705,AR,705,#kliemd
AR706,AR,706,-
AR707,AR,707,!klie[m]
AR707,AR,707,*kliemd
AR707,AR,707,#kliemd
AR708,AR,708,!kliem
AR708,AR,708,*kliemd
AR708,AR,708,#kliemd
AR709,AR,709,!klom
AR709,AR,709,*klomd
AR709,AR,709,#klomd
AR710,AR,710,-
AR711,AR,711,*kliemd
AR711,AR,711,#kliemd
AR712,AR,712,!kliem
AR712,AR,712,*kliemd
AR712,AR,712,#kliemd
AR713,AR,713,!kliem
AR713,AR,713,*kliemd
AR713,AR,713,#kliemd
AR714,AR,714,!kliem
AR715,AR,715,!kliem
AR715,AR,715,*klum
AR715,AR,715,#klum
AR716,AR,716,!kliem
AR716,AR,716,*klam
AR716,AR,716,#klum
AR717,AR,717,!kliem
AR718,AR,718,!kliem
AR718,AR,718,*kliemd
AR718,AR,718,#kliemd
AR719,AR,719,!kliem
AR719,AR,719,*kliemd
AR719,AR,719,#kliemd
AR720,AR,720,!kliem
AR720,AR,720,*kliemd
AR721,AR,721,*kliemd
AR722,AR,722,!kliem
AR722,AR,722,*klom
AR722,AR,722,#klom
AR723,AR,723,!kliem
AR723,AR,723,*klum
AR724,AR,724,!kliem
AR724,AR,724,*kliemd
AR724,AR,724,#klie[m]
AR725,AR,725,!kliem
AR726,AR,726,!kliem
AR726,AR,726,*klum
AR726,AR,726,#klum
AR727,AR,727,!kliem
AR728,AR,728,!kliem
AR728,AR,728,*kliemd
AR728,AR,728,#kliemd
AR729,AR,729,!kliem
AR729,AR,729,*kliemd
AR729,AR,729,#kliemd
AR730,AR,730,!kliem
AR731,AR,731,!kliem
AR731,AR,731,*kliemd
AR731,AR,731,#kliemd
AR732,AR,732,!kliem
AR732,AR,732,*kliemd
AR732,AR,732,#kliemd
AR733,AR,733,-
AR734,AR,734,-
AR735,AR,735,-
AR736,AR,736,-
AR737,AR,737,!kliem
AR738,AR,738,!kliem
AR738,AR,738,*kliemd
AR738,AR,738,#kliemd
AR739,AR,739,-
AR740,AR,740,!kliem
AR740,AR,740,*klum
AR741,AR,741,!kliem
AR741,AR,741,*kliemd
AR742,AR,742,!kliem
AR743,AR,743,*kliemd
AR744,AR,744,!kliem
AR745,AR,745,-
AR746,AR,746,-
AR747,AR,747,!kliem
AR747,AR,747,*kliemd
AR748,AR,748,!kliem
AR748,AR,748,!klam
AR748,AR,748,*kliemd
AR748,AR,748,*klum
AR749,AR,749,!kliem
AR750,AR,750,-
AR751,AR,751,!kliem
AR752,AR,752,-
AR753,AR,753,!kliem
AR753,AR,753,*kliemd
AR753,AR,753,#kliemd
AR754,AR,754,!kliem
AR755,AR,755,-
LA756,LA,756,!kliem
LA756,LA,756,*kliemd
LA756,LA,756,#kliemd
LA757,LA,757,!kliem
LA757,LA,757,*kliemd
LA757,LA,757,#kliemd
LA758,LA,758,!kliem
LA759,LA,759,*klam
LA760,LA,760,-
LA761,LA,761,-
LA762,LA,762,-
LA763,LA,763,-
LA764,LA,764,!kliem
LA764,LA,764,*kliemd
LA764,LA,764,#kliemd
LA765,LA,765,!kliem
LA765,LA,765,*kliemd
LA765,LA,765,#kliemd
LA766,LA,766,!kliem
LA766,LA,766,*kliemd
LA766,LA,766,#kliemd
LA767,LA,767,!kliem
LA767,LA,767,*kliemd
LA767,LA,767,#kliemd
LA768,LA,768,!kliem
LA768,LA,768,*kliemd
LA768,LA,768,#kliemd
LA769,LA,769,-
LA770,LA,770,!kliem
LA770,LA,770,*kliemd
LA770,LA,770,#kliemd
LA771,LA,771,-
LA772,LA,772,-
LA773,LA,773,!kliem
LA773,LA,773,*kliemd
LA774,LA,774,-
LA775,LA,775,!kliem
LA775,LA,775,*klum
LA776,LA,776,!kliem
LA776,LA,776,*kliemd
LA776,LA,776,#kliemd
LA777,LA,777,!kliem
LA777,LA,777,*kliemd
LA777,LA,777,#kliemd
LA778,LA,778,!kliem
LA778,LA,778,*kliemd
LA778,LA,778,#kliemd
LA779,LA,779,!kliem
LA779,LA,779,*kliemd
LA779,LA,779,#kliemd
LA780,LA,780,!kliem
LA780,LA,780,*kliemd
LA780,LA,780,#kliemd
LA781,LA,781,!kliem
LA781,LA,781,*kliemd
LA781,LA,781,*klum
LA781,LA,781,#kliemd
LA782,LA,782,-
LA783,LA,783,!kliem
LA784,LA,784,!kliem
LA784,LA,784,*kriem
LA785,LA,785,!kAliem=41
LA785,LA,785,*kAliemd=41
LA785,LA,785,#kliemd
LA786,LA,786,!kliem
LA786,LA,786,*kliemd
LA786,LA,786,*klam
LA786,LA,786,#kliemd
LA787,LA,787,!kliem
LA787,LA,787,*kliemd
LA787,LA,787,#kliemd
LA788,LA,788,!kliem
LA788,LA,788,*kliem
LA788,LA,788,*klam
LA789,LA,789,!kliem
LA789,LA,789,*klim
LA789,LA,789,#klim
LA790,LA,790,!kliem
LA790,LA,790,*kliemd
LA790,LA,790,#klim
LA791,LA,791,!kliem
LA791,LA,791,*kliemd
LA791,LA,791,#kliemd
LA792,LA,792,-
LA793,LA,793,*kliemd
LA794,LA,794,!kliem
LA794,LA,794,*klum
LA794,LA,794,#klum
LA795,LA,795,-
LA796,LA,796,!kliem
LA796,LA,796,*kliemd
LA796,LA,796,#kliemd
LA797,LA,797,!kliem
LA797,LA,797,*kliemd
LA797,LA,797,#kliemd
LA798,LA,798,!kliem
LA798,LA,798,*kliemd
LA798,LA,798,#kliemd
LA799,LA,799,-
LA800,LA,800,!kliem
LA800,LA,800,*klum
LA800,LA,800,#kliemd
LA801,LA,801,!kliem
LA801,LA,801,*kliemd
LA801,LA,801,#kliemd
LA802,LA,802,!kliem
LA802,LA,802,*kliemd
LA802,LA,802,#kliemd
LA803,LA,803,-
LA804,LA,804,-
LA805,LA,805,!kliem
LA805,LA,805,*kliemd
LA805,LA,805,#kliemd
LA806,LA,806,!kliem
LA806,LA,806,*kliemd
LA806,LA,806,#kliemd
LA807,LA,807,!kliem
LA807,LA,807,*kliemd
LA807,LA,807,#kliem
LA808,LA,808,!kliem
LA808,LA,808,*kliem
LA808,LA,808,#kliem
LA809,LA,809,!kliem
LA809,LA,809,*kliemd
LA809,LA,809,#kliemd
LA810,LA,810,!kliem
LA810,LA,810,*kliemd
LA811,LA,811,*kliemd
LA811,LA,811,*kliem
LA812,LA,812,-
LA813,LA,813,!kliem
LA813,LA,813,*kliemd
LA813,LA,813,#kliemd
LA814,LA,814,!kliem
LA814,LA,814,@kliemN=14
LA814,LA,814,*kliemd
LA814,LA,814,#klum
LA815,LA,815,!kliem
LA815,LA,815,*kliemd
LA815,LA,815,#kliemd
LA816,LA,816,!kliem
LA816,LA,816,*kliemd
LA816,LA,816,#kliemd
LA817,LA,817,!kliem
LA817,LA,817,*kliemd
LA817,LA,817,#klum
TX818,TX,818,-
TX819,TX,819,!kliem
TX819,TX,819,*klum
TX819,TX,819,#klum
TX820,TX,820,!kliem
TX820,TX,820,*kliemd
TX820,TX,820,#kliemd
TX821,TX,821,!klam
TX821,TX,821,*klamd
TX821,TX,821,#kliemd
TX822,TX,822,!kliem
TX822,TX,822,*kliemd
TX822,TX,822,#kliemd
TX823,TX,823,!kliem
TX823,TX,823,*kliemd
TX823,TX,823,#kliemd
TX824,TX,824,!kliem
TX824,TX,824,*kliemd
TX824,TX,824,#kliemd
TX825,TX,825,!kliem
TX825,TX,825,*klum
TX825,TX,825,#klum
TX826,TX,826,!kliem
TX826,TX,826,*kliemd
TX826,TX,826,#kliemd
TX827,TX,827,!kliem
TX827,TX,827,*kliemd
TX827,TX,827,#kliemd
TX828,TX,828,!kliem
TX828,TX,828,*kliemd
TX828,TX,828,#kliemd
TX829,TX,829,!kliem
TX829,TX,829,*kliemd
TX829,TX,829,#kliemd
TX830,TX,830,!kliem
TX830,TX,830,*kliemd
TX830,TX,830,#kliemd
TX831,TX,831,!kliem
TX831,TX,831,*kliemd
TX831,TX,831,#kliemd
TX832,TX,832,!kliem
TX833,TX,833,!kliem
TX833,TX,833,*kliemd
TX833,TX,833,#kliemd
TX834,TX,834,!kliem
TX834,TX,834,*kliemd
TX834,TX,834,#kliemd
TX835,TX,835,!kliem
TX835,TX,835,*kliemd
TX835,TX,835,#kliemd
TX836,TX,836,!kliem
TX836,TX,836,*kliemd
TX836,TX,836,*kliem
TX836,TX,836,*klim
TX836,TX,836,*klum
TX837,TX,837,!kliem
TX838,TX,838,-
TX839,TX,839,!kliem
TX839,TX,839,*kliemd
TX839,TX,839,*klum
TX839,TX,839,#kliemd
TX840,TX,840,!kliem
TX840,TX,840,*klum
TX841,TX,841,-
TX842,TX,842,!kliem
TX842,TX,842,*kliemd
TX842,TX,842,#kliemd
TX842,TX,842,#klam
TX843,TX,843,!kliem
TX843,TX,843,*kliemd
TX843,TX,843,#kliemd
TX844,TX,844,!kliem
TX844,TX,844,*kliemd
TX844,TX,844,#kliemd
TX845,TX,845,-
TX846,TX,846,!kliem
TX846,TX,846,*kliemd
TX846,TX,846,#kliemd
TX847,TX,847,-
TX848,TX,848,-
TX849,TX,849,!kliem
TX850,TX,850,!kliem
TX851,TX,851,-
TX852,TX,852,-
TX853,TX,853,!kliem
TX853,TX,853,#kliemd
TX854,TX,854,*kliemd
TX855,TX,855,-
TX856,TX,856,!kliem
TX856,TX,856,*klum
TX857,TX,857,!klom
TX857,TX,857,*kliemd
TX857,TX,857,*kliem
TX857,TX,857,*klum
TX857,TX,857,#klum
TX858,TX,858,-
TX859,TX,859,!kliem
TX859,TX,859,*kliemd
TX860,TX,860,!kliem
TX860,TX,860,*kAliemd=41
TX860,TX,860,#kliemd
TX861,TX,861,!kliem
TX861,TX,861,*klum
TX861,TX,861,#klum
TX862,TX,862,-
TX863,TX,863,!kliem
TX863,TX,863,*kliemd
TX863,TX,863,#kliemd
TX864,TX,864,!kliem
TX864,TX,864,*kliemd
TX864,TX,864,#kliemd
TX865,TX,865,!kliem
TX865,TX,865,*kliemd
TX865,TX,865,#kliemd
TX866,TX,866,!kliem
TX866,TX,866,*kliemd
TX866,TX,866,#kliemd
TX867,TX,867,!kliem
TX867,TX,867,*kliemd
TX867,TX,867,#kliemd
TX868,TX,868,!kliem
TX868,TX,868,*kliemd
TX868,TX,868,#kliemd
TX869,TX,869,!kliem
TX869,TX,869,*kliemd
TX869,TX,869,#kliemd
TX870,TX,870,!kliem
TX870,TX,870,*kliemd
TX870,TX,870,#kliemd
TX871,TX,871,-
TX872,TX,872,-
TX873,TX,873,!kliem
TX873,TX,873,*kliemd
TX873,TX,873,#kliemd
TX874,TX,874,!kliem
TX874,TX,874,*kliemd
TX874,TX,874,#kliemd
TX875,TX,875,!kliem
TX875,TX,875,*kliemd
TX875,TX,875,#kliemd
TX876,TX,876,!kliem
TX876,TX,876,*kliemd
TX876,TX,876,#kliemd
TX877,TX,877,!kliem
TX877,TX,877,*kliemd
TX877,TX,877,#kliemd
TX878,TX,878,!kliem
TX878,TX,878,*kliemd
TX878,TX,878,#kliemd
TX879,TX,879,-
TX880,TX,880,-
TX881,TX,881,-
TX882,TX,882,!kliem
TX883,TX,883,!kliem
TX883,TX,883,*kliemd
TX883,TX,883,#kliemd
TX884,TX,884,!kliem
TX885,TX,885,!kliem
TX885,TX,885,*kliemd
TX886,TX,886,!kliem
TX886,TX,886,*kliemd
TX886,TX,886,#kliemd
TX887,TX,887,!kliem
TX887,TX,887,*kliemd
TX887,TX,887,#kliemd
TX888,TX,888,!kliem
TX888,TX,888,*kliemd
TX888,TX,888,#kliemd
TX889,TX,889,!kliem
TX889,TX,889,*kliemd
TX889,TX,889,#kliemd
TX890,TX,890,!kliem
TX890,TX,890,*kliemd
TX890,TX,890,#kliemd
TX891,TX,891,!kliem
TX891,TX,891,*kliemd
TX891,TX,891,#kliemd
TX892,TX,892,!kliem
TX892,TX,892,@kliemNG=14
TX892,TX,892,*kliemd
TX893,TX,893,!kliem
TX893,TX,893,*kliemd
TX893,TX,893,#kliemd
TX894,TX,894,!kliem
TX894,TX,894,*kliemd
TX894,TX,894,#kliemd
TX895,TX,895,!kliem
TX895,TX,895,*kliemd
TX895,TX,895,#kliemd
TX896,TX,896,-
TX897,TX,897,-
TX898,TX,898,-
TX899,TX,899,!kliem
TX900,TX,900,!kliem
TX900,TX,900,*kliemd
TX900,TX,900,#kliemd
TX901,TX,901,!kliem
TX901,TX,901,*kliemd
TX901,TX,901,#kliemd
TX902,TX,902,!kliem
TX902,TX,902,*kliemd
TX902,TX,902,#kliemd
TX903,TX,903,-
TX904,TX,904,!kliem
TX904,TX,904,*kliemd
TX904,TX,904,#kliemd
TX905,TX,905,!kliem
TX905,TX,905,*kliemd
TX905,TX,905,#kliemd
TX906,TX,906,&kliemz
TX906,TX,906,*kliemd
TX906,TX,906,#kliemd
TX907,TX,907,-
TX908,TX,908,!kliem
TX908,TX,908,!klie(m)*kliemd
TX908,TX,908,#kliemd
TX909,TX,909,-
TX910,TX,910,!kliem
TX910,TX,910,*kliemd
TX910,TX,910,#kliemd
TX911,TX,911,!kliem
TX911,TX,911,*kliemd
TX911,TX,911,#kliemd
