Informant,State,Informant number,Response
TN001,TN,001,crawls 
TN002,TN,002,crawls 
TN003,TN,003,-
TN004,TN,004,crawls 
TN005,TN,005,crawls 
TN006,TN,006,crawls 
TN007,TN,007,crawls 
TN008,TN,008,-
TN009,TN,009,crawls 
TN010,TN,010,-
TN011,TN,011,crawls 
TN012,TN,012,crawls 
TN013,TN,013,crawls 
TN014,TN,014,crawls 
TN015,TN,015,crawls 
TN016,TN,016,crawls 
TN017,TN,017,crawls 
TN018,TN,018,crawls 
TN019,TN,019,crawls 
TN020,TN,020,crawls 
TN021,TN,021,-
TN022,TN,022,crawls 
TN023,TN,023,crawls 
TN024,TN,024,crawls 
TN025,TN,025,-
TN026,TN,026,crawls 
TN027,TN,027,-
TN028,TN,028,crawls 
TN029,TN,029,crawls 
TN030,TN,030,crawls 
TN031,TN,031,crawls 
TN032,TN,032,crawls 
TN033,TN,033,crawls 
TN034,TN,034,crawls 
TN035,TN,035,crawls 
TN036,TN,036,crawls 
TN037,TN,037,crawls 
TN038,TN,038,crawls 
TN039,TN,039,crawls 
TN040,TN,040,crawls 
TN041,TN,041,crawls 
TN042,TN,042,crawls 
TN043,TN,043,crawls 
TN044,TN,044,crawls 
TN045,TN,045,crawls 
TN046,TN,046,crawls 
TN047,TN,047,crawls 
TN048,TN,048,crawls 
TN049,TN,049,crawls 
TN050,TN,050,crawls 
TN051,TN,051,crawls 
TN052,TN,052,crawls 
TN053,TN,053,crawls 
TN054,TN,054,crawls 
TN055,TN,055,crawls 
TN056,TN,056,-
TN057,TN,057,crawls 
TN058,TN,058,crawls 
TN059,TN,059,crawls 
TN060,TN,060,crawls 
GA061,GA,061,crawls 
GA062,GA,062,crawls 
GA063,GA,063,-
GA064,GA,064,crawls 
GA065,GA,065,crawls 
GA066,GA,066,crawls 
GA067,GA,067,crawls 
GA068,GA,068,-
GA069,GA,069,-
GA070,GA,070,crawls 
GA070,GA,070,creeps 
GA071,GA,071,crawls 
GA072,GA,072,crawls 
GA073,GA,073,crawls 
GA074,GA,074,crawls 
GA075,GA,075,crawls 
GA076,GA,076,crawls 
GA077,GA,077,crawls 
GA078,GA,078,crawls 
GA079,GA,079,-
GA080,GA,080,-
GA081,GA,081,-
GA082,GA,082,-
GA083,GA,083,crawls 
GA084,GA,084,crawls 
GA085,GA,085,crawls 
GA086,GA,086,crawls 
GA087,GA,087,crawls 
GA088,GA,088,crawls 
GA089,GA,089,-
GA090,GA,090,-
GA091,GA,091,crawls 
GA092,GA,092,-
GA093,GA,093,crawls 
GA094,GA,094,crawls 
GA095,GA,095,crawls 
GA096,GA,096,crawls 
GA097,GA,097,-
GA098,GA,098,crawls 
GA099,GA,099,crawls 
GA100,GA,100,crawls 
GA101,GA,101,crawls 
GA102,GA,102,crawls 
GA103,GA,103,crawls 
GA104,GA,104,crawls 
GA105,GA,105,crawls 
GA106,GA,106,crawls 
GA107,GA,107,crawls 
GA108,GA,108,-
GA109,GA,109,crawls 
GA110,GA,110,crawls 
GA111,GA,111,crawls 
GA112,GA,112,crawls 
GA113,GA,113,crawls 
GA114,GA,114,-
GA115,GA,115,-
GA116,GA,116,-
GA117,GA,117,-
GA118,GA,118,crawls 
GA119,GA,119,crawls 
GA119,GA,119,creeps 
GA120,GA,120,-
GA121,GA,121,crawls 
GA122,GA,122,crawls 
GA123,GA,123,crawls 
GA124,GA,124,crawls 
GA125,GA,125,crawls 
GA126,GA,126,-
GA127,GA,127,-
GA128,GA,128,-
GA129,GA,129,crawls 
GA130,GA,130,-
GA131,GA,131,crawls 
GA132,GA,132,-
GA133,GA,133,crawls 
GA134,GA,134,crawls 
GA135,GA,135,crawls 
GA135,GA,135,creeps 
GA136,GA,136,crawls 
GA137,GA,137,crawls 
GA138,GA,138,crawls 
GA139,GA,139,crawls 
GA140,GA,140,crawls 
GA141,GA,141,crawls 
GA142,GA,142,crawls 
GA143,GA,143,crawls 
GA144,GA,144,crawls 
GA145,GA,145,-
GA146,GA,146,crawls 
GA147,GA,147,-
GA148,GA,148,crawls 
GA149,GA,149,crawls 
GA150,GA,150,crawls 
GA151,GA,151,crawls 
GA152,GA,152,crawls 
GA153,GA,153,-
GA154,GA,154,crawls 
GA155,GA,155,crawls 
GA156,GA,156,-
GA157,GA,157,-
GA158,GA,158,-
GA159,GA,159,crawls 
GA160,GA,160,-
GA161,GA,161,crawls 
GA162,GA,162,crawls 
GA162,GA,162,creeps 
GA163,GA,163,crawls 
GA164,GA,164,crawls 
GA165,GA,165,crawls 
GA166,GA,166,crawls 
GA167,GA,167,crawls 
GA168,GA,168,-
GA169,GA,169,-
GA170,GA,170,crawls 
GA171,GA,171,crawls 
GA172,GA,172,crawls 
GA173,GA,173,crawls 
GA174,GA,174,-
GA175,GA,175,-
GA176,GA,176,-
GA177,GA,177,crawls 
GA178,GA,178,-
GA179,GA,179,creeps 
GA180,GA,180,crawls 
GA181,GA,181,-
GA182,GA,182,-
GA183,GA,183,crawls 
GA184,GA,184,crawls 
GA184,GA,184,creeps 
GA185,GA,185,crawls 
GA186,GA,186,crawls 
GA187,GA,187,-
GA188,GA,188,crawls 
GA189,GA,189,crawls 
GA190,GA,190,-
GA191,GA,191,crawls 
GA192,GA,192,crawls 
GA193,GA,193,-
GA194,GA,194,crawls 
GA195,GA,195,crawls 
GA196,GA,196,-
GA197,GA,197,-
GA198,GA,198,-
GA199,GA,199,crawls 
GA200,GA,200,creeps 
GA201,GA,201,crawls 
GA202,GA,202,crawls 
GA203,GA,203,crawls 
GA204,GA,204,-
GA205,GA,205,-
GA206,GA,206,crawls 
GA207,GA,207,crawls 
GA208,GA,208,crawls 
GA209,GA,209,-
GA210,GA,210,crawls 
GA211,GA,211,crawls 
GA212,GA,212,-
GA213,GA,213,crawls 
GA214,GA,214,crawls 
GA214,GA,214,creeps 
GA215,GA,215,crawls 
GA216,GA,216,crawls 
GA217,GA,217,crawls 
GA218,GA,218,crawls 
GA219,GA,219,-
GA220,GA,220,crawls 
GA221,GA,221,-
GA222,GA,222,crawls 
GA223,GA,223,crawls 
GA224,GA,224,crawls 
GA225,GA,225,-
FL226,FL,226,crawls 
FL227,FL,227,crawls 
FL228,FL,228,crawls 
FL229,FL,229,crawls 
FL230,FL,230,crawls 
FL231,FL,231,crawls 
FL232,FL,232,crawls 
FL233,FL,233,crawls 
FL234,FL,234,crawls 
FL235,FL,235,crawls 
FL236,FL,236,crawls 
FL237,FL,237,crawls 
FL238,FL,238,crawls 
FL239,FL,239,crawls 
FL240,FL,240,crawls 
FL241,FL,241,-
FL242,FL,242,crawls 
FL243,FL,243,crawls 
FL244,FL,244,-
FL245,FL,245,crawls 
FL246,FL,246,crawls 
FL247,FL,247,crawls 
FL248,FL,248,crawls 
FL249,FL,249,crawls 
FL250,FL,250,crawls 
FL251,FL,251,-
FL252,FL,252,-
FL253,FL,253,crawls 
FL254,FL,254,crawls 
FL255,FL,255,crawls 
FL255,FL,255,creeps 
FL256,FL,256,crawls 
FL257,FL,257,crawls 
FL258,FL,258,crawls 
FL259,FL,259,-
FL260,FL,260,-
FL261,FL,261,crawls 
FL262,FL,262,-
FL263,FL,263,crawls 
FL263,FL,263,creeps 
FL264,FL,264,crawls 
FL265,FL,265,crawls 
FL266,FL,266,crawls 
FL267,FL,267,-
FL268,FL,268,-
FL269,FL,269,crawls 
FL270,FL,270,crawls 
FL271,FL,271,crawls 
FL272,FL,272,crawls 
FL273,FL,273,crawls 
FL274,FL,274,crawls 
FL275,FL,275,crawls 
FL276,FL,276,crawls 
FL277,FL,277,crawls 
FL277,FL,277,creeps 
FL278,FL,278,crawls 
FL279,FL,279,crawls 
FL280,FL,280,crawls 
FL281,FL,281,crawls 
FL282,FL,282,-
FL283,FL,283,crawls 
FL284,FL,284,crawls 
FL285,FL,285,-
FL286,FL,286,crawls 
FL287,FL,287,-
FL288,FL,288,crawls 
FL288,FL,288,creeps 
FL289,FL,289,crawls 
TN290,TN,290,crawls 
TN291,TN,291,crawls 
TN292,TN,292,crawls 
TN292,TN,292,creeps 
TN293,TN,293,crawls 
TN294,TN,294,crawls 
TN295,TN,295,crawls 
TN296,TN,296,crawls 
TN297,TN,297,crawls 
TN298,TN,298,crawls 
TN299,TN,299,crawls 
TN300,TN,300,crawls 
TN301,TN,301,crawls 
TN302,TN,302,crawls 
TN303,TN,303,crawls 
TN304,TN,304,crawls 
TN305,TN,305,-
TN306,TN,306,crawls 
TN307,TN,307,crawls 
TN308,TN,308,-
TN309,TN,309,crawls 
TN310,TN,310,crawls 
TN311,TN,311,crawls 
TN312,TN,312,crawls 
TN313,TN,313,crawls 
TN314,TN,314,crawls 
TN315,TN,315,crawls 
TN316,TN,316,crawls 
TN317,TN,317,crawls 
TN318,TN,318,-
TN319,TN,319,-
TN320,TN,320,crawls 
TN321,TN,321,crawls 
TN322,TN,322,crawls 
TN323,TN,323,crawls 
TN324,TN,324,crawls 
TN325,TN,325,crawls 
TN326,TN,326,crawls 
TN327,TN,327,crawls 
TN328,TN,328,-
TN329,TN,329,crawls 
TN330,TN,330,crawls 
TN331,TN,331,crawls 
TN332,TN,332,crawls 
TN333,TN,333,crawls 
TN334,TN,334,crawls 
TN335,TN,335,crawls 
TN336,TN,336,crawls 
AL337,AL,337,crawls 
AL338,AL,338,crawls 
AL339,AL,339,crawls 
AL340,AL,340,crawls 
AL341,AL,341,crawls 
AL342,AL,342,crawls 
AL343,AL,343,crawls 
AL344,AL,344,crawls 
AL345,AL,345,-
AL346,AL,346,crawls 
AL347,AL,347,crawls 
AL348,AL,348,crawls 
AL349,AL,349,crawls 
AL350,AL,350,-
AL351,AL,351,crawls 
AL352,AL,352,crawls 
AL353,AL,353,-
AL354,AL,354,crawls 
AL355,AL,355,crawls 
AL356,AL,356,crawls 
AL357,AL,357,crawls 
AL358,AL,358,crawls 
AL359,AL,359,crawls 
AL360,AL,360,crawls 
AL361,AL,361,crawls 
AL362,AL,362,crawls 
AL363,AL,363,crawls 
AL364,AL,364,crawls 
AL365,AL,365,crawls 
AL366,AL,366,crawls 
AL367,AL,367,crawls 
AL367,AL,367,creeps 
AL368,AL,368,-
AL369,AL,369,crawls 
AL370,AL,370,crawls 
AL371,AL,371,crawls 
AL372,AL,372,crawls 
AL373,AL,373,crawls 
AL374,AL,374,crawls 
AL375,AL,375,crawls 
AL376,AL,376,-
AL377,AL,377,-
AL378,AL,378,crawls 
AL379,AL,379,crawls 
AL380,AL,380,crawls 
AL381,AL,381,crawls 
AL382,AL,382,crawls 
AL383,AL,383,crawls 
AL384,AL,384,crawls 
AL385,AL,385,crawls 
AL386,AL,386,crawls 
AL387,AL,387,crawls 
AL388,AL,388,crawls 
AL389,AL,389,-
AL390,AL,390,crawls 
AL391,AL,391,crawls 
AL392,AL,392,-
AL393,AL,393,crawls 
AL394,AL,394,crawls 
AL395,AL,395,crawls 
AL396,AL,396,-
AL397,AL,397,-
AL398,AL,398,-
AL399,AL,399,crawls 
AL400,AL,400,crawls 
AL401,AL,401,crawls 
AL402,AL,402,crawls 
AL403,AL,403,crawls 
AL404,AL,404,crawls 
AL405,AL,405,crawls 
AL406,AL,406,crawls 
AL407,AL,407,crawls 
AL408,AL,408,crawls 
AL409,AL,409,crawls 
AL410,AL,410,crawls 
AL411,AL,411,crawls 
AL412,AL,412,-
AL413,AL,413,-
AL414,AL,414,crawls 
AL415,AL,415,crawls 
AL416,AL,416,crawls 
AL417,AL,417,crawls 
AL418,AL,418,crawls 
AL419,AL,419,crawls 
AL420,AL,420,crawls 
AL421,AL,421,crawls 
AL422,AL,422,crawls 
AL423,AL,423,crawls 
AL424,AL,424,crawls 
AL425,AL,425,crawls 
AL426,AL,426,crawls 
AL427,AL,427,crawls 
AL428,AL,428,crawls 
AL429,AL,429,-
AL430,AL,430,crawls 
AL431,AL,431,crawls 
AL432,AL,432,-
AL433,AL,433,crawls 
AL434,AL,434,crawls 
AL435,AL,435,crawls 
AL436,AL,436,crawls 
AL437,AL,437,crawls 
AL438,AL,438,crawls 
AL439,AL,439,crawls 
AL440,AL,440,-
AL441,AL,441,-
AL442,AL,442,crawls 
AL443,AL,443,crawls 
AL444,AL,444,crawls 
AL445,AL,445,crawls 
AL446,AL,446,crawls 
AL447,AL,447,crawls 
AL448,AL,448,crawls 
AL449,AL,449,crawls 
AL450,AL,450,crawls 
AL451,AL,451,crawls 
FL452,FL,452,crawls 
FL453,FL,453,-
FL454,FL,454,crawls 
FL455,FL,455,crawls 
FL456,FL,456,crawls 
FL457,FL,457,crawls 
FL458,FL,458,crawls 
FL459,FL,459,-
FL460,FL,460,crawls 
FL461,FL,461,crawls 
FL462,FL,462,crawls 
FL463,FL,463,-
FL464,FL,464,crawls 
FL465,FL,465,crawls 
FL466,FL,466,crawls 
FL467,FL,467,-
FL468,FL,468,crawls 
FL469,FL,469,crawls 
FL470,FL,470,crawls 
FL471,FL,471,crawls 
AL472,AL,472,crawls 
AL473,AL,473,crawls 
AL474,AL,474,crawls 
AL475,AL,475,crawls 
AL476,AL,476,crawls 
AL477,AL,477,crawls 
AL478,AL,478,crawls 
AL479,AL,479,crawls 
AL480,AL,480,crawls 
AL481,AL,481,-
AL482,AL,482,crawls 
AL483,AL,483,-
AL484,AL,484,crawls 
AL485,AL,485,crawls 
TN486,TN,486,-
TN487,TN,487,-
TN488,TN,488,crawls 
TN489,TN,489,crawls 
TN490,TN,490,crawls 
TN491,TN,491,-
TN492,TN,492,crawls 
TN493,TN,493,-
TN494,TN,494,crawls 
TN495,TN,495,crawls 
TN496,TN,496,crawls 
TN497,TN,497,crawls 
TN498,TN,498,crawls 
TN499,TN,499,crawls 
TN500,TN,500,crawls 
TN501,TN,501,crawls 
TN502,TN,502,crawls 
TN503,TN,503,-
TN504,TN,504,crawls 
TN505,TN,505,crawls 
TN506,TN,506,crawls 
TN507,TN,507,crawls 
TN508,TN,508,-
TN509,TN,509,-
TN510,TN,510,-
TN511,TN,511,crawls 
TN512,TN,512,-
TN513,TN,513,crawls 
TN514,TN,514,crawls 
TN515,TN,515,-
TN516,TN,516,crawls 
TN517,TN,517,crawls 
TN518,TN,518,crawls 
TN519,TN,519,crawls 
MS520,MS,520,-
MS521,MS,521,crawls 
MS522,MS,522,crawls 
MS523,MS,523,-
MS524,MS,524,crawls 
MS525,MS,525,crawls 
MS526,MS,526,-
MS527,MS,527,crawls 
MS528,MS,528,crawls 
MS529,MS,529,-
MS530,MS,530,crawls 
MS530,MS,530,creeps 
MS531,MS,531,-
MS532,MS,532,crawls 
MS533,MS,533,crawls 
MS534,MS,534,crawls 
MS535,MS,535,crawls 
MS536,MS,536,-
MS537,MS,537,-
MS538,MS,538,-
MS539,MS,539,crawls 
MS540,MS,540,-
MS541,MS,541,-
MS542,MS,542,-
MS543,MS,543,crawls 
MS544,MS,544,crawls 
MS545,MS,545,crawls 
MS546,MS,546,-
MS547,MS,547,crawls 
MS548,MS,548,crawls 
MS549,MS,549,-
MS550,MS,550,crawls 
MS551,MS,551,-
MS552,MS,552,crawls 
MS553,MS,553,crawls 
MS553,MS,553,creeps 
MS554,MS,554,-
MS555,MS,555,crawls 
MS556,MS,556,crawls 
MS557,MS,557,crawls 
MS558,MS,558,crawls 
MS559,MS,559,crawls 
MS560,MS,560,-
MS561,MS,561,-
MS562,MS,562,crawls 
MS563,MS,563,crawls 
MS564,MS,564,crawls 
MS565,MS,565,crawls 
MS566,MS,566,crawls 
MS567,MS,567,-
MS568,MS,568,-
MS569,MS,569,-
MS570,MS,570,crawls 
MS570,MS,570,creeps 
MS571,MS,571,crawls 
MS572,MS,572,-
MS573,MS,573,crawls 
MS574,MS,574,crawls 
MS575,MS,575,crawls 
MS576,MS,576,crawls 
MS577,MS,577,crawls 
MS578,MS,578,crawls 
MS579,MS,579,crawls 
MS580,MS,580,-
MS581,MS,581,-
MS582,MS,582,crawls 
MS583,MS,583,crawls 
MS584,MS,584,crawls 
MS585,MS,585,crawls 
MS586,MS,586,-
MS587,MS,587,-
MS588,MS,588,crawls 
MS589,MS,589,crawls 
MS590,MS,590,-
MS591,MS,591,crawls 
MS592,MS,592,crawls 
MS593,MS,593,crawls 
MS594,MS,594,crawls 
MS595,MS,595,crawls 
MS596,MS,596,crawls 
MS597,MS,597,crawls 
MS598,MS,598,crawls 
MS599,MS,599,crawls 
MS600,MS,600,crawls 
MS601,MS,601,crawls 
MS602,MS,602,crawls 
MS603,MS,603,-
MS604,MS,604,-
MS605,MS,605,-
MS606,MS,606,-
MS607,MS,607,crawls 
MS608,MS,608,crawls 
MS609,MS,609,-
MS610,MS,610,crawls 
MS611,MS,611,-
MS612,MS,612,crawls 
MS613,MS,613,crawls 
MS614,MS,614,-
MS615,MS,615,crawls 
MS616,MS,616,crawls 
MS617,MS,617,crawls 
MS618,MS,618,-
MS619,MS,619,-
MS620,MS,620,crawls 
MS621,MS,621,crawls 
MS622,MS,622,crawls 
MS623,MS,623,crawls 
MS624,MS,624,crawls 
MS625,MS,625,crawls 
MS626,MS,626,-
MS627,MS,627,crawls 
MS628,MS,628,crawls 
MS629,MS,629,crawls 
LA630,LA,630,crawls 
LA631,LA,631,-
LA632,LA,632,crawls 
LA633,LA,633,-
LA634,LA,634,crawls 
LA635,LA,635,crawls 
LA636,LA,636,crawls 
LA637,LA,637,-
LA638,LA,638,-
LA639,LA,639,crawls 
LA640,LA,640,crawls 
LA641,LA,641,crawls 
LA642,LA,642,-
LA643,LA,643,crawls 
LA644,LA,644,-
LA645,LA,645,crawls 
LA646,LA,646,crawls 
LA647,LA,647,-
LA648,LA,648,crawls 
LA649,LA,649,crawls 
LA650,LA,650,crawls 
LA651,LA,651,-
LA652,LA,652,crawls 
LA653,LA,653,crawls 
LA654,LA,654,crawls 
LA655,LA,655,crawls 
LA656,LA,656,crawls 
LA657,LA,657,crawls 
LA657X,LA,657X,crawls 
LA657Y,LA,657Y,crawls 
LA657Z,LA,657Z,crawls 
LA658,LA,658,-
LA659,LA,659,crawls 
LA660,LA,660,crawls 
LA661,LA,661,crawls 
LA662,LA,662,crawls 
LA663,LA,663,-
LA664,LA,664,-
LA665,LA,665,-
LA666,LA,666,-
LA667,LA,667,crawls 
LA668,LA,668,crawls 
LA669,LA,669,crawls 
LA670,LA,670,-
LA671,LA,671,crawls 
LA672,LA,672,-
LA673,LA,673,crawls 
AR674,AR,674,crawls 
AR675,AR,675,-
AR676,AR,676,-
AR677,AR,677,crawls 
AR678,AR,678,-
AR679,AR,679,crawls 
AR680,AR,680,-
AR681,AR,681,crawls 
AR682,AR,682,crawls 
AR683,AR,683,-
AR684,AR,684,-
AR685,AR,685,crawls 
AR686,AR,686,crawls 
AR687,AR,687,crawls 
AR688,AR,688,crawls 
AR689,AR,689,crawls 
AR690,AR,690,-
AR691,AR,691,-
AR692,AR,692,crawls 
AR693,AR,693,-
AR694,AR,694,crawls 
AR695,AR,695,crawls 
AR696,AR,696,crawls 
AR697,AR,697,crawls 
AR698,AR,698,-
AR699,AR,699,-
AR700,AR,700,crawls 
AR701,AR,701,crawls 
AR702,AR,702,-
AR703,AR,703,-
AR704,AR,704,crawls 
AR705,AR,705,crawls 
AR706,AR,706,-
AR707,AR,707,crawls 
AR708,AR,708,crawls 
AR709,AR,709,crawls 
AR710,AR,710,-
AR711,AR,711,crawls 
AR712,AR,712,crawls 
AR713,AR,713,crawls 
AR714,AR,714,crawls 
AR715,AR,715,crawls 
AR716,AR,716,crawls 
AR717,AR,717,crawls 
AR718,AR,718,-
AR719,AR,719,crawls 
AR720,AR,720,crawls 
AR721,AR,721,crawls 
AR722,AR,722,crawls 
AR723,AR,723,crawls 
AR724,AR,724,-
AR725,AR,725,crawls 
AR726,AR,726,crawls 
AR727,AR,727,crawls 
AR728,AR,728,crawls 
AR729,AR,729,crawls 
AR730,AR,730,crawls 
AR731,AR,731,-
AR732,AR,732,crawls 
AR732,AR,732,creeps 
AR733,AR,733,-
AR734,AR,734,crawls 
AR735,AR,735,crawls 
AR735,AR,735,creeps 
AR736,AR,736,crawls 
AR737,AR,737,crawls 
AR738,AR,738,crawls 
AR739,AR,739,-
AR740,AR,740,crawls 
AR741,AR,741,crawls 
AR742,AR,742,crawls 
AR743,AR,743,crawls 
AR744,AR,744,-
AR745,AR,745,crawls 
AR746,AR,746,-
AR747,AR,747,crawls 
AR748,AR,748,-
AR749,AR,749,crawls 
AR750,AR,750,-
AR751,AR,751,crawls 
AR752,AR,752,crawls 
AR753,AR,753,crawls 
AR754,AR,754,crawls 
AR755,AR,755,-
LA756,LA,756,crawls 
LA757,LA,757,scoots 
LA758,LA,758,crawls 
LA759,LA,759,-
LA760,LA,760,-
LA761,LA,761,crawls 
LA762,LA,762,crawls 
LA763,LA,763,-
LA764,LA,764,crawls 
LA765,LA,765,crawls 
LA766,LA,766,crawls 
LA767,LA,767,crawls 
LA768,LA,768,crawls 
LA769,LA,769,crawls 
LA770,LA,770,crawls 
LA771,LA,771,crawls 
LA772,LA,772,-
LA773,LA,773,crawls 
LA774,LA,774,-
LA775,LA,775,crawls 
LA776,LA,776,crawls 
LA777,LA,777,crawls 
LA778,LA,778,crawls 
LA779,LA,779,-
LA780,LA,780,crawls 
LA781,LA,781,-
LA782,LA,782,crawls 
LA783,LA,783,crawls 
LA784,LA,784,crawls 
LA785,LA,785,crawls 
LA786,LA,786,crawls 
LA787,LA,787,crawls 
LA788,LA,788,crawls 
LA789,LA,789,crawls 
LA790,LA,790,crawls 
LA791,LA,791,crawls 
LA792,LA,792,crawls 
LA792,LA,792,creeps 
LA793,LA,793,-
LA794,LA,794,crawls 
LA795,LA,795,-
LA796,LA,796,crawls 
LA797,LA,797,crawls 
LA798,LA,798,crawls 
LA799,LA,799,-
LA800,LA,800,crawls 
LA801,LA,801,crawls 
LA802,LA,802,-
LA803,LA,803,-
LA804,LA,804,-
LA805,LA,805,crawls 
LA806,LA,806,crawls 
LA807,LA,807,crawls 
LA808,LA,808,crawls 
LA809,LA,809,crawls 
LA810,LA,810,crawls 
LA811,LA,811,crawls 
LA812,LA,812,crawls 
LA813,LA,813,crawls 
LA814,LA,814,crawls 
LA815,LA,815,-
LA816,LA,816,crawls 
LA817,LA,817,crawls 
TX818,TX,818,-
TX819,TX,819,crawls 
TX820,TX,820,crawls 
TX821,TX,821,crawls 
TX822,TX,822,crawls 
TX823,TX,823,crawls 
TX824,TX,824,crawls 
TX825,TX,825,crawls 
TX826,TX,826,crawls 
TX827,TX,827,crawls 
TX828,TX,828,crawls 
TX829,TX,829,crawls 
TX830,TX,830,crawls 
TX831,TX,831,crawls 
TX832,TX,832,crawls 
TX833,TX,833,crawls 
TX834,TX,834,crawls 
TX835,TX,835,crawls 
TX836,TX,836,crawls 
TX837,TX,837,-
TX838,TX,838,-
TX839,TX,839,crawls 
TX840,TX,840,crawls 
TX841,TX,841,-
TX842,TX,842,crawls 
TX843,TX,843,crawls 
TX844,TX,844,crawls 
TX845,TX,845,-
TX846,TX,846,crawls 
TX847,TX,847,-
TX848,TX,848,-
TX849,TX,849,crawls 
TX850,TX,850,crawls 
TX851,TX,851,-
TX852,TX,852,crawls 
TX853,TX,853,crawls 
TX854,TX,854,crawls 
TX855,TX,855,-
TX856,TX,856,-
TX857,TX,857,crawls 
TX858,TX,858,-
TX859,TX,859,crawls 
TX860,TX,860,crawls 
TX861,TX,861,crawls 
TX862,TX,862,-
TX863,TX,863,crawls 
TX864,TX,864,crawls 
TX865,TX,865,crawls 
TX866,TX,866,crawls 
TX867,TX,867,crawls 
TX868,TX,868,crawls 
TX869,TX,869,crawls 
TX870,TX,870,crawls 
TX870,TX,870,creeps 
TX871,TX,871,-
TX872,TX,872,-
TX873,TX,873,crawls 
TX874,TX,874,crawls 
TX875,TX,875,crawls 
TX876,TX,876,crawls 
TX877,TX,877,crawls 
TX877,TX,877,creeps 
TX878,TX,878,crawls 
TX879,TX,879,-
TX880,TX,880,crawls 
TX881,TX,881,-
TX882,TX,882,crawls 
TX883,TX,883,crawls 
TX884,TX,884,crawls 
TX885,TX,885,crawls 
TX885,TX,885,scoots 
TX886,TX,886,crawls 
TX887,TX,887,crawls 
TX888,TX,888,crawls 
TX889,TX,889,crawls 
TX890,TX,890,crawls 
TX891,TX,891,crawls 
TX892,TX,892,crawls 
TX893,TX,893,crawls 
TX894,TX,894,crawls 
TX895,TX,895,crawls 
TX896,TX,896,-
TX897,TX,897,-
TX898,TX,898,-
TX899,TX,899,-
TX900,TX,900,crawls 
TX901,TX,901,crawls 
TX902,TX,902,crawls 
TX903,TX,903,-
TX904,TX,904,crawls 
TX905,TX,905,crawls 
TX906,TX,906,crawls 
TX907,TX,907,-
TX908,TX,908,crawls 
TX909,TX,909,-
TX910,TX,910,crawls 
TX911,TX,911,crawls 
