Informant,State,Informant number,Response
TN001,TN,001,-
TN002,TN,002,take you in the car and carry you home 
TN003,TN,003,-
TN004,TN,004,take you in the car and carry you home 
TN005,TN,005,accompany her/you (back) home 
TN005,TN,005,take you in the car and carry you home 
TN005,TN,005,walk her/them/you (back) (home) 
TN006,TN,006,see her/you (back) home 
TN007,TN,007,escort(ing) her/you (home) 
TN008,TN,008,-
TN009,TN,009,see her/you (back) home 
TN010,TN,010,escort(ing) her/you (home) 
TN010,TN,010,take you in the car and carry you home 
TN011,TN,011,see her/you (back) home 
TN011,TN,011,take you in the car and carry you home 
TN012,TN,012,take you in the car and carry you home 
TN013,TN,013,see her/you (back) home 
TN014,TN,014,escort(ing) her/you (home) 
TN015,TN,015,see her/you (back) home 
TN016,TN,016,come by 
TN016,TN,016,give me/you a lift or a ride 
TN016,TN,016,pick her/him/you up 
TN016,TN,016,walk her/them/you (back) (home) 
TN017,TN,017,escort(ing) her/you (home) 
TN017,TN,017,see her/you (back) home 
TN018,TN,018,-
TN019,TN,019,take you in the car and carry you home 
TN019,TN,019,walk her/them/you (back) (home) 
TN020,TN,020,escort(ing) her/you (home) 
TN020,TN,020,take you in the car and carry you home 
TN021,TN,021,-
TN022,TN,022,do you need a ride (home)? 
TN022,TN,022,take you in the car and carry you home 
TN022,TN,022,walk her/them/you (back) (home) 
TN023,TN,023,take you in the car and carry you home 
TN024,TN,024,-
TN025,TN,025,-
TN026,TN,026,"carry(ing)/(ed) (her, etc.) (back) (home) "
TN026,TN,026,carry her to [D-0] picture show 
TN027,TN,027,take you in the car and carry you home 
TN028,TN,028,take you in the car and carry you home 
TN028,TN,028,walk her/them/you (back) (home) 
TN029,TN,029,escort(ing) her/you (home) 
TN030,TN,030,take you in the car and carry you home 
TN031,TN,031,-
TN032,TN,032,take you in the car and carry you home 
TN033,TN,033,take you in the car and carry you home 
TN034,TN,034,walk her/them/you (back) (home) 
TN035,TN,035,take you in the car and carry you home 
TN036,TN,036,take you in the car and carry you home 
TN037,TN,037,take you in the car and carry you home 
TN038,TN,038,-
TN039,TN,039,take you in the car and carry you home 
TN040,TN,040,take you in the car and carry you home 
TN041,TN,041,escort(ing) her/you (home) 
TN042,TN,042,-
TN043,TN,043,carry her along 
TN044,TN,044,carry me/your girl on home 
TN045,TN,045,carry me/your girl on home 
TN045,TN,045,see her/you (back) home 
TN045,TN,045,take you in the car and carry you home 
TN046,TN,046,take you in the car and carry you home 
TN047,TN,047,see her/you (back) home 
TN048,TN,048,-
TN049,TN,049,take you in the car and carry you home 
TN050,TN,050,take you in the car and carry you home 
TN051,TN,051,take you in the car and carry you home 
TN052,TN,052,carry her along 
TN053,TN,053,see her/you (back) home 
TN054,TN,054,walk her/them/you (back) (home) 
TN055,TN,055,"ride, a "
TN055,TN,055,take you in the car and carry you home 
TN055,TN,055,walk her/them/you (back) (home) 
TN056,TN,056,drive you (home) 
TN056,TN,056,escort(ing) her/you (home) 
TN056,TN,056,take you in the car and carry you home 
TN057,TN,057,drive you (home) 
TN057,TN,057,walk(ing) home with her/you  
TN058,TN,058,drive you (home) 
TN058,TN,058,take you in the car and carry you home 
TN059,TN,059,drive you (home) 
TN059,TN,059,walk her/them/you (back) (home) 
TN060,TN,060,drive you (home) 
TN060,TN,060,escort(ing) her/you (home) 
GA061,GA,061,carry me/your girl on home 
GA061,GA,061,walked home 
GA062,GA,062,carry her along 
GA062,GA,062,carry me/your girl on home 
GA063,GA,063,-
GA064,GA,064,carry me/your girl on home 
GA065,GA,065,escort(ing) her/you (home) 
GA066,GA,066,fetch you home 
GA066,GA,066,"ride, a "
GA067,GA,067,bring me/you (home/where you want to go) 
GA067,GA,067,take you in the car and carry you home 
GA068,GA,068,-
GA069,GA,069,"carry(ing)/(ed) (her, etc.) (back) (home) "
GA069,GA,069,carry her to [D-0] picture show 
GA069,GA,069,carry me/your girl on home 
GA069,GA,069,walk with me/them/you (home) 
GA070,GA,070,see her/you (back) home 
GA071,GA,071,-
GA072,GA,072,see her/you (back) home 
GA073,GA,073,carry her along 
GA073,GA,073,see her/you (back) home 
GA074,GA,074,carry her along 
GA074,GA,074,escort(ing) her/you (home) 
GA075,GA,075,carry me/your girl on home 
GA076,GA,076,see her/you (back) home 
GA077,GA,077,carry her to [D-0] picture show 
GA077,GA,077,give you/them a lift (home) 
GA078,GA,078,give you a ride or a lift 
GA078,GA,078,ride you a piece 
GA078,GA,078,take you in the car and carry you home 
GA078,GA,078,walk her/them/you (back) (home) 
GA079,GA,079,carry me/your girl on home 
GA079,GA,079,go home with you 
GA079,GA,079,take you in the car and carry you home 
GA080,GA,080,-
GA081,GA,081,carry me/your girl on home 
GA081,GA,081,walk(ing) home with her/you  
GA082,GA,082,carry her along 
GA083,GA,083,carry her to [D-0] picture show 
GA084,GA,084,see her/you (back) home 
GA084,GA,084,take you in the car and carry you home 
GA084,GA,084,walk with me/them/you (home) 
GA085,GA,085,take you in the car and carry you home 
GA086,GA,086,escort(ing) her/you (home) 
GA087,GA,087,give me/you a lift or a ride 
GA088,GA,088,escort(ing) her/you (home) 
GA088,GA,088,take you in the car and carry you home 
GA089,GA,089,-
GA090,GA,090,carry her along 
GA091,GA,091,take you in the car and carry you home 
GA091,GA,091,walk with me/them/you (home) 
GA092,GA,092,carry me/your girl on home 
GA093,GA,093,carry her along 
GA093,GA,093,carry me/your girl on home 
GA093,GA,093,escort(ing) her/you (home) 
GA094,GA,094,see her/you (back) home 
GA095,GA,095,"carry(ing)/(ed) (her, etc.) (back) (home) "
GA095,GA,095,see her/you (back) home 
GA095,GA,095,take you in the car and carry you home 
GA096,GA,096,carry me/your girl on home 
GA097,GA,097,escort(ing) her/you (home) 
GA097,GA,097,give me/you a lift or a ride 
GA097,GA,097,give you a ride or a lift 
GA098,GA,098,carry me/your girl on home 
GA098,GA,098,escort(ing) her/you (home) 
GA098,GA,098,take you in the car and carry you home 
GA099,GA,099,take you in the car and carry you home 
GA100,GA,100,drive you (home) 
GA100,GA,100,walk her/them/you (back) (home) 
GA101,GA,101,take you in the car and carry you home 
GA102,GA,102,carry me/your girl on home 
GA103,GA,103,carry me/your girl on home 
GA103,GA,103,drive you (home) 
GA103,GA,103,escort(ing) her/you (home) 
GA103,GA,103,take you in the car and carry you home 
GA103,GA,103,walk her/them/you (back) (home) 
GA104,GA,104,do you need a ride (home)? 
GA104,GA,104,give me/you a lift or a ride 
GA104,GA,104,give you a ride or a lift 
GA104,GA,104,take you in the car and carry you home 
GA104,GA,104,walk her/them/you (back) (home) 
GA105,GA,105,"carry(ing)/(ed) (her, etc.) (back) (home) "
GA105,GA,105,escort(ing) her/you (home) 
GA106,GA,106,carry me/your girl on home 
GA106,GA,106,drive you (home) 
GA106,GA,106,give you a ride or a lift 
GA106,GA,106,take you in the car and carry you home 
GA106,GA,106,walk her/them/you (back) (home) 
GA107,GA,107,carry me/your girl on home 
GA108,GA,108,see her/you (back) home 
GA108,GA,108,take you in the car and carry you home 
GA109,GA,109,drive you (home) 
GA109,GA,109,see her/you (back) home 
GA109,GA,109,take you in the car and carry you home 
GA110,GA,110,carry me/your girl on home 
GA111,GA,111,take you in the car and carry you home 
GA112,GA,112,carry her along 
GA113,GA,113,carry me/your girl on home 
GA113,GA,113,walk(ing) home with her/you  
GA114,GA,114,-
GA115,GA,115,-
GA116,GA,116,carry her along 
GA117,GA,117,escort(ing) her/you (home) 
GA118,GA,118,escort(ing) her/you (home) 
GA118,GA,118,see her/you (back) home 
GA119,GA,119,be your escort 
GA119,GA,119,take you in the car and carry you home 
GA120,GA,120,-
GA121,GA,121,give you a ride or a lift 
GA122,GA,122,see her/you (back) home 
GA123,GA,123,escort(ing) her/you (home) 
GA124,GA,124,carry me/your girl on home 
GA124,GA,124,take you in the car and carry you home 
GA125,GA,125,take you in the car and carry you home 
GA126,GA,126,-
GA127,GA,127,-
GA128,GA,128,-
GA129,GA,129,-
GA130,GA,130,carry her to [D-0] picture show 
GA131,GA,131,escort(ing) her/you (home) 
GA131,GA,131,see her/you (back) home 
GA132,GA,132,-
GA133,GA,133,accompany her/you (back) home 
GA133,GA,133,escort(ing) her/you (home) 
GA133,GA,133,walk with me/them/you (home) 
GA134,GA,134,have her/my/your company 
GA134,GA,134,take you in the car and carry you home 
GA135,GA,135,drive you (home) 
GA135,GA,135,escort(ing) her/you (home) 
GA135,GA,135,take you in the car and carry you home 
GA136,GA,136,accompany her/you (back) home 
GA136,GA,136,"ride, a "
GA136,GA,136,see her/you (back) home 
GA137,GA,137,give me/you a lift or a ride 
GA137,GA,137,"lift, a "
GA137,GA,137,take you in the car and carry you home 
GA138,GA,138,take you in the car and carry you home 
GA139,GA,139,-
GA140,GA,140,take you in the car and carry you home 
GA141,GA,141,carry me/your girl on home 
GA142,GA,142,-
GA143,GA,143,carry me/your girl on home 
GA143,GA,143,see her/you (back) home 
GA143,GA,143,take you in the car and carry you home 
GA144,GA,144,carry me/your girl on home 
GA144,GA,144,escort(ing) her/you (home) 
GA144,GA,144,take you in the car and carry you home 
GA144,GA,144,walk(ing) home with her/you  
GA145,GA,145,-
GA146,GA,146,accompany her/you (back) home 
GA146,GA,146,drive you (home) 
GA146,GA,146,walk her/them/you (back) (home) 
GA147,GA,147,-
GA148,GA,148,see her/you (back) home 
GA148,GA,148,take you in the car and carry you home 
GA149,GA,149,-
GA150,GA,150,drive you (home) 
GA150,GA,150,take you in the car and carry you home 
GA150,GA,150,walk her/them/you (back) (home) 
GA151,GA,151,take you in the car and carry you home 
GA151,GA,151,walk her/them/you (back) (home) 
GA152,GA,152,take you in the car and carry you home 
GA152,GA,152,walk(ing) home with her/you  
GA153,GA,153,-
GA154,GA,154,see her/you (back) home 
GA155,GA,155,take you in the car and carry you home 
GA156,GA,156,-
GA157,GA,157,picked up someone 
GA158,GA,158,-
GA159,GA,159,see her/you (back) home 
GA160,GA,160,carry her to [D-0] picture show 
GA161,GA,161,carry me/your girl on home 
GA161,GA,161,drive you (home) 
GA161,GA,161,escort(ing) her/you (home) 
GA161,GA,161,walk her/them/you (back) (home) 
GA162,GA,162,escort(ing) her/you (home) 
GA162,GA,162,take you in the car and carry you home 
GA163,GA,163,escort(ing) her/you (home) 
GA163,GA,163,take you in the car and carry you home 
GA164,GA,164,take you in the car and carry you home 
GA165,GA,165,take you in the car and carry you home 
GA166,GA,166,carry me/your girl on home 
GA166,GA,166,take you in the car and carry you home 
GA167,GA,167,carry me/your girl on home 
GA167,GA,167,give me/you a lift or a ride 
GA168,GA,168,-
GA169,GA,169,-
GA170,GA,170,take you in the car and carry you home 
GA171,GA,171,take you in the car and carry you home 
GA172,GA,172,walk her/them/you (back) (home) 
GA173,GA,173,-
GA174,GA,174,-
GA175,GA,175,-
GA176,GA,176,-
GA177,GA,177,carry me/your girl on home 
GA177,GA,177,give you a ride or a lift 
GA178,GA,178,-
GA179,GA,179,take you in the car and carry you home 
GA180,GA,180,give you a ride or a lift 
GA180,GA,180,take you in the car and carry you home 
GA181,GA,181,-
GA182,GA,182,-
GA183,GA,183,carry me/your girl on home 
GA183,GA,183,take you in the car and carry you home 
GA184,GA,184,carry her along 
GA185,GA,185,take you in the car and carry you home 
GA186,GA,186,carry me/your girl on home 
GA186,GA,186,take you in the car and carry you home 
GA187,GA,187,carry me/your girl on home 
GA188,GA,188,take you in the car and carry you home 
GA189,GA,189,have the pleasure of accompanying you home 
GA189,GA,189,take you in the car and carry you home 
GA190,GA,190,-
GA191,GA,191,take you in the car and carry you home 
GA192,GA,192,ride with me/you (home) 
GA192,GA,192,take you in the car and carry you home 
GA192,GA,192,walk(ing) home with her/you  
GA193,GA,193,-
GA194,GA,194,-
GA195,GA,195,carry her along 
GA196,GA,196,-
GA197,GA,197,-
GA198,GA,198,-
GA199,GA,199,carry her along 
GA200,GA,200,take you in the car and carry you home 
GA201,GA,201,-
GA202,GA,202,escort(ing) her/you (home) 
GA202,GA,202,see her/you (back) home 
GA202,GA,202,take you in the car and carry you home 
GA203,GA,203,-
GA204,GA,204,-
GA205,GA,205,-
GA206,GA,206,drive you (home) 
GA206,GA,206,take you in the car and carry you home 
GA206,GA,206,walk her/them/you (back) (home) 
GA207,GA,207,take you in the car and carry you home 
GA208,GA,208,take you in the car and carry you home 
GA209,GA,209,carry her along 
GA209,GA,209,give me/you a lift or a ride 
GA209,GA,209,take you in the car and carry you home 
GA210,GA,210,"carry(ing)/(ed) (her, etc.) (back) (home) "
GA210,GA,210,take you in the car and carry you home 
GA211,GA,211,escort(ing) her/you (home) 
GA211,GA,211,take you in the car and carry you home 
GA211,GA,211,walk her/them/you (back) (home) 
GA212,GA,212,-
GA213,GA,213,-
GA214,GA,214,escort(ing) her/you (home) 
GA215,GA,215,carry me/your girl on home 
GA215,GA,215,go home with you 
GA215,GA,215,take you in the car and carry you home 
GA216,GA,216,take you in the car and carry you home 
GA217,GA,217,take you in the car and carry you home 
GA218,GA,218,-
GA219,GA,219,carry her along 
GA219,GA,219,carry her to [D-0] picture show 
GA220,GA,220,take you in the car and carry you home 
GA221,GA,221,-
GA222,GA,222,carry her along 
GA223,GA,223,escort(ing) her/you (home) 
GA223,GA,223,take you in the car and carry you home 
GA224,GA,224,carry her along 
GA225,GA,225,carry me/your girl on home 
GA225,GA,225,haul(s) her/me/you 
FL226,FL,226,carry her along 
FL226,FL,226,take you in the car and carry you home 
FL227,FL,227,take you in the car and carry you home 
FL228,FL,228,escort(ing) her/you (home) 
FL228,FL,228,take you in the car and carry you home 
FL229,FL,229,escort(ing) her/you (home) 
FL229,FL,229,take you in the car and carry you home 
FL230,FL,230,drive you (home) 
FL230,FL,230,take you in the car and carry you home 
FL231,FL,231,give you a ride or a lift 
FL232,FL,232,-
FL233,FL,233,give you a ride or a lift 
FL233,FL,233,go (along) with you
FL233,FL,233,pick her/him/you up 
FL234,FL,234,take you in the car and carry you home 
FL234,FL,234,walk her/them/you (back) (home) 
FL235,FL,235,carry me/your girl on home 
FL236,FL,236,carry me/your girl on home 
FL237,FL,237,take you in the car and carry you home 
FL238,FL,238,escort(ing) her/you (home) 
FL238,FL,238,give me/you a lift or a ride 
FL239,FL,239,see her/you (back) home 
FL239,FL,239,take you in the car and carry you home 
FL239,FL,239,walk her/them/you (back) (home) 
FL240,FL,240,take you in the car and carry you home 
FL241,FL,241,-
FL242,FL,242,carry her to [D-0] picture show 
FL242,FL,242,drive you (home) 
FL243,FL,243,carry me/your girl on home 
FL244,FL,244,carry her to [D-0] picture show 
FL245,FL,245,carry me/your girl on home 
FL245,FL,245,take you in the car and carry you home 
FL246,FL,246,-
FL247,FL,247,take you in the car and carry you home 
FL247,FL,247,walk her/them/you (back) (home) 
FL248,FL,248,carry her to [D-0] picture show 
FL248,FL,248,carry me/your girl on home 
FL249,FL,249,give you a ride or a lift 
FL250,FL,250,-
FL251,FL,251,-
FL252,FL,252,-
FL253,FL,253,carry me/your girl on home 
FL253,FL,253,give me/you a lift or a ride 
FL254,FL,254,escort(ing) her/you (home) 
FL254,FL,254,see her/you (back) home 
FL254,FL,254,take you in the car and carry you home 
FL255,FL,255,accompany her/you (back) home 
FL255,FL,255,escort(ing) her/you (home) 
FL255,FL,255,take you in the car and carry you home 
FL255,FL,255,walk her/them/you (back) (home) 
FL256,FL,256,carry her along 
FL257,FL,257,carry me/your girl on home 
FL257,FL,257,walk with me/them/you (home) 
FL258,FL,258,carry me/your girl on home 
FL258,FL,258,give me/you a lift or a ride 
FL258,FL,258,give you a ride or a lift 
FL259,FL,259,give you/them a lift (home) 
FL259,FL,259,take you in the car and carry you home 
FL260,FL,260,carry me/your girl on home 
FL261,FL,261,take you in the car and carry you home 
FL261,FL,261,walk her/them/you (back) (home) 
FL262,FL,262,-
FL263,FL,263,carry her to [D-0] picture show 
FL264,FL,264,take you in the car and carry you home 
FL265,FL,265,picked me up and carried me (in car) 
FL266,FL,266,come with you 
FL266,FL,266,do you need a lift? 
FL266,FL,266,do you need a ride (home)? 
FL267,FL,267,-
FL268,FL,268,-
FL269,FL,269,carry her along 
FL269,FL,269,carry me/your girl on home 
FL270,FL,270,go (along) with you
FL271,FL,271,escort(ing) her/you (home) 
FL271,FL,271,offer you a ride home 
FL271,FL,271,take you in the car and carry you home 
FL272,FL,272,take you in the car and carry you home 
FL273,FL,273,walk her/them/you (back) (home) 
FL274,FL,274,take you in the car and carry you home 
FL275,FL,275,-
FL276,FL,276,"carry(ing)/(ed) (her, etc.) (back) (home) "
FL277,FL,277,escort(ing) her/you (home) 
FL277,FL,277,see her/you (back) home 
FL278,FL,278,drive you (home) 
FL278,FL,278,take you in the car and carry you home 
FL278,FL,278,walk her/them/you (back) (home) 
FL279,FL,279,take you in the car and carry you home 
FL280,FL,280,carry her along 
FL280,FL,280,carry me/your girl on home 
FL280,FL,280,go (along) with you
FL281,FL,281,carry her along 
FL281,FL,281,give you a ride or a lift 
FL282,FL,282,-
FL283,FL,283,take you in the car and carry you home 
FL284,FL,284,take you in the car and carry you home 
FL285,FL,285,-
FL286,FL,286,take you in the car and carry you home 
FL287,FL,287,-
FL288,FL,288,-
FL289,FL,289,drive you (home) 
FL289,FL,289,escort(ing) her/you (home) 
FL289,FL,289,take you in the car and carry you home 
FL289,FL,289,walk her/them/you (back) (home) 
TN290,TN,290,go (along) with you
TN290,TN,290,take you in the car and carry you home 
TN290,TN,290,walk her/them/you (back) (home) 
TN291,TN,291,drive you (home) 
TN291,TN,291,escort(ing) her/you (home) 
TN291,TN,291,take you in the car and carry you home 
TN292,TN,292,carry me/your girl on home 
TN293,TN,293,drive you (home) 
TN293,TN,293,take you in the car and carry you home 
TN294,TN,294,carry me/your girl on home 
TN294,TN,294,go (along) with you
TN294,TN,294,take you in the car and carry you home 
TN295,TN,295,carry me/your girl on home 
TN295,TN,295,go (along) with you
TN295,TN,295,walk(ing) home with her/you  
TN296,TN,296,accompany her/you (back) home 
TN296,TN,296,drive you (home) 
TN297,TN,297,take you in the car and carry you home 
TN298,TN,298,-
TN299,TN,299,go home with you 
TN299,TN,299,take you in the car and carry you home 
TN300,TN,300,drive you (home) 
TN300,TN,300,take you in the car and carry you home 
TN300,TN,300,walk her/them/you (back) (home) 
TN301,TN,301,take you in the car and carry you home 
TN301,TN,301,walk with me/them/you (home) 
TN302,TN,302,take you in the car and carry you home 
TN303,TN,303,drive you (home) 
TN303,TN,303,have her/my/your company 
TN303,TN,303,walk her/them/you (back) (home) 
TN304,TN,304,carry me/your girl on home 
TN304,TN,304,go (along) with you
TN304,TN,304,walk her/them/you (back) (home) 
TN305,TN,305,-
TN306,TN,306,drive you (home) 
TN306,TN,306,take you in the car and carry you home 
TN306,TN,306,walk her/them/you (back) (home) 
TN307,TN,307,give me/you a lift or a ride 
TN307,TN,307,take you in the car and carry you home 
TN308,TN,308,-
TN309,TN,309,-
TN310,TN,310,take you in the car and carry you home 
TN311,TN,311,escort(ing) her/you (home) 
TN311,TN,311,take you in the car and carry you home 
TN312,TN,312,drive you (home) 
TN312,TN,312,walk her/them/you (back) (home) 
TN313,TN,313,escort(ing) her/you (home) 
TN313,TN,313,walk her/them/you (back) (home) 
TN314,TN,314,-
TN315,TN,315,take you in the car and carry you home 
TN316,TN,316,carry me/your girl on home 
TN316,TN,316,take you in the car and carry you home 
TN317,TN,317,drive you (home) 
TN317,TN,317,escort(ing) her/you (home) 
TN318,TN,318,0
TN319,TN,319,-
TN320,TN,320,"ride, a "
TN321,TN,321,see her/you (back) home 
TN321,TN,321,take you in the car and carry you home 
TN322,TN,322,carry me/your girl on home 
TN322,TN,322,escort(ing) her/you (home) 
TN322,TN,322,give me/you a lift or a ride 
TN322,TN,322,take you in the car and carry you home 
TN323,TN,323,see her/you (back) home 
TN323,TN,323,take you in the car and carry you home 
TN324,TN,324,carry her along 
TN324,TN,324,escort(ing) her/you (home) 
TN324,TN,324,take you in the car and carry you home 
TN325,TN,325,carry me/your girl on home 
TN325,TN,325,drive you (home) 
TN325,TN,325,walk(ing) home with her/you  
TN326,TN,326,carry me/your girl on home 
TN326,TN,326,see her/you (back) home 
TN326,TN,326,walk her/them/you (back) (home) 
TN327,TN,327,carry me/your girl on home 
TN327,TN,327,drive you (home) 
TN327,TN,327,see her/you (back) home 
TN327,TN,327,walk her/them/you (back) (home) 
TN328,TN,328,give you a ride or a lift 
TN328,TN,328,ride (home) with me/you 
TN329,TN,329,carry me/your girl on home 
TN329,TN,329,give you a ride or a lift 
TN330,TN,330,carry her along 
TN330,TN,330,carry me/your girl on home 
TN330,TN,330,walk her/them/you (back) (home) 
TN331,TN,331,carry me/your girl on home 
TN331,TN,331,walk with me/them/you (home) 
TN332,TN,332,see her/you (back) home 
TN332,TN,332,take you in the car and carry you home 
TN333,TN,333,carry me/your girl on home 
TN333,TN,333,see her/you (back) home 
TN334,TN,334,take you in the car and carry you home 
TN334,TN,334,walk her/them/you (back) (home) 
TN335,TN,335,-
TN336,TN,336,carry me/your girl on home 
TN336,TN,336,escort(ing) her/you (home) 
TN336,TN,336,take you in the car and carry you home 
TN336,TN,336,walk her/them/you (back) (home) 
AL337,AL,337,-
AL338,AL,338,drive you (home) 
AL338,AL,338,escort(ing) her/you (home) 
AL338,AL,338,walk her/them/you (back) (home) 
AL339,AL,339,carry me/your girl on home 
AL339,AL,339,give me/you a lift or a ride 
AL340,AL,340,go (along) with you
AL340,AL,340,take you in the car and carry you home 
AL341,AL,341,(do you) want a ride? 
AL342,AL,342,carry her along 
AL342,AL,342,carry me/your girl on home 
AL343,AL,343,drive you (home) 
AL343,AL,343,escort(ing) her/you (home) 
AL343,AL,343,take you in the car and carry you home 
AL344,AL,344,go (along) with you
AL344,AL,344,take you in the car and carry you home 
AL345,AL,345,carry me/your girl on home 
AL345,AL,345,pick her/him/you up 
AL346,AL,346,-
AL347,AL,347,carry me/your girl on home 
AL348,AL,348,carry me/your girl on home 
AL349,AL,349,drive you (home) 
AL349,AL,349,go (along) with you
AL350,AL,350,-
AL351,AL,351,assist you (in going home) 
AL351,AL,351,carry me/your girl on home 
AL351,AL,351,escort(ing) her/you (home) 
AL352,AL,352,carry me/your girl on home 
AL352,AL,352,take you in the car and carry you home 
AL353,AL,353,accept your company 
AL353,AL,353,go (along) with you
AL353,AL,353,go home with you 
AL354,AL,354,carry me/your girl on home 
AL355,AL,355,take you in the car and carry you home 
AL356,AL,356,drive you (home) 
AL356,AL,356,escort(ing) her/you (home) 
AL356,AL,356,walk her/them/you (back) (home) 
AL357,AL,357,take you in the car and carry you home 
AL357,AL,357,walk her/them/you (back) (home) 
AL358,AL,358,carry her along 
AL358,AL,358,carry her to [D-0] picture show 
AL359,AL,359,"carry(ing)/(ed) (her, etc.) (back) (home) "
AL359,AL,359,carry me/your girl on home 
AL360,AL,360,take you in the car and carry you home 
AL360,AL,360,walk her/them/you (back) (home) 
AL361,AL,361,carry me/your girl on home 
AL361,AL,361,walk(ing) home with her/you  
AL362,AL,362,give you a ride or a lift 
AL362,AL,362,take you in the car and carry you home 
AL363,AL,363,go home with you 
AL364,AL,364,-
AL365,AL,365,pick her/him/you up 
AL365,AL,365,take you in the car and carry you home 
AL366,AL,366,escort(ing) her/you (home) 
AL367,AL,367,drive you (home) 
AL368,AL,368,-
AL369,AL,369,take you in the car and carry you home 
AL370,AL,370,see her/you (back) home 
AL371,AL,371,take you in the car and carry you home 
AL372,AL,372,take you in the car and carry you home 
AL373,AL,373,take you in the car and carry you home 
AL374,AL,374,take you in the car and carry you home 
AL375,AL,375,take you in the car and carry you home 
AL376,AL,376,carry (literal; of a small animal or object) 
AL377,AL,377,-
AL378,AL,378,take you in the car and carry you home 
AL379,AL,379,walk her/them/you (back) (home) 
AL380,AL,380,carry me/your girl on home 
AL380,AL,380,drive you (home) 
AL380,AL,380,help you home 
AL380,AL,380,take you in the car and carry you home 
AL381,AL,381,carry me/your girl on home 
AL381,AL,381,give me/you a lift or a ride 
AL381,AL,381,walk with me/them/you (home) 
AL382,AL,382,escort(ing) her/you (home) 
AL382,AL,382,have the pleasure of taking you home 
AL382,AL,382,take you in the car and carry you home 
AL383,AL,383,see her/you (back) home 
AL383,AL,383,take you in the car and carry you home 
AL383,AL,383,walk her/them/you (back) (home) 
AL384,AL,384,carry me/your girl on home 
AL384,AL,384,see her/you (back) home 
AL384,AL,384,walk her/them/you (back) (home) 
AL385,AL,385,carry me/your girl on home 
AL386,AL,386,carry me/your girl on home 
AL386,AL,386,see her/you (back) home 
AL386,AL,386,walk her/them/you (back) (home) 
AL387,AL,387,carry me/your girl on home 
AL387,AL,387,see her/you (back) home 
AL387,AL,387,take you in the car and carry you home 
AL388,AL,388,take you in the car and carry you home 
AL389,AL,389,give you a ride or a lift 
AL389,AL,389,walk her/them/you (back) (home) 
AL390,AL,390,take you in the car and carry you home 
AL390,AL,390,walk her/them/you (back) (home) 
AL391,AL,391,carry me/your girl on home 
AL391,AL,391,escort(ing) her/you (home) 
AL391,AL,391,take you in the car and carry you home 
AL391,AL,391,walk her/them/you (back) (home) 
AL392,AL,392,carry her along 
AL393,AL,393,carry me/your girl on home 
AL394,AL,394,escort(ing) her/you (home) 
AL395,AL,395,take you in the car and carry you home 
AL396,AL,396,-
AL397,AL,397,carry her along 
AL398,AL,398,drive you (home) 
AL399,AL,399,carry me/your girl on home 
AL400,AL,400,carry me/your girl on home 
AL401,AL,401,carry her along 
AL401,AL,401,carry her to [D-0] picture show 
AL402,AL,402,carry me/your girl on home 
AL402,AL,402,give me/you a lift or a ride 
AL402,AL,402,give you a ride or a lift 
AL402,AL,402,take you in the car and carry you home 
AL403,AL,403,escort(ing) her/you (home) 
AL403,AL,403,take you in the car and carry you home 
AL404,AL,404,catch a ride 
AL404,AL,404,give me/you a lift or a ride 
AL404,AL,404,pick her up and take her to school 
AL404,AL,404,"ride, a "
AL405,AL,405,drive you (home) 
AL405,AL,405,see her/you (back) home 
AL406,AL,406,-
AL407,AL,407,carry her along 
AL407,AL,407,escort(ing) her/you (home) 
AL408,AL,408,take you in the car and carry you home 
AL409,AL,409,accompany her/you (back) home 
AL410,AL,410,take you in the car and carry you home 
AL411,AL,411,see her/you (back) home 
AL412,AL,412,-
AL413,AL,413,-
AL414,AL,414,carry me/your girl on home 
AL414,AL,414,take you in the car and carry you home 
AL414,AL,414,walk her/them/you (back) (home) 
AL415,AL,415,carry me/your girl on home 
AL415,AL,415,walk her/them/you (back) (home) 
AL416,AL,416,give you a ride or a lift 
AL417,AL,417,if I wanted a lift or a ride 
AL418,AL,418,carry her along 
AL418,AL,418,give me/you a lift or a ride 
AL419,AL,419,carry me/your girl on home 
AL419,AL,419,escort(ing) her/you (home) 
AL419,AL,419,walk her/them/you (back) (home) 
AL420,AL,420,carry me/your girl on home 
AL421,AL,421,take you in the car and carry you home 
AL422,AL,422,escort(ing) her/you (home) 
AL422,AL,422,walk her/them/you (back) (home) 
AL423,AL,423,walk her/them/you (back) (home) 
AL424,AL,424,carry her to [D-0] picture show 
AL424,AL,424,carry me/your girl on home 
AL424,AL,424,walk her/them/you (back) (home) 
AL425,AL,425,give you a ride or a lift 
AL426,AL,426,take you in the car and carry you home 
AL427,AL,427,give you a ride or a lift 
AL427,AL,427,walk her/them/you (back) (home) 
AL428,AL,428,drive you (home) 
AL428,AL,428,take you in the car and carry you home 
AL428,AL,428,walk her/them/you (back) (home) 
AL429,AL,429,-
AL430,AL,430,-
AL431,AL,431,escort(ing) her/you (home) 
AL432,AL,432,-
AL433,AL,433,escort(ing) her/you (home) 
AL433,AL,433,see you (safe) to the house 
AL434,AL,434,carry her along 
AL434,AL,434,"carry(ing)/(ed) (her, etc.) (back) (home) "
AL434,AL,434,take you in the car and carry you home 
AL435,AL,435,carry me/your girl on home 
AL435,AL,435,see her/you (back) home 
AL435,AL,435,take you in the car and carry you home 
AL436,AL,436,take you in the car and carry you home 
AL437,AL,437,give me/you a lift or a ride 
AL437,AL,437,see her/you (back) home 
AL437,AL,437,walk her/them/you (back) (home) 
AL438,AL,438,carry her along 
AL438,AL,438,carry me/your girl on home 
AL439,AL,439,give me/you a lift or a ride 
AL440,AL,440,-
AL441,AL,441,-
AL442,AL,442,"carry(ing)/(ed) (her, etc.) (back) (home) "
AL442,AL,442,carry me/your girl on home 
AL443,AL,443,drive you (home) 
AL443,AL,443,take you in the car and carry you home 
AL443,AL,443,walk with me/them/you (home) 
AL444,AL,444,drive you (home) 
AL444,AL,444,see her/you (back) home 
AL445,AL,445,carry me/your girl on home 
AL445,AL,445,give me/you a lift or a ride 
AL445,AL,445,"lift, a "
AL446,AL,446,take you in the car and carry you home 
AL447,AL,447,take you in the car and carry you home 
AL448,AL,448,carry her along 
AL448,AL,448,give me/you a lift or a ride 
AL448,AL,448,take you in the car and carry you home 
AL449,AL,449,take you in the car and carry you home 
AL450,AL,450,-
AL451,AL,451,carry her along 
AL451,AL,451,carry me/your girl on home 
AL451,AL,451,escort(ing) her/you (home) 
AL451,AL,451,"ride, a "
FL452,FL,452,give you a ride or a lift 
FL452,FL,452,offer you a ride home 
FL453,FL,453,-
FL454,FL,454,carry me/your girl on home 
FL454,FL,454,escort(ing) her/you (home) 
FL454,FL,454,"ride, a "
FL455,FL,455,carry me/your girl on home 
FL455,FL,455,take you in the car and carry you home 
FL456,FL,456,carry me/your girl on home 
FL456,FL,456,drive you (home) 
FL456,FL,456,take you in the car and carry you home 
FL456,FL,456,walk her/them/you (back) (home) 
FL457,FL,457,drive you (home) 
FL457,FL,457,escort(ing) her/you (home) 
FL458,FL,458,take you in the car and carry you home 
FL459,FL,459,-
FL460,FL,460,take you in the car and carry you home 
FL461,FL,461,carry me/your girl on home 
FL461,FL,461,walk her/them/you (back) (home) 
FL462,FL,462,carry her along 
FL462,FL,462,"carry(ing)/(ed) (her, etc.) (back) (home) "
FL462,FL,462,ride with me/you (home) 
FL463,FL,463,-
FL464,FL,464,carry her along 
FL464,FL,464,ride you a piece 
FL464,FL,464,take you in the car and carry you home 
FL465,FL,465,carry me/your girl on home 
FL466,FL,466,carry me/your girl on home 
FL466,FL,466,see her/you (back) home 
FL467,FL,467,-
FL468,FL,468,carry her along 
FL468,FL,468,carry (literal; of a small animal or object) 
FL469,FL,469,give you a ride or a lift 
FL469,FL,469,see her/you (back) home 
FL470,FL,470,carry me/your girl on home 
FL471,FL,471,give you a ride or a lift 
FL471,FL,471,take you in the car and carry you home 
AL472,AL,472,carry her along 
AL472,AL,472,see her/you (back) home 
AL472,AL,472,take you in the car and carry you home 
AL473,AL,473,-
AL474,AL,474,drive you (home) 
AL474,AL,474,take you in the car and carry you home 
AL474,AL,474,walk her/them/you (back) (home) 
AL475,AL,475,take you in the car and carry you home 
AL476,AL,476,take you in the car and carry you home 
AL477,AL,477,give you a ride or a lift 
AL478,AL,478,-
AL479,AL,479,escort(ing) her/you (home) 
AL479,AL,479,take you in the car and carry you home 
AL480,AL,480,walk her/them/you (back) (home) 
AL481,AL,481,walk her/them/you (back) (home) 
AL482,AL,482,see her/you (back) home 
AL483,AL,483,-
AL484,AL,484,take you in the car and carry you home 
AL485,AL,485,take you in the car and carry you home 
TN486,TN,486,-
TN487,TN,487,-
TN488,TN,488,give you a ride or a lift 
TN489,TN,489,escort(ing) her/you (home) 
TN489,TN,489,join you 
TN490,TN,490,walk her/them/you (back) (home) 
TN491,TN,491,-
TN492,TN,492,carry her along 
TN492,TN,492,see her/you (back) home 
TN492,TN,492,walk her/them/you (back) (home) 
TN493,TN,493,drive you (home) 
TN494,TN,494,carry me/your girl on home 
TN495,TN,495,-
TN496,TN,496,-
TN497,TN,497,-
TN498,TN,498,see her/you (back) home 
TN498,TN,498,walk her/them/you (back) (home) 
TN499,TN,499,drive you (home) 
TN499,TN,499,escort(ing) her/you (home) 
TN499,TN,499,see her/you (back) home 
TN499,TN,499,take you in the car and carry you home 
TN500,TN,500,-
TN501,TN,501,carry me/your girl on home 
TN501,TN,501,ride you a piece 
TN502,TN,502,walk with me/them/you (home) 
TN503,TN,503,-
TN504,TN,504,carry me/your girl on home 
TN504,TN,504,get a lift 
TN504,TN,504,go home with you 
TN504,TN,504,ride you a piece 
TN504,TN,504,walk with me/them/you (home) 
TN505,TN,505,carry her to [D-0] picture show 
TN505,TN,505,escort(ing) her/you (home) 
TN506,TN,506,carry me/your girl on home 
TN507,TN,507,-
TN508,TN,508,-
TN509,TN,509,-
TN510,TN,510,"carry(ing)/(ed) (her, etc.) (back) (home) "
TN511,TN,511,carry her along 
TN512,TN,512,-
TN513,TN,513,escort(ing) her/you (home) 
TN513,TN,513,see her/you (back) home 
TN514,TN,514,give him/you a ride (home) 
TN514,TN,514,join you 
TN514,TN,514,walk with me/them/you (home) 
TN515,TN,515,give you a ride or a lift 
TN516,TN,516,come with you 
TN517,TN,517,drive you (home) 
TN518,TN,518,do you need a ride (home)? 
TN518,TN,518,give me/you a lift or a ride 
TN518,TN,518,give you a ride or a lift 
TN518,TN,518,take you in the car and carry you home 
TN519,TN,519,see her/you (back) home 
TN519,TN,519,take you in the car and carry you home 
TN519,TN,519,walk her/them/you (back) (home) 
MS520,MS,520,carry me/your girl on home 
MS521,MS,521,accompany her/you (back) home 
MS521,MS,521,carry me/your girl on home 
MS522,MS,522,drive you (home) 
MS522,MS,522,take you in the car and carry you home 
MS522,MS,522,walk her/them/you (back) (home) 
MS523,MS,523,-
MS524,MS,524,-
MS525,MS,525,carry me/your girl on home 
MS525,MS,525,escort(ing) her/you (home) 
MS526,MS,526,-
MS527,MS,527,escort(ing) her/you (home) 
MS527,MS,527,"ride, a "
MS527,MS,527,take you in the car and carry you home 
MS527,MS,527,walk her/them/you (back) (home) 
MS528,MS,528,carry her along 
MS529,MS,529,-
MS530,MS,530,carry her to [D-0] picture show 
MS531,MS,531,carry her along 
MS532,MS,532,drive you (home) 
MS532,MS,532,escort(ing) her/you (home) 
MS533,MS,533,drive you (home) 
MS533,MS,533,take you in the car and carry you home 
MS533,MS,533,walk her/them/you (back) (home) 
MS534,MS,534,see her/you (back) home 
MS535,MS,535,carry her to [D-0] picture show 
MS535,MS,535,carry me/your girl on home 
MS536,MS,536,carry her along 
MS537,MS,537,carry me/your girl on home 
MS538,MS,538,escort(ing) her/you (home) 
MS538,MS,538,see her/you (back) home 
MS539,MS,539,carry her along 
MS539,MS,539,take you in the car and carry you home 
MS540,MS,540,carry me/your girl on home 
MS540,MS,540,escort(ing) her/you (home) 
MS541,MS,541,-
MS542,MS,542,carry (=transport a large animal or object) 
MS543,MS,543,carry me/your girl on home 
MS544,MS,544,escort(ing) her/you (home) 
MS545,MS,545,accompany her/you (back) home 
MS545,MS,545,carry her along 
MS545,MS,545,have her/my/your company 
MS546,MS,546,-
MS547,MS,547,carry her along 
MS547,MS,547,carry me/your girl on home 
MS547,MS,547,walk her/them/you (back) (home) 
MS548,MS,548,walk(ing) home with her/you  
MS549,MS,549,-
MS550,MS,550,-
MS551,MS,551,-
MS552,MS,552,escort(ing) her/you (home) 
MS553,MS,553,-
MS554,MS,554,take you in the car and carry you home 
MS555,MS,555,-
MS556,MS,556,carry me/your girl on home 
MS556,MS,556,see her/you (back) home 
MS557,MS,557,escort(ing) her/you (home) 
MS557,MS,557,go (along) with you
MS558,MS,558,take you in the car and carry you home 
MS558,MS,558,walk you to the door 
MS559,MS,559,-
MS560,MS,560,-
MS561,MS,561,carry her along 
MS561,MS,561,carry me/your girl on home 
MS562,MS,562,carry her to [D-0] picture show 
MS562,MS,562,take you in the car and carry you home 
MS562,MS,562,walk(ing) home with her/you  
MS563,MS,563,give you a ride or a lift 
MS563,MS,563,take you in the car and carry you home 
MS564,MS,564,drive you (home) 
MS564,MS,564,see her/you (back) home 
MS564,MS,564,walk her/them/you (back) (home) 
MS565,MS,565,carry me/your girl on home 
MS566,MS,566,-
MS567,MS,567,"carry(ing)/(ed) (her, etc.) (back) (home) "
MS567,MS,567,carry me/your girl on home 
MS568,MS,568,-
MS569,MS,569,carry her along 
MS569,MS,569,carry her to [D-0] picture show 
MS570,MS,570,carry me/your girl on home 
MS571,MS,571,-
MS572,MS,572,carry her along 
MS572,MS,572,carry me/your girl on home 
MS572,MS,572,take you in the car and carry you home 
MS573,MS,573,carry her along 
MS573,MS,573,"carry(ing)/(ed) (her, etc.) (back) (home) "
MS573,MS,573,take you in the car and carry you home 
MS574,MS,574,carry me/your girl on home 
MS574,MS,574,drive you (home) 
MS574,MS,574,escort(ing) her/you (home) 
MS574,MS,574,take you in the car and carry you home 
MS575,MS,575,escort(ing) her/you (home) 
MS575,MS,575,take you in the car and carry you home 
MS576,MS,576,escort(ing) her/you (home) 
MS576,MS,576,take you in the car and carry you home 
MS577,MS,577,take you in the car and carry you home 
MS578,MS,578,carry me/your girl on home 
MS578,MS,578,escort(ing) her/you (home) 
MS579,MS,579,take you in the car and carry you home 
MS580,MS,580,carry her along 
MS581,MS,581,escort(ing) her/you (home) 
MS582,MS,582,carry her along 
MS582,MS,582,carry me/your girl on home 
MS582,MS,582,give me/you a lift or a ride 
MS582,MS,582,"ride, a "
MS583,MS,583,go (along) with you
MS583,MS,583,walk(ing) home with her/you  
MS584,MS,584,carry her along 
MS584,MS,584,escort(ing) her/you (home) 
MS584,MS,584,"ride, a "
MS584,MS,584,walk her/them/you (back) (home) 
MS585,MS,585,take you in the car and carry you home 
MS585,MS,585,walk her/them/you (back) (home) 
MS586,MS,586,-
MS587,MS,587,carry me/your girl on home 
MS587,MS,587,take you in the car and carry you home 
MS588,MS,588,carry her along 
MS588,MS,588,carry me/your girl on home 
MS588,MS,588,carry (=transport a person) 
MS588,MS,588,walk her/them/you (back) (home) 
MS589,MS,589,drive you (home) 
MS589,MS,589,drop you by your house 
MS589,MS,589,take you in the car and carry you home 
MS589,MS,589,walk her/them/you (back) (home) 
MS590,MS,590,-
MS591,MS,591,drive you (home) 
MS591,MS,591,walk her/them/you (back) (home) 
MS592,MS,592,drive you (home) 
MS592,MS,592,see her/you (back) home 
MS592,MS,592,take you in the car and carry you home 
MS592,MS,592,walk her/them/you (back) (home) 
MS593,MS,593,take you in the car and carry you home 
MS594,MS,594,carry me/your girl on home 
MS594,MS,594,escort(ing) her/you (home) 
MS595,MS,595,escort(ing) her/you (home) 
MS595,MS,595,take you in the car and carry you home 
MS596,MS,596,carry me/your girl on home 
MS596,MS,596,walk with me/them/you (home) 
MS597,MS,597,-
MS598,MS,598,-
MS599,MS,599,give me/you a lift or a ride 
MS599,MS,599,take you in the car and carry you home 
MS599,MS,599,walk her/them/you (back) (home) 
MS600,MS,600,carry her along 
MS600,MS,600,carry me/your girl on home 
MS601,MS,601,accompany her/you (back) home 
MS601,MS,601,drive you (home) 
MS601,MS,601,escort(ing) her/you (home) 
MS601,MS,601,take you in the car and carry you home 
MS602,MS,602,carry me/your girl on home 
MS602,MS,602,give you/them a lift (home) 
MS602,MS,602,walk her/them/you (back) (home) 
MS603,MS,603,-
MS604,MS,604,-
MS605,MS,605,carry her along 
MS605,MS,605,"carry(ing)/(ed) (her, etc.) (back) (home) "
MS606,MS,606,carry her along 
MS606,MS,606,haul(s) her/me/you 
MS607,MS,607,carry her along 
MS607,MS,607,carry me/your girl on home 
MS607,MS,607,escort(ing) her/you (home) 
MS607,MS,607,take you in the car and carry you home 
MS607,MS,607,walking along with you home 
MS608,MS,608,have the pleasure [P-0] escorting you home 
MS608,MS,608,"ride, a "
MS608,MS,608,walk her/them/you (back) (home) 
MS609,MS,609,walk her/them/you (back) (home) 
MS610,MS,610,take you in the car and carry you home 
MS610,MS,610,walk her/them/you (back) (home) 
MS611,MS,611,-
MS612,MS,612,walk her/them/you (back) (home) 
MS613,MS,613,carry me/your girl on home 
MS613,MS,613,drive you (home) 
MS613,MS,613,go (along) with you
MS613,MS,613,take you in the car and carry you home 
MS613,MS,613,walk her/them/you (back) (home) 
MS614,MS,614,carry her to [D-0] picture show 
MS615,MS,615,take you in the car and carry you home 
MS616,MS,616,escort(ing) her/you (home) 
MS616,MS,616,see her/you (back) home 
MS617,MS,617,carry her along 
MS617,MS,617,give you/them a lift (home) 
MS617,MS,617,take you in the car and carry you home 
MS618,MS,618,-
MS619,MS,619,-
MS620,MS,620,see her/you (back) home 
MS621,MS,621,take you in the car and carry you home 
MS622,MS,622,drive you (home) 
MS622,MS,622,walk her/them/you (back) (home) 
MS623,MS,623,carry me/your girl on home 
MS623,MS,623,escort(ing) her/you (home) 
MS623,MS,623,take you in the car and carry you home 
MS623,MS,623,walk her/them/you (back) (home) 
MS624,MS,624,assist you (in going home) 
MS624,MS,624,see her/you (back) home 
MS625,MS,625,take you in the car and carry you home 
MS626,MS,626,carry her along 
MS627,MS,627,-
MS628,MS,628,carry her along 
MS628,MS,628,carry me/your girl on home 
MS629,MS,629,carry me/your girl on home 
MS629,MS,629,give you a ride or a lift 
MS629,MS,629,take you in the car and carry you home 
LA630,LA,630,carry her to [D-0] picture show 
LA630,LA,630,take you in the car and carry you home 
LA631,LA,631,-
LA632,LA,632,escort(ing) her/you (home) 
LA633,LA,633,carry me/your girl on home 
LA634,LA,634,carry me/your girl on home 
LA634,LA,634,"ride, a "
LA634,LA,634,take you in the car and carry you home 
LA634,LA,634,walk you to home 
LA635,LA,635,carry me/your girl on home 
LA635,LA,635,drive you (home) 
LA635,LA,635,take you in the car and carry you home 
LA635,LA,635,walk her/them/you (back) (home) 
LA636,LA,636,carry me/your girl on home 
LA636,LA,636,walk her/them/you (back) (home) 
LA637,LA,637,-
LA638,LA,638,carry her along 
LA639,LA,639,take you in the car and carry you home 
LA640,LA,640,carry me/your girl on home 
LA640,LA,640,escort(ing) her/you (home) 
LA640,LA,640,give you a ride or a lift 
LA641,LA,641,carry her along 
LA642,LA,642,-
LA643,LA,643,take you in the car and carry you home 
LA644,LA,644,-
LA645,LA,645,go along for a ride 
LA645,LA,645,go home with you 
LA645,LA,645,take you in the car and carry you home 
LA646,LA,646,carry me/your girl on home 
LA646,LA,646,walk(ing) home with her/you  
LA647,LA,647,-
LA648,LA,648,give you a ride or a lift 
LA648,LA,648,take you in the car and carry you home 
LA649,LA,649,drive you (home) 
LA649,LA,649,give you a ride or a lift 
LA649,LA,649,take you in the car and carry you home 
LA650,LA,650,-
LA651,LA,651,-
LA652,LA,652,take you in the car and carry you home 
LA653,LA,653,-
LA654,LA,654,bring me/you (home/where you want to go) 
LA655,LA,655,-
LA656,LA,656,-
LA657,LA,657,take you in the car and carry you home 
LA657X,LA,657X,see her/you (back) home 
LA657Y,LA,657Y,take you in the car and carry you home 
LA657Z,LA,657Z,see her/you (back) home 
LA658,LA,658,take you in the car and carry you home 
LA659,LA,659,take you in the car and carry you home 
LA659,LA,659,walk her/them/you (back) (home) 
LA660,LA,660,carry her along 
LA661,LA,661,give me/you a lift or a ride 
LA661,LA,661,take you in the car and carry you home 
LA662,LA,662,drive you (home) 
LA662,LA,662,give you/them a lift (home) 
LA662,LA,662,take you in the car and carry you home 
LA663,LA,663,-
LA664,LA,664,-
LA665,LA,665,carry her along 
LA666,LA,666,escort(ing) her/you (home) 
LA667,LA,667,accompany her/you (back) home 
LA667,LA,667,see her/you (back) home 
LA668,LA,668,escort(ing) her/you (home) 
LA668,LA,668,see her/you (back) home 
LA668,LA,668,take you in the car and carry you home 
LA669,LA,669,"ride, a "
LA669,LA,669,walk her/them/you (back) (home) 
LA670,LA,670,-
LA671,LA,671,take you in the car and carry you home 
LA672,LA,672,walk her/them/you (back) (home) 
LA673,LA,673,take you in the car and carry you home 
LA673,LA,673,walk her/them/you (back) (home) 
AR674,AR,674,carry her along 
AR674,AR,674,escort(ing) her/you (home) 
AR674,AR,674,see her/you (back) home 
AR675,AR,675,take you in the car and carry you home 
AR676,AR,676,-
AR677,AR,677,take you in the car and carry you home 
AR678,AR,678,-
AR679,AR,679,take you in the car and carry you home 
AR680,AR,680,-
AR681,AR,681,-
AR682,AR,682,escort(ing) her/you (home) 
AR683,AR,683,how about walking you home? 
AR684,AR,684,-
AR685,AR,685,take you in the car and carry you home 
AR686,AR,686,see her/you (back) home 
AR687,AR,687,give me/you a lift or a ride 
AR687,AR,687,take you in the car and carry you home 
AR688,AR,688,carry her along 
AR689,AR,689,escort(ing) her/you (home) 
AR689,AR,689,take you in the car and carry you home 
AR690,AR,690,take you in the car and carry you home 
AR691,AR,691,carry me/your girl on home 
AR691,AR,691,escort(ing) her/you (home) 
AR692,AR,692,-
AR693,AR,693,drive you (home) 
AR694,AR,694,carry me/your girl on home 
AR695,AR,695,take you in the car and carry you home 
AR696,AR,696,carry her along 
AR696,AR,696,carry her to [D-0] picture show 
AR696,AR,696,see her/you (back) home 
AR696,AR,696,take you in the car and carry you home 
AR697,AR,697,carry me/your girl on home 
AR698,AR,698,-
AR699,AR,699,-
AR700,AR,700,-
AR701,AR,701,give me/you a lift or a ride 
AR701,AR,701,take you in the car and carry you home 
AR701,AR,701,walk her/them/you (back) (home) 
AR702,AR,702,-
AR703,AR,703,see her/you (back) home 
AR703,AR,703,take you in the car and carry you home 
AR704,AR,704,"take/took her, etc. (back) (home) "
AR705,AR,705,drive you (home) 
AR705,AR,705,give you a ride or a lift 
AR705,AR,705,take you in the car and carry you home 
AR706,AR,706,-
AR707,AR,707,give you a ride or a lift 
AR707,AR,707,take you in the car and carry you home 
AR708,AR,708,carry me/your girl on home 
AR709,AR,709,take you in the car and carry you home 
AR710,AR,710,-
AR711,AR,711,carry me/your girl on home 
AR711,AR,711,take you in the car and carry you home 
AR712,AR,712,take you in the car and carry you home 
AR713,AR,713,drive you (home) 
AR713,AR,713,walk her/them/you (back) (home) 
AR714,AR,714,take you in the car and carry you home 
AR714,AR,714,walk her/them/you (back) (home) 
AR715,AR,715,go (along) with you
AR715,AR,715,take you in the car and carry you home 
AR716,AR,716,see her/you (back) home 
AR717,AR,717,accept your company 
AR718,AR,718,give you a ride or a lift 
AR718,AR,718,take you in the car and carry you home 
AR719,AR,719,walk her/them/you (back) (home) 
AR720,AR,720,carry her to [D-0] picture show 
AR720,AR,720,see her/you (back) home 
AR721,AR,721,take you in the car and carry you home 
AR722,AR,722,take you in the car and carry you home 
AR723,AR,723,take you in the car and carry you home 
AR724,AR,724,-
AR725,AR,725,escort(ing) her/you (home) 
AR725,AR,725,take you in the car and carry you home 
AR726,AR,726,take you in the car and carry you home 
AR727,AR,727,see her/you (back) home 
AR727,AR,727,take you in the car and carry you home 
AR728,AR,728,escort(ing) her/you (home) 
AR729,AR,729,take you in the car and carry you home 
AR730,AR,730,take you in the car and carry you home 
AR731,AR,731,carry her along 
AR731,AR,731,take you in the car and carry you home 
AR731,AR,731,walk her/them/you (back) (home) 
AR732,AR,732,pick her/him/you up 
AR732,AR,732,take you in the car and carry you home 
AR733,AR,733,-
AR734,AR,734,escort(ing) her/you (home) 
AR735,AR,735,bring me/you (home/where you want to go) 
AR735,AR,735,carry me/your girl on home 
AR735,AR,735,take you in the car and carry you home 
AR735,AR,735,walk her/them/you (back) (home) 
AR736,AR,736,carry me/your girl on home 
AR736,AR,736,take you in the car and carry you home 
AR737,AR,737,accompany her/you (back) home 
AR737,AR,737,walk her/them/you (back) (home) 
AR737,AR,737,would you accept my company home? 
AR738,AR,738,take you in the car and carry you home 
AR739,AR,739,-
AR740,AR,740,take you in the car and carry you home 
AR741,AR,741,take you in the car and carry you home 
AR742,AR,742,see her/you (back) home 
AR742,AR,742,take you in the car and carry you home 
AR742,AR,742,walk(ing) home with her/you  
AR743,AR,743,carry her along 
AR744,AR,744,walk her to church 
AR745,AR,745,carry her along 
AR746,AR,746,carry me/your girl on home 
AR746,AR,746,if I wanted a ride home 
AR747,AR,747,0
AR748,AR,748,accompany her/you (back) home 
AR748,AR,748,carry me/your girl on home 
AR748,AR,748,go home with you 
AR748,AR,748,take you for a ride 
AR749,AR,749,take you in the car and carry you home 
AR750,AR,750,-
AR751,AR,751,give me/you a lift or a ride 
AR751,AR,751,see her/you (back) home 
AR751,AR,751,take you in the car and carry you home 
AR752,AR,752,escort(ing) her/you (home) 
AR753,AR,753,show you home 
AR753,AR,753,take you in the car and carry you home 
AR753,AR,753,walk her/them/you (back) (home) 
AR754,AR,754,carry her along 
AR755,AR,755,-
LA756,LA,756,carry me/your girl on home 
LA756,LA,756,take you in the car and carry you home 
LA757,LA,757,carry me/your girl on home 
LA758,LA,758,0
LA759,LA,759,-
LA760,LA,760,carry her along 
LA761,LA,761,carry me/your girl on home 
LA762,LA,762,-
LA763,LA,763,-
LA764,LA,764,carry me/your girl on home 
LA764,LA,764,give you/them a lift (home) 
LA764,LA,764,pick her/him/you up 
LA765,LA,765,give you a ride or a lift 
LA765,LA,765,take you in the car and carry you home 
LA766,LA,766,(do you) want a ride? 
LA767,LA,767,carry her to [D-0] picture show 
LA767,LA,767,give me/you a lift or a ride 
LA767,LA,767,give you a ride or a lift 
LA767,LA,767,take you in the car and carry you home 
LA768,LA,768,-
LA769,LA,769,bring me/you (home/where you want to go) 
LA769,LA,769,carry me/your girl on home 
LA769,LA,769,give me/you a lift or a ride 
LA769,LA,769,give you a ride or a lift 
LA769,LA,769,take you in the car and carry you home 
LA770,LA,770,give you a ride or a lift 
LA770,LA,770,take you in the car and carry you home 
LA771,LA,771,carry her along 
LA771,LA,771,see you (safe) to the house 
LA771,LA,771,take a walk with you 
LA772,LA,772,-
LA773,LA,773,carry her along 
LA773,LA,773,escort(ing) her/you (home) 
LA773,LA,773,see her/you (back) home 
LA774,LA,774,-
LA775,LA,775,-
LA776,LA,776,carry her along 
LA776,LA,776,carry me/your girl on home 
LA776,LA,776,give me/you a lift or a ride 
LA776,LA,776,take you in the car and carry you home 
LA777,LA,777,take you in the car and carry you home 
LA777,LA,777,walk her/them/you (back) (home) 
LA778,LA,778,carry me/your girl on home 
LA778,LA,778,pick her/him/you up 
LA778,LA,778,take you in the car and carry you home 
LA779,LA,779,escort(ing) her/you (home) 
LA779,LA,779,take you in the car and carry you home 
LA780,LA,780,escort(ing) her/you (home) 
LA780,LA,780,take you in the car and carry you home 
LA781,LA,781,-
LA782,LA,782,carry me/your girl on home 
LA782,LA,782,walk(ing) home with her/you  
LA783,LA,783,carry her to [D-0] picture show 
LA783,LA,783,carry me/your girl on home 
LA784,LA,784,(do you) want a ride? 
LA785,LA,785,carry her along 
LA785,LA,785,carry me/your girl on home 
LA785,LA,785,give me/you a lift or a ride 
LA786,LA,786,take you in the car and carry you home 
LA787,LA,787,give me/you a lift or a ride 
LA787,LA,787,give you a ride or a lift 
LA787,LA,787,take you in the car and carry you home 
LA788,LA,788,-
LA789,LA,789,take you in the car and carry you home 
LA790,LA,790,escort(ing) her/you (home) 
LA790,LA,790,see her/you (back) home 
LA791,LA,791,carry me/your girl on home 
LA791,LA,791,drive you (home) 
LA791,LA,791,escort(ing) her/you (home) 
LA791,LA,791,walk(ing) home with her/you  
LA792,LA,792,escort(ing) her/you (home) 
LA792,LA,792,see her/you (back) home 
LA793,LA,793,-
LA794,LA,794,be glad to carry you 
LA794,LA,794,carry her to [D-0] picture show 
LA795,LA,795,carry her along 
LA796,LA,796,carry me/your girl on home 
LA796,LA,796,give you a ride or a lift 
LA797,LA,797,carry me/your girl on home 
LA797,LA,797,give me/you a lift or a ride 
LA797,LA,797,pick her/him/you up 
LA798,LA,798,bring me/you (home/where you want to go) 
LA798,LA,798,offer you a lift 
LA798,LA,798,take you in the car and carry you home 
LA799,LA,799,-
LA800,LA,800,carry her along 
LA801,LA,801,be glad to carry you 
LA801,LA,801,"carry(ing)/(ed) (her, etc.) (back) (home) "
LA802,LA,802,see her/you (back) home 
LA802,LA,802,take you in the car and carry you home 
LA803,LA,803,-
LA804,LA,804,-
LA805,LA,805,ride you (home) 
LA805,LA,805,take you in the car and carry you home 
LA806,LA,806,bring me/you (home/where you want to go) 
LA806,LA,806,give you a ride or a lift 
LA806,LA,806,"ride, a "
LA807,LA,807,take you in the car and carry you home 
LA808,LA,808,take you in the car and carry you home 
LA809,LA,809,take you in the car and carry you home 
LA810,LA,810,carry her to [D-0] picture show 
LA810,LA,810,walk her/them/you (back) (home) 
LA811,LA,811,walk her/them/you (back) (home) 
LA812,LA,812,carry her to [D-0] picture show 
LA813,LA,813,see her/you (back) home 
LA813,LA,813,take you in the car and carry you home 
LA813,LA,813,walk her/them/you (back) (home) 
LA814,LA,814,carry me/your girl on home 
LA814,LA,814,take you in the car and carry you home 
LA815,LA,815,-
LA816,LA,816,give me/you a lift or a ride 
LA816,LA,816,give you a ride or a lift 
LA816,LA,816,pick her/him/you up 
LA816,LA,816,take you in the car and carry you home 
LA817,LA,817,take you in the car and carry you home 
TX818,TX,818,-
TX819,TX,819,"carry(ing)/(ed) (her, etc.) (back) (home) "
TX819,TX,819,carry me/your girl on home 
TX819,TX,819,drive you (home) 
TX820,TX,820,carry me/your girl on home 
TX820,TX,820,give me/you a lift or a ride 
TX821,TX,821,take you in the car and carry you home 
TX821,TX,821,walk her/them/you (back) (home) 
TX822,TX,822,take you in the car and carry you home 
TX823,TX,823,carry me/your girl on home 
TX824,TX,824,give you a ride or a lift 
TX824,TX,824,take you in the car and carry you home 
TX825,TX,825,carry me/your girl on home 
TX826,TX,826,carry me/your girl on home 
TX826,TX,826,give you a ride or a lift 
TX826,TX,826,take you in the car and carry you home 
TX827,TX,827,take you in the car and carry you home 
TX828,TX,828,carry me/your girl on home 
TX828,TX,828,(do you) want a ride? 
TX829,TX,829,carry me/your girl on home 
TX829,TX,829,give you a ride or a lift 
TX829,TX,829,take you in the car and carry you home 
TX830,TX,830,take you in the car and carry you home 
TX831,TX,831,take you in the car and carry you home 
TX832,TX,832,carry me/your girl on home 
TX833,TX,833,carry her along 
TX833,TX,833,give me/you a lift or a ride 
TX833,TX,833,take you in the car and carry you home 
TX833,TX,833,walk you over there 
TX834,TX,834,walk her/them/you (back) (home) 
TX835,TX,835,carry me/your girl on home 
TX836,TX,836,carry me/your girl on home 
TX836,TX,836,go home with you 
TX836,TX,836,ride you a piece 
TX837,TX,837,-
TX838,TX,838,-
TX839,TX,839,pick her/him/you up 
TX839,TX,839,take you in the car and carry you home 
TX840,TX,840,take you in the car and carry you home 
TX841,TX,841,-
TX842,TX,842,give you a ride or a lift 
TX842,TX,842,walk her/them/you (back) (home) 
TX843,TX,843,drive you (home) 
TX843,TX,843,drop you off 
TX843,TX,843,give you a ride or a lift 
TX843,TX,843,walk with me/them/you (home) 
TX844,TX,844,give you a ride or a lift 
TX844,TX,844,see her/you (back) home 
TX844,TX,844,walk her/them/you (back) (home) 
TX845,TX,845,-
TX846,TX,846,give me/you a lift or a ride 
TX847,TX,847,-
TX848,TX,848,"ride, a "
TX848,TX,848,walk her/them/you (back) (home) 
TX849,TX,849,take you in the car and carry you home 
TX850,TX,850,"carry(ing)/(ed) (her, etc.) (back) (home) "
TX851,TX,851,-
TX852,TX,852,-
TX853,TX,853,give you a ride or a lift 
TX854,TX,854,give you a ride or a lift 
TX855,TX,855,-
TX856,TX,856,carry her along 
TX857,TX,857,carry me/your girl on home 
TX857,TX,857,walk(ing) home with her/you  
TX858,TX,858,-
TX859,TX,859,take you in the car and carry you home 
TX859,TX,859,walk her/them/you (back) (home) 
TX860,TX,860,give me/you a lift or a ride 
TX860,TX,860,take you in the car and carry you home 
TX861,TX,861,give me/you a lift or a ride 
TX861,TX,861,take you in the car and carry you home 
TX862,TX,862,take you in the car and carry you home 
TX863,TX,863,drive you (home) 
TX863,TX,863,give me/you a lift or a ride 
TX863,TX,863,give you a ride or a lift 
TX864,TX,864,-
TX865,TX,865,take you in the car and carry you home 
TX866,TX,866,take you in the car and carry you home 
TX867,TX,867,take you in the car and carry you home 
TX868,TX,868,carry her along 
TX869,TX,869,take you in the car and carry you home 
TX870,TX,870,give me/you a lift or a ride 
TX870,TX,870,take you in the car and carry you home 
TX871,TX,871,-
TX872,TX,872,-
TX873,TX,873,take you in the car and carry you home 
TX874,TX,874,carry her along 
TX874,TX,874,take you in the car and carry you home 
TX875,TX,875,take you in the car and carry you home 
TX876,TX,876,haul(s) her/me/you 
TX876,TX,876,take you in the car and carry you home 
TX877,TX,877,carry me/your girl on home 
TX877,TX,877,take you in the car and carry you home 
TX878,TX,878,accompany her/you (back) home 
TX878,TX,878,take you in the car and carry you home 
TX879,TX,879,-
TX880,TX,880,-
TX881,TX,881,-
TX882,TX,882,carry her along 
TX883,TX,883,give you a ride or a lift 
TX884,TX,884,-
TX885,TX,885,take you in the car and carry you home 
TX886,TX,886,give you a ride or a lift 
TX886,TX,886,walk with me/them/you (home) 
TX887,TX,887,give you a ride or a lift 
TX887,TX,887,go home with you 
TX887,TX,887,ride you a piece 
TX887,TX,887,take you in the car and carry you home 
TX888,TX,888,give you a ride or a lift 
TX889,TX,889,give me/you a lift or a ride 
TX889,TX,889,walk with me/them/you (home) 
TX890,TX,890,drive you (home) 
TX890,TX,890,give you a ride or a lift 
TX890,TX,890,walk her/them/you (back) (home) 
TX891,TX,891,take you in the car and carry you home 
TX891,TX,891,walk her/them/you (back) (home) 
TX892,TX,892,-
TX893,TX,893,give me/you a lift or a ride 
TX893,TX,893,take you in the car and carry you home 
TX894,TX,894,take you in the car and carry you home 
TX895,TX,895,give me/you a lift or a ride 
TX895,TX,895,take you in the car and carry you home 
TX896,TX,896,-
TX897,TX,897,-
TX898,TX,898,-
TX899,TX,899,-
TX900,TX,900,carry me/your girl on home 
TX900,TX,900,drive you (home) 
TX900,TX,900,give you a ride or a lift 
TX901,TX,901,give me/you a lift or a ride 
TX901,TX,901,take you in the car and carry you home 
TX902,TX,902,walk her/them/you (back) (home) 
TX903,TX,903,carry her along 
TX903,TX,903,carry her to [D-0] picture show 
TX904,TX,904,give me/you a lift or a ride 
TX904,TX,904,give you a ride or a lift 
TX904,TX,904,take you in the car and carry you home 
TX905,TX,905,carry me/your girl on home 
TX905,TX,905,take you in the car and carry you home 
TX906,TX,906,accompany her/you (back) home 
TX906,TX,906,carry me/your girl on home 
TX907,TX,907,-
TX908,TX,908,drive you (home) 
TX908,TX,908,give you a ride or a lift 
TX908,TX,908,walk her/them/you (back) (home) 
TX909,TX,909,-
TX910,TX,910,give me/you a lift or a ride 
TX910,TX,910,give you a ride or a lift 
TX910,TX,910,take you in the car and carry you home 
TX911,TX,911,give me/you a lift or a ride 
TX911,TX,911,take you in the car and carry you home 
