Informant,State,Informant number,Response
TN001,TN,001,!waik
TN002,TN,002,!waik
TN002,TN,002,&waiks
TN002,TN,002,*woek
TN002,TN,002,*Awoek=41
TN003,TN,003,!waik
TN003,TN,003,*waikt
TN004,TN,004,!waik
TN004,TN,004,*woek
TN005,TN,005,*woek
TN006,TN,006,!waik
TN007,TN,007,*woek
TN008,TN,008,!waik
TN008,TN,008,!Awaik=41
TN009,TN,009,*woek
TN010,TN,010,!waik
TN010,TN,010,*woek
TN011,TN,011,!waik
TN011,TN,011,&waiks
TN011,TN,011,*woek
TN012,TN,012,&waiks
TN013,TN,013,!waik
TN014,TN,014,*Awoek=41
TN015,TN,015,*woek
TN015,TN,015,*Awoek=41
TN016,TN,016,!waik
TN016,TN,016,*woek
TN017,TN,017,-
TN018,TN,018,-
TN019,TN,019,!waik
TN019,TN,019,*waikt
TN020,TN,020,*Awoek=41
TN021,TN,021,-
TN022,TN,022,!waik
TN023,TN,023,!waik
TN023,TN,023,*waikt
TN024,TN,024,*Awoek=41
TN025,TN,025,-
TN026,TN,026,-
TN027,TN,027,!waik
TN028,TN,028,!waik
TN028,TN,028,*woek
TN029,TN,029,!waik
TN029,TN,029,#AwaikNd=414
TN030,TN,030,*woek
TN031,TN,031,-
TN032,TN,032,*woek
TN033,TN,033,!waik
TN033,TN,033,*woek
TN034,TN,034,*woek
TN035,TN,035,*woek
TN036,TN,036,!waik
TN037,TN,037,*woek
TN038,TN,038,!waik
TN038,TN,038,*woek
TN039,TN,039,*woek
TN040,TN,040,!waik
TN040,TN,040,&waiks
TN040,TN,040,*woek
TN041,TN,041,!waik
TN042,TN,042,*woek
TN043,TN,043,*waikt
TN043,TN,043,*Awoek=41
TN044,TN,044,-
TN045,TN,045,*woek
TN045,TN,045,*Awoek=41
TN046,TN,046,!waik
TN046,TN,046,*woek
TN047,TN,047,*waikd
TN048,TN,048,!waik
TN049,TN,049,!waik
TN049,TN,049,*woek
TN050,TN,050,*woek
TN051,TN,051,!waik
TN051,TN,051,*woek
TN052,TN,052,*Awoek=41
TN053,TN,053,!waik
TN053,TN,053,*woek
TN054,TN,054,!waik
TN055,TN,055,!waik
TN055,TN,055,*woek
TN056,TN,056,*woek
TN057,TN,057,!waik
TN057,TN,057,*woek
TN058,TN,058,!waik
TN058,TN,058,*woek
TN059,TN,059,!waik
TN060,TN,060,!waikN=14
GA061,GA,061,*woek
GA062,GA,062,!waik
GA062,GA,062,*woek
GA063,GA,063,-
GA064,GA,064,*woek
GA065,GA,065,-
GA066,GA,066,!waik
GA066,GA,066,*woek
GA066,GA,066,*waikt
GA067,GA,067,*woek
GA068,GA,068,-
GA069,GA,069,!waik
GA069,GA,069,*woek
GA070,GA,070,*Awoek=41
GA071,GA,071,!waik
GA071,GA,071,*woek
GA072,GA,072,!waik
GA072,GA,072,*woek
GA073,GA,073,!waik
GA073,GA,073,*woek
GA074,GA,074,!waik
GA074,GA,074,*woek
GA075,GA,075,!waik
GA075,GA,075,*woek
GA076,GA,076,!wek
GA076,GA,076,*waikt
GA077,GA,077,!waik
GA077,GA,077,!wek
GA077,GA,077,*woek
GA078,GA,078,*woek
GA079,GA,079,*waikt
GA080,GA,080,-
GA081,GA,081,*Awoek=41
GA082,GA,082,-
GA083,GA,083,-
GA084,GA,084,*woek
GA085,GA,085,!waik
GA085,GA,085,*waikt
GA086,GA,086,!waik
GA086,GA,086,*woek
GA086,GA,086,*Awoek=41
GA087,GA,087,!waik
GA087,GA,087,*waikt
GA088,GA,088,!waik
GA088,GA,088,*woek
GA088,GA,088,*Awoek=41
GA089,GA,089,-
GA090,GA,090,-
GA091,GA,091,*Awoek=41
GA092,GA,092,-
GA093,GA,093,*woek
GA094,GA,094,!waik
GA094,GA,094,*woek
GA095,GA,095,!wek
GA095,GA,095,*woek
GA096,GA,096,!waik
GA096,GA,096,*woek
GA097,GA,097,*waikt
GA098,GA,098,!wek
GA098,GA,098,*woek
GA099,GA,099,!waik
GA100,GA,100,!waik
GA100,GA,100,*woek
GA101,GA,101,!waik
GA101,GA,101,*woek
GA102,GA,102,!waik
GA102,GA,102,*woek
GA103,GA,103,!waik
GA103,GA,103,!AwaikN=414
GA103,GA,103,*AwaikNd=414
GA104,GA,104,!waik
GA104,GA,104,*woek
GA105,GA,105,!waik
GA105,GA,105,*woek
GA106,GA,106,!waik
GA106,GA,106,*woek
GA107,GA,107,*waikt
GA108,GA,108,*woek
GA109,GA,109,*woek
GA110,GA,110,!waik
GA110,GA,110,*waikt
GA110,GA,110,*awwaikt=13
GA111,GA,111,!waik
GA111,GA,111,*woek
GA112,GA,112,!waik
GA112,GA,112,*waikt
GA113,GA,113,*woek
GA114,GA,114,-
GA115,GA,115,-
GA116,GA,116,#woek
GA117,GA,117,*Awaikt=41
GA118,GA,118,!waik
GA118,GA,118,*woek
GA119,GA,119,!waik
GA119,GA,119,*woek
GA120,GA,120,!waik
GA120,GA,120,*woek
GA121,GA,121,*woek
GA122,GA,122,!waik
GA122,GA,122,!AwaikN=414
GA122,GA,122,*woek
GA123,GA,123,!waik
GA124,GA,124,*Awoek=41
GA125,GA,125,!waik
GA125,GA,125,*woek
GA126,GA,126,-
GA127,GA,127,-
GA128,GA,128,-
GA129,GA,129,-
GA130,GA,130,-
GA131,GA,131,!waik
GA132,GA,132,-
GA133,GA,133,*woek
GA133,GA,133,*AwaikNd=414
GA134,GA,134,!waik
GA135,GA,135,!waik
GA135,GA,135,*woek
GA135,GA,135,*Awoek=41
GA136,GA,136,!waik
GA136,GA,136,*woek
GA137,GA,137,&waiks
GA137,GA,137,*waikt
GA138,GA,138,*woek
GA139,GA,139,!Awaik=41
GA139,GA,139,*AwaikNd=414
GA140,GA,140,!waik
GA141,GA,141,!waik
GA141,GA,141,*woek
GA142,GA,142,!waik
GA143,GA,143,!waik
GA143,GA,143,!Awaik=41
GA143,GA,143,*woek
GA143,GA,143,*waikt
GA143,GA,143,*Awoek=41
GA144,GA,144,!waik
GA144,GA,144,!AwaikN=414
GA144,GA,144,*woek
GA145,GA,145,!waik
GA145,GA,145,*woek
GA146,GA,146,!waik
GA146,GA,146,*woek
GA146,GA,146,*waikN=14
GA147,GA,147,-
GA148,GA,148,!waik
GA148,GA,148,*woek
GA149,GA,149,!waik
GA150,GA,150,!waik
GA150,GA,150,*woek
GA151,GA,151,!waik
GA152,GA,152,!waik
GA152,GA,152,*woek
GA153,GA,153,-
GA154,GA,154,!waik
GA154,GA,154,!Awaik=41
GA154,GA,154,*woek
GA155,GA,155,!waikN=14
GA155,GA,155,!Awaik=41
GA155,GA,155,*Awaikt=41
GA156,GA,156,-
GA157,GA,157,-
GA158,GA,158,-
GA159,GA,159,!waik
GA159,GA,159,*woek
GA160,GA,160,-
GA161,GA,161,*Awawk=41
GA162,GA,162,!waik
GA162,GA,162,!vaik
GA162,GA,162,*vaik
GA163,GA,163,!waikN=14
GA163,GA,163,*Awoek=41
GA164,GA,164,!waik
GA164,GA,164,*woek
GA165,GA,165,!waik
GA165,GA,165,*woek
GA166,GA,166,!waik
GA166,GA,166,*woek
GA167,GA,167,!waik
GA167,GA,167,!Awaik=41
GA168,GA,168,-
GA169,GA,169,-
GA170,GA,170,!waik
GA170,GA,170,*waikt
GA171,GA,171,*woek
GA172,GA,172,!waik
GA172,GA,172,!Awaik=41
GA172,GA,172,*wuk
GA173,GA,173,-
GA174,GA,174,-
GA175,GA,175,-
GA176,GA,176,!waik
GA177,GA,177,-
GA178,GA,178,-
GA179,GA,179,!wek
GA179,GA,179,*waik
GA180,GA,180,!waik
GA180,GA,180,*woek
GA181,GA,181,-
GA182,GA,182,-
GA183,GA,183,!waik
GA183,GA,183,*woek
GA184,GA,184,!waik
GA185,GA,185,!waik
GA186,GA,186,!waik
GA186,GA,186,*woek
GA187,GA,187,-
GA188,GA,188,!waik
GA188,GA,188,*woek
GA189,GA,189,!waik
GA189,GA,189,&weks
GA189,GA,189,*woek
GA189,GA,189,*Awaik
GA190,GA,190,-
GA191,GA,191,!wek
GA191,GA,191,!Awek=41
GA191,GA,191,*woek
GA192,GA,192,!waik
GA192,GA,192,*woek
GA193,GA,193,-
GA194,GA,194,!waik
GA195,GA,195,-
GA196,GA,196,-
GA197,GA,197,-
GA198,GA,198,-
GA199,GA,199,!wek
GA199,GA,199,*woek
GA200,GA,200,!waik
GA200,GA,200,*waik
GA201,GA,201,*woek
GA202,GA,202,!waik
GA203,GA,203,*waikt
GA204,GA,204,-
GA205,GA,205,-
GA206,GA,206,!waik
GA206,GA,206,*woek
GA207,GA,207,!waik
GA207,GA,207,*woek
GA208,GA,208,!waik
GA208,GA,208,*woek
GA209,GA,209,!waik
GA210,GA,210,!waik
GA210,GA,210,*woekN=14
GA211,GA,211,!waik
GA211,GA,211,*woek
GA212,GA,212,-
GA213,GA,213,*woek
GA214,GA,214,*woek
GA215,GA,215,!waik
GA216,GA,216,!waik
GA216,GA,216,*Awoek=41
GA217,GA,217,*woek
GA217,GA,217,*Awoek=41
GA217,GA,217,*AwaikNd=414
GA217,GA,217,#AwaikNd=414
GA218,GA,218,!waik
GA219,GA,219,!waik
GA219,GA,219,*woek
GA220,GA,220,!wek
GA220,GA,220,*woek
GA221,GA,221,*waikt
GA222,GA,222,-
GA223,GA,223,!waik
GA223,GA,223,*woek
GA224,GA,224,!waik
GA224,GA,224,!waig
GA225,GA,225,-
FL226,FL,226,!waik
FL226,FL,226,*woek
FL227,FL,227,!waik
FL227,FL,227,*Awuk=41
FL228,FL,228,*waikt
FL229,FL,229,!Awek=41
FL229,FL,229,*woek
FL230,FL,230,!waik
FL230,FL,230,*woek
FL231,FL,231,*woek
FL232,FL,232,!waik
FL232,FL,232,*woek
FL233,FL,233,*woek
FL234,FL,234,-
FL235,FL,235,*woek
FL236,FL,236,*woek
FL237,FL,237,*woek
FL238,FL,238,*woek
FL238,FL,238,*Awoek=41
FL239,FL,239,!waik
FL239,FL,239,*woek
FL240,FL,240,!waik
FL240,FL,240,*woek
FL241,FL,241,!waik
FL242,FL,242,!waik
FL242,FL,242,*Awoek=41
FL243,FL,243,*waikd
FL243,FL,243,*Awoek=41
FL244,FL,244,!waik
FL245,FL,245,!waik
FL245,FL,245,!Awaik=41
FL245,FL,245,!AwaikN=414
FL245,FL,245,*woek
FL246,FL,246,*woek
FL247,FL,247,!waik
FL247,FL,247,!AwaikN=414
FL247,FL,247,*woek
FL248,FL,248,*woek
FL249,FL,249,!wek
FL249,FL,249,*woek
FL249,FL,249,*Awoek=41
FL250,FL,250,!waik
FL250,FL,250,*woek
FL251,FL,251,-
FL252,FL,252,-
FL253,FL,253,*woek
FL253,FL,253,*Awoek=41
FL254,FL,254,!waik
FL254,FL,254,*woek
FL255,FL,255,!waik
FL255,FL,255,*waikt
FL256,FL,256,!waik
FL257,FL,257,*woek
FL258,FL,258,*woek
FL259,FL,259,*woek
FL260,FL,260,-
FL261,FL,261,!waik
FL261,FL,261,*woek
FL262,FL,262,!waik
FL263,FL,263,*woek
FL264,FL,264,*woek
FL265,FL,265,!waik
FL265,FL,265,*woek
FL266,FL,266,*woek
FL267,FL,267,!waik
FL268,FL,268,-
FL269,FL,269,!wek
FL270,FL,270,!waik
FL270,FL,270,*woek
FL271,FL,271,*woek
FL272,FL,272,!waik
FL272,FL,272,*woek
FL273,FL,273,!waik
FL273,FL,273,*woek
FL274,FL,274,!waik
FL274,FL,274,*woek
FL275,FL,275,@waikN=14
FL275,FL,275,*woek
FL276,FL,276,!waik
FL276,FL,276,*woek
FL277,FL,277,!waik
FL277,FL,277,*woek
FL278,FL,278,!waik
FL278,FL,278,*woek
FL279,FL,279,!waik
FL279,FL,279,*Awoek=41
FL280,FL,280,*woek
FL281,FL,281,!waik
FL281,FL,281,*waikt
FL282,FL,282,-
FL283,FL,283,!waik
FL283,FL,283,*woek
FL284,FL,284,!waik
FL284,FL,284,*woek
FL285,FL,285,-
FL286,FL,286,!waik
FL286,FL,286,*woek
FL287,FL,287,-
FL288,FL,288,!waik
FL288,FL,288,*woek
FL289,FL,289,!waik
FL289,FL,289,*woek
FL289,FL,289,*AwaikNd=414
TN290,TN,290,!waik
TN290,TN,290,*woek
TN291,TN,291,!Awaik=41
TN291,TN,291,*waikt
TN292,TN,292,!waik
TN292,TN,292,*woek
TN293,TN,293,!waik
TN293,TN,293,*woek
TN294,TN,294,!waik
TN294,TN,294,*woek
TN295,TN,295,!waik
TN295,TN,295,*woek
TN296,TN,296,!waik
TN296,TN,296,*woek
TN297,TN,297,!waik
TN297,TN,297,*woek
TN298,TN,298,-
TN299,TN,299,*woek
TN300,TN,300,*woek
TN301,TN,301,!waik
TN301,TN,301,*woek
TN302,TN,302,!waik
TN302,TN,302,*woek
TN303,TN,303,!waik
TN303,TN,303,*waikt
TN304,TN,304,*woek
TN305,TN,305,!waik
TN306,TN,306,*woek
TN307,TN,307,*woek
TN308,TN,308,-
TN309,TN,309,*AwekNd=414
TN310,TN,310,-
TN311,TN,311,*AwaikNd=414
TN312,TN,312,*woek
TN313,TN,313,*Awoek=41
TN314,TN,314,!waik
TN314,TN,314,*woek
TN315,TN,315,*woek
TN316,TN,316,*waikN=14
TN317,TN,317,!waik
TN317,TN,317,*woek
TN318,TN,318,-
TN319,TN,319,-
TN320,TN,320,!waik
TN320,TN,320,*woek
TN321,TN,321,!waik
TN321,TN,321,*woek
TN321,TN,321,*aiwoek=31
TN322,TN,322,!waik
TN322,TN,322,*woek
TN323,TN,323,!waik
TN323,TN,323,*AwaikNd=414
TN324,TN,324,!waik
TN324,TN,324,*woek
TN324,TN,324,*Awoek=41
TN325,TN,325,!waik
TN325,TN,325,*Awoek=41
TN326,TN,326,!waik
TN326,TN,326,*woek
TN327,TN,327,!waik
TN327,TN,327,*woek
TN328,TN,328,*woek
TN329,TN,329,!waik
TN329,TN,329,*woek
TN330,TN,330,!waik
TN330,TN,330,*woek
TN331,TN,331,*woek
TN332,TN,332,*Awoek=41
TN333,TN,333,-
TN334,TN,334,!waik
TN334,TN,334,*waikt
TN335,TN,335,*waikt
TN336,TN,336,*woek
AL337,AL,337,*wawk
AL337,AL,337,*wawkN=14
AL338,AL,338,!waik
AL338,AL,338,*waikt
AL339,AL,339,*Awoek=41
AL340,AL,340,*woek
AL341,AL,341,*waikt
AL342,AL,342,-
AL343,AL,343,!waik
AL343,AL,343,!AwaikN=414
AL343,AL,343,*Awoek=41
AL344,AL,344,!waik
AL345,AL,345,*woek
AL346,AL,346,*Awoek=41
AL347,AL,347,!waik
AL347,AL,347,*woek
AL348,AL,348,!waik
AL348,AL,348,*woek
AL349,AL,349,!waik
AL349,AL,349,*waikt
AL350,AL,350,*woek
AL351,AL,351,*aiwoek=31
AL352,AL,352,!waik
AL352,AL,352,*woek
AL352,AL,352,*AwaikNd=414
AL353,AL,353,!waik
AL353,AL,353,*waikt
AL354,AL,354,!waik
AL354,AL,354,*woek
AL355,AL,355,*woek
AL356,AL,356,!waik
AL356,AL,356,*woek
AL357,AL,357,!waik
AL357,AL,357,*Awoek=41
AL358,AL,358,!waik
AL358,AL,358,*woek
AL359,AL,359,!waik
AL359,AL,359,*woek
AL360,AL,360,!waik
AL360,AL,360,*woek
AL361,AL,361,!waik
AL361,AL,361,*woek
AL361,AL,361,*waikt
AL362,AL,362,*woek
AL363,AL,363,!waik
AL363,AL,363,*woek
AL364,AL,364,!waik
AL364,AL,364,*Awaikt=41
AL365,AL,365,!waik
AL366,AL,366,*waikt
AL367,AL,367,!waik
AL367,AL,367,*woek
AL368,AL,368,-
AL369,AL,369,!waik
AL369,AL,369,*woek
AL370,AL,370,-
AL371,AL,371,-
AL372,AL,372,*woek
AL373,AL,373,!Awek=41
AL374,AL,374,*woek
AL375,AL,375,*woek
AL376,AL,376,*waikt
AL377,AL,377,-
AL378,AL,378,*woek
AL379,AL,379,*waikt
AL380,AL,380,*woek
AL380,AL,380,#woek
AL381,AL,381,*woek
AL382,AL,382,!waik
AL382,AL,382,*waikt
AL383,AL,383,!waik
AL383,AL,383,*woek
AL383,AL,383,*waikt
AL384,AL,384,!waik
AL384,AL,384,*woek
AL384,AL,384,*Awoek=41
AL384,AL,384,*AwaikNd=414
AL385,AL,385,*woek
AL386,AL,386,!waik
AL386,AL,386,*AwaikNd=414
AL387,AL,387,!waik
AL387,AL,387,*woek
AL388,AL,388,!waik
AL388,AL,388,*woek
AL389,AL,389,*woek
AL390,AL,390,!waik
AL390,AL,390,*woek
AL391,AL,391,!waik
AL391,AL,391,*woek
AL392,AL,392,!waik
AL393,AL,393,!wek
AL393,AL,393,*woek
AL394,AL,394,*woek
AL395,AL,395,!waik
AL395,AL,395,*woek
AL396,AL,396,-
AL397,AL,397,-
AL398,AL,398,*waikt
AL399,AL,399,!waik
AL399,AL,399,*woek
AL400,AL,400,!waik
AL400,AL,400,*woek
AL401,AL,401,-
AL402,AL,402,!waik
AL402,AL,402,*woek
AL403,AL,403,!waik
AL404,AL,404,!waik
AL404,AL,404,!wek
AL405,AL,405,!waik
AL405,AL,405,*woek
AL406,AL,406,-
AL407,AL,407,*woek
AL408,AL,408,!waik
AL408,AL,408,*woek
AL409,AL,409,!waik
AL409,AL,409,*waikt
AL409,AL,409,*Awaikt=41
AL410,AL,410,-
AL411,AL,411,!waik
AL411,AL,411,*woek
AL412,AL,412,-
AL413,AL,413,-
AL414,AL,414,!Awek=41
AL414,AL,414,*woek
AL414,AL,414,*Awoek=41
AL415,AL,415,!waik
AL415,AL,415,*woek
AL416,AL,416,!waik
AL416,AL,416,*woek
AL417,AL,417,!wek
AL417,AL,417,*woek
AL417,AL,417,*Awoek=41
AL418,AL,418,!waik
AL418,AL,418,*AwaikNd=414
AL419,AL,419,!waik
AL419,AL,419,*woek
AL420,AL,420,!waik
AL420,AL,420,*woek
AL421,AL,421,!waik
AL421,AL,421,*woek
AL422,AL,422,!waik
AL423,AL,423,!waik
AL423,AL,423,!Awaik=41
AL423,AL,423,*Awoek=41
AL424,AL,424,!waik
AL424,AL,424,*woek
AL425,AL,425,*Awoek=41
AL426,AL,426,!waik
AL426,AL,426,*woek
AL427,AL,427,!waik
AL427,AL,427,*woek
AL427,AL,427,*waikt
AL428,AL,428,!waik
AL428,AL,428,!Awaik=41
AL428,AL,428,*AwaikNd=414
AL428,AL,428,#AwaikNd=414
AL429,AL,429,-
AL430,AL,430,*waikt
AL431,AL,431,!waik
AL431,AL,431,*woek
AL432,AL,432,-
AL433,AL,433,!waik
AL433,AL,433,*woek
AL434,AL,434,!waik
AL434,AL,434,*woek
AL434,AL,434,#woek
AL435,AL,435,!waik
AL435,AL,435,*woek
AL436,AL,436,!waik
AL436,AL,436,*woek
AL437,AL,437,!waik
AL437,AL,437,*woek
AL438,AL,438,*woek
AL438,AL,438,#woek
AL439,AL,439,!waik
AL439,AL,439,!Awaik=41
AL439,AL,439,*woek
AL440,AL,440,!waik
AL440,AL,440,!Awaik=41
AL441,AL,441,!waik
AL441,AL,441,*woek
AL442,AL,442,!waik
AL442,AL,442,!wek
AL442,AL,442,*woek
AL443,AL,443,*woek
AL444,AL,444,!waik
AL444,AL,444,*woek
AL445,AL,445,!waik
AL445,AL,445,*waikt
AL446,AL,446,*woek
AL447,AL,447,*woek
AL448,AL,448,*woek
AL449,AL,449,!waik
AL449,AL,449,*Awoek=41
AL450,AL,450,-
AL451,AL,451,!waik
AL451,AL,451,*woek
FL452,FL,452,!waik
FL452,FL,452,*woek
FL453,FL,453,-
FL454,FL,454,*woek
FL455,FL,455,*woek
FL456,FL,456,*woek
FL457,FL,457,!waik
FL457,FL,457,!Awaik=41
FL457,FL,457,*waikt
FL458,FL,458,!waik
FL458,FL,458,*woek
FL459,FL,459,-
FL460,FL,460,*woek
FL461,FL,461,*woek
FL462,FL,462,!waik
FL462,FL,462,*woek
FL463,FL,463,-
FL464,FL,464,-
FL465,FL,465,-
FL466,FL,466,*waikt
FL467,FL,467,-
FL468,FL,468,*woek
FL469,FL,469,*woek
FL470,FL,470,*woek
FL471,FL,471,*waikt
AL472,AL,472,!waik
AL472,AL,472,*woek
AL472,AL,472,#woek
AL473,AL,473,-
AL474,AL,474,!waik
AL474,AL,474,*woek
AL475,AL,475,!waik
AL475,AL,475,*woek
AL476,AL,476,!waik
AL476,AL,476,*woek
AL477,AL,477,*woek
AL478,AL,478,-
AL479,AL,479,!waik
AL479,AL,479,*woek
AL480,AL,480,!waik
AL480,AL,480,*woek
AL481,AL,481,-
AL482,AL,482,!waik
AL482,AL,482,*woek
AL483,AL,483,-
AL484,AL,484,*waikt
AL485,AL,485,-
TN486,TN,486,-
TN487,TN,487,-
TN488,TN,488,!wek
TN488,TN,488,*woek
TN489,TN,489,!waik
TN489,TN,489,*woek
TN490,TN,490,!waik
TN490,TN,490,*waikt
TN491,TN,491,-
TN492,TN,492,!waik
TN492,TN,492,*waikt
TN493,TN,493,*woek
TN494,TN,494,-
TN495,TN,495,!waik
TN496,TN,496,-
TN497,TN,497,-
TN498,TN,498,!waik
TN498,TN,498,*AwaikNd=414
TN499,TN,499,!AwaikN=414
TN499,TN,499,*woek
TN500,TN,500,!waik
TN501,TN,501,!waik
TN501,TN,501,*woek
TN502,TN,502,*woek
TN503,TN,503,-
TN504,TN,504,!waik
TN504,TN,504,*woek
TN505,TN,505,!waik
TN506,TN,506,*Awaik
TN507,TN,507,-
TN508,TN,508,-
TN509,TN,509,*woek
TN510,TN,510,-
TN511,TN,511,-
TN512,TN,512,-
TN513,TN,513,*woek
TN514,TN,514,!waik
TN515,TN,515,!waik
TN516,TN,516,!waik
TN516,TN,516,*woek
TN517,TN,517,!waik
TN517,TN,517,*woek
TN518,TN,518,!waik
TN518,TN,518,*AwaikNd=414
TN519,TN,519,*AwaikNd=414
MS520,MS,520,-
MS521,MS,521,*AwaikNd=414
MS522,MS,522,!waik
MS522,MS,522,*woek
MS523,MS,523,-
MS524,MS,524,!waik
MS524,MS,524,*woek
MS525,MS,525,-
MS526,MS,526,-
MS527,MS,527,!waik
MS527,MS,527,*waikt
MS528,MS,528,*woek
MS529,MS,529,-
MS530,MS,530,!waik
MS531,MS,531,-
MS532,MS,532,!wek
MS532,MS,532,*waikt
MS533,MS,533,!waik
MS533,MS,533,*woek
MS534,MS,534,*woek
MS535,MS,535,!wek
MS535,MS,535,*woek
MS535,MS,535,*wekt
MS536,MS,536,-
MS537,MS,537,-
MS538,MS,538,-
MS539,MS,539,*woek
MS540,MS,540,-
MS541,MS,541,-
MS542,MS,542,-
MS543,MS,543,-
MS544,MS,544,-
MS545,MS,545,!waik
MS546,MS,546,*waikt
MS547,MS,547,!waik
MS547,MS,547,*wawk
MS548,MS,548,!waik
MS549,MS,549,-
MS550,MS,550,-
MS551,MS,551,-
MS552,MS,552,-
MS553,MS,553,-
MS554,MS,554,!waik
MS554,MS,554,*woek
MS555,MS,555,-
MS556,MS,556,-
MS557,MS,557,!waik
MS558,MS,558,!waik
MS558,MS,558,*woek
MS559,MS,559,-
MS560,MS,560,-
MS561,MS,561,!waik
MS562,MS,562,!waik
MS562,MS,562,*woek
MS563,MS,563,!waik
MS563,MS,563,*woek
MS564,MS,564,!waik
MS564,MS,564,!Awaik=41
MS564,MS,564,*woek
MS565,MS,565,!waik
MS565,MS,565,*woek
MS566,MS,566,!waik
MS567,MS,567,!wek
MS568,MS,568,-
MS569,MS,569,-
MS570,MS,570,!waik
MS571,MS,571,*woek
MS572,MS,572,*woek
MS573,MS,573,*woek
MS573,MS,573,#woek
MS574,MS,574,*woek
MS575,MS,575,-
MS576,MS,576,*woek
MS577,MS,577,*woek
MS578,MS,578,*woek
MS579,MS,579,*woek
MS580,MS,580,-
MS581,MS,581,-
MS582,MS,582,!waik
MS583,MS,583,*woek
MS584,MS,584,!waik
MS584,MS,584,*waikt
MS585,MS,585,*woekN=14
MS586,MS,586,-
MS587,MS,587,!waik
MS587,MS,587,*woek
MS588,MS,588,!waik
MS588,MS,588,*woek
MS589,MS,589,!waik
MS589,MS,589,*Awoek=41
MS590,MS,590,-
MS591,MS,591,!waik
MS591,MS,591,*woek
MS592,MS,592,*waikt
MS593,MS,593,!waik
MS593,MS,593,*woek
MS594,MS,594,*woek
MS595,MS,595,*woek
MS596,MS,596,!waik
MS597,MS,597,!waik
MS597,MS,597,!Awaik=41
MS598,MS,598,*Awoek=41
MS599,MS,599,!waik
MS599,MS,599,*woek
MS600,MS,600,!weg
MS600,MS,600,*wuek
MS601,MS,601,*waikt
MS602,MS,602,!waik
MS602,MS,602,*woek
MS603,MS,603,-
MS604,MS,604,-
MS605,MS,605,*woek
MS606,MS,606,!wek
MS606,MS,606,*wuk
MS607,MS,607,!waik
MS607,MS,607,*woek
MS608,MS,608,!waik
MS608,MS,608,*woek
MS609,MS,609,!waik
MS609,MS,609,*waikt
MS610,MS,610,!waik
MS610,MS,610,*woek
MS611,MS,611,-
MS612,MS,612,!waik
MS612,MS,612,*waikt
MS613,MS,613,*woek
MS614,MS,614,-
MS615,MS,615,*woek
MS616,MS,616,!waik
MS617,MS,617,!waik
MS617,MS,617,*woek
MS618,MS,618,-
MS619,MS,619,-
MS620,MS,620,*woek
MS621,MS,621,!waik
MS621,MS,621,*woek
MS622,MS,622,!waik
MS622,MS,622,*woek
MS623,MS,623,!wek
MS623,MS,623,*woek
MS623,MS,623,*Awoek=41
MS624,MS,624,!waik
MS624,MS,624,!Awaik=41
MS624,MS,624,*AwaikNd=414
MS625,MS,625,!waik
MS625,MS,625,*woek
MS625,MS,625,*waikt
MS626,MS,626,-
MS627,MS,627,*waikt
MS628,MS,628,*waikt
MS629,MS,629,*woek
LA630,LA,630,!waik
LA630,LA,630,*woek
LA631,LA,631,*woek
LA632,LA,632,*woek
LA633,LA,633,-
LA634,LA,634,!waik
LA634,LA,634,*woek
LA634,LA,634,*waikt
LA635,LA,635,*woek
LA636,LA,636,*woek
LA637,LA,637,*woek
LA638,LA,638,-
LA639,LA,639,*woek
LA640,LA,640,*woek
LA641,LA,641,*wawk
LA642,LA,642,-
LA643,LA,643,*waikt
LA644,LA,644,-
LA645,LA,645,*woek
LA646,LA,646,!waik
LA646,LA,646,*woek
LA647,LA,647,-
LA648,LA,648,*waikN=14
LA649,LA,649,*woek
LA650,LA,650,!waik
LA650,LA,650,*woek
LA651,LA,651,-
LA652,LA,652,!waik
LA652,LA,652,!Awaik=41
LA652,LA,652,*woek
LA653,LA,653,-
LA654,LA,654,*wawk
LA655,LA,655,*woek
LA656,LA,656,!waik
LA656,LA,656,*woek
LA657,LA,657,!waik
LA657,LA,657,*woek
LA657X,LA,657X,-
LA657Y,LA,657Y,!waik
LA657Y,LA,657Y,*woek
LA657Z,LA,657Z,!waik
LA657Z,LA,657Z,*woek
LA658,LA,658,!waik
LA659,LA,659,*woek
LA660,LA,660,*woek
LA661,LA,661,*wook
LA662,LA,662,*woek
LA663,LA,663,-
LA664,LA,664,-
LA665,LA,665,-
LA666,LA,666,*woek
LA667,LA,667,!waik
LA667,LA,667,*woek
LA667,LA,667,*woekt
LA668,LA,668,!waik
LA668,LA,668,*woek
LA669,LA,669,*woek
LA670,LA,670,!waik
LA671,LA,671,*woek
LA672,LA,672,!waik
LA672,LA,672,*woek
LA673,LA,673,*wawk
AR674,AR,674,!waik
AR674,AR,674,*waikN=14
AR675,AR,675,*woek
AR676,AR,676,-
AR677,AR,677,*woek
AR678,AR,678,*woekt
AR679,AR,679,!wek
AR679,AR,679,*woek
AR680,AR,680,-
AR681,AR,681,#woek
AR682,AR,682,!waik
AR682,AR,682,*woek
AR683,AR,683,!waik
AR684,AR,684,-
AR685,AR,685,*woek
AR686,AR,686,!waik
AR686,AR,686,*woek
AR687,AR,687,!waik
AR687,AR,687,*woek
AR688,AR,688,!waik
AR688,AR,688,*waikt
AR689,AR,689,!waik
AR689,AR,689,*waikt
AR690,AR,690,*woek
AR691,AR,691,-
AR692,AR,692,!waikN=14
AR693,AR,693,*woek
AR694,AR,694,!waik
AR694,AR,694,*woek
AR695,AR,695,!waik
AR695,AR,695,*woek
AR696,AR,696,*waikt
AR697,AR,697,!waik
AR697,AR,697,*woek
AR698,AR,698,-
AR699,AR,699,-
AR700,AR,700,-
AR701,AR,701,!waik
AR701,AR,701,*woek
AR702,AR,702,-
AR703,AR,703,!waik
AR703,AR,703,*waikt
AR704,AR,704,*woek
AR705,AR,705,!waik
AR705,AR,705,!waikN=14
AR705,AR,705,*woek
AR705,AR,705,*AwaikNd=414
AR706,AR,706,-
AR707,AR,707,!waik
AR707,AR,707,*woek
AR708,AR,708,!waik
AR708,AR,708,!Awaik=41
AR708,AR,708,*waikN=14
AR709,AR,709,!waik
AR709,AR,709,*woek
AR710,AR,710,!waik
AR711,AR,711,!waik
AR711,AR,711,*waikd
AR712,AR,712,!waik
AR712,AR,712,*woek
AR713,AR,713,!waik
AR714,AR,714,!waik
AR714,AR,714,*woek
AR715,AR,715,*waikt
AR716,AR,716,!waik
AR716,AR,716,*woek
AR717,AR,717,!waik
AR717,AR,717,*waikt
AR718,AR,718,!waik
AR718,AR,718,*woek
AR719,AR,719,*woek
AR720,AR,720,!waik
AR720,AR,720,*woek
AR721,AR,721,!waik
AR721,AR,721,*woek
AR721,AR,721,#waikNd=14
AR722,AR,722,!waik
AR722,AR,722,*woek
AR723,AR,723,*woek
AR724,AR,724,*woek
AR725,AR,725,*woek
AR726,AR,726,!waik
AR727,AR,727,!waik
AR727,AR,727,*waikt
AR728,AR,728,!waik
AR728,AR,728,*woek
AR729,AR,729,*woek
AR730,AR,730,!waik
AR730,AR,730,*woek
AR731,AR,731,!waik
AR731,AR,731,!waikN=14
AR731,AR,731,*woek
AR732,AR,732,*woek
AR733,AR,733,-
AR734,AR,734,*woek
AR735,AR,735,*woek
AR736,AR,736,-
AR737,AR,737,*woek
AR738,AR,738,*woek
AR739,AR,739,-
AR740,AR,740,!waik
AR740,AR,740,*woek
AR741,AR,741,!waik
AR741,AR,741,*woek
AR742,AR,742,*woek
AR743,AR,743,-
AR744,AR,744,-
AR745,AR,745,-
AR746,AR,746,-
AR747,AR,747,!Awaik=41
AR747,AR,747,*Awoek=41
AR748,AR,748,!waik
AR748,AR,748,*woek
AR749,AR,749,!waik
AR749,AR,749,!AwaikN=414
AR749,AR,749,*woek
AR750,AR,750,-
AR751,AR,751,-
AR752,AR,752,*woek
AR753,AR,753,!waik
AR753,AR,753,*wuk
AR754,AR,754,!waik
AR754,AR,754,*woek
AR755,AR,755,-
LA756,LA,756,!waik
LA756,LA,756,*woek
LA757,LA,757,!waik
LA757,LA,757,*woek
LA758,LA,758,!waik
LA759,LA,759,-
LA760,LA,760,-
LA761,LA,761,!waik
LA762,LA,762,!waik
LA763,LA,763,-
LA764,LA,764,!waik
LA764,LA,764,*woek
LA765,LA,765,!waik
LA765,LA,765,*woek
LA766,LA,766,!waik
LA766,LA,766,*woek
LA766,LA,766,#woek
LA767,LA,767,!waik
LA767,LA,767,*woek
LA768,LA,768,!waik
LA768,LA,768,*woek
LA769,LA,769,!waik
LA769,LA,769,*woek
LA770,LA,770,!waik
LA770,LA,770,*woek
LA771,LA,771,!waik
LA772,LA,772,*woek
LA773,LA,773,*woek
LA774,LA,774,-
LA775,LA,775,!waik
LA775,LA,775,*waikt
LA776,LA,776,!waik
LA776,LA,776,*Awoek=41
LA777,LA,777,!waik
LA777,LA,777,*woek
LA778,LA,778,!waik
LA778,LA,778,!AwaikN=414
LA778,LA,778,*AwaikNd=414
LA779,LA,779,*woek
LA780,LA,780,!waik
LA780,LA,780,*woek
LA781,LA,781,*waikt
LA782,LA,782,*woek
LA783,LA,783,!waik
LA784,LA,784,*wawk
LA785,LA,785,!wek
LA785,LA,785,*woek
LA786,LA,786,!waik
LA786,LA,786,*woek
LA787,LA,787,!waik
LA787,LA,787,!Awaik=41
LA787,LA,787,*Awoek=41
LA788,LA,788,!waik
LA788,LA,788,*woek
LA789,LA,789,!waik
LA790,LA,790,!waik
LA790,LA,790,*woek
LA791,LA,791,!waik
LA791,LA,791,*woek
LA792,LA,792,!waik
LA792,LA,792,*woek
LA793,LA,793,!waik
LA794,LA,794,!waik
LA794,LA,794,*woek
LA795,LA,795,-
LA796,LA,796,!waik
LA796,LA,796,*woek
LA797,LA,797,*woek
LA798,LA,798,*woek
LA799,LA,799,-
LA800,LA,800,!waik
LA800,LA,800,*woek
LA801,LA,801,!waik
LA801,LA,801,*woek
LA802,LA,802,!waik
LA803,LA,803,-
LA804,LA,804,-
LA805,LA,805,!waik
LA806,LA,806,*woek
LA807,LA,807,*Awoek=41
LA808,LA,808,*woek
LA809,LA,809,*woek
LA810,LA,810,!waik
LA810,LA,810,*woek
LA811,LA,811,!waik
LA811,LA,811,*woek
LA812,LA,812,-
LA813,LA,813,!waik
LA813,LA,813,*woek
LA814,LA,814,!waik
LA814,LA,814,*woek
LA815,LA,815,-
LA816,LA,816,*woek
LA817,LA,817,!waik
LA817,LA,817,*woek
TX818,TX,818,-
TX819,TX,819,*woek
TX820,TX,820,*woek
TX821,TX,821,*woek
TX822,TX,822,*woek
TX823,TX,823,*woek
TX824,TX,824,*woek
TX825,TX,825,*woek
TX826,TX,826,-
TX827,TX,827,*woek
TX828,TX,828,*woek
TX829,TX,829,*waikt
TX830,TX,830,*woek
TX831,TX,831,*woek
TX832,TX,832,!waik
TX833,TX,833,*woek
TX834,TX,834,!waik
TX834,TX,834,*woek
TX835,TX,835,*woek
TX836,TX,836,*woek
TX837,TX,837,-
TX838,TX,838,-
TX839,TX,839,!waik
TX839,TX,839,*woek
TX840,TX,840,!waik
TX840,TX,840,*woek
TX841,TX,841,-
TX842,TX,842,!waik
TX842,TX,842,*woek
TX843,TX,843,!waik
TX843,TX,843,!Awaik=41
TX844,TX,844,!wek
TX844,TX,844,*woek
TX845,TX,845,!waik
TX846,TX,846,!waik
TX846,TX,846,*woek
TX847,TX,847,-
TX848,TX,848,*waikt
TX849,TX,849,!waik
TX849,TX,849,!AwaikN=414
TX850,TX,850,!waik
TX850,TX,850,!waikN=14
TX850,TX,850,@waikN=14
TX850,TX,850,*woek
TX851,TX,851,-
TX852,TX,852,!waik
TX852,TX,852,*waikt
TX852,TX,852,*AwaikN=414
TX853,TX,853,!waik
TX853,TX,853,*woek
TX854,TX,854,!waik
TX854,TX,854,*woek
TX855,TX,855,*woek
TX856,TX,856,!waik
TX857,TX,857,!waik
TX857,TX,857,!Awaik=41
TX857,TX,857,*woek
TX858,TX,858,-
TX859,TX,859,!waik
TX859,TX,859,*woek
TX860,TX,860,*woek
TX861,TX,861,*woek
TX862,TX,862,*woek
TX863,TX,863,*woek
TX864,TX,864,!waik
TX864,TX,864,*woek
TX865,TX,865,!waik
TX865,TX,865,*woek
TX866,TX,866,!wek
TX866,TX,866,*woek
TX867,TX,867,!waik
TX867,TX,867,!wek
TX867,TX,867,*woek
TX867,TX,867,*Awoek=41
TX868,TX,868,!waik
TX868,TX,868,*woek
TX869,TX,869,!waik
TX869,TX,869,!wek
TX869,TX,869,*woek
TX870,TX,870,!waik
TX870,TX,870,*woek
TX871,TX,871,-
TX872,TX,872,-
TX873,TX,873,!waik
TX873,TX,873,*waikt
TX874,TX,874,!waik
TX874,TX,874,*woek
TX875,TX,875,!waik
TX875,TX,875,*woek
TX876,TX,876,!waik
TX876,TX,876,*woek
TX877,TX,877,!waik
TX877,TX,877,*woek
TX878,TX,878,*woek
TX878,TX,878,*AwaikNd=414
TX879,TX,879,-
TX880,TX,880,-
TX881,TX,881,-
TX882,TX,882,!waik
TX882,TX,882,*woek
TX883,TX,883,!waik
TX883,TX,883,*woek
TX883,TX,883,*waikt
TX884,TX,884,-
TX885,TX,885,!waik
TX885,TX,885,*woek
TX886,TX,886,!waik
TX886,TX,886,*woek
TX887,TX,887,!waik
TX887,TX,887,*woek
TX888,TX,888,!wek
TX888,TX,888,*woek
TX889,TX,889,!waik
TX889,TX,889,*woek
TX890,TX,890,!waik
TX890,TX,890,*woek
TX891,TX,891,!waik
TX891,TX,891,*woek
TX892,TX,892,!waik
TX893,TX,893,*woek
TX894,TX,894,*woek
TX894,TX,894,*waikNd=14
TX895,TX,895,*woek
TX896,TX,896,-
TX897,TX,897,-
TX898,TX,898,!waik
TX899,TX,899,*woek
TX900,TX,900,*woek
TX901,TX,901,*woek
TX902,TX,902,!waik
TX902,TX,902,*woek
TX903,TX,903,-
TX904,TX,904,*woek
TX905,TX,905,*woek
TX906,TX,906,*woek
TX906,TX,906,*Awoek=41
TX907,TX,907,*AwaikNd=414
TX908,TX,908,!waik
TX908,TX,908,*woek
TX909,TX,909,-
TX910,TX,910,!waik
TX910,TX,910,*woek
TX911,TX,911,*woek
