Informant,State,Informant number,Response
TN001,TN,001,-
TN002,TN,002,home 
TN003,TN,003,home 
TN004,TN,004,base 
TN005,TN,005,station 
TN006,TN,006,home base 
TN007,TN,007,home 
TN008,TN,008,-
TN009,TN,009,home base 
TN010,TN,010,home base 
TN011,TN,011,base 
TN011,TN,011,home base 
TN012,TN,012,base 
TN013,TN,013,base 
TN014,TN,014,goal 
TN015,TN,015,-
TN016,TN,016,home base 
TN017,TN,017,home base 
TN018,TN,018,base 
TN019,TN,019,-
TN020,TN,020,home 
TN021,TN,021,-
TN022,TN,022,base 
TN023,TN,023,goal 
TN024,TN,024,home 
TN025,TN,025,-
TN026,TN,026,-
TN027,TN,027,home base 
TN028,TN,028,base 
TN029,TN,029,-
TN030,TN,030,home base 
TN031,TN,031,base 
TN032,TN,032,base 
TN032,TN,032,home 
TN033,TN,033,base 
TN034,TN,034,home base 
TN035,TN,035,home base 
TN036,TN,036,-
TN037,TN,037,home 
TN038,TN,038,-
TN039,TN,039,home 
TN040,TN,040,base 
TN041,TN,041,goal 
TN042,TN,042,-
TN043,TN,043,-
TN044,TN,044,home 
TN045,TN,045,base 
TN046,TN,046,base 
TN046,TN,046,home 
TN047,TN,047,home base 
TN048,TN,048,-
TN049,TN,049,base 
TN049,TN,049,home 
TN050,TN,050,home base 
TN051,TN,051,base 
TN051,TN,051,home 
TN052,TN,052,home 
TN053,TN,053,base 
TN054,TN,054,base 
TN055,TN,055,home 
TN055,TN,055,home tree 
TN055,TN,055,post 
TN056,TN,056,-
TN057,TN,057,base 
TN058,TN,058,base 
TN058,TN,058,goal 
TN059,TN,059,base 
TN060,TN,060,base 
GA061,GA,061,base 
GA062,GA,062,home base 
GA063,GA,063,-
GA064,GA,064,base 
GA065,GA,065,-
GA066,GA,066,-
GA067,GA,067,home 
GA067,GA,067,home base 
GA068,GA,068,-
GA069,GA,069,home base 
GA070,GA,070,-
GA071,GA,071,home base 
GA072,GA,072,goal 
GA073,GA,073,base 
GA074,GA,074,-
GA075,GA,075,-
GA076,GA,076,-
GA077,GA,077,base 
GA078,GA,078,-
GA079,GA,079,-
GA080,GA,080,-
GA081,GA,081,-
GA082,GA,082,-
GA083,GA,083,-
GA084,GA,084,home 
GA085,GA,085,base 
GA086,GA,086,base 
GA087,GA,087,home base 
GA088,GA,088,base 
GA089,GA,089,-
GA090,GA,090,-
GA091,GA,091,base 
GA091,GA,091,goal 
GA092,GA,092,-
GA093,GA,093,-
GA094,GA,094,-
GA095,GA,095,base 
GA095,GA,095,home 
GA095,GA,095,home base 
GA096,GA,096,-
GA097,GA,097,-
GA098,GA,098,base 
GA099,GA,099,-
GA100,GA,100,base 
GA101,GA,101,base 
GA102,GA,102,home base 
GA103,GA,103,home 
GA103,GA,103,home base 
GA104,GA,104,base 
GA105,GA,105,base 
GA105,GA,105,home base 
GA106,GA,106,-
GA107,GA,107,home base 
GA108,GA,108,-
GA109,GA,109,-
GA110,GA,110,base 
GA111,GA,111,base 
GA112,GA,112,base 
GA113,GA,113,-
GA114,GA,114,-
GA115,GA,115,-
GA116,GA,116,-
GA117,GA,117,-
GA118,GA,118,base 
GA119,GA,119,base 
GA120,GA,120,-
GA121,GA,121,-
GA122,GA,122,base 
GA123,GA,123,base 
GA123,GA,123,goal 
GA124,GA,124,goal 
GA125,GA,125,home 
GA126,GA,126,-
GA127,GA,127,-
GA128,GA,128,-
GA129,GA,129,-
GA130,GA,130,-
GA131,GA,131,-
GA132,GA,132,-
GA133,GA,133,goal 
GA134,GA,134,base 
GA135,GA,135,base 
GA135,GA,135,home 
GA136,GA,136,base 
GA137,GA,137,goal 
GA138,GA,138,-
GA139,GA,139,base 
GA140,GA,140,base 
GA141,GA,141,-
GA142,GA,142,base 
GA143,GA,143,goal 
GA143,GA,143,home 
GA144,GA,144,home 
GA145,GA,145,-
GA146,GA,146,goal 
GA147,GA,147,-
GA148,GA,148,base 
GA148,GA,148,home tree 
GA149,GA,149,goal 
GA150,GA,150,base 
GA151,GA,151,base 
GA152,GA,152,base 
GA153,GA,153,-
GA154,GA,154,base 
GA154,GA,154,goal 
GA155,GA,155,home base 
GA156,GA,156,-
GA157,GA,157,-
GA158,GA,158,-
GA159,GA,159,base 
GA160,GA,160,-
GA161,GA,161,base 
GA162,GA,162,home 
GA163,GA,163,base 
GA164,GA,164,base 
GA165,GA,165,home 
GA166,GA,166,base 
GA167,GA,167,base 
GA168,GA,168,-
GA169,GA,169,-
GA170,GA,170,home tree 
GA171,GA,171,home base 
GA172,GA,172,base 
GA173,GA,173,-
GA174,GA,174,-
GA175,GA,175,-
GA176,GA,176,-
GA177,GA,177,-
GA178,GA,178,-
GA179,GA,179,-
GA180,GA,180,-
GA181,GA,181,-
GA182,GA,182,-
GA183,GA,183,-
GA184,GA,184,base 
GA185,GA,185,home 
GA185,GA,185,home base 
GA186,GA,186,home base 
GA187,GA,187,-
GA188,GA,188,base 
GA189,GA,189,home 
GA189,GA,189,home base 
GA190,GA,190,-
GA191,GA,191,base 
GA192,GA,192,base 
GA193,GA,193,-
GA194,GA,194,-
GA195,GA,195,-
GA196,GA,196,-
GA197,GA,197,-
GA198,GA,198,-
GA199,GA,199,-
GA200,GA,200,base 
GA201,GA,201,-
GA202,GA,202,goal 
GA203,GA,203,-
GA204,GA,204,-
GA205,GA,205,home 
GA206,GA,206,base 
GA207,GA,207,-
GA208,GA,208,base 
GA209,GA,209,-
GA210,GA,210,goal 
GA210,GA,210,home base 
GA211,GA,211,base 
GA211,GA,211,home 
GA212,GA,212,-
GA213,GA,213,base 
GA213,GA,213,home tree 
GA214,GA,214,base 
GA214,GA,214,goal 
GA215,GA,215,base 
GA216,GA,216,home 
GA217,GA,217,goal 
GA218,GA,218,-
GA219,GA,219,-
GA220,GA,220,home 
GA221,GA,221,-
GA222,GA,222,-
GA223,GA,223,base 
GA224,GA,224,-
GA225,GA,225,-
FL226,FL,226,-
FL227,FL,227,base 
FL228,FL,228,base 
FL229,FL,229,-
FL230,FL,230,base 
FL231,FL,231,base 
FL232,FL,232,base 
FL233,FL,233,base 
FL234,FL,234,-
FL235,FL,235,base 
FL236,FL,236,base 
FL237,FL,237,base 
FL237,FL,237,goal 
FL238,FL,238,base 
FL239,FL,239,home 
FL240,FL,240,base 
FL241,FL,241,-
FL242,FL,242,home 
FL243,FL,243,base 
FL244,FL,244,-
FL245,FL,245,-
FL246,FL,246,base 
FL247,FL,247,base 
FL248,FL,248,-
FL249,FL,249,home base 
FL250,FL,250,base 
FL251,FL,251,-
FL252,FL,252,-
FL253,FL,253,home base 
FL254,FL,254,goal 
FL255,FL,255,home base 
FL256,FL,256,-
FL257,FL,257,home 
FL258,FL,258,-
FL259,FL,259,base 
FL260,FL,260,-
FL261,FL,261,base 
FL262,FL,262,base 
FL263,FL,263,-
FL264,FL,264,home base 
FL265,FL,265,base 
FL266,FL,266,base 
FL266,FL,266,goal 
FL266,FL,266,home base 
FL267,FL,267,-
FL268,FL,268,-
FL269,FL,269,home base 
FL270,FL,270,base 
FL270,FL,270,goal 
FL271,FL,271,home base 
FL272,FL,272,base 
FL273,FL,273,base 
FL274,FL,274,home 
FL275,FL,275,home base 
FL276,FL,276,base 
FL276,FL,276,dare base 
FL277,FL,277,base 
FL277,FL,277,home 
FL278,FL,278,goal 
FL278,FL,278,home 
FL279,FL,279,base 
FL280,FL,280,-
FL281,FL,281,-
FL282,FL,282,-
FL283,FL,283,-
FL284,FL,284,base 
FL284,FL,284,home base 
FL285,FL,285,-
FL286,FL,286,home base 
FL287,FL,287,-
FL288,FL,288,-
FL289,FL,289,-
TN290,TN,290,-
TN291,TN,291,home 
TN292,TN,292,-
TN293,TN,293,home base 
TN294,TN,294,-
TN295,TN,295,goal 
TN295,TN,295,home 
TN295,TN,295,home free [=base] 
TN296,TN,296,home base 
TN297,TN,297,-
TN298,TN,298,-
TN299,TN,299,base 
TN300,TN,300,base 
TN301,TN,301,-
TN302,TN,302,home tree 
TN303,TN,303,base 
TN304,TN,304,-
TN305,TN,305,-
TN306,TN,306,-
TN307,TN,307,base 
TN308,TN,308,-
TN309,TN,309,base 
TN310,TN,310,home base 
TN311,TN,311,base 
TN311,TN,311,station 
TN312,TN,312,-
TN313,TN,313,-
TN314,TN,314,base 
TN315,TN,315,base 
TN316,TN,316,-
TN317,TN,317,base 
TN317,TN,317,home 
TN318,TN,318,-
TN319,TN,319,-
TN320,TN,320,goal 
TN321,TN,321,base 
TN321,TN,321,home base 
TN322,TN,322,home base 
TN323,TN,323,base 
TN324,TN,324,base 
TN325,TN,325,base 
TN325,TN,325,home base 
TN326,TN,326,home tree 
TN327,TN,327,base 
TN328,TN,328,-
TN329,TN,329,home 
TN330,TN,330,goal 
TN330,TN,330,home base 
TN331,TN,331,-
TN332,TN,332,base 
TN333,TN,333,base 
TN334,TN,334,goal 
TN334,TN,334,home base 
TN335,TN,335,home base 
TN336,TN,336,home base 
AL337,AL,337,-
AL338,AL,338,home free [=base] 
AL338,AL,338,home tree 
AL339,AL,339,goal 
AL340,AL,340,base 
AL341,AL,341,-
AL342,AL,342,-
AL343,AL,343,base 
AL343,AL,343,home 
AL344,AL,344,base 
AL345,AL,345,-
AL346,AL,346,goal 
AL347,AL,347,-
AL348,AL,348,-
AL349,AL,349,base 
AL350,AL,350,-
AL351,AL,351,goal 
AL352,AL,352,base 
AL353,AL,353,base 
AL354,AL,354,-
AL355,AL,355,base 
AL356,AL,356,home base 
AL357,AL,357,base 
AL358,AL,358,base 
AL358,AL,358,home base 
AL359,AL,359,home base 
AL360,AL,360,home base 
AL361,AL,361,home base 
AL362,AL,362,-
AL363,AL,363,-
AL364,AL,364,base 
AL365,AL,365,home free [=base] 
AL366,AL,366,-
AL367,AL,367,home 
AL368,AL,368,-
AL369,AL,369,-
AL370,AL,370,base 
AL371,AL,371,-
AL372,AL,372,base 
AL372,AL,372,home base 
AL373,AL,373,-
AL374,AL,374,base 
AL374,AL,374,goal 
AL375,AL,375,base 
AL376,AL,376,-
AL377,AL,377,-
AL378,AL,378,-
AL379,AL,379,-
AL380,AL,380,-
AL381,AL,381,base 
AL382,AL,382,-
AL383,AL,383,home 
AL384,AL,384,home 
AL385,AL,385,base 
AL386,AL,386,-
AL387,AL,387,home base 
AL388,AL,388,base 
AL389,AL,389,-
AL390,AL,390,-
AL391,AL,391,base 
AL392,AL,392,-
AL393,AL,393,home base 
AL394,AL,394,home place 
AL395,AL,395,base 
AL396,AL,396,-
AL397,AL,397,-
AL398,AL,398,-
AL399,AL,399,base 
AL400,AL,400,base 
AL401,AL,401,-
AL402,AL,402,base 
AL403,AL,403,-
AL404,AL,404,base 
AL405,AL,405,base 
AL406,AL,406,base 
AL407,AL,407,base 
AL408,AL,408,goal 
AL409,AL,409,goal 
AL410,AL,410,-
AL411,AL,411,base 
AL412,AL,412,-
AL413,AL,413,-
AL414,AL,414,-
AL415,AL,415,base 
AL415,AL,415,home tree 
AL416,AL,416,base 
AL416,AL,416,goal 
AL416,AL,416,home 
AL417,AL,417,base 
AL418,AL,418,-
AL419,AL,419,base 
AL420,AL,420,base 
AL421,AL,421,home 
AL422,AL,422,base 
AL423,AL,423,-
AL424,AL,424,-
AL425,AL,425,-
AL426,AL,426,-
AL427,AL,427,base 
AL428,AL,428,home base 
AL429,AL,429,-
AL430,AL,430,-
AL431,AL,431,-
AL432,AL,432,-
AL433,AL,433,home base 
AL434,AL,434,-
AL435,AL,435,home base 
AL436,AL,436,home base 
AL437,AL,437,base 
AL438,AL,438,base 
AL439,AL,439,base 
AL440,AL,440,-
AL441,AL,441,goal 
AL442,AL,442,base 
AL443,AL,443,-
AL444,AL,444,home base 
AL445,AL,445,home base 
AL446,AL,446,base 
AL447,AL,447,base 
AL448,AL,448,home base 
AL449,AL,449,-
AL450,AL,450,home 
AL451,AL,451,base 
FL452,FL,452,base 
FL452,FL,452,home base 
FL453,FL,453,-
FL454,FL,454,-
FL455,FL,455,base 
FL456,FL,456,home 
FL456,FL,456,home base 
FL457,FL,457,base 
FL458,FL,458,base 
FL458,FL,458,home 
FL459,FL,459,-
FL460,FL,460,-
FL461,FL,461,base 
FL461,FL,461,home 
FL462,FL,462,home base 
FL463,FL,463,-
FL464,FL,464,base 
FL465,FL,465,base 
FL466,FL,466,goal 
FL466,FL,466,home base 
FL467,FL,467,-
FL468,FL,468,-
FL469,FL,469,goal 
FL470,FL,470,base 
FL471,FL,471,safety 
AL472,AL,472,-
AL473,AL,473,home 
AL474,AL,474,base 
AL475,AL,475,base 
AL476,AL,476,home 
AL476,AL,476,home base 
AL477,AL,477,base 
AL478,AL,478,base 
AL479,AL,479,-
AL480,AL,480,home 
AL481,AL,481,-
AL482,AL,482,home 
AL483,AL,483,-
AL484,AL,484,-
AL485,AL,485,base 
TN486,TN,486,-
TN487,TN,487,base 
TN488,TN,488,home 
TN489,TN,489,home 
TN489,TN,489,home base 
TN490,TN,490,home free [=base] 
TN491,TN,491,-
TN492,TN,492,base 
TN493,TN,493,base 
TN494,TN,494,home 
TN494,TN,494,home base 
TN494,TN,494,home free [=base] 
TN495,TN,495,-
TN496,TN,496,home base 
TN497,TN,497,-
TN498,TN,498,-
TN499,TN,499,-
TN500,TN,500,-
TN501,TN,501,goal 
TN501,TN,501,home base 
TN502,TN,502,base 
TN503,TN,503,base 
TN504,TN,504,goal 
TN505,TN,505,base 
TN506,TN,506,base 
TN507,TN,507,-
TN508,TN,508,home base 
TN509,TN,509,-
TN510,TN,510,-
TN511,TN,511,home 
TN512,TN,512,-
TN513,TN,513,goal 
TN514,TN,514,-
TN515,TN,515,-
TN516,TN,516,-
TN517,TN,517,base 
TN518,TN,518,-
TN519,TN,519,goal 
MS520,MS,520,-
MS521,MS,521,-
MS522,MS,522,base 
MS523,MS,523,-
MS524,MS,524,home 
MS525,MS,525,-
MS526,MS,526,-
MS527,MS,527,home base 
MS528,MS,528,-
MS529,MS,529,base 
MS530,MS,530,-
MS531,MS,531,-
MS532,MS,532,-
MS533,MS,533,base 
MS534,MS,534,base 
MS535,MS,535,base 
MS536,MS,536,-
MS537,MS,537,-
MS538,MS,538,-
MS539,MS,539,-
MS540,MS,540,-
MS541,MS,541,base 
MS542,MS,542,-
MS543,MS,543,base 
MS544,MS,544,home base 
MS545,MS,545,home 
MS546,MS,546,base 
MS547,MS,547,base 
MS548,MS,548,base 
MS549,MS,549,home base 
MS550,MS,550,-
MS551,MS,551,-
MS552,MS,552,home 
MS553,MS,553,home 
MS554,MS,554,-
MS555,MS,555,-
MS556,MS,556,home base 
MS556,MS,556,home free [=base] 
MS557,MS,557,base 
MS558,MS,558,base 
MS559,MS,559,base 
MS559,MS,559,home base 
MS560,MS,560,-
MS561,MS,561,-
MS562,MS,562,home base 
MS563,MS,563,home 
MS564,MS,564,base 
MS565,MS,565,safe (place) 
MS566,MS,566,-
MS567,MS,567,-
MS568,MS,568,-
MS569,MS,569,-
MS570,MS,570,-
MS571,MS,571,base 
MS572,MS,572,-
MS573,MS,573,base 
MS573,MS,573,goal 
MS574,MS,574,base 
MS575,MS,575,base 
MS576,MS,576,base 
MS577,MS,577,base 
MS578,MS,578,base 
MS579,MS,579,home 
MS580,MS,580,-
MS581,MS,581,-
MS582,MS,582,home base 
MS583,MS,583,-
MS584,MS,584,base 
MS585,MS,585,base 
MS586,MS,586,-
MS587,MS,587,base 
MS588,MS,588,base 
MS589,MS,589,home base 
MS590,MS,590,-
MS591,MS,591,home base 
MS592,MS,592,base 
MS592,MS,592,home 
MS593,MS,593,base 
MS594,MS,594,base 
MS595,MS,595,base 
MS596,MS,596,-
MS597,MS,597,base 
MS598,MS,598,base 
MS599,MS,599,home 
MS600,MS,600,base 
MS600,MS,600,goal 
MS601,MS,601,-
MS602,MS,602,-
MS603,MS,603,-
MS604,MS,604,-
MS605,MS,605,-
MS606,MS,606,-
MS607,MS,607,base 
MS608,MS,608,base 
MS609,MS,609,-
MS610,MS,610,base 
MS611,MS,611,-
MS612,MS,612,base 
MS613,MS,613,base 
MS614,MS,614,-
MS615,MS,615,base 
MS615,MS,615,home 
MS616,MS,616,goal 
MS617,MS,617,home base 
MS618,MS,618,-
MS619,MS,619,-
MS620,MS,620,-
MS621,MS,621,-
MS622,MS,622,base 
MS623,MS,623,base 
MS624,MS,624,home 
MS625,MS,625,-
MS626,MS,626,-
MS627,MS,627,base 
MS628,MS,628,base 
MS629,MS,629,base 
LA630,LA,630,-
LA631,LA,631,-
LA632,LA,632,-
LA633,LA,633,base 
LA634,LA,634,-
LA635,LA,635,base 
LA636,LA,636,base 
LA637,LA,637,-
LA638,LA,638,base 
LA639,LA,639,base 
LA640,LA,640,home plate 
LA641,LA,641,home 
LA642,LA,642,-
LA643,LA,643,base 
LA643,LA,643,goal 
LA644,LA,644,-
LA645,LA,645,base 
LA646,LA,646,base 
LA647,LA,647,-
LA648,LA,648,base 
LA649,LA,649,base 
LA650,LA,650,-
LA651,LA,651,-
LA652,LA,652,goal 
LA652,LA,652,home 
LA653,LA,653,-
LA654,LA,654,base 
LA655,LA,655,-
LA656,LA,656,base 
LA656,LA,656,goal 
LA657,LA,657,base 
LA657X,LA,657X,base 
LA657Y,LA,657Y,home base 
LA657Z,LA,657Z,base 
LA657Z,LA,657Z,goal 
LA658,LA,658,base 
LA659,LA,659,-
LA660,LA,660,-
LA661,LA,661,base 
LA662,LA,662,home 
LA663,LA,663,-
LA664,LA,664,-
LA665,LA,665,-
LA666,LA,666,-
LA667,LA,667,base 
LA668,LA,668,base 
LA669,LA,669,base 
LA669,LA,669,goal 
LA670,LA,670,base 
LA671,LA,671,base 
LA672,LA,672,-
LA673,LA,673,base 
AR674,AR,674,base 
AR674,AR,674,home 
AR675,AR,675,home base 
AR676,AR,676,-
AR677,AR,677,-
AR678,AR,678,-
AR679,AR,679,base 
AR680,AR,680,-
AR681,AR,681,base 
AR682,AR,682,home 
AR683,AR,683,home base 
AR684,AR,684,-
AR685,AR,685,home 
AR686,AR,686,base 
AR687,AR,687,-
AR688,AR,688,base 
AR689,AR,689,base 
AR689,AR,689,goal 
AR690,AR,690,base 
AR691,AR,691,home base 
AR692,AR,692,base 
AR693,AR,693,base 
AR694,AR,694,-
AR695,AR,695,base 
AR696,AR,696,base 
AR697,AR,697,-
AR698,AR,698,-
AR699,AR,699,-
AR700,AR,700,-
AR701,AR,701,-
AR702,AR,702,-
AR703,AR,703,-
AR704,AR,704,-
AR705,AR,705,post 
AR706,AR,706,-
AR707,AR,707,base 
AR708,AR,708,-
AR709,AR,709,goal 
AR710,AR,710,-
AR711,AR,711,base 
AR711,AR,711,home 
AR712,AR,712,base 
AR713,AR,713,-
AR714,AR,714,base 
AR715,AR,715,-
AR716,AR,716,base 
AR716,AR,716,goal 
AR717,AR,717,base 
AR718,AR,718,home base 
AR719,AR,719,home 
AR720,AR,720,-
AR721,AR,721,home base 
AR722,AR,722,home 
AR723,AR,723,-
AR724,AR,724,-
AR725,AR,725,base 
AR726,AR,726,base 
AR727,AR,727,-
AR728,AR,728,base 
AR729,AR,729,-
AR730,AR,730,base 
AR731,AR,731,base 
AR732,AR,732,-
AR733,AR,733,-
AR734,AR,734,home base 
AR735,AR,735,base 
AR736,AR,736,home base 
AR737,AR,737,base 
AR737,AR,737,pigpen 
AR738,AR,738,base 
AR739,AR,739,-
AR740,AR,740,base 
AR741,AR,741,home 
AR741,AR,741,home base 
AR742,AR,742,base 
AR743,AR,743,base 
AR744,AR,744,-
AR745,AR,745,-
AR746,AR,746,base 
AR746,AR,746,home 
AR747,AR,747,base 
AR748,AR,748,-
AR749,AR,749,home base 
AR750,AR,750,-
AR751,AR,751,home 
AR751,AR,751,home base 
AR752,AR,752,-
AR753,AR,753,-
AR754,AR,754,-
AR755,AR,755,home base 
LA756,LA,756,-
LA757,LA,757,base 
LA758,LA,758,base 
LA759,LA,759,-
LA760,LA,760,-
LA761,LA,761,base 
LA762,LA,762,-
LA763,LA,763,-
LA764,LA,764,base 
LA765,LA,765,home 
LA766,LA,766,base 
LA767,LA,767,base 
LA767,LA,767,home 
LA768,LA,768,-
LA769,LA,769,base 
LA769,LA,769,goal 
LA770,LA,770,base 
LA770,LA,770,home-plate tree 
LA771,LA,771,-
LA772,LA,772,base 
LA773,LA,773,-
LA774,LA,774,-
LA775,LA,775,base 
LA776,LA,776,base 
LA776,LA,776,goal 
LA777,LA,777,base 
LA778,LA,778,home base 
LA779,LA,779,base 
LA780,LA,780,base 
LA781,LA,781,-
LA782,LA,782,home 
LA783,LA,783,-
LA784,LA,784,-
LA785,LA,785,base 
LA786,LA,786,base 
LA787,LA,787,free base 
LA787,LA,787,goal 
LA788,LA,788,-
LA789,LA,789,base 
LA790,LA,790,-
LA791,LA,791,base 
LA791,LA,791,home base 
LA792,LA,792,-
LA793,LA,793,-
LA794,LA,794,home 
LA795,LA,795,-
LA796,LA,796,base 
LA797,LA,797,base 
LA798,LA,798,base 
LA799,LA,799,-
LA800,LA,800,base 
LA801,LA,801,base 
LA802,LA,802,-
LA803,LA,803,-
LA804,LA,804,-
LA805,LA,805,-
LA806,LA,806,base 
LA807,LA,807,home base 
LA808,LA,808,-
LA809,LA,809,home 
LA810,LA,810,base 
LA811,LA,811,base 
LA812,LA,812,-
LA813,LA,813,base 
LA814,LA,814,base 
LA815,LA,815,base 
LA816,LA,816,home base 
LA816,LA,816,goal 
LA817,LA,817,base 
TX818,TX,818,-
TX819,TX,819,base 
TX820,TX,820,base 
TX821,TX,821,-
TX822,TX,822,-
TX823,TX,823,base 
TX824,TX,824,-
TX825,TX,825,base 
TX826,TX,826,base 
TX827,TX,827,base 
TX828,TX,828,-
TX829,TX,829,home base 
TX830,TX,830,home base 
TX831,TX,831,base 
TX832,TX,832,-
TX833,TX,833,home base 
TX834,TX,834,base 
TX835,TX,835,home 
TX836,TX,836,base 
TX836,TX,836,home base 
TX837,TX,837,base 
TX838,TX,838,-
TX839,TX,839,-
TX840,TX,840,base 
TX841,TX,841,base 
TX842,TX,842,base 
TX843,TX,843,base 
TX843,TX,843,home base 
TX844,TX,844,base 
TX845,TX,845,-
TX846,TX,846,base 
TX846,TX,846,home base 
TX847,TX,847,base 
TX848,TX,848,home base 
TX849,TX,849,home 
TX850,TX,850,home base 
TX851,TX,851,-
TX852,TX,852,base 
TX853,TX,853,base 
TX854,TX,854,home 
TX855,TX,855,base 
TX856,TX,856,-
TX857,TX,857,base 
TX857,TX,857,home base 
TX858,TX,858,-
TX859,TX,859,base 
TX859,TX,859,home 
TX860,TX,860,base 
TX861,TX,861,base 
TX862,TX,862,-
TX863,TX,863,home base 
TX864,TX,864,-
TX865,TX,865,-
TX866,TX,866,base 
TX867,TX,867,base 
TX868,TX,868,-
TX869,TX,869,safe (place) 
TX870,TX,870,-
TX871,TX,871,home base 
TX872,TX,872,-
TX873,TX,873,base 
TX874,TX,874,base 
TX875,TX,875,-
TX876,TX,876,base 
TX877,TX,877,base 
TX878,TX,878,-
TX879,TX,879,-
TX880,TX,880,-
TX881,TX,881,-
TX882,TX,882,base 
TX882,TX,882,home base 
TX883,TX,883,-
TX884,TX,884,-
TX885,TX,885,pole 
TX885,TX,885,post 
TX886,TX,886,base 
TX887,TX,887,base 
TX888,TX,888,goal 
TX889,TX,889,base 
TX890,TX,890,-
TX891,TX,891,-
TX892,TX,892,-
TX893,TX,893,base 
TX894,TX,894,base 
TX894,TX,894,home base 
TX895,TX,895,-
TX896,TX,896,-
TX897,TX,897,-
TX898,TX,898,-
TX899,TX,899,-
TX900,TX,900,-
TX901,TX,901,base 
TX902,TX,902,base 
TX903,TX,903,-
TX904,TX,904,-
TX905,TX,905,base 
TX905,TX,905,home 
TX906,TX,906,-
TX907,TX,907,-
TX908,TX,908,base 
TX908,TX,908,home 
TX909,TX,909,-
TX910,TX,910,base 
TX911,TX,911,base 
