Informant,State,Informant number,Response
TN001,TN,001,*kawt
TN002,TN,002,!kech
TN002,TN,002,*kawt
TN003,TN,003,!kech
TN003,TN,003,*kawt
TN003,TN,003,*kaw(t)
TN004,TN,004,!kech
TN004,TN,004,*kawt
TN004,TN,004,#kawt
TN005,TN,005,!kech
TN005,TN,005,*kawt
TN006,TN,006,!kech
TN006,TN,006,*kawt
TN006,TN,006,#kawt
TN007,TN,007,!kech
TN007,TN,007,*kawt
TN007,TN,007,#kawt
TN008,TN,008,!kech
TN008,TN,008,*kawt
TN009,TN,009,*kawt
TN010,TN,010,!kech
TN010,TN,010,@kechN=14
TN010,TN,010,*kawt
TN010,TN,010,#kawt
TN011,TN,011,!kech
TN011,TN,011,*kawt
TN011,TN,011,#kawt
TN012,TN,012,!kech
TN012,TN,012,*kawt
TN012,TN,012,#kawt
TN013,TN,013,!kech
TN013,TN,013,*kawt
TN014,TN,014,!kach
TN014,TN,014,*kawt
TN015,TN,015,*kawt
TN016,TN,016,!kach
TN016,TN,016,*kawt
TN016,TN,016,#kawt
TN017,TN,017,!kech
TN017,TN,017,*kawt
TN018,TN,018,*kawt
TN019,TN,019,!kech
TN019,TN,019,*kawt
TN019,TN,019,#kawt
TN020,TN,020,!kech
TN020,TN,020,*kawt
TN020,TN,020,#kawt
TN021,TN,021,-
TN022,TN,022,!kech
TN022,TN,022,*kawt
TN022,TN,022,#kawt
TN023,TN,023,!kech
TN023,TN,023,*kawt
TN024,TN,024,*kawt
TN024,TN,024,#kawt
TN025,TN,025,!kech
TN025,TN,025,*kawt
TN025,TN,025,#kecht
TN026,TN,026,-
TN027,TN,027,!kech
TN027,TN,027,*kawt
TN027,TN,027,#kawt
TN028,TN,028,!kech
TN028,TN,028,*kawt
TN028,TN,028,#kawt
TN029,TN,029,!kyech
TN029,TN,029,*kawt
TN029,TN,029,#kawt
TN030,TN,030,!kech
TN030,TN,030,*kawt
TN030,TN,030,#kawt
TN031,TN,031,-
TN032,TN,032,!kech
TN032,TN,032,*kawt
TN032,TN,032,#kawt
TN033,TN,033,!kech
TN033,TN,033,*kawt
TN033,TN,033,#kawt
TN034,TN,034,!kach
TN034,TN,034,*kawt
TN034,TN,034,#kawt
TN035,TN,035,!kach
TN035,TN,035,*kawt
TN035,TN,035,#kawt
TN036,TN,036,!kech
TN036,TN,036,*kawt
TN036,TN,036,#kawt
TN037,TN,037,!kech
TN037,TN,037,!kach
TN037,TN,037,*kawt
TN037,TN,037,#kawt
TN038,TN,038,!kech
TN038,TN,038,#kawt
TN038,TN,038,#kot
TN039,TN,039,!kech
TN039,TN,039,*kawt
TN039,TN,039,#kecht
TN040,TN,040,!kech
TN040,TN,040,*kawt
TN040,TN,040,#kawt
TN041,TN,041,!kech
TN041,TN,041,*kawt
TN042,TN,042,!kech
TN042,TN,042,!kich
TN042,TN,042,*kawt
TN042,TN,042,#kawt
TN043,TN,043,!kach
TN043,TN,043,*kawt
TN044,TN,044,!kech
TN044,TN,044,!kich
TN044,TN,044,&kechIz=14
TN045,TN,045,!kech
TN045,TN,045,*kawt
TN046,TN,046,!kech
TN046,TN,046,*kawt
TN046,TN,046,#kawt
TN047,TN,047,!kech
TN047,TN,047,*kawt
TN047,TN,047,#kawt
TN048,TN,048,!kech
TN048,TN,048,#kawt
TN049,TN,049,!kech
TN049,TN,049,*kawt
TN049,TN,049,#kawt
TN050,TN,050,!kech
TN050,TN,050,*kawt
TN050,TN,050,#kawt
TN051,TN,051,!kech
TN051,TN,051,*kawt
TN051,TN,051,#kawt
TN052,TN,052,!kech
TN053,TN,053,!kech
TN053,TN,053,*kawt
TN053,TN,053,#kawt
TN054,TN,054,!kech
TN054,TN,054,*kawt
TN054,TN,054,#kawt
TN055,TN,055,!kach
TN055,TN,055,*kawt
TN055,TN,055,#kawt
TN056,TN,056,!kech
TN056,TN,056,*kawt
TN057,TN,057,!kech
TN057,TN,057,*kawt
TN057,TN,057,#kawt
TN058,TN,058,!kech
TN058,TN,058,*kawt
TN058,TN,058,#kawt
TN059,TN,059,!kech
TN059,TN,059,*kawt
TN059,TN,059,#kawt
TN060,TN,060,!kach
TN060,TN,060,*kawt
TN060,TN,060,#kawt
GA061,GA,061,!kech
GA061,GA,061,*kawt
GA062,GA,062,!kech
GA062,GA,062,*kawt
GA062,GA,062,#kawt
GA063,GA,063,-
GA064,GA,064,!kech
GA064,GA,064,*kecht
GA064,GA,064,#kawt
GA065,GA,065,!kech
GA066,GA,066,!kech
GA066,GA,066,#kawt
GA067,GA,067,!kech
GA067,GA,067,*kawt
GA068,GA,068,-
GA069,GA,069,!kech
GA069,GA,069,*kawt
GA070,GA,070,!kech
GA070,GA,070,*kawt
GA071,GA,071,!kech
GA071,GA,071,*kawt
GA071,GA,071,#kawt
GA072,GA,072,!kech
GA072,GA,072,!kich
GA072,GA,072,*kawt
GA073,GA,073,!kech
GA073,GA,073,*kawt
GA073,GA,073,#kawt
GA074,GA,074,!kech
GA074,GA,074,*kot
GA074,GA,074,#kot
GA075,GA,075,&kechIz=14
GA075,GA,075,*kawt
GA075,GA,075,#kawt
GA076,GA,076,!kech
GA076,GA,076,*kawt
GA077,GA,077,!kech
GA077,GA,077,!kes
GA077,GA,077,@kechN=14
GA077,GA,077,@kechId=14
GA077,GA,077,*kawd
GA077,GA,077,#kawt
GA077,GA,077,#kawd
GA078,GA,078,!kech
GA078,GA,078,*kawt
GA079,GA,079,!kach
GA079,GA,079,*kawt
GA080,GA,080,-
GA081,GA,081,!kech
GA081,GA,081,*kawt
GA082,GA,082,*kawt
GA083,GA,083,!kech
GA083,GA,083,&kechIz=14
GA083,GA,083,#kawt
GA084,GA,084,!kech
GA084,GA,084,@kechN=14
GA084,GA,084,*kecht
GA084,GA,084,#kech
GA085,GA,085,!kech
GA085,GA,085,*kawt
GA085,GA,085,#kawt
GA086,GA,086,!kach
GA086,GA,086,*kawt
GA086,GA,086,#kawt
GA087,GA,087,!kech
GA087,GA,087,*kawt
GA087,GA,087,#kawt
GA088,GA,088,!kech
GA088,GA,088,*kawt
GA089,GA,089,@kechN=14
GA090,GA,090,!kech
GA091,GA,091,!kech
GA091,GA,091,*kawt
GA091,GA,091,#kawt
GA092,GA,092,-
GA093,GA,093,!kech
GA093,GA,093,!kets
GA093,GA,093,*kawt
GA094,GA,094,!kach
GA094,GA,094,*kawt
GA094,GA,094,#kawt
GA095,GA,095,!kech
GA095,GA,095,!kach
GA095,GA,095,*kawt
GA095,GA,095,#kawt
GA096,GA,096,!kech
GA096,GA,096,*kawt
GA096,GA,096,#kawt
GA097,GA,097,!kech
GA097,GA,097,*kawt
GA098,GA,098,!kesh
GA098,GA,098,!kyesh
GA098,GA,098,*kawt
GA098,GA,098,#kawt
GA099,GA,099,!kech
GA099,GA,099,!kach
GA099,GA,099,*kawt
GA099,GA,099,#kawt
GA100,GA,100,!kech
GA100,GA,100,*kawt
GA100,GA,100,#kawt
GA101,GA,101,!kech
GA101,GA,101,*kawt
GA101,GA,101,#kawt
GA102,GA,102,!kach
GA102,GA,102,*kawt
GA102,GA,102,#kawt
GA103,GA,103,!kech
GA103,GA,103,*kot
GA103,GA,103,#kot
GA104,GA,104,!kech
GA104,GA,104,*kawt
GA104,GA,104,#kawt
GA105,GA,105,!kech
GA105,GA,105,*kawt
GA105,GA,105,#kawt
GA106,GA,106,!kech
GA106,GA,106,*kawt
GA106,GA,106,#kawt
GA107,GA,107,!kech
GA107,GA,107,#kawt
GA108,GA,108,!kech
GA108,GA,108,*kawt
GA109,GA,109,!kech
GA109,GA,109,*kawt
GA109,GA,109,#kawt
GA110,GA,110,!kech
GA110,GA,110,*kawt
GA110,GA,110,#kawt
GA111,GA,111,!kech
GA111,GA,111,*kawt
GA111,GA,111,#kawt
GA112,GA,112,!kech
GA112,GA,112,*kawt
GA112,GA,112,#kawt
GA113,GA,113,!kech
GA114,GA,114,*kawt
GA114,GA,114,#kawt
GA115,GA,115,-
GA116,GA,116,-
GA117,GA,117,!kach
GA117,GA,117,*kawt
GA118,GA,118,!kach
GA119,GA,119,!kech
GA120,GA,120,!kech
GA120,GA,120,*kawt
GA120,GA,120,#kawt
GA121,GA,121,#kawt
GA122,GA,122,!kech
GA122,GA,122,*kawt
GA122,GA,122,#kawt
GA123,GA,123,!kach
GA123,GA,123,*kawt
GA124,GA,124,!kech
GA124,GA,124,*kawt
GA124,GA,124,#kawt
GA125,GA,125,!kech
GA125,GA,125,*kawt
GA126,GA,126,!kech
GA127,GA,127,!kech
GA128,GA,128,!kech
GA128,GA,128,#kawt
GA129,GA,129,!kich
GA129,GA,129,*kawt
GA130,GA,130,-
GA131,GA,131,!kech
GA132,GA,132,!kech
GA132,GA,132,#kawt
GA133,GA,133,#kawt
GA134,GA,134,!kech
GA134,GA,134,*kecht
GA135,GA,135,!kech
GA135,GA,135,*kawt
GA135,GA,135,#kawt
GA136,GA,136,!kech
GA136,GA,136,*kawt
GA136,GA,136,#kawt
GA137,GA,137,*kawt
GA137,GA,137,#kawt
GA138,GA,138,!kach
GA138,GA,138,*kawt
GA139,GA,139,!kech
GA139,GA,139,*kawt
GA139,GA,139,#kawt
GA140,GA,140,!kech
GA140,GA,140,&kachIz=14
GA141,GA,141,!kech
GA141,GA,141,*kawt
GA141,GA,141,#kawt
GA142,GA,142,!kech
GA142,GA,142,*kawt
GA143,GA,143,!kach
GA143,GA,143,*kawt
GA143,GA,143,#kawt
GA144,GA,144,!kach
GA144,GA,144,*kawt
GA144,GA,144,#kawt
GA145,GA,145,!kech
GA146,GA,146,!kech
GA146,GA,146,*kawt
GA146,GA,146,#kawt
GA147,GA,147,-
GA148,GA,148,!kech
GA148,GA,148,!kach
GA148,GA,148,*kawt
GA148,GA,148,#kawt
GA149,GA,149,!kech
GA149,GA,149,*kech
GA149,GA,149,#kawt
GA150,GA,150,!kech
GA150,GA,150,*kawt
GA150,GA,150,#kawt
GA151,GA,151,!kech
GA151,GA,151,*kawt
GA152,GA,152,#kawt
GA153,GA,153,-
GA154,GA,154,!kech
GA154,GA,154,*kawt
GA155,GA,155,!kach
GA155,GA,155,*kawt
GA156,GA,156,!kech
GA157,GA,157,-
GA158,GA,158,-
GA159,GA,159,#kawt
GA160,GA,160,&kechIz=14
GA161,GA,161,!kach
GA161,GA,161,*kawt
GA161,GA,161,#kawt
GA162,GA,162,!kech
GA162,GA,162,*kech
GA163,GA,163,!kech
GA163,GA,163,*kawt
GA163,GA,163,#kawt
GA164,GA,164,!kech
GA164,GA,164,*kawt
GA164,GA,164,#kawt
GA165,GA,165,!kech
GA165,GA,165,*kawt
GA165,GA,165,#kawt
GA166,GA,166,!kech
GA166,GA,166,*kawt
GA166,GA,166,#kawt
GA167,GA,167,!kech
GA167,GA,167,*kawt
GA167,GA,167,#kawt
GA168,GA,168,-
GA169,GA,169,!kech
GA169,GA,169,*kawt
GA170,GA,170,!kech
GA170,GA,170,*kawt
GA170,GA,170,#kawt
GA171,GA,171,!kech
GA171,GA,171,*kawt
GA171,GA,171,*kot
GA171,GA,171,#kawt
GA172,GA,172,!kech
GA172,GA,172,!kach
GA172,GA,172,*kawt
GA172,GA,172,#kawt
GA173,GA,173,!kech
GA174,GA,174,-
GA175,GA,175,*kawt
GA175,GA,175,#kawt
GA176,GA,176,!kech
GA176,GA,176,*kawt
GA176,GA,176,#kawt
GA177,GA,177,!kech
GA177,GA,177,#kawt
GA178,GA,178,-
GA179,GA,179,!kech
GA180,GA,180,*kawt
GA181,GA,181,!kech
GA181,GA,181,*kawt
GA182,GA,182,-
GA183,GA,183,!kech
GA183,GA,183,*kawt
GA183,GA,183,#kawt
GA184,GA,184,!kech
GA184,GA,184,*kawt
GA184,GA,184,*koet
GA184,GA,184,#kawt
GA185,GA,185,!kech
GA185,GA,185,&kechIz=14
GA185,GA,185,*kawt
GA185,GA,185,#kawt
GA186,GA,186,!kach
GA186,GA,186,@kechN=14
GA186,GA,186,*kawt
GA186,GA,186,#kawt
GA187,GA,187,!kech
GA188,GA,188,!kech
GA188,GA,188,*kawt
GA189,GA,189,!kech
GA189,GA,189,!kach
GA189,GA,189,*kawt
GA189,GA,189,#kawt
GA190,GA,190,!kech
GA190,GA,190,*kawt
GA191,GA,191,!kech
GA191,GA,191,*kawt
GA191,GA,191,#kawt
GA192,GA,192,!kech
GA192,GA,192,!kach
GA192,GA,192,*kawt
GA192,GA,192,#kawt
GA193,GA,193,!kech
GA193,GA,193,*kawt
GA194,GA,194,!kech
GA194,GA,194,*kawt
GA194,GA,194,#kawt
GA195,GA,195,!kech
GA196,GA,196,*kawt
GA197,GA,197,-
GA198,GA,198,-
GA199,GA,199,!kech
GA199,GA,199,*kawt
GA199,GA,199,*kecht
GA200,GA,200,!kech
GA200,GA,200,!kach
GA200,GA,200,*kawt
GA200,GA,200,#kech
GA201,GA,201,!kech
GA201,GA,201,*kawt
GA202,GA,202,!kech
GA203,GA,203,!kech
GA203,GA,203,!kach
GA203,GA,203,&kachIz=14
GA203,GA,203,*kawt
GA204,GA,204,-
GA205,GA,205,!kech
GA205,GA,205,*kawt
GA206,GA,206,!kach
GA206,GA,206,!kesh
GA206,GA,206,*kawt
GA206,GA,206,#kawt
GA207,GA,207,-
GA208,GA,208,!kech
GA208,GA,208,*kawt
GA208,GA,208,#kawt
GA209,GA,209,!kech
GA210,GA,210,!kech
GA210,GA,210,*kawt
GA210,GA,210,#kawt
GA211,GA,211,!kech
GA211,GA,211,*kawt
GA211,GA,211,#kawt
GA212,GA,212,-
GA213,GA,213,!kach
GA213,GA,213,#kawt
GA214,GA,214,!kach
GA214,GA,214,*kawt
GA214,GA,214,#kawt
GA215,GA,215,!kech
GA215,GA,215,*kawt
GA215,GA,215,#kawt
GA216,GA,216,!kach
GA216,GA,216,*kawt
GA216,GA,216,#kawt
GA217,GA,217,!kech
GA217,GA,217,*kawt
GA218,GA,218,!kech
GA219,GA,219,!kyech
GA219,GA,219,*kawt
GA220,GA,220,!kech
GA220,GA,220,!kich
GA220,GA,220,*kawt
GA221,GA,221,!kech
GA221,GA,221,*kawt
GA222,GA,222,!kech
GA222,GA,222,@kechN=14
GA222,GA,222,*kawt
GA222,GA,222,#kawt
GA223,GA,223,!kech
GA223,GA,223,*kawt
GA224,GA,224,!kech
GA224,GA,224,!kich
GA224,GA,224,!ked
GA224,GA,224,*kawt
GA225,GA,225,!kech
FL226,FL,226,!kech
FL227,FL,227,!kech
FL227,FL,227,*kawt
FL227,FL,227,#kawt
FL228,FL,228,!kech
FL228,FL,228,*kot
FL228,FL,228,#kot
FL229,FL,229,!kech
FL229,FL,229,*kawt
FL229,FL,229,#kawt
FL230,FL,230,!kech
FL230,FL,230,*kawt
FL230,FL,230,#kawt
FL231,FL,231,!kach
FL231,FL,231,#kawt
FL232,FL,232,!kyach
FL232,FL,232,*kawt
FL232,FL,232,#kawt
FL233,FL,233,!kech
FL233,FL,233,*kawt
FL233,FL,233,#kawt
FL234,FL,234,!kech
FL234,FL,234,*kot
FL234,FL,234,#kot
FL235,FL,235,!kech
FL235,FL,235,*kawt
FL235,FL,235,#kawt
FL236,FL,236,!kech
FL236,FL,236,*kawt
FL236,FL,236,#kawt
FL237,FL,237,!kech
FL237,FL,237,*kawt
FL237,FL,237,#kawt
FL238,FL,238,!kech
FL238,FL,238,*kawt
FL238,FL,238,#kawt
FL239,FL,239,!kech
FL239,FL,239,*kawt
FL239,FL,239,#kawt
FL240,FL,240,!kech
FL240,FL,240,*kawt
FL240,FL,240,*kot
FL240,FL,240,#kot
FL241,FL,241,!kech
FL242,FL,242,!kech
FL242,FL,242,!kach
FL242,FL,242,*kawt
FL242,FL,242,#kawt
FL243,FL,243,!kech
FL243,FL,243,*kawt
FL243,FL,243,#kawt
FL244,FL,244,!kech
FL244,FL,244,*kawt
FL244,FL,244,#kawt
FL245,FL,245,!kech
FL245,FL,245,&kechIz=14
FL245,FL,245,*kawt
FL245,FL,245,#kawt
FL246,FL,246,!kech
FL246,FL,246,*kawt
FL246,FL,246,#kawt
FL247,FL,247,!kech
FL247,FL,247,!kach
FL247,FL,247,*kawt
FL247,FL,247,#kawt
FL248,FL,248,!kach
FL248,FL,248,*kawt
FL248,FL,248,*kot
FL248,FL,248,#kot
FL249,FL,249,!kech
FL249,FL,249,#kawt
FL250,FL,250,!kech
FL250,FL,250,*kawt
FL250,FL,250,#kawt
FL251,FL,251,!kech
FL252,FL,252,!kech
FL252,FL,252,*kawt
FL253,FL,253,!kach
FL253,FL,253,*kawt
FL253,FL,253,#kawt
FL254,FL,254,!kech
FL254,FL,254,*kawt
FL254,FL,254,#kawt
FL255,FL,255,!kach
FL255,FL,255,*kot
FL255,FL,255,#kawt
FL256,FL,256,!kech
FL256,FL,256,*kawt
FL256,FL,256,#kawt
FL257,FL,257,!kech
FL257,FL,257,*kawt
FL257,FL,257,#kawt
FL258,FL,258,!kech
FL258,FL,258,*kawt
FL258,FL,258,#kawt
FL259,FL,259,!kach
FL259,FL,259,*kawt
FL259,FL,259,#kawt
FL260,FL,260,!kech
FL260,FL,260,*kawt
FL260,FL,260,#kawt
FL261,FL,261,!kech
FL261,FL,261,!kuch
FL261,FL,261,*kot
FL261,FL,261,#kot
FL262,FL,262,!kech
FL262,FL,262,*kawt
FL262,FL,262,#kawt
FL263,FL,263,!kech
FL263,FL,263,!kach
FL263,FL,263,*kawt
FL263,FL,263,#kawt
FL264,FL,264,!kech
FL264,FL,264,*kawt
FL264,FL,264,#kawt
FL265,FL,265,!kech
FL265,FL,265,@kechN=14
FL265,FL,265,*kawt
FL265,FL,265,#kawt
FL266,FL,266,!kech
FL266,FL,266,*kawt
FL267,FL,267,!kech
FL267,FL,267,*kawt
FL267,FL,267,#kawt
FL268,FL,268,-
FL269,FL,269,!kech
FL269,FL,269,*kawt
FL269,FL,269,*koet
FL269,FL,269,#kawt
FL269,FL,269,#koet
FL270,FL,270,!kech
FL270,FL,270,*kawt
FL270,FL,270,#kawt
FL271,FL,271,!kech
FL271,FL,271,*koet
FL271,FL,271,#koet
FL272,FL,272,!kach
FL272,FL,272,*kawt
FL272,FL,272,#kawt
FL273,FL,273,!kech
FL273,FL,273,*kawt
FL273,FL,273,#kawt
FL274,FL,274,!kach
FL274,FL,274,*kawt
FL275,FL,275,!kech
FL275,FL,275,*kawt
FL276,FL,276,!kech
FL276,FL,276,!kach
FL276,FL,276,*kawt
FL277,FL,277,!kach
FL277,FL,277,*kawt
FL277,FL,277,#kawt
FL278,FL,278,!kach
FL278,FL,278,*kawt
FL278,FL,278,#kawt
FL279,FL,279,!kach
FL279,FL,279,*kawt
FL279,FL,279,#kot
FL280,FL,280,!kech
FL280,FL,280,*kawt
FL280,FL,280,#kawt
FL281,FL,281,!kech
FL281,FL,281,*kawt
FL281,FL,281,#kawt
FL282,FL,282,#kawt
FL283,FL,283,!kech
FL283,FL,283,*kawt
FL283,FL,283,#kecht
FL284,FL,284,!kech
FL284,FL,284,*kawt
FL284,FL,284,#kawt
FL285,FL,285,!kech
FL285,FL,285,*kot
FL286,FL,286,!kech
FL286,FL,286,*kawt
FL286,FL,286,#kawt
FL287,FL,287,!kech
FL288,FL,288,!kach
FL288,FL,288,*kawt
FL289,FL,289,!kach
FL289,FL,289,*kawt
FL289,FL,289,#kawt
TN290,TN,290,!kech
TN290,TN,290,*kecht
TN290,TN,290,#kawt
TN291,TN,291,!kach
TN291,TN,291,*kawt
TN291,TN,291,#kawt
TN292,TN,292,!kach
TN292,TN,292,*kawt
TN292,TN,292,#kawt
TN293,TN,293,!kech
TN293,TN,293,*kawt
TN293,TN,293,#kawt
TN294,TN,294,!kech
TN294,TN,294,*kawt
TN294,TN,294,#kawt
TN295,TN,295,!kech
TN295,TN,295,*kawt
TN295,TN,295,#kawt
TN296,TN,296,!kech
TN296,TN,296,*kawt
TN296,TN,296,#kawt
TN297,TN,297,!kech
TN297,TN,297,!kach
TN297,TN,297,*kawt
TN297,TN,297,#kawt
TN298,TN,298,*kawt
TN299,TN,299,!kech
TN299,TN,299,*kawt
TN299,TN,299,#kawt
TN300,TN,300,!kech
TN300,TN,300,*kawt
TN300,TN,300,#kawt
TN301,TN,301,!kech
TN301,TN,301,*kecht
TN301,TN,301,#kecht
TN302,TN,302,!kech
TN302,TN,302,*kawt
TN302,TN,302,#kawt
TN303,TN,303,!kech
TN303,TN,303,*kawt
TN303,TN,303,#kawt
TN304,TN,304,!kech
TN304,TN,304,*kawt
TN305,TN,305,!kech
TN305,TN,305,!kich
TN306,TN,306,!kech
TN306,TN,306,&kechIz=14
TN306,TN,306,*kawt
TN307,TN,307,!kach
TN307,TN,307,*kawt
TN307,TN,307,#kawt
TN308,TN,308,-
TN309,TN,309,!kech
TN310,TN,310,-
TN311,TN,311,-
TN312,TN,312,&kachIz=14
TN312,TN,312,*kawt
TN312,TN,312,#kawt
TN313,TN,313,#kawt
TN314,TN,314,!kech
TN314,TN,314,*kawt
TN314,TN,314,#kawt
TN315,TN,315,!kech
TN315,TN,315,*kawt
TN316,TN,316,!kech
TN316,TN,316,#kawt
TN317,TN,317,!kech
TN317,TN,317,*kawt
TN317,TN,317,#kawt
TN318,TN,318,!kech
TN318,TN,318,*kawt
TN318,TN,318,#kawt
TN319,TN,319,#kawt
TN320,TN,320,!kech
TN320,TN,320,*kawt
TN320,TN,320,#kawt
TN321,TN,321,!kech
TN321,TN,321,*kawt
TN321,TN,321,#kawt
TN322,TN,322,!kech
TN322,TN,322,*kawt
TN322,TN,322,#kawt
TN323,TN,323,!kech
TN323,TN,323,*kawt
TN323,TN,323,#kawt
TN324,TN,324,!kach
TN324,TN,324,*kawt
TN324,TN,324,#kawt
TN325,TN,325,!kech
TN325,TN,325,!kach
TN325,TN,325,*kawt
TN325,TN,325,#kawt
TN326,TN,326,!kech
TN326,TN,326,*kawt
TN326,TN,326,#kawt
TN327,TN,327,!kech
TN327,TN,327,*kawt
TN327,TN,327,#kawt
TN328,TN,328,!kach
TN328,TN,328,*kawt
TN329,TN,329,!kach
TN329,TN,329,*kawt
TN329,TN,329,#kawt
TN330,TN,330,!kech
TN330,TN,330,*kawt
TN330,TN,330,#kawt
TN331,TN,331,!kech
TN331,TN,331,*kawt
TN331,TN,331,#kawt
TN332,TN,332,!kech
TN332,TN,332,!kich
TN332,TN,332,*kawt
TN332,TN,332,#kawt
TN333,TN,333,!kech
TN333,TN,333,#kawt
TN334,TN,334,!kech
TN334,TN,334,*kawt
TN334,TN,334,#kawt
TN335,TN,335,!kech
TN336,TN,336,!kech
TN336,TN,336,*kawt
TN336,TN,336,#kawt
AL337,AL,337,#kawt
AL338,AL,338,!kach
AL338,AL,338,*kawt
AL338,AL,338,#kawt
AL339,AL,339,!kech
AL339,AL,339,*kawt
AL340,AL,340,!kech
AL341,AL,341,#kawt
AL342,AL,342,!kich
AL342,AL,342,*kawt
AL342,AL,342,#kawt
AL343,AL,343,!kach
AL343,AL,343,*kawt
AL343,AL,343,#kawt
AL344,AL,344,!kech
AL345,AL,345,!kech
AL345,AL,345,*kawt
AL346,AL,346,!kech
AL346,AL,346,*kawt
AL346,AL,346,#kawt
AL347,AL,347,!krech
AL347,AL,347,*kawt
AL347,AL,347,#kawt
AL348,AL,348,!kech
AL348,AL,348,*kawt
AL348,AL,348,#kawt
AL349,AL,349,!kech
AL349,AL,349,*kawt
AL349,AL,349,*kecht
AL349,AL,349,#kawt
AL350,AL,350,!kech
AL351,AL,351,!kech
AL351,AL,351,*kawt
AL351,AL,351,#kawt
AL352,AL,352,!kech
AL352,AL,352,@kechNG=14
AL352,AL,352,*kot
AL352,AL,352,#kawt
AL353,AL,353,!kech
AL353,AL,353,#kawt
AL354,AL,354,!kech
AL354,AL,354,*kawt
AL354,AL,354,#kawt
AL355,AL,355,!kech
AL355,AL,355,*kawt
AL356,AL,356,!kach
AL356,AL,356,*kawt
AL356,AL,356,#kawt
AL357,AL,357,!kach
AL357,AL,357,*kawt
AL357,AL,357,#kawt
AL358,AL,358,!kech
AL358,AL,358,!kach
AL358,AL,358,*kawt
AL358,AL,358,#kawt
AL359,AL,359,!kech
AL359,AL,359,*kawt
AL360,AL,360,!kech
AL360,AL,360,*kawt
AL360,AL,360,#kawt
AL361,AL,361,!kech
AL361,AL,361,*kawt
AL362,AL,362,-
AL363,AL,363,!kech
AL363,AL,363,*kawt
AL363,AL,363,#kawt
AL364,AL,364,!kech
AL364,AL,364,#kawt
AL365,AL,365,!kech
AL366,AL,366,!kach
AL366,AL,366,*kawt
AL367,AL,367,-
AL368,AL,368,!kuch
AL368,AL,368,*kawt
AL368,AL,368,#kawt
AL369,AL,369,!kech
AL370,AL,370,!kech
AL370,AL,370,*kawt
AL370,AL,370,#kawt
AL371,AL,371,-
AL372,AL,372,!kach
AL372,AL,372,*kawt
AL372,AL,372,#kawt
AL373,AL,373,-
AL374,AL,374,!kech
AL374,AL,374,*kawt
AL374,AL,374,#kawt
AL375,AL,375,!kach
AL375,AL,375,*kawt
AL375,AL,375,#kawt
AL376,AL,376,-
AL377,AL,377,!kech
AL378,AL,378,#kot
AL379,AL,379,!kech
AL379,AL,379,*kawt
AL379,AL,379,#kawt
AL380,AL,380,!kech
AL380,AL,380,*kawt
AL380,AL,380,#kawt
AL381,AL,381,!kech
AL381,AL,381,*kawt
AL381,AL,381,#kawt
AL382,AL,382,!kech
AL382,AL,382,&kechIz=14
AL382,AL,382,*kawt
AL382,AL,382,#kawt
AL383,AL,383,!kach
AL383,AL,383,*kawt
AL383,AL,383,#kawt
AL384,AL,384,!kech
AL384,AL,384,*kawt
AL384,AL,384,#kawt
AL385,AL,385,!kach
AL385,AL,385,*kawt
AL385,AL,385,#kawt
AL386,AL,386,!kech
AL386,AL,386,!kach
AL386,AL,386,*kawt
AL386,AL,386,#kawt
AL387,AL,387,!kech
AL387,AL,387,*kawt
AL387,AL,387,#kawt
AL388,AL,388,!kech
AL388,AL,388,#kawt
AL389,AL,389,!kech
AL390,AL,390,!kech
AL390,AL,390,*kawt
AL390,AL,390,#kawt
AL391,AL,391,!kach
AL391,AL,391,*kawt
AL391,AL,391,#kawt
AL392,AL,392,!kech
AL393,AL,393,!kach
AL393,AL,393,*kawt
AL393,AL,393,#kawt
AL394,AL,394,!kech
AL394,AL,394,*kawt
AL394,AL,394,#kawt
AL395,AL,395,!kech
AL395,AL,395,*kawt
AL395,AL,395,#kawt
AL396,AL,396,!kech
AL397,AL,397,!kech
AL397,AL,397,*kawt
AL397,AL,397,#kawt
AL398,AL,398,!kech
AL398,AL,398,*kawt
AL399,AL,399,!kech
AL399,AL,399,*kawt
AL399,AL,399,*kuch
AL399,AL,399,#kawt
AL400,AL,400,!kech
AL400,AL,400,*kawt
AL400,AL,400,#kawt
AL401,AL,401,!kech
AL401,AL,401,*koch
AL402,AL,402,!kech
AL402,AL,402,*kawt
AL402,AL,402,#kawt
AL403,AL,403,!kech
AL404,AL,404,!kech
AL404,AL,404,*kawt
AL404,AL,404,#kawt
AL405,AL,405,!kech
AL405,AL,405,*kawt
AL405,AL,405,#kot
AL406,AL,406,-
AL407,AL,407,!kech
AL407,AL,407,!kach
AL407,AL,407,*kawt
AL407,AL,407,#kawt
AL408,AL,408,!kech
AL408,AL,408,*kawt
AL408,AL,408,#kawt
AL409,AL,409,!kech
AL409,AL,409,*kawt
AL409,AL,409,#kawt
AL410,AL,410,!kech
AL411,AL,411,!kech
AL411,AL,411,*kawt
AL411,AL,411,#kawt
AL412,AL,412,!kech
AL412,AL,412,*kawt
AL413,AL,413,-
AL414,AL,414,!kech
AL414,AL,414,*kawt
AL414,AL,414,#kawt
AL415,AL,415,!kech
AL415,AL,415,!kach
AL415,AL,415,#kawt
AL416,AL,416,*kawt
AL416,AL,416,#kawt
AL417,AL,417,!kach
AL417,AL,417,!kuch
AL417,AL,417,*kawt
AL417,AL,417,#kawt
AL418,AL,418,!kech
AL418,AL,418,*kawt
AL418,AL,418,#kawt
AL419,AL,419,!kech
AL419,AL,419,*kawt
AL419,AL,419,#kawt
AL420,AL,420,!kech
AL420,AL,420,*kawt
AL420,AL,420,#kawt
AL421,AL,421,!kech
AL421,AL,421,*kawt
AL421,AL,421,#kawt
AL422,AL,422,*kawt
AL423,AL,423,!kach
AL423,AL,423,*kawt
AL423,AL,423,#kawt
AL424,AL,424,!kech
AL424,AL,424,*kawt
AL424,AL,424,#kawt
AL425,AL,425,!kech
AL425,AL,425,*kawt
AL426,AL,426,@AkechN=414
AL426,AL,426,*kawt
AL426,AL,426,#kawt
AL427,AL,427,!kech
AL427,AL,427,*kawt
AL427,AL,427,#kawt
AL428,AL,428,!kech
AL428,AL,428,*kawt
AL428,AL,428,#kawt
AL429,AL,429,!kech
AL430,AL,430,!kech
AL430,AL,430,*kawt
AL430,AL,430,#kawt
AL431,AL,431,!kech
AL431,AL,431,*kawt
AL431,AL,431,#kawt
AL432,AL,432,!kech
AL433,AL,433,!kech
AL433,AL,433,*kawt
AL433,AL,433,#kawt
AL434,AL,434,!kech
AL434,AL,434,!kach
AL434,AL,434,*kawt
AL435,AL,435,!kach
AL435,AL,435,*kawt
AL435,AL,435,#kawt
AL436,AL,436,!kech
AL436,AL,436,*kawt
AL436,AL,436,#kawt
AL437,AL,437,!kech
AL437,AL,437,*kawt
AL437,AL,437,#kawt
AL438,AL,438,!kech
AL438,AL,438,*kawt
AL438,AL,438,#kawt
AL439,AL,439,!kech
AL439,AL,439,*kawt
AL439,AL,439,#kawt
AL440,AL,440,-
AL441,AL,441,!kech
AL441,AL,441,*kawt
AL441,AL,441,#kawt
AL442,AL,442,!kich
AL442,AL,442,!kets
AL442,AL,442,&kechIz=14
AL442,AL,442,*kawt
AL442,AL,442,#kawt
AL443,AL,443,!kech
AL443,AL,443,*kawt
AL443,AL,443,#kawt
AL444,AL,444,!kech
AL444,AL,444,*kawt
AL444,AL,444,#kawt
AL445,AL,445,!kech
AL445,AL,445,*kawt
AL445,AL,445,#kawt
AL446,AL,446,!kech
AL446,AL,446,*kawt
AL447,AL,447,!kech
AL447,AL,447,!kach
AL447,AL,447,#kawt
AL448,AL,448,!kech
AL448,AL,448,*kawt
AL448,AL,448,#kawt
AL449,AL,449,*kecht
AL450,AL,450,!kech
AL450,AL,450,@kechN=14
AL450,AL,450,*kawt
AL451,AL,451,!kech
AL451,AL,451,!kich
AL451,AL,451,*kawt
AL451,AL,451,#kawt
FL452,FL,452,!kech
FL452,FL,452,*kawt
FL452,FL,452,#kawt
FL453,FL,453,!kech
FL453,FL,453,*kawt
FL454,FL,454,&kechIz=14
FL454,FL,454,*kawt
FL455,FL,455,!kech
FL455,FL,455,*kawt
FL455,FL,455,#kawt
FL456,FL,456,!kach
FL456,FL,456,*kawt
FL456,FL,456,#kawt
FL457,FL,457,!kech
FL457,FL,457,*kawt
FL457,FL,457,#kawt
FL458,FL,458,!kech
FL458,FL,458,*kot
FL458,FL,458,#kot
FL459,FL,459,-
FL460,FL,460,!kech
FL460,FL,460,*kawt
FL461,FL,461,!kech
FL461,FL,461,*kawt
FL461,FL,461,#kawt
FL462,FL,462,!kich
FL462,FL,462,*koet
FL462,FL,462,#kawt
FL462,FL,462,#koet
FL463,FL,463,!kech
FL464,FL,464,!kech
FL464,FL,464,*kawt
FL464,FL,464,#kawt
FL465,FL,465,!kech
FL465,FL,465,*kawt
FL465,FL,465,#kawt
FL466,FL,466,!kech
FL466,FL,466,*kawt
FL466,FL,466,#kawt
FL467,FL,467,!kech
FL467,FL,467,*kawt
FL468,FL,468,!kach
FL468,FL,468,*kawt
FL468,FL,468,#kawt
FL469,FL,469,!kech
FL469,FL,469,*kawt
FL469,FL,469,#kawt
FL470,FL,470,!kech
FL470,FL,470,*kawt
FL470,FL,470,#kawt
FL471,FL,471,!kech
FL471,FL,471,!kach
FL471,FL,471,*kawt
FL471,FL,471,#kawt
AL472,AL,472,!kech
AL472,AL,472,*kawt
AL472,AL,472,#kawt
AL473,AL,473,!kech
AL473,AL,473,!kechIz=14
AL473,AL,473,*kawt
AL474,AL,474,!kech
AL474,AL,474,*kawt
AL474,AL,474,#kawt
AL475,AL,475,!kech
AL475,AL,475,*kawt
AL475,AL,475,#kawt
AL476,AL,476,!kech
AL476,AL,476,*kawt
AL476,AL,476,#kawt
AL477,AL,477,!kech
AL477,AL,477,*kawt
AL477,AL,477,#kawt
AL478,AL,478,!kech
AL479,AL,479,!kech
AL479,AL,479,*kawt
AL479,AL,479,#kawt
AL480,AL,480,!kech
AL480,AL,480,*kawt
AL480,AL,480,#kawt
AL481,AL,481,!kech
AL481,AL,481,*kawt
AL482,AL,482,!kech
AL482,AL,482,*kawt
AL483,AL,483,#kawt
AL484,AL,484,!kach
AL484,AL,484,*kawt
AL484,AL,484,#kot
AL485,AL,485,!kech
TN486,TN,486,!kech
TN486,TN,486,!kach
TN486,TN,486,*kawt
TN486,TN,486,#kawt
TN487,TN,487,!kech
TN488,TN,488,!kech
TN488,TN,488,*kawt
TN489,TN,489,!kech
TN489,TN,489,*kawt
TN490,TN,490,!kach
TN490,TN,490,*kawt
TN490,TN,490,#kawt
TN491,TN,491,-
TN492,TN,492,!kech
TN492,TN,492,*kawt
TN493,TN,493,!kech
TN493,TN,493,*kawt
TN493,TN,493,#kawt
TN494,TN,494,-
TN495,TN,495,!kech
TN495,TN,495,*kawt
TN496,TN,496,!kech
TN496,TN,496,#kawt
TN497,TN,497,!kech
TN497,TN,497,*kawt
TN497,TN,497,#kawt
TN498,TN,498,!kech
TN498,TN,498,*kawt
TN499,TN,499,!kech
TN499,TN,499,*kawt
TN500,TN,500,!kech
TN500,TN,500,*kawt
TN501,TN,501,!kech
TN501,TN,501,*kawt
TN502,TN,502,!kech
TN502,TN,502,*kawt
TN503,TN,503,!kech
TN504,TN,504,!kech
TN504,TN,504,*kawt
TN505,TN,505,!kech
TN505,TN,505,*kawt
TN505,TN,505,*kocht
TN505,TN,505,*kicht
TN506,TN,506,!kech
TN507,TN,507,!kech
TN507,TN,507,*kawt
TN507,TN,507,*kot
TN507,TN,507,#kawt
TN507,TN,507,#kot
TN508,TN,508,-
TN509,TN,509,!kech
TN509,TN,509,*kawt
TN509,TN,509,#kawt
TN510,TN,510,!kech
TN511,TN,511,-
TN512,TN,512,-
TN513,TN,513,!kech
TN513,TN,513,*kawt
TN514,TN,514,!kach
TN514,TN,514,*kawt
TN515,TN,515,!kach
TN516,TN,516,!kech
TN516,TN,516,*kot
TN516,TN,516,#kot
TN517,TN,517,!kech
TN517,TN,517,*kawt
TN517,TN,517,#kawt
TN518,TN,518,!kach
TN518,TN,518,*kawt
TN519,TN,519,!kech
TN519,TN,519,*kawt
TN519,TN,519,*kot
MS520,MS,520,-
MS521,MS,521,!kach
MS521,MS,521,*kawt
MS522,MS,522,!kech
MS522,MS,522,*kawt
MS522,MS,522,#kawt
MS523,MS,523,-
MS524,MS,524,!kech
MS524,MS,524,*kawt
MS524,MS,524,#kawt
MS525,MS,525,!kech
MS525,MS,525,*kawt
MS526,MS,526,-
MS527,MS,527,!kach
MS527,MS,527,*kawt
MS528,MS,528,!kech
MS528,MS,528,*kawt
MS528,MS,528,#kawt
MS529,MS,529,!kech
MS529,MS,529,!kich
MS529,MS,529,*kawt
MS530,MS,530,!kech
MS531,MS,531,!kech
MS531,MS,531,#kawt
MS532,MS,532,!kech
MS532,MS,532,*kawt
MS532,MS,532,#kawt
MS533,MS,533,!kach
MS533,MS,533,*kawt
MS533,MS,533,#kawt
MS534,MS,534,!kech
MS535,MS,535,!kech
MS535,MS,535,!kets
MS535,MS,535,*kawt
MS535,MS,535,#kawt
MS536,MS,536,*kawt
MS536,MS,536,#kawt
MS537,MS,537,*kawt
MS538,MS,538,!kech
MS538,MS,538,*kawt
MS539,MS,539,!kech
MS539,MS,539,*kawt
MS540,MS,540,!kech
MS540,MS,540,!kach
MS540,MS,540,*kawt
MS540,MS,540,#kawt
MS541,MS,541,-
MS542,MS,542,!kech
MS543,MS,543,!kech
MS544,MS,544,!kech
MS544,MS,544,*kawt
MS545,MS,545,-
MS546,MS,546,!kech
MS546,MS,546,*kawt
MS547,MS,547,!kech
MS547,MS,547,*kawt
MS547,MS,547,#kawt
MS548,MS,548,!kech
MS548,MS,548,*kawt
MS548,MS,548,#kawt
MS549,MS,549,!kech
MS549,MS,549,*kawt
MS550,MS,550,!kech
MS550,MS,550,*kot
MS551,MS,551,!kach
MS551,MS,551,*kawt
MS551,MS,551,#kawt
MS552,MS,552,-
MS553,MS,553,!kach
MS554,MS,554,!kech
MS555,MS,555,-
MS556,MS,556,!kech
MS556,MS,556,*kawt
MS557,MS,557,!kech
MS557,MS,557,*kawt
MS557,MS,557,#kawt
MS558,MS,558,!kech
MS558,MS,558,*kawt
MS558,MS,558,#kawt
MS559,MS,559,!kech
MS559,MS,559,*kawt
MS560,MS,560,!kech
MS561,MS,561,!kech
MS561,MS,561,&kechIz=14
MS561,MS,561,*kawt
MS561,MS,561,#kawt
MS562,MS,562,!kach
MS562,MS,562,*kawt
MS562,MS,562,#kawt
MS563,MS,563,!kach
MS563,MS,563,*kawt
MS563,MS,563,#kawt
MS564,MS,564,!kach
MS564,MS,564,*kot
MS564,MS,564,#kawt
MS565,MS,565,&kechIz=14
MS566,MS,566,!kech
MS567,MS,567,!kech
MS567,MS,567,*kawt
MS568,MS,568,&kechIz=14
MS569,MS,569,!kech
MS570,MS,570,!kech
MS570,MS,570,*kawt
MS571,MS,571,!kech
MS571,MS,571,*kawt
MS571,MS,571,*kechd
MS572,MS,572,!kech
MS572,MS,572,*kawt
MS572,MS,572,#kawt
MS573,MS,573,!kech
MS573,MS,573,*kot
MS573,MS,573,#kot
MS574,MS,574,!kech
MS574,MS,574,*kawt
MS574,MS,574,#kawt
MS575,MS,575,!kech
MS575,MS,575,!kach
MS575,MS,575,*kawt
MS575,MS,575,#kawt
MS576,MS,576,!kech
MS576,MS,576,*kawt
MS576,MS,576,#kawt
MS577,MS,577,!kech
MS577,MS,577,*kawt
MS577,MS,577,#kawt
MS578,MS,578,!kech
MS578,MS,578,*kawt
MS578,MS,578,#kawt
MS579,MS,579,!kech
MS579,MS,579,!kach
MS579,MS,579,*kawt
MS579,MS,579,#kawt
MS580,MS,580,!kech
MS580,MS,580,*kawt
MS580,MS,580,#kawt
MS581,MS,581,!kech
MS581,MS,581,*kawt
MS582,MS,582,!kech
MS582,MS,582,&kechIz=14
MS582,MS,582,*kawt
MS582,MS,582,#kawt
MS583,MS,583,!kech
MS583,MS,583,*kawt
MS583,MS,583,#kawt
MS584,MS,584,!kech
MS584,MS,584,*kawt
MS584,MS,584,#kawt
MS585,MS,585,!kech
MS585,MS,585,!kechIz=14
MS585,MS,585,*kawt
MS585,MS,585,#kawt
MS586,MS,586,!kech
MS586,MS,586,*kawt
MS587,MS,587,*kawt
MS587,MS,587,#kawt
MS588,MS,588,!kech
MS588,MS,588,*kawt
MS588,MS,588,#kawt
MS589,MS,589,!kech
MS589,MS,589,*kawt
MS589,MS,589,#kawt
MS589,MS,589,#kaw(t)
MS590,MS,590,-
MS591,MS,591,!kech
MS591,MS,591,*kawt
MS591,MS,591,#kawt
MS592,MS,592,*kawt
MS592,MS,592,#kawt
MS593,MS,593,!kech
MS593,MS,593,*kawt
MS594,MS,594,!kech
MS594,MS,594,*kawt
MS595,MS,595,!kech
MS595,MS,595,!kach
MS595,MS,595,*kawt
MS595,MS,595,#kawt
MS596,MS,596,!kech
MS596,MS,596,*kawt
MS596,MS,596,#kawt
MS597,MS,597,!kech
MS597,MS,597,*kawt
MS597,MS,597,#kawt
MS598,MS,598,!kech
MS598,MS,598,@kechN=14
MS598,MS,598,*kawt
MS598,MS,598,#kawt
MS599,MS,599,!kech
MS599,MS,599,*kawt
MS599,MS,599,#kawt
MS600,MS,600,!kech
MS600,MS,600,!kits
MS600,MS,600,*kawt
MS600,MS,600,*kicht
MS600,MS,600,#kawt
MS601,MS,601,!kech
MS601,MS,601,*kawt
MS601,MS,601,#kawt
MS602,MS,602,!kech
MS602,MS,602,*kawt
MS602,MS,602,#kawt
MS603,MS,603,!kech
MS603,MS,603,!kach
MS604,MS,604,-
MS605,MS,605,!kech
MS605,MS,605,*kawt
MS606,MS,606,!kech
MS606,MS,606,*kawt
MS606,MS,606,#kawt
MS607,MS,607,!kech
MS607,MS,607,*kawt
MS607,MS,607,#kawt
MS608,MS,608,!kech
MS608,MS,608,*kawt
MS608,MS,608,#kawt
MS609,MS,609,!kech
MS610,MS,610,!kech
MS610,MS,610,*kawt
MS610,MS,610,#kawt
MS611,MS,611,!kech
MS611,MS,611,!kach
MS612,MS,612,!kech
MS612,MS,612,*kawt
MS613,MS,613,!kech
MS613,MS,613,*kawt
MS613,MS,613,#kawt
MS614,MS,614,-
MS615,MS,615,!kach
MS615,MS,615,*kawt
MS615,MS,615,#kawt
MS616,MS,616,!kech
MS616,MS,616,*kawt
MS616,MS,616,#kawt
MS617,MS,617,!kech
MS617,MS,617,*koet
MS617,MS,617,*koech
MS617,MS,617,#kawt
MS617,MS,617,#koet
MS618,MS,618,!kech
MS618,MS,618,@kechN=14
MS618,MS,618,*kawt
MS619,MS,619,!kech
MS619,MS,619,@kechN=14
MS620,MS,620,!kech
MS620,MS,620,*kawt
MS620,MS,620,*kot
MS621,MS,621,!kech
MS621,MS,621,#kawt
MS622,MS,622,!kech
MS622,MS,622,*kawt
MS622,MS,622,#kawt
MS623,MS,623,!kach
MS623,MS,623,*kawt
MS623,MS,623,#kawt
MS624,MS,624,!kech
MS624,MS,624,*kot
MS624,MS,624,#kot
MS625,MS,625,!kech
MS625,MS,625,*kawt
MS625,MS,625,#kawt
MS626,MS,626,!kech
MS626,MS,626,#kawt
MS627,MS,627,!kach
MS627,MS,627,*kot
MS627,MS,627,#kot
MS628,MS,628,!kech
MS628,MS,628,*kawt
MS628,MS,628,#kawt
MS629,MS,629,!kech
MS629,MS,629,*kawt
MS629,MS,629,#kawt
LA630,LA,630,!kech
LA630,LA,630,*kawt
LA630,LA,630,*kech
LA630,LA,630,#kawt
LA631,LA,631,!kech
LA631,LA,631,*kawt
LA632,LA,632,!kech
LA632,LA,632,*kawt
LA632,LA,632,*kot
LA632,LA,632,#kawt
LA633,LA,633,!kech
LA633,LA,633,*kawt
LA634,LA,634,!kech
LA634,LA,634,*kawt
LA634,LA,634,#kawt
LA635,LA,635,!kech
LA635,LA,635,*kawt
LA635,LA,635,#kawt
LA636,LA,636,*kawt
LA636,LA,636,#kawt
LA637,LA,637,!kech
LA637,LA,637,*kawt
LA638,LA,638,!kech
LA638,LA,638,*kawt
LA638,LA,638,#kawt
LA639,LA,639,*kawt
LA639,LA,639,#kawt
LA640,LA,640,!kech
LA640,LA,640,*kawt
LA640,LA,640,#kawt
LA641,LA,641,!kech
LA641,LA,641,*kawt
LA641,LA,641,#kawt
LA642,LA,642,!kech
LA643,LA,643,*kawt
LA643,LA,643,#kawt
LA644,LA,644,-
LA645,LA,645,!kech
LA645,LA,645,*kot
LA645,LA,645,#kot
LA646,LA,646,!kech
LA646,LA,646,*kawt
LA647,LA,647,!kech
LA647,LA,647,*kaw(t)
LA648,LA,648,!kach
LA648,LA,648,*kawt
LA648,LA,648,#kawt
LA649,LA,649,!kach
LA649,LA,649,*kawt
LA649,LA,649,#kawt
LA650,LA,650,!kech
LA650,LA,650,*kawt
LA650,LA,650,#kawt
LA651,LA,651,!kech
LA651,LA,651,#kawt
LA652,LA,652,!kach
LA652,LA,652,*kawt
LA652,LA,652,#kawt
LA653,LA,653,!kech
LA653,LA,653,*kawt
LA654,LA,654,!kech
LA654,LA,654,*kawt
LA655,LA,655,!kach
LA656,LA,656,!kech
LA656,LA,656,*kawt
LA656,LA,656,#kawt
LA657,LA,657,!kach
LA657,LA,657,*kawt
LA657,LA,657,#kawt
LA657X,LA,657X,*kawt
LA657Y,LA,657Y,!kach
LA657Y,LA,657Y,*kawt
LA657Y,LA,657Y,#kawt
LA657Z,LA,657Z,!kech
LA657Z,LA,657Z,!kach
LA657Z,LA,657Z,*kawt
LA657Z,LA,657Z,#kawt
LA658,LA,658,!kech
LA658,LA,658,!kach
LA658,LA,658,*kawt
LA658,LA,658,*kach
LA659,LA,659,*kawt
LA660,LA,660,!kech
LA660,LA,660,*kawt
LA660,LA,660,#kawt
LA661,LA,661,!kach
LA661,LA,661,*kawt
LA661,LA,661,*kawd
LA661,LA,661,#kawt
LA662,LA,662,!kech
LA662,LA,662,*kawt
LA662,LA,662,#kawt
LA663,LA,663,!kech
LA663,LA,663,*kawt
LA664,LA,664,!kech
LA665,LA,665,!kech
LA666,LA,666,!kech
LA667,LA,667,!kech
LA667,LA,667,!kach
LA667,LA,667,*kawt
LA667,LA,667,#kawt
LA668,LA,668,!kech
LA668,LA,668,!kach
LA668,LA,668,*kawt
LA668,LA,668,#kawt
LA669,LA,669,!kech
LA669,LA,669,*kawt
LA669,LA,669,#kawt
LA670,LA,670,!kech
LA670,LA,670,*kawt
LA671,LA,671,!kech
LA671,LA,671,*kawt
LA671,LA,671,#kawt
LA672,LA,672,!kech
LA672,LA,672,*kawt
LA672,LA,672,#kawt
LA673,LA,673,!kech
LA673,LA,673,*kawt
LA673,LA,673,#kawt
AR674,AR,674,!kech
AR674,AR,674,*kech
AR674,AR,674,#kawt
AR675,AR,675,!kech
AR675,AR,675,*kawt
AR675,AR,675,#kawt
AR676,AR,676,!kech
AR677,AR,677,!kech
AR678,AR,678,!kech
AR678,AR,678,*kawt
AR679,AR,679,!kech
AR679,AR,679,&kechIz=14
AR679,AR,679,#kawt
AR680,AR,680,-
AR681,AR,681,!kech
AR681,AR,681,*kawt
AR682,AR,682,!kech
AR682,AR,682,*kawt
AR682,AR,682,#kawt
AR683,AR,683,!kech
AR683,AR,683,*kawt
AR683,AR,683,#kawt
AR684,AR,684,!kech
AR684,AR,684,*kawt
AR685,AR,685,!kech
AR685,AR,685,!kach
AR685,AR,685,@kechN=14
AR685,AR,685,*kawt
AR686,AR,686,!kech
AR686,AR,686,#kawt
AR687,AR,687,!kech
AR687,AR,687,*kawt
AR688,AR,688,!kech
AR688,AR,688,*kawt
AR688,AR,688,*kecht
AR689,AR,689,!kech
AR689,AR,689,#kawt
AR690,AR,690,!kech
AR690,AR,690,*kawt
AR691,AR,691,!kech
AR692,AR,692,*kawt
AR692,AR,692,#kawt
AR693,AR,693,-
AR694,AR,694,!kech
AR694,AR,694,*kawt
AR694,AR,694,#kawt
AR695,AR,695,!kech
AR695,AR,695,*kawt
AR695,AR,695,#kawt
AR696,AR,696,!kech
AR696,AR,696,!kich
AR696,AR,696,*kawt
AR696,AR,696,#kawt
AR697,AR,697,!kach
AR697,AR,697,*kawt
AR697,AR,697,#kawt
AR698,AR,698,*kawt
AR699,AR,699,!kech
AR699,AR,699,*kawt
AR700,AR,700,!kech
AR700,AR,700,*kawt
AR701,AR,701,!kech
AR702,AR,702,!kech
AR703,AR,703,!kech
AR704,AR,704,!kech
AR704,AR,704,*kawt
AR705,AR,705,!kech
AR705,AR,705,@kechN=14
AR705,AR,705,*kawt
AR705,AR,705,#kawt
AR706,AR,706,!kech
AR707,AR,707,!kech
AR707,AR,707,*kawt
AR707,AR,707,#kawt
AR708,AR,708,!kech
AR708,AR,708,!kawt
AR708,AR,708,*kawt
AR709,AR,709,!kech
AR709,AR,709,!kach
AR709,AR,709,*kawt
AR709,AR,709,#kawt
AR710,AR,710,!kech
AR711,AR,711,!kech
AR711,AR,711,*kawt
AR711,AR,711,#kawt
AR712,AR,712,!kech
AR712,AR,712,*kot
AR712,AR,712,#kot
AR713,AR,713,!kech
AR713,AR,713,*kawt
AR713,AR,713,#kawt
AR714,AR,714,!kech
AR715,AR,715,!kech
AR715,AR,715,*kawt
AR716,AR,716,!kech
AR716,AR,716,#kawt
AR717,AR,717,!kech
AR718,AR,718,!kech
AR718,AR,718,!kach
AR718,AR,718,*kawt
AR718,AR,718,#kawt
AR719,AR,719,#kawt
AR720,AR,720,!kech
AR720,AR,720,*kawt
AR721,AR,721,!kech
AR721,AR,721,*kawt
AR722,AR,722,!kech
AR722,AR,722,#kawt
AR723,AR,723,!kech
AR723,AR,723,*kawt
AR723,AR,723,#kawt
AR724,AR,724,#kawt
AR725,AR,725,!kech
AR725,AR,725,*kawt
AR725,AR,725,#kawt
AR726,AR,726,*kawt
AR727,AR,727,!kech
AR727,AR,727,*kawt
AR727,AR,727,#kawt
AR728,AR,728,!kech
AR728,AR,728,*kawt
AR728,AR,728,#kawt
AR729,AR,729,*kawt
AR729,AR,729,#kawt
AR730,AR,730,*kawt
AR731,AR,731,!kech
AR731,AR,731,*kawt
AR731,AR,731,#kawt
AR732,AR,732,!kech
AR732,AR,732,*kawt
AR732,AR,732,#kawt
AR733,AR,733,!kech
AR733,AR,733,@kichN=14
AR733,AR,733,*kawt
AR733,AR,733,#kawt
AR734,AR,734,!kech
AR734,AR,734,*kawt
AR735,AR,735,!kech
AR735,AR,735,#kawt
AR736,AR,736,!kech
AR736,AR,736,*kot
AR736,AR,736,#kawt
AR737,AR,737,!kech
AR737,AR,737,*kawt
AR737,AR,737,#kawt
AR738,AR,738,!kech
AR738,AR,738,*kawt
AR738,AR,738,#kawt
AR739,AR,739,-
AR740,AR,740,!kech
AR740,AR,740,*kawt
AR741,AR,741,!kech
AR741,AR,741,!kach
AR741,AR,741,*kawt
AR741,AR,741,#kawt
AR742,AR,742,!kech
AR742,AR,742,*kawt
AR743,AR,743,!kech
AR744,AR,744,!kech
AR744,AR,744,*kawt
AR745,AR,745,-
AR746,AR,746,*kawt
AR747,AR,747,!kech
AR747,AR,747,*kawt
AR747,AR,747,#kawt
AR748,AR,748,!kech
AR748,AR,748,*kawt
AR748,AR,748,#kawt
AR749,AR,749,*kawt
AR750,AR,750,-
AR751,AR,751,!kach
AR751,AR,751,*kawt
AR752,AR,752,!kech
AR752,AR,752,#kawt
AR753,AR,753,!kech
AR753,AR,753,*kawt
AR753,AR,753,#kawt
AR754,AR,754,*kot
AR755,AR,755,!kech
AR755,AR,755,*kawt
AR755,AR,755,#kawt
LA756,LA,756,!kech
LA756,LA,756,*kot
LA756,LA,756,#kot
LA757,LA,757,!kech
LA757,LA,757,*kawt
LA757,LA,757,#kawt
LA758,LA,758,*kawt
LA759,LA,759,!kech
LA760,LA,760,!kech
LA760,LA,760,*kawt
LA761,LA,761,!kech
LA761,LA,761,!kich
LA761,LA,761,*kot
LA762,LA,762,!kech
LA762,LA,762,*kawt
LA763,LA,763,!kech
LA764,LA,764,!kech
LA764,LA,764,*kawt
LA764,LA,764,#kawt
LA765,LA,765,!kech
LA765,LA,765,!kach
LA765,LA,765,*kawt
LA765,LA,765,#kawt
LA766,LA,766,!kech
LA766,LA,766,*kawt
LA766,LA,766,#kawt
LA766,LA,766,#kocht
LA767,LA,767,!kech
LA767,LA,767,*kawt
LA767,LA,767,#kawt
LA768,LA,768,!kech
LA768,LA,768,@kech
LA768,LA,768,*kawt
LA768,LA,768,#kawt
LA769,LA,769,!kech
LA770,LA,770,!kach
LA770,LA,770,*kawt
LA771,LA,771,*kawt
LA771,LA,771,*kech
LA772,LA,772,!kech
LA772,LA,772,@kechN=14
LA772,LA,772,*kawt
LA773,LA,773,!kech
LA773,LA,773,!kich
LA773,LA,773,*kawt
LA773,LA,773,#kawt
LA774,LA,774,!kech
LA775,LA,775,!kech
LA775,LA,775,*kawt
LA775,LA,775,#kawt
LA776,LA,776,!kech
LA776,LA,776,*kawt
LA776,LA,776,#kawt
LA777,LA,777,!kech
LA777,LA,777,*kawt
LA777,LA,777,#kawt
LA778,LA,778,!kech
LA778,LA,778,!kach
LA778,LA,778,*kawt
LA778,LA,778,#kawt
LA779,LA,779,!kach
LA779,LA,779,*kawt
LA779,LA,779,#kawt
LA780,LA,780,!kech
LA780,LA,780,*kawt
LA780,LA,780,#kawt
LA781,LA,781,!kech
LA781,LA,781,!kach
LA781,LA,781,*kawt
LA781,LA,781,*kech
LA782,LA,782,!kech
LA782,LA,782,#kawt
LA783,LA,783,!kech
LA783,LA,783,*kawt
LA783,LA,783,#kawt
LA784,LA,784,!kech
LA784,LA,784,*kot
LA784,LA,784,#kot
LA785,LA,785,!kech
LA785,LA,785,@kechN=14
LA785,LA,785,*kawt
LA785,LA,785,*koet
LA785,LA,785,#kawt
LA786,LA,786,!kech
LA786,LA,786,*kawt
LA786,LA,786,#kawt
LA787,LA,787,!kech
LA787,LA,787,*kawt
LA787,LA,787,#kawt
LA788,LA,788,!kech
LA788,LA,788,@kechN=14
LA788,LA,788,*kawt
LA788,LA,788,#kawt
LA789,LA,789,!kech
LA789,LA,789,*kawt
LA789,LA,789,#kawt
LA790,LA,790,!kech
LA790,LA,790,*kawt
LA790,LA,790,#kawt
LA791,LA,791,!kech
LA791,LA,791,*kawt
LA792,LA,792,!kech
LA792,LA,792,*kawt
LA793,LA,793,!kech
LA793,LA,793,*kawt
LA794,LA,794,!kech
LA794,LA,794,*kawt
LA794,LA,794,#kawt
LA795,LA,795,!kuch
LA795,LA,795,@kechN=14
LA795,LA,795,#kawt
LA796,LA,796,!kech
LA796,LA,796,*kawt
LA796,LA,796,#kawt
LA797,LA,797,!kech
LA797,LA,797,!kich
LA798,LA,798,!kech
LA798,LA,798,*kawt
LA798,LA,798,#kawt
LA799,LA,799,!kech
LA799,LA,799,*kawt
LA800,LA,800,!kech
LA800,LA,800,*kawt
LA800,LA,800,#kawt
LA801,LA,801,!kech
LA801,LA,801,*kawt
LA801,LA,801,#kawt
LA802,LA,802,!kech
LA803,LA,803,*kawt
LA804,LA,804,!kech
LA804,LA,804,#kawt
LA805,LA,805,!kech
LA805,LA,805,*kech
LA805,LA,805,#kawt
LA806,LA,806,!kech
LA806,LA,806,*kawt
LA806,LA,806,#kawt
LA807,LA,807,!kech
LA807,LA,807,!kich
LA807,LA,807,*kawt
LA807,LA,807,#kawt
LA808,LA,808,!kech
LA808,LA,808,#kawt
LA809,LA,809,!kech
LA809,LA,809,*kawt
LA810,LA,810,!kech
LA810,LA,810,*kawt
LA811,LA,811,!kech
LA811,LA,811,#kawt
LA812,LA,812,!kech
LA812,LA,812,*kawt
LA813,LA,813,!kech
LA813,LA,813,*kawt
LA814,LA,814,!kech
LA814,LA,814,*kawt
LA814,LA,814,#kawt
LA815,LA,815,-
LA816,LA,816,!kech
LA816,LA,816,*kawt
LA816,LA,816,#kawt
LA817,LA,817,!kech
LA817,LA,817,*kawt
LA817,LA,817,#kawt
TX818,TX,818,-
TX819,TX,819,!kech
TX819,TX,819,&kechIz=14
TX819,TX,819,*kawt
TX819,TX,819,#kawt
TX820,TX,820,!kach
TX820,TX,820,*kawt
TX820,TX,820,#kawt
TX821,TX,821,!kech
TX821,TX,821,*kawt
TX821,TX,821,#kawt
TX822,TX,822,!kech
TX822,TX,822,!kach
TX822,TX,822,*kawt
TX822,TX,822,#kawt
TX823,TX,823,!kech
TX823,TX,823,*kawt
TX823,TX,823,#kawt
TX824,TX,824,!kech
TX824,TX,824,!kach
TX824,TX,824,@kechN=14
TX824,TX,824,*kawt
TX824,TX,824,#kawt
TX825,TX,825,!kech
TX825,TX,825,*kawt
TX825,TX,825,#kawt
TX826,TX,826,!kech
TX826,TX,826,*kawt
TX826,TX,826,#kawt
TX827,TX,827,!kech
TX827,TX,827,*kawt
TX827,TX,827,#kawt
TX828,TX,828,!kech
TX828,TX,828,*kawt
TX828,TX,828,#kawt
TX829,TX,829,!kech
TX829,TX,829,!kach
TX829,TX,829,*kawt
TX829,TX,829,#kawt
TX830,TX,830,!kech
TX830,TX,830,*kawt
TX830,TX,830,*kecht
TX830,TX,830,#kecht
TX831,TX,831,!kech
TX831,TX,831,*kawt
TX831,TX,831,#kawt
TX832,TX,832,#kawt
TX833,TX,833,!kech
TX833,TX,833,*kawt
TX833,TX,833,#kawt
TX834,TX,834,!kech
TX834,TX,834,*kawt
TX834,TX,834,#kawt
TX835,TX,835,!kech
TX835,TX,835,*kawt
TX835,TX,835,#kawt
TX836,TX,836,!kech
TX836,TX,836,*kawt
TX836,TX,836,#kawt
TX837,TX,837,!kach
TX837,TX,837,#kawt
TX838,TX,838,!kech
TX839,TX,839,!kech
TX839,TX,839,*kawt
TX839,TX,839,#kawt
TX840,TX,840,!kech
TX840,TX,840,*kawt
TX841,TX,841,*kawt
TX842,TX,842,!kech
TX842,TX,842,!kich
TX842,TX,842,*kawt
TX842,TX,842,#kawt
TX843,TX,843,!kech
TX843,TX,843,!kich
TX843,TX,843,*kawt
TX843,TX,843,#kawt
TX844,TX,844,!kach
TX844,TX,844,@kechN=14
TX844,TX,844,*kawt
TX844,TX,844,#kawt
TX845,TX,845,-
TX846,TX,846,!kech
TX846,TX,846,*kawt
TX846,TX,846,#kawt
TX847,TX,847,-
TX848,TX,848,-
TX849,TX,849,!kach
TX849,TX,849,*kawt
TX849,TX,849,#kawt
TX850,TX,850,!kech
TX850,TX,850,*kawt
TX850,TX,850,#kawt
TX851,TX,851,!kech
TX851,TX,851,@kechN=14
TX851,TX,851,*kawt
TX852,TX,852,!kech
TX853,TX,853,!kech
TX853,TX,853,*kawt
TX853,TX,853,#kawt
TX854,TX,854,!kech
TX854,TX,854,*kawt
TX854,TX,854,#kawt
TX855,TX,855,!kech
TX855,TX,855,#kawt
TX856,TX,856,!kech
TX856,TX,856,*kawt
TX856,TX,856,#kawt
TX857,TX,857,!kach
TX857,TX,857,*kawt
TX857,TX,857,#kawt
TX858,TX,858,!kech
TX859,TX,859,!kech
TX859,TX,859,*kawt
TX859,TX,859,#kawt
TX860,TX,860,!kach
TX860,TX,860,*kawt
TX860,TX,860,#kawt
TX861,TX,861,!kech
TX861,TX,861,*kawt
TX861,TX,861,#kawt
TX862,TX,862,*kawt
TX862,TX,862,#kawt
TX863,TX,863,!kach
TX863,TX,863,*kawt
TX863,TX,863,#kawt
TX864,TX,864,!kech
TX864,TX,864,!kich
TX864,TX,864,*kot
TX864,TX,864,#kawt
TX865,TX,865,!kech
TX865,TX,865,*kawt
TX865,TX,865,#kawt
TX866,TX,866,!kech
TX866,TX,866,*kawt
TX866,TX,866,#kawt
TX867,TX,867,!kech
TX867,TX,867,*kot
TX867,TX,867,#kot
TX868,TX,868,!kech
TX868,TX,868,*kawt
TX868,TX,868,#kawt
TX869,TX,869,!kech
TX869,TX,869,*kawt
TX869,TX,869,#kawt
TX870,TX,870,!kach
TX870,TX,870,*kawt
TX870,TX,870,#kawt
TX871,TX,871,-
TX872,TX,872,!kech
TX872,TX,872,*kawt
TX873,TX,873,!kech
TX873,TX,873,*kawt
TX873,TX,873,#kawt
TX874,TX,874,!kech
TX874,TX,874,*kawt
TX874,TX,874,#kawt
TX875,TX,875,!kech
TX875,TX,875,*kawt
TX875,TX,875,#kawt
TX876,TX,876,!kech
TX876,TX,876,*kawt
TX876,TX,876,#kawt
TX877,TX,877,!kech
TX877,TX,877,*kawt
TX877,TX,877,#kawt
TX878,TX,878,!kech
TX878,TX,878,*kawt
TX879,TX,879,!kech
TX880,TX,880,!kech
TX880,TX,880,*kawt
TX880,TX,880,#kawt
TX881,TX,881,-
TX882,TX,882,!kech
TX882,TX,882,*kawt
TX883,TX,883,!kach
TX883,TX,883,*kawt
TX883,TX,883,#kawt
TX884,TX,884,!kach
TX885,TX,885,!kach
TX885,TX,885,*kawt
TX885,TX,885,#kawt
TX886,TX,886,!kach
TX886,TX,886,*kawt
TX886,TX,886,#kawt
TX887,TX,887,!kech
TX887,TX,887,*kawt
TX887,TX,887,#kawt
TX888,TX,888,!kech
TX888,TX,888,!kich
TX888,TX,888,*kawt
TX888,TX,888,#kawt
TX889,TX,889,!kech
TX889,TX,889,*kawt
TX889,TX,889,#kawt
TX890,TX,890,!kach
TX890,TX,890,*kot
TX890,TX,890,#kot
TX891,TX,891,!kech
TX891,TX,891,*kawt
TX891,TX,891,#kawt
TX892,TX,892,!kech
TX892,TX,892,*kawt
TX892,TX,892,#kawt
TX893,TX,893,!kach
TX893,TX,893,*kawt
TX893,TX,893,#kawt
TX894,TX,894,!kech
TX894,TX,894,!kich
TX894,TX,894,*kawt
TX894,TX,894,#kawt
TX895,TX,895,!kech
TX895,TX,895,*kawt
TX895,TX,895,#kawt
TX896,TX,896,-
TX897,TX,897,-
TX898,TX,898,!kech
TX898,TX,898,*kawt
TX899,TX,899,!kach
TX899,TX,899,#kawt
TX900,TX,900,!kech
TX900,TX,900,*kawt
TX900,TX,900,#kot
TX901,TX,901,!kach
TX901,TX,901,*kawt
TX901,TX,901,#kawt
TX902,TX,902,!kech
TX902,TX,902,!kach
TX902,TX,902,*kawt
TX902,TX,902,#kawt
TX903,TX,903,!kech
TX904,TX,904,!kech
TX904,TX,904,!kach
TX904,TX,904,*kawt
TX904,TX,904,#kawt
TX905,TX,905,!kach
TX905,TX,905,*kawt
TX905,TX,905,#kawt
TX906,TX,906,!kach
TX906,TX,906,*kawt
TX907,TX,907,!kach
TX907,TX,907,#kawt
TX908,TX,908,!kech
TX908,TX,908,*kot
TX909,TX,909,-
TX910,TX,910,!kech
TX910,TX,910,*kawt
TX910,TX,910,#kawt
TX911,TX,911,!kech
TX911,TX,911,*kawt
TX911,TX,911,#kawt
