Informant,State,Informant number,Response
TN001,TN,001,-
TN002,TN,002,go bring 
TN003,TN,003,go bring 
TN004,TN,004,get 
TN005,TN,005,bring 
TN005,TN,005,fetch 
TN005,TN,005,go get 
TN006,TN,006,bring 
TN007,TN,007,go bring 
TN008,TN,008,bring 
TN009,TN,009,go bring 
TN010,TN,010,go bring 
TN011,TN,011,go fetch 
TN012,TN,012,go bring 
TN013,TN,013,go get 
TN014,TN,014,fetch 
TN015,TN,015,-
TN016,TN,016,bring 
TN017,TN,017,go and bring 
TN018,TN,018,go bring 
TN018,TN,018,go fetch 
TN019,TN,019,go and bring 
TN020,TN,020,fetch 
TN021,TN,021,-
TN022,TN,022,go get 
TN023,TN,023,bring 
TN024,TN,024,go bring 
TN025,TN,025,-
TN026,TN,026,-
TN027,TN,027,go and get 
TN028,TN,028,bring 
TN029,TN,029,bring 
TN030,TN,030,bring 
TN031,TN,031,-
TN032,TN,032,go bring 
TN033,TN,033,go and get 
TN034,TN,034,go get 
TN035,TN,035,go get 
TN036,TN,036,-
TN037,TN,037,fetch 
TN037,TN,037,go get 
TN038,TN,038,get 
TN039,TN,039,go get 
TN040,TN,040,get 
TN041,TN,041,go get 
TN042,TN,042,bring 
TN043,TN,043,bring 
TN044,TN,044,bring 
TN045,TN,045,bring 
TN046,TN,046,go get 
TN047,TN,047,go get 
TN048,TN,048,-
TN049,TN,049,go get 
TN050,TN,050,bring 
TN051,TN,051,go get 
TN052,TN,052,-
TN053,TN,053,go get 
TN054,TN,054,-
TN055,TN,055,bring 
TN055,TN,055,get 
TN056,TN,056,go get 
TN057,TN,057,bring 
TN058,TN,058,go bring 
TN059,TN,059,bring 
TN060,TN,060,go bring 
GA061,GA,061,go and get 
GA062,GA,062,go bring 
GA063,GA,063,-
GA064,GA,064,get 
GA065,GA,065,-
GA066,GA,066,fetch 
GA067,GA,067,bring 
GA068,GA,068,-
GA069,GA,069,bring 
GA070,GA,070,fetch 
GA071,GA,071,bring 
GA072,GA,072,go bring 
GA072,GA,072,go fetch 
GA073,GA,073,bring 
GA073,GA,073,fetch 
GA074,GA,074,get 
GA074,GA,074,run and get 
GA075,GA,075,go get 
GA076,GA,076,go bring 
GA077,GA,077,bring 
GA078,GA,078,bring 
GA079,GA,079,bring 
GA080,GA,080,-
GA081,GA,081,-
GA082,GA,082,-
GA083,GA,083,go and bring 
GA084,GA,084,bring 
GA085,GA,085,bring 
GA086,GA,086,bring 
GA087,GA,087,bring 
GA087,GA,087,go get 
GA088,GA,088,go get 
GA089,GA,089,-
GA090,GA,090,-
GA091,GA,091,bring 
GA091,GA,091,go get 
GA092,GA,092,-
GA093,GA,093,go and get 
GA094,GA,094,go bring 
GA095,GA,095,go get 
GA096,GA,096,get 
GA097,GA,097,go fetch 
GA097,GA,097,go get 
GA098,GA,098,-
GA099,GA,099,bring 
GA099,GA,099,go get 
GA100,GA,100,go get 
GA101,GA,101,go get 
GA102,GA,102,bring 
GA103,GA,103,go get 
GA104,GA,104,go get 
GA105,GA,105,bring 
GA106,GA,106,go get 
GA107,GA,107,fetch 
GA107,GA,107,go get 
GA108,GA,108,go bring 
GA109,GA,109,bring 
GA110,GA,110,bring 
GA110,GA,110,go get 
GA111,GA,111,bring 
GA112,GA,112,bring 
GA112,GA,112,get 
GA113,GA,113,go get 
GA114,GA,114,-
GA115,GA,115,-
GA116,GA,116,-
GA117,GA,117,bring 
GA118,GA,118,go get 
GA119,GA,119,go and get 
GA120,GA,120,-
GA121,GA,121,bring 
GA122,GA,122,go bring 
GA123,GA,123,go bring 
GA124,GA,124,-
GA125,GA,125,go bring 
GA126,GA,126,-
GA127,GA,127,-
GA128,GA,128,-
GA129,GA,129,-
GA130,GA,130,go get 
GA131,GA,131,-
GA132,GA,132,-
GA133,GA,133,get 
GA134,GA,134,go get 
GA135,GA,135,bring 
GA135,GA,135,fetch 
GA135,GA,135,go get 
GA136,GA,136,get 
GA137,GA,137,go bring 
GA138,GA,138,go get 
GA139,GA,139,bring 
GA139,GA,139,get 
GA140,GA,140,go bring 
GA141,GA,141,bring 
GA142,GA,142,get 
GA143,GA,143,bring 
GA144,GA,144,go bring 
GA144,GA,144,go fetch 
GA145,GA,145,-
GA146,GA,146,bring 
GA147,GA,147,-
GA148,GA,148,go bring 
GA148,GA,148,go get 
GA149,GA,149,go bring 
GA150,GA,150,go bring 
GA151,GA,151,go bring 
GA152,GA,152,get 
GA153,GA,153,-
GA154,GA,154,go and bring 
GA155,GA,155,go get 
GA156,GA,156,-
GA157,GA,157,-
GA158,GA,158,-
GA159,GA,159,bring 
GA159,GA,159,fetch 
GA160,GA,160,-
GA161,GA,161,go and bring 
GA162,GA,162,go bring 
GA162,GA,162,go fetch 
GA163,GA,163,go get 
GA164,GA,164,go get 
GA165,GA,165,bring 
GA166,GA,166,go get 
GA167,GA,167,go bring 
GA168,GA,168,-
GA169,GA,169,-
GA170,GA,170,go get 
GA171,GA,171,get 
GA172,GA,172,go get 
GA173,GA,173,-
GA174,GA,174,-
GA175,GA,175,bring 
GA176,GA,176,-
GA177,GA,177,get 
GA177,GA,177,go get 
GA178,GA,178,-
GA179,GA,179,go and bring 
GA180,GA,180,go get 
GA181,GA,181,-
GA182,GA,182,-
GA183,GA,183,go get 
GA184,GA,184,bring 
GA184,GA,184,go bring 
GA184,GA,184,go fetch 
GA184,GA,184,go get 
GA185,GA,185,go bring 
GA186,GA,186,go get 
GA187,GA,187,get 
GA188,GA,188,bring 
GA188,GA,188,go get 
GA189,GA,189,go get 
GA190,GA,190,-
GA191,GA,191,get 
GA192,GA,192,bring 
GA193,GA,193,-
GA194,GA,194,-
GA195,GA,195,-
GA196,GA,196,-
GA197,GA,197,-
GA198,GA,198,-
GA199,GA,199,go get 
GA200,GA,200,go and get 
GA201,GA,201,get 
GA202,GA,202,-
GA203,GA,203,bring 
GA203,GA,203,go fetch 
GA204,GA,204,-
GA205,GA,205,bring 
GA206,GA,206,get 
GA207,GA,207,-
GA208,GA,208,bring 
GA208,GA,208,get 
GA209,GA,209,-
GA210,GA,210,bring 
GA211,GA,211,go get 
GA212,GA,212,go get 
GA213,GA,213,get 
GA214,GA,214,go get 
GA215,GA,215,go and bring 
GA216,GA,216,bring 
GA217,GA,217,bring 
GA218,GA,218,-
GA219,GA,219,-
GA220,GA,220,get 
GA220,GA,220,go get 
GA221,GA,221,go bring 
GA222,GA,222,go and bring 
GA223,GA,223,bring 
GA224,GA,224,go get 
GA225,GA,225,-
FL226,FL,226,get 
FL227,FL,227,get 
FL228,FL,228,-
FL229,FL,229,bring 
FL230,FL,230,bring 
FL230,FL,230,get 
FL231,FL,231,bring 
FL231,FL,231,get 
FL232,FL,232,bring 
FL233,FL,233,bring 
FL234,FL,234,-
FL235,FL,235,go bring 
FL236,FL,236,-
FL237,FL,237,go get 
FL238,FL,238,get 
FL239,FL,239,go bring 
FL240,FL,240,go fetch 
FL240,FL,240,go find 
FL241,FL,241,-
FL242,FL,242,go get 
FL243,FL,243,bring 
FL244,FL,244,-
FL245,FL,245,-
FL246,FL,246,-
FL247,FL,247,get 
FL248,FL,248,bring 
FL249,FL,249,go bring 
FL250,FL,250,go bring 
FL251,FL,251,-
FL252,FL,252,-
FL253,FL,253,get 
FL254,FL,254,fetch 
FL254,FL,254,go get 
FL255,FL,255,bring 
FL256,FL,256,bring 
FL257,FL,257,go get 
FL258,FL,258,bring 
FL258,FL,258,fetch 
FL258,FL,258,go and get 
FL259,FL,259,get 
FL259,FL,259,go bring 
FL260,FL,260,-
FL261,FL,261,go get 
FL262,FL,262,-
FL263,FL,263,-
FL264,FL,264,fetch 
FL265,FL,265,go get 
FL266,FL,266,go find 
FL266,FL,266,go get 
FL267,FL,267,-
FL268,FL,268,-
FL269,FL,269,get 
FL269,FL,269,go get 
FL270,FL,270,get 
FL271,FL,271,fetch 
FL272,FL,272,get 
FL273,FL,273,get 
FL273,FL,273,go get 
FL274,FL,274,get 
FL275,FL,275,go get 
FL276,FL,276,go bring 
FL277,FL,277,-
FL278,FL,278,go get 
FL279,FL,279,-
FL280,FL,280,go find 
FL281,FL,281,get 
FL282,FL,282,-
FL283,FL,283,-
FL284,FL,284,bring 
FL285,FL,285,-
FL286,FL,286,get 
FL287,FL,287,-
FL288,FL,288,bring 
FL289,FL,289,go get 
TN290,TN,290,go bring 
TN291,TN,291,-
TN292,TN,292,-
TN293,TN,293,go bring 
TN294,TN,294,bring 
TN294,TN,294,get 
TN294,TN,294,go get 
TN295,TN,295,go get 
TN296,TN,296,-
TN297,TN,297,bring 
TN298,TN,298,-
TN299,TN,299,go bring 
TN300,TN,300,get 
TN301,TN,301,go and fetch 
TN301,TN,301,go get 
TN302,TN,302,fetch 
TN302,TN,302,go bring 
TN303,TN,303,go get 
TN304,TN,304,go bring 
TN305,TN,305,-
TN306,TN,306,get 
TN307,TN,307,get 
TN308,TN,308,-
TN309,TN,309,fetch 
TN309,TN,309,go get 
TN310,TN,310,go and get 
TN311,TN,311,go get 
TN312,TN,312,bring 
TN312,TN,312,get 
TN313,TN,313,-
TN314,TN,314,-
TN315,TN,315,go get 
TN316,TN,316,go bring 
TN317,TN,317,go bring 
TN318,TN,318,go get 
TN319,TN,319,-
TN320,TN,320,go to get 
TN321,TN,321,go and bring 
TN321,TN,321,go and get 
TN322,TN,322,get 
TN323,TN,323,go bring 
TN324,TN,324,bring 
TN325,TN,325,bring 
TN326,TN,326,go bring 
TN326,TN,326,go get 
TN327,TN,327,go get 
TN328,TN,328,go bring 
TN328,TN,328,go get 
TN329,TN,329,go get 
TN330,TN,330,go get 
TN331,TN,331,go get 
TN332,TN,332,go get 
TN333,TN,333,bring 
TN334,TN,334,bring 
TN335,TN,335,-
TN336,TN,336,bring 
TN336,TN,336,get 
TN336,TN,336,go get 
AL337,AL,337,-
AL338,AL,338,-
AL339,AL,339,go get 
AL340,AL,340,bring 
AL341,AL,341,bring 
AL342,AL,342,go get 
AL343,AL,343,get 
AL343,AL,343,go get 
AL344,AL,344,go bring 
AL345,AL,345,-
AL346,AL,346,bring 
AL347,AL,347,bring 
AL348,AL,348,bring 
AL349,AL,349,go get 
AL350,AL,350,-
AL351,AL,351,get 
AL352,AL,352,bring 
AL352,AL,352,go get 
AL353,AL,353,-
AL354,AL,354,get 
AL355,AL,355,bring 
AL356,AL,356,bring 
AL356,AL,356,fetch 
AL356,AL,356,get 
AL357,AL,357,get 
AL358,AL,358,go bring 
AL358,AL,358,go get 
AL359,AL,359,go get 
AL360,AL,360,go get 
AL361,AL,361,fetch 
AL362,AL,362,-
AL363,AL,363,-
AL364,AL,364,get 
AL365,AL,365,-
AL366,AL,366,bring 
AL367,AL,367,-
AL368,AL,368,-
AL369,AL,369,get 
AL370,AL,370,go get 
AL371,AL,371,-
AL372,AL,372,bring 
AL372,AL,372,get 
AL373,AL,373,-
AL374,AL,374,get 
AL375,AL,375,go get 
AL376,AL,376,-
AL377,AL,377,bring 
AL378,AL,378,go bring 
AL379,AL,379,get 
AL380,AL,380,fetch 
AL380,AL,380,go get 
AL381,AL,381,go bring 
AL381,AL,381,go get 
AL382,AL,382,go get 
AL383,AL,383,bring 
AL384,AL,384,-
AL385,AL,385,go fetch 
AL386,AL,386,get 
AL386,AL,386,go get 
AL387,AL,387,bring 
AL388,AL,388,bring 
AL388,AL,388,go get 
AL389,AL,389,bring 
AL389,AL,389,go get 
AL390,AL,390,go get 
AL391,AL,391,get 
AL392,AL,392,-
AL393,AL,393,go get 
AL394,AL,394,bring 
AL395,AL,395,get 
AL396,AL,396,-
AL397,AL,397,get 
AL397,AL,397,go get 
AL398,AL,398,go bring 
AL399,AL,399,go bring 
AL400,AL,400,bring 
AL401,AL,401,-
AL402,AL,402,bring 
AL403,AL,403,bring 
AL404,AL,404,bring 
AL404,AL,404,get 
AL405,AL,405,fetch 
AL405,AL,405,go bring 
AL406,AL,406,bring 
AL407,AL,407,get 
AL408,AL,408,go and get 
AL409,AL,409,bring 
AL410,AL,410,go bring 
AL410,AL,410,go get 
AL411,AL,411,go and get 
AL412,AL,412,-
AL413,AL,413,-
AL414,AL,414,bring 
AL415,AL,415,fetch 
AL415,AL,415,go get 
AL416,AL,416,go get 
AL417,AL,417,get 
AL418,AL,418,go get 
AL419,AL,419,go bring 
AL420,AL,420,go get 
AL421,AL,421,bring 
AL421,AL,421,get 
AL422,AL,422,-
AL423,AL,423,go bring 
AL424,AL,424,-
AL425,AL,425,bring 
AL425,AL,425,go fetch 
AL425,AL,425,go get 
AL426,AL,426,go fetch 
AL426,AL,426,go get 
AL426,AL,426,go to fetch 
AL427,AL,427,bring 
AL428,AL,428,get 
AL428,AL,428,go get 
AL429,AL,429,-
AL430,AL,430,go bring 
AL431,AL,431,fetch 
AL431,AL,431,go bring 
AL431,AL,431,go get 
AL432,AL,432,-
AL433,AL,433,bring 
AL434,AL,434,go get 
AL435,AL,435,go bring 
AL436,AL,436,-
AL437,AL,437,go bring 
AL437,AL,437,go get 
AL438,AL,438,go find 
AL439,AL,439,-
AL440,AL,440,-
AL441,AL,441,bring 
AL442,AL,442,bring 
AL443,AL,443,bring 
AL444,AL,444,fetch 
AL444,AL,444,go bring 
AL445,AL,445,bring 
AL446,AL,446,go bring 
AL446,AL,446,go get 
AL447,AL,447,fetch 
AL447,AL,447,go get 
AL448,AL,448,-
AL449,AL,449,go bring 
AL450,AL,450,bring 
AL451,AL,451,-
FL452,FL,452,go bring 
FL453,FL,453,-
FL454,FL,454,-
FL455,FL,455,bring 
FL455,FL,455,fetch 
FL456,FL,456,go bring 
FL457,FL,457,-
FL458,FL,458,get 
FL459,FL,459,-
FL460,FL,460,go get 
FL461,FL,461,bring 
FL461,FL,461,fetch 
FL462,FL,462,get 
FL462,FL,462,go fetch 
FL462,FL,462,go get 
FL463,FL,463,-
FL464,FL,464,bring 
FL465,FL,465,get 
FL465,FL,465,go get 
FL466,FL,466,go bring 
FL467,FL,467,-
FL468,FL,468,go get 
FL469,FL,469,fetch 
FL470,FL,470,get 
FL471,FL,471,get 
FL471,FL,471,go get 
AL472,AL,472,-
AL473,AL,473,-
AL474,AL,474,bring 
AL475,AL,475,-
AL476,AL,476,get 
AL476,AL,476,go bring 
AL477,AL,477,run and get 
AL478,AL,478,-
AL479,AL,479,-
AL480,AL,480,bring 
AL480,AL,480,fetch 
AL481,AL,481,get 
AL482,AL,482,go get 
AL483,AL,483,-
AL484,AL,484,get 
AL485,AL,485,-
TN486,TN,486,-
TN487,TN,487,-
TN488,TN,488,get 
TN489,TN,489,go bring 
TN489,TN,489,go fetch 
TN490,TN,490,-
TN491,TN,491,-
TN492,TN,492,go bring 
TN493,TN,493,bring 
TN494,TN,494,go get 
TN495,TN,495,bring 
TN495,TN,495,go get 
TN496,TN,496,-
TN497,TN,497,-
TN498,TN,498,go get 
TN499,TN,499,go get 
TN500,TN,500,-
TN501,TN,501,go get 
TN502,TN,502,get 
TN503,TN,503,-
TN504,TN,504,get 
TN505,TN,505,-
TN506,TN,506,-
TN507,TN,507,-
TN508,TN,508,-
TN509,TN,509,-
TN510,TN,510,-
TN511,TN,511,bring 
TN512,TN,512,-
TN513,TN,513,go get 
TN514,TN,514,go get 
TN515,TN,515,go and bring 
TN515,TN,515,go fetch 
TN516,TN,516,bring 
TN516,TN,516,get 
TN517,TN,517,go get 
TN518,TN,518,bring 
TN519,TN,519,go get 
MS520,MS,520,-
MS521,MS,521,bring 
MS522,MS,522,get 
MS523,MS,523,-
MS524,MS,524,bring 
MS525,MS,525,-
MS526,MS,526,-
MS527,MS,527,bring 
MS527,MS,527,run get 
MS528,MS,528,-
MS529,MS,529,-
MS530,MS,530,-
MS531,MS,531,-
MS532,MS,532,-
MS533,MS,533,bring 
MS533,MS,533,fetch 
MS533,MS,533,get 
MS534,MS,534,get 
MS535,MS,535,go bring 
MS535,MS,535,go get 
MS536,MS,536,go get 
MS537,MS,537,go and get 
MS538,MS,538,fetch 
MS539,MS,539,-
MS540,MS,540,-
MS541,MS,541,-
MS542,MS,542,-
MS543,MS,543,-
MS544,MS,544,fetch 
MS544,MS,544,go get 
MS545,MS,545,-
MS546,MS,546,-
MS547,MS,547,fetch 
MS547,MS,547,go get 
MS548,MS,548,go bring 
MS549,MS,549,-
MS550,MS,550,go get 
MS551,MS,551,-
MS552,MS,552,-
MS553,MS,553,-
MS554,MS,554,-
MS555,MS,555,-
MS556,MS,556,fetch 
MS557,MS,557,bring 
MS558,MS,558,bring 
MS559,MS,559,go get 
MS560,MS,560,-
MS561,MS,561,-
MS562,MS,562,-
MS563,MS,563,-
MS564,MS,564,-
MS565,MS,565,bring 
MS566,MS,566,go get 
MS567,MS,567,get 
MS568,MS,568,-
MS569,MS,569,go get 
MS570,MS,570,-
MS571,MS,571,-
MS572,MS,572,bring 
MS572,MS,572,go get 
MS573,MS,573,bring 
MS574,MS,574,bring 
MS574,MS,574,fetch 
MS574,MS,574,go fetch 
MS575,MS,575,go get 
MS576,MS,576,go get 
MS577,MS,577,go get 
MS578,MS,578,bring 
MS579,MS,579,bring 
MS580,MS,580,bring 
MS580,MS,580,go get 
MS581,MS,581,-
MS582,MS,582,-
MS583,MS,583,go get 
MS584,MS,584,fetch 
MS584,MS,584,get 
MS585,MS,585,fetch 
MS586,MS,586,-
MS587,MS,587,bring 
MS588,MS,588,go get 
MS589,MS,589,go get 
MS590,MS,590,-
MS591,MS,591,bring 
MS591,MS,591,go get 
MS592,MS,592,go bring 
MS592,MS,592,go get 
MS593,MS,593,bring 
MS594,MS,594,bring 
MS595,MS,595,go bring 
MS596,MS,596,get 
MS596,MS,596,go get 
MS597,MS,597,-
MS598,MS,598,-
MS599,MS,599,bring 
MS600,MS,600,go get 
MS601,MS,601,bring 
MS602,MS,602,bring 
MS603,MS,603,-
MS604,MS,604,-
MS605,MS,605,-
MS606,MS,606,go get 
MS607,MS,607,bring 
MS608,MS,608,go bring 
MS609,MS,609,get 
MS609,MS,609,go get 
MS610,MS,610,bring 
MS611,MS,611,-
MS612,MS,612,get 
MS613,MS,613,go get 
MS614,MS,614,-
MS615,MS,615,go get 
MS616,MS,616,-
MS617,MS,617,get 
MS618,MS,618,-
MS619,MS,619,fetch 
MS620,MS,620,go and bring 
MS620,MS,620,go and get 
MS621,MS,621,go fetch 
MS622,MS,622,-
MS623,MS,623,go get 
MS624,MS,624,-
MS625,MS,625,go get 
MS626,MS,626,-
MS627,MS,627,get 
MS628,MS,628,bring 
MS628,MS,628,go get 
MS629,MS,629,bring 
MS629,MS,629,go get 
LA630,LA,630,get 
LA630,LA,630,go get 
LA631,LA,631,-
LA632,LA,632,-
LA633,LA,633,-
LA634,LA,634,go get 
LA635,LA,635,bring 
LA636,LA,636,get 
LA637,LA,637,-
LA638,LA,638,bring 
LA638,LA,638,go get 
LA639,LA,639,bring 
LA640,LA,640,go get 
LA641,LA,641,get 
LA641,LA,641,go get 
LA642,LA,642,-
LA643,LA,643,get 
LA644,LA,644,-
LA645,LA,645,bring 
LA645,LA,645,go get 
LA646,LA,646,fetch 
LA646,LA,646,get 
LA647,LA,647,-
LA648,LA,648,go get 
LA649,LA,649,get 
LA650,LA,650,go get 
LA651,LA,651,-
LA652,LA,652,go get 
LA653,LA,653,-
LA654,LA,654,go get 
LA655,LA,655,get 
LA656,LA,656,get 
LA657,LA,657,get 
LA657X,LA,657X,go get 
LA657Y,LA,657Y,go get 
LA657Z,LA,657Z,go get 
LA658,LA,658,go get 
LA659,LA,659,go and get 
LA660,LA,660,go get 
LA661,LA,661,go get 
LA662,LA,662,get 
LA663,LA,663,-
LA664,LA,664,-
LA665,LA,665,-
LA666,LA,666,go get 
LA667,LA,667,bring 
LA667,LA,667,fetch 
LA667,LA,667,go get 
LA668,LA,668,go and get 
LA669,LA,669,bring 
LA670,LA,670,-
LA671,LA,671,go get 
LA672,LA,672,get 
LA673,LA,673,go get 
AR674,AR,674,go get 
AR675,AR,675,get 
AR676,AR,676,-
AR677,AR,677,-
AR678,AR,678,-
AR679,AR,679,bring 
AR680,AR,680,-
AR681,AR,681,get 
AR681,AR,681,run fetch 
AR681,AR,681,run get 
AR682,AR,682,go bring 
AR683,AR,683,bring 
AR683,AR,683,go and get 
AR684,AR,684,-
AR685,AR,685,get 
AR686,AR,686,bring 
AR686,AR,686,go bring 
AR686,AR,686,go get 
AR687,AR,687,bring 
AR687,AR,687,fetch 
AR687,AR,687,get 
AR688,AR,688,bring 
AR689,AR,689,bring 
AR689,AR,689,fetch 
AR690,AR,690,-
AR691,AR,691,-
AR692,AR,692,go get 
AR693,AR,693,bring 
AR694,AR,694,bring 
AR694,AR,694,fetch 
AR694,AR,694,go get 
AR695,AR,695,bring 
AR696,AR,696,go bring 
AR697,AR,697,bring 
AR698,AR,698,go get 
AR699,AR,699,-
AR700,AR,700,-
AR701,AR,701,fetch 
AR701,AR,701,run bring 
AR702,AR,702,-
AR703,AR,703,go get 
AR704,AR,704,go and get 
AR705,AR,705,fetch 
AR706,AR,706,-
AR707,AR,707,go get 
AR708,AR,708,get 
AR709,AR,709,get 
AR710,AR,710,-
AR711,AR,711,go get 
AR712,AR,712,go get 
AR713,AR,713,-
AR714,AR,714,go get 
AR715,AR,715,go bring 
AR716,AR,716,go get 
AR717,AR,717,-
AR718,AR,718,bring 
AR719,AR,719,bring 
AR720,AR,720,bring 
AR721,AR,721,go get 
AR722,AR,722,get 
AR723,AR,723,bring 
AR723,AR,723,get 
AR724,AR,724,-
AR725,AR,725,bring 
AR725,AR,725,get 
AR725,AR,725,go get 
AR726,AR,726,go and get 
AR727,AR,727,go get 
AR728,AR,728,go get 
AR729,AR,729,-
AR730,AR,730,bring 
AR730,AR,730,get 
AR731,AR,731,get 
AR732,AR,732,fetch 
AR732,AR,732,get 
AR733,AR,733,-
AR734,AR,734,-
AR735,AR,735,bring 
AR735,AR,735,go get 
AR736,AR,736,-
AR737,AR,737,go bring 
AR737,AR,737,go fetch 
AR738,AR,738,go get 
AR739,AR,739,-
AR740,AR,740,bring 
AR741,AR,741,-
AR742,AR,742,-
AR743,AR,743,-
AR744,AR,744,-
AR745,AR,745,-
AR746,AR,746,-
AR747,AR,747,-
AR748,AR,748,bring 
AR749,AR,749,bring 
AR749,AR,749,fetch 
AR750,AR,750,-
AR751,AR,751,bring 
AR752,AR,752,-
AR753,AR,753,go bring 
AR754,AR,754,-
AR755,AR,755,get 
LA756,LA,756,-
LA757,LA,757,bring 
LA758,LA,758,go get 
LA759,LA,759,-
LA760,LA,760,-
LA761,LA,761,bring 
LA761,LA,761,run get 
LA762,LA,762,-
LA763,LA,763,-
LA764,LA,764,go get 
LA765,LA,765,bring 
LA766,LA,766,go find 
LA767,LA,767,bring 
LA768,LA,768,go and bring 
LA769,LA,769,get 
LA769,LA,769,go get 
LA770,LA,770,bring 
LA771,LA,771,go get 
LA772,LA,772,-
LA773,LA,773,run get 
LA774,LA,774,-
LA775,LA,775,go bring 
LA776,LA,776,go get 
LA777,LA,777,go get 
LA778,LA,778,fetch 
LA778,LA,778,go get 
LA779,LA,779,-
LA780,LA,780,bring 
LA781,LA,781,-
LA782,LA,782,-
LA783,LA,783,-
LA784,LA,784,get 
LA784,LA,784,go get 
LA785,LA,785,bring 
LA785,LA,785,fetch 
LA786,LA,786,bring 
LA786,LA,786,go get 
LA787,LA,787,get 
LA788,LA,788,get 
LA788,LA,788,run get 
LA789,LA,789,bring 
LA789,LA,789,fetch 
LA789,LA,789,run get 
LA790,LA,790,bring 
LA790,LA,790,fetch 
LA790,LA,790,get 
LA791,LA,791,fetch 
LA791,LA,791,run bring 
LA792,LA,792,bring 
LA792,LA,792,get 
LA793,LA,793,-
LA794,LA,794,go get 
LA795,LA,795,-
LA796,LA,796,bring 
LA797,LA,797,-
LA798,LA,798,fetch 
LA798,LA,798,go bring 
LA799,LA,799,-
LA800,LA,800,go bring 
LA801,LA,801,go get 
LA802,LA,802,-
LA803,LA,803,-
LA804,LA,804,go get 
LA805,LA,805,get 
LA806,LA,806,go get 
LA806,LA,806,run and get 
LA807,LA,807,go get 
LA808,LA,808,go get 
LA809,LA,809,bring 
LA809,LA,809,get 
LA810,LA,810,get 
LA811,LA,811,go get 
LA812,LA,812,-
LA813,LA,813,go get 
LA813,LA,813,run get 
LA814,LA,814,bring 
LA815,LA,815,-
LA816,LA,816,get 
LA817,LA,817,go get 
TX818,TX,818,-
TX819,TX,819,go fetch 
TX820,TX,820,get 
TX821,TX,821,go find 
TX821,TX,821,go get 
TX822,TX,822,go bring 
TX822,TX,822,go get 
TX823,TX,823,fetch 
TX823,TX,823,get 
TX824,TX,824,bring 
TX825,TX,825,go bring 
TX826,TX,826,-
TX827,TX,827,go bring 
TX827,TX,827,go get 
TX828,TX,828,get 
TX829,TX,829,go bring 
TX830,TX,830,fetch 
TX831,TX,831,get 
TX832,TX,832,-
TX833,TX,833,go bring 
TX834,TX,834,-
TX835,TX,835,bring 
TX836,TX,836,bring 
TX837,TX,837,-
TX838,TX,838,-
TX839,TX,839,get 
TX839,TX,839,go get 
TX840,TX,840,fetch 
TX840,TX,840,get 
TX841,TX,841,-
TX842,TX,842,bring 
TX842,TX,842,get 
TX843,TX,843,bring 
TX844,TX,844,bring 
TX845,TX,845,-
TX846,TX,846,go get 
TX847,TX,847,-
TX848,TX,848,go and bring 
TX849,TX,849,-
TX850,TX,850,-
TX851,TX,851,-
TX852,TX,852,go get 
TX853,TX,853,bring 
TX853,TX,853,go bring 
TX854,TX,854,bring 
TX855,TX,855,-
TX856,TX,856,go get 
TX857,TX,857,-
TX858,TX,858,-
TX859,TX,859,bring 
TX860,TX,860,go get 
TX861,TX,861,go get 
TX862,TX,862,get 
TX863,TX,863,get 
TX864,TX,864,go get 
TX865,TX,865,run and get 
TX866,TX,866,get 
TX867,TX,867,go get 
TX868,TX,868,bring 
TX869,TX,869,go get 
TX870,TX,870,get 
TX871,TX,871,-
TX872,TX,872,bring 
TX873,TX,873,run get 
TX874,TX,874,go get 
TX875,TX,875,go get 
TX876,TX,876,go get 
TX877,TX,877,go get 
TX878,TX,878,bring 
TX879,TX,879,-
TX880,TX,880,-
TX881,TX,881,-
TX882,TX,882,-
TX883,TX,883,go get 
TX884,TX,884,-
TX885,TX,885,-
TX886,TX,886,-
TX887,TX,887,go get 
TX888,TX,888,get 
TX889,TX,889,go fetch 
TX890,TX,890,bring 
TX891,TX,891,get 
TX892,TX,892,-
TX893,TX,893,go get 
TX894,TX,894,go and bring 
TX895,TX,895,bring 
TX896,TX,896,-
TX897,TX,897,-
TX898,TX,898,-
TX899,TX,899,go get 
TX900,TX,900,go find 
TX901,TX,901,get 
TX902,TX,902,bring 
TX902,TX,902,get 
TX903,TX,903,-
TX904,TX,904,get 
TX905,TX,905,bring 
TX905,TX,905,fetch 
TX906,TX,906,go bring 
TX907,TX,907,-
TX908,TX,908,go get 
TX909,TX,909,-
TX910,TX,910,fetch 
TX911,TX,911,bring 
