Informant,State,Informant number,Response
TN001,TN,001,-
TN002,TN,002,remember 
TN003,TN,003,remember 
TN004,TN,004,remember 
TN005,TN,005,remember 
TN006,TN,006,remember 
TN007,TN,007,recall 
TN008,TN,008,remember 
TN009,TN,009,-
TN010,TN,010,remember 
TN011,TN,011,remember 
TN012,TN,012,-
TN013,TN,013,-
TN014,TN,014,-
TN015,TN,015,recall 
TN016,TN,016,remember 
TN017,TN,017,-
TN018,TN,018,remember 
TN019,TN,019,remember 
TN020,TN,020,-
TN021,TN,021,-
TN022,TN,022,remember 
TN023,TN,023,remember 
TN024,TN,024,-
TN025,TN,025,remember 
TN026,TN,026,recollect 
TN027,TN,027,remember 
TN028,TN,028,remember 
TN029,TN,029,-
TN030,TN,030,-
TN031,TN,031,remember 
TN032,TN,032,-
TN033,TN,033,remember 
TN034,TN,034,-
TN035,TN,035,-
TN036,TN,036,recollect 
TN036,TN,036,(re)member 
TN037,TN,037,recollect 
TN037,TN,037,remember 
TN038,TN,038,(re)member 
TN039,TN,039,remember 
TN040,TN,040,remember 
TN041,TN,041,remember 
TN042,TN,042,recollect 
TN042,TN,042,remember 
TN043,TN,043,-
TN044,TN,044,-
TN045,TN,045,-
TN046,TN,046,remember 
TN047,TN,047,remember 
TN048,TN,048,remember 
TN049,TN,049,remember 
TN050,TN,050,-
TN051,TN,051,remember 
TN052,TN,052,remember 
TN053,TN,053,remember 
TN054,TN,054,think of 
TN055,TN,055,remember 
TN056,TN,056,-
TN057,TN,057,remember 
TN058,TN,058,remember 
TN059,TN,059,-
TN060,TN,060,remember 
GA061,GA,061,remember 
GA062,GA,062,remember 
GA062,GA,062,(re)member 
GA063,GA,063,recollect 
GA063,GA,063,remember 
GA064,GA,064,remember 
GA065,GA,065,remember 
GA066,GA,066,remember 
GA067,GA,067,-
GA068,GA,068,-
GA069,GA,069,remember 
GA069,GA,069,(re)member 
GA070,GA,070,remember 
GA071,GA,071,remember 
GA072,GA,072,remember 
GA073,GA,073,remember 
GA074,GA,074,remember 
GA075,GA,075,remember 
GA076,GA,076,remember 
GA077,GA,077,remember 
GA078,GA,078,remember 
GA079,GA,079,-
GA080,GA,080,-
GA081,GA,081,-
GA082,GA,082,-
GA083,GA,083,remember 
GA084,GA,084,-
GA085,GA,085,remember 
GA086,GA,086,remember 
GA087,GA,087,remember 
GA088,GA,088,-
GA089,GA,089,remember 
GA090,GA,090,remember 
GA091,GA,091,-
GA092,GA,092,-
GA093,GA,093,-
GA094,GA,094,remember 
GA095,GA,095,recollect 
GA095,GA,095,remember 
GA096,GA,096,remember 
GA097,GA,097,remember 
GA098,GA,098,remember 
GA098,GA,098,(re)member 
GA099,GA,099,remember 
GA100,GA,100,remember 
GA101,GA,101,remember 
GA102,GA,102,remember 
GA103,GA,103,remember 
GA104,GA,104,remember 
GA104,GA,104,(re)member 
GA105,GA,105,remember 
GA106,GA,106,remember 
GA107,GA,107,-
GA108,GA,108,-
GA109,GA,109,remember 
GA110,GA,110,recollect 
GA110,GA,110,remember 
GA111,GA,111,remember 
GA112,GA,112,remember 
GA113,GA,113,remember 
GA114,GA,114,remember 
GA115,GA,115,-
GA116,GA,116,-
GA117,GA,117,-
GA118,GA,118,remember 
GA119,GA,119,remember 
GA120,GA,120,-
GA121,GA,121,remember 
GA122,GA,122,remember 
GA123,GA,123,remember 
GA124,GA,124,remember 
GA125,GA,125,remember 
GA126,GA,126,-
GA127,GA,127,-
GA128,GA,128,-
GA129,GA,129,remember 
GA130,GA,130,-
GA131,GA,131,remember 
GA132,GA,132,-
GA133,GA,133,-
GA134,GA,134,remember 
GA135,GA,135,-
GA136,GA,136,remember 
GA137,GA,137,remember 
GA138,GA,138,remember 
GA139,GA,139,remember 
GA140,GA,140,-
GA141,GA,141,remember 
GA142,GA,142,remember 
GA143,GA,143,remember 
GA144,GA,144,remember 
GA145,GA,145,(re)member 
GA146,GA,146,remember 
GA147,GA,147,remember 
GA148,GA,148,remember 
GA149,GA,149,(re)member 
GA150,GA,150,remember 
GA151,GA,151,-
GA152,GA,152,-
GA153,GA,153,-
GA154,GA,154,-
GA155,GA,155,recollect 
GA155,GA,155,remember 
GA156,GA,156,remember 
GA157,GA,157,remember 
GA158,GA,158,-
GA159,GA,159,remember 
GA160,GA,160,-
GA161,GA,161,-
GA162,GA,162,remember 
GA163,GA,163,remember 
GA164,GA,164,remember 
GA165,GA,165,remember 
GA166,GA,166,call 
GA167,GA,167,remember 
GA168,GA,168,remember 
GA169,GA,169,remember 
GA170,GA,170,remember 
GA170,GA,170,(re)member 
GA171,GA,171,remember 
GA172,GA,172,remember 
GA173,GA,173,remember 
GA174,GA,174,-
GA175,GA,175,remember 
GA176,GA,176,-
GA177,GA,177,recollect 
GA177,GA,177,remember 
GA178,GA,178,-
GA179,GA,179,remember 
GA180,GA,180,remember 
GA181,GA,181,remember 
GA182,GA,182,recollect 
GA182,GA,182,remember 
GA183,GA,183,remember 
GA184,GA,184,-
GA185,GA,185,remember 
GA186,GA,186,-
GA187,GA,187,(re)member 
GA188,GA,188,remember 
GA189,GA,189,remember 
GA190,GA,190,remember 
GA191,GA,191,remember 
GA191,GA,191,(re)member 
GA192,GA,192,remember 
GA193,GA,193,(re)member 
GA194,GA,194,remember 
GA194,GA,194,(re)member 
GA195,GA,195,(re)member 
GA196,GA,196,-
GA197,GA,197,-
GA198,GA,198,remember 
GA199,GA,199,-
GA200,GA,200,remember 
GA200,GA,200,(re)member 
GA201,GA,201,-
GA202,GA,202,remember 
GA203,GA,203,remember 
GA204,GA,204,-
GA205,GA,205,remember 
GA206,GA,206,(re)member 
GA207,GA,207,remember 
GA208,GA,208,remember 
GA209,GA,209,remember 
GA210,GA,210,remember 
GA211,GA,211,remember 
GA212,GA,212,remember 
GA213,GA,213,remember 
GA214,GA,214,remember 
GA215,GA,215,-
GA216,GA,216,remember 
GA217,GA,217,remember 
GA218,GA,218,remember 
GA219,GA,219,(re)member 
GA220,GA,220,remember 
GA221,GA,221,-
GA222,GA,222,remember 
GA223,GA,223,remember 
GA224,GA,224,remember 
GA224,GA,224,(re)member 
GA225,GA,225,recall 
FL226,FL,226,remember 
FL227,FL,227,remember 
FL228,FL,228,remember 
FL229,FL,229,(re)member 
FL230,FL,230,remember 
FL231,FL,231,-
FL232,FL,232,remember 
FL233,FL,233,remember 
FL234,FL,234,-
FL235,FL,235,-
FL236,FL,236,-
FL237,FL,237,(re)member 
FL238,FL,238,remember 
FL239,FL,239,remember 
FL240,FL,240,remember 
FL241,FL,241,-
FL242,FL,242,-
FL243,FL,243,-
FL244,FL,244,remember 
FL245,FL,245,remember 
FL246,FL,246,remember 
FL247,FL,247,remember 
FL248,FL,248,recall 
FL249,FL,249,recollect 
FL250,FL,250,remember 
FL251,FL,251,remember 
FL252,FL,252,-
FL253,FL,253,-
FL254,FL,254,remember 
FL255,FL,255,remember 
FL256,FL,256,remember 
FL256,FL,256,(re)member 
FL257,FL,257,remember 
FL258,FL,258,remember 
FL259,FL,259,remember 
FL260,FL,260,remember 
FL261,FL,261,remember 
FL262,FL,262,remember 
FL263,FL,263,remember 
FL264,FL,264,remember 
FL265,FL,265,remember 
FL266,FL,266,remember 
FL267,FL,267,remember 
FL268,FL,268,remember 
FL269,FL,269,remember 
FL270,FL,270,remember 
FL271,FL,271,remember 
FL272,FL,272,-
FL273,FL,273,remember 
FL274,FL,274,-
FL275,FL,275,-
FL276,FL,276,-
FL277,FL,277,(re)member 
FL278,FL,278,remember 
FL279,FL,279,remember 
FL280,FL,280,remember 
FL281,FL,281,remember 
FL282,FL,282,remember 
FL283,FL,283,remember 
FL284,FL,284,recall 
FL285,FL,285,-
FL286,FL,286,recollect 
FL286,FL,286,remember 
FL287,FL,287,remember 
FL288,FL,288,remember 
FL289,FL,289,remember 
TN290,TN,290,-
TN291,TN,291,remember 
TN292,TN,292,remember 
TN293,TN,293,remember 
TN294,TN,294,remember 
TN295,TN,295,remember 
TN296,TN,296,-
TN297,TN,297,-
TN298,TN,298,remember 
TN299,TN,299,remember 
TN300,TN,300,recall 
TN300,TN,300,remember 
TN300,TN,300,(re)member 
TN301,TN,301,recollect 
TN302,TN,302,remember 
TN303,TN,303,(re)member 
TN304,TN,304,remember 
TN305,TN,305,remember 
TN306,TN,306,remember 
TN307,TN,307,remember 
TN308,TN,308,remember 
TN309,TN,309,remember 
TN310,TN,310,remember 
TN311,TN,311,-
TN312,TN,312,remember 
TN313,TN,313,-
TN314,TN,314,-
TN315,TN,315,-
TN316,TN,316,(re)member 
TN317,TN,317,-
TN318,TN,318,recollect 
TN318,TN,318,remember 
TN319,TN,319,remember 
TN320,TN,320,remember 
TN321,TN,321,remember 
TN322,TN,322,remember 
TN323,TN,323,remember 
TN324,TN,324,remember 
TN325,TN,325,-
TN326,TN,326,remember 
TN327,TN,327,remember 
TN328,TN,328,-
TN329,TN,329,remember 
TN330,TN,330,-
TN331,TN,331,-
TN332,TN,332,remember 
TN332,TN,332,(re)member 
TN333,TN,333,remember 
TN333,TN,333,(re)member 
TN334,TN,334,remember 
TN335,TN,335,-
TN336,TN,336,remember 
AL337,AL,337,-
AL338,AL,338,remember 
AL339,AL,339,-
AL340,AL,340,think of 
AL341,AL,341,-
AL342,AL,342,remember 
AL343,AL,343,remember 
AL344,AL,344,(re)member 
AL345,AL,345,remember 
AL346,AL,346,remember 
AL347,AL,347,remember 
AL348,AL,348,remember 
AL349,AL,349,remember 
AL350,AL,350,-
AL351,AL,351,remember 
AL352,AL,352,remember 
AL353,AL,353,(re)member 
AL354,AL,354,remember 
AL355,AL,355,remember 
AL356,AL,356,remember 
AL357,AL,357,remember 
AL358,AL,358,remember 
AL359,AL,359,remember 
AL360,AL,360,remember 
AL361,AL,361,remember 
AL361,AL,361,(re)member 
AL362,AL,362,-
AL363,AL,363,remember 
AL364,AL,364,-
AL365,AL,365,remember 
AL366,AL,366,-
AL367,AL,367,remember 
AL368,AL,368,-
AL369,AL,369,remember 
AL370,AL,370,remember 
AL371,AL,371,remember 
AL372,AL,372,remember 
AL373,AL,373,remember 
AL373,AL,373,(re)member 
AL374,AL,374,remember 
AL375,AL,375,-
AL376,AL,376,remember 
AL377,AL,377,-
AL378,AL,378,remember 
AL379,AL,379,remember 
AL379,AL,379,(re)member 
AL380,AL,380,(re)member 
AL381,AL,381,remember 
AL382,AL,382,remember 
AL383,AL,383,-
AL384,AL,384,recall 
AL384,AL,384,remember 
AL385,AL,385,-
AL386,AL,386,remember 
AL387,AL,387,remember 
AL388,AL,388,remember 
AL389,AL,389,-
AL390,AL,390,remember 
AL391,AL,391,remember 
AL392,AL,392,remember 
AL393,AL,393,remember 
AL394,AL,394,remember 
AL395,AL,395,remember 
AL396,AL,396,-
AL397,AL,397,remember 
AL398,AL,398,-
AL399,AL,399,remember 
AL400,AL,400,-
AL401,AL,401,call 
AL402,AL,402,-
AL403,AL,403,-
AL404,AL,404,remember 
AL405,AL,405,remember 
AL406,AL,406,-
AL407,AL,407,remember 
AL408,AL,408,remember 
AL409,AL,409,remember 
AL409,AL,409,(re)member 
AL410,AL,410,remember 
AL411,AL,411,remember 
AL412,AL,412,remember 
AL413,AL,413,-
AL414,AL,414,remember 
AL415,AL,415,remember 
AL416,AL,416,recollect 
AL416,AL,416,remember 
AL417,AL,417,remember 
AL418,AL,418,remember 
AL419,AL,419,remember 
AL420,AL,420,remember 
AL421,AL,421,remember 
AL422,AL,422,remember 
AL423,AL,423,remember 
AL424,AL,424,remember 
AL425,AL,425,remember 
AL425,AL,425,(re)member 
AL426,AL,426,remember 
AL427,AL,427,remember 
AL428,AL,428,remember 
AL428,AL,428,(re)member 
AL429,AL,429,remember 
AL430,AL,430,remember 
AL431,AL,431,remember 
AL432,AL,432,remember 
AL433,AL,433,remember 
AL434,AL,434,remember 
AL434,AL,434,think of 
AL435,AL,435,remember 
AL436,AL,436,remember 
AL437,AL,437,remember 
AL438,AL,438,remember 
AL438,AL,438,(re)member 
AL439,AL,439,remember 
AL440,AL,440,-
AL441,AL,441,remember 
AL442,AL,442,(re)member 
AL443,AL,443,remember 
AL444,AL,444,remember 
AL445,AL,445,remember 
AL446,AL,446,-
AL447,AL,447,remember 
AL448,AL,448,remember 
AL449,AL,449,-
AL450,AL,450,remember 
AL451,AL,451,-
FL452,FL,452,remember 
FL453,FL,453,(re)member 
FL454,FL,454,-
FL455,FL,455,-
FL456,FL,456,remember 
FL457,FL,457,recall 
FL458,FL,458,remember 
FL459,FL,459,remember 
FL460,FL,460,-
FL461,FL,461,-
FL462,FL,462,remember 
FL463,FL,463,remember 
FL464,FL,464,-
FL465,FL,465,remember 
FL466,FL,466,recollect 
FL466,FL,466,remember 
FL467,FL,467,remember 
FL468,FL,468,(re)member 
FL469,FL,469,-
FL470,FL,470,remember 
FL471,FL,471,remember 
AL472,AL,472,(re)member 
AL473,AL,473,remember 
AL474,AL,474,remember 
AL475,AL,475,remember 
AL476,AL,476,remember 
AL477,AL,477,remember 
AL478,AL,478,remember 
AL479,AL,479,(re)member 
AL480,AL,480,remember 
AL481,AL,481,remember 
AL482,AL,482,remember 
AL483,AL,483,-
AL484,AL,484,remember 
AL485,AL,485,remember 
TN486,TN,486,-
TN487,TN,487,remember 
TN488,TN,488,remember 
TN489,TN,489,remember 
TN490,TN,490,remember 
TN491,TN,491,-
TN492,TN,492,-
TN493,TN,493,remember 
TN494,TN,494,remember 
TN494,TN,494,(re)member 
TN495,TN,495,remember 
TN496,TN,496,-
TN497,TN,497,recall 
TN497,TN,497,remember 
TN498,TN,498,remember 
TN499,TN,499,remember 
TN500,TN,500,remember 
TN501,TN,501,remember 
TN502,TN,502,remember 
TN503,TN,503,remember 
TN504,TN,504,remember 
TN505,TN,505,(re)member 
TN506,TN,506,remember 
TN506,TN,506,(re)member 
TN507,TN,507,remember 
TN508,TN,508,remember 
TN509,TN,509,remember 
TN510,TN,510,(re)member 
TN511,TN,511,remember 
TN512,TN,512,remember 
TN513,TN,513,remember 
TN514,TN,514,remember 
TN515,TN,515,remember 
TN516,TN,516,remember 
TN517,TN,517,remember 
TN518,TN,518,remember 
TN519,TN,519,recall 
TN519,TN,519,remember 
MS520,MS,520,-
MS521,MS,521,remember 
MS522,MS,522,remember 
MS523,MS,523,remember 
MS524,MS,524,remember 
MS525,MS,525,remember 
MS526,MS,526,remember 
MS527,MS,527,remember 
MS528,MS,528,remember 
MS528,MS,528,(re)member 
MS529,MS,529,(re)member 
MS530,MS,530,-
MS531,MS,531,remember 
MS531,MS,531,(re)member 
MS532,MS,532,-
MS533,MS,533,remember 
MS534,MS,534,remember 
MS535,MS,535,remember 
MS535,MS,535,(re)member 
MS536,MS,536,remember 
MS537,MS,537,-
MS538,MS,538,remember 
MS538,MS,538,(re)member 
MS539,MS,539,remember 
MS540,MS,540,remember 
MS541,MS,541,remember 
MS542,MS,542,(re)member 
MS543,MS,543,remember 
MS544,MS,544,remember 
MS544,MS,544,(re)member 
MS545,MS,545,remember 
MS546,MS,546,(re)member 
MS547,MS,547,remember 
MS548,MS,548,remember 
MS549,MS,549,remember 
MS549,MS,549,(re)member 
MS550,MS,550,remember 
MS551,MS,551,remember 
MS552,MS,552,remember 
MS553,MS,553,recall 
MS553,MS,553,remember 
MS554,MS,554,remember 
MS555,MS,555,remember 
MS555,MS,555,(re)member 
MS556,MS,556,(re)member 
MS557,MS,557,remember 
MS558,MS,558,remember 
MS559,MS,559,remember 
MS560,MS,560,remember 
MS560,MS,560,(re)member 
MS561,MS,561,(re)member 
MS562,MS,562,remember 
MS563,MS,563,remember 
MS564,MS,564,remember 
MS565,MS,565,remember 
MS566,MS,566,remember 
MS567,MS,567,remember 
MS567,MS,567,(re)member 
MS568,MS,568,remember 
MS569,MS,569,(re)member 
MS570,MS,570,(re)member 
MS571,MS,571,remember 
MS572,MS,572,remember 
MS572,MS,572,(re)member 
MS573,MS,573,remember 
MS574,MS,574,-
MS575,MS,575,remember 
MS576,MS,576,-
MS577,MS,577,(re)member 
MS578,MS,578,-
MS579,MS,579,remember 
MS579,MS,579,(re)member 
MS580,MS,580,(re)member 
MS581,MS,581,remember 
MS582,MS,582,remember 
MS583,MS,583,-
MS584,MS,584,-
MS585,MS,585,remember 
MS586,MS,586,(re)member 
MS587,MS,587,-
MS588,MS,588,(re)member 
MS589,MS,589,remember 
MS590,MS,590,remember 
MS591,MS,591,remember 
MS592,MS,592,remember 
MS593,MS,593,-
MS594,MS,594,remember 
MS595,MS,595,remember 
MS596,MS,596,(re)member 
MS597,MS,597,remember 
MS598,MS,598,remember 
MS599,MS,599,remember 
MS600,MS,600,(re)member 
MS601,MS,601,remember 
MS602,MS,602,remember 
MS603,MS,603,-
MS604,MS,604,remember 
MS605,MS,605,remember 
MS606,MS,606,remember 
MS607,MS,607,remember 
MS608,MS,608,remember 
MS609,MS,609,(re)member 
MS610,MS,610,remember 
MS610,MS,610,(re)member 
MS611,MS,611,remember 
MS612,MS,612,-
MS613,MS,613,-
MS614,MS,614,remember 
MS615,MS,615,-
MS616,MS,616,remember 
MS617,MS,617,remember 
MS618,MS,618,recall 
MS618,MS,618,(re)member 
MS619,MS,619,-
MS620,MS,620,remember 
MS621,MS,621,-
MS622,MS,622,remember 
MS623,MS,623,remember 
MS624,MS,624,-
MS625,MS,625,remember 
MS626,MS,626,remember 
MS627,MS,627,-
MS628,MS,628,remember 
MS629,MS,629,remember 
LA630,LA,630,remember 
LA630,LA,630,(re)member 
LA631,LA,631,remember 
LA632,LA,632,remember 
LA632,LA,632,(re)member 
LA633,LA,633,remember 
LA634,LA,634,remember 
LA635,LA,635,-
LA636,LA,636,recollect 
LA637,LA,637,remember 
LA638,LA,638,remember 
LA639,LA,639,-
LA640,LA,640,(re)member 
LA641,LA,641,remember 
LA642,LA,642,remember 
LA643,LA,643,remember 
LA644,LA,644,remember 
LA645,LA,645,-
LA646,LA,646,remember 
LA647,LA,647,remember 
LA648,LA,648,remember 
LA649,LA,649,-
LA650,LA,650,remember 
LA651,LA,651,remember 
LA652,LA,652,-
LA653,LA,653,remember 
LA654,LA,654,remember 
LA655,LA,655,remember 
LA656,LA,656,remember 
LA657,LA,657,(re)member 
LA657X,LA,657X,-
LA657Y,LA,657Y,recall 
LA657Y,LA,657Y,recollect 
LA657Y,LA,657Y,remember 
LA657Z,LA,657Z,remember 
LA658,LA,658,remember 
LA659,LA,659,remember 
LA660,LA,660,-
LA661,LA,661,remember 
LA662,LA,662,remember 
LA663,LA,663,-
LA664,LA,664,remember 
LA665,LA,665,remember 
LA666,LA,666,remember 
LA667,LA,667,remember 
LA668,LA,668,remember 
LA669,LA,669,remember 
LA670,LA,670,remember 
LA671,LA,671,-
LA672,LA,672,remember 
LA672,LA,672,(re)member 
LA673,LA,673,remember 
AR674,AR,674,remember 
AR675,AR,675,remember 
AR676,AR,676,recall 
AR676,AR,676,remember 
AR677,AR,677,remember 
AR678,AR,678,remember 
AR678,AR,678,(re)member 
AR679,AR,679,remember 
AR680,AR,680,remember 
AR681,AR,681,remember 
AR682,AR,682,remember 
AR683,AR,683,remember 
AR684,AR,684,remember 
AR685,AR,685,recall 
AR685,AR,685,remember 
AR686,AR,686,-
AR687,AR,687,remember 
AR688,AR,688,remember 
AR688,AR,688,(re)member 
AR689,AR,689,-
AR690,AR,690,-
AR691,AR,691,remember 
AR692,AR,692,-
AR693,AR,693,-
AR694,AR,694,remember 
AR695,AR,695,remember 
AR696,AR,696,recollect 
AR696,AR,696,remember 
AR697,AR,697,-
AR698,AR,698,remember 
AR698,AR,698,(re)member 
AR699,AR,699,remember 
AR700,AR,700,remember 
AR701,AR,701,remember 
AR702,AR,702,(re)member 
AR703,AR,703,-
AR704,AR,704,remember 
AR705,AR,705,remember 
AR706,AR,706,-
AR707,AR,707,-
AR708,AR,708,recall 
AR708,AR,708,remember 
AR709,AR,709,remember 
AR710,AR,710,-
AR711,AR,711,remember 
AR712,AR,712,remember 
AR713,AR,713,remember 
AR714,AR,714,remember 
AR715,AR,715,-
AR716,AR,716,-
AR717,AR,717,-
AR718,AR,718,remember 
AR719,AR,719,remember 
AR720,AR,720,-
AR721,AR,721,remember 
AR722,AR,722,-
AR723,AR,723,-
AR724,AR,724,-
AR725,AR,725,remember 
AR726,AR,726,-
AR727,AR,727,recollect 
AR728,AR,728,(re)member 
AR729,AR,729,-
AR730,AR,730,remember 
AR731,AR,731,remember 
AR732,AR,732,remember 
AR733,AR,733,remember 
AR734,AR,734,-
AR735,AR,735,remember 
AR735,AR,735,(re)member 
AR736,AR,736,remember 
AR737,AR,737,remember 
AR738,AR,738,-
AR739,AR,739,-
AR740,AR,740,remember 
AR741,AR,741,remember 
AR742,AR,742,(re)member 
AR743,AR,743,remember 
AR743,AR,743,(re)member 
AR744,AR,744,recollect 
AR744,AR,744,remember 
AR745,AR,745,remember 
AR746,AR,746,(re)member 
AR747,AR,747,remember 
AR748,AR,748,(re)member 
AR749,AR,749,remember 
AR750,AR,750,remember 
AR751,AR,751,recollect 
AR751,AR,751,remember 
AR752,AR,752,remember 
AR753,AR,753,remember 
AR754,AR,754,-
AR755,AR,755,remember 
LA756,LA,756,-
LA757,LA,757,-
LA758,LA,758,remember 
LA759,LA,759,(re)member 
LA760,LA,760,remember 
LA761,LA,761,remember 
LA762,LA,762,remember 
LA763,LA,763,remember 
LA764,LA,764,recollect 
LA765,LA,765,-
LA766,LA,766,-
LA767,LA,767,remember 
LA768,LA,768,remember 
LA769,LA,769,-
LA770,LA,770,-
LA771,LA,771,(re)member 
LA772,LA,772,(re)member 
LA773,LA,773,remember 
LA774,LA,774,remember 
LA775,LA,775,-
LA776,LA,776,remember 
LA777,LA,777,-
LA778,LA,778,remember 
LA779,LA,779,remember 
LA780,LA,780,remember 
LA781,LA,781,remember 
LA782,LA,782,remember 
LA783,LA,783,remember 
LA784,LA,784,-
LA785,LA,785,remember 
LA786,LA,786,-
LA787,LA,787,remember 
LA788,LA,788,remember 
LA789,LA,789,remember 
LA790,LA,790,remember 
LA791,LA,791,remember 
LA792,LA,792,remember 
LA793,LA,793,(re)member 
LA794,LA,794,-
LA795,LA,795,remember 
LA796,LA,796,(re)member 
LA797,LA,797,remember 
LA798,LA,798,remember 
LA799,LA,799,remember 
LA800,LA,800,remember 
LA801,LA,801,remember 
LA802,LA,802,-
LA803,LA,803,remember 
LA804,LA,804,-
LA805,LA,805,-
LA806,LA,806,-
LA807,LA,807,remember 
LA808,LA,808,-
LA809,LA,809,-
LA810,LA,810,-
LA811,LA,811,remember 
LA812,LA,812,remember 
LA813,LA,813,remember 
LA814,LA,814,-
LA815,LA,815,remember 
LA816,LA,816,remember 
LA817,LA,817,remember 
TX818,TX,818,-
TX819,TX,819,-
TX820,TX,820,remember 
TX821,TX,821,remember 
TX822,TX,822,remember 
TX823,TX,823,-
TX824,TX,824,remember 
TX825,TX,825,-
TX826,TX,826,-
TX827,TX,827,-
TX828,TX,828,-
TX829,TX,829,(re)member 
TX830,TX,830,remember 
TX831,TX,831,-
TX832,TX,832,remember 
TX833,TX,833,remember 
TX834,TX,834,remember 
TX835,TX,835,-
TX836,TX,836,recollect 
TX837,TX,837,remember 
TX838,TX,838,remember 
TX839,TX,839,remember 
TX840,TX,840,remember 
TX840,TX,840,(re)member 
TX841,TX,841,-
TX842,TX,842,remember 
TX843,TX,843,remember 
TX844,TX,844,(re)member 
TX845,TX,845,-
TX846,TX,846,remember 
TX847,TX,847,remember 
TX848,TX,848,remember 
TX849,TX,849,remember 
TX850,TX,850,(re)member 
TX851,TX,851,remember 
TX852,TX,852,remember 
TX853,TX,853,remember 
TX854,TX,854,-
TX855,TX,855,(re)member 
TX856,TX,856,remember 
TX857,TX,857,remember 
TX858,TX,858,remember 
TX859,TX,859,remember 
TX860,TX,860,-
TX861,TX,861,remember 
TX862,TX,862,remember 
TX863,TX,863,-
TX864,TX,864,(re)member 
TX865,TX,865,remember 
TX866,TX,866,-
TX867,TX,867,remember 
TX868,TX,868,remember 
TX869,TX,869,remember 
TX870,TX,870,remember 
TX871,TX,871,-
TX872,TX,872,remember 
TX873,TX,873,remember 
TX874,TX,874,remember 
TX875,TX,875,recall 
TX875,TX,875,remember 
TX876,TX,876,remember 
TX877,TX,877,remember 
TX878,TX,878,remember 
TX879,TX,879,remember 
TX880,TX,880,remember 
TX881,TX,881,remember 
TX882,TX,882,remember 
TX883,TX,883,remember 
TX884,TX,884,remember 
TX885,TX,885,remember 
TX886,TX,886,remember 
TX887,TX,887,remember 
TX888,TX,888,remember 
TX889,TX,889,remember 
TX890,TX,890,remember 
TX891,TX,891,remember 
TX892,TX,892,remember 
TX893,TX,893,-
TX894,TX,894,remember 
TX895,TX,895,-
TX896,TX,896,remember 
TX897,TX,897,-
TX898,TX,898,remember 
TX899,TX,899,remember 
TX900,TX,900,-
TX901,TX,901,-
TX902,TX,902,remember 
TX903,TX,903,remember 
TX904,TX,904,-
TX905,TX,905,-
TX906,TX,906,remember 
TX907,TX,907,remember 
TX908,TX,908,remember 
TX909,TX,909,remember 
TX910,TX,910,-
TX911,TX,911,remember 
