Informant,State,Informant number,Response
TN001,TN,001,-
TN002,TN,002,Adres=41
TN003,TN,003,-
TN004,TN,004,adres=13
TN005,TN,005,adres=13
TN006,TN,006,adres=13
TN007,TN,007,-
TN008,TN,008,-
TN009,TN,009,Adres=41
TN010,TN,010,AdresN=414
TN011,TN,011,-
TN012,TN,012,adres=13
TN013,TN,013,adres=13
TN014,TN,014,edres=31
TN015,TN,015,adres=13
TN016,TN,016,Adres=41
TN017,TN,017,Adres=41
TN018,TN,018,adres=13
TN019,TN,019,adres=31
TN020,TN,020,Adres=41
TN021,TN,021,-
TN022,TN,022,Adres=41
TN023,TN,023,Adres=41
TN024,TN,024,Adres=41
TN025,TN,025,-
TN026,TN,026,-
TN027,TN,027,Adres=41
TN028,TN,028,Adres=41
TN029,TN,029,Adres=41
TN030,TN,030,edres=31
TN031,TN,031,Adres=41
TN032,TN,032,-
TN033,TN,033,Adres=41
TN034,TN,034,Adres=41
TN035,TN,035,Adres=41
TN036,TN,036,-
TN037,TN,037,Adres=41
TN038,TN,038,-
TN039,TN,039,Adres=41
TN040,TN,040,-
TN041,TN,041,-
TN042,TN,042,-
TN043,TN,043,Adres=41
TN044,TN,044,adres=31
TN045,TN,045,-
TN046,TN,046,Adres=41
TN047,TN,047,adres=31
TN048,TN,048,Adres=41
TN049,TN,049,Adres=41
TN050,TN,050,adres=13
TN051,TN,051,udr{ai}s=13
TN052,TN,052,-
TN053,TN,053,adres=13
TN054,TN,054,-
TN055,TN,055,adres=13
TN056,TN,056,adres=13
TN057,TN,057,adres=13
TN058,TN,058,Adres=41
TN059,TN,059,adres=13
TN060,TN,060,adres=31
GA061,GA,061,adres=13
GA062,GA,062,adres=31
GA063,GA,063,-
GA064,GA,064,adres=13
GA065,GA,065,adres=13
GA066,GA,066,addres=13
GA067,GA,067,Adres=41
GA068,GA,068,-
GA069,GA,069,-
GA070,GA,070,-
GA071,GA,071,-
GA072,GA,072,Adres=41
GA073,GA,073,odres=31
GA074,GA,074,-
GA075,GA,075,adres=13
GA076,GA,076,adres=13
GA077,GA,077,adres=31
GA078,GA,078,adres=31
GA079,GA,079,Adres=41
GA080,GA,080,-
GA081,GA,081,-
GA082,GA,082,-
GA083,GA,083,Adres=41
GA084,GA,084,Adres=41
GA085,GA,085,Adr{ai}s=41
GA086,GA,086,adres=31
GA087,GA,087,-
GA088,GA,088,adresN=134
GA089,GA,089,-
GA090,GA,090,adres=13
GA091,GA,091,Adres=41
GA092,GA,092,-
GA093,GA,093,ujres=31
GA094,GA,094,-
GA095,GA,095,adres=13
GA096,GA,096,AdresN=414
GA097,GA,097,Adres=41
GA098,GA,098,addres=13
GA099,GA,099,adres=13
GA100,GA,100,adres=13
GA101,GA,101,Adres=41
GA102,GA,102,adres=31
GA103,GA,103,edres=31
GA103,GA,103,Adres=41
GA104,GA,104,Adres=41
GA105,GA,105,Adres=41
GA106,GA,106,Adres=41
GA107,GA,107,-
GA108,GA,108,Adres=41
GA109,GA,109,udres=31
GA110,GA,110,adres=13
GA111,GA,111,odres=31
GA112,GA,112,adresN=314
GA113,GA,113,-
GA114,GA,114,-
GA115,GA,115,-
GA116,GA,116,-
GA117,GA,117,adres=13
GA118,GA,118,addr{ai}s=21
GA119,GA,119,adrest=31
GA120,GA,120,Adres=41
GA121,GA,121,Adres=41
GA122,GA,122,Adres=41
GA123,GA,123,-
GA124,GA,124,edres=31
GA125,GA,125,-
GA126,GA,126,-
GA127,GA,127,-
GA128,GA,128,-
GA129,GA,129,-
GA130,GA,130,-
GA131,GA,131,Adres=41
GA132,GA,132,-
GA133,GA,133,Adr{ai}s=41
GA134,GA,134,adres=13
GA135,GA,135,addres=13
GA136,GA,136,adres=13
GA137,GA,137,adres=13
GA138,GA,138,adres=13
GA139,GA,139,Adres=41
GA140,GA,140,adres=13
GA141,GA,141,Adres=41
GA142,GA,142,edres=31
GA143,GA,143,Adres=41
GA144,GA,144,Adres=41
GA145,GA,145,-
GA146,GA,146,-
GA147,GA,147,-
GA148,GA,148,Adres=41
GA149,GA,149,-
GA150,GA,150,addres=13
GA151,GA,151,Adres=41
GA152,GA,152,adr{ai}s=31
GA153,GA,153,-
GA154,GA,154,adres=31
GA155,GA,155,adres=13
GA156,GA,156,-
GA157,GA,157,-
GA158,GA,158,-
GA159,GA,159,Adr{ai}s=41
GA160,GA,160,-
GA161,GA,161,-
GA162,GA,162,adr{ai}s=31
GA163,GA,163,Adres=41
GA164,GA,164,Adres=41
GA165,GA,165,-
GA166,GA,166,adres=31
GA167,GA,167,adres=13
GA168,GA,168,-
GA169,GA,169,-
GA170,GA,170,adres=31
GA171,GA,171,Adres=41
GA172,GA,172,(a)dres
GA173,GA,173,-
GA174,GA,174,-
GA175,GA,175,Adres=41
GA176,GA,176,-
GA177,GA,177,ajres=13
GA178,GA,178,-
GA179,GA,179,adres=31
GA180,GA,180,-
GA181,GA,181,-
GA182,GA,182,-
GA183,GA,183,-
GA184,GA,184,-
GA185,GA,185,Adres=41
GA186,GA,186,Adres=41
GA187,GA,187,-
GA188,GA,188,adres=31
GA189,GA,189,adres=13
GA190,GA,190,-
GA191,GA,191,Adres=41
GA192,GA,192,-
GA193,GA,193,-
GA194,GA,194,-
GA195,GA,195,-
GA196,GA,196,-
GA197,GA,197,-
GA198,GA,198,-
GA199,GA,199,-
GA200,GA,200,Adres=41
GA201,GA,201,adres=13
GA202,GA,202,Adres=41
GA203,GA,203,Adres=41
GA204,GA,204,-
GA205,GA,205,adres=13
GA206,GA,206,Adres=41
GA207,GA,207,-
GA208,GA,208,Adres=41
GA209,GA,209,Adres=41
GA210,GA,210,-
GA211,GA,211,adres=13
GA212,GA,212,-
GA213,GA,213,-
GA214,GA,214,Adres=41
GA215,GA,215,-
GA216,GA,216,Adres=41
GA217,GA,217,Adres=41
GA218,GA,218,-
GA219,GA,219,-
GA220,GA,220,Adris=41
GA221,GA,221,adres=31
GA222,GA,222,-
GA223,GA,223,Adres=41
GA224,GA,224,-
GA225,GA,225,-
FL226,FL,226,adres=13
FL227,FL,227,adresNG=314
FL228,FL,228,adres=31
FL229,FL,229,Adres=41
FL230,FL,230,-
FL231,FL,231,Adres=41
FL232,FL,232,Adres=41
FL233,FL,233,adresNG=314
FL234,FL,234,Adres=41
FL235,FL,235,Adrest=41
FL236,FL,236,addres=13
FL237,FL,237,adres=13
FL238,FL,238,adres=31
FL239,FL,239,Adres=41
FL240,FL,240,edres=13
FL241,FL,241,-
FL242,FL,242,adres=13
FL243,FL,243,addres=13
FL244,FL,244,-
FL245,FL,245,Adres=41
FL246,FL,246,Adrest=41
FL247,FL,247,adres=31
FL248,FL,248,adres=13
FL249,FL,249,adres=31
FL250,FL,250,Adres=41
FL251,FL,251,-
FL252,FL,252,-
FL253,FL,253,Adres=41
FL254,FL,254,adres=13
FL255,FL,255,Adres=41
FL256,FL,256,Adres=41
FL257,FL,257,adres=13
FL258,FL,258,-
FL259,FL,259,adres=13
FL260,FL,260,-
FL261,FL,261,adres=13
FL262,FL,262,Adres=41
FL263,FL,263,Adres=41
FL264,FL,264,adres=13
FL265,FL,265,-
FL266,FL,266,Adres=41
FL267,FL,267,-
FL268,FL,268,-
FL269,FL,269,adres=31
FL270,FL,270,Idres=41
FL271,FL,271,adres=31
FL272,FL,272,Adres=41
FL273,FL,273,adres=13
FL273,FL,273,Adres=41
FL274,FL,274,Adres=41
FL275,FL,275,Adres=41
FL276,FL,276,-
FL277,FL,277,Ajres=41
FL278,FL,278,Adres=41
FL279,FL,279,Adres=41
FL280,FL,280,-
FL281,FL,281,-
FL282,FL,282,Adres=41
FL283,FL,283,-
FL284,FL,284,Adres=41
FL285,FL,285,-
FL286,FL,286,Adres=41
FL287,FL,287,-
FL288,FL,288,odres=31
FL289,FL,289,-
TN290,TN,290,-
TN291,TN,291,adres=13
TN292,TN,292,adres=13
TN293,TN,293,AdresN=414
TN294,TN,294,udres=31
TN295,TN,295,ajres=13
TN296,TN,296,Adres=41
TN297,TN,297,-
TN298,TN,298,-
TN299,TN,299,adres=13
TN300,TN,300,Adres=41
TN301,TN,301,Adres=41
TN302,TN,302,adres=13
TN303,TN,303,(a)dresN=14
TN304,TN,304,AdresN=414
TN305,TN,305,-
TN306,TN,306,Adres=41
TN307,TN,307,eddr{ai}s=31
TN308,TN,308,Adr{ai}s=41
TN309,TN,309,Adris=41
TN310,TN,310,adres=13
TN311,TN,311,Adr{ai}s=41
TN312,TN,312,adres=31
TN313,TN,313,Adres=41
TN314,TN,314,Adres=41
TN315,TN,315,adres=13
TN316,TN,316,-
TN317,TN,317,Idres=41
TN318,TN,318,-
TN319,TN,319,-
TN320,TN,320,adres=13
TN321,TN,321,adres=13
TN322,TN,322,Adres=41
TN323,TN,323,Adres=41
TN324,TN,324,Adres=41
TN325,TN,325,adres=31
TN326,TN,326,adres=31
TN327,TN,327,Idres=41
TN328,TN,328,Adres=41
TN329,TN,329,Adres=41
TN330,TN,330,adres=13
TN331,TN,331,ajres=13
TN332,TN,332,addrith=13
TN333,TN,333,Adres=41
TN334,TN,334,adres=13
TN335,TN,335,addres=31
TN336,TN,336,adres=13
AL337,AL,337,adres=12
AL338,AL,338,Adres=41
AL339,AL,339,edres=31
AL340,AL,340,-
AL341,AL,341,Adres=41
AL342,AL,342,Adris=41
AL343,AL,343,Adres=41
AL344,AL,344,-
AL345,AL,345,Adres=41
AL346,AL,346,addres=13
AL347,AL,347,edres=31
AL348,AL,348,Adres=41
AL349,AL,349,adres=13
AL350,AL,350,-
AL351,AL,351,-
AL352,AL,352,edres=31
AL353,AL,353,-
AL354,AL,354,adres=13
AL355,AL,355,-
AL356,AL,356,Adres=41
AL357,AL,357,Adrest=41
AL358,AL,358,edrest=31
AL359,AL,359,Adrest=41
AL360,AL,360,Adres=41
AL361,AL,361,Adres=41
AL362,AL,362,-
AL363,AL,363,adres=31
AL364,AL,364,Adres=41
AL365,AL,365,-
AL366,AL,366,edres=31
AL367,AL,367,edres=31
AL368,AL,368,Adres=41
AL369,AL,369,adres=13
AL370,AL,370,Adr{ai}s=41
AL371,AL,371,-
AL372,AL,372,udres=11
AL373,AL,373,adres=21
AL374,AL,374,adres=21
AL375,AL,375,Adres=41
AL376,AL,376,-
AL377,AL,377,adres=13
AL378,AL,378,Adres=41
AL379,AL,379,Adres=41
AL380,AL,380,adres=31
AL381,AL,381,Adres=41
AL382,AL,382,Adres=41
AL383,AL,383,Adres=41
AL384,AL,384,Adres=41
AL385,AL,385,Ajres=41
AL386,AL,386,Adres=41
AL387,AL,387,Adres=41
AL388,AL,388,-
AL389,AL,389,Adres=41
AL390,AL,390,adres=31
AL391,AL,391,Adres=41
AL392,AL,392,-
AL393,AL,393,Adris=41
AL394,AL,394,adres=13
AL395,AL,395,adres=13
AL396,AL,396,-
AL397,AL,397,adres=13
AL398,AL,398,Adres=41
AL399,AL,399,adres=13
AL400,AL,400,-
AL401,AL,401,-
AL402,AL,402,adres=13
AL403,AL,403,Adres=41
AL404,AL,404,edres=31
AL405,AL,405,Adres=41
AL406,AL,406,-
AL407,AL,407,Adres=41
AL408,AL,408,Adres=41
AL409,AL,409,Adres=41
AL410,AL,410,adres=13
AL411,AL,411,addres=31
AL412,AL,412,-
AL413,AL,413,-
AL414,AL,414,edres=31
AL415,AL,415,addres=13
AL416,AL,416,Adres=41
AL417,AL,417,Adres=41
AL418,AL,418,Adres=41
AL419,AL,419,Adres=41
AL420,AL,420,-
AL421,AL,421,adres=13
AL422,AL,422,Adr{ai}s=41
AL423,AL,423,Adres=41
AL424,AL,424,adres=13
AL425,AL,425,-
AL426,AL,426,adres=13
AL427,AL,427,adr{ai}s=31
AL428,AL,428,edres=31
AL429,AL,429,-
AL430,AL,430,Adres=41
AL431,AL,431,eddres=31
AL432,AL,432,adres=13
AL433,AL,433,-
AL434,AL,434,Adres=41
AL435,AL,435,Adres=41
AL436,AL,436,Adres=41
AL437,AL,437,adres=31
AL438,AL,438,adres=12
AL439,AL,439,adres=13
AL440,AL,440,-
AL441,AL,441,Adres=41
AL442,AL,442,(a)dris
AL443,AL,443,Adres=41
AL444,AL,444,AdresN=414
AL445,AL,445,Adr{ai}s=41
AL446,AL,446,adres=13
AL447,AL,447,adres=13
AL448,AL,448,Adr{ai}s=41
AL449,AL,449,adresN=314
AL450,AL,450,-
AL451,AL,451,adres=31
FL452,FL,452,adres=31
FL453,FL,453,-
FL454,FL,454,adres=13
FL454,FL,454,Adres=41
FL455,FL,455,Adres=41
FL456,FL,456,adres=31
FL457,FL,457,Adres=41
FL458,FL,458,Adres=41
FL459,FL,459,-
FL460,FL,460,adres=13
FL461,FL,461,addres=13
FL462,FL,462,-
FL463,FL,463,-
FL464,FL,464,adres=13
FL465,FL,465,Adres=41
FL466,FL,466,adres=31
FL467,FL,467,adrest=13
FL468,FL,468,adrest=21
FL469,FL,469,addrest=13
FL470,FL,470,Adr{ai}s=41
FL471,FL,471,Adrest=41
AL472,AL,472,Adres=41
AL473,AL,473,-
AL474,AL,474,Adres=41
AL475,AL,475,Adres=41
AL476,AL,476,adres=31
AL477,AL,477,Adres=41
AL478,AL,478,-
AL479,AL,479,adres=13
AL480,AL,480,Adres=41
AL481,AL,481,adres=31
AL482,AL,482,Adres=41
AL483,AL,483,-
AL484,AL,484,adr{ai}s=31
AL484,AL,484,Adres=41
AL485,AL,485,-
TN486,TN,486,-
TN487,TN,487,-
TN488,TN,488,Adr{ai}s=41
TN489,TN,489,adres=13
TN490,TN,490,Adres=41
TN491,TN,491,-
TN492,TN,492,-
TN493,TN,493,-
TN494,TN,494,-
TN495,TN,495,adres=31
TN496,TN,496,Adres=41
TN497,TN,497,-
TN498,TN,498,Adres=41
TN499,TN,499,Idres=41
TN500,TN,500,-
TN501,TN,501,adres=31
TN502,TN,502,adres=13
TN503,TN,503,-
TN504,TN,504,adres=31
TN505,TN,505,-
TN506,TN,506,adres=13
TN507,TN,507,-
TN508,TN,508,-
TN509,TN,509,-
TN510,TN,510,-
TN511,TN,511,-
TN512,TN,512,-
TN513,TN,513,Idres=41
TN514,TN,514,adres=31
TN515,TN,515,-
TN516,TN,516,Adres=41
TN517,TN,517,Adres=41
TN518,TN,518,Adr{ai}s=41
TN519,TN,519,adres=31
MS520,MS,520,-
MS521,MS,521,adres=31
MS522,MS,522,Adres=41
MS523,MS,523,-
MS524,MS,524,Adres=41
MS525,MS,525,-
MS526,MS,526,-
MS527,MS,527,adresN=134
MS528,MS,528,-
MS529,MS,529,-
MS530,MS,530,adres=12
MS531,MS,531,Adres=41
MS532,MS,532,adres=13
MS533,MS,533,Adres=41
MS534,MS,534,adres=31
MS535,MS,535,eddres=31
MS536,MS,536,-
MS537,MS,537,-
MS538,MS,538,-
MS539,MS,539,adres=13
MS540,MS,540,-
MS541,MS,541,-
MS542,MS,542,-
MS543,MS,543,adres=13
MS543,MS,543,Adres=41
MS544,MS,544,-
MS545,MS,545,-
MS546,MS,546,-
MS547,MS,547,Adrus=41
MS548,MS,548,-
MS549,MS,549,-
MS550,MS,550,-
MS551,MS,551,-
MS552,MS,552,-
MS553,MS,553,-
MS554,MS,554,-
MS555,MS,555,-
MS556,MS,556,-
MS557,MS,557,Adresh=41
MS558,MS,558,odres=31
MS559,MS,559,-
MS560,MS,560,-
MS561,MS,561,-
MS562,MS,562,Adres=41
MS563,MS,563,Adres=41
MS564,MS,564,Adres=41
MS565,MS,565,Adres=41
MS566,MS,566,-
MS567,MS,567,-
MS568,MS,568,-
MS569,MS,569,-
MS570,MS,570,-
MS571,MS,571,Adres=41
MS572,MS,572,-
MS573,MS,573,adres=31
MS574,MS,574,adres=13
MS575,MS,575,adres=31
MS576,MS,576,addres=13
MS577,MS,577,adres=13
MS578,MS,578,Adres=41
MS579,MS,579,adres=31
MS580,MS,580,-
MS581,MS,581,-
MS582,MS,582,adres=13
MS583,MS,583,adres=13
MS584,MS,584,addres=13
MS585,MS,585,(a)dres
MS586,MS,586,-
MS587,MS,587,-
MS588,MS,588,Adres=41
MS589,MS,589,-
MS590,MS,590,-
MS591,MS,591,Adres=41
MS592,MS,592,adres=31
MS593,MS,593,adres=31
MS594,MS,594,adres=21
MS595,MS,595,adres=13
MS596,MS,596,-
MS597,MS,597,Adres=41
MS598,MS,598,adres=31
MS599,MS,599,Adres=41
MS600,MS,600,adris=13
MS600,MS,600,Adris=41
MS601,MS,601,addres=13
MS602,MS,602,adres=13
MS603,MS,603,-
MS604,MS,604,-
MS605,MS,605,-
MS606,MS,606,-
MS607,MS,607,adres=13
MS608,MS,608,adres=31
MS609,MS,609,-
MS610,MS,610,-
MS611,MS,611,adris=13
MS612,MS,612,-
MS613,MS,613,Adres=41
MS614,MS,614,-
MS615,MS,615,Adr{ai}s=41
MS616,MS,616,-
MS617,MS,617,adres=31
MS618,MS,618,-
MS619,MS,619,-
MS620,MS,620,adres=31
MS621,MS,621,adres=31
MS622,MS,622,Adres=41
MS623,MS,623,adres=13
MS624,MS,624,Adres=41
MS625,MS,625,Adres=41
MS626,MS,626,-
MS627,MS,627,-
MS628,MS,628,adres=13
MS629,MS,629,adres=13
LA630,LA,630,adres=31
LA631,LA,631,-
LA632,LA,632,adres=31
LA633,LA,633,-
LA634,LA,634,Idres=41
LA635,LA,635,addres=31
LA636,LA,636,addres=13
LA637,LA,637,-
LA638,LA,638,-
LA639,LA,639,-
LA640,LA,640,adres=31
LA641,LA,641,Adres=41
LA642,LA,642,-
LA643,LA,643,Adr{ai}s=41
LA644,LA,644,-
LA645,LA,645,Adres=41
LA646,LA,646,Adres=41
LA647,LA,647,-
LA648,LA,648,adres=13
LA649,LA,649,Adres=41
LA650,LA,650,-
LA651,LA,651,-
LA652,LA,652,Adres=41
LA653,LA,653,-
LA654,LA,654,AdresNG=414
LA655,LA,655,Adres=41
LA656,LA,656,Adres=41
LA657,LA,657,Adres=41
LA657X,LA,657X,-
LA657Y,LA,657Y,Adres=41
LA657Z,LA,657Z,Adres=41
LA658,LA,658,udras=31
LA659,LA,659,adres=13
LA660,LA,660,adres=31
LA661,LA,661,Adres=41
LA662,LA,662,adres=31
LA663,LA,663,-
LA664,LA,664,-
LA665,LA,665,-
LA666,LA,666,AdresN=414
LA667,LA,667,Adres=41
LA668,LA,668,-
LA669,LA,669,Adres=41
LA670,LA,670,Adres=41
LA671,LA,671,Adr{ai}s=41
LA672,LA,672,adres=31
LA673,LA,673,Adres=41
AR674,AR,674,Adrest=41
AR675,AR,675,-
AR676,AR,676,-
AR677,AR,677,-
AR678,AR,678,-
AR679,AR,679,adrith=31
AR680,AR,680,adres=12
AR681,AR,681,-
AR682,AR,682,adres=13
AR683,AR,683,Adres=41
AR684,AR,684,-
AR685,AR,685,Adres=41
AR686,AR,686,adres=13
AR687,AR,687,adr{ai}s=13
AR688,AR,688,-
AR689,AR,689,adr{ai}s=13
AR690,AR,690,adres=13
AR691,AR,691,Adres=41
AR692,AR,692,Adres=41
AR693,AR,693,Adr{ai}s=41
AR694,AR,694,adres=13
AR695,AR,695,Adres=41
AR696,AR,696,adres=13
AR697,AR,697,addr{ai}s=13
AR698,AR,698,-
AR699,AR,699,-
AR700,AR,700,-
AR701,AR,701,adres=31
AR702,AR,702,-
AR703,AR,703,-
AR704,AR,704,adres=13
AR705,AR,705,edres=31
AR705,AR,705,Adres=41
AR706,AR,706,-
AR707,AR,707,adres=31
AR708,AR,708,Adres=41
AR709,AR,709,AdressNG=414
AR710,AR,710,-
AR711,AR,711,adres=31
AR712,AR,712,Adres=41
AR713,AR,713,adres=13
AR714,AR,714,adres=13
AR715,AR,715,adres=13
AR716,AR,716,adres=13
AR717,AR,717,-
AR718,AR,718,-
AR719,AR,719,-
AR720,AR,720,-
AR721,AR,721,Adres=41
AR722,AR,722,addres=13
AR723,AR,723,adres=13
AR724,AR,724,-
AR725,AR,725,Addres=41
AR726,AR,726,addres=13
AR727,AR,727,Adrus=41
AR728,AR,728,Adres=41
AR729,AR,729,Adres=41
AR730,AR,730,Adres=41
AR731,AR,731,Adres=41
AR732,AR,732,Adres=41
AR733,AR,733,-
AR734,AR,734,-
AR735,AR,735,-
AR736,AR,736,-
AR737,AR,737,-
AR738,AR,738,adres=13
AR739,AR,739,-
AR740,AR,740,Adres=41
AR741,AR,741,Adres=41
AR742,AR,742,adres=13
AR743,AR,743,odres=31
AR744,AR,744,-
AR745,AR,745,-
AR746,AR,746,-
AR747,AR,747,adresN=314
AR748,AR,748,Adres=41
AR749,AR,749,Adres=41
AR750,AR,750,-
AR751,AR,751,adres=31
AR752,AR,752,adresN=314
AR753,AR,753,odres=31
AR754,AR,754,Adres=41
AR755,AR,755,AdresN=414
LA756,LA,756,-
LA757,LA,757,Adres=41
LA758,LA,758,adres=13
LA759,LA,759,-
LA760,LA,760,-
LA761,LA,761,AdresN=414
LA762,LA,762,-
LA763,LA,763,-
LA764,LA,764,adres=13
LA764,LA,764,Adres=41
LA765,LA,765,Adr{ai}s=41
LA766,LA,766,-
LA767,LA,767,adres=21
LA768,LA,768,adres=13
LA769,LA,769,Adres=41
LA770,LA,770,Adres=41
LA771,LA,771,adres=13
LA772,LA,772,adres=13
LA773,LA,773,Adres=41
LA774,LA,774,-
LA775,LA,775,-
LA776,LA,776,adres=21
LA777,LA,777,adres=13
LA778,LA,778,adres=13
LA778,LA,778,adres=31
LA779,LA,779,-
LA780,LA,780,edres=31
LA781,LA,781,Adres=41
LA782,LA,782,Adres=41
LA783,LA,783,-
LA784,LA,784,adres=13
LA785,LA,785,adres=21
LA786,LA,786,Adres=41
LA787,LA,787,udres=31
LA788,LA,788,Adres=41
LA789,LA,789,adres=31
LA789,LA,789,Adres=41
LA790,LA,790,adres=13
LA791,LA,791,adres=13
LA792,LA,792,adres=13
LA793,LA,793,-
LA794,LA,794,udres=31
LA795,LA,795,-
LA796,LA,796,addres=13
LA797,LA,797,Adres=41
LA798,LA,798,adres=13
LA799,LA,799,-
LA800,LA,800,adr{ai}s=31
LA801,LA,801,adres=13
LA802,LA,802,adres=13
LA803,LA,803,-
LA804,LA,804,-
LA805,LA,805,addres=31
LA806,LA,806,Adres=41
LA807,LA,807,udres=31
LA808,LA,808,edres=31
LA809,LA,809,Adres=41
LA810,LA,810,edres=31
LA811,LA,811,adres=13
LA812,LA,812,-
LA813,LA,813,udres=31
LA814,LA,814,adres=31
LA815,LA,815,-
LA816,LA,816,Adres=41
LA817,LA,817,adres=31
TX818,TX,818,-
TX819,TX,819,adres=13
TX820,TX,820,edres=31
TX821,TX,821,adres=12
TX822,TX,822,adres=21
TX823,TX,823,addres=13
TX824,TX,824,Adres=41
TX825,TX,825,edres=13
TX826,TX,826,Adr{ai}s=41
TX827,TX,827,Adres=41
TX828,TX,828,adres=13
TX829,TX,829,adres=13
TX830,TX,830,Adris=41
TX831,TX,831,Adr{ai}s=41
TX832,TX,832,-
TX833,TX,833,Adres=41
TX834,TX,834,Adres=41
TX835,TX,835,adris=13
TX836,TX,836,adres=13
TX837,TX,837,-
TX838,TX,838,-
TX839,TX,839,-
TX840,TX,840,adres=31
TX841,TX,841,-
TX842,TX,842,adres=13
TX843,TX,843,adres=13
TX844,TX,844,adris=31
TX845,TX,845,-
TX846,TX,846,udres=31
TX847,TX,847,-
TX848,TX,848,Adres=41
TX849,TX,849,Adres=41
TX850,TX,850,-
TX851,TX,851,-
TX852,TX,852,-
TX853,TX,853,Adres=41
TX854,TX,854,edres=31
TX855,TX,855,(a)dres
TX856,TX,856,-
TX857,TX,857,addres=31
TX858,TX,858,-
TX859,TX,859,Adres=41
TX860,TX,860,adres=31
TX861,TX,861,Adres=41
TX862,TX,862,adres=13
TX863,TX,863,Adr{ai}s=41
TX864,TX,864,udres=31
TX865,TX,865,Adres=41
TX866,TX,866,Adres=41
TX867,TX,867,Adres=41
TX868,TX,868,Adres=41
TX869,TX,869,adrest=31
TX870,TX,870,adres=13
TX870,TX,870,Adres=41
TX871,TX,871,adres=13
TX872,TX,872,-
TX873,TX,873,adres=13
TX874,TX,874,Adres=41
TX875,TX,875,adres=31
TX876,TX,876,Adres=41
TX877,TX,877,Adres=41
TX878,TX,878,adres=13
TX879,TX,879,-
TX880,TX,880,-
TX881,TX,881,-
TX882,TX,882,adres=13
TX883,TX,883,Adres=41
TX884,TX,884,-
TX885,TX,885,adres=13
TX886,TX,886,-
TX887,TX,887,adres=31
TX888,TX,888,-
TX889,TX,889,adres=31
TX890,TX,890,edres=31
TX891,TX,891,Adr{ai}s=41
TX892,TX,892,-
TX893,TX,893,adres=13
TX894,TX,894,adres=31
TX895,TX,895,Adres=41
TX896,TX,896,-
TX897,TX,897,-
TX898,TX,898,Adres=41
TX899,TX,899,adres=31
TX900,TX,900,adres=21
TX901,TX,901,Adres=41
TX902,TX,902,Adres=41
TX903,TX,903,-
TX904,TX,904,adres=31
TX905,TX,905,Adres=41
TX906,TX,906,AdresNG=414
TX907,TX,907,-
TX908,TX,908,-
TX909,TX,909,-
TX910,TX,910,adres=13
TX911,TX,911,adres=13
