Informant,State,Informant number,Response
TN001,TN,001,-
TN002,TN,002,stole 
TN003,TN,003,-
TN004,TN,004,swiped 
TN005,TN,005,swiped 
TN005,TN,005,took 
TN006,TN,006,stole 
TN006,TN,006,swiped 
TN007,TN,007,-
TN008,TN,008,-
TN009,TN,009,-
TN010,TN,010,stole 
TN010,TN,010,took 
TN011,TN,011,stoled 
TN012,TN,012,stole 
TN013,TN,013,stole 
TN014,TN,014,-
TN015,TN,015,stole 
TN016,TN,016,ripped off 
TN016,TN,016,rogued 
TN016,TN,016,stole 
TN016,TN,016,swiped 
TN016,TN,016,took 
TN017,TN,017,-
TN018,TN,018,-
TN019,TN,019,stole 
TN020,TN,020,-
TN021,TN,021,-
TN022,TN,022,ripped off 
TN022,TN,022,stole 
TN022,TN,022,took 
TN023,TN,023,stole 
TN024,TN,024,-
TN025,TN,025,-
TN026,TN,026,-
TN027,TN,027,-
TN028,TN,028,-
TN029,TN,029,-
TN030,TN,030,-
TN031,TN,031,-
TN032,TN,032,-
TN033,TN,033,ripped off 
TN033,TN,033,took 
TN034,TN,034,-
TN035,TN,035,-
TN036,TN,036,-
TN037,TN,037,-
TN038,TN,038,-
TN039,TN,039,-
TN040,TN,040,stole 
TN041,TN,041,stole 
TN042,TN,042,-
TN043,TN,043,-
TN044,TN,044,stole 
TN045,TN,045,swiped 
TN046,TN,046,lifted 
TN046,TN,046,ripped off 
TN046,TN,046,snatched 
TN046,TN,046,swiped 
TN047,TN,047,hooked 
TN048,TN,048,-
TN049,TN,049,stole 
TN050,TN,050,-
TN051,TN,051,took 
TN051,TN,051,stoled 
TN052,TN,052,stole 
TN053,TN,053,stole 
TN053,TN,053,swiped 
TN054,TN,054,-
TN055,TN,055,stole 
TN055,TN,055,swiped 
TN056,TN,056,picked up 
TN056,TN,056,stole 
TN056,TN,056,stoled 
TN056,TN,056,swiped 
TN057,TN,057,swiped 
TN058,TN,058,ripped off 
TN058,TN,058,stole 
TN058,TN,058,swiped 
TN059,TN,059,got 
TN059,TN,059,stoled 
TN060,TN,060,stole 
TN060,TN,060,took 
GA061,GA,061,picked up 
GA061,GA,061,stole 
GA062,GA,062,snitched 
GA063,GA,063,-
GA064,GA,064,snitched 
GA064,GA,064,stole 
GA064,GA,064,stoled 
GA065,GA,065,-
GA066,GA,066,hooked 
GA066,GA,066,stole 
GA067,GA,067,-
GA068,GA,068,-
GA069,GA,069,-
GA070,GA,070,stole 
GA071,GA,071,stole 
GA072,GA,072,stole 
GA072,GA,072,stoled 
GA073,GA,073,snitched 
GA073,GA,073,stole 
GA073,GA,073,swiped 
GA073,GA,073,took 
GA074,GA,074,stole 
GA074,GA,074,took 
GA075,GA,075,snitched 
GA076,GA,076,snitched 
GA076,GA,076,stole 
GA076,GA,076,swiped 
GA076,GA,076,thieved 
GA076,GA,076,took 
GA077,GA,077,-
GA078,GA,078,stole 
GA078,GA,078,swiped 
GA079,GA,079,stole 
GA080,GA,080,-
GA081,GA,081,stole 
GA082,GA,082,-
GA083,GA,083,-
GA084,GA,084,stole 
GA085,GA,085,stole 
GA086,GA,086,swiped 
GA087,GA,087,took 
GA088,GA,088,slipped 
GA088,GA,088,stole 
GA089,GA,089,-
GA090,GA,090,-
GA091,GA,091,-
GA092,GA,092,-
GA093,GA,093,-
GA094,GA,094,stole 
GA094,GA,094,swiped 
GA095,GA,095,snitched 
GA096,GA,096,picked up 
GA096,GA,096,stoled 
GA096,GA,096,swiped 
GA097,GA,097,stole 
GA097,GA,097,took 
GA098,GA,098,stole 
GA098,GA,098,swiped 
GA098,GA,098,took 
GA099,GA,099,got 
GA099,GA,099,swiped 
GA099,GA,099,took 
GA100,GA,100,swiped 
GA101,GA,101,ripped off 
GA101,GA,101,snitched 
GA101,GA,101,stole 
GA101,GA,101,swiped 
GA101,GA,101,took 
GA102,GA,102,snuck 
GA102,GA,102,stole 
GA102,GA,102,took 
GA103,GA,103,ripped off 
GA103,GA,103,stole 
GA103,GA,103,swiped 
GA104,GA,104,ripped off 
GA104,GA,104,snitched 
GA104,GA,104,stole 
GA105,GA,105,stole 
GA106,GA,106,stole 
GA106,GA,106,swiped 
GA106,GA,106,took 
GA107,GA,107,-
GA108,GA,108,snitched 
GA109,GA,109,-
GA110,GA,110,-
GA111,GA,111,-
GA112,GA,112,took 
GA113,GA,113,-
GA114,GA,114,-
GA115,GA,115,-
GA116,GA,116,-
GA117,GA,117,swiped 
GA118,GA,118,swiped 
GA119,GA,119,swiped 
GA120,GA,120,-
GA121,GA,121,swiped 
GA122,GA,122,stole 
GA123,GA,123,stole 
GA123,GA,123,swiped 
GA123,GA,123,took 
GA124,GA,124,-
GA125,GA,125,got 
GA125,GA,125,stole 
GA126,GA,126,-
GA127,GA,127,-
GA128,GA,128,-
GA129,GA,129,-
GA130,GA,130,-
GA131,GA,131,snitched 
GA132,GA,132,-
GA133,GA,133,-
GA134,GA,134,stole 
GA134,GA,134,swiped 
GA135,GA,135,-
GA136,GA,136,hooked 
GA136,GA,136,stoled 
GA137,GA,137,snitched 
GA137,GA,137,stole 
GA137,GA,137,took 
GA138,GA,138,took 
GA139,GA,139,-
GA140,GA,140,-
GA141,GA,141,snitched 
GA141,GA,141,took 
GA142,GA,142,-
GA143,GA,143,stole 
GA143,GA,143,took 
GA144,GA,144,got 
GA144,GA,144,snitched 
GA144,GA,144,swiped 
GA144,GA,144,took 
GA145,GA,145,-
GA146,GA,146,-
GA147,GA,147,-
GA148,GA,148,stole 
GA148,GA,148,swiped 
GA149,GA,149,swiped 
GA149,GA,149,took 
GA150,GA,150,snitched 
GA150,GA,150,stoled 
GA151,GA,151,-
GA152,GA,152,snitched 
GA152,GA,152,took 
GA153,GA,153,-
GA154,GA,154,snitched 
GA155,GA,155,snitched 
GA155,GA,155,took 
GA156,GA,156,-
GA157,GA,157,-
GA158,GA,158,-
GA159,GA,159,snitched 
GA159,GA,159,swiped 
GA160,GA,160,-
GA161,GA,161,-
GA162,GA,162,swiped 
GA162,GA,162,stole 
GA163,GA,163,hooked 
GA164,GA,164,ripped off 
GA165,GA,165,stole 
GA166,GA,166,swiped 
GA167,GA,167,got 
GA167,GA,167,stole 
GA168,GA,168,-
GA169,GA,169,-
GA170,GA,170,-
GA171,GA,171,-
GA172,GA,172,-
GA173,GA,173,-
GA174,GA,174,-
GA175,GA,175,-
GA176,GA,176,-
GA177,GA,177,hooked 
GA178,GA,178,-
GA179,GA,179,stoled 
GA179,GA,179,swiped 
GA180,GA,180,borrowed 
GA181,GA,181,-
GA182,GA,182,-
GA183,GA,183,snitched 
GA183,GA,183,stole 
GA184,GA,184,-
GA185,GA,185,stole 
GA185,GA,185,swiped 
GA185,GA,185,took 
GA186,GA,186,snitched 
GA186,GA,186,stole 
GA186,GA,186,swiped 
GA187,GA,187,-
GA188,GA,188,stole 
GA189,GA,189,snitched 
GA189,GA,189,took 
GA190,GA,190,-
GA191,GA,191,swiped 
GA192,GA,192,got 
GA192,GA,192,stole 
GA193,GA,193,-
GA194,GA,194,snatched 
GA195,GA,195,swiped 
GA196,GA,196,-
GA197,GA,197,-
GA198,GA,198,-
GA199,GA,199,-
GA200,GA,200,-
GA201,GA,201,-
GA202,GA,202,-
GA203,GA,203,stole 
GA203,GA,203,swiped 
GA204,GA,204,-
GA205,GA,205,-
GA206,GA,206,got 
GA206,GA,206,stole 
GA207,GA,207,swiped 
GA207,GA,207,took 
GA208,GA,208,picked up 
GA208,GA,208,snitched 
GA208,GA,208,stole 
GA209,GA,209,-
GA210,GA,210,got 
GA210,GA,210,stole 
GA211,GA,211,got 
GA211,GA,211,ran off with 
GA211,GA,211,stole 
GA212,GA,212,-
GA213,GA,213,got 
GA213,GA,213,snitched 
GA214,GA,214,-
GA215,GA,215,got 
GA215,GA,215,stole 
GA216,GA,216,snitched 
GA216,GA,216,stole 
GA217,GA,217,-
GA218,GA,218,-
GA219,GA,219,-
GA220,GA,220,stole 
GA221,GA,221,takened 
GA222,GA,222,stoled 
GA223,GA,223,hooked 
GA223,GA,223,snitched 
GA224,GA,224,-
GA225,GA,225,-
FL226,FL,226,borrowed 
FL226,FL,226,stole 
FL226,FL,226,took 
FL227,FL,227,ripped off 
FL227,FL,227,stole 
FL227,FL,227,swiped 
FL227,FL,227,took 
FL228,FL,228,stole 
FL229,FL,229,heisted 
FL229,FL,229,snitched 
FL229,FL,229,swiped 
FL230,FL,230,borrowed 
FL230,FL,230,ripped off 
FL230,FL,230,stoled 
FL231,FL,231,filched 
FL231,FL,231,lifted 
FL231,FL,231,stole 
FL231,FL,231,swiped 
FL232,FL,232,ripped off 
FL232,FL,232,stole 
FL233,FL,233,ripped off 
FL233,FL,233,stole 
FL234,FL,234,-
FL235,FL,235,stoled 
FL235,FL,235,taked 
FL236,FL,236,stole 
FL237,FL,237,stole 
FL238,FL,238,borrowed 
FL238,FL,238,snitched 
FL238,FL,238,stole 
FL239,FL,239,stole 
FL239,FL,239,took 
FL240,FL,240,ripped off 
FL241,FL,241,-
FL242,FL,242,stole 
FL243,FL,243,stoled 
FL243,FL,243,swiped 
FL244,FL,244,-
FL245,FL,245,filched 
FL245,FL,245,got 
FL245,FL,245,swiped 
FL245,FL,245,took 
FL246,FL,246,stole 
FL247,FL,247,snitched 
FL247,FL,247,stole 
FL247,FL,247,took 
FL248,FL,248,stole 
FL249,FL,249,stole 
FL249,FL,249,swiped 
FL250,FL,250,swiped 
FL251,FL,251,-
FL252,FL,252,-
FL253,FL,253,stoled 
FL254,FL,254,snitched 
FL254,FL,254,stole 
FL254,FL,254,took 
FL255,FL,255,stole 
FL255,FL,255,swiped 
FL256,FL,256,stole 
FL257,FL,257,stoled 
FL257,FL,257,swiped 
FL258,FL,258,stoled 
FL259,FL,259,stole 
FL259,FL,259,took 
FL260,FL,260,-
FL261,FL,261,ripped off 
FL261,FL,261,stole 
FL261,FL,261,took 
FL262,FL,262,-
FL263,FL,263,swiped 
FL263,FL,263,took 
FL264,FL,264,stole 
FL265,FL,265,-
FL266,FL,266,lifted 
FL266,FL,266,stole 
FL266,FL,266,swiped 
FL266,FL,266,took 
FL267,FL,267,-
FL268,FL,268,-
FL269,FL,269,stole 
FL269,FL,269,stoled 
FL269,FL,269,swiped 
FL270,FL,270,got 
FL270,FL,270,ripped off 
FL270,FL,270,stole 
FL271,FL,271,-
FL272,FL,272,swiped 
FL273,FL,273,-
FL274,FL,274,ripped off 
FL275,FL,275,-
FL276,FL,276,borrowed 
FL276,FL,276,stoled 
FL277,FL,277,-
FL278,FL,278,ripped off 
FL278,FL,278,stole 
FL278,FL,278,took 
FL279,FL,279,ripped off 
FL280,FL,280,stole 
FL280,FL,280,swiped 
FL281,FL,281,stole 
FL281,FL,281,took 
FL282,FL,282,-
FL283,FL,283,stole 
FL283,FL,283,took 
FL284,FL,284,hooked 
FL284,FL,284,ripped off 
FL284,FL,284,swiped 
FL284,FL,284,took 
FL285,FL,285,-
FL286,FL,286,ripped off 
FL286,FL,286,stole 
FL287,FL,287,-
FL288,FL,288,-
FL289,FL,289,swiped 
FL289,FL,289,stoled 
FL289,FL,289,took 
TN290,TN,290,stole 
TN290,TN,290,took 
TN291,TN,291,snatched 
TN292,TN,292,took 
TN293,TN,293,stoled 
TN293,TN,293,swiped 
TN294,TN,294,lifted 
TN294,TN,294,ripped off 
TN294,TN,294,stole 
TN294,TN,294,took 
TN295,TN,295,hooked 
TN295,TN,295,snatched 
TN296,TN,296,-
TN297,TN,297,-
TN298,TN,298,got 
TN299,TN,299,stole 
TN299,TN,299,swiped 
TN300,TN,300,swiped 
TN301,TN,301,got 
TN302,TN,302,swiped 
TN303,TN,303,-
TN304,TN,304,-
TN305,TN,305,-
TN306,TN,306,stole 
TN307,TN,307,ripped off 
TN307,TN,307,stole 
TN308,TN,308,-
TN309,TN,309,-
TN310,TN,310,got 
TN311,TN,311,lifted 
TN311,TN,311,picked up 
TN311,TN,311,stole 
TN312,TN,312,filched 
TN312,TN,312,pinched 
TN312,TN,312,swiped 
TN313,TN,313,-
TN314,TN,314,-
TN315,TN,315,-
TN316,TN,316,-
TN317,TN,317,stoled 
TN318,TN,318,-
TN319,TN,319,-
TN320,TN,320,got 
TN321,TN,321,hooked 
TN322,TN,322,stole 
TN323,TN,323,got 
TN323,TN,323,stole 
TN324,TN,324,stole 
TN325,TN,325,stole 
TN326,TN,326,stole 
TN327,TN,327,stole 
TN328,TN,328,-
TN329,TN,329,ripped off 
TN329,TN,329,stole 
TN329,TN,329,swiped 
TN329,TN,329,took 
TN330,TN,330,stole 
TN330,TN,330,swiped 
TN331,TN,331,-
TN332,TN,332,stole 
TN332,TN,332,swiped 
TN333,TN,333,stole 
TN334,TN,334,stole 
TN334,TN,334,stoled 
TN334,TN,334,swiped 
TN335,TN,335,-
TN336,TN,336,got 
TN336,TN,336,snatched 
TN336,TN,336,stole 
AL337,AL,337,-
AL338,AL,338,-
AL339,AL,339,-
AL340,AL,340,stole 
AL341,AL,341,-
AL342,AL,342,-
AL343,AL,343,got 
AL343,AL,343,stole 
AL343,AL,343,took 
AL344,AL,344,stole 
AL345,AL,345,-
AL346,AL,346,-
AL347,AL,347,stole 
AL347,AL,347,swiped 
AL348,AL,348,swiped 
AL349,AL,349,-
AL350,AL,350,-
AL351,AL,351,stole 
AL352,AL,352,swiped 
AL353,AL,353,got 
AL353,AL,353,stole 
AL354,AL,354,stole 
AL354,AL,354,swiped 
AL355,AL,355,-
AL356,AL,356,stole 
AL357,AL,357,purloined 
AL357,AL,357,took 
AL358,AL,358,stole 
AL359,AL,359,hooked 
AL359,AL,359,snitched 
AL359,AL,359,stoled 
AL360,AL,360,got 
AL360,AL,360,snitched 
AL360,AL,360,swiped 
AL361,AL,361,snitched 
AL361,AL,361,stole 
AL361,AL,361,swiped 
AL362,AL,362,-
AL363,AL,363,stole 
AL363,AL,363,swiped 
AL364,AL,364,stole 
AL365,AL,365,-
AL366,AL,366,-
AL367,AL,367,-
AL368,AL,368,-
AL369,AL,369,hooked 
AL370,AL,370,-
AL371,AL,371,-
AL372,AL,372,ripped off 
AL373,AL,373,-
AL374,AL,374,swiped 
AL375,AL,375,-
AL376,AL,376,stole 
AL377,AL,377,took 
AL378,AL,378,-
AL379,AL,379,-
AL380,AL,380,-
AL381,AL,381,-
AL382,AL,382,stoled 
AL382,AL,382,swiped 
AL383,AL,383,stole 
AL383,AL,383,swiped 
AL383,AL,383,took 
AL384,AL,384,-
AL385,AL,385,stoled 
AL386,AL,386,-
AL387,AL,387,got 
AL387,AL,387,picked up 
AL387,AL,387,ripped off 
AL387,AL,387,stole 
AL387,AL,387,swiped 
AL388,AL,388,got 
AL389,AL,389,got 
AL389,AL,389,stole 
AL389,AL,389,swiped 
AL390,AL,390,glommed on 
AL390,AL,390,stole 
AL391,AL,391,got 
AL391,AL,391,stole 
AL391,AL,391,took 
AL392,AL,392,-
AL393,AL,393,swiped 
AL394,AL,394,swiped 
AL395,AL,395,lifted 
AL396,AL,396,-
AL397,AL,397,got 
AL397,AL,397,swiped 
AL397,AL,397,took 
AL398,AL,398,stoled 
AL398,AL,398,swiped 
AL398,AL,398,took 
AL399,AL,399,got 
AL399,AL,399,took 
AL400,AL,400,stole 
AL401,AL,401,-
AL402,AL,402,took 
AL402,AL,402,stole 
AL403,AL,403,-
AL404,AL,404,-
AL405,AL,405,stole 
AL406,AL,406,got 
AL407,AL,407,snitched 
AL407,AL,407,swiped 
AL407,AL,407,took 
AL408,AL,408,got 
AL408,AL,408,stole 
AL408,AL,408,swiped 
AL408,AL,408,took 
AL409,AL,409,swiped 
AL410,AL,410,took 
AL411,AL,411,swiped 
AL412,AL,412,-
AL413,AL,413,-
AL414,AL,414,heisted 
AL414,AL,414,ripped off 
AL414,AL,414,stole 
AL414,AL,414,took 
AL415,AL,415,stole 
AL415,AL,415,took 
AL416,AL,416,stole 
AL416,AL,416,swiped 
AL416,AL,416,took 
AL417,AL,417,nabbed 
AL417,AL,417,swiped 
AL418,AL,418,pilfered 
AL418,AL,418,snatched 
AL418,AL,418,stole 
AL419,AL,419,stole 
AL419,AL,419,swiped 
AL420,AL,420,snitched 
AL420,AL,420,stole 
AL421,AL,421,snitched 
AL422,AL,422,-
AL423,AL,423,took 
AL423,AL,423,swiped 
AL424,AL,424,stole 
AL425,AL,425,-
AL426,AL,426,took 
AL427,AL,427,stole 
AL427,AL,427,took 
AL428,AL,428,got 
AL428,AL,428,stole 
AL429,AL,429,-
AL430,AL,430,-
AL431,AL,431,stoled 
AL432,AL,432,-
AL433,AL,433,swiped 
AL434,AL,434,got 
AL434,AL,434,picked up 
AL434,AL,434,stole 
AL434,AL,434,swiped 
AL435,AL,435,lifted 
AL435,AL,435,stole 
AL435,AL,435,swiped 
AL436,AL,436,swiped 
AL437,AL,437,absconded 
AL437,AL,437,lifted 
AL437,AL,437,pinched 
AL437,AL,437,ripped off 
AL437,AL,437,snitched 
AL437,AL,437,stole 
AL437,AL,437,swiped 
AL437,AL,437,took 
AL437,AL,437,walked off with 
AL438,AL,438,stole 
AL438,AL,438,swiped 
AL439,AL,439,swiped 
AL439,AL,439,took 
AL440,AL,440,-
AL441,AL,441,stole 
AL442,AL,442,stole 
AL442,AL,442,swiped 
AL443,AL,443,ripped off 
AL443,AL,443,stole 
AL444,AL,444,got 
AL444,AL,444,snitched 
AL444,AL,444,swiped 
AL445,AL,445,snitched 
AL445,AL,445,stole 
AL445,AL,445,swiped 
AL445,AL,445,took 
AL446,AL,446,-
AL447,AL,447,-
AL448,AL,448,stole 
AL449,AL,449,stole 
AL449,AL,449,took 
AL450,AL,450,stole 
AL451,AL,451,-
FL452,FL,452,snitched 
FL453,FL,453,stole 
FL454,FL,454,stole 
FL455,FL,455,stole 
FL455,FL,455,swiped 
FL456,FL,456,stole 
FL456,FL,456,took 
FL457,FL,457,-
FL458,FL,458,snitched 
FL458,FL,458,swiped 
FL459,FL,459,-
FL460,FL,460,stoled 
FL461,FL,461,snooked 
FL461,FL,461,stole 
FL462,FL,462,stole 
FL462,FL,462,swiped 
FL463,FL,463,-
FL464,FL,464,stole 
FL464,FL,464,took 
FL465,FL,465,got 
FL465,FL,465,stole 
FL466,FL,466,stole 
FL466,FL,466,took 
FL467,FL,467,-
FL468,FL,468,took 
FL469,FL,469,taked 
FL470,FL,470,stole 
FL471,FL,471,stole 
AL472,AL,472,stoled 
AL473,AL,473,stole 
AL474,AL,474,swiped 
AL475,AL,475,stole 
AL476,AL,476,stole 
AL477,AL,477,stole 
AL478,AL,478,-
AL479,AL,479,-
AL480,AL,480,stole 
AL481,AL,481,-
AL482,AL,482,snatched 
AL482,AL,482,stole 
AL483,AL,483,-
AL484,AL,484,lifted 
AL485,AL,485,-
TN486,TN,486,-
TN487,TN,487,-
TN488,TN,488,stole 
TN489,TN,489,stole 
TN490,TN,490,ripped off 
TN491,TN,491,-
TN492,TN,492,stole 
TN493,TN,493,stoled 
TN494,TN,494,stole 
TN495,TN,495,stoled 
TN496,TN,496,-
TN497,TN,497,-
TN498,TN,498,swiped 
TN499,TN,499,-
TN500,TN,500,-
TN501,TN,501,stole 
TN502,TN,502,-
TN503,TN,503,-
TN504,TN,504,pinched 
TN504,TN,504,ripped off 
TN504,TN,504,snitched 
TN504,TN,504,stole 
TN505,TN,505,stole 
TN506,TN,506,-
TN507,TN,507,-
TN508,TN,508,-
TN509,TN,509,stoled 
TN510,TN,510,-
TN511,TN,511,-
TN512,TN,512,-
TN513,TN,513,took 
TN514,TN,514,ripped off 
TN515,TN,515,-
TN516,TN,516,swiped 
TN516,TN,516,took 
TN517,TN,517,made off with 
TN517,TN,517,stole 
TN517,TN,517,swiped 
TN518,TN,518,ripped off 
TN519,TN,519,snatched 
TN519,TN,519,swiped 
TN519,TN,519,took 
MS520,MS,520,-
MS521,MS,521,stole 
MS521,MS,521,took 
MS522,MS,522,got 
MS522,MS,522,stole 
MS523,MS,523,-
MS524,MS,524,stole 
MS525,MS,525,-
MS526,MS,526,-
MS527,MS,527,got 
MS527,MS,527,stoled 
MS527,MS,527,swiped 
MS527,MS,527,took 
MS528,MS,528,-
MS529,MS,529,stole 
MS530,MS,530,-
MS531,MS,531,-
MS532,MS,532,-
MS533,MS,533,stole 
MS534,MS,534,-
MS535,MS,535,stole 
MS535,MS,535,took 
MS536,MS,536,-
MS537,MS,537,-
MS538,MS,538,-
MS539,MS,539,-
MS540,MS,540,stole 
MS541,MS,541,-
MS542,MS,542,-
MS543,MS,543,-
MS544,MS,544,stole 
MS545,MS,545,-
MS546,MS,546,stole 
MS547,MS,547,stole 
MS547,MS,547,took 
MS548,MS,548,got 
MS548,MS,548,stoled 
MS549,MS,549,-
MS550,MS,550,-
MS551,MS,551,-
MS552,MS,552,-
MS553,MS,553,-
MS554,MS,554,-
MS555,MS,555,-
MS556,MS,556,-
MS557,MS,557,stoled 
MS558,MS,558,stole 
MS559,MS,559,-
MS560,MS,560,-
MS561,MS,561,-
MS562,MS,562,stole 
MS563,MS,563,got 
MS563,MS,563,stole 
MS563,MS,563,took 
MS564,MS,564,stole 
MS564,MS,564,took 
MS565,MS,565,got 
MS565,MS,565,stole 
MS565,MS,565,took 
MS566,MS,566,stole 
MS567,MS,567,stole 
MS568,MS,568,-
MS569,MS,569,stole 
MS569,MS,569,swiped 
MS570,MS,570,-
MS571,MS,571,swiped 
MS572,MS,572,-
MS573,MS,573,-
MS574,MS,574,stole 
MS575,MS,575,-
MS576,MS,576,-
MS577,MS,577,stole 
MS577,MS,577,took 
MS578,MS,578,stoled 
MS579,MS,579,stole 
MS579,MS,579,swiped 
MS579,MS,579,stoled 
MS580,MS,580,-
MS581,MS,581,-
MS582,MS,582,stole 
MS582,MS,582,took 
MS583,MS,583,-
MS584,MS,584,stole 
MS585,MS,585,stoled 
MS586,MS,586,-
MS587,MS,587,stole 
MS588,MS,588,stole 
MS589,MS,589,got 
MS589,MS,589,ripped off 
MS589,MS,589,stole 
MS590,MS,590,-
MS591,MS,591,stole 
MS592,MS,592,-
MS593,MS,593,-
MS594,MS,594,stole 
MS595,MS,595,stole 
MS595,MS,595,took 
MS596,MS,596,-
MS597,MS,597,got 
MS597,MS,597,stole 
MS598,MS,598,-
MS599,MS,599,stole 
MS599,MS,599,swiped 
MS600,MS,600,got 
MS600,MS,600,stole 
MS601,MS,601,stole 
MS602,MS,602,stoled 
MS602,MS,602,took 
MS603,MS,603,-
MS604,MS,604,-
MS605,MS,605,stole 
MS606,MS,606,stole 
MS607,MS,607,-
MS608,MS,608,-
MS609,MS,609,-
MS610,MS,610,stole 
MS610,MS,610,took 
MS611,MS,611,-
MS612,MS,612,stoled 
MS613,MS,613,stole 
MS613,MS,613,took 
MS614,MS,614,-
MS615,MS,615,swiped 
MS616,MS,616,nixed 
MS616,MS,616,stole 
MS617,MS,617,absconded 
MS617,MS,617,latched onto 
MS617,MS,617,pilfered 
MS617,MS,617,snitched 
MS617,MS,617,stole 
MS617,MS,617,swiped 
MS618,MS,618,-
MS619,MS,619,-
MS620,MS,620,snitched 
MS621,MS,621,swiped 
MS622,MS,622,stole 
MS622,MS,622,swiped 
MS623,MS,623,-
MS624,MS,624,stole 
MS625,MS,625,swiped 
MS626,MS,626,-
MS627,MS,627,got 
MS628,MS,628,got 
MS628,MS,628,stole 
MS629,MS,629,stole 
LA630,LA,630,stole 
LA631,LA,631,-
LA632,LA,632,-
LA633,LA,633,-
LA634,LA,634,stole 
LA635,LA,635,stole 
LA635,LA,635,took 
LA636,LA,636,-
LA637,LA,637,-
LA638,LA,638,-
LA639,LA,639,stoled 
LA640,LA,640,stoled 
LA641,LA,641,stole 
LA642,LA,642,-
LA643,LA,643,stole 
LA643,LA,643,took 
LA644,LA,644,-
LA645,LA,645,-
LA646,LA,646,-
LA647,LA,647,-
LA648,LA,648,stole 
LA649,LA,649,picked up 
LA649,LA,649,stole 
LA650,LA,650,took 
LA651,LA,651,-
LA652,LA,652,snitched 
LA652,LA,652,stole 
LA652,LA,652,took 
LA653,LA,653,stole 
LA654,LA,654,got 
LA654,LA,654,stole 
LA654,LA,654,took 
LA655,LA,655,stole 
LA655,LA,655,took 
LA656,LA,656,stole 
LA657,LA,657,stole 
LA657X,LA,657X,carried off 
LA657X,LA,657X,snitched 
LA657X,LA,657X,took 
LA657Y,LA,657Y,-
LA657Z,LA,657Z,copped 
LA657Z,LA,657Z,rooked 
LA657Z,LA,657Z,stole 
LA658,LA,658,-
LA659,LA,659,-
LA660,LA,660,stole 
LA661,LA,661,stole 
LA662,LA,662,stole 
LA663,LA,663,-
LA664,LA,664,-
LA665,LA,665,-
LA666,LA,666,-
LA667,LA,667,stole 
LA667,LA,667,swiped 
LA667,LA,667,took 
LA668,LA,668,snitched 
LA668,LA,668,stole 
LA669,LA,669,picked up 
LA669,LA,669,stole 
LA670,LA,670,-
LA671,LA,671,stole 
LA671,LA,671,took 
LA672,LA,672,-
LA673,LA,673,took 
AR674,AR,674,got 
AR674,AR,674,swiped 
AR675,AR,675,-
AR676,AR,676,-
AR677,AR,677,swiped 
AR678,AR,678,-
AR679,AR,679,snitched 
AR680,AR,680,-
AR681,AR,681,stole 
AR681,AR,681,stoled 
AR682,AR,682,got 
AR683,AR,683,-
AR684,AR,684,-
AR685,AR,685,swiped 
AR686,AR,686,-
AR687,AR,687,-
AR688,AR,688,borrowed 
AR688,AR,688,stole 
AR689,AR,689,stole 
AR689,AR,689,swiped 
AR690,AR,690,-
AR691,AR,691,-
AR692,AR,692,took 
AR693,AR,693,-
AR694,AR,694,stole 
AR694,AR,694,swiped 
AR695,AR,695,snitched 
AR696,AR,696,got 
AR696,AR,696,snitched 
AR696,AR,696,stole 
AR696,AR,696,stoled 
AR697,AR,697,swiped 
AR698,AR,698,-
AR699,AR,699,-
AR700,AR,700,-
AR701,AR,701,got 
AR701,AR,701,stole 
AR701,AR,701,swiped 
AR701,AR,701,took 
AR702,AR,702,-
AR703,AR,703,grabbed 
AR703,AR,703,snitched 
AR704,AR,704,got 
AR704,AR,704,swiped 
AR705,AR,705,stole 
AR705,AR,705,swiped 
AR705,AR,705,took 
AR706,AR,706,-
AR707,AR,707,ripped off 
AR707,AR,707,snatched 
AR707,AR,707,swiped 
AR707,AR,707,took 
AR708,AR,708,-
AR709,AR,709,snitched 
AR709,AR,709,swiped 
AR709,AR,709,took 
AR710,AR,710,-
AR711,AR,711,snitched 
AR711,AR,711,stole 
AR711,AR,711,took 
AR712,AR,712,ripped off 
AR713,AR,713,-
AR714,AR,714,stole 
AR715,AR,715,stole 
AR716,AR,716,swiped 
AR717,AR,717,swiped 
AR718,AR,718,stole 
AR719,AR,719,-
AR720,AR,720,swiped 
AR721,AR,721,swiped 
AR722,AR,722,swiped 
AR723,AR,723,stole 
AR724,AR,724,-
AR725,AR,725,ripped off 
AR725,AR,725,stoled 
AR726,AR,726,stole 
AR726,AR,726,swiped 
AR727,AR,727,stole 
AR728,AR,728,stoled 
AR728,AR,728,swiped 
AR729,AR,729,-
AR730,AR,730,stoled 
AR731,AR,731,copped 
AR731,AR,731,snitched 
AR732,AR,732,stole 
AR732,AR,732,swiped 
AR733,AR,733,-
AR734,AR,734,stole 
AR735,AR,735,stole 
AR736,AR,736,-
AR737,AR,737,hooked 
AR737,AR,737,stole 
AR738,AR,738,swiped 
AR739,AR,739,-
AR740,AR,740,got 
AR740,AR,740,swiped 
AR741,AR,741,stole 
AR742,AR,742,swiped 
AR743,AR,743,stole 
AR744,AR,744,-
AR745,AR,745,-
AR746,AR,746,-
AR747,AR,747,stole 
AR747,AR,747,stoled 
AR748,AR,748,stole 
AR749,AR,749,lifted 
AR749,AR,749,ripped off 
AR749,AR,749,snitched 
AR749,AR,749,swiped 
AR749,AR,749,took 
AR750,AR,750,-
AR751,AR,751,-
AR752,AR,752,-
AR753,AR,753,snatched 
AR753,AR,753,stole 
AR753,AR,753,swiped 
AR754,AR,754,-
AR755,AR,755,-
LA756,LA,756,-
LA757,LA,757,stole 
LA757,LA,757,took 
LA758,LA,758,-
LA759,LA,759,stole 
LA759,LA,759,stoled 
LA760,LA,760,-
LA761,LA,761,took 
LA762,LA,762,-
LA763,LA,763,-
LA764,LA,764,sniped 
LA764,LA,764,stoled 
LA765,LA,765,stole 
LA766,LA,766,stole 
LA767,LA,767,got 
LA767,LA,767,stole 
LA768,LA,768,stole 
LA769,LA,769,got 
LA769,LA,769,took 
LA770,LA,770,stole 
LA770,LA,770,took 
LA771,LA,771,-
LA772,LA,772,-
LA773,LA,773,-
LA774,LA,774,-
LA775,LA,775,stole 
LA776,LA,776,stole 
LA777,LA,777,stole 
LA777,LA,777,took 
LA778,LA,778,stole 
LA778,LA,778,took 
LA779,LA,779,-
LA780,LA,780,stole 
LA781,LA,781,-
LA782,LA,782,-
LA783,LA,783,-
LA784,LA,784,-
LA785,LA,785,stole 
LA786,LA,786,got 
LA786,LA,786,stole 
LA787,LA,787,stoled 
LA788,LA,788,swiped 
LA789,LA,789,snitched 
LA789,LA,789,stole 
LA789,LA,789,took 
LA790,LA,790,filched 
LA790,LA,790,snitched 
LA790,LA,790,stoled 
LA790,LA,790,took 
LA791,LA,791,relieved of 
LA791,LA,791,stole 
LA791,LA,791,swiped 
LA791,LA,791,took 
LA792,LA,792,-
LA793,LA,793,-
LA794,LA,794,got 
LA795,LA,795,-
LA796,LA,796,took 
LA797,LA,797,-
LA798,LA,798,stole 
LA799,LA,799,-
LA800,LA,800,stole 
LA801,LA,801,borrowed 
LA801,LA,801,stole 
LA802,LA,802,-
LA803,LA,803,-
LA804,LA,804,-
LA805,LA,805,picked up 
LA805,LA,805,took 
LA806,LA,806,stole 
LA807,LA,807,stole 
LA808,LA,808,stole 
LA809,LA,809,stole 
LA810,LA,810,took 
LA811,LA,811,stole 
LA812,LA,812,stole 
LA812,LA,812,swiped 
LA813,LA,813,stole 
LA813,LA,813,swiped 
LA814,LA,814,got 
LA815,LA,815,-
LA816,LA,816,stole 
LA816,LA,816,took 
LA817,LA,817,took 
TX818,TX,818,-
TX819,TX,819,stole 
TX820,TX,820,stole 
TX821,TX,821,got 
TX822,TX,822,stole 
TX823,TX,823,got 
TX824,TX,824,got 
TX824,TX,824,took 
TX825,TX,825,stole 
TX826,TX,826,stole 
TX826,TX,826,stoled 
TX827,TX,827,stoled 
TX827,TX,827,took 
TX828,TX,828,got 
TX828,TX,828,took 
TX829,TX,829,stole 
TX830,TX,830,stoled 
TX830,TX,830,took 
TX831,TX,831,stoled 
TX832,TX,832,-
TX833,TX,833,got 
TX833,TX,833,stole 
TX834,TX,834,-
TX835,TX,835,stole 
TX836,TX,836,stole 
TX836,TX,836,swiped 
TX837,TX,837,-
TX838,TX,838,-
TX839,TX,839,picked up 
TX840,TX,840,stole 
TX841,TX,841,-
TX842,TX,842,stole 
TX843,TX,843,got 
TX843,TX,843,stole 
TX843,TX,843,took 
TX844,TX,844,stole 
TX844,TX,844,took 
TX845,TX,845,-
TX846,TX,846,stole 
TX847,TX,847,-
TX848,TX,848,stole 
TX848,TX,848,swiped 
TX848,TX,848,took 
TX849,TX,849,-
TX850,TX,850,stoled 
TX851,TX,851,-
TX852,TX,852,-
TX853,TX,853,stole 
TX854,TX,854,stole 
TX855,TX,855,hooked 
TX855,TX,855,stole 
TX856,TX,856,-
TX857,TX,857,-
TX858,TX,858,-
TX859,TX,859,copped 
TX859,TX,859,got 
TX859,TX,859,lifted 
TX859,TX,859,stole 
TX859,TX,859,took 
TX860,TX,860,took 
TX861,TX,861,stole 
TX862,TX,862,stole 
TX863,TX,863,stole 
TX863,TX,863,took 
TX864,TX,864,stoled 
TX865,TX,865,latched onto 
TX865,TX,865,stole 
TX866,TX,866,stole 
TX866,TX,866,took 
TX867,TX,867,stole 
TX867,TX,867,took 
TX868,TX,868,got 
TX868,TX,868,took 
TX869,TX,869,stole 
TX869,TX,869,took 
TX870,TX,870,ripped off 
TX870,TX,870,stole 
TX870,TX,870,took 
TX871,TX,871,-
TX872,TX,872,-
TX873,TX,873,took 
TX874,TX,874,snitched 
TX874,TX,874,stole 
TX874,TX,874,took 
TX875,TX,875,swiped 
TX875,TX,875,took 
TX876,TX,876,stole 
TX876,TX,876,took 
TX877,TX,877,copped 
TX877,TX,877,stole 
TX877,TX,877,took 
TX878,TX,878,stole 
TX879,TX,879,-
TX880,TX,880,-
TX881,TX,881,-
TX882,TX,882,stole 
TX883,TX,883,got 
TX884,TX,884,-
TX885,TX,885,stole 
TX886,TX,886,hocked 
TX886,TX,886,stoled 
TX886,TX,886,took 
TX887,TX,887,stole 
TX887,TX,887,took 
TX888,TX,888,stole 
TX888,TX,888,swiped 
TX889,TX,889,stole 
TX889,TX,889,took 
TX890,TX,890,stole 
TX890,TX,890,took 
TX891,TX,891,stole 
TX891,TX,891,took 
TX892,TX,892,-
TX893,TX,893,stole 
TX894,TX,894,stole 
TX895,TX,895,stole 
TX895,TX,895,took 
TX896,TX,896,-
TX897,TX,897,-
TX898,TX,898,-
TX899,TX,899,stole 
TX900,TX,900,picked up 
TX900,TX,900,stole 
TX901,TX,901,took 
TX902,TX,902,stole 
TX903,TX,903,-
TX904,TX,904,stole 
TX905,TX,905,copped 
TX905,TX,905,ripped off 
TX905,TX,905,stole 
TX906,TX,906,stole 
TX906,TX,906,took 
TX907,TX,907,-
TX908,TX,908,ripped off 
TX908,TX,908,stole 
TX908,TX,908,stoled 
TX909,TX,909,-
TX910,TX,910,stole 
TX910,TX,910,stoled 
TX911,TX,911,stole 
TX911,TX,911,took 
