Informant,State,Informant number,Response
TN001,TN,001,don't remember 
TN002,TN,002,can't remember 
TN002,TN,002,don't remember 
TN003,TN,003,can't remember 
TN004,TN,004,don't remember 
TN005,TN,005,can't remember 
TN005,TN,005,can't think (of) 
TN005,TN,005,forget 
TN006,TN,006,don't remember 
TN007,TN,007,-
TN008,TN,008,can't remember 
TN009,TN,009,can't call 
TN010,TN,010,don't recollect 
TN011,TN,011,don't remember 
TN012,TN,012,don't remember 
TN013,TN,013,don't remember 
TN014,TN,014,-
TN015,TN,015,don't recollect 
TN016,TN,016,forget 
TN016,TN,016,don't remember 
TN017,TN,017,don't remember 
TN018,TN,018,can't call 
TN019,TN,019,don't remember 
TN020,TN,020,can't remember 
TN020,TN,020,don't recollect 
TN021,TN,021,-
TN022,TN,022,don't recall 
TN022,TN,022,don't remember 
TN023,TN,023,can't call 
TN024,TN,024,don't remember 
TN025,TN,025,don't remember 
TN025,TN,025,forget 
TN026,TN,026,-
TN027,TN,027,don't remember 
TN028,TN,028,can't remember 
TN029,TN,029,don't remember 
TN030,TN,030,don't remember 
TN031,TN,031,don't remember 
TN032,TN,032,-
TN033,TN,033,don't remember 
TN034,TN,034,don't remember 
TN035,TN,035,don't remember 
TN036,TN,036,forget 
TN037,TN,037,can't recall 
TN037,TN,037,can't remember 
TN037,TN,037,can't think (of) 
TN038,TN,038,can't recall 
TN038,TN,038,don't (re)member 
TN039,TN,039,don't (re)member 
TN040,TN,040,don't remember 
TN041,TN,041,don't remember 
TN042,TN,042,don't (re)call 
TN042,TN,042,forget 
TN043,TN,043,-
TN044,TN,044,forget 
TN045,TN,045,-
TN046,TN,046,don't remember 
TN047,TN,047,don't remember 
TN048,TN,048,don't remember 
TN049,TN,049,can't remember 
TN049,TN,049,don't remember 
TN049,TN,049,forget 
TN050,TN,050,don't remember 
TN051,TN,051,can't remember 
TN051,TN,051,don't remember 
TN052,TN,052,-
TN053,TN,053,don't remember 
TN054,TN,054,don't think of 
TN055,TN,055,can't call 
TN055,TN,055,don't remember 
TN056,TN,056,-
TN057,TN,057,don't remember 
TN058,TN,058,can't remember 
TN058,TN,058,don't remember 
TN059,TN,059,can't remember 
TN060,TN,060,don't remember 
GA061,GA,061,can't remember 
GA061,GA,061,don't remember 
GA062,GA,062,don't remember 
GA063,GA,063,can't call 
GA063,GA,063,can't think (of) 
GA064,GA,064,don't recollect 
GA064,GA,064,don't remember 
GA065,GA,065,-
GA066,GA,066,can't call 
GA066,GA,066,don't remember 
GA067,GA,067,don't remember 
GA067,GA,067,forget 
GA068,GA,068,can't recall 
GA068,GA,068,forget 
GA069,GA,069,can't remember 
GA070,GA,070,can't remember 
GA070,GA,070,don't remember 
GA071,GA,071,don't remember 
GA072,GA,072,forget 
GA073,GA,073,can't call 
GA073,GA,073,can't remember 
GA073,GA,073,don't remember 
GA074,GA,074,can't remember 
GA075,GA,075,don't remember 
GA076,GA,076,don't remember 
GA077,GA,077,can't remember 
GA077,GA,077,don't remember 
GA078,GA,078,can't remember 
GA078,GA,078,don't remember 
GA079,GA,079,-
GA080,GA,080,don't remember 
GA081,GA,081,-
GA082,GA,082,don't remember 
GA083,GA,083,-
GA084,GA,084,can't think (of) 
GA084,GA,084,don't remember 
GA084,GA,084,forget 
GA085,GA,085,can't remember 
GA086,GA,086,don't remember 
GA087,GA,087,don't remember 
GA088,GA,088,can't call 
GA088,GA,088,don't remember 
GA089,GA,089,-
GA090,GA,090,don't remember 
GA091,GA,091,can't remember 
GA092,GA,092,don't remember 
GA093,GA,093,-
GA094,GA,094,don't remember 
GA095,GA,095,don't remember 
GA096,GA,096,don't remember 
GA097,GA,097,don't remember 
GA098,GA,098,can't recall 
GA098,GA,098,don't (re)member 
GA099,GA,099,don't remember 
GA100,GA,100,don't remember 
GA101,GA,101,forget 
GA102,GA,102,can't remember 
GA102,GA,102,don't remember 
GA103,GA,103,don't recall 
GA103,GA,103,don't remember 
GA104,GA,104,don't remember 
GA105,GA,105,don't remember 
GA106,GA,106,don't remember 
GA107,GA,107,can't remember 
GA107,GA,107,don't remember 
GA108,GA,108,-
GA109,GA,109,can't call 
GA109,GA,109,don't recall 
GA110,GA,110,don't remember 
GA111,GA,111,can't remember 
GA112,GA,112,can't remember 
GA112,GA,112,don't remember 
GA113,GA,113,don't remember 
GA114,GA,114,can't call 
GA114,GA,114,can't remember 
GA115,GA,115,forget 
GA116,GA,116,can't call 
GA117,GA,117,-
GA118,GA,118,can't remember 
GA119,GA,119,don't remember 
GA120,GA,120,-
GA121,GA,121,-
GA122,GA,122,don't remember 
GA123,GA,123,don't remember 
GA124,GA,124,can't remember 
GA125,GA,125,don't remember 
GA126,GA,126,-
GA127,GA,127,-
GA128,GA,128,-
GA129,GA,129,don't remember 
GA130,GA,130,can't recall 
GA130,GA,130,don't remember 
GA131,GA,131,can't think (of) 
GA131,GA,131,don't remember 
GA131,GA,131,forget 
GA132,GA,132,-
GA133,GA,133,don't remember 
GA134,GA,134,forget 
GA135,GA,135,don't (re)member 
GA136,GA,136,can't call 
GA136,GA,136,don't remember 
GA137,GA,137,don't remember 
GA137,GA,137,don't recall 
GA137,GA,137,forget 
GA138,GA,138,can't call 
GA138,GA,138,can't remember 
GA139,GA,139,can't recall 
GA139,GA,139,don't remember 
GA140,GA,140,can't call 
GA141,GA,141,don't recall 
GA141,GA,141,don't remember 
GA142,GA,142,don't recall 
GA142,GA,142,don't recollect 
GA142,GA,142,don't remember 
GA143,GA,143,don't remember 
GA143,GA,143,forget 
GA144,GA,144,don't remember 
GA145,GA,145,can't remember 
GA146,GA,146,can't remember 
GA146,GA,146,don't remember 
GA147,GA,147,don't remember 
GA147,GA,147,forget 
GA148,GA,148,can't call 
GA148,GA,148,don't remember 
GA148,GA,148,forget 
GA149,GA,149,don't remember 
GA149,GA,149,don't (re)member 
GA150,GA,150,don't remember 
GA151,GA,151,-
GA152,GA,152,can't remember 
GA153,GA,153,don't remember 
GA154,GA,154,-
GA155,GA,155,don't remember 
GA156,GA,156,forget 
GA157,GA,157,don't remember 
GA158,GA,158,-
GA159,GA,159,can't call 
GA159,GA,159,don't remember 
GA160,GA,160,don't remember 
GA160,GA,160,forget 
GA161,GA,161,don't remember 
GA162,GA,162,don't remember 
GA163,GA,163,don't remember 
GA164,GA,164,can't remember 
GA165,GA,165,don't remember 
GA166,GA,166,don't remember 
GA167,GA,167,can't remember 
GA167,GA,167,don't recollect 
GA167,GA,167,don't remember 
GA168,GA,168,don't remember 
GA169,GA,169,-
GA170,GA,170,don't remember 
GA171,GA,171,can't remember 
GA172,GA,172,can't remember 
GA173,GA,173,-
GA174,GA,174,don't remember 
GA174,GA,174,forget 
GA175,GA,175,don't recall 
GA175,GA,175,forget 
GA176,GA,176,don't remember 
GA177,GA,177,don't remember 
GA178,GA,178,can't call 
GA178,GA,178,can't remember 
GA178,GA,178,forget 
GA179,GA,179,don't remember 
GA180,GA,180,don't remember 
GA181,GA,181,can't call 
GA182,GA,182,can't recall 
GA182,GA,182,don't remember 
GA183,GA,183,can't remember 
GA183,GA,183,don't (re)member 
GA184,GA,184,don't remember 
GA184,GA,184,don't (re)member 
GA185,GA,185,forget 
GA186,GA,186,can't remember 
GA186,GA,186,forget 
GA187,GA,187,-
GA188,GA,188,can't (re)member 
GA188,GA,188,disremember 
GA188,GA,188,don't remember 
GA189,GA,189,don't recollect 
GA190,GA,190,don't remember 
GA191,GA,191,can't recall 
GA191,GA,191,don't remember 
GA192,GA,192,don't remember 
GA193,GA,193,can't remember 
GA193,GA,193,don't (re)member 
GA194,GA,194,-
GA195,GA,195,can't call 
GA195,GA,195,can't remember 
GA196,GA,196,forget 
GA197,GA,197,can't call 
GA198,GA,198,can't call 
GA198,GA,198,can't remember 
GA198,GA,198,don't remember 
GA198,GA,198,forget 
GA199,GA,199,don't recollect 
GA200,GA,200,can't call 
GA201,GA,201,forget 
GA202,GA,202,can't (re)member 
GA202,GA,202,don't remember 
GA202,GA,202,forget 
GA203,GA,203,can't remember 
GA203,GA,203,forget 
GA204,GA,204,-
GA205,GA,205,don't remember 
GA206,GA,206,can't remember 
GA206,GA,206,don't remember 
GA207,GA,207,don't remember 
GA208,GA,208,can't recall 
GA208,GA,208,don't remember 
GA209,GA,209,can't remember 
GA210,GA,210,can't (re)member 
GA211,GA,211,don't remember 
GA212,GA,212,can't remember 
GA212,GA,212,don't remember 
GA213,GA,213,don't remember 
GA214,GA,214,don't remember 
GA215,GA,215,can't call 
GA215,GA,215,can't bring it to mind 
GA215,GA,215,disremember 
GA216,GA,216,don't remember 
GA217,GA,217,-
GA218,GA,218,don't remember 
GA219,GA,219,don't remember 
GA219,GA,219,don't (re)member 
GA220,GA,220,can't remember 
GA220,GA,220,don't remember 
GA221,GA,221,-
GA222,GA,222,don't remember 
GA223,GA,223,don't remember 
GA224,GA,224,-
GA225,GA,225,-
FL226,FL,226,can't call 
FL226,FL,226,forget 
FL227,FL,227,don't remember 
FL228,FL,228,don't remember 
FL229,FL,229,can't remember 
FL230,FL,230,don't remember 
FL231,FL,231,don't recall 
FL232,FL,232,don't remember 
FL233,FL,233,don't remember 
FL234,FL,234,can't call 
FL235,FL,235,don't remember 
FL236,FL,236,-
FL237,FL,237,don't remember 
FL238,FL,238,can't remember 
FL239,FL,239,don't remember 
FL240,FL,240,can't remember 
FL240,FL,240,don't remember 
FL241,FL,241,can't call 
FL241,FL,241,can't remember 
FL241,FL,241,disremember 
FL241,FL,241,forget 
FL242,FL,242,don't remember 
FL243,FL,243,-
FL244,FL,244,can't remember 
FL245,FL,245,don't recall 
FL245,FL,245,don't remember 
FL246,FL,246,can't call 
FL247,FL,247,forget 
FL248,FL,248,don't remember 
FL249,FL,249,don't remember 
FL250,FL,250,don't remember 
FL251,FL,251,forget 
FL252,FL,252,never remember 
FL253,FL,253,-
FL254,FL,254,can't recollect 
FL254,FL,254,don't recall 
FL255,FL,255,can't recall 
FL255,FL,255,don't recall 
FL255,FL,255,don't remember 
FL256,FL,256,don't remember 
FL256,FL,256,forget 
FL257,FL,257,can't remember 
FL257,FL,257,don't remember 
FL258,FL,258,don't remember 
FL259,FL,259,-
FL260,FL,260,can't recall 
FL260,FL,260,can't remember 
FL260,FL,260,don't remember 
FL261,FL,261,don't remember 
FL262,FL,262,don't remember 
FL263,FL,263,can't (re)member 
FL263,FL,263,forget 
FL264,FL,264,can't call 
FL265,FL,265,don't remember 
FL266,FL,266,can't recall 
FL266,FL,266,don't remember 
FL267,FL,267,can't recall 
FL267,FL,267,can't remember 
FL268,FL,268,-
FL269,FL,269,can't remember 
FL270,FL,270,can't recall 
FL271,FL,271,-
FL272,FL,272,don't remember 
FL273,FL,273,don't (re)member 
FL274,FL,274,don't remember 
FL275,FL,275,can't call 
FL275,FL,275,don't (re)member 
FL276,FL,276,don't remember 
FL277,FL,277,don't remember 
FL278,FL,278,can't remember 
FL279,FL,279,don't remember 
FL280,FL,280,can't remember 
FL280,FL,280,don't remember 
FL280,FL,280,forget 
FL281,FL,281,don't remember 
FL282,FL,282,can't remember 
FL283,FL,283,can't remember 
FL284,FL,284,can't remember 
FL285,FL,285,-
FL286,FL,286,don't remember 
FL287,FL,287,don't remember 
FL288,FL,288,don't remember 
FL289,FL,289,don't remember 
TN290,TN,290,can't remember 
TN291,TN,291,don't remember 
TN292,TN,292,can't think (of) 
TN293,TN,293,forget 
TN294,TN,294,don't remember 
TN295,TN,295,can't call 
TN295,TN,295,forget 
TN296,TN,296,-
TN297,TN,297,don't remember 
TN298,TN,298,don't remember 
TN299,TN,299,can't remember 
TN299,TN,299,forget 
TN300,TN,300,can't remember 
TN300,TN,300,don't remember 
TN301,TN,301,can't think (of) 
TN301,TN,301,don't remember 
TN302,TN,302,forget 
TN303,TN,303,can't call 
TN303,TN,303,can't recall 
TN304,TN,304,don't remember 
TN304,TN,304,forget 
TN305,TN,305,don't remember 
TN306,TN,306,don't remember 
TN307,TN,307,don't remember 
TN308,TN,308,can't remember 
TN309,TN,309,don't remember 
TN310,TN,310,can't remember 
TN310,TN,310,don't (re)member 
TN311,TN,311,can't recall 
TN312,TN,312,don't remember 
TN313,TN,313,can't remember 
TN314,TN,314,don't remember 
TN314,TN,314,forget 
TN315,TN,315,don't remember 
TN315,TN,315,forget 
TN316,TN,316,can't call 
TN316,TN,316,can't (re)member 
TN317,TN,317,forget 
TN318,TN,318,can't recall 
TN318,TN,318,forget 
TN319,TN,319,can't remember 
TN320,TN,320,can't remember 
TN320,TN,320,can't tell 
TN321,TN,321,don't remember 
TN321,TN,321,forget 
TN322,TN,322,don't remember 
TN323,TN,323,-
TN324,TN,324,can't call 
TN324,TN,324,don't remember 
TN324,TN,324,forget 
TN325,TN,325,don't recall 
TN326,TN,326,can't call 
TN326,TN,326,don't remember 
TN327,TN,327,don't remember 
TN328,TN,328,-
TN329,TN,329,don't remember 
TN330,TN,330,don't remember 
TN331,TN,331,can't remember 
TN332,TN,332,don't remember 
TN333,TN,333,don't (re)member 
TN334,TN,334,don't recall 
TN334,TN,334,don't remember 
TN335,TN,335,don't remember 
TN336,TN,336,don't remember 
AL337,AL,337,can't remember 
AL338,AL,338,don't remember 
AL339,AL,339,don't remember 
AL340,AL,340,can't call 
AL340,AL,340,forget 
AL341,AL,341,can't remember 
AL341,AL,341,forget 
AL342,AL,342,-
AL343,AL,343,don't remember 
AL344,AL,344,can't remember 
AL344,AL,344,don't (re)member 
AL345,AL,345,don't remember 
AL346,AL,346,don't disremember 
AL346,AL,346,don't remember 
AL347,AL,347,can't call 
AL348,AL,348,can't recall 
AL348,AL,348,don't remember 
AL349,AL,349,don't remember 
AL350,AL,350,-
AL351,AL,351,can't recall 
AL351,AL,351,don't remember 
AL352,AL,352,can't remember 
AL352,AL,352,don't recollect 
AL353,AL,353,can't remember 
AL354,AL,354,don't remember 
AL354,AL,354,forget 
AL355,AL,355,can't recollect 
AL355,AL,355,can't remember 
AL355,AL,355,don't remember 
AL355,AL,355,forget 
AL356,AL,356,don't remember 
AL357,AL,357,can't remember 
AL357,AL,357,don't remember 
AL358,AL,358,can't call 
AL358,AL,358,can't remember 
AL358,AL,358,don't recall 
AL358,AL,358,don't remember 
AL359,AL,359,disremember 
AL359,AL,359,don't recall 
AL359,AL,359,don't remember 
AL360,AL,360,don't remember 
AL361,AL,361,-
AL362,AL,362,don't remember 
AL363,AL,363,don't remember 
AL363,AL,363,don't recollect 
AL364,AL,364,can't recall 
AL364,AL,364,can't remember 
AL365,AL,365,-
AL366,AL,366,don't remember 
AL367,AL,367,can't remember 
AL368,AL,368,-
AL369,AL,369,can't remember 
AL369,AL,369,don't remember 
AL370,AL,370,don't recall 
AL371,AL,371,can't call 
AL371,AL,371,don't remember 
AL372,AL,372,don't remember 
AL373,AL,373,don't remember 
AL374,AL,374,don't remember 
AL375,AL,375,-
AL376,AL,376,can't call 
AL376,AL,376,don't remember 
AL377,AL,377,-
AL378,AL,378,don't remember 
AL379,AL,379,don't remember 
AL380,AL,380,can't remember 
AL381,AL,381,can't remember 
AL381,AL,381,don't remember 
AL382,AL,382,can't call 
AL383,AL,383,can't remember 
AL383,AL,383,don't remember 
AL384,AL,384,don't remember 
AL384,AL,384,forget 
AL385,AL,385,don't (re)member 
AL386,AL,386,don't remember 
AL386,AL,386,forget 
AL387,AL,387,can't remember 
AL388,AL,388,-
AL389,AL,389,-
AL390,AL,390,don't remember 
AL391,AL,391,don't remember 
AL392,AL,392,can't call 
AL392,AL,392,don't remember 
AL393,AL,393,don't remember 
AL394,AL,394,don't recall 
AL394,AL,394,don't remember 
AL395,AL,395,don't remember 
AL396,AL,396,can't call 
AL396,AL,396,disremember 
AL396,AL,396,forget 
AL397,AL,397,don't remember 
AL398,AL,398,-
AL399,AL,399,don't remember 
AL400,AL,400,can't remember 
AL401,AL,401,can't (re)member 
AL402,AL,402,-
AL403,AL,403,forget 
AL404,AL,404,don't remember 
AL405,AL,405,can't remember 
AL406,AL,406,can't call 
AL406,AL,406,can't remember 
AL407,AL,407,can't remember 
AL408,AL,408,don't remember 
AL409,AL,409,don't recall 
AL410,AL,410,don't remember 
AL411,AL,411,don't recall 
AL411,AL,411,don't remember 
AL412,AL,412,don't remember 
AL412,AL,412,forget 
AL413,AL,413,-
AL414,AL,414,don't recall 
AL414,AL,414,don't (re)member 
AL415,AL,415,don't remember 
AL416,AL,416,can't remember 
AL417,AL,417,don't remember 
AL418,AL,418,don't recall 
AL418,AL,418,don't remember 
AL419,AL,419,don't remember 
AL420,AL,420,don't remember 
AL421,AL,421,don't remember 
AL422,AL,422,don't remember 
AL423,AL,423,don't remember 
AL424,AL,424,don't remember 
AL425,AL,425,can't recall 
AL425,AL,425,can't remember 
AL425,AL,425,don't remember 
AL426,AL,426,can't call 
AL426,AL,426,don't remember 
AL427,AL,427,don't remember 
AL428,AL,428,can't remember 
AL428,AL,428,don't remember 
AL429,AL,429,don't have any recollection 
AL430,AL,430,can't remember 
AL430,AL,430,forget 
AL431,AL,431,don't remember 
AL432,AL,432,don't remember 
AL433,AL,433,can't remember 
AL434,AL,434,can't call 
AL434,AL,434,can't think (of) 
AL435,AL,435,don't remember 
AL436,AL,436,don't remember 
AL437,AL,437,don't remember 
AL438,AL,438,can't think (of) 
AL438,AL,438,don't get 
AL438,AL,438,forget 
AL439,AL,439,don't remember 
AL440,AL,440,can't remember 
AL440,AL,440,don't recall 
AL440,AL,440,don't remember 
AL441,AL,441,can't remember 
AL441,AL,441,don't remember 
AL442,AL,442,don't (re)member 
AL443,AL,443,don't remember 
AL444,AL,444,don't remember 
AL444,AL,444,forget 
AL445,AL,445,can't remember 
AL445,AL,445,don't remember 
AL446,AL,446,don't remember 
AL447,AL,447,don't remember 
AL448,AL,448,don't remember 
AL449,AL,449,can't call 
AL449,AL,449,forget 
AL450,AL,450,can't recall 
AL450,AL,450,don't remember 
AL451,AL,451,don't remember 
FL452,FL,452,can't remember 
FL453,FL,453,can't recall 
FL453,FL,453,don't remember 
FL454,FL,454,-
FL455,FL,455,-
FL456,FL,456,forget 
FL457,FL,457,can't recall 
FL457,FL,457,can't remember 
FL457,FL,457,don't remember 
FL458,FL,458,don't remember 
FL459,FL,459,can't call 
FL460,FL,460,can't bring it out 
FL460,FL,460,can't call 
FL460,FL,460,can't recall 
FL460,FL,460,can't remember 
FL460,FL,460,disremember 
FL460,FL,460,forget 
FL461,FL,461,-
FL462,FL,462,can't remember 
FL462,FL,462,disremember 
FL462,FL,462,don't remember 
FL463,FL,463,can't recall 
FL464,FL,464,can't call 
FL464,FL,464,can't remember 
FL464,FL,464,don't remember 
FL464,FL,464,forget 
FL465,FL,465,can't call 
FL465,FL,465,don't remember 
FL466,FL,466,don't remember 
FL467,FL,467,don't remember 
FL468,FL,468,can't remember 
FL468,FL,468,don't remember 
FL469,FL,469,-
FL470,FL,470,don't remember 
FL471,FL,471,can't recall 
FL471,FL,471,can't remember 
AL472,AL,472,can't call 
AL472,AL,472,don't remember 
AL473,AL,473,can't remember 
AL474,AL,474,can't remember 
AL475,AL,475,don't remember 
AL476,AL,476,can't recall 
AL476,AL,476,can't remember 
AL477,AL,477,don't remember 
AL478,AL,478,can't remember 
AL479,AL,479,can't remember 
AL480,AL,480,-
AL481,AL,481,-
AL482,AL,482,don't remember 
AL483,AL,483,-
AL484,AL,484,don't remember 
AL485,AL,485,don't recall 
TN486,TN,486,forget 
TN487,TN,487,can't remember 
TN487,TN,487,don't recall 
TN488,TN,488,can't recall 
TN489,TN,489,don't remember 
TN489,TN,489,forget 
TN490,TN,490,don't remember 
TN491,TN,491,can't call 
TN492,TN,492,can't remember 
TN492,TN,492,don't recall 
TN492,TN,492,don't remember 
TN492,TN,492,let it slip my mind 
TN493,TN,493,can't recall 
TN493,TN,493,don't remember 
TN494,TN,494,can't remember 
TN494,TN,494,don't remember 
TN495,TN,495,can't recall 
TN496,TN,496,can't recall 
TN496,TN,496,can't remember 
TN496,TN,496,forget 
TN497,TN,497,can't recall 
TN497,TN,497,don't remember 
TN498,TN,498,don't remember 
TN499,TN,499,don't remember 
TN499,TN,499,forget 
TN500,TN,500,can't call 
TN501,TN,501,don't remember 
TN502,TN,502,can't call 
TN502,TN,502,don't remember 
TN503,TN,503,can't remember 
TN503,TN,503,don't remember 
TN504,TN,504,don't remember 
TN505,TN,505,can't call 
TN505,TN,505,don't remember 
TN505,TN,505,forget 
TN506,TN,506,don't remember 
TN506,TN,506,forget 
TN507,TN,507,can't tell 
TN508,TN,508,can't remember 
TN509,TN,509,don't remember 
TN510,TN,510,don't (re)member 
TN510,TN,510,don't remember 
TN511,TN,511,can't remember 
TN512,TN,512,can't remember 
TN513,TN,513,don't remember 
TN514,TN,514,can't remember 
TN514,TN,514,don't remember 
TN515,TN,515,don't recall 
TN516,TN,516,can't remember 
TN517,TN,517,don't remember 
TN518,TN,518,don't remember 
TN519,TN,519,don't recall 
TN519,TN,519,don't remember 
MS520,MS,520,-
MS521,MS,521,can't call 
MS522,MS,522,can't remember 
MS523,MS,523,-
MS524,MS,524,don't remember 
MS525,MS,525,disremember 
MS525,MS,525,don't remember 
MS526,MS,526,can't call 
MS527,MS,527,don't (re)member 
MS528,MS,528,don't remember 
MS528,MS,528,forget 
MS529,MS,529,can't remember 
MS530,MS,530,can't call 
MS531,MS,531,don't remember 
MS532,MS,532,can't call 
MS532,MS,532,don't remember 
MS533,MS,533,don't remember 
MS534,MS,534,-
MS535,MS,535,can't remember 
MS535,MS,535,don't remember 
MS536,MS,536,don't remember 
MS537,MS,537,can't recall 
MS537,MS,537,disremember 
MS537,MS,537,don't recall 
MS537,MS,537,don't remember 
MS538,MS,538,don't remember 
MS538,MS,538,forget 
MS539,MS,539,don't remember 
MS540,MS,540,-
MS541,MS,541,can't (re)member 
MS542,MS,542,-
MS543,MS,543,don't remember 
MS544,MS,544,don't remember 
MS545,MS,545,don't remember 
MS546,MS,546,don't remember 
MS546,MS,546,forget 
MS547,MS,547,don't remember 
MS548,MS,548,don't remember 
MS548,MS,548,forget 
MS549,MS,549,don't recall 
MS549,MS,549,don't (re)member 
MS550,MS,550,don't remember 
MS551,MS,551,don't remember 
MS552,MS,552,don't remember 
MS553,MS,553,don't remember 
MS554,MS,554,don't remember 
MS555,MS,555,don't (re)member 
MS556,MS,556,don't remember 
MS557,MS,557,don't remember 
MS558,MS,558,can't recall 
MS558,MS,558,don't remember 
MS559,MS,559,don't (re)member 
MS560,MS,560,-
MS561,MS,561,-
MS562,MS,562,don't remember 
MS562,MS,562,forget 
MS563,MS,563,can't say 
MS564,MS,564,can't recall 
MS564,MS,564,don't remember 
MS564,MS,564,forget 
MS565,MS,565,forget 
MS566,MS,566,can't recall 
MS566,MS,566,don't remember 
MS567,MS,567,don't remember 
MS568,MS,568,forget 
MS569,MS,569,-
MS570,MS,570,don't remember 
MS571,MS,571,-
MS572,MS,572,don't remember 
MS573,MS,573,can't call 
MS574,MS,574,forget 
MS575,MS,575,can't think (of) 
MS576,MS,576,-
MS577,MS,577,forget 
MS578,MS,578,can't call 
MS579,MS,579,don't recall 
MS579,MS,579,don't remember 
MS580,MS,580,don't remember 
MS581,MS,581,don't remember 
MS582,MS,582,can't call 
MS582,MS,582,don't remember 
MS583,MS,583,don't recollect 
MS584,MS,584,can't call 
MS585,MS,585,can't call 
MS585,MS,585,don't remember 
MS585,MS,585,forget 
MS586,MS,586,forget 
MS587,MS,587,can't call 
MS588,MS,588,can't call 
MS589,MS,589,can't remember 
MS590,MS,590,can't call 
MS590,MS,590,can't remember 
MS590,MS,590,don't remember 
MS591,MS,591,forget 
MS591,MS,591,don't remember 
MS592,MS,592,-
MS593,MS,593,-
MS594,MS,594,can't call 
MS594,MS,594,don't remember 
MS595,MS,595,don't remember 
MS596,MS,596,can't call 
MS596,MS,596,don't remember 
MS597,MS,597,don't remember 
MS598,MS,598,don't remember 
MS599,MS,599,can't remember 
MS600,MS,600,can't remember 
MS600,MS,600,don't (re)member 
MS601,MS,601,don't remember 
MS602,MS,602,don't remember 
MS603,MS,603,-
MS604,MS,604,can't call 
MS605,MS,605,can't call 
MS605,MS,605,don't remember 
MS606,MS,606,can't call 
MS606,MS,606,don't remember 
MS607,MS,607,forget 
MS608,MS,608,-
MS609,MS,609,can't call 
MS610,MS,610,don't remember 
MS611,MS,611,can't recall 
MS611,MS,611,can't remember 
MS611,MS,611,don't remember 
MS612,MS,612,can't call 
MS612,MS,612,can't remember 
MS613,MS,613,can't call 
MS613,MS,613,can't think (of) 
MS613,MS,613,don't remember 
MS613,MS,613,forget 
MS614,MS,614,don't remember 
MS615,MS,615,don't remember 
MS616,MS,616,don't remember 
MS617,MS,617,can't recall 
MS617,MS,617,don't recall 
MS617,MS,617,don't remember 
MS618,MS,618,don't remember 
MS619,MS,619,can't call 
MS619,MS,619,forget 
MS620,MS,620,don't remember 
MS621,MS,621,can't recall 
MS622,MS,622,don't remember 
MS623,MS,623,don't remember 
MS624,MS,624,can't remember 
MS624,MS,624,don't remember 
MS625,MS,625,can't remember 
MS625,MS,625,don't (re)member 
MS626,MS,626,can't remember 
MS626,MS,626,don't remember 
MS626,MS,626,forget 
MS627,MS,627,can't call 
MS627,MS,627,don't (re)member 
MS628,MS,628,don't remember 
MS629,MS,629,can't remember 
LA630,LA,630,can't remember 
LA630,LA,630,forget 
LA631,LA,631,don't remember 
LA632,LA,632,can't remember 
LA632,LA,632,don't remember 
LA633,LA,633,can't remember 
LA634,LA,634,can't call 
LA634,LA,634,don't remember 
LA635,LA,635,-
LA636,LA,636,don't recollect 
LA636,LA,636,forget 
LA637,LA,637,-
LA638,LA,638,don't remember 
LA639,LA,639,-
LA640,LA,640,don't (re)member 
LA641,LA,641,can't recall 
LA641,LA,641,can't remember 
LA642,LA,642,-
LA643,LA,643,don't remember 
LA644,LA,644,can't remember 
LA644,LA,644,don't remember 
LA645,LA,645,-
LA646,LA,646,can't call 
LA646,LA,646,don't remember 
LA647,LA,647,don't remember 
LA648,LA,648,don't remember 
LA649,LA,649,-
LA650,LA,650,can't remember 
LA651,LA,651,-
LA652,LA,652,forget 
LA653,LA,653,can't remember 
LA654,LA,654,don't recall 
LA655,LA,655,can't remember 
LA656,LA,656,don't (re)member 
LA657,LA,657,wouldn't remember 
LA657X,LA,657X,-
LA657Y,LA,657Y,don't remember 
LA657Z,LA,657Z,don't remember 
LA658,LA,658,forget 
LA659,LA,659,-
LA660,LA,660,can't call 
LA661,LA,661,can't remember 
LA662,LA,662,can't recall 
LA663,LA,663,don't remember 
LA664,LA,664,don't recall 
LA664,LA,664,forget 
LA665,LA,665,forget 
LA666,LA,666,don't remember 
LA667,LA,667,don't remember 
LA667,LA,667,forget 
LA668,LA,668,don't remember 
LA669,LA,669,-
LA670,LA,670,can't remember 
LA671,LA,671,can't recall 
LA671,LA,671,can't remember 
LA672,LA,672,don't (re)member 
LA673,LA,673,can't recall 
LA673,LA,673,don't remember 
AR674,AR,674,don't remember 
AR675,AR,675,can't recall 
AR675,AR,675,don't remember 
AR676,AR,676,-
AR677,AR,677,don't (re)member 
AR678,AR,678,can't remember 
AR678,AR,678,don't remember 
AR679,AR,679,can't remember 
AR679,AR,679,don't recall 
AR679,AR,679,don't remember 
AR680,AR,680,can't recall 
AR680,AR,680,don't remember 
AR681,AR,681,can't call 
AR682,AR,682,can't remember 
AR683,AR,683,can't remember 
AR684,AR,684,forget 
AR685,AR,685,don't recall 
AR686,AR,686,can't remember 
AR687,AR,687,can't remember 
AR688,AR,688,can't call 
AR689,AR,689,-
AR690,AR,690,don't recall 
AR690,AR,690,don't remember 
AR691,AR,691,don't remember 
AR692,AR,692,don't remember 
AR693,AR,693,-
AR694,AR,694,forget 
AR695,AR,695,don't remember 
AR696,AR,696,can't call 
AR696,AR,696,can't remember 
AR696,AR,696,don't remember 
AR696,AR,696,forget 
AR697,AR,697,can't call 
AR698,AR,698,can't recall 
AR699,AR,699,can't remember 
AR699,AR,699,don't remember 
AR700,AR,700,don't remember 
AR701,AR,701,forget 
AR702,AR,702,can't remember 
AR702,AR,702,don't remember 
AR703,AR,703,can't call 
AR703,AR,703,can't remember 
AR704,AR,704,can't call 
AR704,AR,704,can't remember 
AR705,AR,705,can't recall 
AR706,AR,706,can't remember 
AR707,AR,707,can't call 
AR708,AR,708,can't remember 
AR709,AR,709,don't remember 
AR710,AR,710,-
AR711,AR,711,can't recall 
AR711,AR,711,don't remember 
AR712,AR,712,don't remember 
AR713,AR,713,can't call 
AR713,AR,713,don't remember 
AR714,AR,714,don't (re)member 
AR715,AR,715,-
AR716,AR,716,don't remember 
AR716,AR,716,forget 
AR717,AR,717,-
AR718,AR,718,can't remember 
AR719,AR,719,can't recall 
AR719,AR,719,don't remember 
AR720,AR,720,-
AR721,AR,721,don't remember 
AR722,AR,722,-
AR723,AR,723,don't recollect 
AR724,AR,724,can't remember 
AR724,AR,724,don't remember 
AR725,AR,725,can't remember 
AR726,AR,726,-
AR727,AR,727,can't call 
AR728,AR,728,don't remember 
AR729,AR,729,-
AR730,AR,730,don't remember 
AR731,AR,731,don't remember 
AR732,AR,732,can't remember 
AR733,AR,733,don't remember 
AR734,AR,734,don't recall 
AR735,AR,735,don't remember 
AR736,AR,736,don't remember 
AR737,AR,737,can't call 
AR737,AR,737,don't remember 
AR738,AR,738,-
AR739,AR,739,don't (re)call 
AR739,AR,739,forget 
AR740,AR,740,can't remember 
AR740,AR,740,don't remember 
AR740,AR,740,forget 
AR741,AR,741,can't remember 
AR741,AR,741,don't remember 
AR742,AR,742,can't remember 
AR742,AR,742,don't remember 
AR743,AR,743,don't remember 
AR744,AR,744,don't remember 
AR745,AR,745,don't recall 
AR746,AR,746,don't remember 
AR747,AR,747,can't remember 
AR747,AR,747,don't remember 
AR748,AR,748,don't remember 
AR748,AR,748,don't (re)member 
AR749,AR,749,can't recall 
AR749,AR,749,don't recollect 
AR749,AR,749,don't remember 
AR750,AR,750,can't remember 
AR751,AR,751,don't recall 
AR751,AR,751,don't remember 
AR752,AR,752,don't remember 
AR752,AR,752,forget 
AR753,AR,753,don't recall 
AR753,AR,753,don't remember 
AR754,AR,754,can't remember 
AR755,AR,755,-
LA756,LA,756,can't (re)member 
LA756,LA,756,don't (re)member 
LA757,LA,757,can't remember 
LA758,LA,758,don't remember 
LA759,LA,759,don't remember 
LA760,LA,760,-
LA761,LA,761,can't call 
LA761,LA,761,can't remember 
LA761,LA,761,forget 
LA762,LA,762,don't recall 
LA762,LA,762,don't remember 
LA763,LA,763,don't remember 
LA764,LA,764,don't remember 
LA765,LA,765,-
LA766,LA,766,don't remember 
LA766,LA,766,forget 
LA767,LA,767,don't remember 
LA768,LA,768,can't remember 
LA769,LA,769,can't remember 
LA770,LA,770,-
LA771,LA,771,don't remember 
LA772,LA,772,don't (re)member 
LA773,LA,773,don't recollect 
LA773,LA,773,don't remember 
LA774,LA,774,can't call 
LA774,LA,774,can't remember 
LA774,LA,774,disremember 
LA775,LA,775,-
LA776,LA,776,can't call 
LA776,LA,776,can't remember 
LA776,LA,776,don't remember 
LA777,LA,777,can't remember 
LA778,LA,778,can't remember 
LA778,LA,778,don't remember 
LA779,LA,779,-
LA780,LA,780,don't remember 
LA781,LA,781,can't remember 
LA781,LA,781,don't remember 
LA782,LA,782,don't recall 
LA782,LA,782,don't remember 
LA783,LA,783,don't remember 
LA784,LA,784,forget 
LA785,LA,785,can't remember 
LA785,LA,785,don't remember 
LA786,LA,786,-
LA787,LA,787,don't remember 
LA788,LA,788,don't remember 
LA789,LA,789,can't recollect 
LA789,LA,789,forget 
LA790,LA,790,can't recollect 
LA790,LA,790,can't remember 
LA791,LA,791,don't remember 
LA791,LA,791,forget 
LA792,LA,792,can't remember 
LA792,LA,792,don't remember 
LA792,LA,792,don't (re)member 
LA793,LA,793,-
LA794,LA,794,don't remember 
LA795,LA,795,can't recall 
LA796,LA,796,-
LA797,LA,797,-
LA798,LA,798,can't remember 
LA798,LA,798,don't remember 
LA799,LA,799,don't remember 
LA800,LA,800,don't remember 
LA801,LA,801,don't remember 
LA802,LA,802,-
LA803,LA,803,-
LA804,LA,804,-
LA805,LA,805,-
LA806,LA,806,can't recall 
LA806,LA,806,don't remember 
LA807,LA,807,can't remember 
LA807,LA,807,don't remember 
LA807,LA,807,don't (re)member 
LA808,LA,808,-
LA809,LA,809,-
LA810,LA,810,don't remember 
LA810,LA,810,forget 
LA811,LA,811,disremember 
LA811,LA,811,don't remember 
LA812,LA,812,disremember 
LA812,LA,812,don't remember 
LA813,LA,813,don't remember 
LA814,LA,814,don't remember 
LA815,LA,815,don't remember 
LA815,LA,815,forget 
LA816,LA,816,don't remember 
LA817,LA,817,can't remember 
TX818,TX,818,forget 
TX819,TX,819,-
TX820,TX,820,can't remember 
TX820,TX,820,don't remember 
TX821,TX,821,can't remember 
TX822,TX,822,can't remember 
TX822,TX,822,can't think (of) 
TX823,TX,823,-
TX824,TX,824,don't remember 
TX825,TX,825,can't remember 
TX826,TX,826,-
TX827,TX,827,can't remember 
TX827,TX,827,forget 
TX828,TX,828,can't call 
TX828,TX,828,disremember 
TX828,TX,828,forget 
TX829,TX,829,can't remember 
TX830,TX,830,can't remember 
TX831,TX,831,-
TX832,TX,832,can't call 
TX832,TX,832,don't recall 
TX832,TX,832,forget 
TX833,TX,833,-
TX834,TX,834,don't remember 
TX835,TX,835,-
TX836,TX,836,don't recollect 
TX836,TX,836,let it slip my mind 
TX837,TX,837,can't call 
TX838,TX,838,can't recall 
TX838,TX,838,don't remember 
TX839,TX,839,can't remember 
TX839,TX,839,don't (re)member 
TX839,TX,839,forget 
TX840,TX,840,don't (re)member 
TX841,TX,841,don't (re)member 
TX842,TX,842,can't remember 
TX843,TX,843,don't remember 
TX844,TX,844,can't remember 
TX844,TX,844,don't remember 
TX845,TX,845,can't remember 
TX846,TX,846,can't remember 
TX846,TX,846,forget 
TX847,TX,847,don't remember 
TX847,TX,847,forget 
TX848,TX,848,don't remember 
TX848,TX,848,forget 
TX849,TX,849,-
TX850,TX,850,don't (re)member 
TX851,TX,851,don't remember 
TX852,TX,852,don't remember 
TX853,TX,853,don't remember 
TX854,TX,854,don't remember 
TX855,TX,855,don't (re)member 
TX856,TX,856,don't remember 
TX857,TX,857,can't recall 
TX857,TX,857,don't recall 
TX857,TX,857,forget 
TX858,TX,858,can't think (of) 
TX858,TX,858,don't remember 
TX859,TX,859,can't bring it out 
TX859,TX,859,don't remember 
TX859,TX,859,don't recall 
TX860,TX,860,can't remember 
TX860,TX,860,disremember 
TX860,TX,860,forget 
TX861,TX,861,can't call 
TX861,TX,861,don't remember 
TX862,TX,862,don't (re)member 
TX863,TX,863,don't remember 
TX864,TX,864,can't call 
TX864,TX,864,forget 
TX865,TX,865,don't recall 
TX865,TX,865,don't recollect 
TX865,TX,865,don't remember 
TX866,TX,866,-
TX867,TX,867,can't remember 
TX868,TX,868,don't remember 
TX869,TX,869,can't call 
TX869,TX,869,can't remember 
TX869,TX,869,don't remember 
TX870,TX,870,can't remember 
TX870,TX,870,don't remember 
TX871,TX,871,don't (re)member 
TX872,TX,872,can't call 
TX872,TX,872,disremember 
TX872,TX,872,don't (re)member 
TX873,TX,873,don't remember 
TX874,TX,874,can't remember 
TX874,TX,874,forget 
TX875,TX,875,can't recall 
TX875,TX,875,don't recall 
TX875,TX,875,don't remember 
TX876,TX,876,can't remember 
TX876,TX,876,don't remember 
TX877,TX,877,can't remember 
TX878,TX,878,can't recall 
TX879,TX,879,can't remember 
TX880,TX,880,don't remember 
TX881,TX,881,don't recall 
TX882,TX,882,don't remember 
TX883,TX,883,can't call 
TX884,TX,884,can't remember 
TX884,TX,884,don't remember 
TX884,TX,884,forget 
TX885,TX,885,can't remember 
TX886,TX,886,don't remember 
TX887,TX,887,don't recall 
TX887,TX,887,don't remember 
TX888,TX,888,can't remember 
TX888,TX,888,don't remember 
TX889,TX,889,don't remember 
TX890,TX,890,can't call 
TX890,TX,890,don't remember 
TX891,TX,891,don't remember 
TX892,TX,892,can't remember 
TX892,TX,892,don't recall 
TX892,TX,892,don't remember 
TX893,TX,893,don't remember 
TX894,TX,894,can't call 
TX895,TX,895,can't remember 
TX895,TX,895,don't remember 
TX896,TX,896,-
TX897,TX,897,don't remember 
TX898,TX,898,don't remember 
TX899,TX,899,don't remember 
TX900,TX,900,don't remember 
TX901,TX,901,-
TX902,TX,902,can't remember 
TX903,TX,903,can't call 
TX903,TX,903,don't remember 
TX904,TX,904,-
TX905,TX,905,-
TX906,TX,906,don't remember 
TX906,TX,906,forget 
TX907,TX,907,don't remember 
TX908,TX,908,don't remember 
TX908,TX,908,don't (re)member 
TX909,TX,909,don't remember 
TX910,TX,910,don't remember 
TX911,TX,911,can't call 
TX911,TX,911,don't (re)member 
