Informant,State,Informant number,Response
TN001,TN,001,*tawt
TN002,TN,002,*lurnd
TN003,TN,003,*lurnt
TN004,TN,004,*tawt
TN005,TN,005,*tawt
TN005,TN,005,*lurnt
TN006,TN,006,*tawt
TN006,TN,006,*lurnd
TN007,TN,007,*tawt
TN008,TN,008,*tawt
TN009,TN,009,-
TN010,TN,010,!lurn
TN010,TN,010,*tawt
TN011,TN,011,*tawt
TN012,TN,012,*tawt
TN013,TN,013,*tawt
TN014,TN,014,*tawt
TN015,TN,015,*tawt
TN016,TN,016,*tawt
TN017,TN,017,-
TN018,TN,018,*lurnt
TN019,TN,019,*tawt
TN020,TN,020,*tawt
TN021,TN,021,-
TN022,TN,022,*tot
TN023,TN,023,*tawt
TN024,TN,024,*tawt
TN025,TN,025,!lurn
TN025,TN,025,*tawt
TN026,TN,026,-
TN027,TN,027,*tawt
TN028,TN,028,*tawt
TN029,TN,029,*tawt
TN030,TN,030,*tawt
TN031,TN,031,*tawt
TN032,TN,032,*tawt
TN033,TN,033,*tawt
TN034,TN,034,*tawt
TN035,TN,035,*tawt
TN036,TN,036,*lurnt
TN037,TN,037,*tawt
TN038,TN,038,*tawt
TN038,TN,038,*lu[r]nd
TN039,TN,039,*lurnt
TN040,TN,040,*tawt
TN041,TN,041,*lurnd
TN042,TN,042,!lu{r}n
TN043,TN,043,*tawt
TN044,TN,044,&lurnz
TN045,TN,045,-
TN046,TN,046,*tawt
TN047,TN,047,*tawt
TN047,TN,047,*lurnt
TN048,TN,048,*tawt
TN049,TN,049,*tawt
TN050,TN,050,*tawt
TN051,TN,051,*tawt
TN052,TN,052,*lu[r]nt
TN053,TN,053,*lurnt
TN054,TN,054,*lurnt
TN055,TN,055,*lurnd
TN056,TN,056,*tawt
TN057,TN,057,*tawt
TN058,TN,058,*tawt
TN059,TN,059,*lurnt
TN060,TN,060,*tawt
GA061,GA,061,*tawt
GA061,GA,061,*lurnd
GA061,GA,061,*lurnt
GA062,GA,062,*taw(t)
GA063,GA,063,*lurnt
GA064,GA,064,*tawt
GA064,GA,064,*lurnt
GA065,GA,065,#tawt
GA066,GA,066,*tawt
GA066,GA,066,*lu[r]n
GA066,GA,066,*lu[r]nt
GA067,GA,067,*tawt
GA068,GA,068,*tawt
GA069,GA,069,*tawt
GA069,GA,069,*lurnd
GA070,GA,070,*tawt
GA070,GA,070,#lurnd
GA071,GA,071,!lurn
GA071,GA,071,*tawt
GA071,GA,071,#tawt
GA072,GA,072,*tawt
GA073,GA,073,*tot
GA074,GA,074,*tawt
GA074,GA,074,*lurnt
GA075,GA,075,*tawt
GA076,GA,076,*tawt
GA077,GA,077,*tawt
GA077,GA,077,*tot
GA078,GA,078,*tawt
GA079,GA,079,*tawt
GA080,GA,080,-
GA081,GA,081,!lurn
GA081,GA,081,*tawt
GA082,GA,082,!lurn
GA082,GA,082,#tawt
GA083,GA,083,-
GA084,GA,084,-
GA085,GA,085,*tawt
GA086,GA,086,*tawt
GA087,GA,087,*tawt
GA088,GA,088,*tawt
GA089,GA,089,-
GA090,GA,090,-
GA091,GA,091,*tawt
GA092,GA,092,-
GA093,GA,093,*tawt
GA094,GA,094,*tawt
GA095,GA,095,*tawt
GA096,GA,096,*tawt
GA097,GA,097,*tawt
GA098,GA,098,!lu[r]n
GA098,GA,098,*lu[r]nd
GA099,GA,099,*tawt
GA100,GA,100,*tawt
GA101,GA,101,*tawt
GA102,GA,102,*tawt
GA103,GA,103,*tot
GA103,GA,103,#tawt
GA104,GA,104,*tawt
GA105,GA,105,*tawt
GA106,GA,106,*tawt
GA107,GA,107,*tawt
GA108,GA,108,*tawt
GA109,GA,109,*tawt
GA110,GA,110,*lu[r]nd
GA111,GA,111,*lu{r}nd
GA112,GA,112,*tawt
GA113,GA,113,*lurnt
GA114,GA,114,-
GA115,GA,115,-
GA116,GA,116,-
GA117,GA,117,*tawt
GA118,GA,118,*tawt
GA119,GA,119,*lu[r]nd
GA120,GA,120,*tawt
GA121,GA,121,-
GA122,GA,122,*tawt
GA123,GA,123,*tawt
GA124,GA,124,*tawt
GA125,GA,125,*lu{r}nd
GA126,GA,126,*lu[r]nd
GA127,GA,127,-
GA128,GA,128,-
GA129,GA,129,-
GA130,GA,130,*tawt
GA131,GA,131,*tawt
GA132,GA,132,-
GA133,GA,133,*tawt
GA134,GA,134,*lu[r]nt
GA135,GA,135,*tawt
GA136,GA,136,*lu[r]nt
GA136,GA,136,#tawt
GA137,GA,137,*tawt
GA138,GA,138,*tawt
GA139,GA,139,*tawt
GA140,GA,140,*lu[r]nt
GA141,GA,141,*tawt
GA142,GA,142,!teech
GA143,GA,143,*tawt
GA144,GA,144,*tawt
GA145,GA,145,#lu[r]n
GA146,GA,146,*tawt
GA147,GA,147,-
GA148,GA,148,*tawt
GA148,GA,148,#tawt
GA149,GA,149,*lu[r]nt
GA150,GA,150,*tawt
GA151,GA,151,-
GA152,GA,152,*lurnd
GA153,GA,153,-
GA154,GA,154,*lurnt
GA155,GA,155,*tawt
GA156,GA,156,#tawt
GA157,GA,157,-
GA158,GA,158,*tawt
GA159,GA,159,*tawt
GA160,GA,160,-
GA161,GA,161,*tawt
GA162,GA,162,*teech
GA163,GA,163,*tawt
GA164,GA,164,*tawt
GA165,GA,165,*lu[r]nt
GA166,GA,166,*tawt
GA166,GA,166,*lu{r}nd
GA167,GA,167,*tawt
GA168,GA,168,*tawt
GA169,GA,169,-
GA170,GA,170,*tawt
GA171,GA,171,*tawt
GA172,GA,172,*tawt
GA173,GA,173,-
GA174,GA,174,-
GA175,GA,175,*tawt
GA176,GA,176,*tawt
GA177,GA,177,-
GA178,GA,178,-
GA179,GA,179,*teech
GA180,GA,180,*tawt
GA180,GA,180,*lu[r]nt
GA181,GA,181,#tawt
GA182,GA,182,-
GA183,GA,183,*tawt
GA184,GA,184,*tawt
GA185,GA,185,*tawt
GA186,GA,186,*tawt
GA187,GA,187,-
GA188,GA,188,*lu[r]nt
GA189,GA,189,*tawt
GA190,GA,190,*tawt
GA191,GA,191,*tawt
GA191,GA,191,#tawt
GA192,GA,192,*lurnt
GA193,GA,193,-
GA194,GA,194,!lurn
GA194,GA,194,!lu[r]n
GA195,GA,195,*tawt
GA195,GA,195,*lu[r]n
GA196,GA,196,-
GA197,GA,197,*tawt
GA198,GA,198,-
GA199,GA,199,*lurnt
GA200,GA,200,*tawt
GA201,GA,201,-
GA202,GA,202,*tawt
GA203,GA,203,*tawt
GA204,GA,204,-
GA205,GA,205,*tawt
GA206,GA,206,*tawt
GA207,GA,207,-
GA208,GA,208,*tawt
GA209,GA,209,#tawt
GA210,GA,210,*lu[r]nt
GA211,GA,211,*tawt
GA212,GA,212,-
GA213,GA,213,*tawt
GA214,GA,214,*tawt
GA215,GA,215,*lu[r]n
GA216,GA,216,*tawt
GA217,GA,217,*tawt
GA218,GA,218,-
GA219,GA,219,-
GA220,GA,220,*tawt
GA221,GA,221,*lurnd
GA222,GA,222,@lu{r}nN=14
GA222,GA,222,*lurnd
GA222,GA,222,#tawt
GA223,GA,223,-
GA224,GA,224,*tawt
GA225,GA,225,-
FL226,FL,226,!lu[r]n
FL226,FL,226,*lu[r]nt
FL227,FL,227,*tawt
FL228,FL,228,*tot
FL229,FL,229,*tawt
FL230,FL,230,*tot
FL231,FL,231,*tawt
FL232,FL,232,#tawt
FL233,FL,233,*tawt
FL234,FL,234,*lu[r]nt
FL235,FL,235,*lurnt
FL236,FL,236,*tawt
FL236,FL,236,*lurnt
FL237,FL,237,*tawt
FL237,FL,237,*lu{r}n
FL238,FL,238,*tawt
FL239,FL,239,*tawt
FL240,FL,240,*tot
FL241,FL,241,-
FL242,FL,242,*tawt
FL243,FL,243,*tawt
FL244,FL,244,!teech
FL245,FL,245,-
FL246,FL,246,*tawt
FL247,FL,247,*tawt
FL248,FL,248,!lurn
FL248,FL,248,#tawt
FL249,FL,249,*tawt
FL249,FL,249,#tawt
FL250,FL,250,!lu{r}n
FL250,FL,250,*lu{r}nd
FL251,FL,251,-
FL252,FL,252,-
FL253,FL,253,*tawt
FL254,FL,254,*tawt
FL255,FL,255,*tawt
FL256,FL,256,*lurn
FL257,FL,257,*tawt
FL257,FL,257,*lurnt
FL258,FL,258,*tawt
FL259,FL,259,*tawt
FL260,FL,260,#lurnt
FL261,FL,261,*tawt
FL262,FL,262,-
FL263,FL,263,-
FL264,FL,264,*tawt
FL265,FL,265,-
FL266,FL,266,*tawt
FL267,FL,267,!lurn
FL267,FL,267,*tawt
FL268,FL,268,!lu[r]n
FL268,FL,268,*lu[r]nt
FL269,FL,269,*tawt
FL270,FL,270,*tawt
FL271,FL,271,*toet
FL272,FL,272,*tawt
FL273,FL,273,*tawt
FL274,FL,274,*tawt
FL275,FL,275,*tawt
FL276,FL,276,*tawt
FL277,FL,277,*tawt
FL278,FL,278,*tawt
FL279,FL,279,*tot
FL280,FL,280,*tawt
FL281,FL,281,*tawt
FL282,FL,282,-
FL283,FL,283,*tawt
FL284,FL,284,*tot
FL285,FL,285,-
FL286,FL,286,*tot
FL287,FL,287,-
FL288,FL,288,#tawt
FL289,FL,289,*tawt
TN290,TN,290,*teecht
TN291,TN,291,*tawt
TN292,TN,292,*tawt
TN293,TN,293,*tawt
TN294,TN,294,*tawt
TN295,TN,295,*lurnd
TN296,TN,296,*tawt
TN297,TN,297,*tawt
TN298,TN,298,-
TN299,TN,299,*tawt
TN300,TN,300,*tawt
TN301,TN,301,!lorn
TN302,TN,302,*tawt
TN303,TN,303,!lu{r}n
TN303,TN,303,*lu{r}nd
TN304,TN,304,*tawt
TN305,TN,305,-
TN306,TN,306,*tawt
TN307,TN,307,*tawt
TN308,TN,308,-
TN309,TN,309,-
TN310,TN,310,-
TN311,TN,311,*tawt
TN312,TN,312,*tawt
TN313,TN,313,*tawt
TN314,TN,314,-
TN315,TN,315,!teech
TN315,TN,315,*tawt
TN316,TN,316,*lu[r]nt
TN317,TN,317,*tawt
TN318,TN,318,*tawt
TN318,TN,318,*lurnt
TN319,TN,319,-
TN320,TN,320,*lurnd
TN321,TN,321,*tawt
TN321,TN,321,*lu{r}nd
TN322,TN,322,#tawt
TN323,TN,323,*tawt
TN324,TN,324,*tawt
TN324,TN,324,*lurnd
TN325,TN,325,!lurn
TN325,TN,325,*tawt
TN325,TN,325,*lurnd
TN326,TN,326,*tawt
TN327,TN,327,*tawt
TN328,TN,328,*tawt
TN329,TN,329,*tawt
TN330,TN,330,*tawt
TN330,TN,330,*lu[r]nt
TN331,TN,331,*tawt
TN332,TN,332,*tawt
TN333,TN,333,*lurnt
TN334,TN,334,*tawt
TN335,TN,335,*tawt
TN336,TN,336,*tawt
TN336,TN,336,*lurnd
AL337,AL,337,*tawt
AL338,AL,338,*tawt
AL339,AL,339,*tawt
AL340,AL,340,*lu[r]nt
AL341,AL,341,*lu[r]nt
AL342,AL,342,*taw{?}
AL343,AL,343,*tawt
AL344,AL,344,-
AL345,AL,345,*tawt
AL346,AL,346,*tut
AL347,AL,347,*tawt
AL348,AL,348,-
AL349,AL,349,*tawt
AL350,AL,350,-
AL351,AL,351,*tawt
AL352,AL,352,*tawt
AL353,AL,353,*tawt
AL354,AL,354,*lurnd
AL355,AL,355,*tawt
AL356,AL,356,*tawt
AL357,AL,357,*tawt
AL358,AL,358,*tawt
AL359,AL,359,*tawt
AL360,AL,360,*tawt
AL361,AL,361,*tawt
AL362,AL,362,-
AL363,AL,363,*tawt
AL364,AL,364,*tawt
AL365,AL,365,-
AL366,AL,366,*tawt
AL367,AL,367,*tawt
AL368,AL,368,-
AL369,AL,369,-
AL370,AL,370,*tawt
AL371,AL,371,-
AL372,AL,372,*tawt
AL373,AL,373,*tawt
AL373,AL,373,*toet
AL374,AL,374,*tawt
AL375,AL,375,*tawt
AL376,AL,376,-
AL377,AL,377,*lu[r]nt
AL378,AL,378,*tawt
AL379,AL,379,*tawt
AL380,AL,380,*tawt
AL381,AL,381,*tawt
AL382,AL,382,*tawt
AL383,AL,383,*tawt
AL384,AL,384,*tawt
AL385,AL,385,*tawt
AL386,AL,386,*tawt
AL387,AL,387,*tawt
AL388,AL,388,-
AL389,AL,389,*tawt
AL390,AL,390,*tawt
AL391,AL,391,*tawt
AL392,AL,392,-
AL393,AL,393,*tawt
AL394,AL,394,*tawt
AL395,AL,395,*tawt
AL396,AL,396,-
AL397,AL,397,*tawt
AL398,AL,398,*tot
AL399,AL,399,*tawt
AL399,AL,399,*lu[r]nt
AL400,AL,400,*tawt
AL401,AL,401,!tawk
AL401,AL,401,!lu[r]n
AL402,AL,402,*tawt
AL403,AL,403,*tawt
AL404,AL,404,*tawt
AL405,AL,405,*tawt
AL406,AL,406,*lu[r]nt
AL407,AL,407,*tawt
AL408,AL,408,*tawt
AL409,AL,409,*tawt
AL410,AL,410,*tawt
AL411,AL,411,*tawt
AL412,AL,412,-
AL413,AL,413,-
AL414,AL,414,*tawt
AL415,AL,415,*tawt
AL416,AL,416,-
AL417,AL,417,!teech
AL418,AL,418,*tawt
AL419,AL,419,*tawt
AL420,AL,420,*tawt
AL420,AL,420,*lu[r]nd
AL421,AL,421,*tawt
AL422,AL,422,*tawt
AL423,AL,423,*tawt
AL424,AL,424,*tawt
AL425,AL,425,*tawt
AL426,AL,426,*tawt
AL426,AL,426,*lurnt
AL426,AL,426,#tawt
AL427,AL,427,*lurnt
AL428,AL,428,*tawt
AL429,AL,429,-
AL430,AL,430,*tawt
AL431,AL,431,*tawt
AL432,AL,432,-
AL433,AL,433,*tawt
AL434,AL,434,*lu[r]nt
AL435,AL,435,*tawt
AL436,AL,436,*tawt
AL437,AL,437,*tawt
AL438,AL,438,*lu[r]nt
AL439,AL,439,*tawt
AL440,AL,440,-
AL441,AL,441,*tawt
AL441,AL,441,*lurnt
AL442,AL,442,*tawt
AL443,AL,443,*tawt
AL444,AL,444,*tawt
AL445,AL,445,*tawt
AL446,AL,446,*tawt
AL446,AL,446,*lurnd
AL447,AL,447,*lurnd
AL448,AL,448,*tawt
AL449,AL,449,*lu[r]nt
AL450,AL,450,*tawt
AL451,AL,451,!lurn
FL452,FL,452,*tot
FL453,FL,453,*lu[r]nd
FL454,FL,454,*lu[r]nt
FL455,FL,455,*tawt
FL456,FL,456,!teech
FL456,FL,456,*tawt
FL456,FL,456,#tawt
FL457,FL,457,*tawt
FL458,FL,458,!teech
FL458,FL,458,*tawt
FL459,FL,459,-
FL460,FL,460,!lu{r}n
FL460,FL,460,*tawt
FL461,FL,461,#lurnd
FL462,FL,462,*lurnd
FL463,FL,463,-
FL464,FL,464,*teecht
FL464,FL,464,*lurnt
FL465,FL,465,-
FL466,FL,466,*tawt
FL467,FL,467,-
FL468,FL,468,!lu[r]n
FL468,FL,468,*lu[r]nd
FL469,FL,469,*lurnt
FL470,FL,470,#tawt
FL471,FL,471,*tawt
AL472,AL,472,#tawt
AL473,AL,473,*lurnd
AL474,AL,474,*tawt
AL475,AL,475,*tawt
AL476,AL,476,*tawt
AL477,AL,477,*lu[r]nd
AL478,AL,478,#lu[r]n
AL479,AL,479,!lu[r]n
AL479,AL,479,*tawt
AL480,AL,480,*tawt
AL481,AL,481,*tawt
AL482,AL,482,*tawt
AL483,AL,483,!teech
AL484,AL,484,*tawt
AL485,AL,485,#tawt
TN486,TN,486,*tawt
TN487,TN,487,*tawt
TN488,TN,488,-
TN489,TN,489,-
TN490,TN,490,*tawt
TN491,TN,491,-
TN492,TN,492,-
TN493,TN,493,!teech
TN493,TN,493,!lu{r}n
TN494,TN,494,*lurnd
TN495,TN,495,*tawt
TN496,TN,496,#tawt
TN497,TN,497,*tawt
TN498,TN,498,-
TN499,TN,499,*tawt
TN500,TN,500,-
TN501,TN,501,*tawt
TN502,TN,502,*tawt
TN503,TN,503,-
TN504,TN,504,-
TN505,TN,505,!lu[r]n
TN505,TN,505,@lu[r]nN=14
TN506,TN,506,*lurnt
TN507,TN,507,-
TN508,TN,508,!teech
TN508,TN,508,#tawt
TN509,TN,509,-
TN510,TN,510,*tawt
TN511,TN,511,-
TN512,TN,512,*tawt
TN513,TN,513,-
TN514,TN,514,-
TN515,TN,515,-
TN516,TN,516,*tawt
TN517,TN,517,-
TN518,TN,518,*tawt
TN519,TN,519,*tawt
MS520,MS,520,-
MS521,MS,521,*tawt
MS522,MS,522,*tawt
MS523,MS,523,-
MS524,MS,524,*tawt
MS525,MS,525,-
MS526,MS,526,-
MS527,MS,527,*tawt
MS527,MS,527,#tawt
MS528,MS,528,*tawt
MS529,MS,529,-
MS530,MS,530,*lu{r}nd
MS531,MS,531,#tawt
MS532,MS,532,-
MS533,MS,533,!lurn
MS533,MS,533,#tawt
MS534,MS,534,*lurnt
MS535,MS,535,*taw(t)
MS535,MS,535,*tot
MS535,MS,535,#tawt
MS536,MS,536,*lurnd
MS537,MS,537,-
MS538,MS,538,-
MS539,MS,539,*tawt
MS540,MS,540,-
MS541,MS,541,*tawt
MS542,MS,542,-
MS543,MS,543,*tawt
MS543,MS,543,*lu[r]nt
MS544,MS,544,*tawt
MS545,MS,545,-
MS546,MS,546,*tawt
MS547,MS,547,*tawt
MS548,MS,548,*tawt
MS548,MS,548,*lurnt
MS549,MS,549,*tawt
MS550,MS,550,*lu[r]n
MS551,MS,551,-
MS552,MS,552,-
MS553,MS,553,-
MS554,MS,554,*tawt
MS554,MS,554,*lu[r]nd
MS555,MS,555,#teech
MS556,MS,556,-
MS557,MS,557,*tawt
MS558,MS,558,*tawt
MS559,MS,559,-
MS560,MS,560,-
MS561,MS,561,*tawt
MS562,MS,562,*tawt
MS563,MS,563,*tawt
MS563,MS,563,#lurnd
MS564,MS,564,*tawt
MS565,MS,565,*lurnt
MS565,MS,565,*lu[r]nt
MS566,MS,566,-
MS567,MS,567,-
MS568,MS,568,-
MS569,MS,569,!lu[r]n
MS570,MS,570,*tawt
MS571,MS,571,-
MS572,MS,572,*tawt
MS573,MS,573,-
MS574,MS,574,*tawt
MS575,MS,575,*tawt
MS576,MS,576,*tawt
MS577,MS,577,*lu[r]nt
MS578,MS,578,*lu[r]nt
MS579,MS,579,*tawt
MS580,MS,580,*lu[r]nt
MS581,MS,581,*tawt
MS582,MS,582,-
MS583,MS,583,-
MS584,MS,584,*tawt
MS585,MS,585,*lu[r]nt
MS586,MS,586,*tawt
MS587,MS,587,*lu[r]nt
MS588,MS,588,*lu[r]nd
MS589,MS,589,*tawt
MS590,MS,590,-
MS591,MS,591,*tawt
MS592,MS,592,*tawt
MS593,MS,593,!lu[r]n
MS593,MS,593,#tawt
MS594,MS,594,*tawt
MS594,MS,594,*lu[r]nt
MS595,MS,595,*tawt
MS596,MS,596,*lu[r]nt
MS597,MS,597,*tawt
MS597,MS,597,*lurnt
MS598,MS,598,*tawt
MS599,MS,599,*tawt
MS600,MS,600,*tawt
MS601,MS,601,*tawt
MS602,MS,602,*tawt
MS603,MS,603,-
MS604,MS,604,*tawt
MS605,MS,605,!lurn
MS606,MS,606,-
MS607,MS,607,*tawt
MS607,MS,607,*lu{r}nd
MS608,MS,608,*tawt
MS609,MS,609,-
MS610,MS,610,-
MS611,MS,611,*tawt
MS612,MS,612,*tawt
MS613,MS,613,*tawt
MS614,MS,614,-
MS615,MS,615,*tawt
MS616,MS,616,*lurn
MS617,MS,617,*tawt
MS618,MS,618,*tawt
MS619,MS,619,-
MS620,MS,620,#tawt
MS620,MS,620,#lu{r}nt
MS621,MS,621,*tawt
MS622,MS,622,*tawt
MS623,MS,623,-
MS624,MS,624,*tot
MS625,MS,625,*lurnd
MS626,MS,626,*tawt
MS627,MS,627,*lu[r]n
MS628,MS,628,*tawt
MS629,MS,629,*tawt
LA630,LA,630,*tawt
LA631,LA,631,*tawt
LA632,LA,632,!lurn
LA633,LA,633,-
LA634,LA,634,*tawt
LA635,LA,635,*tawt
LA635,LA,635,*lurnd
LA636,LA,636,-
LA637,LA,637,@lu[r]nN=14
LA638,LA,638,-
LA639,LA,639,!larn
LA640,LA,640,*lu[r]nt
LA641,LA,641,*tawt
LA642,LA,642,-
LA643,LA,643,*tawt
LA644,LA,644,-
LA645,LA,645,*tot
LA646,LA,646,*tawt
LA647,LA,647,-
LA648,LA,648,*tot
LA649,LA,649,*tawt
LA650,LA,650,*lu[r]nd
LA650,LA,650,*lu[r]n
LA651,LA,651,*lu[r]nd
LA652,LA,652,*tawt
LA653,LA,653,*tawt
LA654,LA,654,-
LA655,LA,655,*tawt
LA656,LA,656,-
LA657,LA,657,*tawt
LA657X,LA,657X,*tawt
LA657Y,LA,657Y,*tawt
LA657Z,LA,657Z,*tawt
LA657Z,LA,657Z,#tawt
LA658,LA,658,*lu{r}nd
LA659,LA,659,-
LA660,LA,660,*lu[r]nt
LA661,LA,661,*tawt
LA662,LA,662,*tawt
LA663,LA,663,-
LA664,LA,664,-
LA665,LA,665,-
LA666,LA,666,-
LA667,LA,667,!lu[r]n
LA667,LA,667,#tawt
LA668,LA,668,*tawt
LA669,LA,669,*tawt
LA670,LA,670,-
LA671,LA,671,*tawt
LA672,LA,672,@lurnN=14
LA672,LA,672,*lurnd
LA672,LA,672,*lurnt
LA673,LA,673,*tawt
AR674,AR,674,*lurnt
AR675,AR,675,-
AR676,AR,676,-
AR677,AR,677,-
AR678,AR,678,*tawt
AR678,AR,678,#tawt
AR679,AR,679,*tawt
AR680,AR,680,-
AR681,AR,681,!lu{r}n
AR682,AR,682,*tawt
AR682,AR,682,#tawt
AR683,AR,683,*tawt
AR684,AR,684,-
AR685,AR,685,*tawt
AR686,AR,686,*lurnt
AR687,AR,687,-
AR688,AR,688,*tawt
AR688,AR,688,*lu[r]nd
AR689,AR,689,*tawt
AR689,AR,689,*lurn
AR690,AR,690,-
AR691,AR,691,-
AR692,AR,692,*tawt
AR693,AR,693,*tawt
AR694,AR,694,*lurnd
AR694,AR,694,#lurnt
AR695,AR,695,!teech
AR695,AR,695,*tawt
AR696,AR,696,#tawt
AR697,AR,697,*teecht
AR697,AR,697,*lurnd
AR697,AR,697,*lurnt
AR698,AR,698,*tawt
AR699,AR,699,-
AR700,AR,700,#tawt
AR701,AR,701,-
AR702,AR,702,-
AR703,AR,703,*tawt
AR704,AR,704,*tawt
AR705,AR,705,*tawt
AR706,AR,706,*tawt
AR707,AR,707,*tawt
AR708,AR,708,*tawt
AR709,AR,709,*tot
AR710,AR,710,-
AR711,AR,711,-
AR712,AR,712,*tot
AR713,AR,713,-
AR714,AR,714,*tawt
AR715,AR,715,*tawt
AR716,AR,716,*tawt
AR716,AR,716,*lu{r}nt
AR717,AR,717,*lurnd
AR718,AR,718,*tawt
AR719,AR,719,*tawt
AR720,AR,720,*tawt
AR721,AR,721,*tawt
AR722,AR,722,*teecht
AR723,AR,723,*tawt
AR723,AR,723,*lurnd
AR723,AR,723,#tawt
AR724,AR,724,*tawt
AR725,AR,725,#tawt
AR726,AR,726,*lurnt
AR727,AR,727,*lurnd
AR728,AR,728,*tawt
AR729,AR,729,*tawt
AR730,AR,730,*tawt
AR731,AR,731,*tawt
AR732,AR,732,*tawt
AR733,AR,733,*tawt
AR734,AR,734,*tawt
AR735,AR,735,*tawt
AR735,AR,735,#tawt
AR736,AR,736,-
AR737,AR,737,*tawt
AR737,AR,737,*lurnd
AR738,AR,738,*tawt
AR739,AR,739,*tawt
AR740,AR,740,-
AR741,AR,741,*tawt
AR742,AR,742,*tawt
AR743,AR,743,*tawt
AR744,AR,744,-
AR745,AR,745,-
AR746,AR,746,*tawt
AR747,AR,747,*tawt
AR748,AR,748,!teech
AR749,AR,749,*tawt
AR750,AR,750,*tawt
AR751,AR,751,*tawt
AR752,AR,752,*lurnd
AR753,AR,753,*tawt
AR754,AR,754,*tawt
AR754,AR,754,*lu{r}n
AR755,AR,755,-
LA756,LA,756,*lu[r]n
LA757,LA,757,*tawt
LA758,LA,758,-
LA759,LA,759,!lu[r]n
LA759,LA,759,@lu[r]nN=14
LA760,LA,760,*tawt
LA761,LA,761,*lu[r]nt
LA762,LA,762,*tawt
LA763,LA,763,*tawt
LA764,LA,764,!lu{r}n
LA764,LA,764,*tawt
LA764,LA,764,*lu{r}nd
LA765,LA,765,*tawt
LA766,LA,766,!lu[r]n
LA766,LA,766,&teechIz=14
LA766,LA,766,*tawt
LA766,LA,766,*lu[r]nt
LA767,LA,767,*tawt
LA767,LA,767,#tawt
LA768,LA,768,*tawt
LA768,LA,768,*lu{r}nd
LA769,LA,769,*tawt
LA770,LA,770,*tawt
LA771,LA,771,-
LA772,LA,772,*tawt
LA773,LA,773,-
LA774,LA,774,-
LA775,LA,775,!teech
LA775,LA,775,!lu{r}n
LA775,LA,775,*lu{r}n
LA776,LA,776,*tawt
LA777,LA,777,*tawt
LA778,LA,778,*tawt
LA779,LA,779,*tawt
LA780,LA,780,*tawt
LA781,LA,781,*tawt
LA782,LA,782,-
LA783,LA,783,*tawt
LA784,LA,784,!teech
LA784,LA,784,!lu[r]n
LA784,LA,784,*lu[r]n
LA785,LA,785,*tawt
LA785,LA,785,*toet
LA785,LA,785,#tawt
LA786,LA,786,*lurnt
LA787,LA,787,*tawt
LA788,LA,788,-
LA789,LA,789,#lurnt
LA790,LA,790,*tawt
LA791,LA,791,*tawt
LA792,LA,792,*tawt
LA793,LA,793,-
LA794,LA,794,!lurn
LA794,LA,794,*lurnd
LA794,LA,794,*lurnt
LA795,LA,795,*tawt
LA796,LA,796,*tawt
LA797,LA,797,*lurnt
LA798,LA,798,*tawt
LA799,LA,799,-
LA800,LA,800,*tawt
LA800,LA,800,*lurnt
LA800,LA,800,#lurnt
LA801,LA,801,*tawt
LA802,LA,802,-
LA803,LA,803,-
LA804,LA,804,-
LA805,LA,805,-
LA806,LA,806,*tawt
LA807,LA,807,*lurn
LA808,LA,808,*tawt
LA809,LA,809,*tawt
LA810,LA,810,!lu[r]n
LA810,LA,810,*teech
LA810,LA,810,*lu[r]nd
LA811,LA,811,*tawt
LA812,LA,812,*tawt
LA813,LA,813,*tawt
LA814,LA,814,*tawt
LA815,LA,815,-
LA816,LA,816,*tawt
LA817,LA,817,*lurnd
TX818,TX,818,!teech
TX818,TX,818,*teech
TX818,TX,818,*lu[r]nt
TX819,TX,819,*lurnd
TX820,TX,820,*tawt
TX821,TX,821,*lu[r]nt
TX822,TX,822,*tawt
TX823,TX,823,*tawt
TX824,TX,824,*tawt
TX825,TX,825,*tawt
TX826,TX,826,-
TX827,TX,827,-
TX828,TX,828,*lu[r]nd
TX829,TX,829,!teech
TX829,TX,829,*tawt
TX830,TX,830,*tawt
TX831,TX,831,*tawt
TX832,TX,832,*tawt
TX832,TX,832,*lu[r]nd
TX833,TX,833,*tawt
TX834,TX,834,*tot
TX834,TX,834,*lurnd
TX835,TX,835,*lu[r]nt
TX836,TX,836,!teech
TX836,TX,836,!lu{r}n
TX836,TX,836,*teecht
TX836,TX,836,*lu{r}nt
TX836,TX,836,#teecht
TX837,TX,837,-
TX838,TX,838,-
TX839,TX,839,*tawt
TX840,TX,840,#lurnt
TX841,TX,841,-
TX842,TX,842,*tawt
TX843,TX,843,*tot
TX844,TX,844,*tawt
TX844,TX,844,*toet
TX845,TX,845,*tot
TX846,TX,846,*tawt
TX847,TX,847,#tawt
TX848,TX,848,*tawt
TX849,TX,849,-
TX850,TX,850,*tawt
TX850,TX,850,*lurn
TX851,TX,851,*tawt
TX852,TX,852,-
TX853,TX,853,*tawt
TX854,TX,854,*taw(t)
TX855,TX,855,*tawt
TX856,TX,856,!lurn
TX857,TX,857,*tawt
TX858,TX,858,-
TX859,TX,859,*tawt
TX860,TX,860,*tawt
TX861,TX,861,*tawt
TX862,TX,862,-
TX863,TX,863,*tawt
TX864,TX,864,*tawt
TX864,TX,864,*lu{r}nt
TX865,TX,865,*tawt
TX866,TX,866,*tawt
TX867,TX,867,*tawt
TX868,TX,868,*tawt
TX869,TX,869,*tawt
TX870,TX,870,*tawt
TX871,TX,871,-
TX872,TX,872,-
TX873,TX,873,*tawt
TX874,TX,874,*tawt
TX875,TX,875,*tawt
TX876,TX,876,*tawt
TX877,TX,877,*tawt
TX878,TX,878,*tawt
TX879,TX,879,-
TX880,TX,880,*tawt
TX880,TX,880,*lu[r]nt
TX881,TX,881,-
TX882,TX,882,-
TX883,TX,883,*tawt
TX884,TX,884,-
TX885,TX,885,*tawt
TX886,TX,886,!lurn
TX886,TX,886,*teecht
TX887,TX,887,*tawt
TX888,TX,888,*lurnt
TX889,TX,889,*tawt
TX890,TX,890,*tawt
TX891,TX,891,*tawt
TX892,TX,892,*tawt
TX892,TX,892,#lurnd
TX893,TX,893,*tawt
TX894,TX,894,*tawt
TX895,TX,895,*tawt
TX896,TX,896,-
TX897,TX,897,-
TX898,TX,898,*tawt
TX899,TX,899,*tawt
TX900,TX,900,*tawt
TX901,TX,901,*tawt
TX901,TX,901,#tawt
TX902,TX,902,*tawt
TX903,TX,903,-
TX904,TX,904,*tawt
TX905,TX,905,*tawt
TX906,TX,906,*tawt
TX907,TX,907,*tawt
TX908,TX,908,*tot
TX909,TX,909,-
TX910,TX,910,*tawt
TX911,TX,911,*tawt
