Informant,State,Informant number,Response
TN001,TN,001,!due
TN001,TN,001,*dun
TN002,TN,002,-
TN003,TN,003,!due
TN003,TN,003,*did
TN003,TN,003,*dun
TN003,TN,003,#dun
TN004,TN,004,!due
TN004,TN,004,*did
TN004,TN,004,*dun
TN005,TN,005,!due
TN005,TN,005,*did
TN006,TN,006,!due
TN006,TN,006,&duz
TN006,TN,006,*dun
TN006,TN,006,#dun
TN007,TN,007,!due
TN007,TN,007,*did
TN007,TN,007,#dun
TN008,TN,008,!due
TN008,TN,008,*dun
TN008,TN,008,#dun
TN009,TN,009,!due
TN009,TN,009,*did
TN009,TN,009,*dun
TN009,TN,009,#dun
TN010,TN,010,!due
TN010,TN,010,*did
TN010,TN,010,#dun
TN011,TN,011,!due
TN011,TN,011,*did
TN011,TN,011,#dun
TN012,TN,012,!due
TN012,TN,012,*did
TN012,TN,012,*dun
TN013,TN,013,!due
TN014,TN,014,-
TN015,TN,015,!due
TN015,TN,015,*did
TN015,TN,015,*dun
TN016,TN,016,!due
TN016,TN,016,*did
TN016,TN,016,#dun
TN017,TN,017,!due
TN017,TN,017,*did
TN017,TN,017,*dun
TN018,TN,018,!due
TN018,TN,018,*dun
TN019,TN,019,!due
TN019,TN,019,*did
TN019,TN,019,*dun
TN020,TN,020,#dun
TN021,TN,021,*dun
TN022,TN,022,*did
TN022,TN,022,#dun
TN023,TN,023,!due
TN023,TN,023,*did
TN023,TN,023,*dun
TN024,TN,024,!due
TN024,TN,024,*did
TN024,TN,024,#dun
TN025,TN,025,!due
TN025,TN,025,*did
TN025,TN,025,*dun
TN025,TN,025,#dun
TN026,TN,026,#dun
TN027,TN,027,!due
TN027,TN,027,*did
TN027,TN,027,#dun
TN028,TN,028,!due
TN028,TN,028,*did
TN028,TN,028,#dun
TN029,TN,029,*dun
TN030,TN,030,!due
TN030,TN,030,*did
TN030,TN,030,#dun
TN031,TN,031,!due
TN031,TN,031,*did
TN031,TN,031,#dun
TN032,TN,032,-
TN033,TN,033,!due
TN033,TN,033,#dun
TN034,TN,034,!due
TN034,TN,034,*did
TN034,TN,034,#dun
TN035,TN,035,!due
TN035,TN,035,*did
TN035,TN,035,#dun
TN036,TN,036,!due
TN036,TN,036,*did
TN036,TN,036,*dun
TN037,TN,037,!due
TN037,TN,037,*did
TN037,TN,037,#dun
TN038,TN,038,!due
TN038,TN,038,*did
TN038,TN,038,#dun
TN039,TN,039,!due
TN039,TN,039,*did
TN039,TN,039,*dun
TN039,TN,039,#dun
TN040,TN,040,!due
TN040,TN,040,&duz
TN040,TN,040,*did
TN040,TN,040,#dun
TN041,TN,041,!due
TN041,TN,041,*dun
TN042,TN,042,!due
TN042,TN,042,*did
TN042,TN,042,*dun
TN042,TN,042,#dun
TN043,TN,043,#dun
TN044,TN,044,!due
TN044,TN,044,*did
TN044,TN,044,*dun
TN045,TN,045,!due
TN045,TN,045,*did
TN046,TN,046,!due
TN046,TN,046,*did
TN046,TN,046,#dun
TN047,TN,047,!due
TN047,TN,047,*did
TN047,TN,047,*dun
TN047,TN,047,#dun
TN048,TN,048,!due
TN049,TN,049,!due
TN049,TN,049,!dew
TN049,TN,049,*did
TN049,TN,049,#dun
TN050,TN,050,!due
TN050,TN,050,!dew
TN050,TN,050,#dun
TN051,TN,051,!due
TN051,TN,051,&duz
TN051,TN,051,*did
TN051,TN,051,#dun
TN052,TN,052,-
TN053,TN,053,!due
TN053,TN,053,*did
TN053,TN,053,*dun
TN053,TN,053,#dun
TN054,TN,054,#dun
TN055,TN,055,!due
TN055,TN,055,*did
TN055,TN,055,#dun
TN056,TN,056,!due
TN056,TN,056,*did
TN056,TN,056,#dun
TN057,TN,057,!due
TN057,TN,057,*did
TN057,TN,057,#dun
TN058,TN,058,!due
TN058,TN,058,*did
TN058,TN,058,#dun
TN059,TN,059,*did
TN059,TN,059,*dun
TN060,TN,060,!due
TN060,TN,060,*did
TN060,TN,060,#dun
GA061,GA,061,!due
GA061,GA,061,*did
GA061,GA,061,#dun
GA062,GA,062,!due
GA062,GA,062,*did
GA062,GA,062,#dun
GA063,GA,063,!due
GA063,GA,063,*dun
GA063,GA,063,#dun
GA064,GA,064,!due
GA064,GA,064,*dun
GA064,GA,064,#dun
GA065,GA,065,!due
GA065,GA,065,*did
GA066,GA,066,!dyue
GA066,GA,066,*dun
GA066,GA,066,#dun
GA067,GA,067,!due
GA067,GA,067,*did
GA067,GA,067,#dun
GA068,GA,068,!due
GA068,GA,068,!dew
GA068,GA,068,*did
GA068,GA,068,#dun
GA069,GA,069,!due
GA069,GA,069,&duz
GA069,GA,069,*did
GA069,GA,069,*dun
GA069,GA,069,#dun
GA070,GA,070,!due
GA070,GA,070,*did
GA071,GA,071,!due
GA071,GA,071,*did
GA071,GA,071,*dun
GA071,GA,071,#dun
GA072,GA,072,!due
GA072,GA,072,*did
GA072,GA,072,*dit
GA072,GA,072,*dun
GA072,GA,072,#dun
GA073,GA,073,!due
GA073,GA,073,*did
GA073,GA,073,#dun
GA074,GA,074,!due
GA074,GA,074,*did
GA074,GA,074,*dun
GA075,GA,075,!due
GA075,GA,075,*did
GA075,GA,075,*dun
GA075,GA,075,#dun
GA075,GA,075,#du[n]
GA076,GA,076,!due
GA076,GA,076,*did
GA076,GA,076,#dun
GA077,GA,077,!dew
GA077,GA,077,*did
GA077,GA,077,*dun
GA077,GA,077,*don
GA078,GA,078,!due
GA078,GA,078,*did
GA078,GA,078,#dun
GA079,GA,079,!due
GA079,GA,079,*did
GA079,GA,079,#dun
GA080,GA,080,!due
GA080,GA,080,*did
GA080,GA,080,#dun
GA081,GA,081,!due
GA081,GA,081,*dun
GA081,GA,081,#dun
GA082,GA,082,!due
GA082,GA,082,*did
GA082,GA,082,#dun
GA083,GA,083,!due
GA083,GA,083,*dun
GA084,GA,084,!due
GA084,GA,084,*dun
GA085,GA,085,*did
GA085,GA,085,#dun
GA086,GA,086,!due
GA086,GA,086,*did
GA086,GA,086,#dun
GA087,GA,087,!due
GA087,GA,087,*did
GA087,GA,087,#dun
GA088,GA,088,!due
GA088,GA,088,*did
GA088,GA,088,#dun
GA089,GA,089,!dew
GA089,GA,089,*did
GA089,GA,089,#dun
GA090,GA,090,*did
GA090,GA,090,*dun
GA090,GA,090,#dun
GA091,GA,091,!due
GA091,GA,091,*did
GA091,GA,091,#dun
GA091,GA,091,#did
GA092,GA,092,!due
GA093,GA,093,!due
GA093,GA,093,*did
GA093,GA,093,#dun
GA094,GA,094,!due
GA094,GA,094,!dew
GA094,GA,094,*did
GA094,GA,094,*dun
GA095,GA,095,!dew
GA095,GA,095,&duz
GA095,GA,095,*did
GA095,GA,095,#dun
GA096,GA,096,!due
GA096,GA,096,*dun
GA096,GA,096,#dun
GA097,GA,097,!due
GA097,GA,097,*did
GA097,GA,097,#dun
GA098,GA,098,!due
GA098,GA,098,*did
GA098,GA,098,*dun
GA098,GA,098,#dun
GA099,GA,099,!due
GA099,GA,099,*did
GA099,GA,099,#dun
GA100,GA,100,!due
GA100,GA,100,*did
GA100,GA,100,#dun
GA101,GA,101,!due
GA101,GA,101,*did
GA101,GA,101,#dun
GA102,GA,102,!due
GA102,GA,102,#dun
GA103,GA,103,!due
GA103,GA,103,*did
GA103,GA,103,#dun
GA104,GA,104,!due
GA104,GA,104,*did
GA104,GA,104,#dun
GA105,GA,105,-
GA106,GA,106,!due
GA106,GA,106,&duz
GA106,GA,106,*dun
GA107,GA,107,*did
GA107,GA,107,#dun
GA108,GA,108,!due
GA108,GA,108,&duz
GA108,GA,108,*did
GA108,GA,108,#dun
GA109,GA,109,!due
GA109,GA,109,*did
GA109,GA,109,#dun
GA110,GA,110,!due
GA110,GA,110,*did
GA111,GA,111,&due
GA111,GA,111,*did
GA111,GA,111,*dun
GA111,GA,111,#dun
GA112,GA,112,!due
GA112,GA,112,*dun
GA113,GA,113,!due
GA113,GA,113,*did
GA113,GA,113,*dun
GA114,GA,114,!due
GA114,GA,114,*dun
GA114,GA,114,#dun
GA115,GA,115,!due
GA115,GA,115,*dun
GA115,GA,115,#dun
GA116,GA,116,-
GA117,GA,117,!due
GA118,GA,118,!due
GA118,GA,118,*did
GA119,GA,119,!due
GA119,GA,119,*did
GA119,GA,119,*dun
GA119,GA,119,#dun
GA119,GA,119,#did
GA120,GA,120,!due
GA120,GA,120,*did
GA120,GA,120,#dun
GA121,GA,121,#did
GA122,GA,122,!due
GA122,GA,122,*did
GA122,GA,122,#dun
GA123,GA,123,*did
GA124,GA,124,!due
GA124,GA,124,#dun
GA125,GA,125,!due
GA125,GA,125,*dun
GA126,GA,126,!due
GA126,GA,126,*due
GA126,GA,126,#did
GA127,GA,127,!due
GA127,GA,127,*did
GA127,GA,127,#dun
GA128,GA,128,!due
GA128,GA,128,*dun
GA128,GA,128,#dun
GA129,GA,129,!due
GA129,GA,129,*did
GA129,GA,129,*dun
GA129,GA,129,#dun
GA130,GA,130,!due
GA130,GA,130,*did
GA130,GA,130,*dun
GA130,GA,130,#dun
GA131,GA,131,!due
GA131,GA,131,*did
GA131,GA,131,#dun
GA132,GA,132,!due
GA132,GA,132,*did
GA132,GA,132,#dun
GA133,GA,133,#dun
GA134,GA,134,&due
GA135,GA,135,!due
GA135,GA,135,*did
GA135,GA,135,#dun
GA136,GA,136,!due
GA136,GA,136,*did
GA136,GA,136,#dun
GA136,GA,136,#did
GA137,GA,137,!due
GA137,GA,137,*did
GA137,GA,137,#dun
GA138,GA,138,!due
GA138,GA,138,*did
GA138,GA,138,#dun
GA139,GA,139,!due
GA139,GA,139,*did
GA139,GA,139,#dun
GA140,GA,140,!due
GA141,GA,141,!due
GA141,GA,141,*did
GA141,GA,141,#dun
GA142,GA,142,!due
GA142,GA,142,*did
GA142,GA,142,*dun
GA142,GA,142,#dun
GA143,GA,143,!due
GA143,GA,143,*did
GA143,GA,143,#dun
GA144,GA,144,!due
GA144,GA,144,*did
GA144,GA,144,#dun
GA145,GA,145,!due
GA145,GA,145,*did
GA146,GA,146,*did
GA146,GA,146,#dun
GA147,GA,147,!due
GA147,GA,147,*did
GA147,GA,147,#dun
GA148,GA,148,*did
GA148,GA,148,#dun
GA149,GA,149,!due
GA149,GA,149,*did
GA149,GA,149,*dun
GA150,GA,150,!due
GA150,GA,150,*dun
GA150,GA,150,#dun
GA151,GA,151,!dew
GA151,GA,151,*dun
GA151,GA,151,#dun
GA152,GA,152,-
GA153,GA,153,*did
GA153,GA,153,#dun
GA154,GA,154,*did
GA155,GA,155,*did
GA156,GA,156,!due
GA156,GA,156,*did
GA156,GA,156,#dun
GA157,GA,157,!due
GA157,GA,157,*did
GA157,GA,157,*dun
GA157,GA,157,#dun
GA158,GA,158,!due
GA158,GA,158,#dun
GA159,GA,159,!due
GA159,GA,159,*did
GA159,GA,159,#dun
GA160,GA,160,!due
GA160,GA,160,*did
GA160,GA,160,#dun
GA161,GA,161,!due
GA161,GA,161,*did
GA161,GA,161,#dun
GA162,GA,162,!due
GA162,GA,162,#did
GA163,GA,163,!due
GA163,GA,163,*did
GA163,GA,163,#dun
GA164,GA,164,!due
GA164,GA,164,*did
GA164,GA,164,#dun
GA165,GA,165,!due
GA165,GA,165,*dun
GA165,GA,165,#dun
GA166,GA,166,!due
GA166,GA,166,*did
GA166,GA,166,*dun
GA166,GA,166,#dun
GA167,GA,167,!due
GA167,GA,167,*did
GA167,GA,167,#dun
GA168,GA,168,!due
GA168,GA,168,*did
GA168,GA,168,#dun
GA169,GA,169,!due
GA170,GA,170,!due
GA170,GA,170,*did
GA170,GA,170,#dun
GA171,GA,171,!due
GA171,GA,171,*did
GA171,GA,171,#dun
GA172,GA,172,!due
GA172,GA,172,*did
GA172,GA,172,*dun
GA172,GA,172,#did
GA173,GA,173,!due
GA173,GA,173,*did
GA173,GA,173,#dun
GA174,GA,174,!due
GA174,GA,174,*did
GA174,GA,174,#dun
GA175,GA,175,!due
GA175,GA,175,*did
GA175,GA,175,#dun
GA176,GA,176,*dun
GA177,GA,177,!due
GA177,GA,177,*did
GA177,GA,177,#did
GA178,GA,178,!due
GA178,GA,178,*dun
GA178,GA,178,#dun
GA179,GA,179,-
GA180,GA,180,!due
GA180,GA,180,*did
GA180,GA,180,*dun
GA180,GA,180,#dun
GA181,GA,181,!due
GA182,GA,182,!due
GA182,GA,182,*did
GA182,GA,182,#dun
GA183,GA,183,!due
GA183,GA,183,*did
GA183,GA,183,*dun
GA183,GA,183,#dun
GA184,GA,184,!due
GA184,GA,184,*did
GA184,GA,184,*dun
GA184,GA,184,#dun
GA185,GA,185,!due
GA185,GA,185,!dew
GA185,GA,185,*did
GA185,GA,185,#dun
GA186,GA,186,!due
GA186,GA,186,*did
GA186,GA,186,#dun
GA187,GA,187,!due
GA187,GA,187,*dun
GA187,GA,187,#dun
GA188,GA,188,!due
GA188,GA,188,*did
GA188,GA,188,#dun
GA189,GA,189,!due
GA189,GA,189,*did
GA189,GA,189,#dun
GA190,GA,190,!due
GA190,GA,190,*dun
GA191,GA,191,!dew
GA191,GA,191,*did
GA191,GA,191,*dun
GA191,GA,191,#dun
GA192,GA,192,!due
GA192,GA,192,*did
GA192,GA,192,*dun
GA192,GA,192,#dun
GA193,GA,193,!due
GA193,GA,193,*dun
GA193,GA,193,#dun
GA194,GA,194,!due
GA194,GA,194,*did
GA194,GA,194,*dun
GA194,GA,194,#dun
GA195,GA,195,*dun
GA196,GA,196,!due
GA196,GA,196,*did
GA196,GA,196,#dun
GA197,GA,197,!due
GA197,GA,197,*did
GA197,GA,197,#dun
GA198,GA,198,!due
GA198,GA,198,*did
GA198,GA,198,*dun
GA198,GA,198,#dun
GA198,GA,198,#did
GA199,GA,199,!due
GA199,GA,199,*did
GA199,GA,199,*dun
GA199,GA,199,#dun
GA200,GA,200,*did
GA200,GA,200,#did
GA201,GA,201,!due
GA201,GA,201,*did
GA201,GA,201,#dun
GA202,GA,202,-
GA203,GA,203,!due
GA203,GA,203,!dew
GA203,GA,203,*dun
GA204,GA,204,!due
GA204,GA,204,*did
GA204,GA,204,*dun
GA204,GA,204,#dun
GA205,GA,205,!due
GA205,GA,205,*did
GA206,GA,206,*did
GA206,GA,206,*dun
GA207,GA,207,!due
GA207,GA,207,*did
GA207,GA,207,*dun
GA207,GA,207,#dun
GA208,GA,208,!due
GA209,GA,209,!due
GA209,GA,209,*did
GA209,GA,209,#dun
GA210,GA,210,!due
GA210,GA,210,*did
GA210,GA,210,*dun
GA210,GA,210,#dun
GA210,GA,210,#did
GA211,GA,211,!due
GA211,GA,211,*did
GA211,GA,211,*dun
GA211,GA,211,#dun
GA212,GA,212,-
GA213,GA,213,!due
GA213,GA,213,*did
GA214,GA,214,!due
GA214,GA,214,&duz
GA214,GA,214,*did
GA214,GA,214,#dun
GA215,GA,215,-
GA216,GA,216,!due
GA216,GA,216,*did
GA216,GA,216,#dun
GA217,GA,217,!due
GA217,GA,217,!dew
GA217,GA,217,*did
GA217,GA,217,#dun
GA218,GA,218,!due
GA218,GA,218,*did
GA218,GA,218,*dun
GA218,GA,218,#dun
GA219,GA,219,!due
GA219,GA,219,*dun
GA220,GA,220,!dew
GA220,GA,220,*did
GA220,GA,220,#dun
GA221,GA,221,!dew
GA221,GA,221,&duz
GA221,GA,221,*did
GA221,GA,221,#dun
GA221,GA,221,#did
GA221,GA,221,#dued
GA222,GA,222,!due
GA222,GA,222,*did
GA222,GA,222,*dun
GA222,GA,222,#dun
GA223,GA,223,!due
GA223,GA,223,*did
GA223,GA,223,*dun
GA223,GA,223,#dun
GA223,GA,223,#did
GA224,GA,224,!due
GA224,GA,224,*di(d)
GA224,GA,224,*dun
GA224,GA,224,#dun
GA224,GA,224,#did
GA225,GA,225,!due
GA225,GA,225,*dun
GA225,GA,225,*du[n]
FL226,FL,226,!due
FL226,FL,226,*did
FL226,FL,226,#dun
FL227,FL,227,!due
FL228,FL,228,!due
FL228,FL,228,*dun
FL229,FL,229,!due
FL229,FL,229,#dun
FL230,FL,230,!due
FL230,FL,230,*did
FL230,FL,230,#dun
FL231,FL,231,-
FL232,FL,232,!due
FL232,FL,232,*did
FL232,FL,232,#dun
FL233,FL,233,!due
FL233,FL,233,*did
FL233,FL,233,*dun
FL233,FL,233,#dun
FL234,FL,234,!due
FL234,FL,234,*dun
FL234,FL,234,#did
FL235,FL,235,*dun
FL236,FL,236,!due
FL236,FL,236,&duz
FL236,FL,236,*dun
FL237,FL,237,!due
FL237,FL,237,*did
FL237,FL,237,*dun
FL237,FL,237,#dun
FL238,FL,238,!due
FL238,FL,238,*dun
FL239,FL,239,!due
FL239,FL,239,*did
FL239,FL,239,#dun
FL240,FL,240,!due
FL240,FL,240,*did
FL240,FL,240,#dun
FL241,FL,241,!due
FL241,FL,241,*did
FL242,FL,242,!dew
FL242,FL,242,#dun
FL243,FL,243,-
FL244,FL,244,!due
FL244,FL,244,*dun
FL244,FL,244,#dun
FL245,FL,245,!due
FL245,FL,245,*did
FL245,FL,245,#dun
FL246,FL,246,!due
FL246,FL,246,*dun
FL246,FL,246,#dun
FL247,FL,247,!due
FL247,FL,247,*did
FL247,FL,247,#dun
FL248,FL,248,!due
FL248,FL,248,@dueN=14
FL248,FL,248,*did
FL248,FL,248,#dun
FL249,FL,249,!dew
FL249,FL,249,*did
FL249,FL,249,#dun
FL250,FL,250,!due
FL250,FL,250,*dun
FL251,FL,251,!due
FL251,FL,251,*did
FL251,FL,251,*dun
FL252,FL,252,!due
FL252,FL,252,*dun
FL252,FL,252,#dun
FL253,FL,253,-
FL254,FL,254,!due
FL254,FL,254,&duz
FL254,FL,254,#dun
FL255,FL,255,!due
FL255,FL,255,#dun
FL256,FL,256,!due
FL256,FL,256,*dun
FL256,FL,256,#dun
FL257,FL,257,!due
FL257,FL,257,*dun
FL257,FL,257,#dun
FL258,FL,258,#dun
FL259,FL,259,!due
FL259,FL,259,*did
FL259,FL,259,#dun
FL260,FL,260,!due
FL260,FL,260,*did
FL260,FL,260,*dun
FL260,FL,260,#did
FL261,FL,261,!due
FL261,FL,261,*did
FL261,FL,261,#dun
FL262,FL,262,!due
FL262,FL,262,*dun
FL262,FL,262,#dun
FL263,FL,263,!due
FL263,FL,263,*did
FL263,FL,263,#dun
FL264,FL,264,!due
FL264,FL,264,*did
FL264,FL,264,#dun
FL265,FL,265,!due
FL265,FL,265,*did
FL265,FL,265,*dun
FL265,FL,265,#dun
FL266,FL,266,!due
FL266,FL,266,*did
FL266,FL,266,#dun
FL267,FL,267,!due
FL267,FL,267,@dueN=14
FL267,FL,267,*did
FL267,FL,267,*dun
FL268,FL,268,!due
FL268,FL,268,*did
FL268,FL,268,#dun
FL269,FL,269,!due
FL269,FL,269,!dew
FL269,FL,269,*did
FL269,FL,269,*dun
FL269,FL,269,#dun
FL270,FL,270,!due
FL270,FL,270,*did
FL270,FL,270,#dun
FL271,FL,271,!due
FL271,FL,271,*did
FL271,FL,271,#dun
FL272,FL,272,!due
FL272,FL,272,*did
FL272,FL,272,#dun
FL273,FL,273,!due
FL273,FL,273,#dun
FL274,FL,274,!due
FL274,FL,274,*did
FL274,FL,274,#dun
FL275,FL,275,!due
FL275,FL,275,*did
FL275,FL,275,#dun
FL276,FL,276,!due
FL276,FL,276,#dun
FL277,FL,277,#dun
FL278,FL,278,!due
FL278,FL,278,&duz
FL278,FL,278,*did
FL278,FL,278,#dun
FL279,FL,279,!due
FL279,FL,279,*did
FL279,FL,279,#dun
FL280,FL,280,!due
FL280,FL,280,*did
FL281,FL,281,!due
FL281,FL,281,*did
FL281,FL,281,#dun
FL282,FL,282,-
FL283,FL,283,!due
FL283,FL,283,#dun
FL283,FL,283,#did
FL284,FL,284,*did
FL284,FL,284,#dun
FL285,FL,285,-
FL286,FL,286,!due
FL286,FL,286,*did
FL286,FL,286,#dun
FL287,FL,287,!due
FL287,FL,287,*did
FL287,FL,287,#dun
FL288,FL,288,!due
FL288,FL,288,*did
FL288,FL,288,*dun
FL288,FL,288,#dun
FL289,FL,289,!due
FL289,FL,289,#dun
TN290,TN,290,*dun
TN291,TN,291,!dew
TN291,TN,291,*did
TN291,TN,291,#dun
TN292,TN,292,!due
TN292,TN,292,*dun
TN293,TN,293,!due
TN293,TN,293,&duz
TN293,TN,293,*did
TN293,TN,293,#dun
TN294,TN,294,!due
TN294,TN,294,*did
TN294,TN,294,#dun
TN295,TN,295,!due
TN295,TN,295,*did
TN295,TN,295,*dun
TN295,TN,295,#dun
TN296,TN,296,-
TN297,TN,297,!due
TN297,TN,297,*did
TN297,TN,297,#dun
TN298,TN,298,!due
TN298,TN,298,*did
TN298,TN,298,*dun
TN298,TN,298,#dun
TN299,TN,299,-
TN300,TN,300,*did
TN300,TN,300,#dun
TN301,TN,301,*dun
TN302,TN,302,!doo
TN302,TN,302,*did
TN302,TN,302,#du[n]
TN303,TN,303,!due
TN303,TN,303,*dun
TN303,TN,303,#dun
TN303,TN,303,#did
TN304,TN,304,!due
TN304,TN,304,*dun
TN304,TN,304,#dun
TN305,TN,305,!due
TN306,TN,306,!due
TN306,TN,306,*did
TN306,TN,306,*dun
TN307,TN,307,!due
TN307,TN,307,*dun
TN308,TN,308,!due
TN308,TN,308,*did
TN309,TN,309,&due
TN309,TN,309,*did
TN310,TN,310,!due
TN310,TN,310,*did
TN310,TN,310,#dun
TN311,TN,311,!due
TN312,TN,312,!due
TN312,TN,312,*did
TN312,TN,312,#dun
TN313,TN,313,!due
TN313,TN,313,*did
TN314,TN,314,!due
TN314,TN,314,*did
TN314,TN,314,#dun
TN315,TN,315,!due
TN315,TN,315,*dun
TN315,TN,315,#dun
TN316,TN,316,!due
TN316,TN,316,*did
TN316,TN,316,*dun
TN316,TN,316,#did
TN317,TN,317,!due
TN317,TN,317,*did
TN317,TN,317,*dun
TN317,TN,317,#dun
TN318,TN,318,!due
TN318,TN,318,*dun
TN318,TN,318,#dun
TN319,TN,319,-
TN320,TN,320,!due
TN320,TN,320,*did
TN321,TN,321,!due
TN322,TN,322,!due
TN322,TN,322,*did
TN322,TN,322,#dun
TN323,TN,323,!due
TN323,TN,323,&duz
TN323,TN,323,*did
TN323,TN,323,#dun
TN324,TN,324,!due
TN324,TN,324,&duz
TN324,TN,324,*did
TN324,TN,324,#dun
TN325,TN,325,!due
TN325,TN,325,*did
TN325,TN,325,#dun
TN326,TN,326,!due
TN326,TN,326,*did
TN326,TN,326,*dun
TN326,TN,326,#dun
TN327,TN,327,!due
TN327,TN,327,*did
TN327,TN,327,#dun
TN328,TN,328,!due
TN328,TN,328,*did
TN328,TN,328,#dun
TN329,TN,329,!due
TN329,TN,329,*did
TN329,TN,329,#dun
TN330,TN,330,!due
TN330,TN,330,*dun
TN330,TN,330,#dun
TN331,TN,331,!doo
TN331,TN,331,*did
TN331,TN,331,#dun
TN332,TN,332,!due
TN332,TN,332,*did
TN332,TN,332,*dun
TN332,TN,332,#dun
TN333,TN,333,!duz
TN333,TN,333,*did
TN333,TN,333,*dun
TN334,TN,334,!due
TN334,TN,334,*did
TN334,TN,334,#dun
TN335,TN,335,*did
TN336,TN,336,!due
TN336,TN,336,*did
TN336,TN,336,*dun
TN336,TN,336,#dun
AL337,AL,337,*did
AL338,AL,338,!due
AL338,AL,338,*did
AL338,AL,338,#dun
AL339,AL,339,!due
AL339,AL,339,#dun
AL340,AL,340,!due
AL340,AL,340,*did
AL340,AL,340,*dun
AL340,AL,340,#dun
AL341,AL,341,!due
AL341,AL,341,#dun
AL342,AL,342,!dew
AL342,AL,342,*did
AL342,AL,342,#dun
AL343,AL,343,!due
AL343,AL,343,*did
AL344,AL,344,!due
AL344,AL,344,*did
AL344,AL,344,*dun
AL344,AL,344,#dun
AL345,AL,345,!due
AL345,AL,345,*did
AL345,AL,345,#dun
AL346,AL,346,!due
AL346,AL,346,#dun
AL347,AL,347,!due
AL347,AL,347,*did
AL347,AL,347,#dun
AL348,AL,348,!due
AL348,AL,348,*did
AL348,AL,348,*dun
AL348,AL,348,#dun
AL349,AL,349,!due
AL349,AL,349,*did
AL349,AL,349,*dun
AL349,AL,349,#dun
AL350,AL,350,*did
AL351,AL,351,!due
AL351,AL,351,*did
AL352,AL,352,!due
AL352,AL,352,@dueNG=14
AL352,AL,352,*did
AL352,AL,352,#dun
AL353,AL,353,!due
AL353,AL,353,*did
AL353,AL,353,#dun
AL354,AL,354,!due
AL354,AL,354,!dew
AL354,AL,354,#dun
AL355,AL,355,!due
AL355,AL,355,*did
AL356,AL,356,!due
AL356,AL,356,*did
AL356,AL,356,#dun
AL357,AL,357,!due
AL357,AL,357,*did
AL357,AL,357,#dun
AL358,AL,358,!due
AL358,AL,358,*did
AL358,AL,358,#dun
AL359,AL,359,!due
AL359,AL,359,*did
AL359,AL,359,*dun
AL359,AL,359,#dun
AL360,AL,360,!due
AL360,AL,360,*did
AL360,AL,360,#dun
AL361,AL,361,!due
AL361,AL,361,*did
AL361,AL,361,#dun
AL362,AL,362,*did
AL363,AL,363,!due
AL363,AL,363,*did
AL363,AL,363,#dun
AL363,AL,363,#did
AL364,AL,364,!dew
AL364,AL,364,*did
AL365,AL,365,!due
AL365,AL,365,*did
AL365,AL,365,*dun
AL366,AL,366,!due
AL366,AL,366,*did
AL367,AL,367,!due
AL367,AL,367,*did
AL367,AL,367,*dun
AL367,AL,367,#dun
AL368,AL,368,!due
AL368,AL,368,*did
AL369,AL,369,!due
AL369,AL,369,*did
AL369,AL,369,#dun
AL370,AL,370,!due
AL370,AL,370,*dun
AL371,AL,371,!due
AL371,AL,371,#dun
AL372,AL,372,!due
AL372,AL,372,*did
AL373,AL,373,!dew
AL373,AL,373,&du(z)
AL373,AL,373,*did
AL373,AL,373,#dun
AL374,AL,374,!due
AL374,AL,374,*did
AL374,AL,374,#dun
AL375,AL,375,!due
AL376,AL,376,!due
AL377,AL,377,!due
AL377,AL,377,*dued
AL377,AL,377,*duez
AL378,AL,378,!due
AL378,AL,378,*did
AL379,AL,379,!due
AL379,AL,379,*did
AL379,AL,379,#dun
AL380,AL,380,!due
AL380,AL,380,*did
AL380,AL,380,#dun
AL381,AL,381,!due
AL381,AL,381,*did
AL381,AL,381,#dun
AL382,AL,382,!due
AL382,AL,382,*did
AL382,AL,382,#dun
AL383,AL,383,!due
AL383,AL,383,*did
AL383,AL,383,#dun
AL384,AL,384,!due
AL384,AL,384,*did
AL384,AL,384,#dun
AL385,AL,385,#dun
AL386,AL,386,!due
AL386,AL,386,*did
AL386,AL,386,#dun
AL387,AL,387,!due
AL387,AL,387,*did
AL387,AL,387,#dun
AL388,AL,388,!due
AL388,AL,388,*did
AL388,AL,388,*dun
AL388,AL,388,#dun
AL389,AL,389,!due
AL389,AL,389,*did
AL389,AL,389,#dun
AL390,AL,390,!due
AL390,AL,390,*did
AL390,AL,390,#dun
AL391,AL,391,!due
AL391,AL,391,*did
AL391,AL,391,#dun
AL392,AL,392,!due
AL392,AL,392,*did
AL392,AL,392,*dun
AL392,AL,392,#dun
AL393,AL,393,!due
AL393,AL,393,*did
AL393,AL,393,*dun
AL393,AL,393,#dun
AL394,AL,394,*did
AL395,AL,395,!due
AL395,AL,395,*did
AL395,AL,395,#dun
AL396,AL,396,!due
AL397,AL,397,!due
AL397,AL,397,*did
AL397,AL,397,*dun
AL397,AL,397,#dun
AL398,AL,398,!due
AL398,AL,398,*did
AL398,AL,398,#dun
AL399,AL,399,!due
AL399,AL,399,*did
AL399,AL,399,*dun
AL399,AL,399,#dun
AL399,AL,399,#did
AL400,AL,400,!due
AL400,AL,400,*did
AL400,AL,400,*dun
AL401,AL,401,!due
AL401,AL,401,*did
AL401,AL,401,#dun
AL402,AL,402,!due
AL402,AL,402,*did
AL402,AL,402,*dun
AL403,AL,403,!due
AL403,AL,403,*did
AL403,AL,403,#dun
AL404,AL,404,!due
AL404,AL,404,*did
AL404,AL,404,#dun
AL405,AL,405,!due
AL405,AL,405,!dew
AL405,AL,405,*did
AL405,AL,405,#dun
AL406,AL,406,*did
AL406,AL,406,#dun
AL407,AL,407,!due
AL407,AL,407,!dew
AL407,AL,407,*did
AL407,AL,407,*dun
AL407,AL,407,#dun
AL408,AL,408,!due
AL408,AL,408,*did
AL408,AL,408,*dun
AL409,AL,409,!due
AL409,AL,409,*did
AL409,AL,409,#dun
AL410,AL,410,!due
AL410,AL,410,*did
AL410,AL,410,#did
AL411,AL,411,!due
AL411,AL,411,*dun
AL411,AL,411,#dun
AL412,AL,412,!due
AL412,AL,412,!dew
AL412,AL,412,*did
AL412,AL,412,#dun
AL412,AL,412,#don
AL413,AL,413,*dun
AL414,AL,414,!due
AL414,AL,414,*did
AL414,AL,414,#dun
AL415,AL,415,!due
AL415,AL,415,*did
AL415,AL,415,*dun
AL415,AL,415,#did
AL416,AL,416,!due
AL416,AL,416,#dun
AL417,AL,417,!due
AL417,AL,417,*did
AL417,AL,417,#dun
AL418,AL,418,!due
AL418,AL,418,*did
AL418,AL,418,#dun
AL419,AL,419,!due
AL419,AL,419,*did
AL419,AL,419,#dun
AL420,AL,420,!due
AL420,AL,420,*dun
AL421,AL,421,!due
AL421,AL,421,*did
AL421,AL,421,#dun
AL422,AL,422,!due
AL423,AL,423,!due
AL423,AL,423,*did
AL423,AL,423,#dun
AL424,AL,424,!due
AL424,AL,424,*did
AL424,AL,424,#dun
AL425,AL,425,#dun
AL426,AL,426,!due
AL426,AL,426,!duz
AL426,AL,426,*did
AL427,AL,427,!due
AL427,AL,427,*did
AL427,AL,427,#dun
AL428,AL,428,!due
AL428,AL,428,*did
AL428,AL,428,#dun
AL428,AL,428,#du[n]
AL429,AL,429,!due
AL429,AL,429,*did
AL429,AL,429,#dun
AL430,AL,430,-
AL431,AL,431,*dun
AL431,AL,431,#dun
AL432,AL,432,!due
AL432,AL,432,*did
AL432,AL,432,#did
AL433,AL,433,!due
AL433,AL,433,*did
AL433,AL,433,#dun
AL434,AL,434,!due
AL434,AL,434,*did
AL434,AL,434,*dun
AL434,AL,434,#dun
AL435,AL,435,!due
AL435,AL,435,*did
AL435,AL,435,#dun
AL436,AL,436,!due
AL436,AL,436,*did
AL436,AL,436,*dun
AL436,AL,436,#dun
AL436,AL,436,#did
AL437,AL,437,!due
AL437,AL,437,*did
AL437,AL,437,#dun
AL438,AL,438,!due
AL438,AL,438,*did
AL438,AL,438,*dun
AL438,AL,438,#did
AL439,AL,439,!due
AL439,AL,439,*did
AL439,AL,439,#dun
AL440,AL,440,!due
AL440,AL,440,*did
AL440,AL,440,#dun
AL441,AL,441,!due
AL441,AL,441,*did
AL441,AL,441,#dun
AL442,AL,442,!doo
AL442,AL,442,*did
AL442,AL,442,*dun
AL442,AL,442,#dun
AL443,AL,443,!due
AL443,AL,443,@dueN=14
AL443,AL,443,*did
AL443,AL,443,#dun
AL444,AL,444,!due
AL444,AL,444,#dun
AL445,AL,445,!due
AL445,AL,445,*did
AL445,AL,445,#dun
AL446,AL,446,!due
AL446,AL,446,*did
AL446,AL,446,*dun
AL446,AL,446,#dun
AL447,AL,447,!due
AL447,AL,447,*did
AL447,AL,447,*dun
AL447,AL,447,#dun
AL448,AL,448,!due
AL448,AL,448,#dun
AL449,AL,449,!due
AL450,AL,450,!due
AL450,AL,450,*did
AL451,AL,451,!due
AL451,AL,451,*dun
AL451,AL,451,#dun
FL452,FL,452,!due
FL452,FL,452,*did
FL452,FL,452,#dun
FL453,FL,453,!due
FL453,FL,453,*did
FL453,FL,453,#dun
FL453,FL,453,#did
FL454,FL,454,*dun
FL455,FL,455,-
FL456,FL,456,*did
FL456,FL,456,#dun
FL457,FL,457,!due
FL457,FL,457,*did
FL457,FL,457,#dun
FL458,FL,458,*did
FL458,FL,458,#dun
FL459,FL,459,*did
FL459,FL,459,#did
FL460,FL,460,!due
FL460,FL,460,*did
FL460,FL,460,*dun
FL460,FL,460,#dun
FL461,FL,461,-
FL462,FL,462,!due
FL462,FL,462,*did
FL462,FL,462,*dun
FL462,FL,462,#dun
FL463,FL,463,!due
FL463,FL,463,*did
FL464,FL,464,!due
FL464,FL,464,*dun
FL464,FL,464,#dun
FL465,FL,465,!due
FL465,FL,465,#did
FL466,FL,466,!due
FL466,FL,466,*did
FL466,FL,466,*dun
FL466,FL,466,#dun
FL467,FL,467,!due
FL467,FL,467,*dun
FL467,FL,467,#dun
FL468,FL,468,!due
FL468,FL,468,*did
FL468,FL,468,#dun
FL469,FL,469,*dun
FL469,FL,469,#dun
FL470,FL,470,!due
FL470,FL,470,*dun
FL470,FL,470,#dun
FL471,FL,471,!due
FL471,FL,471,*did
AL472,AL,472,!due
AL472,AL,472,*did
AL472,AL,472,*dun
AL473,AL,473,!due
AL473,AL,473,*did
AL473,AL,473,*dun
AL473,AL,473,#dun
AL474,AL,474,!due
AL474,AL,474,*did
AL474,AL,474,#dun
AL475,AL,475,!due
AL475,AL,475,!dew
AL475,AL,475,*did
AL475,AL,475,#dun
AL476,AL,476,!due
AL476,AL,476,*did
AL476,AL,476,#dun
AL477,AL,477,!due
AL477,AL,477,*did
AL477,AL,477,#did
AL478,AL,478,!due
AL478,AL,478,*did
AL479,AL,479,*did
AL480,AL,480,!dew
AL480,AL,480,*did
AL480,AL,480,#dun
AL481,AL,481,!due
AL481,AL,481,*did
AL481,AL,481,#dun
AL482,AL,482,!due
AL482,AL,482,*dun
AL483,AL,483,!due
AL483,AL,483,*did
AL483,AL,483,#dun
AL484,AL,484,!due
AL484,AL,484,*did
AL484,AL,484,#dun
AL485,AL,485,!due
AL485,AL,485,*did
AL485,AL,485,#dun
TN486,TN,486,!due
TN486,TN,486,*did
TN486,TN,486,*dun
TN486,TN,486,#dun
TN487,TN,487,!due
TN487,TN,487,*did
TN488,TN,488,!due
TN488,TN,488,#dun
TN489,TN,489,*dun
TN489,TN,489,#dun
TN490,TN,490,!due
TN490,TN,490,*did
TN490,TN,490,#dun
TN491,TN,491,!due
TN491,TN,491,*dun
TN492,TN,492,!due
TN492,TN,492,*did
TN492,TN,492,*dun
TN492,TN,492,#dun
TN493,TN,493,*dun
TN494,TN,494,!due
TN494,TN,494,*did
TN495,TN,495,*dun
TN495,TN,495,#did
TN496,TN,496,!due
TN496,TN,496,*did
TN496,TN,496,#dun
TN497,TN,497,!due
TN497,TN,497,*did
TN497,TN,497,*dun
TN497,TN,497,#dun
TN498,TN,498,!due
TN498,TN,498,*did
TN499,TN,499,-
TN500,TN,500,!due
TN500,TN,500,*did
TN500,TN,500,*dun
TN501,TN,501,!due
TN501,TN,501,*did
TN501,TN,501,#dun
TN502,TN,502,!due
TN502,TN,502,*dun
TN502,TN,502,#did
TN503,TN,503,!due
TN503,TN,503,*dun
TN503,TN,503,#dun
TN504,TN,504,!due
TN504,TN,504,*did
TN504,TN,504,#dun
TN505,TN,505,!due
TN505,TN,505,*did
TN505,TN,505,#dun
TN505,TN,505,#did
TN506,TN,506,!due
TN506,TN,506,*did
TN506,TN,506,*dun
TN506,TN,506,#dun
TN507,TN,507,*dun
TN507,TN,507,#dun
TN507,TN,507,#did
TN508,TN,508,*did
TN509,TN,509,*dun
TN509,TN,509,#dun
TN510,TN,510,!due
TN510,TN,510,*did
TN510,TN,510,#dun
TN511,TN,511,-
TN512,TN,512,!due
TN512,TN,512,*did
TN512,TN,512,#dun
TN512,TN,512,#did
TN513,TN,513,!due
TN513,TN,513,*did
TN513,TN,513,#dun
TN514,TN,514,!due
TN514,TN,514,#dun
TN515,TN,515,!due
TN515,TN,515,*did
TN515,TN,515,#dun
TN516,TN,516,!due
TN516,TN,516,*did
TN516,TN,516,#dun
TN517,TN,517,!due
TN517,TN,517,*did
TN517,TN,517,#dun
TN518,TN,518,!due
TN518,TN,518,#dun
TN519,TN,519,!due
TN519,TN,519,*did
TN519,TN,519,#dun
MS520,MS,520,-
MS521,MS,521,-
MS522,MS,522,!due
MS522,MS,522,*did
MS522,MS,522,#dun
MS523,MS,523,!due
MS524,MS,524,!due
MS524,MS,524,*did
MS524,MS,524,#dun
MS525,MS,525,*dun
MS526,MS,526,-
MS527,MS,527,!due
MS527,MS,527,*did
MS528,MS,528,!due
MS528,MS,528,*did
MS528,MS,528,#dun
MS529,MS,529,!due
MS529,MS,529,*dun
MS530,MS,530,*did
MS531,MS,531,!due
MS531,MS,531,*did
MS531,MS,531,*dun
MS531,MS,531,#dun
MS532,MS,532,!due
MS532,MS,532,*dun
MS532,MS,532,#dun
MS533,MS,533,!due
MS533,MS,533,*did
MS533,MS,533,*dun
MS533,MS,533,#dun
MS534,MS,534,!due
MS534,MS,534,&duz
MS534,MS,534,*did
MS534,MS,534,*dun
MS535,MS,535,!dew
MS535,MS,535,*did
MS535,MS,535,*dun
MS535,MS,535,#dun
MS536,MS,536,!due
MS536,MS,536,*did
MS536,MS,536,*dun
MS537,MS,537,!due
MS537,MS,537,*did
MS537,MS,537,#did
MS538,MS,538,!due
MS538,MS,538,*did
MS538,MS,538,#dun
MS539,MS,539,!due
MS539,MS,539,*did
MS539,MS,539,*dun
MS539,MS,539,#dun
MS540,MS,540,!due
MS540,MS,540,*did
MS540,MS,540,*dun
MS541,MS,541,!due
MS541,MS,541,*did
MS541,MS,541,#dun
MS542,MS,542,!due
MS542,MS,542,*did
MS542,MS,542,*dun
MS543,MS,543,!due
MS543,MS,543,*did
MS543,MS,543,*dun
MS543,MS,543,#did
MS544,MS,544,!due
MS544,MS,544,*did
MS544,MS,544,#dun
MS545,MS,545,!due
MS545,MS,545,#dun
MS546,MS,546,!dew
MS546,MS,546,*did
MS546,MS,546,#dun
MS547,MS,547,!due
MS547,MS,547,*did
MS547,MS,547,#dun
MS548,MS,548,!due
MS548,MS,548,*did
MS548,MS,548,*dun
MS548,MS,548,#dun
MS549,MS,549,!due
MS549,MS,549,*did
MS549,MS,549,#dun
MS550,MS,550,!due
MS550,MS,550,*did
MS551,MS,551,!due
MS551,MS,551,*did
MS551,MS,551,#dun
MS552,MS,552,!due
MS552,MS,552,#dun
MS553,MS,553,!due
MS553,MS,553,*did
MS553,MS,553,#dun
MS554,MS,554,!due
MS554,MS,554,*did
MS554,MS,554,*dun
MS554,MS,554,#dun
MS555,MS,555,!due
MS555,MS,555,*did
MS555,MS,555,*dun
MS556,MS,556,*did
MS557,MS,557,!due
MS557,MS,557,*did
MS557,MS,557,*dun
MS557,MS,557,#dun
MS558,MS,558,!due
MS558,MS,558,*did
MS558,MS,558,#dun
MS559,MS,559,!due
MS559,MS,559,*did
MS559,MS,559,*dun
MS559,MS,559,#dun
MS560,MS,560,!due
MS560,MS,560,*did
MS560,MS,560,*dun
MS561,MS,561,!due
MS561,MS,561,*did
MS561,MS,561,*dun
MS561,MS,561,#dun
MS561,MS,561,#did
MS562,MS,562,!due
MS562,MS,562,*did
MS562,MS,562,#dun
MS563,MS,563,!due
MS563,MS,563,*did
MS563,MS,563,#dun
MS564,MS,564,!due
MS564,MS,564,*did
MS564,MS,564,*dit
MS564,MS,564,#dun
MS565,MS,565,!due
MS565,MS,565,*did
MS565,MS,565,*dun
MS565,MS,565,#dun
MS566,MS,566,!due
MS566,MS,566,*did
MS567,MS,567,!due
MS567,MS,567,*did
MS567,MS,567,#dun
MS568,MS,568,!due
MS568,MS,568,*did
MS568,MS,568,#dun
MS569,MS,569,!due
MS569,MS,569,*did
MS569,MS,569,*dun
MS570,MS,570,!due
MS570,MS,570,*did
MS570,MS,570,*dun
MS571,MS,571,!due
MS571,MS,571,*did
MS571,MS,571,*dun
MS572,MS,572,!due
MS572,MS,572,*did
MS572,MS,572,*dun
MS572,MS,572,#dun
MS573,MS,573,!due
MS573,MS,573,*did
MS573,MS,573,#dun
MS573,MS,573,#did
MS574,MS,574,*dun
MS574,MS,574,#dun
MS575,MS,575,!due
MS575,MS,575,*did
MS575,MS,575,#dun
MS576,MS,576,!due
MS576,MS,576,*dun
MS577,MS,577,*did
MS577,MS,577,#did
MS578,MS,578,*dun
MS579,MS,579,-
MS580,MS,580,!due
MS580,MS,580,*did
MS580,MS,580,#did
MS581,MS,581,!due
MS581,MS,581,@dueN=14
MS581,MS,581,*did
MS581,MS,581,#dun
MS582,MS,582,!due
MS582,MS,582,*did
MS582,MS,582,#dun
MS583,MS,583,*did
MS583,MS,583,*dun
MS584,MS,584,*did
MS585,MS,585,!due
MS585,MS,585,*did
MS585,MS,585,*dun
MS585,MS,585,#did
MS586,MS,586,!due
MS586,MS,586,*did
MS587,MS,587,!due
MS587,MS,587,*did
MS587,MS,587,*dun
MS587,MS,587,#dun
MS587,MS,587,#did
MS588,MS,588,!due
MS588,MS,588,*did
MS588,MS,588,*dun
MS588,MS,588,#dun
MS589,MS,589,!due
MS589,MS,589,*did
MS589,MS,589,*deed
MS589,MS,589,*du[n]
MS589,MS,589,#dun
MS590,MS,590,!due
MS590,MS,590,#dun
MS591,MS,591,!due
MS591,MS,591,*did
MS591,MS,591,#dun
MS592,MS,592,!due
MS592,MS,592,*did
MS592,MS,592,#dun
MS593,MS,593,!due
MS593,MS,593,*dun
MS593,MS,593,#dun
MS593,MS,593,#did
MS594,MS,594,*did
MS594,MS,594,#did
MS595,MS,595,-
MS596,MS,596,!due
MS596,MS,596,*deed
MS596,MS,596,*dun
MS596,MS,596,#dun
MS597,MS,597,!due
MS597,MS,597,*did
MS597,MS,597,*dun
MS598,MS,598,!due
MS598,MS,598,@dueN=14
MS598,MS,598,*did
MS598,MS,598,#dun
MS599,MS,599,!due
MS599,MS,599,*did
MS599,MS,599,#dun
MS600,MS,600,!due
MS600,MS,600,*did
MS600,MS,600,*di(d)
MS600,MS,600,*dun
MS600,MS,600,#did
MS601,MS,601,!due
MS601,MS,601,*did
MS601,MS,601,#dun
MS602,MS,602,!due
MS602,MS,602,*did
MS602,MS,602,#did
MS603,MS,603,!dew
MS603,MS,603,*did
MS603,MS,603,#dun
MS604,MS,604,!dew
MS604,MS,604,*dun
MS605,MS,605,!due
MS605,MS,605,*did
MS605,MS,605,*dun
MS605,MS,605,#dun
MS606,MS,606,!due
MS606,MS,606,*did
MS606,MS,606,*dun
MS606,MS,606,#dun
MS607,MS,607,!due
MS607,MS,607,*did
MS607,MS,607,*dun
MS608,MS,608,!due
MS608,MS,608,*did
MS608,MS,608,*dun
MS608,MS,608,#dun
MS609,MS,609,!due
MS609,MS,609,*did
MS609,MS,609,*du[n]
MS609,MS,609,#did
MS610,MS,610,!due
MS610,MS,610,*did
MS610,MS,610,#dun
MS610,MS,610,#did
MS611,MS,611,!due
MS611,MS,611,*did
MS611,MS,611,#dun
MS612,MS,612,!due
MS612,MS,612,*did
MS612,MS,612,#did
MS613,MS,613,!due
MS613,MS,613,#dun
MS614,MS,614,!due
MS614,MS,614,*did
MS614,MS,614,#dun
MS615,MS,615,!due
MS616,MS,616,!due
MS616,MS,616,*did
MS616,MS,616,*dun
MS616,MS,616,#dun
MS617,MS,617,!dew
MS617,MS,617,*did
MS617,MS,617,*dun
MS617,MS,617,#dun
MS618,MS,618,!due
MS618,MS,618,*did
MS618,MS,618,#dun
MS619,MS,619,!due
MS619,MS,619,*dun
MS619,MS,619,#dun
MS620,MS,620,!dew
MS620,MS,620,*dun
MS620,MS,620,#dun
MS621,MS,621,!due
MS621,MS,621,!dew
MS621,MS,621,*dun
MS621,MS,621,#dun
MS621,MS,621,#did
MS622,MS,622,!due
MS622,MS,622,*did
MS622,MS,622,#dun
MS622,MS,622,#did
MS623,MS,623,!due
MS623,MS,623,*did
MS623,MS,623,#dun
MS624,MS,624,!due
MS624,MS,624,*did
MS624,MS,624,#dun
MS625,MS,625,!due
MS625,MS,625,*did
MS625,MS,625,*dun
MS625,MS,625,#dun
MS626,MS,626,!due
MS626,MS,626,*did
MS626,MS,626,#dun
MS627,MS,627,!due
MS627,MS,627,*did
MS627,MS,627,*dun
MS628,MS,628,!due
MS628,MS,628,*did
MS629,MS,629,!due
MS629,MS,629,*did
MS629,MS,629,*dun
LA630,LA,630,!due
LA630,LA,630,*did
LA630,LA,630,*dun
LA631,LA,631,!due
LA631,LA,631,*did
LA631,LA,631,#dun
LA632,LA,632,!due
LA632,LA,632,*did
LA632,LA,632,*dun
LA632,LA,632,#dun
LA633,LA,633,!due
LA633,LA,633,*dun
LA633,LA,633,#dun
LA633,LA,633,#did
LA634,LA,634,!due
LA634,LA,634,*did
LA634,LA,634,*dun
LA634,LA,634,#dun
LA635,LA,635,-
LA636,LA,636,!due
LA636,LA,636,*did
LA636,LA,636,*dun
LA636,LA,636,#dun
LA637,LA,637,!due
LA637,LA,637,*did
LA637,LA,637,*dun
LA637,LA,637,#dun
LA638,LA,638,!due
LA638,LA,638,*did
LA638,LA,638,*dun
LA638,LA,638,#dun
LA639,LA,639,*dun
LA640,LA,640,!due
LA640,LA,640,*did
LA640,LA,640,#did
LA641,LA,641,!due
LA641,LA,641,*did
LA641,LA,641,#dun
LA642,LA,642,!due
LA642,LA,642,*did
LA642,LA,642,*dun
LA642,LA,642,#dun
LA643,LA,643,!due
LA643,LA,643,*did
LA643,LA,643,#dun
LA644,LA,644,!due
LA644,LA,644,#dun
LA645,LA,645,!due
LA645,LA,645,*did
LA645,LA,645,#dun
LA646,LA,646,!due
LA646,LA,646,*did
LA646,LA,646,*dun
LA646,LA,646,#dun
LA647,LA,647,!due
LA647,LA,647,*did
LA647,LA,647,#dun
LA648,LA,648,-
LA649,LA,649,-
LA650,LA,650,!due
LA651,LA,651,!due
LA651,LA,651,*dun
LA651,LA,651,#dun
LA652,LA,652,!due
LA652,LA,652,*did
LA653,LA,653,!due
LA653,LA,653,*did
LA653,LA,653,*dun
LA653,LA,653,#dun
LA654,LA,654,!due
LA654,LA,654,#did
LA655,LA,655,*did
LA655,LA,655,#dun
LA656,LA,656,!due
LA656,LA,656,*did
LA656,LA,656,#dun
LA657,LA,657,*did
LA657,LA,657,#dun
LA657X,LA,657X,!due
LA657X,LA,657X,*did
LA657X,LA,657X,#dun
LA657Y,LA,657Y,!due
LA657Y,LA,657Y,*did
LA657Z,LA,657Z,!due
LA657Z,LA,657Z,*did
LA657Z,LA,657Z,#dun
LA658,LA,658,!due
LA658,LA,658,*dun
LA658,LA,658,#dun
LA659,LA,659,!due
LA659,LA,659,*did
LA659,LA,659,#dun
LA660,LA,660,!due
LA660,LA,660,#did
LA661,LA,661,!due
LA661,LA,661,&duz
LA661,LA,661,*did
LA661,LA,661,#dun
LA662,LA,662,#dun
LA663,LA,663,!due
LA663,LA,663,@dueN=14
LA663,LA,663,#dun
LA664,LA,664,!due
LA664,LA,664,*did
LA664,LA,664,*dun
LA665,LA,665,!due
LA665,LA,665,*did
LA665,LA,665,*dun
LA665,LA,665,#dun
LA666,LA,666,!due
LA666,LA,666,@dewN=14
LA666,LA,666,*did
LA666,LA,666,#dun
LA667,LA,667,!due
LA667,LA,667,*did
LA667,LA,667,*dun
LA667,LA,667,#dun
LA668,LA,668,!due
LA668,LA,668,*did
LA668,LA,668,#dun
LA669,LA,669,!due
LA669,LA,669,*did
LA669,LA,669,#did
LA670,LA,670,!due
LA670,LA,670,*did
LA671,LA,671,!due
LA671,LA,671,*did
LA672,LA,672,!due
LA672,LA,672,*did
LA672,LA,672,*dun
LA673,LA,673,!due
LA673,LA,673,*did
LA673,LA,673,#dun
AR674,AR,674,!due
AR674,AR,674,*dun
AR674,AR,674,#dun
AR675,AR,675,!due
AR676,AR,676,!due
AR676,AR,676,*did
AR676,AR,676,*du[n]
AR677,AR,677,!due
AR677,AR,677,*did
AR677,AR,677,#dun
AR678,AR,678,!due
AR678,AR,678,*did
AR678,AR,678,*dun
AR678,AR,678,#dun
AR679,AR,679,!due
AR679,AR,679,*did
AR679,AR,679,#dun
AR680,AR,680,!due
AR680,AR,680,*did
AR680,AR,680,#dun
AR681,AR,681,!due
AR681,AR,681,&duz
AR681,AR,681,*did
AR681,AR,681,*dun
AR681,AR,681,#dun
AR682,AR,682,!due
AR682,AR,682,*did
AR682,AR,682,*dun
AR682,AR,682,#dun
AR683,AR,683,!due
AR683,AR,683,*did
AR683,AR,683,*dun
AR684,AR,684,*did
AR684,AR,684,*dun
AR684,AR,684,#dun
AR685,AR,685,!due
AR685,AR,685,&duz
AR685,AR,685,*did
AR685,AR,685,#dun
AR686,AR,686,!due
AR686,AR,686,*did
AR686,AR,686,*dun
AR686,AR,686,#dun
AR687,AR,687,!due
AR687,AR,687,*did
AR687,AR,687,*dun
AR688,AR,688,!due
AR688,AR,688,*did
AR688,AR,688,*dun
AR689,AR,689,*dun
AR690,AR,690,*did
AR690,AR,690,*dun
AR691,AR,691,!due
AR691,AR,691,*did
AR692,AR,692,!due
AR692,AR,692,*did
AR693,AR,693,-
AR694,AR,694,!due
AR694,AR,694,*dun
AR694,AR,694,#dun
AR695,AR,695,!due
AR695,AR,695,*did
AR695,AR,695,#dun
AR696,AR,696,!due
AR696,AR,696,*did
AR696,AR,696,*dun
AR696,AR,696,#dun
AR697,AR,697,-
AR698,AR,698,!due
AR698,AR,698,*did
AR698,AR,698,*dun
AR698,AR,698,#dun
AR699,AR,699,!due
AR699,AR,699,*did
AR699,AR,699,#dun
AR700,AR,700,!due
AR700,AR,700,*did
AR700,AR,700,*dun
AR700,AR,700,#dun
AR701,AR,701,!due
AR701,AR,701,*did
AR701,AR,701,*dun
AR701,AR,701,#dun
AR702,AR,702,!due
AR702,AR,702,*did
AR702,AR,702,#dun
AR703,AR,703,!dew
AR703,AR,703,*did
AR703,AR,703,*dun
AR704,AR,704,!due
AR704,AR,704,*did
AR704,AR,704,*dun
AR705,AR,705,!due
AR705,AR,705,*did
AR705,AR,705,#dun
AR706,AR,706,!due
AR706,AR,706,*did
AR706,AR,706,*dun
AR707,AR,707,!due
AR707,AR,707,*did
AR707,AR,707,#dun
AR708,AR,708,!due
AR708,AR,708,*did
AR708,AR,708,#dun
AR709,AR,709,!due
AR709,AR,709,*did
AR709,AR,709,#dun
AR710,AR,710,!due
AR711,AR,711,#dun
AR712,AR,712,!due
AR712,AR,712,*did
AR712,AR,712,#dun
AR713,AR,713,*dun
AR713,AR,713,#dun
AR714,AR,714,!due
AR714,AR,714,*did
AR714,AR,714,*dun
AR715,AR,715,!due
AR715,AR,715,*dun
AR715,AR,715,#dun
AR716,AR,716,!due
AR716,AR,716,*did
AR716,AR,716,*dun
AR716,AR,716,#dun
AR717,AR,717,!due
AR717,AR,717,*did
AR717,AR,717,*dun
AR718,AR,718,!due
AR718,AR,718,*did
AR718,AR,718,*dun
AR718,AR,718,#dun
AR719,AR,719,!due
AR719,AR,719,*did
AR719,AR,719,#dun
AR720,AR,720,!due
AR720,AR,720,!doo
AR720,AR,720,*did
AR721,AR,721,!due
AR721,AR,721,*did
AR721,AR,721,#dun
AR722,AR,722,!due
AR723,AR,723,!due
AR723,AR,723,*did
AR723,AR,723,*dun
AR724,AR,724,-
AR725,AR,725,!due
AR725,AR,725,@dueN=14
AR725,AR,725,*did
AR725,AR,725,#dun
AR726,AR,726,!due
AR726,AR,726,!duz
AR726,AR,726,*did
AR727,AR,727,!due
AR727,AR,727,*did
AR727,AR,727,*dun
AR727,AR,727,#dun
AR728,AR,728,!due
AR728,AR,728,*dun
AR729,AR,729,*did
AR729,AR,729,#dun
AR730,AR,730,!due
AR730,AR,730,*did
AR731,AR,731,!due
AR731,AR,731,*did
AR731,AR,731,#dun
AR732,AR,732,!due
AR732,AR,732,*did
AR732,AR,732,#dun
AR733,AR,733,!due
AR733,AR,733,*did
AR733,AR,733,*dun
AR733,AR,733,#dun
AR734,AR,734,!due
AR734,AR,734,*did
AR735,AR,735,!due
AR735,AR,735,@dueNG=14
AR735,AR,735,*did
AR735,AR,735,*dun
AR735,AR,735,#dun
AR736,AR,736,!due
AR736,AR,736,*did
AR736,AR,736,*dun
AR736,AR,736,#dun
AR737,AR,737,!due
AR737,AR,737,*did
AR737,AR,737,*dun
AR737,AR,737,#dun
AR738,AR,738,!due
AR738,AR,738,*did
AR738,AR,738,#dun
AR739,AR,739,#dun
AR740,AR,740,!due
AR740,AR,740,*dun
AR741,AR,741,!due
AR741,AR,741,*did
AR741,AR,741,#dun
AR742,AR,742,!due
AR742,AR,742,*did
AR742,AR,742,#dun
AR743,AR,743,!due
AR743,AR,743,*did
AR743,AR,743,#dun
AR744,AR,744,!due
AR744,AR,744,*did
AR744,AR,744,*dun
AR744,AR,744,#dun
AR745,AR,745,*dun
AR746,AR,746,!due
AR747,AR,747,!due
AR747,AR,747,*did
AR747,AR,747,#dun
AR748,AR,748,!due
AR748,AR,748,*did
AR748,AR,748,*dun
AR748,AR,748,#dun
AR749,AR,749,*did
AR749,AR,749,#dun
AR750,AR,750,!due
AR750,AR,750,*did
AR750,AR,750,*dun
AR750,AR,750,#dun
AR751,AR,751,!due
AR751,AR,751,*did
AR751,AR,751,#dun
AR752,AR,752,!due
AR752,AR,752,*did
AR752,AR,752,*dun
AR752,AR,752,#dun
AR753,AR,753,!due
AR753,AR,753,*did
AR753,AR,753,#dun
AR754,AR,754,!due
AR754,AR,754,*did
AR754,AR,754,*dun
AR755,AR,755,!due
AR755,AR,755,*did
AR755,AR,755,#did
LA756,LA,756,!due
LA756,LA,756,*dun
LA756,LA,756,#did
LA757,LA,757,!due
LA757,LA,757,*did
LA757,LA,757,#dun
LA758,LA,758,!due
LA758,LA,758,*did
LA758,LA,758,*dun
LA758,LA,758,#dun
LA759,LA,759,!due
LA759,LA,759,*did
LA759,LA,759,#dun
LA760,LA,760,!due
LA760,LA,760,*ded
LA760,LA,760,#dun
LA761,LA,761,*did
LA761,LA,761,*due
LA761,LA,761,#did
LA762,LA,762,!due
LA762,LA,762,*did
LA762,LA,762,#dun
LA763,LA,763,!due
LA763,LA,763,!dew
LA763,LA,763,*did
LA763,LA,763,*dun
LA763,LA,763,#dun
LA764,LA,764,!due
LA764,LA,764,*dun
LA764,LA,764,#dun
LA765,LA,765,*did
LA766,LA,766,!due
LA766,LA,766,*did
LA766,LA,766,*dun
LA766,LA,766,#did
LA767,LA,767,!due
LA767,LA,767,*did
LA767,LA,767,*dun
LA767,LA,767,#dun
LA768,LA,768,-
LA769,LA,769,*did
LA770,LA,770,!due
LA770,LA,770,#dun
LA771,LA,771,!due
LA771,LA,771,*did
LA771,LA,771,*dun
LA772,LA,772,!due
LA772,LA,772,!doo
LA772,LA,772,*did
LA772,LA,772,*dun
LA772,LA,772,#dun
LA773,LA,773,!due
LA773,LA,773,*dun
LA774,LA,774,!due
LA774,LA,774,*did
LA774,LA,774,*dun
LA775,LA,775,!due
LA775,LA,775,*dun
LA775,LA,775,#dun
LA776,LA,776,!due
LA776,LA,776,&duz
LA776,LA,776,@dueN=14
LA776,LA,776,*did
LA776,LA,776,#dun
LA777,LA,777,!due
LA777,LA,777,*did
LA777,LA,777,#dun
LA778,LA,778,!due
LA778,LA,778,*did
LA778,LA,778,#dun
LA779,LA,779,!due
LA779,LA,779,*did
LA779,LA,779,#don
LA780,LA,780,!due
LA780,LA,780,*did
LA780,LA,780,#dun
LA781,LA,781,!due
LA781,LA,781,*did
LA781,LA,781,*dun
LA782,LA,782,!due
LA782,LA,782,*did
LA782,LA,782,*dun
LA782,LA,782,#dun
LA783,LA,783,!due
LA783,LA,783,*did
LA783,LA,783,*dun
LA784,LA,784,!due
LA784,LA,784,*did
LA784,LA,784,*dun
LA785,LA,785,!due
LA785,LA,785,@dueN=14
LA785,LA,785,*did
LA785,LA,785,#dun
LA786,LA,786,!due
LA786,LA,786,*did
LA786,LA,786,*dun
LA786,LA,786,#dun
LA787,LA,787,!due
LA787,LA,787,*did
LA787,LA,787,#dun
LA788,LA,788,!due
LA788,LA,788,*did
LA788,LA,788,*dun
LA789,LA,789,!due
LA789,LA,789,#did
LA790,LA,790,!due
LA790,LA,790,*did
LA790,LA,790,*dun
LA791,LA,791,!due
LA791,LA,791,*did
LA792,LA,792,!due
LA792,LA,792,*did
LA793,LA,793,*dun
LA794,LA,794,!due
LA794,LA,794,#dun
LA794,LA,794,#did
LA795,LA,795,!due
LA795,LA,795,*did
LA795,LA,795,*dun
LA795,LA,795,#did
LA796,LA,796,!due
LA796,LA,796,*did
LA797,LA,797,!due
LA797,LA,797,@dueN=14
LA797,LA,797,*did
LA797,LA,797,*dun
LA797,LA,797,#dun
LA798,LA,798,-
LA799,LA,799,*did
LA800,LA,800,!due
LA800,LA,800,*did
LA800,LA,800,*dun
LA801,LA,801,!due
LA801,LA,801,*did
LA801,LA,801,*dun
LA802,LA,802,!due
LA802,LA,802,*did
LA802,LA,802,*dun
LA802,LA,802,#dun
LA803,LA,803,!due
LA803,LA,803,*dun
LA803,LA,803,#dun
LA804,LA,804,-
LA805,LA,805,-
LA806,LA,806,-
LA807,LA,807,!due
LA807,LA,807,&duz
LA807,LA,807,*did
LA808,LA,808,!due
LA808,LA,808,*did
LA808,LA,808,*dun
LA809,LA,809,-
LA810,LA,810,!due
LA810,LA,810,*did
LA810,LA,810,*dun
LA810,LA,810,#dun
LA811,LA,811,!due
LA811,LA,811,*deed
LA811,LA,811,#dun
LA811,LA,811,#did
LA812,LA,812,!due
LA812,LA,812,*did
LA812,LA,812,*dun
LA813,LA,813,!due
LA813,LA,813,*did
LA813,LA,813,*dun
LA814,LA,814,!due
LA815,LA,815,!due
LA816,LA,816,!due
LA816,LA,816,*did
LA816,LA,816,#dun
LA817,LA,817,!due
LA817,LA,817,*did
LA817,LA,817,*dun
LA817,LA,817,#dun
TX818,TX,818,!due
TX818,TX,818,*dun
TX818,TX,818,#dun
TX819,TX,819,!due
TX819,TX,819,*dun
TX820,TX,820,!due
TX820,TX,820,&duz
TX820,TX,820,*did
TX821,TX,821,-
TX822,TX,822,!due
TX822,TX,822,*did
TX822,TX,822,#dun
TX823,TX,823,-
TX824,TX,824,!due
TX824,TX,824,!dew
TX824,TX,824,@dueing=13
TX824,TX,824,#dun
TX825,TX,825,!due
TX825,TX,825,#dun
TX826,TX,826,-
TX827,TX,827,!due
TX827,TX,827,*did
TX827,TX,827,#dun
TX828,TX,828,*did
TX829,TX,829,!due
TX829,TX,829,*dun
TX830,TX,830,!due
TX830,TX,830,&duz
TX830,TX,830,*did
TX830,TX,830,#dun
TX831,TX,831,-
TX832,TX,832,!due
TX832,TX,832,*did
TX832,TX,832,#dun
TX833,TX,833,!due
TX833,TX,833,*did
TX833,TX,833,#dun
TX834,TX,834,!due
TX834,TX,834,*did
TX834,TX,834,#dun
TX835,TX,835,*did
TX836,TX,836,!due
TX836,TX,836,*dun
TX836,TX,836,#dun
TX837,TX,837,!due
TX837,TX,837,*did
TX838,TX,838,!due
TX838,TX,838,&duz
TX838,TX,838,*did
TX838,TX,838,#dun
TX839,TX,839,!due
TX839,TX,839,*did
TX839,TX,839,*dun
TX839,TX,839,#dun
TX840,TX,840,!due
TX840,TX,840,*did
TX840,TX,840,*dun
TX840,TX,840,#dun
TX841,TX,841,*did
TX841,TX,841,*dun
TX842,TX,842,!due
TX842,TX,842,*did
TX842,TX,842,*dun
TX842,TX,842,#dun
TX842,TX,842,#did
TX843,TX,843,!due
TX843,TX,843,*did
TX843,TX,843,#dun
TX844,TX,844,!due
TX844,TX,844,*did
TX844,TX,844,#dun
TX845,TX,845,!due
TX845,TX,845,*did
TX845,TX,845,#dun
TX846,TX,846,!due
TX846,TX,846,*did
TX846,TX,846,#dun
TX847,TX,847,!due
TX847,TX,847,*did
TX847,TX,847,#dun
TX848,TX,848,!due
TX848,TX,848,*did
TX848,TX,848,#dun
TX849,TX,849,!due
TX849,TX,849,*did
TX849,TX,849,#dun
TX850,TX,850,!due
TX850,TX,850,*did
TX850,TX,850,*dun
TX850,TX,850,#dun
TX851,TX,851,!due
TX851,TX,851,*did
TX851,TX,851,*dun
TX851,TX,851,#did
TX852,TX,852,!due
TX852,TX,852,*did
TX852,TX,852,*dun
TX852,TX,852,#dun
TX853,TX,853,!due
TX853,TX,853,*did
TX853,TX,853,#dun
TX854,TX,854,!due
TX854,TX,854,*did
TX854,TX,854,#dun
TX855,TX,855,!due
TX855,TX,855,*did
TX855,TX,855,*dun
TX855,TX,855,#dun
TX856,TX,856,!due
TX856,TX,856,*did
TX856,TX,856,*dun
TX856,TX,856,#dun
TX857,TX,857,!due
TX857,TX,857,*did
TX858,TX,858,!dew
TX858,TX,858,*did
TX858,TX,858,#dun
TX859,TX,859,!due
TX859,TX,859,*did
TX859,TX,859,#dun
TX860,TX,860,*did
TX860,TX,860,#dun
TX861,TX,861,!due
TX861,TX,861,*dun
TX862,TX,862,-
TX863,TX,863,!due
TX863,TX,863,#dun
TX864,TX,864,!due
TX864,TX,864,*dun
TX865,TX,865,!due
TX865,TX,865,*did
TX865,TX,865,*dun
TX865,TX,865,#dun
TX866,TX,866,*did
TX866,TX,866,#did
TX867,TX,867,*did
TX868,TX,868,!due
TX868,TX,868,*did
TX868,TX,868,#dun
TX869,TX,869,!due
TX869,TX,869,*did
TX869,TX,869,#dun
TX870,TX,870,!dew
TX870,TX,870,*did
TX870,TX,870,#dun
TX871,TX,871,-
TX872,TX,872,!due
TX872,TX,872,*did
TX872,TX,872,#did
TX873,TX,873,!due
TX873,TX,873,*did
TX873,TX,873,*dun
TX873,TX,873,#dun
TX874,TX,874,!due
TX875,TX,875,!due
TX875,TX,875,*did
TX876,TX,876,!due
TX876,TX,876,*did
TX876,TX,876,#dun
TX877,TX,877,!due
TX877,TX,877,*did
TX877,TX,877,#dun
TX878,TX,878,!due
TX878,TX,878,*did
TX878,TX,878,#dun
TX879,TX,879,!due
TX879,TX,879,*did
TX879,TX,879,#dun
TX880,TX,880,!due
TX880,TX,880,*did
TX880,TX,880,*dun
TX880,TX,880,#dun
TX881,TX,881,!due
TX882,TX,882,!due
TX882,TX,882,*did
TX882,TX,882,*dun
TX882,TX,882,#dun
TX883,TX,883,!due
TX883,TX,883,*did
TX883,TX,883,#dun
TX884,TX,884,!due
TX884,TX,884,*did
TX885,TX,885,!due
TX886,TX,886,!due
TX886,TX,886,*did
TX887,TX,887,!due
TX887,TX,887,*did
TX887,TX,887,#dun
TX888,TX,888,!due
TX888,TX,888,*did
TX888,TX,888,#did
TX889,TX,889,!due
TX889,TX,889,*did
TX889,TX,889,#dun
TX890,TX,890,!due
TX890,TX,890,*did
TX890,TX,890,#dun
TX891,TX,891,!due
TX891,TX,891,*did
TX891,TX,891,#dun
TX892,TX,892,!due
TX892,TX,892,*did
TX892,TX,892,#dun
TX893,TX,893,!due
TX893,TX,893,*did
TX893,TX,893,#dun
TX894,TX,894,!due
TX894,TX,894,*did
TX895,TX,895,!due
TX895,TX,895,*did
TX895,TX,895,#dun
TX896,TX,896,-
TX897,TX,897,!due
TX897,TX,897,#dun
TX898,TX,898,!due
TX899,TX,899,!due
TX899,TX,899,*deed
TX899,TX,899,#dun
TX900,TX,900,-
TX901,TX,901,!due
TX901,TX,901,#dun
TX902,TX,902,!due
TX902,TX,902,*did
TX902,TX,902,#dun
TX903,TX,903,!due
TX903,TX,903,*did
TX903,TX,903,#dun
TX904,TX,904,*dun
TX905,TX,905,*did
TX906,TX,906,!due
TX906,TX,906,*did
TX906,TX,906,#dun
TX907,TX,907,!due
TX907,TX,907,*did
TX908,TX,908,!due
TX908,TX,908,#dun
TX909,TX,909,!due
TX909,TX,909,*did
TX909,TX,909,*dun
TX910,TX,910,!due
TX911,TX,911,!due
TX911,TX,911,*dun
TX911,TX,911,#dun
