Informant,State,Informant number,Response
TN001,TN,001,-
TN002,TN,002,*bIgun=41
TN003,TN,003,-
TN004,TN,004,!bIgin=41
TN005,TN,005,!bIgin=41
TN006,TN,006,-
TN007,TN,007,&bIginz=41
TN007,TN,007,*bIgan=41
TN007,TN,007,#bIgun=41
TN008,TN,008,!bIgin=41
TN009,TN,009,!bIgin=41
TN009,TN,009,*bIgin=41
TN010,TN,010,!bIgin=41
TN010,TN,010,*bIgan=41
TN010,TN,010,#bIgun=41
TN011,TN,011,*bIgun=41
TN011,TN,011,#bIgun=41
TN012,TN,012,&bIginz=41
TN012,TN,012,*bIgin=41
TN013,TN,013,!bIgin=41
TN013,TN,013,*bIgan=41
TN014,TN,014,-
TN015,TN,015,*bIgan=41
TN015,TN,015,#bIgun=41
TN016,TN,016,!bIgin=41
TN016,TN,016,*bIgen=41
TN016,TN,016,#bIgun=41
TN017,TN,017,&bIginz=41
TN017,TN,017,*bAgan=41
TN017,TN,017,#bIgun=41
TN018,TN,018,-
TN019,TN,019,!bIgin=41
TN019,TN,019,*bAgun=41
TN019,TN,019,#bAgun=41
TN020,TN,020,*bIgan=41
TN021,TN,021,-
TN022,TN,022,!bIgin=41
TN022,TN,022,*bIgan=41
TN022,TN,022,#bIgun=41
TN023,TN,023,!bIgin=41
TN023,TN,023,*bIgin=41
TN023,TN,023,*(bI)gin
TN024,TN,024,!bIgin=41
TN024,TN,024,*bIgan=41
TN024,TN,024,#bIgun=41
TN025,TN,025,*bAgin=41
TN026,TN,026,-
TN027,TN,027,!bIgin=41
TN027,TN,027,*bIgan=41
TN027,TN,027,#bIgun=41
TN028,TN,028,!bIgin=41
TN028,TN,028,*bIgan=41
TN028,TN,028,#bIgun=41
TN029,TN,029,-
TN030,TN,030,#bAgan=41
TN031,TN,031,!bIgin=41
TN031,TN,031,*bIgan=41
TN031,TN,031,#bIgun=41
TN032,TN,032,*bIgan=41
TN032,TN,032,#bIgun=41
TN033,TN,033,!bIgin=41
TN034,TN,034,!beegin=31
TN034,TN,034,*beegan=31
TN034,TN,034,#beegon=31
TN035,TN,035,!bIgin=41
TN035,TN,035,*bIgan=41
TN035,TN,035,#bIgun=41
TN036,TN,036,&biginz=31
TN037,TN,037,!bIgin=41
TN037,TN,037,*bIgan=41
TN037,TN,037,#bIgun=41
TN038,TN,038,*bIgin=41
TN039,TN,039,!bIgin=41
TN039,TN,039,*bIgun=41
TN039,TN,039,*bIgin=41
TN039,TN,039,#bIgen=41
TN040,TN,040,!bAgin=41
TN040,TN,040,*bIgan=41
TN040,TN,040,#bIgun=41
TN041,TN,041,*bAgun=41
TN042,TN,042,*bIgan=41
TN042,TN,042,*bIgin=41
TN042,TN,042,#bIgin=41
TN043,TN,043,*bIgan=41
TN044,TN,044,-
TN045,TN,045,!bIgin=41
TN046,TN,046,*bigan=31
TN047,TN,047,-
TN048,TN,048,-
TN049,TN,049,!bIgin=41
TN049,TN,049,*bIgan=41
TN049,TN,049,#bIgun=41
TN050,TN,050,!bIgin=41
TN050,TN,050,#bIgin=41
TN051,TN,051,!bIgin=41
TN051,TN,051,*bIgan=41
TN051,TN,051,#bIgun=41
TN052,TN,052,-
TN053,TN,053,*bigin=31
TN053,TN,053,#bigin=31
TN054,TN,054,-
TN055,TN,055,!bIgeen=41
TN055,TN,055,*bIgan=41
TN055,TN,055,#bIgan=41
TN056,TN,056,!bIgen=41
TN056,TN,056,*bIgun=41
TN056,TN,056,#bIgun=41
TN057,TN,057,!bIgin=41
TN057,TN,057,*bIgan=41
TN057,TN,057,#bIgun=41
TN058,TN,058,!bigin=31
TN058,TN,058,*bIgan=41
TN058,TN,058,*bIgin=41
TN058,TN,058,#bigun=31
TN059,TN,059,-
TN060,TN,060,!bIgin=41
TN060,TN,060,*bIgin=41
TN060,TN,060,#bIgun=41
GA061,GA,061,!bIgin=41
GA062,GA,062,!bAgin=41
GA062,GA,062,*bIgen=41
GA063,GA,063,-
GA064,GA,064,*bIgin=41
GA065,GA,065,-
GA066,GA,066,*bIgin=41
GA067,GA,067,!bIgin=41
GA068,GA,068,-
GA069,GA,069,*bAgin=41
GA070,GA,070,-
GA071,GA,071,*bIgen=41
GA072,GA,072,*bIgin=41
GA073,GA,073,!bIgeen=41
GA073,GA,073,!bAgin=41
GA073,GA,073,*bIgan=41
GA073,GA,073,#bIgun=41
GA074,GA,074,-
GA075,GA,075,!bIgin=41
GA075,GA,075,*bIgan=41
GA075,GA,075,#bIgun=41
GA076,GA,076,!bIgen=41
GA077,GA,077,!b(I)gin
GA077,GA,077,&bIgi[n]z=41
GA077,GA,077,&bAgin=41
GA078,GA,078,!bIgin=41
GA078,GA,078,*bIgan=41
GA078,GA,078,#bIgun=41
GA079,GA,079,!bIgin=41
GA079,GA,079,*bIgan=41
GA079,GA,079,#bIgun=41
GA080,GA,080,-
GA081,GA,081,!bAgin=41
GA081,GA,081,*bIgun=41
GA081,GA,081,#bIgun=41
GA082,GA,082,-
GA083,GA,083,*(b)Agin=41
GA084,GA,084,!bigin=31
GA084,GA,084,*bIgin=41
GA084,GA,084,*bigin=31
GA084,GA,084,#bigin=31
GA085,GA,085,!bIgin=41
GA085,GA,085,*bIgan=41
GA085,GA,085,#bIgun=41
GA085,GA,085,#bIgan=41
GA086,GA,086,!bIgin=41
GA086,GA,086,*bIgan=41
GA086,GA,086,#bIgun=41
GA087,GA,087,!bIgin=41
GA087,GA,087,*bIgun=41
GA088,GA,088,!bIgin=41
GA088,GA,088,*bIgan=41
GA089,GA,089,!bIgin=41
GA089,GA,089,&bIginz=41
GA090,GA,090,!bIgin=41
GA090,GA,090,*bIgen=41
GA091,GA,091,!bIgan=41
GA091,GA,091,*bIgen=41
GA092,GA,092,-
GA093,GA,093,-
GA094,GA,094,*bIgan=41
GA095,GA,095,@bIginN=414
GA095,GA,095,*bIgin=41
GA096,GA,096,*bIgin=41
GA097,GA,097,!bIgin=41
GA097,GA,097,*bIgan=41
GA097,GA,097,#bIgun=41
GA098,GA,098,&bAgin=41
GA099,GA,099,*bIgen=41
GA100,GA,100,!bIgin=41
GA100,GA,100,*bIgan=41
GA100,GA,100,#bIga[n]=41
GA101,GA,101,!bIgin=41
GA101,GA,101,*bIgan=41
GA101,GA,101,#bIgun=41
GA102,GA,102,*bIgan=41
GA102,GA,102,#bIgun=41
GA103,GA,103,!bIgen=41
GA103,GA,103,*beegan=31
GA103,GA,103,#bIgun=41
GA104,GA,104,!bIgin=41
GA104,GA,104,*bIgan=41
GA104,GA,104,#bIgun=41
GA105,GA,105,!bigin=31
GA105,GA,105,*bIgan=41
GA106,GA,106,!bAgin=41
GA106,GA,106,*bAgan=41
GA106,GA,106,#bAgun=41
GA107,GA,107,-
GA108,GA,108,*bIgan=41
GA108,GA,108,#bIgan=41
GA109,GA,109,*bIgan=41
GA110,GA,110,*bIgan=41
GA111,GA,111,#bigan=31
GA112,GA,112,!bAgin=41
GA112,GA,112,*bAgun=41
GA113,GA,113,-
GA114,GA,114,-
GA115,GA,115,-
GA116,GA,116,-
GA117,GA,117,*bAgun=41
GA117,GA,117,#bAgun=41
GA118,GA,118,!bIgin=41
GA118,GA,118,*bIgan=41
GA119,GA,119,!bIgin=41
GA119,GA,119,*bIgen=41
GA120,GA,120,-
GA121,GA,121,*bIgun=41
GA122,GA,122,!bIgin=41
GA122,GA,122,@bIginN=414
GA122,GA,122,#bIgun=41
GA123,GA,123,*bIgan=41
GA124,GA,124,*bIgan=41
GA125,GA,125,-
GA126,GA,126,!bigin=31
GA126,GA,126,*bigin=31
GA126,GA,126,#bigin=31
GA127,GA,127,-
GA128,GA,128,-
GA129,GA,129,-
GA130,GA,130,-
GA131,GA,131,!bIgin=41
GA132,GA,132,-
GA133,GA,133,#bIgun=41
GA134,GA,134,-
GA135,GA,135,!bIgen=41
GA135,GA,135,*bIgin=41
GA135,GA,135,*bIgun=41
GA135,GA,135,#bIgun=41
GA136,GA,136,!bIgin=41
GA136,GA,136,*bIgan=41
GA136,GA,136,#bIgan=41
GA137,GA,137,!bIgin=41
GA137,GA,137,#bIgun=41
GA137,GA,137,#bigun=31
GA138,GA,138,!bAgin=41
GA138,GA,138,!bAgen=41
GA138,GA,138,&bAginz=41
GA139,GA,139,!bIgin=41
GA139,GA,139,@bIginN=414
GA139,GA,139,*bigan=31
GA139,GA,139,#bIgun=41
GA140,GA,140,-
GA141,GA,141,*bIgan=41
GA141,GA,141,#bIgun=41
GA142,GA,142,!bIgin=41
GA143,GA,143,!bIgin=41
GA143,GA,143,@bAginN=414
GA143,GA,143,#bIgun=41
GA144,GA,144,!bIgin=41
GA144,GA,144,*bIgan=41
GA144,GA,144,#bIgun=41
GA145,GA,145,*bigan=31
GA146,GA,146,-
GA147,GA,147,-
GA148,GA,148,*bIgen=41
GA149,GA,149,-
GA150,GA,150,-
GA151,GA,151,-
GA152,GA,152,-
GA153,GA,153,-
GA154,GA,154,*bIgin=41
GA155,GA,155,*bIgun=41
GA156,GA,156,-
GA157,GA,157,-
GA158,GA,158,-
GA159,GA,159,*bAgen=41
GA159,GA,159,*bIgun=41
GA159,GA,159,#bIgun=41
GA160,GA,160,-
GA161,GA,161,!bIgin=41
GA161,GA,161,*bIgan=41
GA161,GA,161,#bIgan=41
GA162,GA,162,*bIgen=41
GA163,GA,163,!bIgin=41
GA163,GA,163,*bIgan=41
GA163,GA,163,#bIgun=41
GA164,GA,164,!bIgin=41
GA164,GA,164,*bIgan=41
GA164,GA,164,#bIgan=41
GA165,GA,165,-
GA166,GA,166,&bIginz=41
GA166,GA,166,*bIgan=41
GA167,GA,167,!bIgin=41
GA167,GA,167,#bIgun=41
GA168,GA,168,-
GA169,GA,169,-
GA170,GA,170,!bIgin=41
GA170,GA,170,*bigan=31
GA170,GA,170,#bigun=31
GA171,GA,171,!bigin=31
GA171,GA,171,*bIgan=41
GA171,GA,171,#bIgun=41
GA172,GA,172,!bAgin=41
GA172,GA,172,*bIgun=41
GA173,GA,173,-
GA174,GA,174,-
GA175,GA,175,!bIgin=41
GA175,GA,175,*bIgan=41
GA175,GA,175,*bIgin=41
GA175,GA,175,#bIgun=41
GA176,GA,176,*bIgin=41
GA177,GA,177,&bIginz=41
GA177,GA,177,*bIgen=41
GA178,GA,178,-
GA179,GA,179,-
GA180,GA,180,-
GA181,GA,181,-
GA182,GA,182,*bIgen=41
GA183,GA,183,!bIgin=41
GA183,GA,183,*bIgin=41
GA183,GA,183,#bIgun=41
GA184,GA,184,-
GA185,GA,185,&bIginz=41
GA185,GA,185,*bIgan=41
GA185,GA,185,#bIgun=41
GA186,GA,186,!bIgin=41
GA186,GA,186,*bIgan=41
GA186,GA,186,#bIgun=41
GA187,GA,187,-
GA188,GA,188,!bIgin=41
GA188,GA,188,*bIgin=41
GA189,GA,189,-
GA190,GA,190,-
GA191,GA,191,!bIgin=41
GA191,GA,191,*bIgan=41
GA192,GA,192,-
GA193,GA,193,-
GA194,GA,194,-
GA195,GA,195,-
GA196,GA,196,-
GA197,GA,197,-
GA198,GA,198,-
GA199,GA,199,-
GA200,GA,200,*bIgan=41
GA201,GA,201,*bIgen=41
GA202,GA,202,!bIgin=41
GA203,GA,203,-
GA204,GA,204,*bIgin=41
GA205,GA,205,*bIgen=41
GA206,GA,206,!bIgin=41
GA206,GA,206,*bIgan=41
GA207,GA,207,-
GA208,GA,208,!bigin=31
GA208,GA,208,#bigun=31
GA209,GA,209,-
GA210,GA,210,!bIgen=41
GA210,GA,210,*bIgen=41
GA211,GA,211,*bIgen=41
GA212,GA,212,*bIgan=41
GA213,GA,213,*bIgan=41
GA214,GA,214,*bIgan=41
GA214,GA,214,#bIgun=41
GA215,GA,215,-
GA216,GA,216,!bIgen=41
GA216,GA,216,#bIgun=41
GA217,GA,217,!bIgin=41
GA217,GA,217,*bIgan=41
GA217,GA,217,#bIgun=41
GA218,GA,218,-
GA219,GA,219,-
GA220,GA,220,!bIgin=41
GA220,GA,220,#bIgon=41
GA221,GA,221,*bIgan=41
GA222,GA,222,*bIgen=41
GA223,GA,223,-
GA224,GA,224,-
GA225,GA,225,-
FL226,FL,226,-
FL227,FL,227,*bIgan=41
FL228,FL,228,*bIgan=41
FL228,FL,228,*bIgun=41
FL229,FL,229,-
FL230,FL,230,-
FL231,FL,231,*bIgan=41
FL232,FL,232,-
FL233,FL,233,-
FL234,FL,234,-
FL235,FL,235,!bIgin=41
FL235,FL,235,*bIgin=41
FL235,FL,235,#bIgun=41
FL236,FL,236,!bIgin=41
FL236,FL,236,*bIgin=41
FL236,FL,236,#bIgen=41
FL237,FL,237,!bIgen=41
FL237,FL,237,*bIgen=41
FL237,FL,237,#bIgen=41
FL238,FL,238,!bIgin=41
FL238,FL,238,*bIgin=41
FL238,FL,238,#bIgin=41
FL239,FL,239,!bIgin=41
FL239,FL,239,*bIgan=41
FL239,FL,239,#beegun=31
FL240,FL,240,*bIgan=41
FL241,FL,241,-
FL242,FL,242,!bIgin=41
FL242,FL,242,*bIgan=41
FL242,FL,242,#bIgan=41
FL243,FL,243,!bIgin=41
FL243,FL,243,*bIgen=41
FL243,FL,243,#bIgun=41
FL244,FL,244,!bIgin=41
FL245,FL,245,!bIgin=41
FL245,FL,245,*bIgan=41
FL245,FL,245,#bIgun=41
FL246,FL,246,&bIginz=41
FL246,FL,246,#bIgan=41
FL247,FL,247,*bIgan=41
FL248,FL,248,!bIgan=41
FL248,FL,248,*bIgun=41
FL248,FL,248,#bIgen=41
FL249,FL,249,!bIgin=41
FL249,FL,249,*bIgen=41
FL250,FL,250,!bIgen=41
FL251,FL,251,*bIgen=41
FL252,FL,252,#bIgan=41
FL253,FL,253,!bIgin=41
FL253,FL,253,*bIgen=41
FL253,FL,253,#bIgun=41
FL254,FL,254,!bAgan=41
FL254,FL,254,@bAginNG=414
FL255,FL,255,!bIgin=41
FL256,FL,256,-
FL257,FL,257,!bIgin=41
FL257,FL,257,*bIgun=41
FL257,FL,257,#bIgun=41
FL258,FL,258,*bIgan=41
FL258,FL,258,*bIgun=41
FL258,FL,258,#bIgun=41
FL258,FL,258,#bIgan=41
FL259,FL,259,!bIgin=41
FL259,FL,259,*bIgan=41
FL259,FL,259,#bIgun=41
FL260,FL,260,-
FL261,FL,261,!bIgin=41
FL261,FL,261,*bIgan=41
FL261,FL,261,#bIgun=41
FL262,FL,262,-
FL263,FL,263,-
FL264,FL,264,*bIgen=41
FL265,FL,265,-
FL266,FL,266,!bIgin=41
FL266,FL,266,*bIgan=41
FL266,FL,266,#bIgun=41
FL267,FL,267,-
FL268,FL,268,-
FL269,FL,269,&bAginz=41
FL269,FL,269,*bAgin=41
FL270,FL,270,!bIgi[n]=41
FL271,FL,271,-
FL272,FL,272,-
FL273,FL,273,!bIgin=41
FL273,FL,273,*bIgan=41
FL273,FL,273,#bIgun=41
FL274,FL,274,*bIgan=41
FL274,FL,274,#bIgun=41
FL275,FL,275,*bIgen=41
FL276,FL,276,-
FL277,FL,277,*bIgan=41
FL278,FL,278,-
FL279,FL,279,*bIgan=41
FL280,FL,280,!bigin=31
FL280,FL,280,*bIgan=41
FL280,FL,280,#bIgan=41
FL281,FL,281,*bIgen=41
FL281,FL,281,#bIgun=41
FL282,FL,282,!bIgin=41
FL282,FL,282,*bAgun=41
FL283,FL,283,-
FL284,FL,284,!bigin=31
FL284,FL,284,*bigan=31
FL284,FL,284,#bigun=31
FL285,FL,285,-
FL286,FL,286,!bIgin=41
FL286,FL,286,*bIgen=41
FL286,FL,286,#bIgun=41
FL287,FL,287,-
FL288,FL,288,-
FL289,FL,289,&biginz=31
FL289,FL,289,*bigan=31
FL289,FL,289,#beegon=31
TN290,TN,290,&bIginz=41
TN290,TN,290,*bIgind=41
TN290,TN,290,#bIgind=41
TN291,TN,291,!bIgin=41
TN291,TN,291,*bIgin=41
TN291,TN,291,#bIgin=41
TN292,TN,292,!bIgin=41
TN292,TN,292,*bIgen=41
TN292,TN,292,#bIgin=41
TN293,TN,293,!bIgin=41
TN293,TN,293,*bigun=31
TN293,TN,293,#bigun=31
TN294,TN,294,&bIginz=41
TN295,TN,295,!boogin=31
TN295,TN,295,*bIgin=41
TN296,TN,296,!bIgin=41
TN296,TN,296,!beegin=31
TN296,TN,296,*bIgan=41
TN296,TN,296,#bAgun=41
TN297,TN,297,!bIgin=41
TN297,TN,297,*bIgan=41
TN297,TN,297,#bIgun=41
TN298,TN,298,!bIgin=41
TN299,TN,299,!bIgin=41
TN299,TN,299,*bIgen=41
TN299,TN,299,#bIgun=41
TN300,TN,300,!bigin=31
TN300,TN,300,*bIgan=41
TN300,TN,300,#bIgan=41
TN301,TN,301,!bIgin=41
TN301,TN,301,*bIgin=41
TN302,TN,302,!bIgin=41
TN302,TN,302,*bIgun=41
TN302,TN,302,#bIgin=41
TN303,TN,303,*bIgin=41
TN303,TN,303,*bIgind=41
TN303,TN,303,#bIgun=41
TN304,TN,304,!bIgin=41
TN305,TN,305,-
TN306,TN,306,-
TN307,TN,307,-
TN308,TN,308,-
TN309,TN,309,*bIgan=41
TN310,TN,310,-
TN311,TN,311,-
TN312,TN,312,*bIgan=41
TN312,TN,312,#bIgun=41
TN313,TN,313,-
TN314,TN,314,!bIgin=41
TN314,TN,314,*bIgan=41
TN314,TN,314,#bIgun=41
TN315,TN,315,*bIgin=41
TN316,TN,316,-
TN317,TN,317,*bIgen=41
TN317,TN,317,#bIgen=41
TN318,TN,318,!bIgin=41
TN319,TN,319,-
TN320,TN,320,&bIginz=41
TN320,TN,320,*bIgun=41
TN320,TN,320,#bIgun=41
TN321,TN,321,!bIgin=41
TN321,TN,321,*bIgun=41
TN321,TN,321,#bIgan=41
TN322,TN,322,!bIgin=41
TN322,TN,322,*bIgen=41
TN322,TN,322,#bIgun=41
TN323,TN,323,!bIgin=41
TN323,TN,323,*bIgun=41
TN324,TN,324,!bigan=31
TN324,TN,324,*bigan=31
TN324,TN,324,#bIgun=41
TN325,TN,325,!bIgin=41
TN325,TN,325,*bIgun=41
TN325,TN,325,#bIgun=41
TN326,TN,326,!bIgin=41
TN326,TN,326,*bIgan=41
TN326,TN,326,*bIgun=41
TN326,TN,326,*bIgin=41
TN326,TN,326,#bIgun=41
TN327,TN,327,!bIgin=41
TN327,TN,327,*bIgen=41
TN327,TN,327,#bIgun=41
TN328,TN,328,!bIgin=41
TN328,TN,328,*bIgan=41
TN328,TN,328,#bIgun=41
TN329,TN,329,*bIgan=41
TN330,TN,330,!bIgin=41
TN330,TN,330,*bIgin=41
TN330,TN,330,#bigin=31
TN331,TN,331,!bIgin=41
TN331,TN,331,*bIgin=41
TN331,TN,331,#bIgen=41
TN332,TN,332,!bAgan=41
TN332,TN,332,&bIgan=41
TN332,TN,332,*bIgin=41
TN332,TN,332,#bAgun=41
TN333,TN,333,!bIgin=41
TN333,TN,333,#bIgun=41
TN334,TN,334,!bIgin=41
TN334,TN,334,*bIgun=41
TN334,TN,334,#bIgun=41
TN335,TN,335,-
TN336,TN,336,!bIgin=41
TN336,TN,336,*bIgin=41
TN336,TN,336,#bIgin=41
AL337,AL,337,-
AL338,AL,338,!bIgin=41
AL338,AL,338,*bIgun=41
AL338,AL,338,#bIgun=41
AL339,AL,339,#bigun=31
AL340,AL,340,-
AL341,AL,341,#bIgun=41
AL342,AL,342,!bIgin=41
AL342,AL,342,*bAgin=41
AL343,AL,343,!bIgin=41
AL343,AL,343,*bIgan=41
AL343,AL,343,#bIgun=41
AL344,AL,344,-
AL345,AL,345,!bigin=31
AL345,AL,345,*bIgan=41
AL345,AL,345,#bIgun=41
AL346,AL,346,-
AL347,AL,347,@bIginNG=414
AL347,AL,347,#bIgon=41
AL348,AL,348,!bIgin=41
AL348,AL,348,*bIgin=41
AL349,AL,349,!bIgin=41
AL349,AL,349,#bIgin=41
AL350,AL,350,-
AL351,AL,351,*bIgin=41
AL352,AL,352,!bIgin=41
AL352,AL,352,@bIginNG=414
AL352,AL,352,*bIgan=41
AL352,AL,352,#bIgun=41
AL353,AL,353,!bIgin=41
AL353,AL,353,#bIgun=41
AL354,AL,354,!bIgin=41
AL355,AL,355,-
AL356,AL,356,!bIgin=41
AL356,AL,356,#bIgin=41
AL357,AL,357,!bAgin=41
AL357,AL,357,*bIgan=41
AL357,AL,357,#bIgun=41
AL358,AL,358,!bAgin=41
AL358,AL,358,*bIgan=41
AL358,AL,358,#bIgun=41
AL359,AL,359,&bIginz=41
AL359,AL,359,*bIgen=41
AL360,AL,360,!bIgin=41
AL360,AL,360,*bIgen=41
AL360,AL,360,#bIgun=41
AL361,AL,361,*bIgin=41
AL361,AL,361,*bIgen=41
AL362,AL,362,-
AL363,AL,363,-
AL364,AL,364,!bIgin=41
AL364,AL,364,&bIginz=41
AL364,AL,364,*bIgan=41
AL365,AL,365,!bIgin=41
AL365,AL,365,*bIgin=41
AL366,AL,366,-
AL367,AL,367,!bIgin=41
AL368,AL,368,@bIginN=414
AL368,AL,368,*bIgan=41
AL369,AL,369,*bIgan=41
AL370,AL,370,-
AL371,AL,371,-
AL372,AL,372,-
AL373,AL,373,*bIgen=41
AL374,AL,374,!bIgin=41
AL374,AL,374,*bIgan=41
AL374,AL,374,#bIgan=41
AL375,AL,375,*bAgan=41
AL376,AL,376,-
AL377,AL,377,*bIgan=41
AL377,AL,377,#bIgan=41
AL378,AL,378,*bIgan=41
AL378,AL,378,#bIgon=41
AL379,AL,379,*bIgan=41
AL380,AL,380,-
AL381,AL,381,-
AL382,AL,382,-
AL383,AL,383,!bigin=31
AL383,AL,383,*bIgan=41
AL383,AL,383,#bIgun=41
AL384,AL,384,!bigin=31
AL384,AL,384,*bIgan=41
AL384,AL,384,#bIgun=41
AL385,AL,385,-
AL386,AL,386,!bIgin=41
AL386,AL,386,*bIgan=41
AL386,AL,386,#bIgun=41
AL387,AL,387,!bIgin=41
AL387,AL,387,*bIgan=41
AL387,AL,387,#bIgun=41
AL388,AL,388,-
AL389,AL,389,!bIgin=41
AL389,AL,389,*bIgin=41
AL389,AL,389,#bIgun=41
AL390,AL,390,!bIgin=41
AL390,AL,390,*bIgan=41
AL390,AL,390,*bIgun=41
AL390,AL,390,#bIgun=41
AL391,AL,391,!bIgin=41
AL391,AL,391,*bIgan=41
AL391,AL,391,#bIgun=41
AL392,AL,392,!bIgin=41
AL392,AL,392,*bIgin=41
AL393,AL,393,*bIgan=41
AL393,AL,393,*bAgin=41
AL394,AL,394,-
AL395,AL,395,!bIgin=41
AL395,AL,395,!b(Ig)in
AL395,AL,395,*bigin=31
AL395,AL,395,#bIgen=41
AL396,AL,396,-
AL397,AL,397,@bAginN=414
AL397,AL,397,*bIgin=41
AL397,AL,397,#bIgen=41
AL398,AL,398,!bIgin=41
AL398,AL,398,*bIgan=41
AL398,AL,398,*bIgun=41
AL398,AL,398,#bIgun=41
AL399,AL,399,*bIgen=41
AL400,AL,400,*bIgin=41
AL401,AL,401,-
AL402,AL,402,-
AL403,AL,403,-
AL404,AL,404,!bIgin=41
AL404,AL,404,*bIgan=41
AL404,AL,404,#bIgun=41
AL405,AL,405,!bAgin=41
AL405,AL,405,*bIgan=41
AL405,AL,405,#bIgun=41
AL406,AL,406,-
AL407,AL,407,!bIgin=41
AL407,AL,407,#bIgun=41
AL408,AL,408,-
AL409,AL,409,!bIgin=41
AL409,AL,409,*bIgan=41
AL409,AL,409,#bIgun=41
AL410,AL,410,*bIgan=41
AL411,AL,411,-
AL412,AL,412,@bIginN=414
AL412,AL,412,*bIgan=41
AL413,AL,413,-
AL414,AL,414,!bIgan=41
AL414,AL,414,*bIgen=41
AL414,AL,414,#bIgan=41
AL415,AL,415,!bIgin=41
AL415,AL,415,#bIgun=41
AL416,AL,416,!bIgin=41
AL416,AL,416,#bIgan=41
AL417,AL,417,!bAgin=41
AL418,AL,418,&bIginz=41
AL418,AL,418,*bIgan=41
AL418,AL,418,#bIgun=41
AL419,AL,419,!bigin=31
AL419,AL,419,*bIgan=41
AL419,AL,419,#bIgun=41
AL420,AL,420,!bAgin=41
AL421,AL,421,@bIginN=414
AL421,AL,421,#bIgan=41
AL422,AL,422,-
AL423,AL,423,*bIgan=41
AL423,AL,423,#bIgun=41
AL424,AL,424,!bIgin=41
AL424,AL,424,*bIgan=41
AL424,AL,424,#bIgu[n]=41
AL425,AL,425,-
AL426,AL,426,!bigin=31
AL426,AL,426,*bIgun=41
AL426,AL,426,#bIgun=41
AL427,AL,427,!bIgen=41
AL427,AL,427,*bIgen=41
AL427,AL,427,#bIgen=41
AL428,AL,428,!bIgin=41
AL428,AL,428,*bIgen=41
AL428,AL,428,#bIgun=41
AL429,AL,429,*bIgan=41
AL430,AL,430,-
AL431,AL,431,*bIgen=41
AL432,AL,432,!bIgin=41
AL432,AL,432,*bIgin=41
AL433,AL,433,!bigin=31
AL433,AL,433,*beegan=31
AL434,AL,434,!bIgin=41
AL435,AL,435,!bIgin=41
AL435,AL,435,*bIgen=41
AL435,AL,435,#bIgen=41
AL436,AL,436,!bIgin=41
AL436,AL,436,*bIgan=41
AL436,AL,436,#bIgin=41
AL437,AL,437,!bIgin=41
AL437,AL,437,*bIgan=41
AL437,AL,437,#bIgun=41
AL438,AL,438,-
AL439,AL,439,!bIge[n]=41
AL439,AL,439,*bIgen=41
AL440,AL,440,-
AL441,AL,441,-
AL442,AL,442,-
AL443,AL,443,!bIgin=41
AL443,AL,443,*bIgen=41
AL443,AL,443,#bIgan=41
AL444,AL,444,!bIgin=41
AL444,AL,444,*bIgan=41
AL444,AL,444,#bIgan=41
AL445,AL,445,!bIgin=41
AL445,AL,445,*bIgen=41
AL445,AL,445,#bIgun=41
AL446,AL,446,-
AL447,AL,447,*bIgan=41
AL447,AL,447,#bIgun=41
AL448,AL,448,!bIgin=41
AL448,AL,448,*bIgen=41
AL448,AL,448,#bIgun=41
AL449,AL,449,-
AL450,AL,450,#bIgan=41
AL451,AL,451,-
FL452,FL,452,!bIgin=41
FL452,FL,452,*bIgen=41
FL452,FL,452,#bIgun=41
FL453,FL,453,*bIgin=41
FL454,FL,454,-
FL455,FL,455,!bIgin=41
FL455,FL,455,*bIgan=41
FL455,FL,455,#bIgan=41
FL456,FL,456,!bIgin=41
FL456,FL,456,*bIgan=41
FL456,FL,456,#bIgun=41
FL457,FL,457,!bIgin=41
FL457,FL,457,*bIgun=41
FL457,FL,457,#bIgun=41
FL458,FL,458,&bIginz=41
FL458,FL,458,*bIgen=41
FL459,FL,459,*bIgin=41
FL460,FL,460,#bIgin=41
FL461,FL,461,!bIgin=41
FL461,FL,461,*bIgen=41
FL461,FL,461,#bIgun=41
FL462,FL,462,!bIgin=41
FL463,FL,463,-
FL464,FL,464,!bIgin=41
FL464,FL,464,*bIgindId=414
FL464,FL,464,#bIgin=41
FL465,FL,465,!bAgin=41
FL466,FL,466,!bIgin=41
FL466,FL,466,*bIgun=41
FL466,FL,466,#bIgun=41
FL467,FL,467,!bIgin=41
FL467,FL,467,*bIgan=41
FL468,FL,468,-
FL469,FL,469,!bIgen=41
FL469,FL,469,#bIgen=41
FL470,FL,470,!bAgin=41
FL470,FL,470,*bIgun=41
FL470,FL,470,#bIgun=41
FL471,FL,471,!bIgin=41
FL471,FL,471,*bIgan=41
FL471,FL,471,#bIgun=41
AL472,AL,472,!bIgin=41
AL472,AL,472,*bigin=31
AL473,AL,473,-
AL474,AL,474,!bIgin=41
AL474,AL,474,*bIgan=41
AL474,AL,474,#bIgun=41
AL475,AL,475,!bIgin=41
AL475,AL,475,*bIgan=41
AL475,AL,475,#bIgun=41
AL476,AL,476,!bIgin=41
AL476,AL,476,*bIgen=41
AL476,AL,476,#bIgun=41
AL477,AL,477,-
AL478,AL,478,-
AL479,AL,479,*bIgin=41
AL480,AL,480,!bIgin=41
AL481,AL,481,-
AL482,AL,482,#(bI)gun
AL483,AL,483,-
AL484,AL,484,-
AL485,AL,485,!bIgen=41
AL485,AL,485,@bIginNG=414
AL485,AL,485,*bIgen=41
TN486,TN,486,!bigin=31
TN486,TN,486,*bIgin=41
TN486,TN,486,*bigin=31
TN487,TN,487,-
TN488,TN,488,!bAgen=41
TN488,TN,488,*bIgan=41
TN489,TN,489,*bIgen=41
TN489,TN,489,*bIgin=41
TN490,TN,490,*bigan=31
TN490,TN,490,#bIgun=41
TN491,TN,491,-
TN492,TN,492,-
TN493,TN,493,#boogun=31
TN494,TN,494,-
TN495,TN,495,*bIgin=41
TN496,TN,496,#bIgin=41
TN497,TN,497,!bIgin=41
TN497,TN,497,*bIgan=41
TN498,TN,498,!bIgin=41
TN498,TN,498,*bIgen=41
TN499,TN,499,*bIgan=41
TN500,TN,500,!bIgin=41
TN500,TN,500,*bIgan=41
TN500,TN,500,*bigin=31
TN501,TN,501,!bIgin=41
TN502,TN,502,*bIgen=41
TN503,TN,503,-
TN504,TN,504,!bIgin=41
TN504,TN,504,*bIgan=41
TN505,TN,505,*bIgin=41
TN506,TN,506,-
TN507,TN,507,*bIgin=41
TN508,TN,508,-
TN509,TN,509,-
TN510,TN,510,!bIgin=41
TN511,TN,511,-
TN512,TN,512,-
TN513,TN,513,!bIgin=41
TN513,TN,513,*bIgan=41
TN514,TN,514,!bIgin=41
TN514,TN,514,*bIgan=41
TN514,TN,514,#bIgan=41
TN515,TN,515,-
TN516,TN,516,!bIgin=41
TN516,TN,516,*bIgan=41
TN516,TN,516,#bIgun=41
TN517,TN,517,!bAgin=41
TN517,TN,517,*bIgan=41
TN517,TN,517,#bIgun=41
TN518,TN,518,*bIgan=41
TN519,TN,519,*bIgan=41
MS520,MS,520,-
MS521,MS,521,-
MS522,MS,522,!bIgin=41
MS522,MS,522,*bIgen=41
MS522,MS,522,#bIgun=41
MS523,MS,523,-
MS524,MS,524,!bIgin=41
MS524,MS,524,*bIgan=41
MS524,MS,524,#bIgan=41
MS525,MS,525,-
MS526,MS,526,-
MS527,MS,527,!bIgin=41
MS527,MS,527,#bIgun=41
MS528,MS,528,-
MS529,MS,529,-
MS530,MS,530,-
MS531,MS,531,-
MS532,MS,532,-
MS533,MS,533,!bIgin=41
MS533,MS,533,*bAgan=41
MS533,MS,533,#bIgu[n]=41
MS534,MS,534,-
MS535,MS,535,*bAgin=41
MS535,MS,535,#bAgin=41
MS536,MS,536,-
MS537,MS,537,*bIgan=41
MS538,MS,538,*bIgan=41
MS539,MS,539,-
MS540,MS,540,-
MS541,MS,541,-
MS542,MS,542,*bIgin=41
MS543,MS,543,-
MS544,MS,544,-
MS545,MS,545,-
MS546,MS,546,!bAgin=41
MS546,MS,546,&bAginz=41
MS547,MS,547,!bIgin=41
MS547,MS,547,*bIgan=41
MS547,MS,547,#bigun=31
MS548,MS,548,-
MS549,MS,549,-
MS550,MS,550,-
MS551,MS,551,*bIgen=41
MS552,MS,552,-
MS553,MS,553,-
MS554,MS,554,-
MS555,MS,555,-
MS556,MS,556,-
MS557,MS,557,*bIgen=41
MS557,MS,557,#bIgun=41
MS558,MS,558,!bIgan=41
MS558,MS,558,*bIgan=41
MS558,MS,558,#bIgun=41
MS559,MS,559,-
MS560,MS,560,!bIgin=41
MS561,MS,561,-
MS562,MS,562,*bIgan=41
MS562,MS,562,*(bI)gin
MS563,MS,563,!bigin=31
MS563,MS,563,@biginN=314
MS563,MS,563,*bigan=31
MS563,MS,563,#bigun=31
MS564,MS,564,!bIgin=41
MS564,MS,564,*bIgan=41
MS564,MS,564,#bIgon=41
MS565,MS,565,-
MS566,MS,566,-
MS567,MS,567,-
MS568,MS,568,!bIgin=41
MS569,MS,569,!bAgin=41
MS570,MS,570,!bIgin=41
MS570,MS,570,*bIgen=41
MS571,MS,571,-
MS572,MS,572,*bIgan=41
MS573,MS,573,-
MS574,MS,574,!bIgen=41
MS574,MS,574,*bIgin=41
MS574,MS,574,#bIgin=41
MS575,MS,575,!bIgin=41
MS575,MS,575,!(bI)gin
MS575,MS,575,*bIgan=41
MS575,MS,575,#bIgun=41
MS576,MS,576,!bIgen=41
MS576,MS,576,*bIgan=41
MS576,MS,576,#bIgun=41
MS577,MS,577,!boogin=31
MS577,MS,577,*bAgin=41
MS577,MS,577,#boogin=31
MS578,MS,578,!bAgin=41
MS578,MS,578,*bAgin=41
MS578,MS,578,#bAgin=41
MS579,MS,579,!beegin=31
MS579,MS,579,*beegan=31
MS579,MS,579,#beegun=31
MS580,MS,580,-
MS581,MS,581,-
MS582,MS,582,-
MS583,MS,583,-
MS584,MS,584,!bAgen=41
MS584,MS,584,*bAgen=41
MS584,MS,584,#bAgun=41
MS585,MS,585,!bIgin=41
MS585,MS,585,@biginN=314
MS586,MS,586,*bIgen=41
MS587,MS,587,*bIgin=41
MS587,MS,587,#bIgen=41
MS588,MS,588,-
MS589,MS,589,!bIgen=41
MS589,MS,589,!(bI)gin
MS589,MS,589,*bIgan=41
MS589,MS,589,#bIgu[n]=41
MS590,MS,590,-
MS591,MS,591,!bIgin=41
MS591,MS,591,*bIgan=41
MS591,MS,591,#bIgun=41
MS592,MS,592,!bIgin=41
MS592,MS,592,*bIgan=41
MS592,MS,592,#bIgun=41
MS593,MS,593,!bIgin=41
MS593,MS,593,*bIgin=41
MS594,MS,594,-
MS595,MS,595,!bIgin=41
MS595,MS,595,*bIgan=41
MS595,MS,595,#bIgun=41
MS596,MS,596,!bIgin=41
MS596,MS,596,!bAgin=41
MS596,MS,596,*bIgin=41
MS597,MS,597,-
MS598,MS,598,!bIgen=41
MS598,MS,598,*bIgen=41
MS599,MS,599,!bIgen=41
MS599,MS,599,*bIgen=41
MS599,MS,599,#bIgun=41
MS600,MS,600,!bIgin=41
MS600,MS,600,#bIgin=41
MS601,MS,601,!bAgin=41
MS601,MS,601,*bAgen=41
MS601,MS,601,#bAgun=41
MS602,MS,602,!bIgen=41
MS602,MS,602,*bIgen=41
MS602,MS,602,#bIgen=41
MS603,MS,603,-
MS604,MS,604,-
MS605,MS,605,*bIgen=41
MS606,MS,606,!bAgin=41
MS606,MS,606,*bIgin=41
MS607,MS,607,!bIgin=41
MS607,MS,607,*bIgan=41
MS608,MS,608,!bIgen=41
MS608,MS,608,*bIgen=41
MS608,MS,608,#bIgen=41
MS609,MS,609,-
MS610,MS,610,!bIgin=41
MS611,MS,611,@bIginN=414
MS612,MS,612,-
MS613,MS,613,*bIgan=41
MS613,MS,613,#bIgun=41
MS614,MS,614,-
MS615,MS,615,!bIgin=41
MS615,MS,615,*bAgan=41
MS615,MS,615,#bAgun=41
MS616,MS,616,-
MS617,MS,617,*bIgin=41
MS617,MS,617,#bIgin=41
MS618,MS,618,@bIginNG=414
MS618,MS,618,*bIgen=41
MS619,MS,619,*bIgin=41
MS620,MS,620,-
MS621,MS,621,!bigin=31
MS622,MS,622,!bIgin=41
MS622,MS,622,*bIgen=41
MS622,MS,622,*bIgun=41
MS622,MS,622,#bIgan=41
MS623,MS,623,*bIgan=41
MS623,MS,623,#bIgun=41
MS624,MS,624,!bAgin=41
MS624,MS,624,*bIgan=41
MS624,MS,624,*bIgun=41
MS624,MS,624,#bIgun=41
MS624,MS,624,#bIgan=41
MS625,MS,625,!bAgin=41
MS626,MS,626,-
MS627,MS,627,#bAgun=41
MS628,MS,628,!bAgin=41
MS628,MS,628,#bIgen=41
MS629,MS,629,!bIgin=41
MS629,MS,629,*bIgun=41
MS629,MS,629,#bIgun=41
LA630,LA,630,-
LA631,LA,631,!bAgin=41
LA632,LA,632,-
LA633,LA,633,*bIgan=41
LA634,LA,634,!bAgin=41
LA634,LA,634,*bAgin=41
LA635,LA,635,!bIgin=41
LA635,LA,635,*bIgan=41
LA635,LA,635,#bIgun=41
LA636,LA,636,-
LA637,LA,637,-
LA638,LA,638,*bIgen=41
LA639,LA,639,!bAgen=41
LA639,LA,639,#bAgen=41
LA640,LA,640,!bIgin=41
LA640,LA,640,#bIgen=41
LA641,LA,641,&bIganz=41
LA641,LA,641,@bIginNG=414
LA641,LA,641,*bIgan=41
LA641,LA,641,*bIgin=41
LA641,LA,641,#bIgin=41
LA642,LA,642,-
LA643,LA,643,!bIgin=41
LA643,LA,643,*bIgan=41
LA643,LA,643,#bIgan=41
LA644,LA,644,-
LA645,LA,645,!bIgin=41
LA645,LA,645,*bIgan=41
LA645,LA,645,#bIgun=41
LA646,LA,646,!bIgin=41
LA646,LA,646,&bIginz=41
LA646,LA,646,*bIgan=41
LA647,LA,647,-
LA648,LA,648,!bIgin=41
LA648,LA,648,*bIgin=41
LA648,LA,648,#bIgin=41
LA649,LA,649,!bIgin=41
LA649,LA,649,*bIgun=41
LA649,LA,649,#bIgan=41
LA650,LA,650,!bIgen=41
LA650,LA,650,*bIgen=41
LA650,LA,650,#bIgen=41
LA651,LA,651,-
LA652,LA,652,!bIgin=41
LA652,LA,652,*bIgan=41
LA652,LA,652,#bIgun=41
LA653,LA,653,-
LA654,LA,654,*bIgen=41
LA655,LA,655,!bIgin=41
LA655,LA,655,*bIgan=41
LA656,LA,656,!bIgin=41
LA656,LA,656,*bIgan=41
LA656,LA,656,#bIgun=41
LA657,LA,657,!bIgin=41
LA657,LA,657,*bIgan=41
LA657,LA,657,#bIgun=41
LA657X,LA,657X,@bIginNG=414
LA657X,LA,657X,*bIgan=41
LA657Y,LA,657Y,!bIgin=41
LA657Y,LA,657Y,*bIgan=41
LA657Y,LA,657Y,#bIgun=41
LA657Z,LA,657Z,!bIgin=41
LA657Z,LA,657Z,*bIgan=41
LA657Z,LA,657Z,#bIgun=41
LA658,LA,658,-
LA659,LA,659,-
LA660,LA,660,-
LA661,LA,661,!bIginz=41
LA661,LA,661,*bIgan=41
LA661,LA,661,#bIgan=41
LA662,LA,662,*bIgan=41
LA662,LA,662,*bIgin=41
LA662,LA,662,#bIgun=41
LA663,LA,663,!bIgin=41
LA663,LA,663,@bIginNG=414
LA664,LA,664,-
LA665,LA,665,-
LA666,LA,666,-
LA667,LA,667,!bIgin=41
LA667,LA,667,#bIgin=41
LA668,LA,668,!bIgin=41
LA668,LA,668,#bIgen=41
LA669,LA,669,!bIgen=41
LA669,LA,669,*bIgen=41
LA670,LA,670,-
LA671,LA,671,!bAgin=41
LA671,LA,671,*bIgan=41
LA671,LA,671,#bIgun=41
LA672,LA,672,-
LA673,LA,673,!bIgin=41
LA673,LA,673,*bIgan=41
AR674,AR,674,*bIgin=41
AR675,AR,675,-
AR676,AR,676,-
AR677,AR,677,*bIgen=41
AR677,AR,677,*bIgun=41
AR678,AR,678,*bIgan=41
AR678,AR,678,*bIgin=41
AR679,AR,679,!bIgin=41
AR679,AR,679,*bIgan=41
AR680,AR,680,-
AR681,AR,681,-
AR682,AR,682,-
AR683,AR,683,*bIgin=41
AR684,AR,684,-
AR685,AR,685,!bigin=31
AR685,AR,685,*bigun=31
AR686,AR,686,-
AR687,AR,687,!bAgin=41
AR688,AR,688,*bigin=31
AR689,AR,689,*bIgen=41
AR690,AR,690,*bIgin=41
AR691,AR,691,*bIgen=41
AR692,AR,692,-
AR693,AR,693,!bIgin=41
AR693,AR,693,*bIgen=41
AR694,AR,694,-
AR695,AR,695,!bAgin=41
AR696,AR,696,-
AR697,AR,697,!bIgan=41
AR698,AR,698,-
AR699,AR,699,-
AR700,AR,700,-
AR701,AR,701,-
AR702,AR,702,-
AR703,AR,703,-
AR704,AR,704,!bIgin=41
AR704,AR,704,*bIgin=41
AR705,AR,705,*bIgan=41
AR705,AR,705,*bigan=31
AR705,AR,705,*bIgin=41
AR706,AR,706,-
AR707,AR,707,*bIgan=41
AR708,AR,708,*bIgen=41
AR708,AR,708,#bAgun=41
AR709,AR,709,!bIgin=41
AR710,AR,710,-
AR711,AR,711,!bIgin=41
AR712,AR,712,!bIgin=41
AR713,AR,713,-
AR714,AR,714,-
AR715,AR,715,-
AR716,AR,716,*bIgin=41
AR717,AR,717,-
AR718,AR,718,*bIgin=41
AR719,AR,719,-
AR720,AR,720,*bAgin=41
AR721,AR,721,*bIgen=41
AR722,AR,722,-
AR723,AR,723,-
AR724,AR,724,-
AR725,AR,725,-
AR726,AR,726,-
AR727,AR,727,-
AR728,AR,728,-
AR729,AR,729,-
AR730,AR,730,-
AR731,AR,731,@bIginNG=414
AR731,AR,731,*bIgan=41
AR732,AR,732,-
AR733,AR,733,*bIgan=41
AR733,AR,733,*bIgin=41
AR734,AR,734,*bIgan=41
AR735,AR,735,!bAgin=41
AR736,AR,736,*bAgen=41
AR737,AR,737,!bAgin=41
AR737,AR,737,*bIgen=41
AR738,AR,738,&bIginz=41
AR738,AR,738,*bIgan=41
AR739,AR,739,-
AR740,AR,740,!bigin=31
AR741,AR,741,*bIgan=41
AR741,AR,741,#bIgun=41
AR742,AR,742,*bAgan=41
AR743,AR,743,-
AR744,AR,744,!bAgin=41
AR744,AR,744,*bIgen=41
AR745,AR,745,-
AR746,AR,746,-
AR747,AR,747,-
AR748,AR,748,-
AR749,AR,749,-
AR750,AR,750,-
AR751,AR,751,*bIgan=41
AR752,AR,752,-
AR753,AR,753,!bIgen=41
AR753,AR,753,@bIginNG=414
AR753,AR,753,*bigan=31
AR753,AR,753,#bIgun=41
AR754,AR,754,-
AR755,AR,755,-
LA756,LA,756,!bAgin=41
LA756,LA,756,*bAgan=41
LA756,LA,756,#bAgan=41
LA757,LA,757,!bIgin=41
LA757,LA,757,#bIgun=41
LA758,LA,758,!bIgin=41
LA759,LA,759,-
LA760,LA,760,@bIginN=414
LA761,LA,761,-
LA762,LA,762,-
LA763,LA,763,-
LA764,LA,764,*bIgi[n]=41
LA764,LA,764,#bIgin=41
LA765,LA,765,*bAgan=41
LA765,LA,765,#bAgan=41
LA766,LA,766,!bIgan=41
LA766,LA,766,*bIgan=41
LA766,LA,766,#bIgan=41
LA767,LA,767,!bIgin=41
LA767,LA,767,*bIgan=41
LA767,LA,767,#bIgan=41
LA768,LA,768,-
LA769,LA,769,!bIgin=41
LA769,LA,769,*bIgun=41
LA769,LA,769,#bIgin=41
LA770,LA,770,!bIgen=41
LA770,LA,770,*bIgan=41
LA770,LA,770,#bIgun=41
LA771,LA,771,*bIgin=41
LA772,LA,772,-
LA773,LA,773,*bIgin=41
LA774,LA,774,-
LA775,LA,775,!bIgin=41
LA775,LA,775,*bIgin=41
LA775,LA,775,#bAgin=41
LA776,LA,776,!bIgin=41
LA776,LA,776,*bIgan=41
LA776,LA,776,#bIgun=41
LA777,LA,777,!bIgin=41
LA777,LA,777,*bIgan=41
LA777,LA,777,#bIgun=41
LA778,LA,778,!bIgin=41
LA778,LA,778,*bIgun=41
LA778,LA,778,#bIgun=41
LA779,LA,779,!bIgin=41
LA779,LA,779,*bIgan=41
LA779,LA,779,#bIgun=41
LA780,LA,780,!bIgin=41
LA780,LA,780,*bIgan=41
LA780,LA,780,#bIgun=41
LA781,LA,781,-
LA782,LA,782,!bIgin=41
LA782,LA,782,*(bI)gan
LA783,LA,783,-
LA784,LA,784,-
LA785,LA,785,!bIgin=41
LA785,LA,785,*bIgan=41
LA785,LA,785,#bIgan=41
LA786,LA,786,!bAgin=41
LA786,LA,786,*bAgin=41
LA786,LA,786,#bAgin=41
LA787,LA,787,!bIgin=41
LA787,LA,787,*bIgin=41
LA787,LA,787,#bIgan=41
LA788,LA,788,!bIgin=41
LA788,LA,788,@bAginN=414
LA788,LA,788,*bIgin=41
LA789,LA,789,*bIgen=41
LA790,LA,790,!bIgin=41
LA790,LA,790,*bIgin=41
LA791,LA,791,!bIgin=41
LA791,LA,791,*bIgun=41
LA792,LA,792,*bIgan=41
LA793,LA,793,*bAgen=41
LA794,LA,794,!bIgin=41
LA794,LA,794,*bIgin=41
LA794,LA,794,*bIgain=41
LA794,LA,794,#bIgain=41
LA795,LA,795,&bAgints=41
LA796,LA,796,!bAgan=41
LA796,LA,796,*bAgan=41
LA796,LA,796,#bAgun=41
LA797,LA,797,-
LA798,LA,798,!bIgin=41
LA798,LA,798,*bIgan=41
LA798,LA,798,#bIgun=41
LA799,LA,799,!bIgin=41
LA800,LA,800,!bIgin=41
LA800,LA,800,*bIgen=41
LA800,LA,800,#bIgen=41
LA801,LA,801,!bigin=31
LA801,LA,801,*bIgan=41
LA801,LA,801,#bigin=31
LA802,LA,802,-
LA803,LA,803,-
LA804,LA,804,-
LA805,LA,805,-
LA806,LA,806,&bIginz=41
LA806,LA,806,*bIgen=41
LA806,LA,806,#bIgun=41
LA807,LA,807,!bAgin=41
LA807,LA,807,#bIgin=41
LA808,LA,808,!bIgan=41
LA808,LA,808,*bIgin=41
LA808,LA,808,#bIgun=41
LA808,LA,808,#bIgan=41
LA809,LA,809,!bIgin=41
LA809,LA,809,*bIgun=41
LA809,LA,809,#bIgun=41
LA810,LA,810,!bIgin=41
LA810,LA,810,@bIginNG=414
LA810,LA,810,*bIgen=41
LA811,LA,811,-
LA812,LA,812,*bIgin=41
LA813,LA,813,@bIginN=414
LA813,LA,813,*bIgin=41
LA814,LA,814,*bIgen=41
LA814,LA,814,#bIgen=41
LA815,LA,815,-
LA816,LA,816,!bAgin=41
LA816,LA,816,*bIgan=41
LA816,LA,816,#bIgun=41
LA817,LA,817,!bIgin=41
LA817,LA,817,*bIgen=41
LA817,LA,817,#bIgun=41
TX818,TX,818,-
TX819,TX,819,!bIgin=41
TX819,TX,819,*bIgan=41
TX819,TX,819,#bIgin=41
TX820,TX,820,!bIgan=41
TX820,TX,820,*bIgand=41
TX820,TX,820,#bIgan=41
TX821,TX,821,!bAgen=41
TX821,TX,821,*bIgen=41
TX821,TX,821,#bIgan=41
TX822,TX,822,!bIgin=41
TX822,TX,822,*bIgan=41
TX822,TX,822,#bIgun=41
TX823,TX,823,!bAgin=41
TX823,TX,823,*bIgan=41
TX823,TX,823,#bAgun=41
TX824,TX,824,!bAgin=41
TX824,TX,824,*bIgan=41
TX824,TX,824,*bAgun=41
TX825,TX,825,!bIgin=41
TX825,TX,825,*bIgin=41
TX825,TX,825,#bIgin=41
TX826,TX,826,!bIgen=41
TX826,TX,826,*bIgan=41
TX826,TX,826,#bIgun=41
TX827,TX,827,!bIgin=41
TX827,TX,827,*bIgan=41
TX827,TX,827,#bIgun=41
TX828,TX,828,!bIgen=41
TX828,TX,828,*bIgen=41
TX828,TX,828,#bIgen=41
TX829,TX,829,!bIgin=41
TX829,TX,829,*boogan=31
TX829,TX,829,#bIgun=41
TX830,TX,830,!bIgin=41
TX830,TX,830,*bIgan=41
TX830,TX,830,#bIgun=41
TX831,TX,831,!bAgin=41
TX831,TX,831,*bIgan=41
TX831,TX,831,#bAgun=41
TX832,TX,832,*bIgan=41
TX832,TX,832,*bIgin=41
TX833,TX,833,!bigin=31
TX833,TX,833,*bigun=31
TX833,TX,833,#bIgun=41
TX834,TX,834,*bIgan=41
TX834,TX,834,*bIgun=41
TX835,TX,835,!bIgen=41
TX835,TX,835,*bIgen=41
TX835,TX,835,#bIgen=41
TX836,TX,836,!bIgin=41
TX836,TX,836,!bIgen
TX836,TX,836,#bAgin=41
TX837,TX,837,*bIgan=41
TX838,TX,838,*bIgin=41
TX839,TX,839,-
TX840,TX,840,*bIgen=41
TX841,TX,841,-
TX842,TX,842,*bIgan=41
TX842,TX,842,*bIgen=41
TX843,TX,843,*bIgen=41
TX844,TX,844,*bIgan=41
TX845,TX,845,-
TX846,TX,846,!bIgin=41
TX846,TX,846,*bIgan=41
TX846,TX,846,#bIgun=41
TX846,TX,846,#bIgan=41
TX847,TX,847,-
TX848,TX,848,-
TX849,TX,849,!bIgin=41
TX850,TX,850,*bIgin=41
TX851,TX,851,!bAgen=41
TX851,TX,851,@bAginN=414
TX851,TX,851,*bIgin=41
TX852,TX,852,&bIgeenz=41
TX852,TX,852,*bIgen=41
TX853,TX,853,!bAgen=41
TX853,TX,853,*bIgen=41
TX853,TX,853,#bIgen=41
TX854,TX,854,&bAginz=41
TX855,TX,855,*bIgen=41
TX856,TX,856,!bIgin=41
TX856,TX,856,*bIgen=41
TX857,TX,857,-
TX858,TX,858,-
TX859,TX,859,!bIgin=41
TX859,TX,859,*bIgan=41
TX860,TX,860,!bIgan=41
TX860,TX,860,*bIgen=41
TX860,TX,860,*bIgun=41
TX860,TX,860,#bIgun=41
TX861,TX,861,!bIgin=41
TX861,TX,861,*bIgan=41
TX861,TX,861,#bIgan=41
TX862,TX,862,!bIgin=41
TX862,TX,862,#bAgen=41
TX863,TX,863,!bigen=31
TX863,TX,863,*bIgan=41
TX863,TX,863,#bIgun=41
TX864,TX,864,!bIgin=41
TX864,TX,864,#bIgan=41
TX864,TX,864,#bIgin=41
TX865,TX,865,!(bI)gin
TX865,TX,865,*bIgan=41
TX865,TX,865,#bIgan=41
TX866,TX,866,!bIgin=41
TX866,TX,866,*bIgan=41
TX866,TX,866,#bIgun=41
TX867,TX,867,!bIgin=41
TX867,TX,867,*bIgan=41
TX867,TX,867,#bIgun=41
TX868,TX,868,!bigin=31
TX868,TX,868,*bIgun=41
TX868,TX,868,#bIgu(n)=41
TX869,TX,869,!bIgan=41
TX869,TX,869,*bIgan=41
TX869,TX,869,#bIgun=41
TX870,TX,870,!bIgin=41
TX870,TX,870,*bIgan=41
TX870,TX,870,#bIgun=41
TX871,TX,871,-
TX872,TX,872,-
TX873,TX,873,!bIgin=41
TX873,TX,873,*bIgon=41
TX873,TX,873,#bIgon=41
TX874,TX,874,!bIgin=41
TX874,TX,874,*bIgan=41
TX874,TX,874,#bIgun=41
TX875,TX,875,#bIgun=41
TX876,TX,876,!bIgeen=41
TX876,TX,876,*bIgen=41
TX876,TX,876,#bIgun=41
TX877,TX,877,!bIgin=41
TX877,TX,877,*bIgan=41
TX877,TX,877,#bIgun=41
TX878,TX,878,!bIgin=41
TX878,TX,878,*bIgan=41
TX878,TX,878,#bIgun=41
TX879,TX,879,-
TX880,TX,880,*bIgon=41
TX881,TX,881,-
TX882,TX,882,-
TX883,TX,883,-
TX884,TX,884,-
TX885,TX,885,-
TX886,TX,886,*bIgin=41
TX887,TX,887,*bIgan=41
TX887,TX,887,#bIgan=41
TX888,TX,888,@bIgenNG=414
TX889,TX,889,!bIgin=41
TX889,TX,889,*bIgen=41
TX889,TX,889,#bIgan=41
TX890,TX,890,!bIgin=41
TX890,TX,890,*bIgan=41
TX890,TX,890,#bIgan=41
TX891,TX,891,!bIgin=41
TX891,TX,891,*bIgan=41
TX891,TX,891,#bAgun=41
TX892,TX,892,!bIgin=41
TX892,TX,892,*bIgen=41
TX893,TX,893,!bIgin=41
TX893,TX,893,*bIgan=41
TX893,TX,893,#bIgun=41
TX894,TX,894,!beegin=31
TX894,TX,894,*bigan=31
TX894,TX,894,#bigun=31
TX895,TX,895,!bIgin=41
TX895,TX,895,*bIgen=41
TX895,TX,895,#bIgun=41
TX896,TX,896,*bIgin=41
TX897,TX,897,-
TX898,TX,898,-
TX899,TX,899,!bIgeen=41
TX899,TX,899,#bIgun=41
TX900,TX,900,!bIgi[n]=41
TX900,TX,900,*bigan=31
TX900,TX,900,#bIgun=41
TX900,TX,900,#bIga[n]=41
TX901,TX,901,!bIgin=41
TX901,TX,901,*bIgend=41
TX901,TX,901,#bIgun=41
TX902,TX,902,*bIgan=41
TX902,TX,902,#bIgun=41
TX903,TX,903,-
TX904,TX,904,!bIgin=41
TX904,TX,904,*bIgan=41
TX904,TX,904,#bIgan=41
TX905,TX,905,!bIgin=41
TX905,TX,905,*bIgan=41
TX905,TX,905,#bIgun=41
TX906,TX,906,!bIgin=41
TX906,TX,906,*bIgan=41
TX907,TX,907,!bAgin=41
TX907,TX,907,*bIgan=41
TX908,TX,908,!bIgin=41
TX908,TX,908,*bIgen=41
TX908,TX,908,#bIgun=41
TX909,TX,909,-
TX910,TX,910,!bIgin=41
TX910,TX,910,*bIgan=41
TX910,TX,910,#bIgun=41
TX911,TX,911,!bIgin=41
TX911,TX,911,*bIgan=41
TX911,TX,911,#bIgun=41
