Informant,State,Informant number,Response
TN001,TN,001,nuthN=14
TN002,TN,002,nathN=14
TN003,TN,003,nuthN=14
TN004,TN,004,nuthN=14
TN005,TN,005,nuthN=14
TN006,TN,006,n{oo}thN=14
TN007,TN,007,nuthN=14
TN008,TN,008,nuthN=14
TN009,TN,009,nuthN=14
TN010,TN,010,nuthN=14
TN011,TN,011,nethN=14
TN012,TN,012,nuthN=14
TN013,TN,013,nuthN=14
TN014,TN,014,nuthN=14
TN015,TN,015,nuthNG=14
TN016,TN,016,nuthing=13
TN017,TN,017,nuthN=14
TN018,TN,018,nothN=14
TN019,TN,019,nothN=14
TN020,TN,020,nuthNG=14
TN021,TN,021,-
TN022,TN,022,nuthNG=14
TN023,TN,023,nothN=14
TN023,TN,023,nuthN=14
TN024,TN,024,nuthN=14
TN025,TN,025,nothN=14
TN025,TN,025,nuthN=14
TN026,TN,026,nuthN=14
TN027,TN,027,nuthN=14
TN028,TN,028,nu{dh}NG=14
TN029,TN,029,nuthN=14
TN030,TN,030,nuthN=14
TN031,TN,031,nuthN=14
TN032,TN,032,nuthN=14
TN033,TN,033,nudhN=14
TN034,TN,034,nuthN=14
TN035,TN,035,nuthNG=14
TN036,TN,036,nuthN=14
TN037,TN,037,nuthN=14
TN038,TN,038,nuthN=14
TN039,TN,039,nuthN=14
TN040,TN,040,nuthN=14
TN041,TN,041,nuthN=14
TN042,TN,042,nuthN=14
TN043,TN,043,nuthN=14
TN044,TN,044,nothN=14
TN045,TN,045,nuthN=14
TN046,TN,046,nuthN=14
TN047,TN,047,-
TN048,TN,048,nuthN=14
TN049,TN,049,nuthN=14
TN050,TN,050,nuthN=14
TN051,TN,051,nuthNG=14
TN052,TN,052,nuthN=14
TN053,TN,053,nuthN=14
TN054,TN,054,-
TN055,TN,055,nuthN=14
TN056,TN,056,nuthN=14
TN057,TN,057,nuthN=14
TN057,TN,057,nuthNG=14
TN058,TN,058,nuthN=14
TN059,TN,059,nuthN=14
TN060,TN,060,nuthNG=14
GA061,GA,061,nuthN=14
GA062,GA,062,nuthN=14
GA063,GA,063,nuthN=14
GA064,GA,064,nuthN=14
GA065,GA,065,nuthN=14
GA066,GA,066,nuthN=14
GA066,GA,066,nu{t}N=14
GA067,GA,067,nuthNG=14
GA068,GA,068,-
GA069,GA,069,nuthN=14
GA070,GA,070,-
GA071,GA,071,nuthN=14
GA072,GA,072,nuthN=14
GA073,GA,073,nuthN=14
GA074,GA,074,nuthN=14
GA075,GA,075,nuthN=14
GA075,GA,075,nuthNG=14
GA076,GA,076,nuthing=13
GA077,GA,077,nuthN=14
GA078,GA,078,nuthN=14
GA079,GA,079,nuthNG=14
GA080,GA,080,nuthN=14
GA081,GA,081,nothN=14
GA081,GA,081,nuthN=14
GA082,GA,082,nuthin=13
GA083,GA,083,nuthin=13
GA084,GA,084,nuthN=14
GA085,GA,085,nuthNG=14
GA086,GA,086,nuthN=14
GA087,GA,087,nuthN=14
GA088,GA,088,nuthN=14
GA089,GA,089,-
GA090,GA,090,nuthN=14
GA091,GA,091,nethN=14
GA092,GA,092,-
GA093,GA,093,-
GA094,GA,094,nuthN=14
GA095,GA,095,nuthN=14
GA096,GA,096,nuthN=14
GA097,GA,097,nuthNG=14
GA098,GA,098,nudhN=14
GA098,GA,098,nuthN=14
GA099,GA,099,nuthN=14
GA100,GA,100,nuthN=14
GA101,GA,101,nuthNG=14
GA102,GA,102,-
GA103,GA,103,nuthN=14
GA104,GA,104,nuthNG=14
GA105,GA,105,nuthN=14
GA106,GA,106,nuthN=14
GA107,GA,107,nuthin=13
GA108,GA,108,nuthN=14
GA109,GA,109,nuthN=14
GA110,GA,110,nuthN=14
GA111,GA,111,nuthN=14
GA112,GA,112,nuthN=14
GA113,GA,113,nuthN=14
GA114,GA,114,nuthN=14
GA115,GA,115,nuthN=14
GA116,GA,116,nuthN=14
GA117,GA,117,nuthN=14
GA118,GA,118,nuthNG=14
GA119,GA,119,nuthN=14
GA120,GA,120,nuthN=14
GA120,GA,120,nuthNG=14
GA121,GA,121,nuthN=14
GA122,GA,122,nuthN=14
GA123,GA,123,nuthN=14
GA124,GA,124,nuthN=14
GA125,GA,125,nuthN=14
GA126,GA,126,nuthN=14
GA127,GA,127,nuthN=14
GA128,GA,128,n{oo}thN=14
GA128,GA,128,nuthN=14
GA129,GA,129,nuthN=14
GA130,GA,130,nuthN=14
GA131,GA,131,nuthN=14
GA132,GA,132,nuthN=14
GA133,GA,133,nuthN=14
GA134,GA,134,nuthN=14
GA134,GA,134,nutN=14
GA135,GA,135,nuthN=14
GA136,GA,136,nuthN=14
GA137,GA,137,nuthNG=14
GA138,GA,138,nothN=14
GA139,GA,139,nuthN=14
GA140,GA,140,nuthN=14
GA141,GA,141,nuthN=14
GA142,GA,142,nuthN=14
GA143,GA,143,nuthN=14
GA144,GA,144,nuthN=14
GA144,GA,144,nuthNG=14
GA145,GA,145,nuthN=14
GA145,GA,145,nu{t}N=14
GA146,GA,146,nuthN=14
GA147,GA,147,nuthN=14
GA147,GA,147,nuthNG=14
GA148,GA,148,nuthN=14
GA149,GA,149,nutN=14
GA150,GA,150,nuthN=14
GA151,GA,151,nuthN=14
GA152,GA,152,nuthN=14
GA153,GA,153,nuthN=14
GA154,GA,154,nuthN=14
GA155,GA,155,nuthNz=14
GA156,GA,156,nufN=14
GA156,GA,156,nuthN=14
GA156,GA,156,nu(th)n
GA157,GA,157,nuthN=14
GA158,GA,158,-
GA159,GA,159,-
GA160,GA,160,nuthN=14
GA161,GA,161,nuthN=14
GA162,GA,162,nuthN=14
GA163,GA,163,nuthN=14
GA163,GA,163,nuthNG=14
GA164,GA,164,nuthN=14
GA165,GA,165,nuthN=14
GA166,GA,166,nuthN=14
GA167,GA,167,nuthNG=14
GA168,GA,168,nuthN=14
GA169,GA,169,nuthN=14
GA170,GA,170,nuthN=14
GA171,GA,171,nuthNG=14
GA172,GA,172,nuthN=14
GA173,GA,173,-
GA174,GA,174,-
GA175,GA,175,nuthN=14
GA176,GA,176,nuthN=14
GA177,GA,177,nuthN=14
GA178,GA,178,nuthN=14
GA178,GA,178,nutN=14
GA179,GA,179,nuthN=14
GA179,GA,179,nu{t}N=14
GA180,GA,180,nuthN=14
GA181,GA,181,nuthN=14
GA181,GA,181,nuthNG=14
GA182,GA,182,nuthNG=14
GA183,GA,183,nuthN=14
GA184,GA,184,nuthN=14
GA185,GA,185,nuthNG=14
GA186,GA,186,nuthN=14
GA187,GA,187,nuthN=14
GA188,GA,188,nuthN=14
GA188,GA,188,nutN=14
GA189,GA,189,nuthN=14
GA190,GA,190,nuthN=14
GA190,GA,190,nu{t}N=14
GA191,GA,191,nuthNG=14
GA191,GA,191,nutN=14
GA192,GA,192,nuthin=13
GA192,GA,192,nuthN=14
GA193,GA,193,nuthN=14
GA194,GA,194,nuthN=14
GA195,GA,195,nuthNG=14
GA196,GA,196,-
GA197,GA,197,-
GA198,GA,198,nuthN=14
GA199,GA,199,nuthN=14
GA199,GA,199,nutN=14
GA200,GA,200,nuthN=14
GA201,GA,201,nuthN=14
GA202,GA,202,-
GA203,GA,203,-
GA204,GA,204,-
GA205,GA,205,nuthN=14
GA206,GA,206,nuthN=14
GA207,GA,207,nuthN=14
GA208,GA,208,-
GA209,GA,209,-
GA210,GA,210,nuthN=14
GA211,GA,211,nuthN=14
GA212,GA,212,-
GA213,GA,213,nuthNG=14
GA214,GA,214,nuthNG=14
GA215,GA,215,nuthN=14
GA216,GA,216,nuthN=14
GA217,GA,217,nuthN=14
GA218,GA,218,nuthN=14
GA219,GA,219,nuthN=14
GA219,GA,219,nuthNG=14
GA220,GA,220,nuthN=14
GA221,GA,221,nothN=14
GA222,GA,222,nothN=14
GA222,GA,222,nuthN=14
GA223,GA,223,nuthN=14
GA224,GA,224,nuthN=14
GA225,GA,225,nuthN=14
FL226,FL,226,nufN=14
FL226,FL,226,nuthN=14
FL227,FL,227,nuthNG=14
FL227,FL,227,nu(th)N=14
FL228,FL,228,nuthin=13
FL229,FL,229,nufN=14
FL229,FL,229,nuthN=14
FL230,FL,230,-
FL231,FL,231,nuthN=14
FL232,FL,232,nothN=14
FL232,FL,232,nuthNG=14
FL233,FL,233,nuthN=14
FL233,FL,233,nutN=14
FL234,FL,234,nuthN=14
FL235,FL,235,nuthN=14
FL236,FL,236,nuthN=14
FL237,FL,237,nuthN=14
FL238,FL,238,nuthN=14
FL239,FL,239,nuthN=14
FL240,FL,240,nuthNG=14
FL241,FL,241,nuthN=14
FL242,FL,242,nuthN=14
FL243,FL,243,nuthN=14
FL244,FL,244,nuthN=14
FL245,FL,245,nuthNG=14
FL246,FL,246,nuthN=14
FL247,FL,247,nuthN=14
FL247,FL,247,nuthNG=14
FL248,FL,248,nuthN=14
FL248,FL,248,nuthNG=14
FL249,FL,249,nuthN=14
FL249,FL,249,nuthNG=14
FL250,FL,250,nuthN=14
FL251,FL,251,nuthN=14
FL252,FL,252,nuthNG=14
FL253,FL,253,-
FL254,FL,254,nuthN=14
FL255,FL,255,nuthNG=14
FL256,FL,256,nuthN=14
FL257,FL,257,nuthN=14
FL258,FL,258,nuthN=14
FL258,FL,258,n{oo}thN=14
FL259,FL,259,-
FL260,FL,260,-
FL261,FL,261,nuthNG=14
FL262,FL,262,-
FL263,FL,263,nuthN=14
FL264,FL,264,nuthNG=14
FL265,FL,265,nuthN=14
FL265,FL,265,nuth[N]=14
FL266,FL,266,nuthing=13
FL267,FL,267,nuthN=14
FL268,FL,268,nuthN=14
FL269,FL,269,nuthN=14
FL270,FL,270,nuthNG=14
FL271,FL,271,nuthN=14
FL272,FL,272,nuthNG=14
FL273,FL,273,nuthNG=14
FL274,FL,274,nuthN=14
FL275,FL,275,-
FL276,FL,276,nuthN=14
FL277,FL,277,nuthN=14
FL278,FL,278,nuthNG=14
FL279,FL,279,nuthN=14
FL279,FL,279,nuthNG=14
FL280,FL,280,nuthN=14
FL281,FL,281,nuthN=14
FL281,FL,281,nutN=14
FL282,FL,282,-
FL283,FL,283,nuthN=14
FL284,FL,284,nuthNG=14
FL285,FL,285,-
FL286,FL,286,nuthN=14
FL287,FL,287,nuthN=14
FL288,FL,288,nu{t}N=14
FL289,FL,289,nuthN=14
TN290,TN,290,nuthing=13
TN291,TN,291,nothN=14
TN291,TN,291,nuthN=14
TN292,TN,292,nuthN=14
TN293,TN,293,nuthN=14
TN294,TN,294,nuthN=14
TN295,TN,295,nuthN=14
TN296,TN,296,nuthNG=14
TN297,TN,297,nuthing=13
TN298,TN,298,nuthN=14
TN299,TN,299,nuthN=14
TN300,TN,300,nuthN=14
TN301,TN,301,nuthN=14
TN302,TN,302,nuthN=14
TN303,TN,303,nethN=14
TN303,TN,303,nuthN=14
TN303,TN,303,nutN=14
TN304,TN,304,nuthN=14
TN305,TN,305,-
TN306,TN,306,nuthN=14
TN307,TN,307,nuthNG=14
TN308,TN,308,nuthN=14
TN308,TN,308,nuthNG=14
TN309,TN,309,-
TN310,TN,310,-
TN311,TN,311,nuthNG=14
TN312,TN,312,nuthing=13
TN313,TN,313,nuthN=14
TN314,TN,314,nuthN=14
TN315,TN,315,nuthN=14
TN316,TN,316,-
TN317,TN,317,nuthN=14
TN318,TN,318,nuthN=14
TN319,TN,319,nuthN=14
TN320,TN,320,nuthN=14
TN321,TN,321,nuthN=14
TN322,TN,322,nuthN=14
TN323,TN,323,nuthNG=14
TN324,TN,324,nuthN=14
TN325,TN,325,nuthN=14
TN325,TN,325,nutN=14
TN326,TN,326,nutN=14
TN327,TN,327,nuthNG=14
TN328,TN,328,nuthNG=14
TN329,TN,329,nuthN=14
TN330,TN,330,nuthN=14
TN331,TN,331,nuthN=14
TN332,TN,332,nuthN=14
TN333,TN,333,nuthN=14
TN334,TN,334,nuthN=14
TN335,TN,335,-
TN336,TN,336,nuthN=14
TN336,TN,336,nuthNG=14
AL337,AL,337,-
AL338,AL,338,nuthN=14
AL339,AL,339,nuthN=14
AL340,AL,340,nuthN=14
AL341,AL,341,nuthN=14
AL342,AL,342,nuthN=14
AL342,AL,342,nuthNG=14
AL343,AL,343,nuthN=14
AL343,AL,343,nuthNG=14
AL344,AL,344,nuthN=14
AL345,AL,345,nuthN=14
AL346,AL,346,nuthN=14
AL346,AL,346,nuthNG=14
AL347,AL,347,nuthN=14
AL347,AL,347,nutN=14
AL348,AL,348,nuthN=14
AL349,AL,349,nuthN=14
AL350,AL,350,-
AL351,AL,351,nuthNG=14
AL352,AL,352,nuthN=14
AL353,AL,353,nuthN=14
AL354,AL,354,nuthN=14
AL355,AL,355,-
AL356,AL,356,nuthNG=14
AL357,AL,357,nuthN=14
AL357,AL,357,nuthNG=14
AL358,AL,358,nuthN=14
AL359,AL,359,nuthN=14
AL360,AL,360,nuthN=14
AL361,AL,361,-
AL362,AL,362,nuthN=14
AL363,AL,363,nuthN=14
AL364,AL,364,nuthN=14
AL365,AL,365,-
AL366,AL,366,nuthNG=14
AL367,AL,367,nuthN=14
AL367,AL,367,nuthNG=14
AL368,AL,368,nuthN=14
AL369,AL,369,nuthN=14
AL370,AL,370,nuthN=14
AL371,AL,371,nuthN=14
AL372,AL,372,-
AL373,AL,373,nudhN=14
AL373,AL,373,nuthN=14
AL374,AL,374,nuthNG=14
AL375,AL,375,nuthNG=14
AL376,AL,376,nuthN=14
AL377,AL,377,nuthN=14
AL378,AL,378,nuthN=14
AL379,AL,379,-
AL380,AL,380,nuthN=14
AL381,AL,381,-
AL382,AL,382,-
AL383,AL,383,nuthNG=14
AL384,AL,384,nuthN=14
AL385,AL,385,-
AL386,AL,386,nuthN=14
AL387,AL,387,nuthN=14
AL388,AL,388,nuthN=14
AL389,AL,389,nuthN=14
AL390,AL,390,nuthN=14
AL391,AL,391,nuthN=14
AL391,AL,391,nuthNG=14
AL392,AL,392,nuthN=14
AL393,AL,393,nuthN=14
AL394,AL,394,nuthN=14
AL395,AL,395,nuthN=14
AL395,AL,395,nuthNG=14
AL396,AL,396,nuthN=14
AL397,AL,397,nuthN=14
AL398,AL,398,nuthN=14
AL399,AL,399,nudhN=14
AL400,AL,400,nuthN=14
AL401,AL,401,nuthN=14
AL402,AL,402,nuthN=14
AL403,AL,403,nuthN=14
AL404,AL,404,nuthN=14
AL405,AL,405,nuthN=14
AL406,AL,406,nuthN=14
AL406,AL,406,nutN=14
AL407,AL,407,nuthN=14
AL408,AL,408,nuthN=14
AL408,AL,408,nutN=14
AL409,AL,409,nuthN=14
AL410,AL,410,nuthN=14
AL411,AL,411,nuthN=14
AL412,AL,412,nuthN=14
AL413,AL,413,-
AL414,AL,414,nudhNG=14
AL414,AL,414,nuthNG=14
AL415,AL,415,nuthN=14
AL416,AL,416,nuthN=14
AL417,AL,417,nuthN=14
AL418,AL,418,nuthN=14
AL418,AL,418,nuthNG=14
AL419,AL,419,nuthN=14
AL420,AL,420,nothN=14
AL421,AL,421,nuthN=14
AL422,AL,422,nuthN=14
AL423,AL,423,nuthNG=14
AL424,AL,424,nuthN=14
AL425,AL,425,-
AL426,AL,426,nuthN=14
AL427,AL,427,nuthN=14
AL428,AL,428,nuthN=14
AL429,AL,429,nuthNG=14
AL430,AL,430,-
AL431,AL,431,nuthN=14
AL432,AL,432,nuthN=14
AL433,AL,433,nuthN=14
AL434,AL,434,nuthN=14
AL435,AL,435,nuthN=14
AL435,AL,435,nuthNG=14
AL436,AL,436,nuthN=14
AL437,AL,437,nuthN=14
AL438,AL,438,nuthN=14
AL439,AL,439,n{oo}thN=14
AL439,AL,439,nuthN=14
AL440,AL,440,-
AL441,AL,441,nuthN=14
AL442,AL,442,nuthN=14
AL443,AL,443,nuthN=14
AL444,AL,444,nuthN=14
AL445,AL,445,nuthN=14
AL446,AL,446,n{oo}thN=14
AL446,AL,446,nuthN=14
AL447,AL,447,nuthN=14
AL448,AL,448,nuthN=14
AL449,AL,449,nuthN=14
AL450,AL,450,noth[N]=14
AL450,AL,450,nuthN=14
AL451,AL,451,nuthN=14
FL452,FL,452,-
FL453,FL,453,nuthN=14
FL454,FL,454,nuthN=14
FL455,FL,455,-
FL456,FL,456,-
FL457,FL,457,nuthNG=14
FL458,FL,458,-
FL459,FL,459,nuthN=14
FL460,FL,460,nuthin=13
FL460,FL,460,nuthN=14
FL461,FL,461,nuthN=14
FL461,FL,461,nutN=14
FL462,FL,462,nuthN=14
FL463,FL,463,nuthN=14
FL464,FL,464,nuthN=14
FL465,FL,465,nuthN=14
FL466,FL,466,nuthN=14
FL467,FL,467,nuthN=14
FL468,FL,468,nuthN=14
FL469,FL,469,nuthN=14
FL470,FL,470,nuthN=14
FL471,FL,471,nuthN=14
AL472,AL,472,nuthN=14
AL473,AL,473,nuthN=14
AL473,AL,473,nutN=14
AL474,AL,474,nuthN=14
AL475,AL,475,nuthN=14
AL475,AL,475,nuthNG=14
AL476,AL,476,nuthN=14
AL476,AL,476,nuthNG=14
AL477,AL,477,nuthin=13
AL478,AL,478,nufN=14
AL478,AL,478,nuthN=14
AL478,AL,478,nutN=14
AL479,AL,479,nuthN=14
AL480,AL,480,nuthN=14
AL481,AL,481,nuthN=14
AL482,AL,482,nuthN=14
AL483,AL,483,nuthN=14
AL484,AL,484,nuthN=14
AL485,AL,485,nutheng=13
AL485,AL,485,nuthN=14
TN486,TN,486,nuthN=14
TN487,TN,487,nuthN=14
TN488,TN,488,nuthN=14
TN489,TN,489,nuthN=14
TN490,TN,490,nuthNG=14
TN491,TN,491,nuthN=14
TN492,TN,492,nuthN=14
TN493,TN,493,nuthN=14
TN494,TN,494,-
TN495,TN,495,nuthN=14
TN496,TN,496,nuthN=14
TN497,TN,497,nuthN=14
TN498,TN,498,nuthN=14
TN499,TN,499,nuthNG=14
TN500,TN,500,nuthN=14
TN501,TN,501,nuthN=14
TN502,TN,502,nuthN=14
TN503,TN,503,nuthN=14
TN504,TN,504,nuthN=14
TN505,TN,505,nithN=14
TN505,TN,505,nuthN=14
TN506,TN,506,nuthN=14
TN507,TN,507,nuthN=14
TN508,TN,508,nuthNG=14
TN509,TN,509,nuthN=14
TN510,TN,510,nuthN=14
TN510,TN,510,nutN=14
TN511,TN,511,nuthNG=14
TN512,TN,512,nuthN=14
TN513,TN,513,nuthN=14
TN514,TN,514,nudhN=14
TN514,TN,514,nuthN=14
TN515,TN,515,nuthNG=14
TN516,TN,516,nuthN=14
TN517,TN,517,-
TN518,TN,518,-
TN519,TN,519,nuthNG=14
MS520,MS,520,nuthN=14
MS521,MS,521,nuthNG=14
MS522,MS,522,nuthN=14
MS523,MS,523,-
MS524,MS,524,nuthN=14
MS524,MS,524,nutN=14
MS525,MS,525,nuthN=14
MS526,MS,526,nuthN=14
MS526,MS,526,nuthNG=14
MS527,MS,527,nuthN=14
MS528,MS,528,nuthN=14
MS529,MS,529,-
MS530,MS,530,-
MS531,MS,531,nuthN=14
MS532,MS,532,nuthN=14
MS533,MS,533,nuthN=14
MS534,MS,534,nuthN=14
MS534,MS,534,nutN=14
MS535,MS,535,notN=14
MS535,MS,535,nuthN=14
MS536,MS,536,nuthN=14
MS537,MS,537,nuthN=14
MS538,MS,538,-
MS539,MS,539,nuthN=14
MS540,MS,540,nuthN=14
MS541,MS,541,-
MS542,MS,542,nuthN=14
MS543,MS,543,nuthNG=14
MS544,MS,544,nuthN=14
MS545,MS,545,nuthNG=14
MS546,MS,546,nuthN=14
MS547,MS,547,nuthN=14
MS547,MS,547,nuthNG=14
MS548,MS,548,nuthN=14
MS549,MS,549,nuthN=14
MS550,MS,550,nuthN=14
MS551,MS,551,nuthN=14
MS552,MS,552,-
MS553,MS,553,nuthNG=14
MS554,MS,554,nuthN=14
MS555,MS,555,nuthN=14
MS556,MS,556,nuthN=14
MS557,MS,557,nuthN=14
MS558,MS,558,nuthN=14
MS559,MS,559,nuthN=14
MS560,MS,560,nuthN=14
MS561,MS,561,nutN=14
MS561,MS,561,nuthN=14
MS562,MS,562,nuthN=14
MS563,MS,563,nothN=14
MS564,MS,564,nuthN=14
MS565,MS,565,nuthN=14
MS566,MS,566,nuthN=14
MS567,MS,567,nuthNd=14
MS568,MS,568,nuthN=14
MS569,MS,569,nuthN=14
MS570,MS,570,nuthN=14
MS571,MS,571,nutN=14
MS571,MS,571,nuthN=14
MS572,MS,572,nuthN=14
MS573,MS,573,nuthN=14
MS574,MS,574,nuthN=14
MS575,MS,575,nuthN=14
MS576,MS,576,-
MS577,MS,577,nuthN=14
MS578,MS,578,nuthN=14
MS579,MS,579,-
MS580,MS,580,nuthN=14
MS581,MS,581,nutN=14
MS581,MS,581,nuthNG=14
MS582,MS,582,nuthN=14
MS583,MS,583,nuthN=14
MS584,MS,584,nuthN=14
MS585,MS,585,nuthN=14
MS586,MS,586,nuthN=14
MS587,MS,587,nuthN=14
MS588,MS,588,nutN=14
MS588,MS,588,nuthN=14
MS589,MS,589,nuthN=14
MS590,MS,590,nuthN=14
MS591,MS,591,nuthN=14
MS592,MS,592,nuthN=14
MS593,MS,593,nuthN=14
MS594,MS,594,nuthN=14
MS595,MS,595,nuthN=14
MS596,MS,596,nuthN=14
MS597,MS,597,nutN=14
MS597,MS,597,nuthN=14
MS598,MS,598,nuthN=14
MS599,MS,599,nuthNG=14
MS600,MS,600,nuthN=14
MS601,MS,601,-
MS602,MS,602,nuthN=14
MS603,MS,603,nuthN=14
MS604,MS,604,nuthN=14
MS605,MS,605,nuthN=14
MS606,MS,606,nuthN=14
MS606,MS,606,nuthNG=14
MS607,MS,607,nuthN=14
MS608,MS,608,nutN=14
MS608,MS,608,nuthN=14
MS609,MS,609,nutN=14
MS609,MS,609,nuthN=14
MS610,MS,610,nuthN=14
MS610,MS,610,nu{t}N=14
MS611,MS,611,-
MS612,MS,612,nufN=14
MS613,MS,613,-
MS614,MS,614,-
MS615,MS,615,-
MS616,MS,616,nuthN=14
MS617,MS,617,nudhN=14
MS617,MS,617,nutN=14
MS618,MS,618,nuthNG=14
MS619,MS,619,nuthN=14
MS619,MS,619,nutN=14
MS620,MS,620,no{p}M=14
MS620,MS,620,noth[N]=14
MS621,MS,621,nutN=14
MS621,MS,621,nuthN=14
MS622,MS,622,nuthN=14
MS623,MS,623,nuthN=14
MS624,MS,624,nuthN=14
MS625,MS,625,nuthN=14
MS626,MS,626,-
MS627,MS,627,nuthN=14
MS628,MS,628,nuthN=14
MS629,MS,629,nuthN=14
LA630,LA,630,nutN=14
LA630,LA,630,nuthN=14
LA631,LA,631,nuthN=14
LA631,LA,631,nuthNG=14
LA632,LA,632,-
LA633,LA,633,-
LA634,LA,634,nuthN=14
LA635,LA,635,-
LA636,LA,636,nuthN=14
LA637,LA,637,nuthN=14
LA638,LA,638,nuthN=14
LA639,LA,639,nutN=14
LA639,LA,639,nuthN=14
LA640,LA,640,nudhNG=14
LA640,LA,640,nudN=14
LA641,LA,641,nuthN=14
LA642,LA,642,nuthN=14
LA643,LA,643,nuthNG=14
LA644,LA,644,-
LA645,LA,645,nuthN=14
LA646,LA,646,nuthN=14
LA646,LA,646,nuthNG=14
LA647,LA,647,nudN=14
LA648,LA,648,nuthN=14
LA649,LA,649,nutN=14
LA650,LA,650,nuthN=14
LA651,LA,651,nuthN=14
LA652,LA,652,nuthN=14
LA652,LA,652,nuthNG=14
LA653,LA,653,nuthN=14
LA653,LA,653,nutN=14
LA654,LA,654,nuthNG=14
LA655,LA,655,nuthNG=14
LA656,LA,656,nutN=14
LA656,LA,656,nuthN=14
LA656,LA,656,nuthNG=14
LA657,LA,657,nuthN=14
LA657,LA,657,nuthNG=14
LA657X,LA,657X,nuthNG=14
LA657Y,LA,657Y,nuthNG=14
LA657Z,LA,657Z,nothNG=14
LA657Z,LA,657Z,nuthN=14
LA658,LA,658,nothNG=14
LA659,LA,659,nuthN=14
LA660,LA,660,nuthN=14
LA661,LA,661,nuth[N]=14
LA662,LA,662,nuthN=14
LA663,LA,663,nutN=14
LA663,LA,663,nuthN=14
LA663,LA,663,nuthNG=14
LA664,LA,664,nutN=14
LA664,LA,664,nuthN=14
LA665,LA,665,nutN=14
LA665,LA,665,nuthN=14
LA666,LA,666,nutN=14
LA666,LA,666,nuthN=14
LA667,LA,667,nutN=14
LA668,LA,668,nuthN=14
LA669,LA,669,nuthN=14
LA670,LA,670,nuthN=14
LA671,LA,671,-
LA672,LA,672,nut{?}N=14
LA672,LA,672,nuthN=14
LA673,LA,673,nuthN=14
AR674,AR,674,nuthN=14
AR675,AR,675,nuthN=14
AR676,AR,676,-
AR677,AR,677,nuthN=14
AR678,AR,678,nuthN=14
AR679,AR,679,nuthN=14
AR680,AR,680,nuthN=14
AR681,AR,681,nutN=14
AR681,AR,681,nuthN=14
AR682,AR,682,nuthN=14
AR682,AR,682,nuthNG=14
AR683,AR,683,nuthN=14
AR684,AR,684,nuthN=14
AR685,AR,685,nuthN=14
AR685,AR,685,nuthNG=14
AR686,AR,686,nuthN=14
AR687,AR,687,nuthN=14
AR688,AR,688,nuthN=14
AR688,AR,688,nuthNG=14
AR689,AR,689,nuthNG=14
AR690,AR,690,-
AR691,AR,691,nuthN=14
AR692,AR,692,nuthN=14
AR693,AR,693,nuthNG=14
AR694,AR,694,nuthN=14
AR695,AR,695,nuthNz=14
AR696,AR,696,nuthN=14
AR697,AR,697,-
AR698,AR,698,nuthN=14
AR699,AR,699,nuthN=14
AR700,AR,700,nuthN=14
AR701,AR,701,nuthN=14
AR702,AR,702,nuthN=14
AR703,AR,703,nuthN=14
AR704,AR,704,nuthN=14
AR705,AR,705,nuthN=14
AR706,AR,706,nuthN=14
AR707,AR,707,nuthN=14
AR708,AR,708,nuthNG=14
AR709,AR,709,nuthNG=14
AR710,AR,710,nothN=14
AR711,AR,711,nuthNG=14
AR712,AR,712,nuthNG=14
AR713,AR,713,nothN=14
AR714,AR,714,nutN=14
AR714,AR,714,nuthN=14
AR715,AR,715,nuthN=14
AR716,AR,716,nuthN=14
AR717,AR,717,nuthN=14
AR718,AR,718,nuthN=14
AR718,AR,718,nuthNG=14
AR719,AR,719,nuthN=14
AR720,AR,720,nuthNG=14
AR721,AR,721,nuthN=14
AR721,AR,721,nuthNG=14
AR722,AR,722,nuthN=14
AR723,AR,723,nuthN=14
AR724,AR,724,-
AR725,AR,725,nuthN=14
AR725,AR,725,nuthNG=14
AR726,AR,726,nuthin=13
AR727,AR,727,nuthN=14
AR728,AR,728,nuthN=14
AR729,AR,729,nuthN=14
AR730,AR,730,-
AR731,AR,731,nuthN=14
AR732,AR,732,nuthN=14
AR733,AR,733,nuthN=14
AR734,AR,734,nuthN=14
AR735,AR,735,nuthNG=14
AR736,AR,736,-
AR737,AR,737,nuthN=14
AR738,AR,738,nuthN=14
AR739,AR,739,-
AR740,AR,740,nuthN=14
AR741,AR,741,nuthN=14
AR741,AR,741,nuthNG=14
AR742,AR,742,nuthN=14
AR743,AR,743,-
AR744,AR,744,nuthN=14
AR745,AR,745,nuthN=14
AR746,AR,746,-
AR747,AR,747,-
AR748,AR,748,nuthN=14
AR749,AR,749,nuthNG=14
AR750,AR,750,nuthN=14
AR751,AR,751,-
AR752,AR,752,nuthN=14
AR753,AR,753,nuthN=14
AR753,AR,753,nuthNG=14
AR754,AR,754,-
AR755,AR,755,nuthN=14
LA756,LA,756,nuthN=14
LA757,LA,757,nuthN=14
LA758,LA,758,n{oo}thN=14
LA759,LA,759,nuthN=14
LA760,LA,760,nutN=14
LA760,LA,760,nuthN=14
LA761,LA,761,nuthN=14
LA762,LA,762,nuthN=14
LA763,LA,763,nuthN=14
LA764,LA,764,nuthN=14
LA765,LA,765,nuthN=14
LA766,LA,766,nutN=14
LA766,LA,766,nuthN=14
LA767,LA,767,nuthN=14
LA768,LA,768,nuthN=14
LA769,LA,769,nuthN=14
LA770,LA,770,nuthN=14
LA771,LA,771,nuthN=14
LA772,LA,772,nutN=14
LA772,LA,772,nuthN=14
LA773,LA,773,nuthN=14
LA773,LA,773,nu{t}N=14
LA774,LA,774,nuthN=14
LA775,LA,775,nuthN=14
LA776,LA,776,nuthing=13
LA776,LA,776,nuthN=14
LA777,LA,777,nutN=14
LA777,LA,777,nuthN=14
LA778,LA,778,nuthN=14
LA779,LA,779,nuthN=14
LA780,LA,780,nuthN=14
LA781,LA,781,nuthN=14
LA782,LA,782,nuthN=14
LA783,LA,783,nuthN=14
LA784,LA,784,nuthN=14
LA785,LA,785,nuthNG=14
LA786,LA,786,nuthN=14
LA787,LA,787,nuthN=14
LA788,LA,788,noth[N]=14
LA788,LA,788,nutN=14
LA788,LA,788,nuthNG=14
LA789,LA,789,nuthN=14
LA790,LA,790,nuthN=14
LA791,LA,791,nutN=14
LA792,LA,792,nuthN=14
LA793,LA,793,nuthN=14
LA794,LA,794,nuthN=14
LA795,LA,795,nuthN=14
LA796,LA,796,nuthN=14
LA797,LA,797,nuthN=14
LA797,LA,797,nu{d}N=14
LA798,LA,798,nuthN=14
LA799,LA,799,nuthN=14
LA800,LA,800,nuthN=14
LA801,LA,801,nuthN=14
LA802,LA,802,nuthN=14
LA803,LA,803,nuthN=14
LA804,LA,804,nuthN=14
LA805,LA,805,nutNG=14
LA806,LA,806,-
LA807,LA,807,nudhN=14
LA808,LA,808,-
LA809,LA,809,nuthN=14
LA810,LA,810,nuthN=14
LA810,LA,810,nu{t}N=14
LA811,LA,811,nutN=14
LA812,LA,812,nothNG=14
LA812,LA,812,nuthNG=14
LA813,LA,813,nutN=14
LA813,LA,813,nuthN=14
LA814,LA,814,nuthN=14
LA815,LA,815,nuthN=14
LA816,LA,816,nuthN=14
LA817,LA,817,nuthN=14
TX818,TX,818,nutN=14
TX819,TX,819,nuthN=14
TX820,TX,820,nuthin=13
TX821,TX,821,nuthN=14
TX822,TX,822,-
TX823,TX,823,nuthN=14
TX824,TX,824,-
TX825,TX,825,-
TX826,TX,826,nuthNG=14
TX827,TX,827,nuthing=13
TX828,TX,828,nuthN=14
TX829,TX,829,nuthN=14
TX830,TX,830,nuthing=13
TX830,TX,830,nuthN=14
TX831,TX,831,nuthNG=14
TX832,TX,832,nuthN=14
TX833,TX,833,-
TX834,TX,834,nuthNG=14
TX835,TX,835,-
TX836,TX,836,nuthN=14
TX837,TX,837,-
TX838,TX,838,nuthN=14
TX839,TX,839,nuthN=14
TX840,TX,840,nuthN=14
TX841,TX,841,-
TX842,TX,842,nuthN=14
TX842,TX,842,nuthNG=14
TX843,TX,843,nuthing=13
TX844,TX,844,nuthN=14
TX844,TX,844,nuthNG=14
TX845,TX,845,nuthN=14
TX846,TX,846,nuthN=14
TX847,TX,847,nuthN=14
TX848,TX,848,nuthN=14
TX849,TX,849,nuthN=14
TX850,TX,850,nuthN=14
TX851,TX,851,nuthN=14
TX852,TX,852,nuthN=14
TX853,TX,853,nuthN=14
TX854,TX,854,-
TX855,TX,855,nuthN=14
TX856,TX,856,nuthN=14
TX857,TX,857,nuthN=14
TX857,TX,857,nuthNG=14
TX858,TX,858,nuthN=14
TX859,TX,859,nuthing=13
TX860,TX,860,nuthNG=14
TX861,TX,861,nuthing=13
TX861,TX,861,nuthN=14
TX862,TX,862,nuthN=14
TX863,TX,863,-
TX864,TX,864,nuthN=14
TX865,TX,865,nuthN=14
TX866,TX,866,nutN=14
TX867,TX,867,nuthN=14
TX867,TX,867,nuthNG=14
TX868,TX,868,nuthN=14
TX869,TX,869,-
TX870,TX,870,nuthNG=14
TX871,TX,871,nuthNG=14
TX872,TX,872,nuthN=14
TX873,TX,873,nuthN=14
TX874,TX,874,nuthing=13
TX875,TX,875,nuthN=14
TX876,TX,876,nuthing=13
TX876,TX,876,nuthN=14
TX877,TX,877,nuthN=14
TX878,TX,878,nuthNG=14
TX879,TX,879,nuthN=14
TX880,TX,880,nuthin=13
TX881,TX,881,nuthNG=14
TX882,TX,882,nuthN=14
TX882,TX,882,nu{t}N=14
TX883,TX,883,nuthN=14
TX883,TX,883,nuthNG=14
TX884,TX,884,-
TX885,TX,885,nuthNG=14
TX886,TX,886,nuthN=14
TX886,TX,886,nu{t}N=14
TX887,TX,887,nuthN=14
TX888,TX,888,nuthNG=14
TX889,TX,889,nuthN=14
TX890,TX,890,nuthN=14
TX891,TX,891,nuthNG=14
TX892,TX,892,nuthN=14
TX893,TX,893,-
TX894,TX,894,nuthNG=14
TX895,TX,895,nuthNz=14
TX896,TX,896,nuthN=14
TX896,TX,896,nuthNG=14
TX897,TX,897,nothNG=14
TX898,TX,898,-
TX899,TX,899,nuthNG=14
TX900,TX,900,-
TX901,TX,901,-
TX902,TX,902,nuthN=14
TX902,TX,902,nuthNG=14
TX903,TX,903,nuthN=14
TX904,TX,904,nuthN=14
TX905,TX,905,-
TX906,TX,906,nuthN=14
TX906,TX,906,nuthNG=14
TX907,TX,907,nuthNG=14
TX908,TX,908,nuthNG=14
TX909,TX,909,-
TX910,TX,910,nuthN=14
TX910,TX,910,nuthNG=14
TX911,TX,911,nuthN=14
