Informant,State,Informant number,Response
TN001,TN,001,awl(w)Az=14
TN001,TN,001,awl(wA)s
TN002,TN,002,awlwaiz=13
TN003,TN,003,awlwAz=14
TN004,TN,004,{aw}(l)wAz=14
TN005,TN,005,awlwaiz=13
TN006,TN,006,awlwaiz=13
TN007,TN,007,awlwaiz=13
TN008,TN,008,awlwAz=14
TN009,TN,009,awlwaiz=13
TN010,TN,010,awlwaiz=13
TN011,TN,011,awl(w)Az=14
TN012,TN,012,awlwAz=14
TN013,TN,013,aw[l]waiz=13
TN014,TN,014,aw[l]waiz=13
TN015,TN,015,awlwez=13
TN016,TN,016,awlwaiz=13
TN017,TN,017,awl(w)Az=14
TN018,TN,018,awlwaiz=13
TN019,TN,019,awlwaiz=13
TN019,TN,019,awlwAz=14
TN020,TN,020,awlwAz=14
TN021,TN,021,-
TN022,TN,022,awlwaiz=13
TN023,TN,023,awlwAz=14
TN024,TN,024,awlwAz=14
TN025,TN,025,awlwAz=14
TN025,TN,025,awl(w)A{z}=14
TN026,TN,026,awlwAz=14
TN027,TN,027,{aw}lwaiz=13
TN028,TN,028,awlwaiz=13
TN028,TN,028,aw(l)waiz=31
TN029,TN,029,awlwAz=14
TN029,TN,029,aw(l)waiz=13
TN030,TN,030,aw(l)waiz=13
TN030,TN,030,{aw}(l)wAz=14
TN031,TN,031,awlwaiz=13
TN032,TN,032,aw[l]wai{z}=13
TN033,TN,033,awlwaiz=13
TN034,TN,034,aw[l]wez=31
TN035,TN,035,aw(l)waiz=13
TN035,TN,035,{aw}lwez=13
TN036,TN,036,awlwAz=14
TN037,TN,037,{aw}(l)waiz=13
TN037,TN,037,{o}lwaiz=13
TN038,TN,038,awlwai{z}=13
TN039,TN,039,{aw}(l)waiz=13
TN040,TN,040,aw(l)w{ai}{z}=13
TN041,TN,041,awlwAz=14
TN042,TN,042,awlwAz=14
TN042,TN,042,awl(w)Az=14
TN043,TN,043,aw[l]waiz=13
TN044,TN,044,-
TN045,TN,045,awlwaiz=13
TN046,TN,046,-
TN047,TN,047,awl(w)A{z}=14
TN048,TN,048,-
TN049,TN,049,awlwaiz=13
TN049,TN,049,{aw}lwAz=14
TN050,TN,050,awlwaiz=13
TN051,TN,051,aw(l)wI{z}=14
TN052,TN,052,aw[l]waiz=13
TN053,TN,053,awlwaiz=13
TN054,TN,054,-
TN055,TN,055,aw(l)wai{z}=13
TN055,TN,055,aw(l)wez=13
TN056,TN,056,awlwai{z}=13
TN056,TN,056,aw(l)waiz=13
TN057,TN,057,awlwaiz=13
TN057,TN,057,aw(l)waiz=13
TN058,TN,058,awlwaiz=13
TN058,TN,058,{o}lwaiz=13
TN059,TN,059,awlwIz=14
TN060,TN,060,-
GA061,GA,061,awlwaiz=13
GA062,GA,062,aw(l)waiz=13
GA063,GA,063,awlwaiz=13
GA064,GA,064,awlwaiz=13
GA065,GA,065,awlwaiz=13
GA065,GA,065,aw(l)waiz=13
GA066,GA,066,awlwaiz=13
GA067,GA,067,awlwaiz=13
GA068,GA,068,awlwaiz=13
GA069,GA,069,awlwai{z}=13
GA070,GA,070,-
GA071,GA,071,aw(l)waiz=13
GA072,GA,072,awlwaiz=13
GA073,GA,073,awlwaiz=13
GA074,GA,074,aw(l)waiz=13
GA075,GA,075,awlwaiz=13
GA076,GA,076,awlwaiz=13
GA077,GA,077,awlw{ai}dh=13
GA077,GA,077,awlwaizh=13
GA077,GA,077,aw(l)waiz=13
GA078,GA,078,awlwaiz=13
GA078,GA,078,aw(l)waiz=13
GA079,GA,079,{o}lwaiz=13
GA080,GA,080,-
GA081,GA,081,awlwaiz=13
GA082,GA,082,awlwaiz=13
GA083,GA,083,aw(l)waiz=13
GA084,GA,084,aw(l)waiz=13
GA085,GA,085,{aw}lwaiz=13
GA086,GA,086,awlwaiz=13
GA087,GA,087,awlwaiz=13
GA088,GA,088,aw(l)wez=13
GA089,GA,089,aw(l)w{ai}z=13
GA090,GA,090,awlwaiz=13
GA091,GA,091,{aw}lwaiz=13
GA092,GA,092,{aw}lwaiz=13
GA093,GA,093,aw[l]w{ai}{zh}=13
GA093,GA,093,aw(l)w{ai}zh=13
GA094,GA,094,awlwaiz=13
GA095,GA,095,aw[l]we{z}=13
GA095,GA,095,aw(l)waiz=13
GA095,GA,095,aw(l)w{ai}z=13
GA095,GA,095,aw(l)wesh=13
GA096,GA,096,aw(l)waiz=13
GA097,GA,097,{aw}(l)waiz=13
GA098,GA,098,awlw{ai}{z}=13
GA099,GA,099,awlwaiz=13
GA100,GA,100,-
GA101,GA,101,{aw}(l)waiz=13
GA101,GA,101,{aw}(l)wez=13
GA102,GA,102,awlwaiz=13
GA103,GA,103,awlwaiz=13
GA103,GA,103,aw(l)wez=13
GA104,GA,104,awlwaiz=13
GA105,GA,105,-
GA106,GA,106,awlwaiz=13
GA107,GA,107,awlwaiz=13
GA108,GA,108,awlwaiz=13
GA108,GA,108,awlwAz=14
GA109,GA,109,aw(l)waiz=13
GA110,GA,110,awlwaiz=13
GA111,GA,111,aw(l)waiz=13
GA112,GA,112,aw[l]waiz=13
GA113,GA,113,aw(l)w{ai}z=13
GA114,GA,114,awlwaiz=13
GA115,GA,115,awlwaiz=13
GA116,GA,116,-
GA117,GA,117,-
GA118,GA,118,aw(l)waiz=13
GA119,GA,119,aw(l)waiz=13
GA120,GA,120,awlwaiz=13
GA120,GA,120,awlwAz=14
GA121,GA,121,awlwaiz=13
GA122,GA,122,aw(l)waiz=13
GA123,GA,123,awlwaiz=13
GA124,GA,124,{aw}(l)waiz=13
GA125,GA,125,awlwaiz=13
GA126,GA,126,awl(w)Az=14
GA127,GA,127,awlwAz=14
GA127,GA,127,awlwez=13
GA128,GA,128,awlwaiz=13
GA129,GA,129,{aw}lwez=13
GA130,GA,130,aw(l)waiz=13
GA131,GA,131,awlwaiz=13
GA132,GA,132,-
GA133,GA,133,aw(l)waiz=13
GA134,GA,134,-
GA135,GA,135,awlwez=13
GA135,GA,135,{aw}lwaiz=13
GA136,GA,136,aw(l)waiz=13
GA137,GA,137,aw(l)waiz=13
GA138,GA,138,awlwaiz=13
GA139,GA,139,awlwaiz=13
GA140,GA,140,aw(l)waiz=13
GA140,GA,140,{aw}(l)waiz=13
GA141,GA,141,awlwaiz=13
GA142,GA,142,awlwaiz=13
GA143,GA,143,awlwaiz=13
GA144,GA,144,aw(l)waiz=13
GA144,GA,144,{aw}lwaiz=13
GA145,GA,145,{aw}lwaiz=13
GA146,GA,146,awlwaiz=13
GA147,GA,147,awlwaiz=13
GA147,GA,147,awlwAz=14
GA147,GA,147,aw(l)waiz=13
GA148,GA,148,awlwaiz=13
GA149,GA,149,awlwaiz=13
GA149,GA,149,aw(l)waiz=13
GA150,GA,150,awlwaiz=13
GA150,GA,150,aw(l)waiz=13
GA151,GA,151,awlwaiz=13
GA151,GA,151,awlwAz=14
GA152,GA,152,{aw}(l)waiz=13
GA153,GA,153,awlwaiz=13
GA154,GA,154,awlwaiz=13
GA155,GA,155,awlwez=13
GA156,GA,156,awlwaiz=13
GA156,GA,156,awlwAz=14
GA157,GA,157,o[l]waiz=13
GA158,GA,158,aw(l)waiz=13
GA159,GA,159,-
GA160,GA,160,awlwaiz=13
GA160,GA,160,aw(l)waiz=13
GA161,GA,161,awlwaiz=13
GA162,GA,162,aw(l)w{ai}z=13
GA163,GA,163,awlw{ai}z=13
GA164,GA,164,aw(l)w{ai}z=31
GA165,GA,165,awlwaiz=13
GA166,GA,166,awlwaiz=13
GA167,GA,167,awlwaiz=13
GA168,GA,168,awlwaiz=13
GA169,GA,169,awlwaiz=13
GA170,GA,170,aw[l]waiz=13
GA171,GA,171,aw(l)waiz=13
GA172,GA,172,aw(l)waiz=13
GA172,GA,172,oelwIz=14
GA173,GA,173,awlwAz=14
GA174,GA,174,-
GA175,GA,175,{aw}lwaiz=13
GA176,GA,176,aw[l]waiz=13
GA177,GA,177,aw(l)waiz=13
GA178,GA,178,aw[l]waiz=13
GA179,GA,179,-
GA180,GA,180,awlwaiz=13
GA180,GA,180,aw[l]waiz=13
GA181,GA,181,awlwez=13
GA182,GA,182,aw(l)waiz=13
GA183,GA,183,aw(l)waiz=13
GA184,GA,184,awlwaiz=13
GA185,GA,185,{o}lwaiz=13
GA185,GA,185,{o}lwAz=14
GA186,GA,186,awlwaiz=13
GA187,GA,187,aw(l)waiz=13
GA188,GA,188,{aw}lwaiz=13
GA189,GA,189,{o}lwaiz=13
GA190,GA,190,{aw}lwaiz=13
GA191,GA,191,aw(l)w{ai}z=13
GA191,GA,191,aw(l)w{ai}{z}=13
GA192,GA,192,awlwaiz=13
GA193,GA,193,awlwaiz=13
GA193,GA,193,oelwAz=14
GA194,GA,194,awlwaiz=12
GA195,GA,195,-
GA196,GA,196,-
GA197,GA,197,-
GA198,GA,198,awlwaiz=13
GA198,GA,198,awlwAz=14
GA199,GA,199,aw[l]w{ai}{z}=13
GA199,GA,199,aw[l]wiz=13
GA200,GA,200,awlwaiz=13
GA200,GA,200,awlwAz=14
GA201,GA,201,awlwaiz=13
GA202,GA,202,awl(w)Az=14
GA203,GA,203,awlwaiz=13
GA204,GA,204,aw(l)w{ai}z=13
GA205,GA,205,aw(l)waiz=13
GA206,GA,206,{aw}lwaiz=13
GA206,GA,206,{aw}lwAz=14
GA206,GA,206,{aw}(l)waiz=13
GA207,GA,207,awlwaiz=13
GA208,GA,208,{aw}lwaiz=13
GA209,GA,209,aw(l)w{ai}z=13
GA210,GA,210,awlwaiz=13
GA211,GA,211,awlwai{z}=13
GA212,GA,212,-
GA213,GA,213,-
GA214,GA,214,awlwaiz=13
GA215,GA,215,-
GA216,GA,216,awlwaiz=13
GA217,GA,217,awlwaiz=13
GA218,GA,218,aw(l)waiz=13
GA219,GA,219,awlwaiz=13
GA220,GA,220,aw(l)w{ai}z=13
GA220,GA,220,o[l]w{ai}{z}=13
GA220,GA,220,o[l]wI{z}=14
GA221,GA,221,awlwaiz=13
GA222,GA,222,awlwaiz=13
GA222,GA,222,awlwAz=14
GA223,GA,223,{o}lwaiz=13
GA224,GA,224,aw[l]waizh=13
GA224,GA,224,aw(l)weez=13
GA224,GA,224,aw[l]wis=13
GA225,GA,225,-
FL226,FL,226,-
FL227,FL,227,aw(l)waiz=13
FL228,FL,228,aw[l]waiz=13
FL229,FL,229,awlw{ai}z=13
FL230,FL,230,{aw}(l)waiz=13
FL231,FL,231,-
FL232,FL,232,awlw{ai}z=13
FL233,FL,233,awlwaiz=13
FL234,FL,234,awlwai(z)=13
FL235,FL,235,awlwAz=14
FL236,FL,236,-
FL237,FL,237,aw(l)waiz=13
FL238,FL,238,awlwaiz=13
FL239,FL,239,{aw}(l)waiz=13
FL240,FL,240,awlwaiz=13
FL241,FL,241,awlw{ai}z=13
FL242,FL,242,awlwai{z}=13
FL243,FL,243,aw(l)waiz=13
FL244,FL,244,awlwaiz=13
FL245,FL,245,awlwaiz=13
FL245,FL,245,aw(l)waiz=13
FL246,FL,246,awlwaiz=13
FL247,FL,247,awlwaiz=13
FL248,FL,248,-
FL249,FL,249,aw[l]w{ai}z=13
FL249,FL,249,aw(l)wI{z}=14
FL249,FL,249,aw[l]waiz=13
FL250,FL,250,awlwez=13
FL251,FL,251,aw(l)waiz=13
FL252,FL,252,aw(l)wai{z}=13
FL253,FL,253,aw(l)waiz=13
FL254,FL,254,{o}lwaiz=13
FL255,FL,255,awlwaiz=13
FL256,FL,256,aw(l)waiz=13
FL257,FL,257,aw[l]waiz=13
FL258,FL,258,awlwez=13
FL259,FL,259,-
FL260,FL,260,aw(l)w{ai}z=13
FL261,FL,261,aw(l)waiz=13
FL261,FL,261,o[l]wez=13
FL262,FL,262,{aw}(l)waiz=13
FL263,FL,263,awlwaiz=13
FL263,FL,263,aw(l)waiz=13
FL264,FL,264,awlwaiz=13
FL265,FL,265,aw(l)w{ai}z=13
FL266,FL,266,aw(l)waiz=13
FL266,FL,266,o(l)waiz=13
FL267,FL,267,awlwaiz=13
FL268,FL,268,aw(l)waiz=13
FL269,FL,269,aw[l]w{ai}zh=13
FL269,FL,269,awlwiz=13
FL269,FL,269,oe[l]waiz=13
FL270,FL,270,aw[l]wai{z}=13
FL270,FL,270,aw(l)waiz=13
FL271,FL,271,awlwaiz=13
FL271,FL,271,awl(w)Az=14
FL271,FL,271,aw(l)waiz=13
FL272,FL,272,{aw}lwaiz=13
FL273,FL,273,aw(l)waiz=13
FL274,FL,274,awlwaiz=13
FL275,FL,275,aw(l)waiz=13
FL276,FL,276,aw(l)waiz=13
FL277,FL,277,aw(l)wez=13
FL278,FL,278,aw[l]waiz=13
FL279,FL,279,{aw}lwaiz=13
FL280,FL,280,aw[l]vaiz=13
FL280,FL,280,aw[l]waiz=13
FL281,FL,281,aw(l)waiz=13
FL282,FL,282,{aw}lwaiz=13
FL283,FL,283,aw[l]wee{z}=13
FL283,FL,283,{o}[l]wee{z}=13
FL284,FL,284,awlwai{z}=13
FL285,FL,285,awlwaiz=13
FL286,FL,286,aw(l)wez=13
FL287,FL,287,awlwaiz=13
FL288,FL,288,awlwez=13
FL288,FL,288,aw(l)waiz=13
FL289,FL,289,aw[l]waiz=13
FL289,FL,289,aw(l)waiz=13
TN290,TN,290,awl(w)Az=14
TN291,TN,291,{aw}lwaiz=13
TN292,TN,292,awlwez=13
TN293,TN,293,aw(l)wAz=14
TN294,TN,294,awlwaiz=13
TN295,TN,295,aw(l)wIz=14
TN296,TN,296,awlwaiz=13
TN297,TN,297,-
TN298,TN,298,{aw}lwaiz=13
TN299,TN,299,-
TN300,TN,300,awlwaiz=13
TN300,TN,300,aw(l)waiz=13
TN301,TN,301,awlwaiz=13
TN301,TN,301,aw(l)waiz=13
TN302,TN,302,aw(l)waiz=13
TN303,TN,303,awlwaiz=13
TN304,TN,304,awlwaiz=13
TN305,TN,305,-
TN306,TN,306,aw(l)waiz=13
TN307,TN,307,awlwaiz=13
TN308,TN,308,o(l)waiz=13
TN309,TN,309,{aw}(l)w{ai}z=13
TN309,TN,309,{aw}(l)w{ai}{z}=13
TN309,TN,309,{o}lw{ai}z=13
TN310,TN,310,aw(l)waiz=13
TN311,TN,311,aw(l)waiz=13
TN312,TN,312,aw(l)waiz=13
TN313,TN,313,{aw}lwaiz=13
TN314,TN,314,{aw}(l)waiz=13
TN315,TN,315,awlwaiz=13
TN316,TN,316,aw(l)waiz=13
TN317,TN,317,awlwaiz=13
TN318,TN,318,awlwaiz=13
TN318,TN,318,aw(l)waiz=13
TN319,TN,319,-
TN320,TN,320,awlwaiz=13
TN320,TN,320,awlwai(z)=13
TN320,TN,320,{aw}lwaiz=13
TN320,TN,320,{aw}(l)waiz=13
TN321,TN,321,awlwaiz=13
TN321,TN,321,awl(w)A{z}=14
TN322,TN,322,awlwaiz=13
TN323,TN,323,awlwaiz=13
TN324,TN,324,awlwaiz=13
TN324,TN,324,awlwAz=14
TN325,TN,325,awlwaiz=13
TN326,TN,326,awlwez=13
TN326,TN,326,{aw}(l)waiz=13
TN327,TN,327,awlwaiz=13
TN328,TN,328,awlwaiz=13
TN329,TN,329,{aw}lwaiz=13
TN330,TN,330,aw(l)waiz=13
TN330,TN,330,{aw}(l)wAz=14
TN331,TN,331,awlwaiz=13
TN332,TN,332,{o}lw{ai}dh=13
TN333,TN,333,awlwAz=14
TN334,TN,334,aw(l)waiz=13
TN335,TN,335,aw(l)waiz=13
TN336,TN,336,awlwaiz=13
TN336,TN,336,awlwIz=14
AL337,AL,337,aw(l)waiz=13
AL338,AL,338,awlwaiz=13
AL338,AL,338,{aw}lwaiz=13
AL339,AL,339,aw[l]waiz=13
AL340,AL,340,aw(l)waiz=13
AL341,AL,341,awlwaiz=13
AL342,AL,342,aw[l]w{ai}{z}=13
AL342,AL,342,aw[l]wi{z}=13
AL343,AL,343,o(l)waiz=13
AL344,AL,344,-
AL345,AL,345,awlwaiz=13
AL346,AL,346,-
AL347,AL,347,{aw}lwaiz=13
AL348,AL,348,awlwaiz=13
AL348,AL,348,awlwIz=14
AL349,AL,349,-
AL350,AL,350,-
AL351,AL,351,aw(l)waiz=13
AL352,AL,352,olwaiz=13
AL352,AL,352,o[l]waiz=13
AL353,AL,353,awlwaiz=13
AL354,AL,354,awlwaiz=13
AL355,AL,355,awlwaiz=13
AL355,AL,355,awlwAz=14
AL356,AL,356,awlwaiz=13
AL357,AL,357,aw(l)waiz=13
AL358,AL,358,awlwaiz=13
AL359,AL,359,aw(l)waiz=13
AL360,AL,360,{aw}(l)waiz=13
AL361,AL,361,oe(l)waiz=13
AL362,AL,362,-
AL363,AL,363,awlwaiz=13
AL363,AL,363,awlwIz=14
AL364,AL,364,{o}lwai{z}=13
AL365,AL,365,awlwaiz=13
AL366,AL,366,aw(l)waiz=13
AL367,AL,367,awlwaiz=13
AL368,AL,368,awlwaiz=13
AL368,AL,368,{aw}(l)waiz=13
AL369,AL,369,aw(l)waiz=13
AL369,AL,369,oe[l]waiz=13
AL370,AL,370,awlwaiz=13
AL371,AL,371,{o}lwaiz=13
AL372,AL,372,aw(l)waiz=13
AL372,AL,372,aw(lw)Iz=14
AL373,AL,373,{aw}(l)w{ai}{z}=13
AL373,AL,373,{aw}(l)wIz=14
AL373,AL,373,{o}lw{ai}z=13
AL374,AL,374,aw(l)waiz=13
AL375,AL,375,{aw}lwaiz=13
AL376,AL,376,-
AL377,AL,377,-
AL378,AL,378,awlwaiz=13
AL379,AL,379,aw(l)wiz=13
AL380,AL,380,awlwaiz=13
AL381,AL,381,oe(l)waiz=13
AL382,AL,382,-
AL383,AL,383,awlwaiz=13
AL383,AL,383,awlwez=13
AL384,AL,384,aw[l]waiz=13
AL385,AL,385,-
AL386,AL,386,awlwaiz=13
AL386,AL,386,awlwAz=14
AL387,AL,387,awlwaiz=13
AL388,AL,388,awlwaiz=13
AL389,AL,389,awlwaiz=13
AL390,AL,390,aw(l)waiz=13
AL391,AL,391,awlwaiz=13
AL392,AL,392,-
AL393,AL,393,{o}lw{ai}{z}=13
AL394,AL,394,awlwaiz=13
AL395,AL,395,awlwaiz=13
AL396,AL,396,-
AL397,AL,397,awlwaiz=13
AL398,AL,398,{aw}(l)wai{z}=13
AL399,AL,399,aw(l)waiz=13
AL400,AL,400,-
AL401,AL,401,awlwaiz=13
AL402,AL,402,awlwaiz=13
AL403,AL,403,aw(l)waiz=13
AL404,AL,404,{aw}lwaiz=13
AL405,AL,405,aw(l)waiz=13
AL406,AL,406,awlw{ai}z=13
AL407,AL,407,aw(l)waiz=13
AL407,AL,407,{aw}lwaiz=13
AL408,AL,408,aw(l)waiz=13
AL409,AL,409,aw(l)waiz=13
AL410,AL,410,aw(l)waiz=13
AL411,AL,411,awlwaiz=13
AL412,AL,412,awlwaiz=13
AL413,AL,413,-
AL414,AL,414,awlw{ai}z=13
AL414,AL,414,aw[l]wIz=14
AL415,AL,415,awlwaiz=13
AL416,AL,416,-
AL417,AL,417,aw(l)waiz=13
AL418,AL,418,-
AL419,AL,419,{aw}lwaiz=13
AL419,AL,419,{aw}[l]waiz=13
AL420,AL,420,awlwaiz=13
AL421,AL,421,awlwaiz=13
AL422,AL,422,{aw}(l)waiz=13
AL423,AL,423,-
AL424,AL,424,{aw}(l)waiz=13
AL424,AL,424,{o}[l]wez=13
AL425,AL,425,-
AL426,AL,426,aw(l)waiz=13
AL427,AL,427,olwaiz=13
AL428,AL,428,{aw}lwai{z}=13
AL429,AL,429,oe(l)waiz=13
AL430,AL,430,-
AL431,AL,431,aw(l)waiz=13
AL432,AL,432,aw(l)waiz=13
AL433,AL,433,{aw}lwaiz=11
AL433,AL,433,{aw}(l)waiz=13
AL434,AL,434,aw(l)waiz=13
AL435,AL,435,awlwaiz=13
AL436,AL,436,awlwaiz=13
AL436,AL,436,awlwi{z}=13
AL436,AL,436,awlwI{z}=14
AL436,AL,436,olwai{z}=13
AL437,AL,437,{aw}lwaiz=13
AL437,AL,437,{aw}lwAz=14
AL438,AL,438,aw[l]waiz=13
AL439,AL,439,awlwaiz=11
AL440,AL,440,awlwaiz=13
AL441,AL,441,{aw}lwaiz=13
AL442,AL,442,aw[l]wai{dh}=13
AL442,AL,442,aw(l)wI{dh}=14
AL443,AL,443,awlwaiz=13
AL444,AL,444,awlwaiz=13
AL444,AL,444,aw(l)waiz=13
AL445,AL,445,aw(l)waiz=13
AL446,AL,446,awlwaiz=13
AL447,AL,447,awlwaiz=13
AL448,AL,448,oelwaiz=13
AL449,AL,449,-
AL450,AL,450,awlwaiz=13
AL451,AL,451,awlwAz=14
AL451,AL,451,{aw}lwaiz=13
AL451,AL,451,{aw}(l)waiz=13
FL452,FL,452,-
FL453,FL,453,-
FL454,FL,454,-
FL455,FL,455,aw(l)waiz=13
FL456,FL,456,awlwaiz=13
FL457,FL,457,awlwIz=14
FL458,FL,458,-
FL459,FL,459,-
FL460,FL,460,awlwaiz=13
FL460,FL,460,awlwIz=14
FL461,FL,461,aw(l)waiz=13
FL462,FL,462,aw[l]waidh=13
FL462,FL,462,aw(l)wI{z}=14
FL463,FL,463,awlwIz=14
FL464,FL,464,awlwaiz=13
FL464,FL,464,{aw}(l)wAz=14
FL465,FL,465,aw(l)waiz=13
FL466,FL,466,aw(l)waiz=13
FL467,FL,467,aw(l)waiz=13
FL467,FL,467,{aw}(l)waiz=13
FL468,FL,468,aw(l)waiz=13
FL469,FL,469,-
FL470,FL,470,-
FL471,FL,471,awlwaiz=13
AL472,AL,472,aw(l)waiz=13
AL473,AL,473,awlwaiz=13
AL474,AL,474,aw[l]waiz=13
AL475,AL,475,awlwaiz=13
AL475,AL,475,aw(l)waiz=13
AL476,AL,476,awlwaiz=13
AL477,AL,477,aw(l)wez=13
AL478,AL,478,oe(l)waiz=13
AL479,AL,479,{aw}lw{ai}(z)=13
AL480,AL,480,awlwez=13
AL480,AL,480,aw[l]waiz=13
AL481,AL,481,aw[l]waiz=13
AL482,AL,482,awlwaiz=13
AL482,AL,482,aw(l)waiz=13
AL483,AL,483,aw(l)waiz=13
AL484,AL,484,o(l)waiz=13
AL485,AL,485,aw(l)w{ai}z=13
TN486,TN,486,awlwaiz=13
TN486,TN,486,aw[l]waiz=13
TN487,TN,487,-
TN488,TN,488,-
TN489,TN,489,awlwaiz=13
TN490,TN,490,awlwAz=14
TN491,TN,491,awlwaiz=13
TN492,TN,492,aw(l)waiz=31
TN493,TN,493,-
TN494,TN,494,-
TN495,TN,495,aw[l]wAz=14
TN496,TN,496,-
TN497,TN,497,awlwIz=14
TN498,TN,498,awlwaiz=13
TN499,TN,499,aw(l)waiz=13
TN500,TN,500,-
TN501,TN,501,aw(l)waiz=13
TN502,TN,502,{aw}(l)w{ai}z=13
TN503,TN,503,awlwaiz=13
TN504,TN,504,awlwaiz=13
TN505,TN,505,aw(l)waiz=13
TN506,TN,506,aw[l]waiz=13
TN507,TN,507,awlwaiz=13
TN507,TN,507,aw(l)wez=13
TN508,TN,508,aw(l)waiz=13
TN509,TN,509,awlwIz=14
TN509,TN,509,aw(l)wIz=14
TN509,TN,509,oe(l)wIz=14
TN510,TN,510,aw(l)waiz=13
TN511,TN,511,{o}lw{ai}z=13
TN512,TN,512,awlwaiz=13
TN512,TN,512,{aw}lwaiz=13
TN513,TN,513,awlwaiz=13
TN513,TN,513,aw(l)waiz=13
TN514,TN,514,oelwai{z}=13
TN514,TN,514,oe(l)wIz=14
TN515,TN,515,aw(l)waiz=13
TN516,TN,516,aw(l)waiz=13
TN517,TN,517,aw(l)waiz=13
TN518,TN,518,aw(l)waiz=13
TN519,TN,519,aw(l)waiz=13
MS520,MS,520,aw(l)waiz=13
MS521,MS,521,awlwaiz=13
MS522,MS,522,awlwaiz=13
MS523,MS,523,-
MS524,MS,524,awlwaiz=13
MS525,MS,525,aw(l)waiz=13
MS526,MS,526,awlwAz=14
MS527,MS,527,awlwaiz=13
MS528,MS,528,aw(l)waiz=13
MS529,MS,529,aw(l)waiz=13
MS530,MS,530,{aw}lwaiz=13
MS531,MS,531,{aw}(l)waiz=13
MS532,MS,532,aw(l)waiz=13
MS533,MS,533,aw(l)waiz=13
MS534,MS,534,{o}lwaiz=13
MS535,MS,535,o[l]wez=13
MS535,MS,535,o[l]wIz=14
MS535,MS,535,o[l]wI{z}=14
MS535,MS,535,{o}[l]wIz=14
MS536,MS,536,awlwaiz=13
MS537,MS,537,awlwaiz=13
MS538,MS,538,{aw}lwaiz=13
MS539,MS,539,aw(l)waiz=13
MS539,MS,539,{aw}(l)waiz=13
MS540,MS,540,aw(l)waiz=13
MS541,MS,541,awlwaiz=13
MS542,MS,542,aw(l)waiz=13
MS543,MS,543,aw(l)waiz=13
MS544,MS,544,aw(l)waiz=13
MS545,MS,545,aw(l)waiz=13
MS546,MS,546,awlwaiz=13
MS547,MS,547,awlwez=13
MS548,MS,548,{aw}lwaiz=13
MS548,MS,548,{aw}(l)waiz=13
MS549,MS,549,awlwaiz=13
MS549,MS,549,awlwIz=14
MS550,MS,550,-
MS551,MS,551,awlwaiz=13
MS552,MS,552,-
MS553,MS,553,aw(l)waiz=13
MS554,MS,554,aw(l)waiz=13
MS555,MS,555,aw(l)waiz=13
MS555,MS,555,aw(l)wIz=14
MS556,MS,556,-
MS557,MS,557,aw(l)waiz=13
MS558,MS,558,aw(l)wai{z}=13
MS559,MS,559,aw(l)waiz=13
MS560,MS,560,-
MS561,MS,561,aw[l]waiz=13
MS561,MS,561,aw(l)waiz=13
MS562,MS,562,awlwaiz=13
MS563,MS,563,awlwaiz=13
MS563,MS,563,aw(l)waiz=13
MS563,MS,563,{aw}lwaiz=13
MS564,MS,564,awlwAz=14
MS564,MS,564,aw(l)waiz=13
MS564,MS,564,{aw}lwaiz=13
MS565,MS,565,awlwaiz=13
MS565,MS,565,awlwai{z}=13
MS565,MS,565,aw(l)waiz=13
MS566,MS,566,aw(l)w{ai}z=13
MS567,MS,567,{o}lw{ai}z=13
MS568,MS,568,{aw}(l)wAz=14
MS569,MS,569,awlwaiz=13
MS570,MS,570,aw(l)waiz=13
MS571,MS,571,awlwaiz=13
MS572,MS,572,aw(l)wai{z}=13
MS573,MS,573,aw(l)wIz=14
MS574,MS,574,-
MS575,MS,575,awlwaiz=13
MS576,MS,576,aw(l)waiz=13
MS577,MS,577,aw(l)waiz=13
MS578,MS,578,-
MS579,MS,579,awlwIz=14
MS580,MS,580,aw(l)waiz=13
MS581,MS,581,awlwaiz=13
MS582,MS,582,awlwaiz=13
MS582,MS,582,aw(l)waiz=13
MS583,MS,583,-
MS584,MS,584,-
MS585,MS,585,aw[l]waiz=31
MS586,MS,586,awlwAz=14
MS587,MS,587,awlwaiz=13
MS587,MS,587,aw(l)waiz=13
MS588,MS,588,awlwaiz=13
MS588,MS,588,aw(l)waiz=13
MS589,MS,589,{aw}(l)waiz=13
MS590,MS,590,awlwaiz=13
MS591,MS,591,aw(l)waiz=13
MS592,MS,592,awlwaiz=13
MS592,MS,592,awlwez=13
MS593,MS,593,awlwaiz=13
MS594,MS,594,awlwaiz=13
MS595,MS,595,awlwaiz=13
MS596,MS,596,awlwez=13
MS597,MS,597,awlwaiz=13
MS598,MS,598,awlwaiz=13
MS599,MS,599,awlwaiz=13
MS599,MS,599,awlwIz=14
MS600,MS,600,{aw}(l)w{ai}z=13
MS600,MS,600,{aw}(l)w{ai}v=13
MS600,MS,600,{aw}(l)w{ai}(z)=13
MS600,MS,600,{o}lw{ai}z=13
MS601,MS,601,{aw}(l)waiz=13
MS602,MS,602,aw(l)waiz=13
MS603,MS,603,awlwaiz=31
MS604,MS,604,awlwaiz=13
MS604,MS,604,{aw}lwaiz=13
MS605,MS,605,awlw{ai}z=13
MS605,MS,605,{aw}(l)w{ai}z=13
MS606,MS,606,awlwaiz=13
MS606,MS,606,aw(l)wez=13
MS607,MS,607,aw(l)waiz=13
MS608,MS,608,awlwaiz=13
MS608,MS,608,awlwIz=14
MS609,MS,609,aw(l)waiz=13
MS610,MS,610,aw(l)waiz=13
MS611,MS,611,{o}lw{ai}{z}=13
MS611,MS,611,{o}lwI{z}=14
MS611,MS,611,ow(l)wIz=14
MS612,MS,612,aw(l)waiz=13
MS613,MS,613,awlwaiz=13
MS613,MS,613,awlwAz=14
MS614,MS,614,-
MS615,MS,615,{aw}(l)waiz=13
MS616,MS,616,-
MS617,MS,617,aw[l]waiz=13
MS618,MS,618,awlwe{z}=13
MS619,MS,619,awl(w)Az=14
MS620,MS,620,{o}lwaiz=13
MS620,MS,620,{o}lwI(z)=14
MS621,MS,621,aw(l)waiz=13
MS622,MS,622,awlw{ai}z=13
MS622,MS,622,aw(l)waiz=13
MS623,MS,623,awlwaiz=13
MS623,MS,623,awlwIz=14
MS624,MS,624,awlwaiz=13
MS625,MS,625,awlwaiz=13
MS626,MS,626,awlwaiz=13
MS627,MS,627,aw(l)waiz=13
MS628,MS,628,-
MS629,MS,629,aw(l)wIz=14
LA630,LA,630,awlwaiz=13
LA631,LA,631,awlwaiz=13
LA632,LA,632,-
LA633,LA,633,{aw}(l)waiz=13
LA634,LA,634,aw(l)waiz=13
LA635,LA,635,aw(l)waiz=13
LA636,LA,636,{aw}(l)waiz=13
LA637,LA,637,-
LA638,LA,638,oe(l)waiz=13
LA639,LA,639,awlwaiz=13
LA640,LA,640,awlwez=13
LA641,LA,641,aw(l)wIz=14
LA641,LA,641,{o}[l]waiz=13
LA641,LA,641,oe(l)weez=13
LA642,LA,642,awlwaiz=13
LA643,LA,643,aw(l)waiz=13
LA644,LA,644,awlwAz=14
LA645,LA,645,awlwaiz=13
LA646,LA,646,awlwaiz=13
LA647,LA,647,-
LA648,LA,648,awlwaiz=13
LA649,LA,649,awlw{ai}z=13
LA650,LA,650,awlwaiz=13
LA651,LA,651,awlwez=13
LA652,LA,652,-
LA653,LA,653,awlwez=13
LA654,LA,654,aw(l)w{ai}z=13
LA655,LA,655,-
LA656,LA,656,awlwaiz=13
LA657,LA,657,aw(l)waiz=13
LA657X,LA,657X,awlwIz=14
LA657Y,LA,657Y,awlwaiz=13
LA657Z,LA,657Z,awlwaiz=13
LA658,LA,658,awlwaiz=13
LA658,LA,658,aw[l]waiz=13
LA659,LA,659,awlwez=13
LA660,LA,660,aw(l)waiz=13
LA661,LA,661,-
LA662,LA,662,aw[l]waiz=13
LA663,LA,663,awlwaiz=13
LA664,LA,664,awlwaiz=13
LA665,LA,665,-
LA666,LA,666,awlwaiz=13
LA667,LA,667,{o}lwaiz=13
LA668,LA,668,o[l]wAz=14
LA668,LA,668,o(l)waiz=13
LA669,LA,669,aw(l)waiz=13
LA670,LA,670,awlwez=13
LA671,LA,671,-
LA672,LA,672,awlwIz=14
LA673,LA,673,awlwaiz=13
AR674,AR,674,awlwaiz=31
AR675,AR,675,awlwaiz=13
AR676,AR,676,awlwaiz=13
AR677,AR,677,aw(l)waiz=13
AR678,AR,678,aw(l)waiz=13
AR678,AR,678,awlwAz=14
AR679,AR,679,{o}lw{ai}{z}=13
AR680,AR,680,awlwaiz=13
AR680,AR,680,{aw}lwAz=14
AR681,AR,681,awlwaiz=13
AR682,AR,682,aw(l)wIz=14
AR683,AR,683,awlwai{z}=13
AR684,AR,684,awlwaiz=13
AR684,AR,684,{aw}(l)waiz=13
AR685,AR,685,{o}lwai{z}=13
AR686,AR,686,awlwaiz=13
AR687,AR,687,aw(l)waiz=13
AR688,AR,688,aw[l]waiz=13
AR688,AR,688,aw(l)waiz=13
AR689,AR,689,{aw}(l)waiz=13
AR690,AR,690,-
AR691,AR,691,{aw}(l)wez=13
AR692,AR,692,awlwIz=14
AR692,AR,692,aw(l)waiz=13
AR693,AR,693,-
AR694,AR,694,{aw}lwaiz=13
AR695,AR,695,{aw}(l)waiz=13
AR696,AR,696,awlwaiz=13
AR697,AR,697,aw(l)waiz=31
AR698,AR,698,awlwaiz=13
AR699,AR,699,awlwaiz=13
AR699,AR,699,aw(l)waiz=13
AR700,AR,700,aw(l)wIz=14
AR701,AR,701,awlwaiz=13
AR702,AR,702,awlwaiz=13
AR703,AR,703,awlwaiz=13
AR703,AR,703,aw(l)waiz=13
AR704,AR,704,{aw}lwai{z}=13
AR705,AR,705,oe(l)waiz=13
AR706,AR,706,awlwAz=14
AR707,AR,707,{aw}lwaiz=13
AR708,AR,708,awlwai{z}=13
AR709,AR,709,oe(l)waiz=13
AR710,AR,710,{aw}(l)w{ai}z=13
AR711,AR,711,-
AR712,AR,712,aw(l)waiz=13
AR713,AR,713,-
AR714,AR,714,{aw}(l)waiz=13
AR715,AR,715,aw(l)wAz=14
AR716,AR,716,aw(l)waiz=13
AR717,AR,717,-
AR718,AR,718,awlwaiz=13
AR718,AR,718,awlwai{z}=13
AR719,AR,719,awlwaiz=13
AR719,AR,719,aw(l)waiz=13
AR719,AR,719,olwaiz=13
AR720,AR,720,-
AR721,AR,721,oelwe{z}=13
AR721,AR,721,oelwIz=14
AR722,AR,722,-
AR723,AR,723,awl(w)Az=14
AR723,AR,723,awl(w)I{z}=14
AR724,AR,724,-
AR725,AR,725,awlwaiz=13
AR726,AR,726,awlwIz=14
AR727,AR,727,aw(l)waiz=13
AR728,AR,728,aw(l)waiz=13
AR729,AR,729,-
AR730,AR,730,-
AR731,AR,731,aw(l)wez=13
AR732,AR,732,awlwaiz=13
AR733,AR,733,awlwaiz=13
AR734,AR,734,awlwaiz=13
AR734,AR,734,awlw{ai}z=13
AR735,AR,735,awlwI{z}=14
AR735,AR,735,{o}lwI{z}=14
AR736,AR,736,{aw}lwaiz=13
AR737,AR,737,awlwaiz=13
AR737,AR,737,oelwaiz=13
AR738,AR,738,aw(l)waiz=13
AR739,AR,739,-
AR740,AR,740,aw(l)waiz=13
AR741,AR,741,awlwaiz=13
AR742,AR,742,{aw}(l)waiz=13
AR743,AR,743,awlwaiz=13
AR744,AR,744,awlwez=13
AR745,AR,745,{aw}(l)waiz=13
AR746,AR,746,awlwIz=14
AR747,AR,747,{aw}lwaiz=13
AR748,AR,748,aw(l)waiz=13
AR749,AR,749,awlwaiz=13
AR750,AR,750,{aw}lwaiz=13
AR750,AR,750,{aw}(l)wAz=14
AR751,AR,751,awlwaiz=13
AR752,AR,752,aw[l]waiz=13
AR752,AR,752,aw(l)waiz=13
AR753,AR,753,{aw}(l)wai{z}=13
AR754,AR,754,aw(l)waiz=13
AR755,AR,755,awlwaiz=13
LA756,LA,756,-
LA757,LA,757,awlwaiz=13
LA757,LA,757,{aw}lwaiz=13
LA758,LA,758,aw(l)wai{z}=13
LA759,LA,759,-
LA760,LA,760,awlwaiz=13
LA761,LA,761,awlwaiz=13
LA761,LA,761,aw(l)waiz=13
LA762,LA,762,awlwaiz=13
LA763,LA,763,awlwaiz=13
LA763,LA,763,awlwAz=14
LA764,LA,764,awlwaiz=13
LA765,LA,765,{aw}(l)waiz=13
LA766,LA,766,awlwaiz=13
LA766,LA,766,aw(l)waiz=13
LA767,LA,767,awlwaiz=13
LA767,LA,767,aw(l)waiz=13
LA768,LA,768,-
LA769,LA,769,{o}lwai(z)=13
LA769,LA,769,{o}lwI{z}=14
LA770,LA,770,-
LA771,LA,771,aw(l)waiz=13
LA772,LA,772,awlwaiz=13
LA773,LA,773,awlwez=13
LA773,LA,773,awl(w)Az=14
LA774,LA,774,aw(l)waiz=13
LA774,LA,774,aw(l)wA(z)=14
LA775,LA,775,aw(l)waiz=13
LA776,LA,776,-
LA777,LA,777,{aw}(l)waiz=13
LA778,LA,778,awlwaiz=13
LA778,LA,778,{aw}(l)waiz=13
LA779,LA,779,awlwaiz=13
LA780,LA,780,awlwaiz=13
LA781,LA,781,awlwaiz=13
LA781,LA,781,aw(l)waiz=13
LA782,LA,782,aw(l)w{ai}z=13
LA783,LA,783,awlwai{z}=13
LA784,LA,784,aw(l)waiz=31
LA785,LA,785,aw(l)w{ai}z=13
LA785,LA,785,{o}lw{ai}z=13
LA785,LA,785,{o}lw{ai}{z}=13
LA786,LA,786,awlwaiz=13
LA787,LA,787,awlwaiz=13
LA788,LA,788,awlwaiz=13
LA789,LA,789,-
LA790,LA,790,awlwaiz=13
LA791,LA,791,aw[l]waiz=13
LA792,LA,792,awlwez=13
LA793,LA,793,{aw}(l)waiz=13
LA794,LA,794,awlwaiz=13
LA795,LA,795,aw(l)waiz=13
LA796,LA,796,aw(l)waiz=13
LA797,LA,797,awlweez=13
LA797,LA,797,{aw}lweezh=13
LA797,LA,797,{o}lw{ai}z=13
LA798,LA,798,awlwaiz=31
LA799,LA,799,awlwaiz=13
LA800,LA,800,awlwAz=14
LA800,LA,800,awlwiz=13
LA801,LA,801,awlwaiz=13
LA801,LA,801,{aw}lwai(z)=13
LA802,LA,802,{aw}lw{ai}z=13
LA803,LA,803,aw(l)waiz=13
LA804,LA,804,-
LA805,LA,805,-
LA806,LA,806,-
LA807,LA,807,{aw}(l)w{ai}dh=13
LA807,LA,807,oe(l)w{ai}z=13
LA808,LA,808,awlw{ai}z=13
LA808,LA,808,aw(l)wIz=14
LA809,LA,809,awlwaiz=13
LA810,LA,810,awlwaiz=13
LA810,LA,810,awlwAz=14
LA811,LA,811,awlwaiz=13
LA811,LA,811,aw(l)waiz=13
LA812,LA,812,awlwaiz=13
LA812,LA,812,awlwez=13
LA813,LA,813,awlwaiz=13
LA814,LA,814,awlwaiz=13
LA815,LA,815,awlwaiz=13
LA815,LA,815,awlw{ai}z=13
LA816,LA,816,aw(l)waiz=13
LA817,LA,817,awlwaiz=13
TX818,TX,818,-
TX819,TX,819,awlwaiz=13
TX820,TX,820,{o}(l)w{ai}{z}=13
TX821,TX,821,aw(l)waiz=13
TX822,TX,822,-
TX823,TX,823,-
TX824,TX,824,{o}(l)w{ai}{z}=13
TX824,TX,824,{o}(l)wI{z}=14
TX825,TX,825,aw(l)wIz=14
TX826,TX,826,-
TX827,TX,827,-
TX828,TX,828,awlwaiz=13
TX829,TX,829,aw(l)waiz=13
TX830,TX,830,{o}lw{ai}z=13
TX831,TX,831,-
TX832,TX,832,awlwAz=14
TX832,TX,832,aw(l)waiz=13
TX833,TX,833,awlwaiz=13
TX833,TX,833,aw(l)waiz=13
TX834,TX,834,aw(l)waiz=13
TX835,TX,835,-
TX836,TX,836,aw(l)wIz=14
TX837,TX,837,{aw}lwaiz=13
TX838,TX,838,{o}lwaiz=13
TX839,TX,839,awlwaiz=13
TX839,TX,839,aw(l)waiz=13
TX840,TX,840,awlwaiz=13
TX841,TX,841,{aw}(l)waiz=13
TX842,TX,842,awlwaiz=13
TX843,TX,843,aw(l)waiz=13
TX844,TX,844,{aw}(l)w{ai}{z}=13
TX844,TX,844,{o}lw{ai}z=13
TX845,TX,845,-
TX846,TX,846,aw(l)waiz=13
TX847,TX,847,awlwAz=14
TX847,TX,847,aw(l)waiz=13
TX848,TX,848,awlwaiz=13
TX848,TX,848,awlwAz=14
TX849,TX,849,aw(l)waiz=13
TX850,TX,850,aw(l)waiz=13
TX851,TX,851,awlwaiz=13
TX852,TX,852,aw(l)waiz=13
TX853,TX,853,aw(l)waiz=13
TX854,TX,854,oe[l]w{ai}z=13
TX855,TX,855,awlwaiz=13
TX855,TX,855,oelwez=13
TX856,TX,856,aw(l)waiz=13
TX857,TX,857,awlwaiz=13
TX857,TX,857,aw(l)wIz=14
TX858,TX,858,-
TX859,TX,859,aw(l)waiz=13
TX860,TX,860,-
TX861,TX,861,aw(l)wAz=14
TX862,TX,862,-
TX863,TX,863,aw(l)waiz=13
TX864,TX,864,-
TX865,TX,865,awlwAz=14
TX865,TX,865,aw(l)waiz=13
TX866,TX,866,-
TX867,TX,867,{aw}(l)waiz=13
TX868,TX,868,aw[l]waiz=13
TX868,TX,868,aw(l)waiz=13
TX869,TX,869,awlwaiz=13
TX870,TX,870,aw[l]waiz=13
TX871,TX,871,-
TX872,TX,872,-
TX873,TX,873,-
TX874,TX,874,awlwaiz=13
TX875,TX,875,awlwaiz=13
TX875,TX,875,{aw}lwaiz=13
TX876,TX,876,{aw}(l)waiz=13
TX876,TX,876,{aw}(l)wAz=14
TX877,TX,877,awlwaiz=13
TX877,TX,877,awlwAz=14
TX877,TX,877,aw[l]waiz=13
TX878,TX,878,{aw}lwaiz=13
TX879,TX,879,{aw}lwaiz=13
TX880,TX,880,aw(l)wez=13
TX881,TX,881,-
TX882,TX,882,aw(l)wIz=14
TX883,TX,883,awlwaiz=13
TX883,TX,883,awlwAz=14
TX883,TX,883,{aw}(l)wAz=14
TX884,TX,884,-
TX885,TX,885,awlwaiz=13
TX886,TX,886,awlwAz=14
TX886,TX,886,aw[l]waiz=13
TX887,TX,887,awlwaiz=13
TX888,TX,888,{o}[l]w{ai}z=13
TX889,TX,889,awlwaiz=13
TX890,TX,890,aw[l]waiz=13
TX891,TX,891,awlwai{z}=13
TX892,TX,892,awlwIz=14
TX893,TX,893,-
TX894,TX,894,awlwaiz=13
TX895,TX,895,aw(l)wAz=14
TX896,TX,896,-
TX897,TX,897,-
TX898,TX,898,-
TX899,TX,899,olwai{z}=13
TX900,TX,900,aw(l)wIz=14
TX901,TX,901,aw(l)waiz=13
TX902,TX,902,awlwaiz=13
TX903,TX,903,aw(l)waiz=13
TX904,TX,904,awlwIz=14
TX905,TX,905,aw(l)wIz=14
TX906,TX,906,awlwaiz=13
TX907,TX,907,{aw}lw{ai}z=13
TX908,TX,908,awlwaiz=13
TX909,TX,909,awlwaiz=13
TX910,TX,910,awlwaiz=13
TX910,TX,910,aw(l)waiz=13
TX911,TX,911,awlwAz=14
