Informant,State,Informant number,Response
TN001,TN,001,sampN=14
TN002,TN,002,sumthNG=14
TN003,TN,003,-
TN004,TN,004,sumpM=14
TN005,TN,005,sumthing=13
TN006,TN,006,sumthN=14
TN007,TN,007,sumthN=14
TN008,TN,008,sumthNG=14
TN009,TN,009,sumthN=14
TN010,TN,010,somthN=14
TN011,TN,011,sumthN=14
TN012,TN,012,sumpthN=14
TN013,TN,013,sumthing=13
TN014,TN,014,sumthNG=14
TN015,TN,015,sumthN=14
TN016,TN,016,sumthNG=14
TN017,TN,017,sumpthN=14
TN018,TN,018,sumthN=14
TN019,TN,019,sumthN=14
TN020,TN,020,sumthNG=14
TN021,TN,021,-
TN022,TN,022,sumthN=14
TN022,TN,022,sumthNG=14
TN023,TN,023,sumthN=14
TN024,TN,024,sumthN=14
TN025,TN,025,sumpM=14
TN025,TN,025,sumthN=14
TN026,TN,026,-
TN027,TN,027,sumpM=14
TN027,TN,027,sumthN=14
TN028,TN,028,somthing=13
TN029,TN,029,sumthN=14
TN030,TN,030,sumpthN=14
TN030,TN,030,sumthN=14
TN031,TN,031,sumthing=13
TN032,TN,032,somthN=14
TN033,TN,033,sumthing=13
TN034,TN,034,sumthN=14
TN035,TN,035,sumthNG=14
TN036,TN,036,sumpM=14
TN036,TN,036,sumthN=14
TN037,TN,037,sumpM=14
TN037,TN,037,sumpthN=14
TN038,TN,038,sumpM=14
TN038,TN,038,sumpthNG=14
TN039,TN,039,sumpM=14
TN040,TN,040,sumthN=14
TN041,TN,041,somthN=14
TN042,TN,042,sumpM=14
TN042,TN,042,sumthN=14
TN043,TN,043,sumthin=13
TN044,TN,044,-
TN045,TN,045,-
TN046,TN,046,sumpthing=13
TN047,TN,047,sumpM=14
TN048,TN,048,sumpM=14
TN049,TN,049,sumpM=14
TN049,TN,049,sumthN=14
TN050,TN,050,sumthN=14
TN051,TN,051,sumpM=14
TN051,TN,051,sumthNG=14
TN052,TN,052,som(th)M=14
TN053,TN,053,sumthN=14
TN054,TN,054,-
TN055,TN,055,sumpM=14
TN055,TN,055,su[m]thN=14
TN056,TN,056,sumthNG=14
TN056,TN,056,su[m]thN=14
TN057,TN,057,sumthNG=14
TN058,TN,058,sumthing=13
TN058,TN,058,sumthN=14
TN059,TN,059,sumpM=14
TN060,TN,060,sumthing=13
GA061,GA,061,sumpthN=14
GA062,GA,062,sumthN=14
GA063,GA,063,sumpM=14
GA064,GA,064,sumpthN=14
GA064,GA,064,sump{?}M=14
GA065,GA,065,sumthN=14
GA066,GA,066,sumpthN=14
GA067,GA,067,sumpthNG=14
GA068,GA,068,sumpM=14
GA068,GA,068,sumpthN=14
GA069,GA,069,sumthN=14
GA070,GA,070,sumthN=14
GA071,GA,071,sumthN=14
GA072,GA,072,sumthN=14
GA073,GA,073,sumthN=14
GA074,GA,074,sumpM=14
GA075,GA,075,sumpM=14
GA075,GA,075,sumthN=14
GA076,GA,076,sumpthNG=14
GA076,GA,076,sumthN=14
GA077,GA,077,somtNG=14
GA077,GA,077,sum{?}M=14
GA078,GA,078,sumpM=14
GA078,GA,078,sumthNG=14
GA079,GA,079,sumthNG=14
GA080,GA,080,sumpM=14
GA080,GA,080,sumthNG=14
GA081,GA,081,sumthN=14
GA082,GA,082,sumpM=14
GA083,GA,083,sumpM=14
GA084,GA,084,sum(thNG)
GA085,GA,085,sumthNG=14
GA086,GA,086,sumthNG=14
GA087,GA,087,sumthN=14
GA088,GA,088,sumpthN=14
GA088,GA,088,sumthN=14
GA089,GA,089,sumpthN=14
GA089,GA,089,sumpthNG=14
GA090,GA,090,sumthNG=14
GA091,GA,091,sumthN=14
GA092,GA,092,sumthN=14
GA093,GA,093,sumthN=14
GA093,GA,093,thomthN=14
GA094,GA,094,sumpN=14
GA094,GA,094,sumthNG=14
GA095,GA,095,somp{?}M=14
GA095,GA,095,somthN=14
GA095,GA,095,sumpthN=14
GA096,GA,096,sumpM=14
GA096,GA,096,sumthN=14
GA097,GA,097,sumpthing=13
GA097,GA,097,sumpthN=14
GA098,GA,098,sumpthN=14
GA098,GA,098,sumthN=14
GA098,GA,098,su(m){?}M=14
GA099,GA,099,sumpM=14
GA099,GA,099,sumpthN=14
GA100,GA,100,sumpM=14
GA100,GA,100,sumthN=14
GA101,GA,101,sumthNG=14
GA102,GA,102,sumthNG=14
GA103,GA,103,sumthN=14
GA103,GA,103,sumthNG=14
GA104,GA,104,sumthNG=14
GA105,GA,105,sumpM=14
GA105,GA,105,sumthN=14
GA105,GA,105,su{?}thN=14
GA106,GA,106,sumthNG=14
GA107,GA,107,sumpM=14
GA107,GA,107,sumpthN=14
GA108,GA,108,sumthN=14
GA109,GA,109,sumthN=14
GA110,GA,110,sumthN=14
GA111,GA,111,sumpN=14
GA111,GA,111,sumthNG=14
GA112,GA,112,-
GA113,GA,113,sumpM=14
GA114,GA,114,sumpM=14
GA115,GA,115,sum(th)M=14
GA116,GA,116,-
GA117,GA,117,-
GA118,GA,118,sumpthNG=14
GA119,GA,119,sumthN=14
GA120,GA,120,sumthN=14
GA120,GA,120,sumthNG=14
GA121,GA,121,sumthN=14
GA122,GA,122,sumthN=14
GA123,GA,123,sumthN=14
GA124,GA,124,sump{?}M=14
GA125,GA,125,sumpN=14
GA126,GA,126,somthN=14
GA127,GA,127,sumpM=14
GA127,GA,127,sumthN=14
GA128,GA,128,sumpM=14
GA129,GA,129,sumthN=14
GA130,GA,130,sumthNG=14
GA131,GA,131,sumthN=14
GA132,GA,132,sumpM=14
GA133,GA,133,sumthN=14
GA134,GA,134,su[m]pM=14
GA135,GA,135,sumthN=14
GA135,GA,135,sumpthNG=14
GA136,GA,136,sumpM=14
GA136,GA,136,sumthNG=14
GA137,GA,137,sumpM=14
GA137,GA,137,sumpthN=14
GA138,GA,138,sumpthNG=14
GA139,GA,139,sumpthN=14
GA139,GA,139,sumpthNG=14
GA140,GA,140,sumthN=14
GA141,GA,141,sumpM=14
GA141,GA,141,sumthN=14
GA142,GA,142,sumpM=14
GA142,GA,142,sumpthN=14
GA143,GA,143,sumthN=14
GA143,GA,143,sumthNG=14
GA144,GA,144,sumpthNG=14
GA144,GA,144,sumthN=14
GA145,GA,145,sumpM=14
GA145,GA,145,sumthN=14
GA146,GA,146,sumthN=14
GA146,GA,146,sumthNG=14
GA147,GA,147,sumpM=14
GA147,GA,147,sumthN=14
GA148,GA,148,sumpthN=14
GA148,GA,148,sumpthNG=14
GA149,GA,149,sumpthN=14
GA149,GA,149,sumthN=14
GA150,GA,150,sumpM=14
GA151,GA,151,sumpM=14
GA152,GA,152,sumpthN=14
GA153,GA,153,-
GA154,GA,154,sumthN=14
GA155,GA,155,sumthing=13
GA156,GA,156,sumthN=14
GA157,GA,157,sumthN=14
GA158,GA,158,-
GA159,GA,159,sumpthN=14
GA160,GA,160,sumpM=14
GA161,GA,161,sumthN=14
GA161,GA,161,sumthNG=14
GA162,GA,162,sumtheng=13
GA163,GA,163,sumthNG=14
GA164,GA,164,sumthN=14
GA165,GA,165,-
GA166,GA,166,sumpthN=14
GA167,GA,167,sumpM=14
GA167,GA,167,sumthN=14
GA167,GA,167,sumthNG=14
GA168,GA,168,-
GA169,GA,169,sum{?}N=14
GA170,GA,170,sump{?}M=14
GA170,GA,170,sumthN=14
GA171,GA,171,sumpM=14
GA171,GA,171,sumthN=14
GA172,GA,172,sumpM=14
GA173,GA,173,sumpM=14
GA174,GA,174,sumpM=14
GA175,GA,175,sumthN=14
GA176,GA,176,sumpthN=14
GA177,GA,177,sumfN=14
GA177,GA,177,sumthing=13
GA178,GA,178,sumpM=14
GA179,GA,179,sumpM=14
GA180,GA,180,sumpthN=14
GA181,GA,181,sumthN=14
GA181,GA,181,sumthNG=14
GA182,GA,182,-
GA183,GA,183,sumpM=14
GA183,GA,183,sumthN=14
GA184,GA,184,sumpM=14
GA185,GA,185,sumthN=14
GA185,GA,185,sumthNG=14
GA186,GA,186,sumthN=14
GA187,GA,187,-
GA188,GA,188,sumthN=14
GA189,GA,189,sumthN=14
GA190,GA,190,sumpM=14
GA191,GA,191,sumthN=14
GA191,GA,191,sumthNG=14
GA192,GA,192,sumthN=14
GA192,GA,192,sumthNG=14
GA193,GA,193,sump{?}M=14
GA194,GA,194,sump{?}M=14
GA195,GA,195,sumthN=14
GA196,GA,196,sumpM=14
GA197,GA,197,sumpM=14
GA198,GA,198,sumpM=14
GA199,GA,199,sum(th)M=14
GA199,GA,199,su[m](th)M=14
GA200,GA,200,sumpthN=14
GA200,GA,200,sumthN=14
GA201,GA,201,sumpthN=14
GA202,GA,202,sumthN=14
GA203,GA,203,sumpthN=14
GA203,GA,203,sumthN=14
GA204,GA,204,sumthing=13
GA205,GA,205,sumthN=14
GA206,GA,206,sumpM=14
GA207,GA,207,sumpM=14
GA208,GA,208,-
GA209,GA,209,sumthN=14
GA210,GA,210,sumpM=14
GA210,GA,210,sumthN=14
GA211,GA,211,sumpM=14
GA211,GA,211,sumthN=14
GA212,GA,212,sumthN=14
GA213,GA,213,sumpM=14
GA213,GA,213,sumthNG=14
GA214,GA,214,sumthing=13
GA214,GA,214,sumthNG=14
GA215,GA,215,sumpM=14
GA216,GA,216,sumthing=13
GA217,GA,217,sumthing=13
GA218,GA,218,sumthing=13
GA219,GA,219,sompM=14
GA219,GA,219,sumpM=14
GA220,GA,220,sumpthN=14
GA220,GA,220,sumpthNG=14
GA220,GA,220,su[m]{?}M=14
GA221,GA,221,sumthN=14
GA222,GA,222,sumpM=14
GA223,GA,223,sumpM=14
GA224,GA,224,sum(th)M=14
GA224,GA,224,s{oo}bM=14
GA225,GA,225,sumpM=14
FL226,FL,226,sumthing=13
FL227,FL,227,sumthen=13
FL227,FL,227,su[m]thN=14
FL228,FL,228,sumpthing=13
FL229,FL,229,somthN=14
FL229,FL,229,sumpM=14
FL229,FL,229,su[m]thN=14
FL230,FL,230,sumpM=14
FL231,FL,231,sumthNG=14
FL232,FL,232,somthNG=14
FL232,FL,232,sumthNG=14
FL233,FL,233,sump{?}M=14
FL233,FL,233,sumthN=14
FL234,FL,234,-
FL235,FL,235,sumpthN=14
FL236,FL,236,sumpthN=14
FL237,FL,237,sumpM=14
FL237,FL,237,sumpthN=14
FL238,FL,238,sumthN=14
FL239,FL,239,sumpM=14
FL239,FL,239,sumthNG=14
FL240,FL,240,sumthNG=14
FL241,FL,241,sumpM=14
FL241,FL,241,sumpthN=14
FL242,FL,242,sumthNG=14
FL243,FL,243,sumpthN=14
FL244,FL,244,sumpM=14
FL244,FL,244,sumthNG=14
FL245,FL,245,sumpM=14
FL245,FL,245,sumthNG=14
FL246,FL,246,sumthN=14
FL247,FL,247,sumpM=14
FL247,FL,247,sumthNG=14
FL248,FL,248,sumpM=14
FL248,FL,248,sumpthN=14
FL248,FL,248,sumpthNG=14
FL249,FL,249,sumpthN=14
FL249,FL,249,sumpthNG=14
FL249,FL,249,su[m]{?}M=14
FL250,FL,250,sumpM=14
FL251,FL,251,sumpM=14
FL251,FL,251,sumthN=14
FL252,FL,252,sumpM=14
FL253,FL,253,sumthN=14
FL254,FL,254,sumthNG=14
FL255,FL,255,sumthing=13
FL256,FL,256,sumpM=14
FL257,FL,257,sumpM=14
FL258,FL,258,sumpM=14
FL259,FL,259,sumthN=14
FL259,FL,259,sumthNG=14
FL259,FL,259,sum(th)N=14
FL260,FL,260,sump{?}M=14
FL261,FL,261,sumthing=13
FL262,FL,262,sump{?}M=14
FL263,FL,263,sumthN=14
FL264,FL,264,sumthN=14
FL265,FL,265,sumpN=14
FL266,FL,266,sumpM=14
FL266,FL,266,sumthing=13
FL267,FL,267,sumpM=14
FL268,FL,268,sumthN=14
FL268,FL,268,su[m]thN=14
FL269,FL,269,sumpthN=14
FL270,FL,270,sumthN=14
FL270,FL,270,sumthNG=14
FL271,FL,271,sumthN=14
FL272,FL,272,sumthNG=14
FL273,FL,273,sumthing=13
FL274,FL,274,sumthing=13
FL275,FL,275,sumpN=14
FL276,FL,276,sumthN=14
FL277,FL,277,sumpthNG=14
FL277,FL,277,sumptNG=14
FL278,FL,278,sumthing=13
FL279,FL,279,sumthNG=14
FL280,FL,280,sumpthN=14
FL280,FL,280,sumthN=14
FL281,FL,281,sumpM=14
FL281,FL,281,sumthing=13
FL282,FL,282,-
FL283,FL,283,sumpthN=14
FL284,FL,284,sompM=14
FL284,FL,284,sumpthNG=14
FL285,FL,285,sumpthing=13
FL285,FL,285,sumthing=13
FL286,FL,286,sumpM=14
FL286,FL,286,sumthN=14
FL287,FL,287,sumthNG=14
FL288,FL,288,sumpM=14
FL288,FL,288,sumthN=14
FL289,FL,289,sumpM=14
FL289,FL,289,sumthN=14
TN290,TN,290,sumpM=14
TN290,TN,290,sumthN=14
TN291,TN,291,sumthNG=14
TN292,TN,292,sumthN=14
TN293,TN,293,sumpthN=14
TN294,TN,294,sumthN=14
TN294,TN,294,sumthNG=14
TN295,TN,295,sumpthN=14
TN296,TN,296,sumpthNG=14
TN296,TN,296,sumthN=14
TN297,TN,297,sumthing=13
TN298,TN,298,sumthN=14
TN299,TN,299,sump(th)N=14
TN300,TN,300,sumthN=14
TN300,TN,300,sumthNG=14
TN301,TN,301,sumpM=14
TN302,TN,302,sumthing=13
TN303,TN,303,sumpM=14
TN303,TN,303,sumthN=14
TN304,TN,304,sumpthing=13
TN304,TN,304,sumpthN=14
TN304,TN,304,sumpthNG=14
TN305,TN,305,sumthN=14
TN306,TN,306,sumthN=14
TN307,TN,307,sump{?}M=14
TN308,TN,308,sumthN=14
TN308,TN,308,sumthNG=14
TN309,TN,309,sumpdhN=14
TN309,TN,309,sumthN=14
TN310,TN,310,sumpM=14
TN310,TN,310,sumthN=14
TN311,TN,311,sump{?}M=14
TN312,TN,312,sumthNG=14
TN313,TN,313,sumthNG=14
TN314,TN,314,sumthN=14
TN315,TN,315,sumpthN=14
TN316,TN,316,sump{?}N=14
TN317,TN,317,sumpthN=14
TN318,TN,318,sump{?}M=14
TN319,TN,319,sumpM=14
TN320,TN,320,sumthN=14
TN321,TN,321,sumpthN=14
TN322,TN,322,sumthN=14
TN322,TN,322,sumthNG=14
TN323,TN,323,sumpthNG=14
TN324,TN,324,sumthN=14
TN325,TN,325,sumpthN=14
TN326,TN,326,sumpthN=14
TN326,TN,326,sumthN=14
TN327,TN,327,sumpN=14
TN327,TN,327,sumpthN=14
TN328,TN,328,sumthing=13
TN329,TN,329,sumthNG=14
TN329,TN,329,su[m]thing=13
TN330,TN,330,sumpM=14
TN330,TN,330,sumthN=14
TN331,TN,331,sumpN=14
TN331,TN,331,sumpthN=14
TN332,TN,332,sumpthN=14
TN332,TN,332,sumptin=13
TN332,TN,332,su(m){?}N=14
TN333,TN,333,sumpM=14
TN334,TN,334,sumthN=14
TN335,TN,335,sumthN=14
TN336,TN,336,sump{?}M=14
TN336,TN,336,sumthN=14
AL337,AL,337,-
AL338,AL,338,sumthN=14
AL339,AL,339,sumpthN=14
AL340,AL,340,sumpM=14
AL341,AL,341,sumpM=14
AL341,AL,341,sumthN=14
AL342,AL,342,su(m)bM=14
AL342,AL,342,sumpthN=14
AL342,AL,342,sumthNG=14
AL343,AL,343,sumthN=14
AL344,AL,344,sump{?}M=14
AL345,AL,345,sumthN=14
AL346,AL,346,somthNG=14
AL346,AL,346,sumpthNG=14
AL347,AL,347,sumpthN=14
AL348,AL,348,sumthN=14
AL348,AL,348,sump{?}M=14
AL349,AL,349,sumpM=14
AL349,AL,349,sum(th)N=14
AL350,AL,350,sumthNG=14
AL351,AL,351,sumthNG=14
AL352,AL,352,sumthN=14
AL352,AL,352,sumthNG=14
AL353,AL,353,sumpM=14
AL353,AL,353,sumthing=13
AL354,AL,354,sumthN=14
AL355,AL,355,sumpM=14
AL355,AL,355,sumthN=14
AL356,AL,356,sumpthN=14
AL357,AL,357,sumthing=13
AL357,AL,357,sumthN=14
AL357,AL,357,sumthNG=14
AL358,AL,358,sumthN=14
AL359,AL,359,sumpM=14
AL359,AL,359,sumthN=14
AL360,AL,360,sumpM=14
AL360,AL,360,sumpthN=14
AL361,AL,361,sumpthN=14
AL361,AL,361,sumthing=13
AL362,AL,362,sumthN=14
AL363,AL,363,sumpthN=14
AL363,AL,363,sump{?}M=14
AL364,AL,364,sumpM=14
AL364,AL,364,somthNG=14
AL365,AL,365,sumpN=14
AL366,AL,366,sumpM=14
AL366,AL,366,sumthing=13
AL367,AL,367,sumthing=13
AL367,AL,367,sumthN=14
AL368,AL,368,sumthN=14
AL369,AL,369,sumthN=14
AL370,AL,370,sumthN=14
AL371,AL,371,-
AL372,AL,372,sumpM=14
AL373,AL,373,sumthN=14
AL373,AL,373,sumthNG=14
AL374,AL,374,sumpM=14
AL374,AL,374,sumthing=13
AL375,AL,375,sumthNG=14
AL376,AL,376,sump{?}N=14
AL377,AL,377,sumpM=14
AL378,AL,378,sumthN=14
AL378,AL,378,sumthNG=14
AL379,AL,379,sumthN=14
AL380,AL,380,sumpM=14
AL381,AL,381,sumthN=14
AL382,AL,382,sumpM=14
AL382,AL,382,sumpthN=14
AL383,AL,383,sumthNG=14
AL384,AL,384,sumpthN=14
AL384,AL,384,sumpthNG=14
AL385,AL,385,sumthN=14
AL385,AL,385,sumthNG=14
AL386,AL,386,sumthN=14
AL386,AL,386,sumthNG=14
AL387,AL,387,sumpM=14
AL387,AL,387,sumthN=14
AL388,AL,388,sumthN=14
AL389,AL,389,sumpM=14
AL389,AL,389,sumpthN=14
AL390,AL,390,sumthN=14
AL391,AL,391,sumthN=14
AL391,AL,391,sumthNG=14
AL392,AL,392,sumpM=14
AL392,AL,392,sum(thNG)
AL393,AL,393,sumpthN=14
AL393,AL,393,su(m){?}M=14
AL394,AL,394,sumpthN=14
AL394,AL,394,sumthN=14
AL394,AL,394,sumthNG=14
AL395,AL,395,sumpM=14
AL395,AL,395,sumthing=13
AL395,AL,395,sumthN=14
AL396,AL,396,sumpM=14
AL396,AL,396,sum(thNG)
AL397,AL,397,sumthN=14
AL398,AL,398,sumpM=14
AL398,AL,398,sumthin=13
AL399,AL,399,sumpM=14
AL399,AL,399,sumthN=14
AL400,AL,400,sumpM=14
AL400,AL,400,sumthN=14
AL400,AL,400,sumthNG=14
AL401,AL,401,sumpM=14
AL402,AL,402,sumpN=14
AL402,AL,402,sumthN=14
AL403,AL,403,sumpM=14
AL403,AL,403,sumthNG=14
AL403,AL,403,su(mth)M=14
AL404,AL,404,somthN=14
AL404,AL,404,sumdhN=14
AL405,AL,405,sumpM=14
AL405,AL,405,sumthN=14
AL406,AL,406,sumthN=14
AL407,AL,407,sumthing=13
AL407,AL,407,sumthN=14
AL408,AL,408,sumpM=14
AL408,AL,408,sumthN=14
AL409,AL,409,sumpM=14
AL409,AL,409,sumthN=14
AL410,AL,410,sumthNG=14
AL411,AL,411,sompthN=14
AL411,AL,411,sumpM=14
AL411,AL,411,sumpthN=14
AL412,AL,412,sumpthN=14
AL413,AL,413,sumpthNG=14
AL414,AL,414,sumpthNG=14
AL414,AL,414,sumthNG=14
AL414,AL,414,sum(thNG)
AL415,AL,415,sumpM=14
AL415,AL,415,sumpthN=14
AL416,AL,416,sumpM=14
AL416,AL,416,sumthNG=14
AL417,AL,417,sumpM=14
AL417,AL,417,sumthN=14
AL418,AL,418,sumthNG=14
AL419,AL,419,sumpM=14
AL420,AL,420,sumpM=14
AL421,AL,421,sumpM=14
AL421,AL,421,su[m]thNG=14
AL422,AL,422,sump{?}M=14
AL423,AL,423,sumpM=14
AL423,AL,423,sumthNG=14
AL424,AL,424,sumthN=14
AL425,AL,425,-
AL426,AL,426,sumpM=14
AL426,AL,426,sump{?}M=14
AL427,AL,427,sumthN=14
AL428,AL,428,sumpthN=14
AL428,AL,428,sumpthNG=14
AL429,AL,429,sumthNG=14
AL430,AL,430,-
AL431,AL,431,sump{?}M=14
AL432,AL,432,sumthN=14
AL433,AL,433,sumthN=14
AL434,AL,434,sumpM=14
AL435,AL,435,sumpM=14
AL436,AL,436,sumpthN=14
AL436,AL,436,sump{?}M=14
AL437,AL,437,sumthN=14
AL437,AL,437,sumthNG=14
AL438,AL,438,sumpM=14
AL439,AL,439,sumthN=14
AL440,AL,440,sumpthN=14
AL441,AL,441,sump{?}N=14
AL442,AL,442,sumpthN=14
AL442,AL,442,sump{?}N=14
AL443,AL,443,sumpthN=14
AL443,AL,443,sump{?}M=14
AL444,AL,444,sumpM=14
AL445,AL,445,sumthN=14
AL446,AL,446,sumthN=14
AL447,AL,447,sumpM=14
AL448,AL,448,sumthN=14
AL449,AL,449,sumpthNG=14
AL449,AL,449,sumthNG=14
AL450,AL,450,sompM=14
AL451,AL,451,sompM=14
FL452,FL,452,sumthing=13
FL453,FL,453,sumpM=14
FL454,FL,454,sumthing=13
FL454,FL,454,sumthN=14
FL455,FL,455,sump{?}M=14
FL456,FL,456,sumpN=14
FL456,FL,456,sumpthN=14
FL456,FL,456,sumthNG=14
FL457,FL,457,sump{?}M=14
FL457,FL,457,sumthNG=14
FL458,FL,458,sumpM=14
FL458,FL,458,sumthing=13
FL459,FL,459,-
FL460,FL,460,sumpthN=14
FL460,FL,460,sunthN=14
FL461,FL,461,sumpthN=14
FL462,FL,462,sum{?}M=14
FL462,FL,462,su(m){?}M=14
FL463,FL,463,sumthN=14
FL464,FL,464,sumpM=14
FL465,FL,465,sump{?}M=14
FL466,FL,466,sumthN=14
FL467,FL,467,sumthN=14
FL468,FL,468,sumthN=14
FL469,FL,469,sump{?}M=14
FL470,FL,470,sump{?}M=14
FL471,FL,471,sumpN=14
AL472,AL,472,sumthNG=14
AL473,AL,473,sumpM=14
AL473,AL,473,sump{?}M=14
AL474,AL,474,sumthN=14
AL475,AL,475,sumthN=14
AL475,AL,475,sumthNG=14
AL476,AL,476,sumpM=14
AL476,AL,476,sumpthN=14
AL477,AL,477,sumthing=13
AL477,AL,477,sumthN=14
AL478,AL,478,sumpM=14
AL478,AL,478,sumthN=14
AL479,AL,479,sumpM=14
AL480,AL,480,sumthing=13
AL480,AL,480,sumthN=14
AL481,AL,481,sumpM=14
AL482,AL,482,sumpM=14
AL482,AL,482,sumthN=14
AL483,AL,483,sumpM=14
AL483,AL,483,sumthN=14
AL484,AL,484,sumthN=14
AL485,AL,485,sumthNG=14
TN486,TN,486,sumpM=14
TN486,TN,486,sumthN=14
TN487,TN,487,sumpthN=14
TN488,TN,488,sump{?}M=14
TN489,TN,489,sumpbM=14
TN489,TN,489,sumpM=14
TN489,TN,489,sumpthN=14
TN490,TN,490,sumpthN=14
TN491,TN,491,-
TN492,TN,492,sumpN=14
TN492,TN,492,sumthN=14
TN493,TN,493,sumpM=14
TN493,TN,493,sumpthN=14
TN494,TN,494,sump{?}N=14
TN495,TN,495,sumpM=14
TN495,TN,495,sumpthN=14
TN496,TN,496,sumthN=14
TN497,TN,497,sumpthNG=14
TN498,TN,498,sumthN=14
TN499,TN,499,sumpthNG=14
TN500,TN,500,sumthN=14
TN501,TN,501,sumpM=14
TN501,TN,501,sumpthN=14
TN502,TN,502,sumthN=14
TN503,TN,503,sumpM=14
TN503,TN,503,su(m)pthN=14
TN504,TN,504,sumthNG=14
TN505,TN,505,sumpM=14
TN505,TN,505,sumthN=14
TN506,TN,506,sumpM=14
TN506,TN,506,sumthN=14
TN507,TN,507,sumpthN=14
TN507,TN,507,sumthN=14
TN508,TN,508,sumpN=14
TN508,TN,508,sumthN=14
TN509,TN,509,sumpthN=14
TN510,TN,510,sumpM=14
TN511,TN,511,sumthNG=14
TN512,TN,512,sumpM=14
TN513,TN,513,sumthNG=14
TN514,TN,514,sumpthing=13
TN515,TN,515,sumthN=14
TN516,TN,516,sumthin=13
TN517,TN,517,sumthN=14
TN518,TN,518,sumthNG=14
TN519,TN,519,sumthNG=14
MS520,MS,520,sumthin=13
MS521,MS,521,sumthing=13
MS522,MS,522,sumpM=14
MS522,MS,522,sumthN=14
MS523,MS,523,sumthN=14
MS524,MS,524,sumpM=14
MS524,MS,524,sumthNG=14
MS525,MS,525,sum{?}M=14
MS526,MS,526,sumpthN=14
MS527,MS,527,sumpthN=14
MS528,MS,528,sumpM=14
MS528,MS,528,sumpthN=14
MS529,MS,529,sumpM=14
MS529,MS,529,sumthN=14
MS530,MS,530,-
MS531,MS,531,sumpM=14
MS532,MS,532,sumpM=14
MS533,MS,533,sumthN=14
MS534,MS,534,sompM=14
MS534,MS,534,sumpM=14
MS535,MS,535,somthN=14
MS535,MS,535,so[m]{?}M=14
MS535,MS,535,sumpthN=14
MS535,MS,535,sumthNG=14
MS536,MS,536,sump{?}N=14
MS537,MS,537,sumpM=14
MS538,MS,538,sumthN=14
MS539,MS,539,sumpM=14
MS539,MS,539,sumthN=14
MS540,MS,540,sumthN=14
MS540,MS,540,sumthNG=14
MS541,MS,541,sumpthN=14
MS541,MS,541,sump{?}M=14
MS542,MS,542,sumpM=14
MS543,MS,543,sumthN=14
MS544,MS,544,sump{?}N=14
MS545,MS,545,-
MS546,MS,546,sumpthN=14
MS546,MS,546,sump{?}M=14
MS546,MS,546,sumthN=14
MS547,MS,547,sumthN=14
MS547,MS,547,sumthNG=14
MS548,MS,548,sumpM=14
MS549,MS,549,sumpM=14
MS550,MS,550,sum(thNG)
MS551,MS,551,sumpthN=14
MS552,MS,552,-
MS553,MS,553,sumthN=14
MS554,MS,554,sumpM=14
MS555,MS,555,sumpM=14
MS556,MS,556,sump{?}M=14
MS557,MS,557,sumthN=14
MS558,MS,558,sumthN=14
MS559,MS,559,sumpM=14
MS560,MS,560,sumpM=14
MS561,MS,561,sumpM=14
MS562,MS,562,sumpM=14
MS562,MS,562,sumthN=14
MS563,MS,563,sumthN=14
MS564,MS,564,sumthN=14
MS564,MS,564,sumthNG=14
MS565,MS,565,sumpM=14
MS565,MS,565,sumpthN=14
MS566,MS,566,sumpM=14
MS567,MS,567,sumpthN=14
MS567,MS,567,sum{?}M=14
MS568,MS,568,sumpM=14
MS568,MS,568,sumthN=14
MS569,MS,569,sumpM=14
MS570,MS,570,sumpM=14
MS570,MS,570,sumthN=14
MS571,MS,571,sumpM=14
MS572,MS,572,sumpM=14
MS573,MS,573,sumpM=14
MS573,MS,573,sumthNG=14
MS574,MS,574,sumpM=14
MS574,MS,574,sumpthN=14
MS575,MS,575,sumthN=14
MS576,MS,576,sumthN=14
MS577,MS,577,sumpM=14
MS578,MS,578,-
MS579,MS,579,sumpM=14
MS579,MS,579,sumpthN=14
MS579,MS,579,sumpthNG=14
MS580,MS,580,sumpM=14
MS581,MS,581,sumpM=14
MS581,MS,581,sumpthNG=14
MS582,MS,582,sumthN=14
MS583,MS,583,sumpM=14
MS584,MS,584,-
MS585,MS,585,sumpM=14
MS586,MS,586,sumpM=14
MS586,MS,586,sumthNG=14
MS587,MS,587,sumpM=14
MS588,MS,588,sumpM=14
MS588,MS,588,sumthN=14
MS589,MS,589,sumpM=14
MS589,MS,589,sumthN=14
MS590,MS,590,sumthNG=14
MS591,MS,591,sumpthNG=14
MS592,MS,592,sumthN=14
MS592,MS,592,sumthNG=14
MS593,MS,593,sumpM=14
MS594,MS,594,sumpM=14
MS595,MS,595,sumthN=14
MS596,MS,596,sumpM=14
MS596,MS,596,su[m]thN=14
MS597,MS,597,sumpM=14
MS598,MS,598,sumpM=14
MS598,MS,598,sumthNG=14
MS599,MS,599,sumpthNG=14
MS599,MS,599,sumthNG=14
MS600,MS,600,sumbM=14
MS600,MS,600,sum(th)M=14
MS601,MS,601,sumthN=14
MS602,MS,602,su[m]thN=14
MS603,MS,603,sumpN=14
MS604,MS,604,sumpM=14
MS605,MS,605,su[m]thN=14
MS606,MS,606,sumpM=14
MS607,MS,607,sumpM=14
MS607,MS,607,sumpN=14
MS608,MS,608,sump{?}M=14
MS608,MS,608,sumthN=14
MS609,MS,609,sumpM=14
MS610,MS,610,sumpM=14
MS610,MS,610,sumthNG=14
MS611,MS,611,sumthNG=14
MS612,MS,612,sumpM=14
MS613,MS,613,-
MS614,MS,614,sumthN=14
MS615,MS,615,sumthNG=14
MS616,MS,616,sumpM=14
MS617,MS,617,sumthN=14
MS617,MS,617,sumthNG=14
MS618,MS,618,sumpM=14
MS618,MS,618,sumpthN=14
MS619,MS,619,sumpM=14
MS620,MS,620,sompM=14
MS620,MS,620,sumpM=14
MS621,MS,621,sumpM=14
MS621,MS,621,sumthN=14
MS622,MS,622,sump{?}M=14
MS622,MS,622,sumthN=14
MS623,MS,623,sumthN=14
MS623,MS,623,sumthNG=14
MS624,MS,624,sumthN=14
MS624,MS,624,sumthNG=14
MS625,MS,625,sumpM=14
MS626,MS,626,sumpM=14
MS626,MS,626,sumthN=14
MS627,MS,627,sump{?}M=14
MS628,MS,628,-
MS629,MS,629,sumpN=14
LA630,LA,630,sumpM=14
LA630,LA,630,sumthNG=14
LA631,LA,631,sum{?}M=14
LA631,LA,631,sumthN=14
LA632,LA,632,sumpM=14
LA633,LA,633,sumthN=14
LA634,LA,634,sumthN=14
LA635,LA,635,sump{?}N=14
LA636,LA,636,sump{?}N=14
LA637,LA,637,sumpM=14
LA638,LA,638,sumpM=14
LA639,LA,639,-
LA640,LA,640,sumpM=14
LA641,LA,641,sumpthing=13
LA641,LA,641,sumthNG=14
LA641,LA,641,sum(thNG)
LA641,LA,641,su(m){?}M=14
LA642,LA,642,sumpM=14
LA643,LA,643,sumpM=14
LA644,LA,644,sumpM=14
LA644,LA,644,sumthing=13
LA645,LA,645,sumpthN=14
LA646,LA,646,sumpthN=14
LA646,LA,646,sump{?}M=14
LA647,LA,647,sumpM=14
LA648,LA,648,sumpN=14
LA649,LA,649,sump{?}N=14
LA650,LA,650,-
LA651,LA,651,-
LA652,LA,652,somthNG=14
LA653,LA,653,sumpM=14
LA654,LA,654,sumthN=14
LA655,LA,655,sumthN=14
LA656,LA,656,sumthN=14
LA656,LA,656,sumthing=13
LA657,LA,657,sumthN=14
LA657,LA,657,sumthNG=14
LA657X,LA,657X,sumthing=13
LA657Y,LA,657Y,sumthNG=14
LA657Z,LA,657Z,sumthNG=14
LA658,LA,658,somthing=13
LA659,LA,659,sumpM=14
LA659,LA,659,sumthN=14
LA660,LA,660,sum{b}M=14
LA661,LA,661,sumthN=14
LA661,LA,661,sum(thNG)
LA661,LA,661,su(m){?}M=14
LA662,LA,662,sumthN=14
LA663,LA,663,sumpM=14
LA664,LA,664,sumpM=14
LA664,LA,664,sumpthN=14
LA665,LA,665,sumpM=14
LA666,LA,666,sumpM=14
LA667,LA,667,sumpM=14
LA667,LA,667,sumthNG=14
LA668,LA,668,sumdhing=13
LA668,LA,668,sumthing=13
LA669,LA,669,-
LA670,LA,670,sump{?}M=14
LA671,LA,671,-
LA672,LA,672,sump{?}M=14
LA672,LA,672,sumthNG=14
LA673,LA,673,sumpM=14
LA673,LA,673,sumthN=14
AR674,AR,674,sumpM=14
AR674,AR,674,sumthN=14
AR675,AR,675,sumpthin=13
AR676,AR,676,sumpN=14
AR676,AR,676,sumpthN=14
AR676,AR,676,sumtN=14
AR677,AR,677,sumthNG=14
AR678,AR,678,sumpthN=14
AR678,AR,678,sumthing=13
AR679,AR,679,sumdhN=14
AR679,AR,679,sumthN=14
AR679,AR,679,thomthN=14
AR680,AR,680,sumpM=14
AR680,AR,680,sump{?}M=14
AR681,AR,681,sumpM=14
AR682,AR,682,sumthN=14
AR682,AR,682,sumthNG=14
AR683,AR,683,sumpM=14
AR684,AR,684,sumpM=14
AR684,AR,684,sumthN=14
AR685,AR,685,sompM=14
AR685,AR,685,somthNG=14
AR685,AR,685,sumpM=14
AR685,AR,685,sumpthN=14
AR686,AR,686,sumpM=14
AR687,AR,687,sumpM=14
AR687,AR,687,sumthN=14
AR688,AR,688,sumpM=14
AR689,AR,689,sump{?}M=14
AR690,AR,690,sumthing=13
AR691,AR,691,sumthN=14
AR692,AR,692,sumpM=14
AR692,AR,692,sumpthN=14
AR693,AR,693,sumthNG=14
AR694,AR,694,sumpM=14
AR694,AR,694,sumthN=14
AR695,AR,695,sumthN=14
AR696,AR,696,sumpM=14
AR696,AR,696,sumthN=14
AR697,AR,697,sumting=13
AR698,AR,698,sumpM=14
AR699,AR,699,sumpM=14
AR700,AR,700,sumpM=14
AR701,AR,701,sumpM=14
AR702,AR,702,sumpM=14
AR703,AR,703,sumthing=13
AR704,AR,704,sumthN=14
AR705,AR,705,sumthNG=14
AR706,AR,706,sumthN=14
AR707,AR,707,somthN=14
AR708,AR,708,sompthNG=14
AR708,AR,708,sumthNG=14
AR709,AR,709,sumpM=14
AR709,AR,709,sumthN=14
AR709,AR,709,sumthNG=14
AR710,AR,710,-
AR711,AR,711,sumthNG=14
AR712,AR,712,sumpM=14
AR712,AR,712,sumtheng=13
AR712,AR,712,sumthing=13
AR713,AR,713,somthN=14
AR714,AR,714,sumpM=14
AR715,AR,715,sumthN=14
AR716,AR,716,sumpM=14
AR717,AR,717,-
AR718,AR,718,sumpN=14
AR718,AR,718,sumpthN=14
AR718,AR,718,sumpthNG=14
AR719,AR,719,sumthN=14
AR719,AR,719,sumthNG=14
AR720,AR,720,sumpthNG=14
AR721,AR,721,sumpM=14
AR722,AR,722,sump{?}M=14
AR723,AR,723,sump{?}M=14
AR724,AR,724,sumpthN=14
AR725,AR,725,sumpM=14
AR725,AR,725,sumpthNG=14
AR725,AR,725,sumthN=14
AR726,AR,726,sumthin=13
AR727,AR,727,sumpM=14
AR728,AR,728,sumpM=14
AR728,AR,728,sumpN=14
AR728,AR,728,sumpthNG=14
AR729,AR,729,sump{?}M=14
AR730,AR,730,sumpM=14
AR730,AR,730,sumthNG=14
AR731,AR,731,sumthing=13
AR732,AR,732,sumthN=14
AR733,AR,733,sumpM=14
AR733,AR,733,sumthN=14
AR734,AR,734,sumpM=14
AR734,AR,734,sumthN=14
AR735,AR,735,sumpthing=13
AR735,AR,735,sum{?}M=14
AR736,AR,736,-
AR737,AR,737,sumpM=14
AR737,AR,737,sumthN=14
AR738,AR,738,sumthN=14
AR739,AR,739,-
AR740,AR,740,sumpM=14
AR740,AR,740,sumthN=14
AR741,AR,741,sump{?}M=14
AR741,AR,741,sumthN=14
AR741,AR,741,sumthNG=14
AR742,AR,742,sump{?}N=14
AR743,AR,743,sumpM=14
AR743,AR,743,sumthN=14
AR744,AR,744,sumthN=14
AR745,AR,745,sumthN=14
AR746,AR,746,sumthN=14
AR746,AR,746,sumthing=13
AR747,AR,747,sumthN=14
AR748,AR,748,sumpM=14
AR749,AR,749,sumthN=14
AR749,AR,749,sumthNG=14
AR750,AR,750,sumpM=14
AR750,AR,750,sumthN=14
AR751,AR,751,sumthN=14
AR751,AR,751,sumthNG=14
AR752,AR,752,sumpM=14
AR752,AR,752,sumthN=14
AR753,AR,753,sumthN=14
AR753,AR,753,sumthNG=14
AR754,AR,754,-
AR755,AR,755,sumpthN=14
LA756,LA,756,sump{?}M=14
LA757,LA,757,sumpM=14
LA757,LA,757,sumthN=14
LA758,LA,758,sumpM=14
LA758,LA,758,sumthN=14
LA759,LA,759,sumpM=14
LA760,LA,760,sumpM=14
LA761,LA,761,sumpM=14
LA762,LA,762,sump{?}M=14
LA762,LA,762,sumthN=14
LA763,LA,763,sumpM=14
LA764,LA,764,sumpM=14
LA765,LA,765,sumthN=14
LA766,LA,766,sumpM=14
LA767,LA,767,sumthNG=14
LA768,LA,768,sum(th)M=14
LA768,LA,768,surthNG=14
LA768,LA,768,su(m)thin=13
LA769,LA,769,sumpthN=14
LA770,LA,770,-
LA771,LA,771,sumpM=14
LA772,LA,772,sumpM=14
LA773,LA,773,sumpM=14
LA774,LA,774,sumpM=14
LA775,LA,775,sumpM=14
LA776,LA,776,sumthin=13
LA776,LA,776,sumthing=13
LA776,LA,776,sum(th)M=14
LA777,LA,777,sumpM=14
LA778,LA,778,sumpM=14
LA778,LA,778,sumthN=14
LA778,LA,778,sumthNG=14
LA779,LA,779,sumthNG=14
LA780,LA,780,sumpM=14
LA780,LA,780,sumthN=14
LA781,LA,781,sumpM=14
LA782,LA,782,sumpM=14
LA783,LA,783,sumpM=14
LA784,LA,784,sumpM=14
LA785,LA,785,sumpthN=14
LA785,LA,785,sumthing=13
LA786,LA,786,sumpM=14
LA786,LA,786,sumpthN=14
LA787,LA,787,sumpM=14
LA787,LA,787,sumthing=13
LA788,LA,788,sompthN=14
LA788,LA,788,sumpthN=14
LA789,LA,789,sumpM=14
LA790,LA,790,sumpM=14
LA790,LA,790,sumthN=14
LA791,LA,791,sumpthN=14
LA792,LA,792,sumpthN=14
LA792,LA,792,sump{?}M=14
LA793,LA,793,sump{?}N=14
LA794,LA,794,sumpM=14
LA794,LA,794,sumthN=14
LA795,LA,795,sumpM=14
LA796,LA,796,sump{?}M=14
LA797,LA,797,sum{?}M=14
LA797,LA,797,su(m){?}N=14
LA798,LA,798,sumthing=13
LA798,LA,798,sumthN=14
LA799,LA,799,sumthN=14
LA800,LA,800,sump{?}M=14
LA800,LA,800,sumthN=14
LA801,LA,801,somthN=14
LA801,LA,801,sumthN=14
LA802,LA,802,-
LA803,LA,803,sumpM=14
LA804,LA,804,sumpM=14
LA805,LA,805,sum{?}N=14
LA806,LA,806,sumpM=14
LA807,LA,807,sumthing=13
LA808,LA,808,sumthing=13
LA809,LA,809,sumpM=14
LA809,LA,809,sumthNG=14
LA810,LA,810,sumthing=13
LA810,LA,810,sumtNG=14
LA811,LA,811,sumpM=14
LA812,LA,812,sumpM=14
LA812,LA,812,sumthN=14
LA813,LA,813,sumpM=14
LA813,LA,813,sumpthN=14
LA814,LA,814,sump{?}M=14
LA815,LA,815,sumpM=14
LA816,LA,816,sumthN=14
LA817,LA,817,sumpM=14
LA817,LA,817,sumth[N]=14
TX818,TX,818,sumpM=14
TX819,TX,819,sumthN=14
TX820,TX,820,sumthin=13
TX820,TX,820,sumthing=13
TX821,TX,821,sumthN=14
TX822,TX,822,sumthing=13
TX822,TX,822,sum(th)M=14
TX823,TX,823,sump{?}M=14
TX824,TX,824,sumthN=14
TX824,TX,824,sumtN=14
TX824,TX,824,sumthing=13
TX825,TX,825,sumpM=14
TX826,TX,826,sumthNG=14
TX827,TX,827,sumthing=13
TX827,TX,827,sumthN=14
TX828,TX,828,su(m)pM=14
TX829,TX,829,sumpM=14
TX829,TX,829,sumpthin=13
TX829,TX,829,sumpthN=14
TX830,TX,830,sumpthin=13
TX830,TX,830,sumthNG=14
TX831,TX,831,-
TX832,TX,832,sumpM=14
TX833,TX,833,sumthNG=14
TX833,TX,833,suntN=14
TX834,TX,834,sumthing=13
TX835,TX,835,sump{?}N=14
TX836,TX,836,sumpM=14
TX837,TX,837,sumthN=14
TX838,TX,838,sumpM=14
TX839,TX,839,sumpM=14
TX840,TX,840,sumpM=14
TX841,TX,841,sump{?}N=14
TX842,TX,842,sumpthNG=14
TX842,TX,842,sum{?}NG=14
TX843,TX,843,sumthing=13
TX844,TX,844,sumpthNG=14
TX844,TX,844,su(m){?}M=14
TX845,TX,845,-
TX846,TX,846,sumpM=14
TX846,TX,846,sumpthN=14
TX847,TX,847,sumthN=14
TX848,TX,848,sumthN=14
TX849,TX,849,sumpM=14
TX850,TX,850,sumthN=14
TX851,TX,851,sumpM=14
TX851,TX,851,sumpthNG=14
TX852,TX,852,sumpM=14
TX852,TX,852,sumthN=14
TX853,TX,853,sumthN=14
TX854,TX,854,sumthN=14
TX855,TX,855,sumpthN=14
TX855,TX,855,sump{?}M=14
TX856,TX,856,sumpN=14
TX857,TX,857,sumpN=14
TX857,TX,857,sumthing=13
TX857,TX,857,sum{?}N=14
TX858,TX,858,sumpM=14
TX858,TX,858,sumthN=14
TX859,TX,859,sumthin=13
TX860,TX,860,sumpN=14
TX860,TX,860,sumpthing=13
TX861,TX,861,sumpM=14
TX861,TX,861,sumthin=13
TX861,TX,861,sumthing=13
TX862,TX,862,-
TX863,TX,863,-
TX864,TX,864,sumpM=14
TX864,TX,864,sumpN=14
TX865,TX,865,sumpM=14
TX866,TX,866,sumthN=14
TX867,TX,867,sumpM=14
TX868,TX,868,sumpM=14
TX869,TX,869,sumpM=14
TX870,TX,870,sumthing=13
TX871,TX,871,-
TX872,TX,872,sumthN=14
TX873,TX,873,sumpM=14
TX873,TX,873,sumthN=14
TX874,TX,874,sumthing=13
TX874,TX,874,sumthN=14
TX875,TX,875,sompM=14
TX875,TX,875,sumpM=14
TX875,TX,875,sumthNG=14
TX876,TX,876,sumthN=14
TX876,TX,876,sumthNG=14
TX877,TX,877,sumpM=14
TX877,TX,877,sumthN=14
TX877,TX,877,sumthNG=14
TX878,TX,878,sumthN=14
TX879,TX,879,-
TX880,TX,880,su[m]pM=14
TX881,TX,881,sumthing=13
TX882,TX,882,sumpM=14
TX883,TX,883,sumthN=14
TX883,TX,883,sumthing=13
TX884,TX,884,sumthN=14
TX885,TX,885,sumpM=14
TX886,TX,886,sumthN=14
TX887,TX,887,sumthing=13
TX887,TX,887,sumthN=14
TX888,TX,888,sumthN=14
TX889,TX,889,sumpM=14
TX889,TX,889,sumthNG=14
TX890,TX,890,sumthin=13
TX891,TX,891,sumthNG=14
TX892,TX,892,sump{?}M=14
TX892,TX,892,sumthNG=14
TX893,TX,893,sumthing=13
TX894,TX,894,sumthN=14
TX895,TX,895,-
TX896,TX,896,sumpM=14
TX897,TX,897,sawmthin=13
TX897,TX,897,sumteen=13
TX898,TX,898,sumthing=13
TX899,TX,899,sumthNG=14
TX900,TX,900,sumpM=14
TX901,TX,901,somthN=14
TX902,TX,902,sumthNG=14
TX903,TX,903,sumthN=14
TX904,TX,904,sumthing=13
TX905,TX,905,sump{?}M=14
TX905,TX,905,sumtheeng=13
TX906,TX,906,sumpM=14
TX906,TX,906,sumthNG=14
TX907,TX,907,sumthNG=14
TX908,TX,908,sumpthNG=14
TX908,TX,908,sumtheeng=13
TX909,TX,909,sumthing=13
TX910,TX,910,sumpM=14
TX910,TX,910,sumptheeng=13
TX910,TX,910,sumpthing=13
TX911,TX,911,sumpN=14
