Informant,State,Informant number,Response
TN001,TN,001,-
TN002,TN,002,-
TN003,TN,003,{?}un{?}un=13
TN004,TN,004,um{?}um=31
TN005,TN,005,noe
TN006,TN,006,noe
TN006,TN,006,{?}um{?}um=13
TN007,TN,007,{?}um{?}um{?}=13
TN008,TN,008,-
TN009,TN,009,{?}um{?}um=13
TN010,TN,010,noe
TN010,TN,010,{?}u[m]{?}um=13
TN011,TN,011,{?}um{?}um=13
TN012,TN,012,{?}u{?}u[m]=13
TN013,TN,013,naw
TN013,TN,013,noe
TN014,TN,014,-
TN015,TN,015,noe
TN015,TN,015,{?}um{?}um{?}=13
TN016,TN,016,-
TN017,TN,017,-
TN018,TN,018,-
TN019,TN,019,-
TN020,TN,020,noe
TN021,TN,021,-
TN022,TN,022,-
TN023,TN,023,noem
TN023,TN,023,noep
TN023,TN,023,{?}umnA=14
TN023,TN,023,{?}un{?}un=31
TN024,TN,024,-
TN025,TN,025,-
TN026,TN,026,-
TN027,TN,027,u[m]{?}u[m]=13
TN028,TN,028,-
TN029,TN,029,-
TN030,TN,030,-
TN031,TN,031,-
TN032,TN,032,-
TN033,TN,033,u[m]{?}u[m]{?}=31
TN034,TN,034,naw
TN035,TN,035,-
TN036,TN,036,-
TN037,TN,037,noe
TN037,TN,037,u{?}u=13
TN038,TN,038,naw
TN039,TN,039,noe
TN039,TN,039,nu[m]{?}u[m]=13
TN040,TN,040,noe
TN041,TN,041,-
TN042,TN,042,-
TN043,TN,043,-
TN044,TN,044,-
TN045,TN,045,-
TN046,TN,046,{?}um{?}um{?}=31
TN047,TN,047,noe
TN047,TN,047,u[m]{?}{?}u[m]=13
TN048,TN,048,noe
TN049,TN,049,ump{?}A=14
TN050,TN,050,-
TN051,TN,051,hu[m]{?}u=13
TN051,TN,051,noe
TN051,TN,051,um{?}{?}um=13
TN052,TN,052,noe
TN053,TN,053,-
TN054,TN,054,noe
TN054,TN,054,u[m]{?}u[m]=13
TN055,TN,055,um{?}{?}um=13
TN055,TN,055,noe
TN055,TN,055,o[m]{?}{?}o[m]=13
TN056,TN,056,welnoe=21
TN057,TN,057,um{?}um=13
TN057,TN,057,um{?}{?}um=31
TN057,TN,057,noe
TN058,TN,058,{?}u{?}u=13
TN059,TN,059,naw
TN059,TN,059,noe
TN059,TN,059,nu{?}u=13
TN059,TN,059,{?}um{?}um=13
TN059,TN,059,{?}u{?}u=13
TN060,TN,060,-
GA061,GA,061,-
GA062,GA,062,um{?}um=13
GA062,GA,062,noe
GA063,GA,063,naw
GA063,GA,063,umpA=14
GA064,GA,064,noe
GA065,GA,065,noe
GA066,GA,066,-
GA067,GA,067,-
GA068,GA,068,noe
GA068,GA,068,umM=14
GA068,GA,068,{?}u{?}u=13
GA069,GA,069,noe
GA069,GA,069,noeu=13
GA069,GA,069,u[m]{?}u[m]=13
GA070,GA,070,noe
GA071,GA,071,-
GA072,GA,072,naw
GA072,GA,072,noenoe=11
GA072,GA,072,noep
GA073,GA,073,noe
GA073,GA,073,u{?}u=13
GA074,GA,074,naw
GA074,GA,074,um{?}{?}um=31
GA075,GA,075,naw
GA076,GA,076,mun{?}N=14
GA077,GA,077,-
GA078,GA,078,noe
GA078,GA,078,u[m]{?}u[m]=13
GA079,GA,079,-
GA080,GA,080,noe
GA081,GA,081,-
GA082,GA,082,no
GA083,GA,083,noe
GA084,GA,084,-
GA085,GA,085,noe
GA085,GA,085,{?}um{?}um=13
GA086,GA,086,-
GA087,GA,087,o[m]o[m]=13
GA087,GA,087,um{?}{?}um=13
GA087,GA,087,noe
GA088,GA,088,{?}u[m]{?}u[m]=13
GA089,GA,089,noe
GA090,GA,090,naw
GA090,GA,090,noe
GA090,GA,090,no[m]{?}A=14
GA090,GA,090,o[m]{?}A=14
GA090,GA,090,{?}um{?}M=14
GA090,GA,090,{?}o{?}A=14
GA091,GA,091,noe
GA092,GA,092,noe
GA093,GA,093,hum{?}M=14
GA093,GA,093,hu[m]{?}[M]=14
GA093,GA,093,um
GA093,GA,093,um{?}um=12
GA093,GA,093,um{?}M=14
GA093,GA,093,u{?}A=14
GA093,GA,093,u[m]{?}[M]=14
GA093,GA,093,{?}umhum=31
GA094,GA,094,naw
GA095,GA,095,{?}o[m]{?}o[m]=13
GA096,GA,096,um{?}um=13
GA096,GA,096,naw
GA097,GA,097,hu[m]{?}u[m]=13
GA097,GA,097,um{?}{?}um=21
GA097,GA,097,noe
GA098,GA,098,naw
GA098,GA,098,noe
GA098,GA,098,{?}um{?}M=14
GA098,GA,098,{?}o[m]{?}u[m]=31
GA099,GA,099,naw
GA099,GA,099,noe
GA099,GA,099,noep
GA099,GA,099,{?}um{?}M=14
GA100,GA,100,noe
GA100,GA,100,{?}um{?}um=13
GA101,GA,101,noe
GA101,GA,101,{?}um{?}um=13
GA102,GA,102,-
GA103,GA,103,noe
GA104,GA,104,noe
GA104,GA,104,noep
GA105,GA,105,-
GA106,GA,106,noe
GA107,GA,107,noenoe=11
GA107,GA,107,{?}u{?}u=11
GA108,GA,108,-
GA109,GA,109,um{?}um=13
GA109,GA,109,noe
GA110,GA,110,-
GA111,GA,111,noeM=14
GA111,GA,111,noemam=21
GA112,GA,112,noe
GA113,GA,113,noe
GA113,GA,113,u{?}u{?}=13
GA114,GA,114,um{?}{?}um=13
GA115,GA,115,noe
GA115,GA,115,ump{?}[M]=14
GA116,GA,116,noe
GA117,GA,117,-
GA118,GA,118,noe
GA118,GA,118,{?}um{?}un=13
GA119,GA,119,um{?}um=13
GA120,GA,120,noe
GA121,GA,121,na
GA121,GA,121,noe
GA122,GA,122,noe
GA123,GA,123,-
GA124,GA,124,noe
GA125,GA,125,u[m]{?}u[m]=31
GA126,GA,126,-
GA127,GA,127,noe
GA127,GA,127,noesur=31
GA128,GA,128,noe
GA129,GA,129,um{?}um=13
GA129,GA,129,noe
GA129,GA,129,nu[m]{?}u[m]=13
GA129,GA,129,{?}u{?}u=13
GA130,GA,130,-
GA131,GA,131,no
GA131,GA,131,noe
GA132,GA,132,noe
GA133,GA,133,-
GA134,GA,134,-
GA135,GA,135,un{?}N=14
GA136,GA,136,naw
GA137,GA,137,u[m]{?}u[m]=21
GA138,GA,138,-
GA139,GA,139,noe
GA139,GA,139,u[m]{?}u[m]=13
GA140,GA,140,naw
GA140,GA,140,noe
GA140,GA,140,umpA=14
GA141,GA,141,o[m]{?}o[m]=13
GA142,GA,142,-
GA143,GA,143,noe
GA143,GA,143,o{?}o=13
GA144,GA,144,noe
GA144,GA,144,{?}um{?}um=13
GA144,GA,144,{?}u[m]{?}u[m]=13
GA145,GA,145,naw
GA145,GA,145,um
GA145,GA,145,{?}upM=14
GA146,GA,146,noe
GA147,GA,147,noe
GA148,GA,148,-
GA149,GA,149,no
GA149,GA,149,u[m]{?}A=14
GA150,GA,150,noe
GA151,GA,151,noe
GA152,GA,152,noe
GA153,GA,153,noe
GA154,GA,154,o{?}o{?}=11
GA155,GA,155,u[m]nu[m]=13
GA156,GA,156,-
GA157,GA,157,um{?}um=13
GA158,GA,158,noe
GA159,GA,159,noe
GA160,GA,160,noe
GA161,GA,161,-
GA162,GA,162,um{?}um=13
GA162,GA,162,noe
GA162,GA,162,u[m]{?}u[m]=13
GA163,GA,163,-
GA164,GA,164,um{?}um=13
GA164,GA,164,noe
GA164,GA,164,u[m]{?}{?}u[m]=13
GA165,GA,165,-
GA166,GA,166,-
GA167,GA,167,noe
GA168,GA,168,noe
GA169,GA,169,um{?}um{?}=31
GA169,GA,169,noe
GA169,GA,169,u{?}u{?}=13
GA170,GA,170,nu{?}u[m]=13
GA171,GA,171,um{?}{?}um=13
GA171,GA,171,u[m]{?}u=13
GA172,GA,172,naw
GA172,GA,172,u[m]{?}u[m]=13
GA173,GA,173,noe
GA174,GA,174,noe
GA175,GA,175,noenoe=13
GA176,GA,176,-
GA177,GA,177,naw
GA177,GA,177,u[m]{?}u=13
GA178,GA,178,-
GA179,GA,179,-
GA180,GA,180,noe
GA181,GA,181,-
GA182,GA,182,noe
GA183,GA,183,naw
GA183,GA,183,nu{?}u=13
GA183,GA,183,u{?}{?}u=13
GA184,GA,184,noep
GA185,GA,185,noe
GA186,GA,186,noe
GA186,GA,186,o{?}u=13
GA186,GA,186,um
GA187,GA,187,welnoe=31
GA187,GA,187,{?}u{?}u=13
GA188,GA,188,-
GA189,GA,189,um{?}um=13
GA189,GA,189,noe
GA190,GA,190,-
GA191,GA,191,noe
GA191,GA,191,{?}um{?}um=13
GA191,GA,191,{?}um{?}M=14
GA191,GA,191,{?}u{?}A=14
GA192,GA,192,noe
GA193,GA,193,naw
GA194,GA,194,um{?}um{?}=13
GA194,GA,194,naws{R}=14
GA194,GA,194,nawsu{r}=31
GA194,GA,194,{?}u{?}u=13
GA195,GA,195,-
GA196,GA,196,noe
GA197,GA,197,noe
GA198,GA,198,noe
GA198,GA,198,um
GA199,GA,199,hu[m]{?}u[m]=13
GA199,GA,199,hu[m]{?}u[m]=31
GA199,GA,199,{?}um{?}M=14
GA199,GA,199,{?}u[m]{?}u[m]=31
GA200,GA,200,ump[M]=14
GA200,GA,200,um{?}um=31
GA201,GA,201,naw
GA201,GA,201,noe
GA202,GA,202,umpmA=14
GA203,GA,203,noe
GA203,GA,203,umpu[m]=13
GA203,GA,203,u{?}o[m]=31
GA204,GA,204,noe
GA205,GA,205,noe
GA206,GA,206,-
GA207,GA,207,-
GA208,GA,208,-
GA209,GA,209,um{?}um=13
GA209,GA,209,noe
GA209,GA,209,u[m]{?}u[m]=13
GA210,GA,210,naw
GA210,GA,210,noe
GA210,GA,210,noemam=31
GA211,GA,211,hu[m]{?}u[m]{?}=13
GA211,GA,211,noe
GA212,GA,212,nu[m]{?}u[m]=13
GA213,GA,213,noe
GA214,GA,214,noe
GA215,GA,215,um{?}pM=14
GA215,GA,215,noe
GA216,GA,216,naw
GA216,GA,216,noe
GA216,GA,216,{?}um{?}um=13
GA216,GA,216,{?}o{?}A=14
GA217,GA,217,-
GA218,GA,218,noe
GA219,GA,219,u[m]{?}u[m]=13
GA219,GA,219,{?}u[m]{?}u[m]=13
GA220,GA,220,-
GA221,GA,221,-
GA222,GA,222,noe
GA222,GA,222,noesu[r]=11
GA222,GA,222,u[m]
GA223,GA,223,naw
GA223,GA,223,noesu{r}=13
GA224,GA,224,-
GA225,GA,225,u[m]u[m]=31
FL226,FL,226,noe
FL227,FL,227,um{?}um=13
FL228,FL,228,noe
FL229,FL,229,naw
FL229,FL,229,noe
FL229,FL,229,noep
FL229,FL,229,nup
FL230,FL,230,noe
FL230,FL,230,{?}um{?}um=13
FL230,FL,230,{?}u[m]{?}u[m]=13
FL231,FL,231,noe
FL232,FL,232,noe
FL233,FL,233,naw
FL233,FL,233,noe
FL233,FL,233,{?}um{?}um=13
FL233,FL,233,{?}u{?}u=31
FL234,FL,234,-
FL235,FL,235,umu[m]=13
FL236,FL,236,-
FL237,FL,237,noe
FL237,FL,237,noesur=31
FL237,FL,237,u{?}u=12
FL238,FL,238,u[m]{?}u=31
FL239,FL,239,um{?}{?}um=13
FL239,FL,239,noe
FL239,FL,239,nu[m]{?}u[m]=13
FL240,FL,240,hu[m]{?}u[m]=13
FL240,FL,240,um{?}um=13
FL241,FL,241,-
FL242,FL,242,-
FL243,FL,243,-
FL244,FL,244,noenoe=11
FL245,FL,245,oenoe=31
FL245,FL,245,u[m]{?}u=13
FL246,FL,246,um{?}um=31
FL247,FL,247,um{?}M=14
FL247,FL,247,noe
FL247,FL,247,nu[m]{?}u[m]=31
FL247,FL,247,{?}o[m]{?}A=14
FL248,FL,248,noeum=11
FL249,FL,249,{?}o[m]{?}o[m]=13
FL249,FL,249,{?}u[m]{?}[M]=14
FL250,FL,250,naw
FL250,FL,250,noe
FL251,FL,251,-
FL252,FL,252,-
FL253,FL,253,umum=11
FL254,FL,254,-
FL255,FL,255,-
FL256,FL,256,-
FL257,FL,257,noe
FL258,FL,258,hum{?}um=13
FL259,FL,259,un{?}N=14
FL260,FL,260,{?}u[m]{?}u[m]=13
FL261,FL,261,um{?}{?}um=13
FL261,FL,261,noe
FL261,FL,261,noep
FL262,FL,262,noe
FL263,FL,263,-
FL264,FL,264,no
FL264,FL,264,noe
FL265,FL,265,u[m]{?}u[m]=13
FL266,FL,266,um{?}um=13
FL267,FL,267,-
FL268,FL,268,u[m]u[m]=13
FL269,FL,269,hum{?}M=14
FL269,FL,269,noe
FL269,FL,269,{?}um{?}um=13
FL269,FL,269,{?}um{?}M=14
FL269,FL,269,{?}u[m][M]=14
FL269,FL,269,{?}u[m]{?}[M]=14
FL270,FL,270,{?}um{?}um=13
FL270,FL,270,{?}um{?}M=14
FL270,FL,270,{?}u[m]{?}[M]=14
FL271,FL,271,um{?}um=13
FL271,FL,271,oehelnoe=311
FL271,FL,271,u{?}u=13
FL272,FL,272,noe
FL273,FL,273,um{?}um=13
FL273,FL,273,noe
FL274,FL,274,noe
FL275,FL,275,noe
FL276,FL,276,noe
FL277,FL,277,-
FL278,FL,278,um{?}um=31
FL279,FL,279,umnoe=31
FL280,FL,280,um{?}um=31
FL280,FL,280,o[m]{?}o[m]=13
FL281,FL,281,um{?}{?}um=13
FL282,FL,282,noe
FL283,FL,283,noep
FL283,FL,283,{?}um{?}M=14
FL283,FL,283,{?}o{?}o=31
FL283,FL,283,{?}A{?}u[m]=41
FL283,FL,283,{?}u[m]{?}[M]=14
FL284,FL,284,noe
FL284,FL,284,o[m]{?}o[m]=13
FL284,FL,284,u[m]{?}u[m]=13
FL285,FL,285,noe
FL286,FL,286,nu
FL286,FL,286,u{r}[m]u{r}[m]=13
FL287,FL,287,um{?}um=13
FL287,FL,287,no
FL287,FL,287,noe
FL288,FL,288,naw
FL289,FL,289,-
TN290,TN,290,-
TN291,TN,291,noe
TN292,TN,292,-
TN293,TN,293,-
TN294,TN,294,noe
TN295,TN,295,-
TN296,TN,296,-
TN297,TN,297,noe
TN297,TN,297,{?}um{?}um=13
TN297,TN,297,{?}u[m]{?}u[m]=13
TN298,TN,298,o[n]{?}o[m]=13
TN298,TN,298,{?}um{?}um=13
TN299,TN,299,-
TN300,TN,300,-
TN301,TN,301,-
TN302,TN,302,nie
TN303,TN,303,-
TN304,TN,304,-
TN305,TN,305,-
TN306,TN,306,noe
TN306,TN,306,noehu[m]{?}u[m]=113
TN307,TN,307,-
TN308,TN,308,um{?}{?}um=13
TN309,TN,309,noe
TN310,TN,310,noe
TN311,TN,311,noe
TN312,TN,312,noe
TN313,TN,313,noenoe=31
TN314,TN,314,umnoe=11
TN315,TN,315,aw[m]noe=21
TN315,TN,315,u[m]{?}u[m]=13
TN316,TN,316,naw
TN316,TN,316,noe
TN317,TN,317,-
TN318,TN,318,-
TN319,TN,319,-
TN320,TN,320,u{?}u=13
TN321,TN,321,-
TN322,TN,322,noe
TN323,TN,323,-
TN324,TN,324,-
TN325,TN,325,naw
TN325,TN,325,no
TN326,TN,326,noe
TN327,TN,327,-
TN328,TN,328,-
TN329,TN,329,naw
TN329,TN,329,noe
TN329,TN,329,noep
TN330,TN,330,naw
TN330,TN,330,noe
TN330,TN,330,o{?}A=14
TN330,TN,330,u{?}A=14
TN330,TN,330,umpA=14
TN331,TN,331,-
TN332,TN,332,noe
TN333,TN,333,-
TN334,TN,334,um
TN334,TN,334,um{?}um=13
TN334,TN,334,naw
TN335,TN,335,-
TN336,TN,336,naw
TN336,TN,336,noe
TN336,TN,336,{?}um{?}um=13
TN336,TN,336,{?}u{?}u=13
AL337,AL,337,um{?}um=31
AL338,AL,338,umpA=14
AL338,AL,338,umpM=14
AL338,AL,338,ump[M]=14
AL339,AL,339,-
AL340,AL,340,noe
AL340,AL,340,nue
AL340,AL,340,u[m]{?}u[m]=13
AL341,AL,341,naw
AL341,AL,341,noe
AL342,AL,342,-
AL343,AL,343,noe
AL343,AL,343,nu[m]u[m]=13
AL343,AL,343,{?}u[m]u[m]=13
AL344,AL,344,noe
AL345,AL,345,noe
AL346,AL,346,-
AL347,AL,347,-
AL348,AL,348,noe
AL348,AL,348,{?}u{?}u=13
AL349,AL,349,naw
AL350,AL,350,{?}u{?}u=13
AL351,AL,351,noe
AL352,AL,352,noe
AL352,AL,352,u[m]u[m]=21
AL352,AL,352,{?}um{?}um=13
AL353,AL,353,noe
AL354,AL,354,noep
AL354,AL,354,umpA=14
AL354,AL,354,ump{?}A=14
AL355,AL,355,naw
AL355,AL,355,noe
AL355,AL,355,{?}u[m]{?}A=14
AL356,AL,356,naw
AL356,AL,356,noe
AL356,AL,356,o[m]{?}A=14
AL356,AL,356,{?}um{?}M=14
AL357,AL,357,noe
AL357,AL,357,{?}u[m]{?}u[m]=13
AL358,AL,358,um{?}{?}um=13
AL358,AL,358,noe
AL359,AL,359,naw
AL360,AL,360,noe
AL360,AL,360,nu
AL360,AL,360,nu[m]{?}u=13
AL360,AL,360,u[m]{?}{?}u=13
AL361,AL,361,um{?}{?}um=13
AL361,AL,361,naw
AL362,AL,362,-
AL363,AL,363,{?}u{?}u=13
AL364,AL,364,-
AL365,AL,365,noe
AL366,AL,366,um{?}um=13
AL366,AL,366,naw
AL367,AL,367,noe
AL368,AL,368,-
AL369,AL,369,um{?}{?}um=13
AL369,AL,369,noe
AL370,AL,370,noe
AL370,AL,370,{?}um{?}um=13
AL371,AL,371,noe
AL371,AL,371,uu=13
AL372,AL,372,noe
AL372,AL,372,{?}u[m]{?}u[m]=13
AL372,AL,372,{?}u[m]{?}u[m]=31
AL373,AL,373,noe
AL374,AL,374,um{?}{?}um=13
AL374,AL,374,u[m]u[m]=13
AL375,AL,375,noe
AL376,AL,376,noe
AL377,AL,377,-
AL378,AL,378,naw
AL378,AL,378,no
AL378,AL,378,noe
AL379,AL,379,um{?}{?}um=13
AL380,AL,380,helnoe=21
AL380,AL,380,{?}u[m]{?}u[m]=13
AL381,AL,381,naw
AL382,AL,382,-
AL383,AL,383,noe
AL384,AL,384,noe
AL385,AL,385,naw
AL385,AL,385,un{?}un=13
AL386,AL,386,e{?}e{?}=31
AL386,AL,386,noe
AL386,AL,386,{?}ump{?}M=14
AL387,AL,387,-
AL388,AL,388,nu[m]{?}u[m]=13
AL389,AL,389,naw
AL389,AL,389,{?}um{?}M=14
AL390,AL,390,um{?}{?}um=13
AL390,AL,390,noe
AL391,AL,391,um{?}um=13
AL391,AL,391,noep
AL391,AL,391,u[m]{?}u[m]=13
AL392,AL,392,-
AL393,AL,393,naw
AL393,AL,393,{?}u{?}u[m]=31
AL393,AL,393,{?}u[m]{?}[M]=14
AL394,AL,394,-
AL395,AL,395,-
AL396,AL,396,noe
AL396,AL,396,umum=31
AL397,AL,397,um{?}um=13
AL397,AL,397,noe
AL397,AL,397,nu[m]{?}u[m]=13
AL398,AL,398,um{?}um=13
AL399,AL,399,naw
AL399,AL,399,um{?}{?}um=13
AL399,AL,399,u[m]{?}u[m]=31
AL400,AL,400,naw
AL400,AL,400,no
AL400,AL,400,noe
AL400,AL,400,noes[R]=14
AL401,AL,401,-
AL402,AL,402,naw
AL403,AL,403,naw
AL403,AL,403,no
AL403,AL,403,u[m]{?}A=14
AL404,AL,404,noeu[m]{?}{?}u[m]=113
AL404,AL,404,noo
AL405,AL,405,oenoe=11
AL405,AL,405,u[m]u[m]=13
AL406,AL,406,noe
AL407,AL,407,mun{?}um{?}=31
AL408,AL,408,naw
AL408,AL,408,nu[m]u[m]=13
AL408,AL,408,{?}u[m]u[m]=13
AL409,AL,409,naw
AL409,AL,409,u[m]{?}u[m]=13
AL409,AL,409,um{?}um=13
AL410,AL,410,naw
AL410,AL,410,noe
AL410,AL,410,nu[m]u[m]=13
AL411,AL,411,goshnoe=13
AL411,AL,411,noe
AL411,AL,411,noeso[r]=13
AL412,AL,412,noe
AL412,AL,412,{?}umpum=13
AL413,AL,413,-
AL414,AL,414,humM=14
AL414,AL,414,huA=14
AL414,AL,414,o[m]{?}A=14
AL414,AL,414,u{?}u=13
AL414,AL,414,{?}umum=13
AL414,AL,414,{?}umM=14
AL414,AL,414,{?}oo[m]{?}u=13
AL414,AL,414,{?}uu=31
AL415,AL,415,noe
AL415,AL,415,noes[R]=14
AL415,AL,415,{?}um{?}um=13
AL416,AL,416,naw
AL417,AL,417,noe{?}u[m]u[m]=113
AL417,AL,417,{?}u[m]{?}u=13
AL418,AL,418,noe
AL418,AL,418,noeNdeed=341
AL419,AL,419,o{?}A=14
AL419,AL,419,u{?}A=14
AL419,AL,419,umpum=13
AL419,AL,419,ump[M]=14
AL420,AL,420,hu[m]u[m]=13
AL420,AL,420,nawsu[r]=13
AL420,AL,420,no
AL420,AL,420,noe
AL421,AL,421,um{?}um=13
AL422,AL,422,-
AL423,AL,423,na
AL423,AL,423,naw
AL423,AL,423,noe
AL424,AL,424,-
AL425,AL,425,-
AL426,AL,426,-
AL427,AL,427,-
AL428,AL,428,um{?}{?}um=13
AL428,AL,428,noe
AL428,AL,428,noeu[m]{?}u[m]=113
AL429,AL,429,noe
AL430,AL,430,noe
AL431,AL,431,noe
AL432,AL,432,hnaw
AL432,AL,432,um{?}{?}um=13
AL432,AL,432,u[m]{?}{?}u[m]=13
AL433,AL,433,um{?}{?}um=13
AL433,AL,433,{?}oo[m]u[m]=13
AL434,AL,434,noe
AL435,AL,435,naw
AL435,AL,435,{?}o[m]{?}[M]=14
AL436,AL,436,naw
AL436,AL,436,noe
AL437,AL,437,um{?}[M]=14
AL437,AL,437,noe
AL437,AL,437,u{?}A=14
AL438,AL,438,-
AL439,AL,439,noe
AL440,AL,440,-
AL441,AL,441,{?}um{?}um=13
AL442,AL,442,hu{?}[M]=14
AL442,AL,442,u[m]{?}[M]=14
AL443,AL,443,noe
AL443,AL,443,{?}um{?}um=13
AL443,AL,443,{?}u{?}u=13
AL444,AL,444,noe
AL444,AL,444,o{?}u{?}=13
AL444,AL,444,{?}u[m]{?}[M]=14
AL445,AL,445,noe
AL445,AL,445,u[m]{?}{?}u[m]=13
AL446,AL,446,noe
AL447,AL,447,ump{?}A=14
AL447,AL,447,{?}u{?}A=14
AL448,AL,448,noe
AL449,AL,449,-
AL450,AL,450,noe
AL450,AL,450,noeM=14
AL451,AL,451,naw
AL451,AL,451,u{?}u=13
FL452,FL,452,noe
FL453,FL,453,-
FL454,FL,454,-
FL455,FL,455,-
FL456,FL,456,-
FL457,FL,457,noe
FL457,FL,457,{?}noe
FL458,FL,458,um{?}um=13
FL458,FL,458,noe
FL458,FL,458,u[m]{?}u[m]=13
FL459,FL,459,-
FL460,FL,460,-
FL461,FL,461,-
FL462,FL,462,{?}um{?}um=13
FL463,FL,463,noe
FL463,FL,463,noep
FL463,FL,463,{?}um{?}um=13
FL463,FL,463,{?}u{?}u=13
FL464,FL,464,noe
FL465,FL,465,noe
FL466,FL,466,-
FL467,FL,467,naw
FL467,FL,467,noe
FL467,FL,467,u{?}u=13
FL468,FL,468,noe
FL468,FL,468,{?}um{?}um=13
FL468,FL,468,{?}u[m]{?}u[m]=13
FL469,FL,469,-
FL470,FL,470,noe
FL471,FL,471,-
AL472,AL,472,noe
AL472,AL,472,u[m]{?}{?}u[m]=13
AL473,AL,473,naw
AL473,AL,473,noe
AL473,AL,473,{?}u{?}u=13
AL474,AL,474,noe
AL474,AL,474,noesR=14
AL474,AL,474,noesur=31
AL475,AL,475,noe
AL475,AL,475,uA=14
AL475,AL,475,um{?}pu[m]=31
AL476,AL,476,-
AL477,AL,477,noe
AL477,AL,477,u[m]{?}u[m]=13
AL478,AL,478,um{?}{?}um=13
AL479,AL,479,um{?}{?}um=13
AL479,AL,479,nu[m]{?}{?}u[m]=13
AL480,AL,480,naw
AL480,AL,480,u{?}u=31
AL481,AL,481,noe
AL481,AL,481,u[m]u[m]=13
AL482,AL,482,{?}um{?}A=14
AL483,AL,483,no
AL483,AL,483,noe
AL484,AL,484,um{?}{?}um=13
AL484,AL,484,noe
AL484,AL,484,o[m]u[m]=13
AL485,AL,485,noe
TN486,TN,486,u{?}u=13
TN486,TN,486,{?}u{?}u=13
TN487,TN,487,-
TN488,TN,488,{?}u[m]{?}u[m]=13
TN489,TN,489,-
TN490,TN,490,naw
TN490,TN,490,u{?}u=31
TN491,TN,491,noe
TN492,TN,492,nawnaw=11
TN492,TN,492,noe
TN493,TN,493,-
TN494,TN,494,-
TN495,TN,495,naw
TN496,TN,496,noe
TN497,TN,497,-
TN498,TN,498,noe
TN498,TN,498,u[m]u[m]=13
TN499,TN,499,-
TN500,TN,500,-
TN501,TN,501,u[m]u[m]=13
TN502,TN,502,naw
TN503,TN,503,naw
TN504,TN,504,umum=13
TN504,TN,504,u[m]{?}{?}u[m]=13
TN505,TN,505,naw
TN505,TN,505,noe
TN505,TN,505,o{?}o=11
TN505,TN,505,{?}o{?}u=31
TN506,TN,506,naw
TN506,TN,506,{?}um{?}M=14
TN507,TN,507,-
TN508,TN,508,noe
TN509,TN,509,-
TN510,TN,510,naw
TN510,TN,510,noe
TN511,TN,511,-
TN512,TN,512,noe
TN512,TN,512,umpM=14
TN512,TN,512,umpum=13
TN512,TN,512,{?}u[m]
TN512,TN,512,{?}u{?}u=13
TN513,TN,513,heknoe=11
TN513,TN,513,um{?}p[M]=14
TN513,TN,513,noe
TN514,TN,514,noe
TN514,TN,514,{?}um{?}um=11
TN515,TN,515,noe
TN516,TN,516,u[m]{?}{?}u[m]=13
TN517,TN,517,umum=13
TN518,TN,518,naw
TN519,TN,519,-
MS520,MS,520,-
MS521,MS,521,-
MS522,MS,522,naw
MS522,MS,522,no
MS522,MS,522,noe
MS522,MS,522,no{?}A=14
MS522,MS,522,o[m]{?}[M]=14
MS522,MS,522,{?}um{?}M=14
MS522,MS,522,{?}o{?}A=14
MS523,MS,523,naw
MS524,MS,524,noe
MS524,MS,524,noesR=14
MS524,MS,524,{?}um{?}M=14
MS525,MS,525,-
MS526,MS,526,-
MS527,MS,527,noe
MS527,MS,527,nu{?}u=13
MS527,MS,527,{?}um{?}um=13
MS528,MS,528,naw
MS528,MS,528,noe
MS529,MS,529,-
MS530,MS,530,{?}u[m]{?}u[m]=13
MS531,MS,531,um{?}um=13
MS531,MS,531,nu[m]{?}u[m]=13
MS531,MS,531,u[m]{?}u[m]=13
MS532,MS,532,um{?}{?}um=21
MS533,MS,533,helnaw=13
MS533,MS,533,um{?}um=13
MS533,MS,533,naw
MS533,MS,533,noe
MS533,MS,533,{?}u{?}u=13
MS534,MS,534,hu[m]{?}u[m]=13
MS534,MS,534,naw
MS534,MS,534,awnaw=13
MS535,MS,535,naw
MS535,MS,535,{?}um{?}M=14
MS536,MS,536,-
MS537,MS,537,-
MS538,MS,538,no
MS538,MS,538,o{?}A=14
MS538,MS,538,u[m]
MS538,MS,538,u[m]u=13
MS539,MS,539,naw
MS539,MS,539,um{?}A=14
MS539,MS,539,u{?}A=14
MS540,MS,540,helnoe=13
MS541,MS,541,naw
MS541,MS,541,noe
MS541,MS,541,um{?}um{?}=13
MS541,MS,541,u{?}u{?}=13
MS542,MS,542,-
MS543,MS,543,-
MS544,MS,544,-
MS545,MS,545,noe
MS545,MS,545,{?}u[m]{?}u[m]=13
MS546,MS,546,naw
MS547,MS,547,noe
MS548,MS,548,noe
MS548,MS,548,u[m]o[m]=31
MS548,MS,548,u[m]u[m]=13
MS549,MS,549,noe
MS550,MS,550,um{?}um=13
MS551,MS,551,naw
MS551,MS,551,noe
MS552,MS,552,noe
MS553,MS,553,umum=13
MS553,MS,553,noe
MS553,MS,553,u[m]u[m]=13
MS554,MS,554,noe
MS555,MS,555,-
MS556,MS,556,noe
MS557,MS,557,um{?}um=13
MS557,MS,557,u[m]{?}{?}u[m]=13
MS558,MS,558,noe
MS559,MS,559,noe
MS560,MS,560,naw
MS561,MS,561,-
MS562,MS,562,noe
MS562,MS,562,ump
MS562,MS,562,umpM=14
MS562,MS,562,ump[M]=14
MS562,MS,562,{?}umpA=14
MS563,MS,563,{?}u{?}A=14
MS564,MS,564,noe
MS565,MS,565,naw
MS565,MS,565,no
MS565,MS,565,{?}um{?}M=14
MS566,MS,566,noe
MS567,MS,567,noe
MS568,MS,568,noe
MS568,MS,568,um{?}A=14
MS569,MS,569,naw
MS569,MS,569,{?}um{?}um=13
MS570,MS,570,naw
MS570,MS,570,nu{?}u=13
MS570,MS,570,u[m]{?}u[m]=13
MS571,MS,571,nu[m]{?}u[m]=13
MS572,MS,572,um{?}um=13
MS572,MS,572,no
MS573,MS,573,naw
MS574,MS,574,noe
MS574,MS,574,un{?}u[m]=13
MS575,MS,575,noe
MS575,MS,575,um{?}
MS576,MS,576,-
MS577,MS,577,-
MS578,MS,578,-
MS579,MS,579,{?}um{?}um=13
MS580,MS,580,naw
MS581,MS,581,noe
MS581,MS,581,noeindeed=231
MS582,MS,582,noe
MS583,MS,583,-
MS584,MS,584,-
MS585,MS,585,nue
MS586,MS,586,noenoe=21
MS587,MS,587,naw
MS587,MS,587,noe
MS587,MS,587,noeM=14
MS587,MS,587,noemam=31
MS588,MS,588,u[m]{?}u[m]=13
MS589,MS,589,noe
MS589,MS,589,u[m]{?}{?}u[m]=13
MS590,MS,590,noe
MS591,MS,591,um{?}{?}um=13
MS591,MS,591,noe
MS592,MS,592,noe
MS592,MS,592,{?}um{?}um=13
MS593,MS,593,u[m]u[m]=31
MS594,MS,594,-
MS595,MS,595,aw[m]u=13
MS596,MS,596,naw
MS596,MS,596,u{?}u=13
MS597,MS,597,noe
MS598,MS,598,oo[m]{?}oo[m]=13
MS598,MS,598,u[m]hu[m]=13
MS599,MS,599,noe
MS599,MS,599,{?}um{?}um=13
MS599,MS,599,{?}u{?}u=13
MS600,MS,600,noe
MS601,MS,601,noe
MS602,MS,602,noe
MS603,MS,603,{?}u[m]{?}u[m]=13
MS604,MS,604,naw
MS604,MS,604,noe
MS604,MS,604,u{?}u=13
MS605,MS,605,umum=13
MS605,MS,605,noe
MS605,MS,605,o[m]{?}o[m]=13
MS606,MS,606,noenoe=13
MS606,MS,606,noo
MS607,MS,607,naw
MS607,MS,607,noenoeumpA=1114
MS607,MS,607,o[m]{?}A=14
MS607,MS,607,{?}uu=13
MS608,MS,608,noe
MS608,MS,608,{?}um{?}um=13
MS608,MS,608,{?}u{?}u=13
MS609,MS,609,um{?}{?}um=13
MS610,MS,610,u[m]{?}{?}u[m]=13
MS611,MS,611,noe
MS612,MS,612,noe
MS613,MS,613,noe
MS613,MS,613,u{?}u=13
MS613,MS,613,umpM=14
MS613,MS,613,u[m]p{?}A=14
MS614,MS,614,naw
MS614,MS,614,um{?}{?}um=13
MS615,MS,615,noe
MS616,MS,616,naw
MS616,MS,616,no
MS616,MS,616,noe
MS617,MS,617,[M]hu[m]=41
MS618,MS,618,naw
MS618,MS,618,noe
MS618,MS,618,noep
MS619,MS,619,noe
MS620,MS,620,noe
MS621,MS,621,-
MS622,MS,622,noe
MS622,MS,622,nu{?}u=13
MS622,MS,622,{?}um{?}um=13
MS622,MS,622,{?}u{?}u=13
MS623,MS,623,noe
MS623,MS,623,{?}u{?}u=13
MS624,MS,624,naw
MS624,MS,624,noe
MS624,MS,624,{?}um{?}um=13
MS625,MS,625,noe
MS626,MS,626,u{?}u=13
MS627,MS,627,noe
MS628,MS,628,noe
MS629,MS,629,um{?}um=13
MS629,MS,629,naw
LA630,LA,630,naw
LA630,LA,630,noe
LA630,LA,630,{?}um{?}M=14
LA630,LA,630,{?}o{?}o=21
LA631,LA,631,noe
LA631,LA,631,{?}u{?}u=13
LA632,LA,632,naw
LA632,LA,632,noe
LA632,LA,632,noesur=31
LA633,LA,633,-
LA634,LA,634,hum{?}um=13
LA634,LA,634,hu[m]{?}{?}u[m]=21
LA634,LA,634,naw
LA634,LA,634,noe
LA635,LA,635,-
LA636,LA,636,noe
LA637,LA,637,naw
LA637,LA,637,naws[R]=14
LA638,LA,638,um{?}um=13
LA638,LA,638,noe
LA639,LA,639,-
LA640,LA,640,u[m]{?}u[m]=13
LA641,LA,641,noe
LA642,LA,642,naw
LA642,LA,642,noe
LA643,LA,643,um{?}{?}um=13
LA643,LA,643,noe
LA643,LA,643,u[m]u[m]=13
LA644,LA,644,-
LA645,LA,645,u[m]{?}u[m]=13
LA646,LA,646,noe
LA647,LA,647,umhu[m]=31
LA647,LA,647,umnu[m]=31
LA647,LA,647,u[m]{?}u[m]=31
LA648,LA,648,-
LA649,LA,649,-
LA650,LA,650,naw[n]
LA651,LA,651,naw
LA652,LA,652,naw
LA652,LA,652,noe
LA652,LA,652,noewai=31
LA652,LA,652,o[m]{?}o[m]=13
LA653,LA,653,noe
LA654,LA,654,noe
LA655,LA,655,noe
LA656,LA,656,um{?}{?}um=13
LA656,LA,656,na
LA656,LA,656,u[m]{?}{?}u[m]=13
LA657,LA,657,-
LA657X,LA,657X,noe
LA657Y,LA,657Y,noe
LA657Z,LA,657Z,umum=13
LA657Z,LA,657Z,noe
LA658,LA,658,noe
LA658,LA,658,om{?}um=13
LA658,LA,658,um{?}um=31
LA658,LA,658,{?}u[m]{?}um=31
LA659,LA,659,u{?}mpM=14
LA659,LA,659,u{?}u=31
LA660,LA,660,-
LA661,LA,661,noe
LA661,LA,661,[M]hu[m]=41
LA661,LA,661,{?}um{?}M=14
LA662,LA,662,umum=31
LA663,LA,663,hu[m]{?}u[m]=13
LA663,LA,663,noe
LA664,LA,664,noe
LA665,LA,665,naw
LA665,LA,665,{?}u{?}A=14
LA666,LA,666,-
LA667,LA,667,noe
LA667,LA,667,noep
LA668,LA,668,um{?}{?}um=13
LA668,LA,668,noe
LA668,LA,668,u[m]{?}{?}u[m]=13
LA669,LA,669,um{?}um=13
LA669,LA,669,{?}u[m]{?}u[m]=13
LA670,LA,670,noe
LA670,LA,670,{?}um{?}um=13
LA671,LA,671,noe
LA672,LA,672,noe
LA672,LA,672,{?}um{?}um=31
LA673,LA,673,noenoe=13
LA673,LA,673,u[m]{?}u[m]=13
AR674,AR,674,noe
AR675,AR,675,-
AR676,AR,676,-
AR677,AR,677,o[m]{?}{?}o[m]=13
AR678,AR,678,noe
AR679,AR,679,hum{?}M=14
AR679,AR,679,hu{?}A=14
AR679,AR,679,hu[m]{?}A=14
AR679,AR,679,noe
AR679,AR,679,{?}um{?}um=13
AR679,AR,679,{?}u{?}u[m]=13
AR680,AR,680,umum=13
AR681,AR,681,noe
AR681,AR,681,noehu[m]{?}u[m]=113
AR681,AR,681,noeu[m]{?}u[m]=113
AR681,AR,681,nosu{r}=13
AR681,AR,681,u[m]{?}u[m]=13
AR682,AR,682,naw
AR683,AR,683,noe
AR683,AR,683,noep
AR684,AR,684,naw
AR684,AR,684,noe
AR684,AR,684,u{?}A=14
AR684,AR,684,u[m]{?}A=14
AR685,AR,685,noe
AR685,AR,685,noep
AR685,AR,685,noeu[m]{?}u[m]=113
AR685,AR,685,oenoe=31
AR686,AR,686,noe
AR686,AR,686,o[m]{?}[M]=14
AR687,AR,687,um{?}{?}um=13
AR687,AR,687,naw
AR688,AR,688,-
AR689,AR,689,-
AR690,AR,690,-
AR691,AR,691,um{?}um=13
AR691,AR,691,u[m]{?}o[m]=13
AR692,AR,692,-
AR693,AR,693,-
AR694,AR,694,noe
AR695,AR,695,hu[m]{?}u[m]=13
AR696,AR,696,naw
AR696,AR,696,noe
AR696,AR,696,u{?}A=14
AR697,AR,697,-
AR698,AR,698,naw
AR698,AR,698,{?}um{?}M=14
AR698,AR,698,{?}o[m]{?}A=14
AR699,AR,699,u[m]u[m]=13
AR700,AR,700,noe
AR701,AR,701,um{?}M=14
AR701,AR,701,naw
AR701,AR,701,no
AR701,AR,701,noe
AR701,AR,701,o[m]{?}A=14
AR702,AR,702,-
AR703,AR,703,na
AR703,AR,703,no
AR704,AR,704,noenoe=31
AR704,AR,704,{?}u{?}u=21
AR705,AR,705,{?}um{?}um=13
AR706,AR,706,noeu{?}u=131
AR707,AR,707,noep
AR707,AR,707,nowai=31
AR707,AR,707,o{?}o{?}=31
AR707,AR,707,{?}umpA=14
AR708,AR,708,noe
AR709,AR,709,hu[m]{?}u[m]=13
AR709,AR,709,um{?}{?}um=13
AR709,AR,709,na
AR709,AR,709,naw
AR710,AR,710,noe
AR710,AR,710,{?}humum=13
AR711,AR,711,-
AR712,AR,712,hu[m]{?}u[m]=13
AR712,AR,712,um{?}um=13
AR712,AR,712,noe
AR713,AR,713,-
AR714,AR,714,um{?}um=13
AR714,AR,714,naw
AR715,AR,715,umhu=31
AR716,AR,716,-
AR717,AR,717,-
AR718,AR,718,um{?}um=31
AR719,AR,719,noe
AR719,AR,719,u{?}{?}u=31
AR720,AR,720,-
AR721,AR,721,um{?}um=13
AR721,AR,721,naw
AR722,AR,722,noe
AR723,AR,723,u[m]{?}{?}u[m]=31
AR724,AR,724,noe
AR724,AR,724,ump[M]=14
AR725,AR,725,um{?}um=13
AR725,AR,725,noe
AR725,AR,725,noenoe=13
AR725,AR,725,noep
AR725,AR,725,oenoe=13
AR726,AR,726,-
AR727,AR,727,noe
AR727,AR,727,noep
AR728,AR,728,-
AR729,AR,729,-
AR730,AR,730,hu[m]{?}[M]=14
AR730,AR,730,{?}um{?}M=14
AR730,AR,730,naw
AR730,AR,730,nu[m]{?}[M]=14
AR731,AR,731,um{?}um=13
AR732,AR,732,-
AR733,AR,733,naw
AR734,AR,734,noeu[m]{?}u[m]=113
AR735,AR,735,hu{?}u[m]=13
AR735,AR,735,noe
AR735,AR,735,noep
AR735,AR,735,nue
AR735,AR,735,{?}um{?}um=13
AR736,AR,736,-
AR737,AR,737,naw
AR738,AR,738,um{?}um=13
AR738,AR,738,o[m]o[m]=13
AR739,AR,739,uA=14
AR739,AR,739,ump{?}u=31
AR740,AR,740,noe
AR740,AR,740,u{?}A=14
AR741,AR,741,{?}um{?}um=13
AR741,AR,741,noe
AR741,AR,741,{?}u{?}u=13
AR742,AR,742,-
AR743,AR,743,naw
AR744,AR,744,naw
AR744,AR,744,u[m]{?}u[m]=13
AR745,AR,745,{?}u[m]{?}u[m]=13
AR746,AR,746,o[m]{?}[M]=14
AR747,AR,747,noe
AR747,AR,747,{?}u{?}pM=14
AR748,AR,748,noe
AR749,AR,749,noe
AR749,AR,749,{?}unt{?}un=13
AR750,AR,750,noe
AR751,AR,751,noe
AR752,AR,752,naw
AR752,AR,752,noe
AR753,AR,753,um{?}um=13
AR753,AR,753,noe
AR754,AR,754,naw
AR755,AR,755,um{?}{?}um=13
AR755,AR,755,naw
AR755,AR,755,u[m]{?}{?}u[m]=13
LA756,LA,756,-
LA757,LA,757,noenoe=11
LA758,LA,758,um{?}um=13
LA758,LA,758,noe
LA758,LA,758,o[m]{?}o[m]=13
LA759,LA,759,naw
LA759,LA,759,noe
LA759,LA,759,naws[R]=14
LA759,LA,759,nu[m]{?}[M]=14
LA759,LA,759,{?}um{?}M=14
LA760,LA,760,hu[m]{?}u[m]=13
LA761,LA,761,noe
LA761,LA,761,noeindeed=321
LA761,LA,761,u[m]{?}u=31
LA762,LA,762,naw
LA762,LA,762,noe
LA762,LA,762,noeman=13
LA763,LA,763,-
LA764,LA,764,u[m]{?}u[m]=13
LA765,LA,765,-
LA766,LA,766,-
LA767,LA,767,um{?}{?}um=13
LA767,LA,767,{?}u[m]{?}u[m]=13
LA768,LA,768,noe
LA768,LA,768,u[m]
LA769,LA,769,-
LA770,LA,770,-
LA771,LA,771,um{?}um=13
LA772,LA,772,hu[m]{?}u[m]=13
LA772,LA,772,noe
LA772,LA,772,noenoe=11
LA772,LA,772,nu[m]{?}u[m]=13
LA773,LA,773,-
LA774,LA,774,-
LA775,LA,775,-
LA776,LA,776,noe
LA776,LA,776,{?}M{?}um=41
LA776,LA,776,{?}u{?}u=13
LA777,LA,777,um{?}um=13
LA777,LA,777,noe
LA777,LA,777,u[m]{?}u[m]=13
LA777,LA,777,{?}a[m]{?}a[m]=13
LA778,LA,778,um{?}{?}um=13
LA779,LA,779,noe
LA780,LA,780,noe
LA781,LA,781,-
LA782,LA,782,naw
LA783,LA,783,naw
LA784,LA,784,-
LA785,LA,785,noe
LA785,LA,785,{?}u{?}A=14
LA785,LA,785,{?}u[m]{?}u[m]=13
LA786,LA,786,um{?}um=13
LA786,LA,786,naw
LA786,LA,786,noe
LA787,LA,787,um{?}um=13
LA787,LA,787,naw
LA787,LA,787,u[m]u[m]=13
LA788,LA,788,oenoe=13
LA788,LA,788,u[m]{?}u[m]=13
LA789,LA,789,naw
LA789,LA,789,noe
LA790,LA,790,noe
LA790,LA,790,u{?}u=13
LA791,LA,791,naw
LA791,LA,791,noesR=14
LA792,LA,792,hu{?}u=13
LA792,LA,792,noe
LA792,LA,792,{?}um{?}um=13
LA792,LA,792,{?}u{?}u=13
LA793,LA,793,noe
LA794,LA,794,-
LA795,LA,795,helnoe=21
LA795,LA,795,um{?}um=13
LA795,LA,795,noe
LA796,LA,796,-
LA797,LA,797,naw
LA797,LA,797,noe
LA797,LA,797,nu{r}
LA797,LA,797,{?}um{?}um=21
LA798,LA,798,-
LA799,LA,799,noe
LA800,LA,800,u[m]{?}{?}u[m]=13
LA801,LA,801,noe
LA802,LA,802,{?}um{?}um=13
LA803,LA,803,heknoe=31
LA803,LA,803,noe
LA803,LA,803,u[m]u[m]=31
LA804,LA,804,-
LA805,LA,805,-
LA806,LA,806,-
LA807,LA,807,noe
LA808,LA,808,-
LA809,LA,809,-
LA810,LA,810,noeman=11
LA810,LA,810,noenoe=11
LA810,LA,810,um[M]=14
LA810,LA,810,u{?}u=13
LA810,LA,810,u[m]{?}u=13
LA811,LA,811,um{?}{?}um=13
LA811,LA,811,u{?}{?}u=13
LA812,LA,812,naw
LA813,LA,813,um{?}um=13
LA813,LA,813,um{?}um=31
LA813,LA,813,naw
LA813,LA,813,noe
LA813,LA,813,nu[m]{?}u=13
LA814,LA,814,noe
LA814,LA,814,noep
LA815,LA,815,naw
LA815,LA,815,o{?}u=13
LA816,LA,816,um{?}{?}um=31
LA817,LA,817,um{?}um=31
LA817,LA,817,naw
TX818,TX,818,-
TX819,TX,819,noe
TX820,TX,820,{?}um{?}um=11
TX821,TX,821,um{?}{?}um=13
TX821,TX,821,u[m]{?}{?}u[m]=13
TX822,TX,822,noe
TX822,TX,822,uA=14
TX823,TX,823,-
TX824,TX,824,noe
TX824,TX,824,{?}um{?}M=14
TX825,TX,825,-
TX826,TX,826,-
TX827,TX,827,noe
TX828,TX,828,um{?}{?}um=13
TX828,TX,828,u[m]{?}{?}u=13
TX829,TX,829,-
TX830,TX,830,-
TX831,TX,831,-
TX832,TX,832,noe
TX833,TX,833,-
TX834,TX,834,noe
TX835,TX,835,-
TX836,TX,836,-
TX837,TX,837,noe
TX838,TX,838,noeu[m]{?}u[m]=113
TX839,TX,839,noe
TX839,TX,839,u{?}A=14
TX840,TX,840,oenoe=21
TX840,TX,840,o[m]{?}u[m]=13
TX841,TX,841,hu[m]{?}u[m]=13
TX842,TX,842,naw
TX842,TX,842,no
TX842,TX,842,noe
TX842,TX,842,{?}u{?}u=13
TX843,TX,843,um{?}{?}um=13
TX843,TX,843,noe
TX844,TX,844,noe
TX844,TX,844,{?}u[m]{?}[M]=14
TX845,TX,845,naw
TX845,TX,845,noe
TX845,TX,845,{?}o{?}o=13
TX846,TX,846,um{?}um=13
TX847,TX,847,noe
TX848,TX,848,noe
TX849,TX,849,noe
TX850,TX,850,noe
TX850,TX,850,noep
TX851,TX,851,hu[m]{?}u[m]=13
TX851,TX,851,noeu[m]{?}u[m]=113
TX851,TX,851,oelaw[r]dnoe=213
TX852,TX,852,noe
TX852,TX,852,u[m]{?}u[m]=13
TX853,TX,853,noe
TX853,TX,853,{?}um{?}um=13
TX854,TX,854,noenoe=13
TX854,TX,854,u[m]{?}{?}u[m]=13
TX855,TX,855,noe
TX856,TX,856,naw
TX857,TX,857,M{?}um{?}=41
TX858,TX,858,-
TX859,TX,859,um{?}{?}um=13
TX860,TX,860,-
TX861,TX,861,noe
TX862,TX,862,-
TX863,TX,863,-
TX864,TX,864,u[m]{?}u[m]=12
TX865,TX,865,noe
TX866,TX,866,naw
TX866,TX,866,{?}u[m]{?}u[m]=31
TX867,TX,867,-
TX868,TX,868,naw
TX868,TX,868,u{?}u=13
TX869,TX,869,noe
TX870,TX,870,noeum{?}{?}um=113
TX871,TX,871,noe
TX872,TX,872,o[m]hu[m]=31
TX873,TX,873,um{?}um=13
TX873,TX,873,noep
TX874,TX,874,noe
TX875,TX,875,naw
TX875,TX,875,nawman=13
TX875,TX,875,noe
TX876,TX,876,noe
TX876,TX,876,{?}u[m]{?}u[m]=13
TX877,TX,877,uump=31
TX878,TX,878,noe
TX879,TX,879,noe
TX879,TX,879,noesu[r]=13
TX880,TX,880,nawnoe=13
TX880,TX,880,{?}u[m]{?}u[m]=13
TX881,TX,881,-
TX882,TX,882,u[m]{?}u[m]=13
TX883,TX,883,noe
TX884,TX,884,noe
TX885,TX,885,naw
TX886,TX,886,noe
TX887,TX,887,um{?}{?}um=13
TX888,TX,888,noe
TX889,TX,889,-
TX890,TX,890,um{?}{?}um=13
TX891,TX,891,noe
TX891,TX,891,{?}um{?}um=13
TX892,TX,892,noe
TX892,TX,892,{?}u{?}u=13
TX893,TX,893,noe
TX893,TX,893,o[m]{?}[M]=14
TX893,TX,893,{?}um{?}M=14
TX894,TX,894,u{?}u[m]=13
TX895,TX,895,noe
TX895,TX,895,{?}umum=13
TX896,TX,896,-
TX897,TX,897,naw
TX898,TX,898,noe
TX899,TX,899,noe
TX900,TX,900,-
TX901,TX,901,-
TX902,TX,902,noe
TX903,TX,903,-
TX904,TX,904,-
TX905,TX,905,-
TX906,TX,906,heknoe=31
TX906,TX,906,noe
TX906,TX,906,umpA=14
TX906,TX,906,um{?}p[M]=14
TX907,TX,907,naw
TX907,TX,907,{?}un{?}u[m]=13
TX908,TX,908,-
TX909,TX,909,-
TX910,TX,910,-
TX911,TX,911,-
