Informant,State,Informant number,Response
TN001,TN,001,!draw
TN002,TN,002,*drawd
TN003,TN,003,*drawd
TN004,TN,004,!draw
TN004,TN,004,*drue
TN005,TN,005,!draw
TN005,TN,005,*drue
TN005,TN,005,*drawd
TN005,TN,005,#drue
TN005,TN,005,#drawd
TN006,TN,006,&drawz
TN006,TN,006,*drue
TN006,TN,006,*drawd
TN006,TN,006,#drawn
TN007,TN,007,*drue
TN008,TN,008,@drawN=14
TN008,TN,008,*drawd
TN008,TN,008,#drawn
TN009,TN,009,-
TN010,TN,010,*drue
TN011,TN,011,*drue
TN011,TN,011,*drawd
TN012,TN,012,!draw
TN012,TN,012,*drue
TN013,TN,013,*drue
TN014,TN,014,*drawd
TN015,TN,015,*withdrue=31
TN016,TN,016,!draw
TN016,TN,016,*drue
TN017,TN,017,-
TN018,TN,018,!draw
TN019,TN,019,*drawd
TN020,TN,020,!draw
TN021,TN,021,-
TN022,TN,022,*drue
TN023,TN,023,*drue
TN023,TN,023,*drawd
TN024,TN,024,!draw
TN025,TN,025,!draw
TN025,TN,025,&drawz
TN026,TN,026,!draw
TN026,TN,026,*drawd
TN027,TN,027,*drue
TN028,TN,028,*drue
TN028,TN,028,*drawd
TN029,TN,029,!draw
TN029,TN,029,*drawd
TN030,TN,030,!draw
TN030,TN,030,*drue
TN031,TN,031,-
TN032,TN,032,-
TN033,TN,033,*drue
TN034,TN,034,*drue
TN035,TN,035,-
TN036,TN,036,!draw
TN036,TN,036,*drawd
TN037,TN,037,!draw
TN037,TN,037,*drue
TN037,TN,037,*drew
TN037,TN,037,#drawn
TN038,TN,038,*drawd
TN039,TN,039,!draw
TN039,TN,039,*drue
TN040,TN,040,*drue
TN041,TN,041,!draw
TN041,TN,041,*drawd
TN042,TN,042,!draw
TN043,TN,043,!draw
TN043,TN,043,*withdrew=31
TN044,TN,044,-
TN045,TN,045,!draw
TN045,TN,045,*withdrue=31
TN046,TN,046,*drue
TN047,TN,047,*drue
TN047,TN,047,#drawd
TN048,TN,048,&drawz
TN048,TN,048,*drawd
TN049,TN,049,!draw
TN049,TN,049,*drue
TN050,TN,050,*drue
TN051,TN,051,*drue
TN052,TN,052,-
TN053,TN,053,*drue
TN053,TN,053,*drawd
TN054,TN,054,!draw
TN055,TN,055,*drue
TN055,TN,055,#drawn
TN056,TN,056,-
TN057,TN,057,*drue
TN058,TN,058,*drew
TN059,TN,059,*drawd
TN060,TN,060,*drue
GA061,GA,061,!draw
GA061,GA,061,*drue
GA061,GA,061,*drawd
GA062,GA,062,!draw
GA062,GA,062,*drue
GA063,GA,063,-
GA064,GA,064,&drawz
GA064,GA,064,*drawd
GA065,GA,065,-
GA066,GA,066,!draw
GA066,GA,066,*drue
GA067,GA,067,-
GA068,GA,068,-
GA069,GA,069,&drawz
GA069,GA,069,*drawd
GA070,GA,070,!draw
GA071,GA,071,#drawd
GA072,GA,072,!draw
GA072,GA,072,*drawd
GA072,GA,072,*withdrue=31
GA073,GA,073,!draw
GA073,GA,073,*drue
GA074,GA,074,!draw
GA074,GA,074,*drawd
GA075,GA,075,!draw
GA075,GA,075,*drawd
GA075,GA,075,#drawn
GA076,GA,076,*drue
GA077,GA,077,!draw
GA077,GA,077,*drawd
GA078,GA,078,-
GA079,GA,079,-
GA080,GA,080,-
GA081,GA,081,!draw
GA081,GA,081,*drue
GA081,GA,081,#drawn
GA082,GA,082,-
GA083,GA,083,*drawd
GA084,GA,084,!draw
GA084,GA,084,*drawd
GA085,GA,085,-
GA086,GA,086,*drue
GA087,GA,087,*drue
GA088,GA,088,!draw
GA088,GA,088,*drawn
GA089,GA,089,-
GA090,GA,090,*drawd
GA091,GA,091,-
GA092,GA,092,*drew
GA093,GA,093,-
GA094,GA,094,*drew
GA095,GA,095,*drew
GA096,GA,096,*drue
GA097,GA,097,!draw
GA097,GA,097,*drue
GA097,GA,097,#drawn
GA098,GA,098,*drawd
GA099,GA,099,*drue
GA100,GA,100,*drue
GA101,GA,101,*drew
GA102,GA,102,!draw
GA102,GA,102,*drue
GA103,GA,103,!draw
GA103,GA,103,*drue
GA104,GA,104,*drue
GA105,GA,105,!draw
GA105,GA,105,*drue
GA105,GA,105,*drew
GA106,GA,106,*drue
GA107,GA,107,!draw
GA107,GA,107,*drue
GA108,GA,108,*drue
GA108,GA,108,*drawd
GA109,GA,109,*drue
GA110,GA,110,!draw
GA111,GA,111,*drawd
GA112,GA,112,!draw
GA113,GA,113,-
GA114,GA,114,!draw
GA115,GA,115,-
GA116,GA,116,#drawd
GA117,GA,117,*drue
GA118,GA,118,@drawNG=14
GA118,GA,118,*drue
GA119,GA,119,-
GA120,GA,120,*drue
GA120,GA,120,#drawn
GA121,GA,121,!draw
GA121,GA,121,*drue
GA122,GA,122,*drue
GA123,GA,123,*drue
GA124,GA,124,-
GA125,GA,125,*drawd
GA126,GA,126,*drawd
GA127,GA,127,!draw
GA127,GA,127,*drawd
GA128,GA,128,!draw
GA129,GA,129,!draw
GA130,GA,130,-
GA131,GA,131,-
GA132,GA,132,!draw
GA133,GA,133,*drue
GA134,GA,134,!draw
GA135,GA,135,@drawNG=14
GA135,GA,135,*drue
GA136,GA,136,!withdraw=31
GA137,GA,137,*drue
GA138,GA,138,*drawd
GA139,GA,139,-
GA140,GA,140,!draw
GA140,GA,140,*drawd
GA141,GA,141,*drue
GA142,GA,142,-
GA143,GA,143,!draw
GA143,GA,143,*drue
GA143,GA,143,#drawn
GA144,GA,144,*drue
GA145,GA,145,!draw
GA145,GA,145,#drawn
GA146,GA,146,*drue
GA147,GA,147,-
GA148,GA,148,*drue
GA149,GA,149,!draw
GA149,GA,149,!dro
GA149,GA,149,*drue
GA149,GA,149,*drawd
GA150,GA,150,*drawd
GA151,GA,151,!draw
GA152,GA,152,!draw
GA153,GA,153,-
GA154,GA,154,*drue
GA155,GA,155,@drawN=14
GA155,GA,155,*drue
GA156,GA,156,-
GA157,GA,157,!draw
GA158,GA,158,-
GA159,GA,159,*drue
GA160,GA,160,!draw
GA161,GA,161,-
GA162,GA,162,!draw
GA162,GA,162,*draw
GA163,GA,163,*drue
GA164,GA,164,*drue
GA165,GA,165,!draw
GA165,GA,165,*drawd
GA166,GA,166,!draw
GA166,GA,166,#drawd
GA167,GA,167,!draw
GA167,GA,167,*drawd
GA167,GA,167,#drawn
GA168,GA,168,-
GA169,GA,169,!draw
GA170,GA,170,*drue
GA171,GA,171,!draw
GA172,GA,172,-
GA173,GA,173,-
GA174,GA,174,!draw
GA175,GA,175,-
GA176,GA,176,!draw*drawd
GA177,GA,177,!draw
GA178,GA,178,-
GA179,GA,179,*draw
GA180,GA,180,-
GA181,GA,181,*drue
GA182,GA,182,-
GA183,GA,183,*drue
GA184,GA,184,!draw
GA185,GA,185,*drue
GA185,GA,185,#drawn
GA186,GA,186,*drue
GA187,GA,187,!draw
GA188,GA,188,*drawd
GA188,GA,188,*draw
GA189,GA,189,*drue
GA190,GA,190,*drawd
GA191,GA,191,*drew
GA192,GA,192,*drue
GA192,GA,192,*drawd
GA193,GA,193,-
GA194,GA,194,!draw
GA194,GA,194,*drawd
GA194,GA,194,#drawd
GA195,GA,195,*draw
GA196,GA,196,-
GA197,GA,197,-
GA198,GA,198,-
GA199,GA,199,-
GA200,GA,200,-
GA201,GA,201,*drue
GA202,GA,202,-
GA203,GA,203,*drue
GA204,GA,204,-
GA205,GA,205,-
GA206,GA,206,!draw
GA206,GA,206,*draw
GA207,GA,207,#drawd
GA208,GA,208,#drawd
GA209,GA,209,-
GA210,GA,210,!draw
GA210,GA,210,*drawd
GA211,GA,211,*drawd
GA212,GA,212,!draw
GA213,GA,213,-
GA214,GA,214,-
GA215,GA,215,-
GA216,GA,216,*drue
GA217,GA,217,!draw
GA217,GA,217,*drue
GA217,GA,217,#drawn
GA218,GA,218,!draw
GA219,GA,219,!draw
GA220,GA,220,*drew
GA221,GA,221,*drew
GA221,GA,221,*drawd
GA222,GA,222,*drawd
GA222,GA,222,#drawd
GA223,GA,223,*drue
GA223,GA,223,*drawd
GA224,GA,224,#drawd
GA225,GA,225,!draw
FL226,FL,226,*drawd
FL227,FL,227,*drue
FL228,FL,228,*drue
FL229,FL,229,-
FL230,FL,230,*drue
FL231,FL,231,*drue
FL232,FL,232,*drue
FL233,FL,233,*drue
FL234,FL,234,*drawd
FL234,FL,234,#drawd
FL235,FL,235,*drawd
FL236,FL,236,*drawd
FL237,FL,237,*drawd
FL238,FL,238,-
FL239,FL,239,*drue
FL240,FL,240,*drue
FL241,FL,241,-
FL242,FL,242,*drew
FL243,FL,243,!draw
FL243,FL,243,*drawd
FL244,FL,244,-
FL245,FL,245,*drue
FL246,FL,246,!draw
FL246,FL,246,*drawd
FL247,FL,247,*drue
FL248,FL,248,*drue
FL249,FL,249,*drew
FL249,FL,249,*drawd
FL249,FL,249,#drawd
FL250,FL,250,!draw
FL251,FL,251,*drawd
FL252,FL,252,-
FL253,FL,253,*drue
FL254,FL,254,-
FL255,FL,255,*drue
FL256,FL,256,!draw
FL256,FL,256,*drawd
FL257,FL,257,*drawd
FL258,FL,258,*drawd
FL259,FL,259,@drawNG=14
FL259,FL,259,*drue
FL260,FL,260,-
FL261,FL,261,*drue
FL262,FL,262,*drue
FL263,FL,263,*drue
FL264,FL,264,*drue
FL265,FL,265,*drawd
FL266,FL,266,*drue
FL267,FL,267,*drawd
FL268,FL,268,-
FL269,FL,269,!draw*drue
FL269,FL,269,#drue
FL270,FL,270,*drue
FL271,FL,271,*drue
FL272,FL,272,-
FL273,FL,273,*drue
FL274,FL,274,*drue
FL275,FL,275,*drue
FL276,FL,276,*drue
FL277,FL,277,-
FL278,FL,278,*drue
FL279,FL,279,*drue
FL280,FL,280,*drue
FL281,FL,281,-
FL282,FL,282,-
FL283,FL,283,-
FL284,FL,284,*drue
FL285,FL,285,-
FL286,FL,286,*drue
FL287,FL,287,-
FL288,FL,288,*drue
FL289,FL,289,!draw
FL289,FL,289,*drue
TN290,TN,290,!draw
TN290,TN,290,*drawd
TN291,TN,291,*drue
TN292,TN,292,!draw
TN292,TN,292,*drue
TN292,TN,292,*drawd
TN293,TN,293,-
TN294,TN,294,*drue
TN295,TN,295,*drawd
TN295,TN,295,#drawd
TN296,TN,296,!draw
TN297,TN,297,!draw
TN297,TN,297,*drue
TN297,TN,297,#drawn
TN298,TN,298,-
TN299,TN,299,*drue
TN299,TN,299,*drawd
TN300,TN,300,*drue
TN301,TN,301,*drue
TN302,TN,302,*drue
TN302,TN,302,*drawd
TN303,TN,303,*drawd
TN304,TN,304,*drawd
TN305,TN,305,-
TN306,TN,306,*drue
TN307,TN,307,*drue
TN308,TN,308,-
TN309,TN,309,*drue
TN310,TN,310,-
TN311,TN,311,-
TN312,TN,312,!draw
TN313,TN,313,-
TN314,TN,314,!draw
TN314,TN,314,*drue
TN314,TN,314,#drawn
TN315,TN,315,-
TN316,TN,316,!draw
TN316,TN,316,*drue
TN317,TN,317,!draw
TN317,TN,317,*drue
TN317,TN,317,#drawn
TN317,TN,317,#drawd
TN318,TN,318,&drawz
TN319,TN,319,&drawz
TN319,TN,319,*drawd
TN320,TN,320,!draw
TN320,TN,320,*drawd
TN321,TN,321,*drue
TN322,TN,322,*drue
TN323,TN,323,*drue
TN324,TN,324,!draw
TN324,TN,324,*drue
TN325,TN,325,*drue
TN325,TN,325,*drawd
TN325,TN,325,#drawd
TN326,TN,326,!draw
TN326,TN,326,*drue
TN327,TN,327,*drue
TN328,TN,328,-
TN329,TN,329,*drue
TN330,TN,330,!draw
TN330,TN,330,*drue
TN330,TN,330,*drew
TN330,TN,330,*drawd
TN330,TN,330,#drawd
TN331,TN,331,*drue
TN331,TN,331,*drawd
TN332,TN,332,!d(r)aw
TN332,TN,332,*drue
TN332,TN,332,*d(r)ue
TN333,TN,333,&drawz
TN333,TN,333,*drawd
TN334,TN,334,!draw
TN334,TN,334,*drue
TN335,TN,335,-
TN336,TN,336,!draw
TN336,TN,336,*drue
TN336,TN,336,#drawd
AL337,AL,337,*drue
AL338,AL,338,*drue
AL339,AL,339,-
AL340,AL,340,#drawd
AL341,AL,341,!draw
AL341,AL,341,*drawd
AL342,AL,342,-
AL343,AL,343,*drue
AL344,AL,344,#drawd
AL345,AL,345,*drue
AL346,AL,346,-
AL347,AL,347,!draw
AL347,AL,347,*drue
AL347,AL,347,*drawd
AL348,AL,348,*drue
AL349,AL,349,!draw
AL349,AL,349,*drue
AL349,AL,349,*draw
AL350,AL,350,-
AL351,AL,351,*drue
AL352,AL,352,*drue
AL353,AL,353,-
AL354,AL,354,*drue
AL354,AL,354,*drawd
AL354,AL,354,#drawn
AL355,AL,355,-
AL356,AL,356,*drue
AL357,AL,357,*drue
AL358,AL,358,*drue
AL359,AL,359,!draw
AL359,AL,359,*drue
AL360,AL,360,*drue
AL361,AL,361,*drue
AL362,AL,362,#drawd
AL363,AL,363,*drawd
AL364,AL,364,!draw
AL365,AL,365,-
AL366,AL,366,-
AL367,AL,367,!draw
AL368,AL,368,#drawn
AL368,AL,368,#drawd
AL369,AL,369,*drue
AL370,AL,370,-
AL371,AL,371,-
AL372,AL,372,*drue
AL373,AL,373,!draw
AL374,AL,374,*drue
AL375,AL,375,*drue
AL376,AL,376,-
AL377,AL,377,*drawd
AL377,AL,377,#drawd
AL378,AL,378,-
AL379,AL,379,*drue
AL380,AL,380,#drawn
AL381,AL,381,!draw
AL382,AL,382,@drawN=14
AL383,AL,383,*drue
AL384,AL,384,*drue
AL385,AL,385,!draw
AL385,AL,385,*drawd
AL386,AL,386,*drue
AL387,AL,387,*drue
AL388,AL,388,*drawd
AL389,AL,389,!draw
AL389,AL,389,#drawd
AL390,AL,390,*drue
AL391,AL,391,*drue
AL392,AL,392,-
AL393,AL,393,-
AL394,AL,394,*drue
AL395,AL,395,*drue
AL396,AL,396,-
AL397,AL,397,-
AL398,AL,398,*drue
AL399,AL,399,!draw*drue
AL400,AL,400,*drue
AL401,AL,401,*drawd
AL402,AL,402,!draw
AL402,AL,402,*drawd
AL403,AL,403,*drue
AL404,AL,404,*drue
AL404,AL,404,*wIthdrue=41
AL405,AL,405,*drue
AL406,AL,406,*drue
AL406,AL,406,*drawd
AL407,AL,407,*drue
AL408,AL,408,*drue
AL409,AL,409,*drue
AL410,AL,410,-
AL411,AL,411,!draw
AL411,AL,411,*drawd
AL412,AL,412,!draw
AL412,AL,412,*drew
AL412,AL,412,#drawn
AL413,AL,413,-
AL414,AL,414,*drue
AL415,AL,415,*drue
AL415,AL,415,*drawd
AL415,AL,415,#drawd
AL416,AL,416,*drue
AL417,AL,417,!draw
AL418,AL,418,*drue
AL419,AL,419,*drew
AL420,AL,420,!draw
AL420,AL,420,*drawd
AL421,AL,421,*drawd
AL422,AL,422,!draw
AL423,AL,423,*drue
AL424,AL,424,!draw
AL424,AL,424,*drue
AL425,AL,425,-
AL426,AL,426,!draw
AL426,AL,426,*drue
AL426,AL,426,*drawd
AL426,AL,426,#drawd
AL427,AL,427,*drue
AL427,AL,427,*drawd
AL428,AL,428,!draw
AL428,AL,428,*drue
AL429,AL,429,-
AL430,AL,430,-
AL431,AL,431,*drue
AL432,AL,432,!draw
AL432,AL,432,#drawd
AL433,AL,433,!draw
AL433,AL,433,*drue
AL434,AL,434,!draw
AL434,AL,434,!droe
AL434,AL,434,@drawwun=13
AL434,AL,434,*drawd
AL435,AL,435,-
AL436,AL,436,!draw*drue
AL437,AL,437,*drue
AL438,AL,438,!draw
AL438,AL,438,*drawd
AL439,AL,439,-
AL440,AL,440,-
AL441,AL,441,!draw
AL441,AL,441,*drawd
AL442,AL,442,*drawd
AL443,AL,443,&drawz
AL443,AL,443,*drue
AL444,AL,444,*drue
AL445,AL,445,*drue
AL446,AL,446,-
AL447,AL,447,*drue
AL447,AL,447,*drawd
AL448,AL,448,*drawd
AL449,AL,449,*drue
AL449,AL,449,*drawd
AL450,AL,450,-
AL451,AL,451,!draw
AL451,AL,451,*drue
FL452,FL,452,*drue
FL453,FL,453,-
FL454,FL,454,-
FL455,FL,455,-
FL456,FL,456,*drue
FL457,FL,457,*drue
FL458,FL,458,*drue
FL459,FL,459,-
FL460,FL,460,*drue
FL460,FL,460,*drawd
FL461,FL,461,*drawd
FL462,FL,462,!draw*drawd
FL463,FL,463,-
FL464,FL,464,!draw
FL464,FL,464,&drawz
FL464,FL,464,*drawd
FL465,FL,465,*drawd
FL466,FL,466,*draw
FL467,FL,467,!draw
FL467,FL,467,*drawd
FL467,FL,467,#drawd
FL468,FL,468,*drawd
FL469,FL,469,*drawd
FL470,FL,470,*drue
FL471,FL,471,*drue
AL472,AL,472,-
AL473,AL,473,*drawd
AL474,AL,474,*drue
AL475,AL,475,*drue
AL476,AL,476,*drew
AL477,AL,477,-
AL478,AL,478,&drawz
AL478,AL,478,@drawN=14
AL479,AL,479,-
AL480,AL,480,*drue
AL481,AL,481,-
AL482,AL,482,*drue
AL482,AL,482,*drew
AL483,AL,483,-
AL484,AL,484,*drue
AL485,AL,485,*drue
TN486,TN,486,-
TN487,TN,487,-
TN488,TN,488,-
TN489,TN,489,*drawd
TN489,TN,489,#drawd
TN490,TN,490,*drue
TN491,TN,491,!draw
TN492,TN,492,*drawd
TN493,TN,493,-
TN494,TN,494,*drue
TN495,TN,495,*drawd
TN495,TN,495,#drawn
TN496,TN,496,-
TN497,TN,497,-
TN498,TN,498,*withdrue=31
TN499,TN,499,*drue
TN500,TN,500,-
TN501,TN,501,-
TN502,TN,502,!draw
TN503,TN,503,*drawd
TN503,TN,503,#drawd
TN504,TN,504,-
TN505,TN,505,!draw
TN505,TN,505,*drawd
TN506,TN,506,!draw
TN507,TN,507,-
TN508,TN,508,-
TN509,TN,509,*drawd
TN510,TN,510,!draw
TN511,TN,511,*drue
TN512,TN,512,-
TN513,TN,513,!draw
TN513,TN,513,*drawd
TN514,TN,514,-
TN515,TN,515,!draw
TN516,TN,516,-
TN517,TN,517,*drue
TN518,TN,518,!draw
TN518,TN,518,*drue
TN519,TN,519,*drue
MS520,MS,520,!draw
MS520,MS,520,*drawd
MS521,MS,521,!draw
MS521,MS,521,*drew
MS522,MS,522,*drue
MS523,MS,523,-
MS524,MS,524,*drue
MS525,MS,525,!draw
MS526,MS,526,*drue
MS527,MS,527,!draw
MS527,MS,527,*drue
MS528,MS,528,-
MS529,MS,529,-
MS530,MS,530,-
MS531,MS,531,-
MS532,MS,532,*drue
MS533,MS,533,*drue
MS534,MS,534,*drawd
MS535,MS,535,*drew
MS536,MS,536,*drawd
MS537,MS,537,-
MS538,MS,538,*drue
MS539,MS,539,!draw
MS539,MS,539,*drue
MS540,MS,540,-
MS541,MS,541,-
MS542,MS,542,*drawd
MS543,MS,543,*draw
MS543,MS,543,#drawd
MS544,MS,544,-
MS545,MS,545,*drue
MS546,MS,546,*withdrue=21
MS547,MS,547,*drue
MS548,MS,548,!draw
MS548,MS,548,*drue
MS548,MS,548,*drawd
MS549,MS,549,-
MS550,MS,550,!draw
MS551,MS,551,-
MS552,MS,552,-
MS553,MS,553,-
MS554,MS,554,!draw
MS555,MS,555,*drawd
MS556,MS,556,!draw
MS557,MS,557,*drue
MS557,MS,557,*drawd
MS558,MS,558,*drue
MS559,MS,559,-
MS560,MS,560,*drue
MS561,MS,561,-
MS562,MS,562,*drue
MS563,MS,563,*drue
MS564,MS,564,*drue
MS565,MS,565,*drue
MS566,MS,566,*drawd
MS567,MS,567,-
MS568,MS,568,-
MS569,MS,569,!draw
MS569,MS,569,*drawd
MS569,MS,569,#drawd
MS570,MS,570,*drawd
MS571,MS,571,-
MS572,MS,572,-
MS573,MS,573,#drawd
MS574,MS,574,*drue
MS575,MS,575,-
MS576,MS,576,!draw
MS576,MS,576,*drue
MS577,MS,577,*drawd
MS578,MS,578,-
MS579,MS,579,*drue
MS579,MS,579,#drawn
MS580,MS,580,*drawd
MS581,MS,581,-
MS582,MS,582,!draw
MS582,MS,582,*drue
MS582,MS,582,*dri
MS583,MS,583,*drawd
MS584,MS,584,*drue
MS584,MS,584,#drawd
MS585,MS,585,*drawd
MS586,MS,586,!draw
MS586,MS,586,*drawd
MS586,MS,586,#drawd
MS587,MS,587,*drue
MS587,MS,587,*drawd
MS587,MS,587,#drawd
MS588,MS,588,!draw
MS588,MS,588,#drawn
MS589,MS,589,*drue
MS590,MS,590,*drew
MS590,MS,590,#drawd
MS591,MS,591,*drue
MS592,MS,592,*drue
MS593,MS,593,!draw
MS593,MS,593,*drawd
MS594,MS,594,*drue
MS594,MS,594,*drawd
MS595,MS,595,*drue
MS596,MS,596,!draw
MS597,MS,597,!draw
MS597,MS,597,*drawd
MS598,MS,598,@drawN=14
MS598,MS,598,*drue
MS599,MS,599,*drue
MS600,MS,600,@drawNG=14
MS600,MS,600,*drue
MS600,MS,600,*drawd
MS601,MS,601,-
MS602,MS,602,*drue
MS602,MS,602,#drawd
MS603,MS,603,*drawd
MS604,MS,604,*drawd
MS605,MS,605,*drue
MS606,MS,606,*drue
MS607,MS,607,!draw
MS607,MS,607,*drawd
MS607,MS,607,#drawd
MS608,MS,608,!draw
MS608,MS,608,*drue
MS609,MS,609,-
MS610,MS,610,!draw
MS610,MS,610,*drawd
MS611,MS,611,*drue
MS612,MS,612,*drawd
MS612,MS,612,#drawd
MS613,MS,613,*drew
MS614,MS,614,#drawn
MS615,MS,615,*drue
MS616,MS,616,!draw
MS616,MS,616,*drue
MS616,MS,616,*drawd
MS617,MS,617,*drew
MS618,MS,618,-
MS619,MS,619,-
MS620,MS,620,!draw
MS620,MS,620,#drawd
MS621,MS,621,*drue
MS621,MS,621,*drawd
MS622,MS,622,*drue
MS623,MS,623,*drue
MS624,MS,624,*drue
MS625,MS,625,!draw
MS625,MS,625,*drue
MS625,MS,625,*drawd
MS626,MS,626,-
MS627,MS,627,*drawd
MS628,MS,628,*drawd
MS629,MS,629,*drue
LA630,LA,630,-
LA631,LA,631,*drue
LA632,LA,632,*drawd
LA633,LA,633,#drue
LA634,LA,634,*drawd
LA635,LA,635,*drue
LA636,LA,636,-
LA637,LA,637,&drawz
LA638,LA,638,*drawd
LA639,LA,639,*drawd
LA640,LA,640,*drawd
LA641,LA,641,-
LA642,LA,642,-
LA643,LA,643,-
LA644,LA,644,-
LA645,LA,645,-
LA646,LA,646,*drawd
LA647,LA,647,-
LA648,LA,648,*drue
LA649,LA,649,*drue
LA650,LA,650,*drue
LA651,LA,651,-
LA652,LA,652,*drue
LA653,LA,653,-
LA654,LA,654,-
LA655,LA,655,-
LA656,LA,656,*drue
LA657,LA,657,@drawNG=14
LA657,LA,657,*drue
LA657X,LA,657X,-
LA657Y,LA,657Y,*wIthdrue=41
LA657Z,LA,657Z,*drue
LA658,LA,658,-
LA659,LA,659,-
LA660,LA,660,*drawd
LA661,LA,661,*drue
LA662,LA,662,*drue
LA663,LA,663,-
LA664,LA,664,-
LA665,LA,665,-
LA666,LA,666,-
LA667,LA,667,!draw
LA667,LA,667,*drawd
LA668,LA,668,*drue
LA669,LA,669,*drue
LA670,LA,670,-
LA671,LA,671,*drue
LA672,LA,672,*drawd
LA673,LA,673,*drue
AR674,AR,674,!draw
AR674,AR,674,*drawd
AR675,AR,675,-
AR676,AR,676,!draw
AR677,AR,677,@drawN=14
AR678,AR,678,!draw
AR679,AR,679,!draw
AR680,AR,680,-
AR681,AR,681,!draw
AR681,AR,681,*drawd
AR681,AR,681,#drawd
AR682,AR,682,-
AR683,AR,683,*drawd
AR684,AR,684,*drawd
AR685,AR,685,-
AR686,AR,686,!draw
AR686,AR,686,#drawd
AR687,AR,687,#drawd
AR688,AR,688,!draw
AR688,AR,688,*drawd
AR689,AR,689,!draw
AR689,AR,689,*drue
AR690,AR,690,!draw
AR690,AR,690,*drue
AR691,AR,691,!draw
AR692,AR,692,*drue
AR693,AR,693,-
AR694,AR,694,!draw
AR694,AR,694,#drawd
AR695,AR,695,*drue
AR696,AR,696,!draw
AR696,AR,696,*drue
AR696,AR,696,*drawd
AR697,AR,697,*drawd
AR697,AR,697,*drawn
AR698,AR,698,-
AR699,AR,699,-
AR700,AR,700,-
AR701,AR,701,!draw
AR701,AR,701,*drawd
AR701,AR,701,#drawn
AR702,AR,702,-
AR703,AR,703,-
AR704,AR,704,!draw
AR704,AR,704,*drawd
AR705,AR,705,*drue
AR706,AR,706,-
AR707,AR,707,*drew
AR708,AR,708,#drawn
AR709,AR,709,*drue
AR710,AR,710,-
AR711,AR,711,*drue
AR712,AR,712,*drue
AR713,AR,713,*drue
AR714,AR,714,*drue
AR715,AR,715,!draw
AR716,AR,716,*drue
AR717,AR,717,*drawd
AR718,AR,718,!draw
AR718,AR,718,*drue
AR719,AR,719,*drue
AR720,AR,720,!draw
AR720,AR,720,*drue
AR721,AR,721,-
AR722,AR,722,!draw
AR723,AR,723,*drawd
AR724,AR,724,*drue
AR725,AR,725,*drue
AR726,AR,726,!draw
AR726,AR,726,#drawd
AR727,AR,727,!draw
AR727,AR,727,*drawd
AR728,AR,728,*drue
AR728,AR,728,*drawd
AR729,AR,729,-
AR730,AR,730,*drawd
AR731,AR,731,!draw
AR731,AR,731,*drue
AR732,AR,732,*drue
AR732,AR,732,#drawn
AR733,AR,733,-
AR734,AR,734,-
AR735,AR,735,@drawN=14
AR736,AR,736,-
AR737,AR,737,-
AR738,AR,738,*drue
AR739,AR,739,-
AR740,AR,740,!draw
AR740,AR,740,*drue
AR741,AR,741,*drue
AR742,AR,742,!draw
AR743,AR,743,!draw
AR744,AR,744,-
AR745,AR,745,-
AR746,AR,746,-
AR747,AR,747,*drew
AR748,AR,748,!draw
AR748,AR,748,*drawd
AR749,AR,749,*drue
AR750,AR,750,-
AR751,AR,751,!draw
AR751,AR,751,*drue
AR751,AR,751,#drawn
AR752,AR,752,-
AR753,AR,753,!draw
AR753,AR,753,*drue
AR754,AR,754,-
AR755,AR,755,-
LA756,LA,756,!draw
LA756,LA,756,*drawd
LA757,LA,757,!draw
LA757,LA,757,*drew
LA757,LA,757,*drawd
LA758,LA,758,-
LA759,LA,759,!draw
LA759,LA,759,*drawd
LA760,LA,760,-
LA761,LA,761,!draw
LA761,LA,761,*drawd
LA762,LA,762,-
LA763,LA,763,!draw
LA764,LA,764,*drawd
LA765,LA,765,*drue
LA766,LA,766,*drawd
LA767,LA,767,*drue
LA768,LA,768,!draw
LA768,LA,768,*drawd
LA769,LA,769,*drue
LA770,LA,770,*drue
LA771,LA,771,-
LA772,LA,772,*drawd
LA772,LA,772,#drawd
LA773,LA,773,#drawd
LA774,LA,774,*drawd
LA775,LA,775,*drawd
LA775,LA,775,#drawd
LA776,LA,776,*drue
LA777,LA,777,*drue
LA778,LA,778,*drue
LA779,LA,779,-
LA780,LA,780,*drue
LA781,LA,781,!draw
LA781,LA,781,*drawd
LA781,LA,781,#drawd
LA782,LA,782,!draw
LA783,LA,783,*drawd
LA784,LA,784,*drawd
LA785,LA,785,!draw
LA785,LA,785,*drue
LA786,LA,786,*drawd
LA786,LA,786,#drawd
LA787,LA,787,*drue
LA788,LA,788,*drawd
LA788,LA,788,#drawd
LA789,LA,789,!draw
LA789,LA,789,*drue
LA789,LA,789,*drawd
LA789,LA,789,#drawd
LA790,LA,790,!draw
LA790,LA,790,*drawd
LA791,LA,791,!draw
LA791,LA,791,*drue
LA791,LA,791,*drawd
LA792,LA,792,*drawd
LA793,LA,793,*drawd
LA794,LA,794,!draw
LA794,LA,794,#drawd
LA795,LA,795,!draw
LA796,LA,796,*drue
LA796,LA,796,*drawd
LA797,LA,797,*drawd
LA797,LA,797,#drawd
LA798,LA,798,*drue
LA799,LA,799,-
LA800,LA,800,*drawd
LA801,LA,801,!draw
LA801,LA,801,*drue
LA801,LA,801,*drawd
LA802,LA,802,-
LA803,LA,803,*drawd
LA804,LA,804,!draw
LA805,LA,805,*draw
LA806,LA,806,*droo
LA807,LA,807,*drawd
LA807,LA,807,#drawd
LA808,LA,808,*drawd
LA809,LA,809,*drue
LA810,LA,810,!draw
LA811,LA,811,!draw
LA811,LA,811,#drawd
LA812,LA,812,#drawd
LA813,LA,813,-
LA814,LA,814,*drawd
LA814,LA,814,*draw
LA815,LA,815,-
LA816,LA,816,*drue
LA817,LA,817,*drue
LA817,LA,817,#drawd
TX818,TX,818,-
TX819,TX,819,*drue
TX819,TX,819,*drawd
TX820,TX,820,*drue
TX821,TX,821,*drawd
TX822,TX,822,*drue
TX822,TX,822,#drawn
TX823,TX,823,*drawd
TX824,TX,824,*drew
TX825,TX,825,*drue
TX825,TX,825,*drawd
TX825,TX,825,#drue
TX826,TX,826,*drue
TX827,TX,827,*drue
TX828,TX,828,*drawd
TX829,TX,829,*drue
TX830,TX,830,*drue
TX831,TX,831,*drue
TX832,TX,832,-
TX833,TX,833,*drue
TX834,TX,834,*drue
TX835,TX,835,*drawd
TX836,TX,836,!draw
TX836,TX,836,*drue
TX836,TX,836,*dru
TX836,TX,836,*drawd
TX836,TX,836,#drawd
TX837,TX,837,-
TX838,TX,838,*drawd
TX839,TX,839,-
TX840,TX,840,*drawd
TX841,TX,841,!draw
TX842,TX,842,*drue
TX843,TX,843,*drue
TX844,TX,844,*drue
TX845,TX,845,-
TX846,TX,846,*drue
TX847,TX,847,-
TX848,TX,848,*drue
TX849,TX,849,-
TX850,TX,850,*drue
TX850,TX,850,#drawd
TX851,TX,851,-
TX852,TX,852,*drue
TX853,TX,853,*drue
TX853,TX,853,#drawn
TX854,TX,854,!draw
TX854,TX,854,*drue
TX855,TX,855,!draw
TX856,TX,856,#drawd
TX857,TX,857,*drue
TX858,TX,858,*drue
TX859,TX,859,#drawn
TX860,TX,860,*drue
TX861,TX,861,*drue
TX862,TX,862,-
TX863,TX,863,*drue
TX864,TX,864,*drue
TX864,TX,864,*drawd
TX865,TX,865,*drue
TX866,TX,866,*drawd
TX867,TX,867,*drue
TX867,TX,867,*drod
TX868,TX,868,!draw
TX868,TX,868,*drue
TX869,TX,869,*drue
TX870,TX,870,*drue
TX871,TX,871,-
TX872,TX,872,*drawd
TX873,TX,873,*drue
TX874,TX,874,*drew
TX875,TX,875,*drue
TX876,TX,876,*drue
TX877,TX,877,*drue
TX878,TX,878,*drue
TX879,TX,879,-
TX880,TX,880,#drawn
TX881,TX,881,-
TX882,TX,882,*drue
TX882,TX,882,*drawd
TX883,TX,883,*drue
TX884,TX,884,-
TX885,TX,885,*drue
TX886,TX,886,!draw
TX886,TX,886,*drue
TX887,TX,887,*drue
TX888,TX,888,*drue
TX889,TX,889,*drue
TX890,TX,890,*drue
TX891,TX,891,*drue
TX892,TX,892,-
TX893,TX,893,*drue
TX894,TX,894,*drue
TX894,TX,894,#drawn
TX895,TX,895,*drue
TX896,TX,896,-
TX897,TX,897,-
TX898,TX,898,-
TX899,TX,899,-
TX900,TX,900,*drue
TX901,TX,901,*drue
TX902,TX,902,*drue
TX903,TX,903,!draw
TX903,TX,903,*drue
TX904,TX,904,*drue
TX905,TX,905,*drue
TX906,TX,906,*withdrue=31
TX907,TX,907,-
TX908,TX,908,*drue
TX909,TX,909,-
TX910,TX,910,&drawz
TX910,TX,910,*drue
TX911,TX,911,*drue
