<?xml version="1.0" encoding="UTF-8"?>
<MediaAsset>
   <!--Original Physical Asset and Transfer Details-->
   <Original>
      <Filename>IN17B_02</Filename>
      <RunningTime>02:06:51</RunningTime>
      <RecordDate>undated</RecordDate>
      <Language>English</Language>
      <FormatType>Open Reel</FormatType>
      <StockBrand>Audiotape</StockBrand>
      <TapeModel>None</TapeModel>
      <TapeWidth>1/4"</TapeWidth>
      <TapeType>Polyester</TapeType>
      <ReelSize>7"</ReelSize>
      <TrackConfiguration>Half track</TrackConfiguration>
      <SoundField>Mono</SoundField>
      <RecordingSpeed>3.75 ips</RecordingSpeed>
      <NoiseReduction>None</NoiseReduction>
      <Equalization>NAB</Equalization>
      <PackOrientation>Heads Out</PackOrientation>
      <Language>English</Language>
      <PerforationRepairs>Yes</PerforationRepairs>
      <Cleaned>No</Cleaned>
      <Baked>No</Baked>
      <TransferComments>High Background Noise on Tape; High Amount of Hiss on Tape; Program
         Distorted at Times; </TransferComments>
      <ConditionReport>
         <SmallRisk>TapeDamage</SmallRisk>
      </ConditionReport>
      <TransferOperator>SC</TransferOperator>
      <Deck_Description>1/4" Open Reel Reproducer</Deck_Description>
      <Deck_Brand>Teac</Deck_Brand>
      <Deck_Model>A-3440</Deck_Model>
      <Deck_SerialNumber>800092</Deck_SerialNumber>
      <Originator> The MediaPreserve, a division of Preservation Technologies, LP </Originator>
      <OriginatorAddress> 111 Thomson Park Drive, Cranberry Township, PA 16066-6424
      </OriginatorAddress>
   </Original>
   <!--Digital Preservation Master File-->
   <PreservationMaster>
      <MediaKeeper>
         <OriginalTitle>IN17B_02</OriginalTitle>
         <CustomerFilename>IN17B_02_a.wav</CustomerFilename>
         <DateCreated>2020-01-14T09:47:00</DateCreated>
         <Checksum>1512208CDCE18E39E2F24C04B12F8CF7</Checksum>
         <ChecksumType>MD5</ChecksumType>
         <ChecksumDateCreated>2020-01-21T00:07:40</ChecksumDateCreated>
         <RunningTime>01:03:24</RunningTime>
         <BitPerSample>24</BitPerSample>
         <SampleRate>96000</SampleRate>
         <BitRate>2304000</BitRate>
         <SoundFieldFromJhove>1</SoundFieldFromJhove>
         <FileSizeInBytes>1095558994</FileSizeInBytes>
         <FileSizeInKB>1069882</FileSizeInKB>
         <FileSizeInMB>1044.807</FileSizeInMB>
         <FileSizeInGB>1.0203</FileSizeInGB>
         <FaceDesignation>A</FaceDesignation>
         <TrackDesignation>00</TrackDesignation>
         <RegionDesignation>01</RegionDesignation>
         <ComputerManufacturer>VisionDAW</ComputerManufacturer>
         <HostComputerName>VX99-PRO</HostComputerName>
         <HostComputerVersion>Core i7</HostComputerVersion>
         <OperatingSystem>Windows 7</OperatingSystem>
         <OperatingSystemVersion>Professional x64 Edition</OperatingSystemVersion>
         <A2D_DeviceType>Analog to Digital Converter</A2D_DeviceType>
         <A2D_DeviceManufacturer>Antelope Audio</A2D_DeviceManufacturer>
         <A2D_DeviceModelName>Orion</A2D_DeviceModelName>
         <A2D_DeviceModelVersion>32</A2D_DeviceModelVersion>
         <A2D_DeviceModelSerialNumber>1003815240101</A2D_DeviceModelSerialNumber>
         <A2D_DeviceDriverVersion>A-3440</A2D_DeviceDriverVersion>
         <DIO_DeviceManufacturer>RME</DIO_DeviceManufacturer>
         <DIO_DeviceModelName>HDSPe MADI</DIO_DeviceModelName>
         <DIO_DeviceModelVersion>Firmware Version 32</DIO_DeviceModelVersion>
         <DIO_DeviceDriver>WDM Streaming Driver</DIO_DeviceDriver>
         <DIO_DeviceDriverVersion>4.14</DIO_DeviceDriverVersion>
         <EncodeSoftwareManufacturer>Steinberg</EncodeSoftwareManufacturer>
         <EncodeSoftware>Cubase</EncodeSoftware>
         <EncodeSoftwareVersion>8.5.00 Build 69</EncodeSoftwareVersion>
      </MediaKeeper>
   </PreservationMaster>
   <PreservationMaster>
      <MediaKeeper>
         <OriginalTitle>IN17B_02</OriginalTitle>
         <CustomerFilename>IN17B_02_b.wav</CustomerFilename>
         <DateCreated>2020-01-14T09:47:20</DateCreated>
         <Checksum>C10B93C9782C4401886EDB2CC4A91ECA</Checksum>
         <ChecksumType>MD5</ChecksumType>
         <ChecksumDateCreated>2020-01-21T00:07:40</ChecksumDateCreated>
         <RunningTime>01:03:27</RunningTime>
         <BitPerSample>24</BitPerSample>
         <SampleRate>96000</SampleRate>
         <BitRate>2304000</BitRate>
         <SoundFieldFromJhove>1</SoundFieldFromJhove>
         <FileSizeInBytes>1096453810</FileSizeInBytes>
         <FileSizeInKB>1070756</FileSizeInKB>
         <FileSizeInMB>1045.66</FileSizeInMB>
         <FileSizeInGB>1.0212</FileSizeInGB>
         <FaceDesignation>B</FaceDesignation>
         <TrackDesignation>00</TrackDesignation>
         <RegionDesignation>01</RegionDesignation>
         <ComputerManufacturer>VisionDAW</ComputerManufacturer>
         <HostComputerName>VX99-PRO</HostComputerName>
         <HostComputerVersion>Core i7</HostComputerVersion>
         <OperatingSystem>Windows 7</OperatingSystem>
         <OperatingSystemVersion>Professional x64 Edition</OperatingSystemVersion>
         <A2D_DeviceType>Analog to Digital Converter</A2D_DeviceType>
         <A2D_DeviceManufacturer>Antelope Audio</A2D_DeviceManufacturer>
         <A2D_DeviceModelName>Orion</A2D_DeviceModelName>
         <A2D_DeviceModelVersion>32</A2D_DeviceModelVersion>
         <A2D_DeviceModelSerialNumber>1003815240101</A2D_DeviceModelSerialNumber>
         <A2D_DeviceDriverVersion>A-3440</A2D_DeviceDriverVersion>
         <DIO_DeviceManufacturer>RME</DIO_DeviceManufacturer>
         <DIO_DeviceModelName>HDSPe MADI</DIO_DeviceModelName>
         <DIO_DeviceModelVersion>Firmware Version 32</DIO_DeviceModelVersion>
         <DIO_DeviceDriver>WDM Streaming Driver</DIO_DeviceDriver>
         <DIO_DeviceDriverVersion>4.14</DIO_DeviceDriverVersion>
         <EncodeSoftwareManufacturer>Steinberg</EncodeSoftwareManufacturer>
         <EncodeSoftware>Cubase</EncodeSoftware>
         <EncodeSoftwareVersion>8.5.00 Build 69</EncodeSoftwareVersion>
      </MediaKeeper>
   </PreservationMaster>
   <!--Digital Use/Access/Streaming File-->
   <Streaming>
      <MediaKeeper>
         <OriginalTitle>IN17B_02</OriginalTitle>
         <CustomerFilename>IN17B_02_a.mp3</CustomerFilename>
         <DateCreated>2020-01-20T17:32:31</DateCreated>
         <Checksum>B893739CBDF12F765F7DAC481E6B1909</Checksum>
         <ChecksumType>MD5</ChecksumType>
         <ChecksumDateCreated>2020-01-21T00:07:40</ChecksumDateCreated>
         <RunningTime>01:03:29</RunningTime>
         <BitRate>192000</BitRate>
         <SoundFieldFromJhove>1</SoundFieldFromJhove>
         <FileSizeInBytes>91297332</FileSizeInBytes>
         <FileSizeInKB>89157.55</FileSizeInKB>
         <FileSizeInMB>87.0679</FileSizeInMB>
         <FileSizeInGB>0.085</FileSizeInGB>
         <FaceDesignation>A</FaceDesignation>
         <TrackDesignation>00</TrackDesignation>
         <RegionDesignation>01</RegionDesignation>
         <EncodeSoftwareManufacturer>Steinberg</EncodeSoftwareManufacturer>
         <EncodeSoftware>Wavelab</EncodeSoftware>
         <EncodeSoftwareVersion>7.2.1</EncodeSoftwareVersion>
      </MediaKeeper>
   </Streaming>
   <Streaming>
      <MediaKeeper>
         <OriginalTitle>IN17B_02</OriginalTitle>
         <CustomerFilename>IN17B_02_b.mp3</CustomerFilename>
         <DateCreated>2020-01-20T17:32:38</DateCreated>
         <Checksum>2B29B5D3B20B4E2946F88203D8CFFC75</Checksum>
         <ChecksumType>MD5</ChecksumType>
         <ChecksumDateCreated>2020-01-21T00:07:40</ChecksumDateCreated>
         <RunningTime>01:03:32</RunningTime>
         <BitRate>192000</BitRate>
         <SoundFieldFromJhove>1</SoundFieldFromJhove>
         <FileSizeInBytes>91371938</FileSizeInBytes>
         <FileSizeInKB>89230.41</FileSizeInKB>
         <FileSizeInMB>87.1391</FileSizeInMB>
         <FileSizeInGB>0.0851</FileSizeInGB>
         <FaceDesignation>B</FaceDesignation>
         <TrackDesignation>00</TrackDesignation>
         <RegionDesignation>01</RegionDesignation>
         <EncodeSoftwareManufacturer>Steinberg</EncodeSoftwareManufacturer>
         <EncodeSoftware>Wavelab</EncodeSoftware>
         <EncodeSoftwareVersion>7.2.1</EncodeSoftwareVersion>
      </MediaKeeper>
   </Streaming>
</MediaAsset>
