<?xml version="1.0" encoding="UTF-8"?>
<MediaAsset>
   <!--Original Physical Asset and Transfer Details-->
   <Original>
      <Filename>KY3A</Filename>
      <RunningTime>02:08:27</RunningTime>
      <RecordDate>undated</RecordDate>
      <Language>English</Language>
      <FormatType>Open Reel</FormatType>
      <StockBrand>Scotch</StockBrand>
      <TapeModel>None</TapeModel>
      <TapeWidth>1/4"</TapeWidth>
      <TapeType>Acetate</TapeType>
      <ReelSize>7"</ReelSize>
      <TrackConfiguration>Half track</TrackConfiguration>
      <SoundField>Mono</SoundField>
      <RecordingSpeed>3.75 ips</RecordingSpeed>
      <NoiseReduction>None</NoiseReduction>
      <Equalization>NAB</Equalization>
      <PackOrientation>Heads Out</PackOrientation>
      <Language>English</Language>
      <PerforationRepairs>Yes</PerforationRepairs>
      <Cleaned>No</Cleaned>
      <Baked>No</Baked>
      <TransferComments>Program Distorted at Times; High Amount of Hum on Tape; </TransferComments>
      <ConditionReport>
         <SmallRisk>TapeDamage</SmallRisk>
      </ConditionReport>
      <TransferOperator>SC</TransferOperator>
      <Deck_Description>1/4" Open Reel Reproducer</Deck_Description>
      <Deck_Brand>Teac</Deck_Brand>
      <Deck_Model>A-3440</Deck_Model>
      <Deck_SerialNumber>800092</Deck_SerialNumber>
      <Originator> The MediaPreserve, a division of Preservation Technologies, LP </Originator>
      <OriginatorAddress> 111 Thomson Park Drive, Cranberry Township, PA 16066-6424
      </OriginatorAddress>
   </Original>
   <!--Digital Preservation Master File-->
   <PreservationMaster>
      <MediaKeeper>
         <OriginalTitle>KY3A</OriginalTitle>
         <CustomerFilename>KY3A_a.wav</CustomerFilename>
         <DateCreated>2020-01-14T09:34:52</DateCreated>
         <Checksum>DBF76FBE6CB0BF677E1DB9E642ADFDA9</Checksum>
         <ChecksumType>MD5</ChecksumType>
         <ChecksumDateCreated>2020-01-20T21:43:42</ChecksumDateCreated>
         <RunningTime>01:04:15</RunningTime>
         <BitPerSample>24</BitPerSample>
         <SampleRate>96000</SampleRate>
         <BitRate>2304000</BitRate>
         <SoundFieldFromJhove>1</SoundFieldFromJhove>
         <FileSizeInBytes>1110388402</FileSizeInBytes>
         <FileSizeInKB>1084364</FileSizeInKB>
         <FileSizeInMB>1058.949</FileSizeInMB>
         <FileSizeInGB>1.0341</FileSizeInGB>
         <FaceDesignation>A</FaceDesignation>
         <TrackDesignation>00</TrackDesignation>
         <RegionDesignation>01</RegionDesignation>
         <ComputerManufacturer>VisionDAW</ComputerManufacturer>
         <HostComputerName>VX99-PRO</HostComputerName>
         <HostComputerVersion>Core i7</HostComputerVersion>
         <OperatingSystem>Windows 7</OperatingSystem>
         <OperatingSystemVersion>Professional x64 Edition</OperatingSystemVersion>
         <A2D_DeviceType>Analog to Digital Converter</A2D_DeviceType>
         <A2D_DeviceManufacturer>Antelope Audio</A2D_DeviceManufacturer>
         <A2D_DeviceModelName>Orion</A2D_DeviceModelName>
         <A2D_DeviceModelVersion>32</A2D_DeviceModelVersion>
         <A2D_DeviceModelSerialNumber>1003815240101</A2D_DeviceModelSerialNumber>
         <A2D_DeviceDriverVersion>A-3440</A2D_DeviceDriverVersion>
         <DIO_DeviceManufacturer>RME</DIO_DeviceManufacturer>
         <DIO_DeviceModelName>HDSPe MADI</DIO_DeviceModelName>
         <DIO_DeviceModelVersion>Firmware Version 32</DIO_DeviceModelVersion>
         <DIO_DeviceDriver>WDM Streaming Driver</DIO_DeviceDriver>
         <DIO_DeviceDriverVersion>4.14</DIO_DeviceDriverVersion>
         <EncodeSoftwareManufacturer>Steinberg</EncodeSoftwareManufacturer>
         <EncodeSoftware>Cubase</EncodeSoftware>
         <EncodeSoftwareVersion>8.5.00 Build 69</EncodeSoftwareVersion>
      </MediaKeeper>
   </PreservationMaster>
   <PreservationMaster>
      <MediaKeeper>
         <OriginalTitle>KY3A</OriginalTitle>
         <CustomerFilename>KY3A_b.wav</CustomerFilename>
         <DateCreated>2020-01-14T09:36:05</DateCreated>
         <Checksum>841694270F502D11B6C76B3047F7E494</Checksum>
         <ChecksumType>MD5</ChecksumType>
         <ChecksumDateCreated>2020-01-20T21:43:42</ChecksumDateCreated>
         <RunningTime>01:04:12</RunningTime>
         <BitPerSample>24</BitPerSample>
         <SampleRate>96000</SampleRate>
         <BitRate>2304000</BitRate>
         <SoundFieldFromJhove>1</SoundFieldFromJhove>
         <FileSizeInBytes>1109484658</FileSizeInBytes>
         <FileSizeInKB>1083481</FileSizeInKB>
         <FileSizeInMB>1058.087</FileSizeInMB>
         <FileSizeInGB>1.0333</FileSizeInGB>
         <FaceDesignation>B</FaceDesignation>
         <TrackDesignation>00</TrackDesignation>
         <RegionDesignation>01</RegionDesignation>
         <ComputerManufacturer>VisionDAW</ComputerManufacturer>
         <HostComputerName>VX99-PRO</HostComputerName>
         <HostComputerVersion>Core i7</HostComputerVersion>
         <OperatingSystem>Windows 7</OperatingSystem>
         <OperatingSystemVersion>Professional x64 Edition</OperatingSystemVersion>
         <A2D_DeviceType>Analog to Digital Converter</A2D_DeviceType>
         <A2D_DeviceManufacturer>Antelope Audio</A2D_DeviceManufacturer>
         <A2D_DeviceModelName>Orion</A2D_DeviceModelName>
         <A2D_DeviceModelVersion>32</A2D_DeviceModelVersion>
         <A2D_DeviceModelSerialNumber>1003815240101</A2D_DeviceModelSerialNumber>
         <A2D_DeviceDriverVersion>A-3440</A2D_DeviceDriverVersion>
         <DIO_DeviceManufacturer>RME</DIO_DeviceManufacturer>
         <DIO_DeviceModelName>HDSPe MADI</DIO_DeviceModelName>
         <DIO_DeviceModelVersion>Firmware Version 32</DIO_DeviceModelVersion>
         <DIO_DeviceDriver>WDM Streaming Driver</DIO_DeviceDriver>
         <DIO_DeviceDriverVersion>4.14</DIO_DeviceDriverVersion>
         <EncodeSoftwareManufacturer>Steinberg</EncodeSoftwareManufacturer>
         <EncodeSoftware>Cubase</EncodeSoftware>
         <EncodeSoftwareVersion>8.5.00 Build 69</EncodeSoftwareVersion>
      </MediaKeeper>
   </PreservationMaster>
   <!--Digital Use/Access/Streaming File-->
   <Streaming>
      <MediaKeeper>
         <OriginalTitle>KY3A</OriginalTitle>
         <CustomerFilename>KY3A_a.mp3</CustomerFilename>
         <DateCreated>2020-01-20T17:27:50</DateCreated>
         <Checksum>6D203B3B1A15522F0ED27BFB4647BD37</Checksum>
         <ChecksumType>MD5</ChecksumType>
         <ChecksumDateCreated>2020-01-20T21:43:42</ChecksumDateCreated>
         <RunningTime>01:04:21</RunningTime>
         <BitRate>192000</BitRate>
         <SoundFieldFromJhove>1</SoundFieldFromJhove>
         <FileSizeInBytes>92533028</FileSizeInBytes>
         <FileSizeInKB>90364.28</FileSizeInKB>
         <FileSizeInMB>88.2464</FileSizeInMB>
         <FileSizeInGB>0.0862</FileSizeInGB>
         <FaceDesignation>A</FaceDesignation>
         <TrackDesignation>00</TrackDesignation>
         <RegionDesignation>01</RegionDesignation>
         <EncodeSoftwareManufacturer>Steinberg</EncodeSoftwareManufacturer>
         <EncodeSoftware>Wavelab</EncodeSoftware>
         <EncodeSoftwareVersion>7.2.1</EncodeSoftwareVersion>
      </MediaKeeper>
   </Streaming>
   <Streaming>
      <MediaKeeper>
         <OriginalTitle>KY3A</OriginalTitle>
         <CustomerFilename>KY3A_b.mp3</CustomerFilename>
         <DateCreated>2020-01-20T17:28:01</DateCreated>
         <Checksum>F7AD3FB44740C44493AA41D6DABF298E</Checksum>
         <ChecksumType>MD5</ChecksumType>
         <ChecksumDateCreated>2020-01-20T21:43:42</ChecksumDateCreated>
         <RunningTime>01:04:18</RunningTime>
         <BitRate>192000</BitRate>
         <SoundFieldFromJhove>1</SoundFieldFromJhove>
         <FileSizeInBytes>92457795</FileSizeInBytes>
         <FileSizeInKB>90290.81</FileSizeInKB>
         <FileSizeInMB>88.1746</FileSizeInMB>
         <FileSizeInGB>0.0861</FileSizeInGB>
         <FaceDesignation>B</FaceDesignation>
         <TrackDesignation>00</TrackDesignation>
         <RegionDesignation>01</RegionDesignation>
         <EncodeSoftwareManufacturer>Steinberg</EncodeSoftwareManufacturer>
         <EncodeSoftware>Wavelab</EncodeSoftware>
         <EncodeSoftwareVersion>7.2.1</EncodeSoftwareVersion>
      </MediaKeeper>
   </Streaming>
</MediaAsset>
