<?xml version="1.0" encoding="UTF-8"?>
<MediaAsset>
   <!--Original Physical Asset and Transfer Details-->
   <Original>
      <Filename>IL39B</Filename>
      <RunningTime>00:28:52</RunningTime>
      <RecordDate>undated</RecordDate>
      <FormatType>Open Reel</FormatType>
      <StockBrand>Scotch</StockBrand>
      <TapeModel>None</TapeModel>
      <TapeWidth>1/4"</TapeWidth>
      <TapeType>Polyester</TapeType>
      <ReelSize>7"</ReelSize>
      <TrackConfiguration>Half track</TrackConfiguration>
      <SoundField>Mono</SoundField>
      <RecordingSpeed>3.75 ips</RecordingSpeed>
      <NoiseReduction>None</NoiseReduction>
      <Equalization>NAB</Equalization>
      <PackOrientation>Heads Out</PackOrientation>
      <Language/>
      <PerforationRepairs>Yes</PerforationRepairs>
      <Cleaned>No</Cleaned>
      <Baked>No</Baked>
      <TransferComments>Side B is Blank; High Amount of Hum on Tape; Program Distorted at Times;
         High Background Noise on Tape; </TransferComments>
      <ConditionReport>
         <SmallRisk>TapeDamage</SmallRisk>
      </ConditionReport>
      <TransferOperator>TL</TransferOperator>
      <Deck_Description>1/4" Open Reel Reproducer</Deck_Description>
      <Deck_Brand>Studer</Deck_Brand>
      <Deck_Model>A-810</Deck_Model>
      <Deck_SerialNumber/>
      <Originator> The MediaPreserve, a division of Preservation Technologies, LP </Originator>
      <OriginatorAddress> 111 Thomson Park Drive, Cranberry Township, PA 16066-6424
      </OriginatorAddress>
   </Original>
   <!--Digital Preservation Master File-->
   <PreservationMaster>
      <MediaKeeper>
         <OriginalTitle>IL39B</OriginalTitle>
         <CustomerFilename>IL39B_a.wav</CustomerFilename>
         <DateCreated>2020-01-15T09:06:56</DateCreated>
         <Checksum>713C459C0A068BDADCFB4BDDAE674D93</Checksum>
         <ChecksumType>MD5</ChecksumType>
         <ChecksumDateCreated>2020-01-20T18:10:29</ChecksumDateCreated>
         <RunningTime>00:28:52</RunningTime>
         <BitPerSample>24</BitPerSample>
         <SampleRate>96000</SampleRate>
         <BitRate>2304000</BitRate>
         <SoundFieldFromJhove>1</SoundFieldFromJhove>
         <FileSizeInBytes>499040860</FileSizeInBytes>
         <FileSizeInKB>487344.6</FileSizeInKB>
         <FileSizeInMB>475.9225</FileSizeInMB>
         <FileSizeInGB>0.4648</FileSizeInGB>
         <FaceDesignation>A</FaceDesignation>
         <TrackDesignation>00</TrackDesignation>
         <RegionDesignation>01</RegionDesignation>
         <ComputerManufacturer>Dell</ComputerManufacturer>
         <HostComputerName>Precision</HostComputerName>
         <HostComputerVersion>T5600</HostComputerVersion>
         <OperatingSystem>Windows 7</OperatingSystem>
         <OperatingSystemVersion>Professional</OperatingSystemVersion>
         <A2D_DeviceType>Analog to Digital Converter</A2D_DeviceType>
         <A2D_DeviceManufacturer>Antelope Audio</A2D_DeviceManufacturer>
         <A2D_DeviceModelName>Orion</A2D_DeviceModelName>
         <A2D_DeviceModelVersion>32</A2D_DeviceModelVersion>
         <A2D_DeviceModelSerialNumber>1003815240101</A2D_DeviceModelSerialNumber>
         <A2D_DeviceDriverVersion>A-810</A2D_DeviceDriverVersion>
      </MediaKeeper>
   </PreservationMaster>
   <!--Digital Use/Access/Streaming File-->
   <Streaming>
      <MediaKeeper>
         <OriginalTitle>IL39B</OriginalTitle>
         <CustomerFilename>IL39B_a.mp3</CustomerFilename>
         <DateCreated>2020-01-20T17:38:30</DateCreated>
         <Checksum>082D69CACC0E4E3F7E21163921AB4579</Checksum>
         <ChecksumType>MD5</ChecksumType>
         <ChecksumDateCreated>2020-01-20T18:10:29</ChecksumDateCreated>
         <RunningTime>00:28:55</RunningTime>
         <BitRate>192000</BitRate>
         <SoundFieldFromJhove>1</SoundFieldFromJhove>
         <FileSizeInBytes>41587356</FileSizeInBytes>
         <FileSizeInKB>40612.65</FileSizeInKB>
         <FileSizeInMB>39.6608</FileSizeInMB>
         <FileSizeInGB>0.0387</FileSizeInGB>
         <FaceDesignation>A</FaceDesignation>
         <TrackDesignation>00</TrackDesignation>
         <RegionDesignation>01</RegionDesignation>
         <EncodeSoftwareManufacturer>Steinberg</EncodeSoftwareManufacturer>
         <EncodeSoftware>Wavelab</EncodeSoftware>
         <EncodeSoftwareVersion>7.2.1</EncodeSoftwareVersion>
      </MediaKeeper>
   </Streaming>
</MediaAsset>
