<?xml version="1.0" encoding="UTF-8" standalone="yes"?>
<Audio>
	<entry id="1060140101" project="LAO" informant="INF014" reel="1a" region="1" narrative="_Q" label="Geography" state="OK" sex="M " age="70" age_level="3" education="2" town="Waurika" county="Okla " land_regions="D" locality="R" date="1962" latitude="34.16391" longitude="-98.00149" file_name="LAO(INF014)1a 01 Geography.mp3" path_to_file="LAP\Projects\LAO\Speakers\LAO(INF014)\Audio\LAO(INF014)1a\LAO(INF014)1a 01 Geography.mp3"/>
	<entry id="1060140102" project="LAO" informant="INF014" reel="1a" region="2" narrative="_Q" label="Dwellings" state="OK" sex="M " age="70" age_level="3" education="2" town="Waurika" county="Okla " land_regions="D" locality="R" date="1962" latitude="34.16391" longitude="-98.00149" file_name="LAO(INF014)1a 02 Dwellings.mp3" path_to_file="LAP\Projects\LAO\Speakers\LAO(INF014)\Audio\LAO(INF014)1a\LAO(INF014)1a 02 Dwellings.mp3"/>
	<entry id="1060140103" project="LAO" informant="INF014" reel="1a" region="3" narrative="_Q" label="Illness and Death" state="OK" sex="M " age="70" age_level="3" education="2" town="Waurika" county="Okla " land_regions="D" locality="R" date="1962" latitude="34.16391" longitude="-98.00149" file_name="LAO(INF014)1a 03 Illness and Death.mp3" path_to_file="LAP\Projects\LAO\Speakers\LAO(INF014)\Audio\LAO(INF014)1a\LAO(INF014)1a 03 Illness and Death.mp3"/>
	<entry id="1060140104" project="LAO" informant="INF014" reel="1a" region="4" narrative="_Q" label="Containers and Utensils" state="OK" sex="M " age="70" age_level="3" education="2" town="Waurika" county="Okla " land_regions="D" locality="R" date="1962" latitude="34.16391" longitude="-98.00149" file_name="LAO(INF014)1a 04 Containers and Utensils.mp3" path_to_file="LAP\Projects\LAO\Speakers\LAO(INF014)\Audio\LAO(INF014)1a\LAO(INF014)1a 04 Containers and Utensils.mp3"/>
	<entry id="1060140105" project="LAO" informant="INF014" reel="1a" region="5" narrative="_Q" label="Dwellings" state="OK" sex="M " age="70" age_level="3" education="2" town="Waurika" county="Okla " land_regions="D" locality="R" date="1962" latitude="34.16391" longitude="-98.00149" file_name="LAO(INF014)1a 05 Dwellings.mp3" path_to_file="LAP\Projects\LAO\Speakers\LAO(INF014)\Audio\LAO(INF014)1a\LAO(INF014)1a 05 Dwellings.mp3"/>
	<entry id="1060140106" project="LAO" informant="INF014" reel="1a" region="6" narrative="_Q" label="Containers and Utensils" state="OK" sex="M " age="70" age_level="3" education="2" town="Waurika" county="Okla " land_regions="D" locality="R" date="1962" latitude="34.16391" longitude="-98.00149" file_name="LAO(INF014)1a 06 Containers and Utensils.mp3" path_to_file="LAP\Projects\LAO\Speakers\LAO(INF014)\Audio\LAO(INF014)1a\LAO(INF014)1a 06 Containers and Utensils.mp3"/>
	<entry id="1060140107" project="LAO" informant="INF014" reel="1a" region="7" narrative="_Q" label="Dwellings" state="OK" sex="M " age="70" age_level="3" education="2" town="Waurika" county="Okla " land_regions="D" locality="R" date="1962" latitude="34.16391" longitude="-98.00149" file_name="LAO(INF014)1a 07 Dwellings.mp3" path_to_file="LAP\Projects\LAO\Speakers\LAO(INF014)\Audio\LAO(INF014)1a\LAO(INF014)1a 07 Dwellings.mp3"/>
	<entry id="3060140101" project="LAO" informant="INF014" reel="1a" region="0" narrative="_I" label="Metadata" state="OK" sex="M " age="70" age_level="3" education="2" town="Waurika" county="Okla " land_regions="D" locality="R" date="1962" latitude="34.16391" longitude="-98.00149" file_name="LAO(INF014)1ameta.txt" path_to_file="LAP\Projects\LAO\Speakers\LAO(INF014)\Audio\LAO(INF014)1a\LAO(INF014)1ameta.txt"/>
	<entry id="1060140108" project="LAO" informant="INF014" reel="1b" region="1" narrative="_Q" label="The Farm" state="OK" sex="M " age="70" age_level="3" education="2" town="Waurika" county="Okla " land_regions="D" locality="R" date="1962" latitude="34.16391" longitude="-98.00149" file_name="LAO(INF014)1b 01 The Farm.mp3" path_to_file="LAP\Projects\LAO\Speakers\LAO(INF014)\Audio\LAO(INF014)1b\LAO(INF014)1b 01 The Farm.mp3"/>
	<entry id="1060140109" project="LAO" informant="INF014" reel="1b" region="2" narrative="_Q" label="Agriculture" state="OK" sex="M " age="70" age_level="3" education="2" town="Waurika" county="Okla " land_regions="D" locality="R" date="1962" latitude="34.16391" longitude="-98.00149" file_name="LAO(INF014)1b 02 Agriculture.mp3" path_to_file="LAP\Projects\LAO\Speakers\LAO(INF014)\Audio\LAO(INF014)1b\LAO(INF014)1b 02 Agriculture.mp3"/>
	<entry id="1060140110" project="LAO" informant="INF014" reel="1b" region="3" narrative="_Q" label="Social Relations" state="OK" sex="M " age="70" age_level="3" education="2" town="Waurika" county="Okla " land_regions="D" locality="R" date="1962" latitude="34.16391" longitude="-98.00149" file_name="LAO(INF014)1b 03 Social Relations.mp3" path_to_file="LAP\Projects\LAO\Speakers\LAO(INF014)\Audio\LAO(INF014)1b\LAO(INF014)1b 03 Social Relations.mp3"/>
	<entry id="1060140111" project="LAO" informant="INF014" reel="1b" region="4" narrative="_Q" label="The Farm" state="OK" sex="M " age="70" age_level="3" education="2" town="Waurika" county="Okla " land_regions="D" locality="R" date="1962" latitude="34.16391" longitude="-98.00149" file_name="LAO(INF014)1b 04 The Farm.mp3" path_to_file="LAP\Projects\LAO\Speakers\LAO(INF014)\Audio\LAO(INF014)1b\LAO(INF014)1b 04 The Farm.mp3"/>
	<entry id="1060140112" project="LAO" informant="INF014" reel="1b" region="5" narrative="_Q" label="Food and Cooking" state="OK" sex="M " age="70" age_level="3" education="2" town="Waurika" county="Okla " land_regions="D" locality="R" date="1962" latitude="34.16391" longitude="-98.00149" file_name="LAO(INF014)1b 05 Food and Cooking.mp3" path_to_file="LAP\Projects\LAO\Speakers\LAO(INF014)\Audio\LAO(INF014)1b\LAO(INF014)1b 05 Food and Cooking.mp3"/>
	<entry id="1060140113" project="LAO" informant="INF014" reel="1b" region="6" narrative="_Q" label="The Farm" state="OK" sex="M " age="70" age_level="3" education="2" town="Waurika" county="Okla " land_regions="D" locality="R" date="1962" latitude="34.16391" longitude="-98.00149" file_name="LAO(INF014)1b 06 The Farm.mp3" path_to_file="LAP\Projects\LAO\Speakers\LAO(INF014)\Audio\LAO(INF014)1b\LAO(INF014)1b 06 The Farm.mp3"/>
	<entry id="1060140114" project="LAO" informant="INF014" reel="1b" region="7" narrative="_Q" label="Sport and Play" state="OK" sex="M " age="70" age_level="3" education="2" town="Waurika" county="Okla " land_regions="D" locality="R" date="1962" latitude="34.16391" longitude="-98.00149" file_name="LAO(INF014)1b 07 Sport and Play.mp3" path_to_file="LAP\Projects\LAO\Speakers\LAO(INF014)\Audio\LAO(INF014)1b\LAO(INF014)1b 07 Sport and Play.mp3"/>
	<entry id="3060140102" project="LAO" informant="INF014" reel="1b" region="0" narrative="_I" label="Metadata" state="OK" sex="M " age="70" age_level="3" education="2" town="Waurika" county="Okla " land_regions="D" locality="R" date="1962" latitude="34.16391" longitude="-98.00149" file_name="LAO(INF014)1bmeta.txt" path_to_file="LAP\Projects\LAO\Speakers\LAO(INF014)\Audio\LAO(INF014)1b\LAO(INF014)1bmeta.txt"/>
	<entry id="1060140115" project="LAO" informant="INF014" reel="1c" region="1" narrative="_Q" label="Calls to Animals" state="OK" sex="M " age="70" age_level="3" education="2" town="Waurika" county="Okla " land_regions="D" locality="R" date="1962" latitude="34.16391" longitude="-98.00149" file_name="LAO(INF014)1c 01 Calls to Animals.mp3" path_to_file="LAP\Projects\LAO\Speakers\LAO(INF014)\Audio\LAO(INF014)1c\LAO(INF014)1c 01 Calls to Animals.mp3"/>
	<entry id="1060140116" project="LAO" informant="INF014" reel="1c" region="2" narrative="_Q" label="Vehicles" state="OK" sex="M " age="70" age_level="3" education="2" town="Waurika" county="Okla " land_regions="D" locality="R" date="1962" latitude="34.16391" longitude="-98.00149" file_name="LAO(INF014)1c 02 Vehicles.mp3" path_to_file="LAP\Projects\LAO\Speakers\LAO(INF014)\Audio\LAO(INF014)1c\LAO(INF014)1c 02 Vehicles.mp3"/>
	<entry id="1060140117" project="LAO" informant="INF014" reel="1c" region="3" narrative="_Q" label="Illness and Death" state="OK" sex="M " age="70" age_level="3" education="2" town="Waurika" county="Okla " land_regions="D" locality="R" date="1962" latitude="34.16391" longitude="-98.00149" file_name="LAO(INF014)1c 03 Illness and Death.mp3" path_to_file="LAP\Projects\LAO\Speakers\LAO(INF014)\Audio\LAO(INF014)1c\LAO(INF014)1c 03 Illness and Death.mp3"/>
	<entry id="1060140118" project="LAO" informant="INF014" reel="1c" region="4" narrative="_Q" label="Vehicles" state="OK" sex="M " age="70" age_level="3" education="2" town="Waurika" county="Okla " land_regions="D" locality="R" date="1962" latitude="34.16391" longitude="-98.00149" file_name="LAO(INF014)1c 04 Vehicles.mp3" path_to_file="LAP\Projects\LAO\Speakers\LAO(INF014)\Audio\LAO(INF014)1c\LAO(INF014)1c 04 Vehicles.mp3"/>
	<entry id="1060140119" project="LAO" informant="INF014" reel="1c" region="5" narrative="_Q" label="The Farm" state="OK" sex="M " age="70" age_level="3" education="2" town="Waurika" county="Okla " land_regions="D" locality="R" date="1962" latitude="34.16391" longitude="-98.00149" file_name="LAO(INF014)1c 05 The Farm.mp3" path_to_file="LAP\Projects\LAO\Speakers\LAO(INF014)\Audio\LAO(INF014)1c\LAO(INF014)1c 05 The Farm.mp3"/>
	<entry id="1060140120" project="LAO" informant="INF014" reel="1c" region="6" narrative="_Q" label="The Farm" state="OK" sex="M " age="70" age_level="3" education="2" town="Waurika" county="Okla " land_regions="D" locality="R" date="1962" latitude="34.16391" longitude="-98.00149" file_name="LAO(INF014)1c 06 The Farm.mp3" path_to_file="LAP\Projects\LAO\Speakers\LAO(INF014)\Audio\LAO(INF014)1c\LAO(INF014)1c 06 The Farm.mp3"/>
	<entry id="1060140121" project="LAO" informant="INF014" reel="1c" region="7" narrative="_Q" label="Clothing" state="OK" sex="M " age="70" age_level="3" education="2" town="Waurika" county="Okla " land_regions="D" locality="R" date="1962" latitude="34.16391" longitude="-98.00149" file_name="LAO(INF014)1c 07 Clothing.mp3" path_to_file="LAP\Projects\LAO\Speakers\LAO(INF014)\Audio\LAO(INF014)1c\LAO(INF014)1c 07 Clothing.mp3"/>
	<entry id="1060140122" project="LAO" informant="INF014" reel="1c" region="8" narrative="_Q" label="Food and Cooking" state="OK" sex="M " age="70" age_level="3" education="2" town="Waurika" county="Okla " land_regions="D" locality="R" date="1962" latitude="34.16391" longitude="-98.00149" file_name="LAO(INF014)1c 08 Food and Cooking.mp3" path_to_file="LAP\Projects\LAO\Speakers\LAO(INF014)\Audio\LAO(INF014)1c\LAO(INF014)1c 08 Food and Cooking.mp3"/>
	<entry id="3060140103" project="LAO" informant="INF014" reel="1c" region="0" narrative="_I" label="Metadata" state="OK" sex="M " age="70" age_level="3" education="2" town="Waurika" county="Okla " land_regions="D" locality="R" date="1962" latitude="34.16391" longitude="-98.00149" file_name="LAO(INF014)1cmeta.txt" path_to_file="LAP\Projects\LAO\Speakers\LAO(INF014)\Audio\LAO(INF014)1c\LAO(INF014)1cmeta.txt"/>
	<entry id="1060140201" project="LAO" informant="INF014" reel="2a" region="1" narrative="_Q" label="Calls to Animals" state="OK" sex="M " age="70" age_level="3" education="2" town="Waurika" county="Okla " land_regions="D" locality="R" date="1962" latitude="34.16391" longitude="-98.00149" file_name="LAO(INF014)2a 01 Calls to Animals.mp3" path_to_file="LAP\Projects\LAO\Speakers\LAO(INF014)\Audio\LAO(INF014)2a\LAO(INF014)2a 01 Calls to Animals.mp3"/>
	<entry id="1060140202" project="LAO" informant="INF014" reel="2a" region="2" narrative="_Q" label="Domestic Animals " state="OK" sex="M " age="70" age_level="3" education="2" town="Waurika" county="Okla " land_regions="D" locality="R" date="1962" latitude="34.16391" longitude="-98.00149" file_name="LAO(INF014)2a 02 Domestic Animals .mp3" path_to_file="LAP\Projects\LAO\Speakers\LAO(INF014)\Audio\LAO(INF014)2a\LAO(INF014)2a 02 Domestic Animals .mp3"/>
	<entry id="1060140203" project="LAO" informant="INF014" reel="2a" region="3" narrative="_Q" label="Clothing " state="OK" sex="M " age="70" age_level="3" education="2" town="Waurika" county="Okla " land_regions="D" locality="R" date="1962" latitude="34.16391" longitude="-98.00149" file_name="LAO(INF014)2a 03 Clothing .mp3" path_to_file="LAP\Projects\LAO\Speakers\LAO(INF014)\Audio\LAO(INF014)2a\LAO(INF014)2a 03 Clothing .mp3"/>
	<entry id="1060140204" project="LAO" informant="INF014" reel="2a" region="4" narrative="_Q" label="Wild Animals" state="OK" sex="M " age="70" age_level="3" education="2" town="Waurika" county="Okla " land_regions="D" locality="R" date="1962" latitude="34.16391" longitude="-98.00149" file_name="LAO(INF014)2a 04 Wild Animals.mp3" path_to_file="LAP\Projects\LAO\Speakers\LAO(INF014)\Audio\LAO(INF014)2a\LAO(INF014)2a 04 Wild Animals.mp3"/>
	<entry id="1060140205" project="LAO" informant="INF014" reel="2a" region="5" narrative="_Q" label="Clothing" state="OK" sex="M " age="70" age_level="3" education="2" town="Waurika" county="Okla " land_regions="D" locality="R" date="1962" latitude="34.16391" longitude="-98.00149" file_name="LAO(INF014)2a 05 Clothing.mp3" path_to_file="LAP\Projects\LAO\Speakers\LAO(INF014)\Audio\LAO(INF014)2a\LAO(INF014)2a 05 Clothing.mp3"/>
	<entry id="1060140206" project="LAO" informant="INF014" reel="2a" region="6" narrative="_Q" label="Sport and Play" state="OK" sex="M " age="70" age_level="3" education="2" town="Waurika" county="Okla " land_regions="D" locality="R" date="1962" latitude="34.16391" longitude="-98.00149" file_name="LAO(INF014)2a 06 Sport and Play.mp3" path_to_file="LAP\Projects\LAO\Speakers\LAO(INF014)\Audio\LAO(INF014)2a\LAO(INF014)2a 06 Sport and Play.mp3"/>
	<entry id="1060140207" project="LAO" informant="INF014" reel="2a" region="7" narrative="_Q" label="Geography" state="OK" sex="M " age="70" age_level="3" education="2" town="Waurika" county="Okla " land_regions="D" locality="R" date="1962" latitude="34.16391" longitude="-98.00149" file_name="LAO(INF014)2a 07 Geography.mp3" path_to_file="LAP\Projects\LAO\Speakers\LAO(INF014)\Audio\LAO(INF014)2a\LAO(INF014)2a 07 Geography.mp3"/>
	<entry id="3060140201" project="LAO" informant="INF014" reel="2a" region="0" narrative="_I" label="Metadata" state="OK" sex="M " age="70" age_level="3" education="2" town="Waurika" county="Okla " land_regions="D" locality="R" date="1962" latitude="34.16391" longitude="-98.00149" file_name="LAO(INF014)2ameta.txt" path_to_file="LAP\Projects\LAO\Speakers\LAO(INF014)\Audio\LAO(INF014)2a\LAO(INF014)2ameta.txt"/>
	<entry id="1060140208" project="LAO" informant="INF014" reel="2b" region="1" narrative="_Q" label="Topography" state="OK" sex="M " age="70" age_level="3" education="2" town="Waurika" county="Okla " land_regions="D" locality="R" date="1962" latitude="34.16391" longitude="-98.00149" file_name="LAO(INF014)2b 01 Topography.mp3" path_to_file="LAP\Projects\LAO\Speakers\LAO(INF014)\Audio\LAO(INF014)2b\LAO(INF014)2b 01 Topography.mp3"/>
	<entry id="1060140209" project="LAO" informant="INF014" reel="2b" region="2" narrative="_Q" label="Vehicles" state="OK" sex="M " age="70" age_level="3" education="2" town="Waurika" county="Okla " land_regions="D" locality="R" date="1962" latitude="34.16391" longitude="-98.00149" file_name="LAO(INF014)2b 02 Vehicles.mp3" path_to_file="LAP\Projects\LAO\Speakers\LAO(INF014)\Audio\LAO(INF014)2b\LAO(INF014)2b 02 Vehicles.mp3"/>
	<entry id="1060140210" project="LAO" informant="INF014" reel="2b" region="3" narrative="_Q" label="Vegetable" state="OK" sex="M " age="70" age_level="3" education="2" town="Waurika" county="Okla " land_regions="D" locality="R" date="1962" latitude="34.16391" longitude="-98.00149" file_name="LAO(INF014)2b 03 Vegetable.mp3" path_to_file="LAP\Projects\LAO\Speakers\LAO(INF014)\Audio\LAO(INF014)2b\LAO(INF014)2b 03 Vegetable.mp3"/>
	<entry id="1060140211" project="LAO" informant="INF014" reel="2b" region="4" narrative="_Q" label="Family" state="OK" sex="M " age="70" age_level="3" education="2" town="Waurika" county="Okla " land_regions="D" locality="R" date="1962" latitude="34.16391" longitude="-98.00149" file_name="LAO(INF014)2b 04 Family.mp3" path_to_file="LAP\Projects\LAO\Speakers\LAO(INF014)\Audio\LAO(INF014)2b\LAO(INF014)2b 04 Family.mp3"/>
	<entry id="1060140212" project="LAO" informant="INF014" reel="2b" region="5" narrative="_Q" label="Topography" state="OK" sex="M " age="70" age_level="3" education="2" town="Waurika" county="Okla " land_regions="D" locality="R" date="1962" latitude="34.16391" longitude="-98.00149" file_name="LAO(INF014)2b 05 Topography.mp3" path_to_file="LAP\Projects\LAO\Speakers\LAO(INF014)\Audio\LAO(INF014)2b\LAO(INF014)2b 05 Topography.mp3"/>
	<entry id="1060140213" project="LAO" informant="INF014" reel="2b" region="6" narrative="_Q" label="Domestic Animals" state="OK" sex="M " age="70" age_level="3" education="2" town="Waurika" county="Okla " land_regions="D" locality="R" date="1962" latitude="34.16391" longitude="-98.00149" file_name="LAO(INF014)2b 06 Domestic Animals.mp3" path_to_file="LAP\Projects\LAO\Speakers\LAO(INF014)\Audio\LAO(INF014)2b\LAO(INF014)2b 06 Domestic Animals.mp3"/>
	<entry id="1060140214" project="LAO" informant="INF014" reel="2b" region="7" narrative="_Q" label="Weather" state="OK" sex="M " age="70" age_level="3" education="2" town="Waurika" county="Okla " land_regions="D" locality="R" date="1962" latitude="34.16391" longitude="-98.00149" file_name="LAO(INF014)2b 07 Weather.mp3" path_to_file="LAP\Projects\LAO\Speakers\LAO(INF014)\Audio\LAO(INF014)2b\LAO(INF014)2b 07 Weather.mp3"/>
	<entry id="3060140202" project="LAO" informant="INF014" reel="2b" region="0" narrative="_I" label="Metadata" state="OK" sex="M " age="70" age_level="3" education="2" town="Waurika" county="Okla " land_regions="D" locality="R" date="1962" latitude="34.16391" longitude="-98.00149" file_name="LAO(INF014)2bmeta.txt" path_to_file="LAP\Projects\LAO\Speakers\LAO(INF014)\Audio\LAO(INF014)2b\LAO(INF014)2bmeta.txt"/>
	<entry id="1060140215" project="LAO" informant="INF014" reel="2c" region="1" narrative="_Q" label="Domestic Animals" state="OK" sex="M " age="70" age_level="3" education="2" town="Waurika" county="Okla " land_regions="D" locality="R" date="1962" latitude="34.16391" longitude="-98.00149" file_name="LAO(INF014)2c 01 Domestic Animals.mp3" path_to_file="LAP\Projects\LAO\Speakers\LAO(INF014)\Audio\LAO(INF014)2c\LAO(INF014)2c 01 Domestic Animals.mp3"/>
	<entry id="1060140216" project="LAO" informant="INF014" reel="2c" region="2" narrative="_Q" label="Food and Cooking" state="OK" sex="M " age="70" age_level="3" education="2" town="Waurika" county="Okla " land_regions="D" locality="R" date="1962" latitude="34.16391" longitude="-98.00149" file_name="LAO(INF014)2c 02 Food and Cooking.mp3" path_to_file="LAP\Projects\LAO\Speakers\LAO(INF014)\Audio\LAO(INF014)2c\LAO(INF014)2c 02 Food and Cooking.mp3"/>
	<entry id="1060140217" project="LAO" informant="INF014" reel="2c" region="3" narrative="_Q" label="Agriculture" state="OK" sex="M " age="70" age_level="3" education="2" town="Waurika" county="Okla " land_regions="D" locality="R" date="1962" latitude="34.16391" longitude="-98.00149" file_name="LAO(INF014)2c 03 Agriculture.mp3" path_to_file="LAP\Projects\LAO\Speakers\LAO(INF014)\Audio\LAO(INF014)2c\LAO(INF014)2c 03 Agriculture.mp3"/>
	<entry id="1060140218" project="LAO" informant="INF014" reel="2c" region="4" narrative="_Q" label="Trees and Shrubs" state="OK" sex="M " age="70" age_level="3" education="2" town="Waurika" county="Okla " land_regions="D" locality="R" date="1962" latitude="34.16391" longitude="-98.00149" file_name="LAO(INF014)2c 04 Trees and Shrubs.mp3" path_to_file="LAP\Projects\LAO\Speakers\LAO(INF014)\Audio\LAO(INF014)2c\LAO(INF014)2c 04 Trees and Shrubs.mp3"/>
	<entry id="1060140219" project="LAO" informant="INF014" reel="2c" region="5" narrative="_Q" label="Food and Cooking" state="OK" sex="M " age="70" age_level="3" education="2" town="Waurika" county="Okla " land_regions="D" locality="R" date="1962" latitude="34.16391" longitude="-98.00149" file_name="LAO(INF014)2c 05 Food and Cooking.mp3" path_to_file="LAP\Projects\LAO\Speakers\LAO(INF014)\Audio\LAO(INF014)2c\LAO(INF014)2c 05 Food and Cooking.mp3"/>
	<entry id="1060140220" project="LAO" informant="INF014" reel="2c" region="6" narrative="_Q" label="Food and Cooking" state="OK" sex="M " age="70" age_level="3" education="2" town="Waurika" county="Okla " land_regions="D" locality="R" date="1962" latitude="34.16391" longitude="-98.00149" file_name="LAO(INF014)2c 06 Food and Cooking.mp3" path_to_file="LAP\Projects\LAO\Speakers\LAO(INF014)\Audio\LAO(INF014)2c\LAO(INF014)2c 06 Food and Cooking.mp3"/>
	<entry id="1060140221" project="LAO" informant="INF014" reel="2c" region="7" narrative="_Q" label="Food and Cooking" state="OK" sex="M " age="70" age_level="3" education="2" town="Waurika" county="Okla " land_regions="D" locality="R" date="1962" latitude="34.16391" longitude="-98.00149" file_name="LAO(INF014)2c 07 Food and Cooking.mp3" path_to_file="LAP\Projects\LAO\Speakers\LAO(INF014)\Audio\LAO(INF014)2c\LAO(INF014)2c 07 Food and Cooking.mp3"/>
	<entry id="3060140203" project="LAO" informant="INF014" reel="2c" region="0" narrative="_I" label="Metadata" state="OK" sex="M " age="70" age_level="3" education="2" town="Waurika" county="Okla " land_regions="D" locality="R" date="1962" latitude="34.16391" longitude="-98.00149" file_name="LAO(INF014)2cmeta.txt" path_to_file="LAP\Projects\LAO\Speakers\LAO(INF014)\Audio\LAO(INF014)2c\LAO(INF014)2cmeta.txt"/>
	<entry id="1060140301" project="LAO" informant="INF014" reel="3a" region="1" narrative="_Q" label="Domestic Animals" state="OK" sex="M " age="70" age_level="3" education="2" town="Waurika" county="Okla " land_regions="D" locality="R" date="1962" latitude="34.16391" longitude="-98.00149" file_name="LAO(INF014)3a 01 Domestic Animals.mp3" path_to_file="LAP\Projects\LAO\Speakers\LAO(INF014)\Audio\LAO(INF014)3a\LAO(INF014)3a 01 Domestic Animals.mp3"/>
	<entry id="1060140302" project="LAO" informant="INF014" reel="3a" region="2" narrative="_Q" label="Food and Cooking" state="OK" sex="M " age="70" age_level="3" education="2" town="Waurika" county="Okla " land_regions="D" locality="R" date="1962" latitude="34.16391" longitude="-98.00149" file_name="LAO(INF014)3a 02 Food and Cooking.mp3" path_to_file="LAP\Projects\LAO\Speakers\LAO(INF014)\Audio\LAO(INF014)3a\LAO(INF014)3a 02 Food and Cooking.mp3"/>
	<entry id="1060140303" project="LAO" informant="INF014" reel="3a" region="3" narrative="_Q" label="Food and Cooking" state="OK" sex="M " age="70" age_level="3" education="2" town="Waurika" county="Okla " land_regions="D" locality="R" date="1962" latitude="34.16391" longitude="-98.00149" file_name="LAO(INF014)3a 03 Food and Cooking.mp3" path_to_file="LAP\Projects\LAO\Speakers\LAO(INF014)\Audio\LAO(INF014)3a\LAO(INF014)3a 03 Food and Cooking.mp3"/>
	<entry id="1060140304" project="LAO" informant="INF014" reel="3a" region="4" narrative="_Q" label="Vegetables" state="OK" sex="M " age="70" age_level="3" education="2" town="Waurika" county="Okla " land_regions="D" locality="R" date="1962" latitude="34.16391" longitude="-98.00149" file_name="LAO(INF014)3a 04 Vegetables.mp3" path_to_file="LAP\Projects\LAO\Speakers\LAO(INF014)\Audio\LAO(INF014)3a\LAO(INF014)3a 04 Vegetables.mp3"/>
	<entry id="1060140305" project="LAO" informant="INF014" reel="3a" region="5" narrative="_Q" label="Vegetables" state="OK" sex="M " age="70" age_level="3" education="2" town="Waurika" county="Okla " land_regions="D" locality="R" date="1962" latitude="34.16391" longitude="-98.00149" file_name="LAO(INF014)3a 05 Vegetables.mp3" path_to_file="LAP\Projects\LAO\Speakers\LAO(INF014)\Audio\LAO(INF014)3a\LAO(INF014)3a 05 Vegetables.mp3"/>
	<entry id="1060140306" project="LAO" informant="INF014" reel="3a" region="6" narrative="_Q" label="Vegetables" state="OK" sex="M " age="70" age_level="3" education="2" town="Waurika" county="Okla " land_regions="D" locality="R" date="1962" latitude="34.16391" longitude="-98.00149" file_name="LAO(INF014)3a 06 Vegetables.mp3" path_to_file="LAP\Projects\LAO\Speakers\LAO(INF014)\Audio\LAO(INF014)3a\LAO(INF014)3a 06 Vegetables.mp3"/>
	<entry id="1060140307" project="LAO" informant="INF014" reel="3a" region="7" narrative="_Q" label="Vegetables" state="OK" sex="M " age="70" age_level="3" education="2" town="Waurika" county="Okla " land_regions="D" locality="R" date="1962" latitude="34.16391" longitude="-98.00149" file_name="LAO(INF014)3a 07 Vegetables.mp3" path_to_file="LAP\Projects\LAO\Speakers\LAO(INF014)\Audio\LAO(INF014)3a\LAO(INF014)3a 07 Vegetables.mp3"/>
	<entry id="3060140301" project="LAO" informant="INF014" reel="3a" region="0" narrative="_I" label="Metadata" state="OK" sex="M " age="70" age_level="3" education="2" town="Waurika" county="Okla " land_regions="D" locality="R" date="1962" latitude="34.16391" longitude="-98.00149" file_name="LAO(INF014)3ameta.txt" path_to_file="LAP\Projects\LAO\Speakers\LAO(INF014)\Audio\LAO(INF014)3a\LAO(INF014)3ameta.txt"/>
	<entry id="1060140308" project="LAO" informant="INF014" reel="3b" region="1" narrative="_Q" label="Wild Animals" state="OK" sex="M " age="70" age_level="3" education="2" town="Waurika" county="Okla " land_regions="D" locality="R" date="1962" latitude="34.16391" longitude="-98.00149" file_name="LAO(INF014)3b 01 Wild Animals.mp3" path_to_file="LAP\Projects\LAO\Speakers\LAO(INF014)\Audio\LAO(INF014)3b\LAO(INF014)3b 01 Wild Animals.mp3"/>
	<entry id="1060140309" project="LAO" informant="INF014" reel="3b" region="2" narrative="_Q" label="Wild Animals" state="OK" sex="M " age="70" age_level="3" education="2" town="Waurika" county="Okla " land_regions="D" locality="R" date="1962" latitude="34.16391" longitude="-98.00149" file_name="LAO(INF014)3b 02 Wild Animals.mp3" path_to_file="LAP\Projects\LAO\Speakers\LAO(INF014)\Audio\LAO(INF014)3b\LAO(INF014)3b 02 Wild Animals.mp3"/>
	<entry id="1060140310" project="LAO" informant="INF014" reel="3b" region="3" narrative="_Q" label="Wild Animals" state="OK" sex="M " age="70" age_level="3" education="2" town="Waurika" county="Okla " land_regions="D" locality="R" date="1962" latitude="34.16391" longitude="-98.00149" file_name="LAO(INF014)3b 03 Wild Animals.mp3" path_to_file="LAP\Projects\LAO\Speakers\LAO(INF014)\Audio\LAO(INF014)3b\LAO(INF014)3b 03 Wild Animals.mp3"/>
	<entry id="1060140311" project="LAO" informant="INF014" reel="3b" region="4" narrative="_Q" label="Wild Animals" state="OK" sex="M " age="70" age_level="3" education="2" town="Waurika" county="Okla " land_regions="D" locality="R" date="1962" latitude="34.16391" longitude="-98.00149" file_name="LAO(INF014)3b 04 Wild Animals.mp3" path_to_file="LAP\Projects\LAO\Speakers\LAO(INF014)\Audio\LAO(INF014)3b\LAO(INF014)3b 04 Wild Animals.mp3"/>
	<entry id="1060140312" project="LAO" informant="INF014" reel="3b" region="5" narrative="_Q" label="Wild Animals" state="OK" sex="M " age="70" age_level="3" education="2" town="Waurika" county="Okla " land_regions="D" locality="R" date="1962" latitude="34.16391" longitude="-98.00149" file_name="LAO(INF014)3b 05 Wild Animals.mp3" path_to_file="LAP\Projects\LAO\Speakers\LAO(INF014)\Audio\LAO(INF014)3b\LAO(INF014)3b 05 Wild Animals.mp3"/>
	<entry id="1060140313" project="LAO" informant="INF014" reel="3b" region="6" narrative="_Q" label="Trees and Shrubs" state="OK" sex="M " age="70" age_level="3" education="2" town="Waurika" county="Okla " land_regions="D" locality="R" date="1962" latitude="34.16391" longitude="-98.00149" file_name="LAO(INF014)3b 06 Trees and Shrubs.mp3" path_to_file="LAP\Projects\LAO\Speakers\LAO(INF014)\Audio\LAO(INF014)3b\LAO(INF014)3b 06 Trees and Shrubs.mp3"/>
	<entry id="1060140314" project="LAO" informant="INF014" reel="3b" region="7" narrative="_Q" label="Topography" state="OK" sex="M " age="70" age_level="3" education="2" town="Waurika" county="Okla " land_regions="D" locality="R" date="1962" latitude="34.16391" longitude="-98.00149" file_name="LAO(INF014)3b 07 Topography.mp3" path_to_file="LAP\Projects\LAO\Speakers\LAO(INF014)\Audio\LAO(INF014)3b\LAO(INF014)3b 07 Topography.mp3"/>
	<entry id="3060140302" project="LAO" informant="INF014" reel="3b" region="0" narrative="_I" label="Metadata" state="OK" sex="M " age="70" age_level="3" education="2" town="Waurika" county="Okla " land_regions="D" locality="R" date="1962" latitude="34.16391" longitude="-98.00149" file_name="LAO(INF014)3bmeta.txt" path_to_file="LAP\Projects\LAO\Speakers\LAO(INF014)\Audio\LAO(INF014)3b\LAO(INF014)3bmeta.txt"/>
	<entry id="1060140315" project="LAO" informant="INF014" reel="3c" region="1" narrative="_Q" label="Family" state="OK" sex="M " age="70" age_level="3" education="2" town="Waurika" county="Okla " land_regions="D" locality="R" date="1962" latitude="34.16391" longitude="-98.00149" file_name="LAO(INF014)3c 01 Family.mp3" path_to_file="LAP\Projects\LAO\Speakers\LAO(INF014)\Audio\LAO(INF014)3c\LAO(INF014)3c 01 Family.mp3"/>
	<entry id="1060140316" project="LAO" informant="INF014" reel="3c" region="2" narrative="_Q" label="Names, Titles and Occupations" state="OK" sex="M " age="70" age_level="3" education="2" town="Waurika" county="Okla " land_regions="D" locality="R" date="1962" latitude="34.16391" longitude="-98.00149" file_name="LAO(INF014)3c 02 Names, Titles and Occupations.mp3" path_to_file="LAP\Projects\LAO\Speakers\LAO(INF014)\Audio\LAO(INF014)3c\LAO(INF014)3c 02 Names, Titles and Occupations.mp3"/>
	<entry id="1060140317" project="LAO" informant="INF014" reel="3c" region="3" narrative="_Q" label="Names, Titles and Occupations" state="OK" sex="M " age="70" age_level="3" education="2" town="Waurika" county="Okla " land_regions="D" locality="R" date="1962" latitude="34.16391" longitude="-98.00149" file_name="LAO(INF014)3c 03 Names, Titles and Occupations.mp3" path_to_file="LAP\Projects\LAO\Speakers\LAO(INF014)\Audio\LAO(INF014)3c\LAO(INF014)3c 03 Names, Titles and Occupations.mp3"/>
	<entry id="1060140318" project="LAO" informant="INF014" reel="3c" region="4" narrative="_Q" label="Names, Titles and Occupations" state="OK" sex="M " age="70" age_level="3" education="2" town="Waurika" county="Okla " land_regions="D" locality="R" date="1962" latitude="34.16391" longitude="-98.00149" file_name="LAO(INF014)3c 04 Names, Titles and Occupations.mp3" path_to_file="LAP\Projects\LAO\Speakers\LAO(INF014)\Audio\LAO(INF014)3c\LAO(INF014)3c 04 Names, Titles and Occupations.mp3"/>
	<entry id="1060140319" project="LAO" informant="INF014" reel="3c" region="5" narrative="_Q" label="Names, Titles and Occupations" state="OK" sex="M " age="70" age_level="3" education="2" town="Waurika" county="Okla " land_regions="D" locality="R" date="1962" latitude="34.16391" longitude="-98.00149" file_name="LAO(INF014)3c 05 Names, Titles and Occupations.mp3" path_to_file="LAP\Projects\LAO\Speakers\LAO(INF014)\Audio\LAO(INF014)3c\LAO(INF014)3c 05 Names, Titles and Occupations.mp3"/>
	<entry id="1060140320" project="LAO" informant="INF014" reel="3c" region="6" narrative="_Q" label="Public Institutions" state="OK" sex="M " age="70" age_level="3" education="2" town="Waurika" county="Okla " land_regions="D" locality="R" date="1962" latitude="34.16391" longitude="-98.00149" file_name="LAO(INF014)3c 06 Public Institutions.mp3" path_to_file="LAP\Projects\LAO\Speakers\LAO(INF014)\Audio\LAO(INF014)3c\LAO(INF014)3c 06 Public Institutions.mp3"/>
	<entry id="1060140321" project="LAO" informant="INF014" reel="3c" region="7" narrative="_Q" label="Verbs_Principal Parts" state="OK" sex="M " age="70" age_level="3" education="2" town="Waurika" county="Okla " land_regions="D" locality="R" date="1962" latitude="34.16391" longitude="-98.00149" file_name="LAO(INF014)3c 07 Verbs_Principal Parts.mp3" path_to_file="LAP\Projects\LAO\Speakers\LAO(INF014)\Audio\LAO(INF014)3c\LAO(INF014)3c 07 Verbs_Principal Parts.mp3"/>
	<entry id="3060140303" project="LAO" informant="INF014" reel="3c" region="0" narrative="_I" label="Metadata" state="OK" sex="M " age="70" age_level="3" education="2" town="Waurika" county="Okla " land_regions="D" locality="R" date="1962" latitude="34.16391" longitude="-98.00149" file_name="LAO(INF014)3cmeta.txt" path_to_file="LAP\Projects\LAO\Speakers\LAO(INF014)\Audio\LAO(INF014)3c\LAO(INF014)3cmeta.txt"/>
	<entry id="1060140401" project="LAO" informant="INF014" reel="4a" region="1" narrative="_Q" label="Time" state="OK" sex="M " age="70" age_level="3" education="2" town="Waurika" county="Okla " land_regions="D" locality="R" date="1962" latitude="34.16391" longitude="-98.00149" file_name="LAO(INF014)4a 01 Time.mp3" path_to_file="LAP\Projects\LAO\Speakers\LAO(INF014)\Audio\LAO(INF014)4a\LAO(INF014)4a 01 Time.mp3"/>
	<entry id="1060140402" project="LAO" informant="INF014" reel="4a" region="2" narrative="_Q" label="Personal Characteristics" state="OK" sex="M " age="70" age_level="3" education="2" town="Waurika" county="Okla " land_regions="D" locality="R" date="1962" latitude="34.16391" longitude="-98.00149" file_name="LAO(INF014)4a 02 Personal Characteristics.mp3" path_to_file="LAP\Projects\LAO\Speakers\LAO(INF014)\Audio\LAO(INF014)4a\LAO(INF014)4a 02 Personal Characteristics.mp3"/>
	<entry id="1060140403" project="LAO" informant="INF014" reel="4a" region="3" narrative="_Q" label="Personal Characteristics" state="OK" sex="M " age="70" age_level="3" education="2" town="Waurika" county="Okla " land_regions="D" locality="R" date="1962" latitude="34.16391" longitude="-98.00149" file_name="LAO(INF014)4a 03 Personal Characteristics.mp3" path_to_file="LAP\Projects\LAO\Speakers\LAO(INF014)\Audio\LAO(INF014)4a\LAO(INF014)4a 03 Personal Characteristics.mp3"/>
	<entry id="1060140404" project="LAO" informant="INF014" reel="4a" region="4" narrative="_Q" label="Illness and Death" state="OK" sex="M " age="70" age_level="3" education="2" town="Waurika" county="Okla " land_regions="D" locality="R" date="1962" latitude="34.16391" longitude="-98.00149" file_name="LAO(INF014)4a 04 Illness and Death.mp3" path_to_file="LAP\Projects\LAO\Speakers\LAO(INF014)\Audio\LAO(INF014)4a\LAO(INF014)4a 04 Illness and Death.mp3"/>
	<entry id="1060140405" project="LAO" informant="INF014" reel="4a" region="5" narrative="_Q" label="Illness and Death" state="OK" sex="M " age="70" age_level="3" education="2" town="Waurika" county="Okla " land_regions="D" locality="R" date="1962" latitude="34.16391" longitude="-98.00149" file_name="LAO(INF014)4a 05 Illness and Death.mp3" path_to_file="LAP\Projects\LAO\Speakers\LAO(INF014)\Audio\LAO(INF014)4a\LAO(INF014)4a 05 Illness and Death.mp3"/>
	<entry id="1060140406" project="LAO" informant="INF014" reel="4a" region="6" narrative="_Q" label="Illness and Death" state="OK" sex="M " age="70" age_level="3" education="2" town="Waurika" county="Okla " land_regions="D" locality="R" date="1962" latitude="34.16391" longitude="-98.00149" file_name="LAO(INF014)4a 06 Illness and Death.mp3" path_to_file="LAP\Projects\LAO\Speakers\LAO(INF014)\Audio\LAO(INF014)4a\LAO(INF014)4a 06 Illness and Death.mp3"/>
	<entry id="1060140407" project="LAO" informant="INF014" reel="4a" region="7" narrative="_Q" label="Time" state="OK" sex="M " age="70" age_level="3" education="2" town="Waurika" county="Okla " land_regions="D" locality="R" date="1962" latitude="34.16391" longitude="-98.00149" file_name="LAO(INF014)4a 07 Time.mp3" path_to_file="LAP\Projects\LAO\Speakers\LAO(INF014)\Audio\LAO(INF014)4a\LAO(INF014)4a 07 Time.mp3"/>
	<entry id="3060140401" project="LAO" informant="INF014" reel="4a" region="0" narrative="_I" label="Metadata" state="OK" sex="M " age="70" age_level="3" education="2" town="Waurika" county="Okla " land_regions="D" locality="R" date="1962" latitude="34.16391" longitude="-98.00149" file_name="LAO(INF014)4ameta.txt" path_to_file="LAP\Projects\LAO\Speakers\LAO(INF014)\Audio\LAO(INF014)4a\LAO(INF014)4ameta.txt"/>
	<entry id="1060140408" project="LAO" informant="INF014" reel="4b" region="1" narrative="_Q" label="Social Relations" state="OK" sex="M " age="70" age_level="3" education="2" town="Waurika" county="Okla " land_regions="D" locality="R" date="1962" latitude="34.16391" longitude="-98.00149" file_name="LAO(INF014)4b 01 Social Relations.mp3" path_to_file="LAP\Projects\LAO\Speakers\LAO(INF014)\Audio\LAO(INF014)4b\LAO(INF014)4b 01 Social Relations.mp3"/>
	<entry id="1060140409" project="LAO" informant="INF014" reel="4b" region="2" narrative="_Q" label="Public Institutions" state="OK" sex="M " age="70" age_level="3" education="2" town="Waurika" county="Okla " land_regions="D" locality="R" date="1962" latitude="34.16391" longitude="-98.00149" file_name="LAO(INF014)4b 02 Public Institutions.mp3" path_to_file="LAP\Projects\LAO\Speakers\LAO(INF014)\Audio\LAO(INF014)4b\LAO(INF014)4b 02 Public Institutions.mp3"/>
	<entry id="1060140410" project="LAO" informant="INF014" reel="4b" region="3" narrative="_Q" label="Public Institutions" state="OK" sex="M " age="70" age_level="3" education="2" town="Waurika" county="Okla " land_regions="D" locality="R" date="1962" latitude="34.16391" longitude="-98.00149" file_name="LAO(INF014)4b 03 Public Institutions.mp3" path_to_file="LAP\Projects\LAO\Speakers\LAO(INF014)\Audio\LAO(INF014)4b\LAO(INF014)4b 03 Public Institutions.mp3"/>
	<entry id="1060140411" project="LAO" informant="INF014" reel="4b" region="4" narrative="_Q" label="Public Institutions" state="OK" sex="M " age="70" age_level="3" education="2" town="Waurika" county="Okla " land_regions="D" locality="R" date="1962" latitude="34.16391" longitude="-98.00149" file_name="LAO(INF014)4b 04 Public Institutions.mp3" path_to_file="LAP\Projects\LAO\Speakers\LAO(INF014)\Audio\LAO(INF014)4b\LAO(INF014)4b 04 Public Institutions.mp3"/>
	<entry id="1060140412" project="LAO" informant="INF014" reel="4b" region="5" narrative="_Q" label="Family" state="OK" sex="M " age="70" age_level="3" education="2" town="Waurika" county="Okla " land_regions="D" locality="R" date="1962" latitude="34.16391" longitude="-98.00149" file_name="LAO(INF014)4b 05 Family.mp3" path_to_file="LAP\Projects\LAO\Speakers\LAO(INF014)\Audio\LAO(INF014)4b\LAO(INF014)4b 05 Family.mp3"/>
	<entry id="1060140413" project="LAO" informant="INF014" reel="4b" region="6" narrative="_Q" label="Geography" state="OK" sex="M " age="70" age_level="3" education="2" town="Waurika" county="Okla " land_regions="D" locality="R" date="1962" latitude="34.16391" longitude="-98.00149" file_name="LAO(INF014)4b 06 Geography.mp3" path_to_file="LAP\Projects\LAO\Speakers\LAO(INF014)\Audio\LAO(INF014)4b\LAO(INF014)4b 06 Geography.mp3"/>
	<entry id="1060140414" project="LAO" informant="INF014" reel="4b" region="7" narrative="_Q" label="Geography" state="OK" sex="M " age="70" age_level="3" education="2" town="Waurika" county="Okla " land_regions="D" locality="R" date="1962" latitude="34.16391" longitude="-98.00149" file_name="LAO(INF014)4b 07 Geography.mp3" path_to_file="LAP\Projects\LAO\Speakers\LAO(INF014)\Audio\LAO(INF014)4b\LAO(INF014)4b 07 Geography.mp3"/>
	<entry id="3060140402" project="LAO" informant="INF014" reel="4b" region="0" narrative="_I" label="Metadata" state="OK" sex="M " age="70" age_level="3" education="2" town="Waurika" county="Okla " land_regions="D" locality="R" date="1962" latitude="34.16391" longitude="-98.00149" file_name="LAO(INF014)4bmeta.txt" path_to_file="LAP\Projects\LAO\Speakers\LAO(INF014)\Audio\LAO(INF014)4b\LAO(INF014)4bmeta.txt"/>
	<entry id="1060140415" project="LAO" informant="INF014" reel="4c" region="1" narrative="_Q" label="Geography" state="OK" sex="M " age="70" age_level="3" education="2" town="Waurika" county="Okla " land_regions="D" locality="R" date="1962" latitude="34.16391" longitude="-98.00149" file_name="LAO(INF014)4c 01 Geography.mp3" path_to_file="LAP\Projects\LAO\Speakers\LAO(INF014)\Audio\LAO(INF014)4c\LAO(INF014)4c 01 Geography.mp3"/>
	<entry id="1060140416" project="LAO" informant="INF014" reel="4c" region="2" narrative="_Q" label="Religion" state="OK" sex="M " age="70" age_level="3" education="2" town="Waurika" county="Okla " land_regions="D" locality="R" date="1962" latitude="34.16391" longitude="-98.00149" file_name="LAO(INF014)4c 02 Religion.mp3" path_to_file="LAP\Projects\LAO\Speakers\LAO(INF014)\Audio\LAO(INF014)4c\LAO(INF014)4c 02 Religion.mp3"/>
	<entry id="1060140417" project="LAO" informant="INF014" reel="4c" region="3" narrative="_N" label="Illness and Death" state="OK" sex="M " age="70" age_level="3" education="2" town="Waurika" county="Okla " land_regions="D" locality="R" date="1962" latitude="34.16391" longitude="-98.00149" file_name="LAO(INF014)4c 03 Illness and Death_N.mp3" path_to_file="LAP\Projects\LAO\Speakers\LAO(INF014)\Audio\LAO(INF014)4c\LAO(INF014)4c 03 Illness and Death_N.mp3"/>
	<entry id="1060140418" project="LAO" informant="INF014" reel="4c" region="4" narrative="_N" label="Religion" state="OK" sex="M " age="70" age_level="3" education="2" town="Waurika" county="Okla " land_regions="D" locality="R" date="1962" latitude="34.16391" longitude="-98.00149" file_name="LAO(INF014)4c 04 Religion_N.mp3" path_to_file="LAP\Projects\LAO\Speakers\LAO(INF014)\Audio\LAO(INF014)4c\LAO(INF014)4c 04 Religion_N.mp3"/>
	<entry id="1060140419" project="LAO" informant="INF014" reel="4c" region="5" narrative="_Q" label="Greetings and Salutations" state="OK" sex="M " age="70" age_level="3" education="2" town="Waurika" county="Okla " land_regions="D" locality="R" date="1962" latitude="34.16391" longitude="-98.00149" file_name="LAO(INF014)4c 05 Greetings and Salutations.mp3" path_to_file="LAP\Projects\LAO\Speakers\LAO(INF014)\Audio\LAO(INF014)4c\LAO(INF014)4c 05 Greetings and Salutations.mp3"/>
	<entry id="1060140420" project="LAO" informant="INF014" reel="4c" region="6" narrative="_Q" label="Greetings and Salutations" state="OK" sex="M " age="70" age_level="3" education="2" town="Waurika" county="Okla " land_regions="D" locality="R" date="1962" latitude="34.16391" longitude="-98.00149" file_name="LAO(INF014)4c 06 Greetings and Salutations.mp3" path_to_file="LAP\Projects\LAO\Speakers\LAO(INF014)\Audio\LAO(INF014)4c\LAO(INF014)4c 06 Greetings and Salutations.mp3"/>
	<entry id="1060140421" project="LAO" informant="INF014" reel="4c" region="7" narrative="_Q" label="Business" state="OK" sex="M " age="70" age_level="3" education="2" town="Waurika" county="Okla " land_regions="D" locality="R" date="1962" latitude="34.16391" longitude="-98.00149" file_name="LAO(INF014)4c 07 Business.mp3" path_to_file="LAP\Projects\LAO\Speakers\LAO(INF014)\Audio\LAO(INF014)4c\LAO(INF014)4c 07 Business.mp3"/>
	<entry id="1060140422" project="LAO" informant="INF014" reel="4c" region="8" narrative="_Q" label="Weather" state="OK" sex="M " age="70" age_level="3" education="2" town="Waurika" county="Okla " land_regions="D" locality="R" date="1962" latitude="34.16391" longitude="-98.00149" file_name="LAO(INF014)4c 08 Weather.mp3" path_to_file="LAP\Projects\LAO\Speakers\LAO(INF014)\Audio\LAO(INF014)4c\LAO(INF014)4c 08 Weather.mp3"/>
	<entry id="3060140403" project="LAO" informant="INF014" reel="4c" region="0" narrative="_I" label="Metadata" state="OK" sex="M " age="70" age_level="3" education="2" town="Waurika" county="Okla " land_regions="D" locality="R" date="1962" latitude="34.16391" longitude="-98.00149" file_name="LAO(INF014)4cmeta.txt" path_to_file="LAP\Projects\LAO\Speakers\LAO(INF014)\Audio\LAO(INF014)4c\LAO(INF014)4cmeta.txt"/>
	<entry id="1060140501" project="LAO" informant="INF014" reel="5a" region="1" narrative="_Q" label="Verbs_Principal Parts" state="OK" sex="M " age="70" age_level="3" education="2" town="Waurika" county="Okla " land_regions="D" locality="R" date="1962" latitude="34.16391" longitude="-98.00149" file_name="LAO(INF014)5a 01 Verbs_Principal Parts.mp3" path_to_file="LAP\Projects\LAO\Speakers\LAO(INF014)\Audio\LAO(INF014)5a\LAO(INF014)5a 01 Verbs_Principal Parts.mp3"/>
	<entry id="1060140502" project="LAO" informant="INF014" reel="5a" region="2" narrative="_Q" label="Sport and Play" state="OK" sex="M " age="70" age_level="3" education="2" town="Waurika" county="Okla " land_regions="D" locality="R" date="1962" latitude="34.16391" longitude="-98.00149" file_name="LAO(INF014)5a 02 Sport and Play.mp3" path_to_file="LAP\Projects\LAO\Speakers\LAO(INF014)\Audio\LAO(INF014)5a\LAO(INF014)5a 02 Sport and Play.mp3"/>
	<entry id="1060140503" project="LAO" informant="INF014" reel="5a" region="3" narrative="_Q" label="Verbs_Modals" state="OK" sex="M " age="70" age_level="3" education="2" town="Waurika" county="Okla " land_regions="D" locality="R" date="1962" latitude="34.16391" longitude="-98.00149" file_name="LAO(INF014)5a 03 Verbs_Modals.mp3" path_to_file="LAP\Projects\LAO\Speakers\LAO(INF014)\Audio\LAO(INF014)5a\LAO(INF014)5a 03 Verbs_Modals.mp3"/>
	<entry id="1060140504" project="LAO" informant="INF014" reel="5a" region="4" narrative="_Q" label="Verbs_Principal Parts" state="OK" sex="M " age="70" age_level="3" education="2" town="Waurika" county="Okla " land_regions="D" locality="R" date="1962" latitude="34.16391" longitude="-98.00149" file_name="LAO(INF014)5a 04 Verbs_Principal Parts.mp3" path_to_file="LAP\Projects\LAO\Speakers\LAO(INF014)\Audio\LAO(INF014)5a\LAO(INF014)5a 04 Verbs_Principal Parts.mp3"/>
	<entry id="1060140505" project="LAO" informant="INF014" reel="5a" region="5" narrative="_Q" label="Time" state="OK" sex="M " age="70" age_level="3" education="2" town="Waurika" county="Okla " land_regions="D" locality="R" date="1962" latitude="34.16391" longitude="-98.00149" file_name="LAO(INF014)5a 05 Time.mp3" path_to_file="LAP\Projects\LAO\Speakers\LAO(INF014)\Audio\LAO(INF014)5a\LAO(INF014)5a 05 Time.mp3"/>
	<entry id="1060140506" project="LAO" informant="INF014" reel="5a" region="6" narrative="_Q" label="Time" state="OK" sex="M " age="70" age_level="3" education="2" town="Waurika" county="Okla " land_regions="D" locality="R" date="1962" latitude="34.16391" longitude="-98.00149" file_name="LAO(INF014)5a 06 Time.mp3" path_to_file="LAP\Projects\LAO\Speakers\LAO(INF014)\Audio\LAO(INF014)5a\LAO(INF014)5a 06 Time.mp3"/>
	<entry id="1060140507" project="LAO" informant="INF014" reel="5a" region="7" narrative="_Q" label="Clothing" state="OK" sex="M " age="70" age_level="3" education="2" town="Waurika" county="Okla " land_regions="D" locality="R" date="1962" latitude="34.16391" longitude="-98.00149" file_name="LAO(INF014)5a 07 Clothing.mp3" path_to_file="LAP\Projects\LAO\Speakers\LAO(INF014)\Audio\LAO(INF014)5a\LAO(INF014)5a 07 Clothing.mp3"/>
	<entry id="3060140501" project="LAO" informant="INF014" reel="5a" region="0" narrative="_I" label="Metadata" state="OK" sex="M " age="70" age_level="3" education="2" town="Waurika" county="Okla " land_regions="D" locality="R" date="1962" latitude="34.16391" longitude="-98.00149" file_name="LAO(INF014)5ameta.txt" path_to_file="LAP\Projects\LAO\Speakers\LAO(INF014)\Audio\LAO(INF014)5a\LAO(INF014)5ameta.txt"/>
	<entry id="1060140508" project="LAO" informant="INF014" reel="5b" region="1" narrative="_Q" label="Weather" state="OK" sex="M " age="70" age_level="3" education="2" town="Waurika" county="Okla " land_regions="D" locality="R" date="1962" latitude="34.16391" longitude="-98.00149" file_name="LAO(INF014)5b 01 Weather.mp3" path_to_file="LAP\Projects\LAO\Speakers\LAO(INF014)\Audio\LAO(INF014)5b\LAO(INF014)5b 01 Weather.mp3"/>
	<entry id="1060140509" project="LAO" informant="INF014" reel="5b" region="2" narrative="_Q" label="Vehicles" state="OK" sex="M " age="70" age_level="3" education="2" town="Waurika" county="Okla " land_regions="D" locality="R" date="1962" latitude="34.16391" longitude="-98.00149" file_name="LAO(INF014)5b 02 Vehicles.mp3" path_to_file="LAP\Projects\LAO\Speakers\LAO(INF014)\Audio\LAO(INF014)5b\LAO(INF014)5b 02 Vehicles.mp3"/>
	<entry id="1060140510" project="LAO" informant="INF014" reel="5b" region="3" narrative="_Q" label="The Farm" state="OK" sex="M " age="70" age_level="3" education="2" town="Waurika" county="Okla " land_regions="D" locality="R" date="1962" latitude="34.16391" longitude="-98.00149" file_name="LAO(INF014)5b 03 The Farm.mp3" path_to_file="LAP\Projects\LAO\Speakers\LAO(INF014)\Audio\LAO(INF014)5b\LAO(INF014)5b 03 The Farm.mp3"/>
	<entry id="1060140511" project="LAO" informant="INF014" reel="5b" region="4" narrative="_Q" label="Clothing" state="OK" sex="M " age="70" age_level="3" education="2" town="Waurika" county="Okla " land_regions="D" locality="R" date="1962" latitude="34.16391" longitude="-98.00149" file_name="LAO(INF014)5b 04 Clothing.mp3" path_to_file="LAP\Projects\LAO\Speakers\LAO(INF014)\Audio\LAO(INF014)5b\LAO(INF014)5b 04 Clothing.mp3"/>
	<entry id="1060140512" project="LAO" informant="INF014" reel="5b" region="5" narrative="_Q" label="Personal Characterisitcs" state="OK" sex="M " age="70" age_level="3" education="2" town="Waurika" county="Okla " land_regions="D" locality="R" date="1962" latitude="34.16391" longitude="-98.00149" file_name="LAO(INF014)5b 05 Personal Characterisitcs.mp3" path_to_file="LAP\Projects\LAO\Speakers\LAO(INF014)\Audio\LAO(INF014)5b\LAO(INF014)5b 05 Personal Characterisitcs.mp3"/>
	<entry id="1060140513" project="LAO" informant="INF014" reel="5b" region="6" narrative="_Q" label="Food and Cooking" state="OK" sex="M " age="70" age_level="3" education="2" town="Waurika" county="Okla " land_regions="D" locality="R" date="1962" latitude="34.16391" longitude="-98.00149" file_name="LAO(INF014)5b 06 Food and Cooking.mp3" path_to_file="LAP\Projects\LAO\Speakers\LAO(INF014)\Audio\LAO(INF014)5b\LAO(INF014)5b 06 Food and Cooking.mp3"/>
	<entry id="1060140514" project="LAO" informant="INF014" reel="5b" region="7" narrative="_Q" label="Vegetables" state="OK" sex="M " age="70" age_level="3" education="2" town="Waurika" county="Okla " land_regions="D" locality="R" date="1962" latitude="34.16391" longitude="-98.00149" file_name="LAO(INF014)5b 07 Vegetables.mp3" path_to_file="LAP\Projects\LAO\Speakers\LAO(INF014)\Audio\LAO(INF014)5b\LAO(INF014)5b 07 Vegetables.mp3"/>
	<entry id="3060140502" project="LAO" informant="INF014" reel="5b" region="0" narrative="_I" label="Metadata" state="OK" sex="M " age="70" age_level="3" education="2" town="Waurika" county="Okla " land_regions="D" locality="R" date="1962" latitude="34.16391" longitude="-98.00149" file_name="LAO(INF014)5bmeta.txt" path_to_file="LAP\Projects\LAO\Speakers\LAO(INF014)\Audio\LAO(INF014)5b\LAO(INF014)5bmeta.txt"/>
	<entry id="1060140515" project="LAO" informant="INF014" reel="5c" region="1" narrative="_Q" label="Sport and Play" state="OK" sex="M " age="70" age_level="3" education="2" town="Waurika" county="Okla " land_regions="D" locality="R" date="1962" latitude="34.16391" longitude="-98.00149" file_name="LAO(INF014)5c 01 Sport and Play.mp3" path_to_file="LAP\Projects\LAO\Speakers\LAO(INF014)\Audio\LAO(INF014)5c\LAO(INF014)5c 01 Sport and Play.mp3"/>
	<entry id="1060140516" project="LAO" informant="INF014" reel="5c" region="2" narrative="_Q" label="Verbs_Principal Parts" state="OK" sex="M " age="70" age_level="3" education="2" town="Waurika" county="Okla " land_regions="D" locality="R" date="1962" latitude="34.16391" longitude="-98.00149" file_name="LAO(INF014)5c 02 Verbs_Principal Parts.mp3" path_to_file="LAP\Projects\LAO\Speakers\LAO(INF014)\Audio\LAO(INF014)5c\LAO(INF014)5c 02 Verbs_Principal Parts.mp3"/>
	<entry id="1060140517" project="LAO" informant="INF014" reel="5c" region="3" narrative="_Q" label="Verbs_Be" state="OK" sex="M " age="70" age_level="3" education="2" town="Waurika" county="Okla " land_regions="D" locality="R" date="1962" latitude="34.16391" longitude="-98.00149" file_name="LAO(INF014)5c 03 Verbs_Be, Have, Do.mp3" path_to_file="LAP\Projects\LAO\Speakers\LAO(INF014)\Audio\LAO(INF014)5c\LAO(INF014)5c 03 Verbs_Be, Have, Do.mp3"/>
	<entry id="1060140518" project="LAO" informant="INF014" reel="5c" region="4" narrative="_Q" label="Names, Titles and Occupations" state="OK" sex="M " age="70" age_level="3" education="2" town="Waurika" county="Okla " land_regions="D" locality="R" date="1962" latitude="34.16391" longitude="-98.00149" file_name="LAO(INF014)5c 04 Names, Titles and Occupations.mp3" path_to_file="LAP\Projects\LAO\Speakers\LAO(INF014)\Audio\LAO(INF014)5c\LAO(INF014)5c 04 Names, Titles and Occupations.mp3"/>
	<entry id="1060140519" project="LAO" informant="INF014" reel="5c" region="5" narrative="_Q" label="Geography" state="OK" sex="M " age="70" age_level="3" education="2" town="Waurika" county="Okla " land_regions="D" locality="R" date="1962" latitude="34.16391" longitude="-98.00149" file_name="LAO(INF014)5c 05 Geography.mp3" path_to_file="LAP\Projects\LAO\Speakers\LAO(INF014)\Audio\LAO(INF014)5c\LAO(INF014)5c 05 Geography.mp3"/>
	<entry id="3060140503" project="LAO" informant="INF014" reel="5c" region="0" narrative="_I" label="Metadata" state="OK" sex="M " age="70" age_level="3" education="2" town="Waurika" county="Okla " land_regions="D" locality="R" date="1962" latitude="34.16391" longitude="-98.00149" file_name="LAO(INF014)5cmeta.txt" path_to_file="LAP\Projects\LAO\Speakers\LAO(INF014)\Audio\LAO(INF014)5c\LAO(INF014)5cmeta.txt"/>
	<entry id="3060140001" project="LAO" informant="INF014" reel="0" region="0" narrative="_I" label="Biographical Information" state="OK" sex="M " age="70" age_level="3" education="2" town="Waurika" county="Okla " land_regions="D" locality="R" date="1962" latitude="34.16391" longitude="-98.00149" file_name="LAO(INF014)BIO.txt" path_to_file="LAP\Projects\LAO\Speakers\LAO(INF014)\Text\LAO(INF014)BIO.txt"/>
</Audio>