<?xml version="1.0" encoding="ISO-8859-1"?>
<!DOCTYPE Trans SYSTEM "trans-14.dtd">
<Trans scribe="scott_kunkel" audio_filename="270_7_hpf" version="3" version_date="170901">
<Speakers>
<Speaker id="spk1" name="Interviewer" check="no" dialect="native" accent="" scope="local"/>
<Speaker id="spk2" name="270" check="no" dialect="native" accent="" scope="local"/>
</Speakers>
<Episode>
<Section type="report" startTime="0" endTime="646.592">
<Turn startTime="0" endTime="1.363">
<Sync time="0"/>
{C: silence}
</Turn>
<Turn speaker="spk1" startTime="1.363" endTime="5.318">
<Sync time="1.363"/>
ever
<Sync time="1.709"/>

<Sync time="1.831"/>
uh call a toy anything else?
<Sync time="3.401"/>

</Turn>
<Turn speaker="spk2" startTime="5.318" endTime="6.557">
<Sync time="5.318"/>
Mm-mm.
<Sync time="6.248"/>

</Turn>
<Turn speaker="spk1" startTime="6.557" endTime="26.758">
<Sync time="6.557"/>
Okay.
<Sync time="7.168"/>

<Sync time="7.677"/>
Um
<Sync time="8.09"/>

<Sync time="8.516"/>
{NS}
<Sync time="9.411"/>

<Sync time="14.081"/>
okay
<Sync time="14.528"/>
if uh
<Sync time="15.242"/>

<Sync time="16.747"/>
somebody has a book of yours
<Sync time="17.969"/>

<Sync time="19.169"/>
you might say uh
<Sync time="20.124"/>

<Sync time="23.66"/>
will you please
<Sync time="24.659"/>

<Sync time="24.782"/>
do what to the book?
<Sync time="25.719"/>

</Turn>
<Turn speaker="spk2" startTime="26.758" endTime="27.673">
<Sync time="26.758"/>
Give it back?
</Turn>
<Turn speaker="spk1" startTime="27.673" endTime="30.658">
<Sync time="27.673"/>
Okay.
<Sync time="28.264"/>

<Sync time="28.671"/>
And yesterday they
</Turn>
<Turn speaker="spk2" startTime="30.658" endTime="31.728">
<Sync time="30.658"/>
Gave it back.
</Turn>
<Turn speaker="spk1" startTime="31.728" endTime="33.633">
<Sync time="31.728"/>
Okay and several times they have
<Sync time="33.348"/>

</Turn>
<Turn speaker="spk2" startTime="33.633" endTime="34.589">
<Sync time="33.633"/>
Given it back.
</Turn>
<Turn speaker="spk1" startTime="34.589" endTime="61.640">
<Sync time="34.589"/>
Okay.
<Sync time="35.224"/>

<Sync time="35.693"/>
Uh
<Sync time="36.128"/>

<Sync time="37.408"/>
have w-
<Sync time="38.038"/>

<Sync time="38.272"/>
have you ever
<Sync time="38.721"/>

<Sync time="39.8"/>
do you ever
<Sync time="40.532"/>
uh
<Sync time="41.122"/>

<Sync time="45.148"/>
do you
<Sync time="45.759"/>
{NS}
<Sync time="48.296"/>
s-
<Sync time="48.602"/>
{NS}
<Sync time="49.927"/>
{D: if you'll}
<Sync time="50.313"/>

<Sync time="50.538"/>
going for a walk or something 
<Sync time="51.701"/>
down the road
<Sync time="52.449"/>

<Sync time="53.12"/>
and
<Sync time="53.588"/>

<Sync time="54.178"/>
halfway down the road
<Sync time="55.237"/>

<Sync time="55.887"/>
it started to rain
<Sync time="56.76"/>

<Sync time="57.634"/>
you might say
<Sync time="58.389"/>

<Sync time="59.488"/>
I was halfway down the road when it be-
<Sync time="61.134"/>

</Turn>
<Turn speaker="spk2 spk1" startTime="61.640" endTime="61.904">
<Sync time="61.640"/>
<Who nb="1"/>
Began
<Who nb="2"/>
when it
</Turn>
<Turn speaker="spk2" startTime="61.904" endTime="62.578">
<Sync time="61.904"/>
to rain.
<Sync time="62.435"/>
{NW}
</Turn>
<Turn speaker="spk1" startTime="62.578" endTime="63.414">
<Sync time="62.578"/>
Okay.
</Turn>
<Turn speaker="spk2" startTime="63.414" endTime="63.639">
<Sync time="63.414"/>
{NW}
</Turn>
<Turn speaker="spk1 spk2" startTime="63.639" endTime="64.11">
<Sync time="63.639"/>
<Who nb="1"/>
Um

<Who nb="2"/>
{NW}
</Turn>
<Turn speaker="spk1" startTime="64.11" endTime="67.289">
<Sync time="64.11"/>
Then you might look up and say
<Sync time="65.21"/>
I think it's going to
</Turn>
<Turn speaker="spk2" startTime="67.289" endTime="70.602">
<Sync time="67.289"/>
Start
<Sync time="68.053"/>
going to
<Sync time="68.835"/>

<Sync time="69.95"/>
rain.
</Turn>
<Turn speaker="spk1" startTime="70.602" endTime="71.539">
<Sync time="70.602"/>
Okay.
<Sync time="71.256"/>
Um
</Turn>
<Turn speaker="spk2" startTime="71.539" endTime="72.622">
<Sync time="71.539"/>
Pour down.
</Turn>
<Turn speaker="spk1" startTime="72.622" endTime="76.304">
<Sync time="72.622"/>
Or you might say it's
<Sync time="73.944"/>

</Turn>
<Turn speaker="spk2 spk1" startTime="76.304" endTime="77.608">
<Sync time="76.304"/>
<Who nb="1"/>
it's

<Who nb="2"/>
it's
<Sync time="76.702"/>
<Who nb="1"/>

<Who nb="2"/>

</Turn>
<Turn speaker="spk2" startTime="77.608" endTime="78.686">
<Sync time="77.608"/>
It's going to rain.
</Turn>
<Turn speaker="spk1" startTime="78.686" endTime="96.683">
<Sync time="78.686"/>
Okay.
<Sync time="79.217"/>

<Sync time="79.644"/>
Um
<Sync time="80.07"/>

<Sync time="83.564"/>
Or you might say
<Sync time="84.317"/>

<Sync time="84.338"/>
uh
<Sync time="84.826"/>

<Sync time="88.699"/>
I'm
<Sync time="89.025"/>

<Sync time="89.148"/>
uh
<Sync time="89.76"/>
{X}
<Sync time="90.697"/>

<Sync time="91.755"/>
uh
<Sync time="92.263"/>

<Sync time="92.895"/>
okay then you might say several times
<Sync time="94.726"/>

<Sync time="95.175"/>
it has
<Sync time="96.234"/>

</Turn>
<Turn speaker="spk2" startTime="96.683" endTime="97.52">
<Sync time="96.683"/>
Rained.
<Sync time="97.234"/>

</Turn>
<Turn speaker="spk1" startTime="97.52" endTime="103.029">
<Sync time="97.52"/>
Okay.
<Sync time="98.254"/>

<Sync time="98.417"/>
Um
<Sync time="98.806"/>

<Sync time="99.111"/>
Would you ever use commence?
<Sync time="100.339"/>

<Sync time="100.415"/>
{D: Uh}
<Sync time="100.869"/>
comme- commence to eat or
<Sync time="102.173"/>

</Turn>
<Turn speaker="spk2" startTime="103.029" endTime="103.927">
<Sync time="103.029"/>
{NW}
<Sync time="103.234"/>
No.
</Turn>
<Turn speaker="spk1" startTime="103.927" endTime="104.375">
<Sync time="103.927"/>
No?
</Turn>
<Turn speaker="spk2 spk1" startTime="104.375" endTime="105.598">
<Sync time="104.375"/>
<Who nb="1"/>
Mm-mm.
<Who nb="2"/>
Okay.
<Sync time="104.865"/>
<Who nb="1"/>

<Who nb="2"/>

</Turn>
<Turn speaker="spk1" startTime="105.598" endTime="119.479">
<Sync time="105.598"/>
Uh
<Sync time="106.004"/>

<Sync time="113.870"/>
okay what
<Sync time="114.297"/>

<Sync time="114.724"/>
would 
<Sync time="114.9"/>
{D: there}
<Sync time="115.022"/>
be
<Sync time="115.336"/>

<Sync time="116.232"/>
okay then you might say
<Sync time="117.271"/>

<Sync time="117.618"/>
what time does the show
<Sync time="119.087"/>

</Turn>
<Turn speaker="spk2" startTime="119.479" endTime="120.575">
<Sync time="119.479"/>
start?
<Sync time="120.218"/>

</Turn>
<Turn speaker="spk1" startTime="120.575" endTime="123.724">
<Sync time="120.575"/>
Okay, is there another word that begins with B?
<Sync time="122.854"/>

</Turn>
<Turn speaker="spk2" startTime="123.724" endTime="124.583">
<Sync time="123.724"/>
Begin.
</Turn>
<Turn speaker="spk1 spk2" startTime="124.583" endTime="124.85">
<Sync time="124.583"/>
<Who nb="1"/>
{X}
<Who nb="2"/>
{NW}
</Turn>
<Turn speaker="spk2" startTime="124.85" endTime="125.705">
<Sync time="124.85"/>
{NW}
</Turn>
<Turn speaker="spk1 spk2" startTime="125.705" endTime="127.252">
<Sync time="125.705"/>
<Who nb="1"/>
Okay.
<Who nb="2"/>
{NW}
<Sync time="126.315"/>
<Who nb="1"/>

<Who nb="2"/>

</Turn>
<Turn speaker="spk1" startTime="127.252" endTime="132.897">
<Sync time="127.252"/>
Uh let's see, long day.
<Sync time="128.394"/>

<Sync time="129.169"/>
Okay uh
<Sync time="129.861"/>

<Sync time="130.105"/>
horses gallop
<Sync time="131.063"/>

<Sync time="131.613"/>
but people
<Sync time="132.511"/>

</Turn>
<Turn speaker="spk2" startTime="132.897" endTime="134.631">
<Sync time="132.897"/>
Walk and run.
</Turn>
<Turn speaker="spk1" startTime="134.631" endTime="137.543">
<Sync time="134.631"/>
Right okay.
<Sync time="135.367"/>

<Sync time="135.735"/>
Okay then you might say
<Sync time="136.616"/>
yesterday I
</Turn>
<Turn speaker="spk2" startTime="137.543" endTime="138.43">
<Sync time="137.543"/>
Ran.
</Turn>
<Turn speaker="spk1" startTime="138.43" endTime="140.430">
<Sync time="138.43"/>
Okay.
<Sync time="138.9"/>

<Sync time="139.043"/>
And several times I have
</Turn>
<Turn speaker="spk2" startTime="140.430" endTime="143.585">
<Sync time="140.430"/>
{NW}
<Sync time="141.304"/>
Uh
<Sync time="141.854"/>

<Sync time="142.77"/>
ran.
<Sync time="143.483"/>
{NW}
</Turn>
<Turn speaker="spk1" startTime="143.585" endTime="153.807">
<Sync time="143.585"/>
Okay.
<Sync time="144.115"/>

<Sync time="144.726"/>
Uh
<Sync time="145.155"/>

<Sync time="148.308"/>
okay if you didn't know where a man was born
<Sync time="150.527"/>

<Sync time="151.179"/>
you might ask
<Sync time="151.87"/>

<Sync time="152.318"/>
where does he
<Sync time="153.009"/>

</Turn>
<Turn speaker="spk2" startTime="153.807" endTime="154.960">
<Sync time="153.807"/>
Live?
</Turn>
<Turn speaker="spk1" startTime="154.960" endTime="156.335">
<Sync time="154.960"/>
or
<Sync time="155.428"/>

<Sync time="155.779"/>
where does he
</Turn>
<Turn speaker="spk2" startTime="156.335" endTime="157.002">
<Sync time="156.335"/>
Come from.
</Turn>
<Turn speaker="spk1" startTime="157.002" endTime="161.350">
<Sync time="157.002"/>
Okay.
<Sync time="157.466"/>

<Sync time="157.872"/>
Uh-huh.
<Sync time="158.383"/>

<Sync time="159.363"/>
Then you might say last night
<Sync time="160.835"/>
he
</Turn>
<Turn speaker="spk2" startTime="161.350" endTime="162.566">
<Sync time="161.350"/>
Came from.
</Turn>
<Turn speaker="spk1" startTime="162.566" endTime="166.740">
<Sync time="162.566"/>
Okay.
<Sync time="163.178"/>

<Sync time="163.570"/>
And several times he has
<Sync time="165.016"/>

</Turn>
<Turn speaker="spk2" startTime="166.740" endTime="167.881">
<Sync time="166.740"/>
Came from?
</Turn>
<Turn speaker="spk1" startTime="167.881" endTime="179.74">
<Sync time="167.881"/>
Okay.
<Sync time="168.371"/>

<Sync time="172.392"/>
Okay uh
<Sync time="173.23"/>

<Sync time="177.522"/>
wha- what do you do with your eyes?
<Sync time="179.027"/>

<Sync time="179.211"/>
You
</Turn>
<Turn speaker="spk2" startTime="179.74" endTime="181.347">
<Sync time="179.74"/>
Look.
<Sync time="180.473"/>

</Turn>
<Turn speaker="spk1" startTime="181.347" endTime="181.86">
<Sync time="181.347"/>
{NW}
</Turn>
<Turn speaker="spk2" startTime="181.86" endTime="181.981">
<Sync time="181.86"/>
{NW}
</Turn>
<Turn speaker="spk1 spk2" startTime="181.981" endTime="182.532">
<Sync time="181.981"/>
<Who nb="1"/>
Or
<Who nb="2"/>
see
</Turn>
<Turn speaker="spk2" startTime="182.532" endTime="182.756">
<Sync time="182.532"/>
{NW}
</Turn>
<Turn speaker="spk1 spk2" startTime="182.756" endTime="183.612">
<Sync time="182.756"/>
<Who nb="1"/>
Okay.

<Who nb="2"/>
{NW}
</Turn>
<Turn speaker="spk1" startTime="183.612" endTime="184.897">
<Sync time="183.612"/>
Then you might say yesterday I
</Turn>
<Turn speaker="spk2" startTime="184.897" endTime="185.731">
<Sync time="184.897"/>
Saw.
</Turn>
<Turn speaker="spk1" startTime="185.731" endTime="186.977">
<Sync time="185.731"/>
And several times I have
</Turn>
<Turn speaker="spk2" startTime="186.977" endTime="187.701">
<Sync time="186.977"/>
Seen.
</Turn>
<Turn speaker="spk1" startTime="187.701" endTime="195.666">
<Sync time="187.701"/>
okay.
<Sync time="188.261"/>

<Sync time="188.852"/>
Um
<Sync time="189.281"/>

<Sync time="189.857"/>
if you can't get through
<Sync time="191.039"/>

<Sync time="191.202"/>
a road
<Sync time="191.694"/>

<Sync time="191.877"/>
because the highway 
<Sync time="192.63"/>
department's got their machines in it
<Sync time="193.996"/>

<Sync time="194.223"/>
you might say the road's all
</Turn>
<Turn speaker="spk2" startTime="195.666" endTime="196.65">
<Sync time="195.666"/>
Tore up.
</Turn>
<Turn speaker="spk1" startTime="196.65" endTime="208.774">
<Sync time="196.65"/>
Okay.
<Sync time="197.262"/>

<Sync time="197.834"/>
Um
<Sync time="198.264"/>

<Sync time="202.295"/>
okay the
<Sync time="202.888"/>

<Sync time="203.112"/>
if you
<Sync time="203.683"/>

<Sync time="203.765"/>
give somebody a bracelet you might say
<Sync time="205.665"/>

<Sync time="205.852"/>
to him
<Sync time="206.444"/>

<Sync time="206.777"/>
why don't you
<Sync time="207.592"/>

</Turn>
<Turn speaker="spk2" startTime="208.774" endTime="209.589">
<Sync time="208.774"/>
Wear it?
<Sync time="209.384"/>

</Turn>
<Turn speaker="spk1" startTime="209.589" endTime="214.454">
<Sync time="209.589"/>
Or
<Sync time="210.081"/>

<Sync time="210.346"/>
you just give it to him, you might say why don't you
<Sync time="212.386"/>

<Sync time="213.958"/>
put
</Turn>
<Turn speaker="spk2" startTime="214.454" endTime="216.148">
<Sync time="214.454"/>
Put the bracelet on?
</Turn>
<Turn speaker="spk1" startTime="216.148" endTime="219.483">
<Sync time="216.148"/>
Okay.
<Sync time="216.585"/>

<Sync time="217.372"/>
So the opposite of take it off is
<Sync time="219.114"/>

</Turn>
<Turn speaker="spk2" startTime="219.483" endTime="220.958">
<Sync time="219.483"/>
Put on.
<Sync time="220.338"/>
Put it on.
</Turn>
<Turn speaker="spk1" startTime="220.958" endTime="236.712">
<Sync time="220.958"/>
Okay.
<Sync time="221.591"/>

<Sync time="222.02"/>
Um
<Sync time="222.493"/>

<Sync time="228.563"/>
okay
<Sync time="229.114"/>
um
<Sync time="229.541"/>

<Sync time="230.233"/>
if your sister went out
<Sync time="231.33"/>
um
<Sync time="231.839"/>

<Sync time="232.41"/>
and
<Sync time="232.979"/>
painted a picture
<Sync time="233.915"/>

<Sync time="234.565"/>
you might say
<Sync time="235.36"/>

<Sync time="235.645"/>
who
<Sync time="236.197"/>

</Turn>
<Turn speaker="spk2" startTime="236.712" endTime="238.214">
<Sync time="236.712"/>
Painted that picture.
</Turn>
<Turn speaker="spk1" startTime="238.214" endTime="242.509">
<Sync time="238.214"/>
Okay
<Sync time="238.723"/>
or if you want to say it
<Sync time="239.654"/>

<Sync time="239.659"/>
shorter form,
<Sync time="240.82"/>
who
<Sync time="241.267"/>

<Sync time="241.878"/>
did
<Sync time="242.285"/>

</Turn>
<Turn speaker="spk2" startTime="242.509" endTime="243.528">
<Sync time="242.509"/>
{NW}
<Sync time="242.581"/>
who did this?
<Sync time="243.304"/>

</Turn>
<Turn speaker="spk1" startTime="243.528" endTime="248.194">
<Sync time="243.528"/>
Okay.
<Sync time="244.143"/>

<Sync time="244.733"/>
Uh
<Sync time="245.181"/>

<Sync time="246.321"/>
then you might say yesterday
<Sync time="247.726"/>
she
</Turn>
<Turn speaker="spk2" startTime="248.194" endTime="248.947">
<Sync time="248.194"/>
Did it.
</Turn>
<Turn speaker="spk1" startTime="248.947" endTime="251.633">
<Sync time="248.947"/>
Okay.
<Sync time="249.479"/>

<Sync time="249.907"/>
And she has
<Sync time="250.867"/>

</Turn>
<Turn speaker="spk2" startTime="251.633" endTime="252.252">
<Sync time="251.633"/>
Done it.
</Turn>
<Turn speaker="spk1" startTime="252.252" endTime="258.734">
<Sync time="252.252"/>
Okay.
<Sync time="253.026"/>

<Sync time="253.535"/>
Um
<Sync time="253.963"/>

<Sync time="255.635"/>
and if somebody was asking you
<Sync time="257.02"/>
they might say
<Sync time="257.814"/>

<Sync time="258.019"/>
did you
<Sync time="258.57"/>

</Turn>
<Turn speaker="spk2" startTime="258.734" endTime="259.447">
<Sync time="258.734"/>
Do this.
</Turn>
<Turn speaker="spk1" startTime="259.447" endTime="267.121">
<Sync time="259.447"/>
okay.
<Sync time="260.119"/>

<Sync time="260.588"/>
Uh
<Sync time="260.996"/>

<Sync time="263.085"/>
okay then the opposite of
<Sync time="264.753"/>

<Sync time="265.792"/>
something would 
<Sync time="266.811"/>

</Turn>
<Turn speaker="spk2" startTime="267.121" endTime="267.969">
<Sync time="267.121"/>
Nothing.
</Turn>
<Turn speaker="spk1" startTime="267.969" endTime="270.899">
<Sync time="267.969"/>
Okay.
<Sync time="268.519"/>

<Sync time="268.966"/>
And the opposite of nothing would be
<Sync time="270.473"/>

</Turn>
<Turn speaker="spk2" startTime="270.899" endTime="271.675">
<Sync time="270.899"/>
Something.
</Turn>
<Turn speaker="spk1" startTime="271.675" endTime="292.863">
<Sync time="271.675"/>
Okay.
<Sync time="272.165"/>

<Sync time="273.53"/>
Um
<Sync time="274.083"/>

<Sync time="278.744"/>
okay in the sentence uh
<Sync time="279.885"/>

<Sync time="280.575"/>
I've ner- 
<Sync time="281.308"/>
never heard
<Sync time="282.081"/>
of
<Sync time="282.549"/>

<Sync time="282.795"/>
what things?
<Sync time="283.446"/>

<Sync time="284.599"/>
It begins with an S.
<Sync time="285.522"/>

<Sync time="286.804"/>
I've never heard of
<Sync time="287.699"/>

<Sync time="291.085"/>
su-
<Sync time="291.575"/>

</Turn>
<Turn speaker="spk2" startTime="292.863" endTime="293.899">
<Sync time="292.863"/>
Such things.
</Turn>
<Turn speaker="spk1" startTime="293.899" endTime="299.482">
<Sync time="293.899"/>
Okay.
<Sync time="294.551"/>

<Sync time="294.957"/>
Um
<Sync time="295.469"/>

<Sync time="296.751"/>
okay and the opposite of never is
<Sync time="298.626"/>

</Turn>
<Turn speaker="spk2" startTime="299.482" endTime="300.268">
<Sync time="299.482"/>
Always.
</Turn>
<Turn speaker="spk1" startTime="300.268" endTime="307.960">
<Sync time="300.268"/>
Okay.
<Sync time="300.912"/>

<Sync time="301.279"/>
Um
<Sync time="301.755"/>

<Sync time="303.260"/>
then you might say I've got thrown once 
<Sync time="305.114"/>
and I've been scared of horses ever
<Sync time="306.868"/>

</Turn>
<Turn speaker="spk2" startTime="307.960" endTime="309.217">
<Sync time="307.960"/>
T- What?
<Sync time="308.831"/>

</Turn>
<Turn speaker="spk1" startTime="309.217" endTime="309.482">
<Sync time="309.217"/>
{NW}
</Turn>
<Turn speaker="spk2" startTime="309.482" endTime="314.203">
<Sync time="309.482"/>
Oh
<Sync time="309.991"/>

<Sync time="311.182"/>
no, I don't know.
<Sync time="312.201"/>

</Turn>
<Turn speaker="spk1" startTime="314.203" endTime="316.851">
<Sync time="314.203"/>
I've been scared of horses ever
<Sync time="315.833"/>

<Sync time="316.138"/>
s-
<Sync time="316.574"/>

</Turn>
<Turn speaker="spk2" startTime="316.851" endTime="317.531">
<Sync time="316.851"/>
Since.
</Turn>
<Turn speaker="spk1" startTime="317.531" endTime="318.346">
<Sync time="317.531"/>
okay.
</Turn>
<Turn speaker="spk2" startTime="318.346" endTime="320.083">
<Sync time="318.346"/>
Oh.
<Sync time="319.116"/>

</Turn>
<Turn speaker="spk1" startTime="320.083" endTime="320.837">
<Sync time="320.083"/>
{X}
<Sync time="320.531"/>
{D: clue when you}
</Turn>
<Turn speaker="spk2" startTime="320.837" endTime="322.08">
<Sync time="320.837"/>
I didn't understand you.
</Turn>
<Turn speaker="spk1" startTime="322.08" endTime="338.877">
<Sync time="322.08"/>
Okay.
<Sync time="322.754"/>

<Sync time="323.081"/>
Um
<Sync time="323.45"/>

<Sync time="328.645"/>
okay if somebody uh
<Sync time="329.806"/>

<Sync time="335.003"/>
if you wanted to know something you might
<Sync time="336.49"/>

<Sync time="336.654"/>
go up to him 
<Sync time="337.59"/>

<Sync time="338.078"/>
and
<Sync time="338.713"/>

</Turn>
<Turn speaker="spk2" startTime="338.877" endTime="339.914">
<Sync time="338.877"/>
Ask him.
<Sync time="339.609"/>

</Turn>
<Turn speaker="spk1" startTime="339.914" endTime="347.306">
<Sync time="339.914"/>
Okay.
<Sync time="340.565"/>

<Sync time="341.014"/>
Um
<Sync time="341.505"/>

<Sync time="345.155"/>
then you might say
<Sync time="345.909"/>

<Sync time="346.093"/>
yesterday he
<Sync time="347.09"/>

</Turn>
<Turn speaker="spk2" startTime="347.306" endTime="348.477">
<Sync time="347.306"/>
Asked you
</Turn>
<Turn speaker="spk1" startTime="348.477" endTime="357.969">
<Sync time="348.477"/>
Okay.
<Sync time="349.201"/>

<Sync time="349.751"/>
Um
<Sync time="350.138"/>

<Sync time="350.689"/>
and then somebody might ask you
<Sync time="351.952"/>
I mean I don't care
<Sync time="352.913"/>

<Sync time="353.137"/>
somebody might uh say to you
<Sync time="354.542"/>

<Sync time="354.867"/>
um
<Sync time="355.334"/>

<Sync time="355.761"/>
why don't you
<Sync time="356.534"/>

</Turn>
<Turn speaker="spk2" startTime="357.969" endTime="358.971">
<Sync time="357.969"/>
Ask?
</Turn>
<Turn speaker="spk1" startTime="358.971" endTime="366.886">
<Sync time="358.971"/>
Okay.
<Sync time="359.573"/>

<Sync time="360.122"/>
Um
<Sync time="360.49"/>

<Sync time="361.814"/>
okay and then you
<Sync time="362.484"/>

<Sync time="362.789"/>
might say
<Sync time="363.462"/>

<Sync time="363.713"/>
every time those boys get together they
<Sync time="365.708"/>

</Turn>
<Turn speaker="spk2" startTime="366.886" endTime="368.396">
<Sync time="366.886"/>
They are nothing but trouble.
</Turn>
<Turn speaker="spk1 spk2" startTime="368.396" endTime="370.408">
<Sync time="368.396"/>
<Who nb="1"/>
{D: They're like} {NW}

<Who nb="2"/>
{NW}
</Turn>
<Turn speaker="spk2" startTime="370.408" endTime="372.892">
<Sync time="370.408"/>
Um
<Sync time="370.898"/>

<Sync time="371.876"/>
they fight?
<Sync time="372.583"/>

</Turn>
<Turn startTime="372.892" endTime="373.503" speaker="spk1">
<Sync time="372.892"/>
Okay.
</Turn>
<Turn startTime="373.503" endTime="373.969" speaker="spk2">
<Sync time="373.503"/>
Oh.
</Turn>
<Turn startTime="373.969" endTime="375.054" speaker="spk1">
<Sync time="373.969"/>
Then yesterday they
</Turn>
<Turn speaker="spk2" startTime="375.054" endTime="375.902">
<Sync time="375.054"/>
Fought.
</Turn>
<Turn speaker="spk1" startTime="375.902" endTime="377.766">
<Sync time="375.902"/>
okay and several times they have
<Sync time="377.444"/>

</Turn>
<Turn speaker="spk2" startTime="377.766" endTime="378.612">
<Sync time="377.766"/>
Fought.
<Sync time="378.290"/>
{NW}
</Turn>
<Turn speaker="spk1" startTime="378.612" endTime="388.002">
<Sync time="378.612"/>
Okay.
<Sync time="379.15"/>

<Sync time="379.723"/>
Um
<Sync time="380.017"/>

<Sync time="380.265"/>
{C: rustling papers}
<Sync time="381.328"/>
if somebody uh
<Sync time="382.086"/>

<Sync time="385.171"/>
{NS}
<Sync time="385.693"/>
took a
<Sync time="386.126"/>

<Sync time="387.154"/>
a knife
<Sync time="387.721"/>

</Turn>
<Turn speaker="spk2" startTime="388.002" endTime="388.665">
<Sync time="388.002"/>
Mm-hmm.
</Turn>
<Turn speaker="spk1" startTime="388.665" endTime="391.395">
<Sync time="388.665"/>
yesterday
<Sync time="389.288"/>

</Turn>
<Turn speaker="spk1 spk2" startTime="391.395" endTime="392.149">
<Sync time="391.395"/>
<Who nb="1"/>
and

<Who nb="2"/>
{X}
</Turn>
<Turn speaker="spk1" startTime="392.149" endTime="393.605">
<Sync time="392.149"/>
they did what to somebody else?
</Turn>
<Turn speaker="spk2" startTime="393.605" endTime="394.466">
<Sync time="393.605"/>
Cut
<Sync time="394.190"/>

</Turn>
<Turn speaker="spk1" startTime="394.466" endTime="395.841">
<Sync time="394.466"/>
Or
<Sync time="394.909"/>

<Sync time="395.024"/>
{C: popping noise}
<Sync time="395.378"/>

</Turn>
<Turn speaker="spk2" startTime="395.841" endTime="397.876">
<Sync time="395.841"/>
{NW}
<Sync time="396.097"/>

<Sync time="396.578"/>
killed?
<Sync time="397.136"/>

</Turn>
<Turn speaker="spk1" startTime="397.876" endTime="398.461">
<Sync time="397.876"/>
Or
<Sync time="398.174"/>

</Turn>
<Turn speaker="spk2" startTime="398.461" endTime="399.309">
<Sync time="398.461"/>
Stabbed.
</Turn>
<Turn speaker="spk2 spk1" startTime="399.309" endTime="399.688">
<Sync time="399.309"/>
<Who nb="1"/>
{NW}
<Who nb="2"/>
There you
</Turn>
<Turn speaker="spk1" startTime="399.688" endTime="399.947">
<Sync time="399.688"/>
go.
</Turn>
<Turn speaker="spk2" startTime="399.947" endTime="400.409">
<Sync time="399.947"/>
{NW}
</Turn>
<Turn speaker="spk1" startTime="400.409" endTime="405.564">
<Sync time="400.409"/>
Um
<Sync time="400.809"/>

<Sync time="401.46"/>
okay if there's a funny picture on the blackboard, the teacher asks
<Sync time="404.397"/>
who
<Sync time="404.867"/>

</Turn>
<Turn speaker="spk2 spk1" startTime="405.564" endTime="406.277">
<Sync time="405.564"/>
<Who nb="1"/>
Drew.

<Who nb="2"/>
that?
</Turn>
<Turn speaker="spk1 spk2" startTime="406.277" endTime="407.432">
<Sync time="406.277"/>
<Who nb="1"/>
Okay.
<Who nb="2"/>
{X}
<Sync time="406.771"/>
<Who nb="1"/>

<Who nb="2"/>

</Turn>
<Turn speaker="spk2" startTime="407.432" endTime="408.789">
<Sync time="407.432"/>
{NW}
<Sync time="408.061"/>

<Sync time="408.588"/>
{NW}
</Turn>
<Turn speaker="spk1" startTime="408.789" endTime="410.126">
<Sync time="408.789"/>
They'd say who
<Sync time="409.765"/>

</Turn>
<Turn speaker="spk2" startTime="410.126" endTime="411.390">
<Sync time="410.126"/>
drew this picture?
</Turn>
<Turn speaker="spk1" startTime="411.390" endTime="416.661">
<Sync time="411.390"/>
Okay.
<Sync time="411.932"/>

<Sync time="412.595"/>
If you're going to uh
<Sync time="413.485"/>
lift something like a piece of machinery
<Sync time="415.196"/>
up to the roof
<Sync time="415.982"/>

</Turn>
<Turn speaker="spk2" startTime="416.661" endTime="417.092">
<Sync time="416.661"/>
Uh-huh.
</Turn>
<Turn speaker="spk1" startTime="417.092" endTime="419.958">
<Sync time="417.092"/>
you might use
<Sync time="417.785"/>
toy blocks and a rope to
<Sync time="419.441"/>

</Turn>
<Turn speaker="spk2" startTime="419.958" endTime="421.192">
<Sync time="419.958"/>
Pull?
<Sync time="420.713"/>

</Turn>
<Turn speaker="spk1" startTime="421.192" endTime="422.24">
<Sync time="421.192"/>
or
<Sync time="421.64"/>

</Turn>
<Turn speaker="spk2" startTime="422.24" endTime="423.293">
<Sync time="422.24"/>
Drop.
<Sync time="422.963"/>

</Turn>
<Turn speaker="spk1" startTime="423.293" endTime="430.389">
<Sync time="423.293"/>
Okay.
<Sync time="423.894"/>

<Sync time="424.079"/>
What else?
<Sync time="424.572"/>

<Sync time="424.834"/>
Um
<Sync time="425.383"/>
begins with an H.
<Sync time="426.194"/>

<Sync time="428.157"/>
Hoi-
<Sync time="429.05"/>

<Sync time="430.191"/>
{X}
</Turn>
<Turn speaker="spk2 spk1" startTime="430.389" endTime="430.713">
<Sync time="430.389"/>
<Who nb="1"/>
{NW}
<Who nb="2"/>
{NW}
</Turn>
<Turn speaker="spk2" startTime="430.713" endTime="430.943">
<Sync time="430.713"/>
{NW}
</Turn>
<Turn speaker="spk1 spk2" startTime="430.943" endTime="431.319">
<Sync time="430.943"/>
<Who nb="1"/>
{NW}
<Who nb="2"/>
{NW}
</Turn>
<Turn speaker="spk2" startTime="431.319" endTime="436.923">
<Sync time="431.319"/>
{NW}
<Sync time="431.831"/>
oh
<Sync time="432.592"/>
um
<Sync time="433.059"/>

<Sync time="436.189"/>
I don't know.
</Turn>
<Turn speaker="spk1" startTime="436.923" endTime="437.881">
<Sync time="436.923"/>
Hoist?
<Sync time="437.248"/>

</Turn>
<Turn speaker="spk2" startTime="437.881" endTime="439.341">
<Sync time="437.881"/>
Oh I know that one.
<Sync time="439.135"/>
{NW}
</Turn>
<Turn speaker="spk1" startTime="439.341" endTime="442.502">
<Sync time="439.341"/>
Okay woul- would you
<Sync time="440.262"/>
say that for me please?
<Sync time="441.174"/>

</Turn>
<Turn speaker="spk2" startTime="442.502" endTime="443.386">
<Sync time="442.502"/>
Hoist?
</Turn>
<Turn speaker="spk1 spk2" startTime="443.386" endTime="443.756">
<Sync time="443.386"/>
<Who nb="1"/>
Sure.
<Who nb="2"/>
That's
</Turn>
<Turn speaker="spk2" startTime="443.756" endTime="444.404">
<Sync time="443.756"/>
Oh
<Sync time="444.224"/>

</Turn>
<Turn speaker="spk1" startTime="444.404" endTime="448.414">
<Sync time="444.404"/>
Sure.
<Sync time="444.825"/>
Okay.
<Sync time="445.313"/>

<Sync time="445.811"/>
We got one more section to do then we're finished.
<Sync time="447.941"/>

</Turn>
<Turn speaker="spk2 spk1" startTime="448.414" endTime="449.482">
<Sync time="448.414"/>
<Who nb="1"/>
What
<Who nb="2"/>
{X}
</Turn>
<Turn speaker="spk1" startTime="449.482" endTime="455.223">
<Sync time="449.482"/>

<Sync time="450.246"/>
{NS}
<Sync time="450.448"/>
um
<Sync time="450.802"/>

<Sync time="451.87"/>
okay would you count from uh one to fourteen for me please.
<Sync time="454.961"/>

</Turn>
<Turn speaker="spk2" startTime="455.223" endTime="457.747">
<Sync time="455.223"/>
Mm.
<Sync time="455.583"/>

<Sync time="456.890"/>
One, two, three, 
</Turn>
<Turn speaker="spk1 spk2" startTime="457.747" endTime="458.147">
<Sync time="457.747"/>
<Who nb="1"/>
four,
<Who nb="2"/>
Oh sl-
</Turn>
<Turn speaker="spk1" startTime="458.147" endTime="459.202">
<Sync time="458.147"/>
s- slowly
</Turn>
<Turn speaker="spk2" startTime="459.202" endTime="469.798">
<Sync time="459.202"/>
One.
<Sync time="459.798"/>
Two.
<Sync time="460.537"/>
Three.
<Sync time="461.308"/>
Four.
<Sync time="462.063"/>
Five.
<Sync time="462.849"/>
Six.
<Sync time="463.588"/>
Seven.
<Sync time="464.384"/>
Eight.
<Sync time="465.021"/>
Nine.
<Sync time="465.865"/>
Ten.
<Sync time="466.593"/>
Eleven.
<Sync time="467.302"/>
Twelve.
<Sync time="468.059"/>
Thirteen.
<Sync time="468.781"/>
Fourteen.
<Sync time="469.618"/>

</Turn>
<Turn speaker="spk1" startTime="469.798" endTime="476.99">
<Sync time="469.798"/>
Okay.
<Sync time="470.571"/>
And if you add
<Sync time="471.224"/>

<Sync time="471.378"/>
seven to that?
<Sync time="472.226"/>

<Sync time="472.417"/>
I mean no no
<Sync time="473.205"/>

<Sync time="473.483"/>
if you add
<Sync time="474.072"/>

<Sync time="475.573"/>
six to that
<Sync time="476.386"/>
you have?
</Turn>
<Turn speaker="spk2" startTime="476.99" endTime="477.724">
<Sync time="476.99"/>
Twenty.
</Turn>
<Turn speaker="spk1" startTime="477.724" endTime="479.227">
<Sync time="477.724"/>
Okay and add seven to that.
<Sync time="478.949"/>

</Turn>
<Turn speaker="spk2" startTime="479.227" endTime="480.093">
<Sync time="479.227"/>
Twenty-seven.
</Turn>
<Turn speaker="spk1" startTime="480.093" endTime="482.085">
<Sync time="480.093"/>
Okay, add three to that.
<Sync time="481.776"/>

</Turn>
<Turn speaker="spk2" startTime="482.085" endTime="483.016">
<Sync time="482.085"/>
Thirty.
</Turn>
<Turn speaker="spk1" startTime="483.016" endTime="484.169">
<Sync time="483.016"/>
Add ten to that.
</Turn>
<Turn speaker="spk2" startTime="484.169" endTime="484.696">
<Sync time="484.169"/>
Forty.
</Turn>
<Turn speaker="spk1" startTime="484.696" endTime="485.597">
<Sync time="484.696"/>
You're good at math, really.
</Turn>
<Turn speaker="spk2" startTime="485.597" endTime="486.0">
<Sync time="485.597"/>
{NW}
</Turn>
<Turn speaker="spk1" startTime="486.0" endTime="488.552">
<Sync time="486.0"/>
Uh
<Sync time="486.277"/>

<Sync time="486.943"/>
and then thirty to that you'd have
</Turn>
<Turn speaker="spk2" startTime="488.552" endTime="490.92">
<Sync time="488.552"/>
Sixty.
<Sync time="489.144"/>

<Sync time="489.448"/>
Oh seventy.
<Sync time="490.363"/>

</Turn>
<Turn speaker="spk1" startTime="490.92" endTime="492.329">
<Sync time="490.92"/>
Minus one
<Sync time="491.741"/>

</Turn>
<Turn speaker="spk2" startTime="492.329" endTime="492.899">
<Sync time="492.329"/>
{NW}
</Turn>
<Turn speaker="spk1 spk2" startTime="492.899" endTime="493.963">
<Sync time="492.899"/>
<Who nb="1"/>
{D: okay}

<Who nb="2"/>
{NW}
</Turn>
<Turn speaker="spk1" startTime="493.963" endTime="495.821">
<Sync time="493.963"/>
and then add thirty to that.
<Sync time="495.378"/>

</Turn>
<Turn speaker="spk2" startTime="495.821" endTime="497.03">
<Sync time="495.821"/>
A hundred.
</Turn>
<Turn speaker="spk1" startTime="497.03" endTime="500.321">
<Sync time="497.03"/>
Okay
<Sync time="497.708"/>
and
<Sync time="498.18"/>

<Sync time="498.382"/>
a hundred times ten?
<Sync time="499.529"/>

</Turn>
<Turn speaker="spk2" startTime="500.321" endTime="501.429">
<Sync time="500.321"/>
Thousand.
</Turn>
<Turn speaker="spk1" startTime="501.429" endTime="505.541">
<Sync time="501.429"/>
Okay
<Sync time="502.051"/>

<Sync time="502.485"/>
and ten times a hundred-thousand?
<Sync time="504.678"/>

</Turn>
<Turn speaker="spk2" startTime="505.541" endTime="506.466">
<Sync time="505.541"/>
A million?
</Turn>
<Turn speaker="spk1" startTime="506.466" endTime="514.850">
<Sync time="506.466"/>
Sure.
<Sync time="506.858"/>

<Sync time="506.95"/>
Sure.
<Sync time="507.355"/>

<Sync time="507.712"/>
Okay if there are a line of people 
<Sync time="509.22"/>

<Sync time="509.419"/>
{C: train whistle}
<Sync time="509.528"/>
in the store
<Sync time="510.158"/>
{NS}
<Sync time="510.763"/>
the man at the head of the line
<Sync time="511.977"/>

<Sync time="512.315"/>
would be the
<Sync time="513.284"/>

</Turn>
<Turn speaker="spk2" startTime="514.850" endTime="516.49">
<Sync time="514.850"/>
The beginner.
<Sync time="515.913"/>
{NW}
<Sync time="516.259"/>

</Turn>
<Turn speaker="spk1 spk2" startTime="516.49" endTime="517.202">
<Sync time="516.49"/>
<Who nb="1"/>
Okay.
<Who nb="2"/>
I don't know.
</Turn>
<Turn startTime="517.202" endTime="519.252" speaker="spk1">
<Sync time="517.202"/>

<Sync time="518.189"/>
But if he would be the
</Turn>
<Turn speaker="spk1 spk2" startTime="519.252" endTime="520.305">
<Sync time="519.252"/>
<Who nb="1"/>
which man

<Who nb="2"/>
head
</Turn>
<Turn speaker="spk1" startTime="520.305" endTime="521.733">
<Sync time="520.305"/>
Which man am I? 
<Sync time="521.18"/>
He would be the
</Turn>
<Turn speaker="spk2" startTime="521.733" endTime="522.713">
<Sync time="521.733"/>
First person.
</Turn>
<Turn speaker="spk1" startTime="522.713" endTime="523.89">
<Sync time="522.713"/>
Okay and the next?
<Sync time="523.591"/>

</Turn>
<Turn speaker="spk2" startTime="523.89" endTime="524.548">
<Sync time="523.89"/>
Second.
</Turn>
<Turn speaker="spk1" startTime="524.548" endTime="525.055">
<Sync time="524.548"/>
And the next?
</Turn>
<Turn speaker="spk2" startTime="525.055" endTime="531.744">
<Sync time="525.055"/>
Third.
<Sync time="525.752"/>
Fourth.
<Sync time="526.508"/>
Fifth.
<Sync time="527.149"/>
Sixth.
<Sync time="528.109"/>
Seventh.
<Sync time="528.88"/>
Eighth.
<Sync time="529.496"/>
Ninth.
<Sync time="530.372"/>
Tenth.
<Sync time="530.981"/>

</Turn>
<Turn speaker="spk1" startTime="531.744" endTime="546.707">
<Sync time="531.744"/>
Perfect.
<Sync time="532.064"/>
{NS}
<Sync time="532.432"/>
Very good.
<Sync time="532.878"/>

<Sync time="533.096"/>
Um
<Sync time="533.627"/>

<Sync time="536.383"/>
uh
<Sync time="536.88"/>
{NW}
<Sync time="537.354"/>

<Sync time="541.989"/>
okay
<Sync time="542.453"/>

<Sync time="542.912"/>
in the sentence um
<Sync time="543.876"/>

<Sync time="544.311"/>
if he said it more than once he would be saying it
</Turn>
<Turn speaker="spk2" startTime="546.707" endTime="547.6">
<Sync time="546.707"/>
Twice.
</Turn>
<Turn speaker="spk1" startTime="547.6" endTime="551.275">
<Sync time="547.6"/>
Okay.
<Sync time="548.169"/>

<Sync time="548.68"/>
Okay the first month of the year is
<Sync time="550.441"/>

</Turn>
<Turn speaker="spk2" startTime="551.275" endTime="552.400">
<Sync time="551.275"/>
January.
</Turn>
<Turn speaker="spk1" startTime="552.400" endTime="553.135">
<Sync time="552.400"/>
Okay, and next?
</Turn>
<Turn speaker="spk2" startTime="553.135" endTime="561.572">
<Sync time="553.135"/>
February.
<Sync time="553.975"/>
March.
<Sync time="554.844"/>
April.
<Sync time="555.627"/>
May.
<Sync time="556.298"/>
June.
<Sync time="557.085"/>
July.
<Sync time="557.966"/>
August, September.
<Sync time="559.291"/>
October.
<Sync time="560.119"/>
November.
<Sync time="560.85"/>
December.
</Turn>
<Turn speaker="spk1" startTime="561.572" endTime="562.222">
<Sync time="561.572"/>
Okay.
</Turn>
<Turn speaker="spk2" startTime="562.222" endTime="562.818">
<Sync time="562.222"/>
{NW}
</Turn>
<Turn speaker="spk1" startTime="562.818" endTime="564.959">
<Sync time="562.818"/>
And the day
<Sync time="563.685"/>
after Monday is
</Turn>
<Turn speaker="spk2" startTime="564.959" endTime="570.643">
<Sync time="564.959"/>
Tuesday.
<Sync time="565.825"/>
Wednesday.
<Sync time="566.659"/>
Thursday.
<Sync time="567.494"/>
Friday.
<Sync time="568.332"/>
Saturday.
<Sync time="569.143"/>
Sunday.
<Sync time="569.898"/>
{NW}
</Turn>
<Turn speaker="spk1" startTime="570.643" endTime="575.706">
<Sync time="570.643"/>
Okay.
<Sync time="571.308"/>

<Sync time="571.631"/>
Uh
<Sync time="572.004"/>

<Sync time="572.19"/>
what does the uh
<Sync time="573.137"/>

<Sync time="573.711"/>
or the
<Sync time="574.345"/>
day after Sunday is
</Turn>
<Turn speaker="spk2" startTime="575.706" endTime="576.281">
<Sync time="575.706"/>
Monday.
</Turn>
<Turn speaker="spk1" startTime="576.281" endTime="581.077">
<Sync time="576.281"/>
okay.
<Sync time="576.821"/>

<Sync time="577.322"/>
Um
<Sync time="577.831"/>

<Sync time="579.129"/>
what what does sabbath mean?
<Sync time="580.28"/>

</Turn>
<Turn speaker="spk2" startTime="581.077" endTime="582.353">
<Sync time="581.077"/>
Holy
<Sync time="581.591"/>
holy day.
</Turn>
<Turn speaker="spk1" startTime="582.353" endTime="582.781">
<Sync time="582.353"/>
Uh-huh, what
</Turn>
<Turn speaker="spk2" startTime="582.781" endTime="583.732">
<Sync time="582.781"/>
Rest day.
</Turn>
<Turn speaker="spk1" startTime="583.732" endTime="584.877">
<Sync time="583.732"/>
Okay.
<Sync time="584.133"/>
What day is that?
</Turn>
<Turn speaker="spk2" startTime="584.877" endTime="585.633">
<Sync time="584.877"/>
Sunday.
</Turn>
<Turn speaker="spk1" startTime="585.633" endTime="593.702">
<Sync time="585.633"/>
Okay.
<Sync time="586.29"/>

<Sync time="587.881"/>
Okay if you uh
<Sync time="588.887"/>

<Sync time="589.197"/>
meet
<Sync time="589.788"/>

<Sync time="590.039"/>
someone during the early part of the day
<Sync time="591.703"/>

<Sync time="592.013"/>
what do you say as a greeting?
</Turn>
<Turn speaker="spk2" startTime="593.702" endTime="594.712">
<Sync time="593.702"/>
Good morning.
</Turn>
<Turn speaker="spk1" startTime="594.712" endTime="596.338">
<Sync time="594.712"/>
Okay unti- until what time?
</Turn>
<Turn speaker="spk2" startTime="596.338" endTime="597.255">
<Sync time="596.338"/>
Twelve.
</Turn>
<Turn speaker="spk1" startTime="597.255" endTime="603.521">
<Sync time="597.255"/>
Okay.
<Sync time="597.736"/>

<Sync time="598.09"/>
And then the part of the day before
<Sync time="600.141"/>

<Sync time="602.666"/>
before supper?
</Turn>
<Turn speaker="spk2" startTime="603.521" endTime="604.998">
<Sync time="603.521"/>
The afternoon.
</Turn>
<Turn speaker="spk1" startTime="604.998" endTime="612.885">
<Sync time="604.998"/>
Okay.
<Sync time="605.628"/>

<Sync time="606.0"/>
Uh
<Sync time="606.558"/>

<Sync time="609.44"/>
{NW}
<Sync time="609.901"/>

<Sync time="610.024"/>
okay what do you say when you leave people?
<Sync time="612.108"/>

</Turn>
<Turn speaker="spk1" startTime="612.885" endTime="614.455">
<Sync time="612.885"/>
Goodbye.
<Sync time="613.623"/>

</Turn>
<Turn speaker="spk2 spk1" startTime="614.455" endTime="614.959">
<Sync time="614.455"/>
<Who nb="1"/>
Bye.
<Who nb="2"/>
Okay.
</Turn>
<Turn speaker="spk1" startTime="614.959" endTime="623.354">
<Sync time="614.959"/>
Would you ever say good day
<Sync time="616.111"/>

<Sync time="616.45"/>
to anybody?
<Sync time="617.017"/>

<Sync time="618.294"/>
Okay.
<Sync time="618.795"/>

<Sync time="619.286"/>
Uh
<Sync time="619.763"/>

<Sync time="620.049"/>
okay what is the part of the day
<Sync time="621.736"/>

<Sync time="621.997"/>
after supper?
<Sync time="622.813"/>

</Turn>
<Turn speaker="spk2" startTime="623.354" endTime="624.486">
<Sync time="623.354"/>
Evening.
</Turn>
<Turn speaker="spk1" startTime="624.486" endTime="628.904">
<Sync time="624.486"/>
Okay.
<Sync time="625.128"/>

<Sync time="625.5"/>
Um
<Sync time="625.855"/>

<Sync time="626.154"/>
what do you call it
<Sync time="626.894"/>
after you're
<Sync time="627.646"/>
you go to bed?
<Sync time="628.381"/>

</Turn>
<Turn speaker="spk2" startTime="628.904" endTime="629.674">
<Sync time="628.904"/>
Night.
</Turn>
<Turn speaker="spk1" startTime="629.674" endTime="640.194">
<Sync time="629.674"/>
Okay.
<Sync time="630.208"/>

<Sync time="630.721"/>
Um
<Sync time="631.145"/>

<Sync time="631.24"/>
okay then what would you say when you're 
<Sync time="636.099"/>
saying goodbye, when you're leaving someone's
<Sync time="638.411"/>

<Sync time="638.736"/>
house after dark?
<Sync time="639.896"/>

</Turn>
<Turn speaker="spk2" startTime="640.194" endTime="641.225">
<Sync time="640.194"/>
Goodnight.
</Turn>
<Turn speaker="spk1" startTime="641.225" endTime="641.921">
<Sync time="641.225"/>
{NW}
</Turn>
<Turn speaker="spk1 spk2" startTime="641.921" endTime="643.256">
<Sync time="641.921"/>
<Who nb="1"/>
Thank you very much.
<Who nb="2"/>
{NW}
</Turn>
<Turn speaker="spk2" startTime="643.256" endTime="646.592">
<Sync time="643.256"/>

<Sync time="644.454"/>
{NS}
<Sync time="644.989"/>
{C: silence}
</Turn>
</Section>
</Episode>
</Trans>
