<?xml version="1.0" encoding="UTF-8"?>
<MediaAsset>
   <!--Original Physical Asset and Transfer Details-->
   <Original>
      <Filename>IL2</Filename>
      <RunningTime>02:06:30</RunningTime>
      <RecordDate>undated</RecordDate>
      <Language>English</Language>
      <FormatType>Open Reel</FormatType>
      <StockBrand>Scotch</StockBrand>
      <TapeModel>None</TapeModel>
      <TapeWidth>1/4"</TapeWidth>
      <TapeType>Polyester</TapeType>
      <ReelSize>7"</ReelSize>
      <TrackConfiguration>Half track</TrackConfiguration>
      <SoundField>Mono</SoundField>
      <RecordingSpeed>3.75 ips</RecordingSpeed>
      <NoiseReduction>None</NoiseReduction>
      <Equalization>NAB</Equalization>
      <PackOrientation>Heads Out</PackOrientation>
      <Language>English</Language>
      <PerforationRepairs>Yes</PerforationRepairs>
      <Cleaned>No</Cleaned>
      <Baked>No</Baked>
      <TransferComments>High Amount of Hum on Tape; Program Distorted at Times; Static on Tape; </TransferComments>
      <ConditionReport>
         <SmallRisk>TapeDamage</SmallRisk>
      </ConditionReport>
      <TransferOperator>SC</TransferOperator>
      <Deck_Description>1/4" Open Reel Reproducer</Deck_Description>
      <Deck_Brand>Teac</Deck_Brand>
      <Deck_Model>A-3440</Deck_Model>
      <Deck_SerialNumber>800092</Deck_SerialNumber>
      <Originator> The MediaPreserve, a division of Preservation Technologies, LP </Originator>
      <OriginatorAddress> 111 Thomson Park Drive, Cranberry Township, PA 16066-6424
      </OriginatorAddress>
   </Original>
   <!--Digital Preservation Master File-->
   <PreservationMaster>
      <MediaKeeper>
         <OriginalTitle>IL2</OriginalTitle>
         <CustomerFilename>IL2_a.wav</CustomerFilename>
         <DateCreated>2020-01-15T09:18:33</DateCreated>
         <Checksum>FC73C9B9CDCD3693F82EA8E525EBCA0E</Checksum>
         <ChecksumType>MD5</ChecksumType>
         <ChecksumDateCreated>2020-01-20T20:08:38</ChecksumDateCreated>
         <RunningTime>01:03:15</RunningTime>
         <BitPerSample>24</BitPerSample>
         <SampleRate>96000</SampleRate>
         <BitRate>2304000</BitRate>
         <SoundFieldFromJhove>1</SoundFieldFromJhove>
         <FileSizeInBytes>1093182130</FileSizeInBytes>
         <FileSizeInKB>1067561</FileSizeInKB>
         <FileSizeInMB>1042.54</FileSizeInMB>
         <FileSizeInGB>1.0181</FileSizeInGB>
         <FaceDesignation>A</FaceDesignation>
         <TrackDesignation>00</TrackDesignation>
         <RegionDesignation>01</RegionDesignation>
         <ComputerManufacturer>VisionDAW</ComputerManufacturer>
         <HostComputerName>VX99-PRO</HostComputerName>
         <HostComputerVersion>Core i7</HostComputerVersion>
         <OperatingSystem>Windows 7</OperatingSystem>
         <OperatingSystemVersion>Professional x64 Edition</OperatingSystemVersion>
         <A2D_DeviceType>Analog to Digital Converter</A2D_DeviceType>
         <A2D_DeviceManufacturer>Antelope Audio</A2D_DeviceManufacturer>
         <A2D_DeviceModelName>Orion</A2D_DeviceModelName>
         <A2D_DeviceModelVersion>32</A2D_DeviceModelVersion>
         <A2D_DeviceModelSerialNumber>1003815240101</A2D_DeviceModelSerialNumber>
         <A2D_DeviceDriverVersion>A-3440</A2D_DeviceDriverVersion>
         <DIO_DeviceManufacturer>RME</DIO_DeviceManufacturer>
         <DIO_DeviceModelName>HDSPe MADI</DIO_DeviceModelName>
         <DIO_DeviceModelVersion>Firmware Version 32</DIO_DeviceModelVersion>
         <DIO_DeviceDriver>WDM Streaming Driver</DIO_DeviceDriver>
         <DIO_DeviceDriverVersion>4.14</DIO_DeviceDriverVersion>
         <EncodeSoftwareManufacturer>Steinberg</EncodeSoftwareManufacturer>
         <EncodeSoftware>Cubase</EncodeSoftware>
         <EncodeSoftwareVersion>8.5.00 Build 69</EncodeSoftwareVersion>
      </MediaKeeper>
   </PreservationMaster>
   <PreservationMaster>
      <MediaKeeper>
         <OriginalTitle>IL2</OriginalTitle>
         <CustomerFilename>IL2_b.wav</CustomerFilename>
         <DateCreated>2020-01-15T09:18:35</DateCreated>
         <Checksum>16C1CFC8E6C337D0E11765EFA6284907</Checksum>
         <ChecksumType>MD5</ChecksumType>
         <ChecksumDateCreated>2020-01-20T20:08:38</ChecksumDateCreated>
         <RunningTime>01:03:15</RunningTime>
         <BitPerSample>24</BitPerSample>
         <SampleRate>96000</SampleRate>
         <BitRate>2304000</BitRate>
         <SoundFieldFromJhove>1</SoundFieldFromJhove>
         <FileSizeInBytes>1093211794</FileSizeInBytes>
         <FileSizeInKB>1067590</FileSizeInKB>
         <FileSizeInMB>1042.568</FileSizeInMB>
         <FileSizeInGB>1.0181</FileSizeInGB>
         <FaceDesignation>B</FaceDesignation>
         <TrackDesignation>00</TrackDesignation>
         <RegionDesignation>01</RegionDesignation>
         <ComputerManufacturer>VisionDAW</ComputerManufacturer>
         <HostComputerName>VX99-PRO</HostComputerName>
         <HostComputerVersion>Core i7</HostComputerVersion>
         <OperatingSystem>Windows 7</OperatingSystem>
         <OperatingSystemVersion>Professional x64 Edition</OperatingSystemVersion>
         <A2D_DeviceType>Analog to Digital Converter</A2D_DeviceType>
         <A2D_DeviceManufacturer>Antelope Audio</A2D_DeviceManufacturer>
         <A2D_DeviceModelName>Orion</A2D_DeviceModelName>
         <A2D_DeviceModelVersion>32</A2D_DeviceModelVersion>
         <A2D_DeviceModelSerialNumber>1003815240101</A2D_DeviceModelSerialNumber>
         <A2D_DeviceDriverVersion>A-3440</A2D_DeviceDriverVersion>
         <DIO_DeviceManufacturer>RME</DIO_DeviceManufacturer>
         <DIO_DeviceModelName>HDSPe MADI</DIO_DeviceModelName>
         <DIO_DeviceModelVersion>Firmware Version 32</DIO_DeviceModelVersion>
         <DIO_DeviceDriver>WDM Streaming Driver</DIO_DeviceDriver>
         <DIO_DeviceDriverVersion>4.14</DIO_DeviceDriverVersion>
         <EncodeSoftwareManufacturer>Steinberg</EncodeSoftwareManufacturer>
         <EncodeSoftware>Cubase</EncodeSoftware>
         <EncodeSoftwareVersion>8.5.00 Build 69</EncodeSoftwareVersion>
      </MediaKeeper>
   </PreservationMaster>
   <!--Digital Use/Access/Streaming File-->
   <Streaming>
      <MediaKeeper>
         <OriginalTitle>IL2</OriginalTitle>
         <CustomerFilename>IL2_b.mp3</CustomerFilename>
         <DateCreated>2020-01-20T17:47:34</DateCreated>
         <Checksum>291A7203AF7DB3B3C8A3090FA6148E8D</Checksum>
         <ChecksumType>MD5</ChecksumType>
         <ChecksumDateCreated>2020-01-20T20:08:38</ChecksumDateCreated>
         <RunningTime>01:03:21</RunningTime>
         <BitRate>192000</BitRate>
         <SoundFieldFromJhove>1</SoundFieldFromJhove>
         <FileSizeInBytes>91101727</FileSizeInBytes>
         <FileSizeInKB>88966.53</FileSizeInKB>
         <FileSizeInMB>86.8814</FileSizeInMB>
         <FileSizeInGB>0.0848</FileSizeInGB>
         <FaceDesignation>B</FaceDesignation>
         <TrackDesignation>00</TrackDesignation>
         <RegionDesignation>01</RegionDesignation>
         <EncodeSoftwareManufacturer>Steinberg</EncodeSoftwareManufacturer>
         <EncodeSoftware>Wavelab</EncodeSoftware>
         <EncodeSoftwareVersion>7.2.1</EncodeSoftwareVersion>
      </MediaKeeper>
   </Streaming>
   <Streaming>
      <MediaKeeper>
         <OriginalTitle>IL2</OriginalTitle>
         <CustomerFilename>IL2_a.mp3</CustomerFilename>
         <DateCreated>2020-01-20T17:47:34</DateCreated>
         <Checksum>D175EDAD1A92BACECCBA15C712E9166F</Checksum>
         <ChecksumType>MD5</ChecksumType>
         <ChecksumDateCreated>2020-01-20T20:08:38</ChecksumDateCreated>
         <RunningTime>01:03:21</RunningTime>
         <BitRate>192000</BitRate>
         <SoundFieldFromJhove>1</SoundFieldFromJhove>
         <FileSizeInBytes>91099219</FileSizeInBytes>
         <FileSizeInKB>88964.08</FileSizeInKB>
         <FileSizeInMB>86.879</FileSizeInMB>
         <FileSizeInGB>0.0848</FileSizeInGB>
         <FaceDesignation>A</FaceDesignation>
         <TrackDesignation>00</TrackDesignation>
         <RegionDesignation>01</RegionDesignation>
         <EncodeSoftwareManufacturer>Steinberg</EncodeSoftwareManufacturer>
         <EncodeSoftware>Wavelab</EncodeSoftware>
         <EncodeSoftwareVersion>7.2.1</EncodeSoftwareVersion>
      </MediaKeeper>
   </Streaming>
</MediaAsset>
