<?xml version="1.0" encoding="UTF-8" standalone="yes"?>
<Audio>
	<entry id="1060170101" project="LAO" informant="INF017" reel="1a" region="1" narrative="_Q" label="Dwellings" state="OK" sex="M " age="76" age_level="3" education="4" town="Coldwater" county="Grant" land_regions="D" locality="R" date="1962" latitude="36.72408" longitude="-98.05584" file_name="LAO(INF017)1a 01 Dwellings.mp3" path_to_file="LAP\Projects\LAO\Speakers\LAO(INF017)\Audio\LAO(INF017)1a\LAO(INF017)1a 01 Dwellings.mp3"/>
	<entry id="1060170102" project="LAO" informant="INF017" reel="1a" region="2" narrative="_Q" label="Dwellings" state="OK" sex="M " age="76" age_level="3" education="4" town="Coldwater" county="Grant" land_regions="D" locality="R" date="1962" latitude="36.72408" longitude="-98.05584" file_name="LAO(INF017)1a 02 Dwellings.mp3" path_to_file="LAP\Projects\LAO\Speakers\LAO(INF017)\Audio\LAO(INF017)1a\LAO(INF017)1a 02 Dwellings.mp3"/>
	<entry id="1060170103" project="LAO" informant="INF017" reel="1a" region="3" narrative="_Q" label="Containers and Utensils" state="OK" sex="M " age="76" age_level="3" education="4" town="Coldwater" county="Grant" land_regions="D" locality="R" date="1962" latitude="36.72408" longitude="-98.05584" file_name="LAO(INF017)1a 03 Containers and Utensils.mp3" path_to_file="LAP\Projects\LAO\Speakers\LAO(INF017)\Audio\LAO(INF017)1a\LAO(INF017)1a 03 Containers and Utensils.mp3"/>
	<entry id="1060170104" project="LAO" informant="INF017" reel="1a" region="4" narrative="_Q" label="Dwellings" state="OK" sex="M " age="76" age_level="3" education="4" town="Coldwater" county="Grant" land_regions="D" locality="R" date="1962" latitude="36.72408" longitude="-98.05584" file_name="LAO(INF017)1a 04 Dwellings.mp3" path_to_file="LAP\Projects\LAO\Speakers\LAO(INF017)\Audio\LAO(INF017)1a\LAO(INF017)1a 04 Dwellings.mp3"/>
	<entry id="1060170105" project="LAO" informant="INF017" reel="1a" region="5" narrative="_Q" label="Containers and Utensils" state="OK" sex="M " age="76" age_level="3" education="4" town="Coldwater" county="Grant" land_regions="D" locality="R" date="1962" latitude="36.72408" longitude="-98.05584" file_name="LAO(INF017)1a 05 Containers and Utensils.mp3" path_to_file="LAP\Projects\LAO\Speakers\LAO(INF017)\Audio\LAO(INF017)1a\LAO(INF017)1a 05 Containers and Utensils.mp3"/>
	<entry id="1060170106" project="LAO" informant="INF017" reel="1a" region="6" narrative="_Q" label="Dwellings" state="OK" sex="M " age="76" age_level="3" education="4" town="Coldwater" county="Grant" land_regions="D" locality="R" date="1962" latitude="36.72408" longitude="-98.05584" file_name="LAO(INF017)1a 06 Dwellings.mp3" path_to_file="LAP\Projects\LAO\Speakers\LAO(INF017)\Audio\LAO(INF017)1a\LAO(INF017)1a 06 Dwellings.mp3"/>
	<entry id="1060170107" project="LAO" informant="INF017" reel="1a" region="7" narrative="_Q" label="Dwellings" state="OK" sex="M " age="76" age_level="3" education="4" town="Coldwater" county="Grant" land_regions="D" locality="R" date="1962" latitude="36.72408" longitude="-98.05584" file_name="LAO(INF017)1a 07 Dwellings.mp3" path_to_file="LAP\Projects\LAO\Speakers\LAO(INF017)\Audio\LAO(INF017)1a\LAO(INF017)1a 07 Dwellings.mp3"/>
	<entry id="3060170101" project="LAO" informant="INF017" reel="1a" region="0" narrative="_I" label="Metadata" state="OK" sex="M " age="76" age_level="3" education="4" town="Coldwater" county="Grant" land_regions="D" locality="R" date="1962" latitude="36.72408" longitude="-98.05584" file_name="LAO(INF017)1ameta.txt" path_to_file="LAP\Projects\LAO\Speakers\LAO(INF017)\Audio\LAO(INF017)1a\LAO(INF017)1ameta.txt"/>
	<entry id="1060170108" project="LAO" informant="INF017" reel="1b" region="1" narrative="_Q" label="The Farm" state="OK" sex="M " age="76" age_level="3" education="4" town="Coldwater" county="Grant" land_regions="D" locality="R" date="1962" latitude="36.72408" longitude="-98.05584" file_name="LAO(INF017)1b 01 The Farm.mp3" path_to_file="LAP\Projects\LAO\Speakers\LAO(INF017)\Audio\LAO(INF017)1b\LAO(INF017)1b 01 The Farm.mp3"/>
	<entry id="1060170109" project="LAO" informant="INF017" reel="1b" region="2" narrative="_Q" label="Food and Cooking" state="OK" sex="M " age="76" age_level="3" education="4" town="Coldwater" county="Grant" land_regions="D" locality="R" date="1962" latitude="36.72408" longitude="-98.05584" file_name="LAO(INF017)1b 02 Food and Cooking.mp3" path_to_file="LAP\Projects\LAO\Speakers\LAO(INF017)\Audio\LAO(INF017)1b\LAO(INF017)1b 02 Food and Cooking.mp3"/>
	<entry id="1060170110" project="LAO" informant="INF017" reel="1b" region="3" narrative="_Q" label="Names, Titles and Occupations" state="OK" sex="M " age="76" age_level="3" education="4" town="Coldwater" county="Grant" land_regions="D" locality="R" date="1962" latitude="36.72408" longitude="-98.05584" file_name="LAO(INF017)1b 03 Names, Titles and Occupations.mp3" path_to_file="LAP\Projects\LAO\Speakers\LAO(INF017)\Audio\LAO(INF017)1b\LAO(INF017)1b 03 Names, Titles and Occupations.mp3"/>
	<entry id="1060170111" project="LAO" informant="INF017" reel="1b" region="4" narrative="_Q" label="Agriculture" state="OK" sex="M " age="76" age_level="3" education="4" town="Coldwater" county="Grant" land_regions="D" locality="R" date="1962" latitude="36.72408" longitude="-98.05584" file_name="LAO(INF017)1b 04 Agriculture.mp3" path_to_file="LAP\Projects\LAO\Speakers\LAO(INF017)\Audio\LAO(INF017)1b\LAO(INF017)1b 04 Agriculture.mp3"/>
	<entry id="1060170112" project="LAO" informant="INF017" reel="1b" region="5" narrative="_Q" label="The Farm" state="OK" sex="M " age="76" age_level="3" education="4" town="Coldwater" county="Grant" land_regions="D" locality="R" date="1962" latitude="36.72408" longitude="-98.05584" file_name="LAO(INF017)1b 05 The Farm.mp3" path_to_file="LAP\Projects\LAO\Speakers\LAO(INF017)\Audio\LAO(INF017)1b\LAO(INF017)1b 05 The Farm.mp3"/>
	<entry id="1060170113" project="LAO" informant="INF017" reel="1b" region="6" narrative="_Q" label="Containers and Utensils" state="OK" sex="M " age="76" age_level="3" education="4" town="Coldwater" county="Grant" land_regions="D" locality="R" date="1962" latitude="36.72408" longitude="-98.05584" file_name="LAO(INF017)1b 06 Containers and Utensils.mp3" path_to_file="LAP\Projects\LAO\Speakers\LAO(INF017)\Audio\LAO(INF017)1b\LAO(INF017)1b 06 Containers and Utensils.mp3"/>
	<entry id="1060170114" project="LAO" informant="INF017" reel="1b" region="7" narrative="_Q" label="Containers and Utensils" state="OK" sex="M " age="76" age_level="3" education="4" town="Coldwater" county="Grant" land_regions="D" locality="R" date="1962" latitude="36.72408" longitude="-98.05584" file_name="LAO(INF017)1b 07 Containers and Utensils.mp3" path_to_file="LAP\Projects\LAO\Speakers\LAO(INF017)\Audio\LAO(INF017)1b\LAO(INF017)1b 07 Containers and Utensils.mp3"/>
	<entry id="3060170102" project="LAO" informant="INF017" reel="1b" region="0" narrative="_I" label="Metadata" state="OK" sex="M " age="76" age_level="3" education="4" town="Coldwater" county="Grant" land_regions="D" locality="R" date="1962" latitude="36.72408" longitude="-98.05584" file_name="LAO(INF017)1bmeta.txt" path_to_file="LAP\Projects\LAO\Speakers\LAO(INF017)\Audio\LAO(INF017)1b\LAO(INF017)1bmeta.txt"/>
	<entry id="1060170201" project="LAO" informant="INF017" reel="2a" region="1" narrative="_Q" label="Calls to Animals" state="OK" sex="M " age="76" age_level="3" education="4" town="Coldwater" county="Grant" land_regions="D" locality="R" date="1962" latitude="36.72408" longitude="-98.05584" file_name="LAO(INF017)2a 01 Calls to Animals.mp3" path_to_file="LAP\Projects\LAO\Speakers\LAO(INF017)\Audio\LAO(INF017)2a\LAO(INF017)2a 01 Calls to Animals.mp3"/>
	<entry id="1060170202" project="LAO" informant="INF017" reel="2a" region="2" narrative="_Q" label="Adverbs" state="OK" sex="M " age="76" age_level="3" education="4" town="Coldwater" county="Grant" land_regions="D" locality="R" date="1962" latitude="36.72408" longitude="-98.05584" file_name="LAO(INF017)2a 02 Adverbs.mp3" path_to_file="LAP\Projects\LAO\Speakers\LAO(INF017)\Audio\LAO(INF017)2a\LAO(INF017)2a 02 Adverbs.mp3"/>
	<entry id="1060170203" project="LAO" informant="INF017" reel="2a" region="3" narrative="_Q" label="Agriculture" state="OK" sex="M " age="76" age_level="3" education="4" town="Coldwater" county="Grant" land_regions="D" locality="R" date="1962" latitude="36.72408" longitude="-98.05584" file_name="LAO(INF017)2a 03 Agriculture.mp3" path_to_file="LAP\Projects\LAO\Speakers\LAO(INF017)\Audio\LAO(INF017)2a\LAO(INF017)2a 03 Agriculture.mp3"/>
	<entry id="1060170204" project="LAO" informant="INF017" reel="2a" region="4" narrative="_Q" label="Pronouns" state="OK" sex="M " age="76" age_level="3" education="4" town="Coldwater" county="Grant" land_regions="D" locality="R" date="1962" latitude="36.72408" longitude="-98.05584" file_name="LAO(INF017)2a 04 Pronouns.mp3" path_to_file="LAP\Projects\LAO\Speakers\LAO(INF017)\Audio\LAO(INF017)2a\LAO(INF017)2a 04 Pronouns.mp3"/>
	<entry id="1060170205" project="LAO" informant="INF017" reel="2a" region="5" narrative="_Q" label="Food and Cooking" state="OK" sex="M " age="76" age_level="3" education="4" town="Coldwater" county="Grant" land_regions="D" locality="R" date="1962" latitude="36.72408" longitude="-98.05584" file_name="LAO(INF017)2a 05 Food and Cooking.mp3" path_to_file="LAP\Projects\LAO\Speakers\LAO(INF017)\Audio\LAO(INF017)2a\LAO(INF017)2a 05 Food and Cooking.mp3"/>
	<entry id="1060170206" project="LAO" informant="INF017" reel="2a" region="6" narrative="_Q" label="Food and Cooking" state="OK" sex="M " age="76" age_level="3" education="4" town="Coldwater" county="Grant" land_regions="D" locality="R" date="1962" latitude="36.72408" longitude="-98.05584" file_name="LAO(INF017)2a 06 Food and Cooking.mp3" path_to_file="LAP\Projects\LAO\Speakers\LAO(INF017)\Audio\LAO(INF017)2a\LAO(INF017)2a 06 Food and Cooking.mp3"/>
	<entry id="1060170207" project="LAO" informant="INF017" reel="2a" region="7" narrative="_Q" label="Food and Cooking" state="OK" sex="M " age="76" age_level="3" education="4" town="Coldwater" county="Grant" land_regions="D" locality="R" date="1962" latitude="36.72408" longitude="-98.05584" file_name="LAO(INF017)2a 07 Food and Cooking.mp3" path_to_file="LAP\Projects\LAO\Speakers\LAO(INF017)\Audio\LAO(INF017)2a\LAO(INF017)2a 07 Food and Cooking.mp3"/>
	<entry id="3060170201" project="LAO" informant="INF017" reel="2a" region="0" narrative="_I" label="Metadata" state="OK" sex="M " age="76" age_level="3" education="4" town="Coldwater" county="Grant" land_regions="D" locality="R" date="1962" latitude="36.72408" longitude="-98.05584" file_name="LAO(INF017)2ameta.txt" path_to_file="LAP\Projects\LAO\Speakers\LAO(INF017)\Audio\LAO(INF017)2a\LAO(INF017)2ameta.txt"/>
	<entry id="1060170208" project="LAO" informant="INF017" reel="2b" region="1" narrative="_Q" label="Food and Cooking" state="OK" sex="M " age="76" age_level="3" education="4" town="Coldwater" county="Grant" land_regions="D" locality="R" date="1962" latitude="36.72408" longitude="-98.05584" file_name="LAO(INF017)2b 01 Food and Cooking.mp3" path_to_file="LAP\Projects\LAO\Speakers\LAO(INF017)\Audio\LAO(INF017)2b\LAO(INF017)2b 01 Food and Cooking.mp3"/>
	<entry id="1060170209" project="LAO" informant="INF017" reel="2b" region="2" narrative="_Q" label="Pronouns" state="OK" sex="M " age="76" age_level="3" education="4" town="Coldwater" county="Grant" land_regions="D" locality="R" date="1962" latitude="36.72408" longitude="-98.05584" file_name="LAO(INF017)2b 02 Pronouns.mp3" path_to_file="LAP\Projects\LAO\Speakers\LAO(INF017)\Audio\LAO(INF017)2b\LAO(INF017)2b 02 Pronouns.mp3"/>
	<entry id="1060170210" project="LAO" informant="INF017" reel="2b" region="3" narrative="_Q" label="Agriculture" state="OK" sex="M " age="76" age_level="3" education="4" town="Coldwater" county="Grant" land_regions="D" locality="R" date="1962" latitude="36.72408" longitude="-98.05584" file_name="LAO(INF017)2b 03 Agriculture.mp3" path_to_file="LAP\Projects\LAO\Speakers\LAO(INF017)\Audio\LAO(INF017)2b\LAO(INF017)2b 03 Agriculture.mp3"/>
	<entry id="1060170211" project="LAO" informant="INF017" reel="2b" region="4" narrative="_Q" label="Vegetables" state="OK" sex="M " age="76" age_level="3" education="4" town="Coldwater" county="Grant" land_regions="D" locality="R" date="1962" latitude="36.72408" longitude="-98.05584" file_name="LAO(INF017)2b 04 Vegetables.mp3" path_to_file="LAP\Projects\LAO\Speakers\LAO(INF017)\Audio\LAO(INF017)2b\LAO(INF017)2b 04 Vegetables.mp3"/>
	<entry id="1060170212" project="LAO" informant="INF017" reel="2b" region="5" narrative="_Q" label="Wild Animals" state="OK" sex="M " age="76" age_level="3" education="4" town="Coldwater" county="Grant" land_regions="D" locality="R" date="1962" latitude="36.72408" longitude="-98.05584" file_name="LAO(INF017)2b 05 Wild Animals.mp3" path_to_file="LAP\Projects\LAO\Speakers\LAO(INF017)\Audio\LAO(INF017)2b\LAO(INF017)2b 05 Wild Animals.mp3"/>
	<entry id="1060170213" project="LAO" informant="INF017" reel="2b" region="6" narrative="_Q" label="Wild Animals" state="OK" sex="M " age="76" age_level="3" education="4" town="Coldwater" county="Grant" land_regions="D" locality="R" date="1962" latitude="36.72408" longitude="-98.05584" file_name="LAO(INF017)2b 06 Wild Animals.mp3" path_to_file="LAP\Projects\LAO\Speakers\LAO(INF017)\Audio\LAO(INF017)2b\LAO(INF017)2b 06 Wild Animals.mp3"/>
	<entry id="1060170214" project="LAO" informant="INF017" reel="2b" region="7" narrative="_Q" label="Trees and Shrubs" state="OK" sex="M " age="76" age_level="3" education="4" town="Coldwater" county="Grant" land_regions="D" locality="R" date="1962" latitude="36.72408" longitude="-98.05584" file_name="LAO(INF017)2b 07 Trees and Shrubs.mp3" path_to_file="LAP\Projects\LAO\Speakers\LAO(INF017)\Audio\LAO(INF017)2b\LAO(INF017)2b 07 Trees and Shrubs.mp3"/>
	<entry id="3060170202" project="LAO" informant="INF017" reel="2b" region="0" narrative="_I" label="Metadata" state="OK" sex="M " age="76" age_level="3" education="4" town="Coldwater" county="Grant" land_regions="D" locality="R" date="1962" latitude="36.72408" longitude="-98.05584" file_name="LAO(INF017)2bmeta.txt" path_to_file="LAP\Projects\LAO\Speakers\LAO(INF017)\Audio\LAO(INF017)2b\LAO(INF017)2bmeta.txt"/>
	<entry id="1060170215" project="LAO" informant="INF017" reel="2c" region="1" narrative="_Q" label="Family" state="OK" sex="M " age="76" age_level="3" education="4" town="Coldwater" county="Grant" land_regions="D" locality="R" date="1962" latitude="36.72408" longitude="-98.05584" file_name="LAO(INF017)2c 01 Family.mp3" path_to_file="LAP\Projects\LAO\Speakers\LAO(INF017)\Audio\LAO(INF017)2c\LAO(INF017)2c 01 Family.mp3"/>
	<entry id="1060170216" project="LAO" informant="INF017" reel="2c" region="2" narrative="_Q" label="Names, Titles and Occupations" state="OK" sex="M " age="76" age_level="3" education="4" town="Coldwater" county="Grant" land_regions="D" locality="R" date="1962" latitude="36.72408" longitude="-98.05584" file_name="LAO(INF017)2c 02 Names, Titles and Occupations.mp3" path_to_file="LAP\Projects\LAO\Speakers\LAO(INF017)\Audio\LAO(INF017)2c\LAO(INF017)2c 02 Names, Titles and Occupations.mp3"/>
	<entry id="1060170217" project="LAO" informant="INF017" reel="2c" region="3" narrative="_Q" label="Body Parts" state="OK" sex="M " age="76" age_level="3" education="4" town="Coldwater" county="Grant" land_regions="D" locality="R" date="1962" latitude="36.72408" longitude="-98.05584" file_name="LAO(INF017)2c 03 Body Parts.mp3" path_to_file="LAP\Projects\LAO\Speakers\LAO(INF017)\Audio\LAO(INF017)2c\LAO(INF017)2c 03 Body Parts.mp3"/>
	<entry id="1060170218" project="LAO" informant="INF017" reel="2c" region="4" narrative="_Q" label="Personal Characteristics" state="OK" sex="M " age="76" age_level="3" education="4" town="Coldwater" county="Grant" land_regions="D" locality="R" date="1962" latitude="36.72408" longitude="-98.05584" file_name="LAO(INF017)2c 04 Personal Characteristics.mp3" path_to_file="LAP\Projects\LAO\Speakers\LAO(INF017)\Audio\LAO(INF017)2c\LAO(INF017)2c 04 Personal Characteristics.mp3"/>
	<entry id="1060170219" project="LAO" informant="INF017" reel="2c" region="5" narrative="_Q" label="Illness and Death" state="OK" sex="M " age="76" age_level="3" education="4" town="Coldwater" county="Grant" land_regions="D" locality="R" date="1962" latitude="36.72408" longitude="-98.05584" file_name="LAO(INF017)2c 05 Illness and Death.mp3" path_to_file="LAP\Projects\LAO\Speakers\LAO(INF017)\Audio\LAO(INF017)2c\LAO(INF017)2c 05 Illness and Death.mp3"/>
	<entry id="1060170220" project="LAO" informant="INF017" reel="2c" region="6" narrative="_Q" label="Illness and Death" state="OK" sex="M " age="76" age_level="3" education="4" town="Coldwater" county="Grant" land_regions="D" locality="R" date="1962" latitude="36.72408" longitude="-98.05584" file_name="LAO(INF017)2c 06 Illness and Death.mp3" path_to_file="LAP\Projects\LAO\Speakers\LAO(INF017)\Audio\LAO(INF017)2c\LAO(INF017)2c 06 Illness and Death.mp3"/>
	<entry id="1060170221" project="LAO" informant="INF017" reel="2c" region="7" narrative="_Q" label="Public Institutions" state="OK" sex="M " age="76" age_level="3" education="4" town="Coldwater" county="Grant" land_regions="D" locality="R" date="1962" latitude="36.72408" longitude="-98.05584" file_name="LAO(INF017)2c 07 Public Institutions.mp3" path_to_file="LAP\Projects\LAO\Speakers\LAO(INF017)\Audio\LAO(INF017)2c\LAO(INF017)2c 07 Public Institutions.mp3"/>
	<entry id="3060170203" project="LAO" informant="INF017" reel="2c" region="0" narrative="_I" label="Metadata" state="OK" sex="M " age="76" age_level="3" education="4" town="Coldwater" county="Grant" land_regions="D" locality="R" date="1962" latitude="36.72408" longitude="-98.05584" file_name="LAO(INF017)2cmeta.txt" path_to_file="LAP\Projects\LAO\Speakers\LAO(INF017)\Audio\LAO(INF017)2c\LAO(INF017)2cmeta.txt"/>
	<entry id="3060170001" project="LAO" informant="INF017" reel="0" region="0" narrative="_I" label="Biographical Information" state="OK" sex="M " age="76" age_level="3" education="4" town="Coldwater" county="Grant" land_regions="D" locality="R" date="1962" latitude="36.72408" longitude="-98.05584" file_name="LAO(INF017)BIO.txt" path_to_file="LAP\Projects\LAO\Speakers\LAO(INF017)\Text\LAO(INF017)BIO.txt"/>
</Audio>