<?xml version="1.0" encoding="UTF-8" standalone="yes"?>
<Audio>
	<entry id="1060240101" project="LAO" informant="INF024" reel="1a" region="1" narrative="_Q" label="Dwellings" state="OK" sex="M " age="68" age_level="3" education="1" town="Grant" county="Choctaw" land_regions="D" locality="R" date="1962" latitude="33.93904" longitude="-95.51916" file_name="LAO(INF024)1a 01 Dwellings.mp3" path_to_file="LAP\Projects\LAO\Speakers\LAO(INF024)\Audio\LAO(INF024)1a\LAO(INF024)1a 01 Dwellings.mp3"/>
	<entry id="1060240102" project="LAO" informant="INF024" reel="1a" region="2" narrative="_Q" label="Dwellings" state="OK" sex="M " age="68" age_level="3" education="1" town="Grant" county="Choctaw" land_regions="D" locality="R" date="1962" latitude="33.93904" longitude="-95.51916" file_name="LAO(INF024)1a 02 Dwellings.mp3" path_to_file="LAP\Projects\LAO\Speakers\LAO(INF024)\Audio\LAO(INF024)1a\LAO(INF024)1a 02 Dwellings.mp3"/>
	<entry id="1060240103" project="LAO" informant="INF024" reel="1a" region="3" narrative="_Q" label="Dwellings" state="OK" sex="M " age="68" age_level="3" education="1" town="Grant" county="Choctaw" land_regions="D" locality="R" date="1962" latitude="33.93904" longitude="-95.51916" file_name="LAO(INF024)1a 03 Dwellings.mp3" path_to_file="LAP\Projects\LAO\Speakers\LAO(INF024)\Audio\LAO(INF024)1a\LAO(INF024)1a 03 Dwellings.mp3"/>
	<entry id="1060240104" project="LAO" informant="INF024" reel="1a" region="4" narrative="_Q" label="Agriculture" state="OK" sex="M " age="68" age_level="3" education="1" town="Grant" county="Choctaw" land_regions="D" locality="R" date="1962" latitude="33.93904" longitude="-95.51916" file_name="LAO(INF024)1a 04 Agriculture.mp3" path_to_file="LAP\Projects\LAO\Speakers\LAO(INF024)\Audio\LAO(INF024)1a\LAO(INF024)1a 04 Agriculture.mp3"/>
	<entry id="1060240105" project="LAO" informant="INF024" reel="1a" region="5" narrative="_Q" label="Clothing" state="OK" sex="M " age="68" age_level="3" education="1" town="Grant" county="Choctaw" land_regions="D" locality="R" date="1962" latitude="33.93904" longitude="-95.51916" file_name="LAO(INF024)1a 05 Clothing.mp3" path_to_file="LAP\Projects\LAO\Speakers\LAO(INF024)\Audio\LAO(INF024)1a\LAO(INF024)1a 05 Clothing.mp3"/>
	<entry id="1060240106" project="LAO" informant="INF024" reel="1a" region="6" narrative="_Q" label="Dwellings" state="OK" sex="M " age="68" age_level="3" education="1" town="Grant" county="Choctaw" land_regions="D" locality="R" date="1962" latitude="33.93904" longitude="-95.51916" file_name="LAO(INF024)1a 06 Dwellings.mp3" path_to_file="LAP\Projects\LAO\Speakers\LAO(INF024)\Audio\LAO(INF024)1a\LAO(INF024)1a 06 Dwellings.mp3"/>
	<entry id="1060240107" project="LAO" informant="INF024" reel="1a" region="7" narrative="_Q" label="Dwellings" state="OK" sex="M " age="68" age_level="3" education="1" town="Grant" county="Choctaw" land_regions="D" locality="R" date="1962" latitude="33.93904" longitude="-95.51916" file_name="LAO(INF024)1a 07 Dwellings.mp3" path_to_file="LAP\Projects\LAO\Speakers\LAO(INF024)\Audio\LAO(INF024)1a\LAO(INF024)1a 07 Dwellings.mp3"/>
	<entry id="3060240101" project="LAO" informant="INF024" reel="1a" region="0" narrative="_I" label="Metadata" state="OK" sex="M " age="68" age_level="3" education="1" town="Grant" county="Choctaw" land_regions="D" locality="R" date="1962" latitude="33.93904" longitude="-95.51916" file_name="LAO(INF024)1ameta.txt" path_to_file="LAP\Projects\LAO\Speakers\LAO(INF024)\Audio\LAO(INF024)1a\LAO(INF024)1ameta.txt"/>
	<entry id="1060240108" project="LAO" informant="INF024" reel="1b" region="1" narrative="_Q" label="Containers and Utensils" state="OK" sex="M " age="68" age_level="3" education="1" town="Grant" county="Choctaw" land_regions="D" locality="R" date="1962" latitude="33.93904" longitude="-95.51916" file_name="LAO(INF024)1b 01 Containers and Utensils.mp3" path_to_file="LAP\Projects\LAO\Speakers\LAO(INF024)\Audio\LAO(INF024)1b\LAO(INF024)1b 01 Containers and Utensils.mp3"/>
	<entry id="1060240109" project="LAO" informant="INF024" reel="1b" region="2" narrative="_Q" label="Dwellings" state="OK" sex="M " age="68" age_level="3" education="1" town="Grant" county="Choctaw" land_regions="D" locality="R" date="1962" latitude="33.93904" longitude="-95.51916" file_name="LAO(INF024)1b 02 Dwellings.mp3" path_to_file="LAP\Projects\LAO\Speakers\LAO(INF024)\Audio\LAO(INF024)1b\LAO(INF024)1b 02 Dwellings.mp3"/>
	<entry id="1060240110" project="LAO" informant="INF024" reel="1b" region="3" narrative="_Q" label="The Farm" state="OK" sex="M " age="68" age_level="3" education="1" town="Grant" county="Choctaw" land_regions="D" locality="R" date="1962" latitude="33.93904" longitude="-95.51916" file_name="LAO(INF024)1b 03 The Farm.mp3" path_to_file="LAP\Projects\LAO\Speakers\LAO(INF024)\Audio\LAO(INF024)1b\LAO(INF024)1b 03 The Farm.mp3"/>
	<entry id="1060240111" project="LAO" informant="INF024" reel="1b" region="4" narrative="_Q" label="The Farm" state="OK" sex="M " age="68" age_level="3" education="1" town="Grant" county="Choctaw" land_regions="D" locality="R" date="1962" latitude="33.93904" longitude="-95.51916" file_name="LAO(INF024)1b 04 The Farm.mp3" path_to_file="LAP\Projects\LAO\Speakers\LAO(INF024)\Audio\LAO(INF024)1b\LAO(INF024)1b 04 The Farm.mp3"/>
	<entry id="1060240112" project="LAO" informant="INF024" reel="1b" region="5" narrative="_Q" label="Agriculture" state="OK" sex="M " age="68" age_level="3" education="1" town="Grant" county="Choctaw" land_regions="D" locality="R" date="1962" latitude="33.93904" longitude="-95.51916" file_name="LAO(INF024)1b 05 Agriculture.mp3" path_to_file="LAP\Projects\LAO\Speakers\LAO(INF024)\Audio\LAO(INF024)1b\LAO(INF024)1b 05 Agriculture.mp3"/>
	<entry id="1060240113" project="LAO" informant="INF024" reel="1b" region="6" narrative="_Q" label="Dwellings" state="OK" sex="M " age="68" age_level="3" education="1" town="Grant" county="Choctaw" land_regions="D" locality="R" date="1962" latitude="33.93904" longitude="-95.51916" file_name="LAO(INF024)1b 06 Dwellings.mp3" path_to_file="LAP\Projects\LAO\Speakers\LAO(INF024)\Audio\LAO(INF024)1b\LAO(INF024)1b 06 Dwellings.mp3"/>
	<entry id="1060240114" project="LAO" informant="INF024" reel="1b" region="7" narrative="_Q" label="Calls to Animals" state="OK" sex="M " age="68" age_level="3" education="1" town="Grant" county="Choctaw" land_regions="D" locality="R" date="1962" latitude="33.93904" longitude="-95.51916" file_name="LAO(INF024)1b 07 Calls to Animals.mp3" path_to_file="LAP\Projects\LAO\Speakers\LAO(INF024)\Audio\LAO(INF024)1b\LAO(INF024)1b 07 Calls to Animals.mp3"/>
	<entry id="3060240102" project="LAO" informant="INF024" reel="1b" region="0" narrative="_I" label="Metadata" state="OK" sex="M " age="68" age_level="3" education="1" town="Grant" county="Choctaw" land_regions="D" locality="R" date="1962" latitude="33.93904" longitude="-95.51916" file_name="LAO(INF024)1bmeta.txt" path_to_file="LAP\Projects\LAO\Speakers\LAO(INF024)\Audio\LAO(INF024)1b\LAO(INF024)1bmeta.txt"/>
	<entry id="1060240115" project="LAO" informant="INF024" reel="1c" region="1" narrative="_Q" label="Agriculture" state="OK" sex="M " age="68" age_level="3" education="1" town="Grant" county="Choctaw" land_regions="D" locality="R" date="1962" latitude="33.93904" longitude="-95.51916" file_name="LAO(INF024)1c 01 Agriculture.mp3" path_to_file="LAP\Projects\LAO\Speakers\LAO(INF024)\Audio\LAO(INF024)1c\LAO(INF024)1c 01 Agriculture.mp3"/>
	<entry id="1060240116" project="LAO" informant="INF024" reel="1c" region="2" narrative="_Q" label="Containers and Utensils" state="OK" sex="M " age="68" age_level="3" education="1" town="Grant" county="Choctaw" land_regions="D" locality="R" date="1962" latitude="33.93904" longitude="-95.51916" file_name="LAO(INF024)1c 02 Containers and Utensils.mp3" path_to_file="LAP\Projects\LAO\Speakers\LAO(INF024)\Audio\LAO(INF024)1c\LAO(INF024)1c 02 Containers and Utensils.mp3"/>
	<entry id="1060240117" project="LAO" informant="INF024" reel="1c" region="3" narrative="_Q" label="Vehicles" state="OK" sex="M " age="68" age_level="3" education="1" town="Grant" county="Choctaw" land_regions="D" locality="R" date="1962" latitude="33.93904" longitude="-95.51916" file_name="LAO(INF024)1c 03 Vehicles.mp3" path_to_file="LAP\Projects\LAO\Speakers\LAO(INF024)\Audio\LAO(INF024)1c\LAO(INF024)1c 03 Vehicles.mp3"/>
	<entry id="1060240118" project="LAO" informant="INF024" reel="1c" region="4" narrative="_Q" label="Sport and Play" state="OK" sex="M " age="68" age_level="3" education="1" town="Grant" county="Choctaw" land_regions="D" locality="R" date="1962" latitude="33.93904" longitude="-95.51916" file_name="LAO(INF024)1c 04 Sport and Play.mp3" path_to_file="LAP\Projects\LAO\Speakers\LAO(INF024)\Audio\LAO(INF024)1c\LAO(INF024)1c 04 Sport and Play.mp3"/>
	<entry id="1060240119" project="LAO" informant="INF024" reel="1c" region="5" narrative="_Q" label="Sport and Play" state="OK" sex="M " age="68" age_level="3" education="1" town="Grant" county="Choctaw" land_regions="D" locality="R" date="1962" latitude="33.93904" longitude="-95.51916" file_name="LAO(INF024)1c 05 Sport and Play.mp3" path_to_file="LAP\Projects\LAO\Speakers\LAO(INF024)\Audio\LAO(INF024)1c\LAO(INF024)1c 05 Sport and Play.mp3"/>
	<entry id="1060240120" project="LAO" informant="INF024" reel="1c" region="6" narrative="_Q" label="Vehicles" state="OK" sex="M " age="68" age_level="3" education="1" town="Grant" county="Choctaw" land_regions="D" locality="R" date="1962" latitude="33.93904" longitude="-95.51916" file_name="LAO(INF024)1c 06 Vehicles.mp3" path_to_file="LAP\Projects\LAO\Speakers\LAO(INF024)\Audio\LAO(INF024)1c\LAO(INF024)1c 06 Vehicles.mp3"/>
	<entry id="1060240121" project="LAO" informant="INF024" reel="1c" region="7" narrative="_Q" label="Clothing" state="OK" sex="M " age="68" age_level="3" education="1" town="Grant" county="Choctaw" land_regions="D" locality="R" date="1962" latitude="33.93904" longitude="-95.51916" file_name="LAO(INF024)1c 07 Clothing.mp3" path_to_file="LAP\Projects\LAO\Speakers\LAO(INF024)\Audio\LAO(INF024)1c\LAO(INF024)1c 07 Clothing.mp3"/>
	<entry id="1060240122" project="LAO" informant="INF024" reel="1c" region="8" narrative="_Q" label="Vegetables" state="OK" sex="M " age="68" age_level="3" education="1" town="Grant" county="Choctaw" land_regions="D" locality="R" date="1962" latitude="33.93904" longitude="-95.51916" file_name="LAO(INF024)1c 08 Vegetables.mp3" path_to_file="LAP\Projects\LAO\Speakers\LAO(INF024)\Audio\LAO(INF024)1c\LAO(INF024)1c 08 Vegetables.mp3"/>
	<entry id="3060240103" project="LAO" informant="INF024" reel="1c" region="0" narrative="_I" label="Metadata" state="OK" sex="M " age="68" age_level="3" education="1" town="Grant" county="Choctaw" land_regions="D" locality="R" date="1962" latitude="33.93904" longitude="-95.51916" file_name="LAO(INF024)1cmeta.txt" path_to_file="LAP\Projects\LAO\Speakers\LAO(INF024)\Audio\LAO(INF024)1c\LAO(INF024)1cmeta.txt"/>
	<entry id="1060240201" project="LAO" informant="INF024" reel="2a" region="1" narrative="_Q" label="Topography" state="OK" sex="M " age="68" age_level="3" education="1" town="Grant" county="Choctaw" land_regions="D" locality="R" date="1962" latitude="33.93904" longitude="-95.51916" file_name="LAO(INF024)2a 01 Topography.mp3" path_to_file="LAP\Projects\LAO\Speakers\LAO(INF024)\Audio\LAO(INF024)2a\LAO(INF024)2a 01 Topography.mp3"/>
	<entry id="1060240202" project="LAO" informant="INF024" reel="2a" region="2" narrative="_Q" label="Verbs_Principal Parts" state="OK" sex="M " age="68" age_level="3" education="1" town="Grant" county="Choctaw" land_regions="D" locality="R" date="1962" latitude="33.93904" longitude="-95.51916" file_name="LAO(INF024)2a 02 Verbs_Principal Parts.mp3" path_to_file="LAP\Projects\LAO\Speakers\LAO(INF024)\Audio\LAO(INF024)2a\LAO(INF024)2a 02 Verbs_Principal Parts.mp3"/>
	<entry id="1060240203" project="LAO" informant="INF024" reel="2a" region="3" narrative="_Q" label="Topography" state="OK" sex="M " age="68" age_level="3" education="1" town="Grant" county="Choctaw" land_regions="D" locality="R" date="1962" latitude="33.93904" longitude="-95.51916" file_name="LAO(INF024)2a 03 Topography.mp3" path_to_file="LAP\Projects\LAO\Speakers\LAO(INF024)\Audio\LAO(INF024)2a\LAO(INF024)2a 03 Topography.mp3"/>
	<entry id="1060240204" project="LAO" informant="INF024" reel="2a" region="4" narrative="_Q" label="Dwellings" state="OK" sex="M " age="68" age_level="3" education="1" town="Grant" county="Choctaw" land_regions="D" locality="R" date="1962" latitude="33.93904" longitude="-95.51916" file_name="LAO(INF024)2a 04 Dwellings.mp3" path_to_file="LAP\Projects\LAO\Speakers\LAO(INF024)\Audio\LAO(INF024)2a\LAO(INF024)2a 04 Dwellings.mp3"/>
	<entry id="1060240205" project="LAO" informant="INF024" reel="2a" region="5" narrative="_N" label="Domestic Animals" state="OK" sex="M " age="68" age_level="3" education="1" town="Grant" county="Choctaw" land_regions="D" locality="R" date="1962" latitude="33.93904" longitude="-95.51916" file_name="LAO(INF024)2a 05 Domestic Animals_N.mp3" path_to_file="LAP\Projects\LAO\Speakers\LAO(INF024)\Audio\LAO(INF024)2a\LAO(INF024)2a 05 Domestic Animals_N.mp3"/>
	<entry id="1060240206" project="LAO" informant="INF024" reel="2a" region="6" narrative="_Q" label="Domestic Animals" state="OK" sex="M " age="68" age_level="3" education="1" town="Grant" county="Choctaw" land_regions="D" locality="R" date="1962" latitude="33.93904" longitude="-95.51916" file_name="LAO(INF024)2a 06 Domestic Animals.mp3" path_to_file="LAP\Projects\LAO\Speakers\LAO(INF024)\Audio\LAO(INF024)2a\LAO(INF024)2a 06 Domestic Animals.mp3"/>
	<entry id="1060240207" project="LAO" informant="INF024" reel="2a" region="7" narrative="_Q" label="Sport and Play" state="OK" sex="M " age="68" age_level="3" education="1" town="Grant" county="Choctaw" land_regions="D" locality="R" date="1962" latitude="33.93904" longitude="-95.51916" file_name="LAO(INF024)2a 07 Sport and Play.mp3" path_to_file="LAP\Projects\LAO\Speakers\LAO(INF024)\Audio\LAO(INF024)2a\LAO(INF024)2a 07 Sport and Play.mp3"/>
	<entry id="3060240201" project="LAO" informant="INF024" reel="2a" region="0" narrative="_I" label="Metadata" state="OK" sex="M " age="68" age_level="3" education="1" town="Grant" county="Choctaw" land_regions="D" locality="R" date="1962" latitude="33.93904" longitude="-95.51916" file_name="LAO(INF024)2ameta.txt" path_to_file="LAP\Projects\LAO\Speakers\LAO(INF024)\Audio\LAO(INF024)2a\LAO(INF024)2ameta.txt"/>
	<entry id="1060240208" project="LAO" informant="INF024" reel="2b" region="1" narrative="_Q" label="Domestic Animals" state="OK" sex="M " age="68" age_level="3" education="1" town="Grant" county="Choctaw" land_regions="D" locality="R" date="1962" latitude="33.93904" longitude="-95.51916" file_name="LAO(INF024)2b 01 Domestic Animals.mp3" path_to_file="LAP\Projects\LAO\Speakers\LAO(INF024)\Audio\LAO(INF024)2b\LAO(INF024)2b 01 Domestic Animals.mp3"/>
	<entry id="1060240209" project="LAO" informant="INF024" reel="2b" region="2" narrative="_Q" label="Time" state="OK" sex="M " age="68" age_level="3" education="1" town="Grant" county="Choctaw" land_regions="D" locality="R" date="1962" latitude="33.93904" longitude="-95.51916" file_name="LAO(INF024)2b 02 Time.mp3" path_to_file="LAP\Projects\LAO\Speakers\LAO(INF024)\Audio\LAO(INF024)2b\LAO(INF024)2b 02 Time.mp3"/>
	<entry id="1060240210" project="LAO" informant="INF024" reel="2b" region="3" narrative="_Q" label="Vehicles" state="OK" sex="M " age="68" age_level="3" education="1" town="Grant" county="Choctaw" land_regions="D" locality="R" date="1962" latitude="33.93904" longitude="-95.51916" file_name="LAO(INF024)2b 03 Vehicles.mp3" path_to_file="LAP\Projects\LAO\Speakers\LAO(INF024)\Audio\LAO(INF024)2b\LAO(INF024)2b 03 Vehicles.mp3"/>
	<entry id="1060240211" project="LAO" informant="INF024" reel="2b" region="4" narrative="_Q" label="Agriculture" state="OK" sex="M " age="68" age_level="3" education="1" town="Grant" county="Choctaw" land_regions="D" locality="R" date="1962" latitude="33.93904" longitude="-95.51916" file_name="LAO(INF024)2b 04 Agriculture.mp3" path_to_file="LAP\Projects\LAO\Speakers\LAO(INF024)\Audio\LAO(INF024)2b\LAO(INF024)2b 04 Agriculture.mp3"/>
	<entry id="1060240212" project="LAO" informant="INF024" reel="2b" region="5" narrative="_Q" label="Food and Cooking" state="OK" sex="M " age="68" age_level="3" education="1" town="Grant" county="Choctaw" land_regions="D" locality="R" date="1962" latitude="33.93904" longitude="-95.51916" file_name="LAO(INF024)2b 05 Food and Cooking.mp3" path_to_file="LAP\Projects\LAO\Speakers\LAO(INF024)\Audio\LAO(INF024)2b\LAO(INF024)2b 05 Food and Cooking.mp3"/>
	<entry id="1060240213" project="LAO" informant="INF024" reel="2b" region="6" narrative="_Q" label="Food and Cooking" state="OK" sex="M " age="68" age_level="3" education="1" town="Grant" county="Choctaw" land_regions="D" locality="R" date="1962" latitude="33.93904" longitude="-95.51916" file_name="LAO(INF024)2b 06 Food and Cooking.mp3" path_to_file="LAP\Projects\LAO\Speakers\LAO(INF024)\Audio\LAO(INF024)2b\LAO(INF024)2b 06 Food and Cooking.mp3"/>
	<entry id="1060240214" project="LAO" informant="INF024" reel="2b" region="7" narrative="_N" label="Dwellings " state="OK" sex="M " age="68" age_level="3" education="1" town="Grant" county="Choctaw" land_regions="D" locality="R" date="1962" latitude="33.93904" longitude="-95.51916" file_name="LAO(INF024)2b 07 Dwellings_N .mp3" path_to_file="LAP\Projects\LAO\Speakers\LAO(INF024)\Audio\LAO(INF024)2b\LAO(INF024)2b 07 Dwellings_N .mp3"/>
	<entry id="3060240202" project="LAO" informant="INF024" reel="2b" region="0" narrative="_I" label="Metadata" state="OK" sex="M " age="68" age_level="3" education="1" town="Grant" county="Choctaw" land_regions="D" locality="R" date="1962" latitude="33.93904" longitude="-95.51916" file_name="LAO(INF024)2bmeta.txt" path_to_file="LAP\Projects\LAO\Speakers\LAO(INF024)\Audio\LAO(INF024)2b\LAO(INF024)2bmeta.txt"/>
	<entry id="1060240215" project="LAO" informant="INF024" reel="2c" region="1" narrative="_Q" label="Geography" state="OK" sex="M " age="68" age_level="3" education="1" town="Grant" county="Choctaw" land_regions="D" locality="R" date="1962" latitude="33.93904" longitude="-95.51916" file_name="LAO(INF024)2c 01 Geography.mp3" path_to_file="LAP\Projects\LAO\Speakers\LAO(INF024)\Audio\LAO(INF024)2c\LAO(INF024)2c 01 Geography.mp3"/>
	<entry id="1060240216" project="LAO" informant="INF024" reel="2c" region="2" narrative="_Q" label="Domestic Animals" state="OK" sex="M " age="68" age_level="3" education="1" town="Grant" county="Choctaw" land_regions="D" locality="R" date="1962" latitude="33.93904" longitude="-95.51916" file_name="LAO(INF024)2c 02 Domestic Animals.mp3" path_to_file="LAP\Projects\LAO\Speakers\LAO(INF024)\Audio\LAO(INF024)2c\LAO(INF024)2c 02 Domestic Animals.mp3"/>
	<entry id="1060240217" project="LAO" informant="INF024" reel="2c" region="3" narrative="_Q" label="Food and Cooking" state="OK" sex="M " age="68" age_level="3" education="1" town="Grant" county="Choctaw" land_regions="D" locality="R" date="1962" latitude="33.93904" longitude="-95.51916" file_name="LAO(INF024)2c 03 Food and Cooking.mp3" path_to_file="LAP\Projects\LAO\Speakers\LAO(INF024)\Audio\LAO(INF024)2c\LAO(INF024)2c 03 Food and Cooking.mp3"/>
	<entry id="1060240218" project="LAO" informant="INF024" reel="2c" region="4" narrative="_Q" label="Food and Cooking" state="OK" sex="M " age="68" age_level="3" education="1" town="Grant" county="Choctaw" land_regions="D" locality="R" date="1962" latitude="33.93904" longitude="-95.51916" file_name="LAO(INF024)2c 04 Food and Cooking.mp3" path_to_file="LAP\Projects\LAO\Speakers\LAO(INF024)\Audio\LAO(INF024)2c\LAO(INF024)2c 04 Food and Cooking.mp3"/>
	<entry id="1060240219" project="LAO" informant="INF024" reel="2c" region="5" narrative="_Q" label="Pronouns" state="OK" sex="M " age="68" age_level="3" education="1" town="Grant" county="Choctaw" land_regions="D" locality="R" date="1962" latitude="33.93904" longitude="-95.51916" file_name="LAO(INF024)2c 05 Pronouns.mp3" path_to_file="LAP\Projects\LAO\Speakers\LAO(INF024)\Audio\LAO(INF024)2c\LAO(INF024)2c 05 Pronouns.mp3"/>
	<entry id="1060240220" project="LAO" informant="INF024" reel="2c" region="6" narrative="_Q" label="Vegetables" state="OK" sex="M " age="68" age_level="3" education="1" town="Grant" county="Choctaw" land_regions="D" locality="R" date="1962" latitude="33.93904" longitude="-95.51916" file_name="LAO(INF024)2c 06 Vegetables.mp3" path_to_file="LAP\Projects\LAO\Speakers\LAO(INF024)\Audio\LAO(INF024)2c\LAO(INF024)2c 06 Vegetables.mp3"/>
	<entry id="1060240221" project="LAO" informant="INF024" reel="2c" region="7" narrative="_Q" label="Agrictulture" state="OK" sex="M " age="68" age_level="3" education="1" town="Grant" county="Choctaw" land_regions="D" locality="R" date="1962" latitude="33.93904" longitude="-95.51916" file_name="LAO(INF024)2c 07 Agrictulture.mp3" path_to_file="LAP\Projects\LAO\Speakers\LAO(INF024)\Audio\LAO(INF024)2c\LAO(INF024)2c 07 Agrictulture.mp3"/>
	<entry id="3060240203" project="LAO" informant="INF024" reel="2c" region="0" narrative="_I" label="Metadata" state="OK" sex="M " age="68" age_level="3" education="1" town="Grant" county="Choctaw" land_regions="D" locality="R" date="1962" latitude="33.93904" longitude="-95.51916" file_name="LAO(INF024)2cmeta.txt" path_to_file="LAP\Projects\LAO\Speakers\LAO(INF024)\Audio\LAO(INF024)2c\LAO(INF024)2cmeta.txt"/>
	<entry id="1060240301" project="LAO" informant="INF024" reel="3a" region="1" narrative="_Q" label="Agriculture" state="OK" sex="M " age="68" age_level="3" education="1" town="Grant" county="Choctaw" land_regions="D" locality="R" date="1962" latitude="33.93904" longitude="-95.51916" file_name="LAO(INF024)3a 01 Agriculture.mp3" path_to_file="LAP\Projects\LAO\Speakers\LAO(INF024)\Audio\LAO(INF024)3a\LAO(INF024)3a 01 Agriculture.mp3"/>
	<entry id="1060240302" project="LAO" informant="INF024" reel="3a" region="2" narrative="_Q" label="Vegetables" state="OK" sex="M " age="68" age_level="3" education="1" town="Grant" county="Choctaw" land_regions="D" locality="R" date="1962" latitude="33.93904" longitude="-95.51916" file_name="LAO(INF024)3a 02 Vegetables.mp3" path_to_file="LAP\Projects\LAO\Speakers\LAO(INF024)\Audio\LAO(INF024)3a\LAO(INF024)3a 02 Vegetables.mp3"/>
	<entry id="1060240303" project="LAO" informant="INF024" reel="3a" region="3" narrative="_Q" label="Vegetables" state="OK" sex="M " age="68" age_level="3" education="1" town="Grant" county="Choctaw" land_regions="D" locality="R" date="1962" latitude="33.93904" longitude="-95.51916" file_name="LAO(INF024)3a 03 Vegetables.mp3" path_to_file="LAP\Projects\LAO\Speakers\LAO(INF024)\Audio\LAO(INF024)3a\LAO(INF024)3a 03 Vegetables.mp3"/>
	<entry id="1060240304" project="LAO" informant="INF024" reel="3a" region="4" narrative="_Q" label="Wild Animals" state="OK" sex="M " age="68" age_level="3" education="1" town="Grant" county="Choctaw" land_regions="D" locality="R" date="1962" latitude="33.93904" longitude="-95.51916" file_name="LAO(INF024)3a 04 Wild Animals.mp3" path_to_file="LAP\Projects\LAO\Speakers\LAO(INF024)\Audio\LAO(INF024)3a\LAO(INF024)3a 04 Wild Animals.mp3"/>
	<entry id="1060240305" project="LAO" informant="INF024" reel="3a" region="5" narrative="_Q" label="Wild Animals" state="OK" sex="M " age="68" age_level="3" education="1" town="Grant" county="Choctaw" land_regions="D" locality="R" date="1962" latitude="33.93904" longitude="-95.51916" file_name="LAO(INF024)3a 05 Wild Animals.mp3" path_to_file="LAP\Projects\LAO\Speakers\LAO(INF024)\Audio\LAO(INF024)3a\LAO(INF024)3a 05 Wild Animals.mp3"/>
	<entry id="1060240306" project="LAO" informant="INF024" reel="3a" region="6" narrative="_Q" label="Religion" state="OK" sex="M " age="68" age_level="3" education="1" town="Grant" county="Choctaw" land_regions="D" locality="R" date="1962" latitude="33.93904" longitude="-95.51916" file_name="LAO(INF024)3a 06 Religion.mp3" path_to_file="LAP\Projects\LAO\Speakers\LAO(INF024)\Audio\LAO(INF024)3a\LAO(INF024)3a 06 Religion.mp3"/>
	<entry id="1060240307" project="LAO" informant="INF024" reel="3a" region="7" narrative="_Q" label="Wild Animals" state="OK" sex="M " age="68" age_level="3" education="1" town="Grant" county="Choctaw" land_regions="D" locality="R" date="1962" latitude="33.93904" longitude="-95.51916" file_name="LAO(INF024)3a 07 Wild Animals.mp3" path_to_file="LAP\Projects\LAO\Speakers\LAO(INF024)\Audio\LAO(INF024)3a\LAO(INF024)3a 07 Wild Animals.mp3"/>
	<entry id="3060240301" project="LAO" informant="INF024" reel="3a" region="0" narrative="_I" label="Metadata" state="OK" sex="M " age="68" age_level="3" education="1" town="Grant" county="Choctaw" land_regions="D" locality="R" date="1962" latitude="33.93904" longitude="-95.51916" file_name="LAO(INF024)3ameta.txt" path_to_file="LAP\Projects\LAO\Speakers\LAO(INF024)\Audio\LAO(INF024)3a\LAO(INF024)3ameta.txt"/>
	<entry id="1060240308" project="LAO" informant="INF024" reel="3b" region="1" narrative="_Q" label="Wild Animals" state="OK" sex="M " age="68" age_level="3" education="1" town="Grant" county="Choctaw" land_regions="D" locality="R" date="1962" latitude="33.93904" longitude="-95.51916" file_name="LAO(INF024)3b 01 Wild Animals.mp3" path_to_file="LAP\Projects\LAO\Speakers\LAO(INF024)\Audio\LAO(INF024)3b\LAO(INF024)3b 01 Wild Animals.mp3"/>
	<entry id="1060240309" project="LAO" informant="INF024" reel="3b" region="2" narrative="_Q" label="Trees and Shrubs" state="OK" sex="M " age="68" age_level="3" education="1" town="Grant" county="Choctaw" land_regions="D" locality="R" date="1962" latitude="33.93904" longitude="-95.51916" file_name="LAO(INF024)3b 02 Trees and Shrubs.mp3" path_to_file="LAP\Projects\LAO\Speakers\LAO(INF024)\Audio\LAO(INF024)3b\LAO(INF024)3b 02 Trees and Shrubs.mp3"/>
	<entry id="1060240310" project="LAO" informant="INF024" reel="3b" region="3" narrative="_Q" label="Wild Animals" state="OK" sex="M " age="68" age_level="3" education="1" town="Grant" county="Choctaw" land_regions="D" locality="R" date="1962" latitude="33.93904" longitude="-95.51916" file_name="LAO(INF024)3b 03 Wild Animals.mp3" path_to_file="LAP\Projects\LAO\Speakers\LAO(INF024)\Audio\LAO(INF024)3b\LAO(INF024)3b 03 Wild Animals.mp3"/>
	<entry id="1060240311" project="LAO" informant="INF024" reel="3b" region="4" narrative="_Q" label="Family" state="OK" sex="M " age="68" age_level="3" education="1" town="Grant" county="Choctaw" land_regions="D" locality="R" date="1962" latitude="33.93904" longitude="-95.51916" file_name="LAO(INF024)3b 04 Family.mp3" path_to_file="LAP\Projects\LAO\Speakers\LAO(INF024)\Audio\LAO(INF024)3b\LAO(INF024)3b 04 Family.mp3"/>
	<entry id="1060240312" project="LAO" informant="INF024" reel="3b" region="5" narrative="_Q" label="Illness and Death" state="OK" sex="M " age="68" age_level="3" education="1" town="Grant" county="Choctaw" land_regions="D" locality="R" date="1962" latitude="33.93904" longitude="-95.51916" file_name="LAO(INF024)3b 05 Illness and Death.mp3" path_to_file="LAP\Projects\LAO\Speakers\LAO(INF024)\Audio\LAO(INF024)3b\LAO(INF024)3b 05 Illness and Death.mp3"/>
	<entry id="1060240313" project="LAO" informant="INF024" reel="3b" region="6" narrative="_Q" label="Illness and Death" state="OK" sex="M " age="68" age_level="3" education="1" town="Grant" county="Choctaw" land_regions="D" locality="R" date="1962" latitude="33.93904" longitude="-95.51916" file_name="LAO(INF024)3b 06 Illness and Death.mp3" path_to_file="LAP\Projects\LAO\Speakers\LAO(INF024)\Audio\LAO(INF024)3b\LAO(INF024)3b 06 Illness and Death.mp3"/>
	<entry id="1060240314" project="LAO" informant="INF024" reel="3b" region="7" narrative="_Q" label="Names, Titles and Occupations" state="OK" sex="M " age="68" age_level="3" education="1" town="Grant" county="Choctaw" land_regions="D" locality="R" date="1962" latitude="33.93904" longitude="-95.51916" file_name="LAO(INF024)3b 07 Names, Titles and Occupations.mp3" path_to_file="LAP\Projects\LAO\Speakers\LAO(INF024)\Audio\LAO(INF024)3b\LAO(INF024)3b 07 Names, Titles and Occupations.mp3"/>
	<entry id="3060240302" project="LAO" informant="INF024" reel="3b" region="0" narrative="_I" label="Metadata" state="OK" sex="M " age="68" age_level="3" education="1" town="Grant" county="Choctaw" land_regions="D" locality="R" date="1962" latitude="33.93904" longitude="-95.51916" file_name="LAO(INF024)3bmeta.txt" path_to_file="LAP\Projects\LAO\Speakers\LAO(INF024)\Audio\LAO(INF024)3b\LAO(INF024)3bmeta.txt"/>
	<entry id="1060240315" project="LAO" informant="INF024" reel="3c" region="1" narrative="_Q" label="Body Parts" state="OK" sex="M " age="68" age_level="3" education="1" town="Grant" county="Choctaw" land_regions="D" locality="R" date="1962" latitude="33.93904" longitude="-95.51916" file_name="LAO(INF024)3c 01 Body Parts.mp3" path_to_file="LAP\Projects\LAO\Speakers\LAO(INF024)\Audio\LAO(INF024)3c\LAO(INF024)3c 01 Body Parts.mp3"/>
	<entry id="1060240316" project="LAO" informant="INF024" reel="3c" region="2" narrative="_Q" label="Names, Titles and Occupations" state="OK" sex="M " age="68" age_level="3" education="1" town="Grant" county="Choctaw" land_regions="D" locality="R" date="1962" latitude="33.93904" longitude="-95.51916" file_name="LAO(INF024)3c 02 Names, Titles and Occupations.mp3" path_to_file="LAP\Projects\LAO\Speakers\LAO(INF024)\Audio\LAO(INF024)3c\LAO(INF024)3c 02 Names, Titles and Occupations.mp3"/>
	<entry id="1060240317" project="LAO" informant="INF024" reel="3c" region="3" narrative="_Q" label="Verbs_Principal Parts" state="OK" sex="M " age="68" age_level="3" education="1" town="Grant" county="Choctaw" land_regions="D" locality="R" date="1962" latitude="33.93904" longitude="-95.51916" file_name="LAO(INF024)3c 03 Verbs_Principal Parts.mp3" path_to_file="LAP\Projects\LAO\Speakers\LAO(INF024)\Audio\LAO(INF024)3c\LAO(INF024)3c 03 Verbs_Principal Parts.mp3"/>
	<entry id="1060240318" project="LAO" informant="INF024" reel="3c" region="4" narrative="_Q" label="Wild Animals" state="OK" sex="M " age="68" age_level="3" education="1" town="Grant" county="Choctaw" land_regions="D" locality="R" date="1962" latitude="33.93904" longitude="-95.51916" file_name="LAO(INF024)3c 04 Wild Animals.mp3" path_to_file="LAP\Projects\LAO\Speakers\LAO(INF024)\Audio\LAO(INF024)3c\LAO(INF024)3c 04 Wild Animals.mp3"/>
	<entry id="1060240319" project="LAO" informant="INF024" reel="3c" region="5" narrative="_Q" label="Illness and Death" state="OK" sex="M " age="68" age_level="3" education="1" town="Grant" county="Choctaw" land_regions="D" locality="R" date="1962" latitude="33.93904" longitude="-95.51916" file_name="LAO(INF024)3c 05 Illness and Death.mp3" path_to_file="LAP\Projects\LAO\Speakers\LAO(INF024)\Audio\LAO(INF024)3c\LAO(INF024)3c 05 Illness and Death.mp3"/>
	<entry id="1060240320" project="LAO" informant="INF024" reel="3c" region="6" narrative="_Q" label="Body Parts" state="OK" sex="M " age="68" age_level="3" education="1" town="Grant" county="Choctaw" land_regions="D" locality="R" date="1962" latitude="33.93904" longitude="-95.51916" file_name="LAO(INF024)3c 06 Body Parts.mp3" path_to_file="LAP\Projects\LAO\Speakers\LAO(INF024)\Audio\LAO(INF024)3c\LAO(INF024)3c 06 Body Parts.mp3"/>
	<entry id="1060240321" project="LAO" informant="INF024" reel="3c" region="7" narrative="_Q" label="Public Institutions" state="OK" sex="M " age="68" age_level="3" education="1" town="Grant" county="Choctaw" land_regions="D" locality="R" date="1962" latitude="33.93904" longitude="-95.51916" file_name="LAO(INF024)3c 07 Public Institutions.mp3" path_to_file="LAP\Projects\LAO\Speakers\LAO(INF024)\Audio\LAO(INF024)3c\LAO(INF024)3c 07 Public Institutions.mp3"/>
	<entry id="3060240303" project="LAO" informant="INF024" reel="3c" region="0" narrative="_I" label="Metadata" state="OK" sex="M " age="68" age_level="3" education="1" town="Grant" county="Choctaw" land_regions="D" locality="R" date="1962" latitude="33.93904" longitude="-95.51916" file_name="LAO(INF024)3cmeta.txt" path_to_file="LAP\Projects\LAO\Speakers\LAO(INF024)\Audio\LAO(INF024)3c\LAO(INF024)3cmeta.txt"/>
	<entry id="1060240401" project="LAO" informant="INF024" reel="4a" region="1" narrative="_Q" label="Names, Titles and Occupations" state="OK" sex="M " age="68" age_level="3" education="1" town="Grant" county="Choctaw" land_regions="D" locality="R" date="1962" latitude="33.93904" longitude="-95.51916" file_name="LAO(INF024)4a 01 Names, Titles and Occupations.mp3" path_to_file="LAP\Projects\LAO\Speakers\LAO(INF024)\Audio\LAO(INF024)4a\LAO(INF024)4a 01 Names, Titles and Occupations.mp3"/>
	<entry id="1060240402" project="LAO" informant="INF024" reel="4a" region="2" narrative="_Q" label="Geography" state="OK" sex="M " age="68" age_level="3" education="1" town="Grant" county="Choctaw" land_regions="D" locality="R" date="1962" latitude="33.93904" longitude="-95.51916" file_name="LAO(INF024)4a 02 Geography.mp3" path_to_file="LAP\Projects\LAO\Speakers\LAO(INF024)\Audio\LAO(INF024)4a\LAO(INF024)4a 02 Geography.mp3"/>
	<entry id="1060240403" project="LAO" informant="INF024" reel="4a" region="3" narrative="_Q" label="Public Institutions" state="OK" sex="M " age="68" age_level="3" education="1" town="Grant" county="Choctaw" land_regions="D" locality="R" date="1962" latitude="33.93904" longitude="-95.51916" file_name="LAO(INF024)4a 03 Public Institutions.mp3" path_to_file="LAP\Projects\LAO\Speakers\LAO(INF024)\Audio\LAO(INF024)4a\LAO(INF024)4a 03 Public Institutions.mp3"/>
	<entry id="1060240404" project="LAO" informant="INF024" reel="4a" region="4" narrative="_Q" label="Sport and Play" state="OK" sex="M " age="68" age_level="3" education="1" town="Grant" county="Choctaw" land_regions="D" locality="R" date="1962" latitude="33.93904" longitude="-95.51916" file_name="LAO(INF024)4a 04 Sport and Play.mp3" path_to_file="LAP\Projects\LAO\Speakers\LAO(INF024)\Audio\LAO(INF024)4a\LAO(INF024)4a 04 Sport and Play.mp3"/>
	<entry id="1060240405" project="LAO" informant="INF024" reel="4a" region="5" narrative="_Q" label="Geography" state="OK" sex="M " age="68" age_level="3" education="1" town="Grant" county="Choctaw" land_regions="D" locality="R" date="1962" latitude="33.93904" longitude="-95.51916" file_name="LAO(INF024)4a 05 Geography.mp3" path_to_file="LAP\Projects\LAO\Speakers\LAO(INF024)\Audio\LAO(INF024)4a\LAO(INF024)4a 05 Geography.mp3"/>
	<entry id="1060240406" project="LAO" informant="INF024" reel="4a" region="6" narrative="_Q" label="Religion" state="OK" sex="M " age="68" age_level="3" education="1" town="Grant" county="Choctaw" land_regions="D" locality="R" date="1962" latitude="33.93904" longitude="-95.51916" file_name="LAO(INF024)4a 06 Religion.mp3" path_to_file="LAP\Projects\LAO\Speakers\LAO(INF024)\Audio\LAO(INF024)4a\LAO(INF024)4a 06 Religion.mp3"/>
	<entry id="1060240407" project="LAO" informant="INF024" reel="4a" region="7" narrative="_N" label="Sport and Play" state="OK" sex="M " age="68" age_level="3" education="1" town="Grant" county="Choctaw" land_regions="D" locality="R" date="1962" latitude="33.93904" longitude="-95.51916" file_name="LAO(INF024)4a 07 Sport and Play_N.mp3" path_to_file="LAP\Projects\LAO\Speakers\LAO(INF024)\Audio\LAO(INF024)4a\LAO(INF024)4a 07 Sport and Play_N.mp3"/>
	<entry id="3060240401" project="LAO" informant="INF024" reel="4a" region="0" narrative="_I" label="Metadata" state="OK" sex="M " age="68" age_level="3" education="1" town="Grant" county="Choctaw" land_regions="D" locality="R" date="1962" latitude="33.93904" longitude="-95.51916" file_name="LAO(INF024)4ameta.txt" path_to_file="LAP\Projects\LAO\Speakers\LAO(INF024)\Audio\LAO(INF024)4a\LAO(INF024)4ameta.txt"/>
	<entry id="1060240408" project="LAO" informant="INF024" reel="4b" region="1" narrative="_Q" label="Adverbs" state="OK" sex="M " age="68" age_level="3" education="1" town="Grant" county="Choctaw" land_regions="D" locality="R" date="1962" latitude="33.93904" longitude="-95.51916" file_name="LAO(INF024)4b 01 Adverbs.mp3" path_to_file="LAP\Projects\LAO\Speakers\LAO(INF024)\Audio\LAO(INF024)4b\LAO(INF024)4b 01 Adverbs.mp3"/>
	<entry id="1060240409" project="LAO" informant="INF024" reel="4b" region="2" narrative="_Q" label="Topography" state="OK" sex="M " age="68" age_level="3" education="1" town="Grant" county="Choctaw" land_regions="D" locality="R" date="1962" latitude="33.93904" longitude="-95.51916" file_name="LAO(INF024)4b 02 Topography.mp3" path_to_file="LAP\Projects\LAO\Speakers\LAO(INF024)\Audio\LAO(INF024)4b\LAO(INF024)4b 02 Topography.mp3"/>
	<entry id="1060240410" project="LAO" informant="INF024" reel="4b" region="3" narrative="_Q" label="Verbs_Principal Parts" state="OK" sex="M " age="68" age_level="3" education="1" town="Grant" county="Choctaw" land_regions="D" locality="R" date="1962" latitude="33.93904" longitude="-95.51916" file_name="LAO(INF024)4b 03 Verbs_Principal Parts.mp3" path_to_file="LAP\Projects\LAO\Speakers\LAO(INF024)\Audio\LAO(INF024)4b\LAO(INF024)4b 03 Verbs_Principal Parts.mp3"/>
	<entry id="1060240411" project="LAO" informant="INF024" reel="4b" region="4" narrative="_Q" label="Family" state="OK" sex="M " age="68" age_level="3" education="1" town="Grant" county="Choctaw" land_regions="D" locality="R" date="1962" latitude="33.93904" longitude="-95.51916" file_name="LAO(INF024)4b 04 Family.mp3" path_to_file="LAP\Projects\LAO\Speakers\LAO(INF024)\Audio\LAO(INF024)4b\LAO(INF024)4b 04 Family.mp3"/>
	<entry id="1060240412" project="LAO" informant="INF024" reel="4b" region="5" narrative="_Q" label="Personal Characteristics" state="OK" sex="M " age="68" age_level="3" education="1" town="Grant" county="Choctaw" land_regions="D" locality="R" date="1962" latitude="33.93904" longitude="-95.51916" file_name="LAO(INF024)4b 05 Personal Characteristics.mp3" path_to_file="LAP\Projects\LAO\Speakers\LAO(INF024)\Audio\LAO(INF024)4b\LAO(INF024)4b 05 Personal Characteristics.mp3"/>
	<entry id="1060240413" project="LAO" informant="INF024" reel="4b" region="6" narrative="_Q" label="Dwellings" state="OK" sex="M " age="68" age_level="3" education="1" town="Grant" county="Choctaw" land_regions="D" locality="R" date="1962" latitude="33.93904" longitude="-95.51916" file_name="LAO(INF024)4b 06 Dwellings.mp3" path_to_file="LAP\Projects\LAO\Speakers\LAO(INF024)\Audio\LAO(INF024)4b\LAO(INF024)4b 06 Dwellings.mp3"/>
	<entry id="1060240414" project="LAO" informant="INF024" reel="4b" region="7" narrative="_Q" label="Dwellings" state="OK" sex="M " age="68" age_level="3" education="1" town="Grant" county="Choctaw" land_regions="D" locality="R" date="1962" latitude="33.93904" longitude="-95.51916" file_name="LAO(INF024)4b 07 Dwellings.mp3" path_to_file="LAP\Projects\LAO\Speakers\LAO(INF024)\Audio\LAO(INF024)4b\LAO(INF024)4b 07 Dwellings.mp3"/>
	<entry id="3060240402" project="LAO" informant="INF024" reel="4b" region="0" narrative="_I" label="Metadata" state="OK" sex="M " age="68" age_level="3" education="1" town="Grant" county="Choctaw" land_regions="D" locality="R" date="1962" latitude="33.93904" longitude="-95.51916" file_name="LAO(INF024)4bmeta.txt" path_to_file="LAP\Projects\LAO\Speakers\LAO(INF024)\Audio\LAO(INF024)4b\LAO(INF024)4bmeta.txt"/>
	<entry id="1060240415" project="LAO" informant="INF024" reel="4c" region="1" narrative="_Q" label="Sport and Play" state="OK" sex="M " age="68" age_level="3" education="1" town="Grant" county="Choctaw" land_regions="D" locality="R" date="1962" latitude="33.93904" longitude="-95.51916" file_name="LAO(INF024)4c 01 Sport and Play.mp3" path_to_file="LAP\Projects\LAO\Speakers\LAO(INF024)\Audio\LAO(INF024)4c\LAO(INF024)4c 01 Sport and Play.mp3"/>
	<entry id="1060240416" project="LAO" informant="INF024" reel="4c" region="2" narrative="_Q" label="Time" state="OK" sex="M " age="68" age_level="3" education="1" town="Grant" county="Choctaw" land_regions="D" locality="R" date="1962" latitude="33.93904" longitude="-95.51916" file_name="LAO(INF024)4c 02 Time.mp3" path_to_file="LAP\Projects\LAO\Speakers\LAO(INF024)\Audio\LAO(INF024)4c\LAO(INF024)4c 02 Time.mp3"/>
	<entry id="1060240417" project="LAO" informant="INF024" reel="4c" region="3" narrative="_Q" label="Weather" state="OK" sex="M " age="68" age_level="3" education="1" town="Grant" county="Choctaw" land_regions="D" locality="R" date="1962" latitude="33.93904" longitude="-95.51916" file_name="LAO(INF024)4c 03 Weather.mp3" path_to_file="LAP\Projects\LAO\Speakers\LAO(INF024)\Audio\LAO(INF024)4c\LAO(INF024)4c 03 Weather.mp3"/>
	<entry id="1060240418" project="LAO" informant="INF024" reel="4c" region="4" narrative="_Q" label="Verbs_Principal Parts" state="OK" sex="M " age="68" age_level="3" education="1" town="Grant" county="Choctaw" land_regions="D" locality="R" date="1962" latitude="33.93904" longitude="-95.51916" file_name="LAO(INF024)4c 04 Verbs_Principal Parts.mp3" path_to_file="LAP\Projects\LAO\Speakers\LAO(INF024)\Audio\LAO(INF024)4c\LAO(INF024)4c 04 Verbs_Principal Parts.mp3"/>
	<entry id="1060240419" project="LAO" informant="INF024" reel="4c" region="5" narrative="_Q" label="Verbs_Principal Parts " state="OK" sex="M " age="68" age_level="3" education="1" town="Grant" county="Choctaw" land_regions="D" locality="R" date="1962" latitude="33.93904" longitude="-95.51916" file_name="LAO(INF024)4c 05 Verbs_Principal Parts .mp3" path_to_file="LAP\Projects\LAO\Speakers\LAO(INF024)\Audio\LAO(INF024)4c\LAO(INF024)4c 05 Verbs_Principal Parts .mp3"/>
	<entry id="1060240420" project="LAO" informant="INF024" reel="4c" region="6" narrative="_Q" label="Geography" state="OK" sex="M " age="68" age_level="3" education="1" town="Grant" county="Choctaw" land_regions="D" locality="R" date="1962" latitude="33.93904" longitude="-95.51916" file_name="LAO(INF024)4c 06 Geography.mp3" path_to_file="LAP\Projects\LAO\Speakers\LAO(INF024)\Audio\LAO(INF024)4c\LAO(INF024)4c 06 Geography.mp3"/>
	<entry id="3060240403" project="LAO" informant="INF024" reel="4c" region="0" narrative="_I" label="Metadata" state="OK" sex="M " age="68" age_level="3" education="1" town="Grant" county="Choctaw" land_regions="D" locality="R" date="1962" latitude="33.93904" longitude="-95.51916" file_name="LAO(INF024)4cmeta.txt" path_to_file="LAP\Projects\LAO\Speakers\LAO(INF024)\Audio\LAO(INF024)4c\LAO(INF024)4cmeta.txt"/>
	<entry id="3060240001" project="LAO" informant="INF024" reel="0" region="0" narrative="_I" label="Biographical Information" state="OK" sex="M " age="68" age_level="3" education="1" town="Grant" county="Choctaw" land_regions="D" locality="R" date="1962" latitude="33.93904" longitude="-95.51916" file_name="LAO(INF024)BIO.txt" path_to_file="LAP\Projects\LAO\Speakers\LAO(INF024)\Text\LAO(INF024)BIO.txt"/>
</Audio>