<?xml version="1.0" encoding="UTF-8"?>
<MediaAsset>
   <!--Original Physical Asset and Transfer Details-->
   <Original>
      <Filename>IL32</Filename>
      <RunningTime>03:09:31</RunningTime>
      <RecordDate>undated</RecordDate>
      <FormatType>Open Reel</FormatType>
      <StockBrand>Knight</StockBrand>
      <TapeModel>None</TapeModel>
      <TapeWidth>1/4"</TapeWidth>
      <TapeType>Polyester</TapeType>
      <ReelSize>7"</ReelSize>
      <TrackConfiguration>Half track</TrackConfiguration>
      <SoundField>Mono</SoundField>
      <RecordingSpeed>3.75 ips</RecordingSpeed>
      <NoiseReduction>None</NoiseReduction>
      <Equalization>NAB</Equalization>
      <PackOrientation>Heads Out</PackOrientation>
      <Language/>
      <PerforationRepairs>Yes</PerforationRepairs>
      <Cleaned>No</Cleaned>
      <Baked>No</Baked>
      <TransferComments>High Background Noise on Tape; Static on Tape; Program Distorted at Times; </TransferComments>
      <ConditionReport>
         <SmallRisk>TapeDamage</SmallRisk>
      </ConditionReport>
      <TransferOperator>TL</TransferOperator>
      <Deck_Description>1/4" Open Reel Reproducer</Deck_Description>
      <Deck_Brand>Studer</Deck_Brand>
      <Deck_Model>A-810</Deck_Model>
      <Deck_SerialNumber/>
      <Originator> The MediaPreserve, a division of Preservation Technologies, LP </Originator>
      <OriginatorAddress> 111 Thomson Park Drive, Cranberry Township, PA 16066-6424
      </OriginatorAddress>
   </Original>
   <!--Digital Preservation Master File-->
   <PreservationMaster>
      <MediaKeeper>
         <OriginalTitle>IL32</OriginalTitle>
         <CustomerFilename>IL32_a.wav</CustomerFilename>
         <DateCreated>2020-01-15T09:09:35</DateCreated>
         <Checksum>6B14955469519A6B161AE4FCA3E92A38</Checksum>
         <ChecksumType>MD5</ChecksumType>
         <ChecksumDateCreated>2020-01-20T18:11:42</ChecksumDateCreated>
         <RunningTime>01:32:45</RunningTime>
         <BitPerSample>24</BitPerSample>
         <SampleRate>96000</SampleRate>
         <BitRate>2304000</BitRate>
         <SoundFieldFromJhove>1</SoundFieldFromJhove>
         <FileSizeInBytes>1602764132</FileSizeInBytes>
         <FileSizeInKB>1565199</FileSizeInKB>
         <FileSizeInMB>1528.515</FileSizeInMB>
         <FileSizeInGB>1.4927</FileSizeInGB>
         <FaceDesignation>A</FaceDesignation>
         <TrackDesignation>00</TrackDesignation>
         <RegionDesignation>01</RegionDesignation>
         <ComputerManufacturer>Dell</ComputerManufacturer>
         <HostComputerName>Precision</HostComputerName>
         <HostComputerVersion>T5600</HostComputerVersion>
         <OperatingSystem>Windows 7</OperatingSystem>
         <OperatingSystemVersion>Professional</OperatingSystemVersion>
         <A2D_DeviceType>Analog to Digital Converter</A2D_DeviceType>
         <A2D_DeviceManufacturer>Antelope Audio</A2D_DeviceManufacturer>
         <A2D_DeviceModelName>Orion</A2D_DeviceModelName>
         <A2D_DeviceModelVersion>32</A2D_DeviceModelVersion>
         <A2D_DeviceModelSerialNumber>1003815240101</A2D_DeviceModelSerialNumber>
         <A2D_DeviceDriverVersion>A-810</A2D_DeviceDriverVersion>
      </MediaKeeper>
   </PreservationMaster>
   <PreservationMaster>
      <MediaKeeper>
         <OriginalTitle>IL32</OriginalTitle>
         <CustomerFilename>IL32_b.wav</CustomerFilename>
         <DateCreated>2020-01-15T09:10:12</DateCreated>
         <Checksum>ED934AA2DFB45C2E31211F71BD348CDA</Checksum>
         <ChecksumType>MD5</ChecksumType>
         <ChecksumDateCreated>2020-01-20T18:11:42</ChecksumDateCreated>
         <RunningTime>01:36:46</RunningTime>
         <BitPerSample>24</BitPerSample>
         <SampleRate>96000</SampleRate>
         <BitRate>2304000</BitRate>
         <SoundFieldFromJhove>1</SoundFieldFromJhove>
         <FileSizeInBytes>1672138316</FileSizeInBytes>
         <FileSizeInKB>1632948</FileSizeInKB>
         <FileSizeInMB>1594.675</FileSizeInMB>
         <FileSizeInGB>1.5573</FileSizeInGB>
         <FaceDesignation>B</FaceDesignation>
         <TrackDesignation>00</TrackDesignation>
         <RegionDesignation>01</RegionDesignation>
         <ComputerManufacturer>Dell</ComputerManufacturer>
         <HostComputerName>Precision</HostComputerName>
         <HostComputerVersion>T5600</HostComputerVersion>
         <OperatingSystem>Windows 7</OperatingSystem>
         <OperatingSystemVersion>Professional</OperatingSystemVersion>
         <A2D_DeviceType>Analog to Digital Converter</A2D_DeviceType>
         <A2D_DeviceManufacturer>Antelope Audio</A2D_DeviceManufacturer>
         <A2D_DeviceModelName>Orion</A2D_DeviceModelName>
         <A2D_DeviceModelVersion>32</A2D_DeviceModelVersion>
         <A2D_DeviceModelSerialNumber>1003815240101</A2D_DeviceModelSerialNumber>
         <A2D_DeviceDriverVersion>A-810</A2D_DeviceDriverVersion>
      </MediaKeeper>
   </PreservationMaster>
   <!--Digital Use/Access/Streaming File-->
   <Streaming>
      <MediaKeeper>
         <OriginalTitle>IL32</OriginalTitle>
         <CustomerFilename>IL32_a.mp3</CustomerFilename>
         <DateCreated>2020-01-20T17:39:58</DateCreated>
         <Checksum>61299711D169F9B4B53C3A1194443C47</Checksum>
         <ChecksumType>MD5</ChecksumType>
         <ChecksumDateCreated>2020-01-20T18:11:42</ChecksumDateCreated>
         <RunningTime>01:32:53</RunningTime>
         <BitRate>192000</BitRate>
         <SoundFieldFromJhove>1</SoundFieldFromJhove>
         <FileSizeInBytes>133564290</FileSizeInBytes>
         <FileSizeInKB>130433.9</FileSizeInKB>
         <FileSizeInMB>127.3768</FileSizeInMB>
         <FileSizeInGB>0.1244</FileSizeInGB>
         <FaceDesignation>A</FaceDesignation>
         <TrackDesignation>00</TrackDesignation>
         <RegionDesignation>01</RegionDesignation>
         <EncodeSoftwareManufacturer>Steinberg</EncodeSoftwareManufacturer>
         <EncodeSoftware>Wavelab</EncodeSoftware>
         <EncodeSoftwareVersion>7.2.1</EncodeSoftwareVersion>
      </MediaKeeper>
   </Streaming>
   <Streaming>
      <MediaKeeper>
         <OriginalTitle>IL32</OriginalTitle>
         <CustomerFilename>IL32_b.mp3</CustomerFilename>
         <DateCreated>2020-01-20T17:40:24</DateCreated>
         <Checksum>7A33E1E1E4F4EB12F616FF9504991B68</Checksum>
         <ChecksumType>MD5</ChecksumType>
         <ChecksumDateCreated>2020-01-20T18:11:42</ChecksumDateCreated>
         <RunningTime>01:36:54</RunningTime>
         <BitRate>192000</BitRate>
         <SoundFieldFromJhove>1</SoundFieldFromJhove>
         <FileSizeInBytes>139345920</FileSizeInBytes>
         <FileSizeInKB>136080</FileSizeInKB>
         <FileSizeInMB>132.8906</FileSizeInMB>
         <FileSizeInGB>0.1298</FileSizeInGB>
         <FaceDesignation>B</FaceDesignation>
         <TrackDesignation>00</TrackDesignation>
         <RegionDesignation>01</RegionDesignation>
         <EncodeSoftwareManufacturer>Steinberg</EncodeSoftwareManufacturer>
         <EncodeSoftware>Wavelab</EncodeSoftware>
         <EncodeSoftwareVersion>7.2.1</EncodeSoftwareVersion>
      </MediaKeeper>
   </Streaming>
</MediaAsset>
