<?xml version="1.0" encoding="UTF-8"?>
<MediaAsset>
   <!--Original Physical Asset and Transfer Details-->
   <Original>
      <Filename>IL23A</Filename>
      <RunningTime>02:04:09</RunningTime>
      <RecordDate>undated</RecordDate>
      <Language>English</Language>
      <FormatType>Open Reel</FormatType>
      <StockBrand>Scotch</StockBrand>
      <TapeModel>None</TapeModel>
      <TapeWidth>1/4"</TapeWidth>
      <TapeType>Polyester</TapeType>
      <ReelSize>7"</ReelSize>
      <TrackConfiguration>Half track</TrackConfiguration>
      <SoundField>Mono</SoundField>
      <RecordingSpeed>3.75 ips</RecordingSpeed>
      <NoiseReduction>None</NoiseReduction>
      <Equalization>NAB</Equalization>
      <PackOrientation>Heads Out</PackOrientation>
      <Language>English</Language>
      <PerforationRepairs>Yes</PerforationRepairs>
      <Cleaned>No</Cleaned>
      <Baked>No</Baked>
      <TransferComments>High Amount of Hum on Tape; Static on Tape; High Amount of Hiss on Tape; </TransferComments>
      <ConditionReport>
         <SmallRisk>TapeDamage</SmallRisk>
      </ConditionReport>
      <TransferOperator>SC</TransferOperator>
      <Deck_Description>1/4" Open Reel Reproducer</Deck_Description>
      <Deck_Brand>Teac</Deck_Brand>
      <Deck_Model>A-3440</Deck_Model>
      <Deck_SerialNumber>800092</Deck_SerialNumber>
      <Originator> The MediaPreserve, a division of Preservation Technologies, LP </Originator>
      <OriginatorAddress> 111 Thomson Park Drive, Cranberry Township, PA 16066-6424
      </OriginatorAddress>
   </Original>
   <!--Digital Preservation Master File-->
   <PreservationMaster>
      <MediaKeeper>
         <OriginalTitle>IL23A</OriginalTitle>
         <CustomerFilename>IL23A_a.wav</CustomerFilename>
         <DateCreated>2020-01-14T09:45:09</DateCreated>
         <Checksum>33C0C2AD38E2CA05776F0705AB43ED8A</Checksum>
         <ChecksumType>MD5</ChecksumType>
         <ChecksumDateCreated>2020-01-20T21:46:39</ChecksumDateCreated>
         <RunningTime>01:02:05</RunningTime>
         <BitPerSample>24</BitPerSample>
         <SampleRate>96000</SampleRate>
         <BitRate>2304000</BitRate>
         <SoundFieldFromJhove>1</SoundFieldFromJhove>
         <FileSizeInBytes>1072811314</FileSizeInBytes>
         <FileSizeInKB>1047667</FileSizeInKB>
         <FileSizeInMB>1023.113</FileSizeInMB>
         <FileSizeInGB>0.9991</FileSizeInGB>
         <FaceDesignation>A</FaceDesignation>
         <TrackDesignation>00</TrackDesignation>
         <RegionDesignation>01</RegionDesignation>
         <ComputerManufacturer>VisionDAW</ComputerManufacturer>
         <HostComputerName>VX99-PRO</HostComputerName>
         <HostComputerVersion>Core i7</HostComputerVersion>
         <OperatingSystem>Windows 7</OperatingSystem>
         <OperatingSystemVersion>Professional x64 Edition</OperatingSystemVersion>
         <A2D_DeviceType>Analog to Digital Converter</A2D_DeviceType>
         <A2D_DeviceManufacturer>Antelope Audio</A2D_DeviceManufacturer>
         <A2D_DeviceModelName>Orion</A2D_DeviceModelName>
         <A2D_DeviceModelVersion>32</A2D_DeviceModelVersion>
         <A2D_DeviceModelSerialNumber>1003815240101</A2D_DeviceModelSerialNumber>
         <A2D_DeviceDriverVersion>A-3440</A2D_DeviceDriverVersion>
         <DIO_DeviceManufacturer>RME</DIO_DeviceManufacturer>
         <DIO_DeviceModelName>HDSPe MADI</DIO_DeviceModelName>
         <DIO_DeviceModelVersion>Firmware Version 32</DIO_DeviceModelVersion>
         <DIO_DeviceDriver>WDM Streaming Driver</DIO_DeviceDriver>
         <DIO_DeviceDriverVersion>4.14</DIO_DeviceDriverVersion>
         <EncodeSoftwareManufacturer>Steinberg</EncodeSoftwareManufacturer>
         <EncodeSoftware>Cubase</EncodeSoftware>
         <EncodeSoftwareVersion>8.5.00 Build 69</EncodeSoftwareVersion>
      </MediaKeeper>
   </PreservationMaster>
   <PreservationMaster>
      <MediaKeeper>
         <OriginalTitle>IL23A</OriginalTitle>
         <CustomerFilename>IL23A_b.wav</CustomerFilename>
         <DateCreated>2020-01-14T09:45:39</DateCreated>
         <Checksum>C44B03D6923852D413536B003BB02B32</Checksum>
         <ChecksumType>MD5</ChecksumType>
         <ChecksumDateCreated>2020-01-20T21:46:39</ChecksumDateCreated>
         <RunningTime>01:02:04</RunningTime>
         <BitPerSample>24</BitPerSample>
         <SampleRate>96000</SampleRate>
         <BitRate>2304000</BitRate>
         <SoundFieldFromJhove>1</SoundFieldFromJhove>
         <FileSizeInBytes>1072776178</FileSizeInBytes>
         <FileSizeInKB>1047633</FileSizeInKB>
         <FileSizeInMB>1023.079</FileSizeInMB>
         <FileSizeInGB>0.9991</FileSizeInGB>
         <FaceDesignation>B</FaceDesignation>
         <TrackDesignation>00</TrackDesignation>
         <RegionDesignation>01</RegionDesignation>
         <ComputerManufacturer>VisionDAW</ComputerManufacturer>
         <HostComputerName>VX99-PRO</HostComputerName>
         <HostComputerVersion>Core i7</HostComputerVersion>
         <OperatingSystem>Windows 7</OperatingSystem>
         <OperatingSystemVersion>Professional x64 Edition</OperatingSystemVersion>
         <A2D_DeviceType>Analog to Digital Converter</A2D_DeviceType>
         <A2D_DeviceManufacturer>Antelope Audio</A2D_DeviceManufacturer>
         <A2D_DeviceModelName>Orion</A2D_DeviceModelName>
         <A2D_DeviceModelVersion>32</A2D_DeviceModelVersion>
         <A2D_DeviceModelSerialNumber>1003815240101</A2D_DeviceModelSerialNumber>
         <A2D_DeviceDriverVersion>A-3440</A2D_DeviceDriverVersion>
         <DIO_DeviceManufacturer>RME</DIO_DeviceManufacturer>
         <DIO_DeviceModelName>HDSPe MADI</DIO_DeviceModelName>
         <DIO_DeviceModelVersion>Firmware Version 32</DIO_DeviceModelVersion>
         <DIO_DeviceDriver>WDM Streaming Driver</DIO_DeviceDriver>
         <DIO_DeviceDriverVersion>4.14</DIO_DeviceDriverVersion>
         <EncodeSoftwareManufacturer>Steinberg</EncodeSoftwareManufacturer>
         <EncodeSoftware>Cubase</EncodeSoftware>
         <EncodeSoftwareVersion>8.5.00 Build 69</EncodeSoftwareVersion>
      </MediaKeeper>
   </PreservationMaster>
   <!--Digital Use/Access/Streaming File-->
   <Streaming>
      <MediaKeeper>
         <OriginalTitle>IL23A</OriginalTitle>
         <CustomerFilename>IL23A_a.mp3</CustomerFilename>
         <DateCreated>2020-01-20T17:31:25</DateCreated>
         <Checksum>397EC43D3A61593CF5A23EE475494DD8</Checksum>
         <ChecksumType>MD5</ChecksumType>
         <ChecksumDateCreated>2020-01-20T21:46:39</ChecksumDateCreated>
         <RunningTime>01:02:10</RunningTime>
         <BitRate>192000</BitRate>
         <SoundFieldFromJhove>1</SoundFieldFromJhove>
         <FileSizeInBytes>89402096</FileSizeInBytes>
         <FileSizeInKB>87306.73</FileSizeInKB>
         <FileSizeInMB>85.2605</FileSizeInMB>
         <FileSizeInGB>0.0833</FileSizeInGB>
         <FaceDesignation>A</FaceDesignation>
         <TrackDesignation>00</TrackDesignation>
         <RegionDesignation>01</RegionDesignation>
         <EncodeSoftwareManufacturer>Steinberg</EncodeSoftwareManufacturer>
         <EncodeSoftware>Wavelab</EncodeSoftware>
         <EncodeSoftwareVersion>7.2.1</EncodeSoftwareVersion>
      </MediaKeeper>
   </Streaming>
   <Streaming>
      <MediaKeeper>
         <OriginalTitle>IL23A</OriginalTitle>
         <CustomerFilename>IL23A_b.mp3</CustomerFilename>
         <DateCreated>2020-01-20T17:31:25</DateCreated>
         <Checksum>59C2D6F71BC577BB41B964594188D2FF</Checksum>
         <ChecksumType>MD5</ChecksumType>
         <ChecksumDateCreated>2020-01-20T21:46:39</ChecksumDateCreated>
         <RunningTime>01:02:10</RunningTime>
         <BitRate>192000</BitRate>
         <SoundFieldFromJhove>1</SoundFieldFromJhove>
         <FileSizeInBytes>89398961</FileSizeInBytes>
         <FileSizeInKB>87303.67</FileSizeInKB>
         <FileSizeInMB>85.2575</FileSizeInMB>
         <FileSizeInGB>0.0833</FileSizeInGB>
         <FaceDesignation>B</FaceDesignation>
         <TrackDesignation>00</TrackDesignation>
         <RegionDesignation>01</RegionDesignation>
         <EncodeSoftwareManufacturer>Steinberg</EncodeSoftwareManufacturer>
         <EncodeSoftware>Wavelab</EncodeSoftware>
         <EncodeSoftwareVersion>7.2.1</EncodeSoftwareVersion>
      </MediaKeeper>
   </Streaming>
</MediaAsset>
