Informant,Project,Response,Comment,Page,Line,Unnamed: 6,Unnamed: 7,Unnamed: 8
1AB,LAH,it was him ,,42,5a,,,
1AB,LAH,did you see her,,42,5a,,,
1AB,LAH,was it there,,42,5a,,,
1AB,LAH,did you see them,,42,5a,,,
1CHE,LAH,NR,Use of (-m) only for him.,42,5a,,,
1F,LAH,NR,,42,5a,,,
1HE,LAH,NR,,42,5a,,,
1HESID,LAH,am,"(used for him, it, + them)",42,5a,,,
1HT,LAH,him  ,,42,5a,,,
1HT,LAH,her,,42,5a,,,
1HT,LAH,it,,42,5a,,,
1HT,LAH,they,,42,5a,,,
1JCC,LAH,NR,,42,5a,,,
1J,LAH,NR,No Response,42,5a,,,
