Informant,Project,Response,Comment,Page,Line,Unnamed: 6,Unnamed: 7,Unnamed: 8
1AB,LAH,first,,1,6,,,
1AB,LAH,second,,1,6,,,
1AB,LAH,fifth,,1,6,,,
1AB,LAH,sixth,,1,6,,,
1CHE,LAH,first,,1,6,,,
1CHE,LAH,second,,1,6,,,
1CHE,LAH,fifth,,1,6,,,
1CHE,LAH,sixth,,1,6,,,
1F,LAH,first,Rapid Count,1,6,,,
1F,LAH,second,Rapid Count,1,6,,,
1F,LAH,fifth,Rapid Count,1,6,,,
1F,LAH,sixth,Rapid Count,1,6,,,
1HE,LAH,the first man,,1,6,,,
1HE,LAH,the second man,,1,6,,,
1HE,LAH,the fifth man,,1,6,,,
1HE,LAH,the sixth man,,1,6,,,
1HESID,LAH,first,,1,6,,,
1HESID,LAH,second,second,1,6,,,
1HESID,LAH,second,,1,6,,,
1HESID,LAH,fifth,fifth,1,6,,,
1HESID,LAH,fifth,,1,6,,,
1HESID,LAH,sixth,sixth,1,6,,,
1HESID,LAH,sixth,,1,6,,,
1HT,LAH,first person,,1,6,,,
1HT,LAH,second person,,1,6,,,
1HT,LAH,fifth person,,1,6,,,
1HT,LAH,sixth person,,1,6,,,
1JCC,LAH,first,,1,6,,,
1JCC,LAH,second,,1,6,,,
1JCC,LAH,fifth,,1,6,,,
1JCC,LAH,sixth,,1,6,,,
1J,LAH,he is the first man,then said [first guy or guy] Was very relutant to use this numerical form. Was very uncertain. ,1,6,,,
1J,LAH,first guy,,1,6,,,
1J,LAH,guy,,1,6,,,
1J,LAH,second guy,,1,6,,,
1J,LAH,fifth person,,1,6,,,
1J,LAH,sixth man,,1,6,,,
