Informant,Project,Response,Comment,Page,Line,Unnamed: 6,Unnamed: 7,Unnamed: 8
1AB,LAH,I've been thinking,,13,5,,,
1AB,LAH,we've ,,13,5,,,
1AB,LAH,they've,,13,5,,,
1CHE,LAH,NR,,13,5,,,
1F,LAH,I been thinking,,13,5,,,
1F,LAH,I have been thinking,prompted,13,5,,,
1F,LAH,we have been thinking,,13,5,,,
1F,LAH,they have been thinking,,13,5,,,
1HE,LAH,I been thinking,,13,5,,,
1HE,LAH,we been thinking,,13,5,,,
1HE,LAH,they been thinking,,13,5,,,
1HESID,LAH,I've been thinking,,13,5,,,
1HESID,LAH,we've,,13,5,,,
1HESID,LAH,they've,,13,5,,,
1HT,LAH,I've thought of it,,13,5,,,
1JCC,LAH,I have been thinking,pr.,13,5,,,
1JCC,LAH,we have been thinking,,13,5,,,
1JCC,LAH,they have been thinking,,13,5,,,
1J,LAH,gave it a thought,,13,5,,,
