Informant,Project,Response,Comment,Page,Line,Unnamed: 6,Unnamed: 7,Unnamed: 8
1AB,LAH,NR,?,29,3,,,
1CHE,LAH,loam,"sediment, alluvial (alluvial)",29,3,,,
1CHE,LAH,sediment,,29,3,,,
1CHE,LAH,alluvial,(alluvial),29,3,,,
1F,LAH,NR,,29,3,,,
1HE,LAH,black sand,Inf. associated word black (when prompted) with sand never heard of loams or black soil.,29,3,,,
1HE,LAH,black  ,,29,3,,,
1HE,LAH,sand,,29,3,,,
1HESID,LAH,NR,didn't know what loam was but had heard the word in reference to land,29,3,,,
1HT,LAH,loam,not familiar prompted,29,3,,,
1JCC,LAH,humus soil,,29,3,,,
1J,LAH,NR,"""only black soil I know is black sand"" Subject said this with a puzzled expression. ""Soil is red usually, not black.""",29,3,,,
