Informant,Project,Response,Comment,Page,Line,Unnamed: 6,Unnamed: 7,Unnamed: 8
1AB,LAH,giddy up boy,[note: lettering],38,1,,,
1AB,LAH,giddy up  ,[note: lettering],38,1,,,
1F,LAH,get up,(clucking),38,1,,,
1HE,LAH,NR,"Informants response to pages 34, 35, 36, 37, 38, 39 were not worth recording. Informant simply does not have any rural terms in her vocabulary. ",38,1,,,
1HESID,LAH,giddy up,Clucking used for horseback riding also: giddy up; [note: lettering with NR],38,1,,,
1JCC,LAH,get up,,38,1,,,
1J,LAH,NR,No Response,38,1,,,
