Informant,Project,Response,Comment,Page,Line,Unnamed: 6,Unnamed: 7,Unnamed: 8
1AB,LAH,I asked you if you had,,104,2b,,,
1AB,LAH,he could be here until now,,104,2b,,,
1AB,LAH,since I've been here these three years,,104,2b,,,
1AB,LAH,the reason is because,,104,2b,,,
1AB,LAH,ask them if they do,,104,2b,,,
1AB,LAH,he told me to come,,104,2b,,,
1AB,LAH,don't do that,,104,2b,,,
1AB,LAH,he wants to know how you can do that,,104,2b,,,
1AB,LAH,bring this home to mother,?,104,2b,,,
1CHE,LAH,NR,?; [note: numbering],104,2b,,,
1CHE,LAH,NR,?; [note: numbering],104,2b,,,
1CHE,LAH,NR,?; [note: numbering],104,2b,,,
1CHE,LAH,NR,?; [note: numbering],104,2b,,,
1CHE,LAH,ask them if they   ,,104,2b,,,
1CHE,LAH,NR,?; [note: numbering],104,2b,,,
1CHE,LAH,NR,?; [note: numbering],104,2b,,,
1CHE,LAH,NR,uses this sometimes; [note: numbering],104,2b,,,
1CHE,LAH,NR,?; [note: numbering],104,2b,,,
1CHE,LAH,NR,no - doesn't use it.; [note: numbering],104,2b,,,
1CHE,LAH,NR,?; [note: numbering],104,2b,,,
1CHE,LAH,NR,?; [note: numbering],104,2b,,,
1F,LAH,NR,,104,2b,,,
1HE,LAH,NR,,104,2b,,,
1HESID,LAH,I ask you if you,(past tense),104,2b,,,
1HESID,LAH,he could be here till now,,104,2b,,,
1HESID,LAH,I've been here twelve years,,104,2b,,,
1HESID,LAH,the reason is  ,,104,2b,,,
1HESID,LAH,the reason why,,104,2b,,,
1HESID,LAH,ask them if they,,104,2b,,,
1HESID,LAH,ask me if you would come,,104,2b,,,
1HESID,LAH,don't do that,,104,2b,,,
1HESID,LAH,how you could do that,,104,2b,,,
1HESID,LAH,bring it with you,take it with you,104,2b,,,
1HESID,LAH,take it with you,,104,2b,,,
1HESID,LAH,he left in September,,104,2b,,,
1HESID,LAH,took,,104,2b,,,
1HT,LAH,I ask you    ,,104,2b,,,
1JCC,LAH,he told me to come,,104,2b,,,
1J,LAH,NR,Pages 103 and 104; Missing from Original,104,2b,,,
