Informant,Project,Response,Comment,Page,Line,Unnamed: 6,Unnamed: 7,Unnamed: 8
1AB,LAH,NR,,15,8,,,
1CHE,LAH,NR,,15,8,,,
1F,LAH,pasture,,15,8,,,
1F,LAH,range,,15,8,,,
1HE,LAH,NR,"Pages Fourteen and Fifteen; Informant has no knowledge of these words and has probably never even seen a hay stack or corn crib. SHe has not travelled more than a few hundred miles from Oahu and has never been away from the Hawaiian Island group, even for a visit.",15,8,,,
1HESID,LAH,NR,,15,8,,,
1HT,LAH,pasture,,15,8,,,
1JCC,LAH,range,"pasture, pasture",15,8,,,
1JCC,LAH,pasture,,15,8,,,
1JCC,LAH,pasture,,15,8,,,
1J,LAH,pasture,,15,8,,,
