Informant,Project,Response,Comment,Page,Line,Unnamed: 6,Unnamed: 7,Unnamed: 8
1AB,LAH,afternoon,evening is before five,2,5,,,
1AB,LAH,evening is before five,,2,5,,,
1CH,LAH,NR,,2,5,,,
1F,LAH,afternoon,,2,5,,,
1F,LAH,evening   ,prompted,2,5,,,
1HE,LAH,NR,skip,2,5,,,
1HESID,LAH,afternoon,(until supper); afternoon,2,5,,,
1HESID,LAH,afternoon,,2,5,,,
1HT,LAH,NR,,2,5,,,
1JCC,LAH,afternoon,"""lasts till sunset""",2,5,,,
1J,LAH,hi  ,hello or hello; Never uses good afternoon as a greeting for past noon part of day. ,2,5,,,
1J,LAH,hello,Never uses good afternoon as a greeting for past noon part of day. ,2,5,,,
1J,LAH,hello,Never uses good afternoon as a greeting for past noon part of day. ,2,5,,,
