Informant,Project,Response,Comment,Page,Line,Unnamed: 6,Unnamed: 7,Unnamed: 8
1AB,LAH,giblets,,37,3,,,
1CHE,LAH,loko,(Hawaiian term for all the 'insides' except the intestines.); ?; [note: lettering with NR],37,3,,,
1CHE,LAH,na'au,(Haw'n: na'au); [note: lettering with NR],37,3,,,
1F,LAH,guts,,37,3,,,
1F,LAH,intestines,,37,3,,,
1HE,LAH,NR,"Informants response to pages 34, 35, 36, 37, 38, 39 were not worth recording. Informant simply does not have any rural terms in her vocabulary. ",37,3,,,
1HESID,LAH,insides,"(no other comprehensive term; however liver, heart, etc. known by individual names); [note: lettering]",37,3,,,
1HESID,LAH,liver,[note: lettering],37,3,,,
1HESID,LAH,heart,[note: lettering],37,3,,,
1HESID,LAH,insides,[note: lettering],37,3,,,
1HESID,LAH,guts,[note: lettering],37,3,,,
1HESID,LAH,intestines,[note: lettering],37,3,,,
1HT,LAH,ate the liver,prompted,37,3,,,
1JCC,LAH,liver,(no distinction),37,3,,,
1J,LAH,NR,No Response,37,3,,,
