Informant,Project,Response,Comment,Page,Line,Unnamed: 6,Unnamed: 7,Unnamed: 8
1AB,LAH,bread,,44,3,,,
1AB,LAH,white bread,,44,3,,,
1AB,LAH,brown bread,(meaning whole wheat),44,3,,,
1CHE,LAH,bread,"""theres white bread + brown bread""",44,3,,,
1F,LAH,white bread,,44,3,,,
1F,LAH,biscuits,,44,3,,,
1F,LAH,rolls,,44,3,,,
1HE,LAH,raisin,,44,3,,,
1HESID,LAH,white bread,,44,3,,,
1HT,LAH,white bread,,44,3,,,
1JCC,LAH,white bread,sweet bread,44,3,,,
1JCC,LAH,sweet bread,,44,3,,,
1J,LAH,brown bread,,44,3,,,
1J,LAH,white,,44,3,,,
