Informant,Project,Response,Comment,Page,Line,Unnamed: 6,Unnamed: 7,Unnamed: 8
1AB,LAH,tattletale,,101,5,,,
1CHE,LAH,tattletale,"Also: ""sucker"" (sucker)",101,5,,,
1CHE,LAH,sucker,,101,5,,,
1F,LAH,tattletale,,101,5,,,
1F,LAH,sucker,or sucker,101,5,,,
1F,LAH,sucker,,101,5,,,
1F,LAH,,Vulgar,101,5,,,
1HE,LAH,NR,,101,5,,,
1HESID,LAH,tattletale,,101,5,,,
1HESID,LAH,tattler,,101,5,,,
1HESID,LAH,stool pigeon,,101,5,,,
1HT,LAH,squealer,,101,5,,,
1JCC,LAH,tattletale,,101,5,,,
1J,LAH,tattletale,,101,5,,,
1J,LAH,squealer,,101,5,,,
