Informant,Project,Response,Comment,Page,Line,Unnamed: 6,Unnamed: 7,Unnamed: 8
1AB,LAH,fell off,[note: lettering],34,5,,,
1AB,LAH,out of,[note: lettering],34,5,,,
1CHE,LAH,NR,,34,5,,,
1F,LAH,off from,,34,5,,,
1F,LAH,out of ,,34,5,,,
1F,LAH,out from,,34,5,,,
1HE,LAH,NR,"Informants response to pages 34, 35, 36, 37, 38, 39 were not worth recording. Informant simply does not have any rural terms in her vocabulary. ",34,5,,,
1HESID,LAH,he fell off the horse,[note: lettering],34,5,,,
1HESID,LAH,he fell off the bed,fell out of the bed; [note: lettering],34,5,,,
1HESID,LAH,fell out of the bed,[note: lettering],34,5,,,
1HT,LAH,off the horse,,34,5,,,
1HT,LAH,off the bed,,34,5,,,
1JCC,LAH,NR,,34,5,,,
1J,LAH,bucked off the horse,[note: lettering],34,5,,,
1J,LAH,fell off,[note: lettering],34,5,,,
