Informant,Project,Response,Comment,Page,Line,Unnamed: 6,Unnamed: 7,Unnamed: 8
1AB,LAH,brook,,30,6,,,
1CHE,LAH,,Haw'n auwai - auwai,30,6,,,
1CHE,LAH,brook,Haw'n auwai - auwai,30,6,,,
1CHE,LAH,stream,,30,6,,,
1CHE,LAH,auwai,,30,6,,,
1F,LAH,stream,,30,6,,,
1HE,LAH,little river,,30,6,,,
1HESID,LAH,stream,small river,30,6,,,
1HESID,LAH,small river,,30,6,,,
1HT,LAH,stream,bigger and faster than a brook,30,6,,,
1HT,LAH,brook,prompted,30,6,,,
1JCC,LAH,NR,,30,6,,,
1J,LAH,river,or stream,30,6,,,
1J,LAH,stream,,30,6,,,
