Informant,Project,Response,Comment,Page,Line,Unnamed: 6,Unnamed: 7,Unnamed: 8
1AB,LAH,I've got my troubles,,12,2,,,
1CHE,LAH,I have ,A forced response,12,2,,,
1F,LAH,I got my,,12,2,,,
1F,LAH,I have my,,12,2,,,
1F,LAH,I've got my troubles,prompted,12,2,,,
1F,LAH,you've got,prompted,12,2,,,
1F,LAH,we've got,prompted,12,2,,,
1HE,LAH,I've got troubles of my own,,12,2,,,
1HESID,LAH,I've got,,12,2,,,
1HESID,LAH,you have  ,,12,2,,,
1HESID,LAH,we've got,,12,2,,,
1HT,LAH,I got a ,,12,2,,,
1HT,LAH,troubles ,,12,2,,,
1HT,LAH,pity,,12,2,,,
1HT,LAH,sorry,,12,2,,,
1JCC,LAH,I got lots,,12,2,,,
1JCC,LAH,you have lot,,12,2,,,
1JCC,LAH,we have lot,,12,2,,,
1J,LAH,I have my worries too,,12,2,,,
