Informant,Project,Response,Comment,Page,Line,Unnamed: 6,Unnamed: 7,Unnamed: 8
1AB,LAH,I haven't,[note: lettering],12,4,,,
1AB,LAH,he hasn't,[note: lettering],12,4,,,
1AB,LAH,I haven't,[note: lettering],12,4,,,
1AB,LAH,he hasn't,[note: lettering],12,4,,,
1CHE,LAH,I haven't,[note: lettering],12,4,,,
1CHE,LAH,he hasn't,[note: lettering],12,4,,,
1CHE,LAH,you haven't forgotten,[note: lettering],12,4,,,
1CHE,LAH,I haven't,[note: lettering],12,4,,,
1F,LAH,I never do them,prompted,12,4,,,
1F,LAH,I haven't done it,prompted,12,4,,,
1F,LAH,I have not done it,prompted,12,4,,,
1F,LAH,he hasn't done it,,12,4,,,
1F,LAH,you never forget,,12,4,,,
1F,LAH,I never see them,prompted,12,4,,,
1F,LAH,I haven't seen them,,12,4,,,
1HE,LAH,NR,Inf. could not remember verb conjugations - I had to skip this to avoid ill feeling. ,12,4,,,
1HESID,LAH,I haven't ,[note: lettering],12,4,,,
1HESID,LAH,he hasn't done ,[note: lettering],12,4,,,
1HESID,LAH,you haven't forgotten,[note: lettering],12,4,,,
1HESID,LAH,I haven't seen   ,[note: lettering],12,4,,,
1HT,LAH,done it,,12,4,,,
1JCC,LAH,didn't,"haven't, haven't, have not",12,4,,,
1JCC,LAH,did not,,12,4,,,
1JCC,LAH,he hasn't ,,12,4,,,
1JCC,LAH,has not,,12,4,,,
1JCC,LAH,haven't,,12,4,,,
1JCC,LAH,haven't,,12,4,,,
1JCC,LAH,have not,,12,4,,,
1J,LAH,NR,No response,12,4,,,
