Informant,Project,Response,Comment,Page,Line,Unnamed: 6,Unnamed: 7,Unnamed: 8
1AB,LAH,loft,,14,6,,,
1CHE,LAH,mow,"Hesitant - ""or however you pronounce it""",14,6,,,
1F,LAH,NR,,14,6,,,
1HESID,LAH,NR,,14,6,,,
1HT,LAH,loft,prompted,14,6,,,
1JCC,LAH,loft,"""no other name""",14,6,,,
1J,LAH,NR,No Response,14,6,,,
1HE,LAH,NR,"Pages Fourteen and Fifteen; Informant has no knowledge of these words and has probably never even seen a hay stack or corn crib. SHe has not travelled more than a few hundred miles from Oahu and has never been away from the Hawaiian Island group, even for a visit.",14,6,,,
