Informant,Project,Response,Comment,Page,Line,Unnamed: 6,Unnamed: 7,Unnamed: 8
1AB,LAH,junk,"rubbish, trash",10,2,,,
1AB,LAH,rubbish,,10,2,,,
1AB,LAH,trash,,10,2,,,
1CHE,LAH,junk,rubbish,10,2,,,
1CHE,LAH,rubbish,,10,2,,,
1F,LAH,junk,,10,2,,,
1F,LAH,rubbish,,10,2,,,
1HE,LAH,rubbish,second word junk,10,2,,,
1HE,LAH,junk,,10,2,,,
1HESID,LAH,junk,rubbish,10,2,,,
1HESID,LAH,rubbish,,10,2,,,
1HT,LAH,a junk,,10,2,,,
1JCC,LAH,junks,(junk); unsalvageable (unsalvageable),10,2,,,
1JCC,LAH,unsalvageable,(unsalvageable),10,2,,,
1J,LAH,scraps,,10,2,,,
1J,LAH,waste,,10,2,,,
