Informant,Project,Response,Comment,Page,Line,Unnamed: 6,Unnamed: 7,Unnamed: 8
1AB,LAH,hauling,[note: lettering],21,4,,,
1AB,LAH,dragged,[note: lettering],21,4,,,
1F,LAH,NR,,21,4,,,
1HE,LAH,NR,Pages Twenty-one and Twenty-two; Informant not able to answer; No experience. ,21,4,,,
1HESID,LAH,hauling,[note: lettering],21,4,,,
1HESID,LAH,dragging,[note: lettering],21,4,,,
1HT,LAH,hauling,[fieldworker listed beside 2]; [note: lettering],21,4,,,
1HT,LAH,carrying it,[fieldworker listed beside 2]; [note: lettering],21,4,,,
1JCC,LAH,carrying ,,21,4,,,
1J,LAH,carrying,,21,4,,,
1J,LAH,dragging,,21,4,,,
