Informant,Project,Response,Comment,Page,Line,Unnamed: 6,Unnamed: 7,Unnamed: 8
1AB,LAH,calf,,33,7,,,
1AB,LAH,heifer,,33,7,,,
1AB,LAH,bull,,33,7,,,
1CHE,LAH,calf,[note: lettering],33,7,,,
1CHE,LAH,heifer,[note: lettering],33,7,,,
1CHE,LAH,bull calf,[note: lettering],33,7,,,
1F,LAH,calf,,33,7,,,
1F,LAH,heifer,,33,7,,,
1F,LAH,bull calf,,33,7,,,
1HE,LAH,calf,,33,7,,,
1HESID,LAH,calf,[note: lettering],33,7,,,
1HESID,LAH,heifer,heifer; [note: lettering],33,7,,,
1HESID,LAH,heifer,[note: lettering],33,7,,,
1HESID,LAH,male,bull; [note: lettering],33,7,,,
1HESID,LAH,bull,[note: lettering],33,7,,,
1HT,LAH,calf,,33,7,,,
1JCC,LAH,calf,[note: lettering],33,7,,,
1JCC,LAH,heifer,[note: lettering],33,7,,,
1J,LAH,calf,,33,7,,,
