Informant,Project,Response,Comment,Page,Line,Unnamed: 6,Unnamed: 7,Unnamed: 8
1AB,LAH,NR,,44,8,,,
1CHE,LAH,NR,?; ?; [note: lettering with NR],44,8,,,
1F,LAH,NR,,44,8,,,
1HE,LAH,hotcakes,second word: hot breads,44,8,,,
1HE,LAH,hot breads,,44,8,,,
1HE,LAH,butter buns,,44,8,,,
1HE,LAH,potato rolls,Inf. always careful to pronounce the [o]'s,44,8,,,
1HE,LAH,snails,,44,8,,,
1HESID,LAH,NR,,44,8,,,
1HT,LAH,NR,,44,8,,,
1JCC,LAH,corn biscuit,,44,8,,,
1J,LAH,corn muffins,[note: lettering],44,8,,,
1J,LAH,rolls,[note: lettering],44,8,,,
