Informant,Project,Response,Comment,Page,Line,Unnamed: 6,Unnamed: 7,Unnamed: 8
1AB,LAH,what time is it,,4,3,,,
1CHE,LAH,what time is it,,4,3,,,
1F,LAH,what time you get,,4,3,,,
1HE,LAH,what time have you,also what's the time,4,3,,,
1HE,LAH,what's the time,,4,3,,,
1HESID,LAH,what time is it,,4,3,,,
1HT,LAH,exactly ten o'clock,,4,3,,,
1HT,LAH,what time is it,,4,3,,,
1JCC,LAH,what time is it,have you the time with you,4,3,,,
1JCC,LAH,have you the time with you,,4,3,,,
1J,LAH,what time is it,"Or just ""time?"" or ""what time?""",4,3,,,
