Informant,Project,Response,Comment,Page,Line,Unnamed: 6,Unnamed: 7,Unnamed: 8
1AB,LAH,cane field,,16,1,,,
1AB,LAH,taro patch,,16,1,,,
1CHE,LAH,potato field,,16,1,,,
1CHE,LAH,taro patch,(taro patch),16,1,,,
1F,LAH,potato field,,16,1,,,
1F,LAH,potato patch,,16,1,,,
1HE,LAH,sugarcane field,,16,1,,,
1HESID,LAH,cotton field,,16,1,,,
1HESID,LAH,tobbaco field,,16,1,,,
1HESID,LAH,potato patch,potato patch,16,1,,,
1HESID,LAH,potato patch,,16,1,,,
1HT,LAH,pineapple fields,,16,1,,,
1HT,LAH,taro patch,,16,1,,,
1JCC,LAH,NR,,16,1,,,
1J,LAH,taro patch,,16,1,,,
1J,LAH,cane plantation,,16,1,,,
