Informant,Project,Response,Comment,Page,Line,Unnamed: 6,Unnamed: 7,Unnamed: 8
1AB,LAH,we were going,,25,6,,,
1AB,LAH,you were going,,25,6,,,
1AB,LAH,they were,,25,6,,,
1AB,LAH,I was,,25,6,,,
1AB,LAH,he was,,25,6,,,
1CHE,LAH,we were  ,,25,6,,,
1CHE,LAH,you were   ,,25,6,,,
1CHE,LAH,they were,,25,6,,,
1CHE,LAH,I was,,25,6,,,
1CHE,LAH,he was,,25,6,,,
1F,LAH,we were,,25,6,,,
1F,LAH,we was,,25,6,,,
1HE,LAH,we was,again inf. had no change in conjugation,25,6,,,
1HESID,LAH,we were going,,25,6,,,
1HESID,LAH,you were,,25,6,,,
1HESID,LAH,they were,,25,6,,,
1HESID,LAH,I was,,25,6,,,
1HESID,LAH,he was,,25,6,,,
1HT,LAH,NR,,25,6,,,
1JCC,LAH,we were,,25,6,,,
1JCC,LAH,you were,,25,6,,,
1JCC,LAH,they were,,25,6,,,
1JCC,LAH,I was,,25,6,,,
1JCC,LAH,he was,,25,6,,,
1J,LAH,NR,No Response,25,6,,,
