Informant,Project,Response,Comment,Page,Line,Unnamed: 6,Unnamed: 7,Unnamed: 8
1AB,LAH,portuguese white bread,,44,4,,,
1AB,LAH,milk bread,,44,4,,,
1AB,LAH,muffins,,44,4,,,
1AB,LAH,biscuits,,44,4,,,
1AB,LAH,pancakes,,44,4,,,
1CHE,LAH,muffins,"""Sweeter than a biscuit""",44,4,,,
1CHE,LAH,biscuits,"muffin smooth, biscuit rough",44,4,,,
1CHE,LAH,buns,"interchangeably used - butter rolls, hamburger buns, etc. May be round or long. ",44,4,,,
1CHE,LAH,rolls,"interchangeably used - butter rolls, hamburger buns, etc. May be round or long. ",44,4,,,
1F,LAH,NR,,44,4,,,
1HE,LAH,raisin,,44,4,,,
1HE,LAH,cinnamon,,44,4,,,
1HE,LAH,potato,,44,4,,,
1HE,LAH,french   ,,44,4,,,
1HE,LAH,whole wheat,,44,4,,,
1HE,LAH,white,,44,4,,,
1HESID,LAH,brown bread,,44,4,,,
1HESID,LAH,whole wheat bread,,44,4,,,
1HESID,LAH,french bread,,44,4,,,
1HESID,LAH,biscuits,,44,4,,,
1HESID,LAH,rolls,,44,4,,,
1HT,LAH,sweet bread,,44,4,,,
1JCC,LAH,raisin bread,french bread; biscuit,44,4,,,
1JCC,LAH,french bread,,44,4,,,
1JCC,LAH,biscuit ,,44,4,,,
1J,LAH,NR,No Response,44,4,,,
