Informant,Project,Response,Comment,Page,Line,Unnamed: 6,Unnamed: 7,Unnamed: 8
1AB,LAH,I'm not going to,,25,3,,,
1AB,LAH,he isn't ,,25,3,,,
1AB,LAH,they aren't,,25,3,,,
1CHE,LAH,I'm not   ,,25,3,,,
1CHE,LAH,he's not,,25,3,,,
1CHE,LAH,they're not,,25,3,,,
1F,LAH,I no going,,25,3,,,
1F,LAH,I not going,,25,3,,,
1F,LAH,I am not,careful pronunciation,25,3,,,
1HE,LAH,I not   ,frequent verb omission or wrong form,25,3,,,
1HE,LAH,I not go to hurt him,frequent verb omission or wrong form,25,3,,,
1HESID,LAH,I not going,,25,3,,,
1HESID,LAH,he's not,,25,3,,,
1HESID,LAH,they not,,25,3,,,
1HT,LAH,I am not,,25,3,,,
1JCC,LAH,I'm not ,,25,3,,,
1JCC,LAH,ain't  ,isn't,25,3,,,
1JCC,LAH,isn't,,25,3,,,
1JCC,LAH,they ain't ,,25,3,,,
1J,LAH,NR,No Response,25,3,,,
