Informant,Project,Response,Comment,Page,Line,Unnamed: 6,Unnamed: 7,Unnamed: 8
1AB,LAH,January,,1,8,,,
1AB,LAH,February ,,1,8,,,
1AB,LAH,April,,1,8,,,
1CHE,LAH,January,,1,8,,,
1CHE,LAH,February ,,1,8,,,
1CHE,LAH,April,,1,8,,,
1F,LAH,January,Rapid Count,1,8,,,
1F,LAH,February ,Rapid Count,1,8,,,
1F,LAH,April,Rapid Count,1,8,,,
1HE,LAH,January,,1,8,,,
1HE,LAH,February ,,1,8,,,
1HE,LAH,April,,1,8,,,
1HESID,LAH,NR,,1,8,,,
1HT,LAH,January,[fieldworker listed beside 7],1,8,,,
1HT,LAH,February ,[fieldworker listed beside 7],1,8,,,
1HT,LAH,April,[fieldworker listed beside 7],1,8,,,
1JCC,LAH,January,,1,8,,,
1JCC,LAH,February ,,1,8,,,
1J,LAH,January,[fieldworker listed beside 7],1,8,,,
1J,LAH,February ,[fieldworker listed beside 7],1,8,,,
1J,LAH,April,[fieldworker listed beside 7],1,8,,,
