Informant,Project,Response,Comment,Page,Line,Unnamed: 6,Unnamed: 7,Unnamed: 8
1AB,LAH,half past seven,,4,5,,,
1AB,LAH,seven thirty,,4,5,,,
1CHE,LAH,haf past seven,Sometimes I say' seven thirty,4,5,,,
1CHE,LAH,seven thirty,,4,5,,,
1F,LAH,half past seven,,4,5,,,
1F,LAH,after seven,other,4,5,,,
1HE,LAH,seven thirty,,4,5,,,
1HESID,LAH,half past seven,half past seven,4,5,,,
1HESID,LAH,half past seven,,4,5,,,
1HT,LAH,ten thirty,,4,5,,,
1JCC,LAH,half past seven,"""seven thirty, first""",4,5,,,
1J,LAH,quarter to  ,,4,5,,,
