Informant,Project,Response,Comment,Page,Line,Unnamed: 6,Unnamed: 7,Unnamed: 8
1AB,LAH,gown,,26,8b,,,
1AB,LAH,your,,26,8b,,,
1AB,LAH,best,,26,8b,,,
1AB,LAH,shrink,,26,8b,,,
1CHE,LAH,NR,?,26,8b,,,
1F,LAH,my gown,,26,8b,,,
1F,LAH,your gown,,26,8b,,,
1F,LAH,best gown,,26,8b,,,
1F,LAH,shrink,,26,8b,,,
1HE,LAH,gown,,26,8b,,,
1HESID,LAH,housecoat,gown,26,8b,,,
1HESID,LAH,gown,,26,8b,,,
1HESID,LAH,my gown,,26,8b,,,
1HESID,LAH,your gown,,26,8b,,,
1HESID,LAH,best gown,,26,8b,,,
1HESID,LAH,shrink,shrink,26,8b,,,
1HESID,LAH,shrink,,26,8b,,,
1HT,LAH,gown,long dress,26,8b,,,
1HT,LAH,shrinks,,26,8b,,,
1JCC,LAH,my gown,,26,8b,,,
1JCC,LAH,your gown,,26,8b,,,
1JCC,LAH,best gown,,26,8b,,,
1JCC,LAH,gown shrunk,,26,8b,,,
1J,LAH,NR,No Response,26,8b,,,
