Informant,Project,Response,Comment,Page,Line,Unnamed: 6,Unnamed: 7,Unnamed: 8
1AB,LAH,horses and a wagon,,38,8,,,
1AB,LAH,horse and buggy,,38,8,,,
1F,LAH,NR,,38,8,,,
1HE,LAH,NR,"Informants response to pages 34, 35, 36, 37, 38, 39 were not worth recording. Informant simply does not have any rural terms in her vocabulary. ",38,8,,,
1HESID,LAH,team,(more than one horse assembled to draw a wagon or a plow. Literary information); [note: lettering],38,8,,,
1JCC,LAH,farmer,[note:lettering],38,8,,,
1J,LAH,NR,No Response,38,8,,,
