Informant,Project,Response,Comment,Page,Line,Unnamed: 6,Unnamed: 7,Unnamed: 8
1AB,LAH,spayed it,,36,1,,,
1CHE,LAH,castrate,,36,1,,,
1F,LAH,castrate,,36,1,,,
1F,LAH,balled,other word,36,1,,,
1HE,LAH,NR,"Informants response to pages 34, 35, 36, 37, 38, 39 were not worth recording. Informant simply does not have any rural terms in her vocabulary.",36,1,,,
1HESID,LAH,castrate,"Volunteered spayed as present tense for the sterilizing of females. spayded, past tense. ",36,1,,,
1HESID,LAH,spayed,,36,1,,,
1HESID,LAH,spayded,,36,1,,,
1JCC,LAH,NR,,36,1,,,
1J,LAH,sterilization,,36,1,,,
