Informant,Project,Response,Comment,Page,Line,Unnamed: 6,Unnamed: 7,Unnamed: 8
1AB,LAH,boar,,35,3,,,
1CHE,LAH,boar,?; ?; ?; [note: lettering with NR],35,3,,,
1F,LAH,boar,,35,3,,,
1F,LAH,,,35,3,,,
1F,LAH,male pig,,35,3,,,
1HE,LAH,NR,"Informants response to pages 34, 35, 36, 37, 38, 39 were not worth recording. Informant simply does not have any rural terms in her vocabulary.",35,3,,,
1HESID,LAH,wild boar,boar; not known; not known; not known; [note: lettering with NR],35,3,,,
1HESID,LAH,boar,[note: lettering with NR],35,3,,,
1HT,LAH,NR,no comment,35,3,,,
1JCC ,LAH,pig,(only name he knows),35,3,,,
1J,LAH,NR,No Response,35,3,,,
