Informant,Project,Response,Comment,Page,Line,Unnamed: 6,Unnamed: 7,Unnamed: 8
1AB,LAH,nine ,,1,3,,,
1AB,LAH,ten,,1,3,,,
1AB,LAH,eleven,,1,3,,,
1AB,LAH,twelve,,1,3,,,
1CHE,LAH,nine ,,1,3,,,
1CHE,LAH,ten,,1,3,,,
1CHE,LAH,eleven,,1,3,,,
1CHE,LAH,twelve,,1,3,,,
1F,LAH,nine ,Rapid Count,1,3,,,
1F,LAH,ten,Rapid Count,1,3,,,
1F,LAH,eleven,Rapid Count,1,3,,,
1F,LAH,twelve,Rapid Count,1,3,,,
1HE,LAH,nine ,,1,3,,,
1HE,LAH,ten,,1,3,,,
1HE,LAH,eleven,,1,3,,,
1HE,LAH,twelve,,1,3,,,
1HESID,LAH,nine ,,1,3,,,
1HESID,LAH,ten,,1,3,,,
1HESID,LAH,eleven,,1,3,,,
1HESID,LAH,twelve,,1,3,,,
1HT,LAH,nine ,,1,3,,,
1HT,LAH,ten,,1,3,,,
1HT,LAH,eleven,,1,3,,,
1HT,LAH,twelve,,1,3,,,
1JCC,LAH,nine ,,1,3,,,
1JCC,LAH,ten,,1,3,,,
1JCC,LAH,eleven,,1,3,,,
1JCC,LAH,twelve,,1,3,,,
1J,LAH,nine ,or nine ,1,3,,,
1J,LAH,ten,,1,3,,,
1J,LAH,eleven,,1,3,,,
1J,LAH,twelve,,1,3,,,
