Informant,Project,Response,Comment,Page,Line,Unnamed: 6,Unnamed: 7,Unnamed: 8
1AB,LAH,I've heard it many many times,,12,3a,,,
1CHE,LAH,I've heard,I've heard,12,3a,,,
1CHE,LAH,he's heard,he's heard; Forced response,12,3a,,,
1CHE,LAH,they've heard,they've heard,12,3a,,,
1F,LAH,NR,,12,3a,,,
1HE,LAH,NR,Inf. could not remember verb conjugations - I had to skip this to avoid ill feeling. ,12,3a,,,
1HESID,LAH,I've heard,,12,3a,,,
1HESID,LAH,he's ,,12,3a,,,
1HESID,LAH,they've  ,,12,3a,,,
1HT,LAH,repeated,perhaps stilted,12,3a,,,
1JCC,LAH,I heard a noise,,12,3a,,,
1JCC,LAH,he heard a noise,,12,3a,,,
1JCC,LAH,they heard noise too,,12,3a,,,
1J,LAH,you don't have to tell,,12,3a,,,
