Informant,Project,Response,Comment,Page,Line,Unnamed: 6,Unnamed: 7,Unnamed: 8
1AB,LAH,Daisy is going to give birth,,33,8,,,
1CHE,LAH,have a calf,hanau (hanau - Haw'n); [note: lettering],33,8,,,
1CHE,LAH,hanau,(hanau - Haw'n) [note: lettering],33,8,,,
1CHE,LAH,birthed,[note: lettering],33,8,,,
1F,LAH,give birth,,33,8,,,
1F,LAH,birthed,,33,8,,,
1HE,LAH,NR,,33,8,,,
1HESID,LAH,give birth,[note: lettering],33,8,,,
1HESID,LAH,bird,[note: lettering],33,8,,,
1HESID,LAH,bird,[note: lettering],33,8,,,
1HT,LAH,NR,,33,8,,,
1JCC,LAH,birthed,[note: lettering],33,8,,,
1J,LAH,NR,No Response,33,8,,,
