Informant,Project,Response,Comment,Page,Line,Unnamed: 6,Unnamed: 7,Unnamed: 8
1AB,LAH,pasture,,15,6,,,
1CHE,LAH,barnyard,,15,6,,,
1F,LAH,stable,shelter and yard are synonomous [sic]. ,15,6,,,
1HE,LAH,NR,"Pages Fourteen and Fifteen; Informant has no knowledge of these words and has probably never even seen a hay stack or corn crib. SHe has not travelled more than a few hundred miles from Oahu and has never been away from the Hawaiian Island group, even for a visit.",15,6,,,
1HESID,LAH,barnyard,,15,6,,,
1HT,LAH,pasture,,15,6,,,
1JCC,LAH,corral,,15,6,,,
1J,LAH,cow shed,,15,6,,,
