Informant,Project,Response,Comment,Page,Line,Unnamed: 6,Unnamed: 7,Unnamed: 8
1AB,LAH,Mānoa Stream,,30,7,,,
1AB,LAH,Mo'ili'ili Stream,,30,7,,,
1CHE,LAH,NR,?,30,7,,,
1F,LAH,Kapalama Canal,,30,7,,,
1F,LAH,Kalihi Stream,,30,7,,,
1HE,LAH,Nu'uanu,,30,7,,,
1HE,LAH,,,30,7,,,
1HE,LAH,Palolo,,30,7,,,
1HESID,LAH,Ala Wai Canal,,30,7,,,
1HESID,LAH,Manoa Stream,,30,7,,,
1HESID,LAH,Palolo Stream,,30,7,,,
1HT,LAH,NR,,30,7,,,
1JCC,LAH,Palolo Stream,,30,7,,,
1J,LAH,Palolo,,30,7,,,
1J,LAH,Makiki,,30,7,,,
1J,LAH,Nu'uanu,,30,7,,,
