Informant,Project,Response,Comment,Page,Line,Unnamed: 6,Unnamed: 7,Unnamed: 8
1AB,LAH,I do it,,12,6,,,
1AB,LAH,he does,,12,6,,,
1CHE,LAH,I do it,,12,6,,,
1CHE,LAH,he does it,,12,6,,,
1CHE,LAH,we do it,,12,6,,,
1F,LAH,I do them,,12,6,,,
1F,LAH,I do it,,12,6,,,
1F,LAH,he does it,,12,6,,,
1F,LAH,we do it,,12,6,,,
1HE,LAH,I do it,,12,6,,,
1HE,LAH,he does it,,12,6,,,
1HE,LAH,we do it,,12,6,,,
1HESID,LAH,I do it,,12,6,,,
1HESID,LAH,he does it,,12,6,,,
1HESID,LAH,we do it,,12,6,,,
1HT,LAH,I always do it,,12,6,,,
1JCC,LAH,I do it,,12,6,,,
1JCC,LAH,he does it,,12,6,,,
1JCC,LAH,we do it,,12,6,,,
1J,LAH,it's routine,[note: lettering],12,6,,,
1J,LAH,it's routine to him,[note: lettering],12,6,,,
1J,LAH,we do it routine,[note: lettering],12,6,,,
