Informant,Project,Response,Comment,Page,Line,Unnamed: 6,Unnamed: 7,Unnamed: 8
1AB,LAH,cup,,16,8,,,
1CHE,LAH,cup,with looped handle,16,8,,,
1CHE,LAH,dipper,straight handle,16,8,,,
1F,LAH,cup,,16,8,,,
1F,LAH,tin,,16,8,,,
1F,LAH,tin cup,,16,8,,,
1F,LAH,tin can,,16,8,,,
1HE,LAH,mug,refers to almost any drinking utensil except glass or china. ,16,8,,,
1HESID,LAH,cup,(loop handle),16,8,,,
1HESID,LAH,tin cup,(tin dipper),16,8,,,
1HESID,LAH,mug,(large heavy cup or beer mug),16,8,,,
1HT,LAH,scooper,water carried in a big can. ,16,8,,,
1JCC,LAH,NR,,16,8,,,
1J,LAH,cup,No Response,16,8,,,
