Informant,Project,Response,Comment,Page,Line,Unnamed: 6,Unnamed: 7,Unnamed: 8
1AB,LAH,barn,for animals,14,2,,,
1AB,LAH,for animals,,14,2,,,
1CHE,LAH,barn,,14,2,,,
1F,LAH,barn,,14,2,,,
1HESID,LAH,barn,,14,2,,,
1HT,LAH,barn,,14,2,,,
1HT,LAH,stable,,14,2,,,
1HT,LAH,animal house,,14,2,,,
1JCC,LAH,barn,"""for farm animals""",14,2,,,
1J,LAH,for farm animals,[note: lettering],14,2,,,
1HE,LAH,NR,"Pages Fourteen and Fifteen; Informant has no knowledge of these words and has probably never even seen a hay stack or corn crib. SHe has not travelled more than a few hundred miles from Oahu and has never been away from the Hawaiian Island group, even for a visit.",14,2,,,
