Informant,Project,Response,Comment,Page,Line,Unnamed: 6,Unnamed: 7,Unnamed: 8
1AB,LAH,it is I,,42,6,,,
1AB,LAH,he ,,42,6,,,
1AB,LAH,she,,42,6,,,
1AB,LAH,they,,42,6,,,
1CHE,LAH,it's I,,42,6,,,
1CHE,LAH,it's he,,42,6,,,
1CHE,LAH,it's she,,42,6,,,
1CHE,LAH,it's they,,42,6,,,
1F,LAH,it's I,,42,6,,,
1F,LAH,as me,other,42,6,,,
1F,LAH,it is he,,42,6,,,
1F,LAH,it is she,,42,6,,,
1F,LAH,it is they,,42,6,,,
1HE,LAH,it's me,,42,6,,,
1HE,LAH,it's him,,42,6,,,
1HE,LAH,it's her,,42,6,,,
1HE,LAH,it's them,,42,6,,,
1HESID,LAH,NR,,42,6,,,
1HT,LAH,it is I,,42,6,,,
1JCC,LAH,it's me,,42,6,,,
1JCC,LAH,it's he,,42,6,,,
1JCC,LAH,it's them,,42,6,,,
1J,LAH,it's him,No Response; [note: lettering with NR],42,6,,,
1J,LAH,it's her,[note: lettering with NR],42,6,,,
