Informant,Project,Response,Comment,Page,Line,Unnamed: 6,Unnamed: 7,Unnamed: 8
1AB,LAH,tidy up,[note: lettering],10,3,,,
1AB,LAH,junk room,[note: lettering],10,3,,,
1CHE,LAH,tidies up,freshening up; [note: lettering],10,3,,,
1CHE,LAH,freshening up,[note: lettering],10,3,,,
1F,LAH,she cleans up,,10,3,,,
1HE,LAH,straighten up,,10,3,,,
1HESID,LAH,cleans up,a lick and a promise; straightens up,10,3,,,
1HESID,LAH,a lick and a promise,,10,3,,,
1HESID,LAH,straightens up,,10,3,,,
1HT,LAH,tidy up a room,,10,3,,,
1JCC,LAH,cleaning,"(He said the word that way - with the ""ŋ"" not ""n"" - Three times in succession.); chores (chores)",10,3,,,
1JCC,LAH,chores,(chores),10,3,,,
1J,LAH,dusting,"""If my mother is sweeping then you say she sweeps and so on in this manner.",10,3,,,
