Informant,Project,Response,Comment,Page,Line,Unnamed: 6,Unnamed: 7,Unnamed: 8
1AB,LAH,poached eggs,,46,2,,,
1CHE,LAH,poached eggs,"""Drop the egg (shelled) in heated salted water in a frying pan.""",46,2,,,
1F,LAH,poach eggs,,46,2,,,
1HE,LAH,poached eggs,,46,2,,,
1HESID,LAH,poach eggs,poached eggs (egg is dropped from the shell into boiling water and allowed to continue boiling for a few minutes.),46,2,,,
1HESID,LAH,poached eggs,,46,2,,,
1HT,LAH,pickled pork,not familiar,46,2,,,
1JCC,LAH,poached eggs,poach egg,46,2,,,
1JCC,LAH,poach egg ,,46,2,,,
1J,LAH,poached egg is a boiled egg ,,46,2,,,
