Informant,Project,Response,Comment,Page,Line,Unnamed: 6,Unnamed: 7,Unnamed: 8
1AB,LAH,warmed over,,50,1,,,
1AB,LAH,heated,,50,1,,,
1CHE,LAH,reheated food,"""I'm going to warm-up the food"". ",50,1,,,
1F,LAH,warmed up,,50,1,,,
1HE,LAH,warmed up,,50,1,,,
1HE,LAH,,,50,1,,,
1HESID,LAH,warmed over,,50,1,,,
1HESID,LAH,warmed up,,50,1,,,
1HT,LAH,leftover,,50,1,,,
1JCC,LAH,warm again,,50,1,,,
1J,LAH,leftovers,"Not used as a noun, but instead as an adjective to modify food or things - according to the subject.",50,1,,,
