Informant,Project,Response,Comment,Page,Line,Unnamed: 6,Unnamed: 7,Unnamed: 8
1AB,LAH,trousers,"pants, khakis",27,1b,,,
1AB,LAH,pants,,27,1b,,,
1AB,LAH,khakis,,27,1b,,,
1CHE,LAH,trousers,pants,27,1b,,,
1CHE,LAH,pants,,27,1b,,,
1F,LAH,trousers,,27,1b,,,
1F,LAH,pants,,27,1b,,,
1HE,LAH,pants,,27,1b,,,
1HESID,LAH,pants,trousers,27,1b,,,
1HESID,LAH,trousers,,27,1b,,,
1HT,LAH,pants,,27,1b,,,
1JCC,LAH,trousers,"pants; slack ?; overall; ! fatigues (""fatigues"") (army slang expression)",27,1b,,,
1JCC,LAH,pants,,27,1b,,,
1JCC,LAH,slack,?,27,1b,,,
1J,LAH,pants,,27,1b,,,
