Informant,Project,Response,Comment,Page,Line,Unnamed: 6,Unnamed: 7,Unnamed: 8
1AB,LAH,cow barn,,15,2,,,
1CHE,LAH,barn,,15,2,,,
1F,LAH,NR,,15,2,,,
1HE,LAH,NR,"Pages Fourteen and Fifteen; Informant has no knowledge of these words and has probably never even seen a hay stack or corn crib. SHe has not travelled more than a few hundred miles from Oahu and has never been away from the Hawaiian Island group, even for a visit.",15,2,,,
1HESID,LAH,barn,,15,2,,,
1HT,LAH,barn,,15,2,,,
1JCC,LAH,barn,cow shed,15,2,,,
1JCC,LAH,cow shed,,15,2,,,
1J,LAH,barn,,15,2,,,
