Informant,Project,Response,Comment,Page,Line,Unnamed: 6,Unnamed: 7,Unnamed: 8
1AB,LAH,NR,,44,7,,,
1CHE,LAH,NR,?; ?; [note: lettering with NR],44,7,,,
1F,LAH,NR,,44,7,,,
1HE,LAH,hotcakes,second word: hot breads,44,7,,,
1HE,LAH,hot breads,,44,7,,,
1HESID,LAH,doughnuts,[note: lettering with NR],44,7,,,
1HESID,LAH,sinkers,(term used for dunking - donuts); [note: lettering with NR],44,7,,,
1HT,LAH,NR,not familiar,44,7,,,
1JCC,LAH,corn biscuit,,44,7,,,
1J,LAH,corn muffins,[note: lettering],44,7,,,
1J,LAH,rolls,[note: lettering],44,7,,,
