Informant,Project,Response,Comment,Page,Line,Unnamed: 6,Unnamed: 7,Unnamed: 8
1AB,LAH,stable,,15,3,,,
1CHE,LAH,stable,,15,3,,,
1F,LAH,stable,,15,3,,,
1HE,LAH,NR,"Pages Fourteen and Fifteen; Informant has no knowledge of these words and has probably never even seen a hay stack or corn crib. SHe has not travelled more than a few hundred miles from Oahu and has never been away from the Hawaiian Island group, even for a visit.",15,3,,,
1HESID,LAH,stable,stable,15,3,,,
1HESID,LAH,stable,,15,3,,,
1HT,LAH,stable,shelter for all animals,15,3,,,
1JCC,LAH,stable,,15,3,,,
1J,LAH,stable,stalls for its horse,15,3,,,
1J,LAH,stalls for its horse,,15,3,,,
