Informant,Project,Response,Comment,Page,Line,Unnamed: 6,Unnamed: 7,Unnamed: 8
1AB,LAH,underwear,,26,3,,,
1AB,LAH,undershirts,,26,3,,,
1CHE,LAH,undergarments,underclothes,26,3,,,
1CHE,LAH,underclothes,,26,3,,,
1F,LAH,underwear,,26,3,,,
1F,LAH,undershirts,,26,3,,,
1HE,LAH,undershirt,,26,3,,,
1HESID,LAH,underclothes,,26,3,,,
1HESID,LAH,undershirt,,26,3,,,
1HT,LAH,NR,,26,3,,,
1JCC,LAH,shorts,,26,3,,,
1JCC,LAH,undershirts,t-shirts,26,3,,,
1JCC,LAH,t-shirts,,26,3,,,
1J,LAH,undershirt,,26,3,,,
1J,LAH,underpants,,26,3,,,
