Informant,Project,Response,Comment,Page,Line,Unnamed: 6,Unnamed: 7,Unnamed: 8
1AB,LAH,horse,,34,3,,,
1AB,LAH,mare,,34,3,,,
1CHE,LAH,mare,"""house"" used as a general term",34,3,,,
1CHE,LAH,horse,"""house"" used as a general term",34,3,,,
1F,LAH,horse,,34,3,,,
1F,LAH,mare,,34,3,,,
1HE,LAH,NR,"Informants response to pages 34, 35, 36, 37, 38, 39 were not worth recording. Informant simply does not have any rural terms in her vocabulary. ",34,3,,,
1HESID,LAH,horse,mare,34,3,,,
1HESID,LAH,mare,,34,3,,,
1HT,LAH,horse,,34,3,,,
1HT,LAH,mare,,34,3,,,
1JCC,LAH,NR,,34,3,,,
1J,LAH,NR,No Response at all.,34,3,,,
