Informant,Project,Response,Comment,Page,Line,Unnamed: 6,Unnamed: 7,Unnamed: 8
1AB,LAH,I was talking,,13,4,,,
1AB,LAH,you were,,13,4,,,
1AB,LAH,they were,,13,4,,,
1CHE,LAH,I was talking,,13,4,,,
1CHE,LAH,we were talking,,13,4,,,
1CHE,LAH,you were talking,,13,4,,,
1CHE,LAH,they were talking,,13,4,,,
1F,LAH,I was talking,,13,4,,,
1F,LAH,you were,,13,4,,,
1F,LAH,we were,,13,4,,,
1F,LAH,they were,,13,4,,,
1HE,LAH,I was talking ,,13,4,,,
1HE,LAH,you was talking,,13,4,,,
1HE,LAH,we was talking,,13,4,,,
1HE,LAH,they was talking,,13,4,,,
1HESID,LAH,I was talking,,13,4,,,
1HESID,LAH,you were talking,,13,4,,,
1HESID,LAH,we were talking,,13,4,,,
1HESID,LAH,they were talking,,13,4,,,
1HT,LAH,I was talking,,13,4,,,
1HT,LAH,they were,,13,4,,,
1JCC,LAH,I was talking,,13,4,,,
1JCC,LAH,you were  ,,13,4,,,
1JCC,LAH,they were,,13,4,,,
1J,LAH,killing time with him,,13,4,,,
