Informant,Project,Response,Comment,Page,Line,Unnamed: 6,Unnamed: 7,Unnamed: 8
1AB,LAH,cart,[note: lettering],39,4,,,
1AB,LAH,wheel,[note: lettering],39,4,,,
1AB,LAH,hitch up,[note: lettering],39,4,,,
1CHE,LAH,NR,,39,4,,,
1F,LAH,NR,,39,4,,,
1HE,LAH,NR,"Informants response to pages 34, 35, 36, 37, 38, 39 were not worth recording. Informant simply does not have any rural terms in her vocabulary. ",39,4,,,
1HESID,LAH,NR,,39,4,,,
1HT,LAH,NR,,39,4,,,
1JCC,LAH,NR,,39,4,,,
1J,LAH,NR,No Response,39,4,,,
