Informant,Project,Response,Comment,Page,Line,Unnamed: 6,Unnamed: 7,Unnamed: 8
1AB,LAH,washing and airing,,10,5,,,
1CHE,LAH,laundry,(laundry),10,5,,,
1F,LAH,who makes the laundry,,10,5,,,
1HE,LAH,who does the washing,Inf. uses word washing as all inclusive,10,5,,,
1HE,LAH,washing   ,,10,5,,,
1HESID,LAH,washwoman,laundry lady,10,5,,,
1HESID,LAH,laundry lady,,10,5,,,
1HT,LAH,laundry,,10,5,,,
1JCC,LAH,laundry,clothes cleaner (cleaner),10,5,,,
1JCC,LAH,clothes cleaner,(cleaner),10,5,,,
1J,LAH,sister or mother does washing,,10,5,,,
