Informant,Project,Response,Comment,Page,Line,Unnamed: 6,Unnamed: 7,Unnamed: 8
1AB,LAH,pastries,,45,2,,,
1CHE,LAH,coffee rolls,"""like French pastry"".",45,2,,,
1F,LAH,buns,,45,2,,,
1HE,LAH,rolls,word rolls seems to be all inclusive except in special cases. ,45,2,,,
1HE,LAH,rolls,,45,2,,,
1HESID,LAH,danish pastry,"any bread with raisins, flavoring",45,2,,,
1HESID,LAH,coffee cake,same as above,45,2,,,
1HESID,LAH,sweet rolls,same  ,45,2,,,
1HT,LAH,biscuit,,45,2,,,
1HT,LAH,buns,,45,2,,,
1JCC,LAH,,lemon rings,45,2,,,
1JCC,LAH,lemon rings,,45,2,,,
1J,LAH,NR,No Response. ,45,2,,,
