Informant,Project,Response,Comment,Page,Line,Unnamed: 6,Unnamed: 7,Unnamed: 8
1AB,LAH,Tuesday,,2,1,,,
1AB,LAH,Wednesday,,2,1,,,
1AB,LAH,Thursday,,2,1,,,
1AB,LAH,Saturday,,2,1,,,
1CH,LAH,Tuesday,,2,1,,,
1CH,LAH,Wednesday,,2,1,,,
1CH,LAH,Thursday,,2,1,,,
1CH,LAH,Saturday,,2,1,,,
1F,LAH,Tuesday,,2,1,,,
1F,LAH,Wednesday,,2,1,,,
1F,LAH,Thursday,,2,1,,,
1F,LAH,Saturday,,2,1,,,
1HE,LAH,Tuesday,,2,1,,,
1HE,LAH,Wednesday,,2,1,,,
1HE,LAH,Thursday,,2,1,,,
1HE,LAH,Saturday,,2,1,,,
1HESID,LAH,Tuesday,Tuesday,2,1,,,
1HESID,LAH,Tuesday,,2,1,,,
1HESID,LAH,Wednesday,,2,1,,,
1HESID,LAH,Thursday,,2,1,,,
1HESID,LAH,Saturday,,2,1,,,
1HT,LAH,Tuesday,,2,1,,,
1HT,LAH,Wednesday,,2,1,,,
1HT,LAH,Thursday,,2,1,,,
1HT,LAH,Saturday,,2,1,,,
1JCC,LAH,Tuesday,,2,1,,,
1JCC,LAH,Wednesday,,2,1,,,
1JCC,LAH,Thursday,,2,1,,,
1JCC,LAH,Saturday,,2,1,,,
1J,LAH,Tuesday,Was consistent in this:,2,1,,,
1J,LAH,Wednesday,,2,1,,,
1J,LAH,Thursday,,2,1,,,
1J,LAH,Saturday,,2,1,,,
