Informant,Project,Response,Comment,Page,Line,Unnamed: 6,Unnamed: 7,Unnamed: 8
1AB,LAH,cork,,20,4,,,
1AB,LAH,stopper,,20,4,,,
1AB,LAH,cap,,20,4,,,
1CHE,LAH,cork,"stopper, cover, cap",20,4,,,
1CHE,LAH,stopper,,20,4,,,
1CHE,LAH,cover,,20,4,,,
1CHE,LAH,cap,,20,4,,,
1F,LAH,cork,,20,4,,,
1F,LAH,stopper,,20,4,,,
1HE,LAH,rubber cork,Inf. also mentioned glass and paper corks; also used word stopper,20,4,,,
1HE,LAH,glass,,20,4,,,
1HE,LAH,paper corks,,20,4,,,
1HE,LAH,stopper,,20,4,,,
1HESID,LAH,cork,stopper,20,4,,,
1HESID,LAH,stopper,,20,4,,,
1HT,LAH,cork,,20,4,,,
1HT,LAH,stopper,prompted,20,4,,,
1JCC,LAH,cork,stopper,20,4,,,
1JCC,LAH,stopper,,20,4,,,
1J,LAH,plug ,,20,4,,,
