Informant,Project,Response,Comment,Page,Line,Unnamed: 6,Unnamed: 7,Unnamed: 8
1AB,LAH,am going,[note: lettering],24,6,,,
1AB,LAH,we're going,[note: lettering],24,6,,,
1AB,LAH,they're going,[note: lettering],24,6,,,
1CHE,LAH,NR,Auxilliary verb not omitted,24,6,,,
1F,LAH,I going,,24,6,,,
1F,LAH,I'm going,prompted,24,6,,,
1HE,LAH,I go,Auxiliary verb often omitted in all tenses,24,6,,,
1HESID,LAH,NR,,24,6,,,
1HT,LAH,I am going,,24,6,,,
1HT,LAH,you are,,24,6,,,
1HT,LAH,he is,,24,6,,,
1JCC,LAH,I'm going,,24,6,,,
1JCC,LAH,we're going,,24,6,,,
1JCC,LAH,they're going,,24,6,,,
1J,LAH,NR,No Response,24,6,,,
