Informant,Project,Response,Comment,Page,Line,Unnamed: 6,Unnamed: 7,Unnamed: 8
1AB,LAH,porch,,10,8,,,
1AB,LAH,little porch,,10,8,,,
1CHE,LAH,front porch,front porch; or lanai lanai (Haw'n),10,8,,,
1CHE,LAH,lanai,lanai (Haw'n),10,8,,,
1CHE,LAH,service porch,service porch (back); or lanai lanai (Haw'n),10,8,,,
1F,LAH,porch,,10,8,,,
1F,LAH,lanai,,10,8,,,
1F,LAH,veranda,,10,8,,,
1HE,LAH,porch,second word veranda,10,8,,,
1HE,LAH,veranda,,10,8,,,
1HESID,LAH,lanai,(porch); front porch; back porch,10,8,,,
1HESID,LAH,front porch,,10,8,,,
1HESID,LAH,back porch,,10,8,,,
1HT,LAH,veranda,,10,8,,,
1HT,LAH,porch,,10,8,,,
1JCC,LAH,porch,"lanai (lanai, Hawaiian word)",10,8,,,
1JCC,LAH,lanai,"(lanai, Hawaiian word)",10,8,,,
1J,LAH,steps,Concrete steps in front of house Wooden steps in back of house,10,8,,,
