Informant,Project,Response,Comment,Page,Line,Unnamed: 6,Unnamed: 7,Unnamed: 8
1AB,LAH,without,,32,3,,,
1AB,LAH,with ,,32,3,,,
1CHE,LAH,without,[note: lettering],32,3,,,
1CHE,LAH,with,[note: lettering],32,3,,,
1F,LAH,without milk,,32,3,,,
1F,LAH,with milk,,32,3,,,
1HE,LAH,without,,32,3,,,
1HE,LAH,with milk,,32,3,,,
1HESID,LAH,without milk,,32,3,,,
1HESID,LAH,with milk,,32,3,,,
1HT,LAH,without milk,,32,3,,,
1HT,LAH,with milk,,32,3,,,
1JCC,LAH,NR,,32,3,,,
1J,LAH,without milk,[note: lettering],32,3,,,
1J,LAH,with milk,[note: lettering],32,3,,,
