Informant,Project,Response,Comment,Page,Line,Unnamed: 6,Unnamed: 7,Unnamed: 8
1AB,LAH,comforter,,29,1,,,
1AB,LAH,quilt,,29,1,,,
1CHE,LAH,comforter,"quilt, kapa (kapa - Haw'n)",29,1,,,
1CHE,LAH,quilt,,29,1,,,
1CHE,LAH,kapa,(kapa - Haw'n),29,1,,,
1F,LAH,quilt,,29,1,,,
1HE,LAH,quilt,second word: very old Hawaiian quilt kapa,29,1,,,
1HE,LAH,kapa,,29,1,,,
1HESID,LAH,quilt,comforter,29,1,,,
1HESID,LAH,comforter,,29,1,,,
1HT,LAH,NR,not familiar,29,1,,,
1JCC,LAH,NR,,29,1,,,
1J,LAH,NR,No Response,29,1,,,
