Informant,Project,Response,Comment,Page,Line,Unnamed: 6,Unnamed: 7,Unnamed: 8
1AB,LAH,china,,17,1,,,
1CHE,LAH,china,,17,1,,,
1F,LAH,china,,17,1,,,
1HE,LAH,china,,17,1,,,
1HESID,LAH,china,crockery,17,1,,,
1HESID,LAH,crockery,,17,1,,,
1HT,LAH,dishes,,17,1,,,
1HT,LAH,china,,17,1,,,
1JCC,LAH,china,"kolea (kolea - Haw. for plover; hence, bird of passage - one who comes then goes away.)",17,1,,,
1JCC,LAH,kolea,"(kolea - Haw. for plover; hence, bird of passage - one who comes then goes away.)",17,1,,,
1J,LAH,dishes,,17,1,,,
