Informant,Project,Response,Comment,Page,Line,Unnamed: 6,Unnamed: 7,Unnamed: 8
1AB,LAH,I don't care for any,[note: lettering],49,8,,,
1AB,LAH,I don't want any,[note: lettering],49,8,,,
1AB,LAH,no thank you,[note: lettering],49,8,,,
1CHE,LAH,no thank you,[note: lettering],49,8,,,
1CHE,LAH,no thank you,[note: lettering],49,8,,,
1F,LAH,I don't care for any,,49,8,,,
1HE,LAH,I no care for any,,49,8,,,
1HESID,LAH,no thanks I do not want any,,49,8,,,
1HT,LAH,no thank you,,49,8,,,
1JCC ,LAH,oh no thank you,,49,8,,,
1J,LAH,NR,,49,8,,,
