Informant,Project,Response,Comment,Page,Line,Unnamed: 6,Unnamed: 7,Unnamed: 8
1AB,LAH,I work all day,,13,3a,,,
1AB,LAH,we work,,13,3a,,,
1AB,LAH,they work,,13,3a,,,
1CHE,LAH,I work  ,,13,3a,,,
1CHE,LAH,we work,,13,3a,,,
1CHE,LAH,they work,,13,3a,,,
1F,LAH,I work,,13,3a,,,
1F,LAH,we work,,13,3a,,,
1F,LAH,they work ,,13,3a,,,
1HE,LAH,I work all day,,13,3a,,,
1HE,LAH,we work,,13,3a,,,
1HE,LAH,they work,,13,3a,,,
1HESID,LAH,I work all day,,13,3a,,,
1HESID,LAH,we work,,13,3a,,,
1HESID,LAH,they work,,13,3a,,,
1HT,LAH,let,,13,3a,,,
1HT,LAH,all the,,13,3a,,,
1JCC,LAH,I work,,13,3a,,,
1JCC,LAH,we work the main,,13,3a,,,
1JCC,LAH,they work at many trades,,13,3a,,,
1J,LAH,I work all day,,13,3a,,,
