Informant,Project,Response,Comment,Page,Line,Unnamed: 6,Unnamed: 7,Unnamed: 8
1AB,LAH,thirty,,1,5,,,
1AB,LAH,forty,,1,5,,,
1AB,LAH,seventy,,1,5,,,
1AB,LAH,hundred,,1,5,,,
1CHE,LAH,thirty,,1,5,,,
1CHE,LAH,forty,,1,5,,,
1CHE,LAH,seventy,,1,5,,,
1CHE,LAH,hundred,,1,5,,,
1F,LAH,thirty,Rapid Count,1,5,,,
1F,LAH,forty,Rapid Count,1,5,,,
1F,LAH,seventy,Rapid Count,1,5,,,
1F,LAH,hundred,Rapid Count,1,5,,,
1HE,LAH,thirty,,1,5,,,
1HE,LAH,forty,,1,5,,,
1HE,LAH,seventy,,1,5,,,
1HE,LAH,hundred,,1,5,,,
1HESID,LAH,thirty,,1,5,,,
1HESID,LAH,forty,,1,5,,,
1HESID,LAH,seventy,seventy,1,5,,,
1HESID,LAH,seventy,,1,5,,,
1HESID,LAH,hundred,,1,5,,,
1HT,LAH,thirty,,1,5,,,
1HT,LAH,forty,,1,5,,,
1HT,LAH,seventy,,1,5,,,
1HT,LAH,hundred,,1,5,,,
1JCC,LAH,thirty,,1,5,,,
1JCC,LAH,forty,,1,5,,,
1JCC,LAH,seventy,,1,5,,,
1JCC,LAH,hundred,,1,5,,,
1J,LAH,thirty,,1,5,,,
1J,LAH,forty,,1,5,,,
1J,LAH,seventy,said [seventy] the first time. ,1,5,,,
1J,LAH,seventy,,1,5,,,
1J,LAH,hundred,,1,5,,,
