Informant,Project,Response,Comment,Page,Line,Unnamed: 6,Unnamed: 7,Unnamed: 8
1AB,LAH,whip,,19,6,,,
1CHE,LAH,switch,"meaning a stick, twig, strap",19,6,,,
1CHE,LAH,a stick,,19,6,,,
1CHE,LAH,twig,,19,6,,,
1CHE,LAH,strap,,19,6,,,
1F,LAH,NR,,19,6,,,
1HE,LAH,stick,Inf. states she uses nothing but her hands to punish her two children.,19,6,,,
1HESID,LAH,stick,switch,19,6,,,
1HESID,LAH,switch,,19,6,,,
1HT,LAH,strap,,19,6,,,
1JCC,LAH,strap,whip; snake tail,19,6,,,
1JCC,LAH,whip,,19,6,,,
1JCC,LAH,snake tail,,19,6,,,
1J,LAH,NR,"None; ""We just use hand or magazine"".",19,6,,,
