Informant,Project,Response,Comment,Page,Line,Unnamed: 6,Unnamed: 7,Unnamed: 8
1AB,LAH,horseshoes,,34,7,,,
1AB,LAH,ringing one,,34,7,,,
1CHE,LAH,horseshoes,,34,7,,,
1F,LAH,horseshoes,,34,7,,,
1HE,LAH,NR,"Informants response to pages 34, 35, 36, 37, 38, 39 were not worth recording. Informant simply does not have any rural terms in her vocabulary. ",34,7,,,
1HESID,LAH,horseshoes,,34,7,,,
1HT,LAH,horseshoe,,34,7,,,
1HT,LAH,ringer,,34,7,,,
1JCC,LAH,NR,,34,7,,,
1J,LAH,horseshoe,,34,7,,,
1J,LAH,want to play,[note: wanna],34,7,,,
