Informant,Project,Response,Comment,Page,Line,Unnamed: 6,Unnamed: 7,Unnamed: 8
1AB,LAH,garbage can,,17,5,,,
1CHE,LAH,garbage can,Also: rubbish can,17,5,,,
1CHE,LAH,garbage container,,17,5,,,
1CHE,LAH,rubbish can,,17,5,,,
1F,LAH,garbage can,,17,5,,,
1F,LAH,pail,,17,5,,,
1F,LAH,pig can,,17,5,,,
1F,LAH,slop can,,17,5,,,
1HE,LAH,garbage can,,17,5,,,
1HESID,LAH,garbage can,(large mental container),17,5,,,
1HT,LAH,garbage container,,17,5,,,
1HT,LAH,garbage can,,17,5,,,
1JCC,LAH,garbage can,trash can,17,5,,,
1JCC,LAH,trash can,,17,5,,,
1J,LAH,garbage can,,17,5,,,
1J,LAH,rubbish can,,17,5,,,
