Informant,Project,Response,Comment,Page,Line,Unnamed: 6,Unnamed: 7,Unnamed: 8
1AB,LAH,five,,1,2,,,
1AB,LAH,six,,1,2,,,
1AB,LAH,seven,,1,2,,,
1AB,LAH,eight,,1,2,,,
1CHE,LAH,five,,1,2,,,
1CHE,LAH,six ,,1,2,,,
1CHE,LAH,seven,,1,2,,,
1CHE,LAH,eight,,1,2,,,
1F,LAH,five,Rapid Count,1,2,,,
1F,LAH,six,Rapid Count,1,2,,,
1F,LAH,seven,Rapid Count,1,2,,,
1F,LAH,eight,Rapid Count,1,2,,,
1HE,LAH,five,,1,2,,,
1HE,LAH,six,,1,2,,,
1HE,LAH,seven,,1,2,,,
1HE,LAH,eight,,1,2,,,
1HESID,LAH,five,,1,2,,,
1HESID,LAH,six,,1,2,,,
1HESID,LAH,seven,,1,2,,,
1HESID,LAH,eight,,1,2,,,
1HT,LAH,five,,1,2,,,
1HT,LAH,six,,1,2,,,
1HT,LAH,seven,,1,2,,,
1HT,LAH,eight,,1,2,,,
1JCC,LAH,five,,1,2,,,
1JCC,LAH,six ,,1,2,,,
1JCC,LAH,seven,,1,2,,,
1JCC,LAH,eight,,1,2,,,
1J,LAH,five,or five,1,2,,,
1J,LAH,five,,1,2,,,
1J,LAH,six,,1,2,,,
1J,LAH,seven,,1,2,,,
1J,LAH,eight,,1,2,,,
