Informant,Project,Response,Comment,Page,Line,Unnamed: 6,Unnamed: 7,Unnamed: 8
1AB,LAH,gutter,[note: lettering],11,7,,,
1AB,LAH,groove,[note: lettering],11,7,,,
1CHE,LAH,gutters,(gutters),11,7,,,
1F,LAH,NR,,11,7,,,
1HE,LAH,NR,Inf. has no knowledge of this. ,11,7,,,
1HESID,LAH,drains,"drain pipes, trough; [note: lettering with NR]",11,7,,,
1HESID,LAH,drain pipes,[note: lettering with NR],11,7,,,
1HESID,LAH,trough,[note: lettering with NR],11,7,,,
1HT,LAH,drain,not familiar with eaves,11,7,,,
1JCC,LAH,gutters,,11,7,,,
1J,LAH,NR,No response; No response; [note: lettering with NR],11,7,,,
