Informant,Project,Response,Comment,Page,Line,Unnamed: 6,Unnamed: 7,Unnamed: 8
1AB,LAH,am I going to get some too,,24,7,,,
1CHE,LAH,am I going    ,Repeated questioning - Question difficult to phrase.,24,7,,,
1CHE,LAH,are they going,Repeated questioning - Question difficult to phrase.,24,7,,,
1F,LAH,I going get,,24,7,,,
1HE,LAH,I get some,?; consistently omitted auxiliary verb. ,24,7,,,
1HESID,LAH,am I going to get some   ,am I going to get some   ,24,7,,,
1HT,LAH,NR,,24,7,,,
1JCC,LAH,am I going,pr. ,24,7,,,
1JCC,LAH,are they ,,24,7,,,
1J,LAH,NR,No Response,24,7,,,
