Informant,Project,Response,Comment,Page,Line,Unnamed: 6,Unnamed: 7,Unnamed: 8
1AB,LAH,pig pen,,15,4,,,
1CHE,LAH,pen,,15,4,,,
1F,LAH,pig pen,,15,4,,,
1F,LAH,pigsty,,15,4,,,
1HE,LAH,NR,"Pages Fourteen and Fifteen; Informant has no knowledge of these words and has probably never even seen a hay stack or corn crib. SHe has not travelled more than a few hundred miles from Oahu and has never been away from the Hawaiian Island group, even for a visit.",15,4,,,
1HESID,LAH,pig pen,sty,15,4,,,
1HESID,LAH,sty,,15,4,,,
1HT,LAH,NR,not familiar,15,4,,,
1JCC,LAH,piggery,!,15,4,,,
1J,LAH,NR,No Response,15,4,,,
