Informant,Project,Response,Comment,Page,Line,Unnamed: 6,Unnamed: 7,Unnamed: 8
1AB,LAH,good morning,until noon,2,4,,,
1AB,LAH,until noon,,2,4,,,
1CH,LAH,good morning,until 12:00 noon,2,4,,,
1F,LAH,good morning,,2,4,,,
1HE,LAH,good morning,until 10:00 or 11:00 am.,2,4,,,
1HESID,LAH,good morning,(until noon),2,4,,,
1HT,LAH,good morning,until twelve I guess,2,4,,,
1HT,LAH,until twelve I guess,,2,4,,,
1HT,LAH,good afternoon,,2,4,,,
1JCC,LAH,good morning,"morning ""up to twelve noon"" ",2,4,,,
1JCC,LAH,morning,,2,4,,,
1J,LAH,hi Sumi,"Sumi is a girl's name. States that he says ""Good Morning"" to adults + superior",2,4,,,
