Informant,Project,Response,Comment,Page,Line,Unnamed: 6,Unnamed: 7,Unnamed: 8
1AB,LAH,he got himelf in dutch,,101,3,,,
1CHE,LAH,get in a jam,"Added in amusement: ""in the doghouse""",101,3,,,
1CHE,LAH,get in dutch,,101,3,,,
1F,LAH,get in dutch,,101,3,,,
1F,LAH,jammed up,,101,3,,,
1HE,LAH,he tires me,,101,3,,,
1HESID,LAH,got in bad with,,101,3,,,
1HESID,LAH,cooked his goose with,,101,3,,,
1HESID,LAH,,,101,3,,,
1HT,LAH,got in bad with me,,101,3,,,
1JCC,LAH,got in bad,,101,3,,,
1J,LAH,we don't see eye to eye,"""I don't like him for nothing"", the subject said. ",101,3,,,
