Informant,Project,Response,Comment,Page,Line,Unnamed: 6,Unnamed: 7,Unnamed: 8
1AB,LAH,thirteen,[fieldworker listed beside line 3,1,4,,,
1AB,LAH,fourteen,[fieldworker listed beside line 3,1,4,,,
1AB,LAH,twenty,,1,4,,,
1AB,LAH,twenty-seven,,1,4,,,
1AB,LAH,count,,1,4,,,
1CHE,LAH,thirteen,,1,4,,,
1CHE,LAH,fourteen,,1,4,,,
1CHE,LAH,twenty,,1,4,,,
1CHE,LAH,twenty-seven,,1,4,,,
1F,LAH,thirteen,Rapid Count,1,4,,,
1F,LAH,fourteen,Rapid Count,1,4,,,
1F,LAH,twenty,Rapid Count,1,4,,,
1F,LAH,twenty-seven,Rapid Count,1,4,,,
1HE,LAH,thirteen,,1,4,,,
1HE,LAH,fourteen,,1,4,,,
1HE,LAH,twenty,,1,4,,,
1HE,LAH,twenty-seven,,1,4,,,
1HESID,LAH,thirteen,,1,4,,,
1HESID,LAH,fourteen,,1,4,,,
1HESID,LAH,twenty,,1,4,,,
1HESID,LAH,twenty-seven,,1,4,,,
1HT,LAH,thirteen,,1,4,,,
1HT,LAH,fourteen,,1,4,,,
1HT,LAH,twenty,,1,4,,,
1HT,LAH,twenty-seven,,1,4,,,
1JCC,LAH,thirteen,,1,4,,,
1JCC,LAH,fourteen,,1,4,,,
1JCC,LAH,twenty,,1,4,,,
1JCC,LAH,twenty-seven,,1,4,,,
1J,LAH,thirteen,,1,4,,,
1J,LAH,fourteen,,1,4,,,
1J,LAH,twenty,,1,4,,,
1J,LAH,twenty-seven,,1,4,,,
