Informant,Project,Response,Comment,Page,Line,Unnamed: 6,Unnamed: 7,Unnamed: 8
1AB,LAH,we start working at sunrise,,3,3,,,
1CHE,LAH,sunrise,"dawn, daybreak",3,3,,,
1CHE,LAH,dawn,,3,3,,,
1CHE,LAH,daybreak,,3,3,,,
1F,LAH,sunrise,,3,3,,,
1HE,LAH,daybreak,,3,3,,,
1HE,LAH,sun's up,possibly 'sun is up' - shortened,3,3,,,
1HESID,LAH,dawn,sunrise,3,3,,,
1HESID,LAH,sunrise,,3,3,,,
1HT,LAH,before dawn,,3,3,,,
1JCC,LAH,sunrise,"""bright and early"" - ""dawn""",3,3,,,
1JCC,LAH,dawn,,3,3,,,
1J,LAH,dawn,Only response gained from subject.,3,3,,,
1J,LAH,before dawn,,3,3,,,
