Informant,Project,Response,Comment,Page,Line,Unnamed: 6,Unnamed: 7,Unnamed: 8
1AB,LAH,here come,,33,1b,,,
1AB,LAH,lie down come,[note: additional numbering],33,1b,,,
1AB,LAH,,[note: additional numbering],33,1b,,,
1CHE,LAH,lie down,(lie down); [note: additional numbering],33,1b,,,
1CHE,LAH,fite them,[note: additional numbering],33,1b,,,
1F,LAH,come here,[note: additional numbering],33,1b,,,
1F,LAH,here,[note: additional numbering],33,1b,,,
1F,LAH,down,[note: additional numbering],33,1b,,,
1F,LAH,lie down,[note: additional numbering],33,1b,,,
1F,LAH,oosh,[note: additional numbering],33,1b,,,
1F,LAH,oosh them,[note: additional numbering],33,1b,,,
1F,LAH,catch them,[note: additional numbering],33,1b,,,
1HE,LAH,lie down,,33,1b,,,
1HE,LAH,sic them,,33,1b,,,
1HESID,LAH,hi puppy,hiya pal; [note: additional numbering],33,1b,,,
1HESID,LAH,hiya pal,[note: additional numbering],33,1b,,,
1HESID,LAH,lie down puppy,down puppy; [note: additional numbering],33,1b,,,
1HESID,LAH,down puppy,[note: additional numbering],33,1b,,,
1HESID,LAH,sic them,[note: additional numbering],33,1b,,,
1HT,LAH,down,whistle,33,1b,,,
1JCC,LAH,NR,,33,1b,,,
1J,LAH,slobber pants,,33,1b,,,
1J,LAH,lie down,with motions; [note: additional numbering],33,1b,,,
1J,LAH,sic them,[note: additional numbering],33,1b,,,
