Informant,Project,Response,Comment,Page,Line,Unnamed: 6,Unnamed: 7,Unnamed: 8
1AB,LAH,bull,,33,4,,,
1CHE,LAH,bull,Only term used,33,4,,,
1F,LAH,bull,(a) (b) (c) same term; [note: lettering],33,4,,,
1F,LAH,bull,,33,4,,,
1HE,LAH,ox,,33,4,,,
1HESID,LAH,bull,male; [note: lettering],33,4,,,
1HESID,LAH,male,[note: lettering],33,4,,,
1HESID,LAH,bull,?; [note: lettering],33,4,,,
1HESID,LAH,bull,[note: lettering],33,4,,,
1HESID,LAH,bull,[note: lettering],33,4,,,
1HT,LAH,bull,,33,4,,,
1JCC,LAH,NR,,33,4,,,
1J,LAH,bull,[note: lettering],33,4,,,
1J,LAH,NR,No Response on these said he didn't know; [note: lettering],33,4,,,
1J,LAH,NR,No Response on these said he didn't know; [note: lettering],33,4,,,
1J,LAH,NR,No Response on these said he didn't know; [note: lettering],33,4,,,
