Informant,Project,Response,Comment,Page,Line,Unnamed: 6,Unnamed: 7,Unnamed: 8
1AB,LAH,gab,,100,6,,,
1CHE,LAH,chat,"Amusedly added, ""chew the fat"" - ",100,6,,,
1F,LAH,chew the rag,,100,6,,,
1F,LAH,gab,,100,6,,,
1HE,LAH,chew the rag,second word they were gosspiy,100,6,,,
1HE,LAH,they were gossipy,,100,6,,,
1HESID,LAH,chew the fat,,100,6,,,
1HESID,LAH,talk,,100,6,,,
1HESID,LAH,chew the rag,,100,6,,,
1HESID,LAH,gossip,,100,6,,,
1HESID,LAH,gab,,100,6,,,
1HT,LAH,talk,,100,6,,,
1HT,LAH,chew the rag,,100,6,,,
1JCC,LAH,talk,chat,100,6,,,
1JCC,LAH,chat,,100,6,,,
1J,LAH,chewing the fat,,100,6,,,
1J,LAH,bull session,,100,6,,,
