Informant,Project,Response,Comment,Page,Line,Unnamed: 6,Unnamed: 7,Unnamed: 8
1AB,LAH,stallion,?; ?; ?; [note: lettering with NR],34,1,,,
1CHE,LAH,stallion,,34,1,,,
1F,LAH,stallion,,34,1,,,
1HE,LAH,NR,"Informants response to pages 34, 35, 36, 37, 38, 39 were not worth recording. Informant simply does not have any rural terms in her vocabulary. ",34,1,,,
1HESID,LAH,stud,"male horse, stallion; ?; ?; [note: lettering with NR]",34,1,,,
1HESID,LAH,male horse,[note: lettering with NR],34,1,,,
1HESID,LAH,stallion,[note: lettering with NR],34,1,,,
1HESID,LAH,stud,"if they were good, intimate friends; [note: lettering with NR]",34,1,,,
1HESID,LAH,male horse,if strangers; [note: lettering with NR],34,1,,,
1HT,LAH,NR,no comment,34,1,,,
1JCC,LAH,pony,colt (colt),34,1,,,
1JCC,LAH,colt,(colt),34,1,,,
1J,LAH,mare,No Response at all.; [note: lettering with NR],34,1,,,
