Informant,Project,Response,Comment,Page,Line,Unnamed: 6,Unnamed: 7,Unnamed: 8
1AB,LAH,cold drinks,,49,3,,,
1CHE,LAH,soda,pop,49,3,,,
1CHE,LAH,pop,,49,3,,,
1F,LAH,soda water,"makes two pronun. of ""soda""",49,3,,,
1F,LAH,soda water,"makes two pronun. of ""soda""",49,3,,,
1F,LAH,soda pop,,49,3,,,
1F,LAH,soft drink,,49,3,,,
1HE,LAH,soft drink,,49,3,,,
1HESID,LAH,soda,,49,3,,,
1HESID,LAH,soda pop,,49,3,,,
1HT,LAH,soda,,49,3,,,
1JCC ,LAH,soda,carbonated drink,49,3,,,
1JCC ,LAH,carbonated drink,,49,3,,,
1J,LAH,soda water,any CO2 drink,49,3,,,
