Informant,Project,Response,Comment,Page,Line,Unnamed: 6,Unnamed: 7,Unnamed: 8
1AB,LAH,a yolk,egg yellow; [note: lettering],45,8,,,
1AB,LAH,egg yellow,[note: lettering],45,8,,,
1AB,LAH,the yolk is yellow,[note: lettering],45,8,,,
1CHE,LAH,yolk,[note: lettering],45,8,,,
1CHE,LAH,yellow,[note: lettering],45,8,,,
1F,LAH,yolk,,45,8,,,
1F,LAH,yellow,,45,8,,,
1HE,LAH,yolk,,45,8,,,
1HE,LAH,yellow,,45,8,,,
1HESID,LAH,yolk,yellow,45,8,,,
1HESID,LAH,yellow,,45,8,,,
1HESID,LAH,yellow,,45,8,,,
1HT,LAH,yolk,,45,8,,,
1JCC,LAH,yolk,,45,8,,,
1JCC,LAH,yolks,,45,8,,,
1J,LAH,yolk,,45,8,,,
1J,LAH,yellow,,45,8,,,
