Informant,Project,Response,Comment,Page,Line,Unnamed: 6,Unnamed: 7,Unnamed: 8
1AB,LAH,I am going to make some coffee,,48,7,,,
1CHE,LAH,make some coffee,,48,7,,,
1F,LAH,make some coffee,,48,7,,,
1F,LAH,boil coffee,,48,7,,,
1HE,LAH,I go to brew some coffee,,48,7,,,
1HESID,LAH,make coffee,,48,7,,,
1HESID,LAH,coffee is boiled,,48,7,,,
1HT,LAH,make,,48,7,,,
1JCC,LAH,make,"boil, brew",48,7,,,
1JCC,LAH,boil  ,,48,7,,,
1JCC,LAH,brew,,48,7,,,
1J,LAH,I will make some coffee,,48,7,,,
1J,LAH,I will boil some coffee,,48,7,,,
