Informant,Project,Response,Comment,Page,Line,Unnamed: 6,Unnamed: 7,Unnamed: 8
1AB,LAH,haystack,,14,7,,,
1CHE,LAH,haystack,,14,7,,,
1F,LAH,haystack,,14,7,,,
1HESID,LAH,haystack,,14,7,,,
1HT,LAH,haystack,has seen them only in pictures,14,7,,,
1JCC,LAH,bale,,14,7,,,
1J,LAH,NR,No Response,14,7,,,
1HE,LAH,NR,"Pages Fourteen and Fifteen; Informant has no knowledge of these words and has probably never even seen a hay stack or corn crib. SHe has not travelled more than a few hundred miles from Oahu and has never been away from the Hawaiian Island group, even for a visit.",14,7,,,
