Informant,Project,Response,Comment,Page,Line,Unnamed: 6,Unnamed: 7,Unnamed: 8
1AB,LAH,bristles,[note: lettering],35,7,,,
1AB,LAH,tusks,[note: lettering],35,7,,,
1CHE,LAH,bristles,[note: lettering],35,7,,,
1CHE,LAH,tusks,[note: lettering],35,7,,,
1F,LAH,NR,,35,7,,,
1HE,LAH,NR,"Informants response to pages 34, 35, 36, 37, 38, 39 were not worth recording. Informant simply does not have any rural terms in her vocabulary.",35,7,,,
1HESID,LAH,bristles,[note: lettering],35,7,,,
1HESID,LAH,tusks,(plural); tusks; [note: lettering],35,7,,,
1HESID,LAH,tusks,[note: lettering],35,7,,,
1HT,LAH,NR,no comment,35,7,,,
1JCC ,LAH,NR,,35,7,,,
1J,LAH,NR,,35,7,,,
