Informant,Project,Response,Comment,Page,Line,Unnamed: 6,Unnamed: 7,Unnamed: 8
1AB,LAH,these fellows,,52,1,,,
1CHE,LAH,those men,,52,1,,,
1F,LAH,these fellows,,52,1,,,
1F,LAH,these guys,,52,1,,,
1F,LAH,them guys,,52,1,,,
1HE,LAH,them fellows,,52,1,,,
1HESID,LAH,those fellows,,52,1,,,
1HESID,LAH,these fellows,,52,1,,,
1HT,LAH,these fellows,prompted,52,1,,,
1JCC,LAH,these,,52,1,,,
1J,LAH,guys,or fellows,52,1,,,
1J,LAH,fellows,,52,1,,,
1J,LAH,buggers,Used when with friends in informal situations.,52,1,,,
