Informant,Project,Response,Comment,Page,Line,Unnamed: 6,Unnamed: 7,Unnamed: 8
1AB,LAH,picket fence,,16,2,,,
1CHE,LAH,picket fence,,16,2,,,
1F,LAH,fence,,16,2,,,
1F,LAH,picket fence,,16,2,,,
1F,LAH,garden,,16,2,,,
1HE,LAH,picket fence,"To my informant all wood fences whether flat, round or pointed, are picket fences. ",16,2,,,
1HESID,LAH,picket fence,wooden fence,16,2,,,
1HESID,LAH,wooden fence,,16,2,,,
1HT,LAH,picket fence,,16,2,,,
1JCC,LAH,fence,trellis; around the garden,16,2,,,
1JCC,LAH,trellis,,16,2,,,
1JCC,LAH,around the garden,,16,2,,,
1J,LAH,NR,Wooden fence.,16,2,,,
