Informant,Project,Response,Comment,Page,Line,Unnamed: 6,Unnamed: 7,Unnamed: 8
1AB,LAH,paper bag,,19,7,,,
1CHE,LAH,a paper bag,sack; [note: lettering],19,7,,,
1CHE,LAH,a gunny sack,[note: lettering],19,7,,,
1CHE,LAH,sack,[note: lettering],19,7,,,
1F,LAH,paper bag,,19,7,,,
1F,LAH,paper package,,19,7,,,
1F,LAH,burlap bag,,19,7,,,
1HE,LAH,paper sack,,19,7,,,
1HE,LAH,gunny sack,,19,7,,,
1HESID,LAH,paper bag,sack; [note: lettering],19,7,,,
1HESID,LAH,gunny sack,[note: lettering],19,7,,,
1HESID,LAH,sack,[note: lettering],19,7,,,
1HT,LAH,package,Refers to the product contained rather than the material - usually,19,7,,,
1HT,LAH,paper bag,,19,7,,,
1HT,LAH,sack,,19,7,,,
1JCC,LAH,grocery bag,sack,19,7,,,
1JCC,LAH,sack,,19,7,,,
1J,LAH,paper bag,[note: lettering],19,7,,,
1J,LAH,burlap bag,brown bag; [note: lettering],19,7,,,
