Informant,Project,Response,Comment,Page,Line,Unnamed: 6,Unnamed: 7,Unnamed: 8
1AB,LAH,NR,,14,4,,,
1CHE,LAH,NR,,14,4,,,
1F,LAH,NR,,14,4,,,
1HESID,LAH,NR,,14,4,,,
1HT,LAH,NR,,14,4,,,
1JCC,LAH,NR,,14,4,,,
1J,LAH,NR,,14,4,,,
1HE,LAH,NR,"Pages Fourteen and Fifteen; Informant has no knowledge of these words and has probably never even seen a hay stack or corn crib. SHe has not travelled more than a few hundred miles from Oahu and has never been away from the Hawaiian Island group, even for a visit.",14,4,,,
