Informant,Project,Response,Comment,Page,Line,Unnamed: 6,Unnamed: 7,Unnamed: 8
1AB,LAH,doughnut,,45,3,,,
1CHE,LAH,doughnut,"""round with a hole in the middle - dropped in fat.""",45,3,,,
1F,LAH,doughnut,,45,3,,,
1HE,LAH,doughnut,,45,3,,,
1HE,LAH,applesauce doughnut,,45,3,,,
1HESID,LAH,doughnut,"average size with hole in the middle; some homemade doughnuts don't have the hole, but are just hunks of sweet sugar-crusted bread.",45,3,,,
1HT,LAH,doughnut,,45,3,,,
1JCC,LAH,doughnuts,,45,3,,,
1J,LAH,doughnuts,"""Dough made and dropped into hot water"" - ",45,3,,,
