Informant,Project,Response,Comment,Page,Line,Unnamed: 6,Unnamed: 7,Unnamed: 8
1AB,LAH,oxfords,,28,4,,,
1AB,LAH,tie shoes,,28,4,,,
1CHE,LAH,shoes,,28,4,,,
1CHE,LAH,oxfords,,28,4,,,
1F,LAH,NR,,28,4,,,
1HE,LAH,strollers,"second word, used to designate any type: shoes",28,4,,,
1HE,LAH,shoes,,28,4,,,
1HESID,LAH,flat heels,"low shoes, walking shoes",28,4,,,
1HESID,LAH,low shoes,,28,4,,,
1HESID,LAH,walking shoes,,28,4,,,
1HT,LAH,NR,,28,4,,,
1JCC,LAH,dress shoes,"dress shoe (no ""special"" word in his vocabulary)",28,4,,,
1JCC,LAH,dress shoe,"(no ""special"" word in his vocabulary)",28,4,,,
1J,LAH,NR,Not included in the survey as directed.,28,4,,,
