Informant,Project,Response,Comment,Page,Line,Unnamed: 6,Unnamed: 7,Unnamed: 8
1AB,LAH,hill,,30,8,,,
1CHE,LAH,knoll,hill,30,8,,,
1CHE,LAH,hill,,30,8,,,
1F,LAH,hill,,30,8,,,
1HE,LAH,hill,Inf. first answered mountain to the question but when shown a low lying mountain called it a hill,30,8,,,
1HE,LAH,mountain,,30,8,,,
1HE,LAH,hill,,30,8,,,
1HESID,LAH,hill,peak,30,8,,,
1HESID,LAH,peak,,30,8,,,
1HT,LAH,mountain,,30,8,,,
1HT,LAH,hill,,30,8,,,
1HT,LAH,range,,30,8,,,
1JCC,LAH,hill,mole,30,8,,,
1JCC,LAH,mole,,30,8,,,
1J,LAH,hill,,30,8,,,
1J,LAH,rise,"""this term not used by common people only shark bait use this term rise""",30,8,,,
