Informant,Project,Response,Comment,Page,Line,Unnamed: 6,Unnamed: 7,Unnamed: 8
1AB,LAH,outside toilet,,12,1,,,
1CHE,LAH,outhouse,1 outhouse; [note: lettering],12,1,,,
1CHE,LAH,outside privy,outside privy; [note: lettering],12,1,,,
1CHE,LAH,lua,Haw'n word for toilet; [note: lettering],12,1,,,
1CHE,LAH,thronehouse,thronehouse; 'this is my own name for it'; [note: lettering],12,1,,,
1F,LAH,toilet,,12,1,,,
1F,LAH,lavatory,,12,1,,,
1F,LAH,shithouse,vulgar,12,1,,,
1HE,LAH,lua,,12,1,,,
1HESID,LAH,outhouse,[note: lettering],12,1,,,
1HESID,LAH,toilet,[note: lettering],12,1,,,
1HESID,LAH,john,[note: lettering],12,1,,,
1HESID,LAH,can,[note: lettering],12,1,,,
1HT,LAH,NR,,12,1,,,
1JCC,LAH,latrine,,12,1,,,
1J,LAH,ofuroba,this is Japanese word for bath house.; [note: lettering],12,1,,,
1J,LAH,toilet,,12,1,,,
