Informant,Project,Response,Comment,Page,Line,Unnamed: 6,Unnamed: 7,Unnamed: 8
1AB,LAH,one,,1,1,,,
1AB,LAH,two,,1,1,,,
1AB,LAH,three,,1,1,,,
1AB,LAH,four,,1,1,,,
1CHE,LAH,one,,1,1,,,
1CHE,LAH,two,,1,1,,,
1CHE,LAH,three,,1,1,,,
1CHE,LAH,four,,1,1,,,
1F,LAH,one,Rapid Count,1,1,,,
1F,LAH,two,Rapid Count,1,1,,,
1F,LAH,three,Rapid Count,1,1,,,
1F,LAH,four,Rapid Count,1,1,,,
1HE,LAH,one,,1,1,,,
1HE,LAH,two,,1,1,,,
1HE,LAH,three,,1,1,,,
1HE,LAH,four,,1,1,,,
1HESID,LAH,one,,1,1,,,
1HESID,LAH,two,,1,1,,,
1HESID,LAH,three,(?),1,1,,,
1HESID,LAH,three,,1,1,,,
1HESID,LAH,four,,1,1,,,
1HT,LAH,one,,1,1,,,
1HT,LAH,two ,,1,1,,,
1HT,LAH,three,,1,1,,,
1HT,LAH,four,,1,1,,,
1JCC,LAH,one,,1,1,,,
1JCC,LAH,two,,1,1,,,
1JCC,LAH,three,,1,1,,,
1JCC,LAH,four,,1,1,,,
1J,LAH,one,"Subject was on his best manners, consequently it took a great deal of ingenuity to put the lad at ease. ",1,1,,,
1J,LAH,two,,1,1,,,
1J,LAH,three,,1,1,,,
1J,LAH,four,or four,1,1,,,
1J,LAH,four,,1,1,,,
