Informant,Project,Response,Comment,Page,Line,Unnamed: 6,Unnamed: 7,Unnamed: 8
1AB,LAH,pancakes,,45,4,,,
1CHE,LAH,pancakes,"hot cakes, griddle cakes",45,4,,,
1CHE,LAH,hotcakes,,45,4,,,
1CHE,LAH,griddle cakes,,45,4,,,
1F,LAH,pancakes,,45,4,,,
1F,LAH,hotcakes,,45,4,,,
1F,LAH,griddle cakes,prompted,45,4,,,
1HE,LAH,hot cakes,,45,4,,,
1HE,LAH,pancakes,,45,4,,,
1HE,LAH,griddle cakes,,45,4,,,
1HESID,LAH,pancakes,flapjacks (literary),45,4,,,
1HESID,LAH,hotcakes,,45,4,,,
1HESID,LAH,flapjacks,(literary),45,4,,,
1HT,LAH,hotcakes,,45,4,,,
1HT,LAH,pancakes,,45,4,,,
1JCC,LAH,pancakes,flapjacks,45,4,,,
1JCC,LAH,flapjacks,,45,4,,,
1J,LAH,NR,No Resp.,45,4,,,
