Informant,Project,Response,Comment,Page,Line,Unnamed: 6,Unnamed: 7,Unnamed: 8
1AB,LAH,chicken coop,,36,8,,,
1CHE,LAH,coop,,36,8,,,
1F,LAH,coop,[fieldworker listed beside line 7],36,8,,,
1F,LAH,house,[fieldworker listed beside line 7],36,8,,,
1HE,LAH,NR,"Informants response to pages 34, 35, 36, 37, 38, 39 were not worth recording. Informant simply does not have any rural terms in her vocabulary.",36,8,,,
1HESID,LAH,chicken coop,(wired house off the ground. chicken yard use to indicate any chicken pen on the ground); chicken house; henhouse,36,8,,,
1HESID,LAH,chicken yard,,36,8,,,
1HESID,LAH,chicken house,,36,8,,,
1HESID,LAH,henhouse,,36,8,,,
1JCC,LAH,henhouse,,36,8,,,
1J,LAH,chicken coop,"""Never seen a chicken farm""",36,8,,,
