Informant,Project,Response,Comment,Page,Line,Unnamed: 6,Unnamed: 7,Unnamed: 8
1AB,LAH,you won't squeal on me,(used by children),101,4,,,
1AB,LAH,you won't tell on me,(by adults),101,4,,,
1CHE,LAH,tell on,"""Haole youngsters tattle, the local ones say suck.""",101,4,,,
1F,LAH,tell on,,101,4,,,
1F,LAH,squeal,,101,4,,,
1F,LAH,suck ,,101,4,,,
1F,LAH,tattle,,101,4,,,
1HE,LAH,tell,,101,4,,,
1HESID,LAH,don't tell,,101,4,,,
1HESID,LAH,tattle,,101,4,,,
1HT,LAH,tell on me,,101,4,,,
1JCC,LAH,tell on  ,(adults),101,4,,,
1JCC,LAH,snitch,!; (children),101,4,,,
1J,LAH,squeal,,101,4,,,
