Informant,Project,Response,Comment,Page,Line,Unnamed: 6,Unnamed: 7,Unnamed: 8
1AB,LAH,he swiped my pencil,,100,2,,,
1CHE,LAH,took ,,100,2,,,
1CHE,LAH,stole,,100,2,,,
1CHE,LAH,has,,100,2,,,
1F,LAH,swiped,,100,2,,,
1F,LAH,,other,100,2,,,
1HE,LAH,took,second word: stole; swiped,100,2,,,
1HE,LAH,stole,,100,2,,,
1HE,LAH,swiped,,100,2,,,
1HESID,LAH,stole,,100,2,,,
1HESID,LAH,swipe,(past tense),100,2,,,
1HESID,LAH,took,,100,2,,,
1HT,LAH,took,,100,2,,,
1HT,LAH,borrowed,,100,2,,,
1JCC,LAH,stole,! swiped,100,2,,,
1JCC,LAH,swiped,!  ,100,2,,,
1J,LAH,took,"""the phrase, ""who is fooling around"" is used. ",100,2,,,
1J,LAH,swiped,"""the phrase, ""who is fooling around"" is used. ",100,2,,,
