<?xml version="1.0" encoding="UTF-8"?>
<MediaAsset>
   <!--Original Physical Asset and Transfer Details-->
   <Original>
      <Filename>IN17B_01</Filename>
      <RunningTime>01:36:36</RunningTime>
      <RecordDate>undated</RecordDate>
      <Language>English</Language>
      <FormatType>Open Reel</FormatType>
      <StockBrand>Scotch</StockBrand>
      <TapeModel>None</TapeModel>
      <TapeWidth>1/4"</TapeWidth>
      <TapeType>Polyester</TapeType>
      <ReelSize>7"</ReelSize>
      <TrackConfiguration>Half track</TrackConfiguration>
      <SoundField>Mono</SoundField>
      <RecordingSpeed>3.75 ips</RecordingSpeed>
      <NoiseReduction>None</NoiseReduction>
      <Equalization>NAB</Equalization>
      <PackOrientation>Heads Out</PackOrientation>
      <Language>English</Language>
      <PerforationRepairs>Yes</PerforationRepairs>
      <Cleaned>No</Cleaned>
      <Baked>No</Baked>
      <TransferComments>High Amount of Hiss on Tape; Program Distorted at Times; High Background
         Noise on Tape; Static on Tape; Speed fluctuations on tape; </TransferComments>
      <ConditionReport>
         <SmallRisk>TapeDamage</SmallRisk>
      </ConditionReport>
      <TransferOperator>SC</TransferOperator>
      <Deck_Description>1/4" Open Reel Reproducer</Deck_Description>
      <Deck_Brand>Teac</Deck_Brand>
      <Deck_Model>A-3440</Deck_Model>
      <Deck_SerialNumber>800092</Deck_SerialNumber>
      <Originator> The MediaPreserve, a division of Preservation Technologies, LP </Originator>
      <OriginatorAddress> 111 Thomson Park Drive, Cranberry Township, PA 16066-6424
      </OriginatorAddress>
   </Original>
   <!--Digital Preservation Master File-->
   <PreservationMaster>
      <MediaKeeper>
         <OriginalTitle>IN17B_01</OriginalTitle>
         <CustomerFilename>IN17B_01_a.wav</CustomerFilename>
         <DateCreated>2020-01-21T08:31:03</DateCreated>
         <Checksum>5A480DD140C4516A0BF07F59B93A4CC3</Checksum>
         <ChecksumType>MD5</ChecksumType>
         <ChecksumDateCreated>2020-01-21T09:12:21</ChecksumDateCreated>
         <RunningTime>00:32:22</RunningTime>
         <BitPerSample>24</BitPerSample>
         <SampleRate>96000</SampleRate>
         <BitRate>2304000</BitRate>
         <SoundFieldFromJhove>1</SoundFieldFromJhove>
         <FileSizeInBytes>559506898</FileSizeInBytes>
         <FileSizeInKB>546393.4</FileSizeInKB>
         <FileSizeInMB>533.5873</FileSizeInMB>
         <FileSizeInGB>0.5211</FileSizeInGB>
         <FaceDesignation>A</FaceDesignation>
         <TrackDesignation>00</TrackDesignation>
         <RegionDesignation>01</RegionDesignation>
         <ComputerManufacturer>VisionDAW</ComputerManufacturer>
         <HostComputerName>VX99-PRO</HostComputerName>
         <HostComputerVersion>Core i7</HostComputerVersion>
         <OperatingSystem>Windows 7</OperatingSystem>
         <OperatingSystemVersion>Professional x64 Edition</OperatingSystemVersion>
         <A2D_DeviceType>Analog to Digital Converter</A2D_DeviceType>
         <A2D_DeviceManufacturer>Antelope Audio</A2D_DeviceManufacturer>
         <A2D_DeviceModelName>Orion</A2D_DeviceModelName>
         <A2D_DeviceModelVersion>32</A2D_DeviceModelVersion>
         <A2D_DeviceModelSerialNumber>1003815240101</A2D_DeviceModelSerialNumber>
         <A2D_DeviceDriverVersion>A-3440</A2D_DeviceDriverVersion>
         <DIO_DeviceManufacturer>RME</DIO_DeviceManufacturer>
         <DIO_DeviceModelName>HDSPe MADI</DIO_DeviceModelName>
         <DIO_DeviceModelVersion>Firmware Version 32</DIO_DeviceModelVersion>
         <DIO_DeviceDriver>WDM Streaming Driver</DIO_DeviceDriver>
         <DIO_DeviceDriverVersion>4.14</DIO_DeviceDriverVersion>
         <EncodeSoftwareManufacturer>Steinberg</EncodeSoftwareManufacturer>
         <EncodeSoftware>Cubase</EncodeSoftware>
         <EncodeSoftwareVersion>8.5.00 Build 69</EncodeSoftwareVersion>
      </MediaKeeper>
   </PreservationMaster>
   <PreservationMaster>
      <MediaKeeper>
         <OriginalTitle>IN17B_01</OriginalTitle>
         <CustomerFilename>IN17B_01_b.wav</CustomerFilename>
         <DateCreated>2020-01-21T08:32:22</DateCreated>
         <Checksum>4652D34678F0E04E560FC64E24550CE1</Checksum>
         <ChecksumType>MD5</ChecksumType>
         <ChecksumDateCreated>2020-01-21T09:12:21</ChecksumDateCreated>
         <RunningTime>01:04:14</RunningTime>
         <BitPerSample>24</BitPerSample>
         <SampleRate>96000</SampleRate>
         <BitRate>2304000</BitRate>
         <SoundFieldFromJhove>1</SoundFieldFromJhove>
         <FileSizeInBytes>1110236242</FileSizeInBytes>
         <FileSizeInKB>1084215</FileSizeInKB>
         <FileSizeInMB>1058.804</FileSizeInMB>
         <FileSizeInGB>1.034</FileSizeInGB>
         <FaceDesignation>B</FaceDesignation>
         <TrackDesignation>00</TrackDesignation>
         <RegionDesignation>01</RegionDesignation>
         <ComputerManufacturer>VisionDAW</ComputerManufacturer>
         <HostComputerName>VX99-PRO</HostComputerName>
         <HostComputerVersion>Core i7</HostComputerVersion>
         <OperatingSystem>Windows 7</OperatingSystem>
         <OperatingSystemVersion>Professional x64 Edition</OperatingSystemVersion>
         <A2D_DeviceType>Analog to Digital Converter</A2D_DeviceType>
         <A2D_DeviceManufacturer>Antelope Audio</A2D_DeviceManufacturer>
         <A2D_DeviceModelName>Orion</A2D_DeviceModelName>
         <A2D_DeviceModelVersion>32</A2D_DeviceModelVersion>
         <A2D_DeviceModelSerialNumber>1003815240101</A2D_DeviceModelSerialNumber>
         <A2D_DeviceDriverVersion>A-3440</A2D_DeviceDriverVersion>
         <DIO_DeviceManufacturer>RME</DIO_DeviceManufacturer>
         <DIO_DeviceModelName>HDSPe MADI</DIO_DeviceModelName>
         <DIO_DeviceModelVersion>Firmware Version 32</DIO_DeviceModelVersion>
         <DIO_DeviceDriver>WDM Streaming Driver</DIO_DeviceDriver>
         <DIO_DeviceDriverVersion>4.14</DIO_DeviceDriverVersion>
         <EncodeSoftwareManufacturer>Steinberg</EncodeSoftwareManufacturer>
         <EncodeSoftware>Cubase</EncodeSoftware>
         <EncodeSoftwareVersion>8.5.00 Build 69</EncodeSoftwareVersion>
      </MediaKeeper>
   </PreservationMaster>
   <!--Digital Use/Access/Streaming File-->
   <Streaming>
      <MediaKeeper>
         <OriginalTitle>IN17B_01</OriginalTitle>
         <CustomerFilename>IN17B_01_a.mp3</CustomerFilename>
         <DateCreated>2020-01-21T09:07:16</DateCreated>
         <Checksum>91E4F8D4B19DE21ABEC22AD130C3DC66</Checksum>
         <ChecksumType>MD5</ChecksumType>
         <ChecksumDateCreated>2020-01-21T09:12:21</ChecksumDateCreated>
         <RunningTime>00:32:25</RunningTime>
         <BitRate>192000</BitRate>
         <SoundFieldFromJhove>1</SoundFieldFromJhove>
         <FileSizeInBytes>46626690</FileSizeInBytes>
         <FileSizeInKB>45533.88</FileSizeInKB>
         <FileSizeInMB>44.4667</FileSizeInMB>
         <FileSizeInGB>0.0434</FileSizeInGB>
         <FaceDesignation>A</FaceDesignation>
         <TrackDesignation>00</TrackDesignation>
         <RegionDesignation>01</RegionDesignation>
         <EncodeSoftwareManufacturer>Steinberg</EncodeSoftwareManufacturer>
         <EncodeSoftware>Wavelab</EncodeSoftware>
         <EncodeSoftwareVersion>7.2.1</EncodeSoftwareVersion>
      </MediaKeeper>
   </Streaming>
   <Streaming>
      <MediaKeeper>
         <OriginalTitle>IN17B_01</OriginalTitle>
         <CustomerFilename>IN17B_01_b.mp3</CustomerFilename>
         <DateCreated>2020-01-21T09:07:18</DateCreated>
         <Checksum>5153BC4EDA8A1FBEFDB46F07F6F0515A</Checksum>
         <ChecksumType>MD5</ChecksumType>
         <ChecksumDateCreated>2020-01-21T09:12:21</ChecksumDateCreated>
         <RunningTime>01:04:20</RunningTime>
         <BitRate>192000</BitRate>
         <SoundFieldFromJhove>1</SoundFieldFromJhove>
         <FileSizeInBytes>92520489</FileSizeInBytes>
         <FileSizeInKB>90352.04</FileSizeInKB>
         <FileSizeInMB>88.2344</FileSizeInMB>
         <FileSizeInGB>0.0862</FileSizeInGB>
         <FaceDesignation>B</FaceDesignation>
         <TrackDesignation>00</TrackDesignation>
         <RegionDesignation>01</RegionDesignation>
         <EncodeSoftwareManufacturer>Steinberg</EncodeSoftwareManufacturer>
         <EncodeSoftware>Wavelab</EncodeSoftware>
         <EncodeSoftwareVersion>7.2.1</EncodeSoftwareVersion>
      </MediaKeeper>
   </Streaming>
</MediaAsset>
