<?xml version="1.0" encoding="UTF-8" standalone="yes"?>
<Audio>
	<entry id="1060010101" project="LAO" informant="INF001" reel="1" region="1" narrative="_Q" label="Food and Cooking" state="OK" sex="M " age="72" age_level="3" education="2" town="Bailey" county="Grady" land_regions="D" locality="R" date="1962" latitude="34.76834" longitude="-97.79127" file_name="LAO(INF001)1 01 Food and Cooking.mp3" path_to_file="LAP\Projects\LAO\Speakers\LAO(INF001)\Audio\LAO(INF001)1\LAO(INF001)1 01 Food and Cooking.mp3"/>
	<entry id="1060010102" project="LAO" informant="INF001" reel="1" region="2" narrative="_Q" label="Food and Cooking" state="OK" sex="M " age="72" age_level="3" education="2" town="Bailey" county="Grady" land_regions="D" locality="R" date="1962" latitude="34.76834" longitude="-97.79127" file_name="LAO(INF001)1 02 Food and Cooking.mp3" path_to_file="LAP\Projects\LAO\Speakers\LAO(INF001)\Audio\LAO(INF001)1\LAO(INF001)1 02 Food and Cooking.mp3"/>
	<entry id="1060010103" project="LAO" informant="INF001" reel="1" region="3" narrative="_Q" label="Public Institutions" state="OK" sex="M " age="72" age_level="3" education="2" town="Bailey" county="Grady" land_regions="D" locality="R" date="1962" latitude="34.76834" longitude="-97.79127" file_name="LAO(INF001)1 03 Public Institutions.mp3" path_to_file="LAP\Projects\LAO\Speakers\LAO(INF001)\Audio\LAO(INF001)1\LAO(INF001)1 03 Public Institutions.mp3"/>
	<entry id="1060010104" project="LAO" informant="INF001" reel="1" region="4" narrative="_Q" label="Food and Cooking" state="OK" sex="M " age="72" age_level="3" education="2" town="Bailey" county="Grady" land_regions="D" locality="R" date="1962" latitude="34.76834" longitude="-97.79127" file_name="LAO(INF001)1 04 Food and Cooking.mp3" path_to_file="LAP\Projects\LAO\Speakers\LAO(INF001)\Audio\LAO(INF001)1\LAO(INF001)1 04 Food and Cooking.mp3"/>
	<entry id="1060010105" project="LAO" informant="INF001" reel="1" region="5" narrative="_Q" label="Domestic Animals" state="OK" sex="M " age="72" age_level="3" education="2" town="Bailey" county="Grady" land_regions="D" locality="R" date="1962" latitude="34.76834" longitude="-97.79127" file_name="LAO(INF001)1 05 Domestic Animals.mp3" path_to_file="LAP\Projects\LAO\Speakers\LAO(INF001)\Audio\LAO(INF001)1\LAO(INF001)1 05 Domestic Animals.mp3"/>
	<entry id="1060010106" project="LAO" informant="INF001" reel="1" region="6" narrative="_Q" label="Food and Cooking" state="OK" sex="M " age="72" age_level="3" education="2" town="Bailey" county="Grady" land_regions="D" locality="R" date="1962" latitude="34.76834" longitude="-97.79127" file_name="LAO(INF001)1 06 Food and Cooking.mp3" path_to_file="LAP\Projects\LAO\Speakers\LAO(INF001)\Audio\LAO(INF001)1\LAO(INF001)1 06 Food and Cooking.mp3"/>
	<entry id="1060010107" project="LAO" informant="INF001" reel="1" region="7" narrative="_Q" label="Dwellings" state="OK" sex="M " age="72" age_level="3" education="2" town="Bailey" county="Grady" land_regions="D" locality="R" date="1962" latitude="34.76834" longitude="-97.79127" file_name="LAO(INF001)1 07 Dwellings.mp3" path_to_file="LAP\Projects\LAO\Speakers\LAO(INF001)\Audio\LAO(INF001)1\LAO(INF001)1 07 Dwellings.mp3"/>
	<entry id="1060010108" project="LAO" informant="INF001" reel="1" region="8" narrative="_Q" label="Domestic Animals" state="OK" sex="M " age="72" age_level="3" education="2" town="Bailey" county="Grady" land_regions="D" locality="R" date="1962" latitude="34.76834" longitude="-97.79127" file_name="LAO(INF001)1 08 Domestic Animals.mp3" path_to_file="LAP\Projects\LAO\Speakers\LAO(INF001)\Audio\LAO(INF001)1\LAO(INF001)1 08 Domestic Animals.mp3"/>
	<entry id="1060010109" project="LAO" informant="INF001" reel="1" region="9" narrative="_Q" label="Social Relations" state="OK" sex="M " age="72" age_level="3" education="2" town="Bailey" county="Grady" land_regions="D" locality="R" date="1962" latitude="34.76834" longitude="-97.79127" file_name="LAO(INF001)1 09 Social Relations.mp3" path_to_file="LAP\Projects\LAO\Speakers\LAO(INF001)\Audio\LAO(INF001)1\LAO(INF001)1 09 Social Relations.mp3"/>
	<entry id="1060010110" project="LAO" informant="INF001" reel="1" region="10" narrative="_Q" label="Domestic Animals" state="OK" sex="M " age="72" age_level="3" education="2" town="Bailey" county="Grady" land_regions="D" locality="R" date="1962" latitude="34.76834" longitude="-97.79127" file_name="LAO(INF001)1 10 Domestic Animals.mp3" path_to_file="LAP\Projects\LAO\Speakers\LAO(INF001)\Audio\LAO(INF001)1\LAO(INF001)1 10 Domestic Animals.mp3"/>
	<entry id="1060010111" project="LAO" informant="INF001" reel="1" region="11" narrative="_Q" label="Names, Titles and Occupations" state="OK" sex="M " age="72" age_level="3" education="2" town="Bailey" county="Grady" land_regions="D" locality="R" date="1962" latitude="34.76834" longitude="-97.79127" file_name="LAO(INF001)1 11 Names, Titles and Occupations.mp3" path_to_file="LAP\Projects\LAO\Speakers\LAO(INF001)\Audio\LAO(INF001)1\LAO(INF001)1 11 Names, Titles and Occupations.mp3"/>
	<entry id="1060010112" project="LAO" informant="INF001" reel="1" region="12" narrative="_Q" label="Weather" state="OK" sex="M " age="72" age_level="3" education="2" town="Bailey" county="Grady" land_regions="D" locality="R" date="1962" latitude="34.76834" longitude="-97.79127" file_name="LAO(INF001)1 12 Weather.mp3" path_to_file="LAP\Projects\LAO\Speakers\LAO(INF001)\Audio\LAO(INF001)1\LAO(INF001)1 12 Weather.mp3"/>
	<entry id="1060010113" project="LAO" informant="INF001" reel="1" region="13" narrative="_Q" label="Wild Animals" state="OK" sex="M " age="72" age_level="3" education="2" town="Bailey" county="Grady" land_regions="D" locality="R" date="1962" latitude="34.76834" longitude="-97.79127" file_name="LAO(INF001)1 13 Wild Animals.mp3" path_to_file="LAP\Projects\LAO\Speakers\LAO(INF001)\Audio\LAO(INF001)1\LAO(INF001)1 13 Wild Animals.mp3"/>
	<entry id="1060010114" project="LAO" informant="INF001" reel="1" region="14" narrative="_Q" label="Wild Animals" state="OK" sex="M " age="72" age_level="3" education="2" town="Bailey" county="Grady" land_regions="D" locality="R" date="1962" latitude="34.76834" longitude="-97.79127" file_name="LAO(INF001)1 14 Wild Animals.mp3" path_to_file="LAP\Projects\LAO\Speakers\LAO(INF001)\Audio\LAO(INF001)1\LAO(INF001)1 14 Wild Animals.mp3"/>
	<entry id="1060010115" project="LAO" informant="INF001" reel="1" region="15" narrative="_Q" label="Illness and Death" state="OK" sex="M " age="72" age_level="3" education="2" town="Bailey" county="Grady" land_regions="D" locality="R" date="1962" latitude="34.76834" longitude="-97.79127" file_name="LAO(INF001)1 15 Illness and Death.mp3" path_to_file="LAP\Projects\LAO\Speakers\LAO(INF001)\Audio\LAO(INF001)1\LAO(INF001)1 15 Illness and Death.mp3"/>
	<entry id="1060010116" project="LAO" informant="INF001" reel="1" region="16" narrative="_Q" label="Food and Cooking" state="OK" sex="M " age="72" age_level="3" education="2" town="Bailey" county="Grady" land_regions="D" locality="R" date="1962" latitude="34.76834" longitude="-97.79127" file_name="LAO(INF001)1 16 Food and Cooking.mp3" path_to_file="LAP\Projects\LAO\Speakers\LAO(INF001)\Audio\LAO(INF001)1\LAO(INF001)1 16 Food and Cooking.mp3"/>
	<entry id="1060010117" project="LAO" informant="INF001" reel="1" region="17" narrative="_Q" label="Dwellings" state="OK" sex="M " age="72" age_level="3" education="2" town="Bailey" county="Grady" land_regions="D" locality="R" date="1962" latitude="34.76834" longitude="-97.79127" file_name="LAO(INF001)1 17 Dwellings.mp3" path_to_file="LAP\Projects\LAO\Speakers\LAO(INF001)\Audio\LAO(INF001)1\LAO(INF001)1 17 Dwellings.mp3"/>
	<entry id="1060010118" project="LAO" informant="INF001" reel="1" region="18" narrative="_Q" label="Dwellings" state="OK" sex="M " age="72" age_level="3" education="2" town="Bailey" county="Grady" land_regions="D" locality="R" date="1962" latitude="34.76834" longitude="-97.79127" file_name="LAO(INF001)1 18 Dwellings.mp3" path_to_file="LAP\Projects\LAO\Speakers\LAO(INF001)\Audio\LAO(INF001)1\LAO(INF001)1 18 Dwellings.mp3"/>
	<entry id="1060010119" project="LAO" informant="INF001" reel="1" region="19" narrative="_Q" label="Containers and Utensils" state="OK" sex="M " age="72" age_level="3" education="2" town="Bailey" county="Grady" land_regions="D" locality="R" date="1962" latitude="34.76834" longitude="-97.79127" file_name="LAO(INF001)1 19 Containers and Utensils.mp3" path_to_file="LAP\Projects\LAO\Speakers\LAO(INF001)\Audio\LAO(INF001)1\LAO(INF001)1 19 Containers and Utensils.mp3"/>
	<entry id="1060010120" project="LAO" informant="INF001" reel="1" region="20" narrative="_Q" label="Topography" state="OK" sex="M " age="72" age_level="3" education="2" town="Bailey" county="Grady" land_regions="D" locality="R" date="1962" latitude="34.76834" longitude="-97.79127" file_name="LAO(INF001)1 20 Topography.mp3" path_to_file="LAP\Projects\LAO\Speakers\LAO(INF001)\Audio\LAO(INF001)1\LAO(INF001)1 20 Topography.mp3"/>
	<entry id="1060010121" project="LAO" informant="INF001" reel="1" region="21" narrative="_Q" label="Business" state="OK" sex="M " age="72" age_level="3" education="2" town="Bailey" county="Grady" land_regions="D" locality="R" date="1962" latitude="34.76834" longitude="-97.79127" file_name="LAO(INF001)1 21 Business.mp3" path_to_file="LAP\Projects\LAO\Speakers\LAO(INF001)\Audio\LAO(INF001)1\LAO(INF001)1 21 Business.mp3"/>
	<entry id="1060010122" project="LAO" informant="INF001" reel="1" region="22" narrative="_Q" label="Containers and Utensils" state="OK" sex="M " age="72" age_level="3" education="2" town="Bailey" county="Grady" land_regions="D" locality="R" date="1962" latitude="34.76834" longitude="-97.79127" file_name="LAO(INF001)1 22 Containers and Utensils.mp3" path_to_file="LAP\Projects\LAO\Speakers\LAO(INF001)\Audio\LAO(INF001)1\LAO(INF001)1 22 Containers and Utensils.mp3"/>
	<entry id="3060010101" project="LAO" informant="INF001" reel="1" region="0" narrative="_I" label="Metadata" state="OK" sex="M " age="72" age_level="3" education="2" town="Bailey" county="Grady" land_regions="D" locality="R" date="1962" latitude="34.76834" longitude="-97.79127" file_name="LAO(INF001)1meta.txt" path_to_file="LAP\Projects\LAO\Speakers\LAO(INF001)\Audio\LAO(INF001)1\LAO(INF001)1meta.txt"/>
	<entry id="1060010201" project="LAO" informant="INF001" reel="2" region="1" narrative="_Q" label="Clothing" state="OK" sex="M " age="72" age_level="3" education="2" town="Bailey" county="Grady" land_regions="D" locality="R" date="1962" latitude="34.76834" longitude="-97.79127" file_name="LAO(INF001)2 01 Clothing.mp3" path_to_file="LAP\Projects\LAO\Speakers\LAO(INF001)\Audio\LAO(INF001)2\LAO(INF001)2 01 Clothing.mp3"/>
	<entry id="1060010202" project="LAO" informant="INF001" reel="2" region="2" narrative="_Q" label="Business" state="OK" sex="M " age="72" age_level="3" education="2" town="Bailey" county="Grady" land_regions="D" locality="R" date="1962" latitude="34.76834" longitude="-97.79127" file_name="LAO(INF001)2 02 Business.mp3" path_to_file="LAP\Projects\LAO\Speakers\LAO(INF001)\Audio\LAO(INF001)2\LAO(INF001)2 02 Business.mp3"/>
	<entry id="1060010203" project="LAO" informant="INF001" reel="2" region="3" narrative="_Q" label="Business" state="OK" sex="M " age="72" age_level="3" education="2" town="Bailey" county="Grady" land_regions="D" locality="R" date="1962" latitude="34.76834" longitude="-97.79127" file_name="LAO(INF001)2 03 Business.mp3" path_to_file="LAP\Projects\LAO\Speakers\LAO(INF001)\Audio\LAO(INF001)2\LAO(INF001)2 03 Business.mp3"/>
	<entry id="1060010204" project="LAO" informant="INF001" reel="2" region="4" narrative="_Q" label="Illness and Death" state="OK" sex="M " age="72" age_level="3" education="2" town="Bailey" county="Grady" land_regions="D" locality="R" date="1962" latitude="34.76834" longitude="-97.79127" file_name="LAO(INF001)2 04 Illness and Death.mp3" path_to_file="LAP\Projects\LAO\Speakers\LAO(INF001)\Audio\LAO(INF001)2\LAO(INF001)2 04 Illness and Death.mp3"/>
	<entry id="1060010205" project="LAO" informant="INF001" reel="2" region="5" narrative="_Q" label="Names, Titles and Occupations" state="OK" sex="M " age="72" age_level="3" education="2" town="Bailey" county="Grady" land_regions="D" locality="R" date="1962" latitude="34.76834" longitude="-97.79127" file_name="LAO(INF001)2 05 Names, Titles and Occupations.mp3" path_to_file="LAP\Projects\LAO\Speakers\LAO(INF001)\Audio\LAO(INF001)2\LAO(INF001)2 05 Names, Titles and Occupations.mp3"/>
	<entry id="1060010206" project="LAO" informant="INF001" reel="2" region="6" narrative="_Q" label="Agriculture" state="OK" sex="M " age="72" age_level="3" education="2" town="Bailey" county="Grady" land_regions="D" locality="R" date="1962" latitude="34.76834" longitude="-97.79127" file_name="LAO(INF001)2 06 Agriculture.mp3" path_to_file="LAP\Projects\LAO\Speakers\LAO(INF001)\Audio\LAO(INF001)2\LAO(INF001)2 06 Agriculture.mp3"/>
	<entry id="1060010207" project="LAO" informant="INF001" reel="2" region="7" narrative="_Q" label="The Farm" state="OK" sex="M " age="72" age_level="3" education="2" town="Bailey" county="Grady" land_regions="D" locality="R" date="1962" latitude="34.76834" longitude="-97.79127" file_name="LAO(INF001)2 07 The Farm.mp3" path_to_file="LAP\Projects\LAO\Speakers\LAO(INF001)\Audio\LAO(INF001)2\LAO(INF001)2 07 The Farm.mp3"/>
	<entry id="1060010208" project="LAO" informant="INF001" reel="2" region="8" narrative="_Q" label="Agriculture" state="OK" sex="M " age="72" age_level="3" education="2" town="Bailey" county="Grady" land_regions="D" locality="R" date="1962" latitude="34.76834" longitude="-97.79127" file_name="LAO(INF001)2 08 Agriculture.mp3" path_to_file="LAP\Projects\LAO\Speakers\LAO(INF001)\Audio\LAO(INF001)2\LAO(INF001)2 08 Agriculture.mp3"/>
	<entry id="1060010209" project="LAO" informant="INF001" reel="2" region="9" narrative="_Q" label="Illness and Death" state="OK" sex="M " age="72" age_level="3" education="2" town="Bailey" county="Grady" land_regions="D" locality="R" date="1962" latitude="34.76834" longitude="-97.79127" file_name="LAO(INF001)2 09 Illness and Death.mp3" path_to_file="LAP\Projects\LAO\Speakers\LAO(INF001)\Audio\LAO(INF001)2\LAO(INF001)2 09 Illness and Death.mp3"/>
	<entry id="1060010210" project="LAO" informant="INF001" reel="2" region="10" narrative="_Q" label="The Farm" state="OK" sex="M " age="72" age_level="3" education="2" town="Bailey" county="Grady" land_regions="D" locality="R" date="1962" latitude="34.76834" longitude="-97.79127" file_name="LAO(INF001)2 10 The Farm.mp3" path_to_file="LAP\Projects\LAO\Speakers\LAO(INF001)\Audio\LAO(INF001)2\LAO(INF001)2 10 The Farm.mp3"/>
	<entry id="1060010211" project="LAO" informant="INF001" reel="2" region="11" narrative="_Q" label="Containers and Utensils" state="OK" sex="M " age="72" age_level="3" education="2" town="Bailey" county="Grady" land_regions="D" locality="R" date="1962" latitude="34.76834" longitude="-97.79127" file_name="LAO(INF001)2 11 Containers and Utensils.mp3" path_to_file="LAP\Projects\LAO\Speakers\LAO(INF001)\Audio\LAO(INF001)2\LAO(INF001)2 11 Containers and Utensils.mp3"/>
	<entry id="1060010212" project="LAO" informant="INF001" reel="2" region="12" narrative="_Q" label="Clothing" state="OK" sex="M " age="72" age_level="3" education="2" town="Bailey" county="Grady" land_regions="D" locality="R" date="1962" latitude="34.76834" longitude="-97.79127" file_name="LAO(INF001)2 12 Clothing.mp3" path_to_file="LAP\Projects\LAO\Speakers\LAO(INF001)\Audio\LAO(INF001)2\LAO(INF001)2 12 Clothing.mp3"/>
	<entry id="1060010213" project="LAO" informant="INF001" reel="2" region="13" narrative="_Q" label="Illness and Death" state="OK" sex="M " age="72" age_level="3" education="2" town="Bailey" county="Grady" land_regions="D" locality="R" date="1962" latitude="34.76834" longitude="-97.79127" file_name="LAO(INF001)2 13 Illness and Death.mp3" path_to_file="LAP\Projects\LAO\Speakers\LAO(INF001)\Audio\LAO(INF001)2\LAO(INF001)2 13 Illness and Death.mp3"/>
	<entry id="1060010214" project="LAO" informant="INF001" reel="2" region="14" narrative="_Q" label="Names, Titles and Occupations" state="OK" sex="M " age="72" age_level="3" education="2" town="Bailey" county="Grady" land_regions="D" locality="R" date="1962" latitude="34.76834" longitude="-97.79127" file_name="LAO(INF001)2 14 Names, Titles and Occupations.mp3" path_to_file="LAP\Projects\LAO\Speakers\LAO(INF001)\Audio\LAO(INF001)2\LAO(INF001)2 14 Names, Titles and Occupations.mp3"/>
	<entry id="1060010215" project="LAO" informant="INF001" reel="2" region="15" narrative="_Q" label="Containers and Utensils" state="OK" sex="M " age="72" age_level="3" education="2" town="Bailey" county="Grady" land_regions="D" locality="R" date="1962" latitude="34.76834" longitude="-97.79127" file_name="LAO(INF001)2 15 Containers and Utensils.mp3" path_to_file="LAP\Projects\LAO\Speakers\LAO(INF001)\Audio\LAO(INF001)2\LAO(INF001)2 15 Containers and Utensils.mp3"/>
	<entry id="1060010216" project="LAO" informant="INF001" reel="2" region="16" narrative="_Q" label="Containers and Utensils" state="OK" sex="M " age="72" age_level="3" education="2" town="Bailey" county="Grady" land_regions="D" locality="R" date="1962" latitude="34.76834" longitude="-97.79127" file_name="LAO(INF001)2 16 Containers and Utensils.mp3" path_to_file="LAP\Projects\LAO\Speakers\LAO(INF001)\Audio\LAO(INF001)2\LAO(INF001)2 16 Containers and Utensils.mp3"/>
	<entry id="1060010217" project="LAO" informant="INF001" reel="2" region="17" narrative="_Q" label="Trees and Shrubs" state="OK" sex="M " age="72" age_level="3" education="2" town="Bailey" county="Grady" land_regions="D" locality="R" date="1962" latitude="34.76834" longitude="-97.79127" file_name="LAO(INF001)2 17 Trees and Shrubs.mp3" path_to_file="LAP\Projects\LAO\Speakers\LAO(INF001)\Audio\LAO(INF001)2\LAO(INF001)2 17 Trees and Shrubs.mp3"/>
	<entry id="1060010218" project="LAO" informant="INF001" reel="2" region="18" narrative="_Q" label="Geography" state="OK" sex="M " age="72" age_level="3" education="2" town="Bailey" county="Grady" land_regions="D" locality="R" date="1962" latitude="34.76834" longitude="-97.79127" file_name="LAO(INF001)2 18 Geography.mp3" path_to_file="LAP\Projects\LAO\Speakers\LAO(INF001)\Audio\LAO(INF001)2\LAO(INF001)2 18 Geography.mp3"/>
	<entry id="1060010219" project="LAO" informant="INF001" reel="2" region="19" narrative="_Q" label="Containers and Utensils" state="OK" sex="M " age="72" age_level="3" education="2" town="Bailey" county="Grady" land_regions="D" locality="R" date="1962" latitude="34.76834" longitude="-97.79127" file_name="LAO(INF001)2 19 Containers and Utensils.mp3" path_to_file="LAP\Projects\LAO\Speakers\LAO(INF001)\Audio\LAO(INF001)2\LAO(INF001)2 19 Containers and Utensils.mp3"/>
	<entry id="1060010220" project="LAO" informant="INF001" reel="2" region="20" narrative="_Q" label="Vehicles" state="OK" sex="M " age="72" age_level="3" education="2" town="Bailey" county="Grady" land_regions="D" locality="R" date="1962" latitude="34.76834" longitude="-97.79127" file_name="LAO(INF001)2 20 Vehicles.mp3" path_to_file="LAP\Projects\LAO\Speakers\LAO(INF001)\Audio\LAO(INF001)2\LAO(INF001)2 20 Vehicles.mp3"/>
	<entry id="1060010221" project="LAO" informant="INF001" reel="2" region="21" narrative="_Q" label="Domestic Animals" state="OK" sex="M " age="72" age_level="3" education="2" town="Bailey" county="Grady" land_regions="D" locality="R" date="1962" latitude="34.76834" longitude="-97.79127" file_name="LAO(INF001)2 21 Domestic Animals.mp3" path_to_file="LAP\Projects\LAO\Speakers\LAO(INF001)\Audio\LAO(INF001)2\LAO(INF001)2 21 Domestic Animals.mp3"/>
	<entry id="1060010222" project="LAO" informant="INF001" reel="2" region="22" narrative="_Q" label="Calls to Animals" state="OK" sex="M " age="72" age_level="3" education="2" town="Bailey" county="Grady" land_regions="D" locality="R" date="1962" latitude="34.76834" longitude="-97.79127" file_name="LAO(INF001)2 22 Calls to Animals.mp3" path_to_file="LAP\Projects\LAO\Speakers\LAO(INF001)\Audio\LAO(INF001)2\LAO(INF001)2 22 Calls to Animals.mp3"/>
	<entry id="3060010201" project="LAO" informant="INF001" reel="2" region="0" narrative="_I" label="Metadata" state="OK" sex="M " age="72" age_level="3" education="2" town="Bailey" county="Grady" land_regions="D" locality="R" date="1962" latitude="34.76834" longitude="-97.79127" file_name="LAO(INF001)2meta.txt" path_to_file="LAP\Projects\LAO\Speakers\LAO(INF001)\Audio\LAO(INF001)2\LAO(INF001)2meta.txt"/>
	<entry id="1060010301" project="LAO" informant="INF001" reel="3" region="1" narrative="_Q" label="Containers and Utensils" state="OK" sex="M " age="72" age_level="3" education="2" town="Bailey" county="Grady" land_regions="D" locality="R" date="1962" latitude="34.76834" longitude="-97.79127" file_name="LAO(INF001)3 01 Containers and Utensils.mp3" path_to_file="LAP\Projects\LAO\Speakers\LAO(INF001)\Audio\LAO(INF001)3\LAO(INF001)3 01 Containers and Utensils.mp3"/>
	<entry id="1060010302" project="LAO" informant="INF001" reel="3" region="2" narrative="_Q" label="Containers and Utensils" state="OK" sex="M " age="72" age_level="3" education="2" town="Bailey" county="Grady" land_regions="D" locality="R" date="1962" latitude="34.76834" longitude="-97.79127" file_name="LAO(INF001)3 02 Containers and Utensils.mp3" path_to_file="LAP\Projects\LAO\Speakers\LAO(INF001)\Audio\LAO(INF001)3\LAO(INF001)3 02 Containers and Utensils.mp3"/>
	<entry id="1060010303" project="LAO" informant="INF001" reel="3" region="3" narrative="_Q" label="Topography" state="OK" sex="M " age="72" age_level="3" education="2" town="Bailey" county="Grady" land_regions="D" locality="R" date="1962" latitude="34.76834" longitude="-97.79127" file_name="LAO(INF001)3 03 Topography.mp3" path_to_file="LAP\Projects\LAO\Speakers\LAO(INF001)\Audio\LAO(INF001)3\LAO(INF001)3 03 Topography.mp3"/>
	<entry id="1060010304" project="LAO" informant="INF001" reel="3" region="4" narrative="_Q" label="Clothing" state="OK" sex="M " age="72" age_level="3" education="2" town="Bailey" county="Grady" land_regions="D" locality="R" date="1962" latitude="34.76834" longitude="-97.79127" file_name="LAO(INF001)3 04 Clothing.mp3" path_to_file="LAP\Projects\LAO\Speakers\LAO(INF001)\Audio\LAO(INF001)3\LAO(INF001)3 04 Clothing.mp3"/>
	<entry id="1060010305" project="LAO" informant="INF001" reel="3" region="5" narrative="_Q" label="Containers and Utensils" state="OK" sex="M " age="72" age_level="3" education="2" town="Bailey" county="Grady" land_regions="D" locality="R" date="1962" latitude="34.76834" longitude="-97.79127" file_name="LAO(INF001)3 05 Containers and Utensils.mp3" path_to_file="LAP\Projects\LAO\Speakers\LAO(INF001)\Audio\LAO(INF001)3\LAO(INF001)3 05 Containers and Utensils.mp3"/>
	<entry id="1060010306" project="LAO" informant="INF001" reel="3" region="6" narrative="_Q" label="Vehicles" state="OK" sex="M " age="72" age_level="3" education="2" town="Bailey" county="Grady" land_regions="D" locality="R" date="1962" latitude="34.76834" longitude="-97.79127" file_name="LAO(INF001)3 06 Vehicles.mp3" path_to_file="LAP\Projects\LAO\Speakers\LAO(INF001)\Audio\LAO(INF001)3\LAO(INF001)3 06 Vehicles.mp3"/>
	<entry id="1060010307" project="LAO" informant="INF001" reel="3" region="7" narrative="_Q" label="Clothing" state="OK" sex="M " age="72" age_level="3" education="2" town="Bailey" county="Grady" land_regions="D" locality="R" date="1962" latitude="34.76834" longitude="-97.79127" file_name="LAO(INF001)3 07 Clothing.mp3" path_to_file="LAP\Projects\LAO\Speakers\LAO(INF001)\Audio\LAO(INF001)3\LAO(INF001)3 07 Clothing.mp3"/>
	<entry id="1060010308" project="LAO" informant="INF001" reel="3" region="8" narrative="_Q" label="Topography" state="OK" sex="M " age="72" age_level="3" education="2" town="Bailey" county="Grady" land_regions="D" locality="R" date="1962" latitude="34.76834" longitude="-97.79127" file_name="LAO(INF001)3 08 Topography.mp3" path_to_file="LAP\Projects\LAO\Speakers\LAO(INF001)\Audio\LAO(INF001)3\LAO(INF001)3 08 Topography.mp3"/>
	<entry id="1060010309" project="LAO" informant="INF001" reel="3" region="9" narrative="_Q" label="Topography" state="OK" sex="M " age="72" age_level="3" education="2" town="Bailey" county="Grady" land_regions="D" locality="R" date="1962" latitude="34.76834" longitude="-97.79127" file_name="LAO(INF001)3 09 Topography.mp3" path_to_file="LAP\Projects\LAO\Speakers\LAO(INF001)\Audio\LAO(INF001)3\LAO(INF001)3 09 Topography.mp3"/>
	<entry id="1060010310" project="LAO" informant="INF001" reel="3" region="10" narrative="_Q" label="Wild Animals" state="OK" sex="M " age="72" age_level="3" education="2" town="Bailey" county="Grady" land_regions="D" locality="R" date="1962" latitude="34.76834" longitude="-97.79127" file_name="LAO(INF001)3 10 Wild Animals.mp3" path_to_file="LAP\Projects\LAO\Speakers\LAO(INF001)\Audio\LAO(INF001)3\LAO(INF001)3 10 Wild Animals.mp3"/>
	<entry id="1060010311" project="LAO" informant="INF001" reel="3" region="11" narrative="_Q" label="Topography" state="OK" sex="M " age="72" age_level="3" education="2" town="Bailey" county="Grady" land_regions="D" locality="R" date="1962" latitude="34.76834" longitude="-97.79127" file_name="LAO(INF001)3 11 Topography.mp3" path_to_file="LAP\Projects\LAO\Speakers\LAO(INF001)\Audio\LAO(INF001)3\LAO(INF001)3 11 Topography.mp3"/>
	<entry id="1060010312" project="LAO" informant="INF001" reel="3" region="12" narrative="_Q" label="Domestic Animals" state="OK" sex="M " age="72" age_level="3" education="2" town="Bailey" county="Grady" land_regions="D" locality="R" date="1962" latitude="34.76834" longitude="-97.79127" file_name="LAO(INF001)3 12 Domestic Animals.mp3" path_to_file="LAP\Projects\LAO\Speakers\LAO(INF001)\Audio\LAO(INF001)3\LAO(INF001)3 12 Domestic Animals.mp3"/>
	<entry id="1060010313" project="LAO" informant="INF001" reel="3" region="13" narrative="_Q" label="Containers and Utensils" state="OK" sex="M " age="72" age_level="3" education="2" town="Bailey" county="Grady" land_regions="D" locality="R" date="1962" latitude="34.76834" longitude="-97.79127" file_name="LAO(INF001)3 13 Containers and Utensils.mp3" path_to_file="LAP\Projects\LAO\Speakers\LAO(INF001)\Audio\LAO(INF001)3\LAO(INF001)3 13 Containers and Utensils.mp3"/>
	<entry id="1060010314" project="LAO" informant="INF001" reel="3" region="14" narrative="_Q" label="Containers and Utensils" state="OK" sex="M " age="72" age_level="3" education="2" town="Bailey" county="Grady" land_regions="D" locality="R" date="1962" latitude="34.76834" longitude="-97.79127" file_name="LAO(INF001)3 14 Containers and Utensils.mp3" path_to_file="LAP\Projects\LAO\Speakers\LAO(INF001)\Audio\LAO(INF001)3\LAO(INF001)3 14 Containers and Utensils.mp3"/>
	<entry id="1060010315" project="LAO" informant="INF001" reel="3" region="15" narrative="_Q" label="Calls to Animals" state="OK" sex="M " age="72" age_level="3" education="2" town="Bailey" county="Grady" land_regions="D" locality="R" date="1962" latitude="34.76834" longitude="-97.79127" file_name="LAO(INF001)3 15 Calls to Animals.mp3" path_to_file="LAP\Projects\LAO\Speakers\LAO(INF001)\Audio\LAO(INF001)3\LAO(INF001)3 15 Calls to Animals.mp3"/>
	<entry id="1060010316" project="LAO" informant="INF001" reel="3" region="16" narrative="_Q" label="Agriculture" state="OK" sex="M " age="72" age_level="3" education="2" town="Bailey" county="Grady" land_regions="D" locality="R" date="1962" latitude="34.76834" longitude="-97.79127" file_name="LAO(INF001)3 16 Agriculture.mp3" path_to_file="LAP\Projects\LAO\Speakers\LAO(INF001)\Audio\LAO(INF001)3\LAO(INF001)3 16 Agriculture.mp3"/>
	<entry id="1060010317" project="LAO" informant="INF001" reel="3" region="17" narrative="_Q" label="Body Parts" state="OK" sex="M " age="72" age_level="3" education="2" town="Bailey" county="Grady" land_regions="D" locality="R" date="1962" latitude="34.76834" longitude="-97.79127" file_name="LAO(INF001)3 17 Body Parts.mp3" path_to_file="LAP\Projects\LAO\Speakers\LAO(INF001)\Audio\LAO(INF001)3\LAO(INF001)3 17 Body Parts.mp3"/>
	<entry id="1060010318" project="LAO" informant="INF001" reel="3" region="18" narrative="_Q" label="Domestic Animals" state="OK" sex="M " age="72" age_level="3" education="2" town="Bailey" county="Grady" land_regions="D" locality="R" date="1962" latitude="34.76834" longitude="-97.79127" file_name="LAO(INF001)3 18 Domestic Animals.mp3" path_to_file="LAP\Projects\LAO\Speakers\LAO(INF001)\Audio\LAO(INF001)3\LAO(INF001)3 18 Domestic Animals.mp3"/>
	<entry id="1060010319" project="LAO" informant="INF001" reel="3" region="19" narrative="_Q" label="Food and Cooking" state="OK" sex="M " age="72" age_level="3" education="2" town="Bailey" county="Grady" land_regions="D" locality="R" date="1962" latitude="34.76834" longitude="-97.79127" file_name="LAO(INF001)3 19 Food and Cooking.mp3" path_to_file="LAP\Projects\LAO\Speakers\LAO(INF001)\Audio\LAO(INF001)3\LAO(INF001)3 19 Food and Cooking.mp3"/>
	<entry id="1060010320" project="LAO" informant="INF001" reel="3" region="20" narrative="_Q" label="Food and Cooking" state="OK" sex="M " age="72" age_level="3" education="2" town="Bailey" county="Grady" land_regions="D" locality="R" date="1962" latitude="34.76834" longitude="-97.79127" file_name="LAO(INF001)3 20 Food and Cooking.mp3" path_to_file="LAP\Projects\LAO\Speakers\LAO(INF001)\Audio\LAO(INF001)3\LAO(INF001)3 20 Food and Cooking.mp3"/>
	<entry id="1060010321" project="LAO" informant="INF001" reel="3" region="21" narrative="_Q" label="Vegetables" state="OK" sex="M " age="72" age_level="3" education="2" town="Bailey" county="Grady" land_regions="D" locality="R" date="1962" latitude="34.76834" longitude="-97.79127" file_name="LAO(INF001)3 21 Vegetables.mp3" path_to_file="LAP\Projects\LAO\Speakers\LAO(INF001)\Audio\LAO(INF001)3\LAO(INF001)3 21 Vegetables.mp3"/>
	<entry id="1060010322" project="LAO" informant="INF001" reel="3" region="22" narrative="_Q" label="Prepositions" state="OK" sex="M " age="72" age_level="3" education="2" town="Bailey" county="Grady" land_regions="D" locality="R" date="1962" latitude="34.76834" longitude="-97.79127" file_name="LAO(INF001)3 22 Prepositions.mp3" path_to_file="LAP\Projects\LAO\Speakers\LAO(INF001)\Audio\LAO(INF001)3\LAO(INF001)3 22 Prepositions.mp3"/>
	<entry id="3060010301" project="LAO" informant="INF001" reel="3" region="0" narrative="_I" label="Metadata" state="OK" sex="M " age="72" age_level="3" education="2" town="Bailey" county="Grady" land_regions="D" locality="R" date="1962" latitude="34.76834" longitude="-97.79127" file_name="LAO(INF001)3meta.txt" path_to_file="LAP\Projects\LAO\Speakers\LAO(INF001)\Audio\LAO(INF001)3\LAO(INF001)3meta.txt"/>
	<entry id="1060010401" project="LAO" informant="INF001" reel="4" region="1" narrative="_Q" label="Personal Characteristics" state="OK" sex="M " age="72" age_level="3" education="2" town="Bailey" county="Grady" land_regions="D" locality="R" date="1962" latitude="34.76834" longitude="-97.79127" file_name="LAO(INF001)4 01 Personal Characteristics.mp3" path_to_file="LAP\Projects\LAO\Speakers\LAO(INF001)\Audio\LAO(INF001)4\LAO(INF001)4 01 Personal Characteristics.mp3"/>
	<entry id="1060010402" project="LAO" informant="INF001" reel="4" region="2" narrative="_Q" label="Business" state="OK" sex="M " age="72" age_level="3" education="2" town="Bailey" county="Grady" land_regions="D" locality="R" date="1962" latitude="34.76834" longitude="-97.79127" file_name="LAO(INF001)4 02 Business.mp3" path_to_file="LAP\Projects\LAO\Speakers\LAO(INF001)\Audio\LAO(INF001)4\LAO(INF001)4 02 Business.mp3"/>
	<entry id="1060010403" project="LAO" informant="INF001" reel="4" region="3" narrative="_Q" label="Vegetables" state="OK" sex="M " age="72" age_level="3" education="2" town="Bailey" county="Grady" land_regions="D" locality="R" date="1962" latitude="34.76834" longitude="-97.79127" file_name="LAO(INF001)4 03 Vegetables.mp3" path_to_file="LAP\Projects\LAO\Speakers\LAO(INF001)\Audio\LAO(INF001)4\LAO(INF001)4 03 Vegetables.mp3"/>
	<entry id="1060010404" project="LAO" informant="INF001" reel="4" region="4" narrative="_Q" label="Vegetables" state="OK" sex="M " age="72" age_level="3" education="2" town="Bailey" county="Grady" land_regions="D" locality="R" date="1962" latitude="34.76834" longitude="-97.79127" file_name="LAO(INF001)4 04 Vegetables.mp3" path_to_file="LAP\Projects\LAO\Speakers\LAO(INF001)\Audio\LAO(INF001)4\LAO(INF001)4 04 Vegetables.mp3"/>
	<entry id="1060010405" project="LAO" informant="INF001" reel="4" region="5" narrative="_Q" label="Wild Animals" state="OK" sex="M " age="72" age_level="3" education="2" town="Bailey" county="Grady" land_regions="D" locality="R" date="1962" latitude="34.76834" longitude="-97.79127" file_name="LAO(INF001)4 05 Wild Animals.mp3" path_to_file="LAP\Projects\LAO\Speakers\LAO(INF001)\Audio\LAO(INF001)4\LAO(INF001)4 05 Wild Animals.mp3"/>
	<entry id="1060010406" project="LAO" informant="INF001" reel="4" region="6" narrative="_Q" label="The Farm" state="OK" sex="M " age="72" age_level="3" education="2" town="Bailey" county="Grady" land_regions="D" locality="R" date="1962" latitude="34.76834" longitude="-97.79127" file_name="LAO(INF001)4 06 The Farm.mp3" path_to_file="LAP\Projects\LAO\Speakers\LAO(INF001)\Audio\LAO(INF001)4\LAO(INF001)4 06 The Farm.mp3"/>
	<entry id="1060010407" project="LAO" informant="INF001" reel="4" region="7" narrative="_Q" label="Wild Animals" state="OK" sex="M " age="72" age_level="3" education="2" town="Bailey" county="Grady" land_regions="D" locality="R" date="1962" latitude="34.76834" longitude="-97.79127" file_name="LAO(INF001)4 07 Wild Animals.mp3" path_to_file="LAP\Projects\LAO\Speakers\LAO(INF001)\Audio\LAO(INF001)4\LAO(INF001)4 07 Wild Animals.mp3"/>
	<entry id="1060010408" project="LAO" informant="INF001" reel="4" region="8" narrative="_Q" label="Wild Animals" state="OK" sex="M " age="72" age_level="3" education="2" town="Bailey" county="Grady" land_regions="D" locality="R" date="1962" latitude="34.76834" longitude="-97.79127" file_name="LAO(INF001)4 08 Wild Animals.mp3" path_to_file="LAP\Projects\LAO\Speakers\LAO(INF001)\Audio\LAO(INF001)4\LAO(INF001)4 08 Wild Animals.mp3"/>
	<entry id="1060010409" project="LAO" informant="INF001" reel="4" region="9" narrative="_Q" label="Trees and Shrubs" state="OK" sex="M " age="72" age_level="3" education="2" town="Bailey" county="Grady" land_regions="D" locality="R" date="1962" latitude="34.76834" longitude="-97.79127" file_name="LAO(INF001)4 09 Trees and Shrubs.mp3" path_to_file="LAP\Projects\LAO\Speakers\LAO(INF001)\Audio\LAO(INF001)4\LAO(INF001)4 09 Trees and Shrubs.mp3"/>
	<entry id="1060010410" project="LAO" informant="INF001" reel="4" region="10" narrative="_Q" label="Names, Titles and Occupations" state="OK" sex="M " age="72" age_level="3" education="2" town="Bailey" county="Grady" land_regions="D" locality="R" date="1962" latitude="34.76834" longitude="-97.79127" file_name="LAO(INF001)4 10 Names, Titles and Occupations.mp3" path_to_file="LAP\Projects\LAO\Speakers\LAO(INF001)\Audio\LAO(INF001)4\LAO(INF001)4 10 Names, Titles and Occupations.mp3"/>
	<entry id="1060010411" project="LAO" informant="INF001" reel="4" region="11" narrative="_Q" label="Names, Titles and Occupations" state="OK" sex="M " age="72" age_level="3" education="2" town="Bailey" county="Grady" land_regions="D" locality="R" date="1962" latitude="34.76834" longitude="-97.79127" file_name="LAO(INF001)4 11 Names, Titles and Occupations.mp3" path_to_file="LAP\Projects\LAO\Speakers\LAO(INF001)\Audio\LAO(INF001)4\LAO(INF001)4 11 Names, Titles and Occupations.mp3"/>
	<entry id="1060010412" project="LAO" informant="INF001" reel="4" region="12" narrative="_Q" label="Names, Titles and Occupations" state="OK" sex="M " age="72" age_level="3" education="2" town="Bailey" county="Grady" land_regions="D" locality="R" date="1962" latitude="34.76834" longitude="-97.79127" file_name="LAO(INF001)4 12 Names, Titles and Occupations.mp3" path_to_file="LAP\Projects\LAO\Speakers\LAO(INF001)\Audio\LAO(INF001)4\LAO(INF001)4 12 Names, Titles and Occupations.mp3"/>
	<entry id="1060010413" project="LAO" informant="INF001" reel="4" region="13" narrative="_Q" label="Adverbs" state="OK" sex="M " age="72" age_level="3" education="2" town="Bailey" county="Grady" land_regions="D" locality="R" date="1962" latitude="34.76834" longitude="-97.79127" file_name="LAO(INF001)4 13 Adverbs.mp3" path_to_file="LAP\Projects\LAO\Speakers\LAO(INF001)\Audio\LAO(INF001)4\LAO(INF001)4 13 Adverbs.mp3"/>
	<entry id="1060010414" project="LAO" informant="INF001" reel="4" region="14" narrative="_Q" label="Personal Characteristics" state="OK" sex="M " age="72" age_level="3" education="2" town="Bailey" county="Grady" land_regions="D" locality="R" date="1962" latitude="34.76834" longitude="-97.79127" file_name="LAO(INF001)4 14 Personal Characteristics.mp3" path_to_file="LAP\Projects\LAO\Speakers\LAO(INF001)\Audio\LAO(INF001)4\LAO(INF001)4 14 Personal Characteristics.mp3"/>
	<entry id="1060010415" project="LAO" informant="INF001" reel="4" region="15" narrative="_Q" label="Affirmations and Interjections" state="OK" sex="M " age="72" age_level="3" education="2" town="Bailey" county="Grady" land_regions="D" locality="R" date="1962" latitude="34.76834" longitude="-97.79127" file_name="LAO(INF001)4 15 Affirmations and Interjections.mp3" path_to_file="LAP\Projects\LAO\Speakers\LAO(INF001)\Audio\LAO(INF001)4\LAO(INF001)4 15 Affirmations and Interjections.mp3"/>
	<entry id="1060010416" project="LAO" informant="INF001" reel="4" region="16" narrative="_Q" label="Illness and Death" state="OK" sex="M " age="72" age_level="3" education="2" town="Bailey" county="Grady" land_regions="D" locality="R" date="1962" latitude="34.76834" longitude="-97.79127" file_name="LAO(INF001)4 16 Illness and Death.mp3" path_to_file="LAP\Projects\LAO\Speakers\LAO(INF001)\Audio\LAO(INF001)4\LAO(INF001)4 16 Illness and Death.mp3"/>
	<entry id="1060010417" project="LAO" informant="INF001" reel="4" region="17" narrative="_Q" label="Illness and Death" state="OK" sex="M " age="72" age_level="3" education="2" town="Bailey" county="Grady" land_regions="D" locality="R" date="1962" latitude="34.76834" longitude="-97.79127" file_name="LAO(INF001)4 17 Illness and Death.mp3" path_to_file="LAP\Projects\LAO\Speakers\LAO(INF001)\Audio\LAO(INF001)4\LAO(INF001)4 17 Illness and Death.mp3"/>
	<entry id="1060010418" project="LAO" informant="INF001" reel="4" region="18" narrative="_Q" label="Illness and Death" state="OK" sex="M " age="72" age_level="3" education="2" town="Bailey" county="Grady" land_regions="D" locality="R" date="1962" latitude="34.76834" longitude="-97.79127" file_name="LAO(INF001)4 18 Illness and Death.mp3" path_to_file="LAP\Projects\LAO\Speakers\LAO(INF001)\Audio\LAO(INF001)4\LAO(INF001)4 18 Illness and Death.mp3"/>
	<entry id="1060010419" project="LAO" informant="INF001" reel="4" region="19" narrative="_Q" label="Illness and Death" state="OK" sex="M " age="72" age_level="3" education="2" town="Bailey" county="Grady" land_regions="D" locality="R" date="1962" latitude="34.76834" longitude="-97.79127" file_name="LAO(INF001)4 19 Illness and Death.mp3" path_to_file="LAP\Projects\LAO\Speakers\LAO(INF001)\Audio\LAO(INF001)4\LAO(INF001)4 19 Illness and Death.mp3"/>
	<entry id="1060010420" project="LAO" informant="INF001" reel="4" region="20" narrative="_Q" label="Names, Titles and Occupations" state="OK" sex="M " age="72" age_level="3" education="2" town="Bailey" county="Grady" land_regions="D" locality="R" date="1962" latitude="34.76834" longitude="-97.79127" file_name="LAO(INF001)4 20 Names, Titles and Occupations.mp3" path_to_file="LAP\Projects\LAO\Speakers\LAO(INF001)\Audio\LAO(INF001)4\LAO(INF001)4 20 Names, Titles and Occupations.mp3"/>
	<entry id="1060010421" project="LAO" informant="INF001" reel="4" region="21" narrative="_Q" label="Social Relations" state="OK" sex="M " age="72" age_level="3" education="2" town="Bailey" county="Grady" land_regions="D" locality="R" date="1962" latitude="34.76834" longitude="-97.79127" file_name="LAO(INF001)4 21 Social Relations.mp3" path_to_file="LAP\Projects\LAO\Speakers\LAO(INF001)\Audio\LAO(INF001)4\LAO(INF001)4 21 Social Relations.mp3"/>
	<entry id="1060010422" project="LAO" informant="INF001" reel="4" region="22" narrative="_Q" label="Public Institutions" state="OK" sex="M " age="72" age_level="3" education="2" town="Bailey" county="Grady" land_regions="D" locality="R" date="1962" latitude="34.76834" longitude="-97.79127" file_name="LAO(INF001)4 22 Public Institutions.mp3" path_to_file="LAP\Projects\LAO\Speakers\LAO(INF001)\Audio\LAO(INF001)4\LAO(INF001)4 22 Public Institutions.mp3"/>
	<entry id="3060010401" project="LAO" informant="INF001" reel="4" region="0" narrative="_I" label="Metadata" state="OK" sex="M " age="72" age_level="3" education="2" town="Bailey" county="Grady" land_regions="D" locality="R" date="1962" latitude="34.76834" longitude="-97.79127" file_name="LAO(INF001)4meta.txt" path_to_file="LAP\Projects\LAO\Speakers\LAO(INF001)\Audio\LAO(INF001)4\LAO(INF001)4meta.txt"/>
	<entry id="1060010501" project="LAO" informant="INF001" reel="5" region="1" narrative="_Q" label="Public Institutions" state="OK" sex="M " age="72" age_level="3" education="2" town="Bailey" county="Grady" land_regions="D" locality="R" date="1962" latitude="34.76834" longitude="-97.79127" file_name="LAO(INF001)5 01 Public Institutions.mp3" path_to_file="LAP\Projects\LAO\Speakers\LAO(INF001)\Audio\LAO(INF001)5\LAO(INF001)5 01 Public Institutions.mp3"/>
	<entry id="1060010502" project="LAO" informant="INF001" reel="5" region="2" narrative="_Q" label="Public Institutions" state="OK" sex="M " age="72" age_level="3" education="2" town="Bailey" county="Grady" land_regions="D" locality="R" date="1962" latitude="34.76834" longitude="-97.79127" file_name="LAO(INF001)5 02 Public Institutions.mp3" path_to_file="LAP\Projects\LAO\Speakers\LAO(INF001)\Audio\LAO(INF001)5\LAO(INF001)5 02 Public Institutions.mp3"/>
	<entry id="1060010503" project="LAO" informant="INF001" reel="5" region="3" narrative="_Q" label="Public Institutions" state="OK" sex="M " age="72" age_level="3" education="2" town="Bailey" county="Grady" land_regions="D" locality="R" date="1962" latitude="34.76834" longitude="-97.79127" file_name="LAO(INF001)5 03 Public Institutions.mp3" path_to_file="LAP\Projects\LAO\Speakers\LAO(INF001)\Audio\LAO(INF001)5\LAO(INF001)5 03 Public Institutions.mp3"/>
	<entry id="1060010504" project="LAO" informant="INF001" reel="5" region="4" narrative="_Q" label="Geography" state="OK" sex="M " age="72" age_level="3" education="2" town="Bailey" county="Grady" land_regions="D" locality="R" date="1962" latitude="34.76834" longitude="-97.79127" file_name="LAO(INF001)5 04 Geography.mp3" path_to_file="LAP\Projects\LAO\Speakers\LAO(INF001)\Audio\LAO(INF001)5\LAO(INF001)5 04 Geography.mp3"/>
	<entry id="1060010505" project="LAO" informant="INF001" reel="5" region="5" narrative="_Q" label="Geography" state="OK" sex="M " age="72" age_level="3" education="2" town="Bailey" county="Grady" land_regions="D" locality="R" date="1962" latitude="34.76834" longitude="-97.79127" file_name="LAO(INF001)5 05 Geography.mp3" path_to_file="LAP\Projects\LAO\Speakers\LAO(INF001)\Audio\LAO(INF001)5\LAO(INF001)5 05 Geography.mp3"/>
	<entry id="1060010506" project="LAO" informant="INF001" reel="5" region="6" narrative="_Q" label="Geography" state="OK" sex="M " age="72" age_level="3" education="2" town="Bailey" county="Grady" land_regions="D" locality="R" date="1962" latitude="34.76834" longitude="-97.79127" file_name="LAO(INF001)5 06 Geography.mp3" path_to_file="LAP\Projects\LAO\Speakers\LAO(INF001)\Audio\LAO(INF001)5\LAO(INF001)5 06 Geography.mp3"/>
	<entry id="1060010507" project="LAO" informant="INF001" reel="5" region="7" narrative="_Q" label="Geography" state="OK" sex="M " age="72" age_level="3" education="2" town="Bailey" county="Grady" land_regions="D" locality="R" date="1962" latitude="34.76834" longitude="-97.79127" file_name="LAO(INF001)5 07 Geography.mp3" path_to_file="LAP\Projects\LAO\Speakers\LAO(INF001)\Audio\LAO(INF001)5\LAO(INF001)5 07 Geography.mp3"/>
	<entry id="1060010508" project="LAO" informant="INF001" reel="5" region="8" narrative="_Q" label="Geography" state="OK" sex="M " age="72" age_level="3" education="2" town="Bailey" county="Grady" land_regions="D" locality="R" date="1962" latitude="34.76834" longitude="-97.79127" file_name="LAO(INF001)5 08 Geography.mp3" path_to_file="LAP\Projects\LAO\Speakers\LAO(INF001)\Audio\LAO(INF001)5\LAO(INF001)5 08 Geography.mp3"/>
	<entry id="1060010509" project="LAO" informant="INF001" reel="5" region="9" narrative="_Q" label="Names, Titles and Occupations" state="OK" sex="M " age="72" age_level="3" education="2" town="Bailey" county="Grady" land_regions="D" locality="R" date="1962" latitude="34.76834" longitude="-97.79127" file_name="LAO(INF001)5 09 Names, Titles and Occupations.mp3" path_to_file="LAP\Projects\LAO\Speakers\LAO(INF001)\Audio\LAO(INF001)5\LAO(INF001)5 09 Names, Titles and Occupations.mp3"/>
	<entry id="1060010510" project="LAO" informant="INF001" reel="5" region="10" narrative="_Q" label="Adverbs" state="OK" sex="M " age="72" age_level="3" education="2" town="Bailey" county="Grady" land_regions="D" locality="R" date="1962" latitude="34.76834" longitude="-97.79127" file_name="LAO(INF001)5 10 Adverbs.mp3" path_to_file="LAP\Projects\LAO\Speakers\LAO(INF001)\Audio\LAO(INF001)5\LAO(INF001)5 10 Adverbs.mp3"/>
	<entry id="1060010511" project="LAO" informant="INF001" reel="5" region="11" narrative="_Q" label="Wild Animals" state="OK" sex="M " age="72" age_level="3" education="2" town="Bailey" county="Grady" land_regions="D" locality="R" date="1962" latitude="34.76834" longitude="-97.79127" file_name="LAO(INF001)5 11 Wild Animals.mp3" path_to_file="LAP\Projects\LAO\Speakers\LAO(INF001)\Audio\LAO(INF001)5\LAO(INF001)5 11 Wild Animals.mp3"/>
	<entry id="1060010512" project="LAO" informant="INF001" reel="5" region="12" narrative="_Q" label="Affirmations and Interjections" state="OK" sex="M " age="72" age_level="3" education="2" town="Bailey" county="Grady" land_regions="D" locality="R" date="1962" latitude="34.76834" longitude="-97.79127" file_name="LAO(INF001)5 12 Affirmations and Interjections.mp3" path_to_file="LAP\Projects\LAO\Speakers\LAO(INF001)\Audio\LAO(INF001)5\LAO(INF001)5 12 Affirmations and Interjections.mp3"/>
	<entry id="1060010513" project="LAO" informant="INF001" reel="5" region="13" narrative="_Q" label="Sport and Play" state="OK" sex="M " age="72" age_level="3" education="2" town="Bailey" county="Grady" land_regions="D" locality="R" date="1962" latitude="34.76834" longitude="-97.79127" file_name="LAO(INF001)5 13 Sport and Play.mp3" path_to_file="LAP\Projects\LAO\Speakers\LAO(INF001)\Audio\LAO(INF001)5\LAO(INF001)5 13 Sport and Play.mp3"/>
	<entry id="1060010514" project="LAO" informant="INF001" reel="5" region="14" narrative="_Q" label="Containers and Utensils" state="OK" sex="M " age="72" age_level="3" education="2" town="Bailey" county="Grady" land_regions="D" locality="R" date="1962" latitude="34.76834" longitude="-97.79127" file_name="LAO(INF001)5 14 Containers and Utensils.mp3" path_to_file="LAP\Projects\LAO\Speakers\LAO(INF001)\Audio\LAO(INF001)5\LAO(INF001)5 14 Containers and Utensils.mp3"/>
	<entry id="1060010515" project="LAO" informant="INF001" reel="5" region="15" narrative="_Q" label="Time" state="OK" sex="M " age="72" age_level="3" education="2" town="Bailey" county="Grady" land_regions="D" locality="R" date="1962" latitude="34.76834" longitude="-97.79127" file_name="LAO(INF001)5 15 Time.mp3" path_to_file="LAP\Projects\LAO\Speakers\LAO(INF001)\Audio\LAO(INF001)5\LAO(INF001)5 15 Time.mp3"/>
	<entry id="1060010516" project="LAO" informant="INF001" reel="5" region="16" narrative="_Q" label="Numerals" state="OK" sex="M " age="72" age_level="3" education="2" town="Bailey" county="Grady" land_regions="D" locality="R" date="1962" latitude="34.76834" longitude="-97.79127" file_name="LAO(INF001)5 16 Numerals.mp3" path_to_file="LAP\Projects\LAO\Speakers\LAO(INF001)\Audio\LAO(INF001)5\LAO(INF001)5 16 Numerals.mp3"/>
	<entry id="1060010517" project="LAO" informant="INF001" reel="5" region="17" narrative="_Q" label="Time" state="OK" sex="M " age="72" age_level="3" education="2" town="Bailey" county="Grady" land_regions="D" locality="R" date="1962" latitude="34.76834" longitude="-97.79127" file_name="LAO(INF001)5 17 Time.mp3" path_to_file="LAP\Projects\LAO\Speakers\LAO(INF001)\Audio\LAO(INF001)5\LAO(INF001)5 17 Time.mp3"/>
	<entry id="1060010518" project="LAO" informant="INF001" reel="5" region="18" narrative="_Q" label="Time" state="OK" sex="M " age="72" age_level="3" education="2" town="Bailey" county="Grady" land_regions="D" locality="R" date="1962" latitude="34.76834" longitude="-97.79127" file_name="LAO(INF001)5 18 Time.mp3" path_to_file="LAP\Projects\LAO\Speakers\LAO(INF001)\Audio\LAO(INF001)5\LAO(INF001)5 18 Time.mp3"/>
	<entry id="1060010519" project="LAO" informant="INF001" reel="5" region="19" narrative="_Q" label="Weather" state="OK" sex="M " age="72" age_level="3" education="2" town="Bailey" county="Grady" land_regions="D" locality="R" date="1962" latitude="34.76834" longitude="-97.79127" file_name="LAO(INF001)5 19 Weather.mp3" path_to_file="LAP\Projects\LAO\Speakers\LAO(INF001)\Audio\LAO(INF001)5\LAO(INF001)5 19 Weather.mp3"/>
	<entry id="1060010520" project="LAO" informant="INF001" reel="5" region="20" narrative="_Q" label="Weather" state="OK" sex="M " age="72" age_level="3" education="2" town="Bailey" county="Grady" land_regions="D" locality="R" date="1962" latitude="34.76834" longitude="-97.79127" file_name="LAO(INF001)5 20 Weather.mp3" path_to_file="LAP\Projects\LAO\Speakers\LAO(INF001)\Audio\LAO(INF001)5\LAO(INF001)5 20 Weather.mp3"/>
	<entry id="1060010521" project="LAO" informant="INF001" reel="5" region="21" narrative="_Q" label="Agriculture" state="OK" sex="M " age="72" age_level="3" education="2" town="Bailey" county="Grady" land_regions="D" locality="R" date="1962" latitude="34.76834" longitude="-97.79127" file_name="LAO(INF001)5 21 Agriculture.mp3" path_to_file="LAP\Projects\LAO\Speakers\LAO(INF001)\Audio\LAO(INF001)5\LAO(INF001)5 21 Agriculture.mp3"/>
	<entry id="1060010522" project="LAO" informant="INF001" reel="5" region="22" narrative="_Q" label="The Farm" state="OK" sex="M " age="72" age_level="3" education="2" town="Bailey" county="Grady" land_regions="D" locality="R" date="1962" latitude="34.76834" longitude="-97.79127" file_name="LAO(INF001)5 22 The Farm.mp3" path_to_file="LAP\Projects\LAO\Speakers\LAO(INF001)\Audio\LAO(INF001)5\LAO(INF001)5 22 The Farm.mp3"/>
	<entry id="3060010501" project="LAO" informant="INF001" reel="5" region="0" narrative="_I" label="Metadata" state="OK" sex="M " age="72" age_level="3" education="2" town="Bailey" county="Grady" land_regions="D" locality="R" date="1962" latitude="34.76834" longitude="-97.79127" file_name="LAO(INF001)5meta.txt" path_to_file="LAP\Projects\LAO\Speakers\LAO(INF001)\Audio\LAO(INF001)5\LAO(INF001)5meta.txt"/>
	<entry id="1060010601" project="LAO" informant="INF001" reel="6" region="1" narrative="_Q" label="Vehicles" state="OK" sex="M " age="72" age_level="3" education="2" town="Bailey" county="Grady" land_regions="D" locality="R" date="1962" latitude="34.76834" longitude="-97.79127" file_name="LAO(INF001)6 01 Vehicles.mp3" path_to_file="LAP\Projects\LAO\Speakers\LAO(INF001)\Audio\LAO(INF001)6\LAO(INF001)6 01 Vehicles.mp3"/>
	<entry id="1060010602" project="LAO" informant="INF001" reel="6" region="2" narrative="_Q" label="Pronouns" state="OK" sex="M " age="72" age_level="3" education="2" town="Bailey" county="Grady" land_regions="D" locality="R" date="1962" latitude="34.76834" longitude="-97.79127" file_name="LAO(INF001)6 02 Pronouns.mp3" path_to_file="LAP\Projects\LAO\Speakers\LAO(INF001)\Audio\LAO(INF001)6\LAO(INF001)6 02 Pronouns.mp3"/>
	<entry id="1060010603" project="LAO" informant="INF001" reel="6" region="3" narrative="_Q" label="Social Relations" state="OK" sex="M " age="72" age_level="3" education="2" town="Bailey" county="Grady" land_regions="D" locality="R" date="1962" latitude="34.76834" longitude="-97.79127" file_name="LAO(INF001)6 03 Social Relations.mp3" path_to_file="LAP\Projects\LAO\Speakers\LAO(INF001)\Audio\LAO(INF001)6\LAO(INF001)6 03 Social Relations.mp3"/>
	<entry id="1060010604" project="LAO" informant="INF001" reel="6" region="4" narrative="_Q" label="Personal Characteristics" state="OK" sex="M " age="72" age_level="3" education="2" town="Bailey" county="Grady" land_regions="D" locality="R" date="1962" latitude="34.76834" longitude="-97.79127" file_name="LAO(INF001)6 04 Personal Characteristics.mp3" path_to_file="LAP\Projects\LAO\Speakers\LAO(INF001)\Audio\LAO(INF001)6\LAO(INF001)6 04 Personal Characteristics.mp3"/>
	<entry id="1060010605" project="LAO" informant="INF001" reel="6" region="5" narrative="_Q" label="Personal Characteristics" state="OK" sex="M " age="72" age_level="3" education="2" town="Bailey" county="Grady" land_regions="D" locality="R" date="1962" latitude="34.76834" longitude="-97.79127" file_name="LAO(INF001)6 05 Personal Characteristics.mp3" path_to_file="LAP\Projects\LAO\Speakers\LAO(INF001)\Audio\LAO(INF001)6\LAO(INF001)6 05 Personal Characteristics.mp3"/>
	<entry id="1060010606" project="LAO" informant="INF001" reel="6" region="6" narrative="_Q" label="Names, Titles and Occupations" state="OK" sex="M " age="72" age_level="3" education="2" town="Bailey" county="Grady" land_regions="D" locality="R" date="1962" latitude="34.76834" longitude="-97.79127" file_name="LAO(INF001)6 06 Names, Titles and Occupations.mp3" path_to_file="LAP\Projects\LAO\Speakers\LAO(INF001)\Audio\LAO(INF001)6\LAO(INF001)6 06 Names, Titles and Occupations.mp3"/>
	<entry id="1060010607" project="LAO" informant="INF001" reel="6" region="7" narrative="_Q" label="Wild Animals" state="OK" sex="M " age="72" age_level="3" education="2" town="Bailey" county="Grady" land_regions="D" locality="R" date="1962" latitude="34.76834" longitude="-97.79127" file_name="LAO(INF001)6 07 Wild Animals.mp3" path_to_file="LAP\Projects\LAO\Speakers\LAO(INF001)\Audio\LAO(INF001)6\LAO(INF001)6 07 Wild Animals.mp3"/>
	<entry id="1060010608" project="LAO" informant="INF001" reel="6" region="8" narrative="_Q" label="Names, Titles and Occupations" state="OK" sex="M " age="72" age_level="3" education="2" town="Bailey" county="Grady" land_regions="D" locality="R" date="1962" latitude="34.76834" longitude="-97.79127" file_name="LAO(INF001)6 08 Names, Titles and Occupations.mp3" path_to_file="LAP\Projects\LAO\Speakers\LAO(INF001)\Audio\LAO(INF001)6\LAO(INF001)6 08 Names, Titles and Occupations.mp3"/>
	<entry id="1060010609" project="LAO" informant="INF001" reel="6" region="9" narrative="_Q" label="Public Institutions" state="OK" sex="M " age="72" age_level="3" education="2" town="Bailey" county="Grady" land_regions="D" locality="R" date="1962" latitude="34.76834" longitude="-97.79127" file_name="LAO(INF001)6 09 Public Institutions.mp3" path_to_file="LAP\Projects\LAO\Speakers\LAO(INF001)\Audio\LAO(INF001)6\LAO(INF001)6 09 Public Institutions.mp3"/>
	<entry id="1060010610" project="LAO" informant="INF001" reel="6" region="10" narrative="_Q" label="Vehicles" state="OK" sex="M " age="72" age_level="3" education="2" town="Bailey" county="Grady" land_regions="D" locality="R" date="1962" latitude="34.76834" longitude="-97.79127" file_name="LAO(INF001)6 10 Vehicles.mp3" path_to_file="LAP\Projects\LAO\Speakers\LAO(INF001)\Audio\LAO(INF001)6\LAO(INF001)6 10 Vehicles.mp3"/>
	<entry id="3060010601" project="LAO" informant="INF001" reel="6" region="11" narrative="_I" label="Metadata" state="OK" sex="M " age="72" age_level="3" education="2" town="Bailey" county="Grady" land_regions="D" locality="R" date="1962" latitude="34.76834" longitude="-97.79127" file_name="LAO(INF001)6meta.txt" path_to_file="LAP\Projects\LAO\Speakers\LAO(INF001)\Audio\LAO(INF001)6\LAO(INF001)6meta.txt"/>
	<entry id="3060010001" project="LAO" informant="INF001" reel="0" region="0" narrative="_I" label="Biographical Information" state="OK" sex="M " age="72" age_level="3" education="2" town="Bailey" county="Grady" land_regions="D" locality="R" date="1962" latitude="34.76834" longitude="-97.79127" file_name="LAO(INF001)BIO.txt" path_to_file="LAP\Projects\LAO\Speakers\LAO(INF001)\Text\LAO(INF001)BIO.txt"/>
</Audio>