<?xml version="1.0" encoding="UTF-8" standalone="yes"?>
<Audio>
	<entry id="1060210101" project="LAO" informant="INF021" reel="1a" region="1" narrative="_Q" label="Public Institutions" state="OK" sex="F" age="35" age_level="1" education="4" town="Muskogee" county="Muskogee" land_regions="D" locality="U" date="1962" latitude="35.74769" longitude="-95.3694" file_name="LAO(INF021)1a 01 Public Institutions.mp3" path_to_file="LAP\Projects\LAO\Speakers\LAO(INF021)\Audio\LAO(INF021)1a\LAO(INF021)1a 01 Public Institutions.mp3"/>
	<entry id="1060210102" project="LAO" informant="INF021" reel="1a" region="2" narrative="_Q" label="Dwellings" state="OK" sex="F" age="35" age_level="1" education="4" town="Muskogee" county="Muskogee" land_regions="D" locality="U" date="1962" latitude="35.74769" longitude="-95.3694" file_name="LAO(INF021)1a 02 Dwellings.mp3" path_to_file="LAP\Projects\LAO\Speakers\LAO(INF021)\Audio\LAO(INF021)1a\LAO(INF021)1a 02 Dwellings.mp3"/>
	<entry id="1060210103" project="LAO" informant="INF021" reel="1a" region="3" narrative="_Q" label="Wild Animals" state="OK" sex="F" age="35" age_level="1" education="4" town="Muskogee" county="Muskogee" land_regions="D" locality="U" date="1962" latitude="35.74769" longitude="-95.3694" file_name="LAO(INF021)1a 03 Wild Animals.mp3" path_to_file="LAP\Projects\LAO\Speakers\LAO(INF021)\Audio\LAO(INF021)1a\LAO(INF021)1a 03 Wild Animals.mp3"/>
	<entry id="1060210104" project="LAO" informant="INF021" reel="1a" region="4" narrative="_Q" label="Clothing" state="OK" sex="F" age="35" age_level="1" education="4" town="Muskogee" county="Muskogee" land_regions="D" locality="U" date="1962" latitude="35.74769" longitude="-95.3694" file_name="LAO(INF021)1a 04 Clothing.mp3" path_to_file="LAP\Projects\LAO\Speakers\LAO(INF021)\Audio\LAO(INF021)1a\LAO(INF021)1a 04 Clothing.mp3"/>
	<entry id="1060210105" project="LAO" informant="INF021" reel="1a" region="5" narrative="_Q" label="The Farm" state="OK" sex="F" age="35" age_level="1" education="4" town="Muskogee" county="Muskogee" land_regions="D" locality="U" date="1962" latitude="35.74769" longitude="-95.3694" file_name="LAO(INF021)1a 05 The Farm.mp3" path_to_file="LAP\Projects\LAO\Speakers\LAO(INF021)\Audio\LAO(INF021)1a\LAO(INF021)1a 05 The Farm.mp3"/>
	<entry id="1060210106" project="LAO" informant="INF021" reel="1a" region="6" narrative="_Q" label="Dwellings" state="OK" sex="F" age="35" age_level="1" education="4" town="Muskogee" county="Muskogee" land_regions="D" locality="U" date="1962" latitude="35.74769" longitude="-95.3694" file_name="LAO(INF021)1a 06 Dwellings.mp3" path_to_file="LAP\Projects\LAO\Speakers\LAO(INF021)\Audio\LAO(INF021)1a\LAO(INF021)1a 06 Dwellings.mp3"/>
	<entry id="1060210107" project="LAO" informant="INF021" reel="1a" region="7" narrative="_Q" label="The Farm" state="OK" sex="F" age="35" age_level="1" education="4" town="Muskogee" county="Muskogee" land_regions="D" locality="U" date="1962" latitude="35.74769" longitude="-95.3694" file_name="LAO(INF021)1a 07 The Farm.mp3" path_to_file="LAP\Projects\LAO\Speakers\LAO(INF021)\Audio\LAO(INF021)1a\LAO(INF021)1a 07 The Farm.mp3"/>
	<entry id="3060210101" project="LAO" informant="INF021" reel="1a" region="0" narrative="_I" label="Metadata" state="OK" sex="F" age="35" age_level="1" education="4" town="Muskogee" county="Muskogee" land_regions="D" locality="U" date="1962" latitude="35.74769" longitude="-95.3694" file_name="LAO(INF021)1ameta.txt" path_to_file="LAP\Projects\LAO\Speakers\LAO(INF021)\Audio\LAO(INF021)1a\LAO(INF021)1ameta.txt"/>
	<entry id="1060210108" project="LAO" informant="INF021" reel="1b" region="1" narrative="_Q" label="Food and Cooking" state="OK" sex="F" age="35" age_level="1" education="4" town="Muskogee" county="Muskogee" land_regions="D" locality="U" date="1962" latitude="35.74769" longitude="-95.3694" file_name="LAO(INF021)1b 01 Food and Cooking.mp3" path_to_file="LAP\Projects\LAO\Speakers\LAO(INF021)\Audio\LAO(INF021)1b\LAO(INF021)1b 01 Food and Cooking.mp3"/>
	<entry id="1060210109" project="LAO" informant="INF021" reel="1b" region="2" narrative="_Q" label="Dwellings" state="OK" sex="F" age="35" age_level="1" education="4" town="Muskogee" county="Muskogee" land_regions="D" locality="U" date="1962" latitude="35.74769" longitude="-95.3694" file_name="LAO(INF021)1b 02 Dwellings.mp3" path_to_file="LAP\Projects\LAO\Speakers\LAO(INF021)\Audio\LAO(INF021)1b\LAO(INF021)1b 02 Dwellings.mp3"/>
	<entry id="1060210110" project="LAO" informant="INF021" reel="1b" region="3" narrative="_Q" label="Social Relations" state="OK" sex="F" age="35" age_level="1" education="4" town="Muskogee" county="Muskogee" land_regions="D" locality="U" date="1962" latitude="35.74769" longitude="-95.3694" file_name="LAO(INF021)1b 03 Social Relations.mp3" path_to_file="LAP\Projects\LAO\Speakers\LAO(INF021)\Audio\LAO(INF021)1b\LAO(INF021)1b 03 Social Relations.mp3"/>
	<entry id="1060210111" project="LAO" informant="INF021" reel="1b" region="4" narrative="_Q" label="Family" state="OK" sex="F" age="35" age_level="1" education="4" town="Muskogee" county="Muskogee" land_regions="D" locality="U" date="1962" latitude="35.74769" longitude="-95.3694" file_name="LAO(INF021)1b 04 Family.mp3" path_to_file="LAP\Projects\LAO\Speakers\LAO(INF021)\Audio\LAO(INF021)1b\LAO(INF021)1b 04 Family.mp3"/>
	<entry id="1060210112" project="LAO" informant="INF021" reel="1b" region="5" narrative="_Q" label="Containers and Utensils" state="OK" sex="F" age="35" age_level="1" education="4" town="Muskogee" county="Muskogee" land_regions="D" locality="U" date="1962" latitude="35.74769" longitude="-95.3694" file_name="LAO(INF021)1b 05 Containers and Utensils.mp3" path_to_file="LAP\Projects\LAO\Speakers\LAO(INF021)\Audio\LAO(INF021)1b\LAO(INF021)1b 05 Containers and Utensils.mp3"/>
	<entry id="1060210113" project="LAO" informant="INF021" reel="1b" region="6" narrative="_Q" label="Containers and Utensils" state="OK" sex="F" age="35" age_level="1" education="4" town="Muskogee" county="Muskogee" land_regions="D" locality="U" date="1962" latitude="35.74769" longitude="-95.3694" file_name="LAO(INF021)1b 06 Containers and Utensils.mp3" path_to_file="LAP\Projects\LAO\Speakers\LAO(INF021)\Audio\LAO(INF021)1b\LAO(INF021)1b 06 Containers and Utensils.mp3"/>
	<entry id="1060210114" project="LAO" informant="INF021" reel="1b" region="7" narrative="_Q" label="Containers and Utensils" state="OK" sex="F" age="35" age_level="1" education="4" town="Muskogee" county="Muskogee" land_regions="D" locality="U" date="1962" latitude="35.74769" longitude="-95.3694" file_name="LAO(INF021)1b 07 Containers and Utensils.mp3" path_to_file="LAP\Projects\LAO\Speakers\LAO(INF021)\Audio\LAO(INF021)1b\LAO(INF021)1b 07 Containers and Utensils.mp3"/>
	<entry id="3060210102" project="LAO" informant="INF021" reel="1b" region="0" narrative="_I" label="Metadata" state="OK" sex="F" age="35" age_level="1" education="4" town="Muskogee" county="Muskogee" land_regions="D" locality="U" date="1962" latitude="35.74769" longitude="-95.3694" file_name="LAO(INF021)1bmeta.txt" path_to_file="LAP\Projects\LAO\Speakers\LAO(INF021)\Audio\LAO(INF021)1b\LAO(INF021)1bmeta.txt"/>
	<entry id="1060210115" project="LAO" informant="INF021" reel="1c" region="1" narrative="_Q" label="Dwellings" state="OK" sex="F" age="35" age_level="1" education="4" town="Muskogee" county="Muskogee" land_regions="D" locality="U" date="1962" latitude="35.74769" longitude="-95.3694" file_name="LAO(INF021)1c 01 Dwellings.mp3" path_to_file="LAP\Projects\LAO\Speakers\LAO(INF021)\Audio\LAO(INF021)1c\LAO(INF021)1c 01 Dwellings.mp3"/>
	<entry id="1060210116" project="LAO" informant="INF021" reel="1c" region="2" narrative="_Q" label="Topography" state="OK" sex="F" age="35" age_level="1" education="4" town="Muskogee" county="Muskogee" land_regions="D" locality="U" date="1962" latitude="35.74769" longitude="-95.3694" file_name="LAO(INF021)1c 02 Topography.mp3" path_to_file="LAP\Projects\LAO\Speakers\LAO(INF021)\Audio\LAO(INF021)1c\LAO(INF021)1c 02 Topography.mp3"/>
	<entry id="1060210117" project="LAO" informant="INF021" reel="1c" region="3" narrative="_Q" label="Topography" state="OK" sex="F" age="35" age_level="1" education="4" town="Muskogee" county="Muskogee" land_regions="D" locality="U" date="1962" latitude="35.74769" longitude="-95.3694" file_name="LAO(INF021)1c 03 Topography.mp3" path_to_file="LAP\Projects\LAO\Speakers\LAO(INF021)\Audio\LAO(INF021)1c\LAO(INF021)1c 03 Topography.mp3"/>
	<entry id="1060210118" project="LAO" informant="INF021" reel="1c" region="4" narrative="_Q" label="Domestic Animals" state="OK" sex="F" age="35" age_level="1" education="4" town="Muskogee" county="Muskogee" land_regions="D" locality="U" date="1962" latitude="35.74769" longitude="-95.3694" file_name="LAO(INF021)1c 04 Domestic Animals.mp3" path_to_file="LAP\Projects\LAO\Speakers\LAO(INF021)\Audio\LAO(INF021)1c\LAO(INF021)1c 04 Domestic Animals.mp3"/>
	<entry id="1060210119" project="LAO" informant="INF021" reel="1c" region="5" narrative="_Q" label="Domestic Animals" state="OK" sex="F" age="35" age_level="1" education="4" town="Muskogee" county="Muskogee" land_regions="D" locality="U" date="1962" latitude="35.74769" longitude="-95.3694" file_name="LAO(INF021)1c 05 Domestic Animals.mp3" path_to_file="LAP\Projects\LAO\Speakers\LAO(INF021)\Audio\LAO(INF021)1c\LAO(INF021)1c 05 Domestic Animals.mp3"/>
	<entry id="1060210120" project="LAO" informant="INF021" reel="1c" region="6" narrative="_Q" label="Domestic Animals" state="OK" sex="F" age="35" age_level="1" education="4" town="Muskogee" county="Muskogee" land_regions="D" locality="U" date="1962" latitude="35.74769" longitude="-95.3694" file_name="LAO(INF021)1c 06 Domestic Animals.mp3" path_to_file="LAP\Projects\LAO\Speakers\LAO(INF021)\Audio\LAO(INF021)1c\LAO(INF021)1c 06 Domestic Animals.mp3"/>
	<entry id="1060210121" project="LAO" informant="INF021" reel="1c" region="7" narrative="_Q" label="Domestic Animals" state="OK" sex="F" age="35" age_level="1" education="4" town="Muskogee" county="Muskogee" land_regions="D" locality="U" date="1962" latitude="35.74769" longitude="-95.3694" file_name="LAO(INF021)1c 07 Domestic Animals.mp3" path_to_file="LAP\Projects\LAO\Speakers\LAO(INF021)\Audio\LAO(INF021)1c\LAO(INF021)1c 07 Domestic Animals.mp3"/>
	<entry id="1060210122" project="LAO" informant="INF021" reel="1c" region="8" narrative="_Q" label="Topography" state="OK" sex="F" age="35" age_level="1" education="4" town="Muskogee" county="Muskogee" land_regions="D" locality="U" date="1962" latitude="35.74769" longitude="-95.3694" file_name="LAO(INF021)1c 08 Topography.mp3" path_to_file="LAP\Projects\LAO\Speakers\LAO(INF021)\Audio\LAO(INF021)1c\LAO(INF021)1c 08 Topography.mp3"/>
	<entry id="3060210103" project="LAO" informant="INF021" reel="1c" region="0" narrative="_I" label="Metadata" state="OK" sex="F" age="35" age_level="1" education="4" town="Muskogee" county="Muskogee" land_regions="D" locality="U" date="1962" latitude="35.74769" longitude="-95.3694" file_name="LAO(INF021)1cmeta.txt" path_to_file="LAP\Projects\LAO\Speakers\LAO(INF021)\Audio\LAO(INF021)1c\LAO(INF021)1cmeta.txt"/>
	<entry id="1060210201" project="LAO" informant="INF021" reel="2a" region="1" narrative="_Q" label="Family" state="OK" sex="F" age="35" age_level="1" education="4" town="Muskogee" county="Muskogee" land_regions="D" locality="U" date="1962" latitude="35.74769" longitude="-95.3694" file_name="LAO(INF021)2a 01 Family.mp3" path_to_file="LAP\Projects\LAO\Speakers\LAO(INF021)\Audio\LAO(INF021)2a\LAO(INF021)2a 01 Family.mp3"/>
	<entry id="1060210202" project="LAO" informant="INF021" reel="2a" region="2" narrative="_Q" label="Geography" state="OK" sex="F" age="35" age_level="1" education="4" town="Muskogee" county="Muskogee" land_regions="D" locality="U" date="1962" latitude="35.74769" longitude="-95.3694" file_name="LAO(INF021)2a 02 Geography.mp3" path_to_file="LAP\Projects\LAO\Speakers\LAO(INF021)\Audio\LAO(INF021)2a\LAO(INF021)2a 02 Geography.mp3"/>
	<entry id="1060210203" project="LAO" informant="INF021" reel="2a" region="3" narrative="_Q" label="Cooking" state="OK" sex="F" age="35" age_level="1" education="4" town="Muskogee" county="Muskogee" land_regions="D" locality="U" date="1962" latitude="35.74769" longitude="-95.3694" file_name="LAO(INF021)2a 03 Cooking.mp3" path_to_file="LAP\Projects\LAO\Speakers\LAO(INF021)\Audio\LAO(INF021)2a\LAO(INF021)2a 03 Cooking.mp3"/>
	<entry id="1060210204" project="LAO" informant="INF021" reel="2a" region="4" narrative="_Q" label="Cooking" state="OK" sex="F" age="35" age_level="1" education="4" town="Muskogee" county="Muskogee" land_regions="D" locality="U" date="1962" latitude="35.74769" longitude="-95.3694" file_name="LAO(INF021)2a 04 Cooking.mp3" path_to_file="LAP\Projects\LAO\Speakers\LAO(INF021)\Audio\LAO(INF021)2a\LAO(INF021)2a 04 Cooking.mp3"/>
	<entry id="1060210205" project="LAO" informant="INF021" reel="2a" region="5" narrative="_Q" label="Agriculture" state="OK" sex="F" age="35" age_level="1" education="4" town="Muskogee" county="Muskogee" land_regions="D" locality="U" date="1962" latitude="35.74769" longitude="-95.3694" file_name="LAO(INF021)2a 05 Agriculture.mp3" path_to_file="LAP\Projects\LAO\Speakers\LAO(INF021)\Audio\LAO(INF021)2a\LAO(INF021)2a 05 Agriculture.mp3"/>
	<entry id="1060210206" project="LAO" informant="INF021" reel="2a" region="6" narrative="_Q" label="Verbs_Principal Parts" state="OK" sex="F" age="35" age_level="1" education="4" town="Muskogee" county="Muskogee" land_regions="D" locality="U" date="1962" latitude="35.74769" longitude="-95.3694" file_name="LAO(INF021)2a 06 Verbs_Principal Parts.mp3" path_to_file="LAP\Projects\LAO\Speakers\LAO(INF021)\Audio\LAO(INF021)2a\LAO(INF021)2a 06 Verbs_Principal Parts.mp3"/>
	<entry id="1060210207" project="LAO" informant="INF021" reel="2a" region="7" narrative="_Q" label="Adverbs" state="OK" sex="F" age="35" age_level="1" education="4" town="Muskogee" county="Muskogee" land_regions="D" locality="U" date="1962" latitude="35.74769" longitude="-95.3694" file_name="LAO(INF021)2a 07 Adverbs.mp3" path_to_file="LAP\Projects\LAO\Speakers\LAO(INF021)\Audio\LAO(INF021)2a\LAO(INF021)2a 07 Adverbs.mp3"/>
	<entry id="3060210201" project="LAO" informant="INF021" reel="2a" region="0" narrative="_I" label="Metadata" state="OK" sex="F" age="35" age_level="1" education="4" town="Muskogee" county="Muskogee" land_regions="D" locality="U" date="1962" latitude="35.74769" longitude="-95.3694" file_name="LAO(INF021)2ameta.txt" path_to_file="LAP\Projects\LAO\Speakers\LAO(INF021)\Audio\LAO(INF021)2a\LAO(INF021)2ameta.txt"/>
	<entry id="1060210208" project="LAO" informant="INF021" reel="2b" region="1" narrative="_Q" label="Vegetables" state="OK" sex="F" age="35" age_level="1" education="4" town="Muskogee" county="Muskogee" land_regions="D" locality="U" date="1962" latitude="35.74769" longitude="-95.3694" file_name="LAO(INF021)2b 01 Vegetables.mp3" path_to_file="LAP\Projects\LAO\Speakers\LAO(INF021)\Audio\LAO(INF021)2b\LAO(INF021)2b 01 Vegetables.mp3"/>
	<entry id="1060210209" project="LAO" informant="INF021" reel="2b" region="2" narrative="_Q" label="Vegetables" state="OK" sex="F" age="35" age_level="1" education="4" town="Muskogee" county="Muskogee" land_regions="D" locality="U" date="1962" latitude="35.74769" longitude="-95.3694" file_name="LAO(INF021)2b 02 Vegetables.mp3" path_to_file="LAP\Projects\LAO\Speakers\LAO(INF021)\Audio\LAO(INF021)2b\LAO(INF021)2b 02 Vegetables.mp3"/>
	<entry id="1060210210" project="LAO" informant="INF021" reel="2b" region="3" narrative="_Q" label="Verbs_Modals" state="OK" sex="F" age="35" age_level="1" education="4" town="Muskogee" county="Muskogee" land_regions="D" locality="U" date="1962" latitude="35.74769" longitude="-95.3694" file_name="LAO(INF021)2b 03 Verbs_Modals.mp3" path_to_file="LAP\Projects\LAO\Speakers\LAO(INF021)\Audio\LAO(INF021)2b\LAO(INF021)2b 03 Verbs_Modals.mp3"/>
	<entry id="1060210211" project="LAO" informant="INF021" reel="2b" region="4" narrative="_Q" label="Verbs_Principal Parts" state="OK" sex="F" age="35" age_level="1" education="4" town="Muskogee" county="Muskogee" land_regions="D" locality="U" date="1962" latitude="35.74769" longitude="-95.3694" file_name="LAO(INF021)2b 04 Verbs_Principal Parts.mp3" path_to_file="LAP\Projects\LAO\Speakers\LAO(INF021)\Audio\LAO(INF021)2b\LAO(INF021)2b 04 Verbs_Principal Parts.mp3"/>
	<entry id="1060210212" project="LAO" informant="INF021" reel="2b" region="5" narrative="_Q" label="Wild Animals" state="OK" sex="F" age="35" age_level="1" education="4" town="Muskogee" county="Muskogee" land_regions="D" locality="U" date="1962" latitude="35.74769" longitude="-95.3694" file_name="LAO(INF021)2b 05 Wild Animals.mp3" path_to_file="LAP\Projects\LAO\Speakers\LAO(INF021)\Audio\LAO(INF021)2b\LAO(INF021)2b 05 Wild Animals.mp3"/>
	<entry id="1060210213" project="LAO" informant="INF021" reel="2b" region="6" narrative="_Q" label="Verbs_Principal Parts" state="OK" sex="F" age="35" age_level="1" education="4" town="Muskogee" county="Muskogee" land_regions="D" locality="U" date="1962" latitude="35.74769" longitude="-95.3694" file_name="LAO(INF021)2b 06 Verbs_Principal Parts.mp3" path_to_file="LAP\Projects\LAO\Speakers\LAO(INF021)\Audio\LAO(INF021)2b\LAO(INF021)2b 06 Verbs_Principal Parts.mp3"/>
	<entry id="1060210214" project="LAO" informant="INF021" reel="2b" region="7" narrative="_Q" label="Family" state="OK" sex="F" age="35" age_level="1" education="4" town="Muskogee" county="Muskogee" land_regions="D" locality="U" date="1962" latitude="35.74769" longitude="-95.3694" file_name="LAO(INF021)2b 07 Family.mp3" path_to_file="LAP\Projects\LAO\Speakers\LAO(INF021)\Audio\LAO(INF021)2b\LAO(INF021)2b 07 Family.mp3"/>
	<entry id="3060210202" project="LAO" informant="INF021" reel="2b" region="0" narrative="_I" label="Metadata" state="OK" sex="F" age="35" age_level="1" education="4" town="Muskogee" county="Muskogee" land_regions="D" locality="U" date="1962" latitude="35.74769" longitude="-95.3694" file_name="LAO(INF021)2bmeta.txt" path_to_file="LAP\Projects\LAO\Speakers\LAO(INF021)\Audio\LAO(INF021)2b\LAO(INF021)2bmeta.txt"/>
	<entry id="1060210215" project="LAO" informant="INF021" reel="2c" region="1" narrative="_Q" label="Names, Titles and Occupations" state="OK" sex="F" age="35" age_level="1" education="4" town="Muskogee" county="Muskogee" land_regions="D" locality="U" date="1962" latitude="35.74769" longitude="-95.3694" file_name="LAO(INF021)2c 01 Names, Titles and Occupations.mp3" path_to_file="LAP\Projects\LAO\Speakers\LAO(INF021)\Audio\LAO(INF021)2c\LAO(INF021)2c 01 Names, Titles and Occupations.mp3"/>
	<entry id="1060210216" project="LAO" informant="INF021" reel="2c" region="2" narrative="_Q" label="Names, Titles and Occupations" state="OK" sex="F" age="35" age_level="1" education="4" town="Muskogee" county="Muskogee" land_regions="D" locality="U" date="1962" latitude="35.74769" longitude="-95.3694" file_name="LAO(INF021)2c 02 Names, Titles and Occupations.mp3" path_to_file="LAP\Projects\LAO\Speakers\LAO(INF021)\Audio\LAO(INF021)2c\LAO(INF021)2c 02 Names, Titles and Occupations.mp3"/>
	<entry id="1060210217" project="LAO" informant="INF021" reel="2c" region="3" narrative="_Q" label="Names, Titles and Occupations" state="OK" sex="F" age="35" age_level="1" education="4" town="Muskogee" county="Muskogee" land_regions="D" locality="U" date="1962" latitude="35.74769" longitude="-95.3694" file_name="LAO(INF021)2c 03 Names, Titles and Occupations.mp3" path_to_file="LAP\Projects\LAO\Speakers\LAO(INF021)\Audio\LAO(INF021)2c\LAO(INF021)2c 03 Names, Titles and Occupations.mp3"/>
	<entry id="1060210218" project="LAO" informant="INF021" reel="2c" region="4" narrative="_Q" label="Body Parts" state="OK" sex="F" age="35" age_level="1" education="4" town="Muskogee" county="Muskogee" land_regions="D" locality="U" date="1962" latitude="35.74769" longitude="-95.3694" file_name="LAO(INF021)2c 04 Body Parts.mp3" path_to_file="LAP\Projects\LAO\Speakers\LAO(INF021)\Audio\LAO(INF021)2c\LAO(INF021)2c 04 Body Parts.mp3"/>
	<entry id="1060210219" project="LAO" informant="INF021" reel="2c" region="5" narrative="_Q" label="Adjectives" state="OK" sex="F" age="35" age_level="1" education="4" town="Muskogee" county="Muskogee" land_regions="D" locality="U" date="1962" latitude="35.74769" longitude="-95.3694" file_name="LAO(INF021)2c 05 Adjectives.mp3" path_to_file="LAP\Projects\LAO\Speakers\LAO(INF021)\Audio\LAO(INF021)2c\LAO(INF021)2c 05 Adjectives.mp3"/>
	<entry id="1060210220" project="LAO" informant="INF021" reel="2c" region="6" narrative="_Q" label="Illness and Death" state="OK" sex="F" age="35" age_level="1" education="4" town="Muskogee" county="Muskogee" land_regions="D" locality="U" date="1962" latitude="35.74769" longitude="-95.3694" file_name="LAO(INF021)2c 06 Illness and Death.mp3" path_to_file="LAP\Projects\LAO\Speakers\LAO(INF021)\Audio\LAO(INF021)2c\LAO(INF021)2c 06 Illness and Death.mp3"/>
	<entry id="1060210221" project="LAO" informant="INF021" reel="2c" region="7" narrative="_Q" label="Illness and Death" state="OK" sex="F" age="35" age_level="1" education="4" town="Muskogee" county="Muskogee" land_regions="D" locality="U" date="1962" latitude="35.74769" longitude="-95.3694" file_name="LAO(INF021)2c 07 Illness and Death.mp3" path_to_file="LAP\Projects\LAO\Speakers\LAO(INF021)\Audio\LAO(INF021)2c\LAO(INF021)2c 07 Illness and Death.mp3"/>
	<entry id="1060210222" project="LAO" informant="INF021" reel="2c" region="8" narrative="_Q" label="Business" state="OK" sex="F" age="35" age_level="1" education="4" town="Muskogee" county="Muskogee" land_regions="D" locality="U" date="1962" latitude="35.74769" longitude="-95.3694" file_name="LAO(INF021)2c 08 Business.mp3" path_to_file="LAP\Projects\LAO\Speakers\LAO(INF021)\Audio\LAO(INF021)2c\LAO(INF021)2c 08 Business.mp3"/>
	<entry id="3060210203" project="LAO" informant="INF021" reel="2c" region="0" narrative="_I" label="Metadata" state="OK" sex="F" age="35" age_level="1" education="4" town="Muskogee" county="Muskogee" land_regions="D" locality="U" date="1962" latitude="35.74769" longitude="-95.3694" file_name="LAO(INF021)2cmeta.txt" path_to_file="LAP\Projects\LAO\Speakers\LAO(INF021)\Audio\LAO(INF021)2c\LAO(INF021)2cmeta.txt"/>
	<entry id="1060210301" project="LAO" informant="INF021" reel="3a" region="1" narrative="_Q" label="Public Institutions" state="OK" sex="F" age="35" age_level="1" education="4" town="Muskogee" county="Muskogee" land_regions="D" locality="U" date="1962" latitude="35.74769" longitude="-95.3694" file_name="LAO(INF021)3a 01 Public Institutions.mp3" path_to_file="LAP\Projects\LAO\Speakers\LAO(INF021)\Audio\LAO(INF021)3a\LAO(INF021)3a 01 Public Institutions.mp3"/>
	<entry id="1060210302" project="LAO" informant="INF021" reel="3a" region="2" narrative="_Q" label="Verbs_Principal Parts" state="OK" sex="F" age="35" age_level="1" education="4" town="Muskogee" county="Muskogee" land_regions="D" locality="U" date="1962" latitude="35.74769" longitude="-95.3694" file_name="LAO(INF021)3a 02 Verbs_Principal Parts.mp3" path_to_file="LAP\Projects\LAO\Speakers\LAO(INF021)\Audio\LAO(INF021)3a\LAO(INF021)3a 02 Verbs_Principal Parts.mp3"/>
	<entry id="1060210303" project="LAO" informant="INF021" reel="3a" region="3" narrative="_Q" label="Geography" state="OK" sex="F" age="35" age_level="1" education="4" town="Muskogee" county="Muskogee" land_regions="D" locality="U" date="1962" latitude="35.74769" longitude="-95.3694" file_name="LAO(INF021)3a 03 Geography.mp3" path_to_file="LAP\Projects\LAO\Speakers\LAO(INF021)\Audio\LAO(INF021)3a\LAO(INF021)3a 03 Geography.mp3"/>
	<entry id="1060210304" project="LAO" informant="INF021" reel="3a" region="4" narrative="_Q" label="Greetings and Salutations" state="OK" sex="F" age="35" age_level="1" education="4" town="Muskogee" county="Muskogee" land_regions="D" locality="U" date="1962" latitude="35.74769" longitude="-95.3694" file_name="LAO(INF021)3a 04 Greetings and Salutations.mp3" path_to_file="LAP\Projects\LAO\Speakers\LAO(INF021)\Audio\LAO(INF021)3a\LAO(INF021)3a 04 Greetings and Salutations.mp3"/>
	<entry id="1060210305" project="LAO" informant="INF021" reel="3a" region="5" narrative="_Q" label="Verbs_Principal Parts" state="OK" sex="F" age="35" age_level="1" education="4" town="Muskogee" county="Muskogee" land_regions="D" locality="U" date="1962" latitude="35.74769" longitude="-95.3694" file_name="LAO(INF021)3a 05 Verbs_Principal Parts.mp3" path_to_file="LAP\Projects\LAO\Speakers\LAO(INF021)\Audio\LAO(INF021)3a\LAO(INF021)3a 05 Verbs_Principal Parts.mp3"/>
	<entry id="1060210306" project="LAO" informant="INF021" reel="3a" region="6" narrative="_Q" label="Verbs_Principal Parts" state="OK" sex="F" age="35" age_level="1" education="4" town="Muskogee" county="Muskogee" land_regions="D" locality="U" date="1962" latitude="35.74769" longitude="-95.3694" file_name="LAO(INF021)3a 06 Verbs_Principal Parts.mp3" path_to_file="LAP\Projects\LAO\Speakers\LAO(INF021)\Audio\LAO(INF021)3a\LAO(INF021)3a 06 Verbs_Principal Parts.mp3"/>
	<entry id="1060210307" project="LAO" informant="INF021" reel="3a" region="7" narrative="_Q" label="Adverbs" state="OK" sex="F" age="35" age_level="1" education="4" town="Muskogee" county="Muskogee" land_regions="D" locality="U" date="1962" latitude="35.74769" longitude="-95.3694" file_name="LAO(INF021)3a 07 Adverbs.mp3" path_to_file="LAP\Projects\LAO\Speakers\LAO(INF021)\Audio\LAO(INF021)3a\LAO(INF021)3a 07 Adverbs.mp3"/>
	<entry id="3060210301" project="LAO" informant="INF021" reel="3a" region="0" narrative="_I" label="Metadata" state="OK" sex="F" age="35" age_level="1" education="4" town="Muskogee" county="Muskogee" land_regions="D" locality="U" date="1962" latitude="35.74769" longitude="-95.3694" file_name="LAO(INF021)3ameta.txt" path_to_file="LAP\Projects\LAO\Speakers\LAO(INF021)\Audio\LAO(INF021)3a\LAO(INF021)3ameta.txt"/>
	<entry id="1060210308" project="LAO" informant="INF021" reel="3b" region="1" narrative="_Q" label="Numerals" state="OK" sex="F" age="35" age_level="1" education="4" town="Muskogee" county="Muskogee" land_regions="D" locality="U" date="1962" latitude="35.74769" longitude="-95.3694" file_name="LAO(INF021)3b 01 Numerals.mp3" path_to_file="LAP\Projects\LAO\Speakers\LAO(INF021)\Audio\LAO(INF021)3b\LAO(INF021)3b 01 Numerals.mp3"/>
	<entry id="1060210309" project="LAO" informant="INF021" reel="3b" region="2" narrative="_Q" label="Time" state="OK" sex="F" age="35" age_level="1" education="4" town="Muskogee" county="Muskogee" land_regions="D" locality="U" date="1962" latitude="35.74769" longitude="-95.3694" file_name="LAO(INF021)3b 02 Time.mp3" path_to_file="LAP\Projects\LAO\Speakers\LAO(INF021)\Audio\LAO(INF021)3b\LAO(INF021)3b 02 Time.mp3"/>
	<entry id="1060210310" project="LAO" informant="INF021" reel="3b" region="3" narrative="_Q" label="Weather" state="OK" sex="F" age="35" age_level="1" education="4" town="Muskogee" county="Muskogee" land_regions="D" locality="U" date="1962" latitude="35.74769" longitude="-95.3694" file_name="LAO(INF021)3b 03 Weather.mp3" path_to_file="LAP\Projects\LAO\Speakers\LAO(INF021)\Audio\LAO(INF021)3b\LAO(INF021)3b 03 Weather.mp3"/>
	<entry id="1060210311" project="LAO" informant="INF021" reel="3b" region="4" narrative="_Q" label="The Farm" state="OK" sex="F" age="35" age_level="1" education="4" town="Muskogee" county="Muskogee" land_regions="D" locality="U" date="1962" latitude="35.74769" longitude="-95.3694" file_name="LAO(INF021)3b 04 The Farm.mp3" path_to_file="LAP\Projects\LAO\Speakers\LAO(INF021)\Audio\LAO(INF021)3b\LAO(INF021)3b 04 The Farm.mp3"/>
	<entry id="1060210312" project="LAO" informant="INF021" reel="3b" region="5" narrative="_Q" label="Weather" state="OK" sex="F" age="35" age_level="1" education="4" town="Muskogee" county="Muskogee" land_regions="D" locality="U" date="1962" latitude="35.74769" longitude="-95.3694" file_name="LAO(INF021)3b 05 Weather.mp3" path_to_file="LAP\Projects\LAO\Speakers\LAO(INF021)\Audio\LAO(INF021)3b\LAO(INF021)3b 05 Weather.mp3"/>
	<entry id="1060210313" project="LAO" informant="INF021" reel="3b" region="6" narrative="_Q" label="Adverbs" state="OK" sex="F" age="35" age_level="1" education="4" town="Muskogee" county="Muskogee" land_regions="D" locality="U" date="1962" latitude="35.74769" longitude="-95.3694" file_name="LAO(INF021)3b 06 Adverbs.mp3" path_to_file="LAP\Projects\LAO\Speakers\LAO(INF021)\Audio\LAO(INF021)3b\LAO(INF021)3b 06 Adverbs.mp3"/>
	<entry id="1060210314" project="LAO" informant="INF021" reel="3b" region="7" narrative="_Q" label="Verbs_Principal Parts" state="OK" sex="F" age="35" age_level="1" education="4" town="Muskogee" county="Muskogee" land_regions="D" locality="U" date="1962" latitude="35.74769" longitude="-95.3694" file_name="LAO(INF021)3b 07 Verbs_Principal Parts.mp3" path_to_file="LAP\Projects\LAO\Speakers\LAO(INF021)\Audio\LAO(INF021)3b\LAO(INF021)3b 07 Verbs_Principal Parts.mp3"/>
	<entry id="3060210302" project="LAO" informant="INF021" reel="3b" region="0" narrative="_I" label="Metadata" state="OK" sex="F" age="35" age_level="1" education="4" town="Muskogee" county="Muskogee" land_regions="D" locality="U" date="1962" latitude="35.74769" longitude="-95.3694" file_name="LAO(INF021)3bmeta.txt" path_to_file="LAP\Projects\LAO\Speakers\LAO(INF021)\Audio\LAO(INF021)3b\LAO(INF021)3bmeta.txt"/>
	<entry id="1060210315" project="LAO" informant="INF021" reel="3c" region="1" narrative="_Q" label="Verbs_Be, Have, Do" state="OK" sex="F" age="35" age_level="1" education="4" town="Muskogee" county="Muskogee" land_regions="D" locality="U" date="1962" latitude="35.74769" longitude="-95.3694" file_name="LAO(INF021)3c 01 Verbs_Be, Have, Do.mp3" path_to_file="LAP\Projects\LAO\Speakers\LAO(INF021)\Audio\LAO(INF021)3c\LAO(INF021)3c 01 Verbs_Be, Have, Do.mp3"/>
	<entry id="1060210316" project="LAO" informant="INF021" reel="3c" region="2" narrative="_Q" label="Prepositions" state="OK" sex="F" age="35" age_level="1" education="4" town="Muskogee" county="Muskogee" land_regions="D" locality="U" date="1962" latitude="35.74769" longitude="-95.3694" file_name="LAO(INF021)3c 02 Prepositions.mp3" path_to_file="LAP\Projects\LAO\Speakers\LAO(INF021)\Audio\LAO(INF021)3c\LAO(INF021)3c 02 Prepositions.mp3"/>
	<entry id="1060210317" project="LAO" informant="INF021" reel="3c" region="3" narrative="_Q" label="Public Institutions" state="OK" sex="F" age="35" age_level="1" education="4" town="Muskogee" county="Muskogee" land_regions="D" locality="U" date="1962" latitude="35.74769" longitude="-95.3694" file_name="LAO(INF021)3c 03 Public Institutions.mp3" path_to_file="LAP\Projects\LAO\Speakers\LAO(INF021)\Audio\LAO(INF021)3c\LAO(INF021)3c 03 Public Institutions.mp3"/>
	<entry id="1060210318" project="LAO" informant="INF021" reel="3c" region="4" narrative="_Q" label="Geography" state="OK" sex="F" age="35" age_level="1" education="4" town="Muskogee" county="Muskogee" land_regions="D" locality="U" date="1962" latitude="35.74769" longitude="-95.3694" file_name="LAO(INF021)3c 04 Geography.mp3" path_to_file="LAP\Projects\LAO\Speakers\LAO(INF021)\Audio\LAO(INF021)3c\LAO(INF021)3c 04 Geography.mp3"/>
	<entry id="1060210319" project="LAO" informant="INF021" reel="3c" region="5" narrative="_Q" label="Personal Characteristics" state="OK" sex="F" age="35" age_level="1" education="4" town="Muskogee" county="Muskogee" land_regions="D" locality="U" date="1962" latitude="35.74769" longitude="-95.3694" file_name="LAO(INF021)3c 05 Personal Characteristics.mp3" path_to_file="LAP\Projects\LAO\Speakers\LAO(INF021)\Audio\LAO(INF021)3c\LAO(INF021)3c 05 Personal Characteristics.mp3"/>
	<entry id="3060210303" project="LAO" informant="INF021" reel="3c" region="0" narrative="_I" label="Metadata" state="OK" sex="F" age="35" age_level="1" education="4" town="Muskogee" county="Muskogee" land_regions="D" locality="U" date="1962" latitude="35.74769" longitude="-95.3694" file_name="LAO(INF021)3cmeta.txt" path_to_file="LAP\Projects\LAO\Speakers\LAO(INF021)\Audio\LAO(INF021)3c\LAO(INF021)3cmeta.txt"/>
	<entry id="3060210001" project="LAO" informant="INF021" reel="0" region="0" narrative="_I" label="Biographical Information" state="OK" sex="F" age="35" age_level="1" education="4" town="Muskogee" county="Muskogee" land_regions="D" locality="U" date="1962" latitude="35.74769" longitude="-95.3694" file_name="LAO(INF021)BIO.txt" path_to_file="LAP\Projects\LAO\Speakers\LAO(INF021)\Text\LAO(INF021)BIO.txt"/>
</Audio>