<?xml version="1.0" encoding="UTF-8"?>
<MediaAsset>
   <!--Original Physical Asset and Transfer Details-->
   <Original>
      <Filename>IL9</Filename>
      <RunningTime>02:33:46</RunningTime>
      <RecordDate>undated</RecordDate>
      <Language>English</Language>
      <FormatType>Open Reel</FormatType>
      <StockBrand>Scotch</StockBrand>
      <TapeModel>None</TapeModel>
      <TapeWidth>1/4"</TapeWidth>
      <TapeType>Polyester</TapeType>
      <ReelSize>7"</ReelSize>
      <TrackConfiguration>Half track</TrackConfiguration>
      <SoundField>Mono</SoundField>
      <RecordingSpeed>3.75 ips</RecordingSpeed>
      <NoiseReduction>None</NoiseReduction>
      <Equalization>NAB</Equalization>
      <PackOrientation>Heads Out</PackOrientation>
      <Language>English</Language>
      <PerforationRepairs>Yes</PerforationRepairs>
      <Cleaned>No</Cleaned>
      <Baked>No</Baked>
      <TransferComments>Program Distorted at Times; High Amount of Hum on Tape; Static on Tape; High
         Background Noise on Tape; Speed fluctuations on tape; </TransferComments>
      <ConditionReport>
         <SmallRisk>TapeDamage</SmallRisk>
      </ConditionReport>
      <TransferOperator>SC</TransferOperator>
      <Deck_Description>Master Recorder</Deck_Description>
      <Deck_Brand>Studer</Deck_Brand>
      <Deck_Model>A-820 1</Deck_Model>
      <Deck_SerialNumber>1143</Deck_SerialNumber>
      <Originator> The MediaPreserve, a division of Preservation Technologies, LP </Originator>
      <OriginatorAddress> 111 Thomson Park Drive, Cranberry Township, PA 16066-6424
      </OriginatorAddress>
   </Original>
   <!--Digital Preservation Master File-->
   <PreservationMaster>
      <MediaKeeper>
         <OriginalTitle>IL9</OriginalTitle>
         <CustomerFilename>IL9_a.wav</CustomerFilename>
         <DateCreated>2020-01-21T08:31:28</DateCreated>
         <Checksum>8F322EDC8B95FAAA44B08FE5F028A9FA</Checksum>
         <ChecksumType>MD5</ChecksumType>
         <ChecksumDateCreated>2020-01-21T09:09:15</ChecksumDateCreated>
         <RunningTime>01:37:34</RunningTime>
         <BitPerSample>24</BitPerSample>
         <SampleRate>96000</SampleRate>
         <BitRate>2304000</BitRate>
         <SoundFieldFromJhove>1</SoundFieldFromJhove>
         <FileSizeInBytes>1686012274</FileSizeInBytes>
         <FileSizeInKB>1646496</FileSizeInKB>
         <FileSizeInMB>1607.907</FileSizeInMB>
         <FileSizeInGB>1.5702</FileSizeInGB>
         <FaceDesignation>A</FaceDesignation>
         <TrackDesignation>00</TrackDesignation>
         <RegionDesignation>01</RegionDesignation>
         <ComputerManufacturer>VisionDAW</ComputerManufacturer>
         <HostComputerName>VX99-PRO</HostComputerName>
         <HostComputerVersion>Core i7</HostComputerVersion>
         <OperatingSystem>Windows 10</OperatingSystem>
         <OperatingSystemVersion>Professional x64 Edition</OperatingSystemVersion>
         <A2D_DeviceType>A/D Converter</A2D_DeviceType>
         <A2D_DeviceManufacturer>Antelope Audio</A2D_DeviceManufacturer>
         <A2D_DeviceModelName>Orion</A2D_DeviceModelName>
         <A2D_DeviceModelVersion>32</A2D_DeviceModelVersion>
         <A2D_DeviceModelSerialNumber>1000813050023</A2D_DeviceModelSerialNumber>
         <A2D_DeviceDriverVersion>A-820 1</A2D_DeviceDriverVersion>
      </MediaKeeper>
   </PreservationMaster>
   <PreservationMaster>
      <MediaKeeper>
         <OriginalTitle>IL9</OriginalTitle>
         <CustomerFilename>IL9_b.wav</CustomerFilename>
         <DateCreated>2020-01-21T08:30:46</DateCreated>
         <Checksum>A52BD2B8B7F864078785E228912676E5</Checksum>
         <ChecksumType>MD5</ChecksumType>
         <ChecksumDateCreated>2020-01-21T09:09:15</ChecksumDateCreated>
         <RunningTime>00:56:12</RunningTime>
         <BitPerSample>24</BitPerSample>
         <SampleRate>96000</SampleRate>
         <BitRate>2304000</BitRate>
         <SoundFieldFromJhove>1</SoundFieldFromJhove>
         <FileSizeInBytes>971316946</FileSizeInBytes>
         <FileSizeInKB>948551.7</FileSizeInKB>
         <FileSizeInMB>926.32</FileSizeInMB>
         <FileSizeInGB>0.9046</FileSizeInGB>
         <FaceDesignation>B</FaceDesignation>
         <TrackDesignation>00</TrackDesignation>
         <RegionDesignation>01</RegionDesignation>
         <ComputerManufacturer>VisionDAW</ComputerManufacturer>
         <HostComputerName>VX99-PRO</HostComputerName>
         <HostComputerVersion>Core i7</HostComputerVersion>
         <OperatingSystem>Windows 10</OperatingSystem>
         <OperatingSystemVersion>Professional x64 Edition</OperatingSystemVersion>
         <A2D_DeviceType>A/D Converter</A2D_DeviceType>
         <A2D_DeviceManufacturer>Antelope Audio</A2D_DeviceManufacturer>
         <A2D_DeviceModelName>Orion</A2D_DeviceModelName>
         <A2D_DeviceModelVersion>32</A2D_DeviceModelVersion>
         <A2D_DeviceModelSerialNumber>1000813050023</A2D_DeviceModelSerialNumber>
         <A2D_DeviceDriverVersion>A-820 1</A2D_DeviceDriverVersion>
      </MediaKeeper>
   </PreservationMaster>
   <!--Digital Use/Access/Streaming File-->
   <Streaming>
      <MediaKeeper>
         <OriginalTitle>IL9</OriginalTitle>
         <CustomerFilename>IL9_b.mp3</CustomerFilename>
         <DateCreated>2020-01-21T09:06:28</DateCreated>
         <Checksum>52AB420E3C733C4BF139948FD8664269</Checksum>
         <ChecksumType>MD5</ChecksumType>
         <ChecksumDateCreated>2020-01-21T09:09:15</ChecksumDateCreated>
         <RunningTime>00:56:17</RunningTime>
         <BitRate>192000</BitRate>
         <SoundFieldFromJhove>1</SoundFieldFromJhove>
         <FileSizeInBytes>80944065</FileSizeInBytes>
         <FileSizeInKB>79046.94</FileSizeInKB>
         <FileSizeInMB>77.1943</FileSizeInMB>
         <FileSizeInGB>0.0754</FileSizeInGB>
         <FaceDesignation>B</FaceDesignation>
         <TrackDesignation>00</TrackDesignation>
         <RegionDesignation>01</RegionDesignation>
         <EncodeSoftwareManufacturer>Steinberg</EncodeSoftwareManufacturer>
         <EncodeSoftware>Wavelab</EncodeSoftware>
         <EncodeSoftwareVersion>7.2.1</EncodeSoftwareVersion>
      </MediaKeeper>
   </Streaming>
   <Streaming>
      <MediaKeeper>
         <OriginalTitle>IL9</OriginalTitle>
         <CustomerFilename>IL9_a.mp3</CustomerFilename>
         <DateCreated>2020-01-21T09:05:58</DateCreated>
         <Checksum>D4F1CF0B98E6C8AC8ED61012B7F16A97</Checksum>
         <ChecksumType>MD5</ChecksumType>
         <ChecksumDateCreated>2020-01-21T09:09:15</ChecksumDateCreated>
         <RunningTime>01:37:43</RunningTime>
         <BitRate>192000</BitRate>
         <SoundFieldFromJhove>1</SoundFieldFromJhove>
         <FileSizeInBytes>140501995</FileSizeInBytes>
         <FileSizeInKB>137209</FileSizeInKB>
         <FileSizeInMB>133.9931</FileSizeInMB>
         <FileSizeInGB>0.1309</FileSizeInGB>
         <FaceDesignation>A</FaceDesignation>
         <TrackDesignation>00</TrackDesignation>
         <RegionDesignation>01</RegionDesignation>
         <EncodeSoftwareManufacturer>Steinberg</EncodeSoftwareManufacturer>
         <EncodeSoftware>Wavelab</EncodeSoftware>
         <EncodeSoftwareVersion>7.2.1</EncodeSoftwareVersion>
      </MediaKeeper>
   </Streaming>
</MediaAsset>
