<?xml version="1.0" encoding="UTF-8" standalone="yes"?>
<Audio>
	<entry id="1060290101" project="LAO" informant="INF029" reel="1a" region="1" narrative="_Q" label="Food and Cooking" state="OK" sex="M " age="64" age_level="2" education="2" town="Fairview" county="Major" land_regions="D" locality="R" date="1962" file_name="LAO(INF029)1a 01 Food and Cooking.mp3" path_to_file="LAP\Projects\LAO\Speakers\LAO(INF029)\Audio\LAO(INF029)1a\LAO(INF029)1a 01 Food and Cooking.mp3"/>
	<entry id="1060290102" project="LAO" informant="INF029" reel="1a" region="2" narrative="_Q" label="Domestic Animals" state="OK" sex="M " age="64" age_level="2" education="2" town="Fairview" county="Major" land_regions="D" locality="R" date="1962" file_name="LAO(INF029)1a 02 Domestic Animals.mp3" path_to_file="LAP\Projects\LAO\Speakers\LAO(INF029)\Audio\LAO(INF029)1a\LAO(INF029)1a 02 Domestic Animals.mp3"/>
	<entry id="1060290103" project="LAO" informant="INF029" reel="1a" region="3" narrative="_Q" label="Business" state="OK" sex="M " age="64" age_level="2" education="2" town="Fairview" county="Major" land_regions="D" locality="R" date="1962" file_name="LAO(INF029)1a 03 Business.mp3" path_to_file="LAP\Projects\LAO\Speakers\LAO(INF029)\Audio\LAO(INF029)1a\LAO(INF029)1a 03 Business.mp3"/>
	<entry id="1060290104" project="LAO" informant="INF029" reel="1a" region="4" narrative="_Q" label="Containers and Utensils" state="OK" sex="M " age="64" age_level="2" education="2" town="Fairview" county="Major" land_regions="D" locality="R" date="1962" file_name="LAO(INF029)1a 04 Containers and Utensils.mp3" path_to_file="LAP\Projects\LAO\Speakers\LAO(INF029)\Audio\LAO(INF029)1a\LAO(INF029)1a 04 Containers and Utensils.mp3"/>
	<entry id="1060290105" project="LAO" informant="INF029" reel="1a" region="5" narrative="_Q" label="Food and Cooking" state="OK" sex="M " age="64" age_level="2" education="2" town="Fairview" county="Major" land_regions="D" locality="R" date="1962" file_name="LAO(INF029)1a 05 Food and Cooking.mp3" path_to_file="LAP\Projects\LAO\Speakers\LAO(INF029)\Audio\LAO(INF029)1a\LAO(INF029)1a 05 Food and Cooking.mp3"/>
	<entry id="1060290106" project="LAO" informant="INF029" reel="1a" region="6" narrative="_Q" label="Domestic Animals" state="OK" sex="M " age="64" age_level="2" education="2" town="Fairview" county="Major" land_regions="D" locality="R" date="1962" file_name="LAO(INF029)1a 06 Domestic Animals.mp3" path_to_file="LAP\Projects\LAO\Speakers\LAO(INF029)\Audio\LAO(INF029)1a\LAO(INF029)1a 06 Domestic Animals.mp3"/>
	<entry id="1060290107" project="LAO" informant="INF029" reel="1a" region="7" narrative="_Q" label="Dwellings" state="OK" sex="M " age="64" age_level="2" education="2" town="Fairview" county="Major" land_regions="D" locality="R" date="1962" file_name="LAO(INF029)1a 07 Dwellings.mp3" path_to_file="LAP\Projects\LAO\Speakers\LAO(INF029)\Audio\LAO(INF029)1a\LAO(INF029)1a 07 Dwellings.mp3"/>
	<entry id="3060290101" project="LAO" informant="INF029" reel="1a" region="0" narrative="_I" label="Metadata" state="OK" sex="M " age="64" age_level="2" education="2" town="Fairview" county="Major" land_regions="D" locality="R" date="1962" file_name="LAO(INF029)1ameta.txt" path_to_file="LAP\Projects\LAO\Speakers\LAO(INF029)\Audio\LAO(INF029)1a\LAO(INF029)1ameta.txt"/>
	<entry id="1060290108" project="LAO" informant="INF029" reel="1b" region="1" narrative="_Q" label="Personal Characteristics" state="OK" sex="M " age="64" age_level="2" education="2" town="Fairview" county="Major" land_regions="D" locality="R" date="1962" file_name="LAO(INF029)1b 01 Personal Characteristics.mp3" path_to_file="LAP\Projects\LAO\Speakers\LAO(INF029)\Audio\LAO(INF029)1b\LAO(INF029)1b 01 Personal Characteristics.mp3"/>
	<entry id="1060290109" project="LAO" informant="INF029" reel="1b" region="2" narrative="_Q" label="Dwellings" state="OK" sex="M " age="64" age_level="2" education="2" town="Fairview" county="Major" land_regions="D" locality="R" date="1962" file_name="LAO(INF029)1b 02 Dwellings.mp3" path_to_file="LAP\Projects\LAO\Speakers\LAO(INF029)\Audio\LAO(INF029)1b\LAO(INF029)1b 02 Dwellings.mp3"/>
	<entry id="1060290110" project="LAO" informant="INF029" reel="1b" region="3" narrative="_Q" label="Dwellings" state="OK" sex="M " age="64" age_level="2" education="2" town="Fairview" county="Major" land_regions="D" locality="R" date="1962" file_name="LAO(INF029)1b 03 Dwellings.mp3" path_to_file="LAP\Projects\LAO\Speakers\LAO(INF029)\Audio\LAO(INF029)1b\LAO(INF029)1b 03 Dwellings.mp3"/>
	<entry id="1060290111" project="LAO" informant="INF029" reel="1b" region="4" narrative="_Q" label="Dwellings" state="OK" sex="M " age="64" age_level="2" education="2" town="Fairview" county="Major" land_regions="D" locality="R" date="1962" file_name="LAO(INF029)1b 04 Dwellings.mp3" path_to_file="LAP\Projects\LAO\Speakers\LAO(INF029)\Audio\LAO(INF029)1b\LAO(INF029)1b 04 Dwellings.mp3"/>
	<entry id="1060290112" project="LAO" informant="INF029" reel="1b" region="5" narrative="_Q" label="Containers and Utensils" state="OK" sex="M " age="64" age_level="2" education="2" town="Fairview" county="Major" land_regions="D" locality="R" date="1962" file_name="LAO(INF029)1b 05 Containers and Utensils.mp3" path_to_file="LAP\Projects\LAO\Speakers\LAO(INF029)\Audio\LAO(INF029)1b\LAO(INF029)1b 05 Containers and Utensils.mp3"/>
	<entry id="1060290113" project="LAO" informant="INF029" reel="1b" region="6" narrative="_Q" label="The Farm" state="OK" sex="M " age="64" age_level="2" education="2" town="Fairview" county="Major" land_regions="D" locality="R" date="1962" file_name="LAO(INF029)1b 06 The Farm.mp3" path_to_file="LAP\Projects\LAO\Speakers\LAO(INF029)\Audio\LAO(INF029)1b\LAO(INF029)1b 06 The Farm.mp3"/>
	<entry id="1060290114" project="LAO" informant="INF029" reel="1b" region="7" narrative="_Q" label="The Farm" state="OK" sex="M " age="64" age_level="2" education="2" town="Fairview" county="Major" land_regions="D" locality="R" date="1962" file_name="LAO(INF029)1b 07 The Farm.mp3" path_to_file="LAP\Projects\LAO\Speakers\LAO(INF029)\Audio\LAO(INF029)1b\LAO(INF029)1b 07 The Farm.mp3"/>
	<entry id="1060290115" project="LAO" informant="INF029" reel="1b" region="8" narrative="_Q" label="Business" state="OK" sex="M " age="64" age_level="2" education="2" town="Fairview" county="Major" land_regions="D" locality="R" date="1962" file_name="LAO(INF029)1b 08 Business.mp3" path_to_file="LAP\Projects\LAO\Speakers\LAO(INF029)\Audio\LAO(INF029)1b\LAO(INF029)1b 08 Business.mp3"/>
	<entry id="3060290102" project="LAO" informant="INF029" reel="1b" region="0" narrative="_I" label="Metadata" state="OK" sex="M " age="64" age_level="2" education="2" town="Fairview" county="Major" land_regions="D" locality="R" date="1962" file_name="LAO(INF029)1bmeta.txt" path_to_file="LAP\Projects\LAO\Speakers\LAO(INF029)\Audio\LAO(INF029)1b\LAO(INF029)1bmeta.txt"/>
	<entry id="1060290116" project="LAO" informant="INF029" reel="1c" region="1" narrative="_Q" label="Names, Titles and Occupations" state="OK" sex="M " age="64" age_level="2" education="2" town="Fairview" county="Major" land_regions="D" locality="R" date="1962" file_name="LAO(INF029)1c 01 Names, Titles and Occupations.mp3" path_to_file="LAP\Projects\LAO\Speakers\LAO(INF029)\Audio\LAO(INF029)1c\LAO(INF029)1c 01 Names, Titles and Occupations.mp3"/>
	<entry id="1060290117" project="LAO" informant="INF029" reel="1c" region="2" narrative="_Q" label="Containers and Utensils" state="OK" sex="M " age="64" age_level="2" education="2" town="Fairview" county="Major" land_regions="D" locality="R" date="1962" file_name="LAO(INF029)1c 02 Containers and Utensils.mp3" path_to_file="LAP\Projects\LAO\Speakers\LAO(INF029)\Audio\LAO(INF029)1c\LAO(INF029)1c 02 Containers and Utensils.mp3"/>
	<entry id="1060290118" project="LAO" informant="INF029" reel="1c" region="3" narrative="_Q" label="Agriculture" state="OK" sex="M " age="64" age_level="2" education="2" town="Fairview" county="Major" land_regions="D" locality="R" date="1962" file_name="LAO(INF029)1c 03 Agriculture.mp3" path_to_file="LAP\Projects\LAO\Speakers\LAO(INF029)\Audio\LAO(INF029)1c\LAO(INF029)1c 03 Agriculture.mp3"/>
	<entry id="1060290119" project="LAO" informant="INF029" reel="1c" region="4" narrative="_Q" label="The Farm" state="OK" sex="M " age="64" age_level="2" education="2" town="Fairview" county="Major" land_regions="D" locality="R" date="1962" file_name="LAO(INF029)1c 04 The Farm.mp3" path_to_file="LAP\Projects\LAO\Speakers\LAO(INF029)\Audio\LAO(INF029)1c\LAO(INF029)1c 04 The Farm.mp3"/>
	<entry id="1060290120" project="LAO" informant="INF029" reel="1c" region="5" narrative="_Q" label="Containers and Utensils" state="OK" sex="M " age="64" age_level="2" education="2" town="Fairview" county="Major" land_regions="D" locality="R" date="1962" file_name="LAO(INF029)1c 05 Containers and Utensils.mp3" path_to_file="LAP\Projects\LAO\Speakers\LAO(INF029)\Audio\LAO(INF029)1c\LAO(INF029)1c 05 Containers and Utensils.mp3"/>
	<entry id="1060290121" project="LAO" informant="INF029" reel="1c" region="6" narrative="_Q" label="Containers and Utensils" state="OK" sex="M " age="64" age_level="2" education="2" town="Fairview" county="Major" land_regions="D" locality="R" date="1962" file_name="LAO(INF029)1c 06 Containers and Utensils.mp3" path_to_file="LAP\Projects\LAO\Speakers\LAO(INF029)\Audio\LAO(INF029)1c\LAO(INF029)1c 06 Containers and Utensils.mp3"/>
	<entry id="1060290122" project="LAO" informant="INF029" reel="1c" region="7" narrative="_Q" label="Business" state="OK" sex="M " age="64" age_level="2" education="2" town="Fairview" county="Major" land_regions="D" locality="R" date="1962" file_name="LAO(INF029)1c 07 Business.mp3" path_to_file="LAP\Projects\LAO\Speakers\LAO(INF029)\Audio\LAO(INF029)1c\LAO(INF029)1c 07 Business.mp3"/>
	<entry id="3060290103" project="LAO" informant="INF029" reel="1c" region="0" narrative="_I" label="Metadata" state="OK" sex="M " age="64" age_level="2" education="2" town="Fairview" county="Major" land_regions="D" locality="R" date="1962" file_name="LAO(INF029)1cmeta.txt" path_to_file="LAP\Projects\LAO\Speakers\LAO(INF029)\Audio\LAO(INF029)1c\LAO(INF029)1cmeta.txt"/>
	<entry id="1060290201" project="LAO" informant="INF029" reel="2a" region="1" narrative="_Q" label="Names, Titles and Occupations" state="OK" sex="M " age="64" age_level="2" education="2" town="Fairview" county="Major" land_regions="D" locality="R" date="1962" file_name="LAO(INF029)2a 01 Names, Titles and Occupations.mp3" path_to_file="LAP\Projects\LAO\Speakers\LAO(INF029)\Audio\LAO(INF029)2a\LAO(INF029)2a 01 Names, Titles and Occupations.mp3"/>
	<entry id="1060290202" project="LAO" informant="INF029" reel="2a" region="2" narrative="_Q" label="Vehicles" state="OK" sex="M " age="64" age_level="2" education="2" town="Fairview" county="Major" land_regions="D" locality="R" date="1962" file_name="LAO(INF029)2a 02 Vehicles.mp3" path_to_file="LAP\Projects\LAO\Speakers\LAO(INF029)\Audio\LAO(INF029)2a\LAO(INF029)2a 02 Vehicles.mp3"/>
	<entry id="1060290203" project="LAO" informant="INF029" reel="2a" region="3" narrative="_Q" label="Food and Cooking" state="OK" sex="M " age="64" age_level="2" education="2" town="Fairview" county="Major" land_regions="D" locality="R" date="1962" file_name="LAO(INF029)2a 03 Food and Cooking.mp3" path_to_file="LAP\Projects\LAO\Speakers\LAO(INF029)\Audio\LAO(INF029)2a\LAO(INF029)2a 03 Food and Cooking.mp3"/>
	<entry id="1060290204" project="LAO" informant="INF029" reel="2a" region="4" narrative="_Q" label="Sport and Play" state="OK" sex="M " age="64" age_level="2" education="2" town="Fairview" county="Major" land_regions="D" locality="R" date="1962" file_name="LAO(INF029)2a 04 Sport and Play.mp3" path_to_file="LAP\Projects\LAO\Speakers\LAO(INF029)\Audio\LAO(INF029)2a\LAO(INF029)2a 04 Sport and Play.mp3"/>
	<entry id="1060290205" project="LAO" informant="INF029" reel="2a" region="5" narrative="_Q" label="Names, Titles and Occupations" state="OK" sex="M " age="64" age_level="2" education="2" town="Fairview" county="Major" land_regions="D" locality="R" date="1962" file_name="LAO(INF029)2a 05 Names, Titles and Occupations.mp3" path_to_file="LAP\Projects\LAO\Speakers\LAO(INF029)\Audio\LAO(INF029)2a\LAO(INF029)2a 05 Names, Titles and Occupations.mp3"/>
	<entry id="1060290206" project="LAO" informant="INF029" reel="2a" region="6" narrative="_Q" label="Food and Cooking" state="OK" sex="M " age="64" age_level="2" education="2" town="Fairview" county="Major" land_regions="D" locality="R" date="1962" file_name="LAO(INF029)2a 06 Food and Cooking.mp3" path_to_file="LAP\Projects\LAO\Speakers\LAO(INF029)\Audio\LAO(INF029)2a\LAO(INF029)2a 06 Food and Cooking.mp3"/>
	<entry id="1060290207" project="LAO" informant="INF029" reel="2a" region="7" narrative="_Q" label="Food and Cooking" state="OK" sex="M " age="64" age_level="2" education="2" town="Fairview" county="Major" land_regions="D" locality="R" date="1962" file_name="LAO(INF029)2a 07 Food and Cooking.mp3" path_to_file="LAP\Projects\LAO\Speakers\LAO(INF029)\Audio\LAO(INF029)2a\LAO(INF029)2a 07 Food and Cooking.mp3"/>
	<entry id="3060290201" project="LAO" informant="INF029" reel="2a" region="0" narrative="_I" label="Metadata" state="OK" sex="M " age="64" age_level="2" education="2" town="Fairview" county="Major" land_regions="D" locality="R" date="1962" file_name="LAO(INF029)2ameta.txt" path_to_file="LAP\Projects\LAO\Speakers\LAO(INF029)\Audio\LAO(INF029)2a\LAO(INF029)2ameta.txt"/>
	<entry id="1060290208" project="LAO" informant="INF029" reel="2b" region="1" narrative="_Q" label="Food and Cooking" state="OK" sex="M " age="64" age_level="2" education="2" town="Fairview" county="Major" land_regions="D" locality="R" date="1962" file_name="LAO(INF029)2b 01 Food and Cooking.mp3" path_to_file="LAP\Projects\LAO\Speakers\LAO(INF029)\Audio\LAO(INF029)2b\LAO(INF029)2b 01 Food and Cooking.mp3"/>
	<entry id="1060290209" project="LAO" informant="INF029" reel="2b" region="2" narrative="_Q" label="Clothing" state="OK" sex="M " age="64" age_level="2" education="2" town="Fairview" county="Major" land_regions="D" locality="R" date="1962" file_name="LAO(INF029)2b 02 Clothing.mp3" path_to_file="LAP\Projects\LAO\Speakers\LAO(INF029)\Audio\LAO(INF029)2b\LAO(INF029)2b 02 Clothing.mp3"/>
	<entry id="1060290210" project="LAO" informant="INF029" reel="2b" region="3" narrative="_Q" label="Topography" state="OK" sex="M " age="64" age_level="2" education="2" town="Fairview" county="Major" land_regions="D" locality="R" date="1962" file_name="LAO(INF029)2b 03 Topography.mp3" path_to_file="LAP\Projects\LAO\Speakers\LAO(INF029)\Audio\LAO(INF029)2b\LAO(INF029)2b 03 Topography.mp3"/>
	<entry id="1060290211" project="LAO" informant="INF029" reel="2b" region="4" narrative="_Q" label="Names, Titles and Occupations" state="OK" sex="M " age="64" age_level="2" education="2" town="Fairview" county="Major" land_regions="D" locality="R" date="1962" file_name="LAO(INF029)2b 04 Names, Titles and Occupations.mp3" path_to_file="LAP\Projects\LAO\Speakers\LAO(INF029)\Audio\LAO(INF029)2b\LAO(INF029)2b 04 Names, Titles and Occupations.mp3"/>
	<entry id="1060290212" project="LAO" informant="INF029" reel="2b" region="5" narrative="_Q" label="Vehicles" state="OK" sex="M " age="64" age_level="2" education="2" town="Fairview" county="Major" land_regions="D" locality="R" date="1962" file_name="LAO(INF029)2b 05 Vehicles.mp3" path_to_file="LAP\Projects\LAO\Speakers\LAO(INF029)\Audio\LAO(INF029)2b\LAO(INF029)2b 05 Vehicles.mp3"/>
	<entry id="1060290213" project="LAO" informant="INF029" reel="2b" region="6" narrative="_Q" label="Domestic Animals" state="OK" sex="M " age="64" age_level="2" education="2" town="Fairview" county="Major" land_regions="D" locality="R" date="1962" file_name="LAO(INF029)2b 06 Domestic Animals.mp3" path_to_file="LAP\Projects\LAO\Speakers\LAO(INF029)\Audio\LAO(INF029)2b\LAO(INF029)2b 06 Domestic Animals.mp3"/>
	<entry id="1060290214" project="LAO" informant="INF029" reel="2b" region="7" narrative="_Q" label="The Farm" state="OK" sex="M " age="64" age_level="2" education="2" town="Fairview" county="Major" land_regions="D" locality="R" date="1962" file_name="LAO(INF029)2b 07 The Farm.mp3" path_to_file="LAP\Projects\LAO\Speakers\LAO(INF029)\Audio\LAO(INF029)2b\LAO(INF029)2b 07 The Farm.mp3"/>
	<entry id="3060290202" project="LAO" informant="INF029" reel="2b" region="0" narrative="_I" label="Metadata" state="OK" sex="M " age="64" age_level="2" education="2" town="Fairview" county="Major" land_regions="D" locality="R" date="1962" file_name="LAO(INF029)2bmeta.txt" path_to_file="LAP\Projects\LAO\Speakers\LAO(INF029)\Audio\LAO(INF029)2b\LAO(INF029)2bmeta.txt"/>
	<entry id="1060290215" project="LAO" informant="INF029" reel="2c" region="1" narrative="_Q" label="Adverbs" state="OK" sex="M " age="64" age_level="2" education="2" town="Fairview" county="Major" land_regions="D" locality="R" date="1962" file_name="LAO(INF029)2c 01 Adverbs.mp3" path_to_file="LAP\Projects\LAO\Speakers\LAO(INF029)\Audio\LAO(INF029)2c\LAO(INF029)2c 01 Adverbs.mp3"/>
	<entry id="1060290216" project="LAO" informant="INF029" reel="2c" region="2" narrative="_Q" label="Topography" state="OK" sex="M " age="64" age_level="2" education="2" town="Fairview" county="Major" land_regions="D" locality="R" date="1962" file_name="LAO(INF029)2c 02 Topography.mp3" path_to_file="LAP\Projects\LAO\Speakers\LAO(INF029)\Audio\LAO(INF029)2c\LAO(INF029)2c 02 Topography.mp3"/>
	<entry id="1060290217" project="LAO" informant="INF029" reel="2c" region="3" narrative="_Q" label="Agriculture" state="OK" sex="M " age="64" age_level="2" education="2" town="Fairview" county="Major" land_regions="D" locality="R" date="1962" file_name="LAO(INF029)2c 03 Agriculture.mp3" path_to_file="LAP\Projects\LAO\Speakers\LAO(INF029)\Audio\LAO(INF029)2c\LAO(INF029)2c 03 Agriculture.mp3"/>
	<entry id="1060290218" project="LAO" informant="INF029" reel="2c" region="4" narrative="_Q" label="Food and Cooking" state="OK" sex="M " age="64" age_level="2" education="2" town="Fairview" county="Major" land_regions="D" locality="R" date="1962" file_name="LAO(INF029)2c 04 Food and Cooking.mp3" path_to_file="LAP\Projects\LAO\Speakers\LAO(INF029)\Audio\LAO(INF029)2c\LAO(INF029)2c 04 Food and Cooking.mp3"/>
	<entry id="1060290219" project="LAO" informant="INF029" reel="2c" region="5" narrative="_Q" label="Food and Cooking" state="OK" sex="M " age="64" age_level="2" education="2" town="Fairview" county="Major" land_regions="D" locality="R" date="1962" file_name="LAO(INF029)2c 05 Food and Cooking.mp3" path_to_file="LAP\Projects\LAO\Speakers\LAO(INF029)\Audio\LAO(INF029)2c\LAO(INF029)2c 05 Food and Cooking.mp3"/>
	<entry id="1060290220" project="LAO" informant="INF029" reel="2c" region="6" narrative="_Q" label="Food and Cooking" state="OK" sex="M " age="64" age_level="2" education="2" town="Fairview" county="Major" land_regions="D" locality="R" date="1962" file_name="LAO(INF029)2c 06 Food and Cooking.mp3" path_to_file="LAP\Projects\LAO\Speakers\LAO(INF029)\Audio\LAO(INF029)2c\LAO(INF029)2c 06 Food and Cooking.mp3"/>
	<entry id="1060290221" project="LAO" informant="INF029" reel="2c" region="7" narrative="_Q" label="Vegetables" state="OK" sex="M " age="64" age_level="2" education="2" town="Fairview" county="Major" land_regions="D" locality="R" date="1962" file_name="LAO(INF029)2c 07 Vegetables.mp3" path_to_file="LAP\Projects\LAO\Speakers\LAO(INF029)\Audio\LAO(INF029)2c\LAO(INF029)2c 07 Vegetables.mp3"/>
	<entry id="1060290222" project="LAO" informant="INF029" reel="2c" region="8" narrative="_Q" label="Trees and Shrubs" state="OK" sex="M " age="64" age_level="2" education="2" town="Fairview" county="Major" land_regions="D" locality="R" date="1962" file_name="LAO(INF029)2c 08 Trees and Shrubs.mp3" path_to_file="LAP\Projects\LAO\Speakers\LAO(INF029)\Audio\LAO(INF029)2c\LAO(INF029)2c 08 Trees and Shrubs.mp3"/>
	<entry id="3060290203" project="LAO" informant="INF029" reel="2c" region="0" narrative="_I" label="Metadata" state="OK" sex="M " age="64" age_level="2" education="2" town="Fairview" county="Major" land_regions="D" locality="R" date="1962" file_name="LAO(INF029)2cmeta.txt" path_to_file="LAP\Projects\LAO\Speakers\LAO(INF029)\Audio\LAO(INF029)2c\LAO(INF029)2cmeta.txt"/>
	<entry id="1060290301" project="LAO" informant="INF029" reel="3a" region="1" narrative="_Q" label="Names, Titles and Occupations" state="OK" sex="M " age="64" age_level="2" education="2" town="Fairview" county="Major" land_regions="D" locality="R" date="1962" file_name="LAO(INF029)3a 01 Names, Titles and Occupations.mp3" path_to_file="LAP\Projects\LAO\Speakers\LAO(INF029)\Audio\LAO(INF029)3a\LAO(INF029)3a 01 Names, Titles and Occupations.mp3"/>
	<entry id="1060290302" project="LAO" informant="INF029" reel="3a" region="2" narrative="_Q" label="Names, Titles and Occupations" state="OK" sex="M " age="64" age_level="2" education="2" town="Fairview" county="Major" land_regions="D" locality="R" date="1962" file_name="LAO(INF029)3a 02 Names, Titles and Occupations.mp3" path_to_file="LAP\Projects\LAO\Speakers\LAO(INF029)\Audio\LAO(INF029)3a\LAO(INF029)3a 02 Names, Titles and Occupations.mp3"/>
	<entry id="1060290303" project="LAO" informant="INF029" reel="3a" region="3" narrative="_Q" label="Business" state="OK" sex="M " age="64" age_level="2" education="2" town="Fairview" county="Major" land_regions="D" locality="R" date="1962" file_name="LAO(INF029)3a 03 Business.mp3" path_to_file="LAP\Projects\LAO\Speakers\LAO(INF029)\Audio\LAO(INF029)3a\LAO(INF029)3a 03 Business.mp3"/>
	<entry id="1060290304" project="LAO" informant="INF029" reel="3a" region="4" narrative="_Q" label="Vegetables" state="OK" sex="M " age="64" age_level="2" education="2" town="Fairview" county="Major" land_regions="D" locality="R" date="1962" file_name="LAO(INF029)3a 04 Vegetables.mp3" path_to_file="LAP\Projects\LAO\Speakers\LAO(INF029)\Audio\LAO(INF029)3a\LAO(INF029)3a 04 Vegetables.mp3"/>
	<entry id="1060290305" project="LAO" informant="INF029" reel="3a" region="5" narrative="_Q" label="Vegetables" state="OK" sex="M " age="64" age_level="2" education="2" town="Fairview" county="Major" land_regions="D" locality="R" date="1962" file_name="LAO(INF029)3a 05 Vegetables.mp3" path_to_file="LAP\Projects\LAO\Speakers\LAO(INF029)\Audio\LAO(INF029)3a\LAO(INF029)3a 05 Vegetables.mp3"/>
	<entry id="1060290306" project="LAO" informant="INF029" reel="3a" region="6" narrative="_Q" label="Vegetables" state="OK" sex="M " age="64" age_level="2" education="2" town="Fairview" county="Major" land_regions="D" locality="R" date="1962" file_name="LAO(INF029)3a 06 Vegetables.mp3" path_to_file="LAP\Projects\LAO\Speakers\LAO(INF029)\Audio\LAO(INF029)3a\LAO(INF029)3a 06 Vegetables.mp3"/>
	<entry id="1060290307" project="LAO" informant="INF029" reel="3a" region="7" narrative="_Q" label="Food and Cooking" state="OK" sex="M " age="64" age_level="2" education="2" town="Fairview" county="Major" land_regions="D" locality="R" date="1962" file_name="LAO(INF029)3a 07 Food and Cooking.mp3" path_to_file="LAP\Projects\LAO\Speakers\LAO(INF029)\Audio\LAO(INF029)3a\LAO(INF029)3a 07 Food and Cooking.mp3"/>
	<entry id="3060290301" project="LAO" informant="INF029" reel="3a" region="0" narrative="_I" label="Metadata" state="OK" sex="M " age="64" age_level="2" education="2" town="Fairview" county="Major" land_regions="D" locality="R" date="1962" file_name="LAO(INF029)3ameta.txt" path_to_file="LAP\Projects\LAO\Speakers\LAO(INF029)\Audio\LAO(INF029)3a\LAO(INF029)3ameta.txt"/>
	<entry id="1060290308" project="LAO" informant="INF029" reel="3b" region="1" narrative="_Q" label="Wild Animals" state="OK" sex="M " age="64" age_level="2" education="2" town="Fairview" county="Major" land_regions="D" locality="R" date="1962" file_name="LAO(INF029)3b 01 Wild Animals.mp3" path_to_file="LAP\Projects\LAO\Speakers\LAO(INF029)\Audio\LAO(INF029)3b\LAO(INF029)3b 01 Wild Animals.mp3"/>
	<entry id="1060290309" project="LAO" informant="INF029" reel="3b" region="2" narrative="_Q" label="Wild Animals" state="OK" sex="M " age="64" age_level="2" education="2" town="Fairview" county="Major" land_regions="D" locality="R" date="1962" file_name="LAO(INF029)3b 02 Wild Animals.mp3" path_to_file="LAP\Projects\LAO\Speakers\LAO(INF029)\Audio\LAO(INF029)3b\LAO(INF029)3b 02 Wild Animals.mp3"/>
	<entry id="1060290310" project="LAO" informant="INF029" reel="3b" region="3" narrative="_Q" label="Topography" state="OK" sex="M " age="64" age_level="2" education="2" town="Fairview" county="Major" land_regions="D" locality="R" date="1962" file_name="LAO(INF029)3b 03 Topography.mp3" path_to_file="LAP\Projects\LAO\Speakers\LAO(INF029)\Audio\LAO(INF029)3b\LAO(INF029)3b 03 Topography.mp3"/>
	<entry id="1060290311" project="LAO" informant="INF029" reel="3b" region="4" narrative="_Q" label="Wild Animals" state="OK" sex="M " age="64" age_level="2" education="2" town="Fairview" county="Major" land_regions="D" locality="R" date="1962" file_name="LAO(INF029)3b 04 Wild Animals.mp3" path_to_file="LAP\Projects\LAO\Speakers\LAO(INF029)\Audio\LAO(INF029)3b\LAO(INF029)3b 04 Wild Animals.mp3"/>
	<entry id="1060290312" project="LAO" informant="INF029" reel="3b" region="5" narrative="_Q" label="Sport and Play" state="OK" sex="M " age="64" age_level="2" education="2" town="Fairview" county="Major" land_regions="D" locality="R" date="1962" file_name="LAO(INF029)3b 05 Sport and Play.mp3" path_to_file="LAP\Projects\LAO\Speakers\LAO(INF029)\Audio\LAO(INF029)3b\LAO(INF029)3b 05 Sport and Play.mp3"/>
	<entry id="1060290313" project="LAO" informant="INF029" reel="3b" region="6" narrative="_Q" label="Wild Animals" state="OK" sex="M " age="64" age_level="2" education="2" town="Fairview" county="Major" land_regions="D" locality="R" date="1962" file_name="LAO(INF029)3b 06 Wild Animals.mp3" path_to_file="LAP\Projects\LAO\Speakers\LAO(INF029)\Audio\LAO(INF029)3b\LAO(INF029)3b 06 Wild Animals.mp3"/>
	<entry id="1060290314" project="LAO" informant="INF029" reel="3b" region="7" narrative="_Q" label="Wild Animals" state="OK" sex="M " age="64" age_level="2" education="2" town="Fairview" county="Major" land_regions="D" locality="R" date="1962" file_name="LAO(INF029)3b 07 Wild Animals.mp3" path_to_file="LAP\Projects\LAO\Speakers\LAO(INF029)\Audio\LAO(INF029)3b\LAO(INF029)3b 07 Wild Animals.mp3"/>
	<entry id="3060290302" project="LAO" informant="INF029" reel="3b" region="0" narrative="_I" label="Metadata" state="OK" sex="M " age="64" age_level="2" education="2" town="Fairview" county="Major" land_regions="D" locality="R" date="1962" file_name="LAO(INF029)3bmeta.txt" path_to_file="LAP\Projects\LAO\Speakers\LAO(INF029)\Audio\LAO(INF029)3b\LAO(INF029)3bmeta.txt"/>
	<entry id="1060290315" project="LAO" informant="INF029" reel="3c" region="1" narrative="_Q" label="Domestic Animals" state="OK" sex="M " age="64" age_level="2" education="2" town="Fairview" county="Major" land_regions="D" locality="R" date="1962" file_name="LAO(INF029)3c 01 Domestic Animals.mp3" path_to_file="LAP\Projects\LAO\Speakers\LAO(INF029)\Audio\LAO(INF029)3c\LAO(INF029)3c 01 Domestic Animals.mp3"/>
	<entry id="1060290316" project="LAO" informant="INF029" reel="3c" region="2" narrative="_Q" label="Trees and Shrubs" state="OK" sex="M " age="64" age_level="2" education="2" town="Fairview" county="Major" land_regions="D" locality="R" date="1962" file_name="LAO(INF029)3c 02 Trees and Shrubs.mp3" path_to_file="LAP\Projects\LAO\Speakers\LAO(INF029)\Audio\LAO(INF029)3c\LAO(INF029)3c 02 Trees and Shrubs.mp3"/>
	<entry id="1060290317" project="LAO" informant="INF029" reel="3c" region="3" narrative="_Q" label="Domestic Animals" state="OK" sex="M " age="64" age_level="2" education="2" town="Fairview" county="Major" land_regions="D" locality="R" date="1962" file_name="LAO(INF029)3c 03 Domestic Animals.mp3" path_to_file="LAP\Projects\LAO\Speakers\LAO(INF029)\Audio\LAO(INF029)3c\LAO(INF029)3c 03 Domestic Animals.mp3"/>
	<entry id="1060290318" project="LAO" informant="INF029" reel="3c" region="4" narrative="_Q" label="Business" state="OK" sex="M " age="64" age_level="2" education="2" town="Fairview" county="Major" land_regions="D" locality="R" date="1962" file_name="LAO(INF029)3c 04 Business.mp3" path_to_file="LAP\Projects\LAO\Speakers\LAO(INF029)\Audio\LAO(INF029)3c\LAO(INF029)3c 04 Business.mp3"/>
	<entry id="1060290319" project="LAO" informant="INF029" reel="3c" region="5" narrative="_Q" label="Sport and Play" state="OK" sex="M " age="64" age_level="2" education="2" town="Fairview" county="Major" land_regions="D" locality="R" date="1962" file_name="LAO(INF029)3c 05 Sport and Play.mp3" path_to_file="LAP\Projects\LAO\Speakers\LAO(INF029)\Audio\LAO(INF029)3c\LAO(INF029)3c 05 Sport and Play.mp3"/>
	<entry id="1060290320" project="LAO" informant="INF029" reel="3c" region="6" narrative="_Q" label="Personal Characteristics" state="OK" sex="M " age="64" age_level="2" education="2" town="Fairview" county="Major" land_regions="D" locality="R" date="1962" file_name="LAO(INF029)3c 06 Personal Characteristics.mp3" path_to_file="LAP\Projects\LAO\Speakers\LAO(INF029)\Audio\LAO(INF029)3c\LAO(INF029)3c 06 Personal Characteristics.mp3"/>
	<entry id="1060290321" project="LAO" informant="INF029" reel="3c" region="7" narrative="_Q" label="Names, Titles and Occupations" state="OK" sex="M " age="64" age_level="2" education="2" town="Fairview" county="Major" land_regions="D" locality="R" date="1962" file_name="LAO(INF029)3c 07 Names, Titles and Occupations.mp3" path_to_file="LAP\Projects\LAO\Speakers\LAO(INF029)\Audio\LAO(INF029)3c\LAO(INF029)3c 07 Names, Titles and Occupations.mp3"/>
	<entry id="3060290303" project="LAO" informant="INF029" reel="3c" region="0" narrative="_I" label="Metadata" state="OK" sex="M " age="64" age_level="2" education="2" town="Fairview" county="Major" land_regions="D" locality="R" date="1962" file_name="LAO(INF029)3cmeta.txt" path_to_file="LAP\Projects\LAO\Speakers\LAO(INF029)\Audio\LAO(INF029)3c\LAO(INF029)3cmeta.txt"/>
	<entry id="1060290401" project="LAO" informant="INF029" reel="4a" region="1" narrative="_Q" label="Affirmations and Interjections" state="OK" sex="M " age="64" age_level="2" education="2" town="Fairview" county="Major" land_regions="D" locality="R" date="1962" file_name="LAO(INF029)4a 01 Affirmations and Interjections.mp3" path_to_file="LAP\Projects\LAO\Speakers\LAO(INF029)\Audio\LAO(INF029)4a\LAO(INF029)4a 01 Affirmations and Interjections.mp3"/>
	<entry id="1060290402" project="LAO" informant="INF029" reel="4a" region="2" narrative="_Q" label="Body Parts" state="OK" sex="M " age="64" age_level="2" education="2" town="Fairview" county="Major" land_regions="D" locality="R" date="1962" file_name="LAO(INF029)4a 02 Body Parts.mp3" path_to_file="LAP\Projects\LAO\Speakers\LAO(INF029)\Audio\LAO(INF029)4a\LAO(INF029)4a 02 Body Parts.mp3"/>
	<entry id="1060290403" project="LAO" informant="INF029" reel="4a" region="3" narrative="_Q" label="Personal Characteristics" state="OK" sex="M " age="64" age_level="2" education="2" town="Fairview" county="Major" land_regions="D" locality="R" date="1962" file_name="LAO(INF029)4a 03 Personal Characteristics.mp3" path_to_file="LAP\Projects\LAO\Speakers\LAO(INF029)\Audio\LAO(INF029)4a\LAO(INF029)4a 03 Personal Characteristics.mp3"/>
	<entry id="1060290404" project="LAO" informant="INF029" reel="4a" region="4" narrative="_Q" label="Illness and Death" state="OK" sex="M " age="64" age_level="2" education="2" town="Fairview" county="Major" land_regions="D" locality="R" date="1962" file_name="LAO(INF029)4a 04 Illness and Death.mp3" path_to_file="LAP\Projects\LAO\Speakers\LAO(INF029)\Audio\LAO(INF029)4a\LAO(INF029)4a 04 Illness and Death.mp3"/>
	<entry id="1060290405" project="LAO" informant="INF029" reel="4a" region="5" narrative="_Q" label="Social Relations" state="OK" sex="M " age="64" age_level="2" education="2" town="Fairview" county="Major" land_regions="D" locality="R" date="1962" file_name="LAO(INF029)4a 05 Social Relations.mp3" path_to_file="LAP\Projects\LAO\Speakers\LAO(INF029)\Audio\LAO(INF029)4a\LAO(INF029)4a 05 Social Relations.mp3"/>
	<entry id="1060290406" project="LAO" informant="INF029" reel="4a" region="6" narrative="_Q" label="Names, Titles and Occupations" state="OK" sex="M " age="64" age_level="2" education="2" town="Fairview" county="Major" land_regions="D" locality="R" date="1962" file_name="LAO(INF029)4a 06 Names, Titles and Occupations.mp3" path_to_file="LAP\Projects\LAO\Speakers\LAO(INF029)\Audio\LAO(INF029)4a\LAO(INF029)4a 06 Names, Titles and Occupations.mp3"/>
	<entry id="1060290407" project="LAO" informant="INF029" reel="4a" region="7" narrative="_Q" label="Public Institutions" state="OK" sex="M " age="64" age_level="2" education="2" town="Fairview" county="Major" land_regions="D" locality="R" date="1962" file_name="LAO(INF029)4a 07 Public Institutions.mp3" path_to_file="LAP\Projects\LAO\Speakers\LAO(INF029)\Audio\LAO(INF029)4a\LAO(INF029)4a 07 Public Institutions.mp3"/>
	<entry id="3060290401" project="LAO" informant="INF029" reel="4a" region="0" narrative="_I" label="Metadata" state="OK" sex="M " age="64" age_level="2" education="2" town="Fairview" county="Major" land_regions="D" locality="R" date="1962" file_name="LAO(INF029)4ameta.txt" path_to_file="LAP\Projects\LAO\Speakers\LAO(INF029)\Audio\LAO(INF029)4a\LAO(INF029)4ameta.txt"/>
	<entry id="1060290408" project="LAO" informant="INF029" reel="4b" region="1" narrative="_Q" label="Personal Characteristics" state="OK" sex="M " age="64" age_level="2" education="2" town="Fairview" county="Major" land_regions="D" locality="R" date="1962" file_name="LAO(INF029)4b 01 Personal Characteristics.mp3" path_to_file="LAP\Projects\LAO\Speakers\LAO(INF029)\Audio\LAO(INF029)4b\LAO(INF029)4b 01 Personal Characteristics.mp3"/>
	<entry id="1060290409" project="LAO" informant="INF029" reel="4b" region="2" narrative="_Q" label="Geography" state="OK" sex="M " age="64" age_level="2" education="2" town="Fairview" county="Major" land_regions="D" locality="R" date="1962" file_name="LAO(INF029)4b 02 Geography.mp3" path_to_file="LAP\Projects\LAO\Speakers\LAO(INF029)\Audio\LAO(INF029)4b\LAO(INF029)4b 02 Geography.mp3"/>
	<entry id="1060290410" project="LAO" informant="INF029" reel="4b" region="3" narrative="_Q" label="Geography" state="OK" sex="M " age="64" age_level="2" education="2" town="Fairview" county="Major" land_regions="D" locality="R" date="1962" file_name="LAO(INF029)4b 03 Geography.mp3" path_to_file="LAP\Projects\LAO\Speakers\LAO(INF029)\Audio\LAO(INF029)4b\LAO(INF029)4b 03 Geography.mp3"/>
	<entry id="1060290411" project="LAO" informant="INF029" reel="4b" region="4" narrative="_Q" label="Religion" state="OK" sex="M " age="64" age_level="2" education="2" town="Fairview" county="Major" land_regions="D" locality="R" date="1962" file_name="LAO(INF029)4b 04 Religion.mp3" path_to_file="LAP\Projects\LAO\Speakers\LAO(INF029)\Audio\LAO(INF029)4b\LAO(INF029)4b 04 Religion.mp3"/>
	<entry id="1060290412" project="LAO" informant="INF029" reel="4b" region="5" narrative="_Q" label="Verbs_Principal Parts" state="OK" sex="M " age="64" age_level="2" education="2" town="Fairview" county="Major" land_regions="D" locality="R" date="1962" file_name="LAO(INF029)4b 05 Verbs_Principal Parts.mp3" path_to_file="LAP\Projects\LAO\Speakers\LAO(INF029)\Audio\LAO(INF029)4b\LAO(INF029)4b 05 Verbs_Principal Parts.mp3"/>
	<entry id="1060290413" project="LAO" informant="INF029" reel="4b" region="6" narrative="_Q" label="Verbs_Principal Parts" state="OK" sex="M " age="64" age_level="2" education="2" town="Fairview" county="Major" land_regions="D" locality="R" date="1962" file_name="LAO(INF029)4b 06 Verbs_Principal Parts.mp3" path_to_file="LAP\Projects\LAO\Speakers\LAO(INF029)\Audio\LAO(INF029)4b\LAO(INF029)4b 06 Verbs_Principal Parts.mp3"/>
	<entry id="1060290414" project="LAO" informant="INF029" reel="4b" region="7" narrative="_Q" label="Containers and Utensils" state="OK" sex="M " age="64" age_level="2" education="2" town="Fairview" county="Major" land_regions="D" locality="R" date="1962" file_name="LAO(INF029)4b 07 Containers and Utensils.mp3" path_to_file="LAP\Projects\LAO\Speakers\LAO(INF029)\Audio\LAO(INF029)4b\LAO(INF029)4b 07 Containers and Utensils.mp3"/>
	<entry id="3060290402" project="LAO" informant="INF029" reel="4b" region="0" narrative="_I" label="Metadata" state="OK" sex="M " age="64" age_level="2" education="2" town="Fairview" county="Major" land_regions="D" locality="R" date="1962" file_name="LAO(INF029)4bmeta.txt" path_to_file="LAP\Projects\LAO\Speakers\LAO(INF029)\Audio\LAO(INF029)4b\LAO(INF029)4bmeta.txt"/>
	<entry id="1060290415" project="LAO" informant="INF029" reel="4c" region="1" narrative="_Q" label="Time" state="OK" sex="M " age="64" age_level="2" education="2" town="Fairview" county="Major" land_regions="D" locality="R" date="1962" file_name="LAO(INF029)4c 01 Time.mp3" path_to_file="LAP\Projects\LAO\Speakers\LAO(INF029)\Audio\LAO(INF029)4c\LAO(INF029)4c 01 Time.mp3"/>
	<entry id="1060290416" project="LAO" informant="INF029" reel="4c" region="2" narrative="_Q" label="Time" state="OK" sex="M " age="64" age_level="2" education="2" town="Fairview" county="Major" land_regions="D" locality="R" date="1962" file_name="LAO(INF029)4c 02 Time.mp3" path_to_file="LAP\Projects\LAO\Speakers\LAO(INF029)\Audio\LAO(INF029)4c\LAO(INF029)4c 02 Time.mp3"/>
	<entry id="1060290417" project="LAO" informant="INF029" reel="4c" region="3" narrative="_Q" label="Time" state="OK" sex="M " age="64" age_level="2" education="2" town="Fairview" county="Major" land_regions="D" locality="R" date="1962" file_name="LAO(INF029)4c 03 Time.mp3" path_to_file="LAP\Projects\LAO\Speakers\LAO(INF029)\Audio\LAO(INF029)4c\LAO(INF029)4c 03 Time.mp3"/>
	<entry id="1060290418" project="LAO" informant="INF029" reel="4c" region="4" narrative="_Q" label="Weather" state="OK" sex="M " age="64" age_level="2" education="2" town="Fairview" county="Major" land_regions="D" locality="R" date="1962" file_name="LAO(INF029)4c 04 Weather.mp3" path_to_file="LAP\Projects\LAO\Speakers\LAO(INF029)\Audio\LAO(INF029)4c\LAO(INF029)4c 04 Weather.mp3"/>
	<entry id="1060290419" project="LAO" informant="INF029" reel="4c" region="5" narrative="_Q" label="Verbs_Principal Parts" state="OK" sex="M " age="64" age_level="2" education="2" town="Fairview" county="Major" land_regions="D" locality="R" date="1962" file_name="LAO(INF029)4c 05 Verbs_Principal Parts.mp3" path_to_file="LAP\Projects\LAO\Speakers\LAO(INF029)\Audio\LAO(INF029)4c\LAO(INF029)4c 05 Verbs_Principal Parts.mp3"/>
	<entry id="1060290420" project="LAO" informant="INF029" reel="4c" region="6" narrative="_Q" label="Verbs_Be, Have, Do" state="OK" sex="M " age="64" age_level="2" education="2" town="Fairview" county="Major" land_regions="D" locality="R" date="1962" file_name="LAO(INF029)4c 06 Verbs_Be, Have, Do.mp3" path_to_file="LAP\Projects\LAO\Speakers\LAO(INF029)\Audio\LAO(INF029)4c\LAO(INF029)4c 06 Verbs_Be, Have, Do.mp3"/>
	<entry id="1060290421" project="LAO" informant="INF029" reel="4c" region="7" narrative="_Q" label="Domestic Animals" state="OK" sex="M " age="64" age_level="2" education="2" town="Fairview" county="Major" land_regions="D" locality="R" date="1962" file_name="LAO(INF029)4c 07 Domestic Animals.mp3" path_to_file="LAP\Projects\LAO\Speakers\LAO(INF029)\Audio\LAO(INF029)4c\LAO(INF029)4c 07 Domestic Animals.mp3"/>
	<entry id="3060290403" project="LAO" informant="INF029" reel="4c" region="0" narrative="_I" label="Metadata" state="OK" sex="M " age="64" age_level="2" education="2" town="Fairview" county="Major" land_regions="D" locality="R" date="1962" file_name="LAO(INF029)4cmeta.txt" path_to_file="LAP\Projects\LAO\Speakers\LAO(INF029)\Audio\LAO(INF029)4c\LAO(INF029)4cmeta.txt"/>
	<entry id="1060290501" project="LAO" informant="INF029" reel="5a" region="1" narrative="_Q" label="Business" state="OK" sex="M " age="64" age_level="2" education="2" town="Fairview" county="Major" land_regions="D" locality="R" date="1962" file_name="LAO(INF029)5a 01 Business.mp3" path_to_file="LAP\Projects\LAO\Speakers\LAO(INF029)\Audio\LAO(INF029)5a\LAO(INF029)5a 01 Business.mp3"/>
	<entry id="1060290502" project="LAO" informant="INF029" reel="5a" region="2" narrative="_Q" label="Pronouns" state="OK" sex="M " age="64" age_level="2" education="2" town="Fairview" county="Major" land_regions="D" locality="R" date="1962" file_name="LAO(INF029)5a 02 Pronouns.mp3" path_to_file="LAP\Projects\LAO\Speakers\LAO(INF029)\Audio\LAO(INF029)5a\LAO(INF029)5a 02 Pronouns.mp3"/>
	<entry id="1060290503" project="LAO" informant="INF029" reel="5a" region="3" narrative="_Q" label="Food and Cooking" state="OK" sex="M " age="64" age_level="2" education="2" town="Fairview" county="Major" land_regions="D" locality="R" date="1962" file_name="LAO(INF029)5a 03 Food and Cooking.mp3" path_to_file="LAP\Projects\LAO\Speakers\LAO(INF029)\Audio\LAO(INF029)5a\LAO(INF029)5a 03 Food and Cooking.mp3"/>
	<entry id="1060290504" project="LAO" informant="INF029" reel="5a" region="4" narrative="_Q" label="Social Relations" state="OK" sex="M " age="64" age_level="2" education="2" town="Fairview" county="Major" land_regions="D" locality="R" date="1962" file_name="LAO(INF029)5a 04 Social Relations.mp3" path_to_file="LAP\Projects\LAO\Speakers\LAO(INF029)\Audio\LAO(INF029)5a\LAO(INF029)5a 04 Social Relations.mp3"/>
	<entry id="1060290505" project="LAO" informant="INF029" reel="5a" region="5" narrative="_Q" label="Personal Characteristics" state="OK" sex="M " age="64" age_level="2" education="2" town="Fairview" county="Major" land_regions="D" locality="R" date="1962" file_name="LAO(INF029)5a 05 Personal Characteristics.mp3" path_to_file="LAP\Projects\LAO\Speakers\LAO(INF029)\Audio\LAO(INF029)5a\LAO(INF029)5a 05 Personal Characteristics.mp3"/>
	<entry id="1060290506" project="LAO" informant="INF029" reel="5a" region="6" narrative="_Q" label="Illness and Death" state="OK" sex="M " age="64" age_level="2" education="2" town="Fairview" county="Major" land_regions="D" locality="R" date="1962" file_name="LAO(INF029)5a 06 Illness and Death.mp3" path_to_file="LAP\Projects\LAO\Speakers\LAO(INF029)\Audio\LAO(INF029)5a\LAO(INF029)5a 06 Illness and Death.mp3"/>
	<entry id="1060290507" project="LAO" informant="INF029" reel="5a" region="7" narrative="_Q" label="Geography" state="OK" sex="M " age="64" age_level="2" education="2" town="Fairview" county="Major" land_regions="D" locality="R" date="1962" file_name="LAO(INF029)5a 07 Geography.mp3" path_to_file="LAP\Projects\LAO\Speakers\LAO(INF029)\Audio\LAO(INF029)5a\LAO(INF029)5a 07 Geography.mp3"/>
	<entry id="3060290501" project="LAO" informant="INF029" reel="5a" region="0" narrative="_I" label="Metadata" state="OK" sex="M " age="64" age_level="2" education="2" town="Fairview" county="Major" land_regions="D" locality="R" date="1962" file_name="LAO(INF029)5ameta.txt" path_to_file="LAP\Projects\LAO\Speakers\LAO(INF029)\Audio\LAO(INF029)5a\LAO(INF029)5ameta.txt"/>
	<entry id="1060290508" project="LAO" informant="INF029" reel="5b" region="1" narrative="_Q" label="Names, Titles and Occupations" state="OK" sex="M " age="64" age_level="2" education="2" town="Fairview" county="Major" land_regions="D" locality="R" date="1962" file_name="LAO(INF029)5b 01 Names, Titles and Occupations.mp3" path_to_file="LAP\Projects\LAO\Speakers\LAO(INF029)\Audio\LAO(INF029)5b\LAO(INF029)5b 01 Names, Titles and Occupations.mp3"/>
	<entry id="1060290509" project="LAO" informant="INF029" reel="5b" region="2" narrative="_Q" label="Topography" state="OK" sex="M " age="64" age_level="2" education="2" town="Fairview" county="Major" land_regions="D" locality="R" date="1962" file_name="LAO(INF029)5b 02 Topography.mp3" path_to_file="LAP\Projects\LAO\Speakers\LAO(INF029)\Audio\LAO(INF029)5b\LAO(INF029)5b 02 Topography.mp3"/>
	<entry id="1060290510" project="LAO" informant="INF029" reel="5b" region="3" narrative="_Q" label="Names, Titles and Occupations" state="OK" sex="M " age="64" age_level="2" education="2" town="Fairview" county="Major" land_regions="D" locality="R" date="1962" file_name="LAO(INF029)5b 03 Names, Titles and Occupations.mp3" path_to_file="LAP\Projects\LAO\Speakers\LAO(INF029)\Audio\LAO(INF029)5b\LAO(INF029)5b 03 Names, Titles and Occupations.mp3"/>
	<entry id="1060290511" project="LAO" informant="INF029" reel="5b" region="4" narrative="_Q" label="Family" state="OK" sex="M " age="64" age_level="2" education="2" town="Fairview" county="Major" land_regions="D" locality="R" date="1962" file_name="LAO(INF029)5b 04 Family.mp3" path_to_file="LAP\Projects\LAO\Speakers\LAO(INF029)\Audio\LAO(INF029)5b\LAO(INF029)5b 04 Family.mp3"/>
	<entry id="1060290512" project="LAO" informant="INF029" reel="5b" region="5" narrative="_Q" label="Business" state="OK" sex="M " age="64" age_level="2" education="2" town="Fairview" county="Major" land_regions="D" locality="R" date="1962" file_name="LAO(INF029)5b 05 Business.mp3" path_to_file="LAP\Projects\LAO\Speakers\LAO(INF029)\Audio\LAO(INF029)5b\LAO(INF029)5b 05 Business.mp3"/>
	<entry id="1060290513" project="LAO" informant="INF029" reel="5b" region="6" narrative="_Q" label="Topography" state="OK" sex="M " age="64" age_level="2" education="2" town="Fairview" county="Major" land_regions="D" locality="R" date="1962" file_name="LAO(INF029)5b 06 Topography.mp3" path_to_file="LAP\Projects\LAO\Speakers\LAO(INF029)\Audio\LAO(INF029)5b\LAO(INF029)5b 06 Topography.mp3"/>
	<entry id="3060290502" project="LAO" informant="INF029" reel="5b" region="0" narrative="_I" label="Metadata" state="OK" sex="M " age="64" age_level="2" education="2" town="Fairview" county="Major" land_regions="D" locality="R" date="1962" file_name="LAO(INF029)5bmeta.txt" path_to_file="LAP\Projects\LAO\Speakers\LAO(INF029)\Audio\LAO(INF029)5b\LAO(INF029)5bmeta.txt"/>
	<entry id="3060290001" project="LAO" informant="INF029" reel="0" region="0" narrative="_I" label="Biographical Information" state="OK" sex="M " age="64" age_level="2" education="2" town="Fairview" county="Major" land_regions="D" locality="R" date="1962" file_name="LAO(INF029)BIO.txt" path_to_file="LAP\Projects\LAO\Speakers\LAO(INF029)\Text\LAO(INF029)BIO.txt"/>
</Audio>