<?xml version="1.0" encoding="UTF-8" standalone="yes"?>
<Audio>
	<entry id="1060300101" project="LAO" informant="INF030" reel="1a" region="1" narrative="_Q" label="Dwellings" state="OK" sex="M " age="57" age_level="2" education="2" town="Roosevelt" county="Kiowa" land_regions="D" locality="R" date="1962" file_name="LAO(INF030)1a 01 Dwellings.mp3" path_to_file="LAP\Projects\LAO\Speakers\LAO(INF030)\Audio\LAO(INF030)1a\LAO(INF030)1a 01 Dwellings.mp3"/>
	<entry id="1060300102" project="LAO" informant="INF030" reel="1a" region="2" narrative="_Q" label="Dwellings" state="OK" sex="M " age="57" age_level="2" education="2" town="Roosevelt" county="Kiowa" land_regions="D" locality="R" date="1962" file_name="LAO(INF030)1a 02 Dwellings.mp3" path_to_file="LAP\Projects\LAO\Speakers\LAO(INF030)\Audio\LAO(INF030)1a\LAO(INF030)1a 02 Dwellings.mp3"/>
	<entry id="1060300103" project="LAO" informant="INF030" reel="1a" region="3" narrative="_Q" label="Dwellings" state="OK" sex="M " age="57" age_level="2" education="2" town="Roosevelt" county="Kiowa" land_regions="D" locality="R" date="1962" file_name="LAO(INF030)1a 03 Dwellings.mp3" path_to_file="LAP\Projects\LAO\Speakers\LAO(INF030)\Audio\LAO(INF030)1a\LAO(INF030)1a 03 Dwellings.mp3"/>
	<entry id="1060300104" project="LAO" informant="INF030" reel="1a" region="4" narrative="_Q" label="Food and Cooking" state="OK" sex="M " age="57" age_level="2" education="2" town="Roosevelt" county="Kiowa" land_regions="D" locality="R" date="1962" file_name="LAO(INF030)1a 04 Food and Cooking.mp3" path_to_file="LAP\Projects\LAO\Speakers\LAO(INF030)\Audio\LAO(INF030)1a\LAO(INF030)1a 04 Food and Cooking.mp3"/>
	<entry id="1060300105" project="LAO" informant="INF030" reel="1a" region="5" narrative="_Q" label="Dwellings" state="OK" sex="M " age="57" age_level="2" education="2" town="Roosevelt" county="Kiowa" land_regions="D" locality="R" date="1962" file_name="LAO(INF030)1a 05 Dwellings.mp3" path_to_file="LAP\Projects\LAO\Speakers\LAO(INF030)\Audio\LAO(INF030)1a\LAO(INF030)1a 05 Dwellings.mp3"/>
	<entry id="1060300106" project="LAO" informant="INF030" reel="1a" region="6" narrative="_Q" label="Food and Cooking" state="OK" sex="M " age="57" age_level="2" education="2" town="Roosevelt" county="Kiowa" land_regions="D" locality="R" date="1962" file_name="LAO(INF030)1a 06 Food and Cooking.mp3" path_to_file="LAP\Projects\LAO\Speakers\LAO(INF030)\Audio\LAO(INF030)1a\LAO(INF030)1a 06 Food and Cooking.mp3"/>
	<entry id="1060300107" project="LAO" informant="INF030" reel="1a" region="7" narrative="_Q" label="Domestic Animals" state="OK" sex="M " age="57" age_level="2" education="2" town="Roosevelt" county="Kiowa" land_regions="D" locality="R" date="1962" file_name="LAO(INF030)1a 07 Domestic Animals.mp3" path_to_file="LAP\Projects\LAO\Speakers\LAO(INF030)\Audio\LAO(INF030)1a\LAO(INF030)1a 07 Domestic Animals.mp3"/>
	<entry id="3060300101" project="LAO" informant="INF030" reel="1a" region="0" narrative="_I" label="Metadata" state="OK" sex="M " age="57" age_level="2" education="2" town="Roosevelt" county="Kiowa" land_regions="D" locality="R" date="1962" file_name="LAO(INF030)1ameta.txt" path_to_file="LAP\Projects\LAO\Speakers\LAO(INF030)\Audio\LAO(INF030)1a\LAO(INF030)1ameta.txt"/>
	<entry id="1060300108" project="LAO" informant="INF030" reel="1b" region="1" narrative="_Q" label="Domestic Animals" state="OK" sex="M " age="57" age_level="2" education="2" town="Roosevelt" county="Kiowa" land_regions="D" locality="R" date="1962" file_name="LAO(INF030)1b 01 Domestic Animals.mp3" path_to_file="LAP\Projects\LAO\Speakers\LAO(INF030)\Audio\LAO(INF030)1b\LAO(INF030)1b 01 Domestic Animals.mp3"/>
	<entry id="1060300109" project="LAO" informant="INF030" reel="1b" region="2" narrative="_Q" label="Containers and Utensils" state="OK" sex="M " age="57" age_level="2" education="2" town="Roosevelt" county="Kiowa" land_regions="D" locality="R" date="1962" file_name="LAO(INF030)1b 02 Containers and Utensils.mp3" path_to_file="LAP\Projects\LAO\Speakers\LAO(INF030)\Audio\LAO(INF030)1b\LAO(INF030)1b 02 Containers and Utensils.mp3"/>
	<entry id="1060300110" project="LAO" informant="INF030" reel="1b" region="3" narrative="_Q" label="Dwellings" state="OK" sex="M " age="57" age_level="2" education="2" town="Roosevelt" county="Kiowa" land_regions="D" locality="R" date="1962" file_name="LAO(INF030)1b 03 Dwellings.mp3" path_to_file="LAP\Projects\LAO\Speakers\LAO(INF030)\Audio\LAO(INF030)1b\LAO(INF030)1b 03 Dwellings.mp3"/>
	<entry id="1060300111" project="LAO" informant="INF030" reel="1b" region="4" narrative="_Q" label="Domestic Animals" state="OK" sex="M " age="57" age_level="2" education="2" town="Roosevelt" county="Kiowa" land_regions="D" locality="R" date="1962" file_name="LAO(INF030)1b 04 Domestic Animals.mp3" path_to_file="LAP\Projects\LAO\Speakers\LAO(INF030)\Audio\LAO(INF030)1b\LAO(INF030)1b 04 Domestic Animals.mp3"/>
	<entry id="1060300112" project="LAO" informant="INF030" reel="1b" region="5" narrative="_Q" label="The Farm" state="OK" sex="M " age="57" age_level="2" education="2" town="Roosevelt" county="Kiowa" land_regions="D" locality="R" date="1962" file_name="LAO(INF030)1b 05 The Farm.mp3" path_to_file="LAP\Projects\LAO\Speakers\LAO(INF030)\Audio\LAO(INF030)1b\LAO(INF030)1b 05 The Farm.mp3"/>
	<entry id="1060300113" project="LAO" informant="INF030" reel="1b" region="6" narrative="_Q" label="Agriculture" state="OK" sex="M " age="57" age_level="2" education="2" town="Roosevelt" county="Kiowa" land_regions="D" locality="R" date="1962" file_name="LAO(INF030)1b 06 Agriculture.mp3" path_to_file="LAP\Projects\LAO\Speakers\LAO(INF030)\Audio\LAO(INF030)1b\LAO(INF030)1b 06 Agriculture.mp3"/>
	<entry id="1060300114" project="LAO" informant="INF030" reel="1b" region="7" narrative="_Q" label="Wild Animals" state="OK" sex="M " age="57" age_level="2" education="2" town="Roosevelt" county="Kiowa" land_regions="D" locality="R" date="1962" file_name="LAO(INF030)1b 07 Wild Animals.mp3" path_to_file="LAP\Projects\LAO\Speakers\LAO(INF030)\Audio\LAO(INF030)1b\LAO(INF030)1b 07 Wild Animals.mp3"/>
	<entry id="3060300102" project="LAO" informant="INF030" reel="1b" region="0" narrative="_I" label="Metadata" state="OK" sex="M " age="57" age_level="2" education="2" town="Roosevelt" county="Kiowa" land_regions="D" locality="R" date="1962" file_name="LAO(INF030)1bmeta.txt" path_to_file="LAP\Projects\LAO\Speakers\LAO(INF030)\Audio\LAO(INF030)1b\LAO(INF030)1bmeta.txt"/>
	<entry id="1060300115" project="LAO" informant="INF030" reel="1c" region="1" narrative="_Q" label="Business" state="OK" sex="M " age="57" age_level="2" education="2" town="Roosevelt" county="Kiowa" land_regions="D" locality="R" date="1962" file_name="LAO(INF030)1c 01 Business.mp3" path_to_file="LAP\Projects\LAO\Speakers\LAO(INF030)\Audio\LAO(INF030)1c\LAO(INF030)1c 01 Business.mp3"/>
	<entry id="1060300116" project="LAO" informant="INF030" reel="1c" region="2" narrative="_Q" label="Containers and Utensils" state="OK" sex="M " age="57" age_level="2" education="2" town="Roosevelt" county="Kiowa" land_regions="D" locality="R" date="1962" file_name="LAO(INF030)1c 02 Containers and Utensils.mp3" path_to_file="LAP\Projects\LAO\Speakers\LAO(INF030)\Audio\LAO(INF030)1c\LAO(INF030)1c 02 Containers and Utensils.mp3"/>
	<entry id="1060300117" project="LAO" informant="INF030" reel="1c" region="3" narrative="_Q" label="Containers and Utensils" state="OK" sex="M " age="57" age_level="2" education="2" town="Roosevelt" county="Kiowa" land_regions="D" locality="R" date="1962" file_name="LAO(INF030)1c 03 Containers and Utensils.mp3" path_to_file="LAP\Projects\LAO\Speakers\LAO(INF030)\Audio\LAO(INF030)1c\LAO(INF030)1c 03 Containers and Utensils.mp3"/>
	<entry id="1060300118" project="LAO" informant="INF030" reel="1c" region="4" narrative="_Q" label="Containers and Utensils" state="OK" sex="M " age="57" age_level="2" education="2" town="Roosevelt" county="Kiowa" land_regions="D" locality="R" date="1962" file_name="LAO(INF030)1c 04 Containers and Utensils.mp3" path_to_file="LAP\Projects\LAO\Speakers\LAO(INF030)\Audio\LAO(INF030)1c\LAO(INF030)1c 04 Containers and Utensils.mp3"/>
	<entry id="1060300119" project="LAO" informant="INF030" reel="1c" region="5" narrative="_Q" label="Containers and Utensils" state="OK" sex="M " age="57" age_level="2" education="2" town="Roosevelt" county="Kiowa" land_regions="D" locality="R" date="1962" file_name="LAO(INF030)1c 05 Containers and Utensils.mp3" path_to_file="LAP\Projects\LAO\Speakers\LAO(INF030)\Audio\LAO(INF030)1c\LAO(INF030)1c 05 Containers and Utensils.mp3"/>
	<entry id="1060300120" project="LAO" informant="INF030" reel="1c" region="6" narrative="_Q" label="Clothing" state="OK" sex="M " age="57" age_level="2" education="2" town="Roosevelt" county="Kiowa" land_regions="D" locality="R" date="1962" file_name="LAO(INF030)1c 06 Clothing.mp3" path_to_file="LAP\Projects\LAO\Speakers\LAO(INF030)\Audio\LAO(INF030)1c\LAO(INF030)1c 06 Clothing.mp3"/>
	<entry id="1060300121" project="LAO" informant="INF030" reel="1c" region="7" narrative="_Q" label="Food and Cooking" state="OK" sex="M " age="57" age_level="2" education="2" town="Roosevelt" county="Kiowa" land_regions="D" locality="R" date="1962" file_name="LAO(INF030)1c 07 Food and Cooking.mp3" path_to_file="LAP\Projects\LAO\Speakers\LAO(INF030)\Audio\LAO(INF030)1c\LAO(INF030)1c 07 Food and Cooking.mp3"/>
	<entry id="1060300122" project="LAO" informant="INF030" reel="1c" region="8" narrative="_Q" label="Topography" state="OK" sex="M " age="57" age_level="2" education="2" town="Roosevelt" county="Kiowa" land_regions="D" locality="R" date="1962" file_name="LAO(INF030)1c 08 Topography.mp3" path_to_file="LAP\Projects\LAO\Speakers\LAO(INF030)\Audio\LAO(INF030)1c\LAO(INF030)1c 08 Topography.mp3"/>
	<entry id="3060300103" project="LAO" informant="INF030" reel="1c" region="0" narrative="_I" label="Metadata" state="OK" sex="M " age="57" age_level="2" education="2" town="Roosevelt" county="Kiowa" land_regions="D" locality="R" date="1962" file_name="LAO(INF030)1cmeta.txt" path_to_file="LAP\Projects\LAO\Speakers\LAO(INF030)\Audio\LAO(INF030)1c\LAO(INF030)1cmeta.txt"/>
	<entry id="1060300201" project="LAO" informant="INF030" reel="2a" region="1" narrative="_Q" label="Business" state="OK" sex="M " age="57" age_level="2" education="2" town="Roosevelt" county="Kiowa" land_regions="D" locality="R" date="1962" file_name="LAO(INF030)2a 01 Business.mp3" path_to_file="LAP\Projects\LAO\Speakers\LAO(INF030)\Audio\LAO(INF030)2a\LAO(INF030)2a 01 Business.mp3"/>
	<entry id="1060300202" project="LAO" informant="INF030" reel="2a" region="2" narrative="_Q" label="Affirmations and Interjections" state="OK" sex="M " age="57" age_level="2" education="2" town="Roosevelt" county="Kiowa" land_regions="D" locality="R" date="1962" file_name="LAO(INF030)2a 02 Affirmations and Interjections.mp3" path_to_file="LAP\Projects\LAO\Speakers\LAO(INF030)\Audio\LAO(INF030)2a\LAO(INF030)2a 02 Affirmations and Interjections.mp3"/>
	<entry id="1060300203" project="LAO" informant="INF030" reel="2a" region="3" narrative="_Q" label="Personal Characteristics" state="OK" sex="M " age="57" age_level="2" education="2" town="Roosevelt" county="Kiowa" land_regions="D" locality="R" date="1962" file_name="LAO(INF030)2a 03 Personal Characteristics.mp3" path_to_file="LAP\Projects\LAO\Speakers\LAO(INF030)\Audio\LAO(INF030)2a\LAO(INF030)2a 03 Personal Characteristics.mp3"/>
	<entry id="1060300204" project="LAO" informant="INF030" reel="2a" region="4" narrative="_Q" label="Names, Titles and Occupations" state="OK" sex="M " age="57" age_level="2" education="2" town="Roosevelt" county="Kiowa" land_regions="D" locality="R" date="1962" file_name="LAO(INF030)2a 04 Names, Titles and Occupations.mp3" path_to_file="LAP\Projects\LAO\Speakers\LAO(INF030)\Audio\LAO(INF030)2a\LAO(INF030)2a 04 Names, Titles and Occupations.mp3"/>
	<entry id="1060300205" project="LAO" informant="INF030" reel="2a" region="5" narrative="_Q" label="Adverbs" state="OK" sex="M " age="57" age_level="2" education="2" town="Roosevelt" county="Kiowa" land_regions="D" locality="R" date="1962" file_name="LAO(INF030)2a 05 Adverbs.mp3" path_to_file="LAP\Projects\LAO\Speakers\LAO(INF030)\Audio\LAO(INF030)2a\LAO(INF030)2a 05 Adverbs.mp3"/>
	<entry id="1060300206" project="LAO" informant="INF030" reel="2a" region="6" narrative="_Q" label="Time" state="OK" sex="M " age="57" age_level="2" education="2" town="Roosevelt" county="Kiowa" land_regions="D" locality="R" date="1962" file_name="LAO(INF030)2a 06 Time.mp3" path_to_file="LAP\Projects\LAO\Speakers\LAO(INF030)\Audio\LAO(INF030)2a\LAO(INF030)2a 06 Time.mp3"/>
	<entry id="1060300207" project="LAO" informant="INF030" reel="2a" region="7" narrative="_Q" label="Weather" state="OK" sex="M " age="57" age_level="2" education="2" town="Roosevelt" county="Kiowa" land_regions="D" locality="R" date="1962" file_name="LAO(INF030)2a 07 Weather.mp3" path_to_file="LAP\Projects\LAO\Speakers\LAO(INF030)\Audio\LAO(INF030)2a\LAO(INF030)2a 07 Weather.mp3"/>
	<entry id="3060300201" project="LAO" informant="INF030" reel="2a" region="0" narrative="_I" label="Metadata" state="OK" sex="M " age="57" age_level="2" education="2" town="Roosevelt" county="Kiowa" land_regions="D" locality="R" date="1962" file_name="LAO(INF030)2ameta.txt" path_to_file="LAP\Projects\LAO\Speakers\LAO(INF030)\Audio\LAO(INF030)2a\LAO(INF030)2ameta.txt"/>
	<entry id="1060300208" project="LAO" informant="INF030" reel="2b" region="1" narrative="_Q" label="Weather" state="OK" sex="M " age="57" age_level="2" education="2" town="Roosevelt" county="Kiowa" land_regions="D" locality="R" date="1962" file_name="LAO(INF030)2b 01 Weather.mp3" path_to_file="LAP\Projects\LAO\Speakers\LAO(INF030)\Audio\LAO(INF030)2b\LAO(INF030)2b 01 Weather.mp3"/>
	<entry id="1060300209" project="LAO" informant="INF030" reel="2b" region="2" narrative="_Q" label="Containers and Utensils" state="OK" sex="M " age="57" age_level="2" education="2" town="Roosevelt" county="Kiowa" land_regions="D" locality="R" date="1962" file_name="LAO(INF030)2b 02 Containers and Utensils.mp3" path_to_file="LAP\Projects\LAO\Speakers\LAO(INF030)\Audio\LAO(INF030)2b\LAO(INF030)2b 02 Containers and Utensils.mp3"/>
	<entry id="1060300210" project="LAO" informant="INF030" reel="2b" region="3" narrative="_Q" label="Food and Cooking" state="OK" sex="M " age="57" age_level="2" education="2" town="Roosevelt" county="Kiowa" land_regions="D" locality="R" date="1962" file_name="LAO(INF030)2b 03 Food and Cooking.mp3" path_to_file="LAP\Projects\LAO\Speakers\LAO(INF030)\Audio\LAO(INF030)2b\LAO(INF030)2b 03 Food and Cooking.mp3"/>
	<entry id="1060300211" project="LAO" informant="INF030" reel="2b" region="4" narrative="_Q" label="Verbs_Principal Parts" state="OK" sex="M " age="57" age_level="2" education="2" town="Roosevelt" county="Kiowa" land_regions="D" locality="R" date="1962" file_name="LAO(INF030)2b 04 Verbs_Principal Parts.mp3" path_to_file="LAP\Projects\LAO\Speakers\LAO(INF030)\Audio\LAO(INF030)2b\LAO(INF030)2b 04 Verbs_Principal Parts.mp3"/>
	<entry id="1060300212" project="LAO" informant="INF030" reel="2b" region="5" narrative="_Q" label="Illness and Death" state="OK" sex="M " age="57" age_level="2" education="2" town="Roosevelt" county="Kiowa" land_regions="D" locality="R" date="1962" file_name="LAO(INF030)2b 05 Illness and Death.mp3" path_to_file="LAP\Projects\LAO\Speakers\LAO(INF030)\Audio\LAO(INF030)2b\LAO(INF030)2b 05 Illness and Death.mp3"/>
	<entry id="1060300213" project="LAO" informant="INF030" reel="2b" region="6" narrative="_Q" label="Verbs_Principal Parts" state="OK" sex="M " age="57" age_level="2" education="2" town="Roosevelt" county="Kiowa" land_regions="D" locality="R" date="1962" file_name="LAO(INF030)2b 06 Verbs_Principal Parts.mp3" path_to_file="LAP\Projects\LAO\Speakers\LAO(INF030)\Audio\LAO(INF030)2b\LAO(INF030)2b 06 Verbs_Principal Parts.mp3"/>
	<entry id="3060300202" project="LAO" informant="INF030" reel="2b" region="0" narrative="_I" label="Metadata" state="OK" sex="M " age="57" age_level="2" education="2" town="Roosevelt" county="Kiowa" land_regions="D" locality="R" date="1962" file_name="LAO(INF030)2bmeta.txt" path_to_file="LAP\Projects\LAO\Speakers\LAO(INF030)\Audio\LAO(INF030)2b\LAO(INF030)2bmeta.txt"/>
	<entry id="1060300301" project="LAO" informant="INF030" reel="3a" region="1" narrative="_Q" label="Names, Titles and Occupations" state="OK" sex="M " age="57" age_level="2" education="2" town="Roosevelt" county="Kiowa" land_regions="D" locality="R" date="1962" file_name="LAO(INF030)3a 01 Names, Titles and Occupations.mp3" path_to_file="LAP\Projects\LAO\Speakers\LAO(INF030)\Audio\LAO(INF030)3a\LAO(INF030)3a 01 Names, Titles and Occupations.mp3"/>
	<entry id="1060300302" project="LAO" informant="INF030" reel="3a" region="2" narrative="_Q" label="Geography" state="OK" sex="M " age="57" age_level="2" education="2" town="Roosevelt" county="Kiowa" land_regions="D" locality="R" date="1962" file_name="LAO(INF030)3a 02 Geography.mp3" path_to_file="LAP\Projects\LAO\Speakers\LAO(INF030)\Audio\LAO(INF030)3a\LAO(INF030)3a 02 Geography.mp3"/>
	<entry id="1060300303" project="LAO" informant="INF030" reel="3a" region="3" narrative="_Q" label="Names, Titles and Occupations" state="OK" sex="M " age="57" age_level="2" education="2" town="Roosevelt" county="Kiowa" land_regions="D" locality="R" date="1962" file_name="LAO(INF030)3a 03 Names, Titles and Occupations.mp3" path_to_file="LAP\Projects\LAO\Speakers\LAO(INF030)\Audio\LAO(INF030)3a\LAO(INF030)3a 03 Names, Titles and Occupations.mp3"/>
	<entry id="1060300304" project="LAO" informant="INF030" reel="3a" region="4" narrative="_Q" label="Family" state="OK" sex="M " age="57" age_level="2" education="2" town="Roosevelt" county="Kiowa" land_regions="D" locality="R" date="1962" file_name="LAO(INF030)3a 04 Family.mp3" path_to_file="LAP\Projects\LAO\Speakers\LAO(INF030)\Audio\LAO(INF030)3a\LAO(INF030)3a 04 Family.mp3"/>
	<entry id="1060300305" project="LAO" informant="INF030" reel="3a" region="5" narrative="_Q" label="Family" state="OK" sex="M " age="57" age_level="2" education="2" town="Roosevelt" county="Kiowa" land_regions="D" locality="R" date="1962" file_name="LAO(INF030)3a 05 Family.mp3" path_to_file="LAP\Projects\LAO\Speakers\LAO(INF030)\Audio\LAO(INF030)3a\LAO(INF030)3a 05 Family.mp3"/>
	<entry id="1060300306" project="LAO" informant="INF030" reel="3a" region="6" narrative="_Q" label="Geography" state="OK" sex="M " age="57" age_level="2" education="2" town="Roosevelt" county="Kiowa" land_regions="D" locality="R" date="1962" file_name="LAO(INF030)3a 06 Geography.mp3" path_to_file="LAP\Projects\LAO\Speakers\LAO(INF030)\Audio\LAO(INF030)3a\LAO(INF030)3a 06 Geography.mp3"/>
	<entry id="1060300307" project="LAO" informant="INF030" reel="3a" region="7" narrative="_Q" label="Food and Cooking" state="OK" sex="M " age="57" age_level="2" education="2" town="Roosevelt" county="Kiowa" land_regions="D" locality="R" date="1962" file_name="LAO(INF030)3a 07 Food and Cooking.mp3" path_to_file="LAP\Projects\LAO\Speakers\LAO(INF030)\Audio\LAO(INF030)3a\LAO(INF030)3a 07 Food and Cooking.mp3"/>
	<entry id="3060300301" project="LAO" informant="INF030" reel="3a" region="0" narrative="_I" label="Metadata" state="OK" sex="M " age="57" age_level="2" education="2" town="Roosevelt" county="Kiowa" land_regions="D" locality="R" date="1962" file_name="LAO(INF030)3ameta.txt" path_to_file="LAP\Projects\LAO\Speakers\LAO(INF030)\Audio\LAO(INF030)3a\LAO(INF030)3ameta.txt"/>
	<entry id="1060300308" project="LAO" informant="INF030" reel="3b" region="1" narrative="_Q" label="Containers and Utensils" state="OK" sex="M " age="57" age_level="2" education="2" town="Roosevelt" county="Kiowa" land_regions="D" locality="R" date="1962" file_name="LAO(INF030)3b 01 Containers and Utensils.mp3" path_to_file="LAP\Projects\LAO\Speakers\LAO(INF030)\Audio\LAO(INF030)3b\LAO(INF030)3b 01 Containers and Utensils.mp3"/>
	<entry id="1060300309" project="LAO" informant="INF030" reel="3b" region="2" narrative="_Q" label="Adverbs" state="OK" sex="M " age="57" age_level="2" education="2" town="Roosevelt" county="Kiowa" land_regions="D" locality="R" date="1962" file_name="LAO(INF030)3b 02 Adverbs.mp3" path_to_file="LAP\Projects\LAO\Speakers\LAO(INF030)\Audio\LAO(INF030)3b\LAO(INF030)3b 02 Adverbs.mp3"/>
	<entry id="1060300310" project="LAO" informant="INF030" reel="3b" region="3" narrative="_Q" label="Food and Cooking" state="OK" sex="M " age="57" age_level="2" education="2" town="Roosevelt" county="Kiowa" land_regions="D" locality="R" date="1962" file_name="LAO(INF030)3b 03 Food and Cooking.mp3" path_to_file="LAP\Projects\LAO\Speakers\LAO(INF030)\Audio\LAO(INF030)3b\LAO(INF030)3b 03 Food and Cooking.mp3"/>
	<entry id="1060300311" project="LAO" informant="INF030" reel="3b" region="4" narrative="_Q" label="Wild Animals" state="OK" sex="M " age="57" age_level="2" education="2" town="Roosevelt" county="Kiowa" land_regions="D" locality="R" date="1962" file_name="LAO(INF030)3b 04 Wild Animals.mp3" path_to_file="LAP\Projects\LAO\Speakers\LAO(INF030)\Audio\LAO(INF030)3b\LAO(INF030)3b 04 Wild Animals.mp3"/>
	<entry id="1060300312" project="LAO" informant="INF030" reel="3b" region="5" narrative="_Q" label="Wild Animals" state="OK" sex="M " age="57" age_level="2" education="2" town="Roosevelt" county="Kiowa" land_regions="D" locality="R" date="1962" file_name="LAO(INF030)3b 05 Wild Animals.mp3" path_to_file="LAP\Projects\LAO\Speakers\LAO(INF030)\Audio\LAO(INF030)3b\LAO(INF030)3b 05 Wild Animals.mp3"/>
	<entry id="1060300313" project="LAO" informant="INF030" reel="3b" region="6" narrative="_Q" label="Wild Animals" state="OK" sex="M " age="57" age_level="2" education="2" town="Roosevelt" county="Kiowa" land_regions="D" locality="R" date="1962" file_name="LAO(INF030)3b 06 Wild Animals.mp3" path_to_file="LAP\Projects\LAO\Speakers\LAO(INF030)\Audio\LAO(INF030)3b\LAO(INF030)3b 06 Wild Animals.mp3"/>
	<entry id="1060300314" project="LAO" informant="INF030" reel="3b" region="7" narrative="_Q" label="Family" state="OK" sex="M " age="57" age_level="2" education="2" town="Roosevelt" county="Kiowa" land_regions="D" locality="R" date="1962" file_name="LAO(INF030)3b 07 Family.mp3" path_to_file="LAP\Projects\LAO\Speakers\LAO(INF030)\Audio\LAO(INF030)3b\LAO(INF030)3b 07 Family.mp3"/>
	<entry id="3060300302" project="LAO" informant="INF030" reel="3b" region="0" narrative="_I" label="Metadata" state="OK" sex="M " age="57" age_level="2" education="2" town="Roosevelt" county="Kiowa" land_regions="D" locality="R" date="1962" file_name="LAO(INF030)3bmeta.txt" path_to_file="LAP\Projects\LAO\Speakers\LAO(INF030)\Audio\LAO(INF030)3b\LAO(INF030)3bmeta.txt"/>
	<entry id="1060300315" project="LAO" informant="INF030" reel="3c" region="1" narrative="_Q" label="Names, Titles and Occupations" state="OK" sex="M " age="57" age_level="2" education="2" town="Roosevelt" county="Kiowa" land_regions="D" locality="R" date="1962" file_name="LAO(INF030)3c 01 Names, Titles and Occupations.mp3" path_to_file="LAP\Projects\LAO\Speakers\LAO(INF030)\Audio\LAO(INF030)3c\LAO(INF030)3c 01 Names, Titles and Occupations.mp3"/>
	<entry id="1060300316" project="LAO" informant="INF030" reel="3c" region="2" narrative="_Q" label="Body Parts" state="OK" sex="M " age="57" age_level="2" education="2" town="Roosevelt" county="Kiowa" land_regions="D" locality="R" date="1962" file_name="LAO(INF030)3c 02 Body Parts.mp3" path_to_file="LAP\Projects\LAO\Speakers\LAO(INF030)\Audio\LAO(INF030)3c\LAO(INF030)3c 02 Body Parts.mp3"/>
	<entry id="1060300317" project="LAO" informant="INF030" reel="3c" region="3" narrative="_Q" label="Personal Characteristics" state="OK" sex="M " age="57" age_level="2" education="2" town="Roosevelt" county="Kiowa" land_regions="D" locality="R" date="1962" file_name="LAO(INF030)3c 03 Personal Characteristics.mp3" path_to_file="LAP\Projects\LAO\Speakers\LAO(INF030)\Audio\LAO(INF030)3c\LAO(INF030)3c 03 Personal Characteristics.mp3"/>
	<entry id="1060300318" project="LAO" informant="INF030" reel="3c" region="4" narrative="_Q" label="Social Relations" state="OK" sex="M " age="57" age_level="2" education="2" town="Roosevelt" county="Kiowa" land_regions="D" locality="R" date="1962" file_name="LAO(INF030)3c 04 Social Relations.mp3" path_to_file="LAP\Projects\LAO\Speakers\LAO(INF030)\Audio\LAO(INF030)3c\LAO(INF030)3c 04 Social Relations.mp3"/>
	<entry id="1060300319" project="LAO" informant="INF030" reel="3c" region="5" narrative="_Q" label="Public Institutions" state="OK" sex="M " age="57" age_level="2" education="2" town="Roosevelt" county="Kiowa" land_regions="D" locality="R" date="1962" file_name="LAO(INF030)3c 05 Public Institutions.mp3" path_to_file="LAP\Projects\LAO\Speakers\LAO(INF030)\Audio\LAO(INF030)3c\LAO(INF030)3c 05 Public Institutions.mp3"/>
	<entry id="1060300320" project="LAO" informant="INF030" reel="3c" region="6" narrative="_Q" label="Geography" state="OK" sex="M " age="57" age_level="2" education="2" town="Roosevelt" county="Kiowa" land_regions="D" locality="R" date="1962" file_name="LAO(INF030)3c 06 Geography.mp3" path_to_file="LAP\Projects\LAO\Speakers\LAO(INF030)\Audio\LAO(INF030)3c\LAO(INF030)3c 06 Geography.mp3"/>
	<entry id="1060300321" project="LAO" informant="INF030" reel="3c" region="7" narrative="_Q" label="Religion" state="OK" sex="M " age="57" age_level="2" education="2" town="Roosevelt" county="Kiowa" land_regions="D" locality="R" date="1962" file_name="LAO(INF030)3c 07 Religion.mp3" path_to_file="LAP\Projects\LAO\Speakers\LAO(INF030)\Audio\LAO(INF030)3c\LAO(INF030)3c 07 Religion.mp3"/>
	<entry id="3060300303" project="LAO" informant="INF030" reel="3c" region="0" narrative="_I" label="Metadata" state="OK" sex="M " age="57" age_level="2" education="2" town="Roosevelt" county="Kiowa" land_regions="D" locality="R" date="1962" file_name="LAO(INF030)3cmeta.txt" path_to_file="LAP\Projects\LAO\Speakers\LAO(INF030)\Audio\LAO(INF030)3c\LAO(INF030)3cmeta.txt"/>
	<entry id="3060300001" project="LAO" informant="INF030" reel="0" region="0" narrative="_I" label="Biographical Information" state="OK" sex="M " age="57" age_level="2" education="2" town="Roosevelt" county="Kiowa" land_regions="D" locality="R" date="1962" file_name="LAO(INF030)BIO.txt" path_to_file="LAP\Projects\LAO\Speakers\LAO(INF030)\Text\LAO(INF030)BIO.txt"/>
</Audio>