<?xml version="1.0" encoding="UTF-8" standalone="yes"?>
<Audio>
	<entry id="1060350101" project="LAO" informant="INF035" reel="1a" region="1" narrative="_Q" label="Dwellings" state="OK" sex="M " age="47" age_level="2" education="4" town="Lawton" county="Comanche" land_regions="D" locality="U" date="1962" file_name="LAO(INF035)1a 01 Dwellings.mp3" path_to_file="LAP\Projects\LAO\Speakers\LAO(INF035)\Audio\LAO(INF035)1a\LAO(INF035)1a 01 Dwellings.mp3"/>
	<entry id="1060350102" project="LAO" informant="INF035" reel="1a" region="2" narrative="_Q" label="Dwellings" state="OK" sex="M " age="47" age_level="2" education="4" town="Lawton" county="Comanche" land_regions="D" locality="U" date="1962" file_name="LAO(INF035)1a 02 Dwellings.mp3" path_to_file="LAP\Projects\LAO\Speakers\LAO(INF035)\Audio\LAO(INF035)1a\LAO(INF035)1a 02 Dwellings.mp3"/>
	<entry id="1060350103" project="LAO" informant="INF035" reel="1a" region="3" narrative="_Q" label="Dwellings" state="OK" sex="M " age="47" age_level="2" education="4" town="Lawton" county="Comanche" land_regions="D" locality="U" date="1962" file_name="LAO(INF035)1a 03 Dwellings.mp3" path_to_file="LAP\Projects\LAO\Speakers\LAO(INF035)\Audio\LAO(INF035)1a\LAO(INF035)1a 03 Dwellings.mp3"/>
	<entry id="1060350104" project="LAO" informant="INF035" reel="1a" region="4" narrative="_Q" label="Dwellings" state="OK" sex="M " age="47" age_level="2" education="4" town="Lawton" county="Comanche" land_regions="D" locality="U" date="1962" file_name="LAO(INF035)1a 04 Dwellings.mp3" path_to_file="LAP\Projects\LAO\Speakers\LAO(INF035)\Audio\LAO(INF035)1a\LAO(INF035)1a 04 Dwellings.mp3"/>
	<entry id="1060350105" project="LAO" informant="INF035" reel="1a" region="5" narrative="_Q" label="Dwellings" state="OK" sex="M " age="47" age_level="2" education="4" town="Lawton" county="Comanche" land_regions="D" locality="U" date="1962" file_name="LAO(INF035)1a 05 Dwellings.mp3" path_to_file="LAP\Projects\LAO\Speakers\LAO(INF035)\Audio\LAO(INF035)1a\LAO(INF035)1a 05 Dwellings.mp3"/>
	<entry id="1060350106" project="LAO" informant="INF035" reel="1a" region="6" narrative="_Q" label="Dwellings" state="OK" sex="M " age="47" age_level="2" education="4" town="Lawton" county="Comanche" land_regions="D" locality="U" date="1962" file_name="LAO(INF035)1a 06 Dwellings.mp3" path_to_file="LAP\Projects\LAO\Speakers\LAO(INF035)\Audio\LAO(INF035)1a\LAO(INF035)1a 06 Dwellings.mp3"/>
	<entry id="1060350107" project="LAO" informant="INF035" reel="1a" region="7" narrative="_Q" label="Dwellings" state="OK" sex="M " age="47" age_level="2" education="4" town="Lawton" county="Comanche" land_regions="D" locality="U" date="1962" file_name="LAO(INF035)1a 07 Dwellings.mp3" path_to_file="LAP\Projects\LAO\Speakers\LAO(INF035)\Audio\LAO(INF035)1a\LAO(INF035)1a 07 Dwellings.mp3"/>
	<entry id="3060350101" project="LAO" informant="INF035" reel="1a" region="0" narrative="_I" label="Metadata" state="OK" sex="M " age="47" age_level="2" education="4" town="Lawton" county="Comanche" land_regions="D" locality="U" date="1962" file_name="LAO(INF035)1ameta.txt" path_to_file="LAP\Projects\LAO\Speakers\LAO(INF035)\Audio\LAO(INF035)1a\LAO(INF035)1ameta.txt"/>
	<entry id="1060350108" project="LAO" informant="INF035" reel="1b" region="1" narrative="_Q" label="Agriculture" state="OK" sex="M " age="47" age_level="2" education="4" town="Lawton" county="Comanche" land_regions="D" locality="U" date="1962" file_name="LAO(INF035)1b 01 Agriculture.mp3" path_to_file="LAP\Projects\LAO\Speakers\LAO(INF035)\Audio\LAO(INF035)1b\LAO(INF035)1b 01 Agriculture.mp3"/>
	<entry id="1060350109" project="LAO" informant="INF035" reel="1b" region="2" narrative="_Q" label="Domestic Animals" state="OK" sex="M " age="47" age_level="2" education="4" town="Lawton" county="Comanche" land_regions="D" locality="U" date="1962" file_name="LAO(INF035)1b 02 Domestic Animals.mp3" path_to_file="LAP\Projects\LAO\Speakers\LAO(INF035)\Audio\LAO(INF035)1b\LAO(INF035)1b 02 Domestic Animals.mp3"/>
	<entry id="1060350110" project="LAO" informant="INF035" reel="1b" region="3" narrative="_Q" label="Domestic Animals" state="OK" sex="M " age="47" age_level="2" education="4" town="Lawton" county="Comanche" land_regions="D" locality="U" date="1962" file_name="LAO(INF035)1b 03 Domestic Animals.mp3" path_to_file="LAP\Projects\LAO\Speakers\LAO(INF035)\Audio\LAO(INF035)1b\LAO(INF035)1b 03 Domestic Animals.mp3"/>
	<entry id="1060350111" project="LAO" informant="INF035" reel="1b" region="4" narrative="_Q" label="The Farm" state="OK" sex="M " age="47" age_level="2" education="4" town="Lawton" county="Comanche" land_regions="D" locality="U" date="1962" file_name="LAO(INF035)1b 04 The Farm.mp3" path_to_file="LAP\Projects\LAO\Speakers\LAO(INF035)\Audio\LAO(INF035)1b\LAO(INF035)1b 04 The Farm.mp3"/>
	<entry id="1060350112" project="LAO" informant="INF035" reel="1b" region="5" narrative="_Q" label="The Farm" state="OK" sex="M " age="47" age_level="2" education="4" town="Lawton" county="Comanche" land_regions="D" locality="U" date="1962" file_name="LAO(INF035)1b 05 The Farm.mp3" path_to_file="LAP\Projects\LAO\Speakers\LAO(INF035)\Audio\LAO(INF035)1b\LAO(INF035)1b 05 The Farm.mp3"/>
	<entry id="1060350113" project="LAO" informant="INF035" reel="1b" region="6" narrative="_Q" label="Containers and Utensils" state="OK" sex="M " age="47" age_level="2" education="4" town="Lawton" county="Comanche" land_regions="D" locality="U" date="1962" file_name="LAO(INF035)1b 06 Containers and Utensils.mp3" path_to_file="LAP\Projects\LAO\Speakers\LAO(INF035)\Audio\LAO(INF035)1b\LAO(INF035)1b 06 Containers and Utensils.mp3"/>
	<entry id="1060350114" project="LAO" informant="INF035" reel="1b" region="7" narrative="_Q" label="Containers and Utensils" state="OK" sex="M " age="47" age_level="2" education="4" town="Lawton" county="Comanche" land_regions="D" locality="U" date="1962" file_name="LAO(INF035)1b 07 Containers and Utensils.mp3" path_to_file="LAP\Projects\LAO\Speakers\LAO(INF035)\Audio\LAO(INF035)1b\LAO(INF035)1b 07 Containers and Utensils.mp3"/>
	<entry id="3060350102" project="LAO" informant="INF035" reel="1b" region="0" narrative="_I" label="Metadata" state="OK" sex="M " age="47" age_level="2" education="4" town="Lawton" county="Comanche" land_regions="D" locality="U" date="1962" file_name="LAO(INF035)1bmeta.txt" path_to_file="LAP\Projects\LAO\Speakers\LAO(INF035)\Audio\LAO(INF035)1b\LAO(INF035)1bmeta.txt"/>
	<entry id="1060350115" project="LAO" informant="INF035" reel="1c" region="1" narrative="_Q" label="Vehicles" state="OK" sex="M " age="47" age_level="2" education="4" town="Lawton" county="Comanche" land_regions="D" locality="U" date="1962" file_name="LAO(INF035)1c 01 Vehicles.mp3" path_to_file="LAP\Projects\LAO\Speakers\LAO(INF035)\Audio\LAO(INF035)1c\LAO(INF035)1c 01 Vehicles.mp3"/>
	<entry id="1060350116" project="LAO" informant="INF035" reel="1c" region="2" narrative="_Q" label="Containers and Utensils" state="OK" sex="M " age="47" age_level="2" education="4" town="Lawton" county="Comanche" land_regions="D" locality="U" date="1962" file_name="LAO(INF035)1c 02 Containers and Utensils.mp3" path_to_file="LAP\Projects\LAO\Speakers\LAO(INF035)\Audio\LAO(INF035)1c\LAO(INF035)1c 02 Containers and Utensils.mp3"/>
	<entry id="1060350117" project="LAO" informant="INF035" reel="1c" region="3" narrative="_Q" label="Agriculture" state="OK" sex="M " age="47" age_level="2" education="4" town="Lawton" county="Comanche" land_regions="D" locality="U" date="1962" file_name="LAO(INF035)1c 03 Agriculture.mp3" path_to_file="LAP\Projects\LAO\Speakers\LAO(INF035)\Audio\LAO(INF035)1c\LAO(INF035)1c 03 Agriculture.mp3"/>
	<entry id="1060350118" project="LAO" informant="INF035" reel="1c" region="4" narrative="_Q" label="Vehicles" state="OK" sex="M " age="47" age_level="2" education="4" town="Lawton" county="Comanche" land_regions="D" locality="U" date="1962" file_name="LAO(INF035)1c 04 Vehicles.mp3" path_to_file="LAP\Projects\LAO\Speakers\LAO(INF035)\Audio\LAO(INF035)1c\LAO(INF035)1c 04 Vehicles.mp3"/>
	<entry id="1060350119" project="LAO" informant="INF035" reel="1c" region="5" narrative="_Q" label="Vehicles" state="OK" sex="M " age="47" age_level="2" education="4" town="Lawton" county="Comanche" land_regions="D" locality="U" date="1962" file_name="LAO(INF035)1c 05 Vehicles.mp3" path_to_file="LAP\Projects\LAO\Speakers\LAO(INF035)\Audio\LAO(INF035)1c\LAO(INF035)1c 05 Vehicles.mp3"/>
	<entry id="1060350120" project="LAO" informant="INF035" reel="1c" region="6" narrative="_Q" label="Containers and Utensils" state="OK" sex="M " age="47" age_level="2" education="4" town="Lawton" county="Comanche" land_regions="D" locality="U" date="1962" file_name="LAO(INF035)1c 06 Containers and Utensils.mp3" path_to_file="LAP\Projects\LAO\Speakers\LAO(INF035)\Audio\LAO(INF035)1c\LAO(INF035)1c 06 Containers and Utensils.mp3"/>
	<entry id="1060350121" project="LAO" informant="INF035" reel="1c" region="7" narrative="_Q" label="Containers and Utensils" state="OK" sex="M " age="47" age_level="2" education="4" town="Lawton" county="Comanche" land_regions="D" locality="U" date="1962" file_name="LAO(INF035)1c 07 Containers and Utensils.mp3" path_to_file="LAP\Projects\LAO\Speakers\LAO(INF035)\Audio\LAO(INF035)1c\LAO(INF035)1c 07 Containers and Utensils.mp3"/>
	<entry id="3060350103" project="LAO" informant="INF035" reel="1c" region="0" narrative="_I" label="Metadata" state="OK" sex="M " age="47" age_level="2" education="4" town="Lawton" county="Comanche" land_regions="D" locality="U" date="1962" file_name="LAO(INF035)1cmeta.txt" path_to_file="LAP\Projects\LAO\Speakers\LAO(INF035)\Audio\LAO(INF035)1c\LAO(INF035)1cmeta.txt"/>
	<entry id="1060350201" project="LAO" informant="INF035" reel="2a" region="1" narrative="_Q" label="Clothing" state="OK" sex="M " age="47" age_level="2" education="4" town="Lawton" county="Comanche" land_regions="D" locality="U" date="1962" file_name="LAO(INF035)2a 01 Clothing.mp3" path_to_file="LAP\Projects\LAO\Speakers\LAO(INF035)\Audio\LAO(INF035)2a\LAO(INF035)2a 01 Clothing.mp3"/>
	<entry id="1060350202" project="LAO" informant="INF035" reel="2a" region="2" narrative="_Q" label="Clothing" state="OK" sex="M " age="47" age_level="2" education="4" town="Lawton" county="Comanche" land_regions="D" locality="U" date="1962" file_name="LAO(INF035)2a 02 Clothing.mp3" path_to_file="LAP\Projects\LAO\Speakers\LAO(INF035)\Audio\LAO(INF035)2a\LAO(INF035)2a 02 Clothing.mp3"/>
	<entry id="1060350203" project="LAO" informant="INF035" reel="2a" region="3" narrative="_Q" label="Topography" state="OK" sex="M " age="47" age_level="2" education="4" town="Lawton" county="Comanche" land_regions="D" locality="U" date="1962" file_name="LAO(INF035)2a 03 Topography.mp3" path_to_file="LAP\Projects\LAO\Speakers\LAO(INF035)\Audio\LAO(INF035)2a\LAO(INF035)2a 03 Topography.mp3"/>
	<entry id="1060350204" project="LAO" informant="INF035" reel="2a" region="4" narrative="_Q" label="The Farm" state="OK" sex="M " age="47" age_level="2" education="4" town="Lawton" county="Comanche" land_regions="D" locality="U" date="1962" file_name="LAO(INF035)2a 04 The Farm.mp3" path_to_file="LAP\Projects\LAO\Speakers\LAO(INF035)\Audio\LAO(INF035)2a\LAO(INF035)2a 04 The Farm.mp3"/>
	<entry id="1060350205" project="LAO" informant="INF035" reel="2a" region="5" narrative="_Q" label="Domestic Animals" state="OK" sex="M " age="47" age_level="2" education="4" town="Lawton" county="Comanche" land_regions="D" locality="U" date="1962" file_name="LAO(INF035)2a 05 Domestic Animals.mp3" path_to_file="LAP\Projects\LAO\Speakers\LAO(INF035)\Audio\LAO(INF035)2a\LAO(INF035)2a 05 Domestic Animals.mp3"/>
	<entry id="1060350206" project="LAO" informant="INF035" reel="2a" region="6" narrative="_Q" label="Domestic Animals" state="OK" sex="M " age="47" age_level="2" education="4" town="Lawton" county="Comanche" land_regions="D" locality="U" date="1962" file_name="LAO(INF035)2a 06 Domestic Animals.mp3" path_to_file="LAP\Projects\LAO\Speakers\LAO(INF035)\Audio\LAO(INF035)2a\LAO(INF035)2a 06 Domestic Animals.mp3"/>
	<entry id="1060350207" project="LAO" informant="INF035" reel="2a" region="7" narrative="_Q" label="Domestic Animals" state="OK" sex="M " age="47" age_level="2" education="4" town="Lawton" county="Comanche" land_regions="D" locality="U" date="1962" file_name="LAO(INF035)2a 07 Domestic Animals.mp3" path_to_file="LAP\Projects\LAO\Speakers\LAO(INF035)\Audio\LAO(INF035)2a\LAO(INF035)2a 07 Domestic Animals.mp3"/>
	<entry id="3060350201" project="LAO" informant="INF035" reel="2a" region="0" narrative="_I" label="Metadata" state="OK" sex="M " age="47" age_level="2" education="4" town="Lawton" county="Comanche" land_regions="D" locality="U" date="1962" file_name="LAO(INF035)2ameta.txt" path_to_file="LAP\Projects\LAO\Speakers\LAO(INF035)\Audio\LAO(INF035)2a\LAO(INF035)2ameta.txt"/>
	<entry id="1060350208" project="LAO" informant="INF035" reel="2b" region="1" narrative="_Q" label="Calls to Animals" state="OK" sex="M " age="47" age_level="2" education="4" town="Lawton" county="Comanche" land_regions="D" locality="U" date="1962" file_name="LAO(INF035)2b 01 Calls to Animals.mp3" path_to_file="LAP\Projects\LAO\Speakers\LAO(INF035)\Audio\LAO(INF035)2b\LAO(INF035)2b 01 Calls to Animals.mp3"/>
	<entry id="1060350209" project="LAO" informant="INF035" reel="2b" region="2" narrative="_Q" label="Agriculture" state="OK" sex="M " age="47" age_level="2" education="4" town="Lawton" county="Comanche" land_regions="D" locality="U" date="1962" file_name="LAO(INF035)2b 02 Agriculture.mp3" path_to_file="LAP\Projects\LAO\Speakers\LAO(INF035)\Audio\LAO(INF035)2b\LAO(INF035)2b 02 Agriculture.mp3"/>
	<entry id="1060350210" project="LAO" informant="INF035" reel="2b" region="3" narrative="_Q" label="Agriculture" state="OK" sex="M " age="47" age_level="2" education="4" town="Lawton" county="Comanche" land_regions="D" locality="U" date="1962" file_name="LAO(INF035)2b 03 Agriculture.mp3" path_to_file="LAP\Projects\LAO\Speakers\LAO(INF035)\Audio\LAO(INF035)2b\LAO(INF035)2b 03 Agriculture.mp3"/>
	<entry id="1060350211" project="LAO" informant="INF035" reel="2b" region="4" narrative="_Q" label="Pronouns" state="OK" sex="M " age="47" age_level="2" education="4" town="Lawton" county="Comanche" land_regions="D" locality="U" date="1962" file_name="LAO(INF035)2b 04 Pronouns.mp3" path_to_file="LAP\Projects\LAO\Speakers\LAO(INF035)\Audio\LAO(INF035)2b\LAO(INF035)2b 04 Pronouns.mp3"/>
	<entry id="1060350212" project="LAO" informant="INF035" reel="2b" region="5" narrative="_Q" label="Food and Cooking" state="OK" sex="M " age="47" age_level="2" education="4" town="Lawton" county="Comanche" land_regions="D" locality="U" date="1962" file_name="LAO(INF035)2b 05 Food and Cooking.mp3" path_to_file="LAP\Projects\LAO\Speakers\LAO(INF035)\Audio\LAO(INF035)2b\LAO(INF035)2b 05 Food and Cooking.mp3"/>
	<entry id="1060350213" project="LAO" informant="INF035" reel="2b" region="6" narrative="_Q" label="Food and Cooking" state="OK" sex="M " age="47" age_level="2" education="4" town="Lawton" county="Comanche" land_regions="D" locality="U" date="1962" file_name="LAO(INF035)2b 06 Food and Cooking.mp3" path_to_file="LAP\Projects\LAO\Speakers\LAO(INF035)\Audio\LAO(INF035)2b\LAO(INF035)2b 06 Food and Cooking.mp3"/>
	<entry id="1060350214" project="LAO" informant="INF035" reel="2b" region="7" narrative="_Q" label="Food and Cooking" state="OK" sex="M " age="47" age_level="2" education="4" town="Lawton" county="Comanche" land_regions="D" locality="U" date="1962" file_name="LAO(INF035)2b 07 Food and Cooking.mp3" path_to_file="LAP\Projects\LAO\Speakers\LAO(INF035)\Audio\LAO(INF035)2b\LAO(INF035)2b 07 Food and Cooking.mp3"/>
	<entry id="3060350202" project="LAO" informant="INF035" reel="2b" region="0" narrative="_I" label="Metadata" state="OK" sex="M " age="47" age_level="2" education="4" town="Lawton" county="Comanche" land_regions="D" locality="U" date="1962" file_name="LAO(INF035)2bmeta.txt" path_to_file="LAP\Projects\LAO\Speakers\LAO(INF035)\Audio\LAO(INF035)2b\LAO(INF035)2bmeta.txt"/>
	<entry id="1060350215" project="LAO" informant="INF035" reel="2c" region="1" narrative="_Q" label="Vegetables" state="OK" sex="M " age="47" age_level="2" education="4" town="Lawton" county="Comanche" land_regions="D" locality="U" date="1962" file_name="LAO(INF035)2c 01 Vegetables.mp3" path_to_file="LAP\Projects\LAO\Speakers\LAO(INF035)\Audio\LAO(INF035)2c\LAO(INF035)2c 01 Vegetables.mp3"/>
	<entry id="1060350216" project="LAO" informant="INF035" reel="2c" region="2" narrative="_Q" label="Vegetables" state="OK" sex="M " age="47" age_level="2" education="4" town="Lawton" county="Comanche" land_regions="D" locality="U" date="1962" file_name="LAO(INF035)2c 02 Vegetables.mp3" path_to_file="LAP\Projects\LAO\Speakers\LAO(INF035)\Audio\LAO(INF035)2c\LAO(INF035)2c 02 Vegetables.mp3"/>
	<entry id="1060350217" project="LAO" informant="INF035" reel="2c" region="3" narrative="_Q" label="Vegetables" state="OK" sex="M " age="47" age_level="2" education="4" town="Lawton" county="Comanche" land_regions="D" locality="U" date="1962" file_name="LAO(INF035)2c 03 Vegetables.mp3" path_to_file="LAP\Projects\LAO\Speakers\LAO(INF035)\Audio\LAO(INF035)2c\LAO(INF035)2c 03 Vegetables.mp3"/>
	<entry id="1060350218" project="LAO" informant="INF035" reel="2c" region="4" narrative="_Q" label="Wild Animals" state="OK" sex="M " age="47" age_level="2" education="4" town="Lawton" county="Comanche" land_regions="D" locality="U" date="1962" file_name="LAO(INF035)2c 04 Wild Animals.mp3" path_to_file="LAP\Projects\LAO\Speakers\LAO(INF035)\Audio\LAO(INF035)2c\LAO(INF035)2c 04 Wild Animals.mp3"/>
	<entry id="1060350219" project="LAO" informant="INF035" reel="2c" region="5" narrative="_Q" label="Wild Animals" state="OK" sex="M " age="47" age_level="2" education="4" town="Lawton" county="Comanche" land_regions="D" locality="U" date="1962" file_name="LAO(INF035)2c 05 Wild Animals.mp3" path_to_file="LAP\Projects\LAO\Speakers\LAO(INF035)\Audio\LAO(INF035)2c\LAO(INF035)2c 05 Wild Animals.mp3"/>
	<entry id="1060350220" project="LAO" informant="INF035" reel="2c" region="6" narrative="_Q" label="Vehicles" state="OK" sex="M " age="47" age_level="2" education="4" town="Lawton" county="Comanche" land_regions="D" locality="U" date="1962" file_name="LAO(INF035)2c 06 Vehicles.mp3" path_to_file="LAP\Projects\LAO\Speakers\LAO(INF035)\Audio\LAO(INF035)2c\LAO(INF035)2c 06 Vehicles.mp3"/>
	<entry id="1060350221" project="LAO" informant="INF035" reel="2c" region="7" narrative="_Q" label="Wild Animals" state="OK" sex="M " age="47" age_level="2" education="4" town="Lawton" county="Comanche" land_regions="D" locality="U" date="1962" file_name="LAO(INF035)2c 07 Wild Animals.mp3" path_to_file="LAP\Projects\LAO\Speakers\LAO(INF035)\Audio\LAO(INF035)2c\LAO(INF035)2c 07 Wild Animals.mp3"/>
	<entry id="3060350203" project="LAO" informant="INF035" reel="2c" region="0" narrative="_I" label="Metadata" state="OK" sex="M " age="47" age_level="2" education="4" town="Lawton" county="Comanche" land_regions="D" locality="U" date="1962" file_name="LAO(INF035)2cmeta.txt" path_to_file="LAP\Projects\LAO\Speakers\LAO(INF035)\Audio\LAO(INF035)2c\LAO(INF035)2cmeta.txt"/>
	<entry id="1060350301" project="LAO" informant="INF035" reel="3a" region="1" narrative="_Q" label="Weather" state="OK" sex="M " age="47" age_level="2" education="4" town="Lawton" county="Comanche" land_regions="D" locality="U" date="1962" file_name="LAO(INF035)3a 01 Weather.mp3" path_to_file="LAP\Projects\LAO\Speakers\LAO(INF035)\Audio\LAO(INF035)3a\LAO(INF035)3a 01 Weather.mp3"/>
	<entry id="1060350302" project="LAO" informant="INF035" reel="3a" region="2" narrative="_Q" label="Verbs_ Be, Have, Do" state="OK" sex="M " age="47" age_level="2" education="4" town="Lawton" county="Comanche" land_regions="D" locality="U" date="1962" file_name="LAO(INF035)3a 02 Verbs_ Be, Have, Do.mp3" path_to_file="LAP\Projects\LAO\Speakers\LAO(INF035)\Audio\LAO(INF035)3a\LAO(INF035)3a 02 Verbs_ Be, Have, Do.mp3"/>
	<entry id="1060350303" project="LAO" informant="INF035" reel="3a" region="3" narrative="_Q" label="Clothing" state="OK" sex="M " age="47" age_level="2" education="4" town="Lawton" county="Comanche" land_regions="D" locality="U" date="1962" file_name="LAO(INF035)3a 03 Clothing.mp3" path_to_file="LAP\Projects\LAO\Speakers\LAO(INF035)\Audio\LAO(INF035)3a\LAO(INF035)3a 03 Clothing.mp3"/>
	<entry id="1060350304" project="LAO" informant="INF035" reel="3a" region="4" narrative="_N" label="Domestic Animals" state="OK" sex="M " age="47" age_level="2" education="4" town="Lawton" county="Comanche" land_regions="D" locality="U" date="1962" file_name="LAO(INF035)3a 04 Domestic Animals_N.mp3" path_to_file="LAP\Projects\LAO\Speakers\LAO(INF035)\Audio\LAO(INF035)3a\LAO(INF035)3a 04 Domestic Animals_N.mp3"/>
	<entry id="1060350305" project="LAO" informant="INF035" reel="3a" region="5" narrative="_Q" label="Food and Cooking" state="OK" sex="M " age="47" age_level="2" education="4" town="Lawton" county="Comanche" land_regions="D" locality="U" date="1962" file_name="LAO(INF035)3a 05 Food and Cooking.mp3" path_to_file="LAP\Projects\LAO\Speakers\LAO(INF035)\Audio\LAO(INF035)3a\LAO(INF035)3a 05 Food and Cooking.mp3"/>
	<entry id="1060350306" project="LAO" informant="INF035" reel="3a" region="6" narrative="_Q" label="Social Relations" state="OK" sex="M " age="47" age_level="2" education="4" town="Lawton" county="Comanche" land_regions="D" locality="U" date="1962" file_name="LAO(INF035)3a 06 Social Relations.mp3" path_to_file="LAP\Projects\LAO\Speakers\LAO(INF035)\Audio\LAO(INF035)3a\LAO(INF035)3a 06 Social Relations.mp3"/>
	<entry id="1060350307" project="LAO" informant="INF035" reel="3a" region="7" narrative="_Q" label="Geography" state="OK" sex="M " age="47" age_level="2" education="4" town="Lawton" county="Comanche" land_regions="D" locality="U" date="1962" file_name="LAO(INF035)3a 07 Geography.mp3" path_to_file="LAP\Projects\LAO\Speakers\LAO(INF035)\Audio\LAO(INF035)3a\LAO(INF035)3a 07 Geography.mp3"/>
	<entry id="3060350301" project="LAO" informant="INF035" reel="3a" region="0" narrative="_I" label="Metadata" state="OK" sex="M " age="47" age_level="2" education="4" town="Lawton" county="Comanche" land_regions="D" locality="U" date="1962" file_name="LAO(INF035)3ameta.txt" path_to_file="LAP\Projects\LAO\Speakers\LAO(INF035)\Audio\LAO(INF035)3a\LAO(INF035)3ameta.txt"/>
	<entry id="1060350308" project="LAO" informant="INF035" reel="3b" region="1" narrative="_Q" label="Names, Titles and Occupations" state="OK" sex="M " age="47" age_level="2" education="4" town="Lawton" county="Comanche" land_regions="D" locality="U" date="1962" file_name="LAO(INF035)3b 01 Names, Titles and Occupations.mp3" path_to_file="LAP\Projects\LAO\Speakers\LAO(INF035)\Audio\LAO(INF035)3b\LAO(INF035)3b 01 Names, Titles and Occupations.mp3"/>
	<entry id="1060350309" project="LAO" informant="INF035" reel="3b" region="2" narrative="_Q" label="Family" state="OK" sex="M " age="47" age_level="2" education="4" town="Lawton" county="Comanche" land_regions="D" locality="U" date="1962" file_name="LAO(INF035)3b 02 Family.mp3" path_to_file="LAP\Projects\LAO\Speakers\LAO(INF035)\Audio\LAO(INF035)3b\LAO(INF035)3b 02 Family.mp3"/>
	<entry id="1060350310" project="LAO" informant="INF035" reel="3b" region="3" narrative="_Q" label="Family" state="OK" sex="M " age="47" age_level="2" education="4" town="Lawton" county="Comanche" land_regions="D" locality="U" date="1962" file_name="LAO(INF035)3b 03 Family.mp3" path_to_file="LAP\Projects\LAO\Speakers\LAO(INF035)\Audio\LAO(INF035)3b\LAO(INF035)3b 03 Family.mp3"/>
	<entry id="1060350311" project="LAO" informant="INF035" reel="3b" region="4" narrative="_Q" label="Family" state="OK" sex="M " age="47" age_level="2" education="4" town="Lawton" county="Comanche" land_regions="D" locality="U" date="1962" file_name="LAO(INF035)3b 04 Family.mp3" path_to_file="LAP\Projects\LAO\Speakers\LAO(INF035)\Audio\LAO(INF035)3b\LAO(INF035)3b 04 Family.mp3"/>
	<entry id="3060350302" project="LAO" informant="INF035" reel="3b" region="0" narrative="_I" label="Metadata" state="OK" sex="M " age="47" age_level="2" education="4" town="Lawton" county="Comanche" land_regions="D" locality="U" date="1962" file_name="LAO(INF035)3bmeta.txt" path_to_file="LAP\Projects\LAO\Speakers\LAO(INF035)\Audio\LAO(INF035)3b\LAO(INF035)3bmeta.txt"/>
	<entry id="1060350401" project="LAO" informant="INF035" reel="4a" region="1" narrative="_Q" label="Public Institutions" state="OK" sex="M " age="47" age_level="2" education="4" town="Lawton" county="Comanche" land_regions="D" locality="U" date="1962" file_name="LAO(INF035)4a 01 Public Institutions.mp3" path_to_file="LAP\Projects\LAO\Speakers\LAO(INF035)\Audio\LAO(INF035)4a\LAO(INF035)4a 01 Public Institutions.mp3"/>
	<entry id="1060350402" project="LAO" informant="INF035" reel="4a" region="2" narrative="_N" label="Public Institutions" state="OK" sex="M " age="47" age_level="2" education="4" town="Lawton" county="Comanche" land_regions="D" locality="U" date="1962" file_name="LAO(INF035)4a 02 Public Institutions_N.mp3" path_to_file="LAP\Projects\LAO\Speakers\LAO(INF035)\Audio\LAO(INF035)4a\LAO(INF035)4a 02 Public Institutions_N.mp3"/>
	<entry id="1060350403" project="LAO" informant="INF035" reel="4a" region="3" narrative="_Q" label="Containers and Utensils" state="OK" sex="M " age="47" age_level="2" education="4" town="Lawton" county="Comanche" land_regions="D" locality="U" date="1962" file_name="LAO(INF035)4a 03 Containers and Utensils.mp3" path_to_file="LAP\Projects\LAO\Speakers\LAO(INF035)\Audio\LAO(INF035)4a\LAO(INF035)4a 03 Containers and Utensils.mp3"/>
	<entry id="1060350404" project="LAO" informant="INF035" reel="4a" region="4" narrative="_N" label="Dwellings" state="OK" sex="M " age="47" age_level="2" education="4" town="Lawton" county="Comanche" land_regions="D" locality="U" date="1962" file_name="LAO(INF035)4a 04 Dwellings_N.mp3" path_to_file="LAP\Projects\LAO\Speakers\LAO(INF035)\Audio\LAO(INF035)4a\LAO(INF035)4a 04 Dwellings_N.mp3"/>
	<entry id="1060350405" project="LAO" informant="INF035" reel="4a" region="5" narrative="_Q" label="Business" state="OK" sex="M " age="47" age_level="2" education="4" town="Lawton" county="Comanche" land_regions="D" locality="U" date="1962" file_name="LAO(INF035)4a 05 Business.mp3" path_to_file="LAP\Projects\LAO\Speakers\LAO(INF035)\Audio\LAO(INF035)4a\LAO(INF035)4a 05 Business.mp3"/>
	<entry id="1060350406" project="LAO" informant="INF035" reel="4a" region="6" narrative="_Q" label="Illness and Death" state="OK" sex="M " age="47" age_level="2" education="4" town="Lawton" county="Comanche" land_regions="D" locality="U" date="1962" file_name="LAO(INF035)4a 06 Illness and Death.mp3" path_to_file="LAP\Projects\LAO\Speakers\LAO(INF035)\Audio\LAO(INF035)4a\LAO(INF035)4a 06 Illness and Death.mp3"/>
	<entry id="1060350407" project="LAO" informant="INF035" reel="4a" region="7" narrative="_Q" label="Trees and Shrubs" state="OK" sex="M " age="47" age_level="2" education="4" town="Lawton" county="Comanche" land_regions="D" locality="U" date="1962" file_name="LAO(INF035)4a 07 Trees and Shrubs.mp3" path_to_file="LAP\Projects\LAO\Speakers\LAO(INF035)\Audio\LAO(INF035)4a\LAO(INF035)4a 07 Trees and Shrubs.mp3"/>
	<entry id="3060350401" project="LAO" informant="INF035" reel="4a" region="0" narrative="_I" label="Metadata" state="OK" sex="M " age="47" age_level="2" education="4" town="Lawton" county="Comanche" land_regions="D" locality="U" date="1962" file_name="LAO(INF035)4ameta.txt" path_to_file="LAP\Projects\LAO\Speakers\LAO(INF035)\Audio\LAO(INF035)4a\LAO(INF035)4ameta.txt"/>
	<entry id="1060350408" project="LAO" informant="INF035" reel="4b" region="1" narrative="_Q" label="Names, Titles and Occupations" state="OK" sex="M " age="47" age_level="2" education="4" town="Lawton" county="Comanche" land_regions="D" locality="U" date="1962" file_name="LAO(INF035)4b 01 Names, Titles and Occupations.mp3" path_to_file="LAP\Projects\LAO\Speakers\LAO(INF035)\Audio\LAO(INF035)4b\LAO(INF035)4b 01 Names, Titles and Occupations.mp3"/>
	<entry id="1060350409" project="LAO" informant="INF035" reel="4b" region="2" narrative="_Q" label="Names, Titles and Occupations" state="OK" sex="M " age="47" age_level="2" education="4" town="Lawton" county="Comanche" land_regions="D" locality="U" date="1962" file_name="LAO(INF035)4b 02 Names, Titles and Occupations.mp3" path_to_file="LAP\Projects\LAO\Speakers\LAO(INF035)\Audio\LAO(INF035)4b\LAO(INF035)4b 02 Names, Titles and Occupations.mp3"/>
	<entry id="1060350410" project="LAO" informant="INF035" reel="4b" region="3" narrative="_Q" label="Personal Characteristics" state="OK" sex="M " age="47" age_level="2" education="4" town="Lawton" county="Comanche" land_regions="D" locality="U" date="1962" file_name="LAO(INF035)4b 03 Personal Characteristics.mp3" path_to_file="LAP\Projects\LAO\Speakers\LAO(INF035)\Audio\LAO(INF035)4b\LAO(INF035)4b 03 Personal Characteristics.mp3"/>
	<entry id="1060350411" project="LAO" informant="INF035" reel="4b" region="4" narrative="_Q" label="Illness and Death" state="OK" sex="M " age="47" age_level="2" education="4" town="Lawton" county="Comanche" land_regions="D" locality="U" date="1962" file_name="LAO(INF035)4b 04 Illness and Death.mp3" path_to_file="LAP\Projects\LAO\Speakers\LAO(INF035)\Audio\LAO(INF035)4b\LAO(INF035)4b 04 Illness and Death.mp3"/>
	<entry id="1060350412" project="LAO" informant="INF035" reel="4b" region="5" narrative="_Q" label="Illness and Death" state="OK" sex="M " age="47" age_level="2" education="4" town="Lawton" county="Comanche" land_regions="D" locality="U" date="1962" file_name="LAO(INF035)4b 05 Illness and Death.mp3" path_to_file="LAP\Projects\LAO\Speakers\LAO(INF035)\Audio\LAO(INF035)4b\LAO(INF035)4b 05 Illness and Death.mp3"/>
	<entry id="1060350413" project="LAO" informant="INF035" reel="4b" region="6" narrative="_Q" label="Social Relations" state="OK" sex="M " age="47" age_level="2" education="4" town="Lawton" county="Comanche" land_regions="D" locality="U" date="1962" file_name="LAO(INF035)4b 06 Social Relations.mp3" path_to_file="LAP\Projects\LAO\Speakers\LAO(INF035)\Audio\LAO(INF035)4b\LAO(INF035)4b 06 Social Relations.mp3"/>
	<entry id="1060350414" project="LAO" informant="INF035" reel="4b" region="7" narrative="_Q" label="Public Institutions" state="OK" sex="M " age="47" age_level="2" education="4" town="Lawton" county="Comanche" land_regions="D" locality="U" date="1962" file_name="LAO(INF035)4b 07 Public Institutions.mp3" path_to_file="LAP\Projects\LAO\Speakers\LAO(INF035)\Audio\LAO(INF035)4b\LAO(INF035)4b 07 Public Institutions.mp3"/>
	<entry id="3060350402" project="LAO" informant="INF035" reel="4b" region="0" narrative="_I" label="Metadata" state="OK" sex="M " age="47" age_level="2" education="4" town="Lawton" county="Comanche" land_regions="D" locality="U" date="1962" file_name="LAO(INF035)4bmeta.txt" path_to_file="LAP\Projects\LAO\Speakers\LAO(INF035)\Audio\LAO(INF035)4b\LAO(INF035)4bmeta.txt"/>
	<entry id="1060350415" project="LAO" informant="INF035" reel="4c" region="1" narrative="_Q" label="Geography" state="OK" sex="M " age="47" age_level="2" education="4" town="Lawton" county="Comanche" land_regions="D" locality="U" date="1962" file_name="LAO(INF035)4c 01 Geography.mp3" path_to_file="LAP\Projects\LAO\Speakers\LAO(INF035)\Audio\LAO(INF035)4c\LAO(INF035)4c 01 Geography.mp3"/>
	<entry id="1060350416" project="LAO" informant="INF035" reel="4c" region="2" narrative="_Q" label="Geography" state="OK" sex="M " age="47" age_level="2" education="4" town="Lawton" county="Comanche" land_regions="D" locality="U" date="1962" file_name="LAO(INF035)4c 02 Geography.mp3" path_to_file="LAP\Projects\LAO\Speakers\LAO(INF035)\Audio\LAO(INF035)4c\LAO(INF035)4c 02 Geography.mp3"/>
	<entry id="1060350417" project="LAO" informant="INF035" reel="4c" region="3" narrative="_Q" label="Business" state="OK" sex="M " age="47" age_level="2" education="4" town="Lawton" county="Comanche" land_regions="D" locality="U" date="1962" file_name="LAO(INF035)4c 03 Business.mp3" path_to_file="LAP\Projects\LAO\Speakers\LAO(INF035)\Audio\LAO(INF035)4c\LAO(INF035)4c 03 Business.mp3"/>
	<entry id="1060350418" project="LAO" informant="INF035" reel="4c" region="4" narrative="_Q" label="Sport and Play" state="OK" sex="M " age="47" age_level="2" education="4" town="Lawton" county="Comanche" land_regions="D" locality="U" date="1962" file_name="LAO(INF035)4c 04 Sport and Play.mp3" path_to_file="LAP\Projects\LAO\Speakers\LAO(INF035)\Audio\LAO(INF035)4c\LAO(INF035)4c 04 Sport and Play.mp3"/>
	<entry id="1060350419" project="LAO" informant="INF035" reel="4c" region="5" narrative="_Q" label="Verbs_ Principal Parts" state="OK" sex="M " age="47" age_level="2" education="4" town="Lawton" county="Comanche" land_regions="D" locality="U" date="1962" file_name="LAO(INF035)4c 05 Verbs_ Principal Parts.mp3" path_to_file="LAP\Projects\LAO\Speakers\LAO(INF035)\Audio\LAO(INF035)4c\LAO(INF035)4c 05 Verbs_ Principal Parts.mp3"/>
	<entry id="1060350420" project="LAO" informant="INF035" reel="4c" region="6" narrative="_Q" label="Dwellings" state="OK" sex="M " age="47" age_level="2" education="4" town="Lawton" county="Comanche" land_regions="D" locality="U" date="1962" file_name="LAO(INF035)4c 06 Dwellings.mp3" path_to_file="LAP\Projects\LAO\Speakers\LAO(INF035)\Audio\LAO(INF035)4c\LAO(INF035)4c 06 Dwellings.mp3"/>
	<entry id="1060350421" project="LAO" informant="INF035" reel="4c" region="7" narrative="_Q" label="Time" state="OK" sex="M " age="47" age_level="2" education="4" town="Lawton" county="Comanche" land_regions="D" locality="U" date="1962" file_name="LAO(INF035)4c 07 Time.mp3" path_to_file="LAP\Projects\LAO\Speakers\LAO(INF035)\Audio\LAO(INF035)4c\LAO(INF035)4c 07 Time.mp3"/>
	<entry id="3060350403" project="LAO" informant="INF035" reel="4c" region="0" narrative="_I" label="Metadata" state="OK" sex="M " age="47" age_level="2" education="4" town="Lawton" county="Comanche" land_regions="D" locality="U" date="1962" file_name="LAO(INF035)4cmeta.txt" path_to_file="LAP\Projects\LAO\Speakers\LAO(INF035)\Audio\LAO(INF035)4c\LAO(INF035)4cmeta.txt"/>
	<entry id="3060350001" project="LAO" informant="INF035" reel="0" region="0" narrative="_I" label="Biographical Information" state="OK" sex="M " age="47" age_level="2" education="4" town="Lawton" county="Comanche" land_regions="D" locality="U" date="1962" file_name="LAO(INF035)BIO.txt" path_to_file="LAP\Projects\LAO\Speakers\LAO(INF035)\Text\LAO(INF035)BIO.txt"/>
</Audio>