 Volume in drive I is LAO All
 Volume Serial Number is BC83-BE02

 Directory of I:\LAO LAP Public\LAO(INF035)\Audio\LAO(INF035)2b\LAO(INF035)2bmp3

03/11/2011  11:41 AM    <DIR>          .
03/11/2011  11:41 AM    <DIR>          ..
03/02/2011  06:32 PM         4,299,648 LAO(INF035)2b 01 Calls to Animals.mp3
03/02/2011  06:32 PM         4,375,296 LAO(INF035)2b 02 Agriculture.mp3
03/02/2011  06:32 PM         4,381,824 LAO(INF035)2b 03 Agriculture.mp3
03/02/2011  06:32 PM         4,372,224 LAO(INF035)2b 04 Pronouns.mp3
03/02/2011  06:32 PM         4,265,856 LAO(INF035)2b 05 Food and Cooking.mp3
03/02/2011  06:32 PM         4,301,184 LAO(INF035)2b 06 Food and Cooking.mp3
03/02/2011  06:32 PM         5,527,296 LAO(INF035)2b 07 Food and Cooking.mp3
               7 File(s)     31,523,328 bytes
               2 Dir(s)  28,945,666,048 bytes free
