 Volume in drive I is LAO All
 Volume Serial Number is BC83-BE02

 Directory of I:\LAO LAP Public\LAO(INF035)\Audio\LAO(INF035)2a\LAO(INF035)2amp3

03/11/2011  11:40 AM    <DIR>          .
03/11/2011  11:40 AM    <DIR>          ..
03/02/2011  05:34 PM         4,371,072 LAO(INF035)2a 01 Clothing.mp3
03/02/2011  05:34 PM         4,294,656 LAO(INF035)2a 02 Clothing.mp3
03/02/2011  05:34 PM         4,318,464 LAO(INF035)2a 03 Topography.mp3
03/02/2011  05:34 PM         4,192,896 LAO(INF035)2a 04 The Farm.mp3
03/02/2011  05:34 PM         4,455,936 LAO(INF035)2a 05 Domestic Animals.mp3
03/02/2011  05:34 PM         4,332,288 LAO(INF035)2a 06 Domestic Animals.mp3
03/02/2011  05:35 PM         6,195,840 LAO(INF035)2a 07 Domestic Animals.mp3
               7 File(s)     32,161,152 bytes
               2 Dir(s)  28,945,666,048 bytes free
