 Volume in drive I is LAO All
 Volume Serial Number is BC83-BE02

 Directory of I:\LAO LAP Public\LAO(INF035)\Audio\LAO(INF035)1b\LAO(INF035)1bmp3

03/11/2011  11:39 AM    <DIR>          .
03/11/2011  11:39 AM    <DIR>          ..
03/02/2011  04:16 PM         4,332,672 LAO(INF035)1b 01 Agriculture.mp3
03/02/2011  04:16 PM         4,332,672 LAO(INF035)1b 02 Domestic Animals.mp3
03/02/2011  04:16 PM         4,293,888 LAO(INF035)1b 03 Domestic Animals.mp3
03/02/2011  04:16 PM         4,343,808 LAO(INF035)1b 04 The Farm.mp3
03/02/2011  04:16 PM         4,336,896 LAO(INF035)1b 05 The Farm.mp3
03/02/2011  04:16 PM         4,392,960 LAO(INF035)1b 06 Containers and Utensils.mp3
03/02/2011  04:16 PM         4,040,064 LAO(INF035)1b 07 Containers and Utensils.mp3
               7 File(s)     30,072,960 bytes
               2 Dir(s)  28,945,666,048 bytes free
