 Volume in drive I is LAO All
 Volume Serial Number is BC83-BE02

 Directory of I:\LAO LAP Public\LAO(INF035)\Audio\LAO(INF035)4a\LAO(INF035)4amp3

03/11/2011  11:44 AM    <DIR>          .
03/11/2011  11:44 AM    <DIR>          ..
03/07/2011  02:49 PM         4,374,912 LAO(INF035)1a 01 Public Institutions.mp3
03/07/2011  02:49 PM         4,290,432 LAO(INF035)1a 02 Public Institutions_N.mp3
03/07/2011  02:49 PM         4,384,128 LAO(INF035)1a 03 Containers and Utensils.mp3
03/07/2011  02:49 PM         4,265,856 LAO(INF035)1a 04 Dwellings_N.mp3
03/07/2011  02:49 PM         4,316,928 LAO(INF035)1a 05 Business.mp3
03/07/2011  02:49 PM         4,317,696 LAO(INF035)1a 06 Illness and Death.mp3
03/07/2011  02:49 PM         5,705,088 LAO(INF035)1a 07 Trees and Shrubs.mp3
               7 File(s)     31,655,040 bytes
               2 Dir(s)  28,945,666,048 bytes free
