 Volume in drive I is LAO All
 Volume Serial Number is BC83-BE02

 Directory of I:\LAO LAP Public\LAO(INF035)\Audio\LAO(INF035)4b\LAO(INF035)4bmp3

03/11/2011  11:45 AM    <DIR>          .
03/11/2011  11:45 AM    <DIR>          ..
03/07/2011  03:18 PM         4,392,960 LAO(INF035)4b 01 Names, Titles and Occupations.mp3
03/07/2011  03:18 PM         4,264,320 LAO(INF035)4b 02 Names, Titles and Occupations.mp3
03/07/2011  03:18 PM         4,327,296 LAO(INF035)4b 03 Personal Characteristics.mp3
03/07/2011  03:18 PM         4,325,376 LAO(INF035)4b 04 Illness and Death.mp3
03/07/2011  03:18 PM         4,350,720 LAO(INF035)4b 05 Illness and Death.mp3
03/07/2011  03:18 PM         4,397,568 LAO(INF035)4b 06 Social Relations.mp3
03/07/2011  03:18 PM         3,752,448 LAO(INF035)4b 07 Public Institutions.mp3
               7 File(s)     29,810,688 bytes
               2 Dir(s)  28,945,666,048 bytes free
