 Volume in drive I is LAO All
 Volume Serial Number is BC83-BE02

 Directory of I:\LAO LAP Public\LAO(INF035)\Audio\LAO(INF035)2c\LAO(INF035)2cmp3

03/11/2011  11:42 AM    <DIR>          .
03/11/2011  11:42 AM    <DIR>          ..
03/02/2011  07:07 PM         4,332,672 LAO(INF035)2c 01 Vegetables.mp3
03/02/2011  07:08 PM         4,387,968 LAO(INF035)2c 02 Vegetables.mp3
03/02/2011  07:08 PM         4,277,376 LAO(INF035)2c 03 Vegetables.mp3
03/02/2011  07:08 PM         4,427,136 LAO(INF035)2c 04 Wild Animals.mp3
03/02/2011  07:08 PM         4,257,024 LAO(INF035)2c 05 Wild Animals.mp3
03/02/2011  07:08 PM         4,334,976 LAO(INF035)2c 06 Vehicles.mp3
03/02/2011  07:08 PM         2,256,000 LAO(INF035)2c 07 Wild Animals.mp3
               7 File(s)     28,273,152 bytes
               2 Dir(s)  28,945,666,048 bytes free
