 Volume in drive I is LAO All
 Volume Serial Number is BC83-BE02

 Directory of I:\LAO LAP Public\LAO(INF035)\Audio\LAO(INF035)3a\LAO(INF035)3amp3

03/11/2011  11:43 AM    <DIR>          .
03/11/2011  11:43 AM    <DIR>          ..
03/02/2011  07:41 PM         4,378,368 LAO(INF035)3a 01 Weather.mp3
03/02/2011  07:41 PM         4,446,720 LAO(INF035)3a 02 Verbs_ Be, Have, Do.mp3
03/02/2011  07:41 PM         4,147,200 LAO(INF035)3a 03 Clothing.mp3
03/02/2011  07:41 PM         4,456,320 LAO(INF035)3a 04 Domestic Animals_N.mp3
03/02/2011  07:41 PM         4,188,672 LAO(INF035)3a 05 Food and Cooking.mp3
03/02/2011  07:41 PM         4,275,456 LAO(INF035)3a 06 Social Relations.mp3
03/02/2011  07:41 PM         2,961,792 LAO(INF035)3a 07 Geography.mp3
               7 File(s)     28,854,528 bytes
               2 Dir(s)  28,945,666,048 bytes free
