 Volume in drive I is LAO All
 Volume Serial Number is BC83-BE02

 Directory of I:\LAO LAP Public\LAO(INF035)\Audio\LAO(INF035)4c\LAO(INF035)4cmp3

03/11/2011  11:45 AM    <DIR>          .
03/11/2011  11:45 AM    <DIR>          ..
03/07/2011  03:53 PM         4,320,384 LAO(INF035)4c 01 Geography.mp3
03/07/2011  03:53 PM         4,399,488 LAO(INF035)4c 02 Geography.mp3
03/07/2011  03:53 PM         4,308,864 LAO(INF035)4c 03 Business.mp3
03/07/2011  03:53 PM         4,348,416 LAO(INF035)4c 04 Sport and Play.mp3
03/07/2011  03:53 PM         4,374,912 LAO(INF035)4c 05 Verbs_ Principal Parts.mp3
03/07/2011  03:53 PM         4,243,968 LAO(INF035)4c 06 Dwellings.mp3
03/07/2011  03:53 PM         4,250,880 LAO(INF035)4c 07 Time.mp3
               7 File(s)     30,246,912 bytes
               2 Dir(s)  28,945,666,048 bytes free
