 Volume in drive I is LAO All
 Volume Serial Number is BC83-BE02

 Directory of I:\LAO LAP Public\LAO(INF035)\Audio\LAO(INF035)3b\LAO(INF035)3bmp3

03/11/2011  11:43 AM    <DIR>          .
03/11/2011  11:43 AM    <DIR>          ..
03/07/2011  02:01 PM         4,358,784 LAO(INF035)3b 01 Names, Titles and Occupations.mp3
03/07/2011  02:01 PM         4,323,072 LAO(INF035)3b 02 Family.mp3
03/07/2011  02:01 PM         4,272,768 LAO(INF035)3b 03 Family.mp3
03/07/2011  02:01 PM         2,606,976 LAO(INF035)3b 04 Family.mp3
               4 File(s)     15,561,600 bytes
               2 Dir(s)  28,945,666,048 bytes free
