 Volume in drive I is LAO All
 Volume Serial Number is BC83-BE02

 Directory of I:\LAO LAP Public\LAO(INF035)\Audio\LAO(INF035)1c\LAO(INF035)1cmp3

03/11/2011  11:40 AM    <DIR>          .
03/11/2011  11:40 AM    <DIR>          ..
03/02/2011  04:59 PM         4,428,288 LAO(INF035)1c 01 Vehicles.mp3
03/02/2011  04:59 PM         4,460,928 LAO(INF035)1c 02 Containers and Utensils.mp3
03/02/2011  04:59 PM         4,118,400 LAO(INF035)1c 03 Agriculture.mp3
03/02/2011  04:59 PM         4,330,752 LAO(INF035)1c 04 Vehicles.mp3
03/02/2011  04:59 PM         4,362,240 LAO(INF035)1c 05 Vehicles.mp3
03/02/2011  04:59 PM         4,321,920 LAO(INF035)1c 06 Containers and Utensils.mp3
03/02/2011  04:59 PM         4,574,592 LAO(INF035)1c 07 Containers and Utensils.mp3
               7 File(s)     30,597,120 bytes
               2 Dir(s)  28,945,666,048 bytes free
