 Volume in drive I is LAO All
 Volume Serial Number is BC83-BE02

 Directory of I:\LAO LAP Public\LAO(INF035)\Audio\LAO(INF035)1a\LAO(INF035)1amp3

03/11/2011  11:38 AM    <DIR>          .
03/11/2011  11:38 AM    <DIR>          ..
03/02/2011  03:40 PM         4,347,264 LAO(INF035)1a 01 Dwellings.mp3
03/02/2011  03:40 PM         4,438,656 LAO(INF035)1a 02 Dwellings.mp3
03/02/2011  03:41 PM         4,212,480 LAO(INF035)1a 03 Dwellings.mp3
03/02/2011  03:41 PM         4,286,208 LAO(INF035)1a 04 Dwellings.mp3
03/02/2011  03:41 PM         4,384,128 LAO(INF035)1a 05 Dwellings.mp3
03/02/2011  03:41 PM         4,346,496 LAO(INF035)1a 06 Dwellings.mp3
03/02/2011  03:41 PM         5,315,712 LAO(INF035)1a 07 Dwellings.mp3
               7 File(s)     31,330,944 bytes
               2 Dir(s)  28,945,666,048 bytes free
